2026-05-08 10:02:09,503 | INFO | Starting WS bot. run_id=68d0e657-aff6-4d28-836d-fd8ca819d20c dry_run=False base_url=https://api.elections.kalshi.com/trade-api/v2 ws_url=wss://api.elections.kalshi.com/trade-api/ws/v2 series=KXBTC15M
2026-05-08 10:02:10,646 | INFO | Watching market KXBTC15M-26MAY081015-15 close_time=2026-05-08T14:15:00Z status=active strike=79599.34 run_id=68d0e657-aff6-4d28-836d-fd8ca819d20c
2026-05-08 10:02:10,648 | INFO | Heartbeat | watch=KXBTC15M-26MAY081015-15 yes_bid=None yes_ask=None no_bid=None no_ask=None book_ready=False position=False pending=False dry_run=False trust=cold run_id=68d0e657-aff6-4d28-836d-fd8ca819d20c
2026-05-08 10:02:10,806 | INFO | WS connected for KXBTC15M-26MAY081015-15
2026-05-08 10:02:10,851 | INFO | WS subscribed payload: {'type': 'subscribed', 'id': 1, 'msg': {'channel': 'ticker', 'sid': 1}}
2026-05-08 10:02:10,852 | INFO | WS subscribed payload: {'type': 'subscribed', 'id': 1, 'msg': {'channel': 'orderbook_delta', 'sid': 2}}
2026-05-08 10:02:10,852 | INFO | Orderbook snapshot ready for KXBTC15M-26MAY081015-15
2026-05-08 10:02:10,858 | INFO | Mushroom v28 BTC tick stream connected | source=coinbase url=wss://ws-feed.exchange.coinbase.com
2026-05-08 10:02:32,899 | INFO | Heartbeat | watch=KXBTC15M-26MAY081015-15 yes_bid=77 yes_ask=78 no_bid=22 no_ask=23 book_ready=True position=False pending=False dry_run=False trust=synced run_id=68d0e657-aff6-4d28-836d-fd8ca819d20c
2026-05-08 10:02:47,903 | INFO | Heartbeat | watch=KXBTC15M-26MAY081015-15 yes_bid=83 yes_ask=84 no_bid=16 no_ask=17 book_ready=True position=False pending=False dry_run=False trust=synced run_id=68d0e657-aff6-4d28-836d-fd8ca819d20c
2026-05-08 10:03:02,938 | INFO | Heartbeat | watch=KXBTC15M-26MAY081015-15 yes_bid=85 yes_ask=86 no_bid=14 no_ask=15 book_ready=True position=False pending=False dry_run=False trust=synced run_id=68d0e657-aff6-4d28-836d-fd8ca819d20c
2026-05-08 10:03:17,970 | INFO | Heartbeat | watch=KXBTC15M-26MAY081015-15 yes_bid=84 yes_ask=85 no_bid=15 no_ask=16 book_ready=True position=False pending=False dry_run=False trust=synced run_id=68d0e657-aff6-4d28-836d-fd8ca819d20c
2026-05-08 10:03:32,967 | INFO | Heartbeat | watch=KXBTC15M-26MAY081015-15 yes_bid=84 yes_ask=85 no_bid=15 no_ask=16 book_ready=True position=False pending=False dry_run=False trust=synced run_id=68d0e657-aff6-4d28-836d-fd8ca819d20c
2026-05-08 10:03:47,998 | INFO | Heartbeat | watch=KXBTC15M-26MAY081015-15 yes_bid=89 yes_ask=90 no_bid=10 no_ask=11 book_ready=True position=False pending=False dry_run=False trust=synced run_id=68d0e657-aff6-4d28-836d-fd8ca819d20c
2026-05-08 10:04:03,032 | INFO | Heartbeat | watch=KXBTC15M-26MAY081015-15 yes_bid=88 yes_ask=89 no_bid=11 no_ask=12 book_ready=True position=False pending=False dry_run=False trust=synced run_id=68d0e657-aff6-4d28-836d-fd8ca819d20c
2026-05-08 10:04:18,031 | INFO | Heartbeat | watch=KXBTC15M-26MAY081015-15 yes_bid=90 yes_ask=91 no_bid=9 no_ask=10 book_ready=True position=False pending=False dry_run=False trust=synced run_id=68d0e657-aff6-4d28-836d-fd8ca819d20c
2026-05-08 10:04:33,072 | INFO | Heartbeat | watch=KXBTC15M-26MAY081015-15 yes_bid=89 yes_ask=90 no_bid=10 no_ask=11 book_ready=True position=False pending=False dry_run=False trust=synced run_id=68d0e657-aff6-4d28-836d-fd8ca819d20c
2026-05-08 10:04:48,089 | INFO | Heartbeat | watch=KXBTC15M-26MAY081015-15 yes_bid=88 yes_ask=89 no_bid=11 no_ask=12 book_ready=True position=False pending=False dry_run=False trust=synced run_id=68d0e657-aff6-4d28-836d-fd8ca819d20c
2026-05-08 10:05:03,140 | INFO | Heartbeat | watch=KXBTC15M-26MAY081015-15 yes_bid=91 yes_ask=92 no_bid=8 no_ask=9 book_ready=True position=False pending=False dry_run=False trust=synced run_id=68d0e657-aff6-4d28-836d-fd8ca819d20c
2026-05-08 10:05:18,154 | INFO | Heartbeat | watch=KXBTC15M-26MAY081015-15 yes_bid=92 yes_ask=93 no_bid=7 no_ask=8 book_ready=True position=False pending=False dry_run=False trust=synced run_id=68d0e657-aff6-4d28-836d-fd8ca819d20c
2026-05-08 10:05:33,149 | INFO | Heartbeat | watch=KXBTC15M-26MAY081015-15 yes_bid=95 yes_ask=95 no_bid=5 no_ask=5 book_ready=True position=False pending=False dry_run=False trust=synced run_id=68d0e657-aff6-4d28-836d-fd8ca819d20c
2026-05-08 10:05:48,148 | INFO | Heartbeat | watch=KXBTC15M-26MAY081015-15 yes_bid=95 yes_ask=96 no_bid=4 no_ask=5 book_ready=True position=False pending=False dry_run=False trust=synced run_id=68d0e657-aff6-4d28-836d-fd8ca819d20c
2026-05-08 10:06:03,148 | INFO | Heartbeat | watch=KXBTC15M-26MAY081015-15 yes_bid=96 yes_ask=97 no_bid=3 no_ask=4 book_ready=True position=False pending=False dry_run=False trust=synced run_id=68d0e657-aff6-4d28-836d-fd8ca819d20c
2026-05-08 10:06:18,154 | INFO | Heartbeat | watch=KXBTC15M-26MAY081015-15 yes_bid=96 yes_ask=97 no_bid=3 no_ask=4 book_ready=True position=False pending=False dry_run=False trust=synced run_id=68d0e657-aff6-4d28-836d-fd8ca819d20c
2026-05-08 10:06:33,170 | INFO | Heartbeat | watch=KXBTC15M-26MAY081015-15 yes_bid=97 yes_ask=97 no_bid=3 no_ask=3 book_ready=True position=False pending=False dry_run=False trust=synced run_id=68d0e657-aff6-4d28-836d-fd8ca819d20c
2026-05-08 10:06:48,181 | INFO | Heartbeat | watch=KXBTC15M-26MAY081015-15 yes_bid=97 yes_ask=97 no_bid=3 no_ask=3 book_ready=True position=False pending=False dry_run=False trust=synced run_id=68d0e657-aff6-4d28-836d-fd8ca819d20c
2026-05-08 10:07:03,176 | INFO | Heartbeat | watch=KXBTC15M-26MAY081015-15 yes_bid=97 yes_ask=98 no_bid=2 no_ask=3 book_ready=True position=False pending=False dry_run=False trust=synced run_id=68d0e657-aff6-4d28-836d-fd8ca819d20c
2026-05-08 10:07:18,218 | INFO | Heartbeat | watch=KXBTC15M-26MAY081015-15 yes_bid=97 yes_ask=98 no_bid=2 no_ask=3 book_ready=True position=False pending=False dry_run=False trust=synced run_id=68d0e657-aff6-4d28-836d-fd8ca819d20c
2026-05-08 10:07:33,239 | INFO | Heartbeat | watch=KXBTC15M-26MAY081015-15 yes_bid=95 yes_ask=96 no_bid=4 no_ask=5 book_ready=True position=False pending=False dry_run=False trust=synced run_id=68d0e657-aff6-4d28-836d-fd8ca819d20c
2026-05-08 10:07:48,250 | INFO | Heartbeat | watch=KXBTC15M-26MAY081015-15 yes_bid=96 yes_ask=96 no_bid=4 no_ask=4 book_ready=True position=False pending=False dry_run=False trust=synced run_id=68d0e657-aff6-4d28-836d-fd8ca819d20c
2026-05-08 10:08:03,266 | INFO | Heartbeat | watch=KXBTC15M-26MAY081015-15 yes_bid=97 yes_ask=98 no_bid=2 no_ask=3 book_ready=True position=False pending=False dry_run=False trust=synced run_id=68d0e657-aff6-4d28-836d-fd8ca819d20c
2026-05-08 10:08:18,268 | INFO | Heartbeat | watch=KXBTC15M-26MAY081015-15 yes_bid=97 yes_ask=98 no_bid=2 no_ask=3 book_ready=True position=False pending=False dry_run=False trust=synced run_id=68d0e657-aff6-4d28-836d-fd8ca819d20c
2026-05-08 10:08:33,291 | INFO | Heartbeat | watch=KXBTC15M-26MAY081015-15 yes_bid=98 yes_ask=98 no_bid=2 no_ask=2 book_ready=True position=False pending=False dry_run=False trust=synced run_id=68d0e657-aff6-4d28-836d-fd8ca819d20c
2026-05-08 10:08:48,298 | INFO | Heartbeat | watch=KXBTC15M-26MAY081015-15 yes_bid=97 yes_ask=98 no_bid=2 no_ask=3 book_ready=True position=False pending=False dry_run=False trust=synced run_id=68d0e657-aff6-4d28-836d-fd8ca819d20c
2026-05-08 10:09:03,309 | INFO | Heartbeat | watch=KXBTC15M-26MAY081015-15 yes_bid=98 yes_ask=98 no_bid=2 no_ask=2 book_ready=True position=False pending=False dry_run=False trust=synced run_id=68d0e657-aff6-4d28-836d-fd8ca819d20c
2026-05-08 10:09:18,339 | INFO | Heartbeat | watch=KXBTC15M-26MAY081015-15 yes_bid=97 yes_ask=98 no_bid=2 no_ask=3 book_ready=True position=False pending=False dry_run=False trust=synced run_id=68d0e657-aff6-4d28-836d-fd8ca819d20c
2026-05-08 10:09:33,331 | INFO | Heartbeat | watch=KXBTC15M-26MAY081015-15 yes_bid=98 yes_ask=98 no_bid=2 no_ask=2 book_ready=True position=False pending=False dry_run=False trust=synced run_id=68d0e657-aff6-4d28-836d-fd8ca819d20c
2026-05-08 10:09:48,365 | INFO | Heartbeat | watch=KXBTC15M-26MAY081015-15 yes_bid=98 yes_ask=99 no_bid=1 no_ask=2 book_ready=True position=False pending=False dry_run=False trust=synced run_id=68d0e657-aff6-4d28-836d-fd8ca819d20c
2026-05-08 10:10:03,405 | INFO | Heartbeat | watch=KXBTC15M-26MAY081015-15 yes_bid=99 yes_ask=99 no_bid=1 no_ask=1 book_ready=True position=False pending=False dry_run=False trust=synced run_id=68d0e657-aff6-4d28-836d-fd8ca819d20c
2026-05-08 10:10:18,410 | INFO | Heartbeat | watch=KXBTC15M-26MAY081015-15 yes_bid=99 yes_ask=100 no_bid=0 no_ask=1 book_ready=True position=False pending=False dry_run=False trust=synced run_id=68d0e657-aff6-4d28-836d-fd8ca819d20c
2026-05-08 10:10:33,411 | INFO | Heartbeat | watch=KXBTC15M-26MAY081015-15 yes_bid=100 yes_ask=100 no_bid=0 no_ask=0 book_ready=True position=False pending=False dry_run=False trust=synced run_id=68d0e657-aff6-4d28-836d-fd8ca819d20c
2026-05-08 10:10:48,429 | INFO | Heartbeat | watch=KXBTC15M-26MAY081015-15 yes_bid=100 yes_ask=100 no_bid=0 no_ask=0 book_ready=True position=False pending=False dry_run=False trust=synced run_id=68d0e657-aff6-4d28-836d-fd8ca819d20c
2026-05-08 10:11:03,438 | INFO | Heartbeat | watch=KXBTC15M-26MAY081015-15 yes_bid=99 yes_ask=100 no_bid=0 no_ask=1 book_ready=True position=False pending=False dry_run=False trust=synced run_id=68d0e657-aff6-4d28-836d-fd8ca819d20c
2026-05-08 10:11:18,479 | INFO | Heartbeat | watch=KXBTC15M-26MAY081015-15 yes_bid=99 yes_ask=99 no_bid=1 no_ask=1 book_ready=True position=False pending=False dry_run=False trust=synced run_id=68d0e657-aff6-4d28-836d-fd8ca819d20c
2026-05-08 10:11:33,565 | INFO | Heartbeat | watch=KXBTC15M-26MAY081015-15 yes_bid=99 yes_ask=99 no_bid=1 no_ask=1 book_ready=True position=False pending=False dry_run=False trust=synced run_id=68d0e657-aff6-4d28-836d-fd8ca819d20c
2026-05-08 10:11:48,607 | INFO | Heartbeat | watch=KXBTC15M-26MAY081015-15 yes_bid=99 yes_ask=99 no_bid=1 no_ask=1 book_ready=True position=False pending=False dry_run=False trust=synced run_id=68d0e657-aff6-4d28-836d-fd8ca819d20c
2026-05-08 10:12:03,617 | INFO | Heartbeat | watch=KXBTC15M-26MAY081015-15 yes_bid=100 yes_ask=100 no_bid=0 no_ask=0 book_ready=True position=False pending=False dry_run=False trust=synced run_id=68d0e657-aff6-4d28-836d-fd8ca819d20c
2026-05-08 10:12:18,629 | INFO | Heartbeat | watch=KXBTC15M-26MAY081015-15 yes_bid=100 yes_ask=100 no_bid=0 no_ask=0 book_ready=True position=False pending=False dry_run=False trust=synced run_id=68d0e657-aff6-4d28-836d-fd8ca819d20c
2026-05-08 10:12:33,620 | INFO | Heartbeat | watch=KXBTC15M-26MAY081015-15 yes_bid=100 yes_ask=100 no_bid=0 no_ask=0 book_ready=True position=False pending=False dry_run=False trust=synced run_id=68d0e657-aff6-4d28-836d-fd8ca819d20c
2026-05-08 10:12:48,638 | INFO | Heartbeat | watch=KXBTC15M-26MAY081015-15 yes_bid=100 yes_ask=100 no_bid=0 no_ask=0 book_ready=True position=False pending=False dry_run=False trust=synced run_id=68d0e657-aff6-4d28-836d-fd8ca819d20c
2026-05-08 10:13:03,683 | INFO | Heartbeat | watch=KXBTC15M-26MAY081015-15 yes_bid=100 yes_ask=100 no_bid=0 no_ask=0 book_ready=True position=False pending=False dry_run=False trust=synced run_id=68d0e657-aff6-4d28-836d-fd8ca819d20c
2026-05-08 10:13:18,718 | INFO | Heartbeat | watch=KXBTC15M-26MAY081015-15 yes_bid=100 yes_ask=100 no_bid=0 no_ask=0 book_ready=True position=False pending=False dry_run=False trust=synced run_id=68d0e657-aff6-4d28-836d-fd8ca819d20c
2026-05-08 10:13:33,729 | INFO | Heartbeat | watch=KXBTC15M-26MAY081015-15 yes_bid=100 yes_ask=100 no_bid=0 no_ask=0 book_ready=True position=False pending=False dry_run=False trust=synced run_id=68d0e657-aff6-4d28-836d-fd8ca819d20c
2026-05-08 10:13:48,734 | INFO | Heartbeat | watch=KXBTC15M-26MAY081015-15 yes_bid=100 yes_ask=100 no_bid=0 no_ask=0 book_ready=True position=False pending=False dry_run=False trust=synced run_id=68d0e657-aff6-4d28-836d-fd8ca819d20c
2026-05-08 10:14:03,755 | INFO | Heartbeat | watch=KXBTC15M-26MAY081015-15 yes_bid=100 yes_ask=100 no_bid=0 no_ask=0 book_ready=True position=False pending=False dry_run=False trust=synced run_id=68d0e657-aff6-4d28-836d-fd8ca819d20c
2026-05-08 10:14:18,765 | INFO | Heartbeat | watch=KXBTC15M-26MAY081015-15 yes_bid=100 yes_ask=100 no_bid=0 no_ask=0 book_ready=True position=False pending=False dry_run=False trust=synced run_id=68d0e657-aff6-4d28-836d-fd8ca819d20c
2026-05-08 10:14:33,803 | INFO | Heartbeat | watch=KXBTC15M-26MAY081015-15 yes_bid=100 yes_ask=100 no_bid=0 no_ask=0 book_ready=True position=False pending=False dry_run=False trust=synced run_id=68d0e657-aff6-4d28-836d-fd8ca819d20c
2026-05-08 10:14:48,830 | INFO | Heartbeat | watch=KXBTC15M-26MAY081015-15 yes_bid=100 yes_ask=100 no_bid=0 no_ask=0 book_ready=True position=False pending=False dry_run=False trust=synced run_id=68d0e657-aff6-4d28-836d-fd8ca819d20c
2026-05-08 10:15:01,311 | WARNING | BTC market context refresh failed. error=HTTPSConnectionPool(host='data-api.binance.vision', port=443): Read timed out. (read timeout=5.0)
2026-05-08 10:15:03,818 | INFO | Heartbeat | watch=KXBTC15M-26MAY081015-15 yes_bid=0 yes_ask=100 no_bid=0 no_ask=100 book_ready=True position=False pending=False dry_run=False trust=synced run_id=68d0e657-aff6-4d28-836d-fd8ca819d20c
2026-05-08 10:15:06,035 | INFO | Orderbook snapshot ready for KXBTC15M-26MAY081015-15
2026-05-08 10:15:18,870 | INFO | Heartbeat | watch=KXBTC15M-26MAY081015-15 yes_bid=0 yes_ask=100 no_bid=0 no_ask=100 book_ready=True position=False pending=False dry_run=False trust=synced run_id=68d0e657-aff6-4d28-836d-fd8ca819d20c
2026-05-08 10:15:28,488 | WARNING | BTC market context refresh failed. error=HTTPSConnectionPool(host='data-api.binance.vision', port=443): Read timed out. (read timeout=5.0)
2026-05-08 10:15:32,152 | INFO | Watching market KXBTC15M-26MAY081030-30 close_time=2026-05-08T14:30:00Z status=active strike=79902.04 run_id=68d0e657-aff6-4d28-836d-fd8ca819d20c
2026-05-08 10:15:32,773 | INFO | WS connected for KXBTC15M-26MAY081030-30
2026-05-08 10:15:32,804 | INFO | WS subscribed payload: {'type': 'subscribed', 'id': 2, 'msg': {'channel': 'ticker', 'sid': 1}}
2026-05-08 10:15:32,806 | INFO | WS subscribed payload: {'type': 'subscribed', 'id': 2, 'msg': {'channel': 'orderbook_delta', 'sid': 2}}
2026-05-08 10:15:32,816 | INFO | Orderbook snapshot ready for KXBTC15M-26MAY081030-30
2026-05-08 10:15:33,883 | INFO | Heartbeat | watch=KXBTC15M-26MAY081030-30 yes_bid=52 yes_ask=53 no_bid=47 no_ask=48 book_ready=True position=False pending=False dry_run=False trust=synced run_id=68d0e657-aff6-4d28-836d-fd8ca819d20c
2026-05-08 10:15:48,906 | INFO | Heartbeat | watch=KXBTC15M-26MAY081030-30 yes_bid=56 yes_ask=57 no_bid=43 no_ask=44 book_ready=True position=False pending=False dry_run=False trust=synced run_id=68d0e657-aff6-4d28-836d-fd8ca819d20c
2026-05-08 10:15:57,140 | WARNING | BTC market context refresh failed. error=HTTPSConnectionPool(host='data-api.binance.vision', port=443): Read timed out. (read timeout=5.0)
2026-05-08 10:16:03,901 | INFO | Heartbeat | watch=KXBTC15M-26MAY081030-30 yes_bid=61 yes_ask=62 no_bid=38 no_ask=39 book_ready=True position=False pending=False dry_run=False trust=synced run_id=68d0e657-aff6-4d28-836d-fd8ca819d20c
2026-05-08 10:16:18,895 | INFO | Heartbeat | watch=KXBTC15M-26MAY081030-30 yes_bid=72 yes_ask=73 no_bid=27 no_ask=28 book_ready=True position=False pending=False dry_run=False trust=synced run_id=68d0e657-aff6-4d28-836d-fd8ca819d20c
2026-05-08 10:16:27,189 | WARNING | BTC market context refresh failed. error=HTTPSConnectionPool(host='data-api.binance.vision', port=443): Max retries exceeded with url: /api/v3/klines?symbol=BTCUSDT&interval=5m&startTime=1778248562142&limit=8 (Caused by ConnectTimeoutError(<urllib3.connection.HTTPSConnection object at 0x000001BB021D04A0>, 'Connection to data-api.binance.vision timed out. (connect timeout=5.0)'))
2026-05-08 10:16:30,201 | INFO | Mushroom v28 entry approved | market=KXBTC15M-26MAY081030-30 side=yes ask=77c max_buy=80c qty=1 p_side=0.8515 edge=6.146c depth=50 btc_age_ms=0.0 secs_to_close=809.80
2026-05-08 10:16:30,236 | INFO | Execution state | market=KXBTC15M-26MAY081030-30 side=yes state=eligible reason=pre_filters_disabled trust=synced run_id=68d0e657-aff6-4d28-836d-fd8ca819d20c
2026-05-08 10:16:30,240 | INFO | Execution deferred | market=KXBTC15M-26MAY081030-30 side=yes reason=fast_fill_window_too_short trigger=77 top_of_book=77 book=[77:50, 78:282, 79:1302.94, 80:1452, 81:212] trust=synced
2026-05-08 10:16:30,242 | INFO | Execution state | market=KXBTC15M-26MAY081030-30 side=yes state=abandoned reason=fast_fill_window_too_short trust=synced run_id=68d0e657-aff6-4d28-836d-fd8ca819d20c
2026-05-08 10:16:30,250 | INFO | Mushroom v28 entry approved | market=KXBTC15M-26MAY081030-30 side=yes ask=78c max_buy=80c qty=1 p_side=0.8515 edge=5.146c depth=282 btc_age_ms=47.0 secs_to_close=809.75
2026-05-08 10:16:30,274 | INFO | Execution state | market=KXBTC15M-26MAY081030-30 side=yes state=eligible reason=pre_filters_disabled trust=synced run_id=68d0e657-aff6-4d28-836d-fd8ca819d20c
2026-05-08 10:16:30,274 | INFO | Execution deferred | market=KXBTC15M-26MAY081030-30 side=yes reason=fast_fill_window_too_short trigger=78 top_of_book=78 book=[78:282, 79:467.94, 80:2252, 81:212, 82:654] trust=synced
2026-05-08 10:16:30,274 | INFO | Execution state | market=KXBTC15M-26MAY081030-30 side=yes state=abandoned reason=fast_fill_window_too_short trust=synced run_id=68d0e657-aff6-4d28-836d-fd8ca819d20c
2026-05-08 10:16:30,283 | INFO | Mushroom v28 entry approved | market=KXBTC15M-26MAY081030-30 side=yes ask=78c max_buy=80c qty=1 p_side=0.8574 edge=5.740c depth=282 btc_age_ms=0.0 secs_to_close=809.72
2026-05-08 10:16:30,307 | INFO | Execution state | market=KXBTC15M-26MAY081030-30 side=yes state=eligible reason=pre_filters_disabled trust=synced run_id=68d0e657-aff6-4d28-836d-fd8ca819d20c
2026-05-08 10:16:30,307 | INFO | Execution deferred | market=KXBTC15M-26MAY081030-30 side=yes reason=fast_fill_window_too_short trigger=78 top_of_book=78 book=[78:282, 79:467.94, 80:2252, 81:212, 82:654] trust=synced
2026-05-08 10:16:30,307 | INFO | Execution state | market=KXBTC15M-26MAY081030-30 side=yes state=abandoned reason=fast_fill_window_too_short trust=synced run_id=68d0e657-aff6-4d28-836d-fd8ca819d20c
2026-05-08 10:16:30,312 | INFO | Mushroom v28 entry approved | market=KXBTC15M-26MAY081030-30 side=yes ask=78c max_buy=80c qty=1 p_side=0.8574 edge=5.740c depth=282 btc_age_ms=32.0 secs_to_close=809.69
2026-05-08 10:16:30,338 | INFO | Execution state | market=KXBTC15M-26MAY081030-30 side=yes state=eligible reason=pre_filters_disabled trust=synced run_id=68d0e657-aff6-4d28-836d-fd8ca819d20c
2026-05-08 10:16:30,340 | INFO | Execution deferred | market=KXBTC15M-26MAY081030-30 side=yes reason=fast_fill_window_too_short trigger=78 top_of_book=78 book=[78:282, 79:467.94, 80:2252, 81:212, 82:654] trust=synced
2026-05-08 10:16:30,340 | INFO | Execution state | market=KXBTC15M-26MAY081030-30 side=yes state=abandoned reason=fast_fill_window_too_short trust=synced run_id=68d0e657-aff6-4d28-836d-fd8ca819d20c
2026-05-08 10:16:30,347 | INFO | Mushroom v28 entry approved | market=KXBTC15M-26MAY081030-30 side=yes ask=78c max_buy=80c qty=1 p_side=0.8574 edge=5.740c depth=262 btc_age_ms=0.0 secs_to_close=809.65
2026-05-08 10:16:30,367 | INFO | Execution state | market=KXBTC15M-26MAY081030-30 side=yes state=eligible reason=pre_filters_disabled trust=synced run_id=68d0e657-aff6-4d28-836d-fd8ca819d20c
2026-05-08 10:16:30,367 | INFO | Execution deferred | market=KXBTC15M-26MAY081030-30 side=yes reason=fast_fill_window_too_short trigger=78 top_of_book=78 book=[78:262, 79:103.94, 80:2652, 81:172, 82:694] trust=synced
2026-05-08 10:16:30,369 | INFO | Execution state | market=KXBTC15M-26MAY081030-30 side=yes state=abandoned reason=fast_fill_window_too_short trust=synced run_id=68d0e657-aff6-4d28-836d-fd8ca819d20c
2026-05-08 10:16:30,373 | INFO | Mushroom v28 entry approved | market=KXBTC15M-26MAY081030-30 side=yes ask=78c max_buy=80c qty=1 p_side=0.8574 edge=5.740c depth=262 btc_age_ms=0.0 secs_to_close=809.63
2026-05-08 10:16:30,383 | INFO | Execution state | market=KXBTC15M-26MAY081030-30 side=yes state=eligible reason=pre_filters_disabled trust=synced run_id=68d0e657-aff6-4d28-836d-fd8ca819d20c
2026-05-08 10:16:30,389 | INFO | Live fill policy approved | market=KXBTC15M-26MAY081030-30 side=yes trigger=78c tif=immediate_or_cancel limit=78c depth=262.00 required=2 book_age_ms=562.0 secs_to_close=809.63 reason=single_shot_abundant_depth
2026-05-08 10:16:30,389 | INFO | ENTRY signal | market=KXBTC15M-26MAY081030-30 action=buy side=yes trigger=78c limit=78c qty=1 book_ready=True
2026-05-08 10:16:30,393 | INFO | Execution state | market=KXBTC15M-26MAY081030-30 side=yes state=submitting reason=single_shot_abundant_depth trust=synced run_id=68d0e657-aff6-4d28-836d-fd8ca819d20c
2026-05-08 10:16:30,451 | INFO | ENTRY immediate fill | market=KXBTC15M-26MAY081030-30 side=yes qty=1 limit=78c
2026-05-08 10:16:30,451 | INFO | Execution state | market=KXBTC15M-26MAY081030-30 side=yes state=filled reason=single_shot_abundant_depth trust=synced run_id=68d0e657-aff6-4d28-836d-fd8ca819d20c
2026-05-08 10:16:33,925 | INFO | Heartbeat | watch=KXBTC15M-26MAY081030-30 yes_bid=80 yes_ask=81 no_bid=19 no_ask=20 book_ready=True position=True pending=False dry_run=False trust=synced run_id=68d0e657-aff6-4d28-836d-fd8ca819d20c
2026-05-08 10:16:48,925 | INFO | Heartbeat | watch=KXBTC15M-26MAY081030-30 yes_bid=76 yes_ask=77 no_bid=23 no_ask=24 book_ready=True position=True pending=False dry_run=False trust=synced run_id=68d0e657-aff6-4d28-836d-fd8ca819d20c
2026-05-08 10:16:57,210 | WARNING | BTC market context refresh failed. error=HTTPSConnectionPool(host='data-api.binance.vision', port=443): Max retries exceeded with url: /api/v3/klines?symbol=BTCUSDT&interval=5m&startTime=1778248592180&limit=8 (Caused by ConnectTimeoutError(<urllib3.connection.HTTPSConnection object at 0x000001BB021D0A10>, 'Connection to data-api.binance.vision timed out. (connect timeout=5.0)'))
2026-05-08 10:17:03,970 | INFO | Heartbeat | watch=KXBTC15M-26MAY081030-30 yes_bid=79 yes_ask=80 no_bid=20 no_ask=21 book_ready=True position=True pending=False dry_run=False trust=synced run_id=68d0e657-aff6-4d28-836d-fd8ca819d20c
2026-05-08 10:17:19,005 | INFO | Heartbeat | watch=KXBTC15M-26MAY081030-30 yes_bid=77 yes_ask=78 no_bid=22 no_ask=23 book_ready=True position=True pending=False dry_run=False trust=synced run_id=68d0e657-aff6-4d28-836d-fd8ca819d20c
2026-05-08 10:17:27,257 | WARNING | BTC market context refresh failed. error=HTTPSConnectionPool(host='data-api.binance.vision', port=443): Max retries exceeded with url: /api/v3/klines?symbol=BTCUSDT&interval=5m&startTime=1778248622205&limit=8 (Caused by ConnectTimeoutError(<urllib3.connection.HTTPSConnection object at 0x000001BB021D1820>, 'Connection to data-api.binance.vision timed out. (connect timeout=5.0)'))
2026-05-08 10:17:34,050 | INFO | Heartbeat | watch=KXBTC15M-26MAY081030-30 yes_bid=79 yes_ask=80 no_bid=20 no_ask=21 book_ready=True position=True pending=False dry_run=False trust=synced run_id=68d0e657-aff6-4d28-836d-fd8ca819d20c
2026-05-08 10:17:49,084 | INFO | Heartbeat | watch=KXBTC15M-26MAY081030-30 yes_bid=79 yes_ask=80 no_bid=20 no_ask=21 book_ready=True position=True pending=False dry_run=False trust=synced run_id=68d0e657-aff6-4d28-836d-fd8ca819d20c
2026-05-08 10:17:57,298 | WARNING | BTC market context refresh failed. error=HTTPSConnectionPool(host='data-api.binance.vision', port=443): Max retries exceeded with url: /api/v3/klines?symbol=BTCUSDT&interval=5m&startTime=1778248652252&limit=8 (Caused by ConnectTimeoutError(<urllib3.connection.HTTPSConnection object at 0x000001BB0216DF70>, 'Connection to data-api.binance.vision timed out. (connect timeout=5.0)'))
2026-05-08 10:18:04,077 | INFO | Heartbeat | watch=KXBTC15M-26MAY081030-30 yes_bid=80 yes_ask=81 no_bid=19 no_ask=20 book_ready=True position=True pending=False dry_run=False trust=synced run_id=68d0e657-aff6-4d28-836d-fd8ca819d20c
2026-05-08 10:18:19,084 | INFO | Heartbeat | watch=KXBTC15M-26MAY081030-30 yes_bid=90 yes_ask=92 no_bid=8 no_ask=10 book_ready=True position=True pending=False dry_run=False trust=synced run_id=68d0e657-aff6-4d28-836d-fd8ca819d20c
2026-05-08 10:18:27,356 | WARNING | BTC market context refresh failed. error=HTTPSConnectionPool(host='data-api.binance.vision', port=443): Max retries exceeded with url: /api/v3/klines?symbol=BTCUSDT&interval=5m&startTime=1778248682298&limit=8 (Caused by ConnectTimeoutError(<urllib3.connection.HTTPSConnection object at 0x000001BB021E81D0>, 'Connection to data-api.binance.vision timed out. (connect timeout=5.0)'))
2026-05-08 10:18:34,077 | INFO | Heartbeat | watch=KXBTC15M-26MAY081030-30 yes_bid=96 yes_ask=97 no_bid=3 no_ask=4 book_ready=True position=True pending=False dry_run=False trust=synced run_id=68d0e657-aff6-4d28-836d-fd8ca819d20c
2026-05-08 10:18:49,103 | INFO | Heartbeat | watch=KXBTC15M-26MAY081030-30 yes_bid=96 yes_ask=97 no_bid=3 no_ask=4 book_ready=True position=True pending=False dry_run=False trust=synced run_id=68d0e657-aff6-4d28-836d-fd8ca819d20c
2026-05-08 10:18:57,392 | WARNING | BTC market context refresh failed. error=HTTPSConnectionPool(host='data-api.binance.vision', port=443): Max retries exceeded with url: /api/v3/klines?symbol=BTCUSDT&interval=5m&startTime=1778248712360&limit=8 (Caused by ConnectTimeoutError(<urllib3.connection.HTTPSConnection object at 0x000001BB021D2B40>, 'Connection to data-api.binance.vision timed out. (connect timeout=5.0)'))
2026-05-08 10:19:04,103 | INFO | Heartbeat | watch=KXBTC15M-26MAY081030-30 yes_bid=96 yes_ask=96 no_bid=4 no_ask=4 book_ready=True position=True pending=False dry_run=False trust=synced run_id=68d0e657-aff6-4d28-836d-fd8ca819d20c
2026-05-08 10:19:19,130 | INFO | Heartbeat | watch=KXBTC15M-26MAY081030-30 yes_bid=95 yes_ask=95 no_bid=5 no_ask=5 book_ready=True position=True pending=False dry_run=False trust=synced run_id=68d0e657-aff6-4d28-836d-fd8ca819d20c
2026-05-08 10:19:27,452 | WARNING | BTC market context refresh failed. error=HTTPSConnectionPool(host='data-api.binance.vision', port=443): Max retries exceeded with url: /api/v3/klines?symbol=BTCUSDT&interval=5m&startTime=1778248742376&limit=8 (Caused by ConnectTimeoutError(<urllib3.connection.HTTPSConnection object at 0x000001BB021D3C80>, 'Connection to data-api.binance.vision timed out. (connect timeout=5.0)'))
2026-05-08 10:19:34,124 | INFO | Heartbeat | watch=KXBTC15M-26MAY081030-30 yes_bid=93 yes_ask=94 no_bid=6 no_ask=7 book_ready=True position=True pending=False dry_run=False trust=synced run_id=68d0e657-aff6-4d28-836d-fd8ca819d20c
2026-05-08 10:19:49,175 | INFO | Heartbeat | watch=KXBTC15M-26MAY081030-30 yes_bid=95 yes_ask=96 no_bid=4 no_ask=5 book_ready=True position=True pending=False dry_run=False trust=synced run_id=68d0e657-aff6-4d28-836d-fd8ca819d20c
2026-05-08 10:19:57,500 | WARNING | BTC market context refresh failed. error=HTTPSConnectionPool(host='data-api.binance.vision', port=443): Max retries exceeded with url: /api/v3/klines?symbol=BTCUSDT&interval=5m&startTime=1778248772458&limit=8 (Caused by ConnectTimeoutError(<urllib3.connection.HTTPSConnection object at 0x000001BB021D04A0>, 'Connection to data-api.binance.vision timed out. (connect timeout=5.0)'))
2026-05-08 10:20:04,184 | INFO | Heartbeat | watch=KXBTC15M-26MAY081030-30 yes_bid=96 yes_ask=97 no_bid=3 no_ask=4 book_ready=True position=True pending=False dry_run=False trust=synced run_id=68d0e657-aff6-4d28-836d-fd8ca819d20c
2026-05-08 10:20:19,185 | INFO | Heartbeat | watch=KXBTC15M-26MAY081030-30 yes_bid=97 yes_ask=97 no_bid=3 no_ask=3 book_ready=True position=True pending=False dry_run=False trust=synced run_id=68d0e657-aff6-4d28-836d-fd8ca819d20c
2026-05-08 10:20:27,549 | WARNING | BTC market context refresh failed. error=HTTPSConnectionPool(host='data-api.binance.vision', port=443): Max retries exceeded with url: /api/v3/klines?symbol=BTCUSDT&interval=5m&startTime=1778248802501&limit=8 (Caused by ConnectTimeoutError(<urllib3.connection.HTTPSConnection object at 0x000001BB021D3620>, 'Connection to data-api.binance.vision timed out. (connect timeout=5.0)'))
2026-05-08 10:20:34,214 | INFO | Heartbeat | watch=KXBTC15M-26MAY081030-30 yes_bid=97 yes_ask=97 no_bid=3 no_ask=3 book_ready=True position=True pending=False dry_run=False trust=synced run_id=68d0e657-aff6-4d28-836d-fd8ca819d20c
2026-05-08 10:20:49,251 | INFO | Heartbeat | watch=KXBTC15M-26MAY081030-30 yes_bid=98 yes_ask=98 no_bid=2 no_ask=2 book_ready=True position=True pending=False dry_run=False trust=synced run_id=68d0e657-aff6-4d28-836d-fd8ca819d20c
2026-05-08 10:20:57,649 | WARNING | BTC market context refresh failed. error=HTTPSConnectionPool(host='data-api.binance.vision', port=443): Max retries exceeded with url: /api/v3/klines?symbol=BTCUSDT&interval=5m&startTime=1778248832564&limit=8 (Caused by ConnectTimeoutError(<urllib3.connection.HTTPSConnection object at 0x000001BB021E8E60>, 'Connection to data-api.binance.vision timed out. (connect timeout=5.0)'))
2026-05-08 10:21:04,262 | INFO | Heartbeat | watch=KXBTC15M-26MAY081030-30 yes_bid=98 yes_ask=98 no_bid=2 no_ask=2 book_ready=True position=True pending=False dry_run=False trust=synced run_id=68d0e657-aff6-4d28-836d-fd8ca819d20c
2026-05-08 10:21:19,289 | INFO | Heartbeat | watch=KXBTC15M-26MAY081030-30 yes_bid=98 yes_ask=98 no_bid=2 no_ask=2 book_ready=True position=True pending=False dry_run=False trust=synced run_id=68d0e657-aff6-4d28-836d-fd8ca819d20c
2026-05-08 10:21:27,714 | WARNING | BTC market context refresh failed. error=HTTPSConnectionPool(host='data-api.binance.vision', port=443): Max retries exceeded with url: /api/v3/klines?symbol=BTCUSDT&interval=5m&startTime=1778248862655&limit=8 (Caused by ConnectTimeoutError(<urllib3.connection.HTTPSConnection object at 0x000001BB021D3A70>, 'Connection to data-api.binance.vision timed out. (connect timeout=5.0)'))
2026-05-08 10:21:34,327 | INFO | Heartbeat | watch=KXBTC15M-26MAY081030-30 yes_bid=97 yes_ask=98 no_bid=2 no_ask=3 book_ready=True position=True pending=False dry_run=False trust=synced run_id=68d0e657-aff6-4d28-836d-fd8ca819d20c
2026-05-08 10:21:49,333 | INFO | Heartbeat | watch=KXBTC15M-26MAY081030-30 yes_bid=97 yes_ask=98 no_bid=2 no_ask=3 book_ready=True position=True pending=False dry_run=False trust=synced run_id=68d0e657-aff6-4d28-836d-fd8ca819d20c
2026-05-08 10:21:57,753 | WARNING | BTC market context refresh failed. error=HTTPSConnectionPool(host='data-api.binance.vision', port=443): Max retries exceeded with url: /api/v3/klines?symbol=BTCUSDT&interval=5m&startTime=1778248892702&limit=8 (Caused by ConnectTimeoutError(<urllib3.connection.HTTPSConnection object at 0x000001BB021D27E0>, 'Connection to data-api.binance.vision timed out. (connect timeout=5.0)'))
2026-05-08 10:22:04,335 | INFO | Heartbeat | watch=KXBTC15M-26MAY081030-30 yes_bid=98 yes_ask=98 no_bid=2 no_ask=2 book_ready=True position=True pending=False dry_run=False trust=synced run_id=68d0e657-aff6-4d28-836d-fd8ca819d20c
2026-05-08 10:22:19,343 | INFO | Heartbeat | watch=KXBTC15M-26MAY081030-30 yes_bid=98 yes_ask=98 no_bid=2 no_ask=2 book_ready=True position=True pending=False dry_run=False trust=synced run_id=68d0e657-aff6-4d28-836d-fd8ca819d20c
2026-05-08 10:22:20,012 | WARNING | BTC market context refresh failed. error=HTTPSConnectionPool(host='data-api.binance.vision', port=443): Read timed out. (read timeout=5.0)
2026-05-08 10:22:31,301 | WARNING | BTC market context refresh failed. error=HTTPSConnectionPool(host='data-api.binance.vision', port=443): Read timed out. (read timeout=5.0)
2026-05-08 10:22:34,379 | INFO | Heartbeat | watch=KXBTC15M-26MAY081030-30 yes_bid=97 yes_ask=97 no_bid=3 no_ask=3 book_ready=True position=True pending=False dry_run=False trust=synced run_id=68d0e657-aff6-4d28-836d-fd8ca819d20c
2026-05-08 10:22:42,806 | WARNING | BTC market context refresh failed. error=HTTPSConnectionPool(host='data-api.binance.vision', port=443): Read timed out. (read timeout=5.0)
2026-05-08 10:22:49,423 | INFO | Heartbeat | watch=KXBTC15M-26MAY081030-30 yes_bid=98 yes_ask=98 no_bid=2 no_ask=2 book_ready=True position=True pending=False dry_run=False trust=synced run_id=68d0e657-aff6-4d28-836d-fd8ca819d20c
2026-05-08 10:22:54,130 | WARNING | BTC market context refresh failed. error=HTTPSConnectionPool(host='data-api.binance.vision', port=443): Read timed out. (read timeout=5.0)
2026-05-08 10:23:04,481 | INFO | Heartbeat | watch=KXBTC15M-26MAY081030-30 yes_bid=96 yes_ask=97 no_bid=3 no_ask=4 book_ready=True position=True pending=False dry_run=False trust=synced run_id=68d0e657-aff6-4d28-836d-fd8ca819d20c
2026-05-08 10:23:19,491 | INFO | Heartbeat | watch=KXBTC15M-26MAY081030-30 yes_bid=96 yes_ask=97 no_bid=3 no_ask=4 book_ready=True position=True pending=False dry_run=False trust=synced run_id=68d0e657-aff6-4d28-836d-fd8ca819d20c
2026-05-08 10:23:23,939 | WARNING | BTC market context refresh failed. error=HTTPSConnectionPool(host='data-api.binance.vision', port=443): Read timed out. (read timeout=5.0)
2026-05-08 10:23:34,494 | INFO | Heartbeat | watch=KXBTC15M-26MAY081030-30 yes_bid=96 yes_ask=97 no_bid=3 no_ask=4 book_ready=True position=True pending=False dry_run=False trust=synced run_id=68d0e657-aff6-4d28-836d-fd8ca819d20c
2026-05-08 10:23:49,499 | INFO | Heartbeat | watch=KXBTC15M-26MAY081030-30 yes_bid=97 yes_ask=98 no_bid=2 no_ask=3 book_ready=True position=True pending=False dry_run=False trust=synced run_id=68d0e657-aff6-4d28-836d-fd8ca819d20c
2026-05-08 10:24:04,518 | INFO | Heartbeat | watch=KXBTC15M-26MAY081030-30 yes_bid=98 yes_ask=99 no_bid=1 no_ask=2 book_ready=True position=True pending=False dry_run=False trust=synced run_id=68d0e657-aff6-4d28-836d-fd8ca819d20c
2026-05-08 10:24:19,537 | INFO | Heartbeat | watch=KXBTC15M-26MAY081030-30 yes_bid=98 yes_ask=98 no_bid=2 no_ask=2 book_ready=True position=True pending=False dry_run=False trust=synced run_id=68d0e657-aff6-4d28-836d-fd8ca819d20c
2026-05-08 10:24:31,091 | WARNING | BTC market context refresh failed. error=HTTPSConnectionPool(host='data-api.binance.vision', port=443): Read timed out. (read timeout=5.0)
2026-05-08 10:24:34,546 | INFO | Heartbeat | watch=KXBTC15M-26MAY081030-30 yes_bid=99 yes_ask=99 no_bid=1 no_ask=1 book_ready=True position=True pending=False dry_run=False trust=synced run_id=68d0e657-aff6-4d28-836d-fd8ca819d20c
2026-05-08 10:24:42,583 | WARNING | BTC market context refresh failed. error=HTTPSConnectionPool(host='data-api.binance.vision', port=443): Read timed out. (read timeout=5.0)
2026-05-08 10:24:49,540 | INFO | Heartbeat | watch=KXBTC15M-26MAY081030-30 yes_bid=99 yes_ask=99 no_bid=1 no_ask=1 book_ready=True position=True pending=False dry_run=False trust=synced run_id=68d0e657-aff6-4d28-836d-fd8ca819d20c
2026-05-08 10:25:04,554 | INFO | Heartbeat | watch=KXBTC15M-26MAY081030-30 yes_bid=100 yes_ask=100 no_bid=0 no_ask=0 book_ready=True position=True pending=False dry_run=False trust=synced run_id=68d0e657-aff6-4d28-836d-fd8ca819d20c
2026-05-08 10:25:19,561 | INFO | Heartbeat | watch=KXBTC15M-26MAY081030-30 yes_bid=99 yes_ask=100 no_bid=0 no_ask=1 book_ready=True position=True pending=False dry_run=False trust=synced run_id=68d0e657-aff6-4d28-836d-fd8ca819d20c
2026-05-08 10:25:23,965 | WARNING | BTC market context refresh failed. error=HTTPSConnectionPool(host='data-api.binance.vision', port=443): Read timed out. (read timeout=5.0)
2026-05-08 10:25:34,555 | INFO | Heartbeat | watch=KXBTC15M-26MAY081030-30 yes_bid=99 yes_ask=100 no_bid=0 no_ask=1 book_ready=True position=True pending=False dry_run=False trust=synced run_id=68d0e657-aff6-4d28-836d-fd8ca819d20c
2026-05-08 10:25:49,593 | INFO | Heartbeat | watch=KXBTC15M-26MAY081030-30 yes_bid=99 yes_ask=100 no_bid=0 no_ask=1 book_ready=True position=True pending=False dry_run=False trust=synced run_id=68d0e657-aff6-4d28-836d-fd8ca819d20c
2026-05-08 10:26:04,622 | INFO | Heartbeat | watch=KXBTC15M-26MAY081030-30 yes_bid=100 yes_ask=100 no_bid=0 no_ask=0 book_ready=True position=True pending=False dry_run=False trust=synced run_id=68d0e657-aff6-4d28-836d-fd8ca819d20c
2026-05-08 10:26:19,627 | INFO | Heartbeat | watch=KXBTC15M-26MAY081030-30 yes_bid=99 yes_ask=100 no_bid=0 no_ask=1 book_ready=True position=True pending=False dry_run=False trust=synced run_id=68d0e657-aff6-4d28-836d-fd8ca819d20c
2026-05-08 10:26:34,620 | INFO | Heartbeat | watch=KXBTC15M-26MAY081030-30 yes_bid=100 yes_ask=100 no_bid=0 no_ask=0 book_ready=True position=True pending=False dry_run=False trust=synced run_id=68d0e657-aff6-4d28-836d-fd8ca819d20c
2026-05-08 10:26:49,630 | INFO | Heartbeat | watch=KXBTC15M-26MAY081030-30 yes_bid=99 yes_ask=100 no_bid=0 no_ask=1 book_ready=True position=True pending=False dry_run=False trust=synced run_id=68d0e657-aff6-4d28-836d-fd8ca819d20c
2026-05-08 10:27:04,659 | INFO | Heartbeat | watch=KXBTC15M-26MAY081030-30 yes_bid=99 yes_ask=100 no_bid=0 no_ask=1 book_ready=True position=True pending=False dry_run=False trust=synced run_id=68d0e657-aff6-4d28-836d-fd8ca819d20c
2026-05-08 10:27:13,076 | WARNING | BTC market context refresh failed. error=HTTPSConnectionPool(host='data-api.binance.vision', port=443): Read timed out. (read timeout=5.0)
2026-05-08 10:27:19,703 | INFO | Heartbeat | watch=KXBTC15M-26MAY081030-30 yes_bid=100 yes_ask=100 no_bid=0 no_ask=0 book_ready=True position=True pending=False dry_run=False trust=synced run_id=68d0e657-aff6-4d28-836d-fd8ca819d20c
2026-05-08 10:27:34,731 | INFO | Heartbeat | watch=KXBTC15M-26MAY081030-30 yes_bid=100 yes_ask=100 no_bid=0 no_ask=0 book_ready=True position=True pending=False dry_run=False trust=synced run_id=68d0e657-aff6-4d28-836d-fd8ca819d20c
2026-05-08 10:27:49,763 | INFO | Heartbeat | watch=KXBTC15M-26MAY081030-30 yes_bid=100 yes_ask=100 no_bid=0 no_ask=0 book_ready=True position=True pending=False dry_run=False trust=synced run_id=68d0e657-aff6-4d28-836d-fd8ca819d20c
2026-05-08 10:28:04,760 | INFO | Heartbeat | watch=KXBTC15M-26MAY081030-30 yes_bid=100 yes_ask=100 no_bid=0 no_ask=0 book_ready=True position=True pending=False dry_run=False trust=synced run_id=68d0e657-aff6-4d28-836d-fd8ca819d20c
2026-05-08 10:28:19,768 | INFO | Heartbeat | watch=KXBTC15M-26MAY081030-30 yes_bid=100 yes_ask=100 no_bid=0 no_ask=0 book_ready=True position=True pending=False dry_run=False trust=synced run_id=68d0e657-aff6-4d28-836d-fd8ca819d20c
2026-05-08 10:28:34,809 | INFO | Heartbeat | watch=KXBTC15M-26MAY081030-30 yes_bid=100 yes_ask=100 no_bid=0 no_ask=0 book_ready=True position=True pending=False dry_run=False trust=synced run_id=68d0e657-aff6-4d28-836d-fd8ca819d20c
2026-05-08 10:28:49,850 | INFO | Heartbeat | watch=KXBTC15M-26MAY081030-30 yes_bid=100 yes_ask=100 no_bid=0 no_ask=0 book_ready=True position=True pending=False dry_run=False trust=synced run_id=68d0e657-aff6-4d28-836d-fd8ca819d20c
2026-05-08 10:28:56,652 | WARNING | BTC market context refresh failed. error=HTTPSConnectionPool(host='data-api.binance.vision', port=443): Read timed out. (read timeout=5.0)
2026-05-08 10:29:04,860 | INFO | Heartbeat | watch=KXBTC15M-26MAY081030-30 yes_bid=100 yes_ask=100 no_bid=0 no_ask=0 book_ready=True position=True pending=False dry_run=False trust=synced run_id=68d0e657-aff6-4d28-836d-fd8ca819d20c
2026-05-08 10:29:19,876 | INFO | Heartbeat | watch=KXBTC15M-26MAY081030-30 yes_bid=100 yes_ask=100 no_bid=0 no_ask=0 book_ready=True position=True pending=False dry_run=False trust=synced run_id=68d0e657-aff6-4d28-836d-fd8ca819d20c
2026-05-08 10:29:34,916 | INFO | Heartbeat | watch=KXBTC15M-26MAY081030-30 yes_bid=100 yes_ask=100 no_bid=0 no_ask=0 book_ready=True position=True pending=False dry_run=False trust=synced run_id=68d0e657-aff6-4d28-836d-fd8ca819d20c
2026-05-08 10:29:49,911 | INFO | Heartbeat | watch=KXBTC15M-26MAY081030-30 yes_bid=100 yes_ask=100 no_bid=0 no_ask=0 book_ready=True position=True pending=False dry_run=False trust=synced run_id=68d0e657-aff6-4d28-836d-fd8ca819d20c
2026-05-08 10:30:04,918 | INFO | Heartbeat | watch=KXBTC15M-26MAY081030-30 yes_bid=0 yes_ask=100 no_bid=0 no_ask=100 book_ready=True position=True pending=False dry_run=False trust=synced run_id=68d0e657-aff6-4d28-836d-fd8ca819d20c
2026-05-08 10:30:05,123 | WARNING | Closed market KXBTC15M-26MAY081030-30 still reports a nonzero live account position, but the market is already past the settlement grace window. Clearing position state and advancing anyway.
2026-05-08 10:30:05,219 | INFO | Watching market KXBTC15M-26MAY081030-30 close_time=2026-05-08T14:30:00Z status=closed strike=79902.04 run_id=68d0e657-aff6-4d28-836d-fd8ca819d20c
2026-05-08 10:30:05,433 | INFO | WS connected for KXBTC15M-26MAY081030-30
2026-05-08 10:30:05,475 | INFO | WS subscribed payload: {'type': 'subscribed', 'id': 3, 'msg': {'channel': 'ticker', 'sid': 1}}
2026-05-08 10:30:05,479 | INFO | WS subscribed payload: {'type': 'subscribed', 'id': 3, 'msg': {'channel': 'orderbook_delta', 'sid': 2}}
2026-05-08 10:30:05,479 | INFO | Orderbook snapshot ready for KXBTC15M-26MAY081030-30
2026-05-08 10:30:06,508 | WARNING | BTC market context refresh failed. error=HTTPSConnectionPool(host='data-api.binance.vision', port=443): Read timed out. (read timeout=5.0)
2026-05-08 10:30:06,801 | INFO | Orderbook snapshot ready for KXBTC15M-26MAY081030-30
2026-05-08 10:30:19,937 | INFO | Heartbeat | watch=KXBTC15M-26MAY081030-30 yes_bid=None yes_ask=None no_bid=None no_ask=None book_ready=True position=False pending=False dry_run=False trust=synced run_id=68d0e657-aff6-4d28-836d-fd8ca819d20c
2026-05-08 10:30:32,747 | INFO | Watching market KXBTC15M-26MAY081045-45 close_time=2026-05-08T14:45:00Z status=active strike=80128.16 run_id=68d0e657-aff6-4d28-836d-fd8ca819d20c
2026-05-08 10:30:33,011 | INFO | WS connected for KXBTC15M-26MAY081045-45
2026-05-08 10:30:33,052 | INFO | WS subscribed payload: {'type': 'subscribed', 'id': 4, 'msg': {'channel': 'ticker', 'sid': 1}}
2026-05-08 10:30:33,052 | INFO | WS subscribed payload: {'type': 'subscribed', 'id': 4, 'msg': {'channel': 'orderbook_delta', 'sid': 2}}
2026-05-08 10:30:33,055 | INFO | Orderbook snapshot ready for KXBTC15M-26MAY081045-45
2026-05-08 10:30:34,988 | INFO | Heartbeat | watch=KXBTC15M-26MAY081045-45 yes_bid=25 yes_ask=26 no_bid=74 no_ask=75 book_ready=True position=False pending=False dry_run=False trust=synced run_id=68d0e657-aff6-4d28-836d-fd8ca819d20c
2026-05-08 10:30:36,950 | WARNING | BTC market context refresh failed. error=HTTPSConnectionPool(host='data-api.binance.vision', port=443): Read timed out. (read timeout=5.0)
2026-05-08 10:30:40,363 | INFO | Mushroom v28 entry approved | market=KXBTC15M-26MAY081045-45 side=no ask=78c max_buy=80c qty=1 p_side=0.8538 edge=5.382c depth=1491.84 btc_age_ms=0.0 secs_to_close=859.64
2026-05-08 10:30:40,398 | INFO | Execution state | market=KXBTC15M-26MAY081045-45 side=no state=eligible reason=pre_filters_disabled trust=synced run_id=68d0e657-aff6-4d28-836d-fd8ca819d20c
2026-05-08 10:30:40,400 | INFO | Execution deferred | market=KXBTC15M-26MAY081045-45 side=no reason=fast_fill_window_too_short trigger=78 top_of_book=78 book=[78:1491.84, 79:936.09, 80:1006, 81:143, 82:211] trust=synced
2026-05-08 10:30:40,400 | INFO | Execution state | market=KXBTC15M-26MAY081045-45 side=no state=abandoned reason=fast_fill_window_too_short trust=synced run_id=68d0e657-aff6-4d28-836d-fd8ca819d20c
2026-05-08 10:30:40,583 | INFO | Mushroom v28 entry approved | market=KXBTC15M-26MAY081045-45 side=no ask=78c max_buy=80c qty=1 p_side=0.8557 edge=5.573c depth=178.13 btc_age_ms=15.0 secs_to_close=859.42
2026-05-08 10:30:40,618 | INFO | Execution state | market=KXBTC15M-26MAY081045-45 side=no state=eligible reason=pre_filters_disabled trust=synced run_id=68d0e657-aff6-4d28-836d-fd8ca819d20c
2026-05-08 10:30:40,621 | INFO | Live fill policy approved | market=KXBTC15M-26MAY081045-45 side=no trigger=78c tif=immediate_or_cancel limit=78c depth=178.13 required=2 book_age_ms=531.0 secs_to_close=859.42 reason=single_shot_abundant_depth
2026-05-08 10:30:40,625 | INFO | ENTRY signal | market=KXBTC15M-26MAY081045-45 action=buy side=no trigger=78c limit=78c qty=1 book_ready=True
2026-05-08 10:30:40,625 | INFO | Execution state | market=KXBTC15M-26MAY081045-45 side=no state=submitting reason=single_shot_abundant_depth trust=synced run_id=68d0e657-aff6-4d28-836d-fd8ca819d20c
2026-05-08 10:30:40,695 | INFO | Execution state | market=KXBTC15M-26MAY081045-45 side=no state=abandoned reason=zero_fill trust=synced run_id=68d0e657-aff6-4d28-836d-fd8ca819d20c
2026-05-08 10:30:49,982 | INFO | Heartbeat | watch=KXBTC15M-26MAY081045-45 yes_bid=15 yes_ask=16 no_bid=84 no_ask=85 book_ready=True position=False pending=False dry_run=False trust=synced run_id=68d0e657-aff6-4d28-836d-fd8ca819d20c
2026-05-08 10:31:00,692 | WARNING | BTC market context refresh failed. error=HTTPSConnectionPool(host='data-api.binance.vision', port=443): Read timed out. (read timeout=5.0)
2026-05-08 10:31:05,029 | INFO | Heartbeat | watch=KXBTC15M-26MAY081045-45 yes_bid=10 yes_ask=11 no_bid=89 no_ask=90 book_ready=True position=False pending=False dry_run=False trust=synced run_id=68d0e657-aff6-4d28-836d-fd8ca819d20c
2026-05-08 10:31:17,051 | INFO | Mushroom v28 entry approved | market=KXBTC15M-26MAY081045-45 side=no ask=81c max_buy=81c qty=1 p_side=0.8634 edge=3.343c depth=2961.24 btc_age_ms=47.0 secs_to_close=822.95
2026-05-08 10:31:17,075 | INFO | Execution state | market=KXBTC15M-26MAY081045-45 side=no state=eligible reason=pre_filters_disabled trust=synced run_id=68d0e657-aff6-4d28-836d-fd8ca819d20c
2026-05-08 10:31:17,077 | INFO | Live fill policy approved | market=KXBTC15M-26MAY081045-45 side=no trigger=81c tif=immediate_or_cancel limit=81c depth=2961.24 required=2 book_age_ms=47.0 secs_to_close=822.95 reason=single_shot_abundant_depth
2026-05-08 10:31:17,078 | INFO | ENTRY signal | market=KXBTC15M-26MAY081045-45 action=buy side=no trigger=81c limit=81c qty=1 book_ready=True
2026-05-08 10:31:17,080 | INFO | Execution state | market=KXBTC15M-26MAY081045-45 side=no state=submitting reason=single_shot_abundant_depth trust=synced run_id=68d0e657-aff6-4d28-836d-fd8ca819d20c
2026-05-08 10:31:17,137 | INFO | ENTRY immediate fill | market=KXBTC15M-26MAY081045-45 side=no qty=1 limit=81c
2026-05-08 10:31:17,139 | INFO | Execution state | market=KXBTC15M-26MAY081045-45 side=no state=filled reason=single_shot_abundant_depth trust=synced run_id=68d0e657-aff6-4d28-836d-fd8ca819d20c
2026-05-08 10:31:20,080 | INFO | Heartbeat | watch=KXBTC15M-26MAY081045-45 yes_bid=19 yes_ask=20 no_bid=80 no_ask=81 book_ready=True position=True pending=False dry_run=False trust=synced run_id=68d0e657-aff6-4d28-836d-fd8ca819d20c
2026-05-08 10:31:35,130 | INFO | Heartbeat | watch=KXBTC15M-26MAY081045-45 yes_bid=22 yes_ask=23 no_bid=77 no_ask=78 book_ready=True position=True pending=False dry_run=False trust=synced run_id=68d0e657-aff6-4d28-836d-fd8ca819d20c
2026-05-08 10:31:47,470 | WARNING | BTC market context refresh failed. error=HTTPSConnectionPool(host='data-api.binance.vision', port=443): Read timed out. (read timeout=5.0)
2026-05-08 10:31:50,134 | INFO | Heartbeat | watch=KXBTC15M-26MAY081045-45 yes_bid=21 yes_ask=22 no_bid=78 no_ask=79 book_ready=True position=True pending=False dry_run=False trust=synced run_id=68d0e657-aff6-4d28-836d-fd8ca819d20c
2026-05-08 10:32:05,163 | INFO | Heartbeat | watch=KXBTC15M-26MAY081045-45 yes_bid=20 yes_ask=21 no_bid=79 no_ask=80 book_ready=True position=True pending=False dry_run=False trust=synced run_id=68d0e657-aff6-4d28-836d-fd8ca819d20c
2026-05-08 10:32:09,673 | WARNING | BTC market context refresh failed. error=HTTPSConnectionPool(host='data-api.binance.vision', port=443): Read timed out. (read timeout=5.0)
2026-05-08 10:32:20,174 | INFO | Heartbeat | watch=KXBTC15M-26MAY081045-45 yes_bid=21 yes_ask=22 no_bid=78 no_ask=79 book_ready=True position=True pending=False dry_run=False trust=synced run_id=68d0e657-aff6-4d28-836d-fd8ca819d20c
2026-05-08 10:32:23,147 | WARNING | BTC market context refresh failed. error=HTTPSConnectionPool(host='data-api.binance.vision', port=443): Read timed out. (read timeout=5.0)
2026-05-08 10:32:35,203 | INFO | Heartbeat | watch=KXBTC15M-26MAY081045-45 yes_bid=17 yes_ask=18 no_bid=82 no_ask=83 book_ready=True position=True pending=False dry_run=False trust=synced run_id=68d0e657-aff6-4d28-836d-fd8ca819d20c
2026-05-08 10:32:39,953 | WARNING | BTC market context refresh failed. error=HTTPSConnectionPool(host='data-api.binance.vision', port=443): Read timed out. (read timeout=5.0)
2026-05-08 10:32:50,243 | INFO | Heartbeat | watch=KXBTC15M-26MAY081045-45 yes_bid=13 yes_ask=14 no_bid=86 no_ask=87 book_ready=True position=True pending=False dry_run=False trust=synced run_id=68d0e657-aff6-4d28-836d-fd8ca819d20c
2026-05-08 10:32:56,470 | WARNING | BTC market context refresh failed. error=HTTPSConnectionPool(host='data-api.binance.vision', port=443): Read timed out. (read timeout=5.0)
2026-05-08 10:33:05,273 | INFO | Heartbeat | watch=KXBTC15M-26MAY081045-45 yes_bid=14 yes_ask=15 no_bid=85 no_ask=86 book_ready=True position=True pending=False dry_run=False trust=synced run_id=68d0e657-aff6-4d28-836d-fd8ca819d20c
2026-05-08 10:33:09,706 | WARNING | BTC market context refresh failed. error=HTTPSConnectionPool(host='data-api.binance.vision', port=443): Read timed out. (read timeout=5.0)
2026-05-08 10:33:20,299 | INFO | Heartbeat | watch=KXBTC15M-26MAY081045-45 yes_bid=13 yes_ask=14 no_bid=86 no_ask=87 book_ready=True position=True pending=False dry_run=False trust=synced run_id=68d0e657-aff6-4d28-836d-fd8ca819d20c
2026-05-08 10:33:35,332 | INFO | Heartbeat | watch=KXBTC15M-26MAY081045-45 yes_bid=17 yes_ask=18 no_bid=82 no_ask=83 book_ready=True position=True pending=False dry_run=False trust=synced run_id=68d0e657-aff6-4d28-836d-fd8ca819d20c
2026-05-08 10:33:35,516 | WARNING | BTC market context refresh failed. error=HTTPSConnectionPool(host='data-api.binance.vision', port=443): Read timed out. (read timeout=5.0)
2026-05-08 10:33:50,328 | INFO | Heartbeat | watch=KXBTC15M-26MAY081045-45 yes_bid=23 yes_ask=24 no_bid=76 no_ask=77 book_ready=True position=True pending=False dry_run=False trust=synced run_id=68d0e657-aff6-4d28-836d-fd8ca819d20c
2026-05-08 10:33:56,249 | INFO | EXIT signal | market=KXBTC15M-26MAY081045-45 action=sell side=no trigger=74c limit=74c qty=1 book_ready=True mode=single_shot_ioc slices=1 attempt=0
2026-05-08 10:33:56,250 | INFO | Latency | purpose=exit feed_age_ms=321.4 local_reaction_ms=203.0 trigger_seen_at=2026-05-08T14:33:56.250565+00:00 market_msg_time=2026-05-08T14:33:55.929205Z
2026-05-08 10:33:56,250 | INFO | Exit plan approved | market=KXBTC15M-26MAY081045-45 side=no trigger=74c limit=74c top_bid=74 depth=50.00 required=1 book_age_ms=0.0 secs_to_close=663.95 reason=mushroom_v28_probability_reduce_single_shot_visible_depth mode=single_shot_ioc attempt=0
2026-05-08 10:33:57,221 | INFO | EXIT signal | market=KXBTC15M-26MAY081045-45 action=sell side=no trigger=73c limit=73c qty=1 book_ready=True mode=single_shot_ioc slices=1 attempt=0
2026-05-08 10:33:57,230 | INFO | Latency | purpose=exit feed_age_ms=399.9 local_reaction_ms=203.0 trigger_seen_at=2026-05-08T14:33:57.229726+00:00 market_msg_time=2026-05-08T14:33:56.830793Z
2026-05-08 10:33:57,230 | INFO | Exit plan approved | market=KXBTC15M-26MAY081045-45 side=no trigger=73c limit=73c top_bid=73 depth=59.88 required=1 book_age_ms=0.0 secs_to_close=662.96 reason=mushroom_v28_probability_reduce_single_shot_visible_depth mode=single_shot_ioc attempt=0
2026-05-08 10:33:57,279 | INFO | EXIT fill | market=KXBTC15M-26MAY081045-45 side=no slice=1/1 qty=1 cumulative=1/1 remaining=0
2026-05-08 10:34:01,342 | WARNING | BTC market context refresh failed. error=HTTPSConnectionPool(host='data-api.binance.vision', port=443): Read timed out. (read timeout=5.0)
2026-05-08 10:34:05,326 | INFO | Heartbeat | watch=KXBTC15M-26MAY081045-45 yes_bid=24 yes_ask=25 no_bid=75 no_ask=76 book_ready=True position=False pending=False dry_run=False trust=synced run_id=68d0e657-aff6-4d28-836d-fd8ca819d20c
2026-05-08 10:34:15,499 | WARNING | BTC market context refresh failed. error=HTTPSConnectionPool(host='data-api.binance.vision', port=443): Read timed out. (read timeout=5.0)
2026-05-08 10:34:20,328 | INFO | Heartbeat | watch=KXBTC15M-26MAY081045-45 yes_bid=31 yes_ask=32 no_bid=68 no_ask=69 book_ready=True position=False pending=False dry_run=False trust=synced run_id=68d0e657-aff6-4d28-836d-fd8ca819d20c
2026-05-08 10:34:26,603 | WARNING | BTC market context refresh failed. error=HTTPSConnectionPool(host='data-api.binance.vision', port=443): Read timed out. (read timeout=5.0)
2026-05-08 10:34:35,373 | INFO | Heartbeat | watch=KXBTC15M-26MAY081045-45 yes_bid=44 yes_ask=45 no_bid=55 no_ask=56 book_ready=True position=False pending=False dry_run=False trust=synced run_id=68d0e657-aff6-4d28-836d-fd8ca819d20c
2026-05-08 10:34:39,527 | WARNING | BTC market context refresh failed. error=HTTPSConnectionPool(host='data-api.binance.vision', port=443): Read timed out. (read timeout=5.0)
2026-05-08 10:34:50,374 | INFO | Heartbeat | watch=KXBTC15M-26MAY081045-45 yes_bid=45 yes_ask=46 no_bid=54 no_ask=55 book_ready=True position=False pending=False dry_run=False trust=synced run_id=68d0e657-aff6-4d28-836d-fd8ca819d20c
2026-05-08 10:34:51,886 | WARNING | BTC market context refresh failed. error=HTTPSConnectionPool(host='data-api.binance.vision', port=443): Read timed out. (read timeout=5.0)
2026-05-08 10:35:05,400 | INFO | Heartbeat | watch=KXBTC15M-26MAY081045-45 yes_bid=42 yes_ask=43 no_bid=57 no_ask=58 book_ready=True position=False pending=False dry_run=False trust=synced run_id=68d0e657-aff6-4d28-836d-fd8ca819d20c
2026-05-08 10:35:09,652 | WARNING | BTC market context refresh failed. error=HTTPSConnectionPool(host='data-api.binance.vision', port=443): Read timed out. (read timeout=5.0)
2026-05-08 10:35:20,455 | INFO | Heartbeat | watch=KXBTC15M-26MAY081045-45 yes_bid=32 yes_ask=33 no_bid=67 no_ask=68 book_ready=True position=False pending=False dry_run=False trust=synced run_id=68d0e657-aff6-4d28-836d-fd8ca819d20c
2026-05-08 10:35:35,079 | WARNING | BTC market context refresh failed. error=HTTPSConnectionPool(host='data-api.binance.vision', port=443): Read timed out. (read timeout=5.0)
2026-05-08 10:35:35,478 | INFO | Heartbeat | watch=KXBTC15M-26MAY081045-45 yes_bid=31 yes_ask=32 no_bid=68 no_ask=69 book_ready=True position=False pending=False dry_run=False trust=synced run_id=68d0e657-aff6-4d28-836d-fd8ca819d20c
2026-05-08 10:35:50,490 | INFO | Heartbeat | watch=KXBTC15M-26MAY081045-45 yes_bid=34 yes_ask=35 no_bid=65 no_ask=66 book_ready=True position=False pending=False dry_run=False trust=synced run_id=68d0e657-aff6-4d28-836d-fd8ca819d20c
2026-05-08 10:35:55,070 | WARNING | BTC market context refresh failed. error=HTTPSConnectionPool(host='data-api.binance.vision', port=443): Read timed out. (read timeout=5.0)
2026-05-08 10:36:05,499 | INFO | Heartbeat | watch=KXBTC15M-26MAY081045-45 yes_bid=24 yes_ask=25 no_bid=75 no_ask=76 book_ready=True position=False pending=False dry_run=False trust=synced run_id=68d0e657-aff6-4d28-836d-fd8ca819d20c
2026-05-08 10:36:13,784 | WARNING | BTC market context refresh failed. error=HTTPSConnectionPool(host='data-api.binance.vision', port=443): Read timed out. (read timeout=5.0)
2026-05-08 10:36:20,499 | INFO | Heartbeat | watch=KXBTC15M-26MAY081045-45 yes_bid=33 yes_ask=35 no_bid=65 no_ask=67 book_ready=True position=False pending=False dry_run=False trust=synced run_id=68d0e657-aff6-4d28-836d-fd8ca819d20c
2026-05-08 10:36:24,574 | WARNING | BTC market context refresh failed. error=HTTPSConnectionPool(host='data-api.binance.vision', port=443): Read timed out. (read timeout=5.0)
2026-05-08 10:36:35,514 | INFO | Heartbeat | watch=KXBTC15M-26MAY081045-45 yes_bid=40 yes_ask=42 no_bid=58 no_ask=60 book_ready=True position=False pending=False dry_run=False trust=synced run_id=68d0e657-aff6-4d28-836d-fd8ca819d20c
2026-05-08 10:36:50,532 | INFO | Heartbeat | watch=KXBTC15M-26MAY081045-45 yes_bid=52 yes_ask=53 no_bid=47 no_ask=48 book_ready=True position=False pending=False dry_run=False trust=synced run_id=68d0e657-aff6-4d28-836d-fd8ca819d20c
2026-05-08 10:37:05,530 | INFO | Heartbeat | watch=KXBTC15M-26MAY081045-45 yes_bid=59 yes_ask=60 no_bid=40 no_ask=41 book_ready=True position=False pending=False dry_run=False trust=synced run_id=68d0e657-aff6-4d28-836d-fd8ca819d20c
2026-05-08 10:37:10,985 | WARNING | BTC market context refresh failed. error=HTTPSConnectionPool(host='data-api.binance.vision', port=443): Read timed out. (read timeout=5.0)
2026-05-08 10:37:20,569 | INFO | Heartbeat | watch=KXBTC15M-26MAY081045-45 yes_bid=61 yes_ask=62 no_bid=38 no_ask=39 book_ready=True position=False pending=False dry_run=False trust=synced run_id=68d0e657-aff6-4d28-836d-fd8ca819d20c
2026-05-08 10:37:29,937 | WARNING | BTC market context refresh failed. error=HTTPSConnectionPool(host='data-api.binance.vision', port=443): Read timed out. (read timeout=5.0)
2026-05-08 10:37:35,586 | INFO | Heartbeat | watch=KXBTC15M-26MAY081045-45 yes_bid=52 yes_ask=53 no_bid=47 no_ask=48 book_ready=True position=False pending=False dry_run=False trust=synced run_id=68d0e657-aff6-4d28-836d-fd8ca819d20c
2026-05-08 10:37:50,590 | INFO | Heartbeat | watch=KXBTC15M-26MAY081045-45 yes_bid=61 yes_ask=62 no_bid=38 no_ask=39 book_ready=True position=False pending=False dry_run=False trust=synced run_id=68d0e657-aff6-4d28-836d-fd8ca819d20c
2026-05-08 10:38:05,588 | INFO | Heartbeat | watch=KXBTC15M-26MAY081045-45 yes_bid=67 yes_ask=68 no_bid=32 no_ask=33 book_ready=True position=False pending=False dry_run=False trust=synced run_id=68d0e657-aff6-4d28-836d-fd8ca819d20c
2026-05-08 10:38:11,113 | WARNING | BTC market context refresh failed. error=HTTPSConnectionPool(host='data-api.binance.vision', port=443): Read timed out. (read timeout=5.0)
2026-05-08 10:38:20,621 | INFO | Heartbeat | watch=KXBTC15M-26MAY081045-45 yes_bid=68 yes_ask=69 no_bid=31 no_ask=32 book_ready=True position=False pending=False dry_run=False trust=synced run_id=68d0e657-aff6-4d28-836d-fd8ca819d20c
2026-05-08 10:38:35,632 | INFO | Heartbeat | watch=KXBTC15M-26MAY081045-45 yes_bid=77 yes_ask=78 no_bid=22 no_ask=23 book_ready=True position=False pending=False dry_run=False trust=synced run_id=68d0e657-aff6-4d28-836d-fd8ca819d20c
2026-05-08 10:38:44,031 | WARNING | BTC market context refresh failed. error=HTTPSConnectionPool(host='data-api.binance.vision', port=443): Read timed out. (read timeout=5.0)
2026-05-08 10:38:50,670 | INFO | Heartbeat | watch=KXBTC15M-26MAY081045-45 yes_bid=75 yes_ask=76 no_bid=24 no_ask=25 book_ready=True position=False pending=False dry_run=False trust=synced run_id=68d0e657-aff6-4d28-836d-fd8ca819d20c
2026-05-08 10:39:05,691 | INFO | Heartbeat | watch=KXBTC15M-26MAY081045-45 yes_bid=79 yes_ask=80 no_bid=20 no_ask=21 book_ready=True position=False pending=False dry_run=False trust=synced run_id=68d0e657-aff6-4d28-836d-fd8ca819d20c
2026-05-08 10:39:20,714 | INFO | Heartbeat | watch=KXBTC15M-26MAY081045-45 yes_bid=75 yes_ask=76 no_bid=24 no_ask=25 book_ready=True position=False pending=False dry_run=False trust=synced run_id=68d0e657-aff6-4d28-836d-fd8ca819d20c
2026-05-08 10:39:35,731 | INFO | Heartbeat | watch=KXBTC15M-26MAY081045-45 yes_bid=70 yes_ask=72 no_bid=28 no_ask=30 book_ready=True position=False pending=False dry_run=False trust=synced run_id=68d0e657-aff6-4d28-836d-fd8ca819d20c
2026-05-08 10:39:50,753 | INFO | Heartbeat | watch=KXBTC15M-26MAY081045-45 yes_bid=80 yes_ask=81 no_bid=19 no_ask=20 book_ready=True position=False pending=False dry_run=False trust=synced run_id=68d0e657-aff6-4d28-836d-fd8ca819d20c
2026-05-08 10:39:53,583 | WARNING | BTC market context refresh failed. error=HTTPSConnectionPool(host='data-api.binance.vision', port=443): Read timed out. (read timeout=5.0)
2026-05-08 10:40:05,768 | INFO | Heartbeat | watch=KXBTC15M-26MAY081045-45 yes_bid=86 yes_ask=87 no_bid=13 no_ask=14 book_ready=True position=False pending=False dry_run=False trust=synced run_id=68d0e657-aff6-4d28-836d-fd8ca819d20c
2026-05-08 10:40:20,771 | INFO | Heartbeat | watch=KXBTC15M-26MAY081045-45 yes_bid=87 yes_ask=88 no_bid=12 no_ask=13 book_ready=True position=False pending=False dry_run=False trust=synced run_id=68d0e657-aff6-4d28-836d-fd8ca819d20c
2026-05-08 10:40:35,814 | INFO | Heartbeat | watch=KXBTC15M-26MAY081045-45 yes_bid=88 yes_ask=89 no_bid=11 no_ask=12 book_ready=True position=False pending=False dry_run=False trust=synced run_id=68d0e657-aff6-4d28-836d-fd8ca819d20c
2026-05-08 10:40:38,378 | WARNING | BTC market context refresh failed. error=HTTPSConnectionPool(host='data-api.binance.vision', port=443): Read timed out. (read timeout=5.0)
2026-05-08 10:40:50,834 | INFO | Heartbeat | watch=KXBTC15M-26MAY081045-45 yes_bid=80 yes_ask=81 no_bid=19 no_ask=20 book_ready=True position=False pending=False dry_run=False trust=synced run_id=68d0e657-aff6-4d28-836d-fd8ca819d20c
2026-05-08 10:40:54,615 | WARNING | BTC market context refresh failed. error=HTTPSConnectionPool(host='data-api.binance.vision', port=443): Read timed out. (read timeout=5.0)
2026-05-08 10:41:05,842 | INFO | Heartbeat | watch=KXBTC15M-26MAY081045-45 yes_bid=79 yes_ask=80 no_bid=20 no_ask=21 book_ready=True position=False pending=False dry_run=False trust=synced run_id=68d0e657-aff6-4d28-836d-fd8ca819d20c
2026-05-08 10:41:20,857 | INFO | Heartbeat | watch=KXBTC15M-26MAY081045-45 yes_bid=79 yes_ask=80 no_bid=20 no_ask=21 book_ready=True position=False pending=False dry_run=False trust=synced run_id=68d0e657-aff6-4d28-836d-fd8ca819d20c
2026-05-08 10:41:32,717 | WARNING | BTC market context refresh failed. error=HTTPSConnectionPool(host='data-api.binance.vision', port=443): Read timed out. (read timeout=5.0)
2026-05-08 10:41:35,848 | INFO | Heartbeat | watch=KXBTC15M-26MAY081045-45 yes_bid=80 yes_ask=82 no_bid=18 no_ask=20 book_ready=True position=False pending=False dry_run=False trust=synced run_id=68d0e657-aff6-4d28-836d-fd8ca819d20c
2026-05-08 10:41:50,856 | INFO | Heartbeat | watch=KXBTC15M-26MAY081045-45 yes_bid=88 yes_ask=89 no_bid=11 no_ask=12 book_ready=True position=False pending=False dry_run=False trust=synced run_id=68d0e657-aff6-4d28-836d-fd8ca819d20c
2026-05-08 10:42:05,891 | INFO | Heartbeat | watch=KXBTC15M-26MAY081045-45 yes_bid=79 yes_ask=81 no_bid=19 no_ask=21 book_ready=True position=False pending=False dry_run=False trust=synced run_id=68d0e657-aff6-4d28-836d-fd8ca819d20c
2026-05-08 10:42:20,878 | INFO | Heartbeat | watch=KXBTC15M-26MAY081045-45 yes_bid=89 yes_ask=90 no_bid=10 no_ask=11 book_ready=True position=False pending=False dry_run=False trust=synced run_id=68d0e657-aff6-4d28-836d-fd8ca819d20c
2026-05-08 10:42:35,902 | INFO | Heartbeat | watch=KXBTC15M-26MAY081045-45 yes_bid=89 yes_ask=90 no_bid=10 no_ask=11 book_ready=True position=False pending=False dry_run=False trust=synced run_id=68d0e657-aff6-4d28-836d-fd8ca819d20c
2026-05-08 10:42:50,913 | INFO | Heartbeat | watch=KXBTC15M-26MAY081045-45 yes_bid=92 yes_ask=93 no_bid=7 no_ask=8 book_ready=True position=False pending=False dry_run=False trust=synced run_id=68d0e657-aff6-4d28-836d-fd8ca819d20c
2026-05-08 10:43:05,925 | INFO | Heartbeat | watch=KXBTC15M-26MAY081045-45 yes_bid=86 yes_ask=87 no_bid=13 no_ask=14 book_ready=True position=False pending=False dry_run=False trust=synced run_id=68d0e657-aff6-4d28-836d-fd8ca819d20c
2026-05-08 10:43:20,943 | INFO | Heartbeat | watch=KXBTC15M-26MAY081045-45 yes_bid=88 yes_ask=89 no_bid=11 no_ask=12 book_ready=True position=False pending=False dry_run=False trust=synced run_id=68d0e657-aff6-4d28-836d-fd8ca819d20c
2026-05-08 10:43:35,942 | INFO | Heartbeat | watch=KXBTC15M-26MAY081045-45 yes_bid=93 yes_ask=94 no_bid=6 no_ask=7 book_ready=True position=False pending=False dry_run=False trust=synced run_id=68d0e657-aff6-4d28-836d-fd8ca819d20c
2026-05-08 10:43:50,973 | INFO | Heartbeat | watch=KXBTC15M-26MAY081045-45 yes_bid=97 yes_ask=97 no_bid=3 no_ask=3 book_ready=True position=False pending=False dry_run=False trust=synced run_id=68d0e657-aff6-4d28-836d-fd8ca819d20c
2026-05-08 10:44:05,974 | INFO | Heartbeat | watch=KXBTC15M-26MAY081045-45 yes_bid=100 yes_ask=100 no_bid=0 no_ask=0 book_ready=True position=False pending=False dry_run=False trust=synced run_id=68d0e657-aff6-4d28-836d-fd8ca819d20c
2026-05-08 10:44:20,980 | INFO | Heartbeat | watch=KXBTC15M-26MAY081045-45 yes_bid=100 yes_ask=100 no_bid=0 no_ask=0 book_ready=True position=False pending=False dry_run=False trust=synced run_id=68d0e657-aff6-4d28-836d-fd8ca819d20c
2026-05-08 10:44:36,008 | INFO | Heartbeat | watch=KXBTC15M-26MAY081045-45 yes_bid=100 yes_ask=100 no_bid=0 no_ask=0 book_ready=True position=False pending=False dry_run=False trust=synced run_id=68d0e657-aff6-4d28-836d-fd8ca819d20c
2026-05-08 10:44:51,007 | INFO | Heartbeat | watch=KXBTC15M-26MAY081045-45 yes_bid=100 yes_ask=100 no_bid=0 no_ask=0 book_ready=True position=False pending=False dry_run=False trust=synced run_id=68d0e657-aff6-4d28-836d-fd8ca819d20c
2026-05-08 10:45:02,858 | INFO | Watching market KXBTC15M-26MAY081100-00 close_time=2026-05-08T15:00:00Z status=active strike=80213.59 run_id=68d0e657-aff6-4d28-836d-fd8ca819d20c
2026-05-08 10:45:03,024 | INFO | WS connected for KXBTC15M-26MAY081100-00
2026-05-08 10:45:03,064 | INFO | WS subscribed payload: {'type': 'subscribed', 'id': 5, 'msg': {'channel': 'ticker', 'sid': 1}}
2026-05-08 10:45:03,064 | INFO | WS subscribed payload: {'type': 'subscribed', 'id': 5, 'msg': {'channel': 'orderbook_delta', 'sid': 2}}
2026-05-08 10:45:03,066 | INFO | Orderbook snapshot ready for KXBTC15M-26MAY081100-00
2026-05-08 10:45:06,044 | INFO | Heartbeat | watch=KXBTC15M-26MAY081100-00 yes_bid=46 yes_ask=49 no_bid=51 no_ask=54 book_ready=True position=False pending=False dry_run=False trust=synced run_id=68d0e657-aff6-4d28-836d-fd8ca819d20c
2026-05-08 10:45:21,052 | INFO | Heartbeat | watch=KXBTC15M-26MAY081100-00 yes_bid=43 yes_ask=44 no_bid=56 no_ask=57 book_ready=True position=False pending=False dry_run=False trust=synced run_id=68d0e657-aff6-4d28-836d-fd8ca819d20c
2026-05-08 10:45:36,108 | INFO | Heartbeat | watch=KXBTC15M-26MAY081100-00 yes_bid=42 yes_ask=43 no_bid=57 no_ask=58 book_ready=True position=False pending=False dry_run=False trust=synced run_id=68d0e657-aff6-4d28-836d-fd8ca819d20c
2026-05-08 10:45:51,106 | INFO | Heartbeat | watch=KXBTC15M-26MAY081100-00 yes_bid=41 yes_ask=42 no_bid=58 no_ask=59 book_ready=True position=False pending=False dry_run=False trust=synced run_id=68d0e657-aff6-4d28-836d-fd8ca819d20c
2026-05-08 10:46:06,101 | INFO | Heartbeat | watch=KXBTC15M-26MAY081100-00 yes_bid=37 yes_ask=38 no_bid=62 no_ask=63 book_ready=True position=False pending=False dry_run=False trust=synced run_id=68d0e657-aff6-4d28-836d-fd8ca819d20c
2026-05-08 10:46:21,116 | INFO | Heartbeat | watch=KXBTC15M-26MAY081100-00 yes_bid=44 yes_ask=45 no_bid=55 no_ask=56 book_ready=True position=False pending=False dry_run=False trust=synced run_id=68d0e657-aff6-4d28-836d-fd8ca819d20c
2026-05-08 10:46:36,114 | INFO | Heartbeat | watch=KXBTC15M-26MAY081100-00 yes_bid=44 yes_ask=45 no_bid=55 no_ask=56 book_ready=True position=False pending=False dry_run=False trust=synced run_id=68d0e657-aff6-4d28-836d-fd8ca819d20c
2026-05-08 10:46:51,128 | INFO | Heartbeat | watch=KXBTC15M-26MAY081100-00 yes_bid=45 yes_ask=46 no_bid=54 no_ask=55 book_ready=True position=False pending=False dry_run=False trust=synced run_id=68d0e657-aff6-4d28-836d-fd8ca819d20c
2026-05-08 10:47:06,147 | INFO | Heartbeat | watch=KXBTC15M-26MAY081100-00 yes_bid=58 yes_ask=59 no_bid=41 no_ask=42 book_ready=True position=False pending=False dry_run=False trust=synced run_id=68d0e657-aff6-4d28-836d-fd8ca819d20c
2026-05-08 10:47:21,227 | INFO | Heartbeat | watch=KXBTC15M-26MAY081100-00 yes_bid=62 yes_ask=64 no_bid=36 no_ask=38 book_ready=True position=False pending=False dry_run=False trust=synced run_id=68d0e657-aff6-4d28-836d-fd8ca819d20c
2026-05-08 10:47:36,234 | INFO | Heartbeat | watch=KXBTC15M-26MAY081100-00 yes_bid=61 yes_ask=62 no_bid=38 no_ask=39 book_ready=True position=False pending=False dry_run=False trust=synced run_id=68d0e657-aff6-4d28-836d-fd8ca819d20c
2026-05-08 10:47:51,227 | INFO | Heartbeat | watch=KXBTC15M-26MAY081100-00 yes_bid=63 yes_ask=64 no_bid=36 no_ask=37 book_ready=True position=False pending=False dry_run=False trust=synced run_id=68d0e657-aff6-4d28-836d-fd8ca819d20c
2026-05-08 10:48:06,251 | INFO | Heartbeat | watch=KXBTC15M-26MAY081100-00 yes_bid=65 yes_ask=66 no_bid=34 no_ask=35 book_ready=True position=False pending=False dry_run=False trust=synced run_id=68d0e657-aff6-4d28-836d-fd8ca819d20c
2026-05-08 10:48:21,253 | INFO | Heartbeat | watch=KXBTC15M-26MAY081100-00 yes_bid=63 yes_ask=64 no_bid=36 no_ask=37 book_ready=True position=False pending=False dry_run=False trust=synced run_id=68d0e657-aff6-4d28-836d-fd8ca819d20c
2026-05-08 10:48:36,249 | INFO | Heartbeat | watch=KXBTC15M-26MAY081100-00 yes_bid=55 yes_ask=56 no_bid=44 no_ask=45 book_ready=True position=False pending=False dry_run=False trust=synced run_id=68d0e657-aff6-4d28-836d-fd8ca819d20c
2026-05-08 10:48:51,265 | INFO | Heartbeat | watch=KXBTC15M-26MAY081100-00 yes_bid=54 yes_ask=55 no_bid=45 no_ask=46 book_ready=True position=False pending=False dry_run=False trust=synced run_id=68d0e657-aff6-4d28-836d-fd8ca819d20c
2026-05-08 10:49:06,282 | INFO | Heartbeat | watch=KXBTC15M-26MAY081100-00 yes_bid=49 yes_ask=50 no_bid=50 no_ask=51 book_ready=True position=False pending=False dry_run=False trust=synced run_id=68d0e657-aff6-4d28-836d-fd8ca819d20c
2026-05-08 10:49:21,282 | INFO | Heartbeat | watch=KXBTC15M-26MAY081100-00 yes_bid=44 yes_ask=45 no_bid=55 no_ask=56 book_ready=True position=False pending=False dry_run=False trust=synced run_id=68d0e657-aff6-4d28-836d-fd8ca819d20c
2026-05-08 10:49:36,294 | INFO | Heartbeat | watch=KXBTC15M-26MAY081100-00 yes_bid=43 yes_ask=44 no_bid=56 no_ask=57 book_ready=True position=False pending=False dry_run=False trust=synced run_id=68d0e657-aff6-4d28-836d-fd8ca819d20c
2026-05-08 10:49:51,312 | INFO | Heartbeat | watch=KXBTC15M-26MAY081100-00 yes_bid=43 yes_ask=44 no_bid=56 no_ask=57 book_ready=True position=False pending=False dry_run=False trust=synced run_id=68d0e657-aff6-4d28-836d-fd8ca819d20c
2026-05-08 10:50:06,310 | INFO | Heartbeat | watch=KXBTC15M-26MAY081100-00 yes_bid=37 yes_ask=38 no_bid=62 no_ask=63 book_ready=True position=False pending=False dry_run=False trust=synced run_id=68d0e657-aff6-4d28-836d-fd8ca819d20c
2026-05-08 10:50:21,331 | INFO | Heartbeat | watch=KXBTC15M-26MAY081100-00 yes_bid=44 yes_ask=45 no_bid=55 no_ask=56 book_ready=True position=False pending=False dry_run=False trust=synced run_id=68d0e657-aff6-4d28-836d-fd8ca819d20c
2026-05-08 10:50:36,358 | INFO | Heartbeat | watch=KXBTC15M-26MAY081100-00 yes_bid=53 yes_ask=54 no_bid=46 no_ask=47 book_ready=True position=False pending=False dry_run=False trust=synced run_id=68d0e657-aff6-4d28-836d-fd8ca819d20c
2026-05-08 10:50:51,367 | INFO | Heartbeat | watch=KXBTC15M-26MAY081100-00 yes_bid=53 yes_ask=54 no_bid=46 no_ask=47 book_ready=True position=False pending=False dry_run=False trust=synced run_id=68d0e657-aff6-4d28-836d-fd8ca819d20c
2026-05-08 10:51:06,403 | INFO | Heartbeat | watch=KXBTC15M-26MAY081100-00 yes_bid=52 yes_ask=53 no_bid=47 no_ask=48 book_ready=True position=False pending=False dry_run=False trust=synced run_id=68d0e657-aff6-4d28-836d-fd8ca819d20c
2026-05-08 10:51:21,434 | INFO | Heartbeat | watch=KXBTC15M-26MAY081100-00 yes_bid=46 yes_ask=48 no_bid=52 no_ask=54 book_ready=True position=False pending=False dry_run=False trust=synced run_id=68d0e657-aff6-4d28-836d-fd8ca819d20c
2026-05-08 10:51:36,439 | INFO | Heartbeat | watch=KXBTC15M-26MAY081100-00 yes_bid=48 yes_ask=49 no_bid=51 no_ask=52 book_ready=True position=False pending=False dry_run=False trust=synced run_id=68d0e657-aff6-4d28-836d-fd8ca819d20c
2026-05-08 10:51:51,445 | INFO | Heartbeat | watch=KXBTC15M-26MAY081100-00 yes_bid=40 yes_ask=41 no_bid=59 no_ask=60 book_ready=True position=False pending=False dry_run=False trust=synced run_id=68d0e657-aff6-4d28-836d-fd8ca819d20c
2026-05-08 10:52:06,447 | INFO | Heartbeat | watch=KXBTC15M-26MAY081100-00 yes_bid=36 yes_ask=37 no_bid=63 no_ask=64 book_ready=True position=False pending=False dry_run=False trust=synced run_id=68d0e657-aff6-4d28-836d-fd8ca819d20c
2026-05-08 10:52:21,463 | INFO | Heartbeat | watch=KXBTC15M-26MAY081100-00 yes_bid=34 yes_ask=35 no_bid=65 no_ask=66 book_ready=True position=False pending=False dry_run=False trust=synced run_id=68d0e657-aff6-4d28-836d-fd8ca819d20c
2026-05-08 10:52:36,497 | INFO | Heartbeat | watch=KXBTC15M-26MAY081100-00 yes_bid=23 yes_ask=24 no_bid=76 no_ask=77 book_ready=True position=False pending=False dry_run=False trust=synced run_id=68d0e657-aff6-4d28-836d-fd8ca819d20c
2026-05-08 10:52:51,512 | INFO | Heartbeat | watch=KXBTC15M-26MAY081100-00 yes_bid=23 yes_ask=24 no_bid=76 no_ask=77 book_ready=True position=False pending=False dry_run=False trust=synced run_id=68d0e657-aff6-4d28-836d-fd8ca819d20c
2026-05-08 10:52:54,419 | WARNING | BTC market context refresh failed. error=HTTPSConnectionPool(host='data-api.binance.vision', port=443): Read timed out. (read timeout=5.0)
2026-05-08 10:53:06,513 | INFO | Heartbeat | watch=KXBTC15M-26MAY081100-00 yes_bid=16 yes_ask=17 no_bid=83 no_ask=84 book_ready=True position=False pending=False dry_run=False trust=synced run_id=68d0e657-aff6-4d28-836d-fd8ca819d20c
2026-05-08 10:53:20,942 | WARNING | BTC market context refresh failed. error=HTTPSConnectionPool(host='data-api.binance.vision', port=443): Read timed out. (read timeout=5.0)
2026-05-08 10:53:21,547 | INFO | Heartbeat | watch=KXBTC15M-26MAY081100-00 yes_bid=17 yes_ask=18 no_bid=82 no_ask=83 book_ready=True position=False pending=False dry_run=False trust=synced run_id=68d0e657-aff6-4d28-836d-fd8ca819d20c
2026-05-08 10:53:34,144 | WARNING | BTC market context refresh failed. error=HTTPSConnectionPool(host='data-api.binance.vision', port=443): Read timed out. (read timeout=5.0)
2026-05-08 10:53:36,584 | INFO | Heartbeat | watch=KXBTC15M-26MAY081100-00 yes_bid=18 yes_ask=19 no_bid=81 no_ask=82 book_ready=True position=False pending=False dry_run=False trust=synced run_id=68d0e657-aff6-4d28-836d-fd8ca819d20c
2026-05-08 10:53:51,603 | INFO | Heartbeat | watch=KXBTC15M-26MAY081100-00 yes_bid=24 yes_ask=25 no_bid=75 no_ask=76 book_ready=True position=False pending=False dry_run=False trust=synced run_id=68d0e657-aff6-4d28-836d-fd8ca819d20c
2026-05-08 10:54:06,629 | INFO | Heartbeat | watch=KXBTC15M-26MAY081100-00 yes_bid=22 yes_ask=23 no_bid=77 no_ask=78 book_ready=True position=False pending=False dry_run=False trust=synced run_id=68d0e657-aff6-4d28-836d-fd8ca819d20c
2026-05-08 10:54:21,645 | INFO | Heartbeat | watch=KXBTC15M-26MAY081100-00 yes_bid=24 yes_ask=25 no_bid=75 no_ask=76 book_ready=True position=False pending=False dry_run=False trust=synced run_id=68d0e657-aff6-4d28-836d-fd8ca819d20c
2026-05-08 10:54:27,692 | WARNING | BTC market context refresh failed. error=HTTPSConnectionPool(host='data-api.binance.vision', port=443): Read timed out. (read timeout=5.0)
2026-05-08 10:54:36,668 | INFO | Heartbeat | watch=KXBTC15M-26MAY081100-00 yes_bid=25 yes_ask=26 no_bid=74 no_ask=75 book_ready=True position=False pending=False dry_run=False trust=synced run_id=68d0e657-aff6-4d28-836d-fd8ca819d20c
2026-05-08 10:54:38,785 | WARNING | BTC market context refresh failed. error=HTTPSConnectionPool(host='data-api.binance.vision', port=443): Read timed out. (read timeout=5.0)
2026-05-08 10:54:51,701 | INFO | Heartbeat | watch=KXBTC15M-26MAY081100-00 yes_bid=30 yes_ask=31 no_bid=69 no_ask=70 book_ready=True position=False pending=False dry_run=False trust=synced run_id=68d0e657-aff6-4d28-836d-fd8ca819d20c
2026-05-08 10:54:54,688 | WARNING | BTC market context refresh failed. error=HTTPSConnectionPool(host='data-api.binance.vision', port=443): Read timed out. (read timeout=5.0)
2026-05-08 10:55:06,716 | INFO | Heartbeat | watch=KXBTC15M-26MAY081100-00 yes_bid=24 yes_ask=25 no_bid=75 no_ask=76 book_ready=True position=False pending=False dry_run=False trust=synced run_id=68d0e657-aff6-4d28-836d-fd8ca819d20c
2026-05-08 10:55:09,430 | WARNING | BTC market context refresh failed. error=HTTPSConnectionPool(host='data-api.binance.vision', port=443): Read timed out. (read timeout=5.0)
2026-05-08 10:55:21,760 | INFO | Heartbeat | watch=KXBTC15M-26MAY081100-00 yes_bid=20 yes_ask=21 no_bid=79 no_ask=80 book_ready=True position=False pending=False dry_run=False trust=synced run_id=68d0e657-aff6-4d28-836d-fd8ca819d20c
2026-05-08 10:55:28,232 | WARNING | BTC market context refresh failed. error=HTTPSConnectionPool(host='data-api.binance.vision', port=443): Read timed out. (read timeout=5.0)
2026-05-08 10:55:36,770 | INFO | Heartbeat | watch=KXBTC15M-26MAY081100-00 yes_bid=25 yes_ask=26 no_bid=74 no_ask=75 book_ready=True position=False pending=False dry_run=False trust=synced run_id=68d0e657-aff6-4d28-836d-fd8ca819d20c
2026-05-08 10:55:49,794 | WARNING | BTC market context refresh failed. error=HTTPSConnectionPool(host='data-api.binance.vision', port=443): Read timed out. (read timeout=5.0)
2026-05-08 10:55:51,760 | INFO | Heartbeat | watch=KXBTC15M-26MAY081100-00 yes_bid=19 yes_ask=20 no_bid=80 no_ask=81 book_ready=True position=False pending=False dry_run=False trust=synced run_id=68d0e657-aff6-4d28-836d-fd8ca819d20c
2026-05-08 10:56:00,603 | WARNING | BTC market context refresh failed. error=HTTPSConnectionPool(host='data-api.binance.vision', port=443): Read timed out. (read timeout=5.0)
2026-05-08 10:56:06,822 | INFO | Heartbeat | watch=KXBTC15M-26MAY081100-00 yes_bid=24 yes_ask=25 no_bid=75 no_ask=76 book_ready=True position=False pending=False dry_run=False trust=synced run_id=68d0e657-aff6-4d28-836d-fd8ca819d20c
2026-05-08 10:56:13,613 | WARNING | BTC market context refresh failed. error=HTTPSConnectionPool(host='data-api.binance.vision', port=443): Read timed out. (read timeout=5.0)
2026-05-08 10:56:21,854 | INFO | Heartbeat | watch=KXBTC15M-26MAY081100-00 yes_bid=15 yes_ask=16 no_bid=84 no_ask=85 book_ready=True position=False pending=False dry_run=False trust=synced run_id=68d0e657-aff6-4d28-836d-fd8ca819d20c
2026-05-08 10:56:26,747 | WARNING | BTC market context refresh failed. error=HTTPSConnectionPool(host='data-api.binance.vision', port=443): Read timed out. (read timeout=5.0)
2026-05-08 10:56:36,893 | INFO | Heartbeat | watch=KXBTC15M-26MAY081100-00 yes_bid=5 yes_ask=6 no_bid=94 no_ask=95 book_ready=True position=False pending=False dry_run=False trust=synced run_id=68d0e657-aff6-4d28-836d-fd8ca819d20c
2026-05-08 10:56:45,887 | WARNING | BTC market context refresh failed. error=HTTPSConnectionPool(host='data-api.binance.vision', port=443): Read timed out. (read timeout=5.0)
2026-05-08 10:56:51,903 | INFO | Heartbeat | watch=KXBTC15M-26MAY081100-00 yes_bid=6 yes_ask=6 no_bid=94 no_ask=94 book_ready=True position=False pending=False dry_run=False trust=synced run_id=68d0e657-aff6-4d28-836d-fd8ca819d20c
2026-05-08 10:57:06,909 | INFO | Heartbeat | watch=KXBTC15M-26MAY081100-00 yes_bid=4 yes_ask=5 no_bid=95 no_ask=96 book_ready=True position=False pending=False dry_run=False trust=synced run_id=68d0e657-aff6-4d28-836d-fd8ca819d20c
2026-05-08 10:57:16,071 | WARNING | BTC market context refresh failed. error=HTTPSConnectionPool(host='data-api.binance.vision', port=443): Read timed out. (read timeout=5.0)
2026-05-08 10:57:21,916 | INFO | Heartbeat | watch=KXBTC15M-26MAY081100-00 yes_bid=2 yes_ask=3 no_bid=97 no_ask=98 book_ready=True position=False pending=False dry_run=False trust=synced run_id=68d0e657-aff6-4d28-836d-fd8ca819d20c
2026-05-08 10:57:36,956 | INFO | Heartbeat | watch=KXBTC15M-26MAY081100-00 yes_bid=2 yes_ask=3 no_bid=97 no_ask=98 book_ready=True position=False pending=False dry_run=False trust=synced run_id=68d0e657-aff6-4d28-836d-fd8ca819d20c
2026-05-08 10:57:51,969 | INFO | Heartbeat | watch=KXBTC15M-26MAY081100-00 yes_bid=2 yes_ask=2 no_bid=98 no_ask=98 book_ready=True position=False pending=False dry_run=False trust=synced run_id=68d0e657-aff6-4d28-836d-fd8ca819d20c
2026-05-08 10:57:52,341 | WARNING | BTC market context refresh failed. error=HTTPSConnectionPool(host='data-api.binance.vision', port=443): Read timed out. (read timeout=5.0)
2026-05-08 10:58:06,992 | INFO | Heartbeat | watch=KXBTC15M-26MAY081100-00 yes_bid=2 yes_ask=2 no_bid=98 no_ask=98 book_ready=True position=False pending=False dry_run=False trust=synced run_id=68d0e657-aff6-4d28-836d-fd8ca819d20c
2026-05-08 10:58:13,588 | WARNING | BTC market context refresh failed. error=HTTPSConnectionPool(host='data-api.binance.vision', port=443): Read timed out. (read timeout=5.0)
2026-05-08 10:58:22,094 | INFO | Heartbeat | watch=KXBTC15M-26MAY081100-00 yes_bid=0 yes_ask=1 no_bid=99 no_ask=100 book_ready=True position=False pending=False dry_run=False trust=synced run_id=68d0e657-aff6-4d28-836d-fd8ca819d20c
2026-05-08 10:58:37,121 | INFO | Heartbeat | watch=KXBTC15M-26MAY081100-00 yes_bid=0 yes_ask=0 no_bid=100 no_ask=100 book_ready=True position=False pending=False dry_run=False trust=synced run_id=68d0e657-aff6-4d28-836d-fd8ca819d20c
2026-05-08 10:58:52,131 | INFO | Heartbeat | watch=KXBTC15M-26MAY081100-00 yes_bid=0 yes_ask=0 no_bid=100 no_ask=100 book_ready=True position=False pending=False dry_run=False trust=synced run_id=68d0e657-aff6-4d28-836d-fd8ca819d20c
2026-05-08 10:59:07,157 | INFO | Heartbeat | watch=KXBTC15M-26MAY081100-00 yes_bid=0 yes_ask=1 no_bid=99 no_ask=100 book_ready=True position=False pending=False dry_run=False trust=synced run_id=68d0e657-aff6-4d28-836d-fd8ca819d20c
2026-05-08 10:59:22,167 | INFO | Heartbeat | watch=KXBTC15M-26MAY081100-00 yes_bid=0 yes_ask=0 no_bid=100 no_ask=100 book_ready=True position=False pending=False dry_run=False trust=synced run_id=68d0e657-aff6-4d28-836d-fd8ca819d20c
2026-05-08 10:59:37,180 | INFO | Heartbeat | watch=KXBTC15M-26MAY081100-00 yes_bid=0 yes_ask=0 no_bid=100 no_ask=100 book_ready=True position=False pending=False dry_run=False trust=synced run_id=68d0e657-aff6-4d28-836d-fd8ca819d20c
2026-05-08 10:59:43,328 | WARNING | BTC market context refresh failed. error=HTTPSConnectionPool(host='data-api.binance.vision', port=443): Read timed out. (read timeout=5.0)
2026-05-08 10:59:52,189 | INFO | Heartbeat | watch=KXBTC15M-26MAY081100-00 yes_bid=0 yes_ask=0 no_bid=100 no_ask=100 book_ready=True position=False pending=False dry_run=False trust=synced run_id=68d0e657-aff6-4d28-836d-fd8ca819d20c
2026-05-08 11:00:05,743 | WARNING | BTC market context refresh failed. error=HTTPSConnectionPool(host='data-api.binance.vision', port=443): Read timed out. (read timeout=5.0)
2026-05-08 11:00:07,189 | INFO | Heartbeat | watch=KXBTC15M-26MAY081100-00 yes_bid=0 yes_ask=100 no_bid=0 no_ask=100 book_ready=True position=False pending=False dry_run=False trust=synced run_id=68d0e657-aff6-4d28-836d-fd8ca819d20c
2026-05-08 11:00:07,710 | INFO | Orderbook snapshot ready for KXBTC15M-26MAY081100-00
2026-05-08 11:00:17,363 | INFO | Watching market KXBTC15M-26MAY081115-15 close_time=2026-05-08T15:15:00Z status=active strike=80121.25 run_id=68d0e657-aff6-4d28-836d-fd8ca819d20c
2026-05-08 11:00:17,546 | INFO | WS connected for KXBTC15M-26MAY081115-15
2026-05-08 11:00:17,593 | INFO | WS subscribed payload: {'type': 'subscribed', 'id': 6, 'msg': {'channel': 'ticker', 'sid': 1}}
2026-05-08 11:00:17,595 | INFO | WS subscribed payload: {'type': 'subscribed', 'id': 6, 'msg': {'channel': 'orderbook_delta', 'sid': 2}}
2026-05-08 11:00:17,597 | INFO | Orderbook snapshot ready for KXBTC15M-26MAY081115-15
2026-05-08 11:00:19,927 | WARNING | BTC market context refresh failed. error=HTTPSConnectionPool(host='data-api.binance.vision', port=443): Read timed out. (read timeout=5.0)
2026-05-08 11:00:22,177 | INFO | Heartbeat | watch=KXBTC15M-26MAY081115-15 yes_bid=50 yes_ask=51 no_bid=49 no_ask=50 book_ready=True position=False pending=False dry_run=False trust=synced run_id=68d0e657-aff6-4d28-836d-fd8ca819d20c
2026-05-08 11:00:31,675 | WARNING | BTC market context refresh failed. error=HTTPSConnectionPool(host='data-api.binance.vision', port=443): Read timed out. (read timeout=5.0)
2026-05-08 11:00:37,179 | INFO | Heartbeat | watch=KXBTC15M-26MAY081115-15 yes_bid=58 yes_ask=59 no_bid=41 no_ask=42 book_ready=True position=False pending=False dry_run=False trust=synced run_id=68d0e657-aff6-4d28-836d-fd8ca819d20c
2026-05-08 11:00:52,201 | INFO | Heartbeat | watch=KXBTC15M-26MAY081115-15 yes_bid=63 yes_ask=64 no_bid=36 no_ask=37 book_ready=True position=False pending=False dry_run=False trust=synced run_id=68d0e657-aff6-4d28-836d-fd8ca819d20c
2026-05-08 11:00:57,153 | WARNING | BTC market context refresh failed. error=HTTPSConnectionPool(host='data-api.binance.vision', port=443): Read timed out. (read timeout=5.0)
2026-05-08 11:01:07,219 | INFO | Heartbeat | watch=KXBTC15M-26MAY081115-15 yes_bid=58 yes_ask=59 no_bid=41 no_ask=42 book_ready=True position=False pending=False dry_run=False trust=synced run_id=68d0e657-aff6-4d28-836d-fd8ca819d20c
2026-05-08 11:01:19,759 | WARNING | BTC market context refresh failed. error=HTTPSConnectionPool(host='data-api.binance.vision', port=443): Read timed out. (read timeout=5.0)
2026-05-08 11:01:22,258 | INFO | Heartbeat | watch=KXBTC15M-26MAY081115-15 yes_bid=55 yes_ask=56 no_bid=44 no_ask=45 book_ready=True position=False pending=False dry_run=False trust=synced run_id=68d0e657-aff6-4d28-836d-fd8ca819d20c
2026-05-08 11:01:37,298 | INFO | Heartbeat | watch=KXBTC15M-26MAY081115-15 yes_bid=55 yes_ask=57 no_bid=43 no_ask=45 book_ready=True position=False pending=False dry_run=False trust=synced run_id=68d0e657-aff6-4d28-836d-fd8ca819d20c
2026-05-08 11:01:52,287 | INFO | Heartbeat | watch=KXBTC15M-26MAY081115-15 yes_bid=61 yes_ask=62 no_bid=38 no_ask=39 book_ready=True position=False pending=False dry_run=False trust=synced run_id=68d0e657-aff6-4d28-836d-fd8ca819d20c
2026-05-08 11:02:07,326 | INFO | Heartbeat | watch=KXBTC15M-26MAY081115-15 yes_bid=61 yes_ask=62 no_bid=38 no_ask=39 book_ready=True position=False pending=False dry_run=False trust=synced run_id=68d0e657-aff6-4d28-836d-fd8ca819d20c
2026-05-08 11:02:22,321 | INFO | Heartbeat | watch=KXBTC15M-26MAY081115-15 yes_bid=63 yes_ask=65 no_bid=35 no_ask=37 book_ready=True position=False pending=False dry_run=False trust=synced run_id=68d0e657-aff6-4d28-836d-fd8ca819d20c
2026-05-08 11:02:37,342 | INFO | Heartbeat | watch=KXBTC15M-26MAY081115-15 yes_bid=47 yes_ask=48 no_bid=52 no_ask=53 book_ready=True position=False pending=False dry_run=False trust=synced run_id=68d0e657-aff6-4d28-836d-fd8ca819d20c
2026-05-08 11:02:52,361 | INFO | Heartbeat | watch=KXBTC15M-26MAY081115-15 yes_bid=48 yes_ask=49 no_bid=51 no_ask=52 book_ready=True position=False pending=False dry_run=False trust=synced run_id=68d0e657-aff6-4d28-836d-fd8ca819d20c
2026-05-08 11:03:03,566 | WARNING | BTC market context refresh failed. error=HTTPSConnectionPool(host='data-api.binance.vision', port=443): Read timed out. (read timeout=5.0)
2026-05-08 11:03:07,353 | INFO | Heartbeat | watch=KXBTC15M-26MAY081115-15 yes_bid=41 yes_ask=42 no_bid=58 no_ask=59 book_ready=True position=False pending=False dry_run=False trust=synced run_id=68d0e657-aff6-4d28-836d-fd8ca819d20c
2026-05-08 11:03:22,370 | INFO | Heartbeat | watch=KXBTC15M-26MAY081115-15 yes_bid=37 yes_ask=38 no_bid=62 no_ask=63 book_ready=True position=False pending=False dry_run=False trust=synced run_id=68d0e657-aff6-4d28-836d-fd8ca819d20c
2026-05-08 11:03:25,253 | WARNING | BTC market context refresh failed. error=HTTPSConnectionPool(host='data-api.binance.vision', port=443): Read timed out. (read timeout=5.0)
2026-05-08 11:03:37,385 | INFO | Heartbeat | watch=KXBTC15M-26MAY081115-15 yes_bid=25 yes_ask=26 no_bid=74 no_ask=75 book_ready=True position=False pending=False dry_run=False trust=synced run_id=68d0e657-aff6-4d28-836d-fd8ca819d20c
2026-05-08 11:03:52,408 | INFO | Heartbeat | watch=KXBTC15M-26MAY081115-15 yes_bid=28 yes_ask=29 no_bid=71 no_ask=72 book_ready=True position=False pending=False dry_run=False trust=synced run_id=68d0e657-aff6-4d28-836d-fd8ca819d20c
2026-05-08 11:03:53,917 | WARNING | BTC market context refresh failed. error=HTTPSConnectionPool(host='data-api.binance.vision', port=443): Read timed out. (read timeout=5.0)
2026-05-08 11:04:06,138 | WARNING | BTC market context refresh failed. error=HTTPSConnectionPool(host='data-api.binance.vision', port=443): Read timed out. (read timeout=5.0)
2026-05-08 11:04:07,395 | INFO | Heartbeat | watch=KXBTC15M-26MAY081115-15 yes_bid=25 yes_ask=26 no_bid=74 no_ask=75 book_ready=True position=False pending=False dry_run=False trust=synced run_id=68d0e657-aff6-4d28-836d-fd8ca819d20c
2026-05-08 11:04:22,402 | INFO | Heartbeat | watch=KXBTC15M-26MAY081115-15 yes_bid=22 yes_ask=23 no_bid=77 no_ask=78 book_ready=True position=False pending=False dry_run=False trust=synced run_id=68d0e657-aff6-4d28-836d-fd8ca819d20c
2026-05-08 11:04:25,270 | WARNING | BTC market context refresh failed. error=HTTPSConnectionPool(host='data-api.binance.vision', port=443): Read timed out. (read timeout=5.0)
2026-05-08 11:04:28,067 | INFO | Mushroom v28 entry approved | market=KXBTC15M-26MAY081115-15 side=no ask=79c max_buy=81c qty=1 p_side=0.8620 edge=5.196c depth=100 btc_age_ms=16.0 secs_to_close=631.94
2026-05-08 11:04:28,091 | INFO | Execution state | market=KXBTC15M-26MAY081115-15 side=no state=eligible reason=pre_filters_disabled trust=synced run_id=68d0e657-aff6-4d28-836d-fd8ca819d20c
2026-05-08 11:04:28,091 | INFO | Execution deferred | market=KXBTC15M-26MAY081115-15 side=no reason=fast_fill_window_too_short trigger=79 top_of_book=79 book=[79:100, 80:379.04, 81:1617.26, 82:1772.91, 83:99] trust=synced
2026-05-08 11:04:28,091 | INFO | Execution state | market=KXBTC15M-26MAY081115-15 side=no state=abandoned reason=fast_fill_window_too_short trust=synced run_id=68d0e657-aff6-4d28-836d-fd8ca819d20c
2026-05-08 11:04:28,107 | INFO | Mushroom v28 entry approved | market=KXBTC15M-26MAY081115-15 side=no ask=79c max_buy=81c qty=1 p_side=0.8620 edge=5.197c depth=100 btc_age_ms=47.0 secs_to_close=631.89
2026-05-08 11:04:28,123 | INFO | Execution state | market=KXBTC15M-26MAY081115-15 side=no state=eligible reason=pre_filters_disabled trust=synced run_id=68d0e657-aff6-4d28-836d-fd8ca819d20c
2026-05-08 11:04:28,124 | INFO | Execution deferred | market=KXBTC15M-26MAY081115-15 side=no reason=fast_fill_window_too_short trigger=79 top_of_book=79 book=[79:100, 80:379.04, 81:1617.26, 82:1772.91, 83:99] trust=synced
2026-05-08 11:04:28,125 | INFO | Execution state | market=KXBTC15M-26MAY081115-15 side=no state=abandoned reason=fast_fill_window_too_short trust=synced run_id=68d0e657-aff6-4d28-836d-fd8ca819d20c
2026-05-08 11:04:28,633 | INFO | Mushroom v28 entry approved | market=KXBTC15M-26MAY081115-15 side=no ask=80c max_buy=80c qty=1 p_side=0.8500 edge=3.002c depth=37.63 btc_age_ms=0.0 secs_to_close=631.37
2026-05-08 11:04:28,657 | INFO | Execution state | market=KXBTC15M-26MAY081115-15 side=no state=eligible reason=pre_filters_disabled trust=synced run_id=68d0e657-aff6-4d28-836d-fd8ca819d20c
2026-05-08 11:04:28,658 | INFO | Live fill policy approved | market=KXBTC15M-26MAY081115-15 side=no trigger=80c tif=immediate_or_cancel limit=80c depth=37.63 required=2 book_age_ms=47.0 secs_to_close=631.37 reason=single_shot_abundant_depth
2026-05-08 11:04:28,662 | INFO | ENTRY signal | market=KXBTC15M-26MAY081115-15 action=buy side=no trigger=80c limit=80c qty=1 book_ready=True
2026-05-08 11:04:28,662 | INFO | Execution state | market=KXBTC15M-26MAY081115-15 side=no state=submitting reason=single_shot_abundant_depth trust=synced run_id=68d0e657-aff6-4d28-836d-fd8ca819d20c
2026-05-08 11:04:28,717 | INFO | Execution state | market=KXBTC15M-26MAY081115-15 side=no state=abandoned reason=zero_fill trust=synced run_id=68d0e657-aff6-4d28-836d-fd8ca819d20c
2026-05-08 11:04:37,432 | INFO | Heartbeat | watch=KXBTC15M-26MAY081115-15 yes_bid=15 yes_ask=16 no_bid=84 no_ask=85 book_ready=True position=False pending=False dry_run=False trust=synced run_id=68d0e657-aff6-4d28-836d-fd8ca819d20c
2026-05-08 11:04:52,444 | INFO | Heartbeat | watch=KXBTC15M-26MAY081115-15 yes_bid=15 yes_ask=16 no_bid=84 no_ask=85 book_ready=True position=False pending=False dry_run=False trust=synced run_id=68d0e657-aff6-4d28-836d-fd8ca819d20c
2026-05-08 11:05:07,451 | INFO | Heartbeat | watch=KXBTC15M-26MAY081115-15 yes_bid=16 yes_ask=17 no_bid=83 no_ask=84 book_ready=True position=False pending=False dry_run=False trust=synced run_id=68d0e657-aff6-4d28-836d-fd8ca819d20c
2026-05-08 11:05:22,477 | INFO | Heartbeat | watch=KXBTC15M-26MAY081115-15 yes_bid=14 yes_ask=15 no_bid=85 no_ask=86 book_ready=True position=False pending=False dry_run=False trust=synced run_id=68d0e657-aff6-4d28-836d-fd8ca819d20c
2026-05-08 11:05:37,503 | INFO | Heartbeat | watch=KXBTC15M-26MAY081115-15 yes_bid=12 yes_ask=13 no_bid=87 no_ask=88 book_ready=True position=False pending=False dry_run=False trust=synced run_id=68d0e657-aff6-4d28-836d-fd8ca819d20c
2026-05-08 11:05:40,339 | WARNING | BTC market context refresh failed. error=HTTPSConnectionPool(host='data-api.binance.vision', port=443): Read timed out. (read timeout=5.0)
2026-05-08 11:05:52,506 | INFO | Heartbeat | watch=KXBTC15M-26MAY081115-15 yes_bid=12 yes_ask=13 no_bid=87 no_ask=88 book_ready=True position=False pending=False dry_run=False trust=synced run_id=68d0e657-aff6-4d28-836d-fd8ca819d20c
2026-05-08 11:06:01,125 | WARNING | BTC market context refresh failed. error=HTTPSConnectionPool(host='data-api.binance.vision', port=443): Read timed out. (read timeout=5.0)
2026-05-08 11:06:07,517 | INFO | Heartbeat | watch=KXBTC15M-26MAY081115-15 yes_bid=18 yes_ask=19 no_bid=81 no_ask=82 book_ready=True position=False pending=False dry_run=False trust=synced run_id=68d0e657-aff6-4d28-836d-fd8ca819d20c
2026-05-08 11:06:21,299 | WARNING | BTC market context refresh failed. error=HTTPSConnectionPool(host='data-api.binance.vision', port=443): Read timed out. (read timeout=5.0)
2026-05-08 11:06:22,509 | INFO | Heartbeat | watch=KXBTC15M-26MAY081115-15 yes_bid=21 yes_ask=22 no_bid=78 no_ask=79 book_ready=True position=False pending=False dry_run=False trust=synced run_id=68d0e657-aff6-4d28-836d-fd8ca819d20c
2026-05-08 11:06:33,525 | WARNING | BTC market context refresh failed. error=HTTPSConnectionPool(host='data-api.binance.vision', port=443): Read timed out. (read timeout=5.0)
2026-05-08 11:06:37,581 | INFO | Heartbeat | watch=KXBTC15M-26MAY081115-15 yes_bid=24 yes_ask=25 no_bid=75 no_ask=76 book_ready=True position=False pending=False dry_run=False trust=synced run_id=68d0e657-aff6-4d28-836d-fd8ca819d20c
2026-05-08 11:06:45,620 | WARNING | BTC market context refresh failed. error=HTTPSConnectionPool(host='data-api.binance.vision', port=443): Read timed out. (read timeout=5.0)
2026-05-08 11:06:52,612 | INFO | Heartbeat | watch=KXBTC15M-26MAY081115-15 yes_bid=33 yes_ask=34 no_bid=66 no_ask=67 book_ready=True position=False pending=False dry_run=False trust=synced run_id=68d0e657-aff6-4d28-836d-fd8ca819d20c
2026-05-08 11:07:07,618 | INFO | Heartbeat | watch=KXBTC15M-26MAY081115-15 yes_bid=31 yes_ask=32 no_bid=68 no_ask=69 book_ready=True position=False pending=False dry_run=False trust=synced run_id=68d0e657-aff6-4d28-836d-fd8ca819d20c
2026-05-08 11:07:22,649 | INFO | Heartbeat | watch=KXBTC15M-26MAY081115-15 yes_bid=35 yes_ask=37 no_bid=63 no_ask=65 book_ready=True position=False pending=False dry_run=False trust=synced run_id=68d0e657-aff6-4d28-836d-fd8ca819d20c
2026-05-08 11:07:29,365 | WARNING | BTC market context refresh failed. error=HTTPSConnectionPool(host='data-api.binance.vision', port=443): Read timed out. (read timeout=5.0)
2026-05-08 11:07:37,662 | INFO | Heartbeat | watch=KXBTC15M-26MAY081115-15 yes_bid=32 yes_ask=33 no_bid=67 no_ask=68 book_ready=True position=False pending=False dry_run=False trust=synced run_id=68d0e657-aff6-4d28-836d-fd8ca819d20c
2026-05-08 11:07:50,325 | WARNING | BTC market context refresh failed. error=HTTPSConnectionPool(host='data-api.binance.vision', port=443): Read timed out. (read timeout=5.0)
2026-05-08 11:07:52,678 | INFO | Heartbeat | watch=KXBTC15M-26MAY081115-15 yes_bid=27 yes_ask=28 no_bid=72 no_ask=73 book_ready=True position=False pending=False dry_run=False trust=synced run_id=68d0e657-aff6-4d28-836d-fd8ca819d20c
2026-05-08 11:08:07,684 | INFO | Heartbeat | watch=KXBTC15M-26MAY081115-15 yes_bid=21 yes_ask=22 no_bid=78 no_ask=79 book_ready=True position=False pending=False dry_run=False trust=synced run_id=68d0e657-aff6-4d28-836d-fd8ca819d20c
2026-05-08 11:08:22,714 | INFO | Heartbeat | watch=KXBTC15M-26MAY081115-15 yes_bid=15 yes_ask=17 no_bid=83 no_ask=85 book_ready=True position=False pending=False dry_run=False trust=synced run_id=68d0e657-aff6-4d28-836d-fd8ca819d20c
2026-05-08 11:08:29,630 | WARNING | BTC market context refresh failed. error=HTTPSConnectionPool(host='data-api.binance.vision', port=443): Read timed out. (read timeout=5.0)
2026-05-08 11:08:37,780 | INFO | Heartbeat | watch=KXBTC15M-26MAY081115-15 yes_bid=8 yes_ask=9 no_bid=91 no_ask=92 book_ready=True position=False pending=False dry_run=False trust=synced run_id=68d0e657-aff6-4d28-836d-fd8ca819d20c
2026-05-08 11:08:52,782 | INFO | Heartbeat | watch=KXBTC15M-26MAY081115-15 yes_bid=8 yes_ask=8 no_bid=92 no_ask=92 book_ready=True position=False pending=False dry_run=False trust=synced run_id=68d0e657-aff6-4d28-836d-fd8ca819d20c
2026-05-08 11:09:03,474 | WARNING | BTC market context refresh failed. error=HTTPSConnectionPool(host='data-api.binance.vision', port=443): Read timed out. (read timeout=5.0)
2026-05-08 11:09:07,810 | INFO | Heartbeat | watch=KXBTC15M-26MAY081115-15 yes_bid=6 yes_ask=7 no_bid=93 no_ask=94 book_ready=True position=False pending=False dry_run=False trust=synced run_id=68d0e657-aff6-4d28-836d-fd8ca819d20c
2026-05-08 11:09:22,803 | INFO | Heartbeat | watch=KXBTC15M-26MAY081115-15 yes_bid=5 yes_ask=5 no_bid=95 no_ask=95 book_ready=True position=False pending=False dry_run=False trust=synced run_id=68d0e657-aff6-4d28-836d-fd8ca819d20c
2026-05-08 11:09:31,754 | WARNING | BTC market context refresh failed. error=HTTPSConnectionPool(host='data-api.binance.vision', port=443): Read timed out. (read timeout=5.0)
2026-05-08 11:09:37,881 | INFO | Heartbeat | watch=KXBTC15M-26MAY081115-15 yes_bid=7 yes_ask=7 no_bid=93 no_ask=93 book_ready=True position=False pending=False dry_run=False trust=synced run_id=68d0e657-aff6-4d28-836d-fd8ca819d20c
2026-05-08 11:09:52,904 | INFO | Heartbeat | watch=KXBTC15M-26MAY081115-15 yes_bid=5 yes_ask=5 no_bid=95 no_ask=95 book_ready=True position=False pending=False dry_run=False trust=synced run_id=68d0e657-aff6-4d28-836d-fd8ca819d20c
2026-05-08 11:09:57,608 | WARNING | BTC market context refresh failed. error=HTTPSConnectionPool(host='data-api.binance.vision', port=443): Read timed out. (read timeout=5.0)
2026-05-08 11:10:07,893 | INFO | Heartbeat | watch=KXBTC15M-26MAY081115-15 yes_bid=4 yes_ask=4 no_bid=96 no_ask=96 book_ready=True position=False pending=False dry_run=False trust=synced run_id=68d0e657-aff6-4d28-836d-fd8ca819d20c
2026-05-08 11:10:10,502 | WARNING | BTC market context refresh failed. error=HTTPSConnectionPool(host='data-api.binance.vision', port=443): Read timed out. (read timeout=5.0)
2026-05-08 11:10:22,892 | INFO | Heartbeat | watch=KXBTC15M-26MAY081115-15 yes_bid=3 yes_ask=4 no_bid=96 no_ask=97 book_ready=True position=False pending=False dry_run=False trust=synced run_id=68d0e657-aff6-4d28-836d-fd8ca819d20c
2026-05-08 11:10:37,909 | INFO | Heartbeat | watch=KXBTC15M-26MAY081115-15 yes_bid=2 yes_ask=3 no_bid=97 no_ask=98 book_ready=True position=False pending=False dry_run=False trust=synced run_id=68d0e657-aff6-4d28-836d-fd8ca819d20c
2026-05-08 11:10:52,941 | INFO | Heartbeat | watch=KXBTC15M-26MAY081115-15 yes_bid=2 yes_ask=3 no_bid=97 no_ask=98 book_ready=True position=False pending=False dry_run=False trust=synced run_id=68d0e657-aff6-4d28-836d-fd8ca819d20c
2026-05-08 11:11:07,964 | INFO | Heartbeat | watch=KXBTC15M-26MAY081115-15 yes_bid=2 yes_ask=2 no_bid=98 no_ask=98 book_ready=True position=False pending=False dry_run=False trust=synced run_id=68d0e657-aff6-4d28-836d-fd8ca819d20c
2026-05-08 11:11:23,008 | INFO | Heartbeat | watch=KXBTC15M-26MAY081115-15 yes_bid=3 yes_ask=3 no_bid=97 no_ask=97 book_ready=True position=False pending=False dry_run=False trust=synced run_id=68d0e657-aff6-4d28-836d-fd8ca819d20c
2026-05-08 11:11:28,220 | WARNING | BTC market context refresh failed. error=HTTPSConnectionPool(host='data-api.binance.vision', port=443): Read timed out. (read timeout=5.0)
2026-05-08 11:11:38,031 | INFO | Heartbeat | watch=KXBTC15M-26MAY081115-15 yes_bid=3 yes_ask=4 no_bid=96 no_ask=97 book_ready=True position=False pending=False dry_run=False trust=synced run_id=68d0e657-aff6-4d28-836d-fd8ca819d20c
2026-05-08 11:11:53,038 | INFO | Heartbeat | watch=KXBTC15M-26MAY081115-15 yes_bid=3 yes_ask=3 no_bid=97 no_ask=97 book_ready=True position=False pending=False dry_run=False trust=synced run_id=68d0e657-aff6-4d28-836d-fd8ca819d20c
2026-05-08 11:12:08,069 | INFO | Heartbeat | watch=KXBTC15M-26MAY081115-15 yes_bid=1 yes_ask=1 no_bid=99 no_ask=99 book_ready=True position=False pending=False dry_run=False trust=synced run_id=68d0e657-aff6-4d28-836d-fd8ca819d20c
2026-05-08 11:12:17,836 | WARNING | BTC market context refresh failed. error=HTTPSConnectionPool(host='data-api.binance.vision', port=443): Read timed out. (read timeout=5.0)
2026-05-08 11:12:23,069 | INFO | Heartbeat | watch=KXBTC15M-26MAY081115-15 yes_bid=1 yes_ask=1 no_bid=99 no_ask=99 book_ready=True position=False pending=False dry_run=False trust=synced run_id=68d0e657-aff6-4d28-836d-fd8ca819d20c
2026-05-08 11:12:38,066 | INFO | Heartbeat | watch=KXBTC15M-26MAY081115-15 yes_bid=0 yes_ask=1 no_bid=99 no_ask=100 book_ready=True position=False pending=False dry_run=False trust=synced run_id=68d0e657-aff6-4d28-836d-fd8ca819d20c
2026-05-08 11:12:53,065 | INFO | Heartbeat | watch=KXBTC15M-26MAY081115-15 yes_bid=0 yes_ask=1 no_bid=99 no_ask=100 book_ready=True position=False pending=False dry_run=False trust=synced run_id=68d0e657-aff6-4d28-836d-fd8ca819d20c
2026-05-08 11:13:00,824 | WARNING | BTC market context refresh failed. error=HTTPSConnectionPool(host='data-api.binance.vision', port=443): Read timed out. (read timeout=5.0)
2026-05-08 11:13:08,114 | INFO | Heartbeat | watch=KXBTC15M-26MAY081115-15 yes_bid=0 yes_ask=0 no_bid=100 no_ask=100 book_ready=True position=False pending=False dry_run=False trust=synced run_id=68d0e657-aff6-4d28-836d-fd8ca819d20c
2026-05-08 11:13:12,966 | WARNING | BTC market context refresh failed. error=HTTPSConnectionPool(host='data-api.binance.vision', port=443): Read timed out. (read timeout=5.0)
2026-05-08 11:13:23,123 | INFO | Heartbeat | watch=KXBTC15M-26MAY081115-15 yes_bid=0 yes_ask=0 no_bid=100 no_ask=100 book_ready=True position=False pending=False dry_run=False trust=synced run_id=68d0e657-aff6-4d28-836d-fd8ca819d20c
2026-05-08 11:13:25,810 | WARNING | BTC market context refresh failed. error=HTTPSConnectionPool(host='data-api.binance.vision', port=443): Read timed out. (read timeout=5.0)
2026-05-08 11:13:38,130 | INFO | Heartbeat | watch=KXBTC15M-26MAY081115-15 yes_bid=0 yes_ask=0 no_bid=100 no_ask=100 book_ready=True position=False pending=False dry_run=False trust=synced run_id=68d0e657-aff6-4d28-836d-fd8ca819d20c
2026-05-08 11:13:46,569 | WARNING | BTC market context refresh failed. error=HTTPSConnectionPool(host='data-api.binance.vision', port=443): Read timed out. (read timeout=5.0)
2026-05-08 11:13:53,169 | INFO | Heartbeat | watch=KXBTC15M-26MAY081115-15 yes_bid=0 yes_ask=0 no_bid=100 no_ask=100 book_ready=True position=False pending=False dry_run=False trust=synced run_id=68d0e657-aff6-4d28-836d-fd8ca819d20c
2026-05-08 11:14:08,360 | INFO | Heartbeat | watch=KXBTC15M-26MAY081115-15 yes_bid=0 yes_ask=0 no_bid=100 no_ask=100 book_ready=True position=False pending=False dry_run=False trust=synced run_id=68d0e657-aff6-4d28-836d-fd8ca819d20c
2026-05-08 11:14:23,403 | INFO | Heartbeat | watch=KXBTC15M-26MAY081115-15 yes_bid=0 yes_ask=0 no_bid=100 no_ask=100 book_ready=True position=False pending=False dry_run=False trust=synced run_id=68d0e657-aff6-4d28-836d-fd8ca819d20c
2026-05-08 11:14:38,425 | INFO | Heartbeat | watch=KXBTC15M-26MAY081115-15 yes_bid=0 yes_ask=0 no_bid=100 no_ask=100 book_ready=True position=False pending=False dry_run=False trust=synced run_id=68d0e657-aff6-4d28-836d-fd8ca819d20c
2026-05-08 11:14:53,426 | INFO | Heartbeat | watch=KXBTC15M-26MAY081115-15 yes_bid=0 yes_ask=0 no_bid=100 no_ask=100 book_ready=True position=False pending=False dry_run=False trust=synced run_id=68d0e657-aff6-4d28-836d-fd8ca819d20c
2026-05-08 11:15:01,299 | WARNING | BTC market context refresh failed. error=HTTPSConnectionPool(host='data-api.binance.vision', port=443): Read timed out. (read timeout=5.0)
2026-05-08 11:15:08,419 | INFO | Heartbeat | watch=KXBTC15M-26MAY081115-15 yes_bid=0 yes_ask=100 no_bid=0 no_ask=100 book_ready=True position=False pending=False dry_run=False trust=synced run_id=68d0e657-aff6-4d28-836d-fd8ca819d20c
2026-05-08 11:15:12,536 | INFO | Orderbook snapshot ready for KXBTC15M-26MAY081115-15
2026-05-08 11:15:14,534 | WARNING | BTC market context refresh failed. error=HTTPSConnectionPool(host='data-api.binance.vision', port=443): Read timed out. (read timeout=5.0)
2026-05-08 11:15:17,558 | INFO | Watching market KXBTC15M-26MAY081130-30 close_time=2026-05-08T15:30:00Z status=active strike=79866.07 run_id=68d0e657-aff6-4d28-836d-fd8ca819d20c
2026-05-08 11:15:17,780 | INFO | WS connected for KXBTC15M-26MAY081130-30
2026-05-08 11:15:17,824 | INFO | WS subscribed payload: {'type': 'subscribed', 'id': 7, 'msg': {'channel': 'ticker', 'sid': 1}}
2026-05-08 11:15:17,826 | INFO | WS subscribed payload: {'type': 'subscribed', 'id': 7, 'msg': {'channel': 'orderbook_delta', 'sid': 2}}
2026-05-08 11:15:17,828 | INFO | Orderbook snapshot ready for KXBTC15M-26MAY081130-30
2026-05-08 11:15:23,431 | INFO | Heartbeat | watch=KXBTC15M-26MAY081130-30 yes_bid=55 yes_ask=57 no_bid=43 no_ask=45 book_ready=True position=False pending=False dry_run=False trust=synced run_id=68d0e657-aff6-4d28-836d-fd8ca819d20c
2026-05-08 11:15:38,446 | INFO | Heartbeat | watch=KXBTC15M-26MAY081130-30 yes_bid=42 yes_ask=43 no_bid=57 no_ask=58 book_ready=True position=False pending=False dry_run=False trust=synced run_id=68d0e657-aff6-4d28-836d-fd8ca819d20c
2026-05-08 11:15:38,586 | WARNING | BTC market context refresh failed. error=HTTPSConnectionPool(host='data-api.binance.vision', port=443): Read timed out. (read timeout=5.0)
2026-05-08 11:15:53,471 | INFO | Heartbeat | watch=KXBTC15M-26MAY081130-30 yes_bid=35 yes_ask=36 no_bid=64 no_ask=65 book_ready=True position=False pending=False dry_run=False trust=synced run_id=68d0e657-aff6-4d28-836d-fd8ca819d20c
2026-05-08 11:16:08,500 | INFO | Heartbeat | watch=KXBTC15M-26MAY081130-30 yes_bid=41 yes_ask=42 no_bid=58 no_ask=59 book_ready=True position=False pending=False dry_run=False trust=synced run_id=68d0e657-aff6-4d28-836d-fd8ca819d20c
2026-05-08 11:16:21,850 | WARNING | BTC market context refresh failed. error=HTTPSConnectionPool(host='data-api.binance.vision', port=443): Read timed out. (read timeout=5.0)
2026-05-08 11:16:23,499 | INFO | Heartbeat | watch=KXBTC15M-26MAY081130-30 yes_bid=38 yes_ask=39 no_bid=61 no_ask=62 book_ready=True position=False pending=False dry_run=False trust=synced run_id=68d0e657-aff6-4d28-836d-fd8ca819d20c
2026-05-08 11:16:38,544 | INFO | Heartbeat | watch=KXBTC15M-26MAY081130-30 yes_bid=38 yes_ask=39 no_bid=61 no_ask=62 book_ready=True position=False pending=False dry_run=False trust=synced run_id=68d0e657-aff6-4d28-836d-fd8ca819d20c
2026-05-08 11:16:53,548 | INFO | Heartbeat | watch=KXBTC15M-26MAY081130-30 yes_bid=46 yes_ask=47 no_bid=53 no_ask=54 book_ready=True position=False pending=False dry_run=False trust=synced run_id=68d0e657-aff6-4d28-836d-fd8ca819d20c
2026-05-08 11:16:54,402 | WARNING | BTC market context refresh failed. error=HTTPSConnectionPool(host='data-api.binance.vision', port=443): Read timed out. (read timeout=5.0)
2026-05-08 11:17:08,584 | INFO | Heartbeat | watch=KXBTC15M-26MAY081130-30 yes_bid=46 yes_ask=47 no_bid=53 no_ask=54 book_ready=True position=False pending=False dry_run=False trust=synced run_id=68d0e657-aff6-4d28-836d-fd8ca819d20c
2026-05-08 11:17:23,591 | INFO | Heartbeat | watch=KXBTC15M-26MAY081130-30 yes_bid=48 yes_ask=49 no_bid=51 no_ask=52 book_ready=True position=False pending=False dry_run=False trust=synced run_id=68d0e657-aff6-4d28-836d-fd8ca819d20c
2026-05-08 11:17:38,593 | INFO | Heartbeat | watch=KXBTC15M-26MAY081130-30 yes_bid=50 yes_ask=51 no_bid=49 no_ask=50 book_ready=True position=False pending=False dry_run=False trust=synced run_id=68d0e657-aff6-4d28-836d-fd8ca819d20c
2026-05-08 11:17:53,600 | INFO | Heartbeat | watch=KXBTC15M-26MAY081130-30 yes_bid=46 yes_ask=47 no_bid=53 no_ask=54 book_ready=True position=False pending=False dry_run=False trust=synced run_id=68d0e657-aff6-4d28-836d-fd8ca819d20c
2026-05-08 11:18:08,614 | INFO | Heartbeat | watch=KXBTC15M-26MAY081130-30 yes_bid=46 yes_ask=47 no_bid=53 no_ask=54 book_ready=True position=False pending=False dry_run=False trust=synced run_id=68d0e657-aff6-4d28-836d-fd8ca819d20c
2026-05-08 11:18:23,616 | INFO | Heartbeat | watch=KXBTC15M-26MAY081130-30 yes_bid=37 yes_ask=38 no_bid=62 no_ask=63 book_ready=True position=False pending=False dry_run=False trust=synced run_id=68d0e657-aff6-4d28-836d-fd8ca819d20c
2026-05-08 11:18:38,606 | INFO | Heartbeat | watch=KXBTC15M-26MAY081130-30 yes_bid=32 yes_ask=34 no_bid=66 no_ask=68 book_ready=True position=False pending=False dry_run=False trust=synced run_id=68d0e657-aff6-4d28-836d-fd8ca819d20c
2026-05-08 11:18:53,611 | INFO | Heartbeat | watch=KXBTC15M-26MAY081130-30 yes_bid=28 yes_ask=29 no_bid=71 no_ask=72 book_ready=True position=False pending=False dry_run=False trust=synced run_id=68d0e657-aff6-4d28-836d-fd8ca819d20c
2026-05-08 11:19:08,608 | INFO | Heartbeat | watch=KXBTC15M-26MAY081130-30 yes_bid=37 yes_ask=38 no_bid=62 no_ask=63 book_ready=True position=False pending=False dry_run=False trust=synced run_id=68d0e657-aff6-4d28-836d-fd8ca819d20c
2026-05-08 11:19:23,639 | INFO | Heartbeat | watch=KXBTC15M-26MAY081130-30 yes_bid=36 yes_ask=37 no_bid=63 no_ask=64 book_ready=True position=False pending=False dry_run=False trust=synced run_id=68d0e657-aff6-4d28-836d-fd8ca819d20c
2026-05-08 11:19:38,666 | INFO | Heartbeat | watch=KXBTC15M-26MAY081130-30 yes_bid=36 yes_ask=37 no_bid=63 no_ask=64 book_ready=True position=False pending=False dry_run=False trust=synced run_id=68d0e657-aff6-4d28-836d-fd8ca819d20c
2026-05-08 11:19:53,671 | INFO | Heartbeat | watch=KXBTC15M-26MAY081130-30 yes_bid=38 yes_ask=39 no_bid=61 no_ask=62 book_ready=True position=False pending=False dry_run=False trust=synced run_id=68d0e657-aff6-4d28-836d-fd8ca819d20c
2026-05-08 11:20:01,756 | WARNING | BTC market context refresh failed. error=HTTPSConnectionPool(host='data-api.binance.vision', port=443): Read timed out. (read timeout=5.0)
2026-05-08 11:20:08,712 | INFO | Heartbeat | watch=KXBTC15M-26MAY081130-30 yes_bid=33 yes_ask=34 no_bid=66 no_ask=67 book_ready=True position=False pending=False dry_run=False trust=synced run_id=68d0e657-aff6-4d28-836d-fd8ca819d20c
2026-05-08 11:20:13,949 | WARNING | BTC market context refresh failed. error=HTTPSConnectionPool(host='data-api.binance.vision', port=443): Read timed out. (read timeout=5.0)
2026-05-08 11:20:23,701 | INFO | Heartbeat | watch=KXBTC15M-26MAY081130-30 yes_bid=34 yes_ask=35 no_bid=65 no_ask=66 book_ready=True position=False pending=False dry_run=False trust=synced run_id=68d0e657-aff6-4d28-836d-fd8ca819d20c
2026-05-08 11:20:38,722 | INFO | Heartbeat | watch=KXBTC15M-26MAY081130-30 yes_bid=33 yes_ask=34 no_bid=66 no_ask=67 book_ready=True position=False pending=False dry_run=False trust=synced run_id=68d0e657-aff6-4d28-836d-fd8ca819d20c
2026-05-08 11:20:49,750 | WARNING | BTC market context refresh failed. error=HTTPSConnectionPool(host='data-api.binance.vision', port=443): Read timed out. (read timeout=5.0)
2026-05-08 11:20:53,744 | INFO | Heartbeat | watch=KXBTC15M-26MAY081130-30 yes_bid=33 yes_ask=34 no_bid=66 no_ask=67 book_ready=True position=False pending=False dry_run=False trust=synced run_id=68d0e657-aff6-4d28-836d-fd8ca819d20c
2026-05-08 11:21:03,566 | WARNING | BTC market context refresh failed. error=HTTPSConnectionPool(host='data-api.binance.vision', port=443): Read timed out. (read timeout=5.0)
2026-05-08 11:21:08,775 | INFO | Heartbeat | watch=KXBTC15M-26MAY081130-30 yes_bid=26 yes_ask=27 no_bid=73 no_ask=74 book_ready=True position=False pending=False dry_run=False trust=synced run_id=68d0e657-aff6-4d28-836d-fd8ca819d20c
2026-05-08 11:21:23,762 | INFO | Heartbeat | watch=KXBTC15M-26MAY081130-30 yes_bid=20 yes_ask=21 no_bid=79 no_ask=80 book_ready=True position=False pending=False dry_run=False trust=synced run_id=68d0e657-aff6-4d28-836d-fd8ca819d20c
2026-05-08 11:21:38,763 | INFO | Heartbeat | watch=KXBTC15M-26MAY081130-30 yes_bid=31 yes_ask=32 no_bid=68 no_ask=69 book_ready=True position=False pending=False dry_run=False trust=synced run_id=68d0e657-aff6-4d28-836d-fd8ca819d20c
2026-05-08 11:21:53,806 | INFO | Heartbeat | watch=KXBTC15M-26MAY081130-30 yes_bid=43 yes_ask=44 no_bid=56 no_ask=57 book_ready=True position=False pending=False dry_run=False trust=synced run_id=68d0e657-aff6-4d28-836d-fd8ca819d20c
2026-05-08 11:22:08,816 | INFO | Heartbeat | watch=KXBTC15M-26MAY081130-30 yes_bid=48 yes_ask=49 no_bid=51 no_ask=52 book_ready=True position=False pending=False dry_run=False trust=synced run_id=68d0e657-aff6-4d28-836d-fd8ca819d20c
2026-05-08 11:22:23,821 | INFO | Heartbeat | watch=KXBTC15M-26MAY081130-30 yes_bid=57 yes_ask=58 no_bid=42 no_ask=43 book_ready=True position=False pending=False dry_run=False trust=synced run_id=68d0e657-aff6-4d28-836d-fd8ca819d20c
2026-05-08 11:22:38,834 | INFO | Heartbeat | watch=KXBTC15M-26MAY081130-30 yes_bid=53 yes_ask=54 no_bid=46 no_ask=47 book_ready=True position=False pending=False dry_run=False trust=synced run_id=68d0e657-aff6-4d28-836d-fd8ca819d20c
2026-05-08 11:22:53,836 | INFO | Heartbeat | watch=KXBTC15M-26MAY081130-30 yes_bid=49 yes_ask=50 no_bid=50 no_ask=51 book_ready=True position=False pending=False dry_run=False trust=synced run_id=68d0e657-aff6-4d28-836d-fd8ca819d20c
2026-05-08 11:23:08,839 | INFO | Heartbeat | watch=KXBTC15M-26MAY081130-30 yes_bid=43 yes_ask=44 no_bid=56 no_ask=57 book_ready=True position=False pending=False dry_run=False trust=synced run_id=68d0e657-aff6-4d28-836d-fd8ca819d20c
2026-05-08 11:23:23,863 | INFO | Heartbeat | watch=KXBTC15M-26MAY081130-30 yes_bid=28 yes_ask=30 no_bid=70 no_ask=72 book_ready=True position=False pending=False dry_run=False trust=synced run_id=68d0e657-aff6-4d28-836d-fd8ca819d20c
2026-05-08 11:23:38,876 | INFO | Heartbeat | watch=KXBTC15M-26MAY081130-30 yes_bid=19 yes_ask=20 no_bid=80 no_ask=81 book_ready=True position=False pending=False dry_run=False trust=synced run_id=68d0e657-aff6-4d28-836d-fd8ca819d20c
2026-05-08 11:23:53,878 | INFO | Heartbeat | watch=KXBTC15M-26MAY081130-30 yes_bid=17 yes_ask=18 no_bid=82 no_ask=83 book_ready=True position=False pending=False dry_run=False trust=synced run_id=68d0e657-aff6-4d28-836d-fd8ca819d20c
2026-05-08 11:24:08,888 | INFO | Heartbeat | watch=KXBTC15M-26MAY081130-30 yes_bid=4 yes_ask=5 no_bid=95 no_ask=96 book_ready=True position=False pending=False dry_run=False trust=synced run_id=68d0e657-aff6-4d28-836d-fd8ca819d20c
2026-05-08 11:24:09,347 | WARNING | BTC market context refresh failed. error=HTTPSConnectionPool(host='data-api.binance.vision', port=443): Read timed out. (read timeout=5.0)
2026-05-08 11:24:23,927 | INFO | Heartbeat | watch=KXBTC15M-26MAY081130-30 yes_bid=6 yes_ask=6 no_bid=94 no_ask=94 book_ready=True position=False pending=False dry_run=False trust=synced run_id=68d0e657-aff6-4d28-836d-fd8ca819d20c
2026-05-08 11:24:38,916 | INFO | Heartbeat | watch=KXBTC15M-26MAY081130-30 yes_bid=6 yes_ask=6 no_bid=94 no_ask=94 book_ready=True position=False pending=False dry_run=False trust=synced run_id=68d0e657-aff6-4d28-836d-fd8ca819d20c
2026-05-08 11:24:53,925 | INFO | Heartbeat | watch=KXBTC15M-26MAY081130-30 yes_bid=6 yes_ask=7 no_bid=93 no_ask=94 book_ready=True position=False pending=False dry_run=False trust=synced run_id=68d0e657-aff6-4d28-836d-fd8ca819d20c
2026-05-08 11:25:08,917 | INFO | Heartbeat | watch=KXBTC15M-26MAY081130-30 yes_bid=3 yes_ask=3 no_bid=97 no_ask=97 book_ready=True position=False pending=False dry_run=False trust=synced run_id=68d0e657-aff6-4d28-836d-fd8ca819d20c
2026-05-08 11:25:23,952 | INFO | Heartbeat | watch=KXBTC15M-26MAY081130-30 yes_bid=2 yes_ask=2 no_bid=98 no_ask=98 book_ready=True position=False pending=False dry_run=False trust=synced run_id=68d0e657-aff6-4d28-836d-fd8ca819d20c
2026-05-08 11:25:38,972 | INFO | Heartbeat | watch=KXBTC15M-26MAY081130-30 yes_bid=2 yes_ask=3 no_bid=97 no_ask=98 book_ready=True position=False pending=False dry_run=False trust=synced run_id=68d0e657-aff6-4d28-836d-fd8ca819d20c
2026-05-08 11:25:54,005 | INFO | Heartbeat | watch=KXBTC15M-26MAY081130-30 yes_bid=3 yes_ask=3 no_bid=97 no_ask=97 book_ready=True position=False pending=False dry_run=False trust=synced run_id=68d0e657-aff6-4d28-836d-fd8ca819d20c
2026-05-08 11:26:09,010 | INFO | Heartbeat | watch=KXBTC15M-26MAY081130-30 yes_bid=2 yes_ask=3 no_bid=97 no_ask=98 book_ready=True position=False pending=False dry_run=False trust=synced run_id=68d0e657-aff6-4d28-836d-fd8ca819d20c
2026-05-08 11:26:24,019 | INFO | Heartbeat | watch=KXBTC15M-26MAY081130-30 yes_bid=1 yes_ask=2 no_bid=98 no_ask=99 book_ready=True position=False pending=False dry_run=False trust=synced run_id=68d0e657-aff6-4d28-836d-fd8ca819d20c
2026-05-08 11:26:39,016 | INFO | Heartbeat | watch=KXBTC15M-26MAY081130-30 yes_bid=1 yes_ask=1 no_bid=99 no_ask=99 book_ready=True position=False pending=False dry_run=False trust=synced run_id=68d0e657-aff6-4d28-836d-fd8ca819d20c
2026-05-08 11:26:54,042 | INFO | Heartbeat | watch=KXBTC15M-26MAY081130-30 yes_bid=1 yes_ask=1 no_bid=99 no_ask=99 book_ready=True position=False pending=False dry_run=False trust=synced run_id=68d0e657-aff6-4d28-836d-fd8ca819d20c
2026-05-08 11:27:09,046 | INFO | Heartbeat | watch=KXBTC15M-26MAY081130-30 yes_bid=0 yes_ask=0 no_bid=100 no_ask=100 book_ready=True position=False pending=False dry_run=False trust=synced run_id=68d0e657-aff6-4d28-836d-fd8ca819d20c
2026-05-08 11:27:22,424 | WARNING | BTC market context refresh failed. error=HTTPSConnectionPool(host='data-api.binance.vision', port=443): Read timed out. (read timeout=5.0)
2026-05-08 11:27:24,083 | INFO | Heartbeat | watch=KXBTC15M-26MAY081130-30 yes_bid=1 yes_ask=1 no_bid=99 no_ask=99 book_ready=True position=False pending=False dry_run=False trust=synced run_id=68d0e657-aff6-4d28-836d-fd8ca819d20c
2026-05-08 11:27:39,090 | INFO | Heartbeat | watch=KXBTC15M-26MAY081130-30 yes_bid=1 yes_ask=1 no_bid=99 no_ask=99 book_ready=True position=False pending=False dry_run=False trust=synced run_id=68d0e657-aff6-4d28-836d-fd8ca819d20c
2026-05-08 11:27:54,167 | INFO | Heartbeat | watch=KXBTC15M-26MAY081130-30 yes_bid=0 yes_ask=1 no_bid=99 no_ask=100 book_ready=True position=False pending=False dry_run=False trust=synced run_id=68d0e657-aff6-4d28-836d-fd8ca819d20c
2026-05-08 11:28:09,208 | INFO | Heartbeat | watch=KXBTC15M-26MAY081130-30 yes_bid=0 yes_ask=0 no_bid=100 no_ask=100 book_ready=True position=False pending=False dry_run=False trust=synced run_id=68d0e657-aff6-4d28-836d-fd8ca819d20c
2026-05-08 11:28:24,220 | INFO | Heartbeat | watch=KXBTC15M-26MAY081130-30 yes_bid=0 yes_ask=0 no_bid=100 no_ask=100 book_ready=True position=False pending=False dry_run=False trust=synced run_id=68d0e657-aff6-4d28-836d-fd8ca819d20c
2026-05-08 11:28:39,210 | INFO | Heartbeat | watch=KXBTC15M-26MAY081130-30 yes_bid=0 yes_ask=0 no_bid=100 no_ask=100 book_ready=True position=False pending=False dry_run=False trust=synced run_id=68d0e657-aff6-4d28-836d-fd8ca819d20c
2026-05-08 11:28:54,282 | INFO | Heartbeat | watch=KXBTC15M-26MAY081130-30 yes_bid=0 yes_ask=0 no_bid=100 no_ask=100 book_ready=True position=False pending=False dry_run=False trust=synced run_id=68d0e657-aff6-4d28-836d-fd8ca819d20c
2026-05-08 11:28:54,463 | WARNING | BTC market context refresh failed. error=HTTPSConnectionPool(host='data-api.binance.vision', port=443): Read timed out. (read timeout=5.0)
2026-05-08 11:29:09,221 | WARNING | BTC market context refresh failed. error=HTTPSConnectionPool(host='data-api.binance.vision', port=443): Read timed out. (read timeout=5.0)
2026-05-08 11:29:09,320 | INFO | Heartbeat | watch=KXBTC15M-26MAY081130-30 yes_bid=0 yes_ask=0 no_bid=100 no_ask=100 book_ready=True position=False pending=False dry_run=False trust=synced run_id=68d0e657-aff6-4d28-836d-fd8ca819d20c
2026-05-08 11:29:24,362 | INFO | Heartbeat | watch=KXBTC15M-26MAY081130-30 yes_bid=0 yes_ask=0 no_bid=100 no_ask=100 book_ready=True position=False pending=False dry_run=False trust=synced run_id=68d0e657-aff6-4d28-836d-fd8ca819d20c
2026-05-08 11:29:39,351 | INFO | Heartbeat | watch=KXBTC15M-26MAY081130-30 yes_bid=0 yes_ask=0 no_bid=100 no_ask=100 book_ready=True position=False pending=False dry_run=False trust=synced run_id=68d0e657-aff6-4d28-836d-fd8ca819d20c
2026-05-08 11:29:54,378 | INFO | Heartbeat | watch=KXBTC15M-26MAY081130-30 yes_bid=0 yes_ask=0 no_bid=100 no_ask=100 book_ready=True position=False pending=False dry_run=False trust=synced run_id=68d0e657-aff6-4d28-836d-fd8ca819d20c
2026-05-08 11:30:06,417 | INFO | Orderbook snapshot ready for KXBTC15M-26MAY081130-30
2026-05-08 11:30:09,390 | INFO | Heartbeat | watch=KXBTC15M-26MAY081130-30 yes_bid=0 yes_ask=100 no_bid=0 no_ask=100 book_ready=True position=False pending=False dry_run=False trust=synced run_id=68d0e657-aff6-4d28-836d-fd8ca819d20c
2026-05-08 11:30:17,888 | INFO | Watching market KXBTC15M-26MAY081145-45 close_time=2026-05-08T15:45:00Z status=active strike=79664.28 run_id=68d0e657-aff6-4d28-836d-fd8ca819d20c
2026-05-08 11:30:18,100 | INFO | WS connected for KXBTC15M-26MAY081145-45
2026-05-08 11:30:18,133 | INFO | WS subscribed payload: {'type': 'subscribed', 'id': 8, 'msg': {'channel': 'ticker', 'sid': 1}}
2026-05-08 11:30:18,136 | INFO | WS subscribed payload: {'type': 'subscribed', 'id': 8, 'msg': {'channel': 'orderbook_delta', 'sid': 2}}
2026-05-08 11:30:18,136 | INFO | Orderbook snapshot ready for KXBTC15M-26MAY081145-45
2026-05-08 11:30:24,382 | INFO | Heartbeat | watch=KXBTC15M-26MAY081145-45 yes_bid=58 yes_ask=60 no_bid=40 no_ask=42 book_ready=True position=False pending=False dry_run=False trust=synced run_id=68d0e657-aff6-4d28-836d-fd8ca819d20c
2026-05-08 11:30:39,416 | INFO | Heartbeat | watch=KXBTC15M-26MAY081145-45 yes_bid=54 yes_ask=55 no_bid=45 no_ask=46 book_ready=True position=False pending=False dry_run=False trust=synced run_id=68d0e657-aff6-4d28-836d-fd8ca819d20c
2026-05-08 11:30:54,447 | INFO | Heartbeat | watch=KXBTC15M-26MAY081145-45 yes_bid=43 yes_ask=44 no_bid=56 no_ask=57 book_ready=True position=False pending=False dry_run=False trust=synced run_id=68d0e657-aff6-4d28-836d-fd8ca819d20c
2026-05-08 11:31:09,450 | INFO | Heartbeat | watch=KXBTC15M-26MAY081145-45 yes_bid=46 yes_ask=47 no_bid=53 no_ask=54 book_ready=True position=False pending=False dry_run=False trust=synced run_id=68d0e657-aff6-4d28-836d-fd8ca819d20c
2026-05-08 11:31:24,464 | INFO | Heartbeat | watch=KXBTC15M-26MAY081145-45 yes_bid=54 yes_ask=55 no_bid=45 no_ask=46 book_ready=True position=False pending=False dry_run=False trust=synced run_id=68d0e657-aff6-4d28-836d-fd8ca819d20c
2026-05-08 11:31:39,481 | INFO | Heartbeat | watch=KXBTC15M-26MAY081145-45 yes_bid=54 yes_ask=56 no_bid=44 no_ask=46 book_ready=True position=False pending=False dry_run=False trust=synced run_id=68d0e657-aff6-4d28-836d-fd8ca819d20c
2026-05-08 11:31:54,486 | INFO | Heartbeat | watch=KXBTC15M-26MAY081145-45 yes_bid=62 yes_ask=63 no_bid=37 no_ask=38 book_ready=True position=False pending=False dry_run=False trust=synced run_id=68d0e657-aff6-4d28-836d-fd8ca819d20c
2026-05-08 11:31:55,028 | WARNING | BTC market context refresh failed. error=HTTPSConnectionPool(host='data-api.binance.vision', port=443): Read timed out. (read timeout=5.0)
2026-05-08 11:32:09,513 | INFO | Heartbeat | watch=KXBTC15M-26MAY081145-45 yes_bid=62 yes_ask=63 no_bid=37 no_ask=38 book_ready=True position=False pending=False dry_run=False trust=synced run_id=68d0e657-aff6-4d28-836d-fd8ca819d20c
2026-05-08 11:32:24,547 | INFO | Heartbeat | watch=KXBTC15M-26MAY081145-45 yes_bid=69 yes_ask=70 no_bid=30 no_ask=31 book_ready=True position=False pending=False dry_run=False trust=synced run_id=68d0e657-aff6-4d28-836d-fd8ca819d20c
2026-05-08 11:32:39,547 | INFO | Heartbeat | watch=KXBTC15M-26MAY081145-45 yes_bid=74 yes_ask=75 no_bid=25 no_ask=26 book_ready=True position=False pending=False dry_run=False trust=synced run_id=68d0e657-aff6-4d28-836d-fd8ca819d20c
2026-05-08 11:32:54,545 | INFO | Heartbeat | watch=KXBTC15M-26MAY081145-45 yes_bid=77 yes_ask=79 no_bid=21 no_ask=23 book_ready=True position=False pending=False dry_run=False trust=synced run_id=68d0e657-aff6-4d28-836d-fd8ca819d20c
2026-05-08 11:33:09,545 | INFO | Heartbeat | watch=KXBTC15M-26MAY081145-45 yes_bid=76 yes_ask=77 no_bid=23 no_ask=24 book_ready=True position=False pending=False dry_run=False trust=synced run_id=68d0e657-aff6-4d28-836d-fd8ca819d20c
2026-05-08 11:33:24,577 | INFO | Heartbeat | watch=KXBTC15M-26MAY081145-45 yes_bid=75 yes_ask=77 no_bid=23 no_ask=25 book_ready=True position=False pending=False dry_run=False trust=synced run_id=68d0e657-aff6-4d28-836d-fd8ca819d20c
2026-05-08 11:33:39,604 | INFO | Heartbeat | watch=KXBTC15M-26MAY081145-45 yes_bid=75 yes_ask=76 no_bid=24 no_ask=25 book_ready=True position=False pending=False dry_run=False trust=synced run_id=68d0e657-aff6-4d28-836d-fd8ca819d20c
2026-05-08 11:33:54,617 | INFO | Heartbeat | watch=KXBTC15M-26MAY081145-45 yes_bid=76 yes_ask=77 no_bid=23 no_ask=24 book_ready=True position=False pending=False dry_run=False trust=synced run_id=68d0e657-aff6-4d28-836d-fd8ca819d20c
2026-05-08 11:34:09,624 | INFO | Heartbeat | watch=KXBTC15M-26MAY081145-45 yes_bid=83 yes_ask=84 no_bid=16 no_ask=17 book_ready=True position=False pending=False dry_run=False trust=synced run_id=68d0e657-aff6-4d28-836d-fd8ca819d20c
2026-05-08 11:34:24,644 | INFO | Heartbeat | watch=KXBTC15M-26MAY081145-45 yes_bid=84 yes_ask=85 no_bid=15 no_ask=16 book_ready=True position=False pending=False dry_run=False trust=synced run_id=68d0e657-aff6-4d28-836d-fd8ca819d20c
2026-05-08 11:34:39,675 | INFO | Heartbeat | watch=KXBTC15M-26MAY081145-45 yes_bid=84 yes_ask=85 no_bid=15 no_ask=16 book_ready=True position=False pending=False dry_run=False trust=synced run_id=68d0e657-aff6-4d28-836d-fd8ca819d20c
2026-05-08 11:34:54,707 | INFO | Heartbeat | watch=KXBTC15M-26MAY081145-45 yes_bid=87 yes_ask=88 no_bid=12 no_ask=13 book_ready=True position=False pending=False dry_run=False trust=synced run_id=68d0e657-aff6-4d28-836d-fd8ca819d20c
2026-05-08 11:35:09,722 | INFO | Heartbeat | watch=KXBTC15M-26MAY081145-45 yes_bid=88 yes_ask=89 no_bid=11 no_ask=12 book_ready=True position=False pending=False dry_run=False trust=synced run_id=68d0e657-aff6-4d28-836d-fd8ca819d20c
2026-05-08 11:35:24,755 | INFO | Heartbeat | watch=KXBTC15M-26MAY081145-45 yes_bid=88 yes_ask=89 no_bid=11 no_ask=12 book_ready=True position=False pending=False dry_run=False trust=synced run_id=68d0e657-aff6-4d28-836d-fd8ca819d20c
2026-05-08 11:35:39,804 | INFO | Heartbeat | watch=KXBTC15M-26MAY081145-45 yes_bid=87 yes_ask=88 no_bid=12 no_ask=13 book_ready=True position=False pending=False dry_run=False trust=synced run_id=68d0e657-aff6-4d28-836d-fd8ca819d20c
2026-05-08 11:35:54,851 | INFO | Heartbeat | watch=KXBTC15M-26MAY081145-45 yes_bid=88 yes_ask=89 no_bid=11 no_ask=12 book_ready=True position=False pending=False dry_run=False trust=synced run_id=68d0e657-aff6-4d28-836d-fd8ca819d20c
2026-05-08 11:36:03,604 | WARNING | BTC market context refresh failed. error=HTTPSConnectionPool(host='data-api.binance.vision', port=443): Read timed out. (read timeout=5.0)
2026-05-08 11:36:09,888 | INFO | Heartbeat | watch=KXBTC15M-26MAY081145-45 yes_bid=91 yes_ask=92 no_bid=8 no_ask=9 book_ready=True position=False pending=False dry_run=False trust=synced run_id=68d0e657-aff6-4d28-836d-fd8ca819d20c
2026-05-08 11:36:15,136 | WARNING | BTC market context refresh failed. error=HTTPSConnectionPool(host='data-api.binance.vision', port=443): Read timed out. (read timeout=5.0)
2026-05-08 11:36:24,910 | INFO | Heartbeat | watch=KXBTC15M-26MAY081145-45 yes_bid=91 yes_ask=92 no_bid=8 no_ask=9 book_ready=True position=False pending=False dry_run=False trust=synced run_id=68d0e657-aff6-4d28-836d-fd8ca819d20c
2026-05-08 11:36:39,921 | INFO | Heartbeat | watch=KXBTC15M-26MAY081145-45 yes_bid=91 yes_ask=91 no_bid=9 no_ask=9 book_ready=True position=False pending=False dry_run=False trust=synced run_id=68d0e657-aff6-4d28-836d-fd8ca819d20c
2026-05-08 11:36:54,922 | INFO | Heartbeat | watch=KXBTC15M-26MAY081145-45 yes_bid=91 yes_ask=92 no_bid=8 no_ask=9 book_ready=True position=False pending=False dry_run=False trust=synced run_id=68d0e657-aff6-4d28-836d-fd8ca819d20c
2026-05-08 11:37:09,932 | INFO | Heartbeat | watch=KXBTC15M-26MAY081145-45 yes_bid=90 yes_ask=91 no_bid=9 no_ask=10 book_ready=True position=False pending=False dry_run=False trust=synced run_id=68d0e657-aff6-4d28-836d-fd8ca819d20c
2026-05-08 11:37:24,973 | INFO | Heartbeat | watch=KXBTC15M-26MAY081145-45 yes_bid=89 yes_ask=90 no_bid=10 no_ask=11 book_ready=True position=False pending=False dry_run=False trust=synced run_id=68d0e657-aff6-4d28-836d-fd8ca819d20c
2026-05-08 11:37:40,004 | INFO | Heartbeat | watch=KXBTC15M-26MAY081145-45 yes_bid=90 yes_ask=91 no_bid=9 no_ask=10 book_ready=True position=False pending=False dry_run=False trust=synced run_id=68d0e657-aff6-4d28-836d-fd8ca819d20c
2026-05-08 11:37:41,987 | WARNING | BTC market context refresh failed. error=HTTPSConnectionPool(host='data-api.binance.vision', port=443): Read timed out. (read timeout=5.0)
2026-05-08 11:37:55,006 | INFO | Heartbeat | watch=KXBTC15M-26MAY081145-45 yes_bid=91 yes_ask=91 no_bid=9 no_ask=9 book_ready=True position=False pending=False dry_run=False trust=synced run_id=68d0e657-aff6-4d28-836d-fd8ca819d20c
2026-05-08 11:38:10,020 | INFO | Heartbeat | watch=KXBTC15M-26MAY081145-45 yes_bid=92 yes_ask=93 no_bid=7 no_ask=8 book_ready=True position=False pending=False dry_run=False trust=synced run_id=68d0e657-aff6-4d28-836d-fd8ca819d20c
