row_id,dataset_role,source_file,source_line_or_offset,source_type,source_reason,source_quality_tier,market_ticker,market_close_ts_utc,decision_ts_utc,decision_ts_basis,side,side_or_axis,strike,strike_source,seconds_to_close,v28_p_side,v28_p_yes,v28_p_no,v28_fair_yes_cents,v28_fair_no_cents,v28_side_outcome,y_yes_win,brier_side,brier_yes,logloss_yes,bucket,actionable,edge_cents,ask_cents,sigma_t_dollars,recross_hazard_score,h6_recross_hazard_high,gross_cents,is_pre_resolution,is_pre_resolution_registered,is_recomputed_after_resolution,is_backfilled,is_simulated,is_sidecar,is_diagnostic_only,allowed_for_training,allowed_for_validation,allowed_for_holdout,allowed_for_forward_promotion,exclusion_reason
c3960af0c1c937ade34fbba2,causal_seed_from_v28_forward_calibration,logs/edge_research/v28_forward_calibration_latest.csv,2,entry,approved_entry,approved_entry_from_posthoc_calibration_report,KXBTC15M-26MAY051300-00,2026-05-05T13:00:00Z,2026-05-05T12:50:05.753Z,market_close_minus_seconds_to_close,yes,side=yes,,missing_in_forward_calibration_seed,594.247,0.867375,0.867375,0.132625,86.7375,13.2625,1.0,1.0,0.017589390625,0.017589390625,0.1422838697624241,85_90,True,2.23752,81.0,115.035336,0.36657919808610573,True,36.0,True,False,True,False,False,False,True,True,True,False,False,posthoc_calibration_report_not_forward_registry
265d194c09bdc43d81f0e061,causal_seed_from_v28_forward_calibration,logs/edge_research/v28_forward_calibration_latest.csv,3,entry,approved_entry,approved_entry_from_posthoc_calibration_report,KXBTC15M-26MAY051330-30,2026-05-05T13:30:00Z,2026-05-05T13:21:10.932Z,market_close_minus_seconds_to_close,yes,side=yes,,missing_in_forward_calibration_seed,529.068,0.879391,0.879391,0.12060899999999997,87.9391,12.060899999999997,1.0,1.0,0.014546530880999992,0.014546530880999992,0.128525656538423,85_90,True,2.439055,82.0,106.389306,0.30242891547156237,True,0.0,True,False,True,False,False,False,True,True,True,False,False,posthoc_calibration_report_not_forward_registry
aba85683146c5693998892e3,causal_seed_from_v28_forward_calibration,logs/edge_research/v28_forward_calibration_latest.csv,4,rejected_actionable,p_below_floor,rejected_actionable_from_posthoc_calibration_report,KXBTC15M-26MAY051415-15,2026-05-05T14:15:00Z,2026-05-05T14:11:18.433Z,market_close_minus_seconds_to_close,no,side=no,,missing_in_forward_calibration_seed,221.567,0.003616,0.996384,0.0036159999999999526,99.6384,0.36159999999999526,0.0,1.0,1.3075455999999998e-05,1.3075455999999658e-05,0.0036225535311488226,00_50,True,-3.138366,1.0,67.037052,0.014400165595452295,False,-2.0,True,False,True,False,True,False,True,True,True,False,False,rejected_actionable_posthoc_not_promotion_source
aae377860d54760e93abfde5,causal_seed_from_v28_forward_calibration,logs/edge_research/v28_forward_calibration_latest.csv,5,rejected_actionable,ask_too_high,rejected_actionable_from_posthoc_calibration_report,KXBTC15M-26MAY051415-15,2026-05-05T14:15:00Z,2026-05-05T14:11:18.433Z,market_close_minus_seconds_to_close,yes,side=yes,,missing_in_forward_calibration_seed,221.567,0.996384,0.996384,0.0036159999999999526,99.6384,0.36159999999999526,1.0,1.0,1.3075455999999658e-05,1.3075455999999658e-05,0.0036225535311488226,95_100,True,-1.861634,99.0,67.037052,0.014400165595452295,False,2.0,True,False,True,False,True,False,True,True,True,False,False,rejected_actionable_posthoc_not_promotion_source
458239e38cf818c0ee121236,causal_seed_from_v28_forward_calibration,logs/edge_research/v28_forward_calibration_latest.csv,6,rejected_actionable,p_below_floor,rejected_actionable_from_posthoc_calibration_report,KXBTC15M-26MAY051430-30,2026-05-05T14:30:00Z,2026-05-05T14:15:15.667Z,market_close_minus_seconds_to_close,no,side=no,,missing_in_forward_calibration_seed,884.333,0.498694,0.501306,0.49869399999999997,50.1306,49.8694,1.0,0.0,0.251307705636,0.251307705636,0.6957625977837681,00_50,True,-9.130608,55.0,138.588871,1.3031899471925121,True,90.0,True,False,True,False,True,False,True,True,True,False,False,rejected_actionable_posthoc_not_promotion_source
b783f1a7afbaa5a1a9e48ec3,causal_seed_from_v28_forward_calibration,logs/edge_research/v28_forward_calibration_latest.csv,7,rejected_actionable,edge_below_floor,rejected_actionable_from_posthoc_calibration_report,KXBTC15M-26MAY051430-30,2026-05-05T14:30:00Z,2026-05-05T14:19:40.633Z,market_close_minus_seconds_to_close,no,side=no,,missing_in_forward_calibration_seed,619.367,0.850039,0.149961,0.850039,14.996100000000002,85.0039,1.0,0.0,0.022488301521000002,0.022488301521000002,0.16247304819739672,85_90,True,-0.496087,82.0,116.590494,0.41287069208660115,True,36.0,True,False,True,False,True,False,True,True,True,False,False,rejected_actionable_posthoc_not_promotion_source
99d07cc90114e67a3df7b212,causal_seed_from_v28_forward_calibration,logs/edge_research/v28_forward_calibration_latest.csv,8,rejected_actionable,ask_too_high,rejected_actionable_from_posthoc_calibration_report,KXBTC15M-26MAY051430-30,2026-05-05T14:30:00Z,2026-05-05T14:23:08.582Z,market_close_minus_seconds_to_close,no,side=no,,missing_in_forward_calibration_seed,411.418,0.831974,0.168026,0.831974,16.8026,83.1974,1.0,0.0,0.028232736676000004,0.028232736676000004,0.1839540886492199,80_85,True,-10.802577,91.0,94.946772,0.2919533460850874,True,18.0,True,False,True,False,True,False,True,True,True,False,False,rejected_actionable_posthoc_not_promotion_source
bc85654a3b210bab67d0e19f,causal_seed_from_v28_forward_calibration,logs/edge_research/v28_forward_calibration_latest.csv,9,rejected_actionable,p_below_floor,rejected_actionable_from_posthoc_calibration_report,KXBTC15M-26MAY051430-30,2026-05-05T14:30:00Z,2026-05-05T14:15:15.667Z,market_close_minus_seconds_to_close,yes,side=yes,,missing_in_forward_calibration_seed,884.333,0.501306,0.501306,0.49869399999999997,50.1306,49.8694,0.0,0.0,0.251307705636,0.251307705636,0.6957625977837681,50_60,True,-0.869392,47.0,138.588871,1.3031899471925121,True,-94.0,True,False,True,False,True,False,True,True,True,False,False,rejected_actionable_posthoc_not_promotion_source
137f72ee2710e48c86f514d7,causal_seed_from_v28_forward_calibration,logs/edge_research/v28_forward_calibration_latest.csv,10,rejected_actionable,p_below_floor,rejected_actionable_from_posthoc_calibration_report,KXBTC15M-26MAY051445-45,2026-05-05T14:45:00Z,2026-05-05T14:30:16.015Z,market_close_minus_seconds_to_close,no,side=no,,missing_in_forward_calibration_seed,883.985,0.602091,0.39790899999999996,0.602091,39.79089999999999,60.20910000000001,0.0,1.0,0.36251357228100006,0.36251357228100006,0.921531943056625,60_70,True,-5.790886,62.0,139.063895,1.0748649042363498,True,-124.0,True,False,True,False,True,False,True,True,True,False,False,rejected_actionable_posthoc_not_promotion_source
f089201fe0f7098bf7f22137,causal_seed_from_v28_forward_calibration,logs/edge_research/v28_forward_calibration_latest.csv,11,rejected_actionable,p_below_floor,rejected_actionable_from_posthoc_calibration_report,KXBTC15M-26MAY051445-45,2026-05-05T14:45:00Z,2026-05-05T14:30:16.015Z,market_close_minus_seconds_to_close,yes,side=yes,,missing_in_forward_calibration_seed,883.985,0.397909,0.397909,0.6020909999999999,39.7909,60.20909999999999,1.0,1.0,0.3625135722809999,0.3625135722809999,0.9215319430566249,00_50,True,-3.209114,39.0,139.063895,1.0748649042363498,True,122.0,True,False,True,False,True,False,True,True,True,False,False,rejected_actionable_posthoc_not_promotion_source
47cb950266efb4fdfbcdabed,causal_seed_from_v28_forward_calibration,logs/edge_research/v28_forward_calibration_latest.csv,12,rejected_actionable,ask_too_high,rejected_actionable_from_posthoc_calibration_report,KXBTC15M-26MAY051445-45,2026-05-05T14:45:00Z,2026-05-05T14:43:09.850Z,market_close_minus_seconds_to_close,yes,side=yes,,missing_in_forward_calibration_seed,110.15,0.809431,0.809431,0.190569,80.9431,19.0569,1.0,1.0,0.036316543761,0.036316543761,0.21142374729850683,80_85,True,-13.056949,91.0,48.317801,0.08055774781804252,False,18.0,True,False,True,False,True,False,True,True,True,False,False,rejected_actionable_posthoc_not_promotion_source
0067e1690efe7db62347fa71,causal_seed_from_v28_forward_calibration,logs/edge_research/v28_forward_calibration_latest.csv,13,rejected_actionable,p_below_floor,rejected_actionable_from_posthoc_calibration_report,KXBTC15M-26MAY051500-00,2026-05-05T15:00:00Z,2026-05-05T14:45:16.298Z,market_close_minus_seconds_to_close,no,side=no,,missing_in_forward_calibration_seed,883.702,0.531753,0.46824699999999997,0.531753,46.8247,53.1753,1.0,0.0,0.21925525300899998,0.21925525300899998,0.6315761831687629,50_60,True,-5.8247,55.0,133.916264,1.2629788435982496,True,90.0,True,False,True,False,True,False,True,True,True,False,False,rejected_actionable_posthoc_not_promotion_source
b4005a6e7a2146c204af8416,causal_seed_from_v28_forward_calibration,logs/edge_research/v28_forward_calibration_latest.csv,14,rejected_actionable,edge_below_floor,rejected_actionable_from_posthoc_calibration_report,KXBTC15M-26MAY051500-00,2026-05-05T15:00:00Z,2026-05-05T14:53:32.492Z,market_close_minus_seconds_to_close,no,side=no,,missing_in_forward_calibration_seed,387.508,0.865158,0.13484200000000002,0.865158,13.484200000000001,86.5158,1.0,0.0,0.018182364964000004,0.018182364964000004,0.14484312977083677,85_90,True,-5.484171,89.0,87.296148,0.23298644976589405,False,22.0,True,False,True,False,True,False,True,True,True,False,False,rejected_actionable_posthoc_not_promotion_source
d18502ef9c352a38d9df5bd2,causal_seed_from_v28_forward_calibration,logs/edge_research/v28_forward_calibration_latest.csv,15,rejected_actionable,ask_too_high,rejected_actionable_from_posthoc_calibration_report,KXBTC15M-26MAY051500-00,2026-05-05T15:00:00Z,2026-05-05T14:53:35.440Z,market_close_minus_seconds_to_close,no,side=no,,missing_in_forward_calibration_seed,384.56,0.866002,0.13399799999999995,0.866002,13.399799999999995,86.6002,1.0,0.0,0.017955464003999985,0.017955464003999985,0.14386806095354648,85_90,True,-7.399774,91.0,86.96282,0.22885858821854937,False,18.0,True,False,True,False,True,False,True,True,True,False,False,rejected_actionable_posthoc_not_promotion_source
884713b1c4bf04991e902b7d,causal_seed_from_v28_forward_calibration,logs/edge_research/v28_forward_calibration_latest.csv,16,rejected_actionable,p_below_floor,rejected_actionable_from_posthoc_calibration_report,KXBTC15M-26MAY051500-00,2026-05-05T15:00:00Z,2026-05-05T14:45:16.298Z,market_close_minus_seconds_to_close,yes,side=yes,,missing_in_forward_calibration_seed,883.702,0.468247,0.468247,0.5317529999999999,46.8247,53.17529999999999,0.0,0.0,0.21925525300900003,0.21925525300900003,0.6315761831687631,00_50,True,-3.1753,46.0,133.916264,1.2629788435982496,True,-92.0,True,False,True,False,True,False,True,True,True,False,False,rejected_actionable_posthoc_not_promotion_source
e4ce0335cd34285e0c2ece46,causal_seed_from_v28_forward_calibration,logs/edge_research/v28_forward_calibration_latest.csv,17,rejected_actionable,p_below_floor,rejected_actionable_from_posthoc_calibration_report,KXBTC15M-26MAY051515-15,2026-05-05T15:15:00Z,2026-05-05T15:00:30.926Z,market_close_minus_seconds_to_close,no,side=no,,missing_in_forward_calibration_seed,869.074,0.507784,0.492216,0.507784,49.221599999999995,50.778400000000005,1.0,0.0,0.242276590656,0.242276590656,0.677699118675862,50_60,True,-5.221567,52.0,130.07041,1.2760986451741716,True,96.0,True,False,True,False,True,False,True,True,True,False,False,rejected_actionable_posthoc_not_promotion_source
3b214411b42d9a10ad0794f4,causal_seed_from_v28_forward_calibration,logs/edge_research/v28_forward_calibration_latest.csv,18,rejected_actionable,ask_too_high,rejected_actionable_from_posthoc_calibration_report,KXBTC15M-26MAY051515-15,2026-05-05T15:15:00Z,2026-05-05T15:11:27.858Z,market_close_minus_seconds_to_close,no,side=no,,missing_in_forward_calibration_seed,212.142,0.7286,0.2714,0.7286,27.139999999999997,72.86,1.0,0.0,0.07365795999999998,0.07365795999999998,0.3166303944076736,70_80,True,-21.140015,91.0,62.510561,0.18148956531667865,False,18.0,True,False,True,False,True,False,True,True,True,False,False,rejected_actionable_posthoc_not_promotion_source
5b9abcdedcbeebb7f49cd9de,causal_seed_from_v28_forward_calibration,logs/edge_research/v28_forward_calibration_latest.csv,19,rejected_actionable,p_below_floor,rejected_actionable_from_posthoc_calibration_report,KXBTC15M-26MAY051515-15,2026-05-05T15:15:00Z,2026-05-05T15:00:30.926Z,market_close_minus_seconds_to_close,yes,side=yes,,missing_in_forward_calibration_seed,869.074,0.492216,0.492216,0.507784,49.221599999999995,50.778400000000005,0.0,0.0,0.242276590656,0.242276590656,0.677699118675862,00_50,True,-3.778433,49.0,130.07041,1.2760986451741716,True,-98.0,True,False,True,False,True,False,True,True,True,False,False,rejected_actionable_posthoc_not_promotion_source
98fe938bd2ccb1aa1ac5c8c6,causal_seed_from_v28_forward_calibration,logs/edge_research/v28_forward_calibration_latest.csv,20,rejected_actionable,p_below_floor,rejected_actionable_from_posthoc_calibration_report,KXBTC15M-26MAY051530-30,2026-05-05T15:30:00Z,2026-05-05T15:15:30.525Z,market_close_minus_seconds_to_close,no,side=no,,missing_in_forward_calibration_seed,869.475,0.485832,0.514168,0.48583200000000004,51.416799999999995,48.583200000000005,0.0,1.0,0.23603273222399998,0.23603273222400004,0.6652052186811975,00_50,True,-7.416825,52.0,124.925983,1.1960717542039223,True,-104.0,True,False,True,False,True,False,True,True,True,False,False,rejected_actionable_posthoc_not_promotion_source
88fe82d7a977e1f3fc0d759f,causal_seed_from_v28_forward_calibration,logs/edge_research/v28_forward_calibration_latest.csv,21,rejected_actionable,p_below_floor,rejected_actionable_from_posthoc_calibration_report,KXBTC15M-26MAY051530-30,2026-05-05T15:30:00Z,2026-05-05T15:15:30.525Z,market_close_minus_seconds_to_close,yes,side=yes,,missing_in_forward_calibration_seed,869.475,0.514168,0.514168,0.48583200000000004,51.416799999999995,48.583200000000005,1.0,1.0,0.23603273222400004,0.23603273222400004,0.6652052186811975,50_60,True,-1.583175,49.0,124.925983,1.1960717542039223,True,102.0,True,False,True,False,True,False,True,True,True,False,False,rejected_actionable_posthoc_not_promotion_source
368e0645ca2a003482918fe0,causal_seed_from_v28_forward_calibration,logs/edge_research/v28_forward_calibration_latest.csv,22,rejected_actionable,edge_below_floor,rejected_actionable_from_posthoc_calibration_report,KXBTC15M-26MAY051530-30,2026-05-05T15:30:00Z,2026-05-05T15:17:39.413Z,market_close_minus_seconds_to_close,yes,side=yes,,missing_in_forward_calibration_seed,740.587,0.869958,0.869958,0.130042,86.9958,13.004199999999999,1.0,1.0,0.016910921763999998,0.016910921763999998,0.13931034436089354,85_90,True,-0.004182,84.0,115.477463,0.4102167400169905,True,32.0,True,False,True,False,True,False,True,True,True,False,False,rejected_actionable_posthoc_not_promotion_source
57e01563c71f2870ee9b9945,causal_seed_from_v28_forward_calibration,logs/edge_research/v28_forward_calibration_latest.csv,23,rejected_actionable,ask_too_high,rejected_actionable_from_posthoc_calibration_report,KXBTC15M-26MAY051530-30,2026-05-05T15:30:00Z,2026-05-05T15:17:48.134Z,market_close_minus_seconds_to_close,yes,side=yes,,missing_in_forward_calibration_seed,731.866,0.876104,0.876104,0.123896,87.6104,12.389600000000002,1.0,1.0,0.015350218816,0.015350218816,0.13227047363139335,85_90,True,-6.389595,91.0,114.798926,0.39485142634945497,True,18.0,True,False,True,False,True,False,True,True,True,False,False,rejected_actionable_posthoc_not_promotion_source
5e7708b5967a037f00555b37,causal_seed_from_v28_forward_calibration,logs/edge_research/v28_forward_calibration_latest.csv,24,entry,approved_entry,approved_entry_from_posthoc_calibration_report,KXBTC15M-26MAY051545-45,2026-05-05T15:45:00Z,2026-05-05T15:33:58.969Z,market_close_minus_seconds_to_close,yes,side=yes,,missing_in_forward_calibration_seed,661.031,0.851935,0.851935,0.148065,85.1935,14.8065,1.0,1.0,0.021923244225,0.021923244225,0.160245046142946,85_90,True,6.693536,75.0,107.31608,0.38190335478068066,True,16.0,True,False,True,False,False,False,True,True,True,False,False,posthoc_calibration_report_not_forward_registry
bc0704bceedaf613fa41381a,causal_seed_from_v28_forward_calibration,logs/edge_research/v28_forward_calibration_latest.csv,25,rejected_actionable,p_below_floor,rejected_actionable_from_posthoc_calibration_report,KXBTC15M-26MAY051545-45,2026-05-05T15:45:00Z,2026-05-05T15:30:16.381Z,market_close_minus_seconds_to_close,no,side=no,,missing_in_forward_calibration_seed,883.619,0.578163,0.421837,0.578163,42.1837,57.8163,0.0,1.0,0.33427245456899995,0.33427245456899995,0.8631362954863299,50_60,True,-6.183698,60.0,124.177788,1.048993079759358,True,-120.0,True,False,True,False,True,False,True,True,True,False,False,rejected_actionable_posthoc_not_promotion_source
6985cd8c0c037439de7d4364,causal_seed_from_v28_forward_calibration,logs/edge_research/v28_forward_calibration_latest.csv,26,rejected_actionable,p_below_floor,rejected_actionable_from_posthoc_calibration_report,KXBTC15M-26MAY051545-45,2026-05-05T15:45:00Z,2026-05-05T15:30:16.381Z,market_close_minus_seconds_to_close,yes,side=yes,,missing_in_forward_calibration_seed,883.619,0.421837,0.421837,0.578163,42.1837,57.8163,1.0,1.0,0.33427245456899995,0.33427245456899995,0.8631362954863299,00_50,True,-2.816302,41.0,124.177788,1.048993079759358,True,118.0,True,False,True,False,True,False,True,True,True,False,False,rejected_actionable_posthoc_not_promotion_source
69f5cc7749c3a228d9f41465,causal_seed_from_v28_forward_calibration,logs/edge_research/v28_forward_calibration_latest.csv,27,rejected_actionable,edge_below_floor,rejected_actionable_from_posthoc_calibration_report,KXBTC15M-26MAY051545-45,2026-05-05T15:45:00Z,2026-05-05T15:33:58.779Z,market_close_minus_seconds_to_close,yes,side=yes,,missing_in_forward_calibration_seed,661.221,0.872659,0.872659,0.12734100000000004,87.2659,12.734100000000003,1.0,1.0,0.01621573028100001,0.01621573028100001,0.13621040655130756,85_90,True,0.265936,84.0,107.341766,0.3551487064873567,True,32.0,True,False,True,False,True,False,True,True,True,False,False,rejected_actionable_posthoc_not_promotion_source
274d286fea6a3958f328ff4c,causal_seed_from_v28_forward_calibration,logs/edge_research/v28_forward_calibration_latest.csv,28,rejected_actionable,ask_too_high,rejected_actionable_from_posthoc_calibration_report,KXBTC15M-26MAY051545-45,2026-05-05T15:45:00Z,2026-05-05T15:41:16.404Z,market_close_minus_seconds_to_close,yes,side=yes,,missing_in_forward_calibration_seed,223.596,0.817358,0.817358,0.18264199999999997,81.7358,18.264199999999995,1.0,1.0,0.03335810016399999,0.03335810016399999,0.20167809160418426,80_85,True,-12.264248,91.0,63.624848,0.14911729681905075,False,18.0,True,False,True,False,True,False,True,True,True,False,False,rejected_actionable_posthoc_not_promotion_source
dd9414603f8bf707f63146a2,causal_seed_from_v28_forward_calibration,logs/edge_research/v28_forward_calibration_latest.csv,29,rejected_actionable,p_below_floor,rejected_actionable_from_posthoc_calibration_report,KXBTC15M-26MAY051600-00,2026-05-05T16:00:00Z,2026-05-05T15:45:43.656Z,market_close_minus_seconds_to_close,no,side=no,,missing_in_forward_calibration_seed,856.344,0.547953,0.452047,0.547953,45.204699999999995,54.795300000000005,1.0,0.0,0.20434649020899998,0.20434649020899998,0.6015657621356292,50_60,True,4.795259,46.0,123.420469,1.1138511194482563,True,108.0,True,False,True,False,True,False,True,True,True,False,False,rejected_actionable_posthoc_not_promotion_source
9b28f6377467d73ddd0d9df5,causal_seed_from_v28_forward_calibration,logs/edge_research/v28_forward_calibration_latest.csv,30,rejected_actionable,edge_below_floor,rejected_actionable_from_posthoc_calibration_report,KXBTC15M-26MAY051600-00,2026-05-05T16:00:00Z,2026-05-05T15:51:42.842Z,market_close_minus_seconds_to_close,no,side=no,,missing_in_forward_calibration_seed,497.158,0.856473,0.14352699999999996,0.856473,14.352699999999995,85.6473,1.0,0.0,0.02059999972899999,0.02059999972899999,0.15493248535757492,85_90,True,-4.352705,87.0,92.85475,0.289172991956024,True,26.0,True,False,True,False,True,False,True,True,True,False,False,rejected_actionable_posthoc_not_promotion_source
6b7e878751dbe8aa0f71406c,causal_seed_from_v28_forward_calibration,logs/edge_research/v28_forward_calibration_latest.csv,31,rejected_actionable,ask_too_high,rejected_actionable_from_posthoc_calibration_report,KXBTC15M-26MAY051600-00,2026-05-05T16:00:00Z,2026-05-05T15:52:06.104Z,market_close_minus_seconds_to_close,no,side=no,,missing_in_forward_calibration_seed,473.896,0.890702,0.109298,0.890702,10.9298,89.0702,1.0,0.0,0.011946052804,0.011946052804,0.11574536312188755,85_90,True,-4.929792,91.0,90.911715,0.23735823174242957,False,18.0,True,False,True,False,True,False,True,True,True,False,False,rejected_actionable_posthoc_not_promotion_source
af08b571c7e8bce497b6d55c,causal_seed_from_v28_forward_calibration,logs/edge_research/v28_forward_calibration_latest.csv,32,rejected_actionable,p_below_floor,rejected_actionable_from_posthoc_calibration_report,KXBTC15M-26MAY051600-00,2026-05-05T16:00:00Z,2026-05-05T15:45:43.656Z,market_close_minus_seconds_to_close,yes,side=yes,,missing_in_forward_calibration_seed,856.344,0.452047,0.452047,0.547953,45.204699999999995,54.795300000000005,0.0,0.0,0.20434649020899998,0.20434649020899998,0.6015657621356292,00_50,True,-13.795259,55.0,123.420469,1.1138511194482563,True,-110.0,True,False,True,False,True,False,True,True,True,False,False,rejected_actionable_posthoc_not_promotion_source
46e3aa76effad7c122ba3785,causal_seed_from_v28_forward_calibration,logs/edge_research/v28_forward_calibration_latest.csv,33,entry,approved_entry,approved_entry_from_posthoc_calibration_report,KXBTC15M-26MAY051615-15,2026-05-05T16:15:00Z,2026-05-05T16:07:14.769Z,market_close_minus_seconds_to_close,no,side=no,,missing_in_forward_calibration_seed,465.231,0.855253,0.14474699999999996,0.855253,14.474699999999995,85.5253,0.0,1.0,0.7314576940090001,0.7314576940090001,1.9327678881324075,85_90,True,6.02531,76.0,91.135075,0.2723002958536802,True,-24.0,True,False,True,False,False,False,True,True,True,False,False,posthoc_calibration_report_not_forward_registry
615d59aa89c6eb9ed6175067,causal_seed_from_v28_forward_calibration,logs/edge_research/v28_forward_calibration_latest.csv,34,entry,approved_entry,approved_entry_from_posthoc_calibration_report,KXBTC15M-26MAY051615-15,2026-05-05T16:15:00Z,2026-05-05T16:08:29.187Z,market_close_minus_seconds_to_close,yes,side=yes,,missing_in_forward_calibration_seed,390.813,0.92219,0.92219,0.07781000000000005,92.219,7.781000000000004,1.0,1.0,0.0060543961000000075,0.0060543961000000075,0.08100400290311094,90_95,True,32.218966,56.0,84.845931,0.1613755631733708,False,32.0,True,False,True,False,False,False,True,True,True,False,False,posthoc_calibration_report_not_forward_registry
0e6d7edd8c0a3677b2c96228,causal_seed_from_v28_forward_calibration,logs/edge_research/v28_forward_calibration_latest.csv,35,rejected_actionable,p_below_floor,rejected_actionable_from_posthoc_calibration_report,KXBTC15M-26MAY051615-15,2026-05-05T16:15:00Z,2026-05-05T16:00:35.587Z,market_close_minus_seconds_to_close,no,side=no,,missing_in_forward_calibration_seed,864.413,0.329336,0.6706639999999999,0.3293360000000001,67.06639999999999,32.933600000000006,0.0,1.0,0.108462200896,0.10846220089600005,0.3994870125816631,00_50,True,-3.066354,32.0,123.585724,0.8088229801841127,True,-64.0,True,False,True,False,True,False,True,True,True,False,False,rejected_actionable_posthoc_not_promotion_source
94bf8b784ee65c6b39cf29da,causal_seed_from_v28_forward_calibration,logs/edge_research/v28_forward_calibration_latest.csv,36,rejected_actionable,p_below_floor,rejected_actionable_from_posthoc_calibration_report,KXBTC15M-26MAY051615-15,2026-05-05T16:15:00Z,2026-05-05T16:00:35.587Z,market_close_minus_seconds_to_close,yes,side=yes,,missing_in_forward_calibration_seed,864.413,0.670664,0.670664,0.32933599999999996,67.0664,32.9336,1.0,1.0,0.10846220089599998,0.10846220089599998,0.3994870125816629,60_70,True,-6.433646,70.0,123.585724,0.8088229801841127,True,60.0,True,False,True,False,True,False,True,True,True,False,False,rejected_actionable_posthoc_not_promotion_source
428eb281d63acf942a8d3f79,causal_seed_from_v28_forward_calibration,logs/edge_research/v28_forward_calibration_latest.csv,37,rejected_actionable,ask_too_high,rejected_actionable_from_posthoc_calibration_report,KXBTC15M-26MAY051615-15,2026-05-05T16:15:00Z,2026-05-05T16:03:38.165Z,market_close_minus_seconds_to_close,yes,side=yes,,missing_in_forward_calibration_seed,681.835,0.779559,0.779559,0.220441,77.9559,22.0441,1.0,1.0,0.048594234481,0.048594234481,0.24902690380403503,70_80,True,-17.044131,92.0,109.943048,0.49878694674023344,True,16.0,True,False,True,False,True,False,True,True,True,False,False,rejected_actionable_posthoc_not_promotion_source
2a9e081a49af4b6a64b945b0,causal_seed_from_v28_forward_calibration,logs/edge_research/v28_forward_calibration_latest.csv,38,rejected_actionable,edge_below_floor,rejected_actionable_from_posthoc_calibration_report,KXBTC15M-26MAY051615-15,2026-05-05T16:15:00Z,2026-05-05T16:03:38.420Z,market_close_minus_seconds_to_close,yes,side=yes,,missing_in_forward_calibration_seed,681.58,0.860599,0.860599,0.139401,86.0599,13.9401,1.0,1.0,0.019432638800999998,0.019432638800999998,0.15012662055832682,85_90,True,-5.940147,89.0,109.960026,0.3870188606064072,True,22.0,True,False,True,False,True,False,True,True,True,False,False,rejected_actionable_posthoc_not_promotion_source
bfff85f57e07f79ed30574fe,causal_seed_from_v28_forward_calibration,logs/edge_research/v28_forward_calibration_latest.csv,39,rejected_actionable,p_below_floor,rejected_actionable_from_posthoc_calibration_report,KXBTC15M-26MAY051630-30,2026-05-05T16:30:00Z,2026-05-05T16:15:30.647Z,market_close_minus_seconds_to_close,no,side=no,,missing_in_forward_calibration_seed,869.353,0.613141,0.38685899999999995,0.613141,38.6859,61.3141,1.0,0.0,0.14965988588099996,0.14965988588099996,0.4891603531824082,60_70,True,-6.685872,64.0,130.9473,1.015377041470546,True,72.0,True,False,True,False,True,False,True,True,True,False,False,rejected_actionable_posthoc_not_promotion_source
e7437e59b3ff61a2aeec4e1d,causal_seed_from_v28_forward_calibration,logs/edge_research/v28_forward_calibration_latest.csv,40,rejected_actionable,edge_below_floor,rejected_actionable_from_posthoc_calibration_report,KXBTC15M-26MAY051630-30,2026-05-05T16:30:00Z,2026-05-05T16:19:15.510Z,market_close_minus_seconds_to_close,no,side=no,,missing_in_forward_calibration_seed,644.49,0.867949,0.13205100000000003,0.867949,13.205100000000003,86.7949,1.0,0.0,0.01743746660100001,0.01743746660100001,0.1416223218083429,85_90,True,-1.205118,85.0,113.51664,0.3828387179807846,True,30.0,True,False,True,False,True,False,True,True,True,False,False,rejected_actionable_posthoc_not_promotion_source
4d93cce6d8e08ba382f46ae6,causal_seed_from_v28_forward_calibration,logs/edge_research/v28_forward_calibration_latest.csv,41,rejected_actionable,ask_too_high,rejected_actionable_from_posthoc_calibration_report,KXBTC15M-26MAY051630-30,2026-05-05T16:30:00Z,2026-05-05T16:19:31.172Z,market_close_minus_seconds_to_close,no,side=no,,missing_in_forward_calibration_seed,628.828,0.911148,0.08885200000000004,0.911148,8.885200000000005,91.1148,1.0,0.0,0.007894677904000008,0.007894677904000008,0.093049936080743,90_95,True,-2.885172,91.0,112.097813,0.3017281409862528,True,18.0,True,False,True,False,True,False,True,True,True,False,False,rejected_actionable_posthoc_not_promotion_source
39a811ce6151fde8189a7f46,causal_seed_from_v28_forward_calibration,logs/edge_research/v28_forward_calibration_latest.csv,42,rejected_actionable,p_below_floor,rejected_actionable_from_posthoc_calibration_report,KXBTC15M-26MAY051630-30,2026-05-05T16:30:00Z,2026-05-05T16:15:30.647Z,market_close_minus_seconds_to_close,yes,side=yes,,missing_in_forward_calibration_seed,869.353,0.386859,0.386859,0.6131409999999999,38.685900000000004,61.314099999999996,0.0,0.0,0.14965988588100002,0.14965988588100002,0.4891603531824084,00_50,True,-2.314128,37.0,130.9473,1.015377041470546,True,-74.0,True,False,True,False,True,False,True,True,True,False,False,rejected_actionable_posthoc_not_promotion_source
2cd4af6be348e944b556d40c,causal_seed_from_v28_forward_calibration,logs/edge_research/v28_forward_calibration_latest.csv,43,rejected_actionable,p_below_floor,rejected_actionable_from_posthoc_calibration_report,KXBTC15M-26MAY051645-45,2026-05-05T16:45:00Z,2026-05-05T16:30:20.889Z,market_close_minus_seconds_to_close,no,side=no,,missing_in_forward_calibration_seed,879.111,0.483157,0.5168429999999999,0.48315700000000006,51.68429999999999,48.31570000000001,0.0,1.0,0.233440686649,0.23344068664900006,0.6600161256406684,00_50,True,-6.684312,51.0,132.388055,1.283901434017675,True,-102.0,True,False,True,False,True,False,True,True,True,False,False,rejected_actionable_posthoc_not_promotion_source
df4e4359fb1683de739fabe8,causal_seed_from_v28_forward_calibration,logs/edge_research/v28_forward_calibration_latest.csv,44,rejected_actionable,p_below_floor,rejected_actionable_from_posthoc_calibration_report,KXBTC15M-26MAY051645-45,2026-05-05T16:45:00Z,2026-05-05T16:30:20.889Z,market_close_minus_seconds_to_close,yes,side=yes,,missing_in_forward_calibration_seed,879.111,0.516843,0.516843,0.48315699999999995,51.68430000000001,48.31569999999999,1.0,1.0,0.23344068664899995,0.23344068664899995,0.6600161256406681,50_60,True,-2.315688,50.0,132.388055,1.283901434017675,True,100.0,True,False,True,False,True,False,True,True,True,False,False,rejected_actionable_posthoc_not_promotion_source
d5cf6c8502d67d66e2897b9e,causal_seed_from_v28_forward_calibration,logs/edge_research/v28_forward_calibration_latest.csv,45,rejected_actionable,edge_below_floor,rejected_actionable_from_posthoc_calibration_report,KXBTC15M-26MAY051645-45,2026-05-05T16:45:00Z,2026-05-05T16:33:08.739Z,market_close_minus_seconds_to_close,yes,side=yes,,missing_in_forward_calibration_seed,711.261,0.850334,0.850334,0.14966599999999997,85.0334,14.966599999999996,1.0,1.0,0.02239991155599999,0.02239991155599999,0.16212606550247058,85_90,True,-0.966635,83.0,120.483071,0.4521498675675955,True,34.0,True,False,True,False,True,False,True,True,True,False,False,rejected_actionable_posthoc_not_promotion_source
51f18144fa5e2743d85f9603,causal_seed_from_v28_forward_calibration,logs/edge_research/v28_forward_calibration_latest.csv,46,rejected_actionable,ask_too_high,rejected_actionable_from_posthoc_calibration_report,KXBTC15M-26MAY051645-45,2026-05-05T16:45:00Z,2026-05-05T16:33:48.139Z,market_close_minus_seconds_to_close,yes,side=yes,,missing_in_forward_calibration_seed,671.861,0.885289,0.885289,0.11471100000000001,88.5289,11.4711,1.0,1.0,0.013158613521000001,0.013158613521000001,0.12184113360893685,85_90,True,-5.471073,91.0,117.117929,0.3711275542880559,True,18.0,True,False,True,False,True,False,True,True,True,False,False,rejected_actionable_posthoc_not_promotion_source
ad39a7035b5d29838433d1a6,causal_seed_from_v28_forward_calibration,logs/edge_research/v28_forward_calibration_latest.csv,47,rejected_actionable,p_below_floor,rejected_actionable_from_posthoc_calibration_report,KXBTC15M-26MAY051700-00,2026-05-05T17:00:00Z,2026-05-05T16:45:15.745Z,market_close_minus_seconds_to_close,no,side=no,,missing_in_forward_calibration_seed,884.255,0.570256,0.429744,0.570256,42.9744,57.0256,1.0,0.0,0.184679905536,0.184679905536,0.561669896171984,50_60,True,-3.974403,57.0,125.125577,1.0866461461842227,True,86.0,True,False,True,False,True,False,True,True,True,False,False,rejected_actionable_posthoc_not_promotion_source
3a23481fb8553864ad39507f,causal_seed_from_v28_forward_calibration,logs/edge_research/v28_forward_calibration_latest.csv,48,rejected_actionable,edge_below_floor,rejected_actionable_from_posthoc_calibration_report,KXBTC15M-26MAY051700-00,2026-05-05T17:00:00Z,2026-05-05T16:49:18.602Z,market_close_minus_seconds_to_close,no,side=no,,missing_in_forward_calibration_seed,641.398,0.854422,0.14557799999999999,0.854422,14.557799999999999,85.4422,1.0,0.0,0.021192954083999994,0.021192954083999994,0.15733006204403768,85_90,True,-3.557826,86.0,103.881236,0.3684544449061005,True,28.0,True,False,True,False,True,False,True,True,True,False,False,rejected_actionable_posthoc_not_promotion_source
033a88d690b4a9619d6e95d5,causal_seed_from_v28_forward_calibration,logs/edge_research/v28_forward_calibration_latest.csv,49,rejected_actionable,ask_too_high,rejected_actionable_from_posthoc_calibration_report,KXBTC15M-26MAY051700-00,2026-05-05T17:00:00Z,2026-05-05T16:57:45.543Z,market_close_minus_seconds_to_close,no,side=no,,missing_in_forward_calibration_seed,134.457,0.846849,0.15315100000000004,0.846849,15.315100000000005,84.6849,1.0,0.0,0.02345522880100001,0.02345522880100001,0.1662328764923711,80_85,True,-9.315074,91.0,45.249862,0.07682695494415473,False,18.0,True,False,True,False,True,False,True,True,True,False,False,rejected_actionable_posthoc_not_promotion_source
46de18da6173752d37eb39f9,causal_seed_from_v28_forward_calibration,logs/edge_research/v28_forward_calibration_latest.csv,50,rejected_actionable,p_below_floor,rejected_actionable_from_posthoc_calibration_report,KXBTC15M-26MAY051700-00,2026-05-05T17:00:00Z,2026-05-05T16:45:15.745Z,market_close_minus_seconds_to_close,yes,side=yes,,missing_in_forward_calibration_seed,884.255,0.429744,0.429744,0.570256,42.9744,57.0256,0.0,0.0,0.184679905536,0.184679905536,0.561669896171984,00_50,True,-5.025597,44.0,125.125577,1.0866461461842227,True,-88.0,True,False,True,False,True,False,True,True,True,False,False,rejected_actionable_posthoc_not_promotion_source
9a8aad7bbb50eb934561be1c,causal_seed_from_v28_forward_calibration,logs/edge_research/v28_forward_calibration_latest.csv,51,entry,approved_entry,approved_entry_from_posthoc_calibration_report,KXBTC15M-26MAY051715-15,2026-05-05T17:15:00Z,2026-05-05T17:03:37.869Z,market_close_minus_seconds_to_close,yes,side=yes,,missing_in_forward_calibration_seed,682.131,0.877551,0.877551,0.12244900000000003,87.7551,12.244900000000003,0.0,0.0,0.7700957576009999,0.7700957576009999,2.1000606622159186,85_90,True,2.255072,82.0,97.818587,0.3259898292285944,True,-28.0,True,False,True,False,False,False,True,True,True,False,False,posthoc_calibration_report_not_forward_registry
35f96c46c364760f034ce022,causal_seed_from_v28_forward_calibration,logs/edge_research/v28_forward_calibration_latest.csv,52,entry,approved_entry,approved_entry_from_posthoc_calibration_report,KXBTC15M-26MAY051715-15,2026-05-05T17:15:00Z,2026-05-05T17:12:23.869Z,market_close_minus_seconds_to_close,yes,side=yes,,missing_in_forward_calibration_seed,156.131,0.880552,0.880552,0.119448,88.0552,11.9448,0.0,0.0,0.775371824704,0.775371824704,2.1248741487577743,85_90,True,15.555165,69.0,47.477547,0.07487322238906284,False,-48.0,True,False,True,False,False,False,True,True,True,False,False,posthoc_calibration_report_not_forward_registry
c899bc4c4a631f705b481579,causal_seed_from_v28_forward_calibration,logs/edge_research/v28_forward_calibration_latest.csv,53,entry,approved_entry,approved_entry_from_posthoc_calibration_report,KXBTC15M-26MAY051715-15,2026-05-05T17:15:00Z,2026-05-05T17:13:06.193Z,market_close_minus_seconds_to_close,yes,side=yes,,missing_in_forward_calibration_seed,113.807,0.868759,0.868759,0.13124100000000005,86.8759,13.124100000000006,0.0,0.0,0.7547422000809999,0.7547422000809999,2.0307199512901026,85_90,True,42.87586,40.0,39.730028,0.05680344649000784,False,-22.0,True,False,True,False,False,False,True,True,True,False,False,posthoc_calibration_report_not_forward_registry
491d67b04638755645202db7,causal_seed_from_v28_forward_calibration,logs/edge_research/v28_forward_calibration_latest.csv,54,rejected_actionable,p_below_floor,rejected_actionable_from_posthoc_calibration_report,KXBTC15M-26MAY051715-15,2026-05-05T17:15:00Z,2026-05-05T17:00:15.971Z,market_close_minus_seconds_to_close,no,side=no,,missing_in_forward_calibration_seed,884.029,0.520761,0.47923899999999997,0.520761,47.923899999999996,52.076100000000004,1.0,0.0,0.22967001912099996,0.22967001912099996,0.6524640756844103,50_60,True,-2.92387,51.0,115.037535,1.1005860740691689,True,98.0,True,False,True,False,True,False,True,True,True,False,False,rejected_actionable_posthoc_not_promotion_source
c2686ce2d27a9415b3d8d787,causal_seed_from_v28_forward_calibration,logs/edge_research/v28_forward_calibration_latest.csv,55,rejected_actionable,p_below_floor,rejected_actionable_from_posthoc_calibration_report,KXBTC15M-26MAY051715-15,2026-05-05T17:15:00Z,2026-05-05T17:00:15.971Z,market_close_minus_seconds_to_close,yes,side=yes,,missing_in_forward_calibration_seed,884.029,0.479239,0.479239,0.520761,47.9239,52.076100000000004,0.0,0.0,0.22967001912100002,0.22967001912100002,0.6524640756844103,00_50,True,-7.07613,51.0,115.037535,1.1005860740691689,True,-102.0,True,False,True,False,True,False,True,True,True,False,False,rejected_actionable_posthoc_not_promotion_source
28406d8d6063c8cac0dba403,causal_seed_from_v28_forward_calibration,logs/edge_research/v28_forward_calibration_latest.csv,56,rejected_actionable,edge_below_floor,rejected_actionable_from_posthoc_calibration_report,KXBTC15M-26MAY051715-15,2026-05-05T17:15:00Z,2026-05-05T17:03:24.889Z,market_close_minus_seconds_to_close,yes,side=yes,,missing_in_forward_calibration_seed,695.111,0.857981,0.857981,0.142019,85.7981,14.2019,0.0,0.0,0.736131396361,0.736131396361,1.9517944275147734,85_90,True,-2.201885,85.0,98.737757,0.35580680472925746,True,-170.0,True,False,True,False,True,False,True,True,True,False,False,rejected_actionable_posthoc_not_promotion_source
39465714f58ed4f56475f0d6,causal_seed_from_v28_forward_calibration,logs/edge_research/v28_forward_calibration_latest.csv,57,rejected_actionable,p_below_floor,rejected_actionable_from_posthoc_calibration_report,KXBTC15M-26MAY051730-30,2026-05-05T17:30:00Z,2026-05-05T17:15:31.420Z,market_close_minus_seconds_to_close,no,side=no,,missing_in_forward_calibration_seed,868.58,0.497567,0.502433,0.497567,50.243300000000005,49.756699999999995,1.0,0.0,0.252438919489,0.252438919489,0.6980250580842993,00_50,True,-5.243317,51.0,108.597345,1.051584673359244,True,98.0,True,False,True,False,True,False,True,True,True,False,False,rejected_actionable_posthoc_not_promotion_source
acc7b78bdcd6266d6e6548bd,causal_seed_from_v28_forward_calibration,logs/edge_research/v28_forward_calibration_latest.csv,58,rejected_actionable,edge_below_floor,rejected_actionable_from_posthoc_calibration_report,KXBTC15M-26MAY051730-30,2026-05-05T17:30:00Z,2026-05-05T17:20:38.880Z,market_close_minus_seconds_to_close,no,side=no,,missing_in_forward_calibration_seed,561.12,0.859928,0.14007199999999997,0.859928,14.007199999999997,85.9928,1.0,0.0,0.019620165183999994,0.019620165183999994,0.15090661416960885,85_90,True,-0.007189,83.0,86.273775,0.28034185652786114,True,34.0,True,False,True,False,True,False,True,True,True,False,False,rejected_actionable_posthoc_not_promotion_source
b1e60016363a14ede237ea6f,causal_seed_from_v28_forward_calibration,logs/edge_research/v28_forward_calibration_latest.csv,59,rejected_actionable,ask_too_high,rejected_actionable_from_posthoc_calibration_report,KXBTC15M-26MAY051730-30,2026-05-05T17:30:00Z,2026-05-05T17:21:25.851Z,market_close_minus_seconds_to_close,no,side=no,,missing_in_forward_calibration_seed,514.149,0.903371,0.09662899999999996,0.903371,9.662899999999997,90.3371,1.0,0.0,0.009337163640999993,0.009337163640999993,0.10162195722883907,90_95,True,-3.662873,91.0,81.941701,0.21169473244963224,False,18.0,True,False,True,False,True,False,True,True,True,False,False,rejected_actionable_posthoc_not_promotion_source
a53493c4b27c60dba75f63ba,causal_seed_from_v28_forward_calibration,logs/edge_research/v28_forward_calibration_latest.csv,60,rejected_actionable,p_below_floor,rejected_actionable_from_posthoc_calibration_report,KXBTC15M-26MAY051730-30,2026-05-05T17:30:00Z,2026-05-05T17:15:31.420Z,market_close_minus_seconds_to_close,yes,side=yes,,missing_in_forward_calibration_seed,868.58,0.502433,0.502433,0.497567,50.243300000000005,49.756699999999995,0.0,0.0,0.252438919489,0.252438919489,0.6980250580842993,50_60,True,-4.756683,51.0,108.597345,1.051584673359244,True,-102.0,True,False,True,False,True,False,True,True,True,False,False,rejected_actionable_posthoc_not_promotion_source
7f5e03f223f7a62d38a9831b,causal_seed_from_v28_forward_calibration,logs/edge_research/v28_forward_calibration_latest.csv,61,entry,approved_entry,approved_entry_from_posthoc_calibration_report,KXBTC15M-26MAY051745-45,2026-05-05T17:45:00Z,2026-05-05T17:31:47.662Z,market_close_minus_seconds_to_close,no,side=no,,missing_in_forward_calibration_seed,792.338,0.861462,0.13853800000000005,0.861462,13.853800000000005,86.1462,1.0,0.0,0.019192777444000015,0.019192777444000015,0.14912433309900222,85_90,True,5.646183,77.0,103.356534,0.3993723747635055,True,-10.0,True,False,True,False,False,False,True,True,True,False,False,posthoc_calibration_report_not_forward_registry
56a464927f6f9f717fc471f0,causal_seed_from_v28_forward_calibration,logs/edge_research/v28_forward_calibration_latest.csv,62,entry,approved_entry,approved_entry_from_posthoc_calibration_report,KXBTC15M-26MAY051745-45,2026-05-05T17:45:00Z,2026-05-05T17:32:54.535Z,market_close_minus_seconds_to_close,no,side=no,,missing_in_forward_calibration_seed,725.465,0.86177,0.13822999999999996,0.86177,13.822999999999997,86.177,1.0,0.0,0.01910753289999999,0.01910753289999999,0.1487668652673001,85_90,True,2.676999,80.0,99.180164,0.3597654028345304,True,-2.0,True,False,True,False,False,False,True,True,True,False,False,posthoc_calibration_report_not_forward_registry
294da341f0763fbf65cade0f,causal_seed_from_v28_forward_calibration,logs/edge_research/v28_forward_calibration_latest.csv,63,rejected_actionable,p_below_floor,rejected_actionable_from_posthoc_calibration_report,KXBTC15M-26MAY051745-45,2026-05-05T17:45:00Z,2026-05-05T17:30:31.243Z,market_close_minus_seconds_to_close,no,side=no,,missing_in_forward_calibration_seed,868.757,0.78022,0.21977999999999998,0.78022,21.977999999999998,78.022,1.0,0.0,0.04830324839999999,0.04830324839999999,0.2481793477854334,70_80,True,3.52204,71.0,107.444854,0.5423839624480261,True,58.0,True,False,True,False,True,False,True,True,True,False,False,rejected_actionable_posthoc_not_promotion_source
4a263d4322bc7821f473135e,causal_seed_from_v28_forward_calibration,logs/edge_research/v28_forward_calibration_latest.csv,64,rejected_actionable,edge_below_floor,rejected_actionable_from_posthoc_calibration_report,KXBTC15M-26MAY051745-45,2026-05-05T17:45:00Z,2026-05-05T17:32:54.486Z,market_close_minus_seconds_to_close,no,side=no,,missing_in_forward_calibration_seed,725.514,0.853765,0.146235,0.853765,14.6235,85.3765,1.0,0.0,0.021384675225,0.021384675225,0.15809929870535985,85_90,True,1.876518,80.0,99.187221,0.3708946579108287,True,40.0,True,False,True,False,True,False,True,True,True,False,False,rejected_actionable_posthoc_not_promotion_source
0127d0260b578aef80e4a239,causal_seed_from_v28_forward_calibration,logs/edge_research/v28_forward_calibration_latest.csv,65,rejected_actionable,ask_too_high,rejected_actionable_from_posthoc_calibration_report,KXBTC15M-26MAY051745-45,2026-05-05T17:45:00Z,2026-05-05T17:34:54.623Z,market_close_minus_seconds_to_close,no,side=no,,missing_in_forward_calibration_seed,605.377,0.983217,0.016782999999999992,0.983217,1.6782999999999992,98.3217,1.0,0.0,0.00028166908899999977,0.00028166908899999977,0.01692543039972551,95_100,True,0.821688,95.0,88.624797,0.09448471806824767,False,10.0,True,False,True,False,True,False,True,True,True,False,False,rejected_actionable_posthoc_not_promotion_source
dd0037e11fbea79cf8a0ed92,causal_seed_from_v28_forward_calibration,logs/edge_research/v28_forward_calibration_latest.csv,66,rejected_actionable,p_below_floor,rejected_actionable_from_posthoc_calibration_report,KXBTC15M-26MAY051745-45,2026-05-05T17:45:00Z,2026-05-05T17:30:31.243Z,market_close_minus_seconds_to_close,yes,side=yes,,missing_in_forward_calibration_seed,868.757,0.21978,0.21978,0.78022,21.978,78.022,0.0,0.0,0.0483032484,0.0483032484,0.2481793477854334,00_50,True,-12.52204,31.0,107.444854,0.5423839624480261,True,-62.0,True,False,True,False,True,False,True,True,True,False,False,rejected_actionable_posthoc_not_promotion_source
150c783daf49f3e838e1e89d,causal_seed_from_v28_forward_calibration,logs/edge_research/v28_forward_calibration_latest.csv,67,entry,approved_entry,approved_entry_from_posthoc_calibration_report,KXBTC15M-26MAY051800-00,2026-05-05T18:00:00Z,2026-05-05T17:48:07.447Z,market_close_minus_seconds_to_close,yes,side=yes,,missing_in_forward_calibration_seed,712.553,0.85382,0.85382,0.14617999999999998,85.382,14.617999999999999,1.0,1.0,0.021368592399999994,0.021368592399999994,0.15803488024300624,85_90,True,3.882043,78.0,94.543639,0.3496464060083165,True,-24.0,True,False,True,False,False,False,True,True,True,False,False,posthoc_calibration_report_not_forward_registry
b989ec0ec6aeb24bdb3e2d52,causal_seed_from_v28_forward_calibration,logs/edge_research/v28_forward_calibration_latest.csv,68,entry,approved_entry,approved_entry_from_posthoc_calibration_report,KXBTC15M-26MAY051800-00,2026-05-05T18:00:00Z,2026-05-05T17:50:18.468Z,market_close_minus_seconds_to_close,yes,side=yes,,missing_in_forward_calibration_seed,581.532,0.858155,0.858155,0.141845,85.8155,14.1845,1.0,1.0,0.020120004025,0.020120004025,0.15297054312925265,85_90,True,2.315549,80.0,85.666357,0.28302462076710433,True,40.0,True,False,True,False,False,False,True,True,True,False,False,posthoc_calibration_report_not_forward_registry
f49245d17d4923322f98cd62,causal_seed_from_v28_forward_calibration,logs/edge_research/v28_forward_calibration_latest.csv,69,rejected_actionable,p_below_floor,rejected_actionable_from_posthoc_calibration_report,KXBTC15M-26MAY051800-00,2026-05-05T18:00:00Z,2026-05-05T17:45:31.097Z,market_close_minus_seconds_to_close,no,side=no,,missing_in_forward_calibration_seed,868.903,0.470124,0.529876,0.470124,52.9876,47.0124,0.0,1.0,0.22101657537599997,0.22101657537599997,0.6351122620735606,00_50,True,-2.987592,46.0,104.691276,0.9815365482838599,True,-92.0,True,False,True,False,True,False,True,True,True,False,False,rejected_actionable_posthoc_not_promotion_source
61c95af28984c757bb20faf8,causal_seed_from_v28_forward_calibration,logs/edge_research/v28_forward_calibration_latest.csv,70,rejected_actionable,p_below_floor,rejected_actionable_from_posthoc_calibration_report,KXBTC15M-26MAY051800-00,2026-05-05T18:00:00Z,2026-05-05T17:45:31.097Z,market_close_minus_seconds_to_close,yes,side=yes,,missing_in_forward_calibration_seed,868.903,0.529876,0.529876,0.470124,52.9876,47.0124,1.0,1.0,0.22101657537599997,0.22101657537599997,0.6351122620735606,50_60,True,-6.012408,55.0,104.691276,0.9815365482838599,True,90.0,True,False,True,False,True,False,True,True,True,False,False,rejected_actionable_posthoc_not_promotion_source
427582fc6aa5eae0963a3223,causal_seed_from_v28_forward_calibration,logs/edge_research/v28_forward_calibration_latest.csv,71,rejected_actionable,edge_below_floor,rejected_actionable_from_posthoc_calibration_report,KXBTC15M-26MAY051800-00,2026-05-05T18:00:00Z,2026-05-05T17:50:07.288Z,market_close_minus_seconds_to_close,yes,side=yes,,missing_in_forward_calibration_seed,592.712,0.85314,0.85314,0.14686,85.31400000000001,14.686,1.0,1.0,0.021567859599999996,0.021567859599999996,0.15883161834579895,85_90,True,1.813954,80.0,86.484635,0.2950653292459932,True,40.0,True,False,True,False,True,False,True,True,True,False,False,rejected_actionable_posthoc_not_promotion_source
3c70a40bfdb200396e48fcbb,causal_seed_from_v28_forward_calibration,logs/edge_research/v28_forward_calibration_latest.csv,72,rejected_actionable,ask_too_high,rejected_actionable_from_posthoc_calibration_report,KXBTC15M-26MAY051800-00,2026-05-05T18:00:00Z,2026-05-05T17:52:19.131Z,market_close_minus_seconds_to_close,yes,side=yes,,missing_in_forward_calibration_seed,460.869,0.949598,0.949598,0.05040199999999995,94.9598,5.040199999999995,1.0,1.0,0.0025403616039999946,0.0025403616039999946,0.05171654183885453,90_95,True,-0.54021,93.0,76.324599,0.1290863957864288,False,14.0,True,False,True,False,True,False,True,True,True,False,False,rejected_actionable_posthoc_not_promotion_source
8354e1be4bbb3eaac6b55a4b,causal_seed_from_v28_forward_calibration,logs/edge_research/v28_forward_calibration_latest.csv,73,entry,approved_entry,approved_entry_from_posthoc_calibration_report,KXBTC15M-26MAY051815-15,2026-05-05T18:15:00Z,2026-05-05T18:02:42.352Z,market_close_minus_seconds_to_close,yes,side=yes,,missing_in_forward_calibration_seed,737.648,0.865481,0.865481,0.13451900000000006,86.54809999999999,13.451900000000006,0.0,0.0,0.7490573613609999,0.7490573613609999,2.0060498259765334,85_90,True,2.048056,81.0,96.28496,0.3479522342160163,True,24.0,True,False,True,False,False,False,True,True,True,False,False,posthoc_calibration_report_not_forward_registry
71a20f7980a0563755821b6e,causal_seed_from_v28_forward_calibration,logs/edge_research/v28_forward_calibration_latest.csv,74,rejected_actionable,p_below_floor,rejected_actionable_from_posthoc_calibration_report,KXBTC15M-26MAY051815-15,2026-05-05T18:15:00Z,2026-05-05T18:00:16.337Z,market_close_minus_seconds_to_close,no,side=no,,missing_in_forward_calibration_seed,883.663,0.22087,0.77913,0.22087,77.913,22.087,1.0,0.0,0.6070435569,0.6070435569,1.5101809858367596,00_50,True,-8.41302,27.0,103.02218,0.5227973434259201,True,146.0,True,False,True,False,True,False,True,True,True,False,False,rejected_actionable_posthoc_not_promotion_source
dce7f16e18cb2783b070be3d,causal_seed_from_v28_forward_calibration,logs/edge_research/v28_forward_calibration_latest.csv,75,rejected_actionable,ask_too_high,rejected_actionable_from_posthoc_calibration_report,KXBTC15M-26MAY051815-15,2026-05-05T18:15:00Z,2026-05-05T18:11:10.635Z,market_close_minus_seconds_to_close,no,side=no,,missing_in_forward_calibration_seed,229.365,0.880724,0.11927600000000005,0.880724,11.927600000000005,88.0724,1.0,0.0,0.01422676417600001,0.01422676417600001,0.12701098249172554,85_90,True,-5.927637,91.0,54.743856,0.10219626847507805,False,18.0,True,False,True,False,True,False,True,True,True,False,False,rejected_actionable_posthoc_not_promotion_source
47a7ccd3a8a475d47d0d42de,causal_seed_from_v28_forward_calibration,logs/edge_research/v28_forward_calibration_latest.csv,76,rejected_actionable,p_below_floor,rejected_actionable_from_posthoc_calibration_report,KXBTC15M-26MAY051815-15,2026-05-05T18:15:00Z,2026-05-05T18:00:16.337Z,market_close_minus_seconds_to_close,yes,side=yes,,missing_in_forward_calibration_seed,883.663,0.77913,0.77913,0.22087,77.913,22.087,0.0,0.0,0.6070435569,0.6070435569,1.5101809858367596,70_80,True,0.41302,74.0,103.02218,0.5227973434259201,True,-148.0,True,False,True,False,True,False,True,True,True,False,False,rejected_actionable_posthoc_not_promotion_source
1f1d76c892d6a03fc319c8ca,causal_seed_from_v28_forward_calibration,logs/edge_research/v28_forward_calibration_latest.csv,77,rejected_actionable,edge_below_floor,rejected_actionable_from_posthoc_calibration_report,KXBTC15M-26MAY051815-15,2026-05-05T18:15:00Z,2026-05-05T18:02:42.348Z,market_close_minus_seconds_to_close,yes,side=yes,,missing_in_forward_calibration_seed,737.652,0.851563,0.851563,0.14843700000000004,85.1563,14.843700000000004,0.0,0.0,0.725159542969,0.725159542969,1.9075946531799022,85_90,True,1.65632,80.0,96.27901,0.367333856774973,True,-160.0,True,False,True,False,True,False,True,True,True,False,False,rejected_actionable_posthoc_not_promotion_source
27bf46f266408af20608189b,causal_seed_from_v28_forward_calibration,logs/edge_research/v28_forward_calibration_latest.csv,78,rejected_actionable,ask_too_high,rejected_actionable_from_posthoc_calibration_report,KXBTC15M-26MAY051815-15,2026-05-05T18:15:00Z,2026-05-05T18:06:04.357Z,market_close_minus_seconds_to_close,yes,side=yes,,missing_in_forward_calibration_seed,535.643,0.922243,0.922243,0.07775699999999997,92.2243,7.775699999999997,0.0,0.0,0.850532151049,0.850532151049,2.554166699821104,90_95,True,-3.275652,93.0,83.935104,0.1979518040852381,False,-186.0,True,False,True,False,True,False,True,True,True,False,False,rejected_actionable_posthoc_not_promotion_source
e572f11b20392c1396eefc2d,causal_seed_from_v28_forward_calibration,logs/edge_research/v28_forward_calibration_latest.csv,79,entry,approved_entry,approved_entry_from_posthoc_calibration_report,KXBTC15M-26MAY051830-30,2026-05-05T18:30:00Z,2026-05-05T18:23:23.861Z,market_close_minus_seconds_to_close,no,side=no,,missing_in_forward_calibration_seed,396.139,0.865344,0.134656,0.865344,13.4656,86.5344,0.0,1.0,0.748820238336,0.748820238336,2.0050319007470017,85_90,True,3.034397,80.0,69.953296,0.18481237302914516,False,-92.0,True,False,True,False,False,False,True,True,True,False,False,posthoc_calibration_report_not_forward_registry
89d54ac9bcb338896c230f35,causal_seed_from_v28_forward_calibration,logs/edge_research/v28_forward_calibration_latest.csv,80,rejected_actionable,p_below_floor,rejected_actionable_from_posthoc_calibration_report,KXBTC15M-26MAY051830-30,2026-05-05T18:30:00Z,2026-05-05T18:17:00.469Z,market_close_minus_seconds_to_close,no,side=no,,missing_in_forward_calibration_seed,779.531,0.41876,0.58124,0.41876,58.123999999999995,41.876000000000005,0.0,1.0,0.17535993760000002,0.17535993760000002,0.5425915265296419,00_50,True,-31.623991,70.0,100.102356,0.777444424872164,True,-140.0,True,False,True,False,True,False,True,True,True,False,False,rejected_actionable_posthoc_not_promotion_source
c6b05ff4b4ab235ea88d4634,causal_seed_from_v28_forward_calibration,logs/edge_research/v28_forward_calibration_latest.csv,81,rejected_actionable,p_below_floor,rejected_actionable_from_posthoc_calibration_report,KXBTC15M-26MAY051830-30,2026-05-05T18:30:00Z,2026-05-05T18:17:00.469Z,market_close_minus_seconds_to_close,yes,side=yes,,missing_in_forward_calibration_seed,779.531,0.58124,0.58124,0.41876,58.123999999999995,41.876000000000005,1.0,1.0,0.17535993760000002,0.17535993760000002,0.5425915265296419,50_60,True,23.623991,31.0,100.102356,0.777444424872164,True,138.0,True,False,True,False,True,False,True,True,True,False,False,rejected_actionable_posthoc_not_promotion_source
77fce87cbcecf07f3f96ab0e,causal_seed_from_v28_forward_calibration,logs/edge_research/v28_forward_calibration_latest.csv,82,rejected_actionable,ask_too_high,rejected_actionable_from_posthoc_calibration_report,KXBTC15M-26MAY051830-30,2026-05-05T18:30:00Z,2026-05-05T18:26:59.885Z,market_close_minus_seconds_to_close,yes,side=yes,,missing_in_forward_calibration_seed,180.115,0.577063,0.577063,0.422937,57.7063,42.2937,1.0,1.0,0.17887570596900002,0.17887570596900002,0.549803832992393,50_60,True,-37.29371,92.0,47.259109,0.1756831164726499,False,16.0,True,False,True,False,True,False,True,True,True,False,False,rejected_actionable_posthoc_not_promotion_source
b714a5ea5a6cc0a3a81f8e1b,causal_seed_from_v28_forward_calibration,logs/edge_research/v28_forward_calibration_latest.csv,83,entry,approved_entry,approved_entry_from_posthoc_calibration_report,KXBTC15M-26MAY051845-45,2026-05-05T18:45:00Z,2026-05-05T18:30:45.026Z,market_close_minus_seconds_to_close,no,side=no,,missing_in_forward_calibration_seed,854.974,0.864024,0.13597599999999999,0.864024,13.597599999999998,86.4024,1.0,0.0,0.018489472575999998,0.018489472575999998,0.14615473278609897,85_90,True,3.902414,79.0,103.506064,0.4162522477382457,True,42.0,True,False,True,False,False,False,True,True,True,False,False,posthoc_calibration_report_not_forward_registry
c6c77e342427eb6dfd8d5bcb,causal_seed_from_v28_forward_calibration,logs/edge_research/v28_forward_calibration_latest.csv,84,rejected_actionable,ask_too_high,rejected_actionable_from_posthoc_calibration_report,KXBTC15M-26MAY051845-45,2026-05-05T18:45:00Z,2026-05-05T18:33:13.979Z,market_close_minus_seconds_to_close,no,side=no,,missing_in_forward_calibration_seed,706.021,0.991853,0.008147000000000015,0.991853,0.8147000000000015,99.1853,1.0,0.0,6.637360900000025e-05,6.637360900000025e-05,0.008180368161688843,95_100,True,0.685332,96.0,96.716481,0.07587634871051191,False,8.0,True,False,True,False,True,False,True,True,True,False,False,rejected_actionable_posthoc_not_promotion_source
1070ffad930398012b805b0d,causal_seed_from_v28_forward_calibration,logs/edge_research/v28_forward_calibration_latest.csv,85,rejected_actionable,p_below_floor,rejected_actionable_from_posthoc_calibration_report,KXBTC15M-26MAY051845-45,2026-05-05T18:45:00Z,2026-05-05T18:30:45.026Z,market_close_minus_seconds_to_close,yes,side=yes,,missing_in_forward_calibration_seed,854.974,0.135976,0.135976,0.864024,13.597600000000002,86.4024,0.0,0.0,0.018489472576000004,0.018489472576000004,0.14615473278609897,00_50,True,-11.902414,22.0,103.506064,0.4162522477382457,True,-44.0,True,False,True,False,True,False,True,True,True,False,False,rejected_actionable_posthoc_not_promotion_source
b7ea8f00ebe3c4f74c2fb0d4,causal_seed_from_v28_forward_calibration,logs/edge_research/v28_forward_calibration_latest.csv,86,entry,approved_entry,approved_entry_from_posthoc_calibration_report,KXBTC15M-26MAY051900-00,2026-05-05T19:00:00Z,2026-05-05T18:50:29.726Z,market_close_minus_seconds_to_close,yes,side=yes,,missing_in_forward_calibration_seed,570.274,0.876273,0.876273,0.12372700000000003,87.62729999999999,12.372700000000004,1.0,1.0,0.015308370529000007,0.015308370529000007,0.13207759276098255,85_90,True,4.127337,80.0,99.512422,0.3021213220864653,True,40.0,True,False,True,False,False,False,True,True,True,False,False,posthoc_calibration_report_not_forward_registry
8d42a8a59bbb39b8f8c0c38d,causal_seed_from_v28_forward_calibration,logs/edge_research/v28_forward_calibration_latest.csv,87,rejected_actionable,p_below_floor,rejected_actionable_from_posthoc_calibration_report,KXBTC15M-26MAY051900-00,2026-05-05T19:00:00Z,2026-05-05T18:45:28.928Z,market_close_minus_seconds_to_close,no,side=no,,missing_in_forward_calibration_seed,871.072,0.453839,0.546161,0.453839,54.6161,45.3839,0.0,1.0,0.205969837921,0.205969837921,0.6048414749085035,00_50,True,-2.616129,44.0,121.518513,1.1552634028791224,True,-88.0,True,False,True,False,True,False,True,True,True,False,False,rejected_actionable_posthoc_not_promotion_source
9acf319041749596f7242bf1,causal_seed_from_v28_forward_calibration,logs/edge_research/v28_forward_calibration_latest.csv,88,rejected_actionable,p_below_floor,rejected_actionable_from_posthoc_calibration_report,KXBTC15M-26MAY051900-00,2026-05-05T19:00:00Z,2026-05-05T18:45:28.928Z,market_close_minus_seconds_to_close,yes,side=yes,,missing_in_forward_calibration_seed,871.072,0.546161,0.546161,0.453839,54.6161,45.3839,1.0,1.0,0.205969837921,0.205969837921,0.6048414749085035,50_60,True,-7.383871,58.0,121.518513,1.1552634028791224,True,84.0,True,False,True,False,True,False,True,True,True,False,False,rejected_actionable_posthoc_not_promotion_source
3c0f2938a540dcac47e43ea1,causal_seed_from_v28_forward_calibration,logs/edge_research/v28_forward_calibration_latest.csv,89,rejected_actionable,ask_too_high,rejected_actionable_from_posthoc_calibration_report,KXBTC15M-26MAY051900-00,2026-05-05T19:00:00Z,2026-05-05T18:52:29.789Z,market_close_minus_seconds_to_close,yes,side=yes,,missing_in_forward_calibration_seed,450.211,0.99894,0.99894,0.0010599999999999499,99.894,0.10599999999999499,1.0,1.0,1.1235999999998938e-06,1.1235999999998938e-06,0.0010605621973211702,95_100,True,1.394001,96.0,89.18002,0.020542191964504856,False,8.0,True,False,True,False,True,False,True,True,True,False,False,rejected_actionable_posthoc_not_promotion_source
8fda140368e5aac5d5e1b5f0,causal_seed_from_v28_forward_calibration,logs/edge_research/v28_forward_calibration_latest.csv,90,entry,approved_entry,approved_entry_from_posthoc_calibration_report,KXBTC15M-26MAY051915-15,2026-05-05T19:15:00Z,2026-05-05T19:10:41.984Z,market_close_minus_seconds_to_close,yes,side=yes,,missing_in_forward_calibration_seed,258.016,0.880213,0.880213,0.11978699999999998,88.0213,11.978699999999998,1.0,1.0,0.014348925368999994,0.014348925368999994,0.1275913553436145,85_90,True,2.521344,82.0,78.24006,0.15500111387451665,False,34.0,True,False,True,False,False,False,True,True,True,False,False,posthoc_calibration_report_not_forward_registry
eb1a159909dc614e1b04b81a,causal_seed_from_v28_forward_calibration,logs/edge_research/v28_forward_calibration_latest.csv,91,rejected_actionable,p_below_floor,rejected_actionable_from_posthoc_calibration_report,KXBTC15M-26MAY051915-15,2026-05-05T19:15:00Z,2026-05-05T19:02:46.173Z,market_close_minus_seconds_to_close,no,side=no,,missing_in_forward_calibration_seed,733.827,0.466733,0.5332669999999999,0.46673300000000006,53.326699999999995,46.673300000000005,0.0,1.0,0.21783969328900002,0.21783969328900005,0.628733042157586,00_50,True,-18.3267,61.0,133.274292,1.0843247420890139,True,-122.0,True,False,True,False,True,False,True,True,True,False,False,rejected_actionable_posthoc_not_promotion_source
c1dcba779a51cc8b23772e34,causal_seed_from_v28_forward_calibration,logs/edge_research/v28_forward_calibration_latest.csv,92,rejected_actionable,p_below_floor,rejected_actionable_from_posthoc_calibration_report,KXBTC15M-26MAY051915-15,2026-05-05T19:15:00Z,2026-05-05T19:02:46.173Z,market_close_minus_seconds_to_close,yes,side=yes,,missing_in_forward_calibration_seed,733.827,0.533267,0.533267,0.46673299999999995,53.3267,46.6733,1.0,1.0,0.21783969328899996,0.21783969328899996,0.6287330421575857,50_60,True,9.3267,40.0,133.274292,1.0843247420890139,True,120.0,True,False,True,False,True,False,True,True,True,False,False,rejected_actionable_posthoc_not_promotion_source
fa02aff02675993f10f5ffec,causal_seed_from_v28_forward_calibration,logs/edge_research/v28_forward_calibration_latest.csv,93,rejected_actionable,ask_too_high,rejected_actionable_from_posthoc_calibration_report,KXBTC15M-26MAY051915-15,2026-05-05T19:15:00Z,2026-05-05T19:13:05.531Z,market_close_minus_seconds_to_close,yes,side=yes,,missing_in_forward_calibration_seed,114.469,0.968083,0.968083,0.03191699999999997,96.8083,3.1916999999999973,1.0,1.0,0.0010186948889999983,0.0010186948889999983,0.03243745157969676,95_100,True,-4.691709,99.0,51.252034,0.03174483510847871,False,2.0,True,False,True,False,True,False,True,True,True,False,False,rejected_actionable_posthoc_not_promotion_source
9a37da44f31ce73bc49238ad,causal_seed_from_v28_forward_calibration,logs/edge_research/v28_forward_calibration_latest.csv,94,rejected_actionable,p_below_floor,rejected_actionable_from_posthoc_calibration_report,KXBTC15M-26MAY051930-30,2026-05-05T19:30:00Z,2026-05-05T19:15:31.626Z,market_close_minus_seconds_to_close,no,side=no,,missing_in_forward_calibration_seed,868.374,0.515897,0.48410299999999995,0.515897,48.41029999999999,51.58970000000001,1.0,0.0,0.23435571460899995,0.23435571460899995,0.6618481458288823,50_60,True,-9.410297,57.0,136.495402,1.309018487420359,True,86.0,True,False,True,False,True,False,True,True,True,False,False,rejected_actionable_posthoc_not_promotion_source
e3c0c4fc4675337f02298b35,causal_seed_from_v28_forward_calibration,logs/edge_research/v28_forward_calibration_latest.csv,95,rejected_actionable,ask_too_high,rejected_actionable_from_posthoc_calibration_report,KXBTC15M-26MAY051930-30,2026-05-05T19:30:00Z,2026-05-05T19:22:16.347Z,market_close_minus_seconds_to_close,no,side=no,,missing_in_forward_calibration_seed,463.653,0.871229,0.12877099999999997,0.871229,12.877099999999997,87.1229,1.0,0.0,0.01658197044099999,0.01658197044099999,0.1378504204977491,85_90,True,-9.377067,94.0,95.489671,0.26519012185552593,True,12.0,True,False,True,False,True,False,True,True,True,False,False,rejected_actionable_posthoc_not_promotion_source
b3d5707edb2140d0970237ae,causal_seed_from_v28_forward_calibration,logs/edge_research/v28_forward_calibration_latest.csv,96,rejected_actionable,p_below_floor,rejected_actionable_from_posthoc_calibration_report,KXBTC15M-26MAY051930-30,2026-05-05T19:30:00Z,2026-05-05T19:15:31.626Z,market_close_minus_seconds_to_close,yes,side=yes,,missing_in_forward_calibration_seed,868.374,0.484103,0.484103,0.515897,48.4103,51.58970000000001,0.0,0.0,0.234355714609,0.234355714609,0.6618481458288823,00_50,True,0.410297,44.0,136.495402,1.309018487420359,True,-88.0,True,False,True,False,True,False,True,True,True,False,False,rejected_actionable_posthoc_not_promotion_source
99c6ef992a184be78adca2eb,causal_seed_from_v28_forward_calibration,logs/edge_research/v28_forward_calibration_latest.csv,97,entry,approved_entry,approved_entry_from_posthoc_calibration_report,KXBTC15M-26MAY051945-45,2026-05-05T19:45:00Z,2026-05-05T19:42:55.981Z,market_close_minus_seconds_to_close,yes,side=yes,,missing_in_forward_calibration_seed,124.019,0.870179,0.870179,0.12982099999999996,87.0179,12.982099999999996,1.0,1.0,0.01685349204099999,0.01685349204099999,0.13905634137010808,85_90,True,9.517919,74.0,42.10812,0.060671416989530894,False,26.0,True,False,True,False,False,False,True,True,True,False,False,posthoc_calibration_report_not_forward_registry
a89d29797618b22e2671a13c,causal_seed_from_v28_forward_calibration,logs/edge_research/v28_forward_calibration_latest.csv,98,rejected_actionable,p_below_floor,rejected_actionable_from_posthoc_calibration_report,KXBTC15M-26MAY051945-45,2026-05-05T19:45:00Z,2026-05-05T19:31:52.202Z,market_close_minus_seconds_to_close,no,side=no,,missing_in_forward_calibration_seed,787.798,0.483063,0.516937,0.483063,51.6937,48.3063,0.0,1.0,0.233349861969,0.233349861969,0.6598342687653969,00_50,True,4.306264,40.0,108.477095,0.9869462815304679,True,-80.0,True,False,True,False,True,False,True,True,True,False,False,rejected_actionable_posthoc_not_promotion_source
1e6cbc6a3cc3a725a9242dd6,causal_seed_from_v28_forward_calibration,logs/edge_research/v28_forward_calibration_latest.csv,99,rejected_actionable,edge_below_floor,rejected_actionable_from_posthoc_calibration_report,KXBTC15M-26MAY051945-45,2026-05-05T19:45:00Z,2026-05-05T19:40:00.549Z,market_close_minus_seconds_to_close,no,side=no,,missing_in_forward_calibration_seed,299.451,0.858829,0.14117100000000005,0.858829,14.117100000000004,85.88289999999999,0.0,1.0,0.7375872512409999,0.7375872512409999,1.9577833574531165,85_90,True,-1.11708,84.0,65.380919,0.15047900426253782,False,-168.0,True,False,True,False,True,False,True,True,True,False,False,rejected_actionable_posthoc_not_promotion_source
00ce31211933b2b696dbf549,causal_seed_from_v28_forward_calibration,logs/edge_research/v28_forward_calibration_latest.csv,100,rejected_actionable,ask_too_high,rejected_actionable_from_posthoc_calibration_report,KXBTC15M-26MAY051945-45,2026-05-05T19:45:00Z,2026-05-05T19:42:04.511Z,market_close_minus_seconds_to_close,no,side=no,,missing_in_forward_calibration_seed,175.489,0.731141,0.26885899999999996,0.731141,26.885899999999996,73.11410000000001,0.0,1.0,0.5345671618810001,0.5345671618810001,1.3135682003708178,70_80,True,-22.385931,93.0,50.047737,0.12713902626604148,False,-186.0,True,False,True,False,True,False,True,True,True,False,False,rejected_actionable_posthoc_not_promotion_source
76ad3ee7a7eb9e808a5db3a7,causal_seed_from_v28_forward_calibration,logs/edge_research/v28_forward_calibration_latest.csv,101,rejected_actionable,p_below_floor,rejected_actionable_from_posthoc_calibration_report,KXBTC15M-26MAY051945-45,2026-05-05T19:45:00Z,2026-05-05T19:31:52.202Z,market_close_minus_seconds_to_close,yes,side=yes,,missing_in_forward_calibration_seed,787.798,0.516937,0.516937,0.483063,51.6937,48.3063,1.0,1.0,0.233349861969,0.233349861969,0.6598342687653969,50_60,True,-13.306264,61.0,108.477095,0.9869462815304679,True,39.0,True,False,True,False,True,False,True,True,True,False,False,rejected_actionable_posthoc_not_promotion_source
23970f9c89f7b5c592674d0e,causal_seed_from_v28_forward_calibration,logs/edge_research/v28_forward_calibration_latest.csv,102,rejected_actionable,p_below_floor,rejected_actionable_from_posthoc_calibration_report,KXBTC15M-26MAY052000-00,2026-05-05T20:00:00Z,2026-05-05T19:47:40.090Z,market_close_minus_seconds_to_close,no,side=no,,missing_in_forward_calibration_seed,739.91,0.515296,0.484704,0.515296,48.470400000000005,51.529599999999995,1.0,0.0,0.23493796761600003,0.23493796761600003,0.6630137861465516,50_60,True,-11.470432,59.0,103.365665,0.9049718487756173,True,82.0,True,False,True,False,True,False,True,True,True,False,False,rejected_actionable_posthoc_not_promotion_source
8eee97c9403856c85ac1b427,causal_seed_from_v28_forward_calibration,logs/edge_research/v28_forward_calibration_latest.csv,103,rejected_actionable,p_below_floor,rejected_actionable_from_posthoc_calibration_report,KXBTC15M-26MAY052000-00,2026-05-05T20:00:00Z,2026-05-05T19:47:40.090Z,market_close_minus_seconds_to_close,yes,side=yes,,missing_in_forward_calibration_seed,739.91,0.484704,0.484704,0.515296,48.470400000000005,51.529599999999995,0.0,0.0,0.23493796761600003,0.23493796761600003,0.6630137861465516,00_50,True,1.470432,43.0,103.365665,0.9049718487756173,True,-86.0,True,False,True,False,True,False,True,True,True,False,False,rejected_actionable_posthoc_not_promotion_source
c881d6fbdda15997ed95fde9,causal_seed_from_v28_forward_calibration,logs/edge_research/v28_forward_calibration_latest.csv,104,entry,approved_entry,approved_entry_from_posthoc_calibration_report,KXBTC15M-26MAY052015-15,2026-05-05T20:15:00Z,2026-05-05T20:03:31.959Z,market_close_minus_seconds_to_close,yes,side=yes,,missing_in_forward_calibration_seed,688.041,0.91064,0.91064,0.08936,91.06400000000001,8.936,1.0,1.0,0.0079852096,0.0079852096,0.09360762996517584,90_95,True,3.064008,85.0,100.603062,0.28190119029157684,True,30.0,True,False,True,False,False,False,True,True,True,False,False,posthoc_calibration_report_not_forward_registry
97a675b124479843a46d3a21,causal_seed_from_v28_forward_calibration,logs/edge_research/v28_forward_calibration_latest.csv,105,rejected_actionable,p_below_floor,rejected_actionable_from_posthoc_calibration_report,KXBTC15M-26MAY052015-15,2026-05-05T20:15:00Z,2026-05-05T20:00:26.950Z,market_close_minus_seconds_to_close,no,side=no,,missing_in_forward_calibration_seed,873.05,0.567861,0.43213900000000005,0.567861,43.2139,56.7861,0.0,1.0,0.32246611532099995,0.32246611532099995,0.8390079832321767,50_60,True,3.786057,49.0,111.598841,0.945708885728407,True,-98.0,True,False,True,False,True,False,True,True,True,False,False,rejected_actionable_posthoc_not_promotion_source
459dffffb0485f71cc535011,causal_seed_from_v28_forward_calibration,logs/edge_research/v28_forward_calibration_latest.csv,106,rejected_actionable,p_below_floor,rejected_actionable_from_posthoc_calibration_report,KXBTC15M-26MAY052015-15,2026-05-05T20:15:00Z,2026-05-05T20:00:26.950Z,market_close_minus_seconds_to_close,yes,side=yes,,missing_in_forward_calibration_seed,873.05,0.432139,0.432139,0.567861,43.2139,56.7861,1.0,1.0,0.32246611532099995,0.32246611532099995,0.8390079832321768,00_50,True,-12.786057,52.0,111.598841,0.945708885728407,True,96.0,True,False,True,False,True,False,True,True,True,False,False,rejected_actionable_posthoc_not_promotion_source
b8fe1c27184f2f0f09a754e2,causal_seed_from_v28_forward_calibration,logs/edge_research/v28_forward_calibration_latest.csv,107,rejected_actionable,ask_too_high,rejected_actionable_from_posthoc_calibration_report,KXBTC15M-26MAY052015-15,2026-05-05T20:15:00Z,2026-05-05T20:08:19.962Z,market_close_minus_seconds_to_close,yes,side=yes,,missing_in_forward_calibration_seed,400.038,0.967084,0.967084,0.032915999999999945,96.70840000000001,3.2915999999999945,1.0,1.0,0.0010834630559999963,0.0010834630559999963,0.03346992070380217,95_100,True,-1.791643,96.0,79.185245,0.09477119032880675,False,8.0,True,False,True,False,True,False,True,True,True,False,False,rejected_actionable_posthoc_not_promotion_source
b497a3921b7a90b58cace5f9,causal_seed_from_v28_forward_calibration,logs/edge_research/v28_forward_calibration_latest.csv,108,rejected_actionable,p_below_floor,rejected_actionable_from_posthoc_calibration_report,KXBTC15M-26MAY052030-30,2026-05-05T20:30:00Z,2026-05-05T20:15:20.371Z,market_close_minus_seconds_to_close,no,side=no,,missing_in_forward_calibration_seed,879.629,0.45922,0.54078,0.45921999999999996,54.078,45.922,1.0,0.0,0.29244300840000004,0.29244300840000004,0.7782258809182601,00_50,True,-12.078031,54.0,123.126819,1.0532371475786535,True,92.0,True,False,True,False,True,False,True,True,True,False,False,rejected_actionable_posthoc_not_promotion_source
078d4cbeaf93ac90227a5a4c,causal_seed_from_v28_forward_calibration,logs/edge_research/v28_forward_calibration_latest.csv,109,rejected_actionable,ask_too_high,rejected_actionable_from_posthoc_calibration_report,KXBTC15M-26MAY052030-30,2026-05-05T20:30:00Z,2026-05-05T20:21:06.777Z,market_close_minus_seconds_to_close,no,side=no,,missing_in_forward_calibration_seed,533.223,0.784562,0.21543800000000002,0.784562,21.5438,78.4562,1.0,0.0,0.04641353184400001,0.04641353184400001,0.24262967870177007,70_80,True,-15.543756,91.0,96.670496,0.3812284570519657,True,18.0,True,False,True,False,True,False,True,True,True,False,False,rejected_actionable_posthoc_not_promotion_source
c1b232195bf7162271675be1,causal_seed_from_v28_forward_calibration,logs/edge_research/v28_forward_calibration_latest.csv,110,rejected_actionable,p_below_floor,rejected_actionable_from_posthoc_calibration_report,KXBTC15M-26MAY052030-30,2026-05-05T20:30:00Z,2026-05-05T20:15:20.371Z,market_close_minus_seconds_to_close,yes,side=yes,,missing_in_forward_calibration_seed,879.629,0.54078,0.54078,0.45921999999999996,54.078,45.922,0.0,0.0,0.29244300840000004,0.29244300840000004,0.7782258809182601,50_60,True,3.078031,47.0,123.126819,1.0532371475786535,True,-94.0,True,False,True,False,True,False,True,True,True,False,False,rejected_actionable_posthoc_not_promotion_source
5726624e36aae20f6722d0ca,causal_seed_from_v28_forward_calibration,logs/edge_research/v28_forward_calibration_latest.csv,111,entry,approved_entry,approved_entry_from_posthoc_calibration_report,KXBTC15M-26MAY052045-45,2026-05-05T20:45:00Z,2026-05-05T20:36:34.761Z,market_close_minus_seconds_to_close,yes,side=yes,,missing_in_forward_calibration_seed,505.239,0.851889,0.851889,0.148111,85.1889,14.8111,0.0,0.0,0.725714868321,0.725714868321,1.909793286327476,85_90,True,2.688928,79.0,92.589796,0.2917497589224879,True,-18.0,True,False,True,False,False,False,True,True,True,False,False,posthoc_calibration_report_not_forward_registry
a1ba051e345dc4707bb2867e,causal_seed_from_v28_forward_calibration,logs/edge_research/v28_forward_calibration_latest.csv,112,entry,approved_entry,approved_entry_from_posthoc_calibration_report,KXBTC15M-26MAY052045-45,2026-05-05T20:45:00Z,2026-05-05T20:42:35.619Z,market_close_minus_seconds_to_close,yes,side=yes,,missing_in_forward_calibration_seed,144.381,0.904488,0.904488,0.09551200000000004,90.44879999999999,9.551200000000005,0.0,0.0,0.8180985421439999,0.8180985421439999,2.3485033849390495,90_95,True,4.448812,83.0,49.138435,0.06396205708883733,False,14.0,True,False,True,False,False,False,True,True,True,False,False,posthoc_calibration_report_not_forward_registry
bc979f2870f0ca89b05b56fa,causal_seed_from_v28_forward_calibration,logs/edge_research/v28_forward_calibration_latest.csv,113,rejected_actionable,p_below_floor,rejected_actionable_from_posthoc_calibration_report,KXBTC15M-26MAY052045-45,2026-05-05T20:45:00Z,2026-05-05T20:31:31.707Z,market_close_minus_seconds_to_close,no,side=no,,missing_in_forward_calibration_seed,808.293,0.48692,0.51308,0.48692,51.308,48.692,1.0,0.0,0.2632510864,0.2632510864,0.7196554404407415,00_50,True,-3.307989,48.0,121.282836,1.1214797808527674,True,104.0,True,False,True,False,True,False,True,True,True,False,False,rejected_actionable_posthoc_not_promotion_source
ff80cb793bb8d0645780921e,causal_seed_from_v28_forward_calibration,logs/edge_research/v28_forward_calibration_latest.csv,114,rejected_actionable,p_below_floor,rejected_actionable_from_posthoc_calibration_report,KXBTC15M-26MAY052045-45,2026-05-05T20:45:00Z,2026-05-05T20:31:31.707Z,market_close_minus_seconds_to_close,yes,side=yes,,missing_in_forward_calibration_seed,808.293,0.51308,0.51308,0.48692,51.308,48.692,0.0,0.0,0.2632510864,0.2632510864,0.7196554404407415,50_60,True,-5.692011,53.0,121.282836,1.1214797808527674,True,-106.0,True,False,True,False,True,False,True,True,True,False,False,rejected_actionable_posthoc_not_promotion_source
a3e572d9da0cafbdc7aae3a3,causal_seed_from_v28_forward_calibration,logs/edge_research/v28_forward_calibration_latest.csv,115,rejected_actionable,edge_below_floor,rejected_actionable_from_posthoc_calibration_report,KXBTC15M-26MAY052045-45,2026-05-05T20:45:00Z,2026-05-05T20:36:33.976Z,market_close_minus_seconds_to_close,yes,side=yes,,missing_in_forward_calibration_seed,506.024,0.851826,0.851826,0.14817400000000003,85.1826,14.817400000000003,0.0,0.0,0.725607534276,0.725607534276,1.9093680201077923,85_90,True,-0.317353,82.0,92.661667,0.29239938692035955,True,-164.0,True,False,True,False,True,False,True,True,True,False,False,rejected_actionable_posthoc_not_promotion_source
c50a3cf9c16418a1c113da8e,causal_seed_from_v28_forward_calibration,logs/edge_research/v28_forward_calibration_latest.csv,116,rejected_actionable,ask_too_high,rejected_actionable_from_posthoc_calibration_report,KXBTC15M-26MAY052045-45,2026-05-05T20:45:00Z,2026-05-05T20:43:33.683Z,market_close_minus_seconds_to_close,yes,side=yes,,missing_in_forward_calibration_seed,86.317,0.840741,0.840741,0.15925900000000004,84.0741,15.925900000000004,0.0,0.0,0.7068454290809999,0.7068454290809999,1.837223471213114,80_85,True,-9.925894,91.0,38.034473,0.05198482905113435,False,-182.0,True,False,True,False,True,False,True,True,True,False,False,rejected_actionable_posthoc_not_promotion_source
262d33a7ec05e512baebbdde,causal_seed_from_v28_forward_calibration,logs/edge_research/v28_forward_calibration_latest.csv,117,entry,approved_entry,approved_entry_from_posthoc_calibration_report,KXBTC15M-26MAY052100-00,2026-05-05T21:00:00Z,2026-05-05T20:48:43.296Z,market_close_minus_seconds_to_close,no,side=no,,missing_in_forward_calibration_seed,676.704,0.852877,0.147123,0.852877,14.7123,85.2877,0.0,1.0,0.727399177129,0.727399177129,1.9164863073768466,85_90,True,2.787743,79.0,103.226027,0.3666540312599931,True,-30.0,True,False,True,False,False,False,True,True,True,False,False,posthoc_calibration_report_not_forward_registry
4d3de1a5661dd399e22567f0,causal_seed_from_v28_forward_calibration,logs/edge_research/v28_forward_calibration_latest.csv,118,entry,approved_entry,approved_entry_from_posthoc_calibration_report,KXBTC15M-26MAY052100-00,2026-05-05T21:00:00Z,2026-05-05T20:52:45.552Z,market_close_minus_seconds_to_close,yes,side=yes,,missing_in_forward_calibration_seed,434.448,0.856314,0.856314,0.14368599999999998,85.6314,14.368599999999997,1.0,1.0,0.020645666595999996,0.020645666595999996,0.1551181476733874,85_90,True,25.631386,56.0,85.754495,0.2414159418683516,False,34.0,True,False,True,False,False,False,True,True,True,False,False,posthoc_calibration_report_not_forward_registry
e3a57aa9675dca16f3db204b,causal_seed_from_v28_forward_calibration,logs/edge_research/v28_forward_calibration_latest.csv,119,entry,approved_entry,approved_entry_from_posthoc_calibration_report,KXBTC15M-26MAY052100-00,2026-05-05T21:00:00Z,2026-05-05T20:54:30.598Z,market_close_minus_seconds_to_close,yes,side=yes,,missing_in_forward_calibration_seed,329.402,0.951629,0.951629,0.04837100000000005,95.1629,4.837100000000005,1.0,1.0,0.002339753641000005,0.002339753641000005,0.049580026028196174,95_100,True,2.162887,90.0,74.611634,0.0981953245588825,False,12.0,True,False,True,False,False,False,True,True,True,False,False,posthoc_calibration_report_not_forward_registry
f45e7e7fbdae7356732b89b6,causal_seed_from_v28_forward_calibration,logs/edge_research/v28_forward_calibration_latest.csv,120,rejected_actionable,p_below_floor,rejected_actionable_from_posthoc_calibration_report,KXBTC15M-26MAY052100-00,2026-05-05T21:00:00Z,2026-05-05T20:46:31.822Z,market_close_minus_seconds_to_close,no,side=no,,missing_in_forward_calibration_seed,808.178,0.434446,0.565554,0.434446,56.5554,43.4446,0.0,1.0,0.188743326916,0.188743326916,0.5699494972687298,00_50,True,-15.555373,55.0,112.90117,0.9155195434941771,True,-110.0,True,False,True,False,True,False,True,True,True,False,False,rejected_actionable_posthoc_not_promotion_source
e1034f2c5ead0b3385010fe1,causal_seed_from_v28_forward_calibration,logs/edge_research/v28_forward_calibration_latest.csv,121,rejected_actionable,p_below_floor,rejected_actionable_from_posthoc_calibration_report,KXBTC15M-26MAY052100-00,2026-05-05T21:00:00Z,2026-05-05T20:46:31.822Z,market_close_minus_seconds_to_close,yes,side=yes,,missing_in_forward_calibration_seed,808.178,0.565554,0.565554,0.434446,56.5554,43.4446,1.0,1.0,0.188743326916,0.188743326916,0.5699494972687298,50_60,True,6.555373,46.0,112.90117,0.9155195434941771,True,108.0,True,False,True,False,True,False,True,True,True,False,False,rejected_actionable_posthoc_not_promotion_source
e63ab8e9c52ff770c31c3ec4,causal_seed_from_v28_forward_calibration,logs/edge_research/v28_forward_calibration_latest.csv,122,rejected_actionable,edge_below_floor,rejected_actionable_from_posthoc_calibration_report,KXBTC15M-26MAY052100-00,2026-05-05T21:00:00Z,2026-05-05T20:53:53.685Z,market_close_minus_seconds_to_close,yes,side=yes,,missing_in_forward_calibration_seed,366.315,0.852007,0.852007,0.14799300000000004,85.2007,14.799300000000004,1.0,1.0,0.021901928049000013,0.021901928049000013,0.1601605362241309,85_90,True,-0.299262,82.0,78.608208,0.20818781776422343,False,36.0,True,False,True,False,True,False,True,True,True,False,False,rejected_actionable_posthoc_not_promotion_source
45a35e0507cbe01e4a0ed6d9,causal_seed_from_v28_forward_calibration,logs/edge_research/v28_forward_calibration_latest.csv,123,rejected_actionable,ask_too_high,rejected_actionable_from_posthoc_calibration_report,KXBTC15M-26MAY052100-00,2026-05-05T21:00:00Z,2026-05-05T20:56:44.853Z,market_close_minus_seconds_to_close,yes,side=yes,,missing_in_forward_calibration_seed,195.147,0.986737,0.986737,0.013263000000000025,98.6737,1.3263000000000025,1.0,1.0,0.00017590716900000065,0.00017590716900000065,0.01335173908892511,95_100,True,-1.82628,98.0,57.183391,0.028984197300163626,False,4.0,True,False,True,False,True,False,True,True,True,False,False,rejected_actionable_posthoc_not_promotion_source
5c7998b7736e7eb97282aa0c,causal_seed_from_v28_forward_calibration,logs/edge_research/v28_forward_calibration_latest.csv,124,entry,approved_entry,approved_entry_from_posthoc_calibration_report,KXBTC15M-26MAY052115-15,2026-05-05T21:15:00Z,2026-05-05T21:04:20.550Z,market_close_minus_seconds_to_close,yes,side=yes,,missing_in_forward_calibration_seed,639.45,0.941543,0.941543,0.05845699999999998,94.1543,5.845699999999998,1.0,1.0,0.003417220848999998,0.003417220848999998,0.06023526012753621,90_95,True,12.654292,78.0,103.054901,0.21507757842206168,False,44.0,True,False,True,False,False,False,True,True,True,False,False,posthoc_calibration_report_not_forward_registry
4afce5a6532f429e0ff5b4f4,causal_seed_from_v28_forward_calibration,logs/edge_research/v28_forward_calibration_latest.csv,125,rejected_actionable,p_below_floor,rejected_actionable_from_posthoc_calibration_report,KXBTC15M-26MAY052115-15,2026-05-05T21:15:00Z,2026-05-05T21:00:49.488Z,market_close_minus_seconds_to_close,no,side=no,,missing_in_forward_calibration_seed,850.512,0.428524,0.571476,0.428524,57.1476,42.8524,0.0,1.0,0.183632818576,0.183632818576,0.5595327913797321,00_50,True,-9.147567,48.0,118.243045,0.9450767881068326,True,-96.0,True,False,True,False,True,False,True,True,True,False,False,rejected_actionable_posthoc_not_promotion_source
8ed87f80add556f9dac1a6cf,causal_seed_from_v28_forward_calibration,logs/edge_research/v28_forward_calibration_latest.csv,126,rejected_actionable,p_below_floor,rejected_actionable_from_posthoc_calibration_report,KXBTC15M-26MAY052115-15,2026-05-05T21:15:00Z,2026-05-05T21:00:49.488Z,market_close_minus_seconds_to_close,yes,side=yes,,missing_in_forward_calibration_seed,850.512,0.571476,0.571476,0.428524,57.1476,42.8524,1.0,1.0,0.183632818576,0.183632818576,0.5595327913797321,50_60,True,0.147567,53.0,118.243045,0.9450767881068326,True,94.0,True,False,True,False,True,False,True,True,True,False,False,rejected_actionable_posthoc_not_promotion_source
77e8ab00cb271d2b11201d6d,causal_seed_from_v28_forward_calibration,logs/edge_research/v28_forward_calibration_latest.csv,127,rejected_actionable,edge_below_floor,rejected_actionable_from_posthoc_calibration_report,KXBTC15M-26MAY052115-15,2026-05-05T21:15:00Z,2026-05-05T21:06:46.700Z,market_close_minus_seconds_to_close,yes,side=yes,,missing_in_forward_calibration_seed,493.3,0.938697,0.938697,0.061302999999999996,93.8697,6.1303,1.0,1.0,0.0037580578089999993,0.0037580578089999993,0.063262535553534,90_95,True,1.869704,89.0,90.421506,0.1711591118938076,False,22.0,True,False,True,False,True,False,True,True,True,False,False,rejected_actionable_posthoc_not_promotion_source
2f594a4b9418701f1a34379f,causal_seed_from_v28_forward_calibration,logs/edge_research/v28_forward_calibration_latest.csv,128,rejected_actionable,ask_too_high,rejected_actionable_from_posthoc_calibration_report,KXBTC15M-26MAY052115-15,2026-05-05T21:15:00Z,2026-05-05T21:09:21.637Z,market_close_minus_seconds_to_close,yes,side=yes,,missing_in_forward_calibration_seed,338.363,0.962311,0.962311,0.03768899999999997,96.2311,3.7688999999999973,1.0,1.0,0.001420460720999998,0.001420460720999998,0.038417595738424425,95_100,True,-2.26888,96.0,74.536557,0.08712074728134458,False,8.0,True,False,True,False,True,False,True,True,True,False,False,rejected_actionable_posthoc_not_promotion_source
ccc215a8f29b23293d08e7d1,causal_seed_from_v28_forward_calibration,logs/edge_research/v28_forward_calibration_latest.csv,129,rejected_actionable,p_below_floor,rejected_actionable_from_posthoc_calibration_report,KXBTC15M-26MAY052130-30,2026-05-05T21:30:00Z,2026-05-05T21:17:01.438Z,market_close_minus_seconds_to_close,no,side=no,,missing_in_forward_calibration_seed,778.562,0.440556,0.559444,0.44055599999999995,55.9444,44.0556,0.0,1.0,0.194089589136,0.19408958913599994,0.5808118456049367,00_50,True,11.555621,29.0,112.04154,0.882215820870878,True,-58.0,True,False,True,False,True,False,True,True,True,False,False,rejected_actionable_posthoc_not_promotion_source
4b62ab5f05289b189223423b,causal_seed_from_v28_forward_calibration,logs/edge_research/v28_forward_calibration_latest.csv,130,rejected_actionable,p_below_floor,rejected_actionable_from_posthoc_calibration_report,KXBTC15M-26MAY052130-30,2026-05-05T21:30:00Z,2026-05-05T21:17:01.438Z,market_close_minus_seconds_to_close,yes,side=yes,,missing_in_forward_calibration_seed,778.562,0.559444,0.559444,0.44055599999999995,55.9444,44.0556,1.0,1.0,0.19408958913599994,0.19408958913599994,0.5808118456049367,50_60,True,-19.555621,72.0,112.04154,0.882215820870878,True,56.0,True,False,True,False,True,False,True,True,True,False,False,rejected_actionable_posthoc_not_promotion_source
ad15c4e049b9d06dccaf50bb,causal_seed_from_v28_forward_calibration,logs/edge_research/v28_forward_calibration_latest.csv,131,rejected_actionable,edge_below_floor,rejected_actionable_from_posthoc_calibration_report,KXBTC15M-26MAY052130-30,2026-05-05T21:30:00Z,2026-05-05T21:18:11.204Z,market_close_minus_seconds_to_close,yes,side=yes,,missing_in_forward_calibration_seed,708.796,0.890161,0.890161,0.10983900000000002,89.0161,10.983900000000002,1.0,1.0,0.012064605921000005,0.012064605921000005,0.1163529337397758,85_90,True,-1.98392,88.0,106.834099,0.3308290391443075,True,24.0,True,False,True,False,True,False,True,True,True,False,False,rejected_actionable_posthoc_not_promotion_source
b875201228bb77fe64c410de,causal_seed_from_v28_forward_calibration,logs/edge_research/v28_forward_calibration_latest.csv,132,rejected_actionable,ask_too_high,rejected_actionable_from_posthoc_calibration_report,KXBTC15M-26MAY052130-30,2026-05-05T21:30:00Z,2026-05-05T21:18:11.440Z,market_close_minus_seconds_to_close,yes,side=yes,,missing_in_forward_calibration_seed,708.56,0.898583,0.898583,0.10141699999999998,89.8583,10.141699999999998,1.0,1.0,0.010285407888999995,0.010285407888999995,0.10693620084241368,85_90,True,-5.141666,92.0,106.821368,0.3190462458208289,True,16.0,True,False,True,False,True,False,True,True,True,False,False,rejected_actionable_posthoc_not_promotion_source
98c9c6604c0a5c44b3aae213,causal_seed_from_v28_forward_calibration,logs/edge_research/v28_forward_calibration_latest.csv,133,entry,approved_entry,approved_entry_from_posthoc_calibration_report,KXBTC15M-26MAY052145-45,2026-05-05T21:45:00Z,2026-05-05T21:35:20.545Z,market_close_minus_seconds_to_close,yes,side=yes,,missing_in_forward_calibration_seed,579.455,0.93473,0.93473,0.06527000000000005,93.473,6.527000000000005,1.0,1.0,0.004260172900000006,0.004260172900000006,0.06749756144902634,90_95,True,5.473022,85.0,97.221032,0.20704926938576498,False,20.0,True,False,True,False,False,False,True,True,True,False,False,posthoc_calibration_report_not_forward_registry
21e3d1d99d2588fb77c52473,causal_seed_from_v28_forward_calibration,logs/edge_research/v28_forward_calibration_latest.csv,134,rejected_actionable,p_below_floor,rejected_actionable_from_posthoc_calibration_report,KXBTC15M-26MAY052145-45,2026-05-05T21:45:00Z,2026-05-05T21:34:15.362Z,market_close_minus_seconds_to_close,no,side=no,,missing_in_forward_calibration_seed,644.638,0.32421,0.67579,0.32421,67.579,32.421,0.0,1.0,0.1051121241,0.1051121241,0.39187290208872927,00_50,True,-4.578992,33.0,102.403572,0.5655030933222616,True,-66.0,True,False,True,False,True,False,True,True,True,False,False,rejected_actionable_posthoc_not_promotion_source
ceb6c410ec520c5ef9626e6b,causal_seed_from_v28_forward_calibration,logs/edge_research/v28_forward_calibration_latest.csv,135,rejected_actionable,p_below_floor,rejected_actionable_from_posthoc_calibration_report,KXBTC15M-26MAY052145-45,2026-05-05T21:45:00Z,2026-05-05T21:34:15.362Z,market_close_minus_seconds_to_close,yes,side=yes,,missing_in_forward_calibration_seed,644.638,0.67579,0.67579,0.32421,67.579,32.421,1.0,1.0,0.1051121241,0.1051121241,0.39187290208872927,60_70,True,-4.921008,69.0,102.403572,0.5655030933222616,True,62.0,True,False,True,False,True,False,True,True,True,False,False,rejected_actionable_posthoc_not_promotion_source
05ede1538b797d5402f94db4,causal_seed_from_v28_forward_calibration,logs/edge_research/v28_forward_calibration_latest.csv,136,rejected_actionable,edge_below_floor,rejected_actionable_from_posthoc_calibration_report,KXBTC15M-26MAY052145-45,2026-05-05T21:45:00Z,2026-05-05T21:35:20.255Z,market_close_minus_seconds_to_close,yes,side=yes,,missing_in_forward_calibration_seed,579.745,0.865417,0.865417,0.134583,86.5417,13.458300000000001,1.0,1.0,0.018112583889000004,0.018112583889000004,0.14454380728907928,85_90,True,0.541718,83.0,97.20063,0.30414059562596774,True,34.0,True,False,True,False,True,False,True,True,True,False,False,rejected_actionable_posthoc_not_promotion_source
e01c226668efcb69c0209acb,causal_seed_from_v28_forward_calibration,logs/edge_research/v28_forward_calibration_latest.csv,137,rejected_actionable,ask_too_high,rejected_actionable_from_posthoc_calibration_report,KXBTC15M-26MAY052145-45,2026-05-05T21:45:00Z,2026-05-05T21:41:41.295Z,market_close_minus_seconds_to_close,yes,side=yes,,missing_in_forward_calibration_seed,198.705,0.901387,0.901387,0.09861299999999995,90.1387,9.861299999999995,1.0,1.0,0.009724523768999991,0.009724523768999991,0.10382059083979363,90_95,True,-7.361318,95.0,56.612233,0.08692428569139592,False,10.0,True,False,True,False,True,False,True,True,True,False,False,rejected_actionable_posthoc_not_promotion_source
5f0cee1efa72da9fbf525240,causal_seed_from_v28_forward_calibration,logs/edge_research/v28_forward_calibration_latest.csv,138,entry,approved_entry,approved_entry_from_posthoc_calibration_report,KXBTC15M-26MAY052200-00,2026-05-05T22:00:00Z,2026-05-05T21:47:48.364Z,market_close_minus_seconds_to_close,yes,side=yes,,missing_in_forward_calibration_seed,731.636,0.850777,0.850777,0.149223,85.07770000000001,14.9223,1.0,1.0,0.022267503728999997,0.022267503728999997,0.16160522940181124,85_90,True,2.577696,79.0,108.207066,0.40434357182519426,True,12.0,True,False,True,False,False,False,True,True,True,False,False,posthoc_calibration_report_not_forward_registry
5cbc10554407d4c0e1b0de4c,causal_seed_from_v28_forward_calibration,logs/edge_research/v28_forward_calibration_latest.csv,139,rejected_actionable,p_below_floor,rejected_actionable_from_posthoc_calibration_report,KXBTC15M-26MAY052200-00,2026-05-05T22:00:00Z,2026-05-05T21:46:16.548Z,market_close_minus_seconds_to_close,no,side=no,,missing_in_forward_calibration_seed,823.452,0.551743,0.448257,0.551743,44.825700000000005,55.174299999999995,0.0,1.0,0.304420338049,0.304420338049,0.8023885503332727,50_60,True,-0.825672,52.0,114.680847,0.9878001185792811,True,-104.0,True,False,True,False,True,False,True,True,True,False,False,rejected_actionable_posthoc_not_promotion_source
a77bb540a6bc83c0ad331e67,causal_seed_from_v28_forward_calibration,logs/edge_research/v28_forward_calibration_latest.csv,140,rejected_actionable,p_below_floor,rejected_actionable_from_posthoc_calibration_report,KXBTC15M-26MAY052200-00,2026-05-05T22:00:00Z,2026-05-05T21:46:16.548Z,market_close_minus_seconds_to_close,yes,side=yes,,missing_in_forward_calibration_seed,823.452,0.448257,0.448257,0.551743,44.825700000000005,55.174299999999995,1.0,1.0,0.304420338049,0.304420338049,0.8023885503332727,00_50,True,-9.174328,50.0,114.680847,0.9878001185792811,True,100.0,True,False,True,False,True,False,True,True,True,False,False,rejected_actionable_posthoc_not_promotion_source
4a230f5ae40ad65da33d775f,causal_seed_from_v28_forward_calibration,logs/edge_research/v28_forward_calibration_latest.csv,141,rejected_actionable,ask_too_high,rejected_actionable_from_posthoc_calibration_report,KXBTC15M-26MAY052200-00,2026-05-05T22:00:00Z,2026-05-05T21:52:08.979Z,market_close_minus_seconds_to_close,yes,side=yes,,missing_in_forward_calibration_seed,471.021,0.918347,0.918347,0.08165299999999998,91.8347,8.165299999999998,1.0,1.0,0.006667212408999996,0.006667212408999996,0.08517996414130033,90_95,True,-4.66532,94.0,92.079648,0.19785689017674613,False,12.0,True,False,True,False,True,False,True,True,True,False,False,rejected_actionable_posthoc_not_promotion_source
9d25dd4c229888b27d1773da,causal_seed_from_v28_forward_calibration,logs/edge_research/v28_forward_calibration_latest.csv,142,entry,approved_entry,approved_entry_from_posthoc_calibration_report,KXBTC15M-26MAY052215-15,2026-05-05T22:15:00Z,2026-05-05T22:01:36.052Z,market_close_minus_seconds_to_close,no,side=no,,missing_in_forward_calibration_seed,803.948,0.881293,0.11870700000000001,0.881293,11.870700000000001,88.1293,1.0,0.0,0.014091351849000002,0.014091351849000002,0.12636513171982194,85_90,True,2.129313,83.0,121.574044,0.42803907980422096,True,-14.0,True,False,True,False,False,False,True,True,True,False,False,posthoc_calibration_report_not_forward_registry
ba0c102ebb3b3006a6116549,causal_seed_from_v28_forward_calibration,logs/edge_research/v28_forward_calibration_latest.csv,143,rejected_actionable,p_below_floor,rejected_actionable_from_posthoc_calibration_report,KXBTC15M-26MAY052215-15,2026-05-05T22:15:00Z,2026-05-05T22:00:56.376Z,market_close_minus_seconds_to_close,no,side=no,,missing_in_forward_calibration_seed,843.624,0.622299,0.37770099999999995,0.622299,37.77009999999999,62.22990000000001,1.0,0.0,0.14265804540099997,0.14265804540099997,0.47433459435024533,60_70,True,-16.270118,75.0,123.637311,0.9271251191620631,True,50.0,True,False,True,False,True,False,True,True,True,False,False,rejected_actionable_posthoc_not_promotion_source
ec8022895e5f9f0f1378c83d,causal_seed_from_v28_forward_calibration,logs/edge_research/v28_forward_calibration_latest.csv,144,rejected_actionable,edge_below_floor,rejected_actionable_from_posthoc_calibration_report,KXBTC15M-26MAY052215-15,2026-05-05T22:15:00Z,2026-05-05T22:01:35.771Z,market_close_minus_seconds_to_close,no,side=no,,missing_in_forward_calibration_seed,804.229,0.881283,0.11871699999999996,0.881283,11.871699999999997,88.12830000000001,1.0,0.0,0.01409372608899999,0.01409372608899999,0.1263764787482622,85_90,True,1.128275,84.0,121.595299,0.42826280941465444,True,32.0,True,False,True,False,True,False,True,True,True,False,False,rejected_actionable_posthoc_not_promotion_source
bd956cd42d5a269c970c2c85,causal_seed_from_v28_forward_calibration,logs/edge_research/v28_forward_calibration_latest.csv,145,rejected_actionable,ask_too_high,rejected_actionable_from_posthoc_calibration_report,KXBTC15M-26MAY052215-15,2026-05-05T22:15:00Z,2026-05-05T22:06:20.473Z,market_close_minus_seconds_to_close,no,side=no,,missing_in_forward_calibration_seed,519.527,0.876098,0.12390199999999996,0.876098,12.390199999999997,87.6098,1.0,0.0,0.015351705603999989,0.015351705603999989,0.1322773221568487,85_90,True,-7.890246,93.0,97.061327,0.2767996940108749,True,14.0,True,False,True,False,True,False,True,True,True,False,False,rejected_actionable_posthoc_not_promotion_source
d1c09400c940f863bbf5f39d,causal_seed_from_v28_forward_calibration,logs/edge_research/v28_forward_calibration_latest.csv,146,rejected_actionable,p_below_floor,rejected_actionable_from_posthoc_calibration_report,KXBTC15M-26MAY052215-15,2026-05-05T22:15:00Z,2026-05-05T22:00:56.376Z,market_close_minus_seconds_to_close,yes,side=yes,,missing_in_forward_calibration_seed,843.624,0.377701,0.377701,0.6222989999999999,37.7701,62.229899999999994,0.0,0.0,0.142658045401,0.142658045401,0.4743345943502455,00_50,True,8.270118,26.0,123.637311,0.9271251191620631,True,-52.0,True,False,True,False,True,False,True,True,True,False,False,rejected_actionable_posthoc_not_promotion_source
8b82a02b7a36ddd55b3832f8,causal_seed_from_v28_forward_calibration,logs/edge_research/v28_forward_calibration_latest.csv,147,rejected_actionable,p_below_floor,rejected_actionable_from_posthoc_calibration_report,KXBTC15M-26MAY052230-30,2026-05-05T22:30:00Z,2026-05-05T22:16:26.752Z,market_close_minus_seconds_to_close,no,side=no,,missing_in_forward_calibration_seed,813.248,0.518517,0.481483,0.518517,48.1483,51.8517,1.0,0.0,0.231825879289,0.231825879289,0.6567824649647873,50_60,True,-15.148341,63.0,118.233199,1.059653981546722,True,74.0,True,False,True,False,True,False,True,True,True,False,False,rejected_actionable_posthoc_not_promotion_source
81f303a19eb313082088dcb0,causal_seed_from_v28_forward_calibration,logs/edge_research/v28_forward_calibration_latest.csv,148,rejected_actionable,ask_too_high,rejected_actionable_from_posthoc_calibration_report,KXBTC15M-26MAY052230-30,2026-05-05T22:30:00Z,2026-05-05T22:26:23.862Z,market_close_minus_seconds_to_close,no,side=no,,missing_in_forward_calibration_seed,216.138,0.784262,0.21573799999999999,0.784262,21.5738,78.4262,1.0,0.0,0.04654288464399999,0.04654288464399999,0.24301213078518633,70_80,True,-20.073774,96.0,56.474129,0.14173695314955334,False,8.0,True,False,True,False,True,False,True,True,True,False,False,rejected_actionable_posthoc_not_promotion_source
cd55d25dd2203b0a3d62dce0,causal_seed_from_v28_forward_calibration,logs/edge_research/v28_forward_calibration_latest.csv,149,rejected_actionable,p_below_floor,rejected_actionable_from_posthoc_calibration_report,KXBTC15M-26MAY052230-30,2026-05-05T22:30:00Z,2026-05-05T22:16:26.752Z,market_close_minus_seconds_to_close,yes,side=yes,,missing_in_forward_calibration_seed,813.248,0.481483,0.481483,0.518517,48.1483,51.8517,0.0,0.0,0.231825879289,0.231825879289,0.6567824649647873,00_50,True,6.148341,38.0,118.233199,1.059653981546722,True,-76.0,True,False,True,False,True,False,True,True,True,False,False,rejected_actionable_posthoc_not_promotion_source
a960c36e97a47b513da4048f,causal_seed_from_v28_forward_calibration,logs/edge_research/v28_forward_calibration_latest.csv,150,entry,approved_entry,approved_entry_from_posthoc_calibration_report,KXBTC15M-26MAY052245-45,2026-05-05T22:45:00Z,2026-05-05T22:38:40.283Z,market_close_minus_seconds_to_close,no,side=no,,missing_in_forward_calibration_seed,379.717,0.916618,0.08338199999999996,0.916618,8.338199999999995,91.6618,0.0,1.0,0.840188557924,0.840188557924,2.4843228202496377,90_95,True,47.661822,40.0,73.612719,0.14133142354912012,False,-26.0,True,False,True,False,False,False,True,True,True,False,False,posthoc_calibration_report_not_forward_registry
fefb304809bededc75c3525f,causal_seed_from_v28_forward_calibration,logs/edge_research/v28_forward_calibration_latest.csv,151,rejected_actionable,p_below_floor,rejected_actionable_from_posthoc_calibration_report,KXBTC15M-26MAY052245-45,2026-05-05T22:45:00Z,2026-05-05T22:30:42.965Z,market_close_minus_seconds_to_close,no,side=no,,missing_in_forward_calibration_seed,857.035,0.544587,0.45541299999999996,0.544587,45.54129999999999,54.45870000000001,0.0,1.0,0.29657500056900005,0.29657500056900005,0.7865505794270425,50_60,True,-10.541284,61.0,111.368863,0.9440525881918093,True,-122.0,True,False,True,False,True,False,True,True,True,False,False,rejected_actionable_posthoc_not_promotion_source
f2d27c13d61985980841132c,causal_seed_from_v28_forward_calibration,logs/edge_research/v28_forward_calibration_latest.csv,152,rejected_actionable,edge_below_floor,rejected_actionable_from_posthoc_calibration_report,KXBTC15M-26MAY052245-45,2026-05-05T22:45:00Z,2026-05-05T22:35:04.164Z,market_close_minus_seconds_to_close,no,side=no,,missing_in_forward_calibration_seed,595.836,0.87407,0.12593,0.87407,12.592999999999998,87.407,0.0,1.0,0.7639983649000001,0.7639983649000001,2.072029081964382,85_90,True,-3.592966,88.0,91.530223,0.27944812212377795,True,-176.0,True,False,True,False,True,False,True,True,True,False,False,rejected_actionable_posthoc_not_promotion_source
267a6286c980a0242607348c,causal_seed_from_v28_forward_calibration,logs/edge_research/v28_forward_calibration_latest.csv,153,rejected_actionable,p_below_floor,rejected_actionable_from_posthoc_calibration_report,KXBTC15M-26MAY052245-45,2026-05-05T22:45:00Z,2026-05-05T22:30:42.965Z,market_close_minus_seconds_to_close,yes,side=yes,,missing_in_forward_calibration_seed,857.035,0.455413,0.455413,0.5445869999999999,45.5413,54.45869999999999,1.0,1.0,0.29657500056899994,0.29657500056899994,0.7865505794270424,00_50,True,1.541284,40.0,111.368863,0.9440525881918093,True,120.0,True,False,True,False,True,False,True,True,True,False,False,rejected_actionable_posthoc_not_promotion_source
ca80398e9ab112705b260f3a,causal_seed_from_v28_forward_calibration,logs/edge_research/v28_forward_calibration_latest.csv,154,rejected_actionable,edge_below_floor,rejected_actionable_from_posthoc_calibration_report,KXBTC15M-26MAY052245-45,2026-05-05T22:45:00Z,2026-05-05T22:41:12.017Z,market_close_minus_seconds_to_close,yes,side=yes,,missing_in_forward_calibration_seed,227.983,0.880843,0.880843,0.11915699999999996,88.0843,11.915699999999996,1.0,1.0,0.01419839064899999,0.01419839064899999,0.12687587551006532,85_90,True,-4.915676,90.0,57.53173,0.10534765337147539,False,20.0,True,False,True,False,True,False,True,True,True,False,False,rejected_actionable_posthoc_not_promotion_source
34502eeff32d40429e9a0d5b,causal_seed_from_v28_forward_calibration,logs/edge_research/v28_forward_calibration_latest.csv,155,rejected_actionable,ask_too_high,rejected_actionable_from_posthoc_calibration_report,KXBTC15M-26MAY052245-45,2026-05-05T22:45:00Z,2026-05-05T22:41:12.599Z,market_close_minus_seconds_to_close,yes,side=yes,,missing_in_forward_calibration_seed,227.401,0.880922,0.880922,0.11907800000000002,88.09219999999999,11.907800000000002,1.0,1.0,0.014179570084000004,0.014179570084000004,0.12678619272030292,85_90,True,-5.907822,91.0,57.458301,0.10494314060882985,False,18.0,True,False,True,False,True,False,True,True,True,False,False,rejected_actionable_posthoc_not_promotion_source
d6c0d584f7667fa3cd9f3fd6,causal_seed_from_v28_forward_calibration,logs/edge_research/v28_forward_calibration_latest.csv,156,entry,approved_entry,approved_entry_from_posthoc_calibration_report,KXBTC15M-26MAY052300-00,2026-05-05T23:00:00Z,2026-05-05T22:52:05.409Z,market_close_minus_seconds_to_close,yes,side=yes,,missing_in_forward_calibration_seed,474.591,0.918967,0.918967,0.08103300000000002,91.8967,8.103300000000003,1.0,1.0,0.006566347089000004,0.006566347089000004,0.08450506586747943,90_95,True,3.896671,85.0,82.766141,0.17919533255862446,False,28.0,True,False,True,False,False,False,True,True,True,False,False,posthoc_calibration_report_not_forward_registry
6ce3c84d77273f646bd3eb2d,causal_seed_from_v28_forward_calibration,logs/edge_research/v28_forward_calibration_latest.csv,157,rejected_actionable,p_below_floor,rejected_actionable_from_posthoc_calibration_report,KXBTC15M-26MAY052300-00,2026-05-05T23:00:00Z,2026-05-05T22:49:02.568Z,market_close_minus_seconds_to_close,no,side=no,,missing_in_forward_calibration_seed,657.432,0.197534,0.802466,0.197534,80.2466,19.7534,0.0,1.0,0.039019681156,0.039019681156,0.22006579247674438,00_50,True,2.753381,14.0,97.611158,0.4032610787631417,True,-28.0,True,False,True,False,True,False,True,True,True,False,False,rejected_actionable_posthoc_not_promotion_source
932a158353471291bcca65e3,causal_seed_from_v28_forward_calibration,logs/edge_research/v28_forward_calibration_latest.csv,158,rejected_actionable,p_below_floor,rejected_actionable_from_posthoc_calibration_report,KXBTC15M-26MAY052300-00,2026-05-05T23:00:00Z,2026-05-05T22:49:02.568Z,market_close_minus_seconds_to_close,yes,side=yes,,missing_in_forward_calibration_seed,657.432,0.802466,0.802466,0.197534,80.2466,19.7534,1.0,1.0,0.039019681156,0.039019681156,0.22006579247674438,80_85,True,-9.753381,87.0,97.611158,0.4032610787631417,True,26.0,True,False,True,False,True,False,True,True,True,False,False,rejected_actionable_posthoc_not_promotion_source
b59b43e6799fadc8dc09c60a,causal_seed_from_v28_forward_calibration,logs/edge_research/v28_forward_calibration_latest.csv,159,rejected_actionable,edge_below_floor,rejected_actionable_from_posthoc_calibration_report,KXBTC15M-26MAY052300-00,2026-05-05T23:00:00Z,2026-05-05T22:49:02.924Z,market_close_minus_seconds_to_close,yes,side=yes,,missing_in_forward_calibration_seed,657.076,0.864305,0.864305,0.135695,86.4305,13.569500000000001,1.0,1.0,0.018413133025000004,0.018413133025000004,0.14582956321193113,85_90,True,-3.569495,87.0,97.609656,0.3258372354226237,True,26.0,True,False,True,False,True,False,True,True,True,False,False,rejected_actionable_posthoc_not_promotion_source
65d65cc90ff26e6bbbf1b09b,causal_seed_from_v28_forward_calibration,logs/edge_research/v28_forward_calibration_latest.csv,160,rejected_actionable,ask_too_high,rejected_actionable_from_posthoc_calibration_report,KXBTC15M-26MAY052300-00,2026-05-05T23:00:00Z,2026-05-05T22:50:35.375Z,market_close_minus_seconds_to_close,yes,side=yes,,missing_in_forward_calibration_seed,564.625,0.881743,0.881743,0.11825699999999995,88.1743,11.825699999999994,1.0,1.0,0.013984718048999987,0.013984718048999987,0.1258546486556391,85_90,True,-8.325663,94.0,90.214122,0.2584599077889771,True,12.0,True,False,True,False,True,False,True,True,True,False,False,rejected_actionable_posthoc_not_promotion_source
6c1440ee216db69761a9db63,causal_seed_from_v28_forward_calibration,logs/edge_research/v28_forward_calibration_latest.csv,161,entry,approved_entry,approved_entry_from_posthoc_calibration_report,KXBTC15M-26MAY052315-15,2026-05-05T23:15:00Z,2026-05-05T23:07:10.446Z,market_close_minus_seconds_to_close,yes,side=yes,,missing_in_forward_calibration_seed,469.554,0.884999,0.884999,0.11500100000000002,88.4999,11.500100000000002,1.0,1.0,0.013225230001000005,0.013225230001000005,0.12216876391834877,85_90,True,3.999851,81.0,83.314172,0.21482441758698537,False,-38.0,True,False,True,False,False,False,True,True,True,False,False,posthoc_calibration_report_not_forward_registry
a8c2b753207e442f65dc9a76,causal_seed_from_v28_forward_calibration,logs/edge_research/v28_forward_calibration_latest.csv,162,rejected_actionable,p_below_floor,rejected_actionable_from_posthoc_calibration_report,KXBTC15M-26MAY052315-15,2026-05-05T23:15:00Z,2026-05-05T23:02:18.723Z,market_close_minus_seconds_to_close,no,side=no,,missing_in_forward_calibration_seed,761.277,0.401312,0.598688,0.401312,59.8688,40.1312,0.0,1.0,0.161051321344,0.161051321344,0.5130146846791289,00_50,True,-1.868799,38.0,106.045191,0.749545998544852,True,-76.0,True,False,True,False,True,False,True,True,True,False,False,rejected_actionable_posthoc_not_promotion_source
0e967fa3a5bf5efa1aad216e,causal_seed_from_v28_forward_calibration,logs/edge_research/v28_forward_calibration_latest.csv,163,rejected_actionable,p_below_floor,rejected_actionable_from_posthoc_calibration_report,KXBTC15M-26MAY052315-15,2026-05-05T23:15:00Z,2026-05-05T23:02:18.723Z,market_close_minus_seconds_to_close,yes,side=yes,,missing_in_forward_calibration_seed,761.277,0.598688,0.598688,0.401312,59.8688,40.1312,1.0,1.0,0.161051321344,0.161051321344,0.5130146846791289,50_60,True,-8.131201,64.0,106.045191,0.749545998544852,True,72.0,True,False,True,False,True,False,True,True,True,False,False,rejected_actionable_posthoc_not_promotion_source
8c2172620c4094d47df93008,causal_seed_from_v28_forward_calibration,logs/edge_research/v28_forward_calibration_latest.csv,164,rejected_actionable,edge_below_floor,rejected_actionable_from_posthoc_calibration_report,KXBTC15M-26MAY052315-15,2026-05-05T23:15:00Z,2026-05-05T23:05:12.012Z,market_close_minus_seconds_to_close,yes,side=yes,,missing_in_forward_calibration_seed,587.988,0.859046,0.859046,0.14095400000000002,85.9046,14.095400000000001,1.0,1.0,0.019868030116000007,0.019868030116000007,0.15193280779138665,85_90,True,-4.095382,87.0,92.985061,0.2986391017909861,True,26.0,True,False,True,False,True,False,True,True,True,False,False,rejected_actionable_posthoc_not_promotion_source
7ac70f5a129fbe8dc3826343,causal_seed_from_v28_forward_calibration,logs/edge_research/v28_forward_calibration_latest.csv,165,rejected_actionable,ask_too_high,rejected_actionable_from_posthoc_calibration_report,KXBTC15M-26MAY052315-15,2026-05-05T23:15:00Z,2026-05-05T23:12:40.762Z,market_close_minus_seconds_to_close,yes,side=yes,,missing_in_forward_calibration_seed,139.238,0.837252,0.837252,0.162748,83.7252,16.2748,1.0,1.0,0.026486911504,0.026486911504,0.17763017853790822,80_85,True,-11.774777,93.0,45.314653,0.07749919171929845,False,14.0,True,False,True,False,True,False,True,True,True,False,False,rejected_actionable_posthoc_not_promotion_source
41da3a52aea50d9220debb8d,causal_seed_from_v28_forward_calibration,logs/edge_research/v28_forward_calibration_latest.csv,166,rejected_actionable,p_below_floor,rejected_actionable_from_posthoc_calibration_report,KXBTC15M-26MAY052330-30,2026-05-05T23:30:00Z,2026-05-05T23:16:48.314Z,market_close_minus_seconds_to_close,no,side=no,,missing_in_forward_calibration_seed,791.686,0.52957,0.47043,0.52957,47.043,52.957,0.0,1.0,0.2804443849,0.2804443849,0.7541081089210872,50_60,True,-19.543044,69.0,107.181606,0.9529226958217188,True,-138.0,True,False,True,False,True,False,True,True,True,False,False,rejected_actionable_posthoc_not_promotion_source
92de3d85872c1663a1b77bb7,causal_seed_from_v28_forward_calibration,logs/edge_research/v28_forward_calibration_latest.csv,167,rejected_actionable,p_below_floor,rejected_actionable_from_posthoc_calibration_report,KXBTC15M-26MAY052330-30,2026-05-05T23:30:00Z,2026-05-05T23:16:48.314Z,market_close_minus_seconds_to_close,yes,side=yes,,missing_in_forward_calibration_seed,791.686,0.47043,0.47043,0.52957,47.043,52.957,1.0,1.0,0.2804443849,0.2804443849,0.7541081089210872,00_50,True,11.043044,32.0,107.181606,0.9529226958217188,True,136.0,True,False,True,False,True,False,True,True,True,False,False,rejected_actionable_posthoc_not_promotion_source
ff08ec400eb4210b2e21564b,causal_seed_from_v28_forward_calibration,logs/edge_research/v28_forward_calibration_latest.csv,168,rejected_actionable,ask_too_high,rejected_actionable_from_posthoc_calibration_report,KXBTC15M-26MAY052330-30,2026-05-05T23:30:00Z,2026-05-05T23:23:19.741Z,market_close_minus_seconds_to_close,yes,side=yes,,missing_in_forward_calibration_seed,400.259,0.769513,0.769513,0.230487,76.9513,23.0487,1.0,1.0,0.053124257168999996,0.053124257168999996,0.2619974317588371,70_80,True,-17.048724,91.0,76.188962,0.26886683683319945,True,18.0,True,False,True,False,True,False,True,True,True,False,False,rejected_actionable_posthoc_not_promotion_source
7abc073cc36b69a7a368e42b,causal_seed_from_v28_forward_calibration,logs/edge_research/v28_forward_calibration_latest.csv,169,rejected_actionable,edge_below_floor,rejected_actionable_from_posthoc_calibration_report,KXBTC15M-26MAY052330-30,2026-05-05T23:30:00Z,2026-05-05T23:23:22.916Z,market_close_minus_seconds_to_close,yes,side=yes,,missing_in_forward_calibration_seed,397.084,0.900635,0.900635,0.09936500000000004,90.06349999999999,9.936500000000004,1.0,1.0,0.009873403225000008,0.009873403225000008,0.10465520888957648,90_95,True,-1.936529,89.0,75.919079,0.16711206862701308,False,22.0,True,False,True,False,True,False,True,True,True,False,False,rejected_actionable_posthoc_not_promotion_source
2dc35371c21e22f8864fb0d3,causal_seed_from_v28_forward_calibration,logs/edge_research/v28_forward_calibration_latest.csv,170,rejected_actionable,p_below_floor,rejected_actionable_from_posthoc_calibration_report,KXBTC15M-26MAY052345-45,2026-05-05T23:45:00Z,2026-05-05T23:30:49.977Z,market_close_minus_seconds_to_close,no,side=no,,missing_in_forward_calibration_seed,850.023,0.636767,0.36323300000000003,0.636767,36.3233,63.6767,1.0,0.0,0.13193821228900002,0.13193821228900002,0.45135146740279,60_70,True,-3.323289,63.0,121.942963,0.8994539296283267,True,74.0,True,False,True,False,True,False,True,True,True,False,False,rejected_actionable_posthoc_not_promotion_source
411ceaab0b0fd000bace2138,causal_seed_from_v28_forward_calibration,logs/edge_research/v28_forward_calibration_latest.csv,171,rejected_actionable,ask_too_high,rejected_actionable_from_posthoc_calibration_report,KXBTC15M-26MAY052345-45,2026-05-05T23:45:00Z,2026-05-05T23:42:37.276Z,market_close_minus_seconds_to_close,no,side=no,,missing_in_forward_calibration_seed,142.724,0.90076,0.09924,0.90076,9.924,90.076,1.0,0.0,0.009848577599999998,0.009848577599999998,0.10451642755599815,90_95,True,-9.423992,97.0,49.616864,0.06550423748317691,False,6.0,True,False,True,False,True,False,True,True,True,False,False,rejected_actionable_posthoc_not_promotion_source
d71cb0994cb0a2b69595b903,causal_seed_from_v28_forward_calibration,logs/edge_research/v28_forward_calibration_latest.csv,172,rejected_actionable,p_below_floor,rejected_actionable_from_posthoc_calibration_report,KXBTC15M-26MAY052345-45,2026-05-05T23:45:00Z,2026-05-05T23:30:49.977Z,market_close_minus_seconds_to_close,yes,side=yes,,missing_in_forward_calibration_seed,850.023,0.363233,0.363233,0.6367670000000001,36.323299999999996,63.67670000000001,0.0,0.0,0.131938212289,0.131938212289,0.4513514674027898,00_50,True,-5.676711,38.0,121.942963,0.8994539296283267,True,-76.0,True,False,True,False,True,False,True,True,True,False,False,rejected_actionable_posthoc_not_promotion_source
205b3f8302a46489115d4ffa,causal_seed_from_v28_forward_calibration,logs/edge_research/v28_forward_calibration_latest.csv,173,rejected_actionable,p_below_floor,rejected_actionable_from_posthoc_calibration_report,KXBTC15M-26MAY060000-00,2026-05-06T00:00:00Z,2026-05-05T23:46:03.522Z,market_close_minus_seconds_to_close,no,side=no,,missing_in_forward_calibration_seed,836.478,0.516408,0.483592,0.516408,48.3592,51.6408,0.0,1.0,0.266677222464,0.266677222464,0.7265137029755174,50_60,True,-5.359215,53.0,119.607339,1.101084655984564,True,-106.0,True,False,True,False,True,False,True,True,True,False,False,rejected_actionable_posthoc_not_promotion_source
541775e14cc9cfa769b7ef9e,causal_seed_from_v28_forward_calibration,logs/edge_research/v28_forward_calibration_latest.csv,174,rejected_actionable,p_below_floor,rejected_actionable_from_posthoc_calibration_report,KXBTC15M-26MAY060000-00,2026-05-06T00:00:00Z,2026-05-05T23:46:03.522Z,market_close_minus_seconds_to_close,yes,side=yes,,missing_in_forward_calibration_seed,836.478,0.483592,0.483592,0.516408,48.3592,51.6408,1.0,1.0,0.266677222464,0.266677222464,0.7265137029755174,00_50,True,-3.640785,48.0,119.607339,1.101084655984564,True,104.0,True,False,True,False,True,False,True,True,True,False,False,rejected_actionable_posthoc_not_promotion_source
4c99a8a12ce5f34ebe91f580,causal_seed_from_v28_forward_calibration,logs/edge_research/v28_forward_calibration_latest.csv,175,rejected_actionable,ask_too_high,rejected_actionable_from_posthoc_calibration_report,KXBTC15M-26MAY060000-00,2026-05-06T00:00:00Z,2026-05-05T23:56:57.664Z,market_close_minus_seconds_to_close,yes,side=yes,,missing_in_forward_calibration_seed,182.336,0.842605,0.842605,0.15739499999999995,84.26050000000001,15.739499999999996,1.0,1.0,0.024773186024999984,0.024773186024999984,0.1712569954410601,80_85,True,-10.739461,92.0,55.985227,0.10915317086830266,False,16.0,True,False,True,False,True,False,True,True,True,False,False,rejected_actionable_posthoc_not_promotion_source
5e8fce23c7526de7bb0a1fcc,causal_seed_from_v28_forward_calibration,logs/edge_research/v28_forward_calibration_latest.csv,176,rejected_actionable,p_below_floor,rejected_actionable_from_posthoc_calibration_report,KXBTC15M-26MAY060015-15,2026-05-06T00:15:00Z,2026-05-06T00:03:05.375Z,market_close_minus_seconds_to_close,no,side=no,,missing_in_forward_calibration_seed,714.625,0.467218,0.532782,0.467218,53.2782,46.7218,1.0,0.0,0.28385665952399997,0.28385665952399997,0.7609593208130205,00_50,True,-6.278207,49.0,102.71052,0.8306505775133819,True,102.0,True,False,True,False,True,False,True,True,True,False,False,rejected_actionable_posthoc_not_promotion_source
4f317dbc514c3e935eecef93,causal_seed_from_v28_forward_calibration,logs/edge_research/v28_forward_calibration_latest.csv,177,rejected_actionable,ask_too_high,rejected_actionable_from_posthoc_calibration_report,KXBTC15M-26MAY060015-15,2026-05-06T00:15:00Z,2026-05-06T00:13:35.268Z,market_close_minus_seconds_to_close,no,side=no,,missing_in_forward_calibration_seed,84.732,0.577365,0.422635,0.577365,42.2635,57.7365,1.0,0.0,0.17862034322499998,0.17862034322499998,0.5492806301475396,50_60,True,-37.263515,92.0,35.172746,0.09066060328316333,False,16.0,True,False,True,False,True,False,True,True,True,False,False,rejected_actionable_posthoc_not_promotion_source
c40999a8fccdb636e4217dfd,causal_seed_from_v28_forward_calibration,logs/edge_research/v28_forward_calibration_latest.csv,178,rejected_actionable,p_below_floor,rejected_actionable_from_posthoc_calibration_report,KXBTC15M-26MAY060015-15,2026-05-06T00:15:00Z,2026-05-06T00:03:05.375Z,market_close_minus_seconds_to_close,yes,side=yes,,missing_in_forward_calibration_seed,714.625,0.532782,0.532782,0.467218,53.2782,46.7218,0.0,0.0,0.28385665952399997,0.28385665952399997,0.7609593208130205,50_60,True,-2.721793,52.0,102.71052,0.8306505775133819,True,-104.0,True,False,True,False,True,False,True,True,True,False,False,rejected_actionable_posthoc_not_promotion_source
915f7d3f846378646931e9f3,causal_seed_from_v28_forward_calibration,logs/edge_research/v28_forward_calibration_latest.csv,179,rejected_actionable,p_below_floor,rejected_actionable_from_posthoc_calibration_report,KXBTC15M-26MAY060030-30,2026-05-06T00:30:00Z,2026-05-06T00:15:46.967Z,market_close_minus_seconds_to_close,no,side=no,,missing_in_forward_calibration_seed,853.033,0.382923,0.617077,0.382923,61.707699999999996,38.292300000000004,1.0,0.0,0.38078402392899996,0.38078402392899996,0.9599213544000458,00_50,True,-15.707692,50.0,111.993405,0.8318688646787503,True,100.0,True,False,True,False,True,False,True,True,True,False,False,rejected_actionable_posthoc_not_promotion_source
21d47eeb4ce4cf17b3428f72,causal_seed_from_v28_forward_calibration,logs/edge_research/v28_forward_calibration_latest.csv,180,rejected_actionable,ask_too_high,rejected_actionable_from_posthoc_calibration_report,KXBTC15M-26MAY060030-30,2026-05-06T00:30:00Z,2026-05-06T00:27:05.416Z,market_close_minus_seconds_to_close,no,side=no,,missing_in_forward_calibration_seed,174.584,0.845302,0.154698,0.845302,15.4698,84.5302,1.0,0.0,0.023931471204,0.023931471204,0.16806131902615726,80_85,True,-12.969824,95.0,49.523798,0.09386081877003395,False,10.0,True,False,True,False,True,False,True,True,True,False,False,rejected_actionable_posthoc_not_promotion_source
13c9edc8aafb0523539351c8,causal_seed_from_v28_forward_calibration,logs/edge_research/v28_forward_calibration_latest.csv,181,rejected_actionable,p_below_floor,rejected_actionable_from_posthoc_calibration_report,KXBTC15M-26MAY060030-30,2026-05-06T00:30:00Z,2026-05-06T00:15:46.967Z,market_close_minus_seconds_to_close,yes,side=yes,,missing_in_forward_calibration_seed,853.033,0.617077,0.617077,0.382923,61.707699999999996,38.292300000000004,0.0,0.0,0.38078402392899996,0.38078402392899996,0.9599213544000458,60_70,True,6.707692,51.0,111.993405,0.8318688646787503,True,-102.0,True,False,True,False,True,False,True,True,True,False,False,rejected_actionable_posthoc_not_promotion_source
3252894df2ff44d4c5f61ac0,causal_seed_from_v28_forward_calibration,logs/edge_research/v28_forward_calibration_latest.csv,182,entry,approved_entry,approved_entry_from_posthoc_calibration_report,KXBTC15M-26MAY060045-45,2026-05-06T00:45:00Z,2026-05-06T00:35:52.821Z,market_close_minus_seconds_to_close,no,side=no,,missing_in_forward_calibration_seed,547.179,0.85093,0.14907000000000004,0.85093,14.907000000000004,85.09299999999999,1.0,0.0,0.02222186490000001,0.02222186490000001,0.16142540996119986,85_90,True,2.593011,79.0,87.429279,0.28470197519819407,True,-10.0,True,False,True,False,False,False,True,True,True,False,False,posthoc_calibration_report_not_forward_registry
1ebe4357dfbddd675c24c3d6,causal_seed_from_v28_forward_calibration,logs/edge_research/v28_forward_calibration_latest.csv,183,entry,approved_entry,approved_entry_from_posthoc_calibration_report,KXBTC15M-26MAY060045-45,2026-05-06T00:45:00Z,2026-05-06T00:39:54.312Z,market_close_minus_seconds_to_close,no,side=no,,missing_in_forward_calibration_seed,305.688,0.91131,0.08869000000000005,0.91131,8.869000000000005,91.131,1.0,0.0,0.007865916100000009,0.007865916100000009,0.09287215420546611,90_95,True,3.130953,85.0,65.2761,0.12048968703951406,False,20.0,True,False,True,False,False,False,True,True,True,False,False,posthoc_calibration_report_not_forward_registry
e004aa459b6f5ac6504ff49f,causal_seed_from_v28_forward_calibration,logs/edge_research/v28_forward_calibration_latest.csv,184,rejected_actionable,p_below_floor,rejected_actionable_from_posthoc_calibration_report,KXBTC15M-26MAY060045-45,2026-05-06T00:45:00Z,2026-05-06T00:30:37.455Z,market_close_minus_seconds_to_close,no,side=no,,missing_in_forward_calibration_seed,862.545,0.729929,0.27007099999999995,0.729929,27.007099999999994,72.9929,1.0,0.0,0.07293834504099997,0.07293834504099997,0.3148080098437599,70_80,True,-6.507061,76.0,109.622011,0.6140568765673587,True,48.0,True,False,True,False,True,False,True,True,True,False,False,rejected_actionable_posthoc_not_promotion_source
dbf74f580f403e4bb807d281,causal_seed_from_v28_forward_calibration,logs/edge_research/v28_forward_calibration_latest.csv,185,rejected_actionable,edge_below_floor,rejected_actionable_from_posthoc_calibration_report,KXBTC15M-26MAY060045-45,2026-05-06T00:45:00Z,2026-05-06T00:35:50.848Z,market_close_minus_seconds_to_close,no,side=no,,missing_in_forward_calibration_seed,549.152,0.850765,0.149235,0.850765,14.9235,85.0765,1.0,0.0,0.022271085225,0.022271085225,0.16161933425493882,85_90,True,1.576522,80.0,87.586709,0.2861773172611171,True,40.0,True,False,True,False,True,False,True,True,True,False,False,rejected_actionable_posthoc_not_promotion_source
fabcc352bce1ff88e67d1a09,causal_seed_from_v28_forward_calibration,logs/edge_research/v28_forward_calibration_latest.csv,186,rejected_actionable,ask_too_high,rejected_actionable_from_posthoc_calibration_report,KXBTC15M-26MAY060045-45,2026-05-06T00:45:00Z,2026-05-06T00:40:29.317Z,market_close_minus_seconds_to_close,no,side=no,,missing_in_forward_calibration_seed,270.683,0.93988,0.06011999999999995,0.93988,6.011999999999995,93.988,1.0,0.0,0.0036144143999999943,0.0036144143999999943,0.06200307144173254,90_95,True,-3.512,95.0,61.636173,0.08493972020078686,False,10.0,True,False,True,False,True,False,True,True,True,False,False,rejected_actionable_posthoc_not_promotion_source
147908a9700ec1e171071800,causal_seed_from_v28_forward_calibration,logs/edge_research/v28_forward_calibration_latest.csv,187,rejected_actionable,p_below_floor,rejected_actionable_from_posthoc_calibration_report,KXBTC15M-26MAY060045-45,2026-05-06T00:45:00Z,2026-05-06T00:30:37.455Z,market_close_minus_seconds_to_close,yes,side=yes,,missing_in_forward_calibration_seed,862.545,0.270071,0.270071,0.729929,27.0071,72.9929,0.0,0.0,0.072938345041,0.072938345041,0.3148080098437599,00_50,True,-1.492939,25.0,109.622011,0.6140568765673587,True,-50.0,True,False,True,False,True,False,True,True,True,False,False,rejected_actionable_posthoc_not_promotion_source
f0429d5941e75f2bf3e5272b,causal_seed_from_v28_forward_calibration,logs/edge_research/v28_forward_calibration_latest.csv,188,entry,approved_entry,approved_entry_from_posthoc_calibration_report,KXBTC15M-26MAY060100-00,2026-05-06T01:00:00Z,2026-05-06T00:52:00.782Z,market_close_minus_seconds_to_close,no,side=no,,missing_in_forward_calibration_seed,479.218,0.867914,0.13208600000000004,0.867914,13.208600000000004,86.7914,1.0,0.0,0.01744671139600001,0.01744671139600001,0.1416626475713838,85_90,True,5.29135,78.0,79.455366,0.23029818959354578,False,-4.0,True,False,True,False,False,False,True,True,True,False,False,posthoc_calibration_report_not_forward_registry
30b0e7275cab988de682c637,causal_seed_from_v28_forward_calibration,logs/edge_research/v28_forward_calibration_latest.csv,189,rejected_actionable,p_below_floor,rejected_actionable_from_posthoc_calibration_report,KXBTC15M-26MAY060100-00,2026-05-06T01:00:00Z,2026-05-06T00:45:15.859Z,market_close_minus_seconds_to_close,no,side=no,,missing_in_forward_calibration_seed,884.141,0.525346,0.474654,0.525346,47.4654,52.5346,1.0,0.0,0.225296419716,0.225296419716,0.6436981858479772,50_60,True,-5.46538,54.0,106.583497,0.9770752541189076,True,92.0,True,False,True,False,True,False,True,True,True,False,False,rejected_actionable_posthoc_not_promotion_source
b522483adf01cd8815975005,causal_seed_from_v28_forward_calibration,logs/edge_research/v28_forward_calibration_latest.csv,190,rejected_actionable,edge_below_floor,rejected_actionable_from_posthoc_calibration_report,KXBTC15M-26MAY060100-00,2026-05-06T01:00:00Z,2026-05-06T00:54:16.658Z,market_close_minus_seconds_to_close,no,side=no,,missing_in_forward_calibration_seed,343.342,0.851337,0.148663,0.851337,14.866299999999999,85.1337,1.0,0.0,0.022100687568999997,0.022100687568999997,0.16094722409757742,85_90,True,-0.366308,82.0,69.815,0.1819009149010355,False,36.0,True,False,True,False,True,False,True,True,True,False,False,rejected_actionable_posthoc_not_promotion_source
55717b89b16b83b457693a95,causal_seed_from_v28_forward_calibration,logs/edge_research/v28_forward_calibration_latest.csv,191,rejected_actionable,ask_too_high,rejected_actionable_from_posthoc_calibration_report,KXBTC15M-26MAY060100-00,2026-05-06T01:00:00Z,2026-05-06T00:55:39.348Z,market_close_minus_seconds_to_close,no,side=no,,missing_in_forward_calibration_seed,260.652,0.898769,0.10123099999999996,0.898769,10.123099999999996,89.8769,1.0,0.0,0.010247715360999991,0.010247715360999991,0.10672922969745821,85_90,True,-4.123096,91.0,60.759502,0.11168353427951522,False,18.0,True,False,True,False,True,False,True,True,True,False,False,rejected_actionable_posthoc_not_promotion_source
f4d24d92f8bce2e6bc66dd64,causal_seed_from_v28_forward_calibration,logs/edge_research/v28_forward_calibration_latest.csv,192,rejected_actionable,p_below_floor,rejected_actionable_from_posthoc_calibration_report,KXBTC15M-26MAY060100-00,2026-05-06T01:00:00Z,2026-05-06T00:45:15.859Z,market_close_minus_seconds_to_close,yes,side=yes,,missing_in_forward_calibration_seed,884.141,0.474654,0.474654,0.525346,47.4654,52.5346,0.0,0.0,0.225296419716,0.225296419716,0.6436981858479772,00_50,True,-4.53462,48.0,106.583497,0.9770752541189076,True,-96.0,True,False,True,False,True,False,True,True,True,False,False,rejected_actionable_posthoc_not_promotion_source
bca0926fd73eaeba1297ec00,causal_seed_from_v28_forward_calibration,logs/edge_research/v28_forward_calibration_latest.csv,193,rejected_actionable,edge_below_floor,rejected_actionable_from_posthoc_calibration_report,KXBTC15M-26MAY060100-00,2026-05-06T01:00:00Z,2026-05-06T00:49:02.856Z,market_close_minus_seconds_to_close,yes,side=yes,,missing_in_forward_calibration_seed,657.144,0.851837,0.851837,0.14816300000000004,85.1837,14.816300000000005,0.0,0.0,0.725626274569,0.725626274569,1.9094422599091336,85_90,True,-0.316276,82.0,91.301113,0.33394999817755644,True,-164.0,True,False,True,False,True,False,True,True,True,False,False,rejected_actionable_posthoc_not_promotion_source
d63c188d937660fc5bcb7727,causal_seed_from_v28_forward_calibration,logs/edge_research/v28_forward_calibration_latest.csv,194,rejected_actionable,p_below_floor,rejected_actionable_from_posthoc_calibration_report,KXBTC15M-26MAY060115-15,2026-05-06T01:15:00Z,2026-05-06T01:00:15.392Z,market_close_minus_seconds_to_close,no,side=no,,missing_in_forward_calibration_seed,884.608,0.525277,0.474723,0.525277,47.472300000000004,52.527699999999996,1.0,0.0,0.22536192672900002,0.22536192672900002,0.6438295364848835,50_60,True,-4.472295,53.0,111.725583,1.0170054234448878,True,94.0,True,False,True,False,True,False,True,True,True,False,False,rejected_actionable_posthoc_not_promotion_source
7e1a56708030be084539c488,causal_seed_from_v28_forward_calibration,logs/edge_research/v28_forward_calibration_latest.csv,195,rejected_actionable,edge_below_floor,rejected_actionable_from_posthoc_calibration_report,KXBTC15M-26MAY060115-15,2026-05-06T01:15:00Z,2026-05-06T01:11:01.175Z,market_close_minus_seconds_to_close,no,side=no,,missing_in_forward_calibration_seed,238.825,0.85165,0.14834999999999998,0.85165,14.834999999999997,85.165,1.0,0.0,0.022007722499999993,0.022007722499999993,0.16057963467555078,85_90,True,-2.834994,85.0,57.067701,0.12568748450930964,False,30.0,True,False,True,False,True,False,True,True,True,False,False,rejected_actionable_posthoc_not_promotion_source
0ef428b27eebac5d7b215585,causal_seed_from_v28_forward_calibration,logs/edge_research/v28_forward_calibration_latest.csv,196,rejected_actionable,ask_too_high,rejected_actionable_from_posthoc_calibration_report,KXBTC15M-26MAY060115-15,2026-05-06T01:15:00Z,2026-05-06T01:11:08.510Z,market_close_minus_seconds_to_close,no,side=no,,missing_in_forward_calibration_seed,231.49,0.905395,0.09460500000000005,0.905395,9.460500000000005,90.53949999999999,1.0,0.0,0.00895010602500001,0.00895010602500001,0.09938396641655689,90_95,True,-4.460473,92.0,55.966368,0.09536884838148124,False,16.0,True,False,True,False,True,False,True,True,True,False,False,rejected_actionable_posthoc_not_promotion_source
7cf197ed201a9bf50f3a8815,causal_seed_from_v28_forward_calibration,logs/edge_research/v28_forward_calibration_latest.csv,197,rejected_actionable,p_below_floor,rejected_actionable_from_posthoc_calibration_report,KXBTC15M-26MAY060115-15,2026-05-06T01:15:00Z,2026-05-06T01:00:15.392Z,market_close_minus_seconds_to_close,yes,side=yes,,missing_in_forward_calibration_seed,884.608,0.474723,0.474723,0.525277,47.472300000000004,52.527699999999996,0.0,0.0,0.22536192672900002,0.22536192672900002,0.6438295364848835,00_50,True,-4.527705,48.0,111.725583,1.0170054234448878,True,-96.0,True,False,True,False,True,False,True,True,True,False,False,rejected_actionable_posthoc_not_promotion_source
78d8c4586471888c1ea734e0,causal_seed_from_v28_forward_calibration,logs/edge_research/v28_forward_calibration_latest.csv,198,rejected_actionable,p_below_floor,rejected_actionable_from_posthoc_calibration_report,KXBTC15M-26MAY060130-30,2026-05-06T01:30:00Z,2026-05-06T01:15:30.245Z,market_close_minus_seconds_to_close,no,side=no,,missing_in_forward_calibration_seed,869.755,0.572721,0.42727899999999996,0.572721,42.7279,57.2721,1.0,0.0,0.18256734384099996,0.18256734384099996,0.5573565918418136,50_60,True,-4.727874,58.0,108.772977,0.8778400688723954,True,84.0,True,False,True,False,True,False,True,True,True,False,False,rejected_actionable_posthoc_not_promotion_source
dcf6692f14c9bb46d2b21816,causal_seed_from_v28_forward_calibration,logs/edge_research/v28_forward_calibration_latest.csv,199,rejected_actionable,ask_too_high,rejected_actionable_from_posthoc_calibration_report,KXBTC15M-26MAY060130-30,2026-05-06T01:30:00Z,2026-05-06T01:27:40.287Z,market_close_minus_seconds_to_close,no,side=no,,missing_in_forward_calibration_seed,139.713,0.841244,0.158756,0.841244,15.8756,84.1244,1.0,0.0,0.025203467536,0.025203467536,0.17287353029231906,80_85,True,-9.875576,91.0,40.703292,0.0711493254824189,False,18.0,True,False,True,False,True,False,True,True,True,False,False,rejected_actionable_posthoc_not_promotion_source
41419c53b71f8e248cb6d001,causal_seed_from_v28_forward_calibration,logs/edge_research/v28_forward_calibration_latest.csv,200,rejected_actionable,edge_below_floor,rejected_actionable_from_posthoc_calibration_report,KXBTC15M-26MAY060130-30,2026-05-06T01:30:00Z,2026-05-06T01:27:50.020Z,market_close_minus_seconds_to_close,no,side=no,,missing_in_forward_calibration_seed,129.98,0.862321,0.137679,0.862321,13.7679,86.2321,1.0,0.0,0.018955507041,0.018955507041,0.14812768784713012,85_90,True,-6.767923,90.0,39.259213,0.06164518660238998,False,20.0,True,False,True,False,True,False,True,True,True,False,False,rejected_actionable_posthoc_not_promotion_source
b9b05f2d3c1de1300f9b474e,causal_seed_from_v28_forward_calibration,logs/edge_research/v28_forward_calibration_latest.csv,201,rejected_actionable,p_below_floor,rejected_actionable_from_posthoc_calibration_report,KXBTC15M-26MAY060130-30,2026-05-06T01:30:00Z,2026-05-06T01:15:30.245Z,market_close_minus_seconds_to_close,yes,side=yes,,missing_in_forward_calibration_seed,869.755,0.427279,0.427279,0.572721,42.727900000000005,57.2721,0.0,0.0,0.182567343841,0.182567343841,0.5573565918418136,00_50,True,-4.272126,43.0,108.772977,0.8778400688723954,True,-86.0,True,False,True,False,True,False,True,True,True,False,False,rejected_actionable_posthoc_not_promotion_source
f6dd967274d4488d9531e0f5,causal_seed_from_v28_forward_calibration,logs/edge_research/v28_forward_calibration_latest.csv,202,entry,approved_entry,approved_entry_from_posthoc_calibration_report,KXBTC15M-26MAY060145-45,2026-05-06T01:45:00Z,2026-05-06T01:35:37.565Z,market_close_minus_seconds_to_close,no,side=no,,missing_in_forward_calibration_seed,562.435,0.935752,0.06424799999999997,0.935752,6.424799999999998,93.57520000000001,1.0,0.0,0.004127805503999996,0.004127805503999996,0.06640479487687981,90_95,True,2.575198,88.0,79.360876,0.17814503082894895,False,22.0,True,False,True,False,False,False,True,True,True,False,False,posthoc_calibration_report_not_forward_registry
6c3b313ceb7d222ca3cfbfd7,causal_seed_from_v28_forward_calibration,logs/edge_research/v28_forward_calibration_latest.csv,203,rejected_actionable,p_below_floor,rejected_actionable_from_posthoc_calibration_report,KXBTC15M-26MAY060145-45,2026-05-06T01:45:00Z,2026-05-06T01:30:30.771Z,market_close_minus_seconds_to_close,no,side=no,,missing_in_forward_calibration_seed,869.229,0.557282,0.44271799999999994,0.557282,44.27179999999999,55.72820000000001,1.0,0.0,0.19599922752399995,0.19599922752399995,0.5846838835107079,50_60,True,-3.271815,55.0,100.558854,0.8491893472415443,True,90.0,True,False,True,False,True,False,True,True,True,False,False,rejected_actionable_posthoc_not_promotion_source
0d27b88edce81027db2f27e1,causal_seed_from_v28_forward_calibration,logs/edge_research/v28_forward_calibration_latest.csv,204,rejected_actionable,edge_below_floor,rejected_actionable_from_posthoc_calibration_report,KXBTC15M-26MAY060145-45,2026-05-06T01:45:00Z,2026-05-06T01:35:29.796Z,market_close_minus_seconds_to_close,no,side=no,,missing_in_forward_calibration_seed,570.204,0.852074,0.147926,0.852074,14.7926,85.2074,1.0,0.0,0.021882101476,0.021882101476,0.16008190146435766,85_90,True,-0.792613,83.0,79.93992,0.2766934347725274,True,17.0,True,False,True,False,True,False,True,True,True,False,False,rejected_actionable_posthoc_not_promotion_source
ac13aa6c6f20186f40ebe110,causal_seed_from_v28_forward_calibration,logs/edge_research/v28_forward_calibration_latest.csv,205,rejected_actionable,ask_too_high,rejected_actionable_from_posthoc_calibration_report,KXBTC15M-26MAY060145-45,2026-05-06T01:45:00Z,2026-05-06T01:35:31.023Z,market_close_minus_seconds_to_close,no,side=no,,missing_in_forward_calibration_seed,568.977,0.93578,0.06422000000000005,0.93578,6.422000000000006,93.57799999999999,1.0,0.0,0.004124208400000007,0.004124208400000007,0.06637487286646053,90_95,True,-0.421991,91.0,79.820376,0.18003162453126997,False,18.0,True,False,True,False,True,False,True,True,True,False,False,rejected_actionable_posthoc_not_promotion_source
7364adf372fc7ac339f3ae88,causal_seed_from_v28_forward_calibration,logs/edge_research/v28_forward_calibration_latest.csv,206,rejected_actionable,p_below_floor,rejected_actionable_from_posthoc_calibration_report,KXBTC15M-26MAY060145-45,2026-05-06T01:45:00Z,2026-05-06T01:30:30.771Z,market_close_minus_seconds_to_close,yes,side=yes,,missing_in_forward_calibration_seed,869.229,0.442718,0.442718,0.557282,44.2718,55.72820000000001,0.0,0.0,0.195999227524,0.195999227524,0.5846838835107079,00_50,True,-5.728185,46.0,100.558854,0.8491893472415443,True,-92.0,True,False,True,False,True,False,True,True,True,False,False,rejected_actionable_posthoc_not_promotion_source
688cc8d9233df90aeafe619c,causal_seed_from_v28_forward_calibration,logs/edge_research/v28_forward_calibration_latest.csv,207,entry,approved_entry,approved_entry_from_posthoc_calibration_report,KXBTC15M-26MAY060200-00,2026-05-06T02:00:00Z,2026-05-06T01:48:08.232Z,market_close_minus_seconds_to_close,yes,side=yes,,missing_in_forward_calibration_seed,711.768,0.858683,0.858683,0.14131700000000003,85.86829999999999,14.131700000000002,1.0,1.0,0.01997049448900001,0.01997049448900001,0.1523554588677831,85_90,True,2.368332,80.0,91.775185,0.3497083999828257,True,-12.0,True,False,True,False,False,False,True,True,True,False,False,posthoc_calibration_report_not_forward_registry
ef3fbc89d440b6b667c8bce9,causal_seed_from_v28_forward_calibration,logs/edge_research/v28_forward_calibration_latest.csv,208,entry,approved_entry,approved_entry_from_posthoc_calibration_report,KXBTC15M-26MAY060200-00,2026-05-06T02:00:00Z,2026-05-06T01:49:19.444Z,market_close_minus_seconds_to_close,yes,side=yes,,missing_in_forward_calibration_seed,640.556,0.874865,0.874865,0.125135,87.4865,12.5135,1.0,1.0,0.015658768224999998,0.015658768224999998,0.1336856902420735,85_90,True,2.986534,81.0,86.93659,0.29306662969753194,True,6.0,True,False,True,False,False,False,True,True,True,False,False,posthoc_calibration_report_not_forward_registry
c10e31008c05d9a57e643a6c,causal_seed_from_v28_forward_calibration,logs/edge_research/v28_forward_calibration_latest.csv,209,rejected_actionable,p_below_floor,rejected_actionable_from_posthoc_calibration_report,KXBTC15M-26MAY060200-00,2026-05-06T02:00:00Z,2026-05-06T01:45:30.625Z,market_close_minus_seconds_to_close,no,side=no,,missing_in_forward_calibration_seed,869.375,0.403416,0.596584,0.403416,59.6584,40.3416,0.0,1.0,0.16274446905599999,0.16274446905599999,0.5165352259000691,00_50,True,-4.658427,41.0,102.513331,0.8261338788577886,True,-82.0,True,False,True,False,True,False,True,True,True,False,False,rejected_actionable_posthoc_not_promotion_source
27f8e053eb0d49723b32fb61,causal_seed_from_v28_forward_calibration,logs/edge_research/v28_forward_calibration_latest.csv,210,rejected_actionable,p_below_floor,rejected_actionable_from_posthoc_calibration_report,KXBTC15M-26MAY060200-00,2026-05-06T02:00:00Z,2026-05-06T01:45:30.625Z,market_close_minus_seconds_to_close,yes,side=yes,,missing_in_forward_calibration_seed,869.375,0.596584,0.596584,0.403416,59.6584,40.3416,1.0,1.0,0.16274446905599999,0.16274446905599999,0.5165352259000691,50_60,True,-4.341573,60.0,102.513331,0.8261338788577886,True,80.0,True,False,True,False,True,False,True,True,True,False,False,rejected_actionable_posthoc_not_promotion_source
1a1e52825431e5e003b45112,causal_seed_from_v28_forward_calibration,logs/edge_research/v28_forward_calibration_latest.csv,211,rejected_actionable,edge_below_floor,rejected_actionable_from_posthoc_calibration_report,KXBTC15M-26MAY060200-00,2026-05-06T02:00:00Z,2026-05-06T01:48:08.219Z,market_close_minus_seconds_to_close,yes,side=yes,,missing_in_forward_calibration_seed,711.781,0.858683,0.858683,0.14131700000000003,85.86829999999999,14.131700000000002,1.0,1.0,0.01997049448900001,0.01997049448900001,0.1523554588677831,85_90,True,0.368252,82.0,91.775989,0.3497174549616659,True,36.0,True,False,True,False,True,False,True,True,True,False,False,rejected_actionable_posthoc_not_promotion_source
332af3e0c2dbb0916821c2e9,causal_seed_from_v28_forward_calibration,logs/edge_research/v28_forward_calibration_latest.csv,212,rejected_actionable,ask_too_high,rejected_actionable_from_posthoc_calibration_report,KXBTC15M-26MAY060200-00,2026-05-06T02:00:00Z,2026-05-06T01:53:53.011Z,market_close_minus_seconds_to_close,yes,side=yes,,missing_in_forward_calibration_seed,366.989,0.864867,0.864867,0.13513299999999995,86.4867,13.513299999999994,1.0,1.0,0.018260927688999985,0.018260927688999985,0.1451795410975452,85_90,True,-7.513275,91.0,65.605507,0.1716156338671565,False,18.0,True,False,True,False,True,False,True,True,True,False,False,rejected_actionable_posthoc_not_promotion_source
ac37663f1f6b907812fd9d6e,causal_seed_from_v28_forward_calibration,logs/edge_research/v28_forward_calibration_latest.csv,213,entry,approved_entry,approved_entry_from_posthoc_calibration_report,KXBTC15M-26MAY060215-15,2026-05-06T02:15:00Z,2026-05-06T02:10:05.586Z,market_close_minus_seconds_to_close,no,side=no,,missing_in_forward_calibration_seed,294.414,0.862656,0.13734400000000002,0.862656,13.734400000000003,86.26559999999999,1.0,0.0,0.018863374336000004,0.018863374336000004,0.14773927686633262,85_90,True,2.765568,80.0,56.198683,0.13314483275771213,False,34.0,True,False,True,False,False,False,True,True,True,False,False,posthoc_calibration_report_not_forward_registry
01bd1a74d9f7c6206d480905,causal_seed_from_v28_forward_calibration,logs/edge_research/v28_forward_calibration_latest.csv,214,entry,approved_entry,approved_entry_from_posthoc_calibration_report,KXBTC15M-26MAY060215-15,2026-05-06T02:15:00Z,2026-05-06T02:01:30.147Z,market_close_minus_seconds_to_close,yes,side=yes,,missing_in_forward_calibration_seed,809.853,0.869074,0.869074,0.130926,86.9074,13.0926,0.0,0.0,0.755289617476,0.755289617476,2.0331230008850905,85_90,True,6.407435,77.0,96.426352,0.3639664202953999,True,-16.0,True,False,True,False,False,False,True,True,True,False,False,posthoc_calibration_report_not_forward_registry
3945adcff58a2355073bed86,causal_seed_from_v28_forward_calibration,logs/edge_research/v28_forward_calibration_latest.csv,215,entry,approved_entry,approved_entry_from_posthoc_calibration_report,KXBTC15M-26MAY060215-15,2026-05-06T02:15:00Z,2026-05-06T02:05:50.080Z,market_close_minus_seconds_to_close,yes,side=yes,,missing_in_forward_calibration_seed,549.92,0.881378,0.881378,0.118622,88.1378,11.862200000000001,0.0,0.0,0.776827178884,0.776827178884,2.1318133121505514,85_90,True,2.137791,83.0,79.954574,0.23953217885049563,False,-26.0,True,False,True,False,False,False,True,True,True,False,False,posthoc_calibration_report_not_forward_registry
2f583336aa240e0aabaf229d,causal_seed_from_v28_forward_calibration,logs/edge_research/v28_forward_calibration_latest.csv,216,rejected_actionable,p_below_floor,rejected_actionable_from_posthoc_calibration_report,KXBTC15M-26MAY060215-15,2026-05-06T02:15:00Z,2026-05-06T02:00:15.349Z,market_close_minus_seconds_to_close,no,side=no,,missing_in_forward_calibration_seed,884.651,0.416976,0.583024,0.416976,58.3024,41.6976,1.0,0.0,0.339916984576,0.339916984576,0.8747266127964626,00_50,True,-10.302385,48.0,100.454734,0.7926086054038434,True,104.0,True,False,True,False,True,False,True,True,True,False,False,rejected_actionable_posthoc_not_promotion_source
8bf14cf0a2af653ad8d90b88,causal_seed_from_v28_forward_calibration,logs/edge_research/v28_forward_calibration_latest.csv,217,rejected_actionable,ask_too_high,rejected_actionable_from_posthoc_calibration_report,KXBTC15M-26MAY060215-15,2026-05-06T02:15:00Z,2026-05-06T02:12:05.621Z,market_close_minus_seconds_to_close,no,side=no,,missing_in_forward_calibration_seed,174.379,0.939915,0.060085000000000055,0.939915,6.008500000000005,93.99149999999999,1.0,0.0,0.0036102072250000067,0.0036102072250000067,0.06196583333863732,90_95,True,-1.008477,92.0,43.280132,0.050867791406267335,False,16.0,True,False,True,False,True,False,True,True,True,False,False,rejected_actionable_posthoc_not_promotion_source
47700703c6e404825db889a4,causal_seed_from_v28_forward_calibration,logs/edge_research/v28_forward_calibration_latest.csv,218,rejected_actionable,p_below_floor,rejected_actionable_from_posthoc_calibration_report,KXBTC15M-26MAY060215-15,2026-05-06T02:15:00Z,2026-05-06T02:00:15.349Z,market_close_minus_seconds_to_close,yes,side=yes,,missing_in_forward_calibration_seed,884.651,0.583024,0.583024,0.416976,58.3024,41.6976,0.0,0.0,0.339916984576,0.339916984576,0.8747266127964626,50_60,True,1.302385,53.0,100.454734,0.7926086054038434,True,-106.0,True,False,True,False,True,False,True,True,True,False,False,rejected_actionable_posthoc_not_promotion_source
ad8a7a6474680f8a09726300,causal_seed_from_v28_forward_calibration,logs/edge_research/v28_forward_calibration_latest.csv,219,rejected_actionable,edge_below_floor,rejected_actionable_from_posthoc_calibration_report,KXBTC15M-26MAY060215-15,2026-05-06T02:15:00Z,2026-05-06T02:01:30.140Z,market_close_minus_seconds_to_close,yes,side=yes,,missing_in_forward_calibration_seed,809.86,0.869074,0.869074,0.130926,86.9074,13.0926,0.0,0.0,0.755289617476,0.755289617476,2.0331230008850905,85_90,True,-0.0926,84.0,96.426769,0.3639710231486511,True,-168.0,True,False,True,False,True,False,True,True,True,False,False,rejected_actionable_posthoc_not_promotion_source
247f5edda0bf98e7725b810a,causal_seed_from_v28_forward_calibration,logs/edge_research/v28_forward_calibration_latest.csv,220,entry,approved_entry,approved_entry_from_posthoc_calibration_report,KXBTC15M-26MAY060230-30,2026-05-06T02:30:00Z,2026-05-06T02:24:48.552Z,market_close_minus_seconds_to_close,yes,side=yes,,missing_in_forward_calibration_seed,311.448,0.890973,0.890973,0.10902699999999999,89.0973,10.9027,1.0,1.0,0.011886886728999997,0.011886886728999997,0.11544115500077685,85_90,True,2.097279,84.0,56.916598,0.1236428180917944,False,-20.0,True,False,True,False,False,False,True,True,True,False,False,posthoc_calibration_report_not_forward_registry
086b040c287b02eb6be00389,causal_seed_from_v28_forward_calibration,logs/edge_research/v28_forward_calibration_latest.csv,221,rejected_actionable,p_below_floor,rejected_actionable_from_posthoc_calibration_report,KXBTC15M-26MAY060230-30,2026-05-06T02:30:00Z,2026-05-06T02:15:15.505Z,market_close_minus_seconds_to_close,no,side=no,,missing_in_forward_calibration_seed,884.495,0.574094,0.425906,0.574094,42.5906,57.4094,0.0,1.0,0.32958392083599997,0.32958392083599997,0.8535366143381607,50_60,True,-0.590592,54.0,96.882727,0.7893267672168771,True,-108.0,True,False,True,False,True,False,True,True,True,False,False,rejected_actionable_posthoc_not_promotion_source
53084b4b51b68d324fd8c5bd,causal_seed_from_v28_forward_calibration,logs/edge_research/v28_forward_calibration_latest.csv,222,rejected_actionable,p_below_floor,rejected_actionable_from_posthoc_calibration_report,KXBTC15M-26MAY060230-30,2026-05-06T02:30:00Z,2026-05-06T02:15:15.505Z,market_close_minus_seconds_to_close,yes,side=yes,,missing_in_forward_calibration_seed,884.495,0.425906,0.425906,0.574094,42.5906,57.4094,1.0,1.0,0.32958392083599997,0.32958392083599997,0.8535366143381607,00_50,True,-8.409408,47.0,96.882727,0.7893267672168771,True,106.0,True,False,True,False,True,False,True,True,True,False,False,rejected_actionable_posthoc_not_promotion_source
c76520d77ee6c2610b6d5db5,causal_seed_from_v28_forward_calibration,logs/edge_research/v28_forward_calibration_latest.csv,223,rejected_actionable,edge_below_floor,rejected_actionable_from_posthoc_calibration_report,KXBTC15M-26MAY060230-30,2026-05-06T02:30:00Z,2026-05-06T02:24:48.255Z,market_close_minus_seconds_to_close,yes,side=yes,,missing_in_forward_calibration_seed,311.745,0.852619,0.852619,0.14738099999999998,85.2619,14.7381,1.0,1.0,0.021721159160999995,0.021721159160999995,0.15944249012334966,85_90,True,-1.73809,84.0,56.937546,0.14458469598442952,False,32.0,True,False,True,False,True,False,True,True,True,False,False,rejected_actionable_posthoc_not_promotion_source
8ea79ed355f3b74881aed5f9,causal_seed_from_v28_forward_calibration,logs/edge_research/v28_forward_calibration_latest.csv,224,rejected_actionable,ask_too_high,rejected_actionable_from_posthoc_calibration_report,KXBTC15M-26MAY060230-30,2026-05-06T02:30:00Z,2026-05-06T02:26:55.980Z,market_close_minus_seconds_to_close,yes,side=yes,,missing_in_forward_calibration_seed,184.02,0.858086,0.858086,0.14191399999999998,85.8086,14.191399999999998,1.0,1.0,0.020139583395999996,0.020139583395999996,0.1530509514169432,85_90,True,-9.191362,92.0,43.893511,0.08392784410586923,False,16.0,True,False,True,False,True,False,True,True,True,False,False,rejected_actionable_posthoc_not_promotion_source
c6686a0cfdaaa5bc06d5719f,causal_seed_from_v28_forward_calibration,logs/edge_research/v28_forward_calibration_latest.csv,225,entry,approved_entry,approved_entry_from_posthoc_calibration_report,KXBTC15M-26MAY060245-45,2026-05-06T02:45:00Z,2026-05-06T02:37:19.498Z,market_close_minus_seconds_to_close,yes,side=yes,,missing_in_forward_calibration_seed,460.502,0.857529,0.857529,0.14247100000000001,85.7529,14.247100000000001,1.0,1.0,0.020297985841000003,0.020297985841000003,0.15370028127191726,85_90,True,2.252876,80.0,67.412411,0.2050981102340683,False,-8.0,True,False,True,False,False,False,True,True,True,False,False,posthoc_calibration_report_not_forward_registry
56461546162149d290f3005c,causal_seed_from_v28_forward_calibration,logs/edge_research/v28_forward_calibration_latest.csv,226,entry,approved_entry,approved_entry_from_posthoc_calibration_report,KXBTC15M-26MAY060245-45,2026-05-06T02:45:00Z,2026-05-06T02:42:00.425Z,market_close_minus_seconds_to_close,yes,side=yes,,missing_in_forward_calibration_seed,179.575,0.862971,0.862971,0.13702899999999996,86.2971,13.702899999999996,1.0,1.0,0.018776946840999988,0.018776946840999988,0.14737419217132167,85_90,True,5.797133,77.0,42.078057,0.07879689391159121,False,-6.0,True,False,True,False,False,False,True,True,True,False,False,posthoc_calibration_report_not_forward_registry
4285dcdf3b5b37bacbae3a11,causal_seed_from_v28_forward_calibration,logs/edge_research/v28_forward_calibration_latest.csv,227,entry,approved_entry,approved_entry_from_posthoc_calibration_report,KXBTC15M-26MAY060245-45,2026-05-06T02:45:00Z,2026-05-06T02:42:37.820Z,market_close_minus_seconds_to_close,yes,side=yes,,missing_in_forward_calibration_seed,142.18,0.877828,0.877828,0.12217199999999995,87.78280000000001,12.217199999999995,1.0,1.0,0.014925997583999987,0.014925997583999987,0.13030460431009663,85_90,True,8.282842,76.0,37.463169,0.05867289889682264,False,38.0,True,False,True,False,False,False,True,True,True,False,False,posthoc_calibration_report_not_forward_registry
85b2f80a25c0cdb576a3d2db,causal_seed_from_v28_forward_calibration,logs/edge_research/v28_forward_calibration_latest.csv,228,rejected_actionable,p_below_floor,rejected_actionable_from_posthoc_calibration_report,KXBTC15M-26MAY060245-45,2026-05-06T02:45:00Z,2026-05-06T02:30:31.260Z,market_close_minus_seconds_to_close,no,side=no,,missing_in_forward_calibration_seed,868.74,0.660829,0.339171,0.660829,33.9171,66.0829,0.0,1.0,0.436694967241,0.436694967241,1.0812508740023379,60_70,True,-2.91706,65.0,95.507548,0.6637197089991075,True,-130.0,True,False,True,False,True,False,True,True,True,False,False,rejected_actionable_posthoc_not_promotion_source
548e100470ad3efe27dab64e,causal_seed_from_v28_forward_calibration,logs/edge_research/v28_forward_calibration_latest.csv,229,rejected_actionable,p_below_floor,rejected_actionable_from_posthoc_calibration_report,KXBTC15M-26MAY060245-45,2026-05-06T02:45:00Z,2026-05-06T02:30:31.260Z,market_close_minus_seconds_to_close,yes,side=yes,,missing_in_forward_calibration_seed,868.74,0.339171,0.339171,0.660829,33.9171,66.0829,1.0,1.0,0.436694967241,0.436694967241,1.0812508740023379,00_50,True,-6.08294,36.0,95.507548,0.6637197089991075,True,128.0,True,False,True,False,True,False,True,True,True,False,False,rejected_actionable_posthoc_not_promotion_source
b4d1b0e1cbe8d1a9c1f1d6e3,causal_seed_from_v28_forward_calibration,logs/edge_research/v28_forward_calibration_latest.csv,230,rejected_actionable,edge_below_floor,rejected_actionable_from_posthoc_calibration_report,KXBTC15M-26MAY060245-45,2026-05-06T02:45:00Z,2026-05-06T02:37:14.867Z,market_close_minus_seconds_to_close,yes,side=yes,,missing_in_forward_calibration_seed,465.133,0.852976,0.852976,0.14702400000000004,85.29759999999999,14.702400000000004,1.0,1.0,0.021616056576000013,0.021616056576000013,0.15902386787690373,85_90,True,-0.20239,82.0,67.749911,0.21045198988135652,False,36.0,True,False,True,False,True,False,True,True,True,False,False,rejected_actionable_posthoc_not_promotion_source
a3cfc8d51b6ef5f98ae1137a,causal_seed_from_v28_forward_calibration,logs/edge_research/v28_forward_calibration_latest.csv,231,rejected_actionable,ask_too_high,rejected_actionable_from_posthoc_calibration_report,KXBTC15M-26MAY060245-45,2026-05-06T02:45:00Z,2026-05-06T02:40:31.562Z,market_close_minus_seconds_to_close,yes,side=yes,,missing_in_forward_calibration_seed,268.438,0.917704,0.917704,0.08229600000000004,91.7704,8.229600000000003,1.0,1.0,0.006772631616000006,0.006772631616000006,0.08588038044377463,90_95,True,-2.229639,91.0,51.885537,0.09120309013373068,False,18.0,True,False,True,False,True,False,True,True,True,False,False,rejected_actionable_posthoc_not_promotion_source
acfd9bbcec9d875f636ca1af,causal_seed_from_v28_forward_calibration,logs/edge_research/v28_forward_calibration_latest.csv,232,entry,approved_entry,approved_entry_from_posthoc_calibration_report,KXBTC15M-26MAY060300-00,2026-05-06T03:00:00Z,2026-05-06T02:48:57.417Z,market_close_minus_seconds_to_close,yes,side=yes,,missing_in_forward_calibration_seed,662.583,0.866164,0.866164,0.13383599999999996,86.6164,13.383599999999996,1.0,1.0,0.01791207489599999,0.01791207489599999,0.14368101190573893,85_90,True,2.116434,81.0,81.545408,0.28943265545756386,True,-14.0,True,False,True,False,False,False,True,True,True,False,False,posthoc_calibration_report_not_forward_registry
88a2d2a324883765086fa3db,causal_seed_from_v28_forward_calibration,logs/edge_research/v28_forward_calibration_latest.csv,233,entry,approved_entry,approved_entry_from_posthoc_calibration_report,KXBTC15M-26MAY060300-00,2026-05-06T03:00:00Z,2026-05-06T02:53:52.495Z,market_close_minus_seconds_to_close,yes,side=yes,,missing_in_forward_calibration_seed,367.505,0.86587,0.86587,0.13412999999999997,86.587,13.412999999999997,1.0,1.0,0.01799085689999999,0.01799085689999999,0.14402049716159837,85_90,True,2.08696,81.0,59.321777,0.15716255412753313,False,-30.0,True,False,True,False,False,False,True,True,True,False,False,posthoc_calibration_report_not_forward_registry
56d1e76b344cdae4d10b66cc,causal_seed_from_v28_forward_calibration,logs/edge_research/v28_forward_calibration_latest.csv,234,entry,approved_entry,approved_entry_from_posthoc_calibration_report,KXBTC15M-26MAY060300-00,2026-05-06T03:00:00Z,2026-05-06T02:55:28.484Z,market_close_minus_seconds_to_close,yes,side=yes,,missing_in_forward_calibration_seed,271.516,0.906682,0.906682,0.09331800000000001,90.6682,9.331800000000001,1.0,1.0,0.008708249124000002,0.008708249124000002,0.09796349673850015,90_95,True,7.168219,80.0,50.670748,0.09600737655651764,False,-22.0,True,False,True,False,False,False,True,True,True,False,False,posthoc_calibration_report_not_forward_registry
10f608ebe21597f12073c4a4,causal_seed_from_v28_forward_calibration,logs/edge_research/v28_forward_calibration_latest.csv,235,entry,approved_entry,approved_entry_from_posthoc_calibration_report,KXBTC15M-26MAY060300-00,2026-05-06T03:00:00Z,2026-05-06T02:56:35.227Z,market_close_minus_seconds_to_close,yes,side=yes,,missing_in_forward_calibration_seed,204.773,0.855141,0.855141,0.14485899999999996,85.5141,14.485899999999996,1.0,1.0,0.02098412988099999,0.02098412988099999,0.1564889113612104,85_90,True,2.014147,80.0,43.956797,0.09007340966375871,False,28.0,True,False,True,False,False,False,True,True,True,False,False,posthoc_calibration_report_not_forward_registry
0fc18adfe2c9339818389377,causal_seed_from_v28_forward_calibration,logs/edge_research/v28_forward_calibration_latest.csv,236,rejected_actionable,p_below_floor,rejected_actionable_from_posthoc_calibration_report,KXBTC15M-26MAY060300-00,2026-05-06T03:00:00Z,2026-05-06T02:45:30.607Z,market_close_minus_seconds_to_close,no,side=no,,missing_in_forward_calibration_seed,869.393,0.338859,0.661141,0.338859,66.1141,33.8859,0.0,1.0,0.11482542188100002,0.11482542188100002,0.4137881487165925,00_50,True,-7.114123,37.0,93.786516,0.6202945450205513,True,-74.0,True,False,True,False,True,False,True,True,True,False,False,rejected_actionable_posthoc_not_promotion_source
6d34982ffba679dbe289e6e3,causal_seed_from_v28_forward_calibration,logs/edge_research/v28_forward_calibration_latest.csv,237,rejected_actionable,p_below_floor,rejected_actionable_from_posthoc_calibration_report,KXBTC15M-26MAY060300-00,2026-05-06T03:00:00Z,2026-05-06T02:45:30.607Z,market_close_minus_seconds_to_close,yes,side=yes,,missing_in_forward_calibration_seed,869.393,0.661141,0.661141,0.338859,66.1141,33.8859,1.0,1.0,0.11482542188100002,0.11482542188100002,0.4137881487165925,60_70,True,-1.885877,64.0,93.786516,0.6202945450205513,True,72.0,True,False,True,False,True,False,True,True,True,False,False,rejected_actionable_posthoc_not_promotion_source
b4c846a1593e9e0480d15252,causal_seed_from_v28_forward_calibration,logs/edge_research/v28_forward_calibration_latest.csv,238,rejected_actionable,edge_below_floor,rejected_actionable_from_posthoc_calibration_report,KXBTC15M-26MAY060300-00,2026-05-06T03:00:00Z,2026-05-06T02:48:57.330Z,market_close_minus_seconds_to_close,yes,side=yes,,missing_in_forward_calibration_seed,662.67,0.8538,0.8538,0.1462,85.38,14.62,1.0,1.0,0.021374439999999998,0.021374439999999998,0.15805830465827536,85_90,True,1.880015,80.0,81.547268,0.30215831542410543,True,40.0,True,False,True,False,True,False,True,True,True,False,False,rejected_actionable_posthoc_not_promotion_source
82606d171c30387122b4a4b7,causal_seed_from_v28_forward_calibration,logs/edge_research/v28_forward_calibration_latest.csv,239,rejected_actionable,ask_too_high,rejected_actionable_from_posthoc_calibration_report,KXBTC15M-26MAY060300-00,2026-05-06T03:00:00Z,2026-05-06T02:57:18.613Z,market_close_minus_seconds_to_close,yes,side=yes,,missing_in_forward_calibration_seed,161.387,0.931557,0.931557,0.06844300000000003,93.1557,6.844300000000003,1.0,1.0,0.004684444249000004,0.004684444249000004,0.07089789918621613,90_95,True,-4.344284,95.0,38.910991,0.04878535038276496,False,10.0,True,False,True,False,True,False,True,True,True,False,False,rejected_actionable_posthoc_not_promotion_source
0c819ffdec36ba7baffcab90,causal_seed_from_v28_forward_calibration,logs/edge_research/v28_forward_calibration_latest.csv,240,entry,approved_entry,approved_entry_from_posthoc_calibration_report,KXBTC15M-26MAY060315-15,2026-05-06T03:15:00Z,2026-05-06T03:09:07.539Z,market_close_minus_seconds_to_close,yes,side=yes,,missing_in_forward_calibration_seed,352.461,0.910009,0.910009,0.08999100000000004,91.0009,8.999100000000004,1.0,1.0,0.008098380081000008,0.008098380081000008,0.09430078941025807,90_95,True,2.000939,86.0,58.82295,0.12454022861601939,False,26.0,True,False,True,False,False,False,True,True,True,False,False,posthoc_calibration_report_not_forward_registry
de028eeb12ca76958711ff70,causal_seed_from_v28_forward_calibration,logs/edge_research/v28_forward_calibration_latest.csv,241,rejected_actionable,p_below_floor,rejected_actionable_from_posthoc_calibration_report,KXBTC15M-26MAY060315-15,2026-05-06T03:15:00Z,2026-05-06T03:00:15.275Z,market_close_minus_seconds_to_close,no,side=no,,missing_in_forward_calibration_seed,884.725,0.487635,0.512365,0.48763500000000004,51.23649999999999,48.76350000000001,0.0,1.0,0.237787893225,0.23778789322500005,0.6687180173034487,00_50,True,-6.236496,51.0,90.415896,0.8579434902231481,True,-102.0,True,False,True,False,True,False,True,True,True,False,False,rejected_actionable_posthoc_not_promotion_source
3a24f3ab59d3e048b1a316e4,causal_seed_from_v28_forward_calibration,logs/edge_research/v28_forward_calibration_latest.csv,242,rejected_actionable,p_below_floor,rejected_actionable_from_posthoc_calibration_report,KXBTC15M-26MAY060315-15,2026-05-06T03:15:00Z,2026-05-06T03:00:15.275Z,market_close_minus_seconds_to_close,yes,side=yes,,missing_in_forward_calibration_seed,884.725,0.512365,0.512365,0.48763500000000004,51.23649999999999,48.76350000000001,1.0,1.0,0.23778789322500005,0.23778789322500005,0.6687180173034487,50_60,True,-2.763504,50.0,90.415896,0.8579434902231481,True,100.0,True,False,True,False,True,False,True,True,True,False,False,rejected_actionable_posthoc_not_promotion_source
2a3d42396f3de482f385f986,causal_seed_from_v28_forward_calibration,logs/edge_research/v28_forward_calibration_latest.csv,243,rejected_actionable,edge_below_floor,rejected_actionable_from_posthoc_calibration_report,KXBTC15M-26MAY060315-15,2026-05-06T03:15:00Z,2026-05-06T03:08:58.724Z,market_close_minus_seconds_to_close,yes,side=yes,,missing_in_forward_calibration_seed,361.276,0.854395,0.854395,0.14560499999999998,85.4395,14.560499999999998,1.0,1.0,0.021200816024999996,0.021200816024999996,0.1573616628532551,85_90,True,0.939489,81.0,59.496061,0.16313611677854487,False,38.0,True,False,True,False,True,False,True,True,True,False,False,rejected_actionable_posthoc_not_promotion_source
5c8d204fc9efa29b8b9b6215,causal_seed_from_v28_forward_calibration,logs/edge_research/v28_forward_calibration_latest.csv,244,rejected_actionable,ask_too_high,rejected_actionable_from_posthoc_calibration_report,KXBTC15M-26MAY060315-15,2026-05-06T03:15:00Z,2026-05-06T03:11:07.567Z,market_close_minus_seconds_to_close,yes,side=yes,,missing_in_forward_calibration_seed,232.433,0.936967,0.936967,0.063033,93.69669999999999,6.3033,1.0,1.0,0.0039731590890000005,0.0039731590890000005,0.0651072161472619,90_95,True,-1.303338,92.0,46.702108,0.06793633522292644,False,16.0,True,False,True,False,True,False,True,True,True,False,False,rejected_actionable_posthoc_not_promotion_source
8a78753b6d026dc4b7ed0a05,causal_seed_from_v28_forward_calibration,logs/edge_research/v28_forward_calibration_latest.csv,245,entry,approved_entry,approved_entry_from_posthoc_calibration_report,KXBTC15M-26MAY060330-30,2026-05-06T03:30:00Z,2026-05-06T03:27:36.114Z,market_close_minus_seconds_to_close,no,side=no,,missing_in_forward_calibration_seed,143.886,0.999788,0.00021199999999998997,0.999788,0.021199999999998997,99.9788,0.0,1.0,0.999576044944,0.999576044944,8.458924283292308,95_100,True,87.978808,9.0,37.998147,0.002807203427908955,False,-18.0,True,False,True,False,False,False,True,True,True,False,False,posthoc_calibration_report_not_forward_registry
50a0b99c99d7b4d48c59eed2,causal_seed_from_v28_forward_calibration,logs/edge_research/v28_forward_calibration_latest.csv,246,entry,approved_entry,approved_entry_from_posthoc_calibration_report,KXBTC15M-26MAY060330-30,2026-05-06T03:30:00Z,2026-05-06T03:23:07.901Z,market_close_minus_seconds_to_close,yes,side=yes,,missing_in_forward_calibration_seed,412.099,0.908265,0.908265,0.09173500000000001,90.8265,9.1735,1.0,1.0,0.008415310225000002,0.008415310225000002,0.09621909274057054,90_95,True,8.32655,79.0,63.974662,0.14812412666257624,False,-52.0,True,False,True,False,False,False,True,True,True,False,False,posthoc_calibration_report_not_forward_registry
e6dcdaa253fe01eb83363703,causal_seed_from_v28_forward_calibration,logs/edge_research/v28_forward_calibration_latest.csv,247,rejected_actionable,p_below_floor,rejected_actionable_from_posthoc_calibration_report,KXBTC15M-26MAY060330-30,2026-05-06T03:30:00Z,2026-05-06T03:15:15.854Z,market_close_minus_seconds_to_close,no,side=no,,missing_in_forward_calibration_seed,884.146,0.63088,0.36912,0.63088,36.912,63.088,0.0,1.0,0.3980095744,0.3980095744,0.9966334845566935,60_70,True,2.087981,57.0,92.697014,0.6892796561237851,True,-114.0,True,False,True,False,True,False,True,True,True,False,False,rejected_actionable_posthoc_not_promotion_source
28e2982fb25cf80d84bfe836,causal_seed_from_v28_forward_calibration,logs/edge_research/v28_forward_calibration_latest.csv,248,rejected_actionable,p_below_floor,rejected_actionable_from_posthoc_calibration_report,KXBTC15M-26MAY060330-30,2026-05-06T03:30:00Z,2026-05-06T03:15:15.854Z,market_close_minus_seconds_to_close,yes,side=yes,,missing_in_forward_calibration_seed,884.146,0.36912,0.36912,0.63088,36.912,63.088,1.0,1.0,0.3980095744,0.3980095744,0.9966334845566935,00_50,True,-11.087981,44.0,92.697014,0.6892796561237851,True,112.0,True,False,True,False,True,False,True,True,True,False,False,rejected_actionable_posthoc_not_promotion_source
78925ca417be717d241b119a,causal_seed_from_v28_forward_calibration,logs/edge_research/v28_forward_calibration_latest.csv,249,rejected_actionable,edge_below_floor,rejected_actionable_from_posthoc_calibration_report,KXBTC15M-26MAY060330-30,2026-05-06T03:30:00Z,2026-05-06T03:22:44.508Z,market_close_minus_seconds_to_close,yes,side=yes,,missing_in_forward_calibration_seed,435.492,0.859785,0.859785,0.14021499999999998,85.9785,14.021499999999998,1.0,1.0,0.019660246224999994,0.019660246224999994,0.1510729209897929,85_90,True,0.478465,82.0,64.410576,0.18890150993490956,False,36.0,True,False,True,False,True,False,True,True,True,False,False,rejected_actionable_posthoc_not_promotion_source
f304910eaae2271fc77e2cc2,causal_seed_from_v28_forward_calibration,logs/edge_research/v28_forward_calibration_latest.csv,250,rejected_actionable,ask_too_high,rejected_actionable_from_posthoc_calibration_report,KXBTC15M-26MAY060330-30,2026-05-06T03:30:00Z,2026-05-06T03:27:36.109Z,market_close_minus_seconds_to_close,yes,side=yes,,missing_in_forward_calibration_seed,143.891,0.90662,0.90662,0.09338000000000002,90.66199999999999,9.338000000000001,1.0,1.0,0.008719824400000003,0.008719824400000003,0.09803188027309524,90_95,True,-4.338025,92.0,38.088583,0.05249307856333413,False,16.0,True,False,True,False,True,False,True,True,True,False,False,rejected_actionable_posthoc_not_promotion_source
05eb7ecc3481bde3a0f51944,causal_seed_from_v28_forward_calibration,logs/edge_research/v28_forward_calibration_latest.csv,251,entry,approved_entry,approved_entry_from_posthoc_calibration_report,KXBTC15M-26MAY060345-45,2026-05-06T03:45:00Z,2026-05-06T03:33:39.940Z,market_close_minus_seconds_to_close,no,side=no,,missing_in_forward_calibration_seed,680.06,0.893931,0.10606899999999997,0.893931,10.606899999999996,89.3931,1.0,0.0,0.011250632760999994,0.011250632760999994,0.11212668799529926,85_90,True,7.893144,78.0,87.473403,0.2784612767640184,True,34.0,True,False,True,False,False,False,True,True,True,False,False,posthoc_calibration_report_not_forward_registry
daa8dde4427688b59362d180,causal_seed_from_v28_forward_calibration,logs/edge_research/v28_forward_calibration_latest.csv,252,rejected_actionable,p_below_floor,rejected_actionable_from_posthoc_calibration_report,KXBTC15M-26MAY060345-45,2026-05-06T03:45:00Z,2026-05-06T03:30:31.158Z,market_close_minus_seconds_to_close,no,side=no,,missing_in_forward_calibration_seed,868.842,0.484895,0.5151049999999999,0.4848950000000001,51.51049999999999,48.48950000000001,1.0,0.0,0.26533316102499993,0.26533316102499993,0.7238229063284065,00_50,True,-18.510544,63.0,98.891847,0.9112189011273799,True,74.0,True,False,True,False,True,False,True,True,True,False,False,rejected_actionable_posthoc_not_promotion_source
c1b64020a34d1ee218330caa,causal_seed_from_v28_forward_calibration,logs/edge_research/v28_forward_calibration_latest.csv,253,rejected_actionable,ask_too_high,rejected_actionable_from_posthoc_calibration_report,KXBTC15M-26MAY060345-45,2026-05-06T03:45:00Z,2026-05-06T03:38:52.585Z,market_close_minus_seconds_to_close,no,side=no,,missing_in_forward_calibration_seed,367.415,0.951682,0.04831799999999997,0.951682,4.831799999999998,95.1682,1.0,0.0,0.0023346291239999973,0.0023346291239999973,0.04952433360587131,95_100,True,-2.331848,95.0,62.879378,0.0993267546450175,False,10.0,True,False,True,False,True,False,True,True,True,False,False,rejected_actionable_posthoc_not_promotion_source
67da79e3ee837328aa29ac94,causal_seed_from_v28_forward_calibration,logs/edge_research/v28_forward_calibration_latest.csv,254,rejected_actionable,p_below_floor,rejected_actionable_from_posthoc_calibration_report,KXBTC15M-26MAY060345-45,2026-05-06T03:45:00Z,2026-05-06T03:30:31.158Z,market_close_minus_seconds_to_close,yes,side=yes,,missing_in_forward_calibration_seed,868.842,0.515105,0.515105,0.48489499999999996,51.5105,48.4895,0.0,0.0,0.26533316102500004,0.26533316102500004,0.7238229063284067,50_60,True,9.510544,38.0,98.891847,0.9112189011273799,True,-76.0,True,False,True,False,True,False,True,True,True,False,False,rejected_actionable_posthoc_not_promotion_source
1f8bcc7b136ca945b5f545dd,causal_seed_from_v28_forward_calibration,logs/edge_research/v28_forward_calibration_latest.csv,255,rejected_actionable,p_below_floor,rejected_actionable_from_posthoc_calibration_report,KXBTC15M-26MAY060400-00,2026-05-06T04:00:00Z,2026-05-06T03:46:24.425Z,market_close_minus_seconds_to_close,no,side=no,,missing_in_forward_calibration_seed,815.575,0.46096,0.53904,0.46096000000000004,53.903999999999996,46.096000000000004,1.0,0.0,0.29056412159999995,0.29056412159999995,0.7744440076459186,00_50,True,5.095961,37.0,98.657975,0.8947492172911345,True,126.0,True,False,True,False,True,False,True,True,True,False,False,rejected_actionable_posthoc_not_promotion_source
4da09925cd1214981c5c4bfc,causal_seed_from_v28_forward_calibration,logs/edge_research/v28_forward_calibration_latest.csv,256,rejected_actionable,ask_too_high,rejected_actionable_from_posthoc_calibration_report,KXBTC15M-26MAY060400-00,2026-05-06T04:00:00Z,2026-05-06T03:55:37.222Z,market_close_minus_seconds_to_close,no,side=no,,missing_in_forward_calibration_seed,262.778,0.978232,0.02176800000000001,0.978232,2.176800000000001,97.8232,1.0,0.0,0.0004738458240000004,0.0004738458240000004,0.02200841826534777,95_100,True,-1.676827,97.0,57.980537,0.05276578035271541,False,6.0,True,False,True,False,True,False,True,True,True,False,False,rejected_actionable_posthoc_not_promotion_source
f1708de89e8985a2adce7fe8,causal_seed_from_v28_forward_calibration,logs/edge_research/v28_forward_calibration_latest.csv,257,rejected_actionable,p_below_floor,rejected_actionable_from_posthoc_calibration_report,KXBTC15M-26MAY060400-00,2026-05-06T04:00:00Z,2026-05-06T03:46:24.425Z,market_close_minus_seconds_to_close,yes,side=yes,,missing_in_forward_calibration_seed,815.575,0.53904,0.53904,0.46096000000000004,53.903999999999996,46.096000000000004,0.0,0.0,0.29056412159999995,0.29056412159999995,0.7744440076459186,50_60,True,-14.095961,64.0,98.657975,0.8947492172911345,True,-128.0,True,False,True,False,True,False,True,True,True,False,False,rejected_actionable_posthoc_not_promotion_source
b98cb4193178df01d9c84a36,causal_seed_from_v28_forward_calibration,logs/edge_research/v28_forward_calibration_latest.csv,258,rejected_actionable,p_below_floor,rejected_actionable_from_posthoc_calibration_report,KXBTC15M-26MAY060415-15,2026-05-06T04:15:00Z,2026-05-06T04:01:15.097Z,market_close_minus_seconds_to_close,no,side=no,,missing_in_forward_calibration_seed,824.903,0.506257,0.49374300000000004,0.506257,49.374300000000005,50.625699999999995,0.0,1.0,0.25629615004899997,0.25629615004899997,0.7057401400824929,50_60,True,-14.374271,61.0,100.813673,0.9196448882012608,True,-122.0,True,False,True,False,True,False,True,True,True,False,False,rejected_actionable_posthoc_not_promotion_source
8545f04a724ea5254083795e,causal_seed_from_v28_forward_calibration,logs/edge_research/v28_forward_calibration_latest.csv,259,rejected_actionable,p_below_floor,rejected_actionable_from_posthoc_calibration_report,KXBTC15M-26MAY060415-15,2026-05-06T04:15:00Z,2026-05-06T04:01:15.097Z,market_close_minus_seconds_to_close,yes,side=yes,,missing_in_forward_calibration_seed,824.903,0.493743,0.493743,0.506257,49.3743,50.625699999999995,1.0,1.0,0.25629615004899997,0.25629615004899997,0.705740140082493,00_50,True,5.374271,40.0,100.813673,0.9196448882012608,True,120.0,True,False,True,False,True,False,True,True,True,False,False,rejected_actionable_posthoc_not_promotion_source
178ebf0dfd8a600994928f59,causal_seed_from_v28_forward_calibration,logs/edge_research/v28_forward_calibration_latest.csv,260,rejected_actionable,edge_below_floor,rejected_actionable_from_posthoc_calibration_report,KXBTC15M-26MAY060415-15,2026-05-06T04:15:00Z,2026-05-06T04:03:18.135Z,market_close_minus_seconds_to_close,yes,side=yes,,missing_in_forward_calibration_seed,701.865,0.916604,0.916604,0.08339600000000003,91.6604,8.339600000000003,1.0,1.0,0.006954892816000004,0.006954892816000004,0.08707974296289332,90_95,True,1.66036,87.0,93.646505,0.27256206745314365,True,26.0,True,False,True,False,True,False,True,True,True,False,False,rejected_actionable_posthoc_not_promotion_source
5fa97bc5396e00884a308880,causal_seed_from_v28_forward_calibration,logs/edge_research/v28_forward_calibration_latest.csv,261,rejected_actionable,ask_too_high,rejected_actionable_from_posthoc_calibration_report,KXBTC15M-26MAY060415-15,2026-05-06T04:15:00Z,2026-05-06T04:03:43.603Z,market_close_minus_seconds_to_close,yes,side=yes,,missing_in_forward_calibration_seed,676.397,0.970418,0.970418,0.029581999999999997,97.0418,2.9581999999999997,1.0,1.0,0.0008750947239999998,0.0008750947239999998,0.030028372472390864,95_100,True,2.04182,92.0,91.982741,0.15772574976080006,False,16.0,True,False,True,False,True,False,True,True,True,False,False,rejected_actionable_posthoc_not_promotion_source
40200399d63e39eb9b1febd8,causal_seed_from_v28_forward_calibration,logs/edge_research/v28_forward_calibration_latest.csv,262,rejected_actionable,p_below_floor,rejected_actionable_from_posthoc_calibration_report,KXBTC15M-26MAY060430-30,2026-05-06T04:30:00Z,2026-05-06T04:17:23.616Z,market_close_minus_seconds_to_close,no,side=no,,missing_in_forward_calibration_seed,756.384,0.621335,0.37866500000000003,0.621335,37.8665,62.1335,0.0,1.0,0.38605718222499996,0.38605718222499996,0.971103369787287,60_70,True,-9.866481,68.0,94.386304,0.6835674134526197,True,-136.0,True,False,True,False,True,False,True,True,True,False,False,rejected_actionable_posthoc_not_promotion_source
164dce34b2f1f074e9683ab8,causal_seed_from_v28_forward_calibration,logs/edge_research/v28_forward_calibration_latest.csv,263,rejected_actionable,p_below_floor,rejected_actionable_from_posthoc_calibration_report,KXBTC15M-26MAY060430-30,2026-05-06T04:30:00Z,2026-05-06T04:17:23.616Z,market_close_minus_seconds_to_close,yes,side=yes,,missing_in_forward_calibration_seed,756.384,0.378665,0.378665,0.621335,37.866499999999995,62.1335,1.0,1.0,0.38605718222499996,0.38605718222499996,0.9711033697872871,00_50,True,0.866481,33.0,94.386304,0.6835674134526197,True,134.0,True,False,True,False,True,False,True,True,True,False,False,rejected_actionable_posthoc_not_promotion_source
84a24feb3cefabed8f4f88d5,causal_seed_from_v28_forward_calibration,logs/edge_research/v28_forward_calibration_latest.csv,264,entry,approved_entry,approved_entry_from_posthoc_calibration_report,KXBTC15M-26MAY060445-45,2026-05-06T04:45:00Z,2026-05-06T04:33:40.108Z,market_close_minus_seconds_to_close,yes,side=yes,,missing_in_forward_calibration_seed,679.892,0.951245,0.951245,0.04875499999999999,95.1245,4.875499999999999,1.0,1.0,0.0023770500249999994,0.0023770500249999994,0.04998362606184266,95_100,True,2.124484,90.0,84.84819,0.18476769845807034,False,18.0,True,False,True,False,False,False,True,True,True,False,False,posthoc_calibration_report_not_forward_registry
6313476109df64401d168e1c,causal_seed_from_v28_forward_calibration,logs/edge_research/v28_forward_calibration_latest.csv,265,rejected_actionable,p_below_floor,rejected_actionable_from_posthoc_calibration_report,KXBTC15M-26MAY060445-45,2026-05-06T04:45:00Z,2026-05-06T04:30:35.284Z,market_close_minus_seconds_to_close,no,side=no,,missing_in_forward_calibration_seed,864.716,0.636374,0.363626,0.636374,36.3626,63.6374,0.0,1.0,0.404971867876,0.404971867876,1.0116294120846125,60_70,True,14.637394,45.0,93.855224,0.6665690270808117,True,-90.0,True,False,True,False,True,False,True,True,True,False,False,rejected_actionable_posthoc_not_promotion_source
ca2963bd5b9a3a0c710a7884,causal_seed_from_v28_forward_calibration,logs/edge_research/v28_forward_calibration_latest.csv,266,rejected_actionable,p_below_floor,rejected_actionable_from_posthoc_calibration_report,KXBTC15M-26MAY060445-45,2026-05-06T04:45:00Z,2026-05-06T04:30:35.284Z,market_close_minus_seconds_to_close,yes,side=yes,,missing_in_forward_calibration_seed,864.716,0.363626,0.363626,0.636374,36.3626,63.6374,1.0,1.0,0.404971867876,0.404971867876,1.0116294120846125,00_50,True,-25.637394,58.0,93.855224,0.6665690270808117,True,84.0,True,False,True,False,True,False,True,True,True,False,False,rejected_actionable_posthoc_not_promotion_source
8b98dca72b81130b417f5fe2,causal_seed_from_v28_forward_calibration,logs/edge_research/v28_forward_calibration_latest.csv,267,rejected_actionable,edge_below_floor,rejected_actionable_from_posthoc_calibration_report,KXBTC15M-26MAY060445-45,2026-05-06T04:45:00Z,2026-05-06T04:32:49.849Z,market_close_minus_seconds_to_close,yes,side=yes,,missing_in_forward_calibration_seed,730.151,0.889602,0.889602,0.110398,88.9602,11.0398,1.0,1.0,0.012187718403999999,0.012187718403999999,0.11698110728690747,85_90,True,-1.039794,87.0,86.345949,0.2849718154254748,True,26.0,True,False,True,False,True,False,True,True,True,False,False,rejected_actionable_posthoc_not_promotion_source
b11153b2305c7c51028ecfe9,causal_seed_from_v28_forward_calibration,logs/edge_research/v28_forward_calibration_latest.csv,268,rejected_actionable,ask_too_high,rejected_actionable_from_posthoc_calibration_report,KXBTC15M-26MAY060445-45,2026-05-06T04:45:00Z,2026-05-06T04:36:03.864Z,market_close_minus_seconds_to_close,yes,side=yes,,missing_in_forward_calibration_seed,536.136,0.982417,0.982417,0.017583000000000015,98.2417,1.7583000000000015,1.0,1.0,0.00030916188900000053,0.00030916188900000053,0.01773941717872064,95_100,True,-1.258273,97.0,82.265952,0.09438705717703198,False,6.0,True,False,True,False,True,False,True,True,True,False,False,rejected_actionable_posthoc_not_promotion_source
abc6dc0713fe1ef404b50b9b,causal_seed_from_v28_forward_calibration,logs/edge_research/v28_forward_calibration_latest.csv,269,entry,approved_entry,approved_entry_from_posthoc_calibration_report,KXBTC15M-26MAY060500-00,2026-05-06T05:00:00Z,2026-05-06T04:50:25.676Z,market_close_minus_seconds_to_close,yes,side=yes,,missing_in_forward_calibration_seed,574.324,0.904525,0.904525,0.09547499999999998,90.4525,9.547499999999998,1.0,1.0,0.009115475624999996,0.009115475624999996,0.10034533494887496,90_95,True,7.952498,79.0,82.772638,0.22428736467274224,False,42.0,True,False,True,False,False,False,True,True,True,False,False,posthoc_calibration_report_not_forward_registry
5f1d00bb166ba3a913523913,causal_seed_from_v28_forward_calibration,logs/edge_research/v28_forward_calibration_latest.csv,270,rejected_actionable,p_below_floor,rejected_actionable_from_posthoc_calibration_report,KXBTC15M-26MAY060500-00,2026-05-06T05:00:00Z,2026-05-06T04:46:56.746Z,market_close_minus_seconds_to_close,no,side=no,,missing_in_forward_calibration_seed,783.254,0.674136,0.32586400000000004,0.674136,32.586400000000005,67.4136,0.0,1.0,0.45445934649599995,0.45445934649599995,1.1212751625724549,60_70,True,2.413631,61.0,97.031391,0.6203177051235377,True,-122.0,True,False,True,False,True,False,True,True,True,False,False,rejected_actionable_posthoc_not_promotion_source
9a584f12d5066a3cf4ca1a4e,causal_seed_from_v28_forward_calibration,logs/edge_research/v28_forward_calibration_latest.csv,271,rejected_actionable,p_below_floor,rejected_actionable_from_posthoc_calibration_report,KXBTC15M-26MAY060500-00,2026-05-06T05:00:00Z,2026-05-06T04:46:56.746Z,market_close_minus_seconds_to_close,yes,side=yes,,missing_in_forward_calibration_seed,783.254,0.325864,0.325864,0.6741360000000001,32.5864,67.4136,1.0,1.0,0.4544593464960001,0.4544593464960001,1.121275162572455,00_50,True,-12.413631,41.0,97.031391,0.6203177051235377,True,118.0,True,False,True,False,True,False,True,True,True,False,False,rejected_actionable_posthoc_not_promotion_source
78b462cd8350ba3de39ac526,causal_seed_from_v28_forward_calibration,logs/edge_research/v28_forward_calibration_latest.csv,272,rejected_actionable,ask_too_high,rejected_actionable_from_posthoc_calibration_report,KXBTC15M-26MAY060500-00,2026-05-06T05:00:00Z,2026-05-06T04:52:26.110Z,market_close_minus_seconds_to_close,yes,side=yes,,missing_in_forward_calibration_seed,453.89,0.962965,0.962965,0.03703500000000004,96.2965,3.703500000000004,1.0,1.0,0.001371591225000003,0.001371591225000003,0.037738212600469105,95_100,True,1.296524,92.0,80.404914,0.12116005547441473,False,16.0,True,False,True,False,True,False,True,True,True,False,False,rejected_actionable_posthoc_not_promotion_source
5a1d11dd0c3a8f158be47b15,causal_seed_from_v28_forward_calibration,logs/edge_research/v28_forward_calibration_latest.csv,273,entry,approved_entry,approved_entry_from_posthoc_calibration_report,KXBTC15M-26MAY060515-15,2026-05-06T05:15:00Z,2026-05-06T05:02:01.768Z,market_close_minus_seconds_to_close,no,side=no,,missing_in_forward_calibration_seed,778.232,0.882737,0.117263,0.882737,11.7263,88.2737,1.0,0.0,0.013750611169000001,0.013750611169000001,0.12472797098839576,85_90,True,5.773652,79.0,112.071162,0.3950550396110429,True,-26.0,True,False,True,False,False,False,True,True,True,False,False,posthoc_calibration_report_not_forward_registry
147c122ee82aa1d4c61236bb,causal_seed_from_v28_forward_calibration,logs/edge_research/v28_forward_calibration_latest.csv,274,entry,approved_entry,approved_entry_from_posthoc_calibration_report,KXBTC15M-26MAY060515-15,2026-05-06T05:15:00Z,2026-05-06T05:10:54.865Z,market_close_minus_seconds_to_close,no,side=no,,missing_in_forward_calibration_seed,245.135,0.88418,0.11582000000000003,0.88418,11.582000000000004,88.41799999999999,1.0,0.0,0.013414272400000008,0.013414272400000008,0.1230946171627115,85_90,True,10.918048,74.0,62.293651,0.12327156428832237,False,42.0,True,False,True,False,False,False,True,True,True,False,False,posthoc_calibration_report_not_forward_registry
84364987df6c20a4d6b1ecc8,causal_seed_from_v28_forward_calibration,logs/edge_research/v28_forward_calibration_latest.csv,275,rejected_actionable,p_below_floor,rejected_actionable_from_posthoc_calibration_report,KXBTC15M-26MAY060515-15,2026-05-06T05:15:00Z,2026-05-06T05:01:14.881Z,market_close_minus_seconds_to_close,no,side=no,,missing_in_forward_calibration_seed,825.119,0.467488,0.532512,0.467488,53.2512,46.7488,1.0,0.0,0.283569030144,0.283569030144,0.7603815990320335,00_50,True,-17.251221,60.0,115.335895,0.9586252411430818,True,80.0,True,False,True,False,True,False,True,True,True,False,False,rejected_actionable_posthoc_not_promotion_source
2cf6c56b92e7ae2134e1fb1d,causal_seed_from_v28_forward_calibration,logs/edge_research/v28_forward_calibration_latest.csv,276,rejected_actionable,ask_too_high,rejected_actionable_from_posthoc_calibration_report,KXBTC15M-26MAY060515-15,2026-05-06T05:15:00Z,2026-05-06T05:13:12.464Z,market_close_minus_seconds_to_close,no,side=no,,missing_in_forward_calibration_seed,107.536,0.765523,0.23447700000000005,0.765523,23.447700000000005,76.5523,1.0,0.0,0.054979463529000024,0.054979463529000024,0.2671960186140118,70_80,True,-20.947731,95.0,40.912775,0.07711755225854418,False,10.0,True,False,True,False,True,False,True,True,True,False,False,rejected_actionable_posthoc_not_promotion_source
ef6f797ddc1d092e7fd0eb57,causal_seed_from_v28_forward_calibration,logs/edge_research/v28_forward_calibration_latest.csv,277,rejected_actionable,p_below_floor,rejected_actionable_from_posthoc_calibration_report,KXBTC15M-26MAY060515-15,2026-05-06T05:15:00Z,2026-05-06T05:01:14.881Z,market_close_minus_seconds_to_close,yes,side=yes,,missing_in_forward_calibration_seed,825.119,0.532512,0.532512,0.467488,53.2512,46.7488,0.0,0.0,0.283569030144,0.283569030144,0.7603815990320335,50_60,True,8.251221,41.0,115.335895,0.9586252411430818,True,-82.0,True,False,True,False,True,False,True,True,True,False,False,rejected_actionable_posthoc_not_promotion_source
b1e7ad060dec3c1b14868ab0,causal_seed_from_v28_forward_calibration,logs/edge_research/v28_forward_calibration_latest.csv,278,entry,approved_entry,approved_entry_from_posthoc_calibration_report,KXBTC15M-26MAY060530-30,2026-05-06T05:30:00Z,2026-05-06T05:21:23.551Z,market_close_minus_seconds_to_close,no,side=no,,missing_in_forward_calibration_seed,516.449,0.878245,0.12175499999999995,0.878245,12.175499999999994,87.8245,1.0,0.0,0.014824280024999987,0.014824280024999987,0.12982968099217315,85_90,True,6.324454,78.0,88.575995,0.2532924795100611,True,34.0,True,False,True,False,False,False,True,True,True,False,False,posthoc_calibration_report_not_forward_registry
afd55b881363701201c51c22,causal_seed_from_v28_forward_calibration,logs/edge_research/v28_forward_calibration_latest.csv,279,rejected_actionable,p_below_floor,rejected_actionable_from_posthoc_calibration_report,KXBTC15M-26MAY060530-30,2026-05-06T05:30:00Z,2026-05-06T05:16:10.984Z,market_close_minus_seconds_to_close,no,side=no,,missing_in_forward_calibration_seed,829.016,0.411111,0.588889,0.411111,58.8889,41.1111,1.0,0.0,0.34679025432099997,0.34679025432099997,0.8888920279563474,00_50,True,-9.888895,47.0,112.883439,0.8847146928303968,True,106.0,True,False,True,False,True,False,True,True,True,False,False,rejected_actionable_posthoc_not_promotion_source
0912b27a07d6902b6a6ed907,causal_seed_from_v28_forward_calibration,logs/edge_research/v28_forward_calibration_latest.csv,280,rejected_actionable,ask_too_high,rejected_actionable_from_posthoc_calibration_report,KXBTC15M-26MAY060530-30,2026-05-06T05:30:00Z,2026-05-06T05:22:52.778Z,market_close_minus_seconds_to_close,no,side=no,,missing_in_forward_calibration_seed,427.222,0.899954,0.10004599999999997,0.899954,10.004599999999996,89.9954,1.0,0.0,0.010009202115999994,0.010009202115999994,0.10541162807515472,85_90,True,-8.504571,96.0,80.689084,0.19075347799529113,False,8.0,True,False,True,False,True,False,True,True,True,False,False,rejected_actionable_posthoc_not_promotion_source
6463bb875ae58018696a0b65,causal_seed_from_v28_forward_calibration,logs/edge_research/v28_forward_calibration_latest.csv,281,rejected_actionable,p_below_floor,rejected_actionable_from_posthoc_calibration_report,KXBTC15M-26MAY060530-30,2026-05-06T05:30:00Z,2026-05-06T05:16:10.984Z,market_close_minus_seconds_to_close,yes,side=yes,,missing_in_forward_calibration_seed,829.016,0.588889,0.588889,0.411111,58.8889,41.1111,0.0,0.0,0.34679025432099997,0.34679025432099997,0.8888920279563474,50_60,True,0.888895,54.0,112.883439,0.8847146928303968,True,-108.0,True,False,True,False,True,False,True,True,True,False,False,rejected_actionable_posthoc_not_promotion_source
e162a409fa31ea404e6b15d2,causal_seed_from_v28_forward_calibration,logs/edge_research/v28_forward_calibration_latest.csv,282,entry,approved_entry,approved_entry_from_posthoc_calibration_report,KXBTC15M-26MAY060545-45,2026-05-06T05:45:00Z,2026-05-06T05:32:15.164Z,market_close_minus_seconds_to_close,yes,side=yes,,missing_in_forward_calibration_seed,764.836,0.960233,0.960233,0.039767,96.0233,3.9766999999999997,1.0,1.0,0.0015814142889999997,0.0015814142889999997,0.040579315635824426,95_100,True,3.023343,90.0,96.698956,0.2004492371382108,False,20.0,True,False,True,False,False,False,True,True,True,False,False,posthoc_calibration_report_not_forward_registry
bb3899beb705ea102d4df254,causal_seed_from_v28_forward_calibration,logs/edge_research/v28_forward_calibration_latest.csv,283,rejected_actionable,p_below_floor,rejected_actionable_from_posthoc_calibration_report,KXBTC15M-26MAY060545-45,2026-05-06T05:45:00Z,2026-05-06T05:31:32.440Z,market_close_minus_seconds_to_close,no,side=no,,missing_in_forward_calibration_seed,807.56,0.626642,0.37335799999999997,0.626642,37.3358,62.6642,0.0,1.0,0.392680196164,0.392680196164,0.9852175341151559,60_70,True,14.664224,44.0,100.518741,0.6890532658346525,True,-88.0,True,False,True,False,True,False,True,True,True,False,False,rejected_actionable_posthoc_not_promotion_source
501f16c363a88128b0e9a62c,causal_seed_from_v28_forward_calibration,logs/edge_research/v28_forward_calibration_latest.csv,284,rejected_actionable,p_below_floor,rejected_actionable_from_posthoc_calibration_report,KXBTC15M-26MAY060545-45,2026-05-06T05:45:00Z,2026-05-06T05:31:32.440Z,market_close_minus_seconds_to_close,yes,side=yes,,missing_in_forward_calibration_seed,807.56,0.373358,0.373358,0.6266419999999999,37.3358,62.664199999999994,1.0,1.0,0.3926801961639999,0.3926801961639999,0.9852175341151557,00_50,True,-24.664224,58.0,100.518741,0.6890532658346525,True,84.0,True,False,True,False,True,False,True,True,True,False,False,rejected_actionable_posthoc_not_promotion_source
d96daf5e066f0b26e368e98d,causal_seed_from_v28_forward_calibration,logs/edge_research/v28_forward_calibration_latest.csv,285,rejected_actionable,edge_below_floor,rejected_actionable_from_posthoc_calibration_report,KXBTC15M-26MAY060545-45,2026-05-06T05:45:00Z,2026-05-06T05:32:15.133Z,market_close_minus_seconds_to_close,yes,side=yes,,missing_in_forward_calibration_seed,764.867,0.935899,0.935899,0.06410099999999996,93.5899,6.410099999999996,1.0,1.0,0.004108938200999996,0.004108938200999996,0.06624771430972036,90_95,True,0.589864,90.0,96.673184,0.2553121068849953,True,20.0,True,False,True,False,True,False,True,True,True,False,False,rejected_actionable_posthoc_not_promotion_source
bf0212f1d442b4bf429607d5,causal_seed_from_v28_forward_calibration,logs/edge_research/v28_forward_calibration_latest.csv,286,rejected_actionable,ask_too_high,rejected_actionable_from_posthoc_calibration_report,KXBTC15M-26MAY060545-45,2026-05-06T05:45:00Z,2026-05-06T05:34:39.043Z,market_close_minus_seconds_to_close,yes,side=yes,,missing_in_forward_calibration_seed,620.957,0.95563,0.95563,0.04437000000000002,95.563,4.437000000000002,1.0,1.0,0.001968696900000002,0.001968696900000002,0.045384470134604074,95_100,True,0.563042,92.0,94.438888,0.1784541252873768,False,16.0,True,False,True,False,True,False,True,True,True,False,False,rejected_actionable_posthoc_not_promotion_source
46280f21a01ba59e783e9a7b,causal_seed_from_v28_forward_calibration,logs/edge_research/v28_forward_calibration_latest.csv,287,entry,approved_entry,approved_entry_from_posthoc_calibration_report,KXBTC15M-26MAY060600-00,2026-05-06T06:00:00Z,2026-05-06T05:45:48.010Z,market_close_minus_seconds_to_close,no,side=no,,missing_in_forward_calibration_seed,851.99,0.870169,0.12983100000000003,0.870169,12.983100000000004,87.01689999999999,1.0,0.0,0.01685608856100001,0.01685608856100001,0.13906783332459094,85_90,True,8.516936,75.0,108.984225,0.41552602726017807,True,12.0,True,False,True,False,False,False,True,True,True,False,False,posthoc_calibration_report_not_forward_registry
75edea41f8f89e83bf4a86ed,causal_seed_from_v28_forward_calibration,logs/edge_research/v28_forward_calibration_latest.csv,288,rejected_actionable,p_below_floor,rejected_actionable_from_posthoc_calibration_report,KXBTC15M-26MAY060600-00,2026-05-06T06:00:00Z,2026-05-06T05:45:31.114Z,market_close_minus_seconds_to_close,no,side=no,,missing_in_forward_calibration_seed,868.886,0.792357,0.20764300000000002,0.792357,20.764300000000002,79.2357,1.0,0.0,0.04311561544900001,0.04311561544900001,0.23274323115263135,70_80,True,0.735659,75.0,110.097291,0.5522738981680996,True,50.0,True,False,True,False,True,False,True,True,True,False,False,rejected_actionable_posthoc_not_promotion_source
f2c9acc945395c5bd45f307c,causal_seed_from_v28_forward_calibration,logs/edge_research/v28_forward_calibration_latest.csv,289,rejected_actionable,edge_below_floor,rejected_actionable_from_posthoc_calibration_report,KXBTC15M-26MAY060600-00,2026-05-06T06:00:00Z,2026-05-06T05:49:48.060Z,market_close_minus_seconds_to_close,no,side=no,,missing_in_forward_calibration_seed,611.94,0.892149,0.10785100000000003,0.892149,10.785100000000003,89.2149,1.0,0.0,0.011631838201000007,0.011631838201000007,0.11412211999307062,85_90,True,1.214949,85.0,99.147345,0.28532700473902983,True,30.0,True,False,True,False,True,False,True,True,True,False,False,rejected_actionable_posthoc_not_promotion_source
d397436d5552590235c209f2,causal_seed_from_v28_forward_calibration,logs/edge_research/v28_forward_calibration_latest.csv,290,rejected_actionable,ask_too_high,rejected_actionable_from_posthoc_calibration_report,KXBTC15M-26MAY060600-00,2026-05-06T06:00:00Z,2026-05-06T05:57:15.632Z,market_close_minus_seconds_to_close,no,side=no,,missing_in_forward_calibration_seed,164.368,0.846965,0.15303500000000003,0.846965,15.303500000000003,84.6965,1.0,0.0,0.02341971122500001,0.02341971122500001,0.16609590749792263,80_85,True,-9.303479,91.0,52.08089,0.09619262643188677,False,18.0,True,False,True,False,True,False,True,True,True,False,False,rejected_actionable_posthoc_not_promotion_source
2b094999702b4a52c77dadc1,causal_seed_from_v28_forward_calibration,logs/edge_research/v28_forward_calibration_latest.csv,291,rejected_actionable,p_below_floor,rejected_actionable_from_posthoc_calibration_report,KXBTC15M-26MAY060600-00,2026-05-06T06:00:00Z,2026-05-06T05:45:31.114Z,market_close_minus_seconds_to_close,yes,side=yes,,missing_in_forward_calibration_seed,868.886,0.207643,0.207643,0.792357,20.7643,79.2357,0.0,0.0,0.043115615449,0.043115615449,0.23274323115263135,00_50,True,-8.735659,26.0,110.097291,0.5522738981680996,True,-52.0,True,False,True,False,True,False,True,True,True,False,False,rejected_actionable_posthoc_not_promotion_source
bbddf09d7ecdd220b02c2326,causal_seed_from_v28_forward_calibration,logs/edge_research/v28_forward_calibration_latest.csv,292,entry,approved_entry,approved_entry_from_posthoc_calibration_report,KXBTC15M-26MAY060615-15,2026-05-06T06:15:00Z,2026-05-06T06:04:35.112Z,market_close_minus_seconds_to_close,yes,side=yes,,missing_in_forward_calibration_seed,624.888,0.85204,0.85204,0.14795999999999998,85.20400000000001,14.795999999999998,1.0,1.0,0.021892161599999994,0.021892161599999994,0.1601218048980534,85_90,True,6.704033,75.0,95.837283,0.3283327949656283,True,-30.0,True,False,True,False,False,False,True,True,True,False,False,posthoc_calibration_report_not_forward_registry
1cf93af318253944398667e4,causal_seed_from_v28_forward_calibration,logs/edge_research/v28_forward_calibration_latest.csv,293,entry,approved_entry,approved_entry_from_posthoc_calibration_report,KXBTC15M-26MAY060615-15,2026-05-06T06:15:00Z,2026-05-06T06:10:16.955Z,market_close_minus_seconds_to_close,yes,side=yes,,missing_in_forward_calibration_seed,283.045,0.930577,0.930577,0.06942300000000001,93.0577,6.942300000000001,1.0,1.0,0.0048195529290000014,0.0048195529290000014,0.07195045511449663,90_95,True,2.057694,88.0,65.067612,0.1028785918435462,False,24.0,True,False,True,False,False,False,True,True,True,False,False,posthoc_calibration_report_not_forward_registry
1fa90559bcd0810b75007958,causal_seed_from_v28_forward_calibration,logs/edge_research/v28_forward_calibration_latest.csv,294,rejected_actionable,p_below_floor,rejected_actionable_from_posthoc_calibration_report,KXBTC15M-26MAY060615-15,2026-05-06T06:15:00Z,2026-05-06T06:00:30.887Z,market_close_minus_seconds_to_close,no,side=no,,missing_in_forward_calibration_seed,869.113,0.401612,0.5983879999999999,0.4016120000000001,59.83879999999999,40.16120000000001,0.0,1.0,0.161292198544,0.16129219854400006,0.5135159059988792,00_50,True,-7.838836,44.0,119.407801,0.9151690669513299,True,-88.0,True,False,True,False,True,False,True,True,True,False,False,rejected_actionable_posthoc_not_promotion_source
45c5ac8b7bab648da153f6e6,causal_seed_from_v28_forward_calibration,logs/edge_research/v28_forward_calibration_latest.csv,295,rejected_actionable,p_below_floor,rejected_actionable_from_posthoc_calibration_report,KXBTC15M-26MAY060615-15,2026-05-06T06:15:00Z,2026-05-06T06:00:30.887Z,market_close_minus_seconds_to_close,yes,side=yes,,missing_in_forward_calibration_seed,869.113,0.598388,0.598388,0.40161199999999997,59.838800000000006,40.161199999999994,1.0,1.0,0.16129219854399998,0.16129219854399998,0.513515905998879,50_60,True,-1.161164,57.0,119.407801,0.9151690669513299,True,43.0,True,False,True,False,True,False,True,True,True,False,False,rejected_actionable_posthoc_not_promotion_source
10a83b2b0f816580fd67f2ef,causal_seed_from_v28_forward_calibration,logs/edge_research/v28_forward_calibration_latest.csv,296,rejected_actionable,edge_below_floor,rejected_actionable_from_posthoc_calibration_report,KXBTC15M-26MAY060615-15,2026-05-06T06:15:00Z,2026-05-06T06:09:59.177Z,market_close_minus_seconds_to_close,yes,side=yes,,missing_in_forward_calibration_seed,300.823,0.853206,0.853206,0.14679399999999998,85.3206,14.679399999999998,1.0,1.0,0.021548478435999992,0.021548478435999992,0.15875426006086388,85_90,True,-0.679407,83.0,67.04208,0.16274038796743798,False,34.0,True,False,True,False,True,False,True,True,True,False,False,rejected_actionable_posthoc_not_promotion_source
feca00b3437ecba357fffc7a,causal_seed_from_v28_forward_calibration,logs/edge_research/v28_forward_calibration_latest.csv,297,rejected_actionable,ask_too_high,rejected_actionable_from_posthoc_calibration_report,KXBTC15M-26MAY060615-15,2026-05-06T06:15:00Z,2026-05-06T06:12:17.027Z,market_close_minus_seconds_to_close,yes,side=yes,,missing_in_forward_calibration_seed,162.973,0.96274,0.96274,0.03725999999999996,96.274,3.725999999999996,1.0,1.0,0.001388307599999997,0.001388307599999997,0.03797189325355335,95_100,True,-1.22604,95.0,49.005441,0.042247885936759044,False,10.0,True,False,True,False,True,False,True,True,True,False,False,rejected_actionable_posthoc_not_promotion_source
0d652108566277cc8efc091a,causal_seed_from_v28_forward_calibration,logs/edge_research/v28_forward_calibration_latest.csv,298,entry,approved_entry,approved_entry_from_posthoc_calibration_report,KXBTC15M-26MAY060630-30,2026-05-06T06:30:00Z,2026-05-06T06:20:56.348Z,market_close_minus_seconds_to_close,yes,side=yes,,missing_in_forward_calibration_seed,543.652,0.852499,0.852499,0.147501,85.2499,14.7501,1.0,1.0,0.021756545000999997,0.021756545000999997,0.15958324284568104,85_90,True,2.749855,79.0,85.663234,0.2720718279701733,True,-12.0,True,False,True,False,False,False,True,True,True,False,False,posthoc_calibration_report_not_forward_registry
721a9f9d9da6a691ff842622,causal_seed_from_v28_forward_calibration,logs/edge_research/v28_forward_calibration_latest.csv,299,entry,approved_entry,approved_entry_from_posthoc_calibration_report,KXBTC15M-26MAY060630-30,2026-05-06T06:30:00Z,2026-05-06T06:24:16.312Z,market_close_minus_seconds_to_close,yes,side=yes,,missing_in_forward_calibration_seed,343.688,0.902826,0.902826,0.09717399999999998,90.2826,9.717399999999998,1.0,1.0,0.009442786275999997,0.009442786275999997,0.10222543516235365,90_95,True,2.282605,85.0,69.061314,0.14341887790493552,False,28.0,True,False,True,False,False,False,True,True,True,False,False,posthoc_calibration_report_not_forward_registry
fe556e356983209491f9b00a,causal_seed_from_v28_forward_calibration,logs/edge_research/v28_forward_calibration_latest.csv,300,rejected_actionable,p_below_floor,rejected_actionable_from_posthoc_calibration_report,KXBTC15M-26MAY060630-30,2026-05-06T06:30:00Z,2026-05-06T06:15:31.073Z,market_close_minus_seconds_to_close,no,side=no,,missing_in_forward_calibration_seed,868.927,0.675344,0.32465599999999994,0.675344,32.465599999999995,67.5344,0.0,1.0,0.4560895183360001,0.4560895183360001,1.1249891187568688,60_70,True,-2.465572,66.0,114.982869,0.76204257128047,True,-132.0,True,False,True,False,True,False,True,True,True,False,False,rejected_actionable_posthoc_not_promotion_source
43b4ee841730a3ad9f9c4dbf,causal_seed_from_v28_forward_calibration,logs/edge_research/v28_forward_calibration_latest.csv,301,rejected_actionable,p_below_floor,rejected_actionable_from_posthoc_calibration_report,KXBTC15M-26MAY060630-30,2026-05-06T06:30:00Z,2026-05-06T06:15:31.073Z,market_close_minus_seconds_to_close,yes,side=yes,,missing_in_forward_calibration_seed,868.927,0.324656,0.324656,0.6753439999999999,32.4656,67.53439999999999,1.0,1.0,0.4560895183359999,0.4560895183359999,1.1249891187568686,00_50,True,-6.534428,35.0,114.982869,0.76204257128047,True,130.0,True,False,True,False,True,False,True,True,True,False,False,rejected_actionable_posthoc_not_promotion_source
d61ccf93da47160d4e9846b5,causal_seed_from_v28_forward_calibration,logs/edge_research/v28_forward_calibration_latest.csv,302,rejected_actionable,edge_below_floor,rejected_actionable_from_posthoc_calibration_report,KXBTC15M-26MAY060630-30,2026-05-06T06:30:00Z,2026-05-06T06:23:23.257Z,market_close_minus_seconds_to_close,yes,side=yes,,missing_in_forward_calibration_seed,396.743,0.850056,0.850056,0.14994399999999997,85.0056,14.994399999999997,1.0,1.0,0.02248320313599999,0.02248320313599999,0.16245304931498059,85_90,True,0.505609,81.0,74.212386,0.20467086099858317,False,38.0,True,False,True,False,True,False,True,True,True,False,False,rejected_actionable_posthoc_not_promotion_source
ad7fec11ef8dfb4eb714ceb4,causal_seed_from_v28_forward_calibration,logs/edge_research/v28_forward_calibration_latest.csv,303,rejected_actionable,ask_too_high,rejected_actionable_from_posthoc_calibration_report,KXBTC15M-26MAY060630-30,2026-05-06T06:30:00Z,2026-05-06T06:26:16.339Z,market_close_minus_seconds_to_close,yes,side=yes,,missing_in_forward_calibration_seed,223.661,0.974526,0.974526,0.025473999999999997,97.4526,2.5473999999999997,1.0,1.0,0.0006489246759999998,0.0006489246759999998,0.025804080041538856,95_100,True,-1.047363,96.0,56.237265,0.04548979809459622,False,8.0,True,False,True,False,True,False,True,True,True,False,False,rejected_actionable_posthoc_not_promotion_source
dc3c4f201ae5907f60f8bdf8,causal_seed_from_v28_forward_calibration,logs/edge_research/v28_forward_calibration_latest.csv,304,entry,approved_entry,approved_entry_from_posthoc_calibration_report,KXBTC15M-26MAY060645-45,2026-05-06T06:45:00Z,2026-05-06T06:34:24.626Z,market_close_minus_seconds_to_close,yes,side=yes,,missing_in_forward_calibration_seed,635.374,0.875253,0.875253,0.12474700000000005,87.5253,12.474700000000006,1.0,1.0,0.015561814009000013,0.015561814009000013,0.1332422915611197,85_90,True,2.025331,82.0,96.886241,0.30529976479941184,True,-16.0,True,False,True,False,False,False,True,True,True,False,False,posthoc_calibration_report_not_forward_registry
a39eeefca4f543428352a935,causal_seed_from_v28_forward_calibration,logs/edge_research/v28_forward_calibration_latest.csv,305,entry,approved_entry,approved_entry_from_posthoc_calibration_report,KXBTC15M-26MAY060645-45,2026-05-06T06:45:00Z,2026-05-06T06:35:03.628Z,market_close_minus_seconds_to_close,yes,side=yes,,missing_in_forward_calibration_seed,596.372,0.868675,0.868675,0.13132500000000003,86.86749999999999,13.132500000000002,1.0,1.0,0.017246255625000005,0.017246255625000005,0.14078621676511668,85_90,True,5.367466,78.0,95.185772,0.3016711464084146,True,-12.0,True,False,True,False,False,False,True,True,True,False,False,posthoc_calibration_report_not_forward_registry
1d0580e29eba94683af60410,causal_seed_from_v28_forward_calibration,logs/edge_research/v28_forward_calibration_latest.csv,306,entry,approved_entry,approved_entry_from_posthoc_calibration_report,KXBTC15M-26MAY060645-45,2026-05-06T06:45:00Z,2026-05-06T06:37:18.122Z,market_close_minus_seconds_to_close,yes,side=yes,,missing_in_forward_calibration_seed,461.878,0.859632,0.859632,0.14036800000000005,85.9632,14.036800000000005,1.0,1.0,0.019703175424000012,0.019703175424000012,0.15125088828964384,85_90,True,2.463183,80.0,84.214484,0.24236576973562732,False,34.0,True,False,True,False,False,False,True,True,True,False,False,posthoc_calibration_report_not_forward_registry
e69b7a7044a138c4a25bc8a4,causal_seed_from_v28_forward_calibration,logs/edge_research/v28_forward_calibration_latest.csv,307,rejected_actionable,p_below_floor,rejected_actionable_from_posthoc_calibration_report,KXBTC15M-26MAY060645-45,2026-05-06T06:45:00Z,2026-05-06T06:30:15.797Z,market_close_minus_seconds_to_close,no,side=no,,missing_in_forward_calibration_seed,884.203,0.401361,0.5986389999999999,0.4013610000000001,59.863899999999994,40.136100000000006,0.0,1.0,0.161090652321,0.16109065232100006,0.5130965336644562,00_50,True,-5.863887,42.0,114.032337,0.8561084949438205,True,-84.0,True,False,True,False,True,False,True,True,True,False,False,rejected_actionable_posthoc_not_promotion_source
0a70ae6507d2a27f9d2a4d13,causal_seed_from_v28_forward_calibration,logs/edge_research/v28_forward_calibration_latest.csv,308,rejected_actionable,p_below_floor,rejected_actionable_from_posthoc_calibration_report,KXBTC15M-26MAY060645-45,2026-05-06T06:45:00Z,2026-05-06T06:30:15.797Z,market_close_minus_seconds_to_close,yes,side=yes,,missing_in_forward_calibration_seed,884.203,0.598639,0.598639,0.40136099999999997,59.8639,40.1361,1.0,1.0,0.16109065232099998,0.16109065232099998,0.513096533664456,50_60,True,-3.136113,59.0,114.032337,0.8561084949438205,True,82.0,True,False,True,False,True,False,True,True,True,False,False,rejected_actionable_posthoc_not_promotion_source
bcf353007793efb416e1dc31,causal_seed_from_v28_forward_calibration,logs/edge_research/v28_forward_calibration_latest.csv,309,rejected_actionable,edge_below_floor,rejected_actionable_from_posthoc_calibration_report,KXBTC15M-26MAY060645-45,2026-05-06T06:45:00Z,2026-05-06T06:34:20.204Z,market_close_minus_seconds_to_close,yes,side=yes,,missing_in_forward_calibration_seed,639.796,0.852559,0.852559,0.14744100000000004,85.2559,14.744100000000005,1.0,1.0,0.021738848481000012,0.021738848481000012,0.1595128640080993,85_90,True,1.755861,80.0,97.212614,0.33693292529589225,True,40.0,True,False,True,False,True,False,True,True,True,False,False,rejected_actionable_posthoc_not_promotion_source
87103be022418d1bff484f70,causal_seed_from_v28_forward_calibration,logs/edge_research/v28_forward_calibration_latest.csv,310,rejected_actionable,ask_too_high,rejected_actionable_from_posthoc_calibration_report,KXBTC15M-26MAY060645-45,2026-05-06T06:45:00Z,2026-05-06T06:39:18.153Z,market_close_minus_seconds_to_close,yes,side=yes,,missing_in_forward_calibration_seed,341.847,0.960586,0.960586,0.03941399999999995,96.0586,3.941399999999995,1.0,1.0,0.001553463395999996,0.001553463395999996,0.04021176408206109,95_100,True,-0.441446,94.0,73.181976,0.09505365358389457,False,12.0,True,False,True,False,True,False,True,True,True,False,False,rejected_actionable_posthoc_not_promotion_source
4080b5f4d45193b034ae567f,causal_seed_from_v28_forward_calibration,logs/edge_research/v28_forward_calibration_latest.csv,311,entry,approved_entry,approved_entry_from_posthoc_calibration_report,KXBTC15M-26MAY060700-00,2026-05-06T07:00:00Z,2026-05-06T06:49:34.845Z,market_close_minus_seconds_to_close,no,side=no,,missing_in_forward_calibration_seed,625.155,0.890574,0.10942600000000002,0.890574,10.942600000000002,89.0574,0.0,1.0,0.793122049476,0.793122049476,2.2125067572674744,85_90,True,2.05744,84.0,97.205676,0.2857440916011646,True,-8.0,True,False,True,False,False,False,True,True,True,False,False,posthoc_calibration_report_not_forward_registry
4dfc6a37464e61d96ae0805b,causal_seed_from_v28_forward_calibration,logs/edge_research/v28_forward_calibration_latest.csv,312,entry,approved_entry,approved_entry_from_posthoc_calibration_report,KXBTC15M-26MAY060700-00,2026-05-06T07:00:00Z,2026-05-06T06:54:10.048Z,market_close_minus_seconds_to_close,yes,side=yes,,missing_in_forward_calibration_seed,349.952,0.852084,0.852084,0.14791600000000005,85.2084,14.791600000000004,1.0,1.0,0.021879143056000014,0.021879143056000014,0.16007016546335298,85_90,True,6.708443,75.0,73.674391,0.19204408883172794,False,-22.0,True,False,True,False,False,False,True,True,True,False,False,posthoc_calibration_report_not_forward_registry
440b809e0e9cd3fc1c966641,causal_seed_from_v28_forward_calibration,logs/edge_research/v28_forward_calibration_latest.csv,313,entry,approved_entry,approved_entry_from_posthoc_calibration_report,KXBTC15M-26MAY060700-00,2026-05-06T07:00:00Z,2026-05-06T06:55:24.463Z,market_close_minus_seconds_to_close,yes,side=yes,,missing_in_forward_calibration_seed,275.537,0.854571,0.854571,0.14542900000000003,85.4571,14.542900000000003,1.0,1.0,0.02114959404100001,0.02114959404100001,0.15715569035219634,85_90,True,4.957055,77.0,66.194572,0.15091520720134025,False,-30.0,True,False,True,False,False,False,True,True,True,False,False,posthoc_calibration_report_not_forward_registry
3c8baff8e9e1ae61f5b2b6fb,causal_seed_from_v28_forward_calibration,logs/edge_research/v28_forward_calibration_latest.csv,314,entry,approved_entry,approved_entry_from_posthoc_calibration_report,KXBTC15M-26MAY060700-00,2026-05-06T07:00:00Z,2026-05-06T06:57:16.626Z,market_close_minus_seconds_to_close,yes,side=yes,,missing_in_forward_calibration_seed,163.374,0.880608,0.880608,0.11939200000000005,88.0608,11.939200000000005,1.0,1.0,0.014254449664000014,0.014254449664000014,0.12714270098678238,85_90,True,2.060833,83.0,51.305181,0.08149612540552126,False,12.0,True,False,True,False,False,False,True,True,True,False,False,posthoc_calibration_report_not_forward_registry
a835b2e58680f9e8345833b6,causal_seed_from_v28_forward_calibration,logs/edge_research/v28_forward_calibration_latest.csv,315,rejected_actionable,p_below_floor,rejected_actionable_from_posthoc_calibration_report,KXBTC15M-26MAY060700-00,2026-05-06T07:00:00Z,2026-05-06T06:45:15.199Z,market_close_minus_seconds_to_close,no,side=no,,missing_in_forward_calibration_seed,884.801,0.654145,0.345855,0.654145,34.5855,65.4145,0.0,1.0,0.427905681025,0.427905681025,1.0617356669054507,60_70,True,-5.585491,67.0,116.189239,0.8157242136510713,True,-134.0,True,False,True,False,True,False,True,True,True,False,False,rejected_actionable_posthoc_not_promotion_source
e5cc95174d2bb0477a651f6b,causal_seed_from_v28_forward_calibration,logs/edge_research/v28_forward_calibration_latest.csv,316,rejected_actionable,edge_below_floor,rejected_actionable_from_posthoc_calibration_report,KXBTC15M-26MAY060700-00,2026-05-06T07:00:00Z,2026-05-06T06:49:26.807Z,market_close_minus_seconds_to_close,no,side=no,,missing_in_forward_calibration_seed,633.193,0.860281,0.13971900000000004,0.860281,13.971900000000003,86.0281,0.0,1.0,0.740083398961,0.740083398961,1.9681220162406041,85_90,True,1.528096,81.0,97.844553,0.3342858192462624,True,-162.0,True,False,True,False,True,False,True,True,True,False,False,rejected_actionable_posthoc_not_promotion_source
667744e6a1be14994ab22092,causal_seed_from_v28_forward_calibration,logs/edge_research/v28_forward_calibration_latest.csv,317,rejected_actionable,ask_too_high,rejected_actionable_from_posthoc_calibration_report,KXBTC15M-26MAY060700-00,2026-05-06T07:00:00Z,2026-05-06T06:49:27.844Z,market_close_minus_seconds_to_close,no,side=no,,missing_in_forward_calibration_seed,632.156,0.924831,0.07516900000000004,0.924831,7.516900000000004,92.4831,0.0,1.0,0.855312378561,0.855312378561,2.588016367060707,90_95,True,-1.516876,91.0,97.724707,0.23683891449350192,False,-182.0,True,False,True,False,True,False,True,True,True,False,False,rejected_actionable_posthoc_not_promotion_source
3238427deca68666fa8abafc,causal_seed_from_v28_forward_calibration,logs/edge_research/v28_forward_calibration_latest.csv,318,rejected_actionable,p_below_floor,rejected_actionable_from_posthoc_calibration_report,KXBTC15M-26MAY060700-00,2026-05-06T07:00:00Z,2026-05-06T06:45:15.199Z,market_close_minus_seconds_to_close,yes,side=yes,,missing_in_forward_calibration_seed,884.801,0.345855,0.345855,0.654145,34.5855,65.4145,1.0,1.0,0.427905681025,0.427905681025,1.0617356669054507,00_50,True,-3.414509,34.0,116.189239,0.8157242136510713,True,132.0,True,False,True,False,True,False,True,True,True,False,False,rejected_actionable_posthoc_not_promotion_source
56c5e353c9f0ffbf0dda7b7a,causal_seed_from_v28_forward_calibration,logs/edge_research/v28_forward_calibration_latest.csv,319,rejected_actionable,edge_below_floor,rejected_actionable_from_posthoc_calibration_report,KXBTC15M-26MAY060700-00,2026-05-06T07:00:00Z,2026-05-06T06:57:15.634Z,market_close_minus_seconds_to_close,yes,side=yes,,missing_in_forward_calibration_seed,164.366,0.865871,0.865871,0.13412900000000005,86.58709999999999,13.412900000000006,1.0,1.0,0.017990588641000015,0.017990588641000015,0.14401934225448476,85_90,True,1.087081,82.0,51.458798,0.08735270332127361,False,36.0,True,False,True,False,True,False,True,True,True,False,False,rejected_actionable_posthoc_not_promotion_source
747436fc8378d443f0e94aaf,causal_seed_from_v28_forward_calibration,logs/edge_research/v28_forward_calibration_latest.csv,320,rejected_actionable,ask_too_high,rejected_actionable_from_posthoc_calibration_report,KXBTC15M-26MAY060700-00,2026-05-06T07:00:00Z,2026-05-06T06:58:46.040Z,market_close_minus_seconds_to_close,yes,side=yes,,missing_in_forward_calibration_seed,73.96,0.853625,0.853625,0.14637500000000003,85.3625,14.637500000000003,1.0,1.0,0.02142564062500001,0.02142564062500001,0.15826329170088377,85_90,True,-8.637541,91.0,34.643133,0.04141393584357802,False,18.0,True,False,True,False,True,False,True,True,True,False,False,rejected_actionable_posthoc_not_promotion_source
a65ceb8eeba0fd44aa9a1373,causal_seed_from_v28_forward_calibration,logs/edge_research/v28_forward_calibration_latest.csv,321,entry,approved_entry,approved_entry_from_posthoc_calibration_report,KXBTC15M-26MAY060715-15,2026-05-06T07:15:00Z,2026-05-06T07:04:13.931Z,market_close_minus_seconds_to_close,yes,side=yes,,missing_in_forward_calibration_seed,646.069,0.872115,0.872115,0.12788500000000003,87.2115,12.788500000000003,1.0,1.0,0.016354573225000005,0.016354573225000005,0.13683398303471198,85_90,True,2.711512,81.0,103.247452,0.33327148213923247,True,24.0,True,False,True,False,False,False,True,True,True,False,False,posthoc_calibration_report_not_forward_registry
860497db825b3644986c465f,causal_seed_from_v28_forward_calibration,logs/edge_research/v28_forward_calibration_latest.csv,322,entry,approved_entry,approved_entry_from_posthoc_calibration_report,KXBTC15M-26MAY060715-15,2026-05-06T07:15:00Z,2026-05-06T07:05:20.912Z,market_close_minus_seconds_to_close,yes,side=yes,,missing_in_forward_calibration_seed,579.088,0.947668,0.947668,0.052332000000000045,94.76679999999999,5.2332000000000045,1.0,1.0,0.0027386382240000046,0.0027386382240000046,0.05375104903576264,90_95,True,2.766793,89.0,96.285383,0.18857738603460397,False,20.0,True,False,True,False,False,False,True,True,True,False,False,posthoc_calibration_report_not_forward_registry
6ca005ae127c6bbf4b78cdd4,causal_seed_from_v28_forward_calibration,logs/edge_research/v28_forward_calibration_latest.csv,323,rejected_actionable,p_below_floor,rejected_actionable_from_posthoc_calibration_report,KXBTC15M-26MAY060715-15,2026-05-06T07:15:00Z,2026-05-06T07:00:15.471Z,market_close_minus_seconds_to_close,no,side=no,,missing_in_forward_calibration_seed,884.529,0.498199,0.5018009999999999,0.49819900000000006,50.180099999999996,49.819900000000004,0.0,1.0,0.24820224360100002,0.24820224360100007,0.6895516522259739,00_50,True,-6.180121,52.0,118.438783,1.135459381275133,True,-104.0,True,False,True,False,True,False,True,True,True,False,False,rejected_actionable_posthoc_not_promotion_source
3e0b610af6dca2922a19eff7,causal_seed_from_v28_forward_calibration,logs/edge_research/v28_forward_calibration_latest.csv,324,rejected_actionable,p_below_floor,rejected_actionable_from_posthoc_calibration_report,KXBTC15M-26MAY060715-15,2026-05-06T07:15:00Z,2026-05-06T07:00:15.471Z,market_close_minus_seconds_to_close,yes,side=yes,,missing_in_forward_calibration_seed,884.529,0.501801,0.501801,0.49819899999999995,50.1801,49.8199,1.0,1.0,0.24820224360099996,0.24820224360099996,0.6895516522259737,50_60,True,-2.819879,49.0,118.438783,1.135459381275133,True,102.0,True,False,True,False,True,False,True,True,True,False,False,rejected_actionable_posthoc_not_promotion_source
0ff168718af55dc08f8280d3,causal_seed_from_v28_forward_calibration,logs/edge_research/v28_forward_calibration_latest.csv,325,rejected_actionable,edge_below_floor,rejected_actionable_from_posthoc_calibration_report,KXBTC15M-26MAY060715-15,2026-05-06T07:15:00Z,2026-05-06T07:04:09.796Z,market_close_minus_seconds_to_close,yes,side=yes,,missing_in_forward_calibration_seed,650.204,0.856745,0.856745,0.14325500000000002,85.6745,14.325500000000002,1.0,1.0,0.020521995025000007,0.020521995025000007,0.15461495425261884,85_90,True,1.17451,81.0,103.569782,0.3564006070848828,True,38.0,True,False,True,False,True,False,True,True,True,False,False,rejected_actionable_posthoc_not_promotion_source
54f08fb3fc922ac24802ee9e,causal_seed_from_v28_forward_calibration,logs/edge_research/v28_forward_calibration_latest.csv,326,rejected_actionable,ask_too_high,rejected_actionable_from_posthoc_calibration_report,KXBTC15M-26MAY060715-15,2026-05-06T07:15:00Z,2026-05-06T07:05:06.923Z,market_close_minus_seconds_to_close,yes,side=yes,,missing_in_forward_calibration_seed,593.077,0.920908,0.920908,0.07909200000000005,92.0908,7.909200000000006,1.0,1.0,0.006255544464000008,0.006255544464000008,0.08239513913867766,90_95,True,-4.409243,94.0,97.420952,0.23444783970475536,False,12.0,True,False,True,False,True,False,True,True,True,False,False,rejected_actionable_posthoc_not_promotion_source
65d38198d84307f9c8b731fd,causal_seed_from_v28_forward_calibration,logs/edge_research/v28_forward_calibration_latest.csv,327,entry,approved_entry,approved_entry_from_posthoc_calibration_report,KXBTC15M-26MAY060730-30,2026-05-06T07:30:00Z,2026-05-06T07:17:21.805Z,market_close_minus_seconds_to_close,yes,side=yes,,missing_in_forward_calibration_seed,758.195,0.899565,0.899565,0.10043500000000005,89.95649999999999,10.043500000000005,1.0,1.0,0.01008718922500001,0.01008718922500001,0.10584396583436624,85_90,True,2.95653,84.0,108.093945,0.3347696641718883,True,32.0,True,False,True,False,False,False,True,True,True,False,False,posthoc_calibration_report_not_forward_registry
f0f8c4e8d3b86676b8eced35,causal_seed_from_v28_forward_calibration,logs/edge_research/v28_forward_calibration_latest.csv,328,rejected_actionable,p_below_floor,rejected_actionable_from_posthoc_calibration_report,KXBTC15M-26MAY060730-30,2026-05-06T07:30:00Z,2026-05-06T07:15:32.603Z,market_close_minus_seconds_to_close,no,side=no,,missing_in_forward_calibration_seed,867.397,0.405116,0.594884,0.40511600000000003,59.4884,40.5116,0.0,1.0,0.164118973456,0.16411897345600002,0.5193888504264786,00_50,True,-8.488376,45.0,115.310698,0.8638587785878552,True,-90.0,True,False,True,False,True,False,True,True,True,False,False,rejected_actionable_posthoc_not_promotion_source
ab380bf692c2c7fcf0c383bc,causal_seed_from_v28_forward_calibration,logs/edge_research/v28_forward_calibration_latest.csv,329,rejected_actionable,p_below_floor,rejected_actionable_from_posthoc_calibration_report,KXBTC15M-26MAY060730-30,2026-05-06T07:30:00Z,2026-05-06T07:15:32.603Z,market_close_minus_seconds_to_close,yes,side=yes,,missing_in_forward_calibration_seed,867.397,0.594884,0.594884,0.40511600000000003,59.4884,40.5116,1.0,1.0,0.16411897345600002,0.16411897345600002,0.5193888504264786,50_60,True,-0.511624,56.0,115.310698,0.8638587785878552,True,88.0,True,False,True,False,True,False,True,True,True,False,False,rejected_actionable_posthoc_not_promotion_source
2cd2d6630f5e2a8bb3096cb9,causal_seed_from_v28_forward_calibration,logs/edge_research/v28_forward_calibration_latest.csv,330,rejected_actionable,edge_below_floor,rejected_actionable_from_posthoc_calibration_report,KXBTC15M-26MAY060730-30,2026-05-06T07:30:00Z,2026-05-06T07:17:20.250Z,market_close_minus_seconds_to_close,yes,side=yes,,missing_in_forward_calibration_seed,759.75,0.864278,0.864278,0.135722,86.4278,13.5722,1.0,1.0,0.018420461284000003,0.018420461284000003,0.1458608026722315,85_90,True,-4.572209,88.0,108.185143,0.38554058783686324,True,24.0,True,False,True,False,True,False,True,True,True,False,False,rejected_actionable_posthoc_not_promotion_source
12ef2847b0c2f06e6a35a95c,causal_seed_from_v28_forward_calibration,logs/edge_research/v28_forward_calibration_latest.csv,331,rejected_actionable,ask_too_high,rejected_actionable_from_posthoc_calibration_report,KXBTC15M-26MAY060730-30,2026-05-06T07:30:00Z,2026-05-06T07:21:23.527Z,market_close_minus_seconds_to_close,yes,side=yes,,missing_in_forward_calibration_seed,516.473,0.995969,0.995969,0.004031000000000007,99.5969,0.4031000000000007,1.0,1.0,1.6248961000000054e-05,1.6248961000000054e-05,0.004039146379908032,95_100,True,0.096896,97.0,100.81266,0.04967591263827378,False,6.0,True,False,True,False,True,False,True,True,True,False,False,rejected_actionable_posthoc_not_promotion_source
7077cbc9ab4f38d07c0cfa38,causal_seed_from_v28_forward_calibration,logs/edge_research/v28_forward_calibration_latest.csv,332,entry,approved_entry,approved_entry_from_posthoc_calibration_report,KXBTC15M-26MAY060745-45,2026-05-06T07:45:00Z,2026-05-06T07:36:48.675Z,market_close_minus_seconds_to_close,yes,side=yes,,missing_in_forward_calibration_seed,491.325,0.851843,0.851843,0.14815699999999998,85.18430000000001,14.815699999999998,0.0,0.0,0.725636496649,0.725636496649,1.9094827566693988,85_90,True,12.684309,69.0,99.908025,0.3032242515016857,True,-24.0,True,False,True,False,False,False,True,True,True,False,False,posthoc_calibration_report_not_forward_registry
11eb3b2449527072e8f3eb66,causal_seed_from_v28_forward_calibration,logs/edge_research/v28_forward_calibration_latest.csv,333,entry,approved_entry,approved_entry_from_posthoc_calibration_report,KXBTC15M-26MAY060745-45,2026-05-06T07:45:00Z,2026-05-06T07:40:26.800Z,market_close_minus_seconds_to_close,yes,side=yes,,missing_in_forward_calibration_seed,273.2,0.850438,0.850438,0.14956199999999997,85.0438,14.956199999999997,0.0,0.0,0.723244791844,0.723244791844,1.9000442564031284,85_90,True,3.543807,78.0,74.46556,0.17312459053557222,False,-70.0,True,False,True,False,False,False,True,True,True,False,False,posthoc_calibration_report_not_forward_registry
a67c14482939a7c4bdb220d7,causal_seed_from_v28_forward_calibration,logs/edge_research/v28_forward_calibration_latest.csv,334,rejected_actionable,p_below_floor,rejected_actionable_from_posthoc_calibration_report,KXBTC15M-26MAY060745-45,2026-05-06T07:45:00Z,2026-05-06T07:30:52.000Z,market_close_minus_seconds_to_close,no,side=no,,missing_in_forward_calibration_seed,848.0,0.553279,0.44672100000000003,0.553279,44.6721,55.3279,1.0,0.0,0.19955965184100002,0.19955965184100002,0.591892883891968,50_60,True,-2.672147,54.0,133.55674,1.2171111689146588,True,92.0,True,False,True,False,True,False,True,True,True,False,False,rejected_actionable_posthoc_not_promotion_source
ef29dac25447a2644d530ede,causal_seed_from_v28_forward_calibration,logs/edge_research/v28_forward_calibration_latest.csv,335,rejected_actionable,edge_below_floor,rejected_actionable_from_posthoc_calibration_report,KXBTC15M-26MAY060745-45,2026-05-06T07:45:00Z,2026-05-06T07:41:40.987Z,market_close_minus_seconds_to_close,no,side=no,,missing_in_forward_calibration_seed,199.013,0.886049,0.11395100000000002,0.886049,11.395100000000003,88.6049,1.0,0.0,0.012984830401000005,0.012984830401000005,0.12098302516590058,85_90,True,-0.395117,86.0,63.885022,0.11002380179672656,False,28.0,True,False,True,False,True,False,True,True,True,False,False,rejected_actionable_posthoc_not_promotion_source
b69dc714f77de20ae00030fd,causal_seed_from_v28_forward_calibration,logs/edge_research/v28_forward_calibration_latest.csv,336,rejected_actionable,ask_too_high,rejected_actionable_from_posthoc_calibration_report,KXBTC15M-26MAY060745-45,2026-05-06T07:45:00Z,2026-05-06T07:41:41.038Z,market_close_minus_seconds_to_close,no,side=no,,missing_in_forward_calibration_seed,198.962,0.903274,0.09672599999999998,0.903274,9.672599999999997,90.3274,1.0,0.0,0.009355919075999995,0.009355919075999995,0.10172933859052687,90_95,True,-5.172554,93.0,63.873111,0.10175226778536181,False,14.0,True,False,True,False,True,False,True,True,True,False,False,rejected_actionable_posthoc_not_promotion_source
31949f01cb699bdcbf1e8a26,causal_seed_from_v28_forward_calibration,logs/edge_research/v28_forward_calibration_latest.csv,337,rejected_actionable,p_below_floor,rejected_actionable_from_posthoc_calibration_report,KXBTC15M-26MAY060745-45,2026-05-06T07:45:00Z,2026-05-06T07:30:52.000Z,market_close_minus_seconds_to_close,yes,side=yes,,missing_in_forward_calibration_seed,848.0,0.446721,0.446721,0.5532790000000001,44.6721,55.32790000000001,0.0,0.0,0.19955965184099997,0.19955965184099997,0.5918928838919678,00_50,True,-7.327853,48.0,133.55674,1.2171111689146588,True,-96.0,True,False,True,False,True,False,True,True,True,False,False,rejected_actionable_posthoc_not_promotion_source
2c23f4feed463dfc2fd8b94f,causal_seed_from_v28_forward_calibration,logs/edge_research/v28_forward_calibration_latest.csv,338,entry,approved_entry,approved_entry_from_posthoc_calibration_report,KXBTC15M-26MAY060800-00,2026-05-06T08:00:00Z,2026-05-06T07:55:23.347Z,market_close_minus_seconds_to_close,yes,side=yes,,missing_in_forward_calibration_seed,276.653,0.85,0.85,0.15000000000000002,85.0,15.000000000000002,1.0,1.0,0.022500000000000006,0.022500000000000006,0.16251892949777494,85_90,True,2.500023,79.0,71.231918,0.1698860167511377,False,-18.0,True,False,True,False,False,False,True,True,True,False,False,posthoc_calibration_report_not_forward_registry
1a24755ffbbdce3fb2de0cd4,causal_seed_from_v28_forward_calibration,logs/edge_research/v28_forward_calibration_latest.csv,339,entry,approved_entry,approved_entry_from_posthoc_calibration_report,KXBTC15M-26MAY060800-00,2026-05-06T08:00:00Z,2026-05-06T07:56:05.942Z,market_close_minus_seconds_to_close,yes,side=yes,,missing_in_forward_calibration_seed,234.058,0.874265,0.874265,0.12573500000000004,87.42649999999999,12.573500000000005,1.0,1.0,0.015809290225000012,0.015809290225000012,0.1343717456222152,85_90,True,17.426542,66.0,64.915315,0.13037654446491642,False,-32.0,True,False,True,False,False,False,True,True,True,False,False,posthoc_calibration_report_not_forward_registry
391976156726794b7b63386f,causal_seed_from_v28_forward_calibration,logs/edge_research/v28_forward_calibration_latest.csv,340,rejected_actionable,p_below_floor,rejected_actionable_from_posthoc_calibration_report,KXBTC15M-26MAY060800-00,2026-05-06T08:00:00Z,2026-05-06T07:45:15.871Z,market_close_minus_seconds_to_close,no,side=no,,missing_in_forward_calibration_seed,884.129,0.476589,0.5234110000000001,0.47658899999999993,52.341100000000004,47.658899999999996,0.0,1.0,0.227137074921,0.22713707492099994,0.6473882726759056,00_50,True,-10.341135,54.0,140.967368,1.35887119729371,True,-108.0,True,False,True,False,True,False,True,True,True,False,False,rejected_actionable_posthoc_not_promotion_source
2bf2183a5f89ee5626e6c497,causal_seed_from_v28_forward_calibration,logs/edge_research/v28_forward_calibration_latest.csv,341,rejected_actionable,p_below_floor,rejected_actionable_from_posthoc_calibration_report,KXBTC15M-26MAY060800-00,2026-05-06T08:00:00Z,2026-05-06T07:45:15.871Z,market_close_minus_seconds_to_close,yes,side=yes,,missing_in_forward_calibration_seed,884.129,0.523411,0.523411,0.47658900000000004,52.3411,47.6589,1.0,1.0,0.22713707492100005,0.22713707492100005,0.6473882726759058,50_60,True,1.341135,47.0,140.967368,1.35887119729371,True,106.0,True,False,True,False,True,False,True,True,True,False,False,rejected_actionable_posthoc_not_promotion_source
923fca4d0a36160c40cd9a30,causal_seed_from_v28_forward_calibration,logs/edge_research/v28_forward_calibration_latest.csv,342,rejected_actionable,edge_below_floor,rejected_actionable_from_posthoc_calibration_report,KXBTC15M-26MAY060800-00,2026-05-06T08:00:00Z,2026-05-06T07:58:01.801Z,market_close_minus_seconds_to_close,yes,side=yes,,missing_in_forward_calibration_seed,118.199,0.853158,0.853158,0.14684200000000003,85.3158,14.684200000000002,1.0,1.0,0.021562572964000007,0.021562572964000007,0.15881052003823412,85_90,True,-0.684155,83.0,45.929973,0.0704346580710045,False,34.0,True,False,True,False,True,False,True,True,True,False,False,rejected_actionable_posthoc_not_promotion_source
278a9ed6843eddabfe8103b7,causal_seed_from_v28_forward_calibration,logs/edge_research/v28_forward_calibration_latest.csv,343,entry,approved_entry,approved_entry_from_posthoc_calibration_report,KXBTC15M-26MAY060815-15,2026-05-06T08:15:00Z,2026-05-06T08:03:25.657Z,market_close_minus_seconds_to_close,no,side=no,,missing_in_forward_calibration_seed,694.343,0.860153,0.13984700000000005,0.860153,13.984700000000005,86.0153,1.0,0.0,0.019557183409000017,0.019557183409000017,0.15064499858140898,85_90,True,3.515349,79.0,110.693222,0.39502393499448535,True,42.0,True,False,True,False,False,False,True,True,True,False,False,posthoc_calibration_report_not_forward_registry
a15e9b79fac13f7b8befa63e,causal_seed_from_v28_forward_calibration,logs/edge_research/v28_forward_calibration_latest.csv,344,rejected_actionable,p_below_floor,rejected_actionable_from_posthoc_calibration_report,KXBTC15M-26MAY060815-15,2026-05-06T08:15:00Z,2026-05-06T08:00:15.462Z,market_close_minus_seconds_to_close,no,side=no,,missing_in_forward_calibration_seed,884.538,0.487101,0.512899,0.487101,51.2899,48.7101,1.0,0.0,0.263065384201,0.263065384201,0.7192837852052107,00_50,True,-2.289911,47.0,123.444966,1.1614039872233217,True,106.0,True,False,True,False,True,False,True,True,True,False,False,rejected_actionable_posthoc_not_promotion_source
04765b640ad6e5448c29fb82,causal_seed_from_v28_forward_calibration,logs/edge_research/v28_forward_calibration_latest.csv,345,rejected_actionable,ask_too_high,rejected_actionable_from_posthoc_calibration_report,KXBTC15M-26MAY060815-15,2026-05-06T08:15:00Z,2026-05-06T08:05:25.742Z,market_close_minus_seconds_to_close,no,side=no,,missing_in_forward_calibration_seed,574.258,0.947942,0.05205800000000005,0.947942,5.205800000000005,94.79419999999999,1.0,0.0,0.002710035364000005,0.002710035364000005,0.053461960033374764,90_95,True,0.794172,91.0,100.401686,0.1951335308144019,False,18.0,True,False,True,False,True,False,True,True,True,False,False,rejected_actionable_posthoc_not_promotion_source
d399d6949abaec64c3d7615e,causal_seed_from_v28_forward_calibration,logs/edge_research/v28_forward_calibration_latest.csv,346,rejected_actionable,edge_below_floor,rejected_actionable_from_posthoc_calibration_report,KXBTC15M-26MAY060815-15,2026-05-06T08:15:00Z,2026-05-06T08:05:50.874Z,market_close_minus_seconds_to_close,no,side=no,,missing_in_forward_calibration_seed,549.126,0.930209,0.06979100000000005,0.930209,6.979100000000004,93.0209,1.0,0.0,0.0048707836810000064,0.0048707836810000064,0.0723459869003094,90_95,True,0.020916,90.0,98.200057,0.21443731734396856,False,20.0,True,False,True,False,True,False,True,True,True,False,False,rejected_actionable_posthoc_not_promotion_source
bfa3891f6b89f3960c7dc87a,causal_seed_from_v28_forward_calibration,logs/edge_research/v28_forward_calibration_latest.csv,347,rejected_actionable,p_below_floor,rejected_actionable_from_posthoc_calibration_report,KXBTC15M-26MAY060815-15,2026-05-06T08:15:00Z,2026-05-06T08:00:15.462Z,market_close_minus_seconds_to_close,yes,side=yes,,missing_in_forward_calibration_seed,884.538,0.512899,0.512899,0.487101,51.2899,48.7101,0.0,0.0,0.263065384201,0.263065384201,0.7192837852052107,50_60,True,-6.710089,54.0,123.444966,1.1614039872233217,True,-108.0,True,False,True,False,True,False,True,True,True,False,False,rejected_actionable_posthoc_not_promotion_source
b8ae484b2d8782378845c23d,causal_seed_from_v28_forward_calibration,logs/edge_research/v28_forward_calibration_latest.csv,348,entry,approved_entry,approved_entry_from_posthoc_calibration_report,KXBTC15M-26MAY060830-30,2026-05-06T08:30:00Z,2026-05-06T08:20:52.607Z,market_close_minus_seconds_to_close,yes,side=yes,,missing_in_forward_calibration_seed,547.393,0.873796,0.873796,0.12620399999999998,87.3796,12.620399999999998,1.0,1.0,0.015927449615999997,0.015927449615999997,0.13490834018184827,85_90,True,7.879562,76.0,101.970105,0.3071369986810028,True,48.0,True,False,True,False,False,False,True,True,True,False,False,posthoc_calibration_report_not_forward_registry
a8d4ec23e80f5b36e8906ffb,causal_seed_from_v28_forward_calibration,logs/edge_research/v28_forward_calibration_latest.csv,349,rejected_actionable,p_below_floor,rejected_actionable_from_posthoc_calibration_report,KXBTC15M-26MAY060830-30,2026-05-06T08:30:00Z,2026-05-06T08:15:15.767Z,market_close_minus_seconds_to_close,no,side=no,,missing_in_forward_calibration_seed,884.233,0.60073,0.39927,0.60073,39.927,60.073,0.0,1.0,0.3608765329,0.3608765329,0.9181173992155626,60_70,True,-2.926991,59.0,126.749728,0.94370017939859,True,-118.0,True,False,True,False,True,False,True,True,True,False,False,rejected_actionable_posthoc_not_promotion_source
e436a8d758b9836844afa9a7,causal_seed_from_v28_forward_calibration,logs/edge_research/v28_forward_calibration_latest.csv,350,rejected_actionable,p_below_floor,rejected_actionable_from_posthoc_calibration_report,KXBTC15M-26MAY060830-30,2026-05-06T08:30:00Z,2026-05-06T08:15:15.767Z,market_close_minus_seconds_to_close,yes,side=yes,,missing_in_forward_calibration_seed,884.233,0.39927,0.39927,0.60073,39.927,60.073,1.0,1.0,0.3608765329,0.3608765329,0.9181173992155626,00_50,True,-6.073009,42.0,126.749728,0.94370017939859,True,116.0,True,False,True,False,True,False,True,True,True,False,False,rejected_actionable_posthoc_not_promotion_source
f4e3f794750b8b73fd7a3d13,causal_seed_from_v28_forward_calibration,logs/edge_research/v28_forward_calibration_latest.csv,351,rejected_actionable,ask_too_high,rejected_actionable_from_posthoc_calibration_report,KXBTC15M-26MAY060830-30,2026-05-06T08:30:00Z,2026-05-06T08:22:52.669Z,market_close_minus_seconds_to_close,yes,side=yes,,missing_in_forward_calibration_seed,427.331,0.955331,0.955331,0.04466899999999996,95.5331,4.466899999999995,1.0,1.0,0.001995319560999996,0.001995319560999996,0.04569740169358401,95_100,True,1.533081,91.0,91.92658,0.14243409059700168,False,18.0,True,False,True,False,True,False,True,True,True,False,False,rejected_actionable_posthoc_not_promotion_source
ca661e66ea488a07c9ae2d76,causal_seed_from_v28_forward_calibration,logs/edge_research/v28_forward_calibration_latest.csv,352,rejected_actionable,p_below_floor,rejected_actionable_from_posthoc_calibration_report,KXBTC15M-26MAY060845-45,2026-05-06T08:45:00Z,2026-05-06T08:30:30.896Z,market_close_minus_seconds_to_close,no,side=no,,missing_in_forward_calibration_seed,869.104,0.493817,0.506183,0.49381699999999995,50.618300000000005,49.381699999999995,1.0,0.0,0.25622122948900006,0.25622122948900006,0.7055902757701707,00_50,True,-5.618347,51.0,133.243644,1.2440338348669557,True,98.0,True,False,True,False,True,False,True,True,True,False,False,rejected_actionable_posthoc_not_promotion_source
70c11370b036e7e68e387149,causal_seed_from_v28_forward_calibration,logs/edge_research/v28_forward_calibration_latest.csv,353,rejected_actionable,edge_below_floor,rejected_actionable_from_posthoc_calibration_report,KXBTC15M-26MAY060845-45,2026-05-06T08:45:00Z,2026-05-06T08:40:13.982Z,market_close_minus_seconds_to_close,no,side=no,,missing_in_forward_calibration_seed,286.018,0.862106,0.13789399999999996,0.862106,13.789399999999997,86.2106,1.0,0.0,0.019014755235999988,0.019014755235999988,0.1483770460410276,85_90,True,-2.789375,86.0,74.281605,0.17226559244353848,False,28.0,True,False,True,False,True,False,True,True,True,False,False,rejected_actionable_posthoc_not_promotion_source
f88bbe3ea4e276cb6ab4f482,causal_seed_from_v28_forward_calibration,logs/edge_research/v28_forward_calibration_latest.csv,354,rejected_actionable,ask_too_high,rejected_actionable_from_posthoc_calibration_report,KXBTC15M-26MAY060845-45,2026-05-06T08:45:00Z,2026-05-06T08:41:16.544Z,market_close_minus_seconds_to_close,no,side=no,,missing_in_forward_calibration_seed,223.456,0.886225,0.11377499999999996,0.886225,11.377499999999996,88.6225,1.0,0.0,0.01294475062499999,0.01294475062499999,0.12078441027838473,85_90,True,-5.377467,91.0,65.596054,0.12139558570190473,False,18.0,True,False,True,False,True,False,True,True,True,False,False,rejected_actionable_posthoc_not_promotion_source
9fe758642326548ad91a4eb3,causal_seed_from_v28_forward_calibration,logs/edge_research/v28_forward_calibration_latest.csv,355,rejected_actionable,p_below_floor,rejected_actionable_from_posthoc_calibration_report,KXBTC15M-26MAY060845-45,2026-05-06T08:45:00Z,2026-05-06T08:30:30.896Z,market_close_minus_seconds_to_close,yes,side=yes,,missing_in_forward_calibration_seed,869.104,0.506183,0.506183,0.49381699999999995,50.618300000000005,49.381699999999995,0.0,0.0,0.25622122948900006,0.25622122948900006,0.7055902757701707,50_60,True,-3.381653,50.0,133.243644,1.2440338348669557,True,-100.0,True,False,True,False,True,False,True,True,True,False,False,rejected_actionable_posthoc_not_promotion_source
7f66899068c3b0a3400a92ca,causal_seed_from_v28_forward_calibration,logs/edge_research/v28_forward_calibration_latest.csv,356,entry,approved_entry,approved_entry_from_posthoc_calibration_report,KXBTC15M-26MAY060900-00,2026-05-06T09:00:00Z,2026-05-06T08:55:45.383Z,market_close_minus_seconds_to_close,no,side=no,,missing_in_forward_calibration_seed,254.617,0.855256,0.14474399999999998,0.855256,14.4744,85.5256,1.0,0.0,0.020950825535999994,0.020950825535999994,0.15635443965648538,85_90,True,9.025574,73.0,64.599386,0.1456127710368916,False,-16.0,True,False,True,False,False,False,True,True,True,False,False,posthoc_calibration_report_not_forward_registry
27b7811452449194639b47dc,causal_seed_from_v28_forward_calibration,logs/edge_research/v28_forward_calibration_latest.csv,357,entry,approved_entry,approved_entry_from_posthoc_calibration_report,KXBTC15M-26MAY060900-00,2026-05-06T09:00:00Z,2026-05-06T08:57:02.158Z,market_close_minus_seconds_to_close,no,side=no,,missing_in_forward_calibration_seed,177.842,0.853869,0.146131,0.853869,14.613100000000001,85.3869,1.0,0.0,0.021354269161000004,0.021354269161000004,0.15797749274444717,85_90,True,2.886882,79.0,58.355434,0.11042228288847712,False,34.0,True,False,True,False,False,False,True,True,True,False,False,posthoc_calibration_report_not_forward_registry
8c80b28da0b8d7b7d2f58398,causal_seed_from_v28_forward_calibration,logs/edge_research/v28_forward_calibration_latest.csv,358,entry,approved_entry,approved_entry_from_posthoc_calibration_report,KXBTC15M-26MAY060900-00,2026-05-06T09:00:00Z,2026-05-06T08:47:36.184Z,market_close_minus_seconds_to_close,yes,side=yes,,missing_in_forward_calibration_seed,743.816,0.856054,0.856054,0.14394600000000002,85.6054,14.394600000000002,0.0,0.0,0.732828450916,0.732828450916,1.9383170497362194,85_90,True,4.105411,78.0,111.415066,0.42347442313737094,True,-10.0,True,False,True,False,False,False,True,True,True,False,False,posthoc_calibration_report_not_forward_registry
61fb03c6229e24e368238340,causal_seed_from_v28_forward_calibration,logs/edge_research/v28_forward_calibration_latest.csv,359,entry,approved_entry,approved_entry_from_posthoc_calibration_report,KXBTC15M-26MAY060900-00,2026-05-06T09:00:00Z,2026-05-06T08:52:10.671Z,market_close_minus_seconds_to_close,yes,side=yes,,missing_in_forward_calibration_seed,469.329,0.851503,0.851503,0.148497,85.1503,14.849699999999999,0.0,0.0,0.725057359009,0.725057359009,1.9071905229636483,85_90,True,3.650336,78.0,86.309767,0.26705469444086044,True,-76.0,True,False,True,False,False,False,True,True,True,False,False,posthoc_calibration_report_not_forward_registry
ac9640a1ab5bf823a7015c69,causal_seed_from_v28_forward_calibration,logs/edge_research/v28_forward_calibration_latest.csv,360,rejected_actionable,p_below_floor,rejected_actionable_from_posthoc_calibration_report,KXBTC15M-26MAY060900-00,2026-05-06T09:00:00Z,2026-05-06T08:45:30.827Z,market_close_minus_seconds_to_close,no,side=no,,missing_in_forward_calibration_seed,869.173,0.489345,0.5106550000000001,0.4893449999999999,51.06550000000001,48.93449999999999,1.0,0.0,0.2607685290250001,0.2607685290250001,0.7146875167981482,00_50,True,-3.065546,48.0,122.991337,1.1855021579093243,True,104.0,True,False,True,False,True,False,True,True,True,False,False,rejected_actionable_posthoc_not_promotion_source
5674ef1e1e59c6c52b203f76,causal_seed_from_v28_forward_calibration,logs/edge_research/v28_forward_calibration_latest.csv,361,rejected_actionable,edge_below_floor,rejected_actionable_from_posthoc_calibration_report,KXBTC15M-26MAY060900-00,2026-05-06T09:00:00Z,2026-05-06T08:57:00.356Z,market_close_minus_seconds_to_close,no,side=no,,missing_in_forward_calibration_seed,179.644,0.850019,0.14998100000000003,0.850019,14.998100000000003,85.00189999999999,1.0,0.0,0.02249430036100001,0.02249430036100001,0.16249657680642174,85_90,True,1.501913,80.0,58.650721,0.11307791981746038,False,40.0,True,False,True,False,True,False,True,True,True,False,False,rejected_actionable_posthoc_not_promotion_source
183ff4bf9bbd9defdf8d2234,causal_seed_from_v28_forward_calibration,logs/edge_research/v28_forward_calibration_latest.csv,362,rejected_actionable,ask_too_high,rejected_actionable_from_posthoc_calibration_report,KXBTC15M-26MAY060900-00,2026-05-06T09:00:00Z,2026-05-06T08:57:50.872Z,market_close_minus_seconds_to_close,no,side=no,,missing_in_forward_calibration_seed,129.128,0.948353,0.051647,0.948353,5.1647,94.8353,1.0,0.0,0.002667412609,0.002667412609,0.05302848316776504,90_95,True,-3.664729,96.0,49.902349,0.04703734531487866,False,8.0,True,False,True,False,True,False,True,True,True,False,False,rejected_actionable_posthoc_not_promotion_source
e369e4765fbe254f12c3eccc,causal_seed_from_v28_forward_calibration,logs/edge_research/v28_forward_calibration_latest.csv,363,rejected_actionable,p_below_floor,rejected_actionable_from_posthoc_calibration_report,KXBTC15M-26MAY060900-00,2026-05-06T09:00:00Z,2026-05-06T08:45:30.827Z,market_close_minus_seconds_to_close,yes,side=yes,,missing_in_forward_calibration_seed,869.173,0.510655,0.510655,0.48934500000000003,51.0655,48.9345,0.0,0.0,0.260768529025,0.260768529025,0.714687516798148,50_60,True,-5.934454,53.0,122.991337,1.1855021579093243,True,-106.0,True,False,True,False,True,False,True,True,True,False,False,rejected_actionable_posthoc_not_promotion_source
a14de41e7e9e2e3df92cf1ee,causal_seed_from_v28_forward_calibration,logs/edge_research/v28_forward_calibration_latest.csv,364,rejected_actionable,edge_below_floor,rejected_actionable_from_posthoc_calibration_report,KXBTC15M-26MAY060900-00,2026-05-06T09:00:00Z,2026-05-06T08:54:10.731Z,market_close_minus_seconds_to_close,yes,side=yes,,missing_in_forward_calibration_seed,349.269,0.856369,0.856369,0.14363099999999995,85.63690000000001,14.363099999999996,0.0,0.0,0.7333678641610001,0.7333678641610001,1.9405077682288687,85_90,True,0.136933,82.0,73.135621,0.19474605937187298,False,-164.0,True,False,True,False,True,False,True,True,True,False,False,rejected_actionable_posthoc_not_promotion_source
1494b547ff2e6cd5d89c9e06,causal_seed_from_v28_forward_calibration,logs/edge_research/v28_forward_calibration_latest.csv,365,entry,approved_entry,approved_entry_from_posthoc_calibration_report,KXBTC15M-26MAY060915-15,2026-05-06T09:15:00Z,2026-05-06T09:01:03.018Z,market_close_minus_seconds_to_close,no,side=no,,missing_in_forward_calibration_seed,836.982,0.850409,0.14959100000000003,0.850409,14.959100000000003,85.0409,1.0,0.0,0.02237746728100001,0.02237746728100001,0.1620378687554623,85_90,True,11.540902,70.0,128.899563,0.5084126970275672,True,0.0,True,False,True,False,False,False,True,True,True,False,False,posthoc_calibration_report_not_forward_registry
573d67df18705961b9514b7f,causal_seed_from_v28_forward_calibration,logs/edge_research/v28_forward_calibration_latest.csv,366,entry,approved_entry,approved_entry_from_posthoc_calibration_report,KXBTC15M-26MAY060915-15,2026-05-06T09:15:00Z,2026-05-06T09:04:52.725Z,market_close_minus_seconds_to_close,no,side=no,,missing_in_forward_calibration_seed,607.275,0.850534,0.149466,0.850534,14.946599999999998,85.0534,1.0,0.0,0.022340085155999997,0.022340085155999997,0.16189089146083802,85_90,True,6.553378,75.0,114.250778,0.39483162919703507,True,50.0,True,False,True,False,False,False,True,True,True,False,False,posthoc_calibration_report_not_forward_registry
dcb3c22cd47cdf603b283dc7,causal_seed_from_v28_forward_calibration,logs/edge_research/v28_forward_calibration_latest.csv,367,rejected_actionable,p_below_floor,rejected_actionable_from_posthoc_calibration_report,KXBTC15M-26MAY060915-15,2026-05-06T09:15:00Z,2026-05-06T09:00:30.364Z,market_close_minus_seconds_to_close,no,side=no,,missing_in_forward_calibration_seed,869.636,0.672099,0.327901,0.672099,32.7901,67.2099,1.0,0.0,0.107519065801,0.107519065801,0.397349627881152,60_70,True,3.209897,60.0,130.270321,0.8316367623679325,True,80.0,True,False,True,False,True,False,True,True,True,False,False,rejected_actionable_posthoc_not_promotion_source
48ec0be5855ca11192aad0c9,causal_seed_from_v28_forward_calibration,logs/edge_research/v28_forward_calibration_latest.csv,368,rejected_actionable,ask_too_high,rejected_actionable_from_posthoc_calibration_report,KXBTC15M-26MAY060915-15,2026-05-06T09:15:00Z,2026-05-06T09:06:52.803Z,market_close_minus_seconds_to_close,no,side=no,,missing_in_forward_calibration_seed,487.197,0.981356,0.018643999999999994,0.981356,1.8643999999999994,98.1356,1.0,0.0,0.0003475987359999998,0.0003475987359999998,0.018819990242143602,95_100,True,1.635613,94.0,104.996075,0.11291337809378103,False,12.0,True,False,True,False,True,False,True,True,True,False,False,rejected_actionable_posthoc_not_promotion_source
3cb29df07dd4d3b18ab89bfb,causal_seed_from_v28_forward_calibration,logs/edge_research/v28_forward_calibration_latest.csv,369,rejected_actionable,edge_below_floor,rejected_actionable_from_posthoc_calibration_report,KXBTC15M-26MAY060915-15,2026-05-06T09:15:00Z,2026-05-06T09:11:33.610Z,market_close_minus_seconds_to_close,no,side=no,,missing_in_forward_calibration_seed,206.39,0.949047,0.050953000000000026,0.949047,5.095300000000003,94.90469999999999,1.0,0.0,0.0025962082090000027,0.0025962082090000027,0.05229695578192288,90_95,True,1.904741,90.0,74.130655,0.08651074684481429,False,20.0,True,False,True,False,True,False,True,True,True,False,False,rejected_actionable_posthoc_not_promotion_source
d344e85471a0280573a560b6,causal_seed_from_v28_forward_calibration,logs/edge_research/v28_forward_calibration_latest.csv,370,rejected_actionable,p_below_floor,rejected_actionable_from_posthoc_calibration_report,KXBTC15M-26MAY060915-15,2026-05-06T09:15:00Z,2026-05-06T09:00:30.364Z,market_close_minus_seconds_to_close,yes,side=yes,,missing_in_forward_calibration_seed,869.636,0.327901,0.327901,0.672099,32.7901,67.2099,0.0,0.0,0.107519065801,0.107519065801,0.397349627881152,00_50,True,-12.209897,41.0,130.270321,0.8316367623679325,True,-82.0,True,False,True,False,True,False,True,True,True,False,False,rejected_actionable_posthoc_not_promotion_source
70deea5a7d1ce6e825289677,causal_seed_from_v28_forward_calibration,logs/edge_research/v28_forward_calibration_latest.csv,371,entry,approved_entry,approved_entry_from_posthoc_calibration_report,KXBTC15M-26MAY060930-30,2026-05-06T09:30:00Z,2026-05-06T09:20:00.414Z,market_close_minus_seconds_to_close,no,side=no,,missing_in_forward_calibration_seed,599.586,0.866835,0.13316499999999998,0.866835,13.316499999999998,86.68350000000001,1.0,0.0,0.017732917224999995,0.017732917224999995,0.14290663173179627,85_90,True,7.183483,76.0,127.632912,0.41510300263167554,True,-20.0,True,False,True,False,False,False,True,True,True,False,False,posthoc_calibration_report_not_forward_registry
fe554f1e76048f3647dd15b5,causal_seed_from_v28_forward_calibration,logs/edge_research/v28_forward_calibration_latest.csv,372,entry,approved_entry,approved_entry_from_posthoc_calibration_report,KXBTC15M-26MAY060930-30,2026-05-06T09:30:00Z,2026-05-06T09:21:20.525Z,market_close_minus_seconds_to_close,no,side=no,,missing_in_forward_calibration_seed,519.475,0.857875,0.14212499999999995,0.857875,14.212499999999995,85.78750000000001,1.0,0.0,0.020199515624999984,0.020199515624999984,0.15329687775333825,85_90,True,6.287483,76.0,121.152108,0.38059617369193155,True,-14.0,True,False,True,False,False,False,True,True,True,False,False,posthoc_calibration_report_not_forward_registry
75a71a7d31f95d16378a26af,causal_seed_from_v28_forward_calibration,logs/edge_research/v28_forward_calibration_latest.csv,373,entry,approved_entry,approved_entry_from_posthoc_calibration_report,KXBTC15M-26MAY060930-30,2026-05-06T09:30:00Z,2026-05-06T09:22:09.804Z,market_close_minus_seconds_to_close,no,side=no,,missing_in_forward_calibration_seed,470.196,0.851733,0.14826700000000004,0.851733,14.826700000000004,85.1733,1.0,0.0,0.021983103289000012,0.021983103289000012,0.16048218154837313,85_90,True,8.673278,73.0,115.605764,0.35378003234582406,True,-3.0,True,False,True,False,False,False,True,True,True,False,False,posthoc_calibration_report_not_forward_registry
2427297a54cc2ec800604cdc,causal_seed_from_v28_forward_calibration,logs/edge_research/v28_forward_calibration_latest.csv,374,entry,approved_entry,approved_entry_from_posthoc_calibration_report,KXBTC15M-26MAY060930-30,2026-05-06T09:30:00Z,2026-05-06T09:23:17.419Z,market_close_minus_seconds_to_close,no,side=no,,missing_in_forward_calibration_seed,402.581,0.852543,0.14745699999999995,0.852543,14.745699999999996,85.2543,1.0,0.0,0.021743566848999984,0.021743566848999984,0.1595316312138153,85_90,True,4.754265,77.0,106.944065,0.3078986934577516,True,46.0,True,False,True,False,False,False,True,True,True,False,False,posthoc_calibration_report_not_forward_registry
dc5e0bd9f9d72bb0953bb322,causal_seed_from_v28_forward_calibration,logs/edge_research/v28_forward_calibration_latest.csv,375,rejected_actionable,p_below_floor,rejected_actionable_from_posthoc_calibration_report,KXBTC15M-26MAY060930-30,2026-05-06T09:30:00Z,2026-05-06T09:15:15.624Z,market_close_minus_seconds_to_close,no,side=no,,missing_in_forward_calibration_seed,884.376,0.507977,0.492023,0.507977,49.2023,50.7977,1.0,0.0,0.24208663252899998,0.24208663252899998,0.6773191080191768,50_60,True,-4.202306,51.0,154.795297,1.4280828525574547,True,98.0,True,False,True,False,True,False,True,True,True,False,False,rejected_actionable_posthoc_not_promotion_source
12279a9c96cd7a239e63cf49,causal_seed_from_v28_forward_calibration,logs/edge_research/v28_forward_calibration_latest.csv,376,rejected_actionable,ask_too_high,rejected_actionable_from_posthoc_calibration_report,KXBTC15M-26MAY060930-30,2026-05-06T09:30:00Z,2026-05-06T09:25:17.467Z,market_close_minus_seconds_to_close,no,side=no,,missing_in_forward_calibration_seed,282.533,0.967428,0.032572000000000045,0.967428,3.2572000000000045,96.74279999999999,1.0,0.0,0.001060935184000003,0.001060935184000003,0.03311427545205314,95_100,True,-1.757218,96.0,88.192841,0.09500449271428811,False,8.0,True,False,True,False,True,False,True,True,True,False,False,rejected_actionable_posthoc_not_promotion_source
24aad7b79bdab988d12e009e,causal_seed_from_v28_forward_calibration,logs/edge_research/v28_forward_calibration_latest.csv,377,rejected_actionable,p_below_floor,rejected_actionable_from_posthoc_calibration_report,KXBTC15M-26MAY060930-30,2026-05-06T09:30:00Z,2026-05-06T09:15:15.624Z,market_close_minus_seconds_to_close,yes,side=yes,,missing_in_forward_calibration_seed,884.376,0.492023,0.492023,0.507977,49.2023,50.7977,0.0,0.0,0.24208663252899998,0.24208663252899998,0.6773191080191768,00_50,True,-4.797694,50.0,154.795297,1.4280828525574547,True,-100.0,True,False,True,False,True,False,True,True,True,False,False,rejected_actionable_posthoc_not_promotion_source
c0b05c033e8a9ab9fdcdcbd7,causal_seed_from_v28_forward_calibration,logs/edge_research/v28_forward_calibration_latest.csv,378,entry,approved_entry,approved_entry_from_posthoc_calibration_report,KXBTC15M-26MAY060945-45,2026-05-06T09:45:00Z,2026-05-06T09:30:42.908Z,market_close_minus_seconds_to_close,no,side=no,,missing_in_forward_calibration_seed,857.092,0.854149,0.14585099999999995,0.854149,14.585099999999995,85.4149,1.0,0.0,0.021272514200999987,0.021272514200999987,0.15764962734430701,85_90,True,22.414906,59.0,149.202987,0.5882306018534502,True,-16.0,True,False,True,False,False,False,True,True,True,False,False,posthoc_calibration_report_not_forward_registry
77cb7f023765c58979f2754f,causal_seed_from_v28_forward_calibration,logs/edge_research/v28_forward_calibration_latest.csv,379,entry,approved_entry,approved_entry_from_posthoc_calibration_report,KXBTC15M-26MAY060945-45,2026-05-06T09:45:00Z,2026-05-06T09:37:31.583Z,market_close_minus_seconds_to_close,no,side=no,,missing_in_forward_calibration_seed,448.417,0.850231,0.14976900000000004,0.850231,14.976900000000004,85.0231,1.0,0.0,0.022430753361000012,0.022430753361000012,0.16224720171323118,85_90,True,11.523092,70.0,109.863923,0.33255592758743224,True,-16.0,True,False,True,False,False,False,True,True,True,False,False,posthoc_calibration_report_not_forward_registry
e6264b9b6222607da927cbc5,causal_seed_from_v28_forward_calibration,logs/edge_research/v28_forward_calibration_latest.csv,380,entry,approved_entry,approved_entry_from_posthoc_calibration_report,KXBTC15M-26MAY060945-45,2026-05-06T09:45:00Z,2026-05-06T09:39:39.342Z,market_close_minus_seconds_to_close,no,side=no,,missing_in_forward_calibration_seed,320.658,0.861162,0.13883800000000002,0.861162,13.8838,86.11619999999999,1.0,0.0,0.019275990244000004,0.019275990244000004,0.1494726389429158,85_90,True,11.616192,71.0,91.219395,0.22595024441507225,False,-12.0,True,False,True,False,False,False,True,True,True,False,False,posthoc_calibration_report_not_forward_registry
fb67ef4c35a81ff3d054235a,causal_seed_from_v28_forward_calibration,logs/edge_research/v28_forward_calibration_latest.csv,381,entry,approved_entry,approved_entry_from_posthoc_calibration_report,KXBTC15M-26MAY060945-45,2026-05-06T09:45:00Z,2026-05-06T09:40:40.837Z,market_close_minus_seconds_to_close,no,side=no,,missing_in_forward_calibration_seed,259.163,0.852929,0.14707099999999995,0.852929,14.707099999999995,85.2929,1.0,0.0,0.021629879040999986,0.021629879040999986,0.15907897059365736,85_90,True,9.792897,72.0,82.32698,0.1882466731492732,False,48.0,True,False,True,False,False,False,True,True,True,False,False,posthoc_calibration_report_not_forward_registry
cef9c1055bd61d0b96a03a3a,causal_seed_from_v28_forward_calibration,logs/edge_research/v28_forward_calibration_latest.csv,382,rejected_actionable,p_below_floor,rejected_actionable_from_posthoc_calibration_report,KXBTC15M-26MAY060945-45,2026-05-06T09:45:00Z,2026-05-06T09:30:15.619Z,market_close_minus_seconds_to_close,no,side=no,,missing_in_forward_calibration_seed,884.381,0.761891,0.23810900000000002,0.761891,23.8109,76.1891,1.0,0.0,0.056695895881000005,0.056695895881000005,0.2719517781467707,70_80,True,22.189071,50.0,151.628055,0.7777211088980476,True,100.0,True,False,True,False,True,False,True,True,True,False,False,rejected_actionable_posthoc_not_promotion_source
9bf6da101882fdcaab1ea52f,causal_seed_from_v28_forward_calibration,logs/edge_research/v28_forward_calibration_latest.csv,383,rejected_actionable,ask_too_high,rejected_actionable_from_posthoc_calibration_report,KXBTC15M-26MAY060945-45,2026-05-06T09:45:00Z,2026-05-06T09:42:40.896Z,market_close_minus_seconds_to_close,no,side=no,,missing_in_forward_calibration_seed,139.104,0.970324,0.029676000000000036,0.970324,2.9676000000000036,97.0324,1.0,0.0,0.0008806649760000021,0.0008806649760000021,0.0301252426386196,95_100,True,0.532433,94.0,60.32621,0.04310772899505975,False,12.0,True,False,True,False,True,False,True,True,True,False,False,rejected_actionable_posthoc_not_promotion_source
2c42988882e5b2dde9e70b71,causal_seed_from_v28_forward_calibration,logs/edge_research/v28_forward_calibration_latest.csv,384,rejected_actionable,edge_below_floor,rejected_actionable_from_posthoc_calibration_report,KXBTC15M-26MAY060945-45,2026-05-06T09:45:00Z,2026-05-06T09:43:47.674Z,market_close_minus_seconds_to_close,no,side=no,,missing_in_forward_calibration_seed,72.326,0.880519,0.11948099999999995,0.880519,11.948099999999995,88.0519,1.0,0.0,0.014275709360999988,0.014275709360999988,0.12724377263019668,85_90,True,-4.948051,90.0,43.581501,0.048090868801431944,False,20.0,True,False,True,False,True,False,True,True,True,False,False,rejected_actionable_posthoc_not_promotion_source
321cb3562b3a5b73f237d43b,causal_seed_from_v28_forward_calibration,logs/edge_research/v28_forward_calibration_latest.csv,385,rejected_actionable,p_below_floor,rejected_actionable_from_posthoc_calibration_report,KXBTC15M-26MAY060945-45,2026-05-06T09:45:00Z,2026-05-06T09:30:15.619Z,market_close_minus_seconds_to_close,yes,side=yes,,missing_in_forward_calibration_seed,884.381,0.238109,0.238109,0.761891,23.8109,76.1891,0.0,0.0,0.05669589588099999,0.05669589588099999,0.2719517781467707,00_50,True,-31.189071,51.0,151.628055,0.7777211088980476,True,-102.0,True,False,True,False,True,False,True,True,True,False,False,rejected_actionable_posthoc_not_promotion_source
416f997287528038f32f1965,causal_seed_from_v28_forward_calibration,logs/edge_research/v28_forward_calibration_latest.csv,386,entry,approved_entry,approved_entry_from_posthoc_calibration_report,KXBTC15M-26MAY061000-00,2026-05-06T10:00:00Z,2026-05-06T09:46:04.291Z,market_close_minus_seconds_to_close,no,side=no,,missing_in_forward_calibration_seed,835.709,0.854748,0.14525200000000005,0.854748,14.525200000000005,85.4748,1.0,0.0,0.021098143504000015,0.021098143504000015,0.15694859033092168,85_90,True,16.474759,65.0,150.536104,0.5866639910305327,True,70.0,True,False,True,False,False,False,True,True,True,False,False,posthoc_calibration_report_not_forward_registry
0198e272e3a85c875e3fbfd4,causal_seed_from_v28_forward_calibration,logs/edge_research/v28_forward_calibration_latest.csv,387,rejected_actionable,p_below_floor,rejected_actionable_from_posthoc_calibration_report,KXBTC15M-26MAY061000-00,2026-05-06T10:00:00Z,2026-05-06T09:45:15.623Z,market_close_minus_seconds_to_close,no,side=no,,missing_in_forward_calibration_seed,884.377,0.513222,0.48677800000000004,0.513222,48.677800000000005,51.322199999999995,1.0,0.0,0.23695282128400005,0.23695282128400005,0.6670467788819995,50_60,True,-2.677845,50.0,153.401552,1.4116432447229272,True,100.0,True,False,True,False,True,False,True,True,True,False,False,rejected_actionable_posthoc_not_promotion_source
116fbb893fb93a6765e75f36,causal_seed_from_v28_forward_calibration,logs/edge_research/v28_forward_calibration_latest.csv,388,rejected_actionable,ask_too_high,rejected_actionable_from_posthoc_calibration_report,KXBTC15M-26MAY061000-00,2026-05-06T10:00:00Z,2026-05-06T09:54:04.469Z,market_close_minus_seconds_to_close,no,side=no,,missing_in_forward_calibration_seed,355.531,0.984618,0.015382000000000007,0.984618,1.5382000000000007,98.4618,1.0,0.0,0.0002366059240000002,0.0002366059240000002,0.015501530289493087,95_100,True,1.961788,94.0,101.538377,0.07859041615715072,False,12.0,True,False,True,False,True,False,True,True,True,False,False,rejected_actionable_posthoc_not_promotion_source
3c6ccd480e51e95fc2bfee17,causal_seed_from_v28_forward_calibration,logs/edge_research/v28_forward_calibration_latest.csv,389,rejected_actionable,p_below_floor,rejected_actionable_from_posthoc_calibration_report,KXBTC15M-26MAY061000-00,2026-05-06T10:00:00Z,2026-05-06T09:45:15.623Z,market_close_minus_seconds_to_close,yes,side=yes,,missing_in_forward_calibration_seed,884.377,0.486778,0.486778,0.5132220000000001,48.6778,51.32220000000001,0.0,0.0,0.236952821284,0.236952821284,0.6670467788819993,00_50,True,-9.322155,54.0,153.401552,1.4116432447229272,True,-108.0,True,False,True,False,True,False,True,True,True,False,False,rejected_actionable_posthoc_not_promotion_source
cee0c6d48e7dccb45c7f4474,causal_seed_from_v28_forward_calibration,logs/edge_research/v28_forward_calibration_latest.csv,390,entry,approved_entry,approved_entry_from_posthoc_calibration_report,KXBTC15M-26MAY061015-15,2026-05-06T10:15:00Z,2026-05-06T10:01:01.691Z,market_close_minus_seconds_to_close,no,side=no,,missing_in_forward_calibration_seed,838.309,0.859312,0.14068800000000004,0.859312,14.068800000000003,85.93119999999999,1.0,0.0,0.01979311334400001,0.01979311334400001,0.1516232099053528,85_90,True,13.931175,68.0,154.496323,0.5814886127535356,True,-6.0,True,False,True,False,False,False,True,True,True,False,False,posthoc_calibration_report_not_forward_registry
6413bf4bce00806ed9266528,causal_seed_from_v28_forward_calibration,logs/edge_research/v28_forward_calibration_latest.csv,391,entry,approved_entry,approved_entry_from_posthoc_calibration_report,KXBTC15M-26MAY061015-15,2026-05-06T10:15:00Z,2026-05-06T10:02:01.253Z,market_close_minus_seconds_to_close,no,side=no,,missing_in_forward_calibration_seed,778.747,0.85586,0.14414000000000005,0.85586,14.414000000000005,85.586,1.0,0.0,0.020776339600000013,0.020776339600000013,0.15564846761825316,85_90,True,12.085958,70.0,147.555942,0.5588405505167043,True,0.0,True,False,True,False,False,False,True,True,True,False,False,posthoc_calibration_report_not_forward_registry
e54ea160b7cd6670abf24ca2,causal_seed_from_v28_forward_calibration,logs/edge_research/v28_forward_calibration_latest.csv,392,entry,approved_entry,approved_entry_from_posthoc_calibration_report,KXBTC15M-26MAY061015-15,2026-05-06T10:15:00Z,2026-05-06T10:03:29.115Z,market_close_minus_seconds_to_close,no,side=no,,missing_in_forward_calibration_seed,690.885,0.853364,0.146636,0.853364,14.663599999999999,85.3364,1.0,0.0,0.021502116495999996,0.021502116495999996,0.15856909332237507,85_90,True,8.83635,73.0,137.49369,0.5053900102338842,True,54.0,True,False,True,False,False,False,True,True,True,False,False,posthoc_calibration_report_not_forward_registry
92e44c96103b352c78f50188,causal_seed_from_v28_forward_calibration,logs/edge_research/v28_forward_calibration_latest.csv,393,rejected_actionable,p_below_floor,rejected_actionable_from_posthoc_calibration_report,KXBTC15M-26MAY061015-15,2026-05-06T10:15:00Z,2026-05-06T10:00:16.005Z,market_close_minus_seconds_to_close,no,side=no,,missing_in_forward_calibration_seed,883.995,0.595554,0.40444599999999997,0.595554,40.444599999999994,59.555400000000006,1.0,0.0,0.16357656691599998,0.16357656691599998,0.5182632141972183,50_60,True,3.5554,52.0,158.931571,1.1301500705496994,True,96.0,True,False,True,False,True,False,True,True,True,False,False,rejected_actionable_posthoc_not_promotion_source
8d5ef231c95f3fd73a9d114f,causal_seed_from_v28_forward_calibration,logs/edge_research/v28_forward_calibration_latest.csv,394,rejected_actionable,ask_too_high,rejected_actionable_from_posthoc_calibration_report,KXBTC15M-26MAY061015-15,2026-05-06T10:15:00Z,2026-05-06T10:05:29.240Z,market_close_minus_seconds_to_close,no,side=no,,missing_in_forward_calibration_seed,570.76,0.993524,0.006476000000000037,0.993524,0.6476000000000037,99.3524,1.0,0.0,4.193857600000048e-05,4.193857600000048e-05,0.0064970602614075525,95_100,True,1.852352,95.0,127.657647,0.09087492969872225,False,10.0,True,False,True,False,True,False,True,True,True,False,False,rejected_actionable_posthoc_not_promotion_source
3fa04e0be22dd5a1e908fc51,causal_seed_from_v28_forward_calibration,logs/edge_research/v28_forward_calibration_latest.csv,395,rejected_actionable,p_below_floor,rejected_actionable_from_posthoc_calibration_report,KXBTC15M-26MAY061015-15,2026-05-06T10:15:00Z,2026-05-06T10:00:16.005Z,market_close_minus_seconds_to_close,yes,side=yes,,missing_in_forward_calibration_seed,883.995,0.404446,0.404446,0.5955539999999999,40.4446,59.55539999999999,0.0,0.0,0.16357656691600003,0.16357656691600003,0.5182632141972185,00_50,True,-13.5554,50.0,158.931571,1.1301500705496994,True,-100.0,True,False,True,False,True,False,True,True,True,False,False,rejected_actionable_posthoc_not_promotion_source
eba189cf4f63a8485b6035f5,causal_seed_from_v28_forward_calibration,logs/edge_research/v28_forward_calibration_latest.csv,396,entry,approved_entry,approved_entry_from_posthoc_calibration_report,KXBTC15M-26MAY061030-30,2026-05-06T10:30:00Z,2026-05-06T10:21:21.955Z,market_close_minus_seconds_to_close,yes,side=yes,,missing_in_forward_calibration_seed,518.045,0.851204,0.851204,0.14879600000000004,85.12039999999999,14.879600000000003,1.0,1.0,0.022140249616000012,0.022140249616000012,0.1611034611576783,85_90,True,3.620359,78.0,129.182932,0.4119781212705184,True,-16.0,True,False,True,False,False,False,True,True,True,False,False,posthoc_calibration_report_not_forward_registry
b479524905afdee131a4d20b,causal_seed_from_v28_forward_calibration,logs/edge_research/v28_forward_calibration_latest.csv,397,entry,approved_entry,approved_entry_from_posthoc_calibration_report,KXBTC15M-26MAY061030-30,2026-05-06T10:30:00Z,2026-05-06T10:22:08.240Z,market_close_minus_seconds_to_close,yes,side=yes,,missing_in_forward_calibration_seed,471.76,0.850668,0.850668,0.14933200000000002,85.0668,14.933200000000003,1.0,1.0,0.022300046224000006,0.022300046224000006,0.1617333557886755,85_90,True,3.566818,78.0,123.624961,0.3767253384297188,True,-10.0,True,False,True,False,False,False,True,True,True,False,False,posthoc_calibration_report_not_forward_registry
e2bfb2bad82299d9d2795842,causal_seed_from_v28_forward_calibration,logs/edge_research/v28_forward_calibration_latest.csv,398,entry,approved_entry,approved_entry_from_posthoc_calibration_report,KXBTC15M-26MAY061030-30,2026-05-06T10:30:00Z,2026-05-06T10:23:02.167Z,market_close_minus_seconds_to_close,yes,side=yes,,missing_in_forward_calibration_seed,417.833,0.861605,0.861605,0.13839500000000005,86.1605,13.839500000000005,1.0,1.0,0.019153176025000013,0.019153176025000013,0.1489583499998792,85_90,True,8.660544,74.0,115.364165,0.32474472240620245,True,52.0,True,False,True,False,False,False,True,True,True,False,False,posthoc_calibration_report_not_forward_registry
9cf4789b588f19af4205b2b3,causal_seed_from_v28_forward_calibration,logs/edge_research/v28_forward_calibration_latest.csv,399,rejected_actionable,p_below_floor,rejected_actionable_from_posthoc_calibration_report,KXBTC15M-26MAY061030-30,2026-05-06T10:30:00Z,2026-05-06T10:15:31.058Z,market_close_minus_seconds_to_close,no,side=no,,missing_in_forward_calibration_seed,868.942,0.381847,0.618153,0.38184700000000005,61.81529999999999,38.18470000000001,0.0,1.0,0.145807131409,0.14580713140900003,0.4810192793500047,00_50,True,-5.815254,40.0,168.006018,1.1682803908710917,True,-80.0,True,False,True,False,True,False,True,True,True,False,False,rejected_actionable_posthoc_not_promotion_source
ab9155db65efe507b59f1081,causal_seed_from_v28_forward_calibration,logs/edge_research/v28_forward_calibration_latest.csv,400,rejected_actionable,p_below_floor,rejected_actionable_from_posthoc_calibration_report,KXBTC15M-26MAY061030-30,2026-05-06T10:30:00Z,2026-05-06T10:15:31.058Z,market_close_minus_seconds_to_close,yes,side=yes,,missing_in_forward_calibration_seed,868.942,0.618153,0.618153,0.38184700000000005,61.81529999999999,38.18470000000001,1.0,1.0,0.14580713140900003,0.14580713140900003,0.4810192793500047,60_70,True,-3.184746,61.0,168.006018,1.1682803908710917,True,78.0,True,False,True,False,True,False,True,True,True,False,False,rejected_actionable_posthoc_not_promotion_source
1b3af1b9e301f0bb9f0fc693,causal_seed_from_v28_forward_calibration,logs/edge_research/v28_forward_calibration_latest.csv,401,rejected_actionable,ask_too_high,rejected_actionable_from_posthoc_calibration_report,KXBTC15M-26MAY061030-30,2026-05-06T10:30:00Z,2026-05-06T10:25:02.255Z,market_close_minus_seconds_to_close,yes,side=yes,,missing_in_forward_calibration_seed,297.745,0.967447,0.967447,0.032553000000000054,96.7447,3.2553000000000054,1.0,1.0,0.0010596978090000036,0.0010596978090000036,0.03309463594045616,95_100,True,1.244652,93.0,97.54483,0.10541126260945864,False,14.0,True,False,True,False,True,False,True,True,True,False,False,rejected_actionable_posthoc_not_promotion_source
1560420b4aec530c7ff1b8f8,causal_seed_from_v28_forward_calibration,logs/edge_research/v28_forward_calibration_latest.csv,402,entry,approved_entry,approved_entry_from_posthoc_calibration_report,KXBTC15M-26MAY061045-45,2026-05-06T10:45:00Z,2026-05-06T10:36:03.474Z,market_close_minus_seconds_to_close,yes,side=yes,,missing_in_forward_calibration_seed,536.526,0.861569,0.861569,0.13843099999999997,86.15690000000001,13.843099999999996,1.0,1.0,0.01916314176099999,0.01916314176099999,0.1490001333601262,85_90,True,2.656943,80.0,132.521908,0.4088757000780344,True,-6.0,True,False,True,False,False,False,True,True,True,False,False,posthoc_calibration_report_not_forward_registry
231fac0b4e23c6fc19907498,causal_seed_from_v28_forward_calibration,logs/edge_research/v28_forward_calibration_latest.csv,403,entry,approved_entry,approved_entry_from_posthoc_calibration_report,KXBTC15M-26MAY061045-45,2026-05-06T10:45:00Z,2026-05-06T10:42:39.031Z,market_close_minus_seconds_to_close,yes,side=yes,,missing_in_forward_calibration_seed,140.969,0.896088,0.896088,0.103912,89.6088,10.391200000000001,1.0,1.0,0.010797703744000001,0.010797703744000001,0.10971665654419949,85_90,True,2.608755,84.0,64.395182,0.0904738204447633,False,28.0,True,False,True,False,False,False,True,True,True,False,False,posthoc_calibration_report_not_forward_registry
9c36a9264c892dafe876d954,causal_seed_from_v28_forward_calibration,logs/edge_research/v28_forward_calibration_latest.csv,404,rejected_actionable,p_below_floor,rejected_actionable_from_posthoc_calibration_report,KXBTC15M-26MAY061045-45,2026-05-06T10:45:00Z,2026-05-06T10:30:31.158Z,market_close_minus_seconds_to_close,no,side=no,,missing_in_forward_calibration_seed,868.842,0.601767,0.39823299999999995,0.601767,39.823299999999996,60.176700000000004,0.0,1.0,0.3621235222890001,0.3621235222890001,0.9207180178576359,60_70,True,-0.823286,57.0,170.253162,1.1914432313408034,True,-114.0,True,False,True,False,True,False,True,True,True,False,False,rejected_actionable_posthoc_not_promotion_source
5574c99177578284b77ce57b,causal_seed_from_v28_forward_calibration,logs/edge_research/v28_forward_calibration_latest.csv,405,rejected_actionable,p_below_floor,rejected_actionable_from_posthoc_calibration_report,KXBTC15M-26MAY061045-45,2026-05-06T10:45:00Z,2026-05-06T10:30:31.158Z,market_close_minus_seconds_to_close,yes,side=yes,,missing_in_forward_calibration_seed,868.842,0.398233,0.398233,0.6017669999999999,39.8233,60.1767,1.0,1.0,0.3621235222889999,0.3621235222889999,0.9207180178576357,00_50,True,-8.176714,44.0,170.253162,1.1914432313408034,True,112.0,True,False,True,False,True,False,True,True,True,False,False,rejected_actionable_posthoc_not_promotion_source
ae2c61371c614495d7a7058e,causal_seed_from_v28_forward_calibration,logs/edge_research/v28_forward_calibration_latest.csv,406,rejected_actionable,edge_below_floor,rejected_actionable_from_posthoc_calibration_report,KXBTC15M-26MAY061045-45,2026-05-06T10:45:00Z,2026-05-06T10:35:51.473Z,market_close_minus_seconds_to_close,yes,side=yes,,missing_in_forward_calibration_seed,548.527,0.852897,0.852897,0.14710299999999998,85.2897,14.710299999999998,1.0,1.0,0.021639292608999994,0.021639292608999994,0.15911648907444473,85_90,True,0.789651,81.0,134.987961,0.4369813687938103,True,38.0,True,False,True,False,True,False,True,True,True,False,False,rejected_actionable_posthoc_not_promotion_source
235d594dc9874d6e2a808fbc,causal_seed_from_v28_forward_calibration,logs/edge_research/v28_forward_calibration_latest.csv,407,rejected_actionable,ask_too_high,rejected_actionable_from_posthoc_calibration_report,KXBTC15M-26MAY061045-45,2026-05-06T10:45:00Z,2026-05-06T10:40:08.258Z,market_close_minus_seconds_to_close,yes,side=yes,,missing_in_forward_calibration_seed,291.742,0.893818,0.893818,0.106182,89.3818,10.6182,1.0,1.0,0.011274617124,0.011274617124,0.11225310395207007,85_90,True,-4.618205,91.0,93.730372,0.19031905753032494,False,18.0,True,False,True,False,True,False,True,True,True,False,False,rejected_actionable_posthoc_not_promotion_source
aee6b35f623d1d9adc947bb7,causal_seed_from_v28_forward_calibration,logs/edge_research/v28_forward_calibration_latest.csv,408,entry,approved_entry,approved_entry_from_posthoc_calibration_report,KXBTC15M-26MAY061100-00,2026-05-06T11:00:00Z,2026-05-06T10:49:02.515Z,market_close_minus_seconds_to_close,no,side=no,,missing_in_forward_calibration_seed,657.485,0.880408,0.11959200000000003,0.880408,11.959200000000003,88.04079999999999,1.0,0.0,0.014302246464000008,0.014302246464000008,0.12736984259237807,85_90,True,2.040808,83.0,137.175264,0.4421322714023326,True,-40.0,True,False,True,False,False,False,True,True,True,False,False,posthoc_calibration_report_not_forward_registry
831cb886c03ebc99710319d5,causal_seed_from_v28_forward_calibration,logs/edge_research/v28_forward_calibration_latest.csv,409,entry,approved_entry,approved_entry_from_posthoc_calibration_report,KXBTC15M-26MAY061100-00,2026-05-06T11:00:00Z,2026-05-06T10:52:03.894Z,market_close_minus_seconds_to_close,no,side=no,,missing_in_forward_calibration_seed,476.106,0.868814,0.13118600000000002,0.868814,13.118600000000002,86.8814,1.0,0.0,0.017209766596000008,0.017209766596000008,0.14062621575181927,85_90,True,2.381373,81.0,116.048052,0.331062545685405,True,38.0,True,False,True,False,False,False,True,True,True,False,False,posthoc_calibration_report_not_forward_registry
64df1865b1c73ff37ae96a87,causal_seed_from_v28_forward_calibration,logs/edge_research/v28_forward_calibration_latest.csv,410,rejected_actionable,p_below_floor,rejected_actionable_from_posthoc_calibration_report,KXBTC15M-26MAY061100-00,2026-05-06T11:00:00Z,2026-05-06T10:45:34.679Z,market_close_minus_seconds_to_close,no,side=no,,missing_in_forward_calibration_seed,865.321,0.259626,0.740374,0.259626,74.03739999999999,25.962600000000002,1.0,0.0,0.548153659876,0.548153659876,1.3485131450840824,00_50,True,-4.537371,27.0,158.814408,0.8095870263237541,True,146.0,True,False,True,False,True,False,True,True,True,False,False,rejected_actionable_posthoc_not_promotion_source
a57dccecb81c9e922364b1fe,causal_seed_from_v28_forward_calibration,logs/edge_research/v28_forward_calibration_latest.csv,411,rejected_actionable,edge_below_floor,rejected_actionable_from_posthoc_calibration_report,KXBTC15M-26MAY061100-00,2026-05-06T11:00:00Z,2026-05-06T10:51:43.762Z,market_close_minus_seconds_to_close,no,side=no,,missing_in_forward_calibration_seed,496.238,0.864919,0.135081,0.864919,13.5081,86.4919,1.0,0.0,0.018246876561000002,0.018246876561000002,0.14511941805340492,85_90,True,1.991916,81.0,119.011371,0.3521638603626218,True,38.0,True,False,True,False,True,False,True,True,True,False,False,rejected_actionable_posthoc_not_promotion_source
b669baa2df270373e6b33e5d,causal_seed_from_v28_forward_calibration,logs/edge_research/v28_forward_calibration_latest.csv,412,rejected_actionable,ask_too_high,rejected_actionable_from_posthoc_calibration_report,KXBTC15M-26MAY061100-00,2026-05-06T11:00:00Z,2026-05-06T10:54:03.976Z,market_close_minus_seconds_to_close,no,side=no,,missing_in_forward_calibration_seed,356.024,0.947349,0.052651,0.947349,5.2651,94.7349,1.0,0.0,0.0027721278010000004,0.0027721278010000004,0.054087721480403646,90_95,True,-0.26508,92.0,101.227034,0.15527017111702904,False,16.0,True,False,True,False,True,False,True,True,True,False,False,rejected_actionable_posthoc_not_promotion_source
ccf0bf3f3f467ec342513ede,causal_seed_from_v28_forward_calibration,logs/edge_research/v28_forward_calibration_latest.csv,413,rejected_actionable,p_below_floor,rejected_actionable_from_posthoc_calibration_report,KXBTC15M-26MAY061100-00,2026-05-06T11:00:00Z,2026-05-06T10:45:34.679Z,market_close_minus_seconds_to_close,yes,side=yes,,missing_in_forward_calibration_seed,865.321,0.740374,0.740374,0.259626,74.03739999999999,25.962600000000002,0.0,0.0,0.548153659876,0.548153659876,1.3485131450840824,70_80,True,-3.462629,74.0,158.814408,0.8095870263237541,True,-148.0,True,False,True,False,True,False,True,True,True,False,False,rejected_actionable_posthoc_not_promotion_source
34b849f83e9a334f78764a15,causal_seed_from_v28_forward_calibration,logs/edge_research/v28_forward_calibration_latest.csv,414,rejected_actionable,p_below_floor,rejected_actionable_from_posthoc_calibration_report,KXBTC15M-26MAY061115-15,2026-05-06T11:15:00Z,2026-05-06T11:00:30.452Z,market_close_minus_seconds_to_close,no,side=no,,missing_in_forward_calibration_seed,869.548,0.466378,0.533622,0.46637799999999996,53.3622,46.6378,1.0,0.0,0.28475243888400004,0.28475243888400004,0.7627588148697058,00_50,True,-6.362188,49.0,156.788182,1.4528882832170376,True,102.0,True,False,True,False,True,False,True,True,True,False,False,rejected_actionable_posthoc_not_promotion_source
6784f0ee1f4fcb0b581305e8,causal_seed_from_v28_forward_calibration,logs/edge_research/v28_forward_calibration_latest.csv,415,rejected_actionable,ask_too_high,rejected_actionable_from_posthoc_calibration_report,KXBTC15M-26MAY061115-15,2026-05-06T11:15:00Z,2026-05-06T11:12:22.510Z,market_close_minus_seconds_to_close,no,side=no,,missing_in_forward_calibration_seed,157.49,0.748362,0.25163800000000003,0.748362,25.163800000000002,74.83619999999999,1.0,0.0,0.06332168304400002,0.06332168304400002,0.289868460857934,70_80,True,-19.163836,91.0,64.535033,0.15150307428633572,False,18.0,True,False,True,False,True,False,True,True,True,False,False,rejected_actionable_posthoc_not_promotion_source
34d37f9b48cbd1562178a679,causal_seed_from_v28_forward_calibration,logs/edge_research/v28_forward_calibration_latest.csv,416,rejected_actionable,p_below_floor,rejected_actionable_from_posthoc_calibration_report,KXBTC15M-26MAY061115-15,2026-05-06T11:15:00Z,2026-05-06T11:00:30.452Z,market_close_minus_seconds_to_close,yes,side=yes,,missing_in_forward_calibration_seed,869.548,0.533622,0.533622,0.46637799999999996,53.3622,46.6378,0.0,0.0,0.28475243888400004,0.28475243888400004,0.7627588148697058,50_60,True,-2.637812,52.0,156.788182,1.4528882832170376,True,-104.0,True,False,True,False,True,False,True,True,True,False,False,rejected_actionable_posthoc_not_promotion_source
98320b084543b99de65fd17a,causal_seed_from_v28_forward_calibration,logs/edge_research/v28_forward_calibration_latest.csv,417,entry,approved_entry,approved_entry_from_posthoc_calibration_report,KXBTC15M-26MAY061130-30,2026-05-06T11:30:00Z,2026-05-06T11:16:07.740Z,market_close_minus_seconds_to_close,yes,side=yes,,missing_in_forward_calibration_seed,832.26,0.877418,0.877418,0.12258199999999997,87.7418,12.258199999999997,1.0,1.0,0.015026346723999993,0.015026346723999993,0.1307717753020338,85_90,True,4.241773,80.0,151.382846,0.5363298971132572,True,40.0,True,False,True,False,False,False,True,True,True,False,False,posthoc_calibration_report_not_forward_registry
b3ee9b297f1597a3906ee8d6,causal_seed_from_v28_forward_calibration,logs/edge_research/v28_forward_calibration_latest.csv,418,rejected_actionable,p_below_floor,rejected_actionable_from_posthoc_calibration_report,KXBTC15M-26MAY061130-30,2026-05-06T11:30:00Z,2026-05-06T11:15:16.911Z,market_close_minus_seconds_to_close,no,side=no,,missing_in_forward_calibration_seed,883.089,0.346899,0.6531009999999999,0.34689900000000007,65.31009999999999,34.68990000000001,0.0,1.0,0.12033891620100001,0.12033891620100005,0.4260234909156105,00_50,True,-5.310108,36.0,155.355004,1.0562212924605836,True,-72.0,True,False,True,False,True,False,True,True,True,False,False,rejected_actionable_posthoc_not_promotion_source
74ee258f0d125d1fb5fd9b98,causal_seed_from_v28_forward_calibration,logs/edge_research/v28_forward_calibration_latest.csv,419,rejected_actionable,p_below_floor,rejected_actionable_from_posthoc_calibration_report,KXBTC15M-26MAY061130-30,2026-05-06T11:30:00Z,2026-05-06T11:15:16.911Z,market_close_minus_seconds_to_close,yes,side=yes,,missing_in_forward_calibration_seed,883.089,0.653101,0.653101,0.34689899999999996,65.3101,34.689899999999994,1.0,1.0,0.12033891620099997,0.12033891620099997,0.4260234909156103,60_70,True,-3.689892,65.0,155.355004,1.0562212924605836,True,70.0,True,False,True,False,True,False,True,True,True,False,False,rejected_actionable_posthoc_not_promotion_source
37f350c6a63fff248dc52dd2,causal_seed_from_v28_forward_calibration,logs/edge_research/v28_forward_calibration_latest.csv,420,rejected_actionable,edge_below_floor,rejected_actionable_from_posthoc_calibration_report,KXBTC15M-26MAY061130-30,2026-05-06T11:30:00Z,2026-05-06T11:15:54.527Z,market_close_minus_seconds_to_close,yes,side=yes,,missing_in_forward_calibration_seed,845.473,0.85585,0.85585,0.14415,85.585,14.415,1.0,1.0,0.0207792225,0.0207792225,0.15566015184046378,85_90,True,0.084975,82.0,152.168054,0.5887897284997061,True,36.0,True,False,True,False,True,False,True,True,True,False,False,rejected_actionable_posthoc_not_promotion_source
17284063874e447f1c9812e2,causal_seed_from_v28_forward_calibration,logs/edge_research/v28_forward_calibration_latest.csv,421,rejected_actionable,ask_too_high,rejected_actionable_from_posthoc_calibration_report,KXBTC15M-26MAY061130-30,2026-05-06T11:30:00Z,2026-05-06T11:18:11.060Z,market_close_minus_seconds_to_close,yes,side=yes,,missing_in_forward_calibration_seed,708.94,0.986191,0.986191,0.01380899999999996,98.6191,1.380899999999996,1.0,1.0,0.0001906884809999989,0.0001906884809999989,0.013905231171696522,95_100,True,1.119059,95.0,140.494902,0.15375791162839364,False,10.0,True,False,True,False,True,False,True,True,True,False,False,rejected_actionable_posthoc_not_promotion_source
0dccb5d7e78030687e5b6e73,causal_seed_from_v28_forward_calibration,logs/edge_research/v28_forward_calibration_latest.csv,422,rejected_actionable,p_below_floor,rejected_actionable_from_posthoc_calibration_report,KXBTC15M-26MAY061145-45,2026-05-06T11:45:00Z,2026-05-06T11:30:16.042Z,market_close_minus_seconds_to_close,no,side=no,,missing_in_forward_calibration_seed,883.958,0.502076,0.49792400000000003,0.502076,49.7924,50.2076,1.0,0.0,0.24792830977600003,0.24792830977600003,0.6890037763270762,50_60,True,-2.792407,49.0,151.477102,1.4170503622593236,True,102.0,True,False,True,False,True,False,True,True,True,False,False,rejected_actionable_posthoc_not_promotion_source
bb9c6ad52631d8548e47449f,causal_seed_from_v28_forward_calibration,logs/edge_research/v28_forward_calibration_latest.csv,423,rejected_actionable,edge_below_floor,rejected_actionable_from_posthoc_calibration_report,KXBTC15M-26MAY061145-45,2026-05-06T11:45:00Z,2026-05-06T11:38:48.292Z,market_close_minus_seconds_to_close,no,side=no,,missing_in_forward_calibration_seed,371.708,0.879087,0.12091300000000005,0.879087,12.091300000000004,87.9087,1.0,0.0,0.014619953569000012,0.014619953569000012,0.12887141008555703,85_90,True,0.908699,84.0,99.310709,0.2444425767432163,False,32.0,True,False,True,False,True,False,True,True,True,False,False,rejected_actionable_posthoc_not_promotion_source
8525637eaa37afaf964649d9,causal_seed_from_v28_forward_calibration,logs/edge_research/v28_forward_calibration_latest.csv,424,rejected_actionable,ask_too_high,rejected_actionable_from_posthoc_calibration_report,KXBTC15M-26MAY061145-45,2026-05-06T11:45:00Z,2026-05-06T11:38:50.974Z,market_close_minus_seconds_to_close,no,side=no,,missing_in_forward_calibration_seed,369.026,0.895926,0.104074,0.895926,10.407399999999999,89.5926,1.0,0.0,0.010831397476,0.010831397476,0.10989745870360372,85_90,True,-4.407366,91.0,98.941882,0.2226697851001502,False,18.0,True,False,True,False,True,False,True,True,True,False,False,rejected_actionable_posthoc_not_promotion_source
3eebe897bbd078d08dc56db9,causal_seed_from_v28_forward_calibration,logs/edge_research/v28_forward_calibration_latest.csv,425,rejected_actionable,p_below_floor,rejected_actionable_from_posthoc_calibration_report,KXBTC15M-26MAY061145-45,2026-05-06T11:45:00Z,2026-05-06T11:30:16.042Z,market_close_minus_seconds_to_close,yes,side=yes,,missing_in_forward_calibration_seed,883.958,0.497924,0.497924,0.502076,49.7924,50.2076,0.0,0.0,0.24792830977599997,0.24792830977599997,0.6890037763270762,00_50,True,-7.207593,53.0,151.477102,1.4170503622593236,True,-106.0,True,False,True,False,True,False,True,True,True,False,False,rejected_actionable_posthoc_not_promotion_source
9a487b20992914436297f635,causal_seed_from_v28_forward_calibration,logs/edge_research/v28_forward_calibration_latest.csv,426,entry,approved_entry,approved_entry_from_posthoc_calibration_report,KXBTC15M-26MAY061200-00,2026-05-06T12:00:00Z,2026-05-06T11:45:31.345Z,market_close_minus_seconds_to_close,yes,side=yes,,missing_in_forward_calibration_seed,868.655,0.876246,0.876246,0.12375400000000003,87.6246,12.375400000000003,1.0,1.0,0.015315052516000007,0.015315052516000007,0.1321084055510318,85_90,True,2.124613,82.0,154.679749,0.5526871033269218,True,16.0,True,False,True,False,False,False,True,True,True,False,False,posthoc_calibration_report_not_forward_registry
5014cc9606f01b53e0c9ed8a,causal_seed_from_v28_forward_calibration,logs/edge_research/v28_forward_calibration_latest.csv,427,rejected_actionable,p_below_floor,rejected_actionable_from_posthoc_calibration_report,KXBTC15M-26MAY061200-00,2026-05-06T12:00:00Z,2026-05-06T11:45:31.072Z,market_close_minus_seconds_to_close,no,side=no,,missing_in_forward_calibration_seed,868.928,0.151424,0.848576,0.151424,84.8576,15.1424,0.0,1.0,0.022929227776,0.022929227776,0.16419562848988348,00_50,True,-8.357552,20.0,154.673474,0.6137067077911612,True,-40.0,True,False,True,False,True,False,True,True,True,False,False,rejected_actionable_posthoc_not_promotion_source
50571c13462f16c223d98dbb,causal_seed_from_v28_forward_calibration,logs/edge_research/v28_forward_calibration_latest.csv,428,rejected_actionable,p_below_floor,rejected_actionable_from_posthoc_calibration_report,KXBTC15M-26MAY061200-00,2026-05-06T12:00:00Z,2026-05-06T11:45:31.072Z,market_close_minus_seconds_to_close,yes,side=yes,,missing_in_forward_calibration_seed,868.928,0.848576,0.848576,0.151424,84.8576,15.1424,1.0,1.0,0.022929227776,0.022929227776,0.16419562848988348,80_85,True,0.357552,81.0,154.673474,0.6137067077911612,True,38.0,True,False,True,False,True,False,True,True,True,False,False,rejected_actionable_posthoc_not_promotion_source
26d493b3cedcdc1a002b8c4e,causal_seed_from_v28_forward_calibration,logs/edge_research/v28_forward_calibration_latest.csv,429,rejected_actionable,edge_below_floor,rejected_actionable_from_posthoc_calibration_report,KXBTC15M-26MAY061200-00,2026-05-06T12:00:00Z,2026-05-06T11:45:31.178Z,market_close_minus_seconds_to_close,yes,side=yes,,missing_in_forward_calibration_seed,868.822,0.852902,0.852902,0.14709799999999995,85.2902,14.709799999999994,1.0,1.0,0.021637821603999987,0.021637821603999987,0.15911062671903234,85_90,True,0.790219,81.0,154.668386,0.604574038219706,True,38.0,True,False,True,False,True,False,True,True,True,False,False,rejected_actionable_posthoc_not_promotion_source
cb697dcfb73ada5778a80ce5,causal_seed_from_v28_forward_calibration,logs/edge_research/v28_forward_calibration_latest.csv,430,rejected_actionable,ask_too_high,rejected_actionable_from_posthoc_calibration_report,KXBTC15M-26MAY061200-00,2026-05-06T12:00:00Z,2026-05-06T11:51:17.266Z,market_close_minus_seconds_to_close,yes,side=yes,,missing_in_forward_calibration_seed,522.734,0.907838,0.907838,0.09216199999999997,90.7838,9.216199999999997,1.0,1.0,0.008493834243999994,0.008493834243999994,0.09668933039544833,90_95,True,-3.216249,91.0,121.261831,0.2968156315591909,True,18.0,True,False,True,False,True,False,True,True,True,False,False,rejected_actionable_posthoc_not_promotion_source
7dbe41bd5607164aa403f6ba,causal_seed_from_v28_forward_calibration,logs/edge_research/v28_forward_calibration_latest.csv,431,rejected_actionable,p_below_floor,rejected_actionable_from_posthoc_calibration_report,KXBTC15M-26MAY061215-15,2026-05-06T12:15:00Z,2026-05-06T12:00:30.749Z,market_close_minus_seconds_to_close,no,side=no,,missing_in_forward_calibration_seed,869.251,0.480273,0.519727,0.48027299999999995,51.9727,48.0273,0.0,1.0,0.23066215452900002,0.23066215452899996,0.6544516052674173,00_50,True,3.027304,41.0,153.180763,1.3829303461508062,True,-82.0,True,False,True,False,True,False,True,True,True,False,False,rejected_actionable_posthoc_not_promotion_source
2c7c7f1e3629e28d89559a1c,causal_seed_from_v28_forward_calibration,logs/edge_research/v28_forward_calibration_latest.csv,432,rejected_actionable,edge_below_floor,rejected_actionable_from_posthoc_calibration_report,KXBTC15M-26MAY061215-15,2026-05-06T12:15:00Z,2026-05-06T12:03:34.159Z,market_close_minus_seconds_to_close,no,side=no,,missing_in_forward_calibration_seed,685.841,0.85391,0.14609000000000005,0.85391,14.609000000000005,85.39099999999999,0.0,1.0,0.7291622881,0.7291622881,1.923532408837714,85_90,True,-0.609035,83.0,135.550429,0.49055301824751485,True,-166.0,True,False,True,False,True,False,True,True,True,False,False,rejected_actionable_posthoc_not_promotion_source
539c52b0c4dc4be88c5f6420,causal_seed_from_v28_forward_calibration,logs/edge_research/v28_forward_calibration_latest.csv,433,rejected_actionable,p_below_floor,rejected_actionable_from_posthoc_calibration_report,KXBTC15M-26MAY061215-15,2026-05-06T12:15:00Z,2026-05-06T12:00:30.749Z,market_close_minus_seconds_to_close,yes,side=yes,,missing_in_forward_calibration_seed,869.251,0.519727,0.519727,0.48027299999999995,51.9727,48.0273,1.0,1.0,0.23066215452899996,0.23066215452899996,0.6544516052674173,50_60,True,-12.027304,60.0,153.180763,1.3829303461508062,True,80.0,True,False,True,False,True,False,True,True,True,False,False,rejected_actionable_posthoc_not_promotion_source
b5145088263ae4bec4443f7d,causal_seed_from_v28_forward_calibration,logs/edge_research/v28_forward_calibration_latest.csv,434,rejected_actionable,edge_below_floor,rejected_actionable_from_posthoc_calibration_report,KXBTC15M-26MAY061215-15,2026-05-06T12:15:00Z,2026-05-06T12:09:21.923Z,market_close_minus_seconds_to_close,yes,side=yes,,missing_in_forward_calibration_seed,338.077,0.854368,0.854368,0.14563199999999998,85.4368,14.563199999999998,1.0,1.0,0.021208679423999996,0.021208679423999996,0.15739326466111522,85_90,True,-4.56317,87.0,93.54988,0.24132686995611444,False,26.0,True,False,True,False,True,False,True,True,True,False,False,rejected_actionable_posthoc_not_promotion_source
c68a8127e6e7511223ccf19e,causal_seed_from_v28_forward_calibration,logs/edge_research/v28_forward_calibration_latest.csv,435,rejected_actionable,ask_too_high,rejected_actionable_from_posthoc_calibration_report,KXBTC15M-26MAY061215-15,2026-05-06T12:15:00Z,2026-05-06T12:09:22.005Z,market_close_minus_seconds_to_close,yes,side=yes,,missing_in_forward_calibration_seed,337.995,0.901049,0.901049,0.09895100000000001,90.1049,9.895100000000001,1.0,1.0,0.009791300401000002,0.009791300401000002,0.10419563883479818,90_95,True,-3.895112,91.0,93.560441,0.19672915161127513,False,9.0,True,False,True,False,True,False,True,True,True,False,False,rejected_actionable_posthoc_not_promotion_source
cd6affa12203954f0c2555da,causal_seed_from_v28_forward_calibration,logs/edge_research/v28_forward_calibration_latest.csv,436,rejected_actionable,p_below_floor,rejected_actionable_from_posthoc_calibration_report,KXBTC15M-26MAY061230-30,2026-05-06T12:30:00Z,2026-05-06T12:15:30.718Z,market_close_minus_seconds_to_close,no,side=no,,missing_in_forward_calibration_seed,869.282,0.458849,0.5411509999999999,0.45884900000000006,54.11509999999999,45.88490000000001,1.0,0.0,0.29284440480099994,0.29284440480099994,0.7790340990809367,00_50,True,-1.115115,43.0,146.490429,1.2707043072532729,True,114.0,True,False,True,False,True,False,True,True,True,False,False,rejected_actionable_posthoc_not_promotion_source
7398845cf66e69cb2905e496,causal_seed_from_v28_forward_calibration,logs/edge_research/v28_forward_calibration_latest.csv,437,rejected_actionable,edge_below_floor,rejected_actionable_from_posthoc_calibration_report,KXBTC15M-26MAY061230-30,2026-05-06T12:30:00Z,2026-05-06T12:20:37.998Z,market_close_minus_seconds_to_close,no,side=no,,missing_in_forward_calibration_seed,562.002,0.875518,0.12448199999999998,0.875518,12.448199999999998,87.5518,1.0,0.0,0.015495768323999995,0.015495768323999995,0.13293956778739507,85_90,True,-2.44821,87.0,116.395391,0.34693496926603007,True,26.0,True,False,True,False,True,False,True,True,True,False,False,rejected_actionable_posthoc_not_promotion_source
6950fef2b1af081246d67dcc,causal_seed_from_v28_forward_calibration,logs/edge_research/v28_forward_calibration_latest.csv,438,rejected_actionable,ask_too_high,rejected_actionable_from_posthoc_calibration_report,KXBTC15M-26MAY061230-30,2026-05-06T12:30:00Z,2026-05-06T12:21:09.651Z,market_close_minus_seconds_to_close,no,side=no,,missing_in_forward_calibration_seed,530.349,0.923629,0.07637099999999997,0.923629,7.637099999999997,92.3629,1.0,0.0,0.005832529640999995,0.005832529640999995,0.07944480312075963,90_95,True,-1.637101,91.0,112.417717,0.24985803613878163,False,18.0,True,False,True,False,True,False,True,True,True,False,False,rejected_actionable_posthoc_not_promotion_source
3c31c108475042f6020ca3c0,causal_seed_from_v28_forward_calibration,logs/edge_research/v28_forward_calibration_latest.csv,439,rejected_actionable,p_below_floor,rejected_actionable_from_posthoc_calibration_report,KXBTC15M-26MAY061230-30,2026-05-06T12:30:00Z,2026-05-06T12:15:30.718Z,market_close_minus_seconds_to_close,yes,side=yes,,missing_in_forward_calibration_seed,869.282,0.541151,0.541151,0.45884899999999995,54.115100000000005,45.884899999999995,0.0,0.0,0.29284440480100005,0.29284440480100005,0.7790340990809369,50_60,True,-7.884885,58.0,146.490429,1.2707043072532729,True,-116.0,True,False,True,False,True,False,True,True,True,False,False,rejected_actionable_posthoc_not_promotion_source
3abb92a4e85088c3ea5b8a2c,causal_seed_from_v28_forward_calibration,logs/edge_research/v28_forward_calibration_latest.csv,440,rejected_actionable,p_below_floor,rejected_actionable_from_posthoc_calibration_report,KXBTC15M-26MAY061245-45,2026-05-06T12:45:00Z,2026-05-06T12:30:15.605Z,market_close_minus_seconds_to_close,no,side=no,,missing_in_forward_calibration_seed,884.395,0.555732,0.444268,0.555732,44.4268,55.5732,0.0,1.0,0.308838055824,0.308838055824,0.8113272950416919,50_60,True,-0.426827,52.0,146.335056,1.2113630662378887,True,-104.0,True,False,True,False,True,False,True,True,True,False,False,rejected_actionable_posthoc_not_promotion_source
07be2411f361d18e1aba046a,causal_seed_from_v28_forward_calibration,logs/edge_research/v28_forward_calibration_latest.csv,441,rejected_actionable,p_below_floor,rejected_actionable_from_posthoc_calibration_report,KXBTC15M-26MAY061245-45,2026-05-06T12:45:00Z,2026-05-06T12:30:15.605Z,market_close_minus_seconds_to_close,yes,side=yes,,missing_in_forward_calibration_seed,884.395,0.444268,0.444268,0.555732,44.4268,55.5732,1.0,1.0,0.308838055824,0.308838055824,0.8113272950416919,00_50,True,-8.573173,49.0,146.335056,1.2113630662378887,True,102.0,True,False,True,False,True,False,True,True,True,False,False,rejected_actionable_posthoc_not_promotion_source
4576743191c6ae9dcba9c397,causal_seed_from_v28_forward_calibration,logs/edge_research/v28_forward_calibration_latest.csv,442,rejected_actionable,edge_below_floor,rejected_actionable_from_posthoc_calibration_report,KXBTC15M-26MAY061245-45,2026-05-06T12:45:00Z,2026-05-06T12:39:40.689Z,market_close_minus_seconds_to_close,yes,side=yes,,missing_in_forward_calibration_seed,319.311,0.876626,0.876626,0.12337399999999998,87.6626,12.337399999999999,1.0,1.0,0.015221143875999996,0.015221143875999996,0.13167483138708488,85_90,True,-4.33744,89.0,86.857061,0.19830421214020832,False,22.0,True,False,True,False,True,False,True,True,True,False,False,rejected_actionable_posthoc_not_promotion_source
1014d9d458da003852b2da8a,causal_seed_from_v28_forward_calibration,logs/edge_research/v28_forward_calibration_latest.csv,443,rejected_actionable,ask_too_high,rejected_actionable_from_posthoc_calibration_report,KXBTC15M-26MAY061245-45,2026-05-06T12:45:00Z,2026-05-06T12:39:42.221Z,market_close_minus_seconds_to_close,yes,side=yes,,missing_in_forward_calibration_seed,317.779,0.882873,0.882873,0.11712699999999998,88.2873,11.712699999999998,1.0,1.0,0.013718734128999996,0.013718734128999996,0.12457391658196514,85_90,True,-5.712727,91.0,86.650264,0.19312484798918544,False,18.0,True,False,True,False,True,False,True,True,True,False,False,rejected_actionable_posthoc_not_promotion_source
079f70b8678e70b60ce17983,causal_seed_from_v28_forward_calibration,logs/edge_research/v28_forward_calibration_latest.csv,444,entry,approved_entry,approved_entry_from_posthoc_calibration_report,KXBTC15M-26MAY061300-00,2026-05-06T13:00:00Z,2026-05-06T12:51:53.734Z,market_close_minus_seconds_to_close,yes,side=yes,,missing_in_forward_calibration_seed,486.266,0.860906,0.860906,0.13909400000000005,86.0906,13.909400000000005,0.0,0.0,0.7411591408359999,0.7411591408359999,1.9726053154187138,85_90,True,2.590566,80.0,102.313366,0.30173010638435865,True,-30.0,True,False,True,False,False,False,True,True,True,False,False,posthoc_calibration_report_not_forward_registry
87ae4cb9ba866101a91890ac,causal_seed_from_v28_forward_calibration,logs/edge_research/v28_forward_calibration_latest.csv,445,rejected_actionable,p_below_floor,rejected_actionable_from_posthoc_calibration_report,KXBTC15M-26MAY061300-00,2026-05-06T13:00:00Z,2026-05-06T12:45:15.373Z,market_close_minus_seconds_to_close,no,side=no,,missing_in_forward_calibration_seed,884.627,0.544132,0.45586800000000005,0.544132,45.586800000000004,54.413199999999996,1.0,0.0,0.20781563342400006,0.20781563342400006,0.6085634145014073,50_60,True,-3.586844,54.0,142.925104,1.32716783022847,True,92.0,True,False,True,False,True,False,True,True,True,False,False,rejected_actionable_posthoc_not_promotion_source
d43a9b5df152a3d97ba73a69,causal_seed_from_v28_forward_calibration,logs/edge_research/v28_forward_calibration_latest.csv,446,rejected_actionable,p_below_floor,rejected_actionable_from_posthoc_calibration_report,KXBTC15M-26MAY061300-00,2026-05-06T13:00:00Z,2026-05-06T12:45:15.373Z,market_close_minus_seconds_to_close,yes,side=yes,,missing_in_forward_calibration_seed,884.627,0.455868,0.455868,0.5441320000000001,45.5868,54.4132,0.0,0.0,0.207815633424,0.207815633424,0.608563414501407,00_50,True,-5.413156,47.0,142.925104,1.32716783022847,True,-94.0,True,False,True,False,True,False,True,True,True,False,False,rejected_actionable_posthoc_not_promotion_source
f7376834c9442505a7a5afe1,causal_seed_from_v28_forward_calibration,logs/edge_research/v28_forward_calibration_latest.csv,447,rejected_actionable,edge_below_floor,rejected_actionable_from_posthoc_calibration_report,KXBTC15M-26MAY061300-00,2026-05-06T13:00:00Z,2026-05-06T12:51:35.072Z,market_close_minus_seconds_to_close,yes,side=yes,,missing_in_forward_calibration_seed,504.928,0.852634,0.852634,0.147366,85.2634,14.7366,0.0,0.0,0.726984737956,0.726984737956,1.9148359906916612,85_90,True,-0.236642,82.0,104.256248,0.32328472144998455,True,-164.0,True,False,True,False,True,False,True,True,True,False,False,rejected_actionable_posthoc_not_promotion_source
4ddd4ca3ab1300611fd471c0,causal_seed_from_v28_forward_calibration,logs/edge_research/v28_forward_calibration_latest.csv,448,entry,approved_entry,approved_entry_from_posthoc_calibration_report,KXBTC15M-26MAY061400-00,2026-05-06T14:00:00Z,2026-05-06T13:56:31.055Z,market_close_minus_seconds_to_close,no,side=no,,missing_in_forward_calibration_seed,208.945,0.97364,0.02636000000000005,0.97364,2.636000000000005,97.36399999999999,1.0,0.0,0.0006948496000000027,0.0006948496000000027,0.026713653518423405,95_100,True,5.364022,89.0,65.953573,0.05173622929495089,False,-10.0,True,False,True,False,False,False,True,True,True,False,False,posthoc_calibration_report_not_forward_registry
b746280cb7f6b3ffa3e1839a,causal_seed_from_v28_forward_calibration,logs/edge_research/v28_forward_calibration_latest.csv,449,rejected_actionable,p_below_floor,rejected_actionable_from_posthoc_calibration_report,KXBTC15M-26MAY061400-00,2026-05-06T14:00:00Z,2026-05-06T13:57:01.285Z,market_close_minus_seconds_to_close,no,side=no,,missing_in_forward_calibration_seed,178.715,0.738008,0.261992,0.738008,26.1992,73.8008,1.0,0.0,0.068639808064,0.068639808064,0.30380061433201705,70_80,True,-15.199215,86.0,62.131197,0.16121536152946095,False,28.0,True,False,True,False,True,False,True,True,True,False,False,rejected_actionable_posthoc_not_promotion_source
48126ec7639905c8b4a9010d,causal_seed_from_v28_forward_calibration,logs/edge_research/v28_forward_calibration_latest.csv,450,rejected_actionable,ask_too_high,rejected_actionable_from_posthoc_calibration_report,KXBTC15M-26MAY061400-00,2026-05-06T14:00:00Z,2026-05-06T13:58:22.458Z,market_close_minus_seconds_to_close,no,side=no,,missing_in_forward_calibration_seed,97.542,0.803642,0.19635800000000003,0.803642,19.635800000000003,80.3642,1.0,0.0,0.038556464164000014,0.038556464164000014,0.2186013825987529,80_85,True,-21.135756,99.0,45.701339,0.07212847008904671,False,2.0,True,False,True,False,True,False,True,True,True,False,False,rejected_actionable_posthoc_not_promotion_source
5f5363aff420bae2daf90fca,causal_seed_from_v28_forward_calibration,logs/edge_research/v28_forward_calibration_latest.csv,451,rejected_actionable,p_below_floor,rejected_actionable_from_posthoc_calibration_report,KXBTC15M-26MAY061400-00,2026-05-06T14:00:00Z,2026-05-06T13:56:31.055Z,market_close_minus_seconds_to_close,yes,side=yes,,missing_in_forward_calibration_seed,208.945,0.02636,0.02636,0.97364,2.636,97.36399999999999,0.0,0.0,0.0006948496000000001,0.0006948496000000001,0.026713653518423405,00_50,True,-12.364022,12.0,65.953573,0.05173622929495089,False,-24.0,True,False,True,False,True,False,True,True,True,False,False,rejected_actionable_posthoc_not_promotion_source
b6defa00c4ccfb54ae7aae29,causal_seed_from_v28_forward_calibration,logs/edge_research/v28_forward_calibration_latest.csv,452,entry,approved_entry,approved_entry_from_posthoc_calibration_report,KXBTC15M-26MAY061415-15,2026-05-06T14:15:00Z,2026-05-06T14:13:31.818Z,market_close_minus_seconds_to_close,no,side=no,,missing_in_forward_calibration_seed,88.182,0.936538,0.06346200000000002,0.936538,6.346200000000001,93.6538,1.0,0.0,0.004027425444000002,0.004027425444000002,0.06556518130614639,90_95,True,2.653786,88.0,42.787954,0.036021852060430126,False,24.0,True,False,True,False,False,False,True,True,True,False,False,posthoc_calibration_report_not_forward_registry
665dd503c03adf9fc8c61ff8,causal_seed_from_v28_forward_calibration,logs/edge_research/v28_forward_calibration_latest.csv,453,rejected_actionable,p_below_floor,rejected_actionable_from_posthoc_calibration_report,KXBTC15M-26MAY061415-15,2026-05-06T14:15:00Z,2026-05-06T14:00:45.987Z,market_close_minus_seconds_to_close,no,side=no,,missing_in_forward_calibration_seed,854.013,0.492309,0.507691,0.492309,50.7691,49.2309,1.0,0.0,0.257750151481,0.257750151481,0.7086487108494384,00_50,True,0.23086,45.0,134.407856,1.2967829183383441,True,110.0,True,False,True,False,True,False,True,True,True,False,False,rejected_actionable_posthoc_not_promotion_source
fcd3328f1f1d31d616bc9eca,causal_seed_from_v28_forward_calibration,logs/edge_research/v28_forward_calibration_latest.csv,454,rejected_actionable,edge_below_floor,rejected_actionable_from_posthoc_calibration_report,KXBTC15M-26MAY061415-15,2026-05-06T14:15:00Z,2026-05-06T14:10:34.459Z,market_close_minus_seconds_to_close,no,side=no,,missing_in_forward_calibration_seed,265.541,0.856794,0.14320600000000006,0.856794,14.320600000000006,85.6794,1.0,0.0,0.020507958436000017,0.020507958436000017,0.1545577626742383,85_90,True,-2.320623,85.0,72.131846,0.1633413164367757,False,30.0,True,False,True,False,True,False,True,True,True,False,False,rejected_actionable_posthoc_not_promotion_source
0e8b036544869265d00bfa8e,causal_seed_from_v28_forward_calibration,logs/edge_research/v28_forward_calibration_latest.csv,455,rejected_actionable,ask_too_high,rejected_actionable_from_posthoc_calibration_report,KXBTC15M-26MAY061415-15,2026-05-06T14:15:00Z,2026-05-06T14:11:31.276Z,market_close_minus_seconds_to_close,no,side=no,,missing_in_forward_calibration_seed,208.724,0.871584,0.12841599999999997,0.871584,12.841599999999998,87.1584,1.0,0.0,0.016490669055999992,0.016490669055999992,0.13744303312468065,85_90,True,-6.841631,91.0,64.075237,0.12036864614746487,False,18.0,True,False,True,False,True,False,True,True,True,False,False,rejected_actionable_posthoc_not_promotion_source
42e50dab731e130fe8cae308,causal_seed_from_v28_forward_calibration,logs/edge_research/v28_forward_calibration_latest.csv,456,rejected_actionable,p_below_floor,rejected_actionable_from_posthoc_calibration_report,KXBTC15M-26MAY061415-15,2026-05-06T14:15:00Z,2026-05-06T14:00:45.987Z,market_close_minus_seconds_to_close,yes,side=yes,,missing_in_forward_calibration_seed,854.013,0.507691,0.507691,0.492309,50.7691,49.2309,0.0,0.0,0.257750151481,0.257750151481,0.7086487108494384,50_60,True,-10.23086,57.0,134.407856,1.2967829183383441,True,-114.0,True,False,True,False,True,False,True,True,True,False,False,rejected_actionable_posthoc_not_promotion_source
075640b6997fa61fe7c8a4b2,causal_seed_from_v28_forward_calibration,logs/edge_research/v28_forward_calibration_latest.csv,457,rejected_actionable,p_below_floor,rejected_actionable_from_posthoc_calibration_report,KXBTC15M-26MAY061430-30,2026-05-06T14:30:00Z,2026-05-06T14:15:15.580Z,market_close_minus_seconds_to_close,no,side=no,,missing_in_forward_calibration_seed,884.42,0.261283,0.7387170000000001,0.26128299999999993,73.8717,26.128299999999992,0.0,1.0,0.06826880608899999,0.06826880608899996,0.30284038131032687,00_50,True,-4.371712,27.0,141.001809,0.7898021435415116,True,-54.0,True,False,True,False,True,False,True,True,True,False,False,rejected_actionable_posthoc_not_promotion_source
72820043fa8bcb77748e45ee,causal_seed_from_v28_forward_calibration,logs/edge_research/v28_forward_calibration_latest.csv,458,rejected_actionable,p_below_floor,rejected_actionable_from_posthoc_calibration_report,KXBTC15M-26MAY061430-30,2026-05-06T14:30:00Z,2026-05-06T14:15:15.580Z,market_close_minus_seconds_to_close,yes,side=yes,,missing_in_forward_calibration_seed,884.42,0.738717,0.738717,0.26128300000000004,73.87169999999999,26.128300000000003,1.0,1.0,0.06826880608900002,0.06826880608900002,0.30284038131032703,70_80,True,-3.628288,74.0,141.001809,0.7898021435415116,True,52.0,True,False,True,False,True,False,True,True,True,False,False,rejected_actionable_posthoc_not_promotion_source
c5e8df9ba6de63e4bab00134,causal_seed_from_v28_forward_calibration,logs/edge_research/v28_forward_calibration_latest.csv,459,rejected_actionable,edge_below_floor,rejected_actionable_from_posthoc_calibration_report,KXBTC15M-26MAY061430-30,2026-05-06T14:30:00Z,2026-05-06T14:17:57.432Z,market_close_minus_seconds_to_close,yes,side=yes,,missing_in_forward_calibration_seed,722.568,0.850465,0.850465,0.14953499999999997,85.04650000000001,14.953499999999998,1.0,1.0,0.022360716224999994,0.022360716224999994,0.16197202025637267,85_90,True,-0.953468,83.0,128.041109,0.48391383032821533,True,34.0,True,False,True,False,True,False,True,True,True,False,False,rejected_actionable_posthoc_not_promotion_source
e1a1570e5f1c6c9435d29708,causal_seed_from_v28_forward_calibration,logs/edge_research/v28_forward_calibration_latest.csv,460,rejected_actionable,ask_too_high,rejected_actionable_from_posthoc_calibration_report,KXBTC15M-26MAY061430-30,2026-05-06T14:30:00Z,2026-05-06T14:25:43.449Z,market_close_minus_seconds_to_close,yes,side=yes,,missing_in_forward_calibration_seed,256.551,0.843271,0.843271,0.156729,84.3271,15.6729,1.0,1.0,0.024563979441000004,0.024563979441000004,0.1704669017038627,80_85,True,-11.172901,93.0,75.083312,0.17673046452653543,False,14.0,True,False,True,False,True,False,True,True,True,False,False,rejected_actionable_posthoc_not_promotion_source
61e027c478b2fc2f59a00394,causal_seed_from_v28_forward_calibration,logs/edge_research/v28_forward_calibration_latest.csv,461,entry,approved_entry,approved_entry_from_posthoc_calibration_report,KXBTC15M-26MAY061445-45,2026-05-06T14:45:00Z,2026-05-06T14:33:05.290Z,market_close_minus_seconds_to_close,no,side=no,,missing_in_forward_calibration_seed,714.71,0.931168,0.068832,0.931168,6.8832,93.1168,1.0,0.0,0.004737844224000001,0.004737844224000001,0.07131556685659682,90_95,True,2.116797,88.0,123.96563,0.30626002441386213,True,-22.0,True,False,True,False,False,False,True,True,True,False,False,posthoc_calibration_report_not_forward_registry
d6b422c4a16282d673409741,causal_seed_from_v28_forward_calibration,logs/edge_research/v28_forward_calibration_latest.csv,462,entry,approved_entry,approved_entry_from_posthoc_calibration_report,KXBTC15M-26MAY061445-45,2026-05-06T14:45:00Z,2026-05-06T14:34:43.721Z,market_close_minus_seconds_to_close,no,side=no,,missing_in_forward_calibration_seed,616.279,0.95423,0.04576999999999998,0.95423,4.576999999999998,95.423,1.0,0.0,0.002094892899999998,0.002094892899999998,0.04685054644465918,95_100,True,2.42301,90.0,115.339149,0.21306142679499787,False,18.0,True,False,True,False,False,False,True,True,True,False,False,posthoc_calibration_report_not_forward_registry
f6a7edd36c39b76afaa350f4,causal_seed_from_v28_forward_calibration,logs/edge_research/v28_forward_calibration_latest.csv,463,rejected_actionable,p_below_floor,rejected_actionable_from_posthoc_calibration_report,KXBTC15M-26MAY061445-45,2026-05-06T14:45:00Z,2026-05-06T14:30:15.599Z,market_close_minus_seconds_to_close,no,side=no,,missing_in_forward_calibration_seed,884.401,0.724164,0.27583599999999997,0.724164,27.583599999999997,72.41640000000001,1.0,0.0,0.07608549889599998,0.07608549889599998,0.3227373929110354,70_80,True,-2.083571,71.0,137.997054,0.8002629316895712,True,58.0,True,False,True,False,True,False,True,True,True,False,False,rejected_actionable_posthoc_not_promotion_source
fed72ae69f9a173cd7834973,causal_seed_from_v28_forward_calibration,logs/edge_research/v28_forward_calibration_latest.csv,464,rejected_actionable,edge_below_floor,rejected_actionable_from_posthoc_calibration_report,KXBTC15M-26MAY061445-45,2026-05-06T14:45:00Z,2026-05-06T14:33:00.477Z,market_close_minus_seconds_to_close,no,side=no,,missing_in_forward_calibration_seed,719.523,0.854057,0.14594300000000004,0.854057,14.594300000000004,85.4057,1.0,0.0,0.021299359249000012,0.021299359249000012,0.15775734269021852,85_90,True,-0.094326,82.0,124.63689,0.46172366642455204,True,18.0,True,False,True,False,True,False,True,True,True,False,False,rejected_actionable_posthoc_not_promotion_source
4644f3217cad203231729c5d,causal_seed_from_v28_forward_calibration,logs/edge_research/v28_forward_calibration_latest.csv,465,rejected_actionable,ask_too_high,rejected_actionable_from_posthoc_calibration_report,KXBTC15M-26MAY061445-45,2026-05-06T14:45:00Z,2026-05-06T14:36:43.758Z,market_close_minus_seconds_to_close,no,side=no,,missing_in_forward_calibration_seed,496.242,0.977629,0.02237100000000003,0.977629,2.237100000000003,97.7629,1.0,0.0,0.0005004616410000013,0.0005004616410000013,0.022625026520336607,95_100,True,-0.737097,96.0,103.507989,0.11963798183197398,False,8.0,True,False,True,False,True,False,True,True,True,False,False,rejected_actionable_posthoc_not_promotion_source
85be713fe4bdbb254358cc9b,causal_seed_from_v28_forward_calibration,logs/edge_research/v28_forward_calibration_latest.csv,466,rejected_actionable,p_below_floor,rejected_actionable_from_posthoc_calibration_report,KXBTC15M-26MAY061445-45,2026-05-06T14:45:00Z,2026-05-06T14:30:15.599Z,market_close_minus_seconds_to_close,yes,side=yes,,missing_in_forward_calibration_seed,884.401,0.275836,0.275836,0.724164,27.583600000000004,72.41640000000001,0.0,0.0,0.07608549889600001,0.07608549889600001,0.3227373929110354,00_50,True,-6.916429,31.0,137.997054,0.8002629316895712,True,-62.0,True,False,True,False,True,False,True,True,True,False,False,rejected_actionable_posthoc_not_promotion_source
1db0bb812aa2f2761efe1f5c,causal_seed_from_v28_forward_calibration,logs/edge_research/v28_forward_calibration_latest.csv,467,rejected_actionable,p_below_floor,rejected_actionable_from_posthoc_calibration_report,KXBTC15M-26MAY061500-00,2026-05-06T15:00:00Z,2026-05-06T14:45:30.920Z,market_close_minus_seconds_to_close,no,side=no,,missing_in_forward_calibration_seed,869.08,0.484742,0.515258,0.484742,51.5258,48.4742,1.0,0.0,0.265490806564,0.265490806564,0.7241384883478011,00_50,True,-3.525818,48.0,127.452624,1.2317805716969985,True,104.0,True,False,True,False,True,False,True,True,True,False,False,rejected_actionable_posthoc_not_promotion_source
c69c793e88db20c411efc707,causal_seed_from_v28_forward_calibration,logs/edge_research/v28_forward_calibration_latest.csv,468,rejected_actionable,edge_below_floor,rejected_actionable_from_posthoc_calibration_report,KXBTC15M-26MAY061500-00,2026-05-06T15:00:00Z,2026-05-06T14:50:45.939Z,market_close_minus_seconds_to_close,no,side=no,,missing_in_forward_calibration_seed,554.061,0.861061,0.13893900000000003,0.861061,13.893900000000004,86.1061,1.0,0.0,0.01930404572100001,0.01930404572100001,0.14958992921266112,85_90,True,-3.893853,87.0,99.951687,0.3195066364839441,True,26.0,True,False,True,False,True,False,True,True,True,False,False,rejected_actionable_posthoc_not_promotion_source
03345dc1ca1cacee38453e21,causal_seed_from_v28_forward_calibration,logs/edge_research/v28_forward_calibration_latest.csv,469,rejected_actionable,ask_too_high,rejected_actionable_from_posthoc_calibration_report,KXBTC15M-26MAY061500-00,2026-05-06T15:00:00Z,2026-05-06T14:58:46.197Z,market_close_minus_seconds_to_close,no,side=no,,missing_in_forward_calibration_seed,73.803,0.728119,0.27188100000000004,0.728119,27.188100000000006,72.8119,1.0,0.0,0.07391927816100002,0.07391927816100002,0.3172907826053712,70_80,True,-21.188084,91.0,36.55944,0.06159975117147691,False,18.0,True,False,True,False,True,False,True,True,True,False,False,rejected_actionable_posthoc_not_promotion_source
4b5f21af89e20d7ec2a8bf66,causal_seed_from_v28_forward_calibration,logs/edge_research/v28_forward_calibration_latest.csv,470,rejected_actionable,p_below_floor,rejected_actionable_from_posthoc_calibration_report,KXBTC15M-26MAY061500-00,2026-05-06T15:00:00Z,2026-05-06T14:45:30.920Z,market_close_minus_seconds_to_close,yes,side=yes,,missing_in_forward_calibration_seed,869.08,0.515258,0.515258,0.484742,51.5258,48.4742,0.0,0.0,0.265490806564,0.265490806564,0.7241384883478011,50_60,True,-5.474182,53.0,127.452624,1.2317805716969985,True,-106.0,True,False,True,False,True,False,True,True,True,False,False,rejected_actionable_posthoc_not_promotion_source
173ae280b93e2406255d1d51,causal_seed_from_v28_forward_calibration,logs/edge_research/v28_forward_calibration_latest.csv,471,rejected_actionable,p_below_floor,rejected_actionable_from_posthoc_calibration_report,KXBTC15M-26MAY061515-15,2026-05-06T15:15:00Z,2026-05-06T15:00:32.020Z,market_close_minus_seconds_to_close,no,side=no,,missing_in_forward_calibration_seed,867.98,0.468081,0.531919,0.46808099999999997,53.191900000000004,46.808099999999996,1.0,0.0,0.28293782256100003,0.28293782256100003,0.7591139211174961,00_50,True,-2.191945,45.0,125.253588,1.1505868943080917,True,110.0,True,False,True,False,True,False,True,True,True,False,False,rejected_actionable_posthoc_not_promotion_source
f05af71fd9b2e533268b01ea,causal_seed_from_v28_forward_calibration,logs/edge_research/v28_forward_calibration_latest.csv,472,rejected_actionable,edge_below_floor,rejected_actionable_from_posthoc_calibration_report,KXBTC15M-26MAY061515-15,2026-05-06T15:15:00Z,2026-05-06T15:08:57.525Z,market_close_minus_seconds_to_close,no,side=no,,missing_in_forward_calibration_seed,362.475,0.904697,0.09530300000000003,0.904697,9.530300000000002,90.4697,1.0,0.0,0.009082661809000005,0.009082661809000005,0.10015519797229815,90_95,True,-1.530325,89.0,78.625438,0.17082553120114707,False,22.0,True,False,True,False,True,False,True,True,True,False,False,rejected_actionable_posthoc_not_promotion_source
43059faf2f9777978be9887a,causal_seed_from_v28_forward_calibration,logs/edge_research/v28_forward_calibration_latest.csv,473,rejected_actionable,ask_too_high,rejected_actionable_from_posthoc_calibration_report,KXBTC15M-26MAY061515-15,2026-05-06T15:15:00Z,2026-05-06T15:08:57.560Z,market_close_minus_seconds_to_close,no,side=no,,missing_in_forward_calibration_seed,362.44,0.917728,0.08227200000000001,0.917728,8.227200000000002,91.7728,1.0,0.0,0.006768681984000002,0.006768681984000002,0.08585422856236319,90_95,True,-2.227158,91.0,78.615528,0.15758144255167322,False,18.0,True,False,True,False,True,False,True,True,True,False,False,rejected_actionable_posthoc_not_promotion_source
9a63ca1e0c0a3733dd5b6260,causal_seed_from_v28_forward_calibration,logs/edge_research/v28_forward_calibration_latest.csv,474,rejected_actionable,p_below_floor,rejected_actionable_from_posthoc_calibration_report,KXBTC15M-26MAY061515-15,2026-05-06T15:15:00Z,2026-05-06T15:00:32.020Z,market_close_minus_seconds_to_close,yes,side=yes,,missing_in_forward_calibration_seed,867.98,0.531919,0.531919,0.46808099999999997,53.191900000000004,46.808099999999996,0.0,0.0,0.28293782256100003,0.28293782256100003,0.7591139211174961,50_60,True,-6.808055,56.0,125.253588,1.1505868943080917,True,-112.0,True,False,True,False,True,False,True,True,True,False,False,rejected_actionable_posthoc_not_promotion_source
e5c3c8c15037d5bb342b9a11,causal_seed_from_v28_forward_calibration,logs/edge_research/v28_forward_calibration_latest.csv,475,rejected_actionable,p_below_floor,rejected_actionable_from_posthoc_calibration_report,KXBTC15M-26MAY061530-30,2026-05-06T15:30:00Z,2026-05-06T15:15:16.018Z,market_close_minus_seconds_to_close,no,side=no,,missing_in_forward_calibration_seed,883.982,0.479622,0.520378,0.479622,52.037800000000004,47.962199999999996,0.0,1.0,0.230037262884,0.230037262884,0.6531998084103511,00_50,True,-4.037762,48.0,124.457242,1.211641439323593,True,-96.0,True,False,True,False,True,False,True,True,True,False,False,rejected_actionable_posthoc_not_promotion_source
74d1cd2d1a9d9c8c49132d5b,causal_seed_from_v28_forward_calibration,logs/edge_research/v28_forward_calibration_latest.csv,476,rejected_actionable,p_below_floor,rejected_actionable_from_posthoc_calibration_report,KXBTC15M-26MAY061530-30,2026-05-06T15:30:00Z,2026-05-06T15:15:16.018Z,market_close_minus_seconds_to_close,yes,side=yes,,missing_in_forward_calibration_seed,883.982,0.520378,0.520378,0.479622,52.037800000000004,47.962199999999996,1.0,1.0,0.230037262884,0.230037262884,0.6531998084103511,50_60,True,-5.962238,54.0,124.457242,1.211641439323593,True,92.0,True,False,True,False,True,False,True,True,True,False,False,rejected_actionable_posthoc_not_promotion_source
6a5d66967fcec15af33cc58a,causal_seed_from_v28_forward_calibration,logs/edge_research/v28_forward_calibration_latest.csv,477,rejected_actionable,edge_below_floor,rejected_actionable_from_posthoc_calibration_report,KXBTC15M-26MAY061530-30,2026-05-06T15:30:00Z,2026-05-06T15:20:22.410Z,market_close_minus_seconds_to_close,yes,side=yes,,missing_in_forward_calibration_seed,577.59,0.852459,0.852459,0.14754100000000003,85.24589999999999,14.754100000000003,1.0,1.0,0.02176834668100001,0.02176834668100001,0.15963016482265335,85_90,True,-0.75412,83.0,98.589619,0.33442606395647034,True,34.0,True,False,True,False,True,False,True,True,True,False,False,rejected_actionable_posthoc_not_promotion_source
a2588abf9c48b0954916917f,causal_seed_from_v28_forward_calibration,logs/edge_research/v28_forward_calibration_latest.csv,478,rejected_actionable,ask_too_high,rejected_actionable_from_posthoc_calibration_report,KXBTC15M-26MAY061530-30,2026-05-06T15:30:00Z,2026-05-06T15:21:59.909Z,market_close_minus_seconds_to_close,yes,side=yes,,missing_in_forward_calibration_seed,480.091,0.880919,0.880919,0.11908099999999999,88.0919,11.9081,1.0,1.0,0.014180284560999998,0.014180284560999998,0.1267895982489516,85_90,True,-6.908088,92.0,89.198789,0.2449039295175849,False,16.0,True,False,True,False,True,False,True,True,True,False,False,rejected_actionable_posthoc_not_promotion_source
45806570b05c2be6330203b8,causal_seed_from_v28_forward_calibration,logs/edge_research/v28_forward_calibration_latest.csv,479,entry,approved_entry,approved_entry_from_posthoc_calibration_report,KXBTC15M-26MAY061545-45,2026-05-06T15:45:00Z,2026-05-06T15:39:22.224Z,market_close_minus_seconds_to_close,yes,side=yes,,missing_in_forward_calibration_seed,337.776,0.894983,0.894983,0.10501700000000003,89.4983,10.501700000000003,1.0,1.0,0.011028570289000006,0.011028570289000006,0.11095055530108569,85_90,True,2.498288,84.0,71.803,0.15655407010504802,False,22.0,True,False,True,False,False,False,True,True,True,False,False,posthoc_calibration_report_not_forward_registry
da11f608a7ea2193fec10eb6,causal_seed_from_v28_forward_calibration,logs/edge_research/v28_forward_calibration_latest.csv,480,rejected_actionable,p_below_floor,rejected_actionable_from_posthoc_calibration_report,KXBTC15M-26MAY061545-45,2026-05-06T15:45:00Z,2026-05-06T15:30:22.266Z,market_close_minus_seconds_to_close,no,side=no,,missing_in_forward_calibration_seed,877.734,0.511211,0.48878900000000003,0.511211,48.8789,51.1211,0.0,1.0,0.26133668652099995,0.26133668652099995,0.7158243754696253,50_60,True,-5.878946,53.0,120.410037,1.1722958825031966,True,-106.0,True,False,True,False,True,False,True,True,True,False,False,rejected_actionable_posthoc_not_promotion_source
d2b07dc76a545c6562ef8cbb,causal_seed_from_v28_forward_calibration,logs/edge_research/v28_forward_calibration_latest.csv,481,rejected_actionable,p_below_floor,rejected_actionable_from_posthoc_calibration_report,KXBTC15M-26MAY061545-45,2026-05-06T15:45:00Z,2026-05-06T15:30:22.266Z,market_close_minus_seconds_to_close,yes,side=yes,,missing_in_forward_calibration_seed,877.734,0.488789,0.488789,0.5112110000000001,48.878899999999994,51.121100000000006,1.0,1.0,0.26133668652100006,0.26133668652100006,0.7158243754696254,00_50,True,-3.121054,48.0,120.410037,1.1722958825031966,True,104.0,True,False,True,False,True,False,True,True,True,False,False,rejected_actionable_posthoc_not_promotion_source
dbbff6fe4e6164f99895abb5,causal_seed_from_v28_forward_calibration,logs/edge_research/v28_forward_calibration_latest.csv,482,rejected_actionable,edge_below_floor,rejected_actionable_from_posthoc_calibration_report,KXBTC15M-26MAY061545-45,2026-05-06T15:45:00Z,2026-05-06T15:38:46.707Z,market_close_minus_seconds_to_close,yes,side=yes,,missing_in_forward_calibration_seed,373.293,0.861749,0.861749,0.138251,86.1749,13.8251,1.0,1.0,0.019113339001000002,0.019113339001000002,0.14879123401519448,85_90,True,-0.825144,84.0,75.664206,0.20197455756658714,False,32.0,True,False,True,False,True,False,True,True,True,False,False,rejected_actionable_posthoc_not_promotion_source
3521519bf7de3e01d6d78da1,causal_seed_from_v28_forward_calibration,logs/edge_research/v28_forward_calibration_latest.csv,483,rejected_actionable,ask_too_high,rejected_actionable_from_posthoc_calibration_report,KXBTC15M-26MAY061545-45,2026-05-06T15:45:00Z,2026-05-06T15:39:53.462Z,market_close_minus_seconds_to_close,yes,side=yes,,missing_in_forward_calibration_seed,306.538,0.935411,0.935411,0.06458900000000001,93.5411,6.458900000000001,1.0,1.0,0.004171738921000001,0.004171738921000001,0.06676927408449032,90_95,True,-4.958894,96.0,68.414595,0.10890040559995133,False,8.0,True,False,True,False,True,False,True,True,True,False,False,rejected_actionable_posthoc_not_promotion_source
308bf51d2fa97ae3614ef639,causal_seed_from_v28_forward_calibration,logs/edge_research/v28_forward_calibration_latest.csv,484,rejected_actionable,p_below_floor,rejected_actionable_from_posthoc_calibration_report,KXBTC15M-26MAY061600-00,2026-05-06T16:00:00Z,2026-05-06T15:45:31.514Z,market_close_minus_seconds_to_close,no,side=no,,missing_in_forward_calibration_seed,868.486,0.603305,0.396695,0.603305,39.6695,60.3305,0.0,1.0,0.36397692302499995,0.36397692302499995,0.924587555524142,60_70,True,-4.669517,61.0,113.148909,0.8937992292764333,True,-122.0,True,False,True,False,True,False,True,True,True,False,False,rejected_actionable_posthoc_not_promotion_source
1b16e1d89d29f9db4a43b788,causal_seed_from_v28_forward_calibration,logs/edge_research/v28_forward_calibration_latest.csv,485,rejected_actionable,p_below_floor,rejected_actionable_from_posthoc_calibration_report,KXBTC15M-26MAY061600-00,2026-05-06T16:00:00Z,2026-05-06T15:45:31.514Z,market_close_minus_seconds_to_close,yes,side=yes,,missing_in_forward_calibration_seed,868.486,0.396695,0.396695,0.603305,39.6695,60.3305,1.0,1.0,0.36397692302499995,0.36397692302499995,0.924587555524142,00_50,True,-5.330483,41.0,113.148909,0.8937992292764333,True,118.0,True,False,True,False,True,False,True,True,True,False,False,rejected_actionable_posthoc_not_promotion_source
c20ebe38bcee4cb1050b58c7,causal_seed_from_v28_forward_calibration,logs/edge_research/v28_forward_calibration_latest.csv,486,rejected_actionable,edge_below_floor,rejected_actionable_from_posthoc_calibration_report,KXBTC15M-26MAY061600-00,2026-05-06T16:00:00Z,2026-05-06T15:55:41.927Z,market_close_minus_seconds_to_close,yes,side=yes,,missing_in_forward_calibration_seed,258.073,0.856744,0.856744,0.14325600000000005,85.67439999999999,14.325600000000005,1.0,1.0,0.020522281536000015,0.020522281536000015,0.15461612146174597,85_90,True,-3.325616,86.0,60.225804,0.13451165573133383,False,28.0,True,False,True,False,True,False,True,True,True,False,False,rejected_actionable_posthoc_not_promotion_source
aa57a1aca8f9feedbf07b35e,causal_seed_from_v28_forward_calibration,logs/edge_research/v28_forward_calibration_latest.csv,487,rejected_actionable,ask_too_high,rejected_actionable_from_posthoc_calibration_report,KXBTC15M-26MAY061600-00,2026-05-06T16:00:00Z,2026-05-06T15:56:19.218Z,market_close_minus_seconds_to_close,yes,side=yes,,missing_in_forward_calibration_seed,220.782,0.848935,0.848935,0.151065,84.8935,15.1065,1.0,1.0,0.022820634225,0.022820634225,0.16377265626130616,80_85,True,-10.106535,92.0,55.548545,0.11822220290001105,False,16.0,True,False,True,False,True,False,True,True,True,False,False,rejected_actionable_posthoc_not_promotion_source
c44b25025b4ad958457398f9,causal_seed_from_v28_forward_calibration,logs/edge_research/v28_forward_calibration_latest.csv,488,entry,approved_entry,approved_entry_from_posthoc_calibration_report,KXBTC15M-26MAY061615-15,2026-05-06T16:15:00Z,2026-05-06T16:04:49.359Z,market_close_minus_seconds_to_close,yes,side=yes,,missing_in_forward_calibration_seed,610.641,0.957239,0.957239,0.04276100000000005,95.7239,4.276100000000005,1.0,1.0,0.0018285031210000043,0.0018285031210000043,0.04370217994173751,95_100,True,2.723898,90.0,90.658184,0.16233734364968389,False,8.0,True,False,True,False,False,False,True,True,True,False,False,posthoc_calibration_report_not_forward_registry
f8b6ec958e5a5dbf257ffd37,causal_seed_from_v28_forward_calibration,logs/edge_research/v28_forward_calibration_latest.csv,489,rejected_actionable,p_below_floor,rejected_actionable_from_posthoc_calibration_report,KXBTC15M-26MAY061615-15,2026-05-06T16:15:00Z,2026-05-06T16:00:38.779Z,market_close_minus_seconds_to_close,no,side=no,,missing_in_forward_calibration_seed,861.221,0.461131,0.538869,0.46113099999999996,53.886900000000004,46.113099999999996,0.0,1.0,0.212641799161,0.21264179916099996,0.6182827802844104,00_50,True,-4.886914,47.0,108.427036,0.9556356811157567,True,-94.0,True,False,True,False,True,False,True,True,True,False,False,rejected_actionable_posthoc_not_promotion_source
b78e5264af9711c71b412111,causal_seed_from_v28_forward_calibration,logs/edge_research/v28_forward_calibration_latest.csv,490,rejected_actionable,p_below_floor,rejected_actionable_from_posthoc_calibration_report,KXBTC15M-26MAY061615-15,2026-05-06T16:15:00Z,2026-05-06T16:00:38.779Z,market_close_minus_seconds_to_close,yes,side=yes,,missing_in_forward_calibration_seed,861.221,0.538869,0.538869,0.46113099999999996,53.886900000000004,46.113099999999996,1.0,1.0,0.21264179916099996,0.21264179916099996,0.6182827802844104,50_60,True,-4.113086,54.0,108.427036,0.9556356811157567,True,92.0,True,False,True,False,True,False,True,True,True,False,False,rejected_actionable_posthoc_not_promotion_source
5ac92d10e1b2da240beb62fc,causal_seed_from_v28_forward_calibration,logs/edge_research/v28_forward_calibration_latest.csv,491,rejected_actionable,edge_below_floor,rejected_actionable_from_posthoc_calibration_report,KXBTC15M-26MAY061615-15,2026-05-06T16:15:00Z,2026-05-06T16:04:18.382Z,market_close_minus_seconds_to_close,yes,side=yes,,missing_in_forward_calibration_seed,641.618,0.864478,0.864478,0.13552200000000003,86.4478,13.552200000000003,1.0,1.0,0.01836621248400001,0.01836621248400001,0.1456294224185783,85_90,True,0.447761,83.0,92.868716,0.31319440712491725,True,17.0,True,False,True,False,True,False,True,True,True,False,False,rejected_actionable_posthoc_not_promotion_source
de1270d005cf4253df3e1910,causal_seed_from_v28_forward_calibration,logs/edge_research/v28_forward_calibration_latest.csv,492,rejected_actionable,ask_too_high,rejected_actionable_from_posthoc_calibration_report,KXBTC15M-26MAY061615-15,2026-05-06T16:15:00Z,2026-05-06T16:07:00.212Z,market_close_minus_seconds_to_close,yes,side=yes,,missing_in_forward_calibration_seed,479.788,0.927433,0.927433,0.07256700000000005,92.74329999999999,7.256700000000005,1.0,1.0,0.005265969489000007,0.005265969489000007,0.07533472430654435,90_95,True,-2.256723,92.0,82.546334,0.16992253234434682,False,16.0,True,False,True,False,True,False,True,True,True,False,False,rejected_actionable_posthoc_not_promotion_source
ed0bb0cc429584867b0703d2,causal_seed_from_v28_forward_calibration,logs/edge_research/v28_forward_calibration_latest.csv,493,rejected_actionable,p_below_floor,rejected_actionable_from_posthoc_calibration_report,KXBTC15M-26MAY061630-30,2026-05-06T16:30:00Z,2026-05-06T16:15:45.218Z,market_close_minus_seconds_to_close,no,side=no,,missing_in_forward_calibration_seed,854.782,0.376037,0.623963,0.37603699999999995,62.396300000000004,37.603699999999996,1.0,0.0,0.38932982536900007,0.38932982536900007,0.9780677361783047,00_50,True,0.603688,33.0,106.840491,0.7455326490288399,True,134.0,True,False,True,False,True,False,True,True,True,False,False,rejected_actionable_posthoc_not_promotion_source
3ea83af73a360832d5bad1e0,causal_seed_from_v28_forward_calibration,logs/edge_research/v28_forward_calibration_latest.csv,494,rejected_actionable,edge_below_floor,rejected_actionable_from_posthoc_calibration_report,KXBTC15M-26MAY061630-30,2026-05-06T16:30:00Z,2026-05-06T16:28:38.188Z,market_close_minus_seconds_to_close,no,side=no,,missing_in_forward_calibration_seed,81.812,0.860783,0.13921700000000004,0.860783,13.921700000000003,86.0783,1.0,0.0,0.01938137308900001,0.01938137308900001,0.14991283884026455,85_90,True,-2.921669,86.0,32.564071,0.04068787926835586,False,28.0,True,False,True,False,True,False,True,True,True,False,False,rejected_actionable_posthoc_not_promotion_source
ee5bb24358579665232bc4bc,causal_seed_from_v28_forward_calibration,logs/edge_research/v28_forward_calibration_latest.csv,495,rejected_actionable,ask_too_high,rejected_actionable_from_posthoc_calibration_report,KXBTC15M-26MAY061630-30,2026-05-06T16:30:00Z,2026-05-06T16:28:39.164Z,market_close_minus_seconds_to_close,no,side=no,,missing_in_forward_calibration_seed,80.836,0.881471,0.118529,0.881471,11.8529,88.1471,1.0,0.0,0.014049123840999999,0.014049123840999999,0.1261631761538982,85_90,True,-5.852903,91.0,32.368248,0.03675325742126827,False,18.0,True,False,True,False,True,False,True,True,True,False,False,rejected_actionable_posthoc_not_promotion_source
b8b92b55bb0f6b5e71d2f243,causal_seed_from_v28_forward_calibration,logs/edge_research/v28_forward_calibration_latest.csv,496,rejected_actionable,p_below_floor,rejected_actionable_from_posthoc_calibration_report,KXBTC15M-26MAY061630-30,2026-05-06T16:30:00Z,2026-05-06T16:15:45.218Z,market_close_minus_seconds_to_close,yes,side=yes,,missing_in_forward_calibration_seed,854.782,0.623963,0.623963,0.37603699999999995,62.396300000000004,37.603699999999996,0.0,0.0,0.38932982536900007,0.38932982536900007,0.9780677361783047,60_70,True,-9.603688,68.0,106.840491,0.7455326490288399,True,-136.0,True,False,True,False,True,False,True,True,True,False,False,rejected_actionable_posthoc_not_promotion_source
e97902754e16b7cba640ca79,causal_seed_from_v28_forward_calibration,logs/edge_research/v28_forward_calibration_latest.csv,497,rejected_actionable,ask_too_high,rejected_actionable_from_posthoc_calibration_report,KXBTC15M-26MAY061630-30,2026-05-06T16:30:00Z,2026-05-06T16:26:25.797Z,market_close_minus_seconds_to_close,yes,side=yes,,missing_in_forward_calibration_seed,214.203,0.806694,0.806694,0.19330599999999998,80.6694,19.330599999999997,0.0,0.0,0.6507552096360001,0.6507552096360001,1.6434808534151235,80_85,True,-13.330561,91.0,52.629035,0.12426020032005182,False,-182.0,True,False,True,False,True,False,True,True,True,False,False,rejected_actionable_posthoc_not_promotion_source
abe4a87a2bb476835b1316bf,causal_seed_from_v28_forward_calibration,logs/edge_research/v28_forward_calibration_latest.csv,498,rejected_actionable,edge_below_floor,rejected_actionable_from_posthoc_calibration_report,KXBTC15M-26MAY061630-30,2026-05-06T16:30:00Z,2026-05-06T16:27:42.764Z,market_close_minus_seconds_to_close,yes,side=yes,,missing_in_forward_calibration_seed,137.236,0.860754,0.860754,0.13924599999999998,86.0754,13.924599999999998,0.0,0.0,0.740897448516,0.740897448516,1.9715131259015066,85_90,True,-6.924645,90.0,42.084917,0.06778481196704159,False,-180.0,True,False,True,False,True,False,True,True,True,False,False,rejected_actionable_posthoc_not_promotion_source
c052432f7c5452e6b9021c5c,causal_seed_from_v28_forward_calibration,logs/edge_research/v28_forward_calibration_latest.csv,499,entry,approved_entry,approved_entry_from_posthoc_calibration_report,KXBTC15M-26MAY061645-45,2026-05-06T16:45:00Z,2026-05-06T16:30:50.140Z,market_close_minus_seconds_to_close,no,side=no,,missing_in_forward_calibration_seed,849.86,0.855564,0.144436,0.855564,14.4436,85.5564,1.0,0.0,0.020861758096000004,0.020861758096000004,0.15599437839542052,85_90,True,6.056402,76.0,105.062382,0.41532436376612036,True,48.0,True,False,True,False,False,False,True,True,True,False,False,posthoc_calibration_report_not_forward_registry
d97d774927133616d778e0f5,causal_seed_from_v28_forward_calibration,logs/edge_research/v28_forward_calibration_latest.csv,500,rejected_actionable,p_below_floor,rejected_actionable_from_posthoc_calibration_report,KXBTC15M-26MAY061645-45,2026-05-06T16:45:00Z,2026-05-06T16:30:15.772Z,market_close_minus_seconds_to_close,no,side=no,,missing_in_forward_calibration_seed,884.228,0.584671,0.41532899999999995,0.584671,41.5329,58.4671,1.0,0.0,0.17249817824099994,0.17249817824099994,0.5367059831150256,50_60,True,-4.532872,59.0,107.260438,0.8626664039227576,True,82.0,True,False,True,False,True,False,True,True,True,False,False,rejected_actionable_posthoc_not_promotion_source
2dc3d56156f30027704caf2d,causal_seed_from_v28_forward_calibration,logs/edge_research/v28_forward_calibration_latest.csv,501,rejected_actionable,ask_too_high,rejected_actionable_from_posthoc_calibration_report,KXBTC15M-26MAY061645-45,2026-05-06T16:45:00Z,2026-05-06T16:32:50.169Z,market_close_minus_seconds_to_close,no,side=no,,missing_in_forward_calibration_seed,729.831,0.990747,0.009252999999999956,0.990747,0.9252999999999956,99.0747,1.0,0.0,8.561800899999918e-05,8.561800899999918e-05,0.009296074925261072,95_100,True,1.57467,95.0,99.389119,0.0938323662484157,False,10.0,True,False,True,False,True,False,True,True,True,False,False,rejected_actionable_posthoc_not_promotion_source
28bfd8d1787c09fbc4fd9f51,causal_seed_from_v28_forward_calibration,logs/edge_research/v28_forward_calibration_latest.csv,502,rejected_actionable,p_below_floor,rejected_actionable_from_posthoc_calibration_report,KXBTC15M-26MAY061645-45,2026-05-06T16:45:00Z,2026-05-06T16:30:15.772Z,market_close_minus_seconds_to_close,yes,side=yes,,missing_in_forward_calibration_seed,884.228,0.415329,0.415329,0.5846709999999999,41.5329,58.467099999999995,0.0,0.0,0.172498178241,0.172498178241,0.5367059831150258,00_50,True,-4.467128,42.0,107.260438,0.8626664039227576,True,-84.0,True,False,True,False,True,False,True,True,True,False,False,rejected_actionable_posthoc_not_promotion_source
52f98398e70e341ad0af3ec7,causal_seed_from_v28_forward_calibration,logs/edge_research/v28_forward_calibration_latest.csv,503,rejected_actionable,p_below_floor,rejected_actionable_from_posthoc_calibration_report,KXBTC15M-26MAY061700-00,2026-05-06T17:00:00Z,2026-05-06T16:46:34.347Z,market_close_minus_seconds_to_close,no,side=no,,missing_in_forward_calibration_seed,805.653,0.475194,0.524806,0.475194,52.4806,47.5194,0.0,1.0,0.225809337636,0.225809337636,0.6447266084907839,00_50,True,-2.480644,46.0,104.507419,0.9739435448428793,True,-46.0,True,False,True,False,True,False,True,True,True,False,False,rejected_actionable_posthoc_not_promotion_source
218d8b29b9b2cf911cfd1366,causal_seed_from_v28_forward_calibration,logs/edge_research/v28_forward_calibration_latest.csv,504,rejected_actionable,p_below_floor,rejected_actionable_from_posthoc_calibration_report,KXBTC15M-26MAY061700-00,2026-05-06T17:00:00Z,2026-05-06T16:46:34.347Z,market_close_minus_seconds_to_close,yes,side=yes,,missing_in_forward_calibration_seed,805.653,0.524806,0.524806,0.475194,52.4806,47.5194,1.0,1.0,0.225809337636,0.225809337636,0.6447266084907839,50_60,True,-6.519356,55.0,104.507419,0.9739435448428793,True,90.0,True,False,True,False,True,False,True,True,True,False,False,rejected_actionable_posthoc_not_promotion_source
12386b42f52c8d6daaac2792,causal_seed_from_v28_forward_calibration,logs/edge_research/v28_forward_calibration_latest.csv,505,rejected_actionable,ask_too_high,rejected_actionable_from_posthoc_calibration_report,KXBTC15M-26MAY061700-00,2026-05-06T17:00:00Z,2026-05-06T16:57:02.338Z,market_close_minus_seconds_to_close,yes,side=yes,,missing_in_forward_calibration_seed,177.662,0.734424,0.734424,0.26557600000000003,73.44239999999999,26.557600000000004,1.0,1.0,0.07053061177600002,0.07053061177600002,0.30866876047126535,70_80,True,-22.05759,93.0,47.64361,0.12332420046869519,False,14.0,True,False,True,False,True,False,True,True,True,False,False,rejected_actionable_posthoc_not_promotion_source
0e24a8cd74998266645801af,causal_seed_from_v28_forward_calibration,logs/edge_research/v28_forward_calibration_latest.csv,506,rejected_actionable,p_below_floor,rejected_actionable_from_posthoc_calibration_report,KXBTC15M-26MAY061715-15,2026-05-06T17:15:00Z,2026-05-06T17:00:35.241Z,market_close_minus_seconds_to_close,no,side=no,,missing_in_forward_calibration_seed,864.759,0.372507,0.6274930000000001,0.3725069999999999,62.749300000000005,37.250699999999995,1.0,0.0,0.3937474650490001,0.3937474650490001,0.9874994493927808,00_50,True,-1.749294,35.0,104.042987,0.7471001825372059,True,130.0,True,False,True,False,True,False,True,True,True,False,False,rejected_actionable_posthoc_not_promotion_source
fcf77da85dced43fc33bb359,causal_seed_from_v28_forward_calibration,logs/edge_research/v28_forward_calibration_latest.csv,507,rejected_actionable,ask_too_high,rejected_actionable_from_posthoc_calibration_report,KXBTC15M-26MAY061715-15,2026-05-06T17:15:00Z,2026-05-06T17:12:38.978Z,market_close_minus_seconds_to_close,no,side=no,,missing_in_forward_calibration_seed,141.022,0.712694,0.28730599999999995,0.712694,28.730599999999995,71.2694,1.0,0.0,0.08254473763599997,0.08254473763599997,0.33870312319924,70_80,True,-23.730595,92.0,39.205156,0.09442264552125736,False,16.0,True,False,True,False,True,False,True,True,True,False,False,rejected_actionable_posthoc_not_promotion_source
9e824d6184ba4995e962d4ac,causal_seed_from_v28_forward_calibration,logs/edge_research/v28_forward_calibration_latest.csv,508,rejected_actionable,p_below_floor,rejected_actionable_from_posthoc_calibration_report,KXBTC15M-26MAY061715-15,2026-05-06T17:15:00Z,2026-05-06T17:00:35.241Z,market_close_minus_seconds_to_close,yes,side=yes,,missing_in_forward_calibration_seed,864.759,0.627493,0.627493,0.37250700000000003,62.7493,37.2507,0.0,0.0,0.39374746504899993,0.39374746504899993,0.9874994493927804,60_70,True,-7.250706,66.0,104.042987,0.7471001825372059,True,-132.0,True,False,True,False,True,False,True,True,True,False,False,rejected_actionable_posthoc_not_promotion_source
14b036f434f258a575a660f4,causal_seed_from_v28_forward_calibration,logs/edge_research/v28_forward_calibration_latest.csv,509,rejected_actionable,ask_too_high,rejected_actionable_from_posthoc_calibration_report,KXBTC15M-26MAY061715-15,2026-05-06T17:15:00Z,2026-05-06T17:08:06.219Z,market_close_minus_seconds_to_close,yes,side=yes,,missing_in_forward_calibration_seed,413.781,0.686902,0.686902,0.313098,68.6902,31.3098,0.0,0.0,0.471834357604,0.471834357604,1.1612390384057265,60_70,True,-26.80978,93.0,68.053695,0.2976812137643656,True,-186.0,True,False,True,False,True,False,True,True,True,False,False,rejected_actionable_posthoc_not_promotion_source
12b289e66b37648d8e3b627e,causal_seed_from_v28_forward_calibration,logs/edge_research/v28_forward_calibration_latest.csv,510,rejected_actionable,edge_below_floor,rejected_actionable_from_posthoc_calibration_report,KXBTC15M-26MAY061715-15,2026-05-06T17:15:00Z,2026-05-06T17:10:50.359Z,market_close_minus_seconds_to_close,yes,side=yes,,missing_in_forward_calibration_seed,249.641,0.863028,0.863028,0.13697199999999998,86.3028,13.697199999999999,0.0,0.0,0.744817328784,0.744817328784,1.987978753604405,85_90,True,-6.697222,90.0,52.318386,0.11385531917171574,False,-180.0,True,False,True,False,True,False,True,True,True,False,False,rejected_actionable_posthoc_not_promotion_source
a1874cfb669860570814f4db,causal_seed_from_v28_forward_calibration,logs/edge_research/v28_forward_calibration_latest.csv,511,rejected_actionable,p_below_floor,rejected_actionable_from_posthoc_calibration_report,KXBTC15M-26MAY061730-30,2026-05-06T17:30:00Z,2026-05-06T17:15:50.236Z,market_close_minus_seconds_to_close,no,side=no,,missing_in_forward_calibration_seed,849.764,0.415948,0.584052,0.415948,58.4052,41.5948,0.0,1.0,0.173012738704,0.173012738704,0.5377652590219426,00_50,True,-1.405195,39.0,96.613845,0.7796936586349668,True,-78.0,True,False,True,False,True,False,True,True,True,False,False,rejected_actionable_posthoc_not_promotion_source
3d99201948332bd51755a753,causal_seed_from_v28_forward_calibration,logs/edge_research/v28_forward_calibration_latest.csv,512,rejected_actionable,p_below_floor,rejected_actionable_from_posthoc_calibration_report,KXBTC15M-26MAY061730-30,2026-05-06T17:30:00Z,2026-05-06T17:15:50.236Z,market_close_minus_seconds_to_close,yes,side=yes,,missing_in_forward_calibration_seed,849.764,0.584052,0.584052,0.415948,58.4052,41.5948,1.0,1.0,0.173012738704,0.173012738704,0.5377652590219426,50_60,True,-7.594805,62.0,96.613845,0.7796936586349668,True,76.0,True,False,True,False,True,False,True,True,True,False,False,rejected_actionable_posthoc_not_promotion_source
bf6be5f9902b7c325398bd46,causal_seed_from_v28_forward_calibration,logs/edge_research/v28_forward_calibration_latest.csv,513,rejected_actionable,ask_too_high,rejected_actionable_from_posthoc_calibration_report,KXBTC15M-26MAY061730-30,2026-05-06T17:30:00Z,2026-05-06T17:25:59.131Z,market_close_minus_seconds_to_close,yes,side=yes,,missing_in_forward_calibration_seed,240.869,0.879378,0.879378,0.12062200000000001,87.9378,12.0622,1.0,1.0,0.014549666884000001,0.014549666884000001,0.12854043960544348,85_90,True,-10.562234,96.0,49.219411,0.09907383677577447,False,8.0,True,False,True,False,True,False,True,True,True,False,False,rejected_actionable_posthoc_not_promotion_source
57670160a5cceddd803bc2c8,causal_seed_from_v28_forward_calibration,logs/edge_research/v28_forward_calibration_latest.csv,514,rejected_actionable,p_below_floor,rejected_actionable_from_posthoc_calibration_report,KXBTC15M-26MAY061745-45,2026-05-06T17:45:00Z,2026-05-06T17:33:51.535Z,market_close_minus_seconds_to_close,no,side=no,,missing_in_forward_calibration_seed,668.465,0.510383,0.48961699999999997,0.510383,48.96169999999999,51.03830000000001,0.0,1.0,0.26049080668900004,0.26049080668900004,0.714131826164601,50_60,True,34.038275,14.0,81.740441,0.6897895866379721,True,-28.0,True,False,True,False,True,False,True,True,True,False,False,rejected_actionable_posthoc_not_promotion_source
af2f289e1a6b76dbd34be25a,causal_seed_from_v28_forward_calibration,logs/edge_research/v28_forward_calibration_latest.csv,515,rejected_actionable,p_below_floor,rejected_actionable_from_posthoc_calibration_report,KXBTC15M-26MAY061745-45,2026-05-06T17:45:00Z,2026-05-06T17:33:51.535Z,market_close_minus_seconds_to_close,yes,side=yes,,missing_in_forward_calibration_seed,668.465,0.489617,0.489617,0.510383,48.9617,51.03830000000001,1.0,1.0,0.26049080668900004,0.26049080668900004,0.7141318261646009,00_50,True,-41.038275,87.0,81.740441,0.6897895866379721,True,26.0,True,False,True,False,True,False,True,True,True,False,False,rejected_actionable_posthoc_not_promotion_source
f20f3719ada94d04ed138aa6,causal_seed_from_v28_forward_calibration,logs/edge_research/v28_forward_calibration_latest.csv,516,rejected_actionable,edge_below_floor,rejected_actionable_from_posthoc_calibration_report,KXBTC15M-26MAY061745-45,2026-05-06T17:45:00Z,2026-05-06T17:33:53.912Z,market_close_minus_seconds_to_close,yes,side=yes,,missing_in_forward_calibration_seed,666.088,0.872414,0.872414,0.12758599999999998,87.2414,12.758599999999998,1.0,1.0,0.016278187395999993,0.016278187395999993,0.1364911970988774,85_90,True,-2.758569,87.0,81.672719,0.27737701274729326,True,26.0,True,False,True,False,True,False,True,True,True,False,False,rejected_actionable_posthoc_not_promotion_source
b8e404042013728b55fdfad6,causal_seed_from_v28_forward_calibration,logs/edge_research/v28_forward_calibration_latest.csv,517,rejected_actionable,ask_too_high,rejected_actionable_from_posthoc_calibration_report,KXBTC15M-26MAY061745-45,2026-05-06T17:45:00Z,2026-05-06T17:37:28.629Z,market_close_minus_seconds_to_close,yes,side=yes,,missing_in_forward_calibration_seed,451.371,0.91026,0.91026,0.08974000000000004,91.026,8.974000000000004,1.0,1.0,0.008053267600000007,0.008053267600000007,0.09402500599408074,90_95,True,-2.974036,91.0,67.81749,0.1568083950725303,False,18.0,True,False,True,False,True,False,True,True,True,False,False,rejected_actionable_posthoc_not_promotion_source
bca06ff8ecdbf660bf2dde66,causal_seed_from_v28_forward_calibration,logs/edge_research/v28_forward_calibration_latest.csv,518,entry,approved_entry,approved_entry_from_posthoc_calibration_report,KXBTC15M-26MAY061800-00,2026-05-06T18:00:00Z,2026-05-06T17:48:44.159Z,market_close_minus_seconds_to_close,no,side=no,,missing_in_forward_calibration_seed,675.841,0.897587,0.10241299999999998,0.897587,10.241299999999997,89.7587,1.0,0.0,0.010488422568999995,0.010488422568999995,0.10804522738453942,85_90,True,18.758707,67.0,83.420093,0.2551010740832833,True,-86.0,True,False,True,False,False,False,True,True,True,False,False,posthoc_calibration_report_not_forward_registry
04e168b695531b9b216142bf,causal_seed_from_v28_forward_calibration,logs/edge_research/v28_forward_calibration_latest.csv,519,rejected_actionable,p_below_floor,rejected_actionable_from_posthoc_calibration_report,KXBTC15M-26MAY061800-00,2026-05-06T18:00:00Z,2026-05-06T17:46:50.262Z,market_close_minus_seconds_to_close,no,side=no,,missing_in_forward_calibration_seed,789.738,0.700391,0.299609,0.700391,29.960900000000002,70.0391,1.0,0.0,0.08976555288100001,0.08976555288100001,0.3561165284531139,70_80,True,-1.960943,68.0,90.669263,0.54576569140668,True,64.0,True,False,True,False,True,False,True,True,True,False,False,rejected_actionable_posthoc_not_promotion_source
acb22f7e11ccd992df2eb893,causal_seed_from_v28_forward_calibration,logs/edge_research/v28_forward_calibration_latest.csv,520,rejected_actionable,p_below_floor,rejected_actionable_from_posthoc_calibration_report,KXBTC15M-26MAY061800-00,2026-05-06T18:00:00Z,2026-05-06T17:46:50.262Z,market_close_minus_seconds_to_close,yes,side=yes,,missing_in_forward_calibration_seed,789.738,0.299609,0.299609,0.700391,29.960900000000002,70.0391,0.0,0.0,0.08976555288100001,0.08976555288100001,0.3561165284531139,00_50,True,-8.039057,34.0,90.669263,0.54576569140668,True,-68.0,True,False,True,False,True,False,True,True,True,False,False,rejected_actionable_posthoc_not_promotion_source
08645e8547d5119b3fbe5362,causal_seed_from_v28_forward_calibration,logs/edge_research/v28_forward_calibration_latest.csv,521,entry,approved_entry,approved_entry_from_posthoc_calibration_report,KXBTC15M-26MAY061815-15,2026-05-06T18:15:00Z,2026-05-06T18:05:33.824Z,market_close_minus_seconds_to_close,no,side=no,,missing_in_forward_calibration_seed,566.176,0.948944,0.05105599999999999,0.948944,5.105599999999999,94.8944,1.0,0.0,0.002606715135999999,0.002606715135999999,0.05240549159700427,90_95,True,7.894387,84.0,76.887084,0.14726933295332775,False,24.0,True,False,True,False,False,False,True,True,True,False,False,posthoc_calibration_report_not_forward_registry
22f6562e74f84e188478c114,causal_seed_from_v28_forward_calibration,logs/edge_research/v28_forward_calibration_latest.csv,522,rejected_actionable,edge_below_floor,rejected_actionable_from_posthoc_calibration_report,KXBTC15M-26MAY061815-15,2026-05-06T18:15:00Z,2026-05-06T18:05:27.960Z,market_close_minus_seconds_to_close,no,side=no,,missing_in_forward_calibration_seed,572.04,0.884134,0.11586600000000002,0.884134,11.586600000000002,88.4134,1.0,0.0,0.013424929956000005,0.013424929956000005,0.12314664412173616,85_90,True,1.413387,84.0,77.315565,0.2299354148527105,False,32.0,True,False,True,False,True,False,True,True,True,False,False,rejected_actionable_posthoc_not_promotion_source
d42eb1d53f0c1455a4ff8f14,causal_seed_from_v28_forward_calibration,logs/edge_research/v28_forward_calibration_latest.csv,523,rejected_actionable,ask_too_high,rejected_actionable_from_posthoc_calibration_report,KXBTC15M-26MAY061815-15,2026-05-06T18:15:00Z,2026-05-06T18:07:14.134Z,market_close_minus_seconds_to_close,no,side=no,,missing_in_forward_calibration_seed,465.866,0.950684,0.049316000000000026,0.950684,4.931600000000003,95.0684,1.0,0.0,0.0024320678560000026,0.0024320678560000026,0.050573553463201706,95_100,True,-3.431569,96.0,69.921967,0.12028159202184788,False,8.0,True,False,True,False,True,False,True,True,True,False,False,rejected_actionable_posthoc_not_promotion_source
3f2bab7fb7cc948531e0a677,causal_seed_from_v28_forward_calibration,logs/edge_research/v28_forward_calibration_latest.csv,524,rejected_actionable,p_below_floor,rejected_actionable_from_posthoc_calibration_report,KXBTC15M-26MAY061815-15,2026-05-06T18:15:00Z,2026-05-06T18:01:12.450Z,market_close_minus_seconds_to_close,yes,side=yes,,missing_in_forward_calibration_seed,827.55,0.412566,0.412566,0.587434,41.2566,58.7434,0.0,0.0,0.170210704356,0.170210704356,0.5319913797000132,00_50,True,1.256612,36.0,92.504706,0.709103144238021,True,-72.0,True,False,True,False,True,False,True,True,True,False,False,rejected_actionable_posthoc_not_promotion_source
e0db0d61de020496f76b9034,causal_seed_from_v28_forward_calibration,logs/edge_research/v28_forward_calibration_latest.csv,525,entry,approved_entry,approved_entry_from_posthoc_calibration_report,KXBTC15M-26MAY061830-30,2026-05-06T18:30:00Z,2026-05-06T18:24:05.663Z,market_close_minus_seconds_to_close,no,side=no,,missing_in_forward_calibration_seed,354.337,0.94737,0.052629999999999955,0.94737,5.2629999999999955,94.73700000000001,1.0,0.0,0.0027699168999999954,0.0027699168999999954,0.05406555460499794,90_95,True,2.737019,89.0,60.063508,0.09386761131456846,False,20.0,True,False,True,False,False,False,True,True,True,False,False,posthoc_calibration_report_not_forward_registry
49e43e715419dbe7e54ec396,causal_seed_from_v28_forward_calibration,logs/edge_research/v28_forward_calibration_latest.csv,526,rejected_actionable,p_below_floor,rejected_actionable_from_posthoc_calibration_report,KXBTC15M-26MAY061830-30,2026-05-06T18:30:00Z,2026-05-06T18:15:46.490Z,market_close_minus_seconds_to_close,no,side=no,,missing_in_forward_calibration_seed,853.51,0.445363,0.554637,0.44536299999999995,55.4637,44.5363,1.0,0.0,0.30762220176900007,0.30762220176900007,0.808865599005987,00_50,True,-3.463666,44.0,93.650907,0.8365242036907446,True,112.0,True,False,True,False,True,False,True,True,True,False,False,rejected_actionable_posthoc_not_promotion_source
d96156611af4958ed2374126,causal_seed_from_v28_forward_calibration,logs/edge_research/v28_forward_calibration_latest.csv,527,rejected_actionable,edge_below_floor,rejected_actionable_from_posthoc_calibration_report,KXBTC15M-26MAY061830-30,2026-05-06T18:30:00Z,2026-05-06T18:19:29.768Z,market_close_minus_seconds_to_close,no,side=no,,missing_in_forward_calibration_seed,630.232,0.870892,0.129108,0.870892,12.9108,87.0892,1.0,0.0,0.016668875664,0.016668875664,0.13823730522527783,85_90,True,0.089191,84.0,80.264868,0.26502992125061026,True,32.0,True,False,True,False,True,False,True,True,True,False,False,rejected_actionable_posthoc_not_promotion_source
82698a68e3e2361a5f42a539,causal_seed_from_v28_forward_calibration,logs/edge_research/v28_forward_calibration_latest.csv,528,rejected_actionable,ask_too_high,rejected_actionable_from_posthoc_calibration_report,KXBTC15M-26MAY061830-30,2026-05-06T18:30:00Z,2026-05-06T18:23:10.087Z,market_close_minus_seconds_to_close,no,side=no,,missing_in_forward_calibration_seed,409.913,0.890844,0.10915600000000003,0.890844,10.915600000000003,89.0844,1.0,0.0,0.011915032336000006,0.011915032336000006,0.11558595101543541,85_90,True,-10.415611,97.0,64.609737,0.16075609997197524,False,6.0,True,False,True,False,True,False,True,True,True,False,False,rejected_actionable_posthoc_not_promotion_source
ca5e696c7a373ec86227e652,causal_seed_from_v28_forward_calibration,logs/edge_research/v28_forward_calibration_latest.csv,529,rejected_actionable,p_below_floor,rejected_actionable_from_posthoc_calibration_report,KXBTC15M-26MAY061830-30,2026-05-06T18:30:00Z,2026-05-06T18:15:46.490Z,market_close_minus_seconds_to_close,yes,side=yes,,missing_in_forward_calibration_seed,853.51,0.554637,0.554637,0.44536299999999995,55.4637,44.5363,0.0,0.0,0.30762220176900007,0.30762220176900007,0.808865599005987,50_60,True,-5.536334,57.0,93.650907,0.8365242036907446,True,-114.0,True,False,True,False,True,False,True,True,True,False,False,rejected_actionable_posthoc_not_promotion_source
3c5ab0e9331642a83fe2490e,causal_seed_from_v28_forward_calibration,logs/edge_research/v28_forward_calibration_latest.csv,530,rejected_actionable,p_below_floor,rejected_actionable_from_posthoc_calibration_report,KXBTC15M-26MAY061845-45,2026-05-06T18:45:00Z,2026-05-06T18:31:25.062Z,market_close_minus_seconds_to_close,no,side=no,,missing_in_forward_calibration_seed,814.938,0.341076,0.6589240000000001,0.34107599999999993,65.89240000000001,34.10759999999999,0.0,1.0,0.116332837776,0.11633283777599995,0.41714707738211004,00_50,True,7.607554,23.0,90.142507,0.6131714328215057,True,-46.0,True,False,True,False,True,False,True,True,True,False,False,rejected_actionable_posthoc_not_promotion_source
1af8eea34c1a47da26502054,causal_seed_from_v28_forward_calibration,logs/edge_research/v28_forward_calibration_latest.csv,531,rejected_actionable,p_below_floor,rejected_actionable_from_posthoc_calibration_report,KXBTC15M-26MAY061845-45,2026-05-06T18:45:00Z,2026-05-06T18:31:25.062Z,market_close_minus_seconds_to_close,yes,side=yes,,missing_in_forward_calibration_seed,814.938,0.658924,0.658924,0.34107600000000005,65.8924,34.107600000000005,1.0,1.0,0.11633283777600004,0.11633283777600004,0.4171470773821102,60_70,True,-15.607554,78.0,90.142507,0.6131714328215057,True,44.0,True,False,True,False,True,False,True,True,True,False,False,rejected_actionable_posthoc_not_promotion_source
c0c352a215422786f48e48c8,causal_seed_from_v28_forward_calibration,logs/edge_research/v28_forward_calibration_latest.csv,532,rejected_actionable,ask_too_high,rejected_actionable_from_posthoc_calibration_report,KXBTC15M-26MAY061845-45,2026-05-06T18:45:00Z,2026-05-06T18:40:19.447Z,market_close_minus_seconds_to_close,yes,side=yes,,missing_in_forward_calibration_seed,280.553,0.944524,0.944524,0.05547599999999997,94.4524,5.547599999999997,1.0,1.0,0.0030775865759999966,0.0030775865759999966,0.0570741820934241,90_95,True,-4.047616,96.0,52.669498,0.07790752461323894,False,8.0,True,False,True,False,True,False,True,True,True,False,False,rejected_actionable_posthoc_not_promotion_source
a248d8edf756da6a717c5a6b,causal_seed_from_v28_forward_calibration,logs/edge_research/v28_forward_calibration_latest.csv,533,entry,approved_entry,approved_entry_from_posthoc_calibration_report,KXBTC15M-26MAY061900-00,2026-05-06T19:00:00Z,2026-05-06T18:55:11.340Z,market_close_minus_seconds_to_close,yes,side=yes,,missing_in_forward_calibration_seed,288.66,0.955382,0.955382,0.044618000000000047,95.53819999999999,4.461800000000005,1.0,1.0,0.0019907659240000044,0.0019907659240000044,0.045644018480079915,95_100,True,2.5382,90.0,52.39474,0.06948748597263207,False,20.0,True,False,True,False,False,False,True,True,True,False,False,posthoc_calibration_report_not_forward_registry
967eb77fa36a293f407e415f,causal_seed_from_v28_forward_calibration,logs/edge_research/v28_forward_calibration_latest.csv,534,rejected_actionable,p_below_floor,rejected_actionable_from_posthoc_calibration_report,KXBTC15M-26MAY061900-00,2026-05-06T19:00:00Z,2026-05-06T18:45:52.089Z,market_close_minus_seconds_to_close,no,side=no,,missing_in_forward_calibration_seed,847.911,0.495676,0.504324,0.495676,50.4324,49.5676,0.0,1.0,0.245694696976,0.245694696976,0.6845363603120502,00_50,True,17.067554,29.0,90.776296,0.8757798480288578,True,-58.0,True,False,True,False,True,False,True,True,True,False,False,rejected_actionable_posthoc_not_promotion_source
78292cb1a578c1abe0079e73,causal_seed_from_v28_forward_calibration,logs/edge_research/v28_forward_calibration_latest.csv,535,rejected_actionable,p_below_floor,rejected_actionable_from_posthoc_calibration_report,KXBTC15M-26MAY061900-00,2026-05-06T19:00:00Z,2026-05-06T18:45:52.089Z,market_close_minus_seconds_to_close,yes,side=yes,,missing_in_forward_calibration_seed,847.911,0.504324,0.504324,0.495676,50.4324,49.5676,1.0,1.0,0.245694696976,0.245694696976,0.6845363603120502,50_60,True,-25.067554,72.0,90.776296,0.8757798480288578,True,56.0,True,False,True,False,True,False,True,True,True,False,False,rejected_actionable_posthoc_not_promotion_source
a3f45efd4d11f85c64ac80ef,causal_seed_from_v28_forward_calibration,logs/edge_research/v28_forward_calibration_latest.csv,536,rejected_actionable,edge_below_floor,rejected_actionable_from_posthoc_calibration_report,KXBTC15M-26MAY061900-00,2026-05-06T19:00:00Z,2026-05-06T18:53:20.736Z,market_close_minus_seconds_to_close,yes,side=yes,,missing_in_forward_calibration_seed,399.264,0.853927,0.853927,0.146073,85.3927,14.6073,1.0,1.0,0.021337321329000004,0.021337321329000004,0.15790956894087543,85_90,True,-6.607278,89.0,61.739265,0.17790349701745495,False,22.0,True,False,True,False,True,False,True,True,True,False,False,rejected_actionable_posthoc_not_promotion_source
740233dba0158c90c3b7272f,causal_seed_from_v28_forward_calibration,logs/edge_research/v28_forward_calibration_latest.csv,537,rejected_actionable,ask_too_high,rejected_actionable_from_posthoc_calibration_report,KXBTC15M-26MAY061900-00,2026-05-06T19:00:00Z,2026-05-06T18:53:22.561Z,market_close_minus_seconds_to_close,yes,side=yes,,missing_in_forward_calibration_seed,397.439,0.887626,0.887626,0.11237399999999997,88.7626,11.237399999999997,1.0,1.0,0.012627915875999995,0.012627915875999995,0.11920479587862688,85_90,True,-5.23736,91.0,61.604106,0.15512743913778046,False,18.0,True,False,True,False,True,False,True,True,True,False,False,rejected_actionable_posthoc_not_promotion_source
36026c1984f8df63fe65783b,causal_seed_from_v28_forward_calibration,logs/edge_research/v28_forward_calibration_latest.csv,538,entry,approved_entry,approved_entry_from_posthoc_calibration_report,KXBTC15M-26MAY061915-15,2026-05-06T19:15:00Z,2026-05-06T19:03:05.379Z,market_close_minus_seconds_to_close,no,side=no,,missing_in_forward_calibration_seed,714.621,0.923342,0.076658,0.923342,7.665800000000001,92.3342,1.0,0.0,0.005876448964000001,0.005876448964000001,0.07975558223132498,90_95,True,2.334214,87.0,83.126581,0.2295042151020138,False,24.0,True,False,True,False,False,False,True,True,True,False,False,posthoc_calibration_report_not_forward_registry
adc7426bf4c77e9ae3c5daae,causal_seed_from_v28_forward_calibration,logs/edge_research/v28_forward_calibration_latest.csv,539,rejected_actionable,ask_too_high,rejected_actionable_from_posthoc_calibration_report,KXBTC15M-26MAY061915-15,2026-05-06T19:15:00Z,2026-05-06T19:05:07.502Z,market_close_minus_seconds_to_close,no,side=no,,missing_in_forward_calibration_seed,592.498,0.997912,0.0020879999999999788,0.997912,0.20879999999999788,99.7912,1.0,0.0,4.359743999999911e-06,4.359743999999911e-06,0.002090182911141596,95_100,True,1.291151,96.0,87.881383,0.038358396386679025,False,8.0,True,False,True,False,True,False,True,True,True,False,False,rejected_actionable_posthoc_not_promotion_source
c335c3f4d8e8aa5c8ee85194,causal_seed_from_v28_forward_calibration,logs/edge_research/v28_forward_calibration_latest.csv,540,rejected_actionable,p_below_floor,rejected_actionable_from_posthoc_calibration_report,KXBTC15M-26MAY061915-15,2026-05-06T19:15:00Z,2026-05-06T19:03:05.379Z,market_close_minus_seconds_to_close,yes,side=yes,,missing_in_forward_calibration_seed,714.621,0.076658,0.076658,0.923342,7.665800000000001,92.3342,0.0,0.0,0.005876448964000001,0.005876448964000001,0.07975558223132498,00_50,True,-9.334214,14.0,83.126581,0.2295042151020138,False,-28.0,True,False,True,False,True,False,True,True,True,False,False,rejected_actionable_posthoc_not_promotion_source
e0219b10e5bb43e484f41438,causal_seed_from_v28_forward_calibration,logs/edge_research/v28_forward_calibration_latest.csv,541,rejected_actionable,p_below_floor,rejected_actionable_from_posthoc_calibration_report,KXBTC15M-26MAY061930-30,2026-05-06T19:30:00Z,2026-05-06T19:16:29.603Z,market_close_minus_seconds_to_close,no,side=no,,missing_in_forward_calibration_seed,810.397,0.448636,0.551364,0.44863600000000003,55.136399999999995,44.863600000000005,0.0,1.0,0.20127426049599997,0.20127426049600003,0.595360070880728,00_50,True,-14.136383,55.0,105.505731,0.9053776147792911,True,-110.0,True,False,True,False,True,False,True,True,True,False,False,rejected_actionable_posthoc_not_promotion_source
d355c7710de210bc8ab4375c,causal_seed_from_v28_forward_calibration,logs/edge_research/v28_forward_calibration_latest.csv,542,rejected_actionable,p_below_floor,rejected_actionable_from_posthoc_calibration_report,KXBTC15M-26MAY061930-30,2026-05-06T19:30:00Z,2026-05-06T19:16:29.603Z,market_close_minus_seconds_to_close,yes,side=yes,,missing_in_forward_calibration_seed,810.397,0.551364,0.551364,0.44863600000000003,55.136399999999995,44.863600000000005,1.0,1.0,0.20127426049600003,0.20127426049600003,0.595360070880728,50_60,True,4.136383,47.0,105.505731,0.9053776147792911,True,106.0,True,False,True,False,True,False,True,True,True,False,False,rejected_actionable_posthoc_not_promotion_source
98568c3f07828b8472a632c7,causal_seed_from_v28_forward_calibration,logs/edge_research/v28_forward_calibration_latest.csv,543,rejected_actionable,ask_too_high,rejected_actionable_from_posthoc_calibration_report,KXBTC15M-26MAY061930-30,2026-05-06T19:30:00Z,2026-05-06T19:23:13.119Z,market_close_minus_seconds_to_close,yes,side=yes,,missing_in_forward_calibration_seed,406.881,0.940018,0.940018,0.05998199999999998,94.0018,5.998199999999998,1.0,1.0,0.0035978403239999976,0.0035978403239999976,0.06185625496525578,90_95,True,-1.498151,93.0,74.70408,0.13518859454173598,False,14.0,True,False,True,False,True,False,True,True,True,False,False,rejected_actionable_posthoc_not_promotion_source
9834fc28811f564d2b008139,causal_seed_from_v28_forward_calibration,logs/edge_research/v28_forward_calibration_latest.csv,544,rejected_actionable,p_below_floor,rejected_actionable_from_posthoc_calibration_report,KXBTC15M-26MAY061945-45,2026-05-06T19:45:00Z,2026-05-06T19:31:30.908Z,market_close_minus_seconds_to_close,no,side=no,,missing_in_forward_calibration_seed,809.092,0.457593,0.542407,0.457593,54.2407,45.7593,1.0,0.0,0.29420535364899997,0.29420535364899997,0.7817751362363494,00_50,True,-17.240693,59.0,96.494594,0.8012564138437247,True,82.0,True,False,True,False,True,False,True,True,True,False,False,rejected_actionable_posthoc_not_promotion_source
5248b9523dbedbe62d67e3b7,causal_seed_from_v28_forward_calibration,logs/edge_research/v28_forward_calibration_latest.csv,545,rejected_actionable,p_below_floor,rejected_actionable_from_posthoc_calibration_report,KXBTC15M-26MAY061945-45,2026-05-06T19:45:00Z,2026-05-06T19:31:30.908Z,market_close_minus_seconds_to_close,yes,side=yes,,missing_in_forward_calibration_seed,809.092,0.542407,0.542407,0.457593,54.2407,45.7593,0.0,0.0,0.29420535364899997,0.29420535364899997,0.7817751362363494,50_60,True,8.240693,42.0,96.494594,0.8012564138437247,True,-84.0,True,False,True,False,True,False,True,True,True,False,False,rejected_actionable_posthoc_not_promotion_source
10e7af67d93d154812a8bf64,causal_seed_from_v28_forward_calibration,logs/edge_research/v28_forward_calibration_latest.csv,546,rejected_actionable,p_below_floor,rejected_actionable_from_posthoc_calibration_report,KXBTC15M-26MAY062000-00,2026-05-06T20:00:00Z,2026-05-06T19:45:50.011Z,market_close_minus_seconds_to_close,no,side=no,,missing_in_forward_calibration_seed,849.989,0.417565,0.582435,0.41756499999999996,58.243500000000004,41.756499999999996,0.0,1.0,0.174360529225,0.17436052922499998,0.5405376877515161,00_50,True,-13.243489,51.0,84.10338,0.6739717336748277,True,-102.0,True,False,True,False,True,False,True,True,True,False,False,rejected_actionable_posthoc_not_promotion_source
e22ba442d3c894e7336b38f1,causal_seed_from_v28_forward_calibration,logs/edge_research/v28_forward_calibration_latest.csv,547,rejected_actionable,p_below_floor,rejected_actionable_from_posthoc_calibration_report,KXBTC15M-26MAY062000-00,2026-05-06T20:00:00Z,2026-05-06T19:45:50.011Z,market_close_minus_seconds_to_close,yes,side=yes,,missing_in_forward_calibration_seed,849.989,0.582435,0.582435,0.41756499999999996,58.243500000000004,41.756499999999996,1.0,1.0,0.17436052922499998,0.17436052922499998,0.5405376877515161,50_60,True,4.243489,50.0,84.10338,0.6739717336748277,True,100.0,True,False,True,False,True,False,True,True,True,False,False,rejected_actionable_posthoc_not_promotion_source
61cbf1c13e240bcb46a7d3e8,causal_seed_from_v28_forward_calibration,logs/edge_research/v28_forward_calibration_latest.csv,548,rejected_actionable,ask_too_high,rejected_actionable_from_posthoc_calibration_report,KXBTC15M-26MAY062000-00,2026-05-06T20:00:00Z,2026-05-06T19:53:17.594Z,market_close_minus_seconds_to_close,yes,side=yes,,missing_in_forward_calibration_seed,402.406,0.820633,0.820633,0.17936700000000005,82.0633,17.936700000000005,1.0,1.0,0.03217252068900002,0.03217252068900002,0.19767928530542003,80_85,True,-12.936746,92.0,56.325408,0.17868012675933903,False,16.0,True,False,True,False,True,False,True,True,True,False,False,rejected_actionable_posthoc_not_promotion_source
8ffa8288964e9d5e1b2e86d5,causal_seed_from_v28_forward_calibration,logs/edge_research/v28_forward_calibration_latest.csv,549,entry,approved_entry,approved_entry_from_posthoc_calibration_report,KXBTC15M-26MAY062015-15,2026-05-06T20:15:00Z,2026-05-06T20:10:50.460Z,market_close_minus_seconds_to_close,no,side=no,,missing_in_forward_calibration_seed,249.54,0.871622,0.128378,0.871622,12.8378,87.1622,1.0,0.0,0.016480910884,0.016480910884,0.13739943529401002,85_90,True,41.162189,42.0,44.824649,0.09439569910943164,False,-60.0,True,False,True,False,False,False,True,True,True,False,False,posthoc_calibration_report_not_forward_registry
462643aa5aad265e34f60d65,causal_seed_from_v28_forward_calibration,logs/edge_research/v28_forward_calibration_latest.csv,550,entry,approved_entry,approved_entry_from_posthoc_calibration_report,KXBTC15M-26MAY062015-15,2026-05-06T20:15:00Z,2026-05-06T20:11:50.319Z,market_close_minus_seconds_to_close,yes,side=yes,,missing_in_forward_calibration_seed,189.681,0.934569,0.934569,0.06543100000000002,93.4569,6.543100000000002,0.0,0.0,0.873419215761,0.873419215761,2.7267591267081874,90_95,True,4.456922,86.0,39.129319,0.051560846761120625,False,8.0,True,False,True,False,False,False,True,True,True,False,False,posthoc_calibration_report_not_forward_registry
fdbe63a06d6a3225914fda29,causal_seed_from_v28_forward_calibration,logs/edge_research/v28_forward_calibration_latest.csv,551,entry,approved_entry,approved_entry_from_posthoc_calibration_report,KXBTC15M-26MAY062015-15,2026-05-06T20:15:00Z,2026-05-06T20:13:29.672Z,market_close_minus_seconds_to_close,yes,side=yes,,missing_in_forward_calibration_seed,90.328,0.885657,0.885657,0.11434299999999997,88.5657,11.434299999999997,0.0,0.0,0.7843883216490001,0.7843883216490001,2.16855257595334,85_90,True,17.565723,67.0,26.822858,0.03209081623854011,False,-134.0,True,False,True,False,False,False,True,True,True,False,False,posthoc_calibration_report_not_forward_registry
2a610965fdc5b36768e5eb7c,causal_seed_from_v28_forward_calibration,logs/edge_research/v28_forward_calibration_latest.csv,552,rejected_actionable,p_below_floor,rejected_actionable_from_posthoc_calibration_report,KXBTC15M-26MAY062015-15,2026-05-06T20:15:00Z,2026-05-06T20:00:30.493Z,market_close_minus_seconds_to_close,no,side=no,,missing_in_forward_calibration_seed,869.507,0.473153,0.5268470000000001,0.47315299999999993,52.68470000000001,47.31529999999999,1.0,0.0,0.2775677614090001,0.2775677614090001,0.748336475564006,00_50,True,-6.684676,50.0,81.750113,0.736600804031155,True,100.0,True,False,True,False,True,False,True,True,True,False,False,rejected_actionable_posthoc_not_promotion_source
f5ed74beb4f648d2ae16b4d2,causal_seed_from_v28_forward_calibration,logs/edge_research/v28_forward_calibration_latest.csv,553,rejected_actionable,p_below_floor,rejected_actionable_from_posthoc_calibration_report,KXBTC15M-26MAY062015-15,2026-05-06T20:15:00Z,2026-05-06T20:00:30.493Z,market_close_minus_seconds_to_close,yes,side=yes,,missing_in_forward_calibration_seed,869.507,0.526847,0.526847,0.47315300000000005,52.68469999999999,47.31530000000001,0.0,0.0,0.27756776140899997,0.27756776140899997,0.7483364755640057,50_60,True,-2.315324,51.0,81.750113,0.736600804031155,True,-102.0,True,False,True,False,True,False,True,True,True,False,False,rejected_actionable_posthoc_not_promotion_source
8108d7267fb8a9ebc15d260b,causal_seed_from_v28_forward_calibration,logs/edge_research/v28_forward_calibration_latest.csv,554,rejected_actionable,ask_too_high,rejected_actionable_from_posthoc_calibration_report,KXBTC15M-26MAY062015-15,2026-05-06T20:15:00Z,2026-05-06T20:12:22.214Z,market_close_minus_seconds_to_close,yes,side=yes,,missing_in_forward_calibration_seed,157.786,0.81237,0.81237,0.18762999999999996,81.23700000000001,18.762999999999998,0.0,0.0,0.6599450169000001,0.6599450169000001,1.673283340482854,80_85,True,-13.762953,92.0,35.601648,0.07157354214359259,False,-184.0,True,False,True,False,True,False,True,True,True,False,False,rejected_actionable_posthoc_not_promotion_source
8569dc8a4d9818285a9556cb,causal_seed_from_v28_forward_calibration,logs/edge_research/v28_forward_calibration_latest.csv,555,entry,approved_entry,approved_entry_from_posthoc_calibration_report,KXBTC15M-26MAY062030-30,2026-05-06T20:30:00Z,2026-05-06T20:19:56.461Z,market_close_minus_seconds_to_close,no,side=no,,missing_in_forward_calibration_seed,603.539,0.874426,0.12557399999999996,0.874426,12.557399999999996,87.4426,1.0,0.0,0.01576882947599999,0.01576882947599999,0.13418760788666903,85_90,True,16.442646,67.0,69.962658,0.223976175011057,False,32.0,True,False,True,False,False,False,True,True,True,False,False,posthoc_calibration_report_not_forward_registry
75168ff158cd38c0256dcd28,causal_seed_from_v28_forward_calibration,logs/edge_research/v28_forward_calibration_latest.csv,556,rejected_actionable,p_below_floor,rejected_actionable_from_posthoc_calibration_report,KXBTC15M-26MAY062030-30,2026-05-06T20:30:00Z,2026-05-06T20:16:35.288Z,market_close_minus_seconds_to_close,no,side=no,,missing_in_forward_calibration_seed,804.712,0.455582,0.5444180000000001,0.45558199999999993,54.44180000000001,45.55819999999999,1.0,0.0,0.29639095872400006,0.29639095872400006,0.7861795565302349,00_50,True,-26.94184,69.0,80.158525,0.6807697699219372,True,62.0,True,False,True,False,True,False,True,True,True,False,False,rejected_actionable_posthoc_not_promotion_source
69455fd910bee7b6d594e284,causal_seed_from_v28_forward_calibration,logs/edge_research/v28_forward_calibration_latest.csv,557,rejected_actionable,ask_too_high,rejected_actionable_from_posthoc_calibration_report,KXBTC15M-26MAY062030-30,2026-05-06T20:30:00Z,2026-05-06T20:21:05.850Z,market_close_minus_seconds_to_close,no,side=no,,missing_in_forward_calibration_seed,534.15,0.850557,0.149443,0.850557,14.944299999999998,85.0557,1.0,0.0,0.022333210248999997,0.022333210248999997,0.16186384999156753,85_90,True,-9.944308,92.0,66.540272,0.21899993190416597,False,16.0,True,False,True,False,True,False,True,True,True,False,False,rejected_actionable_posthoc_not_promotion_source
93f5e2ca4e91c21c691ba730,causal_seed_from_v28_forward_calibration,logs/edge_research/v28_forward_calibration_latest.csv,558,rejected_actionable,p_below_floor,rejected_actionable_from_posthoc_calibration_report,KXBTC15M-26MAY062030-30,2026-05-06T20:30:00Z,2026-05-06T20:16:35.288Z,market_close_minus_seconds_to_close,yes,side=yes,,missing_in_forward_calibration_seed,804.712,0.544418,0.544418,0.45558200000000004,54.44179999999999,45.55820000000001,0.0,0.0,0.29639095872399995,0.29639095872399995,0.7861795565302346,50_60,True,18.44184,32.0,80.158525,0.6807697699219372,True,-64.0,True,False,True,False,True,False,True,True,True,False,False,rejected_actionable_posthoc_not_promotion_source
a7ca587e6ff9bc975fcb9b21,causal_seed_from_v28_forward_calibration,logs/edge_research/v28_forward_calibration_latest.csv,559,entry,approved_entry,approved_entry_from_posthoc_calibration_report,KXBTC15M-26MAY062045-45,2026-05-06T20:45:00Z,2026-05-06T20:34:48.723Z,market_close_minus_seconds_to_close,no,side=no,,missing_in_forward_calibration_seed,611.277,0.925277,0.07472299999999998,0.925277,7.472299999999999,92.5277,1.0,0.0,0.005583526728999998,0.005583526728999998,0.07766212683928689,90_95,True,9.027718,80.0,73.762938,0.18008324702870745,False,24.0,True,False,True,False,False,False,True,True,True,False,False,posthoc_calibration_report_not_forward_registry
c7d4f0b9941a514079e857e5,causal_seed_from_v28_forward_calibration,logs/edge_research/v28_forward_calibration_latest.csv,560,rejected_actionable,p_below_floor,rejected_actionable_from_posthoc_calibration_report,KXBTC15M-26MAY062045-45,2026-05-06T20:45:00Z,2026-05-06T20:31:05.339Z,market_close_minus_seconds_to_close,no,side=no,,missing_in_forward_calibration_seed,834.661,0.61792,0.38208,0.61792,38.208,61.792,1.0,0.0,0.14598512639999997,0.14598512639999997,0.4813962797419874,60_70,True,6.79204,51.0,84.563835,0.5903043382646713,True,98.0,True,False,True,False,True,False,True,True,True,False,False,rejected_actionable_posthoc_not_promotion_source
2398b6e4226ad9c9fcd2c7fc,causal_seed_from_v28_forward_calibration,logs/edge_research/v28_forward_calibration_latest.csv,561,rejected_actionable,ask_too_high,rejected_actionable_from_posthoc_calibration_report,KXBTC15M-26MAY062045-45,2026-05-06T20:45:00Z,2026-05-06T20:36:49.218Z,market_close_minus_seconds_to_close,no,side=no,,missing_in_forward_calibration_seed,490.782,0.891385,0.10861500000000002,0.891385,10.861500000000001,89.1385,1.0,0.0,0.011797218225000003,0.011797218225000003,0.11497884607368362,85_90,True,-5.861488,92.0,66.201531,0.17555393534055982,False,16.0,True,False,True,False,True,False,True,True,True,False,False,rejected_actionable_posthoc_not_promotion_source
83a58ea4eecfa65d05c16a4a,causal_seed_from_v28_forward_calibration,logs/edge_research/v28_forward_calibration_latest.csv,562,rejected_actionable,p_below_floor,rejected_actionable_from_posthoc_calibration_report,KXBTC15M-26MAY062045-45,2026-05-06T20:45:00Z,2026-05-06T20:31:05.339Z,market_close_minus_seconds_to_close,yes,side=yes,,missing_in_forward_calibration_seed,834.661,0.38208,0.38208,0.61792,38.208,61.792,0.0,0.0,0.14598512639999997,0.14598512639999997,0.4813962797419874,00_50,True,-15.79204,50.0,84.563835,0.5903043382646713,True,-100.0,True,False,True,False,True,False,True,True,True,False,False,rejected_actionable_posthoc_not_promotion_source
0afb93fe426cf88cf046d7c9,causal_seed_from_v28_forward_calibration,logs/edge_research/v28_forward_calibration_latest.csv,563,entry,approved_entry,approved_entry_from_posthoc_calibration_report,KXBTC15M-26MAY062100-00,2026-05-06T21:00:00Z,2026-05-06T20:48:37.517Z,market_close_minus_seconds_to_close,yes,side=yes,,missing_in_forward_calibration_seed,682.483,0.909296,0.909296,0.090704,90.9296,9.070400000000001,1.0,1.0,0.008227215616,0.008227215616,0.09508460524817819,90_95,True,4.929645,83.0,81.601676,0.23636880575375532,False,-4.0,True,False,True,False,False,False,True,True,True,False,False,posthoc_calibration_report_not_forward_registry
6abc773c1891f470ef0f6de9,causal_seed_from_v28_forward_calibration,logs/edge_research/v28_forward_calibration_latest.csv,564,entry,approved_entry,approved_entry_from_posthoc_calibration_report,KXBTC15M-26MAY062100-00,2026-05-06T21:00:00Z,2026-05-06T20:50:05.389Z,market_close_minus_seconds_to_close,yes,side=yes,,missing_in_forward_calibration_seed,594.611,0.908226,0.908226,0.09177400000000002,90.8226,9.177400000000002,1.0,1.0,0.008422467076000004,0.008422467076000004,0.0962620326725669,90_95,True,3.822597,84.0,79.37525,0.2152024091712024,False,-20.0,True,False,True,False,False,False,True,True,True,False,False,posthoc_calibration_report_not_forward_registry
8c11a42ecc668ba31793f4f1,causal_seed_from_v28_forward_calibration,logs/edge_research/v28_forward_calibration_latest.csv,565,entry,approved_entry,approved_entry_from_posthoc_calibration_report,KXBTC15M-26MAY062100-00,2026-05-06T21:00:00Z,2026-05-06T20:53:00.677Z,market_close_minus_seconds_to_close,yes,side=yes,,missing_in_forward_calibration_seed,419.323,0.852359,0.852359,0.14764100000000002,85.2359,14.764100000000003,1.0,1.0,0.021797864881000006,0.021797864881000006,0.1597474793983027,85_90,True,20.235911,61.0,66.528845,0.1975068124858315,False,14.0,True,False,True,False,False,False,True,True,True,False,False,posthoc_calibration_report_not_forward_registry
79decee9de4ecff6d33aa0cd,causal_seed_from_v28_forward_calibration,logs/edge_research/v28_forward_calibration_latest.csv,566,rejected_actionable,p_below_floor,rejected_actionable_from_posthoc_calibration_report,KXBTC15M-26MAY062100-00,2026-05-06T21:00:00Z,2026-05-06T20:45:36.348Z,market_close_minus_seconds_to_close,no,side=no,,missing_in_forward_calibration_seed,863.652,0.35541,0.64459,0.35541,64.459,35.541,0.0,1.0,0.1263162681,0.1263162681,0.4391408232178773,00_50,True,-0.459032,32.0,88.667572,0.655183203721406,True,-64.0,True,False,True,False,True,False,True,True,True,False,False,rejected_actionable_posthoc_not_promotion_source
b51018bc800920186bc464af,causal_seed_from_v28_forward_calibration,logs/edge_research/v28_forward_calibration_latest.csv,567,rejected_actionable,p_below_floor,rejected_actionable_from_posthoc_calibration_report,KXBTC15M-26MAY062100-00,2026-05-06T21:00:00Z,2026-05-06T20:45:36.348Z,market_close_minus_seconds_to_close,yes,side=yes,,missing_in_forward_calibration_seed,863.652,0.64459,0.64459,0.35541,64.459,35.541,1.0,1.0,0.1263162681,0.1263162681,0.4391408232178773,60_70,True,-9.040968,70.0,88.667572,0.655183203721406,True,60.0,True,False,True,False,True,False,True,True,True,False,False,rejected_actionable_posthoc_not_promotion_source
4b731dec4032294ca0ee0dfe,causal_seed_from_v28_forward_calibration,logs/edge_research/v28_forward_calibration_latest.csv,568,rejected_actionable,ask_too_high,rejected_actionable_from_posthoc_calibration_report,KXBTC15M-26MAY062100-00,2026-05-06T21:00:00Z,2026-05-06T20:56:03.811Z,market_close_minus_seconds_to_close,yes,side=yes,,missing_in_forward_calibration_seed,236.189,0.549896,0.549896,0.45010399999999995,54.9896,45.0104,1.0,1.0,0.20259361081599994,0.20259361081599994,0.5980261095446512,50_60,True,-41.510382,94.0,49.808511,0.23765445533822255,False,12.0,True,False,True,False,True,False,True,True,True,False,False,rejected_actionable_posthoc_not_promotion_source
41002fe3856325123eccf5a2,causal_seed_from_v28_forward_calibration,logs/edge_research/v28_forward_calibration_latest.csv,569,rejected_actionable,edge_below_floor,rejected_actionable_from_posthoc_calibration_report,KXBTC15M-26MAY062100-00,2026-05-06T21:00:00Z,2026-05-06T20:56:36.712Z,market_close_minus_seconds_to_close,yes,side=yes,,missing_in_forward_calibration_seed,203.288,0.923146,0.923146,0.07685399999999998,92.3146,7.685399999999998,1.0,1.0,0.005906537315999997,0.005906537315999997,0.07996787714007728,90_95,True,0.314584,89.0,46.807176,0.06874081188083322,False,22.0,True,False,True,False,True,False,True,True,True,False,False,rejected_actionable_posthoc_not_promotion_source
624c1d8ef9a1e0aa37c22d4a,causal_seed_from_v28_forward_calibration,logs/edge_research/v28_forward_calibration_latest.csv,570,entry,approved_entry,approved_entry_from_posthoc_calibration_report,KXBTC15M-26MAY062115-15,2026-05-06T21:15:00Z,2026-05-06T21:06:13.145Z,market_close_minus_seconds_to_close,no,side=no,,missing_in_forward_calibration_seed,526.855,0.860865,0.139135,0.860865,13.9135,86.0865,0.0,1.0,0.741088548225,0.741088548225,1.9723105941617871,85_90,True,13.586452,69.0,79.306335,0.24724590482473205,False,-34.0,True,False,True,False,False,False,True,True,True,False,False,posthoc_calibration_report_not_forward_registry
8f0e1fadca16b7ee202bbd92,causal_seed_from_v28_forward_calibration,logs/edge_research/v28_forward_calibration_latest.csv,571,entry,approved_entry,approved_entry_from_posthoc_calibration_report,KXBTC15M-26MAY062115-15,2026-05-06T21:15:00Z,2026-05-06T21:02:05.342Z,market_close_minus_seconds_to_close,yes,side=yes,,missing_in_forward_calibration_seed,774.658,0.942571,0.942571,0.05742899999999995,94.25710000000001,5.742899999999995,1.0,1.0,0.0032980900409999947,0.0032980900409999947,0.05914403093226429,90_95,True,17.757121,73.0,95.357648,0.23905318791075164,False,-12.0,True,False,True,False,False,False,True,True,True,False,False,posthoc_calibration_report_not_forward_registry
e01b8229f89e7e0eac464c00,causal_seed_from_v28_forward_calibration,logs/edge_research/v28_forward_calibration_latest.csv,572,entry,approved_entry,approved_entry_from_posthoc_calibration_report,KXBTC15M-26MAY062115-15,2026-05-06T21:15:00Z,2026-05-06T21:12:05.312Z,market_close_minus_seconds_to_close,yes,side=yes,,missing_in_forward_calibration_seed,174.688,0.993517,0.993517,0.0064830000000000165,99.3517,0.6483000000000017,1.0,1.0,4.2029289000000214e-05,4.2029289000000214e-05,0.006504105913711666,95_100,True,8.351657,88.0,51.075323,0.01871038914515192,False,22.0,True,False,True,False,False,False,True,True,True,False,False,posthoc_calibration_report_not_forward_registry
ee6d020a7f2d7e1f43c10a89,causal_seed_from_v28_forward_calibration,logs/edge_research/v28_forward_calibration_latest.csv,573,rejected_actionable,p_below_floor,rejected_actionable_from_posthoc_calibration_report,KXBTC15M-26MAY062115-15,2026-05-06T21:15:00Z,2026-05-06T21:00:50.290Z,market_close_minus_seconds_to_close,no,side=no,,missing_in_forward_calibration_seed,849.71,0.456247,0.5437529999999999,0.45624700000000007,54.375299999999996,45.624700000000004,0.0,1.0,0.208161325009,0.20816132500900006,0.609260179353084,00_50,True,-6.375275,48.0,96.403932,0.866336375836237,True,-96.0,True,False,True,False,True,False,True,True,True,False,False,rejected_actionable_posthoc_not_promotion_source
e2391288505c7b305fbf5336,causal_seed_from_v28_forward_calibration,logs/edge_research/v28_forward_calibration_latest.csv,574,rejected_actionable,p_below_floor,rejected_actionable_from_posthoc_calibration_report,KXBTC15M-26MAY062115-15,2026-05-06T21:15:00Z,2026-05-06T21:00:50.290Z,market_close_minus_seconds_to_close,yes,side=yes,,missing_in_forward_calibration_seed,849.71,0.543753,0.543753,0.45624699999999996,54.3753,45.6247,1.0,1.0,0.20816132500899998,0.20816132500899998,0.6092601793530837,50_60,True,-2.624725,53.0,96.403932,0.866336375836237,True,94.0,True,False,True,False,True,False,True,True,True,False,False,rejected_actionable_posthoc_not_promotion_source
31391d0d259fa404d8411b4e,causal_seed_from_v28_forward_calibration,logs/edge_research/v28_forward_calibration_latest.csv,575,rejected_actionable,ask_too_high,rejected_actionable_from_posthoc_calibration_report,KXBTC15M-26MAY062115-15,2026-05-06T21:15:00Z,2026-05-06T21:10:18.918Z,market_close_minus_seconds_to_close,yes,side=yes,,missing_in_forward_calibration_seed,281.082,0.757067,0.757067,0.24293299999999995,75.7067,24.293299999999995,1.0,1.0,0.059016442488999975,0.059016442488999975,0.27830352219570337,70_80,True,-18.293283,91.0,63.907642,0.20064494023689877,False,18.0,True,False,True,False,True,False,True,True,True,False,False,rejected_actionable_posthoc_not_promotion_source
985adc6e9e82749071f2083e,causal_seed_from_v28_forward_calibration,logs/edge_research/v28_forward_calibration_latest.csv,576,entry,approved_entry,approved_entry_from_posthoc_calibration_report,KXBTC15M-26MAY062130-30,2026-05-06T21:30:00Z,2026-05-06T21:19:31.916Z,market_close_minus_seconds_to_close,no,side=no,,missing_in_forward_calibration_seed,628.084,0.887777,0.11222299999999996,0.887777,11.222299999999997,88.77770000000001,0.0,1.0,0.788148001729,0.788148001729,2.1872673158139997,85_90,True,9.277671,76.0,98.793384,0.3038697963028121,True,-32.0,True,False,True,False,False,False,True,True,True,False,False,posthoc_calibration_report_not_forward_registry
c04a39fc0c6027f800638c30,causal_seed_from_v28_forward_calibration,logs/edge_research/v28_forward_calibration_latest.csv,577,rejected_actionable,p_below_floor,rejected_actionable_from_posthoc_calibration_report,KXBTC15M-26MAY062130-30,2026-05-06T21:30:00Z,2026-05-06T21:15:26.260Z,market_close_minus_seconds_to_close,no,side=no,,missing_in_forward_calibration_seed,873.74,0.482065,0.517935,0.48206499999999997,51.7935,48.2065,0.0,1.0,0.232386664225,0.23238666422499996,0.6579055272217399,00_50,True,0.206475,44.0,115.624551,1.0738122523489237,True,-88.0,True,False,True,False,True,False,True,True,True,False,False,rejected_actionable_posthoc_not_promotion_source
f93c2773f883ad168cf426c1,causal_seed_from_v28_forward_calibration,logs/edge_research/v28_forward_calibration_latest.csv,578,rejected_actionable,ask_too_high,rejected_actionable_from_posthoc_calibration_report,KXBTC15M-26MAY062130-30,2026-05-06T21:30:00Z,2026-05-06T21:22:11.315Z,market_close_minus_seconds_to_close,no,side=no,,missing_in_forward_calibration_seed,468.685,0.93262,0.06738,0.93262,6.7379999999999995,93.262,0.0,1.0,0.8697800644,0.8697800644,2.6974070410037303,90_95,True,-1.737957,92.0,85.35848,0.17150372075463072,False,-184.0,True,False,True,False,True,False,True,True,True,False,False,rejected_actionable_posthoc_not_promotion_source
1c5864ac8c8521508625bee9,causal_seed_from_v28_forward_calibration,logs/edge_research/v28_forward_calibration_latest.csv,579,rejected_actionable,p_below_floor,rejected_actionable_from_posthoc_calibration_report,KXBTC15M-26MAY062130-30,2026-05-06T21:30:00Z,2026-05-06T21:15:26.260Z,market_close_minus_seconds_to_close,yes,side=yes,,missing_in_forward_calibration_seed,873.74,0.517935,0.517935,0.48206499999999997,51.7935,48.2065,1.0,1.0,0.23238666422499996,0.23238666422499996,0.6579055272217399,50_60,True,-9.206475,57.0,115.624551,1.0738122523489237,True,86.0,True,False,True,False,True,False,True,True,True,False,False,rejected_actionable_posthoc_not_promotion_source
cecc0c58a7e594dfcacb68cc,causal_seed_from_v28_forward_calibration,logs/edge_research/v28_forward_calibration_latest.csv,580,rejected_actionable,ask_too_high,rejected_actionable_from_posthoc_calibration_report,KXBTC15M-26MAY062130-30,2026-05-06T21:30:00Z,2026-05-06T21:28:43.288Z,market_close_minus_seconds_to_close,yes,side=yes,,missing_in_forward_calibration_seed,76.712,0.96373,0.96373,0.036270000000000024,96.37299999999999,3.6270000000000024,1.0,1.0,0.0013155129000000018,0.0013155129000000018,0.03694410658970867,95_100,True,-4.126975,98.0,34.708933,0.02086616348976455,False,4.0,True,False,True,False,True,False,True,True,True,False,False,rejected_actionable_posthoc_not_promotion_source
f4b2cb6d3cb7e434c6fa48cb,causal_seed_from_v28_forward_calibration,logs/edge_research/v28_forward_calibration_latest.csv,581,rejected_actionable,p_below_floor,rejected_actionable_from_posthoc_calibration_report,KXBTC15M-26MAY062145-45,2026-05-06T21:45:00Z,2026-05-06T21:30:40.293Z,market_close_minus_seconds_to_close,no,side=no,,missing_in_forward_calibration_seed,859.707,0.411134,0.588866,0.411134,58.8866,41.1134,0.0,1.0,0.169031165956,0.169031165956,0.5295566254580489,00_50,True,-4.886615,42.0,116.433202,0.903143326367873,True,-84.0,True,False,True,False,True,False,True,True,True,False,False,rejected_actionable_posthoc_not_promotion_source
1681652b740e4ab938f67a2f,causal_seed_from_v28_forward_calibration,logs/edge_research/v28_forward_calibration_latest.csv,582,rejected_actionable,p_below_floor,rejected_actionable_from_posthoc_calibration_report,KXBTC15M-26MAY062145-45,2026-05-06T21:45:00Z,2026-05-06T21:30:40.293Z,market_close_minus_seconds_to_close,yes,side=yes,,missing_in_forward_calibration_seed,859.707,0.588866,0.588866,0.411134,58.8866,41.1134,1.0,1.0,0.169031165956,0.169031165956,0.5295566254580489,50_60,True,-4.113385,59.0,116.433202,0.903143326367873,True,82.0,True,False,True,False,True,False,True,True,True,False,False,rejected_actionable_posthoc_not_promotion_source
ad008f6921f2361a9cd1858d,causal_seed_from_v28_forward_calibration,logs/edge_research/v28_forward_calibration_latest.csv,583,rejected_actionable,edge_below_floor,rejected_actionable_from_posthoc_calibration_report,KXBTC15M-26MAY062145-45,2026-05-06T21:45:00Z,2026-05-06T21:40:06.114Z,market_close_minus_seconds_to_close,yes,side=yes,,missing_in_forward_calibration_seed,293.886,0.889152,0.889152,0.11084799999999995,88.9152,11.084799999999994,1.0,1.0,0.012287279103999987,0.012287279103999987,0.11748707945574054,85_90,True,-2.084777,88.0,66.561696,0.13786362291907536,False,24.0,True,False,True,False,True,False,True,True,True,False,False,rejected_actionable_posthoc_not_promotion_source
e4bf031bc981db92fe14792f,causal_seed_from_v28_forward_calibration,logs/edge_research/v28_forward_calibration_latest.csv,584,rejected_actionable,ask_too_high,rejected_actionable_from_posthoc_calibration_report,KXBTC15M-26MAY062145-45,2026-05-06T21:45:00Z,2026-05-06T21:40:07.004Z,market_close_minus_seconds_to_close,yes,side=yes,,missing_in_forward_calibration_seed,292.996,0.889247,0.889247,0.11075299999999999,88.9247,11.075299999999999,1.0,1.0,0.012266227008999998,0.012266227008999998,0.11738024178872619,85_90,True,-5.075317,91.0,66.460889,0.1372348688527643,False,18.0,True,False,True,False,True,False,True,True,True,False,False,rejected_actionable_posthoc_not_promotion_source
7a355a929cdece832cf60bb2,causal_seed_from_v28_forward_calibration,logs/edge_research/v28_forward_calibration_latest.csv,585,rejected_actionable,p_below_floor,rejected_actionable_from_posthoc_calibration_report,KXBTC15M-26MAY062200-00,2026-05-06T22:00:00Z,2026-05-06T21:48:43.373Z,market_close_minus_seconds_to_close,no,side=no,,missing_in_forward_calibration_seed,676.627,0.535127,0.464873,0.535127,46.4873,53.5127,1.0,0.0,0.216106906129,0.216106906129,0.6252511770794887,50_60,True,-11.487294,61.0,95.085385,0.7676340093351548,True,78.0,True,False,True,False,True,False,True,True,True,False,False,rejected_actionable_posthoc_not_promotion_source
38c6390e0b6d9d208d312f5f,causal_seed_from_v28_forward_calibration,logs/edge_research/v28_forward_calibration_latest.csv,586,rejected_actionable,edge_below_floor,rejected_actionable_from_posthoc_calibration_report,KXBTC15M-26MAY062200-00,2026-05-06T22:00:00Z,2026-05-06T21:52:09.331Z,market_close_minus_seconds_to_close,no,side=no,,missing_in_forward_calibration_seed,470.669,0.928945,0.07105499999999998,0.928945,7.1054999999999975,92.89450000000001,1.0,0.0,0.005048813024999997,0.005048813024999997,0.07370574536545565,90_95,True,-0.10553,90.0,78.360486,0.16549401813638673,False,20.0,True,False,True,False,True,False,True,True,True,False,False,rejected_actionable_posthoc_not_promotion_source
bb5cd3f4c5c6cccf3be50167,causal_seed_from_v28_forward_calibration,logs/edge_research/v28_forward_calibration_latest.csv,587,rejected_actionable,ask_too_high,rejected_actionable_from_posthoc_calibration_report,KXBTC15M-26MAY062200-00,2026-05-06T22:00:00Z,2026-05-06T21:52:10.165Z,market_close_minus_seconds_to_close,no,side=no,,missing_in_forward_calibration_seed,469.835,0.928981,0.07101900000000005,0.928981,7.101900000000006,92.8981,1.0,0.0,0.005043698361000008,0.005043698361000008,0.07366699247647684,90_95,True,-1.101908,91.0,78.291071,0.16502072246053973,False,18.0,True,False,True,False,True,False,True,True,True,False,False,rejected_actionable_posthoc_not_promotion_source
51b288fb186a6fdd91d9e444,causal_seed_from_v28_forward_calibration,logs/edge_research/v28_forward_calibration_latest.csv,588,rejected_actionable,p_below_floor,rejected_actionable_from_posthoc_calibration_report,KXBTC15M-26MAY062200-00,2026-05-06T22:00:00Z,2026-05-06T21:48:43.373Z,market_close_minus_seconds_to_close,yes,side=yes,,missing_in_forward_calibration_seed,676.627,0.464873,0.464873,0.535127,46.4873,53.5127,0.0,0.0,0.216106906129,0.216106906129,0.6252511770794887,00_50,True,2.487294,40.0,95.085385,0.7676340093351548,True,-80.0,True,False,True,False,True,False,True,True,True,False,False,rejected_actionable_posthoc_not_promotion_source
c025db5ea237f90d4383d816,causal_seed_from_v28_forward_calibration,logs/edge_research/v28_forward_calibration_latest.csv,589,entry,approved_entry,approved_entry_from_posthoc_calibration_report,KXBTC15M-26MAY062215-15,2026-05-06T22:15:00Z,2026-05-06T22:02:18.099Z,market_close_minus_seconds_to_close,no,side=no,,missing_in_forward_calibration_seed,761.901,0.889241,0.11075900000000005,0.889241,11.075900000000004,88.9241,1.0,0.0,0.012267556081000011,0.012267556081000011,0.11738698909317816,85_90,True,19.92409,65.0,96.701078,0.3195253376053145,True,14.0,True,False,True,False,False,False,True,True,True,False,False,posthoc_calibration_report_not_forward_registry
654251087a774a0acd85b5d4,causal_seed_from_v28_forward_calibration,logs/edge_research/v28_forward_calibration_latest.csv,590,entry,approved_entry,approved_entry_from_posthoc_calibration_report,KXBTC15M-26MAY062215-15,2026-05-06T22:15:00Z,2026-05-06T22:05:49.377Z,market_close_minus_seconds_to_close,no,side=no,,missing_in_forward_calibration_seed,550.623,0.897937,0.10206300000000001,0.897937,10.206300000000002,89.7937,1.0,0.0,0.010416855969000003,0.010416855969000003,0.10765536904298231,85_90,True,2.793675,84.0,82.450849,0.22318437858918544,False,10.0,True,False,True,False,False,False,True,True,True,False,False,posthoc_calibration_report_not_forward_registry
2a7db68f343ee4fd865b2519,causal_seed_from_v28_forward_calibration,logs/edge_research/v28_forward_calibration_latest.csv,591,rejected_actionable,p_below_floor,rejected_actionable_from_posthoc_calibration_report,KXBTC15M-26MAY062215-15,2026-05-06T22:15:00Z,2026-05-06T22:00:49.718Z,market_close_minus_seconds_to_close,no,side=no,,missing_in_forward_calibration_seed,850.282,0.661831,0.33816900000000005,0.661831,33.816900000000004,66.1831,1.0,0.0,0.11435827256100004,0.11435827256100004,0.41274504264546774,60_70,True,3.183115,59.0,103.244165,0.6698685223589202,True,82.0,True,False,True,False,True,False,True,True,True,False,False,rejected_actionable_posthoc_not_promotion_source
ec4cea39feeff3746d76435d,causal_seed_from_v28_forward_calibration,logs/edge_research/v28_forward_calibration_latest.csv,592,rejected_actionable,edge_below_floor,rejected_actionable_from_posthoc_calibration_report,KXBTC15M-26MAY062215-15,2026-05-06T22:15:00Z,2026-05-06T22:05:47.991Z,market_close_minus_seconds_to_close,no,side=no,,missing_in_forward_calibration_seed,552.009,0.897864,0.102136,0.897864,10.2136,89.7864,1.0,0.0,0.010431762496,0.010431762496,0.10773666981076249,85_90,True,1.786438,85.0,82.554544,0.22404459141402863,False,30.0,True,False,True,False,True,False,True,True,True,False,False,rejected_actionable_posthoc_not_promotion_source
669b3d408e9a7ad31c1bf78e,causal_seed_from_v28_forward_calibration,logs/edge_research/v28_forward_calibration_latest.csv,593,rejected_actionable,ask_too_high,rejected_actionable_from_posthoc_calibration_report,KXBTC15M-26MAY062215-15,2026-05-06T22:15:00Z,2026-05-06T22:09:59.169Z,market_close_minus_seconds_to_close,no,side=no,,missing_in_forward_calibration_seed,300.831,0.892725,0.10727500000000001,0.892725,10.727500000000001,89.2725,1.0,0.0,0.011507925625000002,0.011507925625000002,0.1134766962600839,85_90,True,-11.22746,98.0,61.742814,0.12687313246964174,False,4.0,True,False,True,False,True,False,True,True,True,False,False,rejected_actionable_posthoc_not_promotion_source
97f74fdc0f573eb39678651d,causal_seed_from_v28_forward_calibration,logs/edge_research/v28_forward_calibration_latest.csv,594,rejected_actionable,p_below_floor,rejected_actionable_from_posthoc_calibration_report,KXBTC15M-26MAY062215-15,2026-05-06T22:15:00Z,2026-05-06T22:00:49.718Z,market_close_minus_seconds_to_close,yes,side=yes,,missing_in_forward_calibration_seed,850.282,0.338169,0.338169,0.6618310000000001,33.8169,66.18310000000001,0.0,0.0,0.114358272561,0.114358272561,0.4127450426454676,00_50,True,-12.183115,42.0,103.244165,0.6698685223589202,True,-84.0,True,False,True,False,True,False,True,True,True,False,False,rejected_actionable_posthoc_not_promotion_source
8f26b4e225d5de7dacfd225a,causal_seed_from_v28_forward_calibration,logs/edge_research/v28_forward_calibration_latest.csv,595,rejected_actionable,p_below_floor,rejected_actionable_from_posthoc_calibration_report,KXBTC15M-26MAY062230-30,2026-05-06T22:30:00Z,2026-05-06T22:17:02.935Z,market_close_minus_seconds_to_close,no,side=no,,missing_in_forward_calibration_seed,777.065,0.495615,0.504385,0.495615,50.4385,49.5615,1.0,0.0,0.254404228225,0.254404228225,0.7019558633413405,00_50,True,3.56149,42.0,101.790842,0.9007645040314092,True,116.0,True,False,True,False,True,False,True,True,True,False,False,rejected_actionable_posthoc_not_promotion_source
b9d30b16f44646f2c80f0844,causal_seed_from_v28_forward_calibration,logs/edge_research/v28_forward_calibration_latest.csv,596,rejected_actionable,ask_too_high,rejected_actionable_from_posthoc_calibration_report,KXBTC15M-26MAY062230-30,2026-05-06T22:30:00Z,2026-05-06T22:27:54.776Z,market_close_minus_seconds_to_close,no,side=no,,missing_in_forward_calibration_seed,125.224,0.808121,0.19187900000000002,0.808121,19.187900000000003,80.8121,1.0,0.0,0.03681755064100001,0.03681755064100001,0.21304347919757677,80_85,True,-15.687868,94.0,41.866208,0.07396098970220592,False,12.0,True,False,True,False,True,False,True,True,True,False,False,rejected_actionable_posthoc_not_promotion_source
78ea06ac4efb082401d2aa7b,causal_seed_from_v28_forward_calibration,logs/edge_research/v28_forward_calibration_latest.csv,597,rejected_actionable,p_below_floor,rejected_actionable_from_posthoc_calibration_report,KXBTC15M-26MAY062230-30,2026-05-06T22:30:00Z,2026-05-06T22:17:02.935Z,market_close_minus_seconds_to_close,yes,side=yes,,missing_in_forward_calibration_seed,777.065,0.504385,0.504385,0.495615,50.4385,49.5615,0.0,0.0,0.254404228225,0.254404228225,0.7019558633413405,50_60,True,-12.56149,59.0,101.790842,0.9007645040314092,True,-118.0,True,False,True,False,True,False,True,True,True,False,False,rejected_actionable_posthoc_not_promotion_source
1f55a17d40a6ba6fd673ba13,causal_seed_from_v28_forward_calibration,logs/edge_research/v28_forward_calibration_latest.csv,598,entry,approved_entry,approved_entry_from_posthoc_calibration_report,KXBTC15M-26MAY062245-45,2026-05-06T22:45:00Z,2026-05-06T22:33:18.247Z,market_close_minus_seconds_to_close,yes,side=yes,,missing_in_forward_calibration_seed,701.753,0.949793,0.949793,0.050207,94.9793,5.0207,1.0,1.0,0.0025207428490000004,0.0025207428490000004,0.05151121286689979,90_95,True,5.979256,86.0,100.035973,0.2143515250453267,False,8.0,True,False,True,False,False,False,True,True,True,False,False,posthoc_calibration_report_not_forward_registry
dda5bc93002ccd2ce298451d,causal_seed_from_v28_forward_calibration,logs/edge_research/v28_forward_calibration_latest.csv,599,rejected_actionable,p_below_floor,rejected_actionable_from_posthoc_calibration_report,KXBTC15M-26MAY062245-45,2026-05-06T22:45:00Z,2026-05-06T22:30:58.592Z,market_close_minus_seconds_to_close,no,side=no,,missing_in_forward_calibration_seed,841.408,0.605951,0.394049,0.605951,39.4049,60.5951,0.0,1.0,0.367176614401,0.367176614401,0.9312800119347152,60_70,True,2.595082,54.0,107.490544,0.7865843246178028,True,-108.0,True,False,True,False,True,False,True,True,True,False,False,rejected_actionable_posthoc_not_promotion_source
75ea6752c90fbe4465a22a85,causal_seed_from_v28_forward_calibration,logs/edge_research/v28_forward_calibration_latest.csv,600,rejected_actionable,p_below_floor,rejected_actionable_from_posthoc_calibration_report,KXBTC15M-26MAY062245-45,2026-05-06T22:45:00Z,2026-05-06T22:30:58.592Z,market_close_minus_seconds_to_close,yes,side=yes,,missing_in_forward_calibration_seed,841.408,0.394049,0.394049,0.605951,39.4049,60.5951,1.0,1.0,0.367176614401,0.367176614401,0.9312800119347152,00_50,True,-12.595082,48.0,107.490544,0.7865843246178028,True,104.0,True,False,True,False,True,False,True,True,True,False,False,rejected_actionable_posthoc_not_promotion_source
77bfacd246530f93dc507b52,causal_seed_from_v28_forward_calibration,logs/edge_research/v28_forward_calibration_latest.csv,601,rejected_actionable,edge_below_floor,rejected_actionable_from_posthoc_calibration_report,KXBTC15M-26MAY062245-45,2026-05-06T22:45:00Z,2026-05-06T22:33:01.368Z,market_close_minus_seconds_to_close,yes,side=yes,,missing_in_forward_calibration_seed,718.632,0.921219,0.921219,0.07878099999999999,92.1219,7.878099999999999,1.0,1.0,0.006206445960999998,0.006206445960999998,0.08205748597691974,90_95,True,0.121939,89.0,101.203744,0.2788188160167099,True,22.0,True,False,True,False,True,False,True,True,True,False,False,rejected_actionable_posthoc_not_promotion_source
6875dafced09f8d3b5208519,causal_seed_from_v28_forward_calibration,logs/edge_research/v28_forward_calibration_latest.csv,602,rejected_actionable,ask_too_high,rejected_actionable_from_posthoc_calibration_report,KXBTC15M-26MAY062245-45,2026-05-06T22:45:00Z,2026-05-06T22:38:19.440Z,market_close_minus_seconds_to_close,yes,side=yes,,missing_in_forward_calibration_seed,400.56,0.643815,0.643815,0.356185,64.3815,35.6185,1.0,1.0,0.126867754225,0.126867754225,0.44034386122762026,60_70,True,-29.618494,91.0,75.335563,0.36161416571737276,True,18.0,True,False,True,False,True,False,True,True,True,False,False,rejected_actionable_posthoc_not_promotion_source
1227cca8f5cfb0499022daa0,causal_seed_from_v28_forward_calibration,logs/edge_research/v28_forward_calibration_latest.csv,603,entry,approved_entry,approved_entry_from_posthoc_calibration_report,KXBTC15M-26MAY062300-00,2026-05-06T23:00:00Z,2026-05-06T22:47:13.716Z,market_close_minus_seconds_to_close,yes,side=yes,,missing_in_forward_calibration_seed,766.284,0.923042,0.923042,0.07695799999999997,92.30420000000001,7.695799999999997,1.0,1.0,0.005922533763999996,0.005922533763999996,0.08008054172256833,90_95,True,2.304222,87.0,103.911432,0.2978333379290589,True,16.0,True,False,True,False,False,False,True,True,True,False,False,posthoc_calibration_report_not_forward_registry
f64171dd94194d56a348cc7d,causal_seed_from_v28_forward_calibration,logs/edge_research/v28_forward_calibration_latest.csv,604,rejected_actionable,p_below_floor,rejected_actionable_from_posthoc_calibration_report,KXBTC15M-26MAY062300-00,2026-05-06T23:00:00Z,2026-05-06T22:45:44.718Z,market_close_minus_seconds_to_close,no,side=no,,missing_in_forward_calibration_seed,855.282,0.241646,0.758354,0.24164600000000003,75.83539999999999,24.164600000000004,0.0,1.0,0.058392789316,0.05839278931600001,0.2766049838892926,00_50,True,-7.335389,28.0,108.073147,0.5727845346949045,True,-56.0,True,False,True,False,True,False,True,True,True,False,False,rejected_actionable_posthoc_not_promotion_source
8940bec8718c7528d912cca2,causal_seed_from_v28_forward_calibration,logs/edge_research/v28_forward_calibration_latest.csv,605,rejected_actionable,p_below_floor,rejected_actionable_from_posthoc_calibration_report,KXBTC15M-26MAY062300-00,2026-05-06T23:00:00Z,2026-05-06T22:45:44.718Z,market_close_minus_seconds_to_close,yes,side=yes,,missing_in_forward_calibration_seed,855.282,0.758354,0.758354,0.24164600000000003,75.83539999999999,24.164600000000004,1.0,1.0,0.05839278931600001,0.05839278931600001,0.2766049838892926,70_80,True,-0.664611,73.0,108.073147,0.5727845346949045,True,54.0,True,False,True,False,True,False,True,True,True,False,False,rejected_actionable_posthoc_not_promotion_source
cbc6470ced7d064704bdf6a5,causal_seed_from_v28_forward_calibration,logs/edge_research/v28_forward_calibration_latest.csv,606,rejected_actionable,ask_too_high,rejected_actionable_from_posthoc_calibration_report,KXBTC15M-26MAY062300-00,2026-05-06T23:00:00Z,2026-05-06T22:52:23.201Z,market_close_minus_seconds_to_close,yes,side=yes,,missing_in_forward_calibration_seed,456.799,0.746375,0.746375,0.253625,74.6375,25.362499999999997,1.0,1.0,0.064325640625,0.064325640625,0.29252712411498055,70_80,True,-22.862471,95.0,79.983302,0.32209074860958836,True,10.0,True,False,True,False,True,False,True,True,True,False,False,rejected_actionable_posthoc_not_promotion_source
1e69b88e07a14dcdf0840b9e,causal_seed_from_v28_forward_calibration,logs/edge_research/v28_forward_calibration_latest.csv,607,entry,approved_entry,approved_entry_from_posthoc_calibration_report,KXBTC15M-26MAY062315-15,2026-05-06T23:15:00Z,2026-05-06T23:07:00.519Z,market_close_minus_seconds_to_close,no,side=no,,missing_in_forward_calibration_seed,479.481,0.91617,0.08382999999999996,0.91617,8.382999999999996,91.617,1.0,0.0,0.007027468899999993,0.007027468899999993,0.0875533420079605,90_95,True,4.616959,84.0,81.898993,0.19128692789448937,False,6.0,True,False,True,False,False,False,True,True,True,False,False,posthoc_calibration_report_not_forward_registry
51609ea99a26ab9f54002479,causal_seed_from_v28_forward_calibration,logs/edge_research/v28_forward_calibration_latest.csv,608,rejected_actionable,p_below_floor,rejected_actionable_from_posthoc_calibration_report,KXBTC15M-26MAY062315-15,2026-05-06T23:15:00Z,2026-05-06T23:00:50.461Z,market_close_minus_seconds_to_close,no,side=no,,missing_in_forward_calibration_seed,849.539,0.595757,0.404243,0.595757,40.4243,59.5757,1.0,0.0,0.163412403049,0.163412403049,0.5179224131772249,50_60,True,-5.424274,61.0,109.851743,0.8682652902014164,True,78.0,True,False,True,False,True,False,True,True,True,False,False,rejected_actionable_posthoc_not_promotion_source
dad6aecbd9489c27d53699f6,causal_seed_from_v28_forward_calibration,logs/edge_research/v28_forward_calibration_latest.csv,609,rejected_actionable,ask_too_high,rejected_actionable_from_posthoc_calibration_report,KXBTC15M-26MAY062315-15,2026-05-06T23:15:00Z,2026-05-06T23:10:56.763Z,market_close_minus_seconds_to_close,no,side=no,,missing_in_forward_calibration_seed,243.237,0.871802,0.12819800000000003,0.871802,12.819800000000004,87.1802,1.0,0.0,0.016434727204000008,0.016434727204000008,0.13719294507632399,85_90,True,-6.819829,91.0,57.211585,0.116688998418585,False,18.0,True,False,True,False,True,False,True,True,True,False,False,rejected_actionable_posthoc_not_promotion_source
2faa6bebf0f406bfd0d9825f,causal_seed_from_v28_forward_calibration,logs/edge_research/v28_forward_calibration_latest.csv,610,rejected_actionable,p_below_floor,rejected_actionable_from_posthoc_calibration_report,KXBTC15M-26MAY062315-15,2026-05-06T23:15:00Z,2026-05-06T23:00:50.461Z,market_close_minus_seconds_to_close,yes,side=yes,,missing_in_forward_calibration_seed,849.539,0.404243,0.404243,0.595757,40.4243,59.5757,0.0,0.0,0.163412403049,0.163412403049,0.5179224131772249,00_50,True,-3.575726,40.0,109.851743,0.8682652902014164,True,-80.0,True,False,True,False,True,False,True,True,True,False,False,rejected_actionable_posthoc_not_promotion_source
4c3689629bf8553f3b218cc7,causal_seed_from_v28_forward_calibration,logs/edge_research/v28_forward_calibration_latest.csv,611,rejected_actionable,p_below_floor,rejected_actionable_from_posthoc_calibration_report,KXBTC15M-26MAY062330-30,2026-05-06T23:30:00Z,2026-05-06T23:18:20.365Z,market_close_minus_seconds_to_close,no,side=no,,missing_in_forward_calibration_seed,699.635,0.45466,0.5453399999999999,0.45466000000000006,54.53399999999999,45.46600000000001,1.0,0.0,0.29739571559999994,0.29739571559999994,0.7882053921109367,00_50,True,-14.533998,56.0,97.217626,0.78814661251892,True,88.0,True,False,True,False,True,False,True,True,True,False,False,rejected_actionable_posthoc_not_promotion_source
f0ce4dea7ed5007e2e7509f4,causal_seed_from_v28_forward_calibration,logs/edge_research/v28_forward_calibration_latest.csv,612,rejected_actionable,ask_too_high,rejected_actionable_from_posthoc_calibration_report,KXBTC15M-26MAY062330-30,2026-05-06T23:30:00Z,2026-05-06T23:25:18.441Z,market_close_minus_seconds_to_close,no,side=no,,missing_in_forward_calibration_seed,281.559,0.445364,0.554636,0.445364,55.4636,44.5364,1.0,0.0,0.307621092496,0.307621092496,0.8088633536491043,00_50,True,-53.963649,96.0,62.074233,0.30748388986008607,True,8.0,True,False,True,False,True,False,True,True,True,False,False,rejected_actionable_posthoc_not_promotion_source
d43dc90bfaa9d2c4b0d8d676,causal_seed_from_v28_forward_calibration,logs/edge_research/v28_forward_calibration_latest.csv,613,rejected_actionable,p_below_floor,rejected_actionable_from_posthoc_calibration_report,KXBTC15M-26MAY062345-45,2026-05-06T23:45:00Z,2026-05-06T23:31:23.904Z,market_close_minus_seconds_to_close,no,side=no,,missing_in_forward_calibration_seed,816.096,0.599211,0.40078899999999995,0.599211,40.0789,59.9211,0.0,1.0,0.35905382252100004,0.35905382252100004,0.9143201746978865,50_60,True,-7.078918,63.0,106.064797,0.7799134162271775,True,-126.0,True,False,True,False,True,False,True,True,True,False,False,rejected_actionable_posthoc_not_promotion_source
de96daf2bb3afd223fce47aa,causal_seed_from_v28_forward_calibration,logs/edge_research/v28_forward_calibration_latest.csv,614,rejected_actionable,p_below_floor,rejected_actionable_from_posthoc_calibration_report,KXBTC15M-26MAY062345-45,2026-05-06T23:45:00Z,2026-05-06T23:31:23.904Z,market_close_minus_seconds_to_close,yes,side=yes,,missing_in_forward_calibration_seed,816.096,0.400789,0.400789,0.5992109999999999,40.0789,59.921099999999996,1.0,1.0,0.35905382252099993,0.35905382252099993,0.9143201746978864,00_50,True,-1.921082,38.0,106.064797,0.7799134162271775,True,124.0,True,False,True,False,True,False,True,True,True,False,False,rejected_actionable_posthoc_not_promotion_source
d95edef91571ad471dbdbab4,causal_seed_from_v28_forward_calibration,logs/edge_research/v28_forward_calibration_latest.csv,615,entry,approved_entry,approved_entry_from_posthoc_calibration_report,KXBTC15M-26MAY070000-00,2026-05-07T00:00:00Z,2026-05-06T23:53:32.797Z,market_close_minus_seconds_to_close,no,side=no,,missing_in_forward_calibration_seed,387.203,0.863962,0.136038,0.863962,13.6038,86.39620000000001,1.0,0.0,0.018506337443999998,0.018506337443999998,0.14622649262677662,85_90,True,4.896244,78.0,72.906016,0.1931875391606329,False,2.0,True,False,True,False,False,False,True,True,True,False,False,posthoc_calibration_report_not_forward_registry
b955a13565280c0ca6138212,causal_seed_from_v28_forward_calibration,logs/edge_research/v28_forward_calibration_latest.csv,616,rejected_actionable,p_below_floor,rejected_actionable_from_posthoc_calibration_report,KXBTC15M-26MAY070000-00,2026-05-07T00:00:00Z,2026-05-06T23:46:09.863Z,market_close_minus_seconds_to_close,no,side=no,,missing_in_forward_calibration_seed,830.137,0.526706,0.473294,0.526706,47.3294,52.6706,1.0,0.0,0.224007210436,0.224007210436,0.6411127608736075,50_60,True,-9.329431,58.0,106.716315,0.966606164595442,True,84.0,True,False,True,False,True,False,True,True,True,False,False,rejected_actionable_posthoc_not_promotion_source
553444a4aed20eb20a304c60,causal_seed_from_v28_forward_calibration,logs/edge_research/v28_forward_calibration_latest.csv,617,rejected_actionable,ask_too_high,rejected_actionable_from_posthoc_calibration_report,KXBTC15M-26MAY070000-00,2026-05-07T00:00:00Z,2026-05-06T23:55:13.234Z,market_close_minus_seconds_to_close,no,side=no,,missing_in_forward_calibration_seed,286.766,0.748455,0.251545,0.748455,25.154500000000002,74.8455,1.0,0.0,0.063274887025,0.063274887025,0.2897441971702291,70_80,True,-19.154522,91.0,62.412323,0.1991231997283832,False,18.0,True,False,True,False,True,False,True,True,True,False,False,rejected_actionable_posthoc_not_promotion_source
43c14d1959e757397d391b6f,causal_seed_from_v28_forward_calibration,logs/edge_research/v28_forward_calibration_latest.csv,618,rejected_actionable,p_below_floor,rejected_actionable_from_posthoc_calibration_report,KXBTC15M-26MAY070000-00,2026-05-07T00:00:00Z,2026-05-06T23:46:09.863Z,market_close_minus_seconds_to_close,yes,side=yes,,missing_in_forward_calibration_seed,830.137,0.473294,0.473294,0.526706,47.3294,52.6706,0.0,0.0,0.224007210436,0.224007210436,0.6411127608736075,00_50,True,0.329431,43.0,106.716315,0.966606164595442,True,-86.0,True,False,True,False,True,False,True,True,True,False,False,rejected_actionable_posthoc_not_promotion_source
3acd29909d39118bf5d9b153,causal_seed_from_v28_forward_calibration,logs/edge_research/v28_forward_calibration_latest.csv,619,entry,approved_entry,approved_entry_from_posthoc_calibration_report,KXBTC15M-26MAY070015-15,2026-05-07T00:15:00Z,2026-05-07T00:10:20.368Z,market_close_minus_seconds_to_close,no,side=no,,missing_in_forward_calibration_seed,279.632,0.963659,0.03634099999999996,0.963659,3.6340999999999957,96.36590000000001,0.0,1.0,0.9286386682810001,0.9286386682810001,3.3148086985060967,95_100,True,22.865923,70.0,61.940476,0.07375286170271013,False,-2.0,True,False,True,False,False,False,True,True,True,False,False,posthoc_calibration_report_not_forward_registry
d0504e710ab66020ab52b2b4,causal_seed_from_v28_forward_calibration,logs/edge_research/v28_forward_calibration_latest.csv,620,rejected_actionable,p_below_floor,rejected_actionable_from_posthoc_calibration_report,KXBTC15M-26MAY070015-15,2026-05-07T00:15:00Z,2026-05-07T00:02:20.396Z,market_close_minus_seconds_to_close,no,side=no,,missing_in_forward_calibration_seed,759.604,0.446455,0.553545,0.44645500000000005,55.354499999999994,44.645500000000006,0.0,1.0,0.199322067025,0.19932206702500005,0.5914122293251695,00_50,True,-1.354462,42.0,101.558938,0.8498676518605058,True,-84.0,True,False,True,False,True,False,True,True,True,False,False,rejected_actionable_posthoc_not_promotion_source
7a9dec8dce91a456040a8b8c,causal_seed_from_v28_forward_calibration,logs/edge_research/v28_forward_calibration_latest.csv,621,rejected_actionable,edge_below_floor,rejected_actionable_from_posthoc_calibration_report,KXBTC15M-26MAY070015-15,2026-05-07T00:15:00Z,2026-05-07T00:08:35.280Z,market_close_minus_seconds_to_close,no,side=no,,missing_in_forward_calibration_seed,384.72,0.857745,0.14225500000000002,0.857745,14.225500000000002,85.7745,0.0,1.0,0.7357264850249999,0.7357264850249999,1.950134057208536,85_90,True,-5.22545,88.0,72.510583,0.19585393140040203,False,-176.0,True,False,True,False,True,False,True,True,True,False,False,rejected_actionable_posthoc_not_promotion_source
45ec39efad8d9e7b447cbd4a,causal_seed_from_v28_forward_calibration,logs/edge_research/v28_forward_calibration_latest.csv,622,rejected_actionable,ask_too_high,rejected_actionable_from_posthoc_calibration_report,KXBTC15M-26MAY070015-15,2026-05-07T00:15:00Z,2026-05-07T00:09:46.670Z,market_close_minus_seconds_to_close,no,side=no,,missing_in_forward_calibration_seed,313.33,0.954749,0.04525100000000004,0.954749,4.525100000000004,95.47489999999999,0.0,1.0,0.9115456530009999,0.9115456530009999,3.0955305096328765,95_100,True,-1.025137,94.0,65.39799,0.09262440959922794,False,-188.0,True,False,True,False,True,False,True,True,True,False,False,rejected_actionable_posthoc_not_promotion_source
408b41e2722b0458396fe233,causal_seed_from_v28_forward_calibration,logs/edge_research/v28_forward_calibration_latest.csv,623,rejected_actionable,p_below_floor,rejected_actionable_from_posthoc_calibration_report,KXBTC15M-26MAY070015-15,2026-05-07T00:15:00Z,2026-05-07T00:02:20.396Z,market_close_minus_seconds_to_close,yes,side=yes,,missing_in_forward_calibration_seed,759.604,0.553545,0.553545,0.44645500000000005,55.354499999999994,44.645500000000006,1.0,1.0,0.19932206702500005,0.19932206702500005,0.5914122293251695,50_60,True,-7.645538,59.0,101.558938,0.8498676518605058,True,82.0,True,False,True,False,True,False,True,True,True,False,False,rejected_actionable_posthoc_not_promotion_source
61bd639076a9c844104c7f29,causal_seed_from_v28_forward_calibration,logs/edge_research/v28_forward_calibration_latest.csv,624,entry,approved_entry,approved_entry_from_posthoc_calibration_report,KXBTC15M-26MAY070030-30,2026-05-07T00:30:00Z,2026-05-07T00:22:22.984Z,market_close_minus_seconds_to_close,yes,side=yes,,missing_in_forward_calibration_seed,457.016,0.924288,0.924288,0.075712,92.4288,7.5712,1.0,1.0,0.005732306944,0.005732306944,0.0787315675934753,90_95,True,6.928791,82.0,79.866432,0.1751266718605662,False,30.0,True,False,True,False,False,False,True,True,True,False,False,posthoc_calibration_report_not_forward_registry
bc86220047330b20f01a92e0,causal_seed_from_v28_forward_calibration,logs/edge_research/v28_forward_calibration_latest.csv,625,rejected_actionable,p_below_floor,rejected_actionable_from_posthoc_calibration_report,KXBTC15M-26MAY070030-30,2026-05-07T00:30:00Z,2026-05-07T00:17:09.887Z,market_close_minus_seconds_to_close,no,side=no,,missing_in_forward_calibration_seed,770.113,0.523605,0.476395,0.523605,47.6395,52.3605,0.0,1.0,0.27416219602499997,0.27416219602499997,0.7415079369381008,50_60,True,15.360541,33.0,103.433979,0.9016513046480161,True,-66.0,True,False,True,False,True,False,True,True,True,False,False,rejected_actionable_posthoc_not_promotion_source
9989b9e17ae13c74defc655e,causal_seed_from_v28_forward_calibration,logs/edge_research/v28_forward_calibration_latest.csv,626,rejected_actionable,p_below_floor,rejected_actionable_from_posthoc_calibration_report,KXBTC15M-26MAY070030-30,2026-05-07T00:30:00Z,2026-05-07T00:17:09.887Z,market_close_minus_seconds_to_close,yes,side=yes,,missing_in_forward_calibration_seed,770.113,0.476395,0.476395,0.523605,47.6395,52.3605,1.0,1.0,0.27416219602499997,0.27416219602499997,0.7415079369381008,00_50,True,-25.860541,70.0,103.433979,0.9016513046480161,True,60.0,True,False,True,False,True,False,True,True,True,False,False,rejected_actionable_posthoc_not_promotion_source
898f26ea711ac70709545304,causal_seed_from_v28_forward_calibration,logs/edge_research/v28_forward_calibration_latest.csv,627,rejected_actionable,ask_too_high,rejected_actionable_from_posthoc_calibration_report,KXBTC15M-26MAY070030-30,2026-05-07T00:30:00Z,2026-05-07T00:25:51.039Z,market_close_minus_seconds_to_close,yes,side=yes,,missing_in_forward_calibration_seed,248.961,0.921743,0.921743,0.07825700000000002,92.1743,7.825700000000002,1.0,1.0,0.006124158049000003,0.006124158049000003,0.08148883614678745,90_95,True,-8.325729,98.0,58.89437,0.09657359310329863,False,4.0,True,False,True,False,True,False,True,True,True,False,False,rejected_actionable_posthoc_not_promotion_source
d05d0b6a3562dcec3c99a87b,causal_seed_from_v28_forward_calibration,logs/edge_research/v28_forward_calibration_latest.csv,628,rejected_actionable,p_below_floor,rejected_actionable_from_posthoc_calibration_report,KXBTC15M-26MAY070045-45,2026-05-07T00:45:00Z,2026-05-07T00:31:29.649Z,market_close_minus_seconds_to_close,no,side=no,,missing_in_forward_calibration_seed,810.351,0.582164,0.417836,0.582164,41.7836,58.2164,1.0,0.0,0.17458692289599997,0.17458692289599997,0.541003084003602,50_60,True,6.216384,48.0,105.557194,0.8305452261842349,True,104.0,True,False,True,False,True,False,True,True,True,False,False,rejected_actionable_posthoc_not_promotion_source
1713ddba84b0dd0cbe38bea6,causal_seed_from_v28_forward_calibration,logs/edge_research/v28_forward_calibration_latest.csv,629,rejected_actionable,p_below_floor,rejected_actionable_from_posthoc_calibration_report,KXBTC15M-26MAY070045-45,2026-05-07T00:45:00Z,2026-05-07T00:31:29.649Z,market_close_minus_seconds_to_close,yes,side=yes,,missing_in_forward_calibration_seed,810.351,0.417836,0.417836,0.582164,41.7836,58.2164,0.0,0.0,0.17458692289599997,0.17458692289599997,0.541003084003602,00_50,True,-16.216384,54.0,105.557194,0.8305452261842349,True,-108.0,True,False,True,False,True,False,True,True,True,False,False,rejected_actionable_posthoc_not_promotion_source
3795081e26199afcc6bd9b2d,causal_seed_from_v28_forward_calibration,logs/edge_research/v28_forward_calibration_latest.csv,630,rejected_actionable,p_below_floor,rejected_actionable_from_posthoc_calibration_report,KXBTC15M-26MAY070100-00,2026-05-07T01:00:00Z,2026-05-07T00:48:45.106Z,market_close_minus_seconds_to_close,no,side=no,,missing_in_forward_calibration_seed,674.894,0.46671,0.53329,0.46670999999999996,53.32900000000001,46.67099999999999,0.0,1.0,0.2178182241,0.21781822409999996,0.6286899127233341,00_50,True,13.171006,30.0,96.272867,0.785428992877996,True,-60.0,True,False,True,False,True,False,True,True,True,False,False,rejected_actionable_posthoc_not_promotion_source
bc01a6c8edcfda8a9ffb8f88,causal_seed_from_v28_forward_calibration,logs/edge_research/v28_forward_calibration_latest.csv,631,rejected_actionable,p_below_floor,rejected_actionable_from_posthoc_calibration_report,KXBTC15M-26MAY070100-00,2026-05-07T01:00:00Z,2026-05-07T00:48:45.106Z,market_close_minus_seconds_to_close,yes,side=yes,,missing_in_forward_calibration_seed,674.894,0.53329,0.53329,0.46670999999999996,53.32900000000001,46.67099999999999,1.0,1.0,0.21781822409999996,0.21781822409999996,0.6286899127233341,50_60,True,-21.171006,71.0,96.272867,0.785428992877996,True,58.0,True,False,True,False,True,False,True,True,True,False,False,rejected_actionable_posthoc_not_promotion_source
037ef7f8bedf37cb2893f18b,causal_seed_from_v28_forward_calibration,logs/edge_research/v28_forward_calibration_latest.csv,632,rejected_actionable,ask_too_high,rejected_actionable_from_posthoc_calibration_report,KXBTC15M-26MAY070100-00,2026-05-07T01:00:00Z,2026-05-07T00:51:56.785Z,market_close_minus_seconds_to_close,yes,side=yes,,missing_in_forward_calibration_seed,483.215,0.755148,0.755148,0.24485199999999996,75.51480000000001,24.485199999999995,1.0,1.0,0.05995250190399998,0.05995250190399998,0.28084152245372795,70_80,True,-20.985218,94.0,81.313275,0.3342592345524568,True,12.0,True,False,True,False,True,False,True,True,True,False,False,rejected_actionable_posthoc_not_promotion_source
8bbbd35990d9989403367f13,causal_seed_from_v28_forward_calibration,logs/edge_research/v28_forward_calibration_latest.csv,633,entry,approved_entry,approved_entry_from_posthoc_calibration_report,KXBTC15M-26MAY070115-15,2026-05-07T01:15:00Z,2026-05-07T01:03:36.061Z,market_close_minus_seconds_to_close,yes,side=yes,,missing_in_forward_calibration_seed,683.939,0.879857,0.879857,0.120143,87.9857,12.0143,1.0,1.0,0.014434340449,0.014434340449,0.1279958847144404,85_90,True,2.485652,82.0,94.791324,0.3214091633389714,True,0.0,True,False,True,False,False,False,True,True,True,False,False,posthoc_calibration_report_not_forward_registry
74022a3212ea69f677cebe0e,causal_seed_from_v28_forward_calibration,logs/edge_research/v28_forward_calibration_latest.csv,634,rejected_actionable,p_below_floor,rejected_actionable_from_posthoc_calibration_report,KXBTC15M-26MAY070115-15,2026-05-07T01:15:00Z,2026-05-07T01:00:35.317Z,market_close_minus_seconds_to_close,no,side=no,,missing_in_forward_calibration_seed,864.683,0.3793,0.6207,0.37929999999999997,62.07,37.93,0.0,1.0,0.14386849000000002,0.14386849,0.47690740556253,00_50,True,-3.070028,37.0,106.254879,0.773494006138249,True,-74.0,True,False,True,False,True,False,True,True,True,False,False,rejected_actionable_posthoc_not_promotion_source
f12c645400db55410b9dc9d4,causal_seed_from_v28_forward_calibration,logs/edge_research/v28_forward_calibration_latest.csv,635,rejected_actionable,p_below_floor,rejected_actionable_from_posthoc_calibration_report,KXBTC15M-26MAY070115-15,2026-05-07T01:15:00Z,2026-05-07T01:00:35.317Z,market_close_minus_seconds_to_close,yes,side=yes,,missing_in_forward_calibration_seed,864.683,0.6207,0.6207,0.37929999999999997,62.07,37.93,1.0,1.0,0.14386849,0.14386849,0.47690740556253,60_70,True,-5.929972,64.0,106.254879,0.773494006138249,True,72.0,True,False,True,False,True,False,True,True,True,False,False,rejected_actionable_posthoc_not_promotion_source
52edc6994c782a2668e90cf3,causal_seed_from_v28_forward_calibration,logs/edge_research/v28_forward_calibration_latest.csv,636,rejected_actionable,edge_below_floor,rejected_actionable_from_posthoc_calibration_report,KXBTC15M-26MAY070115-15,2026-05-07T01:15:00Z,2026-05-07T01:03:36.036Z,market_close_minus_seconds_to_close,yes,side=yes,,missing_in_forward_calibration_seed,683.964,0.879855,0.879855,0.12014499999999995,87.9855,12.014499999999995,1.0,1.0,0.014434821024999987,0.014434821024999987,0.12799815781367477,85_90,True,1.985521,83.0,94.793,0.32142618463429634,True,34.0,True,False,True,False,True,False,True,True,True,False,False,rejected_actionable_posthoc_not_promotion_source
b661e3956526b680c981d288,causal_seed_from_v28_forward_calibration,logs/edge_research/v28_forward_calibration_latest.csv,637,rejected_actionable,ask_too_high,rejected_actionable_from_posthoc_calibration_report,KXBTC15M-26MAY070115-15,2026-05-07T01:15:00Z,2026-05-07T01:10:20.216Z,market_close_minus_seconds_to_close,yes,side=yes,,missing_in_forward_calibration_seed,279.784,0.891768,0.891768,0.108232,89.1768,10.8232,1.0,1.0,0.011714165823999999,0.011714165823999999,0.11454926991741461,85_90,True,-7.323201,94.0,58.919127,0.1213223950918299,False,12.0,True,False,True,False,True,False,True,True,True,False,False,rejected_actionable_posthoc_not_promotion_source
b897f48332eaa33748da678f,causal_seed_from_v28_forward_calibration,logs/edge_research/v28_forward_calibration_latest.csv,638,rejected_actionable,p_below_floor,rejected_actionable_from_posthoc_calibration_report,KXBTC15M-26MAY070130-30,2026-05-07T01:30:00Z,2026-05-07T01:20:14.359Z,market_close_minus_seconds_to_close,no,side=no,,missing_in_forward_calibration_seed,585.641,0.60414,0.39586,0.60414,39.586,60.414,1.0,0.0,0.1567051396,0.1567051396,0.5039493198265586,60_70,True,-2.586009,59.0,84.717352,0.5442254783067747,True,82.0,True,False,True,False,True,False,True,True,True,False,False,rejected_actionable_posthoc_not_promotion_source
1268d054cbe6e3e9f0eec6f6,causal_seed_from_v28_forward_calibration,logs/edge_research/v28_forward_calibration_latest.csv,639,rejected_actionable,ask_too_high,rejected_actionable_from_posthoc_calibration_report,KXBTC15M-26MAY070130-30,2026-05-07T01:30:00Z,2026-05-07T01:23:44.348Z,market_close_minus_seconds_to_close,no,side=no,,missing_in_forward_calibration_seed,375.652,0.685702,0.31429799999999997,0.685702,31.429799999999997,68.5702,1.0,0.0,0.09878323280399998,0.09878323280399998,0.37731214796864004,60_70,True,-25.429796,91.0,67.712161,0.28776756758545585,True,18.0,True,False,True,False,True,False,True,True,True,False,False,rejected_actionable_posthoc_not_promotion_source
cc90c61ef540bc0ea4bb9bcc,causal_seed_from_v28_forward_calibration,logs/edge_research/v28_forward_calibration_latest.csv,640,rejected_actionable,p_below_floor,rejected_actionable_from_posthoc_calibration_report,KXBTC15M-26MAY070130-30,2026-05-07T01:30:00Z,2026-05-07T01:20:14.359Z,market_close_minus_seconds_to_close,yes,side=yes,,missing_in_forward_calibration_seed,585.641,0.39586,0.39586,0.60414,39.586,60.414,0.0,0.0,0.1567051396,0.1567051396,0.5039493198265586,00_50,True,-6.413991,42.0,84.717352,0.5442254783067747,True,-84.0,True,False,True,False,True,False,True,True,True,False,False,rejected_actionable_posthoc_not_promotion_source
6019c709674671a014063ff2,causal_seed_from_v28_forward_calibration,logs/edge_research/v28_forward_calibration_latest.csv,641,rejected_actionable,p_below_floor,rejected_actionable_from_posthoc_calibration_report,KXBTC15M-26MAY070145-45,2026-05-07T01:45:00Z,2026-05-07T01:35:56.190Z,market_close_minus_seconds_to_close,no,side=no,,missing_in_forward_calibration_seed,543.81,0.639545,0.36045499999999997,0.639545,36.0455,63.9545,1.0,0.0,0.12992780702499998,0.12992780702499998,0.4469982929643247,60_70,True,-14.54551,75.0,81.968396,0.4598031348871187,True,50.0,True,False,True,False,True,False,True,True,True,False,False,rejected_actionable_posthoc_not_promotion_source
d5331fa209a0f753a824e24e,causal_seed_from_v28_forward_calibration,logs/edge_research/v28_forward_calibration_latest.csv,642,rejected_actionable,ask_too_high,rejected_actionable_from_posthoc_calibration_report,KXBTC15M-26MAY070145-45,2026-05-07T01:45:00Z,2026-05-07T01:43:34.163Z,market_close_minus_seconds_to_close,no,side=no,,missing_in_forward_calibration_seed,85.837,0.936094,0.06390600000000002,0.936094,6.390600000000002,93.6094,1.0,0.0,0.004083976836000002,0.004083976836000002,0.06603938019660643,90_95,True,-6.890563,98.0,32.388525,0.028893567116496585,False,4.0,True,False,True,False,True,False,True,True,True,False,False,rejected_actionable_posthoc_not_promotion_source
67771a11e0f5644f9b8ca0a5,causal_seed_from_v28_forward_calibration,logs/edge_research/v28_forward_calibration_latest.csv,643,rejected_actionable,p_below_floor,rejected_actionable_from_posthoc_calibration_report,KXBTC15M-26MAY070145-45,2026-05-07T01:45:00Z,2026-05-07T01:35:56.190Z,market_close_minus_seconds_to_close,yes,side=yes,,missing_in_forward_calibration_seed,543.81,0.360455,0.360455,0.639545,36.045500000000004,63.9545,0.0,0.0,0.129927807025,0.129927807025,0.4469982929643247,00_50,True,6.54551,26.0,81.968396,0.4598031348871187,True,-52.0,True,False,True,False,True,False,True,True,True,False,False,rejected_actionable_posthoc_not_promotion_source
5d63ba95bf3210441b792ae4,causal_seed_from_v28_forward_calibration,logs/edge_research/v28_forward_calibration_latest.csv,644,rejected_actionable,p_below_floor,rejected_actionable_from_posthoc_calibration_report,KXBTC15M-26MAY070200-00,2026-05-07T02:00:00Z,2026-05-07T01:51:07.209Z,market_close_minus_seconds_to_close,no,side=no,,missing_in_forward_calibration_seed,532.791,0.49429,0.50571,0.49429,50.571,49.429,1.0,0.0,0.2557426041,0.2557426041,0.7046328895030379,00_50,True,-25.071017,71.0,79.862484,0.6024318401067633,True,58.0,True,False,True,False,True,False,True,True,True,False,False,rejected_actionable_posthoc_not_promotion_source
33283bacd8e94fef949d90c6,causal_seed_from_v28_forward_calibration,logs/edge_research/v28_forward_calibration_latest.csv,645,rejected_actionable,ask_too_high,rejected_actionable_from_posthoc_calibration_report,KXBTC15M-26MAY070200-00,2026-05-07T02:00:00Z,2026-05-07T01:55:50.329Z,market_close_minus_seconds_to_close,no,side=no,,missing_in_forward_calibration_seed,249.671,0.639333,0.36066699999999996,0.639333,36.0667,63.9333,1.0,0.0,0.13008068488899996,0.13008068488899996,0.44732983358343287,60_70,True,-30.066683,91.0,54.836498,0.20891839706918583,False,18.0,True,False,True,False,True,False,True,True,True,False,False,rejected_actionable_posthoc_not_promotion_source
271e543d37f86de97d5084d1,causal_seed_from_v28_forward_calibration,logs/edge_research/v28_forward_calibration_latest.csv,646,rejected_actionable,edge_below_floor,rejected_actionable_from_posthoc_calibration_report,KXBTC15M-26MAY070200-00,2026-05-07T02:00:00Z,2026-05-07T01:57:14.253Z,market_close_minus_seconds_to_close,no,side=no,,missing_in_forward_calibration_seed,165.747,0.884756,0.11524400000000001,0.884756,11.524400000000002,88.4756,1.0,0.0,0.013281179536000004,0.013281179536000004,0.12244337820284251,85_90,True,-4.52445,90.0,44.430984,0.07252186045361059,False,20.0,True,False,True,False,True,False,True,True,True,False,False,rejected_actionable_posthoc_not_promotion_source
d11835d63509bc0a56ffefec,causal_seed_from_v28_forward_calibration,logs/edge_research/v28_forward_calibration_latest.csv,647,rejected_actionable,p_below_floor,rejected_actionable_from_posthoc_calibration_report,KXBTC15M-26MAY070200-00,2026-05-07T02:00:00Z,2026-05-07T01:51:07.209Z,market_close_minus_seconds_to_close,yes,side=yes,,missing_in_forward_calibration_seed,532.791,0.50571,0.50571,0.49429,50.571,49.429,0.0,0.0,0.2557426041,0.2557426041,0.7046328895030379,50_60,True,17.071017,30.0,79.862484,0.6024318401067633,True,-60.0,True,False,True,False,True,False,True,True,True,False,False,rejected_actionable_posthoc_not_promotion_source
25bbdb9da362b6c4ca9d96ff,causal_seed_from_v28_forward_calibration,logs/edge_research/v28_forward_calibration_latest.csv,648,rejected_actionable,p_below_floor,rejected_actionable_from_posthoc_calibration_report,KXBTC15M-26MAY070530-30,2026-05-07T05:30:00Z,2026-05-07T05:15:20.382Z,market_close_minus_seconds_to_close,no,side=no,,missing_in_forward_calibration_seed,879.618,0.540822,0.459178,0.540822,45.9178,54.0822,1.0,0.0,0.21084443568399996,0.21084443568399996,0.6146650746074379,50_60,True,2.082177,48.0,103.336826,0.8946677145970718,True,104.0,True,False,True,False,True,False,True,True,True,False,False,rejected_actionable_posthoc_not_promotion_source
73915f3799a5953ae79a53b8,causal_seed_from_v28_forward_calibration,logs/edge_research/v28_forward_calibration_latest.csv,649,rejected_actionable,ask_too_high,rejected_actionable_from_posthoc_calibration_report,KXBTC15M-26MAY070530-30,2026-05-07T05:30:00Z,2026-05-07T05:24:40.680Z,market_close_minus_seconds_to_close,no,side=no,,missing_in_forward_calibration_seed,319.32,0.957387,0.04261300000000001,0.957387,4.261300000000001,95.7387,1.0,0.0,0.001815867769000001,0.001815867769000001,0.043547580557528984,95_100,True,1.738741,91.0,61.783713,0.08590227945297774,False,18.0,True,False,True,False,True,False,True,True,True,False,False,rejected_actionable_posthoc_not_promotion_source
2515cadac7f870782d38f488,causal_seed_from_v28_forward_calibration,logs/edge_research/v28_forward_calibration_latest.csv,650,rejected_actionable,p_below_floor,rejected_actionable_from_posthoc_calibration_report,KXBTC15M-26MAY070530-30,2026-05-07T05:30:00Z,2026-05-07T05:15:20.382Z,market_close_minus_seconds_to_close,yes,side=yes,,missing_in_forward_calibration_seed,879.618,0.459178,0.459178,0.540822,45.9178,54.0822,0.0,0.0,0.21084443568399996,0.21084443568399996,0.6146650746074379,00_50,True,-11.082177,53.0,103.336826,0.8946677145970718,True,-106.0,True,False,True,False,True,False,True,True,True,False,False,rejected_actionable_posthoc_not_promotion_source
e10cd4d88d97d01813576533,causal_seed_from_v28_forward_calibration,logs/edge_research/v28_forward_calibration_latest.csv,651,entry,approved_entry,approved_entry_from_posthoc_calibration_report,KXBTC15M-26MAY070545-45,2026-05-07T05:45:00Z,2026-05-07T05:39:08.513Z,market_close_minus_seconds_to_close,no,side=no,,missing_in_forward_calibration_seed,351.487,0.925171,0.07482900000000003,0.925171,7.482900000000003,92.5171,1.0,0.0,0.005599379241000005,0.005599379241000005,0.07777669369025053,90_95,True,7.017143,82.0,66.690641,0.12492601757355813,False,18.0,True,False,True,False,False,False,True,True,True,False,False,posthoc_calibration_report_not_forward_registry
6904fa6b4eb9edecf581f2cf,causal_seed_from_v28_forward_calibration,logs/edge_research/v28_forward_calibration_latest.csv,652,rejected_actionable,p_below_floor,rejected_actionable_from_posthoc_calibration_report,KXBTC15M-26MAY070545-45,2026-05-07T05:45:00Z,2026-05-07T05:30:44.310Z,market_close_minus_seconds_to_close,no,side=no,,missing_in_forward_calibration_seed,855.69,0.292353,0.707647,0.292353,70.7647,29.2353,1.0,0.0,0.500764276609,0.500764276609,1.2297933027404555,00_50,True,-15.764695,41.0,101.328958,0.6220148866755595,True,118.0,True,False,True,False,True,False,True,True,True,False,False,rejected_actionable_posthoc_not_promotion_source
4b05450e91e1d48cf71007a4,causal_seed_from_v28_forward_calibration,logs/edge_research/v28_forward_calibration_latest.csv,653,rejected_actionable,edge_below_floor,rejected_actionable_from_posthoc_calibration_report,KXBTC15M-26MAY070545-45,2026-05-07T05:45:00Z,2026-05-07T05:38:40.286Z,market_close_minus_seconds_to_close,no,side=no,,missing_in_forward_calibration_seed,379.714,0.892011,0.107989,0.892011,10.7989,89.2011,1.0,0.0,0.011661624121,0.011661624121,0.11427681463959916,85_90,True,-3.798902,90.0,68.787024,0.15993028518986532,False,20.0,True,False,True,False,True,False,True,True,True,False,False,rejected_actionable_posthoc_not_promotion_source
718044d8d8a2fda4096f8e60,causal_seed_from_v28_forward_calibration,logs/edge_research/v28_forward_calibration_latest.csv,654,rejected_actionable,ask_too_high,rejected_actionable_from_posthoc_calibration_report,KXBTC15M-26MAY070545-45,2026-05-07T05:45:00Z,2026-05-07T05:38:40.456Z,market_close_minus_seconds_to_close,no,side=no,,missing_in_forward_calibration_seed,379.544,0.892025,0.10797500000000004,0.892025,10.797500000000005,89.2025,1.0,0.0,0.01165860062500001,0.01165860062500001,0.11426111988904451,85_90,True,-4.79748,91.0,68.771624,0.1598219200025223,False,18.0,True,False,True,False,True,False,True,True,True,False,False,rejected_actionable_posthoc_not_promotion_source
6be0ec6ad209426488a756d3,causal_seed_from_v28_forward_calibration,logs/edge_research/v28_forward_calibration_latest.csv,655,rejected_actionable,p_below_floor,rejected_actionable_from_posthoc_calibration_report,KXBTC15M-26MAY070545-45,2026-05-07T05:45:00Z,2026-05-07T05:30:44.310Z,market_close_minus_seconds_to_close,yes,side=yes,,missing_in_forward_calibration_seed,855.69,0.707647,0.707647,0.292353,70.7647,29.2353,0.0,0.0,0.500764276609,0.500764276609,1.2297933027404555,70_80,True,6.764695,60.0,101.328958,0.6220148866755595,True,-120.0,True,False,True,False,True,False,True,True,True,False,False,rejected_actionable_posthoc_not_promotion_source
a1f00f0942636ca7ad9c43ce,causal_seed_from_v28_forward_calibration,logs/edge_research/v28_forward_calibration_latest.csv,656,rejected_actionable,p_below_floor,rejected_actionable_from_posthoc_calibration_report,KXBTC15M-26MAY070600-00,2026-05-07T06:00:00Z,2026-05-07T05:47:40.009Z,market_close_minus_seconds_to_close,no,side=no,,missing_in_forward_calibration_seed,739.991,0.408775,0.591225,0.408775,59.1225,40.8775,0.0,1.0,0.167097000625,0.167097000625,0.5255586233680555,00_50,True,-0.122484,37.0,98.623231,0.7591949273414819,True,-74.0,True,False,True,False,True,False,True,True,True,False,False,rejected_actionable_posthoc_not_promotion_source
e5c5e0bf805d6ae23a079557,causal_seed_from_v28_forward_calibration,logs/edge_research/v28_forward_calibration_latest.csv,657,rejected_actionable,p_below_floor,rejected_actionable_from_posthoc_calibration_report,KXBTC15M-26MAY070600-00,2026-05-07T06:00:00Z,2026-05-07T05:47:40.009Z,market_close_minus_seconds_to_close,yes,side=yes,,missing_in_forward_calibration_seed,739.991,0.591225,0.591225,0.408775,59.1225,40.8775,1.0,1.0,0.167097000625,0.167097000625,0.5255586233680555,50_60,True,-8.877516,64.0,98.623231,0.7591949273414819,True,72.0,True,False,True,False,True,False,True,True,True,False,False,rejected_actionable_posthoc_not_promotion_source
2e29c0159f3e6298b443b949,causal_seed_from_v28_forward_calibration,logs/edge_research/v28_forward_calibration_latest.csv,658,rejected_actionable,ask_too_high,rejected_actionable_from_posthoc_calibration_report,KXBTC15M-26MAY070600-00,2026-05-07T06:00:00Z,2026-05-07T05:56:56.589Z,market_close_minus_seconds_to_close,yes,side=yes,,missing_in_forward_calibration_seed,183.411,0.938625,0.938625,0.06137499999999996,93.86250000000001,6.137499999999996,1.0,1.0,0.0037668906249999946,0.0037668906249999946,0.06333924056208903,90_95,True,-1.137477,92.0,49.200906,0.06108916495060307,False,16.0,True,False,True,False,True,False,True,True,True,False,False,rejected_actionable_posthoc_not_promotion_source
7ab703e99fbd848087dead93,causal_seed_from_v28_forward_calibration,logs/edge_research/v28_forward_calibration_latest.csv,659,rejected_actionable,p_below_floor,rejected_actionable_from_posthoc_calibration_report,KXBTC15M-26MAY070615-15,2026-05-07T06:15:00Z,2026-05-07T06:03:17.740Z,market_close_minus_seconds_to_close,no,side=no,,missing_in_forward_calibration_seed,702.26,0.610872,0.38912800000000003,0.610872,38.912800000000004,61.087199999999996,1.0,0.0,0.15142060038400001,0.15142060038400001,0.49286783439221354,60_70,True,29.587162,28.0,96.230672,0.6454912835956723,True,144.0,True,False,True,False,True,False,True,True,True,False,False,rejected_actionable_posthoc_not_promotion_source
901a287bc5e1db3a6ff9e2f1,causal_seed_from_v28_forward_calibration,logs/edge_research/v28_forward_calibration_latest.csv,660,rejected_actionable,ask_too_high,rejected_actionable_from_posthoc_calibration_report,KXBTC15M-26MAY070615-15,2026-05-07T06:15:00Z,2026-05-07T06:12:38.387Z,market_close_minus_seconds_to_close,no,side=no,,missing_in_forward_calibration_seed,141.613,0.421004,0.5789960000000001,0.42100399999999993,57.89960000000001,42.10039999999999,1.0,0.0,0.3352363680160001,0.3352363680160001,0.8651129441572434,00_50,True,-59.399578,99.0,42.650271,0.14260026007287832,False,2.0,True,False,True,False,True,False,True,True,True,False,False,rejected_actionable_posthoc_not_promotion_source
7f283fc68be9f4d731c25a52,causal_seed_from_v28_forward_calibration,logs/edge_research/v28_forward_calibration_latest.csv,661,rejected_actionable,p_below_floor,rejected_actionable_from_posthoc_calibration_report,KXBTC15M-26MAY070615-15,2026-05-07T06:15:00Z,2026-05-07T06:03:17.740Z,market_close_minus_seconds_to_close,yes,side=yes,,missing_in_forward_calibration_seed,702.26,0.389128,0.389128,0.6108720000000001,38.9128,61.08720000000001,0.0,0.0,0.151420600384,0.151420600384,0.4928678343922134,00_50,True,-42.587162,78.0,96.230672,0.6454912835956723,True,-156.0,True,False,True,False,True,False,True,True,True,False,False,rejected_actionable_posthoc_not_promotion_source
c1b8662a1489d7549e0d29e3,causal_seed_from_v28_forward_calibration,logs/edge_research/v28_forward_calibration_latest.csv,662,rejected_actionable,p_below_floor,rejected_actionable_from_posthoc_calibration_report,KXBTC15M-26MAY070630-30,2026-05-07T06:30:00Z,2026-05-07T06:15:24.037Z,market_close_minus_seconds_to_close,no,side=no,,missing_in_forward_calibration_seed,875.963,0.393026,0.606974,0.393026,60.6974,39.3026,1.0,0.0,0.368417436676,0.368417436676,0.9338795115403897,00_50,True,-18.697411,54.0,105.517869,0.8264694476309769,True,92.0,True,False,True,False,True,False,True,True,True,False,False,rejected_actionable_posthoc_not_promotion_source
e8a892ff458ecc425f875295,causal_seed_from_v28_forward_calibration,logs/edge_research/v28_forward_calibration_latest.csv,663,rejected_actionable,ask_too_high,rejected_actionable_from_posthoc_calibration_report,KXBTC15M-26MAY070630-30,2026-05-07T06:30:00Z,2026-05-07T06:25:01.817Z,market_close_minus_seconds_to_close,no,side=no,,missing_in_forward_calibration_seed,298.183,0.475724,0.524276,0.47572400000000004,52.4276,47.5724,1.0,0.0,0.27486532417599996,0.27486532417599996,0.7429174248510343,00_50,True,-50.927592,96.0,59.804296,0.33553823198536753,True,8.0,True,False,True,False,True,False,True,True,True,False,False,rejected_actionable_posthoc_not_promotion_source
e354640417bf36aabba4e36d,causal_seed_from_v28_forward_calibration,logs/edge_research/v28_forward_calibration_latest.csv,664,rejected_actionable,p_below_floor,rejected_actionable_from_posthoc_calibration_report,KXBTC15M-26MAY070630-30,2026-05-07T06:30:00Z,2026-05-07T06:15:24.037Z,market_close_minus_seconds_to_close,yes,side=yes,,missing_in_forward_calibration_seed,875.963,0.606974,0.606974,0.393026,60.6974,39.3026,0.0,0.0,0.368417436676,0.368417436676,0.9338795115403897,60_70,True,9.697411,47.0,105.517869,0.8264694476309769,True,-94.0,True,False,True,False,True,False,True,True,True,False,False,rejected_actionable_posthoc_not_promotion_source
fa1b1ab2e13fa8754493005b,causal_seed_from_v28_forward_calibration,logs/edge_research/v28_forward_calibration_latest.csv,665,entry,approved_entry,approved_entry_from_posthoc_calibration_report,KXBTC15M-26MAY070645-45,2026-05-07T06:45:00Z,2026-05-07T06:31:23.532Z,market_close_minus_seconds_to_close,yes,side=yes,,missing_in_forward_calibration_seed,816.468,0.895399,0.895399,0.10460100000000006,89.53989999999999,10.460100000000006,1.0,1.0,0.010941369201000011,0.010941369201000011,0.11048584999519423,85_90,True,5.039895,81.0,106.686678,0.36879792565874936,True,38.0,True,False,True,False,False,False,True,True,True,False,False,posthoc_calibration_report_not_forward_registry
1945fb2c0edf40144ef7bf5a,causal_seed_from_v28_forward_calibration,logs/edge_research/v28_forward_calibration_latest.csv,666,rejected_actionable,p_below_floor,rejected_actionable_from_posthoc_calibration_report,KXBTC15M-26MAY070645-45,2026-05-07T06:45:00Z,2026-05-07T06:31:18.389Z,market_close_minus_seconds_to_close,no,side=no,,missing_in_forward_calibration_seed,821.611,0.473952,0.5260480000000001,0.47395199999999993,52.604800000000004,47.395199999999996,0.0,1.0,0.22463049830399998,0.22463049830399992,0.6423628156550371,00_50,True,27.395155,17.0,106.878169,1.0166953698037628,True,-34.0,True,False,True,False,True,False,True,True,True,False,False,rejected_actionable_posthoc_not_promotion_source
366bf7b576896259f437ae23,causal_seed_from_v28_forward_calibration,logs/edge_research/v28_forward_calibration_latest.csv,667,rejected_actionable,p_below_floor,rejected_actionable_from_posthoc_calibration_report,KXBTC15M-26MAY070645-45,2026-05-07T06:45:00Z,2026-05-07T06:31:18.389Z,market_close_minus_seconds_to_close,yes,side=yes,,missing_in_forward_calibration_seed,821.611,0.526048,0.526048,0.47395200000000004,52.6048,47.3952,1.0,1.0,0.22463049830400003,0.22463049830400003,0.6423628156550373,50_60,True,-34.395155,84.0,106.878169,1.0166953698037628,True,32.0,True,False,True,False,True,False,True,True,True,False,False,rejected_actionable_posthoc_not_promotion_source
4991c6e0061809d51eb36ca1,causal_seed_from_v28_forward_calibration,logs/edge_research/v28_forward_calibration_latest.csv,668,rejected_actionable,ask_too_high,rejected_actionable_from_posthoc_calibration_report,KXBTC15M-26MAY070645-45,2026-05-07T06:45:00Z,2026-05-07T06:33:41.666Z,market_close_minus_seconds_to_close,yes,side=yes,,missing_in_forward_calibration_seed,678.334,0.911424,0.911424,0.08857599999999999,91.1424,8.857599999999998,1.0,1.0,0.007845707775999997,0.007845707775999997,0.0927470673851745,90_95,True,-3.857563,92.0,98.182971,0.2833631799459714,True,16.0,True,False,True,False,True,False,True,True,True,False,False,rejected_actionable_posthoc_not_promotion_source
2c0639d6083bc3d86ad1f607,causal_seed_from_v28_forward_calibration,logs/edge_research/v28_forward_calibration_latest.csv,669,rejected_actionable,p_below_floor,rejected_actionable_from_posthoc_calibration_report,KXBTC15M-26MAY070700-00,2026-05-07T07:00:00Z,2026-05-07T06:45:30.364Z,market_close_minus_seconds_to_close,no,side=no,,missing_in_forward_calibration_seed,869.636,0.345188,0.654812,0.34518800000000005,65.4812,34.518800000000006,1.0,0.0,0.42877875534399995,0.42877875534399995,1.063666082833639,00_50,True,-15.481241,46.0,112.583013,0.7601242607081649,True,108.0,True,False,True,False,True,False,True,True,True,False,False,rejected_actionable_posthoc_not_promotion_source
1ae8b60157013cce8de6dbf1,causal_seed_from_v28_forward_calibration,logs/edge_research/v28_forward_calibration_latest.csv,670,rejected_actionable,p_below_floor,rejected_actionable_from_posthoc_calibration_report,KXBTC15M-26MAY070700-00,2026-05-07T07:00:00Z,2026-05-07T06:45:30.364Z,market_close_minus_seconds_to_close,yes,side=yes,,missing_in_forward_calibration_seed,869.636,0.654812,0.654812,0.34518800000000005,65.4812,34.518800000000006,0.0,0.0,0.42877875534399995,0.42877875534399995,1.063666082833639,60_70,True,5.481241,56.0,112.583013,0.7601242607081649,True,-112.0,True,False,True,False,True,False,True,True,True,False,False,rejected_actionable_posthoc_not_promotion_source
f13e38aafb2eace2ca7561f4,causal_seed_from_v28_forward_calibration,logs/edge_research/v28_forward_calibration_latest.csv,671,rejected_actionable,p_below_floor,rejected_actionable_from_posthoc_calibration_report,KXBTC15M-26MAY070715-15,2026-05-07T07:15:00Z,2026-05-07T07:01:27.747Z,market_close_minus_seconds_to_close,no,side=no,,missing_in_forward_calibration_seed,812.253,0.439565,0.560435,0.439565,56.0435,43.9565,0.0,1.0,0.19321738922499998,0.19321738922499998,0.5790420110805339,00_50,True,-10.043473,50.0,108.096317,0.8772318276222708,True,-100.0,True,False,True,False,True,False,True,True,True,False,False,rejected_actionable_posthoc_not_promotion_source
5cf8536a210727ddd5482c1d,causal_seed_from_v28_forward_calibration,logs/edge_research/v28_forward_calibration_latest.csv,672,rejected_actionable,p_below_floor,rejected_actionable_from_posthoc_calibration_report,KXBTC15M-26MAY070715-15,2026-05-07T07:15:00Z,2026-05-07T07:01:27.747Z,market_close_minus_seconds_to_close,yes,side=yes,,missing_in_forward_calibration_seed,812.253,0.560435,0.560435,0.439565,56.0435,43.9565,1.0,1.0,0.19321738922499998,0.19321738922499998,0.5790420110805339,50_60,True,1.043473,51.0,108.096317,0.8772318276222708,True,98.0,True,False,True,False,True,False,True,True,True,False,False,rejected_actionable_posthoc_not_promotion_source
f32746ef291d8478bc74916a,causal_seed_from_v28_forward_calibration,logs/edge_research/v28_forward_calibration_latest.csv,673,rejected_actionable,edge_below_floor,rejected_actionable_from_posthoc_calibration_report,KXBTC15M-26MAY070715-15,2026-05-07T07:15:00Z,2026-05-07T07:04:43.205Z,market_close_minus_seconds_to_close,yes,side=yes,,missing_in_forward_calibration_seed,616.795,0.907021,0.907021,0.09297900000000003,90.7021,9.297900000000004,1.0,1.0,0.008645094441000006,0.008645094441000006,0.0975896758825522,90_95,True,-2.297933,90.0,94.958623,0.26212705228795224,True,20.0,True,False,True,False,True,False,True,True,True,False,False,rejected_actionable_posthoc_not_promotion_source
1154a968960a5ed151dbd945,causal_seed_from_v28_forward_calibration,logs/edge_research/v28_forward_calibration_latest.csv,674,rejected_actionable,ask_too_high,rejected_actionable_from_posthoc_calibration_report,KXBTC15M-26MAY070715-15,2026-05-07T07:15:00Z,2026-05-07T07:04:43.237Z,market_close_minus_seconds_to_close,yes,side=yes,,missing_in_forward_calibration_seed,616.763,0.907022,0.907022,0.092978,90.7022,9.2978,1.0,1.0,0.008644908484000001,0.008644908484000001,0.09758857337285422,90_95,True,-3.297802,91.0,94.95616,0.262106114632918,True,18.0,True,False,True,False,True,False,True,True,True,False,False,rejected_actionable_posthoc_not_promotion_source
1b137fd33e2aff94f48c22eb,causal_seed_from_v28_forward_calibration,logs/edge_research/v28_forward_calibration_latest.csv,675,rejected_actionable,p_below_floor,rejected_actionable_from_posthoc_calibration_report,KXBTC15M-26MAY070730-30,2026-05-07T07:30:00Z,2026-05-07T07:16:20.357Z,market_close_minus_seconds_to_close,no,side=no,,missing_in_forward_calibration_seed,819.643,0.469222,0.530778,0.46922200000000003,53.077799999999996,46.922200000000004,1.0,0.0,0.281725285284,0.281725285284,0.7566792749814939,00_50,True,-12.077802,55.0,107.542515,0.9361206885177036,True,90.0,True,False,True,False,True,False,True,True,True,False,False,rejected_actionable_posthoc_not_promotion_source
60676caf14ff792882824f9a,causal_seed_from_v28_forward_calibration,logs/edge_research/v28_forward_calibration_latest.csv,676,rejected_actionable,ask_too_high,rejected_actionable_from_posthoc_calibration_report,KXBTC15M-26MAY070730-30,2026-05-07T07:30:00Z,2026-05-07T07:28:40.922Z,market_close_minus_seconds_to_close,no,side=no,,missing_in_forward_calibration_seed,79.078,0.803971,0.196029,0.803971,19.6029,80.3971,1.0,0.0,0.038427368841,0.038427368841,0.21819208010543753,80_85,True,-20.102896,98.0,33.105866,0.04705892557725131,False,4.0,True,False,True,False,True,False,True,True,True,False,False,rejected_actionable_posthoc_not_promotion_source
6f3ea7c4c9de846c53bfcbc4,causal_seed_from_v28_forward_calibration,logs/edge_research/v28_forward_calibration_latest.csv,677,rejected_actionable,p_below_floor,rejected_actionable_from_posthoc_calibration_report,KXBTC15M-26MAY070730-30,2026-05-07T07:30:00Z,2026-05-07T07:16:20.357Z,market_close_minus_seconds_to_close,yes,side=yes,,missing_in_forward_calibration_seed,819.643,0.530778,0.530778,0.46922200000000003,53.077799999999996,46.922200000000004,0.0,0.0,0.281725285284,0.281725285284,0.7566792749814939,50_60,True,3.077802,46.0,107.542515,0.9361206885177036,True,-92.0,True,False,True,False,True,False,True,True,True,False,False,rejected_actionable_posthoc_not_promotion_source
44cbe10b4e68ebb2b0dc63ae,causal_seed_from_v28_forward_calibration,logs/edge_research/v28_forward_calibration_latest.csv,678,entry,approved_entry,approved_entry_from_posthoc_calibration_report,KXBTC15M-26MAY070745-45,2026-05-07T07:45:00Z,2026-05-07T07:37:05.519Z,market_close_minus_seconds_to_close,yes,side=yes,,missing_in_forward_calibration_seed,474.481,0.903807,0.903807,0.09619299999999997,90.3807,9.619299999999997,1.0,1.0,0.009253093248999995,0.009253093248999995,0.10113943695860633,90_95,True,18.380737,68.0,80.242802,0.1975936328082862,False,34.0,True,False,True,False,False,False,True,True,True,False,False,posthoc_calibration_report_not_forward_registry
8c412721a83af5f17662a96b,causal_seed_from_v28_forward_calibration,logs/edge_research/v28_forward_calibration_latest.csv,679,rejected_actionable,p_below_floor,rejected_actionable_from_posthoc_calibration_report,KXBTC15M-26MAY070745-45,2026-05-07T07:45:00Z,2026-05-07T07:32:35.279Z,market_close_minus_seconds_to_close,no,side=no,,missing_in_forward_calibration_seed,744.721,0.439,0.5609999999999999,0.43900000000000006,56.099999999999994,43.900000000000006,0.0,1.0,0.192721,0.19272100000000006,0.5780343734594409,00_50,True,7.899971,32.0,101.683693,0.8123615365905321,True,-64.0,True,False,True,False,True,False,True,True,True,False,False,rejected_actionable_posthoc_not_promotion_source
69e9b7653dc81d299bf8d938,causal_seed_from_v28_forward_calibration,logs/edge_research/v28_forward_calibration_latest.csv,680,rejected_actionable,p_below_floor,rejected_actionable_from_posthoc_calibration_report,KXBTC15M-26MAY070745-45,2026-05-07T07:45:00Z,2026-05-07T07:32:35.279Z,market_close_minus_seconds_to_close,yes,side=yes,,missing_in_forward_calibration_seed,744.721,0.561,0.561,0.43899999999999995,56.10000000000001,43.89999999999999,1.0,1.0,0.19272099999999995,0.19272099999999995,0.5780343734594406,50_60,True,-16.399971,69.0,101.683693,0.8123615365905321,True,62.0,True,False,True,False,True,False,True,True,True,False,False,rejected_actionable_posthoc_not_promotion_source
61a268c8f6a9879eff5417ad,causal_seed_from_v28_forward_calibration,logs/edge_research/v28_forward_calibration_latest.csv,681,rejected_actionable,ask_too_high,rejected_actionable_from_posthoc_calibration_report,KXBTC15M-26MAY070745-45,2026-05-07T07:45:00Z,2026-05-07T07:41:04.485Z,market_close_minus_seconds_to_close,yes,side=yes,,missing_in_forward_calibration_seed,235.515,0.971789,0.971789,0.028210999999999986,97.1789,2.8210999999999986,1.0,1.0,0.0007958605209999992,0.0007958605209999992,0.028616576275878852,95_100,True,-4.321127,99.0,56.562214,0.05367364931291956,False,2.0,True,False,True,False,True,False,True,True,True,False,False,rejected_actionable_posthoc_not_promotion_source
948464ee59ad69c18f17988f,causal_seed_from_v28_forward_calibration,logs/edge_research/v28_forward_calibration_latest.csv,682,rejected_actionable,p_below_floor,rejected_actionable_from_posthoc_calibration_report,KXBTC15M-26MAY070800-00,2026-05-07T08:00:00Z,2026-05-07T07:47:08.774Z,market_close_minus_seconds_to_close,no,side=no,,missing_in_forward_calibration_seed,771.226,0.463615,0.536385,0.463615,53.6385,46.3615,1.0,0.0,0.287708868225,0.287708868225,0.7687008125611066,00_50,True,-13.638461,56.0,101.288065,0.8654745987079465,True,88.0,True,False,True,False,True,False,True,True,True,False,False,rejected_actionable_posthoc_not_promotion_source
d7a8cefa01a7d406d7f34e5d,causal_seed_from_v28_forward_calibration,logs/edge_research/v28_forward_calibration_latest.csv,683,rejected_actionable,ask_too_high,rejected_actionable_from_posthoc_calibration_report,KXBTC15M-26MAY070800-00,2026-05-07T08:00:00Z,2026-05-07T07:49:49.985Z,market_close_minus_seconds_to_close,no,side=no,,missing_in_forward_calibration_seed,610.015,0.570962,0.42903800000000003,0.570962,42.903800000000004,57.096199999999996,1.0,0.0,0.18407360544400003,0.18407360544400003,0.5604326214531049,50_60,True,-36.903809,91.0,89.924568,0.6289644082323266,True,18.0,True,False,True,False,True,False,True,True,True,False,False,rejected_actionable_posthoc_not_promotion_source
110282d4845929487272c5b2,causal_seed_from_v28_forward_calibration,logs/edge_research/v28_forward_calibration_latest.csv,684,rejected_actionable,p_below_floor,rejected_actionable_from_posthoc_calibration_report,KXBTC15M-26MAY070800-00,2026-05-07T08:00:00Z,2026-05-07T07:47:08.774Z,market_close_minus_seconds_to_close,yes,side=yes,,missing_in_forward_calibration_seed,771.226,0.536385,0.536385,0.463615,53.6385,46.3615,0.0,0.0,0.287708868225,0.287708868225,0.7687008125611066,50_60,True,4.638461,45.0,101.288065,0.8654745987079465,True,-90.0,True,False,True,False,True,False,True,True,True,False,False,rejected_actionable_posthoc_not_promotion_source
34bd502f6bb073bcb199fa9e,causal_seed_from_v28_forward_calibration,logs/edge_research/v28_forward_calibration_latest.csv,685,entry,approved_entry,approved_entry_from_posthoc_calibration_report,KXBTC15M-26MAY070815-15,2026-05-07T08:15:00Z,2026-05-07T08:04:59.756Z,market_close_minus_seconds_to_close,yes,side=yes,,missing_in_forward_calibration_seed,600.244,0.950799,0.950799,0.04920100000000005,95.0799,4.920100000000005,1.0,1.0,0.002420738401000005,0.002420738401000005,0.050452595242549525,95_100,True,2.079863,90.0,91.905021,0.1855824939071499,False,2.0,True,False,True,False,False,False,True,True,True,False,False,posthoc_calibration_report_not_forward_registry
219237ab3a57096be7c6f78e,causal_seed_from_v28_forward_calibration,logs/edge_research/v28_forward_calibration_latest.csv,686,rejected_actionable,p_below_floor,rejected_actionable_from_posthoc_calibration_report,KXBTC15M-26MAY070815-15,2026-05-07T08:15:00Z,2026-05-07T08:00:17.476Z,market_close_minus_seconds_to_close,no,side=no,,missing_in_forward_calibration_seed,882.524,0.498853,0.501147,0.498853,50.1147,49.8853,0.0,1.0,0.24885431560899998,0.24885431560899998,0.6908558077608465,00_50,True,-11.114684,57.0,110.454386,1.0671612266357298,True,-114.0,True,False,True,False,True,False,True,True,True,False,False,rejected_actionable_posthoc_not_promotion_source
18d1ae0547847c9c4d775653,causal_seed_from_v28_forward_calibration,logs/edge_research/v28_forward_calibration_latest.csv,687,rejected_actionable,p_below_floor,rejected_actionable_from_posthoc_calibration_report,KXBTC15M-26MAY070815-15,2026-05-07T08:15:00Z,2026-05-07T08:00:17.476Z,market_close_minus_seconds_to_close,yes,side=yes,,missing_in_forward_calibration_seed,882.524,0.501147,0.501147,0.498853,50.1147,49.8853,1.0,1.0,0.24885431560899998,0.24885431560899998,0.6908558077608465,50_60,True,2.114684,44.0,110.454386,1.0671612266357298,True,112.0,True,False,True,False,True,False,True,True,True,False,False,rejected_actionable_posthoc_not_promotion_source
885faa36f1038c1ec857de8d,causal_seed_from_v28_forward_calibration,logs/edge_research/v28_forward_calibration_latest.csv,688,rejected_actionable,ask_too_high,rejected_actionable_from_posthoc_calibration_report,KXBTC15M-26MAY070815-15,2026-05-07T08:15:00Z,2026-05-07T08:04:35.424Z,market_close_minus_seconds_to_close,yes,side=yes,,missing_in_forward_calibration_seed,624.576,0.708765,0.708765,0.291235,70.8765,29.123500000000003,1.0,1.0,0.08481782522500002,0.08481782522500002,0.34423126014296596,70_80,True,-24.62349,93.0,93.651566,0.48774141185900594,True,14.0,True,False,True,False,True,False,True,True,True,False,False,rejected_actionable_posthoc_not_promotion_source
b421d6456fd6b1e84e51e8da,causal_seed_from_v28_forward_calibration,logs/edge_research/v28_forward_calibration_latest.csv,689,entry,approved_entry,approved_entry_from_posthoc_calibration_report,KXBTC15M-26MAY070830-30,2026-05-07T08:30:00Z,2026-05-07T08:20:30.552Z,market_close_minus_seconds_to_close,no,side=no,,missing_in_forward_calibration_seed,569.448,0.875926,0.12407400000000002,0.875926,12.407400000000003,87.5926,1.0,0.0,0.015394357476000004,0.015394357476000004,0.1324736664997945,85_90,True,2.09255,82.0,91.61227,0.2815228625858157,True,18.0,True,False,True,False,False,False,True,True,True,False,False,posthoc_calibration_report_not_forward_registry
ef07228e9d0ba485f1468e9b,causal_seed_from_v28_forward_calibration,logs/edge_research/v28_forward_calibration_latest.csv,690,entry,approved_entry,approved_entry_from_posthoc_calibration_report,KXBTC15M-26MAY070830-30,2026-05-07T08:30:00Z,2026-05-07T08:25:30.069Z,market_close_minus_seconds_to_close,no,side=no,,missing_in_forward_calibration_seed,269.931,0.890215,0.10978500000000002,0.890215,10.978500000000002,89.0215,1.0,0.0,0.012052746225000004,0.012052746225000004,0.11629227239631064,85_90,True,8.52148,77.0,63.318527,0.12662156928196733,False,-14.0,True,False,True,False,False,False,True,True,True,False,False,posthoc_calibration_report_not_forward_registry
9b1afd5b415fe6af3c138130,causal_seed_from_v28_forward_calibration,logs/edge_research/v28_forward_calibration_latest.csv,691,entry,approved_entry,approved_entry_from_posthoc_calibration_report,KXBTC15M-26MAY070830-30,2026-05-07T08:30:00Z,2026-05-07T08:27:17.890Z,market_close_minus_seconds_to_close,no,side=no,,missing_in_forward_calibration_seed,162.11,0.852625,0.14737500000000003,0.852625,14.737500000000004,85.2625,1.0,0.0,0.021719390625000008,0.021719390625000008,0.15943545300725367,85_90,True,4.762529,77.0,49.151894,0.08780896924696753,False,46.0,True,False,True,False,False,False,True,True,True,False,False,posthoc_calibration_report_not_forward_registry
45c276a6470a339356a58ebb,causal_seed_from_v28_forward_calibration,logs/edge_research/v28_forward_calibration_latest.csv,692,rejected_actionable,p_below_floor,rejected_actionable_from_posthoc_calibration_report,KXBTC15M-26MAY070830-30,2026-05-07T08:30:00Z,2026-05-07T08:16:28.175Z,market_close_minus_seconds_to_close,no,side=no,,missing_in_forward_calibration_seed,811.825,0.485508,0.514492,0.48550800000000005,51.4492,48.5508,1.0,0.0,0.26470201806399996,0.26470201806399996,0.7225595135286372,00_50,True,-15.449161,60.0,108.560461,0.9527908104356088,True,80.0,True,False,True,False,True,False,True,True,True,False,False,rejected_actionable_posthoc_not_promotion_source
2b32ae8200f427a75246cfd5,causal_seed_from_v28_forward_calibration,logs/edge_research/v28_forward_calibration_latest.csv,693,rejected_actionable,ask_too_high,rejected_actionable_from_posthoc_calibration_report,KXBTC15M-26MAY070830-30,2026-05-07T08:30:00Z,2026-05-07T08:24:03.171Z,market_close_minus_seconds_to_close,no,side=no,,missing_in_forward_calibration_seed,356.829,0.825341,0.174659,0.825341,17.4659,82.5341,1.0,0.0,0.030505766281000005,0.030505766281000005,0.19195864471281368,80_85,True,-11.465897,91.0,72.891645,0.2090877608999004,False,18.0,True,False,True,False,True,False,True,True,True,False,False,rejected_actionable_posthoc_not_promotion_source
9086bd01d04aca64b4b858ea,causal_seed_from_v28_forward_calibration,logs/edge_research/v28_forward_calibration_latest.csv,694,rejected_actionable,p_below_floor,rejected_actionable_from_posthoc_calibration_report,KXBTC15M-26MAY070830-30,2026-05-07T08:30:00Z,2026-05-07T08:16:28.175Z,market_close_minus_seconds_to_close,yes,side=yes,,missing_in_forward_calibration_seed,811.825,0.514492,0.514492,0.48550800000000005,51.4492,48.5508,0.0,0.0,0.26470201806399996,0.26470201806399996,0.7225595135286372,50_60,True,6.449161,41.0,108.560461,0.9527908104356088,True,-82.0,True,False,True,False,True,False,True,True,True,False,False,rejected_actionable_posthoc_not_promotion_source
1c03791a68a4091dc5f5fa54,causal_seed_from_v28_forward_calibration,logs/edge_research/v28_forward_calibration_latest.csv,695,rejected_actionable,p_below_floor,rejected_actionable_from_posthoc_calibration_report,KXBTC15M-26MAY070845-45,2026-05-07T08:45:00Z,2026-05-07T08:32:58.559Z,market_close_minus_seconds_to_close,no,side=no,,missing_in_forward_calibration_seed,721.441,0.435266,0.5647340000000001,0.43526599999999993,56.473400000000005,43.526599999999995,0.0,1.0,0.189456490756,0.18945649075599993,0.5714004551553227,00_50,True,-2.473359,42.0,103.081108,0.7932156656482628,True,-84.0,True,False,True,False,True,False,True,True,True,False,False,rejected_actionable_posthoc_not_promotion_source
d3a6a2d4f3f099574bfaba63,causal_seed_from_v28_forward_calibration,logs/edge_research/v28_forward_calibration_latest.csv,696,rejected_actionable,p_below_floor,rejected_actionable_from_posthoc_calibration_report,KXBTC15M-26MAY070845-45,2026-05-07T08:45:00Z,2026-05-07T08:32:58.559Z,market_close_minus_seconds_to_close,yes,side=yes,,missing_in_forward_calibration_seed,721.441,0.564734,0.564734,0.43526600000000004,56.4734,43.5266,1.0,1.0,0.18945649075600005,0.18945649075600005,0.5714004551553228,50_60,True,-6.526641,59.0,103.081108,0.7932156656482628,True,82.0,True,False,True,False,True,False,True,True,True,False,False,rejected_actionable_posthoc_not_promotion_source
98e0bf67426cef330e03b9a5,causal_seed_from_v28_forward_calibration,logs/edge_research/v28_forward_calibration_latest.csv,697,rejected_actionable,p_below_floor,rejected_actionable_from_posthoc_calibration_report,KXBTC15M-26MAY070900-00,2026-05-07T09:00:00Z,2026-05-07T08:47:06.770Z,market_close_minus_seconds_to_close,no,side=no,,missing_in_forward_calibration_seed,773.23,0.402396,0.597604,0.402396,59.760400000000004,40.239599999999996,0.0,1.0,0.161922540816,0.161922540816,0.5148269517455021,00_50,True,-9.760377,46.0,105.651144,0.7716889518549893,True,-92.0,True,False,True,False,True,False,True,True,True,False,False,rejected_actionable_posthoc_not_promotion_source
f390a49d29aef69427b44e74,causal_seed_from_v28_forward_calibration,logs/edge_research/v28_forward_calibration_latest.csv,698,rejected_actionable,p_below_floor,rejected_actionable_from_posthoc_calibration_report,KXBTC15M-26MAY070900-00,2026-05-07T09:00:00Z,2026-05-07T08:47:06.770Z,market_close_minus_seconds_to_close,yes,side=yes,,missing_in_forward_calibration_seed,773.23,0.597604,0.597604,0.402396,59.760400000000004,40.239599999999996,1.0,1.0,0.161922540816,0.161922540816,0.5148269517455021,50_60,True,0.760377,55.0,105.651144,0.7716889518549893,True,90.0,True,False,True,False,True,False,True,True,True,False,False,rejected_actionable_posthoc_not_promotion_source
fe199b31892c72c59914fe50,causal_seed_from_v28_forward_calibration,logs/edge_research/v28_forward_calibration_latest.csv,699,rejected_actionable,edge_below_floor,rejected_actionable_from_posthoc_calibration_report,KXBTC15M-26MAY070900-00,2026-05-07T09:00:00Z,2026-05-07T08:53:04.063Z,market_close_minus_seconds_to_close,yes,side=yes,,missing_in_forward_calibration_seed,415.937,0.859655,0.859655,0.14034500000000005,85.96549999999999,14.034500000000005,1.0,1.0,0.019696719025000014,0.019696719025000014,0.1512241330126001,85_90,True,-1.034545,84.0,77.6454,0.21538431029947555,False,32.0,True,False,True,False,True,False,True,True,True,False,False,rejected_actionable_posthoc_not_promotion_source
49e91f12f2212a4aa78e9739,causal_seed_from_v28_forward_calibration,logs/edge_research/v28_forward_calibration_latest.csv,700,rejected_actionable,ask_too_high,rejected_actionable_from_posthoc_calibration_report,KXBTC15M-26MAY070900-00,2026-05-07T09:00:00Z,2026-05-07T08:54:02.873Z,market_close_minus_seconds_to_close,yes,side=yes,,missing_in_forward_calibration_seed,357.127,0.891924,0.891924,0.10807599999999995,89.1924,10.807599999999995,1.0,1.0,0.01168042177599999,0.01168042177599999,0.1143743518257286,85_90,True,-4.807628,91.0,71.979432,0.1617807224607169,False,18.0,True,False,True,False,True,False,True,True,True,False,False,rejected_actionable_posthoc_not_promotion_source
6fffb41895973a97b5c17ac6,causal_seed_from_v28_forward_calibration,logs/edge_research/v28_forward_calibration_latest.csv,701,entry,approved_entry,approved_entry_from_posthoc_calibration_report,KXBTC15M-26MAY070915-15,2026-05-07T09:15:00Z,2026-05-07T09:05:15.664Z,market_close_minus_seconds_to_close,no,side=no,,missing_in_forward_calibration_seed,584.336,0.876673,0.12332699999999996,0.876673,12.332699999999996,87.6673,1.0,0.0,0.015209548928999991,0.015209548928999991,0.13162121816993108,85_90,True,7.167327,77.0,91.174412,0.28381172517459047,True,46.0,True,False,True,False,False,False,True,True,True,False,False,posthoc_calibration_report_not_forward_registry
86ee7f67038aef8c1bb5a02a,causal_seed_from_v28_forward_calibration,logs/edge_research/v28_forward_calibration_latest.csv,702,rejected_actionable,p_below_floor,rejected_actionable_from_posthoc_calibration_report,KXBTC15M-26MAY070915-15,2026-05-07T09:15:00Z,2026-05-07T09:01:20.663Z,market_close_minus_seconds_to_close,no,side=no,,missing_in_forward_calibration_seed,819.337,0.788001,0.21199900000000005,0.788001,21.199900000000007,78.8001,1.0,0.0,0.04494357600100002,0.04494357600100002,0.23825592008953023,70_80,True,0.300056,75.0,107.186661,0.5197512124916837,True,50.0,True,False,True,False,True,False,True,True,True,False,False,rejected_actionable_posthoc_not_promotion_source
c2cf5207dcf7260b24c987dd,causal_seed_from_v28_forward_calibration,logs/edge_research/v28_forward_calibration_latest.csv,703,rejected_actionable,ask_too_high,rejected_actionable_from_posthoc_calibration_report,KXBTC15M-26MAY070915-15,2026-05-07T09:15:00Z,2026-05-07T09:07:17.654Z,market_close_minus_seconds_to_close,no,side=no,,missing_in_forward_calibration_seed,462.346,0.974419,0.025580999999999965,0.974419,2.5580999999999965,97.4419,1.0,0.0,0.0006543875609999982,0.0006543875609999982,0.02591388303762902,95_100,True,1.941854,93.0,81.509761,0.10485938430581647,False,14.0,True,False,True,False,True,False,True,True,True,False,False,rejected_actionable_posthoc_not_promotion_source
35abee21dea19ed366f0ec8c,causal_seed_from_v28_forward_calibration,logs/edge_research/v28_forward_calibration_latest.csv,704,rejected_actionable,p_below_floor,rejected_actionable_from_posthoc_calibration_report,KXBTC15M-26MAY070915-15,2026-05-07T09:15:00Z,2026-05-07T09:01:20.663Z,market_close_minus_seconds_to_close,yes,side=yes,,missing_in_forward_calibration_seed,819.337,0.211999,0.211999,0.788001,21.1999,78.8001,0.0,0.0,0.044943576001,0.044943576001,0.23825592008953023,00_50,True,-8.300056,26.0,107.186661,0.5197512124916837,True,-52.0,True,False,True,False,True,False,True,True,True,False,False,rejected_actionable_posthoc_not_promotion_source
6f3418019db0d62d00d58356,causal_seed_from_v28_forward_calibration,logs/edge_research/v28_forward_calibration_latest.csv,705,entry,approved_entry,approved_entry_from_posthoc_calibration_report,KXBTC15M-26MAY070930-30,2026-05-07T09:30:00Z,2026-05-07T09:18:34.072Z,market_close_minus_seconds_to_close,yes,side=yes,,missing_in_forward_calibration_seed,685.928,0.855936,0.855936,0.14406399999999997,85.59360000000001,14.406399999999998,1.0,1.0,0.02075443609599999,0.02075443609599999,0.15555967199067836,85_90,True,2.09357,80.0,103.619489,0.37566863848192883,True,34.0,True,False,True,False,False,False,True,True,True,False,False,posthoc_calibration_report_not_forward_registry
4be834e811bbea36d6114a11,causal_seed_from_v28_forward_calibration,logs/edge_research/v28_forward_calibration_latest.csv,706,rejected_actionable,p_below_floor,rejected_actionable_from_posthoc_calibration_report,KXBTC15M-26MAY070930-30,2026-05-07T09:30:00Z,2026-05-07T09:15:23.391Z,market_close_minus_seconds_to_close,no,side=no,,missing_in_forward_calibration_seed,876.609,0.511849,0.488151,0.511849,48.8151,51.1849,0.0,1.0,0.261989398801,0.261989398801,0.7171304947619044,50_60,True,-0.815088,48.0,115.138537,1.0501542232634968,True,-96.0,True,False,True,False,True,False,True,True,True,False,False,rejected_actionable_posthoc_not_promotion_source
146208109d1baeeb9010c3b5,causal_seed_from_v28_forward_calibration,logs/edge_research/v28_forward_calibration_latest.csv,707,rejected_actionable,p_below_floor,rejected_actionable_from_posthoc_calibration_report,KXBTC15M-26MAY070930-30,2026-05-07T09:30:00Z,2026-05-07T09:15:23.391Z,market_close_minus_seconds_to_close,yes,side=yes,,missing_in_forward_calibration_seed,876.609,0.488151,0.488151,0.511849,48.8151,51.1849,1.0,1.0,0.261989398801,0.261989398801,0.7171304947619044,00_50,True,-8.184912,53.0,115.138537,1.0501542232634968,True,94.0,True,False,True,False,True,False,True,True,True,False,False,rejected_actionable_posthoc_not_promotion_source
afbeae89d2f04fad14a440e5,causal_seed_from_v28_forward_calibration,logs/edge_research/v28_forward_calibration_latest.csv,708,rejected_actionable,edge_below_floor,rejected_actionable_from_posthoc_calibration_report,KXBTC15M-26MAY070930-30,2026-05-07T09:30:00Z,2026-05-07T09:18:32.148Z,market_close_minus_seconds_to_close,yes,side=yes,,missing_in_forward_calibration_seed,687.852,0.851432,0.851432,0.14856800000000003,85.1432,14.856800000000003,1.0,1.0,0.02207245062400001,0.02207245062400001,0.1608356411405251,85_90,True,1.643179,80.0,103.762643,0.383161883619703,True,40.0,True,False,True,False,True,False,True,True,True,False,False,rejected_actionable_posthoc_not_promotion_source
d0fdecb56cdfacab203430ba,causal_seed_from_v28_forward_calibration,logs/edge_research/v28_forward_calibration_latest.csv,709,rejected_actionable,ask_too_high,rejected_actionable_from_posthoc_calibration_report,KXBTC15M-26MAY070930-30,2026-05-07T09:30:00Z,2026-05-07T09:22:34.307Z,market_close_minus_seconds_to_close,yes,side=yes,,missing_in_forward_calibration_seed,445.693,0.982673,0.982673,0.01732699999999998,98.2673,1.7326999999999981,1.0,1.0,0.00030022492899999935,0.00030022492899999935,0.017478869314298907,95_100,True,-0.232677,96.0,84.192639,0.08675789237323568,False,8.0,True,False,True,False,True,False,True,True,True,False,False,rejected_actionable_posthoc_not_promotion_source
0571e02a7ecf629e4b53bd2e,causal_seed_from_v28_forward_calibration,logs/edge_research/v28_forward_calibration_latest.csv,710,entry,approved_entry,approved_entry_from_posthoc_calibration_report,KXBTC15M-26MAY070945-45,2026-05-07T09:45:00Z,2026-05-07T09:32:04.710Z,market_close_minus_seconds_to_close,no,side=no,,missing_in_forward_calibration_seed,775.29,0.853699,0.14630100000000001,0.853699,14.630100000000002,85.3699,1.0,0.0,0.021403982601000005,0.021403982601000005,0.15817660633823866,85_90,True,12.869922,69.0,113.675384,0.43642658262493145,True,62.0,True,False,True,False,False,False,True,True,True,False,False,posthoc_calibration_report_not_forward_registry
dc5cd7807e24bc57c84859a4,causal_seed_from_v28_forward_calibration,logs/edge_research/v28_forward_calibration_latest.csv,711,rejected_actionable,p_below_floor,rejected_actionable_from_posthoc_calibration_report,KXBTC15M-26MAY070945-45,2026-05-07T09:45:00Z,2026-05-07T09:30:39.284Z,market_close_minus_seconds_to_close,no,side=no,,missing_in_forward_calibration_seed,860.716,0.532085,0.46791499999999997,0.532085,46.7915,53.2085,1.0,0.0,0.21894444722499998,0.21894444722499998,0.6309520279669782,50_60,True,1.208522,48.0,119.10871,1.0888633329884525,True,104.0,True,False,True,False,True,False,True,True,True,False,False,rejected_actionable_posthoc_not_promotion_source
b4d107fa50eb1d2567116446,causal_seed_from_v28_forward_calibration,logs/edge_research/v28_forward_calibration_latest.csv,712,rejected_actionable,ask_too_high,rejected_actionable_from_posthoc_calibration_report,KXBTC15M-26MAY070945-45,2026-05-07T09:45:00Z,2026-05-07T09:38:05.402Z,market_close_minus_seconds_to_close,no,side=no,,missing_in_forward_calibration_seed,414.598,0.99572,0.0042799999999999505,0.99572,0.42799999999999505,99.572,1.0,0.0,1.8318399999999577e-05,1.8318399999999577e-05,0.0042891854184298325,95_100,True,1.071954,96.0,86.919897,0.04164808419156676,False,8.0,True,False,True,False,True,False,True,True,True,False,False,rejected_actionable_posthoc_not_promotion_source
5d8e97c49a5ee329c59c0dd8,causal_seed_from_v28_forward_calibration,logs/edge_research/v28_forward_calibration_latest.csv,713,rejected_actionable,p_below_floor,rejected_actionable_from_posthoc_calibration_report,KXBTC15M-26MAY070945-45,2026-05-07T09:45:00Z,2026-05-07T09:30:39.284Z,market_close_minus_seconds_to_close,yes,side=yes,,missing_in_forward_calibration_seed,860.716,0.467915,0.467915,0.5320849999999999,46.7915,53.208499999999994,0.0,0.0,0.21894444722500003,0.21894444722500003,0.6309520279669784,00_50,True,-10.208522,53.0,119.10871,1.0888633329884525,True,-106.0,True,False,True,False,True,False,True,True,True,False,False,rejected_actionable_posthoc_not_promotion_source
0f19dfcc3f2c5b3115842488,causal_seed_from_v28_forward_calibration,logs/edge_research/v28_forward_calibration_latest.csv,714,entry,approved_entry,approved_entry_from_posthoc_calibration_report,KXBTC15M-26MAY071000-00,2026-05-07T10:00:00Z,2026-05-07T09:45:58.879Z,market_close_minus_seconds_to_close,no,side=no,,missing_in_forward_calibration_seed,841.121,0.861629,0.13837100000000002,0.861629,13.837100000000003,86.1629,1.0,0.0,0.019146533641000007,0.019146533641000007,0.14893049539626577,85_90,True,9.66294,73.0,126.53725,0.48318335835479914,True,-36.0,True,False,True,False,False,False,True,True,True,False,False,posthoc_calibration_report_not_forward_registry
7662bd8b3a464c9561cea096,causal_seed_from_v28_forward_calibration,logs/edge_research/v28_forward_calibration_latest.csv,715,entry,approved_entry,approved_entry_from_posthoc_calibration_report,KXBTC15M-26MAY071000-00,2026-05-07T10:00:00Z,2026-05-07T09:47:02.477Z,market_close_minus_seconds_to_close,no,side=no,,missing_in_forward_calibration_seed,777.523,0.851825,0.14817499999999995,0.851825,14.817499999999995,85.1825,1.0,0.0,0.021955830624999985,0.021955830624999985,0.16037417231113021,85_90,True,10.682459,71.0,127.487371,0.48411120022028664,True,16.0,True,False,True,False,False,False,True,True,True,False,False,posthoc_calibration_report_not_forward_registry
c961f7405141105ab1beebc1,causal_seed_from_v28_forward_calibration,logs/edge_research/v28_forward_calibration_latest.csv,716,rejected_actionable,p_below_floor,rejected_actionable_from_posthoc_calibration_report,KXBTC15M-26MAY071000-00,2026-05-07T10:00:00Z,2026-05-07T09:45:31.042Z,market_close_minus_seconds_to_close,no,side=no,,missing_in_forward_calibration_seed,868.958,0.45649,0.5435099999999999,0.45649000000000006,54.35099999999999,45.64900000000001,1.0,0.0,0.2954031200999999,0.2954031200999999,0.7841884849920877,00_50,True,-5.35099,47.0,128.809553,1.2196742426451674,True,106.0,True,False,True,False,True,False,True,True,True,False,False,rejected_actionable_posthoc_not_promotion_source
39cf7436abf8cd35d87a7302,causal_seed_from_v28_forward_calibration,logs/edge_research/v28_forward_calibration_latest.csv,717,rejected_actionable,ask_too_high,rejected_actionable_from_posthoc_calibration_report,KXBTC15M-26MAY071000-00,2026-05-07T10:00:00Z,2026-05-07T09:51:02.647Z,market_close_minus_seconds_to_close,no,side=no,,missing_in_forward_calibration_seed,537.353,0.996543,0.0034570000000000434,0.996543,0.34570000000000434,99.65429999999999,1.0,0.0,1.19508490000003e-05,1.19508490000003e-05,0.0034629892316664387,95_100,True,2.154316,95.0,118.343677,0.05930883224792086,False,10.0,True,False,True,False,True,False,True,True,True,False,False,rejected_actionable_posthoc_not_promotion_source
3aa7a9c71086936b8c04dd68,causal_seed_from_v28_forward_calibration,logs/edge_research/v28_forward_calibration_latest.csv,718,rejected_actionable,edge_below_floor,rejected_actionable_from_posthoc_calibration_report,KXBTC15M-26MAY071000-00,2026-05-07T10:00:00Z,2026-05-07T09:56:30.359Z,market_close_minus_seconds_to_close,no,side=no,,missing_in_forward_calibration_seed,209.641,0.917474,0.08252599999999999,0.917474,8.2526,91.7474,1.0,0.0,0.006810540675999998,0.006810540675999998,0.08613103732959626,90_95,True,-1.252586,90.0,79.193535,0.11605075633680675,False,20.0,True,False,True,False,True,False,True,True,True,False,False,rejected_actionable_posthoc_not_promotion_source
853fa53484b2913160d9dae8,causal_seed_from_v28_forward_calibration,logs/edge_research/v28_forward_calibration_latest.csv,719,rejected_actionable,p_below_floor,rejected_actionable_from_posthoc_calibration_report,KXBTC15M-26MAY071000-00,2026-05-07T10:00:00Z,2026-05-07T09:45:31.042Z,market_close_minus_seconds_to_close,yes,side=yes,,missing_in_forward_calibration_seed,868.958,0.54351,0.54351,0.45648999999999995,54.351000000000006,45.648999999999994,0.0,0.0,0.2954031201,0.2954031201,0.784188484992088,50_60,True,-3.64901,54.0,128.809553,1.2196742426451674,True,-108.0,True,False,True,False,True,False,True,True,True,False,False,rejected_actionable_posthoc_not_promotion_source
8d45de49d95c2a40d790d30e,causal_seed_from_v28_forward_calibration,logs/edge_research/v28_forward_calibration_latest.csv,720,entry,approved_entry,approved_entry_from_posthoc_calibration_report,KXBTC15M-26MAY071015-15,2026-05-07T10:15:00Z,2026-05-07T10:05:16.235Z,market_close_minus_seconds_to_close,no,side=no,,missing_in_forward_calibration_seed,583.765,0.861092,0.13890800000000003,0.861092,13.890800000000002,86.1092,0.0,1.0,0.7414794324639999,0.7414794324639999,1.973943435488021,85_90,True,4.609185,78.0,132.227045,0.41762272221317515,True,2.0,True,False,True,False,False,False,True,True,True,False,False,posthoc_calibration_report_not_forward_registry
269e2664c2fc130099367a08,causal_seed_from_v28_forward_calibration,logs/edge_research/v28_forward_calibration_latest.csv,721,entry,approved_entry,approved_entry_from_posthoc_calibration_report,KXBTC15M-26MAY071015-15,2026-05-07T10:15:00Z,2026-05-07T10:06:01.658Z,market_close_minus_seconds_to_close,no,side=no,,missing_in_forward_calibration_seed,538.342,0.866013,0.13398699999999997,0.866013,13.398699999999996,86.60130000000001,0.0,1.0,0.749978516169,0.749978516169,2.010012498662851,85_90,True,2.101334,81.0,127.223021,0.3809737029180094,True,-16.0,True,False,True,False,False,False,True,True,True,False,False,posthoc_calibration_report_not_forward_registry
ba4039fa3fff63c4e396f118,causal_seed_from_v28_forward_calibration,logs/edge_research/v28_forward_calibration_latest.csv,722,entry,approved_entry,approved_entry_from_posthoc_calibration_report,KXBTC15M-26MAY071015-15,2026-05-07T10:15:00Z,2026-05-07T10:11:13.966Z,market_close_minus_seconds_to_close,yes,side=yes,,missing_in_forward_calibration_seed,226.034,0.909403,0.909403,0.09059700000000004,90.9403,9.059700000000003,1.0,1.0,0.008207816409000007,0.008207816409000007,0.09496693871828685,90_95,True,3.940302,84.0,82.127961,0.13171334830670237,False,20.0,True,False,True,False,False,False,True,True,True,False,False,posthoc_calibration_report_not_forward_registry
4c1e1f557b4aa7c3045fee03,causal_seed_from_v28_forward_calibration,logs/edge_research/v28_forward_calibration_latest.csv,723,rejected_actionable,p_below_floor,rejected_actionable_from_posthoc_calibration_report,KXBTC15M-26MAY071015-15,2026-05-07T10:15:00Z,2026-05-07T10:00:35.775Z,market_close_minus_seconds_to_close,no,side=no,,missing_in_forward_calibration_seed,864.225,0.609894,0.39010599999999995,0.609894,39.0106,60.9894,0.0,1.0,0.3719706912360001,0.3719706912360001,0.941336781916185,60_70,True,-3.010577,60.0,161.709566,1.10286385624332,True,-120.0,True,False,True,False,True,False,True,True,True,False,False,rejected_actionable_posthoc_not_promotion_source
9c618555f20772b778d48edc,causal_seed_from_v28_forward_calibration,logs/edge_research/v28_forward_calibration_latest.csv,724,rejected_actionable,edge_below_floor,rejected_actionable_from_posthoc_calibration_report,KXBTC15M-26MAY071015-15,2026-05-07T10:15:00Z,2026-05-07T10:06:01.488Z,market_close_minus_seconds_to_close,no,side=no,,missing_in_forward_calibration_seed,538.512,0.860843,0.13915699999999998,0.860843,13.915699999999998,86.0843,0.0,1.0,0.7410506706490001,0.7410506706490001,1.9721524868497133,85_90,True,1.58434,81.0,127.24546,0.38557879868515416,True,-162.0,True,False,True,False,True,False,True,True,True,False,False,rejected_actionable_posthoc_not_promotion_source
606836393599793846db4b6e,causal_seed_from_v28_forward_calibration,logs/edge_research/v28_forward_calibration_latest.csv,725,rejected_actionable,p_below_floor,rejected_actionable_from_posthoc_calibration_report,KXBTC15M-26MAY071015-15,2026-05-07T10:15:00Z,2026-05-07T10:00:35.775Z,market_close_minus_seconds_to_close,yes,side=yes,,missing_in_forward_calibration_seed,864.225,0.390106,0.390106,0.6098939999999999,39.010600000000004,60.989399999999996,1.0,1.0,0.3719706912359999,0.3719706912359999,0.9413367819161849,00_50,True,-5.989423,41.0,161.709566,1.10286385624332,True,118.0,True,False,True,False,True,False,True,True,True,False,False,rejected_actionable_posthoc_not_promotion_source
4ac81e59ffe537c1251bde2a,causal_seed_from_v28_forward_calibration,logs/edge_research/v28_forward_calibration_latest.csv,726,rejected_actionable,edge_below_floor,rejected_actionable_from_posthoc_calibration_report,KXBTC15M-26MAY071015-15,2026-05-07T10:15:00Z,2026-05-07T10:11:13.918Z,market_close_minus_seconds_to_close,yes,side=yes,,missing_in_forward_calibration_seed,226.082,0.855283,0.855283,0.14471699999999998,85.5283,14.471699999999998,1.0,1.0,0.020943010088999996,0.020943010088999996,0.1563228706598098,85_90,True,-1.471735,84.0,82.117144,0.16623665525415693,False,32.0,True,False,True,False,True,False,True,True,True,False,False,rejected_actionable_posthoc_not_promotion_source
9fc579fdfd89e1fe9630441b,causal_seed_from_v28_forward_calibration,logs/edge_research/v28_forward_calibration_latest.csv,727,rejected_actionable,ask_too_high,rejected_actionable_from_posthoc_calibration_report,KXBTC15M-26MAY071015-15,2026-05-07T10:15:00Z,2026-05-07T10:12:18.816Z,market_close_minus_seconds_to_close,yes,side=yes,,missing_in_forward_calibration_seed,161.184,0.923108,0.923108,0.07689199999999996,92.3108,7.689199999999996,1.0,1.0,0.005912379663999994,0.005912379663999994,0.08000904157357921,90_95,True,-4.189216,94.0,69.867975,0.08701707692280986,False,12.0,True,False,True,False,True,False,True,True,True,False,False,rejected_actionable_posthoc_not_promotion_source
3eb830c2d3372f11e8e5576d,causal_seed_from_v28_forward_calibration,logs/edge_research/v28_forward_calibration_latest.csv,728,entry,approved_entry,approved_entry_from_posthoc_calibration_report,KXBTC15M-26MAY071030-30,2026-05-07T10:30:00Z,2026-05-07T10:16:08.489Z,market_close_minus_seconds_to_close,no,side=no,,missing_in_forward_calibration_seed,831.511,0.852355,0.14764500000000003,0.852355,14.764500000000002,85.2355,1.0,0.0,0.021799046025000008,0.021799046025000008,0.15975217226760513,85_90,True,4.735533,77.0,157.101305,0.5927426169341831,True,-24.0,True,False,True,False,False,False,True,True,True,False,False,posthoc_calibration_report_not_forward_registry
06ada05988638b6c522ad248,causal_seed_from_v28_forward_calibration,logs/edge_research/v28_forward_calibration_latest.csv,729,entry,approved_entry,approved_entry_from_posthoc_calibration_report,KXBTC15M-26MAY071030-30,2026-05-07T10:30:00Z,2026-05-07T10:17:02.828Z,market_close_minus_seconds_to_close,no,side=no,,missing_in_forward_calibration_seed,777.172,0.852278,0.14772200000000002,0.852278,14.772200000000002,85.2278,1.0,0.0,0.021821789284000005,0.021821789284000005,0.15984251429436674,85_90,True,5.727803,76.0,151.802926,0.572086869997676,True,48.0,True,False,True,False,False,False,True,True,True,False,False,posthoc_calibration_report_not_forward_registry
655f821dc78b3d38ebabf6a9,causal_seed_from_v28_forward_calibration,logs/edge_research/v28_forward_calibration_latest.csv,730,rejected_actionable,p_below_floor,rejected_actionable_from_posthoc_calibration_report,KXBTC15M-26MAY071030-30,2026-05-07T10:30:00Z,2026-05-07T10:15:47.461Z,market_close_minus_seconds_to_close,no,side=no,,missing_in_forward_calibration_seed,852.539,0.64638,0.35362000000000005,0.64638,35.362,64.63799999999999,1.0,0.0,0.12504710440000003,0.12504710440000003,0.436367712847981,60_70,True,-1.361992,62.0,160.163965,1.0532695722262537,True,76.0,True,False,True,False,True,False,True,True,True,False,False,rejected_actionable_posthoc_not_promotion_source
89da0d9a6216710c7dd28876,causal_seed_from_v28_forward_calibration,logs/edge_research/v28_forward_calibration_latest.csv,731,rejected_actionable,ask_too_high,rejected_actionable_from_posthoc_calibration_report,KXBTC15M-26MAY071030-30,2026-05-07T10:30:00Z,2026-05-07T10:21:03.033Z,market_close_minus_seconds_to_close,no,side=no,,missing_in_forward_calibration_seed,536.967,0.96653,0.03347,0.96653,3.347,96.653,1.0,0.0,0.0011202409,0.0011202409,0.03404294098102294,95_100,True,2.652957,91.0,118.124899,0.17951837352707734,False,18.0,True,False,True,False,True,False,True,True,True,False,False,rejected_actionable_posthoc_not_promotion_source
f24822d91efdbe36106ee19f,causal_seed_from_v28_forward_calibration,logs/edge_research/v28_forward_calibration_latest.csv,732,rejected_actionable,p_below_floor,rejected_actionable_from_posthoc_calibration_report,KXBTC15M-26MAY071030-30,2026-05-07T10:30:00Z,2026-05-07T10:15:47.461Z,market_close_minus_seconds_to_close,yes,side=yes,,missing_in_forward_calibration_seed,852.539,0.35362,0.35362,0.64638,35.362,64.63799999999999,0.0,0.0,0.1250471044,0.1250471044,0.436367712847981,00_50,True,-7.638008,39.0,160.163965,1.0532695722262537,True,-78.0,True,False,True,False,True,False,True,True,True,False,False,rejected_actionable_posthoc_not_promotion_source
7d1659a575573c5cf569bbaf,causal_seed_from_v28_forward_calibration,logs/edge_research/v28_forward_calibration_latest.csv,733,entry,approved_entry,approved_entry_from_posthoc_calibration_report,KXBTC15M-26MAY071045-45,2026-05-07T10:45:00Z,2026-05-07T10:31:17.597Z,market_close_minus_seconds_to_close,no,side=no,,missing_in_forward_calibration_seed,822.403,0.856439,0.14356100000000005,0.856439,14.356100000000005,85.6439,1.0,0.0,0.020609760721000014,0.020609760721000014,0.15497218383596092,85_90,True,8.143857,74.0,140.45966,0.5367354413690074,True,-10.0,True,False,True,False,False,False,True,True,True,False,False,posthoc_calibration_report_not_forward_registry
0aff8aaa8453d1b1fd1647b8,causal_seed_from_v28_forward_calibration,logs/edge_research/v28_forward_calibration_latest.csv,734,entry,approved_entry,approved_entry_from_posthoc_calibration_report,KXBTC15M-26MAY071045-45,2026-05-07T10:45:00Z,2026-05-07T10:32:42.738Z,market_close_minus_seconds_to_close,no,side=no,,missing_in_forward_calibration_seed,737.262,0.86526,0.13473999999999997,0.86526,13.473999999999997,86.526,1.0,0.0,0.018154867599999992,0.018154867599999992,0.144725239180103,85_90,True,8.026019,75.0,134.745256,0.4699176077596592,True,50.0,True,False,True,False,False,False,True,True,True,False,False,posthoc_calibration_report_not_forward_registry
b4c1f06e6689b559493df0aa,causal_seed_from_v28_forward_calibration,logs/edge_research/v28_forward_calibration_latest.csv,735,rejected_actionable,p_below_floor,rejected_actionable_from_posthoc_calibration_report,KXBTC15M-26MAY071045-45,2026-05-07T10:45:00Z,2026-05-07T10:30:17.159Z,market_close_minus_seconds_to_close,no,side=no,,missing_in_forward_calibration_seed,882.841,0.505874,0.49412599999999995,0.505874,49.4126,50.5874,1.0,0.0,0.24416050387599997,0.24416050387599997,0.6814676525609793,50_60,True,-5.412576,52.0,146.477397,1.3463848618897316,True,96.0,True,False,True,False,True,False,True,True,True,False,False,rejected_actionable_posthoc_not_promotion_source
60680c92c7bdc03a897c966d,causal_seed_from_v28_forward_calibration,logs/edge_research/v28_forward_calibration_latest.csv,736,rejected_actionable,ask_too_high,rejected_actionable_from_posthoc_calibration_report,KXBTC15M-26MAY071045-45,2026-05-07T10:45:00Z,2026-05-07T10:36:42.947Z,market_close_minus_seconds_to_close,no,side=no,,missing_in_forward_calibration_seed,497.053,0.981649,0.018351000000000006,0.981649,1.8351000000000006,98.1649,1.0,0.0,0.00033675920100000023,0.00033675920100000023,0.01852146833091476,95_100,True,1.664863,94.0,111.851814,0.1327449937319881,False,12.0,True,False,True,False,True,False,True,True,True,False,False,rejected_actionable_posthoc_not_promotion_source
1a7f8e2d8c9b37c95bc24b23,causal_seed_from_v28_forward_calibration,logs/edge_research/v28_forward_calibration_latest.csv,737,rejected_actionable,p_below_floor,rejected_actionable_from_posthoc_calibration_report,KXBTC15M-26MAY071045-45,2026-05-07T10:45:00Z,2026-05-07T10:30:17.159Z,market_close_minus_seconds_to_close,yes,side=yes,,missing_in_forward_calibration_seed,882.841,0.494126,0.494126,0.5058739999999999,49.4126,50.587399999999995,0.0,0.0,0.244160503876,0.244160503876,0.6814676525609795,00_50,True,-3.587424,49.0,146.477397,1.3463848618897316,True,-98.0,True,False,True,False,True,False,True,True,True,False,False,rejected_actionable_posthoc_not_promotion_source
7d2a338660ae455e6f448661,causal_seed_from_v28_forward_calibration,logs/edge_research/v28_forward_calibration_latest.csv,738,entry,approved_entry,approved_entry_from_posthoc_calibration_report,KXBTC15M-26MAY071100-00,2026-05-07T11:00:00Z,2026-05-07T10:51:41.449Z,market_close_minus_seconds_to_close,yes,side=yes,,missing_in_forward_calibration_seed,498.551,0.884041,0.884041,0.11595900000000003,88.4041,11.595900000000004,0.0,0.0,0.781528489681,0.781528489681,2.154518598629198,85_90,True,2.404098,83.0,112.542499,0.30500573389101787,True,4.0,True,False,True,False,False,False,True,True,True,False,False,posthoc_calibration_report_not_forward_registry
327f0071fd4a5cb4f00497f7,causal_seed_from_v28_forward_calibration,logs/edge_research/v28_forward_calibration_latest.csv,739,rejected_actionable,p_below_floor,rejected_actionable_from_posthoc_calibration_report,KXBTC15M-26MAY071100-00,2026-05-07T11:00:00Z,2026-05-07T10:46:22.179Z,market_close_minus_seconds_to_close,no,side=no,,missing_in_forward_calibration_seed,817.821,0.5788,0.4212,0.5788,42.120000000000005,57.879999999999995,1.0,0.0,0.17740944000000003,0.17740944000000003,0.5467982842248083,50_60,True,-2.119953,56.0,142.785246,1.073937607383353,True,88.0,True,False,True,False,True,False,True,True,True,False,False,rejected_actionable_posthoc_not_promotion_source
0682e71a5f58c7c904fb73d5,causal_seed_from_v28_forward_calibration,logs/edge_research/v28_forward_calibration_latest.csv,740,rejected_actionable,edge_below_floor,rejected_actionable_from_posthoc_calibration_report,KXBTC15M-26MAY071100-00,2026-05-07T11:00:00Z,2026-05-07T10:58:35.413Z,market_close_minus_seconds_to_close,no,side=no,,missing_in_forward_calibration_seed,84.587,0.852041,0.14795899999999995,0.852041,14.795899999999996,85.20410000000001,1.0,0.0,0.021891865680999986,0.021891865680999986,0.160120631244923,85_90,True,-4.795851,87.0,46.053406,0.057680763495370414,False,26.0,True,False,True,False,True,False,True,True,True,False,False,rejected_actionable_posthoc_not_promotion_source
1a01c16ecf527eec9a4aec92,causal_seed_from_v28_forward_calibration,logs/edge_research/v28_forward_calibration_latest.csv,741,rejected_actionable,ask_too_high,rejected_actionable_from_posthoc_calibration_report,KXBTC15M-26MAY071100-00,2026-05-07T11:00:00Z,2026-05-07T10:58:40.012Z,market_close_minus_seconds_to_close,no,side=no,,missing_in_forward_calibration_seed,79.988,0.923045,0.076955,0.923045,7.695499999999999,92.3045,1.0,0.0,0.005922072024999999,0.005922072024999999,0.08007729160488701,90_95,True,-1.69546,91.0,44.776521,0.039363301185991045,False,18.0,True,False,True,False,True,False,True,True,True,False,False,rejected_actionable_posthoc_not_promotion_source
bc1b3f1bf64d6a90b6eae864,causal_seed_from_v28_forward_calibration,logs/edge_research/v28_forward_calibration_latest.csv,742,rejected_actionable,p_below_floor,rejected_actionable_from_posthoc_calibration_report,KXBTC15M-26MAY071100-00,2026-05-07T11:00:00Z,2026-05-07T10:46:22.179Z,market_close_minus_seconds_to_close,yes,side=yes,,missing_in_forward_calibration_seed,817.821,0.4212,0.4212,0.5788,42.120000000000005,57.879999999999995,0.0,0.0,0.17740944000000003,0.17740944000000003,0.5467982842248083,00_50,True,-6.880047,45.0,142.785246,1.073937607383353,True,-90.0,True,False,True,False,True,False,True,True,True,False,False,rejected_actionable_posthoc_not_promotion_source
f0ccf0eb0bcfed4d4a7897d5,causal_seed_from_v28_forward_calibration,logs/edge_research/v28_forward_calibration_latest.csv,743,rejected_actionable,edge_below_floor,rejected_actionable_from_posthoc_calibration_report,KXBTC15M-26MAY071100-00,2026-05-07T11:00:00Z,2026-05-07T10:51:39.541Z,market_close_minus_seconds_to_close,yes,side=yes,,missing_in_forward_calibration_seed,500.459,0.853486,0.853486,0.14651400000000003,85.34859999999999,14.651400000000002,0.0,0.0,0.728438352196,0.728438352196,1.9206342919509491,85_90,True,0.848641,81.0,112.74151,0.3395635872441696,True,-162.0,True,False,True,False,True,False,True,True,True,False,False,rejected_actionable_posthoc_not_promotion_source
301693746b65001c102911ca,causal_seed_from_v28_forward_calibration,logs/edge_research/v28_forward_calibration_latest.csv,744,rejected_actionable,ask_too_high,rejected_actionable_from_posthoc_calibration_report,KXBTC15M-26MAY071100-00,2026-05-07T11:00:00Z,2026-05-07T10:53:59.098Z,market_close_minus_seconds_to_close,yes,side=yes,,missing_in_forward_calibration_seed,360.902,0.924017,0.924017,0.07598300000000002,92.40169999999999,7.598300000000002,0.0,0.0,0.8538074162889999,0.8538074162889999,2.577245647927376,90_95,True,-2.598313,92.0,95.565242,0.1775066573732764,False,-184.0,True,False,True,False,True,False,True,True,True,False,False,rejected_actionable_posthoc_not_promotion_source
7a6fabeef766f27cb8043d0e,causal_seed_from_v28_forward_calibration,logs/edge_research/v28_forward_calibration_latest.csv,745,entry,approved_entry,approved_entry_from_posthoc_calibration_report,KXBTC15M-26MAY071115-15,2026-05-07T11:15:00Z,2026-05-07T11:08:31.020Z,market_close_minus_seconds_to_close,yes,side=yes,,missing_in_forward_calibration_seed,388.98,0.891894,0.891894,0.10810600000000004,89.18939999999999,10.810600000000004,1.0,1.0,0.011686907236000008,0.011686907236000008,0.114407987544174,85_90,True,2.189408,84.0,95.86554,0.21995572150628764,False,14.0,True,False,True,False,False,False,True,True,True,False,False,posthoc_calibration_report_not_forward_registry
4ea475d0f44ab1b079a7f0d4,causal_seed_from_v28_forward_calibration,logs/edge_research/v28_forward_calibration_latest.csv,746,rejected_actionable,p_below_floor,rejected_actionable_from_posthoc_calibration_report,KXBTC15M-26MAY071115-15,2026-05-07T11:15:00Z,2026-05-07T11:00:15.751Z,market_close_minus_seconds_to_close,no,side=no,,missing_in_forward_calibration_seed,884.249,0.522299,0.47770100000000004,0.522299,47.770100000000006,52.229899999999994,0.0,1.0,0.27279624540099995,0.27279624540099995,0.7387702652243758,50_60,True,-5.77005,54.0,147.026875,1.3536723711695915,True,-108.0,True,False,True,False,True,False,True,True,True,False,False,rejected_actionable_posthoc_not_promotion_source
dac27ac59647a88aa64af9ca,causal_seed_from_v28_forward_calibration,logs/edge_research/v28_forward_calibration_latest.csv,747,rejected_actionable,p_below_floor,rejected_actionable_from_posthoc_calibration_report,KXBTC15M-26MAY071115-15,2026-05-07T11:15:00Z,2026-05-07T11:00:15.751Z,market_close_minus_seconds_to_close,yes,side=yes,,missing_in_forward_calibration_seed,884.249,0.477701,0.477701,0.5222990000000001,47.7701,52.22990000000001,1.0,1.0,0.27279624540100006,0.27279624540100006,0.7387702652243759,00_50,True,-3.22995,47.0,147.026875,1.3536723711695915,True,106.0,True,False,True,False,True,False,True,True,True,False,False,rejected_actionable_posthoc_not_promotion_source
09ad9b92c1e0e27b87d39538,causal_seed_from_v28_forward_calibration,logs/edge_research/v28_forward_calibration_latest.csv,748,rejected_actionable,edge_below_floor,rejected_actionable_from_posthoc_calibration_report,KXBTC15M-26MAY071115-15,2026-05-07T11:15:00Z,2026-05-07T11:08:30.829Z,market_close_minus_seconds_to_close,yes,side=yes,,missing_in_forward_calibration_seed,389.171,0.857094,0.857094,0.14290599999999998,85.7094,14.290599999999998,1.0,1.0,0.020422124835999995,0.020422124835999995,0.15420768145182,85_90,True,-0.290646,83.0,95.872236,0.25475735910890235,True,34.0,True,False,True,False,True,False,True,True,True,False,False,rejected_actionable_posthoc_not_promotion_source
f342a5f8910fb07b866c296b,causal_seed_from_v28_forward_calibration,logs/edge_research/v28_forward_calibration_latest.csv,749,rejected_actionable,ask_too_high,rejected_actionable_from_posthoc_calibration_report,KXBTC15M-26MAY071115-15,2026-05-07T11:15:00Z,2026-05-07T11:09:47.758Z,market_close_minus_seconds_to_close,yes,side=yes,,missing_in_forward_calibration_seed,312.242,0.888845,0.888845,0.111155,88.8845,11.1155,1.0,1.0,0.012355434025,0.012355434025,0.1178324118753689,85_90,True,-5.115455,91.0,86.574662,0.18250711554933854,False,18.0,True,False,True,False,True,False,True,True,True,False,False,rejected_actionable_posthoc_not_promotion_source
2b38a8608ec82e0a02abc71e,causal_seed_from_v28_forward_calibration,logs/edge_research/v28_forward_calibration_latest.csv,750,entry,approved_entry,approved_entry_from_posthoc_calibration_report,KXBTC15M-26MAY071130-30,2026-05-07T11:30:00Z,2026-05-07T11:18:38.937Z,market_close_minus_seconds_to_close,no,side=no,,missing_in_forward_calibration_seed,681.063,0.916601,0.083399,0.916601,8.3399,91.6601,1.0,0.0,0.006955393201,0.006955393201,0.08708301591927298,90_95,True,3.660104,85.0,124.589021,0.33188369997953837,True,30.0,True,False,True,False,False,False,True,True,True,False,False,posthoc_calibration_report_not_forward_registry
c0f732710b0925074be5f0ce,causal_seed_from_v28_forward_calibration,logs/edge_research/v28_forward_calibration_latest.csv,751,rejected_actionable,p_below_floor,rejected_actionable_from_posthoc_calibration_report,KXBTC15M-26MAY071130-30,2026-05-07T11:30:00Z,2026-05-07T11:15:32.444Z,market_close_minus_seconds_to_close,no,side=no,,missing_in_forward_calibration_seed,867.556,0.514195,0.48580500000000004,0.514195,48.5805,51.4195,1.0,0.0,0.23600649802500004,0.23600649802500004,0.6651527080404875,50_60,True,-4.580504,52.0,142.031013,1.320562654304538,True,96.0,True,False,True,False,True,False,True,True,True,False,False,rejected_actionable_posthoc_not_promotion_source
4aad2f995757d9d739245963,causal_seed_from_v28_forward_calibration,logs/edge_research/v28_forward_calibration_latest.csv,752,rejected_actionable,edge_below_floor,rejected_actionable_from_posthoc_calibration_report,KXBTC15M-26MAY071130-30,2026-05-07T11:30:00Z,2026-05-07T11:18:38.806Z,market_close_minus_seconds_to_close,no,side=no,,missing_in_forward_calibration_seed,681.194,0.86035,0.13965000000000005,0.86035,13.965000000000005,86.035,1.0,0.0,0.019502122500000014,0.019502122500000014,0.15041599578297046,85_90,True,0.034992,83.0,124.648835,0.425157949375378,True,34.0,True,False,True,False,True,False,True,True,True,False,False,rejected_actionable_posthoc_not_promotion_source
65f186d94efd969ebf22572a,causal_seed_from_v28_forward_calibration,logs/edge_research/v28_forward_calibration_latest.csv,753,rejected_actionable,ask_too_high,rejected_actionable_from_posthoc_calibration_report,KXBTC15M-26MAY071130-30,2026-05-07T11:30:00Z,2026-05-07T11:22:40.530Z,market_close_minus_seconds_to_close,no,side=no,,missing_in_forward_calibration_seed,439.47,0.994224,0.005776000000000003,0.994224,0.5776000000000003,99.4224,1.0,0.0,3.336217600000004e-05,3.336217600000004e-05,0.005792745600860223,95_100,True,-1.07764,98.0,105.641576,0.06030900594759091,False,4.0,True,False,True,False,True,False,True,True,True,False,False,rejected_actionable_posthoc_not_promotion_source
f1e6e88618703ae304b9cbed,causal_seed_from_v28_forward_calibration,logs/edge_research/v28_forward_calibration_latest.csv,754,rejected_actionable,p_below_floor,rejected_actionable_from_posthoc_calibration_report,KXBTC15M-26MAY071130-30,2026-05-07T11:30:00Z,2026-05-07T11:15:32.444Z,market_close_minus_seconds_to_close,yes,side=yes,,missing_in_forward_calibration_seed,867.556,0.485805,0.485805,0.514195,48.5805,51.4195,0.0,0.0,0.23600649802499998,0.23600649802499998,0.6651527080404875,00_50,True,-4.419496,49.0,142.031013,1.320562654304538,True,-98.0,True,False,True,False,True,False,True,True,True,False,False,rejected_actionable_posthoc_not_promotion_source
28e2a45d3e554ee3c1e6b725,causal_seed_from_v28_forward_calibration,logs/edge_research/v28_forward_calibration_latest.csv,755,entry,approved_entry,approved_entry_from_posthoc_calibration_report,KXBTC15M-26MAY071145-45,2026-05-07T11:45:00Z,2026-05-07T11:31:46.705Z,market_close_minus_seconds_to_close,yes,side=yes,,missing_in_forward_calibration_seed,793.295,0.855371,0.855371,0.144629,85.5371,14.462900000000001,1.0,1.0,0.020917547641,0.020917547641,0.15621998603196852,85_90,True,5.037053,77.0,155.061519,0.5850484031165768,True,44.0,True,False,True,False,False,False,True,True,True,False,False,posthoc_calibration_report_not_forward_registry
8495565e5ae4f6addc1e37a8,causal_seed_from_v28_forward_calibration,logs/edge_research/v28_forward_calibration_latest.csv,756,rejected_actionable,p_below_floor,rejected_actionable_from_posthoc_calibration_report,KXBTC15M-26MAY071145-45,2026-05-07T11:45:00Z,2026-05-07T11:30:41.084Z,market_close_minus_seconds_to_close,no,side=no,,missing_in_forward_calibration_seed,858.916,0.354363,0.645637,0.354363,64.5637,35.436299999999996,0.0,1.0,0.12557313576899998,0.12557313576899998,0.4375178526401116,00_50,True,-8.563671,40.0,160.071575,1.1012548374893791,True,-80.0,True,False,True,False,True,False,True,True,True,False,False,rejected_actionable_posthoc_not_promotion_source
557cf940ff5a3a4da8bdfd5e,causal_seed_from_v28_forward_calibration,logs/edge_research/v28_forward_calibration_latest.csv,757,rejected_actionable,p_below_floor,rejected_actionable_from_posthoc_calibration_report,KXBTC15M-26MAY071145-45,2026-05-07T11:45:00Z,2026-05-07T11:30:41.084Z,market_close_minus_seconds_to_close,yes,side=yes,,missing_in_forward_calibration_seed,858.916,0.645637,0.645637,0.354363,64.5637,35.436299999999996,1.0,1.0,0.12557313576899998,0.12557313576899998,0.4375178526401116,60_70,True,-0.436329,61.0,160.071575,1.1012548374893791,True,78.0,True,False,True,False,True,False,True,True,True,False,False,rejected_actionable_posthoc_not_promotion_source
97129bed9c9f9caf9bfac2d8,causal_seed_from_v28_forward_calibration,logs/edge_research/v28_forward_calibration_latest.csv,758,rejected_actionable,edge_below_floor,rejected_actionable_from_posthoc_calibration_report,KXBTC15M-26MAY071145-45,2026-05-07T11:45:00Z,2026-05-07T11:35:48.104Z,market_close_minus_seconds_to_close,yes,side=yes,,missing_in_forward_calibration_seed,551.896,0.917294,0.917294,0.08270599999999995,91.7294,8.270599999999995,1.0,1.0,0.006840282435999991,0.006840282435999991,0.08632724742327288,90_95,True,1.729358,87.0,130.088995,0.3121248649308736,True,26.0,True,False,True,False,True,False,True,True,True,False,False,rejected_actionable_posthoc_not_promotion_source
115483076d4980a4f7dcd661,causal_seed_from_v28_forward_calibration,logs/edge_research/v28_forward_calibration_latest.csv,759,rejected_actionable,ask_too_high,rejected_actionable_from_posthoc_calibration_report,KXBTC15M-26MAY071145-45,2026-05-07T11:45:00Z,2026-05-07T11:37:49.059Z,market_close_minus_seconds_to_close,yes,side=yes,,missing_in_forward_calibration_seed,430.941,0.976028,0.976028,0.023971999999999993,97.6028,2.3971999999999993,1.0,1.0,0.0005746567839999997,0.0005746567839999997,0.024264004455962246,95_100,True,-0.897164,96.0,115.650189,0.13467821346109715,False,8.0,True,False,True,False,True,False,True,True,True,False,False,rejected_actionable_posthoc_not_promotion_source
fa07a205e471a01e8dd533ab,causal_seed_from_v28_forward_calibration,logs/edge_research/v28_forward_calibration_latest.csv,760,entry,approved_entry,approved_entry_from_posthoc_calibration_report,KXBTC15M-26MAY071200-00,2026-05-07T12:00:00Z,2026-05-07T11:57:45.869Z,market_close_minus_seconds_to_close,no,side=no,,missing_in_forward_calibration_seed,134.131,0.859141,0.14085899999999996,0.859141,14.085899999999995,85.9141,1.0,0.0,0.01984125788099999,0.01984125788099999,0.1518222261141922,85_90,True,5.414132,77.0,58.11616,0.08952903130635531,False,42.0,True,False,True,False,False,False,True,True,True,False,False,posthoc_calibration_report_not_forward_registry
b7f87e6706b16069b155243a,causal_seed_from_v28_forward_calibration,logs/edge_research/v28_forward_calibration_latest.csv,761,rejected_actionable,p_below_floor,rejected_actionable_from_posthoc_calibration_report,KXBTC15M-26MAY071200-00,2026-05-07T12:00:00Z,2026-05-07T11:45:41.700Z,market_close_minus_seconds_to_close,no,side=no,,missing_in_forward_calibration_seed,858.3,0.397275,0.602725,0.39727500000000004,60.272499999999994,39.727500000000006,1.0,0.0,0.36327742562499993,0.36327742562499993,0.9231265428834369,00_50,True,-3.272465,39.0,162.108249,1.1307425839238707,True,122.0,True,False,True,False,True,False,True,True,True,False,False,rejected_actionable_posthoc_not_promotion_source
a12c4925d63b7760f6e068b1,causal_seed_from_v28_forward_calibration,logs/edge_research/v28_forward_calibration_latest.csv,762,rejected_actionable,ask_too_high,rejected_actionable_from_posthoc_calibration_report,KXBTC15M-26MAY071200-00,2026-05-07T12:00:00Z,2026-05-07T11:58:16.765Z,market_close_minus_seconds_to_close,no,side=no,,missing_in_forward_calibration_seed,103.235,0.961172,0.038827999999999974,0.961172,3.8827999999999974,96.1172,1.0,0.0,0.001507613583999998,0.001507613583999998,0.039601905797966616,95_100,True,-4.382777,98.0,50.862396,0.037517389719706404,False,4.0,True,False,True,False,True,False,True,True,True,False,False,rejected_actionable_posthoc_not_promotion_source
20f31ce5f3502a557d1a6072,causal_seed_from_v28_forward_calibration,logs/edge_research/v28_forward_calibration_latest.csv,763,rejected_actionable,p_below_floor,rejected_actionable_from_posthoc_calibration_report,KXBTC15M-26MAY071200-00,2026-05-07T12:00:00Z,2026-05-07T11:45:41.700Z,market_close_minus_seconds_to_close,yes,side=yes,,missing_in_forward_calibration_seed,858.3,0.602725,0.602725,0.39727500000000004,60.272499999999994,39.727500000000006,0.0,0.0,0.36327742562499993,0.36327742562499993,0.9231265428834369,60_70,True,-5.727535,62.0,162.108249,1.1307425839238707,True,-124.0,True,False,True,False,True,False,True,True,True,False,False,rejected_actionable_posthoc_not_promotion_source
b2899897fe564097033dd422,causal_seed_from_v28_forward_calibration,logs/edge_research/v28_forward_calibration_latest.csv,764,rejected_actionable,edge_below_floor,rejected_actionable_from_posthoc_calibration_report,KXBTC15M-26MAY071200-00,2026-05-07T12:00:00Z,2026-05-07T11:54:34.572Z,market_close_minus_seconds_to_close,yes,side=yes,,missing_in_forward_calibration_seed,325.428,0.850822,0.850822,0.14917800000000003,85.0822,14.917800000000003,0.0,0.0,0.723898075684,0.723898075684,1.902615055167861,85_90,True,-4.917816,87.0,95.338581,0.23854808325204024,False,-174.0,True,False,True,False,True,False,True,True,True,False,False,rejected_actionable_posthoc_not_promotion_source
e60579ddbd71cca87e20404b,causal_seed_from_v28_forward_calibration,logs/edge_research/v28_forward_calibration_latest.csv,765,entry,approved_entry,approved_entry_from_posthoc_calibration_report,KXBTC15M-26MAY071215-15,2026-05-07T12:15:00Z,2026-05-07T12:07:12.973Z,market_close_minus_seconds_to_close,no,side=no,,missing_in_forward_calibration_seed,467.027,0.900118,0.09988200000000003,0.900118,9.988200000000003,90.0118,1.0,0.0,0.009976413924000005,0.009976413924000005,0.10522941314102575,90_95,True,3.011812,84.0,104.729677,0.25314482933670285,True,-16.0,True,False,True,False,False,False,True,True,True,False,False,posthoc_calibration_report_not_forward_registry
101c3a7d7db33e41408fbac7,causal_seed_from_v28_forward_calibration,logs/edge_research/v28_forward_calibration_latest.csv,766,entry,approved_entry,approved_entry_from_posthoc_calibration_report,KXBTC15M-26MAY071215-15,2026-05-07T12:15:00Z,2026-05-07T12:08:27.962Z,market_close_minus_seconds_to_close,no,side=no,,missing_in_forward_calibration_seed,392.038,0.850947,0.149053,0.850947,14.905299999999999,85.0947,1.0,0.0,0.022216796808999996,0.022216796808999996,0.16140543201919746,85_90,True,3.594658,78.0,96.613924,0.2624012891254945,True,2.0,True,False,True,False,False,False,True,True,True,False,False,posthoc_calibration_report_not_forward_registry
dd6bd4aed76c3728cb98ac1c,causal_seed_from_v28_forward_calibration,logs/edge_research/v28_forward_calibration_latest.csv,767,entry,approved_entry,approved_entry_from_posthoc_calibration_report,KXBTC15M-26MAY071215-15,2026-05-07T12:15:00Z,2026-05-07T12:08:58.524Z,market_close_minus_seconds_to_close,no,side=no,,missing_in_forward_calibration_seed,361.476,0.855912,0.144088,0.855912,14.4088,85.5912,1.0,0.0,0.020761351743999998,0.020761351743999998,0.1555877118633792,85_90,True,2.091248,80.0,92.773838,0.23793016778534123,False,-8.0,True,False,True,False,False,False,True,True,True,False,False,posthoc_calibration_report_not_forward_registry
57af831ffde76da3cb0dc56d,causal_seed_from_v28_forward_calibration,logs/edge_research/v28_forward_calibration_latest.csv,768,rejected_actionable,p_below_floor,rejected_actionable_from_posthoc_calibration_report,KXBTC15M-26MAY071215-15,2026-05-07T12:15:00Z,2026-05-07T12:00:35.777Z,market_close_minus_seconds_to_close,no,side=no,,missing_in_forward_calibration_seed,864.223,0.490603,0.509397,0.490603,50.9397,49.0603,1.0,0.0,0.25948530360899996,0.25948530360899996,0.7121200322151725,00_50,True,-8.939653,54.0,145.584796,1.3970411813517332,True,92.0,True,False,True,False,True,False,True,True,True,False,False,rejected_actionable_posthoc_not_promotion_source
a5f78472310463c55d9297e2,causal_seed_from_v28_forward_calibration,logs/edge_research/v28_forward_calibration_latest.csv,769,rejected_actionable,edge_below_floor,rejected_actionable_from_posthoc_calibration_report,KXBTC15M-26MAY071215-15,2026-05-07T12:15:00Z,2026-05-07T12:07:12.958Z,market_close_minus_seconds_to_close,no,side=no,,missing_in_forward_calibration_seed,467.042,0.884638,0.11536199999999996,0.884638,11.536199999999997,88.4638,1.0,0.0,0.013308391043999992,0.013308391043999992,0.12257675720172562,85_90,True,1.463788,84.0,104.741516,0.2725897366516618,True,32.0,True,False,True,False,True,False,True,True,True,False,False,rejected_actionable_posthoc_not_promotion_source
e32f3888127fce15e705925a,causal_seed_from_v28_forward_calibration,logs/edge_research/v28_forward_calibration_latest.csv,770,rejected_actionable,ask_too_high,rejected_actionable_from_posthoc_calibration_report,KXBTC15M-26MAY071215-15,2026-05-07T12:15:00Z,2026-05-07T12:11:22.026Z,market_close_minus_seconds_to_close,no,side=no,,missing_in_forward_calibration_seed,217.974,0.890199,0.10980100000000004,0.890199,10.980100000000004,89.01989999999999,1.0,0.0,0.012056259601000008,0.012056259601000008,0.11631024574408307,85_90,True,-5.980122,92.0,74.607392,0.13025019749583877,False,16.0,True,False,True,False,True,False,True,True,True,False,False,rejected_actionable_posthoc_not_promotion_source
17ce2d5990e2e3b812878d09,causal_seed_from_v28_forward_calibration,logs/edge_research/v28_forward_calibration_latest.csv,771,rejected_actionable,p_below_floor,rejected_actionable_from_posthoc_calibration_report,KXBTC15M-26MAY071215-15,2026-05-07T12:15:00Z,2026-05-07T12:00:35.777Z,market_close_minus_seconds_to_close,yes,side=yes,,missing_in_forward_calibration_seed,864.223,0.509397,0.509397,0.490603,50.9397,49.0603,0.0,0.0,0.25948530360899996,0.25948530360899996,0.7121200322151725,50_60,True,-0.060347,47.0,145.584796,1.3970411813517332,True,-94.0,True,False,True,False,True,False,True,True,True,False,False,rejected_actionable_posthoc_not_promotion_source
6f049e4510cb899e6650daa2,causal_seed_from_v28_forward_calibration,logs/edge_research/v28_forward_calibration_latest.csv,772,entry,approved_entry,approved_entry_from_posthoc_calibration_report,KXBTC15M-26MAY071230-30,2026-05-07T12:30:00Z,2026-05-07T12:23:06.052Z,market_close_minus_seconds_to_close,yes,side=yes,,missing_in_forward_calibration_seed,413.948,0.852419,0.852419,0.14758099999999996,85.2419,14.758099999999995,1.0,1.0,0.021780151560999987,0.021780151560999987,0.15967708900140076,85_90,True,4.741888,77.0,105.469732,0.2960374313658712,True,-10.0,True,False,True,False,False,False,True,True,True,False,False,posthoc_calibration_report_not_forward_registry
58acea8722020c5730d54a4c,causal_seed_from_v28_forward_calibration,logs/edge_research/v28_forward_calibration_latest.csv,773,entry,approved_entry,approved_entry_from_posthoc_calibration_report,KXBTC15M-26MAY071230-30,2026-05-07T12:30:00Z,2026-05-07T12:23:59.929Z,market_close_minus_seconds_to_close,yes,side=yes,,missing_in_forward_calibration_seed,360.071,0.897482,0.897482,0.102518,89.7482,10.2518,1.0,1.0,0.010509940324,0.010509940324,0.10816221453112797,85_90,True,2.748165,84.0,98.380344,0.21651944452366917,False,-38.0,True,False,True,False,False,False,True,True,True,False,False,posthoc_calibration_report_not_forward_registry
4e00480087e9858f0a2c2fd6,causal_seed_from_v28_forward_calibration,logs/edge_research/v28_forward_calibration_latest.csv,774,entry,approved_entry,approved_entry_from_posthoc_calibration_report,KXBTC15M-26MAY071230-30,2026-05-07T12:30:00Z,2026-05-07T12:24:52.810Z,market_close_minus_seconds_to_close,yes,side=yes,,missing_in_forward_calibration_seed,307.19,0.857001,0.857001,0.142999,85.7001,14.2999,1.0,1.0,0.020448714000999995,0.020448714000999995,0.1543161935238945,85_90,True,2.200119,80.0,90.905057,0.2169488405391984,False,40.0,True,False,True,False,False,False,True,True,True,False,False,posthoc_calibration_report_not_forward_registry
3a591a02866bae534aa2f434,causal_seed_from_v28_forward_calibration,logs/edge_research/v28_forward_calibration_latest.csv,775,rejected_actionable,p_below_floor,rejected_actionable_from_posthoc_calibration_report,KXBTC15M-26MAY071230-30,2026-05-07T12:30:00Z,2026-05-07T12:15:16.497Z,market_close_minus_seconds_to_close,no,side=no,,missing_in_forward_calibration_seed,883.503,0.595931,0.404069,0.595931,40.4069,59.5931,0.0,1.0,0.355133756761,0.355133756761,0.9061696235250858,50_60,True,-6.406917,62.0,149.468218,1.1378375301407189,True,-124.0,True,False,True,False,True,False,True,True,True,False,False,rejected_actionable_posthoc_not_promotion_source
6c492064aeca8dd7a0ce888c,causal_seed_from_v28_forward_calibration,logs/edge_research/v28_forward_calibration_latest.csv,776,rejected_actionable,p_below_floor,rejected_actionable_from_posthoc_calibration_report,KXBTC15M-26MAY071230-30,2026-05-07T12:30:00Z,2026-05-07T12:15:16.497Z,market_close_minus_seconds_to_close,yes,side=yes,,missing_in_forward_calibration_seed,883.503,0.404069,0.404069,0.595931,40.4069,59.5931,1.0,1.0,0.355133756761,0.355133756761,0.9061696235250858,00_50,True,-2.593083,39.0,149.468218,1.1378375301407189,True,122.0,True,False,True,False,True,False,True,True,True,False,False,rejected_actionable_posthoc_not_promotion_source
10909521d67c39f53670ec23,causal_seed_from_v28_forward_calibration,logs/edge_research/v28_forward_calibration_latest.csv,777,rejected_actionable,edge_below_floor,rejected_actionable_from_posthoc_calibration_report,KXBTC15M-26MAY071230-30,2026-05-07T12:30:00Z,2026-05-07T12:23:56.222Z,market_close_minus_seconds_to_close,yes,side=yes,,missing_in_forward_calibration_seed,363.778,0.857838,0.857838,0.142162,85.7838,14.2162,1.0,1.0,0.020210034244000002,0.020210034244000002,0.1533400085100625,85_90,True,1.283829,81.0,98.867643,0.2542176076585173,True,38.0,True,False,True,False,True,False,True,True,True,False,False,rejected_actionable_posthoc_not_promotion_source
b1bf105ed940ad3f25befb1d,causal_seed_from_v28_forward_calibration,logs/edge_research/v28_forward_calibration_latest.csv,778,rejected_actionable,p_below_floor,rejected_actionable_from_posthoc_calibration_report,KXBTC15M-26MAY071245-45,2026-05-07T12:45:00Z,2026-05-07T12:30:15.640Z,market_close_minus_seconds_to_close,no,side=no,,missing_in_forward_calibration_seed,884.36,0.440021,0.559979,0.440021,55.9979,44.0021,1.0,0.0,0.313576480441,0.313576480441,0.820932825936013,00_50,True,-5.997878,46.0,152.310263,1.2558351836470223,True,108.0,True,False,True,False,True,False,True,True,True,False,False,rejected_actionable_posthoc_not_promotion_source
e5d87759edbece0fdfc1b391,causal_seed_from_v28_forward_calibration,logs/edge_research/v28_forward_calibration_latest.csv,779,rejected_actionable,edge_below_floor,rejected_actionable_from_posthoc_calibration_report,KXBTC15M-26MAY071245-45,2026-05-07T12:45:00Z,2026-05-07T12:35:20.968Z,market_close_minus_seconds_to_close,no,side=no,,missing_in_forward_calibration_seed,579.032,0.853317,0.146683,0.853317,14.6683,85.3317,1.0,0.0,0.021515902489000004,0.021515902489000004,0.1586241709848227,85_90,True,-1.668345,84.0,120.592857,0.40146591550318317,True,32.0,True,False,True,False,True,False,True,True,True,False,False,rejected_actionable_posthoc_not_promotion_source
bd2ecff610f3c679445db2d7,causal_seed_from_v28_forward_calibration,logs/edge_research/v28_forward_calibration_latest.csv,780,rejected_actionable,ask_too_high,rejected_actionable_from_posthoc_calibration_report,KXBTC15M-26MAY071245-45,2026-05-07T12:45:00Z,2026-05-07T12:35:41.033Z,market_close_minus_seconds_to_close,no,side=no,,missing_in_forward_calibration_seed,558.967,0.921072,0.078928,0.921072,7.892799999999999,92.1072,1.0,0.0,0.006229629184,0.006229629184,0.08221706988664082,90_95,True,-1.892814,91.0,118.429812,0.2783973504463395,True,18.0,True,False,True,False,True,False,True,True,True,False,False,rejected_actionable_posthoc_not_promotion_source
0bc2eb36a1f370a714e7bada,causal_seed_from_v28_forward_calibration,logs/edge_research/v28_forward_calibration_latest.csv,781,rejected_actionable,p_below_floor,rejected_actionable_from_posthoc_calibration_report,KXBTC15M-26MAY071245-45,2026-05-07T12:45:00Z,2026-05-07T12:30:15.640Z,market_close_minus_seconds_to_close,yes,side=yes,,missing_in_forward_calibration_seed,884.36,0.559979,0.559979,0.440021,55.9979,44.0021,0.0,0.0,0.313576480441,0.313576480441,0.820932825936013,50_60,True,-3.002122,55.0,152.310263,1.2558351836470223,True,-110.0,True,False,True,False,True,False,True,True,True,False,False,rejected_actionable_posthoc_not_promotion_source
2f62373d1228a7e360379b91,causal_seed_from_v28_forward_calibration,logs/edge_research/v28_forward_calibration_latest.csv,782,rejected_actionable,p_below_floor,rejected_actionable_from_posthoc_calibration_report,KXBTC15M-26MAY071300-00,2026-05-07T13:00:00Z,2026-05-07T12:45:57.485Z,market_close_minus_seconds_to_close,no,side=no,,missing_in_forward_calibration_seed,842.515,0.36396,0.6360399999999999,0.36396000000000006,63.60399999999999,36.39600000000001,1.0,0.0,0.4045468815999999,0.4045468815999999,1.010711307493647,00_50,True,-9.604038,42.0,139.613439,1.0115447512048406,True,116.0,True,False,True,False,True,False,True,True,True,False,False,rejected_actionable_posthoc_not_promotion_source
b1b30da5de88d66413cf8f1d,causal_seed_from_v28_forward_calibration,logs/edge_research/v28_forward_calibration_latest.csv,783,rejected_actionable,ask_too_high,rejected_actionable_from_posthoc_calibration_report,KXBTC15M-26MAY071300-00,2026-05-07T13:00:00Z,2026-05-07T12:57:22.446Z,market_close_minus_seconds_to_close,no,side=no,,missing_in_forward_calibration_seed,157.554,0.835792,0.16420800000000002,0.835792,16.420800000000003,83.5792,1.0,0.0,0.026964267264000006,0.026964267264000006,0.1793755006819939,80_85,True,-10.420842,91.0,55.322882,0.10199323035218318,False,18.0,True,False,True,False,True,False,True,True,True,False,False,rejected_actionable_posthoc_not_promotion_source
b7ce37bd83385bdaac51a1ec,causal_seed_from_v28_forward_calibration,logs/edge_research/v28_forward_calibration_latest.csv,784,rejected_actionable,edge_below_floor,rejected_actionable_from_posthoc_calibration_report,KXBTC15M-26MAY071300-00,2026-05-07T13:00:00Z,2026-05-07T12:57:26.436Z,market_close_minus_seconds_to_close,no,side=no,,missing_in_forward_calibration_seed,153.564,0.938084,0.06191599999999997,0.938084,6.1915999999999976,93.8084,1.0,0.0,0.003833591055999996,0.003833591055999996,0.06391578174666875,90_95,True,0.808406,90.0,54.600699,0.062061455094442414,False,20.0,True,False,True,False,True,False,True,True,True,False,False,rejected_actionable_posthoc_not_promotion_source
1a551bdeab3bd2a9965e9279,causal_seed_from_v28_forward_calibration,logs/edge_research/v28_forward_calibration_latest.csv,785,rejected_actionable,p_below_floor,rejected_actionable_from_posthoc_calibration_report,KXBTC15M-26MAY071300-00,2026-05-07T13:00:00Z,2026-05-07T12:45:57.485Z,market_close_minus_seconds_to_close,yes,side=yes,,missing_in_forward_calibration_seed,842.515,0.63604,0.63604,0.36395999999999995,63.604000000000006,36.395999999999994,0.0,0.0,0.4045468816000001,0.4045468816000001,1.0107113074936471,60_70,True,0.604038,59.0,139.613439,1.0115447512048406,True,-118.0,True,False,True,False,True,False,True,True,True,False,False,rejected_actionable_posthoc_not_promotion_source
c04e716ca89965333ba51044,causal_seed_from_v28_forward_calibration,logs/edge_research/v28_forward_calibration_latest.csv,786,entry,approved_entry,approved_entry_from_posthoc_calibration_report,KXBTC15M-26MAY071315-15,2026-05-07T13:15:00Z,2026-05-07T13:06:27.265Z,market_close_minus_seconds_to_close,yes,side=yes,,missing_in_forward_calibration_seed,512.735,0.860278,0.860278,0.139722,86.0278,13.9722,1.0,1.0,0.019522237284000002,0.019522237284000002,0.15049968615653406,85_90,True,2.527813,80.0,98.287745,0.29994875175637187,True,-6.0,True,False,True,False,False,False,True,True,True,False,False,posthoc_calibration_report_not_forward_registry
f7587d42cfaf7ded8f8be6ee,causal_seed_from_v28_forward_calibration,logs/edge_research/v28_forward_calibration_latest.csv,787,entry,approved_entry,approved_entry_from_posthoc_calibration_report,KXBTC15M-26MAY071315-15,2026-05-07T13:15:00Z,2026-05-07T13:10:51.228Z,market_close_minus_seconds_to_close,yes,side=yes,,missing_in_forward_calibration_seed,248.772,0.865868,0.865868,0.13413200000000003,86.5868,13.413200000000003,1.0,1.0,0.017991393424000007,0.017991393424000007,0.1440228069798273,85_90,True,2.086807,81.0,69.364502,0.14544955952771735,False,-14.0,True,False,True,False,False,False,True,True,True,False,False,posthoc_calibration_report_not_forward_registry
4a17de2adb0b3cabdf570f52,causal_seed_from_v28_forward_calibration,logs/edge_research/v28_forward_calibration_latest.csv,788,entry,approved_entry,approved_entry_from_posthoc_calibration_report,KXBTC15M-26MAY071315-15,2026-05-07T13:15:00Z,2026-05-07T13:11:28.419Z,market_close_minus_seconds_to_close,yes,side=yes,,missing_in_forward_calibration_seed,211.581,0.850827,0.850827,0.149173,85.0827,14.917300000000001,1.0,1.0,0.022252583929,0.022252583929,0.1615464613217945,85_90,True,3.582713,78.0,63.905954,0.13242642354050885,False,32.0,True,False,True,False,False,False,True,True,True,False,False,posthoc_calibration_report_not_forward_registry
3eddba9b3c28cd47810c8fce,causal_seed_from_v28_forward_calibration,logs/edge_research/v28_forward_calibration_latest.csv,789,rejected_actionable,p_below_floor,rejected_actionable_from_posthoc_calibration_report,KXBTC15M-26MAY071315-15,2026-05-07T13:15:00Z,2026-05-07T13:00:41.151Z,market_close_minus_seconds_to_close,no,side=no,,missing_in_forward_calibration_seed,858.849,0.466558,0.533442,0.46655800000000003,53.3442,46.6558,0.0,1.0,0.21767636736399998,0.21767636736400003,0.6284049301765864,00_50,True,-7.344206,50.0,129.828753,1.2152323464731665,True,-100.0,True,False,True,False,True,False,True,True,True,False,False,rejected_actionable_posthoc_not_promotion_source
6e82a650469d738e1b4ea1fe,causal_seed_from_v28_forward_calibration,logs/edge_research/v28_forward_calibration_latest.csv,790,rejected_actionable,p_below_floor,rejected_actionable_from_posthoc_calibration_report,KXBTC15M-26MAY071315-15,2026-05-07T13:15:00Z,2026-05-07T13:00:41.151Z,market_close_minus_seconds_to_close,yes,side=yes,,missing_in_forward_calibration_seed,858.849,0.533442,0.533442,0.46655800000000003,53.3442,46.6558,1.0,1.0,0.21767636736400003,0.21767636736400003,0.6284049301765864,50_60,True,-1.655794,51.0,129.828753,1.2152323464731665,True,98.0,True,False,True,False,True,False,True,True,True,False,False,rejected_actionable_posthoc_not_promotion_source
ae81d14dfb0b916af8f93892,causal_seed_from_v28_forward_calibration,logs/edge_research/v28_forward_calibration_latest.csv,791,rejected_actionable,edge_below_floor,rejected_actionable_from_posthoc_calibration_report,KXBTC15M-26MAY071315-15,2026-05-07T13:15:00Z,2026-05-07T13:06:27.151Z,market_close_minus_seconds_to_close,yes,side=yes,,missing_in_forward_calibration_seed,512.849,0.850666,0.850666,0.14933399999999997,85.06660000000001,14.933399999999997,1.0,1.0,0.02230064355599999,0.02230064355599999,0.16173570688493286,85_90,True,1.56663,80.0,98.29383,0.312462260944826,True,40.0,True,False,True,False,True,False,True,True,True,False,False,rejected_actionable_posthoc_not_promotion_source
2228727324e4f12fb4898874,causal_seed_from_v28_forward_calibration,logs/edge_research/v28_forward_calibration_latest.csv,792,rejected_actionable,ask_too_high,rejected_actionable_from_posthoc_calibration_report,KXBTC15M-26MAY071315-15,2026-05-07T13:15:00Z,2026-05-07T13:08:27.377Z,market_close_minus_seconds_to_close,yes,side=yes,,missing_in_forward_calibration_seed,392.623,0.955633,0.955633,0.044367000000000045,95.5633,4.4367000000000045,1.0,1.0,0.001968430689000004,0.001968430689000004,0.04538133084922056,95_100,True,0.063253,93.0,86.578369,0.13412720585290233,False,14.0,True,False,True,False,True,False,True,True,True,False,False,rejected_actionable_posthoc_not_promotion_source
35e046da5c9a82aef93125db,causal_seed_from_v28_forward_calibration,logs/edge_research/v28_forward_calibration_latest.csv,793,rejected_actionable,p_below_floor,rejected_actionable_from_posthoc_calibration_report,KXBTC15M-26MAY071330-30,2026-05-07T13:30:00Z,2026-05-07T13:15:30.491Z,market_close_minus_seconds_to_close,no,side=no,,missing_in_forward_calibration_seed,869.509,0.576763,0.423237,0.576763,42.323699999999995,57.676300000000005,1.0,0.0,0.17912955816899997,0.17912955816899997,0.5503238420869362,50_60,True,-6.323718,60.0,127.15804,1.046954524533837,True,80.0,True,False,True,False,True,False,True,True,True,False,False,rejected_actionable_posthoc_not_promotion_source
541773747b03252848d3cc39,causal_seed_from_v28_forward_calibration,logs/edge_research/v28_forward_calibration_latest.csv,794,rejected_actionable,edge_below_floor,rejected_actionable_from_posthoc_calibration_report,KXBTC15M-26MAY071330-30,2026-05-07T13:30:00Z,2026-05-07T13:18:30.261Z,market_close_minus_seconds_to_close,no,side=no,,missing_in_forward_calibration_seed,689.739,0.86478,0.13522,0.86478,13.522,86.478,1.0,0.0,0.0182844484,0.0182844484,0.14528013965907066,85_90,True,0.977966,82.0,113.164017,0.3916942606398878,True,18.0,True,False,True,False,True,False,True,True,True,False,False,rejected_actionable_posthoc_not_promotion_source
3ee074e2abfdc49e894b6b8f,causal_seed_from_v28_forward_calibration,logs/edge_research/v28_forward_calibration_latest.csv,795,rejected_actionable,ask_too_high,rejected_actionable_from_posthoc_calibration_report,KXBTC15M-26MAY071330-30,2026-05-07T13:30:00Z,2026-05-07T13:18:57.437Z,market_close_minus_seconds_to_close,no,side=no,,missing_in_forward_calibration_seed,662.563,0.921226,0.07877400000000001,0.921226,7.8774000000000015,92.1226,1.0,0.0,0.006205343076000002,0.006205343076000002,0.08204988737831842,90_95,True,-2.877394,92.0,110.872728,0.28561578085874045,True,16.0,True,False,True,False,True,False,True,True,True,False,False,rejected_actionable_posthoc_not_promotion_source
6843b11abf7c9c1a16edd76c,causal_seed_from_v28_forward_calibration,logs/edge_research/v28_forward_calibration_latest.csv,796,rejected_actionable,p_below_floor,rejected_actionable_from_posthoc_calibration_report,KXBTC15M-26MAY071330-30,2026-05-07T13:30:00Z,2026-05-07T13:15:30.491Z,market_close_minus_seconds_to_close,yes,side=yes,,missing_in_forward_calibration_seed,869.509,0.423237,0.423237,0.576763,42.323699999999995,57.676300000000005,0.0,0.0,0.17912955816899997,0.17912955816899997,0.5503238420869362,00_50,True,-2.676282,41.0,127.15804,1.046954524533837,True,-82.0,True,False,True,False,True,False,True,True,True,False,False,rejected_actionable_posthoc_not_promotion_source
