2026-05-08 16:25:57,151 | INFO | Starting WS bot. run_id=d477ba43-4784-4407-80f2-39da0bb3c61c dry_run=False base_url=https://api.elections.kalshi.com/trade-api/v2 ws_url=wss://api.elections.kalshi.com/trade-api/ws/v2 series=KXBTC15M
2026-05-08 16:25:57,984 | INFO | Watching market KXBTC15M-26MAY081630-30 close_time=2026-05-08T20:30:00Z status=active strike=80220.90 run_id=d477ba43-4784-4407-80f2-39da0bb3c61c
2026-05-08 16:25:57,993 | INFO | Heartbeat | watch=KXBTC15M-26MAY081630-30 yes_bid=None yes_ask=None no_bid=None no_ask=None book_ready=False position=False pending=False dry_run=False trust=cold run_id=d477ba43-4784-4407-80f2-39da0bb3c61c
2026-05-08 16:25:58,141 | INFO | WS connected for KXBTC15M-26MAY081630-30
2026-05-08 16:25:58,168 | INFO | Mushroom v28 BTC tick stream connected | source=coinbase url=wss://ws-feed.exchange.coinbase.com
2026-05-08 16:25:58,172 | INFO | WS subscribed payload: {'type': 'subscribed', 'id': 1, 'msg': {'channel': 'ticker', 'sid': 1}}
2026-05-08 16:25:58,172 | INFO | WS subscribed payload: {'type': 'subscribed', 'id': 1, 'msg': {'channel': 'orderbook_delta', 'sid': 2}}
2026-05-08 16:25:58,173 | INFO | Orderbook snapshot ready for KXBTC15M-26MAY081630-30
2026-05-08 16:26:12,992 | INFO | Heartbeat | watch=KXBTC15M-26MAY081630-30 yes_bid=89 yes_ask=90 no_bid=10 no_ask=11 book_ready=True position=False pending=False dry_run=False trust=synced run_id=d477ba43-4784-4407-80f2-39da0bb3c61c
2026-05-08 16:26:27,993 | INFO | Heartbeat | watch=KXBTC15M-26MAY081630-30 yes_bid=90 yes_ask=91 no_bid=9 no_ask=10 book_ready=True position=False pending=False dry_run=False trust=synced run_id=d477ba43-4784-4407-80f2-39da0bb3c61c
2026-05-08 16:26:39,330 | INFO | Mushroom v28 entry approved | market=KXBTC15M-26MAY081630-30 side=no ask=5c max_buy=15c qty=2 p_side=0.1922 edge=13.724c depth=265 btc_age_ms=0.0 secs_to_close=200.67
2026-05-08 16:26:39,338 | INFO | Execution state | market=KXBTC15M-26MAY081630-30 side=no state=eligible reason=pre_filters_disabled trust=synced run_id=d477ba43-4784-4407-80f2-39da0bb3c61c
2026-05-08 16:26:39,339 | INFO | Live fill policy approved | market=KXBTC15M-26MAY081630-30 side=no trigger=5c tif=immediate_or_cancel limit=5c depth=265.00 required=3 book_age_ms=156.0 secs_to_close=200.67 reason=single_shot_abundant_depth
2026-05-08 16:26:39,339 | INFO | ENTRY signal | market=KXBTC15M-26MAY081630-30 action=buy side=no trigger=5c limit=5c qty=2 book_ready=True
2026-05-08 16:26:39,341 | INFO | Execution state | market=KXBTC15M-26MAY081630-30 side=no state=submitting reason=single_shot_abundant_depth trust=synced run_id=d477ba43-4784-4407-80f2-39da0bb3c61c
2026-05-08 16:26:39,387 | INFO | Execution state | market=KXBTC15M-26MAY081630-30 side=no state=abandoned reason=zero_fill trust=synced run_id=d477ba43-4784-4407-80f2-39da0bb3c61c
2026-05-08 16:26:41,427 | INFO | Mushroom v28 entry approved | market=KXBTC15M-26MAY081630-30 side=no ask=5c max_buy=14c qty=2 p_side=0.1818 edge=12.685c depth=375.33 btc_age_ms=32.0 secs_to_close=198.57
2026-05-08 16:26:41,437 | INFO | Execution state | market=KXBTC15M-26MAY081630-30 side=no state=eligible reason=pre_filters_disabled trust=synced run_id=d477ba43-4784-4407-80f2-39da0bb3c61c
2026-05-08 16:26:41,437 | INFO | Live fill policy approved | market=KXBTC15M-26MAY081630-30 side=no trigger=5c tif=immediate_or_cancel limit=5c depth=375.33 required=3 book_age_ms=266.0 secs_to_close=198.57 reason=single_shot_abundant_depth
2026-05-08 16:26:41,438 | INFO | ENTRY signal | market=KXBTC15M-26MAY081630-30 action=buy side=no trigger=5c limit=5c qty=2 book_ready=True
2026-05-08 16:26:41,438 | INFO | Execution state | market=KXBTC15M-26MAY081630-30 side=no state=submitting reason=single_shot_abundant_depth trust=synced run_id=d477ba43-4784-4407-80f2-39da0bb3c61c
2026-05-08 16:26:41,500 | INFO | Execution state | market=KXBTC15M-26MAY081630-30 side=no state=abandoned reason=zero_fill trust=synced run_id=d477ba43-4784-4407-80f2-39da0bb3c61c
2026-05-08 16:26:43,027 | INFO | Heartbeat | watch=KXBTC15M-26MAY081630-30 yes_bid=96 yes_ask=96 no_bid=4 no_ask=4 book_ready=True position=False pending=False dry_run=False trust=synced run_id=d477ba43-4784-4407-80f2-39da0bb3c61c
2026-05-08 16:26:43,501 | INFO | Mushroom v28 entry approved | market=KXBTC15M-26MAY081630-30 side=no ask=3c max_buy=12c qty=2 p_side=0.1622 edge=12.722c depth=43.4 btc_age_ms=797.0 secs_to_close=196.50
2026-05-08 16:26:43,511 | INFO | Execution state | market=KXBTC15M-26MAY081630-30 side=no state=eligible reason=pre_filters_disabled trust=synced run_id=d477ba43-4784-4407-80f2-39da0bb3c61c
2026-05-08 16:26:43,512 | INFO | Live fill policy approved | market=KXBTC15M-26MAY081630-30 side=no trigger=3c tif=immediate_or_cancel limit=3c depth=43.40 required=3 book_age_ms=328.0 secs_to_close=196.50 reason=single_shot_abundant_depth
2026-05-08 16:26:43,513 | INFO | ENTRY signal | market=KXBTC15M-26MAY081630-30 action=buy side=no trigger=3c limit=3c qty=2 book_ready=True
2026-05-08 16:26:43,513 | INFO | Execution state | market=KXBTC15M-26MAY081630-30 side=no state=submitting reason=single_shot_abundant_depth trust=synced run_id=d477ba43-4784-4407-80f2-39da0bb3c61c
2026-05-08 16:26:43,553 | INFO | Execution state | market=KXBTC15M-26MAY081630-30 side=no state=abandoned reason=zero_fill trust=synced run_id=d477ba43-4784-4407-80f2-39da0bb3c61c
2026-05-08 16:26:45,565 | INFO | Mushroom v28 entry approved | market=KXBTC15M-26MAY081630-30 side=no ask=3c max_buy=12c qty=2 p_side=0.1616 edge=12.661c depth=230 btc_age_ms=328.0 secs_to_close=194.44
2026-05-08 16:26:45,580 | INFO | Execution state | market=KXBTC15M-26MAY081630-30 side=no state=eligible reason=pre_filters_disabled trust=synced run_id=d477ba43-4784-4407-80f2-39da0bb3c61c
2026-05-08 16:26:45,581 | INFO | Live fill policy approved | market=KXBTC15M-26MAY081630-30 side=no trigger=3c tif=immediate_or_cancel limit=3c depth=230.00 required=3 book_age_ms=391.0 secs_to_close=194.44 reason=single_shot_abundant_depth
2026-05-08 16:26:45,581 | INFO | ENTRY signal | market=KXBTC15M-26MAY081630-30 action=buy side=no trigger=3c limit=3c qty=2 book_ready=True
2026-05-08 16:26:45,582 | INFO | Execution state | market=KXBTC15M-26MAY081630-30 side=no state=submitting reason=single_shot_abundant_depth trust=synced run_id=d477ba43-4784-4407-80f2-39da0bb3c61c
2026-05-08 16:26:45,623 | INFO | Execution state | market=KXBTC15M-26MAY081630-30 side=no state=abandoned reason=zero_fill trust=synced run_id=d477ba43-4784-4407-80f2-39da0bb3c61c
2026-05-08 16:26:47,636 | INFO | Mushroom v28 entry approved | market=KXBTC15M-26MAY081630-30 side=no ask=4c max_buy=12c qty=2 p_side=0.1564 edge=11.144c depth=954.8 btc_age_ms=578.0 secs_to_close=192.36
2026-05-08 16:26:47,653 | INFO | Execution state | market=KXBTC15M-26MAY081630-30 side=no state=eligible reason=pre_filters_disabled trust=synced run_id=d477ba43-4784-4407-80f2-39da0bb3c61c
2026-05-08 16:26:47,653 | INFO | Live fill policy approved | market=KXBTC15M-26MAY081630-30 side=no trigger=4c tif=immediate_or_cancel limit=4c depth=954.80 required=3 book_age_ms=453.0 secs_to_close=192.36 reason=single_shot_abundant_depth
2026-05-08 16:26:47,655 | INFO | ENTRY signal | market=KXBTC15M-26MAY081630-30 action=buy side=no trigger=4c limit=4c qty=2 book_ready=True
2026-05-08 16:26:47,655 | INFO | Execution state | market=KXBTC15M-26MAY081630-30 side=no state=submitting reason=single_shot_abundant_depth trust=synced run_id=d477ba43-4784-4407-80f2-39da0bb3c61c
2026-05-08 16:26:47,698 | INFO | ENTRY immediate fill | market=KXBTC15M-26MAY081630-30 side=no qty=2 limit=4c
2026-05-08 16:26:47,699 | INFO | Execution state | market=KXBTC15M-26MAY081630-30 side=no state=filled reason=single_shot_abundant_depth trust=synced run_id=d477ba43-4784-4407-80f2-39da0bb3c61c
2026-05-08 16:26:58,072 | INFO | Heartbeat | watch=KXBTC15M-26MAY081630-30 yes_bid=97 yes_ask=98 no_bid=2 no_ask=3 book_ready=True position=True pending=False dry_run=False trust=synced run_id=d477ba43-4784-4407-80f2-39da0bb3c61c
2026-05-08 16:27:13,098 | INFO | Heartbeat | watch=KXBTC15M-26MAY081630-30 yes_bid=99 yes_ask=99 no_bid=1 no_ask=1 book_ready=True position=True pending=False dry_run=False trust=synced run_id=d477ba43-4784-4407-80f2-39da0bb3c61c
2026-05-08 16:27:18,397 | INFO | EXIT signal | market=KXBTC15M-26MAY081630-30 action=sell side=no trigger=1c limit=1c qty=2 book_ready=True mode=single_shot_ioc slices=1 attempt=0
2026-05-08 16:27:18,406 | INFO | Latency | purpose=exit feed_age_ms=265.2 local_reaction_ms=234.0 trigger_seen_at=2026-05-08T20:27:18.406603+00:00 market_msg_time=2026-05-08T20:27:18.141353Z
2026-05-08 16:27:18,407 | INFO | Exit plan approved | market=KXBTC15M-26MAY081630-30 side=no trigger=1c limit=1c top_bid=1 depth=13.00 required=2 book_age_ms=47.0 secs_to_close=161.83 reason=mushroom_v28_probability_collapse_full_single_shot_visible_depth mode=single_shot_ioc attempt=0
2026-05-08 16:27:18,452 | INFO | EXIT fill | market=KXBTC15M-26MAY081630-30 side=no slice=1/1 qty=2 cumulative=2/2 remaining=0
2026-05-08 16:27:28,117 | INFO | Heartbeat | watch=KXBTC15M-26MAY081630-30 yes_bid=98 yes_ask=98 no_bid=2 no_ask=2 book_ready=True position=False pending=False dry_run=False trust=synced run_id=d477ba43-4784-4407-80f2-39da0bb3c61c
2026-05-08 16:27:31,295 | INFO | Mushroom v28 entry approved | market=KXBTC15M-26MAY081630-30 side=no ask=3c max_buy=9c qty=2 p_side=0.1263 edge=9.132c depth=1000.27 btc_age_ms=16.0 secs_to_close=148.71
2026-05-08 16:27:31,317 | INFO | Execution state | market=KXBTC15M-26MAY081630-30 side=no state=eligible reason=pre_filters_disabled trust=synced run_id=d477ba43-4784-4407-80f2-39da0bb3c61c
2026-05-08 16:27:31,318 | INFO | Live fill policy approved | market=KXBTC15M-26MAY081630-30 side=no trigger=3c tif=immediate_or_cancel limit=3c depth=1000.27 required=3 book_age_ms=125.0 secs_to_close=148.71 reason=single_shot_abundant_depth
2026-05-08 16:27:31,319 | INFO | ENTRY signal | market=KXBTC15M-26MAY081630-30 action=buy side=no trigger=3c limit=3c qty=2 book_ready=True
2026-05-08 16:27:31,321 | INFO | Execution state | market=KXBTC15M-26MAY081630-30 side=no state=submitting reason=single_shot_abundant_depth trust=synced run_id=d477ba43-4784-4407-80f2-39da0bb3c61c
2026-05-08 16:27:31,366 | INFO | Execution state | market=KXBTC15M-26MAY081630-30 side=no state=abandoned reason=zero_fill trust=synced run_id=d477ba43-4784-4407-80f2-39da0bb3c61c
2026-05-08 16:27:43,137 | INFO | Heartbeat | watch=KXBTC15M-26MAY081630-30 yes_bid=96 yes_ask=96 no_bid=4 no_ask=4 book_ready=True position=False pending=False dry_run=False trust=synced run_id=d477ba43-4784-4407-80f2-39da0bb3c61c
2026-05-08 16:27:52,876 | INFO | Mushroom v28 entry approved | market=KXBTC15M-26MAY081630-30 side=no ask=4c max_buy=15c qty=2 p_side=0.1902 edge=14.523c depth=88.6 btc_age_ms=94.0 secs_to_close=127.13
2026-05-08 16:27:52,885 | INFO | Execution state | market=KXBTC15M-26MAY081630-30 side=no state=eligible reason=pre_filters_disabled trust=synced run_id=d477ba43-4784-4407-80f2-39da0bb3c61c
2026-05-08 16:27:52,886 | INFO | Live fill policy approved | market=KXBTC15M-26MAY081630-30 side=no trigger=4c tif=immediate_or_cancel limit=4c depth=88.60 required=3 book_age_ms=703.0 secs_to_close=127.13 reason=single_shot_abundant_depth
2026-05-08 16:27:52,887 | INFO | ENTRY signal | market=KXBTC15M-26MAY081630-30 action=buy side=no trigger=4c limit=4c qty=2 book_ready=True
2026-05-08 16:27:52,887 | INFO | Execution state | market=KXBTC15M-26MAY081630-30 side=no state=submitting reason=single_shot_abundant_depth trust=synced run_id=d477ba43-4784-4407-80f2-39da0bb3c61c
2026-05-08 16:27:52,934 | INFO | Execution state | market=KXBTC15M-26MAY081630-30 side=no state=abandoned reason=zero_fill trust=synced run_id=d477ba43-4784-4407-80f2-39da0bb3c61c
2026-05-08 16:27:55,173 | INFO | Mushroom v28 entry approved | market=KXBTC15M-26MAY081630-30 side=no ask=4c max_buy=15c qty=2 p_side=0.1894 edge=14.441c depth=273.25 btc_age_ms=531.0 secs_to_close=124.83
2026-05-08 16:27:55,185 | INFO | Execution state | market=KXBTC15M-26MAY081630-30 side=no state=eligible reason=pre_filters_disabled trust=synced run_id=d477ba43-4784-4407-80f2-39da0bb3c61c
2026-05-08 16:27:55,186 | INFO | Live fill policy approved | market=KXBTC15M-26MAY081630-30 side=no trigger=4c tif=immediate_or_cancel limit=4c depth=273.25 required=3 book_age_ms=0.0 secs_to_close=124.83 reason=single_shot_abundant_depth
2026-05-08 16:27:55,188 | INFO | ENTRY signal | market=KXBTC15M-26MAY081630-30 action=buy side=no trigger=4c limit=4c qty=2 book_ready=True
2026-05-08 16:27:55,188 | INFO | Execution state | market=KXBTC15M-26MAY081630-30 side=no state=submitting reason=single_shot_abundant_depth trust=synced run_id=d477ba43-4784-4407-80f2-39da0bb3c61c
2026-05-08 16:27:55,233 | INFO | Execution state | market=KXBTC15M-26MAY081630-30 side=no state=abandoned reason=zero_fill trust=synced run_id=d477ba43-4784-4407-80f2-39da0bb3c61c
2026-05-08 16:27:57,226 | INFO | Mushroom v28 entry approved | market=KXBTC15M-26MAY081630-30 side=no ask=4c max_buy=15c qty=2 p_side=0.1887 edge=14.368c depth=254.12 btc_age_ms=375.0 secs_to_close=122.78
2026-05-08 16:27:57,248 | INFO | Execution state | market=KXBTC15M-26MAY081630-30 side=no state=eligible reason=pre_filters_disabled trust=synced run_id=d477ba43-4784-4407-80f2-39da0bb3c61c
2026-05-08 16:27:57,249 | INFO | Live fill policy approved | market=KXBTC15M-26MAY081630-30 side=no trigger=4c tif=immediate_or_cancel limit=4c depth=254.12 required=3 book_age_ms=63.0 secs_to_close=122.78 reason=single_shot_abundant_depth
2026-05-08 16:27:57,250 | INFO | ENTRY signal | market=KXBTC15M-26MAY081630-30 action=buy side=no trigger=4c limit=4c qty=2 book_ready=True
2026-05-08 16:27:57,250 | INFO | Execution state | market=KXBTC15M-26MAY081630-30 side=no state=submitting reason=single_shot_abundant_depth trust=synced run_id=d477ba43-4784-4407-80f2-39da0bb3c61c
2026-05-08 16:27:57,298 | INFO | Execution state | market=KXBTC15M-26MAY081630-30 side=no state=abandoned reason=zero_fill trust=synced run_id=d477ba43-4784-4407-80f2-39da0bb3c61c
2026-05-08 16:27:58,172 | INFO | Heartbeat | watch=KXBTC15M-26MAY081630-30 yes_bid=96 yes_ask=96 no_bid=4 no_ask=4 book_ready=True position=False pending=False dry_run=False trust=synced run_id=d477ba43-4784-4407-80f2-39da0bb3c61c
2026-05-08 16:27:59,332 | INFO | Mushroom v28 entry approved | market=KXBTC15M-26MAY081630-30 side=no ask=4c max_buy=14c qty=2 p_side=0.1848 edge=13.977c depth=833.85 btc_age_ms=62.0 secs_to_close=120.67
2026-05-08 16:27:59,349 | INFO | Execution state | market=KXBTC15M-26MAY081630-30 side=no state=eligible reason=pre_filters_disabled trust=synced run_id=d477ba43-4784-4407-80f2-39da0bb3c61c
2026-05-08 16:27:59,350 | INFO | Live fill policy approved | market=KXBTC15M-26MAY081630-30 side=no trigger=4c tif=immediate_or_cancel limit=4c depth=833.85 required=3 book_age_ms=156.0 secs_to_close=120.67 reason=single_shot_abundant_depth
2026-05-08 16:27:59,351 | INFO | ENTRY signal | market=KXBTC15M-26MAY081630-30 action=buy side=no trigger=4c limit=4c qty=2 book_ready=True
2026-05-08 16:27:59,351 | INFO | Execution state | market=KXBTC15M-26MAY081630-30 side=no state=submitting reason=single_shot_abundant_depth trust=synced run_id=d477ba43-4784-4407-80f2-39da0bb3c61c
2026-05-08 16:27:59,389 | INFO | ENTRY immediate fill | market=KXBTC15M-26MAY081630-30 side=no qty=2 limit=4c
2026-05-08 16:27:59,390 | INFO | Execution state | market=KXBTC15M-26MAY081630-30 side=no state=filled reason=single_shot_abundant_depth trust=synced run_id=d477ba43-4784-4407-80f2-39da0bb3c61c
2026-05-08 16:28:13,201 | INFO | Heartbeat | watch=KXBTC15M-26MAY081630-30 yes_bid=97 yes_ask=98 no_bid=2 no_ask=3 book_ready=True position=True pending=False dry_run=False trust=synced run_id=d477ba43-4784-4407-80f2-39da0bb3c61c
2026-05-08 16:28:28,214 | INFO | Heartbeat | watch=KXBTC15M-26MAY081630-30 yes_bid=96 yes_ask=96 no_bid=4 no_ask=4 book_ready=True position=True pending=False dry_run=False trust=synced run_id=d477ba43-4784-4407-80f2-39da0bb3c61c
2026-05-08 16:28:43,216 | INFO | Heartbeat | watch=KXBTC15M-26MAY081630-30 yes_bid=95 yes_ask=96 no_bid=4 no_ask=5 book_ready=True position=True pending=False dry_run=False trust=synced run_id=d477ba43-4784-4407-80f2-39da0bb3c61c
2026-05-08 16:28:58,216 | INFO | Heartbeat | watch=KXBTC15M-26MAY081630-30 yes_bid=99 yes_ask=99 no_bid=1 no_ask=1 book_ready=True position=True pending=False dry_run=False trust=synced run_id=d477ba43-4784-4407-80f2-39da0bb3c61c
2026-05-08 16:29:13,209 | INFO | Heartbeat | watch=KXBTC15M-26MAY081630-30 yes_bid=99 yes_ask=99 no_bid=1 no_ask=1 book_ready=True position=True pending=False dry_run=False trust=synced run_id=d477ba43-4784-4407-80f2-39da0bb3c61c
2026-05-08 16:29:28,212 | INFO | Heartbeat | watch=KXBTC15M-26MAY081630-30 yes_bid=100 yes_ask=100 no_bid=0 no_ask=0 book_ready=True position=True pending=False dry_run=False trust=synced run_id=d477ba43-4784-4407-80f2-39da0bb3c61c
2026-05-08 16:29:43,254 | INFO | Heartbeat | watch=KXBTC15M-26MAY081630-30 yes_bid=100 yes_ask=100 no_bid=0 no_ask=0 book_ready=True position=True pending=False dry_run=False trust=synced run_id=d477ba43-4784-4407-80f2-39da0bb3c61c
2026-05-08 16:29:58,281 | INFO | Heartbeat | watch=KXBTC15M-26MAY081630-30 yes_bid=100 yes_ask=100 no_bid=0 no_ask=0 book_ready=True position=True pending=False dry_run=False trust=synced run_id=d477ba43-4784-4407-80f2-39da0bb3c61c
2026-05-08 16:30:05,137 | WARNING | Closed market KXBTC15M-26MAY081630-30 still reports a nonzero live account position, but the market is already past the settlement grace window. Clearing position state and advancing anyway.
2026-05-08 16:30:05,205 | INFO | Watching market KXBTC15M-26MAY081645-45 close_time=2026-05-08T20:45:00Z status=active strike=80252.63 run_id=d477ba43-4784-4407-80f2-39da0bb3c61c
2026-05-08 16:30:05,407 | INFO | WS connected for KXBTC15M-26MAY081645-45
2026-05-08 16:30:05,439 | INFO | WS subscribed payload: {'type': 'subscribed', 'id': 2, 'msg': {'channel': 'ticker', 'sid': 1}}
2026-05-08 16:30:05,440 | INFO | WS subscribed payload: {'type': 'subscribed', 'id': 2, 'msg': {'channel': 'orderbook_delta', 'sid': 2}}
2026-05-08 16:30:05,441 | INFO | Orderbook snapshot ready for KXBTC15M-26MAY081645-45
2026-05-08 16:30:13,281 | INFO | Heartbeat | watch=KXBTC15M-26MAY081645-45 yes_bid=40 yes_ask=42 no_bid=58 no_ask=60 book_ready=True position=False pending=False dry_run=False trust=synced run_id=d477ba43-4784-4407-80f2-39da0bb3c61c
2026-05-08 16:30:28,296 | INFO | Heartbeat | watch=KXBTC15M-26MAY081645-45 yes_bid=33 yes_ask=34 no_bid=66 no_ask=67 book_ready=True position=False pending=False dry_run=False trust=synced run_id=d477ba43-4784-4407-80f2-39da0bb3c61c
2026-05-08 16:30:43,286 | INFO | Heartbeat | watch=KXBTC15M-26MAY081645-45 yes_bid=34 yes_ask=35 no_bid=65 no_ask=66 book_ready=True position=False pending=False dry_run=False trust=synced run_id=d477ba43-4784-4407-80f2-39da0bb3c61c
2026-05-08 16:30:58,291 | INFO | Heartbeat | watch=KXBTC15M-26MAY081645-45 yes_bid=32 yes_ask=33 no_bid=67 no_ask=68 book_ready=True position=False pending=False dry_run=False trust=synced run_id=d477ba43-4784-4407-80f2-39da0bb3c61c
2026-05-08 16:31:13,384 | INFO | Heartbeat | watch=KXBTC15M-26MAY081645-45 yes_bid=23 yes_ask=24 no_bid=76 no_ask=77 book_ready=True position=False pending=False dry_run=False trust=synced run_id=d477ba43-4784-4407-80f2-39da0bb3c61c
2026-05-08 16:31:28,381 | INFO | Heartbeat | watch=KXBTC15M-26MAY081645-45 yes_bid=18 yes_ask=19 no_bid=81 no_ask=82 book_ready=True position=False pending=False dry_run=False trust=synced run_id=d477ba43-4784-4407-80f2-39da0bb3c61c
2026-05-08 16:31:43,384 | INFO | Heartbeat | watch=KXBTC15M-26MAY081645-45 yes_bid=16 yes_ask=17 no_bid=83 no_ask=84 book_ready=True position=False pending=False dry_run=False trust=synced run_id=d477ba43-4784-4407-80f2-39da0bb3c61c
2026-05-08 16:31:44,640 | INFO | Mushroom v28 entry approved | market=KXBTC15M-26MAY081645-45 side=yes ask=13c max_buy=13c qty=2 p_side=0.1783 edge=3.830c depth=806.98 btc_age_ms=0.0 secs_to_close=795.36
2026-05-08 16:31:44,653 | INFO | Execution state | market=KXBTC15M-26MAY081645-45 side=yes state=eligible reason=pre_filters_disabled trust=synced run_id=d477ba43-4784-4407-80f2-39da0bb3c61c
2026-05-08 16:31:44,654 | INFO | Live fill policy approved | market=KXBTC15M-26MAY081645-45 side=yes trigger=13c tif=immediate_or_cancel limit=13c depth=806.98 required=3 book_age_ms=203.0 secs_to_close=795.36 reason=single_shot_abundant_depth
2026-05-08 16:31:44,655 | INFO | ENTRY signal | market=KXBTC15M-26MAY081645-45 action=buy side=yes trigger=13c limit=13c qty=2 book_ready=True
2026-05-08 16:31:44,655 | INFO | Execution state | market=KXBTC15M-26MAY081645-45 side=yes state=submitting reason=single_shot_abundant_depth trust=synced run_id=d477ba43-4784-4407-80f2-39da0bb3c61c
2026-05-08 16:31:44,699 | INFO | ENTRY immediate fill | market=KXBTC15M-26MAY081645-45 side=yes qty=2 limit=13c
2026-05-08 16:31:44,699 | INFO | Execution state | market=KXBTC15M-26MAY081645-45 side=yes state=filled reason=single_shot_abundant_depth trust=synced run_id=d477ba43-4784-4407-80f2-39da0bb3c61c
2026-05-08 16:31:58,411 | INFO | Heartbeat | watch=KXBTC15M-26MAY081645-45 yes_bid=11 yes_ask=12 no_bid=88 no_ask=89 book_ready=True position=True pending=False dry_run=False trust=synced run_id=d477ba43-4784-4407-80f2-39da0bb3c61c
2026-05-08 16:32:13,434 | INFO | Heartbeat | watch=KXBTC15M-26MAY081645-45 yes_bid=15 yes_ask=16 no_bid=84 no_ask=85 book_ready=True position=True pending=False dry_run=False trust=synced run_id=d477ba43-4784-4407-80f2-39da0bb3c61c
2026-05-08 16:32:15,642 | INFO | EXIT signal | market=KXBTC15M-26MAY081645-45 action=sell side=yes trigger=15c limit=15c qty=2 book_ready=True mode=single_shot_ioc slices=1 attempt=0
2026-05-08 16:32:15,643 | INFO | Latency | purpose=exit feed_age_ms=307.2 local_reaction_ms=203.0 trigger_seen_at=2026-05-08T20:32:15.643353+00:00 market_msg_time=2026-05-08T20:32:15.336133Z
2026-05-08 16:32:15,643 | INFO | Exit plan approved | market=KXBTC15M-26MAY081645-45 side=yes trigger=15c limit=15c top_bid=15 depth=1851.17 required=2 book_age_ms=31.0 secs_to_close=764.54 reason=mushroom_v28_probability_collapse_full_single_shot_visible_depth mode=single_shot_ioc attempt=0
2026-05-08 16:32:15,688 | INFO | EXIT fill | market=KXBTC15M-26MAY081645-45 side=yes slice=1/1 qty=2 cumulative=2/2 remaining=0
2026-05-08 16:32:28,474 | INFO | Heartbeat | watch=KXBTC15M-26MAY081645-45 yes_bid=20 yes_ask=21 no_bid=79 no_ask=80 book_ready=True position=False pending=False dry_run=False trust=synced run_id=d477ba43-4784-4407-80f2-39da0bb3c61c
2026-05-08 16:32:43,525 | INFO | Heartbeat | watch=KXBTC15M-26MAY081645-45 yes_bid=33 yes_ask=34 no_bid=66 no_ask=67 book_ready=True position=False pending=False dry_run=False trust=synced run_id=d477ba43-4784-4407-80f2-39da0bb3c61c
2026-05-08 16:32:58,544 | INFO | Heartbeat | watch=KXBTC15M-26MAY081645-45 yes_bid=32 yes_ask=33 no_bid=67 no_ask=68 book_ready=True position=False pending=False dry_run=False trust=synced run_id=d477ba43-4784-4407-80f2-39da0bb3c61c
2026-05-08 16:33:13,587 | INFO | Heartbeat | watch=KXBTC15M-26MAY081645-45 yes_bid=37 yes_ask=38 no_bid=62 no_ask=63 book_ready=True position=False pending=False dry_run=False trust=synced run_id=d477ba43-4784-4407-80f2-39da0bb3c61c
2026-05-08 16:33:28,615 | INFO | Heartbeat | watch=KXBTC15M-26MAY081645-45 yes_bid=35 yes_ask=38 no_bid=62 no_ask=65 book_ready=True position=False pending=False dry_run=False trust=synced run_id=d477ba43-4784-4407-80f2-39da0bb3c61c
2026-05-08 16:33:43,650 | INFO | Heartbeat | watch=KXBTC15M-26MAY081645-45 yes_bid=35 yes_ask=37 no_bid=63 no_ask=65 book_ready=True position=False pending=False dry_run=False trust=synced run_id=d477ba43-4784-4407-80f2-39da0bb3c61c
2026-05-08 16:33:58,692 | INFO | Heartbeat | watch=KXBTC15M-26MAY081645-45 yes_bid=40 yes_ask=41 no_bid=59 no_ask=60 book_ready=True position=False pending=False dry_run=False trust=synced run_id=d477ba43-4784-4407-80f2-39da0bb3c61c
2026-05-08 16:34:13,732 | INFO | Heartbeat | watch=KXBTC15M-26MAY081645-45 yes_bid=35 yes_ask=36 no_bid=64 no_ask=65 book_ready=True position=False pending=False dry_run=False trust=synced run_id=d477ba43-4784-4407-80f2-39da0bb3c61c
2026-05-08 16:34:28,740 | INFO | Heartbeat | watch=KXBTC15M-26MAY081645-45 yes_bid=36 yes_ask=39 no_bid=61 no_ask=64 book_ready=True position=False pending=False dry_run=False trust=synced run_id=d477ba43-4784-4407-80f2-39da0bb3c61c
2026-05-08 16:34:43,759 | INFO | Heartbeat | watch=KXBTC15M-26MAY081645-45 yes_bid=36 yes_ask=38 no_bid=62 no_ask=64 book_ready=True position=False pending=False dry_run=False trust=synced run_id=d477ba43-4784-4407-80f2-39da0bb3c61c
2026-05-08 16:34:58,772 | INFO | Heartbeat | watch=KXBTC15M-26MAY081645-45 yes_bid=48 yes_ask=49 no_bid=51 no_ask=52 book_ready=True position=False pending=False dry_run=False trust=synced run_id=d477ba43-4784-4407-80f2-39da0bb3c61c
2026-05-08 16:35:13,789 | INFO | Heartbeat | watch=KXBTC15M-26MAY081645-45 yes_bid=43 yes_ask=45 no_bid=55 no_ask=57 book_ready=True position=False pending=False dry_run=False trust=synced run_id=d477ba43-4784-4407-80f2-39da0bb3c61c
2026-05-08 16:35:28,811 | INFO | Heartbeat | watch=KXBTC15M-26MAY081645-45 yes_bid=37 yes_ask=39 no_bid=61 no_ask=63 book_ready=True position=False pending=False dry_run=False trust=synced run_id=d477ba43-4784-4407-80f2-39da0bb3c61c
2026-05-08 16:35:43,845 | INFO | Heartbeat | watch=KXBTC15M-26MAY081645-45 yes_bid=36 yes_ask=38 no_bid=62 no_ask=64 book_ready=True position=False pending=False dry_run=False trust=synced run_id=d477ba43-4784-4407-80f2-39da0bb3c61c
2026-05-08 16:35:58,881 | INFO | Heartbeat | watch=KXBTC15M-26MAY081645-45 yes_bid=36 yes_ask=38 no_bid=62 no_ask=64 book_ready=True position=False pending=False dry_run=False trust=synced run_id=d477ba43-4784-4407-80f2-39da0bb3c61c
2026-05-08 16:36:13,903 | INFO | Heartbeat | watch=KXBTC15M-26MAY081645-45 yes_bid=35 yes_ask=36 no_bid=64 no_ask=65 book_ready=True position=False pending=False dry_run=False trust=synced run_id=d477ba43-4784-4407-80f2-39da0bb3c61c
2026-05-08 16:36:28,910 | INFO | Heartbeat | watch=KXBTC15M-26MAY081645-45 yes_bid=25 yes_ask=26 no_bid=74 no_ask=75 book_ready=True position=False pending=False dry_run=False trust=synced run_id=d477ba43-4784-4407-80f2-39da0bb3c61c
2026-05-08 16:36:43,898 | INFO | Heartbeat | watch=KXBTC15M-26MAY081645-45 yes_bid=25 yes_ask=27 no_bid=73 no_ask=75 book_ready=True position=False pending=False dry_run=False trust=synced run_id=d477ba43-4784-4407-80f2-39da0bb3c61c
2026-05-08 16:36:58,929 | INFO | Heartbeat | watch=KXBTC15M-26MAY081645-45 yes_bid=32 yes_ask=33 no_bid=67 no_ask=68 book_ready=True position=False pending=False dry_run=False trust=synced run_id=d477ba43-4784-4407-80f2-39da0bb3c61c
2026-05-08 16:37:13,928 | INFO | Heartbeat | watch=KXBTC15M-26MAY081645-45 yes_bid=32 yes_ask=33 no_bid=67 no_ask=68 book_ready=True position=False pending=False dry_run=False trust=synced run_id=d477ba43-4784-4407-80f2-39da0bb3c61c
2026-05-08 16:37:28,948 | INFO | Heartbeat | watch=KXBTC15M-26MAY081645-45 yes_bid=47 yes_ask=48 no_bid=52 no_ask=53 book_ready=True position=False pending=False dry_run=False trust=synced run_id=d477ba43-4784-4407-80f2-39da0bb3c61c
2026-05-08 16:37:43,965 | INFO | Heartbeat | watch=KXBTC15M-26MAY081645-45 yes_bid=34 yes_ask=35 no_bid=65 no_ask=66 book_ready=True position=False pending=False dry_run=False trust=synced run_id=d477ba43-4784-4407-80f2-39da0bb3c61c
2026-05-08 16:37:59,002 | INFO | Heartbeat | watch=KXBTC15M-26MAY081645-45 yes_bid=32 yes_ask=33 no_bid=67 no_ask=68 book_ready=True position=False pending=False dry_run=False trust=synced run_id=d477ba43-4784-4407-80f2-39da0bb3c61c
2026-05-08 16:38:14,014 | INFO | Heartbeat | watch=KXBTC15M-26MAY081645-45 yes_bid=38 yes_ask=39 no_bid=61 no_ask=62 book_ready=True position=False pending=False dry_run=False trust=synced run_id=d477ba43-4784-4407-80f2-39da0bb3c61c
2026-05-08 16:38:29,013 | INFO | Heartbeat | watch=KXBTC15M-26MAY081645-45 yes_bid=32 yes_ask=33 no_bid=67 no_ask=68 book_ready=True position=False pending=False dry_run=False trust=synced run_id=d477ba43-4784-4407-80f2-39da0bb3c61c
2026-05-08 16:38:44,037 | INFO | Heartbeat | watch=KXBTC15M-26MAY081645-45 yes_bid=25 yes_ask=26 no_bid=74 no_ask=75 book_ready=True position=False pending=False dry_run=False trust=synced run_id=d477ba43-4784-4407-80f2-39da0bb3c61c
2026-05-08 16:38:59,044 | INFO | Heartbeat | watch=KXBTC15M-26MAY081645-45 yes_bid=22 yes_ask=24 no_bid=76 no_ask=78 book_ready=True position=False pending=False dry_run=False trust=synced run_id=d477ba43-4784-4407-80f2-39da0bb3c61c
2026-05-08 16:39:14,071 | INFO | Heartbeat | watch=KXBTC15M-26MAY081645-45 yes_bid=24 yes_ask=26 no_bid=74 no_ask=76 book_ready=True position=False pending=False dry_run=False trust=synced run_id=d477ba43-4784-4407-80f2-39da0bb3c61c
2026-05-08 16:39:29,076 | INFO | Heartbeat | watch=KXBTC15M-26MAY081645-45 yes_bid=22 yes_ask=23 no_bid=77 no_ask=78 book_ready=True position=False pending=False dry_run=False trust=synced run_id=d477ba43-4784-4407-80f2-39da0bb3c61c
2026-05-08 16:39:44,083 | INFO | Heartbeat | watch=KXBTC15M-26MAY081645-45 yes_bid=22 yes_ask=24 no_bid=76 no_ask=78 book_ready=True position=False pending=False dry_run=False trust=synced run_id=d477ba43-4784-4407-80f2-39da0bb3c61c
2026-05-08 16:39:59,088 | INFO | Heartbeat | watch=KXBTC15M-26MAY081645-45 yes_bid=21 yes_ask=23 no_bid=77 no_ask=79 book_ready=True position=False pending=False dry_run=False trust=synced run_id=d477ba43-4784-4407-80f2-39da0bb3c61c
2026-05-08 16:40:14,095 | INFO | Heartbeat | watch=KXBTC15M-26MAY081645-45 yes_bid=19 yes_ask=21 no_bid=79 no_ask=81 book_ready=True position=False pending=False dry_run=False trust=synced run_id=d477ba43-4784-4407-80f2-39da0bb3c61c
2026-05-08 16:40:29,125 | INFO | Heartbeat | watch=KXBTC15M-26MAY081645-45 yes_bid=18 yes_ask=19 no_bid=81 no_ask=82 book_ready=True position=False pending=False dry_run=False trust=synced run_id=d477ba43-4784-4407-80f2-39da0bb3c61c
2026-05-08 16:40:40,094 | INFO | Mushroom v28 entry approved | market=KXBTC15M-26MAY081645-45 side=yes ask=9c max_buy=14c qty=2 p_side=0.1838 edge=8.383c depth=110 btc_age_ms=0.0 secs_to_close=259.91
2026-05-08 16:40:40,112 | INFO | Execution state | market=KXBTC15M-26MAY081645-45 side=yes state=eligible reason=pre_filters_disabled trust=synced run_id=d477ba43-4784-4407-80f2-39da0bb3c61c
2026-05-08 16:40:40,113 | INFO | Live fill policy approved | market=KXBTC15M-26MAY081645-45 side=yes trigger=9c tif=immediate_or_cancel limit=9c depth=110.00 required=3 book_age_ms=656.0 secs_to_close=259.91 reason=single_shot_abundant_depth
2026-05-08 16:40:40,114 | INFO | ENTRY signal | market=KXBTC15M-26MAY081645-45 action=buy side=yes trigger=9c limit=9c qty=2 book_ready=True
2026-05-08 16:40:40,115 | INFO | Execution state | market=KXBTC15M-26MAY081645-45 side=yes state=submitting reason=single_shot_abundant_depth trust=synced run_id=d477ba43-4784-4407-80f2-39da0bb3c61c
2026-05-08 16:40:40,162 | INFO | Execution state | market=KXBTC15M-26MAY081645-45 side=yes state=abandoned reason=zero_fill trust=synced run_id=d477ba43-4784-4407-80f2-39da0bb3c61c
2026-05-08 16:40:44,133 | INFO | Heartbeat | watch=KXBTC15M-26MAY081645-45 yes_bid=8 yes_ask=9 no_bid=91 no_ask=92 book_ready=True position=False pending=False dry_run=False trust=synced run_id=d477ba43-4784-4407-80f2-39da0bb3c61c
2026-05-08 16:40:51,434 | INFO | Mushroom v28 entry approved | market=KXBTC15M-26MAY081645-45 side=yes ask=6c max_buy=14c qty=2 p_side=0.1831 edge=11.807c depth=174 btc_age_ms=125.0 secs_to_close=248.57
2026-05-08 16:40:51,455 | INFO | Execution state | market=KXBTC15M-26MAY081645-45 side=yes state=eligible reason=pre_filters_disabled trust=synced run_id=d477ba43-4784-4407-80f2-39da0bb3c61c
2026-05-08 16:40:51,455 | INFO | Live fill policy approved | market=KXBTC15M-26MAY081645-45 side=yes trigger=6c tif=immediate_or_cancel limit=6c depth=174.00 required=3 book_age_ms=0.0 secs_to_close=248.57 reason=single_shot_abundant_depth
2026-05-08 16:40:51,457 | INFO | ENTRY signal | market=KXBTC15M-26MAY081645-45 action=buy side=yes trigger=6c limit=6c qty=2 book_ready=True
2026-05-08 16:40:51,457 | INFO | Execution state | market=KXBTC15M-26MAY081645-45 side=yes state=submitting reason=single_shot_abundant_depth trust=synced run_id=d477ba43-4784-4407-80f2-39da0bb3c61c
2026-05-08 16:40:51,499 | INFO | Execution state | market=KXBTC15M-26MAY081645-45 side=yes state=abandoned reason=zero_fill trust=synced run_id=d477ba43-4784-4407-80f2-39da0bb3c61c
2026-05-08 16:40:53,498 | INFO | Mushroom v28 entry approved | market=KXBTC15M-26MAY081645-45 side=yes ask=7c max_buy=14c qty=2 p_side=0.1799 edge=10.494c depth=100 btc_age_ms=0.0 secs_to_close=246.50
2026-05-08 16:40:53,508 | INFO | Execution state | market=KXBTC15M-26MAY081645-45 side=yes state=eligible reason=pre_filters_disabled trust=synced run_id=d477ba43-4784-4407-80f2-39da0bb3c61c
2026-05-08 16:40:53,509 | INFO | Live fill policy approved | market=KXBTC15M-26MAY081645-45 side=yes trigger=7c tif=immediate_or_cancel limit=7c depth=100.00 required=3 book_age_ms=62.0 secs_to_close=246.50 reason=single_shot_abundant_depth
2026-05-08 16:40:53,510 | INFO | ENTRY signal | market=KXBTC15M-26MAY081645-45 action=buy side=yes trigger=7c limit=7c qty=2 book_ready=True
2026-05-08 16:40:53,511 | INFO | Execution state | market=KXBTC15M-26MAY081645-45 side=yes state=submitting reason=single_shot_abundant_depth trust=synced run_id=d477ba43-4784-4407-80f2-39da0bb3c61c
2026-05-08 16:40:53,562 | INFO | ENTRY immediate fill | market=KXBTC15M-26MAY081645-45 side=yes qty=2 limit=7c
2026-05-08 16:40:53,563 | INFO | Execution state | market=KXBTC15M-26MAY081645-45 side=yes state=filled reason=single_shot_abundant_depth trust=synced run_id=d477ba43-4784-4407-80f2-39da0bb3c61c
2026-05-08 16:40:59,134 | INFO | Heartbeat | watch=KXBTC15M-26MAY081645-45 yes_bid=7 yes_ask=7 no_bid=93 no_ask=93 book_ready=True position=True pending=False dry_run=False trust=synced run_id=d477ba43-4784-4407-80f2-39da0bb3c61c
2026-05-08 16:41:14,130 | INFO | Heartbeat | watch=KXBTC15M-26MAY081645-45 yes_bid=10 yes_ask=11 no_bid=89 no_ask=90 book_ready=True position=True pending=False dry_run=False trust=synced run_id=d477ba43-4784-4407-80f2-39da0bb3c61c
2026-05-08 16:41:24,616 | INFO | EXIT signal | market=KXBTC15M-26MAY081645-45 action=sell side=yes trigger=31c limit=31c qty=2 book_ready=True mode=single_shot_ioc slices=1 attempt=0
2026-05-08 16:41:24,626 | INFO | Latency | purpose=exit feed_age_ms=107.9 local_reaction_ms=187.0 trigger_seen_at=2026-05-08T20:41:24.626204+00:00 market_msg_time=2026-05-08T20:41:24.518302Z
2026-05-08 16:41:24,626 | INFO | Exit plan approved | market=KXBTC15M-26MAY081645-45 side=yes trigger=31c limit=31c top_bid=31 depth=648.33 required=2 book_age_ms=0.0 secs_to_close=215.56 reason=mushroom_v28_probability_collapse_full_single_shot_visible_depth mode=single_shot_ioc attempt=0
2026-05-08 16:41:24,679 | INFO | EXIT fill | market=KXBTC15M-26MAY081645-45 side=yes slice=1/1 qty=2 cumulative=2/2 remaining=0
2026-05-08 16:41:29,145 | INFO | Heartbeat | watch=KXBTC15M-26MAY081645-45 yes_bid=31 yes_ask=32 no_bid=68 no_ask=69 book_ready=True position=False pending=False dry_run=False trust=synced run_id=d477ba43-4784-4407-80f2-39da0bb3c61c
2026-05-08 16:41:44,147 | INFO | Heartbeat | watch=KXBTC15M-26MAY081645-45 yes_bid=20 yes_ask=21 no_bid=79 no_ask=80 book_ready=True position=False pending=False dry_run=False trust=synced run_id=d477ba43-4784-4407-80f2-39da0bb3c61c
2026-05-08 16:41:59,175 | INFO | Heartbeat | watch=KXBTC15M-26MAY081645-45 yes_bid=11 yes_ask=12 no_bid=88 no_ask=89 book_ready=True position=False pending=False dry_run=False trust=synced run_id=d477ba43-4784-4407-80f2-39da0bb3c61c
2026-05-08 16:42:14,202 | INFO | Heartbeat | watch=KXBTC15M-26MAY081645-45 yes_bid=8 yes_ask=9 no_bid=91 no_ask=92 book_ready=True position=False pending=False dry_run=False trust=synced run_id=d477ba43-4784-4407-80f2-39da0bb3c61c
2026-05-08 16:42:29,243 | INFO | Heartbeat | watch=KXBTC15M-26MAY081645-45 yes_bid=13 yes_ask=15 no_bid=85 no_ask=87 book_ready=True position=False pending=False dry_run=False trust=synced run_id=d477ba43-4784-4407-80f2-39da0bb3c61c
2026-05-08 16:42:44,272 | INFO | Heartbeat | watch=KXBTC15M-26MAY081645-45 yes_bid=13 yes_ask=14 no_bid=86 no_ask=87 book_ready=True position=False pending=False dry_run=False trust=synced run_id=d477ba43-4784-4407-80f2-39da0bb3c61c
2026-05-08 16:42:59,311 | INFO | Heartbeat | watch=KXBTC15M-26MAY081645-45 yes_bid=10 yes_ask=10 no_bid=90 no_ask=90 book_ready=True position=False pending=False dry_run=False trust=synced run_id=d477ba43-4784-4407-80f2-39da0bb3c61c
2026-05-08 16:43:14,313 | INFO | Heartbeat | watch=KXBTC15M-26MAY081645-45 yes_bid=8 yes_ask=8 no_bid=92 no_ask=92 book_ready=True position=False pending=False dry_run=False trust=synced run_id=d477ba43-4784-4407-80f2-39da0bb3c61c
2026-05-08 16:43:29,320 | INFO | Heartbeat | watch=KXBTC15M-26MAY081645-45 yes_bid=5 yes_ask=6 no_bid=94 no_ask=95 book_ready=True position=False pending=False dry_run=False trust=synced run_id=d477ba43-4784-4407-80f2-39da0bb3c61c
2026-05-08 16:43:44,378 | INFO | Heartbeat | watch=KXBTC15M-26MAY081645-45 yes_bid=2 yes_ask=2 no_bid=98 no_ask=98 book_ready=True position=False pending=False dry_run=False trust=synced run_id=d477ba43-4784-4407-80f2-39da0bb3c61c
2026-05-08 16:43:59,375 | INFO | Heartbeat | watch=KXBTC15M-26MAY081645-45 yes_bid=0 yes_ask=1 no_bid=99 no_ask=100 book_ready=True position=False pending=False dry_run=False trust=synced run_id=d477ba43-4784-4407-80f2-39da0bb3c61c
2026-05-08 16:44:14,394 | INFO | Heartbeat | watch=KXBTC15M-26MAY081645-45 yes_bid=0 yes_ask=1 no_bid=99 no_ask=100 book_ready=True position=False pending=False dry_run=False trust=synced run_id=d477ba43-4784-4407-80f2-39da0bb3c61c
2026-05-08 16:44:29,400 | INFO | Heartbeat | watch=KXBTC15M-26MAY081645-45 yes_bid=0 yes_ask=0 no_bid=100 no_ask=100 book_ready=True position=False pending=False dry_run=False trust=synced run_id=d477ba43-4784-4407-80f2-39da0bb3c61c
2026-05-08 16:44:44,396 | INFO | Heartbeat | watch=KXBTC15M-26MAY081645-45 yes_bid=0 yes_ask=0 no_bid=100 no_ask=100 book_ready=True position=False pending=False dry_run=False trust=synced run_id=d477ba43-4784-4407-80f2-39da0bb3c61c
2026-05-08 16:44:59,425 | INFO | Heartbeat | watch=KXBTC15M-26MAY081645-45 yes_bid=0 yes_ask=0 no_bid=100 no_ask=100 book_ready=True position=False pending=False dry_run=False trust=synced run_id=d477ba43-4784-4407-80f2-39da0bb3c61c
2026-05-08 16:45:06,104 | INFO | Orderbook snapshot ready for KXBTC15M-26MAY081645-45
2026-05-08 16:45:14,430 | INFO | Heartbeat | watch=KXBTC15M-26MAY081645-45 yes_bid=0 yes_ask=100 no_bid=0 no_ask=100 book_ready=True position=False pending=False dry_run=False trust=synced run_id=d477ba43-4784-4407-80f2-39da0bb3c61c
2026-05-08 16:45:17,184 | INFO | Watching market KXBTC15M-26MAY081700-00 close_time=2026-05-08T21:00:00Z status=active strike=80212.62 run_id=d477ba43-4784-4407-80f2-39da0bb3c61c
2026-05-08 16:45:17,385 | INFO | WS connected for KXBTC15M-26MAY081700-00
2026-05-08 16:45:17,419 | INFO | WS subscribed payload: {'type': 'subscribed', 'id': 3, 'msg': {'channel': 'ticker', 'sid': 1}}
2026-05-08 16:45:17,419 | INFO | WS subscribed payload: {'type': 'subscribed', 'id': 3, 'msg': {'channel': 'orderbook_delta', 'sid': 2}}
2026-05-08 16:45:17,420 | INFO | Orderbook snapshot ready for KXBTC15M-26MAY081700-00
2026-05-08 16:45:29,462 | INFO | Heartbeat | watch=KXBTC15M-26MAY081700-00 yes_bid=66 yes_ask=67 no_bid=33 no_ask=34 book_ready=True position=False pending=False dry_run=False trust=synced run_id=d477ba43-4784-4407-80f2-39da0bb3c61c
2026-05-08 16:45:44,496 | INFO | Heartbeat | watch=KXBTC15M-26MAY081700-00 yes_bid=67 yes_ask=68 no_bid=32 no_ask=33 book_ready=True position=False pending=False dry_run=False trust=synced run_id=d477ba43-4784-4407-80f2-39da0bb3c61c
2026-05-08 16:45:59,505 | INFO | Heartbeat | watch=KXBTC15M-26MAY081700-00 yes_bid=67 yes_ask=68 no_bid=32 no_ask=33 book_ready=True position=False pending=False dry_run=False trust=synced run_id=d477ba43-4784-4407-80f2-39da0bb3c61c
2026-05-08 16:46:14,566 | INFO | Heartbeat | watch=KXBTC15M-26MAY081700-00 yes_bid=73 yes_ask=74 no_bid=26 no_ask=27 book_ready=True position=False pending=False dry_run=False trust=synced run_id=d477ba43-4784-4407-80f2-39da0bb3c61c
2026-05-08 16:46:29,601 | INFO | Heartbeat | watch=KXBTC15M-26MAY081700-00 yes_bid=74 yes_ask=75 no_bid=25 no_ask=26 book_ready=True position=False pending=False dry_run=False trust=synced run_id=d477ba43-4784-4407-80f2-39da0bb3c61c
2026-05-08 16:46:44,650 | INFO | Heartbeat | watch=KXBTC15M-26MAY081700-00 yes_bid=75 yes_ask=76 no_bid=24 no_ask=25 book_ready=True position=False pending=False dry_run=False trust=synced run_id=d477ba43-4784-4407-80f2-39da0bb3c61c
2026-05-08 16:46:59,679 | INFO | Heartbeat | watch=KXBTC15M-26MAY081700-00 yes_bid=75 yes_ask=76 no_bid=24 no_ask=25 book_ready=True position=False pending=False dry_run=False trust=synced run_id=d477ba43-4784-4407-80f2-39da0bb3c61c
2026-05-08 16:47:14,709 | INFO | Heartbeat | watch=KXBTC15M-26MAY081700-00 yes_bid=75 yes_ask=76 no_bid=24 no_ask=25 book_ready=True position=False pending=False dry_run=False trust=synced run_id=d477ba43-4784-4407-80f2-39da0bb3c61c
2026-05-08 16:47:29,729 | INFO | Heartbeat | watch=KXBTC15M-26MAY081700-00 yes_bid=75 yes_ask=76 no_bid=24 no_ask=25 book_ready=True position=False pending=False dry_run=False trust=synced run_id=d477ba43-4784-4407-80f2-39da0bb3c61c
2026-05-08 16:47:44,783 | INFO | Heartbeat | watch=KXBTC15M-26MAY081700-00 yes_bid=77 yes_ask=78 no_bid=22 no_ask=23 book_ready=True position=False pending=False dry_run=False trust=synced run_id=d477ba43-4784-4407-80f2-39da0bb3c61c
2026-05-08 16:47:59,801 | INFO | Heartbeat | watch=KXBTC15M-26MAY081700-00 yes_bid=73 yes_ask=74 no_bid=26 no_ask=27 book_ready=True position=False pending=False dry_run=False trust=synced run_id=d477ba43-4784-4407-80f2-39da0bb3c61c
2026-05-08 16:48:14,827 | INFO | Heartbeat | watch=KXBTC15M-26MAY081700-00 yes_bid=70 yes_ask=71 no_bid=29 no_ask=30 book_ready=True position=False pending=False dry_run=False trust=synced run_id=d477ba43-4784-4407-80f2-39da0bb3c61c
2026-05-08 16:48:29,835 | INFO | Heartbeat | watch=KXBTC15M-26MAY081700-00 yes_bid=70 yes_ask=72 no_bid=28 no_ask=30 book_ready=True position=False pending=False dry_run=False trust=synced run_id=d477ba43-4784-4407-80f2-39da0bb3c61c
2026-05-08 16:48:44,850 | INFO | Heartbeat | watch=KXBTC15M-26MAY081700-00 yes_bid=70 yes_ask=72 no_bid=28 no_ask=30 book_ready=True position=False pending=False dry_run=False trust=synced run_id=d477ba43-4784-4407-80f2-39da0bb3c61c
2026-05-08 16:48:59,850 | INFO | Heartbeat | watch=KXBTC15M-26MAY081700-00 yes_bid=71 yes_ask=72 no_bid=28 no_ask=29 book_ready=True position=False pending=False dry_run=False trust=synced run_id=d477ba43-4784-4407-80f2-39da0bb3c61c
2026-05-08 16:49:14,849 | INFO | Heartbeat | watch=KXBTC15M-26MAY081700-00 yes_bid=73 yes_ask=74 no_bid=26 no_ask=27 book_ready=True position=False pending=False dry_run=False trust=synced run_id=d477ba43-4784-4407-80f2-39da0bb3c61c
2026-05-08 16:49:29,886 | INFO | Heartbeat | watch=KXBTC15M-26MAY081700-00 yes_bid=74 yes_ask=75 no_bid=25 no_ask=26 book_ready=True position=False pending=False dry_run=False trust=synced run_id=d477ba43-4784-4407-80f2-39da0bb3c61c
2026-05-08 16:49:44,920 | INFO | Heartbeat | watch=KXBTC15M-26MAY081700-00 yes_bid=74 yes_ask=75 no_bid=25 no_ask=26 book_ready=True position=False pending=False dry_run=False trust=synced run_id=d477ba43-4784-4407-80f2-39da0bb3c61c
2026-05-08 16:49:59,948 | INFO | Heartbeat | watch=KXBTC15M-26MAY081700-00 yes_bid=74 yes_ask=75 no_bid=25 no_ask=26 book_ready=True position=False pending=False dry_run=False trust=synced run_id=d477ba43-4784-4407-80f2-39da0bb3c61c
2026-05-08 16:50:15,000 | INFO | Heartbeat | watch=KXBTC15M-26MAY081700-00 yes_bid=74 yes_ask=75 no_bid=25 no_ask=26 book_ready=True position=False pending=False dry_run=False trust=synced run_id=d477ba43-4784-4407-80f2-39da0bb3c61c
2026-05-08 16:50:30,022 | INFO | Heartbeat | watch=KXBTC15M-26MAY081700-00 yes_bid=74 yes_ask=76 no_bid=24 no_ask=26 book_ready=True position=False pending=False dry_run=False trust=synced run_id=d477ba43-4784-4407-80f2-39da0bb3c61c
2026-05-08 16:50:45,023 | INFO | Heartbeat | watch=KXBTC15M-26MAY081700-00 yes_bid=73 yes_ask=75 no_bid=25 no_ask=27 book_ready=True position=False pending=False dry_run=False trust=synced run_id=d477ba43-4784-4407-80f2-39da0bb3c61c
2026-05-08 16:51:00,030 | INFO | Heartbeat | watch=KXBTC15M-26MAY081700-00 yes_bid=71 yes_ask=72 no_bid=28 no_ask=29 book_ready=True position=False pending=False dry_run=False trust=synced run_id=d477ba43-4784-4407-80f2-39da0bb3c61c
2026-05-08 16:51:15,105 | INFO | Heartbeat | watch=KXBTC15M-26MAY081700-00 yes_bid=69 yes_ask=70 no_bid=30 no_ask=31 book_ready=True position=False pending=False dry_run=False trust=synced run_id=d477ba43-4784-4407-80f2-39da0bb3c61c
2026-05-08 16:51:30,105 | INFO | Heartbeat | watch=KXBTC15M-26MAY081700-00 yes_bid=45 yes_ask=46 no_bid=54 no_ask=55 book_ready=True position=False pending=False dry_run=False trust=synced run_id=d477ba43-4784-4407-80f2-39da0bb3c61c
2026-05-08 16:51:45,101 | INFO | Heartbeat | watch=KXBTC15M-26MAY081700-00 yes_bid=36 yes_ask=37 no_bid=63 no_ask=64 book_ready=True position=False pending=False dry_run=False trust=synced run_id=d477ba43-4784-4407-80f2-39da0bb3c61c
2026-05-08 16:52:00,112 | INFO | Heartbeat | watch=KXBTC15M-26MAY081700-00 yes_bid=14 yes_ask=15 no_bid=85 no_ask=86 book_ready=True position=False pending=False dry_run=False trust=synced run_id=d477ba43-4784-4407-80f2-39da0bb3c61c
2026-05-08 16:52:15,125 | INFO | Heartbeat | watch=KXBTC15M-26MAY081700-00 yes_bid=14 yes_ask=15 no_bid=85 no_ask=86 book_ready=True position=False pending=False dry_run=False trust=synced run_id=d477ba43-4784-4407-80f2-39da0bb3c61c
2026-05-08 16:52:30,154 | INFO | Heartbeat | watch=KXBTC15M-26MAY081700-00 yes_bid=22 yes_ask=23 no_bid=77 no_ask=78 book_ready=True position=False pending=False dry_run=False trust=synced run_id=d477ba43-4784-4407-80f2-39da0bb3c61c
2026-05-08 16:52:45,168 | INFO | Heartbeat | watch=KXBTC15M-26MAY081700-00 yes_bid=22 yes_ask=23 no_bid=77 no_ask=78 book_ready=True position=False pending=False dry_run=False trust=synced run_id=d477ba43-4784-4407-80f2-39da0bb3c61c
2026-05-08 16:53:00,196 | INFO | Heartbeat | watch=KXBTC15M-26MAY081700-00 yes_bid=18 yes_ask=19 no_bid=81 no_ask=82 book_ready=True position=False pending=False dry_run=False trust=synced run_id=d477ba43-4784-4407-80f2-39da0bb3c61c
2026-05-08 16:53:15,200 | INFO | Heartbeat | watch=KXBTC15M-26MAY081700-00 yes_bid=16 yes_ask=17 no_bid=83 no_ask=84 book_ready=True position=False pending=False dry_run=False trust=synced run_id=d477ba43-4784-4407-80f2-39da0bb3c61c
2026-05-08 16:53:30,216 | INFO | Heartbeat | watch=KXBTC15M-26MAY081700-00 yes_bid=16 yes_ask=17 no_bid=83 no_ask=84 book_ready=True position=False pending=False dry_run=False trust=synced run_id=d477ba43-4784-4407-80f2-39da0bb3c61c
2026-05-08 16:53:45,244 | INFO | Heartbeat | watch=KXBTC15M-26MAY081700-00 yes_bid=12 yes_ask=13 no_bid=87 no_ask=88 book_ready=True position=False pending=False dry_run=False trust=synced run_id=d477ba43-4784-4407-80f2-39da0bb3c61c
2026-05-08 16:54:00,267 | INFO | Heartbeat | watch=KXBTC15M-26MAY081700-00 yes_bid=15 yes_ask=16 no_bid=84 no_ask=85 book_ready=True position=False pending=False dry_run=False trust=synced run_id=d477ba43-4784-4407-80f2-39da0bb3c61c
2026-05-08 16:54:15,296 | INFO | Heartbeat | watch=KXBTC15M-26MAY081700-00 yes_bid=17 yes_ask=18 no_bid=82 no_ask=83 book_ready=True position=False pending=False dry_run=False trust=synced run_id=d477ba43-4784-4407-80f2-39da0bb3c61c
2026-05-08 16:54:30,307 | INFO | Heartbeat | watch=KXBTC15M-26MAY081700-00 yes_bid=15 yes_ask=16 no_bid=84 no_ask=85 book_ready=True position=False pending=False dry_run=False trust=synced run_id=d477ba43-4784-4407-80f2-39da0bb3c61c
2026-05-08 16:54:45,366 | INFO | Heartbeat | watch=KXBTC15M-26MAY081700-00 yes_bid=10 yes_ask=11 no_bid=89 no_ask=90 book_ready=True position=False pending=False dry_run=False trust=synced run_id=d477ba43-4784-4407-80f2-39da0bb3c61c
2026-05-08 16:55:00,389 | INFO | Heartbeat | watch=KXBTC15M-26MAY081700-00 yes_bid=7 yes_ask=8 no_bid=92 no_ask=93 book_ready=True position=False pending=False dry_run=False trust=synced run_id=d477ba43-4784-4407-80f2-39da0bb3c61c
2026-05-08 16:55:05,915 | INFO | Mushroom v28 entry approved | market=KXBTC15M-26MAY081700-00 side=yes ask=5c max_buy=14c qty=2 p_side=0.1819 edge=12.692c depth=80 btc_age_ms=0.0 secs_to_close=294.09
2026-05-08 16:55:05,923 | INFO | Execution state | market=KXBTC15M-26MAY081700-00 side=yes state=eligible reason=pre_filters_disabled trust=synced run_id=d477ba43-4784-4407-80f2-39da0bb3c61c
2026-05-08 16:55:05,923 | INFO | Live fill policy approved | market=KXBTC15M-26MAY081700-00 side=yes trigger=5c tif=immediate_or_cancel limit=5c depth=80.00 required=3 book_age_ms=516.0 secs_to_close=294.09 reason=single_shot_abundant_depth
2026-05-08 16:55:05,924 | INFO | ENTRY signal | market=KXBTC15M-26MAY081700-00 action=buy side=yes trigger=5c limit=5c qty=2 book_ready=True
2026-05-08 16:55:05,925 | INFO | Execution state | market=KXBTC15M-26MAY081700-00 side=yes state=submitting reason=single_shot_abundant_depth trust=synced run_id=d477ba43-4784-4407-80f2-39da0bb3c61c
2026-05-08 16:55:05,968 | INFO | Execution state | market=KXBTC15M-26MAY081700-00 side=yes state=abandoned reason=zero_fill trust=synced run_id=d477ba43-4784-4407-80f2-39da0bb3c61c
2026-05-08 16:55:07,974 | INFO | Mushroom v28 entry approved | market=KXBTC15M-26MAY081700-00 side=yes ask=6c max_buy=14c qty=2 p_side=0.1823 edge=11.726c depth=658.3 btc_age_ms=79.0 secs_to_close=292.03
2026-05-08 16:55:07,982 | INFO | Execution state | market=KXBTC15M-26MAY081700-00 side=yes state=eligible reason=pre_filters_disabled trust=synced run_id=d477ba43-4784-4407-80f2-39da0bb3c61c
2026-05-08 16:55:07,983 | INFO | Live fill policy approved | market=KXBTC15M-26MAY081700-00 side=yes trigger=6c tif=immediate_or_cancel limit=6c depth=658.30 required=3 book_age_ms=579.0 secs_to_close=292.03 reason=single_shot_abundant_depth
2026-05-08 16:55:07,985 | INFO | ENTRY signal | market=KXBTC15M-26MAY081700-00 action=buy side=yes trigger=6c limit=6c qty=2 book_ready=True
2026-05-08 16:55:07,985 | INFO | Execution state | market=KXBTC15M-26MAY081700-00 side=yes state=submitting reason=single_shot_abundant_depth trust=synced run_id=d477ba43-4784-4407-80f2-39da0bb3c61c
2026-05-08 16:55:08,030 | INFO | ENTRY immediate fill | market=KXBTC15M-26MAY081700-00 side=yes qty=2 limit=6c
2026-05-08 16:55:08,032 | INFO | Execution state | market=KXBTC15M-26MAY081700-00 side=yes state=filled reason=single_shot_abundant_depth trust=synced run_id=d477ba43-4784-4407-80f2-39da0bb3c61c
2026-05-08 16:55:15,408 | INFO | Heartbeat | watch=KXBTC15M-26MAY081700-00 yes_bid=6 yes_ask=6 no_bid=94 no_ask=94 book_ready=True position=True pending=False dry_run=False trust=synced run_id=d477ba43-4784-4407-80f2-39da0bb3c61c
2026-05-08 16:55:30,410 | INFO | Heartbeat | watch=KXBTC15M-26MAY081700-00 yes_bid=6 yes_ask=7 no_bid=93 no_ask=94 book_ready=True position=True pending=False dry_run=False trust=synced run_id=d477ba43-4784-4407-80f2-39da0bb3c61c
2026-05-08 16:55:38,623 | INFO | EXIT signal | market=KXBTC15M-26MAY081700-00 action=sell side=yes trigger=6c limit=6c qty=2 book_ready=True mode=single_shot_ioc slices=1 attempt=0
2026-05-08 16:55:38,625 | INFO | Latency | purpose=exit feed_age_ms=413.2 local_reaction_ms=219.0 trigger_seen_at=2026-05-08T20:55:38.625646+00:00 market_msg_time=2026-05-08T20:55:38.212492Z
2026-05-08 16:55:38,626 | INFO | Exit plan approved | market=KXBTC15M-26MAY081700-00 side=yes trigger=6c limit=6c top_bid=6 depth=336.58 required=2 book_age_ms=15.0 secs_to_close=261.59 reason=mushroom_v28_probability_collapse_full_single_shot_visible_depth mode=single_shot_ioc attempt=0
2026-05-08 16:55:38,678 | INFO | EXIT fill | market=KXBTC15M-26MAY081700-00 side=yes slice=1/1 qty=2 cumulative=2/2 remaining=0
2026-05-08 16:55:38,705 | INFO | Mushroom v28 entry approved | market=KXBTC15M-26MAY081700-00 side=yes ask=7c max_buy=14c qty=2 p_side=0.1781 edge=10.312c depth=1030.03 btc_age_ms=62.0 secs_to_close=261.30
2026-05-08 16:55:38,719 | INFO | Execution state | market=KXBTC15M-26MAY081700-00 side=yes state=eligible reason=pre_filters_disabled trust=synced run_id=d477ba43-4784-4407-80f2-39da0bb3c61c
2026-05-08 16:55:38,720 | INFO | Live fill policy approved | market=KXBTC15M-26MAY081700-00 side=yes trigger=7c tif=immediate_or_cancel limit=7c depth=1030.03 required=3 book_age_ms=297.0 secs_to_close=261.30 reason=single_shot_abundant_depth
2026-05-08 16:55:38,722 | INFO | ENTRY signal | market=KXBTC15M-26MAY081700-00 action=buy side=yes trigger=7c limit=7c qty=2 book_ready=True
2026-05-08 16:55:38,722 | INFO | Execution state | market=KXBTC15M-26MAY081700-00 side=yes state=submitting reason=single_shot_abundant_depth trust=synced run_id=d477ba43-4784-4407-80f2-39da0bb3c61c
2026-05-08 16:55:39,308 | INFO | ENTRY immediate fill | market=KXBTC15M-26MAY081700-00 side=yes qty=2 limit=7c
2026-05-08 16:55:39,317 | INFO | Execution state | market=KXBTC15M-26MAY081700-00 side=yes state=filled reason=single_shot_abundant_depth trust=synced run_id=d477ba43-4784-4407-80f2-39da0bb3c61c
2026-05-08 16:55:45,410 | INFO | Heartbeat | watch=KXBTC15M-26MAY081700-00 yes_bid=5 yes_ask=6 no_bid=94 no_ask=95 book_ready=True position=True pending=False dry_run=False trust=synced run_id=d477ba43-4784-4407-80f2-39da0bb3c61c
2026-05-08 16:56:00,422 | INFO | Heartbeat | watch=KXBTC15M-26MAY081700-00 yes_bid=2 yes_ask=2 no_bid=98 no_ask=98 book_ready=True position=True pending=False dry_run=False trust=synced run_id=d477ba43-4784-4407-80f2-39da0bb3c61c
2026-05-08 16:56:09,579 | INFO | EXIT signal | market=KXBTC15M-26MAY081700-00 action=sell side=yes trigger=1c limit=1c qty=2 book_ready=True mode=single_shot_ioc slices=1 attempt=0
2026-05-08 16:56:09,588 | INFO | Latency | purpose=exit feed_age_ms=154.1 local_reaction_ms=188.0 trigger_seen_at=2026-05-08T20:56:09.588669+00:00 market_msg_time=2026-05-08T20:56:09.434569Z
2026-05-08 16:56:09,589 | INFO | Exit plan approved | market=KXBTC15M-26MAY081700-00 side=yes trigger=1c limit=1c top_bid=1 depth=1687.52 required=2 book_age_ms=0.0 secs_to_close=230.59 reason=mushroom_v28_probability_collapse_full_single_shot_visible_depth mode=single_shot_ioc attempt=0
2026-05-08 16:56:09,635 | INFO | EXIT fill | market=KXBTC15M-26MAY081700-00 side=yes slice=1/1 qty=2 cumulative=2/2 remaining=0
2026-05-08 16:56:15,439 | INFO | Heartbeat | watch=KXBTC15M-26MAY081700-00 yes_bid=1 yes_ask=2 no_bid=98 no_ask=99 book_ready=True position=False pending=False dry_run=False trust=synced run_id=d477ba43-4784-4407-80f2-39da0bb3c61c
2026-05-08 16:56:30,468 | INFO | Heartbeat | watch=KXBTC15M-26MAY081700-00 yes_bid=1 yes_ask=2 no_bid=98 no_ask=99 book_ready=True position=False pending=False dry_run=False trust=synced run_id=d477ba43-4784-4407-80f2-39da0bb3c61c
2026-05-08 16:56:45,498 | INFO | Heartbeat | watch=KXBTC15M-26MAY081700-00 yes_bid=1 yes_ask=1 no_bid=99 no_ask=99 book_ready=True position=False pending=False dry_run=False trust=synced run_id=d477ba43-4784-4407-80f2-39da0bb3c61c
2026-05-08 16:57:00,493 | INFO | Heartbeat | watch=KXBTC15M-26MAY081700-00 yes_bid=1 yes_ask=1 no_bid=99 no_ask=99 book_ready=True position=False pending=False dry_run=False trust=synced run_id=d477ba43-4784-4407-80f2-39da0bb3c61c
2026-05-08 16:57:15,510 | INFO | Heartbeat | watch=KXBTC15M-26MAY081700-00 yes_bid=0 yes_ask=0 no_bid=100 no_ask=100 book_ready=True position=False pending=False dry_run=False trust=synced run_id=d477ba43-4784-4407-80f2-39da0bb3c61c
2026-05-08 16:57:30,531 | INFO | Heartbeat | watch=KXBTC15M-26MAY081700-00 yes_bid=0 yes_ask=0 no_bid=100 no_ask=100 book_ready=True position=False pending=False dry_run=False trust=synced run_id=d477ba43-4784-4407-80f2-39da0bb3c61c
2026-05-08 16:57:45,552 | INFO | Heartbeat | watch=KXBTC15M-26MAY081700-00 yes_bid=0 yes_ask=0 no_bid=100 no_ask=100 book_ready=True position=False pending=False dry_run=False trust=synced run_id=d477ba43-4784-4407-80f2-39da0bb3c61c
2026-05-08 16:58:00,564 | INFO | Heartbeat | watch=KXBTC15M-26MAY081700-00 yes_bid=0 yes_ask=0 no_bid=100 no_ask=100 book_ready=True position=False pending=False dry_run=False trust=synced run_id=d477ba43-4784-4407-80f2-39da0bb3c61c
2026-05-08 16:58:15,555 | INFO | Heartbeat | watch=KXBTC15M-26MAY081700-00 yes_bid=0 yes_ask=0 no_bid=100 no_ask=100 book_ready=True position=False pending=False dry_run=False trust=synced run_id=d477ba43-4784-4407-80f2-39da0bb3c61c
2026-05-08 16:58:30,551 | INFO | Heartbeat | watch=KXBTC15M-26MAY081700-00 yes_bid=0 yes_ask=0 no_bid=100 no_ask=100 book_ready=True position=False pending=False dry_run=False trust=synced run_id=d477ba43-4784-4407-80f2-39da0bb3c61c
2026-05-08 16:58:45,563 | INFO | Heartbeat | watch=KXBTC15M-26MAY081700-00 yes_bid=0 yes_ask=0 no_bid=100 no_ask=100 book_ready=True position=False pending=False dry_run=False trust=synced run_id=d477ba43-4784-4407-80f2-39da0bb3c61c
2026-05-08 16:59:00,584 | INFO | Heartbeat | watch=KXBTC15M-26MAY081700-00 yes_bid=0 yes_ask=0 no_bid=100 no_ask=100 book_ready=True position=False pending=False dry_run=False trust=synced run_id=d477ba43-4784-4407-80f2-39da0bb3c61c
2026-05-08 16:59:15,663 | INFO | Heartbeat | watch=KXBTC15M-26MAY081700-00 yes_bid=0 yes_ask=0 no_bid=100 no_ask=100 book_ready=True position=False pending=False dry_run=False trust=synced run_id=d477ba43-4784-4407-80f2-39da0bb3c61c
2026-05-08 16:59:30,709 | INFO | Heartbeat | watch=KXBTC15M-26MAY081700-00 yes_bid=0 yes_ask=0 no_bid=100 no_ask=100 book_ready=True position=False pending=False dry_run=False trust=synced run_id=d477ba43-4784-4407-80f2-39da0bb3c61c
2026-05-08 16:59:45,724 | INFO | Heartbeat | watch=KXBTC15M-26MAY081700-00 yes_bid=0 yes_ask=0 no_bid=100 no_ask=100 book_ready=True position=False pending=False dry_run=False trust=synced run_id=d477ba43-4784-4407-80f2-39da0bb3c61c
2026-05-08 17:00:00,766 | INFO | Heartbeat | watch=KXBTC15M-26MAY081700-00 yes_bid=0 yes_ask=0 no_bid=100 no_ask=100 book_ready=True position=False pending=False dry_run=False trust=synced run_id=d477ba43-4784-4407-80f2-39da0bb3c61c
2026-05-08 17:00:07,801 | INFO | Orderbook snapshot ready for KXBTC15M-26MAY081700-00
2026-05-08 17:00:15,846 | INFO | Heartbeat | watch=KXBTC15M-26MAY081700-00 yes_bid=0 yes_ask=100 no_bid=0 no_ask=100 book_ready=True position=False pending=False dry_run=False trust=synced run_id=d477ba43-4784-4407-80f2-39da0bb3c61c
2026-05-08 17:00:16,905 | INFO | Watching market KXBTC15M-26MAY081715-15 close_time=2026-05-08T21:15:00Z status=active strike=80125.04 run_id=d477ba43-4784-4407-80f2-39da0bb3c61c
2026-05-08 17:00:17,070 | INFO | WS connected for KXBTC15M-26MAY081715-15
2026-05-08 17:00:17,099 | INFO | WS subscribed payload: {'type': 'subscribed', 'id': 4, 'msg': {'channel': 'ticker', 'sid': 1}}
2026-05-08 17:00:17,100 | INFO | WS subscribed payload: {'type': 'subscribed', 'id': 4, 'msg': {'channel': 'orderbook_delta', 'sid': 2}}
2026-05-08 17:00:17,101 | INFO | Orderbook snapshot ready for KXBTC15M-26MAY081715-15
2026-05-08 17:00:30,849 | INFO | Heartbeat | watch=KXBTC15M-26MAY081715-15 yes_bid=52 yes_ask=54 no_bid=46 no_ask=48 book_ready=True position=False pending=False dry_run=False trust=synced run_id=d477ba43-4784-4407-80f2-39da0bb3c61c
2026-05-08 17:00:45,887 | INFO | Heartbeat | watch=KXBTC15M-26MAY081715-15 yes_bid=47 yes_ask=48 no_bid=52 no_ask=53 book_ready=True position=False pending=False dry_run=False trust=synced run_id=d477ba43-4784-4407-80f2-39da0bb3c61c
2026-05-08 17:01:00,926 | INFO | Heartbeat | watch=KXBTC15M-26MAY081715-15 yes_bid=47 yes_ask=48 no_bid=52 no_ask=53 book_ready=True position=False pending=False dry_run=False trust=synced run_id=d477ba43-4784-4407-80f2-39da0bb3c61c
2026-05-08 17:01:15,977 | INFO | Heartbeat | watch=KXBTC15M-26MAY081715-15 yes_bid=48 yes_ask=49 no_bid=51 no_ask=52 book_ready=True position=False pending=False dry_run=False trust=synced run_id=d477ba43-4784-4407-80f2-39da0bb3c61c
2026-05-08 17:01:31,006 | INFO | Heartbeat | watch=KXBTC15M-26MAY081715-15 yes_bid=47 yes_ask=48 no_bid=52 no_ask=53 book_ready=True position=False pending=False dry_run=False trust=synced run_id=d477ba43-4784-4407-80f2-39da0bb3c61c
2026-05-08 17:01:46,016 | INFO | Heartbeat | watch=KXBTC15M-26MAY081715-15 yes_bid=50 yes_ask=51 no_bid=49 no_ask=50 book_ready=True position=False pending=False dry_run=False trust=synced run_id=d477ba43-4784-4407-80f2-39da0bb3c61c
2026-05-08 17:02:01,023 | INFO | Heartbeat | watch=KXBTC15M-26MAY081715-15 yes_bid=51 yes_ask=53 no_bid=47 no_ask=49 book_ready=True position=False pending=False dry_run=False trust=synced run_id=d477ba43-4784-4407-80f2-39da0bb3c61c
2026-05-08 17:02:16,024 | INFO | Heartbeat | watch=KXBTC15M-26MAY081715-15 yes_bid=51 yes_ask=53 no_bid=47 no_ask=49 book_ready=True position=False pending=False dry_run=False trust=synced run_id=d477ba43-4784-4407-80f2-39da0bb3c61c
2026-05-08 17:02:31,069 | INFO | Heartbeat | watch=KXBTC15M-26MAY081715-15 yes_bid=55 yes_ask=56 no_bid=44 no_ask=45 book_ready=True position=False pending=False dry_run=False trust=synced run_id=d477ba43-4784-4407-80f2-39da0bb3c61c
2026-05-08 17:02:46,093 | INFO | Heartbeat | watch=KXBTC15M-26MAY081715-15 yes_bid=56 yes_ask=57 no_bid=43 no_ask=44 book_ready=True position=False pending=False dry_run=False trust=synced run_id=d477ba43-4784-4407-80f2-39da0bb3c61c
2026-05-08 17:03:01,131 | INFO | Heartbeat | watch=KXBTC15M-26MAY081715-15 yes_bid=56 yes_ask=59 no_bid=41 no_ask=44 book_ready=True position=False pending=False dry_run=False trust=synced run_id=d477ba43-4784-4407-80f2-39da0bb3c61c
2026-05-08 17:03:16,144 | INFO | Heartbeat | watch=KXBTC15M-26MAY081715-15 yes_bid=65 yes_ask=66 no_bid=34 no_ask=35 book_ready=True position=False pending=False dry_run=False trust=synced run_id=d477ba43-4784-4407-80f2-39da0bb3c61c
2026-05-08 17:03:31,134 | INFO | Heartbeat | watch=KXBTC15M-26MAY081715-15 yes_bid=66 yes_ask=67 no_bid=33 no_ask=34 book_ready=True position=False pending=False dry_run=False trust=synced run_id=d477ba43-4784-4407-80f2-39da0bb3c61c
2026-05-08 17:03:46,156 | INFO | Heartbeat | watch=KXBTC15M-26MAY081715-15 yes_bid=69 yes_ask=71 no_bid=29 no_ask=31 book_ready=True position=False pending=False dry_run=False trust=synced run_id=d477ba43-4784-4407-80f2-39da0bb3c61c
2026-05-08 17:04:01,159 | INFO | Heartbeat | watch=KXBTC15M-26MAY081715-15 yes_bid=69 yes_ask=71 no_bid=29 no_ask=31 book_ready=True position=False pending=False dry_run=False trust=synced run_id=d477ba43-4784-4407-80f2-39da0bb3c61c
2026-05-08 17:04:16,173 | INFO | Heartbeat | watch=KXBTC15M-26MAY081715-15 yes_bid=70 yes_ask=71 no_bid=29 no_ask=30 book_ready=True position=False pending=False dry_run=False trust=synced run_id=d477ba43-4784-4407-80f2-39da0bb3c61c
2026-05-08 17:04:31,197 | INFO | Heartbeat | watch=KXBTC15M-26MAY081715-15 yes_bid=75 yes_ask=76 no_bid=24 no_ask=25 book_ready=True position=False pending=False dry_run=False trust=synced run_id=d477ba43-4784-4407-80f2-39da0bb3c61c
2026-05-08 17:04:46,226 | INFO | Heartbeat | watch=KXBTC15M-26MAY081715-15 yes_bid=75 yes_ask=76 no_bid=24 no_ask=25 book_ready=True position=False pending=False dry_run=False trust=synced run_id=d477ba43-4784-4407-80f2-39da0bb3c61c
2026-05-08 17:05:01,227 | INFO | Heartbeat | watch=KXBTC15M-26MAY081715-15 yes_bid=75 yes_ask=76 no_bid=24 no_ask=25 book_ready=True position=False pending=False dry_run=False trust=synced run_id=d477ba43-4784-4407-80f2-39da0bb3c61c
2026-05-08 17:05:16,270 | INFO | Heartbeat | watch=KXBTC15M-26MAY081715-15 yes_bid=75 yes_ask=76 no_bid=24 no_ask=25 book_ready=True position=False pending=False dry_run=False trust=synced run_id=d477ba43-4784-4407-80f2-39da0bb3c61c
2026-05-08 17:05:31,258 | INFO | Heartbeat | watch=KXBTC15M-26MAY081715-15 yes_bid=77 yes_ask=78 no_bid=22 no_ask=23 book_ready=True position=False pending=False dry_run=False trust=synced run_id=d477ba43-4784-4407-80f2-39da0bb3c61c
2026-05-08 17:05:46,260 | INFO | Heartbeat | watch=KXBTC15M-26MAY081715-15 yes_bid=82 yes_ask=83 no_bid=17 no_ask=18 book_ready=True position=False pending=False dry_run=False trust=synced run_id=d477ba43-4784-4407-80f2-39da0bb3c61c
2026-05-08 17:06:01,283 | INFO | Heartbeat | watch=KXBTC15M-26MAY081715-15 yes_bid=83 yes_ask=84 no_bid=16 no_ask=17 book_ready=True position=False pending=False dry_run=False trust=synced run_id=d477ba43-4784-4407-80f2-39da0bb3c61c
2026-05-08 17:06:16,308 | INFO | Heartbeat | watch=KXBTC15M-26MAY081715-15 yes_bid=84 yes_ask=85 no_bid=15 no_ask=16 book_ready=True position=False pending=False dry_run=False trust=synced run_id=d477ba43-4784-4407-80f2-39da0bb3c61c
2026-05-08 17:06:31,334 | INFO | Heartbeat | watch=KXBTC15M-26MAY081715-15 yes_bid=85 yes_ask=86 no_bid=14 no_ask=15 book_ready=True position=False pending=False dry_run=False trust=synced run_id=d477ba43-4784-4407-80f2-39da0bb3c61c
2026-05-08 17:06:46,361 | INFO | Heartbeat | watch=KXBTC15M-26MAY081715-15 yes_bid=73 yes_ask=74 no_bid=26 no_ask=27 book_ready=True position=False pending=False dry_run=False trust=synced run_id=d477ba43-4784-4407-80f2-39da0bb3c61c
2026-05-08 17:07:01,392 | INFO | Heartbeat | watch=KXBTC15M-26MAY081715-15 yes_bid=74 yes_ask=75 no_bid=25 no_ask=26 book_ready=True position=False pending=False dry_run=False trust=synced run_id=d477ba43-4784-4407-80f2-39da0bb3c61c
2026-05-08 17:07:16,436 | INFO | Heartbeat | watch=KXBTC15M-26MAY081715-15 yes_bid=75 yes_ask=77 no_bid=23 no_ask=25 book_ready=True position=False pending=False dry_run=False trust=synced run_id=d477ba43-4784-4407-80f2-39da0bb3c61c
2026-05-08 17:07:31,460 | INFO | Heartbeat | watch=KXBTC15M-26MAY081715-15 yes_bid=76 yes_ask=77 no_bid=23 no_ask=24 book_ready=True position=False pending=False dry_run=False trust=synced run_id=d477ba43-4784-4407-80f2-39da0bb3c61c
2026-05-08 17:07:46,499 | INFO | Heartbeat | watch=KXBTC15M-26MAY081715-15 yes_bid=79 yes_ask=80 no_bid=20 no_ask=21 book_ready=True position=False pending=False dry_run=False trust=synced run_id=d477ba43-4784-4407-80f2-39da0bb3c61c
2026-05-08 17:08:01,491 | INFO | Heartbeat | watch=KXBTC15M-26MAY081715-15 yes_bid=83 yes_ask=84 no_bid=16 no_ask=17 book_ready=True position=False pending=False dry_run=False trust=synced run_id=d477ba43-4784-4407-80f2-39da0bb3c61c
2026-05-08 17:08:16,535 | INFO | Heartbeat | watch=KXBTC15M-26MAY081715-15 yes_bid=86 yes_ask=87 no_bid=13 no_ask=14 book_ready=True position=False pending=False dry_run=False trust=synced run_id=d477ba43-4784-4407-80f2-39da0bb3c61c
2026-05-08 17:08:31,573 | INFO | Heartbeat | watch=KXBTC15M-26MAY081715-15 yes_bid=62 yes_ask=64 no_bid=36 no_ask=38 book_ready=True position=False pending=False dry_run=False trust=synced run_id=d477ba43-4784-4407-80f2-39da0bb3c61c
2026-05-08 17:08:46,614 | INFO | Heartbeat | watch=KXBTC15M-26MAY081715-15 yes_bid=63 yes_ask=65 no_bid=35 no_ask=37 book_ready=True position=False pending=False dry_run=False trust=synced run_id=d477ba43-4784-4407-80f2-39da0bb3c61c
2026-05-08 17:09:01,640 | INFO | Heartbeat | watch=KXBTC15M-26MAY081715-15 yes_bid=57 yes_ask=58 no_bid=42 no_ask=43 book_ready=True position=False pending=False dry_run=False trust=synced run_id=d477ba43-4784-4407-80f2-39da0bb3c61c
2026-05-08 17:09:16,682 | INFO | Heartbeat | watch=KXBTC15M-26MAY081715-15 yes_bid=50 yes_ask=51 no_bid=49 no_ask=50 book_ready=True position=False pending=False dry_run=False trust=synced run_id=d477ba43-4784-4407-80f2-39da0bb3c61c
2026-05-08 17:09:31,715 | INFO | Heartbeat | watch=KXBTC15M-26MAY081715-15 yes_bid=40 yes_ask=41 no_bid=59 no_ask=60 book_ready=True position=False pending=False dry_run=False trust=synced run_id=d477ba43-4784-4407-80f2-39da0bb3c61c
2026-05-08 17:09:46,720 | INFO | Heartbeat | watch=KXBTC15M-26MAY081715-15 yes_bid=36 yes_ask=37 no_bid=63 no_ask=64 book_ready=True position=False pending=False dry_run=False trust=synced run_id=d477ba43-4784-4407-80f2-39da0bb3c61c
2026-05-08 17:10:01,740 | INFO | Heartbeat | watch=KXBTC15M-26MAY081715-15 yes_bid=35 yes_ask=36 no_bid=64 no_ask=65 book_ready=True position=False pending=False dry_run=False trust=synced run_id=d477ba43-4784-4407-80f2-39da0bb3c61c
2026-05-08 17:10:16,766 | INFO | Heartbeat | watch=KXBTC15M-26MAY081715-15 yes_bid=32 yes_ask=33 no_bid=67 no_ask=68 book_ready=True position=False pending=False dry_run=False trust=synced run_id=d477ba43-4784-4407-80f2-39da0bb3c61c
2026-05-08 17:10:31,766 | INFO | Heartbeat | watch=KXBTC15M-26MAY081715-15 yes_bid=31 yes_ask=33 no_bid=67 no_ask=69 book_ready=True position=False pending=False dry_run=False trust=synced run_id=d477ba43-4784-4407-80f2-39da0bb3c61c
2026-05-08 17:10:46,762 | INFO | Heartbeat | watch=KXBTC15M-26MAY081715-15 yes_bid=29 yes_ask=31 no_bid=69 no_ask=71 book_ready=True position=False pending=False dry_run=False trust=synced run_id=d477ba43-4784-4407-80f2-39da0bb3c61c
2026-05-08 17:11:01,561 | INFO | Mushroom v28 BTC REST fallback refreshed stale tick | previous_age_ms=3047.0 threshold_ms=3000.0 source=coinbase_spot_rest
2026-05-08 17:11:01,776 | INFO | Heartbeat | watch=KXBTC15M-26MAY081715-15 yes_bid=26 yes_ask=27 no_bid=73 no_ask=74 book_ready=True position=False pending=False dry_run=False trust=synced run_id=d477ba43-4784-4407-80f2-39da0bb3c61c
2026-05-08 17:11:06,199 | INFO | Mushroom v28 BTC REST fallback refreshed stale tick | previous_age_ms=3047.0 threshold_ms=3000.0 source=coinbase_spot_rest
2026-05-08 17:11:09,636 | INFO | Mushroom v28 BTC REST fallback refreshed stale tick | previous_age_ms=3063.0 threshold_ms=3000.0 source=coinbase_spot_rest
2026-05-08 17:11:14,060 | INFO | Mushroom v28 BTC REST fallback refreshed stale tick | previous_age_ms=3047.0 threshold_ms=3000.0 source=coinbase_spot_rest
2026-05-08 17:11:16,827 | INFO | Heartbeat | watch=KXBTC15M-26MAY081715-15 yes_bid=27 yes_ask=28 no_bid=72 no_ask=73 book_ready=True position=False pending=False dry_run=False trust=synced run_id=d477ba43-4784-4407-80f2-39da0bb3c61c
2026-05-08 17:11:17,617 | INFO | Mushroom v28 BTC REST fallback refreshed stale tick | previous_age_ms=3031.0 threshold_ms=3000.0 source=coinbase_spot_rest
2026-05-08 17:11:21,012 | INFO | Mushroom v28 BTC REST fallback refreshed stale tick | previous_age_ms=3047.0 threshold_ms=3000.0 source=coinbase_spot_rest
2026-05-08 17:11:24,715 | INFO | Mushroom v28 BTC REST fallback refreshed stale tick | previous_age_ms=3032.0 threshold_ms=3000.0 source=coinbase_spot_rest
2026-05-08 17:11:31,851 | INFO | Heartbeat | watch=KXBTC15M-26MAY081715-15 yes_bid=26 yes_ask=27 no_bid=73 no_ask=74 book_ready=True position=False pending=False dry_run=False trust=synced run_id=d477ba43-4784-4407-80f2-39da0bb3c61c
2026-05-08 17:11:46,873 | INFO | Heartbeat | watch=KXBTC15M-26MAY081715-15 yes_bid=31 yes_ask=33 no_bid=67 no_ask=69 book_ready=True position=False pending=False dry_run=False trust=synced run_id=d477ba43-4784-4407-80f2-39da0bb3c61c
2026-05-08 17:12:01,886 | INFO | Heartbeat | watch=KXBTC15M-26MAY081715-15 yes_bid=40 yes_ask=42 no_bid=58 no_ask=60 book_ready=True position=False pending=False dry_run=False trust=synced run_id=d477ba43-4784-4407-80f2-39da0bb3c61c
2026-05-08 17:12:16,956 | INFO | Heartbeat | watch=KXBTC15M-26MAY081715-15 yes_bid=42 yes_ask=44 no_bid=56 no_ask=58 book_ready=True position=False pending=False dry_run=False trust=synced run_id=d477ba43-4784-4407-80f2-39da0bb3c61c
2026-05-08 17:12:31,977 | INFO | Heartbeat | watch=KXBTC15M-26MAY081715-15 yes_bid=43 yes_ask=45 no_bid=55 no_ask=57 book_ready=True position=False pending=False dry_run=False trust=synced run_id=d477ba43-4784-4407-80f2-39da0bb3c61c
2026-05-08 17:12:46,994 | INFO | Heartbeat | watch=KXBTC15M-26MAY081715-15 yes_bid=42 yes_ask=44 no_bid=56 no_ask=58 book_ready=True position=False pending=False dry_run=False trust=synced run_id=d477ba43-4784-4407-80f2-39da0bb3c61c
2026-05-08 17:13:01,992 | INFO | Heartbeat | watch=KXBTC15M-26MAY081715-15 yes_bid=63 yes_ask=64 no_bid=36 no_ask=37 book_ready=True position=False pending=False dry_run=False trust=synced run_id=d477ba43-4784-4407-80f2-39da0bb3c61c
2026-05-08 17:13:17,021 | INFO | Heartbeat | watch=KXBTC15M-26MAY081715-15 yes_bid=90 yes_ask=92 no_bid=8 no_ask=10 book_ready=True position=False pending=False dry_run=False trust=synced run_id=d477ba43-4784-4407-80f2-39da0bb3c61c
2026-05-08 17:13:32,026 | INFO | Heartbeat | watch=KXBTC15M-26MAY081715-15 yes_bid=97 yes_ask=98 no_bid=2 no_ask=3 book_ready=True position=False pending=False dry_run=False trust=synced run_id=d477ba43-4784-4407-80f2-39da0bb3c61c
2026-05-08 17:13:47,053 | INFO | Heartbeat | watch=KXBTC15M-26MAY081715-15 yes_bid=98 yes_ask=98 no_bid=2 no_ask=2 book_ready=True position=False pending=False dry_run=False trust=synced run_id=d477ba43-4784-4407-80f2-39da0bb3c61c
2026-05-08 17:14:02,063 | INFO | Heartbeat | watch=KXBTC15M-26MAY081715-15 yes_bid=93 yes_ask=94 no_bid=6 no_ask=7 book_ready=True position=False pending=False dry_run=False trust=synced run_id=d477ba43-4784-4407-80f2-39da0bb3c61c
2026-05-08 17:14:17,083 | INFO | Heartbeat | watch=KXBTC15M-26MAY081715-15 yes_bid=94 yes_ask=95 no_bid=5 no_ask=6 book_ready=True position=False pending=False dry_run=False trust=synced run_id=d477ba43-4784-4407-80f2-39da0bb3c61c
2026-05-08 17:14:32,089 | INFO | Heartbeat | watch=KXBTC15M-26MAY081715-15 yes_bid=98 yes_ask=98 no_bid=2 no_ask=2 book_ready=True position=False pending=False dry_run=False trust=synced run_id=d477ba43-4784-4407-80f2-39da0bb3c61c
2026-05-08 17:14:47,088 | INFO | Heartbeat | watch=KXBTC15M-26MAY081715-15 yes_bid=100 yes_ask=100 no_bid=0 no_ask=0 book_ready=True position=False pending=False dry_run=False trust=synced run_id=d477ba43-4784-4407-80f2-39da0bb3c61c
2026-05-08 17:15:02,093 | INFO | Heartbeat | watch=KXBTC15M-26MAY081715-15 yes_bid=0 yes_ask=100 no_bid=0 no_ask=100 book_ready=True position=False pending=False dry_run=False trust=synced run_id=d477ba43-4784-4407-80f2-39da0bb3c61c
2026-05-08 17:15:06,156 | INFO | Orderbook snapshot ready for KXBTC15M-26MAY081715-15
2026-05-08 17:15:17,129 | INFO | Heartbeat | watch=KXBTC15M-26MAY081715-15 yes_bid=0 yes_ask=100 no_bid=0 no_ask=100 book_ready=True position=False pending=False dry_run=False trust=synced run_id=d477ba43-4784-4407-80f2-39da0bb3c61c
2026-05-08 17:15:17,394 | INFO | Watching market KXBTC15M-26MAY081730-30 close_time=2026-05-08T21:30:00Z status=active strike=80134.31 run_id=d477ba43-4784-4407-80f2-39da0bb3c61c
2026-05-08 17:15:17,552 | INFO | WS connected for KXBTC15M-26MAY081730-30
2026-05-08 17:15:17,580 | INFO | WS subscribed payload: {'type': 'subscribed', 'id': 5, 'msg': {'channel': 'ticker', 'sid': 1}}
2026-05-08 17:15:17,581 | INFO | WS subscribed payload: {'type': 'subscribed', 'id': 5, 'msg': {'channel': 'orderbook_delta', 'sid': 2}}
2026-05-08 17:15:17,582 | INFO | Orderbook snapshot ready for KXBTC15M-26MAY081730-30
2026-05-08 17:15:32,175 | INFO | Heartbeat | watch=KXBTC15M-26MAY081730-30 yes_bid=62 yes_ask=63 no_bid=37 no_ask=38 book_ready=True position=False pending=False dry_run=False trust=synced run_id=d477ba43-4784-4407-80f2-39da0bb3c61c
2026-05-08 17:15:47,188 | INFO | Heartbeat | watch=KXBTC15M-26MAY081730-30 yes_bid=63 yes_ask=64 no_bid=36 no_ask=37 book_ready=True position=False pending=False dry_run=False trust=synced run_id=d477ba43-4784-4407-80f2-39da0bb3c61c
2026-05-08 17:16:02,203 | INFO | Heartbeat | watch=KXBTC15M-26MAY081730-30 yes_bid=64 yes_ask=65 no_bid=35 no_ask=36 book_ready=True position=False pending=False dry_run=False trust=synced run_id=d477ba43-4784-4407-80f2-39da0bb3c61c
2026-05-08 17:16:17,223 | INFO | Heartbeat | watch=KXBTC15M-26MAY081730-30 yes_bid=63 yes_ask=64 no_bid=36 no_ask=37 book_ready=True position=False pending=False dry_run=False trust=synced run_id=d477ba43-4784-4407-80f2-39da0bb3c61c
2026-05-08 17:16:32,239 | INFO | Heartbeat | watch=KXBTC15M-26MAY081730-30 yes_bid=62 yes_ask=63 no_bid=37 no_ask=38 book_ready=True position=False pending=False dry_run=False trust=synced run_id=d477ba43-4784-4407-80f2-39da0bb3c61c
2026-05-08 17:16:47,250 | INFO | Heartbeat | watch=KXBTC15M-26MAY081730-30 yes_bid=69 yes_ask=70 no_bid=30 no_ask=31 book_ready=True position=False pending=False dry_run=False trust=synced run_id=d477ba43-4784-4407-80f2-39da0bb3c61c
2026-05-08 17:16:51,769 | INFO | Mushroom v28 BTC REST fallback refreshed stale tick | previous_age_ms=3016.0 threshold_ms=3000.0 source=coinbase_spot_rest
2026-05-08 17:17:02,341 | INFO | Heartbeat | watch=KXBTC15M-26MAY081730-30 yes_bid=73 yes_ask=74 no_bid=26 no_ask=27 book_ready=True position=False pending=False dry_run=False trust=synced run_id=d477ba43-4784-4407-80f2-39da0bb3c61c
2026-05-08 17:17:07,324 | INFO | Mushroom v28 BTC REST fallback refreshed stale tick | previous_age_ms=3047.0 threshold_ms=3000.0 source=coinbase_spot_rest
2026-05-08 17:17:10,970 | INFO | Mushroom v28 BTC REST fallback refreshed stale tick | previous_age_ms=3047.0 threshold_ms=3000.0 source=coinbase_spot_rest
2026-05-08 17:17:14,728 | INFO | Mushroom v28 BTC REST fallback refreshed stale tick | previous_age_ms=3016.0 threshold_ms=3000.0 source=coinbase_spot_rest
2026-05-08 17:17:17,356 | INFO | Heartbeat | watch=KXBTC15M-26MAY081730-30 yes_bid=73 yes_ask=74 no_bid=26 no_ask=27 book_ready=True position=False pending=False dry_run=False trust=synced run_id=d477ba43-4784-4407-80f2-39da0bb3c61c
2026-05-08 17:17:18,179 | INFO | Mushroom v28 BTC REST fallback refreshed stale tick | previous_age_ms=3015.0 threshold_ms=3000.0 source=coinbase_spot_rest
2026-05-08 17:17:29,004 | INFO | Mushroom v28 BTC REST fallback refreshed stale tick | previous_age_ms=3047.0 threshold_ms=3000.0 source=coinbase_spot_rest
2026-05-08 17:17:32,373 | INFO | Heartbeat | watch=KXBTC15M-26MAY081730-30 yes_bid=74 yes_ask=75 no_bid=25 no_ask=26 book_ready=True position=False pending=False dry_run=False trust=synced run_id=d477ba43-4784-4407-80f2-39da0bb3c61c
2026-05-08 17:17:47,384 | INFO | Heartbeat | watch=KXBTC15M-26MAY081730-30 yes_bid=76 yes_ask=77 no_bid=23 no_ask=24 book_ready=True position=False pending=False dry_run=False trust=synced run_id=d477ba43-4784-4407-80f2-39da0bb3c61c
2026-05-08 17:17:58,661 | INFO | Mushroom v28 BTC REST fallback refreshed stale tick | previous_age_ms=3016.0 threshold_ms=3000.0 source=coinbase_spot_rest
2026-05-08 17:18:02,422 | INFO | Heartbeat | watch=KXBTC15M-26MAY081730-30 yes_bid=84 yes_ask=85 no_bid=15 no_ask=16 book_ready=True position=False pending=False dry_run=False trust=synced run_id=d477ba43-4784-4407-80f2-39da0bb3c61c
2026-05-08 17:18:14,016 | INFO | Mushroom v28 BTC REST fallback refreshed stale tick | previous_age_ms=3015.0 threshold_ms=3000.0 source=coinbase_spot_rest
2026-05-08 17:18:17,424 | INFO | Heartbeat | watch=KXBTC15M-26MAY081730-30 yes_bid=80 yes_ask=81 no_bid=19 no_ask=20 book_ready=True position=False pending=False dry_run=False trust=synced run_id=d477ba43-4784-4407-80f2-39da0bb3c61c
2026-05-08 17:18:32,431 | INFO | Heartbeat | watch=KXBTC15M-26MAY081730-30 yes_bid=80 yes_ask=81 no_bid=19 no_ask=20 book_ready=True position=False pending=False dry_run=False trust=synced run_id=d477ba43-4784-4407-80f2-39da0bb3c61c
2026-05-08 17:18:47,466 | INFO | Heartbeat | watch=KXBTC15M-26MAY081730-30 yes_bid=79 yes_ask=80 no_bid=20 no_ask=21 book_ready=True position=False pending=False dry_run=False trust=synced run_id=d477ba43-4784-4407-80f2-39da0bb3c61c
2026-05-08 17:19:02,460 | INFO | Heartbeat | watch=KXBTC15M-26MAY081730-30 yes_bid=80 yes_ask=81 no_bid=19 no_ask=20 book_ready=True position=False pending=False dry_run=False trust=synced run_id=d477ba43-4784-4407-80f2-39da0bb3c61c
2026-05-08 17:19:17,467 | INFO | Heartbeat | watch=KXBTC15M-26MAY081730-30 yes_bid=80 yes_ask=81 no_bid=19 no_ask=20 book_ready=True position=False pending=False dry_run=False trust=synced run_id=d477ba43-4784-4407-80f2-39da0bb3c61c
2026-05-08 17:19:32,477 | INFO | Heartbeat | watch=KXBTC15M-26MAY081730-30 yes_bid=81 yes_ask=83 no_bid=17 no_ask=19 book_ready=True position=False pending=False dry_run=False trust=synced run_id=d477ba43-4784-4407-80f2-39da0bb3c61c
2026-05-08 17:19:47,530 | INFO | Heartbeat | watch=KXBTC15M-26MAY081730-30 yes_bid=84 yes_ask=85 no_bid=15 no_ask=16 book_ready=True position=False pending=False dry_run=False trust=synced run_id=d477ba43-4784-4407-80f2-39da0bb3c61c
2026-05-08 17:20:02,541 | INFO | Heartbeat | watch=KXBTC15M-26MAY081730-30 yes_bid=85 yes_ask=86 no_bid=14 no_ask=15 book_ready=True position=False pending=False dry_run=False trust=synced run_id=d477ba43-4784-4407-80f2-39da0bb3c61c
2026-05-08 17:20:17,540 | INFO | Heartbeat | watch=KXBTC15M-26MAY081730-30 yes_bid=87 yes_ask=88 no_bid=12 no_ask=13 book_ready=True position=False pending=False dry_run=False trust=synced run_id=d477ba43-4784-4407-80f2-39da0bb3c61c
2026-05-08 17:20:32,569 | INFO | Heartbeat | watch=KXBTC15M-26MAY081730-30 yes_bid=84 yes_ask=86 no_bid=14 no_ask=16 book_ready=True position=False pending=False dry_run=False trust=synced run_id=d477ba43-4784-4407-80f2-39da0bb3c61c
2026-05-08 17:20:47,580 | INFO | Heartbeat | watch=KXBTC15M-26MAY081730-30 yes_bid=87 yes_ask=89 no_bid=11 no_ask=13 book_ready=True position=False pending=False dry_run=False trust=synced run_id=d477ba43-4784-4407-80f2-39da0bb3c61c
2026-05-08 17:20:51,577 | INFO | Mushroom v28 entry approved | market=KXBTC15M-26MAY081730-30 side=no ask=9c max_buy=14c qty=2 p_side=0.1809 edge=8.093c depth=240 btc_age_ms=15.0 secs_to_close=548.42
2026-05-08 17:20:51,593 | INFO | Execution state | market=KXBTC15M-26MAY081730-30 side=no state=eligible reason=pre_filters_disabled trust=synced run_id=d477ba43-4784-4407-80f2-39da0bb3c61c
2026-05-08 17:20:51,594 | INFO | Live fill policy approved | market=KXBTC15M-26MAY081730-30 side=no trigger=9c tif=immediate_or_cancel limit=9c depth=240.00 required=3 book_age_ms=0.0 secs_to_close=548.42 reason=single_shot_abundant_depth
2026-05-08 17:20:51,594 | INFO | ENTRY signal | market=KXBTC15M-26MAY081730-30 action=buy side=no trigger=9c limit=9c qty=2 book_ready=True
2026-05-08 17:20:51,595 | INFO | Execution state | market=KXBTC15M-26MAY081730-30 side=no state=submitting reason=single_shot_abundant_depth trust=synced run_id=d477ba43-4784-4407-80f2-39da0bb3c61c
2026-05-08 17:20:51,637 | INFO | Execution state | market=KXBTC15M-26MAY081730-30 side=no state=abandoned reason=zero_fill trust=synced run_id=d477ba43-4784-4407-80f2-39da0bb3c61c
2026-05-08 17:20:53,661 | INFO | Mushroom v28 entry approved | market=KXBTC15M-26MAY081730-30 side=no ask=10c max_buy=14c qty=2 p_side=0.1808 edge=7.077c depth=3103.61 btc_age_ms=31.0 secs_to_close=546.34
2026-05-08 17:20:53,668 | INFO | Execution state | market=KXBTC15M-26MAY081730-30 side=no state=eligible reason=pre_filters_disabled trust=synced run_id=d477ba43-4784-4407-80f2-39da0bb3c61c
2026-05-08 17:20:53,669 | INFO | Live fill policy approved | market=KXBTC15M-26MAY081730-30 side=no trigger=10c tif=immediate_or_cancel limit=10c depth=3103.61 required=3 book_age_ms=78.0 secs_to_close=546.34 reason=single_shot_abundant_depth
2026-05-08 17:20:53,670 | INFO | ENTRY signal | market=KXBTC15M-26MAY081730-30 action=buy side=no trigger=10c limit=10c qty=2 book_ready=True
2026-05-08 17:20:53,670 | INFO | Execution state | market=KXBTC15M-26MAY081730-30 side=no state=submitting reason=single_shot_abundant_depth trust=synced run_id=d477ba43-4784-4407-80f2-39da0bb3c61c
2026-05-08 17:20:53,713 | INFO | ENTRY immediate fill | market=KXBTC15M-26MAY081730-30 side=no qty=2 limit=10c
2026-05-08 17:20:53,713 | INFO | Execution state | market=KXBTC15M-26MAY081730-30 side=no state=filled reason=single_shot_abundant_depth trust=synced run_id=d477ba43-4784-4407-80f2-39da0bb3c61c
2026-05-08 17:21:02,603 | INFO | Heartbeat | watch=KXBTC15M-26MAY081730-30 yes_bid=91 yes_ask=91 no_bid=9 no_ask=9 book_ready=True position=True pending=False dry_run=False trust=synced run_id=d477ba43-4784-4407-80f2-39da0bb3c61c
2026-05-08 17:21:17,636 | INFO | Heartbeat | watch=KXBTC15M-26MAY081730-30 yes_bid=94 yes_ask=94 no_bid=6 no_ask=6 book_ready=True position=True pending=False dry_run=False trust=synced run_id=d477ba43-4784-4407-80f2-39da0bb3c61c
2026-05-08 17:21:23,932 | INFO | EXIT signal | market=KXBTC15M-26MAY081730-30 action=sell side=no trigger=5c limit=5c qty=2 book_ready=True mode=single_shot_ioc slices=1 attempt=0
2026-05-08 17:21:23,940 | INFO | Latency | purpose=exit feed_age_ms=221.9 local_reaction_ms=360.0 trigger_seen_at=2026-05-08T21:21:23.940444+00:00 market_msg_time=2026-05-08T21:21:23.718537Z
2026-05-08 17:21:23,940 | INFO | Exit plan approved | market=KXBTC15M-26MAY081730-30 side=no trigger=5c limit=5c top_bid=5 depth=387.37 required=2 book_age_ms=141.0 secs_to_close=516.28 reason=mushroom_v28_probability_collapse_full_single_shot_visible_depth mode=single_shot_ioc attempt=0
2026-05-08 17:21:23,985 | INFO | EXIT fill | market=KXBTC15M-26MAY081730-30 side=no slice=1/1 qty=2 cumulative=2/2 remaining=0
2026-05-08 17:21:27,710 | INFO | Mushroom v28 entry approved | market=KXBTC15M-26MAY081730-30 side=no ask=6c max_buy=8c qty=2 p_side=0.1227 edge=5.775c depth=106.05 btc_age_ms=0.0 secs_to_close=512.29
2026-05-08 17:21:27,717 | INFO | Execution state | market=KXBTC15M-26MAY081730-30 side=no state=eligible reason=pre_filters_disabled trust=synced run_id=d477ba43-4784-4407-80f2-39da0bb3c61c
2026-05-08 17:21:27,718 | INFO | Live fill policy approved | market=KXBTC15M-26MAY081730-30 side=no trigger=6c tif=immediate_or_cancel limit=6c depth=106.05 required=3 book_age_ms=141.0 secs_to_close=512.29 reason=single_shot_abundant_depth
2026-05-08 17:21:27,720 | INFO | ENTRY signal | market=KXBTC15M-26MAY081730-30 action=buy side=no trigger=6c limit=6c qty=2 book_ready=True
2026-05-08 17:21:27,720 | INFO | Execution state | market=KXBTC15M-26MAY081730-30 side=no state=submitting reason=single_shot_abundant_depth trust=synced run_id=d477ba43-4784-4407-80f2-39da0bb3c61c
2026-05-08 17:21:27,762 | INFO | ENTRY immediate fill | market=KXBTC15M-26MAY081730-30 side=no qty=2 limit=6c
2026-05-08 17:21:27,762 | INFO | Execution state | market=KXBTC15M-26MAY081730-30 side=no state=filled reason=single_shot_abundant_depth trust=synced run_id=d477ba43-4784-4407-80f2-39da0bb3c61c
2026-05-08 17:21:32,647 | INFO | Heartbeat | watch=KXBTC15M-26MAY081730-30 yes_bid=94 yes_ask=95 no_bid=5 no_ask=6 book_ready=True position=True pending=False dry_run=False trust=synced run_id=d477ba43-4784-4407-80f2-39da0bb3c61c
2026-05-08 17:21:47,650 | INFO | Heartbeat | watch=KXBTC15M-26MAY081730-30 yes_bid=89 yes_ask=90 no_bid=10 no_ask=11 book_ready=True position=True pending=False dry_run=False trust=synced run_id=d477ba43-4784-4407-80f2-39da0bb3c61c
2026-05-08 17:21:58,845 | INFO | EXIT signal | market=KXBTC15M-26MAY081730-30 action=sell side=no trigger=10c limit=10c qty=2 book_ready=True mode=single_shot_ioc slices=1 attempt=0
2026-05-08 17:21:58,855 | INFO | Latency | purpose=exit feed_age_ms=173.1 local_reaction_ms=282.0 trigger_seen_at=2026-05-08T21:21:58.855911+00:00 market_msg_time=2026-05-08T21:21:58.682831Z
2026-05-08 17:21:58,855 | INFO | Exit plan approved | market=KXBTC15M-26MAY081730-30 side=no trigger=10c limit=10c top_bid=10 depth=70.00 required=2 book_age_ms=47.0 secs_to_close=481.42 reason=mushroom_v28_probability_collapse_full_single_shot_visible_depth mode=single_shot_ioc attempt=0
2026-05-08 17:21:59,830 | INFO | EXIT signal | market=KXBTC15M-26MAY081730-30 action=sell side=no trigger=10c limit=10c qty=2 book_ready=True mode=single_shot_ioc slices=1 attempt=0
2026-05-08 17:21:59,830 | INFO | Latency | purpose=exit feed_age_ms=291.7 local_reaction_ms=250.0 trigger_seen_at=2026-05-08T21:21:59.830647+00:00 market_msg_time=2026-05-08T21:21:59.538898Z
2026-05-08 17:21:59,831 | INFO | Exit plan approved | market=KXBTC15M-26MAY081730-30 side=no trigger=10c limit=10c top_bid=10 depth=60.00 required=2 book_age_ms=31.0 secs_to_close=480.42 reason=mushroom_v28_probability_collapse_full_single_shot_visible_depth mode=single_shot_ioc attempt=0
2026-05-08 17:22:00,803 | INFO | EXIT signal | market=KXBTC15M-26MAY081730-30 action=sell side=no trigger=10c limit=10c qty=2 book_ready=True mode=single_shot_ioc slices=1 attempt=0
2026-05-08 17:22:00,812 | INFO | Latency | purpose=exit feed_age_ms=233.3 local_reaction_ms=235.0 trigger_seen_at=2026-05-08T21:22:00.812189+00:00 market_msg_time=2026-05-08T21:22:00.578903Z
2026-05-08 17:22:00,812 | INFO | Exit plan approved | market=KXBTC15M-26MAY081730-30 side=no trigger=10c limit=10c top_bid=10 depth=51.70 required=2 book_age_ms=15.0 secs_to_close=479.42 reason=mushroom_v28_probability_collapse_full_single_shot_visible_depth mode=single_shot_ioc attempt=0
2026-05-08 17:22:01,771 | INFO | EXIT signal | market=KXBTC15M-26MAY081730-30 action=sell side=no trigger=9c limit=9c qty=2 book_ready=True mode=single_shot_ioc slices=1 attempt=0
2026-05-08 17:22:01,772 | INFO | Latency | purpose=exit feed_age_ms=104.2 local_reaction_ms=203.0 trigger_seen_at=2026-05-08T21:22:01.772480+00:00 market_msg_time=2026-05-08T21:22:01.668287Z
2026-05-08 17:22:01,772 | INFO | Exit plan approved | market=KXBTC15M-26MAY081730-30 side=no trigger=9c limit=9c top_bid=9 depth=2485.67 required=2 book_age_ms=0.0 secs_to_close=478.42 reason=mushroom_v28_probability_collapse_full_single_shot_visible_depth mode=single_shot_ioc attempt=0
2026-05-08 17:22:01,823 | INFO | EXIT fill | market=KXBTC15M-26MAY081730-30 side=no slice=1/1 qty=2 cumulative=2/2 remaining=0
2026-05-08 17:22:01,845 | INFO | Mushroom v28 entry approved | market=KXBTC15M-26MAY081730-30 side=no ask=10c max_buy=14c qty=2 p_side=0.1885 edge=7.846c depth=40.28 btc_age_ms=0.0 secs_to_close=478.16
2026-05-08 17:22:01,861 | INFO | Execution state | market=KXBTC15M-26MAY081730-30 side=no state=eligible reason=pre_filters_disabled trust=synced run_id=d477ba43-4784-4407-80f2-39da0bb3c61c
2026-05-08 17:22:01,863 | INFO | Live fill policy approved | market=KXBTC15M-26MAY081730-30 side=no trigger=10c tif=immediate_or_cancel limit=10c depth=40.28 required=3 book_age_ms=266.0 secs_to_close=478.16 reason=single_shot_abundant_depth
2026-05-08 17:22:01,864 | INFO | ENTRY signal | market=KXBTC15M-26MAY081730-30 action=buy side=no trigger=10c limit=10c qty=2 book_ready=True
2026-05-08 17:22:01,865 | INFO | Execution state | market=KXBTC15M-26MAY081730-30 side=no state=submitting reason=single_shot_abundant_depth trust=synced run_id=d477ba43-4784-4407-80f2-39da0bb3c61c
2026-05-08 17:22:01,910 | INFO | ENTRY immediate fill | market=KXBTC15M-26MAY081730-30 side=no qty=2 limit=10c
2026-05-08 17:22:01,911 | INFO | Execution state | market=KXBTC15M-26MAY081730-30 side=no state=filled reason=single_shot_abundant_depth trust=synced run_id=d477ba43-4784-4407-80f2-39da0bb3c61c
2026-05-08 17:22:02,645 | INFO | Heartbeat | watch=KXBTC15M-26MAY081730-30 yes_bid=90 yes_ask=91 no_bid=9 no_ask=10 book_ready=True position=True pending=False dry_run=False trust=synced run_id=d477ba43-4784-4407-80f2-39da0bb3c61c
2026-05-08 17:22:17,676 | INFO | Heartbeat | watch=KXBTC15M-26MAY081730-30 yes_bid=90 yes_ask=91 no_bid=9 no_ask=10 book_ready=True position=True pending=False dry_run=False trust=synced run_id=d477ba43-4784-4407-80f2-39da0bb3c61c
2026-05-08 17:22:32,763 | INFO | EXIT signal | market=KXBTC15M-26MAY081730-30 action=sell side=no trigger=8c limit=8c qty=2 book_ready=True mode=single_shot_ioc slices=1 attempt=0
2026-05-08 17:22:32,764 | INFO | Latency | purpose=exit feed_age_ms=24.9 local_reaction_ms=188.0 trigger_seen_at=2026-05-08T21:22:32.764254+00:00 market_msg_time=2026-05-08T21:22:32.739374Z
2026-05-08 17:22:32,765 | INFO | Exit plan approved | market=KXBTC15M-26MAY081730-30 side=no trigger=8c limit=8c top_bid=8 depth=401.00 required=2 book_age_ms=0.0 secs_to_close=447.42 reason=mushroom_v28_probability_collapse_full_single_shot_visible_depth mode=single_shot_ioc attempt=0
2026-05-08 17:22:32,772 | INFO | Heartbeat | watch=KXBTC15M-26MAY081730-30 yes_bid=90 yes_ask=92 no_bid=8 no_ask=10 book_ready=True position=True pending=False dry_run=False trust=synced run_id=d477ba43-4784-4407-80f2-39da0bb3c61c
2026-05-08 17:22:32,813 | INFO | EXIT fill | market=KXBTC15M-26MAY081730-30 side=no slice=1/1 qty=2 cumulative=2/2 remaining=0
2026-05-08 17:22:32,839 | INFO | Mushroom v28 entry approved | market=KXBTC15M-26MAY081730-30 side=no ask=10c max_buy=12c qty=2 p_side=0.1662 edge=5.625c depth=1537.94 btc_age_ms=16.0 secs_to_close=447.16
2026-05-08 17:22:32,853 | INFO | Execution state | market=KXBTC15M-26MAY081730-30 side=no state=eligible reason=pre_filters_disabled trust=synced run_id=d477ba43-4784-4407-80f2-39da0bb3c61c
2026-05-08 17:22:32,854 | INFO | Live fill policy approved | market=KXBTC15M-26MAY081730-30 side=no trigger=10c tif=immediate_or_cancel limit=10c depth=1537.94 required=3 book_age_ms=266.0 secs_to_close=447.16 reason=single_shot_abundant_depth
2026-05-08 17:22:32,855 | INFO | ENTRY signal | market=KXBTC15M-26MAY081730-30 action=buy side=no trigger=10c limit=10c qty=2 book_ready=True
2026-05-08 17:22:32,856 | INFO | Execution state | market=KXBTC15M-26MAY081730-30 side=no state=submitting reason=single_shot_abundant_depth trust=synced run_id=d477ba43-4784-4407-80f2-39da0bb3c61c
2026-05-08 17:22:32,906 | INFO | ENTRY immediate fill | market=KXBTC15M-26MAY081730-30 side=no qty=2 limit=10c
2026-05-08 17:22:32,907 | INFO | Execution state | market=KXBTC15M-26MAY081730-30 side=no state=filled reason=single_shot_abundant_depth trust=synced run_id=d477ba43-4784-4407-80f2-39da0bb3c61c
2026-05-08 17:22:47,773 | INFO | Heartbeat | watch=KXBTC15M-26MAY081730-30 yes_bid=93 yes_ask=94 no_bid=6 no_ask=7 book_ready=True position=True pending=False dry_run=False trust=synced run_id=d477ba43-4784-4407-80f2-39da0bb3c61c
2026-05-08 17:23:02,818 | INFO | Heartbeat | watch=KXBTC15M-26MAY081730-30 yes_bid=92 yes_ask=93 no_bid=7 no_ask=8 book_ready=True position=True pending=False dry_run=False trust=synced run_id=d477ba43-4784-4407-80f2-39da0bb3c61c
2026-05-08 17:23:03,802 | INFO | EXIT signal | market=KXBTC15M-26MAY081730-30 action=sell side=no trigger=7c limit=7c qty=2 book_ready=True mode=single_shot_ioc slices=1 attempt=0
2026-05-08 17:23:03,803 | INFO | Latency | purpose=exit feed_age_ms=497.0 local_reaction_ms=235.0 trigger_seen_at=2026-05-08T21:23:03.803692+00:00 market_msg_time=2026-05-08T21:23:03.30668Z
2026-05-08 17:23:03,803 | INFO | Exit plan approved | market=KXBTC15M-26MAY081730-30 side=no trigger=7c limit=7c top_bid=7 depth=1066.99 required=2 book_age_ms=15.0 secs_to_close=416.42 reason=mushroom_v28_probability_collapse_full_single_shot_visible_depth mode=single_shot_ioc attempt=0
2026-05-08 17:23:04,760 | INFO | EXIT signal | market=KXBTC15M-26MAY081730-30 action=sell side=no trigger=6c limit=6c qty=2 book_ready=True mode=single_shot_ioc slices=1 attempt=0
2026-05-08 17:23:04,768 | INFO | Latency | purpose=exit feed_age_ms=37.1 local_reaction_ms=188.0 trigger_seen_at=2026-05-08T21:23:04.768303+00:00 market_msg_time=2026-05-08T21:23:04.731185Z
2026-05-08 17:23:04,769 | INFO | Exit plan approved | market=KXBTC15M-26MAY081730-30 side=no trigger=6c limit=6c top_bid=6 depth=1453.00 required=2 book_age_ms=15.0 secs_to_close=415.42 reason=mushroom_v28_probability_collapse_full_single_shot_visible_depth mode=single_shot_ioc attempt=0
2026-05-08 17:23:04,812 | INFO | EXIT fill | market=KXBTC15M-26MAY081730-30 side=no slice=1/1 qty=2 cumulative=2/2 remaining=0
2026-05-08 17:23:04,837 | INFO | Mushroom v28 entry approved | market=KXBTC15M-26MAY081730-30 side=no ask=7c max_buy=11c qty=2 p_side=0.1536 edge=7.863c depth=87.52 btc_age_ms=47.0 secs_to_close=415.17
2026-05-08 17:23:04,844 | INFO | Execution state | market=KXBTC15M-26MAY081730-30 side=no state=eligible reason=pre_filters_disabled trust=synced run_id=d477ba43-4784-4407-80f2-39da0bb3c61c
2026-05-08 17:23:04,845 | INFO | Live fill policy approved | market=KXBTC15M-26MAY081730-30 side=no trigger=7c tif=immediate_or_cancel limit=7c depth=87.52 required=3 book_age_ms=266.0 secs_to_close=415.17 reason=single_shot_abundant_depth
2026-05-08 17:23:04,845 | INFO | ENTRY signal | market=KXBTC15M-26MAY081730-30 action=buy side=no trigger=7c limit=7c qty=2 book_ready=True
2026-05-08 17:23:04,846 | INFO | Execution state | market=KXBTC15M-26MAY081730-30 side=no state=submitting reason=single_shot_abundant_depth trust=synced run_id=d477ba43-4784-4407-80f2-39da0bb3c61c
2026-05-08 17:23:04,885 | INFO | ENTRY immediate fill | market=KXBTC15M-26MAY081730-30 side=no qty=2 limit=7c
2026-05-08 17:23:04,886 | INFO | Execution state | market=KXBTC15M-26MAY081730-30 side=no state=filled reason=single_shot_abundant_depth trust=synced run_id=d477ba43-4784-4407-80f2-39da0bb3c61c
2026-05-08 17:23:17,817 | INFO | Heartbeat | watch=KXBTC15M-26MAY081730-30 yes_bid=93 yes_ask=94 no_bid=6 no_ask=7 book_ready=True position=True pending=False dry_run=False trust=synced run_id=d477ba43-4784-4407-80f2-39da0bb3c61c
2026-05-08 17:23:32,852 | INFO | Heartbeat | watch=KXBTC15M-26MAY081730-30 yes_bid=95 yes_ask=95 no_bid=5 no_ask=5 book_ready=True position=True pending=False dry_run=False trust=synced run_id=d477ba43-4784-4407-80f2-39da0bb3c61c
2026-05-08 17:23:35,749 | INFO | EXIT signal | market=KXBTC15M-26MAY081730-30 action=sell side=no trigger=4c limit=4c qty=2 book_ready=True mode=single_shot_ioc slices=1 attempt=0
2026-05-08 17:23:35,758 | INFO | Latency | purpose=exit feed_age_ms=75.3 local_reaction_ms=188.0 trigger_seen_at=2026-05-08T21:23:35.758534+00:00 market_msg_time=2026-05-08T21:23:35.683222Z
2026-05-08 17:23:35,758 | INFO | Exit plan approved | market=KXBTC15M-26MAY081730-30 side=no trigger=4c limit=4c top_bid=4 depth=1881.23 required=2 book_age_ms=0.0 secs_to_close=384.42 reason=mushroom_v28_probability_collapse_full_single_shot_visible_depth mode=single_shot_ioc attempt=0
2026-05-08 17:23:35,803 | INFO | EXIT fill | market=KXBTC15M-26MAY081730-30 side=no slice=1/1 qty=2 cumulative=2/2 remaining=0
2026-05-08 17:23:35,826 | INFO | Mushroom v28 entry approved | market=KXBTC15M-26MAY081730-30 side=no ask=5c max_buy=9c qty=2 p_side=0.1301 edge=7.509c depth=9200.43 btc_age_ms=1906.0 secs_to_close=384.18
2026-05-08 17:23:35,833 | INFO | Execution state | market=KXBTC15M-26MAY081730-30 side=no state=eligible reason=pre_filters_disabled trust=synced run_id=d477ba43-4784-4407-80f2-39da0bb3c61c
2026-05-08 17:23:35,834 | INFO | Live fill policy approved | market=KXBTC15M-26MAY081730-30 side=no trigger=5c tif=immediate_or_cancel limit=5c depth=9200.43 required=3 book_age_ms=250.0 secs_to_close=384.18 reason=single_shot_abundant_depth
2026-05-08 17:23:35,835 | INFO | ENTRY signal | market=KXBTC15M-26MAY081730-30 action=buy side=no trigger=5c limit=5c qty=2 book_ready=True
2026-05-08 17:23:35,835 | INFO | Execution state | market=KXBTC15M-26MAY081730-30 side=no state=submitting reason=single_shot_abundant_depth trust=synced run_id=d477ba43-4784-4407-80f2-39da0bb3c61c
2026-05-08 17:23:35,875 | INFO | ENTRY immediate fill | market=KXBTC15M-26MAY081730-30 side=no qty=2 limit=5c
2026-05-08 17:23:35,875 | INFO | Execution state | market=KXBTC15M-26MAY081730-30 side=no state=filled reason=single_shot_abundant_depth trust=synced run_id=d477ba43-4784-4407-80f2-39da0bb3c61c
2026-05-08 17:23:39,529 | INFO | Mushroom v28 BTC REST fallback refreshed stale tick | previous_age_ms=3047.0 threshold_ms=3000.0 source=coinbase_spot_rest
2026-05-08 17:23:47,900 | INFO | Heartbeat | watch=KXBTC15M-26MAY081730-30 yes_bid=96 yes_ask=96 no_bid=4 no_ask=4 book_ready=True position=True pending=False dry_run=False trust=synced run_id=d477ba43-4784-4407-80f2-39da0bb3c61c
2026-05-08 17:23:50,907 | INFO | Mushroom v28 BTC REST fallback refreshed stale tick | previous_age_ms=3016.0 threshold_ms=3000.0 source=coinbase_spot_rest
2026-05-08 17:23:55,130 | INFO | Mushroom v28 BTC REST fallback refreshed stale tick | previous_age_ms=3031.0 threshold_ms=3000.0 source=coinbase_spot_rest
2026-05-08 17:24:02,935 | INFO | Heartbeat | watch=KXBTC15M-26MAY081730-30 yes_bid=96 yes_ask=97 no_bid=3 no_ask=4 book_ready=True position=True pending=False dry_run=False trust=synced run_id=d477ba43-4784-4407-80f2-39da0bb3c61c
2026-05-08 17:24:03,855 | INFO | Mushroom v28 BTC REST fallback refreshed stale tick | previous_age_ms=3047.0 threshold_ms=3000.0 source=coinbase_spot_rest
2026-05-08 17:24:06,781 | INFO | EXIT signal | market=KXBTC15M-26MAY081730-30 action=sell side=no trigger=3c limit=3c qty=2 book_ready=True mode=single_shot_ioc slices=1 attempt=0
2026-05-08 17:24:06,782 | INFO | Latency | purpose=exit feed_age_ms=108.6 local_reaction_ms=203.0 trigger_seen_at=2026-05-08T21:24:06.782908+00:00 market_msg_time=2026-05-08T21:24:06.67435Z
2026-05-08 17:24:06,783 | INFO | Exit plan approved | market=KXBTC15M-26MAY081730-30 side=no trigger=3c limit=3c top_bid=3 depth=832.16 required=2 book_age_ms=31.0 secs_to_close=353.42 reason=mushroom_v28_probability_collapse_full_single_shot_visible_depth mode=single_shot_ioc attempt=0
2026-05-08 17:24:06,845 | INFO | EXIT fill | market=KXBTC15M-26MAY081730-30 side=no slice=1/1 qty=2 cumulative=2/2 remaining=0
2026-05-08 17:24:12,259 | INFO | Mushroom v28 entry approved | market=KXBTC15M-26MAY081730-30 side=no ask=3c max_buy=9c qty=2 p_side=0.1265 edge=9.154c depth=209.62 btc_age_ms=31.0 secs_to_close=347.74
2026-05-08 17:24:12,280 | INFO | Execution state | market=KXBTC15M-26MAY081730-30 side=no state=eligible reason=pre_filters_disabled trust=synced run_id=d477ba43-4784-4407-80f2-39da0bb3c61c
2026-05-08 17:24:12,281 | INFO | Live fill policy approved | market=KXBTC15M-26MAY081730-30 side=no trigger=3c tif=immediate_or_cancel limit=3c depth=209.62 required=3 book_age_ms=688.0 secs_to_close=347.74 reason=single_shot_abundant_depth
2026-05-08 17:24:12,282 | INFO | ENTRY signal | market=KXBTC15M-26MAY081730-30 action=buy side=no trigger=3c limit=3c qty=2 book_ready=True
2026-05-08 17:24:12,283 | INFO | Execution state | market=KXBTC15M-26MAY081730-30 side=no state=submitting reason=single_shot_abundant_depth trust=synced run_id=d477ba43-4784-4407-80f2-39da0bb3c61c
2026-05-08 17:24:12,329 | INFO | Execution state | market=KXBTC15M-26MAY081730-30 side=no state=abandoned reason=zero_fill trust=synced run_id=d477ba43-4784-4407-80f2-39da0bb3c61c
2026-05-08 17:24:14,319 | INFO | Mushroom v28 entry approved | market=KXBTC15M-26MAY081730-30 side=no ask=3c max_buy=9c qty=2 p_side=0.1264 edge=9.137c depth=209.62 btc_age_ms=1797.0 secs_to_close=345.68
2026-05-08 17:24:14,342 | INFO | Execution state | market=KXBTC15M-26MAY081730-30 side=no state=eligible reason=pre_filters_disabled trust=synced run_id=d477ba43-4784-4407-80f2-39da0bb3c61c
2026-05-08 17:24:14,343 | INFO | Live fill policy approved | market=KXBTC15M-26MAY081730-30 side=no trigger=3c tif=immediate_or_cancel limit=3c depth=209.62 required=3 book_age_ms=750.0 secs_to_close=345.68 reason=single_shot_abundant_depth
2026-05-08 17:24:14,344 | INFO | ENTRY signal | market=KXBTC15M-26MAY081730-30 action=buy side=no trigger=3c limit=3c qty=2 book_ready=True
2026-05-08 17:24:14,344 | INFO | Execution state | market=KXBTC15M-26MAY081730-30 side=no state=submitting reason=single_shot_abundant_depth trust=synced run_id=d477ba43-4784-4407-80f2-39da0bb3c61c
2026-05-08 17:24:14,395 | INFO | Execution state | market=KXBTC15M-26MAY081730-30 side=no state=abandoned reason=zero_fill trust=synced run_id=d477ba43-4784-4407-80f2-39da0bb3c61c
2026-05-08 17:24:16,576 | INFO | Mushroom v28 entry approved | market=KXBTC15M-26MAY081730-30 side=no ask=4c max_buy=9c qty=2 p_side=0.1262 edge=8.119c depth=7591.05 btc_age_ms=640.0 secs_to_close=343.42
2026-05-08 17:24:16,596 | INFO | Execution state | market=KXBTC15M-26MAY081730-30 side=no state=eligible reason=pre_filters_disabled trust=synced run_id=d477ba43-4784-4407-80f2-39da0bb3c61c
2026-05-08 17:24:16,596 | INFO | Live fill policy approved | market=KXBTC15M-26MAY081730-30 side=no trigger=4c tif=immediate_or_cancel limit=4c depth=7591.05 required=3 book_age_ms=0.0 secs_to_close=343.42 reason=single_shot_abundant_depth
2026-05-08 17:24:16,597 | INFO | ENTRY signal | market=KXBTC15M-26MAY081730-30 action=buy side=no trigger=4c limit=4c qty=2 book_ready=True
2026-05-08 17:24:16,597 | INFO | Execution state | market=KXBTC15M-26MAY081730-30 side=no state=submitting reason=single_shot_abundant_depth trust=synced run_id=d477ba43-4784-4407-80f2-39da0bb3c61c
2026-05-08 17:24:16,703 | INFO | ENTRY immediate fill | market=KXBTC15M-26MAY081730-30 side=no qty=2 limit=4c
2026-05-08 17:24:16,704 | INFO | Execution state | market=KXBTC15M-26MAY081730-30 side=no state=filled reason=single_shot_abundant_depth trust=synced run_id=d477ba43-4784-4407-80f2-39da0bb3c61c
2026-05-08 17:24:17,945 | INFO | Heartbeat | watch=KXBTC15M-26MAY081730-30 yes_bid=96 yes_ask=97 no_bid=3 no_ask=4 book_ready=True position=True pending=False dry_run=False trust=synced run_id=d477ba43-4784-4407-80f2-39da0bb3c61c
2026-05-08 17:24:32,964 | INFO | Heartbeat | watch=KXBTC15M-26MAY081730-30 yes_bid=96 yes_ask=96 no_bid=4 no_ask=4 book_ready=True position=True pending=False dry_run=False trust=synced run_id=d477ba43-4784-4407-80f2-39da0bb3c61c
2026-05-08 17:24:46,956 | INFO | EXIT signal | market=KXBTC15M-26MAY081730-30 action=sell side=no trigger=8c limit=8c qty=2 book_ready=True mode=single_shot_ioc slices=1 attempt=0
2026-05-08 17:24:46,965 | INFO | Latency | purpose=exit feed_age_ms=254.4 local_reaction_ms=391.0 trigger_seen_at=2026-05-08T21:24:46.965289+00:00 market_msg_time=2026-05-08T21:24:46.710866Z
2026-05-08 17:24:46,965 | INFO | Exit plan approved | market=KXBTC15M-26MAY081730-30 side=no trigger=8c limit=8c top_bid=8 depth=397.00 required=2 book_age_ms=141.0 secs_to_close=313.29 reason=mushroom_v28_probability_collapse_full_single_shot_visible_depth mode=single_shot_ioc attempt=0
2026-05-08 17:24:46,968 | INFO | Mushroom v28 BTC REST fallback refreshed stale tick | previous_age_ms=3047.0 threshold_ms=3000.0 source=coinbase_spot_rest
2026-05-08 17:24:47,014 | INFO | EXIT fill | market=KXBTC15M-26MAY081730-30 side=no slice=1/1 qty=2 cumulative=2/2 remaining=0
2026-05-08 17:24:47,042 | INFO | Mushroom v28 entry approved | market=KXBTC15M-26MAY081730-30 side=no ask=8c max_buy=8c qty=2 p_side=0.1233 edge=3.335c depth=14 btc_age_ms=203.0 secs_to_close=312.96
2026-05-08 17:24:47,050 | INFO | Execution state | market=KXBTC15M-26MAY081730-30 side=no state=eligible reason=pre_filters_disabled trust=synced run_id=d477ba43-4784-4407-80f2-39da0bb3c61c
2026-05-08 17:24:47,050 | INFO | Execution deferred | market=KXBTC15M-26MAY081730-30 side=no reason=fast_fill_insufficient_depth_ratio trigger=8 top_of_book=8 book=[8:14, 9:1260, 10:181, 11:2232.06, 12:90] trust=synced
2026-05-08 17:24:47,051 | INFO | Execution state | market=KXBTC15M-26MAY081730-30 side=no state=abandoned reason=fast_fill_insufficient_depth_ratio trust=synced run_id=d477ba43-4784-4407-80f2-39da0bb3c61c
2026-05-08 17:24:47,052 | INFO | Mushroom v28 entry approved | market=KXBTC15M-26MAY081730-30 side=no ask=8c max_buy=8c qty=2 p_side=0.1233 edge=3.335c depth=1727.55 btc_age_ms=219.0 secs_to_close=312.95
2026-05-08 17:24:47,059 | INFO | Execution state | market=KXBTC15M-26MAY081730-30 side=no state=eligible reason=pre_filters_disabled trust=synced run_id=d477ba43-4784-4407-80f2-39da0bb3c61c
2026-05-08 17:24:47,059 | INFO | Live fill policy approved | market=KXBTC15M-26MAY081730-30 side=no trigger=8c tif=immediate_or_cancel limit=8c depth=1727.55 required=3 book_age_ms=485.0 secs_to_close=312.95 reason=single_shot_abundant_depth
2026-05-08 17:24:47,060 | INFO | ENTRY signal | market=KXBTC15M-26MAY081730-30 action=buy side=no trigger=8c limit=8c qty=2 book_ready=True
2026-05-08 17:24:47,060 | INFO | Execution state | market=KXBTC15M-26MAY081730-30 side=no state=submitting reason=single_shot_abundant_depth trust=synced run_id=d477ba43-4784-4407-80f2-39da0bb3c61c
2026-05-08 17:24:47,101 | INFO | Execution state | market=KXBTC15M-26MAY081730-30 side=no state=abandoned reason=zero_fill trust=synced run_id=d477ba43-4784-4407-80f2-39da0bb3c61c
2026-05-08 17:24:48,050 | INFO | Heartbeat | watch=KXBTC15M-26MAY081730-30 yes_bid=92 yes_ask=92 no_bid=8 no_ask=8 book_ready=True position=False pending=False dry_run=False trust=synced run_id=d477ba43-4784-4407-80f2-39da0bb3c61c
2026-05-08 17:24:49,112 | INFO | Mushroom v28 entry approved | market=KXBTC15M-26MAY081730-30 side=no ask=8c max_buy=14c qty=2 p_side=0.1823 edge=9.226c depth=1506.36 btc_age_ms=938.0 secs_to_close=310.89
2026-05-08 17:24:49,122 | INFO | Execution state | market=KXBTC15M-26MAY081730-30 side=no state=eligible reason=pre_filters_disabled trust=synced run_id=d477ba43-4784-4407-80f2-39da0bb3c61c
2026-05-08 17:24:49,123 | INFO | Live fill policy approved | market=KXBTC15M-26MAY081730-30 side=no trigger=8c tif=immediate_or_cancel limit=8c depth=1506.36 required=3 book_age_ms=532.0 secs_to_close=310.89 reason=single_shot_abundant_depth
2026-05-08 17:24:49,124 | INFO | ENTRY signal | market=KXBTC15M-26MAY081730-30 action=buy side=no trigger=8c limit=8c qty=2 book_ready=True
2026-05-08 17:24:49,124 | INFO | Execution state | market=KXBTC15M-26MAY081730-30 side=no state=submitting reason=single_shot_abundant_depth trust=synced run_id=d477ba43-4784-4407-80f2-39da0bb3c61c
2026-05-08 17:24:49,169 | INFO | ENTRY immediate fill | market=KXBTC15M-26MAY081730-30 side=no qty=2 limit=8c
2026-05-08 17:24:49,170 | INFO | Execution state | market=KXBTC15M-26MAY081730-30 side=no state=filled reason=single_shot_abundant_depth trust=synced run_id=d477ba43-4784-4407-80f2-39da0bb3c61c
2026-05-08 17:25:03,066 | INFO | Heartbeat | watch=KXBTC15M-26MAY081730-30 yes_bid=89 yes_ask=90 no_bid=10 no_ask=11 book_ready=True position=True pending=False dry_run=False trust=synced run_id=d477ba43-4784-4407-80f2-39da0bb3c61c
2026-05-08 17:25:05,642 | INFO | Mushroom v28 BTC REST fallback refreshed stale tick | previous_age_ms=3016.0 threshold_ms=3000.0 source=coinbase_spot_rest
2026-05-08 17:25:10,340 | INFO | Mushroom v28 BTC REST fallback refreshed stale tick | previous_age_ms=3032.0 threshold_ms=3000.0 source=coinbase_spot_rest
2026-05-08 17:25:14,652 | INFO | Mushroom v28 BTC REST fallback refreshed stale tick | previous_age_ms=3062.0 threshold_ms=3000.0 source=coinbase_spot_rest
2026-05-08 17:25:18,062 | INFO | Heartbeat | watch=KXBTC15M-26MAY081730-30 yes_bid=90 yes_ask=91 no_bid=9 no_ask=10 book_ready=True position=True pending=False dry_run=False trust=synced run_id=d477ba43-4784-4407-80f2-39da0bb3c61c
2026-05-08 17:25:19,764 | INFO | EXIT signal | market=KXBTC15M-26MAY081730-30 action=sell side=no trigger=9c limit=9c qty=2 book_ready=True mode=single_shot_ioc slices=1 attempt=0
2026-05-08 17:25:19,773 | INFO | Latency | purpose=exit feed_age_ms=99.1 local_reaction_ms=203.0 trigger_seen_at=2026-05-08T21:25:19.773520+00:00 market_msg_time=2026-05-08T21:25:19.674413Z
2026-05-08 17:25:19,773 | INFO | Exit plan approved | market=KXBTC15M-26MAY081730-30 side=no trigger=9c limit=9c top_bid=9 depth=1898.00 required=2 book_age_ms=0.0 secs_to_close=280.42 reason=mushroom_v28_probability_collapse_full_single_shot_visible_depth mode=single_shot_ioc attempt=0
2026-05-08 17:25:19,819 | INFO | EXIT fill | market=KXBTC15M-26MAY081730-30 side=no slice=1/1 qty=2 cumulative=2/2 remaining=0
2026-05-08 17:25:33,069 | INFO | Heartbeat | watch=KXBTC15M-26MAY081730-30 yes_bid=90 yes_ask=91 no_bid=9 no_ask=10 book_ready=True position=False pending=False dry_run=False trust=synced run_id=d477ba43-4784-4407-80f2-39da0bb3c61c
2026-05-08 17:25:48,085 | INFO | Heartbeat | watch=KXBTC15M-26MAY081730-30 yes_bid=87 yes_ask=89 no_bid=11 no_ask=13 book_ready=True position=False pending=False dry_run=False trust=synced run_id=d477ba43-4784-4407-80f2-39da0bb3c61c
2026-05-08 17:25:49,699 | INFO | Mushroom v28 BTC REST fallback refreshed stale tick | previous_age_ms=3016.0 threshold_ms=3000.0 source=coinbase_spot_rest
