2026-05-08 13:00:58,627 | INFO | Starting WS bot. run_id=e155dace-5db4-4ab2-9b50-8916d812c42c dry_run=False base_url=https://api.elections.kalshi.com/trade-api/v2 ws_url=wss://api.elections.kalshi.com/trade-api/ws/v2 series=KXBTC15M
2026-05-08 13:00:59,925 | INFO | Watching market KXBTC15M-26MAY081315-15 close_time=2026-05-08T17:15:00Z status=active strike=79793.68 run_id=e155dace-5db4-4ab2-9b50-8916d812c42c
2026-05-08 13:00:59,925 | INFO | Heartbeat | watch=KXBTC15M-26MAY081315-15 yes_bid=None yes_ask=None no_bid=None no_ask=None book_ready=False position=False pending=False dry_run=False trust=cold run_id=e155dace-5db4-4ab2-9b50-8916d812c42c
2026-05-08 13:01:00,095 | INFO | WS connected for KXBTC15M-26MAY081315-15
2026-05-08 13:01:00,114 | INFO | Mushroom v28 BTC tick stream connected | source=coinbase url=wss://ws-feed.exchange.coinbase.com
2026-05-08 13:01:00,125 | INFO | WS subscribed payload: {'type': 'subscribed', 'id': 1, 'msg': {'channel': 'ticker', 'sid': 1}}
2026-05-08 13:01:00,125 | INFO | WS subscribed payload: {'type': 'subscribed', 'id': 1, 'msg': {'channel': 'orderbook_delta', 'sid': 2}}
2026-05-08 13:01:00,125 | INFO | Orderbook snapshot ready for KXBTC15M-26MAY081315-15
2026-05-08 13:01:11,595 | INFO | Mushroom v28 BTC REST fallback refreshed stale tick | previous_age_ms=7047.0 threshold_ms=3000.0 source=coinbase_spot_rest
2026-05-08 13:01:14,942 | INFO | Heartbeat | watch=KXBTC15M-26MAY081315-15 yes_bid=67 yes_ask=70 no_bid=30 no_ask=33 book_ready=True position=False pending=False dry_run=False trust=synced run_id=e155dace-5db4-4ab2-9b50-8916d812c42c
2026-05-08 13:01:29,975 | INFO | Heartbeat | watch=KXBTC15M-26MAY081315-15 yes_bid=69 yes_ask=71 no_bid=29 no_ask=31 book_ready=True position=False pending=False dry_run=False trust=synced run_id=e155dace-5db4-4ab2-9b50-8916d812c42c
2026-05-08 13:01:44,982 | INFO | Heartbeat | watch=KXBTC15M-26MAY081315-15 yes_bid=62 yes_ask=63 no_bid=37 no_ask=38 book_ready=True position=False pending=False dry_run=False trust=synced run_id=e155dace-5db4-4ab2-9b50-8916d812c42c
2026-05-08 13:02:00,024 | INFO | Heartbeat | watch=KXBTC15M-26MAY081315-15 yes_bid=57 yes_ask=58 no_bid=42 no_ask=43 book_ready=True position=False pending=False dry_run=False trust=synced run_id=e155dace-5db4-4ab2-9b50-8916d812c42c
2026-05-08 13:02:15,057 | INFO | Heartbeat | watch=KXBTC15M-26MAY081315-15 yes_bid=68 yes_ask=70 no_bid=30 no_ask=32 book_ready=True position=False pending=False dry_run=False trust=synced run_id=e155dace-5db4-4ab2-9b50-8916d812c42c
2026-05-08 13:02:30,059 | INFO | Heartbeat | watch=KXBTC15M-26MAY081315-15 yes_bid=69 yes_ask=70 no_bid=30 no_ask=31 book_ready=True position=False pending=False dry_run=False trust=synced run_id=e155dace-5db4-4ab2-9b50-8916d812c42c
2026-05-08 13:02:45,074 | INFO | Heartbeat | watch=KXBTC15M-26MAY081315-15 yes_bid=69 yes_ask=70 no_bid=30 no_ask=31 book_ready=True position=False pending=False dry_run=False trust=synced run_id=e155dace-5db4-4ab2-9b50-8916d812c42c
2026-05-08 13:03:00,102 | INFO | Heartbeat | watch=KXBTC15M-26MAY081315-15 yes_bid=65 yes_ask=67 no_bid=33 no_ask=35 book_ready=True position=False pending=False dry_run=False trust=synced run_id=e155dace-5db4-4ab2-9b50-8916d812c42c
2026-05-08 13:03:15,109 | INFO | Heartbeat | watch=KXBTC15M-26MAY081315-15 yes_bid=72 yes_ask=73 no_bid=27 no_ask=28 book_ready=True position=False pending=False dry_run=False trust=synced run_id=e155dace-5db4-4ab2-9b50-8916d812c42c
2026-05-08 13:03:30,157 | INFO | Heartbeat | watch=KXBTC15M-26MAY081315-15 yes_bid=71 yes_ask=72 no_bid=28 no_ask=29 book_ready=True position=False pending=False dry_run=False trust=synced run_id=e155dace-5db4-4ab2-9b50-8916d812c42c
2026-05-08 13:03:45,175 | INFO | Heartbeat | watch=KXBTC15M-26MAY081315-15 yes_bid=71 yes_ask=72 no_bid=28 no_ask=29 book_ready=True position=False pending=False dry_run=False trust=synced run_id=e155dace-5db4-4ab2-9b50-8916d812c42c
2026-05-08 13:04:00,189 | INFO | Heartbeat | watch=KXBTC15M-26MAY081315-15 yes_bid=67 yes_ask=69 no_bid=31 no_ask=33 book_ready=True position=False pending=False dry_run=False trust=synced run_id=e155dace-5db4-4ab2-9b50-8916d812c42c
2026-05-08 13:04:15,233 | INFO | Heartbeat | watch=KXBTC15M-26MAY081315-15 yes_bid=63 yes_ask=64 no_bid=36 no_ask=37 book_ready=True position=False pending=False dry_run=False trust=synced run_id=e155dace-5db4-4ab2-9b50-8916d812c42c
2026-05-08 13:04:30,279 | INFO | Heartbeat | watch=KXBTC15M-26MAY081315-15 yes_bid=70 yes_ask=71 no_bid=29 no_ask=30 book_ready=True position=False pending=False dry_run=False trust=synced run_id=e155dace-5db4-4ab2-9b50-8916d812c42c
2026-05-08 13:04:45,307 | INFO | Heartbeat | watch=KXBTC15M-26MAY081315-15 yes_bid=82 yes_ask=83 no_bid=17 no_ask=18 book_ready=True position=False pending=False dry_run=False trust=synced run_id=e155dace-5db4-4ab2-9b50-8916d812c42c
2026-05-08 13:05:00,339 | INFO | Heartbeat | watch=KXBTC15M-26MAY081315-15 yes_bid=78 yes_ask=79 no_bid=21 no_ask=22 book_ready=True position=False pending=False dry_run=False trust=synced run_id=e155dace-5db4-4ab2-9b50-8916d812c42c
2026-05-08 13:05:15,341 | INFO | Heartbeat | watch=KXBTC15M-26MAY081315-15 yes_bid=80 yes_ask=81 no_bid=19 no_ask=20 book_ready=True position=False pending=False dry_run=False trust=synced run_id=e155dace-5db4-4ab2-9b50-8916d812c42c
2026-05-08 13:05:30,344 | INFO | Heartbeat | watch=KXBTC15M-26MAY081315-15 yes_bid=81 yes_ask=82 no_bid=18 no_ask=19 book_ready=True position=False pending=False dry_run=False trust=synced run_id=e155dace-5db4-4ab2-9b50-8916d812c42c
2026-05-08 13:05:45,361 | INFO | Heartbeat | watch=KXBTC15M-26MAY081315-15 yes_bid=81 yes_ask=82 no_bid=18 no_ask=19 book_ready=True position=False pending=False dry_run=False trust=synced run_id=e155dace-5db4-4ab2-9b50-8916d812c42c
2026-05-08 13:06:00,388 | INFO | Heartbeat | watch=KXBTC15M-26MAY081315-15 yes_bid=88 yes_ask=90 no_bid=10 no_ask=12 book_ready=True position=False pending=False dry_run=False trust=synced run_id=e155dace-5db4-4ab2-9b50-8916d812c42c
2026-05-08 13:06:15,417 | INFO | Heartbeat | watch=KXBTC15M-26MAY081315-15 yes_bid=85 yes_ask=86 no_bid=14 no_ask=15 book_ready=True position=False pending=False dry_run=False trust=synced run_id=e155dace-5db4-4ab2-9b50-8916d812c42c
2026-05-08 13:06:30,461 | INFO | Heartbeat | watch=KXBTC15M-26MAY081315-15 yes_bid=84 yes_ask=85 no_bid=15 no_ask=16 book_ready=True position=False pending=False dry_run=False trust=synced run_id=e155dace-5db4-4ab2-9b50-8916d812c42c
2026-05-08 13:06:45,492 | INFO | Heartbeat | watch=KXBTC15M-26MAY081315-15 yes_bid=88 yes_ask=89 no_bid=11 no_ask=12 book_ready=True position=False pending=False dry_run=False trust=synced run_id=e155dace-5db4-4ab2-9b50-8916d812c42c
2026-05-08 13:07:00,499 | INFO | Heartbeat | watch=KXBTC15M-26MAY081315-15 yes_bid=93 yes_ask=94 no_bid=6 no_ask=7 book_ready=True position=False pending=False dry_run=False trust=synced run_id=e155dace-5db4-4ab2-9b50-8916d812c42c
2026-05-08 13:07:15,494 | INFO | Heartbeat | watch=KXBTC15M-26MAY081315-15 yes_bid=92 yes_ask=93 no_bid=7 no_ask=8 book_ready=True position=False pending=False dry_run=False trust=synced run_id=e155dace-5db4-4ab2-9b50-8916d812c42c
2026-05-08 13:07:30,498 | INFO | Heartbeat | watch=KXBTC15M-26MAY081315-15 yes_bid=90 yes_ask=90 no_bid=10 no_ask=10 book_ready=True position=False pending=False dry_run=False trust=synced run_id=e155dace-5db4-4ab2-9b50-8916d812c42c
2026-05-08 13:07:45,538 | INFO | Heartbeat | watch=KXBTC15M-26MAY081315-15 yes_bid=86 yes_ask=87 no_bid=13 no_ask=14 book_ready=True position=False pending=False dry_run=False trust=synced run_id=e155dace-5db4-4ab2-9b50-8916d812c42c
2026-05-08 13:08:00,541 | INFO | Heartbeat | watch=KXBTC15M-26MAY081315-15 yes_bid=87 yes_ask=88 no_bid=12 no_ask=13 book_ready=True position=False pending=False dry_run=False trust=synced run_id=e155dace-5db4-4ab2-9b50-8916d812c42c
2026-05-08 13:08:15,572 | INFO | Heartbeat | watch=KXBTC15M-26MAY081315-15 yes_bid=83 yes_ask=84 no_bid=16 no_ask=17 book_ready=True position=False pending=False dry_run=False trust=synced run_id=e155dace-5db4-4ab2-9b50-8916d812c42c
2026-05-08 13:08:30,580 | INFO | Heartbeat | watch=KXBTC15M-26MAY081315-15 yes_bid=80 yes_ask=81 no_bid=19 no_ask=20 book_ready=True position=False pending=False dry_run=False trust=synced run_id=e155dace-5db4-4ab2-9b50-8916d812c42c
2026-05-08 13:08:45,574 | INFO | Heartbeat | watch=KXBTC15M-26MAY081315-15 yes_bid=80 yes_ask=81 no_bid=19 no_ask=20 book_ready=True position=False pending=False dry_run=False trust=synced run_id=e155dace-5db4-4ab2-9b50-8916d812c42c
2026-05-08 13:09:00,576 | INFO | Heartbeat | watch=KXBTC15M-26MAY081315-15 yes_bid=79 yes_ask=80 no_bid=20 no_ask=21 book_ready=True position=False pending=False dry_run=False trust=synced run_id=e155dace-5db4-4ab2-9b50-8916d812c42c
2026-05-08 13:09:15,586 | INFO | Heartbeat | watch=KXBTC15M-26MAY081315-15 yes_bid=78 yes_ask=79 no_bid=21 no_ask=22 book_ready=True position=False pending=False dry_run=False trust=synced run_id=e155dace-5db4-4ab2-9b50-8916d812c42c
2026-05-08 13:09:30,625 | INFO | Heartbeat | watch=KXBTC15M-26MAY081315-15 yes_bid=85 yes_ask=86 no_bid=14 no_ask=15 book_ready=True position=False pending=False dry_run=False trust=synced run_id=e155dace-5db4-4ab2-9b50-8916d812c42c
2026-05-08 13:09:45,652 | INFO | Heartbeat | watch=KXBTC15M-26MAY081315-15 yes_bid=63 yes_ask=64 no_bid=36 no_ask=37 book_ready=True position=False pending=False dry_run=False trust=synced run_id=e155dace-5db4-4ab2-9b50-8916d812c42c
2026-05-08 13:10:00,684 | INFO | Heartbeat | watch=KXBTC15M-26MAY081315-15 yes_bid=59 yes_ask=61 no_bid=39 no_ask=41 book_ready=True position=False pending=False dry_run=False trust=synced run_id=e155dace-5db4-4ab2-9b50-8916d812c42c
2026-05-08 13:10:15,689 | INFO | Heartbeat | watch=KXBTC15M-26MAY081315-15 yes_bid=48 yes_ask=49 no_bid=51 no_ask=52 book_ready=True position=False pending=False dry_run=False trust=synced run_id=e155dace-5db4-4ab2-9b50-8916d812c42c
2026-05-08 13:10:30,762 | INFO | Heartbeat | watch=KXBTC15M-26MAY081315-15 yes_bid=29 yes_ask=30 no_bid=70 no_ask=71 book_ready=True position=False pending=False dry_run=False trust=synced run_id=e155dace-5db4-4ab2-9b50-8916d812c42c
2026-05-08 13:10:45,758 | INFO | Heartbeat | watch=KXBTC15M-26MAY081315-15 yes_bid=19 yes_ask=20 no_bid=80 no_ask=81 book_ready=True position=False pending=False dry_run=False trust=synced run_id=e155dace-5db4-4ab2-9b50-8916d812c42c
2026-05-08 13:11:00,771 | INFO | Heartbeat | watch=KXBTC15M-26MAY081315-15 yes_bid=15 yes_ask=16 no_bid=84 no_ask=85 book_ready=True position=False pending=False dry_run=False trust=synced run_id=e155dace-5db4-4ab2-9b50-8916d812c42c
2026-05-08 13:11:15,781 | INFO | Heartbeat | watch=KXBTC15M-26MAY081315-15 yes_bid=10 yes_ask=11 no_bid=89 no_ask=90 book_ready=True position=False pending=False dry_run=False trust=synced run_id=e155dace-5db4-4ab2-9b50-8916d812c42c
2026-05-08 13:11:30,794 | INFO | Heartbeat | watch=KXBTC15M-26MAY081315-15 yes_bid=10 yes_ask=11 no_bid=89 no_ask=90 book_ready=True position=False pending=False dry_run=False trust=synced run_id=e155dace-5db4-4ab2-9b50-8916d812c42c
2026-05-08 13:11:45,792 | INFO | Heartbeat | watch=KXBTC15M-26MAY081315-15 yes_bid=11 yes_ask=12 no_bid=88 no_ask=89 book_ready=True position=False pending=False dry_run=False trust=synced run_id=e155dace-5db4-4ab2-9b50-8916d812c42c
2026-05-08 13:12:00,828 | INFO | Heartbeat | watch=KXBTC15M-26MAY081315-15 yes_bid=11 yes_ask=12 no_bid=88 no_ask=89 book_ready=True position=False pending=False dry_run=False trust=synced run_id=e155dace-5db4-4ab2-9b50-8916d812c42c
2026-05-08 13:12:15,873 | INFO | Heartbeat | watch=KXBTC15M-26MAY081315-15 yes_bid=38 yes_ask=39 no_bid=61 no_ask=62 book_ready=True position=False pending=False dry_run=False trust=synced run_id=e155dace-5db4-4ab2-9b50-8916d812c42c
2026-05-08 13:12:30,877 | INFO | Heartbeat | watch=KXBTC15M-26MAY081315-15 yes_bid=24 yes_ask=25 no_bid=75 no_ask=76 book_ready=True position=False pending=False dry_run=False trust=synced run_id=e155dace-5db4-4ab2-9b50-8916d812c42c
2026-05-08 13:12:45,907 | INFO | Heartbeat | watch=KXBTC15M-26MAY081315-15 yes_bid=29 yes_ask=30 no_bid=70 no_ask=71 book_ready=True position=False pending=False dry_run=False trust=synced run_id=e155dace-5db4-4ab2-9b50-8916d812c42c
2026-05-08 13:13:00,911 | INFO | Heartbeat | watch=KXBTC15M-26MAY081315-15 yes_bid=25 yes_ask=27 no_bid=73 no_ask=75 book_ready=True position=False pending=False dry_run=False trust=synced run_id=e155dace-5db4-4ab2-9b50-8916d812c42c
2026-05-08 13:13:15,957 | INFO | Heartbeat | watch=KXBTC15M-26MAY081315-15 yes_bid=54 yes_ask=55 no_bid=45 no_ask=46 book_ready=True position=False pending=False dry_run=False trust=synced run_id=e155dace-5db4-4ab2-9b50-8916d812c42c
2026-05-08 13:13:30,962 | INFO | Heartbeat | watch=KXBTC15M-26MAY081315-15 yes_bid=53 yes_ask=54 no_bid=46 no_ask=47 book_ready=True position=False pending=False dry_run=False trust=synced run_id=e155dace-5db4-4ab2-9b50-8916d812c42c
2026-05-08 13:13:45,981 | INFO | Heartbeat | watch=KXBTC15M-26MAY081315-15 yes_bid=31 yes_ask=32 no_bid=68 no_ask=69 book_ready=True position=False pending=False dry_run=False trust=synced run_id=e155dace-5db4-4ab2-9b50-8916d812c42c
2026-05-08 13:14:00,983 | INFO | Heartbeat | watch=KXBTC15M-26MAY081315-15 yes_bid=16 yes_ask=18 no_bid=82 no_ask=84 book_ready=True position=False pending=False dry_run=False trust=synced run_id=e155dace-5db4-4ab2-9b50-8916d812c42c
2026-05-08 13:14:15,997 | INFO | Heartbeat | watch=KXBTC15M-26MAY081315-15 yes_bid=27 yes_ask=28 no_bid=72 no_ask=73 book_ready=True position=False pending=False dry_run=False trust=synced run_id=e155dace-5db4-4ab2-9b50-8916d812c42c
2026-05-08 13:14:30,998 | INFO | Heartbeat | watch=KXBTC15M-26MAY081315-15 yes_bid=90 yes_ask=96 no_bid=4 no_ask=10 book_ready=True position=False pending=False dry_run=False trust=synced run_id=e155dace-5db4-4ab2-9b50-8916d812c42c
2026-05-08 13:14:46,012 | INFO | Heartbeat | watch=KXBTC15M-26MAY081315-15 yes_bid=99 yes_ask=100 no_bid=0 no_ask=1 book_ready=True position=False pending=False dry_run=False trust=synced run_id=e155dace-5db4-4ab2-9b50-8916d812c42c
2026-05-08 13:15:01,037 | INFO | Heartbeat | watch=KXBTC15M-26MAY081315-15 yes_bid=100 yes_ask=100 no_bid=0 no_ask=0 book_ready=True position=False pending=False dry_run=False trust=synced run_id=e155dace-5db4-4ab2-9b50-8916d812c42c
2026-05-08 13:15:05,825 | INFO | Orderbook snapshot ready for KXBTC15M-26MAY081315-15
2026-05-08 13:15:16,067 | INFO | Heartbeat | watch=KXBTC15M-26MAY081315-15 yes_bid=0 yes_ask=100 no_bid=0 no_ask=100 book_ready=True position=False pending=False dry_run=False trust=synced run_id=e155dace-5db4-4ab2-9b50-8916d812c42c
2026-05-08 13:15:16,931 | INFO | Watching market KXBTC15M-26MAY081330-30 close_time=2026-05-08T17:30:00Z status=active strike=79814.85 run_id=e155dace-5db4-4ab2-9b50-8916d812c42c
2026-05-08 13:15:17,097 | INFO | WS connected for KXBTC15M-26MAY081330-30
2026-05-08 13:15:17,124 | INFO | WS subscribed payload: {'type': 'subscribed', 'id': 2, 'msg': {'channel': 'ticker', 'sid': 1}}
2026-05-08 13:15:17,124 | INFO | WS subscribed payload: {'type': 'subscribed', 'id': 2, 'msg': {'channel': 'orderbook_delta', 'sid': 2}}
2026-05-08 13:15:17,126 | INFO | Orderbook snapshot ready for KXBTC15M-26MAY081330-30
2026-05-08 13:15:31,183 | INFO | Heartbeat | watch=KXBTC15M-26MAY081330-30 yes_bid=66 yes_ask=69 no_bid=31 no_ask=34 book_ready=True position=False pending=False dry_run=False trust=synced run_id=e155dace-5db4-4ab2-9b50-8916d812c42c
2026-05-08 13:15:46,255 | INFO | Heartbeat | watch=KXBTC15M-26MAY081330-30 yes_bid=64 yes_ask=66 no_bid=34 no_ask=36 book_ready=True position=False pending=False dry_run=False trust=synced run_id=e155dace-5db4-4ab2-9b50-8916d812c42c
2026-05-08 13:16:01,266 | INFO | Heartbeat | watch=KXBTC15M-26MAY081330-30 yes_bid=64 yes_ask=65 no_bid=35 no_ask=36 book_ready=True position=False pending=False dry_run=False trust=synced run_id=e155dace-5db4-4ab2-9b50-8916d812c42c
2026-05-08 13:16:16,264 | INFO | Heartbeat | watch=KXBTC15M-26MAY081330-30 yes_bid=54 yes_ask=55 no_bid=45 no_ask=46 book_ready=True position=False pending=False dry_run=False trust=synced run_id=e155dace-5db4-4ab2-9b50-8916d812c42c
2026-05-08 13:16:31,299 | INFO | Heartbeat | watch=KXBTC15M-26MAY081330-30 yes_bid=62 yes_ask=63 no_bid=37 no_ask=38 book_ready=True position=False pending=False dry_run=False trust=synced run_id=e155dace-5db4-4ab2-9b50-8916d812c42c
2026-05-08 13:16:46,377 | INFO | Heartbeat | watch=KXBTC15M-26MAY081330-30 yes_bid=68 yes_ask=69 no_bid=31 no_ask=32 book_ready=True position=False pending=False dry_run=False trust=synced run_id=e155dace-5db4-4ab2-9b50-8916d812c42c
2026-05-08 13:17:01,384 | INFO | Heartbeat | watch=KXBTC15M-26MAY081330-30 yes_bid=64 yes_ask=65 no_bid=35 no_ask=36 book_ready=True position=False pending=False dry_run=False trust=synced run_id=e155dace-5db4-4ab2-9b50-8916d812c42c
2026-05-08 13:17:16,414 | INFO | Heartbeat | watch=KXBTC15M-26MAY081330-30 yes_bid=73 yes_ask=74 no_bid=26 no_ask=27 book_ready=True position=False pending=False dry_run=False trust=synced run_id=e155dace-5db4-4ab2-9b50-8916d812c42c
2026-05-08 13:17:31,437 | INFO | Heartbeat | watch=KXBTC15M-26MAY081330-30 yes_bid=77 yes_ask=79 no_bid=21 no_ask=23 book_ready=True position=False pending=False dry_run=False trust=synced run_id=e155dace-5db4-4ab2-9b50-8916d812c42c
2026-05-08 13:17:46,454 | INFO | Heartbeat | watch=KXBTC15M-26MAY081330-30 yes_bid=74 yes_ask=75 no_bid=25 no_ask=26 book_ready=True position=False pending=False dry_run=False trust=synced run_id=e155dace-5db4-4ab2-9b50-8916d812c42c
2026-05-08 13:18:01,473 | INFO | Heartbeat | watch=KXBTC15M-26MAY081330-30 yes_bid=77 yes_ask=78 no_bid=22 no_ask=23 book_ready=True position=False pending=False dry_run=False trust=synced run_id=e155dace-5db4-4ab2-9b50-8916d812c42c
2026-05-08 13:18:16,477 | INFO | Heartbeat | watch=KXBTC15M-26MAY081330-30 yes_bid=74 yes_ask=75 no_bid=25 no_ask=26 book_ready=True position=False pending=False dry_run=False trust=synced run_id=e155dace-5db4-4ab2-9b50-8916d812c42c
2026-05-08 13:18:31,481 | INFO | Heartbeat | watch=KXBTC15M-26MAY081330-30 yes_bid=79 yes_ask=80 no_bid=20 no_ask=21 book_ready=True position=False pending=False dry_run=False trust=synced run_id=e155dace-5db4-4ab2-9b50-8916d812c42c
2026-05-08 13:18:46,573 | INFO | Heartbeat | watch=KXBTC15M-26MAY081330-30 yes_bid=81 yes_ask=82 no_bid=18 no_ask=19 book_ready=True position=False pending=False dry_run=False trust=synced run_id=e155dace-5db4-4ab2-9b50-8916d812c42c
2026-05-08 13:19:01,612 | INFO | Heartbeat | watch=KXBTC15M-26MAY081330-30 yes_bid=83 yes_ask=84 no_bid=16 no_ask=17 book_ready=True position=False pending=False dry_run=False trust=synced run_id=e155dace-5db4-4ab2-9b50-8916d812c42c
2026-05-08 13:19:16,621 | INFO | Heartbeat | watch=KXBTC15M-26MAY081330-30 yes_bid=90 yes_ask=91 no_bid=9 no_ask=10 book_ready=True position=False pending=False dry_run=False trust=synced run_id=e155dace-5db4-4ab2-9b50-8916d812c42c
2026-05-08 13:19:31,673 | INFO | Heartbeat | watch=KXBTC15M-26MAY081330-30 yes_bid=91 yes_ask=91 no_bid=9 no_ask=9 book_ready=True position=False pending=False dry_run=False trust=synced run_id=e155dace-5db4-4ab2-9b50-8916d812c42c
2026-05-08 13:19:46,755 | INFO | Heartbeat | watch=KXBTC15M-26MAY081330-30 yes_bid=92 yes_ask=93 no_bid=7 no_ask=8 book_ready=True position=False pending=False dry_run=False trust=synced run_id=e155dace-5db4-4ab2-9b50-8916d812c42c
2026-05-08 13:20:01,791 | INFO | Heartbeat | watch=KXBTC15M-26MAY081330-30 yes_bid=93 yes_ask=94 no_bid=6 no_ask=7 book_ready=True position=False pending=False dry_run=False trust=synced run_id=e155dace-5db4-4ab2-9b50-8916d812c42c
2026-05-08 13:20:16,842 | INFO | Heartbeat | watch=KXBTC15M-26MAY081330-30 yes_bid=92 yes_ask=92 no_bid=8 no_ask=8 book_ready=True position=False pending=False dry_run=False trust=synced run_id=e155dace-5db4-4ab2-9b50-8916d812c42c
2026-05-08 13:20:31,854 | INFO | Heartbeat | watch=KXBTC15M-26MAY081330-30 yes_bid=91 yes_ask=92 no_bid=8 no_ask=9 book_ready=True position=False pending=False dry_run=False trust=synced run_id=e155dace-5db4-4ab2-9b50-8916d812c42c
2026-05-08 13:20:46,941 | INFO | Heartbeat | watch=KXBTC15M-26MAY081330-30 yes_bid=88 yes_ask=90 no_bid=10 no_ask=12 book_ready=True position=False pending=False dry_run=False trust=synced run_id=e155dace-5db4-4ab2-9b50-8916d812c42c
2026-05-08 13:21:01,981 | INFO | Heartbeat | watch=KXBTC15M-26MAY081330-30 yes_bid=89 yes_ask=90 no_bid=10 no_ask=11 book_ready=True position=False pending=False dry_run=False trust=synced run_id=e155dace-5db4-4ab2-9b50-8916d812c42c
2026-05-08 13:21:17,018 | INFO | Heartbeat | watch=KXBTC15M-26MAY081330-30 yes_bid=89 yes_ask=90 no_bid=10 no_ask=11 book_ready=True position=False pending=False dry_run=False trust=synced run_id=e155dace-5db4-4ab2-9b50-8916d812c42c
2026-05-08 13:21:32,054 | INFO | Heartbeat | watch=KXBTC15M-26MAY081330-30 yes_bid=91 yes_ask=91 no_bid=9 no_ask=9 book_ready=True position=False pending=False dry_run=False trust=synced run_id=e155dace-5db4-4ab2-9b50-8916d812c42c
2026-05-08 13:21:47,093 | INFO | Heartbeat | watch=KXBTC15M-26MAY081330-30 yes_bid=89 yes_ask=90 no_bid=10 no_ask=11 book_ready=True position=False pending=False dry_run=False trust=synced run_id=e155dace-5db4-4ab2-9b50-8916d812c42c
2026-05-08 13:22:02,119 | INFO | Heartbeat | watch=KXBTC15M-26MAY081330-30 yes_bid=87 yes_ask=89 no_bid=11 no_ask=13 book_ready=True position=False pending=False dry_run=False trust=synced run_id=e155dace-5db4-4ab2-9b50-8916d812c42c
2026-05-08 13:22:17,117 | INFO | Heartbeat | watch=KXBTC15M-26MAY081330-30 yes_bid=87 yes_ask=88 no_bid=12 no_ask=13 book_ready=True position=False pending=False dry_run=False trust=synced run_id=e155dace-5db4-4ab2-9b50-8916d812c42c
2026-05-08 13:22:32,120 | INFO | Heartbeat | watch=KXBTC15M-26MAY081330-30 yes_bid=92 yes_ask=93 no_bid=7 no_ask=8 book_ready=True position=False pending=False dry_run=False trust=synced run_id=e155dace-5db4-4ab2-9b50-8916d812c42c
2026-05-08 13:22:47,123 | INFO | Heartbeat | watch=KXBTC15M-26MAY081330-30 yes_bid=91 yes_ask=92 no_bid=8 no_ask=9 book_ready=True position=False pending=False dry_run=False trust=synced run_id=e155dace-5db4-4ab2-9b50-8916d812c42c
2026-05-08 13:23:02,138 | INFO | Heartbeat | watch=KXBTC15M-26MAY081330-30 yes_bid=93 yes_ask=93 no_bid=7 no_ask=7 book_ready=True position=False pending=False dry_run=False trust=synced run_id=e155dace-5db4-4ab2-9b50-8916d812c42c
2026-05-08 13:23:17,134 | INFO | Heartbeat | watch=KXBTC15M-26MAY081330-30 yes_bid=92 yes_ask=93 no_bid=7 no_ask=8 book_ready=True position=False pending=False dry_run=False trust=synced run_id=e155dace-5db4-4ab2-9b50-8916d812c42c
2026-05-08 13:23:32,140 | INFO | Heartbeat | watch=KXBTC15M-26MAY081330-30 yes_bid=93 yes_ask=94 no_bid=6 no_ask=7 book_ready=True position=False pending=False dry_run=False trust=synced run_id=e155dace-5db4-4ab2-9b50-8916d812c42c
2026-05-08 13:23:47,135 | INFO | Heartbeat | watch=KXBTC15M-26MAY081330-30 yes_bid=91 yes_ask=92 no_bid=8 no_ask=9 book_ready=True position=False pending=False dry_run=False trust=synced run_id=e155dace-5db4-4ab2-9b50-8916d812c42c
2026-05-08 13:24:02,159 | INFO | Heartbeat | watch=KXBTC15M-26MAY081330-30 yes_bid=92 yes_ask=93 no_bid=7 no_ask=8 book_ready=True position=False pending=False dry_run=False trust=synced run_id=e155dace-5db4-4ab2-9b50-8916d812c42c
2026-05-08 13:24:17,154 | INFO | Heartbeat | watch=KXBTC15M-26MAY081330-30 yes_bid=94 yes_ask=94 no_bid=6 no_ask=6 book_ready=True position=False pending=False dry_run=False trust=synced run_id=e155dace-5db4-4ab2-9b50-8916d812c42c
2026-05-08 13:24:32,149 | INFO | Heartbeat | watch=KXBTC15M-26MAY081330-30 yes_bid=93 yes_ask=94 no_bid=6 no_ask=7 book_ready=True position=False pending=False dry_run=False trust=synced run_id=e155dace-5db4-4ab2-9b50-8916d812c42c
2026-05-08 13:24:47,159 | INFO | Heartbeat | watch=KXBTC15M-26MAY081330-30 yes_bid=95 yes_ask=95 no_bid=5 no_ask=5 book_ready=True position=False pending=False dry_run=False trust=synced run_id=e155dace-5db4-4ab2-9b50-8916d812c42c
2026-05-08 13:25:02,194 | INFO | Heartbeat | watch=KXBTC15M-26MAY081330-30 yes_bid=95 yes_ask=95 no_bid=5 no_ask=5 book_ready=True position=False pending=False dry_run=False trust=synced run_id=e155dace-5db4-4ab2-9b50-8916d812c42c
2026-05-08 13:25:17,228 | INFO | Heartbeat | watch=KXBTC15M-26MAY081330-30 yes_bid=92 yes_ask=93 no_bid=7 no_ask=8 book_ready=True position=False pending=False dry_run=False trust=synced run_id=e155dace-5db4-4ab2-9b50-8916d812c42c
2026-05-08 13:25:32,263 | INFO | Heartbeat | watch=KXBTC15M-26MAY081330-30 yes_bid=97 yes_ask=98 no_bid=2 no_ask=3 book_ready=True position=False pending=False dry_run=False trust=synced run_id=e155dace-5db4-4ab2-9b50-8916d812c42c
2026-05-08 13:25:47,303 | INFO | Heartbeat | watch=KXBTC15M-26MAY081330-30 yes_bid=98 yes_ask=98 no_bid=2 no_ask=2 book_ready=True position=False pending=False dry_run=False trust=synced run_id=e155dace-5db4-4ab2-9b50-8916d812c42c
2026-05-08 13:26:02,315 | INFO | Heartbeat | watch=KXBTC15M-26MAY081330-30 yes_bid=99 yes_ask=99 no_bid=1 no_ask=1 book_ready=True position=False pending=False dry_run=False trust=synced run_id=e155dace-5db4-4ab2-9b50-8916d812c42c
2026-05-08 13:26:17,354 | INFO | Heartbeat | watch=KXBTC15M-26MAY081330-30 yes_bid=99 yes_ask=99 no_bid=1 no_ask=1 book_ready=True position=False pending=False dry_run=False trust=synced run_id=e155dace-5db4-4ab2-9b50-8916d812c42c
2026-05-08 13:26:32,358 | INFO | Heartbeat | watch=KXBTC15M-26MAY081330-30 yes_bid=99 yes_ask=100 no_bid=0 no_ask=1 book_ready=True position=False pending=False dry_run=False trust=synced run_id=e155dace-5db4-4ab2-9b50-8916d812c42c
2026-05-08 13:26:47,383 | INFO | Heartbeat | watch=KXBTC15M-26MAY081330-30 yes_bid=100 yes_ask=100 no_bid=0 no_ask=0 book_ready=True position=False pending=False dry_run=False trust=synced run_id=e155dace-5db4-4ab2-9b50-8916d812c42c
2026-05-08 13:27:02,429 | INFO | Heartbeat | watch=KXBTC15M-26MAY081330-30 yes_bid=99 yes_ask=99 no_bid=1 no_ask=1 book_ready=True position=False pending=False dry_run=False trust=synced run_id=e155dace-5db4-4ab2-9b50-8916d812c42c
2026-05-08 13:27:17,475 | INFO | Heartbeat | watch=KXBTC15M-26MAY081330-30 yes_bid=99 yes_ask=100 no_bid=0 no_ask=1 book_ready=True position=False pending=False dry_run=False trust=synced run_id=e155dace-5db4-4ab2-9b50-8916d812c42c
2026-05-08 13:27:32,511 | INFO | Heartbeat | watch=KXBTC15M-26MAY081330-30 yes_bid=100 yes_ask=100 no_bid=0 no_ask=0 book_ready=True position=False pending=False dry_run=False trust=synced run_id=e155dace-5db4-4ab2-9b50-8916d812c42c
2026-05-08 13:27:47,530 | INFO | Heartbeat | watch=KXBTC15M-26MAY081330-30 yes_bid=100 yes_ask=100 no_bid=0 no_ask=0 book_ready=True position=False pending=False dry_run=False trust=synced run_id=e155dace-5db4-4ab2-9b50-8916d812c42c
2026-05-08 13:28:02,561 | INFO | Heartbeat | watch=KXBTC15M-26MAY081330-30 yes_bid=100 yes_ask=100 no_bid=0 no_ask=0 book_ready=True position=False pending=False dry_run=False trust=synced run_id=e155dace-5db4-4ab2-9b50-8916d812c42c
2026-05-08 13:28:17,584 | INFO | Heartbeat | watch=KXBTC15M-26MAY081330-30 yes_bid=100 yes_ask=100 no_bid=0 no_ask=0 book_ready=True position=False pending=False dry_run=False trust=synced run_id=e155dace-5db4-4ab2-9b50-8916d812c42c
2026-05-08 13:28:32,609 | INFO | Heartbeat | watch=KXBTC15M-26MAY081330-30 yes_bid=100 yes_ask=100 no_bid=0 no_ask=0 book_ready=True position=False pending=False dry_run=False trust=synced run_id=e155dace-5db4-4ab2-9b50-8916d812c42c
2026-05-08 13:28:47,603 | INFO | Heartbeat | watch=KXBTC15M-26MAY081330-30 yes_bid=100 yes_ask=100 no_bid=0 no_ask=0 book_ready=True position=False pending=False dry_run=False trust=synced run_id=e155dace-5db4-4ab2-9b50-8916d812c42c
2026-05-08 13:29:02,645 | INFO | Heartbeat | watch=KXBTC15M-26MAY081330-30 yes_bid=100 yes_ask=100 no_bid=0 no_ask=0 book_ready=True position=False pending=False dry_run=False trust=synced run_id=e155dace-5db4-4ab2-9b50-8916d812c42c
2026-05-08 13:29:17,673 | INFO | Heartbeat | watch=KXBTC15M-26MAY081330-30 yes_bid=100 yes_ask=100 no_bid=0 no_ask=0 book_ready=True position=False pending=False dry_run=False trust=synced run_id=e155dace-5db4-4ab2-9b50-8916d812c42c
2026-05-08 13:29:32,695 | INFO | Heartbeat | watch=KXBTC15M-26MAY081330-30 yes_bid=100 yes_ask=100 no_bid=0 no_ask=0 book_ready=True position=False pending=False dry_run=False trust=synced run_id=e155dace-5db4-4ab2-9b50-8916d812c42c
2026-05-08 13:29:47,694 | INFO | Heartbeat | watch=KXBTC15M-26MAY081330-30 yes_bid=100 yes_ask=100 no_bid=0 no_ask=0 book_ready=True position=False pending=False dry_run=False trust=synced run_id=e155dace-5db4-4ab2-9b50-8916d812c42c
2026-05-08 13:30:02,702 | INFO | Heartbeat | watch=KXBTC15M-26MAY081330-30 yes_bid=0 yes_ask=100 no_bid=0 no_ask=100 book_ready=True position=False pending=False dry_run=False trust=synced run_id=e155dace-5db4-4ab2-9b50-8916d812c42c
2026-05-08 13:30:06,882 | INFO | Orderbook snapshot ready for KXBTC15M-26MAY081330-30
2026-05-08 13:30:17,695 | INFO | Heartbeat | watch=KXBTC15M-26MAY081330-30 yes_bid=0 yes_ask=100 no_bid=0 no_ask=100 book_ready=True position=False pending=False dry_run=False trust=synced run_id=e155dace-5db4-4ab2-9b50-8916d812c42c
2026-05-08 13:30:17,859 | INFO | Watching market KXBTC15M-26MAY081345-45 close_time=2026-05-08T17:45:00Z status=active strike=79976.91 run_id=e155dace-5db4-4ab2-9b50-8916d812c42c
2026-05-08 13:30:18,016 | INFO | WS connected for KXBTC15M-26MAY081345-45
2026-05-08 13:30:18,048 | INFO | WS subscribed payload: {'type': 'subscribed', 'id': 3, 'msg': {'channel': 'ticker', 'sid': 1}}
2026-05-08 13:30:18,048 | INFO | WS subscribed payload: {'type': 'subscribed', 'id': 3, 'msg': {'channel': 'orderbook_delta', 'sid': 2}}
2026-05-08 13:30:18,049 | INFO | Orderbook snapshot ready for KXBTC15M-26MAY081345-45
2026-05-08 13:30:32,726 | INFO | Heartbeat | watch=KXBTC15M-26MAY081345-45 yes_bid=62 yes_ask=63 no_bid=37 no_ask=38 book_ready=True position=False pending=False dry_run=False trust=synced run_id=e155dace-5db4-4ab2-9b50-8916d812c42c
2026-05-08 13:30:47,082 | INFO | Mushroom v28 entry approved | market=KXBTC15M-26MAY081345-45 side=yes ask=81c max_buy=81c qty=2 p_side=0.8631 edge=3.812c depth=130 btc_age_ms=0.0 secs_to_close=852.92
2026-05-08 13:30:47,096 | INFO | Execution state | market=KXBTC15M-26MAY081345-45 side=yes state=eligible reason=pre_filters_disabled trust=synced run_id=e155dace-5db4-4ab2-9b50-8916d812c42c
2026-05-08 13:30:47,097 | INFO | Live fill policy approved | market=KXBTC15M-26MAY081345-45 side=yes trigger=81c tif=immediate_or_cancel limit=81c depth=130.00 required=3 book_age_ms=31.0 secs_to_close=852.92 reason=single_shot_abundant_depth
2026-05-08 13:30:47,098 | INFO | ENTRY signal | market=KXBTC15M-26MAY081345-45 action=buy side=yes trigger=81c limit=81c qty=2 book_ready=True
2026-05-08 13:30:47,099 | INFO | Execution state | market=KXBTC15M-26MAY081345-45 side=yes state=submitting reason=single_shot_abundant_depth trust=synced run_id=e155dace-5db4-4ab2-9b50-8916d812c42c
2026-05-08 13:30:47,139 | INFO | Execution state | market=KXBTC15M-26MAY081345-45 side=yes state=abandoned reason=zero_fill trust=synced run_id=e155dace-5db4-4ab2-9b50-8916d812c42c
2026-05-08 13:30:47,759 | INFO | Heartbeat | watch=KXBTC15M-26MAY081345-45 yes_bid=78 yes_ask=79 no_bid=21 no_ask=22 book_ready=True position=False pending=False dry_run=False trust=synced run_id=e155dace-5db4-4ab2-9b50-8916d812c42c
2026-05-08 13:30:55,354 | INFO | Mushroom v28 entry approved | market=KXBTC15M-26MAY081345-45 side=yes ask=82c max_buy=82c qty=2 p_side=0.8679 edge=3.285c depth=1894.24 btc_age_ms=32.0 secs_to_close=844.65
2026-05-08 13:30:55,379 | INFO | Execution state | market=KXBTC15M-26MAY081345-45 side=yes state=eligible reason=pre_filters_disabled trust=synced run_id=e155dace-5db4-4ab2-9b50-8916d812c42c
2026-05-08 13:30:55,380 | INFO | Live fill policy approved | market=KXBTC15M-26MAY081345-45 side=yes trigger=82c tif=immediate_or_cancel limit=82c depth=1894.24 required=3 book_age_ms=313.0 secs_to_close=844.65 reason=single_shot_abundant_depth
2026-05-08 13:30:55,382 | INFO | ENTRY signal | market=KXBTC15M-26MAY081345-45 action=buy side=yes trigger=82c limit=82c qty=2 book_ready=True
2026-05-08 13:30:55,382 | INFO | Execution state | market=KXBTC15M-26MAY081345-45 side=yes state=submitting reason=single_shot_abundant_depth trust=synced run_id=e155dace-5db4-4ab2-9b50-8916d812c42c
2026-05-08 13:30:55,436 | INFO | ENTRY immediate fill | market=KXBTC15M-26MAY081345-45 side=yes qty=2 limit=82c
2026-05-08 13:30:55,438 | INFO | Execution state | market=KXBTC15M-26MAY081345-45 side=yes state=filled reason=single_shot_abundant_depth trust=synced run_id=e155dace-5db4-4ab2-9b50-8916d812c42c
2026-05-08 13:31:02,763 | INFO | Heartbeat | watch=KXBTC15M-26MAY081345-45 yes_bid=84 yes_ask=85 no_bid=15 no_ask=16 book_ready=True position=True pending=False dry_run=False trust=synced run_id=e155dace-5db4-4ab2-9b50-8916d812c42c
2026-05-08 13:31:17,764 | INFO | Heartbeat | watch=KXBTC15M-26MAY081345-45 yes_bid=82 yes_ask=83 no_bid=17 no_ask=18 book_ready=True position=True pending=False dry_run=False trust=synced run_id=e155dace-5db4-4ab2-9b50-8916d812c42c
2026-05-08 13:31:32,759 | INFO | Heartbeat | watch=KXBTC15M-26MAY081345-45 yes_bid=84 yes_ask=85 no_bid=15 no_ask=16 book_ready=True position=True pending=False dry_run=False trust=synced run_id=e155dace-5db4-4ab2-9b50-8916d812c42c
2026-05-08 13:31:47,804 | INFO | Heartbeat | watch=KXBTC15M-26MAY081345-45 yes_bid=87 yes_ask=88 no_bid=12 no_ask=13 book_ready=True position=True pending=False dry_run=False trust=synced run_id=e155dace-5db4-4ab2-9b50-8916d812c42c
2026-05-08 13:32:02,832 | INFO | Heartbeat | watch=KXBTC15M-26MAY081345-45 yes_bid=85 yes_ask=86 no_bid=14 no_ask=15 book_ready=True position=True pending=False dry_run=False trust=synced run_id=e155dace-5db4-4ab2-9b50-8916d812c42c
2026-05-08 13:32:17,819 | INFO | Heartbeat | watch=KXBTC15M-26MAY081345-45 yes_bid=83 yes_ask=84 no_bid=16 no_ask=17 book_ready=True position=True pending=False dry_run=False trust=synced run_id=e155dace-5db4-4ab2-9b50-8916d812c42c
2026-05-08 13:32:32,819 | INFO | Heartbeat | watch=KXBTC15M-26MAY081345-45 yes_bid=83 yes_ask=84 no_bid=16 no_ask=17 book_ready=True position=True pending=False dry_run=False trust=synced run_id=e155dace-5db4-4ab2-9b50-8916d812c42c
2026-05-08 13:32:47,856 | INFO | Heartbeat | watch=KXBTC15M-26MAY081345-45 yes_bid=84 yes_ask=85 no_bid=15 no_ask=16 book_ready=True position=True pending=False dry_run=False trust=synced run_id=e155dace-5db4-4ab2-9b50-8916d812c42c
2026-05-08 13:33:02,854 | INFO | Heartbeat | watch=KXBTC15M-26MAY081345-45 yes_bid=85 yes_ask=87 no_bid=13 no_ask=15 book_ready=True position=True pending=False dry_run=False trust=synced run_id=e155dace-5db4-4ab2-9b50-8916d812c42c
2026-05-08 13:33:17,906 | INFO | Heartbeat | watch=KXBTC15M-26MAY081345-45 yes_bid=90 yes_ask=91 no_bid=9 no_ask=10 book_ready=True position=True pending=False dry_run=False trust=synced run_id=e155dace-5db4-4ab2-9b50-8916d812c42c
2026-05-08 13:33:32,927 | INFO | Heartbeat | watch=KXBTC15M-26MAY081345-45 yes_bid=90 yes_ask=91 no_bid=9 no_ask=10 book_ready=True position=True pending=False dry_run=False trust=synced run_id=e155dace-5db4-4ab2-9b50-8916d812c42c
2026-05-08 13:33:47,933 | INFO | Heartbeat | watch=KXBTC15M-26MAY081345-45 yes_bid=90 yes_ask=91 no_bid=9 no_ask=10 book_ready=True position=True pending=False dry_run=False trust=synced run_id=e155dace-5db4-4ab2-9b50-8916d812c42c
2026-05-08 13:34:02,942 | INFO | Heartbeat | watch=KXBTC15M-26MAY081345-45 yes_bid=88 yes_ask=89 no_bid=11 no_ask=12 book_ready=True position=True pending=False dry_run=False trust=synced run_id=e155dace-5db4-4ab2-9b50-8916d812c42c
2026-05-08 13:34:17,953 | INFO | Heartbeat | watch=KXBTC15M-26MAY081345-45 yes_bid=89 yes_ask=91 no_bid=9 no_ask=11 book_ready=True position=True pending=False dry_run=False trust=synced run_id=e155dace-5db4-4ab2-9b50-8916d812c42c
2026-05-08 13:34:32,945 | INFO | Heartbeat | watch=KXBTC15M-26MAY081345-45 yes_bid=90 yes_ask=91 no_bid=9 no_ask=10 book_ready=True position=True pending=False dry_run=False trust=synced run_id=e155dace-5db4-4ab2-9b50-8916d812c42c
2026-05-08 13:34:47,955 | INFO | Heartbeat | watch=KXBTC15M-26MAY081345-45 yes_bid=92 yes_ask=93 no_bid=7 no_ask=8 book_ready=True position=True pending=False dry_run=False trust=synced run_id=e155dace-5db4-4ab2-9b50-8916d812c42c
2026-05-08 13:35:03,001 | INFO | Heartbeat | watch=KXBTC15M-26MAY081345-45 yes_bid=93 yes_ask=94 no_bid=6 no_ask=7 book_ready=True position=True pending=False dry_run=False trust=synced run_id=e155dace-5db4-4ab2-9b50-8916d812c42c
2026-05-08 13:35:17,993 | INFO | Heartbeat | watch=KXBTC15M-26MAY081345-45 yes_bid=93 yes_ask=93 no_bid=7 no_ask=7 book_ready=True position=True pending=False dry_run=False trust=synced run_id=e155dace-5db4-4ab2-9b50-8916d812c42c
2026-05-08 13:35:33,035 | INFO | Heartbeat | watch=KXBTC15M-26MAY081345-45 yes_bid=92 yes_ask=93 no_bid=7 no_ask=8 book_ready=True position=True pending=False dry_run=False trust=synced run_id=e155dace-5db4-4ab2-9b50-8916d812c42c
2026-05-08 13:35:48,045 | INFO | Heartbeat | watch=KXBTC15M-26MAY081345-45 yes_bid=93 yes_ask=94 no_bid=6 no_ask=7 book_ready=True position=True pending=False dry_run=False trust=synced run_id=e155dace-5db4-4ab2-9b50-8916d812c42c
2026-05-08 13:36:03,070 | INFO | Heartbeat | watch=KXBTC15M-26MAY081345-45 yes_bid=96 yes_ask=97 no_bid=3 no_ask=4 book_ready=True position=True pending=False dry_run=False trust=synced run_id=e155dace-5db4-4ab2-9b50-8916d812c42c
2026-05-08 13:36:18,097 | INFO | Heartbeat | watch=KXBTC15M-26MAY081345-45 yes_bid=93 yes_ask=93 no_bid=7 no_ask=7 book_ready=True position=True pending=False dry_run=False trust=synced run_id=e155dace-5db4-4ab2-9b50-8916d812c42c
2026-05-08 13:36:33,103 | INFO | Heartbeat | watch=KXBTC15M-26MAY081345-45 yes_bid=94 yes_ask=94 no_bid=6 no_ask=6 book_ready=True position=True pending=False dry_run=False trust=synced run_id=e155dace-5db4-4ab2-9b50-8916d812c42c
2026-05-08 13:36:48,101 | INFO | Heartbeat | watch=KXBTC15M-26MAY081345-45 yes_bid=91 yes_ask=91 no_bid=9 no_ask=9 book_ready=True position=True pending=False dry_run=False trust=synced run_id=e155dace-5db4-4ab2-9b50-8916d812c42c
2026-05-08 13:37:03,119 | INFO | Heartbeat | watch=KXBTC15M-26MAY081345-45 yes_bid=93 yes_ask=93 no_bid=7 no_ask=7 book_ready=True position=True pending=False dry_run=False trust=synced run_id=e155dace-5db4-4ab2-9b50-8916d812c42c
2026-05-08 13:37:18,150 | INFO | Heartbeat | watch=KXBTC15M-26MAY081345-45 yes_bid=90 yes_ask=91 no_bid=9 no_ask=10 book_ready=True position=True pending=False dry_run=False trust=synced run_id=e155dace-5db4-4ab2-9b50-8916d812c42c
2026-05-08 13:37:33,179 | INFO | Heartbeat | watch=KXBTC15M-26MAY081345-45 yes_bid=89 yes_ask=90 no_bid=10 no_ask=11 book_ready=True position=True pending=False dry_run=False trust=synced run_id=e155dace-5db4-4ab2-9b50-8916d812c42c
2026-05-08 13:37:48,178 | INFO | Heartbeat | watch=KXBTC15M-26MAY081345-45 yes_bid=88 yes_ask=89 no_bid=11 no_ask=12 book_ready=True position=True pending=False dry_run=False trust=synced run_id=e155dace-5db4-4ab2-9b50-8916d812c42c
2026-05-08 13:38:03,220 | INFO | Heartbeat | watch=KXBTC15M-26MAY081345-45 yes_bid=88 yes_ask=89 no_bid=11 no_ask=12 book_ready=True position=True pending=False dry_run=False trust=synced run_id=e155dace-5db4-4ab2-9b50-8916d812c42c
2026-05-08 13:38:18,215 | INFO | Heartbeat | watch=KXBTC15M-26MAY081345-45 yes_bid=85 yes_ask=86 no_bid=14 no_ask=15 book_ready=True position=True pending=False dry_run=False trust=synced run_id=e155dace-5db4-4ab2-9b50-8916d812c42c
2026-05-08 13:38:20,259 | INFO | Mushroom v28 entry approved | market=KXBTC15M-26MAY081345-45 side=yes ask=82c max_buy=82c qty=1 p_side=0.8752 edge=3.523c depth=847.63 btc_age_ms=0.0 secs_to_close=399.74
2026-05-08 13:38:20,273 | INFO | Execution state | market=KXBTC15M-26MAY081345-45 side=yes state=eligible reason=pre_filters_disabled trust=synced run_id=e155dace-5db4-4ab2-9b50-8916d812c42c
2026-05-08 13:38:20,274 | INFO | Live fill policy approved | market=KXBTC15M-26MAY081345-45 side=yes trigger=82c tif=immediate_or_cancel limit=82c depth=847.63 required=2 book_age_ms=219.0 secs_to_close=399.74 reason=single_shot_abundant_depth
2026-05-08 13:38:20,275 | INFO | ENTRY signal | market=KXBTC15M-26MAY081345-45 action=buy side=yes trigger=82c limit=82c qty=1 book_ready=True
2026-05-08 13:38:20,276 | INFO | Execution state | market=KXBTC15M-26MAY081345-45 side=yes state=submitting reason=single_shot_abundant_depth trust=synced run_id=e155dace-5db4-4ab2-9b50-8916d812c42c
2026-05-08 13:38:20,320 | INFO | ENTRY immediate fill | market=KXBTC15M-26MAY081345-45 side=yes qty=1 limit=82c
2026-05-08 13:38:20,320 | INFO | Execution state | market=KXBTC15M-26MAY081345-45 side=yes state=filled reason=single_shot_abundant_depth trust=synced run_id=e155dace-5db4-4ab2-9b50-8916d812c42c
2026-05-08 13:38:33,243 | INFO | Heartbeat | watch=KXBTC15M-26MAY081345-45 yes_bid=85 yes_ask=88 no_bid=12 no_ask=15 book_ready=True position=True pending=False dry_run=False trust=synced run_id=e155dace-5db4-4ab2-9b50-8916d812c42c
2026-05-08 13:38:48,263 | INFO | Heartbeat | watch=KXBTC15M-26MAY081345-45 yes_bid=87 yes_ask=88 no_bid=12 no_ask=13 book_ready=True position=True pending=False dry_run=False trust=synced run_id=e155dace-5db4-4ab2-9b50-8916d812c42c
2026-05-08 13:39:03,281 | INFO | Heartbeat | watch=KXBTC15M-26MAY081345-45 yes_bid=88 yes_ask=90 no_bid=10 no_ask=12 book_ready=True position=True pending=False dry_run=False trust=synced run_id=e155dace-5db4-4ab2-9b50-8916d812c42c
2026-05-08 13:39:18,304 | INFO | Heartbeat | watch=KXBTC15M-26MAY081345-45 yes_bid=92 yes_ask=93 no_bid=7 no_ask=8 book_ready=True position=True pending=False dry_run=False trust=synced run_id=e155dace-5db4-4ab2-9b50-8916d812c42c
2026-05-08 13:39:33,329 | INFO | Heartbeat | watch=KXBTC15M-26MAY081345-45 yes_bid=92 yes_ask=93 no_bid=7 no_ask=8 book_ready=True position=True pending=False dry_run=False trust=synced run_id=e155dace-5db4-4ab2-9b50-8916d812c42c
2026-05-08 13:39:48,345 | INFO | Heartbeat | watch=KXBTC15M-26MAY081345-45 yes_bid=94 yes_ask=95 no_bid=5 no_ask=6 book_ready=True position=True pending=False dry_run=False trust=synced run_id=e155dace-5db4-4ab2-9b50-8916d812c42c
2026-05-08 13:40:03,343 | INFO | Heartbeat | watch=KXBTC15M-26MAY081345-45 yes_bid=97 yes_ask=97 no_bid=3 no_ask=3 book_ready=True position=True pending=False dry_run=False trust=synced run_id=e155dace-5db4-4ab2-9b50-8916d812c42c
2026-05-08 13:40:18,396 | INFO | Heartbeat | watch=KXBTC15M-26MAY081345-45 yes_bid=96 yes_ask=97 no_bid=3 no_ask=4 book_ready=True position=True pending=False dry_run=False trust=synced run_id=e155dace-5db4-4ab2-9b50-8916d812c42c
2026-05-08 13:40:33,413 | INFO | Heartbeat | watch=KXBTC15M-26MAY081345-45 yes_bid=97 yes_ask=98 no_bid=2 no_ask=3 book_ready=True position=True pending=False dry_run=False trust=synced run_id=e155dace-5db4-4ab2-9b50-8916d812c42c
2026-05-08 13:40:48,451 | INFO | Heartbeat | watch=KXBTC15M-26MAY081345-45 yes_bid=97 yes_ask=98 no_bid=2 no_ask=3 book_ready=True position=True pending=False dry_run=False trust=synced run_id=e155dace-5db4-4ab2-9b50-8916d812c42c
2026-05-08 13:41:03,489 | INFO | Heartbeat | watch=KXBTC15M-26MAY081345-45 yes_bid=96 yes_ask=97 no_bid=3 no_ask=4 book_ready=True position=True pending=False dry_run=False trust=synced run_id=e155dace-5db4-4ab2-9b50-8916d812c42c
2026-05-08 13:41:18,497 | INFO | Heartbeat | watch=KXBTC15M-26MAY081345-45 yes_bid=96 yes_ask=96 no_bid=4 no_ask=4 book_ready=True position=True pending=False dry_run=False trust=synced run_id=e155dace-5db4-4ab2-9b50-8916d812c42c
2026-05-08 13:41:33,511 | INFO | Heartbeat | watch=KXBTC15M-26MAY081345-45 yes_bid=97 yes_ask=97 no_bid=3 no_ask=3 book_ready=True position=True pending=False dry_run=False trust=synced run_id=e155dace-5db4-4ab2-9b50-8916d812c42c
2026-05-08 13:41:48,533 | INFO | Heartbeat | watch=KXBTC15M-26MAY081345-45 yes_bid=95 yes_ask=96 no_bid=4 no_ask=5 book_ready=True position=True pending=False dry_run=False trust=synced run_id=e155dace-5db4-4ab2-9b50-8916d812c42c
2026-05-08 13:42:03,523 | INFO | Heartbeat | watch=KXBTC15M-26MAY081345-45 yes_bid=97 yes_ask=98 no_bid=2 no_ask=3 book_ready=True position=True pending=False dry_run=False trust=synced run_id=e155dace-5db4-4ab2-9b50-8916d812c42c
2026-05-08 13:42:18,522 | INFO | Heartbeat | watch=KXBTC15M-26MAY081345-45 yes_bid=98 yes_ask=99 no_bid=1 no_ask=2 book_ready=True position=True pending=False dry_run=False trust=synced run_id=e155dace-5db4-4ab2-9b50-8916d812c42c
2026-05-08 13:42:33,561 | INFO | Heartbeat | watch=KXBTC15M-26MAY081345-45 yes_bid=98 yes_ask=99 no_bid=1 no_ask=2 book_ready=True position=True pending=False dry_run=False trust=synced run_id=e155dace-5db4-4ab2-9b50-8916d812c42c
2026-05-08 13:42:48,612 | INFO | Heartbeat | watch=KXBTC15M-26MAY081345-45 yes_bid=99 yes_ask=99 no_bid=1 no_ask=1 book_ready=True position=True pending=False dry_run=False trust=synced run_id=e155dace-5db4-4ab2-9b50-8916d812c42c
2026-05-08 13:43:03,634 | INFO | Heartbeat | watch=KXBTC15M-26MAY081345-45 yes_bid=99 yes_ask=99 no_bid=1 no_ask=1 book_ready=True position=True pending=False dry_run=False trust=synced run_id=e155dace-5db4-4ab2-9b50-8916d812c42c
2026-05-08 13:43:18,667 | INFO | Heartbeat | watch=KXBTC15M-26MAY081345-45 yes_bid=99 yes_ask=99 no_bid=1 no_ask=1 book_ready=True position=True pending=False dry_run=False trust=synced run_id=e155dace-5db4-4ab2-9b50-8916d812c42c
2026-05-08 13:43:33,698 | INFO | Heartbeat | watch=KXBTC15M-26MAY081345-45 yes_bid=98 yes_ask=98 no_bid=2 no_ask=2 book_ready=True position=True pending=False dry_run=False trust=synced run_id=e155dace-5db4-4ab2-9b50-8916d812c42c
2026-05-08 13:43:48,752 | INFO | Heartbeat | watch=KXBTC15M-26MAY081345-45 yes_bid=100 yes_ask=100 no_bid=0 no_ask=0 book_ready=True position=True pending=False dry_run=False trust=synced run_id=e155dace-5db4-4ab2-9b50-8916d812c42c
2026-05-08 13:44:03,796 | INFO | Heartbeat | watch=KXBTC15M-26MAY081345-45 yes_bid=100 yes_ask=100 no_bid=0 no_ask=0 book_ready=True position=True pending=False dry_run=False trust=synced run_id=e155dace-5db4-4ab2-9b50-8916d812c42c
2026-05-08 13:44:18,822 | INFO | Heartbeat | watch=KXBTC15M-26MAY081345-45 yes_bid=100 yes_ask=100 no_bid=0 no_ask=0 book_ready=True position=True pending=False dry_run=False trust=synced run_id=e155dace-5db4-4ab2-9b50-8916d812c42c
2026-05-08 13:44:33,848 | INFO | Heartbeat | watch=KXBTC15M-26MAY081345-45 yes_bid=100 yes_ask=100 no_bid=0 no_ask=0 book_ready=True position=True pending=False dry_run=False trust=synced run_id=e155dace-5db4-4ab2-9b50-8916d812c42c
2026-05-08 13:44:48,878 | INFO | Heartbeat | watch=KXBTC15M-26MAY081345-45 yes_bid=100 yes_ask=100 no_bid=0 no_ask=0 book_ready=True position=True pending=False dry_run=False trust=synced run_id=e155dace-5db4-4ab2-9b50-8916d812c42c
2026-05-08 13:45:03,883 | INFO | Heartbeat | watch=KXBTC15M-26MAY081345-45 yes_bid=0 yes_ask=100 no_bid=0 no_ask=100 book_ready=True position=True pending=False dry_run=False trust=synced run_id=e155dace-5db4-4ab2-9b50-8916d812c42c
2026-05-08 13:45:05,134 | WARNING | Closed market KXBTC15M-26MAY081345-45 still reports a nonzero live account position, but the market is already past the settlement grace window. Clearing position state and advancing anyway.
2026-05-08 13:45:05,213 | INFO | Watching market KXBTC15M-26MAY081345-45 close_time=2026-05-08T17:45:00Z status=closed strike=79976.91 run_id=e155dace-5db4-4ab2-9b50-8916d812c42c
2026-05-08 13:45:05,398 | INFO | WS connected for KXBTC15M-26MAY081345-45
2026-05-08 13:45:05,432 | INFO | WS subscribed payload: {'type': 'subscribed', 'id': 4, 'msg': {'channel': 'ticker', 'sid': 1}}
2026-05-08 13:45:05,433 | INFO | WS subscribed payload: {'type': 'subscribed', 'id': 4, 'msg': {'channel': 'orderbook_delta', 'sid': 2}}
2026-05-08 13:45:05,433 | INFO | Orderbook snapshot ready for KXBTC15M-26MAY081345-45
2026-05-08 13:45:18,932 | INFO | Heartbeat | watch=KXBTC15M-26MAY081345-45 yes_bid=None yes_ask=None no_bid=None no_ask=None book_ready=True position=False pending=False dry_run=False trust=synced run_id=e155dace-5db4-4ab2-9b50-8916d812c42c
2026-05-08 13:45:32,679 | INFO | Watching market KXBTC15M-26MAY081400-00 close_time=2026-05-08T18:00:00Z status=active strike=NA run_id=e155dace-5db4-4ab2-9b50-8916d812c42c
2026-05-08 13:45:32,920 | INFO | WS connected for KXBTC15M-26MAY081400-00
2026-05-08 13:45:32,959 | INFO | WS subscribed payload: {'type': 'subscribed', 'id': 5, 'msg': {'channel': 'ticker', 'sid': 1}}
2026-05-08 13:45:32,960 | INFO | WS subscribed payload: {'type': 'subscribed', 'id': 5, 'msg': {'channel': 'orderbook_delta', 'sid': 2}}
2026-05-08 13:45:32,961 | INFO | Orderbook snapshot ready for KXBTC15M-26MAY081400-00
2026-05-08 13:45:33,971 | INFO | Heartbeat | watch=KXBTC15M-26MAY081400-00 yes_bid=67 yes_ask=69 no_bid=31 no_ask=33 book_ready=True position=False pending=False dry_run=False trust=synced run_id=e155dace-5db4-4ab2-9b50-8916d812c42c
2026-05-08 13:45:48,959 | INFO | Heartbeat | watch=KXBTC15M-26MAY081400-00 yes_bid=58 yes_ask=59 no_bid=41 no_ask=42 book_ready=True position=False pending=False dry_run=False trust=synced run_id=e155dace-5db4-4ab2-9b50-8916d812c42c
2026-05-08 13:46:03,989 | INFO | Heartbeat | watch=KXBTC15M-26MAY081400-00 yes_bid=55 yes_ask=56 no_bid=44 no_ask=45 book_ready=True position=False pending=False dry_run=False trust=synced run_id=e155dace-5db4-4ab2-9b50-8916d812c42c
2026-05-08 13:46:18,983 | INFO | Heartbeat | watch=KXBTC15M-26MAY081400-00 yes_bid=55 yes_ask=56 no_bid=44 no_ask=45 book_ready=True position=False pending=False dry_run=False trust=synced run_id=e155dace-5db4-4ab2-9b50-8916d812c42c
2026-05-08 13:46:34,017 | INFO | Heartbeat | watch=KXBTC15M-26MAY081400-00 yes_bid=55 yes_ask=56 no_bid=44 no_ask=45 book_ready=True position=False pending=False dry_run=False trust=synced run_id=e155dace-5db4-4ab2-9b50-8916d812c42c
2026-05-08 13:46:49,022 | INFO | Heartbeat | watch=KXBTC15M-26MAY081400-00 yes_bid=61 yes_ask=62 no_bid=38 no_ask=39 book_ready=True position=False pending=False dry_run=False trust=synced run_id=e155dace-5db4-4ab2-9b50-8916d812c42c
2026-05-08 13:47:04,038 | INFO | Heartbeat | watch=KXBTC15M-26MAY081400-00 yes_bid=66 yes_ask=67 no_bid=33 no_ask=34 book_ready=True position=False pending=False dry_run=False trust=synced run_id=e155dace-5db4-4ab2-9b50-8916d812c42c
2026-05-08 13:47:19,042 | INFO | Heartbeat | watch=KXBTC15M-26MAY081400-00 yes_bid=66 yes_ask=67 no_bid=33 no_ask=34 book_ready=True position=False pending=False dry_run=False trust=synced run_id=e155dace-5db4-4ab2-9b50-8916d812c42c
2026-05-08 13:47:34,052 | INFO | Heartbeat | watch=KXBTC15M-26MAY081400-00 yes_bid=62 yes_ask=63 no_bid=37 no_ask=38 book_ready=True position=False pending=False dry_run=False trust=synced run_id=e155dace-5db4-4ab2-9b50-8916d812c42c
2026-05-08 13:47:49,055 | INFO | Heartbeat | watch=KXBTC15M-26MAY081400-00 yes_bid=57 yes_ask=60 no_bid=40 no_ask=43 book_ready=True position=False pending=False dry_run=False trust=synced run_id=e155dace-5db4-4ab2-9b50-8916d812c42c
2026-05-08 13:48:04,091 | INFO | Heartbeat | watch=KXBTC15M-26MAY081400-00 yes_bid=59 yes_ask=60 no_bid=40 no_ask=41 book_ready=True position=False pending=False dry_run=False trust=synced run_id=e155dace-5db4-4ab2-9b50-8916d812c42c
2026-05-08 13:48:19,116 | INFO | Heartbeat | watch=KXBTC15M-26MAY081400-00 yes_bid=57 yes_ask=58 no_bid=42 no_ask=43 book_ready=True position=False pending=False dry_run=False trust=synced run_id=e155dace-5db4-4ab2-9b50-8916d812c42c
2026-05-08 13:48:34,116 | INFO | Heartbeat | watch=KXBTC15M-26MAY081400-00 yes_bid=56 yes_ask=57 no_bid=43 no_ask=44 book_ready=True position=False pending=False dry_run=False trust=synced run_id=e155dace-5db4-4ab2-9b50-8916d812c42c
2026-05-08 13:48:49,152 | INFO | Heartbeat | watch=KXBTC15M-26MAY081400-00 yes_bid=58 yes_ask=60 no_bid=40 no_ask=42 book_ready=True position=False pending=False dry_run=False trust=synced run_id=e155dace-5db4-4ab2-9b50-8916d812c42c
2026-05-08 13:49:04,173 | INFO | Heartbeat | watch=KXBTC15M-26MAY081400-00 yes_bid=61 yes_ask=64 no_bid=36 no_ask=39 book_ready=True position=False pending=False dry_run=False trust=synced run_id=e155dace-5db4-4ab2-9b50-8916d812c42c
2026-05-08 13:49:19,213 | INFO | Heartbeat | watch=KXBTC15M-26MAY081400-00 yes_bid=67 yes_ask=68 no_bid=32 no_ask=33 book_ready=True position=False pending=False dry_run=False trust=synced run_id=e155dace-5db4-4ab2-9b50-8916d812c42c
2026-05-08 13:49:34,254 | INFO | Heartbeat | watch=KXBTC15M-26MAY081400-00 yes_bid=66 yes_ask=67 no_bid=33 no_ask=34 book_ready=True position=False pending=False dry_run=False trust=synced run_id=e155dace-5db4-4ab2-9b50-8916d812c42c
2026-05-08 13:49:49,268 | INFO | Heartbeat | watch=KXBTC15M-26MAY081400-00 yes_bid=71 yes_ask=72 no_bid=28 no_ask=29 book_ready=True position=False pending=False dry_run=False trust=synced run_id=e155dace-5db4-4ab2-9b50-8916d812c42c
2026-05-08 13:50:04,273 | INFO | Heartbeat | watch=KXBTC15M-26MAY081400-00 yes_bid=73 yes_ask=77 no_bid=23 no_ask=27 book_ready=True position=False pending=False dry_run=False trust=synced run_id=e155dace-5db4-4ab2-9b50-8916d812c42c
2026-05-08 13:50:19,272 | INFO | Heartbeat | watch=KXBTC15M-26MAY081400-00 yes_bid=74 yes_ask=76 no_bid=24 no_ask=26 book_ready=True position=False pending=False dry_run=False trust=synced run_id=e155dace-5db4-4ab2-9b50-8916d812c42c
2026-05-08 13:50:34,367 | INFO | Heartbeat | watch=KXBTC15M-26MAY081400-00 yes_bid=73 yes_ask=74 no_bid=26 no_ask=27 book_ready=True position=False pending=False dry_run=False trust=synced run_id=e155dace-5db4-4ab2-9b50-8916d812c42c
2026-05-08 13:50:49,375 | INFO | Heartbeat | watch=KXBTC15M-26MAY081400-00 yes_bid=72 yes_ask=73 no_bid=27 no_ask=28 book_ready=True position=False pending=False dry_run=False trust=synced run_id=e155dace-5db4-4ab2-9b50-8916d812c42c
2026-05-08 13:51:04,373 | INFO | Heartbeat | watch=KXBTC15M-26MAY081400-00 yes_bid=54 yes_ask=60 no_bid=40 no_ask=46 book_ready=True position=False pending=False dry_run=False trust=synced run_id=e155dace-5db4-4ab2-9b50-8916d812c42c
2026-05-08 13:51:19,398 | INFO | Heartbeat | watch=KXBTC15M-26MAY081400-00 yes_bid=62 yes_ask=64 no_bid=36 no_ask=38 book_ready=True position=False pending=False dry_run=False trust=synced run_id=e155dace-5db4-4ab2-9b50-8916d812c42c
2026-05-08 13:51:34,406 | INFO | Heartbeat | watch=KXBTC15M-26MAY081400-00 yes_bid=57 yes_ask=58 no_bid=42 no_ask=43 book_ready=True position=False pending=False dry_run=False trust=synced run_id=e155dace-5db4-4ab2-9b50-8916d812c42c
2026-05-08 13:51:49,447 | INFO | Heartbeat | watch=KXBTC15M-26MAY081400-00 yes_bid=61 yes_ask=62 no_bid=38 no_ask=39 book_ready=True position=False pending=False dry_run=False trust=synced run_id=e155dace-5db4-4ab2-9b50-8916d812c42c
2026-05-08 13:52:04,457 | INFO | Heartbeat | watch=KXBTC15M-26MAY081400-00 yes_bid=58 yes_ask=67 no_bid=33 no_ask=42 book_ready=True position=False pending=False dry_run=False trust=synced run_id=e155dace-5db4-4ab2-9b50-8916d812c42c
2026-05-08 13:52:19,444 | INFO | Heartbeat | watch=KXBTC15M-26MAY081400-00 yes_bid=50 yes_ask=56 no_bid=44 no_ask=50 book_ready=True position=False pending=False dry_run=False trust=synced run_id=e155dace-5db4-4ab2-9b50-8916d812c42c
2026-05-08 13:52:34,458 | INFO | Heartbeat | watch=KXBTC15M-26MAY081400-00 yes_bid=57 yes_ask=58 no_bid=42 no_ask=43 book_ready=True position=False pending=False dry_run=False trust=synced run_id=e155dace-5db4-4ab2-9b50-8916d812c42c
2026-05-08 13:52:49,460 | INFO | Heartbeat | watch=KXBTC15M-26MAY081400-00 yes_bid=67 yes_ask=70 no_bid=30 no_ask=33 book_ready=True position=False pending=False dry_run=False trust=synced run_id=e155dace-5db4-4ab2-9b50-8916d812c42c
2026-05-08 13:53:04,493 | INFO | Heartbeat | watch=KXBTC15M-26MAY081400-00 yes_bid=71 yes_ask=73 no_bid=27 no_ask=29 book_ready=True position=False pending=False dry_run=False trust=synced run_id=e155dace-5db4-4ab2-9b50-8916d812c42c
2026-05-08 13:53:19,507 | INFO | Heartbeat | watch=KXBTC15M-26MAY081400-00 yes_bid=65 yes_ask=68 no_bid=32 no_ask=35 book_ready=True position=False pending=False dry_run=False trust=synced run_id=e155dace-5db4-4ab2-9b50-8916d812c42c
2026-05-08 13:53:34,532 | INFO | Heartbeat | watch=KXBTC15M-26MAY081400-00 yes_bid=66 yes_ask=68 no_bid=32 no_ask=34 book_ready=True position=False pending=False dry_run=False trust=synced run_id=e155dace-5db4-4ab2-9b50-8916d812c42c
2026-05-08 13:53:49,566 | INFO | Heartbeat | watch=KXBTC15M-26MAY081400-00 yes_bid=66 yes_ask=69 no_bid=31 no_ask=34 book_ready=True position=False pending=False dry_run=False trust=synced run_id=e155dace-5db4-4ab2-9b50-8916d812c42c
2026-05-08 13:54:04,573 | INFO | Heartbeat | watch=KXBTC15M-26MAY081400-00 yes_bid=72 yes_ask=73 no_bid=27 no_ask=28 book_ready=True position=False pending=False dry_run=False trust=synced run_id=e155dace-5db4-4ab2-9b50-8916d812c42c
2026-05-08 13:54:19,610 | INFO | Heartbeat | watch=KXBTC15M-26MAY081400-00 yes_bid=73 yes_ask=77 no_bid=23 no_ask=27 book_ready=True position=False pending=False dry_run=False trust=synced run_id=e155dace-5db4-4ab2-9b50-8916d812c42c
2026-05-08 13:54:34,599 | INFO | Heartbeat | watch=KXBTC15M-26MAY081400-00 yes_bid=73 yes_ask=74 no_bid=26 no_ask=27 book_ready=True position=False pending=False dry_run=False trust=synced run_id=e155dace-5db4-4ab2-9b50-8916d812c42c
2026-05-08 13:54:49,681 | INFO | Heartbeat | watch=KXBTC15M-26MAY081400-00 yes_bid=72 yes_ask=75 no_bid=25 no_ask=28 book_ready=True position=False pending=False dry_run=False trust=synced run_id=e155dace-5db4-4ab2-9b50-8916d812c42c
2026-05-08 13:55:04,682 | INFO | Heartbeat | watch=KXBTC15M-26MAY081400-00 yes_bid=76 yes_ask=80 no_bid=20 no_ask=24 book_ready=True position=False pending=False dry_run=False trust=synced run_id=e155dace-5db4-4ab2-9b50-8916d812c42c
2026-05-08 13:55:19,679 | INFO | Heartbeat | watch=KXBTC15M-26MAY081400-00 yes_bid=79 yes_ask=80 no_bid=20 no_ask=21 book_ready=True position=False pending=False dry_run=False trust=synced run_id=e155dace-5db4-4ab2-9b50-8916d812c42c
2026-05-08 13:55:34,705 | INFO | Heartbeat | watch=KXBTC15M-26MAY081400-00 yes_bid=74 yes_ask=76 no_bid=24 no_ask=26 book_ready=True position=False pending=False dry_run=False trust=synced run_id=e155dace-5db4-4ab2-9b50-8916d812c42c
2026-05-08 13:55:49,767 | INFO | Heartbeat | watch=KXBTC15M-26MAY081400-00 yes_bid=67 yes_ask=69 no_bid=31 no_ask=33 book_ready=True position=False pending=False dry_run=False trust=synced run_id=e155dace-5db4-4ab2-9b50-8916d812c42c
2026-05-08 13:56:04,769 | INFO | Heartbeat | watch=KXBTC15M-26MAY081400-00 yes_bid=68 yes_ask=69 no_bid=31 no_ask=32 book_ready=True position=False pending=False dry_run=False trust=synced run_id=e155dace-5db4-4ab2-9b50-8916d812c42c
2026-05-08 13:56:19,779 | INFO | Heartbeat | watch=KXBTC15M-26MAY081400-00 yes_bid=54 yes_ask=55 no_bid=45 no_ask=46 book_ready=True position=False pending=False dry_run=False trust=synced run_id=e155dace-5db4-4ab2-9b50-8916d812c42c
2026-05-08 13:56:34,824 | INFO | Heartbeat | watch=KXBTC15M-26MAY081400-00 yes_bid=54 yes_ask=55 no_bid=45 no_ask=46 book_ready=True position=False pending=False dry_run=False trust=synced run_id=e155dace-5db4-4ab2-9b50-8916d812c42c
2026-05-08 13:56:49,835 | INFO | Heartbeat | watch=KXBTC15M-26MAY081400-00 yes_bid=54 yes_ask=59 no_bid=41 no_ask=46 book_ready=True position=False pending=False dry_run=False trust=synced run_id=e155dace-5db4-4ab2-9b50-8916d812c42c
2026-05-08 13:57:04,852 | INFO | Heartbeat | watch=KXBTC15M-26MAY081400-00 yes_bid=49 yes_ask=55 no_bid=45 no_ask=51 book_ready=True position=False pending=False dry_run=False trust=synced run_id=e155dace-5db4-4ab2-9b50-8916d812c42c
2026-05-08 13:57:19,897 | INFO | Heartbeat | watch=KXBTC15M-26MAY081400-00 yes_bid=40 yes_ask=43 no_bid=57 no_ask=60 book_ready=True position=False pending=False dry_run=False trust=synced run_id=e155dace-5db4-4ab2-9b50-8916d812c42c
2026-05-08 13:57:34,932 | INFO | Heartbeat | watch=KXBTC15M-26MAY081400-00 yes_bid=14 yes_ask=17 no_bid=83 no_ask=86 book_ready=True position=False pending=False dry_run=False trust=synced run_id=e155dace-5db4-4ab2-9b50-8916d812c42c
2026-05-08 13:57:49,967 | INFO | Heartbeat | watch=KXBTC15M-26MAY081400-00 yes_bid=13 yes_ask=17 no_bid=83 no_ask=87 book_ready=True position=False pending=False dry_run=False trust=synced run_id=e155dace-5db4-4ab2-9b50-8916d812c42c
2026-05-08 13:58:04,983 | INFO | Heartbeat | watch=KXBTC15M-26MAY081400-00 yes_bid=5 yes_ask=6 no_bid=94 no_ask=95 book_ready=True position=False pending=False dry_run=False trust=synced run_id=e155dace-5db4-4ab2-9b50-8916d812c42c
2026-05-08 13:58:19,975 | INFO | Heartbeat | watch=KXBTC15M-26MAY081400-00 yes_bid=1 yes_ask=2 no_bid=98 no_ask=99 book_ready=True position=False pending=False dry_run=False trust=synced run_id=e155dace-5db4-4ab2-9b50-8916d812c42c
2026-05-08 13:58:34,995 | INFO | Heartbeat | watch=KXBTC15M-26MAY081400-00 yes_bid=0 yes_ask=1 no_bid=99 no_ask=100 book_ready=True position=False pending=False dry_run=False trust=synced run_id=e155dace-5db4-4ab2-9b50-8916d812c42c
2026-05-08 13:58:50,029 | INFO | Heartbeat | watch=KXBTC15M-26MAY081400-00 yes_bid=0 yes_ask=0 no_bid=100 no_ask=100 book_ready=True position=False pending=False dry_run=False trust=synced run_id=e155dace-5db4-4ab2-9b50-8916d812c42c
2026-05-08 13:59:05,048 | INFO | Heartbeat | watch=KXBTC15M-26MAY081400-00 yes_bid=0 yes_ask=0 no_bid=100 no_ask=100 book_ready=True position=False pending=False dry_run=False trust=synced run_id=e155dace-5db4-4ab2-9b50-8916d812c42c
2026-05-08 13:59:20,044 | INFO | Heartbeat | watch=KXBTC15M-26MAY081400-00 yes_bid=0 yes_ask=0 no_bid=100 no_ask=100 book_ready=True position=False pending=False dry_run=False trust=synced run_id=e155dace-5db4-4ab2-9b50-8916d812c42c
2026-05-08 13:59:35,070 | INFO | Heartbeat | watch=KXBTC15M-26MAY081400-00 yes_bid=0 yes_ask=0 no_bid=100 no_ask=100 book_ready=True position=False pending=False dry_run=False trust=synced run_id=e155dace-5db4-4ab2-9b50-8916d812c42c
2026-05-08 13:59:50,174 | INFO | Heartbeat | watch=KXBTC15M-26MAY081400-00 yes_bid=0 yes_ask=0 no_bid=100 no_ask=100 book_ready=True position=False pending=False dry_run=False trust=synced run_id=e155dace-5db4-4ab2-9b50-8916d812c42c
2026-05-08 14:00:05,204 | INFO | Heartbeat | watch=KXBTC15M-26MAY081400-00 yes_bid=0 yes_ask=100 no_bid=0 no_ask=100 book_ready=True position=False pending=False dry_run=False trust=synced run_id=e155dace-5db4-4ab2-9b50-8916d812c42c
2026-05-08 14:00:06,965 | INFO | Orderbook snapshot ready for KXBTC15M-26MAY081400-00
2026-05-08 14:00:20,196 | INFO | Heartbeat | watch=KXBTC15M-26MAY081400-00 yes_bid=0 yes_ask=100 no_bid=0 no_ask=100 book_ready=True position=False pending=False dry_run=False trust=synced run_id=e155dace-5db4-4ab2-9b50-8916d812c42c
2026-05-08 14:00:32,343 | INFO | Watching market KXBTC15M-26MAY081415-15 close_time=2026-05-08T18:15:00Z status=active strike=80012.43 run_id=e155dace-5db4-4ab2-9b50-8916d812c42c
2026-05-08 14:00:32,563 | INFO | WS connected for KXBTC15M-26MAY081415-15
2026-05-08 14:00:32,597 | INFO | WS subscribed payload: {'type': 'subscribed', 'id': 6, 'msg': {'channel': 'ticker', 'sid': 1}}
2026-05-08 14:00:32,597 | INFO | WS subscribed payload: {'type': 'subscribed', 'id': 6, 'msg': {'channel': 'orderbook_delta', 'sid': 2}}
2026-05-08 14:00:32,599 | INFO | Orderbook snapshot ready for KXBTC15M-26MAY081415-15
2026-05-08 14:00:35,202 | INFO | Heartbeat | watch=KXBTC15M-26MAY081415-15 yes_bid=92 yes_ask=92 no_bid=8 no_ask=8 book_ready=True position=False pending=False dry_run=False trust=synced run_id=e155dace-5db4-4ab2-9b50-8916d812c42c
2026-05-08 14:00:50,216 | INFO | Heartbeat | watch=KXBTC15M-26MAY081415-15 yes_bid=85 yes_ask=86 no_bid=14 no_ask=15 book_ready=True position=False pending=False dry_run=False trust=synced run_id=e155dace-5db4-4ab2-9b50-8916d812c42c
2026-05-08 14:01:05,257 | INFO | Heartbeat | watch=KXBTC15M-26MAY081415-15 yes_bid=81 yes_ask=82 no_bid=18 no_ask=19 book_ready=True position=False pending=False dry_run=False trust=synced run_id=e155dace-5db4-4ab2-9b50-8916d812c42c
2026-05-08 14:01:09,597 | INFO | Mushroom v28 entry approved | market=KXBTC15M-26MAY081415-15 side=yes ask=80c max_buy=81c qty=2 p_side=0.8571 edge=4.206c depth=5 btc_age_ms=94.0 secs_to_close=830.40
2026-05-08 14:01:09,609 | INFO | Execution state | market=KXBTC15M-26MAY081415-15 side=yes state=eligible reason=pre_filters_disabled trust=synced run_id=e155dace-5db4-4ab2-9b50-8916d812c42c
2026-05-08 14:01:09,609 | INFO | Execution deferred | market=KXBTC15M-26MAY081415-15 side=yes reason=fast_fill_insufficient_depth trigger=80 top_of_book=80 book=[80:5, 81:11, 82:33, 83:30, 84:315] trust=synced
2026-05-08 14:01:09,610 | INFO | Execution state | market=KXBTC15M-26MAY081415-15 side=yes state=abandoned reason=fast_fill_insufficient_depth trust=synced run_id=e155dace-5db4-4ab2-9b50-8916d812c42c
2026-05-08 14:01:09,612 | INFO | Mushroom v28 entry approved | market=KXBTC15M-26MAY081415-15 side=yes ask=80c max_buy=81c qty=2 p_side=0.8571 edge=4.206c depth=5 btc_age_ms=110.0 secs_to_close=830.39
2026-05-08 14:01:09,627 | INFO | Execution state | market=KXBTC15M-26MAY081415-15 side=yes state=eligible reason=pre_filters_disabled trust=synced run_id=e155dace-5db4-4ab2-9b50-8916d812c42c
2026-05-08 14:01:09,628 | INFO | Execution deferred | market=KXBTC15M-26MAY081415-15 side=yes reason=fast_fill_insufficient_depth trigger=80 top_of_book=80 book=[80:5, 81:11, 82:33, 83:30, 84:315] trust=synced
2026-05-08 14:01:09,628 | INFO | Execution state | market=KXBTC15M-26MAY081415-15 side=yes state=abandoned reason=fast_fill_insufficient_depth trust=synced run_id=e155dace-5db4-4ab2-9b50-8916d812c42c
2026-05-08 14:01:09,631 | INFO | Mushroom v28 entry approved | market=KXBTC15M-26MAY081415-15 side=yes ask=80c max_buy=81c qty=2 p_side=0.8571 edge=4.206c depth=5 btc_age_ms=141.0 secs_to_close=830.37
2026-05-08 14:01:09,645 | INFO | Execution state | market=KXBTC15M-26MAY081415-15 side=yes state=eligible reason=pre_filters_disabled trust=synced run_id=e155dace-5db4-4ab2-9b50-8916d812c42c
2026-05-08 14:01:09,646 | INFO | Execution deferred | market=KXBTC15M-26MAY081415-15 side=yes reason=fast_fill_insufficient_depth trigger=80 top_of_book=80 book=[80:5, 81:11, 82:33, 83:30, 84:315] trust=synced
2026-05-08 14:01:09,647 | INFO | Execution state | market=KXBTC15M-26MAY081415-15 side=yes state=abandoned reason=fast_fill_insufficient_depth trust=synced run_id=e155dace-5db4-4ab2-9b50-8916d812c42c
2026-05-08 14:01:09,651 | INFO | Mushroom v28 entry approved | market=KXBTC15M-26MAY081415-15 side=yes ask=80c max_buy=81c qty=2 p_side=0.8571 edge=4.206c depth=5 btc_age_ms=156.0 secs_to_close=830.35
2026-05-08 14:01:09,665 | INFO | Execution state | market=KXBTC15M-26MAY081415-15 side=yes state=eligible reason=pre_filters_disabled trust=synced run_id=e155dace-5db4-4ab2-9b50-8916d812c42c
2026-05-08 14:01:09,666 | INFO | Execution deferred | market=KXBTC15M-26MAY081415-15 side=yes reason=fast_fill_insufficient_depth trigger=80 top_of_book=80 book=[80:5, 81:12, 82:33, 83:30, 84:1115.5] trust=synced
2026-05-08 14:01:09,667 | INFO | Execution state | market=KXBTC15M-26MAY081415-15 side=yes state=abandoned reason=fast_fill_insufficient_depth trust=synced run_id=e155dace-5db4-4ab2-9b50-8916d812c42c
2026-05-08 14:01:09,671 | INFO | Mushroom v28 entry approved | market=KXBTC15M-26MAY081415-15 side=yes ask=80c max_buy=81c qty=2 p_side=0.8571 edge=4.206c depth=5 btc_age_ms=172.0 secs_to_close=830.33
2026-05-08 14:01:09,686 | INFO | Execution state | market=KXBTC15M-26MAY081415-15 side=yes state=eligible reason=pre_filters_disabled trust=synced run_id=e155dace-5db4-4ab2-9b50-8916d812c42c
2026-05-08 14:01:09,687 | INFO | Execution deferred | market=KXBTC15M-26MAY081415-15 side=yes reason=fast_fill_insufficient_depth trigger=80 top_of_book=80 book=[80:5, 81:12, 82:34, 83:30, 84:1115.5] trust=synced
2026-05-08 14:01:09,687 | INFO | Execution state | market=KXBTC15M-26MAY081415-15 side=yes state=abandoned reason=fast_fill_insufficient_depth trust=synced run_id=e155dace-5db4-4ab2-9b50-8916d812c42c
2026-05-08 14:01:09,694 | INFO | Mushroom v28 entry approved | market=KXBTC15M-26MAY081415-15 side=yes ask=80c max_buy=81c qty=2 p_side=0.8571 edge=4.206c depth=5 btc_age_ms=203.0 secs_to_close=830.31
2026-05-08 14:01:09,710 | INFO | Execution state | market=KXBTC15M-26MAY081415-15 side=yes state=eligible reason=pre_filters_disabled trust=synced run_id=e155dace-5db4-4ab2-9b50-8916d812c42c
2026-05-08 14:01:09,711 | INFO | Execution deferred | market=KXBTC15M-26MAY081415-15 side=yes reason=fast_fill_insufficient_depth trigger=80 top_of_book=80 book=[80:5, 81:12, 82:34, 83:30, 84:1115.5] trust=synced
2026-05-08 14:01:09,711 | INFO | Execution state | market=KXBTC15M-26MAY081415-15 side=yes state=abandoned reason=fast_fill_insufficient_depth trust=synced run_id=e155dace-5db4-4ab2-9b50-8916d812c42c
2026-05-08 14:01:09,714 | INFO | Mushroom v28 entry approved | market=KXBTC15M-26MAY081415-15 side=yes ask=80c max_buy=81c qty=2 p_side=0.8571 edge=4.206c depth=5 btc_age_ms=219.0 secs_to_close=830.29
2026-05-08 14:01:09,728 | INFO | Execution state | market=KXBTC15M-26MAY081415-15 side=yes state=eligible reason=pre_filters_disabled trust=synced run_id=e155dace-5db4-4ab2-9b50-8916d812c42c
2026-05-08 14:01:09,729 | INFO | Execution deferred | market=KXBTC15M-26MAY081415-15 side=yes reason=fast_fill_insufficient_depth trigger=80 top_of_book=80 book=[80:5, 81:12, 82:34, 83:30, 84:1115.5] trust=synced
2026-05-08 14:01:09,730 | INFO | Execution state | market=KXBTC15M-26MAY081415-15 side=yes state=abandoned reason=fast_fill_insufficient_depth trust=synced run_id=e155dace-5db4-4ab2-9b50-8916d812c42c
2026-05-08 14:01:09,733 | INFO | Mushroom v28 entry approved | market=KXBTC15M-26MAY081415-15 side=yes ask=80c max_buy=81c qty=2 p_side=0.8610 edge=4.595c depth=5 btc_age_ms=0.0 secs_to_close=830.27
2026-05-08 14:01:09,748 | INFO | Execution state | market=KXBTC15M-26MAY081415-15 side=yes state=eligible reason=pre_filters_disabled trust=synced run_id=e155dace-5db4-4ab2-9b50-8916d812c42c
2026-05-08 14:01:09,749 | INFO | Execution deferred | market=KXBTC15M-26MAY081415-15 side=yes reason=fast_fill_insufficient_depth trigger=80 top_of_book=80 book=[80:5, 81:12, 82:1, 83:70, 84:1115.5] trust=synced
2026-05-08 14:01:09,749 | INFO | Execution state | market=KXBTC15M-26MAY081415-15 side=yes state=abandoned reason=fast_fill_insufficient_depth trust=synced run_id=e155dace-5db4-4ab2-9b50-8916d812c42c
2026-05-08 14:01:09,765 | INFO | Mushroom v28 entry approved | market=KXBTC15M-26MAY081415-15 side=yes ask=80c max_buy=81c qty=2 p_side=0.8610 edge=4.595c depth=5 btc_age_ms=31.0 secs_to_close=830.24
2026-05-08 14:01:09,780 | INFO | Execution state | market=KXBTC15M-26MAY081415-15 side=yes state=eligible reason=pre_filters_disabled trust=synced run_id=e155dace-5db4-4ab2-9b50-8916d812c42c
2026-05-08 14:01:09,781 | INFO | Execution deferred | market=KXBTC15M-26MAY081415-15 side=yes reason=fast_fill_insufficient_depth trigger=80 top_of_book=80 book=[80:5, 81:12, 82:1, 83:70, 84:1115.5] trust=synced
2026-05-08 14:01:09,782 | INFO | Execution state | market=KXBTC15M-26MAY081415-15 side=yes state=abandoned reason=fast_fill_insufficient_depth trust=synced run_id=e155dace-5db4-4ab2-9b50-8916d812c42c
2026-05-08 14:01:09,784 | INFO | Mushroom v28 entry approved | market=KXBTC15M-26MAY081415-15 side=yes ask=80c max_buy=81c qty=2 p_side=0.8610 edge=4.595c depth=5 btc_age_ms=46.0 secs_to_close=830.22
2026-05-08 14:01:09,793 | INFO | Execution state | market=KXBTC15M-26MAY081415-15 side=yes state=eligible reason=pre_filters_disabled trust=synced run_id=e155dace-5db4-4ab2-9b50-8916d812c42c
2026-05-08 14:01:09,795 | INFO | Execution deferred | market=KXBTC15M-26MAY081415-15 side=yes reason=fast_fill_insufficient_depth trigger=80 top_of_book=80 book=[80:5, 81:12, 82:1, 83:70, 84:1115.5] trust=synced
2026-05-08 14:01:09,795 | INFO | Execution state | market=KXBTC15M-26MAY081415-15 side=yes state=abandoned reason=fast_fill_insufficient_depth trust=synced run_id=e155dace-5db4-4ab2-9b50-8916d812c42c
2026-05-08 14:01:09,816 | INFO | Mushroom v28 entry approved | market=KXBTC15M-26MAY081415-15 side=yes ask=80c max_buy=81c qty=2 p_side=0.8610 edge=4.595c depth=5 btc_age_ms=78.0 secs_to_close=830.19
2026-05-08 14:01:09,830 | INFO | Execution state | market=KXBTC15M-26MAY081415-15 side=yes state=eligible reason=pre_filters_disabled trust=synced run_id=e155dace-5db4-4ab2-9b50-8916d812c42c
2026-05-08 14:01:09,830 | INFO | Execution deferred | market=KXBTC15M-26MAY081415-15 side=yes reason=fast_fill_insufficient_depth trigger=80 top_of_book=80 book=[80:5, 81:12, 82:1, 83:70, 84:1115.5] trust=synced
2026-05-08 14:01:09,831 | INFO | Execution state | market=KXBTC15M-26MAY081415-15 side=yes state=abandoned reason=fast_fill_insufficient_depth trust=synced run_id=e155dace-5db4-4ab2-9b50-8916d812c42c
2026-05-08 14:01:09,835 | INFO | Mushroom v28 entry approved | market=KXBTC15M-26MAY081415-15 side=yes ask=80c max_buy=81c qty=2 p_side=0.8610 edge=4.595c depth=5 btc_age_ms=109.0 secs_to_close=830.17
2026-05-08 14:01:09,845 | INFO | Execution state | market=KXBTC15M-26MAY081415-15 side=yes state=eligible reason=pre_filters_disabled trust=synced run_id=e155dace-5db4-4ab2-9b50-8916d812c42c
2026-05-08 14:01:09,846 | INFO | Execution deferred | market=KXBTC15M-26MAY081415-15 side=yes reason=fast_fill_insufficient_depth trigger=80 top_of_book=80 book=[80:5, 81:12, 82:1, 83:70, 84:1115.5] trust=synced
2026-05-08 14:01:09,846 | INFO | Execution state | market=KXBTC15M-26MAY081415-15 side=yes state=abandoned reason=fast_fill_insufficient_depth trust=synced run_id=e155dace-5db4-4ab2-9b50-8916d812c42c
2026-05-08 14:01:09,882 | INFO | Mushroom v28 entry approved | market=KXBTC15M-26MAY081415-15 side=yes ask=80c max_buy=81c qty=2 p_side=0.8610 edge=4.596c depth=5 btc_age_ms=156.0 secs_to_close=830.12
2026-05-08 14:01:09,897 | INFO | Execution state | market=KXBTC15M-26MAY081415-15 side=yes state=eligible reason=pre_filters_disabled trust=synced run_id=e155dace-5db4-4ab2-9b50-8916d812c42c
2026-05-08 14:01:09,898 | INFO | Execution deferred | market=KXBTC15M-26MAY081415-15 side=yes reason=fast_fill_insufficient_depth trigger=80 top_of_book=80 book=[80:5, 81:12, 82:1, 83:70, 84:1115.5] trust=synced
2026-05-08 14:01:09,899 | INFO | Execution state | market=KXBTC15M-26MAY081415-15 side=yes state=abandoned reason=fast_fill_insufficient_depth trust=synced run_id=e155dace-5db4-4ab2-9b50-8916d812c42c
2026-05-08 14:01:09,903 | INFO | Mushroom v28 entry approved | market=KXBTC15M-26MAY081415-15 side=yes ask=80c max_buy=81c qty=2 p_side=0.8610 edge=4.596c depth=5 btc_age_ms=171.0 secs_to_close=830.10
2026-05-08 14:01:09,917 | INFO | Execution state | market=KXBTC15M-26MAY081415-15 side=yes state=eligible reason=pre_filters_disabled trust=synced run_id=e155dace-5db4-4ab2-9b50-8916d812c42c
2026-05-08 14:01:09,917 | INFO | Execution deferred | market=KXBTC15M-26MAY081415-15 side=yes reason=fast_fill_insufficient_depth trigger=80 top_of_book=80 book=[80:5, 81:12, 82:1, 83:70, 84:1115.5] trust=synced
2026-05-08 14:01:09,918 | INFO | Execution state | market=KXBTC15M-26MAY081415-15 side=yes state=abandoned reason=fast_fill_insufficient_depth trust=synced run_id=e155dace-5db4-4ab2-9b50-8916d812c42c
2026-05-08 14:01:09,921 | INFO | Mushroom v28 entry approved | market=KXBTC15M-26MAY081415-15 side=yes ask=80c max_buy=81c qty=2 p_side=0.8610 edge=4.596c depth=5 btc_age_ms=187.0 secs_to_close=830.08
2026-05-08 14:01:09,936 | INFO | Execution state | market=KXBTC15M-26MAY081415-15 side=yes state=eligible reason=pre_filters_disabled trust=synced run_id=e155dace-5db4-4ab2-9b50-8916d812c42c
2026-05-08 14:01:09,937 | INFO | Execution deferred | market=KXBTC15M-26MAY081415-15 side=yes reason=fast_fill_insufficient_depth trigger=80 top_of_book=80 book=[80:5, 81:12, 82:1, 83:70, 84:1115.5] trust=synced
2026-05-08 14:01:09,938 | INFO | Execution state | market=KXBTC15M-26MAY081415-15 side=yes state=abandoned reason=fast_fill_insufficient_depth trust=synced run_id=e155dace-5db4-4ab2-9b50-8916d812c42c
2026-05-08 14:01:09,943 | INFO | Mushroom v28 entry approved | market=KXBTC15M-26MAY081415-15 side=yes ask=80c max_buy=81c qty=2 p_side=0.8610 edge=4.596c depth=5 btc_age_ms=203.0 secs_to_close=830.06
2026-05-08 14:01:09,958 | INFO | Execution state | market=KXBTC15M-26MAY081415-15 side=yes state=eligible reason=pre_filters_disabled trust=synced run_id=e155dace-5db4-4ab2-9b50-8916d812c42c
2026-05-08 14:01:09,959 | INFO | Execution deferred | market=KXBTC15M-26MAY081415-15 side=yes reason=fast_fill_insufficient_depth trigger=80 top_of_book=80 book=[80:5, 81:12, 82:1, 83:70, 84:1115.5] trust=synced
2026-05-08 14:01:09,959 | INFO | Execution state | market=KXBTC15M-26MAY081415-15 side=yes state=abandoned reason=fast_fill_insufficient_depth trust=synced run_id=e155dace-5db4-4ab2-9b50-8916d812c42c
2026-05-08 14:01:09,963 | INFO | Mushroom v28 entry approved | market=KXBTC15M-26MAY081415-15 side=yes ask=80c max_buy=81c qty=2 p_side=0.8610 edge=4.596c depth=5 btc_age_ms=234.0 secs_to_close=830.04
2026-05-08 14:01:09,975 | INFO | Execution state | market=KXBTC15M-26MAY081415-15 side=yes state=eligible reason=pre_filters_disabled trust=synced run_id=e155dace-5db4-4ab2-9b50-8916d812c42c
2026-05-08 14:01:09,976 | INFO | Execution deferred | market=KXBTC15M-26MAY081415-15 side=yes reason=fast_fill_insufficient_depth trigger=80 top_of_book=80 book=[80:5, 81:12, 82:1, 83:70, 84:1115.5] trust=synced
2026-05-08 14:01:09,976 | INFO | Execution state | market=KXBTC15M-26MAY081415-15 side=yes state=abandoned reason=fast_fill_insufficient_depth trust=synced run_id=e155dace-5db4-4ab2-9b50-8916d812c42c
2026-05-08 14:01:09,979 | INFO | Mushroom v28 entry approved | market=KXBTC15M-26MAY081415-15 side=yes ask=80c max_buy=81c qty=2 p_side=0.8610 edge=4.596c depth=5 btc_age_ms=250.0 secs_to_close=830.02
2026-05-08 14:01:09,991 | INFO | Execution state | market=KXBTC15M-26MAY081415-15 side=yes state=eligible reason=pre_filters_disabled trust=synced run_id=e155dace-5db4-4ab2-9b50-8916d812c42c
2026-05-08 14:01:09,992 | INFO | Execution deferred | market=KXBTC15M-26MAY081415-15 side=yes reason=fast_fill_insufficient_depth trigger=80 top_of_book=80 book=[80:5, 81:12, 82:1, 83:70, 84:1115.5] trust=synced
2026-05-08 14:01:09,993 | INFO | Execution state | market=KXBTC15M-26MAY081415-15 side=yes state=abandoned reason=fast_fill_insufficient_depth trust=synced run_id=e155dace-5db4-4ab2-9b50-8916d812c42c
2026-05-08 14:01:09,995 | INFO | Mushroom v28 entry approved | market=KXBTC15M-26MAY081415-15 side=yes ask=81c max_buy=81c qty=1 p_side=0.8610 edge=3.596c depth=1 btc_age_ms=265.0 secs_to_close=830.01
2026-05-08 14:01:10,009 | INFO | Execution state | market=KXBTC15M-26MAY081415-15 side=yes state=eligible reason=pre_filters_disabled trust=synced run_id=e155dace-5db4-4ab2-9b50-8916d812c42c
2026-05-08 14:01:10,010 | INFO | Execution deferred | market=KXBTC15M-26MAY081415-15 side=yes reason=fast_fill_insufficient_depth trigger=81 top_of_book=81 book=[81:1, 82:1, 83:70, 84:315, 85:1954.87] trust=synced
2026-05-08 14:01:10,010 | INFO | Execution state | market=KXBTC15M-26MAY081415-15 side=yes state=abandoned reason=fast_fill_insufficient_depth trust=synced run_id=e155dace-5db4-4ab2-9b50-8916d812c42c
2026-05-08 14:01:20,260 | INFO | Heartbeat | watch=KXBTC15M-26MAY081415-15 yes_bid=86 yes_ask=87 no_bid=13 no_ask=14 book_ready=True position=False pending=False dry_run=False trust=synced run_id=e155dace-5db4-4ab2-9b50-8916d812c42c
2026-05-08 14:01:35,273 | INFO | Heartbeat | watch=KXBTC15M-26MAY081415-15 yes_bid=87 yes_ask=88 no_bid=12 no_ask=13 book_ready=True position=False pending=False dry_run=False trust=synced run_id=e155dace-5db4-4ab2-9b50-8916d812c42c
2026-05-08 14:01:50,301 | INFO | Heartbeat | watch=KXBTC15M-26MAY081415-15 yes_bid=88 yes_ask=89 no_bid=11 no_ask=12 book_ready=True position=False pending=False dry_run=False trust=synced run_id=e155dace-5db4-4ab2-9b50-8916d812c42c
2026-05-08 14:02:05,304 | INFO | Heartbeat | watch=KXBTC15M-26MAY081415-15 yes_bid=87 yes_ask=88 no_bid=12 no_ask=13 book_ready=True position=False pending=False dry_run=False trust=synced run_id=e155dace-5db4-4ab2-9b50-8916d812c42c
2026-05-08 14:02:20,349 | INFO | Heartbeat | watch=KXBTC15M-26MAY081415-15 yes_bid=87 yes_ask=88 no_bid=12 no_ask=13 book_ready=True position=False pending=False dry_run=False trust=synced run_id=e155dace-5db4-4ab2-9b50-8916d812c42c
2026-05-08 14:02:35,367 | INFO | Heartbeat | watch=KXBTC15M-26MAY081415-15 yes_bid=87 yes_ask=88 no_bid=12 no_ask=13 book_ready=True position=False pending=False dry_run=False trust=synced run_id=e155dace-5db4-4ab2-9b50-8916d812c42c
2026-05-08 14:02:50,419 | INFO | Heartbeat | watch=KXBTC15M-26MAY081415-15 yes_bid=87 yes_ask=88 no_bid=12 no_ask=13 book_ready=True position=False pending=False dry_run=False trust=synced run_id=e155dace-5db4-4ab2-9b50-8916d812c42c
2026-05-08 14:03:05,432 | INFO | Heartbeat | watch=KXBTC15M-26MAY081415-15 yes_bid=89 yes_ask=90 no_bid=10 no_ask=11 book_ready=True position=False pending=False dry_run=False trust=synced run_id=e155dace-5db4-4ab2-9b50-8916d812c42c
2026-05-08 14:03:20,427 | INFO | Heartbeat | watch=KXBTC15M-26MAY081415-15 yes_bid=89 yes_ask=90 no_bid=10 no_ask=11 book_ready=True position=False pending=False dry_run=False trust=synced run_id=e155dace-5db4-4ab2-9b50-8916d812c42c
2026-05-08 14:03:35,476 | INFO | Heartbeat | watch=KXBTC15M-26MAY081415-15 yes_bid=87 yes_ask=88 no_bid=12 no_ask=13 book_ready=True position=False pending=False dry_run=False trust=synced run_id=e155dace-5db4-4ab2-9b50-8916d812c42c
2026-05-08 14:03:50,517 | INFO | Heartbeat | watch=KXBTC15M-26MAY081415-15 yes_bid=90 yes_ask=90 no_bid=10 no_ask=10 book_ready=True position=False pending=False dry_run=False trust=synced run_id=e155dace-5db4-4ab2-9b50-8916d812c42c
2026-05-08 14:04:05,577 | INFO | Heartbeat | watch=KXBTC15M-26MAY081415-15 yes_bid=91 yes_ask=92 no_bid=8 no_ask=9 book_ready=True position=False pending=False dry_run=False trust=synced run_id=e155dace-5db4-4ab2-9b50-8916d812c42c
2026-05-08 14:04:20,583 | INFO | Heartbeat | watch=KXBTC15M-26MAY081415-15 yes_bid=90 yes_ask=92 no_bid=8 no_ask=10 book_ready=True position=False pending=False dry_run=False trust=synced run_id=e155dace-5db4-4ab2-9b50-8916d812c42c
2026-05-08 14:04:35,570 | INFO | Heartbeat | watch=KXBTC15M-26MAY081415-15 yes_bid=91 yes_ask=91 no_bid=9 no_ask=9 book_ready=True position=False pending=False dry_run=False trust=synced run_id=e155dace-5db4-4ab2-9b50-8916d812c42c
2026-05-08 14:04:50,580 | INFO | Heartbeat | watch=KXBTC15M-26MAY081415-15 yes_bid=90 yes_ask=91 no_bid=9 no_ask=10 book_ready=True position=False pending=False dry_run=False trust=synced run_id=e155dace-5db4-4ab2-9b50-8916d812c42c
2026-05-08 14:05:05,595 | INFO | Heartbeat | watch=KXBTC15M-26MAY081415-15 yes_bid=94 yes_ask=95 no_bid=5 no_ask=6 book_ready=True position=False pending=False dry_run=False trust=synced run_id=e155dace-5db4-4ab2-9b50-8916d812c42c
2026-05-08 14:05:20,602 | INFO | Heartbeat | watch=KXBTC15M-26MAY081415-15 yes_bid=91 yes_ask=91 no_bid=9 no_ask=9 book_ready=True position=False pending=False dry_run=False trust=synced run_id=e155dace-5db4-4ab2-9b50-8916d812c42c
2026-05-08 14:05:35,604 | INFO | Heartbeat | watch=KXBTC15M-26MAY081415-15 yes_bid=93 yes_ask=93 no_bid=7 no_ask=7 book_ready=True position=False pending=False dry_run=False trust=synced run_id=e155dace-5db4-4ab2-9b50-8916d812c42c
2026-05-08 14:05:50,618 | INFO | Heartbeat | watch=KXBTC15M-26MAY081415-15 yes_bid=93 yes_ask=94 no_bid=6 no_ask=7 book_ready=True position=False pending=False dry_run=False trust=synced run_id=e155dace-5db4-4ab2-9b50-8916d812c42c
2026-05-08 14:06:05,639 | INFO | Heartbeat | watch=KXBTC15M-26MAY081415-15 yes_bid=94 yes_ask=96 no_bid=4 no_ask=6 book_ready=True position=False pending=False dry_run=False trust=synced run_id=e155dace-5db4-4ab2-9b50-8916d812c42c
2026-05-08 14:06:20,632 | INFO | Heartbeat | watch=KXBTC15M-26MAY081415-15 yes_bid=94 yes_ask=95 no_bid=5 no_ask=6 book_ready=True position=False pending=False dry_run=False trust=synced run_id=e155dace-5db4-4ab2-9b50-8916d812c42c
2026-05-08 14:06:35,644 | INFO | Heartbeat | watch=KXBTC15M-26MAY081415-15 yes_bid=95 yes_ask=96 no_bid=4 no_ask=5 book_ready=True position=False pending=False dry_run=False trust=synced run_id=e155dace-5db4-4ab2-9b50-8916d812c42c
2026-05-08 14:06:50,681 | INFO | Heartbeat | watch=KXBTC15M-26MAY081415-15 yes_bid=95 yes_ask=96 no_bid=4 no_ask=5 book_ready=True position=False pending=False dry_run=False trust=synced run_id=e155dace-5db4-4ab2-9b50-8916d812c42c
2026-05-08 14:07:05,697 | INFO | Heartbeat | watch=KXBTC15M-26MAY081415-15 yes_bid=95 yes_ask=96 no_bid=4 no_ask=5 book_ready=True position=False pending=False dry_run=False trust=synced run_id=e155dace-5db4-4ab2-9b50-8916d812c42c
2026-05-08 14:07:20,698 | INFO | Heartbeat | watch=KXBTC15M-26MAY081415-15 yes_bid=95 yes_ask=96 no_bid=4 no_ask=5 book_ready=True position=False pending=False dry_run=False trust=synced run_id=e155dace-5db4-4ab2-9b50-8916d812c42c
2026-05-08 14:07:35,716 | INFO | Heartbeat | watch=KXBTC15M-26MAY081415-15 yes_bid=93 yes_ask=94 no_bid=6 no_ask=7 book_ready=True position=False pending=False dry_run=False trust=synced run_id=e155dace-5db4-4ab2-9b50-8916d812c42c
2026-05-08 14:07:50,734 | INFO | Heartbeat | watch=KXBTC15M-26MAY081415-15 yes_bid=94 yes_ask=95 no_bid=5 no_ask=6 book_ready=True position=False pending=False dry_run=False trust=synced run_id=e155dace-5db4-4ab2-9b50-8916d812c42c
2026-05-08 14:08:05,790 | INFO | Heartbeat | watch=KXBTC15M-26MAY081415-15 yes_bid=96 yes_ask=97 no_bid=3 no_ask=4 book_ready=True position=False pending=False dry_run=False trust=synced run_id=e155dace-5db4-4ab2-9b50-8916d812c42c
2026-05-08 14:08:20,800 | INFO | Heartbeat | watch=KXBTC15M-26MAY081415-15 yes_bid=96 yes_ask=96 no_bid=4 no_ask=4 book_ready=True position=False pending=False dry_run=False trust=synced run_id=e155dace-5db4-4ab2-9b50-8916d812c42c
2026-05-08 14:08:35,808 | INFO | Heartbeat | watch=KXBTC15M-26MAY081415-15 yes_bid=97 yes_ask=97 no_bid=3 no_ask=3 book_ready=True position=False pending=False dry_run=False trust=synced run_id=e155dace-5db4-4ab2-9b50-8916d812c42c
2026-05-08 14:08:50,810 | INFO | Heartbeat | watch=KXBTC15M-26MAY081415-15 yes_bid=97 yes_ask=97 no_bid=3 no_ask=3 book_ready=True position=False pending=False dry_run=False trust=synced run_id=e155dace-5db4-4ab2-9b50-8916d812c42c
2026-05-08 14:09:05,802 | INFO | Heartbeat | watch=KXBTC15M-26MAY081415-15 yes_bid=98 yes_ask=98 no_bid=2 no_ask=2 book_ready=True position=False pending=False dry_run=False trust=synced run_id=e155dace-5db4-4ab2-9b50-8916d812c42c
2026-05-08 14:09:20,807 | INFO | Heartbeat | watch=KXBTC15M-26MAY081415-15 yes_bid=96 yes_ask=96 no_bid=4 no_ask=4 book_ready=True position=False pending=False dry_run=False trust=synced run_id=e155dace-5db4-4ab2-9b50-8916d812c42c
2026-05-08 14:09:35,813 | INFO | Heartbeat | watch=KXBTC15M-26MAY081415-15 yes_bid=96 yes_ask=97 no_bid=3 no_ask=4 book_ready=True position=False pending=False dry_run=False trust=synced run_id=e155dace-5db4-4ab2-9b50-8916d812c42c
2026-05-08 14:09:50,837 | INFO | Heartbeat | watch=KXBTC15M-26MAY081415-15 yes_bid=95 yes_ask=95 no_bid=5 no_ask=5 book_ready=True position=False pending=False dry_run=False trust=synced run_id=e155dace-5db4-4ab2-9b50-8916d812c42c
2026-05-08 14:10:05,869 | INFO | Heartbeat | watch=KXBTC15M-26MAY081415-15 yes_bid=97 yes_ask=97 no_bid=3 no_ask=3 book_ready=True position=False pending=False dry_run=False trust=synced run_id=e155dace-5db4-4ab2-9b50-8916d812c42c
2026-05-08 14:10:20,900 | INFO | Heartbeat | watch=KXBTC15M-26MAY081415-15 yes_bid=97 yes_ask=98 no_bid=2 no_ask=3 book_ready=True position=False pending=False dry_run=False trust=synced run_id=e155dace-5db4-4ab2-9b50-8916d812c42c
2026-05-08 14:10:35,909 | INFO | Heartbeat | watch=KXBTC15M-26MAY081415-15 yes_bid=99 yes_ask=99 no_bid=1 no_ask=1 book_ready=True position=False pending=False dry_run=False trust=synced run_id=e155dace-5db4-4ab2-9b50-8916d812c42c
2026-05-08 14:10:50,945 | INFO | Heartbeat | watch=KXBTC15M-26MAY081415-15 yes_bid=99 yes_ask=99 no_bid=1 no_ask=1 book_ready=True position=False pending=False dry_run=False trust=synced run_id=e155dace-5db4-4ab2-9b50-8916d812c42c
2026-05-08 14:11:05,945 | INFO | Heartbeat | watch=KXBTC15M-26MAY081415-15 yes_bid=99 yes_ask=99 no_bid=1 no_ask=1 book_ready=True position=False pending=False dry_run=False trust=synced run_id=e155dace-5db4-4ab2-9b50-8916d812c42c
2026-05-08 14:11:20,976 | INFO | Heartbeat | watch=KXBTC15M-26MAY081415-15 yes_bid=99 yes_ask=99 no_bid=1 no_ask=1 book_ready=True position=False pending=False dry_run=False trust=synced run_id=e155dace-5db4-4ab2-9b50-8916d812c42c
2026-05-08 14:11:35,986 | INFO | Heartbeat | watch=KXBTC15M-26MAY081415-15 yes_bid=99 yes_ask=99 no_bid=1 no_ask=1 book_ready=True position=False pending=False dry_run=False trust=synced run_id=e155dace-5db4-4ab2-9b50-8916d812c42c
2026-05-08 14:11:51,023 | INFO | Heartbeat | watch=KXBTC15M-26MAY081415-15 yes_bid=99 yes_ask=99 no_bid=1 no_ask=1 book_ready=True position=False pending=False dry_run=False trust=synced run_id=e155dace-5db4-4ab2-9b50-8916d812c42c
2026-05-08 14:12:06,041 | INFO | Heartbeat | watch=KXBTC15M-26MAY081415-15 yes_bid=99 yes_ask=100 no_bid=0 no_ask=1 book_ready=True position=False pending=False dry_run=False trust=synced run_id=e155dace-5db4-4ab2-9b50-8916d812c42c
2026-05-08 14:12:21,180 | INFO | Heartbeat | watch=KXBTC15M-26MAY081415-15 yes_bid=99 yes_ask=100 no_bid=0 no_ask=1 book_ready=True position=False pending=False dry_run=False trust=synced run_id=e155dace-5db4-4ab2-9b50-8916d812c42c
2026-05-08 14:12:36,199 | INFO | Heartbeat | watch=KXBTC15M-26MAY081415-15 yes_bid=100 yes_ask=100 no_bid=0 no_ask=0 book_ready=True position=False pending=False dry_run=False trust=synced run_id=e155dace-5db4-4ab2-9b50-8916d812c42c
2026-05-08 14:12:51,228 | INFO | Heartbeat | watch=KXBTC15M-26MAY081415-15 yes_bid=100 yes_ask=100 no_bid=0 no_ask=0 book_ready=True position=False pending=False dry_run=False trust=synced run_id=e155dace-5db4-4ab2-9b50-8916d812c42c
2026-05-08 14:13:06,231 | INFO | Heartbeat | watch=KXBTC15M-26MAY081415-15 yes_bid=100 yes_ask=100 no_bid=0 no_ask=0 book_ready=True position=False pending=False dry_run=False trust=synced run_id=e155dace-5db4-4ab2-9b50-8916d812c42c
2026-05-08 14:13:21,224 | INFO | Heartbeat | watch=KXBTC15M-26MAY081415-15 yes_bid=100 yes_ask=100 no_bid=0 no_ask=0 book_ready=True position=False pending=False dry_run=False trust=synced run_id=e155dace-5db4-4ab2-9b50-8916d812c42c
2026-05-08 14:13:36,225 | INFO | Heartbeat | watch=KXBTC15M-26MAY081415-15 yes_bid=100 yes_ask=100 no_bid=0 no_ask=0 book_ready=True position=False pending=False dry_run=False trust=synced run_id=e155dace-5db4-4ab2-9b50-8916d812c42c
2026-05-08 14:13:51,257 | INFO | Heartbeat | watch=KXBTC15M-26MAY081415-15 yes_bid=100 yes_ask=100 no_bid=0 no_ask=0 book_ready=True position=False pending=False dry_run=False trust=synced run_id=e155dace-5db4-4ab2-9b50-8916d812c42c
2026-05-08 14:14:06,303 | INFO | Heartbeat | watch=KXBTC15M-26MAY081415-15 yes_bid=100 yes_ask=100 no_bid=0 no_ask=0 book_ready=True position=False pending=False dry_run=False trust=synced run_id=e155dace-5db4-4ab2-9b50-8916d812c42c
2026-05-08 14:14:21,309 | INFO | Heartbeat | watch=KXBTC15M-26MAY081415-15 yes_bid=100 yes_ask=100 no_bid=0 no_ask=0 book_ready=True position=False pending=False dry_run=False trust=synced run_id=e155dace-5db4-4ab2-9b50-8916d812c42c
2026-05-08 14:14:36,313 | INFO | Heartbeat | watch=KXBTC15M-26MAY081415-15 yes_bid=100 yes_ask=100 no_bid=0 no_ask=0 book_ready=True position=False pending=False dry_run=False trust=synced run_id=e155dace-5db4-4ab2-9b50-8916d812c42c
2026-05-08 14:14:51,358 | INFO | Heartbeat | watch=KXBTC15M-26MAY081415-15 yes_bid=100 yes_ask=100 no_bid=0 no_ask=0 book_ready=True position=False pending=False dry_run=False trust=synced run_id=e155dace-5db4-4ab2-9b50-8916d812c42c
2026-05-08 14:15:05,892 | INFO | Orderbook snapshot ready for KXBTC15M-26MAY081415-15
2026-05-08 14:15:06,394 | INFO | Heartbeat | watch=KXBTC15M-26MAY081415-15 yes_bid=0 yes_ask=100 no_bid=0 no_ask=100 book_ready=True position=False pending=False dry_run=False trust=synced run_id=e155dace-5db4-4ab2-9b50-8916d812c42c
2026-05-08 14:15:21,389 | INFO | Heartbeat | watch=KXBTC15M-26MAY081415-15 yes_bid=0 yes_ask=100 no_bid=0 no_ask=100 book_ready=True position=False pending=False dry_run=False trust=synced run_id=e155dace-5db4-4ab2-9b50-8916d812c42c
2026-05-08 14:15:32,483 | INFO | Watching market KXBTC15M-26MAY081430-30 close_time=2026-05-08T18:30:00Z status=active strike=80192.75 run_id=e155dace-5db4-4ab2-9b50-8916d812c42c
2026-05-08 14:15:32,671 | INFO | WS connected for KXBTC15M-26MAY081430-30
2026-05-08 14:15:32,706 | INFO | WS subscribed payload: {'type': 'subscribed', 'id': 7, 'msg': {'channel': 'ticker', 'sid': 1}}
2026-05-08 14:15:32,707 | INFO | WS subscribed payload: {'type': 'subscribed', 'id': 7, 'msg': {'channel': 'orderbook_delta', 'sid': 2}}
2026-05-08 14:15:32,709 | INFO | Orderbook snapshot ready for KXBTC15M-26MAY081430-30
2026-05-08 14:15:36,382 | INFO | Heartbeat | watch=KXBTC15M-26MAY081430-30 yes_bid=48 yes_ask=49 no_bid=51 no_ask=52 book_ready=True position=False pending=False dry_run=False trust=synced run_id=e155dace-5db4-4ab2-9b50-8916d812c42c
2026-05-08 14:15:51,388 | INFO | Heartbeat | watch=KXBTC15M-26MAY081430-30 yes_bid=44 yes_ask=45 no_bid=55 no_ask=56 book_ready=True position=False pending=False dry_run=False trust=synced run_id=e155dace-5db4-4ab2-9b50-8916d812c42c
2026-05-08 14:16:06,383 | INFO | Heartbeat | watch=KXBTC15M-26MAY081430-30 yes_bid=42 yes_ask=43 no_bid=57 no_ask=58 book_ready=True position=False pending=False dry_run=False trust=synced run_id=e155dace-5db4-4ab2-9b50-8916d812c42c
2026-05-08 14:16:21,417 | INFO | Heartbeat | watch=KXBTC15M-26MAY081430-30 yes_bid=38 yes_ask=39 no_bid=61 no_ask=62 book_ready=True position=False pending=False dry_run=False trust=synced run_id=e155dace-5db4-4ab2-9b50-8916d812c42c
2026-05-08 14:16:36,444 | INFO | Heartbeat | watch=KXBTC15M-26MAY081430-30 yes_bid=46 yes_ask=47 no_bid=53 no_ask=54 book_ready=True position=False pending=False dry_run=False trust=synced run_id=e155dace-5db4-4ab2-9b50-8916d812c42c
2026-05-08 14:16:51,478 | INFO | Heartbeat | watch=KXBTC15M-26MAY081430-30 yes_bid=45 yes_ask=46 no_bid=54 no_ask=55 book_ready=True position=False pending=False dry_run=False trust=synced run_id=e155dace-5db4-4ab2-9b50-8916d812c42c
2026-05-08 14:17:06,493 | INFO | Heartbeat | watch=KXBTC15M-26MAY081430-30 yes_bid=49 yes_ask=50 no_bid=50 no_ask=51 book_ready=True position=False pending=False dry_run=False trust=synced run_id=e155dace-5db4-4ab2-9b50-8916d812c42c
2026-05-08 14:17:21,508 | INFO | Heartbeat | watch=KXBTC15M-26MAY081430-30 yes_bid=55 yes_ask=56 no_bid=44 no_ask=45 book_ready=True position=False pending=False dry_run=False trust=synced run_id=e155dace-5db4-4ab2-9b50-8916d812c42c
2026-05-08 14:17:36,511 | INFO | Heartbeat | watch=KXBTC15M-26MAY081430-30 yes_bid=56 yes_ask=57 no_bid=43 no_ask=44 book_ready=True position=False pending=False dry_run=False trust=synced run_id=e155dace-5db4-4ab2-9b50-8916d812c42c
2026-05-08 14:17:51,525 | INFO | Heartbeat | watch=KXBTC15M-26MAY081430-30 yes_bid=57 yes_ask=59 no_bid=41 no_ask=43 book_ready=True position=False pending=False dry_run=False trust=synced run_id=e155dace-5db4-4ab2-9b50-8916d812c42c
2026-05-08 14:18:06,561 | INFO | Heartbeat | watch=KXBTC15M-26MAY081430-30 yes_bid=69 yes_ask=70 no_bid=30 no_ask=31 book_ready=True position=False pending=False dry_run=False trust=synced run_id=e155dace-5db4-4ab2-9b50-8916d812c42c
2026-05-08 14:18:21,585 | INFO | Heartbeat | watch=KXBTC15M-26MAY081430-30 yes_bid=63 yes_ask=64 no_bid=36 no_ask=37 book_ready=True position=False pending=False dry_run=False trust=synced run_id=e155dace-5db4-4ab2-9b50-8916d812c42c
2026-05-08 14:18:36,633 | INFO | Heartbeat | watch=KXBTC15M-26MAY081430-30 yes_bid=62 yes_ask=64 no_bid=36 no_ask=38 book_ready=True position=False pending=False dry_run=False trust=synced run_id=e155dace-5db4-4ab2-9b50-8916d812c42c
2026-05-08 14:18:51,658 | INFO | Heartbeat | watch=KXBTC15M-26MAY081430-30 yes_bid=57 yes_ask=58 no_bid=42 no_ask=43 book_ready=True position=False pending=False dry_run=False trust=synced run_id=e155dace-5db4-4ab2-9b50-8916d812c42c
2026-05-08 14:19:06,647 | INFO | Heartbeat | watch=KXBTC15M-26MAY081430-30 yes_bid=74 yes_ask=75 no_bid=25 no_ask=26 book_ready=True position=False pending=False dry_run=False trust=synced run_id=e155dace-5db4-4ab2-9b50-8916d812c42c
2026-05-08 14:19:21,687 | INFO | Heartbeat | watch=KXBTC15M-26MAY081430-30 yes_bid=75 yes_ask=76 no_bid=24 no_ask=25 book_ready=True position=False pending=False dry_run=False trust=synced run_id=e155dace-5db4-4ab2-9b50-8916d812c42c
2026-05-08 14:19:36,732 | INFO | Heartbeat | watch=KXBTC15M-26MAY081430-30 yes_bid=74 yes_ask=75 no_bid=25 no_ask=26 book_ready=True position=False pending=False dry_run=False trust=synced run_id=e155dace-5db4-4ab2-9b50-8916d812c42c
2026-05-08 14:19:51,745 | INFO | Heartbeat | watch=KXBTC15M-26MAY081430-30 yes_bid=70 yes_ask=72 no_bid=28 no_ask=30 book_ready=True position=False pending=False dry_run=False trust=synced run_id=e155dace-5db4-4ab2-9b50-8916d812c42c
2026-05-08 14:20:06,771 | INFO | Heartbeat | watch=KXBTC15M-26MAY081430-30 yes_bid=73 yes_ask=74 no_bid=26 no_ask=27 book_ready=True position=False pending=False dry_run=False trust=synced run_id=e155dace-5db4-4ab2-9b50-8916d812c42c
2026-05-08 14:20:21,785 | INFO | Heartbeat | watch=KXBTC15M-26MAY081430-30 yes_bid=63 yes_ask=64 no_bid=36 no_ask=37 book_ready=True position=False pending=False dry_run=False trust=synced run_id=e155dace-5db4-4ab2-9b50-8916d812c42c
2026-05-08 14:20:36,791 | INFO | Heartbeat | watch=KXBTC15M-26MAY081430-30 yes_bid=68 yes_ask=69 no_bid=31 no_ask=32 book_ready=True position=False pending=False dry_run=False trust=synced run_id=e155dace-5db4-4ab2-9b50-8916d812c42c
2026-05-08 14:20:51,803 | INFO | Heartbeat | watch=KXBTC15M-26MAY081430-30 yes_bid=73 yes_ask=74 no_bid=26 no_ask=27 book_ready=True position=False pending=False dry_run=False trust=synced run_id=e155dace-5db4-4ab2-9b50-8916d812c42c
2026-05-08 14:21:06,827 | INFO | Heartbeat | watch=KXBTC15M-26MAY081430-30 yes_bid=79 yes_ask=80 no_bid=20 no_ask=21 book_ready=True position=False pending=False dry_run=False trust=synced run_id=e155dace-5db4-4ab2-9b50-8916d812c42c
2026-05-08 14:21:21,870 | INFO | Heartbeat | watch=KXBTC15M-26MAY081430-30 yes_bid=74 yes_ask=75 no_bid=25 no_ask=26 book_ready=True position=False pending=False dry_run=False trust=synced run_id=e155dace-5db4-4ab2-9b50-8916d812c42c
2026-05-08 14:21:36,917 | INFO | Heartbeat | watch=KXBTC15M-26MAY081430-30 yes_bid=83 yes_ask=84 no_bid=16 no_ask=17 book_ready=True position=False pending=False dry_run=False trust=synced run_id=e155dace-5db4-4ab2-9b50-8916d812c42c
2026-05-08 14:21:51,938 | INFO | Heartbeat | watch=KXBTC15M-26MAY081430-30 yes_bid=82 yes_ask=83 no_bid=17 no_ask=18 book_ready=True position=False pending=False dry_run=False trust=synced run_id=e155dace-5db4-4ab2-9b50-8916d812c42c
2026-05-08 14:22:06,954 | INFO | Heartbeat | watch=KXBTC15M-26MAY081430-30 yes_bid=84 yes_ask=85 no_bid=15 no_ask=16 book_ready=True position=False pending=False dry_run=False trust=synced run_id=e155dace-5db4-4ab2-9b50-8916d812c42c
2026-05-08 14:22:21,950 | INFO | Heartbeat | watch=KXBTC15M-26MAY081430-30 yes_bid=89 yes_ask=90 no_bid=10 no_ask=11 book_ready=True position=False pending=False dry_run=False trust=synced run_id=e155dace-5db4-4ab2-9b50-8916d812c42c
2026-05-08 14:22:36,956 | INFO | Heartbeat | watch=KXBTC15M-26MAY081430-30 yes_bid=86 yes_ask=88 no_bid=12 no_ask=14 book_ready=True position=False pending=False dry_run=False trust=synced run_id=e155dace-5db4-4ab2-9b50-8916d812c42c
2026-05-08 14:22:51,943 | INFO | Heartbeat | watch=KXBTC15M-26MAY081430-30 yes_bid=89 yes_ask=90 no_bid=10 no_ask=11 book_ready=True position=False pending=False dry_run=False trust=synced run_id=e155dace-5db4-4ab2-9b50-8916d812c42c
2026-05-08 14:23:06,950 | INFO | Heartbeat | watch=KXBTC15M-26MAY081430-30 yes_bid=87 yes_ask=88 no_bid=12 no_ask=13 book_ready=True position=False pending=False dry_run=False trust=synced run_id=e155dace-5db4-4ab2-9b50-8916d812c42c
2026-05-08 14:23:21,960 | INFO | Heartbeat | watch=KXBTC15M-26MAY081430-30 yes_bid=77 yes_ask=79 no_bid=21 no_ask=23 book_ready=True position=False pending=False dry_run=False trust=synced run_id=e155dace-5db4-4ab2-9b50-8916d812c42c
2026-05-08 14:23:37,018 | INFO | Heartbeat | watch=KXBTC15M-26MAY081430-30 yes_bid=61 yes_ask=62 no_bid=38 no_ask=39 book_ready=True position=False pending=False dry_run=False trust=synced run_id=e155dace-5db4-4ab2-9b50-8916d812c42c
2026-05-08 14:23:52,013 | INFO | Heartbeat | watch=KXBTC15M-26MAY081430-30 yes_bid=71 yes_ask=72 no_bid=28 no_ask=29 book_ready=True position=False pending=False dry_run=False trust=synced run_id=e155dace-5db4-4ab2-9b50-8916d812c42c
2026-05-08 14:24:07,034 | INFO | Heartbeat | watch=KXBTC15M-26MAY081430-30 yes_bid=83 yes_ask=85 no_bid=15 no_ask=17 book_ready=True position=False pending=False dry_run=False trust=synced run_id=e155dace-5db4-4ab2-9b50-8916d812c42c
2026-05-08 14:24:22,038 | INFO | Heartbeat | watch=KXBTC15M-26MAY081430-30 yes_bid=87 yes_ask=88 no_bid=12 no_ask=13 book_ready=True position=False pending=False dry_run=False trust=synced run_id=e155dace-5db4-4ab2-9b50-8916d812c42c
2026-05-08 14:24:37,059 | INFO | Heartbeat | watch=KXBTC15M-26MAY081430-30 yes_bid=90 yes_ask=90 no_bid=10 no_ask=10 book_ready=True position=False pending=False dry_run=False trust=synced run_id=e155dace-5db4-4ab2-9b50-8916d812c42c
2026-05-08 14:24:52,064 | INFO | Heartbeat | watch=KXBTC15M-26MAY081430-30 yes_bid=91 yes_ask=91 no_bid=9 no_ask=9 book_ready=True position=False pending=False dry_run=False trust=synced run_id=e155dace-5db4-4ab2-9b50-8916d812c42c
2026-05-08 14:25:07,084 | INFO | Heartbeat | watch=KXBTC15M-26MAY081430-30 yes_bid=93 yes_ask=94 no_bid=6 no_ask=7 book_ready=True position=False pending=False dry_run=False trust=synced run_id=e155dace-5db4-4ab2-9b50-8916d812c42c
2026-05-08 14:25:22,125 | INFO | Heartbeat | watch=KXBTC15M-26MAY081430-30 yes_bid=91 yes_ask=92 no_bid=8 no_ask=9 book_ready=True position=False pending=False dry_run=False trust=synced run_id=e155dace-5db4-4ab2-9b50-8916d812c42c
2026-05-08 14:25:37,175 | INFO | Heartbeat | watch=KXBTC15M-26MAY081430-30 yes_bid=88 yes_ask=89 no_bid=11 no_ask=12 book_ready=True position=False pending=False dry_run=False trust=synced run_id=e155dace-5db4-4ab2-9b50-8916d812c42c
2026-05-08 14:25:52,170 | INFO | Heartbeat | watch=KXBTC15M-26MAY081430-30 yes_bid=92 yes_ask=94 no_bid=6 no_ask=8 book_ready=True position=False pending=False dry_run=False trust=synced run_id=e155dace-5db4-4ab2-9b50-8916d812c42c
2026-05-08 14:26:07,172 | INFO | Heartbeat | watch=KXBTC15M-26MAY081430-30 yes_bid=94 yes_ask=94 no_bid=6 no_ask=6 book_ready=True position=False pending=False dry_run=False trust=synced run_id=e155dace-5db4-4ab2-9b50-8916d812c42c
2026-05-08 14:26:22,164 | INFO | Heartbeat | watch=KXBTC15M-26MAY081430-30 yes_bid=94 yes_ask=95 no_bid=5 no_ask=6 book_ready=True position=False pending=False dry_run=False trust=synced run_id=e155dace-5db4-4ab2-9b50-8916d812c42c
2026-05-08 14:26:37,178 | INFO | Heartbeat | watch=KXBTC15M-26MAY081430-30 yes_bid=95 yes_ask=96 no_bid=4 no_ask=5 book_ready=True position=False pending=False dry_run=False trust=synced run_id=e155dace-5db4-4ab2-9b50-8916d812c42c
2026-05-08 14:26:52,204 | INFO | Heartbeat | watch=KXBTC15M-26MAY081430-30 yes_bid=96 yes_ask=97 no_bid=3 no_ask=4 book_ready=True position=False pending=False dry_run=False trust=synced run_id=e155dace-5db4-4ab2-9b50-8916d812c42c
2026-05-08 14:27:07,215 | INFO | Heartbeat | watch=KXBTC15M-26MAY081430-30 yes_bid=97 yes_ask=98 no_bid=2 no_ask=3 book_ready=True position=False pending=False dry_run=False trust=synced run_id=e155dace-5db4-4ab2-9b50-8916d812c42c
2026-05-08 14:27:22,240 | INFO | Heartbeat | watch=KXBTC15M-26MAY081430-30 yes_bid=97 yes_ask=98 no_bid=2 no_ask=3 book_ready=True position=False pending=False dry_run=False trust=synced run_id=e155dace-5db4-4ab2-9b50-8916d812c42c
2026-05-08 14:27:37,294 | INFO | Heartbeat | watch=KXBTC15M-26MAY081430-30 yes_bid=98 yes_ask=98 no_bid=2 no_ask=2 book_ready=True position=False pending=False dry_run=False trust=synced run_id=e155dace-5db4-4ab2-9b50-8916d812c42c
2026-05-08 14:27:52,338 | INFO | Heartbeat | watch=KXBTC15M-26MAY081430-30 yes_bid=98 yes_ask=99 no_bid=1 no_ask=2 book_ready=True position=False pending=False dry_run=False trust=synced run_id=e155dace-5db4-4ab2-9b50-8916d812c42c
2026-05-08 14:28:07,338 | INFO | Heartbeat | watch=KXBTC15M-26MAY081430-30 yes_bid=99 yes_ask=99 no_bid=1 no_ask=1 book_ready=True position=False pending=False dry_run=False trust=synced run_id=e155dace-5db4-4ab2-9b50-8916d812c42c
2026-05-08 14:28:22,362 | INFO | Heartbeat | watch=KXBTC15M-26MAY081430-30 yes_bid=99 yes_ask=100 no_bid=0 no_ask=1 book_ready=True position=False pending=False dry_run=False trust=synced run_id=e155dace-5db4-4ab2-9b50-8916d812c42c
2026-05-08 14:28:37,388 | INFO | Heartbeat | watch=KXBTC15M-26MAY081430-30 yes_bid=99 yes_ask=99 no_bid=1 no_ask=1 book_ready=True position=False pending=False dry_run=False trust=synced run_id=e155dace-5db4-4ab2-9b50-8916d812c42c
2026-05-08 14:28:52,415 | INFO | Heartbeat | watch=KXBTC15M-26MAY081430-30 yes_bid=98 yes_ask=99 no_bid=1 no_ask=2 book_ready=True position=False pending=False dry_run=False trust=synced run_id=e155dace-5db4-4ab2-9b50-8916d812c42c
2026-05-08 14:29:07,449 | INFO | Heartbeat | watch=KXBTC15M-26MAY081430-30 yes_bid=99 yes_ask=100 no_bid=0 no_ask=1 book_ready=True position=False pending=False dry_run=False trust=synced run_id=e155dace-5db4-4ab2-9b50-8916d812c42c
2026-05-08 14:29:22,483 | INFO | Heartbeat | watch=KXBTC15M-26MAY081430-30 yes_bid=99 yes_ask=100 no_bid=0 no_ask=1 book_ready=True position=False pending=False dry_run=False trust=synced run_id=e155dace-5db4-4ab2-9b50-8916d812c42c
2026-05-08 14:29:37,518 | INFO | Heartbeat | watch=KXBTC15M-26MAY081430-30 yes_bid=100 yes_ask=100 no_bid=0 no_ask=0 book_ready=True position=False pending=False dry_run=False trust=synced run_id=e155dace-5db4-4ab2-9b50-8916d812c42c
2026-05-08 14:29:52,545 | INFO | Heartbeat | watch=KXBTC15M-26MAY081430-30 yes_bid=100 yes_ask=100 no_bid=0 no_ask=0 book_ready=True position=False pending=False dry_run=False trust=synced run_id=e155dace-5db4-4ab2-9b50-8916d812c42c
2026-05-08 14:30:06,017 | INFO | Orderbook snapshot ready for KXBTC15M-26MAY081430-30
2026-05-08 14:30:07,550 | INFO | Heartbeat | watch=KXBTC15M-26MAY081430-30 yes_bid=0 yes_ask=100 no_bid=0 no_ask=100 book_ready=True position=False pending=False dry_run=False trust=synced run_id=e155dace-5db4-4ab2-9b50-8916d812c42c
2026-05-08 14:30:22,546 | INFO | Heartbeat | watch=KXBTC15M-26MAY081430-30 yes_bid=0 yes_ask=100 no_bid=0 no_ask=100 book_ready=True position=False pending=False dry_run=False trust=synced run_id=e155dace-5db4-4ab2-9b50-8916d812c42c
2026-05-08 14:30:32,570 | INFO | Watching market KXBTC15M-26MAY081445-45 close_time=2026-05-08T18:45:00Z status=active strike=80248.30 run_id=e155dace-5db4-4ab2-9b50-8916d812c42c
2026-05-08 14:30:32,761 | INFO | WS connected for KXBTC15M-26MAY081445-45
2026-05-08 14:30:32,793 | INFO | WS subscribed payload: {'type': 'subscribed', 'id': 8, 'msg': {'channel': 'ticker', 'sid': 1}}
2026-05-08 14:30:32,794 | INFO | WS subscribed payload: {'type': 'subscribed', 'id': 8, 'msg': {'channel': 'orderbook_delta', 'sid': 2}}
2026-05-08 14:30:32,794 | INFO | Orderbook snapshot ready for KXBTC15M-26MAY081445-45
2026-05-08 14:30:37,625 | INFO | Heartbeat | watch=KXBTC15M-26MAY081445-45 yes_bid=46 yes_ask=47 no_bid=53 no_ask=54 book_ready=True position=False pending=False dry_run=False trust=synced run_id=e155dace-5db4-4ab2-9b50-8916d812c42c
2026-05-08 14:30:52,632 | INFO | Heartbeat | watch=KXBTC15M-26MAY081445-45 yes_bid=48 yes_ask=49 no_bid=51 no_ask=52 book_ready=True position=False pending=False dry_run=False trust=synced run_id=e155dace-5db4-4ab2-9b50-8916d812c42c
2026-05-08 14:31:07,648 | INFO | Heartbeat | watch=KXBTC15M-26MAY081445-45 yes_bid=47 yes_ask=48 no_bid=52 no_ask=53 book_ready=True position=False pending=False dry_run=False trust=synced run_id=e155dace-5db4-4ab2-9b50-8916d812c42c
2026-05-08 14:31:22,693 | INFO | Heartbeat | watch=KXBTC15M-26MAY081445-45 yes_bid=47 yes_ask=48 no_bid=52 no_ask=53 book_ready=True position=False pending=False dry_run=False trust=synced run_id=e155dace-5db4-4ab2-9b50-8916d812c42c
2026-05-08 14:31:37,728 | INFO | Heartbeat | watch=KXBTC15M-26MAY081445-45 yes_bid=44 yes_ask=45 no_bid=55 no_ask=56 book_ready=True position=False pending=False dry_run=False trust=synced run_id=e155dace-5db4-4ab2-9b50-8916d812c42c
2026-05-08 14:31:52,760 | INFO | Heartbeat | watch=KXBTC15M-26MAY081445-45 yes_bid=34 yes_ask=35 no_bid=65 no_ask=66 book_ready=True position=False pending=False dry_run=False trust=synced run_id=e155dace-5db4-4ab2-9b50-8916d812c42c
2026-05-08 14:32:07,772 | INFO | Heartbeat | watch=KXBTC15M-26MAY081445-45 yes_bid=37 yes_ask=38 no_bid=62 no_ask=63 book_ready=True position=False pending=False dry_run=False trust=synced run_id=e155dace-5db4-4ab2-9b50-8916d812c42c
2026-05-08 14:32:22,812 | INFO | Heartbeat | watch=KXBTC15M-26MAY081445-45 yes_bid=43 yes_ask=44 no_bid=56 no_ask=57 book_ready=True position=False pending=False dry_run=False trust=synced run_id=e155dace-5db4-4ab2-9b50-8916d812c42c
2026-05-08 14:32:37,825 | INFO | Heartbeat | watch=KXBTC15M-26MAY081445-45 yes_bid=47 yes_ask=48 no_bid=52 no_ask=53 book_ready=True position=False pending=False dry_run=False trust=synced run_id=e155dace-5db4-4ab2-9b50-8916d812c42c
2026-05-08 14:32:52,818 | INFO | Heartbeat | watch=KXBTC15M-26MAY081445-45 yes_bid=49 yes_ask=50 no_bid=50 no_ask=51 book_ready=True position=False pending=False dry_run=False trust=synced run_id=e155dace-5db4-4ab2-9b50-8916d812c42c
2026-05-08 14:33:07,865 | INFO | Heartbeat | watch=KXBTC15M-26MAY081445-45 yes_bid=53 yes_ask=54 no_bid=46 no_ask=47 book_ready=True position=False pending=False dry_run=False trust=synced run_id=e155dace-5db4-4ab2-9b50-8916d812c42c
2026-05-08 14:33:22,892 | INFO | Heartbeat | watch=KXBTC15M-26MAY081445-45 yes_bid=57 yes_ask=58 no_bid=42 no_ask=43 book_ready=True position=False pending=False dry_run=False trust=synced run_id=e155dace-5db4-4ab2-9b50-8916d812c42c
2026-05-08 14:33:37,897 | INFO | Heartbeat | watch=KXBTC15M-26MAY081445-45 yes_bid=56 yes_ask=57 no_bid=43 no_ask=44 book_ready=True position=False pending=False dry_run=False trust=synced run_id=e155dace-5db4-4ab2-9b50-8916d812c42c
2026-05-08 14:33:52,909 | INFO | Heartbeat | watch=KXBTC15M-26MAY081445-45 yes_bid=59 yes_ask=60 no_bid=40 no_ask=41 book_ready=True position=False pending=False dry_run=False trust=synced run_id=e155dace-5db4-4ab2-9b50-8916d812c42c
2026-05-08 14:34:07,924 | INFO | Heartbeat | watch=KXBTC15M-26MAY081445-45 yes_bid=60 yes_ask=61 no_bid=39 no_ask=40 book_ready=True position=False pending=False dry_run=False trust=synced run_id=e155dace-5db4-4ab2-9b50-8916d812c42c
2026-05-08 14:34:22,931 | INFO | Heartbeat | watch=KXBTC15M-26MAY081445-45 yes_bid=51 yes_ask=52 no_bid=48 no_ask=49 book_ready=True position=False pending=False dry_run=False trust=synced run_id=e155dace-5db4-4ab2-9b50-8916d812c42c
2026-05-08 14:34:37,938 | INFO | Heartbeat | watch=KXBTC15M-26MAY081445-45 yes_bid=51 yes_ask=52 no_bid=48 no_ask=49 book_ready=True position=False pending=False dry_run=False trust=synced run_id=e155dace-5db4-4ab2-9b50-8916d812c42c
2026-05-08 14:34:52,968 | INFO | Heartbeat | watch=KXBTC15M-26MAY081445-45 yes_bid=41 yes_ask=42 no_bid=58 no_ask=59 book_ready=True position=False pending=False dry_run=False trust=synced run_id=e155dace-5db4-4ab2-9b50-8916d812c42c
2026-05-08 14:35:08,007 | INFO | Heartbeat | watch=KXBTC15M-26MAY081445-45 yes_bid=39 yes_ask=40 no_bid=60 no_ask=61 book_ready=True position=False pending=False dry_run=False trust=synced run_id=e155dace-5db4-4ab2-9b50-8916d812c42c
2026-05-08 14:35:23,029 | INFO | Heartbeat | watch=KXBTC15M-26MAY081445-45 yes_bid=39 yes_ask=40 no_bid=60 no_ask=61 book_ready=True position=False pending=False dry_run=False trust=synced run_id=e155dace-5db4-4ab2-9b50-8916d812c42c
2026-05-08 14:35:38,040 | INFO | Heartbeat | watch=KXBTC15M-26MAY081445-45 yes_bid=44 yes_ask=45 no_bid=55 no_ask=56 book_ready=True position=False pending=False dry_run=False trust=synced run_id=e155dace-5db4-4ab2-9b50-8916d812c42c
2026-05-08 14:35:53,036 | INFO | Heartbeat | watch=KXBTC15M-26MAY081445-45 yes_bid=44 yes_ask=45 no_bid=55 no_ask=56 book_ready=True position=False pending=False dry_run=False trust=synced run_id=e155dace-5db4-4ab2-9b50-8916d812c42c
2026-05-08 14:36:08,064 | INFO | Heartbeat | watch=KXBTC15M-26MAY081445-45 yes_bid=32 yes_ask=33 no_bid=67 no_ask=68 book_ready=True position=False pending=False dry_run=False trust=synced run_id=e155dace-5db4-4ab2-9b50-8916d812c42c
2026-05-08 14:36:23,094 | INFO | Heartbeat | watch=KXBTC15M-26MAY081445-45 yes_bid=24 yes_ask=25 no_bid=75 no_ask=76 book_ready=True position=False pending=False dry_run=False trust=synced run_id=e155dace-5db4-4ab2-9b50-8916d812c42c
2026-05-08 14:36:38,095 | INFO | Heartbeat | watch=KXBTC15M-26MAY081445-45 yes_bid=23 yes_ask=24 no_bid=76 no_ask=77 book_ready=True position=False pending=False dry_run=False trust=synced run_id=e155dace-5db4-4ab2-9b50-8916d812c42c
2026-05-08 14:36:53,102 | INFO | Heartbeat | watch=KXBTC15M-26MAY081445-45 yes_bid=23 yes_ask=24 no_bid=76 no_ask=77 book_ready=True position=False pending=False dry_run=False trust=synced run_id=e155dace-5db4-4ab2-9b50-8916d812c42c
2026-05-08 14:37:08,113 | INFO | Heartbeat | watch=KXBTC15M-26MAY081445-45 yes_bid=23 yes_ask=24 no_bid=76 no_ask=77 book_ready=True position=False pending=False dry_run=False trust=synced run_id=e155dace-5db4-4ab2-9b50-8916d812c42c
2026-05-08 14:37:23,120 | INFO | Heartbeat | watch=KXBTC15M-26MAY081445-45 yes_bid=14 yes_ask=15 no_bid=85 no_ask=86 book_ready=True position=False pending=False dry_run=False trust=synced run_id=e155dace-5db4-4ab2-9b50-8916d812c42c
2026-05-08 14:37:38,133 | INFO | Heartbeat | watch=KXBTC15M-26MAY081445-45 yes_bid=12 yes_ask=13 no_bid=87 no_ask=88 book_ready=True position=False pending=False dry_run=False trust=synced run_id=e155dace-5db4-4ab2-9b50-8916d812c42c
2026-05-08 14:37:53,154 | INFO | Heartbeat | watch=KXBTC15M-26MAY081445-45 yes_bid=9 yes_ask=10 no_bid=90 no_ask=91 book_ready=True position=False pending=False dry_run=False trust=synced run_id=e155dace-5db4-4ab2-9b50-8916d812c42c
2026-05-08 14:38:08,178 | INFO | Heartbeat | watch=KXBTC15M-26MAY081445-45 yes_bid=9 yes_ask=10 no_bid=90 no_ask=91 book_ready=True position=False pending=False dry_run=False trust=synced run_id=e155dace-5db4-4ab2-9b50-8916d812c42c
2026-05-08 14:38:23,210 | INFO | Heartbeat | watch=KXBTC15M-26MAY081445-45 yes_bid=9 yes_ask=9 no_bid=91 no_ask=91 book_ready=True position=False pending=False dry_run=False trust=synced run_id=e155dace-5db4-4ab2-9b50-8916d812c42c
2026-05-08 14:38:38,248 | INFO | Heartbeat | watch=KXBTC15M-26MAY081445-45 yes_bid=9 yes_ask=9 no_bid=91 no_ask=91 book_ready=True position=False pending=False dry_run=False trust=synced run_id=e155dace-5db4-4ab2-9b50-8916d812c42c
2026-05-08 14:38:53,289 | INFO | Heartbeat | watch=KXBTC15M-26MAY081445-45 yes_bid=7 yes_ask=8 no_bid=92 no_ask=93 book_ready=True position=False pending=False dry_run=False trust=synced run_id=e155dace-5db4-4ab2-9b50-8916d812c42c
2026-05-08 14:39:08,339 | INFO | Heartbeat | watch=KXBTC15M-26MAY081445-45 yes_bid=8 yes_ask=9 no_bid=91 no_ask=92 book_ready=True position=False pending=False dry_run=False trust=synced run_id=e155dace-5db4-4ab2-9b50-8916d812c42c
2026-05-08 14:39:23,379 | INFO | Heartbeat | watch=KXBTC15M-26MAY081445-45 yes_bid=10 yes_ask=11 no_bid=89 no_ask=90 book_ready=True position=False pending=False dry_run=False trust=synced run_id=e155dace-5db4-4ab2-9b50-8916d812c42c
2026-05-08 14:39:38,388 | INFO | Heartbeat | watch=KXBTC15M-26MAY081445-45 yes_bid=17 yes_ask=18 no_bid=82 no_ask=83 book_ready=True position=False pending=False dry_run=False trust=synced run_id=e155dace-5db4-4ab2-9b50-8916d812c42c
2026-05-08 14:39:53,386 | INFO | Heartbeat | watch=KXBTC15M-26MAY081445-45 yes_bid=16 yes_ask=17 no_bid=83 no_ask=84 book_ready=True position=False pending=False dry_run=False trust=synced run_id=e155dace-5db4-4ab2-9b50-8916d812c42c
2026-05-08 14:40:08,412 | INFO | Heartbeat | watch=KXBTC15M-26MAY081445-45 yes_bid=16 yes_ask=17 no_bid=83 no_ask=84 book_ready=True position=False pending=False dry_run=False trust=synced run_id=e155dace-5db4-4ab2-9b50-8916d812c42c
2026-05-08 14:40:23,413 | INFO | Heartbeat | watch=KXBTC15M-26MAY081445-45 yes_bid=11 yes_ask=12 no_bid=88 no_ask=89 book_ready=True position=False pending=False dry_run=False trust=synced run_id=e155dace-5db4-4ab2-9b50-8916d812c42c
2026-05-08 14:40:38,436 | INFO | Heartbeat | watch=KXBTC15M-26MAY081445-45 yes_bid=6 yes_ask=6 no_bid=94 no_ask=94 book_ready=True position=False pending=False dry_run=False trust=synced run_id=e155dace-5db4-4ab2-9b50-8916d812c42c
2026-05-08 14:40:53,454 | INFO | Heartbeat | watch=KXBTC15M-26MAY081445-45 yes_bid=4 yes_ask=5 no_bid=95 no_ask=96 book_ready=True position=False pending=False dry_run=False trust=synced run_id=e155dace-5db4-4ab2-9b50-8916d812c42c
2026-05-08 14:41:08,457 | INFO | Heartbeat | watch=KXBTC15M-26MAY081445-45 yes_bid=3 yes_ask=3 no_bid=97 no_ask=97 book_ready=True position=False pending=False dry_run=False trust=synced run_id=e155dace-5db4-4ab2-9b50-8916d812c42c
2026-05-08 14:41:23,492 | INFO | Heartbeat | watch=KXBTC15M-26MAY081445-45 yes_bid=3 yes_ask=3 no_bid=97 no_ask=97 book_ready=True position=False pending=False dry_run=False trust=synced run_id=e155dace-5db4-4ab2-9b50-8916d812c42c
2026-05-08 14:41:38,491 | INFO | Heartbeat | watch=KXBTC15M-26MAY081445-45 yes_bid=1 yes_ask=1 no_bid=99 no_ask=99 book_ready=True position=False pending=False dry_run=False trust=synced run_id=e155dace-5db4-4ab2-9b50-8916d812c42c
2026-05-08 14:41:53,535 | INFO | Heartbeat | watch=KXBTC15M-26MAY081445-45 yes_bid=1 yes_ask=1 no_bid=99 no_ask=99 book_ready=True position=False pending=False dry_run=False trust=synced run_id=e155dace-5db4-4ab2-9b50-8916d812c42c
2026-05-08 14:42:08,528 | INFO | Heartbeat | watch=KXBTC15M-26MAY081445-45 yes_bid=0 yes_ask=0 no_bid=100 no_ask=100 book_ready=True position=False pending=False dry_run=False trust=synced run_id=e155dace-5db4-4ab2-9b50-8916d812c42c
2026-05-08 14:42:23,591 | INFO | Heartbeat | watch=KXBTC15M-26MAY081445-45 yes_bid=1 yes_ask=1 no_bid=99 no_ask=99 book_ready=True position=False pending=False dry_run=False trust=synced run_id=e155dace-5db4-4ab2-9b50-8916d812c42c
2026-05-08 14:42:38,585 | INFO | Heartbeat | watch=KXBTC15M-26MAY081445-45 yes_bid=1 yes_ask=1 no_bid=99 no_ask=99 book_ready=True position=False pending=False dry_run=False trust=synced run_id=e155dace-5db4-4ab2-9b50-8916d812c42c
2026-05-08 14:42:53,597 | INFO | Heartbeat | watch=KXBTC15M-26MAY081445-45 yes_bid=2 yes_ask=2 no_bid=98 no_ask=98 book_ready=True position=False pending=False dry_run=False trust=synced run_id=e155dace-5db4-4ab2-9b50-8916d812c42c
2026-05-08 14:43:08,620 | INFO | Heartbeat | watch=KXBTC15M-26MAY081445-45 yes_bid=1 yes_ask=1 no_bid=99 no_ask=99 book_ready=True position=False pending=False dry_run=False trust=synced run_id=e155dace-5db4-4ab2-9b50-8916d812c42c
2026-05-08 14:43:23,674 | INFO | Heartbeat | watch=KXBTC15M-26MAY081445-45 yes_bid=1 yes_ask=1 no_bid=99 no_ask=99 book_ready=True position=False pending=False dry_run=False trust=synced run_id=e155dace-5db4-4ab2-9b50-8916d812c42c
2026-05-08 14:43:38,673 | INFO | Heartbeat | watch=KXBTC15M-26MAY081445-45 yes_bid=1 yes_ask=1 no_bid=99 no_ask=99 book_ready=True position=False pending=False dry_run=False trust=synced run_id=e155dace-5db4-4ab2-9b50-8916d812c42c
2026-05-08 14:43:53,711 | INFO | Heartbeat | watch=KXBTC15M-26MAY081445-45 yes_bid=0 yes_ask=1 no_bid=99 no_ask=100 book_ready=True position=False pending=False dry_run=False trust=synced run_id=e155dace-5db4-4ab2-9b50-8916d812c42c
2026-05-08 14:44:08,741 | INFO | Heartbeat | watch=KXBTC15M-26MAY081445-45 yes_bid=0 yes_ask=0 no_bid=100 no_ask=100 book_ready=True position=False pending=False dry_run=False trust=synced run_id=e155dace-5db4-4ab2-9b50-8916d812c42c
2026-05-08 14:44:23,760 | INFO | Heartbeat | watch=KXBTC15M-26MAY081445-45 yes_bid=0 yes_ask=0 no_bid=100 no_ask=100 book_ready=True position=False pending=False dry_run=False trust=synced run_id=e155dace-5db4-4ab2-9b50-8916d812c42c
2026-05-08 14:44:38,793 | INFO | Heartbeat | watch=KXBTC15M-26MAY081445-45 yes_bid=0 yes_ask=0 no_bid=100 no_ask=100 book_ready=True position=False pending=False dry_run=False trust=synced run_id=e155dace-5db4-4ab2-9b50-8916d812c42c
2026-05-08 14:44:53,786 | INFO | Heartbeat | watch=KXBTC15M-26MAY081445-45 yes_bid=0 yes_ask=0 no_bid=100 no_ask=100 book_ready=True position=False pending=False dry_run=False trust=synced run_id=e155dace-5db4-4ab2-9b50-8916d812c42c
2026-05-08 14:45:08,638 | INFO | Orderbook snapshot ready for KXBTC15M-26MAY081445-45
2026-05-08 14:45:08,808 | INFO | Heartbeat | watch=KXBTC15M-26MAY081445-45 yes_bid=0 yes_ask=100 no_bid=0 no_ask=100 book_ready=True position=False pending=False dry_run=False trust=synced run_id=e155dace-5db4-4ab2-9b50-8916d812c42c
2026-05-08 14:45:16,907 | INFO | Watching market KXBTC15M-26MAY081500-00 close_time=2026-05-08T19:00:00Z status=active strike=80161.40 run_id=e155dace-5db4-4ab2-9b50-8916d812c42c
2026-05-08 14:45:17,323 | INFO | WS connected for KXBTC15M-26MAY081500-00
2026-05-08 14:45:17,367 | INFO | WS subscribed payload: {'type': 'subscribed', 'id': 9, 'msg': {'channel': 'ticker', 'sid': 1}}
2026-05-08 14:45:17,368 | INFO | WS subscribed payload: {'type': 'subscribed', 'id': 9, 'msg': {'channel': 'orderbook_delta', 'sid': 2}}
2026-05-08 14:45:17,368 | INFO | Orderbook snapshot ready for KXBTC15M-26MAY081500-00
2026-05-08 14:45:23,832 | INFO | Heartbeat | watch=KXBTC15M-26MAY081500-00 yes_bid=48 yes_ask=49 no_bid=51 no_ask=52 book_ready=True position=False pending=False dry_run=False trust=synced run_id=e155dace-5db4-4ab2-9b50-8916d812c42c
2026-05-08 14:45:38,835 | INFO | Heartbeat | watch=KXBTC15M-26MAY081500-00 yes_bid=55 yes_ask=56 no_bid=44 no_ask=45 book_ready=True position=False pending=False dry_run=False trust=synced run_id=e155dace-5db4-4ab2-9b50-8916d812c42c
2026-05-08 14:45:53,837 | INFO | Heartbeat | watch=KXBTC15M-26MAY081500-00 yes_bid=57 yes_ask=58 no_bid=42 no_ask=43 book_ready=True position=False pending=False dry_run=False trust=synced run_id=e155dace-5db4-4ab2-9b50-8916d812c42c
2026-05-08 14:46:08,841 | INFO | Heartbeat | watch=KXBTC15M-26MAY081500-00 yes_bid=59 yes_ask=60 no_bid=40 no_ask=41 book_ready=True position=False pending=False dry_run=False trust=synced run_id=e155dace-5db4-4ab2-9b50-8916d812c42c
2026-05-08 14:46:23,875 | INFO | Heartbeat | watch=KXBTC15M-26MAY081500-00 yes_bid=59 yes_ask=60 no_bid=40 no_ask=41 book_ready=True position=False pending=False dry_run=False trust=synced run_id=e155dace-5db4-4ab2-9b50-8916d812c42c
2026-05-08 14:46:38,872 | INFO | Heartbeat | watch=KXBTC15M-26MAY081500-00 yes_bid=60 yes_ask=61 no_bid=39 no_ask=40 book_ready=True position=False pending=False dry_run=False trust=synced run_id=e155dace-5db4-4ab2-9b50-8916d812c42c
2026-05-08 14:46:53,899 | INFO | Heartbeat | watch=KXBTC15M-26MAY081500-00 yes_bid=56 yes_ask=57 no_bid=43 no_ask=44 book_ready=True position=False pending=False dry_run=False trust=synced run_id=e155dace-5db4-4ab2-9b50-8916d812c42c
2026-05-08 14:47:08,941 | INFO | Heartbeat | watch=KXBTC15M-26MAY081500-00 yes_bid=59 yes_ask=60 no_bid=40 no_ask=41 book_ready=True position=False pending=False dry_run=False trust=synced run_id=e155dace-5db4-4ab2-9b50-8916d812c42c
2026-05-08 14:47:23,947 | INFO | Heartbeat | watch=KXBTC15M-26MAY081500-00 yes_bid=47 yes_ask=49 no_bid=51 no_ask=53 book_ready=True position=False pending=False dry_run=False trust=synced run_id=e155dace-5db4-4ab2-9b50-8916d812c42c
2026-05-08 14:47:38,966 | INFO | Heartbeat | watch=KXBTC15M-26MAY081500-00 yes_bid=40 yes_ask=41 no_bid=59 no_ask=60 book_ready=True position=False pending=False dry_run=False trust=synced run_id=e155dace-5db4-4ab2-9b50-8916d812c42c
2026-05-08 14:47:53,987 | INFO | Heartbeat | watch=KXBTC15M-26MAY081500-00 yes_bid=45 yes_ask=46 no_bid=54 no_ask=55 book_ready=True position=False pending=False dry_run=False trust=synced run_id=e155dace-5db4-4ab2-9b50-8916d812c42c
2026-05-08 14:48:09,008 | INFO | Heartbeat | watch=KXBTC15M-26MAY081500-00 yes_bid=38 yes_ask=39 no_bid=61 no_ask=62 book_ready=True position=False pending=False dry_run=False trust=synced run_id=e155dace-5db4-4ab2-9b50-8916d812c42c
2026-05-08 14:48:24,114 | INFO | Heartbeat | watch=KXBTC15M-26MAY081500-00 yes_bid=35 yes_ask=36 no_bid=64 no_ask=65 book_ready=True position=False pending=False dry_run=False trust=synced run_id=e155dace-5db4-4ab2-9b50-8916d812c42c
2026-05-08 14:48:39,107 | INFO | Heartbeat | watch=KXBTC15M-26MAY081500-00 yes_bid=35 yes_ask=36 no_bid=64 no_ask=65 book_ready=True position=False pending=False dry_run=False trust=synced run_id=e155dace-5db4-4ab2-9b50-8916d812c42c
2026-05-08 14:48:54,101 | INFO | Heartbeat | watch=KXBTC15M-26MAY081500-00 yes_bid=32 yes_ask=33 no_bid=67 no_ask=68 book_ready=True position=False pending=False dry_run=False trust=synced run_id=e155dace-5db4-4ab2-9b50-8916d812c42c
2026-05-08 14:49:09,101 | INFO | Heartbeat | watch=KXBTC15M-26MAY081500-00 yes_bid=37 yes_ask=38 no_bid=62 no_ask=63 book_ready=True position=False pending=False dry_run=False trust=synced run_id=e155dace-5db4-4ab2-9b50-8916d812c42c
2026-05-08 14:49:24,192 | INFO | Heartbeat | watch=KXBTC15M-26MAY081500-00 yes_bid=51 yes_ask=52 no_bid=48 no_ask=49 book_ready=True position=False pending=False dry_run=False trust=synced run_id=e155dace-5db4-4ab2-9b50-8916d812c42c
2026-05-08 14:49:39,213 | INFO | Heartbeat | watch=KXBTC15M-26MAY081500-00 yes_bid=42 yes_ask=43 no_bid=57 no_ask=58 book_ready=True position=False pending=False dry_run=False trust=synced run_id=e155dace-5db4-4ab2-9b50-8916d812c42c
2026-05-08 14:49:54,226 | INFO | Heartbeat | watch=KXBTC15M-26MAY081500-00 yes_bid=43 yes_ask=44 no_bid=56 no_ask=57 book_ready=True position=False pending=False dry_run=False trust=synced run_id=e155dace-5db4-4ab2-9b50-8916d812c42c
2026-05-08 14:50:09,266 | INFO | Heartbeat | watch=KXBTC15M-26MAY081500-00 yes_bid=54 yes_ask=55 no_bid=45 no_ask=46 book_ready=True position=False pending=False dry_run=False trust=synced run_id=e155dace-5db4-4ab2-9b50-8916d812c42c
2026-05-08 14:50:24,341 | INFO | Heartbeat | watch=KXBTC15M-26MAY081500-00 yes_bid=53 yes_ask=54 no_bid=46 no_ask=47 book_ready=True position=False pending=False dry_run=False trust=synced run_id=e155dace-5db4-4ab2-9b50-8916d812c42c
2026-05-08 14:50:39,378 | INFO | Heartbeat | watch=KXBTC15M-26MAY081500-00 yes_bid=78 yes_ask=79 no_bid=21 no_ask=22 book_ready=True position=False pending=False dry_run=False trust=synced run_id=e155dace-5db4-4ab2-9b50-8916d812c42c
2026-05-08 14:50:54,396 | INFO | Heartbeat | watch=KXBTC15M-26MAY081500-00 yes_bid=81 yes_ask=83 no_bid=17 no_ask=19 book_ready=True position=False pending=False dry_run=False trust=synced run_id=e155dace-5db4-4ab2-9b50-8916d812c42c
2026-05-08 14:51:09,449 | INFO | Heartbeat | watch=KXBTC15M-26MAY081500-00 yes_bid=80 yes_ask=81 no_bid=19 no_ask=20 book_ready=True position=False pending=False dry_run=False trust=synced run_id=e155dace-5db4-4ab2-9b50-8916d812c42c
2026-05-08 14:51:24,542 | INFO | Heartbeat | watch=KXBTC15M-26MAY081500-00 yes_bid=84 yes_ask=85 no_bid=15 no_ask=16 book_ready=True position=False pending=False dry_run=False trust=synced run_id=e155dace-5db4-4ab2-9b50-8916d812c42c
2026-05-08 14:51:39,588 | INFO | Heartbeat | watch=KXBTC15M-26MAY081500-00 yes_bid=83 yes_ask=84 no_bid=16 no_ask=17 book_ready=True position=False pending=False dry_run=False trust=synced run_id=e155dace-5db4-4ab2-9b50-8916d812c42c
2026-05-08 14:51:54,628 | INFO | Heartbeat | watch=KXBTC15M-26MAY081500-00 yes_bid=83 yes_ask=84 no_bid=16 no_ask=17 book_ready=True position=False pending=False dry_run=False trust=synced run_id=e155dace-5db4-4ab2-9b50-8916d812c42c
2026-05-08 14:52:09,623 | INFO | Heartbeat | watch=KXBTC15M-26MAY081500-00 yes_bid=71 yes_ask=72 no_bid=28 no_ask=29 book_ready=True position=False pending=False dry_run=False trust=synced run_id=e155dace-5db4-4ab2-9b50-8916d812c42c
2026-05-08 14:52:24,669 | INFO | Heartbeat | watch=KXBTC15M-26MAY081500-00 yes_bid=59 yes_ask=60 no_bid=40 no_ask=41 book_ready=True position=False pending=False dry_run=False trust=synced run_id=e155dace-5db4-4ab2-9b50-8916d812c42c
2026-05-08 14:52:39,678 | INFO | Heartbeat | watch=KXBTC15M-26MAY081500-00 yes_bid=63 yes_ask=64 no_bid=36 no_ask=37 book_ready=True position=False pending=False dry_run=False trust=synced run_id=e155dace-5db4-4ab2-9b50-8916d812c42c
2026-05-08 14:52:54,684 | INFO | Heartbeat | watch=KXBTC15M-26MAY081500-00 yes_bid=55 yes_ask=56 no_bid=44 no_ask=45 book_ready=True position=False pending=False dry_run=False trust=synced run_id=e155dace-5db4-4ab2-9b50-8916d812c42c
2026-05-08 14:53:09,682 | INFO | Heartbeat | watch=KXBTC15M-26MAY081500-00 yes_bid=63 yes_ask=64 no_bid=36 no_ask=37 book_ready=True position=False pending=False dry_run=False trust=synced run_id=e155dace-5db4-4ab2-9b50-8916d812c42c
2026-05-08 14:53:24,703 | INFO | Heartbeat | watch=KXBTC15M-26MAY081500-00 yes_bid=56 yes_ask=57 no_bid=43 no_ask=44 book_ready=True position=False pending=False dry_run=False trust=synced run_id=e155dace-5db4-4ab2-9b50-8916d812c42c
2026-05-08 14:53:39,730 | INFO | Heartbeat | watch=KXBTC15M-26MAY081500-00 yes_bid=70 yes_ask=71 no_bid=29 no_ask=30 book_ready=True position=False pending=False dry_run=False trust=synced run_id=e155dace-5db4-4ab2-9b50-8916d812c42c
2026-05-08 14:53:54,743 | INFO | Heartbeat | watch=KXBTC15M-26MAY081500-00 yes_bid=72 yes_ask=73 no_bid=27 no_ask=28 book_ready=True position=False pending=False dry_run=False trust=synced run_id=e155dace-5db4-4ab2-9b50-8916d812c42c
2026-05-08 14:54:09,787 | INFO | Heartbeat | watch=KXBTC15M-26MAY081500-00 yes_bid=68 yes_ask=69 no_bid=31 no_ask=32 book_ready=True position=False pending=False dry_run=False trust=synced run_id=e155dace-5db4-4ab2-9b50-8916d812c42c
2026-05-08 14:54:24,827 | INFO | Heartbeat | watch=KXBTC15M-26MAY081500-00 yes_bid=67 yes_ask=68 no_bid=32 no_ask=33 book_ready=True position=False pending=False dry_run=False trust=synced run_id=e155dace-5db4-4ab2-9b50-8916d812c42c
2026-05-08 14:54:39,872 | INFO | Heartbeat | watch=KXBTC15M-26MAY081500-00 yes_bid=60 yes_ask=61 no_bid=39 no_ask=40 book_ready=True position=False pending=False dry_run=False trust=synced run_id=e155dace-5db4-4ab2-9b50-8916d812c42c
2026-05-08 14:54:54,867 | INFO | Heartbeat | watch=KXBTC15M-26MAY081500-00 yes_bid=53 yes_ask=55 no_bid=45 no_ask=47 book_ready=True position=False pending=False dry_run=False trust=synced run_id=e155dace-5db4-4ab2-9b50-8916d812c42c
2026-05-08 14:55:09,889 | INFO | Heartbeat | watch=KXBTC15M-26MAY081500-00 yes_bid=37 yes_ask=38 no_bid=62 no_ask=63 book_ready=True position=False pending=False dry_run=False trust=synced run_id=e155dace-5db4-4ab2-9b50-8916d812c42c
2026-05-08 14:55:24,881 | INFO | Heartbeat | watch=KXBTC15M-26MAY081500-00 yes_bid=34 yes_ask=35 no_bid=65 no_ask=66 book_ready=True position=False pending=False dry_run=False trust=synced run_id=e155dace-5db4-4ab2-9b50-8916d812c42c
2026-05-08 14:55:39,915 | INFO | Heartbeat | watch=KXBTC15M-26MAY081500-00 yes_bid=18 yes_ask=19 no_bid=81 no_ask=82 book_ready=True position=False pending=False dry_run=False trust=synced run_id=e155dace-5db4-4ab2-9b50-8916d812c42c
2026-05-08 14:55:54,954 | INFO | Heartbeat | watch=KXBTC15M-26MAY081500-00 yes_bid=18 yes_ask=19 no_bid=81 no_ask=82 book_ready=True position=False pending=False dry_run=False trust=synced run_id=e155dace-5db4-4ab2-9b50-8916d812c42c
2026-05-08 14:56:09,965 | INFO | Heartbeat | watch=KXBTC15M-26MAY081500-00 yes_bid=28 yes_ask=29 no_bid=71 no_ask=72 book_ready=True position=False pending=False dry_run=False trust=synced run_id=e155dace-5db4-4ab2-9b50-8916d812c42c
2026-05-08 14:56:25,061 | INFO | Heartbeat | watch=KXBTC15M-26MAY081500-00 yes_bid=31 yes_ask=32 no_bid=68 no_ask=69 book_ready=True position=False pending=False dry_run=False trust=synced run_id=e155dace-5db4-4ab2-9b50-8916d812c42c
2026-05-08 14:56:40,092 | INFO | Heartbeat | watch=KXBTC15M-26MAY081500-00 yes_bid=42 yes_ask=43 no_bid=57 no_ask=58 book_ready=True position=False pending=False dry_run=False trust=synced run_id=e155dace-5db4-4ab2-9b50-8916d812c42c
2026-05-08 14:56:55,087 | INFO | Heartbeat | watch=KXBTC15M-26MAY081500-00 yes_bid=32 yes_ask=33 no_bid=67 no_ask=68 book_ready=True position=False pending=False dry_run=False trust=synced run_id=e155dace-5db4-4ab2-9b50-8916d812c42c
2026-05-08 14:57:10,084 | INFO | Heartbeat | watch=KXBTC15M-26MAY081500-00 yes_bid=20 yes_ask=21 no_bid=79 no_ask=80 book_ready=True position=False pending=False dry_run=False trust=synced run_id=e155dace-5db4-4ab2-9b50-8916d812c42c
2026-05-08 14:57:25,105 | INFO | Heartbeat | watch=KXBTC15M-26MAY081500-00 yes_bid=17 yes_ask=18 no_bid=82 no_ask=83 book_ready=True position=False pending=False dry_run=False trust=synced run_id=e155dace-5db4-4ab2-9b50-8916d812c42c
2026-05-08 14:57:40,132 | INFO | Heartbeat | watch=KXBTC15M-26MAY081500-00 yes_bid=21 yes_ask=22 no_bid=78 no_ask=79 book_ready=True position=False pending=False dry_run=False trust=synced run_id=e155dace-5db4-4ab2-9b50-8916d812c42c
2026-05-08 14:57:55,155 | INFO | Heartbeat | watch=KXBTC15M-26MAY081500-00 yes_bid=9 yes_ask=9 no_bid=91 no_ask=91 book_ready=True position=False pending=False dry_run=False trust=synced run_id=e155dace-5db4-4ab2-9b50-8916d812c42c
2026-05-08 14:58:10,179 | INFO | Heartbeat | watch=KXBTC15M-26MAY081500-00 yes_bid=9 yes_ask=9 no_bid=91 no_ask=91 book_ready=True position=False pending=False dry_run=False trust=synced run_id=e155dace-5db4-4ab2-9b50-8916d812c42c
2026-05-08 14:58:25,230 | INFO | Heartbeat | watch=KXBTC15M-26MAY081500-00 yes_bid=8 yes_ask=8 no_bid=92 no_ask=92 book_ready=True position=False pending=False dry_run=False trust=synced run_id=e155dace-5db4-4ab2-9b50-8916d812c42c
2026-05-08 14:58:40,256 | INFO | Heartbeat | watch=KXBTC15M-26MAY081500-00 yes_bid=9 yes_ask=10 no_bid=90 no_ask=91 book_ready=True position=False pending=False dry_run=False trust=synced run_id=e155dace-5db4-4ab2-9b50-8916d812c42c
2026-05-08 14:58:55,273 | INFO | Heartbeat | watch=KXBTC15M-26MAY081500-00 yes_bid=17 yes_ask=19 no_bid=81 no_ask=83 book_ready=True position=False pending=False dry_run=False trust=synced run_id=e155dace-5db4-4ab2-9b50-8916d812c42c
2026-05-08 14:59:10,303 | INFO | Heartbeat | watch=KXBTC15M-26MAY081500-00 yes_bid=2 yes_ask=2 no_bid=98 no_ask=98 book_ready=True position=False pending=False dry_run=False trust=synced run_id=e155dace-5db4-4ab2-9b50-8916d812c42c
2026-05-08 14:59:25,315 | INFO | Heartbeat | watch=KXBTC15M-26MAY081500-00 yes_bid=0 yes_ask=1 no_bid=99 no_ask=100 book_ready=True position=False pending=False dry_run=False trust=synced run_id=e155dace-5db4-4ab2-9b50-8916d812c42c
2026-05-08 14:59:40,319 | INFO | Heartbeat | watch=KXBTC15M-26MAY081500-00 yes_bid=0 yes_ask=0 no_bid=100 no_ask=100 book_ready=True position=False pending=False dry_run=False trust=synced run_id=e155dace-5db4-4ab2-9b50-8916d812c42c
2026-05-08 14:59:55,325 | INFO | Heartbeat | watch=KXBTC15M-26MAY081500-00 yes_bid=0 yes_ask=0 no_bid=100 no_ask=100 book_ready=True position=False pending=False dry_run=False trust=synced run_id=e155dace-5db4-4ab2-9b50-8916d812c42c
2026-05-08 15:00:07,372 | INFO | Orderbook snapshot ready for KXBTC15M-26MAY081500-00
2026-05-08 15:00:10,343 | INFO | Heartbeat | watch=KXBTC15M-26MAY081500-00 yes_bid=0 yes_ask=100 no_bid=0 no_ask=100 book_ready=True position=False pending=False dry_run=False trust=synced run_id=e155dace-5db4-4ab2-9b50-8916d812c42c
2026-05-08 15:00:17,258 | INFO | Watching market KXBTC15M-26MAY081515-15 close_time=2026-05-08T19:15:00Z status=active strike=80112.75 run_id=e155dace-5db4-4ab2-9b50-8916d812c42c
2026-05-08 15:00:17,455 | INFO | WS connected for KXBTC15M-26MAY081515-15
2026-05-08 15:00:17,488 | INFO | WS subscribed payload: {'type': 'subscribed', 'id': 10, 'msg': {'channel': 'ticker', 'sid': 1}}
2026-05-08 15:00:17,490 | INFO | WS subscribed payload: {'type': 'subscribed', 'id': 10, 'msg': {'channel': 'orderbook_delta', 'sid': 2}}
2026-05-08 15:00:17,491 | INFO | Orderbook snapshot ready for KXBTC15M-26MAY081515-15
2026-05-08 15:00:25,338 | INFO | Heartbeat | watch=KXBTC15M-26MAY081515-15 yes_bid=25 yes_ask=26 no_bid=74 no_ask=75 book_ready=True position=False pending=False dry_run=False trust=synced run_id=e155dace-5db4-4ab2-9b50-8916d812c42c
2026-05-08 15:00:40,351 | INFO | Heartbeat | watch=KXBTC15M-26MAY081515-15 yes_bid=20 yes_ask=21 no_bid=79 no_ask=80 book_ready=True position=False pending=False dry_run=False trust=synced run_id=e155dace-5db4-4ab2-9b50-8916d812c42c
2026-05-08 15:00:55,367 | INFO | Heartbeat | watch=KXBTC15M-26MAY081515-15 yes_bid=27 yes_ask=28 no_bid=72 no_ask=73 book_ready=True position=False pending=False dry_run=False trust=synced run_id=e155dace-5db4-4ab2-9b50-8916d812c42c
2026-05-08 15:01:10,382 | INFO | Heartbeat | watch=KXBTC15M-26MAY081515-15 yes_bid=32 yes_ask=33 no_bid=67 no_ask=68 book_ready=True position=False pending=False dry_run=False trust=synced run_id=e155dace-5db4-4ab2-9b50-8916d812c42c
2026-05-08 15:01:25,397 | INFO | Heartbeat | watch=KXBTC15M-26MAY081515-15 yes_bid=25 yes_ask=26 no_bid=74 no_ask=75 book_ready=True position=False pending=False dry_run=False trust=synced run_id=e155dace-5db4-4ab2-9b50-8916d812c42c
2026-05-08 15:01:40,430 | INFO | Heartbeat | watch=KXBTC15M-26MAY081515-15 yes_bid=23 yes_ask=24 no_bid=76 no_ask=77 book_ready=True position=False pending=False dry_run=False trust=synced run_id=e155dace-5db4-4ab2-9b50-8916d812c42c
2026-05-08 15:01:55,461 | INFO | Heartbeat | watch=KXBTC15M-26MAY081515-15 yes_bid=20 yes_ask=21 no_bid=79 no_ask=80 book_ready=True position=False pending=False dry_run=False trust=synced run_id=e155dace-5db4-4ab2-9b50-8916d812c42c
2026-05-08 15:02:10,496 | INFO | Heartbeat | watch=KXBTC15M-26MAY081515-15 yes_bid=20 yes_ask=21 no_bid=79 no_ask=80 book_ready=True position=False pending=False dry_run=False trust=synced run_id=e155dace-5db4-4ab2-9b50-8916d812c42c
2026-05-08 15:02:25,511 | INFO | Heartbeat | watch=KXBTC15M-26MAY081515-15 yes_bid=19 yes_ask=20 no_bid=80 no_ask=81 book_ready=True position=False pending=False dry_run=False trust=synced run_id=e155dace-5db4-4ab2-9b50-8916d812c42c
2026-05-08 15:02:40,558 | INFO | Heartbeat | watch=KXBTC15M-26MAY081515-15 yes_bid=18 yes_ask=19 no_bid=81 no_ask=82 book_ready=True position=False pending=False dry_run=False trust=synced run_id=e155dace-5db4-4ab2-9b50-8916d812c42c
2026-05-08 15:02:55,593 | INFO | Heartbeat | watch=KXBTC15M-26MAY081515-15 yes_bid=18 yes_ask=19 no_bid=81 no_ask=82 book_ready=True position=False pending=False dry_run=False trust=synced run_id=e155dace-5db4-4ab2-9b50-8916d812c42c
2026-05-08 15:03:10,603 | INFO | Heartbeat | watch=KXBTC15M-26MAY081515-15 yes_bid=16 yes_ask=17 no_bid=83 no_ask=84 book_ready=True position=False pending=False dry_run=False trust=synced run_id=e155dace-5db4-4ab2-9b50-8916d812c42c
2026-05-08 15:03:25,645 | INFO | Heartbeat | watch=KXBTC15M-26MAY081515-15 yes_bid=18 yes_ask=19 no_bid=81 no_ask=82 book_ready=True position=False pending=False dry_run=False trust=synced run_id=e155dace-5db4-4ab2-9b50-8916d812c42c
2026-05-08 15:03:40,668 | INFO | Heartbeat | watch=KXBTC15M-26MAY081515-15 yes_bid=18 yes_ask=19 no_bid=81 no_ask=82 book_ready=True position=False pending=False dry_run=False trust=synced run_id=e155dace-5db4-4ab2-9b50-8916d812c42c
2026-05-08 15:03:55,674 | INFO | Heartbeat | watch=KXBTC15M-26MAY081515-15 yes_bid=19 yes_ask=20 no_bid=80 no_ask=81 book_ready=True position=False pending=False dry_run=False trust=synced run_id=e155dace-5db4-4ab2-9b50-8916d812c42c
2026-05-08 15:04:10,681 | INFO | Heartbeat | watch=KXBTC15M-26MAY081515-15 yes_bid=23 yes_ask=24 no_bid=76 no_ask=77 book_ready=True position=False pending=False dry_run=False trust=synced run_id=e155dace-5db4-4ab2-9b50-8916d812c42c
2026-05-08 15:04:25,693 | INFO | Heartbeat | watch=KXBTC15M-26MAY081515-15 yes_bid=27 yes_ask=28 no_bid=72 no_ask=73 book_ready=True position=False pending=False dry_run=False trust=synced run_id=e155dace-5db4-4ab2-9b50-8916d812c42c
2026-05-08 15:04:40,702 | INFO | Heartbeat | watch=KXBTC15M-26MAY081515-15 yes_bid=15 yes_ask=16 no_bid=84 no_ask=85 book_ready=True position=False pending=False dry_run=False trust=synced run_id=e155dace-5db4-4ab2-9b50-8916d812c42c
2026-05-08 15:04:55,720 | INFO | Heartbeat | watch=KXBTC15M-26MAY081515-15 yes_bid=8 yes_ask=9 no_bid=91 no_ask=92 book_ready=True position=False pending=False dry_run=False trust=synced run_id=e155dace-5db4-4ab2-9b50-8916d812c42c
2026-05-08 15:05:10,755 | INFO | Heartbeat | watch=KXBTC15M-26MAY081515-15 yes_bid=9 yes_ask=10 no_bid=90 no_ask=91 book_ready=True position=False pending=False dry_run=False trust=synced run_id=e155dace-5db4-4ab2-9b50-8916d812c42c
2026-05-08 15:05:25,789 | INFO | Heartbeat | watch=KXBTC15M-26MAY081515-15 yes_bid=11 yes_ask=12 no_bid=88 no_ask=89 book_ready=True position=False pending=False dry_run=False trust=synced run_id=e155dace-5db4-4ab2-9b50-8916d812c42c
2026-05-08 15:05:40,828 | INFO | Heartbeat | watch=KXBTC15M-26MAY081515-15 yes_bid=10 yes_ask=11 no_bid=89 no_ask=90 book_ready=True position=False pending=False dry_run=False trust=synced run_id=e155dace-5db4-4ab2-9b50-8916d812c42c
2026-05-08 15:05:55,831 | INFO | Heartbeat | watch=KXBTC15M-26MAY081515-15 yes_bid=10 yes_ask=11 no_bid=89 no_ask=90 book_ready=True position=False pending=False dry_run=False trust=synced run_id=e155dace-5db4-4ab2-9b50-8916d812c42c
2026-05-08 15:06:10,834 | INFO | Heartbeat | watch=KXBTC15M-26MAY081515-15 yes_bid=10 yes_ask=11 no_bid=89 no_ask=90 book_ready=True position=False pending=False dry_run=False trust=synced run_id=e155dace-5db4-4ab2-9b50-8916d812c42c
2026-05-08 15:06:25,868 | INFO | Heartbeat | watch=KXBTC15M-26MAY081515-15 yes_bid=13 yes_ask=14 no_bid=86 no_ask=87 book_ready=True position=False pending=False dry_run=False trust=synced run_id=e155dace-5db4-4ab2-9b50-8916d812c42c
2026-05-08 15:06:40,896 | INFO | Heartbeat | watch=KXBTC15M-26MAY081515-15 yes_bid=15 yes_ask=16 no_bid=84 no_ask=85 book_ready=True position=False pending=False dry_run=False trust=synced run_id=e155dace-5db4-4ab2-9b50-8916d812c42c
2026-05-08 15:06:55,938 | INFO | Heartbeat | watch=KXBTC15M-26MAY081515-15 yes_bid=13 yes_ask=14 no_bid=86 no_ask=87 book_ready=True position=False pending=False dry_run=False trust=synced run_id=e155dace-5db4-4ab2-9b50-8916d812c42c
2026-05-08 15:07:10,975 | INFO | Heartbeat | watch=KXBTC15M-26MAY081515-15 yes_bid=19 yes_ask=20 no_bid=80 no_ask=81 book_ready=True position=False pending=False dry_run=False trust=synced run_id=e155dace-5db4-4ab2-9b50-8916d812c42c
2026-05-08 15:07:25,994 | INFO | Heartbeat | watch=KXBTC15M-26MAY081515-15 yes_bid=19 yes_ask=20 no_bid=80 no_ask=81 book_ready=True position=False pending=False dry_run=False trust=synced run_id=e155dace-5db4-4ab2-9b50-8916d812c42c
2026-05-08 15:07:41,033 | INFO | Heartbeat | watch=KXBTC15M-26MAY081515-15 yes_bid=24 yes_ask=26 no_bid=74 no_ask=76 book_ready=True position=False pending=False dry_run=False trust=synced run_id=e155dace-5db4-4ab2-9b50-8916d812c42c
2026-05-08 15:07:56,029 | INFO | Heartbeat | watch=KXBTC15M-26MAY081515-15 yes_bid=27 yes_ask=28 no_bid=72 no_ask=73 book_ready=True position=False pending=False dry_run=False trust=synced run_id=e155dace-5db4-4ab2-9b50-8916d812c42c
2026-05-08 15:08:11,045 | INFO | Heartbeat | watch=KXBTC15M-26MAY081515-15 yes_bid=25 yes_ask=26 no_bid=74 no_ask=75 book_ready=True position=False pending=False dry_run=False trust=synced run_id=e155dace-5db4-4ab2-9b50-8916d812c42c
2026-05-08 15:08:26,048 | INFO | Heartbeat | watch=KXBTC15M-26MAY081515-15 yes_bid=19 yes_ask=20 no_bid=80 no_ask=81 book_ready=True position=False pending=False dry_run=False trust=synced run_id=e155dace-5db4-4ab2-9b50-8916d812c42c
2026-05-08 15:08:41,055 | INFO | Heartbeat | watch=KXBTC15M-26MAY081515-15 yes_bid=21 yes_ask=22 no_bid=78 no_ask=79 book_ready=True position=False pending=False dry_run=False trust=synced run_id=e155dace-5db4-4ab2-9b50-8916d812c42c
2026-05-08 15:08:56,104 | INFO | Heartbeat | watch=KXBTC15M-26MAY081515-15 yes_bid=20 yes_ask=22 no_bid=78 no_ask=80 book_ready=True position=False pending=False dry_run=False trust=synced run_id=e155dace-5db4-4ab2-9b50-8916d812c42c
2026-05-08 15:09:11,160 | INFO | Heartbeat | watch=KXBTC15M-26MAY081515-15 yes_bid=27 yes_ask=28 no_bid=72 no_ask=73 book_ready=True position=False pending=False dry_run=False trust=synced run_id=e155dace-5db4-4ab2-9b50-8916d812c42c
2026-05-08 15:09:26,163 | INFO | Heartbeat | watch=KXBTC15M-26MAY081515-15 yes_bid=27 yes_ask=29 no_bid=71 no_ask=73 book_ready=True position=False pending=False dry_run=False trust=synced run_id=e155dace-5db4-4ab2-9b50-8916d812c42c
2026-05-08 15:09:41,178 | INFO | Heartbeat | watch=KXBTC15M-26MAY081515-15 yes_bid=25 yes_ask=26 no_bid=74 no_ask=75 book_ready=True position=False pending=False dry_run=False trust=synced run_id=e155dace-5db4-4ab2-9b50-8916d812c42c
2026-05-08 15:09:56,233 | INFO | Heartbeat | watch=KXBTC15M-26MAY081515-15 yes_bid=15 yes_ask=16 no_bid=84 no_ask=85 book_ready=True position=False pending=False dry_run=False trust=synced run_id=e155dace-5db4-4ab2-9b50-8916d812c42c
2026-05-08 15:10:11,230 | INFO | Heartbeat | watch=KXBTC15M-26MAY081515-15 yes_bid=12 yes_ask=13 no_bid=87 no_ask=88 book_ready=True position=False pending=False dry_run=False trust=synced run_id=e155dace-5db4-4ab2-9b50-8916d812c42c
2026-05-08 15:10:26,258 | INFO | Heartbeat | watch=KXBTC15M-26MAY081515-15 yes_bid=6 yes_ask=8 no_bid=92 no_ask=94 book_ready=True position=False pending=False dry_run=False trust=synced run_id=e155dace-5db4-4ab2-9b50-8916d812c42c
2026-05-08 15:10:41,287 | INFO | Heartbeat | watch=KXBTC15M-26MAY081515-15 yes_bid=6 yes_ask=7 no_bid=93 no_ask=94 book_ready=True position=False pending=False dry_run=False trust=synced run_id=e155dace-5db4-4ab2-9b50-8916d812c42c
2026-05-08 15:10:56,293 | INFO | Heartbeat | watch=KXBTC15M-26MAY081515-15 yes_bid=3 yes_ask=4 no_bid=96 no_ask=97 book_ready=True position=False pending=False dry_run=False trust=synced run_id=e155dace-5db4-4ab2-9b50-8916d812c42c
2026-05-08 15:11:11,331 | INFO | Heartbeat | watch=KXBTC15M-26MAY081515-15 yes_bid=4 yes_ask=4 no_bid=96 no_ask=96 book_ready=True position=False pending=False dry_run=False trust=synced run_id=e155dace-5db4-4ab2-9b50-8916d812c42c
2026-05-08 15:11:26,359 | INFO | Heartbeat | watch=KXBTC15M-26MAY081515-15 yes_bid=3 yes_ask=4 no_bid=96 no_ask=97 book_ready=True position=False pending=False dry_run=False trust=synced run_id=e155dace-5db4-4ab2-9b50-8916d812c42c
2026-05-08 15:11:41,416 | INFO | Heartbeat | watch=KXBTC15M-26MAY081515-15 yes_bid=2 yes_ask=3 no_bid=97 no_ask=98 book_ready=True position=False pending=False dry_run=False trust=synced run_id=e155dace-5db4-4ab2-9b50-8916d812c42c
2026-05-08 15:11:56,419 | INFO | Heartbeat | watch=KXBTC15M-26MAY081515-15 yes_bid=1 yes_ask=1 no_bid=99 no_ask=99 book_ready=True position=False pending=False dry_run=False trust=synced run_id=e155dace-5db4-4ab2-9b50-8916d812c42c
2026-05-08 15:12:05,589 | INFO | Mushroom v28 BTC REST fallback refreshed stale tick | previous_age_ms=3047.0 threshold_ms=3000.0 source=coinbase_spot_rest
2026-05-08 15:12:11,417 | INFO | Heartbeat | watch=KXBTC15M-26MAY081515-15 yes_bid=1 yes_ask=2 no_bid=98 no_ask=99 book_ready=True position=False pending=False dry_run=False trust=synced run_id=e155dace-5db4-4ab2-9b50-8916d812c42c
2026-05-08 15:12:26,435 | INFO | Heartbeat | watch=KXBTC15M-26MAY081515-15 yes_bid=2 yes_ask=2 no_bid=98 no_ask=98 book_ready=True position=False pending=False dry_run=False trust=synced run_id=e155dace-5db4-4ab2-9b50-8916d812c42c
2026-05-08 15:12:41,428 | INFO | Heartbeat | watch=KXBTC15M-26MAY081515-15 yes_bid=1 yes_ask=1 no_bid=99 no_ask=99 book_ready=True position=False pending=False dry_run=False trust=synced run_id=e155dace-5db4-4ab2-9b50-8916d812c42c
2026-05-08 15:12:56,440 | INFO | Heartbeat | watch=KXBTC15M-26MAY081515-15 yes_bid=1 yes_ask=1 no_bid=99 no_ask=99 book_ready=True position=False pending=False dry_run=False trust=synced run_id=e155dace-5db4-4ab2-9b50-8916d812c42c
2026-05-08 15:13:11,468 | INFO | Heartbeat | watch=KXBTC15M-26MAY081515-15 yes_bid=1 yes_ask=1 no_bid=99 no_ask=99 book_ready=True position=False pending=False dry_run=False trust=synced run_id=e155dace-5db4-4ab2-9b50-8916d812c42c
2026-05-08 15:13:26,479 | INFO | Heartbeat | watch=KXBTC15M-26MAY081515-15 yes_bid=0 yes_ask=1 no_bid=99 no_ask=100 book_ready=True position=False pending=False dry_run=False trust=synced run_id=e155dace-5db4-4ab2-9b50-8916d812c42c
2026-05-08 15:13:41,478 | INFO | Heartbeat | watch=KXBTC15M-26MAY081515-15 yes_bid=1 yes_ask=2 no_bid=98 no_ask=99 book_ready=True position=False pending=False dry_run=False trust=synced run_id=e155dace-5db4-4ab2-9b50-8916d812c42c
2026-05-08 15:13:56,511 | INFO | Heartbeat | watch=KXBTC15M-26MAY081515-15 yes_bid=1 yes_ask=2 no_bid=98 no_ask=99 book_ready=True position=False pending=False dry_run=False trust=synced run_id=e155dace-5db4-4ab2-9b50-8916d812c42c
2026-05-08 15:14:11,527 | INFO | Heartbeat | watch=KXBTC15M-26MAY081515-15 yes_bid=0 yes_ask=2 no_bid=98 no_ask=100 book_ready=True position=False pending=False dry_run=False trust=synced run_id=e155dace-5db4-4ab2-9b50-8916d812c42c
2026-05-08 15:14:26,592 | INFO | Heartbeat | watch=KXBTC15M-26MAY081515-15 yes_bid=0 yes_ask=1 no_bid=99 no_ask=100 book_ready=True position=False pending=False dry_run=False trust=synced run_id=e155dace-5db4-4ab2-9b50-8916d812c42c
2026-05-08 15:14:41,586 | INFO | Heartbeat | watch=KXBTC15M-26MAY081515-15 yes_bid=0 yes_ask=0 no_bid=100 no_ask=100 book_ready=True position=False pending=False dry_run=False trust=synced run_id=e155dace-5db4-4ab2-9b50-8916d812c42c
2026-05-08 15:14:56,605 | INFO | Heartbeat | watch=KXBTC15M-26MAY081515-15 yes_bid=0 yes_ask=0 no_bid=100 no_ask=100 book_ready=True position=False pending=False dry_run=False trust=synced run_id=e155dace-5db4-4ab2-9b50-8916d812c42c
2026-05-08 15:15:06,046 | INFO | Orderbook snapshot ready for KXBTC15M-26MAY081515-15
2026-05-08 15:15:11,605 | INFO | Heartbeat | watch=KXBTC15M-26MAY081515-15 yes_bid=0 yes_ask=100 no_bid=0 no_ask=100 book_ready=True position=False pending=False dry_run=False trust=synced run_id=e155dace-5db4-4ab2-9b50-8916d812c42c
2026-05-08 15:15:17,665 | INFO | Watching market KXBTC15M-26MAY081530-30 close_time=2026-05-08T19:30:00Z status=active strike=80052.17 run_id=e155dace-5db4-4ab2-9b50-8916d812c42c
2026-05-08 15:15:17,904 | INFO | WS connected for KXBTC15M-26MAY081530-30
2026-05-08 15:15:17,940 | INFO | WS subscribed payload: {'type': 'subscribed', 'id': 11, 'msg': {'channel': 'ticker', 'sid': 1}}
2026-05-08 15:15:17,940 | INFO | WS subscribed payload: {'type': 'subscribed', 'id': 11, 'msg': {'channel': 'orderbook_delta', 'sid': 2}}
2026-05-08 15:15:17,941 | INFO | Orderbook snapshot ready for KXBTC15M-26MAY081530-30
2026-05-08 15:15:26,640 | INFO | Heartbeat | watch=KXBTC15M-26MAY081530-30 yes_bid=59 yes_ask=61 no_bid=39 no_ask=41 book_ready=True position=False pending=False dry_run=False trust=synced run_id=e155dace-5db4-4ab2-9b50-8916d812c42c
2026-05-08 15:15:41,651 | INFO | Heartbeat | watch=KXBTC15M-26MAY081530-30 yes_bid=52 yes_ask=53 no_bid=47 no_ask=48 book_ready=True position=False pending=False dry_run=False trust=synced run_id=e155dace-5db4-4ab2-9b50-8916d812c42c
2026-05-08 15:15:56,666 | INFO | Heartbeat | watch=KXBTC15M-26MAY081530-30 yes_bid=57 yes_ask=58 no_bid=42 no_ask=43 book_ready=True position=False pending=False dry_run=False trust=synced run_id=e155dace-5db4-4ab2-9b50-8916d812c42c
2026-05-08 15:16:11,697 | INFO | Heartbeat | watch=KXBTC15M-26MAY081530-30 yes_bid=69 yes_ask=70 no_bid=30 no_ask=31 book_ready=True position=False pending=False dry_run=False trust=synced run_id=e155dace-5db4-4ab2-9b50-8916d812c42c
2026-05-08 15:16:26,723 | INFO | Heartbeat | watch=KXBTC15M-26MAY081530-30 yes_bid=80 yes_ask=81 no_bid=19 no_ask=20 book_ready=True position=False pending=False dry_run=False trust=synced run_id=e155dace-5db4-4ab2-9b50-8916d812c42c
2026-05-08 15:16:41,729 | INFO | Heartbeat | watch=KXBTC15M-26MAY081530-30 yes_bid=76 yes_ask=77 no_bid=23 no_ask=24 book_ready=True position=False pending=False dry_run=False trust=synced run_id=e155dace-5db4-4ab2-9b50-8916d812c42c
2026-05-08 15:16:56,727 | INFO | Heartbeat | watch=KXBTC15M-26MAY081530-30 yes_bid=78 yes_ask=79 no_bid=21 no_ask=22 book_ready=True position=False pending=False dry_run=False trust=synced run_id=e155dace-5db4-4ab2-9b50-8916d812c42c
2026-05-08 15:17:11,734 | INFO | Heartbeat | watch=KXBTC15M-26MAY081530-30 yes_bid=69 yes_ask=71 no_bid=29 no_ask=31 book_ready=True position=False pending=False dry_run=False trust=synced run_id=e155dace-5db4-4ab2-9b50-8916d812c42c
2026-05-08 15:17:26,726 | INFO | Heartbeat | watch=KXBTC15M-26MAY081530-30 yes_bid=70 yes_ask=72 no_bid=28 no_ask=30 book_ready=True position=False pending=False dry_run=False trust=synced run_id=e155dace-5db4-4ab2-9b50-8916d812c42c
2026-05-08 15:17:41,745 | INFO | Heartbeat | watch=KXBTC15M-26MAY081530-30 yes_bid=69 yes_ask=70 no_bid=30 no_ask=31 book_ready=True position=False pending=False dry_run=False trust=synced run_id=e155dace-5db4-4ab2-9b50-8916d812c42c
2026-05-08 15:17:56,794 | INFO | Heartbeat | watch=KXBTC15M-26MAY081530-30 yes_bid=69 yes_ask=70 no_bid=30 no_ask=31 book_ready=True position=False pending=False dry_run=False trust=synced run_id=e155dace-5db4-4ab2-9b50-8916d812c42c
2026-05-08 15:18:11,797 | INFO | Heartbeat | watch=KXBTC15M-26MAY081530-30 yes_bid=71 yes_ask=72 no_bid=28 no_ask=29 book_ready=True position=False pending=False dry_run=False trust=synced run_id=e155dace-5db4-4ab2-9b50-8916d812c42c
2026-05-08 15:18:26,827 | INFO | Heartbeat | watch=KXBTC15M-26MAY081530-30 yes_bid=76 yes_ask=77 no_bid=23 no_ask=24 book_ready=True position=False pending=False dry_run=False trust=synced run_id=e155dace-5db4-4ab2-9b50-8916d812c42c
2026-05-08 15:18:41,820 | INFO | Heartbeat | watch=KXBTC15M-26MAY081530-30 yes_bid=61 yes_ask=62 no_bid=38 no_ask=39 book_ready=True position=False pending=False dry_run=False trust=synced run_id=e155dace-5db4-4ab2-9b50-8916d812c42c
2026-05-08 15:18:56,823 | INFO | Heartbeat | watch=KXBTC15M-26MAY081530-30 yes_bid=46 yes_ask=47 no_bid=53 no_ask=54 book_ready=True position=False pending=False dry_run=False trust=synced run_id=e155dace-5db4-4ab2-9b50-8916d812c42c
2026-05-08 15:19:11,902 | INFO | Heartbeat | watch=KXBTC15M-26MAY081530-30 yes_bid=50 yes_ask=51 no_bid=49 no_ask=50 book_ready=True position=False pending=False dry_run=False trust=synced run_id=e155dace-5db4-4ab2-9b50-8916d812c42c
2026-05-08 15:19:26,897 | INFO | Heartbeat | watch=KXBTC15M-26MAY081530-30 yes_bid=43 yes_ask=44 no_bid=56 no_ask=57 book_ready=True position=False pending=False dry_run=False trust=synced run_id=e155dace-5db4-4ab2-9b50-8916d812c42c
2026-05-08 15:19:41,936 | INFO | Heartbeat | watch=KXBTC15M-26MAY081530-30 yes_bid=52 yes_ask=53 no_bid=47 no_ask=48 book_ready=True position=False pending=False dry_run=False trust=synced run_id=e155dace-5db4-4ab2-9b50-8916d812c42c
2026-05-08 15:19:56,935 | INFO | Heartbeat | watch=KXBTC15M-26MAY081530-30 yes_bid=52 yes_ask=53 no_bid=47 no_ask=48 book_ready=True position=False pending=False dry_run=False trust=synced run_id=e155dace-5db4-4ab2-9b50-8916d812c42c
2026-05-08 15:20:11,969 | INFO | Heartbeat | watch=KXBTC15M-26MAY081530-30 yes_bid=46 yes_ask=48 no_bid=52 no_ask=54 book_ready=True position=False pending=False dry_run=False trust=synced run_id=e155dace-5db4-4ab2-9b50-8916d812c42c
2026-05-08 15:20:26,968 | INFO | Heartbeat | watch=KXBTC15M-26MAY081530-30 yes_bid=46 yes_ask=47 no_bid=53 no_ask=54 book_ready=True position=False pending=False dry_run=False trust=synced run_id=e155dace-5db4-4ab2-9b50-8916d812c42c
2026-05-08 15:20:41,981 | INFO | Heartbeat | watch=KXBTC15M-26MAY081530-30 yes_bid=41 yes_ask=42 no_bid=58 no_ask=59 book_ready=True position=False pending=False dry_run=False trust=synced run_id=e155dace-5db4-4ab2-9b50-8916d812c42c
2026-05-08 15:20:57,000 | INFO | Heartbeat | watch=KXBTC15M-26MAY081530-30 yes_bid=39 yes_ask=40 no_bid=60 no_ask=61 book_ready=True position=False pending=False dry_run=False trust=synced run_id=e155dace-5db4-4ab2-9b50-8916d812c42c
2026-05-08 15:21:12,023 | INFO | Heartbeat | watch=KXBTC15M-26MAY081530-30 yes_bid=45 yes_ask=47 no_bid=53 no_ask=55 book_ready=True position=False pending=False dry_run=False trust=synced run_id=e155dace-5db4-4ab2-9b50-8916d812c42c
2026-05-08 15:21:27,074 | INFO | Heartbeat | watch=KXBTC15M-26MAY081530-30 yes_bid=49 yes_ask=50 no_bid=50 no_ask=51 book_ready=True position=False pending=False dry_run=False trust=synced run_id=e155dace-5db4-4ab2-9b50-8916d812c42c
2026-05-08 15:21:42,127 | INFO | Heartbeat | watch=KXBTC15M-26MAY081530-30 yes_bid=48 yes_ask=49 no_bid=51 no_ask=52 book_ready=True position=False pending=False dry_run=False trust=synced run_id=e155dace-5db4-4ab2-9b50-8916d812c42c
2026-05-08 15:21:57,124 | INFO | Heartbeat | watch=KXBTC15M-26MAY081530-30 yes_bid=50 yes_ask=51 no_bid=49 no_ask=50 book_ready=True position=False pending=False dry_run=False trust=synced run_id=e155dace-5db4-4ab2-9b50-8916d812c42c
2026-05-08 15:22:12,138 | INFO | Heartbeat | watch=KXBTC15M-26MAY081530-30 yes_bid=48 yes_ask=49 no_bid=51 no_ask=52 book_ready=True position=False pending=False dry_run=False trust=synced run_id=e155dace-5db4-4ab2-9b50-8916d812c42c
2026-05-08 15:22:27,164 | INFO | Heartbeat | watch=KXBTC15M-26MAY081530-30 yes_bid=50 yes_ask=51 no_bid=49 no_ask=50 book_ready=True position=False pending=False dry_run=False trust=synced run_id=e155dace-5db4-4ab2-9b50-8916d812c42c
2026-05-08 15:22:42,170 | INFO | Heartbeat | watch=KXBTC15M-26MAY081530-30 yes_bid=51 yes_ask=52 no_bid=48 no_ask=49 book_ready=True position=False pending=False dry_run=False trust=synced run_id=e155dace-5db4-4ab2-9b50-8916d812c42c
2026-05-08 15:22:57,185 | INFO | Heartbeat | watch=KXBTC15M-26MAY081530-30 yes_bid=39 yes_ask=40 no_bid=60 no_ask=61 book_ready=True position=False pending=False dry_run=False trust=synced run_id=e155dace-5db4-4ab2-9b50-8916d812c42c
2026-05-08 15:23:12,185 | INFO | Heartbeat | watch=KXBTC15M-26MAY081530-30 yes_bid=29 yes_ask=30 no_bid=70 no_ask=71 book_ready=True position=False pending=False dry_run=False trust=synced run_id=e155dace-5db4-4ab2-9b50-8916d812c42c
2026-05-08 15:23:27,218 | INFO | Heartbeat | watch=KXBTC15M-26MAY081530-30 yes_bid=46 yes_ask=47 no_bid=53 no_ask=54 book_ready=True position=False pending=False dry_run=False trust=synced run_id=e155dace-5db4-4ab2-9b50-8916d812c42c
2026-05-08 15:23:42,256 | INFO | Heartbeat | watch=KXBTC15M-26MAY081530-30 yes_bid=42 yes_ask=43 no_bid=57 no_ask=58 book_ready=True position=False pending=False dry_run=False trust=synced run_id=e155dace-5db4-4ab2-9b50-8916d812c42c
2026-05-08 15:23:57,308 | INFO | Heartbeat | watch=KXBTC15M-26MAY081530-30 yes_bid=46 yes_ask=47 no_bid=53 no_ask=54 book_ready=True position=False pending=False dry_run=False trust=synced run_id=e155dace-5db4-4ab2-9b50-8916d812c42c
2026-05-08 15:24:12,335 | INFO | Heartbeat | watch=KXBTC15M-26MAY081530-30 yes_bid=52 yes_ask=53 no_bid=47 no_ask=48 book_ready=True position=False pending=False dry_run=False trust=synced run_id=e155dace-5db4-4ab2-9b50-8916d812c42c
2026-05-08 15:24:27,369 | INFO | Heartbeat | watch=KXBTC15M-26MAY081530-30 yes_bid=56 yes_ask=57 no_bid=43 no_ask=44 book_ready=True position=False pending=False dry_run=False trust=synced run_id=e155dace-5db4-4ab2-9b50-8916d812c42c
2026-05-08 15:24:42,409 | INFO | Heartbeat | watch=KXBTC15M-26MAY081530-30 yes_bid=36 yes_ask=37 no_bid=63 no_ask=64 book_ready=True position=False pending=False dry_run=False trust=synced run_id=e155dace-5db4-4ab2-9b50-8916d812c42c
2026-05-08 15:24:57,416 | INFO | Heartbeat | watch=KXBTC15M-26MAY081530-30 yes_bid=29 yes_ask=30 no_bid=70 no_ask=71 book_ready=True position=False pending=False dry_run=False trust=synced run_id=e155dace-5db4-4ab2-9b50-8916d812c42c
2026-05-08 15:25:12,422 | INFO | Heartbeat | watch=KXBTC15M-26MAY081530-30 yes_bid=37 yes_ask=38 no_bid=62 no_ask=63 book_ready=True position=False pending=False dry_run=False trust=synced run_id=e155dace-5db4-4ab2-9b50-8916d812c42c
2026-05-08 15:25:27,411 | INFO | Heartbeat | watch=KXBTC15M-26MAY081530-30 yes_bid=30 yes_ask=33 no_bid=67 no_ask=70 book_ready=True position=False pending=False dry_run=False trust=synced run_id=e155dace-5db4-4ab2-9b50-8916d812c42c
2026-05-08 15:25:42,419 | INFO | Heartbeat | watch=KXBTC15M-26MAY081530-30 yes_bid=36 yes_ask=37 no_bid=63 no_ask=64 book_ready=True position=False pending=False dry_run=False trust=synced run_id=e155dace-5db4-4ab2-9b50-8916d812c42c
2026-05-08 15:25:57,453 | INFO | Heartbeat | watch=KXBTC15M-26MAY081530-30 yes_bid=34 yes_ask=35 no_bid=65 no_ask=66 book_ready=True position=False pending=False dry_run=False trust=synced run_id=e155dace-5db4-4ab2-9b50-8916d812c42c
2026-05-08 15:26:12,480 | INFO | Heartbeat | watch=KXBTC15M-26MAY081530-30 yes_bid=33 yes_ask=34 no_bid=66 no_ask=67 book_ready=True position=False pending=False dry_run=False trust=synced run_id=e155dace-5db4-4ab2-9b50-8916d812c42c
2026-05-08 15:26:27,511 | INFO | Heartbeat | watch=KXBTC15M-26MAY081530-30 yes_bid=9 yes_ask=11 no_bid=89 no_ask=91 book_ready=True position=False pending=False dry_run=False trust=synced run_id=e155dace-5db4-4ab2-9b50-8916d812c42c
2026-05-08 15:26:42,562 | INFO | Heartbeat | watch=KXBTC15M-26MAY081530-30 yes_bid=23 yes_ask=24 no_bid=76 no_ask=77 book_ready=True position=False pending=False dry_run=False trust=synced run_id=e155dace-5db4-4ab2-9b50-8916d812c42c
2026-05-08 15:26:57,562 | INFO | Heartbeat | watch=KXBTC15M-26MAY081530-30 yes_bid=30 yes_ask=32 no_bid=68 no_ask=70 book_ready=True position=False pending=False dry_run=False trust=synced run_id=e155dace-5db4-4ab2-9b50-8916d812c42c
2026-05-08 15:27:12,589 | INFO | Heartbeat | watch=KXBTC15M-26MAY081530-30 yes_bid=34 yes_ask=36 no_bid=64 no_ask=66 book_ready=True position=False pending=False dry_run=False trust=synced run_id=e155dace-5db4-4ab2-9b50-8916d812c42c
2026-05-08 15:27:27,609 | INFO | Heartbeat | watch=KXBTC15M-26MAY081530-30 yes_bid=25 yes_ask=26 no_bid=74 no_ask=75 book_ready=True position=False pending=False dry_run=False trust=synced run_id=e155dace-5db4-4ab2-9b50-8916d812c42c
2026-05-08 15:27:42,646 | INFO | Heartbeat | watch=KXBTC15M-26MAY081530-30 yes_bid=14 yes_ask=15 no_bid=85 no_ask=86 book_ready=True position=False pending=False dry_run=False trust=synced run_id=e155dace-5db4-4ab2-9b50-8916d812c42c
2026-05-08 15:27:57,658 | INFO | Heartbeat | watch=KXBTC15M-26MAY081530-30 yes_bid=14 yes_ask=15 no_bid=85 no_ask=86 book_ready=True position=False pending=False dry_run=False trust=synced run_id=e155dace-5db4-4ab2-9b50-8916d812c42c
2026-05-08 15:28:12,669 | INFO | Heartbeat | watch=KXBTC15M-26MAY081530-30 yes_bid=9 yes_ask=10 no_bid=90 no_ask=91 book_ready=True position=False pending=False dry_run=False trust=synced run_id=e155dace-5db4-4ab2-9b50-8916d812c42c
2026-05-08 15:28:27,702 | INFO | Heartbeat | watch=KXBTC15M-26MAY081530-30 yes_bid=7 yes_ask=9 no_bid=91 no_ask=93 book_ready=True position=False pending=False dry_run=False trust=synced run_id=e155dace-5db4-4ab2-9b50-8916d812c42c
2026-05-08 15:28:42,708 | INFO | Heartbeat | watch=KXBTC15M-26MAY081530-30 yes_bid=4 yes_ask=5 no_bid=95 no_ask=96 book_ready=True position=False pending=False dry_run=False trust=synced run_id=e155dace-5db4-4ab2-9b50-8916d812c42c
2026-05-08 15:28:57,778 | INFO | Heartbeat | watch=KXBTC15M-26MAY081530-30 yes_bid=0 yes_ask=1 no_bid=99 no_ask=100 book_ready=True position=False pending=False dry_run=False trust=synced run_id=e155dace-5db4-4ab2-9b50-8916d812c42c
2026-05-08 15:29:12,791 | INFO | Heartbeat | watch=KXBTC15M-26MAY081530-30 yes_bid=0 yes_ask=1 no_bid=99 no_ask=100 book_ready=True position=False pending=False dry_run=False trust=synced run_id=e155dace-5db4-4ab2-9b50-8916d812c42c
2026-05-08 15:29:27,830 | INFO | Heartbeat | watch=KXBTC15M-26MAY081530-30 yes_bid=0 yes_ask=0 no_bid=100 no_ask=100 book_ready=True position=False pending=False dry_run=False trust=synced run_id=e155dace-5db4-4ab2-9b50-8916d812c42c
2026-05-08 15:29:42,865 | INFO | Heartbeat | watch=KXBTC15M-26MAY081530-30 yes_bid=0 yes_ask=0 no_bid=100 no_ask=100 book_ready=True position=False pending=False dry_run=False trust=synced run_id=e155dace-5db4-4ab2-9b50-8916d812c42c
2026-05-08 15:29:57,884 | INFO | Heartbeat | watch=KXBTC15M-26MAY081530-30 yes_bid=0 yes_ask=0 no_bid=100 no_ask=100 book_ready=True position=False pending=False dry_run=False trust=synced run_id=e155dace-5db4-4ab2-9b50-8916d812c42c
2026-05-08 15:30:07,298 | INFO | Orderbook snapshot ready for KXBTC15M-26MAY081530-30
2026-05-08 15:30:12,889 | INFO | Heartbeat | watch=KXBTC15M-26MAY081530-30 yes_bid=0 yes_ask=100 no_bid=0 no_ask=100 book_ready=True position=False pending=False dry_run=False trust=synced run_id=e155dace-5db4-4ab2-9b50-8916d812c42c
2026-05-08 15:30:17,334 | INFO | Watching market KXBTC15M-26MAY081545-45 close_time=2026-05-08T19:45:00Z status=active strike=80014.76 run_id=e155dace-5db4-4ab2-9b50-8916d812c42c
2026-05-08 15:30:17,508 | INFO | WS connected for KXBTC15M-26MAY081545-45
2026-05-08 15:30:17,536 | INFO | WS subscribed payload: {'type': 'subscribed', 'id': 12, 'msg': {'channel': 'ticker', 'sid': 1}}
2026-05-08 15:30:17,537 | INFO | WS subscribed payload: {'type': 'subscribed', 'id': 12, 'msg': {'channel': 'orderbook_delta', 'sid': 2}}
2026-05-08 15:30:17,538 | INFO | Orderbook snapshot ready for KXBTC15M-26MAY081545-45
2026-05-08 15:30:27,892 | INFO | Heartbeat | watch=KXBTC15M-26MAY081545-45 yes_bid=57 yes_ask=58 no_bid=42 no_ask=43 book_ready=True position=False pending=False dry_run=False trust=synced run_id=e155dace-5db4-4ab2-9b50-8916d812c42c
2026-05-08 15:30:42,916 | INFO | Heartbeat | watch=KXBTC15M-26MAY081545-45 yes_bid=65 yes_ask=67 no_bid=33 no_ask=35 book_ready=True position=False pending=False dry_run=False trust=synced run_id=e155dace-5db4-4ab2-9b50-8916d812c42c
2026-05-08 15:30:57,914 | INFO | Heartbeat | watch=KXBTC15M-26MAY081545-45 yes_bid=66 yes_ask=68 no_bid=32 no_ask=34 book_ready=True position=False pending=False dry_run=False trust=synced run_id=e155dace-5db4-4ab2-9b50-8916d812c42c
2026-05-08 15:31:12,960 | INFO | Heartbeat | watch=KXBTC15M-26MAY081545-45 yes_bid=66 yes_ask=67 no_bid=33 no_ask=34 book_ready=True position=False pending=False dry_run=False trust=synced run_id=e155dace-5db4-4ab2-9b50-8916d812c42c
2026-05-08 15:31:27,975 | INFO | Heartbeat | watch=KXBTC15M-26MAY081545-45 yes_bid=67 yes_ask=69 no_bid=31 no_ask=33 book_ready=True position=False pending=False dry_run=False trust=synced run_id=e155dace-5db4-4ab2-9b50-8916d812c42c
2026-05-08 15:31:42,974 | INFO | Heartbeat | watch=KXBTC15M-26MAY081545-45 yes_bid=73 yes_ask=74 no_bid=26 no_ask=27 book_ready=True position=False pending=False dry_run=False trust=synced run_id=e155dace-5db4-4ab2-9b50-8916d812c42c
2026-05-08 15:31:58,021 | INFO | Heartbeat | watch=KXBTC15M-26MAY081545-45 yes_bid=73 yes_ask=74 no_bid=26 no_ask=27 book_ready=True position=False pending=False dry_run=False trust=synced run_id=e155dace-5db4-4ab2-9b50-8916d812c42c
2026-05-08 15:32:13,023 | INFO | Heartbeat | watch=KXBTC15M-26MAY081545-45 yes_bid=75 yes_ask=76 no_bid=24 no_ask=25 book_ready=True position=False pending=False dry_run=False trust=synced run_id=e155dace-5db4-4ab2-9b50-8916d812c42c
2026-05-08 15:32:28,055 | INFO | Heartbeat | watch=KXBTC15M-26MAY081545-45 yes_bid=76 yes_ask=77 no_bid=23 no_ask=24 book_ready=True position=False pending=False dry_run=False trust=synced run_id=e155dace-5db4-4ab2-9b50-8916d812c42c
2026-05-08 15:32:43,087 | INFO | Heartbeat | watch=KXBTC15M-26MAY081545-45 yes_bid=70 yes_ask=71 no_bid=29 no_ask=30 book_ready=True position=False pending=False dry_run=False trust=synced run_id=e155dace-5db4-4ab2-9b50-8916d812c42c
2026-05-08 15:32:58,084 | INFO | Heartbeat | watch=KXBTC15M-26MAY081545-45 yes_bid=67 yes_ask=68 no_bid=32 no_ask=33 book_ready=True position=False pending=False dry_run=False trust=synced run_id=e155dace-5db4-4ab2-9b50-8916d812c42c
2026-05-08 15:33:13,111 | INFO | Heartbeat | watch=KXBTC15M-26MAY081545-45 yes_bid=67 yes_ask=69 no_bid=31 no_ask=33 book_ready=True position=False pending=False dry_run=False trust=synced run_id=e155dace-5db4-4ab2-9b50-8916d812c42c
2026-05-08 15:33:28,102 | INFO | Heartbeat | watch=KXBTC15M-26MAY081545-45 yes_bid=69 yes_ask=70 no_bid=30 no_ask=31 book_ready=True position=False pending=False dry_run=False trust=synced run_id=e155dace-5db4-4ab2-9b50-8916d812c42c
2026-05-08 15:33:43,137 | INFO | Heartbeat | watch=KXBTC15M-26MAY081545-45 yes_bid=61 yes_ask=62 no_bid=38 no_ask=39 book_ready=True position=False pending=False dry_run=False trust=synced run_id=e155dace-5db4-4ab2-9b50-8916d812c42c
2026-05-08 15:33:58,159 | INFO | Heartbeat | watch=KXBTC15M-26MAY081545-45 yes_bid=66 yes_ask=67 no_bid=33 no_ask=34 book_ready=True position=False pending=False dry_run=False trust=synced run_id=e155dace-5db4-4ab2-9b50-8916d812c42c
2026-05-08 15:34:13,184 | INFO | Heartbeat | watch=KXBTC15M-26MAY081545-45 yes_bid=78 yes_ask=79 no_bid=21 no_ask=22 book_ready=True position=False pending=False dry_run=False trust=synced run_id=e155dace-5db4-4ab2-9b50-8916d812c42c
2026-05-08 15:34:28,190 | INFO | Heartbeat | watch=KXBTC15M-26MAY081545-45 yes_bid=80 yes_ask=81 no_bid=19 no_ask=20 book_ready=True position=False pending=False dry_run=False trust=synced run_id=e155dace-5db4-4ab2-9b50-8916d812c42c
2026-05-08 15:34:43,208 | INFO | Heartbeat | watch=KXBTC15M-26MAY081545-45 yes_bid=77 yes_ask=78 no_bid=22 no_ask=23 book_ready=True position=False pending=False dry_run=False trust=synced run_id=e155dace-5db4-4ab2-9b50-8916d812c42c
2026-05-08 15:34:58,224 | INFO | Heartbeat | watch=KXBTC15M-26MAY081545-45 yes_bid=75 yes_ask=78 no_bid=22 no_ask=25 book_ready=True position=False pending=False dry_run=False trust=synced run_id=e155dace-5db4-4ab2-9b50-8916d812c42c
2026-05-08 15:35:13,250 | INFO | Heartbeat | watch=KXBTC15M-26MAY081545-45 yes_bid=76 yes_ask=77 no_bid=23 no_ask=24 book_ready=True position=False pending=False dry_run=False trust=synced run_id=e155dace-5db4-4ab2-9b50-8916d812c42c
2026-05-08 15:35:28,277 | INFO | Heartbeat | watch=KXBTC15M-26MAY081545-45 yes_bid=58 yes_ask=59 no_bid=41 no_ask=42 book_ready=True position=False pending=False dry_run=False trust=synced run_id=e155dace-5db4-4ab2-9b50-8916d812c42c
2026-05-08 15:35:43,318 | INFO | Heartbeat | watch=KXBTC15M-26MAY081545-45 yes_bid=58 yes_ask=59 no_bid=41 no_ask=42 book_ready=True position=False pending=False dry_run=False trust=synced run_id=e155dace-5db4-4ab2-9b50-8916d812c42c
2026-05-08 15:35:58,354 | INFO | Heartbeat | watch=KXBTC15M-26MAY081545-45 yes_bid=59 yes_ask=61 no_bid=39 no_ask=41 book_ready=True position=False pending=False dry_run=False trust=synced run_id=e155dace-5db4-4ab2-9b50-8916d812c42c
2026-05-08 15:36:13,372 | INFO | Heartbeat | watch=KXBTC15M-26MAY081545-45 yes_bid=59 yes_ask=60 no_bid=40 no_ask=41 book_ready=True position=False pending=False dry_run=False trust=synced run_id=e155dace-5db4-4ab2-9b50-8916d812c42c
2026-05-08 15:36:28,418 | INFO | Heartbeat | watch=KXBTC15M-26MAY081545-45 yes_bid=63 yes_ask=65 no_bid=35 no_ask=37 book_ready=True position=False pending=False dry_run=False trust=synced run_id=e155dace-5db4-4ab2-9b50-8916d812c42c
2026-05-08 15:36:43,439 | INFO | Heartbeat | watch=KXBTC15M-26MAY081545-45 yes_bid=68 yes_ask=69 no_bid=31 no_ask=32 book_ready=True position=False pending=False dry_run=False trust=synced run_id=e155dace-5db4-4ab2-9b50-8916d812c42c
2026-05-08 15:36:58,428 | INFO | Heartbeat | watch=KXBTC15M-26MAY081545-45 yes_bid=72 yes_ask=73 no_bid=27 no_ask=28 book_ready=True position=False pending=False dry_run=False trust=synced run_id=e155dace-5db4-4ab2-9b50-8916d812c42c
2026-05-08 15:37:13,435 | INFO | Heartbeat | watch=KXBTC15M-26MAY081545-45 yes_bid=82 yes_ask=84 no_bid=16 no_ask=18 book_ready=True position=False pending=False dry_run=False trust=synced run_id=e155dace-5db4-4ab2-9b50-8916d812c42c
2026-05-08 15:37:28,458 | INFO | Heartbeat | watch=KXBTC15M-26MAY081545-45 yes_bid=88 yes_ask=89 no_bid=11 no_ask=12 book_ready=True position=False pending=False dry_run=False trust=synced run_id=e155dace-5db4-4ab2-9b50-8916d812c42c
2026-05-08 15:37:43,462 | INFO | Heartbeat | watch=KXBTC15M-26MAY081545-45 yes_bid=89 yes_ask=90 no_bid=10 no_ask=11 book_ready=True position=False pending=False dry_run=False trust=synced run_id=e155dace-5db4-4ab2-9b50-8916d812c42c
2026-05-08 15:37:58,484 | INFO | Heartbeat | watch=KXBTC15M-26MAY081545-45 yes_bid=85 yes_ask=86 no_bid=14 no_ask=15 book_ready=True position=False pending=False dry_run=False trust=synced run_id=e155dace-5db4-4ab2-9b50-8916d812c42c
2026-05-08 15:38:13,505 | INFO | Heartbeat | watch=KXBTC15M-26MAY081545-45 yes_bid=88 yes_ask=89 no_bid=11 no_ask=12 book_ready=True position=False pending=False dry_run=False trust=synced run_id=e155dace-5db4-4ab2-9b50-8916d812c42c
2026-05-08 15:38:28,515 | INFO | Heartbeat | watch=KXBTC15M-26MAY081545-45 yes_bid=88 yes_ask=89 no_bid=11 no_ask=12 book_ready=True position=False pending=False dry_run=False trust=synced run_id=e155dace-5db4-4ab2-9b50-8916d812c42c
2026-05-08 15:38:43,507 | INFO | Heartbeat | watch=KXBTC15M-26MAY081545-45 yes_bid=87 yes_ask=88 no_bid=12 no_ask=13 book_ready=True position=False pending=False dry_run=False trust=synced run_id=e155dace-5db4-4ab2-9b50-8916d812c42c
2026-05-08 15:38:58,507 | INFO | Heartbeat | watch=KXBTC15M-26MAY081545-45 yes_bid=86 yes_ask=87 no_bid=13 no_ask=14 book_ready=True position=False pending=False dry_run=False trust=synced run_id=e155dace-5db4-4ab2-9b50-8916d812c42c
2026-05-08 15:39:13,513 | INFO | Heartbeat | watch=KXBTC15M-26MAY081545-45 yes_bid=85 yes_ask=86 no_bid=14 no_ask=15 book_ready=True position=False pending=False dry_run=False trust=synced run_id=e155dace-5db4-4ab2-9b50-8916d812c42c
2026-05-08 15:39:28,547 | INFO | Heartbeat | watch=KXBTC15M-26MAY081545-45 yes_bid=76 yes_ask=77 no_bid=23 no_ask=24 book_ready=True position=False pending=False dry_run=False trust=synced run_id=e155dace-5db4-4ab2-9b50-8916d812c42c
2026-05-08 15:39:43,569 | INFO | Heartbeat | watch=KXBTC15M-26MAY081545-45 yes_bid=75 yes_ask=77 no_bid=23 no_ask=25 book_ready=True position=False pending=False dry_run=False trust=synced run_id=e155dace-5db4-4ab2-9b50-8916d812c42c
2026-05-08 15:39:58,569 | INFO | Heartbeat | watch=KXBTC15M-26MAY081545-45 yes_bid=77 yes_ask=79 no_bid=21 no_ask=23 book_ready=True position=False pending=False dry_run=False trust=synced run_id=e155dace-5db4-4ab2-9b50-8916d812c42c
2026-05-08 15:40:13,587 | INFO | Heartbeat | watch=KXBTC15M-26MAY081545-45 yes_bid=87 yes_ask=88 no_bid=12 no_ask=13 book_ready=True position=False pending=False dry_run=False trust=synced run_id=e155dace-5db4-4ab2-9b50-8916d812c42c
2026-05-08 15:40:28,616 | INFO | Heartbeat | watch=KXBTC15M-26MAY081545-45 yes_bid=95 yes_ask=95 no_bid=5 no_ask=5 book_ready=True position=False pending=False dry_run=False trust=synced run_id=e155dace-5db4-4ab2-9b50-8916d812c42c
2026-05-08 15:40:43,625 | INFO | Heartbeat | watch=KXBTC15M-26MAY081545-45 yes_bid=95 yes_ask=95 no_bid=5 no_ask=5 book_ready=True position=False pending=False dry_run=False trust=synced run_id=e155dace-5db4-4ab2-9b50-8916d812c42c
2026-05-08 15:40:58,628 | INFO | Heartbeat | watch=KXBTC15M-26MAY081545-45 yes_bid=94 yes_ask=95 no_bid=5 no_ask=6 book_ready=True position=False pending=False dry_run=False trust=synced run_id=e155dace-5db4-4ab2-9b50-8916d812c42c
2026-05-08 15:41:13,634 | INFO | Heartbeat | watch=KXBTC15M-26MAY081545-45 yes_bid=97 yes_ask=97 no_bid=3 no_ask=3 book_ready=True position=False pending=False dry_run=False trust=synced run_id=e155dace-5db4-4ab2-9b50-8916d812c42c
2026-05-08 15:41:28,649 | INFO | Heartbeat | watch=KXBTC15M-26MAY081545-45 yes_bid=95 yes_ask=96 no_bid=4 no_ask=5 book_ready=True position=False pending=False dry_run=False trust=synced run_id=e155dace-5db4-4ab2-9b50-8916d812c42c
2026-05-08 15:41:43,649 | INFO | Heartbeat | watch=KXBTC15M-26MAY081545-45 yes_bid=96 yes_ask=96 no_bid=4 no_ask=4 book_ready=True position=False pending=False dry_run=False trust=synced run_id=e155dace-5db4-4ab2-9b50-8916d812c42c
2026-05-08 15:41:58,648 | INFO | Heartbeat | watch=KXBTC15M-26MAY081545-45 yes_bid=95 yes_ask=96 no_bid=4 no_ask=5 book_ready=True position=False pending=False dry_run=False trust=synced run_id=e155dace-5db4-4ab2-9b50-8916d812c42c
2026-05-08 15:42:13,697 | INFO | Heartbeat | watch=KXBTC15M-26MAY081545-45 yes_bid=97 yes_ask=97 no_bid=3 no_ask=3 book_ready=True position=False pending=False dry_run=False trust=synced run_id=e155dace-5db4-4ab2-9b50-8916d812c42c
2026-05-08 15:42:28,700 | INFO | Heartbeat | watch=KXBTC15M-26MAY081545-45 yes_bid=99 yes_ask=99 no_bid=1 no_ask=1 book_ready=True position=False pending=False dry_run=False trust=synced run_id=e155dace-5db4-4ab2-9b50-8916d812c42c
2026-05-08 15:42:43,736 | INFO | Heartbeat | watch=KXBTC15M-26MAY081545-45 yes_bid=99 yes_ask=100 no_bid=0 no_ask=1 book_ready=True position=False pending=False dry_run=False trust=synced run_id=e155dace-5db4-4ab2-9b50-8916d812c42c
2026-05-08 15:42:58,772 | INFO | Heartbeat | watch=KXBTC15M-26MAY081545-45 yes_bid=99 yes_ask=100 no_bid=0 no_ask=1 book_ready=True position=False pending=False dry_run=False trust=synced run_id=e155dace-5db4-4ab2-9b50-8916d812c42c
2026-05-08 15:43:13,846 | INFO | Heartbeat | watch=KXBTC15M-26MAY081545-45 yes_bid=99 yes_ask=100 no_bid=0 no_ask=1 book_ready=True position=False pending=False dry_run=False trust=synced run_id=e155dace-5db4-4ab2-9b50-8916d812c42c
2026-05-08 15:43:28,877 | INFO | Heartbeat | watch=KXBTC15M-26MAY081545-45 yes_bid=100 yes_ask=100 no_bid=0 no_ask=0 book_ready=True position=False pending=False dry_run=False trust=synced run_id=e155dace-5db4-4ab2-9b50-8916d812c42c
2026-05-08 15:43:43,884 | INFO | Heartbeat | watch=KXBTC15M-26MAY081545-45 yes_bid=100 yes_ask=100 no_bid=0 no_ask=0 book_ready=True position=False pending=False dry_run=False trust=synced run_id=e155dace-5db4-4ab2-9b50-8916d812c42c
2026-05-08 15:43:58,900 | INFO | Heartbeat | watch=KXBTC15M-26MAY081545-45 yes_bid=100 yes_ask=100 no_bid=0 no_ask=0 book_ready=True position=False pending=False dry_run=False trust=synced run_id=e155dace-5db4-4ab2-9b50-8916d812c42c
2026-05-08 15:44:13,904 | INFO | Heartbeat | watch=KXBTC15M-26MAY081545-45 yes_bid=100 yes_ask=100 no_bid=0 no_ask=0 book_ready=True position=False pending=False dry_run=False trust=synced run_id=e155dace-5db4-4ab2-9b50-8916d812c42c
2026-05-08 15:44:28,903 | INFO | Heartbeat | watch=KXBTC15M-26MAY081545-45 yes_bid=100 yes_ask=100 no_bid=0 no_ask=0 book_ready=True position=False pending=False dry_run=False trust=synced run_id=e155dace-5db4-4ab2-9b50-8916d812c42c
2026-05-08 15:44:43,944 | INFO | Heartbeat | watch=KXBTC15M-26MAY081545-45 yes_bid=100 yes_ask=100 no_bid=0 no_ask=0 book_ready=True position=False pending=False dry_run=False trust=synced run_id=e155dace-5db4-4ab2-9b50-8916d812c42c
2026-05-08 15:44:58,945 | INFO | Heartbeat | watch=KXBTC15M-26MAY081545-45 yes_bid=100 yes_ask=100 no_bid=0 no_ask=0 book_ready=True position=False pending=False dry_run=False trust=synced run_id=e155dace-5db4-4ab2-9b50-8916d812c42c
2026-05-08 15:45:05,865 | INFO | Orderbook snapshot ready for KXBTC15M-26MAY081545-45
2026-05-08 15:45:13,978 | INFO | Heartbeat | watch=KXBTC15M-26MAY081545-45 yes_bid=0 yes_ask=100 no_bid=0 no_ask=100 book_ready=True position=False pending=False dry_run=False trust=synced run_id=e155dace-5db4-4ab2-9b50-8916d812c42c
2026-05-08 15:45:28,991 | INFO | Heartbeat | watch=KXBTC15M-26MAY081545-45 yes_bid=0 yes_ask=100 no_bid=0 no_ask=100 book_ready=True position=False pending=False dry_run=False trust=synced run_id=e155dace-5db4-4ab2-9b50-8916d812c42c
2026-05-08 15:45:32,549 | INFO | Watching market KXBTC15M-26MAY081600-00 close_time=2026-05-08T20:00:00Z status=active strike=80092.95 run_id=e155dace-5db4-4ab2-9b50-8916d812c42c
2026-05-08 15:45:32,726 | INFO | WS connected for KXBTC15M-26MAY081600-00
2026-05-08 15:45:32,759 | INFO | WS subscribed payload: {'type': 'subscribed', 'id': 13, 'msg': {'channel': 'ticker', 'sid': 1}}
2026-05-08 15:45:32,760 | INFO | WS subscribed payload: {'type': 'subscribed', 'id': 13, 'msg': {'channel': 'orderbook_delta', 'sid': 2}}
2026-05-08 15:45:32,761 | INFO | Orderbook snapshot ready for KXBTC15M-26MAY081600-00
2026-05-08 15:45:44,008 | INFO | Heartbeat | watch=KXBTC15M-26MAY081600-00 yes_bid=53 yes_ask=54 no_bid=46 no_ask=47 book_ready=True position=False pending=False dry_run=False trust=synced run_id=e155dace-5db4-4ab2-9b50-8916d812c42c
2026-05-08 15:45:59,083 | INFO | Heartbeat | watch=KXBTC15M-26MAY081600-00 yes_bid=47 yes_ask=48 no_bid=52 no_ask=53 book_ready=True position=False pending=False dry_run=False trust=synced run_id=e155dace-5db4-4ab2-9b50-8916d812c42c
2026-05-08 15:46:14,124 | INFO | Heartbeat | watch=KXBTC15M-26MAY081600-00 yes_bid=48 yes_ask=49 no_bid=51 no_ask=52 book_ready=True position=False pending=False dry_run=False trust=synced run_id=e155dace-5db4-4ab2-9b50-8916d812c42c
2026-05-08 15:46:29,122 | INFO | Heartbeat | watch=KXBTC15M-26MAY081600-00 yes_bid=47 yes_ask=49 no_bid=51 no_ask=53 book_ready=True position=False pending=False dry_run=False trust=synced run_id=e155dace-5db4-4ab2-9b50-8916d812c42c
2026-05-08 15:46:44,132 | INFO | Heartbeat | watch=KXBTC15M-26MAY081600-00 yes_bid=53 yes_ask=54 no_bid=46 no_ask=47 book_ready=True position=False pending=False dry_run=False trust=synced run_id=e155dace-5db4-4ab2-9b50-8916d812c42c
2026-05-08 15:46:59,135 | INFO | Heartbeat | watch=KXBTC15M-26MAY081600-00 yes_bid=46 yes_ask=47 no_bid=53 no_ask=54 book_ready=True position=False pending=False dry_run=False trust=synced run_id=e155dace-5db4-4ab2-9b50-8916d812c42c
2026-05-08 15:47:14,163 | INFO | Heartbeat | watch=KXBTC15M-26MAY081600-00 yes_bid=56 yes_ask=57 no_bid=43 no_ask=44 book_ready=True position=False pending=False dry_run=False trust=synced run_id=e155dace-5db4-4ab2-9b50-8916d812c42c
2026-05-08 15:47:22,521 | INFO | Mushroom v28 BTC REST fallback refreshed stale tick | previous_age_ms=3016.0 threshold_ms=3000.0 source=coinbase_spot_rest
2026-05-08 15:47:25,916 | INFO | Mushroom v28 BTC REST fallback refreshed stale tick | previous_age_ms=3015.0 threshold_ms=3000.0 source=coinbase_spot_rest
2026-05-08 15:47:29,509 | INFO | Mushroom v28 BTC REST fallback refreshed stale tick | previous_age_ms=3016.0 threshold_ms=3000.0 source=coinbase_spot_rest
2026-05-08 15:47:29,517 | INFO | Heartbeat | watch=KXBTC15M-26MAY081600-00 yes_bid=55 yes_ask=56 no_bid=44 no_ask=45 book_ready=True position=False pending=False dry_run=False trust=synced run_id=e155dace-5db4-4ab2-9b50-8916d812c42c
2026-05-08 15:47:32,878 | INFO | Mushroom v28 BTC REST fallback refreshed stale tick | previous_age_ms=3015.0 threshold_ms=3000.0 source=coinbase_spot_rest
2026-05-08 15:47:36,294 | INFO | Mushroom v28 BTC REST fallback refreshed stale tick | previous_age_ms=3047.0 threshold_ms=3000.0 source=coinbase_spot_rest
2026-05-08 15:47:39,709 | INFO | Mushroom v28 BTC REST fallback refreshed stale tick | previous_age_ms=3047.0 threshold_ms=3000.0 source=coinbase_spot_rest
2026-05-08 15:47:43,100 | INFO | Mushroom v28 BTC REST fallback refreshed stale tick | previous_age_ms=3047.0 threshold_ms=3000.0 source=coinbase_spot_rest
2026-05-08 15:47:44,520 | INFO | Heartbeat | watch=KXBTC15M-26MAY081600-00 yes_bid=53 yes_ask=55 no_bid=45 no_ask=47 book_ready=True position=False pending=False dry_run=False trust=synced run_id=e155dace-5db4-4ab2-9b50-8916d812c42c
2026-05-08 15:47:46,496 | INFO | Mushroom v28 BTC REST fallback refreshed stale tick | previous_age_ms=3016.0 threshold_ms=3000.0 source=coinbase_spot_rest
2026-05-08 15:47:49,911 | INFO | Mushroom v28 BTC REST fallback refreshed stale tick | previous_age_ms=3016.0 threshold_ms=3000.0 source=coinbase_spot_rest
2026-05-08 15:47:53,232 | INFO | Mushroom v28 BTC REST fallback refreshed stale tick | previous_age_ms=3016.0 threshold_ms=3000.0 source=coinbase_spot_rest
2026-05-08 15:47:56,735 | INFO | Mushroom v28 BTC REST fallback refreshed stale tick | previous_age_ms=3015.0 threshold_ms=3000.0 source=coinbase_spot_rest
2026-05-08 15:47:59,505 | INFO | Heartbeat | watch=KXBTC15M-26MAY081600-00 yes_bid=59 yes_ask=60 no_bid=40 no_ask=41 book_ready=True position=False pending=False dry_run=False trust=synced run_id=e155dace-5db4-4ab2-9b50-8916d812c42c
2026-05-08 15:48:00,400 | INFO | Mushroom v28 BTC REST fallback refreshed stale tick | previous_age_ms=3015.0 threshold_ms=3000.0 source=coinbase_spot_rest
2026-05-08 15:48:03,942 | INFO | Mushroom v28 BTC REST fallback refreshed stale tick | previous_age_ms=3032.0 threshold_ms=3000.0 source=coinbase_spot_rest
2026-05-08 15:48:07,642 | INFO | Mushroom v28 BTC REST fallback refreshed stale tick | previous_age_ms=3031.0 threshold_ms=3000.0 source=coinbase_spot_rest
2026-05-08 15:48:11,251 | INFO | Mushroom v28 BTC REST fallback refreshed stale tick | previous_age_ms=3015.0 threshold_ms=3000.0 source=coinbase_spot_rest
2026-05-08 15:48:14,796 | INFO | Mushroom v28 BTC REST fallback refreshed stale tick | previous_age_ms=3031.0 threshold_ms=3000.0 source=coinbase_spot_rest
2026-05-08 15:48:14,807 | INFO | Heartbeat | watch=KXBTC15M-26MAY081600-00 yes_bid=58 yes_ask=60 no_bid=40 no_ask=42 book_ready=True position=False pending=False dry_run=False trust=synced run_id=e155dace-5db4-4ab2-9b50-8916d812c42c
2026-05-08 15:48:18,281 | INFO | Mushroom v28 BTC REST fallback refreshed stale tick | previous_age_ms=3016.0 threshold_ms=3000.0 source=coinbase_spot_rest
2026-05-08 15:48:22,205 | INFO | Mushroom v28 BTC REST fallback refreshed stale tick | previous_age_ms=3047.0 threshold_ms=3000.0 source=coinbase_spot_rest
2026-05-08 15:48:25,828 | INFO | Mushroom v28 BTC REST fallback refreshed stale tick | previous_age_ms=3016.0 threshold_ms=3000.0 source=coinbase_spot_rest
2026-05-08 15:48:29,246 | INFO | Mushroom v28 BTC REST fallback refreshed stale tick | previous_age_ms=3016.0 threshold_ms=3000.0 source=coinbase_spot_rest
2026-05-08 15:48:29,807 | INFO | Heartbeat | watch=KXBTC15M-26MAY081600-00 yes_bid=58 yes_ask=59 no_bid=41 no_ask=42 book_ready=True position=False pending=False dry_run=False trust=synced run_id=e155dace-5db4-4ab2-9b50-8916d812c42c
2026-05-08 15:48:32,695 | INFO | Mushroom v28 BTC REST fallback refreshed stale tick | previous_age_ms=3031.0 threshold_ms=3000.0 source=coinbase_spot_rest
2026-05-08 15:48:36,338 | INFO | Mushroom v28 BTC REST fallback refreshed stale tick | previous_age_ms=3016.0 threshold_ms=3000.0 source=coinbase_spot_rest
2026-05-08 15:48:39,870 | INFO | Mushroom v28 BTC REST fallback refreshed stale tick | previous_age_ms=3062.0 threshold_ms=3000.0 source=coinbase_spot_rest
2026-05-08 15:48:43,505 | INFO | Mushroom v28 BTC REST fallback refreshed stale tick | previous_age_ms=3047.0 threshold_ms=3000.0 source=coinbase_spot_rest
2026-05-08 15:48:44,839 | INFO | Heartbeat | watch=KXBTC15M-26MAY081600-00 yes_bid=58 yes_ask=59 no_bid=41 no_ask=42 book_ready=True position=False pending=False dry_run=False trust=synced run_id=e155dace-5db4-4ab2-9b50-8916d812c42c
2026-05-08 15:48:46,911 | INFO | Mushroom v28 BTC REST fallback refreshed stale tick | previous_age_ms=3047.0 threshold_ms=3000.0 source=coinbase_spot_rest
2026-05-08 15:48:50,380 | INFO | Mushroom v28 BTC REST fallback refreshed stale tick | previous_age_ms=3016.0 threshold_ms=3000.0 source=coinbase_spot_rest
2026-05-08 15:48:53,819 | INFO | Mushroom v28 BTC REST fallback refreshed stale tick | previous_age_ms=3016.0 threshold_ms=3000.0 source=coinbase_spot_rest
2026-05-08 15:48:57,264 | INFO | Mushroom v28 BTC REST fallback refreshed stale tick | previous_age_ms=3016.0 threshold_ms=3000.0 source=coinbase_spot_rest
2026-05-08 15:48:59,860 | INFO | Heartbeat | watch=KXBTC15M-26MAY081600-00 yes_bid=53 yes_ask=54 no_bid=46 no_ask=47 book_ready=True position=False pending=False dry_run=False trust=synced run_id=e155dace-5db4-4ab2-9b50-8916d812c42c
2026-05-08 15:49:00,829 | INFO | Mushroom v28 BTC REST fallback refreshed stale tick | previous_age_ms=3047.0 threshold_ms=3000.0 source=coinbase_spot_rest
2026-05-08 15:49:04,488 | INFO | Mushroom v28 BTC REST fallback refreshed stale tick | previous_age_ms=3032.0 threshold_ms=3000.0 source=coinbase_spot_rest
2026-05-08 15:49:07,805 | INFO | Mushroom v28 BTC REST fallback refreshed stale tick | previous_age_ms=3015.0 threshold_ms=3000.0 source=coinbase_spot_rest
2026-05-08 15:49:11,234 | INFO | Mushroom v28 BTC REST fallback refreshed stale tick | previous_age_ms=3062.0 threshold_ms=3000.0 source=coinbase_spot_rest
2026-05-08 15:49:14,711 | INFO | Mushroom v28 BTC REST fallback refreshed stale tick | previous_age_ms=3046.0 threshold_ms=3000.0 source=coinbase_spot_rest
2026-05-08 15:49:14,866 | INFO | Heartbeat | watch=KXBTC15M-26MAY081600-00 yes_bid=61 yes_ask=62 no_bid=38 no_ask=39 book_ready=True position=False pending=False dry_run=False trust=synced run_id=e155dace-5db4-4ab2-9b50-8916d812c42c
2026-05-08 15:49:18,135 | INFO | Mushroom v28 BTC REST fallback refreshed stale tick | previous_age_ms=3016.0 threshold_ms=3000.0 source=coinbase_spot_rest
2026-05-08 15:49:21,735 | INFO | Mushroom v28 BTC REST fallback refreshed stale tick | previous_age_ms=3047.0 threshold_ms=3000.0 source=coinbase_spot_rest
2026-05-08 15:49:25,213 | INFO | Mushroom v28 BTC REST fallback refreshed stale tick | previous_age_ms=3062.0 threshold_ms=3000.0 source=coinbase_spot_rest
2026-05-08 15:49:28,970 | INFO | Mushroom v28 BTC REST fallback refreshed stale tick | previous_age_ms=3031.0 threshold_ms=3000.0 source=coinbase_spot_rest
2026-05-08 15:49:29,889 | INFO | Heartbeat | watch=KXBTC15M-26MAY081600-00 yes_bid=59 yes_ask=60 no_bid=40 no_ask=41 book_ready=True position=False pending=False dry_run=False trust=synced run_id=e155dace-5db4-4ab2-9b50-8916d812c42c
2026-05-08 15:49:32,539 | INFO | Mushroom v28 BTC REST fallback refreshed stale tick | previous_age_ms=3062.0 threshold_ms=3000.0 source=coinbase_spot_rest
2026-05-08 15:49:36,291 | INFO | Mushroom v28 BTC REST fallback refreshed stale tick | previous_age_ms=3016.0 threshold_ms=3000.0 source=coinbase_spot_rest
2026-05-08 15:49:40,035 | INFO | Mushroom v28 BTC REST fallback refreshed stale tick | previous_age_ms=3031.0 threshold_ms=3000.0 source=coinbase_spot_rest
2026-05-08 15:49:43,758 | INFO | Mushroom v28 BTC REST fallback refreshed stale tick | previous_age_ms=3047.0 threshold_ms=3000.0 source=coinbase_spot_rest
2026-05-08 15:49:44,932 | INFO | Heartbeat | watch=KXBTC15M-26MAY081600-00 yes_bid=53 yes_ask=54 no_bid=46 no_ask=47 book_ready=True position=False pending=False dry_run=False trust=synced run_id=e155dace-5db4-4ab2-9b50-8916d812c42c
2026-05-08 15:49:47,309 | INFO | Mushroom v28 BTC REST fallback refreshed stale tick | previous_age_ms=3047.0 threshold_ms=3000.0 source=coinbase_spot_rest
2026-05-08 15:49:51,020 | INFO | Mushroom v28 BTC REST fallback refreshed stale tick | previous_age_ms=3031.0 threshold_ms=3000.0 source=coinbase_spot_rest
2026-05-08 15:49:54,504 | INFO | Mushroom v28 BTC REST fallback refreshed stale tick | previous_age_ms=3047.0 threshold_ms=3000.0 source=coinbase_spot_rest
2026-05-08 15:49:58,165 | INFO | Mushroom v28 BTC REST fallback refreshed stale tick | previous_age_ms=3031.0 threshold_ms=3000.0 source=coinbase_spot_rest
2026-05-08 15:49:59,961 | INFO | Heartbeat | watch=KXBTC15M-26MAY081600-00 yes_bid=54 yes_ask=55 no_bid=45 no_ask=46 book_ready=True position=False pending=False dry_run=False trust=synced run_id=e155dace-5db4-4ab2-9b50-8916d812c42c
2026-05-08 15:50:01,701 | INFO | Mushroom v28 BTC REST fallback refreshed stale tick | previous_age_ms=3016.0 threshold_ms=3000.0 source=coinbase_spot_rest
2026-05-08 15:50:05,727 | INFO | Mushroom v28 BTC REST fallback refreshed stale tick | previous_age_ms=3032.0 threshold_ms=3000.0 source=coinbase_spot_rest
2026-05-08 15:50:09,619 | INFO | Mushroom v28 BTC REST fallback refreshed stale tick | previous_age_ms=3046.0 threshold_ms=3000.0 source=coinbase_spot_rest
2026-05-08 15:50:13,278 | INFO | Mushroom v28 BTC REST fallback refreshed stale tick | previous_age_ms=3016.0 threshold_ms=3000.0 source=coinbase_spot_rest
2026-05-08 15:50:14,960 | INFO | Heartbeat | watch=KXBTC15M-26MAY081600-00 yes_bid=56 yes_ask=57 no_bid=43 no_ask=44 book_ready=True position=False pending=False dry_run=False trust=synced run_id=e155dace-5db4-4ab2-9b50-8916d812c42c
2026-05-08 15:50:17,024 | INFO | Mushroom v28 BTC REST fallback refreshed stale tick | previous_age_ms=3047.0 threshold_ms=3000.0 source=coinbase_spot_rest
2026-05-08 15:50:20,889 | INFO | Mushroom v28 BTC REST fallback refreshed stale tick | previous_age_ms=3047.0 threshold_ms=3000.0 source=coinbase_spot_rest
2026-05-08 15:50:24,453 | INFO | Mushroom v28 BTC REST fallback refreshed stale tick | previous_age_ms=3109.0 threshold_ms=3000.0 source=coinbase_spot_rest
2026-05-08 15:50:28,044 | INFO | Mushroom v28 BTC REST fallback refreshed stale tick | previous_age_ms=3063.0 threshold_ms=3000.0 source=coinbase_spot_rest
2026-05-08 15:50:29,980 | INFO | Heartbeat | watch=KXBTC15M-26MAY081600-00 yes_bid=54 yes_ask=55 no_bid=45 no_ask=46 book_ready=True position=False pending=False dry_run=False trust=synced run_id=e155dace-5db4-4ab2-9b50-8916d812c42c
2026-05-08 15:50:31,448 | INFO | Mushroom v28 BTC REST fallback refreshed stale tick | previous_age_ms=3047.0 threshold_ms=3000.0 source=coinbase_spot_rest
2026-05-08 15:50:34,923 | INFO | Mushroom v28 BTC REST fallback refreshed stale tick | previous_age_ms=3063.0 threshold_ms=3000.0 source=coinbase_spot_rest
2026-05-08 15:50:38,296 | INFO | Mushroom v28 BTC REST fallback refreshed stale tick | previous_age_ms=3063.0 threshold_ms=3000.0 source=coinbase_spot_rest
2026-05-08 15:50:41,770 | INFO | Mushroom v28 BTC REST fallback refreshed stale tick | previous_age_ms=3047.0 threshold_ms=3000.0 source=coinbase_spot_rest
2026-05-08 15:50:45,127 | INFO | Mushroom v28 BTC REST fallback refreshed stale tick | previous_age_ms=3015.0 threshold_ms=3000.0 source=coinbase_spot_rest
2026-05-08 15:50:45,129 | INFO | Heartbeat | watch=KXBTC15M-26MAY081600-00 yes_bid=57 yes_ask=58 no_bid=42 no_ask=43 book_ready=True position=False pending=False dry_run=False trust=synced run_id=e155dace-5db4-4ab2-9b50-8916d812c42c
2026-05-08 15:50:48,540 | INFO | Mushroom v28 BTC REST fallback refreshed stale tick | previous_age_ms=3063.0 threshold_ms=3000.0 source=coinbase_spot_rest
2026-05-08 15:50:51,982 | INFO | Mushroom v28 BTC REST fallback refreshed stale tick | previous_age_ms=3031.0 threshold_ms=3000.0 source=coinbase_spot_rest
2026-05-08 15:50:55,390 | INFO | Mushroom v28 BTC REST fallback refreshed stale tick | previous_age_ms=3046.0 threshold_ms=3000.0 source=coinbase_spot_rest
2026-05-08 15:50:58,742 | INFO | Mushroom v28 BTC REST fallback refreshed stale tick | previous_age_ms=3047.0 threshold_ms=3000.0 source=coinbase_spot_rest
2026-05-08 15:51:00,174 | INFO | Heartbeat | watch=KXBTC15M-26MAY081600-00 yes_bid=57 yes_ask=58 no_bid=42 no_ask=43 book_ready=True position=False pending=False dry_run=False trust=synced run_id=e155dace-5db4-4ab2-9b50-8916d812c42c
2026-05-08 15:51:02,119 | INFO | Mushroom v28 BTC REST fallback refreshed stale tick | previous_age_ms=3047.0 threshold_ms=3000.0 source=coinbase_spot_rest
2026-05-08 15:51:05,493 | INFO | Mushroom v28 BTC REST fallback refreshed stale tick | previous_age_ms=3031.0 threshold_ms=3000.0 source=coinbase_spot_rest
2026-05-08 15:51:08,873 | INFO | Mushroom v28 BTC REST fallback refreshed stale tick | previous_age_ms=3047.0 threshold_ms=3000.0 source=coinbase_spot_rest
2026-05-08 15:51:12,243 | INFO | Mushroom v28 BTC REST fallback refreshed stale tick | previous_age_ms=3016.0 threshold_ms=3000.0 source=coinbase_spot_rest
2026-05-08 15:51:15,194 | INFO | Heartbeat | watch=KXBTC15M-26MAY081600-00 yes_bid=58 yes_ask=59 no_bid=41 no_ask=42 book_ready=True position=False pending=False dry_run=False trust=synced run_id=e155dace-5db4-4ab2-9b50-8916d812c42c
2026-05-08 15:51:15,650 | INFO | Mushroom v28 BTC REST fallback refreshed stale tick | previous_age_ms=3047.0 threshold_ms=3000.0 source=coinbase_spot_rest
2026-05-08 15:51:19,060 | INFO | Mushroom v28 BTC REST fallback refreshed stale tick | previous_age_ms=3016.0 threshold_ms=3000.0 source=coinbase_spot_rest
2026-05-08 15:51:22,484 | INFO | Mushroom v28 BTC REST fallback refreshed stale tick | previous_age_ms=3062.0 threshold_ms=3000.0 source=coinbase_spot_rest
2026-05-08 15:51:26,134 | INFO | Mushroom v28 BTC REST fallback refreshed stale tick | previous_age_ms=3015.0 threshold_ms=3000.0 source=coinbase_spot_rest
2026-05-08 15:51:29,747 | INFO | Mushroom v28 BTC REST fallback refreshed stale tick | previous_age_ms=3031.0 threshold_ms=3000.0 source=coinbase_spot_rest
2026-05-08 15:51:30,193 | INFO | Heartbeat | watch=KXBTC15M-26MAY081600-00 yes_bid=57 yes_ask=58 no_bid=42 no_ask=43 book_ready=True position=False pending=False dry_run=False trust=synced run_id=e155dace-5db4-4ab2-9b50-8916d812c42c
2026-05-08 15:51:33,362 | INFO | Mushroom v28 BTC REST fallback refreshed stale tick | previous_age_ms=3031.0 threshold_ms=3000.0 source=coinbase_spot_rest
2026-05-08 15:51:36,892 | INFO | Mushroom v28 BTC REST fallback refreshed stale tick | previous_age_ms=3046.0 threshold_ms=3000.0 source=coinbase_spot_rest
2026-05-08 15:51:40,728 | INFO | Mushroom v28 BTC REST fallback refreshed stale tick | previous_age_ms=3047.0 threshold_ms=3000.0 source=coinbase_spot_rest
2026-05-08 15:51:44,312 | INFO | Mushroom v28 BTC REST fallback refreshed stale tick | previous_age_ms=3015.0 threshold_ms=3000.0 source=coinbase_spot_rest
2026-05-08 15:51:45,204 | INFO | Heartbeat | watch=KXBTC15M-26MAY081600-00 yes_bid=57 yes_ask=58 no_bid=42 no_ask=43 book_ready=True position=False pending=False dry_run=False trust=synced run_id=e155dace-5db4-4ab2-9b50-8916d812c42c
2026-05-08 15:51:47,873 | INFO | Mushroom v28 BTC REST fallback refreshed stale tick | previous_age_ms=3047.0 threshold_ms=3000.0 source=coinbase_spot_rest
2026-05-08 15:51:51,422 | INFO | Mushroom v28 BTC REST fallback refreshed stale tick | previous_age_ms=3047.0 threshold_ms=3000.0 source=coinbase_spot_rest
2026-05-08 15:51:55,076 | INFO | Mushroom v28 BTC REST fallback refreshed stale tick | previous_age_ms=3031.0 threshold_ms=3000.0 source=coinbase_spot_rest
2026-05-08 15:51:58,614 | INFO | Mushroom v28 BTC REST fallback refreshed stale tick | previous_age_ms=3032.0 threshold_ms=3000.0 source=coinbase_spot_rest
2026-05-08 15:52:00,219 | INFO | Heartbeat | watch=KXBTC15M-26MAY081600-00 yes_bid=66 yes_ask=67 no_bid=33 no_ask=34 book_ready=True position=False pending=False dry_run=False trust=synced run_id=e155dace-5db4-4ab2-9b50-8916d812c42c
2026-05-08 15:52:02,051 | INFO | Mushroom v28 BTC REST fallback refreshed stale tick | previous_age_ms=3015.0 threshold_ms=3000.0 source=coinbase_spot_rest
2026-05-08 15:52:05,592 | INFO | Mushroom v28 BTC REST fallback refreshed stale tick | previous_age_ms=3016.0 threshold_ms=3000.0 source=coinbase_spot_rest
2026-05-08 15:52:09,448 | INFO | Mushroom v28 BTC REST fallback refreshed stale tick | previous_age_ms=3062.0 threshold_ms=3000.0 source=coinbase_spot_rest
2026-05-08 15:52:12,923 | INFO | Mushroom v28 BTC REST fallback refreshed stale tick | previous_age_ms=3063.0 threshold_ms=3000.0 source=coinbase_spot_rest
2026-05-08 15:52:15,238 | INFO | Heartbeat | watch=KXBTC15M-26MAY081600-00 yes_bid=68 yes_ask=70 no_bid=30 no_ask=32 book_ready=True position=False pending=False dry_run=False trust=synced run_id=e155dace-5db4-4ab2-9b50-8916d812c42c
2026-05-08 15:52:16,654 | INFO | Mushroom v28 BTC REST fallback refreshed stale tick | previous_age_ms=3047.0 threshold_ms=3000.0 source=coinbase_spot_rest
2026-05-08 15:52:19,997 | INFO | Mushroom v28 BTC REST fallback refreshed stale tick | previous_age_ms=3016.0 threshold_ms=3000.0 source=coinbase_spot_rest
2026-05-08 15:52:23,291 | INFO | Mushroom v28 BTC REST fallback refreshed stale tick | previous_age_ms=3016.0 threshold_ms=3000.0 source=coinbase_spot_rest
2026-05-08 15:52:26,694 | INFO | Mushroom v28 BTC REST fallback refreshed stale tick | previous_age_ms=3016.0 threshold_ms=3000.0 source=coinbase_spot_rest
2026-05-08 15:52:30,113 | INFO | Mushroom v28 BTC REST fallback refreshed stale tick | previous_age_ms=3110.0 threshold_ms=3000.0 source=coinbase_spot_rest
2026-05-08 15:52:30,264 | INFO | Heartbeat | watch=KXBTC15M-26MAY081600-00 yes_bid=69 yes_ask=70 no_bid=30 no_ask=31 book_ready=True position=False pending=False dry_run=False trust=synced run_id=e155dace-5db4-4ab2-9b50-8916d812c42c
2026-05-08 15:52:33,428 | INFO | Mushroom v28 BTC REST fallback refreshed stale tick | previous_age_ms=3015.0 threshold_ms=3000.0 source=coinbase_spot_rest
2026-05-08 15:52:36,784 | INFO | Mushroom v28 BTC REST fallback refreshed stale tick | previous_age_ms=3031.0 threshold_ms=3000.0 source=coinbase_spot_rest
2026-05-08 15:52:40,158 | INFO | Mushroom v28 BTC REST fallback refreshed stale tick | previous_age_ms=3032.0 threshold_ms=3000.0 source=coinbase_spot_rest
2026-05-08 15:52:43,519 | INFO | Mushroom v28 BTC REST fallback refreshed stale tick | previous_age_ms=3016.0 threshold_ms=3000.0 source=coinbase_spot_rest
2026-05-08 15:52:45,287 | INFO | Heartbeat | watch=KXBTC15M-26MAY081600-00 yes_bid=73 yes_ask=74 no_bid=26 no_ask=27 book_ready=True position=False pending=False dry_run=False trust=synced run_id=e155dace-5db4-4ab2-9b50-8916d812c42c
2026-05-08 15:52:47,078 | INFO | Mushroom v28 BTC REST fallback refreshed stale tick | previous_age_ms=3031.0 threshold_ms=3000.0 source=coinbase_spot_rest
2026-05-08 15:52:50,494 | INFO | Mushroom v28 BTC REST fallback refreshed stale tick | previous_age_ms=3032.0 threshold_ms=3000.0 source=coinbase_spot_rest
2026-05-08 15:52:54,040 | INFO | Mushroom v28 BTC REST fallback refreshed stale tick | previous_age_ms=3031.0 threshold_ms=3000.0 source=coinbase_spot_rest
2026-05-08 15:52:57,559 | INFO | Mushroom v28 BTC REST fallback refreshed stale tick | previous_age_ms=3016.0 threshold_ms=3000.0 source=coinbase_spot_rest
2026-05-08 15:53:00,302 | INFO | Heartbeat | watch=KXBTC15M-26MAY081600-00 yes_bid=64 yes_ask=65 no_bid=35 no_ask=36 book_ready=True position=False pending=False dry_run=False trust=synced run_id=e155dace-5db4-4ab2-9b50-8916d812c42c
2026-05-08 15:53:01,190 | INFO | Mushroom v28 BTC REST fallback refreshed stale tick | previous_age_ms=3047.0 threshold_ms=3000.0 source=coinbase_spot_rest
2026-05-08 15:53:04,685 | INFO | Mushroom v28 BTC REST fallback refreshed stale tick | previous_age_ms=3031.0 threshold_ms=3000.0 source=coinbase_spot_rest
2026-05-08 15:53:08,086 | INFO | Mushroom v28 BTC REST fallback refreshed stale tick | previous_age_ms=3031.0 threshold_ms=3000.0 source=coinbase_spot_rest
2026-05-08 15:53:11,574 | INFO | Mushroom v28 BTC REST fallback refreshed stale tick | previous_age_ms=3031.0 threshold_ms=3000.0 source=coinbase_spot_rest
2026-05-08 15:53:15,298 | INFO | Mushroom v28 BTC REST fallback refreshed stale tick | previous_age_ms=3047.0 threshold_ms=3000.0 source=coinbase_spot_rest
2026-05-08 15:53:15,301 | INFO | Heartbeat | watch=KXBTC15M-26MAY081600-00 yes_bid=58 yes_ask=59 no_bid=41 no_ask=42 book_ready=True position=False pending=False dry_run=False trust=synced run_id=e155dace-5db4-4ab2-9b50-8916d812c42c
2026-05-08 15:53:19,094 | INFO | Mushroom v28 BTC REST fallback refreshed stale tick | previous_age_ms=3031.0 threshold_ms=3000.0 source=coinbase_spot_rest
2026-05-08 15:53:22,796 | INFO | Mushroom v28 BTC REST fallback refreshed stale tick | previous_age_ms=3031.0 threshold_ms=3000.0 source=coinbase_spot_rest
2026-05-08 15:53:26,436 | INFO | Mushroom v28 BTC REST fallback refreshed stale tick | previous_age_ms=3016.0 threshold_ms=3000.0 source=coinbase_spot_rest
2026-05-08 15:53:30,366 | INFO | Mushroom v28 BTC REST fallback refreshed stale tick | previous_age_ms=3031.0 threshold_ms=3000.0 source=coinbase_spot_rest
2026-05-08 15:53:30,370 | INFO | Heartbeat | watch=KXBTC15M-26MAY081600-00 yes_bid=58 yes_ask=59 no_bid=41 no_ask=42 book_ready=True position=False pending=False dry_run=False trust=synced run_id=e155dace-5db4-4ab2-9b50-8916d812c42c
2026-05-08 15:53:34,006 | INFO | Mushroom v28 BTC REST fallback refreshed stale tick | previous_age_ms=3031.0 threshold_ms=3000.0 source=coinbase_spot_rest
2026-05-08 15:53:37,865 | INFO | Mushroom v28 BTC REST fallback refreshed stale tick | previous_age_ms=3063.0 threshold_ms=3000.0 source=coinbase_spot_rest
2026-05-08 15:53:41,402 | INFO | Mushroom v28 BTC REST fallback refreshed stale tick | previous_age_ms=3031.0 threshold_ms=3000.0 source=coinbase_spot_rest
2026-05-08 15:53:45,079 | INFO | Mushroom v28 BTC REST fallback refreshed stale tick | previous_age_ms=3110.0 threshold_ms=3000.0 source=coinbase_spot_rest
2026-05-08 15:53:45,415 | INFO | Heartbeat | watch=KXBTC15M-26MAY081600-00 yes_bid=54 yes_ask=55 no_bid=45 no_ask=46 book_ready=True position=False pending=False dry_run=False trust=synced run_id=e155dace-5db4-4ab2-9b50-8916d812c42c
2026-05-08 15:53:48,590 | INFO | Mushroom v28 BTC REST fallback refreshed stale tick | previous_age_ms=3032.0 threshold_ms=3000.0 source=coinbase_spot_rest
2026-05-08 15:53:51,934 | INFO | Mushroom v28 BTC REST fallback refreshed stale tick | previous_age_ms=3031.0 threshold_ms=3000.0 source=coinbase_spot_rest
2026-05-08 15:53:55,334 | INFO | Mushroom v28 BTC REST fallback refreshed stale tick | previous_age_ms=3015.0 threshold_ms=3000.0 source=coinbase_spot_rest
2026-05-08 15:53:58,723 | INFO | Mushroom v28 BTC REST fallback refreshed stale tick | previous_age_ms=3031.0 threshold_ms=3000.0 source=coinbase_spot_rest
2026-05-08 15:54:00,429 | INFO | Heartbeat | watch=KXBTC15M-26MAY081600-00 yes_bid=65 yes_ask=66 no_bid=34 no_ask=35 book_ready=True position=False pending=False dry_run=False trust=synced run_id=e155dace-5db4-4ab2-9b50-8916d812c42c
2026-05-08 15:54:02,130 | INFO | Mushroom v28 BTC REST fallback refreshed stale tick | previous_age_ms=3016.0 threshold_ms=3000.0 source=coinbase_spot_rest
2026-05-08 15:54:05,586 | INFO | Mushroom v28 BTC REST fallback refreshed stale tick | previous_age_ms=3015.0 threshold_ms=3000.0 source=coinbase_spot_rest
2026-05-08 15:54:09,066 | INFO | Mushroom v28 BTC REST fallback refreshed stale tick | previous_age_ms=3031.0 threshold_ms=3000.0 source=coinbase_spot_rest
2026-05-08 15:54:12,434 | INFO | Mushroom v28 BTC REST fallback refreshed stale tick | previous_age_ms=3015.0 threshold_ms=3000.0 source=coinbase_spot_rest
2026-05-08 15:54:15,750 | INFO | Mushroom v28 BTC REST fallback refreshed stale tick | previous_age_ms=3015.0 threshold_ms=3000.0 source=coinbase_spot_rest
2026-05-08 15:54:15,752 | INFO | Heartbeat | watch=KXBTC15M-26MAY081600-00 yes_bid=70 yes_ask=71 no_bid=29 no_ask=30 book_ready=True position=False pending=False dry_run=False trust=synced run_id=e155dace-5db4-4ab2-9b50-8916d812c42c
2026-05-08 15:54:19,069 | INFO | Mushroom v28 BTC REST fallback refreshed stale tick | previous_age_ms=3016.0 threshold_ms=3000.0 source=coinbase_spot_rest
2026-05-08 15:54:22,451 | INFO | Mushroom v28 BTC REST fallback refreshed stale tick | previous_age_ms=3016.0 threshold_ms=3000.0 source=coinbase_spot_rest
2026-05-08 15:54:25,878 | INFO | Mushroom v28 BTC REST fallback refreshed stale tick | previous_age_ms=3032.0 threshold_ms=3000.0 source=coinbase_spot_rest
2026-05-08 15:54:29,264 | INFO | Mushroom v28 BTC REST fallback refreshed stale tick | previous_age_ms=3016.0 threshold_ms=3000.0 source=coinbase_spot_rest
2026-05-08 15:54:30,769 | INFO | Heartbeat | watch=KXBTC15M-26MAY081600-00 yes_bid=68 yes_ask=69 no_bid=31 no_ask=32 book_ready=True position=False pending=False dry_run=False trust=synced run_id=e155dace-5db4-4ab2-9b50-8916d812c42c
2026-05-08 15:54:32,668 | INFO | Mushroom v28 BTC REST fallback refreshed stale tick | previous_age_ms=3047.0 threshold_ms=3000.0 source=coinbase_spot_rest
2026-05-08 15:54:36,211 | INFO | Mushroom v28 BTC REST fallback refreshed stale tick | previous_age_ms=3047.0 threshold_ms=3000.0 source=coinbase_spot_rest
2026-05-08 15:54:39,875 | INFO | Mushroom v28 BTC REST fallback refreshed stale tick | previous_age_ms=3062.0 threshold_ms=3000.0 source=coinbase_spot_rest
2026-05-08 15:54:43,466 | INFO | Mushroom v28 BTC REST fallback refreshed stale tick | previous_age_ms=3047.0 threshold_ms=3000.0 source=coinbase_spot_rest
2026-05-08 15:54:45,763 | INFO | Heartbeat | watch=KXBTC15M-26MAY081600-00 yes_bid=69 yes_ask=70 no_bid=30 no_ask=31 book_ready=True position=False pending=False dry_run=False trust=synced run_id=e155dace-5db4-4ab2-9b50-8916d812c42c
2026-05-08 15:54:46,894 | INFO | Mushroom v28 BTC REST fallback refreshed stale tick | previous_age_ms=3031.0 threshold_ms=3000.0 source=coinbase_spot_rest
2026-05-08 15:54:50,444 | INFO | Mushroom v28 BTC REST fallback refreshed stale tick | previous_age_ms=3015.0 threshold_ms=3000.0 source=coinbase_spot_rest
2026-05-08 15:54:53,969 | INFO | Mushroom v28 BTC REST fallback refreshed stale tick | previous_age_ms=3047.0 threshold_ms=3000.0 source=coinbase_spot_rest
2026-05-08 15:54:57,606 | INFO | Mushroom v28 BTC REST fallback refreshed stale tick | previous_age_ms=3016.0 threshold_ms=3000.0 source=coinbase_spot_rest
2026-05-08 15:55:01,110 | INFO | Mushroom v28 BTC REST fallback refreshed stale tick | previous_age_ms=3031.0 threshold_ms=3000.0 source=coinbase_spot_rest
2026-05-08 15:55:01,120 | INFO | Heartbeat | watch=KXBTC15M-26MAY081600-00 yes_bid=65 yes_ask=69 no_bid=31 no_ask=35 book_ready=True position=False pending=False dry_run=False trust=synced run_id=e155dace-5db4-4ab2-9b50-8916d812c42c
2026-05-08 15:55:04,571 | INFO | Mushroom v28 BTC REST fallback refreshed stale tick | previous_age_ms=3015.0 threshold_ms=3000.0 source=coinbase_spot_rest
2026-05-08 15:55:08,058 | INFO | Mushroom v28 BTC REST fallback refreshed stale tick | previous_age_ms=3016.0 threshold_ms=3000.0 source=coinbase_spot_rest
2026-05-08 15:55:11,483 | INFO | Mushroom v28 BTC REST fallback refreshed stale tick | previous_age_ms=3047.0 threshold_ms=3000.0 source=coinbase_spot_rest
2026-05-08 15:55:15,040 | INFO | Mushroom v28 BTC REST fallback refreshed stale tick | previous_age_ms=3015.0 threshold_ms=3000.0 source=coinbase_spot_rest
2026-05-08 15:55:16,157 | INFO | Heartbeat | watch=KXBTC15M-26MAY081600-00 yes_bid=68 yes_ask=69 no_bid=31 no_ask=32 book_ready=True position=False pending=False dry_run=False trust=synced run_id=e155dace-5db4-4ab2-9b50-8916d812c42c
2026-05-08 15:55:18,527 | INFO | Mushroom v28 BTC REST fallback refreshed stale tick | previous_age_ms=3016.0 threshold_ms=3000.0 source=coinbase_spot_rest
2026-05-08 15:55:21,969 | INFO | Mushroom v28 BTC REST fallback refreshed stale tick | previous_age_ms=3032.0 threshold_ms=3000.0 source=coinbase_spot_rest
2026-05-08 15:55:25,896 | INFO | Mushroom v28 BTC REST fallback refreshed stale tick | previous_age_ms=3062.0 threshold_ms=3000.0 source=coinbase_spot_rest
2026-05-08 15:55:29,489 | INFO | Mushroom v28 BTC REST fallback refreshed stale tick | previous_age_ms=3062.0 threshold_ms=3000.0 source=coinbase_spot_rest
2026-05-08 15:55:31,147 | INFO | Heartbeat | watch=KXBTC15M-26MAY081600-00 yes_bid=57 yes_ask=59 no_bid=41 no_ask=43 book_ready=True position=False pending=False dry_run=False trust=synced run_id=e155dace-5db4-4ab2-9b50-8916d812c42c
2026-05-08 15:55:33,175 | INFO | Mushroom v28 BTC REST fallback refreshed stale tick | previous_age_ms=3015.0 threshold_ms=3000.0 source=coinbase_spot_rest
2026-05-08 15:55:36,664 | INFO | Mushroom v28 BTC REST fallback refreshed stale tick | previous_age_ms=3047.0 threshold_ms=3000.0 source=coinbase_spot_rest
2026-05-08 15:55:40,382 | INFO | Mushroom v28 BTC REST fallback refreshed stale tick | previous_age_ms=3031.0 threshold_ms=3000.0 source=coinbase_spot_rest
2026-05-08 15:55:44,038 | INFO | Mushroom v28 BTC REST fallback refreshed stale tick | previous_age_ms=3063.0 threshold_ms=3000.0 source=coinbase_spot_rest
2026-05-08 15:55:46,215 | INFO | Heartbeat | watch=KXBTC15M-26MAY081600-00 yes_bid=32 yes_ask=33 no_bid=67 no_ask=68 book_ready=True position=False pending=False dry_run=False trust=synced run_id=e155dace-5db4-4ab2-9b50-8916d812c42c
2026-05-08 15:55:47,490 | INFO | Mushroom v28 BTC REST fallback refreshed stale tick | previous_age_ms=3032.0 threshold_ms=3000.0 source=coinbase_spot_rest
2026-05-08 15:55:51,174 | INFO | Mushroom v28 BTC REST fallback refreshed stale tick | previous_age_ms=3031.0 threshold_ms=3000.0 source=coinbase_spot_rest
2026-05-08 15:55:54,815 | INFO | Mushroom v28 BTC REST fallback refreshed stale tick | previous_age_ms=3031.0 threshold_ms=3000.0 source=coinbase_spot_rest
2026-05-08 15:55:58,377 | INFO | Mushroom v28 BTC REST fallback refreshed stale tick | previous_age_ms=3015.0 threshold_ms=3000.0 source=coinbase_spot_rest
2026-05-08 15:56:01,224 | INFO | Heartbeat | watch=KXBTC15M-26MAY081600-00 yes_bid=30 yes_ask=31 no_bid=69 no_ask=70 book_ready=True position=False pending=False dry_run=False trust=synced run_id=e155dace-5db4-4ab2-9b50-8916d812c42c
2026-05-08 15:56:01,819 | INFO | Mushroom v28 BTC REST fallback refreshed stale tick | previous_age_ms=3016.0 threshold_ms=3000.0 source=coinbase_spot_rest
2026-05-08 15:56:05,325 | INFO | Mushroom v28 BTC REST fallback refreshed stale tick | previous_age_ms=3047.0 threshold_ms=3000.0 source=coinbase_spot_rest
2026-05-08 15:56:09,025 | INFO | Mushroom v28 BTC REST fallback refreshed stale tick | previous_age_ms=3032.0 threshold_ms=3000.0 source=coinbase_spot_rest
2026-05-08 15:56:12,628 | INFO | Mushroom v28 BTC REST fallback refreshed stale tick | previous_age_ms=3047.0 threshold_ms=3000.0 source=coinbase_spot_rest
2026-05-08 15:56:16,199 | INFO | Mushroom v28 BTC REST fallback refreshed stale tick | previous_age_ms=3047.0 threshold_ms=3000.0 source=coinbase_spot_rest
2026-05-08 15:56:16,327 | INFO | Heartbeat | watch=KXBTC15M-26MAY081600-00 yes_bid=21 yes_ask=22 no_bid=78 no_ask=79 book_ready=True position=False pending=False dry_run=False trust=synced run_id=e155dace-5db4-4ab2-9b50-8916d812c42c
2026-05-08 15:56:19,901 | INFO | Mushroom v28 BTC REST fallback refreshed stale tick | previous_age_ms=3032.0 threshold_ms=3000.0 source=coinbase_spot_rest
2026-05-08 15:56:23,362 | INFO | Mushroom v28 BTC REST fallback refreshed stale tick | previous_age_ms=3032.0 threshold_ms=3000.0 source=coinbase_spot_rest
2026-05-08 15:56:26,758 | INFO | Mushroom v28 BTC REST fallback refreshed stale tick | previous_age_ms=3046.0 threshold_ms=3000.0 source=coinbase_spot_rest
2026-05-08 15:56:30,341 | INFO | Mushroom v28 BTC REST fallback refreshed stale tick | previous_age_ms=3015.0 threshold_ms=3000.0 source=coinbase_spot_rest
2026-05-08 15:56:31,319 | INFO | Heartbeat | watch=KXBTC15M-26MAY081600-00 yes_bid=13 yes_ask=14 no_bid=86 no_ask=87 book_ready=True position=False pending=False dry_run=False trust=synced run_id=e155dace-5db4-4ab2-9b50-8916d812c42c
2026-05-08 15:56:33,787 | INFO | Mushroom v28 BTC REST fallback refreshed stale tick | previous_age_ms=3016.0 threshold_ms=3000.0 source=coinbase_spot_rest
2026-05-08 15:56:37,208 | INFO | Mushroom v28 BTC REST fallback refreshed stale tick | previous_age_ms=3032.0 threshold_ms=3000.0 source=coinbase_spot_rest
2026-05-08 15:56:40,662 | INFO | Mushroom v28 BTC REST fallback refreshed stale tick | previous_age_ms=3031.0 threshold_ms=3000.0 source=coinbase_spot_rest
2026-05-08 15:56:44,092 | INFO | Mushroom v28 BTC REST fallback refreshed stale tick | previous_age_ms=3047.0 threshold_ms=3000.0 source=coinbase_spot_rest
2026-05-08 15:56:46,373 | INFO | Heartbeat | watch=KXBTC15M-26MAY081600-00 yes_bid=15 yes_ask=16 no_bid=84 no_ask=85 book_ready=True position=False pending=False dry_run=False trust=synced run_id=e155dace-5db4-4ab2-9b50-8916d812c42c
2026-05-08 15:56:47,604 | INFO | Mushroom v28 BTC REST fallback refreshed stale tick | previous_age_ms=3047.0 threshold_ms=3000.0 source=coinbase_spot_rest
2026-05-08 15:56:51,013 | INFO | Mushroom v28 BTC REST fallback refreshed stale tick | previous_age_ms=3046.0 threshold_ms=3000.0 source=coinbase_spot_rest
2026-05-08 15:56:54,552 | INFO | Mushroom v28 BTC REST fallback refreshed stale tick | previous_age_ms=3047.0 threshold_ms=3000.0 source=coinbase_spot_rest
2026-05-08 15:56:57,872 | INFO | Mushroom v28 BTC REST fallback refreshed stale tick | previous_age_ms=3015.0 threshold_ms=3000.0 source=coinbase_spot_rest
2026-05-08 15:57:01,241 | INFO | Mushroom v28 BTC REST fallback refreshed stale tick | previous_age_ms=3047.0 threshold_ms=3000.0 source=coinbase_spot_rest
2026-05-08 15:57:01,386 | INFO | Heartbeat | watch=KXBTC15M-26MAY081600-00 yes_bid=21 yes_ask=22 no_bid=78 no_ask=79 book_ready=True position=False pending=False dry_run=False trust=synced run_id=e155dace-5db4-4ab2-9b50-8916d812c42c
2026-05-08 15:57:04,618 | INFO | Mushroom v28 BTC REST fallback refreshed stale tick | previous_age_ms=3031.0 threshold_ms=3000.0 source=coinbase_spot_rest
2026-05-08 15:57:08,081 | INFO | Mushroom v28 BTC REST fallback refreshed stale tick | previous_age_ms=3063.0 threshold_ms=3000.0 source=coinbase_spot_rest
2026-05-08 15:57:11,410 | INFO | Mushroom v28 BTC REST fallback refreshed stale tick | previous_age_ms=3016.0 threshold_ms=3000.0 source=coinbase_spot_rest
2026-05-08 15:57:14,918 | INFO | Mushroom v28 BTC REST fallback refreshed stale tick | previous_age_ms=3047.0 threshold_ms=3000.0 source=coinbase_spot_rest
2026-05-08 15:57:16,401 | INFO | Heartbeat | watch=KXBTC15M-26MAY081600-00 yes_bid=16 yes_ask=17 no_bid=83 no_ask=84 book_ready=True position=False pending=False dry_run=False trust=synced run_id=e155dace-5db4-4ab2-9b50-8916d812c42c
2026-05-08 15:57:18,239 | INFO | Mushroom v28 BTC REST fallback refreshed stale tick | previous_age_ms=3016.0 threshold_ms=3000.0 source=coinbase_spot_rest
2026-05-08 15:57:21,774 | INFO | Mushroom v28 BTC REST fallback refreshed stale tick | previous_age_ms=3046.0 threshold_ms=3000.0 source=coinbase_spot_rest
2026-05-08 15:57:25,192 | INFO | Mushroom v28 BTC REST fallback refreshed stale tick | previous_age_ms=3063.0 threshold_ms=3000.0 source=coinbase_spot_rest
2026-05-08 15:57:28,710 | INFO | Mushroom v28 BTC REST fallback refreshed stale tick | previous_age_ms=3047.0 threshold_ms=3000.0 source=coinbase_spot_rest
2026-05-08 15:57:31,415 | INFO | Heartbeat | watch=KXBTC15M-26MAY081600-00 yes_bid=43 yes_ask=44 no_bid=56 no_ask=57 book_ready=True position=False pending=False dry_run=False trust=synced run_id=e155dace-5db4-4ab2-9b50-8916d812c42c
2026-05-08 15:57:32,399 | WARNING | Mushroom v28 BTC REST fallback failed | previous_age_ms=3016.0 threshold_ms=3000.0 error=btc_rest_fallback:404 Client Error: Not Found for url: https://api.coinbase.com/v2/prices/BTC-USD/spot
2026-05-08 15:57:32,400 | WARNING | Mushroom v28 BTC tick stream stale. Restarting | age_ms=3016.0 threshold_ms=3000.0 source=coinbase_spot_rest next_source=coinbase next_url=wss://ws-feed.exchange.coinbase.com
2026-05-08 15:57:32,627 | INFO | Mushroom v28 BTC tick stream connected | source=coinbase url=wss://ws-feed.exchange.coinbase.com
2026-05-08 15:57:36,371 | WARNING | Mushroom v28 BTC REST fallback failed | previous_age_ms=3015.0 threshold_ms=3000.0 error=btc_rest_fallback:404 Client Error: Not Found for url: https://api.coinbase.com/v2/prices/BTC-USD/spot
2026-05-08 15:57:36,380 | WARNING | Mushroom v28 BTC tick stream stale. Restarting | age_ms=3015.0 threshold_ms=3000.0 source=coinbase next_source=coinbase next_url=wss://ws-feed.exchange.coinbase.com
2026-05-08 15:57:36,583 | INFO | Mushroom v28 BTC tick stream connected | source=coinbase url=wss://ws-feed.exchange.coinbase.com
2026-05-08 15:57:40,205 | WARNING | Mushroom v28 BTC REST fallback failed | previous_age_ms=3047.0 threshold_ms=3000.0 error=btc_rest_fallback:404 Client Error: Not Found for url: https://api.coinbase.com/v2/prices/BTC-USD/spot
2026-05-08 15:57:40,215 | WARNING | Mushroom v28 BTC tick stream stale. Restarting | age_ms=3047.0 threshold_ms=3000.0 source=coinbase next_source=coinbase next_url=wss://ws-feed.exchange.coinbase.com
2026-05-08 15:57:40,421 | INFO | Mushroom v28 BTC tick stream connected | source=coinbase url=wss://ws-feed.exchange.coinbase.com
2026-05-08 15:57:44,186 | WARNING | Mushroom v28 BTC REST fallback failed | previous_age_ms=3031.0 threshold_ms=3000.0 error=btc_rest_fallback:404 Client Error: Not Found for url: https://api.coinbase.com/v2/prices/BTC-USD/spot
2026-05-08 15:57:44,195 | WARNING | Mushroom v28 BTC tick stream stale. Restarting | age_ms=3031.0 threshold_ms=3000.0 source=coinbase next_source=coinbase next_url=wss://ws-feed.exchange.coinbase.com
2026-05-08 15:57:44,376 | INFO | Mushroom v28 BTC tick stream connected | source=coinbase url=wss://ws-feed.exchange.coinbase.com
2026-05-08 15:57:46,422 | INFO | Heartbeat | watch=KXBTC15M-26MAY081600-00 yes_bid=53 yes_ask=54 no_bid=46 no_ask=47 book_ready=True position=False pending=False dry_run=False trust=synced run_id=e155dace-5db4-4ab2-9b50-8916d812c42c
2026-05-08 15:57:47,830 | WARNING | Mushroom v28 BTC REST fallback failed | previous_age_ms=3031.0 threshold_ms=3000.0 error=btc_rest_fallback:404 Client Error: Not Found for url: https://api.coinbase.com/v2/prices/BTC-USD/spot
2026-05-08 15:57:47,841 | WARNING | Mushroom v28 BTC tick stream stale. Restarting | age_ms=3031.0 threshold_ms=3000.0 source=coinbase next_source=coinbase next_url=wss://ws-feed.exchange.coinbase.com
2026-05-08 15:57:48,059 | INFO | Mushroom v28 BTC tick stream connected | source=coinbase url=wss://ws-feed.exchange.coinbase.com
2026-05-08 15:57:51,523 | WARNING | Mushroom v28 BTC REST fallback failed | previous_age_ms=3031.0 threshold_ms=3000.0 error=btc_rest_fallback:404 Client Error: Not Found for url: https://api.coinbase.com/v2/prices/BTC-USD/spot
2026-05-08 15:57:51,532 | WARNING | Mushroom v28 BTC tick stream stale. Restarting | age_ms=3031.0 threshold_ms=3000.0 source=coinbase next_source=coinbase next_url=wss://ws-feed.exchange.coinbase.com
2026-05-08 15:57:51,748 | INFO | Mushroom v28 BTC tick stream connected | source=coinbase url=wss://ws-feed.exchange.coinbase.com
2026-05-08 15:57:55,262 | WARNING | Mushroom v28 BTC REST fallback failed | previous_age_ms=3031.0 threshold_ms=3000.0 error=btc_rest_fallback:404 Client Error: Not Found for url: https://api.coinbase.com/v2/prices/BTC-USD/spot
2026-05-08 15:57:55,271 | WARNING | Mushroom v28 BTC tick stream stale. Restarting | age_ms=3031.0 threshold_ms=3000.0 source=coinbase next_source=coinbase next_url=wss://ws-feed.exchange.coinbase.com
2026-05-08 15:57:55,502 | INFO | Mushroom v28 BTC tick stream connected | source=coinbase url=wss://ws-feed.exchange.coinbase.com
2026-05-08 15:57:59,216 | WARNING | Mushroom v28 BTC REST fallback failed | previous_age_ms=3032.0 threshold_ms=3000.0 error=btc_rest_fallback:404 Client Error: Not Found for url: https://api.coinbase.com/v2/prices/BTC-USD/spot
2026-05-08 15:57:59,217 | WARNING | Mushroom v28 BTC tick stream stale. Restarting | age_ms=3032.0 threshold_ms=3000.0 source=coinbase next_source=coinbase next_url=wss://ws-feed.exchange.coinbase.com
2026-05-08 15:57:59,402 | INFO | Mushroom v28 BTC tick stream connected | source=coinbase url=wss://ws-feed.exchange.coinbase.com
2026-05-08 15:58:01,434 | INFO | Heartbeat | watch=KXBTC15M-26MAY081600-00 yes_bid=54 yes_ask=55 no_bid=45 no_ask=46 book_ready=True position=False pending=False dry_run=False trust=synced run_id=e155dace-5db4-4ab2-9b50-8916d812c42c
2026-05-08 15:58:03,025 | WARNING | Mushroom v28 BTC REST fallback failed | previous_age_ms=3016.0 threshold_ms=3000.0 error=btc_rest_fallback:404 Client Error: Not Found for url: https://api.coinbase.com/v2/prices/BTC-USD/spot
2026-05-08 15:58:03,026 | WARNING | Mushroom v28 BTC tick stream stale. Restarting | age_ms=3016.0 threshold_ms=3000.0 source=coinbase next_source=coinbase next_url=wss://ws-feed.exchange.coinbase.com
2026-05-08 15:58:03,221 | INFO | Mushroom v28 BTC tick stream connected | source=coinbase url=wss://ws-feed.exchange.coinbase.com
2026-05-08 15:58:06,979 | WARNING | Mushroom v28 BTC REST fallback failed | previous_age_ms=3047.0 threshold_ms=3000.0 error=btc_rest_fallback:404 Client Error: Not Found for url: https://api.coinbase.com/v2/prices/BTC-USD/spot
2026-05-08 15:58:06,980 | WARNING | Mushroom v28 BTC tick stream stale. Restarting | age_ms=3047.0 threshold_ms=3000.0 source=coinbase next_source=coinbase next_url=wss://ws-feed.exchange.coinbase.com
2026-05-08 15:58:07,150 | INFO | Mushroom v28 BTC tick stream connected | source=coinbase url=wss://ws-feed.exchange.coinbase.com
2026-05-08 15:58:10,942 | WARNING | Mushroom v28 BTC REST fallback failed | previous_age_ms=3015.0 threshold_ms=3000.0 error=btc_rest_fallback:404 Client Error: Not Found for url: https://api.coinbase.com/v2/prices/BTC-USD/spot
2026-05-08 15:58:10,952 | WARNING | Mushroom v28 BTC tick stream stale. Restarting | age_ms=3015.0 threshold_ms=3000.0 source=coinbase next_source=coinbase next_url=wss://ws-feed.exchange.coinbase.com
2026-05-08 15:58:11,145 | INFO | Mushroom v28 BTC tick stream connected | source=coinbase url=wss://ws-feed.exchange.coinbase.com
2026-05-08 15:58:14,944 | WARNING | Mushroom v28 BTC REST fallback failed | previous_age_ms=3032.0 threshold_ms=3000.0 error=btc_rest_fallback:404 Client Error: Not Found for url: https://api.coinbase.com/v2/prices/BTC-USD/spot
2026-05-08 15:58:14,953 | WARNING | Mushroom v28 BTC tick stream stale. Restarting | age_ms=3032.0 threshold_ms=3000.0 source=coinbase next_source=coinbase next_url=wss://ws-feed.exchange.coinbase.com
2026-05-08 15:58:15,150 | INFO | Mushroom v28 BTC tick stream connected | source=coinbase url=wss://ws-feed.exchange.coinbase.com
2026-05-08 15:58:16,458 | INFO | Heartbeat | watch=KXBTC15M-26MAY081600-00 yes_bid=79 yes_ask=80 no_bid=20 no_ask=21 book_ready=True position=False pending=False dry_run=False trust=synced run_id=e155dace-5db4-4ab2-9b50-8916d812c42c
2026-05-08 15:58:18,866 | WARNING | Mushroom v28 BTC REST fallback failed | previous_age_ms=3093.0 threshold_ms=3000.0 error=btc_rest_fallback:404 Client Error: Not Found for url: https://api.coinbase.com/v2/prices/BTC-USD/spot
2026-05-08 15:58:18,876 | WARNING | Mushroom v28 BTC tick stream stale. Restarting | age_ms=3093.0 threshold_ms=3000.0 source=coinbase next_source=coinbase next_url=wss://ws-feed.exchange.coinbase.com
2026-05-08 15:58:19,055 | INFO | Mushroom v28 BTC tick stream connected | source=coinbase url=wss://ws-feed.exchange.coinbase.com
2026-05-08 15:58:22,867 | WARNING | Mushroom v28 BTC REST fallback failed | previous_age_ms=3016.0 threshold_ms=3000.0 error=btc_rest_fallback:404 Client Error: Not Found for url: https://api.coinbase.com/v2/prices/BTC-USD/spot
2026-05-08 15:58:22,876 | WARNING | Mushroom v28 BTC tick stream stale. Restarting | age_ms=3016.0 threshold_ms=3000.0 source=coinbase next_source=coinbase next_url=wss://ws-feed.exchange.coinbase.com
2026-05-08 15:58:23,061 | INFO | Mushroom v28 BTC tick stream connected | source=coinbase url=wss://ws-feed.exchange.coinbase.com
2026-05-08 15:58:26,702 | WARNING | Mushroom v28 BTC REST fallback failed | previous_age_ms=3016.0 threshold_ms=3000.0 error=btc_rest_fallback:404 Client Error: Not Found for url: https://api.coinbase.com/v2/prices/BTC-USD/spot
2026-05-08 15:58:26,711 | WARNING | Mushroom v28 BTC tick stream stale. Restarting | age_ms=3016.0 threshold_ms=3000.0 source=coinbase next_source=coinbase next_url=wss://ws-feed.exchange.coinbase.com
2026-05-08 15:58:26,892 | INFO | Mushroom v28 BTC tick stream connected | source=coinbase url=wss://ws-feed.exchange.coinbase.com
2026-05-08 15:58:30,568 | WARNING | Mushroom v28 BTC REST fallback failed | previous_age_ms=3047.0 threshold_ms=3000.0 error=btc_rest_fallback:404 Client Error: Not Found for url: https://api.coinbase.com/v2/prices/BTC-USD/spot
2026-05-08 15:58:30,577 | WARNING | Mushroom v28 BTC tick stream stale. Restarting | age_ms=3047.0 threshold_ms=3000.0 source=coinbase next_source=coinbase next_url=wss://ws-feed.exchange.coinbase.com
2026-05-08 15:58:30,784 | INFO | Mushroom v28 BTC tick stream connected | source=coinbase url=wss://ws-feed.exchange.coinbase.com
2026-05-08 15:58:31,460 | INFO | Heartbeat | watch=KXBTC15M-26MAY081600-00 yes_bid=85 yes_ask=86 no_bid=14 no_ask=15 book_ready=True position=False pending=False dry_run=False trust=synced run_id=e155dace-5db4-4ab2-9b50-8916d812c42c
2026-05-08 15:58:34,281 | WARNING | Mushroom v28 BTC REST fallback failed | previous_age_ms=3016.0 threshold_ms=3000.0 error=btc_rest_fallback:404 Client Error: Not Found for url: https://api.coinbase.com/v2/prices/BTC-USD/spot
2026-05-08 15:58:34,282 | WARNING | Mushroom v28 BTC tick stream stale. Restarting | age_ms=3016.0 threshold_ms=3000.0 source=coinbase next_source=coinbase next_url=wss://ws-feed.exchange.coinbase.com
2026-05-08 15:58:34,454 | INFO | Mushroom v28 BTC tick stream connected | source=coinbase url=wss://ws-feed.exchange.coinbase.com
2026-05-08 15:58:38,295 | WARNING | Mushroom v28 BTC REST fallback failed | previous_age_ms=3031.0 threshold_ms=3000.0 error=btc_rest_fallback:404 Client Error: Not Found for url: https://api.coinbase.com/v2/prices/BTC-USD/spot
2026-05-08 15:58:38,304 | WARNING | Mushroom v28 BTC tick stream stale. Restarting | age_ms=3031.0 threshold_ms=3000.0 source=coinbase next_source=coinbase next_url=wss://ws-feed.exchange.coinbase.com
2026-05-08 15:58:38,509 | INFO | Mushroom v28 BTC tick stream connected | source=coinbase url=wss://ws-feed.exchange.coinbase.com
2026-05-08 15:58:42,102 | WARNING | Mushroom v28 BTC REST fallback failed | previous_age_ms=3047.0 threshold_ms=3000.0 error=btc_rest_fallback:404 Client Error: Not Found for url: https://api.coinbase.com/v2/prices/BTC-USD/spot
2026-05-08 15:58:42,103 | WARNING | Mushroom v28 BTC tick stream stale. Restarting | age_ms=3047.0 threshold_ms=3000.0 source=coinbase next_source=coinbase next_url=wss://ws-feed.exchange.coinbase.com
2026-05-08 15:58:42,279 | INFO | Mushroom v28 BTC tick stream connected | source=coinbase url=wss://ws-feed.exchange.coinbase.com
2026-05-08 15:58:45,721 | WARNING | Mushroom v28 BTC REST fallback failed | previous_age_ms=3047.0 threshold_ms=3000.0 error=btc_rest_fallback:404 Client Error: Not Found for url: https://api.coinbase.com/v2/prices/BTC-USD/spot
2026-05-08 15:58:45,731 | WARNING | Mushroom v28 BTC tick stream stale. Restarting | age_ms=3047.0 threshold_ms=3000.0 source=coinbase next_source=coinbase next_url=wss://ws-feed.exchange.coinbase.com
2026-05-08 15:58:45,924 | INFO | Mushroom v28 BTC tick stream connected | source=coinbase url=wss://ws-feed.exchange.coinbase.com
2026-05-08 15:58:46,489 | INFO | Heartbeat | watch=KXBTC15M-26MAY081600-00 yes_bid=93 yes_ask=93 no_bid=7 no_ask=7 book_ready=True position=False pending=False dry_run=False trust=synced run_id=e155dace-5db4-4ab2-9b50-8916d812c42c
2026-05-08 15:58:49,417 | WARNING | Mushroom v28 BTC REST fallback failed | previous_age_ms=3047.0 threshold_ms=3000.0 error=btc_rest_fallback:404 Client Error: Not Found for url: https://api.coinbase.com/v2/prices/BTC-USD/spot
2026-05-08 15:58:49,418 | WARNING | Mushroom v28 BTC tick stream stale. Restarting | age_ms=3047.0 threshold_ms=3000.0 source=coinbase next_source=coinbase next_url=wss://ws-feed.exchange.coinbase.com
2026-05-08 15:58:49,594 | INFO | Mushroom v28 BTC tick stream connected | source=coinbase url=wss://ws-feed.exchange.coinbase.com
2026-05-08 15:58:53,187 | WARNING | Mushroom v28 BTC REST fallback failed | previous_age_ms=3047.0 threshold_ms=3000.0 error=btc_rest_fallback:404 Client Error: Not Found for url: https://api.coinbase.com/v2/prices/BTC-USD/spot
2026-05-08 15:58:53,196 | WARNING | Mushroom v28 BTC tick stream stale. Restarting | age_ms=3047.0 threshold_ms=3000.0 source=coinbase next_source=coinbase next_url=wss://ws-feed.exchange.coinbase.com
2026-05-08 15:58:53,381 | INFO | Mushroom v28 BTC tick stream connected | source=coinbase url=wss://ws-feed.exchange.coinbase.com
2026-05-08 15:58:56,948 | WARNING | Mushroom v28 BTC REST fallback failed | previous_age_ms=3047.0 threshold_ms=3000.0 error=btc_rest_fallback:404 Client Error: Not Found for url: https://api.coinbase.com/v2/prices/BTC-USD/spot
2026-05-08 15:58:56,957 | WARNING | Mushroom v28 BTC tick stream stale. Restarting | age_ms=3047.0 threshold_ms=3000.0 source=coinbase next_source=coinbase next_url=wss://ws-feed.exchange.coinbase.com
2026-05-08 15:58:57,123 | INFO | Mushroom v28 BTC tick stream connected | source=coinbase url=wss://ws-feed.exchange.coinbase.com
2026-05-08 15:59:00,622 | WARNING | Mushroom v28 BTC REST fallback failed | previous_age_ms=3031.0 threshold_ms=3000.0 error=btc_rest_fallback:404 Client Error: Not Found for url: https://api.coinbase.com/v2/prices/BTC-USD/spot
2026-05-08 15:59:00,631 | WARNING | Mushroom v28 BTC tick stream stale. Restarting | age_ms=3031.0 threshold_ms=3000.0 source=coinbase next_source=coinbase next_url=wss://ws-feed.exchange.coinbase.com
2026-05-08 15:59:00,873 | INFO | Mushroom v28 BTC tick stream connected | source=coinbase url=wss://ws-feed.exchange.coinbase.com
2026-05-08 15:59:01,512 | INFO | Heartbeat | watch=KXBTC15M-26MAY081600-00 yes_bid=91 yes_ask=93 no_bid=7 no_ask=9 book_ready=True position=False pending=False dry_run=False trust=synced run_id=e155dace-5db4-4ab2-9b50-8916d812c42c
2026-05-08 15:59:04,382 | WARNING | Mushroom v28 BTC REST fallback failed | previous_age_ms=3032.0 threshold_ms=3000.0 error=btc_rest_fallback:404 Client Error: Not Found for url: https://api.coinbase.com/v2/prices/BTC-USD/spot
2026-05-08 15:59:04,391 | WARNING | Mushroom v28 BTC tick stream stale. Restarting | age_ms=3032.0 threshold_ms=3000.0 source=coinbase next_source=coinbase next_url=wss://ws-feed.exchange.coinbase.com
2026-05-08 15:59:04,590 | INFO | Mushroom v28 BTC tick stream connected | source=coinbase url=wss://ws-feed.exchange.coinbase.com
2026-05-08 15:59:07,992 | WARNING | Mushroom v28 BTC REST fallback failed | previous_age_ms=3047.0 threshold_ms=3000.0 error=btc_rest_fallback:404 Client Error: Not Found for url: https://api.coinbase.com/v2/prices/BTC-USD/spot
2026-05-08 15:59:08,001 | WARNING | Mushroom v28 BTC tick stream stale. Restarting | age_ms=3047.0 threshold_ms=3000.0 source=coinbase next_source=coinbase next_url=wss://ws-feed.exchange.coinbase.com
2026-05-08 15:59:08,245 | INFO | Mushroom v28 BTC tick stream connected | source=coinbase url=wss://ws-feed.exchange.coinbase.com
2026-05-08 15:59:11,754 | WARNING | Mushroom v28 BTC REST fallback failed | previous_age_ms=3047.0 threshold_ms=3000.0 error=btc_rest_fallback:404 Client Error: Not Found for url: https://api.coinbase.com/v2/prices/BTC-USD/spot
2026-05-08 15:59:11,755 | WARNING | Mushroom v28 BTC tick stream stale. Restarting | age_ms=3047.0 threshold_ms=3000.0 source=coinbase next_source=coinbase next_url=wss://ws-feed.exchange.coinbase.com
2026-05-08 15:59:12,079 | INFO | Mushroom v28 BTC tick stream connected | source=coinbase url=wss://ws-feed.exchange.coinbase.com
2026-05-08 15:59:16,536 | INFO | Heartbeat | watch=KXBTC15M-26MAY081600-00 yes_bid=92 yes_ask=97 no_bid=3 no_ask=8 book_ready=True position=False pending=False dry_run=False trust=synced run_id=e155dace-5db4-4ab2-9b50-8916d812c42c
2026-05-08 15:59:31,554 | INFO | Heartbeat | watch=KXBTC15M-26MAY081600-00 yes_bid=73 yes_ask=74 no_bid=26 no_ask=27 book_ready=True position=False pending=False dry_run=False trust=synced run_id=e155dace-5db4-4ab2-9b50-8916d812c42c
2026-05-08 15:59:46,570 | INFO | Heartbeat | watch=KXBTC15M-26MAY081600-00 yes_bid=99 yes_ask=100 no_bid=0 no_ask=1 book_ready=True position=False pending=False dry_run=False trust=synced run_id=e155dace-5db4-4ab2-9b50-8916d812c42c
2026-05-08 16:00:01,569 | INFO | Heartbeat | watch=KXBTC15M-26MAY081600-00 yes_bid=100 yes_ask=100 no_bid=0 no_ask=0 book_ready=True position=False pending=False dry_run=False trust=synced run_id=e155dace-5db4-4ab2-9b50-8916d812c42c
2026-05-08 16:00:06,652 | INFO | Mushroom v28 BTC REST fallback refreshed stale tick | previous_age_ms=3031.0 threshold_ms=3000.0 source=coinbase_spot_rest
2026-05-08 16:00:06,843 | INFO | Orderbook snapshot ready for KXBTC15M-26MAY081600-00
2026-05-08 16:00:10,241 | INFO | Mushroom v28 BTC REST fallback refreshed stale tick | previous_age_ms=3016.0 threshold_ms=3000.0 source=coinbase_spot_rest
2026-05-08 16:00:13,715 | INFO | Mushroom v28 BTC REST fallback refreshed stale tick | previous_age_ms=3063.0 threshold_ms=3000.0 source=coinbase_spot_rest
2026-05-08 16:00:16,572 | INFO | Heartbeat | watch=KXBTC15M-26MAY081600-00 yes_bid=0 yes_ask=100 no_bid=0 no_ask=100 book_ready=True position=False pending=False dry_run=False trust=synced run_id=e155dace-5db4-4ab2-9b50-8916d812c42c
2026-05-08 16:00:31,607 | INFO | Heartbeat | watch=KXBTC15M-26MAY081600-00 yes_bid=0 yes_ask=100 no_bid=0 no_ask=100 book_ready=True position=False pending=False dry_run=False trust=synced run_id=e155dace-5db4-4ab2-9b50-8916d812c42c
2026-05-08 16:00:32,073 | INFO | Watching market KXBTC15M-26MAY081615-15 close_time=2026-05-08T20:15:00Z status=active strike=80118.58 run_id=e155dace-5db4-4ab2-9b50-8916d812c42c
2026-05-08 16:00:32,238 | INFO | WS connected for KXBTC15M-26MAY081615-15
2026-05-08 16:00:32,271 | INFO | WS subscribed payload: {'type': 'subscribed', 'id': 14, 'msg': {'channel': 'ticker', 'sid': 1}}
2026-05-08 16:00:32,271 | INFO | WS subscribed payload: {'type': 'subscribed', 'id': 14, 'msg': {'channel': 'orderbook_delta', 'sid': 2}}
2026-05-08 16:00:32,272 | INFO | Orderbook snapshot ready for KXBTC15M-26MAY081615-15
2026-05-08 16:00:41,253 | INFO | Mushroom v28 BTC REST fallback refreshed stale tick | previous_age_ms=3031.0 threshold_ms=3000.0 source=coinbase_spot_rest
2026-05-08 16:00:46,599 | INFO | Heartbeat | watch=KXBTC15M-26MAY081615-15 yes_bid=59 yes_ask=60 no_bid=40 no_ask=41 book_ready=True position=False pending=False dry_run=False trust=synced run_id=e155dace-5db4-4ab2-9b50-8916d812c42c
2026-05-08 16:01:01,622 | INFO | Heartbeat | watch=KXBTC15M-26MAY081615-15 yes_bid=56 yes_ask=58 no_bid=42 no_ask=44 book_ready=True position=False pending=False dry_run=False trust=synced run_id=e155dace-5db4-4ab2-9b50-8916d812c42c
2026-05-08 16:01:16,635 | INFO | Heartbeat | watch=KXBTC15M-26MAY081615-15 yes_bid=57 yes_ask=58 no_bid=42 no_ask=43 book_ready=True position=False pending=False dry_run=False trust=synced run_id=e155dace-5db4-4ab2-9b50-8916d812c42c
2026-05-08 16:01:31,631 | INFO | Heartbeat | watch=KXBTC15M-26MAY081615-15 yes_bid=62 yes_ask=63 no_bid=37 no_ask=38 book_ready=True position=False pending=False dry_run=False trust=synced run_id=e155dace-5db4-4ab2-9b50-8916d812c42c
2026-05-08 16:01:46,656 | INFO | Heartbeat | watch=KXBTC15M-26MAY081615-15 yes_bid=66 yes_ask=67 no_bid=33 no_ask=34 book_ready=True position=False pending=False dry_run=False trust=synced run_id=e155dace-5db4-4ab2-9b50-8916d812c42c
2026-05-08 16:02:01,679 | INFO | Heartbeat | watch=KXBTC15M-26MAY081615-15 yes_bid=69 yes_ask=70 no_bid=30 no_ask=31 book_ready=True position=False pending=False dry_run=False trust=synced run_id=e155dace-5db4-4ab2-9b50-8916d812c42c
2026-05-08 16:02:16,734 | INFO | Heartbeat | watch=KXBTC15M-26MAY081615-15 yes_bid=69 yes_ask=70 no_bid=30 no_ask=31 book_ready=True position=False pending=False dry_run=False trust=synced run_id=e155dace-5db4-4ab2-9b50-8916d812c42c
2026-05-08 16:02:31,759 | INFO | Heartbeat | watch=KXBTC15M-26MAY081615-15 yes_bid=73 yes_ask=74 no_bid=26 no_ask=27 book_ready=True position=False pending=False dry_run=False trust=synced run_id=e155dace-5db4-4ab2-9b50-8916d812c42c
2026-05-08 16:02:46,796 | INFO | Heartbeat | watch=KXBTC15M-26MAY081615-15 yes_bid=70 yes_ask=71 no_bid=29 no_ask=30 book_ready=True position=False pending=False dry_run=False trust=synced run_id=e155dace-5db4-4ab2-9b50-8916d812c42c
2026-05-08 16:03:01,811 | INFO | Heartbeat | watch=KXBTC15M-26MAY081615-15 yes_bid=71 yes_ask=72 no_bid=28 no_ask=29 book_ready=True position=False pending=False dry_run=False trust=synced run_id=e155dace-5db4-4ab2-9b50-8916d812c42c
2026-05-08 16:03:16,826 | INFO | Heartbeat | watch=KXBTC15M-26MAY081615-15 yes_bid=72 yes_ask=73 no_bid=27 no_ask=28 book_ready=True position=False pending=False dry_run=False trust=synced run_id=e155dace-5db4-4ab2-9b50-8916d812c42c
2026-05-08 16:03:24,678 | INFO | Mushroom v28 BTC REST fallback refreshed stale tick | previous_age_ms=3062.0 threshold_ms=3000.0 source=coinbase_spot_rest
2026-05-08 16:03:31,846 | INFO | Heartbeat | watch=KXBTC15M-26MAY081615-15 yes_bid=71 yes_ask=72 no_bid=28 no_ask=29 book_ready=True position=False pending=False dry_run=False trust=synced run_id=e155dace-5db4-4ab2-9b50-8916d812c42c
2026-05-08 16:03:46,862 | INFO | Heartbeat | watch=KXBTC15M-26MAY081615-15 yes_bid=63 yes_ask=64 no_bid=36 no_ask=37 book_ready=True position=False pending=False dry_run=False trust=synced run_id=e155dace-5db4-4ab2-9b50-8916d812c42c
2026-05-08 16:04:01,883 | INFO | Heartbeat | watch=KXBTC15M-26MAY081615-15 yes_bid=69 yes_ask=70 no_bid=30 no_ask=31 book_ready=True position=False pending=False dry_run=False trust=synced run_id=e155dace-5db4-4ab2-9b50-8916d812c42c
2026-05-08 16:04:16,893 | INFO | Heartbeat | watch=KXBTC15M-26MAY081615-15 yes_bid=67 yes_ask=68 no_bid=32 no_ask=33 book_ready=True position=False pending=False dry_run=False trust=synced run_id=e155dace-5db4-4ab2-9b50-8916d812c42c
2026-05-08 16:04:31,885 | INFO | Heartbeat | watch=KXBTC15M-26MAY081615-15 yes_bid=66 yes_ask=68 no_bid=32 no_ask=34 book_ready=True position=False pending=False dry_run=False trust=synced run_id=e155dace-5db4-4ab2-9b50-8916d812c42c
2026-05-08 16:04:46,900 | INFO | Heartbeat | watch=KXBTC15M-26MAY081615-15 yes_bid=70 yes_ask=71 no_bid=29 no_ask=30 book_ready=True position=False pending=False dry_run=False trust=synced run_id=e155dace-5db4-4ab2-9b50-8916d812c42c
2026-05-08 16:05:01,941 | INFO | Heartbeat | watch=KXBTC15M-26MAY081615-15 yes_bid=67 yes_ask=68 no_bid=32 no_ask=33 book_ready=True position=False pending=False dry_run=False trust=synced run_id=e155dace-5db4-4ab2-9b50-8916d812c42c
2026-05-08 16:05:16,968 | INFO | Heartbeat | watch=KXBTC15M-26MAY081615-15 yes_bid=67 yes_ask=68 no_bid=32 no_ask=33 book_ready=True position=False pending=False dry_run=False trust=synced run_id=e155dace-5db4-4ab2-9b50-8916d812c42c
2026-05-08 16:05:31,961 | INFO | Heartbeat | watch=KXBTC15M-26MAY081615-15 yes_bid=64 yes_ask=65 no_bid=35 no_ask=36 book_ready=True position=False pending=False dry_run=False trust=synced run_id=e155dace-5db4-4ab2-9b50-8916d812c42c
2026-05-08 16:05:46,975 | INFO | Heartbeat | watch=KXBTC15M-26MAY081615-15 yes_bid=62 yes_ask=63 no_bid=37 no_ask=38 book_ready=True position=False pending=False dry_run=False trust=synced run_id=e155dace-5db4-4ab2-9b50-8916d812c42c
2026-05-08 16:06:02,003 | INFO | Heartbeat | watch=KXBTC15M-26MAY081615-15 yes_bid=66 yes_ask=67 no_bid=33 no_ask=34 book_ready=True position=False pending=False dry_run=False trust=synced run_id=e155dace-5db4-4ab2-9b50-8916d812c42c
2026-05-08 16:06:17,006 | INFO | Heartbeat | watch=KXBTC15M-26MAY081615-15 yes_bid=77 yes_ask=78 no_bid=22 no_ask=23 book_ready=True position=False pending=False dry_run=False trust=synced run_id=e155dace-5db4-4ab2-9b50-8916d812c42c
2026-05-08 16:06:32,027 | INFO | Heartbeat | watch=KXBTC15M-26MAY081615-15 yes_bid=75 yes_ask=77 no_bid=23 no_ask=25 book_ready=True position=False pending=False dry_run=False trust=synced run_id=e155dace-5db4-4ab2-9b50-8916d812c42c
2026-05-08 16:06:47,056 | INFO | Heartbeat | watch=KXBTC15M-26MAY081615-15 yes_bid=74 yes_ask=75 no_bid=25 no_ask=26 book_ready=True position=False pending=False dry_run=False trust=synced run_id=e155dace-5db4-4ab2-9b50-8916d812c42c
2026-05-08 16:07:02,084 | INFO | Heartbeat | watch=KXBTC15M-26MAY081615-15 yes_bid=75 yes_ask=76 no_bid=24 no_ask=25 book_ready=True position=False pending=False dry_run=False trust=synced run_id=e155dace-5db4-4ab2-9b50-8916d812c42c
2026-05-08 16:07:17,088 | INFO | Heartbeat | watch=KXBTC15M-26MAY081615-15 yes_bid=75 yes_ask=76 no_bid=24 no_ask=25 book_ready=True position=False pending=False dry_run=False trust=synced run_id=e155dace-5db4-4ab2-9b50-8916d812c42c
2026-05-08 16:07:32,094 | INFO | Heartbeat | watch=KXBTC15M-26MAY081615-15 yes_bid=66 yes_ask=67 no_bid=33 no_ask=34 book_ready=True position=False pending=False dry_run=False trust=synced run_id=e155dace-5db4-4ab2-9b50-8916d812c42c
2026-05-08 16:07:47,108 | INFO | Heartbeat | watch=KXBTC15M-26MAY081615-15 yes_bid=66 yes_ask=68 no_bid=32 no_ask=34 book_ready=True position=False pending=False dry_run=False trust=synced run_id=e155dace-5db4-4ab2-9b50-8916d812c42c
2026-05-08 16:08:02,113 | INFO | Heartbeat | watch=KXBTC15M-26MAY081615-15 yes_bid=73 yes_ask=74 no_bid=26 no_ask=27 book_ready=True position=False pending=False dry_run=False trust=synced run_id=e155dace-5db4-4ab2-9b50-8916d812c42c
2026-05-08 16:08:17,142 | INFO | Heartbeat | watch=KXBTC15M-26MAY081615-15 yes_bid=71 yes_ask=72 no_bid=28 no_ask=29 book_ready=True position=False pending=False dry_run=False trust=synced run_id=e155dace-5db4-4ab2-9b50-8916d812c42c
2026-05-08 16:08:32,151 | INFO | Heartbeat | watch=KXBTC15M-26MAY081615-15 yes_bid=81 yes_ask=82 no_bid=18 no_ask=19 book_ready=True position=False pending=False dry_run=False trust=synced run_id=e155dace-5db4-4ab2-9b50-8916d812c42c
2026-05-08 16:08:43,863 | INFO | Mushroom v28 BTC REST fallback refreshed stale tick | previous_age_ms=3031.0 threshold_ms=3000.0 source=coinbase_spot_rest
2026-05-08 16:08:47,163 | INFO | Heartbeat | watch=KXBTC15M-26MAY081615-15 yes_bid=84 yes_ask=85 no_bid=15 no_ask=16 book_ready=True position=False pending=False dry_run=False trust=synced run_id=e155dace-5db4-4ab2-9b50-8916d812c42c
2026-05-08 16:08:57,819 | INFO | Mushroom v28 BTC REST fallback refreshed stale tick | previous_age_ms=3031.0 threshold_ms=3000.0 source=coinbase_spot_rest
2026-05-08 16:09:02,178 | INFO | Heartbeat | watch=KXBTC15M-26MAY081615-15 yes_bid=87 yes_ask=89 no_bid=11 no_ask=13 book_ready=True position=False pending=False dry_run=False trust=synced run_id=e155dace-5db4-4ab2-9b50-8916d812c42c
2026-05-08 16:09:17,197 | INFO | Heartbeat | watch=KXBTC15M-26MAY081615-15 yes_bid=87 yes_ask=88 no_bid=12 no_ask=13 book_ready=True position=False pending=False dry_run=False trust=synced run_id=e155dace-5db4-4ab2-9b50-8916d812c42c
2026-05-08 16:09:22,955 | INFO | Mushroom v28 BTC REST fallback refreshed stale tick | previous_age_ms=3047.0 threshold_ms=3000.0 source=coinbase_spot_rest
2026-05-08 16:09:26,503 | INFO | Mushroom v28 BTC REST fallback refreshed stale tick | previous_age_ms=3110.0 threshold_ms=3000.0 source=coinbase_spot_rest
2026-05-08 16:09:32,228 | INFO | Heartbeat | watch=KXBTC15M-26MAY081615-15 yes_bid=85 yes_ask=87 no_bid=13 no_ask=15 book_ready=True position=False pending=False dry_run=False trust=synced run_id=e155dace-5db4-4ab2-9b50-8916d812c42c
2026-05-08 16:09:47,257 | INFO | Heartbeat | watch=KXBTC15M-26MAY081615-15 yes_bid=89 yes_ask=90 no_bid=10 no_ask=11 book_ready=True position=False pending=False dry_run=False trust=synced run_id=e155dace-5db4-4ab2-9b50-8916d812c42c
2026-05-08 16:10:02,281 | INFO | Heartbeat | watch=KXBTC15M-26MAY081615-15 yes_bid=90 yes_ask=90 no_bid=10 no_ask=10 book_ready=True position=False pending=False dry_run=False trust=synced run_id=e155dace-5db4-4ab2-9b50-8916d812c42c
2026-05-08 16:10:17,274 | INFO | Heartbeat | watch=KXBTC15M-26MAY081615-15 yes_bid=93 yes_ask=94 no_bid=6 no_ask=7 book_ready=True position=False pending=False dry_run=False trust=synced run_id=e155dace-5db4-4ab2-9b50-8916d812c42c
2026-05-08 16:10:32,386 | INFO | Heartbeat | watch=KXBTC15M-26MAY081615-15 yes_bid=96 yes_ask=97 no_bid=3 no_ask=4 book_ready=True position=False pending=False dry_run=False trust=synced run_id=e155dace-5db4-4ab2-9b50-8916d812c42c
2026-05-08 16:10:47,424 | INFO | Heartbeat | watch=KXBTC15M-26MAY081615-15 yes_bid=96 yes_ask=96 no_bid=4 no_ask=4 book_ready=True position=False pending=False dry_run=False trust=synced run_id=e155dace-5db4-4ab2-9b50-8916d812c42c
2026-05-08 16:11:02,420 | INFO | Heartbeat | watch=KXBTC15M-26MAY081615-15 yes_bid=97 yes_ask=98 no_bid=2 no_ask=3 book_ready=True position=False pending=False dry_run=False trust=synced run_id=e155dace-5db4-4ab2-9b50-8916d812c42c
2026-05-08 16:11:12,846 | INFO | Mushroom v28 BTC REST fallback refreshed stale tick | previous_age_ms=3047.0 threshold_ms=3000.0 source=coinbase_spot_rest
2026-05-08 16:11:17,452 | INFO | Heartbeat | watch=KXBTC15M-26MAY081615-15 yes_bid=98 yes_ask=98 no_bid=2 no_ask=2 book_ready=True position=False pending=False dry_run=False trust=synced run_id=e155dace-5db4-4ab2-9b50-8916d812c42c
2026-05-08 16:11:32,481 | INFO | Heartbeat | watch=KXBTC15M-26MAY081615-15 yes_bid=98 yes_ask=99 no_bid=1 no_ask=2 book_ready=True position=False pending=False dry_run=False trust=synced run_id=e155dace-5db4-4ab2-9b50-8916d812c42c
2026-05-08 16:11:47,523 | INFO | Heartbeat | watch=KXBTC15M-26MAY081615-15 yes_bid=97 yes_ask=98 no_bid=2 no_ask=3 book_ready=True position=False pending=False dry_run=False trust=synced run_id=e155dace-5db4-4ab2-9b50-8916d812c42c
2026-05-08 16:12:02,530 | INFO | Heartbeat | watch=KXBTC15M-26MAY081615-15 yes_bid=97 yes_ask=98 no_bid=2 no_ask=3 book_ready=True position=False pending=False dry_run=False trust=synced run_id=e155dace-5db4-4ab2-9b50-8916d812c42c
2026-05-08 16:12:17,543 | INFO | Heartbeat | watch=KXBTC15M-26MAY081615-15 yes_bid=99 yes_ask=99 no_bid=1 no_ask=1 book_ready=True position=False pending=False dry_run=False trust=synced run_id=e155dace-5db4-4ab2-9b50-8916d812c42c
2026-05-08 16:12:32,578 | INFO | Heartbeat | watch=KXBTC15M-26MAY081615-15 yes_bid=99 yes_ask=100 no_bid=0 no_ask=1 book_ready=True position=False pending=False dry_run=False trust=synced run_id=e155dace-5db4-4ab2-9b50-8916d812c42c
2026-05-08 16:12:47,606 | INFO | Heartbeat | watch=KXBTC15M-26MAY081615-15 yes_bid=99 yes_ask=99 no_bid=1 no_ask=1 book_ready=True position=False pending=False dry_run=False trust=synced run_id=e155dace-5db4-4ab2-9b50-8916d812c42c
2026-05-08 16:13:02,637 | INFO | Heartbeat | watch=KXBTC15M-26MAY081615-15 yes_bid=99 yes_ask=100 no_bid=0 no_ask=1 book_ready=True position=False pending=False dry_run=False trust=synced run_id=e155dace-5db4-4ab2-9b50-8916d812c42c
2026-05-08 16:13:17,674 | INFO | Heartbeat | watch=KXBTC15M-26MAY081615-15 yes_bid=100 yes_ask=100 no_bid=0 no_ask=0 book_ready=True position=False pending=False dry_run=False trust=synced run_id=e155dace-5db4-4ab2-9b50-8916d812c42c
2026-05-08 16:13:32,720 | INFO | Heartbeat | watch=KXBTC15M-26MAY081615-15 yes_bid=100 yes_ask=100 no_bid=0 no_ask=0 book_ready=True position=False pending=False dry_run=False trust=synced run_id=e155dace-5db4-4ab2-9b50-8916d812c42c
2026-05-08 16:13:47,760 | INFO | Heartbeat | watch=KXBTC15M-26MAY081615-15 yes_bid=100 yes_ask=100 no_bid=0 no_ask=0 book_ready=True position=False pending=False dry_run=False trust=synced run_id=e155dace-5db4-4ab2-9b50-8916d812c42c
2026-05-08 16:14:02,770 | INFO | Heartbeat | watch=KXBTC15M-26MAY081615-15 yes_bid=100 yes_ask=100 no_bid=0 no_ask=0 book_ready=True position=False pending=False dry_run=False trust=synced run_id=e155dace-5db4-4ab2-9b50-8916d812c42c
2026-05-08 16:14:17,789 | INFO | Heartbeat | watch=KXBTC15M-26MAY081615-15 yes_bid=100 yes_ask=100 no_bid=0 no_ask=0 book_ready=True position=False pending=False dry_run=False trust=synced run_id=e155dace-5db4-4ab2-9b50-8916d812c42c
2026-05-08 16:14:32,803 | INFO | Heartbeat | watch=KXBTC15M-26MAY081615-15 yes_bid=100 yes_ask=100 no_bid=0 no_ask=0 book_ready=True position=False pending=False dry_run=False trust=synced run_id=e155dace-5db4-4ab2-9b50-8916d812c42c
2026-05-08 16:14:47,804 | INFO | Heartbeat | watch=KXBTC15M-26MAY081615-15 yes_bid=100 yes_ask=100 no_bid=0 no_ask=0 book_ready=True position=False pending=False dry_run=False trust=synced run_id=e155dace-5db4-4ab2-9b50-8916d812c42c
2026-05-08 16:15:02,836 | INFO | Heartbeat | watch=KXBTC15M-26MAY081615-15 yes_bid=0 yes_ask=100 no_bid=0 no_ask=100 book_ready=True position=False pending=False dry_run=False trust=synced run_id=e155dace-5db4-4ab2-9b50-8916d812c42c
2026-05-08 16:15:06,146 | INFO | Orderbook snapshot ready for KXBTC15M-26MAY081615-15
2026-05-08 16:15:17,886 | INFO | Heartbeat | watch=KXBTC15M-26MAY081615-15 yes_bid=0 yes_ask=100 no_bid=0 no_ask=100 book_ready=True position=False pending=False dry_run=False trust=synced run_id=e155dace-5db4-4ab2-9b50-8916d812c42c
2026-05-08 16:15:32,104 | INFO | Watching market KXBTC15M-26MAY081630-30 close_time=2026-05-08T20:30:00Z status=active strike=80220.90 run_id=e155dace-5db4-4ab2-9b50-8916d812c42c
2026-05-08 16:15:32,254 | INFO | WS connected for KXBTC15M-26MAY081630-30
2026-05-08 16:15:32,287 | INFO | WS subscribed payload: {'type': 'subscribed', 'id': 15, 'msg': {'channel': 'ticker', 'sid': 1}}
2026-05-08 16:15:32,287 | INFO | WS subscribed payload: {'type': 'subscribed', 'id': 15, 'msg': {'channel': 'orderbook_delta', 'sid': 2}}
2026-05-08 16:15:32,287 | INFO | Orderbook snapshot ready for KXBTC15M-26MAY081630-30
2026-05-08 16:15:32,905 | INFO | Heartbeat | watch=KXBTC15M-26MAY081630-30 yes_bid=None yes_ask=None no_bid=None no_ask=None book_ready=True position=False pending=False dry_run=False trust=synced run_id=e155dace-5db4-4ab2-9b50-8916d812c42c
2026-05-08 16:15:47,732 | INFO | Mushroom v28 BTC REST fallback refreshed stale tick | previous_age_ms=3016.0 threshold_ms=3000.0 source=coinbase_spot_rest
2026-05-08 16:15:47,906 | INFO | Heartbeat | watch=KXBTC15M-26MAY081630-30 yes_bid=46 yes_ask=47 no_bid=53 no_ask=54 book_ready=True position=False pending=False dry_run=False trust=synced run_id=e155dace-5db4-4ab2-9b50-8916d812c42c
2026-05-08 16:16:02,954 | INFO | Heartbeat | watch=KXBTC15M-26MAY081630-30 yes_bid=49 yes_ask=50 no_bid=50 no_ask=51 book_ready=True position=False pending=False dry_run=False trust=synced run_id=e155dace-5db4-4ab2-9b50-8916d812c42c
2026-05-08 16:16:17,969 | INFO | Heartbeat | watch=KXBTC15M-26MAY081630-30 yes_bid=55 yes_ask=56 no_bid=44 no_ask=45 book_ready=True position=False pending=False dry_run=False trust=synced run_id=e155dace-5db4-4ab2-9b50-8916d812c42c
2026-05-08 16:16:33,019 | INFO | Heartbeat | watch=KXBTC15M-26MAY081630-30 yes_bid=64 yes_ask=65 no_bid=35 no_ask=36 book_ready=True position=False pending=False dry_run=False trust=synced run_id=e155dace-5db4-4ab2-9b50-8916d812c42c
2026-05-08 16:16:48,036 | INFO | Heartbeat | watch=KXBTC15M-26MAY081630-30 yes_bid=65 yes_ask=66 no_bid=34 no_ask=35 book_ready=True position=False pending=False dry_run=False trust=synced run_id=e155dace-5db4-4ab2-9b50-8916d812c42c
2026-05-08 16:16:58,664 | INFO | Mushroom v28 BTC REST fallback refreshed stale tick | previous_age_ms=3016.0 threshold_ms=3000.0 source=coinbase_spot_rest
2026-05-08 16:17:03,054 | INFO | Heartbeat | watch=KXBTC15M-26MAY081630-30 yes_bid=65 yes_ask=66 no_bid=34 no_ask=35 book_ready=True position=False pending=False dry_run=False trust=synced run_id=e155dace-5db4-4ab2-9b50-8916d812c42c
2026-05-08 16:17:18,053 | INFO | Heartbeat | watch=KXBTC15M-26MAY081630-30 yes_bid=63 yes_ask=64 no_bid=36 no_ask=37 book_ready=True position=False pending=False dry_run=False trust=synced run_id=e155dace-5db4-4ab2-9b50-8916d812c42c
2026-05-08 16:17:33,089 | INFO | Heartbeat | watch=KXBTC15M-26MAY081630-30 yes_bid=43 yes_ask=45 no_bid=55 no_ask=57 book_ready=True position=False pending=False dry_run=False trust=synced run_id=e155dace-5db4-4ab2-9b50-8916d812c42c
2026-05-08 16:17:48,137 | INFO | Heartbeat | watch=KXBTC15M-26MAY081630-30 yes_bid=37 yes_ask=38 no_bid=62 no_ask=63 book_ready=True position=False pending=False dry_run=False trust=synced run_id=e155dace-5db4-4ab2-9b50-8916d812c42c
2026-05-08 16:18:03,137 | INFO | Heartbeat | watch=KXBTC15M-26MAY081630-30 yes_bid=31 yes_ask=32 no_bid=68 no_ask=69 book_ready=True position=False pending=False dry_run=False trust=synced run_id=e155dace-5db4-4ab2-9b50-8916d812c42c
2026-05-08 16:18:18,154 | INFO | Heartbeat | watch=KXBTC15M-26MAY081630-30 yes_bid=34 yes_ask=36 no_bid=64 no_ask=66 book_ready=True position=False pending=False dry_run=False trust=synced run_id=e155dace-5db4-4ab2-9b50-8916d812c42c
2026-05-08 16:18:33,170 | INFO | Heartbeat | watch=KXBTC15M-26MAY081630-30 yes_bid=34 yes_ask=35 no_bid=65 no_ask=66 book_ready=True position=False pending=False dry_run=False trust=synced run_id=e155dace-5db4-4ab2-9b50-8916d812c42c
