pt_cents,sl_cents,trades,skipped,total_net_pnl_dollars,actual_net_pnl_dollars,delta_vs_actual_dollars,mean_net_pnl_dollars,std_net_pnl_dollars,sharpe_like,wins,losses,win_rate,exit_count,settlement_count,exit_rate,avg_hold_seconds
19,55,85,0,2.67,-6.64,9.31,0.031412,0.688791,0.045604,38,47,0.4471,33,52,0.3882,311.62
19,56,85,0,2.65,-6.64,9.29,0.031177,0.68941,0.045222,38,47,0.4471,33,52,0.3882,311.63
19,57,85,0,2.6,-6.64,9.24,0.030588,0.690978,0.044268,38,47,0.4471,33,52,0.3882,311.64
18,55,85,0,2.35,-6.64,8.99,0.027647,0.686441,0.040276,38,47,0.4471,33,52,0.3882,309.02
18,56,85,0,2.33,-6.64,8.97,0.027412,0.687061,0.039897,38,47,0.4471,33,52,0.3882,309.02
18,57,85,0,2.28,-6.64,8.92,0.026824,0.688631,0.038952,38,47,0.4471,33,52,0.3882,309.04
19,58,85,0,1.89,-6.64,8.53,0.022235,0.716827,0.031019,38,47,0.4471,32,53,0.3765,313.42
19,59,85,0,1.77,-6.64,8.41,0.020824,0.720627,0.028896,38,47,0.4471,32,53,0.3765,313.93
19,60,85,0,1.77,-6.64,8.41,0.020824,0.720627,0.028896,38,47,0.4471,32,53,0.3765,313.93
19,61,85,0,1.77,-6.64,8.41,0.020824,0.720627,0.028896,38,47,0.4471,32,53,0.3765,313.93
19,62,85,0,1.68,-6.64,8.32,0.019765,0.723543,0.027317,38,47,0.4471,32,53,0.3765,313.93
17,55,85,0,1.6,-6.64,8.24,0.018824,0.680361,0.027667,38,47,0.4471,35,50,0.4118,304.52
17,56,85,0,1.58,-6.64,8.22,0.018588,0.680983,0.027296,38,47,0.4471,35,50,0.4118,304.52
18,58,85,0,1.57,-6.64,8.21,0.018471,0.71452,0.02585,38,47,0.4471,32,53,0.3765,310.81
17,57,85,0,1.53,-6.64,8.17,0.018,0.68256,0.026371,38,47,0.4471,35,50,0.4118,304.54
18,59,85,0,1.45,-6.64,8.09,0.017059,0.718324,0.023748,38,47,0.4471,32,53,0.3765,311.32
18,60,85,0,1.45,-6.64,8.09,0.017059,0.718324,0.023748,38,47,0.4471,32,53,0.3765,311.32
18,61,85,0,1.45,-6.64,8.09,0.017059,0.718324,0.023748,38,47,0.4471,32,53,0.3765,311.32
19,63,85,0,1.43,-6.64,8.07,0.016824,0.732103,0.02298,38,47,0.4471,32,53,0.3765,314.16
18,62,85,0,1.36,-6.64,8.0,0.016,0.721244,0.022184,38,47,0.4471,32,53,0.3765,311.32
19,64,85,0,1.24,-6.64,7.88,0.014588,0.736479,0.019808,38,47,0.4471,32,53,0.3765,314.58
19,66,85,0,1.2,-6.64,7.84,0.014118,0.73778,0.019135,38,47,0.4471,30,55,0.3529,318.13
19,67,85,0,1.2,-6.64,7.84,0.014118,0.73778,0.019135,38,47,0.4471,30,55,0.3529,318.13
19,68,85,0,1.2,-6.64,7.84,0.014118,0.73778,0.019135,38,47,0.4471,30,55,0.3529,318.13
19,69,85,0,1.2,-6.64,7.84,0.014118,0.73778,0.019135,38,47,0.4471,30,55,0.3529,318.13
19,70,85,0,1.2,-6.64,7.84,0.014118,0.73778,0.019135,38,47,0.4471,30,55,0.3529,318.13
19,71,85,0,1.2,-6.64,7.84,0.014118,0.73778,0.019135,38,47,0.4471,30,55,0.3529,318.13
19,65,85,0,1.18,-6.64,7.82,0.013882,0.738435,0.0188,38,47,0.4471,32,53,0.3765,316.22
19,43,85,0,1.17,-6.64,7.81,0.013765,0.659603,0.020868,36,49,0.4235,35,50,0.4118,300.77
19,72,85,0,1.17,-6.64,7.81,0.013765,0.738858,0.01863,38,47,0.4471,30,55,0.3529,318.6
18,63,85,0,1.11,-6.64,7.75,0.013059,0.729816,0.017893,38,47,0.4471,32,53,0.3765,311.56
19,73,85,0,1.11,-6.64,7.75,0.013059,0.741053,0.017622,38,47,0.4471,30,55,0.3529,318.84
19,74,85,0,1.09,-6.64,7.73,0.012824,0.741542,0.017293,38,47,0.4471,30,55,0.3529,319.07
19,75,85,0,1.08,-6.64,7.72,0.012706,0.741669,0.017132,38,47,0.4471,29,56,0.3412,319.26
19,77,85,0,1.07,-6.64,7.71,0.012588,0.741919,0.016967,38,47,0.4471,28,57,0.3294,321.37
19,78,85,0,1.07,-6.64,7.71,0.012588,0.741919,0.016967,38,47,0.4471,28,57,0.3294,321.37
19,79,85,0,1.07,-6.64,7.71,0.012588,0.741919,0.016967,38,47,0.4471,28,57,0.3294,321.37
19,80,85,0,1.07,-6.64,7.71,0.012588,0.741919,0.016967,38,47,0.4471,28,57,0.3294,321.37
19,76,85,0,1.06,-6.64,7.7,0.012471,0.74217,0.016803,38,47,0.4471,29,56,0.3412,320.71
16,55,85,0,1.01,-6.64,7.65,0.011882,0.675735,0.017584,38,47,0.4471,35,50,0.4118,299.39
16,56,85,0,0.99,-6.64,7.63,0.011647,0.676359,0.01722,38,47,0.4471,35,50,0.4118,299.39
16,57,85,0,0.94,-6.64,7.58,0.011059,0.67794,0.016312,38,47,0.4471,35,50,0.4118,299.4
18,64,85,0,0.92,-6.64,7.56,0.010824,0.734194,0.014742,38,47,0.4471,32,53,0.3765,311.97
18,43,85,0,0.9,-6.64,7.54,0.010588,0.657436,0.016105,36,49,0.4235,35,50,0.4118,298.87
18,66,85,0,0.88,-6.64,7.52,0.010353,0.735497,0.014076,38,47,0.4471,30,55,0.3529,315.53
18,67,85,0,0.88,-6.64,7.52,0.010353,0.735497,0.014076,38,47,0.4471,30,55,0.3529,315.53
18,68,85,0,0.88,-6.64,7.52,0.010353,0.735497,0.014076,38,47,0.4471,30,55,0.3529,315.53
18,69,85,0,0.88,-6.64,7.52,0.010353,0.735497,0.014076,38,47,0.4471,30,55,0.3529,315.53
18,70,85,0,0.88,-6.64,7.52,0.010353,0.735497,0.014076,38,47,0.4471,30,55,0.3529,315.53
18,71,85,0,0.88,-6.64,7.52,0.010353,0.735497,0.014076,38,47,0.4471,30,55,0.3529,315.53
18,65,85,0,0.86,-6.64,7.5,0.010118,0.736152,0.013744,38,47,0.4471,32,53,0.3765,313.62
18,72,85,0,0.85,-6.64,7.49,0.01,0.736577,0.013576,38,47,0.4471,30,55,0.3529,316.0
17,58,85,0,0.82,-6.64,7.46,0.009647,0.708566,0.013615,38,47,0.4471,34,51,0.4,306.31
15,55,85,0,0.79,-6.64,7.43,0.009294,0.674379,0.013782,38,47,0.4471,37,48,0.4353,295.08
18,73,85,0,0.79,-6.64,7.43,0.009294,0.738774,0.012581,38,47,0.4471,30,55,0.3529,316.23
19,28,85,0,0.78,-6.64,7.42,0.009177,0.589223,0.015574,33,52,0.3882,36,49,0.4235,282.47
15,56,85,0,0.77,-6.64,7.41,0.009059,0.675004,0.01342,38,47,0.4471,37,48,0.4353,295.09
18,74,85,0,0.77,-6.64,7.41,0.009059,0.739264,0.012254,38,47,0.4471,30,55,0.3529,316.47
18,75,85,0,0.76,-6.64,7.4,0.008941,0.73939,0.012093,38,47,0.4471,29,56,0.3412,316.66
18,77,85,0,0.75,-6.64,7.39,0.008824,0.73964,0.01193,38,47,0.4471,28,57,0.3294,318.76
18,78,85,0,0.75,-6.64,7.39,0.008824,0.73964,0.01193,38,47,0.4471,28,57,0.3294,318.76
18,79,85,0,0.75,-6.64,7.39,0.008824,0.73964,0.01193,38,47,0.4471,28,57,0.3294,318.76
18,80,85,0,0.75,-6.64,7.39,0.008824,0.73964,0.01193,38,47,0.4471,28,57,0.3294,318.76
18,76,85,0,0.74,-6.64,7.38,0.008706,0.739892,0.011766,38,47,0.4471,29,56,0.3412,318.1
15,57,85,0,0.72,-6.64,7.36,0.008471,0.676585,0.01252,38,47,0.4471,37,48,0.4353,295.1
17,59,85,0,0.7,-6.64,7.34,0.008235,0.712384,0.01156,38,47,0.4471,34,51,0.4,306.82
17,60,85,0,0.7,-6.64,7.34,0.008235,0.712384,0.01156,38,47,0.4471,34,51,0.4,306.82
17,61,85,0,0.7,-6.64,7.34,0.008235,0.712384,0.01156,38,47,0.4471,34,51,0.4,306.82
21,55,85,0,0.66,-6.64,7.3,0.007765,0.720967,0.01077,36,49,0.4235,29,56,0.3412,322.76
19,44,85,0,0.63,-6.64,7.27,0.007412,0.673946,0.010998,36,49,0.4235,35,50,0.4118,303.05
19,45,85,0,0.63,-6.64,7.27,0.007412,0.673946,0.010998,36,49,0.4235,35,50,0.4118,303.05
19,46,85,0,0.61,-6.64,7.25,0.007177,0.674291,0.010643,36,49,0.4235,35,50,0.4118,303.05
17,62,85,0,0.61,-6.64,7.25,0.007177,0.715315,0.010033,38,47,0.4471,34,51,0.4,306.82
19,47,85,0,0.59,-6.64,7.23,0.006941,0.674643,0.010289,36,49,0.4235,35,50,0.4118,303.05
18,28,85,0,0.54,-6.64,7.18,0.006353,0.587069,0.010822,33,52,0.3882,36,49,0.4235,281.04
21,56,85,0,0.44,-6.64,7.08,0.005177,0.72765,0.007114,36,49,0.4235,29,56,0.3412,322.81
21,57,85,0,0.39,-6.64,7.03,0.004588,0.729115,0.006293,36,49,0.4235,29,56,0.3412,322.82
18,44,85,0,0.36,-6.64,7.0,0.004235,0.671795,0.006305,36,49,0.4235,35,50,0.4118,301.15
18,45,85,0,0.36,-6.64,7.0,0.004235,0.671795,0.006305,36,49,0.4235,35,50,0.4118,301.15
17,63,85,0,0.36,-6.64,7.0,0.004235,0.72392,0.005851,38,47,0.4471,34,51,0.4,307.06
18,46,85,0,0.34,-6.64,6.98,0.004,0.67214,0.005951,36,49,0.4235,35,50,0.4118,301.15
18,47,85,0,0.32,-6.64,6.96,0.003765,0.672492,0.005598,36,49,0.4235,35,50,0.4118,301.16
16,58,85,0,0.23,-6.64,6.87,0.002706,0.704033,0.003843,38,47,0.4471,34,51,0.4,301.18
17,43,85,0,0.18,-6.64,6.82,0.002118,0.651116,0.003252,36,49,0.4235,37,48,0.4353,294.84
17,64,85,0,0.17,-6.64,6.81,0.002,0.728307,0.002746,38,47,0.4471,34,51,0.4,307.47
10,55,85,0,0.14,-6.64,6.78,0.001647,0.60959,0.002702,40,45,0.4706,38,47,0.4471,265.68
19,48,85,0,0.14,-6.64,6.78,0.001647,0.684335,0.002407,36,49,0.4235,34,51,0.4,304.83
14,55,85,0,0.13,-6.64,6.77,0.001529,0.669681,0.002284,38,47,0.4471,37,48,0.4353,286.69
17,66,85,0,0.13,-6.64,6.77,0.001529,0.729614,0.002096,38,47,0.4471,32,53,0.3765,311.03
17,67,85,0,0.13,-6.64,6.77,0.001529,0.729614,0.002096,38,47,0.4471,32,53,0.3765,311.03
17,68,85,0,0.13,-6.64,6.77,0.001529,0.729614,0.002096,38,47,0.4471,32,53,0.3765,311.03
17,69,85,0,0.13,-6.64,6.77,0.001529,0.729614,0.002096,38,47,0.4471,32,53,0.3765,311.03
17,70,85,0,0.13,-6.64,6.77,0.001529,0.729614,0.002096,38,47,0.4471,32,53,0.3765,311.03
17,71,85,0,0.13,-6.64,6.77,0.001529,0.729614,0.002096,38,47,0.4471,32,53,0.3765,311.03
10,56,85,0,0.12,-6.64,6.76,0.001412,0.610277,0.002313,40,45,0.4706,38,47,0.4471,265.69
14,56,85,0,0.11,-6.64,6.75,0.001294,0.670307,0.001931,38,47,0.4471,37,48,0.4353,286.7
16,59,85,0,0.11,-6.64,6.75,0.001294,0.707862,0.001828,38,47,0.4471,34,51,0.4,301.69
16,60,85,0,0.11,-6.64,6.75,0.001294,0.707862,0.001828,38,47,0.4471,34,51,0.4,301.69
16,61,85,0,0.11,-6.64,6.75,0.001294,0.707862,0.001828,38,47,0.4471,34,51,0.4,301.69
17,65,85,0,0.11,-6.64,6.75,0.001294,0.730272,0.001772,38,47,0.4471,34,51,0.4,309.12
17,72,85,0,0.1,-6.64,6.74,0.001177,0.730698,0.00161,38,47,0.4471,32,53,0.3765,311.5
19,29,85,0,0.09,-6.64,6.73,0.001059,0.604594,0.001751,33,52,0.3882,36,49,0.4235,283.71
19,49,85,0,0.08,-6.64,6.72,0.000941,0.685973,0.001372,36,49,0.4235,34,51,0.4,304.84
19,50,85,0,0.08,-6.64,6.72,0.000941,0.685973,0.001372,36,49,0.4235,34,51,0.4,304.84
10,57,85,0,0.07,-6.64,6.71,0.000824,0.612019,0.001346,40,45,0.4706,38,47,0.4471,265.7
14,57,85,0,0.06,-6.64,6.7,0.000706,0.671893,0.001051,38,47,0.4471,37,48,0.4353,286.71
17,28,85,0,0.04,-6.64,6.68,0.000471,0.582108,0.000809,33,52,0.3882,37,48,0.4353,278.15
17,73,85,0,0.04,-6.64,6.68,0.000471,0.732905,0.000642,38,47,0.4471,32,53,0.3765,311.73
16,62,85,0,0.02,-6.64,6.66,0.000235,0.710801,0.000331,38,47,0.4471,34,51,0.4,301.69
20,55,85,0,0.02,-6.64,6.66,0.000235,0.71523,0.000329,36,49,0.4235,30,55,0.3529,319.83
17,74,85,0,0.02,-6.64,6.66,0.000235,0.733396,0.000321,38,47,0.4471,32,53,0.3765,311.97
15,58,85,0,0.01,-6.64,6.65,0.000118,0.702698,0.000167,38,47,0.4471,36,49,0.4235,296.88
17,75,85,0,0.01,-6.64,6.65,0.000118,0.733521,0.00016,38,47,0.4471,31,54,0.3647,312.16
17,77,85,0,0.0,-6.64,6.64,0.0,0.733772,0.0,38,47,0.4471,30,55,0.3529,314.26
17,78,85,0,0.0,-6.64,6.64,0.0,0.733772,0.0,38,47,0.4471,30,55,0.3529,314.26
17,79,85,0,0.0,-6.64,6.64,0.0,0.733772,0.0,38,47,0.4471,30,55,0.3529,314.26
17,80,85,0,0.0,-6.64,6.64,0.0,0.733772,0.0,38,47,0.4471,30,55,0.3529,314.26
17,76,85,0,-0.01,-6.64,6.63,-0.000118,0.734024,-0.00016,38,47,0.4471,31,54,0.3647,313.6
19,40,85,0,-0.07,-6.64,6.57,-0.000823,0.651915,-0.001263,35,50,0.4118,35,50,0.4118,296.05
22,12,85,0,-0.09,-6.64,6.55,-0.001059,0.524577,-0.002018,27,58,0.3176,41,44,0.4824,248.21
15,59,85,0,-0.11,-6.64,6.53,-0.001294,0.706529,-0.001832,38,47,0.4471,36,49,0.4235,297.39
15,60,85,0,-0.11,-6.64,6.53,-0.001294,0.706529,-0.001832,38,47,0.4471,36,49,0.4235,297.39
15,61,85,0,-0.11,-6.64,6.53,-0.001294,0.706529,-0.001832,38,47,0.4471,36,49,0.4235,297.39
18,48,85,0,-0.13,-6.64,6.51,-0.001529,0.682189,-0.002242,36,49,0.4235,34,51,0.4,302.93
19,41,85,0,-0.13,-6.64,6.51,-0.001529,0.653369,-0.002341,35,50,0.4118,35,50,0.4118,297.0
19,42,85,0,-0.13,-6.64,6.51,-0.001529,0.653369,-0.002341,35,50,0.4118,35,50,0.4118,297.0
30,12,85,0,-0.14,-6.64,6.5,-0.001647,0.531245,-0.0031,26,59,0.3059,33,52,0.3882,275.14
31,12,85,0,-0.14,-6.64,6.5,-0.001647,0.531245,-0.0031,26,59,0.3059,33,52,0.3882,275.14
32,12,85,0,-0.14,-6.64,6.5,-0.001647,0.531245,-0.0031,26,59,0.3059,33,52,0.3882,275.14
33,12,85,0,-0.14,-6.64,6.5,-0.001647,0.531245,-0.0031,26,59,0.3059,33,52,0.3882,275.14
34,12,85,0,-0.14,-6.64,6.5,-0.001647,0.531245,-0.0031,26,59,0.3059,33,52,0.3882,275.14
18,29,85,0,-0.15,-6.64,6.49,-0.001765,0.602456,-0.002929,33,52,0.3882,36,49,0.4235,282.28
29,12,85,0,-0.18,-6.64,6.46,-0.002118,0.530508,-0.003992,26,59,0.3059,34,51,0.4,272.84
18,49,85,0,-0.19,-6.64,6.45,-0.002235,0.683829,-0.003269,36,49,0.4235,34,51,0.4,302.94
18,50,85,0,-0.19,-6.64,6.45,-0.002235,0.683829,-0.003269,36,49,0.4235,34,51,0.4,302.94
20,56,85,0,-0.2,-6.64,6.44,-0.002353,0.72194,-0.003259,36,49,0.4235,30,55,0.3529,319.88
15,62,85,0,-0.2,-6.64,6.44,-0.002353,0.709469,-0.003316,38,47,0.4471,36,49,0.4235,297.39
27,12,85,0,-0.21,-6.64,6.43,-0.002471,0.529977,-0.004662,26,59,0.3059,34,51,0.4,272.14
28,12,85,0,-0.21,-6.64,6.43,-0.002471,0.529977,-0.004662,26,59,0.3059,34,51,0.4,272.14
21,12,85,0,-0.22,-6.64,6.42,-0.002588,0.523011,-0.004949,27,58,0.3176,41,44,0.4824,242.01
16,63,85,0,-0.23,-6.64,6.41,-0.002706,0.719432,-0.003761,38,47,0.4471,34,51,0.4,301.93
20,57,85,0,-0.25,-6.64,6.39,-0.002941,0.723409,-0.004066,36,49,0.4235,30,55,0.3529,319.89
19,51,85,0,-0.25,-6.64,6.39,-0.002941,0.695843,-0.004227,36,49,0.4235,34,51,0.4,306.05
7,43,85,0,-0.25,-6.64,6.39,-0.002941,0.486202,-0.006049,42,43,0.4941,42,43,0.4941,231.23
26,12,85,0,-0.27,-6.64,6.37,-0.003176,0.528975,-0.006005,26,59,0.3059,34,51,0.4,271.9
19,52,85,0,-0.28,-6.64,6.36,-0.003294,0.69668,-0.004728,36,49,0.4235,34,51,0.4,306.05
25,12,85,0,-0.3,-6.64,6.34,-0.003529,0.528652,-0.006676,26,59,0.3059,35,50,0.4118,271.25
21,58,85,0,-0.32,-6.64,6.32,-0.003765,0.753365,-0.004997,36,49,0.4235,28,57,0.3294,324.6
19,12,85,0,-0.33,-6.64,6.31,-0.003882,0.513891,-0.007555,28,57,0.3294,42,43,0.4941,237.45
18,40,85,0,-0.34,-6.64,6.3,-0.004,0.64965,-0.006157,35,50,0.4118,35,50,0.4118,294.15
17,44,85,0,-0.36,-6.64,6.28,-0.004235,0.665529,-0.006364,36,49,0.4235,37,48,0.4353,297.12
17,45,85,0,-0.36,-6.64,6.28,-0.004235,0.665529,-0.006364,36,49,0.4235,37,48,0.4353,297.12
24,12,85,0,-0.36,-6.64,6.28,-0.004235,0.527831,-0.008024,26,59,0.3059,36,49,0.4235,267.32
17,46,85,0,-0.38,-6.64,6.26,-0.004471,0.665875,-0.006714,36,49,0.4235,37,48,0.4353,297.12
17,47,85,0,-0.4,-6.64,6.24,-0.004706,0.666227,-0.007063,36,49,0.4235,37,48,0.4353,297.13
18,41,85,0,-0.4,-6.64,6.24,-0.004706,0.651106,-0.007227,35,50,0.4118,35,50,0.4118,295.1
18,42,85,0,-0.4,-6.64,6.24,-0.004706,0.651106,-0.007227,35,50,0.4118,35,50,0.4118,295.1
16,43,85,0,-0.41,-6.64,6.23,-0.004823,0.646099,-0.007466,36,49,0.4235,37,48,0.4353,289.7
16,64,85,0,-0.42,-6.64,6.22,-0.004941,0.723824,-0.006826,38,47,0.4471,34,51,0.4,302.34
21,59,85,0,-0.44,-6.64,6.2,-0.005176,0.756932,-0.006839,36,49,0.4235,28,57,0.3294,325.11
21,60,85,0,-0.44,-6.64,6.2,-0.005176,0.756932,-0.006839,36,49,0.4235,28,57,0.3294,325.11
21,61,85,0,-0.44,-6.64,6.2,-0.005176,0.756932,-0.006839,36,49,0.4235,28,57,0.3294,325.11
15,63,85,0,-0.45,-6.64,6.19,-0.005294,0.718105,-0.007372,38,47,0.4471,36,49,0.4235,297.62
22,13,85,0,-0.45,-6.64,6.19,-0.005294,0.528458,-0.010018,27,58,0.3176,39,46,0.4588,253.66
16,66,85,0,-0.46,-6.64,6.18,-0.005412,0.725135,-0.007463,38,47,0.4471,32,53,0.3765,305.89
16,67,85,0,-0.46,-6.64,6.18,-0.005412,0.725135,-0.007463,38,47,0.4471,32,53,0.3765,305.89
16,68,85,0,-0.46,-6.64,6.18,-0.005412,0.725135,-0.007463,38,47,0.4471,32,53,0.3765,305.89
16,69,85,0,-0.46,-6.64,6.18,-0.005412,0.725135,-0.007463,38,47,0.4471,32,53,0.3765,305.89
16,70,85,0,-0.46,-6.64,6.18,-0.005412,0.725135,-0.007463,38,47,0.4471,32,53,0.3765,305.89
16,71,85,0,-0.46,-6.64,6.18,-0.005412,0.725135,-0.007463,38,47,0.4471,32,53,0.3765,305.89
16,28,85,0,-0.47,-6.64,6.17,-0.005529,0.577133,-0.009581,33,52,0.3882,37,48,0.4353,275.38
16,65,85,0,-0.48,-6.64,6.16,-0.005647,0.725794,-0.00778,38,47,0.4471,34,51,0.4,303.99
16,72,85,0,-0.49,-6.64,6.15,-0.005765,0.726222,-0.007938,38,47,0.4471,32,53,0.3765,306.36
30,13,85,0,-0.5,-6.64,6.14,-0.005882,0.535073,-0.010993,26,59,0.3059,31,54,0.3647,280.58
31,13,85,0,-0.5,-6.64,6.14,-0.005882,0.535073,-0.010993,26,59,0.3059,31,54,0.3647,280.58
32,13,85,0,-0.5,-6.64,6.14,-0.005882,0.535073,-0.010993,26,59,0.3059,31,54,0.3647,280.58
33,13,85,0,-0.5,-6.64,6.14,-0.005882,0.535073,-0.010993,26,59,0.3059,31,54,0.3647,280.58
34,13,85,0,-0.5,-6.64,6.14,-0.005882,0.535073,-0.010993,26,59,0.3059,31,54,0.3647,280.58
18,51,85,0,-0.52,-6.64,6.12,-0.006118,0.693712,-0.008819,36,49,0.4235,34,51,0.4,304.15
21,62,85,0,-0.53,-6.64,6.11,-0.006235,0.759672,-0.008208,36,49,0.4235,28,57,0.3294,325.11
23,12,85,0,-0.53,-6.64,6.11,-0.006235,0.525416,-0.011867,26,59,0.3059,39,46,0.4588,260.53
29,13,85,0,-0.54,-6.64,6.1,-0.006353,0.534337,-0.011889,26,59,0.3059,32,53,0.3765,278.29
22,11,85,0,-0.54,-6.64,6.1,-0.006353,0.517114,-0.012285,26,59,0.3059,42,43,0.4941,230.31
16,73,85,0,-0.55,-6.64,6.09,-0.006471,0.728436,-0.008883,38,47,0.4471,32,53,0.3765,306.6
18,52,85,0,-0.55,-6.64,6.09,-0.006471,0.69455,-0.009316,36,49,0.4235,34,51,0.4,304.15
16,74,85,0,-0.57,-6.64,6.07,-0.006706,0.728927,-0.0092,38,47,0.4471,32,53,0.3765,306.83
27,13,85,0,-0.57,-6.64,6.07,-0.006706,0.533808,-0.012562,26,59,0.3059,32,53,0.3765,277.58
28,13,85,0,-0.57,-6.64,6.07,-0.006706,0.533808,-0.012562,26,59,0.3059,32,53,0.3765,277.58
18,12,85,0,-0.57,-6.64,6.07,-0.006706,0.511346,-0.013114,28,57,0.3294,42,43,0.4941,236.02
16,75,85,0,-0.58,-6.64,6.06,-0.006823,0.729052,-0.009359,38,47,0.4471,31,54,0.3647,307.03
21,13,85,0,-0.58,-6.64,6.06,-0.006823,0.526892,-0.01295,27,58,0.3176,39,46,0.4588,247.46
16,77,85,0,-0.59,-6.64,6.05,-0.006941,0.729303,-0.009517,38,47,0.4471,30,55,0.3529,309.13
16,78,85,0,-0.59,-6.64,6.05,-0.006941,0.729303,-0.009517,38,47,0.4471,30,55,0.3529,309.13
16,79,85,0,-0.59,-6.64,6.05,-0.006941,0.729303,-0.009517,38,47,0.4471,30,55,0.3529,309.13
16,80,85,0,-0.59,-6.64,6.05,-0.006941,0.729303,-0.009517,38,47,0.4471,30,55,0.3529,309.13
12,55,85,0,-0.59,-6.64,6.05,-0.006941,0.629509,-0.011026,39,46,0.4588,38,47,0.4471,275.2
16,76,85,0,-0.6,-6.64,6.04,-0.007059,0.729556,-0.009675,38,47,0.4471,31,54,0.3647,308.47
19,30,85,0,-0.6,-6.64,6.04,-0.007059,0.617734,-0.011427,33,52,0.3882,36,49,0.4235,284.37
21,28,85,0,-0.6,-6.64,6.04,-0.007059,0.604473,-0.011678,31,54,0.3647,35,50,0.4118,289.02
12,56,85,0,-0.61,-6.64,6.03,-0.007176,0.630171,-0.011388,39,46,0.4588,38,47,0.4471,275.2
15,43,85,0,-0.63,-6.64,6.01,-0.007412,0.644613,-0.011498,36,49,0.4235,39,46,0.4588,285.4
26,13,85,0,-0.63,-6.64,6.01,-0.007412,0.532807,-0.013911,26,59,0.3059,32,53,0.3765,277.35
30,11,85,0,-0.63,-6.64,6.01,-0.007412,0.5233,-0.014163,25,60,0.2941,35,50,0.4118,255.4
31,11,85,0,-0.63,-6.64,6.01,-0.007412,0.5233,-0.014163,25,60,0.2941,35,50,0.4118,255.4
32,11,85,0,-0.63,-6.64,6.01,-0.007412,0.5233,-0.014163,25,60,0.2941,35,50,0.4118,255.4
33,11,85,0,-0.63,-6.64,6.01,-0.007412,0.5233,-0.014163,25,60,0.2941,35,50,0.4118,255.4
34,11,85,0,-0.63,-6.64,6.01,-0.007412,0.5233,-0.014163,25,60,0.2941,35,50,0.4118,255.4
15,64,85,0,-0.64,-6.64,6.0,-0.007529,0.722497,-0.010421,38,47,0.4471,36,49,0.4235,298.04
10,58,85,0,-0.64,-6.64,6.0,-0.007529,0.640667,-0.011752,40,45,0.4706,37,48,0.4353,267.48
22,14,85,0,-0.64,-6.64,6.0,-0.007529,0.530283,-0.014199,27,58,0.3176,38,47,0.4471,259.6
21,11,85,0,-0.64,-6.64,6.0,-0.007529,0.51592,-0.014594,26,59,0.3059,42,43,0.4941,229.0
14,58,85,0,-0.65,-6.64,5.99,-0.007647,0.698087,-0.010954,38,47,0.4471,36,49,0.4235,288.48
17,29,85,0,-0.65,-6.64,5.99,-0.007647,0.597542,-0.012797,33,52,0.3882,37,48,0.4353,279.39
12,57,85,0,-0.66,-6.64,5.98,-0.007765,0.63185,-0.012289,39,46,0.4588,38,47,0.4471,275.22
25,13,85,0,-0.66,-6.64,5.98,-0.007765,0.532484,-0.014582,26,59,0.3059,33,52,0.3882,276.69
15,28,85,0,-0.67,-6.64,5.97,-0.007882,0.575581,-0.013695,33,52,0.3882,39,46,0.4588,271.08
29,11,85,0,-0.67,-6.64,5.97,-0.007882,0.522547,-0.015084,25,60,0.2941,36,49,0.4235,253.11
15,66,85,0,-0.68,-6.64,5.96,-0.008,0.723809,-0.011053,38,47,0.4471,34,51,0.4,301.59
15,67,85,0,-0.68,-6.64,5.96,-0.008,0.723809,-0.011053,38,47,0.4471,34,51,0.4,301.59
15,68,85,0,-0.68,-6.64,5.96,-0.008,0.723809,-0.011053,38,47,0.4471,34,51,0.4,301.59
15,69,85,0,-0.68,-6.64,5.96,-0.008,0.723809,-0.011053,38,47,0.4471,34,51,0.4,301.59
15,70,85,0,-0.68,-6.64,5.96,-0.008,0.723809,-0.011053,38,47,0.4471,34,51,0.4,301.59
15,71,85,0,-0.68,-6.64,5.96,-0.008,0.723809,-0.011053,38,47,0.4471,34,51,0.4,301.59
30,14,85,0,-0.69,-6.64,5.95,-0.008118,0.536872,-0.01512,26,59,0.3059,30,55,0.3529,286.53
31,14,85,0,-0.69,-6.64,5.95,-0.008118,0.536872,-0.01512,26,59,0.3059,30,55,0.3529,286.53
32,14,85,0,-0.69,-6.64,5.95,-0.008118,0.536872,-0.01512,26,59,0.3059,30,55,0.3529,286.53
33,14,85,0,-0.69,-6.64,5.95,-0.008118,0.536872,-0.01512,26,59,0.3059,30,55,0.3529,286.53
34,14,85,0,-0.69,-6.64,5.95,-0.008118,0.536872,-0.01512,26,59,0.3059,30,55,0.3529,286.53
19,13,85,0,-0.69,-6.64,5.95,-0.008118,0.517828,-0.015676,28,57,0.3294,40,45,0.4706,242.89
15,65,85,0,-0.7,-6.64,5.94,-0.008235,0.724469,-0.011367,38,47,0.4471,36,49,0.4235,299.68
27,11,85,0,-0.7,-6.64,5.94,-0.008235,0.522004,-0.015776,25,60,0.2941,36,49,0.4235,252.4
28,11,85,0,-0.7,-6.64,5.94,-0.008235,0.522004,-0.015776,25,60,0.2941,36,49,0.4235,252.4
15,72,85,0,-0.71,-6.64,5.93,-0.008353,0.724897,-0.011523,38,47,0.4471,34,51,0.4,302.06
19,26,85,0,-0.71,-6.64,5.93,-0.008353,0.593883,-0.014065,32,53,0.3765,36,49,0.4235,281.55
24,13,85,0,-0.72,-6.64,5.92,-0.008471,0.531663,-0.015932,26,59,0.3059,34,51,0.4,272.76
19,11,85,0,-0.72,-6.64,5.92,-0.008471,0.507056,-0.016705,27,58,0.3176,43,42,0.5059,224.67
21,43,85,0,-0.73,-6.64,5.91,-0.008588,0.686149,-0.012517,34,51,0.4,33,52,0.3882,311.12
19,21,85,0,-0.73,-6.64,5.91,-0.008588,0.569304,-0.015085,31,54,0.3647,36,49,0.4235,275.42
29,14,85,0,-0.73,-6.64,5.91,-0.008588,0.536137,-0.016019,26,59,0.3059,31,54,0.3647,284.23
38,12,85,0,-0.73,-6.64,5.91,-0.008588,0.533013,-0.016113,25,60,0.2941,33,52,0.3882,277.35
19,27,85,0,-0.74,-6.64,5.9,-0.008706,0.594428,-0.014646,32,53,0.3765,36,49,0.4235,281.62
17,12,85,0,-0.75,-6.64,5.89,-0.008823,0.509555,-0.017316,28,57,0.3294,43,42,0.5059,233.67
7,44,85,0,-0.75,-6.64,5.89,-0.008823,0.504398,-0.017493,42,43,0.4941,42,43,0.4941,233.5
7,45,85,0,-0.75,-6.64,5.89,-0.008823,0.504398,-0.017493,42,43,0.4941,42,43,0.4941,233.5
7,46,85,0,-0.75,-6.64,5.89,-0.008823,0.504398,-0.017493,42,43,0.4941,42,43,0.4941,233.5
7,47,85,0,-0.75,-6.64,5.89,-0.008823,0.504398,-0.017493,42,43,0.4941,42,43,0.4941,233.5
7,48,85,0,-0.75,-6.64,5.89,-0.008823,0.504398,-0.017493,42,43,0.4941,42,43,0.4941,233.5
7,49,85,0,-0.75,-6.64,5.89,-0.008823,0.504398,-0.017493,42,43,0.4941,42,43,0.4941,233.5
7,50,85,0,-0.75,-6.64,5.89,-0.008823,0.504398,-0.017493,42,43,0.4941,42,43,0.4941,233.5
10,59,85,0,-0.76,-6.64,5.88,-0.008941,0.64485,-0.013865,40,45,0.4706,37,48,0.4353,267.99
10,60,85,0,-0.76,-6.64,5.88,-0.008941,0.64485,-0.013865,40,45,0.4706,37,48,0.4353,267.99
10,61,85,0,-0.76,-6.64,5.88,-0.008941,0.64485,-0.013865,40,45,0.4706,37,48,0.4353,267.99
27,14,85,0,-0.76,-6.64,5.88,-0.008941,0.535608,-0.016693,26,59,0.3059,31,54,0.3647,283.53
28,14,85,0,-0.76,-6.64,5.88,-0.008941,0.535608,-0.016693,26,59,0.3059,31,54,0.3647,283.53
26,11,85,0,-0.76,-6.64,5.88,-0.008941,0.520979,-0.017162,25,60,0.2941,36,49,0.4235,252.16
15,73,85,0,-0.77,-6.64,5.87,-0.009059,0.727112,-0.012459,38,47,0.4471,34,51,0.4,302.3
14,59,85,0,-0.77,-6.64,5.87,-0.009059,0.701927,-0.012906,38,47,0.4471,36,49,0.4235,288.99
14,60,85,0,-0.77,-6.64,5.87,-0.009059,0.701927,-0.012906,38,47,0.4471,36,49,0.4235,288.99
14,61,85,0,-0.77,-6.64,5.87,-0.009059,0.701927,-0.012906,38,47,0.4471,36,49,0.4235,288.99
21,14,85,0,-0.77,-6.64,5.87,-0.009059,0.528715,-0.017134,27,58,0.3176,38,47,0.4471,253.4
40,12,85,0,-0.78,-6.64,5.86,-0.009176,0.548114,-0.016742,24,61,0.2824,33,52,0.3882,278.65
15,74,85,0,-0.79,-6.64,5.85,-0.009294,0.727603,-0.012774,38,47,0.4471,34,51,0.4,302.53
25,11,85,0,-0.79,-6.64,5.85,-0.009294,0.520647,-0.017851,25,60,0.2941,37,48,0.4353,251.51
15,75,85,0,-0.8,-6.64,5.84,-0.009412,0.727729,-0.012933,38,47,0.4471,33,52,0.3882,302.72
20,12,85,0,-0.8,-6.64,5.84,-0.009412,0.515579,-0.018255,27,58,0.3176,41,44,0.4824,240.36
15,77,85,0,-0.81,-6.64,5.83,-0.009529,0.72798,-0.01309,38,47,0.4471,32,53,0.3765,304.83
15,78,85,0,-0.81,-6.64,5.83,-0.009529,0.72798,-0.01309,38,47,0.4471,32,53,0.3765,304.83
15,79,85,0,-0.81,-6.64,5.83,-0.009529,0.72798,-0.01309,38,47,0.4471,32,53,0.3765,304.83
15,80,85,0,-0.81,-6.64,5.83,-0.009529,0.72798,-0.01309,38,47,0.4471,32,53,0.3765,304.83
15,76,85,0,-0.82,-6.64,5.82,-0.009647,0.728232,-0.013247,38,47,0.4471,33,52,0.3882,304.17
26,14,85,0,-0.82,-6.64,5.82,-0.009647,0.534608,-0.018045,26,59,0.3059,31,54,0.3647,283.29
18,30,85,0,-0.84,-6.64,5.8,-0.009882,0.615604,-0.016053,33,52,0.3882,36,49,0.4235,282.94
17,48,85,0,-0.85,-6.64,5.79,-0.01,0.675947,-0.014794,36,49,0.4235,36,49,0.4235,298.9
10,62,85,0,-0.85,-6.64,5.79,-0.01,0.648058,-0.015431,40,45,0.4706,37,48,0.4353,267.99
19,22,85,0,-0.85,-6.64,5.79,-0.01,0.571229,-0.017506,31,54,0.3647,36,49,0.4235,275.67
25,14,85,0,-0.85,-6.64,5.79,-0.01,0.534284,-0.018717,26,59,0.3059,32,53,0.3765,282.63
24,11,85,0,-0.85,-6.64,5.79,-0.01,0.519805,-0.019238,25,60,0.2941,38,47,0.4471,247.58
14,62,85,0,-0.86,-6.64,5.78,-0.010118,0.704875,-0.014354,38,47,0.4471,36,49,0.4235,289.0
9,55,85,0,-0.87,-6.64,5.77,-0.010235,0.602505,-0.016988,40,45,0.4706,39,46,0.4588,260.04
22,15,85,0,-0.88,-6.64,5.76,-0.010353,0.533645,-0.0194,27,58,0.3176,35,50,0.4118,265.75
19,14,85,0,-0.88,-6.64,5.76,-0.010353,0.519678,-0.019922,28,57,0.3294,39,46,0.4588,248.84
9,56,85,0,-0.89,-6.64,5.75,-0.010471,0.603196,-0.017358,40,45,0.4706,39,46,0.4588,260.05
23,13,85,0,-0.89,-6.64,5.75,-0.010471,0.529249,-0.019784,26,59,0.3059,37,48,0.4353,265.98
17,40,85,0,-0.9,-6.64,5.74,-0.010588,0.644632,-0.016425,35,50,0.4118,37,48,0.4353,290.36
18,11,85,0,-0.9,-6.64,5.74,-0.010588,0.505188,-0.020959,27,58,0.3176,43,42,0.5059,223.71
17,49,85,0,-0.91,-6.64,5.73,-0.010706,0.677593,-0.0158,36,49,0.4235,36,49,0.4235,298.91
17,50,85,0,-0.91,-6.64,5.73,-0.010706,0.677593,-0.0158,36,49,0.4235,36,49,0.4235,298.91
24,14,85,0,-0.91,-6.64,5.73,-0.010706,0.533463,-0.020069,26,59,0.3059,33,52,0.3882,278.71
19,31,85,0,-0.92,-6.64,5.72,-0.010823,0.623716,-0.017353,33,52,0.3882,36,49,0.4235,284.65
30,15,85,0,-0.93,-6.64,5.71,-0.010941,0.540191,-0.020254,26,59,0.3059,27,58,0.3176,292.68
31,15,85,0,-0.93,-6.64,5.71,-0.010941,0.540191,-0.020254,26,59,0.3059,27,58,0.3176,292.68
32,15,85,0,-0.93,-6.64,5.71,-0.010941,0.540191,-0.020254,26,59,0.3059,27,58,0.3176,292.68
33,15,85,0,-0.93,-6.64,5.71,-0.010941,0.540191,-0.020254,26,59,0.3059,27,58,0.3176,292.68
34,15,85,0,-0.93,-6.64,5.71,-0.010941,0.540191,-0.020254,26,59,0.3059,27,58,0.3176,292.68
18,13,85,0,-0.93,-6.64,5.71,-0.010941,0.51528,-0.021233,28,57,0.3294,40,45,0.4706,241.46
9,57,85,0,-0.94,-6.64,5.7,-0.011059,0.604946,-0.018281,40,45,0.4706,39,46,0.4588,260.06
16,44,85,0,-0.95,-6.64,5.69,-0.011176,0.660554,-0.01692,36,49,0.4235,37,48,0.4353,291.99
16,45,85,0,-0.95,-6.64,5.69,-0.011176,0.660554,-0.01692,36,49,0.4235,37,48,0.4353,291.99
18,26,85,0,-0.95,-6.64,5.69,-0.011176,0.591661,-0.01889,32,53,0.3765,36,49,0.4235,280.12
20,58,85,0,-0.96,-6.64,5.68,-0.011294,0.74776,-0.015104,36,49,0.4235,29,56,0.3412,321.67
19,53,85,0,-0.96,-6.64,5.68,-0.011294,0.71935,-0.0157,36,49,0.4235,33,52,0.3882,307.82
17,41,85,0,-0.96,-6.64,5.68,-0.011294,0.646092,-0.017481,35,50,0.4118,37,48,0.4353,291.3
17,42,85,0,-0.96,-6.64,5.68,-0.011294,0.646092,-0.017481,35,50,0.4118,37,48,0.4353,291.3
16,46,85,0,-0.97,-6.64,5.67,-0.011412,0.6609,-0.017267,36,49,0.4235,37,48,0.4353,291.99
18,21,85,0,-0.97,-6.64,5.67,-0.011412,0.566985,-0.020127,31,54,0.3647,36,49,0.4235,273.99
29,15,85,0,-0.97,-6.64,5.67,-0.011412,0.539458,-0.021154,26,59,0.3059,28,57,0.3294,290.38
21,63,85,0,-0.98,-6.64,5.66,-0.011529,0.774029,-0.014895,36,49,0.4235,28,57,0.3294,325.53
19,32,85,0,-0.98,-6.64,5.66,-0.011529,0.624928,-0.018449,33,52,0.3882,36,49,0.4235,284.65
18,27,85,0,-0.98,-6.64,5.66,-0.011529,0.592206,-0.019468,32,53,0.3765,36,49,0.4235,280.19
6,43,85,0,-0.98,-6.64,5.66,-0.011529,0.48285,-0.023878,42,43,0.4941,42,43,0.4941,229.52
16,47,85,0,-0.99,-6.64,5.65,-0.011647,0.661252,-0.017614,36,49,0.4235,37,48,0.4353,291.99
27,15,85,0,-1.0,-6.64,5.64,-0.011765,0.53893,-0.02183,26,59,0.3059,28,57,0.3294,289.68
28,15,85,0,-1.0,-6.64,5.64,-0.011765,0.53893,-0.02183,26,59,0.3059,28,57,0.3294,289.68
21,15,85,0,-1.01,-6.64,5.63,-0.011882,0.532079,-0.022332,27,58,0.3176,35,50,0.4118,259.55
37,12,85,0,-1.01,-6.64,5.63,-0.011882,0.527912,-0.022508,25,60,0.2941,33,52,0.3882,277.1
23,11,85,0,-1.02,-6.64,5.62,-0.012,0.51733,-0.023196,25,60,0.2941,41,44,0.4824,240.79
35,12,85,0,-1.03,-6.64,5.61,-0.012118,0.527605,-0.022967,25,60,0.2941,33,52,0.3882,277.1
36,12,85,0,-1.03,-6.64,5.61,-0.012118,0.527605,-0.022967,25,60,0.2941,33,52,0.3882,277.1
16,12,85,0,-1.03,-6.64,5.61,-0.012118,0.506371,-0.02393,28,57,0.3294,43,42,0.5059,231.76
11,55,85,0,-1.04,-6.64,5.6,-0.012235,0.627219,-0.019507,39,46,0.4588,38,47,0.4471,273.67
19,33,85,0,-1.04,-6.64,5.6,-0.012235,0.625759,-0.019553,33,52,0.3882,36,49,0.4235,284.8
19,54,85,0,-1.06,-6.64,5.58,-0.012471,0.721973,-0.017273,36,49,0.4235,33,52,0.3882,307.85
11,56,85,0,-1.06,-6.64,5.58,-0.012471,0.627882,-0.019861,39,46,0.4588,38,47,0.4471,273.68
26,15,85,0,-1.06,-6.64,5.58,-0.012471,0.537932,-0.023182,26,59,0.3059,28,57,0.3294,289.44
7,51,85,0,-1.06,-6.64,5.58,-0.012471,0.516932,-0.024124,42,43,0.4941,42,43,0.4941,234.7
7,52,85,0,-1.06,-6.64,5.58,-0.012471,0.516932,-0.024124,42,43,0.4941,42,43,0.4941,234.7
7,53,85,0,-1.06,-6.64,5.58,-0.012471,0.516932,-0.024124,42,43,0.4941,42,43,0.4941,234.7
20,59,85,0,-1.08,-6.64,5.56,-0.012706,0.751339,-0.016911,36,49,0.4235,29,56,0.3412,322.18
20,60,85,0,-1.08,-6.64,5.56,-0.012706,0.751339,-0.016911,36,49,0.4235,29,56,0.3412,322.18
20,61,85,0,-1.08,-6.64,5.56,-0.012706,0.751339,-0.016911,36,49,0.4235,29,56,0.3412,322.18
23,14,85,0,-1.08,-6.64,5.56,-0.012706,0.531049,-0.023926,26,59,0.3059,36,49,0.4235,271.92
17,11,85,0,-1.08,-6.64,5.56,-0.012706,0.503359,-0.025242,27,58,0.3176,44,41,0.5176,221.36
18,22,85,0,-1.09,-6.64,5.55,-0.012823,0.56891,-0.02254,31,54,0.3647,36,49,0.4235,274.24
25,15,85,0,-1.09,-6.64,5.55,-0.012823,0.537608,-0.023853,26,59,0.3059,29,56,0.3412,288.78
10,63,85,0,-1.1,-6.64,5.54,-0.012941,0.657466,-0.019683,40,45,0.4706,37,48,0.4353,268.22
10,64,85,0,-1.1,-6.64,5.54,-0.012941,0.657466,-0.019683,40,45,0.4706,37,48,0.4353,268.22
14,63,85,0,-1.11,-6.64,5.53,-0.013059,0.713534,-0.018302,38,47,0.4471,36,49,0.4235,289.23
11,57,85,0,-1.11,-6.64,5.53,-0.013059,0.629561,-0.020743,39,46,0.4588,38,47,0.4471,273.69
38,13,85,0,-1.11,-6.64,5.53,-0.013059,0.536891,-0.024323,25,60,0.2941,31,54,0.3647,283.47
17,13,85,0,-1.11,-6.64,5.53,-0.013059,0.513485,-0.025432,28,57,0.3294,41,44,0.4824,239.11
22,3,85,0,-1.11,-6.64,5.53,-0.013059,0.441682,-0.029566,20,65,0.2353,65,20,0.7647,134.07
19,15,85,0,-1.12,-6.64,5.52,-0.013176,0.523093,-0.025189,28,57,0.3294,36,49,0.4235,254.98
7,54,85,0,-1.12,-6.64,5.52,-0.013176,0.519286,-0.025374,42,43,0.4941,42,43,0.4941,234.71
7,55,85,0,-1.12,-6.64,5.52,-0.013176,0.519286,-0.025374,42,43,0.4941,42,43,0.4941,234.71
18,14,85,0,-1.12,-6.64,5.52,-0.013176,0.517126,-0.02548,28,57,0.3294,39,46,0.4588,247.41
10,66,85,0,-1.14,-6.64,5.5,-0.013412,0.658903,-0.020355,40,45,0.4706,35,50,0.4118,271.78
10,67,85,0,-1.14,-6.64,5.5,-0.013412,0.658903,-0.020355,40,45,0.4706,35,50,0.4118,271.78
10,68,85,0,-1.14,-6.64,5.5,-0.013412,0.658903,-0.020355,40,45,0.4706,35,50,0.4118,271.78
10,69,85,0,-1.14,-6.64,5.5,-0.013412,0.658903,-0.020355,40,45,0.4706,35,50,0.4118,271.78
10,70,85,0,-1.14,-6.64,5.5,-0.013412,0.658903,-0.020355,40,45,0.4706,35,50,0.4118,271.78
10,71,85,0,-1.14,-6.64,5.5,-0.013412,0.658903,-0.020355,40,45,0.4706,35,50,0.4118,271.78
7,56,85,0,-1.14,-6.64,5.5,-0.013412,0.520086,-0.025788,42,43,0.4941,42,43,0.4941,234.72
24,15,85,0,-1.15,-6.64,5.49,-0.013529,0.536789,-0.025204,26,59,0.3059,30,55,0.3529,284.86
10,65,85,0,-1.16,-6.64,5.48,-0.013647,0.659626,-0.020689,40,45,0.4706,37,48,0.4353,269.87
18,31,85,0,-1.16,-6.64,5.48,-0.013647,0.621589,-0.021955,33,52,0.3882,36,49,0.4235,283.22
16,29,85,0,-1.16,-6.64,5.48,-0.013647,0.592613,-0.023029,33,52,0.3882,37,48,0.4353,276.62
40,13,85,0,-1.16,-6.64,5.48,-0.013647,0.551882,-0.024728,24,61,0.2824,31,54,0.3647,284.78
20,13,85,0,-1.16,-6.64,5.48,-0.013647,0.519459,-0.026272,27,58,0.3176,39,46,0.4588,245.81
21,64,85,0,-1.17,-6.64,5.47,-0.013765,0.778087,-0.01769,36,49,0.4235,28,57,0.3294,325.94
20,62,85,0,-1.17,-6.64,5.47,-0.013765,0.754089,-0.018253,36,49,0.4235,29,56,0.3412,322.18
10,72,85,0,-1.17,-6.64,5.47,-0.013765,0.660096,-0.020853,40,45,0.4706,35,50,0.4118,272.25
15,44,85,0,-1.17,-6.64,5.47,-0.013765,0.659076,-0.020885,36,49,0.4235,39,46,0.4588,287.68
15,45,85,0,-1.17,-6.64,5.47,-0.013765,0.659076,-0.020885,36,49,0.4235,39,46,0.4588,287.68
7,40,85,0,-1.17,-6.64,5.47,-0.013765,0.47884,-0.028746,41,44,0.4824,42,43,0.4941,228.16
19,4,85,0,-1.17,-6.64,5.47,-0.013765,0.446598,-0.030821,22,63,0.2588,62,23,0.7294,142.82
21,3,85,0,-1.18,-6.64,5.46,-0.013882,0.440752,-0.031497,20,65,0.2353,65,20,0.7647,132.99
15,46,85,0,-1.19,-6.64,5.45,-0.014,0.659421,-0.021231,36,49,0.4235,39,46,0.4588,287.69
7,57,85,0,-1.19,-6.64,5.45,-0.014,0.522112,-0.026814,42,43,0.4941,42,43,0.4941,234.73
20,11,85,0,-1.19,-6.64,5.45,-0.014,0.508717,-0.02752,26,59,0.3059,42,43,0.4941,227.59
38,11,85,0,-1.2,-6.64,5.44,-0.014118,0.524906,-0.026895,24,61,0.2824,35,50,0.4118,257.55
15,12,85,0,-1.2,-6.64,5.44,-0.014118,0.50486,-0.027963,28,57,0.3294,45,40,0.5294,227.46
22,4,85,0,-1.2,-6.64,5.44,-0.014118,0.453096,-0.031158,21,64,0.2471,62,23,0.7294,145.89
21,66,85,0,-1.21,-6.64,5.43,-0.014235,0.779301,-0.018267,36,49,0.4235,26,59,0.3059,329.5
21,67,85,0,-1.21,-6.64,5.43,-0.014235,0.779301,-0.018267,36,49,0.4235,26,59,0.3059,329.5
21,68,85,0,-1.21,-6.64,5.43,-0.014235,0.779301,-0.018267,36,49,0.4235,26,59,0.3059,329.5
21,69,85,0,-1.21,-6.64,5.43,-0.014235,0.779301,-0.018267,36,49,0.4235,26,59,0.3059,329.5
15,47,85,0,-1.21,-6.64,5.43,-0.014235,0.659773,-0.021576,36,49,0.4235,39,46,0.4588,287.69
20,28,85,0,-1.21,-6.64,5.43,-0.014235,0.597663,-0.023818,31,54,0.3647,35,50,0.4118,286.28
40,11,85,0,-1.21,-6.64,5.43,-0.014235,0.540003,-0.026361,23,62,0.2706,35,50,0.4118,258.38
39,12,85,0,-1.21,-6.64,5.43,-0.014235,0.5392,-0.026401,24,61,0.2824,33,52,0.3882,278.57
19,3,85,0,-1.21,-6.64,5.43,-0.014235,0.435552,-0.032683,21,64,0.2471,65,20,0.7647,131.36
10,75,85,0,-1.22,-6.64,5.42,-0.014353,0.662113,-0.021677,40,45,0.4706,34,51,0.4,272.67
10,76,85,0,-1.22,-6.64,5.42,-0.014353,0.662113,-0.021677,40,45,0.4706,34,51,0.4,272.67
10,77,85,0,-1.22,-6.64,5.42,-0.014353,0.662113,-0.021677,40,45,0.4706,34,51,0.4,272.67
10,78,85,0,-1.22,-6.64,5.42,-0.014353,0.662113,-0.021677,40,45,0.4706,34,51,0.4,272.67
10,79,85,0,-1.22,-6.64,5.42,-0.014353,0.662113,-0.021677,40,45,0.4706,34,51,0.4,272.67
10,80,85,0,-1.22,-6.64,5.42,-0.014353,0.662113,-0.021677,40,45,0.4706,34,51,0.4,272.67
18,32,85,0,-1.22,-6.64,5.42,-0.014353,0.622802,-0.023046,33,52,0.3882,36,49,0.4235,283.23
21,65,85,0,-1.23,-6.64,5.41,-0.014471,0.779912,-0.018554,36,49,0.4235,28,57,0.3294,327.59
18,53,85,0,-1.23,-6.64,5.41,-0.014471,0.717251,-0.020175,36,49,0.4235,33,52,0.3882,305.92
10,73,85,0,-1.23,-6.64,5.41,-0.014471,0.662521,-0.021842,40,45,0.4706,35,50,0.4118,272.48
10,74,85,0,-1.23,-6.64,5.41,-0.014471,0.662521,-0.021842,40,45,0.4706,35,50,0.4118,272.48
7,41,85,0,-1.23,-6.64,5.41,-0.014471,0.480799,-0.030097,41,44,0.4824,42,43,0.4941,229.1
7,42,85,0,-1.23,-6.64,5.41,-0.014471,0.480799,-0.030097,41,44,0.4824,42,43,0.4941,229.1
17,51,85,0,-1.24,-6.64,5.4,-0.014588,0.687517,-0.021219,36,49,0.4235,36,49,0.4235,300.12
17,21,85,0,-1.24,-6.64,5.4,-0.014588,0.564387,-0.025848,31,54,0.3647,37,48,0.4353,271.52
19,34,85,0,-1.26,-6.64,5.38,-0.014823,0.629311,-0.023555,33,52,0.3882,36,49,0.4235,285.72
19,19,85,0,-1.26,-6.64,5.38,-0.014823,0.560394,-0.026452,30,55,0.3529,36,49,0.4235,266.68
21,44,85,0,-1.27,-6.64,5.37,-0.014941,0.699742,-0.021352,34,51,0.4,33,52,0.3882,313.4
21,45,85,0,-1.27,-6.64,5.37,-0.014941,0.699742,-0.021352,34,51,0.4,33,52,0.3882,313.4
17,52,85,0,-1.27,-6.64,5.37,-0.014941,0.688358,-0.021705,36,49,0.4235,36,49,0.4235,300.12
8,43,85,0,-1.27,-6.64,5.37,-0.014941,0.518348,-0.028825,40,45,0.4706,41,44,0.4824,240.86
21,4,85,0,-1.27,-6.64,5.37,-0.014941,0.452187,-0.033042,21,64,0.2471,62,23,0.7294,144.82
18,33,85,0,-1.28,-6.64,5.36,-0.015059,0.623633,-0.024147,33,52,0.3882,36,49,0.4235,283.37
18,4,85,0,-1.28,-6.64,5.36,-0.015059,0.445388,-0.03381,22,63,0.2588,62,23,0.7294,142.09
21,46,85,0,-1.29,-6.64,5.35,-0.015176,0.700067,-0.021679,34,51,0.4,33,52,0.3882,313.4
14,43,85,0,-1.29,-6.64,5.35,-0.015176,0.639491,-0.023732,36,49,0.4235,39,46,0.4588,277.01
21,29,85,0,-1.29,-6.64,5.35,-0.015176,0.61925,-0.024508,31,54,0.3647,35,50,0.4118,290.26
16,11,85,0,-1.29,-6.64,5.35,-0.015176,0.500877,-0.0303,27,58,0.3176,44,41,0.5176,219.93
14,64,85,0,-1.3,-6.64,5.34,-0.015294,0.71793,-0.021303,38,47,0.4471,36,49,0.4235,289.64
17,14,85,0,-1.3,-6.64,5.34,-0.015294,0.515328,-0.029678,28,57,0.3294,40,45,0.4706,245.06
30,55,85,0,-1.31,-6.64,5.33,-0.015412,0.758185,-0.020327,34,51,0.4,17,68,0.2,365.31
31,55,85,0,-1.31,-6.64,5.33,-0.015412,0.758185,-0.020327,34,51,0.4,17,68,0.2,365.31
32,55,85,0,-1.31,-6.64,5.33,-0.015412,0.758185,-0.020327,34,51,0.4,17,68,0.2,365.31
33,55,85,0,-1.31,-6.64,5.33,-0.015412,0.758185,-0.020327,34,51,0.4,17,68,0.2,365.31
34,55,85,0,-1.31,-6.64,5.33,-0.015412,0.758185,-0.020327,34,51,0.4,17,68,0.2,365.31
21,47,85,0,-1.31,-6.64,5.33,-0.015412,0.700399,-0.022004,34,51,0.4,33,52,0.3882,313.41
38,14,85,0,-1.32,-6.64,5.32,-0.015529,0.538781,-0.028823,25,60,0.2941,30,55,0.3529,289.89
23,15,85,0,-1.32,-6.64,5.32,-0.015529,0.534379,-0.029061,26,59,0.3059,33,52,0.3882,278.07
18,3,85,0,-1.32,-6.64,5.32,-0.015529,0.43431,-0.035756,21,64,0.2471,65,20,0.7647,130.63
18,54,85,0,-1.33,-6.64,5.31,-0.015647,0.719877,-0.021736,36,49,0.4235,33,52,0.3882,305.95
19,37,85,0,-1.33,-6.64,5.31,-0.015647,0.651335,-0.024023,34,51,0.4,35,50,0.4118,289.41
14,28,85,0,-1.33,-6.64,5.31,-0.015647,0.569832,-0.027459,33,52,0.3882,39,46,0.4588,262.69
14,66,85,0,-1.34,-6.64,5.3,-0.015765,0.719245,-0.021918,38,47,0.4471,34,51,0.4,293.2
14,67,85,0,-1.34,-6.64,5.3,-0.015765,0.719245,-0.021918,38,47,0.4471,34,51,0.4,293.2
14,68,85,0,-1.34,-6.64,5.3,-0.015765,0.719245,-0.021918,38,47,0.4471,34,51,0.4,293.2
14,69,85,0,-1.34,-6.64,5.3,-0.015765,0.719245,-0.021918,38,47,0.4471,34,51,0.4,293.2
14,70,85,0,-1.34,-6.64,5.3,-0.015765,0.719245,-0.021918,38,47,0.4471,34,51,0.4,293.2
14,71,85,0,-1.34,-6.64,5.3,-0.015765,0.719245,-0.021918,38,47,0.4471,34,51,0.4,293.2
20,43,85,0,-1.34,-6.64,5.3,-0.015765,0.680141,-0.023179,34,51,0.4,33,52,0.3882,308.37
17,30,85,0,-1.34,-6.64,5.3,-0.015765,0.610717,-0.025813,33,52,0.3882,37,48,0.4353,280.04
29,55,85,0,-1.35,-6.64,5.29,-0.015882,0.75766,-0.020962,34,51,0.4,18,67,0.2118,363.02
13,55,85,0,-1.35,-6.64,5.29,-0.015882,0.656874,-0.024179,38,47,0.4471,37,48,0.4353,281.4
20,14,85,0,-1.35,-6.64,5.29,-0.015882,0.521279,-0.030468,27,58,0.3176,38,47,0.4471,251.75
14,65,85,0,-1.36,-6.64,5.28,-0.016,0.719906,-0.022225,38,47,0.4471,36,49,0.4235,291.29
15,29,85,0,-1.36,-6.64,5.28,-0.016,0.591069,-0.02707,33,52,0.3882,39,46,0.4588,272.32
17,22,85,0,-1.36,-6.64,5.28,-0.016,0.566313,-0.028253,31,54,0.3647,37,48,0.4353,271.77
18,15,85,0,-1.36,-6.64,5.28,-0.016,0.520543,-0.030737,28,57,0.3294,36,49,0.4235,253.56
17,4,85,0,-1.36,-6.64,5.28,-0.016,0.444576,-0.035989,22,63,0.2588,63,22,0.7412,140.22
21,70,85,0,-1.37,-6.64,5.27,-0.016118,0.784696,-0.02054,36,49,0.4235,25,60,0.2941,331.27
21,71,85,0,-1.37,-6.64,5.27,-0.016118,0.784696,-0.02054,36,49,0.4235,25,60,0.2941,331.27
14,72,85,0,-1.37,-6.64,5.27,-0.016118,0.720336,-0.022375,38,47,0.4471,34,51,0.4,293.67
12,58,85,0,-1.37,-6.64,5.27,-0.016118,0.659527,-0.024438,39,46,0.4588,37,48,0.4353,276.99
13,56,85,0,-1.37,-6.64,5.27,-0.016118,0.657506,-0.024513,38,47,0.4471,37,48,0.4353,281.4
9,43,85,0,-1.38,-6.64,5.26,-0.016235,0.56991,-0.028487,39,46,0.4588,40,45,0.4706,253.46
40,14,85,0,-1.39,-6.64,5.25,-0.016353,0.553839,-0.029526,24,61,0.2824,30,55,0.3529,291.43
37,13,85,0,-1.39,-6.64,5.25,-0.016353,0.5318,-0.03075,25,60,0.2941,31,54,0.3647,283.23
16,13,85,0,-1.39,-6.64,5.25,-0.016353,0.510298,-0.032046,28,57,0.3294,41,44,0.4824,237.21
21,72,85,0,-1.4,-6.64,5.24,-0.016471,0.785696,-0.020963,36,49,0.4235,25,60,0.2941,331.74
26,3,85,0,-1.4,-6.64,5.24,-0.016471,0.444944,-0.037017,19,66,0.2235,60,25,0.7059,149.19
27,3,85,0,-1.4,-6.64,5.24,-0.016471,0.444944,-0.037017,19,66,0.2235,60,25,0.7059,149.19
28,3,85,0,-1.4,-6.64,5.24,-0.016471,0.444944,-0.037017,19,66,0.2235,60,25,0.7059,149.19
29,3,85,0,-1.4,-6.64,5.24,-0.016471,0.444944,-0.037017,19,66,0.2235,60,25,0.7059,149.19
30,3,85,0,-1.4,-6.64,5.24,-0.016471,0.444944,-0.037017,19,66,0.2235,60,25,0.7059,149.19
31,3,85,0,-1.4,-6.64,5.24,-0.016471,0.444944,-0.037017,19,66,0.2235,60,25,0.7059,149.19
32,3,85,0,-1.4,-6.64,5.24,-0.016471,0.444944,-0.037017,19,66,0.2235,60,25,0.7059,149.19
33,3,85,0,-1.4,-6.64,5.24,-0.016471,0.444944,-0.037017,19,66,0.2235,60,25,0.7059,149.19
34,3,85,0,-1.4,-6.64,5.24,-0.016471,0.444944,-0.037017,19,66,0.2235,60,25,0.7059,149.19
17,3,85,0,-1.4,-6.64,5.24,-0.016471,0.433476,-0.037996,21,64,0.2471,66,19,0.7765,128.76
35,13,85,0,-1.41,-6.64,5.23,-0.016588,0.531493,-0.031211,25,60,0.2941,31,54,0.3647,283.23
36,13,85,0,-1.41,-6.64,5.23,-0.016588,0.531493,-0.031211,25,60,0.2941,31,54,0.3647,283.23
28,55,85,0,-1.42,-6.64,5.22,-0.016706,0.756768,-0.022075,34,51,0.4,19,66,0.2235,361.42
13,57,85,0,-1.42,-6.64,5.22,-0.016706,0.659107,-0.025346,38,47,0.4471,37,48,0.4353,281.41
19,38,85,0,-1.42,-6.64,5.22,-0.016706,0.653347,-0.02557,34,51,0.4,35,50,0.4118,289.89
14,73,85,0,-1.43,-6.64,5.21,-0.016823,0.722557,-0.023283,38,47,0.4471,34,51,0.4,293.9
25,3,85,0,-1.43,-6.64,5.21,-0.016823,0.444549,-0.037844,19,66,0.2235,61,24,0.7176,148.54
16,48,85,0,-1.44,-6.64,5.2,-0.016941,0.670989,-0.025248,36,49,0.4235,36,49,0.4235,293.77
27,55,85,0,-1.45,-6.64,5.19,-0.017059,0.756399,-0.022553,34,51,0.4,19,66,0.2235,360.35
14,74,85,0,-1.45,-6.64,5.19,-0.017059,0.723049,-0.023593,38,47,0.4471,34,51,0.4,294.14
17,26,85,0,-1.45,-6.64,5.19,-0.017059,0.586561,-0.029083,32,53,0.3765,37,48,0.4353,277.22
21,73,85,0,-1.46,-6.64,5.18,-0.017176,0.787733,-0.021805,36,49,0.4235,25,60,0.2941,331.98
14,75,85,0,-1.46,-6.64,5.18,-0.017176,0.723174,-0.023751,38,47,0.4471,33,52,0.3882,294.33
16,40,85,0,-1.46,-6.64,5.18,-0.017176,0.639672,-0.026852,35,50,0.4118,37,48,0.4353,285.69
15,11,85,0,-1.46,-6.64,5.18,-0.017176,0.499337,-0.034398,27,58,0.3176,46,39,0.5412,215.63
14,77,85,0,-1.47,-6.64,5.17,-0.017294,0.723425,-0.023906,38,47,0.4471,32,53,0.3765,296.43
14,78,85,0,-1.47,-6.64,5.17,-0.017294,0.723425,-0.023906,38,47,0.4471,32,53,0.3765,296.43
14,79,85,0,-1.47,-6.64,5.17,-0.017294,0.723425,-0.023906,38,47,0.4471,32,53,0.3765,296.43
14,80,85,0,-1.47,-6.64,5.17,-0.017294,0.723425,-0.023906,38,47,0.4471,32,53,0.3765,296.43
14,12,85,0,-1.47,-6.64,5.17,-0.017294,0.502691,-0.034403,28,57,0.3294,45,40,0.5294,219.82
21,74,85,0,-1.48,-6.64,5.16,-0.017412,0.788184,-0.022091,36,49,0.4235,25,60,0.2941,332.21
14,76,85,0,-1.48,-6.64,5.16,-0.017412,0.723678,-0.02406,38,47,0.4471,33,52,0.3882,295.78
17,27,85,0,-1.48,-6.64,5.16,-0.017412,0.587108,-0.029657,32,53,0.3765,37,48,0.4353,277.29
37,11,85,0,-1.48,-6.64,5.16,-0.017412,0.519691,-0.033504,24,61,0.2824,35,50,0.4118,257.31
6,44,85,0,-1.48,-6.64,5.16,-0.017412,0.501066,-0.034749,42,43,0.4941,42,43,0.4941,231.79
6,45,85,0,-1.48,-6.64,5.16,-0.017412,0.501066,-0.034749,42,43,0.4941,42,43,0.4941,231.79
6,46,85,0,-1.48,-6.64,5.16,-0.017412,0.501066,-0.034749,42,43,0.4941,42,43,0.4941,231.79
6,47,85,0,-1.48,-6.64,5.16,-0.017412,0.501066,-0.034749,42,43,0.4941,42,43,0.4941,231.79
6,48,85,0,-1.48,-6.64,5.16,-0.017412,0.501066,-0.034749,42,43,0.4941,42,43,0.4941,231.79
6,49,85,0,-1.48,-6.64,5.16,-0.017412,0.501066,-0.034749,42,43,0.4941,42,43,0.4941,231.79
6,50,85,0,-1.48,-6.64,5.16,-0.017412,0.501066,-0.034749,42,43,0.4941,42,43,0.4941,231.79
21,75,85,0,-1.49,-6.64,5.15,-0.017529,0.788298,-0.022237,36,49,0.4235,24,61,0.2824,332.41
12,59,85,0,-1.49,-6.64,5.15,-0.017529,0.663572,-0.026417,39,46,0.4588,37,48,0.4353,277.5
12,60,85,0,-1.49,-6.64,5.15,-0.017529,0.663572,-0.026417,39,46,0.4588,37,48,0.4353,277.5
12,61,85,0,-1.49,-6.64,5.15,-0.017529,0.663572,-0.026417,39,46,0.4588,37,48,0.4353,277.5
26,4,85,0,-1.49,-6.64,5.15,-0.017529,0.456268,-0.038419,20,65,0.2353,57,28,0.6706,161.02
27,4,85,0,-1.49,-6.64,5.15,-0.017529,0.456268,-0.038419,20,65,0.2353,57,28,0.6706,161.02
28,4,85,0,-1.49,-6.64,5.15,-0.017529,0.456268,-0.038419,20,65,0.2353,57,28,0.6706,161.02
29,4,85,0,-1.49,-6.64,5.15,-0.017529,0.456268,-0.038419,20,65,0.2353,57,28,0.6706,161.02
30,4,85,0,-1.49,-6.64,5.15,-0.017529,0.456268,-0.038419,20,65,0.2353,57,28,0.6706,161.02
31,4,85,0,-1.49,-6.64,5.15,-0.017529,0.456268,-0.038419,20,65,0.2353,57,28,0.6706,161.02
32,4,85,0,-1.49,-6.64,5.15,-0.017529,0.456268,-0.038419,20,65,0.2353,57,28,0.6706,161.02
33,4,85,0,-1.49,-6.64,5.15,-0.017529,0.456268,-0.038419,20,65,0.2353,57,28,0.6706,161.02
34,4,85,0,-1.49,-6.64,5.15,-0.017529,0.456268,-0.038419,20,65,0.2353,57,28,0.6706,161.02
24,3,85,0,-1.49,-6.64,5.15,-0.017529,0.443551,-0.03952,19,66,0.2235,62,23,0.7294,144.61
21,77,85,0,-1.5,-6.64,5.14,-0.017647,0.788529,-0.02238,36,49,0.4235,23,62,0.2706,334.51
21,78,85,0,-1.5,-6.64,5.14,-0.017647,0.788529,-0.02238,36,49,0.4235,23,62,0.2706,334.51
21,79,85,0,-1.5,-6.64,5.14,-0.017647,0.788529,-0.02238,36,49,0.4235,23,62,0.2706,334.51
21,80,85,0,-1.5,-6.64,5.14,-0.017647,0.788529,-0.02238,36,49,0.4235,23,62,0.2706,334.51
16,49,85,0,-1.5,-6.64,5.14,-0.017647,0.67264,-0.026235,36,49,0.4235,36,49,0.4235,293.78
16,50,85,0,-1.5,-6.64,5.14,-0.017647,0.67264,-0.026235,36,49,0.4235,36,49,0.4235,293.78
18,34,85,0,-1.5,-6.64,5.14,-0.017647,0.627185,-0.028137,33,52,0.3882,36,49,0.4235,284.3
18,19,85,0,-1.5,-6.64,5.14,-0.017647,0.558006,-0.031625,30,55,0.3529,36,49,0.4235,265.25
35,11,85,0,-1.5,-6.64,5.14,-0.017647,0.519376,-0.033977,24,61,0.2824,35,50,0.4118,257.3
36,11,85,0,-1.5,-6.64,5.14,-0.017647,0.519376,-0.033977,24,61,0.2824,35,50,0.4118,257.3
21,76,85,0,-1.51,-6.64,5.13,-0.017765,0.788761,-0.022522,36,49,0.4235,24,61,0.2824,333.85
16,41,85,0,-1.52,-6.64,5.12,-0.017882,0.641136,-0.027892,35,50,0.4118,37,48,0.4353,286.63
16,42,85,0,-1.52,-6.64,5.12,-0.017882,0.641136,-0.027892,35,50,0.4118,37,48,0.4353,286.63
25,4,85,0,-1.52,-6.64,5.12,-0.017882,0.455882,-0.039226,20,65,0.2353,58,27,0.6824,160.36
30,56,85,0,-1.53,-6.64,5.11,-0.018,0.764463,-0.023546,34,51,0.4,17,68,0.2,365.36
31,56,85,0,-1.53,-6.64,5.11,-0.018,0.764463,-0.023546,34,51,0.4,17,68,0.2,365.36
32,56,85,0,-1.53,-6.64,5.11,-0.018,0.764463,-0.023546,34,51,0.4,17,68,0.2,365.36
33,56,85,0,-1.53,-6.64,5.11,-0.018,0.764463,-0.023546,34,51,0.4,17,68,0.2,365.36
34,56,85,0,-1.53,-6.64,5.11,-0.018,0.764463,-0.023546,34,51,0.4,17,68,0.2,365.36
19,23,85,0,-1.53,-6.64,5.11,-0.018,0.585483,-0.030744,31,54,0.3647,36,49,0.4235,276.1
26,55,85,0,-1.54,-6.64,5.1,-0.018118,0.755328,-0.023986,34,51,0.4,19,66,0.2235,360.12
17,15,85,0,-1.54,-6.64,5.1,-0.018118,0.518745,-0.034926,28,57,0.3294,37,48,0.4353,251.21
20,3,85,0,-1.54,-6.64,5.1,-0.018118,0.435509,-0.041601,20,65,0.2353,65,20,0.7647,131.81
38,15,85,0,-1.55,-6.64,5.09,-0.018235,0.541985,-0.033645,25,60,0.2941,26,59,0.3059,297.16
15,13,85,0,-1.56,-6.64,5.08,-0.018353,0.508782,-0.036072,28,57,0.3294,43,42,0.5059,232.91
29,56,85,0,-1.57,-6.64,5.07,-0.018471,0.763941,-0.024178,34,51,0.4,18,67,0.2118,363.07
18,37,85,0,-1.57,-6.64,5.07,-0.018471,0.649277,-0.028448,34,51,0.4,35,50,0.4118,287.98
16,4,85,0,-1.57,-6.64,5.07,-0.018471,0.441746,-0.041813,22,63,0.2588,63,22,0.7412,138.78
30,57,85,0,-1.58,-6.64,5.06,-0.018588,0.765839,-0.024272,34,51,0.4,17,68,0.2,365.37
31,57,85,0,-1.58,-6.64,5.06,-0.018588,0.765839,-0.024272,34,51,0.4,17,68,0.2,365.37
32,57,85,0,-1.58,-6.64,5.06,-0.018588,0.765839,-0.024272,34,51,0.4,17,68,0.2,365.37
33,57,85,0,-1.58,-6.64,5.06,-0.018588,0.765839,-0.024272,34,51,0.4,17,68,0.2,365.37
34,57,85,0,-1.58,-6.64,5.06,-0.018588,0.765839,-0.024272,34,51,0.4,17,68,0.2,365.37
12,62,85,0,-1.58,-6.64,5.06,-0.018588,0.666676,-0.027882,39,46,0.4588,37,48,0.4353,277.5
16,14,85,0,-1.58,-6.64,5.06,-0.018588,0.512139,-0.036295,28,57,0.3294,40,45,0.4706,243.15
24,4,85,0,-1.58,-6.64,5.06,-0.018588,0.454907,-0.040861,20,65,0.2353,59,26,0.6941,156.43
22,55,85,0,-1.59,-6.64,5.05,-0.018706,0.749763,-0.024949,35,50,0.4118,28,57,0.3294,332.22
39,13,85,0,-1.59,-6.64,5.05,-0.018706,0.542987,-0.03445,24,61,0.2824,31,54,0.3647,284.69
20,15,85,0,-1.59,-6.64,5.05,-0.018706,0.524654,-0.035654,27,58,0.3176,35,50,0.4118,257.9
22,16,85,0,-1.6,-6.64,5.04,-0.018823,0.542056,-0.034726,27,58,0.3176,35,50,0.4118,266.61
37,14,85,0,-1.6,-6.64,5.04,-0.018823,0.533692,-0.03527,25,60,0.2941,30,55,0.3529,289.64
25,55,85,0,-1.61,-6.64,5.03,-0.018941,0.754622,-0.0251,34,51,0.4,21,64,0.2471,358.57
40,15,85,0,-1.61,-6.64,5.03,-0.018941,0.556892,-0.034012,24,61,0.2824,25,60,0.2941,299.36
16,3,85,0,-1.61,-6.64,5.03,-0.018941,0.43057,-0.043991,21,64,0.2471,66,19,0.7765,127.32
20,63,85,0,-1.62,-6.64,5.02,-0.019059,0.768497,-0.0248,36,49,0.4235,29,56,0.3412,322.6
29,57,85,0,-1.62,-6.64,5.02,-0.019059,0.765318,-0.024903,34,51,0.4,18,67,0.2118,363.08
19,24,85,0,-1.62,-6.64,5.02,-0.019059,0.587011,-0.032467,31,54,0.3647,36,49,0.4235,276.25
35,14,85,0,-1.62,-6.64,5.02,-0.019059,0.533384,-0.035732,25,60,0.2941,30,55,0.3529,289.64
36,14,85,0,-1.62,-6.64,5.02,-0.019059,0.533384,-0.035732,25,60,0.2941,30,55,0.3529,289.64
23,3,85,0,-1.62,-6.64,5.02,-0.019059,0.441336,-0.043184,19,66,0.2235,64,21,0.7529,139.66
10,12,85,0,-1.63,-6.64,5.01,-0.019176,0.464454,-0.041288,31,54,0.3647,45,40,0.5294,206.03
20,4,85,0,-1.63,-6.64,5.01,-0.019176,0.447068,-0.042894,21,64,0.2471,62,23,0.7294,143.64
28,56,85,0,-1.64,-6.64,5.0,-0.019294,0.763054,-0.025285,34,51,0.4,19,66,0.2235,361.47
39,11,85,0,-1.64,-6.64,5.0,-0.019294,0.530904,-0.036342,23,62,0.2706,35,50,0.4118,258.3
9,58,85,0,-1.65,-6.64,4.99,-0.019412,0.633756,-0.03063,40,45,0.4706,38,47,0.4471,261.83
30,16,85,0,-1.65,-6.64,4.99,-0.019412,0.548492,-0.035391,26,59,0.3059,27,58,0.3176,293.54
31,16,85,0,-1.65,-6.64,4.99,-0.019412,0.548492,-0.035391,26,59,0.3059,27,58,0.3176,293.54
32,16,85,0,-1.65,-6.64,4.99,-0.019412,0.548492,-0.035391,26,59,0.3059,27,58,0.3176,293.54
33,16,85,0,-1.65,-6.64,4.99,-0.019412,0.548492,-0.035391,26,59,0.3059,27,58,0.3176,293.54
34,16,85,0,-1.65,-6.64,4.99,-0.019412,0.548492,-0.035391,26,59,0.3059,27,58,0.3176,293.54
15,48,85,0,-1.66,-6.64,4.98,-0.019529,0.669511,-0.02917,36,49,0.4235,38,47,0.4471,289.46
18,38,85,0,-1.66,-6.64,4.98,-0.019529,0.651292,-0.029986,34,51,0.4,35,50,0.4118,288.46
17,31,85,0,-1.66,-6.64,4.98,-0.019529,0.616713,-0.031667,33,52,0.3882,37,48,0.4353,280.32
19,20,85,0,-1.66,-6.64,4.98,-0.019529,0.567276,-0.034427,30,55,0.3529,36,49,0.4235,267.06
27,56,85,0,-1.67,-6.64,4.97,-0.019647,0.762687,-0.02576,34,51,0.4,19,66,0.2235,360.4
15,40,85,0,-1.68,-6.64,4.96,-0.019765,0.63812,-0.030973,35,50,0.4118,39,46,0.4588,281.39
30,28,85,0,-1.68,-6.64,4.96,-0.019765,0.621714,-0.031791,29,56,0.3412,24,61,0.2824,329.2
31,28,85,0,-1.68,-6.64,4.96,-0.019765,0.621714,-0.031791,29,56,0.3412,24,61,0.2824,329.2
32,28,85,0,-1.68,-6.64,4.96,-0.019765,0.621714,-0.031791,29,56,0.3412,24,61,0.2824,329.2
33,28,85,0,-1.68,-6.64,4.96,-0.019765,0.621714,-0.031791,29,56,0.3412,24,61,0.2824,329.2
34,28,85,0,-1.68,-6.64,4.96,-0.019765,0.621714,-0.031791,29,56,0.3412,24,61,0.2824,329.2
17,19,85,0,-1.68,-6.64,4.96,-0.019765,0.556323,-0.035527,30,55,0.3529,37,48,0.4353,262.9
13,12,85,0,-1.68,-6.64,4.96,-0.019765,0.481903,-0.041014,29,56,0.3412,45,40,0.5294,215.85
28,57,85,0,-1.69,-6.64,4.95,-0.019882,0.764432,-0.026009,34,51,0.4,19,66,0.2235,361.48
29,16,85,0,-1.69,-6.64,4.95,-0.019882,0.547763,-0.036297,26,59,0.3059,28,57,0.3294,291.24
21,18,85,0,-1.71,-6.64,4.93,-0.020118,0.560655,-0.035882,28,57,0.3294,35,50,0.4118,263.07
23,4,85,0,-1.71,-6.64,4.93,-0.020118,0.452744,-0.044435,20,65,0.2353,61,24,0.7176,151.48
15,4,85,0,-1.71,-6.64,4.93,-0.020118,0.440231,-0.045698,22,63,0.2588,64,21,0.7529,136.31
27,57,85,0,-1.72,-6.64,4.92,-0.020235,0.764065,-0.026484,34,51,0.4,19,66,0.2235,360.42
15,49,85,0,-1.72,-6.64,4.92,-0.020235,0.671163,-0.03015,36,49,0.4235,38,47,0.4471,289.48
15,50,85,0,-1.72,-6.64,4.92,-0.020235,0.671163,-0.03015,36,49,0.4235,38,47,0.4471,289.48
29,28,85,0,-1.72,-6.64,4.92,-0.020235,0.62107,-0.032581,29,56,0.3412,25,60,0.2941,326.91
17,32,85,0,-1.72,-6.64,4.92,-0.020235,0.617928,-0.032747,33,52,0.3882,37,48,0.4353,280.33
16,21,85,0,-1.72,-6.64,4.92,-0.020235,0.559368,-0.036175,31,54,0.3647,37,48,0.4353,268.82
27,16,85,0,-1.72,-6.64,4.92,-0.020235,0.547238,-0.036977,26,59,0.3059,28,57,0.3294,290.54
28,16,85,0,-1.72,-6.64,4.92,-0.020235,0.547238,-0.036977,26,59,0.3059,28,57,0.3294,290.54
21,16,85,0,-1.73,-6.64,4.91,-0.020353,0.54049,-0.037656,27,58,0.3176,35,50,0.4118,260.41
14,11,85,0,-1.73,-6.64,4.91,-0.020353,0.497124,-0.040941,27,58,0.3176,46,39,0.5412,207.99
15,41,85,0,-1.74,-6.64,4.9,-0.020471,0.639585,-0.032006,35,50,0.4118,39,46,0.4588,282.33
15,42,85,0,-1.74,-6.64,4.9,-0.020471,0.639585,-0.032006,35,50,0.4118,39,46,0.4588,282.33
22,17,85,0,-1.75,-6.64,4.89,-0.020588,0.543771,-0.037862,27,58,0.3176,35,50,0.4118,266.93
15,14,85,0,-1.75,-6.64,4.89,-0.020588,0.510619,-0.04032,28,57,0.3294,42,43,0.4941,238.85
15,3,85,0,-1.75,-6.64,4.89,-0.020588,0.429014,-0.04799,21,64,0.2471,67,18,0.7882,124.85
26,56,85,0,-1.76,-6.64,4.88,-0.020706,0.761621,-0.027187,34,51,0.4,19,66,0.2235,360.17
24,55,85,0,-1.76,-6.64,4.88,-0.020706,0.753021,-0.027497,34,51,0.4,22,63,0.2588,353.36
21,48,85,0,-1.76,-6.64,4.88,-0.020706,0.70957,-0.029181,34,51,0.4,32,53,0.3765,315.18
9,59,85,0,-1.77,-6.64,4.87,-0.020823,0.637957,-0.032641,40,45,0.4706,38,47,0.4471,262.34
9,60,85,0,-1.77,-6.64,4.87,-0.020823,0.637957,-0.032641,40,45,0.4706,38,47,0.4471,262.34
9,61,85,0,-1.77,-6.64,4.87,-0.020823,0.637957,-0.032641,40,45,0.4706,38,47,0.4471,262.34
18,23,85,0,-1.77,-6.64,4.87,-0.020823,0.583181,-0.035707,31,54,0.3647,36,49,0.4235,274.68
8,44,85,0,-1.77,-6.64,4.87,-0.020823,0.53532,-0.038899,40,45,0.4706,41,44,0.4824,243.13
8,45,85,0,-1.77,-6.64,4.87,-0.020823,0.53532,-0.038899,40,45,0.4706,41,44,0.4824,243.13
8,46,85,0,-1.77,-6.64,4.87,-0.020823,0.53532,-0.038899,40,45,0.4706,41,44,0.4824,243.13
8,47,85,0,-1.77,-6.64,4.87,-0.020823,0.53532,-0.038899,40,45,0.4706,41,44,0.4824,243.13
8,48,85,0,-1.77,-6.64,4.87,-0.020823,0.53532,-0.038899,40,45,0.4706,41,44,0.4824,243.13
19,39,85,0,-1.78,-6.64,4.86,-0.020941,0.662151,-0.031626,34,51,0.4,35,50,0.4118,290.35
17,33,85,0,-1.78,-6.64,4.86,-0.020941,0.61876,-0.033844,33,52,0.3882,37,48,0.4353,280.47
26,16,85,0,-1.78,-6.64,4.86,-0.020941,0.546244,-0.038337,26,59,0.3059,28,57,0.3294,290.3
28,28,85,0,-1.79,-6.64,4.85,-0.021059,0.619977,-0.033967,29,56,0.3412,26,59,0.3059,325.31
6,51,85,0,-1.79,-6.64,4.85,-0.021059,0.513619,-0.041001,42,43,0.4941,42,43,0.4941,232.99
6,52,85,0,-1.79,-6.64,4.85,-0.021059,0.513619,-0.041001,42,43,0.4941,42,43,0.4941,232.99
6,53,85,0,-1.79,-6.64,4.85,-0.021059,0.513619,-0.041001,42,43,0.4941,42,43,0.4941,232.99
30,17,85,0,-1.8,-6.64,4.84,-0.021176,0.550185,-0.03849,26,59,0.3059,27,58,0.3176,293.86
31,17,85,0,-1.8,-6.64,4.84,-0.021176,0.550185,-0.03849,26,59,0.3059,27,58,0.3176,293.86
32,17,85,0,-1.8,-6.64,4.84,-0.021176,0.550185,-0.03849,26,59,0.3059,27,58,0.3176,293.86
33,17,85,0,-1.8,-6.64,4.84,-0.021176,0.550185,-0.03849,26,59,0.3059,27,58,0.3176,293.86
34,17,85,0,-1.8,-6.64,4.84,-0.021176,0.550185,-0.03849,26,59,0.3059,27,58,0.3176,293.86
20,64,85,0,-1.81,-6.64,4.83,-0.021294,0.772562,-0.027563,36,49,0.4235,29,56,0.3412,323.01
26,57,85,0,-1.81,-6.64,4.83,-0.021294,0.763,-0.027908,34,51,0.4,19,66,0.2235,360.18
22,56,85,0,-1.81,-6.64,4.83,-0.021294,0.7561,-0.028163,35,50,0.4118,28,57,0.3294,332.27
10,43,85,0,-1.81,-6.64,4.83,-0.021294,0.588901,-0.036159,38,47,0.4471,39,46,0.4588,257.8
25,16,85,0,-1.81,-6.64,4.83,-0.021294,0.545919,-0.039006,26,59,0.3059,29,56,0.3412,289.65
11,58,85,0,-1.82,-6.64,4.82,-0.021412,0.657267,-0.032577,39,46,0.4588,37,48,0.4353,275.47
27,28,85,0,-1.82,-6.64,4.82,-0.021412,0.619524,-0.034562,29,56,0.3412,26,59,0.3059,324.25
19,18,85,0,-1.82,-6.64,4.82,-0.021412,0.552115,-0.038781,29,56,0.3412,36,49,0.4235,258.51
39,14,85,0,-1.82,-6.64,4.82,-0.021412,0.544951,-0.039291,24,61,0.2824,30,55,0.3529,291.34
16,15,85,0,-1.82,-6.64,4.82,-0.021412,0.515558,-0.041531,28,57,0.3294,37,48,0.4353,249.3
25,56,85,0,-1.83,-6.64,4.81,-0.021529,0.760918,-0.028294,34,51,0.4,21,64,0.2471,358.62
16,51,85,0,-1.83,-6.64,4.81,-0.021529,0.682596,-0.03154,36,49,0.4235,36,49,0.4235,294.99
12,63,85,0,-1.83,-6.64,4.81,-0.021529,0.675788,-0.031858,39,46,0.4588,37,48,0.4353,277.74
14,44,85,0,-1.83,-6.64,4.81,-0.021529,0.65399,-0.03292,36,49,0.4235,39,46,0.4588,279.29
14,45,85,0,-1.83,-6.64,4.81,-0.021529,0.65399,-0.03292,36,49,0.4235,39,46,0.4588,279.29
8,49,85,0,-1.83,-6.64,4.81,-0.021529,0.537382,-0.040063,40,45,0.4706,41,44,0.4824,243.14
8,50,85,0,-1.83,-6.64,4.81,-0.021529,0.537382,-0.040063,40,45,0.4706,41,44,0.4824,243.14
37,15,85,0,-1.83,-6.64,4.81,-0.021529,0.53691,-0.040099,25,60,0.2941,26,59,0.3059,296.92
14,13,85,0,-1.83,-6.64,4.81,-0.021529,0.506603,-0.042498,28,57,0.3294,43,42,0.5059,225.26
16,22,85,0,-1.84,-6.64,4.8,-0.021647,0.561297,-0.038566,31,54,0.3647,37,48,0.4353,269.07
29,17,85,0,-1.84,-6.64,4.8,-0.021647,0.549456,-0.039397,26,59,0.3059,28,57,0.3294,291.56
19,16,85,0,-1.84,-6.64,4.8,-0.021647,0.531626,-0.040719,28,57,0.3294,36,49,0.4235,255.85
20,66,85,0,-1.85,-6.64,4.79,-0.021765,0.77378,-0.028128,36,49,0.4235,27,58,0.3176,326.57
20,67,85,0,-1.85,-6.64,4.79,-0.021765,0.77378,-0.028128,36,49,0.4235,27,58,0.3176,326.57
20,68,85,0,-1.85,-6.64,4.79,-0.021765,0.77378,-0.028128,36,49,0.4235,27,58,0.3176,326.57
20,69,85,0,-1.85,-6.64,4.79,-0.021765,0.77378,-0.028128,36,49,0.4235,27,58,0.3176,326.57
14,46,85,0,-1.85,-6.64,4.79,-0.021765,0.654336,-0.033262,36,49,0.4235,39,46,0.4588,279.3
16,30,85,0,-1.85,-6.64,4.79,-0.021765,0.605813,-0.035926,33,52,0.3882,37,48,0.4353,277.27
35,15,85,0,-1.85,-6.64,4.79,-0.021765,0.536603,-0.04056,25,60,0.2941,26,59,0.3059,296.92
36,15,85,0,-1.85,-6.64,4.79,-0.021765,0.536603,-0.04056,25,60,0.2941,26,59,0.3059,296.92
6,54,85,0,-1.85,-6.64,4.79,-0.021765,0.515976,-0.042182,42,43,0.4941,42,43,0.4941,233.0
6,55,85,0,-1.85,-6.64,4.79,-0.021765,0.515976,-0.042182,42,43,0.4941,42,43,0.4941,233.0
22,57,85,0,-1.86,-6.64,4.78,-0.021882,0.757489,-0.028888,35,50,0.4118,28,57,0.3294,332.28
16,52,85,0,-1.86,-6.64,4.78,-0.021882,0.683439,-0.032018,36,49,0.4235,36,49,0.4235,294.99
9,62,85,0,-1.86,-6.64,4.78,-0.021882,0.641179,-0.034128,40,45,0.4706,38,47,0.4471,262.34
18,24,85,0,-1.86,-6.64,4.78,-0.021882,0.584711,-0.037424,31,54,0.3647,36,49,0.4235,274.82
20,65,85,0,-1.87,-6.64,4.77,-0.022,0.774393,-0.028409,36,49,0.4235,29,56,0.3412,324.66
21,49,85,0,-1.87,-6.64,4.77,-0.022,0.712427,-0.03088,34,51,0.4,32,53,0.3765,315.36
21,50,85,0,-1.87,-6.64,4.77,-0.022,0.712427,-0.03088,34,51,0.4,32,53,0.3765,315.36
14,47,85,0,-1.87,-6.64,4.77,-0.022,0.654688,-0.033604,36,49,0.4235,39,46,0.4588,279.3
27,17,85,0,-1.87,-6.64,4.77,-0.022,0.548931,-0.040078,26,59,0.3059,28,57,0.3294,290.85
28,17,85,0,-1.87,-6.64,4.77,-0.022,0.548931,-0.040078,26,59,0.3059,28,57,0.3294,290.85
24,16,85,0,-1.87,-6.64,4.77,-0.022,0.545101,-0.040359,26,59,0.3059,30,55,0.3529,285.72
6,56,85,0,-1.87,-6.64,4.77,-0.022,0.516778,-0.042571,42,43,0.4941,42,43,0.4941,233.01
14,4,85,0,-1.87,-6.64,4.77,-0.022,0.438824,-0.050134,22,63,0.2588,64,21,0.7529,129.99
25,57,85,0,-1.88,-6.64,4.76,-0.022118,0.762298,-0.029014,34,51,0.4,21,64,0.2471,358.63
20,44,85,0,-1.88,-6.64,4.76,-0.022118,0.693785,-0.03188,34,51,0.4,33,52,0.3882,310.65
20,45,85,0,-1.88,-6.64,4.76,-0.022118,0.693785,-0.03188,34,51,0.4,33,52,0.3882,310.65
9,44,85,0,-1.88,-6.64,4.76,-0.022118,0.585375,-0.037784,39,46,0.4588,40,45,0.4706,255.73
9,45,85,0,-1.88,-6.64,4.76,-0.022118,0.585375,-0.037784,39,46,0.4588,40,45,0.4706,255.73
9,46,85,0,-1.88,-6.64,4.76,-0.022118,0.585375,-0.037784,39,46,0.4588,40,45,0.4706,255.73
9,47,85,0,-1.88,-6.64,4.76,-0.022118,0.585375,-0.037784,39,46,0.4588,40,45,0.4706,255.73
9,48,85,0,-1.88,-6.64,4.76,-0.022118,0.585375,-0.037784,39,46,0.4588,40,45,0.4706,255.73
21,17,85,0,-1.88,-6.64,4.76,-0.022118,0.542205,-0.040792,27,58,0.3176,35,50,0.4118,260.73
22,28,85,0,-1.89,-6.64,4.75,-0.022235,0.612288,-0.036315,30,55,0.3529,34,51,0.4,298.15
10,11,85,0,-1.89,-6.64,4.75,-0.022235,0.458409,-0.048505,30,55,0.3529,46,39,0.5412,194.2
38,3,85,0,-1.89,-6.64,4.75,-0.022235,0.446295,-0.049822,18,67,0.2118,60,25,0.7059,150.98
20,46,85,0,-1.9,-6.64,4.74,-0.022353,0.694111,-0.032204,34,51,0.4,33,52,0.3882,310.66
20,29,85,0,-1.9,-6.64,4.74,-0.022353,0.612508,-0.036494,31,54,0.3647,35,50,0.4118,287.52
18,20,85,0,-1.9,-6.64,4.74,-0.022353,0.564893,-0.03957,30,55,0.3529,36,49,0.4235,265.63
7,58,85,0,-1.9,-6.64,4.74,-0.022353,0.555191,-0.040262,42,43,0.4941,41,44,0.4824,236.5
6,40,85,0,-1.9,-6.64,4.74,-0.022353,0.475238,-0.047035,41,44,0.4824,42,43,0.4941,226.45
26,28,85,0,-1.91,-6.64,4.73,-0.022471,0.618208,-0.036348,29,56,0.3412,26,59,0.3059,324.01
14,3,85,0,-1.91,-6.64,4.73,-0.022471,0.427568,-0.052554,21,64,0.2471,67,18,0.7882,118.53
20,47,85,0,-1.92,-6.64,4.72,-0.022588,0.694442,-0.032527,34,51,0.4,33,52,0.3882,310.66
15,21,85,0,-1.92,-6.64,4.72,-0.022588,0.557704,-0.040502,31,54,0.3647,39,46,0.4588,264.52
6,57,85,0,-1.92,-6.64,4.72,-0.022588,0.518806,-0.043539,42,43,0.4941,42,43,0.4941,233.02
19,5,85,0,-1.92,-6.64,4.72,-0.022588,0.450421,-0.050149,22,63,0.2588,57,28,0.6706,160.41
38,55,85,0,-1.93,-6.64,4.71,-0.022706,0.759421,-0.029899,33,52,0.3882,16,69,0.1882,369.8
26,17,85,0,-1.93,-6.64,4.71,-0.022706,0.547938,-0.041439,26,59,0.3059,28,57,0.3294,290.62
11,59,85,0,-1.94,-6.64,4.7,-0.022823,0.661315,-0.034512,39,46,0.4588,37,48,0.4353,275.98
11,60,85,0,-1.94,-6.64,4.7,-0.022823,0.661315,-0.034512,39,46,0.4588,37,48,0.4353,275.98
11,61,85,0,-1.94,-6.64,4.7,-0.022823,0.661315,-0.034512,39,46,0.4588,37,48,0.4353,275.98
9,49,85,0,-1.94,-6.64,4.7,-0.022823,0.587261,-0.038864,39,46,0.4588,40,45,0.4706,255.74
9,50,85,0,-1.94,-6.64,4.7,-0.022823,0.587261,-0.038864,39,46,0.4588,40,45,0.4706,255.74
13,11,85,0,-1.94,-6.64,4.7,-0.022823,0.476077,-0.047941,28,57,0.3294,46,39,0.5412,204.02
17,53,85,0,-1.95,-6.64,4.69,-0.022941,0.711161,-0.032259,36,49,0.4235,35,50,0.4118,301.89
19,25,85,0,-1.95,-6.64,4.69,-0.022941,0.592241,-0.038736,31,54,0.3647,36,49,0.4235,276.32
22,5,85,0,-1.95,-6.64,4.69,-0.022941,0.456857,-0.050215,21,64,0.2471,57,28,0.6706,163.48
21,21,85,0,-1.96,-6.64,4.68,-0.023059,0.581846,-0.03963,29,56,0.3412,35,50,0.4118,281.78
16,26,85,0,-1.96,-6.64,4.68,-0.023059,0.581441,-0.039658,32,53,0.3765,37,48,0.4353,274.45
25,17,85,0,-1.96,-6.64,4.68,-0.023059,0.547614,-0.042108,26,59,0.3059,29,56,0.3412,289.96
6,41,85,0,-1.96,-6.64,4.68,-0.023059,0.477199,-0.048321,41,44,0.4824,42,43,0.4941,227.4
6,42,85,0,-1.96,-6.64,4.68,-0.023059,0.477199,-0.048321,41,44,0.4824,42,43,0.4941,227.4
21,40,85,0,-1.97,-6.64,4.67,-0.023176,0.678275,-0.03417,33,52,0.3882,33,52,0.3882,306.4
24,56,85,0,-1.98,-6.64,4.66,-0.023294,0.759324,-0.030677,34,51,0.4,22,63,0.2588,353.41
25,28,85,0,-1.98,-6.64,4.66,-0.023294,0.617339,-0.037733,29,56,0.3412,28,57,0.3294,322.46
38,4,85,0,-1.98,-6.64,4.66,-0.023294,0.457572,-0.050908,19,66,0.2235,57,28,0.6706,162.8
40,55,85,0,-1.99,-6.64,4.65,-0.023412,0.770126,-0.0304,32,53,0.3765,15,70,0.1765,372.0
16,27,85,0,-1.99,-6.64,4.65,-0.023412,0.581989,-0.040227,32,53,0.3765,37,48,0.4353,274.52
19,17,85,0,-1.99,-6.64,4.65,-0.023412,0.533364,-0.043894,28,57,0.3294,36,49,0.4235,256.16
15,15,85,0,-1.99,-6.64,4.65,-0.023412,0.514038,-0.045545,28,57,0.3294,39,46,0.4588,245.0
40,4,85,0,-1.99,-6.64,4.65,-0.023412,0.474812,-0.049307,18,67,0.2118,57,28,0.6706,163.64
10,13,85,0,-1.99,-6.64,4.65,-0.023412,0.468667,-0.049954,31,54,0.3647,43,42,0.5059,211.48
23,55,85,0,-2.0,-6.64,4.64,-0.023529,0.750531,-0.03135,34,51,0.4,26,59,0.3059,344.78
17,34,85,0,-2.0,-6.64,4.64,-0.023529,0.622315,-0.037809,33,52,0.3882,37,48,0.4353,281.4
21,26,85,0,-2.0,-6.64,4.64,-0.023529,0.60692,-0.038768,30,55,0.3529,35,50,0.4118,287.91
22,10,85,0,-2.0,-6.64,4.64,-0.023529,0.501718,-0.046898,24,61,0.2824,44,41,0.5176,220.62
20,70,85,0,-2.01,-6.64,4.63,-0.023647,0.779195,-0.030348,36,49,0.4235,26,59,0.3059,328.34
20,71,85,0,-2.01,-6.64,4.63,-0.023647,0.779195,-0.030348,36,49,0.4235,26,59,0.3059,328.34
2,43,85,0,-2.01,-6.64,4.63,-0.023647,0.430315,-0.054953,36,45,0.4235,45,40,0.5294,203.08
12,64,85,0,-2.02,-6.64,4.62,-0.023765,0.680399,-0.034928,39,46,0.4588,37,48,0.4353,278.15
18,39,85,0,-2.02,-6.64,4.62,-0.023765,0.660105,-0.036001,34,51,0.4,35,50,0.4118,288.92
14,29,85,0,-2.02,-6.64,4.62,-0.023765,0.585363,-0.040598,33,52,0.3882,39,46,0.4588,263.92
7,59,85,0,-2.02,-6.64,4.62,-0.023765,0.559974,-0.042439,42,43,0.4941,41,44,0.4824,237.02
7,60,85,0,-2.02,-6.64,4.62,-0.023765,0.559974,-0.042439,42,43,0.4941,41,44,0.4824,237.02
7,61,85,0,-2.02,-6.64,4.62,-0.023765,0.559974,-0.042439,42,43,0.4941,41,44,0.4824,237.02
24,17,85,0,-2.02,-6.64,4.62,-0.023765,0.546796,-0.043462,26,59,0.3059,30,55,0.3529,286.03
14,14,85,0,-2.02,-6.64,4.62,-0.023765,0.508433,-0.046741,28,57,0.3294,42,43,0.4941,231.21
21,5,85,0,-2.02,-6.64,4.62,-0.023765,0.455939,-0.052122,21,64,0.2471,57,28,0.6706,162.4
24,57,85,0,-2.03,-6.64,4.61,-0.023882,0.760705,-0.031395,34,51,0.4,22,63,0.2588,353.43
21,41,85,0,-2.03,-6.64,4.61,-0.023882,0.67965,-0.035139,33,52,0.3882,33,52,0.3882,307.35
21,42,85,0,-2.03,-6.64,4.61,-0.023882,0.67965,-0.035139,33,52,0.3882,33,52,0.3882,307.35
11,62,85,0,-2.03,-6.64,4.61,-0.023882,0.664421,-0.035945,39,46,0.4588,37,48,0.4353,275.98
18,5,85,0,-2.03,-6.64,4.61,-0.023882,0.449195,-0.053167,22,63,0.2588,57,28,0.6706,159.68
20,72,85,0,-2.04,-6.64,4.6,-0.024,0.780199,-0.030761,36,49,0.4235,26,59,0.3059,328.81
17,23,85,0,-2.04,-6.64,4.6,-0.024,0.580603,-0.041336,31,54,0.3647,37,48,0.4353,272.2
15,22,85,0,-2.04,-6.64,4.6,-0.024,0.559632,-0.042885,31,54,0.3647,39,46,0.4588,264.76
39,15,85,0,-2.04,-6.64,4.6,-0.024,0.548029,-0.043793,24,61,0.2824,25,60,0.2941,299.28
23,16,85,0,-2.04,-6.64,4.6,-0.024,0.542696,-0.044224,26,59,0.3059,33,52,0.3882,278.93
13,13,85,0,-2.04,-6.64,4.6,-0.024,0.48596,-0.049387,29,56,0.3412,43,42,0.5059,221.3
17,54,85,0,-2.05,-6.64,4.59,-0.024118,0.713795,-0.033788,36,49,0.4235,35,50,0.4118,301.92
15,51,85,0,-2.05,-6.64,4.59,-0.024118,0.681125,-0.035408,36,49,0.4235,38,47,0.4471,290.68
15,30,85,0,-2.05,-6.64,4.59,-0.024118,0.604271,-0.039912,33,52,0.3882,39,46,0.4588,272.97
12,66,85,0,-2.06,-6.64,4.58,-0.024235,0.681781,-0.035547,39,46,0.4588,35,50,0.4118,281.7
12,67,85,0,-2.06,-6.64,4.58,-0.024235,0.681781,-0.035547,39,46,0.4588,35,50,0.4118,281.7
12,68,85,0,-2.06,-6.64,4.58,-0.024235,0.681781,-0.035547,39,46,0.4588,35,50,0.4118,281.7
12,69,85,0,-2.06,-6.64,4.58,-0.024235,0.681781,-0.035547,39,46,0.4588,35,50,0.4118,281.7
12,70,85,0,-2.06,-6.64,4.58,-0.024235,0.681781,-0.035547,39,46,0.4588,35,50,0.4118,281.7
12,71,85,0,-2.06,-6.64,4.58,-0.024235,0.681781,-0.035547,39,46,0.4588,35,50,0.4118,281.7
18,18,85,0,-2.06,-6.64,4.58,-0.024235,0.549656,-0.044092,29,56,0.3412,36,49,0.4235,257.08
5,43,85,0,-2.06,-6.64,4.58,-0.024235,0.477776,-0.050725,42,43,0.4941,42,43,0.4941,223.16
21,10,85,0,-2.07,-6.64,4.57,-0.024353,0.500881,-0.04862,24,61,0.2824,44,41,0.5176,219.55
7,12,85,0,-2.07,-6.64,4.57,-0.024353,0.411537,-0.059175,35,50,0.4118,48,37,0.5647,185.68
12,65,85,0,-2.08,-6.64,4.56,-0.024471,0.682475,-0.035856,39,46,0.4588,37,48,0.4353,279.8
15,52,85,0,-2.08,-6.64,4.56,-0.024471,0.681969,-0.035882,36,49,0.4235,38,47,0.4471,290.68
21,22,85,0,-2.08,-6.64,4.56,-0.024471,0.583694,-0.041924,29,56,0.3412,35,50,0.4118,282.03
17,20,85,0,-2.08,-6.64,4.56,-0.024471,0.563212,-0.043448,30,55,0.3529,37,48,0.4353,263.28
18,16,85,0,-2.08,-6.64,4.56,-0.024471,0.52907,-0.046252,28,57,0.3294,36,49,0.4235,254.42
12,72,85,0,-2.09,-6.64,4.55,-0.024588,0.682927,-0.036004,39,46,0.4588,35,50,0.4118,282.18
20,73,85,0,-2.1,-6.64,4.54,-0.024706,0.782243,-0.031583,36,49,0.4235,26,59,0.3059,329.05
17,37,85,0,-2.1,-6.64,4.54,-0.024706,0.644378,-0.038341,34,51,0.4,37,48,0.4353,284.2
9,63,85,0,-2.11,-6.64,4.53,-0.024823,0.650633,-0.038153,40,45,0.4706,38,47,0.4471,262.58
9,64,85,0,-2.11,-6.64,4.53,-0.024823,0.650633,-0.038153,40,45,0.4706,38,47,0.4471,262.58
7,62,85,0,-2.11,-6.64,4.53,-0.024823,0.563637,-0.044042,42,43,0.4941,41,44,0.4824,237.02
17,5,85,0,-2.11,-6.64,4.53,-0.024823,0.448372,-0.055364,22,63,0.2588,58,27,0.6824,157.81
1,43,85,0,-2.11,-6.64,4.53,-0.024823,0.429303,-0.057823,33,47,0.3882,48,37,0.5647,192.06
20,74,85,0,-2.12,-6.64,4.52,-0.024941,0.782695,-0.031866,36,49,0.4235,26,59,0.3059,329.28
21,27,85,0,-2.12,-6.64,4.52,-0.024941,0.609066,-0.04095,30,55,0.3529,35,50,0.4118,288.17
16,19,85,0,-2.12,-6.64,4.52,-0.024941,0.55157,-0.045218,30,55,0.3529,37,48,0.4353,260.67
20,75,85,0,-2.13,-6.64,4.51,-0.025059,0.782809,-0.032011,36,49,0.4235,25,60,0.2941,329.47
13,58,85,0,-2.13,-6.64,4.51,-0.025059,0.685575,-0.036551,38,47,0.4471,36,49,0.4235,283.19
24,28,85,0,-2.13,-6.64,4.51,-0.025059,0.615368,-0.040722,29,56,0.3412,29,56,0.3412,317.26
17,24,85,0,-2.13,-6.64,4.51,-0.025059,0.582134,-0.043046,31,54,0.3647,37,48,0.4353,272.35
20,77,85,0,-2.14,-6.64,4.5,-0.025176,0.78304,-0.032152,36,49,0.4235,24,61,0.2824,331.58
20,78,85,0,-2.14,-6.64,4.5,-0.025176,0.78304,-0.032152,36,49,0.4235,24,61,0.2824,331.58
20,79,85,0,-2.14,-6.64,4.5,-0.025176,0.78304,-0.032152,36,49,0.4235,24,61,0.2824,331.58
20,80,85,0,-2.14,-6.64,4.5,-0.025176,0.78304,-0.032152,36,49,0.4235,24,61,0.2824,331.58
20,76,85,0,-2.15,-6.64,4.49,-0.025294,0.783272,-0.032293,36,49,0.4235,25,60,0.2941,330.92
38,56,85,0,-2.15,-6.64,4.49,-0.025294,0.765664,-0.033035,33,52,0.3882,16,69,0.1882,369.85
12,73,85,0,-2.15,-6.64,4.49,-0.025294,0.685261,-0.036912,39,46,0.4588,35,50,0.4118,282.41
9,66,85,0,-2.15,-6.64,4.49,-0.025294,0.652076,-0.03879,40,45,0.4706,36,49,0.4235,266.13
9,67,85,0,-2.15,-6.64,4.49,-0.025294,0.652076,-0.03879,40,45,0.4706,36,49,0.4235,266.13
9,68,85,0,-2.15,-6.64,4.49,-0.025294,0.652076,-0.03879,40,45,0.4706,36,49,0.4235,266.13
9,69,85,0,-2.15,-6.64,4.49,-0.025294,0.652076,-0.03879,40,45,0.4706,36,49,0.4235,266.13
9,70,85,0,-2.15,-6.64,4.49,-0.025294,0.652076,-0.03879,40,45,0.4706,36,49,0.4235,266.13
9,71,85,0,-2.15,-6.64,4.49,-0.025294,0.652076,-0.03879,40,45,0.4706,36,49,0.4235,266.13
15,26,85,0,-2.16,-6.64,4.48,-0.025412,0.579829,-0.043826,32,53,0.3765,39,46,0.4588,270.15
8,51,85,0,-2.16,-6.64,4.48,-0.025412,0.549765,-0.046223,40,45,0.4706,41,44,0.4824,244.34
30,10,85,0,-2.16,-6.64,4.48,-0.025412,0.506972,-0.050125,23,62,0.2706,38,47,0.4471,238.98
31,10,85,0,-2.16,-6.64,4.48,-0.025412,0.506972,-0.050125,23,62,0.2706,38,47,0.4471,238.98
32,10,85,0,-2.16,-6.64,4.48,-0.025412,0.506972,-0.050125,23,62,0.2706,38,47,0.4471,238.98
33,10,85,0,-2.16,-6.64,4.48,-0.025412,0.506972,-0.050125,23,62,0.2706,38,47,0.4471,238.98
34,10,85,0,-2.16,-6.64,4.48,-0.025412,0.506972,-0.050125,23,62,0.2706,38,47,0.4471,238.98
19,10,85,0,-2.16,-6.64,4.48,-0.025412,0.492939,-0.051551,25,60,0.2941,44,41,0.5176,217.32
12,74,85,0,-2.17,-6.64,4.47,-0.025529,0.685776,-0.037227,39,46,0.4588,35,50,0.4118,282.65
9,65,85,0,-2.17,-6.64,4.47,-0.025529,0.652803,-0.039107,40,45,0.4706,38,47,0.4471,264.23
16,31,85,0,-2.17,-6.64,4.47,-0.025529,0.611821,-0.041727,33,52,0.3882,37,48,0.4353,277.55
37,3,85,0,-2.17,-6.64,4.47,-0.025529,0.440088,-0.05801,18,67,0.2118,60,25,0.7059,150.73
12,75,85,0,-2.18,-6.64,4.46,-0.025647,0.685906,-0.037391,39,46,0.4588,34,51,0.4,282.84
9,72,85,0,-2.18,-6.64,4.46,-0.025647,0.653275,-0.039259,40,45,0.4706,36,49,0.4235,266.61
10,14,85,0,-2.18,-6.64,4.46,-0.025647,0.470636,-0.054494,31,54,0.3647,42,43,0.4941,217.42
12,77,85,0,-2.19,-6.64,4.45,-0.025765,0.68617,-0.037548,39,46,0.4588,33,52,0.3882,284.94
12,78,85,0,-2.19,-6.64,4.45,-0.025765,0.68617,-0.037548,39,46,0.4588,33,52,0.3882,284.94
12,79,85,0,-2.19,-6.64,4.45,-0.025765,0.68617,-0.037548,39,46,0.4588,33,52,0.3882,284.94
12,80,85,0,-2.19,-6.64,4.45,-0.025765,0.68617,-0.037548,39,46,0.4588,33,52,0.3882,284.94
17,38,85,0,-2.19,-6.64,4.45,-0.025765,0.646397,-0.039859,34,51,0.4,37,48,0.4353,284.68
18,25,85,0,-2.19,-6.64,4.45,-0.025765,0.589942,-0.043673,31,54,0.3647,36,49,0.4235,274.89
15,27,85,0,-2.19,-6.64,4.45,-0.025765,0.580376,-0.044393,32,53,0.3765,39,46,0.4588,270.22
8,52,85,0,-2.19,-6.64,4.45,-0.025765,0.55081,-0.046776,40,45,0.4706,41,44,0.4824,244.35
23,17,85,0,-2.19,-6.64,4.45,-0.025765,0.544392,-0.047327,26,59,0.3059,33,52,0.3882,279.25
8,40,85,0,-2.19,-6.64,4.45,-0.025765,0.511192,-0.050401,39,46,0.4588,41,44,0.4824,237.79
35,3,85,0,-2.19,-6.64,4.45,-0.025765,0.439711,-0.058594,18,67,0.2118,60,25,0.7059,150.73
36,3,85,0,-2.19,-6.64,4.45,-0.025765,0.439711,-0.058594,18,67,0.2118,60,25,0.7059,150.73
38,57,85,0,-2.2,-6.64,4.44,-0.025882,0.767032,-0.033743,33,52,0.3882,16,69,0.1882,369.86
12,76,85,0,-2.2,-6.64,4.44,-0.025882,0.686435,-0.037705,39,46,0.4588,34,51,0.4,284.28
29,10,85,0,-2.2,-6.64,4.44,-0.025882,0.506177,-0.051133,23,62,0.2706,39,46,0.4588,236.69
40,56,85,0,-2.21,-6.64,4.43,-0.026,0.776281,-0.033493,32,53,0.3765,15,70,0.1765,372.05
37,55,85,0,-2.21,-6.64,4.43,-0.026,0.755787,-0.034401,33,52,0.3882,16,69,0.1882,369.55
23,56,85,0,-2.22,-6.64,4.42,-0.026118,0.756845,-0.034509,34,51,0.4,26,59,0.3059,344.83
35,55,85,0,-2.23,-6.64,4.41,-0.026235,0.755568,-0.034723,33,52,0.3882,16,69,0.1882,369.55
36,55,85,0,-2.23,-6.64,4.41,-0.026235,0.755568,-0.034723,33,52,0.3882,16,69,0.1882,369.55
9,75,85,0,-2.23,-6.64,4.41,-0.026235,0.655302,-0.040035,40,45,0.4706,35,50,0.4118,267.03
9,76,85,0,-2.23,-6.64,4.41,-0.026235,0.655302,-0.040035,40,45,0.4706,35,50,0.4118,267.03
9,77,85,0,-2.23,-6.64,4.41,-0.026235,0.655302,-0.040035,40,45,0.4706,35,50,0.4118,267.03
9,78,85,0,-2.23,-6.64,4.41,-0.026235,0.655302,-0.040035,40,45,0.4706,35,50,0.4118,267.03
9,79,85,0,-2.23,-6.64,4.41,-0.026235,0.655302,-0.040035,40,45,0.4706,35,50,0.4118,267.03
9,80,85,0,-2.23,-6.64,4.41,-0.026235,0.655302,-0.040035,40,45,0.4706,35,50,0.4118,267.03
16,32,85,0,-2.23,-6.64,4.41,-0.026235,0.613039,-0.042795,33,52,0.3882,37,48,0.4353,277.56
18,17,85,0,-2.23,-6.64,4.41,-0.026235,0.530808,-0.049425,28,57,0.3294,36,49,0.4235,254.73
27,10,85,0,-2.23,-6.64,4.41,-0.026235,0.505604,-0.051889,23,62,0.2706,39,46,0.4588,235.98
28,10,85,0,-2.23,-6.64,4.41,-0.026235,0.505604,-0.051889,23,62,0.2706,39,46,0.4588,235.98
13,14,85,0,-2.23,-6.64,4.41,-0.026235,0.487857,-0.053776,29,56,0.3412,42,43,0.4941,227.24
9,73,85,0,-2.24,-6.64,4.4,-0.026353,0.655713,-0.04019,40,45,0.4706,36,49,0.4235,266.84
9,74,85,0,-2.24,-6.64,4.4,-0.026353,0.655713,-0.04019,40,45,0.4706,36,49,0.4235,266.84
17,18,85,0,-2.24,-6.64,4.4,-0.026353,0.547922,-0.048096,29,56,0.3412,37,48,0.4353,254.73
26,5,85,0,-2.24,-6.64,4.4,-0.026353,0.459937,-0.057297,20,65,0.2353,52,33,0.6118,178.6
27,5,85,0,-2.24,-6.64,4.4,-0.026353,0.459937,-0.057297,20,65,0.2353,52,33,0.6118,178.6
28,5,85,0,-2.24,-6.64,4.4,-0.026353,0.459937,-0.057297,20,65,0.2353,52,33,0.6118,178.6
29,5,85,0,-2.24,-6.64,4.4,-0.026353,0.459937,-0.057297,20,65,0.2353,52,33,0.6118,178.6
30,5,85,0,-2.24,-6.64,4.4,-0.026353,0.459937,-0.057297,20,65,0.2353,52,33,0.6118,178.6
31,5,85,0,-2.24,-6.64,4.4,-0.026353,0.459937,-0.057297,20,65,0.2353,52,33,0.6118,178.6
32,5,85,0,-2.24,-6.64,4.4,-0.026353,0.459937,-0.057297,20,65,0.2353,52,33,0.6118,178.6
33,5,85,0,-2.24,-6.64,4.4,-0.026353,0.459937,-0.057297,20,65,0.2353,52,33,0.6118,178.6
34,5,85,0,-2.24,-6.64,4.4,-0.026353,0.459937,-0.057297,20,65,0.2353,52,33,0.6118,178.6
13,59,85,0,-2.25,-6.64,4.39,-0.026471,0.689449,-0.038394,38,47,0.4471,36,49,0.4235,283.7
13,60,85,0,-2.25,-6.64,4.39,-0.026471,0.689449,-0.038394,38,47,0.4471,36,49,0.4235,283.7
13,61,85,0,-2.25,-6.64,4.39,-0.026471,0.689449,-0.038394,38,47,0.4471,36,49,0.4235,283.7
8,41,85,0,-2.25,-6.64,4.39,-0.026471,0.513011,-0.051598,39,46,0.4588,41,44,0.4824,238.73
8,42,85,0,-2.25,-6.64,4.39,-0.026471,0.513011,-0.051598,39,46,0.4588,41,44,0.4824,238.73
40,57,85,0,-2.26,-6.64,4.38,-0.026588,0.77763,-0.034191,32,53,0.3765,15,70,0.1765,372.06
17,16,85,0,-2.26,-6.64,4.38,-0.026588,0.527267,-0.050426,28,57,0.3294,37,48,0.4353,252.07
14,15,85,0,-2.26,-6.64,4.38,-0.026588,0.511849,-0.051945,28,57,0.3294,39,46,0.4588,237.36
37,4,85,0,-2.26,-6.64,4.38,-0.026588,0.451512,-0.058887,19,66,0.2235,57,28,0.6706,162.56
23,57,85,0,-2.27,-6.64,4.37,-0.026706,0.758228,-0.035221,34,51,0.4,26,59,0.3059,344.84
21,30,85,0,-2.27,-6.64,4.37,-0.026706,0.63791,-0.041865,31,54,0.3647,35,50,0.4118,290.96
9,51,85,0,-2.27,-6.64,4.37,-0.026706,0.598604,-0.044614,39,46,0.4588,40,45,0.4706,256.95
38,16,85,0,-2.27,-6.64,4.37,-0.026706,0.550146,-0.048543,25,60,0.2941,26,59,0.3059,298.03
25,5,85,0,-2.27,-6.64,4.37,-0.026706,0.459548,-0.058113,20,65,0.2353,53,32,0.6235,177.95
11,63,85,0,-2.28,-6.64,4.36,-0.026823,0.673539,-0.039825,39,46,0.4588,37,48,0.4353,276.21
35,4,85,0,-2.28,-6.64,4.36,-0.026823,0.451145,-0.059457,19,66,0.2235,57,28,0.6706,162.56
36,4,85,0,-2.28,-6.64,4.36,-0.026823,0.451145,-0.059457,19,66,0.2235,57,28,0.6706,162.56
30,58,85,0,-2.29,-6.64,4.35,-0.026941,0.788714,-0.034158,34,51,0.4,16,69,0.1882,367.15
31,58,85,0,-2.29,-6.64,4.35,-0.026941,0.788714,-0.034158,34,51,0.4,16,69,0.1882,367.15
32,58,85,0,-2.29,-6.64,4.35,-0.026941,0.788714,-0.034158,34,51,0.4,16,69,0.1882,367.15
33,58,85,0,-2.29,-6.64,4.35,-0.026941,0.788714,-0.034158,34,51,0.4,16,69,0.1882,367.15
34,58,85,0,-2.29,-6.64,4.35,-0.026941,0.788714,-0.034158,34,51,0.4,16,69,0.1882,367.15
16,33,85,0,-2.29,-6.64,4.35,-0.026941,0.613869,-0.043887,33,52,0.3882,37,48,0.4353,277.7
20,18,85,0,-2.29,-6.64,4.35,-0.026941,0.55351,-0.048673,28,57,0.3294,35,50,0.4118,261.42
15,19,85,0,-2.29,-6.64,4.35,-0.026941,0.550136,-0.048972,30,55,0.3529,39,46,0.4588,256.37
26,10,85,0,-2.29,-6.64,4.35,-0.026941,0.50452,-0.0534,23,62,0.2706,39,46,0.4588,235.75
30,43,85,0,-2.3,-6.64,4.34,-0.027059,0.713497,-0.037924,32,53,0.3765,21,64,0.2471,353.44
31,43,85,0,-2.3,-6.64,4.34,-0.027059,0.713497,-0.037924,32,53,0.3765,21,64,0.2471,353.44
32,43,85,0,-2.3,-6.64,4.34,-0.027059,0.713497,-0.037924,32,53,0.3765,21,64,0.2471,353.44
33,43,85,0,-2.3,-6.64,4.34,-0.027059,0.713497,-0.037924,32,53,0.3765,21,64,0.2471,353.44
34,43,85,0,-2.3,-6.64,4.34,-0.027059,0.713497,-0.037924,32,53,0.3765,21,64,0.2471,353.44
38,28,85,0,-2.3,-6.64,4.34,-0.027059,0.623169,-0.043421,28,57,0.3294,23,62,0.2706,333.69
9,52,85,0,-2.3,-6.64,4.34,-0.027059,0.599563,-0.045131,39,46,0.4588,40,45,0.4706,256.95
9,40,85,0,-2.3,-6.64,4.34,-0.027059,0.563384,-0.048029,38,47,0.4471,40,45,0.4706,250.39
10,44,85,0,-2.31,-6.64,4.33,-0.027176,0.60383,-0.045007,38,47,0.4471,39,46,0.4588,260.07
10,45,85,0,-2.31,-6.64,4.33,-0.027176,0.60383,-0.045007,38,47,0.4471,39,46,0.4588,260.07
10,46,85,0,-2.31,-6.64,4.33,-0.027176,0.60383,-0.045007,38,47,0.4471,39,46,0.4588,260.07
10,47,85,0,-2.31,-6.64,4.33,-0.027176,0.60383,-0.045007,38,47,0.4471,39,46,0.4588,260.07
10,48,85,0,-2.31,-6.64,4.33,-0.027176,0.60383,-0.045007,38,47,0.4471,39,46,0.4588,260.07
20,16,85,0,-2.31,-6.64,4.33,-0.027176,0.533072,-0.050981,27,58,0.3176,35,50,0.4118,258.76
2,44,85,0,-2.31,-6.64,4.33,-0.027176,0.442707,-0.061387,36,45,0.4235,45,40,0.5294,203.3
2,45,85,0,-2.31,-6.64,4.33,-0.027176,0.442707,-0.061387,36,45,0.4235,45,40,0.5294,203.3
2,46,85,0,-2.31,-6.64,4.33,-0.027176,0.442707,-0.061387,36,45,0.4235,45,40,0.5294,203.3
2,47,85,0,-2.31,-6.64,4.33,-0.027176,0.442707,-0.061387,36,45,0.4235,45,40,0.5294,203.3
2,48,85,0,-2.31,-6.64,4.33,-0.027176,0.442707,-0.061387,36,45,0.4235,45,40,0.5294,203.3
2,49,85,0,-2.31,-6.64,4.33,-0.027176,0.442707,-0.061387,36,45,0.4235,45,40,0.5294,203.3
2,50,85,0,-2.31,-6.64,4.33,-0.027176,0.442707,-0.061387,36,45,0.4235,45,40,0.5294,203.3
2,51,85,0,-2.31,-6.64,4.33,-0.027176,0.442707,-0.061387,36,45,0.4235,45,40,0.5294,203.3
2,52,85,0,-2.31,-6.64,4.33,-0.027176,0.442707,-0.061387,36,45,0.4235,45,40,0.5294,203.3
2,53,85,0,-2.31,-6.64,4.33,-0.027176,0.442707,-0.061387,36,45,0.4235,45,40,0.5294,203.3
14,48,85,0,-2.32,-6.64,4.32,-0.027294,0.664437,-0.041078,36,49,0.4235,38,47,0.4471,281.07
25,10,85,0,-2.32,-6.64,4.32,-0.027294,0.504164,-0.054137,23,62,0.2706,40,45,0.4706,235.09
16,5,85,0,-2.32,-6.64,4.32,-0.027294,0.445516,-0.061264,22,63,0.2588,58,27,0.6824,156.37
29,58,85,0,-2.33,-6.64,4.31,-0.027412,0.788202,-0.034778,34,51,0.4,17,68,0.2,364.85
23,28,85,0,-2.33,-6.64,4.31,-0.027412,0.612825,-0.04473,29,56,0.3412,32,53,0.3765,310.47
40,16,85,0,-2.33,-6.64,4.31,-0.027412,0.564826,-0.048531,24,61,0.2824,25,60,0.2941,300.22
19,8,85,0,-2.33,-6.64,4.31,-0.027412,0.477726,-0.05738,23,62,0.2706,48,37,0.5647,194.48
10,15,85,0,-2.33,-6.64,4.31,-0.027412,0.473075,-0.057944,31,54,0.3647,39,46,0.4588,223.48
24,5,85,0,-2.33,-6.64,4.31,-0.027412,0.458567,-0.059777,20,65,0.2353,54,31,0.6353,174.02
39,3,85,0,-2.33,-6.64,4.31,-0.027412,0.45324,-0.060479,17,68,0.2,60,25,0.7059,151.72
40,3,85,0,-2.33,-6.64,4.31,-0.027412,0.45324,-0.060479,17,68,0.2,60,25,0.7059,151.72
7,11,85,0,-2.33,-6.64,4.31,-0.027412,0.404664,-0.06774,34,51,0.4,49,36,0.5765,173.85
29,43,85,0,-2.34,-6.64,4.3,-0.027529,0.712931,-0.038614,32,53,0.3765,22,63,0.2588,351.14
13,62,85,0,-2.34,-6.64,4.3,-0.027529,0.692423,-0.039758,38,47,0.4471,36,49,0.4235,283.7
14,40,85,0,-2.34,-6.64,4.3,-0.027529,0.632792,-0.043505,35,50,0.4118,39,46,0.4588,272.99
18,10,85,0,-2.34,-6.64,4.3,-0.027529,0.490944,-0.056074,25,60,0.2941,44,41,0.5176,216.36
21,51,85,0,-2.35,-6.64,4.29,-0.027647,0.725876,-0.038088,34,51,0.4,32,53,0.3765,316.58
14,21,85,0,-2.35,-6.64,4.29,-0.027647,0.554056,-0.049899,31,54,0.3647,39,46,0.4588,256.55
7,21,85,0,-2.35,-6.64,4.29,-0.027647,0.444103,-0.062254,38,47,0.4471,42,43,0.4941,215.28
40,28,85,0,-2.36,-6.64,4.28,-0.027765,0.636167,-0.043644,27,58,0.3176,22,63,0.2588,335.89
7,63,85,0,-2.36,-6.64,4.28,-0.027765,0.574353,-0.048341,42,43,0.4941,41,44,0.4824,237.25
7,64,85,0,-2.36,-6.64,4.28,-0.027765,0.574353,-0.048341,42,43,0.4941,41,44,0.4824,237.25
9,41,85,0,-2.36,-6.64,4.28,-0.027765,0.565033,-0.049138,38,47,0.4471,40,45,0.4706,251.33
9,42,85,0,-2.36,-6.64,4.28,-0.027765,0.565033,-0.049138,38,47,0.4471,40,45,0.4706,251.33
22,8,85,0,-2.36,-6.64,4.28,-0.027765,0.483795,-0.057389,22,63,0.2588,48,37,0.5647,197.55
20,48,85,0,-2.37,-6.64,4.27,-0.027882,0.703637,-0.039626,34,51,0.4,32,53,0.3765,312.43
15,31,85,0,-2.37,-6.64,4.27,-0.027882,0.610279,-0.045688,33,52,0.3882,39,46,0.4588,273.25
10,49,85,0,-2.37,-6.64,4.27,-0.027882,0.605652,-0.046037,38,47,0.4471,39,46,0.4588,260.08
10,50,85,0,-2.37,-6.64,4.27,-0.027882,0.605652,-0.046037,38,47,0.4471,39,46,0.4588,260.08
2,54,85,0,-2.37,-6.64,4.27,-0.027882,0.445429,-0.062596,36,45,0.4235,45,40,0.5294,203.31
2,55,85,0,-2.37,-6.64,4.27,-0.027882,0.445429,-0.062596,36,45,0.4235,45,40,0.5294,203.31
21,52,85,0,-2.38,-6.64,4.26,-0.028,0.726667,-0.038532,34,51,0.4,32,53,0.3765,316.58
14,49,85,0,-2.38,-6.64,4.26,-0.028,0.666093,-0.042036,36,49,0.4235,38,47,0.4471,281.08
14,50,85,0,-2.38,-6.64,4.26,-0.028,0.666093,-0.042036,36,49,0.4235,38,47,0.4471,281.08
24,10,85,0,-2.38,-6.64,4.26,-0.028,0.50327,-0.055636,23,62,0.2706,41,44,0.4824,231.16
20,5,85,0,-2.38,-6.64,4.26,-0.028,0.450779,-0.062115,21,64,0.2471,57,28,0.6706,161.23
7,22,85,0,-2.38,-6.64,4.26,-0.028,0.444688,-0.062965,38,47,0.4471,42,43,0.4941,215.38
2,56,85,0,-2.39,-6.64,4.25,-0.028118,0.446354,-0.062994,36,45,0.4235,45,40,0.5294,203.32
28,58,85,0,-2.4,-6.64,4.24,-0.028235,0.787333,-0.035862,34,51,0.4,18,67,0.2118,363.26
14,41,85,0,-2.4,-6.64,4.24,-0.028235,0.63426,-0.044517,35,50,0.4118,39,46,0.4588,273.93
14,42,85,0,-2.4,-6.64,4.24,-0.028235,0.63426,-0.044517,35,50,0.4118,39,46,0.4588,273.93
7,66,85,0,-2.4,-6.64,4.24,-0.028235,0.575986,-0.049021,42,43,0.4941,39,46,0.4588,240.81
7,67,85,0,-2.4,-6.64,4.24,-0.028235,0.575986,-0.049021,42,43,0.4941,39,46,0.4588,240.81
7,68,85,0,-2.4,-6.64,4.24,-0.028235,0.575986,-0.049021,42,43,0.4941,39,46,0.4588,240.81
7,69,85,0,-2.4,-6.64,4.24,-0.028235,0.575986,-0.049021,42,43,0.4941,39,46,0.4588,240.81
7,70,85,0,-2.4,-6.64,4.24,-0.028235,0.575986,-0.049021,42,43,0.4941,39,46,0.4588,240.81
7,71,85,0,-2.4,-6.64,4.24,-0.028235,0.575986,-0.049021,42,43,0.4941,39,46,0.4588,240.81
30,59,85,0,-2.41,-6.64,4.23,-0.028353,0.79208,-0.035796,34,51,0.4,16,69,0.1882,367.66
30,60,85,0,-2.41,-6.64,4.23,-0.028353,0.79208,-0.035796,34,51,0.4,16,69,0.1882,367.66
30,61,85,0,-2.41,-6.64,4.23,-0.028353,0.79208,-0.035796,34,51,0.4,16,69,0.1882,367.66
31,59,85,0,-2.41,-6.64,4.23,-0.028353,0.79208,-0.035796,34,51,0.4,16,69,0.1882,367.66
31,60,85,0,-2.41,-6.64,4.23,-0.028353,0.79208,-0.035796,34,51,0.4,16,69,0.1882,367.66
31,61,85,0,-2.41,-6.64,4.23,-0.028353,0.79208,-0.035796,34,51,0.4,16,69,0.1882,367.66
32,59,85,0,-2.41,-6.64,4.23,-0.028353,0.79208,-0.035796,34,51,0.4,16,69,0.1882,367.66
32,60,85,0,-2.41,-6.64,4.23,-0.028353,0.79208,-0.035796,34,51,0.4,16,69,0.1882,367.66
32,61,85,0,-2.41,-6.64,4.23,-0.028353,0.79208,-0.035796,34,51,0.4,16,69,0.1882,367.66
33,59,85,0,-2.41,-6.64,4.23,-0.028353,0.79208,-0.035796,34,51,0.4,16,69,0.1882,367.66
33,60,85,0,-2.41,-6.64,4.23,-0.028353,0.79208,-0.035796,34,51,0.4,16,69,0.1882,367.66
33,61,85,0,-2.41,-6.64,4.23,-0.028353,0.79208,-0.035796,34,51,0.4,16,69,0.1882,367.66
34,59,85,0,-2.41,-6.64,4.23,-0.028353,0.79208,-0.035796,34,51,0.4,16,69,0.1882,367.66
34,60,85,0,-2.41,-6.64,4.23,-0.028353,0.79208,-0.035796,34,51,0.4,16,69,0.1882,367.66
34,61,85,0,-2.41,-6.64,4.23,-0.028353,0.79208,-0.035796,34,51,0.4,16,69,0.1882,367.66
28,43,85,0,-2.41,-6.64,4.23,-0.028353,0.71197,-0.039823,32,53,0.3765,23,62,0.2706,349.55
17,17,85,0,-2.41,-6.64,4.23,-0.028353,0.529004,-0.053597,28,57,0.3294,37,48,0.4353,252.38
1,44,85,0,-2.41,-6.64,4.23,-0.028353,0.441714,-0.064188,33,47,0.3882,48,37,0.5647,192.28
1,45,85,0,-2.41,-6.64,4.23,-0.028353,0.441714,-0.064188,33,47,0.3882,48,37,0.5647,192.28
1,46,85,0,-2.41,-6.64,4.23,-0.028353,0.441714,-0.064188,33,47,0.3882,48,37,0.5647,192.28
1,47,85,0,-2.41,-6.64,4.23,-0.028353,0.441714,-0.064188,33,47,0.3882,48,37,0.5647,192.28
1,48,85,0,-2.41,-6.64,4.23,-0.028353,0.441714,-0.064188,33,47,0.3882,48,37,0.5647,192.28
1,49,85,0,-2.41,-6.64,4.23,-0.028353,0.441714,-0.064188,33,47,0.3882,48,37,0.5647,192.28
1,50,85,0,-2.41,-6.64,4.23,-0.028353,0.441714,-0.064188,33,47,0.3882,48,37,0.5647,192.28
1,51,85,0,-2.41,-6.64,4.23,-0.028353,0.441714,-0.064188,33,47,0.3882,48,37,0.5647,192.28
1,52,85,0,-2.41,-6.64,4.23,-0.028353,0.441714,-0.064188,33,47,0.3882,48,37,0.5647,192.28
1,53,85,0,-2.41,-6.64,4.23,-0.028353,0.441714,-0.064188,33,47,0.3882,48,37,0.5647,192.28
39,55,85,0,-2.42,-6.64,4.22,-0.028471,0.763712,-0.037279,32,53,0.3765,15,70,0.1765,371.91
7,65,85,0,-2.42,-6.64,4.22,-0.028471,0.576807,-0.049359,42,43,0.4941,41,44,0.4824,238.9
38,17,85,0,-2.42,-6.64,4.22,-0.028471,0.55181,-0.051595,25,60,0.2941,26,59,0.3059,298.34
39,4,85,0,-2.42,-6.64,4.22,-0.028471,0.464336,-0.061314,18,67,0.2118,57,28,0.6706,163.55
7,26,85,0,-2.42,-6.64,4.22,-0.028471,0.462196,-0.061598,39,46,0.4588,42,43,0.4941,218.88
7,27,85,0,-2.42,-6.64,4.22,-0.028471,0.462196,-0.061598,39,46,0.4588,42,43,0.4941,218.88
7,28,85,0,-2.42,-6.64,4.22,-0.028471,0.462196,-0.061598,39,46,0.4588,42,43,0.4941,218.88
27,58,85,0,-2.43,-6.64,4.21,-0.028588,0.786973,-0.036327,34,51,0.4,18,67,0.2118,362.19
37,56,85,0,-2.43,-6.64,4.21,-0.028588,0.762049,-0.037515,33,52,0.3882,16,69,0.1882,369.61
19,35,85,0,-2.43,-6.64,4.21,-0.028588,0.655301,-0.043626,33,52,0.3882,36,49,0.4235,286.32
15,32,85,0,-2.43,-6.64,4.21,-0.028588,0.611497,-0.046751,33,52,0.3882,39,46,0.4588,273.26
7,72,85,0,-2.43,-6.64,4.21,-0.028588,0.57734,-0.049517,42,43,0.4941,39,46,0.4588,241.28
21,8,85,0,-2.43,-6.64,4.21,-0.028588,0.48292,-0.059199,22,63,0.2588,48,37,0.5647,196.47
12,12,85,0,-2.43,-6.64,4.21,-0.028588,0.47123,-0.060667,29,56,0.3412,45,40,0.5294,213.93
7,13,85,0,-2.43,-6.64,4.21,-0.028588,0.416233,-0.068683,35,50,0.4118,46,39,0.5412,191.12
27,43,85,0,-2.44,-6.64,4.2,-0.028706,0.711572,-0.040341,32,53,0.3765,23,62,0.2706,348.48
18,8,85,0,-2.44,-6.64,4.2,-0.028706,0.476557,-0.060236,23,62,0.2706,48,37,0.5647,193.75
2,57,85,0,-2.44,-6.64,4.2,-0.028706,0.448693,-0.063977,36,45,0.4235,45,40,0.5294,203.33
29,59,85,0,-2.45,-6.64,4.19,-0.028823,0.791569,-0.036413,34,51,0.4,17,68,0.2,365.36
29,60,85,0,-2.45,-6.64,4.19,-0.028823,0.791569,-0.036413,34,51,0.4,17,68,0.2,365.36
29,61,85,0,-2.45,-6.64,4.19,-0.028823,0.791569,-0.036413,34,51,0.4,17,68,0.2,365.36
35,56,85,0,-2.45,-6.64,4.19,-0.028823,0.761831,-0.037834,33,52,0.3882,16,69,0.1882,369.6
36,56,85,0,-2.45,-6.64,4.19,-0.028823,0.761831,-0.037834,33,52,0.3882,16,69,0.1882,369.6
19,36,85,0,-2.45,-6.64,4.19,-0.028823,0.655574,-0.043967,33,52,0.3882,36,49,0.4235,286.38
17,10,85,0,-2.45,-6.64,4.19,-0.028823,0.489845,-0.058842,25,60,0.2941,45,40,0.5294,214.48
9,12,85,0,-2.45,-6.64,4.19,-0.028823,0.455831,-0.063233,31,54,0.3647,46,39,0.5412,203.62
17,25,85,0,-2.46,-6.64,4.18,-0.028941,0.587367,-0.049273,31,54,0.3647,37,48,0.4353,272.42
20,17,85,0,-2.46,-6.64,4.18,-0.028941,0.534787,-0.054117,27,58,0.3176,35,50,0.4118,259.08
23,5,85,0,-2.46,-6.64,4.18,-0.028941,0.456391,-0.063413,20,65,0.2353,56,29,0.6588,169.07
15,5,85,0,-2.46,-6.64,4.18,-0.028941,0.443981,-0.065186,22,63,0.2588,59,26,0.6941,153.9
11,64,85,0,-2.47,-6.64,4.17,-0.029059,0.678148,-0.04285,39,46,0.4588,37,48,0.4353,276.63
14,22,85,0,-2.47,-6.64,4.17,-0.029059,0.555984,-0.052266,31,54,0.3647,39,46,0.4588,256.79
13,15,85,0,-2.47,-6.64,4.17,-0.029059,0.491401,-0.059135,29,56,0.3412,39,46,0.4588,233.39
1,54,85,0,-2.47,-6.64,4.17,-0.029059,0.444441,-0.065383,33,47,0.3882,48,37,0.5647,192.29
1,55,85,0,-2.47,-6.64,4.17,-0.029059,0.444441,-0.065383,33,47,0.3882,48,37,0.5647,192.29
37,57,85,0,-2.48,-6.64,4.16,-0.029176,0.763421,-0.038218,33,52,0.3882,16,69,0.1882,369.62
20,49,85,0,-2.48,-6.64,4.16,-0.029176,0.706504,-0.041297,34,51,0.4,32,53,0.3765,312.62
20,50,85,0,-2.48,-6.64,4.16,-0.029176,0.706504,-0.041297,34,51,0.4,32,53,0.3765,312.62
7,75,85,0,-2.48,-6.64,4.16,-0.029176,0.579631,-0.050336,42,43,0.4941,38,47,0.4471,241.7
7,76,85,0,-2.48,-6.64,4.16,-0.029176,0.579631,-0.050336,42,43,0.4941,38,47,0.4471,241.7
7,77,85,0,-2.48,-6.64,4.16,-0.029176,0.579631,-0.050336,42,43,0.4941,38,47,0.4471,241.7
7,78,85,0,-2.48,-6.64,4.16,-0.029176,0.579631,-0.050336,42,43,0.4941,38,47,0.4471,241.7
7,79,85,0,-2.48,-6.64,4.16,-0.029176,0.579631,-0.050336,42,43,0.4941,38,47,0.4471,241.7
7,80,85,0,-2.48,-6.64,4.16,-0.029176,0.579631,-0.050336,42,43,0.4941,38,47,0.4471,241.7
40,17,85,0,-2.48,-6.64,4.16,-0.029176,0.566445,-0.051508,24,61,0.2824,25,60,0.2941,300.54
15,33,85,0,-2.49,-6.64,4.15,-0.029294,0.612327,-0.047841,33,52,0.3882,39,46,0.4588,273.4
7,73,85,0,-2.49,-6.64,4.15,-0.029294,0.580094,-0.050499,42,43,0.4941,39,46,0.4588,241.51
7,74,85,0,-2.49,-6.64,4.15,-0.029294,0.580094,-0.050499,42,43,0.4941,39,46,0.4588,241.51
1,56,85,0,-2.49,-6.64,4.15,-0.029294,0.445367,-0.065775,33,47,0.3882,48,37,0.5647,192.3
35,57,85,0,-2.5,-6.64,4.14,-0.029412,0.763203,-0.038537,33,52,0.3882,16,69,0.1882,369.62
36,57,85,0,-2.5,-6.64,4.14,-0.029412,0.763203,-0.038537,33,52,0.3882,16,69,0.1882,369.62
11,66,85,0,-2.51,-6.64,4.13,-0.029529,0.67953,-0.043456,39,46,0.4588,35,50,0.4118,280.18
11,67,85,0,-2.51,-6.64,4.13,-0.029529,0.67953,-0.043456,39,46,0.4588,35,50,0.4118,280.18
11,68,85,0,-2.51,-6.64,4.13,-0.029529,0.67953,-0.043456,39,46,0.4588,35,50,0.4118,280.18
11,69,85,0,-2.51,-6.64,4.13,-0.029529,0.67953,-0.043456,39,46,0.4588,35,50,0.4118,280.18
11,70,85,0,-2.51,-6.64,4.13,-0.029529,0.67953,-0.043456,39,46,0.4588,35,50,0.4118,280.18
11,71,85,0,-2.51,-6.64,4.13,-0.029529,0.67953,-0.043456,39,46,0.4588,35,50,0.4118,280.18
16,34,85,0,-2.51,-6.64,4.13,-0.029529,0.617427,-0.047826,33,52,0.3882,37,48,0.4353,278.63
23,10,85,0,-2.51,-6.64,4.13,-0.029529,0.501286,-0.058907,23,62,0.2706,43,42,0.5059,226.21
28,59,85,0,-2.52,-6.64,4.12,-0.029647,0.790703,-0.037495,34,51,0.4,18,67,0.2118,363.77
28,60,85,0,-2.52,-6.64,4.12,-0.029647,0.790703,-0.037495,34,51,0.4,18,67,0.2118,363.77
28,61,85,0,-2.52,-6.64,4.12,-0.029647,0.790703,-0.037495,34,51,0.4,18,67,0.2118,363.77
26,58,85,0,-2.52,-6.64,4.12,-0.029647,0.785927,-0.037722,34,51,0.4,18,67,0.2118,361.95
16,23,85,0,-2.52,-6.64,4.12,-0.029647,0.575633,-0.051503,31,54,0.3647,37,48,0.4353,269.5
21,19,85,0,-2.52,-6.64,4.12,-0.029647,0.572608,-0.051775,28,57,0.3294,35,50,0.4118,271.94
16,20,85,0,-2.52,-6.64,4.12,-0.029647,0.558475,-0.053086,30,55,0.3529,37,48,0.4353,261.05
17,8,85,0,-2.52,-6.64,4.12,-0.029647,0.475771,-0.062314,23,62,0.2706,49,36,0.5765,191.88
6,11,85,0,-2.52,-6.64,4.12,-0.029647,0.403923,-0.073398,34,51,0.4,49,36,0.5765,173.73
26,43,85,0,-2.53,-6.64,4.11,-0.029765,0.710416,-0.041898,32,53,0.3765,23,62,0.2706,348.24
11,65,85,0,-2.53,-6.64,4.11,-0.029765,0.680226,-0.043757,39,46,0.4588,37,48,0.4353,278.27
16,53,85,0,-2.54,-6.64,4.1,-0.029882,0.706321,-0.042307,36,49,0.4235,35,50,0.4118,296.76
11,72,85,0,-2.54,-6.64,4.1,-0.029882,0.680678,-0.043901,39,46,0.4588,35,50,0.4118,280.65
12,43,85,0,-2.54,-6.64,4.1,-0.029882,0.609169,-0.049054,37,48,0.4353,39,46,0.4588,267.31
16,16,85,0,-2.54,-6.64,4.1,-0.029882,0.524078,-0.057019,28,57,0.3294,37,48,0.4353,250.16
1,57,85,0,-2.54,-6.64,4.1,-0.029882,0.44771,-0.066745,33,47,0.3882,48,37,0.5647,192.31
27,59,85,0,-2.55,-6.64,4.09,-0.03,0.790343,-0.037958,34,51,0.4,18,67,0.2118,362.7
27,60,85,0,-2.55,-6.64,4.09,-0.03,0.790343,-0.037958,34,51,0.4,18,67,0.2118,362.7
27,61,85,0,-2.55,-6.64,4.09,-0.03,0.790343,-0.037958,34,51,0.4,18,67,0.2118,362.7
17,39,85,0,-2.55,-6.64,4.09,-0.03,0.655235,-0.045785,34,51,0.4,37,48,0.4353,285.13
37,16,85,0,-2.55,-6.64,4.09,-0.03,0.545095,-0.055036,25,60,0.2941,26,59,0.3059,297.78
10,28,85,0,-2.55,-6.64,4.09,-0.03,0.531845,-0.056407,35,50,0.4118,39,46,0.4588,245.05
5,44,85,0,-2.56,-6.64,4.08,-0.030118,0.496026,-0.060718,42,43,0.4941,42,43,0.4941,225.43
5,45,85,0,-2.56,-6.64,4.08,-0.030118,0.496026,-0.060718,42,43,0.4941,42,43,0.4941,225.43
5,46,85,0,-2.56,-6.64,4.08,-0.030118,0.496026,-0.060718,42,43,0.4941,42,43,0.4941,225.43
5,47,85,0,-2.56,-6.64,4.08,-0.030118,0.496026,-0.060718,42,43,0.4941,42,43,0.4941,225.43
5,48,85,0,-2.56,-6.64,4.08,-0.030118,0.496026,-0.060718,42,43,0.4941,42,43,0.4941,225.43
5,49,85,0,-2.56,-6.64,4.08,-0.030118,0.496026,-0.060718,42,43,0.4941,42,43,0.4941,225.43
5,50,85,0,-2.56,-6.64,4.08,-0.030118,0.496026,-0.060718,42,43,0.4941,42,43,0.4941,225.43
22,58,85,0,-2.57,-6.64,4.07,-0.030235,0.780572,-0.038735,35,50,0.4118,27,58,0.3176,334.06
20,21,85,0,-2.57,-6.64,4.07,-0.030235,0.574566,-0.052623,29,56,0.3412,35,50,0.4118,279.03
35,16,85,0,-2.57,-6.64,4.07,-0.030235,0.544789,-0.055499,25,60,0.2941,26,59,0.3059,297.78
36,16,85,0,-2.57,-6.64,4.07,-0.030235,0.544789,-0.055499,25,60,0.2941,26,59,0.3059,297.78
9,28,85,0,-2.57,-6.64,4.07,-0.030235,0.519842,-0.058162,36,49,0.4235,40,45,0.4706,240.8
6,12,85,0,-2.57,-6.64,4.07,-0.030235,0.408271,-0.074057,35,50,0.4118,48,37,0.5647,184.47
22,43,85,0,-2.58,-6.64,4.06,-0.030353,0.704486,-0.043085,33,52,0.3882,32,53,0.3765,320.35
20,40,85,0,-2.58,-6.64,4.06,-0.030353,0.672039,-0.045165,33,52,0.3882,33,52,0.3882,303.66
37,28,85,0,-2.58,-6.64,4.06,-0.030353,0.618713,-0.049058,28,57,0.3294,23,62,0.2706,333.45
19,9,85,0,-2.58,-6.64,4.06,-0.030353,0.479246,-0.063335,23,62,0.2706,46,39,0.5412,201.5
25,58,85,0,-2.59,-6.64,4.05,-0.030471,0.785237,-0.038804,34,51,0.4,20,65,0.2353,360.41
13,63,85,0,-2.59,-6.64,4.05,-0.030471,0.701162,-0.043457,38,47,0.4471,36,49,0.4235,283.94
21,31,85,0,-2.59,-6.64,4.05,-0.030471,0.643589,-0.047345,31,54,0.3647,35,50,0.4118,291.24
14,26,85,0,-2.59,-6.64,4.05,-0.030471,0.576295,-0.052873,32,53,0.3765,39,46,0.4588,262.18
7,19,85,0,-2.59,-6.64,4.05,-0.030471,0.435742,-0.069928,37,48,0.4353,42,43,0.4941,207.84
25,43,85,0,-2.6,-6.64,4.04,-0.030588,0.709652,-0.043103,32,53,0.3765,25,60,0.2941,346.7
11,73,85,0,-2.6,-6.64,4.04,-0.030588,0.683014,-0.044784,39,46,0.4588,35,50,0.4118,280.89
35,28,85,0,-2.6,-6.64,4.04,-0.030588,0.618443,-0.04946,28,57,0.3294,23,62,0.2706,333.45
36,28,85,0,-2.6,-6.64,4.04,-0.030588,0.618443,-0.04946,28,57,0.3294,23,62,0.2706,333.45
12,28,85,0,-2.6,-6.64,4.04,-0.030588,0.540228,-0.056621,34,51,0.4,39,46,0.4588,254.37
20,26,85,0,-2.61,-6.64,4.03,-0.030706,0.599938,-0.051182,30,55,0.3529,35,50,0.4118,285.16
16,24,85,0,-2.61,-6.64,4.03,-0.030706,0.577166,-0.053201,31,54,0.3647,37,48,0.4353,269.65
22,9,85,0,-2.61,-6.64,4.03,-0.030706,0.485295,-0.063273,22,63,0.2588,46,39,0.5412,204.57
11,74,85,0,-2.62,-6.64,4.02,-0.030823,0.683529,-0.045095,39,46,0.4588,35,50,0.4118,281.12
14,27,85,0,-2.62,-6.64,4.02,-0.030823,0.576843,-0.053435,32,53,0.3765,39,46,0.4588,262.25
13,21,85,0,-2.62,-6.64,4.02,-0.030823,0.53471,-0.057645,32,53,0.3765,39,46,0.4588,252.11
20,10,85,0,-2.62,-6.64,4.02,-0.030823,0.493236,-0.062492,24,61,0.2824,44,41,0.5176,218.13
14,5,85,0,-2.62,-6.64,4.02,-0.030823,0.442547,-0.06965,22,63,0.2588,59,26,0.6941,147.58
7,14,85,0,-2.62,-6.64,4.02,-0.030823,0.418422,-0.073666,35,50,0.4118,45,40,0.5294,197.07
11,75,85,0,-2.63,-6.64,4.01,-0.030941,0.683659,-0.045258,39,46,0.4588,34,51,0.4,281.31
16,37,85,0,-2.63,-6.64,4.01,-0.030941,0.639528,-0.048381,34,51,0.4,37,48,0.4353,280.36
6,58,85,0,-2.63,-6.64,4.01,-0.030941,0.551952,-0.056058,42,43,0.4941,41,44,0.4824,234.8
22,2,85,0,-2.63,-6.64,4.01,-0.030941,0.40733,-0.075961,18,67,0.2118,68,17,0.8,120.24
26,59,85,0,-2.64,-6.64,4.0,-0.031059,0.7893,-0.03935,34,51,0.4,18,67,0.2118,362.46
26,60,85,0,-2.64,-6.64,4.0,-0.031059,0.7893,-0.03935,34,51,0.4,18,67,0.2118,362.46
26,61,85,0,-2.64,-6.64,4.0,-0.031059,0.7893,-0.03935,34,51,0.4,18,67,0.2118,362.46
39,56,85,0,-2.64,-6.64,4.0,-0.031059,0.769901,-0.040341,32,53,0.3765,15,70,0.1765,371.96
16,54,85,0,-2.64,-6.64,4.0,-0.031059,0.708961,-0.043809,36,49,0.4235,35,50,0.4118,296.78
11,77,85,0,-2.64,-6.64,4.0,-0.031059,0.683923,-0.045413,39,46,0.4588,33,52,0.3882,283.42
11,78,85,0,-2.64,-6.64,4.0,-0.031059,0.683923,-0.045413,39,46,0.4588,33,52,0.3882,283.42
11,79,85,0,-2.64,-6.64,4.0,-0.031059,0.683923,-0.045413,39,46,0.4588,33,52,0.3882,283.42
11,80,85,0,-2.64,-6.64,4.0,-0.031059,0.683923,-0.045413,39,46,0.4588,33,52,0.3882,283.42
20,41,85,0,-2.64,-6.64,4.0,-0.031059,0.673419,-0.046121,33,52,0.3882,33,52,0.3882,304.6
20,42,85,0,-2.64,-6.64,4.0,-0.031059,0.673419,-0.046121,33,52,0.3882,33,52,0.3882,304.6
7,37,85,0,-2.64,-6.64,4.0,-0.031059,0.488793,-0.063542,40,45,0.4706,42,43,0.4941,223.06
11,76,85,0,-2.65,-6.64,3.99,-0.031176,0.684188,-0.045567,39,46,0.4588,34,51,0.4,282.76
21,32,85,0,-2.65,-6.64,3.99,-0.031176,0.644741,-0.048355,31,54,0.3647,35,50,0.4118,291.25
13,22,85,0,-2.65,-6.64,3.99,-0.031176,0.535193,-0.058253,32,53,0.3765,39,46,0.4588,252.21
26,8,85,0,-2.65,-6.64,3.99,-0.031176,0.486671,-0.064061,21,64,0.2471,43,42,0.5059,212.67
27,8,85,0,-2.65,-6.64,3.99,-0.031176,0.486671,-0.064061,21,64,0.2471,43,42,0.5059,212.67
28,8,85,0,-2.65,-6.64,3.99,-0.031176,0.486671,-0.064061,21,64,0.2471,43,42,0.5059,212.67
29,8,85,0,-2.65,-6.64,3.99,-0.031176,0.486671,-0.064061,21,64,0.2471,43,42,0.5059,212.67
30,8,85,0,-2.65,-6.64,3.99,-0.031176,0.486671,-0.064061,21,64,0.2471,43,42,0.5059,212.67
31,8,85,0,-2.65,-6.64,3.99,-0.031176,0.486671,-0.064061,21,64,0.2471,43,42,0.5059,212.67
32,8,85,0,-2.65,-6.64,3.99,-0.031176,0.486671,-0.064061,21,64,0.2471,43,42,0.5059,212.67
33,8,85,0,-2.65,-6.64,3.99,-0.031176,0.486671,-0.064061,21,64,0.2471,43,42,0.5059,212.67
34,8,85,0,-2.65,-6.64,3.99,-0.031176,0.486671,-0.064061,21,64,0.2471,43,42,0.5059,212.67
30,29,85,0,-2.66,-6.64,3.98,-0.031294,0.641684,-0.048769,29,56,0.3412,24,61,0.2824,330.49
31,29,85,0,-2.66,-6.64,3.98,-0.031294,0.641684,-0.048769,29,56,0.3412,24,61,0.2824,330.49
32,29,85,0,-2.66,-6.64,3.98,-0.031294,0.641684,-0.048769,29,56,0.3412,24,61,0.2824,330.49
33,29,85,0,-2.66,-6.64,3.98,-0.031294,0.641684,-0.048769,29,56,0.3412,24,61,0.2824,330.49
34,29,85,0,-2.66,-6.64,3.98,-0.031294,0.641684,-0.048769,29,56,0.3412,24,61,0.2824,330.49
16,10,85,0,-2.66,-6.64,3.98,-0.031294,0.487212,-0.064231,25,60,0.2941,45,40,0.5294,213.04
18,35,85,0,-2.67,-6.64,3.97,-0.031412,0.653199,-0.048089,33,52,0.3882,36,49,0.4235,284.89
16,18,85,0,-2.68,-6.64,3.96,-0.031529,0.543033,-0.058062,29,56,0.3412,37,48,0.4353,252.5
25,8,85,0,-2.68,-6.64,3.96,-0.031529,0.486299,-0.064835,21,64,0.2471,44,41,0.5176,212.02
21,9,85,0,-2.68,-6.64,3.96,-0.031529,0.484418,-0.065087,22,63,0.2588,46,39,0.5412,203.49
22,59,85,0,-2.69,-6.64,3.95,-0.031647,0.783967,-0.040368,35,50,0.4118,27,58,0.3176,334.57
22,60,85,0,-2.69,-6.64,3.95,-0.031647,0.783967,-0.040368,35,50,0.4118,27,58,0.3176,334.57
22,61,85,0,-2.69,-6.64,3.95,-0.031647,0.783967,-0.040368,35,50,0.4118,27,58,0.3176,334.57
39,57,85,0,-2.69,-6.64,3.95,-0.031647,0.771257,-0.041033,32,53,0.3765,15,70,0.1765,371.97
18,36,85,0,-2.69,-6.64,3.95,-0.031647,0.653472,-0.048429,33,52,0.3882,36,49,0.4235,284.96
20,22,85,0,-2.69,-6.64,3.95,-0.031647,0.576419,-0.054903,29,56,0.3412,35,50,0.4118,279.28
15,20,85,0,-2.69,-6.64,3.95,-0.031647,0.557041,-0.056813,30,55,0.3529,39,46,0.4588,256.75
16,17,85,0,-2.69,-6.64,3.95,-0.031647,0.525814,-0.060187,28,57,0.3294,37,48,0.4353,250.48
18,9,85,0,-2.69,-6.64,3.95,-0.031647,0.478074,-0.066197,23,62,0.2706,46,39,0.5412,200.77
12,11,85,0,-2.69,-6.64,3.95,-0.031647,0.465211,-0.068027,28,57,0.3294,46,39,0.5412,202.1
30,62,85,0,-2.7,-6.64,3.94,-0.031765,0.800576,-0.039677,34,51,0.4,16,69,0.1882,367.85
31,62,85,0,-2.7,-6.64,3.94,-0.031765,0.800576,-0.039677,34,51,0.4,16,69,0.1882,367.85
32,62,85,0,-2.7,-6.64,3.94,-0.031765,0.800576,-0.039677,34,51,0.4,16,69,0.1882,367.85
33,62,85,0,-2.7,-6.64,3.94,-0.031765,0.800576,-0.039677,34,51,0.4,16,69,0.1882,367.85
34,62,85,0,-2.7,-6.64,3.94,-0.031765,0.800576,-0.039677,34,51,0.4,16,69,0.1882,367.85
29,29,85,0,-2.7,-6.64,3.94,-0.031765,0.641052,-0.049551,29,56,0.3412,25,60,0.2941,328.19
10,51,85,0,-2.7,-6.64,3.94,-0.031765,0.616625,-0.051514,38,47,0.4471,39,46,0.4588,261.28
37,17,85,0,-2.7,-6.64,3.94,-0.031765,0.546764,-0.058096,25,60,0.2941,26,59,0.3059,298.1
21,2,85,0,-2.7,-6.64,3.94,-0.031765,0.406284,-0.078183,18,67,0.2118,68,17,0.8,119.17
25,59,85,0,-2.71,-6.64,3.93,-0.031882,0.788612,-0.040428,34,51,0.4,20,65,0.2353,360.92
25,60,85,0,-2.71,-6.64,3.93,-0.031882,0.788612,-0.040428,34,51,0.4,20,65,0.2353,360.92
25,61,85,0,-2.71,-6.64,3.93,-0.031882,0.788612,-0.040428,34,51,0.4,20,65,0.2353,360.92
14,51,85,0,-2.71,-6.64,3.93,-0.031882,0.676085,-0.047157,36,49,0.4235,38,47,0.4471,282.29
21,33,85,0,-2.71,-6.64,3.93,-0.031882,0.645526,-0.04939,31,54,0.3647,35,50,0.4118,291.39
15,34,85,0,-2.71,-6.64,3.93,-0.031882,0.615884,-0.051767,33,52,0.3882,39,46,0.4588,274.33
14,30,85,0,-2.71,-6.64,3.93,-0.031882,0.598585,-0.053263,33,52,0.3882,39,46,0.4588,264.58
15,16,85,0,-2.71,-6.64,3.93,-0.031882,0.52255,-0.061013,28,57,0.3294,39,46,0.4588,245.86
9,11,85,0,-2.71,-6.64,3.93,-0.031882,0.449604,-0.070912,30,55,0.3529,47,38,0.5529,191.79
16,38,85,0,-2.72,-6.64,3.92,-0.032,0.641553,-0.049879,34,51,0.4,37,48,0.4353,280.84
15,23,85,0,-2.72,-6.64,3.92,-0.032,0.573977,-0.055751,31,54,0.3647,39,46,0.4588,265.2
35,17,85,0,-2.72,-6.64,3.92,-0.032,0.546458,-0.058559,25,60,0.2941,26,59,0.3059,298.1
36,17,85,0,-2.72,-6.64,3.92,-0.032,0.546458,-0.058559,25,60,0.2941,26,59,0.3059,298.1
14,19,85,0,-2.72,-6.64,3.92,-0.032,0.546397,-0.058565,30,55,0.3529,39,46,0.4588,248.4
10,52,85,0,-2.73,-6.64,3.91,-0.032118,0.617553,-0.052008,38,47,0.4471,39,46,0.4588,261.28
20,27,85,0,-2.73,-6.64,3.91,-0.032118,0.602092,-0.053343,30,55,0.3529,35,50,0.4118,285.42
10,40,85,0,-2.73,-6.64,3.91,-0.032118,0.582493,-0.055138,37,48,0.4353,39,46,0.4588,254.73
38,10,85,0,-2.73,-6.64,3.91,-0.032118,0.508389,-0.063175,22,63,0.2588,38,47,0.4471,241.13
7,38,85,0,-2.73,-6.64,3.91,-0.032118,0.491439,-0.065354,40,45,0.4706,42,43,0.4941,223.54
16,8,85,0,-2.73,-6.64,3.91,-0.032118,0.473055,-0.067894,23,62,0.2706,49,36,0.5765,190.44
38,5,85,0,-2.73,-6.64,3.91,-0.032118,0.461119,-0.069651,19,66,0.2235,52,33,0.6118,180.39
19,2,85,0,-2.73,-6.64,3.91,-0.032118,0.400622,-0.080169,19,66,0.2235,68,17,0.8,117.53
29,62,85,0,-2.74,-6.64,3.9,-0.032235,0.800069,-0.040291,34,51,0.4,17,68,0.2,365.55
24,58,85,0,-2.74,-6.64,3.9,-0.032235,0.783672,-0.041134,34,51,0.4,21,64,0.2471,355.2
14,52,85,0,-2.74,-6.64,3.9,-0.032235,0.676932,-0.04762,36,49,0.4235,38,47,0.4471,282.29
40,10,85,0,-2.74,-6.64,3.9,-0.032235,0.523958,-0.061523,21,64,0.2471,38,47,0.4471,241.97
24,8,85,0,-2.74,-6.64,3.9,-0.032235,0.485365,-0.066414,21,64,0.2471,45,40,0.5294,208.09
40,5,85,0,-2.74,-6.64,3.9,-0.032235,0.478229,-0.067405,18,67,0.2118,52,33,0.6118,181.22
19,6,85,0,-2.74,-6.64,3.9,-0.032235,0.45468,-0.070897,22,63,0.2588,53,32,0.6235,179.67
24,43,85,0,-2.75,-6.64,3.89,-0.032353,0.707919,-0.045701,32,53,0.3765,26,59,0.3059,341.49
6,59,85,0,-2.75,-6.64,3.89,-0.032353,0.556741,-0.058111,42,43,0.4941,41,44,0.4824,235.31
6,60,85,0,-2.75,-6.64,3.89,-0.032353,0.556741,-0.058111,42,43,0.4941,41,44,0.4824,235.31
6,61,85,0,-2.75,-6.64,3.89,-0.032353,0.556741,-0.058111,42,43,0.4941,41,44,0.4824,235.31
15,53,85,0,-2.76,-6.64,3.88,-0.032471,0.704869,-0.046066,36,49,0.4235,37,48,0.4353,292.46
21,23,85,0,-2.76,-6.64,3.88,-0.032471,0.597455,-0.054348,29,56,0.3412,35,50,0.4118,282.46
39,16,85,0,-2.76,-6.64,3.88,-0.032471,0.556012,-0.058399,24,61,0.2824,25,60,0.2941,300.14
28,29,85,0,-2.77,-6.64,3.87,-0.032588,0.639978,-0.050921,29,56,0.3412,26,59,0.3059,326.6
13,43,85,0,-2.77,-6.64,3.87,-0.032588,0.625597,-0.052091,36,49,0.4235,39,46,0.4588,271.71
13,28,85,0,-2.77,-6.64,3.87,-0.032588,0.554413,-0.05878,33,52,0.3882,39,46,0.4588,257.6
17,9,85,0,-2.77,-6.64,3.87,-0.032588,0.477284,-0.068278,23,62,0.2706,47,38,0.5529,198.9
22,6,85,0,-2.77,-6.64,3.87,-0.032588,0.46105,-0.070683,21,64,0.2471,53,32,0.6235,182.74
7,15,85,0,-2.77,-6.64,3.87,-0.032588,0.421141,-0.077381,35,50,0.4118,42,43,0.4941,203.13
13,64,85,0,-2.78,-6.64,3.86,-0.032706,0.705579,-0.046353,38,47,0.4471,36,49,0.4235,284.35
39,28,85,0,-2.79,-6.64,3.85,-0.032823,0.628351,-0.052237,27,58,0.3176,22,63,0.2588,335.8
10,41,85,0,-2.79,-6.64,3.85,-0.032823,0.584082,-0.056197,37,48,0.4353,39,46,0.4588,255.67
10,42,85,0,-2.79,-6.64,3.85,-0.032823,0.584082,-0.056197,37,48,0.4353,39,46,0.4588,255.67
7,39,85,0,-2.79,-6.64,3.85,-0.032823,0.493234,-0.066547,40,45,0.4706,42,43,0.4941,223.77
10,16,85,0,-2.79,-6.64,3.85,-0.032823,0.479242,-0.06849,31,54,0.3647,39,46,0.4588,224.34
20,8,85,0,-2.79,-6.64,3.85,-0.032823,0.478008,-0.068667,22,63,0.2588,48,37,0.5647,195.3
12,13,85,0,-2.79,-6.64,3.85,-0.032823,0.475298,-0.069059,29,56,0.3412,43,42,0.5059,219.38
27,29,85,0,-2.8,-6.64,3.84,-0.032941,0.639533,-0.051508,29,56,0.3412,26,59,0.3059,325.53
28,62,85,0,-2.81,-6.64,3.83,-0.033059,0.799208,-0.041364,34,51,0.4,18,67,0.2118,363.95
15,24,85,0,-2.81,-6.64,3.83,-0.033059,0.57551,-0.057443,31,54,0.3647,39,46,0.4588,265.35
11,12,85,0,-2.81,-6.64,3.83,-0.033059,0.468485,-0.070565,29,56,0.3412,45,40,0.5294,212.64
9,13,85,0,-2.81,-6.64,3.83,-0.033059,0.460034,-0.071862,31,54,0.3647,44,41,0.5176,209.07
13,66,85,0,-2.82,-6.64,3.82,-0.033176,0.706905,-0.046932,38,47,0.4471,34,51,0.4,287.9
13,67,85,0,-2.82,-6.64,3.82,-0.033176,0.706905,-0.046932,38,47,0.4471,34,51,0.4,287.9
13,68,85,0,-2.82,-6.64,3.82,-0.033176,0.706905,-0.046932,38,47,0.4471,34,51,0.4,287.9
13,69,85,0,-2.82,-6.64,3.82,-0.033176,0.706905,-0.046932,38,47,0.4471,34,51,0.4,287.9
13,70,85,0,-2.82,-6.64,3.82,-0.033176,0.706905,-0.046932,38,47,0.4471,34,51,0.4,287.9
13,71,85,0,-2.82,-6.64,3.82,-0.033176,0.706905,-0.046932,38,47,0.4471,34,51,0.4,287.9
15,10,85,0,-2.83,-6.64,3.81,-0.033294,0.485561,-0.068568,25,60,0.2941,47,38,0.5529,208.75
27,62,85,0,-2.84,-6.64,3.8,-0.033412,0.798851,-0.041825,34,51,0.4,18,67,0.2118,362.89
30,44,85,0,-2.84,-6.64,3.8,-0.033412,0.726416,-0.045995,32,53,0.3765,21,64,0.2471,355.72
30,45,85,0,-2.84,-6.64,3.8,-0.033412,0.726416,-0.045995,32,53,0.3765,21,64,0.2471,355.72
31,44,85,0,-2.84,-6.64,3.8,-0.033412,0.726416,-0.045995,32,53,0.3765,21,64,0.2471,355.72
31,45,85,0,-2.84,-6.64,3.8,-0.033412,0.726416,-0.045995,32,53,0.3765,21,64,0.2471,355.72
32,44,85,0,-2.84,-6.64,3.8,-0.033412,0.726416,-0.045995,32,53,0.3765,21,64,0.2471,355.72
32,45,85,0,-2.84,-6.64,3.8,-0.033412,0.726416,-0.045995,32,53,0.3765,21,64,0.2471,355.72
33,44,85,0,-2.84,-6.64,3.8,-0.033412,0.726416,-0.045995,32,53,0.3765,21,64,0.2471,355.72
33,45,85,0,-2.84,-6.64,3.8,-0.033412,0.726416,-0.045995,32,53,0.3765,21,64,0.2471,355.72
34,44,85,0,-2.84,-6.64,3.8,-0.033412,0.726416,-0.045995,32,53,0.3765,21,64,0.2471,355.72
34,45,85,0,-2.84,-6.64,3.8,-0.033412,0.726416,-0.045995,32,53,0.3765,21,64,0.2471,355.72
13,65,85,0,-2.84,-6.64,3.8,-0.033412,0.707572,-0.04722,38,47,0.4471,36,49,0.4235,286.0
6,62,85,0,-2.84,-6.64,3.8,-0.033412,0.560409,-0.05962,42,43,0.4941,41,44,0.4824,235.31
21,6,85,0,-2.84,-6.64,3.8,-0.033412,0.460123,-0.072615,21,64,0.2471,53,32,0.6235,181.66
18,2,85,0,-2.84,-6.64,3.8,-0.033412,0.399212,-0.083694,19,66,0.2235,68,17,0.8,116.81
13,72,85,0,-2.85,-6.64,3.79,-0.033529,0.708006,-0.047357,38,47,0.4471,34,51,0.4,288.37
15,37,85,0,-2.85,-6.64,3.79,-0.033529,0.63792,-0.05256,34,51,0.4,39,46,0.4588,276.06
21,24,85,0,-2.85,-6.64,3.79,-0.033529,0.598927,-0.055982,29,56,0.3412,35,50,0.4118,282.61
15,18,85,0,-2.85,-6.64,3.79,-0.033529,0.541551,-0.061914,29,56,0.3412,39,46,0.4588,248.2
18,6,85,0,-2.85,-6.64,3.79,-0.033529,0.453438,-0.073945,22,63,0.2588,53,32,0.6235,178.94
24,59,85,0,-2.86,-6.64,3.78,-0.033647,0.78705,-0.042751,34,51,0.4,21,64,0.2471,355.71
24,60,85,0,-2.86,-6.64,3.78,-0.033647,0.78705,-0.042751,34,51,0.4,21,64,0.2471,355.71
24,61,85,0,-2.86,-6.64,3.78,-0.033647,0.78705,-0.042751,34,51,0.4,21,64,0.2471,355.71
30,46,85,0,-2.86,-6.64,3.78,-0.033647,0.726723,-0.0463,32,53,0.3765,21,64,0.2471,355.73
31,46,85,0,-2.86,-6.64,3.78,-0.033647,0.726723,-0.0463,32,53,0.3765,21,64,0.2471,355.73
32,46,85,0,-2.86,-6.64,3.78,-0.033647,0.726723,-0.0463,32,53,0.3765,21,64,0.2471,355.73
33,46,85,0,-2.86,-6.64,3.78,-0.033647,0.726723,-0.0463,32,53,0.3765,21,64,0.2471,355.73
34,46,85,0,-2.86,-6.64,3.78,-0.033647,0.726723,-0.0463,32,53,0.3765,21,64,0.2471,355.73
15,54,85,0,-2.86,-6.64,3.78,-0.033647,0.70751,-0.047557,36,49,0.4235,37,48,0.4353,292.48
15,17,85,0,-2.86,-6.64,3.78,-0.033647,0.524284,-0.064177,28,57,0.3294,39,46,0.4588,246.18
22,29,85,0,-2.87,-6.64,3.77,-0.033765,0.63251,-0.053382,30,55,0.3529,34,51,0.4,299.43
8,53,85,0,-2.87,-6.64,3.77,-0.033765,0.578903,-0.058325,40,45,0.4706,40,45,0.4706,246.12
5,51,85,0,-2.87,-6.64,3.77,-0.033765,0.508611,-0.066386,42,43,0.4941,42,43,0.4941,226.63
5,52,85,0,-2.87,-6.64,3.77,-0.033765,0.508611,-0.066386,42,43,0.4941,42,43,0.4941,226.63
5,53,85,0,-2.87,-6.64,3.77,-0.033765,0.508611,-0.066386,42,43,0.4941,42,43,0.4941,226.63
23,8,85,0,-2.87,-6.64,3.77,-0.033765,0.483295,-0.069864,21,64,0.2471,47,38,0.5529,203.14
15,8,85,0,-2.87,-6.64,3.77,-0.033765,0.471593,-0.071597,23,62,0.2706,50,35,0.5882,187.97
30,47,85,0,-2.88,-6.64,3.76,-0.033882,0.727036,-0.046603,32,53,0.3765,21,64,0.2471,355.73
31,47,85,0,-2.88,-6.64,3.76,-0.033882,0.727036,-0.046603,32,53,0.3765,21,64,0.2471,355.73
32,47,85,0,-2.88,-6.64,3.76,-0.033882,0.727036,-0.046603,32,53,0.3765,21,64,0.2471,355.73
33,47,85,0,-2.88,-6.64,3.76,-0.033882,0.727036,-0.046603,32,53,0.3765,21,64,0.2471,355.73
34,47,85,0,-2.88,-6.64,3.76,-0.033882,0.727036,-0.046603,32,53,0.3765,21,64,0.2471,355.73
29,44,85,0,-2.88,-6.64,3.76,-0.033882,0.725856,-0.046679,32,53,0.3765,22,63,0.2588,353.43
29,45,85,0,-2.88,-6.64,3.76,-0.033882,0.725856,-0.046679,32,53,0.3765,22,63,0.2588,353.43
20,30,85,0,-2.88,-6.64,3.76,-0.033882,0.631235,-0.053676,31,54,0.3647,35,50,0.4118,288.22
26,29,85,0,-2.89,-6.64,3.75,-0.034,0.638238,-0.053272,29,56,0.3412,26,59,0.3059,325.29
29,46,85,0,-2.9,-6.64,3.74,-0.034118,0.726163,-0.046983,32,53,0.3765,22,63,0.2588,353.43
26,9,85,0,-2.9,-6.64,3.74,-0.034118,0.488141,-0.069893,21,64,0.2471,41,44,0.4824,219.69
27,9,85,0,-2.9,-6.64,3.74,-0.034118,0.488141,-0.069893,21,64,0.2471,41,44,0.4824,219.69
28,9,85,0,-2.9,-6.64,3.74,-0.034118,0.488141,-0.069893,21,64,0.2471,41,44,0.4824,219.69
29,9,85,0,-2.9,-6.64,3.74,-0.034118,0.488141,-0.069893,21,64,0.2471,41,44,0.4824,219.69
30,9,85,0,-2.9,-6.64,3.74,-0.034118,0.488141,-0.069893,21,64,0.2471,41,44,0.4824,219.69
31,9,85,0,-2.9,-6.64,3.74,-0.034118,0.488141,-0.069893,21,64,0.2471,41,44,0.4824,219.69
32,9,85,0,-2.9,-6.64,3.74,-0.034118,0.488141,-0.069893,21,64,0.2471,41,44,0.4824,219.69
33,9,85,0,-2.9,-6.64,3.74,-0.034118,0.488141,-0.069893,21,64,0.2471,41,44,0.4824,219.69
34,9,85,0,-2.9,-6.64,3.74,-0.034118,0.488141,-0.069893,21,64,0.2471,41,44,0.4824,219.69
38,58,85,0,-2.91,-6.64,3.73,-0.034235,0.789794,-0.043347,33,52,0.3882,15,70,0.1765,371.64
13,73,85,0,-2.91,-6.64,3.73,-0.034235,0.710249,-0.048202,38,47,0.4471,34,51,0.4,288.61
39,17,85,0,-2.91,-6.64,3.73,-0.034235,0.55764,-0.061393,24,61,0.2824,25,60,0.2941,300.45
29,47,85,0,-2.92,-6.64,3.72,-0.034353,0.726476,-0.047287,32,53,0.3765,22,63,0.2588,353.43
38,43,85,0,-2.92,-6.64,3.72,-0.034353,0.71469,-0.048067,31,54,0.3647,20,65,0.2353,357.93
21,20,85,0,-2.92,-6.64,3.72,-0.034353,0.579222,-0.059309,28,57,0.3294,35,50,0.4118,272.32
26,2,85,0,-2.92,-6.64,3.72,-0.034353,0.410715,-0.083642,17,68,0.2,63,22,0.7412,135.37
27,2,85,0,-2.92,-6.64,3.72,-0.034353,0.410715,-0.083642,17,68,0.2,63,22,0.7412,135.37
28,2,85,0,-2.92,-6.64,3.72,-0.034353,0.410715,-0.083642,17,68,0.2,63,22,0.7412,135.37
29,2,85,0,-2.92,-6.64,3.72,-0.034353,0.410715,-0.083642,17,68,0.2,63,22,0.7412,135.37
30,2,85,0,-2.92,-6.64,3.72,-0.034353,0.410715,-0.083642,17,68,0.2,63,22,0.7412,135.37
31,2,85,0,-2.92,-6.64,3.72,-0.034353,0.410715,-0.083642,17,68,0.2,63,22,0.7412,135.37
32,2,85,0,-2.92,-6.64,3.72,-0.034353,0.410715,-0.083642,17,68,0.2,63,22,0.7412,135.37
33,2,85,0,-2.92,-6.64,3.72,-0.034353,0.410715,-0.083642,17,68,0.2,63,22,0.7412,135.37
34,2,85,0,-2.92,-6.64,3.72,-0.034353,0.410715,-0.083642,17,68,0.2,63,22,0.7412,135.37
17,2,85,0,-2.92,-6.64,3.72,-0.034353,0.398262,-0.086257,19,66,0.2235,69,16,0.8118,114.93
26,62,85,0,-2.93,-6.64,3.71,-0.034471,0.797815,-0.043206,34,51,0.4,18,67,0.2118,362.65
13,74,85,0,-2.93,-6.64,3.71,-0.034471,0.710743,-0.048499,38,47,0.4471,34,51,0.4,288.84
21,34,85,0,-2.93,-6.64,3.71,-0.034471,0.64889,-0.053122,31,54,0.3647,35,50,0.4118,292.32
8,54,85,0,-2.93,-6.64,3.71,-0.034471,0.580979,-0.059332,40,45,0.4706,40,45,0.4706,246.13
8,55,85,0,-2.93,-6.64,3.71,-0.034471,0.580979,-0.059332,40,45,0.4706,40,45,0.4706,246.13
13,19,85,0,-2.93,-6.64,3.71,-0.034471,0.527265,-0.065376,31,54,0.3647,39,46,0.4588,244.44
5,54,85,0,-2.93,-6.64,3.71,-0.034471,0.510974,-0.067461,42,43,0.4941,42,43,0.4941,226.64
5,55,85,0,-2.93,-6.64,3.71,-0.034471,0.510974,-0.067461,42,43,0.4941,42,43,0.4941,226.64
25,9,85,0,-2.93,-6.64,3.71,-0.034471,0.487768,-0.07067,21,64,0.2471,42,43,0.4941,219.04
17,6,85,0,-2.93,-6.64,3.71,-0.034471,0.452602,-0.076161,22,63,0.2588,54,31,0.6353,177.07
6,21,85,0,-2.93,-6.64,3.71,-0.034471,0.440675,-0.078222,38,47,0.4471,42,43,0.4941,214.0
6,13,85,0,-2.93,-6.64,3.71,-0.034471,0.412944,-0.083475,35,50,0.4118,46,39,0.5412,189.92
13,75,85,0,-2.94,-6.64,3.7,-0.034588,0.710867,-0.048656,38,47,0.4471,33,52,0.3882,289.04
15,38,85,0,-2.94,-6.64,3.7,-0.034588,0.639945,-0.054049,34,51,0.4,39,46,0.4588,276.54
16,25,85,0,-2.94,-6.64,3.7,-0.034588,0.582406,-0.059388,31,54,0.3647,37,48,0.4353,269.72
10,17,85,0,-2.94,-6.64,3.7,-0.034588,0.481128,-0.07189,31,54,0.3647,39,46,0.4588,224.66
28,44,85,0,-2.95,-6.64,3.69,-0.034706,0.724905,-0.047876,32,53,0.3765,23,62,0.2706,351.83
28,45,85,0,-2.95,-6.64,3.69,-0.034706,0.724905,-0.047876,32,53,0.3765,23,62,0.2706,351.83
13,77,85,0,-2.95,-6.64,3.69,-0.034706,0.71112,-0.048804,38,47,0.4471,32,53,0.3765,291.14
13,78,85,0,-2.95,-6.64,3.69,-0.034706,0.71112,-0.048804,38,47,0.4471,32,53,0.3765,291.14
13,79,85,0,-2.95,-6.64,3.69,-0.034706,0.71112,-0.048804,38,47,0.4471,32,53,0.3765,291.14
13,80,85,0,-2.95,-6.64,3.69,-0.034706,0.71112,-0.048804,38,47,0.4471,32,53,0.3765,291.14
8,56,85,0,-2.95,-6.64,3.69,-0.034706,0.581686,-0.059664,40,45,0.4706,40,45,0.4706,246.14
22,18,85,0,-2.95,-6.64,3.69,-0.034706,0.564722,-0.061457,27,58,0.3176,35,50,0.4118,269.97
5,56,85,0,-2.95,-6.64,3.69,-0.034706,0.511777,-0.067814,42,43,0.4941,42,43,0.4941,226.65
25,2,85,0,-2.95,-6.64,3.69,-0.034706,0.410272,-0.084592,17,68,0.2,64,21,0.7529,134.71
20,51,85,0,-2.96,-6.64,3.68,-0.034823,0.720008,-0.048365,34,51,0.4,32,53,0.3765,313.83
13,76,85,0,-2.96,-6.64,3.68,-0.034823,0.711375,-0.048952,38,47,0.4471,33,52,0.3882,290.48
25,29,85,0,-2.96,-6.64,3.68,-0.034823,0.637382,-0.054635,29,56,0.3412,28,57,0.3294,323.75
6,22,85,0,-2.96,-6.64,3.68,-0.034823,0.441258,-0.078919,38,47,0.4471,42,43,0.4941,214.1
2,40,85,0,-2.96,-6.64,3.68,-0.034823,0.422576,-0.082408,35,46,0.4118,45,40,0.5294,200.02
40,58,85,0,-2.97,-6.64,3.67,-0.034941,0.800083,-0.043672,32,53,0.3765,14,71,0.1647,373.83
28,46,85,0,-2.97,-6.64,3.67,-0.034941,0.725212,-0.048181,32,53,0.3765,23,62,0.2706,351.83
22,62,85,0,-2.98,-6.64,3.66,-0.035059,0.792536,-0.044236,35,50,0.4118,27,58,0.3176,334.76
23,58,85,0,-2.98,-6.64,3.66,-0.035059,0.781238,-0.044876,34,51,0.4,25,60,0.2941,346.61
40,43,85,0,-2.98,-6.64,3.66,-0.035059,0.726044,-0.048287,30,55,0.3529,19,66,0.2235,360.13
27,44,85,0,-2.98,-6.64,3.66,-0.035059,0.724511,-0.04839,32,53,0.3765,23,62,0.2706,350.76
27,45,85,0,-2.98,-6.64,3.66,-0.035059,0.724511,-0.04839,32,53,0.3765,23,62,0.2706,350.76
9,53,85,0,-2.98,-6.64,3.66,-0.035059,0.625453,-0.056053,39,46,0.4588,39,46,0.4588,258.72
14,16,85,0,-2.98,-6.64,3.66,-0.035059,0.520345,-0.067376,28,57,0.3294,39,46,0.4588,238.22
12,14,85,0,-2.98,-6.64,3.66,-0.035059,0.477196,-0.073468,29,56,0.3412,42,43,0.4941,225.32
16,9,85,0,-2.98,-6.64,3.66,-0.035059,0.474561,-0.073876,23,62,0.2706,47,38,0.5529,197.46
5,40,85,0,-2.98,-6.64,3.66,-0.035059,0.469786,-0.074627,41,44,0.4824,42,43,0.4941,220.09
28,47,85,0,-2.99,-6.64,3.65,-0.035176,0.725525,-0.048484,32,53,0.3765,23,62,0.2706,351.84
20,52,85,0,-2.99,-6.64,3.65,-0.035176,0.720801,-0.048802,34,51,0.4,32,53,0.3765,313.84
23,43,85,0,-2.99,-6.64,3.65,-0.035176,0.705223,-0.04988,32,53,0.3765,30,55,0.3529,332.9
11,43,85,0,-2.99,-6.64,3.65,-0.035176,0.6066,-0.05799,37,48,0.4353,39,46,0.4588,265.78
24,9,85,0,-2.99,-6.64,3.65,-0.035176,0.486833,-0.072256,21,64,0.2471,43,42,0.5059,215.11
7,20,85,0,-2.99,-6.64,3.65,-0.035176,0.44439,-0.079157,37,48,0.4353,42,43,0.4941,208.23
25,62,85,0,-3.0,-6.64,3.64,-0.035294,0.79713,-0.044276,34,51,0.4,20,65,0.2353,361.1
27,46,85,0,-3.0,-6.64,3.64,-0.035294,0.724818,-0.048694,32,53,0.3765,23,62,0.2706,350.77
21,37,85,0,-3.0,-6.64,3.64,-0.035294,0.670246,-0.052658,32,53,0.3765,34,51,0.4,296.01
8,57,85,0,-3.0,-6.64,3.64,-0.035294,0.583476,-0.060489,40,45,0.4706,40,45,0.4706,246.15
30,18,85,0,-3.0,-6.64,3.64,-0.035294,0.570886,-0.061823,26,59,0.3059,27,58,0.3176,296.9
31,18,85,0,-3.0,-6.64,3.64,-0.035294,0.570886,-0.061823,26,59,0.3059,27,58,0.3176,296.9
32,18,85,0,-3.0,-6.64,3.64,-0.035294,0.570886,-0.061823,26,59,0.3059,27,58,0.3176,296.9
33,18,85,0,-3.0,-6.64,3.64,-0.035294,0.570886,-0.061823,26,59,0.3059,27,58,0.3176,296.9
34,18,85,0,-3.0,-6.64,3.64,-0.035294,0.570886,-0.061823,26,59,0.3059,27,58,0.3176,296.9
5,57,85,0,-3.0,-6.64,3.64,-0.035294,0.513811,-0.068691,42,43,0.4941,42,43,0.4941,226.66
9,14,85,0,-3.0,-6.64,3.64,-0.035294,0.461992,-0.076395,31,54,0.3647,43,42,0.5059,215.01
6,26,85,0,-3.0,-6.64,3.64,-0.035294,0.45889,-0.076912,39,46,0.4588,42,43,0.4941,217.6
6,27,85,0,-3.0,-6.64,3.64,-0.035294,0.45889,-0.076912,39,46,0.4588,42,43,0.4941,217.6
6,28,85,0,-3.0,-6.64,3.64,-0.035294,0.45889,-0.076912,39,46,0.4588,42,43,0.4941,217.6
37,10,85,0,-3.01,-6.64,3.63,-0.035412,0.502883,-0.070417,22,63,0.2588,38,47,0.4471,240.89
37,5,85,0,-3.01,-6.64,3.63,-0.035412,0.455042,-0.077821,19,66,0.2235,52,33,0.6118,180.14
24,2,85,0,-3.01,-6.64,3.63,-0.035412,0.409159,-0.086548,17,68,0.2,65,20,0.7647,130.78
27,47,85,0,-3.02,-6.64,3.62,-0.035529,0.725131,-0.048997,32,53,0.3765,23,62,0.2706,350.77
2,41,85,0,-3.02,-6.64,3.62,-0.035529,0.424759,-0.083646,35,46,0.4118,45,40,0.5294,200.96
2,42,85,0,-3.02,-6.64,3.62,-0.035529,0.424759,-0.083646,35,46,0.4118,45,40,0.5294,200.96
38,59,85,0,-3.03,-6.64,3.61,-0.035647,0.793142,-0.044944,33,52,0.3882,15,70,0.1765,372.15
38,60,85,0,-3.03,-6.64,3.61,-0.035647,0.793142,-0.044944,33,52,0.3882,15,70,0.1765,372.15
38,61,85,0,-3.03,-6.64,3.61,-0.035647,0.793142,-0.044944,33,52,0.3882,15,70,0.1765,372.15
14,31,85,0,-3.03,-6.64,3.61,-0.035647,0.6046,-0.05896,33,52,0.3882,39,46,0.4588,264.86
35,10,85,0,-3.03,-6.64,3.61,-0.035647,0.502549,-0.070932,22,63,0.2588,38,47,0.4471,240.89
36,10,85,0,-3.03,-6.64,3.61,-0.035647,0.502549,-0.070932,22,63,0.2588,38,47,0.4471,240.89
14,8,85,0,-3.03,-6.64,3.61,-0.035647,0.470224,-0.075809,23,62,0.2706,50,35,0.5882,181.65
35,5,85,0,-3.03,-6.64,3.61,-0.035647,0.454673,-0.078401,19,66,0.2235,52,33,0.6118,180.14
36,5,85,0,-3.03,-6.64,3.61,-0.035647,0.454673,-0.078401,19,66,0.2235,52,33,0.6118,180.14
12,44,85,0,-3.04,-6.64,3.6,-0.035765,0.623531,-0.057358,37,48,0.4353,39,46,0.4588,269.58
12,45,85,0,-3.04,-6.64,3.6,-0.035765,0.623531,-0.057358,37,48,0.4353,39,46,0.4588,269.58
12,46,85,0,-3.04,-6.64,3.6,-0.035765,0.623531,-0.057358,37,48,0.4353,39,46,0.4588,269.58
12,47,85,0,-3.04,-6.64,3.6,-0.035765,0.623531,-0.057358,37,48,0.4353,39,46,0.4588,269.58
12,48,85,0,-3.04,-6.64,3.6,-0.035765,0.623531,-0.057358,37,48,0.4353,39,46,0.4588,269.58
29,18,85,0,-3.04,-6.64,3.6,-0.035765,0.570172,-0.062726,26,59,0.3059,28,57,0.3294,294.61
20,9,85,0,-3.04,-6.64,3.6,-0.035765,0.479495,-0.074588,22,63,0.2588,46,39,0.5412,202.31
5,41,85,0,-3.04,-6.64,3.6,-0.035765,0.47175,-0.075813,41,44,0.4824,42,43,0.4941,221.03
5,42,85,0,-3.04,-6.64,3.6,-0.035765,0.47175,-0.075813,41,44,0.4824,42,43,0.4941,221.03
19,7,85,0,-3.04,-6.64,3.6,-0.035765,0.456322,-0.078376,22,63,0.2588,49,36,0.5765,190.37
11,28,85,0,-3.05,-6.64,3.59,-0.035882,0.537322,-0.06678,34,51,0.4,39,46,0.4588,252.84
21,53,85,0,-3.06,-6.64,3.58,-0.036,0.748161,-0.048118,34,51,0.4,31,54,0.3647,318.35
9,54,85,0,-3.06,-6.64,3.58,-0.036,0.628009,-0.057324,39,46,0.4588,39,46,0.4588,258.74
26,6,85,0,-3.06,-6.64,3.58,-0.036,0.46403,-0.077581,20,65,0.2353,48,37,0.5647,197.86
27,6,85,0,-3.06,-6.64,3.58,-0.036,0.46403,-0.077581,20,65,0.2353,48,37,0.5647,197.86
28,6,85,0,-3.06,-6.64,3.58,-0.036,0.46403,-0.077581,20,65,0.2353,48,37,0.5647,197.86
29,6,85,0,-3.06,-6.64,3.58,-0.036,0.46403,-0.077581,20,65,0.2353,48,37,0.5647,197.86
30,6,85,0,-3.06,-6.64,3.58,-0.036,0.46403,-0.077581,20,65,0.2353,48,37,0.5647,197.86
31,6,85,0,-3.06,-6.64,3.58,-0.036,0.46403,-0.077581,20,65,0.2353,48,37,0.5647,197.86
32,6,85,0,-3.06,-6.64,3.58,-0.036,0.46403,-0.077581,20,65,0.2353,48,37,0.5647,197.86
33,6,85,0,-3.06,-6.64,3.58,-0.036,0.46403,-0.077581,20,65,0.2353,48,37,0.5647,197.86
34,6,85,0,-3.06,-6.64,3.58,-0.036,0.46403,-0.077581,20,65,0.2353,48,37,0.5647,197.86
7,23,85,0,-3.06,-6.64,3.58,-0.036,0.46254,-0.077831,38,47,0.4471,42,43,0.4941,215.82
7,24,85,0,-3.06,-6.64,3.58,-0.036,0.46254,-0.077831,38,47,0.4471,42,43,0.4941,215.82
7,25,85,0,-3.06,-6.64,3.58,-0.036,0.46254,-0.077831,38,47,0.4471,42,43,0.4941,215.82
1,40,85,0,-3.06,-6.64,3.58,-0.036,0.421514,-0.085406,32,48,0.3765,48,37,0.5647,189.0
20,2,85,0,-3.06,-6.64,3.58,-0.036,0.400399,-0.08991,18,67,0.2118,68,17,0.8,117.99
26,44,85,0,-3.07,-6.64,3.57,-0.036118,0.723365,-0.04993,32,53,0.3765,23,62,0.2706,350.53
26,45,85,0,-3.07,-6.64,3.57,-0.036118,0.723365,-0.04993,32,53,0.3765,23,62,0.2706,350.53
27,18,85,0,-3.07,-6.64,3.57,-0.036118,0.569657,-0.063402,26,59,0.3059,28,57,0.3294,293.9
28,18,85,0,-3.07,-6.64,3.57,-0.036118,0.569657,-0.063402,26,59,0.3059,28,57,0.3294,293.9
22,7,85,0,-3.07,-6.64,3.57,-0.036118,0.462666,-0.078064,21,64,0.2471,49,36,0.5765,193.44
11,11,85,0,-3.07,-6.64,3.57,-0.036118,0.462401,-0.078109,28,57,0.3294,46,39,0.5412,200.81
16,39,85,0,-3.08,-6.64,3.56,-0.036235,0.650416,-0.055711,34,51,0.4,37,48,0.4353,281.3
4,43,85,0,-3.08,-6.64,3.56,-0.036235,0.458704,-0.078995,43,42,0.5059,43,42,0.5059,218.53
40,59,85,0,-3.09,-6.64,3.55,-0.036353,0.803387,-0.04525,32,53,0.3765,14,71,0.1647,374.35
40,60,85,0,-3.09,-6.64,3.55,-0.036353,0.803387,-0.04525,32,53,0.3765,14,71,0.1647,374.35
40,61,85,0,-3.09,-6.64,3.55,-0.036353,0.803387,-0.04525,32,53,0.3765,14,71,0.1647,374.35
26,46,85,0,-3.09,-6.64,3.55,-0.036353,0.723673,-0.050234,32,53,0.3765,23,62,0.2706,350.53
21,38,85,0,-3.09,-6.64,3.55,-0.036353,0.672171,-0.054083,32,53,0.3765,34,51,0.4,296.49
14,32,85,0,-3.09,-6.64,3.55,-0.036353,0.605821,-0.060006,33,52,0.3882,39,46,0.4588,264.87
6,63,85,0,-3.09,-6.64,3.55,-0.036353,0.571141,-0.06365,42,43,0.4941,41,44,0.4824,235.54
6,64,85,0,-3.09,-6.64,3.55,-0.036353,0.571141,-0.06365,42,43,0.4941,41,44,0.4824,235.54
7,29,85,0,-3.09,-6.64,3.55,-0.036353,0.480696,-0.075626,39,46,0.4588,42,43,0.4941,220.11
25,6,85,0,-3.09,-6.64,3.55,-0.036353,0.463637,-0.078408,20,65,0.2353,49,36,0.5765,197.21
23,59,85,0,-3.1,-6.64,3.54,-0.036471,0.784621,-0.046482,34,51,0.4,25,60,0.2941,347.12
23,60,85,0,-3.1,-6.64,3.54,-0.036471,0.784621,-0.046482,34,51,0.4,25,60,0.2941,347.12
23,61,85,0,-3.1,-6.64,3.54,-0.036471,0.784621,-0.046482,34,51,0.4,25,60,0.2941,347.12
12,49,85,0,-3.1,-6.64,3.54,-0.036471,0.625286,-0.058326,37,48,0.4353,39,46,0.4588,269.59
12,50,85,0,-3.1,-6.64,3.54,-0.036471,0.625286,-0.058326,37,48,0.4353,39,46,0.4588,269.59
20,19,85,0,-3.1,-6.64,3.54,-0.036471,0.565497,-0.064493,28,57,0.3294,35,50,0.4118,270.29
14,10,85,0,-3.1,-6.64,3.54,-0.036471,0.483178,-0.075481,25,60,0.2941,47,38,0.5529,201.1
7,16,85,0,-3.1,-6.64,3.54,-0.036471,0.425946,-0.085622,35,50,0.4118,42,43,0.4941,203.87
26,47,85,0,-3.11,-6.64,3.53,-0.036588,0.723986,-0.050537,32,53,0.3765,23,62,0.2706,350.53
24,29,85,0,-3.11,-6.64,3.53,-0.036588,0.63544,-0.057579,29,56,0.3412,29,56,0.3412,318.54
22,44,85,0,-3.12,-6.64,3.52,-0.036706,0.717538,-0.051155,33,52,0.3882,32,53,0.3765,322.63
22,45,85,0,-3.12,-6.64,3.52,-0.036706,0.717538,-0.051155,33,52,0.3882,32,53,0.3765,322.63
14,20,85,0,-3.12,-6.64,3.52,-0.036706,0.553305,-0.066339,30,55,0.3529,39,46,0.4588,248.78
14,18,85,0,-3.12,-6.64,3.52,-0.036706,0.539414,-0.068048,29,56,0.3412,39,46,0.4588,240.56
23,9,85,0,-3.12,-6.64,3.52,-0.036706,0.484759,-0.07572,21,64,0.2471,45,40,0.5294,210.16
7,30,85,0,-3.12,-6.64,3.52,-0.036706,0.481408,-0.076247,39,46,0.4588,42,43,0.4941,220.57
15,9,85,0,-3.12,-6.64,3.52,-0.036706,0.473094,-0.077587,23,62,0.2706,48,37,0.5647,194.99
1,41,85,0,-3.12,-6.64,3.52,-0.036706,0.423701,-0.086632,32,48,0.3765,48,37,0.5647,189.94
1,42,85,0,-3.12,-6.64,3.52,-0.036706,0.423701,-0.086632,32,48,0.3765,48,37,0.5647,189.94
6,14,85,0,-3.12,-6.64,3.52,-0.036706,0.415117,-0.088423,35,50,0.4118,45,40,0.5294,195.86
6,66,85,0,-3.13,-6.64,3.51,-0.036823,0.572776,-0.06429,42,43,0.4941,39,46,0.4588,239.1
6,67,85,0,-3.13,-6.64,3.51,-0.036823,0.572776,-0.06429,42,43,0.4941,39,46,0.4588,239.1
6,68,85,0,-3.13,-6.64,3.51,-0.036823,0.572776,-0.06429,42,43,0.4941,39,46,0.4588,239.1
6,69,85,0,-3.13,-6.64,3.51,-0.036823,0.572776,-0.06429,42,43,0.4941,39,46,0.4588,239.1
6,70,85,0,-3.13,-6.64,3.51,-0.036823,0.572776,-0.06429,42,43,0.4941,39,46,0.4588,239.1
6,71,85,0,-3.13,-6.64,3.51,-0.036823,0.572776,-0.06429,42,43,0.4941,39,46,0.4588,239.1
26,18,85,0,-3.13,-6.64,3.51,-0.036823,0.568683,-0.064752,26,59,0.3059,28,57,0.3294,293.67
14,17,85,0,-3.13,-6.64,3.51,-0.036823,0.522075,-0.070533,28,57,0.3294,39,46,0.4588,238.54
13,4,85,0,-3.13,-6.64,3.51,-0.036823,0.420338,-0.087605,22,63,0.2588,64,21,0.7529,127.36
16,2,85,0,-3.13,-6.64,3.51,-0.036823,0.394984,-0.093228,19,66,0.2235,69,16,0.8118,113.5
25,44,85,0,-3.14,-6.64,3.5,-0.036941,0.722608,-0.051122,32,53,0.3765,25,60,0.2941,348.98
25,45,85,0,-3.14,-6.64,3.5,-0.036941,0.722608,-0.051122,32,53,0.3765,25,60,0.2941,348.98
22,46,85,0,-3.14,-6.64,3.5,-0.036941,0.717847,-0.051461,33,52,0.3882,32,53,0.3765,322.64
15,25,85,0,-3.14,-6.64,3.5,-0.036941,0.580749,-0.063609,31,54,0.3647,39,46,0.4588,265.41
8,28,85,0,-3.14,-6.64,3.5,-0.036941,0.485433,-0.076099,37,48,0.4353,41,44,0.4824,228.29
21,7,85,0,-3.14,-6.64,3.5,-0.036941,0.461736,-0.080005,21,64,0.2471,49,36,0.5765,192.37
3,43,85,0,-3.14,-6.64,3.5,-0.036941,0.457035,-0.080828,42,42,0.4941,44,41,0.5176,215.63
16,6,85,0,-3.14,-6.64,3.5,-0.036941,0.449719,-0.082143,22,63,0.2588,54,31,0.6353,175.63
23,2,85,0,-3.14,-6.64,3.5,-0.036941,0.406688,-0.090834,17,68,0.2,67,18,0.7882,125.83
30,63,85,0,-3.15,-6.64,3.49,-0.037059,0.814043,-0.045524,34,51,0.4,16,69,0.1882,368.27
31,63,85,0,-3.15,-6.64,3.49,-0.037059,0.814043,-0.045524,34,51,0.4,16,69,0.1882,368.27
32,63,85,0,-3.15,-6.64,3.49,-0.037059,0.814043,-0.045524,34,51,0.4,16,69,0.1882,368.27
33,63,85,0,-3.15,-6.64,3.49,-0.037059,0.814043,-0.045524,34,51,0.4,16,69,0.1882,368.27
34,63,85,0,-3.15,-6.64,3.49,-0.037059,0.814043,-0.045524,34,51,0.4,16,69,0.1882,368.27
24,62,85,0,-3.15,-6.64,3.49,-0.037059,0.795577,-0.046581,34,51,0.4,21,64,0.2471,355.9
14,33,85,0,-3.15,-6.64,3.49,-0.037059,0.606649,-0.061088,33,52,0.3882,39,46,0.4588,265.01
6,65,85,0,-3.15,-6.64,3.49,-0.037059,0.573597,-0.064608,42,43,0.4941,41,44,0.4824,237.19
14,23,85,0,-3.15,-6.64,3.49,-0.037059,0.570348,-0.064976,31,54,0.3647,39,46,0.4588,257.23
2,58,85,0,-3.15,-6.64,3.49,-0.037059,0.486532,-0.076169,36,45,0.4235,44,41,0.5176,205.1
9,15,85,0,-3.15,-6.64,3.49,-0.037059,0.46444,-0.079792,31,54,0.3647,40,45,0.4706,221.07
24,6,85,0,-3.15,-6.64,3.49,-0.037059,0.46265,-0.080101,20,65,0.2353,50,35,0.5882,193.28
18,7,85,0,-3.15,-6.64,3.49,-0.037059,0.455074,-0.081435,22,63,0.2588,49,36,0.5765,189.64
21,54,85,0,-3.16,-6.64,3.48,-0.037176,0.750645,-0.049526,34,51,0.4,31,54,0.3647,318.38
25,46,85,0,-3.16,-6.64,3.48,-0.037176,0.722915,-0.051426,32,53,0.3765,25,60,0.2941,348.98
22,47,85,0,-3.16,-6.64,3.48,-0.037176,0.718163,-0.051766,33,52,0.3882,32,53,0.3765,322.64
22,21,85,0,-3.16,-6.64,3.48,-0.037176,0.586202,-0.063419,28,57,0.3294,34,51,0.4,290.5
6,72,85,0,-3.16,-6.64,3.48,-0.037176,0.574132,-0.064752,42,43,0.4941,39,46,0.4588,239.57
25,18,85,0,-3.16,-6.64,3.48,-0.037176,0.568361,-0.06541,26,59,0.3059,29,56,0.3412,293.01
17,35,85,0,-3.17,-6.64,3.47,-0.037294,0.648398,-0.057517,33,52,0.3882,37,48,0.4353,281.99
39,10,85,0,-3.17,-6.64,3.47,-0.037294,0.514396,-0.072501,21,64,0.2471,38,47,0.4471,241.88
11,13,85,0,-3.17,-6.64,3.47,-0.037294,0.472537,-0.078923,29,56,0.3412,43,42,0.5059,218.09
39,5,85,0,-3.17,-6.64,3.47,-0.037294,0.467734,-0.079734,18,67,0.2118,52,33,0.6118,181.14
6,19,85,0,-3.17,-6.64,3.47,-0.037294,0.432202,-0.086289,37,48,0.4353,42,43,0.4941,206.56
13,3,85,0,-3.17,-6.64,3.47,-0.037294,0.408555,-0.091283,21,64,0.2471,67,18,0.7882,115.89
25,47,85,0,-3.18,-6.64,3.46,-0.037412,0.723229,-0.051729,32,53,0.3765,25,60,0.2941,348.99
29,63,85,0,-3.19,-6.64,3.45,-0.037529,0.813541,-0.046131,34,51,0.4,17,68,0.2,365.97
37,58,85,0,-3.19,-6.64,3.45,-0.037529,0.786252,-0.047732,33,52,0.3882,15,70,0.1765,371.39
17,36,85,0,-3.19,-6.64,3.45,-0.037529,0.648671,-0.057856,33,52,0.3882,37,48,0.4353,282.06
13,16,85,0,-3.19,-6.64,3.45,-0.037529,0.500202,-0.075028,29,56,0.3412,39,46,0.4588,234.25
37,43,85,0,-3.2,-6.64,3.44,-0.037647,0.710774,-0.052966,31,54,0.3647,20,65,0.2353,357.68
20,31,85,0,-3.2,-6.64,3.44,-0.037647,0.63693,-0.059107,31,54,0.3647,35,50,0.4118,288.5
20,6,85,0,-3.2,-6.64,3.44,-0.037647,0.454919,-0.082755,21,64,0.2471,53,32,0.6235,180.49
35,58,85,0,-3.21,-6.64,3.43,-0.037765,0.786038,-0.048044,33,52,0.3882,15,70,0.1765,371.39
36,58,85,0,-3.21,-6.64,3.43,-0.037765,0.786038,-0.048044,33,52,0.3882,15,70,0.1765,371.39
30,21,85,0,-3.21,-6.64,3.43,-0.037765,0.59214,-0.063777,27,58,0.3176,26,59,0.3059,317.43
31,21,85,0,-3.21,-6.64,3.43,-0.037765,0.59214,-0.063777,27,58,0.3176,26,59,0.3059,317.43
32,21,85,0,-3.21,-6.64,3.43,-0.037765,0.59214,-0.063777,27,58,0.3176,26,59,0.3059,317.43
33,21,85,0,-3.21,-6.64,3.43,-0.037765,0.59214,-0.063777,27,58,0.3176,26,59,0.3059,317.43
34,21,85,0,-3.21,-6.64,3.43,-0.037765,0.59214,-0.063777,27,58,0.3176,26,59,0.3059,317.43
6,75,85,0,-3.21,-6.64,3.43,-0.037765,0.576427,-0.065515,42,43,0.4941,38,47,0.4471,239.99
6,76,85,0,-3.21,-6.64,3.43,-0.037765,0.576427,-0.065515,42,43,0.4941,38,47,0.4471,239.99
6,77,85,0,-3.21,-6.64,3.43,-0.037765,0.576427,-0.065515,42,43,0.4941,38,47,0.4471,239.99
6,78,85,0,-3.21,-6.64,3.43,-0.037765,0.576427,-0.065515,42,43,0.4941,38,47,0.4471,239.99
6,79,85,0,-3.21,-6.64,3.43,-0.037765,0.576427,-0.065515,42,43,0.4941,38,47,0.4471,239.99
6,80,85,0,-3.21,-6.64,3.43,-0.037765,0.576427,-0.065515,42,43,0.4941,38,47,0.4471,239.99
35,43,85,0,-3.22,-6.64,3.42,-0.037882,0.710536,-0.053315,31,54,0.3647,20,65,0.2353,357.68
36,43,85,0,-3.22,-6.64,3.42,-0.037882,0.710536,-0.053315,31,54,0.3647,20,65,0.2353,357.68
6,73,85,0,-3.22,-6.64,3.42,-0.037882,0.57689,-0.065666,42,43,0.4941,39,46,0.4588,239.8
6,74,85,0,-3.22,-6.64,3.42,-0.037882,0.57689,-0.065666,42,43,0.4941,39,46,0.4588,239.8
24,18,85,0,-3.22,-6.64,3.42,-0.037882,0.567555,-0.066746,26,59,0.3059,30,55,0.3529,289.08
10,29,85,0,-3.22,-6.64,3.42,-0.037882,0.547977,-0.069131,35,50,0.4118,39,46,0.4588,246.28
38,8,85,0,-3.22,-6.64,3.42,-0.037882,0.488067,-0.077617,20,65,0.2353,43,42,0.5059,214.82
12,15,85,0,-3.22,-6.64,3.42,-0.037882,0.480766,-0.078796,29,56,0.3412,39,46,0.4588,231.47
7,17,85,0,-3.22,-6.64,3.42,-0.037882,0.427579,-0.088597,35,50,0.4118,42,43,0.4941,204.09
40,8,85,0,-3.23,-6.64,3.41,-0.038,0.504262,-0.075358,19,66,0.2235,43,42,0.5059,215.66
17,7,85,0,-3.23,-6.64,3.41,-0.038,0.454233,-0.083657,22,63,0.2588,50,35,0.5882,187.77
30,26,85,0,-3.24,-6.64,3.4,-0.038118,0.621591,-0.061323,28,57,0.3294,25,60,0.2941,325.92
31,26,85,0,-3.24,-6.64,3.4,-0.038118,0.621591,-0.061323,28,57,0.3294,25,60,0.2941,325.92
32,26,85,0,-3.24,-6.64,3.4,-0.038118,0.621591,-0.061323,28,57,0.3294,25,60,0.2941,325.92
33,26,85,0,-3.24,-6.64,3.4,-0.038118,0.621591,-0.061323,28,57,0.3294,25,60,0.2941,325.92
34,26,85,0,-3.24,-6.64,3.4,-0.038118,0.621591,-0.061323,28,57,0.3294,25,60,0.2941,325.92
21,25,85,0,-3.24,-6.64,3.4,-0.038118,0.604943,-0.06301,29,56,0.3412,35,50,0.4118,282.68
14,24,85,0,-3.24,-6.64,3.4,-0.038118,0.571882,-0.066653,31,54,0.3647,39,46,0.4588,257.38
9,29,85,0,-3.24,-6.64,3.4,-0.038118,0.536331,-0.071071,36,49,0.4235,40,45,0.4706,242.03
7,31,85,0,-3.24,-6.64,3.4,-0.038118,0.484462,-0.07868,39,46,0.4588,42,43,0.4941,220.81
29,21,85,0,-3.25,-6.64,3.39,-0.038235,0.591449,-0.064647,27,58,0.3176,27,58,0.3176,315.14
10,30,85,0,-3.25,-6.64,3.39,-0.038235,0.5486,-0.069696,35,50,0.4118,39,46,0.4588,246.75
1,58,85,0,-3.25,-6.64,3.39,-0.038235,0.485605,-0.078737,33,47,0.3882,47,38,0.5529,194.09
28,63,85,0,-3.26,-6.64,3.38,-0.038353,0.812689,-0.047193,34,51,0.4,18,67,0.2118,364.37
20,32,85,0,-3.26,-6.64,3.38,-0.038353,0.638086,-0.060106,31,54,0.3647,35,50,0.4118,288.5
10,10,85,0,-3.26,-6.64,3.38,-0.038353,0.443178,-0.086541,28,57,0.3294,47,38,0.5529,187.31
9,30,85,0,-3.27,-6.64,3.37,-0.038471,0.536968,-0.071644,36,49,0.4235,40,45,0.4706,242.49
2,59,85,0,-3.27,-6.64,3.37,-0.038471,0.491941,-0.078202,36,45,0.4235,44,41,0.5176,205.61
2,60,85,0,-3.27,-6.64,3.37,-0.038471,0.491941,-0.078202,36,45,0.4235,44,41,0.5176,205.61
2,61,85,0,-3.27,-6.64,3.37,-0.038471,0.491941,-0.078202,36,45,0.4235,44,41,0.5176,205.61
2,62,85,0,-3.27,-6.64,3.37,-0.038471,0.491941,-0.078202,36,45,0.4235,44,41,0.5176,205.61
6,15,85,0,-3.27,-6.64,3.37,-0.038471,0.417833,-0.092072,35,50,0.4118,42,43,0.4941,201.92
15,2,85,0,-3.27,-6.64,3.37,-0.038471,0.393212,-0.097837,19,66,0.2235,70,15,0.8235,111.02
38,29,85,0,-3.28,-6.64,3.36,-0.038588,0.642962,-0.060016,28,57,0.3294,23,62,0.2706,334.98
29,26,85,0,-3.28,-6.64,3.36,-0.038588,0.620933,-0.062146,28,57,0.3294,26,59,0.3059,323.62
27,21,85,0,-3.28,-6.64,3.36,-0.038588,0.590952,-0.065298,27,58,0.3176,27,58,0.3176,314.43
28,21,85,0,-3.28,-6.64,3.36,-0.038588,0.590952,-0.065298,27,58,0.3176,27,58,0.3176,314.43
22,22,85,0,-3.28,-6.64,3.36,-0.038588,0.588001,-0.065626,28,57,0.3294,34,51,0.4,290.75
14,9,85,0,-3.28,-6.64,3.36,-0.038588,0.471717,-0.081804,23,62,0.2706,48,37,0.5647,188.67
23,6,85,0,-3.28,-6.64,3.36,-0.038588,0.460461,-0.083803,20,65,0.2353,52,33,0.6118,188.33
15,6,85,0,-3.28,-6.64,3.36,-0.038588,0.448163,-0.086103,22,63,0.2588,55,30,0.6471,173.16
8,12,85,0,-3.28,-6.64,3.36,-0.038588,0.427485,-0.090268,32,53,0.3765,47,38,0.5529,194.13
27,63,85,0,-3.29,-6.64,3.35,-0.038706,0.812336,-0.047648,34,51,0.4,18,67,0.2118,363.31
24,44,85,0,-3.29,-6.64,3.35,-0.038706,0.72089,-0.053692,32,53,0.3765,26,59,0.3059,343.77
24,45,85,0,-3.29,-6.64,3.35,-0.038706,0.72089,-0.053692,32,53,0.3765,26,59,0.3059,343.77
12,29,85,0,-3.29,-6.64,3.35,-0.038706,0.556365,-0.069569,34,51,0.4,39,46,0.4588,255.6
15,39,85,0,-3.3,-6.64,3.34,-0.038823,0.648813,-0.059838,34,51,0.4,39,46,0.4588,276.99
7,32,85,0,-3.3,-6.64,3.34,-0.038823,0.485981,-0.079887,39,46,0.4588,42,43,0.4941,220.82
37,59,85,0,-3.31,-6.64,3.33,-0.038941,0.78961,-0.049317,33,52,0.3882,15,70,0.1765,371.9
37,60,85,0,-3.31,-6.64,3.33,-0.038941,0.78961,-0.049317,33,52,0.3882,15,70,0.1765,371.9
37,61,85,0,-3.31,-6.64,3.33,-0.038941,0.78961,-0.049317,33,52,0.3882,15,70,0.1765,371.9
24,46,85,0,-3.31,-6.64,3.33,-0.038941,0.721198,-0.053995,32,53,0.3765,26,59,0.3059,343.78
13,44,85,0,-3.31,-6.64,3.33,-0.038941,0.640236,-0.060823,36,49,0.4235,39,46,0.4588,274.0
13,45,85,0,-3.31,-6.64,3.33,-0.038941,0.640236,-0.060823,36,49,0.4235,39,46,0.4588,274.0
23,29,85,0,-3.31,-6.64,3.33,-0.038941,0.632935,-0.061525,29,56,0.3412,32,53,0.3765,311.75
13,10,85,0,-3.31,-6.64,3.33,-0.038941,0.461408,-0.084396,26,59,0.3059,47,38,0.5529,197.13
38,62,85,0,-3.32,-6.64,3.32,-0.039059,0.801596,-0.048726,33,52,0.3882,15,70,0.1765,372.33
20,33,85,0,-3.32,-6.64,3.32,-0.039059,0.638871,-0.061137,31,54,0.3647,35,50,0.4118,288.65
10,21,85,0,-3.32,-6.64,3.32,-0.039059,0.516302,-0.075651,33,52,0.3882,39,46,0.4588,240.88
35,59,85,0,-3.33,-6.64,3.31,-0.039176,0.789396,-0.049628,33,52,0.3882,15,70,0.1765,371.9
35,60,85,0,-3.33,-6.64,3.31,-0.039176,0.789396,-0.049628,33,52,0.3882,15,70,0.1765,371.9
35,61,85,0,-3.33,-6.64,3.31,-0.039176,0.789396,-0.049628,33,52,0.3882,15,70,0.1765,371.9
36,59,85,0,-3.33,-6.64,3.31,-0.039176,0.789396,-0.049628,33,52,0.3882,15,70,0.1765,371.9
36,60,85,0,-3.33,-6.64,3.31,-0.039176,0.789396,-0.049628,33,52,0.3882,15,70,0.1765,371.9
36,61,85,0,-3.33,-6.64,3.31,-0.039176,0.789396,-0.049628,33,52,0.3882,15,70,0.1765,371.9
24,47,85,0,-3.33,-6.64,3.31,-0.039176,0.721512,-0.054298,32,53,0.3765,26,59,0.3059,343.78
13,46,85,0,-3.33,-6.64,3.31,-0.039176,0.640582,-0.061158,36,49,0.4235,39,46,0.4588,274.0
30,22,85,0,-3.33,-6.64,3.31,-0.039176,0.59392,-0.065962,27,58,0.3176,26,59,0.3059,317.68
31,22,85,0,-3.33,-6.64,3.31,-0.039176,0.59392,-0.065962,27,58,0.3176,26,59,0.3059,317.68
32,22,85,0,-3.33,-6.64,3.31,-0.039176,0.59392,-0.065962,27,58,0.3176,26,59,0.3059,317.68
33,22,85,0,-3.33,-6.64,3.31,-0.039176,0.59392,-0.065962,27,58,0.3176,26,59,0.3059,317.68
34,22,85,0,-3.33,-6.64,3.31,-0.039176,0.59392,-0.065962,27,58,0.3176,26,59,0.3059,317.68
13,23,85,0,-3.33,-6.64,3.31,-0.039176,0.55007,-0.071221,32,53,0.3765,39,46,0.4588,252.65
13,20,85,0,-3.33,-6.64,3.31,-0.039176,0.534398,-0.073309,31,54,0.3647,39,46,0.4588,244.82
13,18,85,0,-3.33,-6.64,3.31,-0.039176,0.520003,-0.075339,30,55,0.3529,39,46,0.4588,236.59
5,11,85,0,-3.33,-6.64,3.31,-0.039176,0.398674,-0.098267,34,51,0.4,49,36,0.5765,169.94
30,64,85,0,-3.34,-6.64,3.3,-0.039294,0.817832,-0.048047,34,51,0.4,16,69,0.1882,368.68
31,64,85,0,-3.34,-6.64,3.3,-0.039294,0.817832,-0.048047,34,51,0.4,16,69,0.1882,368.68
32,64,85,0,-3.34,-6.64,3.3,-0.039294,0.817832,-0.048047,34,51,0.4,16,69,0.1882,368.68
33,64,85,0,-3.34,-6.64,3.3,-0.039294,0.817832,-0.048047,34,51,0.4,16,69,0.1882,368.68
34,64,85,0,-3.34,-6.64,3.3,-0.039294,0.817832,-0.048047,34,51,0.4,16,69,0.1882,368.68
40,29,85,0,-3.34,-6.64,3.3,-0.039294,0.655555,-0.05994,27,58,0.3176,22,63,0.2588,337.17
26,21,85,0,-3.34,-6.64,3.3,-0.039294,0.59001,-0.066599,27,58,0.3176,27,58,0.3176,314.19
13,17,85,0,-3.34,-6.64,3.3,-0.039294,0.501993,-0.078276,29,56,0.3412,39,46,0.4588,234.57
2,21,85,0,-3.34,-6.64,3.3,-0.039294,0.388464,-0.101152,34,48,0.4,45,40,0.5294,190.07
13,47,85,0,-3.35,-6.64,3.29,-0.039412,0.640936,-0.061491,36,49,0.4235,39,46,0.4588,274.0
28,26,85,0,-3.35,-6.64,3.29,-0.039412,0.619814,-0.063586,28,57,0.3294,27,58,0.3176,322.03
22,26,85,0,-3.35,-6.64,3.29,-0.039412,0.613525,-0.064238,29,56,0.3412,34,51,0.4,296.82
10,22,85,0,-3.35,-6.64,3.29,-0.039412,0.516797,-0.076261,33,52,0.3882,39,46,0.4588,240.98
30,27,85,0,-3.36,-6.64,3.28,-0.039529,0.623653,-0.063384,28,57,0.3294,25,60,0.2941,326.18
31,27,85,0,-3.36,-6.64,3.28,-0.039529,0.623653,-0.063384,28,57,0.3294,25,60,0.2941,326.18
32,27,85,0,-3.36,-6.64,3.28,-0.039529,0.623653,-0.063384,28,57,0.3294,25,60,0.2941,326.18
33,27,85,0,-3.36,-6.64,3.28,-0.039529,0.623653,-0.063384,28,57,0.3294,25,60,0.2941,326.18
34,27,85,0,-3.36,-6.64,3.28,-0.039529,0.623653,-0.063384,28,57,0.3294,25,60,0.2941,326.18
8,37,85,0,-3.36,-6.64,3.28,-0.039529,0.510779,-0.07739,38,47,0.4471,41,44,0.4824,232.46
7,33,85,0,-3.36,-6.64,3.28,-0.039529,0.48701,-0.081168,39,46,0.4588,42,43,0.4941,220.96
11,14,85,0,-3.36,-6.64,3.28,-0.039529,0.474424,-0.083321,29,56,0.3412,42,43,0.4941,224.03
26,7,85,0,-3.36,-6.64,3.28,-0.039529,0.46561,-0.084898,20,65,0.2353,44,41,0.5176,208.57
27,7,85,0,-3.36,-6.64,3.28,-0.039529,0.46561,-0.084898,20,65,0.2353,44,41,0.5176,208.57
28,7,85,0,-3.36,-6.64,3.28,-0.039529,0.46561,-0.084898,20,65,0.2353,44,41,0.5176,208.57
29,7,85,0,-3.36,-6.64,3.28,-0.039529,0.46561,-0.084898,20,65,0.2353,44,41,0.5176,208.57
30,7,85,0,-3.36,-6.64,3.28,-0.039529,0.46561,-0.084898,20,65,0.2353,44,41,0.5176,208.57
31,7,85,0,-3.36,-6.64,3.28,-0.039529,0.46561,-0.084898,20,65,0.2353,44,41,0.5176,208.57
32,7,85,0,-3.36,-6.64,3.28,-0.039529,0.46561,-0.084898,20,65,0.2353,44,41,0.5176,208.57
33,7,85,0,-3.36,-6.64,3.28,-0.039529,0.46561,-0.084898,20,65,0.2353,44,41,0.5176,208.57
34,7,85,0,-3.36,-6.64,3.28,-0.039529,0.46561,-0.084898,20,65,0.2353,44,41,0.5176,208.57
14,34,85,0,-3.37,-6.64,3.27,-0.039647,0.610206,-0.064973,33,52,0.3882,39,46,0.4588,265.94
29,22,85,0,-3.37,-6.64,3.27,-0.039647,0.59323,-0.066832,27,58,0.3176,27,58,0.3176,315.38
20,23,85,0,-3.37,-6.64,3.27,-0.039647,0.590251,-0.06717,29,56,0.3412,35,50,0.4118,279.72
25,21,85,0,-3.37,-6.64,3.27,-0.039647,0.589698,-0.067233,27,58,0.3176,28,57,0.3294,313.54
12,21,85,0,-3.37,-6.64,3.27,-0.039647,0.524923,-0.075529,32,53,0.3765,39,46,0.4588,250.19
1,59,85,0,-3.37,-6.64,3.27,-0.039647,0.49102,-0.080744,33,47,0.3882,47,38,0.5529,194.6
1,60,85,0,-3.37,-6.64,3.27,-0.039647,0.49102,-0.080744,33,47,0.3882,47,38,0.5529,194.6
1,61,85,0,-3.37,-6.64,3.27,-0.039647,0.49102,-0.080744,33,47,0.3882,47,38,0.5529,194.6
1,62,85,0,-3.37,-6.64,3.27,-0.039647,0.49102,-0.080744,33,47,0.3882,47,38,0.5529,194.6
6,37,85,0,-3.37,-6.64,3.27,-0.039647,0.484956,-0.081754,40,45,0.4706,42,43,0.4941,221.35
2,22,85,0,-3.37,-6.64,3.27,-0.039647,0.389121,-0.101889,34,48,0.4,45,40,0.5294,190.17
30,66,85,0,-3.38,-6.64,3.26,-0.039765,0.818973,-0.048554,34,51,0.4,14,71,0.1647,372.23
30,67,85,0,-3.38,-6.64,3.26,-0.039765,0.818973,-0.048554,34,51,0.4,14,71,0.1647,372.23
30,68,85,0,-3.38,-6.64,3.26,-0.039765,0.818973,-0.048554,34,51,0.4,14,71,0.1647,372.23
31,66,85,0,-3.38,-6.64,3.26,-0.039765,0.818973,-0.048554,34,51,0.4,14,71,0.1647,372.23
31,67,85,0,-3.38,-6.64,3.26,-0.039765,0.818973,-0.048554,34,51,0.4,14,71,0.1647,372.23
31,68,85,0,-3.38,-6.64,3.26,-0.039765,0.818973,-0.048554,34,51,0.4,14,71,0.1647,372.23
32,66,85,0,-3.38,-6.64,3.26,-0.039765,0.818973,-0.048554,34,51,0.4,14,71,0.1647,372.23
32,67,85,0,-3.38,-6.64,3.26,-0.039765,0.818973,-0.048554,34,51,0.4,14,71,0.1647,372.23
32,68,85,0,-3.38,-6.64,3.26,-0.039765,0.818973,-0.048554,34,51,0.4,14,71,0.1647,372.23
33,66,85,0,-3.38,-6.64,3.26,-0.039765,0.818973,-0.048554,34,51,0.4,14,71,0.1647,372.23
33,67,85,0,-3.38,-6.64,3.26,-0.039765,0.818973,-0.048554,34,51,0.4,14,71,0.1647,372.23
33,68,85,0,-3.38,-6.64,3.26,-0.039765,0.818973,-0.048554,34,51,0.4,14,71,0.1647,372.23
34,66,85,0,-3.38,-6.64,3.26,-0.039765,0.818973,-0.048554,34,51,0.4,14,71,0.1647,372.23
34,67,85,0,-3.38,-6.64,3.26,-0.039765,0.818973,-0.048554,34,51,0.4,14,71,0.1647,372.23
34,68,85,0,-3.38,-6.64,3.26,-0.039765,0.818973,-0.048554,34,51,0.4,14,71,0.1647,372.23
29,64,85,0,-3.38,-6.64,3.26,-0.039765,0.817332,-0.048652,34,51,0.4,17,68,0.2,366.38
40,62,85,0,-3.38,-6.64,3.26,-0.039765,0.811731,-0.048987,32,53,0.3765,14,71,0.1647,374.53
26,63,85,0,-3.38,-6.64,3.26,-0.039765,0.81131,-0.049013,34,51,0.4,18,67,0.2118,363.07
30,48,85,0,-3.38,-6.64,3.26,-0.039765,0.73695,-0.053958,32,53,0.3765,20,65,0.2353,357.68
31,48,85,0,-3.38,-6.64,3.26,-0.039765,0.73695,-0.053958,32,53,0.3765,20,65,0.2353,357.68
32,48,85,0,-3.38,-6.64,3.26,-0.039765,0.73695,-0.053958,32,53,0.3765,20,65,0.2353,357.68
33,48,85,0,-3.38,-6.64,3.26,-0.039765,0.73695,-0.053958,32,53,0.3765,20,65,0.2353,357.68
34,48,85,0,-3.38,-6.64,3.26,-0.039765,0.73695,-0.053958,32,53,0.3765,20,65,0.2353,357.68
27,26,85,0,-3.38,-6.64,3.26,-0.039765,0.619351,-0.064204,28,57,0.3294,27,58,0.3176,320.96
23,62,85,0,-3.39,-6.64,3.25,-0.039882,0.793162,-0.050283,34,51,0.4,25,60,0.2941,347.31
23,18,85,0,-3.39,-6.64,3.25,-0.039882,0.56519,-0.070564,26,59,0.3059,33,52,0.3882,282.29
7,34,85,0,-3.39,-6.64,3.25,-0.039882,0.487797,-0.08176,39,46,0.4588,42,43,0.4941,221.67
25,7,85,0,-3.39,-6.64,3.25,-0.039882,0.465215,-0.085729,20,65,0.2353,45,40,0.5294,207.91
30,65,85,0,-3.4,-6.64,3.24,-0.04,0.819547,-0.048807,34,51,0.4,16,69,0.1882,370.33
31,65,85,0,-3.4,-6.64,3.24,-0.04,0.819547,-0.048807,34,51,0.4,16,69,0.1882,370.33
32,65,85,0,-3.4,-6.64,3.24,-0.04,0.819547,-0.048807,34,51,0.4,16,69,0.1882,370.33
33,65,85,0,-3.4,-6.64,3.24,-0.04,0.819547,-0.048807,34,51,0.4,16,69,0.1882,370.33
34,65,85,0,-3.4,-6.64,3.24,-0.04,0.819547,-0.048807,34,51,0.4,16,69,0.1882,370.33
39,58,85,0,-3.4,-6.64,3.24,-0.04,0.793836,-0.050388,32,53,0.3765,14,71,0.1647,373.75
29,27,85,0,-3.4,-6.64,3.24,-0.04,0.622996,-0.064206,28,57,0.3294,26,59,0.3059,323.88
27,22,85,0,-3.4,-6.64,3.24,-0.04,0.592734,-0.067484,27,58,0.3176,27,58,0.3176,314.68
28,22,85,0,-3.4,-6.64,3.24,-0.04,0.592734,-0.067484,27,58,0.3176,27,58,0.3176,314.68
12,22,85,0,-3.4,-6.64,3.24,-0.04,0.525409,-0.076131,32,53,0.3765,39,46,0.4588,250.29
39,43,85,0,-3.41,-6.64,3.23,-0.040118,0.719154,-0.055784,30,55,0.3529,19,66,0.2235,360.04
10,53,85,0,-3.41,-6.64,3.23,-0.040118,0.642655,-0.062425,38,47,0.4471,38,47,0.4471,263.06
38,2,85,0,-3.41,-6.64,3.23,-0.040118,0.411925,-0.097391,16,69,0.1882,63,22,0.7412,137.15
29,66,85,0,-3.42,-6.64,3.22,-0.040235,0.818473,-0.049159,34,51,0.4,15,70,0.1765,369.94
29,67,85,0,-3.42,-6.64,3.22,-0.040235,0.818473,-0.049159,34,51,0.4,15,70,0.1765,369.94
29,68,85,0,-3.42,-6.64,3.22,-0.040235,0.818473,-0.049159,34,51,0.4,15,70,0.1765,369.94
29,48,85,0,-3.42,-6.64,3.22,-0.040235,0.736394,-0.054638,32,53,0.3765,21,64,0.2471,355.38
14,53,85,0,-3.42,-6.64,3.22,-0.040235,0.699906,-0.057487,36,49,0.4235,37,48,0.4353,284.06
13,24,85,0,-3.42,-6.64,3.22,-0.040235,0.551655,-0.072935,32,53,0.3765,39,46,0.4588,252.79
5,12,85,0,-3.42,-6.64,3.22,-0.040235,0.402924,-0.099858,35,50,0.4118,48,37,0.5647,180.64
22,63,85,0,-3.43,-6.64,3.21,-0.040353,0.806116,-0.050058,35,50,0.4118,27,58,0.3176,335.18
12,51,85,0,-3.43,-6.64,3.21,-0.040353,0.635867,-0.063461,37,48,0.4353,39,46,0.4588,270.8
24,21,85,0,-3.43,-6.64,3.21,-0.040353,0.588918,-0.06852,27,58,0.3176,29,56,0.3412,309.61
14,2,85,0,-3.43,-6.64,3.21,-0.040353,0.391546,-0.10306,19,66,0.2235,70,15,0.8235,104.71
29,65,85,0,-3.44,-6.64,3.2,-0.040471,0.819047,-0.049412,34,51,0.4,17,68,0.2,368.03
16,7,85,0,-3.44,-6.64,3.2,-0.040471,0.451342,-0.089667,22,63,0.2588,50,35,0.5882,186.34
14,6,85,0,-3.44,-6.64,3.2,-0.040471,0.446702,-0.090599,22,63,0.2588,55,30,0.6471,166.84
1,21,85,0,-3.44,-6.64,3.2,-0.040471,0.387295,-0.104495,31,50,0.3647,48,37,0.5647,179.05
28,64,85,0,-3.45,-6.64,3.19,-0.040588,0.816481,-0.049711,34,51,0.4,18,67,0.2118,364.79
25,63,85,0,-3.45,-6.64,3.19,-0.040588,0.810631,-0.05007,34,51,0.4,20,65,0.2353,361.52
21,39,85,0,-3.45,-6.64,3.19,-0.040588,0.680608,-0.059635,32,53,0.3765,34,51,0.4,296.94
8,38,85,0,-3.45,-6.64,3.19,-0.040588,0.513293,-0.079074,38,47,0.4471,41,44,0.4824,232.94
24,7,85,0,-3.45,-6.64,3.19,-0.040588,0.464226,-0.087432,20,65,0.2353,46,39,0.5412,203.98
38,44,85,0,-3.46,-6.64,3.18,-0.040706,0.727523,-0.055951,31,54,0.3647,20,65,0.2353,360.21
38,45,85,0,-3.46,-6.64,3.18,-0.040706,0.727523,-0.055951,31,54,0.3647,20,65,0.2353,360.21
12,52,85,0,-3.46,-6.64,3.18,-0.040706,0.636762,-0.063926,37,48,0.4353,39,46,0.4588,270.8
12,40,85,0,-3.46,-6.64,3.18,-0.040706,0.60282,-0.067526,36,49,0.4235,39,46,0.4588,264.24
26,22,85,0,-3.46,-6.64,3.18,-0.040706,0.591793,-0.068784,27,58,0.3176,27,58,0.3176,314.44
20,24,85,0,-3.46,-6.64,3.18,-0.040706,0.591728,-0.068791,29,56,0.3412,35,50,0.4118,279.86
13,29,85,0,-3.46,-6.64,3.18,-0.040706,0.570121,-0.071399,33,52,0.3882,39,46,0.4588,258.84
9,21,85,0,-3.46,-6.64,3.18,-0.040706,0.505538,-0.08052,34,51,0.4,40,45,0.4706,236.62
6,38,85,0,-3.46,-6.64,3.18,-0.040706,0.487603,-0.083482,40,45,0.4706,42,43,0.4941,221.83
28,27,85,0,-3.47,-6.64,3.17,-0.040823,0.621879,-0.065645,28,57,0.3294,27,58,0.3176,322.28
26,26,85,0,-3.47,-6.64,3.17,-0.040823,0.618002,-0.066057,28,57,0.3294,27,58,0.3176,320.73
22,27,85,0,-3.47,-6.64,3.17,-0.040823,0.615611,-0.066314,29,56,0.3412,34,51,0.4,297.08
9,37,85,0,-3.47,-6.64,3.17,-0.040823,0.562977,-0.072514,37,48,0.4353,40,45,0.4706,245.06
38,9,85,0,-3.47,-6.64,3.17,-0.040823,0.489492,-0.0834,20,65,0.2353,41,44,0.4824,221.84
1,22,85,0,-3.47,-6.64,3.17,-0.040823,0.387953,-0.105228,31,50,0.3647,48,37,0.5647,179.16
27,64,85,0,-3.48,-6.64,3.16,-0.040941,0.816128,-0.050165,34,51,0.4,18,67,0.2118,363.72
38,46,85,0,-3.48,-6.64,3.16,-0.040941,0.727827,-0.056251,31,54,0.3647,20,65,0.2353,360.21
40,9,85,0,-3.48,-6.64,3.16,-0.040941,0.505641,-0.080969,19,66,0.2235,41,44,0.4824,222.68
28,66,85,0,-3.49,-6.64,3.15,-0.041059,0.817623,-0.050217,34,51,0.4,16,69,0.1882,368.34
28,67,85,0,-3.49,-6.64,3.15,-0.041059,0.817623,-0.050217,34,51,0.4,16,69,0.1882,368.34
28,68,85,0,-3.49,-6.64,3.15,-0.041059,0.817623,-0.050217,34,51,0.4,16,69,0.1882,368.34
30,49,85,0,-3.49,-6.64,3.15,-0.041059,0.739667,-0.05551,32,53,0.3765,20,65,0.2353,357.86
31,49,85,0,-3.49,-6.64,3.15,-0.041059,0.739667,-0.05551,32,53,0.3765,20,65,0.2353,357.86
32,49,85,0,-3.49,-6.64,3.15,-0.041059,0.739667,-0.05551,32,53,0.3765,20,65,0.2353,357.86
33,49,85,0,-3.49,-6.64,3.15,-0.041059,0.739667,-0.05551,32,53,0.3765,20,65,0.2353,357.86
34,49,85,0,-3.49,-6.64,3.15,-0.041059,0.739667,-0.05551,32,53,0.3765,20,65,0.2353,357.86
28,48,85,0,-3.49,-6.64,3.15,-0.041059,0.735449,-0.055828,32,53,0.3765,22,63,0.2588,353.78
11,44,85,0,-3.49,-6.64,3.15,-0.041059,0.620971,-0.06612,37,48,0.4353,39,46,0.4588,268.05
11,45,85,0,-3.49,-6.64,3.15,-0.041059,0.620971,-0.06612,37,48,0.4353,39,46,0.4588,268.05
11,46,85,0,-3.49,-6.64,3.15,-0.041059,0.620971,-0.06612,37,48,0.4353,39,46,0.4588,268.05
11,47,85,0,-3.49,-6.64,3.15,-0.041059,0.620971,-0.06612,37,48,0.4353,39,46,0.4588,268.05
11,48,85,0,-3.49,-6.64,3.15,-0.041059,0.620971,-0.06612,37,48,0.4353,39,46,0.4588,268.05
25,22,85,0,-3.49,-6.64,3.15,-0.041059,0.591481,-0.069417,27,58,0.3176,28,57,0.3294,313.78
9,22,85,0,-3.49,-6.64,3.15,-0.041059,0.506042,-0.081137,34,51,0.4,40,45,0.4706,236.73
38,47,85,0,-3.5,-6.64,3.14,-0.041176,0.728137,-0.05655,31,54,0.3647,20,65,0.2353,360.22
27,27,85,0,-3.5,-6.64,3.14,-0.041176,0.621416,-0.066262,28,57,0.3294,27,58,0.3176,321.22
25,26,85,0,-3.5,-6.64,3.14,-0.041176,0.617704,-0.06666,28,57,0.3294,28,57,0.3294,320.07
20,20,85,0,-3.5,-6.64,3.14,-0.041176,0.572138,-0.071969,28,57,0.3294,35,50,0.4118,270.67
37,8,85,0,-3.5,-6.64,3.14,-0.041176,0.48229,-0.085377,20,65,0.2353,43,42,0.5059,214.58
20,7,85,0,-3.5,-6.64,3.14,-0.041176,0.456517,-0.090197,21,64,0.2471,49,36,0.5765,191.19
28,65,85,0,-3.51,-6.64,3.13,-0.041294,0.818197,-0.05047,34,51,0.4,18,67,0.2118,366.43
10,54,85,0,-3.51,-6.64,3.13,-0.041294,0.645537,-0.063969,38,47,0.4471,38,47,0.4471,263.08
14,37,85,0,-3.51,-6.64,3.13,-0.041294,0.632419,-0.065295,34,51,0.4,39,46,0.4588,267.67
9,31,85,0,-3.51,-6.64,3.13,-0.041294,0.542448,-0.076125,36,49,0.4235,40,45,0.4706,242.75
27,66,85,0,-3.52,-6.64,3.12,-0.041412,0.817271,-0.050671,34,51,0.4,16,69,0.1882,367.28
27,67,85,0,-3.52,-6.64,3.12,-0.041412,0.817271,-0.050671,34,51,0.4,16,69,0.1882,367.28
27,68,85,0,-3.52,-6.64,3.12,-0.041412,0.817271,-0.050671,34,51,0.4,16,69,0.1882,367.28
39,59,85,0,-3.52,-6.64,3.12,-0.041412,0.797157,-0.051949,32,53,0.3765,14,71,0.1647,374.26
39,60,85,0,-3.52,-6.64,3.12,-0.041412,0.797157,-0.051949,32,53,0.3765,14,71,0.1647,374.26
39,61,85,0,-3.52,-6.64,3.12,-0.041412,0.797157,-0.051949,32,53,0.3765,14,71,0.1647,374.26
40,44,85,0,-3.52,-6.64,3.12,-0.041412,0.738673,-0.056062,30,55,0.3529,19,66,0.2235,362.41
40,45,85,0,-3.52,-6.64,3.12,-0.041412,0.738673,-0.056062,30,55,0.3529,19,66,0.2235,362.41
27,48,85,0,-3.52,-6.64,3.12,-0.041412,0.735058,-0.056338,32,53,0.3765,22,63,0.2588,352.72
14,54,85,0,-3.52,-6.64,3.12,-0.041412,0.702553,-0.058945,36,49,0.4235,37,48,0.4353,284.09
12,41,85,0,-3.52,-6.64,3.12,-0.041412,0.604346,-0.068523,36,49,0.4235,39,46,0.4588,265.18
12,42,85,0,-3.52,-6.64,3.12,-0.041412,0.604346,-0.068523,36,49,0.4235,39,46,0.4588,265.18
2,63,85,0,-3.52,-6.64,3.12,-0.041412,0.504103,-0.082149,36,45,0.4235,44,41,0.5176,205.85
2,64,85,0,-3.52,-6.64,3.12,-0.041412,0.504103,-0.082149,36,45,0.4235,44,41,0.5176,205.85
6,39,85,0,-3.52,-6.64,3.12,-0.041412,0.4894,-0.084617,40,45,0.4706,42,43,0.4941,222.06
35,8,85,0,-3.52,-6.64,3.12,-0.041412,0.481938,-0.085927,20,65,0.2353,43,42,0.5059,214.58
36,8,85,0,-3.52,-6.64,3.12,-0.041412,0.481938,-0.085927,20,65,0.2353,43,42,0.5059,214.58
29,49,85,0,-3.53,-6.64,3.11,-0.041529,0.739112,-0.056188,32,53,0.3765,21,64,0.2471,355.57
23,44,85,0,-3.53,-6.64,3.11,-0.041529,0.718218,-0.057823,32,53,0.3765,30,55,0.3529,335.18
23,45,85,0,-3.53,-6.64,3.11,-0.041529,0.718218,-0.057823,32,53,0.3765,30,55,0.3529,335.18
30,69,85,0,-3.54,-6.64,3.1,-0.041647,0.823957,-0.050545,34,51,0.4,13,72,0.1529,374.01
31,69,85,0,-3.54,-6.64,3.1,-0.041647,0.823957,-0.050545,34,51,0.4,13,72,0.1529,374.01
32,69,85,0,-3.54,-6.64,3.1,-0.041647,0.823957,-0.050545,34,51,0.4,13,72,0.1529,374.01
33,69,85,0,-3.54,-6.64,3.1,-0.041647,0.823957,-0.050545,34,51,0.4,13,72,0.1529,374.01
34,69,85,0,-3.54,-6.64,3.1,-0.041647,0.823957,-0.050545,34,51,0.4,13,72,0.1529,374.01
27,65,85,0,-3.54,-6.64,3.1,-0.041647,0.817845,-0.050923,34,51,0.4,18,67,0.2118,365.37
40,46,85,0,-3.54,-6.64,3.1,-0.041647,0.738973,-0.056358,30,55,0.3529,19,66,0.2235,362.41
20,34,85,0,-3.54,-6.64,3.1,-0.041647,0.642241,-0.064846,31,54,0.3647,35,50,0.4118,289.58
2,66,85,0,-3.54,-6.64,3.1,-0.041647,0.505027,-0.082465,36,45,0.4235,43,42,0.5059,206.27
2,67,85,0,-3.54,-6.64,3.1,-0.041647,0.505027,-0.082465,36,45,0.4235,43,42,0.5059,206.27
2,68,85,0,-3.54,-6.64,3.1,-0.041647,0.505027,-0.082465,36,45,0.4235,43,42,0.5059,206.27
2,69,85,0,-3.54,-6.64,3.1,-0.041647,0.505027,-0.082465,36,45,0.4235,43,42,0.5059,206.27
2,70,85,0,-3.54,-6.64,3.1,-0.041647,0.505027,-0.082465,36,45,0.4235,43,42,0.5059,206.27
2,71,85,0,-3.54,-6.64,3.1,-0.041647,0.505027,-0.082465,36,45,0.4235,43,42,0.5059,206.27
9,10,85,0,-3.54,-6.64,3.1,-0.041647,0.441121,-0.094412,28,57,0.3294,47,38,0.5529,186.83
8,11,85,0,-3.54,-6.64,3.1,-0.041647,0.420767,-0.098979,31,54,0.3647,48,37,0.5647,182.3
23,46,85,0,-3.55,-6.64,3.09,-0.041765,0.718525,-0.058126,32,53,0.3765,30,55,0.3529,335.19
11,49,85,0,-3.55,-6.64,3.09,-0.041765,0.622727,-0.067067,37,48,0.4353,39,46,0.4588,268.07
11,50,85,0,-3.55,-6.64,3.09,-0.041765,0.622727,-0.067067,37,48,0.4353,39,46,0.4588,268.07
24,22,85,0,-3.55,-6.64,3.09,-0.041765,0.590702,-0.070703,27,58,0.3176,29,56,0.3412,309.86
2,65,85,0,-3.55,-6.64,3.09,-0.041765,0.505492,-0.082622,36,45,0.4235,44,41,0.5176,206.08
38,6,85,0,-3.55,-6.64,3.09,-0.041765,0.465081,-0.089801,19,66,0.2235,48,37,0.5647,199.65
40,47,85,0,-3.56,-6.64,3.08,-0.041882,0.739278,-0.056653,30,55,0.3529,19,66,0.2235,362.42
37,29,85,0,-3.56,-6.64,3.08,-0.041882,0.638584,-0.065586,28,57,0.3294,23,62,0.2706,334.73
9,38,85,0,-3.56,-6.64,3.08,-0.041882,0.565257,-0.074094,37,48,0.4353,40,45,0.4706,245.54
10,19,85,0,-3.56,-6.64,3.08,-0.041882,0.509064,-0.082273,32,53,0.3765,39,46,0.4588,233.44
40,6,85,0,-3.56,-6.64,3.08,-0.041882,0.482048,-0.086884,18,67,0.2118,48,37,0.5647,200.48
26,64,85,0,-3.57,-6.64,3.07,-0.042,0.815104,-0.051527,34,51,0.4,18,67,0.2118,363.48
23,47,85,0,-3.57,-6.64,3.07,-0.042,0.71884,-0.058427,32,53,0.3765,30,55,0.3529,335.19
14,25,85,0,-3.57,-6.64,3.07,-0.042,0.577119,-0.072775,31,54,0.3647,39,46,0.4588,257.45
10,31,85,0,-3.57,-6.64,3.07,-0.042,0.555114,-0.07566,35,50,0.4118,39,46,0.4588,247.03
9,32,85,0,-3.57,-6.64,3.07,-0.042,0.5438,-0.077234,36,49,0.4235,40,45,0.4706,242.76
2,72,85,0,-3.57,-6.64,3.07,-0.042,0.506561,-0.082912,36,45,0.4235,43,42,0.5059,206.74
6,20,85,0,-3.57,-6.64,3.07,-0.042,0.440845,-0.095271,37,48,0.4353,42,43,0.4941,206.94
29,69,85,0,-3.58,-6.64,3.06,-0.042118,0.823458,-0.051147,34,51,0.4,14,71,0.1647,371.71
35,29,85,0,-3.58,-6.64,3.06,-0.042118,0.638318,-0.065982,28,57,0.3294,23,62,0.2706,334.73
36,29,85,0,-3.58,-6.64,3.06,-0.042118,0.638318,-0.065982,28,57,0.3294,23,62,0.2706,334.73
4,44,85,0,-3.58,-6.64,3.06,-0.042118,0.477534,-0.088198,43,42,0.5059,43,42,0.5059,220.8
4,45,85,0,-3.58,-6.64,3.06,-0.042118,0.477534,-0.088198,43,42,0.5059,43,42,0.5059,220.8
4,46,85,0,-3.58,-6.64,3.06,-0.042118,0.477534,-0.088198,43,42,0.5059,43,42,0.5059,220.8
4,47,85,0,-3.58,-6.64,3.06,-0.042118,0.477534,-0.088198,43,42,0.5059,43,42,0.5059,220.8
4,48,85,0,-3.58,-6.64,3.06,-0.042118,0.477534,-0.088198,43,42,0.5059,43,42,0.5059,220.8
4,49,85,0,-3.58,-6.64,3.06,-0.042118,0.477534,-0.088198,43,42,0.5059,43,42,0.5059,220.8
4,50,85,0,-3.58,-6.64,3.06,-0.042118,0.477534,-0.088198,43,42,0.5059,43,42,0.5059,220.8
23,7,85,0,-3.58,-6.64,3.06,-0.042118,0.462032,-0.091157,20,65,0.2353,48,37,0.5647,199.03
15,7,85,0,-3.58,-6.64,3.06,-0.042118,0.449778,-0.093641,22,63,0.2588,51,34,0.6,183.86
26,27,85,0,-3.59,-6.64,3.05,-0.042235,0.62007,-0.068114,28,57,0.3294,27,58,0.3176,320.98
24,63,85,0,-3.6,-6.64,3.04,-0.042353,0.809092,-0.052346,34,51,0.4,21,64,0.2471,356.32
37,62,85,0,-3.6,-6.64,3.04,-0.042353,0.798086,-0.053068,33,52,0.3882,15,70,0.1765,372.09
28,49,85,0,-3.6,-6.64,3.04,-0.042353,0.73817,-0.057376,32,53,0.3765,22,63,0.2588,353.97
14,38,85,0,-3.6,-6.64,3.04,-0.042353,0.634449,-0.066755,34,51,0.4,39,46,0.4588,268.15
23,21,85,0,-3.6,-6.64,3.04,-0.042353,0.58663,-0.072197,27,58,0.3176,32,53,0.3765,302.82
11,15,85,0,-3.6,-6.64,3.04,-0.042353,0.477988,-0.088607,29,56,0.3412,39,46,0.4588,230.18
6,16,85,0,-3.6,-6.64,3.04,-0.042353,0.422621,-0.100215,35,50,0.4118,42,43,0.4941,202.67
2,26,85,0,-3.6,-6.64,3.04,-0.042353,0.408247,-0.103743,34,47,0.4,45,40,0.5294,193.22
2,27,85,0,-3.6,-6.64,3.04,-0.042353,0.408247,-0.103743,34,47,0.4,45,40,0.5294,193.22
2,28,85,0,-3.6,-6.64,3.04,-0.042353,0.408247,-0.103743,34,47,0.4,45,40,0.5294,193.22
26,66,85,0,-3.61,-6.64,3.03,-0.042471,0.816247,-0.052031,34,51,0.4,16,69,0.1882,367.04
26,67,85,0,-3.61,-6.64,3.03,-0.042471,0.816247,-0.052031,34,51,0.4,16,69,0.1882,367.04
26,68,85,0,-3.61,-6.64,3.03,-0.042471,0.816247,-0.052031,34,51,0.4,16,69,0.1882,367.04
26,48,85,0,-3.61,-6.64,3.03,-0.042471,0.733919,-0.057868,32,53,0.3765,22,63,0.2588,352.48
30,40,85,0,-3.61,-6.64,3.03,-0.042471,0.704742,-0.060264,31,54,0.3647,22,63,0.2588,346.69
31,40,85,0,-3.61,-6.64,3.03,-0.042471,0.704742,-0.060264,31,54,0.3647,22,63,0.2588,346.69
32,40,85,0,-3.61,-6.64,3.03,-0.042471,0.704742,-0.060264,31,54,0.3647,22,63,0.2588,346.69
33,40,85,0,-3.61,-6.64,3.03,-0.042471,0.704742,-0.060264,31,54,0.3647,22,63,0.2588,346.69
34,40,85,0,-3.61,-6.64,3.03,-0.042471,0.704742,-0.060264,31,54,0.3647,22,63,0.2588,346.69
20,37,85,0,-3.61,-6.64,3.03,-0.042471,0.663802,-0.063981,32,53,0.3765,34,51,0.4,293.26
9,16,85,0,-3.61,-6.64,3.03,-0.042471,0.470607,-0.090246,31,54,0.3647,40,45,0.4706,221.93
22,64,85,0,-3.62,-6.64,3.02,-0.042588,0.809933,-0.052582,35,50,0.4118,27,58,0.3176,335.59
35,62,85,0,-3.62,-6.64,3.02,-0.042588,0.797874,-0.053377,33,52,0.3882,15,70,0.1765,372.09
36,62,85,0,-3.62,-6.64,3.02,-0.042588,0.797874,-0.053377,33,52,0.3882,15,70,0.1765,372.09
25,27,85,0,-3.62,-6.64,3.02,-0.042588,0.619772,-0.068716,28,57,0.3294,28,57,0.3294,320.33
24,26,85,0,-3.62,-6.64,3.02,-0.042588,0.616109,-0.069124,28,57,0.3294,29,56,0.3412,315.93
38,18,85,0,-3.62,-6.64,3.02,-0.042588,0.57227,-0.07442,25,60,0.2941,26,59,0.3059,301.39
2,75,85,0,-3.62,-6.64,3.02,-0.042588,0.509155,-0.083645,36,45,0.4235,42,43,0.4941,207.16
2,76,85,0,-3.62,-6.64,3.02,-0.042588,0.509155,-0.083645,36,45,0.4235,42,43,0.4941,207.16
2,77,85,0,-3.62,-6.64,3.02,-0.042588,0.509155,-0.083645,36,45,0.4235,42,43,0.4941,207.16
2,78,85,0,-3.62,-6.64,3.02,-0.042588,0.509155,-0.083645,36,45,0.4235,42,43,0.4941,207.16
2,79,85,0,-3.62,-6.64,3.02,-0.042588,0.509155,-0.083645,36,45,0.4235,42,43,0.4941,207.16
2,80,85,0,-3.62,-6.64,3.02,-0.042588,0.509155,-0.083645,36,45,0.4235,42,43,0.4941,207.16
1,63,85,0,-3.62,-6.64,3.02,-0.042588,0.503197,-0.084635,33,47,0.3882,47,38,0.5529,194.83
1,64,85,0,-3.62,-6.64,3.02,-0.042588,0.503197,-0.084635,33,47,0.3882,47,38,0.5529,194.83
7,18,85,0,-3.62,-6.64,3.02,-0.042588,0.435527,-0.097785,35,50,0.4118,42,43,0.4941,204.79
26,65,85,0,-3.63,-6.64,3.01,-0.042706,0.816822,-0.052283,34,51,0.4,18,67,0.2118,365.13
27,49,85,0,-3.63,-6.64,3.01,-0.042706,0.737779,-0.057884,32,53,0.3765,22,63,0.2588,352.9
10,32,85,0,-3.63,-6.64,3.01,-0.042706,0.556435,-0.076749,35,50,0.4118,39,46,0.4588,247.03
9,33,85,0,-3.63,-6.64,3.01,-0.042706,0.544716,-0.0784,36,49,0.4235,40,45,0.4706,242.9
2,73,85,0,-3.63,-6.64,3.01,-0.042706,0.509679,-0.08379,36,45,0.4235,43,42,0.5059,206.98
2,74,85,0,-3.63,-6.64,3.01,-0.042706,0.509679,-0.08379,36,45,0.4235,43,42,0.5059,206.98
7,35,85,0,-3.63,-6.64,3.01,-0.042706,0.494502,-0.086361,39,46,0.4588,42,43,0.4941,222.13
25,64,85,0,-3.64,-6.64,3.0,-0.042823,0.814426,-0.052581,34,51,0.4,20,65,0.2353,361.94
30,50,85,0,-3.64,-6.64,3.0,-0.042823,0.743503,-0.057597,32,53,0.3765,20,65,0.2353,357.87
31,50,85,0,-3.64,-6.64,3.0,-0.042823,0.743503,-0.057597,32,53,0.3765,20,65,0.2353,357.87
32,50,85,0,-3.64,-6.64,3.0,-0.042823,0.743503,-0.057597,32,53,0.3765,20,65,0.2353,357.87
33,50,85,0,-3.64,-6.64,3.0,-0.042823,0.743503,-0.057597,32,53,0.3765,20,65,0.2353,357.87
34,50,85,0,-3.64,-6.64,3.0,-0.042823,0.743503,-0.057597,32,53,0.3765,20,65,0.2353,357.87
30,30,85,0,-3.64,-6.64,3.0,-0.042823,0.659425,-0.064941,29,56,0.3412,24,61,0.2824,331.19
31,30,85,0,-3.64,-6.64,3.0,-0.042823,0.659425,-0.064941,29,56,0.3412,24,61,0.2824,331.19
32,30,85,0,-3.64,-6.64,3.0,-0.042823,0.659425,-0.064941,29,56,0.3412,24,61,0.2824,331.19
33,30,85,0,-3.64,-6.64,3.0,-0.042823,0.659425,-0.064941,29,56,0.3412,24,61,0.2824,331.19
34,30,85,0,-3.64,-6.64,3.0,-0.042823,0.659425,-0.064941,29,56,0.3412,24,61,0.2824,331.19
1,66,85,0,-3.64,-6.64,3.0,-0.042823,0.504123,-0.084947,33,47,0.3882,46,39,0.5412,195.26
1,67,85,0,-3.64,-6.64,3.0,-0.042823,0.504123,-0.084947,33,47,0.3882,46,39,0.5412,195.26
1,68,85,0,-3.64,-6.64,3.0,-0.042823,0.504123,-0.084947,33,47,0.3882,46,39,0.5412,195.26
1,69,85,0,-3.64,-6.64,3.0,-0.042823,0.504123,-0.084947,33,47,0.3882,46,39,0.5412,195.26
1,70,85,0,-3.64,-6.64,3.0,-0.042823,0.504123,-0.084947,33,47,0.3882,46,39,0.5412,195.26
1,71,85,0,-3.64,-6.64,3.0,-0.042823,0.504123,-0.084947,33,47,0.3882,46,39,0.5412,195.26
3,44,85,0,-3.64,-6.64,3.0,-0.042823,0.475922,-0.08998,42,42,0.4941,44,41,0.5176,217.9
3,45,85,0,-3.64,-6.64,3.0,-0.042823,0.475922,-0.08998,42,42,0.4941,44,41,0.5176,217.9
3,46,85,0,-3.64,-6.64,3.0,-0.042823,0.475922,-0.08998,42,42,0.4941,44,41,0.5176,217.9
3,47,85,0,-3.64,-6.64,3.0,-0.042823,0.475922,-0.08998,42,42,0.4941,44,41,0.5176,217.9
3,48,85,0,-3.64,-6.64,3.0,-0.042823,0.475922,-0.08998,42,42,0.4941,44,41,0.5176,217.9
3,49,85,0,-3.64,-6.64,3.0,-0.042823,0.475922,-0.08998,42,42,0.4941,44,41,0.5176,217.9
3,50,85,0,-3.64,-6.64,3.0,-0.042823,0.475922,-0.08998,42,42,0.4941,44,41,0.5176,217.9
6,23,85,0,-3.64,-6.64,3.0,-0.042823,0.459123,-0.093272,38,47,0.4471,42,43,0.4941,214.54
6,24,85,0,-3.64,-6.64,3.0,-0.042823,0.459123,-0.093272,38,47,0.4471,42,43,0.4941,214.54
6,25,85,0,-3.64,-6.64,3.0,-0.042823,0.459123,-0.093272,38,47,0.4471,42,43,0.4941,214.54
8,13,85,0,-3.64,-6.64,3.0,-0.042823,0.431866,-0.099159,32,53,0.3765,45,40,0.5294,199.58
28,69,85,0,-3.65,-6.64,2.99,-0.042941,0.822612,-0.052201,34,51,0.4,15,70,0.1765,370.11
29,40,85,0,-3.65,-6.64,2.99,-0.042941,0.704159,-0.060982,31,54,0.3647,23,62,0.2706,344.4
1,65,85,0,-3.65,-6.64,2.99,-0.042941,0.504588,-0.085101,33,47,0.3882,47,38,0.5529,195.07
7,36,85,0,-3.65,-6.64,2.99,-0.042941,0.494856,-0.086775,39,46,0.4588,42,43,0.4941,222.2
22,66,85,0,-3.66,-6.64,2.98,-0.043059,0.811082,-0.053088,35,50,0.4118,25,60,0.2941,339.14
22,67,85,0,-3.66,-6.64,2.98,-0.043059,0.811082,-0.053088,35,50,0.4118,25,60,0.2941,339.14
22,68,85,0,-3.66,-6.64,2.98,-0.043059,0.811082,-0.053088,35,50,0.4118,25,60,0.2941,339.14
22,48,85,0,-3.66,-6.64,2.98,-0.043059,0.728171,-0.059133,33,52,0.3882,31,54,0.3647,324.59
9,34,85,0,-3.66,-6.64,2.98,-0.043059,0.545418,-0.078946,36,49,0.4235,40,45,0.4706,243.61
39,8,85,0,-3.66,-6.64,2.98,-0.043059,0.49426,-0.087118,19,66,0.2235,43,42,0.5059,215.57
20,53,85,0,-3.67,-6.64,2.97,-0.043176,0.742387,-0.058159,34,51,0.4,31,54,0.3647,315.61
30,41,85,0,-3.67,-6.64,2.97,-0.043176,0.706046,-0.061152,31,54,0.3647,22,63,0.2588,347.63
30,42,85,0,-3.67,-6.64,2.97,-0.043176,0.706046,-0.061152,31,54,0.3647,22,63,0.2588,347.63
31,41,85,0,-3.67,-6.64,2.97,-0.043176,0.706046,-0.061152,31,54,0.3647,22,63,0.2588,347.63
31,42,85,0,-3.67,-6.64,2.97,-0.043176,0.706046,-0.061152,31,54,0.3647,22,63,0.2588,347.63
32,41,85,0,-3.67,-6.64,2.97,-0.043176,0.706046,-0.061152,31,54,0.3647,22,63,0.2588,347.63
32,42,85,0,-3.67,-6.64,2.97,-0.043176,0.706046,-0.061152,31,54,0.3647,22,63,0.2588,347.63
33,41,85,0,-3.67,-6.64,2.97,-0.043176,0.706046,-0.061152,31,54,0.3647,22,63,0.2588,347.63
33,42,85,0,-3.67,-6.64,2.97,-0.043176,0.706046,-0.061152,31,54,0.3647,22,63,0.2588,347.63
34,41,85,0,-3.67,-6.64,2.97,-0.043176,0.706046,-0.061152,31,54,0.3647,22,63,0.2588,347.63
34,42,85,0,-3.67,-6.64,2.97,-0.043176,0.706046,-0.061152,31,54,0.3647,22,63,0.2588,347.63
1,72,85,0,-3.67,-6.64,2.97,-0.043176,0.505659,-0.085386,33,47,0.3882,46,39,0.5412,195.73
6,29,85,0,-3.67,-6.64,2.97,-0.043176,0.477404,-0.09044,39,46,0.4588,42,43,0.4941,218.83
27,69,85,0,-3.68,-6.64,2.96,-0.043294,0.822261,-0.052652,34,51,0.4,15,70,0.1765,369.05
25,66,85,0,-3.68,-6.64,2.96,-0.043294,0.815569,-0.053084,34,51,0.4,18,67,0.2118,365.49
25,67,85,0,-3.68,-6.64,2.96,-0.043294,0.815569,-0.053084,34,51,0.4,18,67,0.2118,365.49
25,68,85,0,-3.68,-6.64,2.96,-0.043294,0.815569,-0.053084,34,51,0.4,18,67,0.2118,365.49
22,65,85,0,-3.68,-6.64,2.96,-0.043294,0.811661,-0.05334,35,50,0.4118,27,58,0.3176,337.24
29,50,85,0,-3.68,-6.64,2.96,-0.043294,0.74295,-0.058273,32,53,0.3765,21,64,0.2471,355.57
25,48,85,0,-3.68,-6.64,2.96,-0.043294,0.733166,-0.059051,32,53,0.3765,24,61,0.2824,350.93
29,30,85,0,-3.68,-6.64,2.96,-0.043294,0.658802,-0.065716,29,56,0.3412,25,60,0.2941,328.89
16,35,85,0,-3.68,-6.64,2.96,-0.043294,0.643579,-0.067271,33,52,0.3882,37,48,0.4353,279.22
40,18,85,0,-3.68,-6.64,2.96,-0.043294,0.586378,-0.073833,24,61,0.2824,25,60,0.2941,303.59
12,19,85,0,-3.68,-6.64,2.96,-0.043294,0.517274,-0.083697,31,54,0.3647,39,46,0.4588,242.52
10,33,85,0,-3.69,-6.64,2.95,-0.043412,0.557329,-0.077892,35,50,0.4118,39,46,0.4588,247.18
37,2,85,0,-3.69,-6.64,2.95,-0.043412,0.405044,-0.107178,16,69,0.1882,63,22,0.7412,136.91
30,70,85,0,-3.7,-6.64,2.94,-0.043529,0.828998,-0.052508,34,51,0.4,12,73,0.1412,375.78
30,71,85,0,-3.7,-6.64,2.94,-0.043529,0.828998,-0.052508,34,51,0.4,12,73,0.1412,375.78
31,70,85,0,-3.7,-6.64,2.94,-0.043529,0.828998,-0.052508,34,51,0.4,12,73,0.1412,375.78
31,71,85,0,-3.7,-6.64,2.94,-0.043529,0.828998,-0.052508,34,51,0.4,12,73,0.1412,375.78
32,70,85,0,-3.7,-6.64,2.94,-0.043529,0.828998,-0.052508,34,51,0.4,12,73,0.1412,375.78
32,71,85,0,-3.7,-6.64,2.94,-0.043529,0.828998,-0.052508,34,51,0.4,12,73,0.1412,375.78
33,70,85,0,-3.7,-6.64,2.94,-0.043529,0.828998,-0.052508,34,51,0.4,12,73,0.1412,375.78
33,71,85,0,-3.7,-6.64,2.94,-0.043529,0.828998,-0.052508,34,51,0.4,12,73,0.1412,375.78
34,70,85,0,-3.7,-6.64,2.94,-0.043529,0.828998,-0.052508,34,51,0.4,12,73,0.1412,375.78
34,71,85,0,-3.7,-6.64,2.94,-0.043529,0.828998,-0.052508,34,51,0.4,12,73,0.1412,375.78
25,65,85,0,-3.7,-6.64,2.94,-0.043529,0.816145,-0.053335,34,51,0.4,20,65,0.2353,363.58
20,38,85,0,-3.7,-6.64,2.94,-0.043529,0.665734,-0.065386,32,53,0.3765,34,51,0.4,293.74
16,36,85,0,-3.7,-6.64,2.94,-0.043529,0.643851,-0.067608,33,52,0.3882,37,48,0.4353,279.29
9,19,85,0,-3.7,-6.64,2.94,-0.043529,0.498134,-0.087385,33,52,0.3882,40,45,0.4706,229.19
6,30,85,0,-3.7,-6.64,2.94,-0.043529,0.478116,-0.091044,39,46,0.4588,42,43,0.4941,219.29
1,26,85,0,-3.7,-6.64,2.94,-0.043529,0.407126,-0.106919,31,49,0.3647,48,37,0.5647,182.2
1,27,85,0,-3.7,-6.64,2.94,-0.043529,0.407126,-0.106919,31,49,0.3647,48,37,0.5647,182.2
1,28,85,0,-3.7,-6.64,2.94,-0.043529,0.407126,-0.106919,31,49,0.3647,48,37,0.5647,182.2
29,41,85,0,-3.71,-6.64,2.93,-0.043647,0.705463,-0.06187,31,54,0.3647,23,62,0.2706,345.34
29,42,85,0,-3.71,-6.64,2.93,-0.043647,0.705463,-0.06187,31,54,0.3647,23,62,0.2706,345.34
8,58,85,0,-3.71,-6.64,2.93,-0.043647,0.612961,-0.071207,40,45,0.4706,39,46,0.4588,247.92
5,58,85,0,-3.71,-6.64,2.93,-0.043647,0.547063,-0.079784,42,43,0.4941,41,44,0.4824,228.43
35,2,85,0,-3.71,-6.64,2.93,-0.043647,0.404625,-0.10787,16,69,0.1882,63,22,0.7412,136.91
36,2,85,0,-3.71,-6.64,2.93,-0.043647,0.404625,-0.10787,16,69,0.1882,63,22,0.7412,136.91
26,49,85,0,-3.72,-6.64,2.92,-0.043765,0.736643,-0.059411,32,53,0.3765,22,63,0.2588,352.67
28,40,85,0,-3.72,-6.64,2.92,-0.043765,0.703168,-0.062239,31,54,0.3647,24,61,0.2824,342.8
23,22,85,0,-3.72,-6.64,2.92,-0.043765,0.588416,-0.074377,27,58,0.3176,32,53,0.3765,303.07
10,34,85,0,-3.72,-6.64,2.92,-0.043765,0.558015,-0.078429,35,50,0.4118,39,46,0.4588,247.88
13,25,85,0,-3.72,-6.64,2.92,-0.043765,0.556554,-0.078635,32,53,0.3765,39,46,0.4588,252.8
1,75,85,0,-3.72,-6.64,2.92,-0.043765,0.508256,-0.086108,33,47,0.3882,45,40,0.5294,196.15
1,76,85,0,-3.72,-6.64,2.92,-0.043765,0.508256,-0.086108,33,47,0.3882,45,40,0.5294,196.15
1,77,85,0,-3.72,-6.64,2.92,-0.043765,0.508256,-0.086108,33,47,0.3882,45,40,0.5294,196.15
1,78,85,0,-3.72,-6.64,2.92,-0.043765,0.508256,-0.086108,33,47,0.3882,45,40,0.5294,196.15
1,79,85,0,-3.72,-6.64,2.92,-0.043765,0.508256,-0.086108,33,47,0.3882,45,40,0.5294,196.15
1,80,85,0,-3.72,-6.64,2.92,-0.043765,0.508256,-0.086108,33,47,0.3882,45,40,0.5294,196.15
6,17,85,0,-3.72,-6.64,2.92,-0.043765,0.424247,-0.103158,35,50,0.4118,42,43,0.4941,202.88
30,72,85,0,-3.73,-6.64,2.91,-0.043882,0.829933,-0.052875,34,51,0.4,12,73,0.1412,376.25
31,72,85,0,-3.73,-6.64,2.91,-0.043882,0.829933,-0.052875,34,51,0.4,12,73,0.1412,376.25
32,72,85,0,-3.73,-6.64,2.91,-0.043882,0.829933,-0.052875,34,51,0.4,12,73,0.1412,376.25
33,72,85,0,-3.73,-6.64,2.91,-0.043882,0.829933,-0.052875,34,51,0.4,12,73,0.1412,376.25
34,72,85,0,-3.73,-6.64,2.91,-0.043882,0.829933,-0.052875,34,51,0.4,12,73,0.1412,376.25
1,73,85,0,-3.73,-6.64,2.91,-0.043882,0.50878,-0.08625,33,47,0.3882,46,39,0.5412,195.96
1,74,85,0,-3.73,-6.64,2.91,-0.043882,0.50878,-0.08625,33,47,0.3882,46,39,0.5412,195.96
29,70,85,0,-3.74,-6.64,2.9,-0.044,0.828501,-0.053108,34,51,0.4,13,72,0.1529,373.48
29,71,85,0,-3.74,-6.64,2.9,-0.044,0.828501,-0.053108,34,51,0.4,13,72,0.1529,373.48
37,44,85,0,-3.74,-6.64,2.9,-0.044,0.723647,-0.060803,31,54,0.3647,20,65,0.2353,359.96
37,45,85,0,-3.74,-6.64,2.9,-0.044,0.723647,-0.060803,31,54,0.3647,20,65,0.2353,359.96
24,27,85,0,-3.74,-6.64,2.9,-0.044,0.618179,-0.071177,28,57,0.3294,29,56,0.3412,316.19
11,29,85,0,-3.74,-6.64,2.9,-0.044,0.553466,-0.079499,34,51,0.4,39,46,0.4588,254.08
14,7,85,0,-3.74,-6.64,2.9,-0.044,0.448307,-0.098147,22,63,0.2588,51,34,0.6,177.55
28,50,85,0,-3.75,-6.64,2.89,-0.044118,0.74201,-0.059457,32,53,0.3765,22,63,0.2588,353.98
27,40,85,0,-3.75,-6.64,2.89,-0.044118,0.702757,-0.062778,31,54,0.3647,24,61,0.2824,341.73
28,30,85,0,-3.75,-6.64,2.89,-0.044118,0.657742,-0.067074,29,56,0.3412,26,59,0.3059,327.3
37,9,85,0,-3.75,-6.64,2.89,-0.044118,0.483712,-0.091206,20,65,0.2353,41,44,0.4824,221.6
37,46,85,0,-3.76,-6.64,2.88,-0.044235,0.723951,-0.061103,31,54,0.3647,20,65,0.2353,359.97
35,44,85,0,-3.76,-6.64,2.88,-0.044235,0.723412,-0.061148,31,54,0.3647,20,65,0.2353,359.96
35,45,85,0,-3.76,-6.64,2.88,-0.044235,0.723412,-0.061148,31,54,0.3647,20,65,0.2353,359.96
36,44,85,0,-3.76,-6.64,2.88,-0.044235,0.723412,-0.061148,31,54,0.3647,20,65,0.2353,359.96
36,45,85,0,-3.76,-6.64,2.88,-0.044235,0.723412,-0.061148,31,54,0.3647,20,65,0.2353,359.96
22,19,85,0,-3.76,-6.64,2.88,-0.044235,0.576346,-0.076751,27,58,0.3176,35,50,0.4118,278.85
9,17,85,0,-3.76,-6.64,2.88,-0.044235,0.472492,-0.093621,31,54,0.3647,40,45,0.4706,222.25
29,72,85,0,-3.77,-6.64,2.87,-0.044353,0.829437,-0.053474,34,51,0.4,13,72,0.1529,373.95
26,69,85,0,-3.77,-6.64,2.87,-0.044353,0.821241,-0.054007,34,51,0.4,15,70,0.1765,368.81
38,63,85,0,-3.77,-6.64,2.87,-0.044353,0.814998,-0.054421,33,52,0.3882,15,70,0.1765,372.75
20,54,85,0,-3.77,-6.64,2.87,-0.044353,0.744878,-0.059544,34,51,0.4,31,54,0.3647,315.63
22,49,85,0,-3.77,-6.64,2.87,-0.044353,0.730915,-0.060681,33,52,0.3882,31,54,0.3647,324.77
39,29,85,0,-3.77,-6.64,2.87,-0.044353,0.647882,-0.068458,27,58,0.3176,22,63,0.2588,337.09
35,9,85,0,-3.77,-6.64,2.87,-0.044353,0.48336,-0.09176,20,65,0.2353,41,44,0.4824,221.6
36,9,85,0,-3.77,-6.64,2.87,-0.044353,0.48336,-0.09176,20,65,0.2353,41,44,0.4824,221.6
27,50,85,0,-3.78,-6.64,2.86,-0.044471,0.741621,-0.059964,32,53,0.3765,22,63,0.2588,352.91
37,47,85,0,-3.78,-6.64,2.86,-0.044471,0.724262,-0.061401,31,54,0.3647,20,65,0.2353,359.97
35,46,85,0,-3.78,-6.64,2.86,-0.044471,0.723716,-0.061447,31,54,0.3647,20,65,0.2353,359.97
36,46,85,0,-3.78,-6.64,2.86,-0.044471,0.723716,-0.061447,31,54,0.3647,20,65,0.2353,359.97
28,41,85,0,-3.78,-6.64,2.86,-0.044471,0.704473,-0.063126,31,54,0.3647,24,61,0.2824,343.74
28,42,85,0,-3.78,-6.64,2.86,-0.044471,0.704473,-0.063126,31,54,0.3647,24,61,0.2824,343.74
27,30,85,0,-3.78,-6.64,2.86,-0.044471,0.657302,-0.067656,29,56,0.3412,26,59,0.3059,326.23
10,26,85,0,-3.78,-6.64,2.86,-0.044471,0.538624,-0.082563,34,51,0.4,39,46,0.4588,244.62
5,13,85,0,-3.78,-6.64,2.86,-0.044471,0.407552,-0.109116,35,50,0.4118,46,39,0.5412,186.08
1,11,85,0,-3.78,-6.64,2.86,-0.044471,0.368864,-0.120561,30,51,0.3529,54,31,0.6353,149.48
30,73,85,0,-3.79,-6.64,2.85,-0.044588,0.831837,-0.053602,34,51,0.4,12,73,0.1412,376.48
31,73,85,0,-3.79,-6.64,2.85,-0.044588,0.831837,-0.053602,34,51,0.4,12,73,0.1412,376.48
32,73,85,0,-3.79,-6.64,2.85,-0.044588,0.831837,-0.053602,34,51,0.4,12,73,0.1412,376.48
33,73,85,0,-3.79,-6.64,2.85,-0.044588,0.831837,-0.053602,34,51,0.4,12,73,0.1412,376.48
34,73,85,0,-3.79,-6.64,2.85,-0.044588,0.831837,-0.053602,34,51,0.4,12,73,0.1412,376.48
24,64,85,0,-3.79,-6.64,2.85,-0.044588,0.812889,-0.054851,34,51,0.4,21,64,0.2471,356.73
25,49,85,0,-3.79,-6.64,2.85,-0.044588,0.73589,-0.060591,32,53,0.3765,24,61,0.2824,351.12
23,26,85,0,-3.79,-6.64,2.85,-0.044588,0.613915,-0.072629,28,57,0.3294,32,53,0.3765,309.14
35,47,85,0,-3.8,-6.64,2.84,-0.044706,0.724027,-0.061746,31,54,0.3647,20,65,0.2353,359.97
36,47,85,0,-3.8,-6.64,2.84,-0.044706,0.724027,-0.061746,31,54,0.3647,20,65,0.2353,359.97
13,48,85,0,-3.8,-6.64,2.84,-0.044706,0.650748,-0.068699,36,49,0.4235,38,47,0.4471,275.78
9,26,85,0,-3.8,-6.64,2.84,-0.044706,0.526768,-0.084868,35,50,0.4118,40,45,0.4706,240.37
2,12,85,0,-3.8,-6.64,2.84,-0.044706,0.37234,-0.120067,32,50,0.3765,50,35,0.5882,169.21
30,74,85,0,-3.81,-6.64,2.83,-0.044823,0.832257,-0.053858,34,51,0.4,12,73,0.1412,376.72
31,74,85,0,-3.81,-6.64,2.83,-0.044823,0.832257,-0.053858,34,51,0.4,12,73,0.1412,376.72
32,74,85,0,-3.81,-6.64,2.83,-0.044823,0.832257,-0.053858,34,51,0.4,12,73,0.1412,376.72
33,74,85,0,-3.81,-6.64,2.83,-0.044823,0.832257,-0.053858,34,51,0.4,12,73,0.1412,376.72
34,74,85,0,-3.81,-6.64,2.83,-0.044823,0.832257,-0.053858,34,51,0.4,12,73,0.1412,376.72
28,70,85,0,-3.81,-6.64,2.83,-0.044823,0.827658,-0.054157,34,51,0.4,14,71,0.1647,371.89
28,71,85,0,-3.81,-6.64,2.83,-0.044823,0.827658,-0.054157,34,51,0.4,14,71,0.1647,371.89
39,62,85,0,-3.81,-6.64,2.83,-0.044823,0.805544,-0.055644,32,53,0.3765,14,71,0.1647,374.45
27,41,85,0,-3.81,-6.64,2.83,-0.044823,0.704062,-0.063664,31,54,0.3647,24,61,0.2824,342.68
27,42,85,0,-3.81,-6.64,2.83,-0.044823,0.704062,-0.063664,31,54,0.3647,24,61,0.2824,342.68
30,19,85,0,-3.81,-6.64,2.83,-0.044823,0.582377,-0.076966,26,59,0.3059,27,58,0.3176,305.77
31,19,85,0,-3.81,-6.64,2.83,-0.044823,0.582377,-0.076966,26,59,0.3059,27,58,0.3176,305.77
32,19,85,0,-3.81,-6.64,2.83,-0.044823,0.582377,-0.076966,26,59,0.3059,27,58,0.3176,305.77
33,19,85,0,-3.81,-6.64,2.83,-0.044823,0.582377,-0.076966,26,59,0.3059,27,58,0.3176,305.77
34,19,85,0,-3.81,-6.64,2.83,-0.044823,0.582377,-0.076966,26,59,0.3059,27,58,0.3176,305.77
10,27,85,0,-3.81,-6.64,2.83,-0.044823,0.5392,-0.08313,34,51,0.4,39,46,0.4588,244.69
8,39,85,0,-3.81,-6.64,2.83,-0.044823,0.524258,-0.085499,38,47,0.4471,41,44,0.4824,233.4
8,29,85,0,-3.81,-6.64,2.83,-0.044823,0.502945,-0.089122,37,48,0.4353,41,44,0.4824,229.52
30,75,85,0,-3.82,-6.64,2.82,-0.044941,0.832361,-0.053992,34,51,0.4,11,74,0.1294,376.91
31,75,85,0,-3.82,-6.64,2.82,-0.044941,0.832361,-0.053992,34,51,0.4,11,74,0.1294,376.91
32,75,85,0,-3.82,-6.64,2.82,-0.044941,0.832361,-0.053992,34,51,0.4,11,74,0.1294,376.91
33,75,85,0,-3.82,-6.64,2.82,-0.044941,0.832361,-0.053992,34,51,0.4,11,74,0.1294,376.91
34,75,85,0,-3.82,-6.64,2.82,-0.044941,0.832361,-0.053992,34,51,0.4,11,74,0.1294,376.91
22,69,85,0,-3.82,-6.64,2.82,-0.044941,0.816107,-0.055068,35,50,0.4118,24,61,0.2824,340.92
22,40,85,0,-3.82,-6.64,2.82,-0.044941,0.696359,-0.064537,32,53,0.3765,32,53,0.3765,315.64
13,40,85,0,-3.82,-6.64,2.82,-0.044941,0.618396,-0.072674,35,50,0.4118,39,46,0.4588,267.7
11,21,85,0,-3.82,-6.64,2.82,-0.044941,0.521839,-0.086121,32,53,0.3765,39,46,0.4588,248.66
6,31,85,0,-3.82,-6.64,2.82,-0.044941,0.481171,-0.0934,39,46,0.4588,42,43,0.4941,219.53
30,77,85,0,-3.83,-6.64,2.81,-0.045059,0.832576,-0.05412,34,51,0.4,10,75,0.1176,379.01
30,78,85,0,-3.83,-6.64,2.81,-0.045059,0.832576,-0.05412,34,51,0.4,10,75,0.1176,379.01
30,79,85,0,-3.83,-6.64,2.81,-0.045059,0.832576,-0.05412,34,51,0.4,10,75,0.1176,379.01
30,80,85,0,-3.83,-6.64,2.81,-0.045059,0.832576,-0.05412,34,51,0.4,10,75,0.1176,379.01
31,77,85,0,-3.83,-6.64,2.81,-0.045059,0.832576,-0.05412,34,51,0.4,10,75,0.1176,379.01
31,78,85,0,-3.83,-6.64,2.81,-0.045059,0.832576,-0.05412,34,51,0.4,10,75,0.1176,379.01
31,79,85,0,-3.83,-6.64,2.81,-0.045059,0.832576,-0.05412,34,51,0.4,10,75,0.1176,379.01
31,80,85,0,-3.83,-6.64,2.81,-0.045059,0.832576,-0.05412,34,51,0.4,10,75,0.1176,379.01
32,77,85,0,-3.83,-6.64,2.81,-0.045059,0.832576,-0.05412,34,51,0.4,10,75,0.1176,379.01
32,78,85,0,-3.83,-6.64,2.81,-0.045059,0.832576,-0.05412,34,51,0.4,10,75,0.1176,379.01
32,79,85,0,-3.83,-6.64,2.81,-0.045059,0.832576,-0.05412,34,51,0.4,10,75,0.1176,379.01
32,80,85,0,-3.83,-6.64,2.81,-0.045059,0.832576,-0.05412,34,51,0.4,10,75,0.1176,379.01
33,77,85,0,-3.83,-6.64,2.81,-0.045059,0.832576,-0.05412,34,51,0.4,10,75,0.1176,379.01
33,78,85,0,-3.83,-6.64,2.81,-0.045059,0.832576,-0.05412,34,51,0.4,10,75,0.1176,379.01
33,79,85,0,-3.83,-6.64,2.81,-0.045059,0.832576,-0.05412,34,51,0.4,10,75,0.1176,379.01
33,80,85,0,-3.83,-6.64,2.81,-0.045059,0.832576,-0.05412,34,51,0.4,10,75,0.1176,379.01
34,77,85,0,-3.83,-6.64,2.81,-0.045059,0.832576,-0.05412,34,51,0.4,10,75,0.1176,379.01
34,78,85,0,-3.83,-6.64,2.81,-0.045059,0.832576,-0.05412,34,51,0.4,10,75,0.1176,379.01
34,79,85,0,-3.83,-6.64,2.81,-0.045059,0.832576,-0.05412,34,51,0.4,10,75,0.1176,379.01
34,80,85,0,-3.83,-6.64,2.81,-0.045059,0.832576,-0.05412,34,51,0.4,10,75,0.1176,379.01
29,73,85,0,-3.83,-6.64,2.81,-0.045059,0.831342,-0.0542,34,51,0.4,13,72,0.1529,374.19
40,63,85,0,-3.83,-6.64,2.81,-0.045059,0.824964,-0.054619,32,53,0.3765,14,71,0.1647,374.95
24,66,85,0,-3.83,-6.64,2.81,-0.045059,0.814034,-0.055352,34,51,0.4,19,66,0.2235,360.28
24,67,85,0,-3.83,-6.64,2.81,-0.045059,0.814034,-0.055352,34,51,0.4,19,66,0.2235,360.28
24,68,85,0,-3.83,-6.64,2.81,-0.045059,0.814034,-0.055352,34,51,0.4,19,66,0.2235,360.28
24,48,85,0,-3.83,-6.64,2.81,-0.045059,0.731457,-0.061601,32,53,0.3765,25,60,0.2941,345.73
8,59,85,0,-3.83,-6.64,2.81,-0.045059,0.617247,-0.073,40,45,0.4706,39,46,0.4588,248.44
8,60,85,0,-3.83,-6.64,2.81,-0.045059,0.617247,-0.073,40,45,0.4706,39,46,0.4588,248.44
8,61,85,0,-3.83,-6.64,2.81,-0.045059,0.617247,-0.073,40,45,0.4706,39,46,0.4588,248.44
38,21,85,0,-3.83,-6.64,2.81,-0.045059,0.593444,-0.075928,26,59,0.3059,25,60,0.2941,321.92
5,59,85,0,-3.83,-6.64,2.81,-0.045059,0.551862,-0.081649,42,43,0.4941,41,44,0.4824,228.95
5,60,85,0,-3.83,-6.64,2.81,-0.045059,0.551862,-0.081649,42,43,0.4941,41,44,0.4824,228.95
5,61,85,0,-3.83,-6.64,2.81,-0.045059,0.551862,-0.081649,42,43,0.4941,41,44,0.4824,228.95
12,26,85,0,-3.83,-6.64,2.81,-0.045059,0.546886,-0.082391,33,52,0.3882,39,46,0.4588,253.93
9,27,85,0,-3.83,-6.64,2.81,-0.045059,0.527358,-0.085443,35,50,0.4118,40,45,0.4706,240.44
37,6,85,0,-3.83,-6.64,2.81,-0.045059,0.458986,-0.09817,19,66,0.2235,48,37,0.5647,199.4
8,14,85,0,-3.83,-6.64,2.81,-0.045059,0.433901,-0.103846,32,53,0.3765,44,41,0.5176,205.52
1,12,85,0,-3.83,-6.64,2.81,-0.045059,0.371194,-0.121389,30,51,0.3529,53,32,0.6235,159.2
30,76,85,0,-3.84,-6.64,2.8,-0.045176,0.832792,-0.054247,34,51,0.4,11,74,0.1294,378.36
31,76,85,0,-3.84,-6.64,2.8,-0.045176,0.832792,-0.054247,34,51,0.4,11,74,0.1294,378.36
32,76,85,0,-3.84,-6.64,2.8,-0.045176,0.832792,-0.054247,34,51,0.4,11,74,0.1294,378.36
33,76,85,0,-3.84,-6.64,2.8,-0.045176,0.832792,-0.054247,34,51,0.4,11,74,0.1294,378.36
34,76,85,0,-3.84,-6.64,2.8,-0.045176,0.832792,-0.054247,34,51,0.4,11,74,0.1294,378.36
28,72,85,0,-3.84,-6.64,2.8,-0.045176,0.828594,-0.054522,34,51,0.4,14,71,0.1647,372.36
27,70,85,0,-3.84,-6.64,2.8,-0.045176,0.827309,-0.054606,34,51,0.4,14,71,0.1647,370.82
27,71,85,0,-3.84,-6.64,2.8,-0.045176,0.827309,-0.054606,34,51,0.4,14,71,0.1647,370.82
25,69,85,0,-3.84,-6.64,2.8,-0.045176,0.820565,-0.055055,34,51,0.4,17,68,0.2,367.26
23,63,85,0,-3.84,-6.64,2.8,-0.045176,0.806699,-0.056002,34,51,0.4,25,60,0.2941,347.73
26,40,85,0,-3.84,-6.64,2.8,-0.045176,0.701562,-0.064394,31,54,0.3647,24,61,0.2824,341.5
8,30,85,0,-3.84,-6.64,2.8,-0.045176,0.503619,-0.089704,37,48,0.4353,41,44,0.4824,229.98
29,74,85,0,-3.85,-6.64,2.79,-0.045294,0.831762,-0.054456,34,51,0.4,13,72,0.1529,374.42
24,65,85,0,-3.85,-6.64,2.79,-0.045294,0.81461,-0.055602,34,51,0.4,21,64,0.2471,358.38
22,30,85,0,-3.85,-6.64,2.79,-0.045294,0.650457,-0.069634,30,55,0.3529,34,51,0.4,300.13
20,25,85,0,-3.85,-6.64,2.79,-0.045294,0.597761,-0.075773,29,56,0.3412,35,50,0.4118,279.93
29,19,85,0,-3.85,-6.64,2.79,-0.045294,0.581669,-0.077869,26,59,0.3059,28,57,0.3294,303.48
11,22,85,0,-3.85,-6.64,2.79,-0.045294,0.522324,-0.086716,32,53,0.3765,39,46,0.4588,248.77
38,7,85,0,-3.85,-6.64,2.79,-0.045294,0.466613,-0.09707,19,66,0.2235,44,41,0.5176,210.35
35,6,85,0,-3.85,-6.64,2.79,-0.045294,0.458615,-0.098763,19,66,0.2235,48,37,0.5647,199.4
36,6,85,0,-3.85,-6.64,2.79,-0.045294,0.458615,-0.098763,19,66,0.2235,48,37,0.5647,199.4
39,2,85,0,-3.85,-6.64,2.79,-0.045294,0.419216,-0.108045,15,70,0.1765,63,22,0.7412,137.9
40,2,85,0,-3.85,-6.64,2.79,-0.045294,0.419216,-0.108045,15,70,0.1765,63,22,0.7412,137.9
29,75,85,0,-3.86,-6.64,2.78,-0.045412,0.831866,-0.05459,34,51,0.4,12,73,0.1412,374.62
13,49,85,0,-3.86,-6.64,2.78,-0.045412,0.65242,-0.069605,36,49,0.4235,38,47,0.4471,275.79
13,50,85,0,-3.86,-6.64,2.78,-0.045412,0.65242,-0.069605,36,49,0.4235,38,47,0.4471,275.79
38,26,85,0,-3.86,-6.64,2.78,-0.045412,0.622829,-0.072912,27,58,0.3176,24,61,0.2824,330.41
12,27,85,0,-3.86,-6.64,2.78,-0.045412,0.547454,-0.082951,33,52,0.3882,39,46,0.4588,254.0
40,7,85,0,-3.86,-6.64,2.78,-0.045412,0.483525,-0.093918,18,67,0.2118,44,41,0.5176,211.19
29,77,85,0,-3.87,-6.64,2.77,-0.045529,0.832081,-0.054717,34,51,0.4,11,74,0.1294,376.72
29,78,85,0,-3.87,-6.64,2.77,-0.045529,0.832081,-0.054717,34,51,0.4,11,74,0.1294,376.72
29,79,85,0,-3.87,-6.64,2.77,-0.045529,0.832081,-0.054717,34,51,0.4,11,74,0.1294,376.72
29,80,85,0,-3.87,-6.64,2.77,-0.045529,0.832081,-0.054717,34,51,0.4,11,74,0.1294,376.72
27,72,85,0,-3.87,-6.64,2.77,-0.045529,0.828245,-0.054971,34,51,0.4,14,71,0.1647,371.29
26,50,85,0,-3.87,-6.64,2.77,-0.045529,0.740488,-0.061486,32,53,0.3765,22,63,0.2588,352.67
26,30,85,0,-3.87,-6.64,2.77,-0.045529,0.656024,-0.069402,29,56,0.3412,26,59,0.3059,325.99
2,11,85,0,-3.87,-6.64,2.77,-0.045529,0.369844,-0.123104,31,51,0.3647,51,34,0.6,159.45
29,76,85,0,-3.88,-6.64,2.76,-0.045647,0.832297,-0.054845,34,51,0.4,12,73,0.1412,376.06
22,41,85,0,-3.88,-6.64,2.76,-0.045647,0.697675,-0.065427,32,53,0.3765,32,53,0.3765,316.58
22,42,85,0,-3.88,-6.64,2.76,-0.045647,0.697675,-0.065427,32,53,0.3765,32,53,0.3765,316.58
15,35,85,0,-3.88,-6.64,2.76,-0.045647,0.642047,-0.071096,33,52,0.3882,39,46,0.4588,274.92
11,51,85,0,-3.88,-6.64,2.76,-0.045647,0.633318,-0.072076,37,48,0.4353,39,46,0.4588,269.27
13,41,85,0,-3.88,-6.64,2.76,-0.045647,0.619878,-0.073639,35,50,0.4118,39,46,0.4588,268.64
13,42,85,0,-3.88,-6.64,2.76,-0.045647,0.619878,-0.073639,35,50,0.4118,39,46,0.4588,268.64
27,19,85,0,-3.88,-6.64,2.76,-0.045647,0.581159,-0.078545,26,59,0.3059,28,57,0.3294,302.77
28,19,85,0,-3.88,-6.64,2.76,-0.045647,0.581159,-0.078545,26,59,0.3059,28,57,0.3294,302.77
6,32,85,0,-3.88,-6.64,2.76,-0.045647,0.482689,-0.094568,39,46,0.4588,42,43,0.4941,219.53
13,5,85,0,-3.88,-6.64,2.76,-0.045647,0.423912,-0.107681,22,63,0.2588,59,26,0.6941,144.94
12,4,85,0,-3.88,-6.64,2.76,-0.045647,0.407683,-0.111967,22,63,0.2588,64,21,0.7529,125.44
40,21,85,0,-3.89,-6.64,2.75,-0.045765,0.607056,-0.075388,25,60,0.2941,24,61,0.2824,324.12
4,51,85,0,-3.89,-6.64,2.75,-0.045765,0.490504,-0.093301,43,42,0.5059,43,42,0.5059,222.0
4,52,85,0,-3.89,-6.64,2.75,-0.045765,0.490504,-0.093301,43,42,0.5059,43,42,0.5059,222.0
4,53,85,0,-3.89,-6.64,2.75,-0.045765,0.490504,-0.093301,43,42,0.5059,43,42,0.5059,222.0
28,73,85,0,-3.9,-6.64,2.74,-0.045882,0.830501,-0.055247,34,51,0.4,14,71,0.1647,372.59
26,41,85,0,-3.9,-6.64,2.74,-0.045882,0.702869,-0.065279,31,54,0.3647,24,61,0.2824,342.44
26,42,85,0,-3.9,-6.64,2.74,-0.045882,0.702869,-0.065279,31,54,0.3647,24,61,0.2824,342.44
15,36,85,0,-3.9,-6.64,2.74,-0.045882,0.64232,-0.071432,33,52,0.3882,39,46,0.4588,274.99
10,37,85,0,-3.9,-6.64,2.74,-0.045882,0.581978,-0.078839,36,49,0.4235,39,46,0.4588,249.4
37,18,85,0,-3.9,-6.64,2.74,-0.045882,0.567323,-0.080875,25,60,0.2941,26,59,0.3059,301.15
25,40,85,0,-3.91,-6.64,2.73,-0.046,0.70077,-0.065642,31,54,0.3647,26,59,0.3059,339.95
11,52,85,0,-3.91,-6.64,2.73,-0.046,0.634213,-0.072531,37,48,0.4353,39,46,0.4588,269.27
23,27,85,0,-3.91,-6.64,2.73,-0.046,0.615988,-0.074677,28,57,0.3294,32,53,0.3765,309.4
11,40,85,0,-3.91,-6.64,2.73,-0.046,0.600127,-0.07665,36,49,0.4235,39,46,0.4588,262.72
39,9,85,0,-3.91,-6.64,2.73,-0.046,0.495636,-0.09281,19,66,0.2235,41,44,0.4824,222.59
28,74,85,0,-3.92,-6.64,2.72,-0.046118,0.83092,-0.055502,34,51,0.4,14,71,0.1647,372.83
22,50,85,0,-3.92,-6.64,2.72,-0.046118,0.734789,-0.062763,33,52,0.3882,31,54,0.3647,324.78
40,26,85,0,-3.92,-6.64,2.72,-0.046118,0.635812,-0.072533,26,59,0.3059,23,62,0.2706,332.61
8,62,85,0,-3.92,-6.64,2.72,-0.046118,0.620536,-0.074319,40,45,0.4706,39,46,0.4588,248.44
9,39,85,0,-3.92,-6.64,2.72,-0.046118,0.575223,-0.080173,37,48,0.4353,40,45,0.4706,246.0
35,18,85,0,-3.92,-6.64,2.72,-0.046118,0.567022,-0.081333,25,60,0.2941,26,59,0.3059,301.15
36,18,85,0,-3.92,-6.64,2.72,-0.046118,0.567022,-0.081333,25,60,0.2941,26,59,0.3059,301.15
5,62,85,0,-3.92,-6.64,2.72,-0.046118,0.555537,-0.083014,42,43,0.4941,41,44,0.4824,228.95
12,3,85,0,-3.92,-6.64,2.72,-0.046118,0.395514,-0.116602,21,64,0.2471,67,18,0.7882,113.97
28,75,85,0,-3.93,-6.64,2.71,-0.046235,0.831025,-0.055636,34,51,0.4,13,72,0.1529,373.02
27,73,85,0,-3.93,-6.64,2.71,-0.046235,0.830152,-0.055695,34,51,0.4,14,71,0.1647,371.53
26,70,85,0,-3.93,-6.64,2.71,-0.046235,0.826293,-0.055955,34,51,0.4,14,71,0.1647,370.58
26,71,85,0,-3.93,-6.64,2.71,-0.046235,0.826293,-0.055955,34,51,0.4,14,71,0.1647,370.58
28,77,85,0,-3.94,-6.64,2.7,-0.046353,0.831239,-0.055764,34,51,0.4,12,73,0.1412,375.12
28,78,85,0,-3.94,-6.64,2.7,-0.046353,0.831239,-0.055764,34,51,0.4,12,73,0.1412,375.12
28,79,85,0,-3.94,-6.64,2.7,-0.046353,0.831239,-0.055764,34,51,0.4,12,73,0.1412,375.12
28,80,85,0,-3.94,-6.64,2.7,-0.046353,0.831239,-0.055764,34,51,0.4,12,73,0.1412,375.12
25,50,85,0,-3.94,-6.64,2.7,-0.046353,0.739737,-0.062661,32,53,0.3765,24,61,0.2824,351.13
24,49,85,0,-3.94,-6.64,2.7,-0.046353,0.734185,-0.063135,32,53,0.3765,25,60,0.2941,345.91
25,30,85,0,-3.94,-6.64,2.7,-0.046353,0.655177,-0.070749,29,56,0.3412,28,57,0.3294,324.45
26,19,85,0,-3.94,-6.64,2.7,-0.046353,0.580193,-0.079892,26,59,0.3059,28,57,0.3294,302.54
12,16,85,0,-3.94,-6.64,2.7,-0.046353,0.489603,-0.094674,29,56,0.3412,39,46,0.4588,232.33
6,33,85,0,-3.94,-6.64,2.7,-0.046353,0.483715,-0.095827,39,46,0.4588,42,43,0.4941,219.68
28,76,85,0,-3.95,-6.64,2.69,-0.046471,0.831456,-0.055891,34,51,0.4,13,72,0.1529,374.46
27,74,85,0,-3.95,-6.64,2.69,-0.046471,0.830572,-0.05595,34,51,0.4,14,71,0.1647,371.76
39,44,85,0,-3.95,-6.64,2.69,-0.046471,0.731858,-0.063497,30,55,0.3529,19,66,0.2235,362.32
39,45,85,0,-3.95,-6.64,2.69,-0.046471,0.731858,-0.063497,30,55,0.3529,19,66,0.2235,362.32
38,22,85,0,-3.95,-6.64,2.69,-0.046471,0.595202,-0.078075,26,59,0.3059,25,60,0.2941,322.16
4,54,85,0,-3.95,-6.64,2.69,-0.046471,0.492935,-0.094273,43,42,0.5059,43,42,0.5059,222.01
4,55,85,0,-3.95,-6.64,2.69,-0.046471,0.492935,-0.094273,43,42,0.5059,43,42,0.5059,222.01
3,51,85,0,-3.95,-6.64,2.69,-0.046471,0.488929,-0.095046,42,42,0.4941,44,41,0.5176,219.1
3,52,85,0,-3.95,-6.64,2.69,-0.046471,0.488929,-0.095046,42,42,0.4941,44,41,0.5176,219.1
3,53,85,0,-3.95,-6.64,2.69,-0.046471,0.488929,-0.095046,42,42,0.4941,44,41,0.5176,219.1
27,75,85,0,-3.96,-6.64,2.68,-0.046588,0.830676,-0.056085,34,51,0.4,13,72,0.1529,371.95
26,72,85,0,-3.96,-6.64,2.68,-0.046588,0.827229,-0.056318,34,51,0.4,14,71,0.1647,371.05
38,64,85,0,-3.96,-6.64,2.68,-0.046588,0.818763,-0.056901,33,52,0.3882,15,70,0.1765,373.17
30,31,85,0,-3.96,-6.64,2.68,-0.046588,0.664828,-0.070076,29,56,0.3412,24,61,0.2824,331.47
31,31,85,0,-3.96,-6.64,2.68,-0.046588,0.664828,-0.070076,29,56,0.3412,24,61,0.2824,331.47
32,31,85,0,-3.96,-6.64,2.68,-0.046588,0.664828,-0.070076,29,56,0.3412,24,61,0.2824,331.47
33,31,85,0,-3.96,-6.64,2.68,-0.046588,0.664828,-0.070076,29,56,0.3412,24,61,0.2824,331.47
34,31,85,0,-3.96,-6.64,2.68,-0.046588,0.664828,-0.070076,29,56,0.3412,24,61,0.2824,331.47
14,39,85,0,-3.96,-6.64,2.68,-0.046588,0.64334,-0.072416,34,51,0.4,39,46,0.4588,268.6
22,23,85,0,-3.96,-6.64,2.68,-0.046588,0.601473,-0.077457,28,57,0.3294,34,51,0.4,291.19
10,20,85,0,-3.96,-6.64,2.68,-0.046588,0.516381,-0.090221,32,53,0.3765,39,46,0.4588,233.82
8,31,85,0,-3.96,-6.64,2.68,-0.046588,0.506516,-0.091978,37,48,0.4353,41,44,0.4824,230.22
10,18,85,0,-3.96,-6.64,2.68,-0.046588,0.501468,-0.092904,31,54,0.3647,39,46,0.4588,225.59
7,10,85,0,-3.96,-6.64,2.68,-0.046588,0.408699,-0.113992,31,54,0.3647,49,36,0.5765,170.68
27,77,85,0,-3.97,-6.64,2.67,-0.046706,0.830891,-0.056212,34,51,0.4,12,73,0.1412,374.06
27,78,85,0,-3.97,-6.64,2.67,-0.046706,0.830891,-0.056212,34,51,0.4,12,73,0.1412,374.06
27,79,85,0,-3.97,-6.64,2.67,-0.046706,0.830891,-0.056212,34,51,0.4,12,73,0.1412,374.06
27,80,85,0,-3.97,-6.64,2.67,-0.046706,0.830891,-0.056212,34,51,0.4,12,73,0.1412,374.06
39,46,85,0,-3.97,-6.64,2.67,-0.046706,0.732158,-0.063792,30,55,0.3529,19,66,0.2235,362.33
25,41,85,0,-3.97,-6.64,2.67,-0.046706,0.702077,-0.066525,31,54,0.3647,26,59,0.3059,340.89
25,42,85,0,-3.97,-6.64,2.67,-0.046706,0.702077,-0.066525,31,54,0.3647,26,59,0.3059,340.89
11,41,85,0,-3.97,-6.64,2.67,-0.046706,0.601653,-0.077629,36,49,0.4235,39,46,0.4588,263.66
11,42,85,0,-3.97,-6.64,2.67,-0.046706,0.601653,-0.077629,36,49,0.4235,39,46,0.4588,263.66
25,19,85,0,-3.97,-6.64,2.67,-0.046706,0.579871,-0.080545,26,59,0.3059,29,56,0.3412,301.88
4,56,85,0,-3.97,-6.64,2.67,-0.046706,0.493762,-0.094592,43,42,0.5059,43,42,0.5059,222.02
6,34,85,0,-3.97,-6.64,2.67,-0.046706,0.484504,-0.096399,39,46,0.4588,42,43,0.4941,220.38
5,14,85,0,-3.97,-6.64,2.67,-0.046706,0.409699,-0.114,35,50,0.4118,45,40,0.5294,192.03
27,76,85,0,-3.98,-6.64,2.66,-0.046823,0.831107,-0.056339,34,51,0.4,13,72,0.1529,373.4
22,70,85,0,-3.98,-6.64,2.66,-0.046823,0.821188,-0.057019,35,50,0.4118,23,62,0.2706,342.69
22,71,85,0,-3.98,-6.64,2.66,-0.046823,0.821188,-0.057019,35,50,0.4118,23,62,0.2706,342.69
38,27,85,0,-3.98,-6.64,2.66,-0.046823,0.62487,-0.074933,27,58,0.3176,24,61,0.2824,330.66
12,30,85,0,-3.98,-6.64,2.66,-0.046823,0.570044,-0.08214,34,51,0.4,39,46,0.4588,256.26
8,15,85,0,-3.98,-6.64,2.66,-0.046823,0.436466,-0.107279,32,53,0.3765,41,44,0.4824,211.58
24,69,85,0,-3.99,-6.64,2.65,-0.046941,0.819035,-0.057313,34,51,0.4,18,67,0.2118,362.06
39,47,85,0,-3.99,-6.64,2.65,-0.046941,0.732465,-0.064087,30,55,0.3529,19,66,0.2235,362.33
10,38,85,0,-3.99,-6.64,2.65,-0.046941,0.584174,-0.080355,36,49,0.4235,39,46,0.4588,249.88
39,6,85,0,-3.99,-6.64,2.65,-0.046941,0.471532,-0.09955,18,67,0.2118,48,37,0.5647,200.4
5,21,85,0,-3.99,-6.64,2.65,-0.046941,0.434489,-0.108037,38,47,0.4471,42,43,0.4941,207.7
25,70,85,0,-4.0,-6.64,2.64,-0.047059,0.825619,-0.056998,34,51,0.4,16,69,0.1882,369.04
25,71,85,0,-4.0,-6.64,2.64,-0.047059,0.825619,-0.056998,34,51,0.4,16,69,0.1882,369.04
38,66,85,0,-4.0,-6.64,2.64,-0.047059,0.819898,-0.057396,33,52,0.3882,13,72,0.1529,376.72
38,67,85,0,-4.0,-6.64,2.64,-0.047059,0.819898,-0.057396,33,52,0.3882,13,72,0.1529,376.72
38,68,85,0,-4.0,-6.64,2.64,-0.047059,0.819898,-0.057396,33,52,0.3882,13,72,0.1529,376.72
38,48,85,0,-4.0,-6.64,2.64,-0.047059,0.737978,-0.063767,31,54,0.3647,19,66,0.2235,362.16
29,31,85,0,-4.0,-6.64,2.64,-0.047059,0.664207,-0.07085,29,56,0.3412,25,60,0.2941,329.17
13,26,85,0,-4.0,-6.64,2.64,-0.047059,0.560851,-0.083906,32,53,0.3765,39,46,0.4588,257.17
4,40,85,0,-4.0,-6.64,2.64,-0.047059,0.450084,-0.104556,42,43,0.4941,43,42,0.5059,215.46
22,72,85,0,-4.01,-6.64,2.63,-0.047176,0.822131,-0.057383,35,50,0.4118,23,62,0.2706,343.16
40,22,85,0,-4.01,-6.64,2.63,-0.047176,0.608774,-0.077494,25,60,0.2941,24,61,0.2824,324.36
30,23,85,0,-4.01,-6.64,2.63,-0.047176,0.607253,-0.077688,27,58,0.3176,26,59,0.3059,318.12
31,23,85,0,-4.01,-6.64,2.63,-0.047176,0.607253,-0.077688,27,58,0.3176,26,59,0.3059,318.12
32,23,85,0,-4.01,-6.64,2.63,-0.047176,0.607253,-0.077688,27,58,0.3176,26,59,0.3059,318.12
33,23,85,0,-4.01,-6.64,2.63,-0.047176,0.607253,-0.077688,27,58,0.3176,26,59,0.3059,318.12
34,23,85,0,-4.01,-6.64,2.63,-0.047176,0.607253,-0.077688,27,58,0.3176,26,59,0.3059,318.12
3,54,85,0,-4.01,-6.64,2.63,-0.047176,0.491367,-0.09601,42,42,0.4941,44,41,0.5176,219.12
3,55,85,0,-4.01,-6.64,2.63,-0.047176,0.491367,-0.09601,42,42,0.4941,44,41,0.5176,219.12
26,73,85,0,-4.02,-6.64,2.62,-0.047294,0.829138,-0.05704,34,51,0.4,14,71,0.1647,371.29
40,64,85,0,-4.02,-6.64,2.62,-0.047294,0.828681,-0.057071,32,53,0.3765,14,71,0.1647,375.37
38,65,85,0,-4.02,-6.64,2.62,-0.047294,0.820469,-0.057643,33,52,0.3882,15,70,0.1765,374.81
30,32,85,0,-4.02,-6.64,2.62,-0.047294,0.665926,-0.07102,29,56,0.3412,24,61,0.2824,331.48
31,32,85,0,-4.02,-6.64,2.62,-0.047294,0.665926,-0.07102,29,56,0.3412,24,61,0.2824,331.48
32,32,85,0,-4.02,-6.64,2.62,-0.047294,0.665926,-0.07102,29,56,0.3412,24,61,0.2824,331.48
33,32,85,0,-4.02,-6.64,2.62,-0.047294,0.665926,-0.07102,29,56,0.3412,24,61,0.2824,331.48
34,32,85,0,-4.02,-6.64,2.62,-0.047294,0.665926,-0.07102,29,56,0.3412,24,61,0.2824,331.48
8,32,85,0,-4.02,-6.64,2.62,-0.047294,0.507957,-0.093107,37,48,0.4353,41,44,0.4824,230.22
4,57,85,0,-4.02,-6.64,2.62,-0.047294,0.495855,-0.095379,43,42,0.5059,43,42,0.5059,222.03
5,22,85,0,-4.02,-6.64,2.62,-0.047294,0.435071,-0.108704,38,47,0.4471,42,43,0.4941,207.81
25,72,85,0,-4.03,-6.64,2.61,-0.047412,0.826556,-0.057361,34,51,0.4,16,69,0.1882,369.51
23,64,85,0,-4.03,-6.64,2.61,-0.047412,0.8105,-0.058497,34,51,0.4,25,60,0.2941,348.14
24,19,85,0,-4.03,-6.64,2.61,-0.047412,0.57907,-0.081876,26,59,0.3059,30,55,0.3529,297.95
13,27,85,0,-4.03,-6.64,2.61,-0.047412,0.561404,-0.084452,32,53,0.3765,39,46,0.4588,257.24
10,23,85,0,-4.03,-6.64,2.61,-0.047412,0.532063,-0.089109,33,52,0.3882,39,46,0.4588,241.42
3,56,85,0,-4.03,-6.64,2.61,-0.047412,0.492197,-0.096327,42,42,0.4941,44,41,0.5176,219.12
26,74,85,0,-4.04,-6.64,2.6,-0.047529,0.829558,-0.057295,34,51,0.4,14,71,0.1647,371.52
40,27,85,0,-4.04,-6.64,2.6,-0.047529,0.63781,-0.07452,26,59,0.3059,23,62,0.2706,332.86
26,75,85,0,-4.05,-6.64,2.59,-0.047647,0.829662,-0.057429,34,51,0.4,13,72,0.1529,371.72
37,63,85,0,-4.05,-6.64,2.59,-0.047647,0.811525,-0.058713,33,52,0.3882,15,70,0.1765,372.51
29,23,85,0,-4.05,-6.64,2.59,-0.047647,0.606572,-0.078551,27,58,0.3176,27,58,0.3176,315.82
5,19,85,0,-4.05,-6.64,2.59,-0.047647,0.426859,-0.111622,37,48,0.4353,42,43,0.4941,202.66
2,23,85,0,-4.05,-6.64,2.59,-0.047647,0.409173,-0.116447,34,48,0.4,45,40,0.5294,190.61
2,24,85,0,-4.05,-6.64,2.59,-0.047647,0.409173,-0.116447,34,48,0.4,45,40,0.5294,190.61
2,25,85,0,-4.05,-6.64,2.59,-0.047647,0.409173,-0.116447,34,48,0.4,45,40,0.5294,190.61
26,77,85,0,-4.06,-6.64,2.58,-0.047765,0.829877,-0.057556,34,51,0.4,12,73,0.1412,373.82
26,78,85,0,-4.06,-6.64,2.58,-0.047765,0.829877,-0.057556,34,51,0.4,12,73,0.1412,373.82
26,79,85,0,-4.06,-6.64,2.58,-0.047765,0.829877,-0.057556,34,51,0.4,12,73,0.1412,373.82
26,80,85,0,-4.06,-6.64,2.58,-0.047765,0.829877,-0.057556,34,51,0.4,12,73,0.1412,373.82
40,66,85,0,-4.06,-6.64,2.58,-0.047765,0.829803,-0.057561,32,53,0.3765,12,73,0.1412,378.92
40,67,85,0,-4.06,-6.64,2.58,-0.047765,0.829803,-0.057561,32,53,0.3765,12,73,0.1412,378.92
40,68,85,0,-4.06,-6.64,2.58,-0.047765,0.829803,-0.057561,32,53,0.3765,12,73,0.1412,378.92
40,48,85,0,-4.06,-6.64,2.58,-0.047765,0.748966,-0.063774,30,55,0.3529,18,67,0.2118,364.36
24,40,85,0,-4.06,-6.64,2.58,-0.047765,0.698976,-0.068335,31,54,0.3647,27,58,0.3176,334.74
20,39,85,0,-4.06,-6.64,2.58,-0.047765,0.674206,-0.070846,32,53,0.3765,34,51,0.4,294.2
29,32,85,0,-4.06,-6.64,2.58,-0.047765,0.665306,-0.071794,29,56,0.3412,25,60,0.2941,329.18
11,19,85,0,-4.06,-6.64,2.58,-0.047765,0.514646,-0.092811,31,54,0.3647,39,46,0.4588,241.23
5,26,85,0,-4.06,-6.64,2.58,-0.047765,0.452931,-0.105457,39,46,0.4588,42,43,0.4941,211.3
5,27,85,0,-4.06,-6.64,2.58,-0.047765,0.452931,-0.105457,39,46,0.4588,42,43,0.4941,211.3
5,28,85,0,-4.06,-6.64,2.58,-0.047765,0.452931,-0.105457,39,46,0.4588,42,43,0.4941,211.3
4,41,85,0,-4.06,-6.64,2.58,-0.047765,0.452115,-0.105647,42,43,0.4941,43,42,0.5059,216.4
4,42,85,0,-4.06,-6.64,2.58,-0.047765,0.452115,-0.105647,42,43,0.4941,43,42,0.5059,216.4
12,10,85,0,-4.06,-6.64,2.58,-0.047765,0.449869,-0.106175,26,59,0.3059,47,38,0.5529,195.21
3,40,85,0,-4.06,-6.64,2.58,-0.047765,0.448366,-0.106531,41,43,0.4824,44,41,0.5176,212.57
26,76,85,0,-4.07,-6.64,2.57,-0.047882,0.830093,-0.057683,34,51,0.4,13,72,0.1529,373.16
22,73,85,0,-4.07,-6.64,2.57,-0.047882,0.824051,-0.058106,35,50,0.4118,23,62,0.2706,343.39
23,66,85,0,-4.07,-6.64,2.57,-0.047882,0.811646,-0.058994,34,51,0.4,23,62,0.2706,351.7
23,67,85,0,-4.07,-6.64,2.57,-0.047882,0.811646,-0.058994,34,51,0.4,23,62,0.2706,351.7
23,68,85,0,-4.07,-6.64,2.57,-0.047882,0.811646,-0.058994,34,51,0.4,23,62,0.2706,351.7
35,63,85,0,-4.07,-6.64,2.57,-0.047882,0.811314,-0.059018,33,52,0.3882,15,70,0.1765,372.51
36,63,85,0,-4.07,-6.64,2.57,-0.047882,0.811314,-0.059018,33,52,0.3882,15,70,0.1765,372.51
23,48,85,0,-4.07,-6.64,2.57,-0.047882,0.728799,-0.0657,32,53,0.3765,29,56,0.3412,337.14
28,31,85,0,-4.07,-6.64,2.57,-0.047882,0.663151,-0.072204,29,56,0.3412,26,59,0.3059,327.58
40,65,85,0,-4.08,-6.64,2.56,-0.048,0.830367,-0.057806,32,53,0.3765,14,71,0.1647,377.01
30,33,85,0,-4.08,-6.64,2.56,-0.048,0.666669,-0.072,29,56,0.3412,24,61,0.2824,331.62
31,33,85,0,-4.08,-6.64,2.56,-0.048,0.666669,-0.072,29,56,0.3412,24,61,0.2824,331.62
32,33,85,0,-4.08,-6.64,2.56,-0.048,0.666669,-0.072,29,56,0.3412,24,61,0.2824,331.62
33,33,85,0,-4.08,-6.64,2.56,-0.048,0.666669,-0.072,29,56,0.3412,24,61,0.2824,331.62
34,33,85,0,-4.08,-6.64,2.56,-0.048,0.666669,-0.072,29,56,0.3412,24,61,0.2824,331.62
27,23,85,0,-4.08,-6.64,2.56,-0.048,0.606082,-0.079197,27,58,0.3176,27,58,0.3176,315.11
28,23,85,0,-4.08,-6.64,2.56,-0.048,0.606082,-0.079197,27,58,0.3176,27,58,0.3176,315.11
12,23,85,0,-4.08,-6.64,2.56,-0.048,0.540423,-0.088819,32,53,0.3765,39,46,0.4588,250.73
12,20,85,0,-4.08,-6.64,2.56,-0.048,0.524463,-0.091522,31,54,0.3647,39,46,0.4588,242.9
12,18,85,0,-4.08,-6.64,2.56,-0.048,0.509787,-0.094157,30,55,0.3529,39,46,0.4588,234.67
8,33,85,0,-4.08,-6.64,2.56,-0.048,0.508929,-0.094316,37,48,0.4353,41,44,0.4824,230.37
3,57,85,0,-4.08,-6.64,2.56,-0.048,0.494296,-0.097108,42,42,0.4941,44,41,0.5176,219.13
25,73,85,0,-4.09,-6.64,2.55,-0.048118,0.828466,-0.05808,34,51,0.4,16,69,0.1882,369.74
22,74,85,0,-4.09,-6.64,2.55,-0.048118,0.824473,-0.058362,35,50,0.4118,23,62,0.2706,343.63
23,65,85,0,-4.09,-6.64,2.55,-0.048118,0.812223,-0.059242,34,51,0.4,25,60,0.2941,349.79
24,50,85,0,-4.09,-6.64,2.55,-0.048118,0.738037,-0.065197,32,53,0.3765,25,60,0.2941,345.92
24,30,85,0,-4.09,-6.64,2.55,-0.048118,0.653256,-0.073658,29,56,0.3412,29,56,0.3412,319.24
12,17,85,0,-4.09,-6.64,2.55,-0.048118,0.491401,-0.097919,29,56,0.3412,39,46,0.4588,232.65
22,75,85,0,-4.1,-6.64,2.54,-0.048235,0.824578,-0.058497,35,50,0.4118,22,63,0.2588,343.82
21,35,85,0,-4.1,-6.64,2.54,-0.048235,0.673719,-0.071595,31,54,0.3647,35,50,0.4118,292.91
27,31,85,0,-4.1,-6.64,2.54,-0.048235,0.662713,-0.072785,29,56,0.3412,26,59,0.3059,326.51
9,20,85,0,-4.1,-6.64,2.54,-0.048235,0.505593,-0.095403,33,52,0.3882,40,45,0.4706,229.57
11,4,85,0,-4.1,-6.64,2.54,-0.048235,0.40576,-0.118876,22,63,0.2588,64,21,0.7529,124.5
25,74,85,0,-4.11,-6.64,2.53,-0.048353,0.828886,-0.058335,34,51,0.4,16,69,0.1882,369.98
22,77,85,0,-4.11,-6.64,2.53,-0.048353,0.824794,-0.058624,35,50,0.4118,21,64,0.2471,345.92
22,78,85,0,-4.11,-6.64,2.53,-0.048353,0.824794,-0.058624,35,50,0.4118,21,64,0.2471,345.92
22,79,85,0,-4.11,-6.64,2.53,-0.048353,0.824794,-0.058624,35,50,0.4118,21,64,0.2471,345.92
22,80,85,0,-4.11,-6.64,2.53,-0.048353,0.824794,-0.058624,35,50,0.4118,21,64,0.2471,345.92
38,49,85,0,-4.11,-6.64,2.53,-0.048353,0.740678,-0.065282,31,54,0.3647,19,66,0.2235,362.35
22,24,85,0,-4.11,-6.64,2.53,-0.048353,0.603837,-0.080076,28,57,0.3294,34,51,0.4,291.33
37,21,85,0,-4.11,-6.64,2.53,-0.048353,0.58866,-0.082141,26,59,0.3059,25,60,0.2941,321.68
39,18,85,0,-4.11,-6.64,2.53,-0.048353,0.577752,-0.083691,24,61,0.2824,25,60,0.2941,303.5
8,34,85,0,-4.11,-6.64,2.53,-0.048353,0.509677,-0.09487,37,48,0.4353,41,44,0.4824,231.07
6,10,85,0,-4.11,-6.64,2.53,-0.048353,0.408044,-0.118499,31,54,0.3647,49,36,0.5765,170.61
25,75,85,0,-4.12,-6.64,2.52,-0.048471,0.82899,-0.058469,34,51,0.4,15,70,0.1765,370.17
22,76,85,0,-4.12,-6.64,2.52,-0.048471,0.825012,-0.058751,35,50,0.4118,22,63,0.2588,345.27
30,51,85,0,-4.12,-6.64,2.52,-0.048471,0.756243,-0.064094,32,53,0.3765,20,65,0.2353,359.08
31,51,85,0,-4.12,-6.64,2.52,-0.048471,0.756243,-0.064094,32,53,0.3765,20,65,0.2353,359.08
32,51,85,0,-4.12,-6.64,2.52,-0.048471,0.756243,-0.064094,32,53,0.3765,20,65,0.2353,359.08
33,51,85,0,-4.12,-6.64,2.52,-0.048471,0.756243,-0.064094,32,53,0.3765,20,65,0.2353,359.08
34,51,85,0,-4.12,-6.64,2.52,-0.048471,0.756243,-0.064094,32,53,0.3765,20,65,0.2353,359.08
24,41,85,0,-4.12,-6.64,2.52,-0.048471,0.700285,-0.069215,31,54,0.3647,27,58,0.3176,335.69
24,42,85,0,-4.12,-6.64,2.52,-0.048471,0.700285,-0.069215,31,54,0.3647,27,58,0.3176,335.69
21,36,85,0,-4.12,-6.64,2.52,-0.048471,0.673978,-0.071917,31,54,0.3647,35,50,0.4118,292.98
29,33,85,0,-4.12,-6.64,2.52,-0.048471,0.666048,-0.072773,29,56,0.3412,25,60,0.2941,329.33
10,24,85,0,-4.12,-6.64,2.52,-0.048471,0.533685,-0.090822,33,52,0.3882,39,46,0.4588,241.56
3,41,85,0,-4.12,-6.64,2.52,-0.048471,0.450403,-0.107616,41,43,0.4824,44,41,0.5176,213.51
3,42,85,0,-4.12,-6.64,2.52,-0.048471,0.450403,-0.107616,41,43,0.4824,44,41,0.5176,213.51
6,18,85,0,-4.12,-6.64,2.52,-0.048471,0.432191,-0.112151,35,50,0.4118,42,43,0.4941,203.58
5,15,85,0,-4.12,-6.64,2.52,-0.048471,0.412407,-0.117531,35,50,0.4118,42,43,0.4941,198.09
3,11,85,0,-4.12,-6.64,2.52,-0.048471,0.374269,-0.129507,35,50,0.4118,51,34,0.6,163.19
25,77,85,0,-4.13,-6.64,2.51,-0.048588,0.829205,-0.058596,34,51,0.4,14,71,0.1647,372.27
25,78,85,0,-4.13,-6.64,2.51,-0.048588,0.829205,-0.058596,34,51,0.4,14,71,0.1647,372.27
25,79,85,0,-4.13,-6.64,2.51,-0.048588,0.829205,-0.058596,34,51,0.4,14,71,0.1647,372.27
25,80,85,0,-4.13,-6.64,2.51,-0.048588,0.829205,-0.058596,34,51,0.4,14,71,0.1647,372.27
28,32,85,0,-4.13,-6.64,2.51,-0.048588,0.664251,-0.073147,29,56,0.3412,26,59,0.3059,327.58
35,21,85,0,-4.13,-6.64,2.51,-0.048588,0.58837,-0.082581,26,59,0.3059,25,60,0.2941,321.67
36,21,85,0,-4.13,-6.64,2.51,-0.048588,0.58837,-0.082581,26,59,0.3059,25,60,0.2941,321.67
37,7,85,0,-4.13,-6.64,2.51,-0.048588,0.460512,-0.105509,19,66,0.2235,44,41,0.5176,210.11
25,76,85,0,-4.14,-6.64,2.5,-0.048706,0.829421,-0.058723,34,51,0.4,15,70,0.1765,371.61
12,53,85,0,-4.14,-6.64,2.5,-0.048706,0.661031,-0.073682,37,48,0.4353,38,47,0.4471,272.57
37,26,85,0,-4.14,-6.64,2.5,-0.048706,0.618271,-0.078777,27,58,0.3176,24,61,0.2824,330.16
26,23,85,0,-4.14,-6.64,2.5,-0.048706,0.605152,-0.080485,27,58,0.3176,27,58,0.3176,314.88
11,3,85,0,-4.14,-6.64,2.5,-0.048706,0.393527,-0.123767,21,64,0.2471,67,18,0.7882,113.04
4,11,85,0,-4.14,-6.64,2.5,-0.048706,0.376085,-0.129508,35,50,0.4118,50,35,0.5882,165.84
24,70,85,0,-4.15,-6.64,2.49,-0.048823,0.824095,-0.059245,34,51,0.4,17,68,0.2,363.83
24,71,85,0,-4.15,-6.64,2.49,-0.048823,0.824095,-0.059245,34,51,0.4,17,68,0.2,363.83
30,52,85,0,-4.15,-6.64,2.49,-0.048823,0.756992,-0.064497,32,53,0.3765,20,65,0.2353,359.09
31,52,85,0,-4.15,-6.64,2.49,-0.048823,0.756992,-0.064497,32,53,0.3765,20,65,0.2353,359.09
32,52,85,0,-4.15,-6.64,2.49,-0.048823,0.756992,-0.064497,32,53,0.3765,20,65,0.2353,359.09
33,52,85,0,-4.15,-6.64,2.49,-0.048823,0.756992,-0.064497,32,53,0.3765,20,65,0.2353,359.09
34,52,85,0,-4.15,-6.64,2.49,-0.048823,0.756992,-0.064497,32,53,0.3765,20,65,0.2353,359.09
13,30,85,0,-4.15,-6.64,2.49,-0.048823,0.583449,-0.083681,33,52,0.3882,39,46,0.4588,259.49
35,7,85,0,-4.15,-6.64,2.49,-0.048823,0.460141,-0.106106,19,66,0.2235,44,41,0.5176,210.11
36,7,85,0,-4.15,-6.64,2.49,-0.048823,0.460141,-0.106106,19,66,0.2235,44,41,0.5176,210.11
1,23,85,0,-4.15,-6.64,2.49,-0.048823,0.408039,-0.119654,31,50,0.3647,48,37,0.5647,179.59
1,24,85,0,-4.15,-6.64,2.49,-0.048823,0.408039,-0.119654,31,50,0.3647,48,37,0.5647,179.59
1,25,85,0,-4.15,-6.64,2.49,-0.048823,0.408039,-0.119654,31,50,0.3647,48,37,0.5647,179.59
38,69,85,0,-4.16,-6.64,2.48,-0.048941,0.824859,-0.059333,33,52,0.3882,12,73,0.1412,378.49
29,51,85,0,-4.16,-6.64,2.48,-0.048941,0.755696,-0.064763,32,53,0.3765,21,64,0.2471,356.79
27,32,85,0,-4.16,-6.64,2.48,-0.048941,0.663813,-0.073727,29,56,0.3412,26,59,0.3059,326.52
35,26,85,0,-4.16,-6.64,2.48,-0.048941,0.617994,-0.079194,27,58,0.3176,24,61,0.2824,330.16
36,26,85,0,-4.16,-6.64,2.48,-0.048941,0.617994,-0.079194,27,58,0.3176,24,61,0.2824,330.16
30,24,85,0,-4.16,-6.64,2.48,-0.048941,0.609592,-0.080285,27,58,0.3176,26,59,0.3059,318.26
31,24,85,0,-4.16,-6.64,2.48,-0.048941,0.609592,-0.080285,27,58,0.3176,26,59,0.3059,318.26
32,24,85,0,-4.16,-6.64,2.48,-0.048941,0.609592,-0.080285,27,58,0.3176,26,59,0.3059,318.26
33,24,85,0,-4.16,-6.64,2.48,-0.048941,0.609592,-0.080285,27,58,0.3176,26,59,0.3059,318.26
34,24,85,0,-4.16,-6.64,2.48,-0.048941,0.609592,-0.080285,27,58,0.3176,26,59,0.3059,318.26
22,20,85,0,-4.16,-6.64,2.48,-0.048941,0.582799,-0.083976,27,58,0.3176,35,50,0.4118,279.23
2,13,85,0,-4.16,-6.64,2.48,-0.048941,0.377293,-0.129717,32,50,0.3765,48,37,0.5647,174.65
40,49,85,0,-4.17,-6.64,2.47,-0.049059,0.751626,-0.06527,30,55,0.3529,18,67,0.2118,364.55
22,31,85,0,-4.17,-6.64,2.47,-0.049059,0.655919,-0.074794,30,55,0.3529,34,51,0.4,300.41
8,63,85,0,-4.17,-6.64,2.47,-0.049059,0.630184,-0.077848,40,45,0.4706,39,46,0.4588,248.67
8,64,85,0,-4.17,-6.64,2.47,-0.049059,0.630184,-0.077848,40,45,0.4706,39,46,0.4588,248.67
25,23,85,0,-4.17,-6.64,2.47,-0.049059,0.604843,-0.08111,27,58,0.3176,28,57,0.3294,314.22
5,63,85,0,-4.17,-6.64,2.47,-0.049059,0.566295,-0.086631,42,43,0.4941,41,44,0.4824,229.18
5,64,85,0,-4.17,-6.64,2.47,-0.049059,0.566295,-0.086631,42,43,0.4941,41,44,0.4824,229.18
12,24,85,0,-4.17,-6.64,2.47,-0.049059,0.542019,-0.090511,32,53,0.3765,39,46,0.4588,250.87
9,23,85,0,-4.17,-6.64,2.47,-0.049059,0.521597,-0.094055,34,51,0.4,40,45,0.4706,237.17
10,4,85,0,-4.17,-6.64,2.47,-0.049059,0.405315,-0.121039,22,63,0.2588,64,21,0.7529,124.04
24,72,85,0,-4.18,-6.64,2.46,-0.049176,0.825033,-0.059605,34,51,0.4,17,68,0.2,364.3
23,49,85,0,-4.18,-6.64,2.46,-0.049176,0.731532,-0.067224,32,53,0.3765,29,56,0.3412,337.33
29,52,85,0,-4.19,-6.64,2.45,-0.049294,0.756445,-0.065165,32,53,0.3765,21,64,0.2471,356.79
28,33,85,0,-4.19,-6.64,2.45,-0.049294,0.664993,-0.074127,29,56,0.3412,26,59,0.3059,327.73
13,51,85,0,-4.19,-6.64,2.45,-0.049294,0.662515,-0.074405,36,49,0.4235,38,47,0.4471,276.99
26,31,85,0,-4.19,-6.64,2.45,-0.049294,0.661439,-0.074525,29,56,0.3412,26,59,0.3059,326.27
1,13,85,0,-4.19,-6.64,2.45,-0.049294,0.376158,-0.131046,30,51,0.3529,51,34,0.6,164.65
29,24,85,0,-4.2,-6.64,2.44,-0.049412,0.608913,-0.081147,27,58,0.3176,27,58,0.3176,315.97
23,19,85,0,-4.2,-6.64,2.44,-0.049412,0.576718,-0.085678,26,59,0.3059,33,52,0.3882,291.16
8,66,85,0,-4.21,-6.64,2.43,-0.049529,0.631657,-0.078412,40,45,0.4706,37,48,0.4353,252.23
8,67,85,0,-4.21,-6.64,2.43,-0.049529,0.631657,-0.078412,40,45,0.4706,37,48,0.4353,252.23
8,68,85,0,-4.21,-6.64,2.43,-0.049529,0.631657,-0.078412,40,45,0.4706,37,48,0.4353,252.23
8,69,85,0,-4.21,-6.64,2.43,-0.049529,0.631657,-0.078412,40,45,0.4706,37,48,0.4353,252.23
8,70,85,0,-4.21,-6.64,2.43,-0.049529,0.631657,-0.078412,40,45,0.4706,37,48,0.4353,252.23
8,71,85,0,-4.21,-6.64,2.43,-0.049529,0.631657,-0.078412,40,45,0.4706,37,48,0.4353,252.23
30,20,85,0,-4.21,-6.64,2.43,-0.049529,0.58876,-0.084125,26,59,0.3059,27,58,0.3176,306.15
31,20,85,0,-4.21,-6.64,2.43,-0.049529,0.58876,-0.084125,26,59,0.3059,27,58,0.3176,306.15
32,20,85,0,-4.21,-6.64,2.43,-0.049529,0.58876,-0.084125,26,59,0.3059,27,58,0.3176,306.15
33,20,85,0,-4.21,-6.64,2.43,-0.049529,0.58876,-0.084125,26,59,0.3059,27,58,0.3176,306.15
34,20,85,0,-4.21,-6.64,2.43,-0.049529,0.58876,-0.084125,26,59,0.3059,27,58,0.3176,306.15
5,66,85,0,-4.21,-6.64,2.43,-0.049529,0.567933,-0.08721,42,43,0.4941,39,46,0.4588,232.74
5,67,85,0,-4.21,-6.64,2.43,-0.049529,0.567933,-0.08721,42,43,0.4941,39,46,0.4588,232.74
5,68,85,0,-4.21,-6.64,2.43,-0.049529,0.567933,-0.08721,42,43,0.4941,39,46,0.4588,232.74
5,69,85,0,-4.21,-6.64,2.43,-0.049529,0.567933,-0.08721,42,43,0.4941,39,46,0.4588,232.74
5,70,85,0,-4.21,-6.64,2.43,-0.049529,0.567933,-0.08721,42,43,0.4941,39,46,0.4588,232.74
5,71,85,0,-4.21,-6.64,2.43,-0.049529,0.567933,-0.08721,42,43,0.4941,39,46,0.4588,232.74
6,35,85,0,-4.21,-6.64,2.43,-0.049529,0.491213,-0.100831,39,46,0.4588,42,43,0.4941,220.85
8,21,85,0,-4.21,-6.64,2.43,-0.049529,0.473935,-0.104507,35,50,0.4118,41,44,0.4824,224.11
10,3,85,0,-4.21,-6.64,2.43,-0.049529,0.393068,-0.126007,21,64,0.2471,67,18,0.7882,112.57
3,12,85,0,-4.21,-6.64,2.43,-0.049529,0.378766,-0.130765,36,49,0.4235,50,35,0.5882,173.89
40,69,85,0,-4.22,-6.64,2.42,-0.049647,0.834703,-0.059479,32,53,0.3765,11,74,0.1294,380.69
27,33,85,0,-4.22,-6.64,2.42,-0.049647,0.664556,-0.074707,29,56,0.3412,26,59,0.3059,326.66
13,52,85,0,-4.22,-6.64,2.42,-0.049647,0.663369,-0.074841,36,49,0.4235,38,47,0.4471,277.0
23,69,85,0,-4.23,-6.64,2.41,-0.049765,0.816655,-0.060937,34,51,0.4,22,63,0.2588,353.47
28,51,85,0,-4.23,-6.64,2.41,-0.049765,0.754766,-0.065934,32,53,0.3765,22,63,0.2588,355.19
38,40,85,0,-4.23,-6.64,2.41,-0.049765,0.705789,-0.070509,30,55,0.3529,21,64,0.2471,351.18
22,32,85,0,-4.23,-6.64,2.41,-0.049765,0.65703,-0.075742,30,55,0.3529,34,51,0.4,300.42
8,65,85,0,-4.23,-6.64,2.41,-0.049765,0.632397,-0.078692,40,45,0.4706,39,46,0.4588,250.32
27,24,85,0,-4.23,-6.64,2.41,-0.049765,0.608423,-0.081793,27,58,0.3176,27,58,0.3176,315.26
28,24,85,0,-4.23,-6.64,2.41,-0.049765,0.608423,-0.081793,27,58,0.3176,27,58,0.3176,315.26
24,23,85,0,-4.23,-6.64,2.41,-0.049765,0.604071,-0.082382,27,58,0.3176,29,56,0.3412,310.29
37,22,85,0,-4.23,-6.64,2.41,-0.049765,0.590425,-0.084286,26,59,0.3059,25,60,0.2941,321.92
5,65,85,0,-4.23,-6.64,2.41,-0.049765,0.568756,-0.087497,42,43,0.4941,41,44,0.4824,230.83
6,36,85,0,-4.23,-6.64,2.41,-0.049765,0.491567,-0.101237,39,46,0.4588,42,43,0.4941,220.92
4,12,85,0,-4.23,-6.64,2.41,-0.049765,0.38056,-0.130767,36,49,0.4235,49,36,0.5765,176.55
24,73,85,0,-4.24,-6.64,2.4,-0.049882,0.826944,-0.060321,34,51,0.4,17,68,0.2,364.53
37,64,85,0,-4.24,-6.64,2.4,-0.049882,0.815296,-0.061183,33,52,0.3882,15,70,0.1765,372.92
12,54,85,0,-4.24,-6.64,2.4,-0.049882,0.663817,-0.075145,37,48,0.4353,38,47,0.4471,272.6
8,72,85,0,-4.24,-6.64,2.4,-0.049882,0.63288,-0.078818,40,45,0.4706,37,48,0.4353,252.7
5,72,85,0,-4.24,-6.64,2.4,-0.049882,0.569293,-0.087622,42,43,0.4941,39,46,0.4588,233.21
8,22,85,0,-4.24,-6.64,2.4,-0.049882,0.474466,-0.105134,35,50,0.4118,41,44,0.4824,224.21
26,32,85,0,-4.25,-6.64,2.39,-0.05,0.66254,-0.075467,29,56,0.3412,26,59,0.3059,326.28
35,22,85,0,-4.25,-6.64,2.39,-0.05,0.590135,-0.084726,26,59,0.3059,25,60,0.2941,321.92
36,22,85,0,-4.25,-6.64,2.39,-0.05,0.590135,-0.084726,26,59,0.3059,25,60,0.2941,321.92
29,20,85,0,-4.25,-6.64,2.39,-0.05,0.588056,-0.085026,26,59,0.3059,28,57,0.3294,303.86
24,74,85,0,-4.26,-6.64,2.38,-0.050118,0.827365,-0.060575,34,51,0.4,17,68,0.2,364.77
39,63,85,0,-4.26,-6.64,2.38,-0.050118,0.818844,-0.061205,32,53,0.3765,14,71,0.1647,374.87
35,64,85,0,-4.26,-6.64,2.38,-0.050118,0.815086,-0.061487,33,52,0.3882,15,70,0.1765,372.92
36,64,85,0,-4.26,-6.64,2.38,-0.050118,0.815086,-0.061487,33,52,0.3882,15,70,0.1765,372.92
28,52,85,0,-4.26,-6.64,2.38,-0.050118,0.755515,-0.066336,32,53,0.3765,22,63,0.2588,355.19
27,51,85,0,-4.26,-6.64,2.38,-0.050118,0.75438,-0.066435,32,53,0.3765,22,63,0.2588,354.13
38,50,85,0,-4.26,-6.64,2.38,-0.050118,0.744492,-0.067318,31,54,0.3647,19,66,0.2235,362.36
23,40,85,0,-4.26,-6.64,2.38,-0.050118,0.696661,-0.07194,31,54,0.3647,30,55,0.3529,327.96
25,31,85,0,-4.26,-6.64,2.38,-0.050118,0.660594,-0.075867,29,56,0.3412,28,57,0.3294,324.73
38,30,85,0,-4.26,-6.64,2.38,-0.050118,0.66054,-0.075874,28,57,0.3294,23,62,0.2706,335.68
37,27,85,0,-4.26,-6.64,2.38,-0.050118,0.62032,-0.080793,27,58,0.3176,24,61,0.2824,330.42
9,24,85,0,-4.26,-6.64,2.38,-0.050118,0.523249,-0.095782,34,51,0.4,40,45,0.4706,237.31
24,75,85,0,-4.27,-6.64,2.37,-0.050235,0.827469,-0.06071,34,51,0.4,16,69,0.1882,364.96
2,29,85,0,-4.27,-6.64,2.37,-0.050235,0.428822,-0.117147,34,47,0.4,45,40,0.5294,194.45
24,77,85,0,-4.28,-6.64,2.36,-0.050353,0.827684,-0.060836,34,51,0.4,15,70,0.1765,367.06
24,78,85,0,-4.28,-6.64,2.36,-0.050353,0.827684,-0.060836,34,51,0.4,15,70,0.1765,367.06
24,79,85,0,-4.28,-6.64,2.36,-0.050353,0.827684,-0.060836,34,51,0.4,15,70,0.1765,367.06
24,80,85,0,-4.28,-6.64,2.36,-0.050353,0.827684,-0.060836,34,51,0.4,15,70,0.1765,367.06
37,66,85,0,-4.28,-6.64,2.36,-0.050353,0.816434,-0.061674,33,52,0.3882,13,72,0.1529,376.48
37,67,85,0,-4.28,-6.64,2.36,-0.050353,0.816434,-0.061674,33,52,0.3882,13,72,0.1529,376.48
37,68,85,0,-4.28,-6.64,2.36,-0.050353,0.816434,-0.061674,33,52,0.3882,13,72,0.1529,376.48
37,48,85,0,-4.28,-6.64,2.36,-0.050353,0.734128,-0.068589,31,54,0.3647,19,66,0.2235,361.92
35,27,85,0,-4.28,-6.64,2.36,-0.050353,0.620043,-0.081209,27,58,0.3176,24,61,0.2824,330.42
36,27,85,0,-4.28,-6.64,2.36,-0.050353,0.620043,-0.081209,27,58,0.3176,24,61,0.2824,330.42
27,20,85,0,-4.28,-6.64,2.36,-0.050353,0.587548,-0.0857,26,59,0.3059,28,57,0.3294,303.15
28,20,85,0,-4.28,-6.64,2.36,-0.050353,0.587548,-0.0857,26,59,0.3059,28,57,0.3294,303.15
11,26,85,0,-4.28,-6.64,2.36,-0.050353,0.543874,-0.092582,33,52,0.3882,39,46,0.4588,252.41
24,76,85,0,-4.29,-6.64,2.35,-0.050471,0.8279,-0.060962,34,51,0.4,16,69,0.1882,366.41
27,52,85,0,-4.29,-6.64,2.35,-0.050471,0.75513,-0.066837,32,53,0.3765,22,63,0.2588,354.13
40,40,85,0,-4.29,-6.64,2.35,-0.050471,0.717268,-0.070365,29,56,0.3412,20,65,0.2353,353.38
38,41,85,0,-4.29,-6.64,2.35,-0.050471,0.707083,-0.071379,30,55,0.3529,21,64,0.2471,352.12
38,42,85,0,-4.29,-6.64,2.35,-0.050471,0.707083,-0.071379,30,55,0.3529,21,64,0.2471,352.12
22,33,85,0,-4.29,-6.64,2.35,-0.050471,0.657779,-0.076729,30,55,0.3529,34,51,0.4,300.57
23,30,85,0,-4.29,-6.64,2.35,-0.050471,0.650778,-0.077554,29,56,0.3412,32,53,0.3765,312.45
8,75,85,0,-4.29,-6.64,2.35,-0.050471,0.63495,-0.079487,40,45,0.4706,36,49,0.4235,253.12
8,76,85,0,-4.29,-6.64,2.35,-0.050471,0.63495,-0.079487,40,45,0.4706,36,49,0.4235,253.12
8,77,85,0,-4.29,-6.64,2.35,-0.050471,0.63495,-0.079487,40,45,0.4706,36,49,0.4235,253.12
8,78,85,0,-4.29,-6.64,2.35,-0.050471,0.63495,-0.079487,40,45,0.4706,36,49,0.4235,253.12
8,79,85,0,-4.29,-6.64,2.35,-0.050471,0.63495,-0.079487,40,45,0.4706,36,49,0.4235,253.12
8,80,85,0,-4.29,-6.64,2.35,-0.050471,0.63495,-0.079487,40,45,0.4706,36,49,0.4235,253.12
26,24,85,0,-4.29,-6.64,2.35,-0.050471,0.607495,-0.08308,27,58,0.3176,27,58,0.3176,315.02
5,75,85,0,-4.29,-6.64,2.35,-0.050471,0.571593,-0.088298,42,43,0.4941,38,47,0.4471,233.63
5,76,85,0,-4.29,-6.64,2.35,-0.050471,0.571593,-0.088298,42,43,0.4941,38,47,0.4471,233.63
5,77,85,0,-4.29,-6.64,2.35,-0.050471,0.571593,-0.088298,42,43,0.4941,38,47,0.4471,233.63
5,78,85,0,-4.29,-6.64,2.35,-0.050471,0.571593,-0.088298,42,43,0.4941,38,47,0.4471,233.63
5,79,85,0,-4.29,-6.64,2.35,-0.050471,0.571593,-0.088298,42,43,0.4941,38,47,0.4471,233.63
5,80,85,0,-4.29,-6.64,2.35,-0.050471,0.571593,-0.088298,42,43,0.4941,38,47,0.4471,233.63
39,7,85,0,-4.29,-6.64,2.35,-0.050471,0.473004,-0.106702,18,67,0.2118,44,41,0.5176,211.1
13,8,85,0,-4.29,-6.64,2.35,-0.050471,0.452569,-0.11152,23,62,0.2706,50,35,0.5882,179.01
37,65,85,0,-4.3,-6.64,2.34,-0.050588,0.817007,-0.061919,33,52,0.3882,15,70,0.1765,374.57
35,66,85,0,-4.3,-6.64,2.34,-0.050588,0.816224,-0.061978,33,52,0.3882,13,72,0.1529,376.48
35,67,85,0,-4.3,-6.64,2.34,-0.050588,0.816224,-0.061978,33,52,0.3882,13,72,0.1529,376.48
35,68,85,0,-4.3,-6.64,2.34,-0.050588,0.816224,-0.061978,33,52,0.3882,13,72,0.1529,376.48
36,66,85,0,-4.3,-6.64,2.34,-0.050588,0.816224,-0.061978,33,52,0.3882,13,72,0.1529,376.48
36,67,85,0,-4.3,-6.64,2.34,-0.050588,0.816224,-0.061978,33,52,0.3882,13,72,0.1529,376.48
36,68,85,0,-4.3,-6.64,2.34,-0.050588,0.816224,-0.061978,33,52,0.3882,13,72,0.1529,376.48
35,48,85,0,-4.3,-6.64,2.34,-0.050588,0.733894,-0.068931,31,54,0.3647,19,66,0.2235,361.92
36,48,85,0,-4.3,-6.64,2.34,-0.050588,0.733894,-0.068931,31,54,0.3647,19,66,0.2235,361.92
30,34,85,0,-4.3,-6.64,2.34,-0.050588,0.669864,-0.07552,29,56,0.3412,24,61,0.2824,332.55
31,34,85,0,-4.3,-6.64,2.34,-0.050588,0.669864,-0.07552,29,56,0.3412,24,61,0.2824,332.55
32,34,85,0,-4.3,-6.64,2.34,-0.050588,0.669864,-0.07552,29,56,0.3412,24,61,0.2824,332.55
33,34,85,0,-4.3,-6.64,2.34,-0.050588,0.669864,-0.07552,29,56,0.3412,24,61,0.2824,332.55
34,34,85,0,-4.3,-6.64,2.34,-0.050588,0.669864,-0.07552,29,56,0.3412,24,61,0.2824,332.55
8,73,85,0,-4.3,-6.64,2.34,-0.050588,0.635369,-0.07962,40,45,0.4706,37,48,0.4353,252.93
8,74,85,0,-4.3,-6.64,2.34,-0.050588,0.635369,-0.07962,40,45,0.4706,37,48,0.4353,252.93
12,31,85,0,-4.3,-6.64,2.34,-0.050588,0.576259,-0.087787,34,51,0.4,39,46,0.4588,256.54
5,73,85,0,-4.3,-6.64,2.34,-0.050588,0.572058,-0.088432,42,43,0.4941,39,46,0.4588,233.44
5,74,85,0,-4.3,-6.64,2.34,-0.050588,0.572058,-0.088432,42,43,0.4941,39,46,0.4588,233.44
2,30,85,0,-4.3,-6.64,2.34,-0.050588,0.429608,-0.117754,34,47,0.4,45,40,0.5294,194.91
26,33,85,0,-4.31,-6.64,2.33,-0.050706,0.663283,-0.076447,29,56,0.3412,26,59,0.3059,326.43
11,27,85,0,-4.31,-6.64,2.33,-0.050706,0.544441,-0.093134,33,52,0.3882,39,46,0.4588,252.48
38,70,85,0,-4.32,-6.64,2.32,-0.050823,0.829878,-0.061242,33,52,0.3882,11,74,0.1294,380.27
38,71,85,0,-4.32,-6.64,2.32,-0.050823,0.829878,-0.061242,33,52,0.3882,11,74,0.1294,380.27
35,65,85,0,-4.32,-6.64,2.32,-0.050823,0.816797,-0.062223,33,52,0.3882,15,70,0.1765,374.57
36,65,85,0,-4.32,-6.64,2.32,-0.050823,0.816797,-0.062223,33,52,0.3882,15,70,0.1765,374.57
40,50,85,0,-4.32,-6.64,2.32,-0.050823,0.755383,-0.067282,30,55,0.3529,18,67,0.2118,364.56
23,41,85,0,-4.32,-6.64,2.32,-0.050823,0.697972,-0.072816,31,54,0.3647,30,55,0.3529,328.9
23,42,85,0,-4.32,-6.64,2.32,-0.050823,0.697972,-0.072816,31,54,0.3647,30,55,0.3529,328.9
40,30,85,0,-4.32,-6.64,2.32,-0.050823,0.672791,-0.075541,27,58,0.3176,22,63,0.2588,337.87
25,32,85,0,-4.32,-6.64,2.32,-0.050823,0.661695,-0.076808,29,56,0.3412,28,57,0.3294,324.73
25,24,85,0,-4.32,-6.64,2.32,-0.050823,0.607185,-0.083703,27,58,0.3176,28,57,0.3294,314.37
39,21,85,0,-4.32,-6.64,2.32,-0.050823,0.598707,-0.084889,25,60,0.2941,24,61,0.2824,324.03
11,16,85,0,-4.32,-6.64,2.32,-0.050823,0.486798,-0.104404,29,56,0.3412,39,46,0.4588,231.04
23,50,85,0,-4.33,-6.64,2.31,-0.050941,0.73539,-0.069271,32,53,0.3765,29,56,0.3412,337.33
2,14,85,0,-4.33,-6.64,2.31,-0.050941,0.379428,-0.134258,32,50,0.3765,47,38,0.5529,180.36
29,34,85,0,-4.34,-6.64,2.3,-0.051059,0.669244,-0.076293,29,56,0.3412,25,60,0.2941,330.25
26,20,85,0,-4.34,-6.64,2.3,-0.051059,0.586586,-0.087044,26,59,0.3059,28,57,0.3294,302.92
38,72,85,0,-4.35,-6.64,2.29,-0.051176,0.830809,-0.061598,33,52,0.3882,11,74,0.1294,380.74
26,51,85,0,-4.35,-6.64,2.29,-0.051176,0.753259,-0.06794,32,53,0.3765,22,63,0.2588,353.89
40,41,85,0,-4.35,-6.64,2.29,-0.051176,0.718541,-0.071223,29,56,0.3412,20,65,0.2353,354.32
40,42,85,0,-4.35,-6.64,2.29,-0.051176,0.718541,-0.071223,29,56,0.3412,20,65,0.2353,354.32
39,26,85,0,-4.35,-6.64,2.29,-0.051176,0.627843,-0.081512,26,59,0.3059,23,62,0.2706,332.52
10,39,85,0,-4.35,-6.64,2.29,-0.051176,0.593786,-0.086187,36,49,0.4235,39,46,0.4588,250.34
8,35,85,0,-4.35,-6.64,2.29,-0.051176,0.51605,-0.099169,37,48,0.4353,41,44,0.4824,231.54
8,16,85,0,-4.35,-6.64,2.29,-0.051176,0.441538,-0.115905,32,53,0.3765,41,44,0.4824,212.35
12,32,85,0,-4.36,-6.64,2.28,-0.051294,0.577521,-0.088818,34,51,0.4,39,46,0.4588,256.55
1,14,85,0,-4.36,-6.64,2.28,-0.051294,0.378297,-0.135592,30,51,0.3529,50,35,0.5882,170.36
30,37,85,0,-4.37,-6.64,2.27,-0.051412,0.690552,-0.07445,30,55,0.3529,23,62,0.2706,336.23
31,37,85,0,-4.37,-6.64,2.27,-0.051412,0.690552,-0.07445,30,55,0.3529,23,62,0.2706,336.23
32,37,85,0,-4.37,-6.64,2.27,-0.051412,0.690552,-0.07445,30,55,0.3529,23,62,0.2706,336.23
33,37,85,0,-4.37,-6.64,2.27,-0.051412,0.690552,-0.07445,30,55,0.3529,23,62,0.2706,336.23
34,37,85,0,-4.37,-6.64,2.27,-0.051412,0.690552,-0.07445,30,55,0.3529,23,62,0.2706,336.23
25,20,85,0,-4.37,-6.64,2.27,-0.051412,0.586266,-0.087694,26,59,0.3059,29,56,0.3412,302.26
8,36,85,0,-4.37,-6.64,2.27,-0.051412,0.516387,-0.099561,37,48,0.4353,41,44,0.4824,231.6
8,26,85,0,-4.37,-6.64,2.27,-0.051412,0.492644,-0.104359,36,49,0.4235,41,44,0.4824,227.85
1,29,85,0,-4.37,-6.64,2.27,-0.051412,0.427732,-0.120196,31,49,0.3647,48,37,0.5647,183.43
40,70,85,0,-4.38,-6.64,2.26,-0.051529,0.839662,-0.061369,32,53,0.3765,10,75,0.1176,382.46
40,71,85,0,-4.38,-6.64,2.26,-0.051529,0.839662,-0.061369,32,53,0.3765,10,75,0.1176,382.46
26,52,85,0,-4.38,-6.64,2.26,-0.051529,0.754009,-0.068341,32,53,0.3765,22,63,0.2588,353.89
25,33,85,0,-4.38,-6.64,2.26,-0.051529,0.662439,-0.077787,29,56,0.3412,28,57,0.3294,324.88
24,24,85,0,-4.38,-6.64,2.26,-0.051529,0.606415,-0.084974,27,58,0.3176,29,56,0.3412,310.44
23,70,85,0,-4.39,-6.64,2.25,-0.051647,0.821723,-0.062852,34,51,0.4,21,64,0.2471,355.24
23,71,85,0,-4.39,-6.64,2.25,-0.051647,0.821723,-0.062852,34,51,0.4,21,64,0.2471,355.24
37,49,85,0,-4.39,-6.64,2.25,-0.051647,0.736837,-0.070093,31,54,0.3647,19,66,0.2235,362.11
22,51,85,0,-4.4,-6.64,2.24,-0.051765,0.747652,-0.069236,33,52,0.3882,31,54,0.3647,325.99
23,23,85,0,-4.4,-6.64,2.24,-0.051765,0.601809,-0.086015,27,58,0.3176,32,53,0.3765,303.51
8,27,85,0,-4.4,-6.64,2.24,-0.051765,0.493269,-0.104942,36,49,0.4235,41,44,0.4824,227.92
1,30,85,0,-4.4,-6.64,2.24,-0.051765,0.428519,-0.120799,31,49,0.3647,48,37,0.5647,183.89
40,72,85,0,-4.41,-6.64,2.23,-0.051882,0.840582,-0.061722,32,53,0.3765,10,75,0.1176,382.94
38,73,85,0,-4.41,-6.64,2.23,-0.051882,0.832706,-0.062306,33,52,0.3882,11,74,0.1294,380.97
35,49,85,0,-4.41,-6.64,2.23,-0.051882,0.736603,-0.070435,31,54,0.3647,19,66,0.2235,362.1
36,49,85,0,-4.41,-6.64,2.23,-0.051882,0.736603,-0.070435,31,54,0.3647,19,66,0.2235,362.1
29,37,85,0,-4.41,-6.64,2.23,-0.051882,0.689951,-0.075197,30,55,0.3529,24,61,0.2824,333.94
28,34,85,0,-4.41,-6.64,2.23,-0.051882,0.668191,-0.077646,29,56,0.3412,26,59,0.3059,328.66
24,31,85,0,-4.41,-6.64,2.23,-0.051882,0.658679,-0.078767,29,56,0.3412,29,56,0.3412,319.52
23,72,85,0,-4.42,-6.64,2.22,-0.052,0.822662,-0.063209,34,51,0.4,21,64,0.2471,355.71
25,51,85,0,-4.42,-6.64,2.22,-0.052,0.752514,-0.069102,32,53,0.3765,24,61,0.2824,352.34
12,33,85,0,-4.42,-6.64,2.22,-0.052,0.578372,-0.089908,34,51,0.4,39,46,0.4588,256.69
10,25,85,0,-4.42,-6.64,2.22,-0.052,0.538693,-0.09653,33,52,0.3882,39,46,0.4588,241.56
2,31,85,0,-4.42,-6.64,2.22,-0.052,0.432982,-0.120097,34,47,0.4,45,40,0.5294,195.15
2,32,85,0,-4.42,-6.64,2.22,-0.052,0.432982,-0.120097,34,47,0.4,45,40,0.5294,195.15
2,33,85,0,-4.42,-6.64,2.22,-0.052,0.432982,-0.120097,34,47,0.4,45,40,0.5294,195.15
2,34,85,0,-4.42,-6.64,2.22,-0.052,0.432982,-0.120097,34,47,0.4,45,40,0.5294,195.15
38,74,85,0,-4.43,-6.64,2.21,-0.052118,0.833122,-0.062557,33,52,0.3882,11,74,0.1294,381.21
22,52,85,0,-4.43,-6.64,2.21,-0.052118,0.748408,-0.069638,33,52,0.3882,31,54,0.3647,326.0
24,20,85,0,-4.43,-6.64,2.21,-0.052118,0.585467,-0.089019,26,59,0.3059,30,55,0.3529,298.33
38,19,85,0,-4.43,-6.64,2.21,-0.052118,0.583614,-0.089302,25,60,0.2941,26,59,0.3059,310.26
11,30,85,0,-4.43,-6.64,2.21,-0.052118,0.567138,-0.091896,34,51,0.4,39,46,0.4588,254.74
9,4,85,0,-4.43,-6.64,2.21,-0.052118,0.403101,-0.129292,22,63,0.2588,64,21,0.7529,123.56
38,75,85,0,-4.44,-6.64,2.2,-0.052235,0.833226,-0.06269,33,52,0.3882,10,75,0.1176,381.4
37,69,85,0,-4.44,-6.64,2.2,-0.052235,0.821409,-0.063592,33,52,0.3882,12,73,0.1412,378.25
27,34,85,0,-4.44,-6.64,2.2,-0.052235,0.667754,-0.078225,29,56,0.3412,26,59,0.3059,327.59
39,22,85,0,-4.44,-6.64,2.2,-0.052235,0.600437,-0.086995,25,60,0.2941,24,61,0.2824,324.28
9,25,85,0,-4.44,-6.64,2.2,-0.052235,0.526835,-0.099149,34,51,0.4,40,45,0.4706,237.31
11,10,85,0,-4.44,-6.64,2.2,-0.052235,0.446799,-0.11691,26,59,0.3059,47,38,0.5529,193.92
38,77,85,0,-4.45,-6.64,2.19,-0.052353,0.833439,-0.062816,33,52,0.3882,9,76,0.1059,383.5
38,78,85,0,-4.45,-6.64,2.19,-0.052353,0.833439,-0.062816,33,52,0.3882,9,76,0.1059,383.5
38,79,85,0,-4.45,-6.64,2.19,-0.052353,0.833439,-0.062816,33,52,0.3882,9,76,0.1059,383.5
38,80,85,0,-4.45,-6.64,2.19,-0.052353,0.833439,-0.062816,33,52,0.3882,9,76,0.1059,383.5
39,64,85,0,-4.45,-6.64,2.19,-0.052353,0.822575,-0.063645,32,53,0.3765,14,71,0.1647,375.28
25,52,85,0,-4.45,-6.64,2.19,-0.052353,0.753265,-0.069501,32,53,0.3765,24,61,0.2824,352.34
12,34,85,0,-4.45,-6.64,2.19,-0.052353,0.579028,-0.090415,34,51,0.4,39,46,0.4588,257.4
5,37,85,0,-4.45,-6.64,2.19,-0.052353,0.47915,-0.109262,40,45,0.4706,42,43,0.4941,214.99
8,19,85,0,-4.45,-6.64,2.19,-0.052353,0.465975,-0.112351,34,51,0.4,41,44,0.4824,216.67
5,20,85,0,-4.45,-6.64,2.19,-0.052353,0.435495,-0.120215,37,48,0.4353,42,43,0.4941,203.04
5,16,85,0,-4.45,-6.64,2.19,-0.052353,0.417163,-0.125497,35,50,0.4118,42,43,0.4941,198.84
2,19,85,0,-4.45,-6.64,2.19,-0.052353,0.39547,-0.132381,33,49,0.3882,45,40,0.5294,186.59
38,76,85,0,-4.46,-6.64,2.18,-0.052471,0.833654,-0.06294,33,52,0.3882,10,75,0.1176,382.84
35,69,85,0,-4.46,-6.64,2.18,-0.052471,0.8212,-0.063895,33,52,0.3882,12,73,0.1412,378.25
36,69,85,0,-4.46,-6.64,2.18,-0.052471,0.8212,-0.063895,33,52,0.3882,12,73,0.1412,378.25
30,38,85,0,-4.46,-6.64,2.18,-0.052471,0.692396,-0.075781,30,55,0.3529,23,62,0.2706,336.71
31,38,85,0,-4.46,-6.64,2.18,-0.052471,0.692396,-0.075781,30,55,0.3529,23,62,0.2706,336.71
32,38,85,0,-4.46,-6.64,2.18,-0.052471,0.692396,-0.075781,30,55,0.3529,23,62,0.2706,336.71
33,38,85,0,-4.46,-6.64,2.18,-0.052471,0.692396,-0.075781,30,55,0.3529,23,62,0.2706,336.71
34,38,85,0,-4.46,-6.64,2.18,-0.052471,0.692396,-0.075781,30,55,0.3529,23,62,0.2706,336.71
9,35,85,0,-4.46,-6.64,2.18,-0.052471,0.567738,-0.09242,36,49,0.4235,40,45,0.4706,244.14
11,20,85,0,-4.46,-6.64,2.18,-0.052471,0.52183,-0.100551,31,54,0.3647,39,46,0.4588,241.61
11,18,85,0,-4.46,-6.64,2.18,-0.052471,0.507078,-0.103476,30,55,0.3529,39,46,0.4588,233.38
40,73,85,0,-4.47,-6.64,2.17,-0.052588,0.842455,-0.062423,32,53,0.3765,10,75,0.1176,383.17
24,32,85,0,-4.47,-6.64,2.17,-0.052588,0.659782,-0.079705,29,56,0.3412,29,56,0.3412,319.53
39,27,85,0,-4.47,-6.64,2.17,-0.052588,0.629855,-0.083493,26,59,0.3059,23,62,0.2706,332.78
13,31,85,0,-4.47,-6.64,2.17,-0.052588,0.58951,-0.089207,33,52,0.3882,39,46,0.4588,259.77
12,25,85,0,-4.47,-6.64,2.17,-0.052588,0.546946,-0.096149,32,53,0.3765,39,46,0.4588,250.87
11,17,85,0,-4.47,-6.64,2.17,-0.052588,0.488589,-0.107633,29,56,0.3412,39,46,0.4588,231.36
10,9,85,0,-4.47,-6.64,2.17,-0.052588,0.438713,-0.119869,25,60,0.2941,48,37,0.5647,177.51
9,3,85,0,-4.47,-6.64,2.17,-0.052588,0.390781,-0.134572,21,64,0.2471,67,18,0.7882,112.09
23,73,85,0,-4.48,-6.64,2.16,-0.052706,0.824577,-0.063919,34,51,0.4,21,64,0.2471,355.95
28,37,85,0,-4.48,-6.64,2.16,-0.052706,0.688928,-0.076504,30,55,0.3529,25,60,0.2941,332.34
9,36,85,0,-4.48,-6.64,2.16,-0.052706,0.568043,-0.092785,36,49,0.4235,40,45,0.4706,244.21
40,74,85,0,-4.49,-6.64,2.15,-0.052823,0.842867,-0.062671,32,53,0.3765,10,75,0.1176,383.41
39,66,85,0,-4.49,-6.64,2.15,-0.052823,0.823702,-0.064129,32,53,0.3765,12,73,0.1412,378.83
39,67,85,0,-4.49,-6.64,2.15,-0.052823,0.823702,-0.064129,32,53,0.3765,12,73,0.1412,378.83
39,68,85,0,-4.49,-6.64,2.15,-0.052823,0.823702,-0.064129,32,53,0.3765,12,73,0.1412,378.83
39,48,85,0,-4.49,-6.64,2.15,-0.052823,0.742202,-0.071171,30,55,0.3529,18,67,0.2118,364.28
40,19,85,0,-4.49,-6.64,2.15,-0.052823,0.597442,-0.088416,24,61,0.2824,25,60,0.2941,312.46
2,15,85,0,-4.49,-6.64,2.15,-0.052823,0.38241,-0.138133,32,50,0.3765,45,40,0.5294,183.59
40,75,85,0,-4.5,-6.64,2.14,-0.052941,0.842969,-0.062803,32,53,0.3765,9,76,0.1059,383.6
23,74,85,0,-4.5,-6.64,2.14,-0.052941,0.824998,-0.064171,34,51,0.4,21,64,0.2471,356.18
29,38,85,0,-4.5,-6.64,2.14,-0.052941,0.691795,-0.076527,30,55,0.3529,24,61,0.2824,334.42
22,25,85,0,-4.5,-6.64,2.14,-0.052941,0.609691,-0.086833,28,57,0.3294,34,51,0.4,291.4
8,17,85,0,-4.5,-6.64,2.14,-0.052941,0.443511,-0.119368,32,53,0.3765,41,44,0.4824,212.67
2,20,85,0,-4.5,-6.64,2.14,-0.052941,0.396295,-0.13359,33,49,0.3882,45,40,0.5294,186.74
40,77,85,0,-4.51,-6.64,2.13,-0.053059,0.84318,-0.062927,32,53,0.3765,8,77,0.0941,385.7
40,78,85,0,-4.51,-6.64,2.13,-0.053059,0.84318,-0.062927,32,53,0.3765,8,77,0.0941,385.7
40,79,85,0,-4.51,-6.64,2.13,-0.053059,0.84318,-0.062927,32,53,0.3765,8,77,0.0941,385.7
40,80,85,0,-4.51,-6.64,2.13,-0.053059,0.84318,-0.062927,32,53,0.3765,8,77,0.0941,385.7
23,75,85,0,-4.51,-6.64,2.13,-0.053059,0.825102,-0.064306,34,51,0.4,20,65,0.2353,356.38
39,65,85,0,-4.51,-6.64,2.13,-0.053059,0.824269,-0.064371,32,53,0.3765,14,71,0.1647,376.93
37,40,85,0,-4.51,-6.64,2.13,-0.053059,0.701749,-0.075609,30,55,0.3529,21,64,0.2471,350.94
27,37,85,0,-4.51,-6.64,2.13,-0.053059,0.688504,-0.077064,30,55,0.3529,25,60,0.2941,331.28
22,34,85,0,-4.51,-6.64,2.13,-0.053059,0.661008,-0.08027,30,55,0.3529,34,51,0.4,301.49
40,76,85,0,-4.52,-6.64,2.12,-0.053176,0.843392,-0.063051,32,53,0.3765,9,76,0.1059,385.04
23,77,85,0,-4.52,-6.64,2.12,-0.053176,0.825317,-0.064432,34,51,0.4,19,66,0.2235,358.48
23,78,85,0,-4.52,-6.64,2.12,-0.053176,0.825317,-0.064432,34,51,0.4,19,66,0.2235,358.48
23,79,85,0,-4.52,-6.64,2.12,-0.053176,0.825317,-0.064432,34,51,0.4,19,66,0.2235,358.48
23,80,85,0,-4.52,-6.64,2.12,-0.053176,0.825317,-0.064432,34,51,0.4,19,66,0.2235,358.48
1,31,85,0,-4.52,-6.64,2.12,-0.053176,0.431898,-0.123123,31,49,0.3647,48,37,0.5647,184.13
1,32,85,0,-4.52,-6.64,2.12,-0.053176,0.431898,-0.123123,31,49,0.3647,48,37,0.5647,184.13
1,33,85,0,-4.52,-6.64,2.12,-0.053176,0.431898,-0.123123,31,49,0.3647,48,37,0.5647,184.13
1,34,85,0,-4.52,-6.64,2.12,-0.053176,0.431898,-0.123123,31,49,0.3647,48,37,0.5647,184.13
1,15,85,0,-4.52,-6.64,2.12,-0.053176,0.381286,-0.139466,30,51,0.3529,48,37,0.5647,173.59
23,76,85,0,-4.53,-6.64,2.11,-0.053294,0.825534,-0.064557,34,51,0.4,20,65,0.2353,357.82
35,40,85,0,-4.53,-6.64,2.11,-0.053294,0.701504,-0.075971,30,55,0.3529,21,64,0.2471,350.94
36,40,85,0,-4.53,-6.64,2.11,-0.053294,0.701504,-0.075971,30,55,0.3529,21,64,0.2471,350.94
26,34,85,0,-4.53,-6.64,2.11,-0.053294,0.666484,-0.079963,29,56,0.3412,26,59,0.3059,327.35
24,33,85,0,-4.53,-6.64,2.11,-0.053294,0.660525,-0.080684,29,56,0.3412,29,56,0.3412,319.67
13,32,85,0,-4.53,-6.64,2.11,-0.053294,0.590741,-0.090216,33,52,0.3882,39,46,0.4588,259.78
11,23,85,0,-4.53,-6.64,2.11,-0.053294,0.537344,-0.09918,32,53,0.3765,39,46,0.4588,249.21
8,10,85,0,-4.53,-6.64,2.11,-0.053294,0.413476,-0.128893,29,56,0.3412,48,37,0.5647,177.81
37,50,85,0,-4.54,-6.64,2.1,-0.053412,0.740662,-0.072114,31,54,0.3647,19,66,0.2235,362.11
37,30,85,0,-4.54,-6.64,2.1,-0.053412,0.65622,-0.081393,28,57,0.3294,23,62,0.2706,335.43
14,35,85,0,-4.54,-6.64,2.1,-0.053412,0.636433,-0.083924,33,52,0.3882,39,46,0.4588,266.53
5,38,85,0,-4.54,-6.64,2.1,-0.053412,0.481801,-0.110858,40,45,0.4706,42,43,0.4941,215.47
13,9,85,0,-4.54,-6.64,2.1,-0.053412,0.454023,-0.117641,23,62,0.2706,48,37,0.5647,186.03
30,25,85,0,-4.55,-6.64,2.09,-0.053529,0.615387,-0.086985,27,58,0.3176,26,59,0.3059,318.33
31,25,85,0,-4.55,-6.64,2.09,-0.053529,0.615387,-0.086985,27,58,0.3176,26,59,0.3059,318.33
32,25,85,0,-4.55,-6.64,2.09,-0.053529,0.615387,-0.086985,27,58,0.3176,26,59,0.3059,318.33
33,25,85,0,-4.55,-6.64,2.09,-0.053529,0.615387,-0.086985,27,58,0.3176,26,59,0.3059,318.33
34,25,85,0,-4.55,-6.64,2.09,-0.053529,0.615387,-0.086985,27,58,0.3176,26,59,0.3059,318.33
23,24,85,0,-4.55,-6.64,2.09,-0.053529,0.604156,-0.088602,27,58,0.3176,32,53,0.3765,303.65
1,19,85,0,-4.55,-6.64,2.09,-0.053529,0.394283,-0.135764,30,51,0.3529,48,37,0.5647,175.57
35,50,85,0,-4.56,-6.64,2.08,-0.053647,0.740429,-0.072454,31,54,0.3647,19,66,0.2235,362.11
36,50,85,0,-4.56,-6.64,2.08,-0.053647,0.740429,-0.072454,31,54,0.3647,19,66,0.2235,362.11
35,30,85,0,-4.56,-6.64,2.08,-0.053647,0.655958,-0.081784,28,57,0.3294,23,62,0.2706,335.43
36,30,85,0,-4.56,-6.64,2.08,-0.053647,0.655958,-0.081784,28,57,0.3294,23,62,0.2706,335.43
14,36,85,0,-4.56,-6.64,2.08,-0.053647,0.636704,-0.084257,33,52,0.3882,39,46,0.4588,266.6
24,51,85,0,-4.57,-6.64,2.07,-0.053765,0.75083,-0.071607,32,53,0.3765,25,60,0.2941,347.14
37,41,85,0,-4.57,-6.64,2.07,-0.053765,0.703048,-0.076474,30,55,0.3529,21,64,0.2471,351.88
37,42,85,0,-4.57,-6.64,2.07,-0.053765,0.703048,-0.076474,30,55,0.3529,21,64,0.2471,351.88
28,38,85,0,-4.57,-6.64,2.07,-0.053765,0.690774,-0.077832,30,55,0.3529,25,60,0.2941,332.82
2,35,85,0,-4.57,-6.64,2.07,-0.053765,0.437708,-0.122832,34,47,0.4,45,40,0.5294,195.38
2,36,85,0,-4.57,-6.64,2.07,-0.053765,0.437708,-0.122832,34,47,0.4,45,40,0.5294,195.38
2,37,85,0,-4.57,-6.64,2.07,-0.053765,0.437708,-0.122832,34,47,0.4,45,40,0.5294,195.38
5,17,85,0,-4.57,-6.64,2.07,-0.053765,0.418776,-0.128385,35,50,0.4118,42,43,0.4941,199.05
3,13,85,0,-4.57,-6.64,2.07,-0.053765,0.383583,-0.140164,36,49,0.4235,48,37,0.5647,179.33
22,37,85,0,-4.58,-6.64,2.06,-0.053882,0.681962,-0.079011,31,54,0.3647,33,52,0.3882,305.18
38,31,85,0,-4.58,-6.64,2.06,-0.053882,0.665892,-0.080917,28,57,0.3294,23,62,0.2706,335.96
35,41,85,0,-4.59,-6.64,2.05,-0.054,0.702802,-0.076835,30,55,0.3529,21,64,0.2471,351.88
35,42,85,0,-4.59,-6.64,2.05,-0.054,0.702802,-0.076835,30,55,0.3529,21,64,0.2471,351.88
36,41,85,0,-4.59,-6.64,2.05,-0.054,0.702802,-0.076835,30,55,0.3529,21,64,0.2471,351.88
36,42,85,0,-4.59,-6.64,2.05,-0.054,0.702802,-0.076835,30,55,0.3529,21,64,0.2471,351.88
11,53,85,0,-4.59,-6.64,2.05,-0.054,0.658511,-0.082003,37,48,0.4353,38,47,0.4471,271.05
29,25,85,0,-4.59,-6.64,2.05,-0.054,0.614711,-0.087846,27,58,0.3176,27,58,0.3176,316.04
13,33,85,0,-4.59,-6.64,2.05,-0.054,0.59157,-0.091282,33,52,0.3882,39,46,0.4588,259.93
4,13,85,0,-4.59,-6.64,2.05,-0.054,0.385351,-0.140132,36,49,0.4235,47,38,0.5529,181.99
37,70,85,0,-4.6,-6.64,2.04,-0.054118,0.826441,-0.065483,33,52,0.3882,11,74,0.1294,380.02
37,71,85,0,-4.6,-6.64,2.04,-0.054118,0.826441,-0.065483,33,52,0.3882,11,74,0.1294,380.02
24,52,85,0,-4.6,-6.64,2.04,-0.054118,0.751581,-0.072005,32,53,0.3765,25,60,0.2941,347.14
39,49,85,0,-4.6,-6.64,2.04,-0.054118,0.744877,-0.072653,30,55,0.3529,18,67,0.2118,364.46
27,38,85,0,-4.6,-6.64,2.04,-0.054118,0.690351,-0.078391,30,55,0.3529,25,60,0.2941,331.76
26,37,85,0,-4.6,-6.64,2.04,-0.054118,0.687271,-0.078743,30,55,0.3529,25,60,0.2941,331.04
25,34,85,0,-4.6,-6.64,2.04,-0.054118,0.66564,-0.081302,29,56,0.3412,28,57,0.3294,325.81
23,20,85,0,-4.6,-6.64,2.04,-0.054118,0.583124,-0.092806,26,59,0.3059,33,52,0.3882,291.55
5,39,85,0,-4.6,-6.64,2.04,-0.054118,0.483601,-0.111906,40,45,0.4706,42,43,0.4941,215.7
2,38,85,0,-4.6,-6.64,2.04,-0.054118,0.438662,-0.12337,34,47,0.4,45,40,0.5294,195.85
1,20,85,0,-4.6,-6.64,2.04,-0.054118,0.395108,-0.136969,30,51,0.3529,48,37,0.5647,175.72
23,31,85,0,-4.61,-6.64,2.03,-0.054235,0.656207,-0.08265,29,56,0.3412,32,53,0.3765,312.73
35,70,85,0,-4.62,-6.64,2.02,-0.054353,0.826233,-0.065784,33,52,0.3882,11,74,0.1294,380.02
35,71,85,0,-4.62,-6.64,2.02,-0.054353,0.826233,-0.065784,33,52,0.3882,11,74,0.1294,380.02
36,70,85,0,-4.62,-6.64,2.02,-0.054353,0.826233,-0.065784,33,52,0.3882,11,74,0.1294,380.02
36,71,85,0,-4.62,-6.64,2.02,-0.054353,0.826233,-0.065784,33,52,0.3882,11,74,0.1294,380.02
27,25,85,0,-4.62,-6.64,2.02,-0.054353,0.614223,-0.08849,27,58,0.3176,27,58,0.3176,315.33
28,25,85,0,-4.62,-6.64,2.02,-0.054353,0.614223,-0.08849,27,58,0.3176,27,58,0.3176,315.33
11,24,85,0,-4.62,-6.64,2.02,-0.054353,0.538939,-0.100852,32,53,0.3765,39,46,0.4588,249.35
37,72,85,0,-4.63,-6.64,2.01,-0.054471,0.827375,-0.065835,33,52,0.3882,11,74,0.1294,380.49
38,23,85,0,-4.63,-6.64,2.01,-0.054471,0.60841,-0.089529,26,59,0.3059,25,60,0.2941,322.6
12,37,85,0,-4.63,-6.64,2.01,-0.054471,0.602124,-0.090464,35,50,0.4118,39,46,0.4588,258.91
12,5,85,0,-4.63,-6.64,2.01,-0.054471,0.411176,-0.132475,22,63,0.2588,59,26,0.6941,143.02
40,31,85,0,-4.64,-6.64,2.0,-0.054588,0.678043,-0.080508,27,58,0.3176,22,63,0.2588,338.15
38,32,85,0,-4.64,-6.64,2.0,-0.054588,0.666981,-0.081844,28,57,0.3294,23,62,0.2706,335.96
39,69,85,0,-4.65,-6.64,1.99,-0.054706,0.828627,-0.06602,32,53,0.3765,11,74,0.1294,380.61
35,72,85,0,-4.65,-6.64,1.99,-0.054706,0.827166,-0.066136,33,52,0.3882,11,74,0.1294,380.49
36,72,85,0,-4.65,-6.64,1.99,-0.054706,0.827166,-0.066136,33,52,0.3882,11,74,0.1294,380.49
2,39,85,0,-4.66,-6.64,1.98,-0.054823,0.440637,-0.124419,34,47,0.4,45,40,0.5294,196.09
25,37,85,0,-4.67,-6.64,1.97,-0.054941,0.686452,-0.080036,30,55,0.3529,27,58,0.3176,329.49
22,38,85,0,-4.67,-6.64,1.97,-0.054941,0.683824,-0.080344,31,54,0.3647,33,52,0.3882,305.66
23,32,85,0,-4.67,-6.64,1.97,-0.054941,0.657312,-0.083585,29,56,0.3412,32,53,0.3765,312.74
1,35,85,0,-4.67,-6.64,1.97,-0.054941,0.436631,-0.12583,31,49,0.3647,48,37,0.5647,184.36
1,36,85,0,-4.67,-6.64,1.97,-0.054941,0.436631,-0.12583,31,49,0.3647,48,37,0.5647,184.36
1,37,85,0,-4.67,-6.64,1.97,-0.054941,0.436631,-0.12583,31,49,0.3647,48,37,0.5647,184.36
26,25,85,0,-4.68,-6.64,1.96,-0.055059,0.613298,-0.089775,27,58,0.3176,27,58,0.3176,315.09
37,73,85,0,-4.69,-6.64,1.95,-0.055176,0.829276,-0.066536,33,52,0.3882,11,74,0.1294,380.73
26,38,85,0,-4.69,-6.64,1.95,-0.055176,0.689119,-0.080068,30,55,0.3529,25,60,0.2941,331.52
11,54,85,0,-4.69,-6.64,1.95,-0.055176,0.661298,-0.083436,37,48,0.4353,38,47,0.4471,271.07
40,23,85,0,-4.69,-6.64,1.95,-0.055176,0.621685,-0.088753,25,60,0.2941,24,61,0.2824,324.8
13,2,85,0,-4.69,-6.64,1.95,-0.055176,0.369966,-0.149139,19,66,0.2235,70,15,0.8235,102.07
40,32,85,0,-4.7,-6.64,1.94,-0.055294,0.679111,-0.081421,27,58,0.3176,22,63,0.2588,338.16
38,33,85,0,-4.7,-6.64,1.94,-0.055294,0.667714,-0.082811,28,57,0.3294,23,62,0.2706,336.11
5,23,85,0,-4.7,-6.64,1.94,-0.055294,0.452957,-0.122073,38,47,0.4471,42,43,0.4941,208.25
5,24,85,0,-4.7,-6.64,1.94,-0.055294,0.452957,-0.122073,38,47,0.4471,42,43,0.4941,208.25
5,25,85,0,-4.7,-6.64,1.94,-0.055294,0.452957,-0.122073,38,47,0.4471,42,43,0.4941,208.25
1,38,85,0,-4.7,-6.64,1.94,-0.055294,0.437587,-0.126361,31,49,0.3647,48,37,0.5647,184.84
13,6,85,0,-4.7,-6.64,1.94,-0.055294,0.427909,-0.129219,22,63,0.2588,55,30,0.6471,164.2
37,74,85,0,-4.71,-6.64,1.93,-0.055412,0.829694,-0.066786,33,52,0.3882,11,74,0.1294,380.96
35,73,85,0,-4.71,-6.64,1.93,-0.055412,0.829068,-0.066836,33,52,0.3882,11,74,0.1294,380.73
36,73,85,0,-4.71,-6.64,1.93,-0.055412,0.829068,-0.066836,33,52,0.3882,11,74,0.1294,380.73
20,35,85,0,-4.71,-6.64,1.93,-0.055412,0.667168,-0.083055,31,54,0.3647,35,50,0.4118,290.17
25,25,85,0,-4.71,-6.64,1.93,-0.055412,0.612989,-0.090396,27,58,0.3176,28,57,0.3294,314.44
37,19,85,0,-4.71,-6.64,1.93,-0.055412,0.578709,-0.095751,25,60,0.2941,26,59,0.3059,310.02
12,2,85,0,-4.71,-6.64,1.93,-0.055412,0.369802,-0.149842,19,66,0.2235,70,15,0.8235,101.84
37,75,85,0,-4.72,-6.64,1.92,-0.055529,0.829797,-0.066919,33,52,0.3882,10,75,0.1176,381.16
39,40,85,0,-4.72,-6.64,1.92,-0.055529,0.710182,-0.07819,29,56,0.3412,20,65,0.2353,353.29
12,38,85,0,-4.72,-6.64,1.92,-0.055529,0.604232,-0.091901,35,50,0.4118,39,46,0.4588,259.39
37,77,85,0,-4.73,-6.64,1.91,-0.055647,0.830011,-0.067044,33,52,0.3882,9,76,0.1059,383.26
37,78,85,0,-4.73,-6.64,1.91,-0.055647,0.830011,-0.067044,33,52,0.3882,9,76,0.1059,383.26
37,79,85,0,-4.73,-6.64,1.91,-0.055647,0.830011,-0.067044,33,52,0.3882,9,76,0.1059,383.26
37,80,85,0,-4.73,-6.64,1.91,-0.055647,0.830011,-0.067044,33,52,0.3882,9,76,0.1059,383.26
35,74,85,0,-4.73,-6.64,1.91,-0.055647,0.829486,-0.067086,33,52,0.3882,11,74,0.1294,380.96
36,74,85,0,-4.73,-6.64,1.91,-0.055647,0.829486,-0.067086,33,52,0.3882,11,74,0.1294,380.96
20,36,85,0,-4.73,-6.64,1.91,-0.055647,0.667426,-0.083375,31,54,0.3647,35,50,0.4118,290.24
23,33,85,0,-4.73,-6.64,1.91,-0.055647,0.658055,-0.084563,29,56,0.3412,32,53,0.3765,312.88
35,19,85,0,-4.73,-6.64,1.91,-0.055647,0.57841,-0.096207,25,60,0.2941,26,59,0.3059,310.02
36,19,85,0,-4.73,-6.64,1.91,-0.055647,0.57841,-0.096207,25,60,0.2941,26,59,0.3059,310.02
4,58,85,0,-4.73,-6.64,1.91,-0.055647,0.530044,-0.104986,43,42,0.5059,42,43,0.4941,223.8
5,29,85,0,-4.73,-6.64,1.91,-0.055647,0.471468,-0.118029,39,46,0.4588,42,43,0.4941,212.53
9,9,85,0,-4.73,-6.64,1.91,-0.055647,0.436644,-0.127442,25,60,0.2941,48,37,0.5647,177.03
2,16,85,0,-4.73,-6.64,1.91,-0.055647,0.385942,-0.144185,32,50,0.3765,45,40,0.5294,184.11
37,76,85,0,-4.74,-6.64,1.9,-0.055765,0.830226,-0.067168,33,52,0.3882,10,75,0.1176,382.6
35,75,85,0,-4.74,-6.64,1.9,-0.055765,0.829589,-0.06722,33,52,0.3882,10,75,0.1176,381.16
36,75,85,0,-4.74,-6.64,1.9,-0.055765,0.829589,-0.06722,33,52,0.3882,10,75,0.1176,381.16
38,51,85,0,-4.74,-6.64,1.9,-0.055765,0.75716,-0.07365,31,54,0.3647,19,66,0.2235,363.57
35,77,85,0,-4.75,-6.64,1.89,-0.055882,0.829802,-0.067344,33,52,0.3882,9,76,0.1059,383.26
35,78,85,0,-4.75,-6.64,1.89,-0.055882,0.829802,-0.067344,33,52,0.3882,9,76,0.1059,383.26
35,79,85,0,-4.75,-6.64,1.89,-0.055882,0.829802,-0.067344,33,52,0.3882,9,76,0.1059,383.26
35,80,85,0,-4.75,-6.64,1.89,-0.055882,0.829802,-0.067344,33,52,0.3882,9,76,0.1059,383.26
36,77,85,0,-4.75,-6.64,1.89,-0.055882,0.829802,-0.067344,33,52,0.3882,9,76,0.1059,383.26
36,78,85,0,-4.75,-6.64,1.89,-0.055882,0.829802,-0.067344,33,52,0.3882,9,76,0.1059,383.26
36,79,85,0,-4.75,-6.64,1.89,-0.055882,0.829802,-0.067344,33,52,0.3882,9,76,0.1059,383.26
36,80,85,0,-4.75,-6.64,1.89,-0.055882,0.829802,-0.067344,33,52,0.3882,9,76,0.1059,383.26
39,50,85,0,-4.75,-6.64,1.89,-0.055882,0.748655,-0.074644,30,55,0.3529,18,67,0.2118,364.47
39,30,85,0,-4.75,-6.64,1.89,-0.055882,0.665229,-0.084005,27,58,0.3176,22,63,0.2588,337.79
24,34,85,0,-4.75,-6.64,1.89,-0.055882,0.663729,-0.084194,29,56,0.3412,29,56,0.3412,320.6
11,31,85,0,-4.75,-6.64,1.89,-0.055882,0.573349,-0.097466,34,51,0.4,39,46,0.4588,255.01
35,76,85,0,-4.76,-6.64,1.88,-0.056,0.830017,-0.067468,33,52,0.3882,10,75,0.1176,382.6
36,76,85,0,-4.76,-6.64,1.88,-0.056,0.830017,-0.067468,33,52,0.3882,10,75,0.1176,382.6
25,38,85,0,-4.76,-6.64,1.88,-0.056,0.6883,-0.08136,30,55,0.3529,27,58,0.3176,329.97
40,33,85,0,-4.76,-6.64,1.88,-0.056,0.67983,-0.082373,27,58,0.3176,22,63,0.2588,338.31
5,30,85,0,-4.76,-6.64,1.88,-0.056,0.472179,-0.118599,39,46,0.4588,42,43,0.4941,213.0
1,39,85,0,-4.76,-6.64,1.88,-0.056,0.439565,-0.127399,31,49,0.3647,48,37,0.5647,185.07
3,14,85,0,-4.76,-6.64,1.88,-0.056,0.385808,-0.14515,36,49,0.4235,47,38,0.5529,185.28
1,16,85,0,-4.76,-6.64,1.88,-0.056,0.384826,-0.14552,30,51,0.3529,48,37,0.5647,174.11
38,52,85,0,-4.77,-6.64,1.87,-0.056118,0.757904,-0.074043,31,54,0.3647,19,66,0.2235,363.57
24,25,85,0,-4.77,-6.64,1.87,-0.056118,0.612221,-0.091662,27,58,0.3176,29,56,0.3412,310.51
39,41,85,0,-4.78,-6.64,1.86,-0.056235,0.711462,-0.079042,29,56,0.3412,20,65,0.2353,354.23
39,42,85,0,-4.78,-6.64,1.86,-0.056235,0.711462,-0.079042,29,56,0.3412,20,65,0.2353,354.23
38,24,85,0,-4.78,-6.64,1.86,-0.056235,0.610723,-0.09208,26,59,0.3059,25,60,0.2941,322.75
9,18,85,0,-4.78,-6.64,1.86,-0.056235,0.49295,-0.114079,31,54,0.3647,40,45,0.4706,223.19
4,14,85,0,-4.78,-6.64,1.86,-0.056235,0.387566,-0.145099,36,49,0.4235,46,39,0.5412,187.93
3,58,85,0,-4.79,-6.64,1.85,-0.056353,0.528574,-0.106613,42,42,0.4941,43,42,0.5059,220.91
40,51,85,0,-4.8,-6.64,1.84,-0.056471,0.767866,-0.073542,30,55,0.3529,18,67,0.2118,365.77
39,70,85,0,-4.81,-6.64,1.83,-0.056588,0.83361,-0.067883,32,53,0.3765,10,75,0.1176,382.38
39,71,85,0,-4.81,-6.64,1.83,-0.056588,0.83361,-0.067883,32,53,0.3765,10,75,0.1176,382.38
23,51,85,0,-4.81,-6.64,1.83,-0.056588,0.748207,-0.075632,32,53,0.3765,29,56,0.3412,338.55
13,34,85,0,-4.81,-6.64,1.83,-0.056588,0.595142,-0.095083,33,52,0.3882,39,46,0.4588,260.85
11,32,85,0,-4.81,-6.64,1.83,-0.056588,0.574611,-0.098481,34,51,0.4,39,46,0.4588,255.02
10,8,85,0,-4.81,-6.64,1.83,-0.056588,0.437554,-0.129328,24,61,0.2824,50,35,0.5882,172.52
24,37,85,0,-4.82,-6.64,1.82,-0.056706,0.684596,-0.082831,30,55,0.3529,28,57,0.3294,324.29
30,53,85,0,-4.83,-6.64,1.81,-0.056823,0.777432,-0.073091,32,53,0.3765,19,66,0.2235,360.86
31,53,85,0,-4.83,-6.64,1.81,-0.056823,0.777432,-0.073091,32,53,0.3765,19,66,0.2235,360.86
32,53,85,0,-4.83,-6.64,1.81,-0.056823,0.777432,-0.073091,32,53,0.3765,19,66,0.2235,360.86
33,53,85,0,-4.83,-6.64,1.81,-0.056823,0.777432,-0.073091,32,53,0.3765,19,66,0.2235,360.86
34,53,85,0,-4.83,-6.64,1.81,-0.056823,0.777432,-0.073091,32,53,0.3765,19,66,0.2235,360.86
40,52,85,0,-4.83,-6.64,1.81,-0.056823,0.7686,-0.073931,30,55,0.3529,18,67,0.2118,365.77
38,20,85,0,-4.83,-6.64,1.81,-0.056823,0.589924,-0.096323,25,60,0.2941,26,59,0.3059,310.64
39,72,85,0,-4.84,-6.64,1.8,-0.056941,0.834534,-0.068231,32,53,0.3765,10,75,0.1176,382.85
23,52,85,0,-4.84,-6.64,1.8,-0.056941,0.74896,-0.076027,32,53,0.3765,29,56,0.3412,338.55
40,24,85,0,-4.84,-6.64,1.8,-0.056941,0.623947,-0.09126,25,60,0.2941,24,61,0.2824,324.95
4,21,85,0,-4.84,-6.64,1.8,-0.056941,0.413556,-0.137687,39,46,0.4588,43,42,0.5059,203.45
4,59,85,0,-4.85,-6.64,1.79,-0.057059,0.534963,-0.106659,43,42,0.5059,42,43,0.4941,224.32
4,60,85,0,-4.85,-6.64,1.79,-0.057059,0.534963,-0.106659,43,42,0.5059,42,43,0.4941,224.32
4,61,85,0,-4.85,-6.64,1.79,-0.057059,0.534963,-0.106659,43,42,0.5059,42,43,0.4941,224.32
8,20,85,0,-4.85,-6.64,1.79,-0.057059,0.473851,-0.120415,34,51,0.4,41,44,0.4824,217.05
11,5,85,0,-4.85,-6.64,1.79,-0.057059,0.409212,-0.139436,22,63,0.2588,59,26,0.6941,142.09
2,17,85,0,-4.85,-6.64,1.79,-0.057059,0.387673,-0.147183,32,50,0.3765,45,40,0.5294,184.32
37,31,85,0,-4.86,-6.64,1.78,-0.057176,0.661588,-0.086423,28,57,0.3294,23,62,0.2706,335.71
29,53,85,0,-4.87,-6.64,1.77,-0.057294,0.776895,-0.073748,32,53,0.3765,20,65,0.2353,358.56
11,33,85,0,-4.87,-6.64,1.77,-0.057294,0.575459,-0.099562,34,51,0.4,39,46,0.4588,255.17
4,22,85,0,-4.87,-6.64,1.77,-0.057294,0.414158,-0.138339,39,46,0.4588,43,42,0.5059,203.55
35,31,85,0,-4.88,-6.64,1.76,-0.057412,0.661326,-0.086813,28,57,0.3294,23,62,0.2706,335.71
36,31,85,0,-4.88,-6.64,1.76,-0.057412,0.661326,-0.086813,28,57,0.3294,23,62,0.2706,335.71
5,31,85,0,-4.88,-6.64,1.76,-0.057412,0.475235,-0.120807,39,46,0.4588,42,43,0.4941,213.23
3,21,85,0,-4.88,-6.64,1.76,-0.057412,0.411707,-0.139448,39,46,0.4588,44,41,0.5176,200.63
1,17,85,0,-4.88,-6.64,1.76,-0.057412,0.38656,-0.148519,30,51,0.3529,48,37,0.5647,174.32
40,20,85,0,-4.89,-6.64,1.75,-0.057529,0.603602,-0.09531,24,61,0.2824,25,60,0.2941,312.84
10,35,85,0,-4.89,-6.64,1.75,-0.057529,0.586482,-0.098092,35,50,0.4118,39,46,0.4588,248.48
39,73,85,0,-4.9,-6.64,1.74,-0.057647,0.836418,-0.068921,32,53,0.3765,10,75,0.1176,383.08
13,53,85,0,-4.9,-6.64,1.74,-0.057647,0.686592,-0.083961,36,49,0.4235,37,48,0.4353,278.77
11,34,85,0,-4.9,-6.64,1.74,-0.057647,0.576115,-0.100062,34,51,0.4,39,46,0.4588,255.87
4,19,85,0,-4.9,-6.64,1.74,-0.057647,0.405514,-0.142158,38,47,0.4471,43,42,0.5059,198.41
24,38,85,0,-4.91,-6.64,1.73,-0.057765,0.686448,-0.08415,30,55,0.3529,28,57,0.3294,324.77
37,23,85,0,-4.91,-6.64,1.73,-0.057765,0.603694,-0.095685,26,59,0.3059,25,60,0.2941,322.36
10,36,85,0,-4.91,-6.64,1.73,-0.057765,0.586776,-0.098444,35,50,0.4118,39,46,0.4588,248.54
3,59,85,0,-4.91,-6.64,1.73,-0.057765,0.533504,-0.108274,42,42,0.4941,43,42,0.5059,221.42
3,60,85,0,-4.91,-6.64,1.73,-0.057765,0.533504,-0.108274,42,42,0.4941,43,42,0.5059,221.42
3,61,85,0,-4.91,-6.64,1.73,-0.057765,0.533504,-0.108274,42,42,0.4941,43,42,0.5059,221.42
3,22,85,0,-4.91,-6.64,1.73,-0.057765,0.412312,-0.1401,39,46,0.4588,44,41,0.5176,200.73
3,15,85,0,-4.91,-6.64,1.73,-0.057765,0.38864,-0.148633,36,49,0.4235,44,41,0.5176,191.34
39,74,85,0,-4.92,-6.64,1.72,-0.057882,0.836831,-0.069168,32,53,0.3765,10,75,0.1176,383.32
38,34,85,0,-4.92,-6.64,1.72,-0.057882,0.670876,-0.086279,28,57,0.3294,23,62,0.2706,337.04
37,32,85,0,-4.92,-6.64,1.72,-0.057882,0.66268,-0.087346,28,57,0.3294,23,62,0.2706,335.72
39,19,85,0,-4.92,-6.64,1.72,-0.057882,0.588895,-0.09829,24,61,0.2824,25,60,0.2941,312.37
11,25,85,0,-4.92,-6.64,1.72,-0.057882,0.54386,-0.106429,32,53,0.3765,39,46,0.4588,249.35
8,23,85,0,-4.92,-6.64,1.72,-0.057882,0.490876,-0.117916,35,50,0.4118,41,44,0.4824,224.65
10,5,85,0,-4.92,-6.64,1.72,-0.057882,0.408753,-0.141607,22,63,0.2588,59,26,0.6941,141.62
5,10,85,0,-4.92,-6.64,1.72,-0.057882,0.402401,-0.143842,31,54,0.3647,49,36,0.5765,166.81
39,75,85,0,-4.93,-6.64,1.71,-0.058,0.836933,-0.069301,32,53,0.3765,9,76,0.1059,383.51
30,54,85,0,-4.93,-6.64,1.71,-0.058,0.779791,-0.074379,32,53,0.3765,19,66,0.2235,360.88
31,54,85,0,-4.93,-6.64,1.71,-0.058,0.779791,-0.074379,32,53,0.3765,19,66,0.2235,360.88
32,54,85,0,-4.93,-6.64,1.71,-0.058,0.779791,-0.074379,32,53,0.3765,19,66,0.2235,360.88
33,54,85,0,-4.93,-6.64,1.71,-0.058,0.779791,-0.074379,32,53,0.3765,19,66,0.2235,360.88
34,54,85,0,-4.93,-6.64,1.71,-0.058,0.779791,-0.074379,32,53,0.3765,19,66,0.2235,360.88
35,23,85,0,-4.93,-6.64,1.71,-0.058,0.603407,-0.096121,26,59,0.3059,25,60,0.2941,322.36
36,23,85,0,-4.93,-6.64,1.71,-0.058,0.603407,-0.096121,26,59,0.3059,25,60,0.2941,322.36
4,15,85,0,-4.93,-6.64,1.71,-0.058,0.390384,-0.148572,36,49,0.4235,43,42,0.5059,194.0
11,2,85,0,-4.93,-6.64,1.71,-0.058,0.367611,-0.157776,19,66,0.2235,70,15,0.8235,100.91
39,77,85,0,-4.94,-6.64,1.7,-0.058118,0.837144,-0.069424,32,53,0.3765,8,77,0.0941,385.61
39,78,85,0,-4.94,-6.64,1.7,-0.058118,0.837144,-0.069424,32,53,0.3765,8,77,0.0941,385.61
39,79,85,0,-4.94,-6.64,1.7,-0.058118,0.837144,-0.069424,32,53,0.3765,8,77,0.0941,385.61
39,80,85,0,-4.94,-6.64,1.7,-0.058118,0.837144,-0.069424,32,53,0.3765,8,77,0.0941,385.61
28,53,85,0,-4.94,-6.64,1.7,-0.058118,0.775981,-0.074896,32,53,0.3765,21,64,0.2471,356.97
35,32,85,0,-4.94,-6.64,1.7,-0.058118,0.662419,-0.087735,28,57,0.3294,23,62,0.2706,335.72
36,32,85,0,-4.94,-6.64,1.7,-0.058118,0.662419,-0.087735,28,57,0.3294,23,62,0.2706,335.72
23,25,85,0,-4.94,-6.64,1.7,-0.058118,0.609968,-0.09528,27,58,0.3176,32,53,0.3765,303.72
4,62,85,0,-4.94,-6.64,1.7,-0.058118,0.53873,-0.107879,43,42,0.5059,42,43,0.4941,224.32
5,32,85,0,-4.94,-6.64,1.7,-0.058118,0.476754,-0.121903,39,46,0.4588,42,43,0.4941,213.24
3,19,85,0,-4.94,-6.64,1.7,-0.058118,0.403628,-0.143988,38,47,0.4471,44,41,0.5176,195.59
39,76,85,0,-4.95,-6.64,1.69,-0.058235,0.837357,-0.069546,32,53,0.3765,9,76,0.1059,384.96
23,34,85,0,-4.95,-6.64,1.69,-0.058235,0.661262,-0.088067,29,56,0.3412,32,53,0.3765,313.81
29,54,85,0,-4.97,-6.64,1.67,-0.058471,0.779254,-0.075034,32,53,0.3765,20,65,0.2353,358.59
27,53,85,0,-4.97,-6.64,1.67,-0.058471,0.775602,-0.075387,32,53,0.3765,21,64,0.2471,355.9
5,18,85,0,-4.97,-6.64,1.67,-0.058471,0.426711,-0.137026,35,50,0.4118,42,43,0.4941,199.75
40,34,85,0,-4.98,-6.64,1.66,-0.058588,0.682933,-0.085789,27,58,0.3176,22,63,0.2588,339.23
37,33,85,0,-4.98,-6.64,1.66,-0.058588,0.663415,-0.088313,28,57,0.3294,23,62,0.2706,335.86
38,37,85,0,-4.99,-6.64,1.65,-0.058706,0.691525,-0.084893,29,56,0.3412,22,63,0.2588,340.72
13,37,85,0,-4.99,-6.64,1.65,-0.058706,0.617622,-0.095051,34,51,0.4,39,46,0.4588,262.37
13,54,85,0,-5.0,-6.64,1.64,-0.058823,0.68926,-0.085343,36,49,0.4235,37,48,0.4353,278.79
35,33,85,0,-5.0,-6.64,1.64,-0.058823,0.663153,-0.088703,28,57,0.3294,23,62,0.2706,335.86
36,33,85,0,-5.0,-6.64,1.64,-0.058823,0.663153,-0.088703,28,57,0.3294,23,62,0.2706,335.86
3,62,85,0,-5.0,-6.64,1.64,-0.058823,0.53728,-0.109484,42,42,0.4941,43,42,0.5059,221.42
5,33,85,0,-5.0,-6.64,1.64,-0.058823,0.477774,-0.12312,39,46,0.4588,42,43,0.4941,213.38
13,7,85,0,-5.0,-6.64,1.64,-0.058823,0.429461,-0.136971,22,63,0.2588,51,34,0.6,174.91
10,2,85,0,-5.0,-6.64,1.64,-0.058823,0.367097,-0.160239,19,66,0.2235,70,15,0.8235,100.44
8,24,85,0,-5.01,-6.64,1.63,-0.058941,0.492612,-0.11965,35,50,0.4118,41,44,0.4824,224.79
8,25,85,0,-5.01,-6.64,1.63,-0.058941,0.492612,-0.11965,35,50,0.4118,41,44,0.4824,224.79
37,51,85,0,-5.02,-6.64,1.62,-0.059059,0.75337,-0.078393,31,54,0.3647,19,66,0.2235,363.33
23,37,85,0,-5.02,-6.64,1.62,-0.059059,0.682202,-0.086571,30,55,0.3529,31,54,0.3647,317.5
5,34,85,0,-5.03,-6.64,1.61,-0.059176,0.478562,-0.123655,39,46,0.4588,42,43,0.4941,214.09
1,4,85,0,-5.03,-6.64,1.61,-0.059176,0.363289,-0.162891,25,56,0.2941,69,16,0.8118,97.75
28,54,85,0,-5.04,-6.64,1.6,-0.059294,0.778342,-0.07618,32,53,0.3765,21,64,0.2471,356.99
35,51,85,0,-5.04,-6.64,1.6,-0.059294,0.753139,-0.078729,31,54,0.3647,19,66,0.2235,363.33
36,51,85,0,-5.04,-6.64,1.6,-0.059294,0.753139,-0.078729,31,54,0.3647,19,66,0.2235,363.33
12,8,85,0,-5.04,-6.64,1.6,-0.059294,0.440564,-0.134587,23,62,0.2706,50,35,0.5882,177.09
37,52,85,0,-5.05,-6.64,1.59,-0.059412,0.754116,-0.078783,31,54,0.3647,19,66,0.2235,363.33
40,37,85,0,-5.05,-6.64,1.59,-0.059412,0.703228,-0.084484,28,57,0.3294,21,64,0.2471,342.92
26,53,85,0,-5.06,-6.64,1.58,-0.059529,0.7745,-0.076862,32,53,0.3765,21,64,0.2471,355.66
37,24,85,0,-5.06,-6.64,1.58,-0.059529,0.606015,-0.098231,26,59,0.3059,25,60,0.2941,322.5
27,54,85,0,-5.07,-6.64,1.57,-0.059647,0.777963,-0.076671,32,53,0.3765,21,64,0.2471,355.93
35,52,85,0,-5.07,-6.64,1.57,-0.059647,0.753886,-0.079119,31,54,0.3647,19,66,0.2235,363.33
36,52,85,0,-5.07,-6.64,1.57,-0.059647,0.753886,-0.079119,31,54,0.3647,19,66,0.2235,363.33
39,31,85,0,-5.07,-6.64,1.57,-0.059647,0.67051,-0.088958,27,58,0.3176,22,63,0.2588,338.07
9,8,85,0,-5.07,-6.64,1.57,-0.059647,0.435451,-0.136978,24,61,0.2824,50,35,0.5882,172.04
38,38,85,0,-5.08,-6.64,1.56,-0.059765,0.693354,-0.086196,29,56,0.3412,22,63,0.2588,341.2
13,38,85,0,-5.08,-6.64,1.56,-0.059765,0.61967,-0.096446,34,51,0.4,39,46,0.4588,262.85
12,39,85,0,-5.08,-6.64,1.56,-0.059765,0.61347,-0.097421,35,50,0.4118,39,46,0.4588,259.85
35,24,85,0,-5.08,-6.64,1.56,-0.059765,0.605728,-0.098666,26,59,0.3059,25,60,0.2941,322.5
36,24,85,0,-5.08,-6.64,1.56,-0.059765,0.605728,-0.098666,26,59,0.3059,25,60,0.2941,322.5
11,37,85,0,-5.08,-6.64,1.56,-0.059765,0.599305,-0.099723,35,50,0.4118,39,46,0.4588,257.39
4,26,85,0,-5.08,-6.64,1.56,-0.059765,0.432104,-0.138311,40,45,0.4706,43,42,0.5059,206.67
4,27,85,0,-5.08,-6.64,1.56,-0.059765,0.432104,-0.138311,40,45,0.4706,43,42,0.5059,206.67
4,28,85,0,-5.08,-6.64,1.56,-0.059765,0.432104,-0.138311,40,45,0.4706,43,42,0.5059,206.67
30,39,85,0,-5.09,-6.64,1.55,-0.059882,0.706506,-0.084758,30,55,0.3529,23,62,0.2706,337.23
31,39,85,0,-5.09,-6.64,1.55,-0.059882,0.706506,-0.084758,30,55,0.3529,23,62,0.2706,337.23
32,39,85,0,-5.09,-6.64,1.55,-0.059882,0.706506,-0.084758,30,55,0.3529,23,62,0.2706,337.23
33,39,85,0,-5.09,-6.64,1.55,-0.059882,0.706506,-0.084758,30,55,0.3529,23,62,0.2706,337.23
34,39,85,0,-5.09,-6.64,1.55,-0.059882,0.706506,-0.084758,30,55,0.3529,23,62,0.2706,337.23
22,53,85,0,-5.11,-6.64,1.53,-0.060118,0.769042,-0.078172,33,52,0.3882,30,55,0.3529,327.77
23,38,85,0,-5.11,-6.64,1.53,-0.060118,0.684056,-0.087884,30,55,0.3529,31,54,0.3647,317.98
37,20,85,0,-5.11,-6.64,1.53,-0.060118,0.585045,-0.102757,25,60,0.2941,26,59,0.3059,310.4
39,23,85,0,-5.12,-6.64,1.52,-0.060235,0.613456,-0.09819,25,60,0.2941,24,61,0.2824,324.71
1,10,85,0,-5.12,-6.64,1.52,-0.060235,0.373691,-0.16119,29,52,0.3412,54,31,0.6353,148.05
25,53,85,0,-5.13,-6.64,1.51,-0.060353,0.773767,-0.077999,32,53,0.3765,23,62,0.2706,354.12
29,39,85,0,-5.13,-6.64,1.51,-0.060353,0.705913,-0.085496,30,55,0.3529,24,61,0.2824,334.94
39,32,85,0,-5.13,-6.64,1.51,-0.060353,0.671586,-0.089866,27,58,0.3176,22,63,0.2588,338.08
35,20,85,0,-5.13,-6.64,1.51,-0.060353,0.584747,-0.103212,25,60,0.2941,26,59,0.3059,310.4
36,20,85,0,-5.13,-6.64,1.51,-0.060353,0.584747,-0.103212,25,60,0.2941,26,59,0.3059,310.4
40,38,85,0,-5.14,-6.64,1.5,-0.060471,0.705026,-0.085771,28,57,0.3294,21,64,0.2471,343.4
3,26,85,0,-5.14,-6.64,1.5,-0.060471,0.430293,-0.140533,39,45,0.4588,44,41,0.5176,203.78
3,27,85,0,-5.14,-6.64,1.5,-0.060471,0.430293,-0.140533,39,45,0.4588,44,41,0.5176,203.78
3,28,85,0,-5.14,-6.64,1.5,-0.060471,0.430293,-0.140533,39,45,0.4588,44,41,0.5176,203.78
26,54,85,0,-5.16,-6.64,1.48,-0.060706,0.776863,-0.078142,32,53,0.3765,21,64,0.2471,355.69
38,25,85,0,-5.17,-6.64,1.47,-0.060823,0.616453,-0.098667,26,59,0.3059,25,60,0.2941,322.82
11,38,85,0,-5.17,-6.64,1.47,-0.060823,0.601413,-0.101134,35,50,0.4118,39,46,0.4588,257.87
9,5,85,0,-5.18,-6.64,1.46,-0.060941,0.406491,-0.14992,22,63,0.2588,59,26,0.6941,141.14
39,33,85,0,-5.19,-6.64,1.45,-0.061059,0.672308,-0.09082,27,58,0.3176,22,63,0.2588,338.22
4,63,85,0,-5.19,-6.64,1.45,-0.061059,0.549751,-0.111066,43,42,0.5059,42,43,0.4941,224.55
4,64,85,0,-5.19,-6.64,1.45,-0.061059,0.549751,-0.111066,43,42,0.5059,42,43,0.4941,224.55
28,39,85,0,-5.2,-6.64,1.44,-0.061176,0.704904,-0.086787,30,55,0.3529,25,60,0.2941,333.34
37,34,85,0,-5.2,-6.64,1.44,-0.061176,0.666584,-0.091776,28,57,0.3294,23,62,0.2706,336.79
22,54,85,0,-5.21,-6.64,1.43,-0.061294,0.771421,-0.079456,33,52,0.3882,30,55,0.3529,327.79
2,10,85,0,-5.21,-6.64,1.43,-0.061294,0.374613,-0.16362,30,52,0.3529,51,34,0.6,158.02
35,34,85,0,-5.22,-6.64,1.42,-0.061412,0.666323,-0.092165,28,57,0.3294,23,62,0.2706,336.79
36,34,85,0,-5.22,-6.64,1.42,-0.061412,0.666323,-0.092165,28,57,0.3294,23,62,0.2706,336.79
10,6,85,0,-5.22,-6.64,1.42,-0.061412,0.411924,-0.149085,23,62,0.2706,55,30,0.6471,157.71
25,54,85,0,-5.23,-6.64,1.41,-0.061529,0.776131,-0.079277,32,53,0.3765,23,62,0.2706,354.14
39,51,85,0,-5.23,-6.64,1.41,-0.061529,0.761211,-0.080831,30,55,0.3529,18,67,0.2118,365.68
27,39,85,0,-5.23,-6.64,1.41,-0.061529,0.704485,-0.08734,30,55,0.3529,25,60,0.2941,332.27
40,25,85,0,-5.23,-6.64,1.41,-0.061529,0.629551,-0.097735,25,60,0.2941,24,61,0.2824,325.02
4,66,85,0,-5.23,-6.64,1.41,-0.061529,0.551428,-0.111582,43,42,0.5059,40,45,0.4706,228.11
4,67,85,0,-5.23,-6.64,1.41,-0.061529,0.551428,-0.111582,43,42,0.5059,40,45,0.4706,228.11
4,68,85,0,-5.23,-6.64,1.41,-0.061529,0.551428,-0.111582,43,42,0.5059,40,45,0.4706,228.11
4,69,85,0,-5.23,-6.64,1.41,-0.061529,0.551428,-0.111582,43,42,0.5059,40,45,0.4706,228.11
4,70,85,0,-5.23,-6.64,1.41,-0.061529,0.551428,-0.111582,43,42,0.5059,40,45,0.4706,228.11
4,71,85,0,-5.23,-6.64,1.41,-0.061529,0.551428,-0.111582,43,42,0.5059,40,45,0.4706,228.11
3,16,85,0,-5.24,-6.64,1.4,-0.061647,0.393591,-0.156627,36,49,0.4235,44,41,0.5176,192.08
4,65,85,0,-5.25,-6.64,1.39,-0.061765,0.552271,-0.111838,43,42,0.5059,42,43,0.4941,226.2
3,63,85,0,-5.25,-6.64,1.39,-0.061765,0.548327,-0.112642,42,42,0.4941,43,42,0.5059,221.66
3,64,85,0,-5.25,-6.64,1.39,-0.061765,0.548327,-0.112642,42,42,0.4941,43,42,0.5059,221.66
2,18,85,0,-5.25,-6.64,1.39,-0.061765,0.396191,-0.155896,32,50,0.3765,45,40,0.5294,185.02
39,52,85,0,-5.26,-6.64,1.38,-0.061882,0.761948,-0.081216,30,55,0.3529,18,67,0.2118,365.68
4,72,85,0,-5.26,-6.64,1.38,-0.061882,0.552821,-0.111939,43,42,0.5059,40,45,0.4706,228.58
11,8,85,0,-5.26,-6.64,1.38,-0.061882,0.438703,-0.141057,23,62,0.2706,50,35,0.5882,176.16
4,16,85,0,-5.26,-6.64,1.38,-0.061882,0.39531,-0.156541,36,49,0.4235,43,42,0.5059,194.74
9,2,85,0,-5.26,-6.64,1.38,-0.061882,0.364569,-0.169741,19,66,0.2235,70,15,0.8235,99.96
37,37,85,0,-5.27,-6.64,1.37,-0.062,0.687358,-0.0902,29,56,0.3412,22,63,0.2588,340.48
39,24,85,0,-5.27,-6.64,1.37,-0.062,0.615734,-0.100693,25,60,0.2941,24,61,0.2824,324.86
5,35,85,0,-5.27,-6.64,1.37,-0.062,0.48528,-0.127761,39,46,0.4588,42,43,0.4941,214.55
1,3,85,0,-5.27,-6.64,1.37,-0.062,0.34971,-0.17729,23,58,0.2706,72,13,0.8471,87.36
24,53,85,0,-5.28,-6.64,1.36,-0.062118,0.772109,-0.080452,32,53,0.3765,24,61,0.2824,348.91
1,18,85,0,-5.28,-6.64,1.36,-0.062118,0.395098,-0.157221,30,51,0.3529,48,37,0.5647,175.02
35,37,85,0,-5.29,-6.64,1.35,-0.062235,0.687105,-0.090576,29,56,0.3412,22,63,0.2588,340.48
36,37,85,0,-5.29,-6.64,1.35,-0.062235,0.687105,-0.090576,29,56,0.3412,22,63,0.2588,340.48
3,66,85,0,-5.29,-6.64,1.35,-0.062235,0.550007,-0.113154,42,42,0.4941,41,44,0.4824,225.21
3,67,85,0,-5.29,-6.64,1.35,-0.062235,0.550007,-0.113154,42,42,0.4941,41,44,0.4824,225.21
3,68,85,0,-5.29,-6.64,1.35,-0.062235,0.550007,-0.113154,42,42,0.4941,41,44,0.4824,225.21
3,69,85,0,-5.29,-6.64,1.35,-0.062235,0.550007,-0.113154,42,42,0.4941,41,44,0.4824,225.21
3,70,85,0,-5.29,-6.64,1.35,-0.062235,0.550007,-0.113154,42,42,0.4941,41,44,0.4824,225.21
3,71,85,0,-5.29,-6.64,1.35,-0.062235,0.550007,-0.113154,42,42,0.4941,41,44,0.4824,225.21
5,36,85,0,-5.29,-6.64,1.35,-0.062235,0.485633,-0.128153,39,46,0.4588,42,43,0.4941,214.62
12,9,85,0,-5.29,-6.64,1.35,-0.062235,0.441999,-0.140804,23,62,0.2706,48,37,0.5647,184.11
2,4,85,0,-5.29,-6.64,1.35,-0.062235,0.364151,-0.170905,25,57,0.2941,66,19,0.7765,106.91
22,39,85,0,-5.3,-6.64,1.34,-0.062353,0.698082,-0.08932,31,54,0.3647,33,52,0.3882,306.18
4,20,85,0,-5.3,-6.64,1.34,-0.062353,0.414481,-0.150436,38,47,0.4471,43,42,0.5059,198.79
4,75,85,0,-5.31,-6.64,1.33,-0.062471,0.555177,-0.112524,43,42,0.5059,39,46,0.4588,229.0
4,76,85,0,-5.31,-6.64,1.33,-0.062471,0.555177,-0.112524,43,42,0.5059,39,46,0.4588,229.0
4,77,85,0,-5.31,-6.64,1.33,-0.062471,0.555177,-0.112524,43,42,0.5059,39,46,0.4588,229.0
4,78,85,0,-5.31,-6.64,1.33,-0.062471,0.555177,-0.112524,43,42,0.5059,39,46,0.4588,229.0
4,79,85,0,-5.31,-6.64,1.33,-0.062471,0.555177,-0.112524,43,42,0.5059,39,46,0.4588,229.0
4,80,85,0,-5.31,-6.64,1.33,-0.062471,0.555177,-0.112524,43,42,0.5059,39,46,0.4588,229.0
3,65,85,0,-5.31,-6.64,1.33,-0.062471,0.550852,-0.113407,42,42,0.4941,43,42,0.5059,223.3
26,39,85,0,-5.32,-6.64,1.32,-0.062588,0.703266,-0.088996,30,55,0.3529,25,60,0.2941,332.04
39,20,85,0,-5.32,-6.64,1.32,-0.062588,0.595103,-0.105172,24,61,0.2824,25,60,0.2941,312.75
4,73,85,0,-5.32,-6.64,1.32,-0.062588,0.555653,-0.112639,43,42,0.5059,40,45,0.4706,228.81
4,74,85,0,-5.32,-6.64,1.32,-0.062588,0.555653,-0.112639,43,42,0.5059,40,45,0.4706,228.81
3,72,85,0,-5.32,-6.64,1.32,-0.062588,0.551403,-0.113507,42,42,0.4941,41,44,0.4824,225.68
3,20,85,0,-5.34,-6.64,1.3,-0.062823,0.41263,-0.152251,38,47,0.4471,44,41,0.5176,195.97
37,38,85,0,-5.36,-6.64,1.28,-0.063059,0.689194,-0.091496,29,56,0.3412,22,63,0.2588,340.96
3,17,85,0,-5.36,-6.64,1.28,-0.063059,0.395267,-0.159535,36,49,0.4235,44,41,0.5176,192.3
3,75,85,0,-5.37,-6.64,1.27,-0.063176,0.553765,-0.114085,42,42,0.4941,40,45,0.4706,226.1
3,76,85,0,-5.37,-6.64,1.27,-0.063176,0.553765,-0.114085,42,42,0.4941,40,45,0.4706,226.1
3,77,85,0,-5.37,-6.64,1.27,-0.063176,0.553765,-0.114085,42,42,0.4941,40,45,0.4706,226.1
3,78,85,0,-5.37,-6.64,1.27,-0.063176,0.553765,-0.114085,42,42,0.4941,40,45,0.4706,226.1
3,79,85,0,-5.37,-6.64,1.27,-0.063176,0.553765,-0.114085,42,42,0.4941,40,45,0.4706,226.1
3,80,85,0,-5.37,-6.64,1.27,-0.063176,0.553765,-0.114085,42,42,0.4941,40,45,0.4706,226.1
24,54,85,0,-5.38,-6.64,1.26,-0.063294,0.774476,-0.081725,32,53,0.3765,24,61,0.2824,348.93
35,38,85,0,-5.38,-6.64,1.26,-0.063294,0.68894,-0.091872,29,56,0.3412,22,63,0.2588,340.96
36,38,85,0,-5.38,-6.64,1.26,-0.063294,0.68894,-0.091872,29,56,0.3412,22,63,0.2588,340.96
3,73,85,0,-5.38,-6.64,1.26,-0.063294,0.554242,-0.114199,42,42,0.4941,41,44,0.4824,225.92
3,74,85,0,-5.38,-6.64,1.26,-0.063294,0.554242,-0.114199,42,42,0.4941,41,44,0.4824,225.92
4,17,85,0,-5.38,-6.64,1.26,-0.063294,0.396978,-0.15944,36,49,0.4235,43,42,0.5059,194.96
25,39,85,0,-5.39,-6.64,1.25,-0.063412,0.702456,-0.090271,30,55,0.3529,27,58,0.3176,330.49
39,34,85,0,-5.41,-6.64,1.23,-0.063647,0.675425,-0.094232,27,58,0.3176,22,63,0.2588,339.15
13,39,85,0,-5.44,-6.64,1.2,-0.064,0.628652,-0.101805,34,51,0.4,39,46,0.4588,263.31
38,53,85,0,-5.45,-6.64,1.19,-0.064118,0.778245,-0.082387,31,54,0.3647,18,67,0.2118,365.35
37,25,85,0,-5.45,-6.64,1.19,-0.064118,0.611764,-0.104808,26,59,0.3059,25,60,0.2941,322.57
12,6,85,0,-5.45,-6.64,1.19,-0.064118,0.415088,-0.154467,22,63,0.2588,55,30,0.6471,162.28
30,35,85,0,-5.47,-6.64,1.17,-0.064353,0.69362,-0.092778,29,56,0.3412,24,61,0.2824,333.14
31,35,85,0,-5.47,-6.64,1.17,-0.064353,0.69362,-0.092778,29,56,0.3412,24,61,0.2824,333.14
32,35,85,0,-5.47,-6.64,1.17,-0.064353,0.69362,-0.092778,29,56,0.3412,24,61,0.2824,333.14
33,35,85,0,-5.47,-6.64,1.17,-0.064353,0.69362,-0.092778,29,56,0.3412,24,61,0.2824,333.14
34,35,85,0,-5.47,-6.64,1.17,-0.064353,0.69362,-0.092778,29,56,0.3412,24,61,0.2824,333.14
35,25,85,0,-5.47,-6.64,1.17,-0.064353,0.611478,-0.105241,26,59,0.3059,25,60,0.2941,322.57
36,25,85,0,-5.47,-6.64,1.17,-0.064353,0.611478,-0.105241,26,59,0.3059,25,60,0.2941,322.57
4,37,85,0,-5.47,-6.64,1.17,-0.064353,0.459393,-0.140083,41,44,0.4824,43,42,0.5059,210.36
39,37,85,0,-5.48,-6.64,1.16,-0.064471,0.695933,-0.092639,28,57,0.3294,21,64,0.2471,342.83
9,6,85,0,-5.48,-6.64,1.16,-0.064471,0.409653,-0.157378,23,62,0.2706,55,30,0.6471,157.23
30,36,85,0,-5.49,-6.64,1.15,-0.064588,0.693865,-0.093085,29,56,0.3412,24,61,0.2824,333.21
31,36,85,0,-5.49,-6.64,1.15,-0.064588,0.693865,-0.093085,29,56,0.3412,24,61,0.2824,333.21
32,36,85,0,-5.49,-6.64,1.15,-0.064588,0.693865,-0.093085,29,56,0.3412,24,61,0.2824,333.21
33,36,85,0,-5.49,-6.64,1.15,-0.064588,0.693865,-0.093085,29,56,0.3412,24,61,0.2824,333.21
34,36,85,0,-5.49,-6.64,1.15,-0.064588,0.693865,-0.093085,29,56,0.3412,24,61,0.2824,333.21
2,3,85,0,-5.5,-6.64,1.14,-0.064706,0.350529,-0.184595,23,59,0.2706,69,16,0.8118,96.04
40,53,85,0,-5.51,-6.64,1.13,-0.064823,0.788657,-0.082195,30,55,0.3529,17,68,0.2,367.55
29,35,85,0,-5.51,-6.64,1.13,-0.064823,0.693012,-0.093539,29,56,0.3412,25,60,0.2941,330.84
11,9,85,0,-5.51,-6.64,1.13,-0.064823,0.440126,-0.147284,23,62,0.2706,48,37,0.5647,183.18
23,53,85,0,-5.52,-6.64,1.12,-0.064941,0.769528,-0.084391,32,53,0.3765,28,57,0.3294,340.32
8,18,85,0,-5.52,-6.64,1.12,-0.064941,0.465018,-0.139653,32,53,0.3765,41,44,0.4824,213.6
10,7,85,0,-5.52,-6.64,1.12,-0.064941,0.413483,-0.157059,23,62,0.2706,51,34,0.6,168.41
1,5,85,0,-5.52,-6.64,1.12,-0.064941,0.3656,-0.177629,25,56,0.2941,65,20,0.7647,113.16
29,36,85,0,-5.53,-6.64,1.11,-0.065059,0.693258,-0.093845,29,56,0.3412,25,60,0.2941,330.91
11,39,85,0,-5.53,-6.64,1.11,-0.065059,0.610657,-0.106539,35,50,0.4118,39,46,0.4588,258.33
3,37,85,0,-5.53,-6.64,1.11,-0.065059,0.457682,-0.142148,40,44,0.4706,44,41,0.5176,207.46
24,39,85,0,-5.54,-6.64,1.1,-0.065176,0.700621,-0.093027,30,55,0.3529,28,57,0.3294,325.28
38,54,85,0,-5.55,-6.64,1.09,-0.065294,0.78059,-0.083647,31,54,0.3647,18,67,0.2118,365.37
4,23,85,0,-5.55,-6.64,1.09,-0.065294,0.432723,-0.150891,39,46,0.4588,43,42,0.5059,203.99
4,24,85,0,-5.55,-6.64,1.09,-0.065294,0.432723,-0.150891,39,46,0.4588,43,42,0.5059,203.99
4,25,85,0,-5.55,-6.64,1.09,-0.065294,0.432723,-0.150891,39,46,0.4588,43,42,0.5059,203.99
4,38,85,0,-5.56,-6.64,1.08,-0.065412,0.462129,-0.141544,41,44,0.4824,43,42,0.5059,210.84
39,38,85,0,-5.57,-6.64,1.07,-0.065529,0.697742,-0.093916,28,57,0.3294,21,64,0.2471,343.31
28,35,85,0,-5.58,-6.64,1.06,-0.065647,0.691979,-0.094869,29,56,0.3412,26,59,0.3059,329.25
3,4,85,0,-5.58,-6.64,1.06,-0.065647,0.367609,-0.178578,27,58,0.3176,66,19,0.7765,108.33
3,23,85,0,-5.59,-6.64,1.05,-0.065765,0.430947,-0.152605,39,46,0.4588,44,41,0.5176,201.17
3,24,85,0,-5.59,-6.64,1.05,-0.065765,0.430947,-0.152605,39,46,0.4588,44,41,0.5176,201.17
3,25,85,0,-5.59,-6.64,1.05,-0.065765,0.430947,-0.152605,39,46,0.4588,44,41,0.5176,201.17
3,10,85,0,-5.59,-6.64,1.05,-0.065765,0.378324,-0.173831,32,53,0.3765,51,34,0.6,160.17
28,36,85,0,-5.6,-6.64,1.04,-0.065882,0.692224,-0.095175,29,56,0.3412,26,59,0.3059,329.31
7,4,85,0,-5.6,-6.64,1.04,-0.065882,0.373023,-0.176617,24,61,0.2824,65,20,0.7647,113.33
40,54,85,0,-5.61,-6.64,1.03,-0.066,0.79097,-0.083442,30,55,0.3529,17,68,0.2,367.57
27,35,85,0,-5.61,-6.64,1.03,-0.066,0.69155,-0.095438,29,56,0.3412,26,59,0.3059,328.18
23,54,85,0,-5.62,-6.64,1.02,-0.066118,0.771898,-0.085656,32,53,0.3765,28,57,0.3294,340.35
12,35,85,0,-5.62,-6.64,1.02,-0.066118,0.606312,-0.109049,34,51,0.4,39,46,0.4588,257.99
4,39,85,0,-5.62,-6.64,1.02,-0.066118,0.463987,-0.142499,41,44,0.4824,43,42,0.5059,211.07
3,38,85,0,-5.62,-6.64,1.02,-0.066118,0.460427,-0.143601,40,44,0.4706,44,41,0.5176,207.94
27,36,85,0,-5.63,-6.64,1.01,-0.066235,0.691795,-0.095744,29,56,0.3412,26,59,0.3059,328.25
12,36,85,0,-5.64,-6.64,1.0,-0.066353,0.606592,-0.109386,34,51,0.4,39,46,0.4588,258.06
39,25,85,0,-5.66,-6.64,0.98,-0.066588,0.621374,-0.107163,25,60,0.2941,24,61,0.2824,324.93
11,6,85,0,-5.67,-6.64,0.97,-0.066706,0.413082,-0.161483,22,63,0.2588,55,30,0.6471,161.35
7,3,85,0,-5.67,-6.64,0.97,-0.066706,0.359793,-0.185401,23,62,0.2706,68,17,0.8,101.86
22,35,85,0,-5.68,-6.64,0.96,-0.066823,0.68502,-0.09755,30,55,0.3529,34,51,0.4,302.08
3,39,85,0,-5.68,-6.64,0.96,-0.066823,0.46229,-0.144549,40,44,0.4706,44,41,0.5176,208.18
26,35,85,0,-5.7,-6.64,0.94,-0.067059,0.690301,-0.097144,29,56,0.3412,26,59,0.3059,327.94
22,36,85,0,-5.7,-6.64,0.94,-0.067059,0.685268,-0.097858,30,55,0.3529,34,51,0.4,302.15
38,39,85,0,-5.71,-6.64,0.93,-0.067176,0.707369,-0.094967,29,56,0.3412,22,63,0.2588,341.72
26,36,85,0,-5.72,-6.64,0.92,-0.067294,0.690547,-0.09745,29,56,0.3412,26,59,0.3059,328.01
6,4,85,0,-5.72,-6.64,0.92,-0.067294,0.372349,-0.180729,24,61,0.2824,65,20,0.7647,113.32
4,4,85,0,-5.72,-6.64,0.92,-0.067294,0.367535,-0.183096,26,59,0.3059,66,19,0.7765,108.93
37,53,85,0,-5.73,-6.64,0.91,-0.067412,0.774522,-0.087037,31,54,0.3647,18,67,0.2118,365.1
4,10,85,0,-5.73,-6.64,0.91,-0.067412,0.379558,-0.177606,32,53,0.3765,50,35,0.5882,162.72
23,39,85,0,-5.74,-6.64,0.9,-0.067529,0.698253,-0.096712,30,55,0.3529,31,54,0.3647,318.5
35,53,85,0,-5.75,-6.64,0.89,-0.067647,0.774295,-0.087366,31,54,0.3647,18,67,0.2118,365.1
36,53,85,0,-5.75,-6.64,0.89,-0.067647,0.774295,-0.087366,31,54,0.3647,18,67,0.2118,365.1
4,29,85,0,-5.75,-6.64,0.89,-0.067647,0.451286,-0.149898,40,45,0.4706,43,42,0.5059,207.9
12,7,85,0,-5.75,-6.64,0.89,-0.067647,0.416612,-0.162374,22,63,0.2588,51,34,0.6,172.99
3,18,85,0,-5.76,-6.64,0.88,-0.067765,0.403554,-0.16792,36,49,0.4235,44,41,0.5176,193.0
40,39,85,0,-5.77,-6.64,0.87,-0.067882,0.718805,-0.094438,28,57,0.3294,21,64,0.2471,343.92
25,35,85,0,-5.77,-6.64,0.87,-0.067882,0.68947,-0.098456,29,56,0.3412,28,57,0.3294,326.4
4,30,85,0,-5.78,-6.64,0.86,-0.068,0.452019,-0.150436,40,45,0.4706,43,42,0.5059,208.37
9,7,85,0,-5.78,-6.64,0.86,-0.068,0.411194,-0.165372,23,62,0.2706,51,34,0.6,167.94
7,9,85,0,-5.78,-6.64,0.86,-0.068,0.407594,-0.166833,27,58,0.3176,50,35,0.5882,163.83
4,18,85,0,-5.78,-6.64,0.86,-0.068,0.405227,-0.167807,36,49,0.4235,43,42,0.5059,195.66
2,5,85,0,-5.78,-6.64,0.86,-0.068,0.366407,-0.185586,25,57,0.2941,62,23,0.7294,122.32
25,36,85,0,-5.79,-6.64,0.85,-0.068118,0.689716,-0.098762,29,56,0.3412,28,57,0.3294,326.46
6,3,85,0,-5.79,-6.64,0.85,-0.068118,0.359091,-0.189695,23,62,0.2706,68,17,0.8,101.86
3,3,85,0,-5.79,-6.64,0.85,-0.068118,0.354097,-0.19237,25,60,0.2941,69,16,0.8118,97.47
4,3,85,0,-5.79,-6.64,0.85,-0.068118,0.354097,-0.19237,25,60,0.2941,69,16,0.8118,97.47
3,29,85,0,-5.81,-6.64,0.83,-0.068353,0.449539,-0.152051,39,45,0.4588,44,41,0.5176,205.01
37,54,85,0,-5.83,-6.64,0.81,-0.068588,0.776873,-0.088288,31,54,0.3647,18,67,0.2118,365.13
3,30,85,0,-5.84,-6.64,0.8,-0.068706,0.450274,-0.152587,39,45,0.4588,44,41,0.5176,205.47
35,54,85,0,-5.85,-6.64,0.79,-0.068823,0.776646,-0.088616,31,54,0.3647,18,67,0.2118,365.13
36,54,85,0,-5.85,-6.64,0.79,-0.068823,0.776646,-0.088616,31,54,0.3647,18,67,0.2118,365.13
8,4,85,0,-5.88,-6.64,0.76,-0.069176,0.374201,-0.184864,22,63,0.2588,65,20,0.7647,116.91
4,31,85,0,-5.9,-6.64,0.74,-0.069412,0.455172,-0.152496,40,45,0.4706,43,42,0.5059,208.6
24,35,85,0,-5.92,-6.64,0.72,-0.069647,0.68759,-0.101292,29,56,0.3412,29,56,0.3412,321.19
8,3,85,0,-5.92,-6.64,0.72,-0.069647,0.360873,-0.192996,21,64,0.2471,68,17,0.8,105.45
6,9,85,0,-5.93,-6.64,0.71,-0.069765,0.406843,-0.171478,27,58,0.3176,50,35,0.5882,163.75
39,53,85,0,-5.94,-6.64,0.7,-0.069882,0.782124,-0.089349,30,55,0.3529,17,68,0.2,367.46
24,36,85,0,-5.94,-6.64,0.7,-0.069882,0.687836,-0.101597,29,56,0.3412,29,56,0.3412,321.26
4,32,85,0,-5.96,-6.64,0.68,-0.070118,0.456739,-0.153518,40,45,0.4706,43,42,0.5059,208.61
3,31,85,0,-5.96,-6.64,0.68,-0.070118,0.453438,-0.154636,39,45,0.4588,44,41,0.5176,205.71
11,7,85,0,-5.97,-6.64,0.67,-0.070235,0.414591,-0.169409,22,63,0.2588,51,34,0.6,172.05
13,35,85,0,-5.98,-6.64,0.66,-0.070353,0.621625,-0.113176,33,52,0.3882,39,46,0.4588,261.45
37,39,85,0,-5.99,-6.64,0.65,-0.070471,0.703256,-0.100206,29,56,0.3412,22,63,0.2588,341.48
13,36,85,0,-6.0,-6.64,0.64,-0.070588,0.621897,-0.113505,33,52,0.3882,39,46,0.4588,261.51
35,39,85,0,-6.01,-6.64,0.63,-0.070706,0.703005,-0.100577,29,56,0.3412,22,63,0.2588,341.47
36,39,85,0,-6.01,-6.64,0.63,-0.070706,0.703005,-0.100577,29,56,0.3412,22,63,0.2588,341.47
1,6,85,0,-6.01,-6.64,0.63,-0.070706,0.368083,-0.192092,25,56,0.2941,61,24,0.7176,126.92
4,33,85,0,-6.02,-6.64,0.62,-0.070823,0.457785,-0.154709,40,45,0.4706,43,42,0.5059,208.75
3,32,85,0,-6.02,-6.64,0.62,-0.070823,0.45501,-0.155653,39,45,0.4588,44,41,0.5176,205.71
5,4,85,0,-6.02,-6.64,0.62,-0.070823,0.368126,-0.192389,25,60,0.2941,65,20,0.7647,112.17
39,54,85,0,-6.04,-6.64,0.6,-0.071059,0.784449,-0.090584,30,55,0.3529,17,68,0.2,367.48
4,34,85,0,-6.05,-6.64,0.59,-0.071176,0.458599,-0.155204,40,45,0.4706,43,42,0.5059,209.46
11,35,85,0,-6.07,-6.64,0.57,-0.071412,0.603409,-0.118347,34,51,0.4,39,46,0.4588,256.46
3,5,85,0,-6.07,-6.64,0.57,-0.071412,0.369791,-0.193114,27,58,0.3176,62,23,0.7294,123.74
3,33,85,0,-6.08,-6.64,0.56,-0.071529,0.456058,-0.156843,39,45,0.4588,44,41,0.5176,205.86
38,35,85,0,-6.09,-6.64,0.55,-0.071647,0.69445,-0.103171,28,57,0.3294,23,62,0.2706,337.63
11,36,85,0,-6.09,-6.64,0.55,-0.071647,0.603689,-0.118682,34,51,0.4,39,46,0.4588,256.53
5,3,85,0,-6.09,-6.64,0.55,-0.071647,0.354702,-0.201992,24,61,0.2824,68,17,0.8,100.7
38,36,85,0,-6.11,-6.64,0.53,-0.071882,0.694693,-0.103473,28,57,0.3294,23,62,0.2706,337.69
3,34,85,0,-6.11,-6.64,0.53,-0.071882,0.456875,-0.157335,39,45,0.4588,44,41,0.5176,206.56
7,8,85,0,-6.11,-6.64,0.53,-0.071882,0.406186,-0.176969,26,59,0.3059,51,34,0.6,160.67
23,35,85,0,-6.12,-6.64,0.52,-0.072,0.68516,-0.105085,29,56,0.3412,32,53,0.3765,314.4
23,36,85,0,-6.14,-6.64,0.5,-0.072235,0.685406,-0.10539,29,56,0.3412,32,53,0.3765,314.47
40,35,85,0,-6.15,-6.64,0.49,-0.072353,0.706092,-0.10247,27,58,0.3176,22,63,0.2588,339.83
40,36,85,0,-6.17,-6.64,0.47,-0.072588,0.70633,-0.102768,27,58,0.3176,22,63,0.2588,339.89
39,39,85,0,-6.2,-6.64,0.44,-0.072941,0.711609,-0.102502,28,57,0.3294,21,64,0.2471,343.83
8,9,85,0,-6.22,-6.64,0.42,-0.073176,0.40973,-0.178597,25,60,0.2941,49,36,0.5765,170.25
7,5,85,0,-6.25,-6.64,0.39,-0.073529,0.375816,-0.195653,24,61,0.2824,60,25,0.7059,130.67
6,8,85,0,-6.26,-6.64,0.38,-0.073647,0.405415,-0.181658,26,59,0.3059,51,34,0.6,160.59
4,35,85,0,-6.29,-6.64,0.35,-0.074,0.465531,-0.158958,40,45,0.4706,43,42,0.5059,209.92
1,7,85,0,-6.3,-6.64,0.34,-0.074118,0.369734,-0.200462,25,56,0.2941,57,28,0.6706,137.39
4,36,85,0,-6.31,-6.64,0.33,-0.074235,0.465892,-0.15934,40,45,0.4706,43,42,0.5059,209.99
2,6,85,0,-6.31,-6.64,0.33,-0.074235,0.368935,-0.201215,25,57,0.2941,58,27,0.6824,136.31
3,35,85,0,-6.35,-6.64,0.29,-0.074706,0.463829,-0.161063,39,45,0.4588,44,41,0.5176,207.03
37,35,85,0,-6.37,-6.64,0.27,-0.074941,0.690239,-0.108573,28,57,0.3294,23,62,0.2706,337.38
3,36,85,0,-6.37,-6.64,0.27,-0.074941,0.464191,-0.161445,39,45,0.4588,44,41,0.5176,207.1
6,5,85,0,-6.37,-6.64,0.27,-0.074941,0.375118,-0.19978,24,61,0.2824,60,25,0.7059,130.67
4,5,85,0,-6.37,-6.64,0.27,-0.074941,0.37034,-0.202358,26,59,0.3059,61,24,0.7176,126.28
37,36,85,0,-6.39,-6.64,0.25,-0.075176,0.690482,-0.108875,28,57,0.3294,23,62,0.2706,337.45
35,35,85,0,-6.39,-6.64,0.25,-0.075176,0.689982,-0.108954,28,57,0.3294,23,62,0.2706,337.38
36,35,85,0,-6.39,-6.64,0.25,-0.075176,0.689982,-0.108954,28,57,0.3294,23,62,0.2706,337.38
35,36,85,0,-6.41,-6.64,0.23,-0.075412,0.690225,-0.109257,28,57,0.3294,23,62,0.2706,337.45
36,36,85,0,-6.41,-6.64,0.23,-0.075412,0.690225,-0.109257,28,57,0.3294,23,62,0.2706,337.45
1,2,85,0,-6.43,-6.64,0.21,-0.075647,0.32044,-0.236072,20,62,0.2353,73,12,0.8588,80.36
5,9,85,0,-6.45,-6.64,0.19,-0.075882,0.402801,-0.188387,27,58,0.3176,50,35,0.5882,161.25
7,2,85,0,-6.46,-6.64,0.18,-0.076,0.330736,-0.229791,21,64,0.2471,71,14,0.8353,89.74
1,9,85,0,-6.51,-6.64,0.13,-0.076588,0.374797,-0.204346,26,55,0.3059,55,30,0.6471,142.97
8,8,85,0,-6.56,-6.64,0.08,-0.077176,0.408285,-0.189026,24,61,0.2824,51,34,0.6,165.26
2,2,85,0,-6.57,-6.64,0.07,-0.077294,0.32136,-0.240522,21,62,0.2471,71,14,0.8353,86.89
39,35,85,0,-6.58,-6.64,0.06,-0.077412,0.698732,-0.110789,27,58,0.3176,22,63,0.2588,339.74
6,2,85,0,-6.58,-6.64,0.06,-0.077412,0.329932,-0.234629,21,64,0.2471,71,14,0.8353,89.73
39,36,85,0,-6.6,-6.64,0.04,-0.077647,0.698971,-0.111088,27,58,0.3176,22,63,0.2588,339.81
7,6,85,0,-6.6,-6.64,0.04,-0.077647,0.378744,-0.205012,25,60,0.2941,56,29,0.6588,146.34
2,9,85,0,-6.6,-6.64,0.04,-0.077647,0.37567,-0.20669,27,55,0.3176,52,33,0.6118,152.94
2,7,85,0,-6.6,-6.64,0.04,-0.077647,0.370549,-0.209546,25,57,0.2941,54,31,0.6353,146.78
8,5,85,0,-6.63,-6.64,0.01,-0.078,0.377447,-0.206651,22,63,0.2588,60,25,0.7059,134.5
22,1,85,0,-6.649,-6.64,-0.009,-0.078223,0.317688,-0.246227,7,78,0.0824,79,6,0.9294,92.74
3,6,85,0,-6.67,-6.64,-0.03,-0.078471,0.372455,-0.210685,27,58,0.3176,58,27,0.6824,138.0
5,5,85,0,-6.67,-6.64,-0.03,-0.078471,0.370853,-0.211595,25,60,0.2941,60,25,0.7059,129.51
18,1,85,0,-6.679,-6.64,-0.039,-0.078576,0.316941,-0.247921,7,78,0.0824,79,6,0.9294,91.91
19,1,85,0,-6.679,-6.64,-0.039,-0.078576,0.316941,-0.247921,7,78,0.0824,79,6,0.9294,91.91
20,1,85,0,-6.679,-6.64,-0.039,-0.078576,0.316941,-0.247921,7,78,0.0824,79,6,0.9294,91.91
21,1,85,0,-6.679,-6.64,-0.039,-0.078576,0.316941,-0.247921,7,78,0.0824,79,6,0.9294,91.91
17,1,85,0,-6.709,-6.64,-0.069,-0.078929,0.316497,-0.249384,7,78,0.0824,80,5,0.9412,90.11
8,2,85,0,-6.71,-6.64,-0.07,-0.078941,0.331828,-0.237898,19,66,0.2235,71,14,0.8353,93.32
6,6,85,0,-6.75,-6.64,-0.11,-0.079412,0.37789,-0.210145,25,60,0.2941,56,29,0.6588,146.27
5,8,85,0,-6.78,-6.64,-0.14,-0.079765,0.401298,-0.198766,26,59,0.3059,51,34,0.6,158.09
1,8,85,0,-6.84,-6.64,-0.2,-0.080471,0.373175,-0.215638,25,56,0.2941,56,29,0.6588,139.81
5,2,85,0,-6.88,-6.64,-0.24,-0.080941,0.325048,-0.249013,22,63,0.2588,71,14,0.8353,88.57
7,7,85,0,-6.89,-6.64,-0.25,-0.081059,0.380285,-0.213153,25,60,0.2941,52,33,0.6118,156.81
3,2,85,0,-6.9,-6.64,-0.26,-0.081176,0.324967,-0.249799,22,63,0.2588,71,14,0.8353,87.86
4,2,85,0,-6.9,-6.64,-0.26,-0.081176,0.324967,-0.249799,22,63,0.2588,71,14,0.8353,87.86
16,1,85,0,-6.919,-6.64,-0.279,-0.0814,0.312005,-0.260893,7,78,0.0824,80,5,0.9412,88.67
2,8,85,0,-6.93,-6.64,-0.29,-0.081529,0.37404,-0.21797,26,56,0.3059,53,32,0.6235,149.78
15,1,85,0,-6.959,-6.64,-0.319,-0.081871,0.311192,-0.263087,7,78,0.0824,81,4,0.9529,86.84
3,9,85,0,-6.96,-6.64,-0.32,-0.081882,0.379089,-0.215998,29,56,0.3412,52,33,0.6118,154.63
3,7,85,0,-6.96,-6.64,-0.32,-0.081882,0.374014,-0.218928,27,58,0.3176,54,31,0.6353,148.47
8,6,85,0,-6.97,-6.64,-0.33,-0.082,0.380425,-0.215548,23,62,0.2706,56,29,0.6588,150.45
4,6,85,0,-6.97,-6.64,-0.33,-0.082,0.372932,-0.219879,26,59,0.3059,57,28,0.6706,140.53
14,1,85,0,-6.989,-6.64,-0.349,-0.082223,0.310621,-0.264706,7,78,0.0824,81,4,0.9529,81.94
6,7,85,0,-7.04,-6.64,-0.4,-0.082823,0.379419,-0.21829,25,60,0.2941,52,33,0.6118,156.73
25,1,85,0,-7.079,-6.64,-0.439,-0.083282,0.318239,-0.261697,6,79,0.0706,76,9,0.8941,103.83
26,1,85,0,-7.079,-6.64,-0.439,-0.083282,0.318239,-0.261697,6,79,0.0706,76,9,0.8941,103.83
27,1,85,0,-7.079,-6.64,-0.439,-0.083282,0.318239,-0.261697,6,79,0.0706,76,9,0.8941,103.83
28,1,85,0,-7.079,-6.64,-0.439,-0.083282,0.318239,-0.261697,6,79,0.0706,76,9,0.8941,103.83
29,1,85,0,-7.079,-6.64,-0.439,-0.083282,0.318239,-0.261697,6,79,0.0706,76,9,0.8941,103.83
30,1,85,0,-7.079,-6.64,-0.439,-0.083282,0.318239,-0.261697,6,79,0.0706,76,9,0.8941,103.83
31,1,85,0,-7.079,-6.64,-0.439,-0.083282,0.318239,-0.261697,6,79,0.0706,76,9,0.8941,103.83
32,1,85,0,-7.079,-6.64,-0.439,-0.083282,0.318239,-0.261697,6,79,0.0706,76,9,0.8941,103.83
33,1,85,0,-7.079,-6.64,-0.439,-0.083282,0.318239,-0.261697,6,79,0.0706,76,9,0.8941,103.83
34,1,85,0,-7.079,-6.64,-0.439,-0.083282,0.318239,-0.261697,6,79,0.0706,76,9,0.8941,103.83
35,1,85,0,-7.079,-6.64,-0.439,-0.083282,0.318239,-0.261697,6,79,0.0706,76,9,0.8941,103.83
36,1,85,0,-7.079,-6.64,-0.439,-0.083282,0.318239,-0.261697,6,79,0.0706,76,9,0.8941,103.83
37,1,85,0,-7.079,-6.64,-0.439,-0.083282,0.318239,-0.261697,6,79,0.0706,76,9,0.8941,103.83
38,1,85,0,-7.079,-6.64,-0.439,-0.083282,0.318239,-0.261697,6,79,0.0706,76,9,0.8941,103.83
39,1,85,0,-7.079,-6.64,-0.439,-0.083282,0.318239,-0.261697,6,79,0.0706,76,9,0.8941,103.83
40,1,85,0,-7.079,-6.64,-0.439,-0.083282,0.318239,-0.261697,6,79,0.0706,76,9,0.8941,103.83
24,1,85,0,-7.119,-6.64,-0.479,-0.083753,0.317095,-0.264126,6,79,0.0706,77,8,0.9059,100.13
23,1,85,0,-7.189,-6.64,-0.549,-0.084576,0.315165,-0.268356,6,79,0.0706,78,7,0.9176,97.24
4,9,85,0,-7.26,-6.64,-0.62,-0.085412,0.379525,-0.225049,28,57,0.3294,51,34,0.6,157.16
4,7,85,0,-7.26,-6.64,-0.62,-0.085412,0.374457,-0.228095,26,59,0.3059,53,32,0.6235,151.0
8,7,85,0,-7.27,-6.64,-0.63,-0.085529,0.38192,-0.223946,23,62,0.2706,52,33,0.6118,161.16
5,6,85,0,-7.27,-6.64,-0.63,-0.085529,0.373374,-0.229071,25,60,0.2941,56,29,0.6588,143.77
3,8,85,0,-7.29,-6.64,-0.65,-0.085765,0.37743,-0.227233,28,57,0.3294,53,32,0.6235,151.47
5,7,85,0,-7.56,-6.64,-0.92,-0.088941,0.374865,-0.237262,25,60,0.2941,52,33,0.6118,154.24
4,8,85,0,-7.59,-6.64,-0.95,-0.089294,0.377831,-0.236333,27,58,0.3176,52,33,0.6118,154.0
12,1,85,0,-7.749,-6.64,-1.109,-0.091165,0.290943,-0.313342,7,78,0.0824,81,4,0.9529,80.01
13,1,85,0,-7.749,-6.64,-1.109,-0.091165,0.290943,-0.313342,7,78,0.0824,81,4,0.9529,80.01
11,1,85,0,-7.909,-6.64,-1.269,-0.093047,0.288554,-0.322459,7,78,0.0824,81,4,0.9529,79.31
10,1,85,0,-7.939,-6.64,-1.299,-0.0934,0.288235,-0.324041,7,78,0.0824,81,4,0.9529,78.85
9,1,85,0,-8.009,-6.64,-1.369,-0.094223,0.287166,-0.328115,7,78,0.0824,81,4,0.9529,78.38
7,1,85,0,-9.039,-6.64,-2.399,-0.106341,0.248839,-0.42735,8,77,0.0941,81,4,0.9529,77.27
6,1,85,0,-9.049,-6.64,-2.409,-0.106459,0.248766,-0.427947,8,77,0.0941,81,4,0.9529,77.27
8,1,85,0,-9.119,-6.64,-2.479,-0.107282,0.248391,-0.431909,7,78,0.0824,81,4,0.9529,77.52
1,1,85,0,-9.129,-6.64,-2.489,-0.1074,0.243203,-0.441606,8,76,0.0941,82,3,0.9647,72.39
3,1,85,0,-9.369,-6.64,-2.729,-0.110223,0.243373,-0.452899,8,77,0.0941,81,4,0.9529,77.05
4,1,85,0,-9.369,-6.64,-2.729,-0.110223,0.243373,-0.452899,8,77,0.0941,81,4,0.9529,77.05
5,1,85,0,-9.369,-6.64,-2.729,-0.110223,0.243373,-0.452899,8,77,0.0941,81,4,0.9529,77.05
2,1,85,0,-9.429,-6.64,-2.789,-0.110929,0.242902,-0.456684,8,77,0.0941,81,4,0.9529,77.04
