2026-05-07 14:08:13,328 | INFO | Starting WS bot. run_id=99e01c3f-0a04-4449-b1b4-e6daca2a4580 dry_run=False base_url=https://api.elections.kalshi.com/trade-api/v2 ws_url=wss://api.elections.kalshi.com/trade-api/ws/v2 series=KXBTC15M
2026-05-07 14:08:14,244 | INFO | Watching market KXBTC15M-26MAY071415-15 close_time=2026-05-07T18:15:00Z status=active strike=80099.95 run_id=99e01c3f-0a04-4449-b1b4-e6daca2a4580
2026-05-07 14:08:14,245 | INFO | Heartbeat | watch=KXBTC15M-26MAY071415-15 yes_bid=None yes_ask=None no_bid=None no_ask=None book_ready=False position=False pending=False dry_run=False trust=cold run_id=99e01c3f-0a04-4449-b1b4-e6daca2a4580
2026-05-07 14:08:14,376 | INFO | WS connected for KXBTC15M-26MAY071415-15
2026-05-07 14:08:14,391 | INFO | Mushroom v28 BTC tick stream connected | source=coinbase url=wss://ws-feed.exchange.coinbase.com
2026-05-07 14:08:14,405 | INFO | WS subscribed payload: {'type': 'subscribed', 'id': 1, 'msg': {'channel': 'ticker', 'sid': 1}}
2026-05-07 14:08:14,406 | INFO | WS subscribed payload: {'type': 'subscribed', 'id': 1, 'msg': {'channel': 'orderbook_delta', 'sid': 2}}
2026-05-07 14:08:14,406 | INFO | Orderbook snapshot ready for KXBTC15M-26MAY071415-15
2026-05-07 14:08:29,256 | INFO | Heartbeat | watch=KXBTC15M-26MAY071415-15 yes_bid=79 yes_ask=80 no_bid=20 no_ask=21 book_ready=True position=False pending=False dry_run=False trust=synced run_id=99e01c3f-0a04-4449-b1b4-e6daca2a4580
2026-05-07 14:08:44,306 | INFO | Heartbeat | watch=KXBTC15M-26MAY071415-15 yes_bid=83 yes_ask=84 no_bid=16 no_ask=17 book_ready=True position=False pending=False dry_run=False trust=synced run_id=99e01c3f-0a04-4449-b1b4-e6daca2a4580
2026-05-07 14:08:59,324 | INFO | Heartbeat | watch=KXBTC15M-26MAY071415-15 yes_bid=85 yes_ask=87 no_bid=13 no_ask=15 book_ready=True position=False pending=False dry_run=False trust=synced run_id=99e01c3f-0a04-4449-b1b4-e6daca2a4580
2026-05-07 14:09:14,344 | INFO | Heartbeat | watch=KXBTC15M-26MAY071415-15 yes_bid=77 yes_ask=79 no_bid=21 no_ask=23 book_ready=True position=False pending=False dry_run=False trust=synced run_id=99e01c3f-0a04-4449-b1b4-e6daca2a4580
2026-05-07 14:09:29,369 | INFO | Heartbeat | watch=KXBTC15M-26MAY071415-15 yes_bid=83 yes_ask=85 no_bid=15 no_ask=17 book_ready=True position=False pending=False dry_run=False trust=synced run_id=99e01c3f-0a04-4449-b1b4-e6daca2a4580
2026-05-07 14:09:44,367 | INFO | Heartbeat | watch=KXBTC15M-26MAY071415-15 yes_bid=73 yes_ask=74 no_bid=26 no_ask=27 book_ready=True position=False pending=False dry_run=False trust=synced run_id=99e01c3f-0a04-4449-b1b4-e6daca2a4580
2026-05-07 14:09:59,370 | INFO | Heartbeat | watch=KXBTC15M-26MAY071415-15 yes_bid=59 yes_ask=60 no_bid=40 no_ask=41 book_ready=True position=False pending=False dry_run=False trust=synced run_id=99e01c3f-0a04-4449-b1b4-e6daca2a4580
2026-05-07 14:10:14,433 | INFO | Heartbeat | watch=KXBTC15M-26MAY071415-15 yes_bid=48 yes_ask=49 no_bid=51 no_ask=52 book_ready=True position=False pending=False dry_run=False trust=synced run_id=99e01c3f-0a04-4449-b1b4-e6daca2a4580
2026-05-07 14:10:29,452 | INFO | Heartbeat | watch=KXBTC15M-26MAY071415-15 yes_bid=63 yes_ask=64 no_bid=36 no_ask=37 book_ready=True position=False pending=False dry_run=False trust=synced run_id=99e01c3f-0a04-4449-b1b4-e6daca2a4580
2026-05-07 14:10:44,458 | INFO | Heartbeat | watch=KXBTC15M-26MAY071415-15 yes_bid=62 yes_ask=63 no_bid=37 no_ask=38 book_ready=True position=False pending=False dry_run=False trust=synced run_id=99e01c3f-0a04-4449-b1b4-e6daca2a4580
2026-05-07 14:10:59,464 | INFO | Heartbeat | watch=KXBTC15M-26MAY071415-15 yes_bid=60 yes_ask=62 no_bid=38 no_ask=40 book_ready=True position=False pending=False dry_run=False trust=synced run_id=99e01c3f-0a04-4449-b1b4-e6daca2a4580
2026-05-07 14:11:14,458 | INFO | Heartbeat | watch=KXBTC15M-26MAY071415-15 yes_bid=58 yes_ask=59 no_bid=41 no_ask=42 book_ready=True position=False pending=False dry_run=False trust=synced run_id=99e01c3f-0a04-4449-b1b4-e6daca2a4580
2026-05-07 14:11:29,463 | INFO | Heartbeat | watch=KXBTC15M-26MAY071415-15 yes_bid=62 yes_ask=63 no_bid=37 no_ask=38 book_ready=True position=False pending=False dry_run=False trust=synced run_id=99e01c3f-0a04-4449-b1b4-e6daca2a4580
2026-05-07 14:11:44,492 | INFO | Heartbeat | watch=KXBTC15M-26MAY071415-15 yes_bid=55 yes_ask=56 no_bid=44 no_ask=45 book_ready=True position=False pending=False dry_run=False trust=synced run_id=99e01c3f-0a04-4449-b1b4-e6daca2a4580
2026-05-07 14:11:59,525 | INFO | Heartbeat | watch=KXBTC15M-26MAY071415-15 yes_bid=62 yes_ask=63 no_bid=37 no_ask=38 book_ready=True position=False pending=False dry_run=False trust=synced run_id=99e01c3f-0a04-4449-b1b4-e6daca2a4580
2026-05-07 14:12:14,554 | INFO | Heartbeat | watch=KXBTC15M-26MAY071415-15 yes_bid=51 yes_ask=52 no_bid=48 no_ask=49 book_ready=True position=False pending=False dry_run=False trust=synced run_id=99e01c3f-0a04-4449-b1b4-e6daca2a4580
2026-05-07 14:12:29,570 | INFO | Heartbeat | watch=KXBTC15M-26MAY071415-15 yes_bid=59 yes_ask=60 no_bid=40 no_ask=41 book_ready=True position=False pending=False dry_run=False trust=synced run_id=99e01c3f-0a04-4449-b1b4-e6daca2a4580
2026-05-07 14:12:44,585 | INFO | Heartbeat | watch=KXBTC15M-26MAY071415-15 yes_bid=79 yes_ask=81 no_bid=19 no_ask=21 book_ready=True position=False pending=False dry_run=False trust=synced run_id=99e01c3f-0a04-4449-b1b4-e6daca2a4580
2026-05-07 14:12:59,634 | INFO | Heartbeat | watch=KXBTC15M-26MAY071415-15 yes_bid=57 yes_ask=58 no_bid=42 no_ask=43 book_ready=True position=False pending=False dry_run=False trust=synced run_id=99e01c3f-0a04-4449-b1b4-e6daca2a4580
2026-05-07 14:13:14,631 | INFO | Heartbeat | watch=KXBTC15M-26MAY071415-15 yes_bid=64 yes_ask=65 no_bid=35 no_ask=36 book_ready=True position=False pending=False dry_run=False trust=synced run_id=99e01c3f-0a04-4449-b1b4-e6daca2a4580
2026-05-07 14:13:29,642 | INFO | Heartbeat | watch=KXBTC15M-26MAY071415-15 yes_bid=61 yes_ask=63 no_bid=37 no_ask=39 book_ready=True position=False pending=False dry_run=False trust=synced run_id=99e01c3f-0a04-4449-b1b4-e6daca2a4580
2026-05-07 14:13:44,649 | INFO | Heartbeat | watch=KXBTC15M-26MAY071415-15 yes_bid=77 yes_ask=78 no_bid=22 no_ask=23 book_ready=True position=False pending=False dry_run=False trust=synced run_id=99e01c3f-0a04-4449-b1b4-e6daca2a4580
2026-05-07 14:13:59,701 | INFO | Heartbeat | watch=KXBTC15M-26MAY071415-15 yes_bid=96 yes_ask=98 no_bid=2 no_ask=4 book_ready=True position=False pending=False dry_run=False trust=synced run_id=99e01c3f-0a04-4449-b1b4-e6daca2a4580
2026-05-07 14:14:14,724 | INFO | Heartbeat | watch=KXBTC15M-26MAY071415-15 yes_bid=99 yes_ask=100 no_bid=0 no_ask=1 book_ready=True position=False pending=False dry_run=False trust=synced run_id=99e01c3f-0a04-4449-b1b4-e6daca2a4580
2026-05-07 14:14:29,771 | INFO | Heartbeat | watch=KXBTC15M-26MAY071415-15 yes_bid=99 yes_ask=100 no_bid=0 no_ask=1 book_ready=True position=False pending=False dry_run=False trust=synced run_id=99e01c3f-0a04-4449-b1b4-e6daca2a4580
2026-05-07 14:14:44,810 | INFO | Heartbeat | watch=KXBTC15M-26MAY071415-15 yes_bid=100 yes_ask=100 no_bid=0 no_ask=0 book_ready=True position=False pending=False dry_run=False trust=synced run_id=99e01c3f-0a04-4449-b1b4-e6daca2a4580
2026-05-07 14:14:59,839 | INFO | Heartbeat | watch=KXBTC15M-26MAY071415-15 yes_bid=100 yes_ask=100 no_bid=0 no_ask=0 book_ready=True position=False pending=False dry_run=False trust=synced run_id=99e01c3f-0a04-4449-b1b4-e6daca2a4580
2026-05-07 14:15:06,858 | INFO | Orderbook snapshot ready for KXBTC15M-26MAY071415-15
2026-05-07 14:15:14,890 | INFO | Heartbeat | watch=KXBTC15M-26MAY071415-15 yes_bid=0 yes_ask=100 no_bid=0 no_ask=100 book_ready=True position=False pending=False dry_run=False trust=synced run_id=99e01c3f-0a04-4449-b1b4-e6daca2a4580
2026-05-07 14:15:15,192 | INFO | Watching market KXBTC15M-26MAY071430-30 close_time=2026-05-07T18:30:00Z status=active strike=80152.97 run_id=99e01c3f-0a04-4449-b1b4-e6daca2a4580
2026-05-07 14:15:15,376 | INFO | WS connected for KXBTC15M-26MAY071430-30
2026-05-07 14:15:15,406 | INFO | WS subscribed payload: {'type': 'subscribed', 'id': 2, 'msg': {'channel': 'ticker', 'sid': 1}}
2026-05-07 14:15:15,407 | INFO | WS subscribed payload: {'type': 'subscribed', 'id': 2, 'msg': {'channel': 'orderbook_delta', 'sid': 2}}
2026-05-07 14:15:15,408 | INFO | Orderbook snapshot ready for KXBTC15M-26MAY071430-30
2026-05-07 14:15:29,914 | INFO | Heartbeat | watch=KXBTC15M-26MAY071430-30 yes_bid=43 yes_ask=44 no_bid=56 no_ask=57 book_ready=True position=False pending=False dry_run=False trust=synced run_id=99e01c3f-0a04-4449-b1b4-e6daca2a4580
2026-05-07 14:15:44,960 | INFO | Heartbeat | watch=KXBTC15M-26MAY071430-30 yes_bid=48 yes_ask=49 no_bid=51 no_ask=52 book_ready=True position=False pending=False dry_run=False trust=synced run_id=99e01c3f-0a04-4449-b1b4-e6daca2a4580
2026-05-07 14:15:59,961 | INFO | Heartbeat | watch=KXBTC15M-26MAY071430-30 yes_bid=55 yes_ask=56 no_bid=44 no_ask=45 book_ready=True position=False pending=False dry_run=False trust=synced run_id=99e01c3f-0a04-4449-b1b4-e6daca2a4580
2026-05-07 14:16:15,001 | INFO | Heartbeat | watch=KXBTC15M-26MAY071430-30 yes_bid=58 yes_ask=60 no_bid=40 no_ask=42 book_ready=True position=False pending=False dry_run=False trust=synced run_id=99e01c3f-0a04-4449-b1b4-e6daca2a4580
2026-05-07 14:16:30,007 | INFO | Heartbeat | watch=KXBTC15M-26MAY071430-30 yes_bid=62 yes_ask=63 no_bid=37 no_ask=38 book_ready=True position=False pending=False dry_run=False trust=synced run_id=99e01c3f-0a04-4449-b1b4-e6daca2a4580
2026-05-07 14:16:45,033 | INFO | Heartbeat | watch=KXBTC15M-26MAY071430-30 yes_bid=57 yes_ask=59 no_bid=41 no_ask=43 book_ready=True position=False pending=False dry_run=False trust=synced run_id=99e01c3f-0a04-4449-b1b4-e6daca2a4580
2026-05-07 14:17:00,024 | INFO | Heartbeat | watch=KXBTC15M-26MAY071430-30 yes_bid=55 yes_ask=56 no_bid=44 no_ask=45 book_ready=True position=False pending=False dry_run=False trust=synced run_id=99e01c3f-0a04-4449-b1b4-e6daca2a4580
2026-05-07 14:17:15,038 | INFO | Heartbeat | watch=KXBTC15M-26MAY071430-30 yes_bid=58 yes_ask=59 no_bid=41 no_ask=42 book_ready=True position=False pending=False dry_run=False trust=synced run_id=99e01c3f-0a04-4449-b1b4-e6daca2a4580
2026-05-07 14:17:30,073 | INFO | Heartbeat | watch=KXBTC15M-26MAY071430-30 yes_bid=57 yes_ask=58 no_bid=42 no_ask=43 book_ready=True position=False pending=False dry_run=False trust=synced run_id=99e01c3f-0a04-4449-b1b4-e6daca2a4580
2026-05-07 14:17:45,106 | INFO | Heartbeat | watch=KXBTC15M-26MAY071430-30 yes_bid=62 yes_ask=63 no_bid=37 no_ask=38 book_ready=True position=False pending=False dry_run=False trust=synced run_id=99e01c3f-0a04-4449-b1b4-e6daca2a4580
2026-05-07 14:18:00,139 | INFO | Heartbeat | watch=KXBTC15M-26MAY071430-30 yes_bid=62 yes_ask=63 no_bid=37 no_ask=38 book_ready=True position=False pending=False dry_run=False trust=synced run_id=99e01c3f-0a04-4449-b1b4-e6daca2a4580
2026-05-07 14:18:15,137 | INFO | Heartbeat | watch=KXBTC15M-26MAY071430-30 yes_bid=56 yes_ask=57 no_bid=43 no_ask=44 book_ready=True position=False pending=False dry_run=False trust=synced run_id=99e01c3f-0a04-4449-b1b4-e6daca2a4580
2026-05-07 14:18:30,185 | INFO | Heartbeat | watch=KXBTC15M-26MAY071430-30 yes_bid=63 yes_ask=65 no_bid=35 no_ask=37 book_ready=True position=False pending=False dry_run=False trust=synced run_id=99e01c3f-0a04-4449-b1b4-e6daca2a4580
2026-05-07 14:18:45,206 | INFO | Heartbeat | watch=KXBTC15M-26MAY071430-30 yes_bid=66 yes_ask=67 no_bid=33 no_ask=34 book_ready=True position=False pending=False dry_run=False trust=synced run_id=99e01c3f-0a04-4449-b1b4-e6daca2a4580
2026-05-07 14:19:00,243 | INFO | Heartbeat | watch=KXBTC15M-26MAY071430-30 yes_bid=63 yes_ask=64 no_bid=36 no_ask=37 book_ready=True position=False pending=False dry_run=False trust=synced run_id=99e01c3f-0a04-4449-b1b4-e6daca2a4580
2026-05-07 14:19:15,253 | INFO | Heartbeat | watch=KXBTC15M-26MAY071430-30 yes_bid=65 yes_ask=66 no_bid=34 no_ask=35 book_ready=True position=False pending=False dry_run=False trust=synced run_id=99e01c3f-0a04-4449-b1b4-e6daca2a4580
2026-05-07 14:19:30,328 | INFO | Heartbeat | watch=KXBTC15M-26MAY071430-30 yes_bid=67 yes_ask=68 no_bid=32 no_ask=33 book_ready=True position=False pending=False dry_run=False trust=synced run_id=99e01c3f-0a04-4449-b1b4-e6daca2a4580
2026-05-07 14:19:45,326 | INFO | Heartbeat | watch=KXBTC15M-26MAY071430-30 yes_bid=58 yes_ask=59 no_bid=41 no_ask=42 book_ready=True position=False pending=False dry_run=False trust=synced run_id=99e01c3f-0a04-4449-b1b4-e6daca2a4580
2026-05-07 14:20:00,356 | INFO | Heartbeat | watch=KXBTC15M-26MAY071430-30 yes_bid=56 yes_ask=59 no_bid=41 no_ask=44 book_ready=True position=False pending=False dry_run=False trust=synced run_id=99e01c3f-0a04-4449-b1b4-e6daca2a4580
2026-05-07 14:20:15,364 | INFO | Heartbeat | watch=KXBTC15M-26MAY071430-30 yes_bid=67 yes_ask=68 no_bid=32 no_ask=33 book_ready=True position=False pending=False dry_run=False trust=synced run_id=99e01c3f-0a04-4449-b1b4-e6daca2a4580
2026-05-07 14:20:30,452 | INFO | Heartbeat | watch=KXBTC15M-26MAY071430-30 yes_bid=63 yes_ask=64 no_bid=36 no_ask=37 book_ready=True position=False pending=False dry_run=False trust=synced run_id=99e01c3f-0a04-4449-b1b4-e6daca2a4580
2026-05-07 14:20:45,491 | INFO | Heartbeat | watch=KXBTC15M-26MAY071430-30 yes_bid=59 yes_ask=60 no_bid=40 no_ask=41 book_ready=True position=False pending=False dry_run=False trust=synced run_id=99e01c3f-0a04-4449-b1b4-e6daca2a4580
2026-05-07 14:21:00,511 | INFO | Heartbeat | watch=KXBTC15M-26MAY071430-30 yes_bid=58 yes_ask=60 no_bid=40 no_ask=42 book_ready=True position=False pending=False dry_run=False trust=synced run_id=99e01c3f-0a04-4449-b1b4-e6daca2a4580
2026-05-07 14:21:15,546 | INFO | Heartbeat | watch=KXBTC15M-26MAY071430-30 yes_bid=55 yes_ask=56 no_bid=44 no_ask=45 book_ready=True position=False pending=False dry_run=False trust=synced run_id=99e01c3f-0a04-4449-b1b4-e6daca2a4580
2026-05-07 14:21:30,580 | INFO | Heartbeat | watch=KXBTC15M-26MAY071430-30 yes_bid=54 yes_ask=56 no_bid=44 no_ask=46 book_ready=True position=False pending=False dry_run=False trust=synced run_id=99e01c3f-0a04-4449-b1b4-e6daca2a4580
2026-05-07 14:21:45,592 | INFO | Heartbeat | watch=KXBTC15M-26MAY071430-30 yes_bid=60 yes_ask=61 no_bid=39 no_ask=40 book_ready=True position=False pending=False dry_run=False trust=synced run_id=99e01c3f-0a04-4449-b1b4-e6daca2a4580
2026-05-07 14:22:00,593 | INFO | Heartbeat | watch=KXBTC15M-26MAY071430-30 yes_bid=59 yes_ask=60 no_bid=40 no_ask=41 book_ready=True position=False pending=False dry_run=False trust=synced run_id=99e01c3f-0a04-4449-b1b4-e6daca2a4580
2026-05-07 14:22:15,599 | INFO | Heartbeat | watch=KXBTC15M-26MAY071430-30 yes_bid=69 yes_ask=70 no_bid=30 no_ask=31 book_ready=True position=False pending=False dry_run=False trust=synced run_id=99e01c3f-0a04-4449-b1b4-e6daca2a4580
2026-05-07 14:22:30,643 | INFO | Heartbeat | watch=KXBTC15M-26MAY071430-30 yes_bid=76 yes_ask=77 no_bid=23 no_ask=24 book_ready=True position=False pending=False dry_run=False trust=synced run_id=99e01c3f-0a04-4449-b1b4-e6daca2a4580
2026-05-07 14:22:45,639 | INFO | Heartbeat | watch=KXBTC15M-26MAY071430-30 yes_bid=71 yes_ask=73 no_bid=27 no_ask=29 book_ready=True position=False pending=False dry_run=False trust=synced run_id=99e01c3f-0a04-4449-b1b4-e6daca2a4580
2026-05-07 14:23:00,651 | INFO | Heartbeat | watch=KXBTC15M-26MAY071430-30 yes_bid=69 yes_ask=71 no_bid=29 no_ask=31 book_ready=True position=False pending=False dry_run=False trust=synced run_id=99e01c3f-0a04-4449-b1b4-e6daca2a4580
2026-05-07 14:23:15,658 | INFO | Heartbeat | watch=KXBTC15M-26MAY071430-30 yes_bid=74 yes_ask=75 no_bid=25 no_ask=26 book_ready=True position=False pending=False dry_run=False trust=synced run_id=99e01c3f-0a04-4449-b1b4-e6daca2a4580
2026-05-07 14:23:30,686 | INFO | Heartbeat | watch=KXBTC15M-26MAY071430-30 yes_bid=68 yes_ask=70 no_bid=30 no_ask=32 book_ready=True position=False pending=False dry_run=False trust=synced run_id=99e01c3f-0a04-4449-b1b4-e6daca2a4580
2026-05-07 14:23:45,713 | INFO | Heartbeat | watch=KXBTC15M-26MAY071430-30 yes_bid=75 yes_ask=77 no_bid=23 no_ask=25 book_ready=True position=False pending=False dry_run=False trust=synced run_id=99e01c3f-0a04-4449-b1b4-e6daca2a4580
2026-05-07 14:24:00,720 | INFO | Heartbeat | watch=KXBTC15M-26MAY071430-30 yes_bid=75 yes_ask=76 no_bid=24 no_ask=25 book_ready=True position=False pending=False dry_run=False trust=synced run_id=99e01c3f-0a04-4449-b1b4-e6daca2a4580
2026-05-07 14:24:15,732 | INFO | Heartbeat | watch=KXBTC15M-26MAY071430-30 yes_bid=73 yes_ask=74 no_bid=26 no_ask=27 book_ready=True position=False pending=False dry_run=False trust=synced run_id=99e01c3f-0a04-4449-b1b4-e6daca2a4580
2026-05-07 14:24:30,741 | INFO | Heartbeat | watch=KXBTC15M-26MAY071430-30 yes_bid=79 yes_ask=80 no_bid=20 no_ask=21 book_ready=True position=False pending=False dry_run=False trust=synced run_id=99e01c3f-0a04-4449-b1b4-e6daca2a4580
2026-05-07 14:24:45,783 | INFO | Heartbeat | watch=KXBTC15M-26MAY071430-30 yes_bid=84 yes_ask=85 no_bid=15 no_ask=16 book_ready=True position=False pending=False dry_run=False trust=synced run_id=99e01c3f-0a04-4449-b1b4-e6daca2a4580
2026-05-07 14:25:00,795 | INFO | Heartbeat | watch=KXBTC15M-26MAY071430-30 yes_bid=81 yes_ask=82 no_bid=18 no_ask=19 book_ready=True position=False pending=False dry_run=False trust=synced run_id=99e01c3f-0a04-4449-b1b4-e6daca2a4580
2026-05-07 14:25:15,866 | INFO | Heartbeat | watch=KXBTC15M-26MAY071430-30 yes_bid=81 yes_ask=82 no_bid=18 no_ask=19 book_ready=True position=False pending=False dry_run=False trust=synced run_id=99e01c3f-0a04-4449-b1b4-e6daca2a4580
2026-05-07 14:25:30,892 | INFO | Heartbeat | watch=KXBTC15M-26MAY071430-30 yes_bid=83 yes_ask=84 no_bid=16 no_ask=17 book_ready=True position=False pending=False dry_run=False trust=synced run_id=99e01c3f-0a04-4449-b1b4-e6daca2a4580
2026-05-07 14:25:45,901 | INFO | Heartbeat | watch=KXBTC15M-26MAY071430-30 yes_bid=80 yes_ask=82 no_bid=18 no_ask=20 book_ready=True position=False pending=False dry_run=False trust=synced run_id=99e01c3f-0a04-4449-b1b4-e6daca2a4580
2026-05-07 14:26:00,918 | INFO | Heartbeat | watch=KXBTC15M-26MAY071430-30 yes_bid=81 yes_ask=82 no_bid=18 no_ask=19 book_ready=True position=False pending=False dry_run=False trust=synced run_id=99e01c3f-0a04-4449-b1b4-e6daca2a4580
2026-05-07 14:26:15,924 | INFO | Heartbeat | watch=KXBTC15M-26MAY071430-30 yes_bid=75 yes_ask=76 no_bid=24 no_ask=25 book_ready=True position=False pending=False dry_run=False trust=synced run_id=99e01c3f-0a04-4449-b1b4-e6daca2a4580
2026-05-07 14:26:30,926 | INFO | Heartbeat | watch=KXBTC15M-26MAY071430-30 yes_bid=83 yes_ask=84 no_bid=16 no_ask=17 book_ready=True position=False pending=False dry_run=False trust=synced run_id=99e01c3f-0a04-4449-b1b4-e6daca2a4580
2026-05-07 14:26:45,954 | INFO | Heartbeat | watch=KXBTC15M-26MAY071430-30 yes_bid=86 yes_ask=87 no_bid=13 no_ask=14 book_ready=True position=False pending=False dry_run=False trust=synced run_id=99e01c3f-0a04-4449-b1b4-e6daca2a4580
2026-05-07 14:27:00,967 | INFO | Heartbeat | watch=KXBTC15M-26MAY071430-30 yes_bid=75 yes_ask=76 no_bid=24 no_ask=25 book_ready=True position=False pending=False dry_run=False trust=synced run_id=99e01c3f-0a04-4449-b1b4-e6daca2a4580
2026-05-07 14:27:16,003 | INFO | Heartbeat | watch=KXBTC15M-26MAY071430-30 yes_bid=71 yes_ask=72 no_bid=28 no_ask=29 book_ready=True position=False pending=False dry_run=False trust=synced run_id=99e01c3f-0a04-4449-b1b4-e6daca2a4580
2026-05-07 14:27:31,029 | INFO | Heartbeat | watch=KXBTC15M-26MAY071430-30 yes_bid=65 yes_ask=66 no_bid=34 no_ask=35 book_ready=True position=False pending=False dry_run=False trust=synced run_id=99e01c3f-0a04-4449-b1b4-e6daca2a4580
2026-05-07 14:27:46,070 | INFO | Heartbeat | watch=KXBTC15M-26MAY071430-30 yes_bid=49 yes_ask=50 no_bid=50 no_ask=51 book_ready=True position=False pending=False dry_run=False trust=synced run_id=99e01c3f-0a04-4449-b1b4-e6daca2a4580
2026-05-07 14:28:01,082 | INFO | Heartbeat | watch=KXBTC15M-26MAY071430-30 yes_bid=69 yes_ask=72 no_bid=28 no_ask=31 book_ready=True position=False pending=False dry_run=False trust=synced run_id=99e01c3f-0a04-4449-b1b4-e6daca2a4580
2026-05-07 14:28:16,075 | INFO | Heartbeat | watch=KXBTC15M-26MAY071430-30 yes_bid=93 yes_ask=93 no_bid=7 no_ask=7 book_ready=True position=False pending=False dry_run=False trust=synced run_id=99e01c3f-0a04-4449-b1b4-e6daca2a4580
2026-05-07 14:28:31,138 | INFO | Heartbeat | watch=KXBTC15M-26MAY071430-30 yes_bid=95 yes_ask=95 no_bid=5 no_ask=5 book_ready=True position=False pending=False dry_run=False trust=synced run_id=99e01c3f-0a04-4449-b1b4-e6daca2a4580
2026-05-07 14:28:46,159 | INFO | Heartbeat | watch=KXBTC15M-26MAY071430-30 yes_bid=96 yes_ask=97 no_bid=3 no_ask=4 book_ready=True position=False pending=False dry_run=False trust=synced run_id=99e01c3f-0a04-4449-b1b4-e6daca2a4580
2026-05-07 14:29:01,163 | INFO | Heartbeat | watch=KXBTC15M-26MAY071430-30 yes_bid=87 yes_ask=88 no_bid=12 no_ask=13 book_ready=True position=False pending=False dry_run=False trust=synced run_id=99e01c3f-0a04-4449-b1b4-e6daca2a4580
2026-05-07 14:29:16,177 | INFO | Heartbeat | watch=KXBTC15M-26MAY071430-30 yes_bid=97 yes_ask=97 no_bid=3 no_ask=3 book_ready=True position=False pending=False dry_run=False trust=synced run_id=99e01c3f-0a04-4449-b1b4-e6daca2a4580
2026-05-07 14:29:31,203 | INFO | Heartbeat | watch=KXBTC15M-26MAY071430-30 yes_bid=99 yes_ask=100 no_bid=0 no_ask=1 book_ready=True position=False pending=False dry_run=False trust=synced run_id=99e01c3f-0a04-4449-b1b4-e6daca2a4580
2026-05-07 14:29:46,233 | INFO | Heartbeat | watch=KXBTC15M-26MAY071430-30 yes_bid=97 yes_ask=97 no_bid=3 no_ask=3 book_ready=True position=False pending=False dry_run=False trust=synced run_id=99e01c3f-0a04-4449-b1b4-e6daca2a4580
2026-05-07 14:30:01,259 | INFO | Heartbeat | watch=KXBTC15M-26MAY071430-30 yes_bid=100 yes_ask=100 no_bid=0 no_ask=0 book_ready=True position=False pending=False dry_run=False trust=synced run_id=99e01c3f-0a04-4449-b1b4-e6daca2a4580
2026-05-07 14:30:06,372 | INFO | Orderbook snapshot ready for KXBTC15M-26MAY071430-30
2026-05-07 14:30:16,282 | INFO | Heartbeat | watch=KXBTC15M-26MAY071430-30 yes_bid=0 yes_ask=100 no_bid=0 no_ask=100 book_ready=True position=False pending=False dry_run=False trust=synced run_id=99e01c3f-0a04-4449-b1b4-e6daca2a4580
2026-05-07 14:30:30,509 | INFO | Watching market KXBTC15M-26MAY071445-45 close_time=2026-05-07T18:45:00Z status=active strike=80156.87 run_id=99e01c3f-0a04-4449-b1b4-e6daca2a4580
2026-05-07 14:30:30,675 | INFO | WS connected for KXBTC15M-26MAY071445-45
2026-05-07 14:30:30,706 | INFO | WS subscribed payload: {'type': 'subscribed', 'id': 3, 'msg': {'channel': 'ticker', 'sid': 1}}
2026-05-07 14:30:30,706 | INFO | WS subscribed payload: {'type': 'subscribed', 'id': 3, 'msg': {'channel': 'orderbook_delta', 'sid': 2}}
2026-05-07 14:30:30,706 | INFO | Orderbook snapshot ready for KXBTC15M-26MAY071445-45
2026-05-07 14:30:31,310 | INFO | Heartbeat | watch=KXBTC15M-26MAY071445-45 yes_bid=None yes_ask=None no_bid=None no_ask=None book_ready=True position=False pending=False dry_run=False trust=synced run_id=99e01c3f-0a04-4449-b1b4-e6daca2a4580
2026-05-07 14:30:46,318 | INFO | Heartbeat | watch=KXBTC15M-26MAY071445-45 yes_bid=60 yes_ask=61 no_bid=39 no_ask=40 book_ready=True position=False pending=False dry_run=False trust=synced run_id=99e01c3f-0a04-4449-b1b4-e6daca2a4580
2026-05-07 14:31:01,343 | INFO | Heartbeat | watch=KXBTC15M-26MAY071445-45 yes_bid=59 yes_ask=60 no_bid=40 no_ask=41 book_ready=True position=False pending=False dry_run=False trust=synced run_id=99e01c3f-0a04-4449-b1b4-e6daca2a4580
2026-05-07 14:31:16,358 | INFO | Heartbeat | watch=KXBTC15M-26MAY071445-45 yes_bid=61 yes_ask=62 no_bid=38 no_ask=39 book_ready=True position=False pending=False dry_run=False trust=synced run_id=99e01c3f-0a04-4449-b1b4-e6daca2a4580
2026-05-07 14:31:31,464 | INFO | Heartbeat | watch=KXBTC15M-26MAY071445-45 yes_bid=65 yes_ask=66 no_bid=34 no_ask=35 book_ready=True position=False pending=False dry_run=False trust=synced run_id=99e01c3f-0a04-4449-b1b4-e6daca2a4580
2026-05-07 14:31:46,517 | INFO | Heartbeat | watch=KXBTC15M-26MAY071445-45 yes_bid=64 yes_ask=65 no_bid=35 no_ask=36 book_ready=True position=False pending=False dry_run=False trust=synced run_id=99e01c3f-0a04-4449-b1b4-e6daca2a4580
2026-05-07 14:32:01,538 | INFO | Heartbeat | watch=KXBTC15M-26MAY071445-45 yes_bid=65 yes_ask=67 no_bid=33 no_ask=35 book_ready=True position=False pending=False dry_run=False trust=synced run_id=99e01c3f-0a04-4449-b1b4-e6daca2a4580
2026-05-07 14:32:16,528 | INFO | Heartbeat | watch=KXBTC15M-26MAY071445-45 yes_bid=56 yes_ask=57 no_bid=43 no_ask=44 book_ready=True position=False pending=False dry_run=False trust=synced run_id=99e01c3f-0a04-4449-b1b4-e6daca2a4580
2026-05-07 14:32:31,529 | INFO | Heartbeat | watch=KXBTC15M-26MAY071445-45 yes_bid=60 yes_ask=61 no_bid=39 no_ask=40 book_ready=True position=False pending=False dry_run=False trust=synced run_id=99e01c3f-0a04-4449-b1b4-e6daca2a4580
2026-05-07 14:32:46,535 | INFO | Heartbeat | watch=KXBTC15M-26MAY071445-45 yes_bid=71 yes_ask=72 no_bid=28 no_ask=29 book_ready=True position=False pending=False dry_run=False trust=synced run_id=99e01c3f-0a04-4449-b1b4-e6daca2a4580
2026-05-07 14:33:01,552 | INFO | Heartbeat | watch=KXBTC15M-26MAY071445-45 yes_bid=68 yes_ask=69 no_bid=31 no_ask=32 book_ready=True position=False pending=False dry_run=False trust=synced run_id=99e01c3f-0a04-4449-b1b4-e6daca2a4580
2026-05-07 14:33:16,586 | INFO | Heartbeat | watch=KXBTC15M-26MAY071445-45 yes_bid=71 yes_ask=72 no_bid=28 no_ask=29 book_ready=True position=False pending=False dry_run=False trust=synced run_id=99e01c3f-0a04-4449-b1b4-e6daca2a4580
2026-05-07 14:33:31,595 | INFO | Heartbeat | watch=KXBTC15M-26MAY071445-45 yes_bid=66 yes_ask=67 no_bid=33 no_ask=34 book_ready=True position=False pending=False dry_run=False trust=synced run_id=99e01c3f-0a04-4449-b1b4-e6daca2a4580
2026-05-07 14:33:46,604 | INFO | Heartbeat | watch=KXBTC15M-26MAY071445-45 yes_bid=67 yes_ask=69 no_bid=31 no_ask=33 book_ready=True position=False pending=False dry_run=False trust=synced run_id=99e01c3f-0a04-4449-b1b4-e6daca2a4580
2026-05-07 14:34:01,608 | INFO | Heartbeat | watch=KXBTC15M-26MAY071445-45 yes_bid=63 yes_ask=64 no_bid=36 no_ask=37 book_ready=True position=False pending=False dry_run=False trust=synced run_id=99e01c3f-0a04-4449-b1b4-e6daca2a4580
2026-05-07 14:34:16,607 | INFO | Heartbeat | watch=KXBTC15M-26MAY071445-45 yes_bid=58 yes_ask=59 no_bid=41 no_ask=42 book_ready=True position=False pending=False dry_run=False trust=synced run_id=99e01c3f-0a04-4449-b1b4-e6daca2a4580
2026-05-07 14:34:31,611 | INFO | Heartbeat | watch=KXBTC15M-26MAY071445-45 yes_bid=61 yes_ask=62 no_bid=38 no_ask=39 book_ready=True position=False pending=False dry_run=False trust=synced run_id=99e01c3f-0a04-4449-b1b4-e6daca2a4580
2026-05-07 14:34:46,637 | INFO | Heartbeat | watch=KXBTC15M-26MAY071445-45 yes_bid=64 yes_ask=65 no_bid=35 no_ask=36 book_ready=True position=False pending=False dry_run=False trust=synced run_id=99e01c3f-0a04-4449-b1b4-e6daca2a4580
2026-05-07 14:35:01,642 | INFO | Heartbeat | watch=KXBTC15M-26MAY071445-45 yes_bid=68 yes_ask=69 no_bid=31 no_ask=32 book_ready=True position=False pending=False dry_run=False trust=synced run_id=99e01c3f-0a04-4449-b1b4-e6daca2a4580
2026-05-07 14:35:16,667 | INFO | Heartbeat | watch=KXBTC15M-26MAY071445-45 yes_bid=69 yes_ask=70 no_bid=30 no_ask=31 book_ready=True position=False pending=False dry_run=False trust=synced run_id=99e01c3f-0a04-4449-b1b4-e6daca2a4580
2026-05-07 14:35:31,701 | INFO | Heartbeat | watch=KXBTC15M-26MAY071445-45 yes_bid=69 yes_ask=70 no_bid=30 no_ask=31 book_ready=True position=False pending=False dry_run=False trust=synced run_id=99e01c3f-0a04-4449-b1b4-e6daca2a4580
2026-05-07 14:35:46,735 | INFO | Heartbeat | watch=KXBTC15M-26MAY071445-45 yes_bid=78 yes_ask=79 no_bid=21 no_ask=22 book_ready=True position=False pending=False dry_run=False trust=synced run_id=99e01c3f-0a04-4449-b1b4-e6daca2a4580
2026-05-07 14:36:01,731 | INFO | Heartbeat | watch=KXBTC15M-26MAY071445-45 yes_bid=75 yes_ask=76 no_bid=24 no_ask=25 book_ready=True position=False pending=False dry_run=False trust=synced run_id=99e01c3f-0a04-4449-b1b4-e6daca2a4580
2026-05-07 14:36:16,732 | INFO | Heartbeat | watch=KXBTC15M-26MAY071445-45 yes_bid=79 yes_ask=80 no_bid=20 no_ask=21 book_ready=True position=False pending=False dry_run=False trust=synced run_id=99e01c3f-0a04-4449-b1b4-e6daca2a4580
2026-05-07 14:36:31,747 | INFO | Heartbeat | watch=KXBTC15M-26MAY071445-45 yes_bid=78 yes_ask=80 no_bid=20 no_ask=22 book_ready=True position=False pending=False dry_run=False trust=synced run_id=99e01c3f-0a04-4449-b1b4-e6daca2a4580
2026-05-07 14:36:46,758 | INFO | Heartbeat | watch=KXBTC15M-26MAY071445-45 yes_bid=82 yes_ask=83 no_bid=17 no_ask=18 book_ready=True position=False pending=False dry_run=False trust=synced run_id=99e01c3f-0a04-4449-b1b4-e6daca2a4580
2026-05-07 14:37:01,759 | INFO | Heartbeat | watch=KXBTC15M-26MAY071445-45 yes_bid=84 yes_ask=85 no_bid=15 no_ask=16 book_ready=True position=False pending=False dry_run=False trust=synced run_id=99e01c3f-0a04-4449-b1b4-e6daca2a4580
2026-05-07 14:37:16,760 | INFO | Heartbeat | watch=KXBTC15M-26MAY071445-45 yes_bid=88 yes_ask=89 no_bid=11 no_ask=12 book_ready=True position=False pending=False dry_run=False trust=synced run_id=99e01c3f-0a04-4449-b1b4-e6daca2a4580
2026-05-07 14:37:31,754 | INFO | Heartbeat | watch=KXBTC15M-26MAY071445-45 yes_bid=85 yes_ask=86 no_bid=14 no_ask=15 book_ready=True position=False pending=False dry_run=False trust=synced run_id=99e01c3f-0a04-4449-b1b4-e6daca2a4580
2026-05-07 14:37:46,833 | INFO | Heartbeat | watch=KXBTC15M-26MAY071445-45 yes_bid=68 yes_ask=69 no_bid=31 no_ask=32 book_ready=True position=False pending=False dry_run=False trust=synced run_id=99e01c3f-0a04-4449-b1b4-e6daca2a4580
2026-05-07 14:38:01,882 | INFO | Heartbeat | watch=KXBTC15M-26MAY071445-45 yes_bid=64 yes_ask=65 no_bid=35 no_ask=36 book_ready=True position=False pending=False dry_run=False trust=synced run_id=99e01c3f-0a04-4449-b1b4-e6daca2a4580
2026-05-07 14:38:02,102 | WARNING | Market refresh failed. Keeping current watch. Error: 429 Too Many Requests: {"error":{"code":"too_many_requests","message":"too many requests"}}
2026-05-07 14:38:03,138 | WARNING | Market refresh failed. Keeping current watch. Error: 429 Too Many Requests: {"error":{"code":"too_many_requests","message":"too many requests"}}
2026-05-07 14:38:04,164 | WARNING | Market refresh failed. Keeping current watch. Error: 429 Too Many Requests: {"error":{"code":"too_many_requests","message":"too many requests"}}
2026-05-07 14:38:05,203 | WARNING | Market refresh failed. Keeping current watch. Error: 429 Too Many Requests: {"error":{"code":"too_many_requests","message":"too many requests"}}
2026-05-07 14:38:06,225 | WARNING | Market refresh failed. Keeping current watch. Error: 429 Too Many Requests: {"error":{"code":"too_many_requests","message":"too many requests"}}
2026-05-07 14:38:07,221 | WARNING | Market refresh failed. Keeping current watch. Error: 429 Too Many Requests: {"error":{"code":"too_many_requests","message":"too many requests"}}
2026-05-07 14:38:08,221 | WARNING | Market refresh failed. Keeping current watch. Error: 429 Too Many Requests: {"error":{"code":"too_many_requests","message":"too many requests"}}
2026-05-07 14:38:09,243 | WARNING | Market refresh failed. Keeping current watch. Error: 429 Too Many Requests: {"error":{"code":"too_many_requests","message":"too many requests"}}
2026-05-07 14:38:10,269 | WARNING | Market refresh failed. Keeping current watch. Error: 429 Too Many Requests: {"error":{"code":"too_many_requests","message":"too many requests"}}
2026-05-07 14:38:11,264 | WARNING | Market refresh failed. Keeping current watch. Error: 429 Too Many Requests: {"error":{"code":"too_many_requests","message":"too many requests"}}
2026-05-07 14:38:12,282 | WARNING | Market refresh failed. Keeping current watch. Error: 429 Too Many Requests: {"error":{"code":"too_many_requests","message":"too many requests"}}
2026-05-07 14:38:13,309 | WARNING | Market refresh failed. Keeping current watch. Error: 429 Too Many Requests: {"error":{"code":"too_many_requests","message":"too many requests"}}
2026-05-07 14:38:14,317 | WARNING | Market refresh failed. Keeping current watch. Error: 429 Too Many Requests: {"error":{"code":"too_many_requests","message":"too many requests"}}
2026-05-07 14:38:15,335 | WARNING | Market refresh failed. Keeping current watch. Error: 429 Too Many Requests: {"error":{"code":"too_many_requests","message":"too many requests"}}
2026-05-07 14:38:16,876 | INFO | Heartbeat | watch=KXBTC15M-26MAY071445-45 yes_bid=55 yes_ask=56 no_bid=44 no_ask=45 book_ready=True position=False pending=False dry_run=False trust=synced run_id=99e01c3f-0a04-4449-b1b4-e6daca2a4580
2026-05-07 14:38:17,346 | WARNING | Market refresh failed. Keeping current watch. Error: 429 Too Many Requests: {"error":{"code":"too_many_requests","message":"too many requests"}}
2026-05-07 14:38:18,395 | WARNING | Market refresh failed. Keeping current watch. Error: 429 Too Many Requests: {"error":{"code":"too_many_requests","message":"too many requests"}}
2026-05-07 14:38:19,386 | WARNING | Market refresh failed. Keeping current watch. Error: 429 Too Many Requests: {"error":{"code":"too_many_requests","message":"too many requests"}}
2026-05-07 14:38:23,486 | WARNING | Market refresh failed. Keeping current watch. Error: 429 Too Many Requests: {"error":{"code":"too_many_requests","message":"too many requests"}}
2026-05-07 14:38:24,502 | WARNING | Market refresh failed. Keeping current watch. Error: 429 Too Many Requests: {"error":{"code":"too_many_requests","message":"too many requests"}}
2026-05-07 14:38:25,508 | WARNING | Market refresh failed. Keeping current watch. Error: 429 Too Many Requests: {"error":{"code":"too_many_requests","message":"too many requests"}}
2026-05-07 14:38:26,550 | WARNING | Market refresh failed. Keeping current watch. Error: 429 Too Many Requests: {"error":{"code":"too_many_requests","message":"too many requests"}}
2026-05-07 14:38:27,541 | WARNING | Market refresh failed. Keeping current watch. Error: 429 Too Many Requests: {"error":{"code":"too_many_requests","message":"too many requests"}}
2026-05-07 14:38:28,564 | WARNING | Market refresh failed. Keeping current watch. Error: 429 Too Many Requests: {"error":{"code":"too_many_requests","message":"too many requests"}}
2026-05-07 14:38:29,587 | WARNING | Market refresh failed. Keeping current watch. Error: 429 Too Many Requests: {"error":{"code":"too_many_requests","message":"too many requests"}}
2026-05-07 14:38:30,614 | WARNING | Market refresh failed. Keeping current watch. Error: 429 Too Many Requests: {"error":{"code":"too_many_requests","message":"too many requests"}}
2026-05-07 14:38:31,664 | WARNING | Market refresh failed. Keeping current watch. Error: 429 Too Many Requests: {"error":{"code":"too_many_requests","message":"too many requests"}}
2026-05-07 14:38:31,909 | INFO | Heartbeat | watch=KXBTC15M-26MAY071445-45 yes_bid=70 yes_ask=71 no_bid=29 no_ask=30 book_ready=True position=False pending=False dry_run=False trust=synced run_id=99e01c3f-0a04-4449-b1b4-e6daca2a4580
2026-05-07 14:38:32,644 | WARNING | Market refresh failed. Keeping current watch. Error: 429 Too Many Requests: {"error":{"code":"too_many_requests","message":"too many requests"}}
2026-05-07 14:38:33,652 | WARNING | Market refresh failed. Keeping current watch. Error: 429 Too Many Requests: {"error":{"code":"too_many_requests","message":"too many requests"}}
2026-05-07 14:38:34,646 | WARNING | Market refresh failed. Keeping current watch. Error: 429 Too Many Requests: {"error":{"code":"too_many_requests","message":"too many requests"}}
2026-05-07 14:38:35,665 | WARNING | Market refresh failed. Keeping current watch. Error: 429 Too Many Requests: {"error":{"code":"too_many_requests","message":"too many requests"}}
2026-05-07 14:38:36,717 | WARNING | Market refresh failed. Keeping current watch. Error: 429 Too Many Requests: {"error":{"code":"too_many_requests","message":"too many requests"}}
2026-05-07 14:38:37,743 | WARNING | Market refresh failed. Keeping current watch. Error: 429 Too Many Requests: {"error":{"code":"too_many_requests","message":"too many requests"}}
2026-05-07 14:38:39,772 | WARNING | Market refresh failed. Keeping current watch. Error: 429 Too Many Requests: {"error":{"code":"too_many_requests","message":"too many requests"}}
2026-05-07 14:38:40,770 | WARNING | Market refresh failed. Keeping current watch. Error: 429 Too Many Requests: {"error":{"code":"too_many_requests","message":"too many requests"}}
2026-05-07 14:38:41,837 | WARNING | Market refresh failed. Keeping current watch. Error: 429 Too Many Requests: {"error":{"code":"too_many_requests","message":"too many requests"}}
2026-05-07 14:38:42,844 | WARNING | Market refresh failed. Keeping current watch. Error: 429 Too Many Requests: {"error":{"code":"too_many_requests","message":"too many requests"}}
2026-05-07 14:38:43,882 | WARNING | Market refresh failed. Keeping current watch. Error: 429 Too Many Requests: {"error":{"code":"too_many_requests","message":"too many requests"}}
2026-05-07 14:38:44,875 | WARNING | Market refresh failed. Keeping current watch. Error: 429 Too Many Requests: {"error":{"code":"too_many_requests","message":"too many requests"}}
2026-05-07 14:38:45,861 | WARNING | Market refresh failed. Keeping current watch. Error: 429 Too Many Requests: {"error":{"code":"too_many_requests","message":"too many requests"}}
2026-05-07 14:38:46,862 | WARNING | Market refresh failed. Keeping current watch. Error: 429 Too Many Requests: {"error":{"code":"too_many_requests","message":"too many requests"}}
2026-05-07 14:38:46,915 | INFO | Heartbeat | watch=KXBTC15M-26MAY071445-45 yes_bid=78 yes_ask=80 no_bid=20 no_ask=22 book_ready=True position=False pending=False dry_run=False trust=synced run_id=99e01c3f-0a04-4449-b1b4-e6daca2a4580
2026-05-07 14:38:47,901 | WARNING | Market refresh failed. Keeping current watch. Error: 429 Too Many Requests: {"error":{"code":"too_many_requests","message":"too many requests"}}
2026-05-07 14:38:48,926 | WARNING | Market refresh failed. Keeping current watch. Error: 429 Too Many Requests: {"error":{"code":"too_many_requests","message":"too many requests"}}
2026-05-07 14:38:49,958 | WARNING | Market refresh failed. Keeping current watch. Error: 429 Too Many Requests: {"error":{"code":"too_many_requests","message":"too many requests"}}
2026-05-07 14:38:51,970 | WARNING | Market refresh failed. Keeping current watch. Error: 429 Too Many Requests: {"error":{"code":"too_many_requests","message":"too many requests"}}
2026-05-07 14:38:52,994 | WARNING | Market refresh failed. Keeping current watch. Error: 429 Too Many Requests: {"error":{"code":"too_many_requests","message":"too many requests"}}
2026-05-07 14:38:54,014 | WARNING | Market refresh failed. Keeping current watch. Error: 429 Too Many Requests: {"error":{"code":"too_many_requests","message":"too many requests"}}
2026-05-07 14:38:55,053 | WARNING | Market refresh failed. Keeping current watch. Error: 429 Too Many Requests: {"error":{"code":"too_many_requests","message":"too many requests"}}
2026-05-07 14:38:56,085 | WARNING | Market refresh failed. Keeping current watch. Error: 429 Too Many Requests: {"error":{"code":"too_many_requests","message":"too many requests"}}
2026-05-07 14:38:57,103 | WARNING | Market refresh failed. Keeping current watch. Error: 429 Too Many Requests: {"error":{"code":"too_many_requests","message":"too many requests"}}
2026-05-07 14:38:58,122 | WARNING | Market refresh failed. Keeping current watch. Error: 429 Too Many Requests: {"error":{"code":"too_many_requests","message":"too many requests"}}
2026-05-07 14:38:59,157 | WARNING | Market refresh failed. Keeping current watch. Error: 429 Too Many Requests: {"error":{"code":"too_many_requests","message":"too many requests"}}
2026-05-07 14:39:00,116 | WARNING | Market refresh failed. Keeping current watch. Error: 429 Too Many Requests: {"error":{"code":"too_many_requests","message":"too many requests"}}
2026-05-07 14:39:01,127 | WARNING | Market refresh failed. Keeping current watch. Error: 429 Too Many Requests: {"error":{"code":"too_many_requests","message":"too many requests"}}
2026-05-07 14:39:01,905 | INFO | Heartbeat | watch=KXBTC15M-26MAY071445-45 yes_bid=76 yes_ask=77 no_bid=23 no_ask=24 book_ready=True position=False pending=False dry_run=False trust=synced run_id=99e01c3f-0a04-4449-b1b4-e6daca2a4580
2026-05-07 14:39:02,142 | WARNING | Market refresh failed. Keeping current watch. Error: 429 Too Many Requests: {"error":{"code":"too_many_requests","message":"too many requests"}}
2026-05-07 14:39:03,184 | WARNING | Market refresh failed. Keeping current watch. Error: 429 Too Many Requests: {"error":{"code":"too_many_requests","message":"too many requests"}}
2026-05-07 14:39:04,201 | WARNING | Market refresh failed. Keeping current watch. Error: 429 Too Many Requests: {"error":{"code":"too_many_requests","message":"too many requests"}}
2026-05-07 14:39:05,230 | WARNING | Market refresh failed. Keeping current watch. Error: 429 Too Many Requests: {"error":{"code":"too_many_requests","message":"too many requests"}}
2026-05-07 14:39:06,238 | WARNING | Market refresh failed. Keeping current watch. Error: 429 Too Many Requests: {"error":{"code":"too_many_requests","message":"too many requests"}}
2026-05-07 14:39:07,230 | WARNING | Market refresh failed. Keeping current watch. Error: 429 Too Many Requests: {"error":{"code":"too_many_requests","message":"too many requests"}}
2026-05-07 14:39:08,247 | WARNING | Market refresh failed. Keeping current watch. Error: 429 Too Many Requests: {"error":{"code":"too_many_requests","message":"too many requests"}}
2026-05-07 14:39:09,291 | WARNING | Market refresh failed. Keeping current watch. Error: 429 Too Many Requests: {"error":{"code":"too_many_requests","message":"too many requests"}}
2026-05-07 14:39:10,290 | WARNING | Market refresh failed. Keeping current watch. Error: 429 Too Many Requests: {"error":{"code":"too_many_requests","message":"too many requests"}}
2026-05-07 14:39:11,299 | WARNING | Market refresh failed. Keeping current watch. Error: 429 Too Many Requests: {"error":{"code":"too_many_requests","message":"too many requests"}}
2026-05-07 14:39:12,294 | WARNING | Market refresh failed. Keeping current watch. Error: 429 Too Many Requests: {"error":{"code":"too_many_requests","message":"too many requests"}}
2026-05-07 14:39:13,299 | WARNING | Market refresh failed. Keeping current watch. Error: 429 Too Many Requests: {"error":{"code":"too_many_requests","message":"too many requests"}}
2026-05-07 14:39:14,313 | WARNING | Market refresh failed. Keeping current watch. Error: 429 Too Many Requests: {"error":{"code":"too_many_requests","message":"too many requests"}}
2026-05-07 14:39:15,286 | WARNING | Market refresh failed. Keeping current watch. Error: 429 Too Many Requests: {"error":{"code":"too_many_requests","message":"too many requests"}}
2026-05-07 14:39:16,307 | WARNING | Market refresh failed. Keeping current watch. Error: 429 Too Many Requests: {"error":{"code":"too_many_requests","message":"too many requests"}}
2026-05-07 14:39:16,909 | INFO | Heartbeat | watch=KXBTC15M-26MAY071445-45 yes_bid=85 yes_ask=86 no_bid=14 no_ask=15 book_ready=True position=False pending=False dry_run=False trust=synced run_id=99e01c3f-0a04-4449-b1b4-e6daca2a4580
2026-05-07 14:39:17,340 | WARNING | Market refresh failed. Keeping current watch. Error: 429 Too Many Requests: {"error":{"code":"too_many_requests","message":"too many requests"}}
2026-05-07 14:39:18,330 | WARNING | Market refresh failed. Keeping current watch. Error: 429 Too Many Requests: {"error":{"code":"too_many_requests","message":"too many requests"}}
2026-05-07 14:39:19,386 | WARNING | Market refresh failed. Keeping current watch. Error: 429 Too Many Requests: {"error":{"code":"too_many_requests","message":"too many requests"}}
2026-05-07 14:39:22,445 | WARNING | Market refresh failed. Keeping current watch. Error: 429 Too Many Requests: {"error":{"code":"too_many_requests","message":"too many requests"}}
2026-05-07 14:39:23,452 | WARNING | Market refresh failed. Keeping current watch. Error: 429 Too Many Requests: {"error":{"code":"too_many_requests","message":"too many requests"}}
2026-05-07 14:39:24,478 | WARNING | Market refresh failed. Keeping current watch. Error: 429 Too Many Requests: {"error":{"code":"too_many_requests","message":"too many requests"}}
2026-05-07 14:39:25,516 | WARNING | Market refresh failed. Keeping current watch. Error: 429 Too Many Requests: {"error":{"code":"too_many_requests","message":"too many requests"}}
2026-05-07 14:39:26,550 | WARNING | Market refresh failed. Keeping current watch. Error: 429 Too Many Requests: {"error":{"code":"too_many_requests","message":"too many requests"}}
2026-05-07 14:39:27,569 | WARNING | Market refresh failed. Keeping current watch. Error: 429 Too Many Requests: {"error":{"code":"too_many_requests","message":"too many requests"}}
2026-05-07 14:39:28,605 | WARNING | Market refresh failed. Keeping current watch. Error: 429 Too Many Requests: {"error":{"code":"too_many_requests","message":"too many requests"}}
2026-05-07 14:39:29,622 | WARNING | Market refresh failed. Keeping current watch. Error: 429 Too Many Requests: {"error":{"code":"too_many_requests","message":"too many requests"}}
2026-05-07 14:39:30,637 | WARNING | Market refresh failed. Keeping current watch. Error: 429 Too Many Requests: {"error":{"code":"too_many_requests","message":"too many requests"}}
2026-05-07 14:39:31,667 | WARNING | Market refresh failed. Keeping current watch. Error: 429 Too Many Requests: {"error":{"code":"too_many_requests","message":"too many requests"}}
2026-05-07 14:39:31,938 | INFO | Heartbeat | watch=KXBTC15M-26MAY071445-45 yes_bid=78 yes_ask=79 no_bid=21 no_ask=22 book_ready=True position=False pending=False dry_run=False trust=synced run_id=99e01c3f-0a04-4449-b1b4-e6daca2a4580
2026-05-07 14:39:34,740 | WARNING | Market refresh failed. Keeping current watch. Error: 429 Too Many Requests: {"error":{"code":"too_many_requests","message":"too many requests"}}
2026-05-07 14:39:35,747 | WARNING | Market refresh failed. Keeping current watch. Error: 429 Too Many Requests: {"error":{"code":"too_many_requests","message":"too many requests"}}
2026-05-07 14:39:36,773 | WARNING | Market refresh failed. Keeping current watch. Error: 429 Too Many Requests: {"error":{"code":"too_many_requests","message":"too many requests"}}
2026-05-07 14:39:37,803 | WARNING | Market refresh failed. Keeping current watch. Error: 429 Too Many Requests: {"error":{"code":"too_many_requests","message":"too many requests"}}
2026-05-07 14:39:38,841 | WARNING | Market refresh failed. Keeping current watch. Error: 429 Too Many Requests: {"error":{"code":"too_many_requests","message":"too many requests"}}
2026-05-07 14:39:39,855 | WARNING | Market refresh failed. Keeping current watch. Error: 429 Too Many Requests: {"error":{"code":"too_many_requests","message":"too many requests"}}
2026-05-07 14:39:40,864 | WARNING | Market refresh failed. Keeping current watch. Error: 429 Too Many Requests: {"error":{"code":"too_many_requests","message":"too many requests"}}
2026-05-07 14:39:41,897 | WARNING | Market refresh failed. Keeping current watch. Error: 429 Too Many Requests: {"error":{"code":"too_many_requests","message":"too many requests"}}
2026-05-07 14:39:42,906 | WARNING | Market refresh failed. Keeping current watch. Error: 429 Too Many Requests: {"error":{"code":"too_many_requests","message":"too many requests"}}
2026-05-07 14:39:43,929 | WARNING | Market refresh failed. Keeping current watch. Error: 429 Too Many Requests: {"error":{"code":"too_many_requests","message":"too many requests"}}
2026-05-07 14:39:44,949 | WARNING | Market refresh failed. Keeping current watch. Error: 429 Too Many Requests: {"error":{"code":"too_many_requests","message":"too many requests"}}
2026-05-07 14:39:45,980 | WARNING | Market refresh failed. Keeping current watch. Error: 429 Too Many Requests: {"error":{"code":"too_many_requests","message":"too many requests"}}
2026-05-07 14:39:46,996 | WARNING | Market refresh failed. Keeping current watch. Error: 429 Too Many Requests: {"error":{"code":"too_many_requests","message":"too many requests"}}
2026-05-07 14:39:46,996 | INFO | Heartbeat | watch=KXBTC15M-26MAY071445-45 yes_bid=92 yes_ask=92 no_bid=8 no_ask=8 book_ready=True position=False pending=False dry_run=False trust=synced run_id=99e01c3f-0a04-4449-b1b4-e6daca2a4580
2026-05-07 14:39:48,017 | WARNING | Market refresh failed. Keeping current watch. Error: 429 Too Many Requests: {"error":{"code":"too_many_requests","message":"too many requests"}}
2026-05-07 14:39:49,026 | WARNING | Market refresh failed. Keeping current watch. Error: 429 Too Many Requests: {"error":{"code":"too_many_requests","message":"too many requests"}}
2026-05-07 14:39:50,034 | WARNING | Market refresh failed. Keeping current watch. Error: 429 Too Many Requests: {"error":{"code":"too_many_requests","message":"too many requests"}}
2026-05-07 14:39:51,027 | WARNING | Market refresh failed. Keeping current watch. Error: 429 Too Many Requests: {"error":{"code":"too_many_requests","message":"too many requests"}}
2026-05-07 14:39:52,021 | WARNING | Market refresh failed. Keeping current watch. Error: 429 Too Many Requests: {"error":{"code":"too_many_requests","message":"too many requests"}}
2026-05-07 14:39:53,035 | WARNING | Market refresh failed. Keeping current watch. Error: 429 Too Many Requests: {"error":{"code":"too_many_requests","message":"too many requests"}}
2026-05-07 14:39:54,055 | WARNING | Market refresh failed. Keeping current watch. Error: 429 Too Many Requests: {"error":{"code":"too_many_requests","message":"too many requests"}}
2026-05-07 14:39:55,071 | WARNING | Market refresh failed. Keeping current watch. Error: 429 Too Many Requests: {"error":{"code":"too_many_requests","message":"too many requests"}}
2026-05-07 14:39:56,090 | WARNING | Market refresh failed. Keeping current watch. Error: 429 Too Many Requests: {"error":{"code":"too_many_requests","message":"too many requests"}}
2026-05-07 14:39:57,124 | WARNING | Market refresh failed. Keeping current watch. Error: 429 Too Many Requests: {"error":{"code":"too_many_requests","message":"too many requests"}}
2026-05-07 14:39:58,134 | WARNING | Market refresh failed. Keeping current watch. Error: 429 Too Many Requests: {"error":{"code":"too_many_requests","message":"too many requests"}}
2026-05-07 14:39:59,133 | WARNING | Market refresh failed. Keeping current watch. Error: 429 Too Many Requests: {"error":{"code":"too_many_requests","message":"too many requests"}}
2026-05-07 14:40:00,186 | WARNING | Market refresh failed. Keeping current watch. Error: 429 Too Many Requests: {"error":{"code":"too_many_requests","message":"too many requests"}}
2026-05-07 14:40:01,211 | WARNING | Market refresh failed. Keeping current watch. Error: 429 Too Many Requests: {"error":{"code":"too_many_requests","message":"too many requests"}}
2026-05-07 14:40:02,024 | INFO | Heartbeat | watch=KXBTC15M-26MAY071445-45 yes_bid=92 yes_ask=93 no_bid=7 no_ask=8 book_ready=True position=False pending=False dry_run=False trust=synced run_id=99e01c3f-0a04-4449-b1b4-e6daca2a4580
2026-05-07 14:40:02,208 | WARNING | Market refresh failed. Keeping current watch. Error: 429 Too Many Requests: {"error":{"code":"too_many_requests","message":"too many requests"}}
2026-05-07 14:40:03,235 | WARNING | Market refresh failed. Keeping current watch. Error: 429 Too Many Requests: {"error":{"code":"too_many_requests","message":"too many requests"}}
2026-05-07 14:40:06,296 | WARNING | Market refresh failed. Keeping current watch. Error: 429 Too Many Requests: {"error":{"code":"too_many_requests","message":"too many requests"}}
2026-05-07 14:40:07,311 | WARNING | Market refresh failed. Keeping current watch. Error: 429 Too Many Requests: {"error":{"code":"too_many_requests","message":"too many requests"}}
2026-05-07 14:40:08,346 | WARNING | Market refresh failed. Keeping current watch. Error: 429 Too Many Requests: {"error":{"code":"too_many_requests","message":"too many requests"}}
2026-05-07 14:40:09,369 | WARNING | Market refresh failed. Keeping current watch. Error: 429 Too Many Requests: {"error":{"code":"too_many_requests","message":"too many requests"}}
2026-05-07 14:40:10,365 | WARNING | Market refresh failed. Keeping current watch. Error: 429 Too Many Requests: {"error":{"code":"too_many_requests","message":"too many requests"}}
2026-05-07 14:40:11,358 | WARNING | Market refresh failed. Keeping current watch. Error: 429 Too Many Requests: {"error":{"code":"too_many_requests","message":"too many requests"}}
2026-05-07 14:40:12,384 | WARNING | Market refresh failed. Keeping current watch. Error: 429 Too Many Requests: {"error":{"code":"too_many_requests","message":"too many requests"}}
2026-05-07 14:40:13,436 | WARNING | Market refresh failed. Keeping current watch. Error: 429 Too Many Requests: {"error":{"code":"too_many_requests","message":"too many requests"}}
2026-05-07 14:40:14,427 | WARNING | Market refresh failed. Keeping current watch. Error: 429 Too Many Requests: {"error":{"code":"too_many_requests","message":"too many requests"}}
2026-05-07 14:40:15,438 | WARNING | Market refresh failed. Keeping current watch. Error: 429 Too Many Requests: {"error":{"code":"too_many_requests","message":"too many requests"}}
2026-05-07 14:40:16,439 | WARNING | Market refresh failed. Keeping current watch. Error: 429 Too Many Requests: {"error":{"code":"too_many_requests","message":"too many requests"}}
2026-05-07 14:40:17,016 | INFO | Heartbeat | watch=KXBTC15M-26MAY071445-45 yes_bid=91 yes_ask=92 no_bid=8 no_ask=9 book_ready=True position=False pending=False dry_run=False trust=synced run_id=99e01c3f-0a04-4449-b1b4-e6daca2a4580
2026-05-07 14:40:17,489 | WARNING | Market refresh failed. Keeping current watch. Error: 429 Too Many Requests: {"error":{"code":"too_many_requests","message":"too many requests"}}
2026-05-07 14:40:18,518 | WARNING | Market refresh failed. Keeping current watch. Error: 429 Too Many Requests: {"error":{"code":"too_many_requests","message":"too many requests"}}
2026-05-07 14:40:19,524 | WARNING | Market refresh failed. Keeping current watch. Error: 429 Too Many Requests: {"error":{"code":"too_many_requests","message":"too many requests"}}
2026-05-07 14:40:20,563 | WARNING | Market refresh failed. Keeping current watch. Error: 429 Too Many Requests: {"error":{"code":"too_many_requests","message":"too many requests"}}
2026-05-07 14:40:21,561 | WARNING | Market refresh failed. Keeping current watch. Error: 429 Too Many Requests: {"error":{"code":"too_many_requests","message":"too many requests"}}
2026-05-07 14:40:22,566 | WARNING | Market refresh failed. Keeping current watch. Error: 429 Too Many Requests: {"error":{"code":"too_many_requests","message":"too many requests"}}
2026-05-07 14:40:23,556 | WARNING | Market refresh failed. Keeping current watch. Error: 429 Too Many Requests: {"error":{"code":"too_many_requests","message":"too many requests"}}
2026-05-07 14:40:24,593 | WARNING | Market refresh failed. Keeping current watch. Error: 429 Too Many Requests: {"error":{"code":"too_many_requests","message":"too many requests"}}
2026-05-07 14:40:25,606 | WARNING | Market refresh failed. Keeping current watch. Error: 429 Too Many Requests: {"error":{"code":"too_many_requests","message":"too many requests"}}
2026-05-07 14:40:26,609 | WARNING | Market refresh failed. Keeping current watch. Error: 429 Too Many Requests: {"error":{"code":"too_many_requests","message":"too many requests"}}
2026-05-07 14:40:27,629 | WARNING | Market refresh failed. Keeping current watch. Error: 429 Too Many Requests: {"error":{"code":"too_many_requests","message":"too many requests"}}
2026-05-07 14:40:28,643 | WARNING | Market refresh failed. Keeping current watch. Error: 429 Too Many Requests: {"error":{"code":"too_many_requests","message":"too many requests"}}
2026-05-07 14:40:32,018 | INFO | Heartbeat | watch=KXBTC15M-26MAY071445-45 yes_bid=92 yes_ask=92 no_bid=8 no_ask=8 book_ready=True position=False pending=False dry_run=False trust=synced run_id=99e01c3f-0a04-4449-b1b4-e6daca2a4580
2026-05-07 14:40:34,784 | WARNING | Market refresh failed. Keeping current watch. Error: 429 Too Many Requests: {"error":{"code":"too_many_requests","message":"too many requests"}}
2026-05-07 14:40:35,831 | WARNING | Market refresh failed. Keeping current watch. Error: 429 Too Many Requests: {"error":{"code":"too_many_requests","message":"too many requests"}}
2026-05-07 14:40:36,842 | WARNING | Market refresh failed. Keeping current watch. Error: 429 Too Many Requests: {"error":{"code":"too_many_requests","message":"too many requests"}}
2026-05-07 14:40:37,855 | WARNING | Market refresh failed. Keeping current watch. Error: 429 Too Many Requests: {"error":{"code":"too_many_requests","message":"too many requests"}}
2026-05-07 14:40:38,872 | WARNING | Market refresh failed. Keeping current watch. Error: 429 Too Many Requests: {"error":{"code":"too_many_requests","message":"too many requests"}}
2026-05-07 14:40:39,912 | WARNING | Market refresh failed. Keeping current watch. Error: 429 Too Many Requests: {"error":{"code":"too_many_requests","message":"too many requests"}}
2026-05-07 14:40:40,922 | WARNING | Market refresh failed. Keeping current watch. Error: 429 Too Many Requests: {"error":{"code":"too_many_requests","message":"too many requests"}}
2026-05-07 14:40:41,942 | WARNING | Market refresh failed. Keeping current watch. Error: 429 Too Many Requests: {"error":{"code":"too_many_requests","message":"too many requests"}}
2026-05-07 14:40:42,974 | WARNING | Market refresh failed. Keeping current watch. Error: 429 Too Many Requests: {"error":{"code":"too_many_requests","message":"too many requests"}}
2026-05-07 14:40:47,068 | INFO | Heartbeat | watch=KXBTC15M-26MAY071445-45 yes_bid=86 yes_ask=87 no_bid=13 no_ask=14 book_ready=True position=False pending=False dry_run=False trust=synced run_id=99e01c3f-0a04-4449-b1b4-e6daca2a4580
2026-05-07 14:40:50,091 | WARNING | Market refresh failed. Keeping current watch. Error: 429 Too Many Requests: {"error":{"code":"too_many_requests","message":"too many requests"}}
2026-05-07 14:40:51,127 | WARNING | Market refresh failed. Keeping current watch. Error: 429 Too Many Requests: {"error":{"code":"too_many_requests","message":"too many requests"}}
2026-05-07 14:40:52,204 | WARNING | Market refresh failed. Keeping current watch. Error: 429 Too Many Requests: {"error":{"code":"too_many_requests","message":"too many requests"}}
2026-05-07 14:40:53,164 | WARNING | Market refresh failed. Keeping current watch. Error: 429 Too Many Requests: {"error":{"code":"too_many_requests","message":"too many requests"}}
2026-05-07 14:40:54,222 | WARNING | Market refresh failed. Keeping current watch. Error: 429 Too Many Requests: {"error":{"code":"too_many_requests","message":"too many requests"}}
2026-05-07 14:40:55,205 | WARNING | Market refresh failed. Keeping current watch. Error: 429 Too Many Requests: {"error":{"code":"too_many_requests","message":"too many requests"}}
2026-05-07 14:40:56,226 | WARNING | Market refresh failed. Keeping current watch. Error: 429 Too Many Requests: {"error":{"code":"too_many_requests","message":"too many requests"}}
2026-05-07 14:41:00,354 | WARNING | Market refresh failed. Keeping current watch. Error: 429 Too Many Requests: {"error":{"code":"too_many_requests","message":"too many requests"}}
2026-05-07 14:41:01,337 | WARNING | Market refresh failed. Keeping current watch. Error: 429 Too Many Requests: {"error":{"code":"too_many_requests","message":"too many requests"}}
2026-05-07 14:41:02,082 | INFO | Heartbeat | watch=KXBTC15M-26MAY071445-45 yes_bid=89 yes_ask=90 no_bid=10 no_ask=11 book_ready=True position=False pending=False dry_run=False trust=synced run_id=99e01c3f-0a04-4449-b1b4-e6daca2a4580
2026-05-07 14:41:02,352 | WARNING | Market refresh failed. Keeping current watch. Error: 429 Too Many Requests: {"error":{"code":"too_many_requests","message":"too many requests"}}
2026-05-07 14:41:03,355 | WARNING | Market refresh failed. Keeping current watch. Error: 429 Too Many Requests: {"error":{"code":"too_many_requests","message":"too many requests"}}
2026-05-07 14:41:04,377 | WARNING | Market refresh failed. Keeping current watch. Error: 429 Too Many Requests: {"error":{"code":"too_many_requests","message":"too many requests"}}
2026-05-07 14:41:05,410 | WARNING | Market refresh failed. Keeping current watch. Error: 429 Too Many Requests: {"error":{"code":"too_many_requests","message":"too many requests"}}
2026-05-07 14:41:06,458 | WARNING | Market refresh failed. Keeping current watch. Error: 429 Too Many Requests: {"error":{"code":"too_many_requests","message":"too many requests"}}
2026-05-07 14:41:07,481 | WARNING | Market refresh failed. Keeping current watch. Error: 429 Too Many Requests: {"error":{"code":"too_many_requests","message":"too many requests"}}
2026-05-07 14:41:08,464 | WARNING | Market refresh failed. Keeping current watch. Error: 429 Too Many Requests: {"error":{"code":"too_many_requests","message":"too many requests"}}
2026-05-07 14:41:09,506 | WARNING | Market refresh failed. Keeping current watch. Error: 429 Too Many Requests: {"error":{"code":"too_many_requests","message":"too many requests"}}
2026-05-07 14:41:10,512 | WARNING | Market refresh failed. Keeping current watch. Error: 429 Too Many Requests: {"error":{"code":"too_many_requests","message":"too many requests"}}
2026-05-07 14:41:13,544 | WARNING | Market refresh failed. Keeping current watch. Error: 429 Too Many Requests: {"error":{"code":"too_many_requests","message":"too many requests"}}
2026-05-07 14:41:14,569 | WARNING | Market refresh failed. Keeping current watch. Error: 429 Too Many Requests: {"error":{"code":"too_many_requests","message":"too many requests"}}
2026-05-07 14:41:15,616 | WARNING | Market refresh failed. Keeping current watch. Error: 429 Too Many Requests: {"error":{"code":"too_many_requests","message":"too many requests"}}
2026-05-07 14:41:16,627 | WARNING | Market refresh failed. Keeping current watch. Error: 429 Too Many Requests: {"error":{"code":"too_many_requests","message":"too many requests"}}
2026-05-07 14:41:17,105 | INFO | Heartbeat | watch=KXBTC15M-26MAY071445-45 yes_bid=93 yes_ask=93 no_bid=7 no_ask=7 book_ready=True position=False pending=False dry_run=False trust=synced run_id=99e01c3f-0a04-4449-b1b4-e6daca2a4580
2026-05-07 14:41:17,627 | WARNING | Market refresh failed. Keeping current watch. Error: 429 Too Many Requests: {"error":{"code":"too_many_requests","message":"too many requests"}}
2026-05-07 14:41:18,636 | WARNING | Market refresh failed. Keeping current watch. Error: 429 Too Many Requests: {"error":{"code":"too_many_requests","message":"too many requests"}}
2026-05-07 14:41:19,672 | WARNING | Market refresh failed. Keeping current watch. Error: 429 Too Many Requests: {"error":{"code":"too_many_requests","message":"too many requests"}}
2026-05-07 14:41:20,678 | WARNING | Market refresh failed. Keeping current watch. Error: 429 Too Many Requests: {"error":{"code":"too_many_requests","message":"too many requests"}}
2026-05-07 14:41:21,703 | WARNING | Market refresh failed. Keeping current watch. Error: 429 Too Many Requests: {"error":{"code":"too_many_requests","message":"too many requests"}}
2026-05-07 14:41:22,774 | WARNING | Market refresh failed. Keeping current watch. Error: 429 Too Many Requests: {"error":{"code":"too_many_requests","message":"too many requests"}}
2026-05-07 14:41:23,792 | WARNING | Market refresh failed. Keeping current watch. Error: 429 Too Many Requests: {"error":{"code":"too_many_requests","message":"too many requests"}}
2026-05-07 14:41:24,819 | WARNING | Market refresh failed. Keeping current watch. Error: 429 Too Many Requests: {"error":{"code":"too_many_requests","message":"too many requests"}}
2026-05-07 14:41:25,804 | WARNING | Market refresh failed. Keeping current watch. Error: 429 Too Many Requests: {"error":{"code":"too_many_requests","message":"too many requests"}}
2026-05-07 14:41:26,809 | WARNING | Market refresh failed. Keeping current watch. Error: 429 Too Many Requests: {"error":{"code":"too_many_requests","message":"too many requests"}}
2026-05-07 14:41:27,819 | WARNING | Market refresh failed. Keeping current watch. Error: 429 Too Many Requests: {"error":{"code":"too_many_requests","message":"too many requests"}}
2026-05-07 14:41:28,841 | WARNING | Market refresh failed. Keeping current watch. Error: 429 Too Many Requests: {"error":{"code":"too_many_requests","message":"too many requests"}}
2026-05-07 14:41:29,841 | WARNING | Market refresh failed. Keeping current watch. Error: 429 Too Many Requests: {"error":{"code":"too_many_requests","message":"too many requests"}}
2026-05-07 14:41:30,866 | WARNING | Market refresh failed. Keeping current watch. Error: 429 Too Many Requests: {"error":{"code":"too_many_requests","message":"too many requests"}}
2026-05-07 14:41:31,875 | WARNING | Market refresh failed. Keeping current watch. Error: 429 Too Many Requests: {"error":{"code":"too_many_requests","message":"too many requests"}}
2026-05-07 14:41:32,118 | INFO | Heartbeat | watch=KXBTC15M-26MAY071445-45 yes_bid=85 yes_ask=86 no_bid=14 no_ask=15 book_ready=True position=False pending=False dry_run=False trust=synced run_id=99e01c3f-0a04-4449-b1b4-e6daca2a4580
2026-05-07 14:41:32,916 | WARNING | Market refresh failed. Keeping current watch. Error: 429 Too Many Requests: {"error":{"code":"too_many_requests","message":"too many requests"}}
2026-05-07 14:41:33,957 | WARNING | Market refresh failed. Keeping current watch. Error: 429 Too Many Requests: {"error":{"code":"too_many_requests","message":"too many requests"}}
2026-05-07 14:41:35,009 | WARNING | Market refresh failed. Keeping current watch. Error: 429 Too Many Requests: {"error":{"code":"too_many_requests","message":"too many requests"}}
2026-05-07 14:41:36,014 | WARNING | Market refresh failed. Keeping current watch. Error: 429 Too Many Requests: {"error":{"code":"too_many_requests","message":"too many requests"}}
2026-05-07 14:41:37,011 | WARNING | Market refresh failed. Keeping current watch. Error: 429 Too Many Requests: {"error":{"code":"too_many_requests","message":"too many requests"}}
2026-05-07 14:41:38,057 | WARNING | Market refresh failed. Keeping current watch. Error: 429 Too Many Requests: {"error":{"code":"too_many_requests","message":"too many requests"}}
2026-05-07 14:41:39,072 | WARNING | Market refresh failed. Keeping current watch. Error: 429 Too Many Requests: {"error":{"code":"too_many_requests","message":"too many requests"}}
2026-05-07 14:41:40,084 | WARNING | Market refresh failed. Keeping current watch. Error: 429 Too Many Requests: {"error":{"code":"too_many_requests","message":"too many requests"}}
2026-05-07 14:41:41,085 | WARNING | Market refresh failed. Keeping current watch. Error: 429 Too Many Requests: {"error":{"code":"too_many_requests","message":"too many requests"}}
2026-05-07 14:41:42,079 | WARNING | Market refresh failed. Keeping current watch. Error: 429 Too Many Requests: {"error":{"code":"too_many_requests","message":"too many requests"}}
2026-05-07 14:41:43,107 | WARNING | Market refresh failed. Keeping current watch. Error: 429 Too Many Requests: {"error":{"code":"too_many_requests","message":"too many requests"}}
2026-05-07 14:41:44,128 | WARNING | Market refresh failed. Keeping current watch. Error: 429 Too Many Requests: {"error":{"code":"too_many_requests","message":"too many requests"}}
2026-05-07 14:41:45,146 | WARNING | Market refresh failed. Keeping current watch. Error: 429 Too Many Requests: {"error":{"code":"too_many_requests","message":"too many requests"}}
2026-05-07 14:41:46,145 | WARNING | Market refresh failed. Keeping current watch. Error: 429 Too Many Requests: {"error":{"code":"too_many_requests","message":"too many requests"}}
2026-05-07 14:41:47,221 | WARNING | Market refresh failed. Keeping current watch. Error: 429 Too Many Requests: {"error":{"code":"too_many_requests","message":"too many requests"}}
2026-05-07 14:41:47,221 | INFO | Heartbeat | watch=KXBTC15M-26MAY071445-45 yes_bid=84 yes_ask=86 no_bid=14 no_ask=16 book_ready=True position=False pending=False dry_run=False trust=synced run_id=99e01c3f-0a04-4449-b1b4-e6daca2a4580
2026-05-07 14:41:48,186 | WARNING | Market refresh failed. Keeping current watch. Error: 429 Too Many Requests: {"error":{"code":"too_many_requests","message":"too many requests"}}
2026-05-07 14:41:49,195 | WARNING | Market refresh failed. Keeping current watch. Error: 429 Too Many Requests: {"error":{"code":"too_many_requests","message":"too many requests"}}
2026-05-07 14:41:50,180 | WARNING | Market refresh failed. Keeping current watch. Error: 429 Too Many Requests: {"error":{"code":"too_many_requests","message":"too many requests"}}
2026-05-07 14:41:51,217 | WARNING | Market refresh failed. Keeping current watch. Error: 429 Too Many Requests: {"error":{"code":"too_many_requests","message":"too many requests"}}
2026-05-07 14:41:52,245 | WARNING | Market refresh failed. Keeping current watch. Error: 429 Too Many Requests: {"error":{"code":"too_many_requests","message":"too many requests"}}
2026-05-07 14:41:53,264 | WARNING | Market refresh failed. Keeping current watch. Error: 429 Too Many Requests: {"error":{"code":"too_many_requests","message":"too many requests"}}
2026-05-07 14:41:56,332 | WARNING | Market refresh failed. Keeping current watch. Error: 429 Too Many Requests: {"error":{"code":"too_many_requests","message":"too many requests"}}
2026-05-07 14:41:57,348 | WARNING | Market refresh failed. Keeping current watch. Error: 429 Too Many Requests: {"error":{"code":"too_many_requests","message":"too many requests"}}
2026-05-07 14:41:58,339 | WARNING | Market refresh failed. Keeping current watch. Error: 429 Too Many Requests: {"error":{"code":"too_many_requests","message":"too many requests"}}
2026-05-07 14:41:59,353 | WARNING | Market refresh failed. Keeping current watch. Error: 429 Too Many Requests: {"error":{"code":"too_many_requests","message":"too many requests"}}
2026-05-07 14:42:00,383 | WARNING | Market refresh failed. Keeping current watch. Error: 429 Too Many Requests: {"error":{"code":"too_many_requests","message":"too many requests"}}
2026-05-07 14:42:01,406 | WARNING | Market refresh failed. Keeping current watch. Error: 429 Too Many Requests: {"error":{"code":"too_many_requests","message":"too many requests"}}
2026-05-07 14:42:02,233 | INFO | Heartbeat | watch=KXBTC15M-26MAY071445-45 yes_bid=87 yes_ask=88 no_bid=12 no_ask=13 book_ready=True position=False pending=False dry_run=False trust=synced run_id=99e01c3f-0a04-4449-b1b4-e6daca2a4580
2026-05-07 14:42:02,447 | WARNING | Market refresh failed. Keeping current watch. Error: 429 Too Many Requests: {"error":{"code":"too_many_requests","message":"too many requests"}}
2026-05-07 14:42:03,467 | WARNING | Market refresh failed. Keeping current watch. Error: 429 Too Many Requests: {"error":{"code":"too_many_requests","message":"too many requests"}}
2026-05-07 14:42:04,470 | WARNING | Market refresh failed. Keeping current watch. Error: 429 Too Many Requests: {"error":{"code":"too_many_requests","message":"too many requests"}}
2026-05-07 14:42:05,497 | WARNING | Market refresh failed. Keeping current watch. Error: 429 Too Many Requests: {"error":{"code":"too_many_requests","message":"too many requests"}}
2026-05-07 14:42:06,506 | WARNING | Market refresh failed. Keeping current watch. Error: 429 Too Many Requests: {"error":{"code":"too_many_requests","message":"too many requests"}}
2026-05-07 14:42:07,532 | WARNING | Market refresh failed. Keeping current watch. Error: 429 Too Many Requests: {"error":{"code":"too_many_requests","message":"too many requests"}}
2026-05-07 14:42:08,601 | WARNING | Market refresh failed. Keeping current watch. Error: 429 Too Many Requests: {"error":{"code":"too_many_requests","message":"too many requests"}}
2026-05-07 14:42:09,583 | WARNING | Market refresh failed. Keeping current watch. Error: 429 Too Many Requests: {"error":{"code":"too_many_requests","message":"too many requests"}}
2026-05-07 14:42:12,631 | WARNING | Market refresh failed. Keeping current watch. Error: 429 Too Many Requests: {"error":{"code":"too_many_requests","message":"too many requests"}}
2026-05-07 14:42:13,668 | WARNING | Market refresh failed. Keeping current watch. Error: 429 Too Many Requests: {"error":{"code":"too_many_requests","message":"too many requests"}}
2026-05-07 14:42:14,715 | WARNING | Market refresh failed. Keeping current watch. Error: 429 Too Many Requests: {"error":{"code":"too_many_requests","message":"too many requests"}}
2026-05-07 14:42:16,745 | WARNING | Market refresh failed. Keeping current watch. Error: 429 Too Many Requests: {"error":{"code":"too_many_requests","message":"too many requests"}}
2026-05-07 14:42:17,222 | INFO | Heartbeat | watch=KXBTC15M-26MAY071445-45 yes_bid=80 yes_ask=82 no_bid=18 no_ask=20 book_ready=True position=False pending=False dry_run=False trust=synced run_id=99e01c3f-0a04-4449-b1b4-e6daca2a4580
2026-05-07 14:42:17,768 | WARNING | Market refresh failed. Keeping current watch. Error: 429 Too Many Requests: {"error":{"code":"too_many_requests","message":"too many requests"}}
2026-05-07 14:42:18,795 | WARNING | Market refresh failed. Keeping current watch. Error: 429 Too Many Requests: {"error":{"code":"too_many_requests","message":"too many requests"}}
2026-05-07 14:42:19,827 | WARNING | Market refresh failed. Keeping current watch. Error: 429 Too Many Requests: {"error":{"code":"too_many_requests","message":"too many requests"}}
2026-05-07 14:42:20,846 | WARNING | Market refresh failed. Keeping current watch. Error: 429 Too Many Requests: {"error":{"code":"too_many_requests","message":"too many requests"}}
2026-05-07 14:42:21,854 | WARNING | Market refresh failed. Keeping current watch. Error: 429 Too Many Requests: {"error":{"code":"too_many_requests","message":"too many requests"}}
2026-05-07 14:42:22,893 | WARNING | Market refresh failed. Keeping current watch. Error: 429 Too Many Requests: {"error":{"code":"too_many_requests","message":"too many requests"}}
2026-05-07 14:42:23,911 | WARNING | Market refresh failed. Keeping current watch. Error: 429 Too Many Requests: {"error":{"code":"too_many_requests","message":"too many requests"}}
2026-05-07 14:42:24,957 | WARNING | Market refresh failed. Keeping current watch. Error: 429 Too Many Requests: {"error":{"code":"too_many_requests","message":"too many requests"}}
2026-05-07 14:42:27,983 | WARNING | Market refresh failed. Keeping current watch. Error: 429 Too Many Requests: {"error":{"code":"too_many_requests","message":"too many requests"}}
2026-05-07 14:42:28,984 | WARNING | Market refresh failed. Keeping current watch. Error: 429 Too Many Requests: {"error":{"code":"too_many_requests","message":"too many requests"}}
2026-05-07 14:42:29,980 | WARNING | Market refresh failed. Keeping current watch. Error: 429 Too Many Requests: {"error":{"code":"too_many_requests","message":"too many requests"}}
2026-05-07 14:42:30,986 | WARNING | Market refresh failed. Keeping current watch. Error: 429 Too Many Requests: {"error":{"code":"too_many_requests","message":"too many requests"}}
2026-05-07 14:42:32,027 | WARNING | Market refresh failed. Keeping current watch. Error: 429 Too Many Requests: {"error":{"code":"too_many_requests","message":"too many requests"}}
2026-05-07 14:42:32,253 | INFO | Heartbeat | watch=KXBTC15M-26MAY071445-45 yes_bid=91 yes_ask=91 no_bid=9 no_ask=9 book_ready=True position=False pending=False dry_run=False trust=synced run_id=99e01c3f-0a04-4449-b1b4-e6daca2a4580
2026-05-07 14:42:33,067 | WARNING | Market refresh failed. Keeping current watch. Error: 429 Too Many Requests: {"error":{"code":"too_many_requests","message":"too many requests"}}
2026-05-07 14:42:43,307 | WARNING | Market refresh failed. Keeping current watch. Error: 429 Too Many Requests: {"error":{"code":"too_many_requests","message":"too many requests"}}
2026-05-07 14:42:44,327 | WARNING | Market refresh failed. Keeping current watch. Error: 429 Too Many Requests: {"error":{"code":"too_many_requests","message":"too many requests"}}
2026-05-07 14:42:45,360 | WARNING | Market refresh failed. Keeping current watch. Error: 429 Too Many Requests: {"error":{"code":"too_many_requests","message":"too many requests"}}
2026-05-07 14:42:46,361 | WARNING | Market refresh failed. Keeping current watch. Error: 429 Too Many Requests: {"error":{"code":"too_many_requests","message":"too many requests"}}
2026-05-07 14:42:47,260 | INFO | Heartbeat | watch=KXBTC15M-26MAY071445-45 yes_bid=93 yes_ask=93 no_bid=7 no_ask=7 book_ready=True position=False pending=False dry_run=False trust=synced run_id=99e01c3f-0a04-4449-b1b4-e6daca2a4580
2026-05-07 14:42:47,384 | WARNING | Market refresh failed. Keeping current watch. Error: 429 Too Many Requests: {"error":{"code":"too_many_requests","message":"too many requests"}}
2026-05-07 14:42:48,393 | WARNING | Market refresh failed. Keeping current watch. Error: 429 Too Many Requests: {"error":{"code":"too_many_requests","message":"too many requests"}}
2026-05-07 14:42:49,383 | WARNING | Market refresh failed. Keeping current watch. Error: 429 Too Many Requests: {"error":{"code":"too_many_requests","message":"too many requests"}}
2026-05-07 14:42:50,416 | WARNING | Market refresh failed. Keeping current watch. Error: 429 Too Many Requests: {"error":{"code":"too_many_requests","message":"too many requests"}}
2026-05-07 14:42:55,520 | WARNING | Market refresh failed. Keeping current watch. Error: 429 Too Many Requests: {"error":{"code":"too_many_requests","message":"too many requests"}}
2026-05-07 14:42:56,541 | WARNING | Market refresh failed. Keeping current watch. Error: 429 Too Many Requests: {"error":{"code":"too_many_requests","message":"too many requests"}}
2026-05-07 14:42:57,571 | WARNING | Market refresh failed. Keeping current watch. Error: 429 Too Many Requests: {"error":{"code":"too_many_requests","message":"too many requests"}}
2026-05-07 14:42:58,595 | WARNING | Market refresh failed. Keeping current watch. Error: 429 Too Many Requests: {"error":{"code":"too_many_requests","message":"too many requests"}}
2026-05-07 14:42:59,670 | WARNING | Market refresh failed. Keeping current watch. Error: 429 Too Many Requests: {"error":{"code":"too_many_requests","message":"too many requests"}}
2026-05-07 14:43:00,673 | WARNING | Market refresh failed. Keeping current watch. Error: 429 Too Many Requests: {"error":{"code":"too_many_requests","message":"too many requests"}}
2026-05-07 14:43:01,664 | WARNING | Market refresh failed. Keeping current watch. Error: 429 Too Many Requests: {"error":{"code":"too_many_requests","message":"too many requests"}}
2026-05-07 14:43:02,261 | INFO | Heartbeat | watch=KXBTC15M-26MAY071445-45 yes_bid=96 yes_ask=96 no_bid=4 no_ask=4 book_ready=True position=False pending=False dry_run=False trust=synced run_id=99e01c3f-0a04-4449-b1b4-e6daca2a4580
2026-05-07 14:43:02,666 | WARNING | Market refresh failed. Keeping current watch. Error: 429 Too Many Requests: {"error":{"code":"too_many_requests","message":"too many requests"}}
2026-05-07 14:43:03,684 | WARNING | Market refresh failed. Keeping current watch. Error: 429 Too Many Requests: {"error":{"code":"too_many_requests","message":"too many requests"}}
2026-05-07 14:43:04,718 | WARNING | Market refresh failed. Keeping current watch. Error: 429 Too Many Requests: {"error":{"code":"too_many_requests","message":"too many requests"}}
2026-05-07 14:43:05,722 | WARNING | Market refresh failed. Keeping current watch. Error: 429 Too Many Requests: {"error":{"code":"too_many_requests","message":"too many requests"}}
2026-05-07 14:43:06,764 | WARNING | Market refresh failed. Keeping current watch. Error: 429 Too Many Requests: {"error":{"code":"too_many_requests","message":"too many requests"}}
2026-05-07 14:43:07,759 | WARNING | Market refresh failed. Keeping current watch. Error: 429 Too Many Requests: {"error":{"code":"too_many_requests","message":"too many requests"}}
2026-05-07 14:43:08,776 | WARNING | Market refresh failed. Keeping current watch. Error: 429 Too Many Requests: {"error":{"code":"too_many_requests","message":"too many requests"}}
2026-05-07 14:43:09,796 | WARNING | Market refresh failed. Keeping current watch. Error: 429 Too Many Requests: {"error":{"code":"too_many_requests","message":"too many requests"}}
2026-05-07 14:43:10,821 | WARNING | Market refresh failed. Keeping current watch. Error: 429 Too Many Requests: {"error":{"code":"too_many_requests","message":"too many requests"}}
2026-05-07 14:43:13,893 | WARNING | Market refresh failed. Keeping current watch. Error: 429 Too Many Requests: {"error":{"code":"too_many_requests","message":"too many requests"}}
2026-05-07 14:43:14,901 | WARNING | Market refresh failed. Keeping current watch. Error: 429 Too Many Requests: {"error":{"code":"too_many_requests","message":"too many requests"}}
2026-05-07 14:43:15,897 | WARNING | Market refresh failed. Keeping current watch. Error: 429 Too Many Requests: {"error":{"code":"too_many_requests","message":"too many requests"}}
2026-05-07 14:43:16,922 | WARNING | Market refresh failed. Keeping current watch. Error: 429 Too Many Requests: {"error":{"code":"too_many_requests","message":"too many requests"}}
2026-05-07 14:43:17,268 | INFO | Heartbeat | watch=KXBTC15M-26MAY071445-45 yes_bid=99 yes_ask=100 no_bid=0 no_ask=1 book_ready=True position=False pending=False dry_run=False trust=synced run_id=99e01c3f-0a04-4449-b1b4-e6daca2a4580
2026-05-07 14:43:17,937 | WARNING | Market refresh failed. Keeping current watch. Error: 429 Too Many Requests: {"error":{"code":"too_many_requests","message":"too many requests"}}
2026-05-07 14:43:18,935 | WARNING | Market refresh failed. Keeping current watch. Error: 429 Too Many Requests: {"error":{"code":"too_many_requests","message":"too many requests"}}
2026-05-07 14:43:19,976 | WARNING | Market refresh failed. Keeping current watch. Error: 429 Too Many Requests: {"error":{"code":"too_many_requests","message":"too many requests"}}
2026-05-07 14:43:21,011 | WARNING | Market refresh failed. Keeping current watch. Error: 429 Too Many Requests: {"error":{"code":"too_many_requests","message":"too many requests"}}
2026-05-07 14:43:22,014 | WARNING | Market refresh failed. Keeping current watch. Error: 429 Too Many Requests: {"error":{"code":"too_many_requests","message":"too many requests"}}
2026-05-07 14:43:23,049 | WARNING | Market refresh failed. Keeping current watch. Error: 429 Too Many Requests: {"error":{"code":"too_many_requests","message":"too many requests"}}
2026-05-07 14:43:24,055 | WARNING | Market refresh failed. Keeping current watch. Error: 429 Too Many Requests: {"error":{"code":"too_many_requests","message":"too many requests"}}
2026-05-07 14:43:25,074 | WARNING | Market refresh failed. Keeping current watch. Error: 429 Too Many Requests: {"error":{"code":"too_many_requests","message":"too many requests"}}
2026-05-07 14:43:26,093 | WARNING | Market refresh failed. Keeping current watch. Error: 429 Too Many Requests: {"error":{"code":"too_many_requests","message":"too many requests"}}
2026-05-07 14:43:27,092 | WARNING | Market refresh failed. Keeping current watch. Error: 429 Too Many Requests: {"error":{"code":"too_many_requests","message":"too many requests"}}
2026-05-07 14:43:28,126 | WARNING | Market refresh failed. Keeping current watch. Error: 429 Too Many Requests: {"error":{"code":"too_many_requests","message":"too many requests"}}
2026-05-07 14:43:29,131 | WARNING | Market refresh failed. Keeping current watch. Error: 429 Too Many Requests: {"error":{"code":"too_many_requests","message":"too many requests"}}
2026-05-07 14:43:30,143 | WARNING | Market refresh failed. Keeping current watch. Error: 429 Too Many Requests: {"error":{"code":"too_many_requests","message":"too many requests"}}
2026-05-07 14:43:31,195 | WARNING | Market refresh failed. Keeping current watch. Error: 429 Too Many Requests: {"error":{"code":"too_many_requests","message":"too many requests"}}
2026-05-07 14:43:32,208 | WARNING | Market refresh failed. Keeping current watch. Error: 429 Too Many Requests: {"error":{"code":"too_many_requests","message":"too many requests"}}
2026-05-07 14:43:32,273 | INFO | Heartbeat | watch=KXBTC15M-26MAY071445-45 yes_bid=99 yes_ask=99 no_bid=1 no_ask=1 book_ready=True position=False pending=False dry_run=False trust=synced run_id=99e01c3f-0a04-4449-b1b4-e6daca2a4580
2026-05-07 14:43:33,244 | WARNING | Market refresh failed. Keeping current watch. Error: 429 Too Many Requests: {"error":{"code":"too_many_requests","message":"too many requests"}}
2026-05-07 14:43:34,238 | WARNING | Market refresh failed. Keeping current watch. Error: 429 Too Many Requests: {"error":{"code":"too_many_requests","message":"too many requests"}}
2026-05-07 14:43:47,273 | INFO | Heartbeat | watch=KXBTC15M-26MAY071445-45 yes_bid=98 yes_ask=98 no_bid=2 no_ask=2 book_ready=True position=False pending=False dry_run=False trust=synced run_id=99e01c3f-0a04-4449-b1b4-e6daca2a4580
2026-05-07 14:43:47,513 | WARNING | Market refresh failed. Keeping current watch. Error: 429 Too Many Requests: {"error":{"code":"too_many_requests","message":"too many requests"}}
2026-05-07 14:43:48,512 | WARNING | Market refresh failed. Keeping current watch. Error: 429 Too Many Requests: {"error":{"code":"too_many_requests","message":"too many requests"}}
2026-05-07 14:43:49,587 | INFO | Mushroom v28 entry approved | market=KXBTC15M-26MAY071445-45 side=yes ask=80c max_buy=83c qty=1 p_side=0.8567 edge=3.667c depth=1187 btc_age_ms=0.0 secs_to_close=70.42
2026-05-07 14:43:49,605 | INFO | Execution state | market=KXBTC15M-26MAY071445-45 side=yes state=eligible reason=pre_filters_disabled trust=synced run_id=99e01c3f-0a04-4449-b1b4-e6daca2a4580
2026-05-07 14:43:49,605 | INFO | Live fill policy approved | market=KXBTC15M-26MAY071445-45 side=yes trigger=80c tif=immediate_or_cancel limit=80c depth=1187.00 required=2 book_age_ms=890.0 secs_to_close=70.42 reason=single_shot_abundant_depth
2026-05-07 14:43:49,605 | INFO | ENTRY signal | market=KXBTC15M-26MAY071445-45 action=buy side=yes trigger=80c limit=80c qty=1 book_ready=True
2026-05-07 14:43:49,605 | INFO | Execution state | market=KXBTC15M-26MAY071445-45 side=yes state=submitting reason=single_shot_abundant_depth trust=synced run_id=99e01c3f-0a04-4449-b1b4-e6daca2a4580
2026-05-07 14:43:49,658 | INFO | Execution state | market=KXBTC15M-26MAY071445-45 side=yes state=abandoned reason=zero_fill trust=synced run_id=99e01c3f-0a04-4449-b1b4-e6daca2a4580
2026-05-07 14:43:51,522 | WARNING | Market refresh failed. Keeping current watch. Error: 429 Too Many Requests: {"error":{"code":"too_many_requests","message":"too many requests"}}
2026-05-07 14:43:52,560 | WARNING | Market refresh failed. Keeping current watch. Error: 429 Too Many Requests: {"error":{"code":"too_many_requests","message":"too many requests"}}
2026-05-07 14:43:53,568 | WARNING | Market refresh failed. Keeping current watch. Error: 429 Too Many Requests: {"error":{"code":"too_many_requests","message":"too many requests"}}
2026-05-07 14:43:54,563 | WARNING | Market refresh failed. Keeping current watch. Error: 429 Too Many Requests: {"error":{"code":"too_many_requests","message":"too many requests"}}
2026-05-07 14:43:57,589 | WARNING | Market refresh failed. Keeping current watch. Error: 429 Too Many Requests: {"error":{"code":"too_many_requests","message":"too many requests"}}
2026-05-07 14:43:58,625 | WARNING | Market refresh failed. Keeping current watch. Error: 429 Too Many Requests: {"error":{"code":"too_many_requests","message":"too many requests"}}
2026-05-07 14:43:59,613 | WARNING | Market refresh failed. Keeping current watch. Error: 429 Too Many Requests: {"error":{"code":"too_many_requests","message":"too many requests"}}
2026-05-07 14:44:00,621 | WARNING | Market refresh failed. Keeping current watch. Error: 429 Too Many Requests: {"error":{"code":"too_many_requests","message":"too many requests"}}
2026-05-07 14:44:01,639 | WARNING | Market refresh failed. Keeping current watch. Error: 429 Too Many Requests: {"error":{"code":"too_many_requests","message":"too many requests"}}
2026-05-07 14:44:02,275 | INFO | Heartbeat | watch=KXBTC15M-26MAY071445-45 yes_bid=98 yes_ask=98 no_bid=2 no_ask=2 book_ready=True position=False pending=False dry_run=False trust=synced run_id=99e01c3f-0a04-4449-b1b4-e6daca2a4580
2026-05-07 14:44:02,664 | WARNING | Market refresh failed. Keeping current watch. Error: 429 Too Many Requests: {"error":{"code":"too_many_requests","message":"too many requests"}}
2026-05-07 14:44:03,690 | WARNING | Market refresh failed. Keeping current watch. Error: 429 Too Many Requests: {"error":{"code":"too_many_requests","message":"too many requests"}}
2026-05-07 14:44:04,680 | WARNING | Market refresh failed. Keeping current watch. Error: 429 Too Many Requests: {"error":{"code":"too_many_requests","message":"too many requests"}}
2026-05-07 14:44:07,731 | WARNING | Market refresh failed. Keeping current watch. Error: 429 Too Many Requests: {"error":{"code":"too_many_requests","message":"too many requests"}}
2026-05-07 14:44:08,735 | WARNING | Market refresh failed. Keeping current watch. Error: 429 Too Many Requests: {"error":{"code":"too_many_requests","message":"too many requests"}}
2026-05-07 14:44:09,751 | WARNING | Market refresh failed. Keeping current watch. Error: 429 Too Many Requests: {"error":{"code":"too_many_requests","message":"too many requests"}}
2026-05-07 14:44:10,789 | WARNING | Market refresh failed. Keeping current watch. Error: 429 Too Many Requests: {"error":{"code":"too_many_requests","message":"too many requests"}}
2026-05-07 14:44:11,796 | WARNING | Market refresh failed. Keeping current watch. Error: 429 Too Many Requests: {"error":{"code":"too_many_requests","message":"too many requests"}}
2026-05-07 14:44:12,834 | WARNING | Market refresh failed. Keeping current watch. Error: 429 Too Many Requests: {"error":{"code":"too_many_requests","message":"too many requests"}}
2026-05-07 14:44:13,814 | WARNING | Market refresh failed. Keeping current watch. Error: 429 Too Many Requests: {"error":{"code":"too_many_requests","message":"too many requests"}}
2026-05-07 14:44:14,842 | WARNING | Market refresh failed. Keeping current watch. Error: 429 Too Many Requests: {"error":{"code":"too_many_requests","message":"too many requests"}}
2026-05-07 14:44:15,856 | WARNING | Market refresh failed. Keeping current watch. Error: 429 Too Many Requests: {"error":{"code":"too_many_requests","message":"too many requests"}}
2026-05-07 14:44:17,267 | INFO | Heartbeat | watch=KXBTC15M-26MAY071445-45 yes_bid=99 yes_ask=99 no_bid=1 no_ask=1 book_ready=True position=False pending=False dry_run=False trust=synced run_id=99e01c3f-0a04-4449-b1b4-e6daca2a4580
2026-05-07 14:44:19,935 | WARNING | Market refresh failed. Keeping current watch. Error: 429 Too Many Requests: {"error":{"code":"too_many_requests","message":"too many requests"}}
2026-05-07 14:44:20,952 | WARNING | Market refresh failed. Keeping current watch. Error: 429 Too Many Requests: {"error":{"code":"too_many_requests","message":"too many requests"}}
2026-05-07 14:44:21,988 | WARNING | Market refresh failed. Keeping current watch. Error: 429 Too Many Requests: {"error":{"code":"too_many_requests","message":"too many requests"}}
2026-05-07 14:44:22,990 | WARNING | Market refresh failed. Keeping current watch. Error: 429 Too Many Requests: {"error":{"code":"too_many_requests","message":"too many requests"}}
2026-05-07 14:44:24,000 | WARNING | Market refresh failed. Keeping current watch. Error: 429 Too Many Requests: {"error":{"code":"too_many_requests","message":"too many requests"}}
2026-05-07 14:44:25,039 | WARNING | Market refresh failed. Keeping current watch. Error: 429 Too Many Requests: {"error":{"code":"too_many_requests","message":"too many requests"}}
2026-05-07 14:44:26,051 | WARNING | Market refresh failed. Keeping current watch. Error: 429 Too Many Requests: {"error":{"code":"too_many_requests","message":"too many requests"}}
2026-05-07 14:44:27,074 | WARNING | Market refresh failed. Keeping current watch. Error: 429 Too Many Requests: {"error":{"code":"too_many_requests","message":"too many requests"}}
2026-05-07 14:44:31,141 | WARNING | Market refresh failed. Keeping current watch. Error: 429 Too Many Requests: {"error":{"code":"too_many_requests","message":"too many requests"}}
2026-05-07 14:44:32,162 | WARNING | Market refresh failed. Keeping current watch. Error: 429 Too Many Requests: {"error":{"code":"too_many_requests","message":"too many requests"}}
2026-05-07 14:44:32,303 | INFO | Heartbeat | watch=KXBTC15M-26MAY071445-45 yes_bid=69 yes_ask=70 no_bid=30 no_ask=31 book_ready=True position=False pending=False dry_run=False trust=synced run_id=99e01c3f-0a04-4449-b1b4-e6daca2a4580
2026-05-07 14:44:33,196 | WARNING | Market refresh failed. Keeping current watch. Error: 429 Too Many Requests: {"error":{"code":"too_many_requests","message":"too many requests"}}
2026-05-07 14:44:34,184 | WARNING | Market refresh failed. Keeping current watch. Error: 429 Too Many Requests: {"error":{"code":"too_many_requests","message":"too many requests"}}
2026-05-07 14:44:35,180 | WARNING | Market refresh failed. Keeping current watch. Error: 429 Too Many Requests: {"error":{"code":"too_many_requests","message":"too many requests"}}
2026-05-07 14:44:36,202 | WARNING | Market refresh failed. Keeping current watch. Error: 429 Too Many Requests: {"error":{"code":"too_many_requests","message":"too many requests"}}
2026-05-07 14:44:37,197 | WARNING | Market refresh failed. Keeping current watch. Error: 429 Too Many Requests: {"error":{"code":"too_many_requests","message":"too many requests"}}
2026-05-07 14:44:47,365 | INFO | Heartbeat | watch=KXBTC15M-26MAY071445-45 yes_bid=4 yes_ask=5 no_bid=95 no_ask=96 book_ready=True position=False pending=False dry_run=False trust=synced run_id=99e01c3f-0a04-4449-b1b4-e6daca2a4580
2026-05-07 14:45:02,362 | INFO | Heartbeat | watch=KXBTC15M-26MAY071445-45 yes_bid=0 yes_ask=100 no_bid=0 no_ask=100 book_ready=True position=False pending=False dry_run=False trust=synced run_id=99e01c3f-0a04-4449-b1b4-e6daca2a4580
2026-05-07 14:45:06,813 | INFO | Orderbook snapshot ready for KXBTC15M-26MAY071445-45
2026-05-07 14:45:17,383 | INFO | Heartbeat | watch=KXBTC15M-26MAY071445-45 yes_bid=0 yes_ask=100 no_bid=0 no_ask=100 book_ready=True position=False pending=False dry_run=False trust=synced run_id=99e01c3f-0a04-4449-b1b4-e6daca2a4580
2026-05-07 14:45:30,211 | INFO | Watching market KXBTC15M-26MAY071500-00 close_time=2026-05-07T19:00:00Z status=active strike=80145.56 run_id=99e01c3f-0a04-4449-b1b4-e6daca2a4580
2026-05-07 14:45:30,410 | INFO | WS connected for KXBTC15M-26MAY071500-00
2026-05-07 14:45:30,444 | INFO | WS subscribed payload: {'type': 'subscribed', 'id': 4, 'msg': {'channel': 'ticker', 'sid': 1}}
2026-05-07 14:45:30,444 | INFO | WS subscribed payload: {'type': 'subscribed', 'id': 4, 'msg': {'channel': 'orderbook_delta', 'sid': 2}}
2026-05-07 14:45:30,446 | INFO | Orderbook snapshot ready for KXBTC15M-26MAY071500-00
2026-05-07 14:45:32,376 | INFO | Heartbeat | watch=KXBTC15M-26MAY071500-00 yes_bid=34 yes_ask=35 no_bid=65 no_ask=66 book_ready=True position=False pending=False dry_run=False trust=synced run_id=99e01c3f-0a04-4449-b1b4-e6daca2a4580
2026-05-07 14:45:47,378 | INFO | Heartbeat | watch=KXBTC15M-26MAY071500-00 yes_bid=49 yes_ask=50 no_bid=50 no_ask=51 book_ready=True position=False pending=False dry_run=False trust=synced run_id=99e01c3f-0a04-4449-b1b4-e6daca2a4580
2026-05-07 14:46:02,377 | INFO | Heartbeat | watch=KXBTC15M-26MAY071500-00 yes_bid=51 yes_ask=52 no_bid=48 no_ask=49 book_ready=True position=False pending=False dry_run=False trust=synced run_id=99e01c3f-0a04-4449-b1b4-e6daca2a4580
2026-05-07 14:46:17,407 | INFO | Heartbeat | watch=KXBTC15M-26MAY071500-00 yes_bid=48 yes_ask=49 no_bid=51 no_ask=52 book_ready=True position=False pending=False dry_run=False trust=synced run_id=99e01c3f-0a04-4449-b1b4-e6daca2a4580
2026-05-07 14:46:32,460 | INFO | Heartbeat | watch=KXBTC15M-26MAY071500-00 yes_bid=49 yes_ask=50 no_bid=50 no_ask=51 book_ready=True position=False pending=False dry_run=False trust=synced run_id=99e01c3f-0a04-4449-b1b4-e6daca2a4580
2026-05-07 14:46:47,495 | INFO | Heartbeat | watch=KXBTC15M-26MAY071500-00 yes_bid=55 yes_ask=56 no_bid=44 no_ask=45 book_ready=True position=False pending=False dry_run=False trust=synced run_id=99e01c3f-0a04-4449-b1b4-e6daca2a4580
2026-05-07 14:47:02,505 | INFO | Heartbeat | watch=KXBTC15M-26MAY071500-00 yes_bid=52 yes_ask=54 no_bid=46 no_ask=48 book_ready=True position=False pending=False dry_run=False trust=synced run_id=99e01c3f-0a04-4449-b1b4-e6daca2a4580
2026-05-07 14:47:17,519 | INFO | Heartbeat | watch=KXBTC15M-26MAY071500-00 yes_bid=56 yes_ask=57 no_bid=43 no_ask=44 book_ready=True position=False pending=False dry_run=False trust=synced run_id=99e01c3f-0a04-4449-b1b4-e6daca2a4580
2026-05-07 14:47:32,538 | INFO | Heartbeat | watch=KXBTC15M-26MAY071500-00 yes_bid=49 yes_ask=50 no_bid=50 no_ask=51 book_ready=True position=False pending=False dry_run=False trust=synced run_id=99e01c3f-0a04-4449-b1b4-e6daca2a4580
2026-05-07 14:47:47,549 | INFO | Heartbeat | watch=KXBTC15M-26MAY071500-00 yes_bid=36 yes_ask=37 no_bid=63 no_ask=64 book_ready=True position=False pending=False dry_run=False trust=synced run_id=99e01c3f-0a04-4449-b1b4-e6daca2a4580
2026-05-07 14:48:02,579 | INFO | Heartbeat | watch=KXBTC15M-26MAY071500-00 yes_bid=38 yes_ask=40 no_bid=60 no_ask=62 book_ready=True position=False pending=False dry_run=False trust=synced run_id=99e01c3f-0a04-4449-b1b4-e6daca2a4580
2026-05-07 14:48:17,580 | INFO | Heartbeat | watch=KXBTC15M-26MAY071500-00 yes_bid=42 yes_ask=43 no_bid=57 no_ask=58 book_ready=True position=False pending=False dry_run=False trust=synced run_id=99e01c3f-0a04-4449-b1b4-e6daca2a4580
2026-05-07 14:48:32,641 | INFO | Heartbeat | watch=KXBTC15M-26MAY071500-00 yes_bid=35 yes_ask=36 no_bid=64 no_ask=65 book_ready=True position=False pending=False dry_run=False trust=synced run_id=99e01c3f-0a04-4449-b1b4-e6daca2a4580
2026-05-07 14:48:47,658 | INFO | Heartbeat | watch=KXBTC15M-26MAY071500-00 yes_bid=27 yes_ask=28 no_bid=72 no_ask=73 book_ready=True position=False pending=False dry_run=False trust=synced run_id=99e01c3f-0a04-4449-b1b4-e6daca2a4580
2026-05-07 14:49:02,667 | INFO | Heartbeat | watch=KXBTC15M-26MAY071500-00 yes_bid=24 yes_ask=25 no_bid=75 no_ask=76 book_ready=True position=False pending=False dry_run=False trust=synced run_id=99e01c3f-0a04-4449-b1b4-e6daca2a4580
2026-05-07 14:49:17,680 | INFO | Heartbeat | watch=KXBTC15M-26MAY071500-00 yes_bid=23 yes_ask=25 no_bid=75 no_ask=77 book_ready=True position=False pending=False dry_run=False trust=synced run_id=99e01c3f-0a04-4449-b1b4-e6daca2a4580
2026-05-07 14:49:32,684 | INFO | Heartbeat | watch=KXBTC15M-26MAY071500-00 yes_bid=22 yes_ask=23 no_bid=77 no_ask=78 book_ready=True position=False pending=False dry_run=False trust=synced run_id=99e01c3f-0a04-4449-b1b4-e6daca2a4580
2026-05-07 14:49:47,685 | INFO | Heartbeat | watch=KXBTC15M-26MAY071500-00 yes_bid=22 yes_ask=24 no_bid=76 no_ask=78 book_ready=True position=False pending=False dry_run=False trust=synced run_id=99e01c3f-0a04-4449-b1b4-e6daca2a4580
2026-05-07 14:50:00,531 | INFO | Mushroom v28 entry approved | market=KXBTC15M-26MAY071500-00 side=no ask=81c max_buy=85c qty=1 p_side=0.8740 edge=4.397c depth=12.86 btc_age_ms=0.0 secs_to_close=599.48
2026-05-07 14:50:00,540 | INFO | Execution state | market=KXBTC15M-26MAY071500-00 side=no state=eligible reason=pre_filters_disabled trust=synced run_id=99e01c3f-0a04-4449-b1b4-e6daca2a4580
2026-05-07 14:50:00,548 | INFO | Live fill policy approved | market=KXBTC15M-26MAY071500-00 side=no trigger=81c tif=immediate_or_cancel limit=81c depth=12.86 required=2 book_age_ms=78.0 secs_to_close=599.48 reason=single_shot_abundant_depth
2026-05-07 14:50:00,548 | INFO | ENTRY signal | market=KXBTC15M-26MAY071500-00 action=buy side=no trigger=81c limit=81c qty=1 book_ready=True
2026-05-07 14:50:00,548 | INFO | Execution state | market=KXBTC15M-26MAY071500-00 side=no state=submitting reason=single_shot_abundant_depth trust=synced run_id=99e01c3f-0a04-4449-b1b4-e6daca2a4580
2026-05-07 14:50:00,597 | INFO | Execution state | market=KXBTC15M-26MAY071500-00 side=no state=abandoned reason=zero_fill trust=synced run_id=99e01c3f-0a04-4449-b1b4-e6daca2a4580
2026-05-07 14:50:02,728 | INFO | Heartbeat | watch=KXBTC15M-26MAY071500-00 yes_bid=14 yes_ask=15 no_bid=85 no_ask=86 book_ready=True position=False pending=False dry_run=False trust=synced run_id=99e01c3f-0a04-4449-b1b4-e6daca2a4580
2026-05-07 14:50:17,769 | INFO | Heartbeat | watch=KXBTC15M-26MAY071500-00 yes_bid=12 yes_ask=13 no_bid=87 no_ask=88 book_ready=True position=False pending=False dry_run=False trust=synced run_id=99e01c3f-0a04-4449-b1b4-e6daca2a4580
2026-05-07 14:50:32,797 | INFO | Heartbeat | watch=KXBTC15M-26MAY071500-00 yes_bid=11 yes_ask=12 no_bid=88 no_ask=89 book_ready=True position=False pending=False dry_run=False trust=synced run_id=99e01c3f-0a04-4449-b1b4-e6daca2a4580
2026-05-07 14:50:47,820 | INFO | Heartbeat | watch=KXBTC15M-26MAY071500-00 yes_bid=11 yes_ask=12 no_bid=88 no_ask=89 book_ready=True position=False pending=False dry_run=False trust=synced run_id=99e01c3f-0a04-4449-b1b4-e6daca2a4580
2026-05-07 14:51:02,821 | INFO | Heartbeat | watch=KXBTC15M-26MAY071500-00 yes_bid=12 yes_ask=13 no_bid=87 no_ask=88 book_ready=True position=False pending=False dry_run=False trust=synced run_id=99e01c3f-0a04-4449-b1b4-e6daca2a4580
2026-05-07 14:51:17,836 | INFO | Heartbeat | watch=KXBTC15M-26MAY071500-00 yes_bid=11 yes_ask=12 no_bid=88 no_ask=89 book_ready=True position=False pending=False dry_run=False trust=synced run_id=99e01c3f-0a04-4449-b1b4-e6daca2a4580
2026-05-07 14:51:32,831 | INFO | Heartbeat | watch=KXBTC15M-26MAY071500-00 yes_bid=9 yes_ask=10 no_bid=90 no_ask=91 book_ready=True position=False pending=False dry_run=False trust=synced run_id=99e01c3f-0a04-4449-b1b4-e6daca2a4580
2026-05-07 14:51:47,874 | INFO | Heartbeat | watch=KXBTC15M-26MAY071500-00 yes_bid=10 yes_ask=11 no_bid=89 no_ask=90 book_ready=True position=False pending=False dry_run=False trust=synced run_id=99e01c3f-0a04-4449-b1b4-e6daca2a4580
2026-05-07 14:52:02,881 | INFO | Heartbeat | watch=KXBTC15M-26MAY071500-00 yes_bid=12 yes_ask=13 no_bid=87 no_ask=88 book_ready=True position=False pending=False dry_run=False trust=synced run_id=99e01c3f-0a04-4449-b1b4-e6daca2a4580
2026-05-07 14:52:17,915 | INFO | Heartbeat | watch=KXBTC15M-26MAY071500-00 yes_bid=10 yes_ask=10 no_bid=90 no_ask=90 book_ready=True position=False pending=False dry_run=False trust=synced run_id=99e01c3f-0a04-4449-b1b4-e6daca2a4580
2026-05-07 14:52:32,932 | INFO | Heartbeat | watch=KXBTC15M-26MAY071500-00 yes_bid=12 yes_ask=13 no_bid=87 no_ask=88 book_ready=True position=False pending=False dry_run=False trust=synced run_id=99e01c3f-0a04-4449-b1b4-e6daca2a4580
2026-05-07 14:52:47,955 | INFO | Heartbeat | watch=KXBTC15M-26MAY071500-00 yes_bid=11 yes_ask=12 no_bid=88 no_ask=89 book_ready=True position=False pending=False dry_run=False trust=synced run_id=99e01c3f-0a04-4449-b1b4-e6daca2a4580
2026-05-07 14:53:02,974 | INFO | Heartbeat | watch=KXBTC15M-26MAY071500-00 yes_bid=14 yes_ask=15 no_bid=85 no_ask=86 book_ready=True position=False pending=False dry_run=False trust=synced run_id=99e01c3f-0a04-4449-b1b4-e6daca2a4580
2026-05-07 14:53:18,055 | INFO | Heartbeat | watch=KXBTC15M-26MAY071500-00 yes_bid=12 yes_ask=13 no_bid=87 no_ask=88 book_ready=True position=False pending=False dry_run=False trust=synced run_id=99e01c3f-0a04-4449-b1b4-e6daca2a4580
2026-05-07 14:53:33,103 | INFO | Heartbeat | watch=KXBTC15M-26MAY071500-00 yes_bid=15 yes_ask=16 no_bid=84 no_ask=85 book_ready=True position=False pending=False dry_run=False trust=synced run_id=99e01c3f-0a04-4449-b1b4-e6daca2a4580
2026-05-07 14:53:48,117 | INFO | Heartbeat | watch=KXBTC15M-26MAY071500-00 yes_bid=18 yes_ask=19 no_bid=81 no_ask=82 book_ready=True position=False pending=False dry_run=False trust=synced run_id=99e01c3f-0a04-4449-b1b4-e6daca2a4580
2026-05-07 14:54:03,154 | INFO | Heartbeat | watch=KXBTC15M-26MAY071500-00 yes_bid=19 yes_ask=20 no_bid=80 no_ask=81 book_ready=True position=False pending=False dry_run=False trust=synced run_id=99e01c3f-0a04-4449-b1b4-e6daca2a4580
2026-05-07 14:54:18,150 | INFO | Heartbeat | watch=KXBTC15M-26MAY071500-00 yes_bid=20 yes_ask=21 no_bid=79 no_ask=80 book_ready=True position=False pending=False dry_run=False trust=synced run_id=99e01c3f-0a04-4449-b1b4-e6daca2a4580
2026-05-07 14:54:33,180 | INFO | Heartbeat | watch=KXBTC15M-26MAY071500-00 yes_bid=21 yes_ask=22 no_bid=78 no_ask=79 book_ready=True position=False pending=False dry_run=False trust=synced run_id=99e01c3f-0a04-4449-b1b4-e6daca2a4580
2026-05-07 14:54:48,206 | INFO | Heartbeat | watch=KXBTC15M-26MAY071500-00 yes_bid=25 yes_ask=26 no_bid=74 no_ask=75 book_ready=True position=False pending=False dry_run=False trust=synced run_id=99e01c3f-0a04-4449-b1b4-e6daca2a4580
2026-05-07 14:55:03,238 | INFO | Heartbeat | watch=KXBTC15M-26MAY071500-00 yes_bid=33 yes_ask=34 no_bid=66 no_ask=67 book_ready=True position=False pending=False dry_run=False trust=synced run_id=99e01c3f-0a04-4449-b1b4-e6daca2a4580
2026-05-07 14:55:18,256 | INFO | Heartbeat | watch=KXBTC15M-26MAY071500-00 yes_bid=45 yes_ask=46 no_bid=54 no_ask=55 book_ready=True position=False pending=False dry_run=False trust=synced run_id=99e01c3f-0a04-4449-b1b4-e6daca2a4580
2026-05-07 14:55:33,258 | INFO | Heartbeat | watch=KXBTC15M-26MAY071500-00 yes_bid=48 yes_ask=49 no_bid=51 no_ask=52 book_ready=True position=False pending=False dry_run=False trust=synced run_id=99e01c3f-0a04-4449-b1b4-e6daca2a4580
2026-05-07 14:55:48,256 | INFO | Heartbeat | watch=KXBTC15M-26MAY071500-00 yes_bid=86 yes_ask=87 no_bid=13 no_ask=14 book_ready=True position=False pending=False dry_run=False trust=synced run_id=99e01c3f-0a04-4449-b1b4-e6daca2a4580
2026-05-07 14:56:03,286 | INFO | Heartbeat | watch=KXBTC15M-26MAY071500-00 yes_bid=89 yes_ask=91 no_bid=9 no_ask=11 book_ready=True position=False pending=False dry_run=False trust=synced run_id=99e01c3f-0a04-4449-b1b4-e6daca2a4580
2026-05-07 14:56:18,317 | INFO | Heartbeat | watch=KXBTC15M-26MAY071500-00 yes_bid=91 yes_ask=92 no_bid=8 no_ask=9 book_ready=True position=False pending=False dry_run=False trust=synced run_id=99e01c3f-0a04-4449-b1b4-e6daca2a4580
2026-05-07 14:56:33,328 | INFO | Heartbeat | watch=KXBTC15M-26MAY071500-00 yes_bid=94 yes_ask=95 no_bid=5 no_ask=6 book_ready=True position=False pending=False dry_run=False trust=synced run_id=99e01c3f-0a04-4449-b1b4-e6daca2a4580
2026-05-07 14:56:48,323 | INFO | Heartbeat | watch=KXBTC15M-26MAY071500-00 yes_bid=94 yes_ask=94 no_bid=6 no_ask=6 book_ready=True position=False pending=False dry_run=False trust=synced run_id=99e01c3f-0a04-4449-b1b4-e6daca2a4580
2026-05-07 14:57:03,346 | INFO | Heartbeat | watch=KXBTC15M-26MAY071500-00 yes_bid=97 yes_ask=97 no_bid=3 no_ask=3 book_ready=True position=False pending=False dry_run=False trust=synced run_id=99e01c3f-0a04-4449-b1b4-e6daca2a4580
2026-05-07 14:57:18,346 | INFO | Heartbeat | watch=KXBTC15M-26MAY071500-00 yes_bid=98 yes_ask=98 no_bid=2 no_ask=2 book_ready=True position=False pending=False dry_run=False trust=synced run_id=99e01c3f-0a04-4449-b1b4-e6daca2a4580
2026-05-07 14:57:33,340 | INFO | Heartbeat | watch=KXBTC15M-26MAY071500-00 yes_bid=99 yes_ask=99 no_bid=1 no_ask=1 book_ready=True position=False pending=False dry_run=False trust=synced run_id=99e01c3f-0a04-4449-b1b4-e6daca2a4580
2026-05-07 14:57:48,345 | INFO | Heartbeat | watch=KXBTC15M-26MAY071500-00 yes_bid=97 yes_ask=98 no_bid=2 no_ask=3 book_ready=True position=False pending=False dry_run=False trust=synced run_id=99e01c3f-0a04-4449-b1b4-e6daca2a4580
2026-05-07 14:58:03,387 | INFO | Heartbeat | watch=KXBTC15M-26MAY071500-00 yes_bid=98 yes_ask=98 no_bid=2 no_ask=2 book_ready=True position=False pending=False dry_run=False trust=synced run_id=99e01c3f-0a04-4449-b1b4-e6daca2a4580
2026-05-07 14:58:18,394 | INFO | Heartbeat | watch=KXBTC15M-26MAY071500-00 yes_bid=97 yes_ask=98 no_bid=2 no_ask=3 book_ready=True position=False pending=False dry_run=False trust=synced run_id=99e01c3f-0a04-4449-b1b4-e6daca2a4580
2026-05-07 14:58:33,395 | INFO | Heartbeat | watch=KXBTC15M-26MAY071500-00 yes_bid=96 yes_ask=97 no_bid=3 no_ask=4 book_ready=True position=False pending=False dry_run=False trust=synced run_id=99e01c3f-0a04-4449-b1b4-e6daca2a4580
2026-05-07 14:58:48,434 | INFO | Heartbeat | watch=KXBTC15M-26MAY071500-00 yes_bid=98 yes_ask=98 no_bid=2 no_ask=2 book_ready=True position=False pending=False dry_run=False trust=synced run_id=99e01c3f-0a04-4449-b1b4-e6daca2a4580
2026-05-07 14:59:03,464 | INFO | Heartbeat | watch=KXBTC15M-26MAY071500-00 yes_bid=99 yes_ask=100 no_bid=0 no_ask=1 book_ready=True position=False pending=False dry_run=False trust=synced run_id=99e01c3f-0a04-4449-b1b4-e6daca2a4580
2026-05-07 14:59:18,518 | INFO | Heartbeat | watch=KXBTC15M-26MAY071500-00 yes_bid=100 yes_ask=100 no_bid=0 no_ask=0 book_ready=True position=False pending=False dry_run=False trust=synced run_id=99e01c3f-0a04-4449-b1b4-e6daca2a4580
2026-05-07 14:59:33,509 | INFO | Heartbeat | watch=KXBTC15M-26MAY071500-00 yes_bid=100 yes_ask=100 no_bid=0 no_ask=0 book_ready=True position=False pending=False dry_run=False trust=synced run_id=99e01c3f-0a04-4449-b1b4-e6daca2a4580
2026-05-07 14:59:48,592 | INFO | Heartbeat | watch=KXBTC15M-26MAY071500-00 yes_bid=100 yes_ask=100 no_bid=0 no_ask=0 book_ready=True position=False pending=False dry_run=False trust=synced run_id=99e01c3f-0a04-4449-b1b4-e6daca2a4580
2026-05-07 15:00:03,587 | INFO | Heartbeat | watch=KXBTC15M-26MAY071500-00 yes_bid=0 yes_ask=100 no_bid=0 no_ask=100 book_ready=True position=False pending=False dry_run=False trust=synced run_id=99e01c3f-0a04-4449-b1b4-e6daca2a4580
2026-05-07 15:00:08,880 | INFO | Orderbook snapshot ready for KXBTC15M-26MAY071500-00
2026-05-07 15:00:18,607 | INFO | Heartbeat | watch=KXBTC15M-26MAY071500-00 yes_bid=0 yes_ask=100 no_bid=0 no_ask=100 book_ready=True position=False pending=False dry_run=False trust=synced run_id=99e01c3f-0a04-4449-b1b4-e6daca2a4580
2026-05-07 15:00:30,733 | INFO | Watching market KXBTC15M-26MAY071515-15 close_time=2026-05-07T19:15:00Z status=active strike=80223.94 run_id=99e01c3f-0a04-4449-b1b4-e6daca2a4580
2026-05-07 15:00:30,939 | INFO | WS connected for KXBTC15M-26MAY071515-15
2026-05-07 15:00:30,970 | INFO | WS subscribed payload: {'type': 'subscribed', 'id': 5, 'msg': {'channel': 'ticker', 'sid': 1}}
2026-05-07 15:00:30,970 | INFO | WS subscribed payload: {'type': 'subscribed', 'id': 5, 'msg': {'channel': 'orderbook_delta', 'sid': 2}}
2026-05-07 15:00:30,972 | INFO | Orderbook snapshot ready for KXBTC15M-26MAY071515-15
2026-05-07 15:00:33,616 | INFO | Heartbeat | watch=KXBTC15M-26MAY071515-15 yes_bid=38 yes_ask=40 no_bid=60 no_ask=62 book_ready=True position=False pending=False dry_run=False trust=synced run_id=99e01c3f-0a04-4449-b1b4-e6daca2a4580
2026-05-07 15:00:48,667 | INFO | Heartbeat | watch=KXBTC15M-26MAY071515-15 yes_bid=36 yes_ask=37 no_bid=63 no_ask=64 book_ready=True position=False pending=False dry_run=False trust=synced run_id=99e01c3f-0a04-4449-b1b4-e6daca2a4580
2026-05-07 15:01:03,693 | INFO | Heartbeat | watch=KXBTC15M-26MAY071515-15 yes_bid=30 yes_ask=31 no_bid=69 no_ask=70 book_ready=True position=False pending=False dry_run=False trust=synced run_id=99e01c3f-0a04-4449-b1b4-e6daca2a4580
2026-05-07 15:01:18,712 | INFO | Heartbeat | watch=KXBTC15M-26MAY071515-15 yes_bid=27 yes_ask=28 no_bid=72 no_ask=73 book_ready=True position=False pending=False dry_run=False trust=synced run_id=99e01c3f-0a04-4449-b1b4-e6daca2a4580
2026-05-07 15:01:33,807 | INFO | Heartbeat | watch=KXBTC15M-26MAY071515-15 yes_bid=27 yes_ask=28 no_bid=72 no_ask=73 book_ready=True position=False pending=False dry_run=False trust=synced run_id=99e01c3f-0a04-4449-b1b4-e6daca2a4580
2026-05-07 15:01:48,826 | INFO | Heartbeat | watch=KXBTC15M-26MAY071515-15 yes_bid=30 yes_ask=31 no_bid=69 no_ask=70 book_ready=True position=False pending=False dry_run=False trust=synced run_id=99e01c3f-0a04-4449-b1b4-e6daca2a4580
2026-05-07 15:02:03,837 | INFO | Heartbeat | watch=KXBTC15M-26MAY071515-15 yes_bid=28 yes_ask=29 no_bid=71 no_ask=72 book_ready=True position=False pending=False dry_run=False trust=synced run_id=99e01c3f-0a04-4449-b1b4-e6daca2a4580
2026-05-07 15:02:18,835 | INFO | Heartbeat | watch=KXBTC15M-26MAY071515-15 yes_bid=29 yes_ask=30 no_bid=70 no_ask=71 book_ready=True position=False pending=False dry_run=False trust=synced run_id=99e01c3f-0a04-4449-b1b4-e6daca2a4580
2026-05-07 15:02:33,851 | INFO | Heartbeat | watch=KXBTC15M-26MAY071515-15 yes_bid=21 yes_ask=22 no_bid=78 no_ask=79 book_ready=True position=False pending=False dry_run=False trust=synced run_id=99e01c3f-0a04-4449-b1b4-e6daca2a4580
2026-05-07 15:02:48,885 | INFO | Heartbeat | watch=KXBTC15M-26MAY071515-15 yes_bid=17 yes_ask=18 no_bid=82 no_ask=83 book_ready=True position=False pending=False dry_run=False trust=synced run_id=99e01c3f-0a04-4449-b1b4-e6daca2a4580
2026-05-07 15:03:03,884 | INFO | Heartbeat | watch=KXBTC15M-26MAY071515-15 yes_bid=17 yes_ask=18 no_bid=82 no_ask=83 book_ready=True position=False pending=False dry_run=False trust=synced run_id=99e01c3f-0a04-4449-b1b4-e6daca2a4580
2026-05-07 15:03:18,932 | INFO | Heartbeat | watch=KXBTC15M-26MAY071515-15 yes_bid=19 yes_ask=20 no_bid=80 no_ask=81 book_ready=True position=False pending=False dry_run=False trust=synced run_id=99e01c3f-0a04-4449-b1b4-e6daca2a4580
2026-05-07 15:03:33,936 | INFO | Heartbeat | watch=KXBTC15M-26MAY071515-15 yes_bid=22 yes_ask=23 no_bid=77 no_ask=78 book_ready=True position=False pending=False dry_run=False trust=synced run_id=99e01c3f-0a04-4449-b1b4-e6daca2a4580
2026-05-07 15:03:48,971 | INFO | Heartbeat | watch=KXBTC15M-26MAY071515-15 yes_bid=23 yes_ask=24 no_bid=76 no_ask=77 book_ready=True position=False pending=False dry_run=False trust=synced run_id=99e01c3f-0a04-4449-b1b4-e6daca2a4580
2026-05-07 15:03:56,763 | INFO | Mushroom v28 entry approved | market=KXBTC15M-26MAY071515-15 side=no ask=80c max_buy=83c qty=1 p_side=0.8532 edge=3.320c depth=729.68 btc_age_ms=31.0 secs_to_close=663.24
2026-05-07 15:03:56,784 | INFO | Execution state | market=KXBTC15M-26MAY071515-15 side=no state=eligible reason=pre_filters_disabled trust=synced run_id=99e01c3f-0a04-4449-b1b4-e6daca2a4580
2026-05-07 15:03:56,784 | INFO | Live fill policy approved | market=KXBTC15M-26MAY071515-15 side=no trigger=80c tif=immediate_or_cancel limit=80c depth=729.68 required=2 book_age_ms=797.0 secs_to_close=663.24 reason=single_shot_abundant_depth
2026-05-07 15:03:56,792 | INFO | ENTRY signal | market=KXBTC15M-26MAY071515-15 action=buy side=no trigger=80c limit=80c qty=1 book_ready=True
2026-05-07 15:03:56,794 | INFO | Execution state | market=KXBTC15M-26MAY071515-15 side=no state=submitting reason=single_shot_abundant_depth trust=synced run_id=99e01c3f-0a04-4449-b1b4-e6daca2a4580
2026-05-07 15:03:56,864 | INFO | ENTRY immediate fill | market=KXBTC15M-26MAY071515-15 side=no qty=1 limit=80c
2026-05-07 15:03:56,864 | INFO | Execution state | market=KXBTC15M-26MAY071515-15 side=no state=filled reason=single_shot_abundant_depth trust=synced run_id=99e01c3f-0a04-4449-b1b4-e6daca2a4580
2026-05-07 15:04:03,990 | INFO | Heartbeat | watch=KXBTC15M-26MAY071515-15 yes_bid=17 yes_ask=18 no_bid=82 no_ask=83 book_ready=True position=True pending=False dry_run=False trust=synced run_id=99e01c3f-0a04-4449-b1b4-e6daca2a4580
2026-05-07 15:04:18,996 | INFO | Heartbeat | watch=KXBTC15M-26MAY071515-15 yes_bid=15 yes_ask=16 no_bid=84 no_ask=85 book_ready=True position=True pending=False dry_run=False trust=synced run_id=99e01c3f-0a04-4449-b1b4-e6daca2a4580
2026-05-07 15:04:34,008 | INFO | Heartbeat | watch=KXBTC15M-26MAY071515-15 yes_bid=13 yes_ask=14 no_bid=86 no_ask=87 book_ready=True position=True pending=False dry_run=False trust=synced run_id=99e01c3f-0a04-4449-b1b4-e6daca2a4580
2026-05-07 15:04:49,063 | INFO | Heartbeat | watch=KXBTC15M-26MAY071515-15 yes_bid=11 yes_ask=12 no_bid=88 no_ask=89 book_ready=True position=True pending=False dry_run=False trust=synced run_id=99e01c3f-0a04-4449-b1b4-e6daca2a4580
2026-05-07 15:05:04,103 | INFO | Heartbeat | watch=KXBTC15M-26MAY071515-15 yes_bid=10 yes_ask=11 no_bid=89 no_ask=90 book_ready=True position=True pending=False dry_run=False trust=synced run_id=99e01c3f-0a04-4449-b1b4-e6daca2a4580
2026-05-07 15:05:15,011 | WARNING | Live account state refresh failed. Blocking live entries until refresh succeeds. Error: HTTPSConnectionPool(host='api.elections.kalshi.com', port=443): Read timed out. (read timeout=5.0)
2026-05-07 15:05:19,122 | INFO | Heartbeat | watch=KXBTC15M-26MAY071515-15 yes_bid=10 yes_ask=11 no_bid=89 no_ask=90 book_ready=True position=True pending=False dry_run=False trust=synced run_id=99e01c3f-0a04-4449-b1b4-e6daca2a4580
2026-05-07 15:05:21,012 | WARNING | Live account state refresh failed. Blocking live entries until refresh succeeds. Error: HTTPSConnectionPool(host='api.elections.kalshi.com', port=443): Read timed out. (read timeout=5.0)
2026-05-07 15:05:30,097 | WARNING | WS loop error for KXBTC15M-26MAY071515-15: no close frame received or sent
2026-05-07 15:05:31,324 | INFO | WS connected for KXBTC15M-26MAY071515-15
2026-05-07 15:05:31,354 | INFO | WS subscribed payload: {'type': 'subscribed', 'id': 5, 'msg': {'channel': 'ticker', 'sid': 1}}
2026-05-07 15:05:31,362 | INFO | WS subscribed payload: {'type': 'subscribed', 'id': 5, 'msg': {'channel': 'orderbook_delta', 'sid': 2}}
2026-05-07 15:05:31,363 | INFO | Orderbook snapshot ready for KXBTC15M-26MAY071515-15
2026-05-07 15:05:33,670 | WARNING | Mushroom v28 BTC tick stream failed. reconnect_seconds=1.00 error=no close frame received or sent
2026-05-07 15:05:34,130 | INFO | Heartbeat | watch=KXBTC15M-26MAY071515-15 yes_bid=8 yes_ask=9 no_bid=91 no_ask=92 book_ready=True position=True pending=False dry_run=False trust=synced run_id=99e01c3f-0a04-4449-b1b4-e6daca2a4580
2026-05-07 15:05:35,230 | INFO | Mushroom v28 BTC tick stream connected | source=binance_book_ticker url=wss://stream.binance.us:9443/ws/btcusdt@bookTicker
2026-05-07 15:05:36,400 | INFO | EXIT signal | market=KXBTC15M-26MAY071515-15 action=sell side=no trigger=92c limit=92c qty=1 book_ready=True mode=single_shot_ioc slices=1 attempt=0
2026-05-07 15:05:36,400 | INFO | Latency | purpose=exit feed_age_ms=260.4 local_reaction_ms=47.0 trigger_seen_at=2026-05-07T19:05:36.400748+00:00 market_msg_time=2026-05-07T19:05:36.14031Z
2026-05-07 15:05:36,400 | INFO | Exit plan approved | market=KXBTC15M-26MAY071515-15 side=no trigger=92c limit=92c top_bid=92 depth=515.86 required=1 book_age_ms=31.0 secs_to_close=563.61 reason=mushroom_v28_exit_value_over_hold_single_shot_visible_depth mode=single_shot_ioc attempt=0
2026-05-07 15:05:36,607 | INFO | EXIT fill | market=KXBTC15M-26MAY071515-15 side=no slice=1/1 qty=1 cumulative=1/1 remaining=0
2026-05-07 15:05:49,147 | INFO | Heartbeat | watch=KXBTC15M-26MAY071515-15 yes_bid=9 yes_ask=9 no_bid=91 no_ask=91 book_ready=True position=False pending=False dry_run=False trust=synced run_id=99e01c3f-0a04-4449-b1b4-e6daca2a4580
2026-05-07 15:06:04,157 | INFO | Heartbeat | watch=KXBTC15M-26MAY071515-15 yes_bid=9 yes_ask=9 no_bid=91 no_ask=91 book_ready=True position=False pending=False dry_run=False trust=synced run_id=99e01c3f-0a04-4449-b1b4-e6daca2a4580
2026-05-07 15:06:19,163 | INFO | Heartbeat | watch=KXBTC15M-26MAY071515-15 yes_bid=9 yes_ask=10 no_bid=90 no_ask=91 book_ready=True position=False pending=False dry_run=False trust=synced run_id=99e01c3f-0a04-4449-b1b4-e6daca2a4580
2026-05-07 15:06:34,165 | INFO | Heartbeat | watch=KXBTC15M-26MAY071515-15 yes_bid=8 yes_ask=9 no_bid=91 no_ask=92 book_ready=True position=False pending=False dry_run=False trust=synced run_id=99e01c3f-0a04-4449-b1b4-e6daca2a4580
2026-05-07 15:06:49,213 | INFO | Heartbeat | watch=KXBTC15M-26MAY071515-15 yes_bid=10 yes_ask=10 no_bid=90 no_ask=90 book_ready=True position=False pending=False dry_run=False trust=synced run_id=99e01c3f-0a04-4449-b1b4-e6daca2a4580
2026-05-07 15:07:04,247 | INFO | Heartbeat | watch=KXBTC15M-26MAY071515-15 yes_bid=11 yes_ask=12 no_bid=88 no_ask=89 book_ready=True position=False pending=False dry_run=False trust=synced run_id=99e01c3f-0a04-4449-b1b4-e6daca2a4580
2026-05-07 15:07:19,257 | INFO | Heartbeat | watch=KXBTC15M-26MAY071515-15 yes_bid=10 yes_ask=11 no_bid=89 no_ask=90 book_ready=True position=False pending=False dry_run=False trust=synced run_id=99e01c3f-0a04-4449-b1b4-e6daca2a4580
2026-05-07 15:07:34,295 | INFO | Heartbeat | watch=KXBTC15M-26MAY071515-15 yes_bid=8 yes_ask=9 no_bid=91 no_ask=92 book_ready=True position=False pending=False dry_run=False trust=synced run_id=99e01c3f-0a04-4449-b1b4-e6daca2a4580
2026-05-07 15:07:49,310 | INFO | Heartbeat | watch=KXBTC15M-26MAY071515-15 yes_bid=11 yes_ask=12 no_bid=88 no_ask=89 book_ready=True position=False pending=False dry_run=False trust=synced run_id=99e01c3f-0a04-4449-b1b4-e6daca2a4580
2026-05-07 15:08:04,336 | INFO | Heartbeat | watch=KXBTC15M-26MAY071515-15 yes_bid=12 yes_ask=13 no_bid=87 no_ask=88 book_ready=True position=False pending=False dry_run=False trust=synced run_id=99e01c3f-0a04-4449-b1b4-e6daca2a4580
2026-05-07 15:08:19,381 | INFO | Heartbeat | watch=KXBTC15M-26MAY071515-15 yes_bid=12 yes_ask=13 no_bid=87 no_ask=88 book_ready=True position=False pending=False dry_run=False trust=synced run_id=99e01c3f-0a04-4449-b1b4-e6daca2a4580
2026-05-07 15:08:34,418 | INFO | Heartbeat | watch=KXBTC15M-26MAY071515-15 yes_bid=10 yes_ask=12 no_bid=88 no_ask=90 book_ready=True position=False pending=False dry_run=False trust=synced run_id=99e01c3f-0a04-4449-b1b4-e6daca2a4580
2026-05-07 15:08:49,433 | INFO | Heartbeat | watch=KXBTC15M-26MAY071515-15 yes_bid=10 yes_ask=10 no_bid=90 no_ask=90 book_ready=True position=False pending=False dry_run=False trust=synced run_id=99e01c3f-0a04-4449-b1b4-e6daca2a4580
2026-05-07 15:09:04,516 | INFO | Heartbeat | watch=KXBTC15M-26MAY071515-15 yes_bid=10 yes_ask=11 no_bid=89 no_ask=90 book_ready=True position=False pending=False dry_run=False trust=synced run_id=99e01c3f-0a04-4449-b1b4-e6daca2a4580
2026-05-07 15:09:19,515 | INFO | Heartbeat | watch=KXBTC15M-26MAY071515-15 yes_bid=5 yes_ask=5 no_bid=95 no_ask=95 book_ready=True position=False pending=False dry_run=False trust=synced run_id=99e01c3f-0a04-4449-b1b4-e6daca2a4580
2026-05-07 15:09:34,539 | INFO | Heartbeat | watch=KXBTC15M-26MAY071515-15 yes_bid=4 yes_ask=5 no_bid=95 no_ask=96 book_ready=True position=False pending=False dry_run=False trust=synced run_id=99e01c3f-0a04-4449-b1b4-e6daca2a4580
2026-05-07 15:09:49,574 | INFO | Heartbeat | watch=KXBTC15M-26MAY071515-15 yes_bid=5 yes_ask=6 no_bid=94 no_ask=95 book_ready=True position=False pending=False dry_run=False trust=synced run_id=99e01c3f-0a04-4449-b1b4-e6daca2a4580
2026-05-07 15:10:04,612 | INFO | Heartbeat | watch=KXBTC15M-26MAY071515-15 yes_bid=4 yes_ask=5 no_bid=95 no_ask=96 book_ready=True position=False pending=False dry_run=False trust=synced run_id=99e01c3f-0a04-4449-b1b4-e6daca2a4580
2026-05-07 15:10:19,622 | INFO | Heartbeat | watch=KXBTC15M-26MAY071515-15 yes_bid=5 yes_ask=5 no_bid=95 no_ask=95 book_ready=True position=False pending=False dry_run=False trust=synced run_id=99e01c3f-0a04-4449-b1b4-e6daca2a4580
2026-05-07 15:10:34,623 | INFO | Heartbeat | watch=KXBTC15M-26MAY071515-15 yes_bid=5 yes_ask=5 no_bid=95 no_ask=95 book_ready=True position=False pending=False dry_run=False trust=synced run_id=99e01c3f-0a04-4449-b1b4-e6daca2a4580
2026-05-07 15:10:49,661 | INFO | Heartbeat | watch=KXBTC15M-26MAY071515-15 yes_bid=4 yes_ask=5 no_bid=95 no_ask=96 book_ready=True position=False pending=False dry_run=False trust=synced run_id=99e01c3f-0a04-4449-b1b4-e6daca2a4580
2026-05-07 15:11:04,663 | INFO | Heartbeat | watch=KXBTC15M-26MAY071515-15 yes_bid=2 yes_ask=3 no_bid=97 no_ask=98 book_ready=True position=False pending=False dry_run=False trust=synced run_id=99e01c3f-0a04-4449-b1b4-e6daca2a4580
2026-05-07 15:11:19,685 | INFO | Heartbeat | watch=KXBTC15M-26MAY071515-15 yes_bid=3 yes_ask=4 no_bid=96 no_ask=97 book_ready=True position=False pending=False dry_run=False trust=synced run_id=99e01c3f-0a04-4449-b1b4-e6daca2a4580
2026-05-07 15:11:34,717 | INFO | Heartbeat | watch=KXBTC15M-26MAY071515-15 yes_bid=2 yes_ask=3 no_bid=97 no_ask=98 book_ready=True position=False pending=False dry_run=False trust=synced run_id=99e01c3f-0a04-4449-b1b4-e6daca2a4580
2026-05-07 15:11:49,784 | INFO | Heartbeat | watch=KXBTC15M-26MAY071515-15 yes_bid=3 yes_ask=4 no_bid=96 no_ask=97 book_ready=True position=False pending=False dry_run=False trust=synced run_id=99e01c3f-0a04-4449-b1b4-e6daca2a4580
2026-05-07 15:12:04,820 | INFO | Heartbeat | watch=KXBTC15M-26MAY071515-15 yes_bid=2 yes_ask=3 no_bid=97 no_ask=98 book_ready=True position=False pending=False dry_run=False trust=synced run_id=99e01c3f-0a04-4449-b1b4-e6daca2a4580
2026-05-07 15:12:19,864 | INFO | Heartbeat | watch=KXBTC15M-26MAY071515-15 yes_bid=3 yes_ask=4 no_bid=96 no_ask=97 book_ready=True position=False pending=False dry_run=False trust=synced run_id=99e01c3f-0a04-4449-b1b4-e6daca2a4580
2026-05-07 15:12:34,900 | INFO | Heartbeat | watch=KXBTC15M-26MAY071515-15 yes_bid=2 yes_ask=3 no_bid=97 no_ask=98 book_ready=True position=False pending=False dry_run=False trust=synced run_id=99e01c3f-0a04-4449-b1b4-e6daca2a4580
2026-05-07 15:12:49,956 | INFO | Heartbeat | watch=KXBTC15M-26MAY071515-15 yes_bid=4 yes_ask=5 no_bid=95 no_ask=96 book_ready=True position=False pending=False dry_run=False trust=synced run_id=99e01c3f-0a04-4449-b1b4-e6daca2a4580
2026-05-07 15:13:04,947 | INFO | Heartbeat | watch=KXBTC15M-26MAY071515-15 yes_bid=6 yes_ask=6 no_bid=94 no_ask=94 book_ready=True position=False pending=False dry_run=False trust=synced run_id=99e01c3f-0a04-4449-b1b4-e6daca2a4580
2026-05-07 15:13:19,977 | INFO | Heartbeat | watch=KXBTC15M-26MAY071515-15 yes_bid=9 yes_ask=9 no_bid=91 no_ask=91 book_ready=True position=False pending=False dry_run=False trust=synced run_id=99e01c3f-0a04-4449-b1b4-e6daca2a4580
2026-05-07 15:13:35,027 | INFO | Heartbeat | watch=KXBTC15M-26MAY071515-15 yes_bid=1 yes_ask=3 no_bid=97 no_ask=99 book_ready=True position=False pending=False dry_run=False trust=synced run_id=99e01c3f-0a04-4449-b1b4-e6daca2a4580
2026-05-07 15:13:50,047 | INFO | Heartbeat | watch=KXBTC15M-26MAY071515-15 yes_bid=0 yes_ask=0 no_bid=100 no_ask=100 book_ready=True position=False pending=False dry_run=False trust=synced run_id=99e01c3f-0a04-4449-b1b4-e6daca2a4580
2026-05-07 15:14:05,082 | INFO | Heartbeat | watch=KXBTC15M-26MAY071515-15 yes_bid=1 yes_ask=1 no_bid=99 no_ask=99 book_ready=True position=False pending=False dry_run=False trust=synced run_id=99e01c3f-0a04-4449-b1b4-e6daca2a4580
2026-05-07 15:14:20,078 | INFO | Heartbeat | watch=KXBTC15M-26MAY071515-15 yes_bid=0 yes_ask=0 no_bid=100 no_ask=100 book_ready=True position=False pending=False dry_run=False trust=synced run_id=99e01c3f-0a04-4449-b1b4-e6daca2a4580
2026-05-07 15:14:35,121 | INFO | Heartbeat | watch=KXBTC15M-26MAY071515-15 yes_bid=0 yes_ask=0 no_bid=100 no_ask=100 book_ready=True position=False pending=False dry_run=False trust=synced run_id=99e01c3f-0a04-4449-b1b4-e6daca2a4580
2026-05-07 15:14:50,141 | INFO | Heartbeat | watch=KXBTC15M-26MAY071515-15 yes_bid=0 yes_ask=0 no_bid=100 no_ask=100 book_ready=True position=False pending=False dry_run=False trust=synced run_id=99e01c3f-0a04-4449-b1b4-e6daca2a4580
2026-05-07 15:15:05,156 | INFO | Heartbeat | watch=KXBTC15M-26MAY071515-15 yes_bid=0 yes_ask=100 no_bid=0 no_ask=100 book_ready=True position=False pending=False dry_run=False trust=synced run_id=99e01c3f-0a04-4449-b1b4-e6daca2a4580
2026-05-07 15:15:06,488 | INFO | Orderbook snapshot ready for KXBTC15M-26MAY071515-15
2026-05-07 15:15:15,926 | INFO | Watching market KXBTC15M-26MAY071530-30 close_time=2026-05-07T19:30:00Z status=active strike=80160.32 run_id=99e01c3f-0a04-4449-b1b4-e6daca2a4580
2026-05-07 15:15:16,129 | INFO | WS connected for KXBTC15M-26MAY071530-30
2026-05-07 15:15:16,153 | INFO | WS subscribed payload: {'type': 'subscribed', 'id': 6, 'msg': {'channel': 'ticker', 'sid': 1}}
2026-05-07 15:15:16,153 | INFO | WS subscribed payload: {'type': 'subscribed', 'id': 6, 'msg': {'channel': 'orderbook_delta', 'sid': 2}}
2026-05-07 15:15:16,153 | INFO | Orderbook snapshot ready for KXBTC15M-26MAY071530-30
2026-05-07 15:15:20,182 | INFO | Heartbeat | watch=KXBTC15M-26MAY071530-30 yes_bid=53 yes_ask=55 no_bid=45 no_ask=47 book_ready=True position=False pending=False dry_run=False trust=synced run_id=99e01c3f-0a04-4449-b1b4-e6daca2a4580
2026-05-07 15:15:35,285 | INFO | Heartbeat | watch=KXBTC15M-26MAY071530-30 yes_bid=44 yes_ask=46 no_bid=54 no_ask=56 book_ready=True position=False pending=False dry_run=False trust=synced run_id=99e01c3f-0a04-4449-b1b4-e6daca2a4580
2026-05-07 15:15:50,291 | INFO | Heartbeat | watch=KXBTC15M-26MAY071530-30 yes_bid=46 yes_ask=47 no_bid=53 no_ask=54 book_ready=True position=False pending=False dry_run=False trust=synced run_id=99e01c3f-0a04-4449-b1b4-e6daca2a4580
2026-05-07 15:16:05,344 | INFO | Heartbeat | watch=KXBTC15M-26MAY071530-30 yes_bid=46 yes_ask=47 no_bid=53 no_ask=54 book_ready=True position=False pending=False dry_run=False trust=synced run_id=99e01c3f-0a04-4449-b1b4-e6daca2a4580
2026-05-07 15:16:20,378 | INFO | Heartbeat | watch=KXBTC15M-26MAY071530-30 yes_bid=51 yes_ask=52 no_bid=48 no_ask=49 book_ready=True position=False pending=False dry_run=False trust=synced run_id=99e01c3f-0a04-4449-b1b4-e6daca2a4580
2026-05-07 15:16:35,418 | INFO | Heartbeat | watch=KXBTC15M-26MAY071530-30 yes_bid=57 yes_ask=58 no_bid=42 no_ask=43 book_ready=True position=False pending=False dry_run=False trust=synced run_id=99e01c3f-0a04-4449-b1b4-e6daca2a4580
2026-05-07 15:16:50,432 | INFO | Heartbeat | watch=KXBTC15M-26MAY071530-30 yes_bid=59 yes_ask=60 no_bid=40 no_ask=41 book_ready=True position=False pending=False dry_run=False trust=synced run_id=99e01c3f-0a04-4449-b1b4-e6daca2a4580
2026-05-07 15:17:05,485 | INFO | Heartbeat | watch=KXBTC15M-26MAY071530-30 yes_bid=62 yes_ask=63 no_bid=37 no_ask=38 book_ready=True position=False pending=False dry_run=False trust=synced run_id=99e01c3f-0a04-4449-b1b4-e6daca2a4580
2026-05-07 15:17:20,526 | INFO | Heartbeat | watch=KXBTC15M-26MAY071530-30 yes_bid=64 yes_ask=65 no_bid=35 no_ask=36 book_ready=True position=False pending=False dry_run=False trust=synced run_id=99e01c3f-0a04-4449-b1b4-e6daca2a4580
2026-05-07 15:17:35,578 | INFO | Heartbeat | watch=KXBTC15M-26MAY071530-30 yes_bid=66 yes_ask=67 no_bid=33 no_ask=34 book_ready=True position=False pending=False dry_run=False trust=synced run_id=99e01c3f-0a04-4449-b1b4-e6daca2a4580
2026-05-07 15:17:50,608 | INFO | Heartbeat | watch=KXBTC15M-26MAY071530-30 yes_bid=37 yes_ask=38 no_bid=62 no_ask=63 book_ready=True position=False pending=False dry_run=False trust=synced run_id=99e01c3f-0a04-4449-b1b4-e6daca2a4580
2026-05-07 15:17:59,001 | INFO | Mushroom v28 entry approved | market=KXBTC15M-26MAY071530-30 side=no ask=77c max_buy=80c qty=1 p_side=0.8214 edge=3.144c depth=1534.79 btc_age_ms=0.0 secs_to_close=721.00
2026-05-07 15:17:59,026 | INFO | Execution state | market=KXBTC15M-26MAY071530-30 side=no state=eligible reason=pre_filters_disabled trust=synced run_id=99e01c3f-0a04-4449-b1b4-e6daca2a4580
2026-05-07 15:17:59,034 | INFO | Live fill policy approved | market=KXBTC15M-26MAY071530-30 side=no trigger=77c tif=immediate_or_cancel limit=77c depth=1534.79 required=2 book_age_ms=844.0 secs_to_close=721.00 reason=single_shot_abundant_depth
2026-05-07 15:17:59,034 | INFO | ENTRY signal | market=KXBTC15M-26MAY071530-30 action=buy side=no trigger=77c limit=77c qty=1 book_ready=True
2026-05-07 15:17:59,034 | INFO | Execution state | market=KXBTC15M-26MAY071530-30 side=no state=submitting reason=single_shot_abundant_depth trust=synced run_id=99e01c3f-0a04-4449-b1b4-e6daca2a4580
2026-05-07 15:17:59,091 | INFO | ENTRY immediate fill | market=KXBTC15M-26MAY071530-30 side=no qty=1 limit=77c
2026-05-07 15:17:59,091 | INFO | Execution state | market=KXBTC15M-26MAY071530-30 side=no state=filled reason=single_shot_abundant_depth trust=synced run_id=99e01c3f-0a04-4449-b1b4-e6daca2a4580
2026-05-07 15:18:05,648 | INFO | Heartbeat | watch=KXBTC15M-26MAY071530-30 yes_bid=17 yes_ask=18 no_bid=82 no_ask=83 book_ready=True position=True pending=False dry_run=False trust=synced run_id=99e01c3f-0a04-4449-b1b4-e6daca2a4580
2026-05-07 15:18:20,657 | INFO | Heartbeat | watch=KXBTC15M-26MAY071530-30 yes_bid=19 yes_ask=20 no_bid=80 no_ask=81 book_ready=True position=True pending=False dry_run=False trust=synced run_id=99e01c3f-0a04-4449-b1b4-e6daca2a4580
2026-05-07 15:18:35,692 | INFO | Heartbeat | watch=KXBTC15M-26MAY071530-30 yes_bid=20 yes_ask=21 no_bid=79 no_ask=80 book_ready=True position=True pending=False dry_run=False trust=synced run_id=99e01c3f-0a04-4449-b1b4-e6daca2a4580
2026-05-07 15:18:50,163 | INFO | EXIT signal | market=KXBTC15M-26MAY071530-30 action=sell side=no trigger=80c limit=80c qty=1 book_ready=True mode=single_shot_ioc slices=1 attempt=0
2026-05-07 15:18:50,165 | INFO | Latency | purpose=exit feed_age_ms=79.0 local_reaction_ms=0.0 trigger_seen_at=2026-05-07T19:18:50.165133+00:00 market_msg_time=2026-05-07T19:18:50.08613Z
2026-05-07 15:18:50,166 | INFO | Exit plan approved | market=KXBTC15M-26MAY071530-30 side=no trigger=80c limit=80c top_bid=80 depth=478.45 required=1 book_age_ms=16.0 secs_to_close=669.84 reason=mushroom_v28_exit_value_over_hold_single_shot_visible_depth mode=single_shot_ioc attempt=0
2026-05-07 15:18:50,228 | INFO | EXIT fill | market=KXBTC15M-26MAY071530-30 side=no slice=1/1 qty=1 cumulative=1/1 remaining=0
2026-05-07 15:18:50,739 | INFO | Heartbeat | watch=KXBTC15M-26MAY071530-30 yes_bid=19 yes_ask=20 no_bid=80 no_ask=81 book_ready=True position=False pending=False dry_run=False trust=synced run_id=99e01c3f-0a04-4449-b1b4-e6daca2a4580
2026-05-07 15:19:05,756 | INFO | Heartbeat | watch=KXBTC15M-26MAY071530-30 yes_bid=19 yes_ask=20 no_bid=80 no_ask=81 book_ready=True position=False pending=False dry_run=False trust=synced run_id=99e01c3f-0a04-4449-b1b4-e6daca2a4580
2026-05-07 15:19:20,746 | INFO | Heartbeat | watch=KXBTC15M-26MAY071530-30 yes_bid=11 yes_ask=12 no_bid=88 no_ask=89 book_ready=True position=False pending=False dry_run=False trust=synced run_id=99e01c3f-0a04-4449-b1b4-e6daca2a4580
2026-05-07 15:19:35,758 | INFO | Heartbeat | watch=KXBTC15M-26MAY071530-30 yes_bid=9 yes_ask=9 no_bid=91 no_ask=91 book_ready=True position=False pending=False dry_run=False trust=synced run_id=99e01c3f-0a04-4449-b1b4-e6daca2a4580
2026-05-07 15:19:50,752 | INFO | Heartbeat | watch=KXBTC15M-26MAY071530-30 yes_bid=12 yes_ask=13 no_bid=87 no_ask=88 book_ready=True position=False pending=False dry_run=False trust=synced run_id=99e01c3f-0a04-4449-b1b4-e6daca2a4580
2026-05-07 15:20:05,751 | INFO | Heartbeat | watch=KXBTC15M-26MAY071530-30 yes_bid=10 yes_ask=11 no_bid=89 no_ask=90 book_ready=True position=False pending=False dry_run=False trust=synced run_id=99e01c3f-0a04-4449-b1b4-e6daca2a4580
2026-05-07 15:20:20,759 | INFO | Heartbeat | watch=KXBTC15M-26MAY071530-30 yes_bid=13 yes_ask=14 no_bid=86 no_ask=87 book_ready=True position=False pending=False dry_run=False trust=synced run_id=99e01c3f-0a04-4449-b1b4-e6daca2a4580
2026-05-07 15:20:35,771 | INFO | Heartbeat | watch=KXBTC15M-26MAY071530-30 yes_bid=10 yes_ask=11 no_bid=89 no_ask=90 book_ready=True position=False pending=False dry_run=False trust=synced run_id=99e01c3f-0a04-4449-b1b4-e6daca2a4580
2026-05-07 15:20:50,788 | INFO | Heartbeat | watch=KXBTC15M-26MAY071530-30 yes_bid=11 yes_ask=12 no_bid=88 no_ask=89 book_ready=True position=False pending=False dry_run=False trust=synced run_id=99e01c3f-0a04-4449-b1b4-e6daca2a4580
2026-05-07 15:21:05,786 | INFO | Heartbeat | watch=KXBTC15M-26MAY071530-30 yes_bid=13 yes_ask=14 no_bid=86 no_ask=87 book_ready=True position=False pending=False dry_run=False trust=synced run_id=99e01c3f-0a04-4449-b1b4-e6daca2a4580
2026-05-07 15:21:20,805 | INFO | Heartbeat | watch=KXBTC15M-26MAY071530-30 yes_bid=13 yes_ask=14 no_bid=86 no_ask=87 book_ready=True position=False pending=False dry_run=False trust=synced run_id=99e01c3f-0a04-4449-b1b4-e6daca2a4580
2026-05-07 15:21:35,819 | INFO | Heartbeat | watch=KXBTC15M-26MAY071530-30 yes_bid=10 yes_ask=11 no_bid=89 no_ask=90 book_ready=True position=False pending=False dry_run=False trust=synced run_id=99e01c3f-0a04-4449-b1b4-e6daca2a4580
2026-05-07 15:21:50,893 | INFO | Heartbeat | watch=KXBTC15M-26MAY071530-30 yes_bid=6 yes_ask=7 no_bid=93 no_ask=94 book_ready=True position=False pending=False dry_run=False trust=synced run_id=99e01c3f-0a04-4449-b1b4-e6daca2a4580
2026-05-07 15:22:05,918 | INFO | Heartbeat | watch=KXBTC15M-26MAY071530-30 yes_bid=6 yes_ask=7 no_bid=93 no_ask=94 book_ready=True position=False pending=False dry_run=False trust=synced run_id=99e01c3f-0a04-4449-b1b4-e6daca2a4580
2026-05-07 15:22:20,956 | INFO | Heartbeat | watch=KXBTC15M-26MAY071530-30 yes_bid=8 yes_ask=9 no_bid=91 no_ask=92 book_ready=True position=False pending=False dry_run=False trust=synced run_id=99e01c3f-0a04-4449-b1b4-e6daca2a4580
2026-05-07 15:22:35,957 | INFO | Heartbeat | watch=KXBTC15M-26MAY071530-30 yes_bid=10 yes_ask=12 no_bid=88 no_ask=90 book_ready=True position=False pending=False dry_run=False trust=synced run_id=99e01c3f-0a04-4449-b1b4-e6daca2a4580
2026-05-07 15:22:51,004 | INFO | Heartbeat | watch=KXBTC15M-26MAY071530-30 yes_bid=8 yes_ask=9 no_bid=91 no_ask=92 book_ready=True position=False pending=False dry_run=False trust=synced run_id=99e01c3f-0a04-4449-b1b4-e6daca2a4580
2026-05-07 15:23:06,034 | INFO | Heartbeat | watch=KXBTC15M-26MAY071530-30 yes_bid=6 yes_ask=8 no_bid=92 no_ask=94 book_ready=True position=False pending=False dry_run=False trust=synced run_id=99e01c3f-0a04-4449-b1b4-e6daca2a4580
2026-05-07 15:23:21,064 | INFO | Heartbeat | watch=KXBTC15M-26MAY071530-30 yes_bid=8 yes_ask=8 no_bid=92 no_ask=92 book_ready=True position=False pending=False dry_run=False trust=synced run_id=99e01c3f-0a04-4449-b1b4-e6daca2a4580
2026-05-07 15:23:36,091 | INFO | Heartbeat | watch=KXBTC15M-26MAY071530-30 yes_bid=5 yes_ask=6 no_bid=94 no_ask=95 book_ready=True position=False pending=False dry_run=False trust=synced run_id=99e01c3f-0a04-4449-b1b4-e6daca2a4580
2026-05-07 15:23:51,108 | INFO | Heartbeat | watch=KXBTC15M-26MAY071530-30 yes_bid=4 yes_ask=5 no_bid=95 no_ask=96 book_ready=True position=False pending=False dry_run=False trust=synced run_id=99e01c3f-0a04-4449-b1b4-e6daca2a4580
2026-05-07 15:24:06,124 | INFO | Heartbeat | watch=KXBTC15M-26MAY071530-30 yes_bid=3 yes_ask=4 no_bid=96 no_ask=97 book_ready=True position=False pending=False dry_run=False trust=synced run_id=99e01c3f-0a04-4449-b1b4-e6daca2a4580
2026-05-07 15:24:16,601 | WARNING | Market refresh failed. Keeping current watch. Error: HTTPSConnectionPool(host='api.elections.kalshi.com', port=443): Read timed out. (read timeout=5.0)
2026-05-07 15:24:16,974 | WARNING | Live account state refresh failed. Blocking live entries until refresh succeeds. Error: HTTPSConnectionPool(host='api.elections.kalshi.com', port=443): Read timed out. (read timeout=5.0)
2026-05-07 15:24:21,132 | INFO | Heartbeat | watch=KXBTC15M-26MAY071530-30 yes_bid=2 yes_ask=3 no_bid=97 no_ask=98 book_ready=True position=False pending=False dry_run=False trust=synced run_id=99e01c3f-0a04-4449-b1b4-e6daca2a4580
2026-05-07 15:24:34,487 | WARNING | Mushroom v28 BTC tick stream failed. reconnect_seconds=1.00 error=no close frame received or sent
2026-05-07 15:24:35,497 | WARNING | WS loop error for KXBTC15M-26MAY071530-30: no close frame received or sent
2026-05-07 15:24:36,257 | INFO | Heartbeat | watch=KXBTC15M-26MAY071530-30 yes_bid=2 yes_ask=3 no_bid=97 no_ask=98 book_ready=True position=False pending=False dry_run=False trust=synced run_id=99e01c3f-0a04-4449-b1b4-e6daca2a4580
2026-05-07 15:24:36,893 | INFO | WS connected for KXBTC15M-26MAY071530-30
2026-05-07 15:24:37,039 | INFO | WS subscribed payload: {'type': 'subscribed', 'id': 6, 'msg': {'channel': 'ticker', 'sid': 1}}
2026-05-07 15:24:37,039 | INFO | WS subscribed payload: {'type': 'subscribed', 'id': 6, 'msg': {'channel': 'orderbook_delta', 'sid': 2}}
2026-05-07 15:24:37,045 | INFO | Orderbook snapshot ready for KXBTC15M-26MAY071530-30
2026-05-07 15:24:37,364 | INFO | Mushroom v28 BTC tick stream connected | source=binance_trade url=wss://stream.binance.us:9443/ws/btcusdt@trade
2026-05-07 15:24:51,268 | INFO | Heartbeat | watch=KXBTC15M-26MAY071530-30 yes_bid=1 yes_ask=2 no_bid=98 no_ask=99 book_ready=True position=False pending=False dry_run=False trust=synced run_id=99e01c3f-0a04-4449-b1b4-e6daca2a4580
2026-05-07 15:25:06,303 | INFO | Heartbeat | watch=KXBTC15M-26MAY071530-30 yes_bid=1 yes_ask=1 no_bid=99 no_ask=99 book_ready=True position=False pending=False dry_run=False trust=synced run_id=99e01c3f-0a04-4449-b1b4-e6daca2a4580
2026-05-07 15:25:21,346 | INFO | Heartbeat | watch=KXBTC15M-26MAY071530-30 yes_bid=1 yes_ask=1 no_bid=99 no_ask=99 book_ready=True position=False pending=False dry_run=False trust=synced run_id=99e01c3f-0a04-4449-b1b4-e6daca2a4580
2026-05-07 15:25:36,349 | INFO | Heartbeat | watch=KXBTC15M-26MAY071530-30 yes_bid=1 yes_ask=1 no_bid=99 no_ask=99 book_ready=True position=False pending=False dry_run=False trust=synced run_id=99e01c3f-0a04-4449-b1b4-e6daca2a4580
2026-05-07 15:25:51,343 | INFO | Heartbeat | watch=KXBTC15M-26MAY071530-30 yes_bid=1 yes_ask=1 no_bid=99 no_ask=99 book_ready=True position=False pending=False dry_run=False trust=synced run_id=99e01c3f-0a04-4449-b1b4-e6daca2a4580
2026-05-07 15:26:06,437 | INFO | Heartbeat | watch=KXBTC15M-26MAY071530-30 yes_bid=1 yes_ask=1 no_bid=99 no_ask=99 book_ready=True position=False pending=False dry_run=False trust=synced run_id=99e01c3f-0a04-4449-b1b4-e6daca2a4580
2026-05-07 15:26:21,457 | INFO | Heartbeat | watch=KXBTC15M-26MAY071530-30 yes_bid=1 yes_ask=1 no_bid=99 no_ask=99 book_ready=True position=False pending=False dry_run=False trust=synced run_id=99e01c3f-0a04-4449-b1b4-e6daca2a4580
2026-05-07 15:26:36,482 | INFO | Heartbeat | watch=KXBTC15M-26MAY071530-30 yes_bid=0 yes_ask=1 no_bid=99 no_ask=100 book_ready=True position=False pending=False dry_run=False trust=synced run_id=99e01c3f-0a04-4449-b1b4-e6daca2a4580
2026-05-07 15:26:51,505 | INFO | Heartbeat | watch=KXBTC15M-26MAY071530-30 yes_bid=0 yes_ask=0 no_bid=100 no_ask=100 book_ready=True position=False pending=False dry_run=False trust=synced run_id=99e01c3f-0a04-4449-b1b4-e6daca2a4580
2026-05-07 15:27:06,520 | INFO | Heartbeat | watch=KXBTC15M-26MAY071530-30 yes_bid=0 yes_ask=1 no_bid=99 no_ask=100 book_ready=True position=False pending=False dry_run=False trust=synced run_id=99e01c3f-0a04-4449-b1b4-e6daca2a4580
2026-05-07 15:27:21,532 | INFO | Heartbeat | watch=KXBTC15M-26MAY071530-30 yes_bid=1 yes_ask=1 no_bid=99 no_ask=99 book_ready=True position=False pending=False dry_run=False trust=synced run_id=99e01c3f-0a04-4449-b1b4-e6daca2a4580
2026-05-07 15:27:36,584 | INFO | Heartbeat | watch=KXBTC15M-26MAY071530-30 yes_bid=1 yes_ask=1 no_bid=99 no_ask=99 book_ready=True position=False pending=False dry_run=False trust=synced run_id=99e01c3f-0a04-4449-b1b4-e6daca2a4580
2026-05-07 15:27:51,613 | INFO | Heartbeat | watch=KXBTC15M-26MAY071530-30 yes_bid=1 yes_ask=1 no_bid=99 no_ask=99 book_ready=True position=False pending=False dry_run=False trust=synced run_id=99e01c3f-0a04-4449-b1b4-e6daca2a4580
2026-05-07 15:28:06,647 | INFO | Heartbeat | watch=KXBTC15M-26MAY071530-30 yes_bid=0 yes_ask=1 no_bid=99 no_ask=100 book_ready=True position=False pending=False dry_run=False trust=synced run_id=99e01c3f-0a04-4449-b1b4-e6daca2a4580
2026-05-07 15:28:21,667 | INFO | Heartbeat | watch=KXBTC15M-26MAY071530-30 yes_bid=0 yes_ask=1 no_bid=99 no_ask=100 book_ready=True position=False pending=False dry_run=False trust=synced run_id=99e01c3f-0a04-4449-b1b4-e6daca2a4580
2026-05-07 15:28:36,706 | INFO | Heartbeat | watch=KXBTC15M-26MAY071530-30 yes_bid=0 yes_ask=1 no_bid=99 no_ask=100 book_ready=True position=False pending=False dry_run=False trust=synced run_id=99e01c3f-0a04-4449-b1b4-e6daca2a4580
2026-05-07 15:28:51,732 | INFO | Heartbeat | watch=KXBTC15M-26MAY071530-30 yes_bid=0 yes_ask=0 no_bid=100 no_ask=100 book_ready=True position=False pending=False dry_run=False trust=synced run_id=99e01c3f-0a04-4449-b1b4-e6daca2a4580
2026-05-07 15:29:06,762 | INFO | Heartbeat | watch=KXBTC15M-26MAY071530-30 yes_bid=0 yes_ask=0 no_bid=100 no_ask=100 book_ready=True position=False pending=False dry_run=False trust=synced run_id=99e01c3f-0a04-4449-b1b4-e6daca2a4580
2026-05-07 15:29:21,750 | INFO | Heartbeat | watch=KXBTC15M-26MAY071530-30 yes_bid=0 yes_ask=0 no_bid=100 no_ask=100 book_ready=True position=False pending=False dry_run=False trust=synced run_id=99e01c3f-0a04-4449-b1b4-e6daca2a4580
2026-05-07 15:29:36,769 | INFO | Heartbeat | watch=KXBTC15M-26MAY071530-30 yes_bid=0 yes_ask=0 no_bid=100 no_ask=100 book_ready=True position=False pending=False dry_run=False trust=synced run_id=99e01c3f-0a04-4449-b1b4-e6daca2a4580
2026-05-07 15:29:51,797 | INFO | Heartbeat | watch=KXBTC15M-26MAY071530-30 yes_bid=0 yes_ask=0 no_bid=100 no_ask=100 book_ready=True position=False pending=False dry_run=False trust=synced run_id=99e01c3f-0a04-4449-b1b4-e6daca2a4580
2026-05-07 15:30:06,736 | INFO | Orderbook snapshot ready for KXBTC15M-26MAY071530-30
2026-05-07 15:30:06,800 | INFO | Heartbeat | watch=KXBTC15M-26MAY071530-30 yes_bid=0 yes_ask=100 no_bid=0 no_ask=100 book_ready=True position=False pending=False dry_run=False trust=synced run_id=99e01c3f-0a04-4449-b1b4-e6daca2a4580
2026-05-07 15:30:15,123 | INFO | Watching market KXBTC15M-26MAY071545-45 close_time=2026-05-07T19:45:00Z status=active strike=79973.69 run_id=99e01c3f-0a04-4449-b1b4-e6daca2a4580
2026-05-07 15:30:15,338 | INFO | WS connected for KXBTC15M-26MAY071545-45
2026-05-07 15:30:15,369 | INFO | WS subscribed payload: {'type': 'subscribed', 'id': 7, 'msg': {'channel': 'ticker', 'sid': 1}}
2026-05-07 15:30:15,369 | INFO | WS subscribed payload: {'type': 'subscribed', 'id': 7, 'msg': {'channel': 'orderbook_delta', 'sid': 2}}
2026-05-07 15:30:15,369 | INFO | Orderbook snapshot ready for KXBTC15M-26MAY071545-45
2026-05-07 15:30:21,806 | INFO | Heartbeat | watch=KXBTC15M-26MAY071545-45 yes_bid=55 yes_ask=57 no_bid=43 no_ask=45 book_ready=True position=False pending=False dry_run=False trust=synced run_id=99e01c3f-0a04-4449-b1b4-e6daca2a4580
2026-05-07 15:30:36,820 | INFO | Heartbeat | watch=KXBTC15M-26MAY071545-45 yes_bid=62 yes_ask=64 no_bid=36 no_ask=38 book_ready=True position=False pending=False dry_run=False trust=synced run_id=99e01c3f-0a04-4449-b1b4-e6daca2a4580
2026-05-07 15:30:51,832 | INFO | Heartbeat | watch=KXBTC15M-26MAY071545-45 yes_bid=63 yes_ask=64 no_bid=36 no_ask=37 book_ready=True position=False pending=False dry_run=False trust=synced run_id=99e01c3f-0a04-4449-b1b4-e6daca2a4580
2026-05-07 15:31:06,858 | INFO | Heartbeat | watch=KXBTC15M-26MAY071545-45 yes_bid=66 yes_ask=67 no_bid=33 no_ask=34 book_ready=True position=False pending=False dry_run=False trust=synced run_id=99e01c3f-0a04-4449-b1b4-e6daca2a4580
2026-05-07 15:31:21,880 | INFO | Heartbeat | watch=KXBTC15M-26MAY071545-45 yes_bid=70 yes_ask=71 no_bid=29 no_ask=30 book_ready=True position=False pending=False dry_run=False trust=synced run_id=99e01c3f-0a04-4449-b1b4-e6daca2a4580
2026-05-07 15:31:36,909 | INFO | Heartbeat | watch=KXBTC15M-26MAY071545-45 yes_bid=68 yes_ask=69 no_bid=31 no_ask=32 book_ready=True position=False pending=False dry_run=False trust=synced run_id=99e01c3f-0a04-4449-b1b4-e6daca2a4580
2026-05-07 15:31:51,934 | INFO | Heartbeat | watch=KXBTC15M-26MAY071545-45 yes_bid=72 yes_ask=73 no_bid=27 no_ask=28 book_ready=True position=False pending=False dry_run=False trust=synced run_id=99e01c3f-0a04-4449-b1b4-e6daca2a4580
2026-05-07 15:32:06,961 | INFO | Heartbeat | watch=KXBTC15M-26MAY071545-45 yes_bid=70 yes_ask=71 no_bid=29 no_ask=30 book_ready=True position=False pending=False dry_run=False trust=synced run_id=99e01c3f-0a04-4449-b1b4-e6daca2a4580
2026-05-07 15:32:21,959 | INFO | Heartbeat | watch=KXBTC15M-26MAY071545-45 yes_bid=71 yes_ask=72 no_bid=28 no_ask=29 book_ready=True position=False pending=False dry_run=False trust=synced run_id=99e01c3f-0a04-4449-b1b4-e6daca2a4580
2026-05-07 15:32:36,953 | INFO | Heartbeat | watch=KXBTC15M-26MAY071545-45 yes_bid=72 yes_ask=74 no_bid=26 no_ask=28 book_ready=True position=False pending=False dry_run=False trust=synced run_id=99e01c3f-0a04-4449-b1b4-e6daca2a4580
2026-05-07 15:32:51,964 | INFO | Heartbeat | watch=KXBTC15M-26MAY071545-45 yes_bid=72 yes_ask=73 no_bid=27 no_ask=28 book_ready=True position=False pending=False dry_run=False trust=synced run_id=99e01c3f-0a04-4449-b1b4-e6daca2a4580
2026-05-07 15:33:07,010 | INFO | Heartbeat | watch=KXBTC15M-26MAY071545-45 yes_bid=64 yes_ask=65 no_bid=35 no_ask=36 book_ready=True position=False pending=False dry_run=False trust=synced run_id=99e01c3f-0a04-4449-b1b4-e6daca2a4580
2026-05-07 15:33:22,026 | INFO | Heartbeat | watch=KXBTC15M-26MAY071545-45 yes_bid=64 yes_ask=65 no_bid=35 no_ask=36 book_ready=True position=False pending=False dry_run=False trust=synced run_id=99e01c3f-0a04-4449-b1b4-e6daca2a4580
2026-05-07 15:33:37,052 | INFO | Heartbeat | watch=KXBTC15M-26MAY071545-45 yes_bid=62 yes_ask=65 no_bid=35 no_ask=38 book_ready=True position=False pending=False dry_run=False trust=synced run_id=99e01c3f-0a04-4449-b1b4-e6daca2a4580
2026-05-07 15:33:52,093 | INFO | Heartbeat | watch=KXBTC15M-26MAY071545-45 yes_bid=74 yes_ask=75 no_bid=25 no_ask=26 book_ready=True position=False pending=False dry_run=False trust=synced run_id=99e01c3f-0a04-4449-b1b4-e6daca2a4580
2026-05-07 15:34:07,081 | INFO | Heartbeat | watch=KXBTC15M-26MAY071545-45 yes_bid=79 yes_ask=80 no_bid=20 no_ask=21 book_ready=True position=False pending=False dry_run=False trust=synced run_id=99e01c3f-0a04-4449-b1b4-e6daca2a4580
2026-05-07 15:34:22,100 | INFO | Heartbeat | watch=KXBTC15M-26MAY071545-45 yes_bid=79 yes_ask=80 no_bid=20 no_ask=21 book_ready=True position=False pending=False dry_run=False trust=synced run_id=99e01c3f-0a04-4449-b1b4-e6daca2a4580
2026-05-07 15:34:37,109 | INFO | Heartbeat | watch=KXBTC15M-26MAY071545-45 yes_bid=78 yes_ask=79 no_bid=21 no_ask=22 book_ready=True position=False pending=False dry_run=False trust=synced run_id=99e01c3f-0a04-4449-b1b4-e6daca2a4580
2026-05-07 15:34:52,127 | INFO | Heartbeat | watch=KXBTC15M-26MAY071545-45 yes_bid=80 yes_ask=81 no_bid=19 no_ask=20 book_ready=True position=False pending=False dry_run=False trust=synced run_id=99e01c3f-0a04-4449-b1b4-e6daca2a4580
2026-05-07 15:35:07,169 | INFO | Heartbeat | watch=KXBTC15M-26MAY071545-45 yes_bid=84 yes_ask=85 no_bid=15 no_ask=16 book_ready=True position=False pending=False dry_run=False trust=synced run_id=99e01c3f-0a04-4449-b1b4-e6daca2a4580
2026-05-07 15:35:22,187 | INFO | Heartbeat | watch=KXBTC15M-26MAY071545-45 yes_bid=84 yes_ask=86 no_bid=14 no_ask=16 book_ready=True position=False pending=False dry_run=False trust=synced run_id=99e01c3f-0a04-4449-b1b4-e6daca2a4580
2026-05-07 15:35:37,212 | INFO | Heartbeat | watch=KXBTC15M-26MAY071545-45 yes_bid=85 yes_ask=86 no_bid=14 no_ask=15 book_ready=True position=False pending=False dry_run=False trust=synced run_id=99e01c3f-0a04-4449-b1b4-e6daca2a4580
2026-05-07 15:35:52,223 | INFO | Heartbeat | watch=KXBTC15M-26MAY071545-45 yes_bid=85 yes_ask=86 no_bid=14 no_ask=15 book_ready=True position=False pending=False dry_run=False trust=synced run_id=99e01c3f-0a04-4449-b1b4-e6daca2a4580
2026-05-07 15:36:07,257 | INFO | Heartbeat | watch=KXBTC15M-26MAY071545-45 yes_bid=83 yes_ask=84 no_bid=16 no_ask=17 book_ready=True position=False pending=False dry_run=False trust=synced run_id=99e01c3f-0a04-4449-b1b4-e6daca2a4580
2026-05-07 15:36:22,257 | INFO | Heartbeat | watch=KXBTC15M-26MAY071545-45 yes_bid=85 yes_ask=86 no_bid=14 no_ask=15 book_ready=True position=False pending=False dry_run=False trust=synced run_id=99e01c3f-0a04-4449-b1b4-e6daca2a4580
2026-05-07 15:36:37,275 | INFO | Heartbeat | watch=KXBTC15M-26MAY071545-45 yes_bid=88 yes_ask=89 no_bid=11 no_ask=12 book_ready=True position=False pending=False dry_run=False trust=synced run_id=99e01c3f-0a04-4449-b1b4-e6daca2a4580
2026-05-07 15:36:52,294 | INFO | Heartbeat | watch=KXBTC15M-26MAY071545-45 yes_bid=91 yes_ask=92 no_bid=8 no_ask=9 book_ready=True position=False pending=False dry_run=False trust=synced run_id=99e01c3f-0a04-4449-b1b4-e6daca2a4580
2026-05-07 15:37:07,322 | INFO | Heartbeat | watch=KXBTC15M-26MAY071545-45 yes_bid=89 yes_ask=90 no_bid=10 no_ask=11 book_ready=True position=False pending=False dry_run=False trust=synced run_id=99e01c3f-0a04-4449-b1b4-e6daca2a4580
2026-05-07 15:37:22,316 | INFO | Heartbeat | watch=KXBTC15M-26MAY071545-45 yes_bid=89 yes_ask=90 no_bid=10 no_ask=11 book_ready=True position=False pending=False dry_run=False trust=synced run_id=99e01c3f-0a04-4449-b1b4-e6daca2a4580
2026-05-07 15:37:37,345 | INFO | Heartbeat | watch=KXBTC15M-26MAY071545-45 yes_bid=94 yes_ask=95 no_bid=5 no_ask=6 book_ready=True position=False pending=False dry_run=False trust=synced run_id=99e01c3f-0a04-4449-b1b4-e6daca2a4580
2026-05-07 15:37:52,371 | INFO | Heartbeat | watch=KXBTC15M-26MAY071545-45 yes_bid=94 yes_ask=95 no_bid=5 no_ask=6 book_ready=True position=False pending=False dry_run=False trust=synced run_id=99e01c3f-0a04-4449-b1b4-e6daca2a4580
2026-05-07 15:38:07,454 | INFO | Heartbeat | watch=KXBTC15M-26MAY071545-45 yes_bid=97 yes_ask=97 no_bid=3 no_ask=3 book_ready=True position=False pending=False dry_run=False trust=synced run_id=99e01c3f-0a04-4449-b1b4-e6daca2a4580
2026-05-07 15:38:22,463 | INFO | Heartbeat | watch=KXBTC15M-26MAY071545-45 yes_bid=97 yes_ask=98 no_bid=2 no_ask=3 book_ready=True position=False pending=False dry_run=False trust=synced run_id=99e01c3f-0a04-4449-b1b4-e6daca2a4580
2026-05-07 15:38:37,463 | INFO | Heartbeat | watch=KXBTC15M-26MAY071545-45 yes_bid=97 yes_ask=97 no_bid=3 no_ask=3 book_ready=True position=False pending=False dry_run=False trust=synced run_id=99e01c3f-0a04-4449-b1b4-e6daca2a4580
2026-05-07 15:38:52,460 | INFO | Heartbeat | watch=KXBTC15M-26MAY071545-45 yes_bid=97 yes_ask=97 no_bid=3 no_ask=3 book_ready=True position=False pending=False dry_run=False trust=synced run_id=99e01c3f-0a04-4449-b1b4-e6daca2a4580
2026-05-07 15:39:07,494 | INFO | Heartbeat | watch=KXBTC15M-26MAY071545-45 yes_bid=97 yes_ask=98 no_bid=2 no_ask=3 book_ready=True position=False pending=False dry_run=False trust=synced run_id=99e01c3f-0a04-4449-b1b4-e6daca2a4580
2026-05-07 15:39:22,545 | INFO | Heartbeat | watch=KXBTC15M-26MAY071545-45 yes_bid=97 yes_ask=98 no_bid=2 no_ask=3 book_ready=True position=False pending=False dry_run=False trust=synced run_id=99e01c3f-0a04-4449-b1b4-e6daca2a4580
2026-05-07 15:39:37,666 | INFO | Heartbeat | watch=KXBTC15M-26MAY071545-45 yes_bid=98 yes_ask=99 no_bid=1 no_ask=2 book_ready=True position=False pending=False dry_run=False trust=synced run_id=99e01c3f-0a04-4449-b1b4-e6daca2a4580
2026-05-07 15:39:52,689 | INFO | Heartbeat | watch=KXBTC15M-26MAY071545-45 yes_bid=98 yes_ask=99 no_bid=1 no_ask=2 book_ready=True position=False pending=False dry_run=False trust=synced run_id=99e01c3f-0a04-4449-b1b4-e6daca2a4580
2026-05-07 15:40:07,742 | INFO | Heartbeat | watch=KXBTC15M-26MAY071545-45 yes_bid=99 yes_ask=99 no_bid=1 no_ask=1 book_ready=True position=False pending=False dry_run=False trust=synced run_id=99e01c3f-0a04-4449-b1b4-e6daca2a4580
2026-05-07 15:40:22,745 | INFO | Heartbeat | watch=KXBTC15M-26MAY071545-45 yes_bid=99 yes_ask=100 no_bid=0 no_ask=1 book_ready=True position=False pending=False dry_run=False trust=synced run_id=99e01c3f-0a04-4449-b1b4-e6daca2a4580
2026-05-07 15:40:37,776 | INFO | Heartbeat | watch=KXBTC15M-26MAY071545-45 yes_bid=100 yes_ask=100 no_bid=0 no_ask=0 book_ready=True position=False pending=False dry_run=False trust=synced run_id=99e01c3f-0a04-4449-b1b4-e6daca2a4580
2026-05-07 15:40:52,803 | INFO | Heartbeat | watch=KXBTC15M-26MAY071545-45 yes_bid=100 yes_ask=100 no_bid=0 no_ask=0 book_ready=True position=False pending=False dry_run=False trust=synced run_id=99e01c3f-0a04-4449-b1b4-e6daca2a4580
2026-05-07 15:41:07,849 | INFO | Heartbeat | watch=KXBTC15M-26MAY071545-45 yes_bid=100 yes_ask=100 no_bid=0 no_ask=0 book_ready=True position=False pending=False dry_run=False trust=synced run_id=99e01c3f-0a04-4449-b1b4-e6daca2a4580
2026-05-07 15:41:22,853 | INFO | Heartbeat | watch=KXBTC15M-26MAY071545-45 yes_bid=99 yes_ask=100 no_bid=0 no_ask=1 book_ready=True position=False pending=False dry_run=False trust=synced run_id=99e01c3f-0a04-4449-b1b4-e6daca2a4580
2026-05-07 15:41:37,884 | INFO | Heartbeat | watch=KXBTC15M-26MAY071545-45 yes_bid=99 yes_ask=99 no_bid=1 no_ask=1 book_ready=True position=False pending=False dry_run=False trust=synced run_id=99e01c3f-0a04-4449-b1b4-e6daca2a4580
2026-05-07 15:41:52,944 | INFO | Heartbeat | watch=KXBTC15M-26MAY071545-45 yes_bid=99 yes_ask=99 no_bid=1 no_ask=1 book_ready=True position=False pending=False dry_run=False trust=synced run_id=99e01c3f-0a04-4449-b1b4-e6daca2a4580
2026-05-07 15:42:07,997 | INFO | Heartbeat | watch=KXBTC15M-26MAY071545-45 yes_bid=99 yes_ask=100 no_bid=0 no_ask=1 book_ready=True position=False pending=False dry_run=False trust=synced run_id=99e01c3f-0a04-4449-b1b4-e6daca2a4580
2026-05-07 15:42:23,012 | INFO | Heartbeat | watch=KXBTC15M-26MAY071545-45 yes_bid=99 yes_ask=99 no_bid=1 no_ask=1 book_ready=True position=False pending=False dry_run=False trust=synced run_id=99e01c3f-0a04-4449-b1b4-e6daca2a4580
2026-05-07 15:42:38,006 | INFO | Heartbeat | watch=KXBTC15M-26MAY071545-45 yes_bid=100 yes_ask=100 no_bid=0 no_ask=0 book_ready=True position=False pending=False dry_run=False trust=synced run_id=99e01c3f-0a04-4449-b1b4-e6daca2a4580
2026-05-07 15:42:53,009 | INFO | Heartbeat | watch=KXBTC15M-26MAY071545-45 yes_bid=100 yes_ask=100 no_bid=0 no_ask=0 book_ready=True position=False pending=False dry_run=False trust=synced run_id=99e01c3f-0a04-4449-b1b4-e6daca2a4580
2026-05-07 15:43:08,044 | INFO | Heartbeat | watch=KXBTC15M-26MAY071545-45 yes_bid=100 yes_ask=100 no_bid=0 no_ask=0 book_ready=True position=False pending=False dry_run=False trust=synced run_id=99e01c3f-0a04-4449-b1b4-e6daca2a4580
2026-05-07 15:43:23,090 | INFO | Heartbeat | watch=KXBTC15M-26MAY071545-45 yes_bid=100 yes_ask=100 no_bid=0 no_ask=0 book_ready=True position=False pending=False dry_run=False trust=synced run_id=99e01c3f-0a04-4449-b1b4-e6daca2a4580
2026-05-07 15:43:38,093 | INFO | Heartbeat | watch=KXBTC15M-26MAY071545-45 yes_bid=100 yes_ask=100 no_bid=0 no_ask=0 book_ready=True position=False pending=False dry_run=False trust=synced run_id=99e01c3f-0a04-4449-b1b4-e6daca2a4580
2026-05-07 15:43:53,154 | INFO | Heartbeat | watch=KXBTC15M-26MAY071545-45 yes_bid=100 yes_ask=100 no_bid=0 no_ask=0 book_ready=True position=False pending=False dry_run=False trust=synced run_id=99e01c3f-0a04-4449-b1b4-e6daca2a4580
2026-05-07 15:44:08,147 | INFO | Heartbeat | watch=KXBTC15M-26MAY071545-45 yes_bid=100 yes_ask=100 no_bid=0 no_ask=0 book_ready=True position=False pending=False dry_run=False trust=synced run_id=99e01c3f-0a04-4449-b1b4-e6daca2a4580
2026-05-07 15:44:23,153 | INFO | Heartbeat | watch=KXBTC15M-26MAY071545-45 yes_bid=100 yes_ask=100 no_bid=0 no_ask=0 book_ready=True position=False pending=False dry_run=False trust=synced run_id=99e01c3f-0a04-4449-b1b4-e6daca2a4580
2026-05-07 15:44:38,189 | INFO | Heartbeat | watch=KXBTC15M-26MAY071545-45 yes_bid=100 yes_ask=100 no_bid=0 no_ask=0 book_ready=True position=False pending=False dry_run=False trust=synced run_id=99e01c3f-0a04-4449-b1b4-e6daca2a4580
2026-05-07 15:44:53,226 | INFO | Heartbeat | watch=KXBTC15M-26MAY071545-45 yes_bid=100 yes_ask=100 no_bid=0 no_ask=0 book_ready=True position=False pending=False dry_run=False trust=synced run_id=99e01c3f-0a04-4449-b1b4-e6daca2a4580
2026-05-07 15:45:06,641 | INFO | Orderbook snapshot ready for KXBTC15M-26MAY071545-45
2026-05-07 15:45:08,269 | INFO | Heartbeat | watch=KXBTC15M-26MAY071545-45 yes_bid=0 yes_ask=100 no_bid=0 no_ask=100 book_ready=True position=False pending=False dry_run=False trust=synced run_id=99e01c3f-0a04-4449-b1b4-e6daca2a4580
2026-05-07 15:45:23,309 | INFO | Heartbeat | watch=KXBTC15M-26MAY071545-45 yes_bid=0 yes_ask=100 no_bid=0 no_ask=100 book_ready=True position=False pending=False dry_run=False trust=synced run_id=99e01c3f-0a04-4449-b1b4-e6daca2a4580
2026-05-07 15:45:30,963 | INFO | Watching market KXBTC15M-26MAY071600-00 close_time=2026-05-07T20:00:00Z status=active strike=80139.79 run_id=99e01c3f-0a04-4449-b1b4-e6daca2a4580
2026-05-07 15:45:31,154 | INFO | WS connected for KXBTC15M-26MAY071600-00
2026-05-07 15:45:31,183 | INFO | WS subscribed payload: {'type': 'subscribed', 'id': 8, 'msg': {'channel': 'ticker', 'sid': 1}}
2026-05-07 15:45:31,183 | INFO | WS subscribed payload: {'type': 'subscribed', 'id': 8, 'msg': {'channel': 'orderbook_delta', 'sid': 2}}
2026-05-07 15:45:31,183 | INFO | Orderbook snapshot ready for KXBTC15M-26MAY071600-00
2026-05-07 15:45:38,340 | INFO | Heartbeat | watch=KXBTC15M-26MAY071600-00 yes_bid=42 yes_ask=43 no_bid=57 no_ask=58 book_ready=True position=False pending=False dry_run=False trust=synced run_id=99e01c3f-0a04-4449-b1b4-e6daca2a4580
2026-05-07 15:45:53,444 | INFO | Heartbeat | watch=KXBTC15M-26MAY071600-00 yes_bid=39 yes_ask=40 no_bid=60 no_ask=61 book_ready=True position=False pending=False dry_run=False trust=synced run_id=99e01c3f-0a04-4449-b1b4-e6daca2a4580
2026-05-07 15:46:08,479 | INFO | Heartbeat | watch=KXBTC15M-26MAY071600-00 yes_bid=41 yes_ask=42 no_bid=58 no_ask=59 book_ready=True position=False pending=False dry_run=False trust=synced run_id=99e01c3f-0a04-4449-b1b4-e6daca2a4580
2026-05-07 15:46:23,517 | INFO | Heartbeat | watch=KXBTC15M-26MAY071600-00 yes_bid=40 yes_ask=42 no_bid=58 no_ask=60 book_ready=True position=False pending=False dry_run=False trust=synced run_id=99e01c3f-0a04-4449-b1b4-e6daca2a4580
2026-05-07 15:46:38,520 | INFO | Heartbeat | watch=KXBTC15M-26MAY071600-00 yes_bid=43 yes_ask=44 no_bid=56 no_ask=57 book_ready=True position=False pending=False dry_run=False trust=synced run_id=99e01c3f-0a04-4449-b1b4-e6daca2a4580
2026-05-07 15:46:53,579 | INFO | Heartbeat | watch=KXBTC15M-26MAY071600-00 yes_bid=38 yes_ask=39 no_bid=61 no_ask=62 book_ready=True position=False pending=False dry_run=False trust=synced run_id=99e01c3f-0a04-4449-b1b4-e6daca2a4580
2026-05-07 15:47:08,622 | INFO | Heartbeat | watch=KXBTC15M-26MAY071600-00 yes_bid=39 yes_ask=40 no_bid=60 no_ask=61 book_ready=True position=False pending=False dry_run=False trust=synced run_id=99e01c3f-0a04-4449-b1b4-e6daca2a4580
2026-05-07 15:47:23,641 | INFO | Heartbeat | watch=KXBTC15M-26MAY071600-00 yes_bid=38 yes_ask=39 no_bid=61 no_ask=62 book_ready=True position=False pending=False dry_run=False trust=synced run_id=99e01c3f-0a04-4449-b1b4-e6daca2a4580
2026-05-07 15:47:38,648 | INFO | Heartbeat | watch=KXBTC15M-26MAY071600-00 yes_bid=39 yes_ask=40 no_bid=60 no_ask=61 book_ready=True position=False pending=False dry_run=False trust=synced run_id=99e01c3f-0a04-4449-b1b4-e6daca2a4580
2026-05-07 15:47:53,691 | INFO | Heartbeat | watch=KXBTC15M-26MAY071600-00 yes_bid=40 yes_ask=41 no_bid=59 no_ask=60 book_ready=True position=False pending=False dry_run=False trust=synced run_id=99e01c3f-0a04-4449-b1b4-e6daca2a4580
2026-05-07 15:48:08,714 | INFO | Heartbeat | watch=KXBTC15M-26MAY071600-00 yes_bid=41 yes_ask=42 no_bid=58 no_ask=59 book_ready=True position=False pending=False dry_run=False trust=synced run_id=99e01c3f-0a04-4449-b1b4-e6daca2a4580
2026-05-07 15:48:23,737 | INFO | Heartbeat | watch=KXBTC15M-26MAY071600-00 yes_bid=38 yes_ask=39 no_bid=61 no_ask=62 book_ready=True position=False pending=False dry_run=False trust=synced run_id=99e01c3f-0a04-4449-b1b4-e6daca2a4580
2026-05-07 15:48:38,773 | INFO | Heartbeat | watch=KXBTC15M-26MAY071600-00 yes_bid=40 yes_ask=41 no_bid=59 no_ask=60 book_ready=True position=False pending=False dry_run=False trust=synced run_id=99e01c3f-0a04-4449-b1b4-e6daca2a4580
2026-05-07 15:48:53,808 | INFO | Heartbeat | watch=KXBTC15M-26MAY071600-00 yes_bid=27 yes_ask=28 no_bid=72 no_ask=73 book_ready=True position=False pending=False dry_run=False trust=synced run_id=99e01c3f-0a04-4449-b1b4-e6daca2a4580
2026-05-07 15:49:08,816 | INFO | Heartbeat | watch=KXBTC15M-26MAY071600-00 yes_bid=30 yes_ask=31 no_bid=69 no_ask=70 book_ready=True position=False pending=False dry_run=False trust=synced run_id=99e01c3f-0a04-4449-b1b4-e6daca2a4580
2026-05-07 15:49:23,850 | INFO | Heartbeat | watch=KXBTC15M-26MAY071600-00 yes_bid=41 yes_ask=42 no_bid=58 no_ask=59 book_ready=True position=False pending=False dry_run=False trust=synced run_id=99e01c3f-0a04-4449-b1b4-e6daca2a4580
2026-05-07 15:49:38,865 | INFO | Heartbeat | watch=KXBTC15M-26MAY071600-00 yes_bid=54 yes_ask=55 no_bid=45 no_ask=46 book_ready=True position=False pending=False dry_run=False trust=synced run_id=99e01c3f-0a04-4449-b1b4-e6daca2a4580
2026-05-07 15:49:53,903 | INFO | Heartbeat | watch=KXBTC15M-26MAY071600-00 yes_bid=51 yes_ask=53 no_bid=47 no_ask=49 book_ready=True position=False pending=False dry_run=False trust=synced run_id=99e01c3f-0a04-4449-b1b4-e6daca2a4580
2026-05-07 15:50:08,897 | INFO | Heartbeat | watch=KXBTC15M-26MAY071600-00 yes_bid=59 yes_ask=60 no_bid=40 no_ask=41 book_ready=True position=False pending=False dry_run=False trust=synced run_id=99e01c3f-0a04-4449-b1b4-e6daca2a4580
2026-05-07 15:50:23,944 | INFO | Heartbeat | watch=KXBTC15M-26MAY071600-00 yes_bid=68 yes_ask=69 no_bid=31 no_ask=32 book_ready=True position=False pending=False dry_run=False trust=synced run_id=99e01c3f-0a04-4449-b1b4-e6daca2a4580
2026-05-07 15:50:38,944 | INFO | Heartbeat | watch=KXBTC15M-26MAY071600-00 yes_bid=69 yes_ask=70 no_bid=30 no_ask=31 book_ready=True position=False pending=False dry_run=False trust=synced run_id=99e01c3f-0a04-4449-b1b4-e6daca2a4580
2026-05-07 15:50:53,956 | INFO | Heartbeat | watch=KXBTC15M-26MAY071600-00 yes_bid=70 yes_ask=71 no_bid=29 no_ask=30 book_ready=True position=False pending=False dry_run=False trust=synced run_id=99e01c3f-0a04-4449-b1b4-e6daca2a4580
2026-05-07 15:51:08,971 | INFO | Heartbeat | watch=KXBTC15M-26MAY071600-00 yes_bid=75 yes_ask=76 no_bid=24 no_ask=25 book_ready=True position=False pending=False dry_run=False trust=synced run_id=99e01c3f-0a04-4449-b1b4-e6daca2a4580
2026-05-07 15:51:23,999 | INFO | Heartbeat | watch=KXBTC15M-26MAY071600-00 yes_bid=64 yes_ask=65 no_bid=35 no_ask=36 book_ready=True position=False pending=False dry_run=False trust=synced run_id=99e01c3f-0a04-4449-b1b4-e6daca2a4580
2026-05-07 15:51:39,019 | INFO | Heartbeat | watch=KXBTC15M-26MAY071600-00 yes_bid=69 yes_ask=70 no_bid=30 no_ask=31 book_ready=True position=False pending=False dry_run=False trust=synced run_id=99e01c3f-0a04-4449-b1b4-e6daca2a4580
2026-05-07 15:51:54,019 | INFO | Heartbeat | watch=KXBTC15M-26MAY071600-00 yes_bid=73 yes_ask=74 no_bid=26 no_ask=27 book_ready=True position=False pending=False dry_run=False trust=synced run_id=99e01c3f-0a04-4449-b1b4-e6daca2a4580
2026-05-07 15:52:05,256 | INFO | Mushroom v28 entry approved | market=KXBTC15M-26MAY071600-00 side=no ask=74c max_buy=81c qty=1 p_side=0.8326 edge=7.263c depth=5 btc_age_ms=203.0 secs_to_close=474.74
2026-05-07 15:52:05,289 | INFO | Execution state | market=KXBTC15M-26MAY071600-00 side=no state=eligible reason=pre_filters_disabled trust=synced run_id=99e01c3f-0a04-4449-b1b4-e6daca2a4580
2026-05-07 15:52:05,295 | INFO | Live fill policy approved | market=KXBTC15M-26MAY071600-00 side=no trigger=74c tif=immediate_or_cancel limit=74c depth=5.00 required=2 book_age_ms=63.0 secs_to_close=474.74 reason=single_shot_abundant_depth
2026-05-07 15:52:05,298 | INFO | ENTRY signal | market=KXBTC15M-26MAY071600-00 action=buy side=no trigger=74c limit=74c qty=1 book_ready=True
2026-05-07 15:52:05,298 | INFO | Execution state | market=KXBTC15M-26MAY071600-00 side=no state=submitting reason=single_shot_abundant_depth trust=synced run_id=99e01c3f-0a04-4449-b1b4-e6daca2a4580
2026-05-07 15:52:05,360 | INFO | Execution state | market=KXBTC15M-26MAY071600-00 side=no state=abandoned reason=zero_fill trust=synced run_id=99e01c3f-0a04-4449-b1b4-e6daca2a4580
2026-05-07 15:52:09,043 | INFO | Heartbeat | watch=KXBTC15M-26MAY071600-00 yes_bid=12 yes_ask=13 no_bid=87 no_ask=88 book_ready=True position=False pending=False dry_run=False trust=synced run_id=99e01c3f-0a04-4449-b1b4-e6daca2a4580
2026-05-07 15:52:10,052 | INFO | Mushroom v28 entry approved | market=KXBTC15M-26MAY071600-00 side=no ask=83c max_buy=87c qty=1 p_side=0.8800 edge=4.002c depth=590 btc_age_ms=16.0 secs_to_close=469.95
2026-05-07 15:52:10,083 | INFO | Execution state | market=KXBTC15M-26MAY071600-00 side=no state=eligible reason=pre_filters_disabled trust=synced run_id=99e01c3f-0a04-4449-b1b4-e6daca2a4580
2026-05-07 15:52:10,085 | INFO | Live fill policy approved | market=KXBTC15M-26MAY071600-00 side=no trigger=83c tif=immediate_or_cancel limit=83c depth=590.00 required=2 book_age_ms=875.0 secs_to_close=469.95 reason=single_shot_abundant_depth
2026-05-07 15:52:10,088 | INFO | ENTRY signal | market=KXBTC15M-26MAY071600-00 action=buy side=no trigger=83c limit=83c qty=1 book_ready=True
2026-05-07 15:52:10,088 | INFO | Execution state | market=KXBTC15M-26MAY071600-00 side=no state=submitting reason=single_shot_abundant_depth trust=synced run_id=99e01c3f-0a04-4449-b1b4-e6daca2a4580
2026-05-07 15:52:10,150 | INFO | ENTRY immediate fill | market=KXBTC15M-26MAY071600-00 side=no qty=1 limit=83c
2026-05-07 15:52:10,150 | INFO | Execution state | market=KXBTC15M-26MAY071600-00 side=no state=filled reason=single_shot_abundant_depth trust=synced run_id=99e01c3f-0a04-4449-b1b4-e6daca2a4580
2026-05-07 15:52:24,072 | INFO | Heartbeat | watch=KXBTC15M-26MAY071600-00 yes_bid=13 yes_ask=14 no_bid=86 no_ask=87 book_ready=True position=True pending=False dry_run=False trust=synced run_id=99e01c3f-0a04-4449-b1b4-e6daca2a4580
2026-05-07 15:52:39,103 | INFO | Heartbeat | watch=KXBTC15M-26MAY071600-00 yes_bid=22 yes_ask=23 no_bid=77 no_ask=78 book_ready=True position=True pending=False dry_run=False trust=synced run_id=99e01c3f-0a04-4449-b1b4-e6daca2a4580
2026-05-07 15:52:54,118 | INFO | Heartbeat | watch=KXBTC15M-26MAY071600-00 yes_bid=24 yes_ask=25 no_bid=75 no_ask=76 book_ready=True position=True pending=False dry_run=False trust=synced run_id=99e01c3f-0a04-4449-b1b4-e6daca2a4580
2026-05-07 15:53:06,267 | INFO | EXIT signal | market=KXBTC15M-26MAY071600-00 action=sell side=no trigger=71c limit=71c qty=1 book_ready=True mode=single_shot_ioc slices=1 attempt=0
2026-05-07 15:53:06,267 | INFO | Latency | purpose=exit feed_age_ms=222.8 local_reaction_ms=78.0 trigger_seen_at=2026-05-07T19:53:06.267233+00:00 market_msg_time=2026-05-07T19:53:06.04442Z
2026-05-07 15:53:06,269 | INFO | Exit plan approved | market=KXBTC15M-26MAY071600-00 side=no trigger=71c limit=71c top_bid=71 depth=33.00 required=1 book_age_ms=78.0 secs_to_close=413.75 reason=mushroom_v28_fair_drawdown_full_single_shot_visible_depth mode=single_shot_ioc attempt=0
2026-05-07 15:53:06,341 | INFO | EXIT fill | market=KXBTC15M-26MAY071600-00 side=no slice=1/1 qty=1 cumulative=1/1 remaining=0
2026-05-07 15:53:09,159 | INFO | Heartbeat | watch=KXBTC15M-26MAY071600-00 yes_bid=28 yes_ask=29 no_bid=71 no_ask=72 book_ready=True position=False pending=False dry_run=False trust=synced run_id=99e01c3f-0a04-4449-b1b4-e6daca2a4580
2026-05-07 15:53:24,174 | INFO | Heartbeat | watch=KXBTC15M-26MAY071600-00 yes_bid=32 yes_ask=34 no_bid=66 no_ask=68 book_ready=True position=False pending=False dry_run=False trust=synced run_id=99e01c3f-0a04-4449-b1b4-e6daca2a4580
2026-05-07 15:53:39,212 | INFO | Heartbeat | watch=KXBTC15M-26MAY071600-00 yes_bid=32 yes_ask=34 no_bid=66 no_ask=68 book_ready=True position=False pending=False dry_run=False trust=synced run_id=99e01c3f-0a04-4449-b1b4-e6daca2a4580
2026-05-07 15:53:54,217 | INFO | Heartbeat | watch=KXBTC15M-26MAY071600-00 yes_bid=30 yes_ask=31 no_bid=69 no_ask=70 book_ready=True position=False pending=False dry_run=False trust=synced run_id=99e01c3f-0a04-4449-b1b4-e6daca2a4580
2026-05-07 15:54:09,236 | INFO | Heartbeat | watch=KXBTC15M-26MAY071600-00 yes_bid=22 yes_ask=24 no_bid=76 no_ask=78 book_ready=True position=False pending=False dry_run=False trust=synced run_id=99e01c3f-0a04-4449-b1b4-e6daca2a4580
2026-05-07 15:54:24,261 | INFO | Heartbeat | watch=KXBTC15M-26MAY071600-00 yes_bid=19 yes_ask=20 no_bid=80 no_ask=81 book_ready=True position=False pending=False dry_run=False trust=synced run_id=99e01c3f-0a04-4449-b1b4-e6daca2a4580
2026-05-07 15:54:39,333 | INFO | Heartbeat | watch=KXBTC15M-26MAY071600-00 yes_bid=14 yes_ask=15 no_bid=85 no_ask=86 book_ready=True position=False pending=False dry_run=False trust=synced run_id=99e01c3f-0a04-4449-b1b4-e6daca2a4580
2026-05-07 15:54:54,335 | INFO | Heartbeat | watch=KXBTC15M-26MAY071600-00 yes_bid=9 yes_ask=10 no_bid=90 no_ask=91 book_ready=True position=False pending=False dry_run=False trust=synced run_id=99e01c3f-0a04-4449-b1b4-e6daca2a4580
2026-05-07 15:55:09,362 | INFO | Heartbeat | watch=KXBTC15M-26MAY071600-00 yes_bid=17 yes_ask=18 no_bid=82 no_ask=83 book_ready=True position=False pending=False dry_run=False trust=synced run_id=99e01c3f-0a04-4449-b1b4-e6daca2a4580
2026-05-07 15:55:24,364 | INFO | Heartbeat | watch=KXBTC15M-26MAY071600-00 yes_bid=15 yes_ask=16 no_bid=84 no_ask=85 book_ready=True position=False pending=False dry_run=False trust=synced run_id=99e01c3f-0a04-4449-b1b4-e6daca2a4580
2026-05-07 15:55:39,407 | INFO | Heartbeat | watch=KXBTC15M-26MAY071600-00 yes_bid=17 yes_ask=18 no_bid=82 no_ask=83 book_ready=True position=False pending=False dry_run=False trust=synced run_id=99e01c3f-0a04-4449-b1b4-e6daca2a4580
2026-05-07 15:55:54,430 | INFO | Heartbeat | watch=KXBTC15M-26MAY071600-00 yes_bid=15 yes_ask=17 no_bid=83 no_ask=85 book_ready=True position=False pending=False dry_run=False trust=synced run_id=99e01c3f-0a04-4449-b1b4-e6daca2a4580
2026-05-07 15:56:09,465 | INFO | Heartbeat | watch=KXBTC15M-26MAY071600-00 yes_bid=18 yes_ask=19 no_bid=81 no_ask=82 book_ready=True position=False pending=False dry_run=False trust=synced run_id=99e01c3f-0a04-4449-b1b4-e6daca2a4580
2026-05-07 15:56:24,467 | INFO | Heartbeat | watch=KXBTC15M-26MAY071600-00 yes_bid=13 yes_ask=14 no_bid=86 no_ask=87 book_ready=True position=False pending=False dry_run=False trust=synced run_id=99e01c3f-0a04-4449-b1b4-e6daca2a4580
2026-05-07 15:56:39,481 | INFO | Heartbeat | watch=KXBTC15M-26MAY071600-00 yes_bid=19 yes_ask=20 no_bid=80 no_ask=81 book_ready=True position=False pending=False dry_run=False trust=synced run_id=99e01c3f-0a04-4449-b1b4-e6daca2a4580
2026-05-07 15:56:54,505 | INFO | Heartbeat | watch=KXBTC15M-26MAY071600-00 yes_bid=13 yes_ask=14 no_bid=86 no_ask=87 book_ready=True position=False pending=False dry_run=False trust=synced run_id=99e01c3f-0a04-4449-b1b4-e6daca2a4580
2026-05-07 15:57:09,500 | INFO | Heartbeat | watch=KXBTC15M-26MAY071600-00 yes_bid=16 yes_ask=17 no_bid=83 no_ask=84 book_ready=True position=False pending=False dry_run=False trust=synced run_id=99e01c3f-0a04-4449-b1b4-e6daca2a4580
2026-05-07 15:57:24,530 | INFO | Heartbeat | watch=KXBTC15M-26MAY071600-00 yes_bid=15 yes_ask=16 no_bid=84 no_ask=85 book_ready=True position=False pending=False dry_run=False trust=synced run_id=99e01c3f-0a04-4449-b1b4-e6daca2a4580
2026-05-07 15:57:39,523 | INFO | Heartbeat | watch=KXBTC15M-26MAY071600-00 yes_bid=20 yes_ask=22 no_bid=78 no_ask=80 book_ready=True position=False pending=False dry_run=False trust=synced run_id=99e01c3f-0a04-4449-b1b4-e6daca2a4580
2026-05-07 15:57:54,527 | INFO | Heartbeat | watch=KXBTC15M-26MAY071600-00 yes_bid=13 yes_ask=14 no_bid=86 no_ask=87 book_ready=True position=False pending=False dry_run=False trust=synced run_id=99e01c3f-0a04-4449-b1b4-e6daca2a4580
2026-05-07 15:58:09,539 | INFO | Heartbeat | watch=KXBTC15M-26MAY071600-00 yes_bid=6 yes_ask=7 no_bid=93 no_ask=94 book_ready=True position=False pending=False dry_run=False trust=synced run_id=99e01c3f-0a04-4449-b1b4-e6daca2a4580
2026-05-07 15:58:24,558 | INFO | Heartbeat | watch=KXBTC15M-26MAY071600-00 yes_bid=5 yes_ask=5 no_bid=95 no_ask=95 book_ready=True position=False pending=False dry_run=False trust=synced run_id=99e01c3f-0a04-4449-b1b4-e6daca2a4580
2026-05-07 15:58:39,573 | INFO | Heartbeat | watch=KXBTC15M-26MAY071600-00 yes_bid=1 yes_ask=1 no_bid=99 no_ask=99 book_ready=True position=False pending=False dry_run=False trust=synced run_id=99e01c3f-0a04-4449-b1b4-e6daca2a4580
2026-05-07 15:58:54,574 | INFO | Heartbeat | watch=KXBTC15M-26MAY071600-00 yes_bid=0 yes_ask=1 no_bid=99 no_ask=100 book_ready=True position=False pending=False dry_run=False trust=synced run_id=99e01c3f-0a04-4449-b1b4-e6daca2a4580
2026-05-07 15:59:09,577 | INFO | Heartbeat | watch=KXBTC15M-26MAY071600-00 yes_bid=0 yes_ask=0 no_bid=100 no_ask=100 book_ready=True position=False pending=False dry_run=False trust=synced run_id=99e01c3f-0a04-4449-b1b4-e6daca2a4580
2026-05-07 15:59:24,619 | INFO | Heartbeat | watch=KXBTC15M-26MAY071600-00 yes_bid=0 yes_ask=0 no_bid=100 no_ask=100 book_ready=True position=False pending=False dry_run=False trust=synced run_id=99e01c3f-0a04-4449-b1b4-e6daca2a4580
2026-05-07 15:59:39,659 | INFO | Heartbeat | watch=KXBTC15M-26MAY071600-00 yes_bid=0 yes_ask=0 no_bid=100 no_ask=100 book_ready=True position=False pending=False dry_run=False trust=synced run_id=99e01c3f-0a04-4449-b1b4-e6daca2a4580
2026-05-07 15:59:54,651 | INFO | Heartbeat | watch=KXBTC15M-26MAY071600-00 yes_bid=0 yes_ask=1 no_bid=99 no_ask=100 book_ready=True position=False pending=False dry_run=False trust=synced run_id=99e01c3f-0a04-4449-b1b4-e6daca2a4580
2026-05-07 16:00:07,426 | INFO | Orderbook snapshot ready for KXBTC15M-26MAY071600-00
2026-05-07 16:00:09,804 | INFO | Heartbeat | watch=KXBTC15M-26MAY071600-00 yes_bid=0 yes_ask=100 no_bid=0 no_ask=100 book_ready=True position=False pending=False dry_run=False trust=synced run_id=99e01c3f-0a04-4449-b1b4-e6daca2a4580
2026-05-07 16:00:24,833 | INFO | Heartbeat | watch=KXBTC15M-26MAY071600-00 yes_bid=0 yes_ask=100 no_bid=0 no_ask=100 book_ready=True position=False pending=False dry_run=False trust=synced run_id=99e01c3f-0a04-4449-b1b4-e6daca2a4580
2026-05-07 16:00:30,182 | INFO | Watching market KXBTC15M-26MAY071615-15 close_time=2026-05-07T20:15:00Z status=active strike=80112.12 run_id=99e01c3f-0a04-4449-b1b4-e6daca2a4580
2026-05-07 16:00:30,388 | INFO | WS connected for KXBTC15M-26MAY071615-15
2026-05-07 16:00:30,420 | INFO | WS subscribed payload: {'type': 'subscribed', 'id': 9, 'msg': {'channel': 'ticker', 'sid': 1}}
2026-05-07 16:00:30,420 | INFO | WS subscribed payload: {'type': 'subscribed', 'id': 9, 'msg': {'channel': 'orderbook_delta', 'sid': 2}}
2026-05-07 16:00:30,420 | INFO | Orderbook snapshot ready for KXBTC15M-26MAY071615-15
2026-05-07 16:00:39,858 | INFO | Heartbeat | watch=KXBTC15M-26MAY071615-15 yes_bid=73 yes_ask=74 no_bid=26 no_ask=27 book_ready=True position=False pending=False dry_run=False trust=synced run_id=99e01c3f-0a04-4449-b1b4-e6daca2a4580
2026-05-07 16:00:54,872 | INFO | Heartbeat | watch=KXBTC15M-26MAY071615-15 yes_bid=70 yes_ask=71 no_bid=29 no_ask=30 book_ready=True position=False pending=False dry_run=False trust=synced run_id=99e01c3f-0a04-4449-b1b4-e6daca2a4580
2026-05-07 16:01:09,869 | INFO | Heartbeat | watch=KXBTC15M-26MAY071615-15 yes_bid=65 yes_ask=67 no_bid=33 no_ask=35 book_ready=True position=False pending=False dry_run=False trust=synced run_id=99e01c3f-0a04-4449-b1b4-e6daca2a4580
2026-05-07 16:01:24,897 | INFO | Heartbeat | watch=KXBTC15M-26MAY071615-15 yes_bid=67 yes_ask=68 no_bid=32 no_ask=33 book_ready=True position=False pending=False dry_run=False trust=synced run_id=99e01c3f-0a04-4449-b1b4-e6daca2a4580
2026-05-07 16:01:39,918 | INFO | Heartbeat | watch=KXBTC15M-26MAY071615-15 yes_bid=63 yes_ask=64 no_bid=36 no_ask=37 book_ready=True position=False pending=False dry_run=False trust=synced run_id=99e01c3f-0a04-4449-b1b4-e6daca2a4580
2026-05-07 16:01:54,975 | INFO | Heartbeat | watch=KXBTC15M-26MAY071615-15 yes_bid=61 yes_ask=62 no_bid=38 no_ask=39 book_ready=True position=False pending=False dry_run=False trust=synced run_id=99e01c3f-0a04-4449-b1b4-e6daca2a4580
2026-05-07 16:02:10,020 | INFO | Heartbeat | watch=KXBTC15M-26MAY071615-15 yes_bid=84 yes_ask=85 no_bid=15 no_ask=16 book_ready=True position=False pending=False dry_run=False trust=synced run_id=99e01c3f-0a04-4449-b1b4-e6daca2a4580
2026-05-07 16:02:25,035 | INFO | Heartbeat | watch=KXBTC15M-26MAY071615-15 yes_bid=80 yes_ask=81 no_bid=19 no_ask=20 book_ready=True position=False pending=False dry_run=False trust=synced run_id=99e01c3f-0a04-4449-b1b4-e6daca2a4580
2026-05-07 16:02:40,044 | INFO | Heartbeat | watch=KXBTC15M-26MAY071615-15 yes_bid=89 yes_ask=90 no_bid=10 no_ask=11 book_ready=True position=False pending=False dry_run=False trust=synced run_id=99e01c3f-0a04-4449-b1b4-e6daca2a4580
2026-05-07 16:02:55,064 | INFO | Heartbeat | watch=KXBTC15M-26MAY071615-15 yes_bid=91 yes_ask=92 no_bid=8 no_ask=9 book_ready=True position=False pending=False dry_run=False trust=synced run_id=99e01c3f-0a04-4449-b1b4-e6daca2a4580
2026-05-07 16:03:07,228 | INFO | Mushroom v28 entry approved | market=KXBTC15M-26MAY071615-15 side=yes ask=84c max_buy=96c qty=1 p_side=0.9788 edge=12.883c depth=20 btc_age_ms=0.0 secs_to_close=712.78
2026-05-07 16:03:07,253 | INFO | Execution state | market=KXBTC15M-26MAY071615-15 side=yes state=eligible reason=pre_filters_disabled trust=synced run_id=99e01c3f-0a04-4449-b1b4-e6daca2a4580
2026-05-07 16:03:07,253 | INFO | Live fill policy approved | market=KXBTC15M-26MAY071615-15 side=yes trigger=84c tif=immediate_or_cancel limit=84c depth=20.00 required=2 book_age_ms=797.0 secs_to_close=712.78 reason=single_shot_abundant_depth
2026-05-07 16:03:07,253 | INFO | ENTRY signal | market=KXBTC15M-26MAY071615-15 action=buy side=yes trigger=84c limit=84c qty=1 book_ready=True
2026-05-07 16:03:07,253 | INFO | Execution state | market=KXBTC15M-26MAY071615-15 side=yes state=submitting reason=single_shot_abundant_depth trust=synced run_id=99e01c3f-0a04-4449-b1b4-e6daca2a4580
2026-05-07 16:03:07,319 | INFO | ENTRY immediate fill | market=KXBTC15M-26MAY071615-15 side=yes qty=1 limit=84c
2026-05-07 16:03:07,319 | INFO | Execution state | market=KXBTC15M-26MAY071615-15 side=yes state=filled reason=single_shot_abundant_depth trust=synced run_id=99e01c3f-0a04-4449-b1b4-e6daca2a4580
2026-05-07 16:03:10,062 | INFO | Heartbeat | watch=KXBTC15M-26MAY071615-15 yes_bid=82 yes_ask=84 no_bid=16 no_ask=18 book_ready=True position=True pending=False dry_run=False trust=synced run_id=99e01c3f-0a04-4449-b1b4-e6daca2a4580
2026-05-07 16:03:25,080 | INFO | Heartbeat | watch=KXBTC15M-26MAY071615-15 yes_bid=86 yes_ask=88 no_bid=12 no_ask=14 book_ready=True position=True pending=False dry_run=False trust=synced run_id=99e01c3f-0a04-4449-b1b4-e6daca2a4580
2026-05-07 16:03:40,099 | INFO | Heartbeat | watch=KXBTC15M-26MAY071615-15 yes_bid=88 yes_ask=89 no_bid=11 no_ask=12 book_ready=True position=True pending=False dry_run=False trust=synced run_id=99e01c3f-0a04-4449-b1b4-e6daca2a4580
2026-05-07 16:03:55,087 | INFO | Heartbeat | watch=KXBTC15M-26MAY071615-15 yes_bid=85 yes_ask=86 no_bid=14 no_ask=15 book_ready=True position=True pending=False dry_run=False trust=synced run_id=99e01c3f-0a04-4449-b1b4-e6daca2a4580
2026-05-07 16:04:10,111 | INFO | Heartbeat | watch=KXBTC15M-26MAY071615-15 yes_bid=90 yes_ask=91 no_bid=9 no_ask=10 book_ready=True position=True pending=False dry_run=False trust=synced run_id=99e01c3f-0a04-4449-b1b4-e6daca2a4580
2026-05-07 16:04:25,108 | INFO | Heartbeat | watch=KXBTC15M-26MAY071615-15 yes_bid=91 yes_ask=92 no_bid=8 no_ask=9 book_ready=True position=True pending=False dry_run=False trust=synced run_id=99e01c3f-0a04-4449-b1b4-e6daca2a4580
2026-05-07 16:04:40,143 | INFO | Heartbeat | watch=KXBTC15M-26MAY071615-15 yes_bid=91 yes_ask=91 no_bid=9 no_ask=9 book_ready=True position=True pending=False dry_run=False trust=synced run_id=99e01c3f-0a04-4449-b1b4-e6daca2a4580
2026-05-07 16:04:55,144 | INFO | Heartbeat | watch=KXBTC15M-26MAY071615-15 yes_bid=90 yes_ask=91 no_bid=9 no_ask=10 book_ready=True position=True pending=False dry_run=False trust=synced run_id=99e01c3f-0a04-4449-b1b4-e6daca2a4580
2026-05-07 16:05:10,185 | INFO | Heartbeat | watch=KXBTC15M-26MAY071615-15 yes_bid=88 yes_ask=89 no_bid=11 no_ask=12 book_ready=True position=True pending=False dry_run=False trust=synced run_id=99e01c3f-0a04-4449-b1b4-e6daca2a4580
2026-05-07 16:05:25,218 | INFO | Heartbeat | watch=KXBTC15M-26MAY071615-15 yes_bid=87 yes_ask=88 no_bid=12 no_ask=13 book_ready=True position=True pending=False dry_run=False trust=synced run_id=99e01c3f-0a04-4449-b1b4-e6daca2a4580
2026-05-07 16:05:40,230 | INFO | Heartbeat | watch=KXBTC15M-26MAY071615-15 yes_bid=87 yes_ask=88 no_bid=12 no_ask=13 book_ready=True position=True pending=False dry_run=False trust=synced run_id=99e01c3f-0a04-4449-b1b4-e6daca2a4580
2026-05-07 16:05:55,267 | INFO | Heartbeat | watch=KXBTC15M-26MAY071615-15 yes_bid=87 yes_ask=88 no_bid=12 no_ask=13 book_ready=True position=True pending=False dry_run=False trust=synced run_id=99e01c3f-0a04-4449-b1b4-e6daca2a4580
2026-05-07 16:06:10,291 | INFO | Heartbeat | watch=KXBTC15M-26MAY071615-15 yes_bid=86 yes_ask=87 no_bid=13 no_ask=14 book_ready=True position=True pending=False dry_run=False trust=synced run_id=99e01c3f-0a04-4449-b1b4-e6daca2a4580
2026-05-07 16:06:25,299 | INFO | Heartbeat | watch=KXBTC15M-26MAY071615-15 yes_bid=87 yes_ask=88 no_bid=12 no_ask=13 book_ready=True position=True pending=False dry_run=False trust=synced run_id=99e01c3f-0a04-4449-b1b4-e6daca2a4580
2026-05-07 16:06:40,296 | INFO | Heartbeat | watch=KXBTC15M-26MAY071615-15 yes_bid=85 yes_ask=86 no_bid=14 no_ask=15 book_ready=True position=True pending=False dry_run=False trust=synced run_id=99e01c3f-0a04-4449-b1b4-e6daca2a4580
2026-05-07 16:06:55,313 | INFO | Heartbeat | watch=KXBTC15M-26MAY071615-15 yes_bid=85 yes_ask=86 no_bid=14 no_ask=15 book_ready=True position=True pending=False dry_run=False trust=synced run_id=99e01c3f-0a04-4449-b1b4-e6daca2a4580
2026-05-07 16:07:10,351 | INFO | Heartbeat | watch=KXBTC15M-26MAY071615-15 yes_bid=83 yes_ask=84 no_bid=16 no_ask=17 book_ready=True position=True pending=False dry_run=False trust=synced run_id=99e01c3f-0a04-4449-b1b4-e6daca2a4580
2026-05-07 16:07:25,378 | INFO | Heartbeat | watch=KXBTC15M-26MAY071615-15 yes_bid=86 yes_ask=87 no_bid=13 no_ask=14 book_ready=True position=True pending=False dry_run=False trust=synced run_id=99e01c3f-0a04-4449-b1b4-e6daca2a4580
2026-05-07 16:07:38,430 | INFO | EXIT signal | market=KXBTC15M-26MAY071615-15 action=sell side=yes trigger=89c limit=89c qty=1 book_ready=True mode=single_shot_ioc slices=1 attempt=0
2026-05-07 16:07:38,430 | INFO | Latency | purpose=exit feed_age_ms=234.6 local_reaction_ms=0.0 trigger_seen_at=2026-05-07T20:07:38.430767+00:00 market_msg_time=2026-05-07T20:07:38.196166Z
2026-05-07 16:07:38,432 | INFO | Exit plan approved | market=KXBTC15M-26MAY071615-15 side=yes trigger=89c limit=89c top_bid=89 depth=588.00 required=1 book_age_ms=0.0 secs_to_close=441.58 reason=mushroom_v28_exit_value_over_hold_single_shot_visible_depth mode=single_shot_ioc attempt=0
2026-05-07 16:07:38,488 | INFO | EXIT fill | market=KXBTC15M-26MAY071615-15 side=yes slice=1/1 qty=1 cumulative=1/1 remaining=0
2026-05-07 16:07:40,394 | INFO | Heartbeat | watch=KXBTC15M-26MAY071615-15 yes_bid=89 yes_ask=91 no_bid=9 no_ask=11 book_ready=True position=False pending=False dry_run=False trust=synced run_id=99e01c3f-0a04-4449-b1b4-e6daca2a4580
2026-05-07 16:07:55,789 | INFO | Heartbeat | watch=KXBTC15M-26MAY071615-15 yes_bid=93 yes_ask=94 no_bid=6 no_ask=7 book_ready=True position=False pending=False dry_run=False trust=synced run_id=99e01c3f-0a04-4449-b1b4-e6daca2a4580
2026-05-07 16:08:10,816 | INFO | Heartbeat | watch=KXBTC15M-26MAY071615-15 yes_bid=94 yes_ask=95 no_bid=5 no_ask=6 book_ready=True position=False pending=False dry_run=False trust=synced run_id=99e01c3f-0a04-4449-b1b4-e6daca2a4580
2026-05-07 16:08:25,822 | INFO | Heartbeat | watch=KXBTC15M-26MAY071615-15 yes_bid=91 yes_ask=92 no_bid=8 no_ask=9 book_ready=True position=False pending=False dry_run=False trust=synced run_id=99e01c3f-0a04-4449-b1b4-e6daca2a4580
2026-05-07 16:08:40,853 | INFO | Heartbeat | watch=KXBTC15M-26MAY071615-15 yes_bid=91 yes_ask=91 no_bid=9 no_ask=9 book_ready=True position=False pending=False dry_run=False trust=synced run_id=99e01c3f-0a04-4449-b1b4-e6daca2a4580
2026-05-07 16:08:55,859 | INFO | Heartbeat | watch=KXBTC15M-26MAY071615-15 yes_bid=90 yes_ask=91 no_bid=9 no_ask=10 book_ready=True position=False pending=False dry_run=False trust=synced run_id=99e01c3f-0a04-4449-b1b4-e6daca2a4580
2026-05-07 16:09:10,863 | INFO | Heartbeat | watch=KXBTC15M-26MAY071615-15 yes_bid=92 yes_ask=92 no_bid=8 no_ask=8 book_ready=True position=False pending=False dry_run=False trust=synced run_id=99e01c3f-0a04-4449-b1b4-e6daca2a4580
2026-05-07 16:09:25,857 | INFO | Heartbeat | watch=KXBTC15M-26MAY071615-15 yes_bid=93 yes_ask=94 no_bid=6 no_ask=7 book_ready=True position=False pending=False dry_run=False trust=synced run_id=99e01c3f-0a04-4449-b1b4-e6daca2a4580
2026-05-07 16:09:40,863 | INFO | Heartbeat | watch=KXBTC15M-26MAY071615-15 yes_bid=93 yes_ask=94 no_bid=6 no_ask=7 book_ready=True position=False pending=False dry_run=False trust=synced run_id=99e01c3f-0a04-4449-b1b4-e6daca2a4580
2026-05-07 16:09:55,862 | INFO | Heartbeat | watch=KXBTC15M-26MAY071615-15 yes_bid=93 yes_ask=94 no_bid=6 no_ask=7 book_ready=True position=False pending=False dry_run=False trust=synced run_id=99e01c3f-0a04-4449-b1b4-e6daca2a4580
2026-05-07 16:10:10,893 | INFO | Heartbeat | watch=KXBTC15M-26MAY071615-15 yes_bid=94 yes_ask=94 no_bid=6 no_ask=6 book_ready=True position=False pending=False dry_run=False trust=synced run_id=99e01c3f-0a04-4449-b1b4-e6daca2a4580
2026-05-07 16:10:25,937 | INFO | Heartbeat | watch=KXBTC15M-26MAY071615-15 yes_bid=96 yes_ask=97 no_bid=3 no_ask=4 book_ready=True position=False pending=False dry_run=False trust=synced run_id=99e01c3f-0a04-4449-b1b4-e6daca2a4580
2026-05-07 16:10:40,953 | INFO | Heartbeat | watch=KXBTC15M-26MAY071615-15 yes_bid=96 yes_ask=97 no_bid=3 no_ask=4 book_ready=True position=False pending=False dry_run=False trust=synced run_id=99e01c3f-0a04-4449-b1b4-e6daca2a4580
2026-05-07 16:10:55,967 | INFO | Heartbeat | watch=KXBTC15M-26MAY071615-15 yes_bid=97 yes_ask=98 no_bid=2 no_ask=3 book_ready=True position=False pending=False dry_run=False trust=synced run_id=99e01c3f-0a04-4449-b1b4-e6daca2a4580
2026-05-07 16:11:11,027 | INFO | Heartbeat | watch=KXBTC15M-26MAY071615-15 yes_bid=94 yes_ask=94 no_bid=6 no_ask=6 book_ready=True position=False pending=False dry_run=False trust=synced run_id=99e01c3f-0a04-4449-b1b4-e6daca2a4580
2026-05-07 16:11:26,061 | INFO | Heartbeat | watch=KXBTC15M-26MAY071615-15 yes_bid=93 yes_ask=94 no_bid=6 no_ask=7 book_ready=True position=False pending=False dry_run=False trust=synced run_id=99e01c3f-0a04-4449-b1b4-e6daca2a4580
2026-05-07 16:11:41,090 | INFO | Heartbeat | watch=KXBTC15M-26MAY071615-15 yes_bid=95 yes_ask=96 no_bid=4 no_ask=5 book_ready=True position=False pending=False dry_run=False trust=synced run_id=99e01c3f-0a04-4449-b1b4-e6daca2a4580
2026-05-07 16:11:56,109 | INFO | Heartbeat | watch=KXBTC15M-26MAY071615-15 yes_bid=94 yes_ask=95 no_bid=5 no_ask=6 book_ready=True position=False pending=False dry_run=False trust=synced run_id=99e01c3f-0a04-4449-b1b4-e6daca2a4580
2026-05-07 16:12:11,146 | INFO | Heartbeat | watch=KXBTC15M-26MAY071615-15 yes_bid=95 yes_ask=95 no_bid=5 no_ask=5 book_ready=True position=False pending=False dry_run=False trust=synced run_id=99e01c3f-0a04-4449-b1b4-e6daca2a4580
2026-05-07 16:12:26,157 | INFO | Heartbeat | watch=KXBTC15M-26MAY071615-15 yes_bid=96 yes_ask=96 no_bid=4 no_ask=4 book_ready=True position=False pending=False dry_run=False trust=synced run_id=99e01c3f-0a04-4449-b1b4-e6daca2a4580
2026-05-07 16:12:41,157 | INFO | Heartbeat | watch=KXBTC15M-26MAY071615-15 yes_bid=98 yes_ask=99 no_bid=1 no_ask=2 book_ready=True position=False pending=False dry_run=False trust=synced run_id=99e01c3f-0a04-4449-b1b4-e6daca2a4580
2026-05-07 16:12:56,182 | INFO | Heartbeat | watch=KXBTC15M-26MAY071615-15 yes_bid=99 yes_ask=99 no_bid=1 no_ask=1 book_ready=True position=False pending=False dry_run=False trust=synced run_id=99e01c3f-0a04-4449-b1b4-e6daca2a4580
2026-05-07 16:13:11,206 | INFO | Heartbeat | watch=KXBTC15M-26MAY071615-15 yes_bid=98 yes_ask=99 no_bid=1 no_ask=2 book_ready=True position=False pending=False dry_run=False trust=synced run_id=99e01c3f-0a04-4449-b1b4-e6daca2a4580
2026-05-07 16:13:26,250 | INFO | Heartbeat | watch=KXBTC15M-26MAY071615-15 yes_bid=99 yes_ask=99 no_bid=1 no_ask=1 book_ready=True position=False pending=False dry_run=False trust=synced run_id=99e01c3f-0a04-4449-b1b4-e6daca2a4580
2026-05-07 16:13:41,286 | INFO | Heartbeat | watch=KXBTC15M-26MAY071615-15 yes_bid=100 yes_ask=100 no_bid=0 no_ask=0 book_ready=True position=False pending=False dry_run=False trust=synced run_id=99e01c3f-0a04-4449-b1b4-e6daca2a4580
2026-05-07 16:13:56,293 | INFO | Heartbeat | watch=KXBTC15M-26MAY071615-15 yes_bid=99 yes_ask=99 no_bid=1 no_ask=1 book_ready=True position=False pending=False dry_run=False trust=synced run_id=99e01c3f-0a04-4449-b1b4-e6daca2a4580
2026-05-07 16:14:11,344 | INFO | Heartbeat | watch=KXBTC15M-26MAY071615-15 yes_bid=100 yes_ask=100 no_bid=0 no_ask=0 book_ready=True position=False pending=False dry_run=False trust=synced run_id=99e01c3f-0a04-4449-b1b4-e6daca2a4580
2026-05-07 16:14:26,368 | INFO | Heartbeat | watch=KXBTC15M-26MAY071615-15 yes_bid=100 yes_ask=100 no_bid=0 no_ask=0 book_ready=True position=False pending=False dry_run=False trust=synced run_id=99e01c3f-0a04-4449-b1b4-e6daca2a4580
2026-05-07 16:14:41,356 | INFO | Heartbeat | watch=KXBTC15M-26MAY071615-15 yes_bid=99 yes_ask=100 no_bid=0 no_ask=1 book_ready=True position=False pending=False dry_run=False trust=synced run_id=99e01c3f-0a04-4449-b1b4-e6daca2a4580
2026-05-07 16:14:56,372 | INFO | Heartbeat | watch=KXBTC15M-26MAY071615-15 yes_bid=100 yes_ask=100 no_bid=0 no_ask=0 book_ready=True position=False pending=False dry_run=False trust=synced run_id=99e01c3f-0a04-4449-b1b4-e6daca2a4580
2026-05-07 16:15:11,408 | INFO | Heartbeat | watch=KXBTC15M-26MAY071615-15 yes_bid=0 yes_ask=100 no_bid=0 no_ask=100 book_ready=True position=False pending=False dry_run=False trust=synced run_id=99e01c3f-0a04-4449-b1b4-e6daca2a4580
2026-05-07 16:15:11,749 | INFO | Orderbook snapshot ready for KXBTC15M-26MAY071615-15
2026-05-07 16:15:26,448 | INFO | Heartbeat | watch=KXBTC15M-26MAY071615-15 yes_bid=0 yes_ask=100 no_bid=0 no_ask=100 book_ready=True position=False pending=False dry_run=False trust=synced run_id=99e01c3f-0a04-4449-b1b4-e6daca2a4580
2026-05-07 16:15:30,041 | INFO | Watching market KXBTC15M-26MAY071630-30 close_time=2026-05-07T20:30:00Z status=active strike=80152.95 run_id=99e01c3f-0a04-4449-b1b4-e6daca2a4580
2026-05-07 16:15:30,240 | INFO | WS connected for KXBTC15M-26MAY071630-30
2026-05-07 16:15:30,267 | INFO | WS subscribed payload: {'type': 'subscribed', 'id': 10, 'msg': {'channel': 'ticker', 'sid': 1}}
2026-05-07 16:15:30,267 | INFO | WS subscribed payload: {'type': 'subscribed', 'id': 10, 'msg': {'channel': 'orderbook_delta', 'sid': 2}}
2026-05-07 16:15:30,270 | INFO | Orderbook snapshot ready for KXBTC15M-26MAY071630-30
2026-05-07 16:15:41,443 | INFO | Heartbeat | watch=KXBTC15M-26MAY071630-30 yes_bid=56 yes_ask=58 no_bid=42 no_ask=44 book_ready=True position=False pending=False dry_run=False trust=synced run_id=99e01c3f-0a04-4449-b1b4-e6daca2a4580
2026-05-07 16:15:56,470 | INFO | Heartbeat | watch=KXBTC15M-26MAY071630-30 yes_bid=54 yes_ask=56 no_bid=44 no_ask=46 book_ready=True position=False pending=False dry_run=False trust=synced run_id=99e01c3f-0a04-4449-b1b4-e6daca2a4580
2026-05-07 16:16:11,504 | INFO | Heartbeat | watch=KXBTC15M-26MAY071630-30 yes_bid=54 yes_ask=55 no_bid=45 no_ask=46 book_ready=True position=False pending=False dry_run=False trust=synced run_id=99e01c3f-0a04-4449-b1b4-e6daca2a4580
2026-05-07 16:16:26,516 | INFO | Heartbeat | watch=KXBTC15M-26MAY071630-30 yes_bid=50 yes_ask=51 no_bid=49 no_ask=50 book_ready=True position=False pending=False dry_run=False trust=synced run_id=99e01c3f-0a04-4449-b1b4-e6daca2a4580
2026-05-07 16:16:41,536 | INFO | Heartbeat | watch=KXBTC15M-26MAY071630-30 yes_bid=56 yes_ask=57 no_bid=43 no_ask=44 book_ready=True position=False pending=False dry_run=False trust=synced run_id=99e01c3f-0a04-4449-b1b4-e6daca2a4580
2026-05-07 16:16:56,643 | INFO | Heartbeat | watch=KXBTC15M-26MAY071630-30 yes_bid=55 yes_ask=56 no_bid=44 no_ask=45 book_ready=True position=False pending=False dry_run=False trust=synced run_id=99e01c3f-0a04-4449-b1b4-e6daca2a4580
2026-05-07 16:17:11,652 | INFO | Heartbeat | watch=KXBTC15M-26MAY071630-30 yes_bid=62 yes_ask=63 no_bid=37 no_ask=38 book_ready=True position=False pending=False dry_run=False trust=synced run_id=99e01c3f-0a04-4449-b1b4-e6daca2a4580
2026-05-07 16:17:26,647 | INFO | Heartbeat | watch=KXBTC15M-26MAY071630-30 yes_bid=46 yes_ask=47 no_bid=53 no_ask=54 book_ready=True position=False pending=False dry_run=False trust=synced run_id=99e01c3f-0a04-4449-b1b4-e6daca2a4580
2026-05-07 16:17:41,666 | INFO | Heartbeat | watch=KXBTC15M-26MAY071630-30 yes_bid=47 yes_ask=49 no_bid=51 no_ask=53 book_ready=True position=False pending=False dry_run=False trust=synced run_id=99e01c3f-0a04-4449-b1b4-e6daca2a4580
2026-05-07 16:17:56,677 | INFO | Heartbeat | watch=KXBTC15M-26MAY071630-30 yes_bid=43 yes_ask=44 no_bid=56 no_ask=57 book_ready=True position=False pending=False dry_run=False trust=synced run_id=99e01c3f-0a04-4449-b1b4-e6daca2a4580
2026-05-07 16:18:11,693 | INFO | Heartbeat | watch=KXBTC15M-26MAY071630-30 yes_bid=38 yes_ask=39 no_bid=61 no_ask=62 book_ready=True position=False pending=False dry_run=False trust=synced run_id=99e01c3f-0a04-4449-b1b4-e6daca2a4580
2026-05-07 16:18:26,718 | INFO | Heartbeat | watch=KXBTC15M-26MAY071630-30 yes_bid=37 yes_ask=38 no_bid=62 no_ask=63 book_ready=True position=False pending=False dry_run=False trust=synced run_id=99e01c3f-0a04-4449-b1b4-e6daca2a4580
2026-05-07 16:18:41,723 | INFO | Heartbeat | watch=KXBTC15M-26MAY071630-30 yes_bid=35 yes_ask=36 no_bid=64 no_ask=65 book_ready=True position=False pending=False dry_run=False trust=synced run_id=99e01c3f-0a04-4449-b1b4-e6daca2a4580
2026-05-07 16:18:56,735 | INFO | Heartbeat | watch=KXBTC15M-26MAY071630-30 yes_bid=31 yes_ask=32 no_bid=68 no_ask=69 book_ready=True position=False pending=False dry_run=False trust=synced run_id=99e01c3f-0a04-4449-b1b4-e6daca2a4580
2026-05-07 16:19:11,732 | INFO | Heartbeat | watch=KXBTC15M-26MAY071630-30 yes_bid=38 yes_ask=39 no_bid=61 no_ask=62 book_ready=True position=False pending=False dry_run=False trust=synced run_id=99e01c3f-0a04-4449-b1b4-e6daca2a4580
2026-05-07 16:19:26,759 | INFO | Heartbeat | watch=KXBTC15M-26MAY071630-30 yes_bid=36 yes_ask=37 no_bid=63 no_ask=64 book_ready=True position=False pending=False dry_run=False trust=synced run_id=99e01c3f-0a04-4449-b1b4-e6daca2a4580
2026-05-07 16:19:41,785 | INFO | Heartbeat | watch=KXBTC15M-26MAY071630-30 yes_bid=37 yes_ask=38 no_bid=62 no_ask=63 book_ready=True position=False pending=False dry_run=False trust=synced run_id=99e01c3f-0a04-4449-b1b4-e6daca2a4580
2026-05-07 16:19:56,797 | INFO | Heartbeat | watch=KXBTC15M-26MAY071630-30 yes_bid=34 yes_ask=35 no_bid=65 no_ask=66 book_ready=True position=False pending=False dry_run=False trust=synced run_id=99e01c3f-0a04-4449-b1b4-e6daca2a4580
2026-05-07 16:20:11,832 | INFO | Heartbeat | watch=KXBTC15M-26MAY071630-30 yes_bid=35 yes_ask=36 no_bid=64 no_ask=65 book_ready=True position=False pending=False dry_run=False trust=synced run_id=99e01c3f-0a04-4449-b1b4-e6daca2a4580
2026-05-07 16:20:26,876 | INFO | Heartbeat | watch=KXBTC15M-26MAY071630-30 yes_bid=34 yes_ask=35 no_bid=65 no_ask=66 book_ready=True position=False pending=False dry_run=False trust=synced run_id=99e01c3f-0a04-4449-b1b4-e6daca2a4580
2026-05-07 16:20:41,920 | INFO | Heartbeat | watch=KXBTC15M-26MAY071630-30 yes_bid=28 yes_ask=29 no_bid=71 no_ask=72 book_ready=True position=False pending=False dry_run=False trust=synced run_id=99e01c3f-0a04-4449-b1b4-e6daca2a4580
2026-05-07 16:20:56,976 | INFO | Heartbeat | watch=KXBTC15M-26MAY071630-30 yes_bid=20 yes_ask=21 no_bid=79 no_ask=80 book_ready=True position=False pending=False dry_run=False trust=synced run_id=99e01c3f-0a04-4449-b1b4-e6daca2a4580
2026-05-07 16:21:12,001 | INFO | Heartbeat | watch=KXBTC15M-26MAY071630-30 yes_bid=29 yes_ask=30 no_bid=70 no_ask=71 book_ready=True position=False pending=False dry_run=False trust=synced run_id=99e01c3f-0a04-4449-b1b4-e6daca2a4580
2026-05-07 16:21:27,038 | INFO | Heartbeat | watch=KXBTC15M-26MAY071630-30 yes_bid=27 yes_ask=28 no_bid=72 no_ask=73 book_ready=True position=False pending=False dry_run=False trust=synced run_id=99e01c3f-0a04-4449-b1b4-e6daca2a4580
2026-05-07 16:21:42,084 | INFO | Heartbeat | watch=KXBTC15M-26MAY071630-30 yes_bid=25 yes_ask=26 no_bid=74 no_ask=75 book_ready=True position=False pending=False dry_run=False trust=synced run_id=99e01c3f-0a04-4449-b1b4-e6daca2a4580
2026-05-07 16:21:57,086 | INFO | Heartbeat | watch=KXBTC15M-26MAY071630-30 yes_bid=24 yes_ask=25 no_bid=75 no_ask=76 book_ready=True position=False pending=False dry_run=False trust=synced run_id=99e01c3f-0a04-4449-b1b4-e6daca2a4580
2026-05-07 16:22:12,077 | INFO | Heartbeat | watch=KXBTC15M-26MAY071630-30 yes_bid=31 yes_ask=32 no_bid=68 no_ask=69 book_ready=True position=False pending=False dry_run=False trust=synced run_id=99e01c3f-0a04-4449-b1b4-e6daca2a4580
2026-05-07 16:22:27,106 | INFO | Heartbeat | watch=KXBTC15M-26MAY071630-30 yes_bid=32 yes_ask=33 no_bid=67 no_ask=68 book_ready=True position=False pending=False dry_run=False trust=synced run_id=99e01c3f-0a04-4449-b1b4-e6daca2a4580
2026-05-07 16:22:42,148 | INFO | Heartbeat | watch=KXBTC15M-26MAY071630-30 yes_bid=42 yes_ask=43 no_bid=57 no_ask=58 book_ready=True position=False pending=False dry_run=False trust=synced run_id=99e01c3f-0a04-4449-b1b4-e6daca2a4580
2026-05-07 16:22:57,170 | INFO | Heartbeat | watch=KXBTC15M-26MAY071630-30 yes_bid=45 yes_ask=46 no_bid=54 no_ask=55 book_ready=True position=False pending=False dry_run=False trust=synced run_id=99e01c3f-0a04-4449-b1b4-e6daca2a4580
2026-05-07 16:23:12,213 | INFO | Heartbeat | watch=KXBTC15M-26MAY071630-30 yes_bid=51 yes_ask=52 no_bid=48 no_ask=49 book_ready=True position=False pending=False dry_run=False trust=synced run_id=99e01c3f-0a04-4449-b1b4-e6daca2a4580
2026-05-07 16:23:27,203 | INFO | Heartbeat | watch=KXBTC15M-26MAY071630-30 yes_bid=56 yes_ask=57 no_bid=43 no_ask=44 book_ready=True position=False pending=False dry_run=False trust=synced run_id=99e01c3f-0a04-4449-b1b4-e6daca2a4580
2026-05-07 16:23:42,228 | INFO | Heartbeat | watch=KXBTC15M-26MAY071630-30 yes_bid=63 yes_ask=64 no_bid=36 no_ask=37 book_ready=True position=False pending=False dry_run=False trust=synced run_id=99e01c3f-0a04-4449-b1b4-e6daca2a4580
2026-05-07 16:23:57,242 | INFO | Heartbeat | watch=KXBTC15M-26MAY071630-30 yes_bid=64 yes_ask=65 no_bid=35 no_ask=36 book_ready=True position=False pending=False dry_run=False trust=synced run_id=99e01c3f-0a04-4449-b1b4-e6daca2a4580
2026-05-07 16:24:12,307 | INFO | Heartbeat | watch=KXBTC15M-26MAY071630-30 yes_bid=62 yes_ask=63 no_bid=37 no_ask=38 book_ready=True position=False pending=False dry_run=False trust=synced run_id=99e01c3f-0a04-4449-b1b4-e6daca2a4580
2026-05-07 16:24:27,302 | INFO | Heartbeat | watch=KXBTC15M-26MAY071630-30 yes_bid=62 yes_ask=64 no_bid=36 no_ask=38 book_ready=True position=False pending=False dry_run=False trust=synced run_id=99e01c3f-0a04-4449-b1b4-e6daca2a4580
2026-05-07 16:24:42,313 | INFO | Heartbeat | watch=KXBTC15M-26MAY071630-30 yes_bid=61 yes_ask=62 no_bid=38 no_ask=39 book_ready=True position=False pending=False dry_run=False trust=synced run_id=99e01c3f-0a04-4449-b1b4-e6daca2a4580
2026-05-07 16:24:57,314 | INFO | Heartbeat | watch=KXBTC15M-26MAY071630-30 yes_bid=43 yes_ask=44 no_bid=56 no_ask=57 book_ready=True position=False pending=False dry_run=False trust=synced run_id=99e01c3f-0a04-4449-b1b4-e6daca2a4580
2026-05-07 16:25:12,312 | INFO | Heartbeat | watch=KXBTC15M-26MAY071630-30 yes_bid=28 yes_ask=29 no_bid=71 no_ask=72 book_ready=True position=False pending=False dry_run=False trust=synced run_id=99e01c3f-0a04-4449-b1b4-e6daca2a4580
2026-05-07 16:25:27,346 | INFO | Heartbeat | watch=KXBTC15M-26MAY071630-30 yes_bid=22 yes_ask=23 no_bid=77 no_ask=78 book_ready=True position=False pending=False dry_run=False trust=synced run_id=99e01c3f-0a04-4449-b1b4-e6daca2a4580
2026-05-07 16:25:42,344 | INFO | Heartbeat | watch=KXBTC15M-26MAY071630-30 yes_bid=22 yes_ask=23 no_bid=77 no_ask=78 book_ready=True position=False pending=False dry_run=False trust=synced run_id=99e01c3f-0a04-4449-b1b4-e6daca2a4580
2026-05-07 16:25:57,389 | INFO | Heartbeat | watch=KXBTC15M-26MAY071630-30 yes_bid=29 yes_ask=30 no_bid=70 no_ask=71 book_ready=True position=False pending=False dry_run=False trust=synced run_id=99e01c3f-0a04-4449-b1b4-e6daca2a4580
2026-05-07 16:26:12,435 | INFO | Heartbeat | watch=KXBTC15M-26MAY071630-30 yes_bid=29 yes_ask=30 no_bid=70 no_ask=71 book_ready=True position=False pending=False dry_run=False trust=synced run_id=99e01c3f-0a04-4449-b1b4-e6daca2a4580
2026-05-07 16:26:27,438 | INFO | Heartbeat | watch=KXBTC15M-26MAY071630-30 yes_bid=28 yes_ask=29 no_bid=71 no_ask=72 book_ready=True position=False pending=False dry_run=False trust=synced run_id=99e01c3f-0a04-4449-b1b4-e6daca2a4580
2026-05-07 16:26:42,452 | INFO | Heartbeat | watch=KXBTC15M-26MAY071630-30 yes_bid=26 yes_ask=27 no_bid=73 no_ask=74 book_ready=True position=False pending=False dry_run=False trust=synced run_id=99e01c3f-0a04-4449-b1b4-e6daca2a4580
2026-05-07 16:26:57,499 | INFO | Heartbeat | watch=KXBTC15M-26MAY071630-30 yes_bid=24 yes_ask=25 no_bid=75 no_ask=76 book_ready=True position=False pending=False dry_run=False trust=synced run_id=99e01c3f-0a04-4449-b1b4-e6daca2a4580
2026-05-07 16:27:12,491 | INFO | Heartbeat | watch=KXBTC15M-26MAY071630-30 yes_bid=22 yes_ask=23 no_bid=77 no_ask=78 book_ready=True position=False pending=False dry_run=False trust=synced run_id=99e01c3f-0a04-4449-b1b4-e6daca2a4580
2026-05-07 16:27:27,485 | INFO | Heartbeat | watch=KXBTC15M-26MAY071630-30 yes_bid=13 yes_ask=14 no_bid=86 no_ask=87 book_ready=True position=False pending=False dry_run=False trust=synced run_id=99e01c3f-0a04-4449-b1b4-e6daca2a4580
2026-05-07 16:27:42,510 | INFO | Heartbeat | watch=KXBTC15M-26MAY071630-30 yes_bid=28 yes_ask=29 no_bid=71 no_ask=72 book_ready=True position=False pending=False dry_run=False trust=synced run_id=99e01c3f-0a04-4449-b1b4-e6daca2a4580
2026-05-07 16:27:57,548 | INFO | Heartbeat | watch=KXBTC15M-26MAY071630-30 yes_bid=27 yes_ask=29 no_bid=71 no_ask=73 book_ready=True position=False pending=False dry_run=False trust=synced run_id=99e01c3f-0a04-4449-b1b4-e6daca2a4580
2026-05-07 16:28:12,616 | INFO | Heartbeat | watch=KXBTC15M-26MAY071630-30 yes_bid=29 yes_ask=30 no_bid=70 no_ask=71 book_ready=True position=False pending=False dry_run=False trust=synced run_id=99e01c3f-0a04-4449-b1b4-e6daca2a4580
2026-05-07 16:28:27,646 | INFO | Heartbeat | watch=KXBTC15M-26MAY071630-30 yes_bid=26 yes_ask=27 no_bid=73 no_ask=74 book_ready=True position=False pending=False dry_run=False trust=synced run_id=99e01c3f-0a04-4449-b1b4-e6daca2a4580
2026-05-07 16:28:42,651 | INFO | Heartbeat | watch=KXBTC15M-26MAY071630-30 yes_bid=62 yes_ask=64 no_bid=36 no_ask=38 book_ready=True position=False pending=False dry_run=False trust=synced run_id=99e01c3f-0a04-4449-b1b4-e6daca2a4580
2026-05-07 16:28:57,657 | INFO | Heartbeat | watch=KXBTC15M-26MAY071630-30 yes_bid=65 yes_ask=67 no_bid=33 no_ask=35 book_ready=True position=False pending=False dry_run=False trust=synced run_id=99e01c3f-0a04-4449-b1b4-e6daca2a4580
2026-05-07 16:29:12,666 | INFO | Heartbeat | watch=KXBTC15M-26MAY071630-30 yes_bid=98 yes_ask=98 no_bid=2 no_ask=2 book_ready=True position=False pending=False dry_run=False trust=synced run_id=99e01c3f-0a04-4449-b1b4-e6daca2a4580
2026-05-07 16:29:27,665 | INFO | Heartbeat | watch=KXBTC15M-26MAY071630-30 yes_bid=99 yes_ask=100 no_bid=0 no_ask=1 book_ready=True position=False pending=False dry_run=False trust=synced run_id=99e01c3f-0a04-4449-b1b4-e6daca2a4580
2026-05-07 16:29:42,672 | INFO | Heartbeat | watch=KXBTC15M-26MAY071630-30 yes_bid=100 yes_ask=100 no_bid=0 no_ask=0 book_ready=True position=False pending=False dry_run=False trust=synced run_id=99e01c3f-0a04-4449-b1b4-e6daca2a4580
2026-05-07 16:29:57,703 | INFO | Heartbeat | watch=KXBTC15M-26MAY071630-30 yes_bid=100 yes_ask=100 no_bid=0 no_ask=0 book_ready=True position=False pending=False dry_run=False trust=synced run_id=99e01c3f-0a04-4449-b1b4-e6daca2a4580
2026-05-07 16:30:06,416 | INFO | Orderbook snapshot ready for KXBTC15M-26MAY071630-30
2026-05-07 16:30:12,707 | INFO | Heartbeat | watch=KXBTC15M-26MAY071630-30 yes_bid=0 yes_ask=100 no_bid=0 no_ask=100 book_ready=True position=False pending=False dry_run=False trust=synced run_id=99e01c3f-0a04-4449-b1b4-e6daca2a4580
2026-05-07 16:30:27,736 | INFO | Heartbeat | watch=KXBTC15M-26MAY071630-30 yes_bid=0 yes_ask=100 no_bid=0 no_ask=100 book_ready=True position=False pending=False dry_run=False trust=synced run_id=99e01c3f-0a04-4449-b1b4-e6daca2a4580
2026-05-07 16:30:30,345 | INFO | Watching market KXBTC15M-26MAY071645-45 close_time=2026-05-07T20:45:00Z status=active strike=80177.39 run_id=99e01c3f-0a04-4449-b1b4-e6daca2a4580
2026-05-07 16:30:30,571 | INFO | WS connected for KXBTC15M-26MAY071645-45
2026-05-07 16:30:30,644 | INFO | WS subscribed payload: {'type': 'subscribed', 'id': 11, 'msg': {'channel': 'ticker', 'sid': 1}}
2026-05-07 16:30:30,644 | INFO | WS subscribed payload: {'type': 'subscribed', 'id': 11, 'msg': {'channel': 'orderbook_delta', 'sid': 2}}
2026-05-07 16:30:30,644 | INFO | Orderbook snapshot ready for KXBTC15M-26MAY071645-45
2026-05-07 16:30:42,751 | INFO | Heartbeat | watch=KXBTC15M-26MAY071645-45 yes_bid=35 yes_ask=36 no_bid=64 no_ask=65 book_ready=True position=False pending=False dry_run=False trust=synced run_id=99e01c3f-0a04-4449-b1b4-e6daca2a4580
2026-05-07 16:30:57,817 | INFO | Heartbeat | watch=KXBTC15M-26MAY071645-45 yes_bid=34 yes_ask=35 no_bid=65 no_ask=66 book_ready=True position=False pending=False dry_run=False trust=synced run_id=99e01c3f-0a04-4449-b1b4-e6daca2a4580
2026-05-07 16:31:12,869 | INFO | Heartbeat | watch=KXBTC15M-26MAY071645-45 yes_bid=23 yes_ask=24 no_bid=76 no_ask=77 book_ready=True position=False pending=False dry_run=False trust=synced run_id=99e01c3f-0a04-4449-b1b4-e6daca2a4580
2026-05-07 16:31:27,903 | INFO | Heartbeat | watch=KXBTC15M-26MAY071645-45 yes_bid=33 yes_ask=35 no_bid=65 no_ask=67 book_ready=True position=False pending=False dry_run=False trust=synced run_id=99e01c3f-0a04-4449-b1b4-e6daca2a4580
2026-05-07 16:31:42,910 | INFO | Heartbeat | watch=KXBTC15M-26MAY071645-45 yes_bid=33 yes_ask=34 no_bid=66 no_ask=67 book_ready=True position=False pending=False dry_run=False trust=synced run_id=99e01c3f-0a04-4449-b1b4-e6daca2a4580
2026-05-07 16:31:58,004 | INFO | Heartbeat | watch=KXBTC15M-26MAY071645-45 yes_bid=28 yes_ask=29 no_bid=71 no_ask=72 book_ready=True position=False pending=False dry_run=False trust=synced run_id=99e01c3f-0a04-4449-b1b4-e6daca2a4580
2026-05-07 16:32:13,044 | INFO | Heartbeat | watch=KXBTC15M-26MAY071645-45 yes_bid=24 yes_ask=25 no_bid=75 no_ask=76 book_ready=True position=False pending=False dry_run=False trust=synced run_id=99e01c3f-0a04-4449-b1b4-e6daca2a4580
2026-05-07 16:32:28,045 | INFO | Heartbeat | watch=KXBTC15M-26MAY071645-45 yes_bid=27 yes_ask=28 no_bid=72 no_ask=73 book_ready=True position=False pending=False dry_run=False trust=synced run_id=99e01c3f-0a04-4449-b1b4-e6daca2a4580
2026-05-07 16:32:43,066 | INFO | Heartbeat | watch=KXBTC15M-26MAY071645-45 yes_bid=24 yes_ask=25 no_bid=75 no_ask=76 book_ready=True position=False pending=False dry_run=False trust=synced run_id=99e01c3f-0a04-4449-b1b4-e6daca2a4580
2026-05-07 16:32:58,152 | INFO | Heartbeat | watch=KXBTC15M-26MAY071645-45 yes_bid=31 yes_ask=32 no_bid=68 no_ask=69 book_ready=True position=False pending=False dry_run=False trust=synced run_id=99e01c3f-0a04-4449-b1b4-e6daca2a4580
2026-05-07 16:33:13,177 | INFO | Heartbeat | watch=KXBTC15M-26MAY071645-45 yes_bid=30 yes_ask=31 no_bid=69 no_ask=70 book_ready=True position=False pending=False dry_run=False trust=synced run_id=99e01c3f-0a04-4449-b1b4-e6daca2a4580
2026-05-07 16:33:28,213 | INFO | Heartbeat | watch=KXBTC15M-26MAY071645-45 yes_bid=24 yes_ask=25 no_bid=75 no_ask=76 book_ready=True position=False pending=False dry_run=False trust=synced run_id=99e01c3f-0a04-4449-b1b4-e6daca2a4580
2026-05-07 16:33:43,243 | INFO | Heartbeat | watch=KXBTC15M-26MAY071645-45 yes_bid=20 yes_ask=21 no_bid=79 no_ask=80 book_ready=True position=False pending=False dry_run=False trust=synced run_id=99e01c3f-0a04-4449-b1b4-e6daca2a4580
2026-05-07 16:33:58,254 | INFO | Heartbeat | watch=KXBTC15M-26MAY071645-45 yes_bid=16 yes_ask=17 no_bid=83 no_ask=84 book_ready=True position=False pending=False dry_run=False trust=synced run_id=99e01c3f-0a04-4449-b1b4-e6daca2a4580
2026-05-07 16:34:13,257 | INFO | Heartbeat | watch=KXBTC15M-26MAY071645-45 yes_bid=18 yes_ask=19 no_bid=81 no_ask=82 book_ready=True position=False pending=False dry_run=False trust=synced run_id=99e01c3f-0a04-4449-b1b4-e6daca2a4580
2026-05-07 16:34:28,300 | INFO | Heartbeat | watch=KXBTC15M-26MAY071645-45 yes_bid=16 yes_ask=17 no_bid=83 no_ask=84 book_ready=True position=False pending=False dry_run=False trust=synced run_id=99e01c3f-0a04-4449-b1b4-e6daca2a4580
2026-05-07 16:34:43,330 | INFO | Heartbeat | watch=KXBTC15M-26MAY071645-45 yes_bid=16 yes_ask=17 no_bid=83 no_ask=84 book_ready=True position=False pending=False dry_run=False trust=synced run_id=99e01c3f-0a04-4449-b1b4-e6daca2a4580
2026-05-07 16:34:58,356 | INFO | Heartbeat | watch=KXBTC15M-26MAY071645-45 yes_bid=11 yes_ask=12 no_bid=88 no_ask=89 book_ready=True position=False pending=False dry_run=False trust=synced run_id=99e01c3f-0a04-4449-b1b4-e6daca2a4580
2026-05-07 16:35:13,395 | INFO | Heartbeat | watch=KXBTC15M-26MAY071645-45 yes_bid=11 yes_ask=12 no_bid=88 no_ask=89 book_ready=True position=False pending=False dry_run=False trust=synced run_id=99e01c3f-0a04-4449-b1b4-e6daca2a4580
2026-05-07 16:35:28,435 | INFO | Heartbeat | watch=KXBTC15M-26MAY071645-45 yes_bid=10 yes_ask=11 no_bid=89 no_ask=90 book_ready=True position=False pending=False dry_run=False trust=synced run_id=99e01c3f-0a04-4449-b1b4-e6daca2a4580
2026-05-07 16:35:43,488 | INFO | Heartbeat | watch=KXBTC15M-26MAY071645-45 yes_bid=8 yes_ask=9 no_bid=91 no_ask=92 book_ready=True position=False pending=False dry_run=False trust=synced run_id=99e01c3f-0a04-4449-b1b4-e6daca2a4580
2026-05-07 16:35:58,513 | INFO | Heartbeat | watch=KXBTC15M-26MAY071645-45 yes_bid=11 yes_ask=12 no_bid=88 no_ask=89 book_ready=True position=False pending=False dry_run=False trust=synced run_id=99e01c3f-0a04-4449-b1b4-e6daca2a4580
2026-05-07 16:36:13,536 | INFO | Heartbeat | watch=KXBTC15M-26MAY071645-45 yes_bid=11 yes_ask=12 no_bid=88 no_ask=89 book_ready=True position=False pending=False dry_run=False trust=synced run_id=99e01c3f-0a04-4449-b1b4-e6daca2a4580
2026-05-07 16:36:28,562 | INFO | Heartbeat | watch=KXBTC15M-26MAY071645-45 yes_bid=7 yes_ask=8 no_bid=92 no_ask=93 book_ready=True position=False pending=False dry_run=False trust=synced run_id=99e01c3f-0a04-4449-b1b4-e6daca2a4580
2026-05-07 16:36:43,577 | INFO | Heartbeat | watch=KXBTC15M-26MAY071645-45 yes_bid=7 yes_ask=8 no_bid=92 no_ask=93 book_ready=True position=False pending=False dry_run=False trust=synced run_id=99e01c3f-0a04-4449-b1b4-e6daca2a4580
2026-05-07 16:36:58,604 | INFO | Heartbeat | watch=KXBTC15M-26MAY071645-45 yes_bid=6 yes_ask=7 no_bid=93 no_ask=94 book_ready=True position=False pending=False dry_run=False trust=synced run_id=99e01c3f-0a04-4449-b1b4-e6daca2a4580
2026-05-07 16:37:13,615 | INFO | Heartbeat | watch=KXBTC15M-26MAY071645-45 yes_bid=6 yes_ask=7 no_bid=93 no_ask=94 book_ready=True position=False pending=False dry_run=False trust=synced run_id=99e01c3f-0a04-4449-b1b4-e6daca2a4580
2026-05-07 16:37:28,635 | INFO | Heartbeat | watch=KXBTC15M-26MAY071645-45 yes_bid=3 yes_ask=3 no_bid=97 no_ask=97 book_ready=True position=False pending=False dry_run=False trust=synced run_id=99e01c3f-0a04-4449-b1b4-e6daca2a4580
2026-05-07 16:37:43,650 | INFO | Heartbeat | watch=KXBTC15M-26MAY071645-45 yes_bid=2 yes_ask=2 no_bid=98 no_ask=98 book_ready=True position=False pending=False dry_run=False trust=synced run_id=99e01c3f-0a04-4449-b1b4-e6daca2a4580
2026-05-07 16:37:58,699 | INFO | Heartbeat | watch=KXBTC15M-26MAY071645-45 yes_bid=2 yes_ask=2 no_bid=98 no_ask=98 book_ready=True position=False pending=False dry_run=False trust=synced run_id=99e01c3f-0a04-4449-b1b4-e6daca2a4580
2026-05-07 16:38:13,719 | INFO | Heartbeat | watch=KXBTC15M-26MAY071645-45 yes_bid=2 yes_ask=3 no_bid=97 no_ask=98 book_ready=True position=False pending=False dry_run=False trust=synced run_id=99e01c3f-0a04-4449-b1b4-e6daca2a4580
2026-05-07 16:38:28,707 | INFO | Heartbeat | watch=KXBTC15M-26MAY071645-45 yes_bid=2 yes_ask=3 no_bid=97 no_ask=98 book_ready=True position=False pending=False dry_run=False trust=synced run_id=99e01c3f-0a04-4449-b1b4-e6daca2a4580
2026-05-07 16:38:43,751 | INFO | Heartbeat | watch=KXBTC15M-26MAY071645-45 yes_bid=3 yes_ask=3 no_bid=97 no_ask=97 book_ready=True position=False pending=False dry_run=False trust=synced run_id=99e01c3f-0a04-4449-b1b4-e6daca2a4580
2026-05-07 16:38:58,756 | INFO | Heartbeat | watch=KXBTC15M-26MAY071645-45 yes_bid=3 yes_ask=4 no_bid=96 no_ask=97 book_ready=True position=False pending=False dry_run=False trust=synced run_id=99e01c3f-0a04-4449-b1b4-e6daca2a4580
2026-05-07 16:39:13,806 | INFO | Heartbeat | watch=KXBTC15M-26MAY071645-45 yes_bid=2 yes_ask=4 no_bid=96 no_ask=98 book_ready=True position=False pending=False dry_run=False trust=synced run_id=99e01c3f-0a04-4449-b1b4-e6daca2a4580
2026-05-07 16:39:28,824 | INFO | Heartbeat | watch=KXBTC15M-26MAY071645-45 yes_bid=2 yes_ask=3 no_bid=97 no_ask=98 book_ready=True position=False pending=False dry_run=False trust=synced run_id=99e01c3f-0a04-4449-b1b4-e6daca2a4580
2026-05-07 16:39:43,842 | INFO | Heartbeat | watch=KXBTC15M-26MAY071645-45 yes_bid=1 yes_ask=2 no_bid=98 no_ask=99 book_ready=True position=False pending=False dry_run=False trust=synced run_id=99e01c3f-0a04-4449-b1b4-e6daca2a4580
2026-05-07 16:39:58,863 | INFO | Heartbeat | watch=KXBTC15M-26MAY071645-45 yes_bid=1 yes_ask=1 no_bid=99 no_ask=99 book_ready=True position=False pending=False dry_run=False trust=synced run_id=99e01c3f-0a04-4449-b1b4-e6daca2a4580
2026-05-07 16:40:13,886 | INFO | Heartbeat | watch=KXBTC15M-26MAY071645-45 yes_bid=1 yes_ask=1 no_bid=99 no_ask=99 book_ready=True position=False pending=False dry_run=False trust=synced run_id=99e01c3f-0a04-4449-b1b4-e6daca2a4580
2026-05-07 16:40:28,921 | INFO | Heartbeat | watch=KXBTC15M-26MAY071645-45 yes_bid=0 yes_ask=1 no_bid=99 no_ask=100 book_ready=True position=False pending=False dry_run=False trust=synced run_id=99e01c3f-0a04-4449-b1b4-e6daca2a4580
2026-05-07 16:40:43,933 | INFO | Heartbeat | watch=KXBTC15M-26MAY071645-45 yes_bid=0 yes_ask=1 no_bid=99 no_ask=100 book_ready=True position=False pending=False dry_run=False trust=synced run_id=99e01c3f-0a04-4449-b1b4-e6daca2a4580
2026-05-07 16:40:58,931 | INFO | Heartbeat | watch=KXBTC15M-26MAY071645-45 yes_bid=0 yes_ask=0 no_bid=100 no_ask=100 book_ready=True position=False pending=False dry_run=False trust=synced run_id=99e01c3f-0a04-4449-b1b4-e6daca2a4580
2026-05-07 16:41:13,938 | INFO | Heartbeat | watch=KXBTC15M-26MAY071645-45 yes_bid=0 yes_ask=1 no_bid=99 no_ask=100 book_ready=True position=False pending=False dry_run=False trust=synced run_id=99e01c3f-0a04-4449-b1b4-e6daca2a4580
2026-05-07 16:41:28,942 | INFO | Heartbeat | watch=KXBTC15M-26MAY071645-45 yes_bid=0 yes_ask=1 no_bid=99 no_ask=100 book_ready=True position=False pending=False dry_run=False trust=synced run_id=99e01c3f-0a04-4449-b1b4-e6daca2a4580
2026-05-07 16:41:43,983 | INFO | Heartbeat | watch=KXBTC15M-26MAY071645-45 yes_bid=0 yes_ask=1 no_bid=99 no_ask=100 book_ready=True position=False pending=False dry_run=False trust=synced run_id=99e01c3f-0a04-4449-b1b4-e6daca2a4580
2026-05-07 16:41:59,032 | INFO | Heartbeat | watch=KXBTC15M-26MAY071645-45 yes_bid=0 yes_ask=1 no_bid=99 no_ask=100 book_ready=True position=False pending=False dry_run=False trust=synced run_id=99e01c3f-0a04-4449-b1b4-e6daca2a4580
2026-05-07 16:42:14,022 | INFO | Heartbeat | watch=KXBTC15M-26MAY071645-45 yes_bid=0 yes_ask=0 no_bid=100 no_ask=100 book_ready=True position=False pending=False dry_run=False trust=synced run_id=99e01c3f-0a04-4449-b1b4-e6daca2a4580
2026-05-07 16:42:29,048 | INFO | Heartbeat | watch=KXBTC15M-26MAY071645-45 yes_bid=0 yes_ask=0 no_bid=100 no_ask=100 book_ready=True position=False pending=False dry_run=False trust=synced run_id=99e01c3f-0a04-4449-b1b4-e6daca2a4580
2026-05-07 16:42:44,081 | INFO | Heartbeat | watch=KXBTC15M-26MAY071645-45 yes_bid=0 yes_ask=0 no_bid=100 no_ask=100 book_ready=True position=False pending=False dry_run=False trust=synced run_id=99e01c3f-0a04-4449-b1b4-e6daca2a4580
2026-05-07 16:42:59,112 | INFO | Heartbeat | watch=KXBTC15M-26MAY071645-45 yes_bid=0 yes_ask=0 no_bid=100 no_ask=100 book_ready=True position=False pending=False dry_run=False trust=synced run_id=99e01c3f-0a04-4449-b1b4-e6daca2a4580
2026-05-07 16:43:14,113 | INFO | Heartbeat | watch=KXBTC15M-26MAY071645-45 yes_bid=0 yes_ask=0 no_bid=100 no_ask=100 book_ready=True position=False pending=False dry_run=False trust=synced run_id=99e01c3f-0a04-4449-b1b4-e6daca2a4580
2026-05-07 16:43:29,141 | INFO | Heartbeat | watch=KXBTC15M-26MAY071645-45 yes_bid=0 yes_ask=0 no_bid=100 no_ask=100 book_ready=True position=False pending=False dry_run=False trust=synced run_id=99e01c3f-0a04-4449-b1b4-e6daca2a4580
2026-05-07 16:43:44,226 | INFO | Heartbeat | watch=KXBTC15M-26MAY071645-45 yes_bid=0 yes_ask=0 no_bid=100 no_ask=100 book_ready=True position=False pending=False dry_run=False trust=synced run_id=99e01c3f-0a04-4449-b1b4-e6daca2a4580
2026-05-07 16:43:59,255 | INFO | Heartbeat | watch=KXBTC15M-26MAY071645-45 yes_bid=0 yes_ask=0 no_bid=100 no_ask=100 book_ready=True position=False pending=False dry_run=False trust=synced run_id=99e01c3f-0a04-4449-b1b4-e6daca2a4580
2026-05-07 16:44:14,256 | INFO | Heartbeat | watch=KXBTC15M-26MAY071645-45 yes_bid=0 yes_ask=0 no_bid=100 no_ask=100 book_ready=True position=False pending=False dry_run=False trust=synced run_id=99e01c3f-0a04-4449-b1b4-e6daca2a4580
2026-05-07 16:44:29,275 | INFO | Heartbeat | watch=KXBTC15M-26MAY071645-45 yes_bid=0 yes_ask=0 no_bid=100 no_ask=100 book_ready=True position=False pending=False dry_run=False trust=synced run_id=99e01c3f-0a04-4449-b1b4-e6daca2a4580
2026-05-07 16:44:44,272 | INFO | Heartbeat | watch=KXBTC15M-26MAY071645-45 yes_bid=0 yes_ask=0 no_bid=100 no_ask=100 book_ready=True position=False pending=False dry_run=False trust=synced run_id=99e01c3f-0a04-4449-b1b4-e6daca2a4580
2026-05-07 16:44:59,294 | INFO | Heartbeat | watch=KXBTC15M-26MAY071645-45 yes_bid=0 yes_ask=0 no_bid=100 no_ask=100 book_ready=True position=False pending=False dry_run=False trust=synced run_id=99e01c3f-0a04-4449-b1b4-e6daca2a4580
2026-05-07 16:45:06,142 | INFO | Orderbook snapshot ready for KXBTC15M-26MAY071645-45
2026-05-07 16:45:14,320 | INFO | Heartbeat | watch=KXBTC15M-26MAY071645-45 yes_bid=0 yes_ask=100 no_bid=0 no_ask=100 book_ready=True position=False pending=False dry_run=False trust=synced run_id=99e01c3f-0a04-4449-b1b4-e6daca2a4580
2026-05-07 16:45:15,404 | INFO | Watching market KXBTC15M-26MAY071700-00 close_time=2026-05-07T21:00:00Z status=active strike=79941.81 run_id=99e01c3f-0a04-4449-b1b4-e6daca2a4580
2026-05-07 16:45:15,606 | INFO | WS connected for KXBTC15M-26MAY071700-00
2026-05-07 16:45:15,639 | INFO | WS subscribed payload: {'type': 'subscribed', 'id': 12, 'msg': {'channel': 'ticker', 'sid': 1}}
2026-05-07 16:45:15,639 | INFO | WS subscribed payload: {'type': 'subscribed', 'id': 12, 'msg': {'channel': 'orderbook_delta', 'sid': 2}}
2026-05-07 16:45:15,647 | INFO | Orderbook snapshot ready for KXBTC15M-26MAY071700-00
2026-05-07 16:45:29,324 | INFO | Heartbeat | watch=KXBTC15M-26MAY071700-00 yes_bid=60 yes_ask=62 no_bid=38 no_ask=40 book_ready=True position=False pending=False dry_run=False trust=synced run_id=99e01c3f-0a04-4449-b1b4-e6daca2a4580
2026-05-07 16:45:44,358 | INFO | Heartbeat | watch=KXBTC15M-26MAY071700-00 yes_bid=55 yes_ask=56 no_bid=44 no_ask=45 book_ready=True position=False pending=False dry_run=False trust=synced run_id=99e01c3f-0a04-4449-b1b4-e6daca2a4580
2026-05-07 16:45:59,414 | INFO | Heartbeat | watch=KXBTC15M-26MAY071700-00 yes_bid=51 yes_ask=52 no_bid=48 no_ask=49 book_ready=True position=False pending=False dry_run=False trust=synced run_id=99e01c3f-0a04-4449-b1b4-e6daca2a4580
2026-05-07 16:46:14,446 | INFO | Heartbeat | watch=KXBTC15M-26MAY071700-00 yes_bid=48 yes_ask=49 no_bid=51 no_ask=52 book_ready=True position=False pending=False dry_run=False trust=synced run_id=99e01c3f-0a04-4449-b1b4-e6daca2a4580
2026-05-07 16:46:29,469 | INFO | Heartbeat | watch=KXBTC15M-26MAY071700-00 yes_bid=54 yes_ask=55 no_bid=45 no_ask=46 book_ready=True position=False pending=False dry_run=False trust=synced run_id=99e01c3f-0a04-4449-b1b4-e6daca2a4580
2026-05-07 16:46:44,512 | INFO | Heartbeat | watch=KXBTC15M-26MAY071700-00 yes_bid=62 yes_ask=63 no_bid=37 no_ask=38 book_ready=True position=False pending=False dry_run=False trust=synced run_id=99e01c3f-0a04-4449-b1b4-e6daca2a4580
2026-05-07 16:46:59,558 | INFO | Heartbeat | watch=KXBTC15M-26MAY071700-00 yes_bid=58 yes_ask=59 no_bid=41 no_ask=42 book_ready=True position=False pending=False dry_run=False trust=synced run_id=99e01c3f-0a04-4449-b1b4-e6daca2a4580
2026-05-07 16:47:14,570 | INFO | Heartbeat | watch=KXBTC15M-26MAY071700-00 yes_bid=59 yes_ask=60 no_bid=40 no_ask=41 book_ready=True position=False pending=False dry_run=False trust=synced run_id=99e01c3f-0a04-4449-b1b4-e6daca2a4580
2026-05-07 16:47:29,574 | INFO | Heartbeat | watch=KXBTC15M-26MAY071700-00 yes_bid=60 yes_ask=61 no_bid=39 no_ask=40 book_ready=True position=False pending=False dry_run=False trust=synced run_id=99e01c3f-0a04-4449-b1b4-e6daca2a4580
2026-05-07 16:47:44,571 | INFO | Heartbeat | watch=KXBTC15M-26MAY071700-00 yes_bid=60 yes_ask=61 no_bid=39 no_ask=40 book_ready=True position=False pending=False dry_run=False trust=synced run_id=99e01c3f-0a04-4449-b1b4-e6daca2a4580
2026-05-07 16:47:59,573 | INFO | Heartbeat | watch=KXBTC15M-26MAY071700-00 yes_bid=62 yes_ask=63 no_bid=37 no_ask=38 book_ready=True position=False pending=False dry_run=False trust=synced run_id=99e01c3f-0a04-4449-b1b4-e6daca2a4580
2026-05-07 16:48:14,593 | INFO | Heartbeat | watch=KXBTC15M-26MAY071700-00 yes_bid=67 yes_ask=68 no_bid=32 no_ask=33 book_ready=True position=False pending=False dry_run=False trust=synced run_id=99e01c3f-0a04-4449-b1b4-e6daca2a4580
2026-05-07 16:48:29,588 | INFO | Heartbeat | watch=KXBTC15M-26MAY071700-00 yes_bid=68 yes_ask=69 no_bid=31 no_ask=32 book_ready=True position=False pending=False dry_run=False trust=synced run_id=99e01c3f-0a04-4449-b1b4-e6daca2a4580
2026-05-07 16:48:44,622 | INFO | Heartbeat | watch=KXBTC15M-26MAY071700-00 yes_bid=69 yes_ask=70 no_bid=30 no_ask=31 book_ready=True position=False pending=False dry_run=False trust=synced run_id=99e01c3f-0a04-4449-b1b4-e6daca2a4580
2026-05-07 16:48:59,642 | INFO | Heartbeat | watch=KXBTC15M-26MAY071700-00 yes_bid=67 yes_ask=68 no_bid=32 no_ask=33 book_ready=True position=False pending=False dry_run=False trust=synced run_id=99e01c3f-0a04-4449-b1b4-e6daca2a4580
2026-05-07 16:49:14,642 | INFO | Heartbeat | watch=KXBTC15M-26MAY071700-00 yes_bid=65 yes_ask=66 no_bid=34 no_ask=35 book_ready=True position=False pending=False dry_run=False trust=synced run_id=99e01c3f-0a04-4449-b1b4-e6daca2a4580
2026-05-07 16:49:29,723 | INFO | Heartbeat | watch=KXBTC15M-26MAY071700-00 yes_bid=75 yes_ask=77 no_bid=23 no_ask=25 book_ready=True position=False pending=False dry_run=False trust=synced run_id=99e01c3f-0a04-4449-b1b4-e6daca2a4580
2026-05-07 16:49:44,722 | INFO | Heartbeat | watch=KXBTC15M-26MAY071700-00 yes_bid=75 yes_ask=76 no_bid=24 no_ask=25 book_ready=True position=False pending=False dry_run=False trust=synced run_id=99e01c3f-0a04-4449-b1b4-e6daca2a4580
2026-05-07 16:49:59,767 | INFO | Heartbeat | watch=KXBTC15M-26MAY071700-00 yes_bid=77 yes_ask=78 no_bid=22 no_ask=23 book_ready=True position=False pending=False dry_run=False trust=synced run_id=99e01c3f-0a04-4449-b1b4-e6daca2a4580
2026-05-07 16:50:14,759 | INFO | Heartbeat | watch=KXBTC15M-26MAY071700-00 yes_bid=79 yes_ask=81 no_bid=19 no_ask=21 book_ready=True position=False pending=False dry_run=False trust=synced run_id=99e01c3f-0a04-4449-b1b4-e6daca2a4580
2026-05-07 16:50:29,849 | INFO | Heartbeat | watch=KXBTC15M-26MAY071700-00 yes_bid=76 yes_ask=77 no_bid=23 no_ask=24 book_ready=True position=False pending=False dry_run=False trust=synced run_id=99e01c3f-0a04-4449-b1b4-e6daca2a4580
2026-05-07 16:50:44,858 | INFO | Heartbeat | watch=KXBTC15M-26MAY071700-00 yes_bid=78 yes_ask=79 no_bid=21 no_ask=22 book_ready=True position=False pending=False dry_run=False trust=synced run_id=99e01c3f-0a04-4449-b1b4-e6daca2a4580
2026-05-07 16:50:59,904 | INFO | Heartbeat | watch=KXBTC15M-26MAY071700-00 yes_bid=78 yes_ask=80 no_bid=20 no_ask=22 book_ready=True position=False pending=False dry_run=False trust=synced run_id=99e01c3f-0a04-4449-b1b4-e6daca2a4580
2026-05-07 16:51:14,912 | INFO | Heartbeat | watch=KXBTC15M-26MAY071700-00 yes_bid=76 yes_ask=78 no_bid=22 no_ask=24 book_ready=True position=False pending=False dry_run=False trust=synced run_id=99e01c3f-0a04-4449-b1b4-e6daca2a4580
2026-05-07 16:51:29,907 | INFO | Heartbeat | watch=KXBTC15M-26MAY071700-00 yes_bid=77 yes_ask=78 no_bid=22 no_ask=23 book_ready=True position=False pending=False dry_run=False trust=synced run_id=99e01c3f-0a04-4449-b1b4-e6daca2a4580
2026-05-07 16:51:44,942 | INFO | Heartbeat | watch=KXBTC15M-26MAY071700-00 yes_bid=72 yes_ask=73 no_bid=27 no_ask=28 book_ready=True position=False pending=False dry_run=False trust=synced run_id=99e01c3f-0a04-4449-b1b4-e6daca2a4580
2026-05-07 16:51:59,989 | INFO | Heartbeat | watch=KXBTC15M-26MAY071700-00 yes_bid=73 yes_ask=74 no_bid=26 no_ask=27 book_ready=True position=False pending=False dry_run=False trust=synced run_id=99e01c3f-0a04-4449-b1b4-e6daca2a4580
2026-05-07 16:52:15,023 | INFO | Heartbeat | watch=KXBTC15M-26MAY071700-00 yes_bid=74 yes_ask=75 no_bid=25 no_ask=26 book_ready=True position=False pending=False dry_run=False trust=synced run_id=99e01c3f-0a04-4449-b1b4-e6daca2a4580
2026-05-07 16:52:30,030 | INFO | Heartbeat | watch=KXBTC15M-26MAY071700-00 yes_bid=71 yes_ask=72 no_bid=28 no_ask=29 book_ready=True position=False pending=False dry_run=False trust=synced run_id=99e01c3f-0a04-4449-b1b4-e6daca2a4580
2026-05-07 16:52:45,050 | INFO | Heartbeat | watch=KXBTC15M-26MAY071700-00 yes_bid=59 yes_ask=60 no_bid=40 no_ask=41 book_ready=True position=False pending=False dry_run=False trust=synced run_id=99e01c3f-0a04-4449-b1b4-e6daca2a4580
2026-05-07 16:53:00,075 | INFO | Heartbeat | watch=KXBTC15M-26MAY071700-00 yes_bid=65 yes_ask=66 no_bid=34 no_ask=35 book_ready=True position=False pending=False dry_run=False trust=synced run_id=99e01c3f-0a04-4449-b1b4-e6daca2a4580
2026-05-07 16:53:15,075 | INFO | Heartbeat | watch=KXBTC15M-26MAY071700-00 yes_bid=72 yes_ask=73 no_bid=27 no_ask=28 book_ready=True position=False pending=False dry_run=False trust=synced run_id=99e01c3f-0a04-4449-b1b4-e6daca2a4580
2026-05-07 16:53:30,073 | INFO | Heartbeat | watch=KXBTC15M-26MAY071700-00 yes_bid=61 yes_ask=62 no_bid=38 no_ask=39 book_ready=True position=False pending=False dry_run=False trust=synced run_id=99e01c3f-0a04-4449-b1b4-e6daca2a4580
2026-05-07 16:53:45,079 | INFO | Heartbeat | watch=KXBTC15M-26MAY071700-00 yes_bid=56 yes_ask=57 no_bid=43 no_ask=44 book_ready=True position=False pending=False dry_run=False trust=synced run_id=99e01c3f-0a04-4449-b1b4-e6daca2a4580
2026-05-07 16:54:00,122 | INFO | Heartbeat | watch=KXBTC15M-26MAY071700-00 yes_bid=53 yes_ask=54 no_bid=46 no_ask=47 book_ready=True position=False pending=False dry_run=False trust=synced run_id=99e01c3f-0a04-4449-b1b4-e6daca2a4580
2026-05-07 16:54:15,159 | INFO | Heartbeat | watch=KXBTC15M-26MAY071700-00 yes_bid=55 yes_ask=57 no_bid=43 no_ask=45 book_ready=True position=False pending=False dry_run=False trust=synced run_id=99e01c3f-0a04-4449-b1b4-e6daca2a4580
2026-05-07 16:54:30,174 | INFO | Heartbeat | watch=KXBTC15M-26MAY071700-00 yes_bid=57 yes_ask=59 no_bid=41 no_ask=43 book_ready=True position=False pending=False dry_run=False trust=synced run_id=99e01c3f-0a04-4449-b1b4-e6daca2a4580
2026-05-07 16:54:45,182 | INFO | Heartbeat | watch=KXBTC15M-26MAY071700-00 yes_bid=57 yes_ask=58 no_bid=42 no_ask=43 book_ready=True position=False pending=False dry_run=False trust=synced run_id=99e01c3f-0a04-4449-b1b4-e6daca2a4580
2026-05-07 16:55:00,200 | INFO | Heartbeat | watch=KXBTC15M-26MAY071700-00 yes_bid=48 yes_ask=50 no_bid=50 no_ask=52 book_ready=True position=False pending=False dry_run=False trust=synced run_id=99e01c3f-0a04-4449-b1b4-e6daca2a4580
2026-05-07 16:55:15,227 | INFO | Heartbeat | watch=KXBTC15M-26MAY071700-00 yes_bid=41 yes_ask=42 no_bid=58 no_ask=59 book_ready=True position=False pending=False dry_run=False trust=synced run_id=99e01c3f-0a04-4449-b1b4-e6daca2a4580
2026-05-07 16:55:30,250 | INFO | Heartbeat | watch=KXBTC15M-26MAY071700-00 yes_bid=33 yes_ask=34 no_bid=66 no_ask=67 book_ready=True position=False pending=False dry_run=False trust=synced run_id=99e01c3f-0a04-4449-b1b4-e6daca2a4580
2026-05-07 16:55:45,281 | INFO | Heartbeat | watch=KXBTC15M-26MAY071700-00 yes_bid=33 yes_ask=34 no_bid=66 no_ask=67 book_ready=True position=False pending=False dry_run=False trust=synced run_id=99e01c3f-0a04-4449-b1b4-e6daca2a4580
2026-05-07 16:56:00,293 | INFO | Heartbeat | watch=KXBTC15M-26MAY071700-00 yes_bid=34 yes_ask=35 no_bid=65 no_ask=66 book_ready=True position=False pending=False dry_run=False trust=synced run_id=99e01c3f-0a04-4449-b1b4-e6daca2a4580
2026-05-07 16:56:15,349 | INFO | Heartbeat | watch=KXBTC15M-26MAY071700-00 yes_bid=32 yes_ask=34 no_bid=66 no_ask=68 book_ready=True position=False pending=False dry_run=False trust=synced run_id=99e01c3f-0a04-4449-b1b4-e6daca2a4580
2026-05-07 16:56:30,372 | INFO | Heartbeat | watch=KXBTC15M-26MAY071700-00 yes_bid=15 yes_ask=16 no_bid=84 no_ask=85 book_ready=True position=False pending=False dry_run=False trust=synced run_id=99e01c3f-0a04-4449-b1b4-e6daca2a4580
2026-05-07 16:56:45,370 | INFO | Heartbeat | watch=KXBTC15M-26MAY071700-00 yes_bid=7 yes_ask=7 no_bid=93 no_ask=93 book_ready=True position=False pending=False dry_run=False trust=synced run_id=99e01c3f-0a04-4449-b1b4-e6daca2a4580
2026-05-07 16:57:00,410 | INFO | Heartbeat | watch=KXBTC15M-26MAY071700-00 yes_bid=9 yes_ask=10 no_bid=90 no_ask=91 book_ready=True position=False pending=False dry_run=False trust=synced run_id=99e01c3f-0a04-4449-b1b4-e6daca2a4580
2026-05-07 16:57:15,440 | INFO | Heartbeat | watch=KXBTC15M-26MAY071700-00 yes_bid=6 yes_ask=7 no_bid=93 no_ask=94 book_ready=True position=False pending=False dry_run=False trust=synced run_id=99e01c3f-0a04-4449-b1b4-e6daca2a4580
2026-05-07 16:57:30,446 | INFO | Heartbeat | watch=KXBTC15M-26MAY071700-00 yes_bid=4 yes_ask=4 no_bid=96 no_ask=96 book_ready=True position=False pending=False dry_run=False trust=synced run_id=99e01c3f-0a04-4449-b1b4-e6daca2a4580
2026-05-07 16:57:45,500 | INFO | Heartbeat | watch=KXBTC15M-26MAY071700-00 yes_bid=2 yes_ask=3 no_bid=97 no_ask=98 book_ready=True position=False pending=False dry_run=False trust=synced run_id=99e01c3f-0a04-4449-b1b4-e6daca2a4580
2026-05-07 16:58:00,502 | INFO | Heartbeat | watch=KXBTC15M-26MAY071700-00 yes_bid=2 yes_ask=2 no_bid=98 no_ask=98 book_ready=True position=False pending=False dry_run=False trust=synced run_id=99e01c3f-0a04-4449-b1b4-e6daca2a4580
2026-05-07 16:58:15,511 | INFO | Heartbeat | watch=KXBTC15M-26MAY071700-00 yes_bid=1 yes_ask=1 no_bid=99 no_ask=99 book_ready=True position=False pending=False dry_run=False trust=synced run_id=99e01c3f-0a04-4449-b1b4-e6daca2a4580
2026-05-07 16:58:30,526 | INFO | Heartbeat | watch=KXBTC15M-26MAY071700-00 yes_bid=1 yes_ask=1 no_bid=99 no_ask=99 book_ready=True position=False pending=False dry_run=False trust=synced run_id=99e01c3f-0a04-4449-b1b4-e6daca2a4580
2026-05-07 16:58:45,553 | INFO | Heartbeat | watch=KXBTC15M-26MAY071700-00 yes_bid=0 yes_ask=0 no_bid=100 no_ask=100 book_ready=True position=False pending=False dry_run=False trust=synced run_id=99e01c3f-0a04-4449-b1b4-e6daca2a4580
2026-05-07 16:59:00,583 | INFO | Heartbeat | watch=KXBTC15M-26MAY071700-00 yes_bid=0 yes_ask=1 no_bid=99 no_ask=100 book_ready=True position=False pending=False dry_run=False trust=synced run_id=99e01c3f-0a04-4449-b1b4-e6daca2a4580
2026-05-07 16:59:15,584 | INFO | Heartbeat | watch=KXBTC15M-26MAY071700-00 yes_bid=0 yes_ask=0 no_bid=100 no_ask=100 book_ready=True position=False pending=False dry_run=False trust=synced run_id=99e01c3f-0a04-4449-b1b4-e6daca2a4580
2026-05-07 16:59:30,606 | INFO | Heartbeat | watch=KXBTC15M-26MAY071700-00 yes_bid=0 yes_ask=0 no_bid=100 no_ask=100 book_ready=True position=False pending=False dry_run=False trust=synced run_id=99e01c3f-0a04-4449-b1b4-e6daca2a4580
2026-05-07 16:59:45,604 | INFO | Heartbeat | watch=KXBTC15M-26MAY071700-00 yes_bid=0 yes_ask=0 no_bid=100 no_ask=100 book_ready=True position=False pending=False dry_run=False trust=synced run_id=99e01c3f-0a04-4449-b1b4-e6daca2a4580
2026-05-07 17:00:00,608 | INFO | Heartbeat | watch=KXBTC15M-26MAY071700-00 yes_bid=0 yes_ask=0 no_bid=100 no_ask=100 book_ready=True position=False pending=False dry_run=False trust=synced run_id=99e01c3f-0a04-4449-b1b4-e6daca2a4580
2026-05-07 17:00:07,282 | INFO | Orderbook snapshot ready for KXBTC15M-26MAY071700-00
2026-05-07 17:00:15,150 | INFO | Watching market KXBTC15M-26MAY071715-15 close_time=2026-05-07T21:15:00Z status=active strike=79870.42 run_id=99e01c3f-0a04-4449-b1b4-e6daca2a4580
2026-05-07 17:00:15,372 | INFO | WS connected for KXBTC15M-26MAY071715-15
2026-05-07 17:00:15,404 | INFO | WS subscribed payload: {'type': 'subscribed', 'id': 13, 'msg': {'channel': 'ticker', 'sid': 1}}
2026-05-07 17:00:15,404 | INFO | WS subscribed payload: {'type': 'subscribed', 'id': 13, 'msg': {'channel': 'orderbook_delta', 'sid': 2}}
2026-05-07 17:00:15,404 | INFO | Orderbook snapshot ready for KXBTC15M-26MAY071715-15
2026-05-07 17:00:15,616 | INFO | Heartbeat | watch=KXBTC15M-26MAY071715-15 yes_bid=None yes_ask=None no_bid=None no_ask=None book_ready=True position=False pending=False dry_run=False trust=synced run_id=99e01c3f-0a04-4449-b1b4-e6daca2a4580
2026-05-07 17:00:30,638 | INFO | Heartbeat | watch=KXBTC15M-26MAY071715-15 yes_bid=59 yes_ask=60 no_bid=40 no_ask=41 book_ready=True position=False pending=False dry_run=False trust=synced run_id=99e01c3f-0a04-4449-b1b4-e6daca2a4580
2026-05-07 17:00:45,656 | INFO | Heartbeat | watch=KXBTC15M-26MAY071715-15 yes_bid=54 yes_ask=56 no_bid=44 no_ask=46 book_ready=True position=False pending=False dry_run=False trust=synced run_id=99e01c3f-0a04-4449-b1b4-e6daca2a4580
2026-05-07 17:01:00,691 | INFO | Heartbeat | watch=KXBTC15M-26MAY071715-15 yes_bid=54 yes_ask=56 no_bid=44 no_ask=46 book_ready=True position=False pending=False dry_run=False trust=synced run_id=99e01c3f-0a04-4449-b1b4-e6daca2a4580
2026-05-07 17:01:15,736 | INFO | Heartbeat | watch=KXBTC15M-26MAY071715-15 yes_bid=56 yes_ask=57 no_bid=43 no_ask=44 book_ready=True position=False pending=False dry_run=False trust=synced run_id=99e01c3f-0a04-4449-b1b4-e6daca2a4580
2026-05-07 17:01:30,759 | INFO | Heartbeat | watch=KXBTC15M-26MAY071715-15 yes_bid=61 yes_ask=62 no_bid=38 no_ask=39 book_ready=True position=False pending=False dry_run=False trust=synced run_id=99e01c3f-0a04-4449-b1b4-e6daca2a4580
2026-05-07 17:01:45,762 | INFO | Heartbeat | watch=KXBTC15M-26MAY071715-15 yes_bid=60 yes_ask=61 no_bid=39 no_ask=40 book_ready=True position=False pending=False dry_run=False trust=synced run_id=99e01c3f-0a04-4449-b1b4-e6daca2a4580
2026-05-07 17:02:00,763 | INFO | Heartbeat | watch=KXBTC15M-26MAY071715-15 yes_bid=61 yes_ask=62 no_bid=38 no_ask=39 book_ready=True position=False pending=False dry_run=False trust=synced run_id=99e01c3f-0a04-4449-b1b4-e6daca2a4580
2026-05-07 17:02:15,797 | INFO | Heartbeat | watch=KXBTC15M-26MAY071715-15 yes_bid=30 yes_ask=31 no_bid=69 no_ask=70 book_ready=True position=False pending=False dry_run=False trust=synced run_id=99e01c3f-0a04-4449-b1b4-e6daca2a4580
2026-05-07 17:02:30,834 | INFO | Heartbeat | watch=KXBTC15M-26MAY071715-15 yes_bid=34 yes_ask=35 no_bid=65 no_ask=66 book_ready=True position=False pending=False dry_run=False trust=synced run_id=99e01c3f-0a04-4449-b1b4-e6daca2a4580
2026-05-07 17:02:45,848 | INFO | Heartbeat | watch=KXBTC15M-26MAY071715-15 yes_bid=32 yes_ask=33 no_bid=67 no_ask=68 book_ready=True position=False pending=False dry_run=False trust=synced run_id=99e01c3f-0a04-4449-b1b4-e6daca2a4580
2026-05-07 17:03:00,846 | INFO | Heartbeat | watch=KXBTC15M-26MAY071715-15 yes_bid=35 yes_ask=37 no_bid=63 no_ask=65 book_ready=True position=False pending=False dry_run=False trust=synced run_id=99e01c3f-0a04-4449-b1b4-e6daca2a4580
2026-05-07 17:03:15,850 | INFO | Heartbeat | watch=KXBTC15M-26MAY071715-15 yes_bid=35 yes_ask=36 no_bid=64 no_ask=65 book_ready=True position=False pending=False dry_run=False trust=synced run_id=99e01c3f-0a04-4449-b1b4-e6daca2a4580
2026-05-07 17:03:30,875 | INFO | Heartbeat | watch=KXBTC15M-26MAY071715-15 yes_bid=38 yes_ask=39 no_bid=61 no_ask=62 book_ready=True position=False pending=False dry_run=False trust=synced run_id=99e01c3f-0a04-4449-b1b4-e6daca2a4580
2026-05-07 17:03:45,949 | INFO | Heartbeat | watch=KXBTC15M-26MAY071715-15 yes_bid=40 yes_ask=41 no_bid=59 no_ask=60 book_ready=True position=False pending=False dry_run=False trust=synced run_id=99e01c3f-0a04-4449-b1b4-e6daca2a4580
2026-05-07 17:04:00,951 | INFO | Heartbeat | watch=KXBTC15M-26MAY071715-15 yes_bid=40 yes_ask=41 no_bid=59 no_ask=60 book_ready=True position=False pending=False dry_run=False trust=synced run_id=99e01c3f-0a04-4449-b1b4-e6daca2a4580
2026-05-07 17:04:15,973 | INFO | Heartbeat | watch=KXBTC15M-26MAY071715-15 yes_bid=40 yes_ask=41 no_bid=59 no_ask=60 book_ready=True position=False pending=False dry_run=False trust=synced run_id=99e01c3f-0a04-4449-b1b4-e6daca2a4580
2026-05-07 17:04:30,994 | INFO | Heartbeat | watch=KXBTC15M-26MAY071715-15 yes_bid=37 yes_ask=38 no_bid=62 no_ask=63 book_ready=True position=False pending=False dry_run=False trust=synced run_id=99e01c3f-0a04-4449-b1b4-e6daca2a4580
2026-05-07 17:04:46,063 | INFO | Heartbeat | watch=KXBTC15M-26MAY071715-15 yes_bid=37 yes_ask=38 no_bid=62 no_ask=63 book_ready=True position=False pending=False dry_run=False trust=synced run_id=99e01c3f-0a04-4449-b1b4-e6daca2a4580
2026-05-07 17:05:01,092 | INFO | Heartbeat | watch=KXBTC15M-26MAY071715-15 yes_bid=35 yes_ask=36 no_bid=64 no_ask=65 book_ready=True position=False pending=False dry_run=False trust=synced run_id=99e01c3f-0a04-4449-b1b4-e6daca2a4580
2026-05-07 17:05:16,140 | INFO | Heartbeat | watch=KXBTC15M-26MAY071715-15 yes_bid=35 yes_ask=37 no_bid=63 no_ask=65 book_ready=True position=False pending=False dry_run=False trust=synced run_id=99e01c3f-0a04-4449-b1b4-e6daca2a4580
2026-05-07 17:05:31,178 | INFO | Heartbeat | watch=KXBTC15M-26MAY071715-15 yes_bid=31 yes_ask=32 no_bid=68 no_ask=69 book_ready=True position=False pending=False dry_run=False trust=synced run_id=99e01c3f-0a04-4449-b1b4-e6daca2a4580
2026-05-07 17:05:46,224 | INFO | Heartbeat | watch=KXBTC15M-26MAY071715-15 yes_bid=30 yes_ask=31 no_bid=69 no_ask=70 book_ready=True position=False pending=False dry_run=False trust=synced run_id=99e01c3f-0a04-4449-b1b4-e6daca2a4580
2026-05-07 17:06:01,217 | INFO | Heartbeat | watch=KXBTC15M-26MAY071715-15 yes_bid=28 yes_ask=29 no_bid=71 no_ask=72 book_ready=True position=False pending=False dry_run=False trust=synced run_id=99e01c3f-0a04-4449-b1b4-e6daca2a4580
2026-05-07 17:06:16,275 | INFO | Heartbeat | watch=KXBTC15M-26MAY071715-15 yes_bid=22 yes_ask=23 no_bid=77 no_ask=78 book_ready=True position=False pending=False dry_run=False trust=synced run_id=99e01c3f-0a04-4449-b1b4-e6daca2a4580
2026-05-07 17:06:31,263 | INFO | Heartbeat | watch=KXBTC15M-26MAY071715-15 yes_bid=13 yes_ask=14 no_bid=86 no_ask=87 book_ready=True position=False pending=False dry_run=False trust=synced run_id=99e01c3f-0a04-4449-b1b4-e6daca2a4580
2026-05-07 17:06:46,319 | INFO | Heartbeat | watch=KXBTC15M-26MAY071715-15 yes_bid=14 yes_ask=15 no_bid=85 no_ask=86 book_ready=True position=False pending=False dry_run=False trust=synced run_id=99e01c3f-0a04-4449-b1b4-e6daca2a4580
2026-05-07 17:07:01,332 | INFO | Heartbeat | watch=KXBTC15M-26MAY071715-15 yes_bid=7 yes_ask=8 no_bid=92 no_ask=93 book_ready=True position=False pending=False dry_run=False trust=synced run_id=99e01c3f-0a04-4449-b1b4-e6daca2a4580
2026-05-07 17:07:16,375 | INFO | Heartbeat | watch=KXBTC15M-26MAY071715-15 yes_bid=5 yes_ask=6 no_bid=94 no_ask=95 book_ready=True position=False pending=False dry_run=False trust=synced run_id=99e01c3f-0a04-4449-b1b4-e6daca2a4580
2026-05-07 17:07:31,374 | INFO | Heartbeat | watch=KXBTC15M-26MAY071715-15 yes_bid=4 yes_ask=5 no_bid=95 no_ask=96 book_ready=True position=False pending=False dry_run=False trust=synced run_id=99e01c3f-0a04-4449-b1b4-e6daca2a4580
2026-05-07 17:07:46,385 | INFO | Heartbeat | watch=KXBTC15M-26MAY071715-15 yes_bid=3 yes_ask=4 no_bid=96 no_ask=97 book_ready=True position=False pending=False dry_run=False trust=synced run_id=99e01c3f-0a04-4449-b1b4-e6daca2a4580
2026-05-07 17:08:01,407 | INFO | Heartbeat | watch=KXBTC15M-26MAY071715-15 yes_bid=3 yes_ask=3 no_bid=97 no_ask=97 book_ready=True position=False pending=False dry_run=False trust=synced run_id=99e01c3f-0a04-4449-b1b4-e6daca2a4580
2026-05-07 17:08:16,438 | INFO | Heartbeat | watch=KXBTC15M-26MAY071715-15 yes_bid=3 yes_ask=3 no_bid=97 no_ask=97 book_ready=True position=False pending=False dry_run=False trust=synced run_id=99e01c3f-0a04-4449-b1b4-e6daca2a4580
2026-05-07 17:08:31,457 | INFO | Heartbeat | watch=KXBTC15M-26MAY071715-15 yes_bid=1 yes_ask=2 no_bid=98 no_ask=99 book_ready=True position=False pending=False dry_run=False trust=synced run_id=99e01c3f-0a04-4449-b1b4-e6daca2a4580
2026-05-07 17:08:46,482 | INFO | Heartbeat | watch=KXBTC15M-26MAY071715-15 yes_bid=2 yes_ask=2 no_bid=98 no_ask=98 book_ready=True position=False pending=False dry_run=False trust=synced run_id=99e01c3f-0a04-4449-b1b4-e6daca2a4580
2026-05-07 17:09:01,535 | INFO | Heartbeat | watch=KXBTC15M-26MAY071715-15 yes_bid=1 yes_ask=2 no_bid=98 no_ask=99 book_ready=True position=False pending=False dry_run=False trust=synced run_id=99e01c3f-0a04-4449-b1b4-e6daca2a4580
2026-05-07 17:09:16,569 | INFO | Heartbeat | watch=KXBTC15M-26MAY071715-15 yes_bid=2 yes_ask=2 no_bid=98 no_ask=98 book_ready=True position=False pending=False dry_run=False trust=synced run_id=99e01c3f-0a04-4449-b1b4-e6daca2a4580
2026-05-07 17:09:31,589 | INFO | Heartbeat | watch=KXBTC15M-26MAY071715-15 yes_bid=1 yes_ask=1 no_bid=99 no_ask=99 book_ready=True position=False pending=False dry_run=False trust=synced run_id=99e01c3f-0a04-4449-b1b4-e6daca2a4580
2026-05-07 17:09:46,582 | INFO | Heartbeat | watch=KXBTC15M-26MAY071715-15 yes_bid=1 yes_ask=1 no_bid=99 no_ask=99 book_ready=True position=False pending=False dry_run=False trust=synced run_id=99e01c3f-0a04-4449-b1b4-e6daca2a4580
2026-05-07 17:10:01,624 | INFO | Heartbeat | watch=KXBTC15M-26MAY071715-15 yes_bid=1 yes_ask=1 no_bid=99 no_ask=99 book_ready=True position=False pending=False dry_run=False trust=synced run_id=99e01c3f-0a04-4449-b1b4-e6daca2a4580
2026-05-07 17:10:16,677 | INFO | Heartbeat | watch=KXBTC15M-26MAY071715-15 yes_bid=1 yes_ask=1 no_bid=99 no_ask=99 book_ready=True position=False pending=False dry_run=False trust=synced run_id=99e01c3f-0a04-4449-b1b4-e6daca2a4580
2026-05-07 17:10:27,084 | WARNING | Market refresh failed. Keeping current watch. Error: 429 Too Many Requests: {"error":{"code":"too_many_requests","message":"too many requests"}}
2026-05-07 17:10:28,140 | WARNING | Market refresh failed. Keeping current watch. Error: 429 Too Many Requests: {"error":{"code":"too_many_requests","message":"too many requests"}}
2026-05-07 17:10:29,155 | WARNING | Market refresh failed. Keeping current watch. Error: 429 Too Many Requests: {"error":{"code":"too_many_requests","message":"too many requests"}}
2026-05-07 17:10:30,189 | WARNING | Market refresh failed. Keeping current watch. Error: 429 Too Many Requests: {"error":{"code":"too_many_requests","message":"too many requests"}}
2026-05-07 17:10:31,200 | WARNING | Market refresh failed. Keeping current watch. Error: 429 Too Many Requests: {"error":{"code":"too_many_requests","message":"too many requests"}}
2026-05-07 17:10:31,715 | INFO | Heartbeat | watch=KXBTC15M-26MAY071715-15 yes_bid=1 yes_ask=1 no_bid=99 no_ask=99 book_ready=True position=False pending=False dry_run=False trust=synced run_id=99e01c3f-0a04-4449-b1b4-e6daca2a4580
2026-05-07 17:10:32,239 | WARNING | Market refresh failed. Keeping current watch. Error: 429 Too Many Requests: {"error":{"code":"too_many_requests","message":"too many requests"}}
2026-05-07 17:10:33,257 | WARNING | Market refresh failed. Keeping current watch. Error: 429 Too Many Requests: {"error":{"code":"too_many_requests","message":"too many requests"}}
2026-05-07 17:10:46,748 | INFO | Heartbeat | watch=KXBTC15M-26MAY071715-15 yes_bid=0 yes_ask=1 no_bid=99 no_ask=100 book_ready=True position=False pending=False dry_run=False trust=synced run_id=99e01c3f-0a04-4449-b1b4-e6daca2a4580
2026-05-07 17:11:01,765 | INFO | Heartbeat | watch=KXBTC15M-26MAY071715-15 yes_bid=1 yes_ask=1 no_bid=99 no_ask=99 book_ready=True position=False pending=False dry_run=False trust=synced run_id=99e01c3f-0a04-4449-b1b4-e6daca2a4580
2026-05-07 17:11:16,779 | INFO | Heartbeat | watch=KXBTC15M-26MAY071715-15 yes_bid=1 yes_ask=1 no_bid=99 no_ask=99 book_ready=True position=False pending=False dry_run=False trust=synced run_id=99e01c3f-0a04-4449-b1b4-e6daca2a4580
2026-05-07 17:11:31,795 | INFO | Heartbeat | watch=KXBTC15M-26MAY071715-15 yes_bid=1 yes_ask=1 no_bid=99 no_ask=99 book_ready=True position=False pending=False dry_run=False trust=synced run_id=99e01c3f-0a04-4449-b1b4-e6daca2a4580
2026-05-07 17:11:46,816 | INFO | Heartbeat | watch=KXBTC15M-26MAY071715-15 yes_bid=0 yes_ask=1 no_bid=99 no_ask=100 book_ready=True position=False pending=False dry_run=False trust=synced run_id=99e01c3f-0a04-4449-b1b4-e6daca2a4580
2026-05-07 17:12:01,820 | INFO | Heartbeat | watch=KXBTC15M-26MAY071715-15 yes_bid=1 yes_ask=1 no_bid=99 no_ask=99 book_ready=True position=False pending=False dry_run=False trust=synced run_id=99e01c3f-0a04-4449-b1b4-e6daca2a4580
2026-05-07 17:12:16,827 | INFO | Heartbeat | watch=KXBTC15M-26MAY071715-15 yes_bid=1 yes_ask=1 no_bid=99 no_ask=99 book_ready=True position=False pending=False dry_run=False trust=synced run_id=99e01c3f-0a04-4449-b1b4-e6daca2a4580
2026-05-07 17:12:31,840 | INFO | Heartbeat | watch=KXBTC15M-26MAY071715-15 yes_bid=1 yes_ask=2 no_bid=98 no_ask=99 book_ready=True position=False pending=False dry_run=False trust=synced run_id=99e01c3f-0a04-4449-b1b4-e6daca2a4580
2026-05-07 17:12:46,925 | INFO | Heartbeat | watch=KXBTC15M-26MAY071715-15 yes_bid=1 yes_ask=2 no_bid=98 no_ask=99 book_ready=True position=False pending=False dry_run=False trust=synced run_id=99e01c3f-0a04-4449-b1b4-e6daca2a4580
2026-05-07 17:13:01,926 | INFO | Heartbeat | watch=KXBTC15M-26MAY071715-15 yes_bid=0 yes_ask=1 no_bid=99 no_ask=100 book_ready=True position=False pending=False dry_run=False trust=synced run_id=99e01c3f-0a04-4449-b1b4-e6daca2a4580
2026-05-07 17:13:16,969 | INFO | Heartbeat | watch=KXBTC15M-26MAY071715-15 yes_bid=0 yes_ask=1 no_bid=99 no_ask=100 book_ready=True position=False pending=False dry_run=False trust=synced run_id=99e01c3f-0a04-4449-b1b4-e6daca2a4580
2026-05-07 17:13:31,996 | INFO | Heartbeat | watch=KXBTC15M-26MAY071715-15 yes_bid=0 yes_ask=0 no_bid=100 no_ask=100 book_ready=True position=False pending=False dry_run=False trust=synced run_id=99e01c3f-0a04-4449-b1b4-e6daca2a4580
2026-05-07 17:13:47,038 | INFO | Heartbeat | watch=KXBTC15M-26MAY071715-15 yes_bid=0 yes_ask=0 no_bid=100 no_ask=100 book_ready=True position=False pending=False dry_run=False trust=synced run_id=99e01c3f-0a04-4449-b1b4-e6daca2a4580
2026-05-07 17:14:02,088 | INFO | Heartbeat | watch=KXBTC15M-26MAY071715-15 yes_bid=0 yes_ask=0 no_bid=100 no_ask=100 book_ready=True position=False pending=False dry_run=False trust=synced run_id=99e01c3f-0a04-4449-b1b4-e6daca2a4580
2026-05-07 17:14:17,095 | INFO | Heartbeat | watch=KXBTC15M-26MAY071715-15 yes_bid=0 yes_ask=0 no_bid=100 no_ask=100 book_ready=True position=False pending=False dry_run=False trust=synced run_id=99e01c3f-0a04-4449-b1b4-e6daca2a4580
2026-05-07 17:14:32,127 | INFO | Heartbeat | watch=KXBTC15M-26MAY071715-15 yes_bid=0 yes_ask=0 no_bid=100 no_ask=100 book_ready=True position=False pending=False dry_run=False trust=synced run_id=99e01c3f-0a04-4449-b1b4-e6daca2a4580
2026-05-07 17:14:47,174 | INFO | Heartbeat | watch=KXBTC15M-26MAY071715-15 yes_bid=0 yes_ask=0 no_bid=100 no_ask=100 book_ready=True position=False pending=False dry_run=False trust=synced run_id=99e01c3f-0a04-4449-b1b4-e6daca2a4580
2026-05-07 17:15:02,189 | INFO | Heartbeat | watch=KXBTC15M-26MAY071715-15 yes_bid=0 yes_ask=100 no_bid=0 no_ask=100 book_ready=True position=False pending=False dry_run=False trust=synced run_id=99e01c3f-0a04-4449-b1b4-e6daca2a4580
2026-05-07 17:15:06,727 | INFO | Orderbook snapshot ready for KXBTC15M-26MAY071715-15
2026-05-07 17:15:15,415 | INFO | Watching market KXBTC15M-26MAY071730-30 close_time=2026-05-07T21:30:00Z status=active strike=79781.01 run_id=99e01c3f-0a04-4449-b1b4-e6daca2a4580
2026-05-07 17:15:15,599 | INFO | WS connected for KXBTC15M-26MAY071730-30
2026-05-07 17:15:15,625 | INFO | WS subscribed payload: {'type': 'subscribed', 'id': 14, 'msg': {'channel': 'ticker', 'sid': 1}}
2026-05-07 17:15:15,626 | INFO | WS subscribed payload: {'type': 'subscribed', 'id': 14, 'msg': {'channel': 'orderbook_delta', 'sid': 2}}
2026-05-07 17:15:15,627 | INFO | Orderbook snapshot ready for KXBTC15M-26MAY071730-30
2026-05-07 17:15:17,226 | INFO | Heartbeat | watch=KXBTC15M-26MAY071730-30 yes_bid=45 yes_ask=46 no_bid=54 no_ask=55 book_ready=True position=False pending=False dry_run=False trust=synced run_id=99e01c3f-0a04-4449-b1b4-e6daca2a4580
2026-05-07 17:15:32,259 | INFO | Heartbeat | watch=KXBTC15M-26MAY071730-30 yes_bid=41 yes_ask=42 no_bid=58 no_ask=59 book_ready=True position=False pending=False dry_run=False trust=synced run_id=99e01c3f-0a04-4449-b1b4-e6daca2a4580
2026-05-07 17:15:47,279 | INFO | Heartbeat | watch=KXBTC15M-26MAY071730-30 yes_bid=36 yes_ask=37 no_bid=63 no_ask=64 book_ready=True position=False pending=False dry_run=False trust=synced run_id=99e01c3f-0a04-4449-b1b4-e6daca2a4580
2026-05-07 17:16:02,316 | INFO | Heartbeat | watch=KXBTC15M-26MAY071730-30 yes_bid=35 yes_ask=36 no_bid=64 no_ask=65 book_ready=True position=False pending=False dry_run=False trust=synced run_id=99e01c3f-0a04-4449-b1b4-e6daca2a4580
2026-05-07 17:16:17,337 | INFO | Heartbeat | watch=KXBTC15M-26MAY071730-30 yes_bid=29 yes_ask=30 no_bid=70 no_ask=71 book_ready=True position=False pending=False dry_run=False trust=synced run_id=99e01c3f-0a04-4449-b1b4-e6daca2a4580
2026-05-07 17:16:32,331 | INFO | Heartbeat | watch=KXBTC15M-26MAY071730-30 yes_bid=35 yes_ask=36 no_bid=64 no_ask=65 book_ready=True position=False pending=False dry_run=False trust=synced run_id=99e01c3f-0a04-4449-b1b4-e6daca2a4580
2026-05-07 17:16:47,366 | INFO | Heartbeat | watch=KXBTC15M-26MAY071730-30 yes_bid=41 yes_ask=42 no_bid=58 no_ask=59 book_ready=True position=False pending=False dry_run=False trust=synced run_id=99e01c3f-0a04-4449-b1b4-e6daca2a4580
2026-05-07 17:17:02,386 | INFO | Heartbeat | watch=KXBTC15M-26MAY071730-30 yes_bid=51 yes_ask=52 no_bid=48 no_ask=49 book_ready=True position=False pending=False dry_run=False trust=synced run_id=99e01c3f-0a04-4449-b1b4-e6daca2a4580
2026-05-07 17:17:17,439 | INFO | Heartbeat | watch=KXBTC15M-26MAY071730-30 yes_bid=56 yes_ask=57 no_bid=43 no_ask=44 book_ready=True position=False pending=False dry_run=False trust=synced run_id=99e01c3f-0a04-4449-b1b4-e6daca2a4580
2026-05-07 17:17:32,471 | INFO | Heartbeat | watch=KXBTC15M-26MAY071730-30 yes_bid=56 yes_ask=59 no_bid=41 no_ask=44 book_ready=True position=False pending=False dry_run=False trust=synced run_id=99e01c3f-0a04-4449-b1b4-e6daca2a4580
2026-05-07 17:17:47,469 | INFO | Heartbeat | watch=KXBTC15M-26MAY071730-30 yes_bid=61 yes_ask=62 no_bid=38 no_ask=39 book_ready=True position=False pending=False dry_run=False trust=synced run_id=99e01c3f-0a04-4449-b1b4-e6daca2a4580
2026-05-07 17:17:49,242 | WARNING | Market refresh failed. Keeping current watch. Error: 429 Too Many Requests: {"error":{"code":"too_many_requests","message":"too many requests"}}
2026-05-07 17:18:02,539 | INFO | Heartbeat | watch=KXBTC15M-26MAY071730-30 yes_bid=64 yes_ask=65 no_bid=35 no_ask=36 book_ready=True position=False pending=False dry_run=False trust=synced run_id=99e01c3f-0a04-4449-b1b4-e6daca2a4580
2026-05-07 17:18:17,580 | INFO | Heartbeat | watch=KXBTC15M-26MAY071730-30 yes_bid=72 yes_ask=73 no_bid=27 no_ask=28 book_ready=True position=False pending=False dry_run=False trust=synced run_id=99e01c3f-0a04-4449-b1b4-e6daca2a4580
2026-05-07 17:18:32,624 | INFO | Heartbeat | watch=KXBTC15M-26MAY071730-30 yes_bid=69 yes_ask=70 no_bid=30 no_ask=31 book_ready=True position=False pending=False dry_run=False trust=synced run_id=99e01c3f-0a04-4449-b1b4-e6daca2a4580
2026-05-07 17:18:47,677 | INFO | Heartbeat | watch=KXBTC15M-26MAY071730-30 yes_bid=73 yes_ask=74 no_bid=26 no_ask=27 book_ready=True position=False pending=False dry_run=False trust=synced run_id=99e01c3f-0a04-4449-b1b4-e6daca2a4580
2026-05-07 17:19:02,712 | INFO | Heartbeat | watch=KXBTC15M-26MAY071730-30 yes_bid=77 yes_ask=78 no_bid=22 no_ask=23 book_ready=True position=False pending=False dry_run=False trust=synced run_id=99e01c3f-0a04-4449-b1b4-e6daca2a4580
2026-05-07 17:19:17,727 | INFO | Heartbeat | watch=KXBTC15M-26MAY071730-30 yes_bid=79 yes_ask=80 no_bid=20 no_ask=21 book_ready=True position=False pending=False dry_run=False trust=synced run_id=99e01c3f-0a04-4449-b1b4-e6daca2a4580
2026-05-07 17:19:32,755 | INFO | Heartbeat | watch=KXBTC15M-26MAY071730-30 yes_bid=77 yes_ask=78 no_bid=22 no_ask=23 book_ready=True position=False pending=False dry_run=False trust=synced run_id=99e01c3f-0a04-4449-b1b4-e6daca2a4580
2026-05-07 17:19:47,767 | INFO | Heartbeat | watch=KXBTC15M-26MAY071730-30 yes_bid=81 yes_ask=82 no_bid=18 no_ask=19 book_ready=True position=False pending=False dry_run=False trust=synced run_id=99e01c3f-0a04-4449-b1b4-e6daca2a4580
2026-05-07 17:20:02,793 | INFO | Heartbeat | watch=KXBTC15M-26MAY071730-30 yes_bid=79 yes_ask=80 no_bid=20 no_ask=21 book_ready=True position=False pending=False dry_run=False trust=synced run_id=99e01c3f-0a04-4449-b1b4-e6daca2a4580
2026-05-07 17:20:17,791 | INFO | Heartbeat | watch=KXBTC15M-26MAY071730-30 yes_bid=78 yes_ask=79 no_bid=21 no_ask=22 book_ready=True position=False pending=False dry_run=False trust=synced run_id=99e01c3f-0a04-4449-b1b4-e6daca2a4580
2026-05-07 17:20:32,829 | INFO | Heartbeat | watch=KXBTC15M-26MAY071730-30 yes_bid=78 yes_ask=80 no_bid=20 no_ask=22 book_ready=True position=False pending=False dry_run=False trust=synced run_id=99e01c3f-0a04-4449-b1b4-e6daca2a4580
2026-05-07 17:20:47,877 | INFO | Heartbeat | watch=KXBTC15M-26MAY071730-30 yes_bid=79 yes_ask=80 no_bid=20 no_ask=21 book_ready=True position=False pending=False dry_run=False trust=synced run_id=99e01c3f-0a04-4449-b1b4-e6daca2a4580
2026-05-07 17:21:02,910 | INFO | Heartbeat | watch=KXBTC15M-26MAY071730-30 yes_bid=81 yes_ask=82 no_bid=18 no_ask=19 book_ready=True position=False pending=False dry_run=False trust=synced run_id=99e01c3f-0a04-4449-b1b4-e6daca2a4580
2026-05-07 17:21:17,931 | INFO | Heartbeat | watch=KXBTC15M-26MAY071730-30 yes_bid=83 yes_ask=84 no_bid=16 no_ask=17 book_ready=True position=False pending=False dry_run=False trust=synced run_id=99e01c3f-0a04-4449-b1b4-e6daca2a4580
2026-05-07 17:21:32,940 | INFO | Heartbeat | watch=KXBTC15M-26MAY071730-30 yes_bid=86 yes_ask=87 no_bid=13 no_ask=14 book_ready=True position=False pending=False dry_run=False trust=synced run_id=99e01c3f-0a04-4449-b1b4-e6daca2a4580
2026-05-07 17:21:47,971 | INFO | Heartbeat | watch=KXBTC15M-26MAY071730-30 yes_bid=86 yes_ask=87 no_bid=13 no_ask=14 book_ready=True position=False pending=False dry_run=False trust=synced run_id=99e01c3f-0a04-4449-b1b4-e6daca2a4580
2026-05-07 17:22:02,997 | INFO | Heartbeat | watch=KXBTC15M-26MAY071730-30 yes_bid=85 yes_ask=86 no_bid=14 no_ask=15 book_ready=True position=False pending=False dry_run=False trust=synced run_id=99e01c3f-0a04-4449-b1b4-e6daca2a4580
2026-05-07 17:22:18,045 | INFO | Heartbeat | watch=KXBTC15M-26MAY071730-30 yes_bid=86 yes_ask=87 no_bid=13 no_ask=14 book_ready=True position=False pending=False dry_run=False trust=synced run_id=99e01c3f-0a04-4449-b1b4-e6daca2a4580
2026-05-07 17:22:33,042 | INFO | Heartbeat | watch=KXBTC15M-26MAY071730-30 yes_bid=86 yes_ask=87 no_bid=13 no_ask=14 book_ready=True position=False pending=False dry_run=False trust=synced run_id=99e01c3f-0a04-4449-b1b4-e6daca2a4580
2026-05-07 17:22:48,100 | INFO | Heartbeat | watch=KXBTC15M-26MAY071730-30 yes_bid=72 yes_ask=73 no_bid=27 no_ask=28 book_ready=True position=False pending=False dry_run=False trust=synced run_id=99e01c3f-0a04-4449-b1b4-e6daca2a4580
2026-05-07 17:23:03,108 | INFO | Heartbeat | watch=KXBTC15M-26MAY071730-30 yes_bid=69 yes_ask=71 no_bid=29 no_ask=31 book_ready=True position=False pending=False dry_run=False trust=synced run_id=99e01c3f-0a04-4449-b1b4-e6daca2a4580
2026-05-07 17:23:18,132 | INFO | Heartbeat | watch=KXBTC15M-26MAY071730-30 yes_bid=73 yes_ask=74 no_bid=26 no_ask=27 book_ready=True position=False pending=False dry_run=False trust=synced run_id=99e01c3f-0a04-4449-b1b4-e6daca2a4580
2026-05-07 17:23:33,168 | INFO | Heartbeat | watch=KXBTC15M-26MAY071730-30 yes_bid=83 yes_ask=84 no_bid=16 no_ask=17 book_ready=True position=False pending=False dry_run=False trust=synced run_id=99e01c3f-0a04-4449-b1b4-e6daca2a4580
2026-05-07 17:23:48,246 | INFO | Heartbeat | watch=KXBTC15M-26MAY071730-30 yes_bid=85 yes_ask=86 no_bid=14 no_ask=15 book_ready=True position=False pending=False dry_run=False trust=synced run_id=99e01c3f-0a04-4449-b1b4-e6daca2a4580
2026-05-07 17:24:03,281 | INFO | Heartbeat | watch=KXBTC15M-26MAY071730-30 yes_bid=86 yes_ask=87 no_bid=13 no_ask=14 book_ready=True position=False pending=False dry_run=False trust=synced run_id=99e01c3f-0a04-4449-b1b4-e6daca2a4580
2026-05-07 17:24:18,310 | INFO | Heartbeat | watch=KXBTC15M-26MAY071730-30 yes_bid=93 yes_ask=94 no_bid=6 no_ask=7 book_ready=True position=False pending=False dry_run=False trust=synced run_id=99e01c3f-0a04-4449-b1b4-e6daca2a4580
2026-05-07 17:24:33,317 | INFO | Heartbeat | watch=KXBTC15M-26MAY071730-30 yes_bid=92 yes_ask=92 no_bid=8 no_ask=8 book_ready=True position=False pending=False dry_run=False trust=synced run_id=99e01c3f-0a04-4449-b1b4-e6daca2a4580
2026-05-07 17:24:48,362 | INFO | Heartbeat | watch=KXBTC15M-26MAY071730-30 yes_bid=94 yes_ask=94 no_bid=6 no_ask=6 book_ready=True position=False pending=False dry_run=False trust=synced run_id=99e01c3f-0a04-4449-b1b4-e6daca2a4580
2026-05-07 17:25:03,396 | INFO | Heartbeat | watch=KXBTC15M-26MAY071730-30 yes_bid=94 yes_ask=95 no_bid=5 no_ask=6 book_ready=True position=False pending=False dry_run=False trust=synced run_id=99e01c3f-0a04-4449-b1b4-e6daca2a4580
2026-05-07 17:25:18,404 | INFO | Heartbeat | watch=KXBTC15M-26MAY071730-30 yes_bid=95 yes_ask=96 no_bid=4 no_ask=5 book_ready=True position=False pending=False dry_run=False trust=synced run_id=99e01c3f-0a04-4449-b1b4-e6daca2a4580
2026-05-07 17:25:33,413 | INFO | Heartbeat | watch=KXBTC15M-26MAY071730-30 yes_bid=96 yes_ask=96 no_bid=4 no_ask=4 book_ready=True position=False pending=False dry_run=False trust=synced run_id=99e01c3f-0a04-4449-b1b4-e6daca2a4580
2026-05-07 17:25:48,460 | INFO | Heartbeat | watch=KXBTC15M-26MAY071730-30 yes_bid=97 yes_ask=98 no_bid=2 no_ask=3 book_ready=True position=False pending=False dry_run=False trust=synced run_id=99e01c3f-0a04-4449-b1b4-e6daca2a4580
2026-05-07 17:26:03,495 | INFO | Heartbeat | watch=KXBTC15M-26MAY071730-30 yes_bid=99 yes_ask=99 no_bid=1 no_ask=1 book_ready=True position=False pending=False dry_run=False trust=synced run_id=99e01c3f-0a04-4449-b1b4-e6daca2a4580
2026-05-07 17:26:18,511 | INFO | Heartbeat | watch=KXBTC15M-26MAY071730-30 yes_bid=99 yes_ask=99 no_bid=1 no_ask=1 book_ready=True position=False pending=False dry_run=False trust=synced run_id=99e01c3f-0a04-4449-b1b4-e6daca2a4580
2026-05-07 17:26:33,502 | INFO | Heartbeat | watch=KXBTC15M-26MAY071730-30 yes_bid=99 yes_ask=99 no_bid=1 no_ask=1 book_ready=True position=False pending=False dry_run=False trust=synced run_id=99e01c3f-0a04-4449-b1b4-e6daca2a4580
2026-05-07 17:26:48,547 | INFO | Heartbeat | watch=KXBTC15M-26MAY071730-30 yes_bid=99 yes_ask=99 no_bid=1 no_ask=1 book_ready=True position=False pending=False dry_run=False trust=synced run_id=99e01c3f-0a04-4449-b1b4-e6daca2a4580
2026-05-07 17:27:03,562 | INFO | Heartbeat | watch=KXBTC15M-26MAY071730-30 yes_bid=100 yes_ask=100 no_bid=0 no_ask=0 book_ready=True position=False pending=False dry_run=False trust=synced run_id=99e01c3f-0a04-4449-b1b4-e6daca2a4580
2026-05-07 17:27:18,561 | INFO | Heartbeat | watch=KXBTC15M-26MAY071730-30 yes_bid=100 yes_ask=100 no_bid=0 no_ask=0 book_ready=True position=False pending=False dry_run=False trust=synced run_id=99e01c3f-0a04-4449-b1b4-e6daca2a4580
2026-05-07 17:27:33,562 | INFO | Heartbeat | watch=KXBTC15M-26MAY071730-30 yes_bid=100 yes_ask=100 no_bid=0 no_ask=0 book_ready=True position=False pending=False dry_run=False trust=synced run_id=99e01c3f-0a04-4449-b1b4-e6daca2a4580
2026-05-07 17:27:48,595 | INFO | Heartbeat | watch=KXBTC15M-26MAY071730-30 yes_bid=100 yes_ask=100 no_bid=0 no_ask=0 book_ready=True position=False pending=False dry_run=False trust=synced run_id=99e01c3f-0a04-4449-b1b4-e6daca2a4580
2026-05-07 17:28:03,588 | INFO | Heartbeat | watch=KXBTC15M-26MAY071730-30 yes_bid=100 yes_ask=100 no_bid=0 no_ask=0 book_ready=True position=False pending=False dry_run=False trust=synced run_id=99e01c3f-0a04-4449-b1b4-e6daca2a4580
2026-05-07 17:28:18,682 | INFO | Heartbeat | watch=KXBTC15M-26MAY071730-30 yes_bid=100 yes_ask=100 no_bid=0 no_ask=0 book_ready=True position=False pending=False dry_run=False trust=synced run_id=99e01c3f-0a04-4449-b1b4-e6daca2a4580
2026-05-07 17:28:33,684 | INFO | Heartbeat | watch=KXBTC15M-26MAY071730-30 yes_bid=100 yes_ask=100 no_bid=0 no_ask=0 book_ready=True position=False pending=False dry_run=False trust=synced run_id=99e01c3f-0a04-4449-b1b4-e6daca2a4580
2026-05-07 17:28:48,728 | INFO | Heartbeat | watch=KXBTC15M-26MAY071730-30 yes_bid=100 yes_ask=100 no_bid=0 no_ask=0 book_ready=True position=False pending=False dry_run=False trust=synced run_id=99e01c3f-0a04-4449-b1b4-e6daca2a4580
2026-05-07 17:29:03,740 | INFO | Heartbeat | watch=KXBTC15M-26MAY071730-30 yes_bid=100 yes_ask=100 no_bid=0 no_ask=0 book_ready=True position=False pending=False dry_run=False trust=synced run_id=99e01c3f-0a04-4449-b1b4-e6daca2a4580
2026-05-07 17:29:18,758 | INFO | Heartbeat | watch=KXBTC15M-26MAY071730-30 yes_bid=100 yes_ask=100 no_bid=0 no_ask=0 book_ready=True position=False pending=False dry_run=False trust=synced run_id=99e01c3f-0a04-4449-b1b4-e6daca2a4580
2026-05-07 17:29:33,774 | INFO | Heartbeat | watch=KXBTC15M-26MAY071730-30 yes_bid=100 yes_ask=100 no_bid=0 no_ask=0 book_ready=True position=False pending=False dry_run=False trust=synced run_id=99e01c3f-0a04-4449-b1b4-e6daca2a4580
2026-05-07 17:29:48,865 | INFO | Heartbeat | watch=KXBTC15M-26MAY071730-30 yes_bid=100 yes_ask=100 no_bid=0 no_ask=0 book_ready=True position=False pending=False dry_run=False trust=synced run_id=99e01c3f-0a04-4449-b1b4-e6daca2a4580
2026-05-07 17:30:03,904 | INFO | Heartbeat | watch=KXBTC15M-26MAY071730-30 yes_bid=0 yes_ask=100 no_bid=0 no_ask=100 book_ready=True position=False pending=False dry_run=False trust=synced run_id=99e01c3f-0a04-4449-b1b4-e6daca2a4580
2026-05-07 17:30:06,744 | INFO | Orderbook snapshot ready for KXBTC15M-26MAY071730-30
2026-05-07 17:30:18,911 | INFO | Heartbeat | watch=KXBTC15M-26MAY071730-30 yes_bid=0 yes_ask=100 no_bid=0 no_ask=100 book_ready=True position=False pending=False dry_run=False trust=synced run_id=99e01c3f-0a04-4449-b1b4-e6daca2a4580
2026-05-07 17:30:30,852 | INFO | Watching market KXBTC15M-26MAY071745-45 close_time=2026-05-07T21:45:00Z status=active strike=79909.51 run_id=99e01c3f-0a04-4449-b1b4-e6daca2a4580
2026-05-07 17:30:31,006 | INFO | WS connected for KXBTC15M-26MAY071745-45
2026-05-07 17:30:31,032 | INFO | WS subscribed payload: {'type': 'subscribed', 'id': 15, 'msg': {'channel': 'ticker', 'sid': 1}}
2026-05-07 17:30:31,032 | INFO | WS subscribed payload: {'type': 'subscribed', 'id': 15, 'msg': {'channel': 'orderbook_delta', 'sid': 2}}
2026-05-07 17:30:31,033 | INFO | Orderbook snapshot ready for KXBTC15M-26MAY071745-45
2026-05-07 17:30:33,917 | INFO | Heartbeat | watch=KXBTC15M-26MAY071745-45 yes_bid=35 yes_ask=37 no_bid=63 no_ask=65 book_ready=True position=False pending=False dry_run=False trust=synced run_id=99e01c3f-0a04-4449-b1b4-e6daca2a4580
2026-05-07 17:30:48,911 | INFO | Heartbeat | watch=KXBTC15M-26MAY071745-45 yes_bid=40 yes_ask=41 no_bid=59 no_ask=60 book_ready=True position=False pending=False dry_run=False trust=synced run_id=99e01c3f-0a04-4449-b1b4-e6daca2a4580
2026-05-07 17:31:03,970 | INFO | Heartbeat | watch=KXBTC15M-26MAY071745-45 yes_bid=40 yes_ask=41 no_bid=59 no_ask=60 book_ready=True position=False pending=False dry_run=False trust=synced run_id=99e01c3f-0a04-4449-b1b4-e6daca2a4580
2026-05-07 17:31:18,964 | INFO | Heartbeat | watch=KXBTC15M-26MAY071745-45 yes_bid=41 yes_ask=42 no_bid=58 no_ask=59 book_ready=True position=False pending=False dry_run=False trust=synced run_id=99e01c3f-0a04-4449-b1b4-e6daca2a4580
2026-05-07 17:31:33,963 | INFO | Heartbeat | watch=KXBTC15M-26MAY071745-45 yes_bid=45 yes_ask=46 no_bid=54 no_ask=55 book_ready=True position=False pending=False dry_run=False trust=synced run_id=99e01c3f-0a04-4449-b1b4-e6daca2a4580
2026-05-07 17:31:48,958 | INFO | Heartbeat | watch=KXBTC15M-26MAY071745-45 yes_bid=45 yes_ask=46 no_bid=54 no_ask=55 book_ready=True position=False pending=False dry_run=False trust=synced run_id=99e01c3f-0a04-4449-b1b4-e6daca2a4580
2026-05-07 17:32:04,009 | INFO | Heartbeat | watch=KXBTC15M-26MAY071745-45 yes_bid=43 yes_ask=44 no_bid=56 no_ask=57 book_ready=True position=False pending=False dry_run=False trust=synced run_id=99e01c3f-0a04-4449-b1b4-e6daca2a4580
2026-05-07 17:32:19,053 | INFO | Heartbeat | watch=KXBTC15M-26MAY071745-45 yes_bid=44 yes_ask=46 no_bid=54 no_ask=56 book_ready=True position=False pending=False dry_run=False trust=synced run_id=99e01c3f-0a04-4449-b1b4-e6daca2a4580
2026-05-07 17:32:34,094 | INFO | Heartbeat | watch=KXBTC15M-26MAY071745-45 yes_bid=40 yes_ask=41 no_bid=59 no_ask=60 book_ready=True position=False pending=False dry_run=False trust=synced run_id=99e01c3f-0a04-4449-b1b4-e6daca2a4580
2026-05-07 17:32:49,112 | INFO | Heartbeat | watch=KXBTC15M-26MAY071745-45 yes_bid=41 yes_ask=42 no_bid=58 no_ask=59 book_ready=True position=False pending=False dry_run=False trust=synced run_id=99e01c3f-0a04-4449-b1b4-e6daca2a4580
2026-05-07 17:33:04,110 | INFO | Heartbeat | watch=KXBTC15M-26MAY071745-45 yes_bid=43 yes_ask=44 no_bid=56 no_ask=57 book_ready=True position=False pending=False dry_run=False trust=synced run_id=99e01c3f-0a04-4449-b1b4-e6daca2a4580
2026-05-07 17:33:19,120 | INFO | Heartbeat | watch=KXBTC15M-26MAY071745-45 yes_bid=44 yes_ask=45 no_bid=55 no_ask=56 book_ready=True position=False pending=False dry_run=False trust=synced run_id=99e01c3f-0a04-4449-b1b4-e6daca2a4580
2026-05-07 17:33:34,116 | INFO | Heartbeat | watch=KXBTC15M-26MAY071745-45 yes_bid=41 yes_ask=43 no_bid=57 no_ask=59 book_ready=True position=False pending=False dry_run=False trust=synced run_id=99e01c3f-0a04-4449-b1b4-e6daca2a4580
2026-05-07 17:33:49,122 | INFO | Heartbeat | watch=KXBTC15M-26MAY071745-45 yes_bid=35 yes_ask=36 no_bid=64 no_ask=65 book_ready=True position=False pending=False dry_run=False trust=synced run_id=99e01c3f-0a04-4449-b1b4-e6daca2a4580
2026-05-07 17:34:04,140 | INFO | Heartbeat | watch=KXBTC15M-26MAY071745-45 yes_bid=36 yes_ask=37 no_bid=63 no_ask=64 book_ready=True position=False pending=False dry_run=False trust=synced run_id=99e01c3f-0a04-4449-b1b4-e6daca2a4580
2026-05-07 17:34:19,155 | INFO | Heartbeat | watch=KXBTC15M-26MAY071745-45 yes_bid=41 yes_ask=42 no_bid=58 no_ask=59 book_ready=True position=False pending=False dry_run=False trust=synced run_id=99e01c3f-0a04-4449-b1b4-e6daca2a4580
2026-05-07 17:34:34,164 | INFO | Heartbeat | watch=KXBTC15M-26MAY071745-45 yes_bid=44 yes_ask=45 no_bid=55 no_ask=56 book_ready=True position=False pending=False dry_run=False trust=synced run_id=99e01c3f-0a04-4449-b1b4-e6daca2a4580
2026-05-07 17:34:49,211 | INFO | Heartbeat | watch=KXBTC15M-26MAY071745-45 yes_bid=44 yes_ask=45 no_bid=55 no_ask=56 book_ready=True position=False pending=False dry_run=False trust=synced run_id=99e01c3f-0a04-4449-b1b4-e6daca2a4580
2026-05-07 17:35:04,215 | INFO | Heartbeat | watch=KXBTC15M-26MAY071745-45 yes_bid=45 yes_ask=46 no_bid=54 no_ask=55 book_ready=True position=False pending=False dry_run=False trust=synced run_id=99e01c3f-0a04-4449-b1b4-e6daca2a4580
2026-05-07 17:35:19,233 | INFO | Heartbeat | watch=KXBTC15M-26MAY071745-45 yes_bid=55 yes_ask=56 no_bid=44 no_ask=45 book_ready=True position=False pending=False dry_run=False trust=synced run_id=99e01c3f-0a04-4449-b1b4-e6daca2a4580
2026-05-07 17:35:34,276 | INFO | Heartbeat | watch=KXBTC15M-26MAY071745-45 yes_bid=55 yes_ask=57 no_bid=43 no_ask=45 book_ready=True position=False pending=False dry_run=False trust=synced run_id=99e01c3f-0a04-4449-b1b4-e6daca2a4580
2026-05-07 17:35:49,293 | INFO | Heartbeat | watch=KXBTC15M-26MAY071745-45 yes_bid=50 yes_ask=51 no_bid=49 no_ask=50 book_ready=True position=False pending=False dry_run=False trust=synced run_id=99e01c3f-0a04-4449-b1b4-e6daca2a4580
2026-05-07 17:36:04,367 | INFO | Heartbeat | watch=KXBTC15M-26MAY071745-45 yes_bid=48 yes_ask=50 no_bid=50 no_ask=52 book_ready=True position=False pending=False dry_run=False trust=synced run_id=99e01c3f-0a04-4449-b1b4-e6daca2a4580
2026-05-07 17:36:19,408 | INFO | Heartbeat | watch=KXBTC15M-26MAY071745-45 yes_bid=33 yes_ask=34 no_bid=66 no_ask=67 book_ready=True position=False pending=False dry_run=False trust=synced run_id=99e01c3f-0a04-4449-b1b4-e6daca2a4580
2026-05-07 17:36:34,433 | INFO | Heartbeat | watch=KXBTC15M-26MAY071745-45 yes_bid=34 yes_ask=35 no_bid=65 no_ask=66 book_ready=True position=False pending=False dry_run=False trust=synced run_id=99e01c3f-0a04-4449-b1b4-e6daca2a4580
2026-05-07 17:36:49,427 | INFO | Heartbeat | watch=KXBTC15M-26MAY071745-45 yes_bid=34 yes_ask=35 no_bid=65 no_ask=66 book_ready=True position=False pending=False dry_run=False trust=synced run_id=99e01c3f-0a04-4449-b1b4-e6daca2a4580
2026-05-07 17:37:04,446 | INFO | Heartbeat | watch=KXBTC15M-26MAY071745-45 yes_bid=33 yes_ask=34 no_bid=66 no_ask=67 book_ready=True position=False pending=False dry_run=False trust=synced run_id=99e01c3f-0a04-4449-b1b4-e6daca2a4580
2026-05-07 17:37:19,484 | INFO | Heartbeat | watch=KXBTC15M-26MAY071745-45 yes_bid=34 yes_ask=36 no_bid=64 no_ask=66 book_ready=True position=False pending=False dry_run=False trust=synced run_id=99e01c3f-0a04-4449-b1b4-e6daca2a4580
2026-05-07 17:37:34,492 | INFO | Heartbeat | watch=KXBTC15M-26MAY071745-45 yes_bid=34 yes_ask=35 no_bid=65 no_ask=66 book_ready=True position=False pending=False dry_run=False trust=synced run_id=99e01c3f-0a04-4449-b1b4-e6daca2a4580
2026-05-07 17:37:49,554 | INFO | Heartbeat | watch=KXBTC15M-26MAY071745-45 yes_bid=34 yes_ask=35 no_bid=65 no_ask=66 book_ready=True position=False pending=False dry_run=False trust=synced run_id=99e01c3f-0a04-4449-b1b4-e6daca2a4580
2026-05-07 17:38:04,569 | INFO | Heartbeat | watch=KXBTC15M-26MAY071745-45 yes_bid=38 yes_ask=40 no_bid=60 no_ask=62 book_ready=True position=False pending=False dry_run=False trust=synced run_id=99e01c3f-0a04-4449-b1b4-e6daca2a4580
2026-05-07 17:38:19,582 | INFO | Heartbeat | watch=KXBTC15M-26MAY071745-45 yes_bid=43 yes_ask=44 no_bid=56 no_ask=57 book_ready=True position=False pending=False dry_run=False trust=synced run_id=99e01c3f-0a04-4449-b1b4-e6daca2a4580
2026-05-07 17:38:34,589 | INFO | Heartbeat | watch=KXBTC15M-26MAY071745-45 yes_bid=45 yes_ask=46 no_bid=54 no_ask=55 book_ready=True position=False pending=False dry_run=False trust=synced run_id=99e01c3f-0a04-4449-b1b4-e6daca2a4580
2026-05-07 17:38:49,627 | INFO | Heartbeat | watch=KXBTC15M-26MAY071745-45 yes_bid=45 yes_ask=46 no_bid=54 no_ask=55 book_ready=True position=False pending=False dry_run=False trust=synced run_id=99e01c3f-0a04-4449-b1b4-e6daca2a4580
2026-05-07 17:39:04,652 | INFO | Heartbeat | watch=KXBTC15M-26MAY071745-45 yes_bid=33 yes_ask=34 no_bid=66 no_ask=67 book_ready=True position=False pending=False dry_run=False trust=synced run_id=99e01c3f-0a04-4449-b1b4-e6daca2a4580
2026-05-07 17:39:19,655 | INFO | Heartbeat | watch=KXBTC15M-26MAY071745-45 yes_bid=25 yes_ask=26 no_bid=74 no_ask=75 book_ready=True position=False pending=False dry_run=False trust=synced run_id=99e01c3f-0a04-4449-b1b4-e6daca2a4580
2026-05-07 17:39:34,672 | INFO | Heartbeat | watch=KXBTC15M-26MAY071745-45 yes_bid=22 yes_ask=23 no_bid=77 no_ask=78 book_ready=True position=False pending=False dry_run=False trust=synced run_id=99e01c3f-0a04-4449-b1b4-e6daca2a4580
2026-05-07 17:39:49,690 | INFO | Heartbeat | watch=KXBTC15M-26MAY071745-45 yes_bid=23 yes_ask=24 no_bid=76 no_ask=77 book_ready=True position=False pending=False dry_run=False trust=synced run_id=99e01c3f-0a04-4449-b1b4-e6daca2a4580
2026-05-07 17:40:04,679 | INFO | Heartbeat | watch=KXBTC15M-26MAY071745-45 yes_bid=24 yes_ask=25 no_bid=75 no_ask=76 book_ready=True position=False pending=False dry_run=False trust=synced run_id=99e01c3f-0a04-4449-b1b4-e6daca2a4580
2026-05-07 17:40:19,685 | INFO | Heartbeat | watch=KXBTC15M-26MAY071745-45 yes_bid=15 yes_ask=16 no_bid=84 no_ask=85 book_ready=True position=False pending=False dry_run=False trust=synced run_id=99e01c3f-0a04-4449-b1b4-e6daca2a4580
2026-05-07 17:40:34,685 | INFO | Heartbeat | watch=KXBTC15M-26MAY071745-45 yes_bid=13 yes_ask=14 no_bid=86 no_ask=87 book_ready=True position=False pending=False dry_run=False trust=synced run_id=99e01c3f-0a04-4449-b1b4-e6daca2a4580
2026-05-07 17:40:49,723 | INFO | Heartbeat | watch=KXBTC15M-26MAY071745-45 yes_bid=10 yes_ask=13 no_bid=87 no_ask=90 book_ready=True position=False pending=False dry_run=False trust=synced run_id=99e01c3f-0a04-4449-b1b4-e6daca2a4580
2026-05-07 17:41:04,726 | INFO | Heartbeat | watch=KXBTC15M-26MAY071745-45 yes_bid=4 yes_ask=4 no_bid=96 no_ask=96 book_ready=True position=False pending=False dry_run=False trust=synced run_id=99e01c3f-0a04-4449-b1b4-e6daca2a4580
2026-05-07 17:41:19,742 | INFO | Heartbeat | watch=KXBTC15M-26MAY071745-45 yes_bid=3 yes_ask=4 no_bid=96 no_ask=97 book_ready=True position=False pending=False dry_run=False trust=synced run_id=99e01c3f-0a04-4449-b1b4-e6daca2a4580
2026-05-07 17:41:34,778 | INFO | Heartbeat | watch=KXBTC15M-26MAY071745-45 yes_bid=3 yes_ask=4 no_bid=96 no_ask=97 book_ready=True position=False pending=False dry_run=False trust=synced run_id=99e01c3f-0a04-4449-b1b4-e6daca2a4580
2026-05-07 17:41:49,826 | INFO | Heartbeat | watch=KXBTC15M-26MAY071745-45 yes_bid=2 yes_ask=2 no_bid=98 no_ask=98 book_ready=True position=False pending=False dry_run=False trust=synced run_id=99e01c3f-0a04-4449-b1b4-e6daca2a4580
2026-05-07 17:42:04,836 | INFO | Heartbeat | watch=KXBTC15M-26MAY071745-45 yes_bid=4 yes_ask=4 no_bid=96 no_ask=96 book_ready=True position=False pending=False dry_run=False trust=synced run_id=99e01c3f-0a04-4449-b1b4-e6daca2a4580
2026-05-07 17:42:19,872 | INFO | Heartbeat | watch=KXBTC15M-26MAY071745-45 yes_bid=6 yes_ask=6 no_bid=94 no_ask=94 book_ready=True position=False pending=False dry_run=False trust=synced run_id=99e01c3f-0a04-4449-b1b4-e6daca2a4580
2026-05-07 17:42:34,901 | INFO | Heartbeat | watch=KXBTC15M-26MAY071745-45 yes_bid=2 yes_ask=2 no_bid=98 no_ask=98 book_ready=True position=False pending=False dry_run=False trust=synced run_id=99e01c3f-0a04-4449-b1b4-e6daca2a4580
2026-05-07 17:42:49,899 | INFO | Heartbeat | watch=KXBTC15M-26MAY071745-45 yes_bid=1 yes_ask=1 no_bid=99 no_ask=99 book_ready=True position=False pending=False dry_run=False trust=synced run_id=99e01c3f-0a04-4449-b1b4-e6daca2a4580
2026-05-07 17:43:04,920 | INFO | Heartbeat | watch=KXBTC15M-26MAY071745-45 yes_bid=1 yes_ask=1 no_bid=99 no_ask=99 book_ready=True position=False pending=False dry_run=False trust=synced run_id=99e01c3f-0a04-4449-b1b4-e6daca2a4580
2026-05-07 17:43:19,948 | INFO | Heartbeat | watch=KXBTC15M-26MAY071745-45 yes_bid=0 yes_ask=0 no_bid=100 no_ask=100 book_ready=True position=False pending=False dry_run=False trust=synced run_id=99e01c3f-0a04-4449-b1b4-e6daca2a4580
2026-05-07 17:43:34,948 | INFO | Heartbeat | watch=KXBTC15M-26MAY071745-45 yes_bid=0 yes_ask=0 no_bid=100 no_ask=100 book_ready=True position=False pending=False dry_run=False trust=synced run_id=99e01c3f-0a04-4449-b1b4-e6daca2a4580
2026-05-07 17:43:49,959 | INFO | Heartbeat | watch=KXBTC15M-26MAY071745-45 yes_bid=0 yes_ask=0 no_bid=100 no_ask=100 book_ready=True position=False pending=False dry_run=False trust=synced run_id=99e01c3f-0a04-4449-b1b4-e6daca2a4580
2026-05-07 17:44:04,944 | INFO | Heartbeat | watch=KXBTC15M-26MAY071745-45 yes_bid=0 yes_ask=0 no_bid=100 no_ask=100 book_ready=True position=False pending=False dry_run=False trust=synced run_id=99e01c3f-0a04-4449-b1b4-e6daca2a4580
2026-05-07 17:44:20,026 | INFO | Heartbeat | watch=KXBTC15M-26MAY071745-45 yes_bid=0 yes_ask=0 no_bid=100 no_ask=100 book_ready=True position=False pending=False dry_run=False trust=synced run_id=99e01c3f-0a04-4449-b1b4-e6daca2a4580
2026-05-07 17:44:35,032 | INFO | Heartbeat | watch=KXBTC15M-26MAY071745-45 yes_bid=0 yes_ask=0 no_bid=100 no_ask=100 book_ready=True position=False pending=False dry_run=False trust=synced run_id=99e01c3f-0a04-4449-b1b4-e6daca2a4580
2026-05-07 17:44:50,080 | INFO | Heartbeat | watch=KXBTC15M-26MAY071745-45 yes_bid=0 yes_ask=0 no_bid=100 no_ask=100 book_ready=True position=False pending=False dry_run=False trust=synced run_id=99e01c3f-0a04-4449-b1b4-e6daca2a4580
2026-05-07 17:45:05,073 | INFO | Heartbeat | watch=KXBTC15M-26MAY071745-45 yes_bid=0 yes_ask=100 no_bid=0 no_ask=100 book_ready=True position=False pending=False dry_run=False trust=synced run_id=99e01c3f-0a04-4449-b1b4-e6daca2a4580
2026-05-07 17:45:07,011 | INFO | Orderbook snapshot ready for KXBTC15M-26MAY071745-45
2026-05-07 17:45:20,095 | INFO | Heartbeat | watch=KXBTC15M-26MAY071745-45 yes_bid=0 yes_ask=100 no_bid=0 no_ask=100 book_ready=True position=False pending=False dry_run=False trust=synced run_id=99e01c3f-0a04-4449-b1b4-e6daca2a4580
2026-05-07 17:45:30,573 | INFO | Watching market KXBTC15M-26MAY071800-00 close_time=2026-05-07T22:00:00Z status=active strike=79799.45 run_id=99e01c3f-0a04-4449-b1b4-e6daca2a4580
2026-05-07 17:45:30,735 | INFO | WS connected for KXBTC15M-26MAY071800-00
2026-05-07 17:45:30,763 | INFO | WS subscribed payload: {'type': 'subscribed', 'id': 16, 'msg': {'channel': 'ticker', 'sid': 1}}
2026-05-07 17:45:30,763 | INFO | WS subscribed payload: {'type': 'subscribed', 'id': 16, 'msg': {'channel': 'orderbook_delta', 'sid': 2}}
2026-05-07 17:45:30,764 | INFO | Orderbook snapshot ready for KXBTC15M-26MAY071800-00
2026-05-07 17:45:35,117 | INFO | Heartbeat | watch=KXBTC15M-26MAY071800-00 yes_bid=60 yes_ask=61 no_bid=39 no_ask=40 book_ready=True position=False pending=False dry_run=False trust=synced run_id=99e01c3f-0a04-4449-b1b4-e6daca2a4580
2026-05-07 17:45:50,127 | INFO | Heartbeat | watch=KXBTC15M-26MAY071800-00 yes_bid=57 yes_ask=59 no_bid=41 no_ask=43 book_ready=True position=False pending=False dry_run=False trust=synced run_id=99e01c3f-0a04-4449-b1b4-e6daca2a4580
2026-05-07 17:46:05,131 | INFO | Heartbeat | watch=KXBTC15M-26MAY071800-00 yes_bid=52 yes_ask=53 no_bid=47 no_ask=48 book_ready=True position=False pending=False dry_run=False trust=synced run_id=99e01c3f-0a04-4449-b1b4-e6daca2a4580
2026-05-07 17:46:20,163 | INFO | Heartbeat | watch=KXBTC15M-26MAY071800-00 yes_bid=54 yes_ask=55 no_bid=45 no_ask=46 book_ready=True position=False pending=False dry_run=False trust=synced run_id=99e01c3f-0a04-4449-b1b4-e6daca2a4580
2026-05-07 17:46:35,184 | INFO | Heartbeat | watch=KXBTC15M-26MAY071800-00 yes_bid=60 yes_ask=62 no_bid=38 no_ask=40 book_ready=True position=False pending=False dry_run=False trust=synced run_id=99e01c3f-0a04-4449-b1b4-e6daca2a4580
2026-05-07 17:46:50,213 | INFO | Heartbeat | watch=KXBTC15M-26MAY071800-00 yes_bid=63 yes_ask=65 no_bid=35 no_ask=37 book_ready=True position=False pending=False dry_run=False trust=synced run_id=99e01c3f-0a04-4449-b1b4-e6daca2a4580
2026-05-07 17:47:05,286 | INFO | Heartbeat | watch=KXBTC15M-26MAY071800-00 yes_bid=61 yes_ask=62 no_bid=38 no_ask=39 book_ready=True position=False pending=False dry_run=False trust=synced run_id=99e01c3f-0a04-4449-b1b4-e6daca2a4580
2026-05-07 17:47:20,298 | INFO | Heartbeat | watch=KXBTC15M-26MAY071800-00 yes_bid=62 yes_ask=63 no_bid=37 no_ask=38 book_ready=True position=False pending=False dry_run=False trust=synced run_id=99e01c3f-0a04-4449-b1b4-e6daca2a4580
2026-05-07 17:47:35,312 | INFO | Heartbeat | watch=KXBTC15M-26MAY071800-00 yes_bid=64 yes_ask=65 no_bid=35 no_ask=36 book_ready=True position=False pending=False dry_run=False trust=synced run_id=99e01c3f-0a04-4449-b1b4-e6daca2a4580
2026-05-07 17:47:50,308 | INFO | Heartbeat | watch=KXBTC15M-26MAY071800-00 yes_bid=64 yes_ask=65 no_bid=35 no_ask=36 book_ready=True position=False pending=False dry_run=False trust=synced run_id=99e01c3f-0a04-4449-b1b4-e6daca2a4580
2026-05-07 17:48:05,314 | INFO | Heartbeat | watch=KXBTC15M-26MAY071800-00 yes_bid=66 yes_ask=68 no_bid=32 no_ask=34 book_ready=True position=False pending=False dry_run=False trust=synced run_id=99e01c3f-0a04-4449-b1b4-e6daca2a4580
2026-05-07 17:48:20,309 | INFO | Heartbeat | watch=KXBTC15M-26MAY071800-00 yes_bid=68 yes_ask=69 no_bid=31 no_ask=32 book_ready=True position=False pending=False dry_run=False trust=synced run_id=99e01c3f-0a04-4449-b1b4-e6daca2a4580
2026-05-07 17:48:35,309 | INFO | Heartbeat | watch=KXBTC15M-26MAY071800-00 yes_bid=62 yes_ask=63 no_bid=37 no_ask=38 book_ready=True position=False pending=False dry_run=False trust=synced run_id=99e01c3f-0a04-4449-b1b4-e6daca2a4580
2026-05-07 17:48:50,398 | INFO | Heartbeat | watch=KXBTC15M-26MAY071800-00 yes_bid=58 yes_ask=59 no_bid=41 no_ask=42 book_ready=True position=False pending=False dry_run=False trust=synced run_id=99e01c3f-0a04-4449-b1b4-e6daca2a4580
2026-05-07 17:49:05,391 | INFO | Heartbeat | watch=KXBTC15M-26MAY071800-00 yes_bid=46 yes_ask=47 no_bid=53 no_ask=54 book_ready=True position=False pending=False dry_run=False trust=synced run_id=99e01c3f-0a04-4449-b1b4-e6daca2a4580
2026-05-07 17:49:20,398 | INFO | Heartbeat | watch=KXBTC15M-26MAY071800-00 yes_bid=59 yes_ask=60 no_bid=40 no_ask=41 book_ready=True position=False pending=False dry_run=False trust=synced run_id=99e01c3f-0a04-4449-b1b4-e6daca2a4580
2026-05-07 17:49:35,386 | INFO | Heartbeat | watch=KXBTC15M-26MAY071800-00 yes_bid=60 yes_ask=61 no_bid=39 no_ask=40 book_ready=True position=False pending=False dry_run=False trust=synced run_id=99e01c3f-0a04-4449-b1b4-e6daca2a4580
2026-05-07 17:49:50,407 | INFO | Heartbeat | watch=KXBTC15M-26MAY071800-00 yes_bid=64 yes_ask=66 no_bid=34 no_ask=36 book_ready=True position=False pending=False dry_run=False trust=synced run_id=99e01c3f-0a04-4449-b1b4-e6daca2a4580
2026-05-07 17:50:05,416 | INFO | Heartbeat | watch=KXBTC15M-26MAY071800-00 yes_bid=59 yes_ask=61 no_bid=39 no_ask=41 book_ready=True position=False pending=False dry_run=False trust=synced run_id=99e01c3f-0a04-4449-b1b4-e6daca2a4580
2026-05-07 17:50:20,427 | INFO | Heartbeat | watch=KXBTC15M-26MAY071800-00 yes_bid=58 yes_ask=60 no_bid=40 no_ask=42 book_ready=True position=False pending=False dry_run=False trust=synced run_id=99e01c3f-0a04-4449-b1b4-e6daca2a4580
2026-05-07 17:50:35,448 | INFO | Heartbeat | watch=KXBTC15M-26MAY071800-00 yes_bid=47 yes_ask=48 no_bid=52 no_ask=53 book_ready=True position=False pending=False dry_run=False trust=synced run_id=99e01c3f-0a04-4449-b1b4-e6daca2a4580
2026-05-07 17:50:50,487 | INFO | Heartbeat | watch=KXBTC15M-26MAY071800-00 yes_bid=45 yes_ask=46 no_bid=54 no_ask=55 book_ready=True position=False pending=False dry_run=False trust=synced run_id=99e01c3f-0a04-4449-b1b4-e6daca2a4580
2026-05-07 17:51:05,509 | INFO | Heartbeat | watch=KXBTC15M-26MAY071800-00 yes_bid=45 yes_ask=46 no_bid=54 no_ask=55 book_ready=True position=False pending=False dry_run=False trust=synced run_id=99e01c3f-0a04-4449-b1b4-e6daca2a4580
2026-05-07 17:51:20,543 | INFO | Heartbeat | watch=KXBTC15M-26MAY071800-00 yes_bid=47 yes_ask=48 no_bid=52 no_ask=53 book_ready=True position=False pending=False dry_run=False trust=synced run_id=99e01c3f-0a04-4449-b1b4-e6daca2a4580
2026-05-07 17:51:35,588 | INFO | Heartbeat | watch=KXBTC15M-26MAY071800-00 yes_bid=48 yes_ask=49 no_bid=51 no_ask=52 book_ready=True position=False pending=False dry_run=False trust=synced run_id=99e01c3f-0a04-4449-b1b4-e6daca2a4580
2026-05-07 17:51:50,619 | INFO | Heartbeat | watch=KXBTC15M-26MAY071800-00 yes_bid=48 yes_ask=49 no_bid=51 no_ask=52 book_ready=True position=False pending=False dry_run=False trust=synced run_id=99e01c3f-0a04-4449-b1b4-e6daca2a4580
2026-05-07 17:52:05,678 | INFO | Heartbeat | watch=KXBTC15M-26MAY071800-00 yes_bid=50 yes_ask=51 no_bid=49 no_ask=50 book_ready=True position=False pending=False dry_run=False trust=synced run_id=99e01c3f-0a04-4449-b1b4-e6daca2a4580
2026-05-07 17:52:20,726 | INFO | Heartbeat | watch=KXBTC15M-26MAY071800-00 yes_bid=49 yes_ask=50 no_bid=50 no_ask=51 book_ready=True position=False pending=False dry_run=False trust=synced run_id=99e01c3f-0a04-4449-b1b4-e6daca2a4580
2026-05-07 17:52:35,742 | INFO | Heartbeat | watch=KXBTC15M-26MAY071800-00 yes_bid=38 yes_ask=39 no_bid=61 no_ask=62 book_ready=True position=False pending=False dry_run=False trust=synced run_id=99e01c3f-0a04-4449-b1b4-e6daca2a4580
2026-05-07 17:52:50,737 | INFO | Heartbeat | watch=KXBTC15M-26MAY071800-00 yes_bid=27 yes_ask=28 no_bid=72 no_ask=73 book_ready=True position=False pending=False dry_run=False trust=synced run_id=99e01c3f-0a04-4449-b1b4-e6daca2a4580
