2026-05-07 23:08:07,620 | INFO | Starting WS bot. run_id=7437f39b-1eb3-49f7-8cd4-ad295ef23ee6 dry_run=False base_url=https://api.elections.kalshi.com/trade-api/v2 ws_url=wss://api.elections.kalshi.com/trade-api/ws/v2 series=KXBTC15M
2026-05-07 23:08:08,724 | INFO | Watching market KXBTC15M-26MAY072315-15 close_time=2026-05-08T03:15:00Z status=active strike=79469.22 run_id=7437f39b-1eb3-49f7-8cd4-ad295ef23ee6
2026-05-07 23:08:08,726 | INFO | Heartbeat | watch=KXBTC15M-26MAY072315-15 yes_bid=None yes_ask=None no_bid=None no_ask=None book_ready=False position=False pending=False dry_run=False trust=cold run_id=7437f39b-1eb3-49f7-8cd4-ad295ef23ee6
2026-05-07 23:08:08,896 | INFO | WS connected for KXBTC15M-26MAY072315-15
2026-05-07 23:08:08,913 | INFO | Mushroom v28 BTC tick stream connected | source=coinbase url=wss://ws-feed.exchange.coinbase.com
2026-05-07 23:08:08,938 | INFO | WS subscribed payload: {'type': 'subscribed', 'id': 1, 'msg': {'channel': 'ticker', 'sid': 1}}
2026-05-07 23:08:08,938 | INFO | WS subscribed payload: {'type': 'subscribed', 'id': 1, 'msg': {'channel': 'orderbook_delta', 'sid': 2}}
2026-05-07 23:08:08,943 | INFO | Orderbook snapshot ready for KXBTC15M-26MAY072315-15
2026-05-07 23:08:12,563 | INFO | Mushroom v28 BTC REST fallback refreshed stale tick | previous_age_ms=3015.0 threshold_ms=3000.0 source=coinbase_spot_rest
2026-05-07 23:08:20,828 | INFO | Mushroom v28 BTC REST fallback refreshed stale tick | previous_age_ms=7750.0 threshold_ms=3000.0 source=coinbase_spot_rest
2026-05-07 23:08:20,832 | INFO | Mushroom v28 entry approved | market=KXBTC15M-26MAY072315-15 side=yes ask=7c max_buy=92c qty=1 p_side=0.9756 edge=87.561c depth=712.5 btc_age_ms=0.0 secs_to_close=399.17
2026-05-07 23:08:20,840 | INFO | Execution state | market=KXBTC15M-26MAY072315-15 side=yes state=eligible reason=pre_filters_disabled trust=synced run_id=7437f39b-1eb3-49f7-8cd4-ad295ef23ee6
2026-05-07 23:08:20,840 | INFO | Live fill policy approved | market=KXBTC15M-26MAY072315-15 side=yes trigger=7c tif=immediate_or_cancel limit=7c depth=712.50 required=2 book_age_ms=515.0 secs_to_close=399.17 reason=single_shot_abundant_depth
2026-05-07 23:08:20,848 | INFO | ENTRY signal | market=KXBTC15M-26MAY072315-15 action=buy side=yes trigger=7c limit=7c qty=1 book_ready=True
2026-05-07 23:08:20,848 | INFO | Execution state | market=KXBTC15M-26MAY072315-15 side=yes state=submitting reason=single_shot_abundant_depth trust=synced run_id=7437f39b-1eb3-49f7-8cd4-ad295ef23ee6
2026-05-07 23:08:20,897 | INFO | ENTRY immediate fill | market=KXBTC15M-26MAY072315-15 side=yes qty=1 limit=7c
2026-05-07 23:08:20,898 | INFO | Execution state | market=KXBTC15M-26MAY072315-15 side=yes state=filled reason=single_shot_abundant_depth trust=synced run_id=7437f39b-1eb3-49f7-8cd4-ad295ef23ee6
2026-05-07 23:08:23,734 | INFO | Heartbeat | watch=KXBTC15M-26MAY072315-15 yes_bid=7 yes_ask=7 no_bid=93 no_ask=93 book_ready=True position=True pending=False dry_run=False trust=synced run_id=7437f39b-1eb3-49f7-8cd4-ad295ef23ee6
2026-05-07 23:08:24,375 | INFO | Mushroom v28 BTC REST fallback refreshed stale tick | previous_age_ms=3032.0 threshold_ms=3000.0 source=coinbase_spot_rest
2026-05-07 23:08:28,080 | INFO | Mushroom v28 BTC REST fallback refreshed stale tick | previous_age_ms=3047.0 threshold_ms=3000.0 source=coinbase_spot_rest
2026-05-07 23:08:31,651 | INFO | Mushroom v28 BTC REST fallback refreshed stale tick | previous_age_ms=3047.0 threshold_ms=3000.0 source=coinbase_spot_rest
2026-05-07 23:08:35,163 | INFO | Mushroom v28 BTC REST fallback refreshed stale tick | previous_age_ms=3016.0 threshold_ms=3000.0 source=coinbase_spot_rest
2026-05-07 23:08:38,718 | INFO | Mushroom v28 BTC REST fallback refreshed stale tick | previous_age_ms=3031.0 threshold_ms=3000.0 source=coinbase_spot_rest
2026-05-07 23:08:38,728 | INFO | Heartbeat | watch=KXBTC15M-26MAY072315-15 yes_bid=8 yes_ask=9 no_bid=91 no_ask=92 book_ready=True position=True pending=False dry_run=False trust=synced run_id=7437f39b-1eb3-49f7-8cd4-ad295ef23ee6
2026-05-07 23:08:42,228 | INFO | Mushroom v28 BTC REST fallback refreshed stale tick | previous_age_ms=3031.0 threshold_ms=3000.0 source=coinbase_spot_rest
2026-05-07 23:08:46,120 | INFO | Mushroom v28 BTC REST fallback refreshed stale tick | previous_age_ms=3015.0 threshold_ms=3000.0 source=coinbase_spot_rest
2026-05-07 23:08:50,180 | INFO | Mushroom v28 BTC REST fallback refreshed stale tick | previous_age_ms=3031.0 threshold_ms=3000.0 source=coinbase_spot_rest
2026-05-07 23:08:54,216 | INFO | Mushroom v28 BTC REST fallback refreshed stale tick | previous_age_ms=3047.0 threshold_ms=3000.0 source=coinbase_spot_rest
2026-05-07 23:08:54,230 | INFO | Heartbeat | watch=KXBTC15M-26MAY072315-15 yes_bid=8 yes_ask=9 no_bid=91 no_ask=92 book_ready=True position=True pending=False dry_run=False trust=synced run_id=7437f39b-1eb3-49f7-8cd4-ad295ef23ee6
2026-05-07 23:08:55,155 | INFO | EXIT signal | market=KXBTC15M-26MAY072315-15 action=sell side=yes trigger=8c limit=8c qty=1 book_ready=True mode=single_shot_ioc slices=1 attempt=0
2026-05-07 23:08:55,158 | INFO | Latency | purpose=exit feed_age_ms=519.7 local_reaction_ms=218.0 trigger_seen_at=2026-05-08T03:08:55.158507+00:00 market_msg_time=2026-05-08T03:08:54.638798Z
2026-05-07 23:08:55,158 | INFO | Exit plan approved | market=KXBTC15M-26MAY072315-15 side=yes trigger=8c limit=8c top_bid=8 depth=80.00 required=1 book_age_ms=16.0 secs_to_close=365.06 reason=mushroom_v28_exit_value_over_hold_single_shot_visible_depth mode=single_shot_ioc attempt=0
2026-05-07 23:08:55,211 | INFO | EXIT fill | market=KXBTC15M-26MAY072315-15 side=yes slice=1/1 qty=1 cumulative=1/1 remaining=0
2026-05-07 23:08:57,727 | INFO | Mushroom v28 BTC REST fallback refreshed stale tick | previous_age_ms=3016.0 threshold_ms=3000.0 source=coinbase_spot_rest
2026-05-07 23:09:01,233 | INFO | Mushroom v28 BTC REST fallback refreshed stale tick | previous_age_ms=3031.0 threshold_ms=3000.0 source=coinbase_spot_rest
2026-05-07 23:09:04,847 | INFO | Mushroom v28 BTC REST fallback refreshed stale tick | previous_age_ms=3046.0 threshold_ms=3000.0 source=coinbase_spot_rest
2026-05-07 23:09:08,334 | INFO | Mushroom v28 BTC REST fallback refreshed stale tick | previous_age_ms=3016.0 threshold_ms=3000.0 source=coinbase_spot_rest
2026-05-07 23:09:09,241 | INFO | Heartbeat | watch=KXBTC15M-26MAY072315-15 yes_bid=5 yes_ask=6 no_bid=94 no_ask=95 book_ready=True position=False pending=False dry_run=False trust=synced run_id=7437f39b-1eb3-49f7-8cd4-ad295ef23ee6
2026-05-07 23:09:12,045 | INFO | Mushroom v28 BTC REST fallback refreshed stale tick | previous_age_ms=3016.0 threshold_ms=3000.0 source=coinbase_spot_rest
2026-05-07 23:09:15,670 | INFO | Mushroom v28 BTC REST fallback refreshed stale tick | previous_age_ms=3047.0 threshold_ms=3000.0 source=coinbase_spot_rest
2026-05-07 23:09:19,448 | INFO | Mushroom v28 BTC REST fallback refreshed stale tick | previous_age_ms=3063.0 threshold_ms=3000.0 source=coinbase_spot_rest
2026-05-07 23:09:22,976 | INFO | Mushroom v28 BTC REST fallback refreshed stale tick | previous_age_ms=3047.0 threshold_ms=3000.0 source=coinbase_spot_rest
2026-05-07 23:09:24,241 | INFO | Heartbeat | watch=KXBTC15M-26MAY072315-15 yes_bid=5 yes_ask=5 no_bid=95 no_ask=95 book_ready=True position=False pending=False dry_run=False trust=synced run_id=7437f39b-1eb3-49f7-8cd4-ad295ef23ee6
2026-05-07 23:09:26,650 | INFO | Mushroom v28 BTC REST fallback refreshed stale tick | previous_age_ms=3109.0 threshold_ms=3000.0 source=coinbase_spot_rest
2026-05-07 23:09:30,163 | INFO | Mushroom v28 BTC REST fallback refreshed stale tick | previous_age_ms=3032.0 threshold_ms=3000.0 source=coinbase_spot_rest
2026-05-07 23:09:33,725 | INFO | Mushroom v28 BTC REST fallback refreshed stale tick | previous_age_ms=3047.0 threshold_ms=3000.0 source=coinbase_spot_rest
2026-05-07 23:09:37,298 | INFO | Mushroom v28 BTC REST fallback refreshed stale tick | previous_age_ms=3046.0 threshold_ms=3000.0 source=coinbase_spot_rest
2026-05-07 23:09:39,285 | INFO | Heartbeat | watch=KXBTC15M-26MAY072315-15 yes_bid=4 yes_ask=5 no_bid=95 no_ask=96 book_ready=True position=False pending=False dry_run=False trust=synced run_id=7437f39b-1eb3-49f7-8cd4-ad295ef23ee6
2026-05-07 23:09:40,939 | INFO | Mushroom v28 BTC REST fallback refreshed stale tick | previous_age_ms=3047.0 threshold_ms=3000.0 source=coinbase_spot_rest
2026-05-07 23:09:44,449 | INFO | Mushroom v28 BTC REST fallback refreshed stale tick | previous_age_ms=3015.0 threshold_ms=3000.0 source=coinbase_spot_rest
2026-05-07 23:09:48,158 | INFO | Mushroom v28 BTC REST fallback refreshed stale tick | previous_age_ms=3032.0 threshold_ms=3000.0 source=coinbase_spot_rest
2026-05-07 23:09:51,654 | INFO | Mushroom v28 BTC REST fallback refreshed stale tick | previous_age_ms=3016.0 threshold_ms=3000.0 source=coinbase_spot_rest
2026-05-07 23:09:54,326 | INFO | Heartbeat | watch=KXBTC15M-26MAY072315-15 yes_bid=4 yes_ask=5 no_bid=95 no_ask=96 book_ready=True position=False pending=False dry_run=False trust=synced run_id=7437f39b-1eb3-49f7-8cd4-ad295ef23ee6
2026-05-07 23:09:55,255 | INFO | Mushroom v28 BTC REST fallback refreshed stale tick | previous_age_ms=3047.0 threshold_ms=3000.0 source=coinbase_spot_rest
2026-05-07 23:09:58,791 | INFO | Mushroom v28 BTC REST fallback refreshed stale tick | previous_age_ms=3047.0 threshold_ms=3000.0 source=coinbase_spot_rest
2026-05-07 23:10:02,330 | INFO | Mushroom v28 BTC REST fallback refreshed stale tick | previous_age_ms=3063.0 threshold_ms=3000.0 source=coinbase_spot_rest
2026-05-07 23:10:05,868 | INFO | Mushroom v28 BTC REST fallback refreshed stale tick | previous_age_ms=3016.0 threshold_ms=3000.0 source=coinbase_spot_rest
2026-05-07 23:10:09,387 | INFO | Mushroom v28 BTC REST fallback refreshed stale tick | previous_age_ms=3016.0 threshold_ms=3000.0 source=coinbase_spot_rest
2026-05-07 23:10:09,397 | INFO | Heartbeat | watch=KXBTC15M-26MAY072315-15 yes_bid=7 yes_ask=7 no_bid=93 no_ask=93 book_ready=True position=False pending=False dry_run=False trust=synced run_id=7437f39b-1eb3-49f7-8cd4-ad295ef23ee6
2026-05-07 23:10:12,925 | INFO | Mushroom v28 BTC REST fallback refreshed stale tick | previous_age_ms=3031.0 threshold_ms=3000.0 source=coinbase_spot_rest
2026-05-07 23:10:16,495 | INFO | Mushroom v28 BTC REST fallback refreshed stale tick | previous_age_ms=3031.0 threshold_ms=3000.0 source=coinbase_spot_rest
2026-05-07 23:10:20,093 | INFO | Mushroom v28 BTC REST fallback refreshed stale tick | previous_age_ms=3031.0 threshold_ms=3000.0 source=coinbase_spot_rest
2026-05-07 23:10:23,577 | INFO | Mushroom v28 BTC REST fallback refreshed stale tick | previous_age_ms=3016.0 threshold_ms=3000.0 source=coinbase_spot_rest
2026-05-07 23:10:24,411 | INFO | Heartbeat | watch=KXBTC15M-26MAY072315-15 yes_bid=16 yes_ask=17 no_bid=83 no_ask=84 book_ready=True position=False pending=False dry_run=False trust=synced run_id=7437f39b-1eb3-49f7-8cd4-ad295ef23ee6
2026-05-07 23:10:27,210 | INFO | Mushroom v28 BTC REST fallback refreshed stale tick | previous_age_ms=3047.0 threshold_ms=3000.0 source=coinbase_spot_rest
2026-05-07 23:10:30,746 | INFO | Mushroom v28 BTC REST fallback refreshed stale tick | previous_age_ms=3031.0 threshold_ms=3000.0 source=coinbase_spot_rest
2026-05-07 23:10:34,275 | INFO | Mushroom v28 BTC REST fallback refreshed stale tick | previous_age_ms=3047.0 threshold_ms=3000.0 source=coinbase_spot_rest
2026-05-07 23:10:37,857 | INFO | Mushroom v28 BTC REST fallback refreshed stale tick | previous_age_ms=3032.0 threshold_ms=3000.0 source=coinbase_spot_rest
2026-05-07 23:10:39,454 | INFO | Heartbeat | watch=KXBTC15M-26MAY072315-15 yes_bid=20 yes_ask=21 no_bid=79 no_ask=80 book_ready=True position=False pending=False dry_run=False trust=synced run_id=7437f39b-1eb3-49f7-8cd4-ad295ef23ee6
2026-05-07 23:10:41,363 | INFO | Mushroom v28 BTC REST fallback refreshed stale tick | previous_age_ms=3031.0 threshold_ms=3000.0 source=coinbase_spot_rest
2026-05-07 23:10:44,840 | INFO | Mushroom v28 BTC REST fallback refreshed stale tick | previous_age_ms=3015.0 threshold_ms=3000.0 source=coinbase_spot_rest
2026-05-07 23:10:48,497 | INFO | Mushroom v28 BTC REST fallback refreshed stale tick | previous_age_ms=3047.0 threshold_ms=3000.0 source=coinbase_spot_rest
2026-05-07 23:10:52,032 | INFO | Mushroom v28 BTC REST fallback refreshed stale tick | previous_age_ms=3047.0 threshold_ms=3000.0 source=coinbase_spot_rest
2026-05-07 23:10:54,489 | INFO | Heartbeat | watch=KXBTC15M-26MAY072315-15 yes_bid=27 yes_ask=28 no_bid=72 no_ask=73 book_ready=True position=False pending=False dry_run=False trust=synced run_id=7437f39b-1eb3-49f7-8cd4-ad295ef23ee6
2026-05-07 23:10:55,576 | INFO | Mushroom v28 BTC REST fallback refreshed stale tick | previous_age_ms=3032.0 threshold_ms=3000.0 source=coinbase_spot_rest
2026-05-07 23:10:59,097 | INFO | Mushroom v28 BTC REST fallback refreshed stale tick | previous_age_ms=3016.0 threshold_ms=3000.0 source=coinbase_spot_rest
2026-05-07 23:11:02,614 | INFO | Mushroom v28 BTC REST fallback refreshed stale tick | previous_age_ms=3047.0 threshold_ms=3000.0 source=coinbase_spot_rest
2026-05-07 23:11:06,118 | INFO | Mushroom v28 BTC REST fallback refreshed stale tick | previous_age_ms=3015.0 threshold_ms=3000.0 source=coinbase_spot_rest
2026-05-07 23:11:09,848 | INFO | Mushroom v28 BTC REST fallback refreshed stale tick | previous_age_ms=3031.0 threshold_ms=3000.0 source=coinbase_spot_rest
2026-05-07 23:11:09,859 | INFO | Heartbeat | watch=KXBTC15M-26MAY072315-15 yes_bid=27 yes_ask=28 no_bid=72 no_ask=73 book_ready=True position=False pending=False dry_run=False trust=synced run_id=7437f39b-1eb3-49f7-8cd4-ad295ef23ee6
2026-05-07 23:11:13,348 | INFO | Mushroom v28 BTC REST fallback refreshed stale tick | previous_age_ms=3015.0 threshold_ms=3000.0 source=coinbase_spot_rest
2026-05-07 23:11:17,152 | INFO | Mushroom v28 BTC REST fallback refreshed stale tick | previous_age_ms=3047.0 threshold_ms=3000.0 source=coinbase_spot_rest
2026-05-07 23:11:20,709 | INFO | Mushroom v28 BTC REST fallback refreshed stale tick | previous_age_ms=3094.0 threshold_ms=3000.0 source=coinbase_spot_rest
2026-05-07 23:11:24,290 | INFO | Mushroom v28 BTC REST fallback refreshed stale tick | previous_age_ms=3047.0 threshold_ms=3000.0 source=coinbase_spot_rest
2026-05-07 23:11:24,892 | INFO | Heartbeat | watch=KXBTC15M-26MAY072315-15 yes_bid=12 yes_ask=13 no_bid=87 no_ask=88 book_ready=True position=False pending=False dry_run=False trust=synced run_id=7437f39b-1eb3-49f7-8cd4-ad295ef23ee6
2026-05-07 23:11:27,877 | INFO | Mushroom v28 BTC REST fallback refreshed stale tick | previous_age_ms=3063.0 threshold_ms=3000.0 source=coinbase_spot_rest
2026-05-07 23:11:31,411 | INFO | Mushroom v28 BTC REST fallback refreshed stale tick | previous_age_ms=3031.0 threshold_ms=3000.0 source=coinbase_spot_rest
2026-05-07 23:11:34,946 | INFO | Mushroom v28 BTC REST fallback refreshed stale tick | previous_age_ms=3016.0 threshold_ms=3000.0 source=coinbase_spot_rest
2026-05-07 23:11:38,496 | INFO | Mushroom v28 BTC REST fallback refreshed stale tick | previous_age_ms=3016.0 threshold_ms=3000.0 source=coinbase_spot_rest
2026-05-07 23:11:39,930 | INFO | Heartbeat | watch=KXBTC15M-26MAY072315-15 yes_bid=20 yes_ask=21 no_bid=79 no_ask=80 book_ready=True position=False pending=False dry_run=False trust=synced run_id=7437f39b-1eb3-49f7-8cd4-ad295ef23ee6
2026-05-07 23:11:42,017 | INFO | Mushroom v28 BTC REST fallback refreshed stale tick | previous_age_ms=3015.0 threshold_ms=3000.0 source=coinbase_spot_rest
2026-05-07 23:11:45,656 | INFO | Mushroom v28 BTC REST fallback refreshed stale tick | previous_age_ms=3031.0 threshold_ms=3000.0 source=coinbase_spot_rest
2026-05-07 23:11:49,212 | INFO | Mushroom v28 BTC REST fallback refreshed stale tick | previous_age_ms=3047.0 threshold_ms=3000.0 source=coinbase_spot_rest
2026-05-07 23:11:52,768 | INFO | Mushroom v28 BTC REST fallback refreshed stale tick | previous_age_ms=3078.0 threshold_ms=3000.0 source=coinbase_spot_rest
2026-05-07 23:11:54,987 | INFO | Heartbeat | watch=KXBTC15M-26MAY072315-15 yes_bid=18 yes_ask=20 no_bid=80 no_ask=82 book_ready=True position=False pending=False dry_run=False trust=synced run_id=7437f39b-1eb3-49f7-8cd4-ad295ef23ee6
2026-05-07 23:11:56,269 | INFO | Mushroom v28 BTC REST fallback refreshed stale tick | previous_age_ms=3015.0 threshold_ms=3000.0 source=coinbase_spot_rest
2026-05-07 23:11:59,806 | INFO | Mushroom v28 BTC REST fallback refreshed stale tick | previous_age_ms=3015.0 threshold_ms=3000.0 source=coinbase_spot_rest
2026-05-07 23:12:03,413 | INFO | Mushroom v28 BTC REST fallback refreshed stale tick | previous_age_ms=3047.0 threshold_ms=3000.0 source=coinbase_spot_rest
2026-05-07 23:12:06,940 | INFO | Mushroom v28 BTC REST fallback refreshed stale tick | previous_age_ms=3016.0 threshold_ms=3000.0 source=coinbase_spot_rest
2026-05-07 23:12:10,577 | INFO | Mushroom v28 BTC REST fallback refreshed stale tick | previous_age_ms=3015.0 threshold_ms=3000.0 source=coinbase_spot_rest
2026-05-07 23:12:10,587 | INFO | Heartbeat | watch=KXBTC15M-26MAY072315-15 yes_bid=10 yes_ask=10 no_bid=90 no_ask=90 book_ready=True position=False pending=False dry_run=False trust=synced run_id=7437f39b-1eb3-49f7-8cd4-ad295ef23ee6
2026-05-07 23:12:14,116 | INFO | Mushroom v28 BTC REST fallback refreshed stale tick | previous_age_ms=3047.0 threshold_ms=3000.0 source=coinbase_spot_rest
2026-05-07 23:12:17,747 | INFO | Mushroom v28 BTC REST fallback refreshed stale tick | previous_age_ms=3047.0 threshold_ms=3000.0 source=coinbase_spot_rest
2026-05-07 23:12:21,290 | INFO | Mushroom v28 BTC REST fallback refreshed stale tick | previous_age_ms=3031.0 threshold_ms=3000.0 source=coinbase_spot_rest
2026-05-07 23:12:24,939 | INFO | Mushroom v28 BTC REST fallback refreshed stale tick | previous_age_ms=3032.0 threshold_ms=3000.0 source=coinbase_spot_rest
2026-05-07 23:12:25,624 | INFO | Heartbeat | watch=KXBTC15M-26MAY072315-15 yes_bid=5 yes_ask=5 no_bid=95 no_ask=95 book_ready=True position=False pending=False dry_run=False trust=synced run_id=7437f39b-1eb3-49f7-8cd4-ad295ef23ee6
2026-05-07 23:12:28,514 | INFO | Mushroom v28 BTC REST fallback refreshed stale tick | previous_age_ms=3031.0 threshold_ms=3000.0 source=coinbase_spot_rest
2026-05-07 23:12:32,236 | INFO | Mushroom v28 BTC REST fallback refreshed stale tick | previous_age_ms=3015.0 threshold_ms=3000.0 source=coinbase_spot_rest
2026-05-07 23:12:35,779 | INFO | Mushroom v28 BTC REST fallback refreshed stale tick | previous_age_ms=3062.0 threshold_ms=3000.0 source=coinbase_spot_rest
2026-05-07 23:12:39,462 | INFO | Mushroom v28 BTC REST fallback refreshed stale tick | previous_age_ms=3032.0 threshold_ms=3000.0 source=coinbase_spot_rest
2026-05-07 23:12:40,615 | INFO | Heartbeat | watch=KXBTC15M-26MAY072315-15 yes_bid=10 yes_ask=11 no_bid=89 no_ask=90 book_ready=True position=False pending=False dry_run=False trust=synced run_id=7437f39b-1eb3-49f7-8cd4-ad295ef23ee6
2026-05-07 23:12:42,984 | INFO | Mushroom v28 BTC REST fallback refreshed stale tick | previous_age_ms=3016.0 threshold_ms=3000.0 source=coinbase_spot_rest
2026-05-07 23:12:46,588 | INFO | Mushroom v28 BTC REST fallback refreshed stale tick | previous_age_ms=3062.0 threshold_ms=3000.0 source=coinbase_spot_rest
2026-05-07 23:12:50,097 | INFO | Mushroom v28 BTC REST fallback refreshed stale tick | previous_age_ms=3047.0 threshold_ms=3000.0 source=coinbase_spot_rest
2026-05-07 23:12:53,580 | INFO | Mushroom v28 BTC REST fallback refreshed stale tick | previous_age_ms=3031.0 threshold_ms=3000.0 source=coinbase_spot_rest
2026-05-07 23:12:55,690 | INFO | Heartbeat | watch=KXBTC15M-26MAY072315-15 yes_bid=18 yes_ask=19 no_bid=81 no_ask=82 book_ready=True position=False pending=False dry_run=False trust=synced run_id=7437f39b-1eb3-49f7-8cd4-ad295ef23ee6
2026-05-07 23:12:57,084 | INFO | Mushroom v28 BTC REST fallback refreshed stale tick | previous_age_ms=3032.0 threshold_ms=3000.0 source=coinbase_spot_rest
2026-05-07 23:13:00,638 | INFO | Mushroom v28 BTC REST fallback refreshed stale tick | previous_age_ms=3062.0 threshold_ms=3000.0 source=coinbase_spot_rest
2026-05-07 23:13:04,325 | INFO | Mushroom v28 BTC REST fallback refreshed stale tick | previous_age_ms=3015.0 threshold_ms=3000.0 source=coinbase_spot_rest
2026-05-07 23:13:07,846 | INFO | Mushroom v28 BTC REST fallback refreshed stale tick | previous_age_ms=3032.0 threshold_ms=3000.0 source=coinbase_spot_rest
2026-05-07 23:13:10,726 | INFO | Heartbeat | watch=KXBTC15M-26MAY072315-15 yes_bid=17 yes_ask=18 no_bid=82 no_ask=83 book_ready=True position=False pending=False dry_run=False trust=synced run_id=7437f39b-1eb3-49f7-8cd4-ad295ef23ee6
2026-05-07 23:13:11,497 | INFO | Mushroom v28 BTC REST fallback refreshed stale tick | previous_age_ms=3047.0 threshold_ms=3000.0 source=coinbase_spot_rest
2026-05-07 23:13:15,071 | INFO | Mushroom v28 BTC REST fallback refreshed stale tick | previous_age_ms=3047.0 threshold_ms=3000.0 source=coinbase_spot_rest
2026-05-07 23:13:18,621 | INFO | Mushroom v28 BTC REST fallback refreshed stale tick | previous_age_ms=3047.0 threshold_ms=3000.0 source=coinbase_spot_rest
2026-05-07 23:13:22,170 | INFO | Mushroom v28 BTC REST fallback refreshed stale tick | previous_age_ms=3031.0 threshold_ms=3000.0 source=coinbase_spot_rest
2026-05-07 23:13:25,705 | INFO | Mushroom v28 BTC REST fallback refreshed stale tick | previous_age_ms=3016.0 threshold_ms=3000.0 source=coinbase_spot_rest
2026-05-07 23:13:25,811 | INFO | Heartbeat | watch=KXBTC15M-26MAY072315-15 yes_bid=29 yes_ask=30 no_bid=70 no_ask=71 book_ready=True position=False pending=False dry_run=False trust=synced run_id=7437f39b-1eb3-49f7-8cd4-ad295ef23ee6
2026-05-07 23:13:29,260 | INFO | Mushroom v28 BTC REST fallback refreshed stale tick | previous_age_ms=3063.0 threshold_ms=3000.0 source=coinbase_spot_rest
2026-05-07 23:13:32,869 | INFO | Mushroom v28 BTC REST fallback refreshed stale tick | previous_age_ms=3016.0 threshold_ms=3000.0 source=coinbase_spot_rest
2026-05-07 23:13:36,641 | INFO | Mushroom v28 BTC REST fallback refreshed stale tick | previous_age_ms=3016.0 threshold_ms=3000.0 source=coinbase_spot_rest
2026-05-07 23:13:40,249 | INFO | Mushroom v28 BTC REST fallback refreshed stale tick | previous_age_ms=3031.0 threshold_ms=3000.0 source=coinbase_spot_rest
2026-05-07 23:13:40,830 | INFO | Heartbeat | watch=KXBTC15M-26MAY072315-15 yes_bid=38 yes_ask=39 no_bid=61 no_ask=62 book_ready=True position=False pending=False dry_run=False trust=synced run_id=7437f39b-1eb3-49f7-8cd4-ad295ef23ee6
2026-05-07 23:13:43,778 | INFO | Mushroom v28 BTC REST fallback refreshed stale tick | previous_age_ms=3047.0 threshold_ms=3000.0 source=coinbase_spot_rest
2026-05-07 23:13:47,450 | INFO | Mushroom v28 BTC REST fallback refreshed stale tick | previous_age_ms=3015.0 threshold_ms=3000.0 source=coinbase_spot_rest
2026-05-07 23:13:51,025 | INFO | Mushroom v28 BTC REST fallback refreshed stale tick | previous_age_ms=3047.0 threshold_ms=3000.0 source=coinbase_spot_rest
2026-05-07 23:13:54,540 | INFO | Mushroom v28 BTC REST fallback refreshed stale tick | previous_age_ms=3015.0 threshold_ms=3000.0 source=coinbase_spot_rest
2026-05-07 23:13:55,862 | INFO | Heartbeat | watch=KXBTC15M-26MAY072315-15 yes_bid=7 yes_ask=7 no_bid=93 no_ask=93 book_ready=True position=False pending=False dry_run=False trust=synced run_id=7437f39b-1eb3-49f7-8cd4-ad295ef23ee6
2026-05-07 23:13:58,044 | INFO | Mushroom v28 BTC REST fallback refreshed stale tick | previous_age_ms=3047.0 threshold_ms=3000.0 source=coinbase_spot_rest
2026-05-07 23:14:01,655 | INFO | Mushroom v28 BTC REST fallback refreshed stale tick | previous_age_ms=3031.0 threshold_ms=3000.0 source=coinbase_spot_rest
2026-05-07 23:14:05,186 | INFO | Mushroom v28 BTC REST fallback refreshed stale tick | previous_age_ms=3032.0 threshold_ms=3000.0 source=coinbase_spot_rest
2026-05-07 23:14:08,735 | INFO | Mushroom v28 BTC REST fallback refreshed stale tick | previous_age_ms=3015.0 threshold_ms=3000.0 source=coinbase_spot_rest
2026-05-07 23:14:10,897 | INFO | Heartbeat | watch=KXBTC15M-26MAY072315-15 yes_bid=2 yes_ask=3 no_bid=97 no_ask=98 book_ready=True position=False pending=False dry_run=False trust=synced run_id=7437f39b-1eb3-49f7-8cd4-ad295ef23ee6
2026-05-07 23:14:12,291 | INFO | Mushroom v28 BTC REST fallback refreshed stale tick | previous_age_ms=3046.0 threshold_ms=3000.0 source=coinbase_spot_rest
2026-05-07 23:14:15,859 | INFO | Mushroom v28 BTC REST fallback refreshed stale tick | previous_age_ms=3047.0 threshold_ms=3000.0 source=coinbase_spot_rest
2026-05-07 23:14:19,417 | INFO | Mushroom v28 BTC REST fallback refreshed stale tick | previous_age_ms=3046.0 threshold_ms=3000.0 source=coinbase_spot_rest
2026-05-07 23:14:22,966 | INFO | Mushroom v28 BTC REST fallback refreshed stale tick | previous_age_ms=3047.0 threshold_ms=3000.0 source=coinbase_spot_rest
2026-05-07 23:14:25,934 | INFO | Heartbeat | watch=KXBTC15M-26MAY072315-15 yes_bid=1 yes_ask=2 no_bid=98 no_ask=99 book_ready=True position=False pending=False dry_run=False trust=synced run_id=7437f39b-1eb3-49f7-8cd4-ad295ef23ee6
2026-05-07 23:14:26,484 | INFO | Mushroom v28 BTC REST fallback refreshed stale tick | previous_age_ms=3016.0 threshold_ms=3000.0 source=coinbase_spot_rest
2026-05-07 23:14:30,046 | INFO | Mushroom v28 BTC REST fallback refreshed stale tick | previous_age_ms=3046.0 threshold_ms=3000.0 source=coinbase_spot_rest
2026-05-07 23:14:33,648 | INFO | Mushroom v28 BTC REST fallback refreshed stale tick | previous_age_ms=3016.0 threshold_ms=3000.0 source=coinbase_spot_rest
2026-05-07 23:14:37,232 | INFO | Mushroom v28 BTC REST fallback refreshed stale tick | previous_age_ms=3016.0 threshold_ms=3000.0 source=coinbase_spot_rest
2026-05-07 23:14:40,901 | INFO | Mushroom v28 BTC REST fallback refreshed stale tick | previous_age_ms=3015.0 threshold_ms=3000.0 source=coinbase_spot_rest
2026-05-07 23:14:41,030 | INFO | Heartbeat | watch=KXBTC15M-26MAY072315-15 yes_bid=0 yes_ask=0 no_bid=100 no_ask=100 book_ready=True position=False pending=False dry_run=False trust=synced run_id=7437f39b-1eb3-49f7-8cd4-ad295ef23ee6
2026-05-07 23:14:44,428 | INFO | Mushroom v28 BTC REST fallback refreshed stale tick | previous_age_ms=3032.0 threshold_ms=3000.0 source=coinbase_spot_rest
2026-05-07 23:14:47,947 | INFO | Mushroom v28 BTC REST fallback refreshed stale tick | previous_age_ms=3031.0 threshold_ms=3000.0 source=coinbase_spot_rest
2026-05-07 23:14:51,482 | INFO | Mushroom v28 BTC REST fallback refreshed stale tick | previous_age_ms=3032.0 threshold_ms=3000.0 source=coinbase_spot_rest
2026-05-07 23:14:54,984 | INFO | Mushroom v28 BTC REST fallback refreshed stale tick | previous_age_ms=3015.0 threshold_ms=3000.0 source=coinbase_spot_rest
2026-05-07 23:14:56,101 | INFO | Heartbeat | watch=KXBTC15M-26MAY072315-15 yes_bid=0 yes_ask=0 no_bid=100 no_ask=100 book_ready=True position=False pending=False dry_run=False trust=synced run_id=7437f39b-1eb3-49f7-8cd4-ad295ef23ee6
2026-05-07 23:14:58,507 | INFO | Mushroom v28 BTC REST fallback refreshed stale tick | previous_age_ms=3046.0 threshold_ms=3000.0 source=coinbase_spot_rest
2026-05-07 23:15:02,137 | INFO | Mushroom v28 BTC REST fallback refreshed stale tick | previous_age_ms=3047.0 threshold_ms=3000.0 source=coinbase_spot_rest
2026-05-07 23:15:05,644 | INFO | Mushroom v28 BTC REST fallback refreshed stale tick | previous_age_ms=3031.0 threshold_ms=3000.0 source=coinbase_spot_rest
2026-05-07 23:15:06,887 | INFO | Orderbook snapshot ready for KXBTC15M-26MAY072315-15
2026-05-07 23:15:09,167 | INFO | Mushroom v28 BTC REST fallback refreshed stale tick | previous_age_ms=3031.0 threshold_ms=3000.0 source=coinbase_spot_rest
2026-05-07 23:15:11,102 | INFO | Heartbeat | watch=KXBTC15M-26MAY072315-15 yes_bid=0 yes_ask=100 no_bid=0 no_ask=100 book_ready=True position=False pending=False dry_run=False trust=synced run_id=7437f39b-1eb3-49f7-8cd4-ad295ef23ee6
2026-05-07 23:15:12,727 | INFO | Mushroom v28 BTC REST fallback refreshed stale tick | previous_age_ms=3047.0 threshold_ms=3000.0 source=coinbase_spot_rest
2026-05-07 23:15:16,272 | INFO | Mushroom v28 BTC REST fallback refreshed stale tick | previous_age_ms=3031.0 threshold_ms=3000.0 source=coinbase_spot_rest
2026-05-07 23:15:16,397 | INFO | Watching market KXBTC15M-26MAY072330-30 close_time=2026-05-08T03:30:00Z status=active strike=79448.05 run_id=7437f39b-1eb3-49f7-8cd4-ad295ef23ee6
2026-05-07 23:15:16,719 | INFO | WS connected for KXBTC15M-26MAY072330-30
2026-05-07 23:15:16,759 | INFO | WS subscribed payload: {'type': 'subscribed', 'id': 2, 'msg': {'channel': 'ticker', 'sid': 1}}
2026-05-07 23:15:16,759 | INFO | WS subscribed payload: {'type': 'subscribed', 'id': 2, 'msg': {'channel': 'orderbook_delta', 'sid': 2}}
2026-05-07 23:15:16,759 | INFO | Orderbook snapshot ready for KXBTC15M-26MAY072330-30
2026-05-07 23:15:16,770 | INFO | Mushroom v28 entry approved | market=KXBTC15M-26MAY072330-30 side=yes ask=60c max_buy=84c qty=1 p_side=0.9013 edge=26.131c depth=114.81 btc_age_ms=500.0 secs_to_close=883.23
2026-05-07 23:15:16,784 | INFO | Execution state | market=KXBTC15M-26MAY072330-30 side=yes state=eligible reason=pre_filters_disabled trust=synced run_id=7437f39b-1eb3-49f7-8cd4-ad295ef23ee6
2026-05-07 23:15:16,784 | INFO | Live fill policy approved | market=KXBTC15M-26MAY072330-30 side=yes trigger=60c tif=immediate_or_cancel limit=60c depth=114.81 required=2 book_age_ms=0.0 secs_to_close=883.23 reason=single_shot_abundant_depth
2026-05-07 23:15:16,784 | INFO | ENTRY signal | market=KXBTC15M-26MAY072330-30 action=buy side=yes trigger=60c limit=60c qty=1 book_ready=True
2026-05-07 23:15:16,784 | INFO | Execution state | market=KXBTC15M-26MAY072330-30 side=yes state=submitting reason=single_shot_abundant_depth trust=synced run_id=7437f39b-1eb3-49f7-8cd4-ad295ef23ee6
2026-05-07 23:15:16,829 | INFO | ENTRY immediate fill | market=KXBTC15M-26MAY072330-30 side=yes qty=1 limit=60c
2026-05-07 23:15:16,833 | INFO | Execution state | market=KXBTC15M-26MAY072330-30 side=yes state=filled reason=single_shot_abundant_depth trust=synced run_id=7437f39b-1eb3-49f7-8cd4-ad295ef23ee6
2026-05-07 23:15:20,233 | INFO | Mushroom v28 BTC REST fallback refreshed stale tick | previous_age_ms=3047.0 threshold_ms=3000.0 source=coinbase_spot_rest
2026-05-07 23:15:24,193 | INFO | Mushroom v28 BTC REST fallback refreshed stale tick | previous_age_ms=3062.0 threshold_ms=3000.0 source=coinbase_spot_rest
2026-05-07 23:15:26,105 | INFO | Heartbeat | watch=KXBTC15M-26MAY072330-30 yes_bid=64 yes_ask=65 no_bid=35 no_ask=36 book_ready=True position=True pending=False dry_run=False trust=synced run_id=7437f39b-1eb3-49f7-8cd4-ad295ef23ee6
2026-05-07 23:15:27,906 | INFO | Mushroom v28 BTC REST fallback refreshed stale tick | previous_age_ms=3016.0 threshold_ms=3000.0 source=coinbase_spot_rest
2026-05-07 23:15:31,917 | INFO | Mushroom v28 BTC REST fallback refreshed stale tick | previous_age_ms=3063.0 threshold_ms=3000.0 source=coinbase_spot_rest
2026-05-07 23:15:35,809 | INFO | Mushroom v28 BTC REST fallback refreshed stale tick | previous_age_ms=3063.0 threshold_ms=3000.0 source=coinbase_spot_rest
2026-05-07 23:15:39,732 | INFO | Mushroom v28 BTC REST fallback refreshed stale tick | previous_age_ms=3047.0 threshold_ms=3000.0 source=coinbase_spot_rest
2026-05-07 23:15:41,147 | INFO | Heartbeat | watch=KXBTC15M-26MAY072330-30 yes_bid=63 yes_ask=64 no_bid=36 no_ask=37 book_ready=True position=True pending=False dry_run=False trust=synced run_id=7437f39b-1eb3-49f7-8cd4-ad295ef23ee6
2026-05-07 23:15:43,549 | INFO | Mushroom v28 BTC REST fallback refreshed stale tick | previous_age_ms=3031.0 threshold_ms=3000.0 source=coinbase_spot_rest
2026-05-07 23:15:47,421 | INFO | Mushroom v28 BTC REST fallback refreshed stale tick | previous_age_ms=3031.0 threshold_ms=3000.0 source=coinbase_spot_rest
2026-05-07 23:15:47,969 | INFO | EXIT signal | market=KXBTC15M-26MAY072330-30 action=sell side=yes trigger=69c limit=69c qty=1 book_ready=True mode=single_shot_ioc slices=1 attempt=0
2026-05-07 23:15:47,980 | INFO | Latency | purpose=exit feed_age_ms=325.6 local_reaction_ms=219.0 trigger_seen_at=2026-05-08T03:15:47.980463+00:00 market_msg_time=2026-05-08T03:15:47.654824Z
2026-05-07 23:15:47,982 | INFO | Exit plan approved | market=KXBTC15M-26MAY072330-30 side=yes trigger=69c limit=69c top_bid=69 depth=1121.06 required=1 book_age_ms=0.0 secs_to_close=852.24 reason=mushroom_v28_exit_value_over_hold_single_shot_visible_depth mode=single_shot_ioc attempt=0
2026-05-07 23:15:48,037 | INFO | EXIT fill | market=KXBTC15M-26MAY072330-30 side=yes slice=1/1 qty=1 cumulative=1/1 remaining=0
2026-05-07 23:15:51,315 | INFO | Mushroom v28 BTC REST fallback refreshed stale tick | previous_age_ms=3063.0 threshold_ms=3000.0 source=coinbase_spot_rest
2026-05-07 23:15:55,020 | INFO | Mushroom v28 BTC REST fallback refreshed stale tick | previous_age_ms=3015.0 threshold_ms=3000.0 source=coinbase_spot_rest
2026-05-07 23:15:56,164 | INFO | Heartbeat | watch=KXBTC15M-26MAY072330-30 yes_bid=68 yes_ask=69 no_bid=31 no_ask=32 book_ready=True position=False pending=False dry_run=False trust=synced run_id=7437f39b-1eb3-49f7-8cd4-ad295ef23ee6
2026-05-07 23:15:59,030 | INFO | Mushroom v28 BTC REST fallback refreshed stale tick | previous_age_ms=3047.0 threshold_ms=3000.0 source=coinbase_spot_rest
2026-05-07 23:16:02,902 | INFO | Mushroom v28 BTC REST fallback refreshed stale tick | previous_age_ms=3047.0 threshold_ms=3000.0 source=coinbase_spot_rest
2026-05-07 23:16:06,850 | INFO | Mushroom v28 BTC REST fallback refreshed stale tick | previous_age_ms=3016.0 threshold_ms=3000.0 source=coinbase_spot_rest
2026-05-07 23:16:10,737 | INFO | Mushroom v28 BTC REST fallback refreshed stale tick | previous_age_ms=3031.0 threshold_ms=3000.0 source=coinbase_spot_rest
2026-05-07 23:16:11,163 | INFO | Heartbeat | watch=KXBTC15M-26MAY072330-30 yes_bid=69 yes_ask=70 no_bid=30 no_ask=31 book_ready=True position=False pending=False dry_run=False trust=synced run_id=7437f39b-1eb3-49f7-8cd4-ad295ef23ee6
2026-05-07 23:16:14,812 | INFO | Mushroom v28 BTC REST fallback refreshed stale tick | previous_age_ms=3031.0 threshold_ms=3000.0 source=coinbase_spot_rest
2026-05-07 23:16:18,550 | INFO | Mushroom v28 BTC REST fallback refreshed stale tick | previous_age_ms=3015.0 threshold_ms=3000.0 source=coinbase_spot_rest
2026-05-07 23:16:22,336 | INFO | Mushroom v28 BTC REST fallback refreshed stale tick | previous_age_ms=3031.0 threshold_ms=3000.0 source=coinbase_spot_rest
2026-05-07 23:16:26,188 | INFO | Mushroom v28 BTC REST fallback refreshed stale tick | previous_age_ms=3016.0 threshold_ms=3000.0 source=coinbase_spot_rest
2026-05-07 23:16:26,197 | INFO | Heartbeat | watch=KXBTC15M-26MAY072330-30 yes_bid=74 yes_ask=75 no_bid=25 no_ask=26 book_ready=True position=False pending=False dry_run=False trust=synced run_id=7437f39b-1eb3-49f7-8cd4-ad295ef23ee6
2026-05-07 23:16:29,971 | INFO | Mushroom v28 BTC REST fallback refreshed stale tick | previous_age_ms=3062.0 threshold_ms=3000.0 source=coinbase_spot_rest
2026-05-07 23:16:33,764 | INFO | Mushroom v28 BTC REST fallback refreshed stale tick | previous_age_ms=3047.0 threshold_ms=3000.0 source=coinbase_spot_rest
2026-05-07 23:16:38,073 | INFO | Mushroom v28 BTC REST fallback refreshed stale tick | previous_age_ms=3031.0 threshold_ms=3000.0 source=coinbase_spot_rest
2026-05-07 23:16:41,836 | INFO | Mushroom v28 BTC REST fallback refreshed stale tick | previous_age_ms=3016.0 threshold_ms=3000.0 source=coinbase_spot_rest
2026-05-07 23:16:41,844 | INFO | Heartbeat | watch=KXBTC15M-26MAY072330-30 yes_bid=82 yes_ask=83 no_bid=17 no_ask=18 book_ready=True position=False pending=False dry_run=False trust=synced run_id=7437f39b-1eb3-49f7-8cd4-ad295ef23ee6
2026-05-07 23:16:46,009 | INFO | Mushroom v28 BTC REST fallback refreshed stale tick | previous_age_ms=3016.0 threshold_ms=3000.0 source=coinbase_spot_rest
2026-05-07 23:16:50,011 | INFO | Mushroom v28 BTC REST fallback refreshed stale tick | previous_age_ms=3016.0 threshold_ms=3000.0 source=coinbase_spot_rest
2026-05-07 23:16:54,010 | INFO | Mushroom v28 BTC REST fallback refreshed stale tick | previous_age_ms=3062.0 threshold_ms=3000.0 source=coinbase_spot_rest
2026-05-07 23:16:56,857 | INFO | Heartbeat | watch=KXBTC15M-26MAY072330-30 yes_bid=80 yes_ask=81 no_bid=19 no_ask=20 book_ready=True position=False pending=False dry_run=False trust=synced run_id=7437f39b-1eb3-49f7-8cd4-ad295ef23ee6
2026-05-07 23:16:57,965 | INFO | Mushroom v28 BTC REST fallback refreshed stale tick | previous_age_ms=3015.0 threshold_ms=3000.0 source=coinbase_spot_rest
2026-05-07 23:17:01,800 | INFO | Mushroom v28 BTC REST fallback refreshed stale tick | previous_age_ms=3047.0 threshold_ms=3000.0 source=coinbase_spot_rest
2026-05-07 23:17:05,686 | INFO | Mushroom v28 BTC REST fallback refreshed stale tick | previous_age_ms=3031.0 threshold_ms=3000.0 source=coinbase_spot_rest
2026-05-07 23:17:09,359 | INFO | Mushroom v28 BTC REST fallback refreshed stale tick | previous_age_ms=3031.0 threshold_ms=3000.0 source=coinbase_spot_rest
2026-05-07 23:17:11,860 | INFO | Heartbeat | watch=KXBTC15M-26MAY072330-30 yes_bid=80 yes_ask=81 no_bid=19 no_ask=20 book_ready=True position=False pending=False dry_run=False trust=synced run_id=7437f39b-1eb3-49f7-8cd4-ad295ef23ee6
2026-05-07 23:17:13,148 | INFO | Mushroom v28 BTC REST fallback refreshed stale tick | previous_age_ms=3031.0 threshold_ms=3000.0 source=coinbase_spot_rest
2026-05-07 23:17:16,888 | INFO | Mushroom v28 BTC REST fallback refreshed stale tick | previous_age_ms=3047.0 threshold_ms=3000.0 source=coinbase_spot_rest
2026-05-07 23:17:20,738 | INFO | Mushroom v28 BTC REST fallback refreshed stale tick | previous_age_ms=3031.0 threshold_ms=3000.0 source=coinbase_spot_rest
2026-05-07 23:17:24,472 | INFO | Mushroom v28 BTC REST fallback refreshed stale tick | previous_age_ms=3046.0 threshold_ms=3000.0 source=coinbase_spot_rest
2026-05-07 23:17:26,883 | INFO | Heartbeat | watch=KXBTC15M-26MAY072330-30 yes_bid=80 yes_ask=81 no_bid=19 no_ask=20 book_ready=True position=False pending=False dry_run=False trust=synced run_id=7437f39b-1eb3-49f7-8cd4-ad295ef23ee6
2026-05-07 23:17:28,269 | INFO | Mushroom v28 BTC REST fallback refreshed stale tick | previous_age_ms=3062.0 threshold_ms=3000.0 source=coinbase_spot_rest
2026-05-07 23:17:31,986 | INFO | Mushroom v28 BTC REST fallback refreshed stale tick | previous_age_ms=3047.0 threshold_ms=3000.0 source=coinbase_spot_rest
2026-05-07 23:17:35,903 | INFO | Mushroom v28 BTC REST fallback refreshed stale tick | previous_age_ms=3031.0 threshold_ms=3000.0 source=coinbase_spot_rest
2026-05-07 23:17:39,752 | INFO | Mushroom v28 BTC REST fallback refreshed stale tick | previous_age_ms=3016.0 threshold_ms=3000.0 source=coinbase_spot_rest
2026-05-07 23:17:41,922 | INFO | Heartbeat | watch=KXBTC15M-26MAY072330-30 yes_bid=77 yes_ask=79 no_bid=21 no_ask=23 book_ready=True position=False pending=False dry_run=False trust=synced run_id=7437f39b-1eb3-49f7-8cd4-ad295ef23ee6
2026-05-07 23:17:43,908 | INFO | Mushroom v28 BTC REST fallback refreshed stale tick | previous_age_ms=3016.0 threshold_ms=3000.0 source=coinbase_spot_rest
2026-05-07 23:17:47,669 | INFO | Mushroom v28 BTC REST fallback refreshed stale tick | previous_age_ms=3032.0 threshold_ms=3000.0 source=coinbase_spot_rest
2026-05-07 23:17:51,502 | INFO | Mushroom v28 BTC REST fallback refreshed stale tick | previous_age_ms=3016.0 threshold_ms=3000.0 source=coinbase_spot_rest
2026-05-07 23:17:55,243 | INFO | Mushroom v28 BTC REST fallback refreshed stale tick | previous_age_ms=3031.0 threshold_ms=3000.0 source=coinbase_spot_rest
2026-05-07 23:17:56,963 | INFO | Heartbeat | watch=KXBTC15M-26MAY072330-30 yes_bid=76 yes_ask=77 no_bid=23 no_ask=24 book_ready=True position=False pending=False dry_run=False trust=synced run_id=7437f39b-1eb3-49f7-8cd4-ad295ef23ee6
2026-05-07 23:17:58,932 | INFO | Mushroom v28 BTC REST fallback refreshed stale tick | previous_age_ms=3047.0 threshold_ms=3000.0 source=coinbase_spot_rest
2026-05-07 23:18:02,557 | INFO | Mushroom v28 BTC REST fallback refreshed stale tick | previous_age_ms=3015.0 threshold_ms=3000.0 source=coinbase_spot_rest
2026-05-07 23:18:06,239 | INFO | Mushroom v28 BTC REST fallback refreshed stale tick | previous_age_ms=3015.0 threshold_ms=3000.0 source=coinbase_spot_rest
2026-05-07 23:18:10,017 | INFO | Mushroom v28 BTC REST fallback refreshed stale tick | previous_age_ms=3015.0 threshold_ms=3000.0 source=coinbase_spot_rest
2026-05-07 23:18:11,981 | INFO | Heartbeat | watch=KXBTC15M-26MAY072330-30 yes_bid=72 yes_ask=73 no_bid=27 no_ask=28 book_ready=True position=False pending=False dry_run=False trust=synced run_id=7437f39b-1eb3-49f7-8cd4-ad295ef23ee6
2026-05-07 23:18:13,844 | INFO | Mushroom v28 BTC REST fallback refreshed stale tick | previous_age_ms=3015.0 threshold_ms=3000.0 source=coinbase_spot_rest
2026-05-07 23:18:17,507 | INFO | Mushroom v28 BTC REST fallback refreshed stale tick | previous_age_ms=3047.0 threshold_ms=3000.0 source=coinbase_spot_rest
2026-05-07 23:18:21,297 | INFO | Mushroom v28 BTC REST fallback refreshed stale tick | previous_age_ms=3031.0 threshold_ms=3000.0 source=coinbase_spot_rest
2026-05-07 23:18:25,094 | INFO | Mushroom v28 BTC REST fallback refreshed stale tick | previous_age_ms=3031.0 threshold_ms=3000.0 source=coinbase_spot_rest
2026-05-07 23:18:27,002 | INFO | Heartbeat | watch=KXBTC15M-26MAY072330-30 yes_bid=71 yes_ask=72 no_bid=28 no_ask=29 book_ready=True position=False pending=False dry_run=False trust=synced run_id=7437f39b-1eb3-49f7-8cd4-ad295ef23ee6
2026-05-07 23:18:28,855 | INFO | Mushroom v28 BTC REST fallback refreshed stale tick | previous_age_ms=3062.0 threshold_ms=3000.0 source=coinbase_spot_rest
2026-05-07 23:18:32,528 | INFO | Mushroom v28 BTC REST fallback refreshed stale tick | previous_age_ms=3015.0 threshold_ms=3000.0 source=coinbase_spot_rest
2026-05-07 23:18:36,127 | INFO | Mushroom v28 BTC REST fallback refreshed stale tick | previous_age_ms=3016.0 threshold_ms=3000.0 source=coinbase_spot_rest
2026-05-07 23:18:39,975 | INFO | Mushroom v28 BTC REST fallback refreshed stale tick | previous_age_ms=3031.0 threshold_ms=3000.0 source=coinbase_spot_rest
2026-05-07 23:18:42,010 | INFO | Heartbeat | watch=KXBTC15M-26MAY072330-30 yes_bid=73 yes_ask=74 no_bid=26 no_ask=27 book_ready=True position=False pending=False dry_run=False trust=synced run_id=7437f39b-1eb3-49f7-8cd4-ad295ef23ee6
2026-05-07 23:18:43,781 | INFO | Mushroom v28 BTC REST fallback refreshed stale tick | previous_age_ms=3016.0 threshold_ms=3000.0 source=coinbase_spot_rest
2026-05-07 23:18:47,580 | INFO | Mushroom v28 BTC REST fallback refreshed stale tick | previous_age_ms=3047.0 threshold_ms=3000.0 source=coinbase_spot_rest
2026-05-07 23:18:51,459 | INFO | Mushroom v28 BTC REST fallback refreshed stale tick | previous_age_ms=3031.0 threshold_ms=3000.0 source=coinbase_spot_rest
2026-05-07 23:18:55,514 | INFO | Mushroom v28 BTC REST fallback refreshed stale tick | previous_age_ms=3032.0 threshold_ms=3000.0 source=coinbase_spot_rest
2026-05-07 23:18:57,034 | INFO | Heartbeat | watch=KXBTC15M-26MAY072330-30 yes_bid=74 yes_ask=75 no_bid=25 no_ask=26 book_ready=True position=False pending=False dry_run=False trust=synced run_id=7437f39b-1eb3-49f7-8cd4-ad295ef23ee6
2026-05-07 23:18:59,332 | INFO | Mushroom v28 BTC REST fallback refreshed stale tick | previous_age_ms=3031.0 threshold_ms=3000.0 source=coinbase_spot_rest
2026-05-07 23:19:03,285 | INFO | Mushroom v28 BTC REST fallback refreshed stale tick | previous_age_ms=3047.0 threshold_ms=3000.0 source=coinbase_spot_rest
2026-05-07 23:19:07,166 | INFO | Mushroom v28 BTC REST fallback refreshed stale tick | previous_age_ms=3016.0 threshold_ms=3000.0 source=coinbase_spot_rest
2026-05-07 23:19:11,218 | INFO | Mushroom v28 BTC REST fallback refreshed stale tick | previous_age_ms=3063.0 threshold_ms=3000.0 source=coinbase_spot_rest
2026-05-07 23:19:12,044 | INFO | Heartbeat | watch=KXBTC15M-26MAY072330-30 yes_bid=75 yes_ask=77 no_bid=23 no_ask=25 book_ready=True position=False pending=False dry_run=False trust=synced run_id=7437f39b-1eb3-49f7-8cd4-ad295ef23ee6
2026-05-07 23:19:14,910 | INFO | Mushroom v28 BTC REST fallback refreshed stale tick | previous_age_ms=3016.0 threshold_ms=3000.0 source=coinbase_spot_rest
2026-05-07 23:19:19,027 | INFO | Mushroom v28 BTC REST fallback refreshed stale tick | previous_age_ms=3032.0 threshold_ms=3000.0 source=coinbase_spot_rest
2026-05-07 23:19:22,812 | INFO | Mushroom v28 BTC REST fallback refreshed stale tick | previous_age_ms=3032.0 threshold_ms=3000.0 source=coinbase_spot_rest
2026-05-07 23:19:26,672 | INFO | Mushroom v28 BTC REST fallback refreshed stale tick | previous_age_ms=3062.0 threshold_ms=3000.0 source=coinbase_spot_rest
2026-05-07 23:19:27,087 | INFO | Heartbeat | watch=KXBTC15M-26MAY072330-30 yes_bid=76 yes_ask=78 no_bid=22 no_ask=24 book_ready=True position=False pending=False dry_run=False trust=synced run_id=7437f39b-1eb3-49f7-8cd4-ad295ef23ee6
2026-05-07 23:19:30,609 | INFO | Mushroom v28 BTC REST fallback refreshed stale tick | previous_age_ms=3016.0 threshold_ms=3000.0 source=coinbase_spot_rest
2026-05-07 23:19:34,338 | INFO | Mushroom v28 BTC REST fallback refreshed stale tick | previous_age_ms=3031.0 threshold_ms=3000.0 source=coinbase_spot_rest
2026-05-07 23:19:38,045 | INFO | Mushroom v28 BTC REST fallback refreshed stale tick | previous_age_ms=3016.0 threshold_ms=3000.0 source=coinbase_spot_rest
2026-05-07 23:19:41,958 | INFO | Mushroom v28 BTC REST fallback refreshed stale tick | previous_age_ms=3032.0 threshold_ms=3000.0 source=coinbase_spot_rest
2026-05-07 23:19:42,138 | INFO | Heartbeat | watch=KXBTC15M-26MAY072330-30 yes_bid=79 yes_ask=80 no_bid=20 no_ask=21 book_ready=True position=False pending=False dry_run=False trust=synced run_id=7437f39b-1eb3-49f7-8cd4-ad295ef23ee6
2026-05-07 23:19:45,784 | INFO | Mushroom v28 BTC REST fallback refreshed stale tick | previous_age_ms=3016.0 threshold_ms=3000.0 source=coinbase_spot_rest
2026-05-07 23:19:50,030 | INFO | Mushroom v28 BTC REST fallback refreshed stale tick | previous_age_ms=3047.0 threshold_ms=3000.0 source=coinbase_spot_rest
2026-05-07 23:19:53,754 | INFO | Mushroom v28 BTC REST fallback refreshed stale tick | previous_age_ms=3016.0 threshold_ms=3000.0 source=coinbase_spot_rest
2026-05-07 23:19:57,401 | INFO | Mushroom v28 BTC REST fallback refreshed stale tick | previous_age_ms=3016.0 threshold_ms=3000.0 source=coinbase_spot_rest
2026-05-07 23:19:57,417 | INFO | Heartbeat | watch=KXBTC15M-26MAY072330-30 yes_bid=81 yes_ask=83 no_bid=17 no_ask=19 book_ready=True position=False pending=False dry_run=False trust=synced run_id=7437f39b-1eb3-49f7-8cd4-ad295ef23ee6
2026-05-07 23:20:01,104 | INFO | Mushroom v28 BTC REST fallback refreshed stale tick | previous_age_ms=3016.0 threshold_ms=3000.0 source=coinbase_spot_rest
2026-05-07 23:20:05,112 | INFO | Mushroom v28 BTC REST fallback refreshed stale tick | previous_age_ms=3046.0 threshold_ms=3000.0 source=coinbase_spot_rest
2026-05-07 23:20:09,035 | INFO | Mushroom v28 BTC REST fallback refreshed stale tick | previous_age_ms=3062.0 threshold_ms=3000.0 source=coinbase_spot_rest
2026-05-07 23:20:12,635 | INFO | Mushroom v28 BTC REST fallback refreshed stale tick | previous_age_ms=3016.0 threshold_ms=3000.0 source=coinbase_spot_rest
2026-05-07 23:20:12,644 | INFO | Heartbeat | watch=KXBTC15M-26MAY072330-30 yes_bid=83 yes_ask=84 no_bid=16 no_ask=17 book_ready=True position=False pending=False dry_run=False trust=synced run_id=7437f39b-1eb3-49f7-8cd4-ad295ef23ee6
2026-05-07 23:20:16,353 | INFO | Mushroom v28 BTC REST fallback refreshed stale tick | previous_age_ms=3047.0 threshold_ms=3000.0 source=coinbase_spot_rest
2026-05-07 23:20:20,061 | INFO | Mushroom v28 BTC REST fallback refreshed stale tick | previous_age_ms=3016.0 threshold_ms=3000.0 source=coinbase_spot_rest
2026-05-07 23:20:23,722 | INFO | Mushroom v28 BTC REST fallback refreshed stale tick | previous_age_ms=3031.0 threshold_ms=3000.0 source=coinbase_spot_rest
2026-05-07 23:20:27,384 | INFO | Mushroom v28 BTC REST fallback refreshed stale tick | previous_age_ms=3031.0 threshold_ms=3000.0 source=coinbase_spot_rest
2026-05-07 23:20:27,663 | INFO | Heartbeat | watch=KXBTC15M-26MAY072330-30 yes_bid=85 yes_ask=87 no_bid=13 no_ask=15 book_ready=True position=False pending=False dry_run=False trust=synced run_id=7437f39b-1eb3-49f7-8cd4-ad295ef23ee6
2026-05-07 23:20:31,576 | INFO | Mushroom v28 BTC REST fallback refreshed stale tick | previous_age_ms=3047.0 threshold_ms=3000.0 source=coinbase_spot_rest
2026-05-07 23:20:35,310 | INFO | Mushroom v28 BTC REST fallback refreshed stale tick | previous_age_ms=3032.0 threshold_ms=3000.0 source=coinbase_spot_rest
2026-05-07 23:20:39,337 | INFO | Mushroom v28 BTC REST fallback refreshed stale tick | previous_age_ms=3047.0 threshold_ms=3000.0 source=coinbase_spot_rest
2026-05-07 23:20:43,175 | INFO | Mushroom v28 BTC REST fallback refreshed stale tick | previous_age_ms=3063.0 threshold_ms=3000.0 source=coinbase_spot_rest
2026-05-07 23:20:43,177 | INFO | Heartbeat | watch=KXBTC15M-26MAY072330-30 yes_bid=86 yes_ask=88 no_bid=12 no_ask=14 book_ready=True position=False pending=False dry_run=False trust=synced run_id=7437f39b-1eb3-49f7-8cd4-ad295ef23ee6
2026-05-07 23:20:47,270 | INFO | Mushroom v28 BTC REST fallback refreshed stale tick | previous_age_ms=3016.0 threshold_ms=3000.0 source=coinbase_spot_rest
2026-05-07 23:20:51,130 | INFO | Mushroom v28 BTC REST fallback refreshed stale tick | previous_age_ms=3062.0 threshold_ms=3000.0 source=coinbase_spot_rest
2026-05-07 23:20:54,918 | INFO | Mushroom v28 BTC REST fallback refreshed stale tick | previous_age_ms=3031.0 threshold_ms=3000.0 source=coinbase_spot_rest
2026-05-07 23:20:58,674 | INFO | Mushroom v28 BTC REST fallback refreshed stale tick | previous_age_ms=3063.0 threshold_ms=3000.0 source=coinbase_spot_rest
2026-05-07 23:20:58,685 | INFO | Heartbeat | watch=KXBTC15M-26MAY072330-30 yes_bid=84 yes_ask=85 no_bid=15 no_ask=16 book_ready=True position=False pending=False dry_run=False trust=synced run_id=7437f39b-1eb3-49f7-8cd4-ad295ef23ee6
2026-05-07 23:21:02,521 | INFO | Mushroom v28 BTC REST fallback refreshed stale tick | previous_age_ms=3063.0 threshold_ms=3000.0 source=coinbase_spot_rest
2026-05-07 23:21:06,233 | INFO | Mushroom v28 BTC REST fallback refreshed stale tick | previous_age_ms=3062.0 threshold_ms=3000.0 source=coinbase_spot_rest
2026-05-07 23:21:10,440 | INFO | Mushroom v28 BTC REST fallback refreshed stale tick | previous_age_ms=3062.0 threshold_ms=3000.0 source=coinbase_spot_rest
2026-05-07 23:21:14,123 | INFO | Mushroom v28 BTC REST fallback refreshed stale tick | previous_age_ms=3031.0 threshold_ms=3000.0 source=coinbase_spot_rest
2026-05-07 23:21:14,134 | INFO | Heartbeat | watch=KXBTC15M-26MAY072330-30 yes_bid=86 yes_ask=87 no_bid=13 no_ask=14 book_ready=True position=False pending=False dry_run=False trust=synced run_id=7437f39b-1eb3-49f7-8cd4-ad295ef23ee6
2026-05-07 23:21:18,051 | INFO | Mushroom v28 BTC REST fallback refreshed stale tick | previous_age_ms=3078.0 threshold_ms=3000.0 source=coinbase_spot_rest
2026-05-07 23:21:21,819 | INFO | Mushroom v28 BTC REST fallback refreshed stale tick | previous_age_ms=3063.0 threshold_ms=3000.0 source=coinbase_spot_rest
2026-05-07 23:21:25,647 | INFO | Mushroom v28 BTC REST fallback refreshed stale tick | previous_age_ms=3032.0 threshold_ms=3000.0 source=coinbase_spot_rest
2026-05-07 23:21:29,661 | INFO | Mushroom v28 BTC REST fallback refreshed stale tick | previous_age_ms=3031.0 threshold_ms=3000.0 source=coinbase_spot_rest
2026-05-07 23:21:29,670 | INFO | Heartbeat | watch=KXBTC15M-26MAY072330-30 yes_bid=85 yes_ask=86 no_bid=14 no_ask=15 book_ready=True position=False pending=False dry_run=False trust=synced run_id=7437f39b-1eb3-49f7-8cd4-ad295ef23ee6
2026-05-07 23:21:33,661 | INFO | Mushroom v28 BTC REST fallback refreshed stale tick | previous_age_ms=3047.0 threshold_ms=3000.0 source=coinbase_spot_rest
2026-05-07 23:21:37,395 | INFO | Mushroom v28 BTC REST fallback refreshed stale tick | previous_age_ms=3016.0 threshold_ms=3000.0 source=coinbase_spot_rest
2026-05-07 23:21:41,191 | INFO | Mushroom v28 BTC REST fallback refreshed stale tick | previous_age_ms=3031.0 threshold_ms=3000.0 source=coinbase_spot_rest
2026-05-07 23:21:45,067 | INFO | Mushroom v28 BTC REST fallback refreshed stale tick | previous_age_ms=3031.0 threshold_ms=3000.0 source=coinbase_spot_rest
2026-05-07 23:21:45,077 | INFO | Heartbeat | watch=KXBTC15M-26MAY072330-30 yes_bid=88 yes_ask=89 no_bid=11 no_ask=12 book_ready=True position=False pending=False dry_run=False trust=synced run_id=7437f39b-1eb3-49f7-8cd4-ad295ef23ee6
2026-05-07 23:21:49,092 | INFO | Mushroom v28 BTC REST fallback refreshed stale tick | previous_age_ms=3062.0 threshold_ms=3000.0 source=coinbase_spot_rest
2026-05-07 23:21:52,913 | INFO | Mushroom v28 BTC REST fallback refreshed stale tick | previous_age_ms=3016.0 threshold_ms=3000.0 source=coinbase_spot_rest
2026-05-07 23:21:56,738 | INFO | Mushroom v28 BTC REST fallback refreshed stale tick | previous_age_ms=3032.0 threshold_ms=3000.0 source=coinbase_spot_rest
2026-05-07 23:22:00,503 | INFO | Mushroom v28 BTC REST fallback refreshed stale tick | previous_age_ms=3031.0 threshold_ms=3000.0 source=coinbase_spot_rest
2026-05-07 23:22:00,514 | INFO | Heartbeat | watch=KXBTC15M-26MAY072330-30 yes_bid=91 yes_ask=92 no_bid=8 no_ask=9 book_ready=True position=False pending=False dry_run=False trust=synced run_id=7437f39b-1eb3-49f7-8cd4-ad295ef23ee6
2026-05-07 23:22:04,356 | INFO | Mushroom v28 BTC REST fallback refreshed stale tick | previous_age_ms=3016.0 threshold_ms=3000.0 source=coinbase_spot_rest
2026-05-07 23:22:08,230 | INFO | Mushroom v28 BTC REST fallback refreshed stale tick | previous_age_ms=3031.0 threshold_ms=3000.0 source=coinbase_spot_rest
2026-05-07 23:22:12,263 | INFO | Mushroom v28 BTC REST fallback refreshed stale tick | previous_age_ms=3046.0 threshold_ms=3000.0 source=coinbase_spot_rest
2026-05-07 23:22:16,172 | INFO | Mushroom v28 BTC REST fallback refreshed stale tick | previous_age_ms=3047.0 threshold_ms=3000.0 source=coinbase_spot_rest
2026-05-07 23:22:16,183 | INFO | Heartbeat | watch=KXBTC15M-26MAY072330-30 yes_bid=92 yes_ask=92 no_bid=8 no_ask=8 book_ready=True position=False pending=False dry_run=False trust=synced run_id=7437f39b-1eb3-49f7-8cd4-ad295ef23ee6
2026-05-07 23:22:19,978 | INFO | Mushroom v28 BTC REST fallback refreshed stale tick | previous_age_ms=3063.0 threshold_ms=3000.0 source=coinbase_spot_rest
2026-05-07 23:22:23,834 | INFO | Mushroom v28 BTC REST fallback refreshed stale tick | previous_age_ms=3062.0 threshold_ms=3000.0 source=coinbase_spot_rest
2026-05-07 23:22:27,595 | INFO | Mushroom v28 BTC REST fallback refreshed stale tick | previous_age_ms=3016.0 threshold_ms=3000.0 source=coinbase_spot_rest
2026-05-07 23:22:31,543 | INFO | Mushroom v28 BTC REST fallback refreshed stale tick | previous_age_ms=3047.0 threshold_ms=3000.0 source=coinbase_spot_rest
2026-05-07 23:22:31,553 | INFO | Heartbeat | watch=KXBTC15M-26MAY072330-30 yes_bid=93 yes_ask=93 no_bid=7 no_ask=7 book_ready=True position=False pending=False dry_run=False trust=synced run_id=7437f39b-1eb3-49f7-8cd4-ad295ef23ee6
2026-05-07 23:22:35,398 | INFO | Mushroom v28 BTC REST fallback refreshed stale tick | previous_age_ms=3031.0 threshold_ms=3000.0 source=coinbase_spot_rest
2026-05-07 23:22:39,478 | INFO | Mushroom v28 BTC REST fallback refreshed stale tick | previous_age_ms=3031.0 threshold_ms=3000.0 source=coinbase_spot_rest
2026-05-07 23:22:43,321 | INFO | Mushroom v28 BTC REST fallback refreshed stale tick | previous_age_ms=3047.0 threshold_ms=3000.0 source=coinbase_spot_rest
2026-05-07 23:22:47,375 | INFO | Mushroom v28 BTC REST fallback refreshed stale tick | previous_age_ms=3062.0 threshold_ms=3000.0 source=coinbase_spot_rest
2026-05-07 23:22:47,384 | INFO | Heartbeat | watch=KXBTC15M-26MAY072330-30 yes_bid=94 yes_ask=95 no_bid=5 no_ask=6 book_ready=True position=False pending=False dry_run=False trust=synced run_id=7437f39b-1eb3-49f7-8cd4-ad295ef23ee6
2026-05-07 23:22:51,124 | INFO | Mushroom v28 BTC REST fallback refreshed stale tick | previous_age_ms=3031.0 threshold_ms=3000.0 source=coinbase_spot_rest
2026-05-07 23:22:55,083 | INFO | Mushroom v28 BTC REST fallback refreshed stale tick | previous_age_ms=3047.0 threshold_ms=3000.0 source=coinbase_spot_rest
2026-05-07 23:22:58,754 | INFO | Mushroom v28 BTC REST fallback refreshed stale tick | previous_age_ms=3047.0 threshold_ms=3000.0 source=coinbase_spot_rest
2026-05-07 23:23:02,526 | INFO | Mushroom v28 BTC REST fallback refreshed stale tick | previous_age_ms=3031.0 threshold_ms=3000.0 source=coinbase_spot_rest
2026-05-07 23:23:02,536 | INFO | Heartbeat | watch=KXBTC15M-26MAY072330-30 yes_bid=95 yes_ask=96 no_bid=4 no_ask=5 book_ready=True position=False pending=False dry_run=False trust=synced run_id=7437f39b-1eb3-49f7-8cd4-ad295ef23ee6
2026-05-07 23:23:06,536 | INFO | Mushroom v28 BTC REST fallback refreshed stale tick | previous_age_ms=3062.0 threshold_ms=3000.0 source=coinbase_spot_rest
2026-05-07 23:23:10,545 | INFO | Mushroom v28 BTC REST fallback refreshed stale tick | previous_age_ms=3016.0 threshold_ms=3000.0 source=coinbase_spot_rest
2026-05-07 23:23:14,445 | INFO | Mushroom v28 BTC REST fallback refreshed stale tick | previous_age_ms=3047.0 threshold_ms=3000.0 source=coinbase_spot_rest
2026-05-07 23:23:18,426 | INFO | Mushroom v28 BTC REST fallback refreshed stale tick | previous_age_ms=3047.0 threshold_ms=3000.0 source=coinbase_spot_rest
2026-05-07 23:23:18,436 | INFO | Heartbeat | watch=KXBTC15M-26MAY072330-30 yes_bid=94 yes_ask=94 no_bid=6 no_ask=6 book_ready=True position=False pending=False dry_run=False trust=synced run_id=7437f39b-1eb3-49f7-8cd4-ad295ef23ee6
2026-05-07 23:23:22,467 | INFO | Mushroom v28 BTC REST fallback refreshed stale tick | previous_age_ms=3063.0 threshold_ms=3000.0 source=coinbase_spot_rest
2026-05-07 23:23:26,708 | INFO | Mushroom v28 BTC REST fallback refreshed stale tick | previous_age_ms=3047.0 threshold_ms=3000.0 source=coinbase_spot_rest
2026-05-07 23:23:30,654 | INFO | Mushroom v28 BTC REST fallback refreshed stale tick | previous_age_ms=3016.0 threshold_ms=3000.0 source=coinbase_spot_rest
2026-05-07 23:23:33,454 | INFO | Heartbeat | watch=KXBTC15M-26MAY072330-30 yes_bid=93 yes_ask=93 no_bid=7 no_ask=7 book_ready=True position=False pending=False dry_run=False trust=synced run_id=7437f39b-1eb3-49f7-8cd4-ad295ef23ee6
2026-05-07 23:23:34,869 | INFO | Mushroom v28 BTC REST fallback refreshed stale tick | previous_age_ms=3032.0 threshold_ms=3000.0 source=coinbase_spot_rest
2026-05-07 23:23:38,703 | INFO | Mushroom v28 BTC REST fallback refreshed stale tick | previous_age_ms=3015.0 threshold_ms=3000.0 source=coinbase_spot_rest
2026-05-07 23:23:42,563 | INFO | Mushroom v28 BTC REST fallback refreshed stale tick | previous_age_ms=3047.0 threshold_ms=3000.0 source=coinbase_spot_rest
2026-05-07 23:23:46,365 | INFO | Mushroom v28 BTC REST fallback refreshed stale tick | previous_age_ms=3062.0 threshold_ms=3000.0 source=coinbase_spot_rest
2026-05-07 23:23:48,475 | INFO | Heartbeat | watch=KXBTC15M-26MAY072330-30 yes_bid=92 yes_ask=94 no_bid=6 no_ask=8 book_ready=True position=False pending=False dry_run=False trust=synced run_id=7437f39b-1eb3-49f7-8cd4-ad295ef23ee6
2026-05-07 23:23:50,045 | INFO | Mushroom v28 BTC REST fallback refreshed stale tick | previous_age_ms=3046.0 threshold_ms=3000.0 source=coinbase_spot_rest
2026-05-07 23:23:53,806 | INFO | Mushroom v28 BTC REST fallback refreshed stale tick | previous_age_ms=3031.0 threshold_ms=3000.0 source=coinbase_spot_rest
2026-05-07 23:23:57,442 | INFO | Mushroom v28 BTC REST fallback refreshed stale tick | previous_age_ms=3031.0 threshold_ms=3000.0 source=coinbase_spot_rest
2026-05-07 23:24:01,206 | INFO | Mushroom v28 BTC REST fallback refreshed stale tick | previous_age_ms=3047.0 threshold_ms=3000.0 source=coinbase_spot_rest
2026-05-07 23:24:03,464 | INFO | Heartbeat | watch=KXBTC15M-26MAY072330-30 yes_bid=94 yes_ask=95 no_bid=5 no_ask=6 book_ready=True position=False pending=False dry_run=False trust=synced run_id=7437f39b-1eb3-49f7-8cd4-ad295ef23ee6
2026-05-07 23:24:04,921 | INFO | Mushroom v28 BTC REST fallback refreshed stale tick | previous_age_ms=3032.0 threshold_ms=3000.0 source=coinbase_spot_rest
2026-05-07 23:24:08,545 | INFO | Mushroom v28 BTC REST fallback refreshed stale tick | previous_age_ms=3047.0 threshold_ms=3000.0 source=coinbase_spot_rest
2026-05-07 23:24:12,118 | INFO | Mushroom v28 BTC REST fallback refreshed stale tick | previous_age_ms=3031.0 threshold_ms=3000.0 source=coinbase_spot_rest
2026-05-07 23:24:15,841 | INFO | Mushroom v28 BTC REST fallback refreshed stale tick | previous_age_ms=3062.0 threshold_ms=3000.0 source=coinbase_spot_rest
2026-05-07 23:24:18,472 | INFO | Heartbeat | watch=KXBTC15M-26MAY072330-30 yes_bid=94 yes_ask=96 no_bid=4 no_ask=6 book_ready=True position=False pending=False dry_run=False trust=synced run_id=7437f39b-1eb3-49f7-8cd4-ad295ef23ee6
2026-05-07 23:24:19,644 | INFO | Mushroom v28 BTC REST fallback refreshed stale tick | previous_age_ms=3016.0 threshold_ms=3000.0 source=coinbase_spot_rest
2026-05-07 23:24:23,404 | INFO | Mushroom v28 BTC REST fallback refreshed stale tick | previous_age_ms=3015.0 threshold_ms=3000.0 source=coinbase_spot_rest
2026-05-07 23:24:27,261 | INFO | Mushroom v28 BTC REST fallback refreshed stale tick | previous_age_ms=3032.0 threshold_ms=3000.0 source=coinbase_spot_rest
2026-05-07 23:24:31,464 | INFO | Mushroom v28 BTC REST fallback refreshed stale tick | previous_age_ms=3047.0 threshold_ms=3000.0 source=coinbase_spot_rest
2026-05-07 23:24:33,477 | INFO | Heartbeat | watch=KXBTC15M-26MAY072330-30 yes_bid=94 yes_ask=95 no_bid=5 no_ask=6 book_ready=True position=False pending=False dry_run=False trust=synced run_id=7437f39b-1eb3-49f7-8cd4-ad295ef23ee6
2026-05-07 23:24:35,424 | INFO | Mushroom v28 BTC REST fallback refreshed stale tick | previous_age_ms=3063.0 threshold_ms=3000.0 source=coinbase_spot_rest
2026-05-07 23:24:39,260 | INFO | Mushroom v28 BTC REST fallback refreshed stale tick | previous_age_ms=3047.0 threshold_ms=3000.0 source=coinbase_spot_rest
2026-05-07 23:24:43,128 | INFO | Mushroom v28 BTC REST fallback refreshed stale tick | previous_age_ms=3016.0 threshold_ms=3000.0 source=coinbase_spot_rest
2026-05-07 23:24:46,901 | INFO | Mushroom v28 BTC REST fallback refreshed stale tick | previous_age_ms=3063.0 threshold_ms=3000.0 source=coinbase_spot_rest
2026-05-07 23:24:48,494 | INFO | Heartbeat | watch=KXBTC15M-26MAY072330-30 yes_bid=95 yes_ask=97 no_bid=3 no_ask=5 book_ready=True position=False pending=False dry_run=False trust=synced run_id=7437f39b-1eb3-49f7-8cd4-ad295ef23ee6
2026-05-07 23:24:50,753 | INFO | Mushroom v28 BTC REST fallback refreshed stale tick | previous_age_ms=3031.0 threshold_ms=3000.0 source=coinbase_spot_rest
2026-05-07 23:24:54,483 | INFO | Mushroom v28 BTC REST fallback refreshed stale tick | previous_age_ms=3016.0 threshold_ms=3000.0 source=coinbase_spot_rest
2026-05-07 23:24:58,213 | INFO | Mushroom v28 BTC REST fallback refreshed stale tick | previous_age_ms=3015.0 threshold_ms=3000.0 source=coinbase_spot_rest
2026-05-07 23:25:02,088 | INFO | Mushroom v28 BTC REST fallback refreshed stale tick | previous_age_ms=3062.0 threshold_ms=3000.0 source=coinbase_spot_rest
2026-05-07 23:25:03,510 | INFO | Heartbeat | watch=KXBTC15M-26MAY072330-30 yes_bid=98 yes_ask=98 no_bid=2 no_ask=2 book_ready=True position=False pending=False dry_run=False trust=synced run_id=7437f39b-1eb3-49f7-8cd4-ad295ef23ee6
2026-05-07 23:25:05,951 | INFO | Mushroom v28 BTC REST fallback refreshed stale tick | previous_age_ms=3047.0 threshold_ms=3000.0 source=coinbase_spot_rest
2026-05-07 23:25:09,780 | INFO | Mushroom v28 BTC REST fallback refreshed stale tick | previous_age_ms=3032.0 threshold_ms=3000.0 source=coinbase_spot_rest
2026-05-07 23:25:13,772 | INFO | Mushroom v28 BTC REST fallback refreshed stale tick | previous_age_ms=3016.0 threshold_ms=3000.0 source=coinbase_spot_rest
2026-05-07 23:25:17,513 | INFO | Mushroom v28 BTC REST fallback refreshed stale tick | previous_age_ms=3062.0 threshold_ms=3000.0 source=coinbase_spot_rest
2026-05-07 23:25:18,545 | INFO | Heartbeat | watch=KXBTC15M-26MAY072330-30 yes_bid=97 yes_ask=98 no_bid=2 no_ask=3 book_ready=True position=False pending=False dry_run=False trust=synced run_id=7437f39b-1eb3-49f7-8cd4-ad295ef23ee6
2026-05-07 23:25:21,521 | INFO | Mushroom v28 BTC REST fallback refreshed stale tick | previous_age_ms=3031.0 threshold_ms=3000.0 source=coinbase_spot_rest
2026-05-07 23:25:25,553 | INFO | Mushroom v28 BTC REST fallback refreshed stale tick | previous_age_ms=3015.0 threshold_ms=3000.0 source=coinbase_spot_rest
2026-05-07 23:25:29,298 | INFO | Mushroom v28 BTC REST fallback refreshed stale tick | previous_age_ms=3031.0 threshold_ms=3000.0 source=coinbase_spot_rest
2026-05-07 23:25:33,067 | INFO | Mushroom v28 BTC REST fallback refreshed stale tick | previous_age_ms=3031.0 threshold_ms=3000.0 source=coinbase_spot_rest
2026-05-07 23:25:33,597 | INFO | Heartbeat | watch=KXBTC15M-26MAY072330-30 yes_bid=97 yes_ask=98 no_bid=2 no_ask=3 book_ready=True position=False pending=False dry_run=False trust=synced run_id=7437f39b-1eb3-49f7-8cd4-ad295ef23ee6
2026-05-07 23:25:36,962 | INFO | Mushroom v28 BTC REST fallback refreshed stale tick | previous_age_ms=3031.0 threshold_ms=3000.0 source=coinbase_spot_rest
2026-05-07 23:25:40,917 | INFO | Mushroom v28 BTC REST fallback refreshed stale tick | previous_age_ms=3031.0 threshold_ms=3000.0 source=coinbase_spot_rest
2026-05-07 23:25:44,680 | INFO | Mushroom v28 BTC REST fallback refreshed stale tick | previous_age_ms=3047.0 threshold_ms=3000.0 source=coinbase_spot_rest
2026-05-07 23:25:48,583 | INFO | Mushroom v28 BTC REST fallback refreshed stale tick | previous_age_ms=3016.0 threshold_ms=3000.0 source=coinbase_spot_rest
2026-05-07 23:25:48,595 | INFO | Heartbeat | watch=KXBTC15M-26MAY072330-30 yes_bid=98 yes_ask=98 no_bid=2 no_ask=2 book_ready=True position=False pending=False dry_run=False trust=synced run_id=7437f39b-1eb3-49f7-8cd4-ad295ef23ee6
2026-05-07 23:25:52,519 | INFO | Mushroom v28 BTC REST fallback refreshed stale tick | previous_age_ms=3063.0 threshold_ms=3000.0 source=coinbase_spot_rest
2026-05-07 23:25:56,330 | INFO | Mushroom v28 BTC REST fallback refreshed stale tick | previous_age_ms=3031.0 threshold_ms=3000.0 source=coinbase_spot_rest
2026-05-07 23:26:00,347 | INFO | Mushroom v28 BTC REST fallback refreshed stale tick | previous_age_ms=3016.0 threshold_ms=3000.0 source=coinbase_spot_rest
2026-05-07 23:26:04,151 | INFO | Mushroom v28 BTC REST fallback refreshed stale tick | previous_age_ms=3062.0 threshold_ms=3000.0 source=coinbase_spot_rest
2026-05-07 23:26:04,161 | INFO | Heartbeat | watch=KXBTC15M-26MAY072330-30 yes_bid=98 yes_ask=98 no_bid=2 no_ask=2 book_ready=True position=False pending=False dry_run=False trust=synced run_id=7437f39b-1eb3-49f7-8cd4-ad295ef23ee6
2026-05-07 23:26:08,234 | INFO | Mushroom v28 BTC REST fallback refreshed stale tick | previous_age_ms=3062.0 threshold_ms=3000.0 source=coinbase_spot_rest
2026-05-07 23:26:12,214 | INFO | Mushroom v28 BTC REST fallback refreshed stale tick | previous_age_ms=3046.0 threshold_ms=3000.0 source=coinbase_spot_rest
2026-05-07 23:26:16,311 | INFO | Mushroom v28 BTC REST fallback refreshed stale tick | previous_age_ms=3047.0 threshold_ms=3000.0 source=coinbase_spot_rest
2026-05-07 23:26:19,175 | INFO | Heartbeat | watch=KXBTC15M-26MAY072330-30 yes_bid=98 yes_ask=98 no_bid=2 no_ask=2 book_ready=True position=False pending=False dry_run=False trust=synced run_id=7437f39b-1eb3-49f7-8cd4-ad295ef23ee6
2026-05-07 23:26:20,187 | INFO | Mushroom v28 BTC REST fallback refreshed stale tick | previous_age_ms=3063.0 threshold_ms=3000.0 source=coinbase_spot_rest
2026-05-07 23:26:24,003 | INFO | Mushroom v28 BTC REST fallback refreshed stale tick | previous_age_ms=3031.0 threshold_ms=3000.0 source=coinbase_spot_rest
2026-05-07 23:26:27,746 | INFO | Mushroom v28 BTC REST fallback refreshed stale tick | previous_age_ms=3031.0 threshold_ms=3000.0 source=coinbase_spot_rest
2026-05-07 23:26:31,421 | INFO | Mushroom v28 BTC REST fallback refreshed stale tick | previous_age_ms=3046.0 threshold_ms=3000.0 source=coinbase_spot_rest
2026-05-07 23:26:34,194 | INFO | Heartbeat | watch=KXBTC15M-26MAY072330-30 yes_bid=98 yes_ask=98 no_bid=2 no_ask=2 book_ready=True position=False pending=False dry_run=False trust=synced run_id=7437f39b-1eb3-49f7-8cd4-ad295ef23ee6
2026-05-07 23:26:35,176 | INFO | Mushroom v28 BTC REST fallback refreshed stale tick | previous_age_ms=3016.0 threshold_ms=3000.0 source=coinbase_spot_rest
2026-05-07 23:26:39,186 | INFO | Mushroom v28 BTC REST fallback refreshed stale tick | previous_age_ms=3063.0 threshold_ms=3000.0 source=coinbase_spot_rest
2026-05-07 23:26:43,330 | INFO | Mushroom v28 BTC REST fallback refreshed stale tick | previous_age_ms=3047.0 threshold_ms=3000.0 source=coinbase_spot_rest
2026-05-07 23:26:47,572 | INFO | Mushroom v28 BTC REST fallback refreshed stale tick | previous_age_ms=3047.0 threshold_ms=3000.0 source=coinbase_spot_rest
2026-05-07 23:26:49,201 | INFO | Heartbeat | watch=KXBTC15M-26MAY072330-30 yes_bid=98 yes_ask=99 no_bid=1 no_ask=2 book_ready=True position=False pending=False dry_run=False trust=synced run_id=7437f39b-1eb3-49f7-8cd4-ad295ef23ee6
2026-05-07 23:26:51,325 | INFO | Mushroom v28 BTC REST fallback refreshed stale tick | previous_age_ms=3031.0 threshold_ms=3000.0 source=coinbase_spot_rest
2026-05-07 23:26:55,325 | INFO | Mushroom v28 BTC REST fallback refreshed stale tick | previous_age_ms=3016.0 threshold_ms=3000.0 source=coinbase_spot_rest
2026-05-07 23:26:59,165 | INFO | Mushroom v28 BTC REST fallback refreshed stale tick | previous_age_ms=3063.0 threshold_ms=3000.0 source=coinbase_spot_rest
2026-05-07 23:27:03,048 | INFO | Mushroom v28 BTC REST fallback refreshed stale tick | previous_age_ms=3016.0 threshold_ms=3000.0 source=coinbase_spot_rest
2026-05-07 23:27:04,199 | INFO | Heartbeat | watch=KXBTC15M-26MAY072330-30 yes_bid=97 yes_ask=98 no_bid=2 no_ask=3 book_ready=True position=False pending=False dry_run=False trust=synced run_id=7437f39b-1eb3-49f7-8cd4-ad295ef23ee6
2026-05-07 23:27:06,726 | INFO | Mushroom v28 BTC REST fallback refreshed stale tick | previous_age_ms=3031.0 threshold_ms=3000.0 source=coinbase_spot_rest
2026-05-07 23:27:10,382 | INFO | Mushroom v28 BTC REST fallback refreshed stale tick | previous_age_ms=3016.0 threshold_ms=3000.0 source=coinbase_spot_rest
2026-05-07 23:27:14,125 | INFO | Mushroom v28 BTC REST fallback refreshed stale tick | previous_age_ms=3016.0 threshold_ms=3000.0 source=coinbase_spot_rest
2026-05-07 23:27:18,145 | INFO | Mushroom v28 BTC REST fallback refreshed stale tick | previous_age_ms=3047.0 threshold_ms=3000.0 source=coinbase_spot_rest
2026-05-07 23:27:19,267 | INFO | Heartbeat | watch=KXBTC15M-26MAY072330-30 yes_bid=97 yes_ask=98 no_bid=2 no_ask=3 book_ready=True position=False pending=False dry_run=False trust=synced run_id=7437f39b-1eb3-49f7-8cd4-ad295ef23ee6
2026-05-07 23:27:21,980 | INFO | Mushroom v28 BTC REST fallback refreshed stale tick | previous_age_ms=3062.0 threshold_ms=3000.0 source=coinbase_spot_rest
2026-05-07 23:27:26,005 | INFO | Mushroom v28 BTC REST fallback refreshed stale tick | previous_age_ms=3031.0 threshold_ms=3000.0 source=coinbase_spot_rest
2026-05-07 23:27:29,886 | INFO | Mushroom v28 BTC REST fallback refreshed stale tick | previous_age_ms=3063.0 threshold_ms=3000.0 source=coinbase_spot_rest
2026-05-07 23:27:33,609 | INFO | Mushroom v28 BTC REST fallback refreshed stale tick | previous_age_ms=3047.0 threshold_ms=3000.0 source=coinbase_spot_rest
2026-05-07 23:27:34,276 | INFO | Heartbeat | watch=KXBTC15M-26MAY072330-30 yes_bid=99 yes_ask=99 no_bid=1 no_ask=1 book_ready=True position=False pending=False dry_run=False trust=synced run_id=7437f39b-1eb3-49f7-8cd4-ad295ef23ee6
2026-05-07 23:27:37,427 | INFO | Mushroom v28 BTC REST fallback refreshed stale tick | previous_age_ms=3031.0 threshold_ms=3000.0 source=coinbase_spot_rest
2026-05-07 23:27:41,408 | INFO | Mushroom v28 BTC REST fallback refreshed stale tick | previous_age_ms=3031.0 threshold_ms=3000.0 source=coinbase_spot_rest
2026-05-07 23:27:45,207 | INFO | Mushroom v28 BTC REST fallback refreshed stale tick | previous_age_ms=3032.0 threshold_ms=3000.0 source=coinbase_spot_rest
2026-05-07 23:27:49,105 | INFO | Mushroom v28 BTC REST fallback refreshed stale tick | previous_age_ms=3032.0 threshold_ms=3000.0 source=coinbase_spot_rest
2026-05-07 23:27:49,327 | INFO | Heartbeat | watch=KXBTC15M-26MAY072330-30 yes_bid=99 yes_ask=100 no_bid=0 no_ask=1 book_ready=True position=False pending=False dry_run=False trust=synced run_id=7437f39b-1eb3-49f7-8cd4-ad295ef23ee6
2026-05-07 23:27:53,100 | INFO | Mushroom v28 BTC REST fallback refreshed stale tick | previous_age_ms=3031.0 threshold_ms=3000.0 source=coinbase_spot_rest
2026-05-07 23:27:56,810 | INFO | Mushroom v28 BTC REST fallback refreshed stale tick | previous_age_ms=3047.0 threshold_ms=3000.0 source=coinbase_spot_rest
2026-05-07 23:28:00,668 | INFO | Mushroom v28 BTC REST fallback refreshed stale tick | previous_age_ms=3031.0 threshold_ms=3000.0 source=coinbase_spot_rest
2026-05-07 23:28:04,743 | INFO | Mushroom v28 BTC REST fallback refreshed stale tick | previous_age_ms=3063.0 threshold_ms=3000.0 source=coinbase_spot_rest
2026-05-07 23:28:04,753 | INFO | Heartbeat | watch=KXBTC15M-26MAY072330-30 yes_bid=99 yes_ask=100 no_bid=0 no_ask=1 book_ready=True position=False pending=False dry_run=False trust=synced run_id=7437f39b-1eb3-49f7-8cd4-ad295ef23ee6
2026-05-07 23:28:08,713 | INFO | Mushroom v28 BTC REST fallback refreshed stale tick | previous_age_ms=3046.0 threshold_ms=3000.0 source=coinbase_spot_rest
2026-05-07 23:28:12,417 | INFO | Mushroom v28 BTC REST fallback refreshed stale tick | previous_age_ms=3063.0 threshold_ms=3000.0 source=coinbase_spot_rest
2026-05-07 23:28:16,143 | INFO | Mushroom v28 BTC REST fallback refreshed stale tick | previous_age_ms=3016.0 threshold_ms=3000.0 source=coinbase_spot_rest
2026-05-07 23:28:19,873 | INFO | Mushroom v28 BTC REST fallback refreshed stale tick | previous_age_ms=3062.0 threshold_ms=3000.0 source=coinbase_spot_rest
2026-05-07 23:28:19,882 | INFO | Heartbeat | watch=KXBTC15M-26MAY072330-30 yes_bid=100 yes_ask=100 no_bid=0 no_ask=0 book_ready=True position=False pending=False dry_run=False trust=synced run_id=7437f39b-1eb3-49f7-8cd4-ad295ef23ee6
2026-05-07 23:28:23,499 | INFO | Mushroom v28 BTC REST fallback refreshed stale tick | previous_age_ms=3047.0 threshold_ms=3000.0 source=coinbase_spot_rest
2026-05-07 23:28:27,144 | INFO | Mushroom v28 BTC REST fallback refreshed stale tick | previous_age_ms=3031.0 threshold_ms=3000.0 source=coinbase_spot_rest
2026-05-07 23:28:30,860 | INFO | Mushroom v28 BTC REST fallback refreshed stale tick | previous_age_ms=3031.0 threshold_ms=3000.0 source=coinbase_spot_rest
2026-05-07 23:28:34,661 | INFO | Mushroom v28 BTC REST fallback refreshed stale tick | previous_age_ms=3062.0 threshold_ms=3000.0 source=coinbase_spot_rest
2026-05-07 23:28:34,893 | INFO | Heartbeat | watch=KXBTC15M-26MAY072330-30 yes_bid=100 yes_ask=100 no_bid=0 no_ask=0 book_ready=True position=False pending=False dry_run=False trust=synced run_id=7437f39b-1eb3-49f7-8cd4-ad295ef23ee6
2026-05-07 23:28:38,782 | INFO | Mushroom v28 BTC REST fallback refreshed stale tick | previous_age_ms=3016.0 threshold_ms=3000.0 source=coinbase_spot_rest
2026-05-07 23:28:42,533 | INFO | Mushroom v28 BTC REST fallback refreshed stale tick | previous_age_ms=3047.0 threshold_ms=3000.0 source=coinbase_spot_rest
2026-05-07 23:28:46,541 | INFO | Mushroom v28 BTC REST fallback refreshed stale tick | previous_age_ms=3032.0 threshold_ms=3000.0 source=coinbase_spot_rest
2026-05-07 23:28:50,260 | INFO | Mushroom v28 BTC REST fallback refreshed stale tick | previous_age_ms=3047.0 threshold_ms=3000.0 source=coinbase_spot_rest
2026-05-07 23:28:50,263 | INFO | Heartbeat | watch=KXBTC15M-26MAY072330-30 yes_bid=100 yes_ask=100 no_bid=0 no_ask=0 book_ready=True position=False pending=False dry_run=False trust=synced run_id=7437f39b-1eb3-49f7-8cd4-ad295ef23ee6
2026-05-07 23:28:54,012 | INFO | Mushroom v28 BTC REST fallback refreshed stale tick | previous_age_ms=3016.0 threshold_ms=3000.0 source=coinbase_spot_rest
2026-05-07 23:28:57,808 | INFO | Mushroom v28 BTC REST fallback refreshed stale tick | previous_age_ms=3047.0 threshold_ms=3000.0 source=coinbase_spot_rest
2026-05-07 23:29:01,506 | INFO | Mushroom v28 BTC REST fallback refreshed stale tick | previous_age_ms=3047.0 threshold_ms=3000.0 source=coinbase_spot_rest
2026-05-07 23:29:05,253 | INFO | Mushroom v28 BTC REST fallback refreshed stale tick | previous_age_ms=3031.0 threshold_ms=3000.0 source=coinbase_spot_rest
2026-05-07 23:29:05,349 | INFO | Heartbeat | watch=KXBTC15M-26MAY072330-30 yes_bid=100 yes_ask=100 no_bid=0 no_ask=0 book_ready=True position=False pending=False dry_run=False trust=synced run_id=7437f39b-1eb3-49f7-8cd4-ad295ef23ee6
2026-05-07 23:29:09,160 | INFO | Mushroom v28 BTC REST fallback refreshed stale tick | previous_age_ms=3016.0 threshold_ms=3000.0 source=coinbase_spot_rest
2026-05-07 23:29:12,894 | INFO | Mushroom v28 BTC REST fallback refreshed stale tick | previous_age_ms=3047.0 threshold_ms=3000.0 source=coinbase_spot_rest
2026-05-07 23:29:16,721 | INFO | Mushroom v28 BTC REST fallback refreshed stale tick | previous_age_ms=3047.0 threshold_ms=3000.0 source=coinbase_spot_rest
2026-05-07 23:29:20,407 | INFO | Mushroom v28 BTC REST fallback refreshed stale tick | previous_age_ms=3016.0 threshold_ms=3000.0 source=coinbase_spot_rest
2026-05-07 23:29:20,417 | INFO | Heartbeat | watch=KXBTC15M-26MAY072330-30 yes_bid=100 yes_ask=100 no_bid=0 no_ask=0 book_ready=True position=False pending=False dry_run=False trust=synced run_id=7437f39b-1eb3-49f7-8cd4-ad295ef23ee6
2026-05-07 23:29:24,030 | INFO | Mushroom v28 BTC REST fallback refreshed stale tick | previous_age_ms=3016.0 threshold_ms=3000.0 source=coinbase_spot_rest
2026-05-07 23:29:27,921 | INFO | Mushroom v28 BTC REST fallback refreshed stale tick | previous_age_ms=3032.0 threshold_ms=3000.0 source=coinbase_spot_rest
2026-05-07 23:29:31,796 | INFO | Mushroom v28 BTC REST fallback refreshed stale tick | previous_age_ms=3031.0 threshold_ms=3000.0 source=coinbase_spot_rest
2026-05-07 23:29:35,428 | INFO | Mushroom v28 BTC REST fallback refreshed stale tick | previous_age_ms=3032.0 threshold_ms=3000.0 source=coinbase_spot_rest
2026-05-07 23:29:35,438 | INFO | Heartbeat | watch=KXBTC15M-26MAY072330-30 yes_bid=100 yes_ask=100 no_bid=0 no_ask=0 book_ready=True position=False pending=False dry_run=False trust=synced run_id=7437f39b-1eb3-49f7-8cd4-ad295ef23ee6
2026-05-07 23:29:39,186 | INFO | Mushroom v28 BTC REST fallback refreshed stale tick | previous_age_ms=3031.0 threshold_ms=3000.0 source=coinbase_spot_rest
2026-05-07 23:29:42,969 | INFO | Mushroom v28 BTC REST fallback refreshed stale tick | previous_age_ms=3015.0 threshold_ms=3000.0 source=coinbase_spot_rest
2026-05-07 23:29:46,719 | INFO | Mushroom v28 BTC REST fallback refreshed stale tick | previous_age_ms=3062.0 threshold_ms=3000.0 source=coinbase_spot_rest
2026-05-07 23:29:50,706 | INFO | Mushroom v28 BTC REST fallback refreshed stale tick | previous_age_ms=3047.0 threshold_ms=3000.0 source=coinbase_spot_rest
2026-05-07 23:29:50,717 | INFO | Heartbeat | watch=KXBTC15M-26MAY072330-30 yes_bid=100 yes_ask=100 no_bid=0 no_ask=0 book_ready=True position=False pending=False dry_run=False trust=synced run_id=7437f39b-1eb3-49f7-8cd4-ad295ef23ee6
2026-05-07 23:29:54,607 | INFO | Mushroom v28 BTC REST fallback refreshed stale tick | previous_age_ms=3063.0 threshold_ms=3000.0 source=coinbase_spot_rest
2026-05-07 23:29:58,381 | INFO | Mushroom v28 BTC REST fallback refreshed stale tick | previous_age_ms=3031.0 threshold_ms=3000.0 source=coinbase_spot_rest
2026-05-07 23:30:02,213 | INFO | Mushroom v28 BTC REST fallback refreshed stale tick | previous_age_ms=3047.0 threshold_ms=3000.0 source=coinbase_spot_rest
2026-05-07 23:30:05,982 | INFO | Mushroom v28 BTC REST fallback refreshed stale tick | previous_age_ms=3047.0 threshold_ms=3000.0 source=coinbase_spot_rest
2026-05-07 23:30:05,982 | INFO | Heartbeat | watch=KXBTC15M-26MAY072330-30 yes_bid=0 yes_ask=100 no_bid=0 no_ask=100 book_ready=True position=False pending=False dry_run=False trust=synced run_id=7437f39b-1eb3-49f7-8cd4-ad295ef23ee6
2026-05-07 23:30:06,502 | INFO | Orderbook snapshot ready for KXBTC15M-26MAY072330-30
2026-05-07 23:30:09,778 | INFO | Mushroom v28 BTC REST fallback refreshed stale tick | previous_age_ms=3062.0 threshold_ms=3000.0 source=coinbase_spot_rest
2026-05-07 23:30:13,592 | INFO | Mushroom v28 BTC REST fallback refreshed stale tick | previous_age_ms=3047.0 threshold_ms=3000.0 source=coinbase_spot_rest
2026-05-07 23:30:15,763 | INFO | Watching market KXBTC15M-26MAY072345-45 close_time=2026-05-08T03:45:00Z status=active strike=79567.84 run_id=7437f39b-1eb3-49f7-8cd4-ad295ef23ee6
2026-05-07 23:30:15,968 | INFO | WS connected for KXBTC15M-26MAY072345-45
2026-05-07 23:30:16,017 | INFO | WS subscribed payload: {'type': 'subscribed', 'id': 3, 'msg': {'channel': 'ticker', 'sid': 1}}
2026-05-07 23:30:16,018 | INFO | WS subscribed payload: {'type': 'subscribed', 'id': 3, 'msg': {'channel': 'orderbook_delta', 'sid': 2}}
2026-05-07 23:30:16,021 | INFO | Orderbook snapshot ready for KXBTC15M-26MAY072345-45
2026-05-07 23:30:17,361 | INFO | Mushroom v28 BTC REST fallback refreshed stale tick | previous_age_ms=3032.0 threshold_ms=3000.0 source=coinbase_spot_rest
2026-05-07 23:30:21,445 | INFO | Mushroom v28 BTC REST fallback refreshed stale tick | previous_age_ms=3125.0 threshold_ms=3000.0 source=coinbase_spot_rest
2026-05-07 23:30:21,449 | INFO | Heartbeat | watch=KXBTC15M-26MAY072345-45 yes_bid=51 yes_ask=53 no_bid=47 no_ask=49 book_ready=True position=False pending=False dry_run=False trust=synced run_id=7437f39b-1eb3-49f7-8cd4-ad295ef23ee6
2026-05-07 23:30:25,261 | INFO | Mushroom v28 BTC REST fallback refreshed stale tick | previous_age_ms=3031.0 threshold_ms=3000.0 source=coinbase_spot_rest
2026-05-07 23:30:29,093 | INFO | Mushroom v28 BTC REST fallback refreshed stale tick | previous_age_ms=3031.0 threshold_ms=3000.0 source=coinbase_spot_rest
2026-05-07 23:30:33,216 | INFO | Mushroom v28 BTC REST fallback refreshed stale tick | previous_age_ms=3047.0 threshold_ms=3000.0 source=coinbase_spot_rest
2026-05-07 23:30:36,904 | INFO | Mushroom v28 BTC REST fallback refreshed stale tick | previous_age_ms=3016.0 threshold_ms=3000.0 source=coinbase_spot_rest
2026-05-07 23:30:36,913 | INFO | Heartbeat | watch=KXBTC15M-26MAY072345-45 yes_bid=49 yes_ask=50 no_bid=50 no_ask=51 book_ready=True position=False pending=False dry_run=False trust=synced run_id=7437f39b-1eb3-49f7-8cd4-ad295ef23ee6
2026-05-07 23:30:41,080 | INFO | Mushroom v28 BTC REST fallback refreshed stale tick | previous_age_ms=3047.0 threshold_ms=3000.0 source=coinbase_spot_rest
2026-05-07 23:30:45,112 | INFO | Mushroom v28 BTC REST fallback refreshed stale tick | previous_age_ms=3047.0 threshold_ms=3000.0 source=coinbase_spot_rest
2026-05-07 23:30:48,862 | INFO | Mushroom v28 BTC REST fallback refreshed stale tick | previous_age_ms=3016.0 threshold_ms=3000.0 source=coinbase_spot_rest
2026-05-07 23:30:52,851 | INFO | Mushroom v28 BTC REST fallback refreshed stale tick | previous_age_ms=3046.0 threshold_ms=3000.0 source=coinbase_spot_rest
2026-05-07 23:30:52,866 | INFO | Heartbeat | watch=KXBTC15M-26MAY072345-45 yes_bid=53 yes_ask=54 no_bid=46 no_ask=47 book_ready=True position=False pending=False dry_run=False trust=synced run_id=7437f39b-1eb3-49f7-8cd4-ad295ef23ee6
2026-05-07 23:30:56,740 | INFO | Mushroom v28 BTC REST fallback refreshed stale tick | previous_age_ms=3016.0 threshold_ms=3000.0 source=coinbase_spot_rest
2026-05-07 23:31:00,673 | INFO | Mushroom v28 BTC REST fallback refreshed stale tick | previous_age_ms=3031.0 threshold_ms=3000.0 source=coinbase_spot_rest
2026-05-07 23:31:04,438 | INFO | Mushroom v28 BTC REST fallback refreshed stale tick | previous_age_ms=3016.0 threshold_ms=3000.0 source=coinbase_spot_rest
2026-05-07 23:31:08,225 | INFO | Mushroom v28 BTC REST fallback refreshed stale tick | previous_age_ms=3015.0 threshold_ms=3000.0 source=coinbase_spot_rest
2026-05-07 23:31:08,237 | INFO | Heartbeat | watch=KXBTC15M-26MAY072345-45 yes_bid=60 yes_ask=61 no_bid=39 no_ask=40 book_ready=True position=False pending=False dry_run=False trust=synced run_id=7437f39b-1eb3-49f7-8cd4-ad295ef23ee6
2026-05-07 23:31:12,075 | INFO | Mushroom v28 BTC REST fallback refreshed stale tick | previous_age_ms=3031.0 threshold_ms=3000.0 source=coinbase_spot_rest
2026-05-07 23:31:15,995 | INFO | Mushroom v28 BTC REST fallback refreshed stale tick | previous_age_ms=3032.0 threshold_ms=3000.0 source=coinbase_spot_rest
2026-05-07 23:31:19,986 | INFO | Mushroom v28 BTC REST fallback refreshed stale tick | previous_age_ms=3046.0 threshold_ms=3000.0 source=coinbase_spot_rest
2026-05-07 23:31:23,938 | INFO | Mushroom v28 BTC REST fallback refreshed stale tick | previous_age_ms=3031.0 threshold_ms=3000.0 source=coinbase_spot_rest
2026-05-07 23:31:23,941 | INFO | Heartbeat | watch=KXBTC15M-26MAY072345-45 yes_bid=52 yes_ask=53 no_bid=47 no_ask=48 book_ready=True position=False pending=False dry_run=False trust=synced run_id=7437f39b-1eb3-49f7-8cd4-ad295ef23ee6
2026-05-07 23:31:27,728 | INFO | Mushroom v28 BTC REST fallback refreshed stale tick | previous_age_ms=3015.0 threshold_ms=3000.0 source=coinbase_spot_rest
2026-05-07 23:31:31,482 | INFO | Mushroom v28 BTC REST fallback refreshed stale tick | previous_age_ms=3062.0 threshold_ms=3000.0 source=coinbase_spot_rest
2026-05-07 23:31:35,459 | INFO | Mushroom v28 BTC REST fallback refreshed stale tick | previous_age_ms=3031.0 threshold_ms=3000.0 source=coinbase_spot_rest
2026-05-07 23:31:39,246 | INFO | Mushroom v28 BTC REST fallback refreshed stale tick | previous_age_ms=3032.0 threshold_ms=3000.0 source=coinbase_spot_rest
2026-05-07 23:31:39,262 | INFO | Heartbeat | watch=KXBTC15M-26MAY072345-45 yes_bid=54 yes_ask=55 no_bid=45 no_ask=46 book_ready=True position=False pending=False dry_run=False trust=synced run_id=7437f39b-1eb3-49f7-8cd4-ad295ef23ee6
2026-05-07 23:31:43,077 | INFO | Mushroom v28 BTC REST fallback refreshed stale tick | previous_age_ms=3031.0 threshold_ms=3000.0 source=coinbase_spot_rest
2026-05-07 23:31:46,864 | INFO | Mushroom v28 BTC REST fallback refreshed stale tick | previous_age_ms=3032.0 threshold_ms=3000.0 source=coinbase_spot_rest
2026-05-07 23:31:50,736 | INFO | Mushroom v28 BTC REST fallback refreshed stale tick | previous_age_ms=3062.0 threshold_ms=3000.0 source=coinbase_spot_rest
2026-05-07 23:31:54,512 | INFO | Mushroom v28 BTC REST fallback refreshed stale tick | previous_age_ms=3015.0 threshold_ms=3000.0 source=coinbase_spot_rest
2026-05-07 23:31:54,512 | INFO | Heartbeat | watch=KXBTC15M-26MAY072345-45 yes_bid=49 yes_ask=51 no_bid=49 no_ask=51 book_ready=True position=False pending=False dry_run=False trust=synced run_id=7437f39b-1eb3-49f7-8cd4-ad295ef23ee6
2026-05-07 23:31:58,297 | INFO | Mushroom v28 BTC REST fallback refreshed stale tick | previous_age_ms=3031.0 threshold_ms=3000.0 source=coinbase_spot_rest
2026-05-07 23:32:02,214 | INFO | Mushroom v28 BTC REST fallback refreshed stale tick | previous_age_ms=3016.0 threshold_ms=3000.0 source=coinbase_spot_rest
2026-05-07 23:32:06,092 | INFO | Mushroom v28 BTC REST fallback refreshed stale tick | previous_age_ms=3016.0 threshold_ms=3000.0 source=coinbase_spot_rest
2026-05-07 23:32:09,914 | INFO | Mushroom v28 BTC REST fallback refreshed stale tick | previous_age_ms=3016.0 threshold_ms=3000.0 source=coinbase_spot_rest
2026-05-07 23:32:09,923 | INFO | Heartbeat | watch=KXBTC15M-26MAY072345-45 yes_bid=60 yes_ask=61 no_bid=39 no_ask=40 book_ready=True position=False pending=False dry_run=False trust=synced run_id=7437f39b-1eb3-49f7-8cd4-ad295ef23ee6
2026-05-07 23:32:13,664 | INFO | Mushroom v28 BTC REST fallback refreshed stale tick | previous_age_ms=3032.0 threshold_ms=3000.0 source=coinbase_spot_rest
2026-05-07 23:32:17,528 | INFO | Mushroom v28 BTC REST fallback refreshed stale tick | previous_age_ms=3016.0 threshold_ms=3000.0 source=coinbase_spot_rest
2026-05-07 23:32:21,441 | INFO | Mushroom v28 BTC REST fallback refreshed stale tick | previous_age_ms=3015.0 threshold_ms=3000.0 source=coinbase_spot_rest
2026-05-07 23:32:25,472 | INFO | Mushroom v28 BTC REST fallback refreshed stale tick | previous_age_ms=3047.0 threshold_ms=3000.0 source=coinbase_spot_rest
2026-05-07 23:32:25,482 | INFO | Heartbeat | watch=KXBTC15M-26MAY072345-45 yes_bid=63 yes_ask=65 no_bid=35 no_ask=37 book_ready=True position=False pending=False dry_run=False trust=synced run_id=7437f39b-1eb3-49f7-8cd4-ad295ef23ee6
2026-05-07 23:32:29,284 | INFO | Mushroom v28 BTC REST fallback refreshed stale tick | previous_age_ms=3031.0 threshold_ms=3000.0 source=coinbase_spot_rest
2026-05-07 23:32:33,057 | INFO | Mushroom v28 BTC REST fallback refreshed stale tick | previous_age_ms=3016.0 threshold_ms=3000.0 source=coinbase_spot_rest
2026-05-07 23:32:36,733 | INFO | Mushroom v28 BTC REST fallback refreshed stale tick | previous_age_ms=3047.0 threshold_ms=3000.0 source=coinbase_spot_rest
2026-05-07 23:32:40,368 | INFO | Mushroom v28 BTC REST fallback refreshed stale tick | previous_age_ms=3016.0 threshold_ms=3000.0 source=coinbase_spot_rest
2026-05-07 23:32:40,495 | INFO | Heartbeat | watch=KXBTC15M-26MAY072345-45 yes_bid=66 yes_ask=68 no_bid=32 no_ask=34 book_ready=True position=False pending=False dry_run=False trust=synced run_id=7437f39b-1eb3-49f7-8cd4-ad295ef23ee6
2026-05-07 23:32:44,240 | INFO | Mushroom v28 BTC REST fallback refreshed stale tick | previous_age_ms=3062.0 threshold_ms=3000.0 source=coinbase_spot_rest
2026-05-07 23:32:48,079 | INFO | Mushroom v28 BTC REST fallback refreshed stale tick | previous_age_ms=3015.0 threshold_ms=3000.0 source=coinbase_spot_rest
2026-05-07 23:32:52,011 | INFO | Mushroom v28 BTC REST fallback refreshed stale tick | previous_age_ms=3047.0 threshold_ms=3000.0 source=coinbase_spot_rest
2026-05-07 23:32:56,155 | INFO | Mushroom v28 BTC REST fallback refreshed stale tick | previous_age_ms=3031.0 threshold_ms=3000.0 source=coinbase_spot_rest
2026-05-07 23:32:56,167 | INFO | Heartbeat | watch=KXBTC15M-26MAY072345-45 yes_bid=61 yes_ask=64 no_bid=36 no_ask=39 book_ready=True position=False pending=False dry_run=False trust=synced run_id=7437f39b-1eb3-49f7-8cd4-ad295ef23ee6
2026-05-07 23:32:59,751 | INFO | Mushroom v28 BTC REST fallback refreshed stale tick | previous_age_ms=3016.0 threshold_ms=3000.0 source=coinbase_spot_rest
2026-05-07 23:33:03,698 | INFO | Mushroom v28 BTC REST fallback refreshed stale tick | previous_age_ms=3047.0 threshold_ms=3000.0 source=coinbase_spot_rest
2026-05-07 23:33:07,522 | INFO | Mushroom v28 BTC REST fallback refreshed stale tick | previous_age_ms=3047.0 threshold_ms=3000.0 source=coinbase_spot_rest
2026-05-07 23:33:11,475 | INFO | Mushroom v28 BTC REST fallback refreshed stale tick | previous_age_ms=3015.0 threshold_ms=3000.0 source=coinbase_spot_rest
2026-05-07 23:33:11,486 | INFO | Heartbeat | watch=KXBTC15M-26MAY072345-45 yes_bid=56 yes_ask=58 no_bid=42 no_ask=44 book_ready=True position=False pending=False dry_run=False trust=synced run_id=7437f39b-1eb3-49f7-8cd4-ad295ef23ee6
2026-05-07 23:33:15,328 | INFO | Mushroom v28 BTC REST fallback refreshed stale tick | previous_age_ms=3047.0 threshold_ms=3000.0 source=coinbase_spot_rest
2026-05-07 23:33:19,275 | INFO | Mushroom v28 BTC REST fallback refreshed stale tick | previous_age_ms=3032.0 threshold_ms=3000.0 source=coinbase_spot_rest
2026-05-07 23:33:23,146 | INFO | Mushroom v28 BTC REST fallback refreshed stale tick | previous_age_ms=3031.0 threshold_ms=3000.0 source=coinbase_spot_rest
2026-05-07 23:33:27,109 | INFO | Mushroom v28 BTC REST fallback refreshed stale tick | previous_age_ms=3031.0 threshold_ms=3000.0 source=coinbase_spot_rest
2026-05-07 23:33:27,121 | INFO | Heartbeat | watch=KXBTC15M-26MAY072345-45 yes_bid=65 yes_ask=67 no_bid=33 no_ask=35 book_ready=True position=False pending=False dry_run=False trust=synced run_id=7437f39b-1eb3-49f7-8cd4-ad295ef23ee6
2026-05-07 23:33:31,038 | INFO | Mushroom v28 BTC REST fallback refreshed stale tick | previous_age_ms=3016.0 threshold_ms=3000.0 source=coinbase_spot_rest
2026-05-07 23:33:35,096 | INFO | Mushroom v28 BTC REST fallback refreshed stale tick | previous_age_ms=3047.0 threshold_ms=3000.0 source=coinbase_spot_rest
2026-05-07 23:33:38,896 | INFO | Mushroom v28 BTC REST fallback refreshed stale tick | previous_age_ms=3062.0 threshold_ms=3000.0 source=coinbase_spot_rest
2026-05-07 23:33:42,785 | INFO | Mushroom v28 BTC REST fallback refreshed stale tick | previous_age_ms=3031.0 threshold_ms=3000.0 source=coinbase_spot_rest
2026-05-07 23:33:42,800 | INFO | Heartbeat | watch=KXBTC15M-26MAY072345-45 yes_bid=71 yes_ask=72 no_bid=28 no_ask=29 book_ready=True position=False pending=False dry_run=False trust=synced run_id=7437f39b-1eb3-49f7-8cd4-ad295ef23ee6
2026-05-07 23:33:46,653 | INFO | Mushroom v28 BTC REST fallback refreshed stale tick | previous_age_ms=3016.0 threshold_ms=3000.0 source=coinbase_spot_rest
2026-05-07 23:33:50,408 | INFO | Mushroom v28 BTC REST fallback refreshed stale tick | previous_age_ms=3031.0 threshold_ms=3000.0 source=coinbase_spot_rest
2026-05-07 23:33:54,232 | INFO | Mushroom v28 BTC REST fallback refreshed stale tick | previous_age_ms=3032.0 threshold_ms=3000.0 source=coinbase_spot_rest
2026-05-07 23:33:58,026 | INFO | Mushroom v28 BTC REST fallback refreshed stale tick | previous_age_ms=3016.0 threshold_ms=3000.0 source=coinbase_spot_rest
2026-05-07 23:33:58,026 | INFO | Heartbeat | watch=KXBTC15M-26MAY072345-45 yes_bid=68 yes_ask=69 no_bid=31 no_ask=32 book_ready=True position=False pending=False dry_run=False trust=synced run_id=7437f39b-1eb3-49f7-8cd4-ad295ef23ee6
2026-05-07 23:34:01,830 | INFO | Mushroom v28 BTC REST fallback refreshed stale tick | previous_age_ms=3015.0 threshold_ms=3000.0 source=coinbase_spot_rest
2026-05-07 23:34:05,731 | INFO | Mushroom v28 BTC REST fallback refreshed stale tick | previous_age_ms=3047.0 threshold_ms=3000.0 source=coinbase_spot_rest
2026-05-07 23:34:09,532 | INFO | Mushroom v28 BTC REST fallback refreshed stale tick | previous_age_ms=3031.0 threshold_ms=3000.0 source=coinbase_spot_rest
2026-05-07 23:34:13,391 | INFO | Mushroom v28 BTC REST fallback refreshed stale tick | previous_age_ms=3016.0 threshold_ms=3000.0 source=coinbase_spot_rest
2026-05-07 23:34:13,394 | INFO | Heartbeat | watch=KXBTC15M-26MAY072345-45 yes_bid=68 yes_ask=69 no_bid=31 no_ask=32 book_ready=True position=False pending=False dry_run=False trust=synced run_id=7437f39b-1eb3-49f7-8cd4-ad295ef23ee6
2026-05-07 23:34:17,250 | INFO | Mushroom v28 BTC REST fallback refreshed stale tick | previous_age_ms=3031.0 threshold_ms=3000.0 source=coinbase_spot_rest
2026-05-07 23:34:20,878 | INFO | Mushroom v28 BTC REST fallback refreshed stale tick | previous_age_ms=3031.0 threshold_ms=3000.0 source=coinbase_spot_rest
2026-05-07 23:34:24,888 | INFO | Mushroom v28 BTC REST fallback refreshed stale tick | previous_age_ms=3047.0 threshold_ms=3000.0 source=coinbase_spot_rest
2026-05-07 23:34:28,553 | INFO | Mushroom v28 BTC REST fallback refreshed stale tick | previous_age_ms=3047.0 threshold_ms=3000.0 source=coinbase_spot_rest
2026-05-07 23:34:28,555 | INFO | Heartbeat | watch=KXBTC15M-26MAY072345-45 yes_bid=70 yes_ask=71 no_bid=29 no_ask=30 book_ready=True position=False pending=False dry_run=False trust=synced run_id=7437f39b-1eb3-49f7-8cd4-ad295ef23ee6
2026-05-07 23:34:32,248 | INFO | Mushroom v28 BTC REST fallback refreshed stale tick | previous_age_ms=3031.0 threshold_ms=3000.0 source=coinbase_spot_rest
2026-05-07 23:34:36,027 | INFO | Mushroom v28 BTC REST fallback refreshed stale tick | previous_age_ms=3031.0 threshold_ms=3000.0 source=coinbase_spot_rest
2026-05-07 23:34:39,902 | INFO | Mushroom v28 BTC REST fallback refreshed stale tick | previous_age_ms=3031.0 threshold_ms=3000.0 source=coinbase_spot_rest
2026-05-07 23:34:43,713 | INFO | Mushroom v28 BTC REST fallback refreshed stale tick | previous_age_ms=3062.0 threshold_ms=3000.0 source=coinbase_spot_rest
2026-05-07 23:34:43,725 | INFO | Heartbeat | watch=KXBTC15M-26MAY072345-45 yes_bid=67 yes_ask=68 no_bid=32 no_ask=33 book_ready=True position=False pending=False dry_run=False trust=synced run_id=7437f39b-1eb3-49f7-8cd4-ad295ef23ee6
2026-05-07 23:34:47,714 | INFO | Mushroom v28 BTC REST fallback refreshed stale tick | previous_age_ms=3063.0 threshold_ms=3000.0 source=coinbase_spot_rest
2026-05-07 23:34:51,445 | INFO | Mushroom v28 BTC REST fallback refreshed stale tick | previous_age_ms=3047.0 threshold_ms=3000.0 source=coinbase_spot_rest
2026-05-07 23:34:55,246 | INFO | Mushroom v28 BTC REST fallback refreshed stale tick | previous_age_ms=3031.0 threshold_ms=3000.0 source=coinbase_spot_rest
2026-05-07 23:34:59,028 | INFO | Mushroom v28 BTC REST fallback refreshed stale tick | previous_age_ms=3031.0 threshold_ms=3000.0 source=coinbase_spot_rest
2026-05-07 23:34:59,036 | INFO | Heartbeat | watch=KXBTC15M-26MAY072345-45 yes_bid=70 yes_ask=71 no_bid=29 no_ask=30 book_ready=True position=False pending=False dry_run=False trust=synced run_id=7437f39b-1eb3-49f7-8cd4-ad295ef23ee6
2026-05-07 23:35:03,106 | INFO | Mushroom v28 BTC REST fallback refreshed stale tick | previous_age_ms=3063.0 threshold_ms=3000.0 source=coinbase_spot_rest
2026-05-07 23:35:06,975 | INFO | Mushroom v28 BTC REST fallback refreshed stale tick | previous_age_ms=3046.0 threshold_ms=3000.0 source=coinbase_spot_rest
2026-05-07 23:35:10,807 | INFO | Mushroom v28 BTC REST fallback refreshed stale tick | previous_age_ms=3031.0 threshold_ms=3000.0 source=coinbase_spot_rest
2026-05-07 23:35:14,465 | INFO | Mushroom v28 BTC REST fallback refreshed stale tick | previous_age_ms=3031.0 threshold_ms=3000.0 source=coinbase_spot_rest
2026-05-07 23:35:14,481 | INFO | Heartbeat | watch=KXBTC15M-26MAY072345-45 yes_bid=67 yes_ask=68 no_bid=32 no_ask=33 book_ready=True position=False pending=False dry_run=False trust=synced run_id=7437f39b-1eb3-49f7-8cd4-ad295ef23ee6
2026-05-07 23:35:18,096 | INFO | Mushroom v28 BTC REST fallback refreshed stale tick | previous_age_ms=3016.0 threshold_ms=3000.0 source=coinbase_spot_rest
2026-05-07 23:35:21,854 | INFO | Mushroom v28 BTC REST fallback refreshed stale tick | previous_age_ms=3016.0 threshold_ms=3000.0 source=coinbase_spot_rest
2026-05-07 23:35:25,615 | INFO | Mushroom v28 BTC REST fallback refreshed stale tick | previous_age_ms=3031.0 threshold_ms=3000.0 source=coinbase_spot_rest
2026-05-07 23:35:29,582 | INFO | Mushroom v28 BTC REST fallback refreshed stale tick | previous_age_ms=3031.0 threshold_ms=3000.0 source=coinbase_spot_rest
2026-05-07 23:35:29,594 | INFO | Heartbeat | watch=KXBTC15M-26MAY072345-45 yes_bid=68 yes_ask=69 no_bid=31 no_ask=32 book_ready=True position=False pending=False dry_run=False trust=synced run_id=7437f39b-1eb3-49f7-8cd4-ad295ef23ee6
2026-05-07 23:35:33,515 | INFO | Mushroom v28 BTC REST fallback refreshed stale tick | previous_age_ms=3032.0 threshold_ms=3000.0 source=coinbase_spot_rest
2026-05-07 23:35:37,265 | INFO | Mushroom v28 BTC REST fallback refreshed stale tick | previous_age_ms=3047.0 threshold_ms=3000.0 source=coinbase_spot_rest
2026-05-07 23:35:41,030 | INFO | Mushroom v28 BTC REST fallback refreshed stale tick | previous_age_ms=3047.0 threshold_ms=3000.0 source=coinbase_spot_rest
2026-05-07 23:35:45,225 | INFO | Mushroom v28 BTC REST fallback refreshed stale tick | previous_age_ms=3016.0 threshold_ms=3000.0 source=coinbase_spot_rest
2026-05-07 23:35:45,237 | INFO | Heartbeat | watch=KXBTC15M-26MAY072345-45 yes_bid=63 yes_ask=64 no_bid=36 no_ask=37 book_ready=True position=False pending=False dry_run=False trust=synced run_id=7437f39b-1eb3-49f7-8cd4-ad295ef23ee6
2026-05-07 23:35:49,186 | INFO | Mushroom v28 BTC REST fallback refreshed stale tick | previous_age_ms=3016.0 threshold_ms=3000.0 source=coinbase_spot_rest
2026-05-07 23:35:53,116 | INFO | Mushroom v28 BTC REST fallback refreshed stale tick | previous_age_ms=3016.0 threshold_ms=3000.0 source=coinbase_spot_rest
2026-05-07 23:35:56,867 | INFO | Mushroom v28 BTC REST fallback refreshed stale tick | previous_age_ms=3046.0 threshold_ms=3000.0 source=coinbase_spot_rest
2026-05-07 23:36:00,676 | INFO | Mushroom v28 BTC REST fallback refreshed stale tick | previous_age_ms=3031.0 threshold_ms=3000.0 source=coinbase_spot_rest
2026-05-07 23:36:00,687 | INFO | Heartbeat | watch=KXBTC15M-26MAY072345-45 yes_bid=69 yes_ask=70 no_bid=30 no_ask=31 book_ready=True position=False pending=False dry_run=False trust=synced run_id=7437f39b-1eb3-49f7-8cd4-ad295ef23ee6
2026-05-07 23:36:04,649 | INFO | Mushroom v28 BTC REST fallback refreshed stale tick | previous_age_ms=3047.0 threshold_ms=3000.0 source=coinbase_spot_rest
2026-05-07 23:36:08,765 | INFO | Mushroom v28 BTC REST fallback refreshed stale tick | previous_age_ms=3047.0 threshold_ms=3000.0 source=coinbase_spot_rest
2026-05-07 23:36:12,600 | INFO | Mushroom v28 BTC REST fallback refreshed stale tick | previous_age_ms=3015.0 threshold_ms=3000.0 source=coinbase_spot_rest
2026-05-07 23:36:16,412 | INFO | Mushroom v28 BTC REST fallback refreshed stale tick | previous_age_ms=3016.0 threshold_ms=3000.0 source=coinbase_spot_rest
2026-05-07 23:36:16,426 | INFO | Heartbeat | watch=KXBTC15M-26MAY072345-45 yes_bid=79 yes_ask=80 no_bid=20 no_ask=21 book_ready=True position=False pending=False dry_run=False trust=synced run_id=7437f39b-1eb3-49f7-8cd4-ad295ef23ee6
2026-05-07 23:36:20,151 | INFO | Mushroom v28 BTC REST fallback refreshed stale tick | previous_age_ms=3047.0 threshold_ms=3000.0 source=coinbase_spot_rest
2026-05-07 23:36:23,846 | INFO | Mushroom v28 BTC REST fallback refreshed stale tick | previous_age_ms=3015.0 threshold_ms=3000.0 source=coinbase_spot_rest
2026-05-07 23:36:27,787 | INFO | Mushroom v28 BTC REST fallback refreshed stale tick | previous_age_ms=3031.0 threshold_ms=3000.0 source=coinbase_spot_rest
2026-05-07 23:36:31,719 | INFO | Mushroom v28 BTC REST fallback refreshed stale tick | previous_age_ms=3032.0 threshold_ms=3000.0 source=coinbase_spot_rest
2026-05-07 23:36:31,725 | INFO | Heartbeat | watch=KXBTC15M-26MAY072345-45 yes_bid=78 yes_ask=79 no_bid=21 no_ask=22 book_ready=True position=False pending=False dry_run=False trust=synced run_id=7437f39b-1eb3-49f7-8cd4-ad295ef23ee6
2026-05-07 23:36:35,819 | INFO | Mushroom v28 BTC REST fallback refreshed stale tick | previous_age_ms=3062.0 threshold_ms=3000.0 source=coinbase_spot_rest
2026-05-07 23:36:39,926 | INFO | Mushroom v28 BTC REST fallback refreshed stale tick | previous_age_ms=3015.0 threshold_ms=3000.0 source=coinbase_spot_rest
2026-05-07 23:36:43,905 | INFO | Mushroom v28 BTC REST fallback refreshed stale tick | previous_age_ms=3016.0 threshold_ms=3000.0 source=coinbase_spot_rest
2026-05-07 23:36:46,726 | INFO | Heartbeat | watch=KXBTC15M-26MAY072345-45 yes_bid=70 yes_ask=71 no_bid=29 no_ask=30 book_ready=True position=False pending=False dry_run=False trust=synced run_id=7437f39b-1eb3-49f7-8cd4-ad295ef23ee6
2026-05-07 23:36:47,978 | INFO | Mushroom v28 BTC REST fallback refreshed stale tick | previous_age_ms=3015.0 threshold_ms=3000.0 source=coinbase_spot_rest
2026-05-07 23:36:51,759 | INFO | Mushroom v28 BTC REST fallback refreshed stale tick | previous_age_ms=3016.0 threshold_ms=3000.0 source=coinbase_spot_rest
2026-05-07 23:36:55,613 | INFO | Mushroom v28 BTC REST fallback refreshed stale tick | previous_age_ms=3063.0 threshold_ms=3000.0 source=coinbase_spot_rest
2026-05-07 23:36:59,585 | INFO | Mushroom v28 BTC REST fallback refreshed stale tick | previous_age_ms=3015.0 threshold_ms=3000.0 source=coinbase_spot_rest
2026-05-07 23:37:01,771 | INFO | Heartbeat | watch=KXBTC15M-26MAY072345-45 yes_bid=70 yes_ask=71 no_bid=29 no_ask=30 book_ready=True position=False pending=False dry_run=False trust=synced run_id=7437f39b-1eb3-49f7-8cd4-ad295ef23ee6
2026-05-07 23:37:03,673 | INFO | Mushroom v28 BTC REST fallback refreshed stale tick | previous_age_ms=3032.0 threshold_ms=3000.0 source=coinbase_spot_rest
2026-05-07 23:37:07,473 | INFO | Mushroom v28 BTC REST fallback refreshed stale tick | previous_age_ms=3063.0 threshold_ms=3000.0 source=coinbase_spot_rest
2026-05-07 23:37:11,341 | INFO | Mushroom v28 BTC REST fallback refreshed stale tick | previous_age_ms=3016.0 threshold_ms=3000.0 source=coinbase_spot_rest
2026-05-07 23:37:15,355 | INFO | Mushroom v28 BTC REST fallback refreshed stale tick | previous_age_ms=3047.0 threshold_ms=3000.0 source=coinbase_spot_rest
2026-05-07 23:37:16,801 | INFO | Heartbeat | watch=KXBTC15M-26MAY072345-45 yes_bid=71 yes_ask=72 no_bid=28 no_ask=29 book_ready=True position=False pending=False dry_run=False trust=synced run_id=7437f39b-1eb3-49f7-8cd4-ad295ef23ee6
2026-05-07 23:37:19,254 | INFO | Mushroom v28 BTC REST fallback refreshed stale tick | previous_age_ms=3047.0 threshold_ms=3000.0 source=coinbase_spot_rest
2026-05-07 23:37:23,073 | INFO | Mushroom v28 BTC REST fallback refreshed stale tick | previous_age_ms=3063.0 threshold_ms=3000.0 source=coinbase_spot_rest
2026-05-07 23:37:26,904 | INFO | Mushroom v28 BTC REST fallback refreshed stale tick | previous_age_ms=3031.0 threshold_ms=3000.0 source=coinbase_spot_rest
2026-05-07 23:37:30,724 | INFO | Mushroom v28 BTC REST fallback refreshed stale tick | previous_age_ms=3031.0 threshold_ms=3000.0 source=coinbase_spot_rest
2026-05-07 23:37:31,889 | INFO | Heartbeat | watch=KXBTC15M-26MAY072345-45 yes_bid=71 yes_ask=73 no_bid=27 no_ask=29 book_ready=True position=False pending=False dry_run=False trust=synced run_id=7437f39b-1eb3-49f7-8cd4-ad295ef23ee6
2026-05-07 23:37:34,467 | INFO | Mushroom v28 BTC REST fallback refreshed stale tick | previous_age_ms=3031.0 threshold_ms=3000.0 source=coinbase_spot_rest
2026-05-07 23:37:38,456 | INFO | Mushroom v28 BTC REST fallback refreshed stale tick | previous_age_ms=3016.0 threshold_ms=3000.0 source=coinbase_spot_rest
2026-05-07 23:37:42,429 | INFO | Mushroom v28 BTC REST fallback refreshed stale tick | previous_age_ms=3032.0 threshold_ms=3000.0 source=coinbase_spot_rest
2026-05-07 23:37:46,574 | INFO | Mushroom v28 BTC REST fallback refreshed stale tick | previous_age_ms=3047.0 threshold_ms=3000.0 source=coinbase_spot_rest
2026-05-07 23:37:46,933 | INFO | Heartbeat | watch=KXBTC15M-26MAY072345-45 yes_bid=71 yes_ask=73 no_bid=27 no_ask=29 book_ready=True position=False pending=False dry_run=False trust=synced run_id=7437f39b-1eb3-49f7-8cd4-ad295ef23ee6
2026-05-07 23:37:50,420 | INFO | Mushroom v28 BTC REST fallback refreshed stale tick | previous_age_ms=3031.0 threshold_ms=3000.0 source=coinbase_spot_rest
2026-05-07 23:37:54,217 | INFO | Mushroom v28 BTC REST fallback refreshed stale tick | previous_age_ms=3016.0 threshold_ms=3000.0 source=coinbase_spot_rest
2026-05-07 23:37:58,044 | INFO | Mushroom v28 BTC REST fallback refreshed stale tick | previous_age_ms=3047.0 threshold_ms=3000.0 source=coinbase_spot_rest
2026-05-07 23:38:01,849 | INFO | Mushroom v28 BTC REST fallback refreshed stale tick | previous_age_ms=3032.0 threshold_ms=3000.0 source=coinbase_spot_rest
2026-05-07 23:38:01,954 | INFO | Heartbeat | watch=KXBTC15M-26MAY072345-45 yes_bid=72 yes_ask=74 no_bid=26 no_ask=28 book_ready=True position=False pending=False dry_run=False trust=synced run_id=7437f39b-1eb3-49f7-8cd4-ad295ef23ee6
2026-05-07 23:38:05,647 | INFO | Mushroom v28 BTC REST fallback refreshed stale tick | previous_age_ms=3031.0 threshold_ms=3000.0 source=coinbase_spot_rest
2026-05-07 23:38:09,512 | INFO | Mushroom v28 BTC REST fallback refreshed stale tick | previous_age_ms=3031.0 threshold_ms=3000.0 source=coinbase_spot_rest
2026-05-07 23:38:13,389 | INFO | Mushroom v28 BTC REST fallback refreshed stale tick | previous_age_ms=3047.0 threshold_ms=3000.0 source=coinbase_spot_rest
2026-05-07 23:38:17,481 | INFO | Mushroom v28 BTC REST fallback refreshed stale tick | previous_age_ms=3047.0 threshold_ms=3000.0 source=coinbase_spot_rest
2026-05-07 23:38:17,484 | INFO | Heartbeat | watch=KXBTC15M-26MAY072345-45 yes_bid=72 yes_ask=75 no_bid=25 no_ask=28 book_ready=True position=False pending=False dry_run=False trust=synced run_id=7437f39b-1eb3-49f7-8cd4-ad295ef23ee6
2026-05-07 23:38:21,192 | INFO | Mushroom v28 BTC REST fallback refreshed stale tick | previous_age_ms=3016.0 threshold_ms=3000.0 source=coinbase_spot_rest
2026-05-07 23:38:25,172 | INFO | Mushroom v28 BTC REST fallback refreshed stale tick | previous_age_ms=3015.0 threshold_ms=3000.0 source=coinbase_spot_rest
2026-05-07 23:38:28,915 | INFO | Mushroom v28 BTC REST fallback refreshed stale tick | previous_age_ms=3016.0 threshold_ms=3000.0 source=coinbase_spot_rest
2026-05-07 23:38:32,638 | INFO | Mushroom v28 BTC REST fallback refreshed stale tick | previous_age_ms=3016.0 threshold_ms=3000.0 source=coinbase_spot_rest
2026-05-07 23:38:32,650 | INFO | Heartbeat | watch=KXBTC15M-26MAY072345-45 yes_bid=74 yes_ask=75 no_bid=25 no_ask=26 book_ready=True position=False pending=False dry_run=False trust=synced run_id=7437f39b-1eb3-49f7-8cd4-ad295ef23ee6
2026-05-07 23:38:36,486 | INFO | Mushroom v28 BTC REST fallback refreshed stale tick | previous_age_ms=3063.0 threshold_ms=3000.0 source=coinbase_spot_rest
2026-05-07 23:38:40,211 | INFO | Mushroom v28 BTC REST fallback refreshed stale tick | previous_age_ms=3031.0 threshold_ms=3000.0 source=coinbase_spot_rest
2026-05-07 23:38:44,055 | INFO | Mushroom v28 BTC REST fallback refreshed stale tick | previous_age_ms=3032.0 threshold_ms=3000.0 source=coinbase_spot_rest
2026-05-07 23:38:48,030 | INFO | Mushroom v28 BTC REST fallback refreshed stale tick | previous_age_ms=3031.0 threshold_ms=3000.0 source=coinbase_spot_rest
2026-05-07 23:38:48,032 | INFO | Heartbeat | watch=KXBTC15M-26MAY072345-45 yes_bid=77 yes_ask=78 no_bid=22 no_ask=23 book_ready=True position=False pending=False dry_run=False trust=synced run_id=7437f39b-1eb3-49f7-8cd4-ad295ef23ee6
2026-05-07 23:38:51,919 | INFO | Mushroom v28 BTC REST fallback refreshed stale tick | previous_age_ms=3031.0 threshold_ms=3000.0 source=coinbase_spot_rest
2026-05-07 23:38:55,720 | INFO | Mushroom v28 BTC REST fallback refreshed stale tick | previous_age_ms=3047.0 threshold_ms=3000.0 source=coinbase_spot_rest
2026-05-07 23:38:59,553 | INFO | Mushroom v28 BTC REST fallback refreshed stale tick | previous_age_ms=3047.0 threshold_ms=3000.0 source=coinbase_spot_rest
2026-05-07 23:39:03,277 | INFO | Mushroom v28 BTC REST fallback refreshed stale tick | previous_age_ms=3063.0 threshold_ms=3000.0 source=coinbase_spot_rest
2026-05-07 23:39:03,286 | INFO | Heartbeat | watch=KXBTC15M-26MAY072345-45 yes_bid=77 yes_ask=78 no_bid=22 no_ask=23 book_ready=True position=False pending=False dry_run=False trust=synced run_id=7437f39b-1eb3-49f7-8cd4-ad295ef23ee6
2026-05-07 23:39:07,228 | INFO | Mushroom v28 BTC REST fallback refreshed stale tick | previous_age_ms=3047.0 threshold_ms=3000.0 source=coinbase_spot_rest
2026-05-07 23:39:11,104 | INFO | Mushroom v28 BTC REST fallback refreshed stale tick | previous_age_ms=3047.0 threshold_ms=3000.0 source=coinbase_spot_rest
2026-05-07 23:39:15,121 | INFO | Mushroom v28 BTC REST fallback refreshed stale tick | previous_age_ms=3016.0 threshold_ms=3000.0 source=coinbase_spot_rest
2026-05-07 23:39:18,835 | INFO | Mushroom v28 BTC REST fallback refreshed stale tick | previous_age_ms=3109.0 threshold_ms=3000.0 source=coinbase_spot_rest
2026-05-07 23:39:18,849 | INFO | Heartbeat | watch=KXBTC15M-26MAY072345-45 yes_bid=73 yes_ask=75 no_bid=25 no_ask=27 book_ready=True position=False pending=False dry_run=False trust=synced run_id=7437f39b-1eb3-49f7-8cd4-ad295ef23ee6
2026-05-07 23:39:22,713 | INFO | Mushroom v28 BTC REST fallback refreshed stale tick | previous_age_ms=3047.0 threshold_ms=3000.0 source=coinbase_spot_rest
2026-05-07 23:39:26,507 | INFO | Mushroom v28 BTC REST fallback refreshed stale tick | previous_age_ms=3078.0 threshold_ms=3000.0 source=coinbase_spot_rest
2026-05-07 23:39:30,150 | INFO | Mushroom v28 BTC REST fallback refreshed stale tick | previous_age_ms=3016.0 threshold_ms=3000.0 source=coinbase_spot_rest
2026-05-07 23:39:33,934 | INFO | Mushroom v28 BTC REST fallback refreshed stale tick | previous_age_ms=3047.0 threshold_ms=3000.0 source=coinbase_spot_rest
2026-05-07 23:39:33,945 | INFO | Heartbeat | watch=KXBTC15M-26MAY072345-45 yes_bid=70 yes_ask=72 no_bid=28 no_ask=30 book_ready=True position=False pending=False dry_run=False trust=synced run_id=7437f39b-1eb3-49f7-8cd4-ad295ef23ee6
2026-05-07 23:39:37,823 | INFO | Mushroom v28 BTC REST fallback refreshed stale tick | previous_age_ms=3063.0 threshold_ms=3000.0 source=coinbase_spot_rest
2026-05-07 23:39:41,597 | INFO | Mushroom v28 BTC REST fallback refreshed stale tick | previous_age_ms=3062.0 threshold_ms=3000.0 source=coinbase_spot_rest
2026-05-07 23:39:45,777 | INFO | Mushroom v28 BTC REST fallback refreshed stale tick | previous_age_ms=3047.0 threshold_ms=3000.0 source=coinbase_spot_rest
2026-05-07 23:39:49,789 | INFO | Mushroom v28 BTC REST fallback refreshed stale tick | previous_age_ms=3062.0 threshold_ms=3000.0 source=coinbase_spot_rest
2026-05-07 23:39:49,801 | INFO | Heartbeat | watch=KXBTC15M-26MAY072345-45 yes_bid=80 yes_ask=81 no_bid=19 no_ask=20 book_ready=True position=False pending=False dry_run=False trust=synced run_id=7437f39b-1eb3-49f7-8cd4-ad295ef23ee6
2026-05-07 23:39:53,869 | INFO | Mushroom v28 BTC REST fallback refreshed stale tick | previous_age_ms=3032.0 threshold_ms=3000.0 source=coinbase_spot_rest
2026-05-07 23:39:57,688 | INFO | Mushroom v28 BTC REST fallback refreshed stale tick | previous_age_ms=3062.0 threshold_ms=3000.0 source=coinbase_spot_rest
2026-05-07 23:40:01,600 | INFO | Mushroom v28 BTC REST fallback refreshed stale tick | previous_age_ms=3062.0 threshold_ms=3000.0 source=coinbase_spot_rest
2026-05-07 23:40:05,443 | INFO | Mushroom v28 BTC REST fallback refreshed stale tick | previous_age_ms=3031.0 threshold_ms=3000.0 source=coinbase_spot_rest
2026-05-07 23:40:05,455 | INFO | Heartbeat | watch=KXBTC15M-26MAY072345-45 yes_bid=82 yes_ask=83 no_bid=17 no_ask=18 book_ready=True position=False pending=False dry_run=False trust=synced run_id=7437f39b-1eb3-49f7-8cd4-ad295ef23ee6
2026-05-07 23:40:09,387 | INFO | Mushroom v28 BTC REST fallback refreshed stale tick | previous_age_ms=3031.0 threshold_ms=3000.0 source=coinbase_spot_rest
2026-05-07 23:40:13,257 | INFO | Mushroom v28 BTC REST fallback refreshed stale tick | previous_age_ms=3016.0 threshold_ms=3000.0 source=coinbase_spot_rest
2026-05-07 23:40:17,081 | INFO | Mushroom v28 BTC REST fallback refreshed stale tick | previous_age_ms=3016.0 threshold_ms=3000.0 source=coinbase_spot_rest
2026-05-07 23:40:20,824 | INFO | Mushroom v28 BTC REST fallback refreshed stale tick | previous_age_ms=3016.0 threshold_ms=3000.0 source=coinbase_spot_rest
2026-05-07 23:40:20,833 | INFO | Heartbeat | watch=KXBTC15M-26MAY072345-45 yes_bid=85 yes_ask=87 no_bid=13 no_ask=15 book_ready=True position=False pending=False dry_run=False trust=synced run_id=7437f39b-1eb3-49f7-8cd4-ad295ef23ee6
2026-05-07 23:40:24,536 | INFO | Mushroom v28 BTC REST fallback refreshed stale tick | previous_age_ms=3062.0 threshold_ms=3000.0 source=coinbase_spot_rest
2026-05-07 23:40:28,287 | INFO | Mushroom v28 BTC REST fallback refreshed stale tick | previous_age_ms=3047.0 threshold_ms=3000.0 source=coinbase_spot_rest
2026-05-07 23:40:31,898 | INFO | Mushroom v28 BTC REST fallback refreshed stale tick | previous_age_ms=3032.0 threshold_ms=3000.0 source=coinbase_spot_rest
2026-05-07 23:40:35,775 | INFO | Mushroom v28 BTC REST fallback refreshed stale tick | previous_age_ms=3062.0 threshold_ms=3000.0 source=coinbase_spot_rest
2026-05-07 23:40:35,901 | INFO | Heartbeat | watch=KXBTC15M-26MAY072345-45 yes_bid=93 yes_ask=93 no_bid=7 no_ask=7 book_ready=True position=False pending=False dry_run=False trust=synced run_id=7437f39b-1eb3-49f7-8cd4-ad295ef23ee6
2026-05-07 23:40:39,669 | INFO | Mushroom v28 BTC REST fallback refreshed stale tick | previous_age_ms=3047.0 threshold_ms=3000.0 source=coinbase_spot_rest
2026-05-07 23:40:43,669 | INFO | Mushroom v28 BTC REST fallback refreshed stale tick | previous_age_ms=3063.0 threshold_ms=3000.0 source=coinbase_spot_rest
2026-05-07 23:40:47,548 | INFO | Mushroom v28 BTC REST fallback refreshed stale tick | previous_age_ms=3016.0 threshold_ms=3000.0 source=coinbase_spot_rest
2026-05-07 23:40:51,442 | INFO | Mushroom v28 BTC REST fallback refreshed stale tick | previous_age_ms=3047.0 threshold_ms=3000.0 source=coinbase_spot_rest
2026-05-07 23:40:51,444 | INFO | Heartbeat | watch=KXBTC15M-26MAY072345-45 yes_bid=92 yes_ask=93 no_bid=7 no_ask=8 book_ready=True position=False pending=False dry_run=False trust=synced run_id=7437f39b-1eb3-49f7-8cd4-ad295ef23ee6
2026-05-07 23:40:55,121 | INFO | Mushroom v28 BTC REST fallback refreshed stale tick | previous_age_ms=3031.0 threshold_ms=3000.0 source=coinbase_spot_rest
2026-05-07 23:40:58,881 | INFO | Mushroom v28 BTC REST fallback refreshed stale tick | previous_age_ms=3046.0 threshold_ms=3000.0 source=coinbase_spot_rest
2026-05-07 23:41:02,975 | INFO | Mushroom v28 BTC REST fallback refreshed stale tick | previous_age_ms=3047.0 threshold_ms=3000.0 source=coinbase_spot_rest
2026-05-07 23:41:07,032 | INFO | Mushroom v28 BTC REST fallback refreshed stale tick | previous_age_ms=3016.0 threshold_ms=3000.0 source=coinbase_spot_rest
2026-05-07 23:41:07,036 | INFO | Heartbeat | watch=KXBTC15M-26MAY072345-45 yes_bid=84 yes_ask=85 no_bid=15 no_ask=16 book_ready=True position=False pending=False dry_run=False trust=synced run_id=7437f39b-1eb3-49f7-8cd4-ad295ef23ee6
2026-05-07 23:41:10,852 | INFO | Mushroom v28 BTC REST fallback refreshed stale tick | previous_age_ms=3032.0 threshold_ms=3000.0 source=coinbase_spot_rest
2026-05-07 23:41:14,634 | INFO | Mushroom v28 BTC REST fallback refreshed stale tick | previous_age_ms=3016.0 threshold_ms=3000.0 source=coinbase_spot_rest
2026-05-07 23:41:18,421 | INFO | Mushroom v28 BTC REST fallback refreshed stale tick | previous_age_ms=3047.0 threshold_ms=3000.0 source=coinbase_spot_rest
2026-05-07 23:41:22,232 | INFO | Mushroom v28 BTC REST fallback refreshed stale tick | previous_age_ms=3016.0 threshold_ms=3000.0 source=coinbase_spot_rest
2026-05-07 23:41:22,240 | INFO | Heartbeat | watch=KXBTC15M-26MAY072345-45 yes_bid=85 yes_ask=86 no_bid=14 no_ask=15 book_ready=True position=False pending=False dry_run=False trust=synced run_id=7437f39b-1eb3-49f7-8cd4-ad295ef23ee6
2026-05-07 23:41:25,938 | INFO | Mushroom v28 BTC REST fallback refreshed stale tick | previous_age_ms=3047.0 threshold_ms=3000.0 source=coinbase_spot_rest
2026-05-07 23:41:29,949 | INFO | Mushroom v28 BTC REST fallback refreshed stale tick | previous_age_ms=3063.0 threshold_ms=3000.0 source=coinbase_spot_rest
2026-05-07 23:41:33,881 | INFO | Mushroom v28 BTC REST fallback refreshed stale tick | previous_age_ms=3031.0 threshold_ms=3000.0 source=coinbase_spot_rest
2026-05-07 23:41:37,613 | INFO | Mushroom v28 BTC REST fallback refreshed stale tick | previous_age_ms=3016.0 threshold_ms=3000.0 source=coinbase_spot_rest
2026-05-07 23:41:37,626 | INFO | Heartbeat | watch=KXBTC15M-26MAY072345-45 yes_bid=92 yes_ask=92 no_bid=8 no_ask=8 book_ready=True position=False pending=False dry_run=False trust=synced run_id=7437f39b-1eb3-49f7-8cd4-ad295ef23ee6
2026-05-07 23:41:41,418 | INFO | Mushroom v28 BTC REST fallback refreshed stale tick | previous_age_ms=3046.0 threshold_ms=3000.0 source=coinbase_spot_rest
2026-05-07 23:41:45,151 | INFO | Mushroom v28 BTC REST fallback refreshed stale tick | previous_age_ms=3047.0 threshold_ms=3000.0 source=coinbase_spot_rest
2026-05-07 23:41:48,976 | INFO | Mushroom v28 BTC REST fallback refreshed stale tick | previous_age_ms=3047.0 threshold_ms=3000.0 source=coinbase_spot_rest
2026-05-07 23:41:52,836 | INFO | Mushroom v28 BTC REST fallback refreshed stale tick | previous_age_ms=3016.0 threshold_ms=3000.0 source=coinbase_spot_rest
2026-05-07 23:41:52,848 | INFO | Heartbeat | watch=KXBTC15M-26MAY072345-45 yes_bid=87 yes_ask=88 no_bid=12 no_ask=13 book_ready=True position=False pending=False dry_run=False trust=synced run_id=7437f39b-1eb3-49f7-8cd4-ad295ef23ee6
2026-05-07 23:41:56,770 | INFO | Mushroom v28 BTC REST fallback refreshed stale tick | previous_age_ms=3016.0 threshold_ms=3000.0 source=coinbase_spot_rest
2026-05-07 23:42:00,623 | INFO | Mushroom v28 BTC REST fallback refreshed stale tick | previous_age_ms=3047.0 threshold_ms=3000.0 source=coinbase_spot_rest
2026-05-07 23:42:04,529 | INFO | Mushroom v28 BTC REST fallback refreshed stale tick | previous_age_ms=3046.0 threshold_ms=3000.0 source=coinbase_spot_rest
2026-05-07 23:42:08,279 | INFO | Mushroom v28 BTC REST fallback refreshed stale tick | previous_age_ms=3047.0 threshold_ms=3000.0 source=coinbase_spot_rest
2026-05-07 23:42:08,290 | INFO | Heartbeat | watch=KXBTC15M-26MAY072345-45 yes_bid=91 yes_ask=92 no_bid=8 no_ask=9 book_ready=True position=False pending=False dry_run=False trust=synced run_id=7437f39b-1eb3-49f7-8cd4-ad295ef23ee6
2026-05-07 23:42:11,972 | INFO | Mushroom v28 BTC REST fallback refreshed stale tick | previous_age_ms=3031.0 threshold_ms=3000.0 source=coinbase_spot_rest
2026-05-07 23:42:15,746 | INFO | Mushroom v28 BTC REST fallback refreshed stale tick | previous_age_ms=3031.0 threshold_ms=3000.0 source=coinbase_spot_rest
2026-05-07 23:42:19,456 | INFO | Mushroom v28 BTC REST fallback refreshed stale tick | previous_age_ms=3031.0 threshold_ms=3000.0 source=coinbase_spot_rest
2026-05-07 23:42:23,200 | INFO | Mushroom v28 BTC REST fallback refreshed stale tick | previous_age_ms=3015.0 threshold_ms=3000.0 source=coinbase_spot_rest
2026-05-07 23:42:23,302 | INFO | Heartbeat | watch=KXBTC15M-26MAY072345-45 yes_bid=93 yes_ask=94 no_bid=6 no_ask=7 book_ready=True position=False pending=False dry_run=False trust=synced run_id=7437f39b-1eb3-49f7-8cd4-ad295ef23ee6
2026-05-07 23:42:27,052 | INFO | Mushroom v28 BTC REST fallback refreshed stale tick | previous_age_ms=3062.0 threshold_ms=3000.0 source=coinbase_spot_rest
2026-05-07 23:42:30,841 | INFO | Mushroom v28 BTC REST fallback refreshed stale tick | previous_age_ms=3047.0 threshold_ms=3000.0 source=coinbase_spot_rest
2026-05-07 23:42:34,880 | INFO | Mushroom v28 BTC REST fallback refreshed stale tick | previous_age_ms=3032.0 threshold_ms=3000.0 source=coinbase_spot_rest
2026-05-07 23:42:38,614 | INFO | Mushroom v28 BTC REST fallback refreshed stale tick | previous_age_ms=3063.0 threshold_ms=3000.0 source=coinbase_spot_rest
2026-05-07 23:42:38,616 | INFO | Heartbeat | watch=KXBTC15M-26MAY072345-45 yes_bid=97 yes_ask=97 no_bid=3 no_ask=3 book_ready=True position=False pending=False dry_run=False trust=synced run_id=7437f39b-1eb3-49f7-8cd4-ad295ef23ee6
2026-05-07 23:42:42,492 | INFO | Mushroom v28 BTC REST fallback refreshed stale tick | previous_age_ms=3047.0 threshold_ms=3000.0 source=coinbase_spot_rest
2026-05-07 23:42:46,276 | INFO | Mushroom v28 BTC REST fallback refreshed stale tick | previous_age_ms=3031.0 threshold_ms=3000.0 source=coinbase_spot_rest
2026-05-07 23:42:50,136 | INFO | Mushroom v28 BTC REST fallback refreshed stale tick | previous_age_ms=3062.0 threshold_ms=3000.0 source=coinbase_spot_rest
2026-05-07 23:42:54,002 | INFO | Mushroom v28 BTC REST fallback refreshed stale tick | previous_age_ms=3031.0 threshold_ms=3000.0 source=coinbase_spot_rest
2026-05-07 23:42:54,016 | INFO | Heartbeat | watch=KXBTC15M-26MAY072345-45 yes_bid=98 yes_ask=98 no_bid=2 no_ask=2 book_ready=True position=False pending=False dry_run=False trust=synced run_id=7437f39b-1eb3-49f7-8cd4-ad295ef23ee6
2026-05-07 23:42:57,879 | INFO | Mushroom v28 BTC REST fallback refreshed stale tick | previous_age_ms=3015.0 threshold_ms=3000.0 source=coinbase_spot_rest
2026-05-07 23:43:01,676 | INFO | Mushroom v28 BTC REST fallback refreshed stale tick | previous_age_ms=3047.0 threshold_ms=3000.0 source=coinbase_spot_rest
2026-05-07 23:43:05,408 | INFO | Mushroom v28 BTC REST fallback refreshed stale tick | previous_age_ms=3078.0 threshold_ms=3000.0 source=coinbase_spot_rest
2026-05-07 23:43:09,278 | INFO | Mushroom v28 BTC REST fallback refreshed stale tick | previous_age_ms=3063.0 threshold_ms=3000.0 source=coinbase_spot_rest
2026-05-07 23:43:09,289 | INFO | Heartbeat | watch=KXBTC15M-26MAY072345-45 yes_bid=99 yes_ask=99 no_bid=1 no_ask=1 book_ready=True position=False pending=False dry_run=False trust=synced run_id=7437f39b-1eb3-49f7-8cd4-ad295ef23ee6
2026-05-07 23:43:13,348 | INFO | Mushroom v28 BTC REST fallback refreshed stale tick | previous_age_ms=3062.0 threshold_ms=3000.0 source=coinbase_spot_rest
2026-05-07 23:43:17,266 | INFO | Mushroom v28 BTC REST fallback refreshed stale tick | previous_age_ms=3032.0 threshold_ms=3000.0 source=coinbase_spot_rest
2026-05-07 23:43:21,222 | INFO | Mushroom v28 BTC REST fallback refreshed stale tick | previous_age_ms=3016.0 threshold_ms=3000.0 source=coinbase_spot_rest
2026-05-07 23:43:25,320 | INFO | Mushroom v28 BTC REST fallback refreshed stale tick | previous_age_ms=3047.0 threshold_ms=3000.0 source=coinbase_spot_rest
2026-05-07 23:43:25,333 | INFO | Heartbeat | watch=KXBTC15M-26MAY072345-45 yes_bid=99 yes_ask=99 no_bid=1 no_ask=1 book_ready=True position=False pending=False dry_run=False trust=synced run_id=7437f39b-1eb3-49f7-8cd4-ad295ef23ee6
2026-05-07 23:43:29,364 | INFO | Mushroom v28 BTC REST fallback refreshed stale tick | previous_age_ms=3062.0 threshold_ms=3000.0 source=coinbase_spot_rest
2026-05-07 23:43:33,290 | INFO | Mushroom v28 BTC REST fallback refreshed stale tick | previous_age_ms=3062.0 threshold_ms=3000.0 source=coinbase_spot_rest
2026-05-07 23:43:37,049 | INFO | Mushroom v28 BTC REST fallback refreshed stale tick | previous_age_ms=3016.0 threshold_ms=3000.0 source=coinbase_spot_rest
2026-05-07 23:43:41,125 | INFO | Mushroom v28 BTC REST fallback refreshed stale tick | previous_age_ms=3031.0 threshold_ms=3000.0 source=coinbase_spot_rest
2026-05-07 23:43:41,131 | INFO | Heartbeat | watch=KXBTC15M-26MAY072345-45 yes_bid=99 yes_ask=100 no_bid=0 no_ask=1 book_ready=True position=False pending=False dry_run=False trust=synced run_id=7437f39b-1eb3-49f7-8cd4-ad295ef23ee6
2026-05-07 23:43:45,076 | INFO | Mushroom v28 BTC REST fallback refreshed stale tick | previous_age_ms=3015.0 threshold_ms=3000.0 source=coinbase_spot_rest
2026-05-07 23:43:48,836 | INFO | Mushroom v28 BTC REST fallback refreshed stale tick | previous_age_ms=3062.0 threshold_ms=3000.0 source=coinbase_spot_rest
2026-05-07 23:43:52,547 | INFO | Mushroom v28 BTC REST fallback refreshed stale tick | previous_age_ms=3032.0 threshold_ms=3000.0 source=coinbase_spot_rest
2026-05-07 23:43:56,385 | INFO | Mushroom v28 BTC REST fallback refreshed stale tick | previous_age_ms=3031.0 threshold_ms=3000.0 source=coinbase_spot_rest
2026-05-07 23:43:56,389 | INFO | Heartbeat | watch=KXBTC15M-26MAY072345-45 yes_bid=100 yes_ask=100 no_bid=0 no_ask=0 book_ready=True position=False pending=False dry_run=False trust=synced run_id=7437f39b-1eb3-49f7-8cd4-ad295ef23ee6
2026-05-07 23:44:00,147 | INFO | Mushroom v28 BTC REST fallback refreshed stale tick | previous_age_ms=3016.0 threshold_ms=3000.0 source=coinbase_spot_rest
2026-05-07 23:44:04,079 | INFO | Mushroom v28 BTC REST fallback refreshed stale tick | previous_age_ms=3047.0 threshold_ms=3000.0 source=coinbase_spot_rest
2026-05-07 23:44:08,088 | INFO | Mushroom v28 BTC REST fallback refreshed stale tick | previous_age_ms=3047.0 threshold_ms=3000.0 source=coinbase_spot_rest
2026-05-07 23:44:12,169 | INFO | Mushroom v28 BTC REST fallback refreshed stale tick | previous_age_ms=3047.0 threshold_ms=3000.0 source=coinbase_spot_rest
2026-05-07 23:44:12,171 | INFO | Heartbeat | watch=KXBTC15M-26MAY072345-45 yes_bid=100 yes_ask=100 no_bid=0 no_ask=0 book_ready=True position=False pending=False dry_run=False trust=synced run_id=7437f39b-1eb3-49f7-8cd4-ad295ef23ee6
2026-05-07 23:44:15,955 | INFO | Mushroom v28 BTC REST fallback refreshed stale tick | previous_age_ms=3032.0 threshold_ms=3000.0 source=coinbase_spot_rest
2026-05-07 23:44:20,106 | INFO | Mushroom v28 BTC REST fallback refreshed stale tick | previous_age_ms=3047.0 threshold_ms=3000.0 source=coinbase_spot_rest
2026-05-07 23:44:24,111 | INFO | Mushroom v28 BTC REST fallback refreshed stale tick | previous_age_ms=3062.0 threshold_ms=3000.0 source=coinbase_spot_rest
2026-05-07 23:44:27,860 | INFO | Mushroom v28 BTC REST fallback refreshed stale tick | previous_age_ms=3031.0 threshold_ms=3000.0 source=coinbase_spot_rest
2026-05-07 23:44:27,861 | INFO | Heartbeat | watch=KXBTC15M-26MAY072345-45 yes_bid=100 yes_ask=100 no_bid=0 no_ask=0 book_ready=True position=False pending=False dry_run=False trust=synced run_id=7437f39b-1eb3-49f7-8cd4-ad295ef23ee6
2026-05-07 23:44:31,863 | INFO | Mushroom v28 BTC REST fallback refreshed stale tick | previous_age_ms=3125.0 threshold_ms=3000.0 source=coinbase_spot_rest
2026-05-07 23:44:35,614 | INFO | Mushroom v28 BTC REST fallback refreshed stale tick | previous_age_ms=3047.0 threshold_ms=3000.0 source=coinbase_spot_rest
2026-05-07 23:44:39,385 | INFO | Mushroom v28 BTC REST fallback refreshed stale tick | previous_age_ms=3015.0 threshold_ms=3000.0 source=coinbase_spot_rest
2026-05-07 23:44:43,366 | INFO | Mushroom v28 BTC REST fallback refreshed stale tick | previous_age_ms=3016.0 threshold_ms=3000.0 source=coinbase_spot_rest
2026-05-07 23:44:43,368 | INFO | Heartbeat | watch=KXBTC15M-26MAY072345-45 yes_bid=100 yes_ask=100 no_bid=0 no_ask=0 book_ready=True position=False pending=False dry_run=False trust=synced run_id=7437f39b-1eb3-49f7-8cd4-ad295ef23ee6
2026-05-07 23:44:47,295 | INFO | Mushroom v28 BTC REST fallback refreshed stale tick | previous_age_ms=3046.0 threshold_ms=3000.0 source=coinbase_spot_rest
2026-05-07 23:44:51,234 | INFO | Mushroom v28 BTC REST fallback refreshed stale tick | previous_age_ms=3032.0 threshold_ms=3000.0 source=coinbase_spot_rest
2026-05-07 23:44:55,103 | INFO | Mushroom v28 BTC REST fallback refreshed stale tick | previous_age_ms=3062.0 threshold_ms=3000.0 source=coinbase_spot_rest
2026-05-07 23:44:59,066 | INFO | Mushroom v28 BTC REST fallback refreshed stale tick | previous_age_ms=3078.0 threshold_ms=3000.0 source=coinbase_spot_rest
2026-05-07 23:44:59,070 | INFO | Heartbeat | watch=KXBTC15M-26MAY072345-45 yes_bid=100 yes_ask=100 no_bid=0 no_ask=0 book_ready=True position=False pending=False dry_run=False trust=synced run_id=7437f39b-1eb3-49f7-8cd4-ad295ef23ee6
2026-05-07 23:45:03,071 | INFO | Mushroom v28 BTC REST fallback refreshed stale tick | previous_age_ms=3062.0 threshold_ms=3000.0 source=coinbase_spot_rest
2026-05-07 23:45:06,300 | INFO | Orderbook snapshot ready for KXBTC15M-26MAY072345-45
2026-05-07 23:45:06,847 | INFO | Mushroom v28 BTC REST fallback refreshed stale tick | previous_age_ms=3031.0 threshold_ms=3000.0 source=coinbase_spot_rest
2026-05-07 23:45:10,629 | INFO | Mushroom v28 BTC REST fallback refreshed stale tick | previous_age_ms=3032.0 threshold_ms=3000.0 source=coinbase_spot_rest
2026-05-07 23:45:14,441 | INFO | Mushroom v28 BTC REST fallback refreshed stale tick | previous_age_ms=3063.0 threshold_ms=3000.0 source=coinbase_spot_rest
2026-05-07 23:45:14,457 | INFO | Heartbeat | watch=KXBTC15M-26MAY072345-45 yes_bid=0 yes_ask=100 no_bid=0 no_ask=100 book_ready=True position=False pending=False dry_run=False trust=synced run_id=7437f39b-1eb3-49f7-8cd4-ad295ef23ee6
2026-05-07 23:45:15,604 | INFO | Watching market KXBTC15M-26MAY080000-00 close_time=2026-05-08T04:00:00Z status=active strike=79628.96 run_id=7437f39b-1eb3-49f7-8cd4-ad295ef23ee6
2026-05-07 23:45:15,793 | INFO | WS connected for KXBTC15M-26MAY080000-00
2026-05-07 23:45:15,837 | INFO | WS subscribed payload: {'type': 'subscribed', 'id': 4, 'msg': {'channel': 'ticker', 'sid': 1}}
2026-05-07 23:45:15,837 | INFO | WS subscribed payload: {'type': 'subscribed', 'id': 4, 'msg': {'channel': 'orderbook_delta', 'sid': 2}}
2026-05-07 23:45:15,839 | INFO | Orderbook snapshot ready for KXBTC15M-26MAY080000-00
2026-05-07 23:45:18,449 | INFO | Mushroom v28 BTC REST fallback refreshed stale tick | previous_age_ms=3031.0 threshold_ms=3000.0 source=coinbase_spot_rest
2026-05-07 23:45:22,174 | INFO | Mushroom v28 BTC REST fallback refreshed stale tick | previous_age_ms=3031.0 threshold_ms=3000.0 source=coinbase_spot_rest
2026-05-07 23:45:26,600 | INFO | Mushroom v28 BTC REST fallback refreshed stale tick | previous_age_ms=3047.0 threshold_ms=3000.0 source=coinbase_spot_rest
2026-05-07 23:45:29,494 | INFO | Heartbeat | watch=KXBTC15M-26MAY080000-00 yes_bid=45 yes_ask=46 no_bid=54 no_ask=55 book_ready=True position=False pending=False dry_run=False trust=synced run_id=7437f39b-1eb3-49f7-8cd4-ad295ef23ee6
2026-05-07 23:45:30,551 | INFO | Mushroom v28 BTC REST fallback refreshed stale tick | previous_age_ms=3031.0 threshold_ms=3000.0 source=coinbase_spot_rest
2026-05-07 23:45:34,450 | INFO | Mushroom v28 BTC REST fallback refreshed stale tick | previous_age_ms=3047.0 threshold_ms=3000.0 source=coinbase_spot_rest
2026-05-07 23:45:38,237 | INFO | Mushroom v28 BTC REST fallback refreshed stale tick | previous_age_ms=3047.0 threshold_ms=3000.0 source=coinbase_spot_rest
2026-05-07 23:45:42,120 | INFO | Mushroom v28 BTC REST fallback refreshed stale tick | previous_age_ms=3016.0 threshold_ms=3000.0 source=coinbase_spot_rest
2026-05-07 23:45:44,517 | INFO | Heartbeat | watch=KXBTC15M-26MAY080000-00 yes_bid=36 yes_ask=38 no_bid=62 no_ask=64 book_ready=True position=False pending=False dry_run=False trust=synced run_id=7437f39b-1eb3-49f7-8cd4-ad295ef23ee6
2026-05-07 23:45:45,902 | INFO | Mushroom v28 BTC REST fallback refreshed stale tick | previous_age_ms=3062.0 threshold_ms=3000.0 source=coinbase_spot_rest
2026-05-07 23:45:49,742 | INFO | Mushroom v28 BTC REST fallback refreshed stale tick | previous_age_ms=3015.0 threshold_ms=3000.0 source=coinbase_spot_rest
2026-05-07 23:45:53,570 | INFO | Mushroom v28 BTC REST fallback refreshed stale tick | previous_age_ms=3015.0 threshold_ms=3000.0 source=coinbase_spot_rest
2026-05-07 23:45:57,613 | INFO | Mushroom v28 BTC REST fallback refreshed stale tick | previous_age_ms=3109.0 threshold_ms=3000.0 source=coinbase_spot_rest
2026-05-07 23:45:59,574 | INFO | Heartbeat | watch=KXBTC15M-26MAY080000-00 yes_bid=36 yes_ask=37 no_bid=63 no_ask=64 book_ready=True position=False pending=False dry_run=False trust=synced run_id=7437f39b-1eb3-49f7-8cd4-ad295ef23ee6
2026-05-07 23:46:01,449 | INFO | Mushroom v28 BTC REST fallback refreshed stale tick | previous_age_ms=3047.0 threshold_ms=3000.0 source=coinbase_spot_rest
2026-05-07 23:46:05,174 | INFO | Mushroom v28 BTC REST fallback refreshed stale tick | previous_age_ms=3031.0 threshold_ms=3000.0 source=coinbase_spot_rest
2026-05-07 23:46:08,859 | INFO | Mushroom v28 BTC REST fallback refreshed stale tick | previous_age_ms=3032.0 threshold_ms=3000.0 source=coinbase_spot_rest
2026-05-07 23:46:12,752 | INFO | Mushroom v28 BTC REST fallback refreshed stale tick | previous_age_ms=3046.0 threshold_ms=3000.0 source=coinbase_spot_rest
2026-05-07 23:46:14,590 | INFO | Heartbeat | watch=KXBTC15M-26MAY080000-00 yes_bid=52 yes_ask=53 no_bid=47 no_ask=48 book_ready=True position=False pending=False dry_run=False trust=synced run_id=7437f39b-1eb3-49f7-8cd4-ad295ef23ee6
2026-05-07 23:46:16,537 | INFO | Mushroom v28 BTC REST fallback refreshed stale tick | previous_age_ms=3063.0 threshold_ms=3000.0 source=coinbase_spot_rest
2026-05-07 23:46:20,275 | INFO | Mushroom v28 BTC REST fallback refreshed stale tick | previous_age_ms=3031.0 threshold_ms=3000.0 source=coinbase_spot_rest
2026-05-07 23:46:23,877 | INFO | Mushroom v28 BTC REST fallback refreshed stale tick | previous_age_ms=3031.0 threshold_ms=3000.0 source=coinbase_spot_rest
2026-05-07 23:46:27,736 | INFO | Mushroom v28 BTC REST fallback refreshed stale tick | previous_age_ms=3031.0 threshold_ms=3000.0 source=coinbase_spot_rest
2026-05-07 23:46:29,606 | INFO | Heartbeat | watch=KXBTC15M-26MAY080000-00 yes_bid=47 yes_ask=48 no_bid=52 no_ask=53 book_ready=True position=False pending=False dry_run=False trust=synced run_id=7437f39b-1eb3-49f7-8cd4-ad295ef23ee6
2026-05-07 23:46:31,460 | INFO | Mushroom v28 BTC REST fallback refreshed stale tick | previous_age_ms=3047.0 threshold_ms=3000.0 source=coinbase_spot_rest
2026-05-07 23:46:35,032 | INFO | Mushroom v28 BTC REST fallback refreshed stale tick | previous_age_ms=3016.0 threshold_ms=3000.0 source=coinbase_spot_rest
2026-05-07 23:46:38,922 | INFO | Mushroom v28 BTC REST fallback refreshed stale tick | previous_age_ms=3047.0 threshold_ms=3000.0 source=coinbase_spot_rest
2026-05-07 23:46:42,576 | INFO | Mushroom v28 BTC REST fallback refreshed stale tick | previous_age_ms=3016.0 threshold_ms=3000.0 source=coinbase_spot_rest
2026-05-07 23:46:44,627 | INFO | Heartbeat | watch=KXBTC15M-26MAY080000-00 yes_bid=52 yes_ask=53 no_bid=47 no_ask=48 book_ready=True position=False pending=False dry_run=False trust=synced run_id=7437f39b-1eb3-49f7-8cd4-ad295ef23ee6
2026-05-07 23:46:46,496 | INFO | Mushroom v28 BTC REST fallback refreshed stale tick | previous_age_ms=3062.0 threshold_ms=3000.0 source=coinbase_spot_rest
2026-05-07 23:46:50,157 | INFO | Mushroom v28 BTC REST fallback refreshed stale tick | previous_age_ms=3015.0 threshold_ms=3000.0 source=coinbase_spot_rest
2026-05-07 23:46:54,072 | INFO | Mushroom v28 BTC REST fallback refreshed stale tick | previous_age_ms=3015.0 threshold_ms=3000.0 source=coinbase_spot_rest
2026-05-07 23:46:57,858 | INFO | Mushroom v28 BTC REST fallback refreshed stale tick | previous_age_ms=3031.0 threshold_ms=3000.0 source=coinbase_spot_rest
2026-05-07 23:46:59,671 | INFO | Heartbeat | watch=KXBTC15M-26MAY080000-00 yes_bid=47 yes_ask=49 no_bid=51 no_ask=53 book_ready=True position=False pending=False dry_run=False trust=synced run_id=7437f39b-1eb3-49f7-8cd4-ad295ef23ee6
2026-05-07 23:47:01,761 | INFO | Mushroom v28 BTC REST fallback refreshed stale tick | previous_age_ms=3031.0 threshold_ms=3000.0 source=coinbase_spot_rest
2026-05-07 23:47:05,482 | INFO | Mushroom v28 BTC REST fallback refreshed stale tick | previous_age_ms=3063.0 threshold_ms=3000.0 source=coinbase_spot_rest
2026-05-07 23:47:09,186 | INFO | Mushroom v28 BTC REST fallback refreshed stale tick | previous_age_ms=3016.0 threshold_ms=3000.0 source=coinbase_spot_rest
2026-05-07 23:47:13,153 | INFO | Mushroom v28 BTC REST fallback refreshed stale tick | previous_age_ms=3016.0 threshold_ms=3000.0 source=coinbase_spot_rest
2026-05-07 23:47:14,666 | INFO | Heartbeat | watch=KXBTC15M-26MAY080000-00 yes_bid=49 yes_ask=50 no_bid=50 no_ask=51 book_ready=True position=False pending=False dry_run=False trust=synced run_id=7437f39b-1eb3-49f7-8cd4-ad295ef23ee6
2026-05-07 23:47:17,052 | INFO | Mushroom v28 BTC REST fallback refreshed stale tick | previous_age_ms=3031.0 threshold_ms=3000.0 source=coinbase_spot_rest
2026-05-07 23:47:20,755 | INFO | Mushroom v28 BTC REST fallback refreshed stale tick | previous_age_ms=3031.0 threshold_ms=3000.0 source=coinbase_spot_rest
2026-05-07 23:47:24,417 | INFO | Mushroom v28 BTC REST fallback refreshed stale tick | previous_age_ms=3046.0 threshold_ms=3000.0 source=coinbase_spot_rest
2026-05-07 23:47:28,096 | INFO | Mushroom v28 BTC REST fallback refreshed stale tick | previous_age_ms=3016.0 threshold_ms=3000.0 source=coinbase_spot_rest
2026-05-07 23:47:29,666 | INFO | Heartbeat | watch=KXBTC15M-26MAY080000-00 yes_bid=43 yes_ask=45 no_bid=55 no_ask=57 book_ready=True position=False pending=False dry_run=False trust=synced run_id=7437f39b-1eb3-49f7-8cd4-ad295ef23ee6
2026-05-07 23:47:32,031 | INFO | Mushroom v28 BTC REST fallback refreshed stale tick | previous_age_ms=3047.0 threshold_ms=3000.0 source=coinbase_spot_rest
2026-05-07 23:47:35,734 | INFO | Mushroom v28 BTC REST fallback refreshed stale tick | previous_age_ms=3047.0 threshold_ms=3000.0 source=coinbase_spot_rest
2026-05-07 23:47:39,810 | INFO | Mushroom v28 BTC REST fallback refreshed stale tick | previous_age_ms=3047.0 threshold_ms=3000.0 source=coinbase_spot_rest
2026-05-07 23:47:43,416 | INFO | Mushroom v28 BTC REST fallback refreshed stale tick | previous_age_ms=3031.0 threshold_ms=3000.0 source=coinbase_spot_rest
2026-05-07 23:47:44,682 | INFO | Heartbeat | watch=KXBTC15M-26MAY080000-00 yes_bid=40 yes_ask=41 no_bid=59 no_ask=60 book_ready=True position=False pending=False dry_run=False trust=synced run_id=7437f39b-1eb3-49f7-8cd4-ad295ef23ee6
2026-05-07 23:47:47,198 | INFO | Mushroom v28 BTC REST fallback refreshed stale tick | previous_age_ms=3016.0 threshold_ms=3000.0 source=coinbase_spot_rest
2026-05-07 23:47:51,027 | INFO | Mushroom v28 BTC REST fallback refreshed stale tick | previous_age_ms=3031.0 threshold_ms=3000.0 source=coinbase_spot_rest
2026-05-07 23:47:54,746 | INFO | Mushroom v28 BTC REST fallback refreshed stale tick | previous_age_ms=3047.0 threshold_ms=3000.0 source=coinbase_spot_rest
2026-05-07 23:47:58,428 | INFO | Mushroom v28 BTC REST fallback refreshed stale tick | previous_age_ms=3046.0 threshold_ms=3000.0 source=coinbase_spot_rest
2026-05-07 23:47:59,721 | INFO | Heartbeat | watch=KXBTC15M-26MAY080000-00 yes_bid=39 yes_ask=41 no_bid=59 no_ask=61 book_ready=True position=False pending=False dry_run=False trust=synced run_id=7437f39b-1eb3-49f7-8cd4-ad295ef23ee6
2026-05-07 23:48:02,163 | INFO | Mushroom v28 BTC REST fallback refreshed stale tick | previous_age_ms=3016.0 threshold_ms=3000.0 source=coinbase_spot_rest
2026-05-07 23:48:05,966 | INFO | Mushroom v28 BTC REST fallback refreshed stale tick | previous_age_ms=3047.0 threshold_ms=3000.0 source=coinbase_spot_rest
2026-05-07 23:48:09,750 | INFO | Mushroom v28 BTC REST fallback refreshed stale tick | previous_age_ms=3032.0 threshold_ms=3000.0 source=coinbase_spot_rest
2026-05-07 23:48:13,739 | INFO | Mushroom v28 BTC REST fallback refreshed stale tick | previous_age_ms=3062.0 threshold_ms=3000.0 source=coinbase_spot_rest
2026-05-07 23:48:14,770 | INFO | Heartbeat | watch=KXBTC15M-26MAY080000-00 yes_bid=43 yes_ask=44 no_bid=56 no_ask=57 book_ready=True position=False pending=False dry_run=False trust=synced run_id=7437f39b-1eb3-49f7-8cd4-ad295ef23ee6
2026-05-07 23:48:17,468 | INFO | Mushroom v28 BTC REST fallback refreshed stale tick | previous_age_ms=3046.0 threshold_ms=3000.0 source=coinbase_spot_rest
2026-05-07 23:48:21,233 | INFO | Mushroom v28 BTC REST fallback refreshed stale tick | previous_age_ms=3047.0 threshold_ms=3000.0 source=coinbase_spot_rest
2026-05-07 23:48:24,961 | INFO | Mushroom v28 BTC REST fallback refreshed stale tick | previous_age_ms=3031.0 threshold_ms=3000.0 source=coinbase_spot_rest
2026-05-07 23:48:28,621 | INFO | Mushroom v28 BTC REST fallback refreshed stale tick | previous_age_ms=3047.0 threshold_ms=3000.0 source=coinbase_spot_rest
2026-05-07 23:48:29,802 | INFO | Heartbeat | watch=KXBTC15M-26MAY080000-00 yes_bid=31 yes_ask=33 no_bid=67 no_ask=69 book_ready=True position=False pending=False dry_run=False trust=synced run_id=7437f39b-1eb3-49f7-8cd4-ad295ef23ee6
2026-05-07 23:48:32,449 | INFO | Mushroom v28 BTC REST fallback refreshed stale tick | previous_age_ms=3046.0 threshold_ms=3000.0 source=coinbase_spot_rest
2026-05-07 23:48:36,219 | INFO | Mushroom v28 BTC REST fallback refreshed stale tick | previous_age_ms=3047.0 threshold_ms=3000.0 source=coinbase_spot_rest
2026-05-07 23:48:40,051 | INFO | Mushroom v28 BTC REST fallback refreshed stale tick | previous_age_ms=3047.0 threshold_ms=3000.0 source=coinbase_spot_rest
2026-05-07 23:48:44,123 | INFO | Mushroom v28 BTC REST fallback refreshed stale tick | previous_age_ms=3047.0 threshold_ms=3000.0 source=coinbase_spot_rest
2026-05-07 23:48:44,815 | INFO | Heartbeat | watch=KXBTC15M-26MAY080000-00 yes_bid=19 yes_ask=20 no_bid=80 no_ask=81 book_ready=True position=False pending=False dry_run=False trust=synced run_id=7437f39b-1eb3-49f7-8cd4-ad295ef23ee6
2026-05-07 23:48:48,145 | INFO | Mushroom v28 BTC REST fallback refreshed stale tick | previous_age_ms=3031.0 threshold_ms=3000.0 source=coinbase_spot_rest
2026-05-07 23:48:51,988 | INFO | Mushroom v28 BTC REST fallback refreshed stale tick | previous_age_ms=3015.0 threshold_ms=3000.0 source=coinbase_spot_rest
2026-05-07 23:48:55,870 | INFO | Mushroom v28 BTC REST fallback refreshed stale tick | previous_age_ms=3062.0 threshold_ms=3000.0 source=coinbase_spot_rest
2026-05-07 23:48:59,759 | INFO | Mushroom v28 BTC REST fallback refreshed stale tick | previous_age_ms=3015.0 threshold_ms=3000.0 source=coinbase_spot_rest
2026-05-07 23:48:59,868 | INFO | Heartbeat | watch=KXBTC15M-26MAY080000-00 yes_bid=27 yes_ask=28 no_bid=72 no_ask=73 book_ready=True position=False pending=False dry_run=False trust=synced run_id=7437f39b-1eb3-49f7-8cd4-ad295ef23ee6
2026-05-07 23:49:03,689 | INFO | Mushroom v28 BTC REST fallback refreshed stale tick | previous_age_ms=3031.0 threshold_ms=3000.0 source=coinbase_spot_rest
2026-05-07 23:49:07,834 | INFO | Mushroom v28 BTC REST fallback refreshed stale tick | previous_age_ms=3047.0 threshold_ms=3000.0 source=coinbase_spot_rest
2026-05-07 23:49:11,815 | INFO | Mushroom v28 BTC REST fallback refreshed stale tick | previous_age_ms=3016.0 threshold_ms=3000.0 source=coinbase_spot_rest
2026-05-07 23:49:15,825 | INFO | Mushroom v28 BTC REST fallback refreshed stale tick | previous_age_ms=3047.0 threshold_ms=3000.0 source=coinbase_spot_rest
2026-05-07 23:49:15,837 | INFO | Heartbeat | watch=KXBTC15M-26MAY080000-00 yes_bid=32 yes_ask=34 no_bid=66 no_ask=68 book_ready=True position=False pending=False dry_run=False trust=synced run_id=7437f39b-1eb3-49f7-8cd4-ad295ef23ee6
2026-05-07 23:49:19,653 | INFO | Mushroom v28 BTC REST fallback refreshed stale tick | previous_age_ms=3047.0 threshold_ms=3000.0 source=coinbase_spot_rest
2026-05-07 23:49:23,434 | INFO | Mushroom v28 BTC REST fallback refreshed stale tick | previous_age_ms=3015.0 threshold_ms=3000.0 source=coinbase_spot_rest
2026-05-07 23:49:27,137 | INFO | Mushroom v28 BTC REST fallback refreshed stale tick | previous_age_ms=3047.0 threshold_ms=3000.0 source=coinbase_spot_rest
2026-05-07 23:49:30,781 | INFO | Mushroom v28 BTC REST fallback refreshed stale tick | previous_age_ms=3016.0 threshold_ms=3000.0 source=coinbase_spot_rest
2026-05-07 23:49:30,904 | INFO | Heartbeat | watch=KXBTC15M-26MAY080000-00 yes_bid=29 yes_ask=31 no_bid=69 no_ask=71 book_ready=True position=False pending=False dry_run=False trust=synced run_id=7437f39b-1eb3-49f7-8cd4-ad295ef23ee6
2026-05-07 23:49:34,576 | INFO | Mushroom v28 BTC REST fallback refreshed stale tick | previous_age_ms=3047.0 threshold_ms=3000.0 source=coinbase_spot_rest
2026-05-07 23:49:38,380 | INFO | Mushroom v28 BTC REST fallback refreshed stale tick | previous_age_ms=3047.0 threshold_ms=3000.0 source=coinbase_spot_rest
2026-05-07 23:49:42,143 | INFO | Mushroom v28 BTC REST fallback refreshed stale tick | previous_age_ms=3047.0 threshold_ms=3000.0 source=coinbase_spot_rest
2026-05-07 23:49:45,959 | INFO | Mushroom v28 BTC REST fallback refreshed stale tick | previous_age_ms=3047.0 threshold_ms=3000.0 source=coinbase_spot_rest
2026-05-07 23:49:45,971 | INFO | Heartbeat | watch=KXBTC15M-26MAY080000-00 yes_bid=23 yes_ask=24 no_bid=76 no_ask=77 book_ready=True position=False pending=False dry_run=False trust=synced run_id=7437f39b-1eb3-49f7-8cd4-ad295ef23ee6
2026-05-07 23:49:50,023 | INFO | Mushroom v28 BTC REST fallback refreshed stale tick | previous_age_ms=3047.0 threshold_ms=3000.0 source=coinbase_spot_rest
2026-05-07 23:49:54,108 | INFO | Mushroom v28 BTC REST fallback refreshed stale tick | previous_age_ms=3047.0 threshold_ms=3000.0 source=coinbase_spot_rest
2026-05-07 23:49:57,926 | INFO | Mushroom v28 BTC REST fallback refreshed stale tick | previous_age_ms=3047.0 threshold_ms=3000.0 source=coinbase_spot_rest
2026-05-07 23:50:01,621 | INFO | Mushroom v28 BTC REST fallback refreshed stale tick | previous_age_ms=3032.0 threshold_ms=3000.0 source=coinbase_spot_rest
2026-05-07 23:50:01,631 | INFO | Heartbeat | watch=KXBTC15M-26MAY080000-00 yes_bid=21 yes_ask=22 no_bid=78 no_ask=79 book_ready=True position=False pending=False dry_run=False trust=synced run_id=7437f39b-1eb3-49f7-8cd4-ad295ef23ee6
2026-05-07 23:50:05,338 | INFO | Mushroom v28 BTC REST fallback refreshed stale tick | previous_age_ms=3046.0 threshold_ms=3000.0 source=coinbase_spot_rest
2026-05-07 23:50:09,190 | INFO | Mushroom v28 BTC REST fallback refreshed stale tick | previous_age_ms=3016.0 threshold_ms=3000.0 source=coinbase_spot_rest
2026-05-07 23:50:12,919 | INFO | Mushroom v28 BTC REST fallback refreshed stale tick | previous_age_ms=3016.0 threshold_ms=3000.0 source=coinbase_spot_rest
2026-05-07 23:50:16,638 | INFO | Mushroom v28 BTC REST fallback refreshed stale tick | previous_age_ms=3047.0 threshold_ms=3000.0 source=coinbase_spot_rest
2026-05-07 23:50:16,650 | INFO | Heartbeat | watch=KXBTC15M-26MAY080000-00 yes_bid=21 yes_ask=23 no_bid=77 no_ask=79 book_ready=True position=False pending=False dry_run=False trust=synced run_id=7437f39b-1eb3-49f7-8cd4-ad295ef23ee6
2026-05-07 23:50:20,355 | INFO | Mushroom v28 BTC REST fallback refreshed stale tick | previous_age_ms=3031.0 threshold_ms=3000.0 source=coinbase_spot_rest
2026-05-07 23:50:24,069 | INFO | Mushroom v28 BTC REST fallback refreshed stale tick | previous_age_ms=3016.0 threshold_ms=3000.0 source=coinbase_spot_rest
2026-05-07 23:50:28,224 | INFO | Mushroom v28 BTC REST fallback refreshed stale tick | previous_age_ms=3078.0 threshold_ms=3000.0 source=coinbase_spot_rest
2026-05-07 23:50:31,897 | INFO | Mushroom v28 BTC REST fallback refreshed stale tick | previous_age_ms=3047.0 threshold_ms=3000.0 source=coinbase_spot_rest
2026-05-07 23:50:31,910 | INFO | Heartbeat | watch=KXBTC15M-26MAY080000-00 yes_bid=22 yes_ask=23 no_bid=77 no_ask=78 book_ready=True position=False pending=False dry_run=False trust=synced run_id=7437f39b-1eb3-49f7-8cd4-ad295ef23ee6
2026-05-07 23:50:35,919 | INFO | Mushroom v28 BTC REST fallback refreshed stale tick | previous_age_ms=3031.0 threshold_ms=3000.0 source=coinbase_spot_rest
2026-05-07 23:50:39,757 | INFO | Mushroom v28 BTC REST fallback refreshed stale tick | previous_age_ms=3032.0 threshold_ms=3000.0 source=coinbase_spot_rest
2026-05-07 23:50:43,527 | INFO | Mushroom v28 BTC REST fallback refreshed stale tick | previous_age_ms=3031.0 threshold_ms=3000.0 source=coinbase_spot_rest
2026-05-07 23:50:47,290 | INFO | Mushroom v28 BTC REST fallback refreshed stale tick | previous_age_ms=3031.0 threshold_ms=3000.0 source=coinbase_spot_rest
2026-05-07 23:50:47,306 | INFO | Heartbeat | watch=KXBTC15M-26MAY080000-00 yes_bid=30 yes_ask=32 no_bid=68 no_ask=70 book_ready=True position=False pending=False dry_run=False trust=synced run_id=7437f39b-1eb3-49f7-8cd4-ad295ef23ee6
2026-05-07 23:50:51,079 | INFO | Mushroom v28 BTC REST fallback refreshed stale tick | previous_age_ms=3016.0 threshold_ms=3000.0 source=coinbase_spot_rest
2026-05-07 23:50:54,798 | INFO | Mushroom v28 BTC REST fallback refreshed stale tick | previous_age_ms=3015.0 threshold_ms=3000.0 source=coinbase_spot_rest
2026-05-07 23:50:59,040 | INFO | Mushroom v28 BTC REST fallback refreshed stale tick | previous_age_ms=3047.0 threshold_ms=3000.0 source=coinbase_spot_rest
2026-05-07 23:51:02,862 | INFO | Mushroom v28 BTC REST fallback refreshed stale tick | previous_age_ms=3016.0 threshold_ms=3000.0 source=coinbase_spot_rest
2026-05-07 23:51:02,874 | INFO | Heartbeat | watch=KXBTC15M-26MAY080000-00 yes_bid=28 yes_ask=29 no_bid=71 no_ask=72 book_ready=True position=False pending=False dry_run=False trust=synced run_id=7437f39b-1eb3-49f7-8cd4-ad295ef23ee6
2026-05-07 23:51:06,636 | INFO | Mushroom v28 BTC REST fallback refreshed stale tick | previous_age_ms=3016.0 threshold_ms=3000.0 source=coinbase_spot_rest
2026-05-07 23:51:10,414 | INFO | Mushroom v28 BTC REST fallback refreshed stale tick | previous_age_ms=3047.0 threshold_ms=3000.0 source=coinbase_spot_rest
2026-05-07 23:51:14,233 | INFO | Mushroom v28 BTC REST fallback refreshed stale tick | previous_age_ms=3032.0 threshold_ms=3000.0 source=coinbase_spot_rest
2026-05-07 23:51:17,979 | INFO | Mushroom v28 BTC REST fallback refreshed stale tick | previous_age_ms=3047.0 threshold_ms=3000.0 source=coinbase_spot_rest
2026-05-07 23:51:17,992 | INFO | Heartbeat | watch=KXBTC15M-26MAY080000-00 yes_bid=21 yes_ask=22 no_bid=78 no_ask=79 book_ready=True position=False pending=False dry_run=False trust=synced run_id=7437f39b-1eb3-49f7-8cd4-ad295ef23ee6
2026-05-07 23:51:21,704 | INFO | Mushroom v28 BTC REST fallback refreshed stale tick | previous_age_ms=3062.0 threshold_ms=3000.0 source=coinbase_spot_rest
2026-05-07 23:51:25,522 | INFO | Mushroom v28 BTC REST fallback refreshed stale tick | previous_age_ms=3031.0 threshold_ms=3000.0 source=coinbase_spot_rest
2026-05-07 23:51:29,370 | INFO | Mushroom v28 BTC REST fallback refreshed stale tick | previous_age_ms=3047.0 threshold_ms=3000.0 source=coinbase_spot_rest
2026-05-07 23:51:33,185 | INFO | Mushroom v28 BTC REST fallback refreshed stale tick | previous_age_ms=3031.0 threshold_ms=3000.0 source=coinbase_spot_rest
2026-05-07 23:51:33,196 | INFO | Heartbeat | watch=KXBTC15M-26MAY080000-00 yes_bid=21 yes_ask=22 no_bid=78 no_ask=79 book_ready=True position=False pending=False dry_run=False trust=synced run_id=7437f39b-1eb3-49f7-8cd4-ad295ef23ee6
2026-05-07 23:51:37,052 | INFO | Mushroom v28 BTC REST fallback refreshed stale tick | previous_age_ms=3016.0 threshold_ms=3000.0 source=coinbase_spot_rest
2026-05-07 23:51:40,899 | INFO | Mushroom v28 BTC REST fallback refreshed stale tick | previous_age_ms=3063.0 threshold_ms=3000.0 source=coinbase_spot_rest
2026-05-07 23:51:44,670 | INFO | Mushroom v28 BTC REST fallback refreshed stale tick | previous_age_ms=3015.0 threshold_ms=3000.0 source=coinbase_spot_rest
2026-05-07 23:51:48,517 | INFO | Mushroom v28 BTC REST fallback refreshed stale tick | previous_age_ms=3047.0 threshold_ms=3000.0 source=coinbase_spot_rest
2026-05-07 23:51:48,528 | INFO | Heartbeat | watch=KXBTC15M-26MAY080000-00 yes_bid=30 yes_ask=31 no_bid=69 no_ask=70 book_ready=True position=False pending=False dry_run=False trust=synced run_id=7437f39b-1eb3-49f7-8cd4-ad295ef23ee6
2026-05-07 23:51:52,358 | INFO | Mushroom v28 BTC REST fallback refreshed stale tick | previous_age_ms=3016.0 threshold_ms=3000.0 source=coinbase_spot_rest
2026-05-07 23:51:56,400 | INFO | Mushroom v28 BTC REST fallback refreshed stale tick | previous_age_ms=3031.0 threshold_ms=3000.0 source=coinbase_spot_rest
2026-05-07 23:52:00,268 | INFO | Mushroom v28 BTC REST fallback refreshed stale tick | previous_age_ms=3031.0 threshold_ms=3000.0 source=coinbase_spot_rest
2026-05-07 23:52:03,972 | INFO | Mushroom v28 BTC REST fallback refreshed stale tick | previous_age_ms=3031.0 threshold_ms=3000.0 source=coinbase_spot_rest
2026-05-07 23:52:03,983 | INFO | Heartbeat | watch=KXBTC15M-26MAY080000-00 yes_bid=31 yes_ask=32 no_bid=68 no_ask=69 book_ready=True position=False pending=False dry_run=False trust=synced run_id=7437f39b-1eb3-49f7-8cd4-ad295ef23ee6
2026-05-07 23:52:07,895 | INFO | Mushroom v28 BTC REST fallback refreshed stale tick | previous_age_ms=3063.0 threshold_ms=3000.0 source=coinbase_spot_rest
2026-05-07 23:52:11,780 | INFO | Mushroom v28 BTC REST fallback refreshed stale tick | previous_age_ms=3062.0 threshold_ms=3000.0 source=coinbase_spot_rest
2026-05-07 23:52:15,594 | INFO | Mushroom v28 BTC REST fallback refreshed stale tick | previous_age_ms=3015.0 threshold_ms=3000.0 source=coinbase_spot_rest
2026-05-07 23:52:19,489 | INFO | Mushroom v28 BTC REST fallback refreshed stale tick | previous_age_ms=3032.0 threshold_ms=3000.0 source=coinbase_spot_rest
2026-05-07 23:52:19,502 | INFO | Heartbeat | watch=KXBTC15M-26MAY080000-00 yes_bid=19 yes_ask=21 no_bid=79 no_ask=81 book_ready=True position=False pending=False dry_run=False trust=synced run_id=7437f39b-1eb3-49f7-8cd4-ad295ef23ee6
2026-05-07 23:52:23,318 | INFO | Mushroom v28 BTC REST fallback refreshed stale tick | previous_age_ms=3015.0 threshold_ms=3000.0 source=coinbase_spot_rest
2026-05-07 23:52:27,149 | INFO | Mushroom v28 BTC REST fallback refreshed stale tick | previous_age_ms=3031.0 threshold_ms=3000.0 source=coinbase_spot_rest
2026-05-07 23:52:30,891 | INFO | Mushroom v28 BTC REST fallback refreshed stale tick | previous_age_ms=3015.0 threshold_ms=3000.0 source=coinbase_spot_rest
2026-05-07 23:52:34,723 | INFO | Mushroom v28 BTC REST fallback refreshed stale tick | previous_age_ms=3047.0 threshold_ms=3000.0 source=coinbase_spot_rest
2026-05-07 23:52:34,738 | INFO | Heartbeat | watch=KXBTC15M-26MAY080000-00 yes_bid=26 yes_ask=27 no_bid=73 no_ask=74 book_ready=True position=False pending=False dry_run=False trust=synced run_id=7437f39b-1eb3-49f7-8cd4-ad295ef23ee6
2026-05-07 23:52:38,339 | INFO | Mushroom v28 BTC REST fallback refreshed stale tick | previous_age_ms=3016.0 threshold_ms=3000.0 source=coinbase_spot_rest
2026-05-07 23:52:42,173 | INFO | Mushroom v28 BTC REST fallback refreshed stale tick | previous_age_ms=3032.0 threshold_ms=3000.0 source=coinbase_spot_rest
2026-05-07 23:52:46,008 | INFO | Mushroom v28 BTC REST fallback refreshed stale tick | previous_age_ms=3032.0 threshold_ms=3000.0 source=coinbase_spot_rest
2026-05-07 23:52:50,000 | INFO | Mushroom v28 BTC REST fallback refreshed stale tick | previous_age_ms=3047.0 threshold_ms=3000.0 source=coinbase_spot_rest
2026-05-07 23:52:50,010 | INFO | Heartbeat | watch=KXBTC15M-26MAY080000-00 yes_bid=20 yes_ask=21 no_bid=79 no_ask=80 book_ready=True position=False pending=False dry_run=False trust=synced run_id=7437f39b-1eb3-49f7-8cd4-ad295ef23ee6
2026-05-07 23:52:53,736 | INFO | Mushroom v28 BTC REST fallback refreshed stale tick | previous_age_ms=3046.0 threshold_ms=3000.0 source=coinbase_spot_rest
2026-05-07 23:52:57,537 | INFO | Mushroom v28 BTC REST fallback refreshed stale tick | previous_age_ms=3016.0 threshold_ms=3000.0 source=coinbase_spot_rest
2026-05-07 23:53:01,333 | INFO | Mushroom v28 BTC REST fallback refreshed stale tick | previous_age_ms=3063.0 threshold_ms=3000.0 source=coinbase_spot_rest
2026-05-07 23:53:05,187 | INFO | Mushroom v28 BTC REST fallback refreshed stale tick | previous_age_ms=3063.0 threshold_ms=3000.0 source=coinbase_spot_rest
2026-05-07 23:53:05,200 | INFO | Heartbeat | watch=KXBTC15M-26MAY080000-00 yes_bid=24 yes_ask=25 no_bid=75 no_ask=76 book_ready=True position=False pending=False dry_run=False trust=synced run_id=7437f39b-1eb3-49f7-8cd4-ad295ef23ee6
2026-05-07 23:53:09,293 | INFO | Mushroom v28 BTC REST fallback refreshed stale tick | previous_age_ms=3031.0 threshold_ms=3000.0 source=coinbase_spot_rest
2026-05-07 23:53:13,079 | INFO | Mushroom v28 BTC REST fallback refreshed stale tick | previous_age_ms=3047.0 threshold_ms=3000.0 source=coinbase_spot_rest
2026-05-07 23:53:16,769 | INFO | Mushroom v28 BTC REST fallback refreshed stale tick | previous_age_ms=3062.0 threshold_ms=3000.0 source=coinbase_spot_rest
2026-05-07 23:53:20,560 | INFO | Mushroom v28 BTC REST fallback refreshed stale tick | previous_age_ms=3047.0 threshold_ms=3000.0 source=coinbase_spot_rest
2026-05-07 23:53:20,572 | INFO | Heartbeat | watch=KXBTC15M-26MAY080000-00 yes_bid=20 yes_ask=22 no_bid=78 no_ask=80 book_ready=True position=False pending=False dry_run=False trust=synced run_id=7437f39b-1eb3-49f7-8cd4-ad295ef23ee6
2026-05-07 23:53:24,274 | INFO | Mushroom v28 BTC REST fallback refreshed stale tick | previous_age_ms=3063.0 threshold_ms=3000.0 source=coinbase_spot_rest
2026-05-07 23:53:27,939 | INFO | Mushroom v28 BTC REST fallback refreshed stale tick | previous_age_ms=3062.0 threshold_ms=3000.0 source=coinbase_spot_rest
2026-05-07 23:53:31,734 | INFO | Mushroom v28 BTC REST fallback refreshed stale tick | previous_age_ms=3016.0 threshold_ms=3000.0 source=coinbase_spot_rest
2026-05-07 23:53:35,334 | INFO | Mushroom v28 BTC REST fallback refreshed stale tick | previous_age_ms=3047.0 threshold_ms=3000.0 source=coinbase_spot_rest
2026-05-07 23:53:35,604 | INFO | Heartbeat | watch=KXBTC15M-26MAY080000-00 yes_bid=19 yes_ask=20 no_bid=80 no_ask=81 book_ready=True position=False pending=False dry_run=False trust=synced run_id=7437f39b-1eb3-49f7-8cd4-ad295ef23ee6
2026-05-07 23:53:39,268 | INFO | Mushroom v28 BTC REST fallback refreshed stale tick | previous_age_ms=3032.0 threshold_ms=3000.0 source=coinbase_spot_rest
2026-05-07 23:53:42,912 | INFO | Mushroom v28 BTC REST fallback refreshed stale tick | previous_age_ms=3031.0 threshold_ms=3000.0 source=coinbase_spot_rest
2026-05-07 23:53:46,587 | INFO | Mushroom v28 BTC REST fallback refreshed stale tick | previous_age_ms=3016.0 threshold_ms=3000.0 source=coinbase_spot_rest
2026-05-07 23:53:50,289 | INFO | Mushroom v28 BTC REST fallback refreshed stale tick | previous_age_ms=3032.0 threshold_ms=3000.0 source=coinbase_spot_rest
2026-05-07 23:53:50,628 | INFO | Heartbeat | watch=KXBTC15M-26MAY080000-00 yes_bid=13 yes_ask=14 no_bid=86 no_ask=87 book_ready=True position=False pending=False dry_run=False trust=synced run_id=7437f39b-1eb3-49f7-8cd4-ad295ef23ee6
2026-05-07 23:53:54,094 | INFO | Mushroom v28 BTC REST fallback refreshed stale tick | previous_age_ms=3016.0 threshold_ms=3000.0 source=coinbase_spot_rest
2026-05-07 23:53:57,977 | INFO | Mushroom v28 BTC REST fallback refreshed stale tick | previous_age_ms=3016.0 threshold_ms=3000.0 source=coinbase_spot_rest
2026-05-07 23:54:01,830 | INFO | Mushroom v28 BTC REST fallback refreshed stale tick | previous_age_ms=3016.0 threshold_ms=3000.0 source=coinbase_spot_rest
2026-05-07 23:54:05,596 | INFO | Mushroom v28 BTC REST fallback refreshed stale tick | previous_age_ms=3015.0 threshold_ms=3000.0 source=coinbase_spot_rest
2026-05-07 23:54:05,700 | INFO | Heartbeat | watch=KXBTC15M-26MAY080000-00 yes_bid=11 yes_ask=12 no_bid=88 no_ask=89 book_ready=True position=False pending=False dry_run=False trust=synced run_id=7437f39b-1eb3-49f7-8cd4-ad295ef23ee6
2026-05-07 23:54:09,486 | INFO | Mushroom v28 BTC REST fallback refreshed stale tick | previous_age_ms=3016.0 threshold_ms=3000.0 source=coinbase_spot_rest
2026-05-07 23:54:13,330 | INFO | Mushroom v28 BTC REST fallback refreshed stale tick | previous_age_ms=3047.0 threshold_ms=3000.0 source=coinbase_spot_rest
2026-05-07 23:54:17,407 | INFO | Mushroom v28 BTC REST fallback refreshed stale tick | previous_age_ms=3047.0 threshold_ms=3000.0 source=coinbase_spot_rest
2026-05-07 23:54:21,121 | INFO | Mushroom v28 BTC REST fallback refreshed stale tick | previous_age_ms=3015.0 threshold_ms=3000.0 source=coinbase_spot_rest
2026-05-07 23:54:21,131 | INFO | Heartbeat | watch=KXBTC15M-26MAY080000-00 yes_bid=7 yes_ask=8 no_bid=92 no_ask=93 book_ready=True position=False pending=False dry_run=False trust=synced run_id=7437f39b-1eb3-49f7-8cd4-ad295ef23ee6
2026-05-07 23:54:24,824 | INFO | Mushroom v28 BTC REST fallback refreshed stale tick | previous_age_ms=3015.0 threshold_ms=3000.0 source=coinbase_spot_rest
2026-05-07 23:54:28,551 | INFO | Mushroom v28 BTC REST fallback refreshed stale tick | previous_age_ms=3047.0 threshold_ms=3000.0 source=coinbase_spot_rest
2026-05-07 23:54:32,334 | INFO | Mushroom v28 BTC REST fallback refreshed stale tick | previous_age_ms=3032.0 threshold_ms=3000.0 source=coinbase_spot_rest
2026-05-07 23:54:36,093 | INFO | Mushroom v28 BTC REST fallback refreshed stale tick | previous_age_ms=3031.0 threshold_ms=3000.0 source=coinbase_spot_rest
2026-05-07 23:54:36,207 | INFO | Heartbeat | watch=KXBTC15M-26MAY080000-00 yes_bid=8 yes_ask=8 no_bid=92 no_ask=92 book_ready=True position=False pending=False dry_run=False trust=synced run_id=7437f39b-1eb3-49f7-8cd4-ad295ef23ee6
2026-05-07 23:54:39,698 | INFO | Mushroom v28 BTC REST fallback refreshed stale tick | previous_age_ms=3016.0 threshold_ms=3000.0 source=coinbase_spot_rest
2026-05-07 23:54:43,451 | INFO | Mushroom v28 BTC REST fallback refreshed stale tick | previous_age_ms=3062.0 threshold_ms=3000.0 source=coinbase_spot_rest
2026-05-07 23:54:47,185 | INFO | Mushroom v28 BTC REST fallback refreshed stale tick | previous_age_ms=3015.0 threshold_ms=3000.0 source=coinbase_spot_rest
2026-05-07 23:54:50,866 | INFO | Mushroom v28 BTC REST fallback refreshed stale tick | previous_age_ms=3031.0 threshold_ms=3000.0 source=coinbase_spot_rest
2026-05-07 23:54:51,254 | INFO | Heartbeat | watch=KXBTC15M-26MAY080000-00 yes_bid=13 yes_ask=14 no_bid=86 no_ask=87 book_ready=True position=False pending=False dry_run=False trust=synced run_id=7437f39b-1eb3-49f7-8cd4-ad295ef23ee6
2026-05-07 23:54:54,561 | INFO | Mushroom v28 BTC REST fallback refreshed stale tick | previous_age_ms=3031.0 threshold_ms=3000.0 source=coinbase_spot_rest
2026-05-07 23:54:58,441 | INFO | Mushroom v28 BTC REST fallback refreshed stale tick | previous_age_ms=3031.0 threshold_ms=3000.0 source=coinbase_spot_rest
2026-05-07 23:55:02,176 | INFO | Mushroom v28 BTC REST fallback refreshed stale tick | previous_age_ms=3063.0 threshold_ms=3000.0 source=coinbase_spot_rest
2026-05-07 23:55:06,117 | INFO | Mushroom v28 BTC REST fallback refreshed stale tick | previous_age_ms=3047.0 threshold_ms=3000.0 source=coinbase_spot_rest
2026-05-07 23:55:06,264 | INFO | Heartbeat | watch=KXBTC15M-26MAY080000-00 yes_bid=9 yes_ask=9 no_bid=91 no_ask=91 book_ready=True position=False pending=False dry_run=False trust=synced run_id=7437f39b-1eb3-49f7-8cd4-ad295ef23ee6
2026-05-07 23:55:10,036 | INFO | Mushroom v28 BTC REST fallback refreshed stale tick | previous_age_ms=3062.0 threshold_ms=3000.0 source=coinbase_spot_rest
2026-05-07 23:55:13,758 | INFO | Mushroom v28 BTC REST fallback refreshed stale tick | previous_age_ms=3031.0 threshold_ms=3000.0 source=coinbase_spot_rest
2026-05-07 23:55:17,616 | INFO | Mushroom v28 BTC REST fallback refreshed stale tick | previous_age_ms=3063.0 threshold_ms=3000.0 source=coinbase_spot_rest
2026-05-07 23:55:21,731 | INFO | Mushroom v28 BTC REST fallback refreshed stale tick | previous_age_ms=3046.0 threshold_ms=3000.0 source=coinbase_spot_rest
2026-05-07 23:55:21,736 | INFO | Heartbeat | watch=KXBTC15M-26MAY080000-00 yes_bid=4 yes_ask=6 no_bid=94 no_ask=96 book_ready=True position=False pending=False dry_run=False trust=synced run_id=7437f39b-1eb3-49f7-8cd4-ad295ef23ee6
2026-05-07 23:55:25,696 | INFO | Mushroom v28 BTC REST fallback refreshed stale tick | previous_age_ms=3016.0 threshold_ms=3000.0 source=coinbase_spot_rest
2026-05-07 23:55:29,553 | INFO | Mushroom v28 BTC REST fallback refreshed stale tick | previous_age_ms=3047.0 threshold_ms=3000.0 source=coinbase_spot_rest
2026-05-07 23:55:33,241 | INFO | Mushroom v28 BTC REST fallback refreshed stale tick | previous_age_ms=3016.0 threshold_ms=3000.0 source=coinbase_spot_rest
2026-05-07 23:55:37,216 | INFO | Mushroom v28 BTC REST fallback refreshed stale tick | previous_age_ms=3031.0 threshold_ms=3000.0 source=coinbase_spot_rest
2026-05-07 23:55:37,229 | INFO | Heartbeat | watch=KXBTC15M-26MAY080000-00 yes_bid=6 yes_ask=7 no_bid=93 no_ask=94 book_ready=True position=False pending=False dry_run=False trust=synced run_id=7437f39b-1eb3-49f7-8cd4-ad295ef23ee6
2026-05-07 23:55:41,145 | INFO | Mushroom v28 BTC REST fallback refreshed stale tick | previous_age_ms=3016.0 threshold_ms=3000.0 source=coinbase_spot_rest
2026-05-07 23:55:45,205 | INFO | Mushroom v28 BTC REST fallback refreshed stale tick | previous_age_ms=3047.0 threshold_ms=3000.0 source=coinbase_spot_rest
2026-05-07 23:55:49,061 | INFO | Mushroom v28 BTC REST fallback refreshed stale tick | previous_age_ms=3015.0 threshold_ms=3000.0 source=coinbase_spot_rest
2026-05-07 23:55:52,904 | INFO | Mushroom v28 BTC REST fallback refreshed stale tick | previous_age_ms=3047.0 threshold_ms=3000.0 source=coinbase_spot_rest
2026-05-07 23:55:52,910 | INFO | Heartbeat | watch=KXBTC15M-26MAY080000-00 yes_bid=5 yes_ask=6 no_bid=94 no_ask=95 book_ready=True position=False pending=False dry_run=False trust=synced run_id=7437f39b-1eb3-49f7-8cd4-ad295ef23ee6
2026-05-07 23:55:56,617 | INFO | Mushroom v28 BTC REST fallback refreshed stale tick | previous_age_ms=3015.0 threshold_ms=3000.0 source=coinbase_spot_rest
2026-05-07 23:56:00,322 | INFO | Mushroom v28 BTC REST fallback refreshed stale tick | previous_age_ms=3015.0 threshold_ms=3000.0 source=coinbase_spot_rest
2026-05-07 23:56:04,046 | INFO | Mushroom v28 BTC REST fallback refreshed stale tick | previous_age_ms=3031.0 threshold_ms=3000.0 source=coinbase_spot_rest
2026-05-07 23:56:07,860 | INFO | Mushroom v28 BTC REST fallback refreshed stale tick | previous_age_ms=3016.0 threshold_ms=3000.0 source=coinbase_spot_rest
2026-05-07 23:56:07,947 | INFO | Heartbeat | watch=KXBTC15M-26MAY080000-00 yes_bid=4 yes_ask=5 no_bid=95 no_ask=96 book_ready=True position=False pending=False dry_run=False trust=synced run_id=7437f39b-1eb3-49f7-8cd4-ad295ef23ee6
2026-05-07 23:56:11,594 | INFO | Mushroom v28 BTC REST fallback refreshed stale tick | previous_age_ms=3016.0 threshold_ms=3000.0 source=coinbase_spot_rest
2026-05-07 23:56:15,363 | INFO | Mushroom v28 BTC REST fallback refreshed stale tick | previous_age_ms=3016.0 threshold_ms=3000.0 source=coinbase_spot_rest
2026-05-07 23:56:19,176 | INFO | Mushroom v28 BTC REST fallback refreshed stale tick | previous_age_ms=3016.0 threshold_ms=3000.0 source=coinbase_spot_rest
2026-05-07 23:56:23,151 | INFO | Mushroom v28 BTC REST fallback refreshed stale tick | previous_age_ms=3047.0 threshold_ms=3000.0 source=coinbase_spot_rest
2026-05-07 23:56:23,155 | INFO | Heartbeat | watch=KXBTC15M-26MAY080000-00 yes_bid=3 yes_ask=4 no_bid=96 no_ask=97 book_ready=True position=False pending=False dry_run=False trust=synced run_id=7437f39b-1eb3-49f7-8cd4-ad295ef23ee6
2026-05-07 23:56:27,040 | INFO | Mushroom v28 BTC REST fallback refreshed stale tick | previous_age_ms=3047.0 threshold_ms=3000.0 source=coinbase_spot_rest
2026-05-07 23:56:30,784 | INFO | Mushroom v28 BTC REST fallback refreshed stale tick | previous_age_ms=3032.0 threshold_ms=3000.0 source=coinbase_spot_rest
2026-05-07 23:56:34,911 | INFO | Mushroom v28 BTC REST fallback refreshed stale tick | previous_age_ms=3047.0 threshold_ms=3000.0 source=coinbase_spot_rest
2026-05-07 23:56:38,871 | INFO | Mushroom v28 BTC REST fallback refreshed stale tick | previous_age_ms=3062.0 threshold_ms=3000.0 source=coinbase_spot_rest
2026-05-07 23:56:38,883 | INFO | Heartbeat | watch=KXBTC15M-26MAY080000-00 yes_bid=2 yes_ask=3 no_bid=97 no_ask=98 book_ready=True position=False pending=False dry_run=False trust=synced run_id=7437f39b-1eb3-49f7-8cd4-ad295ef23ee6
2026-05-07 23:56:42,877 | INFO | Mushroom v28 BTC REST fallback refreshed stale tick | previous_age_ms=3015.0 threshold_ms=3000.0 source=coinbase_spot_rest
2026-05-07 23:56:46,602 | INFO | Mushroom v28 BTC REST fallback refreshed stale tick | previous_age_ms=3031.0 threshold_ms=3000.0 source=coinbase_spot_rest
2026-05-07 23:56:50,547 | INFO | Mushroom v28 BTC REST fallback refreshed stale tick | previous_age_ms=3016.0 threshold_ms=3000.0 source=coinbase_spot_rest
2026-05-07 23:56:54,294 | INFO | Mushroom v28 BTC REST fallback refreshed stale tick | previous_age_ms=3047.0 threshold_ms=3000.0 source=coinbase_spot_rest
2026-05-07 23:56:54,298 | INFO | Heartbeat | watch=KXBTC15M-26MAY080000-00 yes_bid=1 yes_ask=2 no_bid=98 no_ask=99 book_ready=True position=False pending=False dry_run=False trust=synced run_id=7437f39b-1eb3-49f7-8cd4-ad295ef23ee6
2026-05-07 23:56:58,111 | INFO | Mushroom v28 BTC REST fallback refreshed stale tick | previous_age_ms=3032.0 threshold_ms=3000.0 source=coinbase_spot_rest
2026-05-07 23:57:01,972 | INFO | Mushroom v28 BTC REST fallback refreshed stale tick | previous_age_ms=3047.0 threshold_ms=3000.0 source=coinbase_spot_rest
2026-05-07 23:57:05,914 | INFO | Mushroom v28 BTC REST fallback refreshed stale tick | previous_age_ms=3032.0 threshold_ms=3000.0 source=coinbase_spot_rest
2026-05-07 23:57:09,716 | INFO | Mushroom v28 BTC REST fallback refreshed stale tick | previous_age_ms=3015.0 threshold_ms=3000.0 source=coinbase_spot_rest
2026-05-07 23:57:09,728 | INFO | Heartbeat | watch=KXBTC15M-26MAY080000-00 yes_bid=1 yes_ask=1 no_bid=99 no_ask=99 book_ready=True position=False pending=False dry_run=False trust=synced run_id=7437f39b-1eb3-49f7-8cd4-ad295ef23ee6
2026-05-07 23:57:13,942 | INFO | Mushroom v28 BTC REST fallback refreshed stale tick | previous_age_ms=3032.0 threshold_ms=3000.0 source=coinbase_spot_rest
2026-05-07 23:57:17,789 | INFO | Mushroom v28 BTC REST fallback refreshed stale tick | previous_age_ms=3031.0 threshold_ms=3000.0 source=coinbase_spot_rest
2026-05-07 23:57:21,596 | INFO | Mushroom v28 BTC REST fallback refreshed stale tick | previous_age_ms=3047.0 threshold_ms=3000.0 source=coinbase_spot_rest
2026-05-07 23:57:25,352 | INFO | Mushroom v28 BTC REST fallback refreshed stale tick | previous_age_ms=3016.0 threshold_ms=3000.0 source=coinbase_spot_rest
2026-05-07 23:57:25,354 | INFO | Heartbeat | watch=KXBTC15M-26MAY080000-00 yes_bid=1 yes_ask=1 no_bid=99 no_ask=99 book_ready=True position=False pending=False dry_run=False trust=synced run_id=7437f39b-1eb3-49f7-8cd4-ad295ef23ee6
2026-05-07 23:57:29,241 | INFO | Mushroom v28 BTC REST fallback refreshed stale tick | previous_age_ms=3031.0 threshold_ms=3000.0 source=coinbase_spot_rest
2026-05-07 23:57:33,414 | INFO | Mushroom v28 BTC REST fallback refreshed stale tick | previous_age_ms=3047.0 threshold_ms=3000.0 source=coinbase_spot_rest
2026-05-07 23:57:37,427 | INFO | Mushroom v28 BTC REST fallback refreshed stale tick | previous_age_ms=3032.0 threshold_ms=3000.0 source=coinbase_spot_rest
2026-05-07 23:57:40,397 | INFO | Heartbeat | watch=KXBTC15M-26MAY080000-00 yes_bid=1 yes_ask=1 no_bid=99 no_ask=99 book_ready=True position=False pending=False dry_run=False trust=synced run_id=7437f39b-1eb3-49f7-8cd4-ad295ef23ee6
2026-05-07 23:57:41,315 | INFO | Mushroom v28 BTC REST fallback refreshed stale tick | previous_age_ms=3047.0 threshold_ms=3000.0 source=coinbase_spot_rest
2026-05-07 23:57:45,046 | INFO | Mushroom v28 BTC REST fallback refreshed stale tick | previous_age_ms=3016.0 threshold_ms=3000.0 source=coinbase_spot_rest
2026-05-07 23:57:48,833 | INFO | Mushroom v28 BTC REST fallback refreshed stale tick | previous_age_ms=3063.0 threshold_ms=3000.0 source=coinbase_spot_rest
2026-05-07 23:57:52,590 | INFO | Mushroom v28 BTC REST fallback refreshed stale tick | previous_age_ms=3015.0 threshold_ms=3000.0 source=coinbase_spot_rest
2026-05-07 23:57:55,402 | INFO | Heartbeat | watch=KXBTC15M-26MAY080000-00 yes_bid=1 yes_ask=2 no_bid=98 no_ask=99 book_ready=True position=False pending=False dry_run=False trust=synced run_id=7437f39b-1eb3-49f7-8cd4-ad295ef23ee6
2026-05-07 23:57:56,466 | INFO | Mushroom v28 BTC REST fallback refreshed stale tick | previous_age_ms=3032.0 threshold_ms=3000.0 source=coinbase_spot_rest
2026-05-07 23:58:00,186 | INFO | Mushroom v28 BTC REST fallback refreshed stale tick | previous_age_ms=3032.0 threshold_ms=3000.0 source=coinbase_spot_rest
2026-05-07 23:58:03,901 | INFO | Mushroom v28 BTC REST fallback refreshed stale tick | previous_age_ms=3016.0 threshold_ms=3000.0 source=coinbase_spot_rest
2026-05-07 23:58:07,688 | INFO | Mushroom v28 BTC REST fallback refreshed stale tick | previous_age_ms=3031.0 threshold_ms=3000.0 source=coinbase_spot_rest
2026-05-07 23:58:10,404 | INFO | Heartbeat | watch=KXBTC15M-26MAY080000-00 yes_bid=1 yes_ask=3 no_bid=97 no_ask=99 book_ready=True position=False pending=False dry_run=False trust=synced run_id=7437f39b-1eb3-49f7-8cd4-ad295ef23ee6
2026-05-07 23:58:11,526 | INFO | Mushroom v28 BTC REST fallback refreshed stale tick | previous_age_ms=3016.0 threshold_ms=3000.0 source=coinbase_spot_rest
2026-05-07 23:58:15,338 | INFO | Mushroom v28 BTC REST fallback refreshed stale tick | previous_age_ms=3015.0 threshold_ms=3000.0 source=coinbase_spot_rest
2026-05-07 23:58:19,346 | INFO | Mushroom v28 BTC REST fallback refreshed stale tick | previous_age_ms=3063.0 threshold_ms=3000.0 source=coinbase_spot_rest
2026-05-07 23:58:23,167 | INFO | Mushroom v28 BTC REST fallback refreshed stale tick | previous_age_ms=3032.0 threshold_ms=3000.0 source=coinbase_spot_rest
2026-05-07 23:58:25,418 | INFO | Heartbeat | watch=KXBTC15M-26MAY080000-00 yes_bid=0 yes_ask=0 no_bid=100 no_ask=100 book_ready=True position=False pending=False dry_run=False trust=synced run_id=7437f39b-1eb3-49f7-8cd4-ad295ef23ee6
2026-05-07 23:58:27,067 | INFO | Mushroom v28 BTC REST fallback refreshed stale tick | previous_age_ms=3016.0 threshold_ms=3000.0 source=coinbase_spot_rest
2026-05-07 23:58:30,755 | INFO | Mushroom v28 BTC REST fallback refreshed stale tick | previous_age_ms=3031.0 threshold_ms=3000.0 source=coinbase_spot_rest
2026-05-07 23:58:34,645 | INFO | Mushroom v28 BTC REST fallback refreshed stale tick | previous_age_ms=3031.0 threshold_ms=3000.0 source=coinbase_spot_rest
2026-05-07 23:58:38,411 | INFO | Mushroom v28 BTC REST fallback refreshed stale tick | previous_age_ms=3016.0 threshold_ms=3000.0 source=coinbase_spot_rest
2026-05-07 23:58:40,457 | INFO | Heartbeat | watch=KXBTC15M-26MAY080000-00 yes_bid=0 yes_ask=0 no_bid=100 no_ask=100 book_ready=True position=False pending=False dry_run=False trust=synced run_id=7437f39b-1eb3-49f7-8cd4-ad295ef23ee6
2026-05-07 23:58:42,353 | INFO | Mushroom v28 BTC REST fallback refreshed stale tick | previous_age_ms=3015.0 threshold_ms=3000.0 source=coinbase_spot_rest
2026-05-07 23:58:46,241 | INFO | Mushroom v28 BTC REST fallback refreshed stale tick | previous_age_ms=3062.0 threshold_ms=3000.0 source=coinbase_spot_rest
2026-05-07 23:58:50,090 | INFO | Mushroom v28 BTC REST fallback refreshed stale tick | previous_age_ms=3062.0 threshold_ms=3000.0 source=coinbase_spot_rest
2026-05-07 23:58:53,952 | INFO | Mushroom v28 BTC REST fallback refreshed stale tick | previous_age_ms=3032.0 threshold_ms=3000.0 source=coinbase_spot_rest
2026-05-07 23:58:55,460 | INFO | Heartbeat | watch=KXBTC15M-26MAY080000-00 yes_bid=0 yes_ask=0 no_bid=100 no_ask=100 book_ready=True position=False pending=False dry_run=False trust=synced run_id=7437f39b-1eb3-49f7-8cd4-ad295ef23ee6
2026-05-07 23:58:57,984 | INFO | Mushroom v28 BTC REST fallback refreshed stale tick | previous_age_ms=3015.0 threshold_ms=3000.0 source=coinbase_spot_rest
2026-05-07 23:59:02,023 | INFO | Mushroom v28 BTC REST fallback refreshed stale tick | previous_age_ms=3016.0 threshold_ms=3000.0 source=coinbase_spot_rest
2026-05-07 23:59:05,886 | INFO | Mushroom v28 BTC REST fallback refreshed stale tick | previous_age_ms=3047.0 threshold_ms=3000.0 source=coinbase_spot_rest
2026-05-07 23:59:09,804 | INFO | Mushroom v28 BTC REST fallback refreshed stale tick | previous_age_ms=3062.0 threshold_ms=3000.0 source=coinbase_spot_rest
2026-05-07 23:59:10,475 | INFO | Heartbeat | watch=KXBTC15M-26MAY080000-00 yes_bid=0 yes_ask=0 no_bid=100 no_ask=100 book_ready=True position=False pending=False dry_run=False trust=synced run_id=7437f39b-1eb3-49f7-8cd4-ad295ef23ee6
2026-05-07 23:59:13,647 | INFO | Mushroom v28 BTC REST fallback refreshed stale tick | previous_age_ms=3047.0 threshold_ms=3000.0 source=coinbase_spot_rest
2026-05-07 23:59:17,509 | INFO | Mushroom v28 BTC REST fallback refreshed stale tick | previous_age_ms=3016.0 threshold_ms=3000.0 source=coinbase_spot_rest
2026-05-07 23:59:21,213 | INFO | Mushroom v28 BTC REST fallback refreshed stale tick | previous_age_ms=3047.0 threshold_ms=3000.0 source=coinbase_spot_rest
2026-05-07 23:59:24,916 | INFO | Mushroom v28 BTC REST fallback refreshed stale tick | previous_age_ms=3016.0 threshold_ms=3000.0 source=coinbase_spot_rest
2026-05-07 23:59:25,512 | INFO | Heartbeat | watch=KXBTC15M-26MAY080000-00 yes_bid=0 yes_ask=0 no_bid=100 no_ask=100 book_ready=True position=False pending=False dry_run=False trust=synced run_id=7437f39b-1eb3-49f7-8cd4-ad295ef23ee6
2026-05-07 23:59:28,725 | INFO | Mushroom v28 BTC REST fallback refreshed stale tick | previous_age_ms=3016.0 threshold_ms=3000.0 source=coinbase_spot_rest
2026-05-07 23:59:32,704 | INFO | Mushroom v28 BTC REST fallback refreshed stale tick | previous_age_ms=3063.0 threshold_ms=3000.0 source=coinbase_spot_rest
2026-05-07 23:59:36,586 | INFO | Mushroom v28 BTC REST fallback refreshed stale tick | previous_age_ms=3015.0 threshold_ms=3000.0 source=coinbase_spot_rest
2026-05-07 23:59:40,323 | INFO | Mushroom v28 BTC REST fallback refreshed stale tick | previous_age_ms=3031.0 threshold_ms=3000.0 source=coinbase_spot_rest
2026-05-07 23:59:40,543 | INFO | Heartbeat | watch=KXBTC15M-26MAY080000-00 yes_bid=0 yes_ask=0 no_bid=100 no_ask=100 book_ready=True position=False pending=False dry_run=False trust=synced run_id=7437f39b-1eb3-49f7-8cd4-ad295ef23ee6
2026-05-07 23:59:44,103 | INFO | Mushroom v28 BTC REST fallback refreshed stale tick | previous_age_ms=3062.0 threshold_ms=3000.0 source=coinbase_spot_rest
2026-05-07 23:59:47,949 | INFO | Mushroom v28 BTC REST fallback refreshed stale tick | previous_age_ms=3031.0 threshold_ms=3000.0 source=coinbase_spot_rest
2026-05-07 23:59:51,826 | INFO | Mushroom v28 BTC REST fallback refreshed stale tick | previous_age_ms=3062.0 threshold_ms=3000.0 source=coinbase_spot_rest
2026-05-07 23:59:55,788 | INFO | Mushroom v28 BTC REST fallback refreshed stale tick | previous_age_ms=3015.0 threshold_ms=3000.0 source=coinbase_spot_rest
2026-05-07 23:59:55,795 | INFO | Heartbeat | watch=KXBTC15M-26MAY080000-00 yes_bid=0 yes_ask=0 no_bid=100 no_ask=100 book_ready=True position=False pending=False dry_run=False trust=synced run_id=7437f39b-1eb3-49f7-8cd4-ad295ef23ee6
2026-05-07 23:59:59,528 | INFO | Mushroom v28 BTC REST fallback refreshed stale tick | previous_age_ms=3032.0 threshold_ms=3000.0 source=coinbase_spot_rest
2026-05-08 00:00:03,419 | INFO | Mushroom v28 BTC REST fallback refreshed stale tick | previous_age_ms=3015.0 threshold_ms=3000.0 source=coinbase_spot_rest
2026-05-08 00:00:07,110 | INFO | Orderbook snapshot ready for KXBTC15M-26MAY080000-00
2026-05-08 00:00:07,213 | INFO | Mushroom v28 BTC REST fallback refreshed stale tick | previous_age_ms=3047.0 threshold_ms=3000.0 source=coinbase_spot_rest
2026-05-08 00:00:10,988 | INFO | Mushroom v28 BTC REST fallback refreshed stale tick | previous_age_ms=3063.0 threshold_ms=3000.0 source=coinbase_spot_rest
2026-05-08 00:00:10,998 | INFO | Heartbeat | watch=KXBTC15M-26MAY080000-00 yes_bid=0 yes_ask=100 no_bid=0 no_ask=100 book_ready=True position=False pending=False dry_run=False trust=synced run_id=7437f39b-1eb3-49f7-8cd4-ad295ef23ee6
2026-05-08 00:00:14,732 | INFO | Mushroom v28 BTC REST fallback refreshed stale tick | previous_age_ms=3047.0 threshold_ms=3000.0 source=coinbase_spot_rest
2026-05-08 00:00:18,313 | INFO | Mushroom v28 BTC REST fallback refreshed stale tick | previous_age_ms=3016.0 threshold_ms=3000.0 source=coinbase_spot_rest
2026-05-08 00:00:22,284 | INFO | Mushroom v28 BTC REST fallback refreshed stale tick | previous_age_ms=3047.0 threshold_ms=3000.0 source=coinbase_spot_rest
2026-05-08 00:00:25,962 | INFO | Mushroom v28 BTC REST fallback refreshed stale tick | previous_age_ms=3015.0 threshold_ms=3000.0 source=coinbase_spot_rest
2026-05-08 00:00:26,077 | INFO | Heartbeat | watch=KXBTC15M-26MAY080000-00 yes_bid=0 yes_ask=100 no_bid=0 no_ask=100 book_ready=True position=False pending=False dry_run=False trust=synced run_id=7437f39b-1eb3-49f7-8cd4-ad295ef23ee6
2026-05-08 00:00:29,822 | INFO | Mushroom v28 BTC REST fallback refreshed stale tick | previous_age_ms=3032.0 threshold_ms=3000.0 source=coinbase_spot_rest
2026-05-08 00:00:30,921 | INFO | Watching market KXBTC15M-26MAY080015-15 close_time=2026-05-08T04:15:00Z status=active strike=79560.81 run_id=7437f39b-1eb3-49f7-8cd4-ad295ef23ee6
2026-05-08 00:00:31,133 | INFO | WS connected for KXBTC15M-26MAY080015-15
2026-05-08 00:00:31,168 | INFO | WS subscribed payload: {'type': 'subscribed', 'id': 5, 'msg': {'channel': 'ticker', 'sid': 1}}
2026-05-08 00:00:31,168 | INFO | WS subscribed payload: {'type': 'subscribed', 'id': 5, 'msg': {'channel': 'orderbook_delta', 'sid': 2}}
2026-05-08 00:00:31,170 | INFO | Orderbook snapshot ready for KXBTC15M-26MAY080015-15
2026-05-08 00:00:33,535 | INFO | Mushroom v28 BTC REST fallback refreshed stale tick | previous_age_ms=3047.0 threshold_ms=3000.0 source=coinbase_spot_rest
2026-05-08 00:00:37,235 | INFO | Mushroom v28 BTC REST fallback refreshed stale tick | previous_age_ms=3047.0 threshold_ms=3000.0 source=coinbase_spot_rest
2026-05-08 00:00:41,028 | INFO | Mushroom v28 BTC REST fallback refreshed stale tick | previous_age_ms=3031.0 threshold_ms=3000.0 source=coinbase_spot_rest
2026-05-08 00:00:41,161 | INFO | Heartbeat | watch=KXBTC15M-26MAY080015-15 yes_bid=56 yes_ask=57 no_bid=43 no_ask=44 book_ready=True position=False pending=False dry_run=False trust=synced run_id=7437f39b-1eb3-49f7-8cd4-ad295ef23ee6
2026-05-08 00:00:45,023 | INFO | Mushroom v28 BTC REST fallback refreshed stale tick | previous_age_ms=3047.0 threshold_ms=3000.0 source=coinbase_spot_rest
2026-05-08 00:00:48,826 | INFO | Mushroom v28 BTC REST fallback refreshed stale tick | previous_age_ms=3062.0 threshold_ms=3000.0 source=coinbase_spot_rest
2026-05-08 00:00:52,881 | INFO | Mushroom v28 BTC REST fallback refreshed stale tick | previous_age_ms=3031.0 threshold_ms=3000.0 source=coinbase_spot_rest
2026-05-08 00:00:57,080 | INFO | Mushroom v28 BTC REST fallback refreshed stale tick | previous_age_ms=3047.0 threshold_ms=3000.0 source=coinbase_spot_rest
2026-05-08 00:00:57,084 | INFO | Heartbeat | watch=KXBTC15M-26MAY080015-15 yes_bid=56 yes_ask=57 no_bid=43 no_ask=44 book_ready=True position=False pending=False dry_run=False trust=synced run_id=7437f39b-1eb3-49f7-8cd4-ad295ef23ee6
2026-05-08 00:01:00,982 | INFO | Mushroom v28 BTC REST fallback refreshed stale tick | previous_age_ms=3047.0 threshold_ms=3000.0 source=coinbase_spot_rest
2026-05-08 00:01:04,793 | INFO | Mushroom v28 BTC REST fallback refreshed stale tick | previous_age_ms=3016.0 threshold_ms=3000.0 source=coinbase_spot_rest
2026-05-08 00:01:08,681 | INFO | Mushroom v28 BTC REST fallback refreshed stale tick | previous_age_ms=3047.0 threshold_ms=3000.0 source=coinbase_spot_rest
2026-05-08 00:01:12,453 | INFO | Mushroom v28 BTC REST fallback refreshed stale tick | previous_age_ms=3063.0 threshold_ms=3000.0 source=coinbase_spot_rest
2026-05-08 00:01:12,463 | INFO | Heartbeat | watch=KXBTC15M-26MAY080015-15 yes_bid=58 yes_ask=59 no_bid=41 no_ask=42 book_ready=True position=False pending=False dry_run=False trust=synced run_id=7437f39b-1eb3-49f7-8cd4-ad295ef23ee6
2026-05-08 00:01:16,355 | INFO | Mushroom v28 BTC REST fallback refreshed stale tick | previous_age_ms=3062.0 threshold_ms=3000.0 source=coinbase_spot_rest
2026-05-08 00:01:20,177 | INFO | Mushroom v28 BTC REST fallback refreshed stale tick | previous_age_ms=3047.0 threshold_ms=3000.0 source=coinbase_spot_rest
2026-05-08 00:01:24,010 | INFO | Mushroom v28 BTC REST fallback refreshed stale tick | previous_age_ms=3016.0 threshold_ms=3000.0 source=coinbase_spot_rest
2026-05-08 00:01:27,764 | INFO | Mushroom v28 BTC REST fallback refreshed stale tick | previous_age_ms=3015.0 threshold_ms=3000.0 source=coinbase_spot_rest
2026-05-08 00:01:27,780 | INFO | Heartbeat | watch=KXBTC15M-26MAY080015-15 yes_bid=66 yes_ask=67 no_bid=33 no_ask=34 book_ready=True position=False pending=False dry_run=False trust=synced run_id=7437f39b-1eb3-49f7-8cd4-ad295ef23ee6
2026-05-08 00:01:31,619 | INFO | Mushroom v28 BTC REST fallback refreshed stale tick | previous_age_ms=3063.0 threshold_ms=3000.0 source=coinbase_spot_rest
2026-05-08 00:01:35,403 | INFO | Mushroom v28 BTC REST fallback refreshed stale tick | previous_age_ms=3046.0 threshold_ms=3000.0 source=coinbase_spot_rest
2026-05-08 00:01:39,276 | INFO | Mushroom v28 BTC REST fallback refreshed stale tick | previous_age_ms=3031.0 threshold_ms=3000.0 source=coinbase_spot_rest
2026-05-08 00:01:43,307 | INFO | Mushroom v28 BTC REST fallback refreshed stale tick | previous_age_ms=3015.0 threshold_ms=3000.0 source=coinbase_spot_rest
2026-05-08 00:01:43,311 | INFO | Heartbeat | watch=KXBTC15M-26MAY080015-15 yes_bid=67 yes_ask=68 no_bid=32 no_ask=33 book_ready=True position=False pending=False dry_run=False trust=synced run_id=7437f39b-1eb3-49f7-8cd4-ad295ef23ee6
2026-05-08 00:01:47,257 | INFO | Mushroom v28 BTC REST fallback refreshed stale tick | previous_age_ms=3032.0 threshold_ms=3000.0 source=coinbase_spot_rest
2026-05-08 00:01:51,168 | INFO | Mushroom v28 BTC REST fallback refreshed stale tick | previous_age_ms=3015.0 threshold_ms=3000.0 source=coinbase_spot_rest
2026-05-08 00:01:54,926 | INFO | Mushroom v28 BTC REST fallback refreshed stale tick | previous_age_ms=3047.0 threshold_ms=3000.0 source=coinbase_spot_rest
2026-05-08 00:01:58,900 | INFO | Mushroom v28 BTC REST fallback refreshed stale tick | previous_age_ms=3063.0 threshold_ms=3000.0 source=coinbase_spot_rest
2026-05-08 00:01:58,912 | INFO | Heartbeat | watch=KXBTC15M-26MAY080015-15 yes_bid=69 yes_ask=70 no_bid=30 no_ask=31 book_ready=True position=False pending=False dry_run=False trust=synced run_id=7437f39b-1eb3-49f7-8cd4-ad295ef23ee6
2026-05-08 00:02:03,127 | INFO | Mushroom v28 BTC REST fallback refreshed stale tick | previous_age_ms=3125.0 threshold_ms=3000.0 source=coinbase_spot_rest
2026-05-08 00:02:07,035 | INFO | Mushroom v28 BTC REST fallback refreshed stale tick | previous_age_ms=3015.0 threshold_ms=3000.0 source=coinbase_spot_rest
2026-05-08 00:02:10,899 | INFO | Mushroom v28 BTC REST fallback refreshed stale tick | previous_age_ms=3031.0 threshold_ms=3000.0 source=coinbase_spot_rest
2026-05-08 00:02:14,923 | INFO | Mushroom v28 BTC REST fallback refreshed stale tick | previous_age_ms=3016.0 threshold_ms=3000.0 source=coinbase_spot_rest
2026-05-08 00:02:14,939 | INFO | Heartbeat | watch=KXBTC15M-26MAY080015-15 yes_bid=72 yes_ask=73 no_bid=27 no_ask=28 book_ready=True position=False pending=False dry_run=False trust=synced run_id=7437f39b-1eb3-49f7-8cd4-ad295ef23ee6
2026-05-08 00:02:18,897 | INFO | Mushroom v28 BTC REST fallback refreshed stale tick | previous_age_ms=3047.0 threshold_ms=3000.0 source=coinbase_spot_rest
2026-05-08 00:02:22,789 | INFO | Mushroom v28 BTC REST fallback refreshed stale tick | previous_age_ms=3063.0 threshold_ms=3000.0 source=coinbase_spot_rest
2026-05-08 00:02:26,509 | INFO | Mushroom v28 BTC REST fallback refreshed stale tick | previous_age_ms=3015.0 threshold_ms=3000.0 source=coinbase_spot_rest
2026-05-08 00:02:30,368 | INFO | Mushroom v28 BTC REST fallback refreshed stale tick | previous_age_ms=3031.0 threshold_ms=3000.0 source=coinbase_spot_rest
2026-05-08 00:02:30,385 | INFO | Heartbeat | watch=KXBTC15M-26MAY080015-15 yes_bid=70 yes_ask=71 no_bid=29 no_ask=30 book_ready=True position=False pending=False dry_run=False trust=synced run_id=7437f39b-1eb3-49f7-8cd4-ad295ef23ee6
2026-05-08 00:02:34,092 | INFO | Mushroom v28 BTC REST fallback refreshed stale tick | previous_age_ms=3031.0 threshold_ms=3000.0 source=coinbase_spot_rest
2026-05-08 00:02:37,830 | INFO | Mushroom v28 BTC REST fallback refreshed stale tick | previous_age_ms=3016.0 threshold_ms=3000.0 source=coinbase_spot_rest
2026-05-08 00:02:41,678 | INFO | Mushroom v28 BTC REST fallback refreshed stale tick | previous_age_ms=3015.0 threshold_ms=3000.0 source=coinbase_spot_rest
2026-05-08 00:02:45,360 | INFO | Mushroom v28 BTC REST fallback refreshed stale tick | previous_age_ms=3047.0 threshold_ms=3000.0 source=coinbase_spot_rest
2026-05-08 00:02:45,473 | INFO | Heartbeat | watch=KXBTC15M-26MAY080015-15 yes_bid=73 yes_ask=74 no_bid=26 no_ask=27 book_ready=True position=False pending=False dry_run=False trust=synced run_id=7437f39b-1eb3-49f7-8cd4-ad295ef23ee6
2026-05-08 00:02:49,183 | INFO | Mushroom v28 BTC REST fallback refreshed stale tick | previous_age_ms=3031.0 threshold_ms=3000.0 source=coinbase_spot_rest
2026-05-08 00:02:53,054 | INFO | Mushroom v28 BTC REST fallback refreshed stale tick | previous_age_ms=3031.0 threshold_ms=3000.0 source=coinbase_spot_rest
2026-05-08 00:02:56,656 | INFO | Mushroom v28 BTC REST fallback refreshed stale tick | previous_age_ms=3016.0 threshold_ms=3000.0 source=coinbase_spot_rest
2026-05-08 00:03:00,477 | INFO | Mushroom v28 BTC REST fallback refreshed stale tick | previous_age_ms=3031.0 threshold_ms=3000.0 source=coinbase_spot_rest
2026-05-08 00:03:00,483 | INFO | Heartbeat | watch=KXBTC15M-26MAY080015-15 yes_bid=73 yes_ask=75 no_bid=25 no_ask=27 book_ready=True position=False pending=False dry_run=False trust=synced run_id=7437f39b-1eb3-49f7-8cd4-ad295ef23ee6
2026-05-08 00:03:04,424 | INFO | Mushroom v28 BTC REST fallback refreshed stale tick | previous_age_ms=3063.0 threshold_ms=3000.0 source=coinbase_spot_rest
2026-05-08 00:03:08,168 | INFO | Mushroom v28 BTC REST fallback refreshed stale tick | previous_age_ms=3032.0 threshold_ms=3000.0 source=coinbase_spot_rest
2026-05-08 00:03:12,102 | INFO | Mushroom v28 BTC REST fallback refreshed stale tick | previous_age_ms=3047.0 threshold_ms=3000.0 source=coinbase_spot_rest
2026-05-08 00:03:16,045 | INFO | Mushroom v28 BTC REST fallback refreshed stale tick | previous_age_ms=3047.0 threshold_ms=3000.0 source=coinbase_spot_rest
2026-05-08 00:03:16,058 | INFO | Heartbeat | watch=KXBTC15M-26MAY080015-15 yes_bid=65 yes_ask=66 no_bid=34 no_ask=35 book_ready=True position=False pending=False dry_run=False trust=synced run_id=7437f39b-1eb3-49f7-8cd4-ad295ef23ee6
2026-05-08 00:03:19,977 | INFO | Mushroom v28 BTC REST fallback refreshed stale tick | previous_age_ms=3016.0 threshold_ms=3000.0 source=coinbase_spot_rest
2026-05-08 00:03:23,931 | INFO | Mushroom v28 BTC REST fallback refreshed stale tick | previous_age_ms=3063.0 threshold_ms=3000.0 source=coinbase_spot_rest
2026-05-08 00:03:27,623 | INFO | Mushroom v28 BTC REST fallback refreshed stale tick | previous_age_ms=3047.0 threshold_ms=3000.0 source=coinbase_spot_rest
2026-05-08 00:03:31,342 | INFO | Mushroom v28 BTC REST fallback refreshed stale tick | previous_age_ms=3046.0 threshold_ms=3000.0 source=coinbase_spot_rest
2026-05-08 00:03:31,351 | INFO | Heartbeat | watch=KXBTC15M-26MAY080015-15 yes_bid=73 yes_ask=74 no_bid=26 no_ask=27 book_ready=True position=False pending=False dry_run=False trust=synced run_id=7437f39b-1eb3-49f7-8cd4-ad295ef23ee6
2026-05-08 00:03:35,188 | INFO | Mushroom v28 BTC REST fallback refreshed stale tick | previous_age_ms=3032.0 threshold_ms=3000.0 source=coinbase_spot_rest
2026-05-08 00:03:38,904 | INFO | Mushroom v28 BTC REST fallback refreshed stale tick | previous_age_ms=3016.0 threshold_ms=3000.0 source=coinbase_spot_rest
2026-05-08 00:03:42,821 | INFO | Mushroom v28 BTC REST fallback refreshed stale tick | previous_age_ms=3015.0 threshold_ms=3000.0 source=coinbase_spot_rest
2026-05-08 00:03:46,632 | INFO | Mushroom v28 BTC REST fallback refreshed stale tick | previous_age_ms=3047.0 threshold_ms=3000.0 source=coinbase_spot_rest
2026-05-08 00:03:46,643 | INFO | Heartbeat | watch=KXBTC15M-26MAY080015-15 yes_bid=79 yes_ask=80 no_bid=20 no_ask=21 book_ready=True position=False pending=False dry_run=False trust=synced run_id=7437f39b-1eb3-49f7-8cd4-ad295ef23ee6
2026-05-08 00:03:50,518 | INFO | Mushroom v28 BTC REST fallback refreshed stale tick | previous_age_ms=3015.0 threshold_ms=3000.0 source=coinbase_spot_rest
2026-05-08 00:03:54,417 | INFO | Mushroom v28 BTC REST fallback refreshed stale tick | previous_age_ms=3047.0 threshold_ms=3000.0 source=coinbase_spot_rest
2026-05-08 00:03:58,434 | INFO | Mushroom v28 BTC REST fallback refreshed stale tick | previous_age_ms=3032.0 threshold_ms=3000.0 source=coinbase_spot_rest
2026-05-08 00:04:02,191 | INFO | Mushroom v28 BTC REST fallback refreshed stale tick | previous_age_ms=3016.0 threshold_ms=3000.0 source=coinbase_spot_rest
2026-05-08 00:04:02,191 | INFO | Heartbeat | watch=KXBTC15M-26MAY080015-15 yes_bid=82 yes_ask=83 no_bid=17 no_ask=18 book_ready=True position=False pending=False dry_run=False trust=synced run_id=7437f39b-1eb3-49f7-8cd4-ad295ef23ee6
2026-05-08 00:04:06,079 | INFO | Mushroom v28 BTC REST fallback refreshed stale tick | previous_age_ms=3016.0 threshold_ms=3000.0 source=coinbase_spot_rest
2026-05-08 00:04:09,859 | INFO | Mushroom v28 BTC REST fallback refreshed stale tick | previous_age_ms=3015.0 threshold_ms=3000.0 source=coinbase_spot_rest
2026-05-08 00:04:14,104 | INFO | Mushroom v28 BTC REST fallback refreshed stale tick | previous_age_ms=3031.0 threshold_ms=3000.0 source=coinbase_spot_rest
2026-05-08 00:04:17,964 | INFO | Mushroom v28 BTC REST fallback refreshed stale tick | previous_age_ms=3062.0 threshold_ms=3000.0 source=coinbase_spot_rest
2026-05-08 00:04:17,976 | INFO | Heartbeat | watch=KXBTC15M-26MAY080015-15 yes_bid=81 yes_ask=82 no_bid=18 no_ask=19 book_ready=True position=False pending=False dry_run=False trust=synced run_id=7437f39b-1eb3-49f7-8cd4-ad295ef23ee6
2026-05-08 00:04:22,149 | INFO | Mushroom v28 BTC REST fallback refreshed stale tick | previous_age_ms=3032.0 threshold_ms=3000.0 source=coinbase_spot_rest
2026-05-08 00:04:25,932 | INFO | Mushroom v28 BTC REST fallback refreshed stale tick | previous_age_ms=3031.0 threshold_ms=3000.0 source=coinbase_spot_rest
2026-05-08 00:04:29,786 | INFO | Mushroom v28 BTC REST fallback refreshed stale tick | previous_age_ms=3047.0 threshold_ms=3000.0 source=coinbase_spot_rest
2026-05-08 00:04:33,820 | INFO | Mushroom v28 BTC REST fallback refreshed stale tick | previous_age_ms=3062.0 threshold_ms=3000.0 source=coinbase_spot_rest
2026-05-08 00:04:33,824 | INFO | Heartbeat | watch=KXBTC15M-26MAY080015-15 yes_bid=77 yes_ask=78 no_bid=22 no_ask=23 book_ready=True position=False pending=False dry_run=False trust=synced run_id=7437f39b-1eb3-49f7-8cd4-ad295ef23ee6
2026-05-08 00:04:37,787 | INFO | Mushroom v28 BTC REST fallback refreshed stale tick | previous_age_ms=3047.0 threshold_ms=3000.0 source=coinbase_spot_rest
2026-05-08 00:04:41,663 | INFO | Mushroom v28 BTC REST fallback refreshed stale tick | previous_age_ms=3015.0 threshold_ms=3000.0 source=coinbase_spot_rest
2026-05-08 00:04:45,561 | INFO | Mushroom v28 BTC REST fallback refreshed stale tick | previous_age_ms=3015.0 threshold_ms=3000.0 source=coinbase_spot_rest
2026-05-08 00:04:49,330 | INFO | Mushroom v28 BTC REST fallback refreshed stale tick | previous_age_ms=3031.0 threshold_ms=3000.0 source=coinbase_spot_rest
2026-05-08 00:04:49,341 | INFO | Heartbeat | watch=KXBTC15M-26MAY080015-15 yes_bid=76 yes_ask=78 no_bid=22 no_ask=24 book_ready=True position=False pending=False dry_run=False trust=synced run_id=7437f39b-1eb3-49f7-8cd4-ad295ef23ee6
2026-05-08 00:04:53,164 | INFO | Mushroom v28 BTC REST fallback refreshed stale tick | previous_age_ms=3047.0 threshold_ms=3000.0 source=coinbase_spot_rest
2026-05-08 00:04:57,033 | INFO | Mushroom v28 BTC REST fallback refreshed stale tick | previous_age_ms=3062.0 threshold_ms=3000.0 source=coinbase_spot_rest
2026-05-08 00:05:03,711 | INFO | Mushroom v28 BTC REST fallback refreshed stale tick | previous_age_ms=3015.0 threshold_ms=3000.0 source=coinbase_spot_rest
2026-05-08 00:05:04,359 | INFO | Heartbeat | watch=KXBTC15M-26MAY080015-15 yes_bid=79 yes_ask=80 no_bid=20 no_ask=21 book_ready=True position=False pending=False dry_run=False trust=synced run_id=7437f39b-1eb3-49f7-8cd4-ad295ef23ee6
2026-05-08 00:05:07,554 | INFO | Mushroom v28 BTC REST fallback refreshed stale tick | previous_age_ms=3032.0 threshold_ms=3000.0 source=coinbase_spot_rest
2026-05-08 00:05:11,284 | INFO | Mushroom v28 BTC REST fallback refreshed stale tick | previous_age_ms=3016.0 threshold_ms=3000.0 source=coinbase_spot_rest
2026-05-08 00:05:15,276 | INFO | Mushroom v28 BTC REST fallback refreshed stale tick | previous_age_ms=3047.0 threshold_ms=3000.0 source=coinbase_spot_rest
2026-05-08 00:05:19,120 | INFO | Mushroom v28 BTC REST fallback refreshed stale tick | previous_age_ms=3062.0 threshold_ms=3000.0 source=coinbase_spot_rest
2026-05-08 00:05:22,889 | WARNING | Live account state refresh failed. Blocking live entries until refresh succeeds. Error: HTTPSConnectionPool(host='api.elections.kalshi.com', port=443): Read timed out. (read timeout=5.0)
2026-05-08 00:05:24,190 | WARNING | Market refresh failed. Keeping current watch. Error: HTTPSConnectionPool(host='api.elections.kalshi.com', port=443): Read timed out. (read timeout=5.0)
2026-05-08 00:05:25,353 | INFO | Mushroom v28 BTC REST fallback refreshed stale tick | previous_age_ms=5078.0 threshold_ms=3000.0 source=coinbase_spot_rest
2026-05-08 00:05:25,359 | INFO | Heartbeat | watch=KXBTC15M-26MAY080015-15 yes_bid=79 yes_ask=80 no_bid=20 no_ask=21 book_ready=True position=False pending=False dry_run=False trust=synced run_id=7437f39b-1eb3-49f7-8cd4-ad295ef23ee6
2026-05-08 00:05:29,300 | INFO | Mushroom v28 BTC REST fallback refreshed stale tick | previous_age_ms=3063.0 threshold_ms=3000.0 source=coinbase_spot_rest
2026-05-08 00:05:33,004 | INFO | Mushroom v28 BTC REST fallback refreshed stale tick | previous_age_ms=3063.0 threshold_ms=3000.0 source=coinbase_spot_rest
2026-05-08 00:05:37,206 | INFO | Mushroom v28 BTC REST fallback refreshed stale tick | previous_age_ms=3031.0 threshold_ms=3000.0 source=coinbase_spot_rest
2026-05-08 00:05:41,060 | INFO | Mushroom v28 BTC REST fallback refreshed stale tick | previous_age_ms=3015.0 threshold_ms=3000.0 source=coinbase_spot_rest
2026-05-08 00:05:41,073 | INFO | Heartbeat | watch=KXBTC15M-26MAY080015-15 yes_bid=79 yes_ask=80 no_bid=20 no_ask=21 book_ready=True position=False pending=False dry_run=False trust=synced run_id=7437f39b-1eb3-49f7-8cd4-ad295ef23ee6
2026-05-08 00:05:44,844 | INFO | Mushroom v28 BTC REST fallback refreshed stale tick | previous_age_ms=3016.0 threshold_ms=3000.0 source=coinbase_spot_rest
2026-05-08 00:05:48,634 | WARNING | Mushroom v28 BTC tick stream failed. reconnect_seconds=1.00 error=no close frame received or sent
2026-05-08 00:05:48,722 | INFO | Mushroom v28 BTC REST fallback refreshed stale tick | previous_age_ms=3016.0 threshold_ms=3000.0 source=coinbase_spot_rest
2026-05-08 00:05:49,897 | INFO | Mushroom v28 BTC tick stream connected | source=coinbase url=wss://ws-feed.exchange.coinbase.com
2026-05-08 00:05:54,179 | INFO | Mushroom v28 BTC REST fallback refreshed stale tick | previous_age_ms=3063.0 threshold_ms=3000.0 source=coinbase_spot_rest
2026-05-08 00:05:56,097 | INFO | Heartbeat | watch=KXBTC15M-26MAY080015-15 yes_bid=80 yes_ask=81 no_bid=19 no_ask=20 book_ready=True position=False pending=False dry_run=False trust=synced run_id=7437f39b-1eb3-49f7-8cd4-ad295ef23ee6
2026-05-08 00:05:58,036 | INFO | Mushroom v28 BTC REST fallback refreshed stale tick | previous_age_ms=3047.0 threshold_ms=3000.0 source=coinbase_spot_rest
2026-05-08 00:06:02,160 | INFO | Mushroom v28 BTC REST fallback refreshed stale tick | previous_age_ms=3047.0 threshold_ms=3000.0 source=coinbase_spot_rest
2026-05-08 00:06:05,901 | INFO | Mushroom v28 BTC REST fallback refreshed stale tick | previous_age_ms=3047.0 threshold_ms=3000.0 source=coinbase_spot_rest
2026-05-08 00:06:09,764 | INFO | Mushroom v28 BTC REST fallback refreshed stale tick | previous_age_ms=3063.0 threshold_ms=3000.0 source=coinbase_spot_rest
2026-05-08 00:06:11,109 | INFO | Heartbeat | watch=KXBTC15M-26MAY080015-15 yes_bid=77 yes_ask=78 no_bid=22 no_ask=23 book_ready=True position=False pending=False dry_run=False trust=synced run_id=7437f39b-1eb3-49f7-8cd4-ad295ef23ee6
2026-05-08 00:06:13,688 | INFO | Mushroom v28 BTC REST fallback refreshed stale tick | previous_age_ms=3047.0 threshold_ms=3000.0 source=coinbase_spot_rest
2026-05-08 00:06:17,296 | INFO | Mushroom v28 BTC REST fallback refreshed stale tick | previous_age_ms=3047.0 threshold_ms=3000.0 source=coinbase_spot_rest
2026-05-08 00:06:21,021 | INFO | Mushroom v28 BTC REST fallback refreshed stale tick | previous_age_ms=3063.0 threshold_ms=3000.0 source=coinbase_spot_rest
2026-05-08 00:06:24,948 | INFO | Mushroom v28 BTC REST fallback refreshed stale tick | previous_age_ms=3047.0 threshold_ms=3000.0 source=coinbase_spot_rest
2026-05-08 00:06:26,125 | INFO | Heartbeat | watch=KXBTC15M-26MAY080015-15 yes_bid=84 yes_ask=85 no_bid=15 no_ask=16 book_ready=True position=False pending=False dry_run=False trust=synced run_id=7437f39b-1eb3-49f7-8cd4-ad295ef23ee6
2026-05-08 00:06:28,780 | INFO | Mushroom v28 BTC REST fallback refreshed stale tick | previous_age_ms=3015.0 threshold_ms=3000.0 source=coinbase_spot_rest
2026-05-08 00:06:32,707 | INFO | Mushroom v28 BTC REST fallback refreshed stale tick | previous_age_ms=3047.0 threshold_ms=3000.0 source=coinbase_spot_rest
2026-05-08 00:06:36,572 | INFO | Mushroom v28 BTC REST fallback refreshed stale tick | previous_age_ms=3047.0 threshold_ms=3000.0 source=coinbase_spot_rest
2026-05-08 00:06:40,448 | INFO | Mushroom v28 BTC REST fallback refreshed stale tick | previous_age_ms=3047.0 threshold_ms=3000.0 source=coinbase_spot_rest
2026-05-08 00:06:41,150 | INFO | Heartbeat | watch=KXBTC15M-26MAY080015-15 yes_bid=87 yes_ask=88 no_bid=12 no_ask=13 book_ready=True position=False pending=False dry_run=False trust=synced run_id=7437f39b-1eb3-49f7-8cd4-ad295ef23ee6
2026-05-08 00:06:44,307 | INFO | Mushroom v28 BTC REST fallback refreshed stale tick | previous_age_ms=3047.0 threshold_ms=3000.0 source=coinbase_spot_rest
2026-05-08 00:06:48,120 | INFO | Mushroom v28 BTC REST fallback refreshed stale tick | previous_age_ms=3016.0 threshold_ms=3000.0 source=coinbase_spot_rest
2026-05-08 00:06:51,911 | INFO | Mushroom v28 BTC REST fallback refreshed stale tick | previous_age_ms=3031.0 threshold_ms=3000.0 source=coinbase_spot_rest
2026-05-08 00:06:55,746 | INFO | Mushroom v28 BTC REST fallback refreshed stale tick | previous_age_ms=3031.0 threshold_ms=3000.0 source=coinbase_spot_rest
2026-05-08 00:06:56,158 | INFO | Heartbeat | watch=KXBTC15M-26MAY080015-15 yes_bid=87 yes_ask=88 no_bid=12 no_ask=13 book_ready=True position=False pending=False dry_run=False trust=synced run_id=7437f39b-1eb3-49f7-8cd4-ad295ef23ee6
2026-05-08 00:06:59,471 | INFO | Mushroom v28 BTC REST fallback refreshed stale tick | previous_age_ms=3031.0 threshold_ms=3000.0 source=coinbase_spot_rest
2026-05-08 00:07:03,481 | INFO | Mushroom v28 BTC REST fallback refreshed stale tick | previous_age_ms=3032.0 threshold_ms=3000.0 source=coinbase_spot_rest
2026-05-08 00:07:07,287 | INFO | Mushroom v28 BTC REST fallback refreshed stale tick | previous_age_ms=3047.0 threshold_ms=3000.0 source=coinbase_spot_rest
2026-05-08 00:07:11,279 | INFO | Mushroom v28 BTC REST fallback refreshed stale tick | previous_age_ms=3047.0 threshold_ms=3000.0 source=coinbase_spot_rest
2026-05-08 00:07:11,292 | INFO | Heartbeat | watch=KXBTC15M-26MAY080015-15 yes_bid=92 yes_ask=92 no_bid=8 no_ask=8 book_ready=True position=False pending=False dry_run=False trust=synced run_id=7437f39b-1eb3-49f7-8cd4-ad295ef23ee6
2026-05-08 00:07:15,180 | INFO | Mushroom v28 BTC REST fallback refreshed stale tick | previous_age_ms=3031.0 threshold_ms=3000.0 source=coinbase_spot_rest
2026-05-08 00:07:19,120 | INFO | Mushroom v28 BTC REST fallback refreshed stale tick | previous_age_ms=3047.0 threshold_ms=3000.0 source=coinbase_spot_rest
2026-05-08 00:07:23,220 | INFO | Mushroom v28 BTC REST fallback refreshed stale tick | previous_age_ms=3046.0 threshold_ms=3000.0 source=coinbase_spot_rest
2026-05-08 00:07:26,953 | INFO | Mushroom v28 BTC REST fallback refreshed stale tick | previous_age_ms=3047.0 threshold_ms=3000.0 source=coinbase_spot_rest
2026-05-08 00:07:26,959 | INFO | Heartbeat | watch=KXBTC15M-26MAY080015-15 yes_bid=91 yes_ask=91 no_bid=9 no_ask=9 book_ready=True position=False pending=False dry_run=False trust=synced run_id=7437f39b-1eb3-49f7-8cd4-ad295ef23ee6
2026-05-08 00:07:30,753 | INFO | Mushroom v28 BTC REST fallback refreshed stale tick | previous_age_ms=3031.0 threshold_ms=3000.0 source=coinbase_spot_rest
2026-05-08 00:07:34,525 | INFO | Mushroom v28 BTC REST fallback refreshed stale tick | previous_age_ms=3046.0 threshold_ms=3000.0 source=coinbase_spot_rest
2026-05-08 00:07:38,597 | INFO | Mushroom v28 BTC REST fallback refreshed stale tick | previous_age_ms=3031.0 threshold_ms=3000.0 source=coinbase_spot_rest
2026-05-08 00:07:42,417 | INFO | Mushroom v28 BTC REST fallback refreshed stale tick | previous_age_ms=3047.0 threshold_ms=3000.0 source=coinbase_spot_rest
2026-05-08 00:07:42,427 | INFO | Heartbeat | watch=KXBTC15M-26MAY080015-15 yes_bid=93 yes_ask=93 no_bid=7 no_ask=7 book_ready=True position=False pending=False dry_run=False trust=synced run_id=7437f39b-1eb3-49f7-8cd4-ad295ef23ee6
2026-05-08 00:07:46,456 | INFO | Mushroom v28 BTC REST fallback refreshed stale tick | previous_age_ms=3015.0 threshold_ms=3000.0 source=coinbase_spot_rest
2026-05-08 00:07:50,235 | INFO | Mushroom v28 BTC REST fallback refreshed stale tick | previous_age_ms=3015.0 threshold_ms=3000.0 source=coinbase_spot_rest
2026-05-08 00:07:54,243 | INFO | Mushroom v28 BTC REST fallback refreshed stale tick | previous_age_ms=3031.0 threshold_ms=3000.0 source=coinbase_spot_rest
2026-05-08 00:07:58,172 | INFO | Mushroom v28 BTC REST fallback refreshed stale tick | previous_age_ms=3031.0 threshold_ms=3000.0 source=coinbase_spot_rest
2026-05-08 00:07:58,188 | INFO | Heartbeat | watch=KXBTC15M-26MAY080015-15 yes_bid=91 yes_ask=91 no_bid=9 no_ask=9 book_ready=True position=False pending=False dry_run=False trust=synced run_id=7437f39b-1eb3-49f7-8cd4-ad295ef23ee6
2026-05-08 00:08:02,122 | INFO | Mushroom v28 BTC REST fallback refreshed stale tick | previous_age_ms=3047.0 threshold_ms=3000.0 source=coinbase_spot_rest
2026-05-08 00:08:05,923 | INFO | Mushroom v28 BTC REST fallback refreshed stale tick | previous_age_ms=3046.0 threshold_ms=3000.0 source=coinbase_spot_rest
2026-05-08 00:08:09,742 | INFO | Mushroom v28 BTC REST fallback refreshed stale tick | previous_age_ms=3047.0 threshold_ms=3000.0 source=coinbase_spot_rest
2026-05-08 00:08:13,520 | INFO | Mushroom v28 BTC REST fallback refreshed stale tick | previous_age_ms=3047.0 threshold_ms=3000.0 source=coinbase_spot_rest
2026-05-08 00:08:13,528 | INFO | Heartbeat | watch=KXBTC15M-26MAY080015-15 yes_bid=91 yes_ask=92 no_bid=8 no_ask=9 book_ready=True position=False pending=False dry_run=False trust=synced run_id=7437f39b-1eb3-49f7-8cd4-ad295ef23ee6
2026-05-08 00:08:17,273 | INFO | Mushroom v28 BTC REST fallback refreshed stale tick | previous_age_ms=3016.0 threshold_ms=3000.0 source=coinbase_spot_rest
2026-05-08 00:08:21,075 | INFO | Mushroom v28 BTC REST fallback refreshed stale tick | previous_age_ms=3031.0 threshold_ms=3000.0 source=coinbase_spot_rest
2026-05-08 00:08:25,120 | INFO | Mushroom v28 BTC REST fallback refreshed stale tick | previous_age_ms=3031.0 threshold_ms=3000.0 source=coinbase_spot_rest
2026-05-08 00:08:29,106 | INFO | Mushroom v28 BTC REST fallback refreshed stale tick | previous_age_ms=3031.0 threshold_ms=3000.0 source=coinbase_spot_rest
2026-05-08 00:08:29,116 | INFO | Heartbeat | watch=KXBTC15M-26MAY080015-15 yes_bid=91 yes_ask=92 no_bid=8 no_ask=9 book_ready=True position=False pending=False dry_run=False trust=synced run_id=7437f39b-1eb3-49f7-8cd4-ad295ef23ee6
2026-05-08 00:08:32,896 | INFO | Mushroom v28 BTC REST fallback refreshed stale tick | previous_age_ms=3032.0 threshold_ms=3000.0 source=coinbase_spot_rest
2026-05-08 00:08:36,714 | INFO | Mushroom v28 BTC REST fallback refreshed stale tick | previous_age_ms=3047.0 threshold_ms=3000.0 source=coinbase_spot_rest
2026-05-08 00:08:40,517 | INFO | Mushroom v28 BTC REST fallback refreshed stale tick | previous_age_ms=3031.0 threshold_ms=3000.0 source=coinbase_spot_rest
2026-05-08 00:08:44,492 | INFO | Mushroom v28 BTC REST fallback refreshed stale tick | previous_age_ms=3047.0 threshold_ms=3000.0 source=coinbase_spot_rest
2026-05-08 00:08:44,509 | INFO | Heartbeat | watch=KXBTC15M-26MAY080015-15 yes_bid=93 yes_ask=94 no_bid=6 no_ask=7 book_ready=True position=False pending=False dry_run=False trust=synced run_id=7437f39b-1eb3-49f7-8cd4-ad295ef23ee6
2026-05-08 00:08:48,222 | INFO | Mushroom v28 BTC REST fallback refreshed stale tick | previous_age_ms=3031.0 threshold_ms=3000.0 source=coinbase_spot_rest
2026-05-08 00:08:52,538 | INFO | Mushroom v28 BTC REST fallback refreshed stale tick | previous_age_ms=3047.0 threshold_ms=3000.0 source=coinbase_spot_rest
2026-05-08 00:08:56,543 | INFO | Mushroom v28 BTC REST fallback refreshed stale tick | previous_age_ms=3047.0 threshold_ms=3000.0 source=coinbase_spot_rest
2026-05-08 00:09:00,478 | INFO | Mushroom v28 BTC REST fallback refreshed stale tick | previous_age_ms=3016.0 threshold_ms=3000.0 source=coinbase_spot_rest
2026-05-08 00:09:00,496 | INFO | Heartbeat | watch=KXBTC15M-26MAY080015-15 yes_bid=92 yes_ask=93 no_bid=7 no_ask=8 book_ready=True position=False pending=False dry_run=False trust=synced run_id=7437f39b-1eb3-49f7-8cd4-ad295ef23ee6
2026-05-08 00:09:04,358 | INFO | Mushroom v28 BTC REST fallback refreshed stale tick | previous_age_ms=3062.0 threshold_ms=3000.0 source=coinbase_spot_rest
2026-05-08 00:09:08,250 | INFO | Mushroom v28 BTC REST fallback refreshed stale tick | previous_age_ms=3016.0 threshold_ms=3000.0 source=coinbase_spot_rest
2026-05-08 00:09:12,075 | INFO | Mushroom v28 BTC REST fallback refreshed stale tick | previous_age_ms=3062.0 threshold_ms=3000.0 source=coinbase_spot_rest
2026-05-08 00:09:15,917 | INFO | Mushroom v28 BTC REST fallback refreshed stale tick | previous_age_ms=3047.0 threshold_ms=3000.0 source=coinbase_spot_rest
2026-05-08 00:09:15,933 | INFO | Heartbeat | watch=KXBTC15M-26MAY080015-15 yes_bid=94 yes_ask=96 no_bid=4 no_ask=6 book_ready=True position=False pending=False dry_run=False trust=synced run_id=7437f39b-1eb3-49f7-8cd4-ad295ef23ee6
2026-05-08 00:09:19,766 | INFO | Mushroom v28 BTC REST fallback refreshed stale tick | previous_age_ms=3063.0 threshold_ms=3000.0 source=coinbase_spot_rest
2026-05-08 00:09:23,795 | INFO | Mushroom v28 BTC REST fallback refreshed stale tick | previous_age_ms=3047.0 threshold_ms=3000.0 source=coinbase_spot_rest
2026-05-08 00:09:27,568 | INFO | Mushroom v28 BTC REST fallback refreshed stale tick | previous_age_ms=3047.0 threshold_ms=3000.0 source=coinbase_spot_rest
2026-05-08 00:09:31,500 | INFO | Mushroom v28 BTC REST fallback refreshed stale tick | previous_age_ms=3047.0 threshold_ms=3000.0 source=coinbase_spot_rest
2026-05-08 00:09:31,516 | INFO | Heartbeat | watch=KXBTC15M-26MAY080015-15 yes_bid=94 yes_ask=96 no_bid=4 no_ask=6 book_ready=True position=False pending=False dry_run=False trust=synced run_id=7437f39b-1eb3-49f7-8cd4-ad295ef23ee6
2026-05-08 00:09:35,288 | INFO | Mushroom v28 BTC REST fallback refreshed stale tick | previous_age_ms=3031.0 threshold_ms=3000.0 source=coinbase_spot_rest
2026-05-08 00:09:39,188 | INFO | Mushroom v28 BTC REST fallback refreshed stale tick | previous_age_ms=3015.0 threshold_ms=3000.0 source=coinbase_spot_rest
2026-05-08 00:09:43,078 | INFO | Mushroom v28 BTC REST fallback refreshed stale tick | previous_age_ms=3047.0 threshold_ms=3000.0 source=coinbase_spot_rest
2026-05-08 00:09:47,038 | INFO | Mushroom v28 BTC REST fallback refreshed stale tick | previous_age_ms=3016.0 threshold_ms=3000.0 source=coinbase_spot_rest
2026-05-08 00:09:47,038 | INFO | Heartbeat | watch=KXBTC15M-26MAY080015-15 yes_bid=96 yes_ask=96 no_bid=4 no_ask=4 book_ready=True position=False pending=False dry_run=False trust=synced run_id=7437f39b-1eb3-49f7-8cd4-ad295ef23ee6
2026-05-08 00:09:50,918 | INFO | Mushroom v28 BTC REST fallback refreshed stale tick | previous_age_ms=3015.0 threshold_ms=3000.0 source=coinbase_spot_rest
2026-05-08 00:09:54,620 | INFO | Mushroom v28 BTC REST fallback refreshed stale tick | previous_age_ms=3031.0 threshold_ms=3000.0 source=coinbase_spot_rest
2026-05-08 00:09:58,500 | INFO | Mushroom v28 BTC REST fallback refreshed stale tick | previous_age_ms=3016.0 threshold_ms=3000.0 source=coinbase_spot_rest
2026-05-08 00:10:02,287 | INFO | Mushroom v28 BTC REST fallback refreshed stale tick | previous_age_ms=3062.0 threshold_ms=3000.0 source=coinbase_spot_rest
2026-05-08 00:10:02,297 | INFO | Heartbeat | watch=KXBTC15M-26MAY080015-15 yes_bid=96 yes_ask=97 no_bid=3 no_ask=4 book_ready=True position=False pending=False dry_run=False trust=synced run_id=7437f39b-1eb3-49f7-8cd4-ad295ef23ee6
2026-05-08 00:10:06,212 | INFO | Mushroom v28 BTC REST fallback refreshed stale tick | previous_age_ms=3047.0 threshold_ms=3000.0 source=coinbase_spot_rest
2026-05-08 00:10:10,095 | INFO | Mushroom v28 BTC REST fallback refreshed stale tick | previous_age_ms=3015.0 threshold_ms=3000.0 source=coinbase_spot_rest
2026-05-08 00:10:14,007 | INFO | Mushroom v28 BTC REST fallback refreshed stale tick | previous_age_ms=3016.0 threshold_ms=3000.0 source=coinbase_spot_rest
2026-05-08 00:10:17,961 | INFO | Mushroom v28 BTC REST fallback refreshed stale tick | previous_age_ms=3015.0 threshold_ms=3000.0 source=coinbase_spot_rest
2026-05-08 00:10:17,961 | INFO | Heartbeat | watch=KXBTC15M-26MAY080015-15 yes_bid=98 yes_ask=98 no_bid=2 no_ask=2 book_ready=True position=False pending=False dry_run=False trust=synced run_id=7437f39b-1eb3-49f7-8cd4-ad295ef23ee6
2026-05-08 00:10:21,870 | INFO | Mushroom v28 BTC REST fallback refreshed stale tick | previous_age_ms=3047.0 threshold_ms=3000.0 source=coinbase_spot_rest
2026-05-08 00:10:25,612 | INFO | Mushroom v28 BTC REST fallback refreshed stale tick | previous_age_ms=3047.0 threshold_ms=3000.0 source=coinbase_spot_rest
2026-05-08 00:10:29,429 | INFO | Mushroom v28 BTC REST fallback refreshed stale tick | previous_age_ms=3062.0 threshold_ms=3000.0 source=coinbase_spot_rest
2026-05-08 00:10:33,150 | INFO | Mushroom v28 BTC REST fallback refreshed stale tick | previous_age_ms=3047.0 threshold_ms=3000.0 source=coinbase_spot_rest
2026-05-08 00:10:33,156 | INFO | Heartbeat | watch=KXBTC15M-26MAY080015-15 yes_bid=98 yes_ask=99 no_bid=1 no_ask=2 book_ready=True position=False pending=False dry_run=False trust=synced run_id=7437f39b-1eb3-49f7-8cd4-ad295ef23ee6
2026-05-08 00:10:37,158 | INFO | Mushroom v28 BTC REST fallback refreshed stale tick | previous_age_ms=3125.0 threshold_ms=3000.0 source=coinbase_spot_rest
2026-05-08 00:10:41,153 | INFO | Mushroom v28 BTC REST fallback refreshed stale tick | previous_age_ms=3015.0 threshold_ms=3000.0 source=coinbase_spot_rest
2026-05-08 00:10:45,215 | INFO | Mushroom v28 BTC REST fallback refreshed stale tick | previous_age_ms=3016.0 threshold_ms=3000.0 source=coinbase_spot_rest
2026-05-08 00:10:48,158 | INFO | Heartbeat | watch=KXBTC15M-26MAY080015-15 yes_bid=99 yes_ask=99 no_bid=1 no_ask=1 book_ready=True position=False pending=False dry_run=False trust=synced run_id=7437f39b-1eb3-49f7-8cd4-ad295ef23ee6
2026-05-08 00:10:49,053 | INFO | Mushroom v28 BTC REST fallback refreshed stale tick | previous_age_ms=3063.0 threshold_ms=3000.0 source=coinbase_spot_rest
2026-05-08 00:10:52,881 | INFO | Mushroom v28 BTC REST fallback refreshed stale tick | previous_age_ms=3032.0 threshold_ms=3000.0 source=coinbase_spot_rest
2026-05-08 00:10:56,641 | INFO | Mushroom v28 BTC REST fallback refreshed stale tick | previous_age_ms=3015.0 threshold_ms=3000.0 source=coinbase_spot_rest
2026-05-08 00:11:00,372 | INFO | Mushroom v28 BTC REST fallback refreshed stale tick | previous_age_ms=3031.0 threshold_ms=3000.0 source=coinbase_spot_rest
2026-05-08 00:11:03,171 | INFO | Heartbeat | watch=KXBTC15M-26MAY080015-15 yes_bid=99 yes_ask=99 no_bid=1 no_ask=1 book_ready=True position=False pending=False dry_run=False trust=synced run_id=7437f39b-1eb3-49f7-8cd4-ad295ef23ee6
2026-05-08 00:11:04,329 | INFO | Mushroom v28 BTC REST fallback refreshed stale tick | previous_age_ms=3062.0 threshold_ms=3000.0 source=coinbase_spot_rest
2026-05-08 00:11:08,493 | INFO | Mushroom v28 BTC REST fallback refreshed stale tick | previous_age_ms=3062.0 threshold_ms=3000.0 source=coinbase_spot_rest
2026-05-08 00:11:12,267 | INFO | Mushroom v28 BTC REST fallback refreshed stale tick | previous_age_ms=3016.0 threshold_ms=3000.0 source=coinbase_spot_rest
2026-05-08 00:11:16,041 | INFO | Mushroom v28 BTC REST fallback refreshed stale tick | previous_age_ms=3016.0 threshold_ms=3000.0 source=coinbase_spot_rest
2026-05-08 00:11:18,214 | INFO | Heartbeat | watch=KXBTC15M-26MAY080015-15 yes_bid=99 yes_ask=99 no_bid=1 no_ask=1 book_ready=True position=False pending=False dry_run=False trust=synced run_id=7437f39b-1eb3-49f7-8cd4-ad295ef23ee6
2026-05-08 00:11:20,040 | INFO | Mushroom v28 BTC REST fallback refreshed stale tick | previous_age_ms=3032.0 threshold_ms=3000.0 source=coinbase_spot_rest
2026-05-08 00:11:24,278 | INFO | Mushroom v28 BTC REST fallback refreshed stale tick | previous_age_ms=3047.0 threshold_ms=3000.0 source=coinbase_spot_rest
2026-05-08 00:11:28,142 | INFO | Mushroom v28 BTC REST fallback refreshed stale tick | previous_age_ms=3047.0 threshold_ms=3000.0 source=coinbase_spot_rest
2026-05-08 00:11:32,039 | INFO | Mushroom v28 BTC REST fallback refreshed stale tick | previous_age_ms=3031.0 threshold_ms=3000.0 source=coinbase_spot_rest
2026-05-08 00:11:33,224 | INFO | Heartbeat | watch=KXBTC15M-26MAY080015-15 yes_bid=99 yes_ask=99 no_bid=1 no_ask=1 book_ready=True position=False pending=False dry_run=False trust=synced run_id=7437f39b-1eb3-49f7-8cd4-ad295ef23ee6
2026-05-08 00:11:36,018 | INFO | Mushroom v28 BTC REST fallback refreshed stale tick | previous_age_ms=3031.0 threshold_ms=3000.0 source=coinbase_spot_rest
2026-05-08 00:11:39,769 | INFO | Mushroom v28 BTC REST fallback refreshed stale tick | previous_age_ms=3031.0 threshold_ms=3000.0 source=coinbase_spot_rest
2026-05-08 00:11:43,712 | INFO | Mushroom v28 BTC REST fallback refreshed stale tick | previous_age_ms=3031.0 threshold_ms=3000.0 source=coinbase_spot_rest
2026-05-08 00:11:47,697 | INFO | Mushroom v28 BTC REST fallback refreshed stale tick | previous_age_ms=3032.0 threshold_ms=3000.0 source=coinbase_spot_rest
2026-05-08 00:11:48,227 | INFO | Heartbeat | watch=KXBTC15M-26MAY080015-15 yes_bid=99 yes_ask=100 no_bid=0 no_ask=1 book_ready=True position=False pending=False dry_run=False trust=synced run_id=7437f39b-1eb3-49f7-8cd4-ad295ef23ee6
2026-05-08 00:11:51,681 | INFO | Mushroom v28 BTC REST fallback refreshed stale tick | previous_age_ms=3031.0 threshold_ms=3000.0 source=coinbase_spot_rest
2026-05-08 00:11:55,368 | INFO | Mushroom v28 BTC REST fallback refreshed stale tick | previous_age_ms=3016.0 threshold_ms=3000.0 source=coinbase_spot_rest
2026-05-08 00:11:59,194 | INFO | Mushroom v28 BTC REST fallback refreshed stale tick | previous_age_ms=3046.0 threshold_ms=3000.0 source=coinbase_spot_rest
2026-05-08 00:12:02,959 | INFO | Mushroom v28 BTC REST fallback refreshed stale tick | previous_age_ms=3016.0 threshold_ms=3000.0 source=coinbase_spot_rest
2026-05-08 00:12:03,263 | INFO | Heartbeat | watch=KXBTC15M-26MAY080015-15 yes_bid=99 yes_ask=100 no_bid=0 no_ask=1 book_ready=True position=False pending=False dry_run=False trust=synced run_id=7437f39b-1eb3-49f7-8cd4-ad295ef23ee6
2026-05-08 00:12:06,863 | INFO | Mushroom v28 BTC REST fallback refreshed stale tick | previous_age_ms=3015.0 threshold_ms=3000.0 source=coinbase_spot_rest
2026-05-08 00:12:10,625 | INFO | Mushroom v28 BTC REST fallback refreshed stale tick | previous_age_ms=3062.0 threshold_ms=3000.0 source=coinbase_spot_rest
2026-05-08 00:12:14,849 | INFO | Mushroom v28 BTC REST fallback refreshed stale tick | previous_age_ms=3062.0 threshold_ms=3000.0 source=coinbase_spot_rest
2026-05-08 00:12:18,722 | INFO | Mushroom v28 BTC REST fallback refreshed stale tick | previous_age_ms=3016.0 threshold_ms=3000.0 source=coinbase_spot_rest
2026-05-08 00:12:18,730 | INFO | Heartbeat | watch=KXBTC15M-26MAY080015-15 yes_bid=99 yes_ask=100 no_bid=0 no_ask=1 book_ready=True position=False pending=False dry_run=False trust=synced run_id=7437f39b-1eb3-49f7-8cd4-ad295ef23ee6
2026-05-08 00:12:22,783 | INFO | Mushroom v28 BTC REST fallback refreshed stale tick | previous_age_ms=3063.0 threshold_ms=3000.0 source=coinbase_spot_rest
2026-05-08 00:12:26,717 | INFO | Mushroom v28 BTC REST fallback refreshed stale tick | previous_age_ms=3031.0 threshold_ms=3000.0 source=coinbase_spot_rest
2026-05-08 00:12:30,738 | INFO | Mushroom v28 BTC REST fallback refreshed stale tick | previous_age_ms=3015.0 threshold_ms=3000.0 source=coinbase_spot_rest
2026-05-08 00:12:39,560 | WARNING | Mushroom v28 BTC REST fallback failed | previous_age_ms=3031.0 threshold_ms=3000.0 error=btc_rest_fallback:HTTPSConnectionPool(host='api.coinbase.com', port=443): Read timed out. (read timeout=5.0)
2026-05-08 00:12:39,571 | WARNING | Mushroom v28 BTC tick stream stale. Restarting | age_ms=3031.0 threshold_ms=3000.0 source=coinbase_spot_rest next_source=coinbase next_url=wss://ws-feed.exchange.coinbase.com
2026-05-08 00:12:39,610 | WARNING | Live account state refresh failed. Blocking live entries until refresh succeeds. Error: HTTPSConnectionPool(host='api.elections.kalshi.com', port=443): Read timed out. (read timeout=5.0)
2026-05-08 00:12:39,885 | INFO | Heartbeat | watch=KXBTC15M-26MAY080015-15 yes_bid=100 yes_ask=100 no_bid=0 no_ask=0 book_ready=True position=False pending=False dry_run=False trust=synced run_id=7437f39b-1eb3-49f7-8cd4-ad295ef23ee6
2026-05-08 00:12:40,123 | INFO | Mushroom v28 BTC tick stream connected | source=coinbase url=wss://ws-feed.exchange.coinbase.com
2026-05-08 00:12:43,864 | INFO | Mushroom v28 BTC REST fallback refreshed stale tick | previous_age_ms=3016.0 threshold_ms=3000.0 source=coinbase_spot_rest
2026-05-08 00:12:47,706 | INFO | Mushroom v28 BTC REST fallback refreshed stale tick | previous_age_ms=3031.0 threshold_ms=3000.0 source=coinbase_spot_rest
2026-05-08 00:12:51,555 | INFO | Mushroom v28 BTC REST fallback refreshed stale tick | previous_age_ms=3062.0 threshold_ms=3000.0 source=coinbase_spot_rest
2026-05-08 00:12:55,417 | INFO | Mushroom v28 BTC REST fallback refreshed stale tick | previous_age_ms=3032.0 threshold_ms=3000.0 source=coinbase_spot_rest
2026-05-08 00:12:55,425 | INFO | Heartbeat | watch=KXBTC15M-26MAY080015-15 yes_bid=100 yes_ask=100 no_bid=0 no_ask=0 book_ready=True position=False pending=False dry_run=False trust=synced run_id=7437f39b-1eb3-49f7-8cd4-ad295ef23ee6
2026-05-08 00:12:59,036 | INFO | Mushroom v28 BTC REST fallback refreshed stale tick | previous_age_ms=3016.0 threshold_ms=3000.0 source=coinbase_spot_rest
2026-05-08 00:13:02,980 | INFO | Mushroom v28 BTC REST fallback refreshed stale tick | previous_age_ms=3047.0 threshold_ms=3000.0 source=coinbase_spot_rest
2026-05-08 00:13:06,822 | INFO | Mushroom v28 BTC REST fallback refreshed stale tick | previous_age_ms=3062.0 threshold_ms=3000.0 source=coinbase_spot_rest
2026-05-08 00:13:10,810 | INFO | Mushroom v28 BTC REST fallback refreshed stale tick | previous_age_ms=3062.0 threshold_ms=3000.0 source=coinbase_spot_rest
2026-05-08 00:13:10,819 | INFO | Heartbeat | watch=KXBTC15M-26MAY080015-15 yes_bid=100 yes_ask=100 no_bid=0 no_ask=0 book_ready=True position=False pending=False dry_run=False trust=synced run_id=7437f39b-1eb3-49f7-8cd4-ad295ef23ee6
2026-05-08 00:13:14,534 | INFO | Mushroom v28 BTC REST fallback refreshed stale tick | previous_age_ms=3016.0 threshold_ms=3000.0 source=coinbase_spot_rest
2026-05-08 00:13:18,820 | INFO | Mushroom v28 BTC REST fallback refreshed stale tick | previous_age_ms=3062.0 threshold_ms=3000.0 source=coinbase_spot_rest
2026-05-08 00:13:22,941 | INFO | Mushroom v28 BTC REST fallback refreshed stale tick | previous_age_ms=3047.0 threshold_ms=3000.0 source=coinbase_spot_rest
2026-05-08 00:13:25,807 | INFO | Heartbeat | watch=KXBTC15M-26MAY080015-15 yes_bid=100 yes_ask=100 no_bid=0 no_ask=0 book_ready=True position=False pending=False dry_run=False trust=synced run_id=7437f39b-1eb3-49f7-8cd4-ad295ef23ee6
2026-05-08 00:13:26,913 | INFO | Mushroom v28 BTC REST fallback refreshed stale tick | previous_age_ms=3063.0 threshold_ms=3000.0 source=coinbase_spot_rest
2026-05-08 00:13:30,688 | INFO | Mushroom v28 BTC REST fallback refreshed stale tick | previous_age_ms=3047.0 threshold_ms=3000.0 source=coinbase_spot_rest
2026-05-08 00:13:34,534 | INFO | Mushroom v28 BTC REST fallback refreshed stale tick | previous_age_ms=3047.0 threshold_ms=3000.0 source=coinbase_spot_rest
2026-05-08 00:13:38,267 | INFO | Mushroom v28 BTC REST fallback refreshed stale tick | previous_age_ms=3015.0 threshold_ms=3000.0 source=coinbase_spot_rest
2026-05-08 00:13:40,859 | INFO | Heartbeat | watch=KXBTC15M-26MAY080015-15 yes_bid=100 yes_ask=100 no_bid=0 no_ask=0 book_ready=True position=False pending=False dry_run=False trust=synced run_id=7437f39b-1eb3-49f7-8cd4-ad295ef23ee6
2026-05-08 00:13:42,145 | INFO | Mushroom v28 BTC REST fallback refreshed stale tick | previous_age_ms=3063.0 threshold_ms=3000.0 source=coinbase_spot_rest
2026-05-08 00:13:46,036 | INFO | Mushroom v28 BTC REST fallback refreshed stale tick | previous_age_ms=3047.0 threshold_ms=3000.0 source=coinbase_spot_rest
2026-05-08 00:13:50,114 | INFO | Mushroom v28 BTC REST fallback refreshed stale tick | previous_age_ms=3015.0 threshold_ms=3000.0 source=coinbase_spot_rest
2026-05-08 00:13:53,975 | INFO | Mushroom v28 BTC REST fallback refreshed stale tick | previous_age_ms=3062.0 threshold_ms=3000.0 source=coinbase_spot_rest
2026-05-08 00:13:55,898 | INFO | Heartbeat | watch=KXBTC15M-26MAY080015-15 yes_bid=100 yes_ask=100 no_bid=0 no_ask=0 book_ready=True position=False pending=False dry_run=False trust=synced run_id=7437f39b-1eb3-49f7-8cd4-ad295ef23ee6
2026-05-08 00:13:58,147 | INFO | Mushroom v28 BTC REST fallback refreshed stale tick | previous_age_ms=3032.0 threshold_ms=3000.0 source=coinbase_spot_rest
2026-05-08 00:14:01,911 | INFO | Mushroom v28 BTC REST fallback refreshed stale tick | previous_age_ms=3063.0 threshold_ms=3000.0 source=coinbase_spot_rest
2026-05-08 00:14:05,886 | INFO | Mushroom v28 BTC REST fallback refreshed stale tick | previous_age_ms=3047.0 threshold_ms=3000.0 source=coinbase_spot_rest
2026-05-08 00:14:09,824 | INFO | Mushroom v28 BTC REST fallback refreshed stale tick | previous_age_ms=3063.0 threshold_ms=3000.0 source=coinbase_spot_rest
2026-05-08 00:14:10,983 | INFO | Heartbeat | watch=KXBTC15M-26MAY080015-15 yes_bid=100 yes_ask=100 no_bid=0 no_ask=0 book_ready=True position=False pending=False dry_run=False trust=synced run_id=7437f39b-1eb3-49f7-8cd4-ad295ef23ee6
2026-05-08 00:14:13,490 | INFO | Mushroom v28 BTC REST fallback refreshed stale tick | previous_age_ms=3031.0 threshold_ms=3000.0 source=coinbase_spot_rest
2026-05-08 00:14:17,156 | INFO | Mushroom v28 BTC REST fallback refreshed stale tick | previous_age_ms=3016.0 threshold_ms=3000.0 source=coinbase_spot_rest
2026-05-08 00:14:21,032 | INFO | Mushroom v28 BTC REST fallback refreshed stale tick | previous_age_ms=3015.0 threshold_ms=3000.0 source=coinbase_spot_rest
2026-05-08 00:14:24,886 | INFO | Mushroom v28 BTC REST fallback refreshed stale tick | previous_age_ms=3047.0 threshold_ms=3000.0 source=coinbase_spot_rest
2026-05-08 00:14:26,023 | INFO | Heartbeat | watch=KXBTC15M-26MAY080015-15 yes_bid=100 yes_ask=100 no_bid=0 no_ask=0 book_ready=True position=False pending=False dry_run=False trust=synced run_id=7437f39b-1eb3-49f7-8cd4-ad295ef23ee6
2026-05-08 00:14:28,704 | INFO | Mushroom v28 BTC REST fallback refreshed stale tick | previous_age_ms=3062.0 threshold_ms=3000.0 source=coinbase_spot_rest
2026-05-08 00:14:32,432 | INFO | Mushroom v28 BTC REST fallback refreshed stale tick | previous_age_ms=3031.0 threshold_ms=3000.0 source=coinbase_spot_rest
2026-05-08 00:14:36,171 | INFO | Mushroom v28 BTC REST fallback refreshed stale tick | previous_age_ms=3063.0 threshold_ms=3000.0 source=coinbase_spot_rest
