2026-05-07 19:08:36,208 | INFO | Starting WS bot. run_id=d5abddfd-2c58-45c8-9dbb-bb98e3aa930e dry_run=False base_url=https://api.elections.kalshi.com/trade-api/v2 ws_url=wss://api.elections.kalshi.com/trade-api/ws/v2 series=KXBTC15M
2026-05-07 19:08:38,269 | INFO | Watching market KXBTC15M-26MAY071915-15 close_time=2026-05-07T23:15:00Z status=active strike=79911.96 run_id=d5abddfd-2c58-45c8-9dbb-bb98e3aa930e
2026-05-07 19:08:38,273 | INFO | Heartbeat | watch=KXBTC15M-26MAY071915-15 yes_bid=None yes_ask=None no_bid=None no_ask=None book_ready=False position=False pending=False dry_run=False trust=cold run_id=d5abddfd-2c58-45c8-9dbb-bb98e3aa930e
2026-05-07 19:08:38,559 | INFO | WS connected for KXBTC15M-26MAY071915-15
2026-05-07 19:08:38,591 | INFO | Mushroom v28 BTC tick stream connected | source=coinbase url=wss://ws-feed.exchange.coinbase.com
2026-05-07 19:08:38,602 | INFO | WS subscribed payload: {'type': 'subscribed', 'id': 1, 'msg': {'channel': 'ticker', 'sid': 1}}
2026-05-07 19:08:38,602 | INFO | WS subscribed payload: {'type': 'subscribed', 'id': 1, 'msg': {'channel': 'orderbook_delta', 'sid': 2}}
2026-05-07 19:08:38,602 | INFO | Orderbook snapshot ready for KXBTC15M-26MAY071915-15
2026-05-07 19:08:56,000 | INFO | Heartbeat | watch=KXBTC15M-26MAY071915-15 yes_bid=81 yes_ask=83 no_bid=17 no_ask=19 book_ready=True position=False pending=False dry_run=False trust=synced run_id=d5abddfd-2c58-45c8-9dbb-bb98e3aa930e
2026-05-07 19:09:11,005 | INFO | Heartbeat | watch=KXBTC15M-26MAY071915-15 yes_bid=89 yes_ask=90 no_bid=10 no_ask=11 book_ready=True position=False pending=False dry_run=False trust=synced run_id=d5abddfd-2c58-45c8-9dbb-bb98e3aa930e
2026-05-07 19:09:26,007 | INFO | Heartbeat | watch=KXBTC15M-26MAY071915-15 yes_bid=93 yes_ask=94 no_bid=6 no_ask=7 book_ready=True position=False pending=False dry_run=False trust=synced run_id=d5abddfd-2c58-45c8-9dbb-bb98e3aa930e
2026-05-07 19:09:41,057 | INFO | Heartbeat | watch=KXBTC15M-26MAY071915-15 yes_bid=94 yes_ask=95 no_bid=5 no_ask=6 book_ready=True position=False pending=False dry_run=False trust=synced run_id=d5abddfd-2c58-45c8-9dbb-bb98e3aa930e
2026-05-07 19:09:56,093 | INFO | Heartbeat | watch=KXBTC15M-26MAY071915-15 yes_bid=95 yes_ask=96 no_bid=4 no_ask=5 book_ready=True position=False pending=False dry_run=False trust=synced run_id=d5abddfd-2c58-45c8-9dbb-bb98e3aa930e
2026-05-07 19:10:11,144 | INFO | Heartbeat | watch=KXBTC15M-26MAY071915-15 yes_bid=94 yes_ask=95 no_bid=5 no_ask=6 book_ready=True position=False pending=False dry_run=False trust=synced run_id=d5abddfd-2c58-45c8-9dbb-bb98e3aa930e
2026-05-07 19:10:26,160 | INFO | Heartbeat | watch=KXBTC15M-26MAY071915-15 yes_bid=95 yes_ask=95 no_bid=5 no_ask=5 book_ready=True position=False pending=False dry_run=False trust=synced run_id=d5abddfd-2c58-45c8-9dbb-bb98e3aa930e
2026-05-07 19:10:41,194 | INFO | Heartbeat | watch=KXBTC15M-26MAY071915-15 yes_bid=96 yes_ask=97 no_bid=3 no_ask=4 book_ready=True position=False pending=False dry_run=False trust=synced run_id=d5abddfd-2c58-45c8-9dbb-bb98e3aa930e
2026-05-07 19:10:56,225 | INFO | Heartbeat | watch=KXBTC15M-26MAY071915-15 yes_bid=97 yes_ask=97 no_bid=3 no_ask=3 book_ready=True position=False pending=False dry_run=False trust=synced run_id=d5abddfd-2c58-45c8-9dbb-bb98e3aa930e
2026-05-07 19:11:11,246 | INFO | Heartbeat | watch=KXBTC15M-26MAY071915-15 yes_bid=96 yes_ask=96 no_bid=4 no_ask=4 book_ready=True position=False pending=False dry_run=False trust=synced run_id=d5abddfd-2c58-45c8-9dbb-bb98e3aa930e
2026-05-07 19:11:26,265 | INFO | Heartbeat | watch=KXBTC15M-26MAY071915-15 yes_bid=97 yes_ask=98 no_bid=2 no_ask=3 book_ready=True position=False pending=False dry_run=False trust=synced run_id=d5abddfd-2c58-45c8-9dbb-bb98e3aa930e
2026-05-07 19:11:41,276 | INFO | Heartbeat | watch=KXBTC15M-26MAY071915-15 yes_bid=98 yes_ask=98 no_bid=2 no_ask=2 book_ready=True position=False pending=False dry_run=False trust=synced run_id=d5abddfd-2c58-45c8-9dbb-bb98e3aa930e
2026-05-07 19:11:56,280 | INFO | Heartbeat | watch=KXBTC15M-26MAY071915-15 yes_bid=93 yes_ask=94 no_bid=6 no_ask=7 book_ready=True position=False pending=False dry_run=False trust=synced run_id=d5abddfd-2c58-45c8-9dbb-bb98e3aa930e
2026-05-07 19:12:11,302 | INFO | Heartbeat | watch=KXBTC15M-26MAY071915-15 yes_bid=91 yes_ask=91 no_bid=9 no_ask=9 book_ready=True position=False pending=False dry_run=False trust=synced run_id=d5abddfd-2c58-45c8-9dbb-bb98e3aa930e
2026-05-07 19:12:26,325 | INFO | Heartbeat | watch=KXBTC15M-26MAY071915-15 yes_bid=96 yes_ask=97 no_bid=3 no_ask=4 book_ready=True position=False pending=False dry_run=False trust=synced run_id=d5abddfd-2c58-45c8-9dbb-bb98e3aa930e
2026-05-07 19:12:41,356 | INFO | Heartbeat | watch=KXBTC15M-26MAY071915-15 yes_bid=95 yes_ask=96 no_bid=4 no_ask=5 book_ready=True position=False pending=False dry_run=False trust=synced run_id=d5abddfd-2c58-45c8-9dbb-bb98e3aa930e
2026-05-07 19:12:56,394 | INFO | Heartbeat | watch=KXBTC15M-26MAY071915-15 yes_bid=97 yes_ask=97 no_bid=3 no_ask=3 book_ready=True position=False pending=False dry_run=False trust=synced run_id=d5abddfd-2c58-45c8-9dbb-bb98e3aa930e
2026-05-07 19:13:11,406 | INFO | Heartbeat | watch=KXBTC15M-26MAY071915-15 yes_bid=98 yes_ask=99 no_bid=1 no_ask=2 book_ready=True position=False pending=False dry_run=False trust=synced run_id=d5abddfd-2c58-45c8-9dbb-bb98e3aa930e
2026-05-07 19:13:26,444 | INFO | Heartbeat | watch=KXBTC15M-26MAY071915-15 yes_bid=99 yes_ask=99 no_bid=1 no_ask=1 book_ready=True position=False pending=False dry_run=False trust=synced run_id=d5abddfd-2c58-45c8-9dbb-bb98e3aa930e
2026-05-07 19:13:41,446 | INFO | Heartbeat | watch=KXBTC15M-26MAY071915-15 yes_bid=98 yes_ask=98 no_bid=2 no_ask=2 book_ready=True position=False pending=False dry_run=False trust=synced run_id=d5abddfd-2c58-45c8-9dbb-bb98e3aa930e
2026-05-07 19:13:56,471 | INFO | Heartbeat | watch=KXBTC15M-26MAY071915-15 yes_bid=99 yes_ask=99 no_bid=1 no_ask=1 book_ready=True position=False pending=False dry_run=False trust=synced run_id=d5abddfd-2c58-45c8-9dbb-bb98e3aa930e
2026-05-07 19:14:11,486 | INFO | Heartbeat | watch=KXBTC15M-26MAY071915-15 yes_bid=100 yes_ask=100 no_bid=0 no_ask=0 book_ready=True position=False pending=False dry_run=False trust=synced run_id=d5abddfd-2c58-45c8-9dbb-bb98e3aa930e
2026-05-07 19:14:26,521 | INFO | Heartbeat | watch=KXBTC15M-26MAY071915-15 yes_bid=100 yes_ask=100 no_bid=0 no_ask=0 book_ready=True position=False pending=False dry_run=False trust=synced run_id=d5abddfd-2c58-45c8-9dbb-bb98e3aa930e
2026-05-07 19:14:41,568 | INFO | Heartbeat | watch=KXBTC15M-26MAY071915-15 yes_bid=100 yes_ask=100 no_bid=0 no_ask=0 book_ready=True position=False pending=False dry_run=False trust=synced run_id=d5abddfd-2c58-45c8-9dbb-bb98e3aa930e
2026-05-07 19:14:56,611 | INFO | Heartbeat | watch=KXBTC15M-26MAY071915-15 yes_bid=100 yes_ask=100 no_bid=0 no_ask=0 book_ready=True position=False pending=False dry_run=False trust=synced run_id=d5abddfd-2c58-45c8-9dbb-bb98e3aa930e
2026-05-07 19:15:06,397 | INFO | Orderbook snapshot ready for KXBTC15M-26MAY071915-15
2026-05-07 19:15:11,597 | INFO | Heartbeat | watch=KXBTC15M-26MAY071915-15 yes_bid=0 yes_ask=100 no_bid=0 no_ask=100 book_ready=True position=False pending=False dry_run=False trust=synced run_id=d5abddfd-2c58-45c8-9dbb-bb98e3aa930e
2026-05-07 19:15:26,645 | INFO | Heartbeat | watch=KXBTC15M-26MAY071915-15 yes_bid=0 yes_ask=100 no_bid=0 no_ask=100 book_ready=True position=False pending=False dry_run=False trust=synced run_id=d5abddfd-2c58-45c8-9dbb-bb98e3aa930e
2026-05-07 19:15:30,017 | INFO | Watching market KXBTC15M-26MAY071930-30 close_time=2026-05-07T23:30:00Z status=active strike=79947.20 run_id=d5abddfd-2c58-45c8-9dbb-bb98e3aa930e
2026-05-07 19:15:30,228 | INFO | WS connected for KXBTC15M-26MAY071930-30
2026-05-07 19:15:30,261 | INFO | WS subscribed payload: {'type': 'subscribed', 'id': 2, 'msg': {'channel': 'ticker', 'sid': 1}}
2026-05-07 19:15:30,261 | INFO | WS subscribed payload: {'type': 'subscribed', 'id': 2, 'msg': {'channel': 'orderbook_delta', 'sid': 2}}
2026-05-07 19:15:30,261 | INFO | Orderbook snapshot ready for KXBTC15M-26MAY071930-30
2026-05-07 19:15:41,645 | INFO | Heartbeat | watch=KXBTC15M-26MAY071930-30 yes_bid=53 yes_ask=54 no_bid=46 no_ask=47 book_ready=True position=False pending=False dry_run=False trust=synced run_id=d5abddfd-2c58-45c8-9dbb-bb98e3aa930e
2026-05-07 19:15:56,708 | INFO | Heartbeat | watch=KXBTC15M-26MAY071930-30 yes_bid=55 yes_ask=57 no_bid=43 no_ask=45 book_ready=True position=False pending=False dry_run=False trust=synced run_id=d5abddfd-2c58-45c8-9dbb-bb98e3aa930e
2026-05-07 19:16:11,745 | INFO | Heartbeat | watch=KXBTC15M-26MAY071930-30 yes_bid=50 yes_ask=51 no_bid=49 no_ask=50 book_ready=True position=False pending=False dry_run=False trust=synced run_id=d5abddfd-2c58-45c8-9dbb-bb98e3aa930e
2026-05-07 19:16:26,769 | INFO | Heartbeat | watch=KXBTC15M-26MAY071930-30 yes_bid=51 yes_ask=52 no_bid=48 no_ask=49 book_ready=True position=False pending=False dry_run=False trust=synced run_id=d5abddfd-2c58-45c8-9dbb-bb98e3aa930e
2026-05-07 19:16:41,780 | INFO | Heartbeat | watch=KXBTC15M-26MAY071930-30 yes_bid=50 yes_ask=51 no_bid=49 no_ask=50 book_ready=True position=False pending=False dry_run=False trust=synced run_id=d5abddfd-2c58-45c8-9dbb-bb98e3aa930e
2026-05-07 19:16:56,776 | INFO | Heartbeat | watch=KXBTC15M-26MAY071930-30 yes_bid=51 yes_ask=52 no_bid=48 no_ask=49 book_ready=True position=False pending=False dry_run=False trust=synced run_id=d5abddfd-2c58-45c8-9dbb-bb98e3aa930e
2026-05-07 19:17:11,803 | INFO | Heartbeat | watch=KXBTC15M-26MAY071930-30 yes_bid=54 yes_ask=55 no_bid=45 no_ask=46 book_ready=True position=False pending=False dry_run=False trust=synced run_id=d5abddfd-2c58-45c8-9dbb-bb98e3aa930e
2026-05-07 19:17:26,809 | INFO | Heartbeat | watch=KXBTC15M-26MAY071930-30 yes_bid=53 yes_ask=55 no_bid=45 no_ask=47 book_ready=True position=False pending=False dry_run=False trust=synced run_id=d5abddfd-2c58-45c8-9dbb-bb98e3aa930e
2026-05-07 19:17:41,815 | INFO | Heartbeat | watch=KXBTC15M-26MAY071930-30 yes_bid=41 yes_ask=42 no_bid=58 no_ask=59 book_ready=True position=False pending=False dry_run=False trust=synced run_id=d5abddfd-2c58-45c8-9dbb-bb98e3aa930e
2026-05-07 19:17:56,820 | INFO | Heartbeat | watch=KXBTC15M-26MAY071930-30 yes_bid=25 yes_ask=26 no_bid=74 no_ask=75 book_ready=True position=False pending=False dry_run=False trust=synced run_id=d5abddfd-2c58-45c8-9dbb-bb98e3aa930e
2026-05-07 19:18:11,851 | INFO | Heartbeat | watch=KXBTC15M-26MAY071930-30 yes_bid=24 yes_ask=25 no_bid=75 no_ask=76 book_ready=True position=False pending=False dry_run=False trust=synced run_id=d5abddfd-2c58-45c8-9dbb-bb98e3aa930e
2026-05-07 19:18:26,863 | INFO | Heartbeat | watch=KXBTC15M-26MAY071930-30 yes_bid=23 yes_ask=25 no_bid=75 no_ask=77 book_ready=True position=False pending=False dry_run=False trust=synced run_id=d5abddfd-2c58-45c8-9dbb-bb98e3aa930e
2026-05-07 19:18:41,887 | INFO | Heartbeat | watch=KXBTC15M-26MAY071930-30 yes_bid=24 yes_ask=25 no_bid=75 no_ask=76 book_ready=True position=False pending=False dry_run=False trust=synced run_id=d5abddfd-2c58-45c8-9dbb-bb98e3aa930e
2026-05-07 19:18:56,886 | INFO | Heartbeat | watch=KXBTC15M-26MAY071930-30 yes_bid=17 yes_ask=18 no_bid=82 no_ask=83 book_ready=True position=False pending=False dry_run=False trust=synced run_id=d5abddfd-2c58-45c8-9dbb-bb98e3aa930e
2026-05-07 19:19:11,896 | INFO | Heartbeat | watch=KXBTC15M-26MAY071930-30 yes_bid=17 yes_ask=18 no_bid=82 no_ask=83 book_ready=True position=False pending=False dry_run=False trust=synced run_id=d5abddfd-2c58-45c8-9dbb-bb98e3aa930e
2026-05-07 19:19:26,930 | INFO | Heartbeat | watch=KXBTC15M-26MAY071930-30 yes_bid=13 yes_ask=14 no_bid=86 no_ask=87 book_ready=True position=False pending=False dry_run=False trust=synced run_id=d5abddfd-2c58-45c8-9dbb-bb98e3aa930e
2026-05-07 19:19:42,014 | INFO | Heartbeat | watch=KXBTC15M-26MAY071930-30 yes_bid=10 yes_ask=12 no_bid=88 no_ask=90 book_ready=True position=False pending=False dry_run=False trust=synced run_id=d5abddfd-2c58-45c8-9dbb-bb98e3aa930e
2026-05-07 19:19:57,008 | INFO | Heartbeat | watch=KXBTC15M-26MAY071930-30 yes_bid=9 yes_ask=9 no_bid=91 no_ask=91 book_ready=True position=False pending=False dry_run=False trust=synced run_id=d5abddfd-2c58-45c8-9dbb-bb98e3aa930e
2026-05-07 19:20:12,016 | INFO | Heartbeat | watch=KXBTC15M-26MAY071930-30 yes_bid=15 yes_ask=16 no_bid=84 no_ask=85 book_ready=True position=False pending=False dry_run=False trust=synced run_id=d5abddfd-2c58-45c8-9dbb-bb98e3aa930e
2026-05-07 19:20:27,016 | INFO | Heartbeat | watch=KXBTC15M-26MAY071930-30 yes_bid=17 yes_ask=18 no_bid=82 no_ask=83 book_ready=True position=False pending=False dry_run=False trust=synced run_id=d5abddfd-2c58-45c8-9dbb-bb98e3aa930e
2026-05-07 19:20:42,019 | INFO | Heartbeat | watch=KXBTC15M-26MAY071930-30 yes_bid=26 yes_ask=27 no_bid=73 no_ask=74 book_ready=True position=False pending=False dry_run=False trust=synced run_id=d5abddfd-2c58-45c8-9dbb-bb98e3aa930e
2026-05-07 19:20:57,038 | INFO | Heartbeat | watch=KXBTC15M-26MAY071930-30 yes_bid=30 yes_ask=31 no_bid=69 no_ask=70 book_ready=True position=False pending=False dry_run=False trust=synced run_id=d5abddfd-2c58-45c8-9dbb-bb98e3aa930e
2026-05-07 19:21:12,039 | INFO | Heartbeat | watch=KXBTC15M-26MAY071930-30 yes_bid=40 yes_ask=41 no_bid=59 no_ask=60 book_ready=True position=False pending=False dry_run=False trust=synced run_id=d5abddfd-2c58-45c8-9dbb-bb98e3aa930e
2026-05-07 19:21:27,043 | INFO | Heartbeat | watch=KXBTC15M-26MAY071930-30 yes_bid=39 yes_ask=41 no_bid=59 no_ask=61 book_ready=True position=False pending=False dry_run=False trust=synced run_id=d5abddfd-2c58-45c8-9dbb-bb98e3aa930e
2026-05-07 19:21:42,071 | INFO | Heartbeat | watch=KXBTC15M-26MAY071930-30 yes_bid=43 yes_ask=44 no_bid=56 no_ask=57 book_ready=True position=False pending=False dry_run=False trust=synced run_id=d5abddfd-2c58-45c8-9dbb-bb98e3aa930e
2026-05-07 19:21:57,086 | INFO | Heartbeat | watch=KXBTC15M-26MAY071930-30 yes_bid=55 yes_ask=56 no_bid=44 no_ask=45 book_ready=True position=False pending=False dry_run=False trust=synced run_id=d5abddfd-2c58-45c8-9dbb-bb98e3aa930e
2026-05-07 19:22:12,086 | INFO | Heartbeat | watch=KXBTC15M-26MAY071930-30 yes_bid=49 yes_ask=50 no_bid=50 no_ask=51 book_ready=True position=False pending=False dry_run=False trust=synced run_id=d5abddfd-2c58-45c8-9dbb-bb98e3aa930e
2026-05-07 19:22:27,120 | INFO | Heartbeat | watch=KXBTC15M-26MAY071930-30 yes_bid=51 yes_ask=52 no_bid=48 no_ask=49 book_ready=True position=False pending=False dry_run=False trust=synced run_id=d5abddfd-2c58-45c8-9dbb-bb98e3aa930e
2026-05-07 19:22:42,116 | INFO | Heartbeat | watch=KXBTC15M-26MAY071930-30 yes_bid=51 yes_ask=52 no_bid=48 no_ask=49 book_ready=True position=False pending=False dry_run=False trust=synced run_id=d5abddfd-2c58-45c8-9dbb-bb98e3aa930e
2026-05-07 19:22:57,156 | INFO | Heartbeat | watch=KXBTC15M-26MAY071930-30 yes_bid=52 yes_ask=53 no_bid=47 no_ask=48 book_ready=True position=False pending=False dry_run=False trust=synced run_id=d5abddfd-2c58-45c8-9dbb-bb98e3aa930e
2026-05-07 19:23:12,157 | INFO | Heartbeat | watch=KXBTC15M-26MAY071930-30 yes_bid=37 yes_ask=38 no_bid=62 no_ask=63 book_ready=True position=False pending=False dry_run=False trust=synced run_id=d5abddfd-2c58-45c8-9dbb-bb98e3aa930e
2026-05-07 19:23:27,163 | INFO | Heartbeat | watch=KXBTC15M-26MAY071930-30 yes_bid=32 yes_ask=33 no_bid=67 no_ask=68 book_ready=True position=False pending=False dry_run=False trust=synced run_id=d5abddfd-2c58-45c8-9dbb-bb98e3aa930e
2026-05-07 19:23:42,187 | INFO | Heartbeat | watch=KXBTC15M-26MAY071930-30 yes_bid=39 yes_ask=40 no_bid=60 no_ask=61 book_ready=True position=False pending=False dry_run=False trust=synced run_id=d5abddfd-2c58-45c8-9dbb-bb98e3aa930e
2026-05-07 19:23:57,179 | INFO | Heartbeat | watch=KXBTC15M-26MAY071930-30 yes_bid=38 yes_ask=39 no_bid=61 no_ask=62 book_ready=True position=False pending=False dry_run=False trust=synced run_id=d5abddfd-2c58-45c8-9dbb-bb98e3aa930e
2026-05-07 19:24:12,209 | INFO | Heartbeat | watch=KXBTC15M-26MAY071930-30 yes_bid=39 yes_ask=40 no_bid=60 no_ask=61 book_ready=True position=False pending=False dry_run=False trust=synced run_id=d5abddfd-2c58-45c8-9dbb-bb98e3aa930e
2026-05-07 19:24:21,772 | WARNING | Market refresh failed. Keeping current watch. Error: HTTPSConnectionPool(host='api.elections.kalshi.com', port=443): Read timed out. (read timeout=5.0)
2026-05-07 19:24:21,773 | WARNING | Mushroom v28 BTC tick stream stale. Restarting | age_ms=5453.0 threshold_ms=3000.0 source=coinbase
2026-05-07 19:24:22,215 | WARNING | Live account state refresh failed. Blocking live entries until refresh succeeds. Error: HTTPSConnectionPool(host='api.elections.kalshi.com', port=443): Read timed out. (read timeout=5.0)
2026-05-07 19:24:26,896 | WARNING | Mushroom v28 BTC tick stream stale. Restarting | age_ms=10578.0 threshold_ms=3000.0 source=coinbase
2026-05-07 19:24:27,064 | INFO | Mushroom v28 BTC tick stream connected | source=coinbase url=wss://ws-feed.exchange.coinbase.com
2026-05-07 19:24:27,246 | INFO | Heartbeat | watch=KXBTC15M-26MAY071930-30 yes_bid=40 yes_ask=42 no_bid=58 no_ask=60 book_ready=True position=False pending=False dry_run=False trust=synced run_id=d5abddfd-2c58-45c8-9dbb-bb98e3aa930e
2026-05-07 19:24:42,283 | INFO | Heartbeat | watch=KXBTC15M-26MAY071930-30 yes_bid=40 yes_ask=42 no_bid=58 no_ask=60 book_ready=True position=False pending=False dry_run=False trust=synced run_id=d5abddfd-2c58-45c8-9dbb-bb98e3aa930e
2026-05-07 19:24:49,490 | WARNING | WS loop error for KXBTC15M-26MAY071930-30: no close frame received or sent
2026-05-07 19:24:50,749 | INFO | WS connected for KXBTC15M-26MAY071930-30
2026-05-07 19:24:50,782 | INFO | WS subscribed payload: {'type': 'subscribed', 'id': 2, 'msg': {'channel': 'ticker', 'sid': 1}}
2026-05-07 19:24:50,783 | INFO | WS subscribed payload: {'type': 'subscribed', 'id': 2, 'msg': {'channel': 'orderbook_delta', 'sid': 2}}
2026-05-07 19:24:50,784 | INFO | Orderbook snapshot ready for KXBTC15M-26MAY071930-30
2026-05-07 19:24:57,318 | INFO | Heartbeat | watch=KXBTC15M-26MAY071930-30 yes_bid=27 yes_ask=28 no_bid=72 no_ask=73 book_ready=True position=False pending=False dry_run=False trust=synced run_id=d5abddfd-2c58-45c8-9dbb-bb98e3aa930e
2026-05-07 19:25:12,321 | INFO | Heartbeat | watch=KXBTC15M-26MAY071930-30 yes_bid=32 yes_ask=33 no_bid=67 no_ask=68 book_ready=True position=False pending=False dry_run=False trust=synced run_id=d5abddfd-2c58-45c8-9dbb-bb98e3aa930e
2026-05-07 19:25:27,376 | INFO | Heartbeat | watch=KXBTC15M-26MAY071930-30 yes_bid=31 yes_ask=33 no_bid=67 no_ask=69 book_ready=True position=False pending=False dry_run=False trust=synced run_id=d5abddfd-2c58-45c8-9dbb-bb98e3aa930e
2026-05-07 19:25:42,410 | INFO | Heartbeat | watch=KXBTC15M-26MAY071930-30 yes_bid=37 yes_ask=38 no_bid=62 no_ask=63 book_ready=True position=False pending=False dry_run=False trust=synced run_id=d5abddfd-2c58-45c8-9dbb-bb98e3aa930e
2026-05-07 19:25:57,450 | INFO | Heartbeat | watch=KXBTC15M-26MAY071930-30 yes_bid=35 yes_ask=36 no_bid=64 no_ask=65 book_ready=True position=False pending=False dry_run=False trust=synced run_id=d5abddfd-2c58-45c8-9dbb-bb98e3aa930e
2026-05-07 19:26:12,472 | INFO | Heartbeat | watch=KXBTC15M-26MAY071930-30 yes_bid=35 yes_ask=36 no_bid=64 no_ask=65 book_ready=True position=False pending=False dry_run=False trust=synced run_id=d5abddfd-2c58-45c8-9dbb-bb98e3aa930e
2026-05-07 19:26:27,503 | INFO | Heartbeat | watch=KXBTC15M-26MAY071930-30 yes_bid=46 yes_ask=47 no_bid=53 no_ask=54 book_ready=True position=False pending=False dry_run=False trust=synced run_id=d5abddfd-2c58-45c8-9dbb-bb98e3aa930e
2026-05-07 19:26:42,524 | INFO | Heartbeat | watch=KXBTC15M-26MAY071930-30 yes_bid=46 yes_ask=47 no_bid=53 no_ask=54 book_ready=True position=False pending=False dry_run=False trust=synced run_id=d5abddfd-2c58-45c8-9dbb-bb98e3aa930e
2026-05-07 19:26:57,548 | INFO | Heartbeat | watch=KXBTC15M-26MAY071930-30 yes_bid=43 yes_ask=45 no_bid=55 no_ask=57 book_ready=True position=False pending=False dry_run=False trust=synced run_id=d5abddfd-2c58-45c8-9dbb-bb98e3aa930e
2026-05-07 19:27:12,559 | INFO | Heartbeat | watch=KXBTC15M-26MAY071930-30 yes_bid=46 yes_ask=47 no_bid=53 no_ask=54 book_ready=True position=False pending=False dry_run=False trust=synced run_id=d5abddfd-2c58-45c8-9dbb-bb98e3aa930e
2026-05-07 19:27:27,563 | INFO | Heartbeat | watch=KXBTC15M-26MAY071930-30 yes_bid=55 yes_ask=56 no_bid=44 no_ask=45 book_ready=True position=False pending=False dry_run=False trust=synced run_id=d5abddfd-2c58-45c8-9dbb-bb98e3aa930e
2026-05-07 19:27:42,591 | INFO | Heartbeat | watch=KXBTC15M-26MAY071930-30 yes_bid=70 yes_ask=72 no_bid=28 no_ask=30 book_ready=True position=False pending=False dry_run=False trust=synced run_id=d5abddfd-2c58-45c8-9dbb-bb98e3aa930e
2026-05-07 19:27:57,620 | INFO | Heartbeat | watch=KXBTC15M-26MAY071930-30 yes_bid=89 yes_ask=90 no_bid=10 no_ask=11 book_ready=True position=False pending=False dry_run=False trust=synced run_id=d5abddfd-2c58-45c8-9dbb-bb98e3aa930e
2026-05-07 19:28:12,643 | INFO | Heartbeat | watch=KXBTC15M-26MAY071930-30 yes_bid=87 yes_ask=88 no_bid=12 no_ask=13 book_ready=True position=False pending=False dry_run=False trust=synced run_id=d5abddfd-2c58-45c8-9dbb-bb98e3aa930e
2026-05-07 19:28:27,673 | INFO | Heartbeat | watch=KXBTC15M-26MAY071930-30 yes_bid=65 yes_ask=66 no_bid=34 no_ask=35 book_ready=True position=False pending=False dry_run=False trust=synced run_id=d5abddfd-2c58-45c8-9dbb-bb98e3aa930e
2026-05-07 19:28:42,682 | INFO | Heartbeat | watch=KXBTC15M-26MAY071930-30 yes_bid=45 yes_ask=46 no_bid=54 no_ask=55 book_ready=True position=False pending=False dry_run=False trust=synced run_id=d5abddfd-2c58-45c8-9dbb-bb98e3aa930e
2026-05-07 19:28:57,722 | INFO | Heartbeat | watch=KXBTC15M-26MAY071930-30 yes_bid=37 yes_ask=39 no_bid=61 no_ask=63 book_ready=True position=False pending=False dry_run=False trust=synced run_id=d5abddfd-2c58-45c8-9dbb-bb98e3aa930e
2026-05-07 19:29:12,745 | INFO | Heartbeat | watch=KXBTC15M-26MAY071930-30 yes_bid=13 yes_ask=15 no_bid=85 no_ask=87 book_ready=True position=False pending=False dry_run=False trust=synced run_id=d5abddfd-2c58-45c8-9dbb-bb98e3aa930e
2026-05-07 19:29:27,758 | INFO | Heartbeat | watch=KXBTC15M-26MAY071930-30 yes_bid=5 yes_ask=5 no_bid=95 no_ask=95 book_ready=True position=False pending=False dry_run=False trust=synced run_id=d5abddfd-2c58-45c8-9dbb-bb98e3aa930e
2026-05-07 19:29:42,766 | INFO | Heartbeat | watch=KXBTC15M-26MAY071930-30 yes_bid=1 yes_ask=1 no_bid=99 no_ask=99 book_ready=True position=False pending=False dry_run=False trust=synced run_id=d5abddfd-2c58-45c8-9dbb-bb98e3aa930e
2026-05-07 19:29:45,324 | WARNING | Mushroom v28 BTC tick stream stale. Restarting | age_ms=3063.0 threshold_ms=3000.0 source=coinbase
2026-05-07 19:29:45,558 | INFO | Mushroom v28 BTC tick stream connected | source=coinbase url=wss://ws-feed.exchange.coinbase.com
2026-05-07 19:29:57,806 | INFO | Heartbeat | watch=KXBTC15M-26MAY071930-30 yes_bid=0 yes_ask=2 no_bid=98 no_ask=100 book_ready=True position=False pending=False dry_run=False trust=synced run_id=d5abddfd-2c58-45c8-9dbb-bb98e3aa930e
2026-05-07 19:29:58,203 | WARNING | Mushroom v28 BTC tick stream stale. Restarting | age_ms=3047.0 threshold_ms=3000.0 source=coinbase
2026-05-07 19:29:58,550 | INFO | Mushroom v28 BTC tick stream connected | source=coinbase url=wss://ws-feed.exchange.coinbase.com
2026-05-07 19:30:12,829 | INFO | Heartbeat | watch=KXBTC15M-26MAY071930-30 yes_bid=0 yes_ask=100 no_bid=0 no_ask=100 book_ready=True position=False pending=False dry_run=False trust=synced run_id=d5abddfd-2c58-45c8-9dbb-bb98e3aa930e
2026-05-07 19:30:17,432 | INFO | Orderbook snapshot ready for KXBTC15M-26MAY071930-30
2026-05-07 19:30:27,874 | INFO | Heartbeat | watch=KXBTC15M-26MAY071930-30 yes_bid=0 yes_ask=100 no_bid=0 no_ask=100 book_ready=True position=False pending=False dry_run=False trust=synced run_id=d5abddfd-2c58-45c8-9dbb-bb98e3aa930e
2026-05-07 19:30:30,531 | INFO | Watching market KXBTC15M-26MAY071945-45 close_time=2026-05-07T23:45:00Z status=active strike=79941.07 run_id=d5abddfd-2c58-45c8-9dbb-bb98e3aa930e
2026-05-07 19:30:30,759 | INFO | WS connected for KXBTC15M-26MAY071945-45
2026-05-07 19:30:30,816 | INFO | WS subscribed payload: {'type': 'subscribed', 'id': 3, 'msg': {'channel': 'ticker', 'sid': 1}}
2026-05-07 19:30:30,817 | INFO | WS subscribed payload: {'type': 'subscribed', 'id': 3, 'msg': {'channel': 'orderbook_delta', 'sid': 2}}
2026-05-07 19:30:30,817 | INFO | Orderbook snapshot ready for KXBTC15M-26MAY071945-45
2026-05-07 19:30:42,919 | INFO | Heartbeat | watch=KXBTC15M-26MAY071945-45 yes_bid=53 yes_ask=54 no_bid=46 no_ask=47 book_ready=True position=False pending=False dry_run=False trust=synced run_id=d5abddfd-2c58-45c8-9dbb-bb98e3aa930e
2026-05-07 19:30:57,921 | INFO | Heartbeat | watch=KXBTC15M-26MAY071945-45 yes_bid=52 yes_ask=53 no_bid=47 no_ask=48 book_ready=True position=False pending=False dry_run=False trust=synced run_id=d5abddfd-2c58-45c8-9dbb-bb98e3aa930e
2026-05-07 19:30:59,291 | WARNING | Mushroom v28 BTC tick stream stale. Restarting | age_ms=3062.0 threshold_ms=3000.0 source=coinbase
2026-05-07 19:30:59,527 | INFO | Mushroom v28 BTC tick stream connected | source=coinbase url=wss://ws-feed.exchange.coinbase.com
2026-05-07 19:31:12,960 | INFO | Heartbeat | watch=KXBTC15M-26MAY071945-45 yes_bid=52 yes_ask=53 no_bid=47 no_ask=48 book_ready=True position=False pending=False dry_run=False trust=synced run_id=d5abddfd-2c58-45c8-9dbb-bb98e3aa930e
2026-05-07 19:31:27,981 | INFO | Heartbeat | watch=KXBTC15M-26MAY071945-45 yes_bid=50 yes_ask=51 no_bid=49 no_ask=50 book_ready=True position=False pending=False dry_run=False trust=synced run_id=d5abddfd-2c58-45c8-9dbb-bb98e3aa930e
2026-05-07 19:31:43,001 | INFO | Heartbeat | watch=KXBTC15M-26MAY071945-45 yes_bid=48 yes_ask=49 no_bid=51 no_ask=52 book_ready=True position=False pending=False dry_run=False trust=synced run_id=d5abddfd-2c58-45c8-9dbb-bb98e3aa930e
2026-05-07 19:31:58,024 | INFO | Heartbeat | watch=KXBTC15M-26MAY071945-45 yes_bid=43 yes_ask=44 no_bid=56 no_ask=57 book_ready=True position=False pending=False dry_run=False trust=synced run_id=d5abddfd-2c58-45c8-9dbb-bb98e3aa930e
2026-05-07 19:32:13,033 | INFO | Heartbeat | watch=KXBTC15M-26MAY071945-45 yes_bid=34 yes_ask=36 no_bid=64 no_ask=66 book_ready=True position=False pending=False dry_run=False trust=synced run_id=d5abddfd-2c58-45c8-9dbb-bb98e3aa930e
2026-05-07 19:32:28,036 | INFO | Heartbeat | watch=KXBTC15M-26MAY071945-45 yes_bid=39 yes_ask=40 no_bid=60 no_ask=61 book_ready=True position=False pending=False dry_run=False trust=synced run_id=d5abddfd-2c58-45c8-9dbb-bb98e3aa930e
2026-05-07 19:32:43,040 | INFO | Heartbeat | watch=KXBTC15M-26MAY071945-45 yes_bid=36 yes_ask=37 no_bid=63 no_ask=64 book_ready=True position=False pending=False dry_run=False trust=synced run_id=d5abddfd-2c58-45c8-9dbb-bb98e3aa930e
2026-05-07 19:32:58,051 | INFO | Heartbeat | watch=KXBTC15M-26MAY071945-45 yes_bid=37 yes_ask=39 no_bid=61 no_ask=63 book_ready=True position=False pending=False dry_run=False trust=synced run_id=d5abddfd-2c58-45c8-9dbb-bb98e3aa930e
2026-05-07 19:33:13,076 | INFO | Heartbeat | watch=KXBTC15M-26MAY071945-45 yes_bid=43 yes_ask=45 no_bid=55 no_ask=57 book_ready=True position=False pending=False dry_run=False trust=synced run_id=d5abddfd-2c58-45c8-9dbb-bb98e3aa930e
2026-05-07 19:33:28,106 | INFO | Heartbeat | watch=KXBTC15M-26MAY071945-45 yes_bid=43 yes_ask=44 no_bid=56 no_ask=57 book_ready=True position=False pending=False dry_run=False trust=synced run_id=d5abddfd-2c58-45c8-9dbb-bb98e3aa930e
2026-05-07 19:33:43,123 | INFO | Heartbeat | watch=KXBTC15M-26MAY071945-45 yes_bid=36 yes_ask=37 no_bid=63 no_ask=64 book_ready=True position=False pending=False dry_run=False trust=synced run_id=d5abddfd-2c58-45c8-9dbb-bb98e3aa930e
2026-05-07 19:33:58,137 | INFO | Heartbeat | watch=KXBTC15M-26MAY071945-45 yes_bid=34 yes_ask=36 no_bid=64 no_ask=66 book_ready=True position=False pending=False dry_run=False trust=synced run_id=d5abddfd-2c58-45c8-9dbb-bb98e3aa930e
2026-05-07 19:34:13,177 | INFO | Heartbeat | watch=KXBTC15M-26MAY071945-45 yes_bid=34 yes_ask=35 no_bid=65 no_ask=66 book_ready=True position=False pending=False dry_run=False trust=synced run_id=d5abddfd-2c58-45c8-9dbb-bb98e3aa930e
2026-05-07 19:34:28,187 | INFO | Heartbeat | watch=KXBTC15M-26MAY071945-45 yes_bid=30 yes_ask=31 no_bid=69 no_ask=70 book_ready=True position=False pending=False dry_run=False trust=synced run_id=d5abddfd-2c58-45c8-9dbb-bb98e3aa930e
2026-05-07 19:34:43,219 | INFO | Heartbeat | watch=KXBTC15M-26MAY071945-45 yes_bid=31 yes_ask=32 no_bid=68 no_ask=69 book_ready=True position=False pending=False dry_run=False trust=synced run_id=d5abddfd-2c58-45c8-9dbb-bb98e3aa930e
2026-05-07 19:34:58,239 | INFO | Heartbeat | watch=KXBTC15M-26MAY071945-45 yes_bid=28 yes_ask=30 no_bid=70 no_ask=72 book_ready=True position=False pending=False dry_run=False trust=synced run_id=d5abddfd-2c58-45c8-9dbb-bb98e3aa930e
2026-05-07 19:35:13,281 | INFO | Heartbeat | watch=KXBTC15M-26MAY071945-45 yes_bid=28 yes_ask=30 no_bid=70 no_ask=72 book_ready=True position=False pending=False dry_run=False trust=synced run_id=d5abddfd-2c58-45c8-9dbb-bb98e3aa930e
2026-05-07 19:35:28,317 | INFO | Heartbeat | watch=KXBTC15M-26MAY071945-45 yes_bid=27 yes_ask=28 no_bid=72 no_ask=73 book_ready=True position=False pending=False dry_run=False trust=synced run_id=d5abddfd-2c58-45c8-9dbb-bb98e3aa930e
2026-05-07 19:35:43,363 | INFO | Heartbeat | watch=KXBTC15M-26MAY071945-45 yes_bid=26 yes_ask=27 no_bid=73 no_ask=74 book_ready=True position=False pending=False dry_run=False trust=synced run_id=d5abddfd-2c58-45c8-9dbb-bb98e3aa930e
2026-05-07 19:35:58,370 | INFO | Heartbeat | watch=KXBTC15M-26MAY071945-45 yes_bid=31 yes_ask=33 no_bid=67 no_ask=69 book_ready=True position=False pending=False dry_run=False trust=synced run_id=d5abddfd-2c58-45c8-9dbb-bb98e3aa930e
2026-05-07 19:36:13,396 | INFO | Heartbeat | watch=KXBTC15M-26MAY071945-45 yes_bid=29 yes_ask=30 no_bid=70 no_ask=71 book_ready=True position=False pending=False dry_run=False trust=synced run_id=d5abddfd-2c58-45c8-9dbb-bb98e3aa930e
2026-05-07 19:36:28,395 | INFO | Heartbeat | watch=KXBTC15M-26MAY071945-45 yes_bid=42 yes_ask=43 no_bid=57 no_ask=58 book_ready=True position=False pending=False dry_run=False trust=synced run_id=d5abddfd-2c58-45c8-9dbb-bb98e3aa930e
2026-05-07 19:36:43,405 | INFO | Heartbeat | watch=KXBTC15M-26MAY071945-45 yes_bid=42 yes_ask=44 no_bid=56 no_ask=58 book_ready=True position=False pending=False dry_run=False trust=synced run_id=d5abddfd-2c58-45c8-9dbb-bb98e3aa930e
2026-05-07 19:36:58,439 | INFO | Heartbeat | watch=KXBTC15M-26MAY071945-45 yes_bid=48 yes_ask=49 no_bid=51 no_ask=52 book_ready=True position=False pending=False dry_run=False trust=synced run_id=d5abddfd-2c58-45c8-9dbb-bb98e3aa930e
2026-05-07 19:37:13,455 | INFO | Heartbeat | watch=KXBTC15M-26MAY071945-45 yes_bid=58 yes_ask=59 no_bid=41 no_ask=42 book_ready=True position=False pending=False dry_run=False trust=synced run_id=d5abddfd-2c58-45c8-9dbb-bb98e3aa930e
2026-05-07 19:37:28,504 | INFO | Heartbeat | watch=KXBTC15M-26MAY071945-45 yes_bid=70 yes_ask=71 no_bid=29 no_ask=30 book_ready=True position=False pending=False dry_run=False trust=synced run_id=d5abddfd-2c58-45c8-9dbb-bb98e3aa930e
2026-05-07 19:37:43,550 | INFO | Heartbeat | watch=KXBTC15M-26MAY071945-45 yes_bid=75 yes_ask=76 no_bid=24 no_ask=25 book_ready=True position=False pending=False dry_run=False trust=synced run_id=d5abddfd-2c58-45c8-9dbb-bb98e3aa930e
2026-05-07 19:37:58,572 | INFO | Heartbeat | watch=KXBTC15M-26MAY071945-45 yes_bid=76 yes_ask=77 no_bid=23 no_ask=24 book_ready=True position=False pending=False dry_run=False trust=synced run_id=d5abddfd-2c58-45c8-9dbb-bb98e3aa930e
2026-05-07 19:38:13,584 | INFO | Heartbeat | watch=KXBTC15M-26MAY071945-45 yes_bid=77 yes_ask=78 no_bid=22 no_ask=23 book_ready=True position=False pending=False dry_run=False trust=synced run_id=d5abddfd-2c58-45c8-9dbb-bb98e3aa930e
2026-05-07 19:38:28,621 | INFO | Heartbeat | watch=KXBTC15M-26MAY071945-45 yes_bid=76 yes_ask=77 no_bid=23 no_ask=24 book_ready=True position=False pending=False dry_run=False trust=synced run_id=d5abddfd-2c58-45c8-9dbb-bb98e3aa930e
2026-05-07 19:38:43,645 | INFO | Heartbeat | watch=KXBTC15M-26MAY071945-45 yes_bid=79 yes_ask=80 no_bid=20 no_ask=21 book_ready=True position=False pending=False dry_run=False trust=synced run_id=d5abddfd-2c58-45c8-9dbb-bb98e3aa930e
2026-05-07 19:38:58,647 | INFO | Heartbeat | watch=KXBTC15M-26MAY071945-45 yes_bid=82 yes_ask=83 no_bid=17 no_ask=18 book_ready=True position=False pending=False dry_run=False trust=synced run_id=d5abddfd-2c58-45c8-9dbb-bb98e3aa930e
2026-05-07 19:39:13,659 | INFO | Heartbeat | watch=KXBTC15M-26MAY071945-45 yes_bid=82 yes_ask=84 no_bid=16 no_ask=18 book_ready=True position=False pending=False dry_run=False trust=synced run_id=d5abddfd-2c58-45c8-9dbb-bb98e3aa930e
2026-05-07 19:39:28,704 | INFO | Heartbeat | watch=KXBTC15M-26MAY071945-45 yes_bid=75 yes_ask=77 no_bid=23 no_ask=25 book_ready=True position=False pending=False dry_run=False trust=synced run_id=d5abddfd-2c58-45c8-9dbb-bb98e3aa930e
2026-05-07 19:39:43,719 | INFO | Heartbeat | watch=KXBTC15M-26MAY071945-45 yes_bid=77 yes_ask=78 no_bid=22 no_ask=23 book_ready=True position=False pending=False dry_run=False trust=synced run_id=d5abddfd-2c58-45c8-9dbb-bb98e3aa930e
2026-05-07 19:39:58,731 | INFO | Heartbeat | watch=KXBTC15M-26MAY071945-45 yes_bid=81 yes_ask=82 no_bid=18 no_ask=19 book_ready=True position=False pending=False dry_run=False trust=synced run_id=d5abddfd-2c58-45c8-9dbb-bb98e3aa930e
2026-05-07 19:40:13,772 | INFO | Heartbeat | watch=KXBTC15M-26MAY071945-45 yes_bid=83 yes_ask=84 no_bid=16 no_ask=17 book_ready=True position=False pending=False dry_run=False trust=synced run_id=d5abddfd-2c58-45c8-9dbb-bb98e3aa930e
2026-05-07 19:40:28,793 | INFO | Heartbeat | watch=KXBTC15M-26MAY071945-45 yes_bid=91 yes_ask=91 no_bid=9 no_ask=9 book_ready=True position=False pending=False dry_run=False trust=synced run_id=d5abddfd-2c58-45c8-9dbb-bb98e3aa930e
2026-05-07 19:40:43,811 | INFO | Heartbeat | watch=KXBTC15M-26MAY071945-45 yes_bid=87 yes_ask=88 no_bid=12 no_ask=13 book_ready=True position=False pending=False dry_run=False trust=synced run_id=d5abddfd-2c58-45c8-9dbb-bb98e3aa930e
2026-05-07 19:40:58,808 | INFO | Heartbeat | watch=KXBTC15M-26MAY071945-45 yes_bid=85 yes_ask=86 no_bid=14 no_ask=15 book_ready=True position=False pending=False dry_run=False trust=synced run_id=d5abddfd-2c58-45c8-9dbb-bb98e3aa930e
2026-05-07 19:41:13,854 | INFO | Heartbeat | watch=KXBTC15M-26MAY071945-45 yes_bid=88 yes_ask=89 no_bid=11 no_ask=12 book_ready=True position=False pending=False dry_run=False trust=synced run_id=d5abddfd-2c58-45c8-9dbb-bb98e3aa930e
2026-05-07 19:41:28,860 | INFO | Heartbeat | watch=KXBTC15M-26MAY071945-45 yes_bid=91 yes_ask=92 no_bid=8 no_ask=9 book_ready=True position=False pending=False dry_run=False trust=synced run_id=d5abddfd-2c58-45c8-9dbb-bb98e3aa930e
2026-05-07 19:41:43,894 | INFO | Heartbeat | watch=KXBTC15M-26MAY071945-45 yes_bid=92 yes_ask=92 no_bid=8 no_ask=8 book_ready=True position=False pending=False dry_run=False trust=synced run_id=d5abddfd-2c58-45c8-9dbb-bb98e3aa930e
2026-05-07 19:41:58,890 | INFO | Heartbeat | watch=KXBTC15M-26MAY071945-45 yes_bid=94 yes_ask=94 no_bid=6 no_ask=6 book_ready=True position=False pending=False dry_run=False trust=synced run_id=d5abddfd-2c58-45c8-9dbb-bb98e3aa930e
2026-05-07 19:42:13,886 | INFO | Heartbeat | watch=KXBTC15M-26MAY071945-45 yes_bid=95 yes_ask=96 no_bid=4 no_ask=5 book_ready=True position=False pending=False dry_run=False trust=synced run_id=d5abddfd-2c58-45c8-9dbb-bb98e3aa930e
2026-05-07 19:42:28,924 | INFO | Heartbeat | watch=KXBTC15M-26MAY071945-45 yes_bid=96 yes_ask=96 no_bid=4 no_ask=4 book_ready=True position=False pending=False dry_run=False trust=synced run_id=d5abddfd-2c58-45c8-9dbb-bb98e3aa930e
2026-05-07 19:42:43,958 | INFO | Heartbeat | watch=KXBTC15M-26MAY071945-45 yes_bid=98 yes_ask=99 no_bid=1 no_ask=2 book_ready=True position=False pending=False dry_run=False trust=synced run_id=d5abddfd-2c58-45c8-9dbb-bb98e3aa930e
2026-05-07 19:42:58,948 | INFO | Heartbeat | watch=KXBTC15M-26MAY071945-45 yes_bid=99 yes_ask=99 no_bid=1 no_ask=1 book_ready=True position=False pending=False dry_run=False trust=synced run_id=d5abddfd-2c58-45c8-9dbb-bb98e3aa930e
2026-05-07 19:43:07,372 | WARNING | Mushroom v28 BTC tick stream stale. Restarting | age_ms=3875.0 threshold_ms=3000.0 source=coinbase
2026-05-07 19:43:08,597 | INFO | Mushroom v28 BTC tick stream connected | source=coinbase url=wss://ws-feed.exchange.coinbase.com
2026-05-07 19:43:13,972 | INFO | Heartbeat | watch=KXBTC15M-26MAY071945-45 yes_bid=100 yes_ask=100 no_bid=0 no_ask=0 book_ready=True position=False pending=False dry_run=False trust=synced run_id=d5abddfd-2c58-45c8-9dbb-bb98e3aa930e
2026-05-07 19:43:29,011 | INFO | Heartbeat | watch=KXBTC15M-26MAY071945-45 yes_bid=100 yes_ask=100 no_bid=0 no_ask=0 book_ready=True position=False pending=False dry_run=False trust=synced run_id=d5abddfd-2c58-45c8-9dbb-bb98e3aa930e
2026-05-07 19:43:44,060 | INFO | Heartbeat | watch=KXBTC15M-26MAY071945-45 yes_bid=100 yes_ask=100 no_bid=0 no_ask=0 book_ready=True position=False pending=False dry_run=False trust=synced run_id=d5abddfd-2c58-45c8-9dbb-bb98e3aa930e
2026-05-07 19:43:59,117 | INFO | Heartbeat | watch=KXBTC15M-26MAY071945-45 yes_bid=100 yes_ask=100 no_bid=0 no_ask=0 book_ready=True position=False pending=False dry_run=False trust=synced run_id=d5abddfd-2c58-45c8-9dbb-bb98e3aa930e
2026-05-07 19:44:08,797 | WARNING | Mushroom v28 BTC tick stream stale. Restarting | age_ms=3031.0 threshold_ms=3000.0 source=coinbase
2026-05-07 19:44:11,124 | INFO | Mushroom v28 BTC tick stream connected | source=coinbase url=wss://ws-feed.exchange.coinbase.com
2026-05-07 19:44:18,473 | WARNING | BTC market context refresh failed. error=HTTPSConnectionPool(host='data-api.binance.vision', port=443): Read timed out. (read timeout=5.0)
2026-05-07 19:44:18,837 | WARNING | Market refresh failed. Keeping current watch. Error: HTTPSConnectionPool(host='api.elections.kalshi.com', port=443): Read timed out. (read timeout=5.0)
2026-05-07 19:44:18,837 | WARNING | Mushroom v28 BTC tick stream stale. Restarting | age_ms=5719.0 threshold_ms=3000.0 source=coinbase
2026-05-07 19:44:19,188 | WARNING | Live account state refresh failed. Blocking live entries until refresh succeeds. Error: HTTPSConnectionPool(host='api.elections.kalshi.com', port=443): Read timed out. (read timeout=5.0)
2026-05-07 19:44:23,846 | INFO | Heartbeat | watch=KXBTC15M-26MAY071945-45 yes_bid=99 yes_ask=100 no_bid=0 no_ask=1 book_ready=True position=False pending=False dry_run=False trust=synced run_id=d5abddfd-2c58-45c8-9dbb-bb98e3aa930e
2026-05-07 19:44:23,962 | WARNING | Mushroom v28 BTC tick stream stale. Restarting | age_ms=10844.0 threshold_ms=3000.0 source=coinbase
2026-05-07 19:44:24,137 | INFO | Mushroom v28 BTC tick stream connected | source=coinbase url=wss://ws-feed.exchange.coinbase.com
2026-05-07 19:44:27,209 | WARNING | Mushroom v28 BTC tick stream stale. Restarting | age_ms=3016.0 threshold_ms=3000.0 source=coinbase
2026-05-07 19:44:27,464 | INFO | Mushroom v28 BTC tick stream connected | source=coinbase url=wss://ws-feed.exchange.coinbase.com
2026-05-07 19:44:38,875 | INFO | Heartbeat | watch=KXBTC15M-26MAY071945-45 yes_bid=99 yes_ask=100 no_bid=0 no_ask=1 book_ready=True position=False pending=False dry_run=False trust=synced run_id=d5abddfd-2c58-45c8-9dbb-bb98e3aa930e
2026-05-07 19:44:53,899 | INFO | Heartbeat | watch=KXBTC15M-26MAY071945-45 yes_bid=100 yes_ask=100 no_bid=0 no_ask=0 book_ready=True position=False pending=False dry_run=False trust=synced run_id=d5abddfd-2c58-45c8-9dbb-bb98e3aa930e
2026-05-07 19:45:00,001 | WARNING | Mushroom v28 BTC tick stream stale. Restarting | age_ms=3047.0 threshold_ms=3000.0 source=coinbase
2026-05-07 19:45:00,270 | INFO | Mushroom v28 BTC tick stream connected | source=coinbase url=wss://ws-feed.exchange.coinbase.com
2026-05-07 19:45:07,280 | INFO | Orderbook snapshot ready for KXBTC15M-26MAY071945-45
2026-05-07 19:45:08,930 | INFO | Heartbeat | watch=KXBTC15M-26MAY071945-45 yes_bid=0 yes_ask=100 no_bid=0 no_ask=100 book_ready=True position=False pending=False dry_run=False trust=synced run_id=d5abddfd-2c58-45c8-9dbb-bb98e3aa930e
2026-05-07 19:45:10,374 | WARNING | Mushroom v28 BTC tick stream stale. Restarting | age_ms=3047.0 threshold_ms=3000.0 source=coinbase
2026-05-07 19:45:10,681 | INFO | Mushroom v28 BTC tick stream connected | source=coinbase url=wss://ws-feed.exchange.coinbase.com
2026-05-07 19:45:18,606 | WARNING | Mushroom v28 BTC tick stream stale. Restarting | age_ms=3047.0 threshold_ms=3000.0 source=coinbase
2026-05-07 19:45:18,894 | INFO | Mushroom v28 BTC tick stream connected | source=coinbase url=wss://ws-feed.exchange.coinbase.com
2026-05-07 19:45:23,930 | INFO | Heartbeat | watch=KXBTC15M-26MAY071945-45 yes_bid=0 yes_ask=100 no_bid=0 no_ask=100 book_ready=True position=False pending=False dry_run=False trust=synced run_id=d5abddfd-2c58-45c8-9dbb-bb98e3aa930e
2026-05-07 19:45:35,251 | WARNING | Mushroom v28 BTC tick stream stale. Restarting | age_ms=3016.0 threshold_ms=3000.0 source=coinbase
2026-05-07 19:45:38,263 | WARNING | Mushroom v28 BTC tick stream stale. Restarting | age_ms=6031.0 threshold_ms=3000.0 source=coinbase
2026-05-07 19:45:38,463 | INFO | Mushroom v28 BTC tick stream connected | source=coinbase url=wss://ws-feed.exchange.coinbase.com
2026-05-07 19:45:38,960 | INFO | Heartbeat | watch=KXBTC15M-26MAY071945-45 yes_bid=0 yes_ask=100 no_bid=0 no_ask=100 book_ready=True position=False pending=False dry_run=False trust=synced run_id=d5abddfd-2c58-45c8-9dbb-bb98e3aa930e
2026-05-07 19:45:41,559 | WARNING | Mushroom v28 BTC tick stream stale. Restarting | age_ms=3062.0 threshold_ms=3000.0 source=coinbase
2026-05-07 19:45:41,772 | INFO | Mushroom v28 BTC tick stream connected | source=coinbase url=wss://ws-feed.exchange.coinbase.com
2026-05-07 19:45:46,006 | INFO | Watching market KXBTC15M-26MAY072000-00 close_time=2026-05-08T00:00:00Z status=active strike=79993.88 run_id=d5abddfd-2c58-45c8-9dbb-bb98e3aa930e
2026-05-07 19:45:46,201 | INFO | WS connected for KXBTC15M-26MAY072000-00
2026-05-07 19:45:46,245 | INFO | WS subscribed payload: {'type': 'subscribed', 'id': 4, 'msg': {'channel': 'ticker', 'sid': 1}}
2026-05-07 19:45:46,245 | INFO | WS subscribed payload: {'type': 'subscribed', 'id': 4, 'msg': {'channel': 'orderbook_delta', 'sid': 2}}
2026-05-07 19:45:46,246 | INFO | Orderbook snapshot ready for KXBTC15M-26MAY072000-00
2026-05-07 19:45:49,580 | WARNING | Mushroom v28 BTC tick stream stale. Restarting | age_ms=3032.0 threshold_ms=3000.0 source=coinbase
2026-05-07 19:45:49,799 | INFO | Mushroom v28 BTC tick stream connected | source=coinbase url=wss://ws-feed.exchange.coinbase.com
2026-05-07 19:45:53,993 | INFO | Heartbeat | watch=KXBTC15M-26MAY072000-00 yes_bid=60 yes_ask=62 no_bid=38 no_ask=40 book_ready=True position=False pending=False dry_run=False trust=synced run_id=d5abddfd-2c58-45c8-9dbb-bb98e3aa930e
2026-05-07 19:46:08,991 | INFO | Heartbeat | watch=KXBTC15M-26MAY072000-00 yes_bid=58 yes_ask=59 no_bid=41 no_ask=42 book_ready=True position=False pending=False dry_run=False trust=synced run_id=d5abddfd-2c58-45c8-9dbb-bb98e3aa930e
2026-05-07 19:46:24,013 | INFO | Heartbeat | watch=KXBTC15M-26MAY072000-00 yes_bid=57 yes_ask=58 no_bid=42 no_ask=43 book_ready=True position=False pending=False dry_run=False trust=synced run_id=d5abddfd-2c58-45c8-9dbb-bb98e3aa930e
2026-05-07 19:46:39,071 | INFO | Heartbeat | watch=KXBTC15M-26MAY072000-00 yes_bid=57 yes_ask=58 no_bid=42 no_ask=43 book_ready=True position=False pending=False dry_run=False trust=synced run_id=d5abddfd-2c58-45c8-9dbb-bb98e3aa930e
2026-05-07 19:46:54,060 | INFO | Heartbeat | watch=KXBTC15M-26MAY072000-00 yes_bid=51 yes_ask=52 no_bid=48 no_ask=49 book_ready=True position=False pending=False dry_run=False trust=synced run_id=d5abddfd-2c58-45c8-9dbb-bb98e3aa930e
2026-05-07 19:46:58,304 | WARNING | Mushroom v28 BTC tick stream stale. Restarting | age_ms=3031.0 threshold_ms=3000.0 source=coinbase
2026-05-07 19:46:58,564 | INFO | Mushroom v28 BTC tick stream connected | source=coinbase url=wss://ws-feed.exchange.coinbase.com
2026-05-07 19:47:09,082 | INFO | Heartbeat | watch=KXBTC15M-26MAY072000-00 yes_bid=50 yes_ask=51 no_bid=49 no_ask=50 book_ready=True position=False pending=False dry_run=False trust=synced run_id=d5abddfd-2c58-45c8-9dbb-bb98e3aa930e
2026-05-07 19:47:24,169 | INFO | Heartbeat | watch=KXBTC15M-26MAY072000-00 yes_bid=54 yes_ask=55 no_bid=45 no_ask=46 book_ready=True position=False pending=False dry_run=False trust=synced run_id=d5abddfd-2c58-45c8-9dbb-bb98e3aa930e
2026-05-07 19:47:27,671 | WARNING | Mushroom v28 BTC tick stream stale. Restarting | age_ms=3046.0 threshold_ms=3000.0 source=coinbase
2026-05-07 19:47:27,970 | INFO | Mushroom v28 BTC tick stream connected | source=coinbase url=wss://ws-feed.exchange.coinbase.com
2026-05-07 19:47:39,181 | INFO | Heartbeat | watch=KXBTC15M-26MAY072000-00 yes_bid=52 yes_ask=53 no_bid=47 no_ask=48 book_ready=True position=False pending=False dry_run=False trust=synced run_id=d5abddfd-2c58-45c8-9dbb-bb98e3aa930e
2026-05-07 19:47:39,761 | WARNING | Mushroom v28 BTC tick stream stale. Restarting | age_ms=3016.0 threshold_ms=3000.0 source=coinbase
2026-05-07 19:47:40,067 | INFO | Mushroom v28 BTC tick stream connected | source=coinbase url=wss://ws-feed.exchange.coinbase.com
2026-05-07 19:47:43,192 | WARNING | Mushroom v28 BTC tick stream stale. Restarting | age_ms=3016.0 threshold_ms=3000.0 source=coinbase
2026-05-07 19:47:43,434 | INFO | Mushroom v28 BTC tick stream connected | source=coinbase url=wss://ws-feed.exchange.coinbase.com
2026-05-07 19:47:51,806 | WARNING | Mushroom v28 BTC tick stream stale. Restarting | age_ms=3015.0 threshold_ms=3000.0 source=coinbase
2026-05-07 19:47:52,081 | INFO | Mushroom v28 BTC tick stream connected | source=coinbase url=wss://ws-feed.exchange.coinbase.com
2026-05-07 19:47:54,174 | INFO | Heartbeat | watch=KXBTC15M-26MAY072000-00 yes_bid=58 yes_ask=59 no_bid=41 no_ask=42 book_ready=True position=False pending=False dry_run=False trust=synced run_id=d5abddfd-2c58-45c8-9dbb-bb98e3aa930e
2026-05-07 19:47:55,288 | WARNING | Mushroom v28 BTC tick stream stale. Restarting | age_ms=3047.0 threshold_ms=3000.0 source=coinbase
2026-05-07 19:47:55,856 | INFO | Mushroom v28 BTC tick stream connected | source=coinbase url=wss://ws-feed.exchange.coinbase.com
2026-05-07 19:47:58,973 | WARNING | Mushroom v28 BTC tick stream stale. Restarting | age_ms=3047.0 threshold_ms=3000.0 source=coinbase
2026-05-07 19:47:59,170 | INFO | Mushroom v28 BTC tick stream connected | source=coinbase url=wss://ws-feed.exchange.coinbase.com
2026-05-07 19:48:09,200 | INFO | Heartbeat | watch=KXBTC15M-26MAY072000-00 yes_bid=58 yes_ask=59 no_bid=41 no_ask=42 book_ready=True position=False pending=False dry_run=False trust=synced run_id=d5abddfd-2c58-45c8-9dbb-bb98e3aa930e
2026-05-07 19:48:20,629 | WARNING | Mushroom v28 BTC tick stream stale. Restarting | age_ms=3032.0 threshold_ms=3000.0 source=coinbase
2026-05-07 19:48:20,898 | INFO | Mushroom v28 BTC tick stream connected | source=coinbase url=wss://ws-feed.exchange.coinbase.com
2026-05-07 19:48:24,240 | INFO | Heartbeat | watch=KXBTC15M-26MAY072000-00 yes_bid=66 yes_ask=67 no_bid=33 no_ask=34 book_ready=True position=False pending=False dry_run=False trust=synced run_id=d5abddfd-2c58-45c8-9dbb-bb98e3aa930e
2026-05-07 19:48:39,290 | INFO | Heartbeat | watch=KXBTC15M-26MAY072000-00 yes_bid=69 yes_ask=70 no_bid=30 no_ask=31 book_ready=True position=False pending=False dry_run=False trust=synced run_id=d5abddfd-2c58-45c8-9dbb-bb98e3aa930e
2026-05-07 19:48:54,304 | INFO | Heartbeat | watch=KXBTC15M-26MAY072000-00 yes_bid=59 yes_ask=60 no_bid=40 no_ask=41 book_ready=True position=False pending=False dry_run=False trust=synced run_id=d5abddfd-2c58-45c8-9dbb-bb98e3aa930e
2026-05-07 19:49:09,339 | INFO | Heartbeat | watch=KXBTC15M-26MAY072000-00 yes_bid=61 yes_ask=62 no_bid=38 no_ask=39 book_ready=True position=False pending=False dry_run=False trust=synced run_id=d5abddfd-2c58-45c8-9dbb-bb98e3aa930e
2026-05-07 19:49:24,328 | INFO | Heartbeat | watch=KXBTC15M-26MAY072000-00 yes_bid=67 yes_ask=68 no_bid=32 no_ask=33 book_ready=True position=False pending=False dry_run=False trust=synced run_id=d5abddfd-2c58-45c8-9dbb-bb98e3aa930e
2026-05-07 19:49:39,343 | INFO | Heartbeat | watch=KXBTC15M-26MAY072000-00 yes_bid=69 yes_ask=71 no_bid=29 no_ask=31 book_ready=True position=False pending=False dry_run=False trust=synced run_id=d5abddfd-2c58-45c8-9dbb-bb98e3aa930e
2026-05-07 19:49:44,372 | WARNING | Mushroom v28 BTC tick stream stale. Restarting | age_ms=3032.0 threshold_ms=3000.0 source=coinbase
2026-05-07 19:49:44,572 | INFO | Mushroom v28 BTC tick stream connected | source=coinbase url=wss://ws-feed.exchange.coinbase.com
2026-05-07 19:49:47,622 | WARNING | Mushroom v28 BTC tick stream stale. Restarting | age_ms=3016.0 threshold_ms=3000.0 source=coinbase
2026-05-07 19:49:47,860 | INFO | Mushroom v28 BTC tick stream connected | source=coinbase url=wss://ws-feed.exchange.coinbase.com
2026-05-07 19:49:54,446 | INFO | Heartbeat | watch=KXBTC15M-26MAY072000-00 yes_bid=72 yes_ask=74 no_bid=26 no_ask=28 book_ready=True position=False pending=False dry_run=False trust=synced run_id=d5abddfd-2c58-45c8-9dbb-bb98e3aa930e
2026-05-07 19:50:09,473 | INFO | Heartbeat | watch=KXBTC15M-26MAY072000-00 yes_bid=67 yes_ask=70 no_bid=30 no_ask=33 book_ready=True position=False pending=False dry_run=False trust=synced run_id=d5abddfd-2c58-45c8-9dbb-bb98e3aa930e
2026-05-07 19:50:24,496 | INFO | Heartbeat | watch=KXBTC15M-26MAY072000-00 yes_bid=69 yes_ask=70 no_bid=30 no_ask=31 book_ready=True position=False pending=False dry_run=False trust=synced run_id=d5abddfd-2c58-45c8-9dbb-bb98e3aa930e
2026-05-07 19:50:39,521 | INFO | Heartbeat | watch=KXBTC15M-26MAY072000-00 yes_bid=71 yes_ask=73 no_bid=27 no_ask=29 book_ready=True position=False pending=False dry_run=False trust=synced run_id=d5abddfd-2c58-45c8-9dbb-bb98e3aa930e
2026-05-07 19:50:54,544 | INFO | Heartbeat | watch=KXBTC15M-26MAY072000-00 yes_bid=84 yes_ask=85 no_bid=15 no_ask=16 book_ready=True position=False pending=False dry_run=False trust=synced run_id=d5abddfd-2c58-45c8-9dbb-bb98e3aa930e
2026-05-07 19:51:09,565 | INFO | Heartbeat | watch=KXBTC15M-26MAY072000-00 yes_bid=84 yes_ask=85 no_bid=15 no_ask=16 book_ready=True position=False pending=False dry_run=False trust=synced run_id=d5abddfd-2c58-45c8-9dbb-bb98e3aa930e
2026-05-07 19:51:24,565 | INFO | Heartbeat | watch=KXBTC15M-26MAY072000-00 yes_bid=87 yes_ask=89 no_bid=11 no_ask=13 book_ready=True position=False pending=False dry_run=False trust=synced run_id=d5abddfd-2c58-45c8-9dbb-bb98e3aa930e
2026-05-07 19:51:39,581 | INFO | Heartbeat | watch=KXBTC15M-26MAY072000-00 yes_bid=81 yes_ask=82 no_bid=18 no_ask=19 book_ready=True position=False pending=False dry_run=False trust=synced run_id=d5abddfd-2c58-45c8-9dbb-bb98e3aa930e
2026-05-07 19:51:54,622 | INFO | Heartbeat | watch=KXBTC15M-26MAY072000-00 yes_bid=74 yes_ask=75 no_bid=25 no_ask=26 book_ready=True position=False pending=False dry_run=False trust=synced run_id=d5abddfd-2c58-45c8-9dbb-bb98e3aa930e
2026-05-07 19:52:09,627 | INFO | Heartbeat | watch=KXBTC15M-26MAY072000-00 yes_bid=80 yes_ask=81 no_bid=19 no_ask=20 book_ready=True position=False pending=False dry_run=False trust=synced run_id=d5abddfd-2c58-45c8-9dbb-bb98e3aa930e
2026-05-07 19:52:24,624 | INFO | Heartbeat | watch=KXBTC15M-26MAY072000-00 yes_bid=82 yes_ask=83 no_bid=17 no_ask=18 book_ready=True position=False pending=False dry_run=False trust=synced run_id=d5abddfd-2c58-45c8-9dbb-bb98e3aa930e
2026-05-07 19:52:39,696 | INFO | Heartbeat | watch=KXBTC15M-26MAY072000-00 yes_bid=79 yes_ask=80 no_bid=20 no_ask=21 book_ready=True position=False pending=False dry_run=False trust=synced run_id=d5abddfd-2c58-45c8-9dbb-bb98e3aa930e
2026-05-07 19:52:54,728 | INFO | Heartbeat | watch=KXBTC15M-26MAY072000-00 yes_bid=80 yes_ask=81 no_bid=19 no_ask=20 book_ready=True position=False pending=False dry_run=False trust=synced run_id=d5abddfd-2c58-45c8-9dbb-bb98e3aa930e
2026-05-07 19:53:09,767 | INFO | Heartbeat | watch=KXBTC15M-26MAY072000-00 yes_bid=75 yes_ask=77 no_bid=23 no_ask=25 book_ready=True position=False pending=False dry_run=False trust=synced run_id=d5abddfd-2c58-45c8-9dbb-bb98e3aa930e
2026-05-07 19:53:24,815 | INFO | Heartbeat | watch=KXBTC15M-26MAY072000-00 yes_bid=78 yes_ask=80 no_bid=20 no_ask=22 book_ready=True position=False pending=False dry_run=False trust=synced run_id=d5abddfd-2c58-45c8-9dbb-bb98e3aa930e
2026-05-07 19:53:39,854 | INFO | Heartbeat | watch=KXBTC15M-26MAY072000-00 yes_bid=80 yes_ask=81 no_bid=19 no_ask=20 book_ready=True position=False pending=False dry_run=False trust=synced run_id=d5abddfd-2c58-45c8-9dbb-bb98e3aa930e
2026-05-07 19:53:54,874 | INFO | Heartbeat | watch=KXBTC15M-26MAY072000-00 yes_bid=76 yes_ask=77 no_bid=23 no_ask=24 book_ready=True position=False pending=False dry_run=False trust=synced run_id=d5abddfd-2c58-45c8-9dbb-bb98e3aa930e
2026-05-07 19:54:09,913 | INFO | Heartbeat | watch=KXBTC15M-26MAY072000-00 yes_bid=68 yes_ask=70 no_bid=30 no_ask=32 book_ready=True position=False pending=False dry_run=False trust=synced run_id=d5abddfd-2c58-45c8-9dbb-bb98e3aa930e
2026-05-07 19:54:18,033 | WARNING | Mushroom v28 BTC tick stream stale. Restarting | age_ms=3031.0 threshold_ms=3000.0 source=coinbase
2026-05-07 19:54:18,234 | INFO | Mushroom v28 BTC tick stream connected | source=coinbase url=wss://ws-feed.exchange.coinbase.com
2026-05-07 19:54:24,953 | INFO | Heartbeat | watch=KXBTC15M-26MAY072000-00 yes_bid=61 yes_ask=62 no_bid=38 no_ask=39 book_ready=True position=False pending=False dry_run=False trust=synced run_id=d5abddfd-2c58-45c8-9dbb-bb98e3aa930e
2026-05-07 19:54:40,027 | INFO | Heartbeat | watch=KXBTC15M-26MAY072000-00 yes_bid=60 yes_ask=61 no_bid=39 no_ask=40 book_ready=True position=False pending=False dry_run=False trust=synced run_id=d5abddfd-2c58-45c8-9dbb-bb98e3aa930e
2026-05-07 19:54:52,849 | WARNING | Mushroom v28 BTC tick stream stale. Restarting | age_ms=3015.0 threshold_ms=3000.0 source=coinbase
2026-05-07 19:54:53,061 | INFO | Mushroom v28 BTC tick stream connected | source=coinbase url=wss://ws-feed.exchange.coinbase.com
2026-05-07 19:54:55,022 | INFO | Heartbeat | watch=KXBTC15M-26MAY072000-00 yes_bid=62 yes_ask=63 no_bid=37 no_ask=38 book_ready=True position=False pending=False dry_run=False trust=synced run_id=d5abddfd-2c58-45c8-9dbb-bb98e3aa930e
2026-05-07 19:55:10,037 | INFO | Heartbeat | watch=KXBTC15M-26MAY072000-00 yes_bid=61 yes_ask=63 no_bid=37 no_ask=39 book_ready=True position=False pending=False dry_run=False trust=synced run_id=d5abddfd-2c58-45c8-9dbb-bb98e3aa930e
2026-05-07 19:55:25,039 | INFO | Heartbeat | watch=KXBTC15M-26MAY072000-00 yes_bid=74 yes_ask=75 no_bid=25 no_ask=26 book_ready=True position=False pending=False dry_run=False trust=synced run_id=d5abddfd-2c58-45c8-9dbb-bb98e3aa930e
2026-05-07 19:55:40,063 | INFO | Heartbeat | watch=KXBTC15M-26MAY072000-00 yes_bid=72 yes_ask=73 no_bid=27 no_ask=28 book_ready=True position=False pending=False dry_run=False trust=synced run_id=d5abddfd-2c58-45c8-9dbb-bb98e3aa930e
2026-05-07 19:55:55,082 | INFO | Heartbeat | watch=KXBTC15M-26MAY072000-00 yes_bid=69 yes_ask=70 no_bid=30 no_ask=31 book_ready=True position=False pending=False dry_run=False trust=synced run_id=d5abddfd-2c58-45c8-9dbb-bb98e3aa930e
2026-05-07 19:56:10,097 | INFO | Heartbeat | watch=KXBTC15M-26MAY072000-00 yes_bid=74 yes_ask=76 no_bid=24 no_ask=26 book_ready=True position=False pending=False dry_run=False trust=synced run_id=d5abddfd-2c58-45c8-9dbb-bb98e3aa930e
2026-05-07 19:56:16,371 | WARNING | Mushroom v28 BTC tick stream stale. Restarting | age_ms=3047.0 threshold_ms=3000.0 source=coinbase
2026-05-07 19:56:16,568 | INFO | Mushroom v28 BTC tick stream connected | source=coinbase url=wss://ws-feed.exchange.coinbase.com
2026-05-07 19:56:25,197 | INFO | Heartbeat | watch=KXBTC15M-26MAY072000-00 yes_bid=86 yes_ask=88 no_bid=12 no_ask=14 book_ready=True position=False pending=False dry_run=False trust=synced run_id=d5abddfd-2c58-45c8-9dbb-bb98e3aa930e
2026-05-07 19:56:28,245 | WARNING | Mushroom v28 BTC tick stream stale. Restarting | age_ms=3031.0 threshold_ms=3000.0 source=coinbase
2026-05-07 19:56:28,444 | INFO | Mushroom v28 BTC tick stream connected | source=coinbase url=wss://ws-feed.exchange.coinbase.com
2026-05-07 19:56:40,194 | INFO | Heartbeat | watch=KXBTC15M-26MAY072000-00 yes_bid=89 yes_ask=90 no_bid=10 no_ask=11 book_ready=True position=False pending=False dry_run=False trust=synced run_id=d5abddfd-2c58-45c8-9dbb-bb98e3aa930e
2026-05-07 19:56:55,230 | INFO | Heartbeat | watch=KXBTC15M-26MAY072000-00 yes_bid=92 yes_ask=92 no_bid=8 no_ask=8 book_ready=True position=False pending=False dry_run=False trust=synced run_id=d5abddfd-2c58-45c8-9dbb-bb98e3aa930e
2026-05-07 19:57:10,262 | INFO | Heartbeat | watch=KXBTC15M-26MAY072000-00 yes_bid=92 yes_ask=93 no_bid=7 no_ask=8 book_ready=True position=False pending=False dry_run=False trust=synced run_id=d5abddfd-2c58-45c8-9dbb-bb98e3aa930e
2026-05-07 19:57:25,305 | INFO | Heartbeat | watch=KXBTC15M-26MAY072000-00 yes_bid=94 yes_ask=95 no_bid=5 no_ask=6 book_ready=True position=False pending=False dry_run=False trust=synced run_id=d5abddfd-2c58-45c8-9dbb-bb98e3aa930e
2026-05-07 19:57:40,300 | INFO | Heartbeat | watch=KXBTC15M-26MAY072000-00 yes_bid=95 yes_ask=95 no_bid=5 no_ask=5 book_ready=True position=False pending=False dry_run=False trust=synced run_id=d5abddfd-2c58-45c8-9dbb-bb98e3aa930e
2026-05-07 19:57:55,332 | INFO | Heartbeat | watch=KXBTC15M-26MAY072000-00 yes_bid=95 yes_ask=95 no_bid=5 no_ask=5 book_ready=True position=False pending=False dry_run=False trust=synced run_id=d5abddfd-2c58-45c8-9dbb-bb98e3aa930e
2026-05-07 19:58:10,377 | INFO | Heartbeat | watch=KXBTC15M-26MAY072000-00 yes_bid=96 yes_ask=97 no_bid=3 no_ask=4 book_ready=True position=False pending=False dry_run=False trust=synced run_id=d5abddfd-2c58-45c8-9dbb-bb98e3aa930e
2026-05-07 19:58:25,425 | INFO | Heartbeat | watch=KXBTC15M-26MAY072000-00 yes_bid=99 yes_ask=99 no_bid=1 no_ask=1 book_ready=True position=False pending=False dry_run=False trust=synced run_id=d5abddfd-2c58-45c8-9dbb-bb98e3aa930e
2026-05-07 19:58:40,450 | INFO | Heartbeat | watch=KXBTC15M-26MAY072000-00 yes_bid=98 yes_ask=99 no_bid=1 no_ask=2 book_ready=True position=False pending=False dry_run=False trust=synced run_id=d5abddfd-2c58-45c8-9dbb-bb98e3aa930e
2026-05-07 19:58:55,493 | INFO | Heartbeat | watch=KXBTC15M-26MAY072000-00 yes_bid=98 yes_ask=100 no_bid=0 no_ask=2 book_ready=True position=False pending=False dry_run=False trust=synced run_id=d5abddfd-2c58-45c8-9dbb-bb98e3aa930e
2026-05-07 19:59:10,518 | INFO | Heartbeat | watch=KXBTC15M-26MAY072000-00 yes_bid=99 yes_ask=99 no_bid=1 no_ask=1 book_ready=True position=False pending=False dry_run=False trust=synced run_id=d5abddfd-2c58-45c8-9dbb-bb98e3aa930e
2026-05-07 19:59:25,560 | INFO | Heartbeat | watch=KXBTC15M-26MAY072000-00 yes_bid=99 yes_ask=100 no_bid=0 no_ask=1 book_ready=True position=False pending=False dry_run=False trust=synced run_id=d5abddfd-2c58-45c8-9dbb-bb98e3aa930e
2026-05-07 19:59:40,569 | INFO | Heartbeat | watch=KXBTC15M-26MAY072000-00 yes_bid=99 yes_ask=100 no_bid=0 no_ask=1 book_ready=True position=False pending=False dry_run=False trust=synced run_id=d5abddfd-2c58-45c8-9dbb-bb98e3aa930e
2026-05-07 19:59:55,617 | INFO | Heartbeat | watch=KXBTC15M-26MAY072000-00 yes_bid=100 yes_ask=100 no_bid=0 no_ask=0 book_ready=True position=False pending=False dry_run=False trust=synced run_id=d5abddfd-2c58-45c8-9dbb-bb98e3aa930e
2026-05-07 20:00:10,617 | INFO | Heartbeat | watch=KXBTC15M-26MAY072000-00 yes_bid=0 yes_ask=100 no_bid=0 no_ask=100 book_ready=True position=False pending=False dry_run=False trust=synced run_id=d5abddfd-2c58-45c8-9dbb-bb98e3aa930e
2026-05-07 20:00:15,618 | INFO | Watching market KXBTC15M-26MAY072015-15 close_time=2026-05-08T00:15:00Z status=active strike=80014.02 run_id=d5abddfd-2c58-45c8-9dbb-bb98e3aa930e
2026-05-07 20:00:15,785 | INFO | WS connected for KXBTC15M-26MAY072015-15
2026-05-07 20:00:15,818 | INFO | WS subscribed payload: {'type': 'subscribed', 'id': 5, 'msg': {'channel': 'ticker', 'sid': 1}}
2026-05-07 20:00:15,818 | INFO | WS subscribed payload: {'type': 'subscribed', 'id': 5, 'msg': {'channel': 'orderbook_delta', 'sid': 2}}
2026-05-07 20:00:15,818 | INFO | Orderbook snapshot ready for KXBTC15M-26MAY072015-15
2026-05-07 20:00:25,635 | INFO | Heartbeat | watch=KXBTC15M-26MAY072015-15 yes_bid=44 yes_ask=47 no_bid=53 no_ask=56 book_ready=True position=False pending=False dry_run=False trust=synced run_id=d5abddfd-2c58-45c8-9dbb-bb98e3aa930e
2026-05-07 20:00:40,684 | INFO | Heartbeat | watch=KXBTC15M-26MAY072015-15 yes_bid=50 yes_ask=51 no_bid=49 no_ask=50 book_ready=True position=False pending=False dry_run=False trust=synced run_id=d5abddfd-2c58-45c8-9dbb-bb98e3aa930e
2026-05-07 20:00:55,719 | INFO | Heartbeat | watch=KXBTC15M-26MAY072015-15 yes_bid=56 yes_ask=57 no_bid=43 no_ask=44 book_ready=True position=False pending=False dry_run=False trust=synced run_id=d5abddfd-2c58-45c8-9dbb-bb98e3aa930e
2026-05-07 20:01:10,729 | INFO | Heartbeat | watch=KXBTC15M-26MAY072015-15 yes_bid=54 yes_ask=57 no_bid=43 no_ask=46 book_ready=True position=False pending=False dry_run=False trust=synced run_id=d5abddfd-2c58-45c8-9dbb-bb98e3aa930e
2026-05-07 20:01:25,735 | INFO | Heartbeat | watch=KXBTC15M-26MAY072015-15 yes_bid=49 yes_ask=50 no_bid=50 no_ask=51 book_ready=True position=False pending=False dry_run=False trust=synced run_id=d5abddfd-2c58-45c8-9dbb-bb98e3aa930e
2026-05-07 20:01:40,768 | INFO | Heartbeat | watch=KXBTC15M-26MAY072015-15 yes_bid=45 yes_ask=46 no_bid=54 no_ask=55 book_ready=True position=False pending=False dry_run=False trust=synced run_id=d5abddfd-2c58-45c8-9dbb-bb98e3aa930e
2026-05-07 20:01:55,785 | INFO | Heartbeat | watch=KXBTC15M-26MAY072015-15 yes_bid=53 yes_ask=54 no_bid=46 no_ask=47 book_ready=True position=False pending=False dry_run=False trust=synced run_id=d5abddfd-2c58-45c8-9dbb-bb98e3aa930e
2026-05-07 20:02:10,795 | INFO | Heartbeat | watch=KXBTC15M-26MAY072015-15 yes_bid=50 yes_ask=51 no_bid=49 no_ask=50 book_ready=True position=False pending=False dry_run=False trust=synced run_id=d5abddfd-2c58-45c8-9dbb-bb98e3aa930e
2026-05-07 20:02:25,818 | INFO | Heartbeat | watch=KXBTC15M-26MAY072015-15 yes_bid=51 yes_ask=52 no_bid=48 no_ask=49 book_ready=True position=False pending=False dry_run=False trust=synced run_id=d5abddfd-2c58-45c8-9dbb-bb98e3aa930e
2026-05-07 20:02:40,835 | INFO | Heartbeat | watch=KXBTC15M-26MAY072015-15 yes_bid=49 yes_ask=50 no_bid=50 no_ask=51 book_ready=True position=False pending=False dry_run=False trust=synced run_id=d5abddfd-2c58-45c8-9dbb-bb98e3aa930e
2026-05-07 20:02:55,868 | INFO | Heartbeat | watch=KXBTC15M-26MAY072015-15 yes_bid=50 yes_ask=51 no_bid=49 no_ask=50 book_ready=True position=False pending=False dry_run=False trust=synced run_id=d5abddfd-2c58-45c8-9dbb-bb98e3aa930e
2026-05-07 20:03:10,952 | INFO | Heartbeat | watch=KXBTC15M-26MAY072015-15 yes_bid=55 yes_ask=57 no_bid=43 no_ask=45 book_ready=True position=False pending=False dry_run=False trust=synced run_id=d5abddfd-2c58-45c8-9dbb-bb98e3aa930e
2026-05-07 20:03:25,954 | INFO | Heartbeat | watch=KXBTC15M-26MAY072015-15 yes_bid=56 yes_ask=57 no_bid=43 no_ask=44 book_ready=True position=False pending=False dry_run=False trust=synced run_id=d5abddfd-2c58-45c8-9dbb-bb98e3aa930e
2026-05-07 20:03:41,002 | INFO | Heartbeat | watch=KXBTC15M-26MAY072015-15 yes_bid=57 yes_ask=58 no_bid=42 no_ask=43 book_ready=True position=False pending=False dry_run=False trust=synced run_id=d5abddfd-2c58-45c8-9dbb-bb98e3aa930e
2026-05-07 20:03:56,036 | INFO | Heartbeat | watch=KXBTC15M-26MAY072015-15 yes_bid=57 yes_ask=58 no_bid=42 no_ask=43 book_ready=True position=False pending=False dry_run=False trust=synced run_id=d5abddfd-2c58-45c8-9dbb-bb98e3aa930e
2026-05-07 20:04:11,094 | INFO | Heartbeat | watch=KXBTC15M-26MAY072015-15 yes_bid=58 yes_ask=59 no_bid=41 no_ask=42 book_ready=True position=False pending=False dry_run=False trust=synced run_id=d5abddfd-2c58-45c8-9dbb-bb98e3aa930e
2026-05-07 20:04:26,086 | INFO | Heartbeat | watch=KXBTC15M-26MAY072015-15 yes_bid=65 yes_ask=66 no_bid=34 no_ask=35 book_ready=True position=False pending=False dry_run=False trust=synced run_id=d5abddfd-2c58-45c8-9dbb-bb98e3aa930e
2026-05-07 20:04:41,103 | INFO | Heartbeat | watch=KXBTC15M-26MAY072015-15 yes_bid=64 yes_ask=65 no_bid=35 no_ask=36 book_ready=True position=False pending=False dry_run=False trust=synced run_id=d5abddfd-2c58-45c8-9dbb-bb98e3aa930e
2026-05-07 20:04:56,154 | INFO | Heartbeat | watch=KXBTC15M-26MAY072015-15 yes_bid=59 yes_ask=60 no_bid=40 no_ask=41 book_ready=True position=False pending=False dry_run=False trust=synced run_id=d5abddfd-2c58-45c8-9dbb-bb98e3aa930e
2026-05-07 20:05:11,225 | INFO | Heartbeat | watch=KXBTC15M-26MAY072015-15 yes_bid=68 yes_ask=69 no_bid=31 no_ask=32 book_ready=True position=False pending=False dry_run=False trust=synced run_id=d5abddfd-2c58-45c8-9dbb-bb98e3aa930e
2026-05-07 20:05:26,221 | INFO | Heartbeat | watch=KXBTC15M-26MAY072015-15 yes_bid=63 yes_ask=65 no_bid=35 no_ask=37 book_ready=True position=False pending=False dry_run=False trust=synced run_id=d5abddfd-2c58-45c8-9dbb-bb98e3aa930e
2026-05-07 20:05:41,268 | INFO | Heartbeat | watch=KXBTC15M-26MAY072015-15 yes_bid=63 yes_ask=65 no_bid=35 no_ask=37 book_ready=True position=False pending=False dry_run=False trust=synced run_id=d5abddfd-2c58-45c8-9dbb-bb98e3aa930e
2026-05-07 20:05:56,308 | INFO | Heartbeat | watch=KXBTC15M-26MAY072015-15 yes_bid=61 yes_ask=63 no_bid=37 no_ask=39 book_ready=True position=False pending=False dry_run=False trust=synced run_id=d5abddfd-2c58-45c8-9dbb-bb98e3aa930e
2026-05-07 20:06:11,316 | INFO | Heartbeat | watch=KXBTC15M-26MAY072015-15 yes_bid=69 yes_ask=70 no_bid=30 no_ask=31 book_ready=True position=False pending=False dry_run=False trust=synced run_id=d5abddfd-2c58-45c8-9dbb-bb98e3aa930e
2026-05-07 20:06:26,314 | INFO | Heartbeat | watch=KXBTC15M-26MAY072015-15 yes_bid=71 yes_ask=72 no_bid=28 no_ask=29 book_ready=True position=False pending=False dry_run=False trust=synced run_id=d5abddfd-2c58-45c8-9dbb-bb98e3aa930e
2026-05-07 20:06:41,337 | INFO | Heartbeat | watch=KXBTC15M-26MAY072015-15 yes_bid=75 yes_ask=76 no_bid=24 no_ask=25 book_ready=True position=False pending=False dry_run=False trust=synced run_id=d5abddfd-2c58-45c8-9dbb-bb98e3aa930e
2026-05-07 20:06:56,346 | INFO | Heartbeat | watch=KXBTC15M-26MAY072015-15 yes_bid=78 yes_ask=79 no_bid=21 no_ask=22 book_ready=True position=False pending=False dry_run=False trust=synced run_id=d5abddfd-2c58-45c8-9dbb-bb98e3aa930e
2026-05-07 20:07:11,381 | INFO | Heartbeat | watch=KXBTC15M-26MAY072015-15 yes_bid=71 yes_ask=72 no_bid=28 no_ask=29 book_ready=True position=False pending=False dry_run=False trust=synced run_id=d5abddfd-2c58-45c8-9dbb-bb98e3aa930e
2026-05-07 20:07:26,417 | INFO | Heartbeat | watch=KXBTC15M-26MAY072015-15 yes_bid=72 yes_ask=73 no_bid=27 no_ask=28 book_ready=True position=False pending=False dry_run=False trust=synced run_id=d5abddfd-2c58-45c8-9dbb-bb98e3aa930e
2026-05-07 20:07:41,410 | INFO | Heartbeat | watch=KXBTC15M-26MAY072015-15 yes_bid=72 yes_ask=73 no_bid=27 no_ask=28 book_ready=True position=False pending=False dry_run=False trust=synced run_id=d5abddfd-2c58-45c8-9dbb-bb98e3aa930e
2026-05-07 20:07:56,426 | INFO | Heartbeat | watch=KXBTC15M-26MAY072015-15 yes_bid=67 yes_ask=68 no_bid=32 no_ask=33 book_ready=True position=False pending=False dry_run=False trust=synced run_id=d5abddfd-2c58-45c8-9dbb-bb98e3aa930e
2026-05-07 20:08:11,451 | INFO | Heartbeat | watch=KXBTC15M-26MAY072015-15 yes_bid=73 yes_ask=74 no_bid=26 no_ask=27 book_ready=True position=False pending=False dry_run=False trust=synced run_id=d5abddfd-2c58-45c8-9dbb-bb98e3aa930e
2026-05-07 20:08:26,441 | INFO | Heartbeat | watch=KXBTC15M-26MAY072015-15 yes_bid=79 yes_ask=80 no_bid=20 no_ask=21 book_ready=True position=False pending=False dry_run=False trust=synced run_id=d5abddfd-2c58-45c8-9dbb-bb98e3aa930e
2026-05-07 20:08:41,460 | INFO | Heartbeat | watch=KXBTC15M-26MAY072015-15 yes_bid=81 yes_ask=82 no_bid=18 no_ask=19 book_ready=True position=False pending=False dry_run=False trust=synced run_id=d5abddfd-2c58-45c8-9dbb-bb98e3aa930e
2026-05-07 20:08:56,458 | INFO | Heartbeat | watch=KXBTC15M-26MAY072015-15 yes_bid=84 yes_ask=85 no_bid=15 no_ask=16 book_ready=True position=False pending=False dry_run=False trust=synced run_id=d5abddfd-2c58-45c8-9dbb-bb98e3aa930e
2026-05-07 20:08:59,927 | INFO | Mushroom v28 entry approved | market=KXBTC15M-26MAY072015-15 side=yes ask=85c max_buy=85c qty=1 p_side=0.9013 edge=2.127c depth=325.73 btc_age_ms=0.0 secs_to_close=360.07
2026-05-07 20:08:59,942 | INFO | Execution state | market=KXBTC15M-26MAY072015-15 side=yes state=eligible reason=pre_filters_disabled trust=synced run_id=d5abddfd-2c58-45c8-9dbb-bb98e3aa930e
2026-05-07 20:08:59,943 | INFO | Live fill policy approved | market=KXBTC15M-26MAY072015-15 side=yes trigger=85c tif=immediate_or_cancel limit=85c depth=325.73 required=2 book_age_ms=109.0 secs_to_close=360.07 reason=single_shot_abundant_depth
2026-05-07 20:08:59,944 | INFO | ENTRY signal | market=KXBTC15M-26MAY072015-15 action=buy side=yes trigger=85c limit=85c qty=1 book_ready=True
2026-05-07 20:08:59,945 | INFO | Execution state | market=KXBTC15M-26MAY072015-15 side=yes state=submitting reason=single_shot_abundant_depth trust=synced run_id=d5abddfd-2c58-45c8-9dbb-bb98e3aa930e
2026-05-07 20:08:59,989 | INFO | Execution state | market=KXBTC15M-26MAY072015-15 side=yes state=abandoned reason=zero_fill trust=synced run_id=d5abddfd-2c58-45c8-9dbb-bb98e3aa930e
2026-05-07 20:09:11,457 | INFO | Heartbeat | watch=KXBTC15M-26MAY072015-15 yes_bid=85 yes_ask=86 no_bid=14 no_ask=15 book_ready=True position=False pending=False dry_run=False trust=synced run_id=d5abddfd-2c58-45c8-9dbb-bb98e3aa930e
2026-05-07 20:09:26,458 | INFO | Heartbeat | watch=KXBTC15M-26MAY072015-15 yes_bid=86 yes_ask=87 no_bid=13 no_ask=14 book_ready=True position=False pending=False dry_run=False trust=synced run_id=d5abddfd-2c58-45c8-9dbb-bb98e3aa930e
2026-05-07 20:09:41,508 | INFO | Heartbeat | watch=KXBTC15M-26MAY072015-15 yes_bid=85 yes_ask=86 no_bid=14 no_ask=15 book_ready=True position=False pending=False dry_run=False trust=synced run_id=d5abddfd-2c58-45c8-9dbb-bb98e3aa930e
2026-05-07 20:09:56,542 | INFO | Heartbeat | watch=KXBTC15M-26MAY072015-15 yes_bid=86 yes_ask=87 no_bid=13 no_ask=14 book_ready=True position=False pending=False dry_run=False trust=synced run_id=d5abddfd-2c58-45c8-9dbb-bb98e3aa930e
2026-05-07 20:10:11,535 | INFO | Heartbeat | watch=KXBTC15M-26MAY072015-15 yes_bid=81 yes_ask=83 no_bid=17 no_ask=19 book_ready=True position=False pending=False dry_run=False trust=synced run_id=d5abddfd-2c58-45c8-9dbb-bb98e3aa930e
2026-05-07 20:10:26,622 | INFO | Heartbeat | watch=KXBTC15M-26MAY072015-15 yes_bid=79 yes_ask=81 no_bid=19 no_ask=21 book_ready=True position=False pending=False dry_run=False trust=synced run_id=d5abddfd-2c58-45c8-9dbb-bb98e3aa930e
2026-05-07 20:10:41,623 | INFO | Heartbeat | watch=KXBTC15M-26MAY072015-15 yes_bid=84 yes_ask=86 no_bid=14 no_ask=16 book_ready=True position=False pending=False dry_run=False trust=synced run_id=d5abddfd-2c58-45c8-9dbb-bb98e3aa930e
2026-05-07 20:10:56,652 | INFO | Heartbeat | watch=KXBTC15M-26MAY072015-15 yes_bid=93 yes_ask=94 no_bid=6 no_ask=7 book_ready=True position=False pending=False dry_run=False trust=synced run_id=d5abddfd-2c58-45c8-9dbb-bb98e3aa930e
2026-05-07 20:11:11,665 | INFO | Heartbeat | watch=KXBTC15M-26MAY072015-15 yes_bid=92 yes_ask=93 no_bid=7 no_ask=8 book_ready=True position=False pending=False dry_run=False trust=synced run_id=d5abddfd-2c58-45c8-9dbb-bb98e3aa930e
2026-05-07 20:11:26,712 | INFO | Heartbeat | watch=KXBTC15M-26MAY072015-15 yes_bid=94 yes_ask=94 no_bid=6 no_ask=6 book_ready=True position=False pending=False dry_run=False trust=synced run_id=d5abddfd-2c58-45c8-9dbb-bb98e3aa930e
2026-05-07 20:11:41,719 | INFO | Heartbeat | watch=KXBTC15M-26MAY072015-15 yes_bid=98 yes_ask=99 no_bid=1 no_ask=2 book_ready=True position=False pending=False dry_run=False trust=synced run_id=d5abddfd-2c58-45c8-9dbb-bb98e3aa930e
2026-05-07 20:11:56,750 | INFO | Heartbeat | watch=KXBTC15M-26MAY072015-15 yes_bid=97 yes_ask=98 no_bid=2 no_ask=3 book_ready=True position=False pending=False dry_run=False trust=synced run_id=d5abddfd-2c58-45c8-9dbb-bb98e3aa930e
2026-05-07 20:12:11,739 | INFO | Heartbeat | watch=KXBTC15M-26MAY072015-15 yes_bid=94 yes_ask=94 no_bid=6 no_ask=6 book_ready=True position=False pending=False dry_run=False trust=synced run_id=d5abddfd-2c58-45c8-9dbb-bb98e3aa930e
2026-05-07 20:12:26,748 | INFO | Heartbeat | watch=KXBTC15M-26MAY072015-15 yes_bid=96 yes_ask=97 no_bid=3 no_ask=4 book_ready=True position=False pending=False dry_run=False trust=synced run_id=d5abddfd-2c58-45c8-9dbb-bb98e3aa930e
2026-05-07 20:12:41,802 | INFO | Heartbeat | watch=KXBTC15M-26MAY072015-15 yes_bid=99 yes_ask=99 no_bid=1 no_ask=1 book_ready=True position=False pending=False dry_run=False trust=synced run_id=d5abddfd-2c58-45c8-9dbb-bb98e3aa930e
2026-05-07 20:12:56,819 | INFO | Heartbeat | watch=KXBTC15M-26MAY072015-15 yes_bid=99 yes_ask=100 no_bid=0 no_ask=1 book_ready=True position=False pending=False dry_run=False trust=synced run_id=d5abddfd-2c58-45c8-9dbb-bb98e3aa930e
2026-05-07 20:13:11,816 | INFO | Heartbeat | watch=KXBTC15M-26MAY072015-15 yes_bid=99 yes_ask=99 no_bid=1 no_ask=1 book_ready=True position=False pending=False dry_run=False trust=synced run_id=d5abddfd-2c58-45c8-9dbb-bb98e3aa930e
2026-05-07 20:13:26,855 | INFO | Heartbeat | watch=KXBTC15M-26MAY072015-15 yes_bid=99 yes_ask=99 no_bid=1 no_ask=1 book_ready=True position=False pending=False dry_run=False trust=synced run_id=d5abddfd-2c58-45c8-9dbb-bb98e3aa930e
2026-05-07 20:13:41,864 | INFO | Heartbeat | watch=KXBTC15M-26MAY072015-15 yes_bid=99 yes_ask=99 no_bid=1 no_ask=1 book_ready=True position=False pending=False dry_run=False trust=synced run_id=d5abddfd-2c58-45c8-9dbb-bb98e3aa930e
2026-05-07 20:13:56,918 | INFO | Heartbeat | watch=KXBTC15M-26MAY072015-15 yes_bid=98 yes_ask=98 no_bid=2 no_ask=2 book_ready=True position=False pending=False dry_run=False trust=synced run_id=d5abddfd-2c58-45c8-9dbb-bb98e3aa930e
2026-05-07 20:14:11,953 | INFO | Heartbeat | watch=KXBTC15M-26MAY072015-15 yes_bid=99 yes_ask=99 no_bid=1 no_ask=1 book_ready=True position=False pending=False dry_run=False trust=synced run_id=d5abddfd-2c58-45c8-9dbb-bb98e3aa930e
2026-05-07 20:14:26,947 | INFO | Heartbeat | watch=KXBTC15M-26MAY072015-15 yes_bid=99 yes_ask=100 no_bid=0 no_ask=1 book_ready=True position=False pending=False dry_run=False trust=synced run_id=d5abddfd-2c58-45c8-9dbb-bb98e3aa930e
2026-05-07 20:14:41,957 | INFO | Heartbeat | watch=KXBTC15M-26MAY072015-15 yes_bid=100 yes_ask=100 no_bid=0 no_ask=0 book_ready=True position=False pending=False dry_run=False trust=synced run_id=d5abddfd-2c58-45c8-9dbb-bb98e3aa930e
2026-05-07 20:14:56,976 | INFO | Heartbeat | watch=KXBTC15M-26MAY072015-15 yes_bid=100 yes_ask=100 no_bid=0 no_ask=0 book_ready=True position=False pending=False dry_run=False trust=synced run_id=d5abddfd-2c58-45c8-9dbb-bb98e3aa930e
2026-05-07 20:15:08,209 | INFO | Orderbook snapshot ready for KXBTC15M-26MAY072015-15
2026-05-07 20:15:11,982 | INFO | Heartbeat | watch=KXBTC15M-26MAY072015-15 yes_bid=0 yes_ask=100 no_bid=0 no_ask=100 book_ready=True position=False pending=False dry_run=False trust=synced run_id=d5abddfd-2c58-45c8-9dbb-bb98e3aa930e
2026-05-07 20:15:15,925 | INFO | Watching market KXBTC15M-26MAY072030-30 close_time=2026-05-08T00:30:00Z status=active strike=80049.39 run_id=d5abddfd-2c58-45c8-9dbb-bb98e3aa930e
2026-05-07 20:15:16,073 | INFO | WS connected for KXBTC15M-26MAY072030-30
2026-05-07 20:15:16,106 | INFO | WS subscribed payload: {'type': 'subscribed', 'id': 6, 'msg': {'channel': 'ticker', 'sid': 1}}
2026-05-07 20:15:16,106 | INFO | WS subscribed payload: {'type': 'subscribed', 'id': 6, 'msg': {'channel': 'orderbook_delta', 'sid': 2}}
2026-05-07 20:15:16,107 | INFO | Orderbook snapshot ready for KXBTC15M-26MAY072030-30
2026-05-07 20:15:27,017 | INFO | Heartbeat | watch=KXBTC15M-26MAY072030-30 yes_bid=51 yes_ask=52 no_bid=48 no_ask=49 book_ready=True position=False pending=False dry_run=False trust=synced run_id=d5abddfd-2c58-45c8-9dbb-bb98e3aa930e
2026-05-07 20:15:42,023 | INFO | Heartbeat | watch=KXBTC15M-26MAY072030-30 yes_bid=51 yes_ask=52 no_bid=48 no_ask=49 book_ready=True position=False pending=False dry_run=False trust=synced run_id=d5abddfd-2c58-45c8-9dbb-bb98e3aa930e
2026-05-07 20:15:57,036 | INFO | Heartbeat | watch=KXBTC15M-26MAY072030-30 yes_bid=46 yes_ask=47 no_bid=53 no_ask=54 book_ready=True position=False pending=False dry_run=False trust=synced run_id=d5abddfd-2c58-45c8-9dbb-bb98e3aa930e
2026-05-07 20:16:12,055 | INFO | Heartbeat | watch=KXBTC15M-26MAY072030-30 yes_bid=43 yes_ask=44 no_bid=56 no_ask=57 book_ready=True position=False pending=False dry_run=False trust=synced run_id=d5abddfd-2c58-45c8-9dbb-bb98e3aa930e
2026-05-07 20:16:27,097 | INFO | Heartbeat | watch=KXBTC15M-26MAY072030-30 yes_bid=45 yes_ask=47 no_bid=53 no_ask=55 book_ready=True position=False pending=False dry_run=False trust=synced run_id=d5abddfd-2c58-45c8-9dbb-bb98e3aa930e
2026-05-07 20:16:42,127 | INFO | Heartbeat | watch=KXBTC15M-26MAY072030-30 yes_bid=45 yes_ask=46 no_bid=54 no_ask=55 book_ready=True position=False pending=False dry_run=False trust=synced run_id=d5abddfd-2c58-45c8-9dbb-bb98e3aa930e
2026-05-07 20:16:57,148 | INFO | Heartbeat | watch=KXBTC15M-26MAY072030-30 yes_bid=48 yes_ask=49 no_bid=51 no_ask=52 book_ready=True position=False pending=False dry_run=False trust=synced run_id=d5abddfd-2c58-45c8-9dbb-bb98e3aa930e
2026-05-07 20:17:06,532 | WARNING | Mushroom v28 BTC tick stream stale. Restarting | age_ms=3047.0 threshold_ms=3000.0 source=coinbase
2026-05-07 20:17:06,740 | INFO | Mushroom v28 BTC tick stream connected | source=coinbase url=wss://ws-feed.exchange.coinbase.com
2026-05-07 20:17:09,809 | WARNING | Mushroom v28 BTC tick stream stale. Restarting | age_ms=3046.0 threshold_ms=3000.0 source=coinbase
2026-05-07 20:17:10,045 | INFO | Mushroom v28 BTC tick stream connected | source=coinbase url=wss://ws-feed.exchange.coinbase.com
2026-05-07 20:17:12,165 | INFO | Heartbeat | watch=KXBTC15M-26MAY072030-30 yes_bid=45 yes_ask=46 no_bid=54 no_ask=55 book_ready=True position=False pending=False dry_run=False trust=synced run_id=d5abddfd-2c58-45c8-9dbb-bb98e3aa930e
2026-05-07 20:17:27,167 | INFO | Heartbeat | watch=KXBTC15M-26MAY072030-30 yes_bid=33 yes_ask=34 no_bid=66 no_ask=67 book_ready=True position=False pending=False dry_run=False trust=synced run_id=d5abddfd-2c58-45c8-9dbb-bb98e3aa930e
2026-05-07 20:17:40,507 | WARNING | Mushroom v28 BTC tick stream stale. Restarting | age_ms=3016.0 threshold_ms=3000.0 source=coinbase
2026-05-07 20:17:40,690 | INFO | Mushroom v28 BTC tick stream connected | source=coinbase url=wss://ws-feed.exchange.coinbase.com
2026-05-07 20:17:42,206 | INFO | Heartbeat | watch=KXBTC15M-26MAY072030-30 yes_bid=23 yes_ask=24 no_bid=76 no_ask=77 book_ready=True position=False pending=False dry_run=False trust=synced run_id=d5abddfd-2c58-45c8-9dbb-bb98e3aa930e
2026-05-07 20:17:57,227 | INFO | Heartbeat | watch=KXBTC15M-26MAY072030-30 yes_bid=23 yes_ask=24 no_bid=76 no_ask=77 book_ready=True position=False pending=False dry_run=False trust=synced run_id=d5abddfd-2c58-45c8-9dbb-bb98e3aa930e
2026-05-07 20:18:12,268 | INFO | Heartbeat | watch=KXBTC15M-26MAY072030-30 yes_bid=24 yes_ask=25 no_bid=75 no_ask=76 book_ready=True position=False pending=False dry_run=False trust=synced run_id=d5abddfd-2c58-45c8-9dbb-bb98e3aa930e
2026-05-07 20:18:27,285 | INFO | Heartbeat | watch=KXBTC15M-26MAY072030-30 yes_bid=23 yes_ask=24 no_bid=76 no_ask=77 book_ready=True position=False pending=False dry_run=False trust=synced run_id=d5abddfd-2c58-45c8-9dbb-bb98e3aa930e
2026-05-07 20:18:42,294 | INFO | Heartbeat | watch=KXBTC15M-26MAY072030-30 yes_bid=21 yes_ask=22 no_bid=78 no_ask=79 book_ready=True position=False pending=False dry_run=False trust=synced run_id=d5abddfd-2c58-45c8-9dbb-bb98e3aa930e
2026-05-07 20:18:57,323 | INFO | Heartbeat | watch=KXBTC15M-26MAY072030-30 yes_bid=22 yes_ask=23 no_bid=77 no_ask=78 book_ready=True position=False pending=False dry_run=False trust=synced run_id=d5abddfd-2c58-45c8-9dbb-bb98e3aa930e
2026-05-07 20:19:12,362 | INFO | Heartbeat | watch=KXBTC15M-26MAY072030-30 yes_bid=28 yes_ask=29 no_bid=71 no_ask=72 book_ready=True position=False pending=False dry_run=False trust=synced run_id=d5abddfd-2c58-45c8-9dbb-bb98e3aa930e
2026-05-07 20:19:27,383 | INFO | Heartbeat | watch=KXBTC15M-26MAY072030-30 yes_bid=27 yes_ask=28 no_bid=72 no_ask=73 book_ready=True position=False pending=False dry_run=False trust=synced run_id=d5abddfd-2c58-45c8-9dbb-bb98e3aa930e
2026-05-07 20:19:42,398 | INFO | Heartbeat | watch=KXBTC15M-26MAY072030-30 yes_bid=40 yes_ask=41 no_bid=59 no_ask=60 book_ready=True position=False pending=False dry_run=False trust=synced run_id=d5abddfd-2c58-45c8-9dbb-bb98e3aa930e
2026-05-07 20:19:57,400 | INFO | Heartbeat | watch=KXBTC15M-26MAY072030-30 yes_bid=60 yes_ask=61 no_bid=39 no_ask=40 book_ready=True position=False pending=False dry_run=False trust=synced run_id=d5abddfd-2c58-45c8-9dbb-bb98e3aa930e
2026-05-07 20:20:12,399 | INFO | Heartbeat | watch=KXBTC15M-26MAY072030-30 yes_bid=51 yes_ask=52 no_bid=48 no_ask=49 book_ready=True position=False pending=False dry_run=False trust=synced run_id=d5abddfd-2c58-45c8-9dbb-bb98e3aa930e
2026-05-07 20:20:27,414 | INFO | Heartbeat | watch=KXBTC15M-26MAY072030-30 yes_bid=50 yes_ask=51 no_bid=49 no_ask=50 book_ready=True position=False pending=False dry_run=False trust=synced run_id=d5abddfd-2c58-45c8-9dbb-bb98e3aa930e
2026-05-07 20:20:42,438 | INFO | Heartbeat | watch=KXBTC15M-26MAY072030-30 yes_bid=42 yes_ask=44 no_bid=56 no_ask=58 book_ready=True position=False pending=False dry_run=False trust=synced run_id=d5abddfd-2c58-45c8-9dbb-bb98e3aa930e
2026-05-07 20:20:57,479 | INFO | Heartbeat | watch=KXBTC15M-26MAY072030-30 yes_bid=38 yes_ask=39 no_bid=61 no_ask=62 book_ready=True position=False pending=False dry_run=False trust=synced run_id=d5abddfd-2c58-45c8-9dbb-bb98e3aa930e
2026-05-07 20:21:12,489 | INFO | Heartbeat | watch=KXBTC15M-26MAY072030-30 yes_bid=54 yes_ask=55 no_bid=45 no_ask=46 book_ready=True position=False pending=False dry_run=False trust=synced run_id=d5abddfd-2c58-45c8-9dbb-bb98e3aa930e
2026-05-07 20:21:27,511 | INFO | Heartbeat | watch=KXBTC15M-26MAY072030-30 yes_bid=59 yes_ask=60 no_bid=40 no_ask=41 book_ready=True position=False pending=False dry_run=False trust=synced run_id=d5abddfd-2c58-45c8-9dbb-bb98e3aa930e
2026-05-07 20:21:42,531 | INFO | Heartbeat | watch=KXBTC15M-26MAY072030-30 yes_bid=57 yes_ask=58 no_bid=42 no_ask=43 book_ready=True position=False pending=False dry_run=False trust=synced run_id=d5abddfd-2c58-45c8-9dbb-bb98e3aa930e
2026-05-07 20:21:57,545 | INFO | Heartbeat | watch=KXBTC15M-26MAY072030-30 yes_bid=64 yes_ask=65 no_bid=35 no_ask=36 book_ready=True position=False pending=False dry_run=False trust=synced run_id=d5abddfd-2c58-45c8-9dbb-bb98e3aa930e
2026-05-07 20:22:12,584 | INFO | Heartbeat | watch=KXBTC15M-26MAY072030-30 yes_bid=65 yes_ask=67 no_bid=33 no_ask=35 book_ready=True position=False pending=False dry_run=False trust=synced run_id=d5abddfd-2c58-45c8-9dbb-bb98e3aa930e
2026-05-07 20:22:27,590 | INFO | Heartbeat | watch=KXBTC15M-26MAY072030-30 yes_bid=76 yes_ask=77 no_bid=23 no_ask=24 book_ready=True position=False pending=False dry_run=False trust=synced run_id=d5abddfd-2c58-45c8-9dbb-bb98e3aa930e
2026-05-07 20:22:42,631 | INFO | Heartbeat | watch=KXBTC15M-26MAY072030-30 yes_bid=81 yes_ask=82 no_bid=18 no_ask=19 book_ready=True position=False pending=False dry_run=False trust=synced run_id=d5abddfd-2c58-45c8-9dbb-bb98e3aa930e
2026-05-07 20:22:57,621 | INFO | Heartbeat | watch=KXBTC15M-26MAY072030-30 yes_bid=77 yes_ask=78 no_bid=22 no_ask=23 book_ready=True position=False pending=False dry_run=False trust=synced run_id=d5abddfd-2c58-45c8-9dbb-bb98e3aa930e
2026-05-07 20:23:12,620 | INFO | Heartbeat | watch=KXBTC15M-26MAY072030-30 yes_bid=83 yes_ask=84 no_bid=16 no_ask=17 book_ready=True position=False pending=False dry_run=False trust=synced run_id=d5abddfd-2c58-45c8-9dbb-bb98e3aa930e
2026-05-07 20:23:27,649 | INFO | Heartbeat | watch=KXBTC15M-26MAY072030-30 yes_bid=85 yes_ask=86 no_bid=14 no_ask=15 book_ready=True position=False pending=False dry_run=False trust=synced run_id=d5abddfd-2c58-45c8-9dbb-bb98e3aa930e
2026-05-07 20:23:42,649 | INFO | Heartbeat | watch=KXBTC15M-26MAY072030-30 yes_bid=83 yes_ask=84 no_bid=16 no_ask=17 book_ready=True position=False pending=False dry_run=False trust=synced run_id=d5abddfd-2c58-45c8-9dbb-bb98e3aa930e
2026-05-07 20:23:57,688 | INFO | Heartbeat | watch=KXBTC15M-26MAY072030-30 yes_bid=86 yes_ask=87 no_bid=13 no_ask=14 book_ready=True position=False pending=False dry_run=False trust=synced run_id=d5abddfd-2c58-45c8-9dbb-bb98e3aa930e
2026-05-07 20:24:12,693 | INFO | Heartbeat | watch=KXBTC15M-26MAY072030-30 yes_bid=89 yes_ask=90 no_bid=10 no_ask=11 book_ready=True position=False pending=False dry_run=False trust=synced run_id=d5abddfd-2c58-45c8-9dbb-bb98e3aa930e
2026-05-07 20:24:27,683 | INFO | Heartbeat | watch=KXBTC15M-26MAY072030-30 yes_bid=90 yes_ask=91 no_bid=9 no_ask=10 book_ready=True position=False pending=False dry_run=False trust=synced run_id=d5abddfd-2c58-45c8-9dbb-bb98e3aa930e
2026-05-07 20:24:42,726 | INFO | Heartbeat | watch=KXBTC15M-26MAY072030-30 yes_bid=91 yes_ask=91 no_bid=9 no_ask=9 book_ready=True position=False pending=False dry_run=False trust=synced run_id=d5abddfd-2c58-45c8-9dbb-bb98e3aa930e
2026-05-07 20:24:57,748 | INFO | Heartbeat | watch=KXBTC15M-26MAY072030-30 yes_bid=91 yes_ask=92 no_bid=8 no_ask=9 book_ready=True position=False pending=False dry_run=False trust=synced run_id=d5abddfd-2c58-45c8-9dbb-bb98e3aa930e
2026-05-07 20:25:12,750 | INFO | Heartbeat | watch=KXBTC15M-26MAY072030-30 yes_bid=74 yes_ask=75 no_bid=25 no_ask=26 book_ready=True position=False pending=False dry_run=False trust=synced run_id=d5abddfd-2c58-45c8-9dbb-bb98e3aa930e
2026-05-07 20:25:27,770 | INFO | Heartbeat | watch=KXBTC15M-26MAY072030-30 yes_bid=64 yes_ask=66 no_bid=34 no_ask=36 book_ready=True position=False pending=False dry_run=False trust=synced run_id=d5abddfd-2c58-45c8-9dbb-bb98e3aa930e
2026-05-07 20:25:42,799 | INFO | Heartbeat | watch=KXBTC15M-26MAY072030-30 yes_bid=62 yes_ask=63 no_bid=37 no_ask=38 book_ready=True position=False pending=False dry_run=False trust=synced run_id=d5abddfd-2c58-45c8-9dbb-bb98e3aa930e
2026-05-07 20:25:57,825 | INFO | Heartbeat | watch=KXBTC15M-26MAY072030-30 yes_bid=70 yes_ask=71 no_bid=29 no_ask=30 book_ready=True position=False pending=False dry_run=False trust=synced run_id=d5abddfd-2c58-45c8-9dbb-bb98e3aa930e
2026-05-07 20:26:12,855 | INFO | Heartbeat | watch=KXBTC15M-26MAY072030-30 yes_bid=82 yes_ask=86 no_bid=14 no_ask=18 book_ready=True position=False pending=False dry_run=False trust=synced run_id=d5abddfd-2c58-45c8-9dbb-bb98e3aa930e
2026-05-07 20:26:27,883 | INFO | Heartbeat | watch=KXBTC15M-26MAY072030-30 yes_bid=86 yes_ask=87 no_bid=13 no_ask=14 book_ready=True position=False pending=False dry_run=False trust=synced run_id=d5abddfd-2c58-45c8-9dbb-bb98e3aa930e
2026-05-07 20:26:42,902 | INFO | Heartbeat | watch=KXBTC15M-26MAY072030-30 yes_bid=88 yes_ask=89 no_bid=11 no_ask=12 book_ready=True position=False pending=False dry_run=False trust=synced run_id=d5abddfd-2c58-45c8-9dbb-bb98e3aa930e
2026-05-07 20:26:57,941 | INFO | Heartbeat | watch=KXBTC15M-26MAY072030-30 yes_bid=91 yes_ask=92 no_bid=8 no_ask=9 book_ready=True position=False pending=False dry_run=False trust=synced run_id=d5abddfd-2c58-45c8-9dbb-bb98e3aa930e
2026-05-07 20:27:03,155 | INFO | Mushroom v28 entry approved | market=KXBTC15M-26MAY072030-30 side=yes ask=77c max_buy=82c qty=1 p_side=0.8852 edge=7.521c depth=582 btc_age_ms=219.0 secs_to_close=176.85
2026-05-07 20:27:03,168 | INFO | Execution state | market=KXBTC15M-26MAY072030-30 side=yes state=eligible reason=pre_filters_disabled trust=synced run_id=d5abddfd-2c58-45c8-9dbb-bb98e3aa930e
2026-05-07 20:27:03,168 | INFO | Live fill policy approved | market=KXBTC15M-26MAY072030-30 side=yes trigger=77c tif=immediate_or_cancel limit=77c depth=582.00 required=2 book_age_ms=47.0 secs_to_close=176.85 reason=single_shot_abundant_depth
2026-05-07 20:27:03,169 | INFO | ENTRY signal | market=KXBTC15M-26MAY072030-30 action=buy side=yes trigger=77c limit=77c qty=1 book_ready=True
2026-05-07 20:27:03,170 | INFO | Execution state | market=KXBTC15M-26MAY072030-30 side=yes state=submitting reason=single_shot_abundant_depth trust=synced run_id=d5abddfd-2c58-45c8-9dbb-bb98e3aa930e
2026-05-07 20:27:03,223 | INFO | ENTRY immediate fill | market=KXBTC15M-26MAY072030-30 side=yes qty=1 limit=77c
2026-05-07 20:27:03,224 | INFO | Execution state | market=KXBTC15M-26MAY072030-30 side=yes state=filled reason=single_shot_abundant_depth trust=synced run_id=d5abddfd-2c58-45c8-9dbb-bb98e3aa930e
2026-05-07 20:27:12,942 | INFO | Heartbeat | watch=KXBTC15M-26MAY072030-30 yes_bid=28 yes_ask=29 no_bid=71 no_ask=72 book_ready=True position=True pending=False dry_run=False trust=synced run_id=d5abddfd-2c58-45c8-9dbb-bb98e3aa930e
2026-05-07 20:27:27,946 | INFO | Heartbeat | watch=KXBTC15M-26MAY072030-30 yes_bid=5 yes_ask=5 no_bid=95 no_ask=95 book_ready=True position=True pending=False dry_run=False trust=synced run_id=d5abddfd-2c58-45c8-9dbb-bb98e3aa930e
2026-05-07 20:27:34,317 | INFO | EXIT signal | market=KXBTC15M-26MAY072030-30 action=sell side=yes trigger=6c limit=6c qty=1 book_ready=True mode=single_shot_ioc slices=1 attempt=0
2026-05-07 20:27:34,317 | INFO | Latency | purpose=exit feed_age_ms=308.4 local_reaction_ms=203.0 trigger_seen_at=2026-05-08T00:27:34.317779+00:00 market_msg_time=2026-05-08T00:27:34.009405Z
2026-05-07 20:27:34,317 | INFO | Exit plan approved | market=KXBTC15M-26MAY072030-30 side=yes trigger=6c limit=6c top_bid=6 depth=55.00 required=1 book_age_ms=0.0 secs_to_close=145.90 reason=mushroom_v28_probability_collapse_full_single_shot_visible_depth mode=single_shot_ioc attempt=0
2026-05-07 20:27:34,358 | INFO | EXIT fill | market=KXBTC15M-26MAY072030-30 side=yes slice=1/1 qty=1 cumulative=1/1 remaining=0
2026-05-07 20:27:42,964 | INFO | Heartbeat | watch=KXBTC15M-26MAY072030-30 yes_bid=6 yes_ask=7 no_bid=93 no_ask=94 book_ready=True position=False pending=False dry_run=False trust=synced run_id=d5abddfd-2c58-45c8-9dbb-bb98e3aa930e
2026-05-07 20:27:57,976 | INFO | Heartbeat | watch=KXBTC15M-26MAY072030-30 yes_bid=3 yes_ask=4 no_bid=96 no_ask=97 book_ready=True position=False pending=False dry_run=False trust=synced run_id=d5abddfd-2c58-45c8-9dbb-bb98e3aa930e
2026-05-07 20:28:13,021 | INFO | Heartbeat | watch=KXBTC15M-26MAY072030-30 yes_bid=4 yes_ask=5 no_bid=95 no_ask=96 book_ready=True position=False pending=False dry_run=False trust=synced run_id=d5abddfd-2c58-45c8-9dbb-bb98e3aa930e
2026-05-07 20:28:28,014 | INFO | Heartbeat | watch=KXBTC15M-26MAY072030-30 yes_bid=4 yes_ask=4 no_bid=96 no_ask=96 book_ready=True position=False pending=False dry_run=False trust=synced run_id=d5abddfd-2c58-45c8-9dbb-bb98e3aa930e
2026-05-07 20:28:43,031 | INFO | Heartbeat | watch=KXBTC15M-26MAY072030-30 yes_bid=3 yes_ask=4 no_bid=96 no_ask=97 book_ready=True position=False pending=False dry_run=False trust=synced run_id=d5abddfd-2c58-45c8-9dbb-bb98e3aa930e
2026-05-07 20:28:58,037 | INFO | Heartbeat | watch=KXBTC15M-26MAY072030-30 yes_bid=1 yes_ask=1 no_bid=99 no_ask=99 book_ready=True position=False pending=False dry_run=False trust=synced run_id=d5abddfd-2c58-45c8-9dbb-bb98e3aa930e
2026-05-07 20:29:13,027 | INFO | Heartbeat | watch=KXBTC15M-26MAY072030-30 yes_bid=0 yes_ask=0 no_bid=100 no_ask=100 book_ready=True position=False pending=False dry_run=False trust=synced run_id=d5abddfd-2c58-45c8-9dbb-bb98e3aa930e
2026-05-07 20:29:28,075 | INFO | Heartbeat | watch=KXBTC15M-26MAY072030-30 yes_bid=0 yes_ask=0 no_bid=100 no_ask=100 book_ready=True position=False pending=False dry_run=False trust=synced run_id=d5abddfd-2c58-45c8-9dbb-bb98e3aa930e
2026-05-07 20:29:43,080 | INFO | Heartbeat | watch=KXBTC15M-26MAY072030-30 yes_bid=0 yes_ask=0 no_bid=100 no_ask=100 book_ready=True position=False pending=False dry_run=False trust=synced run_id=d5abddfd-2c58-45c8-9dbb-bb98e3aa930e
2026-05-07 20:29:58,076 | INFO | Heartbeat | watch=KXBTC15M-26MAY072030-30 yes_bid=0 yes_ask=0 no_bid=100 no_ask=100 book_ready=True position=False pending=False dry_run=False trust=synced run_id=d5abddfd-2c58-45c8-9dbb-bb98e3aa930e
2026-05-07 20:30:07,653 | INFO | Orderbook snapshot ready for KXBTC15M-26MAY072030-30
2026-05-07 20:30:13,123 | INFO | Heartbeat | watch=KXBTC15M-26MAY072030-30 yes_bid=0 yes_ask=100 no_bid=0 no_ask=100 book_ready=True position=False pending=False dry_run=False trust=synced run_id=d5abddfd-2c58-45c8-9dbb-bb98e3aa930e
2026-05-07 20:30:15,422 | INFO | Watching market KXBTC15M-26MAY072045-45 close_time=2026-05-08T00:45:00Z status=active strike=80005.60 run_id=d5abddfd-2c58-45c8-9dbb-bb98e3aa930e
2026-05-07 20:30:15,540 | INFO | WS connected for KXBTC15M-26MAY072045-45
2026-05-07 20:30:15,572 | INFO | WS subscribed payload: {'type': 'subscribed', 'id': 7, 'msg': {'channel': 'ticker', 'sid': 1}}
2026-05-07 20:30:15,572 | INFO | WS subscribed payload: {'type': 'subscribed', 'id': 7, 'msg': {'channel': 'orderbook_delta', 'sid': 2}}
2026-05-07 20:30:15,573 | INFO | Orderbook snapshot ready for KXBTC15M-26MAY072045-45
2026-05-07 20:30:28,125 | INFO | Heartbeat | watch=KXBTC15M-26MAY072045-45 yes_bid=56 yes_ask=58 no_bid=42 no_ask=44 book_ready=True position=False pending=False dry_run=False trust=synced run_id=d5abddfd-2c58-45c8-9dbb-bb98e3aa930e
2026-05-07 20:30:43,131 | INFO | Heartbeat | watch=KXBTC15M-26MAY072045-45 yes_bid=56 yes_ask=57 no_bid=43 no_ask=44 book_ready=True position=False pending=False dry_run=False trust=synced run_id=d5abddfd-2c58-45c8-9dbb-bb98e3aa930e
2026-05-07 20:30:58,159 | INFO | Heartbeat | watch=KXBTC15M-26MAY072045-45 yes_bid=57 yes_ask=58 no_bid=42 no_ask=43 book_ready=True position=False pending=False dry_run=False trust=synced run_id=d5abddfd-2c58-45c8-9dbb-bb98e3aa930e
2026-05-07 20:31:13,161 | INFO | Heartbeat | watch=KXBTC15M-26MAY072045-45 yes_bid=50 yes_ask=51 no_bid=49 no_ask=50 book_ready=True position=False pending=False dry_run=False trust=synced run_id=d5abddfd-2c58-45c8-9dbb-bb98e3aa930e
2026-05-07 20:31:28,161 | INFO | Heartbeat | watch=KXBTC15M-26MAY072045-45 yes_bid=51 yes_ask=52 no_bid=48 no_ask=49 book_ready=True position=False pending=False dry_run=False trust=synced run_id=d5abddfd-2c58-45c8-9dbb-bb98e3aa930e
2026-05-07 20:31:43,242 | INFO | Heartbeat | watch=KXBTC15M-26MAY072045-45 yes_bid=48 yes_ask=49 no_bid=51 no_ask=52 book_ready=True position=False pending=False dry_run=False trust=synced run_id=d5abddfd-2c58-45c8-9dbb-bb98e3aa930e
2026-05-07 20:31:58,231 | INFO | Heartbeat | watch=KXBTC15M-26MAY072045-45 yes_bid=48 yes_ask=49 no_bid=51 no_ask=52 book_ready=True position=False pending=False dry_run=False trust=synced run_id=d5abddfd-2c58-45c8-9dbb-bb98e3aa930e
2026-05-07 20:32:13,253 | INFO | Heartbeat | watch=KXBTC15M-26MAY072045-45 yes_bid=54 yes_ask=55 no_bid=45 no_ask=46 book_ready=True position=False pending=False dry_run=False trust=synced run_id=d5abddfd-2c58-45c8-9dbb-bb98e3aa930e
2026-05-07 20:32:28,282 | INFO | Heartbeat | watch=KXBTC15M-26MAY072045-45 yes_bid=47 yes_ask=48 no_bid=52 no_ask=53 book_ready=True position=False pending=False dry_run=False trust=synced run_id=d5abddfd-2c58-45c8-9dbb-bb98e3aa930e
2026-05-07 20:32:43,278 | INFO | Heartbeat | watch=KXBTC15M-26MAY072045-45 yes_bid=52 yes_ask=53 no_bid=47 no_ask=48 book_ready=True position=False pending=False dry_run=False trust=synced run_id=d5abddfd-2c58-45c8-9dbb-bb98e3aa930e
2026-05-07 20:32:58,285 | INFO | Heartbeat | watch=KXBTC15M-26MAY072045-45 yes_bid=53 yes_ask=54 no_bid=46 no_ask=47 book_ready=True position=False pending=False dry_run=False trust=synced run_id=d5abddfd-2c58-45c8-9dbb-bb98e3aa930e
2026-05-07 20:33:13,310 | INFO | Heartbeat | watch=KXBTC15M-26MAY072045-45 yes_bid=59 yes_ask=60 no_bid=40 no_ask=41 book_ready=True position=False pending=False dry_run=False trust=synced run_id=d5abddfd-2c58-45c8-9dbb-bb98e3aa930e
2026-05-07 20:33:28,348 | INFO | Heartbeat | watch=KXBTC15M-26MAY072045-45 yes_bid=63 yes_ask=64 no_bid=36 no_ask=37 book_ready=True position=False pending=False dry_run=False trust=synced run_id=d5abddfd-2c58-45c8-9dbb-bb98e3aa930e
2026-05-07 20:33:40,307 | WARNING | Mushroom v28 BTC tick stream stale. Restarting | age_ms=3015.0 threshold_ms=3000.0 source=coinbase
2026-05-07 20:33:40,741 | INFO | Mushroom v28 BTC tick stream connected | source=coinbase url=wss://ws-feed.exchange.coinbase.com
2026-05-07 20:33:43,357 | INFO | Heartbeat | watch=KXBTC15M-26MAY072045-45 yes_bid=61 yes_ask=62 no_bid=38 no_ask=39 book_ready=True position=False pending=False dry_run=False trust=synced run_id=d5abddfd-2c58-45c8-9dbb-bb98e3aa930e
2026-05-07 20:33:49,514 | WARNING | Mushroom v28 BTC tick stream stale. Restarting | age_ms=3016.0 threshold_ms=3000.0 source=coinbase
2026-05-07 20:33:49,701 | INFO | Mushroom v28 BTC tick stream connected | source=coinbase url=wss://ws-feed.exchange.coinbase.com
2026-05-07 20:33:58,396 | INFO | Heartbeat | watch=KXBTC15M-26MAY072045-45 yes_bid=57 yes_ask=58 no_bid=42 no_ask=43 book_ready=True position=False pending=False dry_run=False trust=synced run_id=d5abddfd-2c58-45c8-9dbb-bb98e3aa930e
2026-05-07 20:34:13,423 | INFO | Heartbeat | watch=KXBTC15M-26MAY072045-45 yes_bid=55 yes_ask=57 no_bid=43 no_ask=45 book_ready=True position=False pending=False dry_run=False trust=synced run_id=d5abddfd-2c58-45c8-9dbb-bb98e3aa930e
2026-05-07 20:34:28,455 | INFO | Heartbeat | watch=KXBTC15M-26MAY072045-45 yes_bid=57 yes_ask=58 no_bid=42 no_ask=43 book_ready=True position=False pending=False dry_run=False trust=synced run_id=d5abddfd-2c58-45c8-9dbb-bb98e3aa930e
2026-05-07 20:34:43,449 | INFO | Heartbeat | watch=KXBTC15M-26MAY072045-45 yes_bid=61 yes_ask=62 no_bid=38 no_ask=39 book_ready=True position=False pending=False dry_run=False trust=synced run_id=d5abddfd-2c58-45c8-9dbb-bb98e3aa930e
2026-05-07 20:34:58,472 | INFO | Heartbeat | watch=KXBTC15M-26MAY072045-45 yes_bid=45 yes_ask=46 no_bid=54 no_ask=55 book_ready=True position=False pending=False dry_run=False trust=synced run_id=d5abddfd-2c58-45c8-9dbb-bb98e3aa930e
2026-05-07 20:35:13,466 | INFO | Heartbeat | watch=KXBTC15M-26MAY072045-45 yes_bid=44 yes_ask=45 no_bid=55 no_ask=56 book_ready=True position=False pending=False dry_run=False trust=synced run_id=d5abddfd-2c58-45c8-9dbb-bb98e3aa930e
2026-05-07 20:35:28,486 | INFO | Heartbeat | watch=KXBTC15M-26MAY072045-45 yes_bid=46 yes_ask=47 no_bid=53 no_ask=54 book_ready=True position=False pending=False dry_run=False trust=synced run_id=d5abddfd-2c58-45c8-9dbb-bb98e3aa930e
2026-05-07 20:35:43,485 | INFO | Heartbeat | watch=KXBTC15M-26MAY072045-45 yes_bid=46 yes_ask=47 no_bid=53 no_ask=54 book_ready=True position=False pending=False dry_run=False trust=synced run_id=d5abddfd-2c58-45c8-9dbb-bb98e3aa930e
2026-05-07 20:35:58,122 | WARNING | Mushroom v28 BTC tick stream stale. Restarting | age_ms=3031.0 threshold_ms=3000.0 source=coinbase
2026-05-07 20:35:58,340 | INFO | Mushroom v28 BTC tick stream connected | source=coinbase url=wss://ws-feed.exchange.coinbase.com
2026-05-07 20:35:58,487 | INFO | Heartbeat | watch=KXBTC15M-26MAY072045-45 yes_bid=46 yes_ask=48 no_bid=52 no_ask=54 book_ready=True position=False pending=False dry_run=False trust=synced run_id=d5abddfd-2c58-45c8-9dbb-bb98e3aa930e
2026-05-07 20:36:13,523 | INFO | Heartbeat | watch=KXBTC15M-26MAY072045-45 yes_bid=43 yes_ask=44 no_bid=56 no_ask=57 book_ready=True position=False pending=False dry_run=False trust=synced run_id=d5abddfd-2c58-45c8-9dbb-bb98e3aa930e
2026-05-07 20:36:28,556 | INFO | Heartbeat | watch=KXBTC15M-26MAY072045-45 yes_bid=44 yes_ask=45 no_bid=55 no_ask=56 book_ready=True position=False pending=False dry_run=False trust=synced run_id=d5abddfd-2c58-45c8-9dbb-bb98e3aa930e
2026-05-07 20:36:43,657 | INFO | Heartbeat | watch=KXBTC15M-26MAY072045-45 yes_bid=40 yes_ask=41 no_bid=59 no_ask=60 book_ready=True position=False pending=False dry_run=False trust=synced run_id=d5abddfd-2c58-45c8-9dbb-bb98e3aa930e
2026-05-07 20:36:58,674 | INFO | Heartbeat | watch=KXBTC15M-26MAY072045-45 yes_bid=39 yes_ask=40 no_bid=60 no_ask=61 book_ready=True position=False pending=False dry_run=False trust=synced run_id=d5abddfd-2c58-45c8-9dbb-bb98e3aa930e
2026-05-07 20:37:13,674 | INFO | Heartbeat | watch=KXBTC15M-26MAY072045-45 yes_bid=40 yes_ask=41 no_bid=59 no_ask=60 book_ready=True position=False pending=False dry_run=False trust=synced run_id=d5abddfd-2c58-45c8-9dbb-bb98e3aa930e
2026-05-07 20:37:28,707 | INFO | Heartbeat | watch=KXBTC15M-26MAY072045-45 yes_bid=34 yes_ask=36 no_bid=64 no_ask=66 book_ready=True position=False pending=False dry_run=False trust=synced run_id=d5abddfd-2c58-45c8-9dbb-bb98e3aa930e
2026-05-07 20:37:43,741 | INFO | Heartbeat | watch=KXBTC15M-26MAY072045-45 yes_bid=31 yes_ask=32 no_bid=68 no_ask=69 book_ready=True position=False pending=False dry_run=False trust=synced run_id=d5abddfd-2c58-45c8-9dbb-bb98e3aa930e
2026-05-07 20:37:58,757 | INFO | Heartbeat | watch=KXBTC15M-26MAY072045-45 yes_bid=22 yes_ask=23 no_bid=77 no_ask=78 book_ready=True position=False pending=False dry_run=False trust=synced run_id=d5abddfd-2c58-45c8-9dbb-bb98e3aa930e
2026-05-07 20:38:04,209 | WARNING | Mushroom v28 BTC tick stream stale. Restarting | age_ms=3016.0 threshold_ms=3000.0 source=coinbase
2026-05-07 20:38:04,413 | INFO | Mushroom v28 BTC tick stream connected | source=coinbase url=wss://ws-feed.exchange.coinbase.com
2026-05-07 20:38:13,792 | INFO | Heartbeat | watch=KXBTC15M-26MAY072045-45 yes_bid=17 yes_ask=18 no_bid=82 no_ask=83 book_ready=True position=False pending=False dry_run=False trust=synced run_id=d5abddfd-2c58-45c8-9dbb-bb98e3aa930e
2026-05-07 20:38:28,826 | INFO | Heartbeat | watch=KXBTC15M-26MAY072045-45 yes_bid=16 yes_ask=17 no_bid=83 no_ask=84 book_ready=True position=False pending=False dry_run=False trust=synced run_id=d5abddfd-2c58-45c8-9dbb-bb98e3aa930e
2026-05-07 20:38:43,835 | INFO | Heartbeat | watch=KXBTC15M-26MAY072045-45 yes_bid=14 yes_ask=15 no_bid=85 no_ask=86 book_ready=True position=False pending=False dry_run=False trust=synced run_id=d5abddfd-2c58-45c8-9dbb-bb98e3aa930e
2026-05-07 20:38:58,854 | INFO | Heartbeat | watch=KXBTC15M-26MAY072045-45 yes_bid=9 yes_ask=10 no_bid=90 no_ask=91 book_ready=True position=False pending=False dry_run=False trust=synced run_id=d5abddfd-2c58-45c8-9dbb-bb98e3aa930e
2026-05-07 20:39:13,892 | INFO | Heartbeat | watch=KXBTC15M-26MAY072045-45 yes_bid=10 yes_ask=11 no_bid=89 no_ask=90 book_ready=True position=False pending=False dry_run=False trust=synced run_id=d5abddfd-2c58-45c8-9dbb-bb98e3aa930e
2026-05-07 20:39:25,261 | WARNING | Mushroom v28 BTC tick stream stale. Restarting | age_ms=3047.0 threshold_ms=3000.0 source=coinbase
2026-05-07 20:39:25,496 | INFO | Mushroom v28 BTC tick stream connected | source=coinbase url=wss://ws-feed.exchange.coinbase.com
2026-05-07 20:39:28,897 | INFO | Heartbeat | watch=KXBTC15M-26MAY072045-45 yes_bid=7 yes_ask=7 no_bid=93 no_ask=93 book_ready=True position=False pending=False dry_run=False trust=synced run_id=d5abddfd-2c58-45c8-9dbb-bb98e3aa930e
2026-05-07 20:39:43,931 | INFO | Heartbeat | watch=KXBTC15M-26MAY072045-45 yes_bid=8 yes_ask=8 no_bid=92 no_ask=92 book_ready=True position=False pending=False dry_run=False trust=synced run_id=d5abddfd-2c58-45c8-9dbb-bb98e3aa930e
2026-05-07 20:39:58,944 | INFO | Heartbeat | watch=KXBTC15M-26MAY072045-45 yes_bid=7 yes_ask=8 no_bid=92 no_ask=93 book_ready=True position=False pending=False dry_run=False trust=synced run_id=d5abddfd-2c58-45c8-9dbb-bb98e3aa930e
2026-05-07 20:40:13,939 | INFO | Heartbeat | watch=KXBTC15M-26MAY072045-45 yes_bid=7 yes_ask=7 no_bid=93 no_ask=93 book_ready=True position=False pending=False dry_run=False trust=synced run_id=d5abddfd-2c58-45c8-9dbb-bb98e3aa930e
2026-05-07 20:40:18,753 | WARNING | Mushroom v28 BTC tick stream stale. Restarting | age_ms=3047.0 threshold_ms=3000.0 source=coinbase
2026-05-07 20:40:18,957 | INFO | Mushroom v28 BTC tick stream connected | source=coinbase url=wss://ws-feed.exchange.coinbase.com
2026-05-07 20:40:28,973 | INFO | Heartbeat | watch=KXBTC15M-26MAY072045-45 yes_bid=6 yes_ask=6 no_bid=94 no_ask=94 book_ready=True position=False pending=False dry_run=False trust=synced run_id=d5abddfd-2c58-45c8-9dbb-bb98e3aa930e
2026-05-07 20:40:38,009 | WARNING | Mushroom v28 BTC tick stream stale. Restarting | age_ms=3094.0 threshold_ms=3000.0 source=coinbase
2026-05-07 20:40:38,255 | INFO | Mushroom v28 BTC tick stream connected | source=coinbase url=wss://ws-feed.exchange.coinbase.com
2026-05-07 20:40:44,005 | INFO | Heartbeat | watch=KXBTC15M-26MAY072045-45 yes_bid=5 yes_ask=6 no_bid=94 no_ask=95 book_ready=True position=False pending=False dry_run=False trust=synced run_id=d5abddfd-2c58-45c8-9dbb-bb98e3aa930e
2026-05-07 20:40:59,035 | INFO | Heartbeat | watch=KXBTC15M-26MAY072045-45 yes_bid=5 yes_ask=6 no_bid=94 no_ask=95 book_ready=True position=False pending=False dry_run=False trust=synced run_id=d5abddfd-2c58-45c8-9dbb-bb98e3aa930e
2026-05-07 20:41:14,079 | INFO | Heartbeat | watch=KXBTC15M-26MAY072045-45 yes_bid=5 yes_ask=6 no_bid=94 no_ask=95 book_ready=True position=False pending=False dry_run=False trust=synced run_id=d5abddfd-2c58-45c8-9dbb-bb98e3aa930e
2026-05-07 20:41:29,074 | INFO | Heartbeat | watch=KXBTC15M-26MAY072045-45 yes_bid=5 yes_ask=6 no_bid=94 no_ask=95 book_ready=True position=False pending=False dry_run=False trust=synced run_id=d5abddfd-2c58-45c8-9dbb-bb98e3aa930e
2026-05-07 20:41:44,082 | INFO | Heartbeat | watch=KXBTC15M-26MAY072045-45 yes_bid=4 yes_ask=5 no_bid=95 no_ask=96 book_ready=True position=False pending=False dry_run=False trust=synced run_id=d5abddfd-2c58-45c8-9dbb-bb98e3aa930e
2026-05-07 20:41:59,091 | INFO | Heartbeat | watch=KXBTC15M-26MAY072045-45 yes_bid=2 yes_ask=3 no_bid=97 no_ask=98 book_ready=True position=False pending=False dry_run=False trust=synced run_id=d5abddfd-2c58-45c8-9dbb-bb98e3aa930e
2026-05-07 20:42:14,084 | INFO | Heartbeat | watch=KXBTC15M-26MAY072045-45 yes_bid=2 yes_ask=3 no_bid=97 no_ask=98 book_ready=True position=False pending=False dry_run=False trust=synced run_id=d5abddfd-2c58-45c8-9dbb-bb98e3aa930e
2026-05-07 20:42:29,086 | INFO | Heartbeat | watch=KXBTC15M-26MAY072045-45 yes_bid=2 yes_ask=3 no_bid=97 no_ask=98 book_ready=True position=False pending=False dry_run=False trust=synced run_id=d5abddfd-2c58-45c8-9dbb-bb98e3aa930e
2026-05-07 20:42:44,112 | INFO | Heartbeat | watch=KXBTC15M-26MAY072045-45 yes_bid=1 yes_ask=2 no_bid=98 no_ask=99 book_ready=True position=False pending=False dry_run=False trust=synced run_id=d5abddfd-2c58-45c8-9dbb-bb98e3aa930e
2026-05-07 20:42:59,117 | INFO | Heartbeat | watch=KXBTC15M-26MAY072045-45 yes_bid=1 yes_ask=1 no_bid=99 no_ask=99 book_ready=True position=False pending=False dry_run=False trust=synced run_id=d5abddfd-2c58-45c8-9dbb-bb98e3aa930e
2026-05-07 20:43:14,144 | INFO | Heartbeat | watch=KXBTC15M-26MAY072045-45 yes_bid=0 yes_ask=0 no_bid=100 no_ask=100 book_ready=True position=False pending=False dry_run=False trust=synced run_id=d5abddfd-2c58-45c8-9dbb-bb98e3aa930e
2026-05-07 20:43:29,199 | INFO | Heartbeat | watch=KXBTC15M-26MAY072045-45 yes_bid=0 yes_ask=0 no_bid=100 no_ask=100 book_ready=True position=False pending=False dry_run=False trust=synced run_id=d5abddfd-2c58-45c8-9dbb-bb98e3aa930e
2026-05-07 20:43:44,206 | INFO | Heartbeat | watch=KXBTC15M-26MAY072045-45 yes_bid=0 yes_ask=0 no_bid=100 no_ask=100 book_ready=True position=False pending=False dry_run=False trust=synced run_id=d5abddfd-2c58-45c8-9dbb-bb98e3aa930e
2026-05-07 20:43:59,206 | INFO | Heartbeat | watch=KXBTC15M-26MAY072045-45 yes_bid=0 yes_ask=0 no_bid=100 no_ask=100 book_ready=True position=False pending=False dry_run=False trust=synced run_id=d5abddfd-2c58-45c8-9dbb-bb98e3aa930e
2026-05-07 20:44:14,198 | INFO | Heartbeat | watch=KXBTC15M-26MAY072045-45 yes_bid=0 yes_ask=0 no_bid=100 no_ask=100 book_ready=True position=False pending=False dry_run=False trust=synced run_id=d5abddfd-2c58-45c8-9dbb-bb98e3aa930e
2026-05-07 20:44:18,954 | WARNING | Mushroom v28 BTC tick stream stale. Restarting | age_ms=3062.0 threshold_ms=3000.0 source=coinbase
2026-05-07 20:44:19,165 | INFO | Mushroom v28 BTC tick stream connected | source=coinbase url=wss://ws-feed.exchange.coinbase.com
2026-05-07 20:44:29,223 | INFO | Heartbeat | watch=KXBTC15M-26MAY072045-45 yes_bid=0 yes_ask=0 no_bid=100 no_ask=100 book_ready=True position=False pending=False dry_run=False trust=synced run_id=d5abddfd-2c58-45c8-9dbb-bb98e3aa930e
2026-05-07 20:44:44,279 | INFO | Heartbeat | watch=KXBTC15M-26MAY072045-45 yes_bid=0 yes_ask=0 no_bid=100 no_ask=100 book_ready=True position=False pending=False dry_run=False trust=synced run_id=d5abddfd-2c58-45c8-9dbb-bb98e3aa930e
2026-05-07 20:44:45,026 | WARNING | Mushroom v28 BTC tick stream stale. Restarting | age_ms=3032.0 threshold_ms=3000.0 source=coinbase
2026-05-07 20:44:45,293 | INFO | Mushroom v28 BTC tick stream connected | source=coinbase url=wss://ws-feed.exchange.coinbase.com
2026-05-07 20:44:51,205 | WARNING | Mushroom v28 BTC tick stream stale. Restarting | age_ms=3015.0 threshold_ms=3000.0 source=coinbase
2026-05-07 20:44:51,416 | INFO | Mushroom v28 BTC tick stream connected | source=coinbase url=wss://ws-feed.exchange.coinbase.com
