2026-05-09 19:03:40 -04:00 | started strategy=mushroom_v28_common_clock_phi_reward_memory_size2_live interval_seconds=60 max_loss_cluster=6 max_drawdown_cents=400 max_zero_fill_count=8 min_source_reject_events=100 max_source_stale_reject_share=0.7 status_json=C:\Users\organ\Desktop\KALSHI PROBABILITY MODEL BOT\logs\edge_research\v28_common_clock_live_trial_status_mushroom_v28_common_clock_phi_reward_memory_size2_live_latest.json
2026-05-09 19:03:44 -04:00 | decision=ok status=running_with_exchange_exposure entries=1 round_trips=0 net_cents=0 loss_cluster=0 zero_fills=0 filled_events=4 positions=1 orders=0 source_stale=2/19(10.5pct) zero_entry=entry_path_active_rescore_and_reconcile no_entry_review_due=False mature_markets=0 markets_until_review=8 latest=fill_full/single_shot_abundant_depth
2026-05-09 19:04:48 -04:00 | decision=ok status=running_scored_round_trips entries=1 round_trips=1 net_cents=-17 loss_cluster=1 zero_fills=0 filled_events=8 positions=0 orders=0 source_stale=6/51(11.8pct) zero_entry=entry_path_active_rescore_and_reconcile no_entry_review_due=False mature_markets=0 markets_until_review=8 latest=mushroom_v28_rejected/book_stale
2026-05-09 19:05:50 -04:00 | decision=ok status=running_scored_round_trips entries=1 round_trips=1 net_cents=-20 loss_cluster=1 zero_fills=0 filled_events=8 positions=0 orders=0 source_stale=12/65(18.5pct) zero_entry=entry_path_active_rescore_and_reconcile no_entry_review_due=False mature_markets=0 markets_until_review=8 latest=mushroom_v28_rejected/book_stale
2026-05-09 19:06:54 -04:00 | decision=ok status=running_scored_round_trips entries=1 round_trips=1 net_cents=-20 loss_cluster=1 zero_fills=0 filled_events=8 positions=0 orders=0 source_stale=18/80(22.5pct) zero_entry=entry_path_active_rescore_and_reconcile no_entry_review_due=False mature_markets=1 markets_until_review=7 latest=mushroom_v28_rejected/feature_gate
2026-05-09 19:07:57 -04:00 | decision=ok status=running_with_exchange_exposure entries=2 round_trips=1 net_cents=-9 loss_cluster=0 zero_fills=0 filled_events=12 positions=1 orders=0 source_stale=24/108(22.2pct) zero_entry=entry_path_active_rescore_and_reconcile no_entry_review_due=False mature_markets=1 markets_until_review=7 latest=fill_full/single_shot_abundant_depth
2026-05-09 19:09:00 -04:00 | decision=ok status=running_with_exchange_exposure entries=2 round_trips=1 net_cents=-188 loss_cluster=2 zero_fills=0 filled_events=12 positions=1 orders=0 source_stale=24/108(22.2pct) zero_entry=entry_path_active_rescore_and_reconcile no_entry_review_due=False mature_markets=1 markets_until_review=7 latest=fill_full/single_shot_abundant_depth
2026-05-09 19:10:02 -04:00 | decision=ok status=running_with_exchange_exposure entries=2 round_trips=1 net_cents=-188 loss_cluster=2 zero_fills=0 filled_events=12 positions=1 orders=0 source_stale=24/108(22.2pct) zero_entry=entry_path_active_rescore_and_reconcile no_entry_review_due=False mature_markets=1 markets_until_review=7 latest=fill_full/single_shot_abundant_depth
2026-05-09 19:11:07 -04:00 | decision=ok status=running_with_exchange_exposure entries=2 round_trips=1 net_cents=-188 loss_cluster=2 zero_fills=0 filled_events=16 positions=1 orders=0 source_stale=24/108(22.2pct) zero_entry=entry_path_active_rescore_and_reconcile no_entry_review_due=False mature_markets=1 markets_until_review=7 latest=fill_full/single_shot_abundant_depth
2026-05-09 19:12:11 -04:00 | decision=ok status=running_scored_round_trips entries=3 round_trips=3 net_cents=-83 loss_cluster=0 zero_fills=2 filled_events=18 positions=0 orders=0 source_stale=30/169(17.8pct) zero_entry=entry_path_active_rescore_and_reconcile no_entry_review_due=False mature_markets=1 markets_until_review=7 latest=mushroom_v28_rejected/book_stale
2026-05-09 19:13:16 -04:00 | decision=ok status=running_scored_round_trips entries=3 round_trips=3 net_cents=29 loss_cluster=1 zero_fills=2 filled_events=18 positions=0 orders=0 source_stale=35/181(19.3pct) zero_entry=entry_path_active_rescore_and_reconcile no_entry_review_due=False mature_markets=1 markets_until_review=7 latest=mushroom_v28_rejected/time_window
2026-05-09 19:14:20 -04:00 | decision=ok status=running_scored_round_trips entries=3 round_trips=3 net_cents=29 loss_cluster=1 zero_fills=2 filled_events=18 positions=0 orders=0 source_stale=35/187(18.7pct) zero_entry=entry_path_active_rescore_and_reconcile no_entry_review_due=False mature_markets=1 markets_until_review=7 latest=mushroom_v28_rejected/time_window
2026-05-09 19:15:23 -04:00 | decision=ok status=running_scored_round_trips entries=3 round_trips=3 net_cents=29 loss_cluster=1 zero_fills=2 filled_events=18 positions=0 orders=0 source_stale=37/197(18.8pct) zero_entry=entry_path_active_rescore_and_reconcile no_entry_review_due=False mature_markets=1 markets_until_review=7 latest=mushroom_v28_rejected/book_stale
2026-05-09 19:16:27 -04:00 | decision=ok status=running_scored_round_trips entries=3 round_trips=3 net_cents=29 loss_cluster=1 zero_fills=2 filled_events=18 positions=0 orders=0 source_stale=41/200(20.5pct) zero_entry=entry_path_active_rescore_and_reconcile no_entry_review_due=False mature_markets=1 markets_until_review=7 latest=mushroom_v28_rejected/book_stale
2026-05-09 19:17:30 -04:00 | decision=ok status=running_scored_round_trips entries=3 round_trips=3 net_cents=29 loss_cluster=1 zero_fills=2 filled_events=18 positions=0 orders=0 source_stale=47/200(23.5pct) zero_entry=entry_path_active_rescore_and_reconcile no_entry_review_due=False mature_markets=1 markets_until_review=7 latest=mushroom_v28_rejected/book_stale
2026-05-09 19:18:33 -04:00 | decision=ok status=running_scored_round_trips entries=3 round_trips=3 net_cents=29 loss_cluster=1 zero_fills=2 filled_events=18 positions=0 orders=0 source_stale=53/200(26.5pct) zero_entry=entry_path_active_rescore_and_reconcile no_entry_review_due=False mature_markets=1 markets_until_review=7 latest=mushroom_v28_rejected/book_stale
2026-05-09 19:19:36 -04:00 | decision=ok status=running_scored_round_trips entries=3 round_trips=3 net_cents=29 loss_cluster=1 zero_fills=2 filled_events=18 positions=0 orders=0 source_stale=54/200(27pct) zero_entry=entry_path_active_rescore_and_reconcile no_entry_review_due=False mature_markets=2 markets_until_review=6 latest=mushroom_v28_rejected/edge_below_floor
2026-05-09 19:20:40 -04:00 | decision=ok status=running_scored_round_trips entries=3 round_trips=3 net_cents=29 loss_cluster=1 zero_fills=2 filled_events=18 positions=0 orders=0 source_stale=55/200(27.5pct) zero_entry=entry_path_active_rescore_and_reconcile no_entry_review_due=False mature_markets=2 markets_until_review=6 latest=mushroom_v28_rejected/edge_below_floor
2026-05-09 19:21:43 -04:00 | decision=ok status=running_scored_round_trips entries=3 round_trips=3 net_cents=29 loss_cluster=1 zero_fills=2 filled_events=18 positions=0 orders=0 source_stale=56/200(28pct) zero_entry=entry_path_active_rescore_and_reconcile no_entry_review_due=False mature_markets=2 markets_until_review=6 latest=mushroom_v28_rejected/book_stale
2026-05-09 19:22:47 -04:00 | decision=ok status=running_with_exchange_exposure entries=4 round_trips=3 net_cents=29 loss_cluster=1 zero_fills=2 filled_events=22 positions=1 orders=0 source_stale=53/200(26.5pct) zero_entry=entry_path_active_rescore_and_reconcile no_entry_review_due=False mature_markets=2 markets_until_review=6 latest=fill_full/single_shot_abundant_depth
2026-05-09 19:23:51 -04:00 | decision=ok status=running_scored_round_trips entries=5 round_trips=5 net_cents=11 loss_cluster=3 zero_fills=2 filled_events=30 positions=0 orders=0 source_stale=55/200(27.5pct) zero_entry=entry_path_active_rescore_and_reconcile no_entry_review_due=False mature_markets=2 markets_until_review=6 latest=mushroom_v28_rejected/edge_below_floor
2026-05-09 19:24:55 -04:00 | decision=ok status=running_with_exchange_exposure entries=7 round_trips=6 net_cents=-17 loss_cluster=5 zero_fills=4 filled_events=40 positions=1 orders=0 source_stale=42/200(21pct) zero_entry=entry_path_active_rescore_and_reconcile no_entry_review_due=False mature_markets=2 markets_until_review=6 latest=fill_full/single_shot_abundant_depth
2026-05-09 19:25:59 -04:00 | decision=ok status=running_scored_round_trips entries=7 round_trips=7 net_cents=-17.8 loss_cluster=5 zero_fills=4 filled_events=42 positions=0 orders=0 source_stale=37/200(18.5pct) zero_entry=entry_path_active_rescore_and_reconcile no_entry_review_due=False mature_markets=2 markets_until_review=6 latest=mushroom_v28_rejected/book_stale
2026-05-09 19:27:03 -04:00 | decision=ok status=running_scored_round_trips entries=7 round_trips=7 net_cents=-26.8 loss_cluster=5 zero_fills=6 filled_events=42 positions=0 orders=0 source_stale=33/200(16.5pct) zero_entry=entry_path_active_rescore_and_reconcile no_entry_review_due=False mature_markets=2 markets_until_review=6 latest=mushroom_v28_rejected/edge_below_floor
2026-05-09 19:28:07 -04:00 | decision=ok status=running_scored_round_trips entries=7 round_trips=7 net_cents=-26.8 loss_cluster=5 zero_fills=6 filled_events=42 positions=0 orders=0 source_stale=32/200(16pct) zero_entry=entry_path_active_rescore_and_reconcile no_entry_review_due=False mature_markets=2 markets_until_review=6 latest=mushroom_v28_rejected/time_window
2026-05-09 19:29:12 -04:00 | decision=ok status=running_scored_round_trips entries=7 round_trips=7 net_cents=-26.8 loss_cluster=5 zero_fills=6 filled_events=42 positions=0 orders=0 source_stale=30/200(15pct) zero_entry=entry_path_active_rescore_and_reconcile no_entry_review_due=False mature_markets=2 markets_until_review=6 latest=mushroom_v28_rejected/time_window
2026-05-09 19:30:15 -04:00 | decision=ok status=running_scored_round_trips entries=7 round_trips=7 net_cents=-26.8 loss_cluster=5 zero_fills=6 filled_events=42 positions=0 orders=0 source_stale=27/200(13.5pct) zero_entry=entry_path_active_rescore_and_reconcile no_entry_review_due=False mature_markets=2 markets_until_review=6 latest=mushroom_v28_rejected/missing_horizon
2026-05-09 19:31:20 -04:00 | decision=ok status=running_scored_round_trips entries=7 round_trips=7 net_cents=-26.8 loss_cluster=5 zero_fills=6 filled_events=42 positions=0 orders=0 source_stale=30/200(15pct) zero_entry=entry_path_active_rescore_and_reconcile no_entry_review_due=False mature_markets=2 markets_until_review=6 latest=mushroom_v28_rejected/book_stale
2026-05-09 19:32:24 -04:00 | decision=ok status=running_with_exchange_exposure entries=8 round_trips=7 net_cents=-26.8 loss_cluster=5 zero_fills=9 filled_events=46 positions=1 orders=0 source_stale=32/200(16pct) zero_entry=entry_path_active_rescore_and_reconcile no_entry_review_due=False mature_markets=2 markets_until_review=6 latest=fill_full/single_shot_abundant_depth
2026-05-09 19:33:31 -04:00 | kill=kill_loss_cluster_6 action=stopped_flat_process pid=45332
2026-05-09 19:33:31 -04:00 | decision=kill_loss_cluster_6 status=running_scored_round_trips entries=8 round_trips=8 net_cents=-47.8 loss_cluster=6 zero_fills=10 filled_events=50 positions=0 orders=0 source_stale=32/200(16pct) zero_entry=entry_path_active_rescore_and_reconcile no_entry_review_due=False mature_markets=3 markets_until_review=5 latest=mushroom_v28_rejected/edge_below_floor
2026-05-09 19:34:35 -04:00 | kill=kill_loss_cluster_6 action=no_lock
2026-05-09 19:34:35 -04:00 | decision=kill_loss_cluster_6 status=not_running_lock_missing_or_other_strategy entries=8 round_trips=8 net_cents=-50.8 loss_cluster=6 zero_fills=10 filled_events=50 positions=0 orders=0 source_stale=32/200(16pct) zero_entry=entry_path_active_rescore_and_reconcile no_entry_review_due=False mature_markets=3 markets_until_review=5 latest=mushroom_v28_rejected/edge_below_floor
2026-05-09 19:35:40 -04:00 | kill=kill_loss_cluster_6 action=no_lock
2026-05-09 19:35:40 -04:00 | decision=kill_loss_cluster_6 status=not_running_lock_missing_or_other_strategy entries=8 round_trips=8 net_cents=-50.8 loss_cluster=6 zero_fills=10 filled_events=50 positions=0 orders=0 source_stale=32/200(16pct) zero_entry=entry_path_active_rescore_and_reconcile no_entry_review_due=False mature_markets=3 markets_until_review=5 latest=mushroom_v28_rejected/edge_below_floor
2026-05-09 19:36:44 -04:00 | kill=kill_loss_cluster_6 action=no_lock
2026-05-09 19:36:44 -04:00 | decision=kill_loss_cluster_6 status=not_running_lock_missing_or_other_strategy entries=8 round_trips=8 net_cents=-50.8 loss_cluster=6 zero_fills=10 filled_events=50 positions=0 orders=0 source_stale=32/200(16pct) zero_entry=entry_path_active_rescore_and_reconcile no_entry_review_due=False mature_markets=3 markets_until_review=5 latest=mushroom_v28_rejected/edge_below_floor
2026-05-09 19:37:48 -04:00 | kill=kill_loss_cluster_6 action=no_lock
2026-05-09 19:37:48 -04:00 | decision=kill_loss_cluster_6 status=not_running_lock_missing_or_other_strategy entries=8 round_trips=8 net_cents=-50.8 loss_cluster=6 zero_fills=10 filled_events=50 positions=0 orders=0 source_stale=32/200(16pct) zero_entry=entry_path_active_rescore_and_reconcile no_entry_review_due=False mature_markets=3 markets_until_review=5 latest=mushroom_v28_rejected/edge_below_floor
2026-05-09 19:38:52 -04:00 | kill=kill_loss_cluster_6 action=no_lock
2026-05-09 19:38:52 -04:00 | decision=kill_loss_cluster_6 status=not_running_lock_missing_or_other_strategy entries=8 round_trips=8 net_cents=-50.8 loss_cluster=6 zero_fills=10 filled_events=50 positions=0 orders=0 source_stale=32/200(16pct) zero_entry=entry_path_active_rescore_and_reconcile no_entry_review_due=False mature_markets=3 markets_until_review=5 latest=mushroom_v28_rejected/edge_below_floor
2026-05-09 19:39:56 -04:00 | kill=kill_loss_cluster_6 action=no_lock
2026-05-09 19:39:56 -04:00 | decision=kill_loss_cluster_6 status=not_running_lock_missing_or_other_strategy entries=8 round_trips=8 net_cents=-50.8 loss_cluster=6 zero_fills=10 filled_events=50 positions=0 orders=0 source_stale=32/200(16pct) zero_entry=entry_path_active_rescore_and_reconcile no_entry_review_due=False mature_markets=3 markets_until_review=5 latest=mushroom_v28_rejected/edge_below_floor
2026-05-09 19:41:01 -04:00 | kill=kill_loss_cluster_6 action=no_lock
2026-05-09 19:41:01 -04:00 | decision=kill_loss_cluster_6 status=not_running_lock_missing_or_other_strategy entries=8 round_trips=8 net_cents=-50.8 loss_cluster=6 zero_fills=10 filled_events=50 positions=0 orders=0 source_stale=32/200(16pct) zero_entry=entry_path_active_rescore_and_reconcile no_entry_review_due=False mature_markets=3 markets_until_review=5 latest=mushroom_v28_rejected/edge_below_floor
2026-05-09 19:42:05 -04:00 | kill=kill_loss_cluster_6 action=no_lock
2026-05-09 19:42:05 -04:00 | decision=kill_loss_cluster_6 status=not_running_lock_missing_or_other_strategy entries=8 round_trips=8 net_cents=-50.8 loss_cluster=6 zero_fills=10 filled_events=50 positions=0 orders=0 source_stale=32/200(16pct) zero_entry=entry_path_active_rescore_and_reconcile no_entry_review_due=False mature_markets=3 markets_until_review=5 latest=mushroom_v28_rejected/edge_below_floor
2026-05-09 19:43:10 -04:00 | kill=kill_loss_cluster_6 action=no_lock
2026-05-09 19:43:10 -04:00 | decision=kill_loss_cluster_6 status=not_running_lock_missing_or_other_strategy entries=8 round_trips=8 net_cents=-50.8 loss_cluster=6 zero_fills=10 filled_events=50 positions=0 orders=0 source_stale=32/200(16pct) zero_entry=entry_path_active_rescore_and_reconcile no_entry_review_due=False mature_markets=3 markets_until_review=5 latest=mushroom_v28_rejected/edge_below_floor
2026-05-09 19:44:14 -04:00 | kill=kill_loss_cluster_6 action=no_lock
2026-05-09 19:44:14 -04:00 | decision=kill_loss_cluster_6 status=not_running_lock_missing_or_other_strategy entries=8 round_trips=8 net_cents=-50.8 loss_cluster=6 zero_fills=10 filled_events=50 positions=0 orders=0 source_stale=32/200(16pct) zero_entry=entry_path_active_rescore_and_reconcile no_entry_review_due=False mature_markets=3 markets_until_review=5 latest=mushroom_v28_rejected/edge_below_floor
2026-05-09 19:45:19 -04:00 | kill=kill_loss_cluster_6 action=no_lock
2026-05-09 19:45:19 -04:00 | decision=kill_loss_cluster_6 status=not_running_lock_missing_or_other_strategy entries=8 round_trips=8 net_cents=-50.8 loss_cluster=6 zero_fills=10 filled_events=50 positions=0 orders=0 source_stale=32/200(16pct) zero_entry=entry_path_active_rescore_and_reconcile no_entry_review_due=False mature_markets=3 markets_until_review=5 latest=mushroom_v28_rejected/edge_below_floor
2026-05-09 19:46:23 -04:00 | kill=kill_loss_cluster_6 action=no_lock
2026-05-09 19:46:23 -04:00 | decision=kill_loss_cluster_6 status=not_running_lock_missing_or_other_strategy entries=8 round_trips=8 net_cents=-50.8 loss_cluster=6 zero_fills=10 filled_events=50 positions=0 orders=0 source_stale=32/200(16pct) zero_entry=entry_path_active_rescore_and_reconcile no_entry_review_due=False mature_markets=3 markets_until_review=5 latest=mushroom_v28_rejected/edge_below_floor
2026-05-09 19:47:27 -04:00 | kill=kill_loss_cluster_6 action=no_lock
2026-05-09 19:47:27 -04:00 | decision=kill_loss_cluster_6 status=not_running_lock_missing_or_other_strategy entries=8 round_trips=8 net_cents=-50.8 loss_cluster=6 zero_fills=10 filled_events=50 positions=0 orders=0 source_stale=32/200(16pct) zero_entry=entry_path_active_rescore_and_reconcile no_entry_review_due=False mature_markets=3 markets_until_review=5 latest=mushroom_v28_rejected/edge_below_floor
2026-05-09 19:48:30 -04:00 | kill=kill_loss_cluster_6 action=no_lock
2026-05-09 19:48:30 -04:00 | decision=kill_loss_cluster_6 status=not_running_lock_missing_or_other_strategy entries=8 round_trips=8 net_cents=-50.8 loss_cluster=6 zero_fills=10 filled_events=50 positions=0 orders=0 source_stale=32/200(16pct) zero_entry=entry_path_active_rescore_and_reconcile no_entry_review_due=False mature_markets=3 markets_until_review=5 latest=mushroom_v28_rejected/edge_below_floor
2026-05-09 19:49:36 -04:00 | kill=kill_loss_cluster_6 action=no_lock
2026-05-09 19:49:36 -04:00 | decision=kill_loss_cluster_6 status=not_running_lock_missing_or_other_strategy entries=8 round_trips=8 net_cents=-50.8 loss_cluster=6 zero_fills=10 filled_events=50 positions=0 orders=0 source_stale=32/200(16pct) zero_entry=entry_path_active_rescore_and_reconcile no_entry_review_due=False mature_markets=3 markets_until_review=5 latest=mushroom_v28_rejected/edge_below_floor
2026-05-09 19:50:40 -04:00 | kill=kill_loss_cluster_6 action=no_lock
2026-05-09 19:50:40 -04:00 | decision=kill_loss_cluster_6 status=not_running_lock_missing_or_other_strategy entries=8 round_trips=8 net_cents=-50.8 loss_cluster=6 zero_fills=10 filled_events=50 positions=0 orders=0 source_stale=32/200(16pct) zero_entry=entry_path_active_rescore_and_reconcile no_entry_review_due=False mature_markets=3 markets_until_review=5 latest=mushroom_v28_rejected/edge_below_floor
2026-05-09 19:51:43 -04:00 | kill=kill_loss_cluster_6 action=no_lock
2026-05-09 19:51:43 -04:00 | decision=kill_loss_cluster_6 status=not_running_lock_missing_or_other_strategy entries=8 round_trips=8 net_cents=-50.8 loss_cluster=6 zero_fills=10 filled_events=50 positions=0 orders=0 source_stale=32/200(16pct) zero_entry=entry_path_active_rescore_and_reconcile no_entry_review_due=False mature_markets=3 markets_until_review=5 latest=mushroom_v28_rejected/edge_below_floor
2026-05-09 19:52:48 -04:00 | kill=kill_loss_cluster_6 action=no_lock
2026-05-09 19:52:48 -04:00 | decision=kill_loss_cluster_6 status=not_running_lock_missing_or_other_strategy entries=8 round_trips=8 net_cents=-50.8 loss_cluster=6 zero_fills=10 filled_events=50 positions=0 orders=0 source_stale=32/200(16pct) zero_entry=entry_path_active_rescore_and_reconcile no_entry_review_due=False mature_markets=3 markets_until_review=5 latest=mushroom_v28_rejected/edge_below_floor
2026-05-09 19:53:52 -04:00 | kill=kill_loss_cluster_6 action=no_lock
2026-05-09 19:53:52 -04:00 | decision=kill_loss_cluster_6 status=not_running_lock_missing_or_other_strategy entries=8 round_trips=8 net_cents=-50.8 loss_cluster=6 zero_fills=10 filled_events=50 positions=0 orders=0 source_stale=32/200(16pct) zero_entry=entry_path_active_rescore_and_reconcile no_entry_review_due=False mature_markets=3 markets_until_review=5 latest=mushroom_v28_rejected/edge_below_floor
2026-05-09 19:54:56 -04:00 | kill=kill_loss_cluster_6 action=no_lock
2026-05-09 19:54:56 -04:00 | decision=kill_loss_cluster_6 status=not_running_lock_missing_or_other_strategy entries=8 round_trips=8 net_cents=-50.8 loss_cluster=6 zero_fills=10 filled_events=50 positions=0 orders=0 source_stale=32/200(16pct) zero_entry=entry_path_active_rescore_and_reconcile no_entry_review_due=False mature_markets=3 markets_until_review=5 latest=mushroom_v28_rejected/edge_below_floor
2026-05-09 19:56:00 -04:00 | kill=kill_loss_cluster_6 action=no_lock
2026-05-09 19:56:00 -04:00 | decision=kill_loss_cluster_6 status=not_running_lock_missing_or_other_strategy entries=8 round_trips=8 net_cents=-50.8 loss_cluster=6 zero_fills=10 filled_events=50 positions=0 orders=0 source_stale=32/200(16pct) zero_entry=entry_path_active_rescore_and_reconcile no_entry_review_due=False mature_markets=3 markets_until_review=5 latest=mushroom_v28_rejected/edge_below_floor
2026-05-09 19:57:04 -04:00 | kill=kill_loss_cluster_6 action=no_lock
2026-05-09 19:57:04 -04:00 | decision=kill_loss_cluster_6 status=not_running_lock_missing_or_other_strategy entries=8 round_trips=8 net_cents=-50.8 loss_cluster=6 zero_fills=10 filled_events=50 positions=0 orders=0 source_stale=32/200(16pct) zero_entry=entry_path_active_rescore_and_reconcile no_entry_review_due=False mature_markets=3 markets_until_review=5 latest=mushroom_v28_rejected/edge_below_floor
2026-05-09 19:58:08 -04:00 | kill=kill_loss_cluster_6 action=no_lock
2026-05-09 19:58:08 -04:00 | decision=kill_loss_cluster_6 status=not_running_lock_missing_or_other_strategy entries=8 round_trips=8 net_cents=-50.8 loss_cluster=6 zero_fills=10 filled_events=50 positions=0 orders=0 source_stale=32/200(16pct) zero_entry=entry_path_active_rescore_and_reconcile no_entry_review_due=False mature_markets=3 markets_until_review=5 latest=mushroom_v28_rejected/edge_below_floor
2026-05-09 19:59:13 -04:00 | kill=kill_loss_cluster_6 action=no_lock
2026-05-09 19:59:13 -04:00 | decision=kill_loss_cluster_6 status=not_running_lock_missing_or_other_strategy entries=8 round_trips=8 net_cents=-50.8 loss_cluster=6 zero_fills=10 filled_events=50 positions=0 orders=0 source_stale=32/200(16pct) zero_entry=entry_path_active_rescore_and_reconcile no_entry_review_due=False mature_markets=3 markets_until_review=5 latest=mushroom_v28_rejected/edge_below_floor
2026-05-09 20:00:17 -04:00 | kill=kill_loss_cluster_6 action=no_lock
2026-05-09 20:00:17 -04:00 | decision=kill_loss_cluster_6 status=not_running_lock_missing_or_other_strategy entries=8 round_trips=8 net_cents=-50.8 loss_cluster=6 zero_fills=10 filled_events=50 positions=0 orders=0 source_stale=32/200(16pct) zero_entry=entry_path_active_rescore_and_reconcile no_entry_review_due=False mature_markets=3 markets_until_review=5 latest=mushroom_v28_rejected/edge_below_floor
2026-05-09 20:01:21 -04:00 | kill=kill_loss_cluster_6 action=no_lock
2026-05-09 20:01:21 -04:00 | decision=kill_loss_cluster_6 status=not_running_lock_missing_or_other_strategy entries=8 round_trips=8 net_cents=-50.8 loss_cluster=6 zero_fills=10 filled_events=50 positions=0 orders=0 source_stale=32/200(16pct) zero_entry=entry_path_active_rescore_and_reconcile no_entry_review_due=False mature_markets=3 markets_until_review=5 latest=mushroom_v28_rejected/edge_below_floor
2026-05-09 20:02:25 -04:00 | kill=kill_loss_cluster_6 action=no_lock
2026-05-09 20:02:25 -04:00 | decision=kill_loss_cluster_6 status=not_running_lock_missing_or_other_strategy entries=8 round_trips=8 net_cents=-50.8 loss_cluster=6 zero_fills=10 filled_events=50 positions=0 orders=0 source_stale=32/200(16pct) zero_entry=entry_path_active_rescore_and_reconcile no_entry_review_due=False mature_markets=3 markets_until_review=5 latest=mushroom_v28_rejected/edge_below_floor
2026-05-09 20:03:28 -04:00 | kill=kill_loss_cluster_6 action=no_lock
2026-05-09 20:03:28 -04:00 | decision=kill_loss_cluster_6 status=not_running_lock_missing_or_other_strategy entries=8 round_trips=8 net_cents=-50.8 loss_cluster=6 zero_fills=10 filled_events=50 positions=0 orders=0 source_stale=32/200(16pct) zero_entry=entry_path_active_rescore_and_reconcile no_entry_review_due=False mature_markets=3 markets_until_review=5 latest=mushroom_v28_rejected/edge_below_floor
2026-05-09 20:04:33 -04:00 | kill=kill_loss_cluster_6 action=no_lock
2026-05-09 20:04:33 -04:00 | decision=kill_loss_cluster_6 status=not_running_lock_missing_or_other_strategy entries=8 round_trips=8 net_cents=-50.8 loss_cluster=6 zero_fills=10 filled_events=50 positions=0 orders=0 source_stale=32/200(16pct) zero_entry=entry_path_active_rescore_and_reconcile no_entry_review_due=False mature_markets=3 markets_until_review=5 latest=mushroom_v28_rejected/edge_below_floor
2026-05-09 20:05:37 -04:00 | kill=kill_loss_cluster_6 action=no_lock
2026-05-09 20:05:37 -04:00 | decision=kill_loss_cluster_6 status=not_running_lock_missing_or_other_strategy entries=8 round_trips=8 net_cents=-50.8 loss_cluster=6 zero_fills=10 filled_events=50 positions=0 orders=0 source_stale=32/200(16pct) zero_entry=entry_path_active_rescore_and_reconcile no_entry_review_due=False mature_markets=3 markets_until_review=5 latest=mushroom_v28_rejected/edge_below_floor
2026-05-09 20:06:41 -04:00 | kill=kill_loss_cluster_6 action=no_lock
2026-05-09 20:06:41 -04:00 | decision=kill_loss_cluster_6 status=not_running_lock_missing_or_other_strategy entries=8 round_trips=8 net_cents=-50.8 loss_cluster=6 zero_fills=10 filled_events=50 positions=0 orders=0 source_stale=32/200(16pct) zero_entry=entry_path_active_rescore_and_reconcile no_entry_review_due=False mature_markets=3 markets_until_review=5 latest=mushroom_v28_rejected/edge_below_floor
2026-05-09 20:07:45 -04:00 | kill=kill_loss_cluster_6 action=no_lock
2026-05-09 20:07:45 -04:00 | decision=kill_loss_cluster_6 status=not_running_lock_missing_or_other_strategy entries=8 round_trips=8 net_cents=-50.8 loss_cluster=6 zero_fills=10 filled_events=50 positions=0 orders=0 source_stale=32/200(16pct) zero_entry=entry_path_active_rescore_and_reconcile no_entry_review_due=False mature_markets=3 markets_until_review=5 latest=mushroom_v28_rejected/edge_below_floor
2026-05-09 20:08:50 -04:00 | kill=kill_loss_cluster_6 action=no_lock
2026-05-09 20:08:50 -04:00 | decision=kill_loss_cluster_6 status=not_running_lock_missing_or_other_strategy entries=8 round_trips=8 net_cents=-50.8 loss_cluster=6 zero_fills=10 filled_events=50 positions=0 orders=0 source_stale=32/200(16pct) zero_entry=entry_path_active_rescore_and_reconcile no_entry_review_due=False mature_markets=3 markets_until_review=5 latest=mushroom_v28_rejected/edge_below_floor
2026-05-09 20:09:54 -04:00 | kill=kill_loss_cluster_6 action=no_lock
2026-05-09 20:09:54 -04:00 | decision=kill_loss_cluster_6 status=not_running_lock_missing_or_other_strategy entries=8 round_trips=8 net_cents=-50.8 loss_cluster=6 zero_fills=10 filled_events=50 positions=0 orders=0 source_stale=32/200(16pct) zero_entry=entry_path_active_rescore_and_reconcile no_entry_review_due=False mature_markets=3 markets_until_review=5 latest=mushroom_v28_rejected/edge_below_floor
2026-05-09 20:10:58 -04:00 | kill=kill_loss_cluster_6 action=no_lock
2026-05-09 20:10:58 -04:00 | decision=kill_loss_cluster_6 status=not_running_lock_missing_or_other_strategy entries=8 round_trips=8 net_cents=-50.8 loss_cluster=6 zero_fills=10 filled_events=50 positions=0 orders=0 source_stale=32/200(16pct) zero_entry=entry_path_active_rescore_and_reconcile no_entry_review_due=False mature_markets=3 markets_until_review=5 latest=mushroom_v28_rejected/edge_below_floor
2026-05-09 20:12:02 -04:00 | kill=kill_loss_cluster_6 action=no_lock
2026-05-09 20:12:02 -04:00 | decision=kill_loss_cluster_6 status=not_running_lock_missing_or_other_strategy entries=8 round_trips=8 net_cents=-50.8 loss_cluster=6 zero_fills=10 filled_events=50 positions=0 orders=0 source_stale=32/200(16pct) zero_entry=entry_path_active_rescore_and_reconcile no_entry_review_due=False mature_markets=3 markets_until_review=5 latest=mushroom_v28_rejected/edge_below_floor
2026-05-09 20:13:06 -04:00 | kill=kill_loss_cluster_6 action=no_lock
2026-05-09 20:13:06 -04:00 | decision=kill_loss_cluster_6 status=not_running_lock_missing_or_other_strategy entries=8 round_trips=8 net_cents=-50.8 loss_cluster=6 zero_fills=10 filled_events=50 positions=0 orders=0 source_stale=32/200(16pct) zero_entry=entry_path_active_rescore_and_reconcile no_entry_review_due=False mature_markets=3 markets_until_review=5 latest=mushroom_v28_rejected/edge_below_floor
2026-05-09 20:14:10 -04:00 | kill=kill_loss_cluster_6 action=no_lock
2026-05-09 20:14:10 -04:00 | decision=kill_loss_cluster_6 status=not_running_lock_missing_or_other_strategy entries=8 round_trips=8 net_cents=-50.8 loss_cluster=6 zero_fills=10 filled_events=50 positions=0 orders=0 source_stale=32/200(16pct) zero_entry=entry_path_active_rescore_and_reconcile no_entry_review_due=False mature_markets=3 markets_until_review=5 latest=mushroom_v28_rejected/edge_below_floor
2026-05-09 20:15:14 -04:00 | kill=kill_loss_cluster_6 action=no_lock
2026-05-09 20:15:14 -04:00 | decision=kill_loss_cluster_6 status=not_running_lock_missing_or_other_strategy entries=8 round_trips=8 net_cents=-50.8 loss_cluster=6 zero_fills=10 filled_events=50 positions=0 orders=0 source_stale=32/200(16pct) zero_entry=entry_path_active_rescore_and_reconcile no_entry_review_due=False mature_markets=3 markets_until_review=5 latest=mushroom_v28_rejected/edge_below_floor
2026-05-09 20:16:19 -04:00 | kill=kill_loss_cluster_6 action=no_lock
2026-05-09 20:16:19 -04:00 | decision=kill_loss_cluster_6 status=not_running_lock_missing_or_other_strategy entries=8 round_trips=8 net_cents=-50.8 loss_cluster=6 zero_fills=10 filled_events=50 positions=0 orders=0 source_stale=32/200(16pct) zero_entry=entry_path_active_rescore_and_reconcile no_entry_review_due=False mature_markets=3 markets_until_review=5 latest=mushroom_v28_rejected/edge_below_floor
2026-05-09 20:17:23 -04:00 | kill=kill_loss_cluster_6 action=no_lock
2026-05-09 20:17:23 -04:00 | decision=kill_loss_cluster_6 status=not_running_lock_missing_or_other_strategy entries=8 round_trips=8 net_cents=-50.8 loss_cluster=6 zero_fills=10 filled_events=50 positions=0 orders=0 source_stale=32/200(16pct) zero_entry=entry_path_active_rescore_and_reconcile no_entry_review_due=False mature_markets=3 markets_until_review=5 latest=mushroom_v28_rejected/edge_below_floor
2026-05-09 20:18:28 -04:00 | kill=kill_loss_cluster_6 action=no_lock
2026-05-09 20:18:28 -04:00 | decision=kill_loss_cluster_6 status=not_running_lock_missing_or_other_strategy entries=8 round_trips=8 net_cents=-50.8 loss_cluster=6 zero_fills=10 filled_events=50 positions=0 orders=0 source_stale=32/200(16pct) zero_entry=entry_path_active_rescore_and_reconcile no_entry_review_due=False mature_markets=3 markets_until_review=5 latest=mushroom_v28_rejected/edge_below_floor
2026-05-09 20:19:32 -04:00 | kill=kill_loss_cluster_6 action=no_lock
2026-05-09 20:19:32 -04:00 | decision=kill_loss_cluster_6 status=not_running_lock_missing_or_other_strategy entries=8 round_trips=8 net_cents=-50.8 loss_cluster=6 zero_fills=10 filled_events=50 positions=0 orders=0 source_stale=32/200(16pct) zero_entry=entry_path_active_rescore_and_reconcile no_entry_review_due=False mature_markets=3 markets_until_review=5 latest=mushroom_v28_rejected/edge_below_floor
2026-05-09 20:20:36 -04:00 | kill=kill_loss_cluster_6 action=no_lock
2026-05-09 20:20:36 -04:00 | decision=kill_loss_cluster_6 status=not_running_lock_missing_or_other_strategy entries=8 round_trips=8 net_cents=-50.8 loss_cluster=6 zero_fills=10 filled_events=50 positions=0 orders=0 source_stale=32/200(16pct) zero_entry=entry_path_active_rescore_and_reconcile no_entry_review_due=False mature_markets=3 markets_until_review=5 latest=mushroom_v28_rejected/edge_below_floor
2026-05-09 20:21:40 -04:00 | kill=kill_loss_cluster_6 action=no_lock
2026-05-09 20:21:40 -04:00 | decision=kill_loss_cluster_6 status=not_running_lock_missing_or_other_strategy entries=8 round_trips=8 net_cents=-50.8 loss_cluster=6 zero_fills=10 filled_events=50 positions=0 orders=0 source_stale=32/200(16pct) zero_entry=entry_path_active_rescore_and_reconcile no_entry_review_due=False mature_markets=3 markets_until_review=5 latest=mushroom_v28_rejected/edge_below_floor
2026-05-09 20:22:43 -04:00 | kill=kill_loss_cluster_6 action=no_lock
2026-05-09 20:22:43 -04:00 | decision=kill_loss_cluster_6 status=not_running_lock_missing_or_other_strategy entries=8 round_trips=8 net_cents=-50.8 loss_cluster=6 zero_fills=10 filled_events=50 positions=0 orders=0 source_stale=32/200(16pct) zero_entry=entry_path_active_rescore_and_reconcile no_entry_review_due=False mature_markets=3 markets_until_review=5 latest=mushroom_v28_rejected/edge_below_floor
2026-05-09 20:23:47 -04:00 | kill=kill_loss_cluster_6 action=no_lock
2026-05-09 20:23:47 -04:00 | decision=kill_loss_cluster_6 status=not_running_lock_missing_or_other_strategy entries=8 round_trips=8 net_cents=-50.8 loss_cluster=6 zero_fills=10 filled_events=50 positions=0 orders=0 source_stale=32/200(16pct) zero_entry=entry_path_active_rescore_and_reconcile no_entry_review_due=False mature_markets=3 markets_until_review=5 latest=mushroom_v28_rejected/edge_below_floor
2026-05-09 20:24:51 -04:00 | kill=kill_loss_cluster_6 action=no_lock
2026-05-09 20:24:51 -04:00 | decision=kill_loss_cluster_6 status=not_running_lock_missing_or_other_strategy entries=8 round_trips=8 net_cents=-50.8 loss_cluster=6 zero_fills=10 filled_events=50 positions=0 orders=0 source_stale=32/200(16pct) zero_entry=entry_path_active_rescore_and_reconcile no_entry_review_due=False mature_markets=3 markets_until_review=5 latest=mushroom_v28_rejected/edge_below_floor
2026-05-09 20:25:55 -04:00 | kill=kill_loss_cluster_6 action=no_lock
2026-05-09 20:25:55 -04:00 | decision=kill_loss_cluster_6 status=not_running_lock_missing_or_other_strategy entries=8 round_trips=8 net_cents=-50.8 loss_cluster=6 zero_fills=10 filled_events=50 positions=0 orders=0 source_stale=32/200(16pct) zero_entry=entry_path_active_rescore_and_reconcile no_entry_review_due=False mature_markets=3 markets_until_review=5 latest=mushroom_v28_rejected/edge_below_floor
2026-05-09 20:26:59 -04:00 | kill=kill_loss_cluster_6 action=no_lock
2026-05-09 20:26:59 -04:00 | decision=kill_loss_cluster_6 status=not_running_lock_missing_or_other_strategy entries=8 round_trips=8 net_cents=-50.8 loss_cluster=6 zero_fills=10 filled_events=50 positions=0 orders=0 source_stale=32/200(16pct) zero_entry=entry_path_active_rescore_and_reconcile no_entry_review_due=False mature_markets=3 markets_until_review=5 latest=mushroom_v28_rejected/edge_below_floor
2026-05-09 20:28:03 -04:00 | kill=kill_loss_cluster_6 action=no_lock
2026-05-09 20:28:03 -04:00 | decision=kill_loss_cluster_6 status=not_running_lock_missing_or_other_strategy entries=8 round_trips=8 net_cents=-50.8 loss_cluster=6 zero_fills=10 filled_events=50 positions=0 orders=0 source_stale=32/200(16pct) zero_entry=entry_path_active_rescore_and_reconcile no_entry_review_due=False mature_markets=3 markets_until_review=5 latest=mushroom_v28_rejected/edge_below_floor
2026-05-09 20:29:07 -04:00 | kill=kill_loss_cluster_6 action=no_lock
2026-05-09 20:29:07 -04:00 | decision=kill_loss_cluster_6 status=not_running_lock_missing_or_other_strategy entries=8 round_trips=8 net_cents=-50.8 loss_cluster=6 zero_fills=10 filled_events=50 positions=0 orders=0 source_stale=32/200(16pct) zero_entry=entry_path_active_rescore_and_reconcile no_entry_review_due=False mature_markets=3 markets_until_review=5 latest=mushroom_v28_rejected/edge_below_floor
2026-05-09 20:30:10 -04:00 | kill=kill_loss_cluster_6 action=no_lock
2026-05-09 20:30:10 -04:00 | decision=kill_loss_cluster_6 status=not_running_lock_missing_or_other_strategy entries=8 round_trips=8 net_cents=-50.8 loss_cluster=6 zero_fills=10 filled_events=50 positions=0 orders=0 source_stale=32/200(16pct) zero_entry=entry_path_active_rescore_and_reconcile no_entry_review_due=False mature_markets=3 markets_until_review=5 latest=mushroom_v28_rejected/edge_below_floor
2026-05-09 20:31:14 -04:00 | kill=kill_loss_cluster_6 action=no_lock
2026-05-09 20:31:14 -04:00 | decision=kill_loss_cluster_6 status=not_running_lock_missing_or_other_strategy entries=8 round_trips=8 net_cents=-50.8 loss_cluster=6 zero_fills=10 filled_events=50 positions=0 orders=0 source_stale=32/200(16pct) zero_entry=entry_path_active_rescore_and_reconcile no_entry_review_due=False mature_markets=3 markets_until_review=5 latest=mushroom_v28_rejected/edge_below_floor
2026-05-09 20:32:19 -04:00 | kill=kill_loss_cluster_6 action=no_lock
2026-05-09 20:32:19 -04:00 | decision=kill_loss_cluster_6 status=not_running_lock_missing_or_other_strategy entries=8 round_trips=8 net_cents=-50.8 loss_cluster=6 zero_fills=10 filled_events=50 positions=0 orders=0 source_stale=32/200(16pct) zero_entry=entry_path_active_rescore_and_reconcile no_entry_review_due=False mature_markets=3 markets_until_review=5 latest=mushroom_v28_rejected/edge_below_floor
2026-05-09 20:33:23 -04:00 | kill=kill_loss_cluster_6 action=no_lock
2026-05-09 20:33:23 -04:00 | decision=kill_loss_cluster_6 status=not_running_lock_missing_or_other_strategy entries=8 round_trips=8 net_cents=-50.8 loss_cluster=6 zero_fills=10 filled_events=50 positions=0 orders=0 source_stale=32/200(16pct) zero_entry=entry_path_active_rescore_and_reconcile no_entry_review_due=False mature_markets=3 markets_until_review=5 latest=mushroom_v28_rejected/edge_below_floor
2026-05-09 20:34:27 -04:00 | kill=kill_loss_cluster_6 action=no_lock
2026-05-09 20:34:27 -04:00 | decision=kill_loss_cluster_6 status=not_running_lock_missing_or_other_strategy entries=8 round_trips=8 net_cents=-50.8 loss_cluster=6 zero_fills=10 filled_events=50 positions=0 orders=0 source_stale=32/200(16pct) zero_entry=entry_path_active_rescore_and_reconcile no_entry_review_due=False mature_markets=3 markets_until_review=5 latest=mushroom_v28_rejected/edge_below_floor
2026-05-09 20:35:31 -04:00 | kill=kill_loss_cluster_6 action=no_lock
2026-05-09 20:35:31 -04:00 | decision=kill_loss_cluster_6 status=not_running_lock_missing_or_other_strategy entries=8 round_trips=8 net_cents=-50.8 loss_cluster=6 zero_fills=10 filled_events=50 positions=0 orders=0 source_stale=32/200(16pct) zero_entry=entry_path_active_rescore_and_reconcile no_entry_review_due=False mature_markets=3 markets_until_review=5 latest=mushroom_v28_rejected/edge_below_floor
2026-05-09 20:36:35 -04:00 | kill=kill_loss_cluster_6 action=no_lock
2026-05-09 20:36:35 -04:00 | decision=kill_loss_cluster_6 status=not_running_lock_missing_or_other_strategy entries=8 round_trips=8 net_cents=-50.8 loss_cluster=6 zero_fills=10 filled_events=50 positions=0 orders=0 source_stale=32/200(16pct) zero_entry=entry_path_active_rescore_and_reconcile no_entry_review_due=False mature_markets=3 markets_until_review=5 latest=mushroom_v28_rejected/edge_below_floor
2026-05-09 20:37:39 -04:00 | kill=kill_loss_cluster_6 action=no_lock
2026-05-09 20:37:39 -04:00 | decision=kill_loss_cluster_6 status=not_running_lock_missing_or_other_strategy entries=8 round_trips=8 net_cents=-50.8 loss_cluster=6 zero_fills=10 filled_events=50 positions=0 orders=0 source_stale=32/200(16pct) zero_entry=entry_path_active_rescore_and_reconcile no_entry_review_due=False mature_markets=3 markets_until_review=5 latest=mushroom_v28_rejected/edge_below_floor
2026-05-09 20:38:43 -04:00 | kill=kill_loss_cluster_6 action=no_lock
2026-05-09 20:38:43 -04:00 | decision=kill_loss_cluster_6 status=not_running_lock_missing_or_other_strategy entries=8 round_trips=8 net_cents=-50.8 loss_cluster=6 zero_fills=10 filled_events=50 positions=0 orders=0 source_stale=32/200(16pct) zero_entry=entry_path_active_rescore_and_reconcile no_entry_review_due=False mature_markets=3 markets_until_review=5 latest=mushroom_v28_rejected/edge_below_floor
2026-05-09 20:39:47 -04:00 | kill=kill_loss_cluster_6 action=no_lock
2026-05-09 20:39:47 -04:00 | decision=kill_loss_cluster_6 status=not_running_lock_missing_or_other_strategy entries=8 round_trips=8 net_cents=-50.8 loss_cluster=6 zero_fills=10 filled_events=50 positions=0 orders=0 source_stale=32/200(16pct) zero_entry=entry_path_active_rescore_and_reconcile no_entry_review_due=False mature_markets=3 markets_until_review=5 latest=mushroom_v28_rejected/edge_below_floor
2026-05-09 20:40:52 -04:00 | kill=kill_loss_cluster_6 action=no_lock
2026-05-09 20:40:52 -04:00 | decision=kill_loss_cluster_6 status=not_running_lock_missing_or_other_strategy entries=8 round_trips=8 net_cents=-50.8 loss_cluster=6 zero_fills=10 filled_events=50 positions=0 orders=0 source_stale=32/200(16pct) zero_entry=entry_path_active_rescore_and_reconcile no_entry_review_due=False mature_markets=3 markets_until_review=5 latest=mushroom_v28_rejected/edge_below_floor
2026-05-09 20:41:56 -04:00 | kill=kill_loss_cluster_6 action=no_lock
2026-05-09 20:41:56 -04:00 | decision=kill_loss_cluster_6 status=not_running_lock_missing_or_other_strategy entries=8 round_trips=8 net_cents=-50.8 loss_cluster=6 zero_fills=10 filled_events=50 positions=0 orders=0 source_stale=32/200(16pct) zero_entry=entry_path_active_rescore_and_reconcile no_entry_review_due=False mature_markets=3 markets_until_review=5 latest=mushroom_v28_rejected/edge_below_floor
2026-05-09 20:43:00 -04:00 | kill=kill_loss_cluster_6 action=no_lock
2026-05-09 20:43:00 -04:00 | decision=kill_loss_cluster_6 status=not_running_lock_missing_or_other_strategy entries=8 round_trips=8 net_cents=-50.8 loss_cluster=6 zero_fills=10 filled_events=50 positions=0 orders=0 source_stale=32/200(16pct) zero_entry=entry_path_active_rescore_and_reconcile no_entry_review_due=False mature_markets=3 markets_until_review=5 latest=mushroom_v28_rejected/edge_below_floor
2026-05-09 20:44:04 -04:00 | kill=kill_loss_cluster_6 action=no_lock
2026-05-09 20:44:04 -04:00 | decision=kill_loss_cluster_6 status=not_running_lock_missing_or_other_strategy entries=8 round_trips=8 net_cents=-50.8 loss_cluster=6 zero_fills=10 filled_events=50 positions=0 orders=0 source_stale=32/200(16pct) zero_entry=entry_path_active_rescore_and_reconcile no_entry_review_due=False mature_markets=3 markets_until_review=5 latest=mushroom_v28_rejected/edge_below_floor
2026-05-09 20:45:08 -04:00 | kill=kill_loss_cluster_6 action=no_lock
2026-05-09 20:45:08 -04:00 | decision=kill_loss_cluster_6 status=not_running_lock_missing_or_other_strategy entries=8 round_trips=8 net_cents=-50.8 loss_cluster=6 zero_fills=10 filled_events=50 positions=0 orders=0 source_stale=32/200(16pct) zero_entry=entry_path_active_rescore_and_reconcile no_entry_review_due=False mature_markets=3 markets_until_review=5 latest=mushroom_v28_rejected/edge_below_floor
2026-05-09 20:46:13 -04:00 | kill=kill_loss_cluster_6 action=no_lock
2026-05-09 20:46:13 -04:00 | decision=kill_loss_cluster_6 status=not_running_lock_missing_or_other_strategy entries=8 round_trips=8 net_cents=-50.8 loss_cluster=6 zero_fills=10 filled_events=50 positions=0 orders=0 source_stale=32/200(16pct) zero_entry=entry_path_active_rescore_and_reconcile no_entry_review_due=False mature_markets=3 markets_until_review=5 latest=mushroom_v28_rejected/edge_below_floor
2026-05-09 20:47:18 -04:00 | kill=kill_loss_cluster_6 action=no_lock
2026-05-09 20:47:18 -04:00 | decision=kill_loss_cluster_6 status=not_running_lock_missing_or_other_strategy entries=8 round_trips=8 net_cents=-50.8 loss_cluster=6 zero_fills=10 filled_events=50 positions=0 orders=0 source_stale=32/200(16pct) zero_entry=entry_path_active_rescore_and_reconcile no_entry_review_due=False mature_markets=3 markets_until_review=5 latest=mushroom_v28_rejected/edge_below_floor
2026-05-09 20:48:22 -04:00 | kill=kill_loss_cluster_6 action=no_lock
2026-05-09 20:48:22 -04:00 | decision=kill_loss_cluster_6 status=not_running_lock_missing_or_other_strategy entries=8 round_trips=8 net_cents=-50.8 loss_cluster=6 zero_fills=10 filled_events=50 positions=0 orders=0 source_stale=32/200(16pct) zero_entry=entry_path_active_rescore_and_reconcile no_entry_review_due=False mature_markets=3 markets_until_review=5 latest=mushroom_v28_rejected/edge_below_floor
2026-05-09 20:49:26 -04:00 | kill=kill_loss_cluster_6 action=no_lock
2026-05-09 20:49:26 -04:00 | decision=kill_loss_cluster_6 status=not_running_lock_missing_or_other_strategy entries=8 round_trips=8 net_cents=-50.8 loss_cluster=6 zero_fills=10 filled_events=50 positions=0 orders=0 source_stale=32/200(16pct) zero_entry=entry_path_active_rescore_and_reconcile no_entry_review_due=False mature_markets=3 markets_until_review=5 latest=mushroom_v28_rejected/edge_below_floor
2026-05-09 20:50:30 -04:00 | kill=kill_loss_cluster_6 action=no_lock
2026-05-09 20:50:30 -04:00 | decision=kill_loss_cluster_6 status=not_running_lock_missing_or_other_strategy entries=8 round_trips=8 net_cents=-50.8 loss_cluster=6 zero_fills=10 filled_events=50 positions=0 orders=0 source_stale=32/200(16pct) zero_entry=entry_path_active_rescore_and_reconcile no_entry_review_due=False mature_markets=3 markets_until_review=5 latest=mushroom_v28_rejected/edge_below_floor
2026-05-09 20:51:33 -04:00 | kill=kill_loss_cluster_6 action=no_lock
2026-05-09 20:51:33 -04:00 | decision=kill_loss_cluster_6 status=not_running_lock_missing_or_other_strategy entries=8 round_trips=8 net_cents=-50.8 loss_cluster=6 zero_fills=10 filled_events=50 positions=0 orders=0 source_stale=32/200(16pct) zero_entry=entry_path_active_rescore_and_reconcile no_entry_review_due=False mature_markets=3 markets_until_review=5 latest=mushroom_v28_rejected/edge_below_floor
2026-05-09 20:52:37 -04:00 | kill=kill_loss_cluster_6 action=no_lock
2026-05-09 20:52:37 -04:00 | decision=kill_loss_cluster_6 status=not_running_lock_missing_or_other_strategy entries=8 round_trips=8 net_cents=-50.8 loss_cluster=6 zero_fills=10 filled_events=50 positions=0 orders=0 source_stale=32/200(16pct) zero_entry=entry_path_active_rescore_and_reconcile no_entry_review_due=False mature_markets=3 markets_until_review=5 latest=mushroom_v28_rejected/edge_below_floor
2026-05-09 20:53:42 -04:00 | kill=kill_loss_cluster_6 action=no_lock
2026-05-09 20:53:42 -04:00 | decision=kill_loss_cluster_6 status=not_running_lock_missing_or_other_strategy entries=8 round_trips=8 net_cents=-50.8 loss_cluster=6 zero_fills=10 filled_events=50 positions=0 orders=0 source_stale=32/200(16pct) zero_entry=entry_path_active_rescore_and_reconcile no_entry_review_due=False mature_markets=3 markets_until_review=5 latest=mushroom_v28_rejected/edge_below_floor
2026-05-09 20:54:47 -04:00 | kill=kill_loss_cluster_6 action=no_lock
2026-05-09 20:54:47 -04:00 | decision=kill_loss_cluster_6 status=not_running_lock_missing_or_other_strategy entries=8 round_trips=8 net_cents=-50.8 loss_cluster=6 zero_fills=10 filled_events=50 positions=0 orders=0 source_stale=32/200(16pct) zero_entry=entry_path_active_rescore_and_reconcile no_entry_review_due=False mature_markets=3 markets_until_review=5 latest=mushroom_v28_rejected/edge_below_floor
2026-05-09 20:55:51 -04:00 | kill=kill_loss_cluster_6 action=no_lock
2026-05-09 20:55:51 -04:00 | decision=kill_loss_cluster_6 status=not_running_lock_missing_or_other_strategy entries=8 round_trips=8 net_cents=-50.8 loss_cluster=6 zero_fills=10 filled_events=50 positions=0 orders=0 source_stale=32/200(16pct) zero_entry=entry_path_active_rescore_and_reconcile no_entry_review_due=False mature_markets=3 markets_until_review=5 latest=mushroom_v28_rejected/edge_below_floor
2026-05-09 20:56:55 -04:00 | kill=kill_loss_cluster_6 action=no_lock
2026-05-09 20:56:55 -04:00 | decision=kill_loss_cluster_6 status=not_running_lock_missing_or_other_strategy entries=8 round_trips=8 net_cents=-50.8 loss_cluster=6 zero_fills=10 filled_events=50 positions=0 orders=0 source_stale=32/200(16pct) zero_entry=entry_path_active_rescore_and_reconcile no_entry_review_due=False mature_markets=3 markets_until_review=5 latest=mushroom_v28_rejected/edge_below_floor
2026-05-09 20:57:59 -04:00 | kill=kill_loss_cluster_6 action=no_lock
2026-05-09 20:57:59 -04:00 | decision=kill_loss_cluster_6 status=not_running_lock_missing_or_other_strategy entries=8 round_trips=8 net_cents=-50.8 loss_cluster=6 zero_fills=10 filled_events=50 positions=0 orders=0 source_stale=32/200(16pct) zero_entry=entry_path_active_rescore_and_reconcile no_entry_review_due=False mature_markets=3 markets_until_review=5 latest=mushroom_v28_rejected/edge_below_floor
2026-05-09 20:59:02 -04:00 | kill=kill_loss_cluster_6 action=no_lock
2026-05-09 20:59:02 -04:00 | decision=kill_loss_cluster_6 status=not_running_lock_missing_or_other_strategy entries=8 round_trips=8 net_cents=-50.8 loss_cluster=6 zero_fills=10 filled_events=50 positions=0 orders=0 source_stale=32/200(16pct) zero_entry=entry_path_active_rescore_and_reconcile no_entry_review_due=False mature_markets=3 markets_until_review=5 latest=mushroom_v28_rejected/edge_below_floor
2026-05-09 21:00:06 -04:00 | kill=kill_loss_cluster_6 action=no_lock
2026-05-09 21:00:06 -04:00 | decision=kill_loss_cluster_6 status=not_running_lock_missing_or_other_strategy entries=8 round_trips=8 net_cents=-50.8 loss_cluster=6 zero_fills=10 filled_events=50 positions=0 orders=0 source_stale=32/200(16pct) zero_entry=entry_path_active_rescore_and_reconcile no_entry_review_due=False mature_markets=3 markets_until_review=5 latest=mushroom_v28_rejected/edge_below_floor
2026-05-09 21:01:10 -04:00 | kill=kill_loss_cluster_6 action=no_lock
2026-05-09 21:01:10 -04:00 | decision=kill_loss_cluster_6 status=not_running_lock_missing_or_other_strategy entries=8 round_trips=8 net_cents=-50.8 loss_cluster=6 zero_fills=10 filled_events=50 positions=0 orders=0 source_stale=32/200(16pct) zero_entry=entry_path_active_rescore_and_reconcile no_entry_review_due=False mature_markets=3 markets_until_review=5 latest=mushroom_v28_rejected/edge_below_floor
2026-05-09 21:02:14 -04:00 | kill=kill_loss_cluster_6 action=no_lock
2026-05-09 21:02:14 -04:00 | decision=kill_loss_cluster_6 status=not_running_lock_missing_or_other_strategy entries=8 round_trips=8 net_cents=-50.8 loss_cluster=6 zero_fills=10 filled_events=50 positions=0 orders=0 source_stale=32/200(16pct) zero_entry=entry_path_active_rescore_and_reconcile no_entry_review_due=False mature_markets=3 markets_until_review=5 latest=mushroom_v28_rejected/edge_below_floor
2026-05-09 21:03:18 -04:00 | kill=kill_loss_cluster_6 action=no_lock
2026-05-09 21:03:18 -04:00 | decision=kill_loss_cluster_6 status=not_running_lock_missing_or_other_strategy entries=8 round_trips=8 net_cents=-50.8 loss_cluster=6 zero_fills=10 filled_events=50 positions=0 orders=0 source_stale=32/200(16pct) zero_entry=entry_path_active_rescore_and_reconcile no_entry_review_due=False mature_markets=3 markets_until_review=5 latest=mushroom_v28_rejected/edge_below_floor
2026-05-09 21:04:22 -04:00 | kill=kill_loss_cluster_6 action=no_lock
2026-05-09 21:04:22 -04:00 | decision=kill_loss_cluster_6 status=not_running_lock_missing_or_other_strategy entries=8 round_trips=8 net_cents=-50.8 loss_cluster=6 zero_fills=10 filled_events=50 positions=0 orders=0 source_stale=32/200(16pct) zero_entry=entry_path_active_rescore_and_reconcile no_entry_review_due=False mature_markets=3 markets_until_review=5 latest=mushroom_v28_rejected/edge_below_floor
2026-05-09 21:05:26 -04:00 | kill=kill_loss_cluster_6 action=no_lock
2026-05-09 21:05:26 -04:00 | decision=kill_loss_cluster_6 status=not_running_lock_missing_or_other_strategy entries=8 round_trips=8 net_cents=-50.8 loss_cluster=6 zero_fills=10 filled_events=50 positions=0 orders=0 source_stale=32/200(16pct) zero_entry=entry_path_active_rescore_and_reconcile no_entry_review_due=False mature_markets=3 markets_until_review=5 latest=mushroom_v28_rejected/edge_below_floor
2026-05-09 21:06:30 -04:00 | kill=kill_loss_cluster_6 action=no_lock
2026-05-09 21:06:30 -04:00 | decision=kill_loss_cluster_6 status=not_running_lock_missing_or_other_strategy entries=8 round_trips=8 net_cents=-50.8 loss_cluster=6 zero_fills=10 filled_events=50 positions=0 orders=0 source_stale=32/200(16pct) zero_entry=entry_path_active_rescore_and_reconcile no_entry_review_due=False mature_markets=3 markets_until_review=5 latest=mushroom_v28_rejected/edge_below_floor
2026-05-09 21:07:33 -04:00 | kill=kill_loss_cluster_6 action=no_lock
2026-05-09 21:07:33 -04:00 | decision=kill_loss_cluster_6 status=not_running_lock_missing_or_other_strategy entries=8 round_trips=8 net_cents=-50.8 loss_cluster=6 zero_fills=10 filled_events=50 positions=0 orders=0 source_stale=32/200(16pct) zero_entry=entry_path_active_rescore_and_reconcile no_entry_review_due=False mature_markets=3 markets_until_review=5 latest=mushroom_v28_rejected/edge_below_floor
2026-05-09 21:08:38 -04:00 | kill=kill_loss_cluster_6 action=no_lock
2026-05-09 21:08:38 -04:00 | decision=kill_loss_cluster_6 status=not_running_lock_missing_or_other_strategy entries=8 round_trips=8 net_cents=-50.8 loss_cluster=6 zero_fills=10 filled_events=50 positions=0 orders=0 source_stale=32/200(16pct) zero_entry=entry_path_active_rescore_and_reconcile no_entry_review_due=False mature_markets=3 markets_until_review=5 latest=mushroom_v28_rejected/edge_below_floor
2026-05-09 21:09:43 -04:00 | kill=kill_loss_cluster_6 action=no_lock
2026-05-09 21:09:43 -04:00 | decision=kill_loss_cluster_6 status=not_running_lock_missing_or_other_strategy entries=8 round_trips=8 net_cents=-50.8 loss_cluster=6 zero_fills=10 filled_events=50 positions=0 orders=0 source_stale=32/200(16pct) zero_entry=entry_path_active_rescore_and_reconcile no_entry_review_due=False mature_markets=3 markets_until_review=5 latest=mushroom_v28_rejected/edge_below_floor
2026-05-09 21:10:47 -04:00 | kill=kill_loss_cluster_6 action=no_lock
2026-05-09 21:10:47 -04:00 | decision=kill_loss_cluster_6 status=not_running_lock_missing_or_other_strategy entries=8 round_trips=8 net_cents=-50.8 loss_cluster=6 zero_fills=10 filled_events=50 positions=0 orders=0 source_stale=32/200(16pct) zero_entry=entry_path_active_rescore_and_reconcile no_entry_review_due=False mature_markets=3 markets_until_review=5 latest=mushroom_v28_rejected/edge_below_floor
2026-05-09 21:11:51 -04:00 | kill=kill_loss_cluster_6 action=no_lock
2026-05-09 21:11:51 -04:00 | decision=kill_loss_cluster_6 status=not_running_lock_missing_or_other_strategy entries=8 round_trips=8 net_cents=-50.8 loss_cluster=6 zero_fills=10 filled_events=50 positions=0 orders=0 source_stale=32/200(16pct) zero_entry=entry_path_active_rescore_and_reconcile no_entry_review_due=False mature_markets=3 markets_until_review=5 latest=mushroom_v28_rejected/edge_below_floor
2026-05-09 21:12:55 -04:00 | kill=kill_loss_cluster_6 action=no_lock
2026-05-09 21:12:55 -04:00 | decision=kill_loss_cluster_6 status=not_running_lock_missing_or_other_strategy entries=8 round_trips=8 net_cents=-50.8 loss_cluster=6 zero_fills=10 filled_events=50 positions=0 orders=0 source_stale=32/200(16pct) zero_entry=entry_path_active_rescore_and_reconcile no_entry_review_due=False mature_markets=3 markets_until_review=5 latest=mushroom_v28_rejected/edge_below_floor
2026-05-09 21:13:59 -04:00 | kill=kill_loss_cluster_6 action=no_lock
2026-05-09 21:13:59 -04:00 | decision=kill_loss_cluster_6 status=not_running_lock_missing_or_other_strategy entries=8 round_trips=8 net_cents=-50.8 loss_cluster=6 zero_fills=10 filled_events=50 positions=0 orders=0 source_stale=32/200(16pct) zero_entry=entry_path_active_rescore_and_reconcile no_entry_review_due=False mature_markets=3 markets_until_review=5 latest=mushroom_v28_rejected/edge_below_floor
2026-05-09 21:15:03 -04:00 | kill=kill_loss_cluster_6 action=no_lock
2026-05-09 21:15:03 -04:00 | decision=kill_loss_cluster_6 status=not_running_lock_missing_or_other_strategy entries=8 round_trips=8 net_cents=-50.8 loss_cluster=6 zero_fills=10 filled_events=50 positions=0 orders=0 source_stale=32/200(16pct) zero_entry=entry_path_active_rescore_and_reconcile no_entry_review_due=False mature_markets=3 markets_until_review=5 latest=mushroom_v28_rejected/edge_below_floor
2026-05-09 21:16:07 -04:00 | kill=kill_loss_cluster_6 action=no_lock
2026-05-09 21:16:07 -04:00 | decision=kill_loss_cluster_6 status=not_running_lock_missing_or_other_strategy entries=8 round_trips=8 net_cents=-50.8 loss_cluster=6 zero_fills=10 filled_events=50 positions=0 orders=0 source_stale=32/200(16pct) zero_entry=entry_path_active_rescore_and_reconcile no_entry_review_due=False mature_markets=3 markets_until_review=5 latest=mushroom_v28_rejected/edge_below_floor
2026-05-09 21:17:11 -04:00 | kill=kill_loss_cluster_6 action=no_lock
2026-05-09 21:17:11 -04:00 | decision=kill_loss_cluster_6 status=not_running_lock_missing_or_other_strategy entries=8 round_trips=8 net_cents=-50.8 loss_cluster=6 zero_fills=10 filled_events=50 positions=0 orders=0 source_stale=32/200(16pct) zero_entry=entry_path_active_rescore_and_reconcile no_entry_review_due=False mature_markets=3 markets_until_review=5 latest=mushroom_v28_rejected/edge_below_floor
2026-05-09 21:18:15 -04:00 | kill=kill_loss_cluster_6 action=no_lock
2026-05-09 21:18:15 -04:00 | decision=kill_loss_cluster_6 status=not_running_lock_missing_or_other_strategy entries=8 round_trips=8 net_cents=-50.8 loss_cluster=6 zero_fills=10 filled_events=50 positions=0 orders=0 source_stale=32/200(16pct) zero_entry=entry_path_active_rescore_and_reconcile no_entry_review_due=False mature_markets=3 markets_until_review=5 latest=mushroom_v28_rejected/edge_below_floor
2026-05-09 21:19:19 -04:00 | kill=kill_loss_cluster_6 action=no_lock
2026-05-09 21:19:19 -04:00 | decision=kill_loss_cluster_6 status=not_running_lock_missing_or_other_strategy entries=8 round_trips=8 net_cents=-50.8 loss_cluster=6 zero_fills=10 filled_events=50 positions=0 orders=0 source_stale=32/200(16pct) zero_entry=entry_path_active_rescore_and_reconcile no_entry_review_due=False mature_markets=3 markets_until_review=5 latest=mushroom_v28_rejected/edge_below_floor
2026-05-09 21:20:23 -04:00 | kill=kill_loss_cluster_6 action=no_lock
2026-05-09 21:20:23 -04:00 | decision=kill_loss_cluster_6 status=not_running_lock_missing_or_other_strategy entries=8 round_trips=8 net_cents=-50.8 loss_cluster=6 zero_fills=10 filled_events=50 positions=0 orders=0 source_stale=32/200(16pct) zero_entry=entry_path_active_rescore_and_reconcile no_entry_review_due=False mature_markets=3 markets_until_review=5 latest=mushroom_v28_rejected/edge_below_floor
2026-05-09 21:21:27 -04:00 | kill=kill_loss_cluster_6 action=no_lock
2026-05-09 21:21:27 -04:00 | decision=kill_loss_cluster_6 status=not_running_lock_missing_or_other_strategy entries=8 round_trips=8 net_cents=-50.8 loss_cluster=6 zero_fills=10 filled_events=50 positions=0 orders=0 source_stale=32/200(16pct) zero_entry=entry_path_active_rescore_and_reconcile no_entry_review_due=False mature_markets=3 markets_until_review=5 latest=mushroom_v28_rejected/edge_below_floor
2026-05-09 21:22:32 -04:00 | kill=kill_loss_cluster_6 action=no_lock
2026-05-09 21:22:32 -04:00 | decision=kill_loss_cluster_6 status=not_running_lock_missing_or_other_strategy entries=8 round_trips=8 net_cents=-50.8 loss_cluster=6 zero_fills=10 filled_events=50 positions=0 orders=0 source_stale=32/200(16pct) zero_entry=entry_path_active_rescore_and_reconcile no_entry_review_due=False mature_markets=3 markets_until_review=5 latest=mushroom_v28_rejected/edge_below_floor
2026-05-09 21:23:36 -04:00 | kill=kill_loss_cluster_6 action=no_lock
2026-05-09 21:23:36 -04:00 | decision=kill_loss_cluster_6 status=not_running_lock_missing_or_other_strategy entries=8 round_trips=8 net_cents=-50.8 loss_cluster=6 zero_fills=10 filled_events=50 positions=0 orders=0 source_stale=32/200(16pct) zero_entry=entry_path_active_rescore_and_reconcile no_entry_review_due=False mature_markets=3 markets_until_review=5 latest=mushroom_v28_rejected/edge_below_floor
2026-05-09 21:24:40 -04:00 | kill=kill_loss_cluster_6 action=no_lock
2026-05-09 21:24:40 -04:00 | decision=kill_loss_cluster_6 status=not_running_lock_missing_or_other_strategy entries=8 round_trips=8 net_cents=-50.8 loss_cluster=6 zero_fills=10 filled_events=50 positions=0 orders=0 source_stale=32/200(16pct) zero_entry=entry_path_active_rescore_and_reconcile no_entry_review_due=False mature_markets=3 markets_until_review=5 latest=mushroom_v28_rejected/edge_below_floor
2026-05-09 21:25:44 -04:00 | kill=kill_loss_cluster_6 action=no_lock
2026-05-09 21:25:44 -04:00 | decision=kill_loss_cluster_6 status=not_running_lock_missing_or_other_strategy entries=8 round_trips=8 net_cents=-50.8 loss_cluster=6 zero_fills=10 filled_events=50 positions=0 orders=0 source_stale=32/200(16pct) zero_entry=entry_path_active_rescore_and_reconcile no_entry_review_due=False mature_markets=3 markets_until_review=5 latest=mushroom_v28_rejected/edge_below_floor
2026-05-09 21:26:48 -04:00 | kill=kill_loss_cluster_6 action=no_lock
2026-05-09 21:26:48 -04:00 | decision=kill_loss_cluster_6 status=not_running_lock_missing_or_other_strategy entries=8 round_trips=8 net_cents=-50.8 loss_cluster=6 zero_fills=10 filled_events=50 positions=0 orders=0 source_stale=32/200(16pct) zero_entry=entry_path_active_rescore_and_reconcile no_entry_review_due=False mature_markets=3 markets_until_review=5 latest=mushroom_v28_rejected/edge_below_floor
2026-05-09 21:27:51 -04:00 | kill=kill_loss_cluster_6 action=no_lock
2026-05-09 21:27:51 -04:00 | decision=kill_loss_cluster_6 status=not_running_lock_missing_or_other_strategy entries=8 round_trips=8 net_cents=-50.8 loss_cluster=6 zero_fills=10 filled_events=50 positions=0 orders=0 source_stale=32/200(16pct) zero_entry=entry_path_active_rescore_and_reconcile no_entry_review_due=False mature_markets=3 markets_until_review=5 latest=mushroom_v28_rejected/edge_below_floor
2026-05-09 21:28:56 -04:00 | kill=kill_loss_cluster_6 action=no_lock
2026-05-09 21:28:56 -04:00 | decision=kill_loss_cluster_6 status=not_running_lock_missing_or_other_strategy entries=8 round_trips=8 net_cents=-50.8 loss_cluster=6 zero_fills=10 filled_events=50 positions=0 orders=0 source_stale=32/200(16pct) zero_entry=entry_path_active_rescore_and_reconcile no_entry_review_due=False mature_markets=3 markets_until_review=5 latest=mushroom_v28_rejected/edge_below_floor
2026-05-09 21:30:00 -04:00 | kill=kill_loss_cluster_6 action=no_lock
2026-05-09 21:30:00 -04:00 | decision=kill_loss_cluster_6 status=not_running_lock_missing_or_other_strategy entries=8 round_trips=8 net_cents=-50.8 loss_cluster=6 zero_fills=10 filled_events=50 positions=0 orders=0 source_stale=32/200(16pct) zero_entry=entry_path_active_rescore_and_reconcile no_entry_review_due=False mature_markets=3 markets_until_review=5 latest=mushroom_v28_rejected/edge_below_floor
2026-05-09 21:31:04 -04:00 | kill=kill_loss_cluster_6 action=no_lock
2026-05-09 21:31:04 -04:00 | decision=kill_loss_cluster_6 status=not_running_lock_missing_or_other_strategy entries=8 round_trips=8 net_cents=-50.8 loss_cluster=6 zero_fills=10 filled_events=50 positions=0 orders=0 source_stale=32/200(16pct) zero_entry=entry_path_active_rescore_and_reconcile no_entry_review_due=False mature_markets=3 markets_until_review=5 latest=mushroom_v28_rejected/edge_below_floor
2026-05-09 21:32:09 -04:00 | kill=kill_loss_cluster_6 action=no_lock
2026-05-09 21:32:09 -04:00 | decision=kill_loss_cluster_6 status=not_running_lock_missing_or_other_strategy entries=8 round_trips=8 net_cents=-50.8 loss_cluster=6 zero_fills=10 filled_events=50 positions=0 orders=0 source_stale=32/200(16pct) zero_entry=entry_path_active_rescore_and_reconcile no_entry_review_due=False mature_markets=3 markets_until_review=5 latest=mushroom_v28_rejected/edge_below_floor
2026-05-09 21:33:12 -04:00 | kill=kill_loss_cluster_6 action=no_lock
2026-05-09 21:33:12 -04:00 | decision=kill_loss_cluster_6 status=not_running_lock_missing_or_other_strategy entries=8 round_trips=8 net_cents=-50.8 loss_cluster=6 zero_fills=10 filled_events=50 positions=0 orders=0 source_stale=32/200(16pct) zero_entry=entry_path_active_rescore_and_reconcile no_entry_review_due=False mature_markets=3 markets_until_review=5 latest=mushroom_v28_rejected/edge_below_floor
2026-05-09 21:34:16 -04:00 | kill=kill_loss_cluster_6 action=no_lock
2026-05-09 21:34:16 -04:00 | decision=kill_loss_cluster_6 status=not_running_lock_missing_or_other_strategy entries=8 round_trips=8 net_cents=-50.8 loss_cluster=6 zero_fills=10 filled_events=50 positions=0 orders=0 source_stale=32/200(16pct) zero_entry=entry_path_active_rescore_and_reconcile no_entry_review_due=False mature_markets=3 markets_until_review=5 latest=mushroom_v28_rejected/edge_below_floor
2026-05-09 21:35:20 -04:00 | kill=kill_loss_cluster_6 action=no_lock
2026-05-09 21:35:20 -04:00 | decision=kill_loss_cluster_6 status=not_running_lock_missing_or_other_strategy entries=8 round_trips=8 net_cents=-50.8 loss_cluster=6 zero_fills=10 filled_events=50 positions=0 orders=0 source_stale=32/200(16pct) zero_entry=entry_path_active_rescore_and_reconcile no_entry_review_due=False mature_markets=3 markets_until_review=5 latest=mushroom_v28_rejected/edge_below_floor
2026-05-09 21:36:24 -04:00 | kill=kill_loss_cluster_6 action=no_lock
2026-05-09 21:36:24 -04:00 | decision=kill_loss_cluster_6 status=not_running_lock_missing_or_other_strategy entries=8 round_trips=8 net_cents=-50.8 loss_cluster=6 zero_fills=10 filled_events=50 positions=0 orders=0 source_stale=32/200(16pct) zero_entry=entry_path_active_rescore_and_reconcile no_entry_review_due=False mature_markets=3 markets_until_review=5 latest=mushroom_v28_rejected/edge_below_floor
2026-05-09 21:37:29 -04:00 | kill=kill_loss_cluster_6 action=no_lock
2026-05-09 21:37:29 -04:00 | decision=kill_loss_cluster_6 status=not_running_lock_missing_or_other_strategy entries=8 round_trips=8 net_cents=-50.8 loss_cluster=6 zero_fills=10 filled_events=50 positions=0 orders=0 source_stale=32/200(16pct) zero_entry=entry_path_active_rescore_and_reconcile no_entry_review_due=False mature_markets=3 markets_until_review=5 latest=mushroom_v28_rejected/edge_below_floor
2026-05-09 21:38:33 -04:00 | kill=kill_loss_cluster_6 action=no_lock
2026-05-09 21:38:33 -04:00 | decision=kill_loss_cluster_6 status=not_running_lock_missing_or_other_strategy entries=8 round_trips=8 net_cents=-50.8 loss_cluster=6 zero_fills=10 filled_events=50 positions=0 orders=0 source_stale=32/200(16pct) zero_entry=entry_path_active_rescore_and_reconcile no_entry_review_due=False mature_markets=3 markets_until_review=5 latest=mushroom_v28_rejected/edge_below_floor
2026-05-09 21:39:37 -04:00 | kill=kill_loss_cluster_6 action=no_lock
2026-05-09 21:39:37 -04:00 | decision=kill_loss_cluster_6 status=not_running_lock_missing_or_other_strategy entries=8 round_trips=8 net_cents=-50.8 loss_cluster=6 zero_fills=10 filled_events=50 positions=0 orders=0 source_stale=32/200(16pct) zero_entry=entry_path_active_rescore_and_reconcile no_entry_review_due=False mature_markets=3 markets_until_review=5 latest=mushroom_v28_rejected/edge_below_floor
2026-05-09 21:40:40 -04:00 | kill=kill_loss_cluster_6 action=no_lock
2026-05-09 21:40:40 -04:00 | decision=kill_loss_cluster_6 status=not_running_lock_missing_or_other_strategy entries=8 round_trips=8 net_cents=-50.8 loss_cluster=6 zero_fills=10 filled_events=50 positions=0 orders=0 source_stale=32/200(16pct) zero_entry=entry_path_active_rescore_and_reconcile no_entry_review_due=False mature_markets=3 markets_until_review=5 latest=mushroom_v28_rejected/edge_below_floor
2026-05-09 21:41:45 -04:00 | kill=kill_loss_cluster_6 action=no_lock
2026-05-09 21:41:45 -04:00 | decision=kill_loss_cluster_6 status=not_running_lock_missing_or_other_strategy entries=8 round_trips=8 net_cents=-50.8 loss_cluster=6 zero_fills=10 filled_events=50 positions=0 orders=0 source_stale=32/200(16pct) zero_entry=entry_path_active_rescore_and_reconcile no_entry_review_due=False mature_markets=3 markets_until_review=5 latest=mushroom_v28_rejected/edge_below_floor
2026-05-09 21:42:49 -04:00 | kill=kill_loss_cluster_6 action=no_lock
2026-05-09 21:42:49 -04:00 | decision=kill_loss_cluster_6 status=not_running_lock_missing_or_other_strategy entries=8 round_trips=8 net_cents=-50.8 loss_cluster=6 zero_fills=10 filled_events=50 positions=0 orders=0 source_stale=32/200(16pct) zero_entry=entry_path_active_rescore_and_reconcile no_entry_review_due=False mature_markets=3 markets_until_review=5 latest=mushroom_v28_rejected/edge_below_floor
2026-05-09 21:43:53 -04:00 | kill=kill_loss_cluster_6 action=no_lock
2026-05-09 21:43:53 -04:00 | decision=kill_loss_cluster_6 status=not_running_lock_missing_or_other_strategy entries=8 round_trips=8 net_cents=-50.8 loss_cluster=6 zero_fills=10 filled_events=50 positions=0 orders=0 source_stale=32/200(16pct) zero_entry=entry_path_active_rescore_and_reconcile no_entry_review_due=False mature_markets=3 markets_until_review=5 latest=mushroom_v28_rejected/edge_below_floor
2026-05-09 21:44:57 -04:00 | kill=kill_loss_cluster_6 action=no_lock
2026-05-09 21:44:57 -04:00 | decision=kill_loss_cluster_6 status=not_running_lock_missing_or_other_strategy entries=8 round_trips=8 net_cents=-50.8 loss_cluster=6 zero_fills=10 filled_events=50 positions=0 orders=0 source_stale=32/200(16pct) zero_entry=entry_path_active_rescore_and_reconcile no_entry_review_due=False mature_markets=3 markets_until_review=5 latest=mushroom_v28_rejected/edge_below_floor
2026-05-09 21:46:01 -04:00 | kill=kill_loss_cluster_6 action=no_lock
2026-05-09 21:46:01 -04:00 | decision=kill_loss_cluster_6 status=not_running_lock_missing_or_other_strategy entries=8 round_trips=8 net_cents=-50.8 loss_cluster=6 zero_fills=10 filled_events=50 positions=0 orders=0 source_stale=32/200(16pct) zero_entry=entry_path_active_rescore_and_reconcile no_entry_review_due=False mature_markets=3 markets_until_review=5 latest=mushroom_v28_rejected/edge_below_floor
2026-05-09 21:47:05 -04:00 | kill=kill_loss_cluster_6 action=no_lock
2026-05-09 21:47:05 -04:00 | decision=kill_loss_cluster_6 status=not_running_lock_missing_or_other_strategy entries=8 round_trips=8 net_cents=-50.8 loss_cluster=6 zero_fills=10 filled_events=50 positions=0 orders=0 source_stale=32/200(16pct) zero_entry=entry_path_active_rescore_and_reconcile no_entry_review_due=False mature_markets=3 markets_until_review=5 latest=mushroom_v28_rejected/edge_below_floor
2026-05-09 21:48:09 -04:00 | kill=kill_loss_cluster_6 action=no_lock
2026-05-09 21:48:09 -04:00 | decision=kill_loss_cluster_6 status=not_running_lock_missing_or_other_strategy entries=8 round_trips=8 net_cents=-50.8 loss_cluster=6 zero_fills=10 filled_events=50 positions=0 orders=0 source_stale=32/200(16pct) zero_entry=entry_path_active_rescore_and_reconcile no_entry_review_due=False mature_markets=3 markets_until_review=5 latest=mushroom_v28_rejected/edge_below_floor
2026-05-09 21:49:13 -04:00 | kill=kill_loss_cluster_6 action=no_lock
2026-05-09 21:49:13 -04:00 | decision=kill_loss_cluster_6 status=not_running_lock_missing_or_other_strategy entries=8 round_trips=8 net_cents=-50.8 loss_cluster=6 zero_fills=10 filled_events=50 positions=0 orders=0 source_stale=32/200(16pct) zero_entry=entry_path_active_rescore_and_reconcile no_entry_review_due=False mature_markets=3 markets_until_review=5 latest=mushroom_v28_rejected/edge_below_floor
2026-05-09 21:50:17 -04:00 | kill=kill_loss_cluster_6 action=no_lock
2026-05-09 21:50:17 -04:00 | decision=kill_loss_cluster_6 status=not_running_lock_missing_or_other_strategy entries=8 round_trips=8 net_cents=-50.8 loss_cluster=6 zero_fills=10 filled_events=50 positions=0 orders=0 source_stale=32/200(16pct) zero_entry=entry_path_active_rescore_and_reconcile no_entry_review_due=False mature_markets=3 markets_until_review=5 latest=mushroom_v28_rejected/edge_below_floor
2026-05-09 21:51:21 -04:00 | kill=kill_loss_cluster_6 action=no_lock
2026-05-09 21:51:21 -04:00 | decision=kill_loss_cluster_6 status=not_running_lock_missing_or_other_strategy entries=8 round_trips=8 net_cents=-50.8 loss_cluster=6 zero_fills=10 filled_events=50 positions=0 orders=0 source_stale=32/200(16pct) zero_entry=entry_path_active_rescore_and_reconcile no_entry_review_due=False mature_markets=3 markets_until_review=5 latest=mushroom_v28_rejected/edge_below_floor
2026-05-09 21:52:26 -04:00 | kill=kill_loss_cluster_6 action=no_lock
2026-05-09 21:52:26 -04:00 | decision=kill_loss_cluster_6 status=not_running_lock_missing_or_other_strategy entries=8 round_trips=8 net_cents=-50.8 loss_cluster=6 zero_fills=10 filled_events=50 positions=0 orders=0 source_stale=32/200(16pct) zero_entry=entry_path_active_rescore_and_reconcile no_entry_review_due=False mature_markets=3 markets_until_review=5 latest=mushroom_v28_rejected/edge_below_floor
2026-05-09 21:53:30 -04:00 | kill=kill_loss_cluster_6 action=no_lock
2026-05-09 21:53:30 -04:00 | decision=kill_loss_cluster_6 status=not_running_lock_missing_or_other_strategy entries=8 round_trips=8 net_cents=-50.8 loss_cluster=6 zero_fills=10 filled_events=50 positions=0 orders=0 source_stale=32/200(16pct) zero_entry=entry_path_active_rescore_and_reconcile no_entry_review_due=False mature_markets=3 markets_until_review=5 latest=mushroom_v28_rejected/edge_below_floor
2026-05-09 21:54:34 -04:00 | kill=kill_loss_cluster_6 action=no_lock
2026-05-09 21:54:34 -04:00 | decision=kill_loss_cluster_6 status=not_running_lock_missing_or_other_strategy entries=8 round_trips=8 net_cents=-50.8 loss_cluster=6 zero_fills=10 filled_events=50 positions=0 orders=0 source_stale=32/200(16pct) zero_entry=entry_path_active_rescore_and_reconcile no_entry_review_due=False mature_markets=3 markets_until_review=5 latest=mushroom_v28_rejected/edge_below_floor
2026-05-09 21:55:38 -04:00 | kill=kill_loss_cluster_6 action=no_lock
2026-05-09 21:55:38 -04:00 | decision=kill_loss_cluster_6 status=not_running_lock_missing_or_other_strategy entries=8 round_trips=8 net_cents=-50.8 loss_cluster=6 zero_fills=10 filled_events=50 positions=0 orders=0 source_stale=32/200(16pct) zero_entry=entry_path_active_rescore_and_reconcile no_entry_review_due=False mature_markets=3 markets_until_review=5 latest=mushroom_v28_rejected/edge_below_floor
2026-05-09 21:56:42 -04:00 | kill=kill_loss_cluster_6 action=no_lock
2026-05-09 21:56:42 -04:00 | decision=kill_loss_cluster_6 status=not_running_lock_missing_or_other_strategy entries=8 round_trips=8 net_cents=-50.8 loss_cluster=6 zero_fills=10 filled_events=50 positions=0 orders=0 source_stale=32/200(16pct) zero_entry=entry_path_active_rescore_and_reconcile no_entry_review_due=False mature_markets=3 markets_until_review=5 latest=mushroom_v28_rejected/edge_below_floor
2026-05-09 21:57:46 -04:00 | kill=kill_loss_cluster_6 action=no_lock
2026-05-09 21:57:46 -04:00 | decision=kill_loss_cluster_6 status=not_running_lock_missing_or_other_strategy entries=8 round_trips=8 net_cents=-50.8 loss_cluster=6 zero_fills=10 filled_events=50 positions=0 orders=0 source_stale=32/200(16pct) zero_entry=entry_path_active_rescore_and_reconcile no_entry_review_due=False mature_markets=3 markets_until_review=5 latest=mushroom_v28_rejected/edge_below_floor
2026-05-09 21:58:51 -04:00 | kill=kill_loss_cluster_6 action=no_lock
2026-05-09 21:58:51 -04:00 | decision=kill_loss_cluster_6 status=not_running_lock_missing_or_other_strategy entries=8 round_trips=8 net_cents=-50.8 loss_cluster=6 zero_fills=10 filled_events=50 positions=0 orders=0 source_stale=32/200(16pct) zero_entry=entry_path_active_rescore_and_reconcile no_entry_review_due=False mature_markets=3 markets_until_review=5 latest=mushroom_v28_rejected/edge_below_floor
2026-05-09 21:59:55 -04:00 | kill=kill_loss_cluster_6 action=no_lock
2026-05-09 21:59:55 -04:00 | decision=kill_loss_cluster_6 status=not_running_lock_missing_or_other_strategy entries=8 round_trips=8 net_cents=-50.8 loss_cluster=6 zero_fills=10 filled_events=50 positions=0 orders=0 source_stale=32/200(16pct) zero_entry=entry_path_active_rescore_and_reconcile no_entry_review_due=False mature_markets=3 markets_until_review=5 latest=mushroom_v28_rejected/edge_below_floor
2026-05-09 22:00:59 -04:00 | kill=kill_loss_cluster_6 action=no_lock
2026-05-09 22:00:59 -04:00 | decision=kill_loss_cluster_6 status=not_running_lock_missing_or_other_strategy entries=8 round_trips=8 net_cents=-50.8 loss_cluster=6 zero_fills=10 filled_events=50 positions=0 orders=0 source_stale=32/200(16pct) zero_entry=entry_path_active_rescore_and_reconcile no_entry_review_due=False mature_markets=3 markets_until_review=5 latest=mushroom_v28_rejected/edge_below_floor
2026-05-09 22:02:02 -04:00 | kill=kill_loss_cluster_6 action=no_lock
2026-05-09 22:02:02 -04:00 | decision=kill_loss_cluster_6 status=not_running_lock_missing_or_other_strategy entries=8 round_trips=8 net_cents=-50.8 loss_cluster=6 zero_fills=10 filled_events=50 positions=0 orders=0 source_stale=32/200(16pct) zero_entry=entry_path_active_rescore_and_reconcile no_entry_review_due=False mature_markets=3 markets_until_review=5 latest=mushroom_v28_rejected/edge_below_floor
2026-05-09 22:03:06 -04:00 | kill=kill_loss_cluster_6 action=no_lock
2026-05-09 22:03:06 -04:00 | decision=kill_loss_cluster_6 status=not_running_lock_missing_or_other_strategy entries=8 round_trips=8 net_cents=-50.8 loss_cluster=6 zero_fills=10 filled_events=50 positions=0 orders=0 source_stale=32/200(16pct) zero_entry=entry_path_active_rescore_and_reconcile no_entry_review_due=False mature_markets=3 markets_until_review=5 latest=mushroom_v28_rejected/edge_below_floor
2026-05-09 22:04:10 -04:00 | kill=kill_loss_cluster_6 action=no_lock
2026-05-09 22:04:10 -04:00 | decision=kill_loss_cluster_6 status=not_running_lock_missing_or_other_strategy entries=8 round_trips=8 net_cents=-50.8 loss_cluster=6 zero_fills=10 filled_events=50 positions=0 orders=0 source_stale=32/200(16pct) zero_entry=entry_path_active_rescore_and_reconcile no_entry_review_due=False mature_markets=3 markets_until_review=5 latest=mushroom_v28_rejected/edge_below_floor
2026-05-09 22:05:14 -04:00 | kill=kill_loss_cluster_6 action=no_lock
2026-05-09 22:05:14 -04:00 | decision=kill_loss_cluster_6 status=not_running_lock_missing_or_other_strategy entries=8 round_trips=8 net_cents=-50.8 loss_cluster=6 zero_fills=10 filled_events=50 positions=0 orders=0 source_stale=32/200(16pct) zero_entry=entry_path_active_rescore_and_reconcile no_entry_review_due=False mature_markets=3 markets_until_review=5 latest=mushroom_v28_rejected/edge_below_floor
2026-05-09 22:06:19 -04:00 | kill=kill_loss_cluster_6 action=no_lock
2026-05-09 22:06:19 -04:00 | decision=kill_loss_cluster_6 status=not_running_lock_missing_or_other_strategy entries=8 round_trips=8 net_cents=-50.8 loss_cluster=6 zero_fills=10 filled_events=50 positions=0 orders=0 source_stale=32/200(16pct) zero_entry=entry_path_active_rescore_and_reconcile no_entry_review_due=False mature_markets=3 markets_until_review=5 latest=mushroom_v28_rejected/edge_below_floor
2026-05-09 22:07:23 -04:00 | kill=kill_loss_cluster_6 action=no_lock
2026-05-09 22:07:23 -04:00 | decision=kill_loss_cluster_6 status=not_running_lock_missing_or_other_strategy entries=8 round_trips=8 net_cents=-50.8 loss_cluster=6 zero_fills=10 filled_events=50 positions=0 orders=0 source_stale=32/200(16pct) zero_entry=entry_path_active_rescore_and_reconcile no_entry_review_due=False mature_markets=3 markets_until_review=5 latest=mushroom_v28_rejected/edge_below_floor
2026-05-09 22:08:27 -04:00 | kill=kill_loss_cluster_6 action=no_lock
2026-05-09 22:08:27 -04:00 | decision=kill_loss_cluster_6 status=not_running_lock_missing_or_other_strategy entries=8 round_trips=8 net_cents=-50.8 loss_cluster=6 zero_fills=10 filled_events=50 positions=0 orders=0 source_stale=32/200(16pct) zero_entry=entry_path_active_rescore_and_reconcile no_entry_review_due=False mature_markets=3 markets_until_review=5 latest=mushroom_v28_rejected/edge_below_floor
2026-05-09 22:09:31 -04:00 | kill=kill_loss_cluster_6 action=no_lock
2026-05-09 22:09:31 -04:00 | decision=kill_loss_cluster_6 status=not_running_lock_missing_or_other_strategy entries=8 round_trips=8 net_cents=-50.8 loss_cluster=6 zero_fills=10 filled_events=50 positions=0 orders=0 source_stale=32/200(16pct) zero_entry=entry_path_active_rescore_and_reconcile no_entry_review_due=False mature_markets=3 markets_until_review=5 latest=mushroom_v28_rejected/edge_below_floor
2026-05-09 22:10:35 -04:00 | kill=kill_loss_cluster_6 action=no_lock
2026-05-09 22:10:35 -04:00 | decision=kill_loss_cluster_6 status=not_running_lock_missing_or_other_strategy entries=8 round_trips=8 net_cents=-50.8 loss_cluster=6 zero_fills=10 filled_events=50 positions=0 orders=0 source_stale=32/200(16pct) zero_entry=entry_path_active_rescore_and_reconcile no_entry_review_due=False mature_markets=3 markets_until_review=5 latest=mushroom_v28_rejected/edge_below_floor
2026-05-09 22:11:39 -04:00 | kill=kill_loss_cluster_6 action=no_lock
2026-05-09 22:11:39 -04:00 | decision=kill_loss_cluster_6 status=not_running_lock_missing_or_other_strategy entries=8 round_trips=8 net_cents=-50.8 loss_cluster=6 zero_fills=10 filled_events=50 positions=0 orders=0 source_stale=32/200(16pct) zero_entry=entry_path_active_rescore_and_reconcile no_entry_review_due=False mature_markets=3 markets_until_review=5 latest=mushroom_v28_rejected/edge_below_floor
2026-05-09 22:12:44 -04:00 | kill=kill_loss_cluster_6 action=no_lock
2026-05-09 22:12:44 -04:00 | decision=kill_loss_cluster_6 status=not_running_lock_missing_or_other_strategy entries=8 round_trips=8 net_cents=-50.8 loss_cluster=6 zero_fills=10 filled_events=50 positions=0 orders=0 source_stale=32/200(16pct) zero_entry=entry_path_active_rescore_and_reconcile no_entry_review_due=False mature_markets=3 markets_until_review=5 latest=mushroom_v28_rejected/edge_below_floor
2026-05-09 22:13:48 -04:00 | kill=kill_loss_cluster_6 action=no_lock
2026-05-09 22:13:48 -04:00 | decision=kill_loss_cluster_6 status=not_running_lock_missing_or_other_strategy entries=8 round_trips=8 net_cents=-50.8 loss_cluster=6 zero_fills=10 filled_events=50 positions=0 orders=0 source_stale=32/200(16pct) zero_entry=entry_path_active_rescore_and_reconcile no_entry_review_due=False mature_markets=3 markets_until_review=5 latest=mushroom_v28_rejected/edge_below_floor
2026-05-09 22:14:53 -04:00 | kill=kill_loss_cluster_6 action=no_lock
2026-05-09 22:14:53 -04:00 | decision=kill_loss_cluster_6 status=not_running_lock_missing_or_other_strategy entries=8 round_trips=8 net_cents=-50.8 loss_cluster=6 zero_fills=10 filled_events=50 positions=0 orders=0 source_stale=32/200(16pct) zero_entry=entry_path_active_rescore_and_reconcile no_entry_review_due=False mature_markets=3 markets_until_review=5 latest=mushroom_v28_rejected/edge_below_floor
2026-05-09 22:15:57 -04:00 | kill=kill_loss_cluster_6 action=no_lock
2026-05-09 22:15:57 -04:00 | decision=kill_loss_cluster_6 status=not_running_lock_missing_or_other_strategy entries=8 round_trips=8 net_cents=-50.8 loss_cluster=6 zero_fills=10 filled_events=50 positions=0 orders=0 source_stale=32/200(16pct) zero_entry=entry_path_active_rescore_and_reconcile no_entry_review_due=False mature_markets=3 markets_until_review=5 latest=mushroom_v28_rejected/edge_below_floor
2026-05-09 22:17:02 -04:00 | kill=kill_loss_cluster_6 action=no_lock
2026-05-09 22:17:02 -04:00 | decision=kill_loss_cluster_6 status=not_running_lock_missing_or_other_strategy entries=8 round_trips=8 net_cents=-50.8 loss_cluster=6 zero_fills=10 filled_events=50 positions=0 orders=0 source_stale=32/200(16pct) zero_entry=entry_path_active_rescore_and_reconcile no_entry_review_due=False mature_markets=3 markets_until_review=5 latest=mushroom_v28_rejected/edge_below_floor
2026-05-09 22:18:06 -04:00 | kill=kill_loss_cluster_6 action=no_lock
2026-05-09 22:18:06 -04:00 | decision=kill_loss_cluster_6 status=not_running_lock_missing_or_other_strategy entries=8 round_trips=8 net_cents=-50.8 loss_cluster=6 zero_fills=10 filled_events=50 positions=0 orders=0 source_stale=32/200(16pct) zero_entry=entry_path_active_rescore_and_reconcile no_entry_review_due=False mature_markets=3 markets_until_review=5 latest=mushroom_v28_rejected/edge_below_floor
2026-05-09 22:19:10 -04:00 | kill=kill_loss_cluster_6 action=no_lock
2026-05-09 22:19:10 -04:00 | decision=kill_loss_cluster_6 status=not_running_lock_missing_or_other_strategy entries=8 round_trips=8 net_cents=-50.8 loss_cluster=6 zero_fills=10 filled_events=50 positions=0 orders=0 source_stale=32/200(16pct) zero_entry=entry_path_active_rescore_and_reconcile no_entry_review_due=False mature_markets=3 markets_until_review=5 latest=mushroom_v28_rejected/edge_below_floor
2026-05-09 22:20:14 -04:00 | kill=kill_loss_cluster_6 action=no_lock
2026-05-09 22:20:14 -04:00 | decision=kill_loss_cluster_6 status=not_running_lock_missing_or_other_strategy entries=8 round_trips=8 net_cents=-50.8 loss_cluster=6 zero_fills=10 filled_events=50 positions=0 orders=0 source_stale=32/200(16pct) zero_entry=entry_path_active_rescore_and_reconcile no_entry_review_due=False mature_markets=3 markets_until_review=5 latest=mushroom_v28_rejected/edge_below_floor
2026-05-09 22:21:18 -04:00 | kill=kill_loss_cluster_6 action=no_lock
2026-05-09 22:21:18 -04:00 | decision=kill_loss_cluster_6 status=not_running_lock_missing_or_other_strategy entries=8 round_trips=8 net_cents=-50.8 loss_cluster=6 zero_fills=10 filled_events=50 positions=0 orders=0 source_stale=32/200(16pct) zero_entry=entry_path_active_rescore_and_reconcile no_entry_review_due=False mature_markets=3 markets_until_review=5 latest=mushroom_v28_rejected/edge_below_floor
2026-05-09 22:22:23 -04:00 | kill=kill_loss_cluster_6 action=no_lock
2026-05-09 22:22:23 -04:00 | decision=kill_loss_cluster_6 status=not_running_lock_missing_or_other_strategy entries=8 round_trips=8 net_cents=-50.8 loss_cluster=6 zero_fills=10 filled_events=50 positions=0 orders=0 source_stale=32/200(16pct) zero_entry=entry_path_active_rescore_and_reconcile no_entry_review_due=False mature_markets=3 markets_until_review=5 latest=mushroom_v28_rejected/edge_below_floor
2026-05-09 22:23:27 -04:00 | kill=kill_loss_cluster_6 action=no_lock
2026-05-09 22:23:27 -04:00 | decision=kill_loss_cluster_6 status=not_running_lock_missing_or_other_strategy entries=8 round_trips=8 net_cents=-50.8 loss_cluster=6 zero_fills=10 filled_events=50 positions=0 orders=0 source_stale=32/200(16pct) zero_entry=entry_path_active_rescore_and_reconcile no_entry_review_due=False mature_markets=3 markets_until_review=5 latest=mushroom_v28_rejected/edge_below_floor
2026-05-09 22:24:31 -04:00 | kill=kill_loss_cluster_6 action=no_lock
2026-05-09 22:24:31 -04:00 | decision=kill_loss_cluster_6 status=not_running_lock_missing_or_other_strategy entries=8 round_trips=8 net_cents=-50.8 loss_cluster=6 zero_fills=10 filled_events=50 positions=0 orders=0 source_stale=32/200(16pct) zero_entry=entry_path_active_rescore_and_reconcile no_entry_review_due=False mature_markets=3 markets_until_review=5 latest=mushroom_v28_rejected/edge_below_floor
2026-05-09 22:25:36 -04:00 | kill=kill_loss_cluster_6 action=no_lock
2026-05-09 22:25:36 -04:00 | decision=kill_loss_cluster_6 status=not_running_lock_missing_or_other_strategy entries=8 round_trips=8 net_cents=-50.8 loss_cluster=6 zero_fills=10 filled_events=50 positions=0 orders=0 source_stale=32/200(16pct) zero_entry=entry_path_active_rescore_and_reconcile no_entry_review_due=False mature_markets=3 markets_until_review=5 latest=mushroom_v28_rejected/edge_below_floor
2026-05-09 22:26:39 -04:00 | kill=kill_loss_cluster_6 action=no_lock
2026-05-09 22:26:39 -04:00 | decision=kill_loss_cluster_6 status=not_running_lock_missing_or_other_strategy entries=8 round_trips=8 net_cents=-50.8 loss_cluster=6 zero_fills=10 filled_events=50 positions=0 orders=0 source_stale=32/200(16pct) zero_entry=entry_path_active_rescore_and_reconcile no_entry_review_due=False mature_markets=3 markets_until_review=5 latest=mushroom_v28_rejected/edge_below_floor
2026-05-09 22:27:44 -04:00 | kill=kill_loss_cluster_6 action=no_lock
2026-05-09 22:27:44 -04:00 | decision=kill_loss_cluster_6 status=not_running_lock_missing_or_other_strategy entries=8 round_trips=8 net_cents=-50.8 loss_cluster=6 zero_fills=10 filled_events=50 positions=0 orders=0 source_stale=32/200(16pct) zero_entry=entry_path_active_rescore_and_reconcile no_entry_review_due=False mature_markets=3 markets_until_review=5 latest=mushroom_v28_rejected/edge_below_floor
2026-05-09 22:28:48 -04:00 | kill=kill_loss_cluster_6 action=no_lock
2026-05-09 22:28:48 -04:00 | decision=kill_loss_cluster_6 status=not_running_lock_missing_or_other_strategy entries=8 round_trips=8 net_cents=-50.8 loss_cluster=6 zero_fills=10 filled_events=50 positions=0 orders=0 source_stale=32/200(16pct) zero_entry=entry_path_active_rescore_and_reconcile no_entry_review_due=False mature_markets=3 markets_until_review=5 latest=mushroom_v28_rejected/edge_below_floor
2026-05-09 22:29:52 -04:00 | kill=kill_loss_cluster_6 action=no_lock
2026-05-09 22:29:52 -04:00 | decision=kill_loss_cluster_6 status=not_running_lock_missing_or_other_strategy entries=8 round_trips=8 net_cents=-50.8 loss_cluster=6 zero_fills=10 filled_events=50 positions=0 orders=0 source_stale=32/200(16pct) zero_entry=entry_path_active_rescore_and_reconcile no_entry_review_due=False mature_markets=3 markets_until_review=5 latest=mushroom_v28_rejected/edge_below_floor
2026-05-09 22:30:56 -04:00 | kill=kill_loss_cluster_6 action=no_lock
2026-05-09 22:30:56 -04:00 | decision=kill_loss_cluster_6 status=not_running_lock_missing_or_other_strategy entries=8 round_trips=8 net_cents=-50.8 loss_cluster=6 zero_fills=10 filled_events=50 positions=0 orders=0 source_stale=32/200(16pct) zero_entry=entry_path_active_rescore_and_reconcile no_entry_review_due=False mature_markets=3 markets_until_review=5 latest=mushroom_v28_rejected/edge_below_floor
2026-05-09 22:32:00 -04:00 | kill=kill_loss_cluster_6 action=no_lock
2026-05-09 22:32:00 -04:00 | decision=kill_loss_cluster_6 status=not_running_lock_missing_or_other_strategy entries=8 round_trips=8 net_cents=-50.8 loss_cluster=6 zero_fills=10 filled_events=50 positions=0 orders=0 source_stale=32/200(16pct) zero_entry=entry_path_active_rescore_and_reconcile no_entry_review_due=False mature_markets=3 markets_until_review=5 latest=mushroom_v28_rejected/edge_below_floor
2026-05-09 22:33:04 -04:00 | kill=kill_loss_cluster_6 action=no_lock
2026-05-09 22:33:04 -04:00 | decision=kill_loss_cluster_6 status=not_running_lock_missing_or_other_strategy entries=8 round_trips=8 net_cents=-50.8 loss_cluster=6 zero_fills=10 filled_events=50 positions=0 orders=0 source_stale=32/200(16pct) zero_entry=entry_path_active_rescore_and_reconcile no_entry_review_due=False mature_markets=3 markets_until_review=5 latest=mushroom_v28_rejected/edge_below_floor
2026-05-09 22:34:08 -04:00 | kill=kill_loss_cluster_6 action=no_lock
2026-05-09 22:34:08 -04:00 | decision=kill_loss_cluster_6 status=not_running_lock_missing_or_other_strategy entries=8 round_trips=8 net_cents=-50.8 loss_cluster=6 zero_fills=10 filled_events=50 positions=0 orders=0 source_stale=32/200(16pct) zero_entry=entry_path_active_rescore_and_reconcile no_entry_review_due=False mature_markets=3 markets_until_review=5 latest=mushroom_v28_rejected/edge_below_floor
2026-05-09 22:35:12 -04:00 | kill=kill_loss_cluster_6 action=no_lock
2026-05-09 22:35:12 -04:00 | decision=kill_loss_cluster_6 status=not_running_lock_missing_or_other_strategy entries=8 round_trips=8 net_cents=-50.8 loss_cluster=6 zero_fills=10 filled_events=50 positions=0 orders=0 source_stale=32/200(16pct) zero_entry=entry_path_active_rescore_and_reconcile no_entry_review_due=False mature_markets=3 markets_until_review=5 latest=mushroom_v28_rejected/edge_below_floor
2026-05-09 22:36:16 -04:00 | kill=kill_loss_cluster_6 action=no_lock
2026-05-09 22:36:16 -04:00 | decision=kill_loss_cluster_6 status=not_running_lock_missing_or_other_strategy entries=8 round_trips=8 net_cents=-50.8 loss_cluster=6 zero_fills=10 filled_events=50 positions=0 orders=0 source_stale=32/200(16pct) zero_entry=entry_path_active_rescore_and_reconcile no_entry_review_due=False mature_markets=3 markets_until_review=5 latest=mushroom_v28_rejected/edge_below_floor
2026-05-09 22:37:20 -04:00 | kill=kill_loss_cluster_6 action=no_lock
2026-05-09 22:37:20 -04:00 | decision=kill_loss_cluster_6 status=not_running_lock_missing_or_other_strategy entries=8 round_trips=8 net_cents=-50.8 loss_cluster=6 zero_fills=10 filled_events=50 positions=0 orders=0 source_stale=32/200(16pct) zero_entry=entry_path_active_rescore_and_reconcile no_entry_review_due=False mature_markets=3 markets_until_review=5 latest=mushroom_v28_rejected/edge_below_floor
2026-05-09 22:38:24 -04:00 | kill=kill_loss_cluster_6 action=no_lock
2026-05-09 22:38:24 -04:00 | decision=kill_loss_cluster_6 status=not_running_lock_missing_or_other_strategy entries=8 round_trips=8 net_cents=-50.8 loss_cluster=6 zero_fills=10 filled_events=50 positions=0 orders=0 source_stale=32/200(16pct) zero_entry=entry_path_active_rescore_and_reconcile no_entry_review_due=False mature_markets=3 markets_until_review=5 latest=mushroom_v28_rejected/edge_below_floor
2026-05-09 22:39:28 -04:00 | kill=kill_loss_cluster_6 action=no_lock
2026-05-09 22:39:28 -04:00 | decision=kill_loss_cluster_6 status=not_running_lock_missing_or_other_strategy entries=8 round_trips=8 net_cents=-50.8 loss_cluster=6 zero_fills=10 filled_events=50 positions=0 orders=0 source_stale=32/200(16pct) zero_entry=entry_path_active_rescore_and_reconcile no_entry_review_due=False mature_markets=3 markets_until_review=5 latest=mushroom_v28_rejected/edge_below_floor
2026-05-09 22:40:32 -04:00 | kill=kill_loss_cluster_6 action=no_lock
2026-05-09 22:40:32 -04:00 | decision=kill_loss_cluster_6 status=not_running_lock_missing_or_other_strategy entries=8 round_trips=8 net_cents=-50.8 loss_cluster=6 zero_fills=10 filled_events=50 positions=0 orders=0 source_stale=32/200(16pct) zero_entry=entry_path_active_rescore_and_reconcile no_entry_review_due=False mature_markets=3 markets_until_review=5 latest=mushroom_v28_rejected/edge_below_floor
2026-05-09 22:41:36 -04:00 | kill=kill_loss_cluster_6 action=no_lock
2026-05-09 22:41:36 -04:00 | decision=kill_loss_cluster_6 status=not_running_lock_missing_or_other_strategy entries=8 round_trips=8 net_cents=-50.8 loss_cluster=6 zero_fills=10 filled_events=50 positions=0 orders=0 source_stale=32/200(16pct) zero_entry=entry_path_active_rescore_and_reconcile no_entry_review_due=False mature_markets=3 markets_until_review=5 latest=mushroom_v28_rejected/edge_below_floor
2026-05-09 22:42:40 -04:00 | kill=kill_loss_cluster_6 action=no_lock
2026-05-09 22:42:40 -04:00 | decision=kill_loss_cluster_6 status=not_running_lock_missing_or_other_strategy entries=8 round_trips=8 net_cents=-50.8 loss_cluster=6 zero_fills=10 filled_events=50 positions=0 orders=0 source_stale=32/200(16pct) zero_entry=entry_path_active_rescore_and_reconcile no_entry_review_due=False mature_markets=3 markets_until_review=5 latest=mushroom_v28_rejected/edge_below_floor
2026-05-09 22:43:44 -04:00 | kill=kill_loss_cluster_6 action=no_lock
2026-05-09 22:43:44 -04:00 | decision=kill_loss_cluster_6 status=not_running_lock_missing_or_other_strategy entries=8 round_trips=8 net_cents=-50.8 loss_cluster=6 zero_fills=10 filled_events=50 positions=0 orders=0 source_stale=32/200(16pct) zero_entry=entry_path_active_rescore_and_reconcile no_entry_review_due=False mature_markets=3 markets_until_review=5 latest=mushroom_v28_rejected/edge_below_floor
2026-05-09 22:44:48 -04:00 | kill=kill_loss_cluster_6 action=no_lock
2026-05-09 22:44:48 -04:00 | decision=kill_loss_cluster_6 status=not_running_lock_missing_or_other_strategy entries=8 round_trips=8 net_cents=-50.8 loss_cluster=6 zero_fills=10 filled_events=50 positions=0 orders=0 source_stale=32/200(16pct) zero_entry=entry_path_active_rescore_and_reconcile no_entry_review_due=False mature_markets=3 markets_until_review=5 latest=mushroom_v28_rejected/edge_below_floor
2026-05-09 22:45:52 -04:00 | kill=kill_loss_cluster_6 action=no_lock
2026-05-09 22:45:52 -04:00 | decision=kill_loss_cluster_6 status=not_running_lock_missing_or_other_strategy entries=8 round_trips=8 net_cents=-50.8 loss_cluster=6 zero_fills=10 filled_events=50 positions=0 orders=0 source_stale=32/200(16pct) zero_entry=entry_path_active_rescore_and_reconcile no_entry_review_due=False mature_markets=3 markets_until_review=5 latest=mushroom_v28_rejected/edge_below_floor
2026-05-09 22:46:56 -04:00 | kill=kill_loss_cluster_6 action=no_lock
2026-05-09 22:46:56 -04:00 | decision=kill_loss_cluster_6 status=not_running_lock_missing_or_other_strategy entries=8 round_trips=8 net_cents=-50.8 loss_cluster=6 zero_fills=10 filled_events=50 positions=0 orders=0 source_stale=32/200(16pct) zero_entry=entry_path_active_rescore_and_reconcile no_entry_review_due=False mature_markets=3 markets_until_review=5 latest=mushroom_v28_rejected/edge_below_floor
2026-05-09 22:48:00 -04:00 | kill=kill_loss_cluster_6 action=no_lock
2026-05-09 22:48:00 -04:00 | decision=kill_loss_cluster_6 status=not_running_lock_missing_or_other_strategy entries=8 round_trips=8 net_cents=-50.8 loss_cluster=6 zero_fills=10 filled_events=50 positions=0 orders=0 source_stale=32/200(16pct) zero_entry=entry_path_active_rescore_and_reconcile no_entry_review_due=False mature_markets=3 markets_until_review=5 latest=mushroom_v28_rejected/edge_below_floor
2026-05-09 22:49:04 -04:00 | kill=kill_loss_cluster_6 action=no_lock
2026-05-09 22:49:04 -04:00 | decision=kill_loss_cluster_6 status=not_running_lock_missing_or_other_strategy entries=8 round_trips=8 net_cents=-50.8 loss_cluster=6 zero_fills=10 filled_events=50 positions=0 orders=0 source_stale=32/200(16pct) zero_entry=entry_path_active_rescore_and_reconcile no_entry_review_due=False mature_markets=3 markets_until_review=5 latest=mushroom_v28_rejected/edge_below_floor
2026-05-09 22:50:08 -04:00 | kill=kill_loss_cluster_6 action=no_lock
2026-05-09 22:50:08 -04:00 | decision=kill_loss_cluster_6 status=not_running_lock_missing_or_other_strategy entries=8 round_trips=8 net_cents=-50.8 loss_cluster=6 zero_fills=10 filled_events=50 positions=0 orders=0 source_stale=32/200(16pct) zero_entry=entry_path_active_rescore_and_reconcile no_entry_review_due=False mature_markets=3 markets_until_review=5 latest=mushroom_v28_rejected/edge_below_floor
2026-05-09 22:51:12 -04:00 | kill=kill_loss_cluster_6 action=no_lock
2026-05-09 22:51:12 -04:00 | decision=kill_loss_cluster_6 status=not_running_lock_missing_or_other_strategy entries=8 round_trips=8 net_cents=-50.8 loss_cluster=6 zero_fills=10 filled_events=50 positions=0 orders=0 source_stale=32/200(16pct) zero_entry=entry_path_active_rescore_and_reconcile no_entry_review_due=False mature_markets=3 markets_until_review=5 latest=mushroom_v28_rejected/edge_below_floor
2026-05-09 22:52:17 -04:00 | kill=kill_loss_cluster_6 action=no_lock
2026-05-09 22:52:17 -04:00 | decision=kill_loss_cluster_6 status=not_running_lock_missing_or_other_strategy entries=8 round_trips=8 net_cents=-50.8 loss_cluster=6 zero_fills=10 filled_events=50 positions=0 orders=0 source_stale=32/200(16pct) zero_entry=entry_path_active_rescore_and_reconcile no_entry_review_due=False mature_markets=3 markets_until_review=5 latest=mushroom_v28_rejected/edge_below_floor
2026-05-09 22:53:21 -04:00 | kill=kill_loss_cluster_6 action=no_lock
2026-05-09 22:53:21 -04:00 | decision=kill_loss_cluster_6 status=not_running_lock_missing_or_other_strategy entries=8 round_trips=8 net_cents=-50.8 loss_cluster=6 zero_fills=10 filled_events=50 positions=0 orders=0 source_stale=32/200(16pct) zero_entry=entry_path_active_rescore_and_reconcile no_entry_review_due=False mature_markets=3 markets_until_review=5 latest=mushroom_v28_rejected/edge_below_floor
2026-05-09 22:54:24 -04:00 | kill=kill_loss_cluster_6 action=no_lock
2026-05-09 22:54:24 -04:00 | decision=kill_loss_cluster_6 status=not_running_lock_missing_or_other_strategy entries=8 round_trips=8 net_cents=-50.8 loss_cluster=6 zero_fills=10 filled_events=50 positions=0 orders=0 source_stale=32/200(16pct) zero_entry=entry_path_active_rescore_and_reconcile no_entry_review_due=False mature_markets=3 markets_until_review=5 latest=mushroom_v28_rejected/edge_below_floor
2026-05-09 22:55:29 -04:00 | kill=kill_loss_cluster_6 action=no_lock
2026-05-09 22:55:29 -04:00 | decision=kill_loss_cluster_6 status=not_running_lock_missing_or_other_strategy entries=8 round_trips=8 net_cents=-50.8 loss_cluster=6 zero_fills=10 filled_events=50 positions=0 orders=0 source_stale=32/200(16pct) zero_entry=entry_path_active_rescore_and_reconcile no_entry_review_due=False mature_markets=3 markets_until_review=5 latest=mushroom_v28_rejected/edge_below_floor
2026-05-09 22:56:33 -04:00 | kill=kill_loss_cluster_6 action=no_lock
2026-05-09 22:56:33 -04:00 | decision=kill_loss_cluster_6 status=not_running_lock_missing_or_other_strategy entries=8 round_trips=8 net_cents=-50.8 loss_cluster=6 zero_fills=10 filled_events=50 positions=0 orders=0 source_stale=32/200(16pct) zero_entry=entry_path_active_rescore_and_reconcile no_entry_review_due=False mature_markets=3 markets_until_review=5 latest=mushroom_v28_rejected/edge_below_floor
2026-05-09 22:57:37 -04:00 | kill=kill_loss_cluster_6 action=no_lock
2026-05-09 22:57:37 -04:00 | decision=kill_loss_cluster_6 status=not_running_lock_missing_or_other_strategy entries=8 round_trips=8 net_cents=-50.8 loss_cluster=6 zero_fills=10 filled_events=50 positions=0 orders=0 source_stale=32/200(16pct) zero_entry=entry_path_active_rescore_and_reconcile no_entry_review_due=False mature_markets=3 markets_until_review=5 latest=mushroom_v28_rejected/edge_below_floor
2026-05-09 22:58:41 -04:00 | kill=kill_loss_cluster_6 action=no_lock
2026-05-09 22:58:41 -04:00 | decision=kill_loss_cluster_6 status=not_running_lock_missing_or_other_strategy entries=8 round_trips=8 net_cents=-50.8 loss_cluster=6 zero_fills=10 filled_events=50 positions=0 orders=0 source_stale=32/200(16pct) zero_entry=entry_path_active_rescore_and_reconcile no_entry_review_due=False mature_markets=3 markets_until_review=5 latest=mushroom_v28_rejected/edge_below_floor
2026-05-09 22:59:45 -04:00 | kill=kill_loss_cluster_6 action=no_lock
2026-05-09 22:59:45 -04:00 | decision=kill_loss_cluster_6 status=not_running_lock_missing_or_other_strategy entries=8 round_trips=8 net_cents=-50.8 loss_cluster=6 zero_fills=10 filled_events=50 positions=0 orders=0 source_stale=32/200(16pct) zero_entry=entry_path_active_rescore_and_reconcile no_entry_review_due=False mature_markets=3 markets_until_review=5 latest=mushroom_v28_rejected/edge_below_floor
2026-05-09 23:00:51 -04:00 | kill=kill_loss_cluster_6 action=no_lock
2026-05-09 23:00:51 -04:00 | decision=kill_loss_cluster_6 status=not_running_lock_missing_or_other_strategy entries=8 round_trips=8 net_cents=-50.8 loss_cluster=6 zero_fills=10 filled_events=50 positions=0 orders=0 source_stale=32/200(16pct) zero_entry=entry_path_active_rescore_and_reconcile no_entry_review_due=False mature_markets=3 markets_until_review=5 latest=mushroom_v28_rejected/edge_below_floor
2026-05-09 23:01:56 -04:00 | kill=kill_loss_cluster_6 action=no_lock
2026-05-09 23:01:56 -04:00 | decision=kill_loss_cluster_6 status=not_running_lock_missing_or_other_strategy entries=8 round_trips=8 net_cents=-50.8 loss_cluster=6 zero_fills=10 filled_events=50 positions=0 orders=0 source_stale=32/200(16pct) zero_entry=entry_path_active_rescore_and_reconcile no_entry_review_due=False mature_markets=3 markets_until_review=5 latest=mushroom_v28_rejected/edge_below_floor
2026-05-09 23:03:02 -04:00 | kill=kill_loss_cluster_6 action=no_lock
2026-05-09 23:03:02 -04:00 | decision=kill_loss_cluster_6 status=not_running_lock_missing_or_other_strategy entries=8 round_trips=8 net_cents=-50.8 loss_cluster=6 zero_fills=10 filled_events=50 positions=0 orders=0 source_stale=32/200(16pct) zero_entry=entry_path_active_rescore_and_reconcile no_entry_review_due=False mature_markets=3 markets_until_review=5 latest=mushroom_v28_rejected/edge_below_floor
2026-05-09 23:04:08 -04:00 | kill=kill_loss_cluster_6 action=no_lock
2026-05-09 23:04:08 -04:00 | decision=kill_loss_cluster_6 status=not_running_lock_missing_or_other_strategy entries=8 round_trips=8 net_cents=-50.8 loss_cluster=6 zero_fills=10 filled_events=50 positions=0 orders=0 source_stale=32/200(16pct) zero_entry=entry_path_active_rescore_and_reconcile no_entry_review_due=False mature_markets=3 markets_until_review=5 latest=mushroom_v28_rejected/edge_below_floor
2026-05-09 23:05:13 -04:00 | kill=kill_loss_cluster_6 action=no_lock
2026-05-09 23:05:13 -04:00 | decision=kill_loss_cluster_6 status=not_running_lock_missing_or_other_strategy entries=8 round_trips=8 net_cents=-50.8 loss_cluster=6 zero_fills=10 filled_events=50 positions=0 orders=0 source_stale=32/200(16pct) zero_entry=entry_path_active_rescore_and_reconcile no_entry_review_due=False mature_markets=3 markets_until_review=5 latest=mushroom_v28_rejected/edge_below_floor
2026-05-09 23:06:18 -04:00 | kill=kill_loss_cluster_6 action=no_lock
2026-05-09 23:06:18 -04:00 | decision=kill_loss_cluster_6 status=not_running_lock_missing_or_other_strategy entries=8 round_trips=8 net_cents=-50.8 loss_cluster=6 zero_fills=10 filled_events=50 positions=0 orders=0 source_stale=32/200(16pct) zero_entry=entry_path_active_rescore_and_reconcile no_entry_review_due=False mature_markets=3 markets_until_review=5 latest=mushroom_v28_rejected/edge_below_floor
2026-05-09 23:07:24 -04:00 | kill=kill_loss_cluster_6 action=no_lock
2026-05-09 23:07:24 -04:00 | decision=kill_loss_cluster_6 status=not_running_lock_missing_or_other_strategy entries=8 round_trips=8 net_cents=-50.8 loss_cluster=6 zero_fills=10 filled_events=50 positions=0 orders=0 source_stale=32/200(16pct) zero_entry=entry_path_active_rescore_and_reconcile no_entry_review_due=False mature_markets=3 markets_until_review=5 latest=mushroom_v28_rejected/edge_below_floor
2026-05-09 23:08:30 -04:00 | kill=kill_loss_cluster_6 action=no_lock
2026-05-09 23:08:30 -04:00 | decision=kill_loss_cluster_6 status=not_running_lock_missing_or_other_strategy entries=8 round_trips=8 net_cents=-50.8 loss_cluster=6 zero_fills=10 filled_events=50 positions=0 orders=0 source_stale=32/200(16pct) zero_entry=entry_path_active_rescore_and_reconcile no_entry_review_due=False mature_markets=3 markets_until_review=5 latest=mushroom_v28_rejected/edge_below_floor
2026-05-09 23:09:36 -04:00 | kill=kill_loss_cluster_6 action=no_lock
2026-05-09 23:09:36 -04:00 | decision=kill_loss_cluster_6 status=not_running_lock_missing_or_other_strategy entries=8 round_trips=8 net_cents=-50.8 loss_cluster=6 zero_fills=10 filled_events=50 positions=0 orders=0 source_stale=32/200(16pct) zero_entry=entry_path_active_rescore_and_reconcile no_entry_review_due=False mature_markets=3 markets_until_review=5 latest=mushroom_v28_rejected/edge_below_floor
2026-05-09 23:10:42 -04:00 | kill=kill_loss_cluster_6 action=no_lock
2026-05-09 23:10:42 -04:00 | decision=kill_loss_cluster_6 status=not_running_lock_missing_or_other_strategy entries=8 round_trips=8 net_cents=-50.8 loss_cluster=6 zero_fills=10 filled_events=50 positions=0 orders=0 source_stale=32/200(16pct) zero_entry=entry_path_active_rescore_and_reconcile no_entry_review_due=False mature_markets=3 markets_until_review=5 latest=mushroom_v28_rejected/edge_below_floor
2026-05-09 23:11:48 -04:00 | kill=kill_loss_cluster_6 action=no_lock
2026-05-09 23:11:48 -04:00 | decision=kill_loss_cluster_6 status=not_running_lock_missing_or_other_strategy entries=8 round_trips=8 net_cents=-50.8 loss_cluster=6 zero_fills=10 filled_events=50 positions=0 orders=0 source_stale=32/200(16pct) zero_entry=entry_path_active_rescore_and_reconcile no_entry_review_due=False mature_markets=3 markets_until_review=5 latest=mushroom_v28_rejected/edge_below_floor
2026-05-09 23:12:55 -04:00 | kill=kill_loss_cluster_6 action=no_lock
2026-05-09 23:12:55 -04:00 | decision=kill_loss_cluster_6 status=not_running_lock_missing_or_other_strategy entries=8 round_trips=8 net_cents=-50.8 loss_cluster=6 zero_fills=10 filled_events=50 positions=0 orders=0 source_stale=32/200(16pct) zero_entry=entry_path_active_rescore_and_reconcile no_entry_review_due=False mature_markets=3 markets_until_review=5 latest=mushroom_v28_rejected/edge_below_floor
2026-05-09 23:14:01 -04:00 | kill=kill_loss_cluster_6 action=no_lock
2026-05-09 23:14:01 -04:00 | decision=kill_loss_cluster_6 status=not_running_lock_missing_or_other_strategy entries=8 round_trips=8 net_cents=-50.8 loss_cluster=6 zero_fills=10 filled_events=50 positions=0 orders=0 source_stale=32/200(16pct) zero_entry=entry_path_active_rescore_and_reconcile no_entry_review_due=False mature_markets=3 markets_until_review=5 latest=mushroom_v28_rejected/edge_below_floor
2026-05-09 23:15:07 -04:00 | kill=kill_loss_cluster_6 action=no_lock
2026-05-09 23:15:07 -04:00 | decision=kill_loss_cluster_6 status=not_running_lock_missing_or_other_strategy entries=8 round_trips=8 net_cents=-50.8 loss_cluster=6 zero_fills=10 filled_events=50 positions=0 orders=0 source_stale=32/200(16pct) zero_entry=entry_path_active_rescore_and_reconcile no_entry_review_due=False mature_markets=3 markets_until_review=5 latest=mushroom_v28_rejected/edge_below_floor
2026-05-09 23:16:13 -04:00 | kill=kill_loss_cluster_6 action=no_lock
2026-05-09 23:16:13 -04:00 | decision=kill_loss_cluster_6 status=not_running_lock_missing_or_other_strategy entries=8 round_trips=8 net_cents=-50.8 loss_cluster=6 zero_fills=10 filled_events=50 positions=0 orders=0 source_stale=32/200(16pct) zero_entry=entry_path_active_rescore_and_reconcile no_entry_review_due=False mature_markets=3 markets_until_review=5 latest=mushroom_v28_rejected/edge_below_floor
2026-05-09 23:17:19 -04:00 | kill=kill_loss_cluster_6 action=no_lock
2026-05-09 23:17:19 -04:00 | decision=kill_loss_cluster_6 status=not_running_lock_missing_or_other_strategy entries=8 round_trips=8 net_cents=-50.8 loss_cluster=6 zero_fills=10 filled_events=50 positions=0 orders=0 source_stale=32/200(16pct) zero_entry=entry_path_active_rescore_and_reconcile no_entry_review_due=False mature_markets=3 markets_until_review=5 latest=mushroom_v28_rejected/edge_below_floor
