2026-05-07 20:45:46,213 | INFO | Starting WS bot. run_id=d8d413f6-67be-44c2-b32b-d785efe316d0 dry_run=False base_url=https://api.elections.kalshi.com/trade-api/v2 ws_url=wss://api.elections.kalshi.com/trade-api/ws/v2 series=KXBTC15M
2026-05-07 20:45:47,848 | INFO | Watching market KXBTC15M-26MAY072100-00 close_time=2026-05-08T01:00:00Z status=active strike=79910.85 run_id=d8d413f6-67be-44c2-b32b-d785efe316d0
2026-05-07 20:45:47,851 | INFO | Heartbeat | watch=KXBTC15M-26MAY072100-00 yes_bid=None yes_ask=None no_bid=None no_ask=None book_ready=False position=False pending=False dry_run=False trust=cold run_id=d8d413f6-67be-44c2-b32b-d785efe316d0
2026-05-07 20:45:47,984 | INFO | WS connected for KXBTC15M-26MAY072100-00
2026-05-07 20:45:48,013 | INFO | WS subscribed payload: {'type': 'subscribed', 'id': 1, 'msg': {'channel': 'ticker', 'sid': 1}}
2026-05-07 20:45:48,013 | INFO | WS subscribed payload: {'type': 'subscribed', 'id': 1, 'msg': {'channel': 'orderbook_delta', 'sid': 2}}
2026-05-07 20:45:48,015 | INFO | Orderbook snapshot ready for KXBTC15M-26MAY072100-00
2026-05-07 20:46:01,366 | WARNING | Mushroom v28 BTC tick stream failed. reconnect_seconds=1.00 error=server rejected WebSocket connection: HTTP 520
2026-05-07 20:46:02,742 | INFO | Mushroom v28 BTC tick stream connected | source=binance_book_ticker url=wss://stream.binance.us:9443/ws/btcusdt@bookTicker
2026-05-07 20:46:02,883 | INFO | Heartbeat | watch=KXBTC15M-26MAY072100-00 yes_bid=39 yes_ask=40 no_bid=60 no_ask=61 book_ready=True position=False pending=False dry_run=False trust=synced run_id=d8d413f6-67be-44c2-b32b-d785efe316d0
2026-05-07 20:46:15,062 | WARNING | Mushroom v28 BTC tick stream stale. Restarting | age_ms=3016.0 threshold_ms=3000.0 source=binance_book_ticker
2026-05-07 20:46:20,075 | INFO | Heartbeat | watch=KXBTC15M-26MAY072100-00 yes_bid=32 yes_ask=33 no_bid=67 no_ask=68 book_ready=True position=False pending=False dry_run=False trust=synced run_id=d8d413f6-67be-44c2-b32b-d785efe316d0
2026-05-07 20:46:20,170 | WARNING | Mushroom v28 BTC tick stream stale. Restarting | age_ms=8125.0 threshold_ms=3000.0 source=binance_book_ticker
2026-05-07 20:46:20,396 | INFO | Mushroom v28 BTC tick stream connected | source=coinbase url=wss://ws-feed.exchange.coinbase.com
2026-05-07 20:46:35,083 | INFO | Heartbeat | watch=KXBTC15M-26MAY072100-00 yes_bid=31 yes_ask=32 no_bid=68 no_ask=69 book_ready=True position=False pending=False dry_run=False trust=synced run_id=d8d413f6-67be-44c2-b32b-d785efe316d0
2026-05-07 20:46:50,115 | INFO | Heartbeat | watch=KXBTC15M-26MAY072100-00 yes_bid=29 yes_ask=31 no_bid=69 no_ask=71 book_ready=True position=False pending=False dry_run=False trust=synced run_id=d8d413f6-67be-44c2-b32b-d785efe316d0
2026-05-07 20:47:02,302 | WARNING | Mushroom v28 BTC tick stream stale. Restarting | age_ms=3031.0 threshold_ms=3000.0 source=coinbase
2026-05-07 20:47:02,530 | INFO | Mushroom v28 BTC tick stream connected | source=coinbase url=wss://ws-feed.exchange.coinbase.com
2026-05-07 20:47:05,114 | INFO | Heartbeat | watch=KXBTC15M-26MAY072100-00 yes_bid=32 yes_ask=33 no_bid=67 no_ask=68 book_ready=True position=False pending=False dry_run=False trust=synced run_id=d8d413f6-67be-44c2-b32b-d785efe316d0
2026-05-07 20:47:20,134 | INFO | Heartbeat | watch=KXBTC15M-26MAY072100-00 yes_bid=28 yes_ask=29 no_bid=71 no_ask=72 book_ready=True position=False pending=False dry_run=False trust=synced run_id=d8d413f6-67be-44c2-b32b-d785efe316d0
2026-05-07 20:47:35,150 | INFO | Heartbeat | watch=KXBTC15M-26MAY072100-00 yes_bid=25 yes_ask=26 no_bid=74 no_ask=75 book_ready=True position=False pending=False dry_run=False trust=synced run_id=d8d413f6-67be-44c2-b32b-d785efe316d0
2026-05-07 20:47:50,168 | INFO | Heartbeat | watch=KXBTC15M-26MAY072100-00 yes_bid=22 yes_ask=23 no_bid=77 no_ask=78 book_ready=True position=False pending=False dry_run=False trust=synced run_id=d8d413f6-67be-44c2-b32b-d785efe316d0
2026-05-07 20:48:05,180 | INFO | Heartbeat | watch=KXBTC15M-26MAY072100-00 yes_bid=23 yes_ask=24 no_bid=76 no_ask=77 book_ready=True position=False pending=False dry_run=False trust=synced run_id=d8d413f6-67be-44c2-b32b-d785efe316d0
2026-05-07 20:48:20,212 | INFO | Heartbeat | watch=KXBTC15M-26MAY072100-00 yes_bid=22 yes_ask=23 no_bid=77 no_ask=78 book_ready=True position=False pending=False dry_run=False trust=synced run_id=d8d413f6-67be-44c2-b32b-d785efe316d0
2026-05-07 20:48:29,641 | WARNING | Mushroom v28 BTC tick stream stale. Restarting | age_ms=3016.0 threshold_ms=3000.0 source=coinbase
2026-05-07 20:48:29,845 | INFO | Mushroom v28 BTC tick stream connected | source=coinbase url=wss://ws-feed.exchange.coinbase.com
2026-05-07 20:48:35,246 | INFO | Heartbeat | watch=KXBTC15M-26MAY072100-00 yes_bid=25 yes_ask=26 no_bid=74 no_ask=75 book_ready=True position=False pending=False dry_run=False trust=synced run_id=d8d413f6-67be-44c2-b32b-d785efe316d0
2026-05-07 20:48:40,491 | WARNING | Mushroom v28 BTC tick stream stale. Restarting | age_ms=3047.0 threshold_ms=3000.0 source=coinbase
2026-05-07 20:48:40,691 | INFO | Mushroom v28 BTC tick stream connected | source=coinbase url=wss://ws-feed.exchange.coinbase.com
2026-05-07 20:48:43,979 | WARNING | Mushroom v28 BTC tick stream stale. Restarting | age_ms=3032.0 threshold_ms=3000.0 source=coinbase
2026-05-07 20:48:44,170 | INFO | Mushroom v28 BTC tick stream connected | source=coinbase url=wss://ws-feed.exchange.coinbase.com
2026-05-07 20:48:50,254 | INFO | Heartbeat | watch=KXBTC15M-26MAY072100-00 yes_bid=26 yes_ask=27 no_bid=73 no_ask=74 book_ready=True position=False pending=False dry_run=False trust=synced run_id=d8d413f6-67be-44c2-b32b-d785efe316d0
2026-05-07 20:49:05,277 | INFO | Heartbeat | watch=KXBTC15M-26MAY072100-00 yes_bid=25 yes_ask=26 no_bid=74 no_ask=75 book_ready=True position=False pending=False dry_run=False trust=synced run_id=d8d413f6-67be-44c2-b32b-d785efe316d0
2026-05-07 20:49:20,321 | INFO | Heartbeat | watch=KXBTC15M-26MAY072100-00 yes_bid=24 yes_ask=25 no_bid=75 no_ask=76 book_ready=True position=False pending=False dry_run=False trust=synced run_id=d8d413f6-67be-44c2-b32b-d785efe316d0
2026-05-07 20:49:35,354 | INFO | Heartbeat | watch=KXBTC15M-26MAY072100-00 yes_bid=24 yes_ask=25 no_bid=75 no_ask=76 book_ready=True position=False pending=False dry_run=False trust=synced run_id=d8d413f6-67be-44c2-b32b-d785efe316d0
2026-05-07 20:49:38,408 | WARNING | Mushroom v28 BTC tick stream stale. Restarting | age_ms=3047.0 threshold_ms=3000.0 source=coinbase
2026-05-07 20:49:38,602 | INFO | Mushroom v28 BTC tick stream connected | source=coinbase url=wss://ws-feed.exchange.coinbase.com
2026-05-07 20:49:42,699 | WARNING | Mushroom v28 BTC tick stream stale. Restarting | age_ms=3031.0 threshold_ms=3000.0 source=coinbase
2026-05-07 20:49:42,892 | INFO | Mushroom v28 BTC tick stream connected | source=coinbase url=wss://ws-feed.exchange.coinbase.com
2026-05-07 20:49:50,377 | INFO | Heartbeat | watch=KXBTC15M-26MAY072100-00 yes_bid=22 yes_ask=23 no_bid=77 no_ask=78 book_ready=True position=False pending=False dry_run=False trust=synced run_id=d8d413f6-67be-44c2-b32b-d785efe316d0
2026-05-07 20:50:05,387 | INFO | Heartbeat | watch=KXBTC15M-26MAY072100-00 yes_bid=17 yes_ask=18 no_bid=82 no_ask=83 book_ready=True position=False pending=False dry_run=False trust=synced run_id=d8d413f6-67be-44c2-b32b-d785efe316d0
2026-05-07 20:50:20,459 | INFO | Heartbeat | watch=KXBTC15M-26MAY072100-00 yes_bid=13 yes_ask=14 no_bid=86 no_ask=87 book_ready=True position=False pending=False dry_run=False trust=synced run_id=d8d413f6-67be-44c2-b32b-d785efe316d0
2026-05-07 20:50:35,449 | INFO | Heartbeat | watch=KXBTC15M-26MAY072100-00 yes_bid=13 yes_ask=14 no_bid=86 no_ask=87 book_ready=True position=False pending=False dry_run=False trust=synced run_id=d8d413f6-67be-44c2-b32b-d785efe316d0
2026-05-07 20:50:50,481 | INFO | Heartbeat | watch=KXBTC15M-26MAY072100-00 yes_bid=13 yes_ask=14 no_bid=86 no_ask=87 book_ready=True position=False pending=False dry_run=False trust=synced run_id=d8d413f6-67be-44c2-b32b-d785efe316d0
2026-05-07 20:51:05,509 | INFO | Heartbeat | watch=KXBTC15M-26MAY072100-00 yes_bid=11 yes_ask=13 no_bid=87 no_ask=89 book_ready=True position=False pending=False dry_run=False trust=synced run_id=d8d413f6-67be-44c2-b32b-d785efe316d0
2026-05-07 20:51:20,548 | INFO | Heartbeat | watch=KXBTC15M-26MAY072100-00 yes_bid=11 yes_ask=13 no_bid=87 no_ask=89 book_ready=True position=False pending=False dry_run=False trust=synced run_id=d8d413f6-67be-44c2-b32b-d785efe316d0
2026-05-07 20:51:35,566 | INFO | Heartbeat | watch=KXBTC15M-26MAY072100-00 yes_bid=11 yes_ask=12 no_bid=88 no_ask=89 book_ready=True position=False pending=False dry_run=False trust=synced run_id=d8d413f6-67be-44c2-b32b-d785efe316d0
2026-05-07 20:51:50,568 | INFO | Heartbeat | watch=KXBTC15M-26MAY072100-00 yes_bid=4 yes_ask=4 no_bid=96 no_ask=96 book_ready=True position=False pending=False dry_run=False trust=synced run_id=d8d413f6-67be-44c2-b32b-d785efe316d0
2026-05-07 20:52:05,595 | INFO | Heartbeat | watch=KXBTC15M-26MAY072100-00 yes_bid=3 yes_ask=3 no_bid=97 no_ask=97 book_ready=True position=False pending=False dry_run=False trust=synced run_id=d8d413f6-67be-44c2-b32b-d785efe316d0
2026-05-07 20:52:07,664 | WARNING | Mushroom v28 BTC tick stream stale. Restarting | age_ms=3016.0 threshold_ms=3000.0 source=coinbase
2026-05-07 20:52:07,865 | INFO | Mushroom v28 BTC tick stream connected | source=coinbase url=wss://ws-feed.exchange.coinbase.com
2026-05-07 20:52:14,374 | WARNING | Mushroom v28 BTC tick stream stale. Restarting | age_ms=3047.0 threshold_ms=3000.0 source=coinbase
2026-05-07 20:52:14,558 | INFO | Mushroom v28 BTC tick stream connected | source=coinbase url=wss://ws-feed.exchange.coinbase.com
2026-05-07 20:52:20,635 | INFO | Heartbeat | watch=KXBTC15M-26MAY072100-00 yes_bid=4 yes_ask=4 no_bid=96 no_ask=96 book_ready=True position=False pending=False dry_run=False trust=synced run_id=d8d413f6-67be-44c2-b32b-d785efe316d0
2026-05-07 20:52:22,946 | WARNING | Mushroom v28 BTC tick stream stale. Restarting | age_ms=3031.0 threshold_ms=3000.0 source=coinbase
2026-05-07 20:52:23,163 | INFO | Mushroom v28 BTC tick stream connected | source=coinbase url=wss://ws-feed.exchange.coinbase.com
2026-05-07 20:52:35,672 | INFO | Heartbeat | watch=KXBTC15M-26MAY072100-00 yes_bid=5 yes_ask=5 no_bid=95 no_ask=95 book_ready=True position=False pending=False dry_run=False trust=synced run_id=d8d413f6-67be-44c2-b32b-d785efe316d0
2026-05-07 20:52:50,702 | INFO | Heartbeat | watch=KXBTC15M-26MAY072100-00 yes_bid=3 yes_ask=4 no_bid=96 no_ask=97 book_ready=True position=False pending=False dry_run=False trust=synced run_id=d8d413f6-67be-44c2-b32b-d785efe316d0
2026-05-07 20:53:05,724 | INFO | Heartbeat | watch=KXBTC15M-26MAY072100-00 yes_bid=3 yes_ask=4 no_bid=96 no_ask=97 book_ready=True position=False pending=False dry_run=False trust=synced run_id=d8d413f6-67be-44c2-b32b-d785efe316d0
2026-05-07 20:53:09,226 | WARNING | Mushroom v28 BTC tick stream stale. Restarting | age_ms=3031.0 threshold_ms=3000.0 source=coinbase
2026-05-07 20:53:09,408 | INFO | Mushroom v28 BTC tick stream connected | source=coinbase url=wss://ws-feed.exchange.coinbase.com
2026-05-07 20:53:17,717 | WARNING | Mushroom v28 BTC tick stream stale. Restarting | age_ms=3016.0 threshold_ms=3000.0 source=coinbase
2026-05-07 20:53:17,912 | INFO | Mushroom v28 BTC tick stream connected | source=coinbase url=wss://ws-feed.exchange.coinbase.com
2026-05-07 20:53:20,721 | INFO | Heartbeat | watch=KXBTC15M-26MAY072100-00 yes_bid=2 yes_ask=3 no_bid=97 no_ask=98 book_ready=True position=False pending=False dry_run=False trust=synced run_id=d8d413f6-67be-44c2-b32b-d785efe316d0
2026-05-07 20:53:30,754 | WARNING | Mushroom v28 BTC tick stream stale. Restarting | age_ms=3047.0 threshold_ms=3000.0 source=coinbase
2026-05-07 20:53:33,798 | WARNING | Mushroom v28 BTC tick stream stale. Restarting | age_ms=6094.0 threshold_ms=3000.0 source=coinbase
2026-05-07 20:53:33,956 | INFO | Mushroom v28 BTC tick stream connected | source=coinbase url=wss://ws-feed.exchange.coinbase.com
2026-05-07 20:53:35,732 | INFO | Heartbeat | watch=KXBTC15M-26MAY072100-00 yes_bid=2 yes_ask=2 no_bid=98 no_ask=98 book_ready=True position=False pending=False dry_run=False trust=synced run_id=d8d413f6-67be-44c2-b32b-d785efe316d0
2026-05-07 20:53:38,303 | WARNING | Mushroom v28 BTC tick stream stale. Restarting | age_ms=3015.0 threshold_ms=3000.0 source=coinbase
2026-05-07 20:53:38,543 | INFO | Mushroom v28 BTC tick stream connected | source=coinbase url=wss://ws-feed.exchange.coinbase.com
2026-05-07 20:53:41,724 | WARNING | Mushroom v28 BTC tick stream stale. Restarting | age_ms=3109.0 threshold_ms=3000.0 source=coinbase
2026-05-07 20:53:41,919 | INFO | Mushroom v28 BTC tick stream connected | source=coinbase url=wss://ws-feed.exchange.coinbase.com
2026-05-07 20:53:50,932 | INFO | Heartbeat | watch=KXBTC15M-26MAY072100-00 yes_bid=1 yes_ask=2 no_bid=98 no_ask=99 book_ready=True position=False pending=False dry_run=False trust=synced run_id=d8d413f6-67be-44c2-b32b-d785efe316d0
2026-05-07 20:53:52,991 | WARNING | Mushroom v28 BTC tick stream stale. Restarting | age_ms=3016.0 threshold_ms=3000.0 source=coinbase
2026-05-07 20:53:53,222 | INFO | Mushroom v28 BTC tick stream connected | source=coinbase url=wss://ws-feed.exchange.coinbase.com
2026-05-07 20:54:05,958 | INFO | Heartbeat | watch=KXBTC15M-26MAY072100-00 yes_bid=1 yes_ask=2 no_bid=98 no_ask=99 book_ready=True position=False pending=False dry_run=False trust=synced run_id=d8d413f6-67be-44c2-b32b-d785efe316d0
2026-05-07 20:54:20,952 | INFO | Heartbeat | watch=KXBTC15M-26MAY072100-00 yes_bid=1 yes_ask=2 no_bid=98 no_ask=99 book_ready=True position=False pending=False dry_run=False trust=synced run_id=d8d413f6-67be-44c2-b32b-d785efe316d0
2026-05-07 20:54:35,984 | INFO | Heartbeat | watch=KXBTC15M-26MAY072100-00 yes_bid=1 yes_ask=2 no_bid=98 no_ask=99 book_ready=True position=False pending=False dry_run=False trust=synced run_id=d8d413f6-67be-44c2-b32b-d785efe316d0
2026-05-07 20:54:44,177 | WARNING | Mushroom v28 BTC tick stream stale. Restarting | age_ms=3047.0 threshold_ms=3000.0 source=coinbase
2026-05-07 20:54:44,370 | INFO | Mushroom v28 BTC tick stream connected | source=coinbase url=wss://ws-feed.exchange.coinbase.com
2026-05-07 20:54:47,469 | WARNING | Mushroom v28 BTC tick stream stale. Restarting | age_ms=3031.0 threshold_ms=3000.0 source=coinbase
2026-05-07 20:54:47,672 | INFO | Mushroom v28 BTC tick stream connected | source=coinbase url=wss://ws-feed.exchange.coinbase.com
2026-05-07 20:54:51,057 | INFO | Heartbeat | watch=KXBTC15M-26MAY072100-00 yes_bid=1 yes_ask=1 no_bid=99 no_ask=99 book_ready=True position=False pending=False dry_run=False trust=synced run_id=d8d413f6-67be-44c2-b32b-d785efe316d0
2026-05-07 20:54:52,174 | WARNING | Mushroom v28 BTC tick stream stale. Restarting | age_ms=3047.0 threshold_ms=3000.0 source=coinbase
2026-05-07 20:54:52,359 | INFO | Mushroom v28 BTC tick stream connected | source=coinbase url=wss://ws-feed.exchange.coinbase.com
2026-05-07 20:55:06,076 | INFO | Heartbeat | watch=KXBTC15M-26MAY072100-00 yes_bid=1 yes_ask=2 no_bid=98 no_ask=99 book_ready=True position=False pending=False dry_run=False trust=synced run_id=d8d413f6-67be-44c2-b32b-d785efe316d0
2026-05-07 20:55:06,802 | WARNING | Mushroom v28 BTC tick stream stale. Restarting | age_ms=3015.0 threshold_ms=3000.0 source=coinbase
2026-05-07 20:55:06,997 | INFO | Mushroom v28 BTC tick stream connected | source=coinbase url=wss://ws-feed.exchange.coinbase.com
2026-05-07 20:55:21,114 | INFO | Heartbeat | watch=KXBTC15M-26MAY072100-00 yes_bid=1 yes_ask=1 no_bid=99 no_ask=99 book_ready=True position=False pending=False dry_run=False trust=synced run_id=d8d413f6-67be-44c2-b32b-d785efe316d0
2026-05-07 20:55:36,111 | INFO | Heartbeat | watch=KXBTC15M-26MAY072100-00 yes_bid=1 yes_ask=1 no_bid=99 no_ask=99 book_ready=True position=False pending=False dry_run=False trust=synced run_id=d8d413f6-67be-44c2-b32b-d785efe316d0
2026-05-07 20:55:38,534 | WARNING | Mushroom v28 BTC tick stream stale. Restarting | age_ms=3016.0 threshold_ms=3000.0 source=coinbase
2026-05-07 20:55:38,726 | INFO | Mushroom v28 BTC tick stream connected | source=coinbase url=wss://ws-feed.exchange.coinbase.com
2026-05-07 20:55:42,936 | WARNING | Mushroom v28 BTC tick stream stale. Restarting | age_ms=3015.0 threshold_ms=3000.0 source=coinbase
2026-05-07 20:55:43,121 | INFO | Mushroom v28 BTC tick stream connected | source=coinbase url=wss://ws-feed.exchange.coinbase.com
2026-05-07 20:55:51,128 | INFO | Heartbeat | watch=KXBTC15M-26MAY072100-00 yes_bid=1 yes_ask=2 no_bid=98 no_ask=99 book_ready=True position=False pending=False dry_run=False trust=synced run_id=d8d413f6-67be-44c2-b32b-d785efe316d0
2026-05-07 20:55:59,709 | WARNING | Mushroom v28 BTC tick stream stale. Restarting | age_ms=3015.0 threshold_ms=3000.0 source=coinbase
2026-05-07 20:55:59,880 | INFO | Mushroom v28 BTC tick stream connected | source=coinbase url=wss://ws-feed.exchange.coinbase.com
2026-05-07 20:56:06,144 | INFO | Heartbeat | watch=KXBTC15M-26MAY072100-00 yes_bid=1 yes_ask=2 no_bid=98 no_ask=99 book_ready=True position=False pending=False dry_run=False trust=synced run_id=d8d413f6-67be-44c2-b32b-d785efe316d0
2026-05-07 20:56:08,800 | WARNING | Mushroom v28 BTC tick stream stale. Restarting | age_ms=3031.0 threshold_ms=3000.0 source=coinbase
2026-05-07 20:56:08,948 | INFO | Mushroom v28 BTC tick stream connected | source=coinbase url=wss://ws-feed.exchange.coinbase.com
2026-05-07 20:56:15,329 | WARNING | Mushroom v28 BTC tick stream stale. Restarting | age_ms=3031.0 threshold_ms=3000.0 source=coinbase
2026-05-07 20:56:15,533 | INFO | Mushroom v28 BTC tick stream connected | source=coinbase url=wss://ws-feed.exchange.coinbase.com
2026-05-07 20:56:21,158 | INFO | Heartbeat | watch=KXBTC15M-26MAY072100-00 yes_bid=1 yes_ask=1 no_bid=99 no_ask=99 book_ready=True position=False pending=False dry_run=False trust=synced run_id=d8d413f6-67be-44c2-b32b-d785efe316d0
2026-05-07 20:56:26,029 | WARNING | Mushroom v28 BTC tick stream stale. Restarting | age_ms=3094.0 threshold_ms=3000.0 source=coinbase
2026-05-07 20:56:26,230 | INFO | Mushroom v28 BTC tick stream connected | source=coinbase url=wss://ws-feed.exchange.coinbase.com
2026-05-07 20:56:36,202 | INFO | Heartbeat | watch=KXBTC15M-26MAY072100-00 yes_bid=0 yes_ask=0 no_bid=100 no_ask=100 book_ready=True position=False pending=False dry_run=False trust=synced run_id=d8d413f6-67be-44c2-b32b-d785efe316d0
2026-05-07 20:56:51,192 | INFO | Heartbeat | watch=KXBTC15M-26MAY072100-00 yes_bid=0 yes_ask=1 no_bid=99 no_ask=100 book_ready=True position=False pending=False dry_run=False trust=synced run_id=d8d413f6-67be-44c2-b32b-d785efe316d0
2026-05-07 20:56:56,070 | WARNING | Mushroom v28 BTC tick stream stale. Restarting | age_ms=3016.0 threshold_ms=3000.0 source=coinbase
2026-05-07 20:56:56,249 | INFO | Mushroom v28 BTC tick stream connected | source=coinbase url=wss://ws-feed.exchange.coinbase.com
2026-05-07 20:57:00,820 | WARNING | Mushroom v28 BTC tick stream stale. Restarting | age_ms=3063.0 threshold_ms=3000.0 source=coinbase
2026-05-07 20:57:01,205 | INFO | Mushroom v28 BTC tick stream connected | source=coinbase url=wss://ws-feed.exchange.coinbase.com
2026-05-07 20:57:06,227 | INFO | Heartbeat | watch=KXBTC15M-26MAY072100-00 yes_bid=0 yes_ask=0 no_bid=100 no_ask=100 book_ready=True position=False pending=False dry_run=False trust=synced run_id=d8d413f6-67be-44c2-b32b-d785efe316d0
2026-05-07 20:57:21,249 | INFO | Heartbeat | watch=KXBTC15M-26MAY072100-00 yes_bid=0 yes_ask=0 no_bid=100 no_ask=100 book_ready=True position=False pending=False dry_run=False trust=synced run_id=d8d413f6-67be-44c2-b32b-d785efe316d0
2026-05-07 20:57:36,263 | INFO | Heartbeat | watch=KXBTC15M-26MAY072100-00 yes_bid=0 yes_ask=0 no_bid=100 no_ask=100 book_ready=True position=False pending=False dry_run=False trust=synced run_id=d8d413f6-67be-44c2-b32b-d785efe316d0
2026-05-07 20:57:51,288 | INFO | Heartbeat | watch=KXBTC15M-26MAY072100-00 yes_bid=0 yes_ask=0 no_bid=100 no_ask=100 book_ready=True position=False pending=False dry_run=False trust=synced run_id=d8d413f6-67be-44c2-b32b-d785efe316d0
2026-05-07 20:58:06,297 | INFO | Heartbeat | watch=KXBTC15M-26MAY072100-00 yes_bid=0 yes_ask=0 no_bid=100 no_ask=100 book_ready=True position=False pending=False dry_run=False trust=synced run_id=d8d413f6-67be-44c2-b32b-d785efe316d0
2026-05-07 20:58:21,330 | INFO | Heartbeat | watch=KXBTC15M-26MAY072100-00 yes_bid=0 yes_ask=0 no_bid=100 no_ask=100 book_ready=True position=False pending=False dry_run=False trust=synced run_id=d8d413f6-67be-44c2-b32b-d785efe316d0
2026-05-07 20:58:36,380 | INFO | Heartbeat | watch=KXBTC15M-26MAY072100-00 yes_bid=0 yes_ask=0 no_bid=100 no_ask=100 book_ready=True position=False pending=False dry_run=False trust=synced run_id=d8d413f6-67be-44c2-b32b-d785efe316d0
2026-05-07 20:58:51,393 | INFO | Heartbeat | watch=KXBTC15M-26MAY072100-00 yes_bid=0 yes_ask=0 no_bid=100 no_ask=100 book_ready=True position=False pending=False dry_run=False trust=synced run_id=d8d413f6-67be-44c2-b32b-d785efe316d0
2026-05-07 20:59:06,416 | INFO | Heartbeat | watch=KXBTC15M-26MAY072100-00 yes_bid=0 yes_ask=0 no_bid=100 no_ask=100 book_ready=True position=False pending=False dry_run=False trust=synced run_id=d8d413f6-67be-44c2-b32b-d785efe316d0
2026-05-07 20:59:21,449 | INFO | Heartbeat | watch=KXBTC15M-26MAY072100-00 yes_bid=0 yes_ask=0 no_bid=100 no_ask=100 book_ready=True position=False pending=False dry_run=False trust=synced run_id=d8d413f6-67be-44c2-b32b-d785efe316d0
2026-05-07 20:59:36,450 | INFO | Heartbeat | watch=KXBTC15M-26MAY072100-00 yes_bid=0 yes_ask=0 no_bid=100 no_ask=100 book_ready=True position=False pending=False dry_run=False trust=synced run_id=d8d413f6-67be-44c2-b32b-d785efe316d0
2026-05-07 20:59:51,468 | INFO | Heartbeat | watch=KXBTC15M-26MAY072100-00 yes_bid=0 yes_ask=0 no_bid=100 no_ask=100 book_ready=True position=False pending=False dry_run=False trust=synced run_id=d8d413f6-67be-44c2-b32b-d785efe316d0
2026-05-07 21:00:06,515 | INFO | Heartbeat | watch=KXBTC15M-26MAY072100-00 yes_bid=0 yes_ask=100 no_bid=0 no_ask=100 book_ready=True position=False pending=False dry_run=False trust=synced run_id=d8d413f6-67be-44c2-b32b-d785efe316d0
2026-05-07 21:00:13,390 | INFO | Orderbook snapshot ready for KXBTC15M-26MAY072100-00
2026-05-07 21:00:21,512 | INFO | Heartbeat | watch=KXBTC15M-26MAY072100-00 yes_bid=0 yes_ask=100 no_bid=0 no_ask=100 book_ready=True position=False pending=False dry_run=False trust=synced run_id=d8d413f6-67be-44c2-b32b-d785efe316d0
2026-05-07 21:00:30,849 | INFO | Watching market KXBTC15M-26MAY072115-15 close_time=2026-05-08T01:15:00Z status=active strike=79800.11 run_id=d8d413f6-67be-44c2-b32b-d785efe316d0
2026-05-07 21:00:31,175 | INFO | WS connected for KXBTC15M-26MAY072115-15
2026-05-07 21:00:31,216 | INFO | WS subscribed payload: {'type': 'subscribed', 'id': 2, 'msg': {'channel': 'ticker', 'sid': 1}}
2026-05-07 21:00:31,216 | INFO | WS subscribed payload: {'type': 'subscribed', 'id': 2, 'msg': {'channel': 'orderbook_delta', 'sid': 2}}
2026-05-07 21:00:31,217 | INFO | Orderbook snapshot ready for KXBTC15M-26MAY072115-15
2026-05-07 21:00:36,530 | INFO | Heartbeat | watch=KXBTC15M-26MAY072115-15 yes_bid=75 yes_ask=76 no_bid=24 no_ask=25 book_ready=True position=False pending=False dry_run=False trust=synced run_id=d8d413f6-67be-44c2-b32b-d785efe316d0
2026-05-07 21:00:51,539 | INFO | Heartbeat | watch=KXBTC15M-26MAY072115-15 yes_bid=77 yes_ask=78 no_bid=22 no_ask=23 book_ready=True position=False pending=False dry_run=False trust=synced run_id=d8d413f6-67be-44c2-b32b-d785efe316d0
2026-05-07 21:01:00,616 | WARNING | Mushroom v28 BTC tick stream stale. Restarting | age_ms=3047.0 threshold_ms=3000.0 source=coinbase
2026-05-07 21:01:00,804 | INFO | Mushroom v28 BTC tick stream connected | source=coinbase url=wss://ws-feed.exchange.coinbase.com
2026-05-07 21:01:06,580 | INFO | Heartbeat | watch=KXBTC15M-26MAY072115-15 yes_bid=75 yes_ask=76 no_bid=24 no_ask=25 book_ready=True position=False pending=False dry_run=False trust=synced run_id=d8d413f6-67be-44c2-b32b-d785efe316d0
2026-05-07 21:01:21,611 | INFO | Heartbeat | watch=KXBTC15M-26MAY072115-15 yes_bid=75 yes_ask=76 no_bid=24 no_ask=25 book_ready=True position=False pending=False dry_run=False trust=synced run_id=d8d413f6-67be-44c2-b32b-d785efe316d0
2026-05-07 21:01:36,609 | INFO | Heartbeat | watch=KXBTC15M-26MAY072115-15 yes_bid=77 yes_ask=78 no_bid=22 no_ask=23 book_ready=True position=False pending=False dry_run=False trust=synced run_id=d8d413f6-67be-44c2-b32b-d785efe316d0
2026-05-07 21:01:51,602 | INFO | Heartbeat | watch=KXBTC15M-26MAY072115-15 yes_bid=81 yes_ask=82 no_bid=18 no_ask=19 book_ready=True position=False pending=False dry_run=False trust=synced run_id=d8d413f6-67be-44c2-b32b-d785efe316d0
2026-05-07 21:02:06,660 | INFO | Heartbeat | watch=KXBTC15M-26MAY072115-15 yes_bid=77 yes_ask=78 no_bid=22 no_ask=23 book_ready=True position=False pending=False dry_run=False trust=synced run_id=d8d413f6-67be-44c2-b32b-d785efe316d0
2026-05-07 21:02:21,661 | INFO | Heartbeat | watch=KXBTC15M-26MAY072115-15 yes_bid=75 yes_ask=76 no_bid=24 no_ask=25 book_ready=True position=False pending=False dry_run=False trust=synced run_id=d8d413f6-67be-44c2-b32b-d785efe316d0
2026-05-07 21:02:30,479 | WARNING | Mushroom v28 BTC tick stream stale. Restarting | age_ms=3047.0 threshold_ms=3000.0 source=coinbase
2026-05-07 21:02:30,666 | INFO | Mushroom v28 BTC tick stream connected | source=coinbase url=wss://ws-feed.exchange.coinbase.com
2026-05-07 21:02:36,654 | INFO | Heartbeat | watch=KXBTC15M-26MAY072115-15 yes_bid=75 yes_ask=76 no_bid=24 no_ask=25 book_ready=True position=False pending=False dry_run=False trust=synced run_id=d8d413f6-67be-44c2-b32b-d785efe316d0
2026-05-07 21:02:51,730 | INFO | Heartbeat | watch=KXBTC15M-26MAY072115-15 yes_bid=72 yes_ask=73 no_bid=27 no_ask=28 book_ready=True position=False pending=False dry_run=False trust=synced run_id=d8d413f6-67be-44c2-b32b-d785efe316d0
2026-05-07 21:03:06,749 | INFO | Heartbeat | watch=KXBTC15M-26MAY072115-15 yes_bid=72 yes_ask=73 no_bid=27 no_ask=28 book_ready=True position=False pending=False dry_run=False trust=synced run_id=d8d413f6-67be-44c2-b32b-d785efe316d0
2026-05-07 21:03:21,749 | INFO | Heartbeat | watch=KXBTC15M-26MAY072115-15 yes_bid=70 yes_ask=71 no_bid=29 no_ask=30 book_ready=True position=False pending=False dry_run=False trust=synced run_id=d8d413f6-67be-44c2-b32b-d785efe316d0
2026-05-07 21:03:36,742 | INFO | Heartbeat | watch=KXBTC15M-26MAY072115-15 yes_bid=71 yes_ask=72 no_bid=28 no_ask=29 book_ready=True position=False pending=False dry_run=False trust=synced run_id=d8d413f6-67be-44c2-b32b-d785efe316d0
2026-05-07 21:03:51,750 | INFO | Heartbeat | watch=KXBTC15M-26MAY072115-15 yes_bid=69 yes_ask=70 no_bid=30 no_ask=31 book_ready=True position=False pending=False dry_run=False trust=synced run_id=d8d413f6-67be-44c2-b32b-d785efe316d0
2026-05-07 21:04:06,758 | INFO | Heartbeat | watch=KXBTC15M-26MAY072115-15 yes_bid=72 yes_ask=73 no_bid=27 no_ask=28 book_ready=True position=False pending=False dry_run=False trust=synced run_id=d8d413f6-67be-44c2-b32b-d785efe316d0
2026-05-07 21:04:21,786 | INFO | Heartbeat | watch=KXBTC15M-26MAY072115-15 yes_bid=75 yes_ask=77 no_bid=23 no_ask=25 book_ready=True position=False pending=False dry_run=False trust=synced run_id=d8d413f6-67be-44c2-b32b-d785efe316d0
2026-05-07 21:04:36,792 | INFO | Heartbeat | watch=KXBTC15M-26MAY072115-15 yes_bid=73 yes_ask=74 no_bid=26 no_ask=27 book_ready=True position=False pending=False dry_run=False trust=synced run_id=d8d413f6-67be-44c2-b32b-d785efe316d0
2026-05-07 21:04:51,794 | INFO | Heartbeat | watch=KXBTC15M-26MAY072115-15 yes_bid=75 yes_ask=76 no_bid=24 no_ask=25 book_ready=True position=False pending=False dry_run=False trust=synced run_id=d8d413f6-67be-44c2-b32b-d785efe316d0
2026-05-07 21:05:06,791 | INFO | Heartbeat | watch=KXBTC15M-26MAY072115-15 yes_bid=73 yes_ask=74 no_bid=26 no_ask=27 book_ready=True position=False pending=False dry_run=False trust=synced run_id=d8d413f6-67be-44c2-b32b-d785efe316d0
2026-05-07 21:05:19,911 | WARNING | Mushroom v28 BTC tick stream stale. Restarting | age_ms=3031.0 threshold_ms=3000.0 source=coinbase
2026-05-07 21:05:20,161 | INFO | Mushroom v28 BTC tick stream connected | source=coinbase url=wss://ws-feed.exchange.coinbase.com
2026-05-07 21:05:21,797 | INFO | Heartbeat | watch=KXBTC15M-26MAY072115-15 yes_bid=77 yes_ask=78 no_bid=22 no_ask=23 book_ready=True position=False pending=False dry_run=False trust=synced run_id=d8d413f6-67be-44c2-b32b-d785efe316d0
2026-05-07 21:05:23,463 | WARNING | Mushroom v28 BTC tick stream stale. Restarting | age_ms=3046.0 threshold_ms=3000.0 source=coinbase
2026-05-07 21:05:23,703 | INFO | Mushroom v28 BTC tick stream connected | source=coinbase url=wss://ws-feed.exchange.coinbase.com
2026-05-07 21:05:36,848 | INFO | Heartbeat | watch=KXBTC15M-26MAY072115-15 yes_bid=75 yes_ask=76 no_bid=24 no_ask=25 book_ready=True position=False pending=False dry_run=False trust=synced run_id=d8d413f6-67be-44c2-b32b-d785efe316d0
2026-05-07 21:05:51,855 | INFO | Heartbeat | watch=KXBTC15M-26MAY072115-15 yes_bid=67 yes_ask=68 no_bid=32 no_ask=33 book_ready=True position=False pending=False dry_run=False trust=synced run_id=d8d413f6-67be-44c2-b32b-d785efe316d0
2026-05-07 21:06:06,888 | INFO | Heartbeat | watch=KXBTC15M-26MAY072115-15 yes_bid=69 yes_ask=70 no_bid=30 no_ask=31 book_ready=True position=False pending=False dry_run=False trust=synced run_id=d8d413f6-67be-44c2-b32b-d785efe316d0
2026-05-07 21:06:21,941 | INFO | Heartbeat | watch=KXBTC15M-26MAY072115-15 yes_bid=56 yes_ask=58 no_bid=42 no_ask=44 book_ready=True position=False pending=False dry_run=False trust=synced run_id=d8d413f6-67be-44c2-b32b-d785efe316d0
2026-05-07 21:06:36,936 | INFO | Heartbeat | watch=KXBTC15M-26MAY072115-15 yes_bid=63 yes_ask=64 no_bid=36 no_ask=37 book_ready=True position=False pending=False dry_run=False trust=synced run_id=d8d413f6-67be-44c2-b32b-d785efe316d0
2026-05-07 21:06:51,972 | INFO | Heartbeat | watch=KXBTC15M-26MAY072115-15 yes_bid=65 yes_ask=66 no_bid=34 no_ask=35 book_ready=True position=False pending=False dry_run=False trust=synced run_id=d8d413f6-67be-44c2-b32b-d785efe316d0
2026-05-07 21:07:07,011 | INFO | Heartbeat | watch=KXBTC15M-26MAY072115-15 yes_bid=51 yes_ask=52 no_bid=48 no_ask=49 book_ready=True position=False pending=False dry_run=False trust=synced run_id=d8d413f6-67be-44c2-b32b-d785efe316d0
2026-05-07 21:07:22,035 | INFO | Heartbeat | watch=KXBTC15M-26MAY072115-15 yes_bid=33 yes_ask=34 no_bid=66 no_ask=67 book_ready=True position=False pending=False dry_run=False trust=synced run_id=d8d413f6-67be-44c2-b32b-d785efe316d0
2026-05-07 21:07:32,307 | WARNING | Mushroom v28 BTC tick stream stale. Restarting | age_ms=3032.0 threshold_ms=3000.0 source=coinbase
2026-05-07 21:07:32,524 | INFO | Mushroom v28 BTC tick stream connected | source=coinbase url=wss://ws-feed.exchange.coinbase.com
2026-05-07 21:07:37,034 | INFO | Heartbeat | watch=KXBTC15M-26MAY072115-15 yes_bid=26 yes_ask=27 no_bid=73 no_ask=74 book_ready=True position=False pending=False dry_run=False trust=synced run_id=d8d413f6-67be-44c2-b32b-d785efe316d0
2026-05-07 21:07:51,703 | WARNING | Mushroom v28 BTC tick stream stale. Restarting | age_ms=3047.0 threshold_ms=3000.0 source=coinbase
2026-05-07 21:07:51,919 | INFO | Mushroom v28 BTC tick stream connected | source=coinbase url=wss://ws-feed.exchange.coinbase.com
2026-05-07 21:07:52,050 | INFO | Heartbeat | watch=KXBTC15M-26MAY072115-15 yes_bid=22 yes_ask=23 no_bid=77 no_ask=78 book_ready=True position=False pending=False dry_run=False trust=synced run_id=d8d413f6-67be-44c2-b32b-d785efe316d0
2026-05-07 21:08:07,060 | INFO | Heartbeat | watch=KXBTC15M-26MAY072115-15 yes_bid=32 yes_ask=33 no_bid=67 no_ask=68 book_ready=True position=False pending=False dry_run=False trust=synced run_id=d8d413f6-67be-44c2-b32b-d785efe316d0
2026-05-07 21:08:22,148 | INFO | Heartbeat | watch=KXBTC15M-26MAY072115-15 yes_bid=35 yes_ask=37 no_bid=63 no_ask=65 book_ready=True position=False pending=False dry_run=False trust=synced run_id=d8d413f6-67be-44c2-b32b-d785efe316d0
2026-05-07 21:08:37,158 | INFO | Heartbeat | watch=KXBTC15M-26MAY072115-15 yes_bid=49 yes_ask=51 no_bid=49 no_ask=51 book_ready=True position=False pending=False dry_run=False trust=synced run_id=d8d413f6-67be-44c2-b32b-d785efe316d0
2026-05-07 21:08:52,158 | INFO | Heartbeat | watch=KXBTC15M-26MAY072115-15 yes_bid=45 yes_ask=46 no_bid=54 no_ask=55 book_ready=True position=False pending=False dry_run=False trust=synced run_id=d8d413f6-67be-44c2-b32b-d785efe316d0
2026-05-07 21:09:07,176 | INFO | Heartbeat | watch=KXBTC15M-26MAY072115-15 yes_bid=50 yes_ask=51 no_bid=49 no_ask=50 book_ready=True position=False pending=False dry_run=False trust=synced run_id=d8d413f6-67be-44c2-b32b-d785efe316d0
2026-05-07 21:09:22,182 | INFO | Heartbeat | watch=KXBTC15M-26MAY072115-15 yes_bid=46 yes_ask=47 no_bid=53 no_ask=54 book_ready=True position=False pending=False dry_run=False trust=synced run_id=d8d413f6-67be-44c2-b32b-d785efe316d0
2026-05-07 21:09:37,208 | INFO | Heartbeat | watch=KXBTC15M-26MAY072115-15 yes_bid=48 yes_ask=49 no_bid=51 no_ask=52 book_ready=True position=False pending=False dry_run=False trust=synced run_id=d8d413f6-67be-44c2-b32b-d785efe316d0
2026-05-07 21:09:52,220 | INFO | Heartbeat | watch=KXBTC15M-26MAY072115-15 yes_bid=43 yes_ask=44 no_bid=56 no_ask=57 book_ready=True position=False pending=False dry_run=False trust=synced run_id=d8d413f6-67be-44c2-b32b-d785efe316d0
2026-05-07 21:10:07,239 | INFO | Heartbeat | watch=KXBTC15M-26MAY072115-15 yes_bid=27 yes_ask=28 no_bid=72 no_ask=73 book_ready=True position=False pending=False dry_run=False trust=synced run_id=d8d413f6-67be-44c2-b32b-d785efe316d0
2026-05-07 21:10:22,258 | INFO | Heartbeat | watch=KXBTC15M-26MAY072115-15 yes_bid=13 yes_ask=14 no_bid=86 no_ask=87 book_ready=True position=False pending=False dry_run=False trust=synced run_id=d8d413f6-67be-44c2-b32b-d785efe316d0
2026-05-07 21:10:37,294 | INFO | Heartbeat | watch=KXBTC15M-26MAY072115-15 yes_bid=10 yes_ask=11 no_bid=89 no_ask=90 book_ready=True position=False pending=False dry_run=False trust=synced run_id=d8d413f6-67be-44c2-b32b-d785efe316d0
2026-05-07 21:10:52,304 | INFO | Heartbeat | watch=KXBTC15M-26MAY072115-15 yes_bid=10 yes_ask=11 no_bid=89 no_ask=90 book_ready=True position=False pending=False dry_run=False trust=synced run_id=d8d413f6-67be-44c2-b32b-d785efe316d0
2026-05-07 21:10:53,393 | WARNING | Mushroom v28 BTC tick stream stale. Restarting | age_ms=3031.0 threshold_ms=3000.0 source=coinbase
2026-05-07 21:10:53,600 | INFO | Mushroom v28 BTC tick stream connected | source=coinbase url=wss://ws-feed.exchange.coinbase.com
2026-05-07 21:11:07,361 | INFO | Heartbeat | watch=KXBTC15M-26MAY072115-15 yes_bid=14 yes_ask=15 no_bid=85 no_ask=86 book_ready=True position=False pending=False dry_run=False trust=synced run_id=d8d413f6-67be-44c2-b32b-d785efe316d0
2026-05-07 21:11:22,382 | INFO | Heartbeat | watch=KXBTC15M-26MAY072115-15 yes_bid=10 yes_ask=12 no_bid=88 no_ask=90 book_ready=True position=False pending=False dry_run=False trust=synced run_id=d8d413f6-67be-44c2-b32b-d785efe316d0
2026-05-07 21:11:37,404 | INFO | Heartbeat | watch=KXBTC15M-26MAY072115-15 yes_bid=11 yes_ask=13 no_bid=87 no_ask=89 book_ready=True position=False pending=False dry_run=False trust=synced run_id=d8d413f6-67be-44c2-b32b-d785efe316d0
2026-05-07 21:11:41,970 | WARNING | Mushroom v28 BTC tick stream stale. Restarting | age_ms=3062.0 threshold_ms=3000.0 source=coinbase
2026-05-07 21:11:42,179 | INFO | Mushroom v28 BTC tick stream connected | source=coinbase url=wss://ws-feed.exchange.coinbase.com
2026-05-07 21:11:52,441 | INFO | Heartbeat | watch=KXBTC15M-26MAY072115-15 yes_bid=9 yes_ask=10 no_bid=90 no_ask=91 book_ready=True position=False pending=False dry_run=False trust=synced run_id=d8d413f6-67be-44c2-b32b-d785efe316d0
2026-05-07 21:12:00,640 | WARNING | Mushroom v28 BTC tick stream stale. Restarting | age_ms=3062.0 threshold_ms=3000.0 source=coinbase
2026-05-07 21:12:01,030 | INFO | Mushroom v28 BTC tick stream connected | source=coinbase url=wss://ws-feed.exchange.coinbase.com
2026-05-07 21:12:07,475 | INFO | Heartbeat | watch=KXBTC15M-26MAY072115-15 yes_bid=14 yes_ask=15 no_bid=85 no_ask=86 book_ready=True position=False pending=False dry_run=False trust=synced run_id=d8d413f6-67be-44c2-b32b-d785efe316d0
2026-05-07 21:12:22,486 | INFO | Heartbeat | watch=KXBTC15M-26MAY072115-15 yes_bid=8 yes_ask=10 no_bid=90 no_ask=92 book_ready=True position=False pending=False dry_run=False trust=synced run_id=d8d413f6-67be-44c2-b32b-d785efe316d0
2026-05-07 21:12:33,833 | WARNING | Mushroom v28 BTC tick stream stale. Restarting | age_ms=3016.0 threshold_ms=3000.0 source=coinbase
2026-05-07 21:12:34,147 | INFO | Mushroom v28 BTC tick stream connected | source=coinbase url=wss://ws-feed.exchange.coinbase.com
2026-05-07 21:12:37,529 | INFO | Heartbeat | watch=KXBTC15M-26MAY072115-15 yes_bid=3 yes_ask=4 no_bid=96 no_ask=97 book_ready=True position=False pending=False dry_run=False trust=synced run_id=d8d413f6-67be-44c2-b32b-d785efe316d0
2026-05-07 21:12:52,547 | INFO | Heartbeat | watch=KXBTC15M-26MAY072115-15 yes_bid=1 yes_ask=2 no_bid=98 no_ask=99 book_ready=True position=False pending=False dry_run=False trust=synced run_id=d8d413f6-67be-44c2-b32b-d785efe316d0
2026-05-07 21:13:07,575 | INFO | Heartbeat | watch=KXBTC15M-26MAY072115-15 yes_bid=1 yes_ask=1 no_bid=99 no_ask=99 book_ready=True position=False pending=False dry_run=False trust=synced run_id=d8d413f6-67be-44c2-b32b-d785efe316d0
2026-05-07 21:13:22,604 | INFO | Heartbeat | watch=KXBTC15M-26MAY072115-15 yes_bid=1 yes_ask=1 no_bid=99 no_ask=99 book_ready=True position=False pending=False dry_run=False trust=synced run_id=d8d413f6-67be-44c2-b32b-d785efe316d0
2026-05-07 21:13:23,287 | WARNING | Mushroom v28 BTC tick stream stale. Restarting | age_ms=3047.0 threshold_ms=3000.0 source=coinbase
2026-05-07 21:13:23,515 | INFO | Mushroom v28 BTC tick stream connected | source=coinbase url=wss://ws-feed.exchange.coinbase.com
2026-05-07 21:13:26,613 | WARNING | Mushroom v28 BTC tick stream stale. Restarting | age_ms=3031.0 threshold_ms=3000.0 source=coinbase
2026-05-07 21:13:26,824 | INFO | Mushroom v28 BTC tick stream connected | source=coinbase url=wss://ws-feed.exchange.coinbase.com
2026-05-07 21:13:37,635 | INFO | Heartbeat | watch=KXBTC15M-26MAY072115-15 yes_bid=0 yes_ask=1 no_bid=99 no_ask=100 book_ready=True position=False pending=False dry_run=False trust=synced run_id=d8d413f6-67be-44c2-b32b-d785efe316d0
2026-05-07 21:13:52,697 | INFO | Heartbeat | watch=KXBTC15M-26MAY072115-15 yes_bid=0 yes_ask=0 no_bid=100 no_ask=100 book_ready=True position=False pending=False dry_run=False trust=synced run_id=d8d413f6-67be-44c2-b32b-d785efe316d0
2026-05-07 21:14:07,701 | INFO | Heartbeat | watch=KXBTC15M-26MAY072115-15 yes_bid=0 yes_ask=0 no_bid=100 no_ask=100 book_ready=True position=False pending=False dry_run=False trust=synced run_id=d8d413f6-67be-44c2-b32b-d785efe316d0
2026-05-07 21:14:22,739 | INFO | Heartbeat | watch=KXBTC15M-26MAY072115-15 yes_bid=0 yes_ask=0 no_bid=100 no_ask=100 book_ready=True position=False pending=False dry_run=False trust=synced run_id=d8d413f6-67be-44c2-b32b-d785efe316d0
2026-05-07 21:14:32,283 | WARNING | Mushroom v28 BTC tick stream stale. Restarting | age_ms=3031.0 threshold_ms=3000.0 source=coinbase
2026-05-07 21:14:32,475 | INFO | Mushroom v28 BTC tick stream connected | source=coinbase url=wss://ws-feed.exchange.coinbase.com
2026-05-07 21:14:37,785 | INFO | Heartbeat | watch=KXBTC15M-26MAY072115-15 yes_bid=0 yes_ask=0 no_bid=100 no_ask=100 book_ready=True position=False pending=False dry_run=False trust=synced run_id=d8d413f6-67be-44c2-b32b-d785efe316d0
2026-05-07 21:14:44,180 | WARNING | Mushroom v28 BTC tick stream stale. Restarting | age_ms=3063.0 threshold_ms=3000.0 source=coinbase
2026-05-07 21:14:44,376 | INFO | Mushroom v28 BTC tick stream connected | source=coinbase url=wss://ws-feed.exchange.coinbase.com
2026-05-07 21:14:48,879 | WARNING | Mushroom v28 BTC tick stream stale. Restarting | age_ms=3016.0 threshold_ms=3000.0 source=coinbase
2026-05-07 21:14:49,086 | INFO | Mushroom v28 BTC tick stream connected | source=coinbase url=wss://ws-feed.exchange.coinbase.com
2026-05-07 21:14:52,793 | INFO | Heartbeat | watch=KXBTC15M-26MAY072115-15 yes_bid=0 yes_ask=0 no_bid=100 no_ask=100 book_ready=True position=False pending=False dry_run=False trust=synced run_id=d8d413f6-67be-44c2-b32b-d785efe316d0
2026-05-07 21:14:58,973 | WARNING | Mushroom v28 BTC tick stream stale. Restarting | age_ms=3046.0 threshold_ms=3000.0 source=coinbase
2026-05-07 21:14:59,215 | INFO | Mushroom v28 BTC tick stream connected | source=coinbase url=wss://ws-feed.exchange.coinbase.com
2026-05-07 21:15:07,362 | INFO | Orderbook snapshot ready for KXBTC15M-26MAY072115-15
2026-05-07 21:15:07,804 | INFO | Heartbeat | watch=KXBTC15M-26MAY072115-15 yes_bid=0 yes_ask=100 no_bid=0 no_ask=100 book_ready=True position=False pending=False dry_run=False trust=synced run_id=d8d413f6-67be-44c2-b32b-d785efe316d0
2026-05-07 21:15:22,799 | INFO | Heartbeat | watch=KXBTC15M-26MAY072115-15 yes_bid=0 yes_ask=100 no_bid=0 no_ask=100 book_ready=True position=False pending=False dry_run=False trust=synced run_id=d8d413f6-67be-44c2-b32b-d785efe316d0
2026-05-07 21:15:30,911 | INFO | Watching market KXBTC15M-26MAY072130-30 close_time=2026-05-08T01:30:00Z status=active strike=79704.10 run_id=d8d413f6-67be-44c2-b32b-d785efe316d0
2026-05-07 21:15:31,060 | INFO | WS connected for KXBTC15M-26MAY072130-30
2026-05-07 21:15:31,087 | INFO | WS subscribed payload: {'type': 'subscribed', 'id': 3, 'msg': {'channel': 'ticker', 'sid': 1}}
2026-05-07 21:15:31,087 | INFO | WS subscribed payload: {'type': 'subscribed', 'id': 3, 'msg': {'channel': 'orderbook_delta', 'sid': 2}}
2026-05-07 21:15:31,090 | INFO | Orderbook snapshot ready for KXBTC15M-26MAY072130-30
2026-05-07 21:15:37,845 | INFO | Heartbeat | watch=KXBTC15M-26MAY072130-30 yes_bid=26 yes_ask=27 no_bid=73 no_ask=74 book_ready=True position=False pending=False dry_run=False trust=synced run_id=d8d413f6-67be-44c2-b32b-d785efe316d0
2026-05-07 21:15:52,881 | INFO | Heartbeat | watch=KXBTC15M-26MAY072130-30 yes_bid=24 yes_ask=25 no_bid=75 no_ask=76 book_ready=True position=False pending=False dry_run=False trust=synced run_id=d8d413f6-67be-44c2-b32b-d785efe316d0
2026-05-07 21:16:07,174 | WARNING | Mushroom v28 BTC tick stream stale. Restarting | age_ms=3032.0 threshold_ms=3000.0 source=coinbase
2026-05-07 21:16:07,383 | INFO | Mushroom v28 BTC tick stream connected | source=coinbase url=wss://ws-feed.exchange.coinbase.com
2026-05-07 21:16:07,911 | INFO | Heartbeat | watch=KXBTC15M-26MAY072130-30 yes_bid=28 yes_ask=29 no_bid=71 no_ask=72 book_ready=True position=False pending=False dry_run=False trust=synced run_id=d8d413f6-67be-44c2-b32b-d785efe316d0
2026-05-07 21:16:10,541 | WARNING | Mushroom v28 BTC tick stream stale. Restarting | age_ms=3063.0 threshold_ms=3000.0 source=coinbase
2026-05-07 21:16:10,731 | INFO | Mushroom v28 BTC tick stream connected | source=coinbase url=wss://ws-feed.exchange.coinbase.com
2026-05-07 21:16:13,815 | WARNING | Mushroom v28 BTC tick stream stale. Restarting | age_ms=3047.0 threshold_ms=3000.0 source=coinbase
2026-05-07 21:16:13,986 | INFO | Mushroom v28 BTC tick stream connected | source=coinbase url=wss://ws-feed.exchange.coinbase.com
2026-05-07 21:16:17,112 | WARNING | Mushroom v28 BTC tick stream stale. Restarting | age_ms=3016.0 threshold_ms=3000.0 source=coinbase
2026-05-07 21:16:17,356 | INFO | Mushroom v28 BTC tick stream connected | source=coinbase url=wss://ws-feed.exchange.coinbase.com
2026-05-07 21:16:20,473 | WARNING | Mushroom v28 BTC tick stream stale. Restarting | age_ms=3015.0 threshold_ms=3000.0 source=coinbase
2026-05-07 21:16:20,688 | INFO | Mushroom v28 BTC tick stream connected | source=coinbase url=wss://ws-feed.exchange.coinbase.com
2026-05-07 21:16:22,939 | INFO | Heartbeat | watch=KXBTC15M-26MAY072130-30 yes_bid=35 yes_ask=36 no_bid=64 no_ask=65 book_ready=True position=False pending=False dry_run=False trust=synced run_id=d8d413f6-67be-44c2-b32b-d785efe316d0
2026-05-07 21:16:23,779 | WARNING | Mushroom v28 BTC tick stream stale. Restarting | age_ms=3031.0 threshold_ms=3000.0 source=coinbase
2026-05-07 21:16:23,996 | INFO | Mushroom v28 BTC tick stream connected | source=coinbase url=wss://ws-feed.exchange.coinbase.com
2026-05-07 21:16:27,143 | WARNING | Mushroom v28 BTC tick stream stale. Restarting | age_ms=3047.0 threshold_ms=3000.0 source=coinbase
2026-05-07 21:16:27,370 | INFO | Mushroom v28 BTC tick stream connected | source=coinbase url=wss://ws-feed.exchange.coinbase.com
2026-05-07 21:16:30,420 | WARNING | Mushroom v28 BTC tick stream stale. Restarting | age_ms=3016.0 threshold_ms=3000.0 source=coinbase
2026-05-07 21:16:30,678 | INFO | Mushroom v28 BTC tick stream connected | source=coinbase url=wss://ws-feed.exchange.coinbase.com
2026-05-07 21:16:33,830 | WARNING | Mushroom v28 BTC tick stream stale. Restarting | age_ms=3047.0 threshold_ms=3000.0 source=coinbase
2026-05-07 21:16:34,069 | INFO | Mushroom v28 BTC tick stream connected | source=coinbase url=wss://ws-feed.exchange.coinbase.com
2026-05-07 21:16:37,243 | WARNING | Mushroom v28 BTC tick stream stale. Restarting | age_ms=3047.0 threshold_ms=3000.0 source=coinbase
2026-05-07 21:16:37,484 | INFO | Mushroom v28 BTC tick stream connected | source=coinbase url=wss://ws-feed.exchange.coinbase.com
2026-05-07 21:16:37,943 | INFO | Heartbeat | watch=KXBTC15M-26MAY072130-30 yes_bid=35 yes_ask=36 no_bid=64 no_ask=65 book_ready=True position=False pending=False dry_run=False trust=synced run_id=d8d413f6-67be-44c2-b32b-d785efe316d0
2026-05-07 21:16:40,548 | WARNING | Mushroom v28 BTC tick stream stale. Restarting | age_ms=3016.0 threshold_ms=3000.0 source=coinbase
2026-05-07 21:16:40,765 | INFO | Mushroom v28 BTC tick stream connected | source=coinbase url=wss://ws-feed.exchange.coinbase.com
2026-05-07 21:16:43,848 | WARNING | Mushroom v28 BTC tick stream stale. Restarting | age_ms=3031.0 threshold_ms=3000.0 source=coinbase
2026-05-07 21:16:44,070 | INFO | Mushroom v28 BTC tick stream connected | source=coinbase url=wss://ws-feed.exchange.coinbase.com
2026-05-07 21:16:47,190 | WARNING | Mushroom v28 BTC tick stream stale. Restarting | age_ms=3047.0 threshold_ms=3000.0 source=coinbase
2026-05-07 21:16:47,379 | INFO | Mushroom v28 BTC tick stream connected | source=coinbase url=wss://ws-feed.exchange.coinbase.com
2026-05-07 21:16:50,520 | WARNING | Mushroom v28 BTC tick stream stale. Restarting | age_ms=3031.0 threshold_ms=3000.0 source=coinbase
2026-05-07 21:16:50,704 | INFO | Mushroom v28 BTC tick stream connected | source=coinbase url=wss://ws-feed.exchange.coinbase.com
2026-05-07 21:16:52,981 | INFO | Heartbeat | watch=KXBTC15M-26MAY072130-30 yes_bid=41 yes_ask=42 no_bid=58 no_ask=59 book_ready=True position=False pending=False dry_run=False trust=synced run_id=d8d413f6-67be-44c2-b32b-d785efe316d0
2026-05-07 21:16:53,776 | WARNING | Mushroom v28 BTC tick stream stale. Restarting | age_ms=3047.0 threshold_ms=3000.0 source=coinbase
2026-05-07 21:16:54,028 | INFO | Mushroom v28 BTC tick stream connected | source=coinbase url=wss://ws-feed.exchange.coinbase.com
2026-05-07 21:16:57,165 | WARNING | Mushroom v28 BTC tick stream stale. Restarting | age_ms=3047.0 threshold_ms=3000.0 source=coinbase
2026-05-07 21:16:57,369 | INFO | Mushroom v28 BTC tick stream connected | source=coinbase url=wss://ws-feed.exchange.coinbase.com
2026-05-07 21:17:00,460 | WARNING | Mushroom v28 BTC tick stream stale. Restarting | age_ms=3016.0 threshold_ms=3000.0 source=coinbase
2026-05-07 21:17:00,652 | INFO | Mushroom v28 BTC tick stream connected | source=coinbase url=wss://ws-feed.exchange.coinbase.com
2026-05-07 21:17:03,769 | WARNING | Mushroom v28 BTC tick stream stale. Restarting | age_ms=3062.0 threshold_ms=3000.0 source=coinbase
2026-05-07 21:17:04,009 | INFO | Mushroom v28 BTC tick stream connected | source=coinbase url=wss://ws-feed.exchange.coinbase.com
2026-05-07 21:17:07,143 | WARNING | Mushroom v28 BTC tick stream stale. Restarting | age_ms=3062.0 threshold_ms=3000.0 source=coinbase
2026-05-07 21:17:07,345 | INFO | Mushroom v28 BTC tick stream connected | source=coinbase url=wss://ws-feed.exchange.coinbase.com
2026-05-07 21:17:08,025 | INFO | Heartbeat | watch=KXBTC15M-26MAY072130-30 yes_bid=35 yes_ask=36 no_bid=64 no_ask=65 book_ready=True position=False pending=False dry_run=False trust=synced run_id=d8d413f6-67be-44c2-b32b-d785efe316d0
2026-05-07 21:17:10,488 | WARNING | Mushroom v28 BTC tick stream stale. Restarting | age_ms=3047.0 threshold_ms=3000.0 source=coinbase
2026-05-07 21:17:10,694 | INFO | Mushroom v28 BTC tick stream connected | source=coinbase url=wss://ws-feed.exchange.coinbase.com
2026-05-07 21:17:13,831 | WARNING | Mushroom v28 BTC tick stream stale. Restarting | age_ms=3031.0 threshold_ms=3000.0 source=coinbase
2026-05-07 21:17:14,021 | INFO | Mushroom v28 BTC tick stream connected | source=coinbase url=wss://ws-feed.exchange.coinbase.com
2026-05-07 21:17:17,083 | WARNING | Mushroom v28 BTC tick stream stale. Restarting | age_ms=3031.0 threshold_ms=3000.0 source=coinbase
2026-05-07 21:17:17,307 | INFO | Mushroom v28 BTC tick stream connected | source=coinbase url=wss://ws-feed.exchange.coinbase.com
2026-05-07 21:17:20,396 | WARNING | Mushroom v28 BTC tick stream stale. Restarting | age_ms=3031.0 threshold_ms=3000.0 source=coinbase
2026-05-07 21:17:20,596 | INFO | Mushroom v28 BTC tick stream connected | source=coinbase url=wss://ws-feed.exchange.coinbase.com
2026-05-07 21:17:23,042 | INFO | Heartbeat | watch=KXBTC15M-26MAY072130-30 yes_bid=45 yes_ask=46 no_bid=54 no_ask=55 book_ready=True position=False pending=False dry_run=False trust=synced run_id=d8d413f6-67be-44c2-b32b-d785efe316d0
2026-05-07 21:17:23,710 | WARNING | Mushroom v28 BTC tick stream stale. Restarting | age_ms=3031.0 threshold_ms=3000.0 source=coinbase
2026-05-07 21:17:23,910 | INFO | Mushroom v28 BTC tick stream connected | source=coinbase url=wss://ws-feed.exchange.coinbase.com
2026-05-07 21:17:26,999 | WARNING | Mushroom v28 BTC tick stream stale. Restarting | age_ms=3047.0 threshold_ms=3000.0 source=coinbase
2026-05-07 21:17:27,186 | INFO | Mushroom v28 BTC tick stream connected | source=coinbase url=wss://ws-feed.exchange.coinbase.com
2026-05-07 21:17:30,262 | WARNING | Mushroom v28 BTC tick stream stale. Restarting | age_ms=3032.0 threshold_ms=3000.0 source=coinbase
2026-05-07 21:17:30,441 | INFO | Mushroom v28 BTC tick stream connected | source=coinbase url=wss://ws-feed.exchange.coinbase.com
2026-05-07 21:17:33,472 | WARNING | Mushroom v28 BTC tick stream stale. Restarting | age_ms=3015.0 threshold_ms=3000.0 source=coinbase
2026-05-07 21:17:33,683 | INFO | Mushroom v28 BTC tick stream connected | source=coinbase url=wss://ws-feed.exchange.coinbase.com
2026-05-07 21:17:36,830 | WARNING | Mushroom v28 BTC tick stream stale. Restarting | age_ms=3047.0 threshold_ms=3000.0 source=coinbase
2026-05-07 21:17:37,038 | INFO | Mushroom v28 BTC tick stream connected | source=coinbase url=wss://ws-feed.exchange.coinbase.com
2026-05-07 21:17:38,047 | INFO | Heartbeat | watch=KXBTC15M-26MAY072130-30 yes_bid=57 yes_ask=58 no_bid=42 no_ask=43 book_ready=True position=False pending=False dry_run=False trust=synced run_id=d8d413f6-67be-44c2-b32b-d785efe316d0
2026-05-07 21:17:40,140 | WARNING | Mushroom v28 BTC tick stream stale. Restarting | age_ms=3032.0 threshold_ms=3000.0 source=coinbase
2026-05-07 21:17:40,364 | INFO | Mushroom v28 BTC tick stream connected | source=coinbase url=wss://ws-feed.exchange.coinbase.com
2026-05-07 21:17:43,441 | WARNING | Mushroom v28 BTC tick stream stale. Restarting | age_ms=3047.0 threshold_ms=3000.0 source=coinbase
2026-05-07 21:17:43,640 | INFO | Mushroom v28 BTC tick stream connected | source=coinbase url=wss://ws-feed.exchange.coinbase.com
2026-05-07 21:17:46,740 | WARNING | Mushroom v28 BTC tick stream stale. Restarting | age_ms=3031.0 threshold_ms=3000.0 source=coinbase
2026-05-07 21:17:46,955 | INFO | Mushroom v28 BTC tick stream connected | source=coinbase url=wss://ws-feed.exchange.coinbase.com
2026-05-07 21:17:50,086 | WARNING | Mushroom v28 BTC tick stream stale. Restarting | age_ms=3047.0 threshold_ms=3000.0 source=coinbase
2026-05-07 21:17:50,288 | INFO | Mushroom v28 BTC tick stream connected | source=coinbase url=wss://ws-feed.exchange.coinbase.com
2026-05-07 21:17:53,058 | INFO | Heartbeat | watch=KXBTC15M-26MAY072130-30 yes_bid=57 yes_ask=58 no_bid=42 no_ask=43 book_ready=True position=False pending=False dry_run=False trust=synced run_id=d8d413f6-67be-44c2-b32b-d785efe316d0
2026-05-07 21:17:53,327 | WARNING | Mushroom v28 BTC tick stream stale. Restarting | age_ms=3015.0 threshold_ms=3000.0 source=coinbase
2026-05-07 21:17:53,533 | INFO | Mushroom v28 BTC tick stream connected | source=coinbase url=wss://ws-feed.exchange.coinbase.com
2026-05-07 21:17:56,611 | WARNING | Mushroom v28 BTC tick stream stale. Restarting | age_ms=3047.0 threshold_ms=3000.0 source=coinbase
2026-05-07 21:17:56,812 | INFO | Mushroom v28 BTC tick stream connected | source=coinbase url=wss://ws-feed.exchange.coinbase.com
2026-05-07 21:17:59,896 | WARNING | Mushroom v28 BTC tick stream stale. Restarting | age_ms=3031.0 threshold_ms=3000.0 source=coinbase
2026-05-07 21:18:00,222 | INFO | Mushroom v28 BTC tick stream connected | source=coinbase url=wss://ws-feed.exchange.coinbase.com
2026-05-07 21:18:03,333 | WARNING | Mushroom v28 BTC tick stream stale. Restarting | age_ms=3031.0 threshold_ms=3000.0 source=coinbase
2026-05-07 21:18:03,549 | INFO | Mushroom v28 BTC tick stream connected | source=coinbase url=wss://ws-feed.exchange.coinbase.com
2026-05-07 21:18:06,639 | WARNING | Mushroom v28 BTC tick stream stale. Restarting | age_ms=3047.0 threshold_ms=3000.0 source=coinbase
2026-05-07 21:18:06,850 | INFO | Mushroom v28 BTC tick stream connected | source=coinbase url=wss://ws-feed.exchange.coinbase.com
2026-05-07 21:18:08,057 | INFO | Heartbeat | watch=KXBTC15M-26MAY072130-30 yes_bid=59 yes_ask=61 no_bid=39 no_ask=41 book_ready=True position=False pending=False dry_run=False trust=synced run_id=d8d413f6-67be-44c2-b32b-d785efe316d0
2026-05-07 21:18:09,899 | WARNING | Mushroom v28 BTC tick stream stale. Restarting | age_ms=3031.0 threshold_ms=3000.0 source=coinbase
2026-05-07 21:18:10,092 | INFO | Mushroom v28 BTC tick stream connected | source=coinbase url=wss://ws-feed.exchange.coinbase.com
2026-05-07 21:18:13,179 | WARNING | Mushroom v28 BTC tick stream stale. Restarting | age_ms=3032.0 threshold_ms=3000.0 source=coinbase
2026-05-07 21:18:13,379 | INFO | Mushroom v28 BTC tick stream connected | source=coinbase url=wss://ws-feed.exchange.coinbase.com
2026-05-07 21:18:16,625 | WARNING | Mushroom v28 BTC tick stream stale. Restarting | age_ms=3047.0 threshold_ms=3000.0 source=coinbase
2026-05-07 21:18:16,817 | INFO | Mushroom v28 BTC tick stream connected | source=coinbase url=wss://ws-feed.exchange.coinbase.com
2026-05-07 21:18:19,899 | WARNING | Mushroom v28 BTC tick stream stale. Restarting | age_ms=3047.0 threshold_ms=3000.0 source=coinbase
2026-05-07 21:18:20,093 | INFO | Mushroom v28 BTC tick stream connected | source=coinbase url=wss://ws-feed.exchange.coinbase.com
2026-05-07 21:18:23,050 | INFO | Heartbeat | watch=KXBTC15M-26MAY072130-30 yes_bid=70 yes_ask=71 no_bid=29 no_ask=30 book_ready=True position=False pending=False dry_run=False trust=synced run_id=d8d413f6-67be-44c2-b32b-d785efe316d0
2026-05-07 21:18:23,215 | WARNING | Mushroom v28 BTC tick stream stale. Restarting | age_ms=3047.0 threshold_ms=3000.0 source=coinbase
2026-05-07 21:18:23,414 | INFO | Mushroom v28 BTC tick stream connected | source=coinbase url=wss://ws-feed.exchange.coinbase.com
2026-05-07 21:18:26,500 | WARNING | Mushroom v28 BTC tick stream stale. Restarting | age_ms=3016.0 threshold_ms=3000.0 source=coinbase
2026-05-07 21:18:26,696 | INFO | Mushroom v28 BTC tick stream connected | source=coinbase url=wss://ws-feed.exchange.coinbase.com
2026-05-07 21:18:29,753 | WARNING | Mushroom v28 BTC tick stream stale. Restarting | age_ms=3016.0 threshold_ms=3000.0 source=coinbase
2026-05-07 21:18:29,967 | INFO | Mushroom v28 BTC tick stream connected | source=coinbase url=wss://ws-feed.exchange.coinbase.com
2026-05-07 21:18:33,076 | WARNING | Mushroom v28 BTC tick stream stale. Restarting | age_ms=3047.0 threshold_ms=3000.0 source=coinbase
2026-05-07 21:18:33,292 | INFO | Mushroom v28 BTC tick stream connected | source=coinbase url=wss://ws-feed.exchange.coinbase.com
2026-05-07 21:18:36,368 | WARNING | Mushroom v28 BTC tick stream stale. Restarting | age_ms=3047.0 threshold_ms=3000.0 source=coinbase
2026-05-07 21:18:36,583 | INFO | Mushroom v28 BTC tick stream connected | source=coinbase url=wss://ws-feed.exchange.coinbase.com
2026-05-07 21:18:38,092 | INFO | Heartbeat | watch=KXBTC15M-26MAY072130-30 yes_bid=69 yes_ask=70 no_bid=30 no_ask=31 book_ready=True position=False pending=False dry_run=False trust=synced run_id=d8d413f6-67be-44c2-b32b-d785efe316d0
2026-05-07 21:18:39,614 | WARNING | Mushroom v28 BTC tick stream stale. Restarting | age_ms=3016.0 threshold_ms=3000.0 source=coinbase
2026-05-07 21:18:39,808 | INFO | Mushroom v28 BTC tick stream connected | source=coinbase url=wss://ws-feed.exchange.coinbase.com
2026-05-07 21:18:42,928 | WARNING | Mushroom v28 BTC tick stream stale. Restarting | age_ms=3047.0 threshold_ms=3000.0 source=coinbase
2026-05-07 21:18:43,108 | INFO | Mushroom v28 BTC tick stream connected | source=coinbase url=wss://ws-feed.exchange.coinbase.com
2026-05-07 21:18:46,182 | WARNING | Mushroom v28 BTC tick stream stale. Restarting | age_ms=3032.0 threshold_ms=3000.0 source=coinbase
2026-05-07 21:18:46,376 | INFO | Mushroom v28 BTC tick stream connected | source=coinbase url=wss://ws-feed.exchange.coinbase.com
2026-05-07 21:18:49,504 | WARNING | Mushroom v28 BTC tick stream stale. Restarting | age_ms=3063.0 threshold_ms=3000.0 source=coinbase
2026-05-07 21:18:49,690 | INFO | Mushroom v28 BTC tick stream connected | source=coinbase url=wss://ws-feed.exchange.coinbase.com
2026-05-07 21:18:52,822 | WARNING | Mushroom v28 BTC tick stream stale. Restarting | age_ms=3062.0 threshold_ms=3000.0 source=coinbase
2026-05-07 21:18:53,008 | INFO | Mushroom v28 BTC tick stream connected | source=coinbase url=wss://ws-feed.exchange.coinbase.com
2026-05-07 21:18:53,118 | INFO | Heartbeat | watch=KXBTC15M-26MAY072130-30 yes_bid=71 yes_ask=72 no_bid=28 no_ask=29 book_ready=True position=False pending=False dry_run=False trust=synced run_id=d8d413f6-67be-44c2-b32b-d785efe316d0
2026-05-07 21:18:56,133 | WARNING | Mushroom v28 BTC tick stream stale. Restarting | age_ms=3032.0 threshold_ms=3000.0 source=coinbase
2026-05-07 21:18:56,333 | INFO | Mushroom v28 BTC tick stream connected | source=coinbase url=wss://ws-feed.exchange.coinbase.com
2026-05-07 21:18:59,407 | WARNING | Mushroom v28 BTC tick stream stale. Restarting | age_ms=3031.0 threshold_ms=3000.0 source=coinbase
2026-05-07 21:18:59,620 | INFO | Mushroom v28 BTC tick stream connected | source=coinbase url=wss://ws-feed.exchange.coinbase.com
2026-05-07 21:19:02,757 | WARNING | Mushroom v28 BTC tick stream stale. Restarting | age_ms=3032.0 threshold_ms=3000.0 source=coinbase
2026-05-07 21:19:02,974 | INFO | Mushroom v28 BTC tick stream connected | source=coinbase url=wss://ws-feed.exchange.coinbase.com
2026-05-07 21:19:06,073 | WARNING | Mushroom v28 BTC tick stream stale. Restarting | age_ms=3031.0 threshold_ms=3000.0 source=coinbase
2026-05-07 21:19:06,285 | INFO | Mushroom v28 BTC tick stream connected | source=coinbase url=wss://ws-feed.exchange.coinbase.com
2026-05-07 21:19:08,146 | INFO | Heartbeat | watch=KXBTC15M-26MAY072130-30 yes_bid=73 yes_ask=75 no_bid=25 no_ask=27 book_ready=True position=False pending=False dry_run=False trust=synced run_id=d8d413f6-67be-44c2-b32b-d785efe316d0
2026-05-07 21:19:09,398 | WARNING | Mushroom v28 BTC tick stream stale. Restarting | age_ms=3031.0 threshold_ms=3000.0 source=coinbase
2026-05-07 21:19:09,607 | INFO | Mushroom v28 BTC tick stream connected | source=coinbase url=wss://ws-feed.exchange.coinbase.com
2026-05-07 21:19:12,693 | WARNING | Mushroom v28 BTC tick stream stale. Restarting | age_ms=3015.0 threshold_ms=3000.0 source=coinbase
2026-05-07 21:19:12,911 | INFO | Mushroom v28 BTC tick stream connected | source=coinbase url=wss://ws-feed.exchange.coinbase.com
2026-05-07 21:19:16,123 | WARNING | Mushroom v28 BTC tick stream stale. Restarting | age_ms=3094.0 threshold_ms=3000.0 source=coinbase
2026-05-07 21:19:16,328 | INFO | Mushroom v28 BTC tick stream connected | source=coinbase url=wss://ws-feed.exchange.coinbase.com
2026-05-07 21:19:19,419 | WARNING | Mushroom v28 BTC tick stream stale. Restarting | age_ms=3047.0 threshold_ms=3000.0 source=coinbase
2026-05-07 21:19:19,626 | INFO | Mushroom v28 BTC tick stream connected | source=coinbase url=wss://ws-feed.exchange.coinbase.com
2026-05-07 21:19:22,739 | WARNING | Mushroom v28 BTC tick stream stale. Restarting | age_ms=3016.0 threshold_ms=3000.0 source=coinbase
2026-05-07 21:19:23,018 | INFO | Mushroom v28 BTC tick stream connected | source=coinbase url=wss://ws-feed.exchange.coinbase.com
2026-05-07 21:19:23,220 | INFO | Heartbeat | watch=KXBTC15M-26MAY072130-30 yes_bid=70 yes_ask=71 no_bid=29 no_ask=30 book_ready=True position=False pending=False dry_run=False trust=synced run_id=d8d413f6-67be-44c2-b32b-d785efe316d0
2026-05-07 21:19:26,170 | WARNING | Mushroom v28 BTC tick stream stale. Restarting | age_ms=3031.0 threshold_ms=3000.0 source=coinbase
2026-05-07 21:19:26,374 | INFO | Mushroom v28 BTC tick stream connected | source=coinbase url=wss://ws-feed.exchange.coinbase.com
2026-05-07 21:19:29,459 | WARNING | Mushroom v28 BTC tick stream stale. Restarting | age_ms=3031.0 threshold_ms=3000.0 source=coinbase
2026-05-07 21:19:29,660 | INFO | Mushroom v28 BTC tick stream connected | source=coinbase url=wss://ws-feed.exchange.coinbase.com
2026-05-07 21:19:32,770 | WARNING | Mushroom v28 BTC tick stream stale. Restarting | age_ms=3047.0 threshold_ms=3000.0 source=coinbase
2026-05-07 21:19:32,987 | INFO | Mushroom v28 BTC tick stream connected | source=coinbase url=wss://ws-feed.exchange.coinbase.com
2026-05-07 21:19:36,040 | WARNING | Mushroom v28 BTC tick stream stale. Restarting | age_ms=3031.0 threshold_ms=3000.0 source=coinbase
2026-05-07 21:19:36,257 | INFO | Mushroom v28 BTC tick stream connected | source=coinbase url=wss://ws-feed.exchange.coinbase.com
2026-05-07 21:19:38,207 | INFO | Heartbeat | watch=KXBTC15M-26MAY072130-30 yes_bid=67 yes_ask=68 no_bid=32 no_ask=33 book_ready=True position=False pending=False dry_run=False trust=synced run_id=d8d413f6-67be-44c2-b32b-d785efe316d0
2026-05-07 21:19:39,397 | WARNING | Mushroom v28 BTC tick stream stale. Restarting | age_ms=3031.0 threshold_ms=3000.0 source=coinbase
2026-05-07 21:19:39,591 | INFO | Mushroom v28 BTC tick stream connected | source=coinbase url=wss://ws-feed.exchange.coinbase.com
2026-05-07 21:19:42,724 | WARNING | Mushroom v28 BTC tick stream stale. Restarting | age_ms=3031.0 threshold_ms=3000.0 source=coinbase
2026-05-07 21:19:42,935 | INFO | Mushroom v28 BTC tick stream connected | source=coinbase url=wss://ws-feed.exchange.coinbase.com
2026-05-07 21:19:46,089 | WARNING | Mushroom v28 BTC tick stream stale. Restarting | age_ms=3063.0 threshold_ms=3000.0 source=coinbase
2026-05-07 21:19:46,291 | INFO | Mushroom v28 BTC tick stream connected | source=coinbase url=wss://ws-feed.exchange.coinbase.com
2026-05-07 21:19:49,333 | WARNING | Mushroom v28 BTC tick stream stale. Restarting | age_ms=3031.0 threshold_ms=3000.0 source=coinbase
2026-05-07 21:19:49,538 | INFO | Mushroom v28 BTC tick stream connected | source=coinbase url=wss://ws-feed.exchange.coinbase.com
2026-05-07 21:19:52,746 | WARNING | Mushroom v28 BTC tick stream stale. Restarting | age_ms=3109.0 threshold_ms=3000.0 source=coinbase
2026-05-07 21:19:52,975 | INFO | Mushroom v28 BTC tick stream connected | source=coinbase url=wss://ws-feed.exchange.coinbase.com
2026-05-07 21:19:53,253 | INFO | Heartbeat | watch=KXBTC15M-26MAY072130-30 yes_bid=69 yes_ask=70 no_bid=30 no_ask=31 book_ready=True position=False pending=False dry_run=False trust=synced run_id=d8d413f6-67be-44c2-b32b-d785efe316d0
2026-05-07 21:19:56,087 | WARNING | Mushroom v28 BTC tick stream stale. Restarting | age_ms=3016.0 threshold_ms=3000.0 source=coinbase
2026-05-07 21:19:56,288 | INFO | Mushroom v28 BTC tick stream connected | source=coinbase url=wss://ws-feed.exchange.coinbase.com
2026-05-07 21:19:59,443 | WARNING | Mushroom v28 BTC tick stream stale. Restarting | age_ms=3062.0 threshold_ms=3000.0 source=coinbase
2026-05-07 21:19:59,661 | INFO | Mushroom v28 BTC tick stream connected | source=coinbase url=wss://ws-feed.exchange.coinbase.com
2026-05-07 21:20:02,781 | WARNING | Mushroom v28 BTC tick stream stale. Restarting | age_ms=3047.0 threshold_ms=3000.0 source=coinbase
2026-05-07 21:20:02,967 | INFO | Mushroom v28 BTC tick stream connected | source=coinbase url=wss://ws-feed.exchange.coinbase.com
2026-05-07 21:20:06,090 | WARNING | Mushroom v28 BTC tick stream stale. Restarting | age_ms=3016.0 threshold_ms=3000.0 source=coinbase
2026-05-07 21:20:08,254 | INFO | Heartbeat | watch=KXBTC15M-26MAY072130-30 yes_bid=70 yes_ask=71 no_bid=29 no_ask=30 book_ready=True position=False pending=False dry_run=False trust=synced run_id=d8d413f6-67be-44c2-b32b-d785efe316d0
2026-05-07 21:20:09,116 | WARNING | Mushroom v28 BTC tick stream stale. Restarting | age_ms=6047.0 threshold_ms=3000.0 source=coinbase
2026-05-07 21:20:09,276 | INFO | Mushroom v28 BTC tick stream connected | source=coinbase url=wss://ws-feed.exchange.coinbase.com
2026-05-07 21:20:12,360 | WARNING | Mushroom v28 BTC tick stream stale. Restarting | age_ms=3015.0 threshold_ms=3000.0 source=coinbase
2026-05-07 21:20:12,552 | INFO | Mushroom v28 BTC tick stream connected | source=coinbase url=wss://ws-feed.exchange.coinbase.com
2026-05-07 21:20:15,707 | WARNING | Mushroom v28 BTC tick stream stale. Restarting | age_ms=3063.0 threshold_ms=3000.0 source=coinbase
2026-05-07 21:20:15,896 | INFO | Mushroom v28 BTC tick stream connected | source=coinbase url=wss://ws-feed.exchange.coinbase.com
2026-05-07 21:20:19,033 | WARNING | Mushroom v28 BTC tick stream stale. Restarting | age_ms=3047.0 threshold_ms=3000.0 source=coinbase
2026-05-07 21:20:19,217 | INFO | Mushroom v28 BTC tick stream connected | source=coinbase url=wss://ws-feed.exchange.coinbase.com
2026-05-07 21:20:22,260 | WARNING | Mushroom v28 BTC tick stream stale. Restarting | age_ms=3016.0 threshold_ms=3000.0 source=coinbase
2026-05-07 21:20:22,437 | INFO | Mushroom v28 BTC tick stream connected | source=coinbase url=wss://ws-feed.exchange.coinbase.com
2026-05-07 21:20:23,266 | INFO | Heartbeat | watch=KXBTC15M-26MAY072130-30 yes_bid=61 yes_ask=62 no_bid=38 no_ask=39 book_ready=True position=False pending=False dry_run=False trust=synced run_id=d8d413f6-67be-44c2-b32b-d785efe316d0
2026-05-07 21:20:25,545 | WARNING | Mushroom v28 BTC tick stream stale. Restarting | age_ms=3063.0 threshold_ms=3000.0 source=coinbase
2026-05-07 21:20:25,727 | INFO | Mushroom v28 BTC tick stream connected | source=coinbase url=wss://ws-feed.exchange.coinbase.com
2026-05-07 21:20:28,839 | WARNING | Mushroom v28 BTC tick stream stale. Restarting | age_ms=3016.0 threshold_ms=3000.0 source=coinbase
2026-05-07 21:20:29,018 | INFO | Mushroom v28 BTC tick stream connected | source=coinbase url=wss://ws-feed.exchange.coinbase.com
2026-05-07 21:20:32,070 | WARNING | Mushroom v28 BTC tick stream stale. Restarting | age_ms=3015.0 threshold_ms=3000.0 source=coinbase
2026-05-07 21:20:32,267 | INFO | Mushroom v28 BTC tick stream connected | source=coinbase url=wss://ws-feed.exchange.coinbase.com
2026-05-07 21:20:35,467 | WARNING | Mushroom v28 BTC tick stream stale. Restarting | age_ms=3094.0 threshold_ms=3000.0 source=coinbase
2026-05-07 21:20:35,667 | INFO | Mushroom v28 BTC tick stream connected | source=coinbase url=wss://ws-feed.exchange.coinbase.com
2026-05-07 21:20:38,288 | INFO | Heartbeat | watch=KXBTC15M-26MAY072130-30 yes_bid=61 yes_ask=62 no_bid=38 no_ask=39 book_ready=True position=False pending=False dry_run=False trust=synced run_id=d8d413f6-67be-44c2-b32b-d785efe316d0
2026-05-07 21:20:38,754 | WARNING | Mushroom v28 BTC tick stream stale. Restarting | age_ms=3032.0 threshold_ms=3000.0 source=coinbase
2026-05-07 21:20:38,957 | INFO | Mushroom v28 BTC tick stream connected | source=coinbase url=wss://ws-feed.exchange.coinbase.com
2026-05-07 21:20:42,083 | WARNING | Mushroom v28 BTC tick stream stale. Restarting | age_ms=3031.0 threshold_ms=3000.0 source=coinbase
2026-05-07 21:20:42,291 | INFO | Mushroom v28 BTC tick stream connected | source=coinbase url=wss://ws-feed.exchange.coinbase.com
2026-05-07 21:20:45,347 | WARNING | Mushroom v28 BTC tick stream stale. Restarting | age_ms=3031.0 threshold_ms=3000.0 source=coinbase
2026-05-07 21:20:45,555 | INFO | Mushroom v28 BTC tick stream connected | source=coinbase url=wss://ws-feed.exchange.coinbase.com
2026-05-07 21:20:48,636 | WARNING | Mushroom v28 BTC tick stream stale. Restarting | age_ms=3016.0 threshold_ms=3000.0 source=coinbase
2026-05-07 21:20:48,849 | INFO | Mushroom v28 BTC tick stream connected | source=coinbase url=wss://ws-feed.exchange.coinbase.com
2026-05-07 21:20:51,960 | WARNING | Mushroom v28 BTC tick stream stale. Restarting | age_ms=3094.0 threshold_ms=3000.0 source=coinbase
2026-05-07 21:20:52,342 | INFO | Mushroom v28 BTC tick stream connected | source=coinbase url=wss://ws-feed.exchange.coinbase.com
2026-05-07 21:20:53,312 | INFO | Heartbeat | watch=KXBTC15M-26MAY072130-30 yes_bid=51 yes_ask=52 no_bid=48 no_ask=49 book_ready=True position=False pending=False dry_run=False trust=synced run_id=d8d413f6-67be-44c2-b32b-d785efe316d0
2026-05-07 21:20:55,547 | WARNING | Mushroom v28 BTC tick stream stale. Restarting | age_ms=3063.0 threshold_ms=3000.0 source=coinbase
2026-05-07 21:20:55,742 | INFO | Mushroom v28 BTC tick stream connected | source=coinbase url=wss://ws-feed.exchange.coinbase.com
2026-05-07 21:20:58,869 | WARNING | Mushroom v28 BTC tick stream stale. Restarting | age_ms=3016.0 threshold_ms=3000.0 source=coinbase
2026-05-07 21:20:59,094 | INFO | Mushroom v28 BTC tick stream connected | source=coinbase url=wss://ws-feed.exchange.coinbase.com
2026-05-07 21:21:02,197 | WARNING | Mushroom v28 BTC tick stream stale. Restarting | age_ms=3047.0 threshold_ms=3000.0 source=coinbase
2026-05-07 21:21:02,408 | INFO | Mushroom v28 BTC tick stream connected | source=coinbase url=wss://ws-feed.exchange.coinbase.com
2026-05-07 21:21:05,552 | WARNING | Mushroom v28 BTC tick stream stale. Restarting | age_ms=3047.0 threshold_ms=3000.0 source=coinbase
2026-05-07 21:21:05,736 | INFO | Mushroom v28 BTC tick stream connected | source=coinbase url=wss://ws-feed.exchange.coinbase.com
2026-05-07 21:21:08,332 | INFO | Heartbeat | watch=KXBTC15M-26MAY072130-30 yes_bid=54 yes_ask=55 no_bid=45 no_ask=46 book_ready=True position=False pending=False dry_run=False trust=synced run_id=d8d413f6-67be-44c2-b32b-d785efe316d0
2026-05-07 21:21:08,770 | WARNING | Mushroom v28 BTC tick stream stale. Restarting | age_ms=3015.0 threshold_ms=3000.0 source=coinbase
2026-05-07 21:21:08,978 | INFO | Mushroom v28 BTC tick stream connected | source=coinbase url=wss://ws-feed.exchange.coinbase.com
2026-05-07 21:21:12,105 | WARNING | Mushroom v28 BTC tick stream stale. Restarting | age_ms=3046.0 threshold_ms=3000.0 source=coinbase
2026-05-07 21:21:15,144 | WARNING | Mushroom v28 BTC tick stream stale. Restarting | age_ms=6093.0 threshold_ms=3000.0 source=coinbase
2026-05-07 21:21:15,312 | INFO | Mushroom v28 BTC tick stream connected | source=coinbase url=wss://ws-feed.exchange.coinbase.com
2026-05-07 21:21:18,393 | WARNING | Mushroom v28 BTC tick stream stale. Restarting | age_ms=3032.0 threshold_ms=3000.0 source=coinbase
2026-05-07 21:21:18,578 | INFO | Mushroom v28 BTC tick stream connected | source=coinbase url=wss://ws-feed.exchange.coinbase.com
2026-05-07 21:21:21,663 | WARNING | Mushroom v28 BTC tick stream stale. Restarting | age_ms=3031.0 threshold_ms=3000.0 source=coinbase
2026-05-07 21:21:21,887 | INFO | Mushroom v28 BTC tick stream connected | source=coinbase url=wss://ws-feed.exchange.coinbase.com
2026-05-07 21:21:23,334 | INFO | Heartbeat | watch=KXBTC15M-26MAY072130-30 yes_bid=51 yes_ask=52 no_bid=48 no_ask=49 book_ready=True position=False pending=False dry_run=False trust=synced run_id=d8d413f6-67be-44c2-b32b-d785efe316d0
2026-05-07 21:21:25,003 | WARNING | Mushroom v28 BTC tick stream stale. Restarting | age_ms=3016.0 threshold_ms=3000.0 source=coinbase
2026-05-07 21:21:25,186 | INFO | Mushroom v28 BTC tick stream connected | source=coinbase url=wss://ws-feed.exchange.coinbase.com
2026-05-07 21:21:28,370 | WARNING | Mushroom v28 BTC tick stream stale. Restarting | age_ms=3031.0 threshold_ms=3000.0 source=coinbase
2026-05-07 21:21:28,548 | INFO | Mushroom v28 BTC tick stream connected | source=coinbase url=wss://ws-feed.exchange.coinbase.com
2026-05-07 21:21:31,655 | WARNING | Mushroom v28 BTC tick stream stale. Restarting | age_ms=3047.0 threshold_ms=3000.0 source=coinbase
2026-05-07 21:21:31,829 | INFO | Mushroom v28 BTC tick stream connected | source=coinbase url=wss://ws-feed.exchange.coinbase.com
2026-05-07 21:21:34,928 | WARNING | Mushroom v28 BTC tick stream stale. Restarting | age_ms=3047.0 threshold_ms=3000.0 source=coinbase
2026-05-07 21:21:35,131 | INFO | Mushroom v28 BTC tick stream connected | source=coinbase url=wss://ws-feed.exchange.coinbase.com
2026-05-07 21:21:38,200 | WARNING | Mushroom v28 BTC tick stream stale. Restarting | age_ms=3031.0 threshold_ms=3000.0 source=coinbase
2026-05-07 21:21:38,387 | INFO | Heartbeat | watch=KXBTC15M-26MAY072130-30 yes_bid=53 yes_ask=54 no_bid=46 no_ask=47 book_ready=True position=False pending=False dry_run=False trust=synced run_id=d8d413f6-67be-44c2-b32b-d785efe316d0
2026-05-07 21:21:38,393 | INFO | Mushroom v28 BTC tick stream connected | source=coinbase url=wss://ws-feed.exchange.coinbase.com
2026-05-07 21:21:41,494 | WARNING | Mushroom v28 BTC tick stream stale. Restarting | age_ms=3047.0 threshold_ms=3000.0 source=coinbase
2026-05-07 21:21:41,708 | INFO | Mushroom v28 BTC tick stream connected | source=coinbase url=wss://ws-feed.exchange.coinbase.com
2026-05-07 21:21:44,807 | WARNING | Mushroom v28 BTC tick stream stale. Restarting | age_ms=3047.0 threshold_ms=3000.0 source=coinbase
2026-05-07 21:21:45,004 | INFO | Mushroom v28 BTC tick stream connected | source=coinbase url=wss://ws-feed.exchange.coinbase.com
2026-05-07 21:21:48,136 | WARNING | Mushroom v28 BTC tick stream stale. Restarting | age_ms=3078.0 threshold_ms=3000.0 source=coinbase
2026-05-07 21:21:48,351 | INFO | Mushroom v28 BTC tick stream connected | source=coinbase url=wss://ws-feed.exchange.coinbase.com
2026-05-07 21:21:51,474 | WARNING | Mushroom v28 BTC tick stream stale. Restarting | age_ms=3046.0 threshold_ms=3000.0 source=coinbase
2026-05-07 21:21:51,667 | INFO | Mushroom v28 BTC tick stream connected | source=coinbase url=wss://ws-feed.exchange.coinbase.com
2026-05-07 21:21:53,412 | INFO | Heartbeat | watch=KXBTC15M-26MAY072130-30 yes_bid=60 yes_ask=61 no_bid=39 no_ask=40 book_ready=True position=False pending=False dry_run=False trust=synced run_id=d8d413f6-67be-44c2-b32b-d785efe316d0
2026-05-07 21:21:54,810 | WARNING | Mushroom v28 BTC tick stream stale. Restarting | age_ms=3032.0 threshold_ms=3000.0 source=coinbase
2026-05-07 21:21:55,016 | INFO | Mushroom v28 BTC tick stream connected | source=coinbase url=wss://ws-feed.exchange.coinbase.com
2026-05-07 21:21:58,085 | WARNING | Mushroom v28 BTC tick stream stale. Restarting | age_ms=3031.0 threshold_ms=3000.0 source=coinbase
2026-05-07 21:21:58,356 | INFO | Mushroom v28 BTC tick stream connected | source=coinbase url=wss://ws-feed.exchange.coinbase.com
2026-05-07 21:22:01,441 | WARNING | Mushroom v28 BTC tick stream stale. Restarting | age_ms=3032.0 threshold_ms=3000.0 source=coinbase
2026-05-07 21:22:01,632 | INFO | Mushroom v28 BTC tick stream connected | source=coinbase url=wss://ws-feed.exchange.coinbase.com
2026-05-07 21:22:04,694 | WARNING | Mushroom v28 BTC tick stream stale. Restarting | age_ms=3031.0 threshold_ms=3000.0 source=coinbase
2026-05-07 21:22:04,875 | INFO | Mushroom v28 BTC tick stream connected | source=coinbase url=wss://ws-feed.exchange.coinbase.com
2026-05-07 21:22:07,946 | WARNING | Mushroom v28 BTC tick stream stale. Restarting | age_ms=3031.0 threshold_ms=3000.0 source=coinbase
2026-05-07 21:22:08,141 | INFO | Mushroom v28 BTC tick stream connected | source=coinbase url=wss://ws-feed.exchange.coinbase.com
2026-05-07 21:22:08,455 | INFO | Heartbeat | watch=KXBTC15M-26MAY072130-30 yes_bid=71 yes_ask=72 no_bid=28 no_ask=29 book_ready=True position=False pending=False dry_run=False trust=synced run_id=d8d413f6-67be-44c2-b32b-d785efe316d0
2026-05-07 21:22:11,271 | WARNING | Mushroom v28 BTC tick stream stale. Restarting | age_ms=3047.0 threshold_ms=3000.0 source=coinbase
2026-05-07 21:22:11,462 | INFO | Mushroom v28 BTC tick stream connected | source=coinbase url=wss://ws-feed.exchange.coinbase.com
2026-05-07 21:22:14,577 | WARNING | Mushroom v28 BTC tick stream stale. Restarting | age_ms=3031.0 threshold_ms=3000.0 source=coinbase
2026-05-07 21:22:14,767 | INFO | Mushroom v28 BTC tick stream connected | source=coinbase url=wss://ws-feed.exchange.coinbase.com
2026-05-07 21:22:17,848 | WARNING | Mushroom v28 BTC tick stream stale. Restarting | age_ms=3062.0 threshold_ms=3000.0 source=coinbase
2026-05-07 21:22:18,048 | INFO | Mushroom v28 BTC tick stream connected | source=coinbase url=wss://ws-feed.exchange.coinbase.com
2026-05-07 21:22:21,173 | WARNING | Mushroom v28 BTC tick stream stale. Restarting | age_ms=3031.0 threshold_ms=3000.0 source=coinbase
2026-05-07 21:22:21,588 | INFO | Mushroom v28 BTC tick stream connected | source=coinbase url=wss://ws-feed.exchange.coinbase.com
2026-05-07 21:22:23,501 | INFO | Heartbeat | watch=KXBTC15M-26MAY072130-30 yes_bid=70 yes_ask=71 no_bid=29 no_ask=30 book_ready=True position=False pending=False dry_run=False trust=synced run_id=d8d413f6-67be-44c2-b32b-d785efe316d0
2026-05-07 21:22:24,720 | WARNING | Mushroom v28 BTC tick stream stale. Restarting | age_ms=3078.0 threshold_ms=3000.0 source=coinbase
2026-05-07 21:22:24,962 | INFO | Mushroom v28 BTC tick stream connected | source=coinbase url=wss://ws-feed.exchange.coinbase.com
2026-05-07 21:22:28,042 | WARNING | Mushroom v28 BTC tick stream stale. Restarting | age_ms=3016.0 threshold_ms=3000.0 source=coinbase
2026-05-07 21:22:28,270 | INFO | Mushroom v28 BTC tick stream connected | source=coinbase url=wss://ws-feed.exchange.coinbase.com
2026-05-07 21:22:31,373 | WARNING | Mushroom v28 BTC tick stream stale. Restarting | age_ms=3031.0 threshold_ms=3000.0 source=coinbase
2026-05-07 21:22:31,602 | INFO | Mushroom v28 BTC tick stream connected | source=coinbase url=wss://ws-feed.exchange.coinbase.com
2026-05-07 21:22:34,694 | WARNING | Mushroom v28 BTC tick stream stale. Restarting | age_ms=3031.0 threshold_ms=3000.0 source=coinbase
2026-05-07 21:22:34,904 | INFO | Mushroom v28 BTC tick stream connected | source=coinbase url=wss://ws-feed.exchange.coinbase.com
2026-05-07 21:22:38,008 | WARNING | Mushroom v28 BTC tick stream stale. Restarting | age_ms=3063.0 threshold_ms=3000.0 source=coinbase
2026-05-07 21:22:38,210 | INFO | Mushroom v28 BTC tick stream connected | source=coinbase url=wss://ws-feed.exchange.coinbase.com
2026-05-07 21:22:38,518 | INFO | Heartbeat | watch=KXBTC15M-26MAY072130-30 yes_bid=60 yes_ask=61 no_bid=39 no_ask=40 book_ready=True position=False pending=False dry_run=False trust=synced run_id=d8d413f6-67be-44c2-b32b-d785efe316d0
2026-05-07 21:22:41,300 | WARNING | Mushroom v28 BTC tick stream stale. Restarting | age_ms=3031.0 threshold_ms=3000.0 source=coinbase
2026-05-07 21:22:41,510 | INFO | Mushroom v28 BTC tick stream connected | source=coinbase url=wss://ws-feed.exchange.coinbase.com
2026-05-07 21:22:44,591 | WARNING | Mushroom v28 BTC tick stream stale. Restarting | age_ms=3047.0 threshold_ms=3000.0 source=coinbase
2026-05-07 21:22:44,796 | INFO | Mushroom v28 BTC tick stream connected | source=coinbase url=wss://ws-feed.exchange.coinbase.com
2026-05-07 21:22:47,851 | WARNING | Mushroom v28 BTC tick stream stale. Restarting | age_ms=3031.0 threshold_ms=3000.0 source=coinbase
2026-05-07 21:22:48,052 | INFO | Mushroom v28 BTC tick stream connected | source=coinbase url=wss://ws-feed.exchange.coinbase.com
2026-05-07 21:22:51,212 | WARNING | Mushroom v28 BTC tick stream stale. Restarting | age_ms=3063.0 threshold_ms=3000.0 source=coinbase
2026-05-07 21:22:51,417 | INFO | Mushroom v28 BTC tick stream connected | source=coinbase url=wss://ws-feed.exchange.coinbase.com
2026-05-07 21:22:53,505 | INFO | Heartbeat | watch=KXBTC15M-26MAY072130-30 yes_bid=55 yes_ask=57 no_bid=43 no_ask=45 book_ready=True position=False pending=False dry_run=False trust=synced run_id=d8d413f6-67be-44c2-b32b-d785efe316d0
2026-05-07 21:22:54,594 | WARNING | Mushroom v28 BTC tick stream stale. Restarting | age_ms=3063.0 threshold_ms=3000.0 source=coinbase
2026-05-07 21:22:54,821 | INFO | Mushroom v28 BTC tick stream connected | source=coinbase url=wss://ws-feed.exchange.coinbase.com
2026-05-07 21:22:57,907 | WARNING | Mushroom v28 BTC tick stream stale. Restarting | age_ms=3031.0 threshold_ms=3000.0 source=coinbase
2026-05-07 21:22:58,105 | INFO | Mushroom v28 BTC tick stream connected | source=coinbase url=wss://ws-feed.exchange.coinbase.com
2026-05-07 21:23:01,205 | WARNING | Mushroom v28 BTC tick stream stale. Restarting | age_ms=3015.0 threshold_ms=3000.0 source=coinbase
2026-05-07 21:23:01,434 | INFO | Mushroom v28 BTC tick stream connected | source=coinbase url=wss://ws-feed.exchange.coinbase.com
2026-05-07 21:23:04,615 | WARNING | Mushroom v28 BTC tick stream stale. Restarting | age_ms=3078.0 threshold_ms=3000.0 source=coinbase
2026-05-07 21:23:04,927 | INFO | Mushroom v28 BTC tick stream connected | source=coinbase url=wss://ws-feed.exchange.coinbase.com
2026-05-07 21:23:08,089 | WARNING | Mushroom v28 BTC tick stream stale. Restarting | age_ms=3031.0 threshold_ms=3000.0 source=coinbase
2026-05-07 21:23:08,337 | INFO | Mushroom v28 BTC tick stream connected | source=coinbase url=wss://ws-feed.exchange.coinbase.com
2026-05-07 21:23:08,539 | INFO | Heartbeat | watch=KXBTC15M-26MAY072130-30 yes_bid=56 yes_ask=57 no_bid=43 no_ask=44 book_ready=True position=False pending=False dry_run=False trust=synced run_id=d8d413f6-67be-44c2-b32b-d785efe316d0
2026-05-07 21:23:11,442 | WARNING | Mushroom v28 BTC tick stream stale. Restarting | age_ms=3047.0 threshold_ms=3000.0 source=coinbase
2026-05-07 21:23:11,681 | INFO | Mushroom v28 BTC tick stream connected | source=coinbase url=wss://ws-feed.exchange.coinbase.com
2026-05-07 21:23:14,787 | WARNING | Mushroom v28 BTC tick stream stale. Restarting | age_ms=3047.0 threshold_ms=3000.0 source=coinbase
2026-05-07 21:23:14,981 | INFO | Mushroom v28 BTC tick stream connected | source=coinbase url=wss://ws-feed.exchange.coinbase.com
2026-05-07 21:23:18,056 | WARNING | Mushroom v28 BTC tick stream stale. Restarting | age_ms=3016.0 threshold_ms=3000.0 source=coinbase
2026-05-07 21:23:18,259 | INFO | Mushroom v28 BTC tick stream connected | source=coinbase url=wss://ws-feed.exchange.coinbase.com
2026-05-07 21:23:21,415 | WARNING | Mushroom v28 BTC tick stream stale. Restarting | age_ms=3047.0 threshold_ms=3000.0 source=coinbase
2026-05-07 21:23:21,828 | INFO | Mushroom v28 BTC tick stream connected | source=coinbase url=wss://ws-feed.exchange.coinbase.com
2026-05-07 21:23:23,540 | INFO | Heartbeat | watch=KXBTC15M-26MAY072130-30 yes_bid=43 yes_ask=44 no_bid=56 no_ask=57 book_ready=True position=False pending=False dry_run=False trust=synced run_id=d8d413f6-67be-44c2-b32b-d785efe316d0
2026-05-07 21:23:24,920 | WARNING | Mushroom v28 BTC tick stream stale. Restarting | age_ms=3031.0 threshold_ms=3000.0 source=coinbase
2026-05-07 21:23:25,123 | INFO | Mushroom v28 BTC tick stream connected | source=coinbase url=wss://ws-feed.exchange.coinbase.com
2026-05-07 21:23:28,259 | WARNING | Mushroom v28 BTC tick stream stale. Restarting | age_ms=3032.0 threshold_ms=3000.0 source=coinbase
2026-05-07 21:23:28,461 | INFO | Mushroom v28 BTC tick stream connected | source=coinbase url=wss://ws-feed.exchange.coinbase.com
2026-05-07 21:23:31,582 | WARNING | Mushroom v28 BTC tick stream stale. Restarting | age_ms=3031.0 threshold_ms=3000.0 source=coinbase
2026-05-07 21:23:31,826 | INFO | Mushroom v28 BTC tick stream connected | source=coinbase url=wss://ws-feed.exchange.coinbase.com
2026-05-07 21:23:34,905 | WARNING | Mushroom v28 BTC tick stream stale. Restarting | age_ms=3015.0 threshold_ms=3000.0 source=coinbase
2026-05-07 21:23:35,186 | INFO | Mushroom v28 BTC tick stream connected | source=coinbase url=wss://ws-feed.exchange.coinbase.com
2026-05-07 21:23:38,287 | WARNING | Mushroom v28 BTC tick stream stale. Restarting | age_ms=3031.0 threshold_ms=3000.0 source=coinbase
2026-05-07 21:23:38,555 | INFO | Heartbeat | watch=KXBTC15M-26MAY072130-30 yes_bid=42 yes_ask=43 no_bid=57 no_ask=58 book_ready=True position=False pending=False dry_run=False trust=synced run_id=d8d413f6-67be-44c2-b32b-d785efe316d0
2026-05-07 21:23:38,565 | INFO | Mushroom v28 BTC tick stream connected | source=coinbase url=wss://ws-feed.exchange.coinbase.com
2026-05-07 21:23:41,719 | WARNING | Mushroom v28 BTC tick stream stale. Restarting | age_ms=3063.0 threshold_ms=3000.0 source=coinbase
2026-05-07 21:23:42,007 | INFO | Mushroom v28 BTC tick stream connected | source=coinbase url=wss://ws-feed.exchange.coinbase.com
2026-05-07 21:23:45,101 | WARNING | Mushroom v28 BTC tick stream stale. Restarting | age_ms=3015.0 threshold_ms=3000.0 source=coinbase
2026-05-07 21:23:45,297 | INFO | Mushroom v28 BTC tick stream connected | source=coinbase url=wss://ws-feed.exchange.coinbase.com
2026-05-07 21:23:48,402 | WARNING | Mushroom v28 BTC tick stream stale. Restarting | age_ms=3047.0 threshold_ms=3000.0 source=coinbase
2026-05-07 21:23:48,611 | INFO | Mushroom v28 BTC tick stream connected | source=coinbase url=wss://ws-feed.exchange.coinbase.com
2026-05-07 21:23:51,726 | WARNING | Mushroom v28 BTC tick stream stale. Restarting | age_ms=3046.0 threshold_ms=3000.0 source=coinbase
2026-05-07 21:23:51,910 | INFO | Mushroom v28 BTC tick stream connected | source=coinbase url=wss://ws-feed.exchange.coinbase.com
2026-05-07 21:23:53,575 | INFO | Heartbeat | watch=KXBTC15M-26MAY072130-30 yes_bid=40 yes_ask=41 no_bid=59 no_ask=60 book_ready=True position=False pending=False dry_run=False trust=synced run_id=d8d413f6-67be-44c2-b32b-d785efe316d0
2026-05-07 21:23:55,063 | WARNING | Mushroom v28 BTC tick stream stale. Restarting | age_ms=3032.0 threshold_ms=3000.0 source=coinbase
2026-05-07 21:23:55,263 | INFO | Mushroom v28 BTC tick stream connected | source=coinbase url=wss://ws-feed.exchange.coinbase.com
2026-05-07 21:23:58,348 | WARNING | Mushroom v28 BTC tick stream stale. Restarting | age_ms=3031.0 threshold_ms=3000.0 source=coinbase
2026-05-07 21:23:58,554 | INFO | Mushroom v28 BTC tick stream connected | source=coinbase url=wss://ws-feed.exchange.coinbase.com
2026-05-07 21:24:01,686 | WARNING | Mushroom v28 BTC tick stream stale. Restarting | age_ms=3032.0 threshold_ms=3000.0 source=coinbase
2026-05-07 21:24:01,892 | INFO | Mushroom v28 BTC tick stream connected | source=coinbase url=wss://ws-feed.exchange.coinbase.com
2026-05-07 21:24:05,007 | WARNING | Mushroom v28 BTC tick stream stale. Restarting | age_ms=3016.0 threshold_ms=3000.0 source=coinbase
2026-05-07 21:24:05,224 | INFO | Mushroom v28 BTC tick stream connected | source=coinbase url=wss://ws-feed.exchange.coinbase.com
2026-05-07 21:24:08,360 | WARNING | Mushroom v28 BTC tick stream stale. Restarting | age_ms=3031.0 threshold_ms=3000.0 source=coinbase
2026-05-07 21:24:08,537 | INFO | Mushroom v28 BTC tick stream connected | source=coinbase url=wss://ws-feed.exchange.coinbase.com
2026-05-07 21:24:08,571 | INFO | Heartbeat | watch=KXBTC15M-26MAY072130-30 yes_bid=44 yes_ask=45 no_bid=55 no_ask=56 book_ready=True position=False pending=False dry_run=False trust=synced run_id=d8d413f6-67be-44c2-b32b-d785efe316d0
2026-05-07 21:24:11,601 | WARNING | Mushroom v28 BTC tick stream stale. Restarting | age_ms=3031.0 threshold_ms=3000.0 source=coinbase
2026-05-07 21:24:11,794 | INFO | Mushroom v28 BTC tick stream connected | source=coinbase url=wss://ws-feed.exchange.coinbase.com
2026-05-07 21:24:14,883 | WARNING | Mushroom v28 BTC tick stream stale. Restarting | age_ms=3047.0 threshold_ms=3000.0 source=coinbase
2026-05-07 21:24:15,078 | INFO | Mushroom v28 BTC tick stream connected | source=coinbase url=wss://ws-feed.exchange.coinbase.com
2026-05-07 21:24:18,153 | WARNING | Mushroom v28 BTC tick stream stale. Restarting | age_ms=3015.0 threshold_ms=3000.0 source=coinbase
2026-05-07 21:24:18,347 | INFO | Mushroom v28 BTC tick stream connected | source=coinbase url=wss://ws-feed.exchange.coinbase.com
2026-05-07 21:24:21,436 | WARNING | Mushroom v28 BTC tick stream stale. Restarting | age_ms=3032.0 threshold_ms=3000.0 source=coinbase
2026-05-07 21:24:21,770 | INFO | Mushroom v28 BTC tick stream connected | source=coinbase url=wss://ws-feed.exchange.coinbase.com
2026-05-07 21:24:23,573 | INFO | Heartbeat | watch=KXBTC15M-26MAY072130-30 yes_bid=40 yes_ask=42 no_bid=58 no_ask=60 book_ready=True position=False pending=False dry_run=False trust=synced run_id=d8d413f6-67be-44c2-b32b-d785efe316d0
2026-05-07 21:24:24,897 | WARNING | Mushroom v28 BTC tick stream stale. Restarting | age_ms=3047.0 threshold_ms=3000.0 source=coinbase
2026-05-07 21:24:25,080 | INFO | Mushroom v28 BTC tick stream connected | source=coinbase url=wss://ws-feed.exchange.coinbase.com
2026-05-07 21:24:28,185 | WARNING | Mushroom v28 BTC tick stream stale. Restarting | age_ms=3047.0 threshold_ms=3000.0 source=coinbase
2026-05-07 21:24:28,379 | INFO | Mushroom v28 BTC tick stream connected | source=coinbase url=wss://ws-feed.exchange.coinbase.com
2026-05-07 21:24:31,480 | WARNING | Mushroom v28 BTC tick stream stale. Restarting | age_ms=3015.0 threshold_ms=3000.0 source=coinbase
2026-05-07 21:24:31,667 | INFO | Mushroom v28 BTC tick stream connected | source=coinbase url=wss://ws-feed.exchange.coinbase.com
2026-05-07 21:24:34,854 | WARNING | Mushroom v28 BTC tick stream stale. Restarting | age_ms=3046.0 threshold_ms=3000.0 source=coinbase
2026-05-07 21:24:35,057 | INFO | Mushroom v28 BTC tick stream connected | source=coinbase url=wss://ws-feed.exchange.coinbase.com
2026-05-07 21:24:38,222 | WARNING | Mushroom v28 BTC tick stream stale. Restarting | age_ms=3047.0 threshold_ms=3000.0 source=coinbase
2026-05-07 21:24:38,426 | INFO | Mushroom v28 BTC tick stream connected | source=coinbase url=wss://ws-feed.exchange.coinbase.com
2026-05-07 21:24:38,578 | INFO | Heartbeat | watch=KXBTC15M-26MAY072130-30 yes_bid=27 yes_ask=28 no_bid=72 no_ask=73 book_ready=True position=False pending=False dry_run=False trust=synced run_id=d8d413f6-67be-44c2-b32b-d785efe316d0
2026-05-07 21:24:41,548 | WARNING | Mushroom v28 BTC tick stream stale. Restarting | age_ms=3063.0 threshold_ms=3000.0 source=coinbase
2026-05-07 21:24:41,742 | INFO | Mushroom v28 BTC tick stream connected | source=coinbase url=wss://ws-feed.exchange.coinbase.com
2026-05-07 21:24:44,860 | WARNING | Mushroom v28 BTC tick stream stale. Restarting | age_ms=3031.0 threshold_ms=3000.0 source=coinbase
2026-05-07 21:24:45,038 | INFO | Mushroom v28 BTC tick stream connected | source=coinbase url=wss://ws-feed.exchange.coinbase.com
2026-05-07 21:24:48,196 | WARNING | Mushroom v28 BTC tick stream stale. Restarting | age_ms=3047.0 threshold_ms=3000.0 source=coinbase
2026-05-07 21:24:48,415 | INFO | Mushroom v28 BTC tick stream connected | source=coinbase url=wss://ws-feed.exchange.coinbase.com
2026-05-07 21:24:51,569 | WARNING | Mushroom v28 BTC tick stream stale. Restarting | age_ms=3047.0 threshold_ms=3000.0 source=coinbase
2026-05-07 21:24:51,759 | INFO | Mushroom v28 BTC tick stream connected | source=coinbase url=wss://ws-feed.exchange.coinbase.com
2026-05-07 21:24:53,603 | INFO | Heartbeat | watch=KXBTC15M-26MAY072130-30 yes_bid=33 yes_ask=34 no_bid=66 no_ask=67 book_ready=True position=False pending=False dry_run=False trust=synced run_id=d8d413f6-67be-44c2-b32b-d785efe316d0
2026-05-07 21:24:54,873 | WARNING | Mushroom v28 BTC tick stream stale. Restarting | age_ms=3047.0 threshold_ms=3000.0 source=coinbase
2026-05-07 21:24:55,075 | INFO | Mushroom v28 BTC tick stream connected | source=coinbase url=wss://ws-feed.exchange.coinbase.com
2026-05-07 21:24:58,116 | WARNING | Mushroom v28 BTC tick stream stale. Restarting | age_ms=3016.0 threshold_ms=3000.0 source=coinbase
2026-05-07 21:24:58,301 | INFO | Mushroom v28 BTC tick stream connected | source=coinbase url=wss://ws-feed.exchange.coinbase.com
2026-05-07 21:25:01,451 | WARNING | Mushroom v28 BTC tick stream stale. Restarting | age_ms=3047.0 threshold_ms=3000.0 source=coinbase
2026-05-07 21:25:01,671 | INFO | Mushroom v28 BTC tick stream connected | source=coinbase url=wss://ws-feed.exchange.coinbase.com
2026-05-07 21:25:04,757 | WARNING | Mushroom v28 BTC tick stream stale. Restarting | age_ms=3032.0 threshold_ms=3000.0 source=coinbase
2026-05-07 21:25:04,961 | INFO | Mushroom v28 BTC tick stream connected | source=coinbase url=wss://ws-feed.exchange.coinbase.com
2026-05-07 21:25:08,089 | WARNING | Mushroom v28 BTC tick stream stale. Restarting | age_ms=3016.0 threshold_ms=3000.0 source=coinbase
2026-05-07 21:25:08,299 | INFO | Mushroom v28 BTC tick stream connected | source=coinbase url=wss://ws-feed.exchange.coinbase.com
2026-05-07 21:25:08,642 | INFO | Heartbeat | watch=KXBTC15M-26MAY072130-30 yes_bid=41 yes_ask=44 no_bid=56 no_ask=59 book_ready=True position=False pending=False dry_run=False trust=synced run_id=d8d413f6-67be-44c2-b32b-d785efe316d0
2026-05-07 21:25:11,418 | WARNING | Mushroom v28 BTC tick stream stale. Restarting | age_ms=3031.0 threshold_ms=3000.0 source=coinbase
2026-05-07 21:25:11,608 | INFO | Mushroom v28 BTC tick stream connected | source=coinbase url=wss://ws-feed.exchange.coinbase.com
2026-05-07 21:25:14,759 | WARNING | Mushroom v28 BTC tick stream stale. Restarting | age_ms=3047.0 threshold_ms=3000.0 source=coinbase
2026-05-07 21:25:14,962 | INFO | Mushroom v28 BTC tick stream connected | source=coinbase url=wss://ws-feed.exchange.coinbase.com
2026-05-07 21:25:18,068 | WARNING | Mushroom v28 BTC tick stream stale. Restarting | age_ms=3047.0 threshold_ms=3000.0 source=coinbase
2026-05-07 21:25:18,255 | INFO | Mushroom v28 BTC tick stream connected | source=coinbase url=wss://ws-feed.exchange.coinbase.com
2026-05-07 21:25:21,528 | WARNING | Mushroom v28 BTC tick stream stale. Restarting | age_ms=3047.0 threshold_ms=3000.0 source=coinbase
2026-05-07 21:25:21,729 | INFO | Mushroom v28 BTC tick stream connected | source=coinbase url=wss://ws-feed.exchange.coinbase.com
2026-05-07 21:25:23,639 | INFO | Heartbeat | watch=KXBTC15M-26MAY072130-30 yes_bid=36 yes_ask=37 no_bid=63 no_ask=64 book_ready=True position=False pending=False dry_run=False trust=synced run_id=d8d413f6-67be-44c2-b32b-d785efe316d0
2026-05-07 21:25:24,822 | WARNING | Mushroom v28 BTC tick stream stale. Restarting | age_ms=3031.0 threshold_ms=3000.0 source=coinbase
2026-05-07 21:25:25,044 | INFO | Mushroom v28 BTC tick stream connected | source=coinbase url=wss://ws-feed.exchange.coinbase.com
2026-05-07 21:25:28,133 | WARNING | Mushroom v28 BTC tick stream stale. Restarting | age_ms=3047.0 threshold_ms=3000.0 source=coinbase
2026-05-07 21:25:28,348 | INFO | Mushroom v28 BTC tick stream connected | source=coinbase url=wss://ws-feed.exchange.coinbase.com
2026-05-07 21:25:31,496 | WARNING | Mushroom v28 BTC tick stream stale. Restarting | age_ms=3062.0 threshold_ms=3000.0 source=coinbase
2026-05-07 21:25:31,699 | INFO | Mushroom v28 BTC tick stream connected | source=coinbase url=wss://ws-feed.exchange.coinbase.com
2026-05-07 21:25:34,786 | WARNING | Mushroom v28 BTC tick stream stale. Restarting | age_ms=3015.0 threshold_ms=3000.0 source=coinbase
2026-05-07 21:25:35,004 | INFO | Mushroom v28 BTC tick stream connected | source=coinbase url=wss://ws-feed.exchange.coinbase.com
2026-05-07 21:25:38,055 | WARNING | Mushroom v28 BTC tick stream stale. Restarting | age_ms=3032.0 threshold_ms=3000.0 source=coinbase
2026-05-07 21:25:38,256 | INFO | Mushroom v28 BTC tick stream connected | source=coinbase url=wss://ws-feed.exchange.coinbase.com
2026-05-07 21:25:38,295 | INFO | Mushroom v28 entry approved | market=KXBTC15M-26MAY072130-30 side=no ask=64c max_buy=78c qty=1 p_side=0.8513 edge=17.127c depth=50 btc_age_ms=0.0 secs_to_close=261.71
2026-05-07 21:25:38,317 | INFO | Execution state | market=KXBTC15M-26MAY072130-30 side=no state=eligible reason=pre_filters_disabled trust=synced run_id=d8d413f6-67be-44c2-b32b-d785efe316d0
2026-05-07 21:25:38,317 | INFO | Execution deferred | market=KXBTC15M-26MAY072130-30 side=no reason=fast_fill_window_too_short trigger=64 top_of_book=64 book=[64:50, 65:220, 66:676, 67:56, 68:2169.64] trust=synced
2026-05-07 21:25:38,318 | INFO | Execution state | market=KXBTC15M-26MAY072130-30 side=no state=abandoned reason=fast_fill_window_too_short trust=synced run_id=d8d413f6-67be-44c2-b32b-d785efe316d0
2026-05-07 21:25:38,322 | INFO | Mushroom v28 entry approved | market=KXBTC15M-26MAY072130-30 side=no ask=64c max_buy=78c qty=1 p_side=0.8513 edge=17.127c depth=50 btc_age_ms=31.0 secs_to_close=261.68
2026-05-07 21:25:38,341 | INFO | Execution state | market=KXBTC15M-26MAY072130-30 side=no state=eligible reason=pre_filters_disabled trust=synced run_id=d8d413f6-67be-44c2-b32b-d785efe316d0
2026-05-07 21:25:38,343 | INFO | Execution deferred | market=KXBTC15M-26MAY072130-30 side=no reason=fast_fill_window_too_short trigger=64 top_of_book=64 book=[64:50, 65:220, 66:676, 67:56, 68:2169.64] trust=synced
2026-05-07 21:25:38,343 | INFO | Execution state | market=KXBTC15M-26MAY072130-30 side=no state=abandoned reason=fast_fill_window_too_short trust=synced run_id=d8d413f6-67be-44c2-b32b-d785efe316d0
2026-05-07 21:25:38,348 | INFO | Mushroom v28 entry approved | market=KXBTC15M-26MAY072130-30 side=no ask=64c max_buy=78c qty=1 p_side=0.8513 edge=17.128c depth=50 btc_age_ms=47.0 secs_to_close=261.65
2026-05-07 21:25:38,364 | INFO | Execution state | market=KXBTC15M-26MAY072130-30 side=no state=eligible reason=pre_filters_disabled trust=synced run_id=d8d413f6-67be-44c2-b32b-d785efe316d0
2026-05-07 21:25:38,365 | INFO | Execution deferred | market=KXBTC15M-26MAY072130-30 side=no reason=fast_fill_window_too_short trigger=64 top_of_book=64 book=[64:50, 65:220, 66:676, 67:56, 68:2169.64] trust=synced
2026-05-07 21:25:38,366 | INFO | Execution state | market=KXBTC15M-26MAY072130-30 side=no state=abandoned reason=fast_fill_window_too_short trust=synced run_id=d8d413f6-67be-44c2-b32b-d785efe316d0
2026-05-07 21:25:38,372 | INFO | Mushroom v28 entry approved | market=KXBTC15M-26MAY072130-30 side=no ask=64c max_buy=78c qty=1 p_side=0.8513 edge=17.128c depth=50 btc_age_ms=78.0 secs_to_close=261.63
2026-05-07 21:25:38,405 | INFO | Execution state | market=KXBTC15M-26MAY072130-30 side=no state=eligible reason=pre_filters_disabled trust=synced run_id=d8d413f6-67be-44c2-b32b-d785efe316d0
2026-05-07 21:25:38,406 | INFO | Execution deferred | market=KXBTC15M-26MAY072130-30 side=no reason=fast_fill_window_too_short trigger=64 top_of_book=64 book=[64:50, 65:220, 66:676, 67:69, 68:2154.64] trust=synced
2026-05-07 21:25:38,407 | INFO | Execution state | market=KXBTC15M-26MAY072130-30 side=no state=abandoned reason=fast_fill_window_too_short trust=synced run_id=d8d413f6-67be-44c2-b32b-d785efe316d0
2026-05-07 21:25:38,410 | INFO | Mushroom v28 entry approved | market=KXBTC15M-26MAY072130-30 side=no ask=64c max_buy=78c qty=1 p_side=0.8513 edge=17.129c depth=50 btc_age_ms=109.0 secs_to_close=261.59
2026-05-07 21:25:38,422 | INFO | Execution state | market=KXBTC15M-26MAY072130-30 side=no state=eligible reason=pre_filters_disabled trust=synced run_id=d8d413f6-67be-44c2-b32b-d785efe316d0
2026-05-07 21:25:38,423 | INFO | Execution deferred | market=KXBTC15M-26MAY072130-30 side=no reason=fast_fill_window_too_short trigger=64 top_of_book=64 book=[64:50, 65:220, 66:676, 67:56, 68:2154.64] trust=synced
2026-05-07 21:25:38,424 | INFO | Execution state | market=KXBTC15M-26MAY072130-30 side=no state=abandoned reason=fast_fill_window_too_short trust=synced run_id=d8d413f6-67be-44c2-b32b-d785efe316d0
2026-05-07 21:25:38,427 | INFO | Mushroom v28 entry approved | market=KXBTC15M-26MAY072130-30 side=no ask=64c max_buy=78c qty=1 p_side=0.8513 edge=17.129c depth=50 btc_age_ms=125.0 secs_to_close=261.57
2026-05-07 21:25:38,443 | INFO | Execution state | market=KXBTC15M-26MAY072130-30 side=no state=eligible reason=pre_filters_disabled trust=synced run_id=d8d413f6-67be-44c2-b32b-d785efe316d0
2026-05-07 21:25:38,444 | INFO | Execution deferred | market=KXBTC15M-26MAY072130-30 side=no reason=fast_fill_window_too_short trigger=64 top_of_book=64 book=[64:50, 65:220, 66:689, 67:56, 68:2154.64] trust=synced
2026-05-07 21:25:38,444 | INFO | Execution state | market=KXBTC15M-26MAY072130-30 side=no state=abandoned reason=fast_fill_window_too_short trust=synced run_id=d8d413f6-67be-44c2-b32b-d785efe316d0
2026-05-07 21:25:38,447 | INFO | Mushroom v28 entry approved | market=KXBTC15M-26MAY072130-30 side=no ask=64c max_buy=78c qty=1 p_side=0.8513 edge=17.129c depth=50 btc_age_ms=156.0 secs_to_close=261.55
2026-05-07 21:25:38,460 | INFO | Execution state | market=KXBTC15M-26MAY072130-30 side=no state=eligible reason=pre_filters_disabled trust=synced run_id=d8d413f6-67be-44c2-b32b-d785efe316d0
2026-05-07 21:25:38,461 | INFO | Live fill policy approved | market=KXBTC15M-26MAY072130-30 side=no trigger=64c tif=immediate_or_cancel limit=64c depth=50.00 required=2 book_age_ms=328.0 secs_to_close=261.55 reason=single_shot_abundant_depth
2026-05-07 21:25:38,462 | INFO | ENTRY signal | market=KXBTC15M-26MAY072130-30 action=buy side=no trigger=64c limit=64c qty=1 book_ready=True
2026-05-07 21:25:38,462 | INFO | Execution state | market=KXBTC15M-26MAY072130-30 side=no state=submitting reason=single_shot_abundant_depth trust=synced run_id=d8d413f6-67be-44c2-b32b-d785efe316d0
2026-05-07 21:25:38,520 | INFO | ENTRY immediate fill | market=KXBTC15M-26MAY072130-30 side=no qty=1 limit=64c
2026-05-07 21:25:38,521 | INFO | Execution state | market=KXBTC15M-26MAY072130-30 side=no state=filled reason=single_shot_abundant_depth trust=synced run_id=d8d413f6-67be-44c2-b32b-d785efe316d0
2026-05-07 21:25:38,671 | INFO | Heartbeat | watch=KXBTC15M-26MAY072130-30 yes_bid=36 yes_ask=37 no_bid=63 no_ask=64 book_ready=True position=True pending=False dry_run=False trust=synced run_id=d8d413f6-67be-44c2-b32b-d785efe316d0
2026-05-07 21:25:41,341 | WARNING | Mushroom v28 BTC tick stream stale. Restarting | age_ms=3047.0 threshold_ms=3000.0 source=coinbase
2026-05-07 21:25:41,526 | INFO | Mushroom v28 BTC tick stream connected | source=coinbase url=wss://ws-feed.exchange.coinbase.com
2026-05-07 21:25:44,628 | WARNING | Mushroom v28 BTC tick stream stale. Restarting | age_ms=3016.0 threshold_ms=3000.0 source=coinbase
2026-05-07 21:25:44,848 | INFO | Mushroom v28 BTC tick stream connected | source=coinbase url=wss://ws-feed.exchange.coinbase.com
2026-05-07 21:25:47,971 | WARNING | Mushroom v28 BTC tick stream stale. Restarting | age_ms=3031.0 threshold_ms=3000.0 source=coinbase
2026-05-07 21:25:48,207 | INFO | Mushroom v28 BTC tick stream connected | source=coinbase url=wss://ws-feed.exchange.coinbase.com
2026-05-07 21:25:51,310 | WARNING | Mushroom v28 BTC tick stream stale. Restarting | age_ms=3032.0 threshold_ms=3000.0 source=coinbase
2026-05-07 21:25:51,510 | INFO | Mushroom v28 BTC tick stream connected | source=coinbase url=wss://ws-feed.exchange.coinbase.com
2026-05-07 21:25:53,701 | INFO | Heartbeat | watch=KXBTC15M-26MAY072130-30 yes_bid=36 yes_ask=37 no_bid=63 no_ask=64 book_ready=True position=True pending=False dry_run=False trust=synced run_id=d8d413f6-67be-44c2-b32b-d785efe316d0
2026-05-07 21:25:54,624 | WARNING | Mushroom v28 BTC tick stream stale. Restarting | age_ms=3016.0 threshold_ms=3000.0 source=coinbase
2026-05-07 21:25:54,826 | INFO | Mushroom v28 BTC tick stream connected | source=coinbase url=wss://ws-feed.exchange.coinbase.com
2026-05-07 21:25:57,900 | WARNING | Mushroom v28 BTC tick stream stale. Restarting | age_ms=3015.0 threshold_ms=3000.0 source=coinbase
2026-05-07 21:25:58,095 | INFO | Mushroom v28 BTC tick stream connected | source=coinbase url=wss://ws-feed.exchange.coinbase.com
2026-05-07 21:26:01,171 | WARNING | Mushroom v28 BTC tick stream stale. Restarting | age_ms=3016.0 threshold_ms=3000.0 source=coinbase
2026-05-07 21:26:01,400 | INFO | Mushroom v28 BTC tick stream connected | source=coinbase url=wss://ws-feed.exchange.coinbase.com
2026-05-07 21:26:04,448 | WARNING | Mushroom v28 BTC tick stream stale. Restarting | age_ms=3015.0 threshold_ms=3000.0 source=coinbase
2026-05-07 21:26:04,656 | INFO | Mushroom v28 BTC tick stream connected | source=coinbase url=wss://ws-feed.exchange.coinbase.com
2026-05-07 21:26:07,783 | WARNING | Mushroom v28 BTC tick stream stale. Restarting | age_ms=3047.0 threshold_ms=3000.0 source=coinbase
2026-05-07 21:26:07,958 | INFO | Mushroom v28 BTC tick stream connected | source=coinbase url=wss://ws-feed.exchange.coinbase.com
2026-05-07 21:26:08,721 | INFO | Heartbeat | watch=KXBTC15M-26MAY072130-30 yes_bid=42 yes_ask=43 no_bid=57 no_ask=58 book_ready=True position=True pending=False dry_run=False trust=synced run_id=d8d413f6-67be-44c2-b32b-d785efe316d0
2026-05-07 21:26:11,036 | WARNING | Mushroom v28 BTC tick stream stale. Restarting | age_ms=3031.0 threshold_ms=3000.0 source=coinbase
2026-05-07 21:26:11,472 | INFO | Mushroom v28 BTC tick stream connected | source=coinbase url=wss://ws-feed.exchange.coinbase.com
2026-05-07 21:26:14,604 | WARNING | Mushroom v28 BTC tick stream stale. Restarting | age_ms=3031.0 threshold_ms=3000.0 source=coinbase
2026-05-07 21:26:14,821 | INFO | Mushroom v28 BTC tick stream connected | source=coinbase url=wss://ws-feed.exchange.coinbase.com
2026-05-07 21:26:17,974 | WARNING | Mushroom v28 BTC tick stream stale. Restarting | age_ms=3031.0 threshold_ms=3000.0 source=coinbase
2026-05-07 21:26:18,199 | INFO | Mushroom v28 BTC tick stream connected | source=coinbase url=wss://ws-feed.exchange.coinbase.com
2026-05-07 21:26:21,288 | WARNING | Mushroom v28 BTC tick stream stale. Restarting | age_ms=3031.0 threshold_ms=3000.0 source=coinbase
2026-05-07 21:26:21,506 | INFO | Mushroom v28 BTC tick stream connected | source=coinbase url=wss://ws-feed.exchange.coinbase.com
2026-05-07 21:26:23,710 | INFO | Heartbeat | watch=KXBTC15M-26MAY072130-30 yes_bid=43 yes_ask=44 no_bid=56 no_ask=57 book_ready=True position=True pending=False dry_run=False trust=synced run_id=d8d413f6-67be-44c2-b32b-d785efe316d0
2026-05-07 21:26:24,564 | WARNING | Mushroom v28 BTC tick stream stale. Restarting | age_ms=3016.0 threshold_ms=3000.0 source=coinbase
2026-05-07 21:26:24,765 | INFO | Mushroom v28 BTC tick stream connected | source=coinbase url=wss://ws-feed.exchange.coinbase.com
2026-05-07 21:26:28,043 | WARNING | Mushroom v28 BTC tick stream stale. Restarting | age_ms=3016.0 threshold_ms=3000.0 source=coinbase
2026-05-07 21:26:28,391 | INFO | Mushroom v28 BTC tick stream connected | source=coinbase url=wss://ws-feed.exchange.coinbase.com
2026-05-07 21:26:31,493 | WARNING | Mushroom v28 BTC tick stream stale. Restarting | age_ms=3047.0 threshold_ms=3000.0 source=coinbase
2026-05-07 21:26:31,686 | INFO | Mushroom v28 BTC tick stream connected | source=coinbase url=wss://ws-feed.exchange.coinbase.com
2026-05-07 21:26:34,837 | WARNING | Mushroom v28 BTC tick stream stale. Restarting | age_ms=3063.0 threshold_ms=3000.0 source=coinbase
2026-05-07 21:26:35,027 | INFO | Mushroom v28 BTC tick stream connected | source=coinbase url=wss://ws-feed.exchange.coinbase.com
2026-05-07 21:26:38,144 | WARNING | Mushroom v28 BTC tick stream stale. Restarting | age_ms=3047.0 threshold_ms=3000.0 source=coinbase
2026-05-07 21:26:38,346 | INFO | Mushroom v28 BTC tick stream connected | source=coinbase url=wss://ws-feed.exchange.coinbase.com
2026-05-07 21:26:38,752 | INFO | Heartbeat | watch=KXBTC15M-26MAY072130-30 yes_bid=38 yes_ask=39 no_bid=61 no_ask=62 book_ready=True position=True pending=False dry_run=False trust=synced run_id=d8d413f6-67be-44c2-b32b-d785efe316d0
2026-05-07 21:26:41,432 | WARNING | Mushroom v28 BTC tick stream stale. Restarting | age_ms=3032.0 threshold_ms=3000.0 source=coinbase
2026-05-07 21:26:41,682 | INFO | Mushroom v28 BTC tick stream connected | source=coinbase url=wss://ws-feed.exchange.coinbase.com
2026-05-07 21:26:44,742 | WARNING | Mushroom v28 BTC tick stream stale. Restarting | age_ms=3031.0 threshold_ms=3000.0 source=coinbase
2026-05-07 21:26:44,937 | INFO | Mushroom v28 BTC tick stream connected | source=coinbase url=wss://ws-feed.exchange.coinbase.com
2026-05-07 21:26:48,090 | WARNING | Mushroom v28 BTC tick stream stale. Restarting | age_ms=3031.0 threshold_ms=3000.0 source=coinbase
2026-05-07 21:26:48,285 | INFO | Mushroom v28 BTC tick stream connected | source=coinbase url=wss://ws-feed.exchange.coinbase.com
2026-05-07 21:26:51,366 | WARNING | Mushroom v28 BTC tick stream stale. Restarting | age_ms=3016.0 threshold_ms=3000.0 source=coinbase
2026-05-07 21:26:51,585 | INFO | Mushroom v28 BTC tick stream connected | source=coinbase url=wss://ws-feed.exchange.coinbase.com
2026-05-07 21:26:53,763 | INFO | Heartbeat | watch=KXBTC15M-26MAY072130-30 yes_bid=52 yes_ask=53 no_bid=47 no_ask=48 book_ready=True position=True pending=False dry_run=False trust=synced run_id=d8d413f6-67be-44c2-b32b-d785efe316d0
2026-05-07 21:26:54,684 | WARNING | Mushroom v28 BTC tick stream stale. Restarting | age_ms=3016.0 threshold_ms=3000.0 source=coinbase
2026-05-07 21:26:54,886 | INFO | Mushroom v28 BTC tick stream connected | source=coinbase url=wss://ws-feed.exchange.coinbase.com
2026-05-07 21:26:57,992 | WARNING | Mushroom v28 BTC tick stream stale. Restarting | age_ms=3016.0 threshold_ms=3000.0 source=coinbase
2026-05-07 21:26:58,185 | INFO | Mushroom v28 BTC tick stream connected | source=coinbase url=wss://ws-feed.exchange.coinbase.com
2026-05-07 21:27:01,279 | WARNING | Mushroom v28 BTC tick stream stale. Restarting | age_ms=3031.0 threshold_ms=3000.0 source=coinbase
2026-05-07 21:27:01,472 | INFO | Mushroom v28 BTC tick stream connected | source=coinbase url=wss://ws-feed.exchange.coinbase.com
2026-05-07 21:27:04,575 | WARNING | Mushroom v28 BTC tick stream stale. Restarting | age_ms=3047.0 threshold_ms=3000.0 source=coinbase
2026-05-07 21:27:04,758 | INFO | Mushroom v28 BTC tick stream connected | source=coinbase url=wss://ws-feed.exchange.coinbase.com
2026-05-07 21:27:07,900 | WARNING | Mushroom v28 BTC tick stream stale. Restarting | age_ms=3047.0 threshold_ms=3000.0 source=coinbase
2026-05-07 21:27:08,099 | INFO | Mushroom v28 BTC tick stream connected | source=coinbase url=wss://ws-feed.exchange.coinbase.com
2026-05-07 21:27:08,773 | INFO | Heartbeat | watch=KXBTC15M-26MAY072130-30 yes_bid=33 yes_ask=34 no_bid=66 no_ask=67 book_ready=True position=True pending=False dry_run=False trust=synced run_id=d8d413f6-67be-44c2-b32b-d785efe316d0
2026-05-07 21:27:11,148 | WARNING | Mushroom v28 BTC tick stream stale. Restarting | age_ms=3031.0 threshold_ms=3000.0 source=coinbase
2026-05-07 21:27:11,440 | INFO | Mushroom v28 BTC tick stream connected | source=coinbase url=wss://ws-feed.exchange.coinbase.com
2026-05-07 21:27:14,508 | WARNING | Mushroom v28 BTC tick stream stale. Restarting | age_ms=3016.0 threshold_ms=3000.0 source=coinbase
2026-05-07 21:27:14,713 | INFO | Mushroom v28 BTC tick stream connected | source=coinbase url=wss://ws-feed.exchange.coinbase.com
2026-05-07 21:27:17,866 | WARNING | Mushroom v28 BTC tick stream stale. Restarting | age_ms=3031.0 threshold_ms=3000.0 source=coinbase
2026-05-07 21:27:18,152 | INFO | Mushroom v28 BTC tick stream connected | source=coinbase url=wss://ws-feed.exchange.coinbase.com
2026-05-07 21:27:21,289 | WARNING | Mushroom v28 BTC tick stream stale. Restarting | age_ms=3063.0 threshold_ms=3000.0 source=coinbase
2026-05-07 21:27:23,643 | INFO | Mushroom v28 BTC tick stream connected | source=coinbase url=wss://ws-feed.exchange.coinbase.com
2026-05-07 21:27:23,797 | INFO | Heartbeat | watch=KXBTC15M-26MAY072130-30 yes_bid=49 yes_ask=50 no_bid=50 no_ask=51 book_ready=True position=True pending=False dry_run=False trust=synced run_id=d8d413f6-67be-44c2-b32b-d785efe316d0
2026-05-07 21:27:24,236 | WARNING | Live account state refresh failed. Blocking live entries until refresh succeeds. Error: HTTPSConnectionPool(host='api.elections.kalshi.com', port=443): Read timed out. (read timeout=5.0)
2026-05-07 21:27:26,757 | WARNING | Mushroom v28 BTC tick stream stale. Restarting | age_ms=3016.0 threshold_ms=3000.0 source=coinbase
2026-05-07 21:27:27,046 | INFO | Mushroom v28 BTC tick stream connected | source=coinbase url=wss://ws-feed.exchange.coinbase.com
2026-05-07 21:27:30,164 | WARNING | Mushroom v28 BTC tick stream stale. Restarting | age_ms=3016.0 threshold_ms=3000.0 source=coinbase
2026-05-07 21:27:30,501 | INFO | Mushroom v28 BTC tick stream connected | source=coinbase url=wss://ws-feed.exchange.coinbase.com
2026-05-07 21:27:33,620 | WARNING | Mushroom v28 BTC tick stream stale. Restarting | age_ms=3047.0 threshold_ms=3000.0 source=coinbase
2026-05-07 21:27:33,866 | INFO | Mushroom v28 BTC tick stream connected | source=coinbase url=wss://ws-feed.exchange.coinbase.com
2026-05-07 21:27:36,984 | WARNING | Mushroom v28 BTC tick stream stale. Restarting | age_ms=3046.0 threshold_ms=3000.0 source=coinbase
2026-05-07 21:27:37,197 | INFO | Mushroom v28 BTC tick stream connected | source=coinbase url=wss://ws-feed.exchange.coinbase.com
2026-05-07 21:27:38,826 | INFO | Heartbeat | watch=KXBTC15M-26MAY072130-30 yes_bid=49 yes_ask=50 no_bid=50 no_ask=51 book_ready=True position=True pending=False dry_run=False trust=synced run_id=d8d413f6-67be-44c2-b32b-d785efe316d0
2026-05-07 21:27:40,639 | WARNING | Mushroom v28 BTC tick stream stale. Restarting | age_ms=3063.0 threshold_ms=3000.0 source=coinbase
2026-05-07 21:27:41,120 | INFO | Mushroom v28 BTC tick stream connected | source=coinbase url=wss://ws-feed.exchange.coinbase.com
2026-05-07 21:27:44,224 | WARNING | Mushroom v28 BTC tick stream stale. Restarting | age_ms=3047.0 threshold_ms=3000.0 source=coinbase
2026-05-07 21:27:44,602 | INFO | Mushroom v28 BTC tick stream connected | source=coinbase url=wss://ws-feed.exchange.coinbase.com
2026-05-07 21:27:47,914 | WARNING | Mushroom v28 BTC tick stream stale. Restarting | age_ms=3078.0 threshold_ms=3000.0 source=coinbase
2026-05-07 21:27:48,202 | INFO | Mushroom v28 BTC tick stream connected | source=coinbase url=wss://ws-feed.exchange.coinbase.com
2026-05-07 21:27:51,273 | WARNING | Mushroom v28 BTC tick stream stale. Restarting | age_ms=3047.0 threshold_ms=3000.0 source=coinbase
2026-05-07 21:27:51,887 | INFO | Mushroom v28 BTC tick stream connected | source=coinbase url=wss://ws-feed.exchange.coinbase.com
2026-05-07 21:27:53,855 | INFO | Heartbeat | watch=KXBTC15M-26MAY072130-30 yes_bid=54 yes_ask=55 no_bid=45 no_ask=46 book_ready=True position=True pending=False dry_run=False trust=synced run_id=d8d413f6-67be-44c2-b32b-d785efe316d0
2026-05-07 21:27:54,968 | WARNING | Mushroom v28 BTC tick stream stale. Restarting | age_ms=3016.0 threshold_ms=3000.0 source=coinbase
2026-05-07 21:27:55,176 | INFO | Mushroom v28 BTC tick stream connected | source=coinbase url=wss://ws-feed.exchange.coinbase.com
2026-05-07 21:27:58,324 | WARNING | Mushroom v28 BTC tick stream stale. Restarting | age_ms=3047.0 threshold_ms=3000.0 source=coinbase
2026-05-07 21:27:58,572 | INFO | Mushroom v28 BTC tick stream connected | source=coinbase url=wss://ws-feed.exchange.coinbase.com
2026-05-07 21:28:01,647 | WARNING | Mushroom v28 BTC tick stream stale. Restarting | age_ms=3016.0 threshold_ms=3000.0 source=coinbase
2026-05-07 21:28:01,888 | INFO | Mushroom v28 BTC tick stream connected | source=coinbase url=wss://ws-feed.exchange.coinbase.com
2026-05-07 21:28:04,986 | WARNING | Mushroom v28 BTC tick stream stale. Restarting | age_ms=3031.0 threshold_ms=3000.0 source=coinbase
2026-05-07 21:28:06,330 | INFO | Mushroom v28 BTC tick stream connected | source=coinbase url=wss://ws-feed.exchange.coinbase.com
2026-05-07 21:28:08,859 | INFO | Heartbeat | watch=KXBTC15M-26MAY072130-30 yes_bid=49 yes_ask=50 no_bid=50 no_ask=51 book_ready=True position=True pending=False dry_run=False trust=synced run_id=d8d413f6-67be-44c2-b32b-d785efe316d0
2026-05-07 21:28:09,518 | WARNING | Mushroom v28 BTC tick stream stale. Restarting | age_ms=3047.0 threshold_ms=3000.0 source=coinbase
2026-05-07 21:28:09,722 | INFO | Mushroom v28 BTC tick stream connected | source=coinbase url=wss://ws-feed.exchange.coinbase.com
2026-05-07 21:28:12,880 | WARNING | Mushroom v28 BTC tick stream stale. Restarting | age_ms=3047.0 threshold_ms=3000.0 source=coinbase
2026-05-07 21:28:13,080 | INFO | Mushroom v28 BTC tick stream connected | source=coinbase url=wss://ws-feed.exchange.coinbase.com
2026-05-07 21:28:16,149 | WARNING | Mushroom v28 BTC tick stream stale. Restarting | age_ms=3031.0 threshold_ms=3000.0 source=coinbase
2026-05-07 21:28:16,364 | INFO | Mushroom v28 BTC tick stream connected | source=coinbase url=wss://ws-feed.exchange.coinbase.com
2026-05-07 21:28:19,527 | WARNING | Mushroom v28 BTC tick stream stale. Restarting | age_ms=3047.0 threshold_ms=3000.0 source=coinbase
2026-05-07 21:28:20,079 | INFO | Mushroom v28 BTC tick stream connected | source=coinbase url=wss://ws-feed.exchange.coinbase.com
2026-05-07 21:28:23,198 | WARNING | Mushroom v28 BTC tick stream stale. Restarting | age_ms=3015.0 threshold_ms=3000.0 source=coinbase
2026-05-07 21:28:23,399 | INFO | Mushroom v28 BTC tick stream connected | source=coinbase url=wss://ws-feed.exchange.coinbase.com
2026-05-07 21:28:23,886 | INFO | Heartbeat | watch=KXBTC15M-26MAY072130-30 yes_bid=59 yes_ask=60 no_bid=40 no_ask=41 book_ready=True position=True pending=False dry_run=False trust=synced run_id=d8d413f6-67be-44c2-b32b-d785efe316d0
2026-05-07 21:28:26,484 | WARNING | Mushroom v28 BTC tick stream stale. Restarting | age_ms=3046.0 threshold_ms=3000.0 source=coinbase
2026-05-07 21:28:26,746 | INFO | Mushroom v28 BTC tick stream connected | source=coinbase url=wss://ws-feed.exchange.coinbase.com
2026-05-07 21:28:29,849 | WARNING | Mushroom v28 BTC tick stream stale. Restarting | age_ms=3016.0 threshold_ms=3000.0 source=coinbase
2026-05-07 21:28:30,116 | INFO | Mushroom v28 BTC tick stream connected | source=coinbase url=wss://ws-feed.exchange.coinbase.com
2026-05-07 21:28:33,271 | WARNING | Mushroom v28 BTC tick stream stale. Restarting | age_ms=3016.0 threshold_ms=3000.0 source=coinbase
2026-05-07 21:28:33,641 | INFO | Mushroom v28 BTC tick stream connected | source=coinbase url=wss://ws-feed.exchange.coinbase.com
2026-05-07 21:28:36,789 | WARNING | Mushroom v28 BTC tick stream stale. Restarting | age_ms=3015.0 threshold_ms=3000.0 source=coinbase
2026-05-07 21:28:36,995 | INFO | Mushroom v28 BTC tick stream connected | source=coinbase url=wss://ws-feed.exchange.coinbase.com
2026-05-07 21:28:38,916 | INFO | Heartbeat | watch=KXBTC15M-26MAY072130-30 yes_bid=45 yes_ask=46 no_bid=54 no_ask=55 book_ready=True position=True pending=False dry_run=False trust=synced run_id=d8d413f6-67be-44c2-b32b-d785efe316d0
2026-05-07 21:28:40,076 | WARNING | Mushroom v28 BTC tick stream stale. Restarting | age_ms=3031.0 threshold_ms=3000.0 source=coinbase
2026-05-07 21:28:40,339 | INFO | Mushroom v28 BTC tick stream connected | source=coinbase url=wss://ws-feed.exchange.coinbase.com
2026-05-07 21:28:43,479 | WARNING | Mushroom v28 BTC tick stream stale. Restarting | age_ms=3015.0 threshold_ms=3000.0 source=coinbase
2026-05-07 21:28:43,862 | INFO | Mushroom v28 BTC tick stream connected | source=coinbase url=wss://ws-feed.exchange.coinbase.com
2026-05-07 21:28:46,979 | WARNING | Mushroom v28 BTC tick stream stale. Restarting | age_ms=3046.0 threshold_ms=3000.0 source=coinbase
2026-05-07 21:28:47,176 | INFO | Mushroom v28 BTC tick stream connected | source=coinbase url=wss://ws-feed.exchange.coinbase.com
2026-05-07 21:28:50,323 | WARNING | Mushroom v28 BTC tick stream stale. Restarting | age_ms=3031.0 threshold_ms=3000.0 source=coinbase
2026-05-07 21:28:50,534 | INFO | Mushroom v28 BTC tick stream connected | source=coinbase url=wss://ws-feed.exchange.coinbase.com
2026-05-07 21:28:53,618 | WARNING | Mushroom v28 BTC tick stream stale. Restarting | age_ms=3047.0 threshold_ms=3000.0 source=coinbase
2026-05-07 21:28:53,955 | INFO | Heartbeat | watch=KXBTC15M-26MAY072130-30 yes_bid=31 yes_ask=32 no_bid=68 no_ask=69 book_ready=True position=True pending=False dry_run=False trust=synced run_id=d8d413f6-67be-44c2-b32b-d785efe316d0
2026-05-07 21:28:54,011 | INFO | Mushroom v28 BTC tick stream connected | source=coinbase url=wss://ws-feed.exchange.coinbase.com
2026-05-07 21:28:57,205 | WARNING | Mushroom v28 BTC tick stream stale. Restarting | age_ms=3047.0 threshold_ms=3000.0 source=coinbase
2026-05-07 21:28:57,435 | INFO | Mushroom v28 BTC tick stream connected | source=coinbase url=wss://ws-feed.exchange.coinbase.com
2026-05-07 21:29:00,555 | WARNING | Mushroom v28 BTC tick stream stale. Restarting | age_ms=3032.0 threshold_ms=3000.0 source=coinbase
2026-05-07 21:29:00,852 | INFO | Mushroom v28 BTC tick stream connected | source=coinbase url=wss://ws-feed.exchange.coinbase.com
2026-05-07 21:29:03,970 | WARNING | Mushroom v28 BTC tick stream stale. Restarting | age_ms=3016.0 threshold_ms=3000.0 source=coinbase
2026-05-07 21:29:04,217 | INFO | Mushroom v28 BTC tick stream connected | source=coinbase url=wss://ws-feed.exchange.coinbase.com
2026-05-07 21:29:07,327 | WARNING | Mushroom v28 BTC tick stream stale. Restarting | age_ms=3031.0 threshold_ms=3000.0 source=coinbase
2026-05-07 21:29:07,582 | INFO | Mushroom v28 BTC tick stream connected | source=coinbase url=wss://ws-feed.exchange.coinbase.com
2026-05-07 21:29:08,954 | INFO | Heartbeat | watch=KXBTC15M-26MAY072130-30 yes_bid=79 yes_ask=80 no_bid=20 no_ask=21 book_ready=True position=True pending=False dry_run=False trust=synced run_id=d8d413f6-67be-44c2-b32b-d785efe316d0
2026-05-07 21:29:10,657 | WARNING | Mushroom v28 BTC tick stream stale. Restarting | age_ms=3015.0 threshold_ms=3000.0 source=coinbase
2026-05-07 21:29:10,922 | INFO | Mushroom v28 BTC tick stream connected | source=coinbase url=wss://ws-feed.exchange.coinbase.com
2026-05-07 21:29:14,030 | WARNING | Mushroom v28 BTC tick stream stale. Restarting | age_ms=3062.0 threshold_ms=3000.0 source=coinbase
2026-05-07 21:29:14,285 | INFO | Mushroom v28 BTC tick stream connected | source=coinbase url=wss://ws-feed.exchange.coinbase.com
2026-05-07 21:29:17,343 | WARNING | Mushroom v28 BTC tick stream stale. Restarting | age_ms=3016.0 threshold_ms=3000.0 source=coinbase
2026-05-07 21:29:17,672 | INFO | Mushroom v28 BTC tick stream connected | source=coinbase url=wss://ws-feed.exchange.coinbase.com
2026-05-07 21:29:20,761 | WARNING | Mushroom v28 BTC tick stream stale. Restarting | age_ms=3016.0 threshold_ms=3000.0 source=coinbase
2026-05-07 21:29:21,158 | INFO | Mushroom v28 BTC tick stream connected | source=coinbase url=wss://ws-feed.exchange.coinbase.com
2026-05-07 21:29:23,949 | INFO | Heartbeat | watch=KXBTC15M-26MAY072130-30 yes_bid=95 yes_ask=95 no_bid=5 no_ask=5 book_ready=True position=True pending=False dry_run=False trust=synced run_id=d8d413f6-67be-44c2-b32b-d785efe316d0
2026-05-07 21:29:24,258 | WARNING | Mushroom v28 BTC tick stream stale. Restarting | age_ms=3032.0 threshold_ms=3000.0 source=coinbase
2026-05-07 21:29:24,457 | INFO | Mushroom v28 BTC tick stream connected | source=coinbase url=wss://ws-feed.exchange.coinbase.com
2026-05-07 21:29:27,558 | WARNING | Mushroom v28 BTC tick stream stale. Restarting | age_ms=3016.0 threshold_ms=3000.0 source=coinbase
2026-05-07 21:29:27,968 | INFO | Mushroom v28 BTC tick stream connected | source=coinbase url=wss://ws-feed.exchange.coinbase.com
2026-05-07 21:29:31,253 | WARNING | Mushroom v28 BTC tick stream stale. Restarting | age_ms=3016.0 threshold_ms=3000.0 source=coinbase
2026-05-07 21:29:31,539 | INFO | Mushroom v28 BTC tick stream connected | source=coinbase url=wss://ws-feed.exchange.coinbase.com
2026-05-07 21:29:34,668 | WARNING | Mushroom v28 BTC tick stream stale. Restarting | age_ms=3016.0 threshold_ms=3000.0 source=coinbase
2026-05-07 21:29:34,900 | INFO | Mushroom v28 BTC tick stream connected | source=coinbase url=wss://ws-feed.exchange.coinbase.com
2026-05-07 21:29:38,288 | WARNING | Mushroom v28 BTC tick stream stale. Restarting | age_ms=3047.0 threshold_ms=3000.0 source=coinbase
2026-05-07 21:29:38,663 | INFO | Mushroom v28 BTC tick stream connected | source=coinbase url=wss://ws-feed.exchange.coinbase.com
2026-05-07 21:29:39,002 | INFO | Heartbeat | watch=KXBTC15M-26MAY072130-30 yes_bid=98 yes_ask=98 no_bid=2 no_ask=2 book_ready=True position=True pending=False dry_run=False trust=synced run_id=d8d413f6-67be-44c2-b32b-d785efe316d0
2026-05-07 21:29:41,787 | WARNING | Mushroom v28 BTC tick stream stale. Restarting | age_ms=3031.0 threshold_ms=3000.0 source=coinbase
2026-05-07 21:29:42,045 | INFO | Mushroom v28 BTC tick stream connected | source=coinbase url=wss://ws-feed.exchange.coinbase.com
2026-05-07 21:29:45,161 | WARNING | Mushroom v28 BTC tick stream stale. Restarting | age_ms=3015.0 threshold_ms=3000.0 source=coinbase
2026-05-07 21:29:45,631 | INFO | Mushroom v28 BTC tick stream connected | source=coinbase url=wss://ws-feed.exchange.coinbase.com
2026-05-07 21:29:48,715 | WARNING | Mushroom v28 BTC tick stream stale. Restarting | age_ms=3016.0 threshold_ms=3000.0 source=coinbase
2026-05-07 21:29:49,163 | INFO | Mushroom v28 BTC tick stream connected | source=coinbase url=wss://ws-feed.exchange.coinbase.com
2026-05-07 21:29:52,283 | WARNING | Mushroom v28 BTC tick stream stale. Restarting | age_ms=3047.0 threshold_ms=3000.0 source=coinbase
2026-05-07 21:29:52,498 | INFO | Mushroom v28 BTC tick stream connected | source=coinbase url=wss://ws-feed.exchange.coinbase.com
2026-05-07 21:29:54,024 | INFO | Heartbeat | watch=KXBTC15M-26MAY072130-30 yes_bid=100 yes_ask=100 no_bid=0 no_ask=0 book_ready=True position=True pending=False dry_run=False trust=synced run_id=d8d413f6-67be-44c2-b32b-d785efe316d0
2026-05-07 21:29:55,594 | WARNING | Mushroom v28 BTC tick stream stale. Restarting | age_ms=3016.0 threshold_ms=3000.0 source=coinbase
2026-05-07 21:29:55,816 | INFO | Mushroom v28 BTC tick stream connected | source=coinbase url=wss://ws-feed.exchange.coinbase.com
2026-05-07 21:29:58,924 | WARNING | Mushroom v28 BTC tick stream stale. Restarting | age_ms=3016.0 threshold_ms=3000.0 source=coinbase
2026-05-07 21:29:59,368 | INFO | Mushroom v28 BTC tick stream connected | source=coinbase url=wss://ws-feed.exchange.coinbase.com
2026-05-07 21:30:02,555 | WARNING | Mushroom v28 BTC tick stream stale. Restarting | age_ms=3031.0 threshold_ms=3000.0 source=coinbase
2026-05-07 21:30:02,776 | INFO | Mushroom v28 BTC tick stream connected | source=coinbase url=wss://ws-feed.exchange.coinbase.com
2026-05-07 21:30:05,140 | WARNING | Closed market KXBTC15M-26MAY072130-30 still reports a nonzero live account position, but the market is already past the settlement grace window. Clearing position state and advancing anyway.
2026-05-07 21:30:05,246 | INFO | Watching market KXBTC15M-26MAY072130-30 close_time=2026-05-08T01:30:00Z status=closed strike=79704.10 run_id=d8d413f6-67be-44c2-b32b-d785efe316d0
2026-05-07 21:30:05,456 | INFO | WS connected for KXBTC15M-26MAY072130-30
2026-05-07 21:30:05,492 | INFO | WS subscribed payload: {'type': 'subscribed', 'id': 4, 'msg': {'channel': 'ticker', 'sid': 1}}
2026-05-07 21:30:05,492 | INFO | WS subscribed payload: {'type': 'subscribed', 'id': 4, 'msg': {'channel': 'orderbook_delta', 'sid': 2}}
2026-05-07 21:30:05,493 | INFO | Orderbook snapshot ready for KXBTC15M-26MAY072130-30
2026-05-07 21:30:05,955 | WARNING | Mushroom v28 BTC tick stream stale. Restarting | age_ms=3047.0 threshold_ms=3000.0 source=coinbase
2026-05-07 21:30:06,157 | INFO | Mushroom v28 BTC tick stream connected | source=coinbase url=wss://ws-feed.exchange.coinbase.com
2026-05-07 21:30:07,213 | INFO | Orderbook snapshot ready for KXBTC15M-26MAY072130-30
2026-05-07 21:30:09,044 | INFO | Heartbeat | watch=KXBTC15M-26MAY072130-30 yes_bid=None yes_ask=None no_bid=None no_ask=None book_ready=True position=False pending=False dry_run=False trust=synced run_id=d8d413f6-67be-44c2-b32b-d785efe316d0
2026-05-07 21:30:09,259 | WARNING | Mushroom v28 BTC tick stream stale. Restarting | age_ms=3016.0 threshold_ms=3000.0 source=coinbase
2026-05-07 21:30:09,492 | INFO | Mushroom v28 BTC tick stream connected | source=coinbase url=wss://ws-feed.exchange.coinbase.com
2026-05-07 21:30:12,618 | WARNING | Mushroom v28 BTC tick stream stale. Restarting | age_ms=3015.0 threshold_ms=3000.0 source=coinbase
2026-05-07 21:30:12,817 | INFO | Mushroom v28 BTC tick stream connected | source=coinbase url=wss://ws-feed.exchange.coinbase.com
2026-05-07 21:30:15,341 | INFO | Watching market KXBTC15M-26MAY072145-45 close_time=2026-05-08T01:45:00Z status=active strike=79718.40 run_id=d8d413f6-67be-44c2-b32b-d785efe316d0
2026-05-07 21:30:16,160 | WARNING | Mushroom v28 BTC tick stream stale. Restarting | age_ms=3312.0 threshold_ms=3000.0 source=coinbase
2026-05-07 21:30:16,361 | INFO | WS connected for KXBTC15M-26MAY072145-45
2026-05-07 21:30:16,395 | INFO | Mushroom v28 BTC tick stream connected | source=coinbase url=wss://ws-feed.exchange.coinbase.com
2026-05-07 21:30:16,396 | INFO | WS subscribed payload: {'type': 'subscribed', 'id': 5, 'msg': {'channel': 'ticker', 'sid': 1}}
2026-05-07 21:30:16,397 | INFO | WS subscribed payload: {'type': 'subscribed', 'id': 5, 'msg': {'channel': 'orderbook_delta', 'sid': 2}}
2026-05-07 21:30:16,400 | INFO | Orderbook snapshot ready for KXBTC15M-26MAY072145-45
2026-05-07 21:30:19,489 | WARNING | Mushroom v28 BTC tick stream stale. Restarting | age_ms=3015.0 threshold_ms=3000.0 source=coinbase
2026-05-07 21:30:19,766 | INFO | Mushroom v28 BTC tick stream connected | source=coinbase url=wss://ws-feed.exchange.coinbase.com
2026-05-07 21:30:22,895 | WARNING | Mushroom v28 BTC tick stream stale. Restarting | age_ms=3016.0 threshold_ms=3000.0 source=coinbase
2026-05-07 21:30:23,130 | INFO | Mushroom v28 BTC tick stream connected | source=coinbase url=wss://ws-feed.exchange.coinbase.com
2026-05-07 21:30:24,059 | INFO | Heartbeat | watch=KXBTC15M-26MAY072145-45 yes_bid=48 yes_ask=49 no_bid=51 no_ask=52 book_ready=True position=False pending=False dry_run=False trust=synced run_id=d8d413f6-67be-44c2-b32b-d785efe316d0
2026-05-07 21:30:26,227 | WARNING | Mushroom v28 BTC tick stream stale. Restarting | age_ms=3016.0 threshold_ms=3000.0 source=coinbase
2026-05-07 21:30:26,437 | INFO | Mushroom v28 BTC tick stream connected | source=coinbase url=wss://ws-feed.exchange.coinbase.com
2026-05-07 21:30:29,583 | WARNING | Mushroom v28 BTC tick stream stale. Restarting | age_ms=3031.0 threshold_ms=3000.0 source=coinbase
2026-05-07 21:30:29,837 | INFO | Mushroom v28 BTC tick stream connected | source=coinbase url=wss://ws-feed.exchange.coinbase.com
2026-05-07 21:30:32,980 | WARNING | Mushroom v28 BTC tick stream stale. Restarting | age_ms=3046.0 threshold_ms=3000.0 source=coinbase
2026-05-07 21:30:33,445 | INFO | Mushroom v28 BTC tick stream connected | source=coinbase url=wss://ws-feed.exchange.coinbase.com
2026-05-07 21:30:37,013 | WARNING | Mushroom v28 BTC tick stream stale. Restarting | age_ms=3110.0 threshold_ms=3000.0 source=coinbase
2026-05-07 21:30:37,245 | INFO | Mushroom v28 BTC tick stream connected | source=coinbase url=wss://ws-feed.exchange.coinbase.com
2026-05-07 21:30:39,070 | INFO | Heartbeat | watch=KXBTC15M-26MAY072145-45 yes_bid=57 yes_ask=58 no_bid=42 no_ask=43 book_ready=True position=False pending=False dry_run=False trust=synced run_id=d8d413f6-67be-44c2-b32b-d785efe316d0
2026-05-07 21:30:40,405 | WARNING | Mushroom v28 BTC tick stream stale. Restarting | age_ms=3047.0 threshold_ms=3000.0 source=coinbase
2026-05-07 21:30:40,674 | INFO | Mushroom v28 BTC tick stream connected | source=coinbase url=wss://ws-feed.exchange.coinbase.com
2026-05-07 21:30:43,779 | WARNING | Mushroom v28 BTC tick stream stale. Restarting | age_ms=3047.0 threshold_ms=3000.0 source=coinbase
2026-05-07 21:30:43,999 | INFO | Mushroom v28 BTC tick stream connected | source=coinbase url=wss://ws-feed.exchange.coinbase.com
2026-05-07 21:30:47,109 | WARNING | Mushroom v28 BTC tick stream stale. Restarting | age_ms=3031.0 threshold_ms=3000.0 source=coinbase
2026-05-07 21:30:47,327 | INFO | Mushroom v28 BTC tick stream connected | source=coinbase url=wss://ws-feed.exchange.coinbase.com
2026-05-07 21:30:50,394 | WARNING | Mushroom v28 BTC tick stream stale. Restarting | age_ms=3016.0 threshold_ms=3000.0 source=coinbase
2026-05-07 21:30:50,662 | INFO | Mushroom v28 BTC tick stream connected | source=coinbase url=wss://ws-feed.exchange.coinbase.com
2026-05-07 21:30:53,744 | WARNING | Mushroom v28 BTC tick stream stale. Restarting | age_ms=3016.0 threshold_ms=3000.0 source=coinbase
2026-05-07 21:30:53,974 | INFO | Mushroom v28 BTC tick stream connected | source=coinbase url=wss://ws-feed.exchange.coinbase.com
2026-05-07 21:30:54,081 | INFO | Heartbeat | watch=KXBTC15M-26MAY072145-45 yes_bid=59 yes_ask=60 no_bid=40 no_ask=41 book_ready=True position=False pending=False dry_run=False trust=synced run_id=d8d413f6-67be-44c2-b32b-d785efe316d0
2026-05-07 21:30:57,128 | WARNING | Mushroom v28 BTC tick stream stale. Restarting | age_ms=3047.0 threshold_ms=3000.0 source=coinbase
2026-05-07 21:30:57,309 | INFO | Mushroom v28 BTC tick stream connected | source=coinbase url=wss://ws-feed.exchange.coinbase.com
2026-05-07 21:31:00,475 | WARNING | Mushroom v28 BTC tick stream stale. Restarting | age_ms=3047.0 threshold_ms=3000.0 source=coinbase
2026-05-07 21:31:00,788 | INFO | Mushroom v28 BTC tick stream connected | source=coinbase url=wss://ws-feed.exchange.coinbase.com
2026-05-07 21:31:03,873 | WARNING | Mushroom v28 BTC tick stream stale. Restarting | age_ms=3016.0 threshold_ms=3000.0 source=coinbase
2026-05-07 21:31:04,107 | INFO | Mushroom v28 BTC tick stream connected | source=coinbase url=wss://ws-feed.exchange.coinbase.com
2026-05-07 21:31:07,293 | WARNING | Mushroom v28 BTC tick stream stale. Restarting | age_ms=3047.0 threshold_ms=3000.0 source=coinbase
2026-05-07 21:31:07,810 | INFO | Mushroom v28 BTC tick stream connected | source=coinbase url=wss://ws-feed.exchange.coinbase.com
2026-05-07 21:31:09,163 | INFO | Heartbeat | watch=KXBTC15M-26MAY072145-45 yes_bid=60 yes_ask=61 no_bid=39 no_ask=40 book_ready=True position=False pending=False dry_run=False trust=synced run_id=d8d413f6-67be-44c2-b32b-d785efe316d0
2026-05-07 21:31:10,894 | WARNING | Mushroom v28 BTC tick stream stale. Restarting | age_ms=3047.0 threshold_ms=3000.0 source=coinbase
2026-05-07 21:31:11,123 | INFO | Mushroom v28 BTC tick stream connected | source=coinbase url=wss://ws-feed.exchange.coinbase.com
2026-05-07 21:31:14,444 | WARNING | Mushroom v28 BTC tick stream stale. Restarting | age_ms=3250.0 threshold_ms=3000.0 source=coinbase
2026-05-07 21:31:15,324 | INFO | Mushroom v28 BTC tick stream connected | source=coinbase url=wss://ws-feed.exchange.coinbase.com
2026-05-07 21:31:18,499 | WARNING | Mushroom v28 BTC tick stream stale. Restarting | age_ms=3047.0 threshold_ms=3000.0 source=coinbase
2026-05-07 21:31:18,716 | INFO | Mushroom v28 BTC tick stream connected | source=coinbase url=wss://ws-feed.exchange.coinbase.com
2026-05-07 21:31:21,890 | WARNING | Mushroom v28 BTC tick stream stale. Restarting | age_ms=3047.0 threshold_ms=3000.0 source=coinbase
2026-05-07 21:31:22,298 | INFO | Mushroom v28 BTC tick stream connected | source=coinbase url=wss://ws-feed.exchange.coinbase.com
2026-05-07 21:31:24,179 | INFO | Heartbeat | watch=KXBTC15M-26MAY072145-45 yes_bid=65 yes_ask=66 no_bid=34 no_ask=35 book_ready=True position=False pending=False dry_run=False trust=synced run_id=d8d413f6-67be-44c2-b32b-d785efe316d0
2026-05-07 21:31:25,795 | WARNING | Mushroom v28 BTC tick stream stale. Restarting | age_ms=3063.0 threshold_ms=3000.0 source=coinbase
2026-05-07 21:31:26,124 | INFO | Mushroom v28 BTC tick stream connected | source=coinbase url=wss://ws-feed.exchange.coinbase.com
2026-05-07 21:31:29,216 | WARNING | Mushroom v28 BTC tick stream stale. Restarting | age_ms=3047.0 threshold_ms=3000.0 source=coinbase
2026-05-07 21:31:29,547 | INFO | Mushroom v28 BTC tick stream connected | source=coinbase url=wss://ws-feed.exchange.coinbase.com
2026-05-07 21:31:32,665 | WARNING | Mushroom v28 BTC tick stream stale. Restarting | age_ms=3015.0 threshold_ms=3000.0 source=coinbase
2026-05-07 21:31:32,873 | INFO | Mushroom v28 BTC tick stream connected | source=coinbase url=wss://ws-feed.exchange.coinbase.com
2026-05-07 21:31:36,687 | WARNING | Mushroom v28 BTC tick stream stale. Restarting | age_ms=3688.0 threshold_ms=3000.0 source=coinbase
2026-05-07 21:31:36,976 | INFO | Mushroom v28 BTC tick stream connected | source=coinbase url=wss://ws-feed.exchange.coinbase.com
2026-05-07 21:31:39,185 | INFO | Heartbeat | watch=KXBTC15M-26MAY072145-45 yes_bid=68 yes_ask=69 no_bid=31 no_ask=32 book_ready=True position=False pending=False dry_run=False trust=synced run_id=d8d413f6-67be-44c2-b32b-d785efe316d0
2026-05-07 21:31:40,085 | WARNING | Mushroom v28 BTC tick stream stale. Restarting | age_ms=3015.0 threshold_ms=3000.0 source=coinbase
2026-05-07 21:31:40,360 | INFO | Mushroom v28 BTC tick stream connected | source=coinbase url=wss://ws-feed.exchange.coinbase.com
2026-05-07 21:31:43,515 | WARNING | Mushroom v28 BTC tick stream stale. Restarting | age_ms=3063.0 threshold_ms=3000.0 source=coinbase
2026-05-07 21:31:43,793 | INFO | Mushroom v28 BTC tick stream connected | source=coinbase url=wss://ws-feed.exchange.coinbase.com
2026-05-07 21:31:46,875 | WARNING | Mushroom v28 BTC tick stream stale. Restarting | age_ms=3031.0 threshold_ms=3000.0 source=coinbase
2026-05-07 21:31:47,133 | INFO | Mushroom v28 BTC tick stream connected | source=coinbase url=wss://ws-feed.exchange.coinbase.com
2026-05-07 21:31:50,252 | WARNING | Mushroom v28 BTC tick stream stale. Restarting | age_ms=3031.0 threshold_ms=3000.0 source=coinbase
2026-05-07 21:31:50,508 | INFO | Mushroom v28 BTC tick stream connected | source=coinbase url=wss://ws-feed.exchange.coinbase.com
2026-05-07 21:31:53,754 | WARNING | Mushroom v28 BTC tick stream stale. Restarting | age_ms=3047.0 threshold_ms=3000.0 source=coinbase
2026-05-07 21:31:54,121 | INFO | Mushroom v28 BTC tick stream connected | source=coinbase url=wss://ws-feed.exchange.coinbase.com
2026-05-07 21:31:54,208 | INFO | Heartbeat | watch=KXBTC15M-26MAY072145-45 yes_bid=69 yes_ask=70 no_bid=30 no_ask=31 book_ready=True position=False pending=False dry_run=False trust=synced run_id=d8d413f6-67be-44c2-b32b-d785efe316d0
2026-05-07 21:31:57,226 | WARNING | Mushroom v28 BTC tick stream stale. Restarting | age_ms=3031.0 threshold_ms=3000.0 source=coinbase
2026-05-07 21:31:58,301 | INFO | Mushroom v28 BTC tick stream connected | source=coinbase url=wss://ws-feed.exchange.coinbase.com
2026-05-07 21:32:01,437 | WARNING | Mushroom v28 BTC tick stream stale. Restarting | age_ms=3016.0 threshold_ms=3000.0 source=coinbase
2026-05-07 21:32:01,740 | INFO | Mushroom v28 BTC tick stream connected | source=coinbase url=wss://ws-feed.exchange.coinbase.com
2026-05-07 21:32:04,887 | WARNING | Mushroom v28 BTC tick stream stale. Restarting | age_ms=3063.0 threshold_ms=3000.0 source=coinbase
2026-05-07 21:32:05,301 | INFO | Mushroom v28 BTC tick stream connected | source=coinbase url=wss://ws-feed.exchange.coinbase.com
2026-05-07 21:32:08,460 | WARNING | Mushroom v28 BTC tick stream stale. Restarting | age_ms=3125.0 threshold_ms=3000.0 source=coinbase
2026-05-07 21:32:08,791 | INFO | Mushroom v28 BTC tick stream connected | source=coinbase url=wss://ws-feed.exchange.coinbase.com
2026-05-07 21:32:09,250 | INFO | Heartbeat | watch=KXBTC15M-26MAY072145-45 yes_bid=70 yes_ask=71 no_bid=29 no_ask=30 book_ready=True position=False pending=False dry_run=False trust=synced run_id=d8d413f6-67be-44c2-b32b-d785efe316d0
2026-05-07 21:32:11,906 | WARNING | Mushroom v28 BTC tick stream stale. Restarting | age_ms=3031.0 threshold_ms=3000.0 source=coinbase
2026-05-07 21:32:12,212 | INFO | Mushroom v28 BTC tick stream connected | source=coinbase url=wss://ws-feed.exchange.coinbase.com
2026-05-07 21:32:15,305 | WARNING | Mushroom v28 BTC tick stream stale. Restarting | age_ms=3016.0 threshold_ms=3000.0 source=coinbase
2026-05-07 21:32:15,518 | INFO | Mushroom v28 BTC tick stream connected | source=coinbase url=wss://ws-feed.exchange.coinbase.com
2026-05-07 21:32:18,653 | WARNING | Mushroom v28 BTC tick stream stale. Restarting | age_ms=3093.0 threshold_ms=3000.0 source=coinbase
2026-05-07 21:32:18,864 | INFO | Mushroom v28 BTC tick stream connected | source=coinbase url=wss://ws-feed.exchange.coinbase.com
2026-05-07 21:32:21,996 | WARNING | Mushroom v28 BTC tick stream stale. Restarting | age_ms=3047.0 threshold_ms=3000.0 source=coinbase
2026-05-07 21:32:22,216 | INFO | Mushroom v28 BTC tick stream connected | source=coinbase url=wss://ws-feed.exchange.coinbase.com
2026-05-07 21:32:24,266 | INFO | Heartbeat | watch=KXBTC15M-26MAY072145-45 yes_bid=71 yes_ask=72 no_bid=28 no_ask=29 book_ready=True position=False pending=False dry_run=False trust=synced run_id=d8d413f6-67be-44c2-b32b-d785efe316d0
2026-05-07 21:32:25,308 | WARNING | Mushroom v28 BTC tick stream stale. Restarting | age_ms=3032.0 threshold_ms=3000.0 source=coinbase
2026-05-07 21:32:25,822 | INFO | Mushroom v28 BTC tick stream connected | source=coinbase url=wss://ws-feed.exchange.coinbase.com
2026-05-07 21:32:29,022 | WARNING | Mushroom v28 BTC tick stream stale. Restarting | age_ms=3063.0 threshold_ms=3000.0 source=coinbase
2026-05-07 21:32:29,282 | INFO | Mushroom v28 BTC tick stream connected | source=coinbase url=wss://ws-feed.exchange.coinbase.com
2026-05-07 21:32:32,365 | WARNING | Mushroom v28 BTC tick stream stale. Restarting | age_ms=3015.0 threshold_ms=3000.0 source=coinbase
2026-05-07 21:32:32,759 | INFO | Mushroom v28 BTC tick stream connected | source=coinbase url=wss://ws-feed.exchange.coinbase.com
2026-05-07 21:32:35,855 | WARNING | Mushroom v28 BTC tick stream stale. Restarting | age_ms=3046.0 threshold_ms=3000.0 source=coinbase
2026-05-07 21:32:36,096 | INFO | Mushroom v28 BTC tick stream connected | source=coinbase url=wss://ws-feed.exchange.coinbase.com
2026-05-07 21:32:39,166 | WARNING | Mushroom v28 BTC tick stream stale. Restarting | age_ms=3016.0 threshold_ms=3000.0 source=coinbase
2026-05-07 21:32:39,308 | INFO | Heartbeat | watch=KXBTC15M-26MAY072145-45 yes_bid=71 yes_ask=72 no_bid=28 no_ask=29 book_ready=True position=False pending=False dry_run=False trust=synced run_id=d8d413f6-67be-44c2-b32b-d785efe316d0
2026-05-07 21:32:39,387 | INFO | Mushroom v28 BTC tick stream connected | source=coinbase url=wss://ws-feed.exchange.coinbase.com
2026-05-07 21:32:42,802 | WARNING | Mushroom v28 BTC tick stream stale. Restarting | age_ms=3297.0 threshold_ms=3000.0 source=coinbase
2026-05-07 21:32:43,348 | INFO | Mushroom v28 BTC tick stream connected | source=coinbase url=wss://ws-feed.exchange.coinbase.com
2026-05-07 21:32:46,466 | WARNING | Mushroom v28 BTC tick stream stale. Restarting | age_ms=3063.0 threshold_ms=3000.0 source=coinbase
2026-05-07 21:32:46,899 | INFO | Mushroom v28 BTC tick stream connected | source=coinbase url=wss://ws-feed.exchange.coinbase.com
2026-05-07 21:32:49,943 | WARNING | Mushroom v28 BTC tick stream stale. Restarting | age_ms=3016.0 threshold_ms=3000.0 source=coinbase
2026-05-07 21:32:50,488 | INFO | Mushroom v28 BTC tick stream connected | source=coinbase url=wss://ws-feed.exchange.coinbase.com
2026-05-07 21:32:53,636 | WARNING | Mushroom v28 BTC tick stream stale. Restarting | age_ms=3032.0 threshold_ms=3000.0 source=coinbase
2026-05-07 21:32:53,965 | INFO | Mushroom v28 BTC tick stream connected | source=coinbase url=wss://ws-feed.exchange.coinbase.com
2026-05-07 21:32:54,321 | INFO | Heartbeat | watch=KXBTC15M-26MAY072145-45 yes_bid=78 yes_ask=79 no_bid=21 no_ask=22 book_ready=True position=False pending=False dry_run=False trust=synced run_id=d8d413f6-67be-44c2-b32b-d785efe316d0
2026-05-07 21:32:57,113 | WARNING | Mushroom v28 BTC tick stream stale. Restarting | age_ms=3062.0 threshold_ms=3000.0 source=coinbase
2026-05-07 21:32:57,436 | INFO | Mushroom v28 BTC tick stream connected | source=coinbase url=wss://ws-feed.exchange.coinbase.com
2026-05-07 21:33:00,541 | WARNING | Mushroom v28 BTC tick stream stale. Restarting | age_ms=3047.0 threshold_ms=3000.0 source=coinbase
2026-05-07 21:33:00,811 | INFO | Mushroom v28 BTC tick stream connected | source=coinbase url=wss://ws-feed.exchange.coinbase.com
2026-05-07 21:33:04,008 | WARNING | Mushroom v28 BTC tick stream stale. Restarting | age_ms=3094.0 threshold_ms=3000.0 source=coinbase
2026-05-07 21:33:04,399 | INFO | Mushroom v28 BTC tick stream connected | source=coinbase url=wss://ws-feed.exchange.coinbase.com
2026-05-07 21:33:07,650 | WARNING | Mushroom v28 BTC tick stream stale. Restarting | age_ms=3141.0 threshold_ms=3000.0 source=coinbase
2026-05-07 21:33:08,107 | INFO | Mushroom v28 BTC tick stream connected | source=coinbase url=wss://ws-feed.exchange.coinbase.com
2026-05-07 21:33:09,312 | INFO | Heartbeat | watch=KXBTC15M-26MAY072145-45 yes_bid=80 yes_ask=81 no_bid=19 no_ask=20 book_ready=True position=False pending=False dry_run=False trust=synced run_id=d8d413f6-67be-44c2-b32b-d785efe316d0
2026-05-07 21:33:11,198 | WARNING | Mushroom v28 BTC tick stream stale. Restarting | age_ms=3031.0 threshold_ms=3000.0 source=coinbase
2026-05-07 21:33:11,398 | INFO | Mushroom v28 BTC tick stream connected | source=coinbase url=wss://ws-feed.exchange.coinbase.com
2026-05-07 21:33:14,486 | WARNING | Mushroom v28 BTC tick stream stale. Restarting | age_ms=3031.0 threshold_ms=3000.0 source=coinbase
2026-05-07 21:33:14,720 | INFO | Mushroom v28 BTC tick stream connected | source=coinbase url=wss://ws-feed.exchange.coinbase.com
2026-05-07 21:33:17,888 | WARNING | Mushroom v28 BTC tick stream stale. Restarting | age_ms=3047.0 threshold_ms=3000.0 source=coinbase
2026-05-07 21:33:18,097 | INFO | Mushroom v28 BTC tick stream connected | source=coinbase url=wss://ws-feed.exchange.coinbase.com
2026-05-07 21:33:21,269 | WARNING | Mushroom v28 BTC tick stream stale. Restarting | age_ms=3047.0 threshold_ms=3000.0 source=coinbase
2026-05-07 21:33:21,668 | INFO | Mushroom v28 BTC tick stream connected | source=coinbase url=wss://ws-feed.exchange.coinbase.com
2026-05-07 21:33:24,344 | INFO | Heartbeat | watch=KXBTC15M-26MAY072145-45 yes_bid=76 yes_ask=77 no_bid=23 no_ask=24 book_ready=True position=False pending=False dry_run=False trust=synced run_id=d8d413f6-67be-44c2-b32b-d785efe316d0
2026-05-07 21:33:24,811 | WARNING | Mushroom v28 BTC tick stream stale. Restarting | age_ms=3032.0 threshold_ms=3000.0 source=coinbase
2026-05-07 21:33:25,028 | INFO | Mushroom v28 BTC tick stream connected | source=coinbase url=wss://ws-feed.exchange.coinbase.com
2026-05-07 21:33:28,159 | WARNING | Mushroom v28 BTC tick stream stale. Restarting | age_ms=3047.0 threshold_ms=3000.0 source=coinbase
2026-05-07 21:33:28,371 | INFO | Mushroom v28 BTC tick stream connected | source=coinbase url=wss://ws-feed.exchange.coinbase.com
2026-05-07 21:33:31,530 | WARNING | Mushroom v28 BTC tick stream stale. Restarting | age_ms=3062.0 threshold_ms=3000.0 source=coinbase
2026-05-07 21:33:31,800 | INFO | Mushroom v28 BTC tick stream connected | source=coinbase url=wss://ws-feed.exchange.coinbase.com
2026-05-07 21:33:34,958 | WARNING | Mushroom v28 BTC tick stream stale. Restarting | age_ms=3062.0 threshold_ms=3000.0 source=coinbase
2026-05-07 21:33:35,638 | INFO | Mushroom v28 BTC tick stream connected | source=coinbase url=wss://ws-feed.exchange.coinbase.com
2026-05-07 21:33:38,807 | WARNING | Mushroom v28 BTC tick stream stale. Restarting | age_ms=3063.0 threshold_ms=3000.0 source=coinbase
2026-05-07 21:33:39,039 | INFO | Mushroom v28 BTC tick stream connected | source=coinbase url=wss://ws-feed.exchange.coinbase.com
2026-05-07 21:33:39,380 | INFO | Heartbeat | watch=KXBTC15M-26MAY072145-45 yes_bid=78 yes_ask=80 no_bid=20 no_ask=22 book_ready=True position=False pending=False dry_run=False trust=synced run_id=d8d413f6-67be-44c2-b32b-d785efe316d0
2026-05-07 21:33:42,202 | WARNING | Mushroom v28 BTC tick stream stale. Restarting | age_ms=3047.0 threshold_ms=3000.0 source=coinbase
2026-05-07 21:33:42,418 | INFO | Mushroom v28 BTC tick stream connected | source=coinbase url=wss://ws-feed.exchange.coinbase.com
2026-05-07 21:33:45,577 | WARNING | Mushroom v28 BTC tick stream stale. Restarting | age_ms=3031.0 threshold_ms=3000.0 source=coinbase
2026-05-07 21:33:45,822 | INFO | Mushroom v28 BTC tick stream connected | source=coinbase url=wss://ws-feed.exchange.coinbase.com
2026-05-07 21:33:48,944 | WARNING | Mushroom v28 BTC tick stream stale. Restarting | age_ms=3016.0 threshold_ms=3000.0 source=coinbase
2026-05-07 21:33:49,328 | INFO | Mushroom v28 BTC tick stream connected | source=coinbase url=wss://ws-feed.exchange.coinbase.com
2026-05-07 21:33:52,426 | WARNING | Mushroom v28 BTC tick stream stale. Restarting | age_ms=3031.0 threshold_ms=3000.0 source=coinbase
2026-05-07 21:33:52,920 | INFO | Mushroom v28 BTC tick stream connected | source=coinbase url=wss://ws-feed.exchange.coinbase.com
2026-05-07 21:33:54,404 | INFO | Heartbeat | watch=KXBTC15M-26MAY072145-45 yes_bid=72 yes_ask=73 no_bid=27 no_ask=28 book_ready=True position=False pending=False dry_run=False trust=synced run_id=d8d413f6-67be-44c2-b32b-d785efe316d0
2026-05-07 21:33:56,086 | WARNING | Mushroom v28 BTC tick stream stale. Restarting | age_ms=3047.0 threshold_ms=3000.0 source=coinbase
2026-05-07 21:33:56,395 | INFO | Mushroom v28 BTC tick stream connected | source=coinbase url=wss://ws-feed.exchange.coinbase.com
2026-05-07 21:33:59,462 | WARNING | Mushroom v28 BTC tick stream stale. Restarting | age_ms=3015.0 threshold_ms=3000.0 source=coinbase
2026-05-07 21:34:00,154 | INFO | Mushroom v28 BTC tick stream connected | source=coinbase url=wss://ws-feed.exchange.coinbase.com
2026-05-07 21:34:03,295 | WARNING | Mushroom v28 BTC tick stream stale. Restarting | age_ms=3047.0 threshold_ms=3000.0 source=coinbase
2026-05-07 21:34:03,524 | INFO | Mushroom v28 BTC tick stream connected | source=coinbase url=wss://ws-feed.exchange.coinbase.com
2026-05-07 21:34:06,669 | WARNING | Mushroom v28 BTC tick stream stale. Restarting | age_ms=3047.0 threshold_ms=3000.0 source=coinbase
2026-05-07 21:34:07,314 | INFO | Mushroom v28 BTC tick stream connected | source=coinbase url=wss://ws-feed.exchange.coinbase.com
2026-05-07 21:34:09,404 | INFO | Heartbeat | watch=KXBTC15M-26MAY072145-45 yes_bid=67 yes_ask=69 no_bid=31 no_ask=33 book_ready=True position=False pending=False dry_run=False trust=synced run_id=d8d413f6-67be-44c2-b32b-d785efe316d0
2026-05-07 21:34:10,458 | WARNING | Mushroom v28 BTC tick stream stale. Restarting | age_ms=3062.0 threshold_ms=3000.0 source=coinbase
2026-05-07 21:34:10,697 | INFO | Mushroom v28 BTC tick stream connected | source=coinbase url=wss://ws-feed.exchange.coinbase.com
2026-05-07 21:34:13,929 | WARNING | Mushroom v28 BTC tick stream stale. Restarting | age_ms=3047.0 threshold_ms=3000.0 source=coinbase
2026-05-07 21:34:14,118 | INFO | Mushroom v28 BTC tick stream connected | source=coinbase url=wss://ws-feed.exchange.coinbase.com
2026-05-07 21:34:17,181 | WARNING | Mushroom v28 BTC tick stream stale. Restarting | age_ms=3016.0 threshold_ms=3000.0 source=coinbase
2026-05-07 21:34:17,471 | INFO | Mushroom v28 BTC tick stream connected | source=coinbase url=wss://ws-feed.exchange.coinbase.com
2026-05-07 21:34:20,605 | WARNING | Mushroom v28 BTC tick stream stale. Restarting | age_ms=3031.0 threshold_ms=3000.0 source=coinbase
2026-05-07 21:34:20,856 | INFO | Mushroom v28 BTC tick stream connected | source=coinbase url=wss://ws-feed.exchange.coinbase.com
2026-05-07 21:34:23,903 | WARNING | Mushroom v28 BTC tick stream stale. Restarting | age_ms=3015.0 threshold_ms=3000.0 source=coinbase
2026-05-07 21:34:24,212 | INFO | Mushroom v28 BTC tick stream connected | source=coinbase url=wss://ws-feed.exchange.coinbase.com
2026-05-07 21:34:24,519 | INFO | Heartbeat | watch=KXBTC15M-26MAY072145-45 yes_bid=73 yes_ask=74 no_bid=26 no_ask=27 book_ready=True position=False pending=False dry_run=False trust=synced run_id=d8d413f6-67be-44c2-b32b-d785efe316d0
2026-05-07 21:34:27,355 | WARNING | Mushroom v28 BTC tick stream stale. Restarting | age_ms=3062.0 threshold_ms=3000.0 source=coinbase
2026-05-07 21:34:27,563 | INFO | Mushroom v28 BTC tick stream connected | source=coinbase url=wss://ws-feed.exchange.coinbase.com
2026-05-07 21:34:30,791 | WARNING | Mushroom v28 BTC tick stream stale. Restarting | age_ms=3109.0 threshold_ms=3000.0 source=coinbase
2026-05-07 21:34:31,497 | INFO | Mushroom v28 BTC tick stream connected | source=coinbase url=wss://ws-feed.exchange.coinbase.com
2026-05-07 21:34:34,768 | WARNING | Mushroom v28 BTC tick stream stale. Restarting | age_ms=3157.0 threshold_ms=3000.0 source=coinbase
2026-05-07 21:34:35,019 | INFO | Mushroom v28 BTC tick stream connected | source=coinbase url=wss://ws-feed.exchange.coinbase.com
2026-05-07 21:34:38,169 | WARNING | Mushroom v28 BTC tick stream stale. Restarting | age_ms=3047.0 threshold_ms=3000.0 source=coinbase
2026-05-07 21:34:38,433 | INFO | Mushroom v28 BTC tick stream connected | source=coinbase url=wss://ws-feed.exchange.coinbase.com
2026-05-07 21:34:39,546 | INFO | Heartbeat | watch=KXBTC15M-26MAY072145-45 yes_bid=75 yes_ask=76 no_bid=24 no_ask=25 book_ready=True position=False pending=False dry_run=False trust=synced run_id=d8d413f6-67be-44c2-b32b-d785efe316d0
2026-05-07 21:34:41,599 | WARNING | Mushroom v28 BTC tick stream stale. Restarting | age_ms=3047.0 threshold_ms=3000.0 source=coinbase
2026-05-07 21:34:41,962 | INFO | Mushroom v28 BTC tick stream connected | source=coinbase url=wss://ws-feed.exchange.coinbase.com
2026-05-07 21:34:45,089 | WARNING | Mushroom v28 BTC tick stream stale. Restarting | age_ms=3031.0 threshold_ms=3000.0 source=coinbase
2026-05-07 21:34:45,273 | INFO | Mushroom v28 BTC tick stream connected | source=coinbase url=wss://ws-feed.exchange.coinbase.com
2026-05-07 21:34:48,373 | WARNING | Mushroom v28 BTC tick stream stale. Restarting | age_ms=3062.0 threshold_ms=3000.0 source=coinbase
2026-05-07 21:34:48,740 | INFO | Mushroom v28 BTC tick stream connected | source=coinbase url=wss://ws-feed.exchange.coinbase.com
2026-05-07 21:34:51,898 | WARNING | Mushroom v28 BTC tick stream stale. Restarting | age_ms=3016.0 threshold_ms=3000.0 source=coinbase
2026-05-07 21:34:52,276 | INFO | Mushroom v28 BTC tick stream connected | source=coinbase url=wss://ws-feed.exchange.coinbase.com
2026-05-07 21:34:54,550 | INFO | Heartbeat | watch=KXBTC15M-26MAY072145-45 yes_bid=74 yes_ask=75 no_bid=25 no_ask=26 book_ready=True position=False pending=False dry_run=False trust=synced run_id=d8d413f6-67be-44c2-b32b-d785efe316d0
2026-05-07 21:34:55,340 | WARNING | Mushroom v28 BTC tick stream stale. Restarting | age_ms=3016.0 threshold_ms=3000.0 source=coinbase
2026-05-07 21:34:55,581 | INFO | Mushroom v28 BTC tick stream connected | source=coinbase url=wss://ws-feed.exchange.coinbase.com
2026-05-07 21:34:58,712 | WARNING | Mushroom v28 BTC tick stream stale. Restarting | age_ms=3015.0 threshold_ms=3000.0 source=coinbase
2026-05-07 21:34:59,701 | INFO | Mushroom v28 BTC tick stream connected | source=coinbase url=wss://ws-feed.exchange.coinbase.com
2026-05-07 21:35:02,881 | WARNING | Mushroom v28 BTC tick stream stale. Restarting | age_ms=3062.0 threshold_ms=3000.0 source=coinbase
2026-05-07 21:35:03,223 | INFO | Mushroom v28 BTC tick stream connected | source=coinbase url=wss://ws-feed.exchange.coinbase.com
2026-05-07 21:35:06,333 | WARNING | Mushroom v28 BTC tick stream stale. Restarting | age_ms=3047.0 threshold_ms=3000.0 source=coinbase
2026-05-07 21:35:06,681 | INFO | Mushroom v28 BTC tick stream connected | source=coinbase url=wss://ws-feed.exchange.coinbase.com
2026-05-07 21:35:09,579 | INFO | Heartbeat | watch=KXBTC15M-26MAY072145-45 yes_bid=66 yes_ask=67 no_bid=33 no_ask=34 book_ready=True position=False pending=False dry_run=False trust=synced run_id=d8d413f6-67be-44c2-b32b-d785efe316d0
2026-05-07 21:35:09,804 | WARNING | Mushroom v28 BTC tick stream stale. Restarting | age_ms=3063.0 threshold_ms=3000.0 source=coinbase
2026-05-07 21:35:10,149 | INFO | Mushroom v28 BTC tick stream connected | source=coinbase url=wss://ws-feed.exchange.coinbase.com
2026-05-07 21:35:13,340 | WARNING | Mushroom v28 BTC tick stream stale. Restarting | age_ms=3047.0 threshold_ms=3000.0 source=coinbase
2026-05-07 21:35:13,628 | INFO | Mushroom v28 BTC tick stream connected | source=coinbase url=wss://ws-feed.exchange.coinbase.com
2026-05-07 21:35:16,782 | WARNING | Mushroom v28 BTC tick stream stale. Restarting | age_ms=3047.0 threshold_ms=3000.0 source=coinbase
2026-05-07 21:35:17,190 | INFO | Mushroom v28 BTC tick stream connected | source=coinbase url=wss://ws-feed.exchange.coinbase.com
2026-05-07 21:35:20,370 | WARNING | Mushroom v28 BTC tick stream stale. Restarting | age_ms=3046.0 threshold_ms=3000.0 source=coinbase
2026-05-07 21:35:20,639 | INFO | Mushroom v28 BTC tick stream connected | source=coinbase url=wss://ws-feed.exchange.coinbase.com
2026-05-07 21:35:23,783 | WARNING | Mushroom v28 BTC tick stream stale. Restarting | age_ms=3109.0 threshold_ms=3000.0 source=coinbase
2026-05-07 21:35:24,003 | INFO | Mushroom v28 BTC tick stream connected | source=coinbase url=wss://ws-feed.exchange.coinbase.com
2026-05-07 21:35:24,599 | INFO | Heartbeat | watch=KXBTC15M-26MAY072145-45 yes_bid=63 yes_ask=64 no_bid=36 no_ask=37 book_ready=True position=False pending=False dry_run=False trust=synced run_id=d8d413f6-67be-44c2-b32b-d785efe316d0
2026-05-07 21:35:27,080 | WARNING | Mushroom v28 BTC tick stream stale. Restarting | age_ms=3047.0 threshold_ms=3000.0 source=coinbase
2026-05-07 21:35:27,761 | INFO | Mushroom v28 BTC tick stream connected | source=coinbase url=wss://ws-feed.exchange.coinbase.com
2026-05-07 21:35:30,954 | WARNING | Mushroom v28 BTC tick stream stale. Restarting | age_ms=3109.0 threshold_ms=3000.0 source=coinbase
2026-05-07 21:35:31,347 | INFO | Mushroom v28 BTC tick stream connected | source=coinbase url=wss://ws-feed.exchange.coinbase.com
2026-05-07 21:35:34,494 | WARNING | Mushroom v28 BTC tick stream stale. Restarting | age_ms=3046.0 threshold_ms=3000.0 source=coinbase
2026-05-07 21:35:34,907 | INFO | Mushroom v28 BTC tick stream connected | source=coinbase url=wss://ws-feed.exchange.coinbase.com
2026-05-07 21:35:38,179 | WARNING | Mushroom v28 BTC tick stream stale. Restarting | age_ms=3047.0 threshold_ms=3000.0 source=coinbase
2026-05-07 21:35:38,456 | INFO | Mushroom v28 BTC tick stream connected | source=coinbase url=wss://ws-feed.exchange.coinbase.com
2026-05-07 21:35:39,625 | INFO | Heartbeat | watch=KXBTC15M-26MAY072145-45 yes_bid=61 yes_ask=63 no_bid=37 no_ask=39 book_ready=True position=False pending=False dry_run=False trust=synced run_id=d8d413f6-67be-44c2-b32b-d785efe316d0
2026-05-07 21:35:41,539 | WARNING | Mushroom v28 BTC tick stream stale. Restarting | age_ms=3031.0 threshold_ms=3000.0 source=coinbase
2026-05-07 21:35:41,833 | INFO | Mushroom v28 BTC tick stream connected | source=coinbase url=wss://ws-feed.exchange.coinbase.com
2026-05-07 21:35:44,934 | WARNING | Mushroom v28 BTC tick stream stale. Restarting | age_ms=3016.0 threshold_ms=3000.0 source=coinbase
2026-05-07 21:35:45,232 | INFO | Mushroom v28 BTC tick stream connected | source=coinbase url=wss://ws-feed.exchange.coinbase.com
2026-05-07 21:35:48,344 | WARNING | Mushroom v28 BTC tick stream stale. Restarting | age_ms=3016.0 threshold_ms=3000.0 source=coinbase
2026-05-07 21:35:48,643 | INFO | Mushroom v28 BTC tick stream connected | source=coinbase url=wss://ws-feed.exchange.coinbase.com
2026-05-07 21:35:51,763 | WARNING | Mushroom v28 BTC tick stream stale. Restarting | age_ms=3016.0 threshold_ms=3000.0 source=coinbase
2026-05-07 21:35:52,003 | INFO | Mushroom v28 BTC tick stream connected | source=coinbase url=wss://ws-feed.exchange.coinbase.com
2026-05-07 21:35:54,656 | INFO | Heartbeat | watch=KXBTC15M-26MAY072145-45 yes_bid=60 yes_ask=61 no_bid=39 no_ask=40 book_ready=True position=False pending=False dry_run=False trust=synced run_id=d8d413f6-67be-44c2-b32b-d785efe316d0
2026-05-07 21:35:55,109 | WARNING | Mushroom v28 BTC tick stream stale. Restarting | age_ms=3046.0 threshold_ms=3000.0 source=coinbase
2026-05-07 21:35:55,548 | INFO | Mushroom v28 BTC tick stream connected | source=coinbase url=wss://ws-feed.exchange.coinbase.com
2026-05-07 21:35:58,652 | WARNING | Mushroom v28 BTC tick stream stale. Restarting | age_ms=3032.0 threshold_ms=3000.0 source=coinbase
2026-05-07 21:35:58,887 | INFO | Mushroom v28 BTC tick stream connected | source=coinbase url=wss://ws-feed.exchange.coinbase.com
2026-05-07 21:36:02,001 | WARNING | Mushroom v28 BTC tick stream stale. Restarting | age_ms=3047.0 threshold_ms=3000.0 source=coinbase
2026-05-07 21:36:02,224 | INFO | Mushroom v28 BTC tick stream connected | source=coinbase url=wss://ws-feed.exchange.coinbase.com
2026-05-07 21:36:05,701 | WARNING | Mushroom v28 BTC tick stream stale. Restarting | age_ms=3031.0 threshold_ms=3000.0 source=coinbase
2026-05-07 21:36:06,145 | INFO | Mushroom v28 BTC tick stream connected | source=coinbase url=wss://ws-feed.exchange.coinbase.com
2026-05-07 21:36:09,491 | WARNING | Mushroom v28 BTC tick stream stale. Restarting | age_ms=3109.0 threshold_ms=3000.0 source=coinbase
2026-05-07 21:36:09,698 | INFO | Heartbeat | watch=KXBTC15M-26MAY072145-45 yes_bid=45 yes_ask=46 no_bid=54 no_ask=55 book_ready=True position=False pending=False dry_run=False trust=synced run_id=d8d413f6-67be-44c2-b32b-d785efe316d0
2026-05-07 21:36:09,742 | INFO | Mushroom v28 BTC tick stream connected | source=coinbase url=wss://ws-feed.exchange.coinbase.com
2026-05-07 21:36:12,890 | WARNING | Mushroom v28 BTC tick stream stale. Restarting | age_ms=3047.0 threshold_ms=3000.0 source=coinbase
2026-05-07 21:36:13,205 | INFO | Mushroom v28 BTC tick stream connected | source=coinbase url=wss://ws-feed.exchange.coinbase.com
2026-05-07 21:36:16,397 | WARNING | Mushroom v28 BTC tick stream stale. Restarting | age_ms=3063.0 threshold_ms=3000.0 source=coinbase
2026-05-07 21:36:16,663 | INFO | Mushroom v28 BTC tick stream connected | source=coinbase url=wss://ws-feed.exchange.coinbase.com
2026-05-07 21:36:19,795 | WARNING | Mushroom v28 BTC tick stream stale. Restarting | age_ms=3047.0 threshold_ms=3000.0 source=coinbase
2026-05-07 21:36:20,129 | INFO | Mushroom v28 BTC tick stream connected | source=coinbase url=wss://ws-feed.exchange.coinbase.com
2026-05-07 21:36:23,235 | WARNING | Mushroom v28 BTC tick stream stale. Restarting | age_ms=3046.0 threshold_ms=3000.0 source=coinbase
2026-05-07 21:36:23,499 | INFO | Mushroom v28 BTC tick stream connected | source=coinbase url=wss://ws-feed.exchange.coinbase.com
2026-05-07 21:36:24,716 | INFO | Heartbeat | watch=KXBTC15M-26MAY072145-45 yes_bid=42 yes_ask=43 no_bid=57 no_ask=58 book_ready=True position=False pending=False dry_run=False trust=synced run_id=d8d413f6-67be-44c2-b32b-d785efe316d0
2026-05-07 21:36:26,544 | WARNING | Mushroom v28 BTC tick stream stale. Restarting | age_ms=3016.0 threshold_ms=3000.0 source=coinbase
2026-05-07 21:36:26,767 | INFO | Mushroom v28 BTC tick stream connected | source=coinbase url=wss://ws-feed.exchange.coinbase.com
2026-05-07 21:36:29,982 | WARNING | Mushroom v28 BTC tick stream stale. Restarting | age_ms=3156.0 threshold_ms=3000.0 source=coinbase
2026-05-07 21:36:30,619 | INFO | Mushroom v28 BTC tick stream connected | source=coinbase url=wss://ws-feed.exchange.coinbase.com
2026-05-07 21:36:33,702 | WARNING | Mushroom v28 BTC tick stream stale. Restarting | age_ms=3031.0 threshold_ms=3000.0 source=coinbase
2026-05-07 21:36:34,168 | INFO | Mushroom v28 BTC tick stream connected | source=coinbase url=wss://ws-feed.exchange.coinbase.com
2026-05-07 21:36:37,218 | WARNING | Mushroom v28 BTC tick stream stale. Restarting | age_ms=3031.0 threshold_ms=3000.0 source=coinbase
2026-05-07 21:36:37,558 | INFO | Mushroom v28 BTC tick stream connected | source=coinbase url=wss://ws-feed.exchange.coinbase.com
2026-05-07 21:36:39,746 | INFO | Heartbeat | watch=KXBTC15M-26MAY072145-45 yes_bid=41 yes_ask=42 no_bid=58 no_ask=59 book_ready=True position=False pending=False dry_run=False trust=synced run_id=d8d413f6-67be-44c2-b32b-d785efe316d0
2026-05-07 21:36:40,650 | WARNING | Mushroom v28 BTC tick stream stale. Restarting | age_ms=3032.0 threshold_ms=3000.0 source=coinbase
2026-05-07 21:36:40,928 | INFO | Mushroom v28 BTC tick stream connected | source=coinbase url=wss://ws-feed.exchange.coinbase.com
2026-05-07 21:36:44,029 | WARNING | Mushroom v28 BTC tick stream stale. Restarting | age_ms=3062.0 threshold_ms=3000.0 source=coinbase
2026-05-07 21:36:44,273 | INFO | Mushroom v28 BTC tick stream connected | source=coinbase url=wss://ws-feed.exchange.coinbase.com
2026-05-07 21:36:47,466 | WARNING | Mushroom v28 BTC tick stream stale. Restarting | age_ms=3016.0 threshold_ms=3000.0 source=coinbase
2026-05-07 21:36:47,865 | INFO | Mushroom v28 BTC tick stream connected | source=coinbase url=wss://ws-feed.exchange.coinbase.com
2026-05-07 21:36:51,008 | WARNING | Mushroom v28 BTC tick stream stale. Restarting | age_ms=3047.0 threshold_ms=3000.0 source=coinbase
2026-05-07 21:36:51,248 | INFO | Mushroom v28 BTC tick stream connected | source=coinbase url=wss://ws-feed.exchange.coinbase.com
2026-05-07 21:36:54,382 | WARNING | Mushroom v28 BTC tick stream stale. Restarting | age_ms=3047.0 threshold_ms=3000.0 source=coinbase
2026-05-07 21:36:54,659 | INFO | Mushroom v28 BTC tick stream connected | source=coinbase url=wss://ws-feed.exchange.coinbase.com
2026-05-07 21:36:54,743 | INFO | Heartbeat | watch=KXBTC15M-26MAY072145-45 yes_bid=34 yes_ask=35 no_bid=65 no_ask=66 book_ready=True position=False pending=False dry_run=False trust=synced run_id=d8d413f6-67be-44c2-b32b-d785efe316d0
2026-05-07 21:36:57,821 | WARNING | Mushroom v28 BTC tick stream stale. Restarting | age_ms=3047.0 threshold_ms=3000.0 source=coinbase
2026-05-07 21:36:58,398 | INFO | Mushroom v28 BTC tick stream connected | source=coinbase url=wss://ws-feed.exchange.coinbase.com
2026-05-07 21:37:01,488 | WARNING | Mushroom v28 BTC tick stream stale. Restarting | age_ms=3046.0 threshold_ms=3000.0 source=coinbase
2026-05-07 21:37:01,691 | INFO | Mushroom v28 BTC tick stream connected | source=coinbase url=wss://ws-feed.exchange.coinbase.com
2026-05-07 21:37:04,812 | WARNING | Mushroom v28 BTC tick stream stale. Restarting | age_ms=3032.0 threshold_ms=3000.0 source=coinbase
2026-05-07 21:37:05,010 | INFO | Mushroom v28 BTC tick stream connected | source=coinbase url=wss://ws-feed.exchange.coinbase.com
2026-05-07 21:37:08,135 | WARNING | Mushroom v28 BTC tick stream stale. Restarting | age_ms=3031.0 threshold_ms=3000.0 source=coinbase
2026-05-07 21:37:08,418 | INFO | Mushroom v28 BTC tick stream connected | source=coinbase url=wss://ws-feed.exchange.coinbase.com
2026-05-07 21:37:09,738 | INFO | Heartbeat | watch=KXBTC15M-26MAY072145-45 yes_bid=30 yes_ask=31 no_bid=69 no_ask=70 book_ready=True position=False pending=False dry_run=False trust=synced run_id=d8d413f6-67be-44c2-b32b-d785efe316d0
2026-05-07 21:37:11,557 | WARNING | Mushroom v28 BTC tick stream stale. Restarting | age_ms=3031.0 threshold_ms=3000.0 source=coinbase
2026-05-07 21:37:11,792 | INFO | Mushroom v28 BTC tick stream connected | source=coinbase url=wss://ws-feed.exchange.coinbase.com
2026-05-07 21:37:14,892 | WARNING | Mushroom v28 BTC tick stream stale. Restarting | age_ms=3032.0 threshold_ms=3000.0 source=coinbase
2026-05-07 21:37:15,303 | INFO | Mushroom v28 BTC tick stream connected | source=coinbase url=wss://ws-feed.exchange.coinbase.com
2026-05-07 21:37:18,394 | WARNING | Mushroom v28 BTC tick stream stale. Restarting | age_ms=3047.0 threshold_ms=3000.0 source=coinbase
2026-05-07 21:37:18,614 | INFO | Mushroom v28 BTC tick stream connected | source=coinbase url=wss://ws-feed.exchange.coinbase.com
2026-05-07 21:37:21,721 | WARNING | Mushroom v28 BTC tick stream stale. Restarting | age_ms=3016.0 threshold_ms=3000.0 source=coinbase
2026-05-07 21:37:21,938 | INFO | Mushroom v28 BTC tick stream connected | source=coinbase url=wss://ws-feed.exchange.coinbase.com
2026-05-07 21:37:24,735 | INFO | Heartbeat | watch=KXBTC15M-26MAY072145-45 yes_bid=31 yes_ask=32 no_bid=68 no_ask=69 book_ready=True position=False pending=False dry_run=False trust=synced run_id=d8d413f6-67be-44c2-b32b-d785efe316d0
2026-05-07 21:37:25,061 | WARNING | Mushroom v28 BTC tick stream stale. Restarting | age_ms=3016.0 threshold_ms=3000.0 source=coinbase
2026-05-07 21:37:25,679 | INFO | Mushroom v28 BTC tick stream connected | source=coinbase url=wss://ws-feed.exchange.coinbase.com
2026-05-07 21:37:28,968 | WARNING | Mushroom v28 BTC tick stream stale. Restarting | age_ms=3188.0 threshold_ms=3000.0 source=coinbase
2026-05-07 21:37:29,304 | INFO | Mushroom v28 BTC tick stream connected | source=coinbase url=wss://ws-feed.exchange.coinbase.com
2026-05-07 21:37:32,536 | WARNING | Mushroom v28 BTC tick stream stale. Restarting | age_ms=3062.0 threshold_ms=3000.0 source=coinbase
2026-05-07 21:37:32,738 | INFO | Mushroom v28 BTC tick stream connected | source=coinbase url=wss://ws-feed.exchange.coinbase.com
2026-05-07 21:37:35,905 | WARNING | Mushroom v28 BTC tick stream stale. Restarting | age_ms=3047.0 threshold_ms=3000.0 source=coinbase
2026-05-07 21:37:36,379 | INFO | Mushroom v28 BTC tick stream connected | source=coinbase url=wss://ws-feed.exchange.coinbase.com
2026-05-07 21:37:39,484 | WARNING | Mushroom v28 BTC tick stream stale. Restarting | age_ms=3046.0 threshold_ms=3000.0 source=coinbase
2026-05-07 21:37:39,734 | INFO | Mushroom v28 BTC tick stream connected | source=coinbase url=wss://ws-feed.exchange.coinbase.com
2026-05-07 21:37:39,770 | INFO | Heartbeat | watch=KXBTC15M-26MAY072145-45 yes_bid=33 yes_ask=34 no_bid=66 no_ask=67 book_ready=True position=False pending=False dry_run=False trust=synced run_id=d8d413f6-67be-44c2-b32b-d785efe316d0
2026-05-07 21:37:42,888 | WARNING | Mushroom v28 BTC tick stream stale. Restarting | age_ms=3063.0 threshold_ms=3000.0 source=coinbase
2026-05-07 21:37:43,303 | INFO | Mushroom v28 BTC tick stream connected | source=coinbase url=wss://ws-feed.exchange.coinbase.com
2026-05-07 21:37:46,478 | WARNING | Mushroom v28 BTC tick stream stale. Restarting | age_ms=3031.0 threshold_ms=3000.0 source=coinbase
2026-05-07 21:37:46,699 | INFO | Mushroom v28 BTC tick stream connected | source=coinbase url=wss://ws-feed.exchange.coinbase.com
2026-05-07 21:37:49,923 | WARNING | Mushroom v28 BTC tick stream stale. Restarting | age_ms=3156.0 threshold_ms=3000.0 source=coinbase
2026-05-07 21:37:50,269 | INFO | Mushroom v28 BTC tick stream connected | source=coinbase url=wss://ws-feed.exchange.coinbase.com
2026-05-07 21:37:53,470 | WARNING | Mushroom v28 BTC tick stream stale. Restarting | age_ms=3031.0 threshold_ms=3000.0 source=coinbase
2026-05-07 21:37:53,911 | INFO | Mushroom v28 BTC tick stream connected | source=coinbase url=wss://ws-feed.exchange.coinbase.com
2026-05-07 21:37:54,804 | INFO | Heartbeat | watch=KXBTC15M-26MAY072145-45 yes_bid=41 yes_ask=42 no_bid=58 no_ask=59 book_ready=True position=False pending=False dry_run=False trust=synced run_id=d8d413f6-67be-44c2-b32b-d785efe316d0
2026-05-07 21:37:57,006 | WARNING | Mushroom v28 BTC tick stream stale. Restarting | age_ms=3031.0 threshold_ms=3000.0 source=coinbase
2026-05-07 21:37:57,251 | INFO | Mushroom v28 BTC tick stream connected | source=coinbase url=wss://ws-feed.exchange.coinbase.com
2026-05-07 21:38:00,417 | WARNING | Mushroom v28 BTC tick stream stale. Restarting | age_ms=3031.0 threshold_ms=3000.0 source=coinbase
2026-05-07 21:38:00,921 | INFO | Mushroom v28 BTC tick stream connected | source=coinbase url=wss://ws-feed.exchange.coinbase.com
2026-05-07 21:38:04,168 | WARNING | Mushroom v28 BTC tick stream stale. Restarting | age_ms=3062.0 threshold_ms=3000.0 source=coinbase
2026-05-07 21:38:04,390 | INFO | Mushroom v28 BTC tick stream connected | source=coinbase url=wss://ws-feed.exchange.coinbase.com
2026-05-07 21:38:04,490 | INFO | Mushroom v28 entry approved | market=KXBTC15M-26MAY072145-45 side=no ask=52c max_buy=78c qty=1 p_side=0.8515 edge=29.151c depth=45 btc_age_ms=0.0 secs_to_close=415.51
2026-05-07 21:38:04,508 | INFO | Execution state | market=KXBTC15M-26MAY072145-45 side=no state=eligible reason=pre_filters_disabled trust=synced run_id=d8d413f6-67be-44c2-b32b-d785efe316d0
2026-05-07 21:38:04,508 | INFO | Execution deferred | market=KXBTC15M-26MAY072145-45 side=no reason=fast_fill_window_too_short trigger=52 top_of_book=52 book=[52:45, 53:1575, 54:1302.24, 55:55, 56:55] trust=synced
2026-05-07 21:38:04,509 | INFO | Execution state | market=KXBTC15M-26MAY072145-45 side=no state=abandoned reason=fast_fill_window_too_short trust=synced run_id=d8d413f6-67be-44c2-b32b-d785efe316d0
2026-05-07 21:38:04,512 | INFO | Mushroom v28 entry approved | market=KXBTC15M-26MAY072145-45 side=no ask=52c max_buy=78c qty=1 p_side=0.8515 edge=29.152c depth=45 btc_age_ms=16.0 secs_to_close=415.49
2026-05-07 21:38:04,529 | INFO | Execution state | market=KXBTC15M-26MAY072145-45 side=no state=eligible reason=pre_filters_disabled trust=synced run_id=d8d413f6-67be-44c2-b32b-d785efe316d0
2026-05-07 21:38:04,530 | INFO | Execution deferred | market=KXBTC15M-26MAY072145-45 side=no reason=fast_fill_window_too_short trigger=52 top_of_book=52 book=[52:45, 53:1575, 54:1302.24, 55:55, 56:55] trust=synced
2026-05-07 21:38:04,530 | INFO | Execution state | market=KXBTC15M-26MAY072145-45 side=no state=abandoned reason=fast_fill_window_too_short trust=synced run_id=d8d413f6-67be-44c2-b32b-d785efe316d0
2026-05-07 21:38:04,534 | INFO | Mushroom v28 entry approved | market=KXBTC15M-26MAY072145-45 side=no ask=52c max_buy=78c qty=1 p_side=0.8515 edge=29.152c depth=45 btc_age_ms=47.0 secs_to_close=415.47
2026-05-07 21:38:04,551 | INFO | Execution state | market=KXBTC15M-26MAY072145-45 side=no state=eligible reason=pre_filters_disabled trust=synced run_id=d8d413f6-67be-44c2-b32b-d785efe316d0
2026-05-07 21:38:04,552 | INFO | Execution deferred | market=KXBTC15M-26MAY072145-45 side=no reason=fast_fill_window_too_short trigger=52 top_of_book=52 book=[52:45, 53:1575, 54:1302.24, 55:55, 56:55] trust=synced
2026-05-07 21:38:04,552 | INFO | Execution state | market=KXBTC15M-26MAY072145-45 side=no state=abandoned reason=fast_fill_window_too_short trust=synced run_id=d8d413f6-67be-44c2-b32b-d785efe316d0
2026-05-07 21:38:04,557 | INFO | Mushroom v28 entry approved | market=KXBTC15M-26MAY072145-45 side=no ask=52c max_buy=78c qty=1 p_side=0.8515 edge=29.152c depth=45 btc_age_ms=63.0 secs_to_close=415.44
2026-05-07 21:38:04,572 | INFO | Execution state | market=KXBTC15M-26MAY072145-45 side=no state=eligible reason=pre_filters_disabled trust=synced run_id=d8d413f6-67be-44c2-b32b-d785efe316d0
2026-05-07 21:38:04,573 | INFO | Execution deferred | market=KXBTC15M-26MAY072145-45 side=no reason=fast_fill_window_too_short trigger=52 top_of_book=52 book=[52:45, 53:1588, 54:1276.24, 55:55, 56:55] trust=synced
2026-05-07 21:38:04,573 | INFO | Execution state | market=KXBTC15M-26MAY072145-45 side=no state=abandoned reason=fast_fill_window_too_short trust=synced run_id=d8d413f6-67be-44c2-b32b-d785efe316d0
2026-05-07 21:38:04,577 | INFO | Mushroom v28 entry approved | market=KXBTC15M-26MAY072145-45 side=no ask=52c max_buy=78c qty=1 p_side=0.8515 edge=29.152c depth=45 btc_age_ms=94.0 secs_to_close=415.42
2026-05-07 21:38:04,591 | INFO | Execution state | market=KXBTC15M-26MAY072145-45 side=no state=eligible reason=pre_filters_disabled trust=synced run_id=d8d413f6-67be-44c2-b32b-d785efe316d0
2026-05-07 21:38:04,591 | INFO | Execution deferred | market=KXBTC15M-26MAY072145-45 side=no reason=fast_fill_window_too_short trigger=52 top_of_book=52 book=[52:45, 53:1590, 54:1276.24, 55:55, 56:55] trust=synced
2026-05-07 21:38:04,592 | INFO | Execution state | market=KXBTC15M-26MAY072145-45 side=no state=abandoned reason=fast_fill_window_too_short trust=synced run_id=d8d413f6-67be-44c2-b32b-d785efe316d0
2026-05-07 21:38:04,595 | INFO | Mushroom v28 entry approved | market=KXBTC15M-26MAY072145-45 side=no ask=52c max_buy=78c qty=1 p_side=0.8515 edge=29.152c depth=45 btc_age_ms=110.0 secs_to_close=415.41
2026-05-07 21:38:04,609 | INFO | Execution state | market=KXBTC15M-26MAY072145-45 side=no state=eligible reason=pre_filters_disabled trust=synced run_id=d8d413f6-67be-44c2-b32b-d785efe316d0
2026-05-07 21:38:04,610 | INFO | Execution deferred | market=KXBTC15M-26MAY072145-45 side=no reason=fast_fill_window_too_short trigger=52 top_of_book=52 book=[52:45, 53:1590, 54:1276.24, 55:55, 56:55] trust=synced
2026-05-07 21:38:04,610 | INFO | Execution state | market=KXBTC15M-26MAY072145-45 side=no state=abandoned reason=fast_fill_window_too_short trust=synced run_id=d8d413f6-67be-44c2-b32b-d785efe316d0
2026-05-07 21:38:04,613 | INFO | Mushroom v28 entry approved | market=KXBTC15M-26MAY072145-45 side=no ask=52c max_buy=78c qty=1 p_side=0.8515 edge=29.152c depth=45 btc_age_ms=125.0 secs_to_close=415.39
2026-05-07 21:38:04,627 | INFO | Execution state | market=KXBTC15M-26MAY072145-45 side=no state=eligible reason=pre_filters_disabled trust=synced run_id=d8d413f6-67be-44c2-b32b-d785efe316d0
2026-05-07 21:38:04,627 | INFO | Execution deferred | market=KXBTC15M-26MAY072145-45 side=no reason=fast_fill_window_too_short trigger=52 top_of_book=52 book=[52:45, 53:1590, 54:1276.24, 55:55, 56:55] trust=synced
2026-05-07 21:38:04,628 | INFO | Execution state | market=KXBTC15M-26MAY072145-45 side=no state=abandoned reason=fast_fill_window_too_short trust=synced run_id=d8d413f6-67be-44c2-b32b-d785efe316d0
2026-05-07 21:38:04,634 | INFO | Mushroom v28 entry approved | market=KXBTC15M-26MAY072145-45 side=no ask=52c max_buy=78c qty=1 p_side=0.8515 edge=29.153c depth=45 btc_age_ms=141.0 secs_to_close=415.37
2026-05-07 21:38:04,650 | INFO | Execution state | market=KXBTC15M-26MAY072145-45 side=no state=eligible reason=pre_filters_disabled trust=synced run_id=d8d413f6-67be-44c2-b32b-d785efe316d0
2026-05-07 21:38:04,651 | INFO | Execution deferred | market=KXBTC15M-26MAY072145-45 side=no reason=fast_fill_window_too_short trigger=52 top_of_book=52 book=[52:45, 53:1590, 54:1276.24, 55:55, 56:55] trust=synced
2026-05-07 21:38:04,651 | INFO | Execution state | market=KXBTC15M-26MAY072145-45 side=no state=abandoned reason=fast_fill_window_too_short trust=synced run_id=d8d413f6-67be-44c2-b32b-d785efe316d0
2026-05-07 21:38:04,674 | INFO | Mushroom v28 entry approved | market=KXBTC15M-26MAY072145-45 side=no ask=52c max_buy=78c qty=1 p_side=0.8515 edge=29.153c depth=45 btc_age_ms=188.0 secs_to_close=415.33
2026-05-07 21:38:04,692 | INFO | Execution state | market=KXBTC15M-26MAY072145-45 side=no state=eligible reason=pre_filters_disabled trust=synced run_id=d8d413f6-67be-44c2-b32b-d785efe316d0
2026-05-07 21:38:04,692 | INFO | Live fill policy approved | market=KXBTC15M-26MAY072145-45 side=no trigger=52c tif=immediate_or_cancel limit=52c depth=45.00 required=2 book_age_ms=281.0 secs_to_close=415.33 reason=single_shot_abundant_depth
2026-05-07 21:38:04,693 | INFO | ENTRY signal | market=KXBTC15M-26MAY072145-45 action=buy side=no trigger=52c limit=52c qty=1 book_ready=True
2026-05-07 21:38:04,694 | INFO | Execution state | market=KXBTC15M-26MAY072145-45 side=no state=submitting reason=single_shot_abundant_depth trust=synced run_id=d8d413f6-67be-44c2-b32b-d785efe316d0
2026-05-07 21:38:04,756 | INFO | ENTRY immediate fill | market=KXBTC15M-26MAY072145-45 side=no qty=1 limit=52c
2026-05-07 21:38:04,756 | INFO | Execution state | market=KXBTC15M-26MAY072145-45 side=no state=filled reason=single_shot_abundant_depth trust=synced run_id=d8d413f6-67be-44c2-b32b-d785efe316d0
2026-05-07 21:38:07,513 | WARNING | Mushroom v28 BTC tick stream stale. Restarting | age_ms=3016.0 threshold_ms=3000.0 source=coinbase
2026-05-07 21:38:07,816 | INFO | Mushroom v28 BTC tick stream connected | source=coinbase url=wss://ws-feed.exchange.coinbase.com
2026-05-07 21:38:09,826 | INFO | Heartbeat | watch=KXBTC15M-26MAY072145-45 yes_bid=48 yes_ask=50 no_bid=50 no_ask=52 book_ready=True position=True pending=False dry_run=False trust=synced run_id=d8d413f6-67be-44c2-b32b-d785efe316d0
2026-05-07 21:38:10,974 | WARNING | Mushroom v28 BTC tick stream stale. Restarting | age_ms=3047.0 threshold_ms=3000.0 source=coinbase
2026-05-07 21:38:11,184 | INFO | Mushroom v28 BTC tick stream connected | source=coinbase url=wss://ws-feed.exchange.coinbase.com
2026-05-07 21:38:14,282 | WARNING | Mushroom v28 BTC tick stream stale. Restarting | age_ms=3047.0 threshold_ms=3000.0 source=coinbase
2026-05-07 21:38:14,525 | INFO | Mushroom v28 BTC tick stream connected | source=coinbase url=wss://ws-feed.exchange.coinbase.com
2026-05-07 21:38:17,600 | WARNING | Mushroom v28 BTC tick stream stale. Restarting | age_ms=3016.0 threshold_ms=3000.0 source=coinbase
2026-05-07 21:38:18,501 | INFO | Mushroom v28 BTC tick stream connected | source=coinbase url=wss://ws-feed.exchange.coinbase.com
2026-05-07 21:38:21,677 | WARNING | Mushroom v28 BTC tick stream stale. Restarting | age_ms=3063.0 threshold_ms=3000.0 source=coinbase
2026-05-07 21:38:21,926 | INFO | Mushroom v28 BTC tick stream connected | source=coinbase url=wss://ws-feed.exchange.coinbase.com
2026-05-07 21:38:24,836 | INFO | Heartbeat | watch=KXBTC15M-26MAY072145-45 yes_bid=45 yes_ask=46 no_bid=54 no_ask=55 book_ready=True position=True pending=False dry_run=False trust=synced run_id=d8d413f6-67be-44c2-b32b-d785efe316d0
2026-05-07 21:38:24,994 | WARNING | Mushroom v28 BTC tick stream stale. Restarting | age_ms=3031.0 threshold_ms=3000.0 source=coinbase
2026-05-07 21:38:25,316 | INFO | Mushroom v28 BTC tick stream connected | source=coinbase url=wss://ws-feed.exchange.coinbase.com
2026-05-07 21:38:28,592 | WARNING | Mushroom v28 BTC tick stream stale. Restarting | age_ms=3063.0 threshold_ms=3000.0 source=coinbase
2026-05-07 21:38:29,008 | INFO | Mushroom v28 BTC tick stream connected | source=coinbase url=wss://ws-feed.exchange.coinbase.com
2026-05-07 21:38:32,226 | WARNING | Mushroom v28 BTC tick stream stale. Restarting | age_ms=3047.0 threshold_ms=3000.0 source=coinbase
2026-05-07 21:38:32,414 | INFO | Mushroom v28 BTC tick stream connected | source=coinbase url=wss://ws-feed.exchange.coinbase.com
2026-05-07 21:38:35,493 | WARNING | Mushroom v28 BTC tick stream stale. Restarting | age_ms=3031.0 threshold_ms=3000.0 source=coinbase
2026-05-07 21:38:35,880 | INFO | Mushroom v28 BTC tick stream connected | source=coinbase url=wss://ws-feed.exchange.coinbase.com
2026-05-07 21:38:39,195 | WARNING | Mushroom v28 BTC tick stream stale. Restarting | age_ms=3032.0 threshold_ms=3000.0 source=coinbase
2026-05-07 21:38:39,391 | INFO | Mushroom v28 BTC tick stream connected | source=coinbase url=wss://ws-feed.exchange.coinbase.com
2026-05-07 21:38:39,833 | INFO | Heartbeat | watch=KXBTC15M-26MAY072145-45 yes_bid=47 yes_ask=50 no_bid=50 no_ask=53 book_ready=True position=True pending=False dry_run=False trust=synced run_id=d8d413f6-67be-44c2-b32b-d785efe316d0
2026-05-07 21:38:42,525 | WARNING | Mushroom v28 BTC tick stream stale. Restarting | age_ms=3063.0 threshold_ms=3000.0 source=coinbase
2026-05-07 21:38:42,863 | INFO | Mushroom v28 BTC tick stream connected | source=coinbase url=wss://ws-feed.exchange.coinbase.com
2026-05-07 21:38:45,988 | WARNING | Mushroom v28 BTC tick stream stale. Restarting | age_ms=3046.0 threshold_ms=3000.0 source=coinbase
2026-05-07 21:38:47,796 | INFO | Mushroom v28 BTC tick stream connected | source=coinbase url=wss://ws-feed.exchange.coinbase.com
2026-05-07 21:38:51,355 | WARNING | Mushroom v28 BTC tick stream stale. Restarting | age_ms=3063.0 threshold_ms=3000.0 source=coinbase
2026-05-07 21:38:51,716 | INFO | Mushroom v28 BTC tick stream connected | source=coinbase url=wss://ws-feed.exchange.coinbase.com
2026-05-07 21:38:54,762 | WARNING | Mushroom v28 BTC tick stream stale. Restarting | age_ms=3016.0 threshold_ms=3000.0 source=coinbase
2026-05-07 21:38:54,836 | INFO | Heartbeat | watch=KXBTC15M-26MAY072145-45 yes_bid=45 yes_ask=46 no_bid=54 no_ask=55 book_ready=True position=True pending=False dry_run=False trust=synced run_id=d8d413f6-67be-44c2-b32b-d785efe316d0
2026-05-07 21:38:55,004 | INFO | Mushroom v28 BTC tick stream connected | source=coinbase url=wss://ws-feed.exchange.coinbase.com
2026-05-07 21:38:58,078 | WARNING | Mushroom v28 BTC tick stream stale. Restarting | age_ms=3015.0 threshold_ms=3000.0 source=coinbase
2026-05-07 21:38:58,769 | INFO | Mushroom v28 BTC tick stream connected | source=coinbase url=wss://ws-feed.exchange.coinbase.com
2026-05-07 21:39:01,859 | WARNING | Mushroom v28 BTC tick stream stale. Restarting | age_ms=3062.0 threshold_ms=3000.0 source=coinbase
2026-05-07 21:39:02,080 | INFO | Mushroom v28 BTC tick stream connected | source=coinbase url=wss://ws-feed.exchange.coinbase.com
2026-05-07 21:39:05,215 | WARNING | Mushroom v28 BTC tick stream stale. Restarting | age_ms=3031.0 threshold_ms=3000.0 source=coinbase
2026-05-07 21:39:05,779 | INFO | Mushroom v28 BTC tick stream connected | source=coinbase url=wss://ws-feed.exchange.coinbase.com
2026-05-07 21:39:09,067 | WARNING | Mushroom v28 BTC tick stream stale. Restarting | age_ms=3016.0 threshold_ms=3000.0 source=coinbase
2026-05-07 21:39:09,326 | INFO | Mushroom v28 BTC tick stream connected | source=coinbase url=wss://ws-feed.exchange.coinbase.com
2026-05-07 21:39:09,838 | INFO | Heartbeat | watch=KXBTC15M-26MAY072145-45 yes_bid=48 yes_ask=49 no_bid=51 no_ask=52 book_ready=True position=True pending=False dry_run=False trust=synced run_id=d8d413f6-67be-44c2-b32b-d785efe316d0
2026-05-07 21:39:12,483 | WARNING | Mushroom v28 BTC tick stream stale. Restarting | age_ms=3062.0 threshold_ms=3000.0 source=coinbase
2026-05-07 21:39:12,777 | INFO | Mushroom v28 BTC tick stream connected | source=coinbase url=wss://ws-feed.exchange.coinbase.com
2026-05-07 21:39:15,894 | WARNING | Mushroom v28 BTC tick stream stale. Restarting | age_ms=3063.0 threshold_ms=3000.0 source=coinbase
2026-05-07 21:39:16,183 | INFO | Mushroom v28 BTC tick stream connected | source=coinbase url=wss://ws-feed.exchange.coinbase.com
2026-05-07 21:39:19,278 | WARNING | Mushroom v28 BTC tick stream stale. Restarting | age_ms=3016.0 threshold_ms=3000.0 source=coinbase
2026-05-07 21:39:19,497 | INFO | Mushroom v28 BTC tick stream connected | source=coinbase url=wss://ws-feed.exchange.coinbase.com
2026-05-07 21:39:22,627 | WARNING | Mushroom v28 BTC tick stream stale. Restarting | age_ms=3062.0 threshold_ms=3000.0 source=coinbase
2026-05-07 21:39:22,851 | INFO | Mushroom v28 BTC tick stream connected | source=coinbase url=wss://ws-feed.exchange.coinbase.com
2026-05-07 21:39:24,861 | INFO | Heartbeat | watch=KXBTC15M-26MAY072145-45 yes_bid=47 yes_ask=48 no_bid=52 no_ask=53 book_ready=True position=True pending=False dry_run=False trust=synced run_id=d8d413f6-67be-44c2-b32b-d785efe316d0
2026-05-07 21:39:25,940 | WARNING | Mushroom v28 BTC tick stream stale. Restarting | age_ms=3016.0 threshold_ms=3000.0 source=coinbase
2026-05-07 21:39:26,160 | INFO | Mushroom v28 BTC tick stream connected | source=coinbase url=wss://ws-feed.exchange.coinbase.com
2026-05-07 21:39:29,226 | WARNING | Mushroom v28 BTC tick stream stale. Restarting | age_ms=3031.0 threshold_ms=3000.0 source=coinbase
2026-05-07 21:39:29,549 | INFO | Mushroom v28 BTC tick stream connected | source=coinbase url=wss://ws-feed.exchange.coinbase.com
2026-05-07 21:39:32,655 | WARNING | Mushroom v28 BTC tick stream stale. Restarting | age_ms=3015.0 threshold_ms=3000.0 source=coinbase
2026-05-07 21:39:32,878 | INFO | Mushroom v28 BTC tick stream connected | source=coinbase url=wss://ws-feed.exchange.coinbase.com
2026-05-07 21:39:36,028 | WARNING | Mushroom v28 BTC tick stream stale. Restarting | age_ms=3047.0 threshold_ms=3000.0 source=coinbase
2026-05-07 21:39:36,269 | INFO | Mushroom v28 BTC tick stream connected | source=coinbase url=wss://ws-feed.exchange.coinbase.com
2026-05-07 21:39:39,455 | WARNING | Mushroom v28 BTC tick stream stale. Restarting | age_ms=3062.0 threshold_ms=3000.0 source=coinbase
2026-05-07 21:39:39,790 | INFO | Mushroom v28 BTC tick stream connected | source=coinbase url=wss://ws-feed.exchange.coinbase.com
2026-05-07 21:39:39,865 | INFO | Heartbeat | watch=KXBTC15M-26MAY072145-45 yes_bid=68 yes_ask=69 no_bid=31 no_ask=32 book_ready=True position=True pending=False dry_run=False trust=synced run_id=d8d413f6-67be-44c2-b32b-d785efe316d0
2026-05-07 21:39:42,863 | WARNING | Mushroom v28 BTC tick stream stale. Restarting | age_ms=3015.0 threshold_ms=3000.0 source=coinbase
2026-05-07 21:39:43,103 | INFO | Mushroom v28 BTC tick stream connected | source=coinbase url=wss://ws-feed.exchange.coinbase.com
2026-05-07 21:39:46,161 | WARNING | Mushroom v28 BTC tick stream stale. Restarting | age_ms=3015.0 threshold_ms=3000.0 source=coinbase
2026-05-07 21:39:46,352 | INFO | Mushroom v28 BTC tick stream connected | source=coinbase url=wss://ws-feed.exchange.coinbase.com
2026-05-07 21:39:49,481 | WARNING | Mushroom v28 BTC tick stream stale. Restarting | age_ms=3016.0 threshold_ms=3000.0 source=coinbase
2026-05-07 21:39:50,397 | INFO | Mushroom v28 BTC tick stream connected | source=coinbase url=wss://ws-feed.exchange.coinbase.com
2026-05-07 21:39:53,486 | WARNING | Mushroom v28 BTC tick stream stale. Restarting | age_ms=3031.0 threshold_ms=3000.0 source=coinbase
2026-05-07 21:39:53,698 | INFO | Mushroom v28 BTC tick stream connected | source=coinbase url=wss://ws-feed.exchange.coinbase.com
2026-05-07 21:39:54,875 | INFO | Heartbeat | watch=KXBTC15M-26MAY072145-45 yes_bid=83 yes_ask=84 no_bid=16 no_ask=17 book_ready=True position=True pending=False dry_run=False trust=synced run_id=d8d413f6-67be-44c2-b32b-d785efe316d0
2026-05-07 21:39:56,781 | WARNING | Mushroom v28 BTC tick stream stale. Restarting | age_ms=3015.0 threshold_ms=3000.0 source=coinbase
2026-05-07 21:39:57,045 | INFO | Mushroom v28 BTC tick stream connected | source=coinbase url=wss://ws-feed.exchange.coinbase.com
2026-05-07 21:40:00,194 | WARNING | Mushroom v28 BTC tick stream stale. Restarting | age_ms=3016.0 threshold_ms=3000.0 source=coinbase
2026-05-07 21:40:00,506 | INFO | Mushroom v28 BTC tick stream connected | source=coinbase url=wss://ws-feed.exchange.coinbase.com
2026-05-07 21:40:03,570 | WARNING | Mushroom v28 BTC tick stream stale. Restarting | age_ms=3016.0 threshold_ms=3000.0 source=coinbase
2026-05-07 21:40:03,846 | INFO | Mushroom v28 BTC tick stream connected | source=coinbase url=wss://ws-feed.exchange.coinbase.com
2026-05-07 21:40:07,047 | WARNING | Mushroom v28 BTC tick stream stale. Restarting | age_ms=3063.0 threshold_ms=3000.0 source=coinbase
2026-05-07 21:40:07,356 | INFO | Mushroom v28 BTC tick stream connected | source=coinbase url=wss://ws-feed.exchange.coinbase.com
2026-05-07 21:40:09,880 | INFO | Heartbeat | watch=KXBTC15M-26MAY072145-45 yes_bid=86 yes_ask=87 no_bid=13 no_ask=14 book_ready=True position=True pending=False dry_run=False trust=synced run_id=d8d413f6-67be-44c2-b32b-d785efe316d0
2026-05-07 21:40:10,510 | WARNING | Mushroom v28 BTC tick stream stale. Restarting | age_ms=3047.0 threshold_ms=3000.0 source=coinbase
2026-05-07 21:40:10,745 | INFO | Mushroom v28 BTC tick stream connected | source=coinbase url=wss://ws-feed.exchange.coinbase.com
2026-05-07 21:40:13,800 | WARNING | Mushroom v28 BTC tick stream stale. Restarting | age_ms=3031.0 threshold_ms=3000.0 source=coinbase
2026-05-07 21:40:14,003 | INFO | Mushroom v28 BTC tick stream connected | source=coinbase url=wss://ws-feed.exchange.coinbase.com
2026-05-07 21:40:17,108 | WARNING | Mushroom v28 BTC tick stream stale. Restarting | age_ms=3046.0 threshold_ms=3000.0 source=coinbase
2026-05-07 21:40:17,375 | INFO | Mushroom v28 BTC tick stream connected | source=coinbase url=wss://ws-feed.exchange.coinbase.com
2026-05-07 21:40:20,508 | WARNING | Mushroom v28 BTC tick stream stale. Restarting | age_ms=3016.0 threshold_ms=3000.0 source=coinbase
2026-05-07 21:40:20,805 | INFO | Mushroom v28 BTC tick stream connected | source=coinbase url=wss://ws-feed.exchange.coinbase.com
2026-05-07 21:40:23,890 | WARNING | Mushroom v28 BTC tick stream stale. Restarting | age_ms=3016.0 threshold_ms=3000.0 source=coinbase
2026-05-07 21:40:24,070 | INFO | Mushroom v28 BTC tick stream connected | source=coinbase url=wss://ws-feed.exchange.coinbase.com
2026-05-07 21:40:24,876 | INFO | Heartbeat | watch=KXBTC15M-26MAY072145-45 yes_bid=89 yes_ask=90 no_bid=10 no_ask=11 book_ready=True position=True pending=False dry_run=False trust=synced run_id=d8d413f6-67be-44c2-b32b-d785efe316d0
2026-05-07 21:40:27,213 | WARNING | Mushroom v28 BTC tick stream stale. Restarting | age_ms=3062.0 threshold_ms=3000.0 source=coinbase
2026-05-07 21:40:27,650 | INFO | Mushroom v28 BTC tick stream connected | source=coinbase url=wss://ws-feed.exchange.coinbase.com
2026-05-07 21:40:30,729 | WARNING | Mushroom v28 BTC tick stream stale. Restarting | age_ms=3031.0 threshold_ms=3000.0 source=coinbase
2026-05-07 21:40:31,229 | INFO | Mushroom v28 BTC tick stream connected | source=coinbase url=wss://ws-feed.exchange.coinbase.com
2026-05-07 21:40:34,347 | WARNING | Mushroom v28 BTC tick stream stale. Restarting | age_ms=3047.0 threshold_ms=3000.0 source=coinbase
2026-05-07 21:40:34,582 | INFO | Mushroom v28 BTC tick stream connected | source=coinbase url=wss://ws-feed.exchange.coinbase.com
2026-05-07 21:40:37,771 | WARNING | Mushroom v28 BTC tick stream stale. Restarting | age_ms=3032.0 threshold_ms=3000.0 source=coinbase
2026-05-07 21:40:38,160 | INFO | Mushroom v28 BTC tick stream connected | source=coinbase url=wss://ws-feed.exchange.coinbase.com
2026-05-07 21:40:39,910 | INFO | Heartbeat | watch=KXBTC15M-26MAY072145-45 yes_bid=92 yes_ask=93 no_bid=7 no_ask=8 book_ready=True position=True pending=False dry_run=False trust=synced run_id=d8d413f6-67be-44c2-b32b-d785efe316d0
2026-05-07 21:40:41,285 | WARNING | Mushroom v28 BTC tick stream stale. Restarting | age_ms=3047.0 threshold_ms=3000.0 source=coinbase
2026-05-07 21:40:41,569 | INFO | Mushroom v28 BTC tick stream connected | source=coinbase url=wss://ws-feed.exchange.coinbase.com
2026-05-07 21:40:44,701 | WARNING | Mushroom v28 BTC tick stream stale. Restarting | age_ms=3032.0 threshold_ms=3000.0 source=coinbase
2026-05-07 21:40:44,941 | INFO | Mushroom v28 BTC tick stream connected | source=coinbase url=wss://ws-feed.exchange.coinbase.com
2026-05-07 21:40:48,062 | WARNING | Mushroom v28 BTC tick stream stale. Restarting | age_ms=3016.0 threshold_ms=3000.0 source=coinbase
2026-05-07 21:40:48,279 | INFO | Mushroom v28 BTC tick stream connected | source=coinbase url=wss://ws-feed.exchange.coinbase.com
2026-05-07 21:40:51,348 | WARNING | Mushroom v28 BTC tick stream stale. Restarting | age_ms=3047.0 threshold_ms=3000.0 source=coinbase
2026-05-07 21:40:51,677 | INFO | Mushroom v28 BTC tick stream connected | source=coinbase url=wss://ws-feed.exchange.coinbase.com
2026-05-07 21:40:54,821 | WARNING | Mushroom v28 BTC tick stream stale. Restarting | age_ms=3016.0 threshold_ms=3000.0 source=coinbase
2026-05-07 21:40:54,916 | INFO | Heartbeat | watch=KXBTC15M-26MAY072145-45 yes_bid=92 yes_ask=94 no_bid=6 no_ask=8 book_ready=True position=True pending=False dry_run=False trust=synced run_id=d8d413f6-67be-44c2-b32b-d785efe316d0
2026-05-07 21:40:55,199 | INFO | Mushroom v28 BTC tick stream connected | source=coinbase url=wss://ws-feed.exchange.coinbase.com
2026-05-07 21:40:58,323 | WARNING | Mushroom v28 BTC tick stream stale. Restarting | age_ms=3063.0 threshold_ms=3000.0 source=coinbase
2026-05-07 21:40:58,810 | INFO | Mushroom v28 BTC tick stream connected | source=coinbase url=wss://ws-feed.exchange.coinbase.com
2026-05-07 21:41:01,964 | WARNING | Mushroom v28 BTC tick stream stale. Restarting | age_ms=3031.0 threshold_ms=3000.0 source=coinbase
2026-05-07 21:41:02,234 | INFO | Mushroom v28 BTC tick stream connected | source=coinbase url=wss://ws-feed.exchange.coinbase.com
2026-05-07 21:41:05,321 | WARNING | Mushroom v28 BTC tick stream stale. Restarting | age_ms=3032.0 threshold_ms=3000.0 source=coinbase
2026-05-07 21:41:05,552 | INFO | Mushroom v28 BTC tick stream connected | source=coinbase url=wss://ws-feed.exchange.coinbase.com
2026-05-07 21:41:08,667 | WARNING | Mushroom v28 BTC tick stream stale. Restarting | age_ms=3031.0 threshold_ms=3000.0 source=coinbase
2026-05-07 21:41:09,202 | INFO | Mushroom v28 BTC tick stream connected | source=coinbase url=wss://ws-feed.exchange.coinbase.com
2026-05-07 21:41:09,912 | INFO | Heartbeat | watch=KXBTC15M-26MAY072145-45 yes_bid=93 yes_ask=93 no_bid=7 no_ask=7 book_ready=True position=True pending=False dry_run=False trust=synced run_id=d8d413f6-67be-44c2-b32b-d785efe316d0
2026-05-07 21:41:12,287 | WARNING | Mushroom v28 BTC tick stream stale. Restarting | age_ms=3015.0 threshold_ms=3000.0 source=coinbase
2026-05-07 21:41:12,508 | INFO | Mushroom v28 BTC tick stream connected | source=coinbase url=wss://ws-feed.exchange.coinbase.com
2026-05-07 21:41:15,674 | WARNING | Mushroom v28 BTC tick stream stale. Restarting | age_ms=3063.0 threshold_ms=3000.0 source=coinbase
2026-05-07 21:41:15,883 | INFO | Mushroom v28 BTC tick stream connected | source=coinbase url=wss://ws-feed.exchange.coinbase.com
2026-05-07 21:41:19,035 | WARNING | Mushroom v28 BTC tick stream stale. Restarting | age_ms=3062.0 threshold_ms=3000.0 source=coinbase
2026-05-07 21:41:19,386 | INFO | Mushroom v28 BTC tick stream connected | source=coinbase url=wss://ws-feed.exchange.coinbase.com
2026-05-07 21:41:22,581 | WARNING | Mushroom v28 BTC tick stream stale. Restarting | age_ms=3031.0 threshold_ms=3000.0 source=coinbase
2026-05-07 21:41:22,846 | INFO | Mushroom v28 BTC tick stream connected | source=coinbase url=wss://ws-feed.exchange.coinbase.com
2026-05-07 21:41:24,924 | INFO | Heartbeat | watch=KXBTC15M-26MAY072145-45 yes_bid=96 yes_ask=96 no_bid=4 no_ask=4 book_ready=True position=True pending=False dry_run=False trust=synced run_id=d8d413f6-67be-44c2-b32b-d785efe316d0
2026-05-07 21:41:25,963 | WARNING | Mushroom v28 BTC tick stream stale. Restarting | age_ms=3015.0 threshold_ms=3000.0 source=coinbase
2026-05-07 21:41:26,288 | INFO | Mushroom v28 BTC tick stream connected | source=coinbase url=wss://ws-feed.exchange.coinbase.com
2026-05-07 21:41:29,357 | WARNING | Mushroom v28 BTC tick stream stale. Restarting | age_ms=3016.0 threshold_ms=3000.0 source=coinbase
2026-05-07 21:41:29,970 | INFO | Mushroom v28 BTC tick stream connected | source=coinbase url=wss://ws-feed.exchange.coinbase.com
2026-05-07 21:41:33,103 | WARNING | Mushroom v28 BTC tick stream stale. Restarting | age_ms=3031.0 threshold_ms=3000.0 source=coinbase
2026-05-07 21:41:33,451 | INFO | Mushroom v28 BTC tick stream connected | source=coinbase url=wss://ws-feed.exchange.coinbase.com
2026-05-07 21:41:36,570 | WARNING | Mushroom v28 BTC tick stream stale. Restarting | age_ms=3016.0 threshold_ms=3000.0 source=coinbase
2026-05-07 21:41:36,793 | INFO | Mushroom v28 BTC tick stream connected | source=coinbase url=wss://ws-feed.exchange.coinbase.com
2026-05-07 21:41:39,967 | INFO | Heartbeat | watch=KXBTC15M-26MAY072145-45 yes_bid=87 yes_ask=88 no_bid=12 no_ask=13 book_ready=True position=True pending=False dry_run=False trust=synced run_id=d8d413f6-67be-44c2-b32b-d785efe316d0
2026-05-07 21:41:40,073 | WARNING | Mushroom v28 BTC tick stream stale. Restarting | age_ms=3032.0 threshold_ms=3000.0 source=coinbase
2026-05-07 21:41:40,298 | INFO | Mushroom v28 BTC tick stream connected | source=coinbase url=wss://ws-feed.exchange.coinbase.com
2026-05-07 21:41:43,438 | WARNING | Mushroom v28 BTC tick stream stale. Restarting | age_ms=3047.0 threshold_ms=3000.0 source=coinbase
2026-05-07 21:41:43,664 | INFO | Mushroom v28 BTC tick stream connected | source=coinbase url=wss://ws-feed.exchange.coinbase.com
2026-05-07 21:41:46,744 | WARNING | Mushroom v28 BTC tick stream stale. Restarting | age_ms=3015.0 threshold_ms=3000.0 source=coinbase
2026-05-07 21:41:46,972 | INFO | Mushroom v28 BTC tick stream connected | source=coinbase url=wss://ws-feed.exchange.coinbase.com
2026-05-07 21:41:50,090 | WARNING | Mushroom v28 BTC tick stream stale. Restarting | age_ms=3062.0 threshold_ms=3000.0 source=coinbase
2026-05-07 21:41:50,769 | INFO | Mushroom v28 BTC tick stream connected | source=coinbase url=wss://ws-feed.exchange.coinbase.com
2026-05-07 21:41:53,996 | WARNING | Mushroom v28 BTC tick stream stale. Restarting | age_ms=3015.0 threshold_ms=3000.0 source=coinbase
2026-05-07 21:41:54,210 | INFO | Mushroom v28 BTC tick stream connected | source=coinbase url=wss://ws-feed.exchange.coinbase.com
2026-05-07 21:41:54,954 | INFO | Heartbeat | watch=KXBTC15M-26MAY072145-45 yes_bid=83 yes_ask=84 no_bid=16 no_ask=17 book_ready=True position=True pending=False dry_run=False trust=synced run_id=d8d413f6-67be-44c2-b32b-d785efe316d0
2026-05-07 21:41:57,329 | WARNING | Mushroom v28 BTC tick stream stale. Restarting | age_ms=3015.0 threshold_ms=3000.0 source=coinbase
2026-05-07 21:41:57,520 | INFO | Mushroom v28 BTC tick stream connected | source=coinbase url=wss://ws-feed.exchange.coinbase.com
2026-05-07 21:42:00,668 | WARNING | Mushroom v28 BTC tick stream stale. Restarting | age_ms=3047.0 threshold_ms=3000.0 source=coinbase
2026-05-07 21:42:01,083 | INFO | Mushroom v28 BTC tick stream connected | source=coinbase url=wss://ws-feed.exchange.coinbase.com
2026-05-07 21:42:03,431 | INFO | EXIT signal | market=KXBTC15M-26MAY072145-45 action=sell side=no trigger=14c limit=14c qty=1 book_ready=True mode=single_shot_ioc slices=1 attempt=0
2026-05-07 21:42:03,432 | INFO | Latency | purpose=exit feed_age_ms=1278.0 local_reaction_ms=1031.0 trigger_seen_at=2026-05-08T01:42:03.432299+00:00 market_msg_time=2026-05-08T01:42:02.15425Z
2026-05-07 21:42:03,432 | INFO | Exit plan approved | market=KXBTC15M-26MAY072145-45 side=no trigger=14c limit=14c top_bid=14 depth=446.07 required=1 book_age_ms=110.0 secs_to_close=177.59 reason=mushroom_v28_exit_value_over_hold_single_shot_visible_depth mode=single_shot_ioc attempt=0
2026-05-07 21:42:04,361 | WARNING | Mushroom v28 BTC tick stream stale. Restarting | age_ms=3031.0 threshold_ms=3000.0 source=coinbase
2026-05-07 21:42:04,966 | INFO | Mushroom v28 BTC tick stream connected | source=coinbase url=wss://ws-feed.exchange.coinbase.com
2026-05-07 21:42:08,513 | WARNING | Mushroom v28 BTC tick stream stale. Restarting | age_ms=3031.0 threshold_ms=3000.0 source=coinbase
2026-05-07 21:42:08,763 | INFO | Mushroom v28 BTC tick stream connected | source=coinbase url=wss://ws-feed.exchange.coinbase.com
2026-05-07 21:42:10,002 | INFO | Heartbeat | watch=KXBTC15M-26MAY072145-45 yes_bid=89 yes_ask=90 no_bid=10 no_ask=11 book_ready=True position=True pending=False dry_run=False trust=synced run_id=d8d413f6-67be-44c2-b32b-d785efe316d0
2026-05-07 21:42:11,888 | WARNING | Mushroom v28 BTC tick stream stale. Restarting | age_ms=3047.0 threshold_ms=3000.0 source=coinbase
2026-05-07 21:42:12,146 | INFO | Mushroom v28 BTC tick stream connected | source=coinbase url=wss://ws-feed.exchange.coinbase.com
2026-05-07 21:42:15,670 | WARNING | Mushroom v28 BTC tick stream stale. Restarting | age_ms=3031.0 threshold_ms=3000.0 source=coinbase
2026-05-07 21:42:15,878 | INFO | Mushroom v28 BTC tick stream connected | source=coinbase url=wss://ws-feed.exchange.coinbase.com
2026-05-07 21:42:19,001 | WARNING | Mushroom v28 BTC tick stream stale. Restarting | age_ms=3062.0 threshold_ms=3000.0 source=coinbase
2026-05-07 21:42:19,516 | INFO | Mushroom v28 BTC tick stream connected | source=coinbase url=wss://ws-feed.exchange.coinbase.com
2026-05-07 21:42:22,653 | WARNING | Mushroom v28 BTC tick stream stale. Restarting | age_ms=3016.0 threshold_ms=3000.0 source=coinbase
2026-05-07 21:42:22,902 | INFO | Mushroom v28 BTC tick stream connected | source=coinbase url=wss://ws-feed.exchange.coinbase.com
2026-05-07 21:42:25,030 | INFO | Heartbeat | watch=KXBTC15M-26MAY072145-45 yes_bid=93 yes_ask=94 no_bid=6 no_ask=7 book_ready=True position=True pending=False dry_run=False trust=synced run_id=d8d413f6-67be-44c2-b32b-d785efe316d0
2026-05-07 21:42:26,017 | WARNING | Mushroom v28 BTC tick stream stale. Restarting | age_ms=3032.0 threshold_ms=3000.0 source=coinbase
2026-05-07 21:42:26,263 | INFO | Mushroom v28 BTC tick stream connected | source=coinbase url=wss://ws-feed.exchange.coinbase.com
2026-05-07 21:42:29,392 | WARNING | Mushroom v28 BTC tick stream stale. Restarting | age_ms=3047.0 threshold_ms=3000.0 source=coinbase
2026-05-07 21:42:29,638 | INFO | Mushroom v28 BTC tick stream connected | source=coinbase url=wss://ws-feed.exchange.coinbase.com
2026-05-07 21:42:32,709 | WARNING | Mushroom v28 BTC tick stream stale. Restarting | age_ms=3031.0 threshold_ms=3000.0 source=coinbase
2026-05-07 21:42:32,969 | INFO | Mushroom v28 BTC tick stream connected | source=coinbase url=wss://ws-feed.exchange.coinbase.com
2026-05-07 21:42:36,114 | WARNING | Mushroom v28 BTC tick stream stale. Restarting | age_ms=3031.0 threshold_ms=3000.0 source=coinbase
2026-05-07 21:42:36,401 | INFO | Mushroom v28 BTC tick stream connected | source=coinbase url=wss://ws-feed.exchange.coinbase.com
2026-05-07 21:42:39,563 | WARNING | Mushroom v28 BTC tick stream stale. Restarting | age_ms=3047.0 threshold_ms=3000.0 source=coinbase
2026-05-07 21:42:39,759 | INFO | Mushroom v28 BTC tick stream connected | source=coinbase url=wss://ws-feed.exchange.coinbase.com
2026-05-07 21:42:40,058 | INFO | Heartbeat | watch=KXBTC15M-26MAY072145-45 yes_bid=94 yes_ask=95 no_bid=5 no_ask=6 book_ready=True position=True pending=False dry_run=False trust=synced run_id=d8d413f6-67be-44c2-b32b-d785efe316d0
2026-05-07 21:42:42,856 | WARNING | Mushroom v28 BTC tick stream stale. Restarting | age_ms=3016.0 threshold_ms=3000.0 source=coinbase
2026-05-07 21:42:43,128 | INFO | Mushroom v28 BTC tick stream connected | source=coinbase url=wss://ws-feed.exchange.coinbase.com
2026-05-07 21:42:46,281 | WARNING | Mushroom v28 BTC tick stream stale. Restarting | age_ms=3032.0 threshold_ms=3000.0 source=coinbase
2026-05-07 21:42:46,546 | INFO | Mushroom v28 BTC tick stream connected | source=coinbase url=wss://ws-feed.exchange.coinbase.com
2026-05-07 21:42:49,671 | WARNING | Mushroom v28 BTC tick stream stale. Restarting | age_ms=3047.0 threshold_ms=3000.0 source=coinbase
2026-05-07 21:42:50,133 | INFO | Mushroom v28 BTC tick stream connected | source=coinbase url=wss://ws-feed.exchange.coinbase.com
2026-05-07 21:42:53,464 | WARNING | Mushroom v28 BTC tick stream stale. Restarting | age_ms=3031.0 threshold_ms=3000.0 source=coinbase
2026-05-07 21:42:53,721 | INFO | Mushroom v28 BTC tick stream connected | source=coinbase url=wss://ws-feed.exchange.coinbase.com
2026-05-07 21:42:55,051 | INFO | Heartbeat | watch=KXBTC15M-26MAY072145-45 yes_bid=97 yes_ask=98 no_bid=2 no_ask=3 book_ready=True position=True pending=False dry_run=False trust=synced run_id=d8d413f6-67be-44c2-b32b-d785efe316d0
2026-05-07 21:42:56,810 | WARNING | Mushroom v28 BTC tick stream stale. Restarting | age_ms=3031.0 threshold_ms=3000.0 source=coinbase
2026-05-07 21:42:57,269 | INFO | Mushroom v28 BTC tick stream connected | source=coinbase url=wss://ws-feed.exchange.coinbase.com
2026-05-07 21:43:00,463 | WARNING | Mushroom v28 BTC tick stream stale. Restarting | age_ms=3031.0 threshold_ms=3000.0 source=coinbase
2026-05-07 21:43:00,769 | INFO | Mushroom v28 BTC tick stream connected | source=coinbase url=wss://ws-feed.exchange.coinbase.com
2026-05-07 21:43:03,871 | WARNING | Mushroom v28 BTC tick stream stale. Restarting | age_ms=3031.0 threshold_ms=3000.0 source=coinbase
2026-05-07 21:43:04,083 | INFO | Mushroom v28 BTC tick stream connected | source=coinbase url=wss://ws-feed.exchange.coinbase.com
2026-05-07 21:43:07,236 | WARNING | Mushroom v28 BTC tick stream stale. Restarting | age_ms=3062.0 threshold_ms=3000.0 source=coinbase
2026-05-07 21:43:07,570 | INFO | Mushroom v28 BTC tick stream connected | source=coinbase url=wss://ws-feed.exchange.coinbase.com
2026-05-07 21:43:10,057 | INFO | Heartbeat | watch=KXBTC15M-26MAY072145-45 yes_bid=98 yes_ask=99 no_bid=1 no_ask=2 book_ready=True position=True pending=False dry_run=False trust=synced run_id=d8d413f6-67be-44c2-b32b-d785efe316d0
2026-05-07 21:43:10,722 | WARNING | Mushroom v28 BTC tick stream stale. Restarting | age_ms=3031.0 threshold_ms=3000.0 source=coinbase
2026-05-07 21:43:10,951 | INFO | Mushroom v28 BTC tick stream connected | source=coinbase url=wss://ws-feed.exchange.coinbase.com
2026-05-07 21:43:14,049 | WARNING | Mushroom v28 BTC tick stream stale. Restarting | age_ms=3031.0 threshold_ms=3000.0 source=coinbase
2026-05-07 21:43:14,303 | INFO | Mushroom v28 BTC tick stream connected | source=coinbase url=wss://ws-feed.exchange.coinbase.com
2026-05-07 21:43:17,451 | WARNING | Mushroom v28 BTC tick stream stale. Restarting | age_ms=3047.0 threshold_ms=3000.0 source=coinbase
2026-05-07 21:43:17,707 | INFO | Mushroom v28 BTC tick stream connected | source=coinbase url=wss://ws-feed.exchange.coinbase.com
2026-05-07 21:43:20,924 | WARNING | Mushroom v28 BTC tick stream stale. Restarting | age_ms=3047.0 threshold_ms=3000.0 source=coinbase
2026-05-07 21:43:21,114 | INFO | Mushroom v28 BTC tick stream connected | source=coinbase url=wss://ws-feed.exchange.coinbase.com
2026-05-07 21:43:24,269 | WARNING | Mushroom v28 BTC tick stream stale. Restarting | age_ms=3047.0 threshold_ms=3000.0 source=coinbase
2026-05-07 21:43:24,658 | INFO | Mushroom v28 BTC tick stream connected | source=coinbase url=wss://ws-feed.exchange.coinbase.com
2026-05-07 21:43:25,110 | INFO | Heartbeat | watch=KXBTC15M-26MAY072145-45 yes_bid=99 yes_ask=99 no_bid=1 no_ask=1 book_ready=True position=True pending=False dry_run=False trust=synced run_id=d8d413f6-67be-44c2-b32b-d785efe316d0
2026-05-07 21:43:27,882 | WARNING | Mushroom v28 BTC tick stream stale. Restarting | age_ms=3047.0 threshold_ms=3000.0 source=coinbase
2026-05-07 21:43:28,166 | INFO | Mushroom v28 BTC tick stream connected | source=coinbase url=wss://ws-feed.exchange.coinbase.com
2026-05-07 21:43:31,264 | WARNING | Mushroom v28 BTC tick stream stale. Restarting | age_ms=3016.0 threshold_ms=3000.0 source=coinbase
2026-05-07 21:43:31,472 | INFO | Mushroom v28 BTC tick stream connected | source=coinbase url=wss://ws-feed.exchange.coinbase.com
2026-05-07 21:43:34,599 | WARNING | Mushroom v28 BTC tick stream stale. Restarting | age_ms=3063.0 threshold_ms=3000.0 source=coinbase
2026-05-07 21:43:34,816 | INFO | Mushroom v28 BTC tick stream connected | source=coinbase url=wss://ws-feed.exchange.coinbase.com
2026-05-07 21:43:37,981 | WARNING | Mushroom v28 BTC tick stream stale. Restarting | age_ms=3047.0 threshold_ms=3000.0 source=coinbase
2026-05-07 21:43:38,160 | INFO | Mushroom v28 BTC tick stream connected | source=coinbase url=wss://ws-feed.exchange.coinbase.com
2026-05-07 21:43:40,106 | INFO | Heartbeat | watch=KXBTC15M-26MAY072145-45 yes_bid=99 yes_ask=99 no_bid=1 no_ask=1 book_ready=True position=True pending=False dry_run=False trust=synced run_id=d8d413f6-67be-44c2-b32b-d785efe316d0
2026-05-07 21:43:41,222 | WARNING | Mushroom v28 BTC tick stream stale. Restarting | age_ms=3047.0 threshold_ms=3000.0 source=coinbase
2026-05-07 21:43:41,419 | INFO | Mushroom v28 BTC tick stream connected | source=coinbase url=wss://ws-feed.exchange.coinbase.com
2026-05-07 21:43:44,502 | WARNING | Mushroom v28 BTC tick stream stale. Restarting | age_ms=3031.0 threshold_ms=3000.0 source=coinbase
2026-05-07 21:43:44,695 | INFO | Mushroom v28 BTC tick stream connected | source=coinbase url=wss://ws-feed.exchange.coinbase.com
2026-05-07 21:43:47,955 | WARNING | Mushroom v28 BTC tick stream stale. Restarting | age_ms=3062.0 threshold_ms=3000.0 source=coinbase
2026-05-07 21:43:48,163 | INFO | Mushroom v28 BTC tick stream connected | source=coinbase url=wss://ws-feed.exchange.coinbase.com
2026-05-07 21:43:51,263 | WARNING | Mushroom v28 BTC tick stream stale. Restarting | age_ms=3031.0 threshold_ms=3000.0 source=coinbase
2026-05-07 21:43:51,462 | INFO | Mushroom v28 BTC tick stream connected | source=coinbase url=wss://ws-feed.exchange.coinbase.com
2026-05-07 21:43:54,625 | WARNING | Mushroom v28 BTC tick stream stale. Restarting | age_ms=3062.0 threshold_ms=3000.0 source=coinbase
2026-05-07 21:43:54,815 | INFO | Mushroom v28 BTC tick stream connected | source=coinbase url=wss://ws-feed.exchange.coinbase.com
2026-05-07 21:43:55,097 | INFO | Heartbeat | watch=KXBTC15M-26MAY072145-45 yes_bid=98 yes_ask=99 no_bid=1 no_ask=2 book_ready=True position=True pending=False dry_run=False trust=synced run_id=d8d413f6-67be-44c2-b32b-d785efe316d0
2026-05-07 21:43:57,871 | WARNING | Mushroom v28 BTC tick stream stale. Restarting | age_ms=3015.0 threshold_ms=3000.0 source=coinbase
2026-05-07 21:43:58,136 | INFO | Mushroom v28 BTC tick stream connected | source=coinbase url=wss://ws-feed.exchange.coinbase.com
2026-05-07 21:44:01,419 | WARNING | Mushroom v28 BTC tick stream stale. Restarting | age_ms=3031.0 threshold_ms=3000.0 source=coinbase
2026-05-07 21:44:01,612 | INFO | Mushroom v28 BTC tick stream connected | source=coinbase url=wss://ws-feed.exchange.coinbase.com
2026-05-07 21:44:04,670 | WARNING | Mushroom v28 BTC tick stream stale. Restarting | age_ms=3015.0 threshold_ms=3000.0 source=coinbase
2026-05-07 21:44:04,880 | INFO | Mushroom v28 BTC tick stream connected | source=coinbase url=wss://ws-feed.exchange.coinbase.com
2026-05-07 21:44:08,021 | WARNING | Mushroom v28 BTC tick stream stale. Restarting | age_ms=3032.0 threshold_ms=3000.0 source=coinbase
2026-05-07 21:44:08,225 | INFO | Mushroom v28 BTC tick stream connected | source=coinbase url=wss://ws-feed.exchange.coinbase.com
2026-05-07 21:44:10,156 | INFO | Heartbeat | watch=KXBTC15M-26MAY072145-45 yes_bid=99 yes_ask=100 no_bid=0 no_ask=1 book_ready=True position=True pending=False dry_run=False trust=synced run_id=d8d413f6-67be-44c2-b32b-d785efe316d0
2026-05-07 21:44:11,320 | WARNING | Mushroom v28 BTC tick stream stale. Restarting | age_ms=3047.0 threshold_ms=3000.0 source=coinbase
2026-05-07 21:44:11,508 | INFO | Mushroom v28 BTC tick stream connected | source=coinbase url=wss://ws-feed.exchange.coinbase.com
2026-05-07 21:44:14,601 | WARNING | Mushroom v28 BTC tick stream stale. Restarting | age_ms=3047.0 threshold_ms=3000.0 source=coinbase
2026-05-07 21:44:14,785 | INFO | Mushroom v28 BTC tick stream connected | source=coinbase url=wss://ws-feed.exchange.coinbase.com
2026-05-07 21:44:17,932 | WARNING | Mushroom v28 BTC tick stream stale. Restarting | age_ms=3031.0 threshold_ms=3000.0 source=coinbase
2026-05-07 21:44:18,126 | INFO | Mushroom v28 BTC tick stream connected | source=coinbase url=wss://ws-feed.exchange.coinbase.com
2026-05-07 21:44:21,206 | WARNING | Mushroom v28 BTC tick stream stale. Restarting | age_ms=3031.0 threshold_ms=3000.0 source=coinbase
2026-05-07 21:44:21,403 | INFO | Mushroom v28 BTC tick stream connected | source=coinbase url=wss://ws-feed.exchange.coinbase.com
2026-05-07 21:44:24,494 | WARNING | Mushroom v28 BTC tick stream stale. Restarting | age_ms=3046.0 threshold_ms=3000.0 source=coinbase
2026-05-07 21:44:24,668 | INFO | Mushroom v28 BTC tick stream connected | source=coinbase url=wss://ws-feed.exchange.coinbase.com
2026-05-07 21:44:25,195 | INFO | Heartbeat | watch=KXBTC15M-26MAY072145-45 yes_bid=100 yes_ask=100 no_bid=0 no_ask=0 book_ready=True position=True pending=False dry_run=False trust=synced run_id=d8d413f6-67be-44c2-b32b-d785efe316d0
2026-05-07 21:44:27,773 | WARNING | Mushroom v28 BTC tick stream stale. Restarting | age_ms=3032.0 threshold_ms=3000.0 source=coinbase
2026-05-07 21:44:27,950 | INFO | Mushroom v28 BTC tick stream connected | source=coinbase url=wss://ws-feed.exchange.coinbase.com
2026-05-07 21:44:31,120 | WARNING | Mushroom v28 BTC tick stream stale. Restarting | age_ms=3046.0 threshold_ms=3000.0 source=coinbase
2026-05-07 21:44:31,300 | INFO | Mushroom v28 BTC tick stream connected | source=coinbase url=wss://ws-feed.exchange.coinbase.com
2026-05-07 21:44:34,504 | WARNING | Mushroom v28 BTC tick stream stale. Restarting | age_ms=3031.0 threshold_ms=3000.0 source=coinbase
2026-05-07 21:44:34,739 | INFO | Mushroom v28 BTC tick stream connected | source=coinbase url=wss://ws-feed.exchange.coinbase.com
2026-05-07 21:44:37,816 | WARNING | Mushroom v28 BTC tick stream stale. Restarting | age_ms=3032.0 threshold_ms=3000.0 source=coinbase
2026-05-07 21:44:38,004 | INFO | Mushroom v28 BTC tick stream connected | source=coinbase url=wss://ws-feed.exchange.coinbase.com
2026-05-07 21:44:40,215 | INFO | Heartbeat | watch=KXBTC15M-26MAY072145-45 yes_bid=100 yes_ask=100 no_bid=0 no_ask=0 book_ready=True position=True pending=False dry_run=False trust=synced run_id=d8d413f6-67be-44c2-b32b-d785efe316d0
2026-05-07 21:44:41,065 | WARNING | Mushroom v28 BTC tick stream stale. Restarting | age_ms=3032.0 threshold_ms=3000.0 source=coinbase
2026-05-07 21:44:41,248 | INFO | Mushroom v28 BTC tick stream connected | source=coinbase url=wss://ws-feed.exchange.coinbase.com
2026-05-07 21:44:44,376 | WARNING | Mushroom v28 BTC tick stream stale. Restarting | age_ms=3015.0 threshold_ms=3000.0 source=coinbase
2026-05-07 21:44:44,570 | INFO | Mushroom v28 BTC tick stream connected | source=coinbase url=wss://ws-feed.exchange.coinbase.com
2026-05-07 21:44:47,657 | WARNING | Mushroom v28 BTC tick stream stale. Restarting | age_ms=3016.0 threshold_ms=3000.0 source=coinbase
2026-05-07 21:44:47,855 | INFO | Mushroom v28 BTC tick stream connected | source=coinbase url=wss://ws-feed.exchange.coinbase.com
2026-05-07 21:44:50,966 | WARNING | Mushroom v28 BTC tick stream stale. Restarting | age_ms=3047.0 threshold_ms=3000.0 source=coinbase
2026-05-07 21:44:51,171 | INFO | Mushroom v28 BTC tick stream connected | source=coinbase url=wss://ws-feed.exchange.coinbase.com
2026-05-07 21:44:54,318 | WARNING | Mushroom v28 BTC tick stream stale. Restarting | age_ms=3063.0 threshold_ms=3000.0 source=coinbase
2026-05-07 21:44:54,508 | INFO | Mushroom v28 BTC tick stream connected | source=coinbase url=wss://ws-feed.exchange.coinbase.com
2026-05-07 21:44:55,265 | INFO | Heartbeat | watch=KXBTC15M-26MAY072145-45 yes_bid=100 yes_ask=100 no_bid=0 no_ask=0 book_ready=True position=True pending=False dry_run=False trust=synced run_id=d8d413f6-67be-44c2-b32b-d785efe316d0
2026-05-07 21:44:57,554 | WARNING | Mushroom v28 BTC tick stream stale. Restarting | age_ms=3016.0 threshold_ms=3000.0 source=coinbase
2026-05-07 21:44:57,746 | INFO | Mushroom v28 BTC tick stream connected | source=coinbase url=wss://ws-feed.exchange.coinbase.com
2026-05-07 21:45:00,902 | WARNING | Mushroom v28 BTC tick stream stale. Restarting | age_ms=3047.0 threshold_ms=3000.0 source=coinbase
2026-05-07 21:45:01,084 | INFO | Mushroom v28 BTC tick stream connected | source=coinbase url=wss://ws-feed.exchange.coinbase.com
2026-05-07 21:45:04,151 | WARNING | Mushroom v28 BTC tick stream stale. Restarting | age_ms=3032.0 threshold_ms=3000.0 source=coinbase
2026-05-07 21:45:04,371 | INFO | Mushroom v28 BTC tick stream connected | source=coinbase url=wss://ws-feed.exchange.coinbase.com
2026-05-07 21:45:05,132 | WARNING | Closed market KXBTC15M-26MAY072145-45 still reports a nonzero live account position, but the market is already past the settlement grace window. Clearing position state and advancing anyway.
2026-05-07 21:45:05,203 | INFO | Watching market KXBTC15M-26MAY072145-45 close_time=2026-05-08T01:45:00Z status=closed strike=79718.40 run_id=d8d413f6-67be-44c2-b32b-d785efe316d0
2026-05-07 21:45:05,428 | INFO | WS connected for KXBTC15M-26MAY072145-45
2026-05-07 21:45:05,458 | INFO | WS subscribed payload: {'type': 'subscribed', 'id': 6, 'msg': {'channel': 'ticker', 'sid': 1}}
2026-05-07 21:45:05,459 | INFO | WS subscribed payload: {'type': 'subscribed', 'id': 6, 'msg': {'channel': 'orderbook_delta', 'sid': 2}}
2026-05-07 21:45:05,460 | INFO | Orderbook snapshot ready for KXBTC15M-26MAY072145-45
2026-05-07 21:45:06,920 | INFO | Orderbook snapshot ready for KXBTC15M-26MAY072145-45
2026-05-07 21:45:07,462 | WARNING | Mushroom v28 BTC tick stream stale. Restarting | age_ms=3015.0 threshold_ms=3000.0 source=coinbase
2026-05-07 21:45:08,315 | INFO | Mushroom v28 BTC tick stream connected | source=coinbase url=wss://ws-feed.exchange.coinbase.com
2026-05-07 21:45:10,257 | INFO | Heartbeat | watch=KXBTC15M-26MAY072145-45 yes_bid=None yes_ask=None no_bid=None no_ask=None book_ready=True position=False pending=False dry_run=False trust=synced run_id=d8d413f6-67be-44c2-b32b-d785efe316d0
2026-05-07 21:45:11,505 | WARNING | Mushroom v28 BTC tick stream stale. Restarting | age_ms=3031.0 threshold_ms=3000.0 source=coinbase
2026-05-07 21:45:11,696 | INFO | Mushroom v28 BTC tick stream connected | source=coinbase url=wss://ws-feed.exchange.coinbase.com
2026-05-07 21:45:14,812 | WARNING | Mushroom v28 BTC tick stream stale. Restarting | age_ms=3016.0 threshold_ms=3000.0 source=coinbase
2026-05-07 21:45:15,043 | INFO | Mushroom v28 BTC tick stream connected | source=coinbase url=wss://ws-feed.exchange.coinbase.com
2026-05-07 21:45:15,300 | INFO | Watching market KXBTC15M-26MAY072200-00 close_time=2026-05-08T02:00:00Z status=active strike=79778.73 run_id=d8d413f6-67be-44c2-b32b-d785efe316d0
2026-05-07 21:45:15,490 | INFO | WS connected for KXBTC15M-26MAY072200-00
2026-05-07 21:45:15,517 | INFO | WS subscribed payload: {'type': 'subscribed', 'id': 7, 'msg': {'channel': 'ticker', 'sid': 1}}
2026-05-07 21:45:15,518 | INFO | WS subscribed payload: {'type': 'subscribed', 'id': 7, 'msg': {'channel': 'orderbook_delta', 'sid': 2}}
2026-05-07 21:45:15,520 | INFO | Orderbook snapshot ready for KXBTC15M-26MAY072200-00
2026-05-07 21:45:18,184 | WARNING | Mushroom v28 BTC tick stream stale. Restarting | age_ms=3031.0 threshold_ms=3000.0 source=coinbase
2026-05-07 21:45:18,377 | INFO | Mushroom v28 BTC tick stream connected | source=coinbase url=wss://ws-feed.exchange.coinbase.com
2026-05-07 21:45:21,487 | WARNING | Mushroom v28 BTC tick stream stale. Restarting | age_ms=3015.0 threshold_ms=3000.0 source=coinbase
2026-05-07 21:45:21,672 | INFO | Mushroom v28 BTC tick stream connected | source=coinbase url=wss://ws-feed.exchange.coinbase.com
2026-05-07 21:45:24,821 | WARNING | Mushroom v28 BTC tick stream stale. Restarting | age_ms=3047.0 threshold_ms=3000.0 source=coinbase
2026-05-07 21:45:25,043 | INFO | Mushroom v28 BTC tick stream connected | source=coinbase url=wss://ws-feed.exchange.coinbase.com
2026-05-07 21:45:25,255 | INFO | Heartbeat | watch=KXBTC15M-26MAY072200-00 yes_bid=44 yes_ask=45 no_bid=55 no_ask=56 book_ready=True position=False pending=False dry_run=False trust=synced run_id=d8d413f6-67be-44c2-b32b-d785efe316d0
2026-05-07 21:45:28,110 | WARNING | Mushroom v28 BTC tick stream stale. Restarting | age_ms=3031.0 threshold_ms=3000.0 source=coinbase
2026-05-07 21:45:28,410 | INFO | Mushroom v28 BTC tick stream connected | source=coinbase url=wss://ws-feed.exchange.coinbase.com
2026-05-07 21:45:31,624 | WARNING | Mushroom v28 BTC tick stream stale. Restarting | age_ms=3125.0 threshold_ms=3000.0 source=coinbase
2026-05-07 21:45:31,839 | INFO | Mushroom v28 BTC tick stream connected | source=coinbase url=wss://ws-feed.exchange.coinbase.com
2026-05-07 21:45:34,987 | WARNING | Mushroom v28 BTC tick stream stale. Restarting | age_ms=3031.0 threshold_ms=3000.0 source=coinbase
2026-05-07 21:45:35,209 | INFO | Mushroom v28 BTC tick stream connected | source=coinbase url=wss://ws-feed.exchange.coinbase.com
2026-05-07 21:45:38,277 | WARNING | Mushroom v28 BTC tick stream stale. Restarting | age_ms=3032.0 threshold_ms=3000.0 source=coinbase
2026-05-07 21:45:38,461 | INFO | Mushroom v28 BTC tick stream connected | source=coinbase url=wss://ws-feed.exchange.coinbase.com
2026-05-07 21:45:40,269 | INFO | Heartbeat | watch=KXBTC15M-26MAY072200-00 yes_bid=46 yes_ask=47 no_bid=53 no_ask=54 book_ready=True position=False pending=False dry_run=False trust=synced run_id=d8d413f6-67be-44c2-b32b-d785efe316d0
2026-05-07 21:45:41,693 | WARNING | Mushroom v28 BTC tick stream stale. Restarting | age_ms=3016.0 threshold_ms=3000.0 source=coinbase
2026-05-07 21:45:41,893 | INFO | Mushroom v28 BTC tick stream connected | source=coinbase url=wss://ws-feed.exchange.coinbase.com
2026-05-07 21:45:44,961 | WARNING | Mushroom v28 BTC tick stream stale. Restarting | age_ms=3015.0 threshold_ms=3000.0 source=coinbase
2026-05-07 21:45:45,163 | INFO | Mushroom v28 BTC tick stream connected | source=coinbase url=wss://ws-feed.exchange.coinbase.com
2026-05-07 21:45:48,289 | WARNING | Mushroom v28 BTC tick stream stale. Restarting | age_ms=3047.0 threshold_ms=3000.0 source=coinbase
2026-05-07 21:45:48,469 | INFO | Mushroom v28 BTC tick stream connected | source=coinbase url=wss://ws-feed.exchange.coinbase.com
2026-05-07 21:45:51,585 | WARNING | Mushroom v28 BTC tick stream stale. Restarting | age_ms=3031.0 threshold_ms=3000.0 source=coinbase
2026-05-07 21:45:51,770 | INFO | Mushroom v28 BTC tick stream connected | source=coinbase url=wss://ws-feed.exchange.coinbase.com
2026-05-07 21:45:54,909 | WARNING | Mushroom v28 BTC tick stream stale. Restarting | age_ms=3062.0 threshold_ms=3000.0 source=coinbase
2026-05-07 21:45:55,106 | INFO | Mushroom v28 BTC tick stream connected | source=coinbase url=wss://ws-feed.exchange.coinbase.com
2026-05-07 21:45:55,286 | INFO | Heartbeat | watch=KXBTC15M-26MAY072200-00 yes_bid=47 yes_ask=48 no_bid=52 no_ask=53 book_ready=True position=False pending=False dry_run=False trust=synced run_id=d8d413f6-67be-44c2-b32b-d785efe316d0
2026-05-07 21:45:58,189 | WARNING | Mushroom v28 BTC tick stream stale. Restarting | age_ms=3031.0 threshold_ms=3000.0 source=coinbase
2026-05-07 21:45:58,373 | INFO | Mushroom v28 BTC tick stream connected | source=coinbase url=wss://ws-feed.exchange.coinbase.com
2026-05-07 21:46:01,500 | WARNING | Mushroom v28 BTC tick stream stale. Restarting | age_ms=3031.0 threshold_ms=3000.0 source=coinbase
2026-05-07 21:46:01,676 | INFO | Mushroom v28 BTC tick stream connected | source=coinbase url=wss://ws-feed.exchange.coinbase.com
2026-05-07 21:46:04,830 | WARNING | Mushroom v28 BTC tick stream stale. Restarting | age_ms=3062.0 threshold_ms=3000.0 source=coinbase
2026-05-07 21:46:05,014 | INFO | Mushroom v28 BTC tick stream connected | source=coinbase url=wss://ws-feed.exchange.coinbase.com
2026-05-07 21:46:08,055 | WARNING | Mushroom v28 BTC tick stream stale. Restarting | age_ms=3016.0 threshold_ms=3000.0 source=coinbase
2026-05-07 21:46:08,335 | INFO | Mushroom v28 BTC tick stream connected | source=coinbase url=wss://ws-feed.exchange.coinbase.com
2026-05-07 21:46:10,306 | INFO | Heartbeat | watch=KXBTC15M-26MAY072200-00 yes_bid=46 yes_ask=47 no_bid=53 no_ask=54 book_ready=True position=False pending=False dry_run=False trust=synced run_id=d8d413f6-67be-44c2-b32b-d785efe316d0
2026-05-07 21:46:11,426 | WARNING | Mushroom v28 BTC tick stream stale. Restarting | age_ms=3031.0 threshold_ms=3000.0 source=coinbase
2026-05-07 21:46:11,622 | INFO | Mushroom v28 BTC tick stream connected | source=coinbase url=wss://ws-feed.exchange.coinbase.com
2026-05-07 21:46:14,771 | WARNING | Mushroom v28 BTC tick stream stale. Restarting | age_ms=3047.0 threshold_ms=3000.0 source=coinbase
2026-05-07 21:46:14,992 | INFO | Mushroom v28 BTC tick stream connected | source=coinbase url=wss://ws-feed.exchange.coinbase.com
2026-05-07 21:46:18,117 | WARNING | Mushroom v28 BTC tick stream stale. Restarting | age_ms=3062.0 threshold_ms=3000.0 source=coinbase
2026-05-07 21:46:18,310 | INFO | Mushroom v28 BTC tick stream connected | source=coinbase url=wss://ws-feed.exchange.coinbase.com
2026-05-07 21:46:21,376 | WARNING | Mushroom v28 BTC tick stream stale. Restarting | age_ms=3031.0 threshold_ms=3000.0 source=coinbase
2026-05-07 21:46:21,598 | INFO | Mushroom v28 BTC tick stream connected | source=coinbase url=wss://ws-feed.exchange.coinbase.com
2026-05-07 21:46:24,675 | WARNING | Mushroom v28 BTC tick stream stale. Restarting | age_ms=3016.0 threshold_ms=3000.0 source=coinbase
2026-05-07 21:46:24,868 | INFO | Mushroom v28 BTC tick stream connected | source=coinbase url=wss://ws-feed.exchange.coinbase.com
2026-05-07 21:46:25,307 | INFO | Heartbeat | watch=KXBTC15M-26MAY072200-00 yes_bid=50 yes_ask=51 no_bid=49 no_ask=50 book_ready=True position=False pending=False dry_run=False trust=synced run_id=d8d413f6-67be-44c2-b32b-d785efe316d0
2026-05-07 21:46:28,010 | WARNING | Mushroom v28 BTC tick stream stale. Restarting | age_ms=3031.0 threshold_ms=3000.0 source=coinbase
2026-05-07 21:46:28,208 | INFO | Mushroom v28 BTC tick stream connected | source=coinbase url=wss://ws-feed.exchange.coinbase.com
2026-05-07 21:46:31,326 | WARNING | Mushroom v28 BTC tick stream stale. Restarting | age_ms=3047.0 threshold_ms=3000.0 source=coinbase
2026-05-07 21:46:31,531 | INFO | Mushroom v28 BTC tick stream connected | source=coinbase url=wss://ws-feed.exchange.coinbase.com
2026-05-07 21:46:34,591 | WARNING | Mushroom v28 BTC tick stream stale. Restarting | age_ms=3015.0 threshold_ms=3000.0 source=coinbase
2026-05-07 21:46:34,813 | INFO | Mushroom v28 BTC tick stream connected | source=coinbase url=wss://ws-feed.exchange.coinbase.com
2026-05-07 21:46:37,886 | WARNING | Mushroom v28 BTC tick stream stale. Restarting | age_ms=3047.0 threshold_ms=3000.0 source=coinbase
2026-05-07 21:46:38,098 | INFO | Mushroom v28 BTC tick stream connected | source=coinbase url=wss://ws-feed.exchange.coinbase.com
2026-05-07 21:46:40,338 | INFO | Heartbeat | watch=KXBTC15M-26MAY072200-00 yes_bid=49 yes_ask=50 no_bid=50 no_ask=51 book_ready=True position=False pending=False dry_run=False trust=synced run_id=d8d413f6-67be-44c2-b32b-d785efe316d0
2026-05-07 21:46:41,177 | WARNING | Mushroom v28 BTC tick stream stale. Restarting | age_ms=3031.0 threshold_ms=3000.0 source=coinbase
2026-05-07 21:46:41,368 | INFO | Mushroom v28 BTC tick stream connected | source=coinbase url=wss://ws-feed.exchange.coinbase.com
2026-05-07 21:46:44,509 | WARNING | Mushroom v28 BTC tick stream stale. Restarting | age_ms=3031.0 threshold_ms=3000.0 source=coinbase
2026-05-07 21:46:44,699 | INFO | Mushroom v28 BTC tick stream connected | source=coinbase url=wss://ws-feed.exchange.coinbase.com
2026-05-07 21:46:47,835 | WARNING | Mushroom v28 BTC tick stream stale. Restarting | age_ms=3047.0 threshold_ms=3000.0 source=coinbase
2026-05-07 21:46:48,042 | INFO | Mushroom v28 BTC tick stream connected | source=coinbase url=wss://ws-feed.exchange.coinbase.com
2026-05-07 21:46:51,146 | WARNING | Mushroom v28 BTC tick stream stale. Restarting | age_ms=3016.0 threshold_ms=3000.0 source=coinbase
2026-05-07 21:46:51,340 | INFO | Mushroom v28 BTC tick stream connected | source=coinbase url=wss://ws-feed.exchange.coinbase.com
2026-05-07 21:46:54,508 | WARNING | Mushroom v28 BTC tick stream stale. Restarting | age_ms=3031.0 threshold_ms=3000.0 source=coinbase
2026-05-07 21:46:54,730 | INFO | Mushroom v28 BTC tick stream connected | source=coinbase url=wss://ws-feed.exchange.coinbase.com
2026-05-07 21:46:55,385 | INFO | Heartbeat | watch=KXBTC15M-26MAY072200-00 yes_bid=53 yes_ask=54 no_bid=46 no_ask=47 book_ready=True position=False pending=False dry_run=False trust=synced run_id=d8d413f6-67be-44c2-b32b-d785efe316d0
2026-05-07 21:46:57,784 | WARNING | Mushroom v28 BTC tick stream stale. Restarting | age_ms=3047.0 threshold_ms=3000.0 source=coinbase
2026-05-07 21:46:57,965 | INFO | Mushroom v28 BTC tick stream connected | source=coinbase url=wss://ws-feed.exchange.coinbase.com
2026-05-07 21:47:01,083 | WARNING | Mushroom v28 BTC tick stream stale. Restarting | age_ms=3015.0 threshold_ms=3000.0 source=coinbase
2026-05-07 21:47:01,268 | INFO | Mushroom v28 BTC tick stream connected | source=coinbase url=wss://ws-feed.exchange.coinbase.com
2026-05-07 21:47:04,398 | WARNING | Mushroom v28 BTC tick stream stale. Restarting | age_ms=3032.0 threshold_ms=3000.0 source=coinbase
2026-05-07 21:47:04,590 | INFO | Mushroom v28 BTC tick stream connected | source=coinbase url=wss://ws-feed.exchange.coinbase.com
2026-05-07 21:47:07,643 | WARNING | Mushroom v28 BTC tick stream stale. Restarting | age_ms=3047.0 threshold_ms=3000.0 source=coinbase
2026-05-07 21:47:07,842 | INFO | Mushroom v28 BTC tick stream connected | source=coinbase url=wss://ws-feed.exchange.coinbase.com
2026-05-07 21:47:10,398 | INFO | Heartbeat | watch=KXBTC15M-26MAY072200-00 yes_bid=50 yes_ask=51 no_bid=49 no_ask=50 book_ready=True position=False pending=False dry_run=False trust=synced run_id=d8d413f6-67be-44c2-b32b-d785efe316d0
2026-05-07 21:47:10,913 | WARNING | Mushroom v28 BTC tick stream stale. Restarting | age_ms=3015.0 threshold_ms=3000.0 source=coinbase
2026-05-07 21:47:11,126 | INFO | Mushroom v28 BTC tick stream connected | source=coinbase url=wss://ws-feed.exchange.coinbase.com
2026-05-07 21:47:14,254 | WARNING | Mushroom v28 BTC tick stream stale. Restarting | age_ms=3047.0 threshold_ms=3000.0 source=coinbase
2026-05-07 21:47:14,460 | INFO | Mushroom v28 BTC tick stream connected | source=coinbase url=wss://ws-feed.exchange.coinbase.com
2026-05-07 21:47:17,643 | WARNING | Mushroom v28 BTC tick stream stale. Restarting | age_ms=3032.0 threshold_ms=3000.0 source=coinbase
2026-05-07 21:47:17,835 | INFO | Mushroom v28 BTC tick stream connected | source=coinbase url=wss://ws-feed.exchange.coinbase.com
2026-05-07 21:47:20,900 | WARNING | Mushroom v28 BTC tick stream stale. Restarting | age_ms=3032.0 threshold_ms=3000.0 source=coinbase
2026-05-07 21:47:21,101 | INFO | Mushroom v28 BTC tick stream connected | source=coinbase url=wss://ws-feed.exchange.coinbase.com
2026-05-07 21:47:24,170 | WARNING | Mushroom v28 BTC tick stream stale. Restarting | age_ms=3031.0 threshold_ms=3000.0 source=coinbase
2026-05-07 21:47:24,441 | INFO | Mushroom v28 BTC tick stream connected | source=coinbase url=wss://ws-feed.exchange.coinbase.com
2026-05-07 21:47:25,412 | INFO | Heartbeat | watch=KXBTC15M-26MAY072200-00 yes_bid=43 yes_ask=44 no_bid=56 no_ask=57 book_ready=True position=False pending=False dry_run=False trust=synced run_id=d8d413f6-67be-44c2-b32b-d785efe316d0
2026-05-07 21:47:27,490 | WARNING | Mushroom v28 BTC tick stream stale. Restarting | age_ms=3031.0 threshold_ms=3000.0 source=coinbase
2026-05-07 21:47:27,706 | INFO | Mushroom v28 BTC tick stream connected | source=coinbase url=wss://ws-feed.exchange.coinbase.com
2026-05-07 21:47:30,801 | WARNING | Mushroom v28 BTC tick stream stale. Restarting | age_ms=3016.0 threshold_ms=3000.0 source=coinbase
2026-05-07 21:47:31,002 | INFO | Mushroom v28 BTC tick stream connected | source=coinbase url=wss://ws-feed.exchange.coinbase.com
2026-05-07 21:47:34,085 | WARNING | Mushroom v28 BTC tick stream stale. Restarting | age_ms=3047.0 threshold_ms=3000.0 source=coinbase
2026-05-07 21:47:34,274 | INFO | Mushroom v28 BTC tick stream connected | source=coinbase url=wss://ws-feed.exchange.coinbase.com
2026-05-07 21:47:37,321 | WARNING | Mushroom v28 BTC tick stream stale. Restarting | age_ms=3016.0 threshold_ms=3000.0 source=coinbase
2026-05-07 21:47:37,512 | INFO | Mushroom v28 BTC tick stream connected | source=coinbase url=wss://ws-feed.exchange.coinbase.com
2026-05-07 21:47:40,443 | INFO | Heartbeat | watch=KXBTC15M-26MAY072200-00 yes_bid=39 yes_ask=40 no_bid=60 no_ask=61 book_ready=True position=False pending=False dry_run=False trust=synced run_id=d8d413f6-67be-44c2-b32b-d785efe316d0
2026-05-07 21:47:40,613 | WARNING | Mushroom v28 BTC tick stream stale. Restarting | age_ms=3031.0 threshold_ms=3000.0 source=coinbase
2026-05-07 21:47:40,823 | INFO | Mushroom v28 BTC tick stream connected | source=coinbase url=wss://ws-feed.exchange.coinbase.com
2026-05-07 21:47:43,893 | WARNING | Mushroom v28 BTC tick stream stale. Restarting | age_ms=3031.0 threshold_ms=3000.0 source=coinbase
2026-05-07 21:47:44,122 | INFO | Mushroom v28 BTC tick stream connected | source=coinbase url=wss://ws-feed.exchange.coinbase.com
2026-05-07 21:47:47,251 | WARNING | Mushroom v28 BTC tick stream stale. Restarting | age_ms=3062.0 threshold_ms=3000.0 source=coinbase
2026-05-07 21:47:47,446 | INFO | Mushroom v28 BTC tick stream connected | source=coinbase url=wss://ws-feed.exchange.coinbase.com
2026-05-07 21:47:50,673 | WARNING | Mushroom v28 BTC tick stream stale. Restarting | age_ms=3125.0 threshold_ms=3000.0 source=coinbase
2026-05-07 21:47:50,870 | INFO | Mushroom v28 BTC tick stream connected | source=coinbase url=wss://ws-feed.exchange.coinbase.com
2026-05-07 21:47:53,916 | WARNING | Mushroom v28 BTC tick stream stale. Restarting | age_ms=3015.0 threshold_ms=3000.0 source=coinbase
2026-05-07 21:47:54,307 | INFO | Mushroom v28 BTC tick stream connected | source=coinbase url=wss://ws-feed.exchange.coinbase.com
2026-05-07 21:47:55,440 | INFO | Heartbeat | watch=KXBTC15M-26MAY072200-00 yes_bid=40 yes_ask=41 no_bid=59 no_ask=60 book_ready=True position=False pending=False dry_run=False trust=synced run_id=d8d413f6-67be-44c2-b32b-d785efe316d0
2026-05-07 21:47:57,403 | WARNING | Mushroom v28 BTC tick stream stale. Restarting | age_ms=3047.0 threshold_ms=3000.0 source=coinbase
2026-05-07 21:47:57,598 | INFO | Mushroom v28 BTC tick stream connected | source=coinbase url=wss://ws-feed.exchange.coinbase.com
2026-05-07 21:48:00,759 | WARNING | Mushroom v28 BTC tick stream stale. Restarting | age_ms=3094.0 threshold_ms=3000.0 source=coinbase
2026-05-07 21:48:01,071 | INFO | Mushroom v28 BTC tick stream connected | source=coinbase url=wss://ws-feed.exchange.coinbase.com
2026-05-07 21:48:04,195 | WARNING | Mushroom v28 BTC tick stream stale. Restarting | age_ms=3032.0 threshold_ms=3000.0 source=coinbase
2026-05-07 21:48:04,562 | INFO | Mushroom v28 BTC tick stream connected | source=coinbase url=wss://ws-feed.exchange.coinbase.com
2026-05-07 21:48:07,666 | WARNING | Mushroom v28 BTC tick stream stale. Restarting | age_ms=3047.0 threshold_ms=3000.0 source=coinbase
2026-05-07 21:48:08,009 | INFO | Mushroom v28 BTC tick stream connected | source=coinbase url=wss://ws-feed.exchange.coinbase.com
2026-05-07 21:48:10,460 | INFO | Heartbeat | watch=KXBTC15M-26MAY072200-00 yes_bid=42 yes_ask=43 no_bid=57 no_ask=58 book_ready=True position=False pending=False dry_run=False trust=synced run_id=d8d413f6-67be-44c2-b32b-d785efe316d0
2026-05-07 21:48:11,109 | WARNING | Mushroom v28 BTC tick stream stale. Restarting | age_ms=3047.0 threshold_ms=3000.0 source=coinbase
2026-05-07 21:48:11,360 | INFO | Mushroom v28 BTC tick stream connected | source=coinbase url=wss://ws-feed.exchange.coinbase.com
2026-05-07 21:48:14,396 | WARNING | Mushroom v28 BTC tick stream stale. Restarting | age_ms=3016.0 threshold_ms=3000.0 source=coinbase
2026-05-07 21:48:14,677 | INFO | Mushroom v28 BTC tick stream connected | source=coinbase url=wss://ws-feed.exchange.coinbase.com
2026-05-07 21:48:17,789 | WARNING | Mushroom v28 BTC tick stream stale. Restarting | age_ms=3047.0 threshold_ms=3000.0 source=coinbase
2026-05-07 21:48:17,996 | INFO | Mushroom v28 BTC tick stream connected | source=coinbase url=wss://ws-feed.exchange.coinbase.com
2026-05-07 21:48:21,069 | WARNING | Mushroom v28 BTC tick stream stale. Restarting | age_ms=3047.0 threshold_ms=3000.0 source=coinbase
2026-05-07 21:48:21,275 | INFO | Mushroom v28 BTC tick stream connected | source=coinbase url=wss://ws-feed.exchange.coinbase.com
2026-05-07 21:48:24,445 | WARNING | Mushroom v28 BTC tick stream stale. Restarting | age_ms=3047.0 threshold_ms=3000.0 source=coinbase
2026-05-07 21:48:24,649 | INFO | Mushroom v28 BTC tick stream connected | source=coinbase url=wss://ws-feed.exchange.coinbase.com
2026-05-07 21:48:25,469 | INFO | Heartbeat | watch=KXBTC15M-26MAY072200-00 yes_bid=45 yes_ask=46 no_bid=54 no_ask=55 book_ready=True position=False pending=False dry_run=False trust=synced run_id=d8d413f6-67be-44c2-b32b-d785efe316d0
2026-05-07 21:48:27,776 | WARNING | Mushroom v28 BTC tick stream stale. Restarting | age_ms=3032.0 threshold_ms=3000.0 source=coinbase
2026-05-07 21:48:27,976 | INFO | Mushroom v28 BTC tick stream connected | source=coinbase url=wss://ws-feed.exchange.coinbase.com
2026-05-07 21:48:31,114 | WARNING | Mushroom v28 BTC tick stream stale. Restarting | age_ms=3062.0 threshold_ms=3000.0 source=coinbase
2026-05-07 21:48:31,336 | INFO | Mushroom v28 BTC tick stream connected | source=coinbase url=wss://ws-feed.exchange.coinbase.com
2026-05-07 21:48:34,532 | WARNING | Mushroom v28 BTC tick stream stale. Restarting | age_ms=3094.0 threshold_ms=3000.0 source=coinbase
2026-05-07 21:48:34,723 | INFO | Mushroom v28 BTC tick stream connected | source=coinbase url=wss://ws-feed.exchange.coinbase.com
2026-05-07 21:48:37,869 | WARNING | Mushroom v28 BTC tick stream stale. Restarting | age_ms=3031.0 threshold_ms=3000.0 source=coinbase
2026-05-07 21:48:38,067 | INFO | Mushroom v28 BTC tick stream connected | source=coinbase url=wss://ws-feed.exchange.coinbase.com
2026-05-07 21:48:40,595 | INFO | Heartbeat | watch=KXBTC15M-26MAY072200-00 yes_bid=48 yes_ask=49 no_bid=51 no_ask=52 book_ready=True position=False pending=False dry_run=False trust=synced run_id=d8d413f6-67be-44c2-b32b-d785efe316d0
2026-05-07 21:48:41,209 | WARNING | Mushroom v28 BTC tick stream stale. Restarting | age_ms=3031.0 threshold_ms=3000.0 source=coinbase
2026-05-07 21:48:41,384 | INFO | Mushroom v28 BTC tick stream connected | source=coinbase url=wss://ws-feed.exchange.coinbase.com
2026-05-07 21:48:44,517 | WARNING | Mushroom v28 BTC tick stream stale. Restarting | age_ms=3031.0 threshold_ms=3000.0 source=coinbase
2026-05-07 21:48:44,729 | INFO | Mushroom v28 BTC tick stream connected | source=coinbase url=wss://ws-feed.exchange.coinbase.com
2026-05-07 21:48:47,790 | WARNING | Mushroom v28 BTC tick stream stale. Restarting | age_ms=3015.0 threshold_ms=3000.0 source=coinbase
2026-05-07 21:48:47,960 | INFO | Mushroom v28 BTC tick stream connected | source=coinbase url=wss://ws-feed.exchange.coinbase.com
2026-05-07 21:48:51,080 | WARNING | Mushroom v28 BTC tick stream stale. Restarting | age_ms=3016.0 threshold_ms=3000.0 source=coinbase
2026-05-07 21:48:51,316 | INFO | Mushroom v28 BTC tick stream connected | source=coinbase url=wss://ws-feed.exchange.coinbase.com
2026-05-07 21:48:54,414 | WARNING | Mushroom v28 BTC tick stream stale. Restarting | age_ms=3015.0 threshold_ms=3000.0 source=coinbase
2026-05-07 21:48:54,594 | INFO | Mushroom v28 BTC tick stream connected | source=coinbase url=wss://ws-feed.exchange.coinbase.com
2026-05-07 21:48:55,623 | INFO | Heartbeat | watch=KXBTC15M-26MAY072200-00 yes_bid=46 yes_ask=47 no_bid=53 no_ask=54 book_ready=True position=False pending=False dry_run=False trust=synced run_id=d8d413f6-67be-44c2-b32b-d785efe316d0
2026-05-07 21:48:57,711 | WARNING | Mushroom v28 BTC tick stream stale. Restarting | age_ms=3047.0 threshold_ms=3000.0 source=coinbase
2026-05-07 21:48:57,894 | INFO | Mushroom v28 BTC tick stream connected | source=coinbase url=wss://ws-feed.exchange.coinbase.com
2026-05-07 21:49:01,033 | WARNING | Mushroom v28 BTC tick stream stale. Restarting | age_ms=3078.0 threshold_ms=3000.0 source=coinbase
2026-05-07 21:49:01,225 | INFO | Mushroom v28 BTC tick stream connected | source=coinbase url=wss://ws-feed.exchange.coinbase.com
2026-05-07 21:49:04,307 | WARNING | Mushroom v28 BTC tick stream stale. Restarting | age_ms=3031.0 threshold_ms=3000.0 source=coinbase
2026-05-07 21:49:04,500 | INFO | Mushroom v28 BTC tick stream connected | source=coinbase url=wss://ws-feed.exchange.coinbase.com
2026-05-07 21:49:07,723 | WARNING | Mushroom v28 BTC tick stream stale. Restarting | age_ms=3063.0 threshold_ms=3000.0 source=coinbase
2026-05-07 21:49:07,933 | INFO | Mushroom v28 BTC tick stream connected | source=coinbase url=wss://ws-feed.exchange.coinbase.com
2026-05-07 21:49:10,625 | INFO | Heartbeat | watch=KXBTC15M-26MAY072200-00 yes_bid=45 yes_ask=46 no_bid=54 no_ask=55 book_ready=True position=False pending=False dry_run=False trust=synced run_id=d8d413f6-67be-44c2-b32b-d785efe316d0
2026-05-07 21:49:11,075 | WARNING | Mushroom v28 BTC tick stream stale. Restarting | age_ms=3032.0 threshold_ms=3000.0 source=coinbase
2026-05-07 21:49:11,282 | INFO | Mushroom v28 BTC tick stream connected | source=coinbase url=wss://ws-feed.exchange.coinbase.com
2026-05-07 21:49:14,426 | WARNING | Mushroom v28 BTC tick stream stale. Restarting | age_ms=3016.0 threshold_ms=3000.0 source=coinbase
2026-05-07 21:49:14,659 | INFO | Mushroom v28 BTC tick stream connected | source=coinbase url=wss://ws-feed.exchange.coinbase.com
2026-05-07 21:49:17,835 | WARNING | Mushroom v28 BTC tick stream stale. Restarting | age_ms=3062.0 threshold_ms=3000.0 source=coinbase
2026-05-07 21:49:18,043 | INFO | Mushroom v28 BTC tick stream connected | source=coinbase url=wss://ws-feed.exchange.coinbase.com
2026-05-07 21:49:21,120 | WARNING | Mushroom v28 BTC tick stream stale. Restarting | age_ms=3031.0 threshold_ms=3000.0 source=coinbase
2026-05-07 21:49:21,305 | INFO | Mushroom v28 BTC tick stream connected | source=coinbase url=wss://ws-feed.exchange.coinbase.com
2026-05-07 21:49:24,366 | WARNING | Mushroom v28 BTC tick stream stale. Restarting | age_ms=3015.0 threshold_ms=3000.0 source=coinbase
2026-05-07 21:49:24,547 | INFO | Mushroom v28 BTC tick stream connected | source=coinbase url=wss://ws-feed.exchange.coinbase.com
2026-05-07 21:49:25,654 | INFO | Heartbeat | watch=KXBTC15M-26MAY072200-00 yes_bid=47 yes_ask=49 no_bid=51 no_ask=53 book_ready=True position=False pending=False dry_run=False trust=synced run_id=d8d413f6-67be-44c2-b32b-d785efe316d0
2026-05-07 21:49:27,599 | WARNING | Mushroom v28 BTC tick stream stale. Restarting | age_ms=3031.0 threshold_ms=3000.0 source=coinbase
2026-05-07 21:49:27,788 | INFO | Mushroom v28 BTC tick stream connected | source=coinbase url=wss://ws-feed.exchange.coinbase.com
2026-05-07 21:49:30,875 | WARNING | Mushroom v28 BTC tick stream stale. Restarting | age_ms=3015.0 threshold_ms=3000.0 source=coinbase
2026-05-07 21:49:31,190 | INFO | Mushroom v28 BTC tick stream connected | source=coinbase url=wss://ws-feed.exchange.coinbase.com
2026-05-07 21:49:34,238 | WARNING | Mushroom v28 BTC tick stream stale. Restarting | age_ms=3031.0 threshold_ms=3000.0 source=coinbase
2026-05-07 21:49:34,452 | INFO | Mushroom v28 BTC tick stream connected | source=coinbase url=wss://ws-feed.exchange.coinbase.com
2026-05-07 21:49:37,559 | WARNING | Mushroom v28 BTC tick stream stale. Restarting | age_ms=3016.0 threshold_ms=3000.0 source=coinbase
2026-05-07 21:49:37,760 | INFO | Mushroom v28 BTC tick stream connected | source=coinbase url=wss://ws-feed.exchange.coinbase.com
2026-05-07 21:49:40,668 | INFO | Heartbeat | watch=KXBTC15M-26MAY072200-00 yes_bid=42 yes_ask=43 no_bid=57 no_ask=58 book_ready=True position=False pending=False dry_run=False trust=synced run_id=d8d413f6-67be-44c2-b32b-d785efe316d0
2026-05-07 21:49:40,995 | WARNING | Mushroom v28 BTC tick stream stale. Restarting | age_ms=3140.0 threshold_ms=3000.0 source=coinbase
2026-05-07 21:49:41,179 | INFO | Mushroom v28 BTC tick stream connected | source=coinbase url=wss://ws-feed.exchange.coinbase.com
2026-05-07 21:49:44,292 | WARNING | Mushroom v28 BTC tick stream stale. Restarting | age_ms=3047.0 threshold_ms=3000.0 source=coinbase
2026-05-07 21:49:44,511 | INFO | Mushroom v28 BTC tick stream connected | source=coinbase url=wss://ws-feed.exchange.coinbase.com
2026-05-07 21:49:47,631 | WARNING | Mushroom v28 BTC tick stream stale. Restarting | age_ms=3016.0 threshold_ms=3000.0 source=coinbase
2026-05-07 21:49:47,841 | INFO | Mushroom v28 BTC tick stream connected | source=coinbase url=wss://ws-feed.exchange.coinbase.com
2026-05-07 21:49:50,929 | WARNING | Mushroom v28 BTC tick stream stale. Restarting | age_ms=3047.0 threshold_ms=3000.0 source=coinbase
2026-05-07 21:49:51,133 | INFO | Mushroom v28 BTC tick stream connected | source=coinbase url=wss://ws-feed.exchange.coinbase.com
2026-05-07 21:49:54,205 | WARNING | Mushroom v28 BTC tick stream stale. Restarting | age_ms=3032.0 threshold_ms=3000.0 source=coinbase
2026-05-07 21:49:54,394 | INFO | Mushroom v28 BTC tick stream connected | source=coinbase url=wss://ws-feed.exchange.coinbase.com
2026-05-07 21:49:55,669 | INFO | Heartbeat | watch=KXBTC15M-26MAY072200-00 yes_bid=38 yes_ask=39 no_bid=61 no_ask=62 book_ready=True position=False pending=False dry_run=False trust=synced run_id=d8d413f6-67be-44c2-b32b-d785efe316d0
2026-05-07 21:49:57,504 | WARNING | Mushroom v28 BTC tick stream stale. Restarting | age_ms=3062.0 threshold_ms=3000.0 source=coinbase
2026-05-07 21:49:57,688 | INFO | Mushroom v28 BTC tick stream connected | source=coinbase url=wss://ws-feed.exchange.coinbase.com
2026-05-07 21:50:00,992 | WARNING | Mushroom v28 BTC tick stream stale. Restarting | age_ms=3062.0 threshold_ms=3000.0 source=coinbase
2026-05-07 21:50:01,214 | INFO | Mushroom v28 BTC tick stream connected | source=coinbase url=wss://ws-feed.exchange.coinbase.com
2026-05-07 21:50:04,365 | WARNING | Mushroom v28 BTC tick stream stale. Restarting | age_ms=3093.0 threshold_ms=3000.0 source=coinbase
2026-05-07 21:50:04,592 | INFO | Mushroom v28 BTC tick stream connected | source=coinbase url=wss://ws-feed.exchange.coinbase.com
2026-05-07 21:50:07,633 | WARNING | Mushroom v28 BTC tick stream stale. Restarting | age_ms=3016.0 threshold_ms=3000.0 source=coinbase
2026-05-07 21:50:07,877 | INFO | Mushroom v28 BTC tick stream connected | source=coinbase url=wss://ws-feed.exchange.coinbase.com
2026-05-07 21:50:10,696 | INFO | Heartbeat | watch=KXBTC15M-26MAY072200-00 yes_bid=39 yes_ask=40 no_bid=60 no_ask=61 book_ready=True position=False pending=False dry_run=False trust=synced run_id=d8d413f6-67be-44c2-b32b-d785efe316d0
2026-05-07 21:50:11,000 | WARNING | Mushroom v28 BTC tick stream stale. Restarting | age_ms=3046.0 threshold_ms=3000.0 source=coinbase
2026-05-07 21:50:11,234 | INFO | Mushroom v28 BTC tick stream connected | source=coinbase url=wss://ws-feed.exchange.coinbase.com
2026-05-07 21:50:14,342 | WARNING | Mushroom v28 BTC tick stream stale. Restarting | age_ms=3062.0 threshold_ms=3000.0 source=coinbase
2026-05-07 21:50:14,517 | INFO | Mushroom v28 BTC tick stream connected | source=coinbase url=wss://ws-feed.exchange.coinbase.com
2026-05-07 21:50:17,670 | WARNING | Mushroom v28 BTC tick stream stale. Restarting | age_ms=3078.0 threshold_ms=3000.0 source=coinbase
2026-05-07 21:50:17,878 | INFO | Mushroom v28 BTC tick stream connected | source=coinbase url=wss://ws-feed.exchange.coinbase.com
2026-05-07 21:50:20,948 | WARNING | Mushroom v28 BTC tick stream stale. Restarting | age_ms=3016.0 threshold_ms=3000.0 source=coinbase
2026-05-07 21:50:21,271 | INFO | Mushroom v28 BTC tick stream connected | source=coinbase url=wss://ws-feed.exchange.coinbase.com
2026-05-07 21:50:24,367 | WARNING | Mushroom v28 BTC tick stream stale. Restarting | age_ms=3046.0 threshold_ms=3000.0 source=coinbase
2026-05-07 21:50:24,583 | INFO | Mushroom v28 BTC tick stream connected | source=coinbase url=wss://ws-feed.exchange.coinbase.com
2026-05-07 21:50:25,703 | INFO | Heartbeat | watch=KXBTC15M-26MAY072200-00 yes_bid=35 yes_ask=36 no_bid=64 no_ask=65 book_ready=True position=False pending=False dry_run=False trust=synced run_id=d8d413f6-67be-44c2-b32b-d785efe316d0
2026-05-07 21:50:27,693 | WARNING | Mushroom v28 BTC tick stream stale. Restarting | age_ms=3016.0 threshold_ms=3000.0 source=coinbase
2026-05-07 21:50:27,911 | INFO | Mushroom v28 BTC tick stream connected | source=coinbase url=wss://ws-feed.exchange.coinbase.com
2026-05-07 21:50:31,073 | WARNING | Mushroom v28 BTC tick stream stale. Restarting | age_ms=3094.0 threshold_ms=3000.0 source=coinbase
2026-05-07 21:50:31,270 | INFO | Mushroom v28 BTC tick stream connected | source=coinbase url=wss://ws-feed.exchange.coinbase.com
2026-05-07 21:50:34,436 | WARNING | Mushroom v28 BTC tick stream stale. Restarting | age_ms=3047.0 threshold_ms=3000.0 source=coinbase
2026-05-07 21:50:34,652 | INFO | Mushroom v28 BTC tick stream connected | source=coinbase url=wss://ws-feed.exchange.coinbase.com
2026-05-07 21:50:37,705 | WARNING | Mushroom v28 BTC tick stream stale. Restarting | age_ms=3016.0 threshold_ms=3000.0 source=coinbase
2026-05-07 21:50:37,910 | INFO | Mushroom v28 BTC tick stream connected | source=coinbase url=wss://ws-feed.exchange.coinbase.com
2026-05-07 21:50:40,742 | INFO | Heartbeat | watch=KXBTC15M-26MAY072200-00 yes_bid=32 yes_ask=33 no_bid=67 no_ask=68 book_ready=True position=False pending=False dry_run=False trust=synced run_id=d8d413f6-67be-44c2-b32b-d785efe316d0
2026-05-07 21:50:41,016 | WARNING | Mushroom v28 BTC tick stream stale. Restarting | age_ms=3047.0 threshold_ms=3000.0 source=coinbase
2026-05-07 21:50:41,223 | INFO | Mushroom v28 BTC tick stream connected | source=coinbase url=wss://ws-feed.exchange.coinbase.com
2026-05-07 21:50:44,317 | WARNING | Mushroom v28 BTC tick stream stale. Restarting | age_ms=3016.0 threshold_ms=3000.0 source=coinbase
2026-05-07 21:50:44,502 | INFO | Mushroom v28 BTC tick stream connected | source=coinbase url=wss://ws-feed.exchange.coinbase.com
2026-05-07 21:50:47,599 | WARNING | Mushroom v28 BTC tick stream stale. Restarting | age_ms=3047.0 threshold_ms=3000.0 source=coinbase
2026-05-07 21:50:47,853 | INFO | Mushroom v28 BTC tick stream connected | source=coinbase url=wss://ws-feed.exchange.coinbase.com
2026-05-07 21:50:51,075 | WARNING | Mushroom v28 BTC tick stream stale. Restarting | age_ms=3032.0 threshold_ms=3000.0 source=coinbase
2026-05-07 21:50:51,306 | INFO | Mushroom v28 BTC tick stream connected | source=coinbase url=wss://ws-feed.exchange.coinbase.com
2026-05-07 21:50:54,429 | WARNING | Mushroom v28 BTC tick stream stale. Restarting | age_ms=3016.0 threshold_ms=3000.0 source=coinbase
2026-05-07 21:50:54,656 | INFO | Mushroom v28 BTC tick stream connected | source=coinbase url=wss://ws-feed.exchange.coinbase.com
2026-05-07 21:50:55,758 | INFO | Heartbeat | watch=KXBTC15M-26MAY072200-00 yes_bid=31 yes_ask=32 no_bid=68 no_ask=69 book_ready=True position=False pending=False dry_run=False trust=synced run_id=d8d413f6-67be-44c2-b32b-d785efe316d0
2026-05-07 21:50:57,782 | WARNING | Mushroom v28 BTC tick stream stale. Restarting | age_ms=3047.0 threshold_ms=3000.0 source=coinbase
2026-05-07 21:50:57,975 | INFO | Mushroom v28 BTC tick stream connected | source=coinbase url=wss://ws-feed.exchange.coinbase.com
2026-05-07 21:51:01,086 | WARNING | Mushroom v28 BTC tick stream stale. Restarting | age_ms=3015.0 threshold_ms=3000.0 source=coinbase
2026-05-07 21:51:01,343 | INFO | Mushroom v28 BTC tick stream connected | source=coinbase url=wss://ws-feed.exchange.coinbase.com
2026-05-07 21:51:04,500 | WARNING | Mushroom v28 BTC tick stream stale. Restarting | age_ms=3046.0 threshold_ms=3000.0 source=coinbase
2026-05-07 21:51:04,737 | INFO | Mushroom v28 BTC tick stream connected | source=coinbase url=wss://ws-feed.exchange.coinbase.com
2026-05-07 21:51:07,855 | WARNING | Mushroom v28 BTC tick stream stale. Restarting | age_ms=3016.0 threshold_ms=3000.0 source=coinbase
2026-05-07 21:51:08,125 | INFO | Mushroom v28 BTC tick stream connected | source=coinbase url=wss://ws-feed.exchange.coinbase.com
2026-05-07 21:51:11,003 | INFO | Heartbeat | watch=KXBTC15M-26MAY072200-00 yes_bid=28 yes_ask=29 no_bid=71 no_ask=72 book_ready=True position=False pending=False dry_run=False trust=synced run_id=d8d413f6-67be-44c2-b32b-d785efe316d0
2026-05-07 21:51:11,174 | WARNING | Mushroom v28 BTC tick stream stale. Restarting | age_ms=3015.0 threshold_ms=3000.0 source=coinbase
2026-05-07 21:51:11,402 | INFO | Mushroom v28 BTC tick stream connected | source=coinbase url=wss://ws-feed.exchange.coinbase.com
2026-05-07 21:51:14,539 | WARNING | Mushroom v28 BTC tick stream stale. Restarting | age_ms=3047.0 threshold_ms=3000.0 source=coinbase
2026-05-07 21:51:14,779 | INFO | Mushroom v28 BTC tick stream connected | source=coinbase url=wss://ws-feed.exchange.coinbase.com
2026-05-07 21:51:17,965 | WARNING | Mushroom v28 BTC tick stream stale. Restarting | age_ms=3094.0 threshold_ms=3000.0 source=coinbase
2026-05-07 21:51:18,199 | INFO | Mushroom v28 BTC tick stream connected | source=coinbase url=wss://ws-feed.exchange.coinbase.com
2026-05-07 21:51:21,310 | WARNING | Mushroom v28 BTC tick stream stale. Restarting | age_ms=3063.0 threshold_ms=3000.0 source=coinbase
2026-05-07 21:51:21,545 | INFO | Mushroom v28 BTC tick stream connected | source=coinbase url=wss://ws-feed.exchange.coinbase.com
2026-05-07 21:51:24,651 | WARNING | Mushroom v28 BTC tick stream stale. Restarting | age_ms=3016.0 threshold_ms=3000.0 source=coinbase
2026-05-07 21:51:24,997 | INFO | Mushroom v28 BTC tick stream connected | source=coinbase url=wss://ws-feed.exchange.coinbase.com
2026-05-07 21:51:25,992 | INFO | Heartbeat | watch=KXBTC15M-26MAY072200-00 yes_bid=37 yes_ask=39 no_bid=61 no_ask=63 book_ready=True position=False pending=False dry_run=False trust=synced run_id=d8d413f6-67be-44c2-b32b-d785efe316d0
2026-05-07 21:51:28,105 | WARNING | Mushroom v28 BTC tick stream stale. Restarting | age_ms=3031.0 threshold_ms=3000.0 source=coinbase
2026-05-07 21:51:28,316 | INFO | Mushroom v28 BTC tick stream connected | source=coinbase url=wss://ws-feed.exchange.coinbase.com
2026-05-07 21:51:31,444 | WARNING | Mushroom v28 BTC tick stream stale. Restarting | age_ms=3016.0 threshold_ms=3000.0 source=coinbase
2026-05-07 21:51:31,662 | INFO | Mushroom v28 BTC tick stream connected | source=coinbase url=wss://ws-feed.exchange.coinbase.com
2026-05-07 21:51:34,786 | WARNING | Mushroom v28 BTC tick stream stale. Restarting | age_ms=3031.0 threshold_ms=3000.0 source=coinbase
2026-05-07 21:51:35,026 | INFO | Mushroom v28 BTC tick stream connected | source=coinbase url=wss://ws-feed.exchange.coinbase.com
2026-05-07 21:51:38,086 | WARNING | Mushroom v28 BTC tick stream stale. Restarting | age_ms=3015.0 threshold_ms=3000.0 source=coinbase
2026-05-07 21:51:38,313 | INFO | Mushroom v28 BTC tick stream connected | source=coinbase url=wss://ws-feed.exchange.coinbase.com
2026-05-07 21:51:40,995 | INFO | Heartbeat | watch=KXBTC15M-26MAY072200-00 yes_bid=31 yes_ask=32 no_bid=68 no_ask=69 book_ready=True position=False pending=False dry_run=False trust=synced run_id=d8d413f6-67be-44c2-b32b-d785efe316d0
2026-05-07 21:51:41,400 | WARNING | Mushroom v28 BTC tick stream stale. Restarting | age_ms=3047.0 threshold_ms=3000.0 source=coinbase
2026-05-07 21:51:41,655 | INFO | Mushroom v28 BTC tick stream connected | source=coinbase url=wss://ws-feed.exchange.coinbase.com
2026-05-07 21:51:44,806 | WARNING | Mushroom v28 BTC tick stream stale. Restarting | age_ms=3063.0 threshold_ms=3000.0 source=coinbase
2026-05-07 21:51:45,019 | INFO | Mushroom v28 BTC tick stream connected | source=coinbase url=wss://ws-feed.exchange.coinbase.com
2026-05-07 21:51:48,190 | WARNING | Mushroom v28 BTC tick stream stale. Restarting | age_ms=3047.0 threshold_ms=3000.0 source=coinbase
2026-05-07 21:51:48,432 | INFO | Mushroom v28 BTC tick stream connected | source=coinbase url=wss://ws-feed.exchange.coinbase.com
2026-05-07 21:51:51,614 | WARNING | Mushroom v28 BTC tick stream stale. Restarting | age_ms=3078.0 threshold_ms=3000.0 source=coinbase
2026-05-07 21:51:51,807 | INFO | Mushroom v28 BTC tick stream connected | source=coinbase url=wss://ws-feed.exchange.coinbase.com
2026-05-07 21:51:54,864 | WARNING | Mushroom v28 BTC tick stream stale. Restarting | age_ms=3031.0 threshold_ms=3000.0 source=coinbase
2026-05-07 21:51:55,102 | INFO | Mushroom v28 BTC tick stream connected | source=coinbase url=wss://ws-feed.exchange.coinbase.com
2026-05-07 21:51:56,007 | INFO | Heartbeat | watch=KXBTC15M-26MAY072200-00 yes_bid=28 yes_ask=29 no_bid=71 no_ask=72 book_ready=True position=False pending=False dry_run=False trust=synced run_id=d8d413f6-67be-44c2-b32b-d785efe316d0
2026-05-07 21:51:58,151 | WARNING | Mushroom v28 BTC tick stream stale. Restarting | age_ms=3016.0 threshold_ms=3000.0 source=coinbase
2026-05-07 21:51:58,353 | INFO | Mushroom v28 BTC tick stream connected | source=coinbase url=wss://ws-feed.exchange.coinbase.com
2026-05-07 21:52:01,473 | WARNING | Mushroom v28 BTC tick stream stale. Restarting | age_ms=3016.0 threshold_ms=3000.0 source=coinbase
2026-05-07 21:52:01,686 | INFO | Mushroom v28 BTC tick stream connected | source=coinbase url=wss://ws-feed.exchange.coinbase.com
2026-05-07 21:52:04,802 | WARNING | Mushroom v28 BTC tick stream stale. Restarting | age_ms=3031.0 threshold_ms=3000.0 source=coinbase
2026-05-07 21:52:05,016 | INFO | Mushroom v28 BTC tick stream connected | source=coinbase url=wss://ws-feed.exchange.coinbase.com
2026-05-07 21:52:08,289 | WARNING | Mushroom v28 BTC tick stream stale. Restarting | age_ms=3062.0 threshold_ms=3000.0 source=coinbase
2026-05-07 21:52:08,548 | INFO | Mushroom v28 BTC tick stream connected | source=coinbase url=wss://ws-feed.exchange.coinbase.com
2026-05-07 21:52:11,055 | INFO | Heartbeat | watch=KXBTC15M-26MAY072200-00 yes_bid=26 yes_ask=27 no_bid=73 no_ask=74 book_ready=True position=False pending=False dry_run=False trust=synced run_id=d8d413f6-67be-44c2-b32b-d785efe316d0
2026-05-07 21:52:11,680 | WARNING | Mushroom v28 BTC tick stream stale. Restarting | age_ms=3047.0 threshold_ms=3000.0 source=coinbase
2026-05-07 21:52:11,880 | INFO | Mushroom v28 BTC tick stream connected | source=coinbase url=wss://ws-feed.exchange.coinbase.com
2026-05-07 21:52:15,017 | WARNING | Mushroom v28 BTC tick stream stale. Restarting | age_ms=3031.0 threshold_ms=3000.0 source=coinbase
2026-05-07 21:52:15,239 | INFO | Mushroom v28 BTC tick stream connected | source=coinbase url=wss://ws-feed.exchange.coinbase.com
2026-05-07 21:52:18,345 | WARNING | Mushroom v28 BTC tick stream stale. Restarting | age_ms=3031.0 threshold_ms=3000.0 source=coinbase
2026-05-07 21:52:18,535 | INFO | Mushroom v28 BTC tick stream connected | source=coinbase url=wss://ws-feed.exchange.coinbase.com
2026-05-07 21:52:21,641 | WARNING | Mushroom v28 BTC tick stream stale. Restarting | age_ms=3047.0 threshold_ms=3000.0 source=coinbase
2026-05-07 21:52:21,845 | INFO | Mushroom v28 BTC tick stream connected | source=coinbase url=wss://ws-feed.exchange.coinbase.com
2026-05-07 21:52:25,189 | WARNING | Mushroom v28 BTC tick stream stale. Restarting | age_ms=3047.0 threshold_ms=3000.0 source=coinbase
2026-05-07 21:52:25,433 | INFO | Mushroom v28 BTC tick stream connected | source=coinbase url=wss://ws-feed.exchange.coinbase.com
2026-05-07 21:52:26,094 | INFO | Heartbeat | watch=KXBTC15M-26MAY072200-00 yes_bid=26 yes_ask=27 no_bid=73 no_ask=74 book_ready=True position=False pending=False dry_run=False trust=synced run_id=d8d413f6-67be-44c2-b32b-d785efe316d0
2026-05-07 21:52:28,579 | WARNING | Mushroom v28 BTC tick stream stale. Restarting | age_ms=3063.0 threshold_ms=3000.0 source=coinbase
2026-05-07 21:52:28,783 | INFO | Mushroom v28 BTC tick stream connected | source=coinbase url=wss://ws-feed.exchange.coinbase.com
2026-05-07 21:52:31,873 | WARNING | Mushroom v28 BTC tick stream stale. Restarting | age_ms=3031.0 threshold_ms=3000.0 source=coinbase
2026-05-07 21:52:32,083 | INFO | Mushroom v28 BTC tick stream connected | source=coinbase url=wss://ws-feed.exchange.coinbase.com
2026-05-07 21:52:35,228 | WARNING | Mushroom v28 BTC tick stream stale. Restarting | age_ms=3047.0 threshold_ms=3000.0 source=coinbase
2026-05-07 21:52:35,677 | INFO | Mushroom v28 BTC tick stream connected | source=coinbase url=wss://ws-feed.exchange.coinbase.com
2026-05-07 21:52:38,954 | WARNING | Mushroom v28 BTC tick stream stale. Restarting | age_ms=3016.0 threshold_ms=3000.0 source=coinbase
2026-05-07 21:52:39,171 | INFO | Mushroom v28 BTC tick stream connected | source=coinbase url=wss://ws-feed.exchange.coinbase.com
2026-05-07 21:52:41,117 | INFO | Heartbeat | watch=KXBTC15M-26MAY072200-00 yes_bid=26 yes_ask=27 no_bid=73 no_ask=74 book_ready=True position=False pending=False dry_run=False trust=synced run_id=d8d413f6-67be-44c2-b32b-d785efe316d0
2026-05-07 21:52:42,329 | WARNING | Mushroom v28 BTC tick stream stale. Restarting | age_ms=3047.0 threshold_ms=3000.0 source=coinbase
2026-05-07 21:52:42,528 | INFO | Mushroom v28 BTC tick stream connected | source=coinbase url=wss://ws-feed.exchange.coinbase.com
2026-05-07 21:52:45,692 | WARNING | Mushroom v28 BTC tick stream stale. Restarting | age_ms=3047.0 threshold_ms=3000.0 source=coinbase
2026-05-07 21:52:46,019 | INFO | Mushroom v28 BTC tick stream connected | source=coinbase url=wss://ws-feed.exchange.coinbase.com
2026-05-07 21:52:49,091 | WARNING | Mushroom v28 BTC tick stream stale. Restarting | age_ms=3015.0 threshold_ms=3000.0 source=coinbase
2026-05-07 21:52:49,317 | INFO | Mushroom v28 BTC tick stream connected | source=coinbase url=wss://ws-feed.exchange.coinbase.com
2026-05-07 21:52:52,449 | WARNING | Mushroom v28 BTC tick stream stale. Restarting | age_ms=3016.0 threshold_ms=3000.0 source=coinbase
2026-05-07 21:52:52,652 | INFO | Mushroom v28 BTC tick stream connected | source=coinbase url=wss://ws-feed.exchange.coinbase.com
2026-05-07 21:52:55,824 | WARNING | Mushroom v28 BTC tick stream stale. Restarting | age_ms=3047.0 threshold_ms=3000.0 source=coinbase
2026-05-07 21:52:56,032 | INFO | Mushroom v28 BTC tick stream connected | source=coinbase url=wss://ws-feed.exchange.coinbase.com
2026-05-07 21:52:56,121 | INFO | Heartbeat | watch=KXBTC15M-26MAY072200-00 yes_bid=25 yes_ask=26 no_bid=74 no_ask=75 book_ready=True position=False pending=False dry_run=False trust=synced run_id=d8d413f6-67be-44c2-b32b-d785efe316d0
2026-05-07 21:52:59,185 | WARNING | Mushroom v28 BTC tick stream stale. Restarting | age_ms=3047.0 threshold_ms=3000.0 source=coinbase
2026-05-07 21:52:59,392 | INFO | Mushroom v28 BTC tick stream connected | source=coinbase url=wss://ws-feed.exchange.coinbase.com
2026-05-07 21:53:02,454 | WARNING | Mushroom v28 BTC tick stream stale. Restarting | age_ms=3016.0 threshold_ms=3000.0 source=coinbase
2026-05-07 21:53:02,687 | INFO | Mushroom v28 BTC tick stream connected | source=coinbase url=wss://ws-feed.exchange.coinbase.com
2026-05-07 21:53:05,796 | WARNING | Mushroom v28 BTC tick stream stale. Restarting | age_ms=3015.0 threshold_ms=3000.0 source=coinbase
2026-05-07 21:53:06,016 | INFO | Mushroom v28 BTC tick stream connected | source=coinbase url=wss://ws-feed.exchange.coinbase.com
2026-05-07 21:53:09,131 | WARNING | Mushroom v28 BTC tick stream stale. Restarting | age_ms=3031.0 threshold_ms=3000.0 source=coinbase
2026-05-07 21:53:09,358 | INFO | Mushroom v28 BTC tick stream connected | source=coinbase url=wss://ws-feed.exchange.coinbase.com
2026-05-07 21:53:11,118 | INFO | Heartbeat | watch=KXBTC15M-26MAY072200-00 yes_bid=22 yes_ask=23 no_bid=77 no_ask=78 book_ready=True position=False pending=False dry_run=False trust=synced run_id=d8d413f6-67be-44c2-b32b-d785efe316d0
2026-05-07 21:53:12,419 | WARNING | Mushroom v28 BTC tick stream stale. Restarting | age_ms=3031.0 threshold_ms=3000.0 source=coinbase
2026-05-07 21:53:12,670 | INFO | Mushroom v28 BTC tick stream connected | source=coinbase url=wss://ws-feed.exchange.coinbase.com
2026-05-07 21:53:15,790 | WARNING | Mushroom v28 BTC tick stream stale. Restarting | age_ms=3062.0 threshold_ms=3000.0 source=coinbase
2026-05-07 21:53:18,796 | WARNING | Mushroom v28 BTC tick stream stale. Restarting | age_ms=6062.0 threshold_ms=3000.0 source=coinbase
2026-05-07 21:53:18,995 | INFO | Mushroom v28 BTC tick stream connected | source=coinbase url=wss://ws-feed.exchange.coinbase.com
2026-05-07 21:53:22,059 | WARNING | Mushroom v28 BTC tick stream stale. Restarting | age_ms=3031.0 threshold_ms=3000.0 source=coinbase
2026-05-07 21:53:22,252 | INFO | Mushroom v28 BTC tick stream connected | source=coinbase url=wss://ws-feed.exchange.coinbase.com
2026-05-07 21:53:25,296 | WARNING | Mushroom v28 BTC tick stream stale. Restarting | age_ms=3015.0 threshold_ms=3000.0 source=coinbase
2026-05-07 21:53:25,625 | INFO | Mushroom v28 BTC tick stream connected | source=coinbase url=wss://ws-feed.exchange.coinbase.com
2026-05-07 21:53:26,160 | INFO | Heartbeat | watch=KXBTC15M-26MAY072200-00 yes_bid=27 yes_ask=28 no_bid=72 no_ask=73 book_ready=True position=False pending=False dry_run=False trust=synced run_id=d8d413f6-67be-44c2-b32b-d785efe316d0
2026-05-07 21:53:28,884 | WARNING | Mushroom v28 BTC tick stream stale. Restarting | age_ms=3078.0 threshold_ms=3000.0 source=coinbase
2026-05-07 21:53:29,062 | INFO | Mushroom v28 BTC tick stream connected | source=coinbase url=wss://ws-feed.exchange.coinbase.com
