2026-05-18 15:20:22,463 | INFO | Starting WS bot. run_id=b65bb902-07f5-4f58-92fa-f7e9277fa0d0 dry_run=False base_url=https://api.elections.kalshi.com/trade-api/v2 ws_url=wss://api.elections.kalshi.com/trade-api/ws/v2 series=KXBTC15M
2026-05-18 15:20:23,496 | INFO | Watching market KXBTC15M-26MAY181530-30 close_time=2026-05-18T19:30:00Z status=active strike=76584.86 run_id=b65bb902-07f5-4f58-92fa-f7e9277fa0d0
2026-05-18 15:20:23,506 | INFO | Heartbeat | watch=KXBTC15M-26MAY181530-30 yes_bid=None yes_ask=None no_bid=None no_ask=None book_ready=False position=False pending=False dry_run=False trust=cold run_id=b65bb902-07f5-4f58-92fa-f7e9277fa0d0
2026-05-18 15:20:23,645 | INFO | Mushroom v28 BTC tick stream connected | source=coinbase url=wss://ws-feed.exchange.coinbase.com
2026-05-18 15:20:23,688 | INFO | WS connected for KXBTC15M-26MAY181530-30
2026-05-18 15:20:23,758 | INFO | WS subscribed payload: {'type': 'subscribed', 'id': 1, 'msg': {'channel': 'ticker', 'sid': 1}}
2026-05-18 15:20:23,758 | INFO | WS subscribed payload: {'type': 'subscribed', 'id': 1, 'msg': {'channel': 'orderbook_delta', 'sid': 2}}
2026-05-18 15:20:23,759 | INFO | Orderbook snapshot ready for KXBTC15M-26MAY181530-30
2026-05-18 15:20:38,565 | INFO | Heartbeat | watch=KXBTC15M-26MAY181530-30 yes_bid=57 yes_ask=58 no_bid=42 no_ask=43 book_ready=True position=False pending=False dry_run=False trust=synced run_id=b65bb902-07f5-4f58-92fa-f7e9277fa0d0
2026-05-18 15:20:53,614 | INFO | Heartbeat | watch=KXBTC15M-26MAY181530-30 yes_bid=61 yes_ask=62 no_bid=38 no_ask=39 book_ready=True position=False pending=False dry_run=False trust=synced run_id=b65bb902-07f5-4f58-92fa-f7e9277fa0d0
2026-05-18 15:21:08,659 | INFO | Heartbeat | watch=KXBTC15M-26MAY181530-30 yes_bid=64 yes_ask=65 no_bid=35 no_ask=36 book_ready=True position=False pending=False dry_run=False trust=synced run_id=b65bb902-07f5-4f58-92fa-f7e9277fa0d0
2026-05-18 15:21:23,688 | INFO | Heartbeat | watch=KXBTC15M-26MAY181530-30 yes_bid=60 yes_ask=61 no_bid=39 no_ask=40 book_ready=True position=False pending=False dry_run=False trust=synced run_id=b65bb902-07f5-4f58-92fa-f7e9277fa0d0
2026-05-18 15:21:38,705 | INFO | Heartbeat | watch=KXBTC15M-26MAY181530-30 yes_bid=57 yes_ask=58 no_bid=42 no_ask=43 book_ready=True position=False pending=False dry_run=False trust=synced run_id=b65bb902-07f5-4f58-92fa-f7e9277fa0d0
2026-05-18 15:21:53,711 | INFO | Heartbeat | watch=KXBTC15M-26MAY181530-30 yes_bid=47 yes_ask=48 no_bid=52 no_ask=53 book_ready=True position=False pending=False dry_run=False trust=synced run_id=b65bb902-07f5-4f58-92fa-f7e9277fa0d0
2026-05-18 15:22:08,722 | INFO | Heartbeat | watch=KXBTC15M-26MAY181530-30 yes_bid=52 yes_ask=53 no_bid=47 no_ask=48 book_ready=True position=False pending=False dry_run=False trust=synced run_id=b65bb902-07f5-4f58-92fa-f7e9277fa0d0
2026-05-18 15:22:23,764 | INFO | Heartbeat | watch=KXBTC15M-26MAY181530-30 yes_bid=56 yes_ask=57 no_bid=43 no_ask=44 book_ready=True position=False pending=False dry_run=False trust=synced run_id=b65bb902-07f5-4f58-92fa-f7e9277fa0d0
2026-05-18 15:22:38,791 | INFO | Heartbeat | watch=KXBTC15M-26MAY181530-30 yes_bid=62 yes_ask=63 no_bid=37 no_ask=38 book_ready=True position=False pending=False dry_run=False trust=synced run_id=b65bb902-07f5-4f58-92fa-f7e9277fa0d0
2026-05-18 15:22:53,805 | INFO | Heartbeat | watch=KXBTC15M-26MAY181530-30 yes_bid=55 yes_ask=56 no_bid=44 no_ask=45 book_ready=True position=False pending=False dry_run=False trust=synced run_id=b65bb902-07f5-4f58-92fa-f7e9277fa0d0
2026-05-18 15:23:08,826 | INFO | Heartbeat | watch=KXBTC15M-26MAY181530-30 yes_bid=61 yes_ask=62 no_bid=38 no_ask=39 book_ready=True position=False pending=False dry_run=False trust=synced run_id=b65bb902-07f5-4f58-92fa-f7e9277fa0d0
2026-05-18 15:23:23,876 | INFO | Heartbeat | watch=KXBTC15M-26MAY181530-30 yes_bid=52 yes_ask=53 no_bid=47 no_ask=48 book_ready=True position=False pending=False dry_run=False trust=synced run_id=b65bb902-07f5-4f58-92fa-f7e9277fa0d0
2026-05-18 15:23:38,880 | INFO | Heartbeat | watch=KXBTC15M-26MAY181530-30 yes_bid=50 yes_ask=51 no_bid=49 no_ask=50 book_ready=True position=False pending=False dry_run=False trust=synced run_id=b65bb902-07f5-4f58-92fa-f7e9277fa0d0
2026-05-18 15:23:53,925 | INFO | Heartbeat | watch=KXBTC15M-26MAY181530-30 yes_bid=59 yes_ask=60 no_bid=40 no_ask=41 book_ready=True position=False pending=False dry_run=False trust=synced run_id=b65bb902-07f5-4f58-92fa-f7e9277fa0d0
2026-05-18 15:24:08,978 | INFO | Heartbeat | watch=KXBTC15M-26MAY181530-30 yes_bid=69 yes_ask=70 no_bid=30 no_ask=31 book_ready=True position=False pending=False dry_run=False trust=synced run_id=b65bb902-07f5-4f58-92fa-f7e9277fa0d0
2026-05-18 15:24:24,009 | INFO | Heartbeat | watch=KXBTC15M-26MAY181530-30 yes_bid=62 yes_ask=64 no_bid=36 no_ask=38 book_ready=True position=False pending=False dry_run=False trust=synced run_id=b65bb902-07f5-4f58-92fa-f7e9277fa0d0
2026-05-18 15:24:39,041 | INFO | Heartbeat | watch=KXBTC15M-26MAY181530-30 yes_bid=39 yes_ask=40 no_bid=60 no_ask=61 book_ready=True position=False pending=False dry_run=False trust=synced run_id=b65bb902-07f5-4f58-92fa-f7e9277fa0d0
2026-05-18 15:24:54,080 | INFO | Heartbeat | watch=KXBTC15M-26MAY181530-30 yes_bid=40 yes_ask=41 no_bid=59 no_ask=60 book_ready=True position=False pending=False dry_run=False trust=synced run_id=b65bb902-07f5-4f58-92fa-f7e9277fa0d0
2026-05-18 15:25:09,075 | INFO | Heartbeat | watch=KXBTC15M-26MAY181530-30 yes_bid=26 yes_ask=27 no_bid=73 no_ask=74 book_ready=True position=False pending=False dry_run=False trust=synced run_id=b65bb902-07f5-4f58-92fa-f7e9277fa0d0
2026-05-18 15:25:24,090 | INFO | Heartbeat | watch=KXBTC15M-26MAY181530-30 yes_bid=18 yes_ask=19 no_bid=81 no_ask=82 book_ready=True position=False pending=False dry_run=False trust=synced run_id=b65bb902-07f5-4f58-92fa-f7e9277fa0d0
2026-05-18 15:25:39,133 | INFO | Heartbeat | watch=KXBTC15M-26MAY181530-30 yes_bid=26 yes_ask=27 no_bid=73 no_ask=74 book_ready=True position=False pending=False dry_run=False trust=synced run_id=b65bb902-07f5-4f58-92fa-f7e9277fa0d0
2026-05-18 15:25:54,155 | INFO | Heartbeat | watch=KXBTC15M-26MAY181530-30 yes_bid=29 yes_ask=30 no_bid=70 no_ask=71 book_ready=True position=False pending=False dry_run=False trust=synced run_id=b65bb902-07f5-4f58-92fa-f7e9277fa0d0
2026-05-18 15:26:09,159 | INFO | Heartbeat | watch=KXBTC15M-26MAY181530-30 yes_bid=35 yes_ask=36 no_bid=64 no_ask=65 book_ready=True position=False pending=False dry_run=False trust=synced run_id=b65bb902-07f5-4f58-92fa-f7e9277fa0d0
2026-05-18 15:26:24,170 | INFO | Heartbeat | watch=KXBTC15M-26MAY181530-30 yes_bid=23 yes_ask=25 no_bid=75 no_ask=77 book_ready=True position=False pending=False dry_run=False trust=synced run_id=b65bb902-07f5-4f58-92fa-f7e9277fa0d0
2026-05-18 15:26:39,160 | INFO | Heartbeat | watch=KXBTC15M-26MAY181530-30 yes_bid=34 yes_ask=35 no_bid=65 no_ask=66 book_ready=True position=False pending=False dry_run=False trust=synced run_id=b65bb902-07f5-4f58-92fa-f7e9277fa0d0
2026-05-18 15:26:54,159 | INFO | Heartbeat | watch=KXBTC15M-26MAY181530-30 yes_bid=31 yes_ask=32 no_bid=68 no_ask=69 book_ready=True position=False pending=False dry_run=False trust=synced run_id=b65bb902-07f5-4f58-92fa-f7e9277fa0d0
2026-05-18 15:27:09,192 | INFO | Heartbeat | watch=KXBTC15M-26MAY181530-30 yes_bid=41 yes_ask=42 no_bid=58 no_ask=59 book_ready=True position=False pending=False dry_run=False trust=synced run_id=b65bb902-07f5-4f58-92fa-f7e9277fa0d0
2026-05-18 15:27:24,222 | INFO | Heartbeat | watch=KXBTC15M-26MAY181530-30 yes_bid=27 yes_ask=29 no_bid=71 no_ask=73 book_ready=True position=False pending=False dry_run=False trust=synced run_id=b65bb902-07f5-4f58-92fa-f7e9277fa0d0
2026-05-18 15:27:39,267 | INFO | Heartbeat | watch=KXBTC15M-26MAY181530-30 yes_bid=34 yes_ask=36 no_bid=64 no_ask=66 book_ready=True position=False pending=False dry_run=False trust=synced run_id=b65bb902-07f5-4f58-92fa-f7e9277fa0d0
2026-05-18 15:27:54,288 | INFO | Heartbeat | watch=KXBTC15M-26MAY181530-30 yes_bid=26 yes_ask=27 no_bid=73 no_ask=74 book_ready=True position=False pending=False dry_run=False trust=synced run_id=b65bb902-07f5-4f58-92fa-f7e9277fa0d0
2026-05-18 15:28:09,346 | INFO | Heartbeat | watch=KXBTC15M-26MAY181530-30 yes_bid=22 yes_ask=23 no_bid=77 no_ask=78 book_ready=True position=False pending=False dry_run=False trust=synced run_id=b65bb902-07f5-4f58-92fa-f7e9277fa0d0
2026-05-18 15:28:24,397 | INFO | Heartbeat | watch=KXBTC15M-26MAY181530-30 yes_bid=42 yes_ask=43 no_bid=57 no_ask=58 book_ready=True position=False pending=False dry_run=False trust=synced run_id=b65bb902-07f5-4f58-92fa-f7e9277fa0d0
2026-05-18 15:28:39,445 | INFO | Heartbeat | watch=KXBTC15M-26MAY181530-30 yes_bid=54 yes_ask=56 no_bid=44 no_ask=46 book_ready=True position=False pending=False dry_run=False trust=synced run_id=b65bb902-07f5-4f58-92fa-f7e9277fa0d0
2026-05-18 15:28:54,445 | INFO | Heartbeat | watch=KXBTC15M-26MAY181530-30 yes_bid=57 yes_ask=58 no_bid=42 no_ask=43 book_ready=True position=False pending=False dry_run=False trust=synced run_id=b65bb902-07f5-4f58-92fa-f7e9277fa0d0
2026-05-18 15:29:09,465 | INFO | Heartbeat | watch=KXBTC15M-26MAY181530-30 yes_bid=90 yes_ask=91 no_bid=9 no_ask=10 book_ready=True position=False pending=False dry_run=False trust=synced run_id=b65bb902-07f5-4f58-92fa-f7e9277fa0d0
2026-05-18 15:29:24,511 | INFO | Heartbeat | watch=KXBTC15M-26MAY181530-30 yes_bid=94 yes_ask=96 no_bid=4 no_ask=6 book_ready=True position=False pending=False dry_run=False trust=synced run_id=b65bb902-07f5-4f58-92fa-f7e9277fa0d0
2026-05-18 15:29:39,591 | INFO | Heartbeat | watch=KXBTC15M-26MAY181530-30 yes_bid=100 yes_ask=100 no_bid=0 no_ask=0 book_ready=True position=False pending=False dry_run=False trust=synced run_id=b65bb902-07f5-4f58-92fa-f7e9277fa0d0
2026-05-18 15:29:54,588 | INFO | Heartbeat | watch=KXBTC15M-26MAY181530-30 yes_bid=100 yes_ask=100 no_bid=0 no_ask=0 book_ready=True position=False pending=False dry_run=False trust=synced run_id=b65bb902-07f5-4f58-92fa-f7e9277fa0d0
2026-05-18 15:30:01,059 | INFO | Orderbook snapshot ready for KXBTC15M-26MAY181530-30
2026-05-18 15:30:01,806 | INFO | Orderbook snapshot ready for KXBTC15M-26MAY181530-30
2026-05-18 15:30:09,639 | INFO | Heartbeat | watch=KXBTC15M-26MAY181530-30 yes_bid=0 yes_ask=100 no_bid=0 no_ask=100 book_ready=True position=False pending=False dry_run=False trust=synced run_id=b65bb902-07f5-4f58-92fa-f7e9277fa0d0
2026-05-18 15:30:24,673 | INFO | Heartbeat | watch=KXBTC15M-26MAY181530-30 yes_bid=0 yes_ask=100 no_bid=0 no_ask=100 book_ready=True position=False pending=False dry_run=False trust=synced run_id=b65bb902-07f5-4f58-92fa-f7e9277fa0d0
2026-05-18 15:30:31,453 | INFO | Watching market KXBTC15M-26MAY181545-45 close_time=2026-05-18T19:45:00Z status=active strike=76595.54 run_id=b65bb902-07f5-4f58-92fa-f7e9277fa0d0
2026-05-18 15:30:31,624 | INFO | WS connected for KXBTC15M-26MAY181545-45
2026-05-18 15:30:31,655 | INFO | WS subscribed payload: {'type': 'subscribed', 'id': 2, 'msg': {'channel': 'ticker', 'sid': 1}}
2026-05-18 15:30:31,656 | INFO | WS subscribed payload: {'type': 'subscribed', 'id': 2, 'msg': {'channel': 'orderbook_delta', 'sid': 2}}
2026-05-18 15:30:31,658 | INFO | Orderbook snapshot ready for KXBTC15M-26MAY181545-45
2026-05-18 15:30:39,697 | INFO | Heartbeat | watch=KXBTC15M-26MAY181545-45 yes_bid=42 yes_ask=43 no_bid=57 no_ask=58 book_ready=True position=False pending=False dry_run=False trust=synced run_id=b65bb902-07f5-4f58-92fa-f7e9277fa0d0
2026-05-18 15:30:54,726 | INFO | Heartbeat | watch=KXBTC15M-26MAY181545-45 yes_bid=50 yes_ask=51 no_bid=49 no_ask=50 book_ready=True position=False pending=False dry_run=False trust=synced run_id=b65bb902-07f5-4f58-92fa-f7e9277fa0d0
2026-05-18 15:31:09,731 | INFO | Heartbeat | watch=KXBTC15M-26MAY181545-45 yes_bid=56 yes_ask=57 no_bid=43 no_ask=44 book_ready=True position=False pending=False dry_run=False trust=synced run_id=b65bb902-07f5-4f58-92fa-f7e9277fa0d0
2026-05-18 15:31:24,749 | INFO | Heartbeat | watch=KXBTC15M-26MAY181545-45 yes_bid=70 yes_ask=71 no_bid=29 no_ask=30 book_ready=True position=False pending=False dry_run=False trust=synced run_id=b65bb902-07f5-4f58-92fa-f7e9277fa0d0
2026-05-18 15:31:35,569 | WARNING | Market refresh failed. Keeping current watch. Error: 429 Too Many Requests: {"error":{"code":"too_many_requests","message":"too many requests"}}
2026-05-18 15:31:39,791 | INFO | Heartbeat | watch=KXBTC15M-26MAY181545-45 yes_bid=71 yes_ask=72 no_bid=28 no_ask=29 book_ready=True position=False pending=False dry_run=False trust=synced run_id=b65bb902-07f5-4f58-92fa-f7e9277fa0d0
2026-05-18 15:31:54,803 | INFO | Heartbeat | watch=KXBTC15M-26MAY181545-45 yes_bid=66 yes_ask=67 no_bid=33 no_ask=34 book_ready=True position=False pending=False dry_run=False trust=synced run_id=b65bb902-07f5-4f58-92fa-f7e9277fa0d0
2026-05-18 15:32:09,819 | INFO | Heartbeat | watch=KXBTC15M-26MAY181545-45 yes_bid=72 yes_ask=73 no_bid=27 no_ask=28 book_ready=True position=False pending=False dry_run=False trust=synced run_id=b65bb902-07f5-4f58-92fa-f7e9277fa0d0
2026-05-18 15:32:24,868 | INFO | Heartbeat | watch=KXBTC15M-26MAY181545-45 yes_bid=72 yes_ask=73 no_bid=27 no_ask=28 book_ready=True position=False pending=False dry_run=False trust=synced run_id=b65bb902-07f5-4f58-92fa-f7e9277fa0d0
2026-05-18 15:32:39,882 | INFO | Heartbeat | watch=KXBTC15M-26MAY181545-45 yes_bid=70 yes_ask=72 no_bid=28 no_ask=30 book_ready=True position=False pending=False dry_run=False trust=synced run_id=b65bb902-07f5-4f58-92fa-f7e9277fa0d0
2026-05-18 15:32:54,886 | INFO | Heartbeat | watch=KXBTC15M-26MAY181545-45 yes_bid=69 yes_ask=70 no_bid=30 no_ask=31 book_ready=True position=False pending=False dry_run=False trust=synced run_id=b65bb902-07f5-4f58-92fa-f7e9277fa0d0
2026-05-18 15:33:09,881 | INFO | Heartbeat | watch=KXBTC15M-26MAY181545-45 yes_bid=69 yes_ask=70 no_bid=30 no_ask=31 book_ready=True position=False pending=False dry_run=False trust=synced run_id=b65bb902-07f5-4f58-92fa-f7e9277fa0d0
2026-05-18 15:33:24,890 | INFO | Heartbeat | watch=KXBTC15M-26MAY181545-45 yes_bid=66 yes_ask=67 no_bid=33 no_ask=34 book_ready=True position=False pending=False dry_run=False trust=synced run_id=b65bb902-07f5-4f58-92fa-f7e9277fa0d0
2026-05-18 15:33:39,969 | INFO | Heartbeat | watch=KXBTC15M-26MAY181545-45 yes_bid=68 yes_ask=69 no_bid=31 no_ask=32 book_ready=True position=False pending=False dry_run=False trust=synced run_id=b65bb902-07f5-4f58-92fa-f7e9277fa0d0
2026-05-18 15:33:54,977 | INFO | Heartbeat | watch=KXBTC15M-26MAY181545-45 yes_bid=71 yes_ask=72 no_bid=28 no_ask=29 book_ready=True position=False pending=False dry_run=False trust=synced run_id=b65bb902-07f5-4f58-92fa-f7e9277fa0d0
2026-05-18 15:34:09,996 | INFO | Heartbeat | watch=KXBTC15M-26MAY181545-45 yes_bid=74 yes_ask=75 no_bid=25 no_ask=26 book_ready=True position=False pending=False dry_run=False trust=synced run_id=b65bb902-07f5-4f58-92fa-f7e9277fa0d0
2026-05-18 15:34:25,025 | INFO | Heartbeat | watch=KXBTC15M-26MAY181545-45 yes_bid=71 yes_ask=72 no_bid=28 no_ask=29 book_ready=True position=False pending=False dry_run=False trust=synced run_id=b65bb902-07f5-4f58-92fa-f7e9277fa0d0
2026-05-18 15:34:40,055 | INFO | Heartbeat | watch=KXBTC15M-26MAY181545-45 yes_bid=63 yes_ask=64 no_bid=36 no_ask=37 book_ready=True position=False pending=False dry_run=False trust=synced run_id=b65bb902-07f5-4f58-92fa-f7e9277fa0d0
2026-05-18 15:34:55,092 | INFO | Heartbeat | watch=KXBTC15M-26MAY181545-45 yes_bid=62 yes_ask=63 no_bid=37 no_ask=38 book_ready=True position=False pending=False dry_run=False trust=synced run_id=b65bb902-07f5-4f58-92fa-f7e9277fa0d0
2026-05-18 15:35:10,100 | INFO | Heartbeat | watch=KXBTC15M-26MAY181545-45 yes_bid=70 yes_ask=71 no_bid=29 no_ask=30 book_ready=True position=False pending=False dry_run=False trust=synced run_id=b65bb902-07f5-4f58-92fa-f7e9277fa0d0
2026-05-18 15:35:25,149 | INFO | Heartbeat | watch=KXBTC15M-26MAY181545-45 yes_bid=76 yes_ask=77 no_bid=23 no_ask=24 book_ready=True position=False pending=False dry_run=False trust=synced run_id=b65bb902-07f5-4f58-92fa-f7e9277fa0d0
2026-05-18 15:35:40,173 | INFO | Heartbeat | watch=KXBTC15M-26MAY181545-45 yes_bid=80 yes_ask=81 no_bid=19 no_ask=20 book_ready=True position=False pending=False dry_run=False trust=synced run_id=b65bb902-07f5-4f58-92fa-f7e9277fa0d0
2026-05-18 15:35:55,194 | INFO | Heartbeat | watch=KXBTC15M-26MAY181545-45 yes_bid=82 yes_ask=83 no_bid=17 no_ask=18 book_ready=True position=False pending=False dry_run=False trust=synced run_id=b65bb902-07f5-4f58-92fa-f7e9277fa0d0
2026-05-18 15:36:10,214 | INFO | Heartbeat | watch=KXBTC15M-26MAY181545-45 yes_bid=82 yes_ask=83 no_bid=17 no_ask=18 book_ready=True position=False pending=False dry_run=False trust=synced run_id=b65bb902-07f5-4f58-92fa-f7e9277fa0d0
2026-05-18 15:36:25,229 | INFO | Heartbeat | watch=KXBTC15M-26MAY181545-45 yes_bid=84 yes_ask=85 no_bid=15 no_ask=16 book_ready=True position=False pending=False dry_run=False trust=synced run_id=b65bb902-07f5-4f58-92fa-f7e9277fa0d0
2026-05-18 15:36:40,234 | INFO | Heartbeat | watch=KXBTC15M-26MAY181545-45 yes_bid=84 yes_ask=85 no_bid=15 no_ask=16 book_ready=True position=False pending=False dry_run=False trust=synced run_id=b65bb902-07f5-4f58-92fa-f7e9277fa0d0
2026-05-18 15:36:55,262 | INFO | Heartbeat | watch=KXBTC15M-26MAY181545-45 yes_bid=82 yes_ask=83 no_bid=17 no_ask=18 book_ready=True position=False pending=False dry_run=False trust=synced run_id=b65bb902-07f5-4f58-92fa-f7e9277fa0d0
2026-05-18 15:37:10,258 | INFO | Heartbeat | watch=KXBTC15M-26MAY181545-45 yes_bid=82 yes_ask=84 no_bid=16 no_ask=18 book_ready=True position=False pending=False dry_run=False trust=synced run_id=b65bb902-07f5-4f58-92fa-f7e9277fa0d0
2026-05-18 15:37:25,286 | INFO | Heartbeat | watch=KXBTC15M-26MAY181545-45 yes_bid=82 yes_ask=83 no_bid=17 no_ask=18 book_ready=True position=False pending=False dry_run=False trust=synced run_id=b65bb902-07f5-4f58-92fa-f7e9277fa0d0
2026-05-18 15:37:40,324 | INFO | Heartbeat | watch=KXBTC15M-26MAY181545-45 yes_bid=84 yes_ask=86 no_bid=14 no_ask=16 book_ready=True position=False pending=False dry_run=False trust=synced run_id=b65bb902-07f5-4f58-92fa-f7e9277fa0d0
2026-05-18 15:37:55,335 | INFO | Heartbeat | watch=KXBTC15M-26MAY181545-45 yes_bid=81 yes_ask=82 no_bid=18 no_ask=19 book_ready=True position=False pending=False dry_run=False trust=synced run_id=b65bb902-07f5-4f58-92fa-f7e9277fa0d0
2026-05-18 15:38:10,494 | INFO | Heartbeat | watch=KXBTC15M-26MAY181545-45 yes_bid=87 yes_ask=88 no_bid=12 no_ask=13 book_ready=True position=False pending=False dry_run=False trust=synced run_id=b65bb902-07f5-4f58-92fa-f7e9277fa0d0
2026-05-18 15:38:25,529 | INFO | Heartbeat | watch=KXBTC15M-26MAY181545-45 yes_bid=87 yes_ask=88 no_bid=12 no_ask=13 book_ready=True position=False pending=False dry_run=False trust=synced run_id=b65bb902-07f5-4f58-92fa-f7e9277fa0d0
2026-05-18 15:38:40,570 | INFO | Heartbeat | watch=KXBTC15M-26MAY181545-45 yes_bid=85 yes_ask=86 no_bid=14 no_ask=15 book_ready=True position=False pending=False dry_run=False trust=synced run_id=b65bb902-07f5-4f58-92fa-f7e9277fa0d0
2026-05-18 15:38:55,628 | INFO | Heartbeat | watch=KXBTC15M-26MAY181545-45 yes_bid=85 yes_ask=87 no_bid=13 no_ask=15 book_ready=True position=False pending=False dry_run=False trust=synced run_id=b65bb902-07f5-4f58-92fa-f7e9277fa0d0
2026-05-18 15:39:10,631 | INFO | Heartbeat | watch=KXBTC15M-26MAY181545-45 yes_bid=86 yes_ask=88 no_bid=12 no_ask=14 book_ready=True position=False pending=False dry_run=False trust=synced run_id=b65bb902-07f5-4f58-92fa-f7e9277fa0d0
2026-05-18 15:39:25,631 | INFO | Heartbeat | watch=KXBTC15M-26MAY181545-45 yes_bid=89 yes_ask=90 no_bid=10 no_ask=11 book_ready=True position=False pending=False dry_run=False trust=synced run_id=b65bb902-07f5-4f58-92fa-f7e9277fa0d0
2026-05-18 15:39:40,637 | INFO | Heartbeat | watch=KXBTC15M-26MAY181545-45 yes_bid=91 yes_ask=92 no_bid=8 no_ask=9 book_ready=True position=False pending=False dry_run=False trust=synced run_id=b65bb902-07f5-4f58-92fa-f7e9277fa0d0
2026-05-18 15:39:55,653 | INFO | Heartbeat | watch=KXBTC15M-26MAY181545-45 yes_bid=88 yes_ask=89 no_bid=11 no_ask=12 book_ready=True position=False pending=False dry_run=False trust=synced run_id=b65bb902-07f5-4f58-92fa-f7e9277fa0d0
2026-05-18 15:40:10,679 | INFO | Heartbeat | watch=KXBTC15M-26MAY181545-45 yes_bid=92 yes_ask=92 no_bid=8 no_ask=8 book_ready=True position=False pending=False dry_run=False trust=synced run_id=b65bb902-07f5-4f58-92fa-f7e9277fa0d0
2026-05-18 15:40:25,685 | INFO | Heartbeat | watch=KXBTC15M-26MAY181545-45 yes_bid=95 yes_ask=96 no_bid=4 no_ask=5 book_ready=True position=False pending=False dry_run=False trust=synced run_id=b65bb902-07f5-4f58-92fa-f7e9277fa0d0
2026-05-18 15:40:40,714 | INFO | Heartbeat | watch=KXBTC15M-26MAY181545-45 yes_bid=97 yes_ask=98 no_bid=2 no_ask=3 book_ready=True position=False pending=False dry_run=False trust=synced run_id=b65bb902-07f5-4f58-92fa-f7e9277fa0d0
2026-05-18 15:40:55,708 | INFO | Heartbeat | watch=KXBTC15M-26MAY181545-45 yes_bid=97 yes_ask=97 no_bid=3 no_ask=3 book_ready=True position=False pending=False dry_run=False trust=synced run_id=b65bb902-07f5-4f58-92fa-f7e9277fa0d0
2026-05-18 15:41:10,712 | INFO | Heartbeat | watch=KXBTC15M-26MAY181545-45 yes_bid=97 yes_ask=98 no_bid=2 no_ask=3 book_ready=True position=False pending=False dry_run=False trust=synced run_id=b65bb902-07f5-4f58-92fa-f7e9277fa0d0
2026-05-18 15:41:25,746 | INFO | Heartbeat | watch=KXBTC15M-26MAY181545-45 yes_bid=97 yes_ask=98 no_bid=2 no_ask=3 book_ready=True position=False pending=False dry_run=False trust=synced run_id=b65bb902-07f5-4f58-92fa-f7e9277fa0d0
2026-05-18 15:41:40,790 | INFO | Heartbeat | watch=KXBTC15M-26MAY181545-45 yes_bid=97 yes_ask=98 no_bid=2 no_ask=3 book_ready=True position=False pending=False dry_run=False trust=synced run_id=b65bb902-07f5-4f58-92fa-f7e9277fa0d0
2026-05-18 15:41:55,853 | INFO | Heartbeat | watch=KXBTC15M-26MAY181545-45 yes_bid=97 yes_ask=97 no_bid=3 no_ask=3 book_ready=True position=False pending=False dry_run=False trust=synced run_id=b65bb902-07f5-4f58-92fa-f7e9277fa0d0
2026-05-18 15:42:10,884 | INFO | Heartbeat | watch=KXBTC15M-26MAY181545-45 yes_bid=96 yes_ask=96 no_bid=4 no_ask=4 book_ready=True position=False pending=False dry_run=False trust=synced run_id=b65bb902-07f5-4f58-92fa-f7e9277fa0d0
2026-05-18 15:42:25,897 | INFO | Heartbeat | watch=KXBTC15M-26MAY181545-45 yes_bid=93 yes_ask=94 no_bid=6 no_ask=7 book_ready=True position=False pending=False dry_run=False trust=synced run_id=b65bb902-07f5-4f58-92fa-f7e9277fa0d0
2026-05-18 15:42:40,932 | INFO | Heartbeat | watch=KXBTC15M-26MAY181545-45 yes_bid=96 yes_ask=97 no_bid=3 no_ask=4 book_ready=True position=False pending=False dry_run=False trust=synced run_id=b65bb902-07f5-4f58-92fa-f7e9277fa0d0
2026-05-18 15:42:55,956 | INFO | Heartbeat | watch=KXBTC15M-26MAY181545-45 yes_bid=98 yes_ask=98 no_bid=2 no_ask=2 book_ready=True position=False pending=False dry_run=False trust=synced run_id=b65bb902-07f5-4f58-92fa-f7e9277fa0d0
2026-05-18 15:43:10,968 | INFO | Heartbeat | watch=KXBTC15M-26MAY181545-45 yes_bid=99 yes_ask=99 no_bid=1 no_ask=1 book_ready=True position=False pending=False dry_run=False trust=synced run_id=b65bb902-07f5-4f58-92fa-f7e9277fa0d0
2026-05-18 15:43:26,013 | INFO | Heartbeat | watch=KXBTC15M-26MAY181545-45 yes_bid=100 yes_ask=100 no_bid=0 no_ask=0 book_ready=True position=False pending=False dry_run=False trust=synced run_id=b65bb902-07f5-4f58-92fa-f7e9277fa0d0
2026-05-18 15:43:41,011 | INFO | Heartbeat | watch=KXBTC15M-26MAY181545-45 yes_bid=100 yes_ask=100 no_bid=0 no_ask=0 book_ready=True position=False pending=False dry_run=False trust=synced run_id=b65bb902-07f5-4f58-92fa-f7e9277fa0d0
2026-05-18 15:43:56,056 | INFO | Heartbeat | watch=KXBTC15M-26MAY181545-45 yes_bid=100 yes_ask=100 no_bid=0 no_ask=0 book_ready=True position=False pending=False dry_run=False trust=synced run_id=b65bb902-07f5-4f58-92fa-f7e9277fa0d0
2026-05-18 15:44:11,056 | INFO | Heartbeat | watch=KXBTC15M-26MAY181545-45 yes_bid=100 yes_ask=100 no_bid=0 no_ask=0 book_ready=True position=False pending=False dry_run=False trust=synced run_id=b65bb902-07f5-4f58-92fa-f7e9277fa0d0
2026-05-18 15:44:26,054 | INFO | Heartbeat | watch=KXBTC15M-26MAY181545-45 yes_bid=100 yes_ask=100 no_bid=0 no_ask=0 book_ready=True position=False pending=False dry_run=False trust=synced run_id=b65bb902-07f5-4f58-92fa-f7e9277fa0d0
2026-05-18 15:44:41,101 | INFO | Heartbeat | watch=KXBTC15M-26MAY181545-45 yes_bid=100 yes_ask=100 no_bid=0 no_ask=0 book_ready=True position=False pending=False dry_run=False trust=synced run_id=b65bb902-07f5-4f58-92fa-f7e9277fa0d0
2026-05-18 15:44:56,123 | INFO | Heartbeat | watch=KXBTC15M-26MAY181545-45 yes_bid=100 yes_ask=100 no_bid=0 no_ask=0 book_ready=True position=False pending=False dry_run=False trust=synced run_id=b65bb902-07f5-4f58-92fa-f7e9277fa0d0
2026-05-18 15:45:00,994 | INFO | Orderbook snapshot ready for KXBTC15M-26MAY181545-45
2026-05-18 15:45:01,236 | INFO | Orderbook snapshot ready for KXBTC15M-26MAY181545-45
2026-05-18 15:45:11,123 | INFO | Heartbeat | watch=KXBTC15M-26MAY181545-45 yes_bid=0 yes_ask=100 no_bid=0 no_ask=100 book_ready=True position=False pending=False dry_run=False trust=synced run_id=b65bb902-07f5-4f58-92fa-f7e9277fa0d0
2026-05-18 15:45:26,120 | INFO | Heartbeat | watch=KXBTC15M-26MAY181545-45 yes_bid=0 yes_ask=100 no_bid=0 no_ask=100 book_ready=True position=False pending=False dry_run=False trust=synced run_id=b65bb902-07f5-4f58-92fa-f7e9277fa0d0
2026-05-18 15:45:31,750 | INFO | Watching market KXBTC15M-26MAY181600-00 close_time=2026-05-18T20:00:00Z status=active strike=76837.83 run_id=b65bb902-07f5-4f58-92fa-f7e9277fa0d0
2026-05-18 15:45:31,904 | INFO | WS connected for KXBTC15M-26MAY181600-00
2026-05-18 15:45:31,937 | INFO | WS subscribed payload: {'type': 'subscribed', 'id': 3, 'msg': {'channel': 'ticker', 'sid': 1}}
2026-05-18 15:45:31,938 | INFO | WS subscribed payload: {'type': 'subscribed', 'id': 3, 'msg': {'channel': 'orderbook_delta', 'sid': 2}}
2026-05-18 15:45:31,938 | INFO | Orderbook snapshot ready for KXBTC15M-26MAY181600-00
2026-05-18 15:45:41,135 | INFO | Heartbeat | watch=KXBTC15M-26MAY181600-00 yes_bid=51 yes_ask=53 no_bid=47 no_ask=49 book_ready=True position=False pending=False dry_run=False trust=synced run_id=b65bb902-07f5-4f58-92fa-f7e9277fa0d0
2026-05-18 15:45:56,150 | INFO | Heartbeat | watch=KXBTC15M-26MAY181600-00 yes_bid=58 yes_ask=59 no_bid=41 no_ask=42 book_ready=True position=False pending=False dry_run=False trust=synced run_id=b65bb902-07f5-4f58-92fa-f7e9277fa0d0
2026-05-18 15:46:11,166 | INFO | Heartbeat | watch=KXBTC15M-26MAY181600-00 yes_bid=63 yes_ask=65 no_bid=35 no_ask=37 book_ready=True position=False pending=False dry_run=False trust=synced run_id=b65bb902-07f5-4f58-92fa-f7e9277fa0d0
2026-05-18 15:46:26,177 | INFO | Heartbeat | watch=KXBTC15M-26MAY181600-00 yes_bid=56 yes_ask=57 no_bid=43 no_ask=44 book_ready=True position=False pending=False dry_run=False trust=synced run_id=b65bb902-07f5-4f58-92fa-f7e9277fa0d0
2026-05-18 15:46:41,193 | INFO | Heartbeat | watch=KXBTC15M-26MAY181600-00 yes_bid=61 yes_ask=62 no_bid=38 no_ask=39 book_ready=True position=False pending=False dry_run=False trust=synced run_id=b65bb902-07f5-4f58-92fa-f7e9277fa0d0
2026-05-18 15:46:56,274 | INFO | Heartbeat | watch=KXBTC15M-26MAY181600-00 yes_bid=55 yes_ask=56 no_bid=44 no_ask=45 book_ready=True position=False pending=False dry_run=False trust=synced run_id=b65bb902-07f5-4f58-92fa-f7e9277fa0d0
2026-05-18 15:47:11,281 | INFO | Heartbeat | watch=KXBTC15M-26MAY181600-00 yes_bid=48 yes_ask=49 no_bid=51 no_ask=52 book_ready=True position=False pending=False dry_run=False trust=synced run_id=b65bb902-07f5-4f58-92fa-f7e9277fa0d0
2026-05-18 15:47:26,274 | INFO | Heartbeat | watch=KXBTC15M-26MAY181600-00 yes_bid=47 yes_ask=48 no_bid=52 no_ask=53 book_ready=True position=False pending=False dry_run=False trust=synced run_id=b65bb902-07f5-4f58-92fa-f7e9277fa0d0
2026-05-18 15:47:41,294 | INFO | Heartbeat | watch=KXBTC15M-26MAY181600-00 yes_bid=49 yes_ask=50 no_bid=50 no_ask=51 book_ready=True position=False pending=False dry_run=False trust=synced run_id=b65bb902-07f5-4f58-92fa-f7e9277fa0d0
2026-05-18 15:47:56,307 | INFO | Heartbeat | watch=KXBTC15M-26MAY181600-00 yes_bid=43 yes_ask=44 no_bid=56 no_ask=57 book_ready=True position=False pending=False dry_run=False trust=synced run_id=b65bb902-07f5-4f58-92fa-f7e9277fa0d0
2026-05-18 15:48:11,319 | INFO | Heartbeat | watch=KXBTC15M-26MAY181600-00 yes_bid=38 yes_ask=39 no_bid=61 no_ask=62 book_ready=True position=False pending=False dry_run=False trust=synced run_id=b65bb902-07f5-4f58-92fa-f7e9277fa0d0
2026-05-18 15:48:26,372 | INFO | Heartbeat | watch=KXBTC15M-26MAY181600-00 yes_bid=46 yes_ask=47 no_bid=53 no_ask=54 book_ready=True position=False pending=False dry_run=False trust=synced run_id=b65bb902-07f5-4f58-92fa-f7e9277fa0d0
2026-05-18 15:48:41,472 | INFO | Heartbeat | watch=KXBTC15M-26MAY181600-00 yes_bid=39 yes_ask=40 no_bid=60 no_ask=61 book_ready=True position=False pending=False dry_run=False trust=synced run_id=b65bb902-07f5-4f58-92fa-f7e9277fa0d0
2026-05-18 15:48:56,495 | INFO | Heartbeat | watch=KXBTC15M-26MAY181600-00 yes_bid=44 yes_ask=45 no_bid=55 no_ask=56 book_ready=True position=False pending=False dry_run=False trust=synced run_id=b65bb902-07f5-4f58-92fa-f7e9277fa0d0
2026-05-18 15:49:11,489 | INFO | Heartbeat | watch=KXBTC15M-26MAY181600-00 yes_bid=47 yes_ask=48 no_bid=52 no_ask=53 book_ready=True position=False pending=False dry_run=False trust=synced run_id=b65bb902-07f5-4f58-92fa-f7e9277fa0d0
2026-05-18 15:49:26,518 | INFO | Heartbeat | watch=KXBTC15M-26MAY181600-00 yes_bid=58 yes_ask=59 no_bid=41 no_ask=42 book_ready=True position=False pending=False dry_run=False trust=synced run_id=b65bb902-07f5-4f58-92fa-f7e9277fa0d0
2026-05-18 15:49:41,521 | INFO | Heartbeat | watch=KXBTC15M-26MAY181600-00 yes_bid=51 yes_ask=52 no_bid=48 no_ask=49 book_ready=True position=False pending=False dry_run=False trust=synced run_id=b65bb902-07f5-4f58-92fa-f7e9277fa0d0
2026-05-18 15:49:56,511 | INFO | Heartbeat | watch=KXBTC15M-26MAY181600-00 yes_bid=42 yes_ask=44 no_bid=56 no_ask=58 book_ready=True position=False pending=False dry_run=False trust=synced run_id=b65bb902-07f5-4f58-92fa-f7e9277fa0d0
2026-05-18 15:50:11,533 | INFO | Heartbeat | watch=KXBTC15M-26MAY181600-00 yes_bid=42 yes_ask=43 no_bid=57 no_ask=58 book_ready=True position=False pending=False dry_run=False trust=synced run_id=b65bb902-07f5-4f58-92fa-f7e9277fa0d0
2026-05-18 15:50:26,605 | INFO | Heartbeat | watch=KXBTC15M-26MAY181600-00 yes_bid=38 yes_ask=41 no_bid=59 no_ask=62 book_ready=True position=False pending=False dry_run=False trust=synced run_id=b65bb902-07f5-4f58-92fa-f7e9277fa0d0
2026-05-18 15:50:41,634 | INFO | Heartbeat | watch=KXBTC15M-26MAY181600-00 yes_bid=48 yes_ask=49 no_bid=51 no_ask=52 book_ready=True position=False pending=False dry_run=False trust=synced run_id=b65bb902-07f5-4f58-92fa-f7e9277fa0d0
2026-05-18 15:50:56,639 | INFO | Heartbeat | watch=KXBTC15M-26MAY181600-00 yes_bid=53 yes_ask=54 no_bid=46 no_ask=47 book_ready=True position=False pending=False dry_run=False trust=synced run_id=b65bb902-07f5-4f58-92fa-f7e9277fa0d0
2026-05-18 15:51:05,363 | WARNING | Market refresh failed. Keeping current watch. Error: 429 Too Many Requests: {"error":{"code":"too_many_requests","message":"too many requests"}}
2026-05-18 15:51:11,657 | INFO | Heartbeat | watch=KXBTC15M-26MAY181600-00 yes_bid=54 yes_ask=55 no_bid=45 no_ask=46 book_ready=True position=False pending=False dry_run=False trust=synced run_id=b65bb902-07f5-4f58-92fa-f7e9277fa0d0
2026-05-18 15:51:26,649 | INFO | Heartbeat | watch=KXBTC15M-26MAY181600-00 yes_bid=61 yes_ask=62 no_bid=38 no_ask=39 book_ready=True position=False pending=False dry_run=False trust=synced run_id=b65bb902-07f5-4f58-92fa-f7e9277fa0d0
2026-05-18 15:51:41,656 | INFO | Heartbeat | watch=KXBTC15M-26MAY181600-00 yes_bid=59 yes_ask=60 no_bid=40 no_ask=41 book_ready=True position=False pending=False dry_run=False trust=synced run_id=b65bb902-07f5-4f58-92fa-f7e9277fa0d0
2026-05-18 15:51:56,683 | INFO | Heartbeat | watch=KXBTC15M-26MAY181600-00 yes_bid=68 yes_ask=69 no_bid=31 no_ask=32 book_ready=True position=False pending=False dry_run=False trust=synced run_id=b65bb902-07f5-4f58-92fa-f7e9277fa0d0
2026-05-18 15:52:11,717 | INFO | Heartbeat | watch=KXBTC15M-26MAY181600-00 yes_bid=71 yes_ask=72 no_bid=28 no_ask=29 book_ready=True position=False pending=False dry_run=False trust=synced run_id=b65bb902-07f5-4f58-92fa-f7e9277fa0d0
2026-05-18 15:52:26,747 | INFO | Heartbeat | watch=KXBTC15M-26MAY181600-00 yes_bid=78 yes_ask=79 no_bid=21 no_ask=22 book_ready=True position=False pending=False dry_run=False trust=synced run_id=b65bb902-07f5-4f58-92fa-f7e9277fa0d0
2026-05-18 15:52:41,743 | INFO | Heartbeat | watch=KXBTC15M-26MAY181600-00 yes_bid=81 yes_ask=82 no_bid=18 no_ask=19 book_ready=True position=False pending=False dry_run=False trust=synced run_id=b65bb902-07f5-4f58-92fa-f7e9277fa0d0
2026-05-18 15:52:56,764 | INFO | Heartbeat | watch=KXBTC15M-26MAY181600-00 yes_bid=83 yes_ask=84 no_bid=16 no_ask=17 book_ready=True position=False pending=False dry_run=False trust=synced run_id=b65bb902-07f5-4f58-92fa-f7e9277fa0d0
2026-05-18 15:53:11,764 | INFO | Heartbeat | watch=KXBTC15M-26MAY181600-00 yes_bid=81 yes_ask=82 no_bid=18 no_ask=19 book_ready=True position=False pending=False dry_run=False trust=synced run_id=b65bb902-07f5-4f58-92fa-f7e9277fa0d0
2026-05-18 15:53:26,758 | INFO | Heartbeat | watch=KXBTC15M-26MAY181600-00 yes_bid=76 yes_ask=77 no_bid=23 no_ask=24 book_ready=True position=False pending=False dry_run=False trust=synced run_id=b65bb902-07f5-4f58-92fa-f7e9277fa0d0
2026-05-18 15:53:41,780 | INFO | Heartbeat | watch=KXBTC15M-26MAY181600-00 yes_bid=72 yes_ask=73 no_bid=27 no_ask=28 book_ready=True position=False pending=False dry_run=False trust=synced run_id=b65bb902-07f5-4f58-92fa-f7e9277fa0d0
2026-05-18 15:53:49,577 | WARNING | Market refresh failed. Keeping current watch. Error: 429 Too Many Requests: {"error":{"code":"too_many_requests","message":"too many requests"}}
2026-05-18 15:53:56,803 | INFO | Heartbeat | watch=KXBTC15M-26MAY181600-00 yes_bid=65 yes_ask=66 no_bid=34 no_ask=35 book_ready=True position=False pending=False dry_run=False trust=synced run_id=b65bb902-07f5-4f58-92fa-f7e9277fa0d0
2026-05-18 15:54:11,845 | INFO | Heartbeat | watch=KXBTC15M-26MAY181600-00 yes_bid=60 yes_ask=61 no_bid=39 no_ask=40 book_ready=True position=False pending=False dry_run=False trust=synced run_id=b65bb902-07f5-4f58-92fa-f7e9277fa0d0
2026-05-18 15:54:26,866 | INFO | Heartbeat | watch=KXBTC15M-26MAY181600-00 yes_bid=56 yes_ask=57 no_bid=43 no_ask=44 book_ready=True position=False pending=False dry_run=False trust=synced run_id=b65bb902-07f5-4f58-92fa-f7e9277fa0d0
2026-05-18 15:54:41,889 | INFO | Heartbeat | watch=KXBTC15M-26MAY181600-00 yes_bid=55 yes_ask=56 no_bid=44 no_ask=45 book_ready=True position=False pending=False dry_run=False trust=synced run_id=b65bb902-07f5-4f58-92fa-f7e9277fa0d0
2026-05-18 15:54:56,888 | INFO | Heartbeat | watch=KXBTC15M-26MAY181600-00 yes_bid=48 yes_ask=49 no_bid=51 no_ask=52 book_ready=True position=False pending=False dry_run=False trust=synced run_id=b65bb902-07f5-4f58-92fa-f7e9277fa0d0
2026-05-18 15:55:11,887 | INFO | Heartbeat | watch=KXBTC15M-26MAY181600-00 yes_bid=57 yes_ask=59 no_bid=41 no_ask=43 book_ready=True position=False pending=False dry_run=False trust=synced run_id=b65bb902-07f5-4f58-92fa-f7e9277fa0d0
2026-05-18 15:55:26,903 | INFO | Heartbeat | watch=KXBTC15M-26MAY181600-00 yes_bid=61 yes_ask=62 no_bid=38 no_ask=39 book_ready=True position=False pending=False dry_run=False trust=synced run_id=b65bb902-07f5-4f58-92fa-f7e9277fa0d0
2026-05-18 15:55:41,934 | INFO | Heartbeat | watch=KXBTC15M-26MAY181600-00 yes_bid=53 yes_ask=54 no_bid=46 no_ask=47 book_ready=True position=False pending=False dry_run=False trust=synced run_id=b65bb902-07f5-4f58-92fa-f7e9277fa0d0
2026-05-18 15:55:56,965 | INFO | Heartbeat | watch=KXBTC15M-26MAY181600-00 yes_bid=46 yes_ask=47 no_bid=53 no_ask=54 book_ready=True position=False pending=False dry_run=False trust=synced run_id=b65bb902-07f5-4f58-92fa-f7e9277fa0d0
2026-05-18 15:56:11,976 | INFO | Heartbeat | watch=KXBTC15M-26MAY181600-00 yes_bid=58 yes_ask=59 no_bid=41 no_ask=42 book_ready=True position=False pending=False dry_run=False trust=synced run_id=b65bb902-07f5-4f58-92fa-f7e9277fa0d0
2026-05-18 15:56:27,011 | INFO | Heartbeat | watch=KXBTC15M-26MAY181600-00 yes_bid=73 yes_ask=74 no_bid=26 no_ask=27 book_ready=True position=False pending=False dry_run=False trust=synced run_id=b65bb902-07f5-4f58-92fa-f7e9277fa0d0
2026-05-18 15:56:42,016 | INFO | Heartbeat | watch=KXBTC15M-26MAY181600-00 yes_bid=59 yes_ask=60 no_bid=40 no_ask=41 book_ready=True position=False pending=False dry_run=False trust=synced run_id=b65bb902-07f5-4f58-92fa-f7e9277fa0d0
2026-05-18 15:56:57,039 | INFO | Heartbeat | watch=KXBTC15M-26MAY181600-00 yes_bid=35 yes_ask=36 no_bid=64 no_ask=65 book_ready=True position=False pending=False dry_run=False trust=synced run_id=b65bb902-07f5-4f58-92fa-f7e9277fa0d0
2026-05-18 15:57:12,042 | INFO | Heartbeat | watch=KXBTC15M-26MAY181600-00 yes_bid=45 yes_ask=47 no_bid=53 no_ask=55 book_ready=True position=False pending=False dry_run=False trust=synced run_id=b65bb902-07f5-4f58-92fa-f7e9277fa0d0
2026-05-18 15:57:27,038 | INFO | Heartbeat | watch=KXBTC15M-26MAY181600-00 yes_bid=52 yes_ask=53 no_bid=47 no_ask=48 book_ready=True position=False pending=False dry_run=False trust=synced run_id=b65bb902-07f5-4f58-92fa-f7e9277fa0d0
2026-05-18 15:57:42,068 | INFO | Heartbeat | watch=KXBTC15M-26MAY181600-00 yes_bid=36 yes_ask=37 no_bid=63 no_ask=64 book_ready=True position=False pending=False dry_run=False trust=synced run_id=b65bb902-07f5-4f58-92fa-f7e9277fa0d0
2026-05-18 15:57:57,083 | INFO | Heartbeat | watch=KXBTC15M-26MAY181600-00 yes_bid=37 yes_ask=38 no_bid=62 no_ask=63 book_ready=True position=False pending=False dry_run=False trust=synced run_id=b65bb902-07f5-4f58-92fa-f7e9277fa0d0
2026-05-18 15:58:12,104 | INFO | Heartbeat | watch=KXBTC15M-26MAY181600-00 yes_bid=37 yes_ask=38 no_bid=62 no_ask=63 book_ready=True position=False pending=False dry_run=False trust=synced run_id=b65bb902-07f5-4f58-92fa-f7e9277fa0d0
2026-05-18 15:58:27,117 | INFO | Heartbeat | watch=KXBTC15M-26MAY181600-00 yes_bid=51 yes_ask=52 no_bid=48 no_ask=49 book_ready=True position=False pending=False dry_run=False trust=synced run_id=b65bb902-07f5-4f58-92fa-f7e9277fa0d0
2026-05-18 15:58:42,151 | INFO | Heartbeat | watch=KXBTC15M-26MAY181600-00 yes_bid=37 yes_ask=38 no_bid=62 no_ask=63 book_ready=True position=False pending=False dry_run=False trust=synced run_id=b65bb902-07f5-4f58-92fa-f7e9277fa0d0
2026-05-18 15:58:57,195 | INFO | Heartbeat | watch=KXBTC15M-26MAY181600-00 yes_bid=42 yes_ask=43 no_bid=57 no_ask=58 book_ready=True position=False pending=False dry_run=False trust=synced run_id=b65bb902-07f5-4f58-92fa-f7e9277fa0d0
2026-05-18 15:59:12,236 | INFO | Heartbeat | watch=KXBTC15M-26MAY181600-00 yes_bid=18 yes_ask=20 no_bid=80 no_ask=82 book_ready=True position=False pending=False dry_run=False trust=synced run_id=b65bb902-07f5-4f58-92fa-f7e9277fa0d0
2026-05-18 15:59:27,347 | INFO | Heartbeat | watch=KXBTC15M-26MAY181600-00 yes_bid=3 yes_ask=3 no_bid=97 no_ask=97 book_ready=True position=False pending=False dry_run=False trust=synced run_id=b65bb902-07f5-4f58-92fa-f7e9277fa0d0
2026-05-18 15:59:42,344 | INFO | Heartbeat | watch=KXBTC15M-26MAY181600-00 yes_bid=2 yes_ask=3 no_bid=97 no_ask=98 book_ready=True position=False pending=False dry_run=False trust=synced run_id=b65bb902-07f5-4f58-92fa-f7e9277fa0d0
2026-05-18 15:59:57,357 | INFO | Heartbeat | watch=KXBTC15M-26MAY181600-00 yes_bid=0 yes_ask=0 no_bid=100 no_ask=100 book_ready=True position=False pending=False dry_run=False trust=synced run_id=b65bb902-07f5-4f58-92fa-f7e9277fa0d0
2026-05-18 16:00:01,493 | INFO | Orderbook snapshot ready for KXBTC15M-26MAY181600-00
2026-05-18 16:00:12,360 | INFO | Heartbeat | watch=KXBTC15M-26MAY181600-00 yes_bid=0 yes_ask=0 no_bid=100 no_ask=100 book_ready=True position=False pending=False dry_run=False trust=synced run_id=b65bb902-07f5-4f58-92fa-f7e9277fa0d0
2026-05-18 16:00:27,401 | INFO | Heartbeat | watch=KXBTC15M-26MAY181600-00 yes_bid=0 yes_ask=0 no_bid=100 no_ask=100 book_ready=True position=False pending=False dry_run=False trust=synced run_id=b65bb902-07f5-4f58-92fa-f7e9277fa0d0
2026-05-18 16:00:31,304 | INFO | Watching market KXBTC15M-26MAY181615-15 close_time=2026-05-18T20:15:00Z status=active strike=76828.89 run_id=b65bb902-07f5-4f58-92fa-f7e9277fa0d0
2026-05-18 16:00:31,460 | INFO | WS connected for KXBTC15M-26MAY181615-15
2026-05-18 16:00:31,506 | INFO | WS subscribed payload: {'type': 'subscribed', 'id': 4, 'msg': {'channel': 'ticker', 'sid': 1}}
2026-05-18 16:00:31,506 | INFO | WS subscribed payload: {'type': 'subscribed', 'id': 4, 'msg': {'channel': 'orderbook_delta', 'sid': 2}}
2026-05-18 16:00:31,509 | INFO | Orderbook snapshot ready for KXBTC15M-26MAY181615-15
2026-05-18 16:00:42,423 | INFO | Heartbeat | watch=KXBTC15M-26MAY181615-15 yes_bid=73 yes_ask=74 no_bid=26 no_ask=27 book_ready=True position=False pending=False dry_run=False trust=synced run_id=b65bb902-07f5-4f58-92fa-f7e9277fa0d0
2026-05-18 16:00:57,444 | INFO | Heartbeat | watch=KXBTC15M-26MAY181615-15 yes_bid=73 yes_ask=74 no_bid=26 no_ask=27 book_ready=True position=False pending=False dry_run=False trust=synced run_id=b65bb902-07f5-4f58-92fa-f7e9277fa0d0
2026-05-18 16:01:12,460 | INFO | Heartbeat | watch=KXBTC15M-26MAY181615-15 yes_bid=76 yes_ask=77 no_bid=23 no_ask=24 book_ready=True position=False pending=False dry_run=False trust=synced run_id=b65bb902-07f5-4f58-92fa-f7e9277fa0d0
2026-05-18 16:01:27,494 | INFO | Heartbeat | watch=KXBTC15M-26MAY181615-15 yes_bid=75 yes_ask=76 no_bid=24 no_ask=25 book_ready=True position=False pending=False dry_run=False trust=synced run_id=b65bb902-07f5-4f58-92fa-f7e9277fa0d0
2026-05-18 16:01:42,544 | INFO | Heartbeat | watch=KXBTC15M-26MAY181615-15 yes_bid=77 yes_ask=78 no_bid=22 no_ask=23 book_ready=True position=False pending=False dry_run=False trust=synced run_id=b65bb902-07f5-4f58-92fa-f7e9277fa0d0
2026-05-18 16:01:57,594 | INFO | Heartbeat | watch=KXBTC15M-26MAY181615-15 yes_bid=77 yes_ask=78 no_bid=22 no_ask=23 book_ready=True position=False pending=False dry_run=False trust=synced run_id=b65bb902-07f5-4f58-92fa-f7e9277fa0d0
2026-05-18 16:02:04,130 | INFO | Mushroom v28 entry approved | market=KXBTC15M-26MAY181615-15 side=yes ask=78c max_buy=83c qty=2 p_side=0.8851 edge=7.010c depth=2052.96 btc_age_ms=141.0 secs_to_close=775.87
2026-05-18 16:02:04,148 | INFO | Execution state | market=KXBTC15M-26MAY181615-15 side=yes state=eligible reason=pre_filters_disabled trust=synced run_id=b65bb902-07f5-4f58-92fa-f7e9277fa0d0
2026-05-18 16:02:04,148 | INFO | Live fill policy approved | market=KXBTC15M-26MAY181615-15 side=yes trigger=78c tif=immediate_or_cancel limit=78c depth=2052.96 required=3 book_age_ms=625.0 secs_to_close=775.87 reason=single_shot_abundant_depth
2026-05-18 16:02:04,148 | INFO | ENTRY signal | market=KXBTC15M-26MAY181615-15 action=buy side=yes trigger=78c limit=78c qty=2 book_ready=True
2026-05-18 16:02:04,148 | INFO | Execution state | market=KXBTC15M-26MAY181615-15 side=yes state=submitting reason=single_shot_abundant_depth trust=synced run_id=b65bb902-07f5-4f58-92fa-f7e9277fa0d0
2026-05-18 16:02:04,205 | INFO | ENTRY immediate fill | market=KXBTC15M-26MAY181615-15 side=yes qty=2 limit=78c
2026-05-18 16:02:04,205 | INFO | Execution state | market=KXBTC15M-26MAY181615-15 side=yes state=filled reason=single_shot_abundant_depth trust=synced run_id=b65bb902-07f5-4f58-92fa-f7e9277fa0d0
2026-05-18 16:02:12,607 | INFO | Heartbeat | watch=KXBTC15M-26MAY181615-15 yes_bid=76 yes_ask=78 no_bid=22 no_ask=24 book_ready=True position=True pending=False dry_run=False trust=synced run_id=b65bb902-07f5-4f58-92fa-f7e9277fa0d0
2026-05-18 16:02:27,656 | INFO | Heartbeat | watch=KXBTC15M-26MAY181615-15 yes_bid=74 yes_ask=75 no_bid=25 no_ask=26 book_ready=True position=True pending=False dry_run=False trust=synced run_id=b65bb902-07f5-4f58-92fa-f7e9277fa0d0
2026-05-18 16:02:42,669 | INFO | Heartbeat | watch=KXBTC15M-26MAY181615-15 yes_bid=75 yes_ask=76 no_bid=24 no_ask=25 book_ready=True position=True pending=False dry_run=False trust=synced run_id=b65bb902-07f5-4f58-92fa-f7e9277fa0d0
2026-05-18 16:02:57,690 | INFO | Heartbeat | watch=KXBTC15M-26MAY181615-15 yes_bid=73 yes_ask=74 no_bid=26 no_ask=27 book_ready=True position=True pending=False dry_run=False trust=synced run_id=b65bb902-07f5-4f58-92fa-f7e9277fa0d0
2026-05-18 16:03:12,724 | INFO | Heartbeat | watch=KXBTC15M-26MAY181615-15 yes_bid=69 yes_ask=70 no_bid=30 no_ask=31 book_ready=True position=True pending=False dry_run=False trust=synced run_id=b65bb902-07f5-4f58-92fa-f7e9277fa0d0
2026-05-18 16:03:27,711 | INFO | Heartbeat | watch=KXBTC15M-26MAY181615-15 yes_bid=78 yes_ask=79 no_bid=21 no_ask=22 book_ready=True position=True pending=False dry_run=False trust=synced run_id=b65bb902-07f5-4f58-92fa-f7e9277fa0d0
2026-05-18 16:03:42,722 | INFO | Heartbeat | watch=KXBTC15M-26MAY181615-15 yes_bid=80 yes_ask=81 no_bid=19 no_ask=20 book_ready=True position=True pending=False dry_run=False trust=synced run_id=b65bb902-07f5-4f58-92fa-f7e9277fa0d0
2026-05-18 16:03:57,743 | INFO | Heartbeat | watch=KXBTC15M-26MAY181615-15 yes_bid=80 yes_ask=81 no_bid=19 no_ask=20 book_ready=True position=True pending=False dry_run=False trust=synced run_id=b65bb902-07f5-4f58-92fa-f7e9277fa0d0
2026-05-18 16:04:12,791 | INFO | Heartbeat | watch=KXBTC15M-26MAY181615-15 yes_bid=82 yes_ask=83 no_bid=17 no_ask=18 book_ready=True position=True pending=False dry_run=False trust=synced run_id=b65bb902-07f5-4f58-92fa-f7e9277fa0d0
2026-05-18 16:04:27,802 | INFO | Heartbeat | watch=KXBTC15M-26MAY181615-15 yes_bid=78 yes_ask=79 no_bid=21 no_ask=22 book_ready=True position=True pending=False dry_run=False trust=synced run_id=b65bb902-07f5-4f58-92fa-f7e9277fa0d0
2026-05-18 16:04:42,818 | INFO | Heartbeat | watch=KXBTC15M-26MAY181615-15 yes_bid=71 yes_ask=72 no_bid=28 no_ask=29 book_ready=True position=True pending=False dry_run=False trust=synced run_id=b65bb902-07f5-4f58-92fa-f7e9277fa0d0
2026-05-18 16:04:57,816 | INFO | Heartbeat | watch=KXBTC15M-26MAY181615-15 yes_bid=74 yes_ask=75 no_bid=25 no_ask=26 book_ready=True position=True pending=False dry_run=False trust=synced run_id=b65bb902-07f5-4f58-92fa-f7e9277fa0d0
2026-05-18 16:05:12,825 | INFO | Heartbeat | watch=KXBTC15M-26MAY181615-15 yes_bid=73 yes_ask=74 no_bid=26 no_ask=27 book_ready=True position=True pending=False dry_run=False trust=synced run_id=b65bb902-07f5-4f58-92fa-f7e9277fa0d0
2026-05-18 16:05:27,851 | INFO | Heartbeat | watch=KXBTC15M-26MAY181615-15 yes_bid=68 yes_ask=69 no_bid=31 no_ask=32 book_ready=True position=True pending=False dry_run=False trust=synced run_id=b65bb902-07f5-4f58-92fa-f7e9277fa0d0
2026-05-18 16:05:42,896 | INFO | Heartbeat | watch=KXBTC15M-26MAY181615-15 yes_bid=65 yes_ask=66 no_bid=34 no_ask=35 book_ready=True position=True pending=False dry_run=False trust=synced run_id=b65bb902-07f5-4f58-92fa-f7e9277fa0d0
2026-05-18 16:05:57,938 | INFO | Heartbeat | watch=KXBTC15M-26MAY181615-15 yes_bid=50 yes_ask=51 no_bid=49 no_ask=50 book_ready=True position=True pending=False dry_run=False trust=synced run_id=b65bb902-07f5-4f58-92fa-f7e9277fa0d0
2026-05-18 16:06:12,979 | INFO | Heartbeat | watch=KXBTC15M-26MAY181615-15 yes_bid=53 yes_ask=54 no_bid=46 no_ask=47 book_ready=True position=True pending=False dry_run=False trust=synced run_id=b65bb902-07f5-4f58-92fa-f7e9277fa0d0
2026-05-18 16:06:28,001 | INFO | Heartbeat | watch=KXBTC15M-26MAY181615-15 yes_bid=59 yes_ask=61 no_bid=39 no_ask=41 book_ready=True position=True pending=False dry_run=False trust=synced run_id=b65bb902-07f5-4f58-92fa-f7e9277fa0d0
2026-05-18 16:06:43,044 | INFO | Heartbeat | watch=KXBTC15M-26MAY181615-15 yes_bid=66 yes_ask=67 no_bid=33 no_ask=34 book_ready=True position=True pending=False dry_run=False trust=synced run_id=b65bb902-07f5-4f58-92fa-f7e9277fa0d0
2026-05-18 16:06:58,063 | INFO | Heartbeat | watch=KXBTC15M-26MAY181615-15 yes_bid=72 yes_ask=73 no_bid=27 no_ask=28 book_ready=True position=True pending=False dry_run=False trust=synced run_id=b65bb902-07f5-4f58-92fa-f7e9277fa0d0
2026-05-18 16:07:13,060 | INFO | Heartbeat | watch=KXBTC15M-26MAY181615-15 yes_bid=76 yes_ask=77 no_bid=23 no_ask=24 book_ready=True position=True pending=False dry_run=False trust=synced run_id=b65bb902-07f5-4f58-92fa-f7e9277fa0d0
2026-05-18 16:07:28,101 | INFO | Heartbeat | watch=KXBTC15M-26MAY181615-15 yes_bid=75 yes_ask=76 no_bid=24 no_ask=25 book_ready=True position=True pending=False dry_run=False trust=synced run_id=b65bb902-07f5-4f58-92fa-f7e9277fa0d0
2026-05-18 16:07:43,125 | INFO | Heartbeat | watch=KXBTC15M-26MAY181615-15 yes_bid=80 yes_ask=81 no_bid=19 no_ask=20 book_ready=True position=True pending=False dry_run=False trust=synced run_id=b65bb902-07f5-4f58-92fa-f7e9277fa0d0
2026-05-18 16:07:58,141 | INFO | Heartbeat | watch=KXBTC15M-26MAY181615-15 yes_bid=82 yes_ask=84 no_bid=16 no_ask=18 book_ready=True position=True pending=False dry_run=False trust=synced run_id=b65bb902-07f5-4f58-92fa-f7e9277fa0d0
2026-05-18 16:08:03,295 | INFO | Mushroom v28 entry approved | market=KXBTC15M-26MAY181615-15 side=yes ask=81c max_buy=83c qty=2 p_side=0.8866 edge=4.165c depth=1921.01 btc_age_ms=687.0 secs_to_close=416.70
2026-05-18 16:08:03,305 | INFO | Execution state | market=KXBTC15M-26MAY181615-15 side=yes state=eligible reason=pre_filters_disabled trust=synced run_id=b65bb902-07f5-4f58-92fa-f7e9277fa0d0
2026-05-18 16:08:03,305 | INFO | Live fill policy approved | market=KXBTC15M-26MAY181615-15 side=yes trigger=81c tif=immediate_or_cancel limit=81c depth=1921.01 required=3 book_age_ms=796.0 secs_to_close=416.70 reason=single_shot_abundant_depth
2026-05-18 16:08:03,308 | INFO | ENTRY signal | market=KXBTC15M-26MAY181615-15 action=buy side=yes trigger=81c limit=81c qty=2 book_ready=True
2026-05-18 16:08:03,308 | INFO | Execution state | market=KXBTC15M-26MAY181615-15 side=yes state=submitting reason=single_shot_abundant_depth trust=synced run_id=b65bb902-07f5-4f58-92fa-f7e9277fa0d0
2026-05-18 16:08:03,353 | INFO | ENTRY immediate fill | market=KXBTC15M-26MAY181615-15 side=yes qty=2 limit=81c
2026-05-18 16:08:03,353 | INFO | Execution state | market=KXBTC15M-26MAY181615-15 side=yes state=filled reason=single_shot_abundant_depth trust=synced run_id=b65bb902-07f5-4f58-92fa-f7e9277fa0d0
2026-05-18 16:08:13,140 | INFO | Heartbeat | watch=KXBTC15M-26MAY181615-15 yes_bid=79 yes_ask=80 no_bid=20 no_ask=21 book_ready=True position=True pending=False dry_run=False trust=synced run_id=b65bb902-07f5-4f58-92fa-f7e9277fa0d0
2026-05-18 16:08:28,185 | INFO | Heartbeat | watch=KXBTC15M-26MAY181615-15 yes_bid=80 yes_ask=81 no_bid=19 no_ask=20 book_ready=True position=True pending=False dry_run=False trust=synced run_id=b65bb902-07f5-4f58-92fa-f7e9277fa0d0
2026-05-18 16:08:43,184 | INFO | Heartbeat | watch=KXBTC15M-26MAY181615-15 yes_bid=82 yes_ask=83 no_bid=17 no_ask=18 book_ready=True position=True pending=False dry_run=False trust=synced run_id=b65bb902-07f5-4f58-92fa-f7e9277fa0d0
2026-05-18 16:08:58,199 | INFO | Heartbeat | watch=KXBTC15M-26MAY181615-15 yes_bid=84 yes_ask=85 no_bid=15 no_ask=16 book_ready=True position=True pending=False dry_run=False trust=synced run_id=b65bb902-07f5-4f58-92fa-f7e9277fa0d0
2026-05-18 16:09:13,221 | INFO | Heartbeat | watch=KXBTC15M-26MAY181615-15 yes_bid=87 yes_ask=88 no_bid=12 no_ask=13 book_ready=True position=True pending=False dry_run=False trust=synced run_id=b65bb902-07f5-4f58-92fa-f7e9277fa0d0
2026-05-18 16:09:28,215 | INFO | Heartbeat | watch=KXBTC15M-26MAY181615-15 yes_bid=89 yes_ask=90 no_bid=10 no_ask=11 book_ready=True position=True pending=False dry_run=False trust=synced run_id=b65bb902-07f5-4f58-92fa-f7e9277fa0d0
2026-05-18 16:09:43,227 | INFO | Heartbeat | watch=KXBTC15M-26MAY181615-15 yes_bid=83 yes_ask=84 no_bid=16 no_ask=17 book_ready=True position=True pending=False dry_run=False trust=synced run_id=b65bb902-07f5-4f58-92fa-f7e9277fa0d0
2026-05-18 16:09:58,239 | INFO | Heartbeat | watch=KXBTC15M-26MAY181615-15 yes_bid=84 yes_ask=85 no_bid=15 no_ask=16 book_ready=True position=True pending=False dry_run=False trust=synced run_id=b65bb902-07f5-4f58-92fa-f7e9277fa0d0
2026-05-18 16:10:13,252 | INFO | Heartbeat | watch=KXBTC15M-26MAY181615-15 yes_bid=86 yes_ask=87 no_bid=13 no_ask=14 book_ready=True position=True pending=False dry_run=False trust=synced run_id=b65bb902-07f5-4f58-92fa-f7e9277fa0d0
2026-05-18 16:10:28,242 | INFO | Heartbeat | watch=KXBTC15M-26MAY181615-15 yes_bid=87 yes_ask=88 no_bid=12 no_ask=13 book_ready=True position=True pending=False dry_run=False trust=synced run_id=b65bb902-07f5-4f58-92fa-f7e9277fa0d0
2026-05-18 16:10:43,273 | INFO | Heartbeat | watch=KXBTC15M-26MAY181615-15 yes_bid=93 yes_ask=93 no_bid=7 no_ask=7 book_ready=True position=True pending=False dry_run=False trust=synced run_id=b65bb902-07f5-4f58-92fa-f7e9277fa0d0
2026-05-18 16:10:58,293 | INFO | Heartbeat | watch=KXBTC15M-26MAY181615-15 yes_bid=94 yes_ask=95 no_bid=5 no_ask=6 book_ready=True position=True pending=False dry_run=False trust=synced run_id=b65bb902-07f5-4f58-92fa-f7e9277fa0d0
2026-05-18 16:11:13,338 | INFO | Heartbeat | watch=KXBTC15M-26MAY181615-15 yes_bid=96 yes_ask=97 no_bid=3 no_ask=4 book_ready=True position=True pending=False dry_run=False trust=synced run_id=b65bb902-07f5-4f58-92fa-f7e9277fa0d0
2026-05-18 16:11:28,369 | INFO | Heartbeat | watch=KXBTC15M-26MAY181615-15 yes_bid=98 yes_ask=98 no_bid=2 no_ask=2 book_ready=True position=True pending=False dry_run=False trust=synced run_id=b65bb902-07f5-4f58-92fa-f7e9277fa0d0
2026-05-18 16:11:43,393 | INFO | Heartbeat | watch=KXBTC15M-26MAY181615-15 yes_bid=97 yes_ask=98 no_bid=2 no_ask=3 book_ready=True position=True pending=False dry_run=False trust=synced run_id=b65bb902-07f5-4f58-92fa-f7e9277fa0d0
2026-05-18 16:11:58,408 | INFO | Heartbeat | watch=KXBTC15M-26MAY181615-15 yes_bid=99 yes_ask=99 no_bid=1 no_ask=1 book_ready=True position=True pending=False dry_run=False trust=synced run_id=b65bb902-07f5-4f58-92fa-f7e9277fa0d0
2026-05-18 16:12:13,401 | INFO | Heartbeat | watch=KXBTC15M-26MAY181615-15 yes_bid=99 yes_ask=100 no_bid=0 no_ask=1 book_ready=True position=True pending=False dry_run=False trust=synced run_id=b65bb902-07f5-4f58-92fa-f7e9277fa0d0
2026-05-18 16:12:28,400 | INFO | Heartbeat | watch=KXBTC15M-26MAY181615-15 yes_bid=100 yes_ask=100 no_bid=0 no_ask=0 book_ready=True position=True pending=False dry_run=False trust=synced run_id=b65bb902-07f5-4f58-92fa-f7e9277fa0d0
2026-05-18 16:12:43,436 | INFO | Heartbeat | watch=KXBTC15M-26MAY181615-15 yes_bid=99 yes_ask=99 no_bid=1 no_ask=1 book_ready=True position=True pending=False dry_run=False trust=synced run_id=b65bb902-07f5-4f58-92fa-f7e9277fa0d0
2026-05-18 16:12:58,446 | INFO | Heartbeat | watch=KXBTC15M-26MAY181615-15 yes_bid=99 yes_ask=99 no_bid=1 no_ask=1 book_ready=True position=True pending=False dry_run=False trust=synced run_id=b65bb902-07f5-4f58-92fa-f7e9277fa0d0
2026-05-18 16:13:13,486 | INFO | Heartbeat | watch=KXBTC15M-26MAY181615-15 yes_bid=99 yes_ask=100 no_bid=0 no_ask=1 book_ready=True position=True pending=False dry_run=False trust=synced run_id=b65bb902-07f5-4f58-92fa-f7e9277fa0d0
2026-05-18 16:13:28,484 | INFO | Heartbeat | watch=KXBTC15M-26MAY181615-15 yes_bid=100 yes_ask=100 no_bid=0 no_ask=0 book_ready=True position=True pending=False dry_run=False trust=synced run_id=b65bb902-07f5-4f58-92fa-f7e9277fa0d0
2026-05-18 16:13:43,531 | INFO | Heartbeat | watch=KXBTC15M-26MAY181615-15 yes_bid=100 yes_ask=100 no_bid=0 no_ask=0 book_ready=True position=True pending=False dry_run=False trust=synced run_id=b65bb902-07f5-4f58-92fa-f7e9277fa0d0
2026-05-18 16:13:58,531 | INFO | Heartbeat | watch=KXBTC15M-26MAY181615-15 yes_bid=100 yes_ask=100 no_bid=0 no_ask=0 book_ready=True position=True pending=False dry_run=False trust=synced run_id=b65bb902-07f5-4f58-92fa-f7e9277fa0d0
2026-05-18 16:14:13,580 | INFO | Heartbeat | watch=KXBTC15M-26MAY181615-15 yes_bid=100 yes_ask=100 no_bid=0 no_ask=0 book_ready=True position=True pending=False dry_run=False trust=synced run_id=b65bb902-07f5-4f58-92fa-f7e9277fa0d0
2026-05-18 16:14:28,575 | INFO | Heartbeat | watch=KXBTC15M-26MAY181615-15 yes_bid=100 yes_ask=100 no_bid=0 no_ask=0 book_ready=True position=True pending=False dry_run=False trust=synced run_id=b65bb902-07f5-4f58-92fa-f7e9277fa0d0
2026-05-18 16:14:43,602 | INFO | Heartbeat | watch=KXBTC15M-26MAY181615-15 yes_bid=100 yes_ask=100 no_bid=0 no_ask=0 book_ready=True position=True pending=False dry_run=False trust=synced run_id=b65bb902-07f5-4f58-92fa-f7e9277fa0d0
2026-05-18 16:14:58,609 | INFO | Heartbeat | watch=KXBTC15M-26MAY181615-15 yes_bid=100 yes_ask=100 no_bid=0 no_ask=0 book_ready=True position=True pending=False dry_run=False trust=synced run_id=b65bb902-07f5-4f58-92fa-f7e9277fa0d0
2026-05-18 16:15:00,973 | INFO | Orderbook snapshot ready for KXBTC15M-26MAY181615-15
2026-05-18 16:15:01,236 | INFO | Orderbook snapshot ready for KXBTC15M-26MAY181615-15
2026-05-18 16:15:05,186 | INFO | Closed market KXBTC15M-26MAY181615-15 still has a live account position. Keeping position state until settlement fully clears.
2026-05-18 16:15:05,317 | INFO | Closed market KXBTC15M-26MAY181615-15 still has a live account position. Keeping position state until settlement fully clears.
2026-05-18 16:15:05,435 | INFO | Closed market KXBTC15M-26MAY181615-15 still has a live account position. Keeping position state until settlement fully clears.
2026-05-18 16:15:05,546 | INFO | Closed market KXBTC15M-26MAY181615-15 still has a live account position. Keeping position state until settlement fully clears.
2026-05-18 16:15:05,667 | INFO | Closed market KXBTC15M-26MAY181615-15 still has a live account position. Keeping position state until settlement fully clears.
2026-05-18 16:15:05,798 | INFO | Closed market KXBTC15M-26MAY181615-15 still has a live account position. Keeping position state until settlement fully clears.
2026-05-18 16:15:05,932 | INFO | Closed market KXBTC15M-26MAY181615-15 still has a live account position. Keeping position state until settlement fully clears.
2026-05-18 16:15:06,067 | INFO | Closed market KXBTC15M-26MAY181615-15 still has a live account position. Keeping position state until settlement fully clears.
2026-05-18 16:15:06,266 | INFO | Closed market KXBTC15M-26MAY181615-15 still has a live account position. Keeping position state until settlement fully clears.
2026-05-18 16:15:06,385 | INFO | Closed market KXBTC15M-26MAY181615-15 still has a live account position. Keeping position state until settlement fully clears.
2026-05-18 16:15:06,522 | INFO | Closed market KXBTC15M-26MAY181615-15 still has a live account position. Keeping position state until settlement fully clears.
2026-05-18 16:15:06,633 | INFO | Closed market KXBTC15M-26MAY181615-15 still has a live account position. Keeping position state until settlement fully clears.
2026-05-18 16:15:06,862 | INFO | Closed market KXBTC15M-26MAY181615-15 still has a live account position. Keeping position state until settlement fully clears.
2026-05-18 16:15:06,993 | INFO | Closed market KXBTC15M-26MAY181615-15 still has a live account position. Keeping position state until settlement fully clears.
2026-05-18 16:15:07,110 | INFO | Closed market KXBTC15M-26MAY181615-15 still has a live account position. Keeping position state until settlement fully clears.
2026-05-18 16:15:07,245 | INFO | Closed market KXBTC15M-26MAY181615-15 still has a live account position. Keeping position state until settlement fully clears.
2026-05-18 16:15:07,430 | INFO | Closed market KXBTC15M-26MAY181615-15 still has a live account position. Keeping position state until settlement fully clears.
2026-05-18 16:15:07,562 | INFO | Closed market KXBTC15M-26MAY181615-15 still has a live account position. Keeping position state until settlement fully clears.
2026-05-18 16:15:07,669 | INFO | Closed market KXBTC15M-26MAY181615-15 still has a live account position. Keeping position state until settlement fully clears.
2026-05-18 16:15:07,769 | INFO | Closed market KXBTC15M-26MAY181615-15 still has a live account position. Keeping position state until settlement fully clears.
2026-05-18 16:15:07,949 | INFO | Closed market KXBTC15M-26MAY181615-15 still has a live account position. Keeping position state until settlement fully clears.
2026-05-18 16:15:08,047 | INFO | Closed market KXBTC15M-26MAY181615-15 still has a live account position. Keeping position state until settlement fully clears.
2026-05-18 16:15:08,129 | INFO | Closed market KXBTC15M-26MAY181615-15 still has a live account position. Keeping position state until settlement fully clears.
2026-05-18 16:15:08,277 | INFO | Closed market KXBTC15M-26MAY181615-15 still has a live account position. Keeping position state until settlement fully clears.
2026-05-18 16:15:08,384 | INFO | Closed market KXBTC15M-26MAY181615-15 still has a live account position. Keeping position state until settlement fully clears.
2026-05-18 16:15:08,558 | INFO | Closed market KXBTC15M-26MAY181615-15 still has a live account position. Keeping position state until settlement fully clears.
2026-05-18 16:15:08,662 | INFO | Closed market KXBTC15M-26MAY181615-15 still has a live account position. Keeping position state until settlement fully clears.
2026-05-18 16:15:08,773 | INFO | Closed market KXBTC15M-26MAY181615-15 still has a live account position. Keeping position state until settlement fully clears.
2026-05-18 16:15:08,890 | INFO | Closed market KXBTC15M-26MAY181615-15 still has a live account position. Keeping position state until settlement fully clears.
2026-05-18 16:15:09,083 | INFO | Closed market KXBTC15M-26MAY181615-15 still has a live account position. Keeping position state until settlement fully clears.
2026-05-18 16:15:09,200 | INFO | Closed market KXBTC15M-26MAY181615-15 still has a live account position. Keeping position state until settlement fully clears.
2026-05-18 16:15:09,321 | INFO | Closed market KXBTC15M-26MAY181615-15 still has a live account position. Keeping position state until settlement fully clears.
2026-05-18 16:15:09,438 | INFO | Closed market KXBTC15M-26MAY181615-15 still has a live account position. Keeping position state until settlement fully clears.
2026-05-18 16:15:09,647 | INFO | Closed market KXBTC15M-26MAY181615-15 still has a live account position. Keeping position state until settlement fully clears.
2026-05-18 16:15:09,801 | INFO | Closed market KXBTC15M-26MAY181615-15 still has a live account position. Keeping position state until settlement fully clears.
2026-05-18 16:15:09,929 | INFO | Closed market KXBTC15M-26MAY181615-15 still has a live account position. Keeping position state until settlement fully clears.
2026-05-18 16:15:10,049 | INFO | Closed market KXBTC15M-26MAY181615-15 still has a live account position. Keeping position state until settlement fully clears.
2026-05-18 16:15:10,215 | INFO | Closed market KXBTC15M-26MAY181615-15 still has a live account position. Keeping position state until settlement fully clears.
2026-05-18 16:15:10,343 | INFO | Closed market KXBTC15M-26MAY181615-15 still has a live account position. Keeping position state until settlement fully clears.
2026-05-18 16:15:10,463 | INFO | Closed market KXBTC15M-26MAY181615-15 still has a live account position. Keeping position state until settlement fully clears.
2026-05-18 16:15:10,576 | INFO | Closed market KXBTC15M-26MAY181615-15 still has a live account position. Keeping position state until settlement fully clears.
2026-05-18 16:15:10,787 | INFO | Closed market KXBTC15M-26MAY181615-15 still has a live account position. Keeping position state until settlement fully clears.
2026-05-18 16:15:10,910 | INFO | Closed market KXBTC15M-26MAY181615-15 still has a live account position. Keeping position state until settlement fully clears.
2026-05-18 16:15:11,027 | INFO | Closed market KXBTC15M-26MAY181615-15 still has a live account position. Keeping position state until settlement fully clears.
2026-05-18 16:15:11,142 | INFO | Closed market KXBTC15M-26MAY181615-15 still has a live account position. Keeping position state until settlement fully clears.
2026-05-18 16:15:11,339 | INFO | Closed market KXBTC15M-26MAY181615-15 still has a live account position. Keeping position state until settlement fully clears.
2026-05-18 16:15:11,463 | INFO | Closed market KXBTC15M-26MAY181615-15 still has a live account position. Keeping position state until settlement fully clears.
2026-05-18 16:15:11,578 | INFO | Closed market KXBTC15M-26MAY181615-15 still has a live account position. Keeping position state until settlement fully clears.
2026-05-18 16:15:11,709 | INFO | Closed market KXBTC15M-26MAY181615-15 still has a live account position. Keeping position state until settlement fully clears.
2026-05-18 16:15:11,913 | INFO | Closed market KXBTC15M-26MAY181615-15 still has a live account position. Keeping position state until settlement fully clears.
2026-05-18 16:15:12,042 | INFO | Closed market KXBTC15M-26MAY181615-15 still has a live account position. Keeping position state until settlement fully clears.
2026-05-18 16:15:12,144 | INFO | Closed market KXBTC15M-26MAY181615-15 still has a live account position. Keeping position state until settlement fully clears.
2026-05-18 16:15:12,252 | INFO | Closed market KXBTC15M-26MAY181615-15 still has a live account position. Keeping position state until settlement fully clears.
2026-05-18 16:15:12,364 | INFO | Closed market KXBTC15M-26MAY181615-15 still has a live account position. Keeping position state until settlement fully clears.
2026-05-18 16:15:12,521 | INFO | Closed market KXBTC15M-26MAY181615-15 still has a live account position. Keeping position state until settlement fully clears.
2026-05-18 16:15:12,630 | INFO | Closed market KXBTC15M-26MAY181615-15 still has a live account position. Keeping position state until settlement fully clears.
2026-05-18 16:15:12,742 | INFO | Closed market KXBTC15M-26MAY181615-15 still has a live account position. Keeping position state until settlement fully clears.
2026-05-18 16:15:12,859 | INFO | Closed market KXBTC15M-26MAY181615-15 still has a live account position. Keeping position state until settlement fully clears.
2026-05-18 16:15:13,048 | INFO | Closed market KXBTC15M-26MAY181615-15 still has a live account position. Keeping position state until settlement fully clears.
2026-05-18 16:15:13,158 | INFO | Closed market KXBTC15M-26MAY181615-15 still has a live account position. Keeping position state until settlement fully clears.
2026-05-18 16:15:13,267 | INFO | Closed market KXBTC15M-26MAY181615-15 still has a live account position. Keeping position state until settlement fully clears.
2026-05-18 16:15:13,399 | INFO | Closed market KXBTC15M-26MAY181615-15 still has a live account position. Keeping position state until settlement fully clears.
2026-05-18 16:15:13,604 | INFO | Closed market KXBTC15M-26MAY181615-15 still has a live account position. Keeping position state until settlement fully clears.
2026-05-18 16:15:13,614 | INFO | Heartbeat | watch=KXBTC15M-26MAY181615-15 yes_bid=0 yes_ask=100 no_bid=0 no_ask=100 book_ready=True position=True pending=False dry_run=False trust=synced run_id=b65bb902-07f5-4f58-92fa-f7e9277fa0d0
2026-05-18 16:15:13,719 | INFO | Closed market KXBTC15M-26MAY181615-15 still has a live account position. Keeping position state until settlement fully clears.
2026-05-18 16:15:13,826 | INFO | Closed market KXBTC15M-26MAY181615-15 still has a live account position. Keeping position state until settlement fully clears.
2026-05-18 16:15:13,931 | INFO | Closed market KXBTC15M-26MAY181615-15 still has a live account position. Keeping position state until settlement fully clears.
2026-05-18 16:15:14,160 | INFO | Closed market KXBTC15M-26MAY181615-15 still has a live account position. Keeping position state until settlement fully clears.
2026-05-18 16:15:14,261 | INFO | Closed market KXBTC15M-26MAY181615-15 still has a live account position. Keeping position state until settlement fully clears.
2026-05-18 16:15:14,355 | INFO | Closed market KXBTC15M-26MAY181615-15 still has a live account position. Keeping position state until settlement fully clears.
2026-05-18 16:15:14,498 | INFO | Closed market KXBTC15M-26MAY181615-15 still has a live account position. Keeping position state until settlement fully clears.
2026-05-18 16:15:14,614 | INFO | Closed market KXBTC15M-26MAY181615-15 still has a live account position. Keeping position state until settlement fully clears.
2026-05-18 16:15:14,828 | WARNING | Market KXBTC15M-26MAY181615-15 is closed and no matching live account position remains. Clearing position state and advancing to the next market.
2026-05-18 16:15:14,893 | INFO | Watching market KXBTC15M-26MAY181615-15 close_time=2026-05-18T20:15:00Z status=closed strike=76828.89 run_id=b65bb902-07f5-4f58-92fa-f7e9277fa0d0
2026-05-18 16:15:15,049 | INFO | WS connected for KXBTC15M-26MAY181615-15
2026-05-18 16:15:15,092 | INFO | WS subscribed payload: {'type': 'subscribed', 'id': 5, 'msg': {'channel': 'ticker', 'sid': 1}}
2026-05-18 16:15:15,092 | INFO | WS subscribed payload: {'type': 'subscribed', 'id': 5, 'msg': {'channel': 'orderbook_delta', 'sid': 2}}
2026-05-18 16:15:15,092 | INFO | Orderbook snapshot ready for KXBTC15M-26MAY181615-15
2026-05-18 16:15:28,626 | INFO | Heartbeat | watch=KXBTC15M-26MAY181615-15 yes_bid=None yes_ask=None no_bid=None no_ask=None book_ready=True position=False pending=False dry_run=False trust=synced run_id=b65bb902-07f5-4f58-92fa-f7e9277fa0d0
2026-05-18 16:15:31,031 | INFO | Watching market KXBTC15M-26MAY181630-30 close_time=2026-05-18T20:30:00Z status=active strike=77005.40 run_id=b65bb902-07f5-4f58-92fa-f7e9277fa0d0
2026-05-18 16:15:31,204 | INFO | WS connected for KXBTC15M-26MAY181630-30
2026-05-18 16:15:31,261 | INFO | WS subscribed payload: {'type': 'subscribed', 'id': 6, 'msg': {'channel': 'ticker', 'sid': 1}}
2026-05-18 16:15:31,262 | INFO | WS subscribed payload: {'type': 'subscribed', 'id': 6, 'msg': {'channel': 'orderbook_delta', 'sid': 2}}
2026-05-18 16:15:31,263 | INFO | Orderbook snapshot ready for KXBTC15M-26MAY181630-30
2026-05-18 16:15:43,632 | INFO | Heartbeat | watch=KXBTC15M-26MAY181630-30 yes_bid=50 yes_ask=51 no_bid=49 no_ask=50 book_ready=True position=False pending=False dry_run=False trust=synced run_id=b65bb902-07f5-4f58-92fa-f7e9277fa0d0
2026-05-18 16:15:58,659 | INFO | Heartbeat | watch=KXBTC15M-26MAY181630-30 yes_bid=46 yes_ask=47 no_bid=53 no_ask=54 book_ready=True position=False pending=False dry_run=False trust=synced run_id=b65bb902-07f5-4f58-92fa-f7e9277fa0d0
2026-05-18 16:16:13,659 | INFO | Heartbeat | watch=KXBTC15M-26MAY181630-30 yes_bid=53 yes_ask=54 no_bid=46 no_ask=47 book_ready=True position=False pending=False dry_run=False trust=synced run_id=b65bb902-07f5-4f58-92fa-f7e9277fa0d0
2026-05-18 16:16:28,666 | INFO | Heartbeat | watch=KXBTC15M-26MAY181630-30 yes_bid=48 yes_ask=49 no_bid=51 no_ask=52 book_ready=True position=False pending=False dry_run=False trust=synced run_id=b65bb902-07f5-4f58-92fa-f7e9277fa0d0
2026-05-18 16:16:43,670 | INFO | Heartbeat | watch=KXBTC15M-26MAY181630-30 yes_bid=50 yes_ask=51 no_bid=49 no_ask=50 book_ready=True position=False pending=False dry_run=False trust=synced run_id=b65bb902-07f5-4f58-92fa-f7e9277fa0d0
2026-05-18 16:16:58,692 | INFO | Heartbeat | watch=KXBTC15M-26MAY181630-30 yes_bid=56 yes_ask=57 no_bid=43 no_ask=44 book_ready=True position=False pending=False dry_run=False trust=synced run_id=b65bb902-07f5-4f58-92fa-f7e9277fa0d0
2026-05-18 16:17:13,721 | INFO | Heartbeat | watch=KXBTC15M-26MAY181630-30 yes_bid=57 yes_ask=58 no_bid=42 no_ask=43 book_ready=True position=False pending=False dry_run=False trust=synced run_id=b65bb902-07f5-4f58-92fa-f7e9277fa0d0
2026-05-18 16:17:28,722 | INFO | Heartbeat | watch=KXBTC15M-26MAY181630-30 yes_bid=57 yes_ask=58 no_bid=42 no_ask=43 book_ready=True position=False pending=False dry_run=False trust=synced run_id=b65bb902-07f5-4f58-92fa-f7e9277fa0d0
2026-05-18 16:17:43,746 | INFO | Heartbeat | watch=KXBTC15M-26MAY181630-30 yes_bid=47 yes_ask=48 no_bid=52 no_ask=53 book_ready=True position=False pending=False dry_run=False trust=synced run_id=b65bb902-07f5-4f58-92fa-f7e9277fa0d0
2026-05-18 16:17:58,750 | INFO | Heartbeat | watch=KXBTC15M-26MAY181630-30 yes_bid=53 yes_ask=54 no_bid=46 no_ask=47 book_ready=True position=False pending=False dry_run=False trust=synced run_id=b65bb902-07f5-4f58-92fa-f7e9277fa0d0
2026-05-18 16:18:13,746 | INFO | Heartbeat | watch=KXBTC15M-26MAY181630-30 yes_bid=46 yes_ask=48 no_bid=52 no_ask=54 book_ready=True position=False pending=False dry_run=False trust=synced run_id=b65bb902-07f5-4f58-92fa-f7e9277fa0d0
2026-05-18 16:18:28,781 | INFO | Heartbeat | watch=KXBTC15M-26MAY181630-30 yes_bid=54 yes_ask=55 no_bid=45 no_ask=46 book_ready=True position=False pending=False dry_run=False trust=synced run_id=b65bb902-07f5-4f58-92fa-f7e9277fa0d0
2026-05-18 16:18:43,780 | INFO | Heartbeat | watch=KXBTC15M-26MAY181630-30 yes_bid=54 yes_ask=55 no_bid=45 no_ask=46 book_ready=True position=False pending=False dry_run=False trust=synced run_id=b65bb902-07f5-4f58-92fa-f7e9277fa0d0
2026-05-18 16:18:59,069 | INFO | Heartbeat | watch=KXBTC15M-26MAY181630-30 yes_bid=54 yes_ask=55 no_bid=45 no_ask=46 book_ready=True position=False pending=False dry_run=False trust=synced run_id=b65bb902-07f5-4f58-92fa-f7e9277fa0d0
2026-05-18 16:19:14,144 | INFO | Heartbeat | watch=KXBTC15M-26MAY181630-30 yes_bid=58 yes_ask=59 no_bid=41 no_ask=42 book_ready=True position=False pending=False dry_run=False trust=synced run_id=b65bb902-07f5-4f58-92fa-f7e9277fa0d0
2026-05-18 16:19:29,154 | INFO | Heartbeat | watch=KXBTC15M-26MAY181630-30 yes_bid=60 yes_ask=61 no_bid=39 no_ask=40 book_ready=True position=False pending=False dry_run=False trust=synced run_id=b65bb902-07f5-4f58-92fa-f7e9277fa0d0
2026-05-18 16:19:44,204 | INFO | Heartbeat | watch=KXBTC15M-26MAY181630-30 yes_bid=49 yes_ask=50 no_bid=50 no_ask=51 book_ready=True position=False pending=False dry_run=False trust=synced run_id=b65bb902-07f5-4f58-92fa-f7e9277fa0d0
2026-05-18 16:19:59,239 | INFO | Heartbeat | watch=KXBTC15M-26MAY181630-30 yes_bid=51 yes_ask=52 no_bid=48 no_ask=49 book_ready=True position=False pending=False dry_run=False trust=synced run_id=b65bb902-07f5-4f58-92fa-f7e9277fa0d0
2026-05-18 16:20:14,277 | INFO | Heartbeat | watch=KXBTC15M-26MAY181630-30 yes_bid=51 yes_ask=52 no_bid=48 no_ask=49 book_ready=True position=False pending=False dry_run=False trust=synced run_id=b65bb902-07f5-4f58-92fa-f7e9277fa0d0
2026-05-18 16:20:29,310 | INFO | Heartbeat | watch=KXBTC15M-26MAY181630-30 yes_bid=43 yes_ask=44 no_bid=56 no_ask=57 book_ready=True position=False pending=False dry_run=False trust=synced run_id=b65bb902-07f5-4f58-92fa-f7e9277fa0d0
2026-05-18 16:20:44,344 | INFO | Heartbeat | watch=KXBTC15M-26MAY181630-30 yes_bid=42 yes_ask=43 no_bid=57 no_ask=58 book_ready=True position=False pending=False dry_run=False trust=synced run_id=b65bb902-07f5-4f58-92fa-f7e9277fa0d0
2026-05-18 16:20:59,346 | INFO | Heartbeat | watch=KXBTC15M-26MAY181630-30 yes_bid=40 yes_ask=41 no_bid=59 no_ask=60 book_ready=True position=False pending=False dry_run=False trust=synced run_id=b65bb902-07f5-4f58-92fa-f7e9277fa0d0
2026-05-18 16:21:14,369 | INFO | Heartbeat | watch=KXBTC15M-26MAY181630-30 yes_bid=43 yes_ask=44 no_bid=56 no_ask=57 book_ready=True position=False pending=False dry_run=False trust=synced run_id=b65bb902-07f5-4f58-92fa-f7e9277fa0d0
2026-05-18 16:21:29,402 | INFO | Heartbeat | watch=KXBTC15M-26MAY181630-30 yes_bid=48 yes_ask=50 no_bid=50 no_ask=52 book_ready=True position=False pending=False dry_run=False trust=synced run_id=b65bb902-07f5-4f58-92fa-f7e9277fa0d0
2026-05-18 16:21:44,440 | INFO | Heartbeat | watch=KXBTC15M-26MAY181630-30 yes_bid=64 yes_ask=65 no_bid=35 no_ask=36 book_ready=True position=False pending=False dry_run=False trust=synced run_id=b65bb902-07f5-4f58-92fa-f7e9277fa0d0
2026-05-18 16:21:59,478 | INFO | Heartbeat | watch=KXBTC15M-26MAY181630-30 yes_bid=58 yes_ask=59 no_bid=41 no_ask=42 book_ready=True position=False pending=False dry_run=False trust=synced run_id=b65bb902-07f5-4f58-92fa-f7e9277fa0d0
2026-05-18 16:22:14,477 | INFO | Heartbeat | watch=KXBTC15M-26MAY181630-30 yes_bid=49 yes_ask=50 no_bid=50 no_ask=51 book_ready=True position=False pending=False dry_run=False trust=synced run_id=b65bb902-07f5-4f58-92fa-f7e9277fa0d0
2026-05-18 16:22:29,529 | INFO | Heartbeat | watch=KXBTC15M-26MAY181630-30 yes_bid=43 yes_ask=44 no_bid=56 no_ask=57 book_ready=True position=False pending=False dry_run=False trust=synced run_id=b65bb902-07f5-4f58-92fa-f7e9277fa0d0
2026-05-18 16:22:44,576 | INFO | Heartbeat | watch=KXBTC15M-26MAY181630-30 yes_bid=46 yes_ask=47 no_bid=53 no_ask=54 book_ready=True position=False pending=False dry_run=False trust=synced run_id=b65bb902-07f5-4f58-92fa-f7e9277fa0d0
2026-05-18 16:22:59,598 | INFO | Heartbeat | watch=KXBTC15M-26MAY181630-30 yes_bid=44 yes_ask=45 no_bid=55 no_ask=56 book_ready=True position=False pending=False dry_run=False trust=synced run_id=b65bb902-07f5-4f58-92fa-f7e9277fa0d0
2026-05-18 16:23:14,643 | INFO | Heartbeat | watch=KXBTC15M-26MAY181630-30 yes_bid=54 yes_ask=55 no_bid=45 no_ask=46 book_ready=True position=False pending=False dry_run=False trust=synced run_id=b65bb902-07f5-4f58-92fa-f7e9277fa0d0
2026-05-18 16:23:29,663 | INFO | Heartbeat | watch=KXBTC15M-26MAY181630-30 yes_bid=61 yes_ask=62 no_bid=38 no_ask=39 book_ready=True position=False pending=False dry_run=False trust=synced run_id=b65bb902-07f5-4f58-92fa-f7e9277fa0d0
2026-05-18 16:23:44,658 | INFO | Heartbeat | watch=KXBTC15M-26MAY181630-30 yes_bid=62 yes_ask=63 no_bid=37 no_ask=38 book_ready=True position=False pending=False dry_run=False trust=synced run_id=b65bb902-07f5-4f58-92fa-f7e9277fa0d0
2026-05-18 16:23:59,653 | INFO | Heartbeat | watch=KXBTC15M-26MAY181630-30 yes_bid=43 yes_ask=44 no_bid=56 no_ask=57 book_ready=True position=False pending=False dry_run=False trust=synced run_id=b65bb902-07f5-4f58-92fa-f7e9277fa0d0
2026-05-18 16:24:14,740 | INFO | Heartbeat | watch=KXBTC15M-26MAY181630-30 yes_bid=64 yes_ask=65 no_bid=35 no_ask=36 book_ready=True position=False pending=False dry_run=False trust=synced run_id=b65bb902-07f5-4f58-92fa-f7e9277fa0d0
2026-05-18 16:24:29,734 | INFO | Heartbeat | watch=KXBTC15M-26MAY181630-30 yes_bid=64 yes_ask=67 no_bid=33 no_ask=36 book_ready=True position=False pending=False dry_run=False trust=synced run_id=b65bb902-07f5-4f58-92fa-f7e9277fa0d0
2026-05-18 16:24:44,748 | INFO | Heartbeat | watch=KXBTC15M-26MAY181630-30 yes_bid=69 yes_ask=71 no_bid=29 no_ask=31 book_ready=True position=False pending=False dry_run=False trust=synced run_id=b65bb902-07f5-4f58-92fa-f7e9277fa0d0
2026-05-18 16:24:59,770 | INFO | Heartbeat | watch=KXBTC15M-26MAY181630-30 yes_bid=66 yes_ask=67 no_bid=33 no_ask=34 book_ready=True position=False pending=False dry_run=False trust=synced run_id=b65bb902-07f5-4f58-92fa-f7e9277fa0d0
2026-05-18 16:25:14,766 | INFO | Heartbeat | watch=KXBTC15M-26MAY181630-30 yes_bid=74 yes_ask=75 no_bid=25 no_ask=26 book_ready=True position=False pending=False dry_run=False trust=synced run_id=b65bb902-07f5-4f58-92fa-f7e9277fa0d0
2026-05-18 16:25:29,763 | INFO | Heartbeat | watch=KXBTC15M-26MAY181630-30 yes_bid=75 yes_ask=76 no_bid=24 no_ask=25 book_ready=True position=False pending=False dry_run=False trust=synced run_id=b65bb902-07f5-4f58-92fa-f7e9277fa0d0
2026-05-18 16:25:44,778 | INFO | Heartbeat | watch=KXBTC15M-26MAY181630-30 yes_bid=72 yes_ask=74 no_bid=26 no_ask=28 book_ready=True position=False pending=False dry_run=False trust=synced run_id=b65bb902-07f5-4f58-92fa-f7e9277fa0d0
2026-05-18 16:25:59,805 | INFO | Heartbeat | watch=KXBTC15M-26MAY181630-30 yes_bid=75 yes_ask=76 no_bid=24 no_ask=25 book_ready=True position=False pending=False dry_run=False trust=synced run_id=b65bb902-07f5-4f58-92fa-f7e9277fa0d0
2026-05-18 16:26:14,799 | INFO | Heartbeat | watch=KXBTC15M-26MAY181630-30 yes_bid=60 yes_ask=62 no_bid=38 no_ask=40 book_ready=True position=False pending=False dry_run=False trust=synced run_id=b65bb902-07f5-4f58-92fa-f7e9277fa0d0
2026-05-18 16:26:29,816 | INFO | Heartbeat | watch=KXBTC15M-26MAY181630-30 yes_bid=59 yes_ask=62 no_bid=38 no_ask=41 book_ready=True position=False pending=False dry_run=False trust=synced run_id=b65bb902-07f5-4f58-92fa-f7e9277fa0d0
2026-05-18 16:26:44,808 | INFO | Heartbeat | watch=KXBTC15M-26MAY181630-30 yes_bid=81 yes_ask=82 no_bid=18 no_ask=19 book_ready=True position=False pending=False dry_run=False trust=synced run_id=b65bb902-07f5-4f58-92fa-f7e9277fa0d0
2026-05-18 16:26:59,851 | INFO | Heartbeat | watch=KXBTC15M-26MAY181630-30 yes_bid=83 yes_ask=85 no_bid=15 no_ask=17 book_ready=True position=False pending=False dry_run=False trust=synced run_id=b65bb902-07f5-4f58-92fa-f7e9277fa0d0
2026-05-18 16:27:14,868 | INFO | Heartbeat | watch=KXBTC15M-26MAY181630-30 yes_bid=83 yes_ask=85 no_bid=15 no_ask=17 book_ready=True position=False pending=False dry_run=False trust=synced run_id=b65bb902-07f5-4f58-92fa-f7e9277fa0d0
2026-05-18 16:27:29,877 | INFO | Heartbeat | watch=KXBTC15M-26MAY181630-30 yes_bid=89 yes_ask=91 no_bid=9 no_ask=11 book_ready=True position=False pending=False dry_run=False trust=synced run_id=b65bb902-07f5-4f58-92fa-f7e9277fa0d0
2026-05-18 16:27:44,891 | INFO | Heartbeat | watch=KXBTC15M-26MAY181630-30 yes_bid=90 yes_ask=91 no_bid=9 no_ask=10 book_ready=True position=False pending=False dry_run=False trust=synced run_id=b65bb902-07f5-4f58-92fa-f7e9277fa0d0
2026-05-18 16:27:59,887 | INFO | Heartbeat | watch=KXBTC15M-26MAY181630-30 yes_bid=94 yes_ask=94 no_bid=6 no_ask=6 book_ready=True position=False pending=False dry_run=False trust=synced run_id=b65bb902-07f5-4f58-92fa-f7e9277fa0d0
2026-05-18 16:28:14,927 | INFO | Heartbeat | watch=KXBTC15M-26MAY181630-30 yes_bid=97 yes_ask=97 no_bid=3 no_ask=3 book_ready=True position=False pending=False dry_run=False trust=synced run_id=b65bb902-07f5-4f58-92fa-f7e9277fa0d0
2026-05-18 16:28:29,942 | INFO | Heartbeat | watch=KXBTC15M-26MAY181630-30 yes_bid=98 yes_ask=99 no_bid=1 no_ask=2 book_ready=True position=False pending=False dry_run=False trust=synced run_id=b65bb902-07f5-4f58-92fa-f7e9277fa0d0
2026-05-18 16:28:44,966 | INFO | Heartbeat | watch=KXBTC15M-26MAY181630-30 yes_bid=100 yes_ask=100 no_bid=0 no_ask=0 book_ready=True position=False pending=False dry_run=False trust=synced run_id=b65bb902-07f5-4f58-92fa-f7e9277fa0d0
2026-05-18 16:29:00,044 | INFO | Heartbeat | watch=KXBTC15M-26MAY181630-30 yes_bid=100 yes_ask=100 no_bid=0 no_ask=0 book_ready=True position=False pending=False dry_run=False trust=synced run_id=b65bb902-07f5-4f58-92fa-f7e9277fa0d0
2026-05-18 16:29:15,080 | INFO | Heartbeat | watch=KXBTC15M-26MAY181630-30 yes_bid=100 yes_ask=100 no_bid=0 no_ask=0 book_ready=True position=False pending=False dry_run=False trust=synced run_id=b65bb902-07f5-4f58-92fa-f7e9277fa0d0
2026-05-18 16:29:30,078 | INFO | Heartbeat | watch=KXBTC15M-26MAY181630-30 yes_bid=100 yes_ask=100 no_bid=0 no_ask=0 book_ready=True position=False pending=False dry_run=False trust=synced run_id=b65bb902-07f5-4f58-92fa-f7e9277fa0d0
2026-05-18 16:29:45,120 | INFO | Heartbeat | watch=KXBTC15M-26MAY181630-30 yes_bid=100 yes_ask=100 no_bid=0 no_ask=0 book_ready=True position=False pending=False dry_run=False trust=synced run_id=b65bb902-07f5-4f58-92fa-f7e9277fa0d0
2026-05-18 16:30:00,118 | INFO | Heartbeat | watch=KXBTC15M-26MAY181630-30 yes_bid=100 yes_ask=100 no_bid=0 no_ask=0 book_ready=True position=False pending=False dry_run=False trust=synced run_id=b65bb902-07f5-4f58-92fa-f7e9277fa0d0
2026-05-18 16:30:01,074 | INFO | Orderbook snapshot ready for KXBTC15M-26MAY181630-30
2026-05-18 16:30:01,213 | INFO | Orderbook snapshot ready for KXBTC15M-26MAY181630-30
2026-05-18 16:30:15,143 | INFO | Heartbeat | watch=KXBTC15M-26MAY181630-30 yes_bid=0 yes_ask=100 no_bid=0 no_ask=100 book_ready=True position=False pending=False dry_run=False trust=synced run_id=b65bb902-07f5-4f58-92fa-f7e9277fa0d0
2026-05-18 16:30:30,148 | INFO | Heartbeat | watch=KXBTC15M-26MAY181630-30 yes_bid=0 yes_ask=100 no_bid=0 no_ask=100 book_ready=True position=False pending=False dry_run=False trust=synced run_id=b65bb902-07f5-4f58-92fa-f7e9277fa0d0
2026-05-18 16:30:31,930 | INFO | Watching market KXBTC15M-26MAY181645-45 close_time=2026-05-18T20:45:00Z status=active strike=77090.59 run_id=b65bb902-07f5-4f58-92fa-f7e9277fa0d0
2026-05-18 16:30:32,092 | INFO | WS connected for KXBTC15M-26MAY181645-45
2026-05-18 16:30:32,125 | INFO | WS subscribed payload: {'type': 'subscribed', 'id': 7, 'msg': {'channel': 'ticker', 'sid': 1}}
2026-05-18 16:30:32,127 | INFO | WS subscribed payload: {'type': 'subscribed', 'id': 7, 'msg': {'channel': 'orderbook_delta', 'sid': 2}}
2026-05-18 16:30:32,127 | INFO | Orderbook snapshot ready for KXBTC15M-26MAY181645-45
2026-05-18 16:30:45,218 | INFO | Heartbeat | watch=KXBTC15M-26MAY181645-45 yes_bid=47 yes_ask=48 no_bid=52 no_ask=53 book_ready=True position=False pending=False dry_run=False trust=synced run_id=b65bb902-07f5-4f58-92fa-f7e9277fa0d0
2026-05-18 16:31:00,228 | INFO | Heartbeat | watch=KXBTC15M-26MAY181645-45 yes_bid=49 yes_ask=50 no_bid=50 no_ask=51 book_ready=True position=False pending=False dry_run=False trust=synced run_id=b65bb902-07f5-4f58-92fa-f7e9277fa0d0
2026-05-18 16:31:15,227 | INFO | Heartbeat | watch=KXBTC15M-26MAY181645-45 yes_bid=53 yes_ask=54 no_bid=46 no_ask=47 book_ready=True position=False pending=False dry_run=False trust=synced run_id=b65bb902-07f5-4f58-92fa-f7e9277fa0d0
2026-05-18 16:31:30,232 | INFO | Heartbeat | watch=KXBTC15M-26MAY181645-45 yes_bid=54 yes_ask=55 no_bid=45 no_ask=46 book_ready=True position=False pending=False dry_run=False trust=synced run_id=b65bb902-07f5-4f58-92fa-f7e9277fa0d0
2026-05-18 16:31:45,258 | INFO | Heartbeat | watch=KXBTC15M-26MAY181645-45 yes_bid=51 yes_ask=52 no_bid=48 no_ask=49 book_ready=True position=False pending=False dry_run=False trust=synced run_id=b65bb902-07f5-4f58-92fa-f7e9277fa0d0
2026-05-18 16:32:00,251 | INFO | Heartbeat | watch=KXBTC15M-26MAY181645-45 yes_bid=43 yes_ask=44 no_bid=56 no_ask=57 book_ready=True position=False pending=False dry_run=False trust=synced run_id=b65bb902-07f5-4f58-92fa-f7e9277fa0d0
2026-05-18 16:32:15,289 | INFO | Heartbeat | watch=KXBTC15M-26MAY181645-45 yes_bid=42 yes_ask=43 no_bid=57 no_ask=58 book_ready=True position=False pending=False dry_run=False trust=synced run_id=b65bb902-07f5-4f58-92fa-f7e9277fa0d0
2026-05-18 16:32:30,278 | INFO | Heartbeat | watch=KXBTC15M-26MAY181645-45 yes_bid=51 yes_ask=52 no_bid=48 no_ask=49 book_ready=True position=False pending=False dry_run=False trust=synced run_id=b65bb902-07f5-4f58-92fa-f7e9277fa0d0
2026-05-18 16:32:45,290 | INFO | Heartbeat | watch=KXBTC15M-26MAY181645-45 yes_bid=49 yes_ask=50 no_bid=50 no_ask=51 book_ready=True position=False pending=False dry_run=False trust=synced run_id=b65bb902-07f5-4f58-92fa-f7e9277fa0d0
2026-05-18 16:33:00,320 | INFO | Heartbeat | watch=KXBTC15M-26MAY181645-45 yes_bid=49 yes_ask=51 no_bid=49 no_ask=51 book_ready=True position=False pending=False dry_run=False trust=synced run_id=b65bb902-07f5-4f58-92fa-f7e9277fa0d0
2026-05-18 16:33:15,353 | INFO | Heartbeat | watch=KXBTC15M-26MAY181645-45 yes_bid=47 yes_ask=48 no_bid=52 no_ask=53 book_ready=True position=False pending=False dry_run=False trust=synced run_id=b65bb902-07f5-4f58-92fa-f7e9277fa0d0
2026-05-18 16:33:30,409 | INFO | Heartbeat | watch=KXBTC15M-26MAY181645-45 yes_bid=46 yes_ask=47 no_bid=53 no_ask=54 book_ready=True position=False pending=False dry_run=False trust=synced run_id=b65bb902-07f5-4f58-92fa-f7e9277fa0d0
2026-05-18 16:33:45,434 | INFO | Heartbeat | watch=KXBTC15M-26MAY181645-45 yes_bid=45 yes_ask=46 no_bid=54 no_ask=55 book_ready=True position=False pending=False dry_run=False trust=synced run_id=b65bb902-07f5-4f58-92fa-f7e9277fa0d0
2026-05-18 16:34:00,453 | INFO | Heartbeat | watch=KXBTC15M-26MAY181645-45 yes_bid=43 yes_ask=44 no_bid=56 no_ask=57 book_ready=True position=False pending=False dry_run=False trust=synced run_id=b65bb902-07f5-4f58-92fa-f7e9277fa0d0
2026-05-18 16:34:15,453 | INFO | Heartbeat | watch=KXBTC15M-26MAY181645-45 yes_bid=42 yes_ask=43 no_bid=57 no_ask=58 book_ready=True position=False pending=False dry_run=False trust=synced run_id=b65bb902-07f5-4f58-92fa-f7e9277fa0d0
2026-05-18 16:34:30,489 | INFO | Heartbeat | watch=KXBTC15M-26MAY181645-45 yes_bid=40 yes_ask=41 no_bid=59 no_ask=60 book_ready=True position=False pending=False dry_run=False trust=synced run_id=b65bb902-07f5-4f58-92fa-f7e9277fa0d0
2026-05-18 16:34:45,522 | INFO | Heartbeat | watch=KXBTC15M-26MAY181645-45 yes_bid=32 yes_ask=34 no_bid=66 no_ask=68 book_ready=True position=False pending=False dry_run=False trust=synced run_id=b65bb902-07f5-4f58-92fa-f7e9277fa0d0
2026-05-18 16:35:00,534 | INFO | Heartbeat | watch=KXBTC15M-26MAY181645-45 yes_bid=31 yes_ask=32 no_bid=68 no_ask=69 book_ready=True position=False pending=False dry_run=False trust=synced run_id=b65bb902-07f5-4f58-92fa-f7e9277fa0d0
2026-05-18 16:35:15,569 | INFO | Heartbeat | watch=KXBTC15M-26MAY181645-45 yes_bid=20 yes_ask=21 no_bid=79 no_ask=80 book_ready=True position=False pending=False dry_run=False trust=synced run_id=b65bb902-07f5-4f58-92fa-f7e9277fa0d0
2026-05-18 16:35:30,589 | INFO | Heartbeat | watch=KXBTC15M-26MAY181645-45 yes_bid=26 yes_ask=27 no_bid=73 no_ask=74 book_ready=True position=False pending=False dry_run=False trust=synced run_id=b65bb902-07f5-4f58-92fa-f7e9277fa0d0
2026-05-18 16:35:45,634 | INFO | Heartbeat | watch=KXBTC15M-26MAY181645-45 yes_bid=23 yes_ask=24 no_bid=76 no_ask=77 book_ready=True position=False pending=False dry_run=False trust=synced run_id=b65bb902-07f5-4f58-92fa-f7e9277fa0d0
2026-05-18 16:36:00,680 | INFO | Heartbeat | watch=KXBTC15M-26MAY181645-45 yes_bid=22 yes_ask=23 no_bid=77 no_ask=78 book_ready=True position=False pending=False dry_run=False trust=synced run_id=b65bb902-07f5-4f58-92fa-f7e9277fa0d0
2026-05-18 16:36:10,545 | WARNING | Market refresh failed. Keeping current watch. Error: 429 Too Many Requests: {"error":{"code":"too_many_requests","message":"too many requests"}}
2026-05-18 16:36:15,689 | INFO | Heartbeat | watch=KXBTC15M-26MAY181645-45 yes_bid=22 yes_ask=23 no_bid=77 no_ask=78 book_ready=True position=False pending=False dry_run=False trust=synced run_id=b65bb902-07f5-4f58-92fa-f7e9277fa0d0
2026-05-18 16:36:30,706 | INFO | Heartbeat | watch=KXBTC15M-26MAY181645-45 yes_bid=29 yes_ask=30 no_bid=70 no_ask=71 book_ready=True position=False pending=False dry_run=False trust=synced run_id=b65bb902-07f5-4f58-92fa-f7e9277fa0d0
2026-05-18 16:36:45,735 | INFO | Heartbeat | watch=KXBTC15M-26MAY181645-45 yes_bid=32 yes_ask=35 no_bid=65 no_ask=68 book_ready=True position=False pending=False dry_run=False trust=synced run_id=b65bb902-07f5-4f58-92fa-f7e9277fa0d0
2026-05-18 16:37:00,775 | INFO | Heartbeat | watch=KXBTC15M-26MAY181645-45 yes_bid=42 yes_ask=44 no_bid=56 no_ask=58 book_ready=True position=False pending=False dry_run=False trust=synced run_id=b65bb902-07f5-4f58-92fa-f7e9277fa0d0
2026-05-18 16:37:15,760 | INFO | Heartbeat | watch=KXBTC15M-26MAY181645-45 yes_bid=28 yes_ask=30 no_bid=70 no_ask=72 book_ready=True position=False pending=False dry_run=False trust=synced run_id=b65bb902-07f5-4f58-92fa-f7e9277fa0d0
2026-05-18 16:37:30,800 | INFO | Heartbeat | watch=KXBTC15M-26MAY181645-45 yes_bid=32 yes_ask=33 no_bid=67 no_ask=68 book_ready=True position=False pending=False dry_run=False trust=synced run_id=b65bb902-07f5-4f58-92fa-f7e9277fa0d0
2026-05-18 16:37:45,837 | INFO | Heartbeat | watch=KXBTC15M-26MAY181645-45 yes_bid=29 yes_ask=30 no_bid=70 no_ask=71 book_ready=True position=False pending=False dry_run=False trust=synced run_id=b65bb902-07f5-4f58-92fa-f7e9277fa0d0
2026-05-18 16:38:00,881 | INFO | Heartbeat | watch=KXBTC15M-26MAY181645-45 yes_bid=17 yes_ask=19 no_bid=81 no_ask=83 book_ready=True position=False pending=False dry_run=False trust=synced run_id=b65bb902-07f5-4f58-92fa-f7e9277fa0d0
2026-05-18 16:38:15,887 | INFO | Heartbeat | watch=KXBTC15M-26MAY181645-45 yes_bid=21 yes_ask=22 no_bid=78 no_ask=79 book_ready=True position=False pending=False dry_run=False trust=synced run_id=b65bb902-07f5-4f58-92fa-f7e9277fa0d0
2026-05-18 16:38:30,887 | INFO | Heartbeat | watch=KXBTC15M-26MAY181645-45 yes_bid=27 yes_ask=28 no_bid=72 no_ask=73 book_ready=True position=False pending=False dry_run=False trust=synced run_id=b65bb902-07f5-4f58-92fa-f7e9277fa0d0
2026-05-18 16:38:45,912 | INFO | Heartbeat | watch=KXBTC15M-26MAY181645-45 yes_bid=20 yes_ask=21 no_bid=79 no_ask=80 book_ready=True position=False pending=False dry_run=False trust=synced run_id=b65bb902-07f5-4f58-92fa-f7e9277fa0d0
2026-05-18 16:39:01,070 | INFO | Heartbeat | watch=KXBTC15M-26MAY181645-45 yes_bid=16 yes_ask=17 no_bid=83 no_ask=84 book_ready=True position=False pending=False dry_run=False trust=synced run_id=b65bb902-07f5-4f58-92fa-f7e9277fa0d0
2026-05-18 16:39:16,176 | INFO | Heartbeat | watch=KXBTC15M-26MAY181645-45 yes_bid=18 yes_ask=19 no_bid=81 no_ask=82 book_ready=True position=False pending=False dry_run=False trust=synced run_id=b65bb902-07f5-4f58-92fa-f7e9277fa0d0
2026-05-18 16:39:31,221 | INFO | Heartbeat | watch=KXBTC15M-26MAY181645-45 yes_bid=16 yes_ask=17 no_bid=83 no_ask=84 book_ready=True position=False pending=False dry_run=False trust=synced run_id=b65bb902-07f5-4f58-92fa-f7e9277fa0d0
2026-05-18 16:39:46,255 | INFO | Heartbeat | watch=KXBTC15M-26MAY181645-45 yes_bid=10 yes_ask=12 no_bid=88 no_ask=90 book_ready=True position=False pending=False dry_run=False trust=synced run_id=b65bb902-07f5-4f58-92fa-f7e9277fa0d0
2026-05-18 16:40:01,249 | INFO | Heartbeat | watch=KXBTC15M-26MAY181645-45 yes_bid=8 yes_ask=9 no_bid=91 no_ask=92 book_ready=True position=False pending=False dry_run=False trust=synced run_id=b65bb902-07f5-4f58-92fa-f7e9277fa0d0
2026-05-18 16:40:16,277 | INFO | Heartbeat | watch=KXBTC15M-26MAY181645-45 yes_bid=9 yes_ask=10 no_bid=90 no_ask=91 book_ready=True position=False pending=False dry_run=False trust=synced run_id=b65bb902-07f5-4f58-92fa-f7e9277fa0d0
2026-05-18 16:40:31,291 | INFO | Heartbeat | watch=KXBTC15M-26MAY181645-45 yes_bid=5 yes_ask=5 no_bid=95 no_ask=95 book_ready=True position=False pending=False dry_run=False trust=synced run_id=b65bb902-07f5-4f58-92fa-f7e9277fa0d0
2026-05-18 16:40:46,277 | INFO | Heartbeat | watch=KXBTC15M-26MAY181645-45 yes_bid=3 yes_ask=3 no_bid=97 no_ask=97 book_ready=True position=False pending=False dry_run=False trust=synced run_id=b65bb902-07f5-4f58-92fa-f7e9277fa0d0
2026-05-18 16:41:01,280 | INFO | Heartbeat | watch=KXBTC15M-26MAY181645-45 yes_bid=1 yes_ask=2 no_bid=98 no_ask=99 book_ready=True position=False pending=False dry_run=False trust=synced run_id=b65bb902-07f5-4f58-92fa-f7e9277fa0d0
2026-05-18 16:41:16,306 | INFO | Heartbeat | watch=KXBTC15M-26MAY181645-45 yes_bid=1 yes_ask=2 no_bid=98 no_ask=99 book_ready=True position=False pending=False dry_run=False trust=synced run_id=b65bb902-07f5-4f58-92fa-f7e9277fa0d0
2026-05-18 16:41:31,346 | INFO | Heartbeat | watch=KXBTC15M-26MAY181645-45 yes_bid=1 yes_ask=2 no_bid=98 no_ask=99 book_ready=True position=False pending=False dry_run=False trust=synced run_id=b65bb902-07f5-4f58-92fa-f7e9277fa0d0
2026-05-18 16:41:46,367 | INFO | Heartbeat | watch=KXBTC15M-26MAY181645-45 yes_bid=1 yes_ask=1 no_bid=99 no_ask=99 book_ready=True position=False pending=False dry_run=False trust=synced run_id=b65bb902-07f5-4f58-92fa-f7e9277fa0d0
2026-05-18 16:41:51,007 | WARNING | Market refresh failed. Keeping current watch. Error: 429 Too Many Requests: {"error":{"code":"too_many_requests","message":"too many requests"}}
2026-05-18 16:42:01,372 | INFO | Heartbeat | watch=KXBTC15M-26MAY181645-45 yes_bid=1 yes_ask=2 no_bid=98 no_ask=99 book_ready=True position=False pending=False dry_run=False trust=synced run_id=b65bb902-07f5-4f58-92fa-f7e9277fa0d0
2026-05-18 16:42:16,369 | INFO | Heartbeat | watch=KXBTC15M-26MAY181645-45 yes_bid=2 yes_ask=2 no_bid=98 no_ask=98 book_ready=True position=False pending=False dry_run=False trust=synced run_id=b65bb902-07f5-4f58-92fa-f7e9277fa0d0
2026-05-18 16:42:31,388 | INFO | Heartbeat | watch=KXBTC15M-26MAY181645-45 yes_bid=1 yes_ask=1 no_bid=99 no_ask=99 book_ready=True position=False pending=False dry_run=False trust=synced run_id=b65bb902-07f5-4f58-92fa-f7e9277fa0d0
2026-05-18 16:42:46,389 | INFO | Heartbeat | watch=KXBTC15M-26MAY181645-45 yes_bid=0 yes_ask=0 no_bid=100 no_ask=100 book_ready=True position=False pending=False dry_run=False trust=synced run_id=b65bb902-07f5-4f58-92fa-f7e9277fa0d0
2026-05-18 16:43:01,490 | INFO | Heartbeat | watch=KXBTC15M-26MAY181645-45 yes_bid=0 yes_ask=0 no_bid=100 no_ask=100 book_ready=True position=False pending=False dry_run=False trust=synced run_id=b65bb902-07f5-4f58-92fa-f7e9277fa0d0
2026-05-18 16:43:16,519 | INFO | Heartbeat | watch=KXBTC15M-26MAY181645-45 yes_bid=0 yes_ask=0 no_bid=100 no_ask=100 book_ready=True position=False pending=False dry_run=False trust=synced run_id=b65bb902-07f5-4f58-92fa-f7e9277fa0d0
2026-05-18 16:43:31,522 | INFO | Heartbeat | watch=KXBTC15M-26MAY181645-45 yes_bid=0 yes_ask=0 no_bid=100 no_ask=100 book_ready=True position=False pending=False dry_run=False trust=synced run_id=b65bb902-07f5-4f58-92fa-f7e9277fa0d0
2026-05-18 16:43:46,526 | INFO | Heartbeat | watch=KXBTC15M-26MAY181645-45 yes_bid=0 yes_ask=0 no_bid=100 no_ask=100 book_ready=True position=False pending=False dry_run=False trust=synced run_id=b65bb902-07f5-4f58-92fa-f7e9277fa0d0
2026-05-18 16:44:01,632 | INFO | Heartbeat | watch=KXBTC15M-26MAY181645-45 yes_bid=0 yes_ask=0 no_bid=100 no_ask=100 book_ready=True position=False pending=False dry_run=False trust=synced run_id=b65bb902-07f5-4f58-92fa-f7e9277fa0d0
2026-05-18 16:44:16,626 | INFO | Heartbeat | watch=KXBTC15M-26MAY181645-45 yes_bid=0 yes_ask=0 no_bid=100 no_ask=100 book_ready=True position=False pending=False dry_run=False trust=synced run_id=b65bb902-07f5-4f58-92fa-f7e9277fa0d0
2026-05-18 16:44:31,642 | INFO | Heartbeat | watch=KXBTC15M-26MAY181645-45 yes_bid=0 yes_ask=0 no_bid=100 no_ask=100 book_ready=True position=False pending=False dry_run=False trust=synced run_id=b65bb902-07f5-4f58-92fa-f7e9277fa0d0
2026-05-18 16:44:46,700 | INFO | Heartbeat | watch=KXBTC15M-26MAY181645-45 yes_bid=0 yes_ask=0 no_bid=100 no_ask=100 book_ready=True position=False pending=False dry_run=False trust=synced run_id=b65bb902-07f5-4f58-92fa-f7e9277fa0d0
2026-05-18 16:45:00,893 | INFO | Orderbook snapshot ready for KXBTC15M-26MAY181645-45
2026-05-18 16:45:01,699 | INFO | Heartbeat | watch=KXBTC15M-26MAY181645-45 yes_bid=0 yes_ask=0 no_bid=100 no_ask=100 book_ready=True position=False pending=False dry_run=False trust=synced run_id=b65bb902-07f5-4f58-92fa-f7e9277fa0d0
2026-05-18 16:45:16,322 | INFO | Watching market KXBTC15M-26MAY181700-00 close_time=2026-05-18T21:00:00Z status=active strike=76917.02 run_id=b65bb902-07f5-4f58-92fa-f7e9277fa0d0
2026-05-18 16:45:16,464 | INFO | WS connected for KXBTC15M-26MAY181700-00
2026-05-18 16:45:16,491 | INFO | WS subscribed payload: {'type': 'subscribed', 'id': 8, 'msg': {'channel': 'ticker', 'sid': 1}}
2026-05-18 16:45:16,491 | INFO | WS subscribed payload: {'type': 'subscribed', 'id': 8, 'msg': {'channel': 'orderbook_delta', 'sid': 2}}
2026-05-18 16:45:16,491 | INFO | Orderbook snapshot ready for KXBTC15M-26MAY181700-00
2026-05-18 16:45:16,706 | INFO | Heartbeat | watch=KXBTC15M-26MAY181700-00 yes_bid=None yes_ask=None no_bid=None no_ask=None book_ready=True position=False pending=False dry_run=False trust=synced run_id=b65bb902-07f5-4f58-92fa-f7e9277fa0d0
2026-05-18 16:45:31,733 | INFO | Heartbeat | watch=KXBTC15M-26MAY181700-00 yes_bid=45 yes_ask=46 no_bid=54 no_ask=55 book_ready=True position=False pending=False dry_run=False trust=synced run_id=b65bb902-07f5-4f58-92fa-f7e9277fa0d0
2026-05-18 16:45:46,786 | INFO | Heartbeat | watch=KXBTC15M-26MAY181700-00 yes_bid=42 yes_ask=43 no_bid=57 no_ask=58 book_ready=True position=False pending=False dry_run=False trust=synced run_id=b65bb902-07f5-4f58-92fa-f7e9277fa0d0
2026-05-18 16:46:01,795 | INFO | Heartbeat | watch=KXBTC15M-26MAY181700-00 yes_bid=28 yes_ask=29 no_bid=71 no_ask=72 book_ready=True position=False pending=False dry_run=False trust=synced run_id=b65bb902-07f5-4f58-92fa-f7e9277fa0d0
2026-05-18 16:46:16,820 | INFO | Heartbeat | watch=KXBTC15M-26MAY181700-00 yes_bid=24 yes_ask=25 no_bid=75 no_ask=76 book_ready=True position=False pending=False dry_run=False trust=synced run_id=b65bb902-07f5-4f58-92fa-f7e9277fa0d0
2026-05-18 16:46:31,809 | INFO | Heartbeat | watch=KXBTC15M-26MAY181700-00 yes_bid=25 yes_ask=26 no_bid=74 no_ask=75 book_ready=True position=False pending=False dry_run=False trust=synced run_id=b65bb902-07f5-4f58-92fa-f7e9277fa0d0
2026-05-18 16:46:46,817 | INFO | Heartbeat | watch=KXBTC15M-26MAY181700-00 yes_bid=25 yes_ask=26 no_bid=74 no_ask=75 book_ready=True position=False pending=False dry_run=False trust=synced run_id=b65bb902-07f5-4f58-92fa-f7e9277fa0d0
2026-05-18 16:47:01,839 | INFO | Heartbeat | watch=KXBTC15M-26MAY181700-00 yes_bid=22 yes_ask=23 no_bid=77 no_ask=78 book_ready=True position=False pending=False dry_run=False trust=synced run_id=b65bb902-07f5-4f58-92fa-f7e9277fa0d0
2026-05-18 16:47:16,896 | INFO | Heartbeat | watch=KXBTC15M-26MAY181700-00 yes_bid=25 yes_ask=26 no_bid=74 no_ask=75 book_ready=True position=False pending=False dry_run=False trust=synced run_id=b65bb902-07f5-4f58-92fa-f7e9277fa0d0
2026-05-18 16:47:28,978 | WARNING | Market refresh failed. Keeping current watch. Error: 429 Too Many Requests: {"error":{"code":"too_many_requests","message":"too many requests"}}
2026-05-18 16:47:31,908 | INFO | Heartbeat | watch=KXBTC15M-26MAY181700-00 yes_bid=24 yes_ask=25 no_bid=75 no_ask=76 book_ready=True position=False pending=False dry_run=False trust=synced run_id=b65bb902-07f5-4f58-92fa-f7e9277fa0d0
2026-05-18 16:47:46,941 | INFO | Heartbeat | watch=KXBTC15M-26MAY181700-00 yes_bid=21 yes_ask=22 no_bid=78 no_ask=79 book_ready=True position=False pending=False dry_run=False trust=synced run_id=b65bb902-07f5-4f58-92fa-f7e9277fa0d0
2026-05-18 16:48:01,956 | INFO | Heartbeat | watch=KXBTC15M-26MAY181700-00 yes_bid=24 yes_ask=25 no_bid=75 no_ask=76 book_ready=True position=False pending=False dry_run=False trust=synced run_id=b65bb902-07f5-4f58-92fa-f7e9277fa0d0
2026-05-18 16:48:16,948 | INFO | Heartbeat | watch=KXBTC15M-26MAY181700-00 yes_bid=22 yes_ask=23 no_bid=77 no_ask=78 book_ready=True position=False pending=False dry_run=False trust=synced run_id=b65bb902-07f5-4f58-92fa-f7e9277fa0d0
2026-05-18 16:48:31,975 | INFO | Heartbeat | watch=KXBTC15M-26MAY181700-00 yes_bid=19 yes_ask=20 no_bid=80 no_ask=81 book_ready=True position=False pending=False dry_run=False trust=synced run_id=b65bb902-07f5-4f58-92fa-f7e9277fa0d0
2026-05-18 16:48:47,019 | INFO | Heartbeat | watch=KXBTC15M-26MAY181700-00 yes_bid=17 yes_ask=18 no_bid=82 no_ask=83 book_ready=True position=False pending=False dry_run=False trust=synced run_id=b65bb902-07f5-4f58-92fa-f7e9277fa0d0
2026-05-18 16:49:02,014 | INFO | Heartbeat | watch=KXBTC15M-26MAY181700-00 yes_bid=18 yes_ask=19 no_bid=81 no_ask=82 book_ready=True position=False pending=False dry_run=False trust=synced run_id=b65bb902-07f5-4f58-92fa-f7e9277fa0d0
2026-05-18 16:49:17,038 | INFO | Heartbeat | watch=KXBTC15M-26MAY181700-00 yes_bid=18 yes_ask=19 no_bid=81 no_ask=82 book_ready=True position=False pending=False dry_run=False trust=synced run_id=b65bb902-07f5-4f58-92fa-f7e9277fa0d0
2026-05-18 16:49:32,040 | INFO | Heartbeat | watch=KXBTC15M-26MAY181700-00 yes_bid=17 yes_ask=18 no_bid=82 no_ask=83 book_ready=True position=False pending=False dry_run=False trust=synced run_id=b65bb902-07f5-4f58-92fa-f7e9277fa0d0
2026-05-18 16:49:47,063 | INFO | Heartbeat | watch=KXBTC15M-26MAY181700-00 yes_bid=18 yes_ask=19 no_bid=81 no_ask=82 book_ready=True position=False pending=False dry_run=False trust=synced run_id=b65bb902-07f5-4f58-92fa-f7e9277fa0d0
2026-05-18 16:50:02,064 | INFO | Heartbeat | watch=KXBTC15M-26MAY181700-00 yes_bid=14 yes_ask=15 no_bid=85 no_ask=86 book_ready=True position=False pending=False dry_run=False trust=synced run_id=b65bb902-07f5-4f58-92fa-f7e9277fa0d0
2026-05-18 16:50:17,083 | INFO | Heartbeat | watch=KXBTC15M-26MAY181700-00 yes_bid=16 yes_ask=17 no_bid=83 no_ask=84 book_ready=True position=False pending=False dry_run=False trust=synced run_id=b65bb902-07f5-4f58-92fa-f7e9277fa0d0
2026-05-18 16:50:32,133 | INFO | Heartbeat | watch=KXBTC15M-26MAY181700-00 yes_bid=15 yes_ask=16 no_bid=84 no_ask=85 book_ready=True position=False pending=False dry_run=False trust=synced run_id=b65bb902-07f5-4f58-92fa-f7e9277fa0d0
2026-05-18 16:50:47,176 | INFO | Heartbeat | watch=KXBTC15M-26MAY181700-00 yes_bid=16 yes_ask=17 no_bid=83 no_ask=84 book_ready=True position=False pending=False dry_run=False trust=synced run_id=b65bb902-07f5-4f58-92fa-f7e9277fa0d0
2026-05-18 16:51:02,193 | INFO | Heartbeat | watch=KXBTC15M-26MAY181700-00 yes_bid=15 yes_ask=16 no_bid=84 no_ask=85 book_ready=True position=False pending=False dry_run=False trust=synced run_id=b65bb902-07f5-4f58-92fa-f7e9277fa0d0
2026-05-18 16:51:17,202 | INFO | Heartbeat | watch=KXBTC15M-26MAY181700-00 yes_bid=13 yes_ask=14 no_bid=86 no_ask=87 book_ready=True position=False pending=False dry_run=False trust=synced run_id=b65bb902-07f5-4f58-92fa-f7e9277fa0d0
2026-05-18 16:51:32,232 | INFO | Heartbeat | watch=KXBTC15M-26MAY181700-00 yes_bid=13 yes_ask=14 no_bid=86 no_ask=87 book_ready=True position=False pending=False dry_run=False trust=synced run_id=b65bb902-07f5-4f58-92fa-f7e9277fa0d0
2026-05-18 16:51:47,260 | INFO | Heartbeat | watch=KXBTC15M-26MAY181700-00 yes_bid=11 yes_ask=12 no_bid=88 no_ask=89 book_ready=True position=False pending=False dry_run=False trust=synced run_id=b65bb902-07f5-4f58-92fa-f7e9277fa0d0
2026-05-18 16:52:02,262 | INFO | Heartbeat | watch=KXBTC15M-26MAY181700-00 yes_bid=10 yes_ask=11 no_bid=89 no_ask=90 book_ready=True position=False pending=False dry_run=False trust=synced run_id=b65bb902-07f5-4f58-92fa-f7e9277fa0d0
2026-05-18 16:52:17,289 | INFO | Heartbeat | watch=KXBTC15M-26MAY181700-00 yes_bid=10 yes_ask=11 no_bid=89 no_ask=90 book_ready=True position=False pending=False dry_run=False trust=synced run_id=b65bb902-07f5-4f58-92fa-f7e9277fa0d0
2026-05-18 16:52:32,309 | INFO | Heartbeat | watch=KXBTC15M-26MAY181700-00 yes_bid=10 yes_ask=11 no_bid=89 no_ask=90 book_ready=True position=False pending=False dry_run=False trust=synced run_id=b65bb902-07f5-4f58-92fa-f7e9277fa0d0
2026-05-18 16:52:47,317 | INFO | Heartbeat | watch=KXBTC15M-26MAY181700-00 yes_bid=8 yes_ask=9 no_bid=91 no_ask=92 book_ready=True position=False pending=False dry_run=False trust=synced run_id=b65bb902-07f5-4f58-92fa-f7e9277fa0d0
2026-05-18 16:53:02,349 | INFO | Heartbeat | watch=KXBTC15M-26MAY181700-00 yes_bid=38 yes_ask=39 no_bid=61 no_ask=62 book_ready=True position=False pending=False dry_run=False trust=synced run_id=b65bb902-07f5-4f58-92fa-f7e9277fa0d0
2026-05-18 16:53:17,354 | INFO | Heartbeat | watch=KXBTC15M-26MAY181700-00 yes_bid=48 yes_ask=49 no_bid=51 no_ask=52 book_ready=True position=False pending=False dry_run=False trust=synced run_id=b65bb902-07f5-4f58-92fa-f7e9277fa0d0
2026-05-18 16:53:32,364 | INFO | Heartbeat | watch=KXBTC15M-26MAY181700-00 yes_bid=49 yes_ask=50 no_bid=50 no_ask=51 book_ready=True position=False pending=False dry_run=False trust=synced run_id=b65bb902-07f5-4f58-92fa-f7e9277fa0d0
2026-05-18 16:53:47,397 | INFO | Heartbeat | watch=KXBTC15M-26MAY181700-00 yes_bid=49 yes_ask=50 no_bid=50 no_ask=51 book_ready=True position=False pending=False dry_run=False trust=synced run_id=b65bb902-07f5-4f58-92fa-f7e9277fa0d0
2026-05-18 16:54:02,398 | INFO | Heartbeat | watch=KXBTC15M-26MAY181700-00 yes_bid=48 yes_ask=49 no_bid=51 no_ask=52 book_ready=True position=False pending=False dry_run=False trust=synced run_id=b65bb902-07f5-4f58-92fa-f7e9277fa0d0
2026-05-18 16:54:17,398 | INFO | Heartbeat | watch=KXBTC15M-26MAY181700-00 yes_bid=61 yes_ask=62 no_bid=38 no_ask=39 book_ready=True position=False pending=False dry_run=False trust=synced run_id=b65bb902-07f5-4f58-92fa-f7e9277fa0d0
2026-05-18 16:54:32,416 | INFO | Heartbeat | watch=KXBTC15M-26MAY181700-00 yes_bid=57 yes_ask=59 no_bid=41 no_ask=43 book_ready=True position=False pending=False dry_run=False trust=synced run_id=b65bb902-07f5-4f58-92fa-f7e9277fa0d0
2026-05-18 16:54:47,466 | INFO | Heartbeat | watch=KXBTC15M-26MAY181700-00 yes_bid=65 yes_ask=66 no_bid=34 no_ask=35 book_ready=True position=False pending=False dry_run=False trust=synced run_id=b65bb902-07f5-4f58-92fa-f7e9277fa0d0
2026-05-18 16:55:02,516 | INFO | Heartbeat | watch=KXBTC15M-26MAY181700-00 yes_bid=66 yes_ask=67 no_bid=33 no_ask=34 book_ready=True position=False pending=False dry_run=False trust=synced run_id=b65bb902-07f5-4f58-92fa-f7e9277fa0d0
2026-05-18 16:55:17,522 | INFO | Heartbeat | watch=KXBTC15M-26MAY181700-00 yes_bid=72 yes_ask=73 no_bid=27 no_ask=28 book_ready=True position=False pending=False dry_run=False trust=synced run_id=b65bb902-07f5-4f58-92fa-f7e9277fa0d0
2026-05-18 16:55:32,517 | INFO | Heartbeat | watch=KXBTC15M-26MAY181700-00 yes_bid=86 yes_ask=88 no_bid=12 no_ask=14 book_ready=True position=False pending=False dry_run=False trust=synced run_id=b65bb902-07f5-4f58-92fa-f7e9277fa0d0
2026-05-18 16:55:47,524 | INFO | Heartbeat | watch=KXBTC15M-26MAY181700-00 yes_bid=84 yes_ask=86 no_bid=14 no_ask=16 book_ready=True position=False pending=False dry_run=False trust=synced run_id=b65bb902-07f5-4f58-92fa-f7e9277fa0d0
2026-05-18 16:56:02,543 | INFO | Heartbeat | watch=KXBTC15M-26MAY181700-00 yes_bid=91 yes_ask=92 no_bid=8 no_ask=9 book_ready=True position=False pending=False dry_run=False trust=synced run_id=b65bb902-07f5-4f58-92fa-f7e9277fa0d0
2026-05-18 16:56:17,582 | INFO | Heartbeat | watch=KXBTC15M-26MAY181700-00 yes_bid=94 yes_ask=95 no_bid=5 no_ask=6 book_ready=True position=False pending=False dry_run=False trust=synced run_id=b65bb902-07f5-4f58-92fa-f7e9277fa0d0
2026-05-18 16:56:32,595 | INFO | Heartbeat | watch=KXBTC15M-26MAY181700-00 yes_bid=96 yes_ask=97 no_bid=3 no_ask=4 book_ready=True position=False pending=False dry_run=False trust=synced run_id=b65bb902-07f5-4f58-92fa-f7e9277fa0d0
2026-05-18 16:56:47,633 | INFO | Heartbeat | watch=KXBTC15M-26MAY181700-00 yes_bid=97 yes_ask=98 no_bid=2 no_ask=3 book_ready=True position=False pending=False dry_run=False trust=synced run_id=b65bb902-07f5-4f58-92fa-f7e9277fa0d0
2026-05-18 16:57:02,653 | INFO | Heartbeat | watch=KXBTC15M-26MAY181700-00 yes_bid=97 yes_ask=97 no_bid=3 no_ask=3 book_ready=True position=False pending=False dry_run=False trust=synced run_id=b65bb902-07f5-4f58-92fa-f7e9277fa0d0
2026-05-18 16:57:17,657 | INFO | Heartbeat | watch=KXBTC15M-26MAY181700-00 yes_bid=96 yes_ask=97 no_bid=3 no_ask=4 book_ready=True position=False pending=False dry_run=False trust=synced run_id=b65bb902-07f5-4f58-92fa-f7e9277fa0d0
2026-05-18 16:57:32,654 | INFO | Heartbeat | watch=KXBTC15M-26MAY181700-00 yes_bid=95 yes_ask=95 no_bid=5 no_ask=5 book_ready=True position=False pending=False dry_run=False trust=synced run_id=b65bb902-07f5-4f58-92fa-f7e9277fa0d0
2026-05-18 16:57:47,670 | INFO | Heartbeat | watch=KXBTC15M-26MAY181700-00 yes_bid=65 yes_ask=66 no_bid=34 no_ask=35 book_ready=True position=False pending=False dry_run=False trust=synced run_id=b65bb902-07f5-4f58-92fa-f7e9277fa0d0
2026-05-18 16:58:02,689 | INFO | Heartbeat | watch=KXBTC15M-26MAY181700-00 yes_bid=58 yes_ask=59 no_bid=41 no_ask=42 book_ready=True position=False pending=False dry_run=False trust=synced run_id=b65bb902-07f5-4f58-92fa-f7e9277fa0d0
2026-05-18 16:58:06,957 | INFO | Mushroom v28 entry approved | market=KXBTC15M-26MAY181700-00 side=no ask=45c max_buy=83c qty=2 p_side=0.8947 edge=40.466c depth=91.23 btc_age_ms=32.0 secs_to_close=113.05
2026-05-18 16:58:06,980 | INFO | Execution state | market=KXBTC15M-26MAY181700-00 side=no state=eligible reason=pre_filters_disabled trust=synced run_id=b65bb902-07f5-4f58-92fa-f7e9277fa0d0
2026-05-18 16:58:06,980 | INFO | Live fill policy approved | market=KXBTC15M-26MAY181700-00 side=no trigger=45c tif=immediate_or_cancel limit=45c depth=91.23 required=3 book_age_ms=469.0 secs_to_close=113.05 reason=single_shot_abundant_depth
2026-05-18 16:58:06,983 | INFO | ENTRY signal | market=KXBTC15M-26MAY181700-00 action=buy side=no trigger=45c limit=45c qty=2 book_ready=True
2026-05-18 16:58:06,983 | INFO | Execution state | market=KXBTC15M-26MAY181700-00 side=no state=submitting reason=single_shot_abundant_depth trust=synced run_id=b65bb902-07f5-4f58-92fa-f7e9277fa0d0
2026-05-18 16:58:07,443 | INFO | Execution state | market=KXBTC15M-26MAY181700-00 side=no state=abandoned reason=zero_fill trust=synced run_id=b65bb902-07f5-4f58-92fa-f7e9277fa0d0
2026-05-18 16:58:17,737 | INFO | Heartbeat | watch=KXBTC15M-26MAY181700-00 yes_bid=4 yes_ask=5 no_bid=95 no_ask=96 book_ready=True position=False pending=False dry_run=False trust=synced run_id=b65bb902-07f5-4f58-92fa-f7e9277fa0d0
2026-05-18 16:58:32,773 | INFO | Heartbeat | watch=KXBTC15M-26MAY181700-00 yes_bid=10 yes_ask=11 no_bid=89 no_ask=90 book_ready=True position=False pending=False dry_run=False trust=synced run_id=b65bb902-07f5-4f58-92fa-f7e9277fa0d0
2026-05-18 16:58:47,768 | INFO | Heartbeat | watch=KXBTC15M-26MAY181700-00 yes_bid=5 yes_ask=6 no_bid=94 no_ask=95 book_ready=True position=False pending=False dry_run=False trust=synced run_id=b65bb902-07f5-4f58-92fa-f7e9277fa0d0
2026-05-18 16:59:02,797 | INFO | Heartbeat | watch=KXBTC15M-26MAY181700-00 yes_bid=1 yes_ask=1 no_bid=99 no_ask=99 book_ready=True position=False pending=False dry_run=False trust=synced run_id=b65bb902-07f5-4f58-92fa-f7e9277fa0d0
2026-05-18 16:59:17,797 | INFO | Heartbeat | watch=KXBTC15M-26MAY181700-00 yes_bid=0 yes_ask=0 no_bid=100 no_ask=100 book_ready=True position=False pending=False dry_run=False trust=synced run_id=b65bb902-07f5-4f58-92fa-f7e9277fa0d0
2026-05-18 16:59:32,801 | INFO | Heartbeat | watch=KXBTC15M-26MAY181700-00 yes_bid=0 yes_ask=0 no_bid=100 no_ask=100 book_ready=True position=False pending=False dry_run=False trust=synced run_id=b65bb902-07f5-4f58-92fa-f7e9277fa0d0
2026-05-18 16:59:47,838 | INFO | Heartbeat | watch=KXBTC15M-26MAY181700-00 yes_bid=0 yes_ask=0 no_bid=100 no_ask=100 book_ready=True position=False pending=False dry_run=False trust=synced run_id=b65bb902-07f5-4f58-92fa-f7e9277fa0d0
2026-05-18 17:00:00,793 | INFO | Orderbook snapshot ready for KXBTC15M-26MAY181700-00
2026-05-18 17:00:02,866 | INFO | Heartbeat | watch=KXBTC15M-26MAY181700-00 yes_bid=0 yes_ask=0 no_bid=100 no_ask=100 book_ready=True position=False pending=False dry_run=False trust=synced run_id=b65bb902-07f5-4f58-92fa-f7e9277fa0d0
2026-05-18 17:00:16,326 | INFO | Watching market KXBTC15M-26MAY181715-15 close_time=2026-05-18T21:15:00Z status=active strike=76869.35 run_id=b65bb902-07f5-4f58-92fa-f7e9277fa0d0
2026-05-18 17:00:16,502 | INFO | WS connected for KXBTC15M-26MAY181715-15
2026-05-18 17:00:16,534 | INFO | WS subscribed payload: {'type': 'subscribed', 'id': 9, 'msg': {'channel': 'ticker', 'sid': 1}}
2026-05-18 17:00:16,534 | INFO | WS subscribed payload: {'type': 'subscribed', 'id': 9, 'msg': {'channel': 'orderbook_delta', 'sid': 2}}
2026-05-18 17:00:16,536 | INFO | Orderbook snapshot ready for KXBTC15M-26MAY181715-15
2026-05-18 17:00:17,887 | INFO | Heartbeat | watch=KXBTC15M-26MAY181715-15 yes_bid=49 yes_ask=50 no_bid=50 no_ask=51 book_ready=True position=False pending=False dry_run=False trust=synced run_id=b65bb902-07f5-4f58-92fa-f7e9277fa0d0
2026-05-18 17:00:32,901 | INFO | Heartbeat | watch=KXBTC15M-26MAY181715-15 yes_bid=52 yes_ask=53 no_bid=47 no_ask=48 book_ready=True position=False pending=False dry_run=False trust=synced run_id=b65bb902-07f5-4f58-92fa-f7e9277fa0d0
2026-05-18 17:00:47,943 | INFO | Heartbeat | watch=KXBTC15M-26MAY181715-15 yes_bid=56 yes_ask=57 no_bid=43 no_ask=44 book_ready=True position=False pending=False dry_run=False trust=synced run_id=b65bb902-07f5-4f58-92fa-f7e9277fa0d0
2026-05-18 17:01:02,956 | INFO | Heartbeat | watch=KXBTC15M-26MAY181715-15 yes_bid=54 yes_ask=55 no_bid=45 no_ask=46 book_ready=True position=False pending=False dry_run=False trust=synced run_id=b65bb902-07f5-4f58-92fa-f7e9277fa0d0
2026-05-18 17:01:17,980 | INFO | Heartbeat | watch=KXBTC15M-26MAY181715-15 yes_bid=30 yes_ask=31 no_bid=69 no_ask=70 book_ready=True position=False pending=False dry_run=False trust=synced run_id=b65bb902-07f5-4f58-92fa-f7e9277fa0d0
2026-05-18 17:01:33,009 | INFO | Heartbeat | watch=KXBTC15M-26MAY181715-15 yes_bid=30 yes_ask=31 no_bid=69 no_ask=70 book_ready=True position=False pending=False dry_run=False trust=synced run_id=b65bb902-07f5-4f58-92fa-f7e9277fa0d0
2026-05-18 17:01:48,028 | INFO | Heartbeat | watch=KXBTC15M-26MAY181715-15 yes_bid=31 yes_ask=32 no_bid=68 no_ask=69 book_ready=True position=False pending=False dry_run=False trust=synced run_id=b65bb902-07f5-4f58-92fa-f7e9277fa0d0
2026-05-18 17:02:03,073 | INFO | Heartbeat | watch=KXBTC15M-26MAY181715-15 yes_bid=32 yes_ask=33 no_bid=67 no_ask=68 book_ready=True position=False pending=False dry_run=False trust=synced run_id=b65bb902-07f5-4f58-92fa-f7e9277fa0d0
2026-05-18 17:02:18,067 | INFO | Heartbeat | watch=KXBTC15M-26MAY181715-15 yes_bid=20 yes_ask=21 no_bid=79 no_ask=80 book_ready=True position=False pending=False dry_run=False trust=synced run_id=b65bb902-07f5-4f58-92fa-f7e9277fa0d0
2026-05-18 17:02:33,067 | INFO | Heartbeat | watch=KXBTC15M-26MAY181715-15 yes_bid=18 yes_ask=19 no_bid=81 no_ask=82 book_ready=True position=False pending=False dry_run=False trust=synced run_id=b65bb902-07f5-4f58-92fa-f7e9277fa0d0
2026-05-18 17:02:48,090 | INFO | Heartbeat | watch=KXBTC15M-26MAY181715-15 yes_bid=23 yes_ask=24 no_bid=76 no_ask=77 book_ready=True position=False pending=False dry_run=False trust=synced run_id=b65bb902-07f5-4f58-92fa-f7e9277fa0d0
2026-05-18 17:03:03,104 | INFO | Heartbeat | watch=KXBTC15M-26MAY181715-15 yes_bid=24 yes_ask=25 no_bid=75 no_ask=76 book_ready=True position=False pending=False dry_run=False trust=synced run_id=b65bb902-07f5-4f58-92fa-f7e9277fa0d0
2026-05-18 17:03:18,110 | INFO | Heartbeat | watch=KXBTC15M-26MAY181715-15 yes_bid=38 yes_ask=39 no_bid=61 no_ask=62 book_ready=True position=False pending=False dry_run=False trust=synced run_id=b65bb902-07f5-4f58-92fa-f7e9277fa0d0
2026-05-18 17:03:33,109 | INFO | Heartbeat | watch=KXBTC15M-26MAY181715-15 yes_bid=30 yes_ask=31 no_bid=69 no_ask=70 book_ready=True position=False pending=False dry_run=False trust=synced run_id=b65bb902-07f5-4f58-92fa-f7e9277fa0d0
2026-05-18 17:03:48,143 | INFO | Heartbeat | watch=KXBTC15M-26MAY181715-15 yes_bid=36 yes_ask=37 no_bid=63 no_ask=64 book_ready=True position=False pending=False dry_run=False trust=synced run_id=b65bb902-07f5-4f58-92fa-f7e9277fa0d0
2026-05-18 17:04:03,142 | INFO | Heartbeat | watch=KXBTC15M-26MAY181715-15 yes_bid=34 yes_ask=35 no_bid=65 no_ask=66 book_ready=True position=False pending=False dry_run=False trust=synced run_id=b65bb902-07f5-4f58-92fa-f7e9277fa0d0
2026-05-18 17:04:18,168 | INFO | Heartbeat | watch=KXBTC15M-26MAY181715-15 yes_bid=34 yes_ask=35 no_bid=65 no_ask=66 book_ready=True position=False pending=False dry_run=False trust=synced run_id=b65bb902-07f5-4f58-92fa-f7e9277fa0d0
2026-05-18 17:04:33,257 | INFO | Heartbeat | watch=KXBTC15M-26MAY181715-15 yes_bid=36 yes_ask=37 no_bid=63 no_ask=64 book_ready=True position=False pending=False dry_run=False trust=synced run_id=b65bb902-07f5-4f58-92fa-f7e9277fa0d0
2026-05-18 17:04:48,254 | INFO | Heartbeat | watch=KXBTC15M-26MAY181715-15 yes_bid=32 yes_ask=33 no_bid=67 no_ask=68 book_ready=True position=False pending=False dry_run=False trust=synced run_id=b65bb902-07f5-4f58-92fa-f7e9277fa0d0
2026-05-18 17:05:03,302 | INFO | Heartbeat | watch=KXBTC15M-26MAY181715-15 yes_bid=28 yes_ask=29 no_bid=71 no_ask=72 book_ready=True position=False pending=False dry_run=False trust=synced run_id=b65bb902-07f5-4f58-92fa-f7e9277fa0d0
2026-05-18 17:05:18,314 | INFO | Heartbeat | watch=KXBTC15M-26MAY181715-15 yes_bid=29 yes_ask=30 no_bid=70 no_ask=71 book_ready=True position=False pending=False dry_run=False trust=synced run_id=b65bb902-07f5-4f58-92fa-f7e9277fa0d0
2026-05-18 17:05:33,371 | INFO | Heartbeat | watch=KXBTC15M-26MAY181715-15 yes_bid=29 yes_ask=30 no_bid=70 no_ask=71 book_ready=True position=False pending=False dry_run=False trust=synced run_id=b65bb902-07f5-4f58-92fa-f7e9277fa0d0
2026-05-18 17:05:48,392 | INFO | Heartbeat | watch=KXBTC15M-26MAY181715-15 yes_bid=19 yes_ask=20 no_bid=80 no_ask=81 book_ready=True position=False pending=False dry_run=False trust=synced run_id=b65bb902-07f5-4f58-92fa-f7e9277fa0d0
2026-05-18 17:06:03,395 | INFO | Heartbeat | watch=KXBTC15M-26MAY181715-15 yes_bid=24 yes_ask=26 no_bid=74 no_ask=76 book_ready=True position=False pending=False dry_run=False trust=synced run_id=b65bb902-07f5-4f58-92fa-f7e9277fa0d0
2026-05-18 17:06:18,404 | INFO | Heartbeat | watch=KXBTC15M-26MAY181715-15 yes_bid=27 yes_ask=28 no_bid=72 no_ask=73 book_ready=True position=False pending=False dry_run=False trust=synced run_id=b65bb902-07f5-4f58-92fa-f7e9277fa0d0
2026-05-18 17:06:33,446 | INFO | Heartbeat | watch=KXBTC15M-26MAY181715-15 yes_bid=27 yes_ask=29 no_bid=71 no_ask=73 book_ready=True position=False pending=False dry_run=False trust=synced run_id=b65bb902-07f5-4f58-92fa-f7e9277fa0d0
2026-05-18 17:06:48,473 | INFO | Heartbeat | watch=KXBTC15M-26MAY181715-15 yes_bid=18 yes_ask=20 no_bid=80 no_ask=82 book_ready=True position=False pending=False dry_run=False trust=synced run_id=b65bb902-07f5-4f58-92fa-f7e9277fa0d0
2026-05-18 17:07:03,491 | INFO | Heartbeat | watch=KXBTC15M-26MAY181715-15 yes_bid=22 yes_ask=23 no_bid=77 no_ask=78 book_ready=True position=False pending=False dry_run=False trust=synced run_id=b65bb902-07f5-4f58-92fa-f7e9277fa0d0
2026-05-18 17:07:18,514 | INFO | Heartbeat | watch=KXBTC15M-26MAY181715-15 yes_bid=21 yes_ask=23 no_bid=77 no_ask=79 book_ready=True position=False pending=False dry_run=False trust=synced run_id=b65bb902-07f5-4f58-92fa-f7e9277fa0d0
2026-05-18 17:07:33,565 | INFO | Heartbeat | watch=KXBTC15M-26MAY181715-15 yes_bid=18 yes_ask=19 no_bid=81 no_ask=82 book_ready=True position=False pending=False dry_run=False trust=synced run_id=b65bb902-07f5-4f58-92fa-f7e9277fa0d0
2026-05-18 17:07:48,604 | INFO | Heartbeat | watch=KXBTC15M-26MAY181715-15 yes_bid=17 yes_ask=18 no_bid=82 no_ask=83 book_ready=True position=False pending=False dry_run=False trust=synced run_id=b65bb902-07f5-4f58-92fa-f7e9277fa0d0
2026-05-18 17:08:03,615 | INFO | Heartbeat | watch=KXBTC15M-26MAY181715-15 yes_bid=18 yes_ask=20 no_bid=80 no_ask=82 book_ready=True position=False pending=False dry_run=False trust=synced run_id=b65bb902-07f5-4f58-92fa-f7e9277fa0d0
2026-05-18 17:08:18,614 | INFO | Heartbeat | watch=KXBTC15M-26MAY181715-15 yes_bid=20 yes_ask=21 no_bid=79 no_ask=80 book_ready=True position=False pending=False dry_run=False trust=synced run_id=b65bb902-07f5-4f58-92fa-f7e9277fa0d0
2026-05-18 17:08:33,639 | INFO | Heartbeat | watch=KXBTC15M-26MAY181715-15 yes_bid=27 yes_ask=29 no_bid=71 no_ask=73 book_ready=True position=False pending=False dry_run=False trust=synced run_id=b65bb902-07f5-4f58-92fa-f7e9277fa0d0
2026-05-18 17:08:48,686 | INFO | Heartbeat | watch=KXBTC15M-26MAY181715-15 yes_bid=26 yes_ask=28 no_bid=72 no_ask=74 book_ready=True position=False pending=False dry_run=False trust=synced run_id=b65bb902-07f5-4f58-92fa-f7e9277fa0d0
2026-05-18 17:09:03,688 | INFO | Heartbeat | watch=KXBTC15M-26MAY181715-15 yes_bid=28 yes_ask=29 no_bid=71 no_ask=72 book_ready=True position=False pending=False dry_run=False trust=synced run_id=b65bb902-07f5-4f58-92fa-f7e9277fa0d0
2026-05-18 17:09:18,691 | INFO | Heartbeat | watch=KXBTC15M-26MAY181715-15 yes_bid=32 yes_ask=33 no_bid=67 no_ask=68 book_ready=True position=False pending=False dry_run=False trust=synced run_id=b65bb902-07f5-4f58-92fa-f7e9277fa0d0
2026-05-18 17:09:33,717 | INFO | Heartbeat | watch=KXBTC15M-26MAY181715-15 yes_bid=35 yes_ask=36 no_bid=64 no_ask=65 book_ready=True position=False pending=False dry_run=False trust=synced run_id=b65bb902-07f5-4f58-92fa-f7e9277fa0d0
2026-05-18 17:09:45,494 | WARNING | Market refresh failed. Keeping current watch. Error: 429 Too Many Requests: {"error":{"code":"too_many_requests","message":"too many requests"}}
2026-05-18 17:09:48,728 | INFO | Heartbeat | watch=KXBTC15M-26MAY181715-15 yes_bid=29 yes_ask=30 no_bid=70 no_ask=71 book_ready=True position=False pending=False dry_run=False trust=synced run_id=b65bb902-07f5-4f58-92fa-f7e9277fa0d0
2026-05-18 17:10:03,761 | INFO | Heartbeat | watch=KXBTC15M-26MAY181715-15 yes_bid=29 yes_ask=30 no_bid=70 no_ask=71 book_ready=True position=False pending=False dry_run=False trust=synced run_id=b65bb902-07f5-4f58-92fa-f7e9277fa0d0
2026-05-18 17:10:18,763 | INFO | Heartbeat | watch=KXBTC15M-26MAY181715-15 yes_bid=17 yes_ask=19 no_bid=81 no_ask=83 book_ready=True position=False pending=False dry_run=False trust=synced run_id=b65bb902-07f5-4f58-92fa-f7e9277fa0d0
2026-05-18 17:10:33,765 | INFO | Heartbeat | watch=KXBTC15M-26MAY181715-15 yes_bid=30 yes_ask=31 no_bid=69 no_ask=70 book_ready=True position=False pending=False dry_run=False trust=synced run_id=b65bb902-07f5-4f58-92fa-f7e9277fa0d0
2026-05-18 17:10:48,781 | INFO | Heartbeat | watch=KXBTC15M-26MAY181715-15 yes_bid=21 yes_ask=22 no_bid=78 no_ask=79 book_ready=True position=False pending=False dry_run=False trust=synced run_id=b65bb902-07f5-4f58-92fa-f7e9277fa0d0
2026-05-18 17:11:03,815 | INFO | Heartbeat | watch=KXBTC15M-26MAY181715-15 yes_bid=19 yes_ask=20 no_bid=80 no_ask=81 book_ready=True position=False pending=False dry_run=False trust=synced run_id=b65bb902-07f5-4f58-92fa-f7e9277fa0d0
2026-05-18 17:11:18,856 | INFO | Heartbeat | watch=KXBTC15M-26MAY181715-15 yes_bid=5 yes_ask=6 no_bid=94 no_ask=95 book_ready=True position=False pending=False dry_run=False trust=synced run_id=b65bb902-07f5-4f58-92fa-f7e9277fa0d0
2026-05-18 17:11:33,936 | INFO | Heartbeat | watch=KXBTC15M-26MAY181715-15 yes_bid=14 yes_ask=15 no_bid=85 no_ask=86 book_ready=True position=False pending=False dry_run=False trust=synced run_id=b65bb902-07f5-4f58-92fa-f7e9277fa0d0
2026-05-18 17:11:48,969 | INFO | Heartbeat | watch=KXBTC15M-26MAY181715-15 yes_bid=14 yes_ask=15 no_bid=85 no_ask=86 book_ready=True position=False pending=False dry_run=False trust=synced run_id=b65bb902-07f5-4f58-92fa-f7e9277fa0d0
2026-05-18 17:12:03,985 | INFO | Heartbeat | watch=KXBTC15M-26MAY181715-15 yes_bid=17 yes_ask=18 no_bid=82 no_ask=83 book_ready=True position=False pending=False dry_run=False trust=synced run_id=b65bb902-07f5-4f58-92fa-f7e9277fa0d0
2026-05-18 17:12:18,987 | INFO | Heartbeat | watch=KXBTC15M-26MAY181715-15 yes_bid=20 yes_ask=22 no_bid=78 no_ask=80 book_ready=True position=False pending=False dry_run=False trust=synced run_id=b65bb902-07f5-4f58-92fa-f7e9277fa0d0
2026-05-18 17:12:34,044 | INFO | Heartbeat | watch=KXBTC15M-26MAY181715-15 yes_bid=18 yes_ask=19 no_bid=81 no_ask=82 book_ready=True position=False pending=False dry_run=False trust=synced run_id=b65bb902-07f5-4f58-92fa-f7e9277fa0d0
2026-05-18 17:12:49,058 | INFO | Heartbeat | watch=KXBTC15M-26MAY181715-15 yes_bid=30 yes_ask=31 no_bid=69 no_ask=70 book_ready=True position=False pending=False dry_run=False trust=synced run_id=b65bb902-07f5-4f58-92fa-f7e9277fa0d0
2026-05-18 17:13:04,083 | INFO | Heartbeat | watch=KXBTC15M-26MAY181715-15 yes_bid=70 yes_ask=72 no_bid=28 no_ask=30 book_ready=True position=False pending=False dry_run=False trust=synced run_id=b65bb902-07f5-4f58-92fa-f7e9277fa0d0
2026-05-18 17:13:19,130 | INFO | Heartbeat | watch=KXBTC15M-26MAY181715-15 yes_bid=98 yes_ask=99 no_bid=1 no_ask=2 book_ready=True position=False pending=False dry_run=False trust=synced run_id=b65bb902-07f5-4f58-92fa-f7e9277fa0d0
2026-05-18 17:13:34,188 | INFO | Heartbeat | watch=KXBTC15M-26MAY181715-15 yes_bid=98 yes_ask=98 no_bid=2 no_ask=2 book_ready=True position=False pending=False dry_run=False trust=synced run_id=b65bb902-07f5-4f58-92fa-f7e9277fa0d0
2026-05-18 17:13:49,232 | INFO | Heartbeat | watch=KXBTC15M-26MAY181715-15 yes_bid=65 yes_ask=67 no_bid=33 no_ask=35 book_ready=True position=False pending=False dry_run=False trust=synced run_id=b65bb902-07f5-4f58-92fa-f7e9277fa0d0
2026-05-18 17:14:04,254 | INFO | Heartbeat | watch=KXBTC15M-26MAY181715-15 yes_bid=85 yes_ask=86 no_bid=14 no_ask=15 book_ready=True position=False pending=False dry_run=False trust=synced run_id=b65bb902-07f5-4f58-92fa-f7e9277fa0d0
2026-05-18 17:14:19,259 | INFO | Heartbeat | watch=KXBTC15M-26MAY181715-15 yes_bid=97 yes_ask=98 no_bid=2 no_ask=3 book_ready=True position=False pending=False dry_run=False trust=synced run_id=b65bb902-07f5-4f58-92fa-f7e9277fa0d0
2026-05-18 17:14:34,250 | INFO | Heartbeat | watch=KXBTC15M-26MAY181715-15 yes_bid=100 yes_ask=100 no_bid=0 no_ask=0 book_ready=True position=False pending=False dry_run=False trust=synced run_id=b65bb902-07f5-4f58-92fa-f7e9277fa0d0
2026-05-18 17:14:49,257 | INFO | Heartbeat | watch=KXBTC15M-26MAY181715-15 yes_bid=96 yes_ask=98 no_bid=2 no_ask=4 book_ready=True position=False pending=False dry_run=False trust=synced run_id=b65bb902-07f5-4f58-92fa-f7e9277fa0d0
2026-05-18 17:15:00,953 | INFO | Orderbook snapshot ready for KXBTC15M-26MAY181715-15
2026-05-18 17:15:01,004 | INFO | Orderbook snapshot ready for KXBTC15M-26MAY181715-15
2026-05-18 17:15:04,261 | INFO | Heartbeat | watch=KXBTC15M-26MAY181715-15 yes_bid=0 yes_ask=100 no_bid=0 no_ask=100 book_ready=True position=False pending=False dry_run=False trust=synced run_id=b65bb902-07f5-4f58-92fa-f7e9277fa0d0
2026-05-18 17:15:16,152 | INFO | Watching market KXBTC15M-26MAY181730-30 close_time=2026-05-18T21:30:00Z status=active strike=76877.62 run_id=b65bb902-07f5-4f58-92fa-f7e9277fa0d0
2026-05-18 17:15:16,324 | INFO | WS connected for KXBTC15M-26MAY181730-30
2026-05-18 17:15:16,349 | INFO | WS subscribed payload: {'type': 'subscribed', 'id': 10, 'msg': {'channel': 'ticker', 'sid': 1}}
2026-05-18 17:15:16,349 | INFO | WS subscribed payload: {'type': 'subscribed', 'id': 10, 'msg': {'channel': 'orderbook_delta', 'sid': 2}}
2026-05-18 17:15:16,349 | INFO | Orderbook snapshot ready for KXBTC15M-26MAY181730-30
2026-05-18 17:15:19,271 | INFO | Heartbeat | watch=KXBTC15M-26MAY181730-30 yes_bid=52 yes_ask=53 no_bid=47 no_ask=48 book_ready=True position=False pending=False dry_run=False trust=synced run_id=b65bb902-07f5-4f58-92fa-f7e9277fa0d0
2026-05-18 17:15:34,420 | INFO | Heartbeat | watch=KXBTC15M-26MAY181730-30 yes_bid=46 yes_ask=47 no_bid=53 no_ask=54 book_ready=True position=False pending=False dry_run=False trust=synced run_id=b65bb902-07f5-4f58-92fa-f7e9277fa0d0
2026-05-18 17:15:49,439 | INFO | Heartbeat | watch=KXBTC15M-26MAY181730-30 yes_bid=55 yes_ask=56 no_bid=44 no_ask=45 book_ready=True position=False pending=False dry_run=False trust=synced run_id=b65bb902-07f5-4f58-92fa-f7e9277fa0d0
2026-05-18 17:16:04,435 | INFO | Heartbeat | watch=KXBTC15M-26MAY181730-30 yes_bid=56 yes_ask=57 no_bid=43 no_ask=44 book_ready=True position=False pending=False dry_run=False trust=synced run_id=b65bb902-07f5-4f58-92fa-f7e9277fa0d0
2026-05-18 17:16:19,469 | INFO | Heartbeat | watch=KXBTC15M-26MAY181730-30 yes_bid=52 yes_ask=54 no_bid=46 no_ask=48 book_ready=True position=False pending=False dry_run=False trust=synced run_id=b65bb902-07f5-4f58-92fa-f7e9277fa0d0
2026-05-18 17:16:34,522 | INFO | Heartbeat | watch=KXBTC15M-26MAY181730-30 yes_bid=56 yes_ask=57 no_bid=43 no_ask=44 book_ready=True position=False pending=False dry_run=False trust=synced run_id=b65bb902-07f5-4f58-92fa-f7e9277fa0d0
2026-05-18 17:16:49,521 | INFO | Heartbeat | watch=KXBTC15M-26MAY181730-30 yes_bid=59 yes_ask=60 no_bid=40 no_ask=41 book_ready=True position=False pending=False dry_run=False trust=synced run_id=b65bb902-07f5-4f58-92fa-f7e9277fa0d0
2026-05-18 17:17:04,531 | INFO | Heartbeat | watch=KXBTC15M-26MAY181730-30 yes_bid=54 yes_ask=56 no_bid=44 no_ask=46 book_ready=True position=False pending=False dry_run=False trust=synced run_id=b65bb902-07f5-4f58-92fa-f7e9277fa0d0
2026-05-18 17:17:19,552 | INFO | Heartbeat | watch=KXBTC15M-26MAY181730-30 yes_bid=55 yes_ask=57 no_bid=43 no_ask=45 book_ready=True position=False pending=False dry_run=False trust=synced run_id=b65bb902-07f5-4f58-92fa-f7e9277fa0d0
2026-05-18 17:17:34,563 | INFO | Heartbeat | watch=KXBTC15M-26MAY181730-30 yes_bid=51 yes_ask=52 no_bid=48 no_ask=49 book_ready=True position=False pending=False dry_run=False trust=synced run_id=b65bb902-07f5-4f58-92fa-f7e9277fa0d0
2026-05-18 17:17:49,606 | INFO | Heartbeat | watch=KXBTC15M-26MAY181730-30 yes_bid=52 yes_ask=53 no_bid=47 no_ask=48 book_ready=True position=False pending=False dry_run=False trust=synced run_id=b65bb902-07f5-4f58-92fa-f7e9277fa0d0
2026-05-18 17:18:04,620 | INFO | Heartbeat | watch=KXBTC15M-26MAY181730-30 yes_bid=47 yes_ask=48 no_bid=52 no_ask=53 book_ready=True position=False pending=False dry_run=False trust=synced run_id=b65bb902-07f5-4f58-92fa-f7e9277fa0d0
2026-05-18 17:18:19,653 | INFO | Heartbeat | watch=KXBTC15M-26MAY181730-30 yes_bid=52 yes_ask=53 no_bid=47 no_ask=48 book_ready=True position=False pending=False dry_run=False trust=synced run_id=b65bb902-07f5-4f58-92fa-f7e9277fa0d0
2026-05-18 17:18:34,688 | INFO | Heartbeat | watch=KXBTC15M-26MAY181730-30 yes_bid=58 yes_ask=61 no_bid=39 no_ask=42 book_ready=True position=False pending=False dry_run=False trust=synced run_id=b65bb902-07f5-4f58-92fa-f7e9277fa0d0
2026-05-18 17:18:49,686 | INFO | Heartbeat | watch=KXBTC15M-26MAY181730-30 yes_bid=60 yes_ask=61 no_bid=39 no_ask=40 book_ready=True position=False pending=False dry_run=False trust=synced run_id=b65bb902-07f5-4f58-92fa-f7e9277fa0d0
2026-05-18 17:19:04,709 | INFO | Heartbeat | watch=KXBTC15M-26MAY181730-30 yes_bid=60 yes_ask=61 no_bid=39 no_ask=40 book_ready=True position=False pending=False dry_run=False trust=synced run_id=b65bb902-07f5-4f58-92fa-f7e9277fa0d0
2026-05-18 17:19:19,716 | INFO | Heartbeat | watch=KXBTC15M-26MAY181730-30 yes_bid=64 yes_ask=65 no_bid=35 no_ask=36 book_ready=True position=False pending=False dry_run=False trust=synced run_id=b65bb902-07f5-4f58-92fa-f7e9277fa0d0
2026-05-18 17:19:34,749 | INFO | Heartbeat | watch=KXBTC15M-26MAY181730-30 yes_bid=66 yes_ask=68 no_bid=32 no_ask=34 book_ready=True position=False pending=False dry_run=False trust=synced run_id=b65bb902-07f5-4f58-92fa-f7e9277fa0d0
2026-05-18 17:19:49,832 | INFO | Heartbeat | watch=KXBTC15M-26MAY181730-30 yes_bid=61 yes_ask=62 no_bid=38 no_ask=39 book_ready=True position=False pending=False dry_run=False trust=synced run_id=b65bb902-07f5-4f58-92fa-f7e9277fa0d0
2026-05-18 17:20:04,856 | INFO | Heartbeat | watch=KXBTC15M-26MAY181730-30 yes_bid=62 yes_ask=63 no_bid=37 no_ask=38 book_ready=True position=False pending=False dry_run=False trust=synced run_id=b65bb902-07f5-4f58-92fa-f7e9277fa0d0
2026-05-18 17:20:19,878 | INFO | Heartbeat | watch=KXBTC15M-26MAY181730-30 yes_bid=68 yes_ask=69 no_bid=31 no_ask=32 book_ready=True position=False pending=False dry_run=False trust=synced run_id=b65bb902-07f5-4f58-92fa-f7e9277fa0d0
2026-05-18 17:20:34,884 | INFO | Heartbeat | watch=KXBTC15M-26MAY181730-30 yes_bid=70 yes_ask=71 no_bid=29 no_ask=30 book_ready=True position=False pending=False dry_run=False trust=synced run_id=b65bb902-07f5-4f58-92fa-f7e9277fa0d0
2026-05-18 17:20:49,900 | INFO | Heartbeat | watch=KXBTC15M-26MAY181730-30 yes_bid=71 yes_ask=72 no_bid=28 no_ask=29 book_ready=True position=False pending=False dry_run=False trust=synced run_id=b65bb902-07f5-4f58-92fa-f7e9277fa0d0
2026-05-18 17:21:04,898 | INFO | Heartbeat | watch=KXBTC15M-26MAY181730-30 yes_bid=78 yes_ask=79 no_bid=21 no_ask=22 book_ready=True position=False pending=False dry_run=False trust=synced run_id=b65bb902-07f5-4f58-92fa-f7e9277fa0d0
2026-05-18 17:21:19,942 | INFO | Heartbeat | watch=KXBTC15M-26MAY181730-30 yes_bid=85 yes_ask=86 no_bid=14 no_ask=15 book_ready=True position=False pending=False dry_run=False trust=synced run_id=b65bb902-07f5-4f58-92fa-f7e9277fa0d0
2026-05-18 17:21:35,021 | INFO | Heartbeat | watch=KXBTC15M-26MAY181730-30 yes_bid=78 yes_ask=79 no_bid=21 no_ask=22 book_ready=True position=False pending=False dry_run=False trust=synced run_id=b65bb902-07f5-4f58-92fa-f7e9277fa0d0
2026-05-18 17:21:50,055 | INFO | Heartbeat | watch=KXBTC15M-26MAY181730-30 yes_bid=77 yes_ask=78 no_bid=22 no_ask=23 book_ready=True position=False pending=False dry_run=False trust=synced run_id=b65bb902-07f5-4f58-92fa-f7e9277fa0d0
2026-05-18 17:22:05,088 | INFO | Heartbeat | watch=KXBTC15M-26MAY181730-30 yes_bid=80 yes_ask=81 no_bid=19 no_ask=20 book_ready=True position=False pending=False dry_run=False trust=synced run_id=b65bb902-07f5-4f58-92fa-f7e9277fa0d0
2026-05-18 17:22:20,084 | INFO | Heartbeat | watch=KXBTC15M-26MAY181730-30 yes_bid=85 yes_ask=86 no_bid=14 no_ask=15 book_ready=True position=False pending=False dry_run=False trust=synced run_id=b65bb902-07f5-4f58-92fa-f7e9277fa0d0
2026-05-18 17:22:35,085 | INFO | Heartbeat | watch=KXBTC15M-26MAY181730-30 yes_bid=82 yes_ask=83 no_bid=17 no_ask=18 book_ready=True position=False pending=False dry_run=False trust=synced run_id=b65bb902-07f5-4f58-92fa-f7e9277fa0d0
2026-05-18 17:22:50,103 | INFO | Heartbeat | watch=KXBTC15M-26MAY181730-30 yes_bid=79 yes_ask=81 no_bid=19 no_ask=21 book_ready=True position=False pending=False dry_run=False trust=synced run_id=b65bb902-07f5-4f58-92fa-f7e9277fa0d0
2026-05-18 17:23:05,107 | INFO | Heartbeat | watch=KXBTC15M-26MAY181730-30 yes_bid=84 yes_ask=85 no_bid=15 no_ask=16 book_ready=True position=False pending=False dry_run=False trust=synced run_id=b65bb902-07f5-4f58-92fa-f7e9277fa0d0
2026-05-18 17:23:20,149 | INFO | Heartbeat | watch=KXBTC15M-26MAY181730-30 yes_bid=90 yes_ask=91 no_bid=9 no_ask=10 book_ready=True position=False pending=False dry_run=False trust=synced run_id=b65bb902-07f5-4f58-92fa-f7e9277fa0d0
2026-05-18 17:23:35,152 | INFO | Heartbeat | watch=KXBTC15M-26MAY181730-30 yes_bid=93 yes_ask=93 no_bid=7 no_ask=7 book_ready=True position=False pending=False dry_run=False trust=synced run_id=b65bb902-07f5-4f58-92fa-f7e9277fa0d0
2026-05-18 17:23:50,189 | INFO | Heartbeat | watch=KXBTC15M-26MAY181730-30 yes_bid=93 yes_ask=94 no_bid=6 no_ask=7 book_ready=True position=False pending=False dry_run=False trust=synced run_id=b65bb902-07f5-4f58-92fa-f7e9277fa0d0
2026-05-18 17:24:05,198 | INFO | Heartbeat | watch=KXBTC15M-26MAY181730-30 yes_bid=93 yes_ask=94 no_bid=6 no_ask=7 book_ready=True position=False pending=False dry_run=False trust=synced run_id=b65bb902-07f5-4f58-92fa-f7e9277fa0d0
2026-05-18 17:24:20,207 | INFO | Heartbeat | watch=KXBTC15M-26MAY181730-30 yes_bid=88 yes_ask=89 no_bid=11 no_ask=12 book_ready=True position=False pending=False dry_run=False trust=synced run_id=b65bb902-07f5-4f58-92fa-f7e9277fa0d0
2026-05-18 17:24:35,204 | INFO | Heartbeat | watch=KXBTC15M-26MAY181730-30 yes_bid=85 yes_ask=86 no_bid=14 no_ask=15 book_ready=True position=False pending=False dry_run=False trust=synced run_id=b65bb902-07f5-4f58-92fa-f7e9277fa0d0
2026-05-18 17:24:50,241 | INFO | Heartbeat | watch=KXBTC15M-26MAY181730-30 yes_bid=86 yes_ask=87 no_bid=13 no_ask=14 book_ready=True position=False pending=False dry_run=False trust=synced run_id=b65bb902-07f5-4f58-92fa-f7e9277fa0d0
2026-05-18 17:25:05,290 | INFO | Heartbeat | watch=KXBTC15M-26MAY181730-30 yes_bid=90 yes_ask=91 no_bid=9 no_ask=10 book_ready=True position=False pending=False dry_run=False trust=synced run_id=b65bb902-07f5-4f58-92fa-f7e9277fa0d0
2026-05-18 17:25:20,318 | INFO | Heartbeat | watch=KXBTC15M-26MAY181730-30 yes_bid=91 yes_ask=92 no_bid=8 no_ask=9 book_ready=True position=False pending=False dry_run=False trust=synced run_id=b65bb902-07f5-4f58-92fa-f7e9277fa0d0
2026-05-18 17:25:35,344 | INFO | Heartbeat | watch=KXBTC15M-26MAY181730-30 yes_bid=87 yes_ask=88 no_bid=12 no_ask=13 book_ready=True position=False pending=False dry_run=False trust=synced run_id=b65bb902-07f5-4f58-92fa-f7e9277fa0d0
2026-05-18 17:25:50,353 | INFO | Heartbeat | watch=KXBTC15M-26MAY181730-30 yes_bid=87 yes_ask=88 no_bid=12 no_ask=13 book_ready=True position=False pending=False dry_run=False trust=synced run_id=b65bb902-07f5-4f58-92fa-f7e9277fa0d0
2026-05-18 17:26:05,409 | INFO | Heartbeat | watch=KXBTC15M-26MAY181730-30 yes_bid=94 yes_ask=94 no_bid=6 no_ask=6 book_ready=True position=False pending=False dry_run=False trust=synced run_id=b65bb902-07f5-4f58-92fa-f7e9277fa0d0
2026-05-18 17:26:20,458 | INFO | Heartbeat | watch=KXBTC15M-26MAY181730-30 yes_bid=93 yes_ask=94 no_bid=6 no_ask=7 book_ready=True position=False pending=False dry_run=False trust=synced run_id=b65bb902-07f5-4f58-92fa-f7e9277fa0d0
2026-05-18 17:26:35,507 | INFO | Heartbeat | watch=KXBTC15M-26MAY181730-30 yes_bid=95 yes_ask=96 no_bid=4 no_ask=5 book_ready=True position=False pending=False dry_run=False trust=synced run_id=b65bb902-07f5-4f58-92fa-f7e9277fa0d0
2026-05-18 17:26:50,550 | INFO | Heartbeat | watch=KXBTC15M-26MAY181730-30 yes_bid=96 yes_ask=97 no_bid=3 no_ask=4 book_ready=True position=False pending=False dry_run=False trust=synced run_id=b65bb902-07f5-4f58-92fa-f7e9277fa0d0
2026-05-18 17:27:05,558 | INFO | Heartbeat | watch=KXBTC15M-26MAY181730-30 yes_bid=97 yes_ask=98 no_bid=2 no_ask=3 book_ready=True position=False pending=False dry_run=False trust=synced run_id=b65bb902-07f5-4f58-92fa-f7e9277fa0d0
