dataset,candidate,block_index,base_markets,selected_markets,coverage,wins,losses,net_pnl_cents,positive_net,coverage_pass
current,baseline_book_margin,0,20,20,1.0,12,8,-123.0,False,True
current,baseline_book_margin,1,20,20,1.0,14,6,59.0,True,True
current,baseline_book_margin,2,20,20,1.0,15,5,139.0,True,True
current,baseline_book_margin,3,20,20,1.0,16,4,274.0,True,True
current,baseline_book_margin,4,20,20,1.0,12,8,-117.0,False,True
current,baseline_book_margin,5,20,20,1.0,12,8,-129.0,False,True
current,baseline_book_margin,6,20,20,1.0,16,4,220.0,True,True
current,baseline_book_margin,7,20,19,0.95,16,3,297.0,True,True
current,baseline_book_margin,8,20,20,1.0,14,6,75.0,True,True
current,baseline_book_margin,9,20,19,0.95,15,4,200.0,True,True
current,baseline_book_margin,10,20,20,1.0,12,8,-164.0,False,True
current,baseline_book_margin,11,20,20,1.0,13,7,-73.0,False,True
current,baseline_book_margin,12,20,20,1.0,16,4,258.0,True,True
current,baseline_book_margin,13,20,20,1.0,17,3,285.0,True,True
current,baseline_book_margin,14,20,20,1.0,11,9,-260.0,False,True
current,baseline_book_margin,15,20,20,1.0,15,5,129.0,True,True
current,baseline_book_margin,16,6,6,1.0,3,3,-119.0,False,True
v21,baseline_book_margin,0,20,19,0.95,16,3,223.0,True,True
v21,baseline_book_margin,1,20,20,1.0,11,9,-283.0,False,True
v21,baseline_book_margin,2,20,20,1.0,13,7,-104.0,False,True
v21,baseline_book_margin,3,20,20,1.0,13,7,-84.0,False,True
v21,baseline_book_margin,4,20,20,1.0,14,6,32.0,True,True
v21,baseline_book_margin,5,20,20,1.0,14,6,40.0,True,True
v21,baseline_book_margin,6,20,20,1.0,17,3,343.0,True,True
v21,baseline_book_margin,7,20,20,1.0,16,4,230.0,True,True
v21,baseline_book_margin,8,20,20,1.0,10,10,-332.0,False,True
v21,baseline_book_margin,9,20,20,1.0,17,3,292.0,True,True
v21,baseline_book_margin,10,20,19,0.95,14,5,31.0,True,True
v21,baseline_book_margin,11,1,1,1.0,1,0,37.0,True,True
current,touch_first_t0.4_ask55_book0.5,0,20,20,1.0,13,7,112.0,True,True
current,touch_first_t0.4_ask55_book0.5,1,20,20,1.0,11,9,-125.0,False,True
current,touch_first_t0.4_ask55_book0.5,2,20,20,1.0,13,7,32.0,True,True
current,touch_first_t0.4_ask55_book0.5,3,20,20,1.0,16,4,375.0,True,True
current,touch_first_t0.4_ask55_book0.5,4,20,20,1.0,8,12,-381.0,False,True
current,touch_first_t0.4_ask55_book0.5,5,20,20,1.0,10,10,-217.0,False,True
current,touch_first_t0.4_ask55_book0.5,6,20,20,1.0,14,6,183.0,True,True
current,touch_first_t0.4_ask55_book0.5,7,20,19,0.95,11,8,-77.0,False,True
current,touch_first_t0.4_ask55_book0.5,8,20,20,1.0,14,6,153.0,True,True
current,touch_first_t0.4_ask55_book0.5,9,20,19,0.95,9,10,-267.0,False,True
current,touch_first_t0.4_ask55_book0.5,10,20,20,1.0,9,11,-356.0,False,True
current,touch_first_t0.4_ask55_book0.5,11,20,20,1.0,10,10,-264.0,False,True
current,touch_first_t0.4_ask55_book0.5,12,20,20,1.0,12,8,5.0,True,True
current,touch_first_t0.4_ask55_book0.5,13,20,20,1.0,15,5,136.0,True,True
current,touch_first_t0.4_ask55_book0.5,14,20,20,1.0,11,9,-172.0,False,True
current,touch_first_t0.4_ask55_book0.5,15,20,20,1.0,13,7,101.0,True,True
current,touch_first_t0.4_ask55_book0.5,16,6,6,1.0,3,3,-74.0,False,True
v21,touch_first_t0.4_ask55_book0.5,0,20,19,0.95,16,3,331.0,True,True
v21,touch_first_t0.4_ask55_book0.5,1,20,20,1.0,14,6,105.0,True,True
v21,touch_first_t0.4_ask55_book0.5,2,20,20,1.0,13,7,27.0,True,True
v21,touch_first_t0.4_ask55_book0.5,3,20,20,1.0,12,8,-54.0,False,True
v21,touch_first_t0.4_ask55_book0.5,4,20,20,1.0,13,7,74.0,True,True
v21,touch_first_t0.4_ask55_book0.5,5,20,20,1.0,13,7,49.0,True,True
v21,touch_first_t0.4_ask55_book0.5,6,20,20,1.0,16,4,419.0,True,True
v21,touch_first_t0.4_ask55_book0.5,7,20,20,1.0,12,8,-36.0,False,True
v21,touch_first_t0.4_ask55_book0.5,8,20,20,1.0,10,10,-191.0,False,True
v21,touch_first_t0.4_ask55_book0.5,9,20,20,1.0,15,5,231.0,True,True
v21,touch_first_t0.4_ask55_book0.5,10,20,19,0.95,9,10,-263.0,False,True
v21,touch_first_t0.4_ask55_book0.5,11,1,1,1.0,1,0,45.0,True,True
current,touch_first_t0.4_ask55_book0.55,0,20,20,1.0,12,8,-123.0,False,True
current,touch_first_t0.4_ask55_book0.55,1,20,20,1.0,14,6,59.0,True,True
current,touch_first_t0.4_ask55_book0.55,2,20,20,1.0,15,5,139.0,True,True
current,touch_first_t0.4_ask55_book0.55,3,20,20,1.0,16,4,274.0,True,True
current,touch_first_t0.4_ask55_book0.55,4,20,20,1.0,12,8,-117.0,False,True
current,touch_first_t0.4_ask55_book0.55,5,20,20,1.0,12,8,-129.0,False,True
current,touch_first_t0.4_ask55_book0.55,6,20,20,1.0,16,4,220.0,True,True
current,touch_first_t0.4_ask55_book0.55,7,20,19,0.95,16,3,297.0,True,True
current,touch_first_t0.4_ask55_book0.55,8,20,20,1.0,14,6,75.0,True,True
current,touch_first_t0.4_ask55_book0.55,9,20,19,0.95,15,4,200.0,True,True
current,touch_first_t0.4_ask55_book0.55,10,20,20,1.0,12,8,-164.0,False,True
current,touch_first_t0.4_ask55_book0.55,11,20,20,1.0,13,7,-73.0,False,True
current,touch_first_t0.4_ask55_book0.55,12,20,20,1.0,16,4,258.0,True,True
current,touch_first_t0.4_ask55_book0.55,13,20,20,1.0,17,3,285.0,True,True
current,touch_first_t0.4_ask55_book0.55,14,20,20,1.0,11,9,-260.0,False,True
current,touch_first_t0.4_ask55_book0.55,15,20,20,1.0,15,5,129.0,True,True
current,touch_first_t0.4_ask55_book0.55,16,6,6,1.0,3,3,-119.0,False,True
v21,touch_first_t0.4_ask55_book0.55,0,20,19,0.95,16,3,223.0,True,True
v21,touch_first_t0.4_ask55_book0.55,1,20,20,1.0,11,9,-283.0,False,True
v21,touch_first_t0.4_ask55_book0.55,2,20,20,1.0,13,7,-104.0,False,True
v21,touch_first_t0.4_ask55_book0.55,3,20,20,1.0,13,7,-84.0,False,True
v21,touch_first_t0.4_ask55_book0.55,4,20,20,1.0,14,6,32.0,True,True
v21,touch_first_t0.4_ask55_book0.55,5,20,20,1.0,14,6,40.0,True,True
v21,touch_first_t0.4_ask55_book0.55,6,20,20,1.0,17,3,343.0,True,True
v21,touch_first_t0.4_ask55_book0.55,7,20,20,1.0,16,4,230.0,True,True
v21,touch_first_t0.4_ask55_book0.55,8,20,20,1.0,10,10,-332.0,False,True
v21,touch_first_t0.4_ask55_book0.55,9,20,20,1.0,17,3,292.0,True,True
v21,touch_first_t0.4_ask55_book0.55,10,20,19,0.95,14,5,31.0,True,True
v21,touch_first_t0.4_ask55_book0.55,11,1,1,1.0,1,0,37.0,True,True
current,touch_first_t0.4_ask55_book0.6,0,20,20,1.0,12,8,-123.0,False,True
current,touch_first_t0.4_ask55_book0.6,1,20,20,1.0,14,6,59.0,True,True
current,touch_first_t0.4_ask55_book0.6,2,20,20,1.0,15,5,139.0,True,True
current,touch_first_t0.4_ask55_book0.6,3,20,20,1.0,16,4,274.0,True,True
current,touch_first_t0.4_ask55_book0.6,4,20,20,1.0,12,8,-117.0,False,True
current,touch_first_t0.4_ask55_book0.6,5,20,20,1.0,12,8,-129.0,False,True
current,touch_first_t0.4_ask55_book0.6,6,20,20,1.0,16,4,220.0,True,True
current,touch_first_t0.4_ask55_book0.6,7,20,19,0.95,16,3,297.0,True,True
current,touch_first_t0.4_ask55_book0.6,8,20,20,1.0,14,6,75.0,True,True
current,touch_first_t0.4_ask55_book0.6,9,20,19,0.95,15,4,200.0,True,True
current,touch_first_t0.4_ask55_book0.6,10,20,20,1.0,12,8,-164.0,False,True
current,touch_first_t0.4_ask55_book0.6,11,20,20,1.0,13,7,-73.0,False,True
current,touch_first_t0.4_ask55_book0.6,12,20,20,1.0,16,4,258.0,True,True
current,touch_first_t0.4_ask55_book0.6,13,20,20,1.0,17,3,285.0,True,True
current,touch_first_t0.4_ask55_book0.6,14,20,20,1.0,11,9,-260.0,False,True
current,touch_first_t0.4_ask55_book0.6,15,20,20,1.0,15,5,129.0,True,True
current,touch_first_t0.4_ask55_book0.6,16,6,6,1.0,3,3,-119.0,False,True
v21,touch_first_t0.4_ask55_book0.6,0,20,19,0.95,16,3,223.0,True,True
v21,touch_first_t0.4_ask55_book0.6,1,20,20,1.0,11,9,-283.0,False,True
v21,touch_first_t0.4_ask55_book0.6,2,20,20,1.0,13,7,-104.0,False,True
v21,touch_first_t0.4_ask55_book0.6,3,20,20,1.0,13,7,-84.0,False,True
v21,touch_first_t0.4_ask55_book0.6,4,20,20,1.0,14,6,32.0,True,True
v21,touch_first_t0.4_ask55_book0.6,5,20,20,1.0,14,6,40.0,True,True
v21,touch_first_t0.4_ask55_book0.6,6,20,20,1.0,17,3,343.0,True,True
v21,touch_first_t0.4_ask55_book0.6,7,20,20,1.0,16,4,230.0,True,True
v21,touch_first_t0.4_ask55_book0.6,8,20,20,1.0,10,10,-332.0,False,True
v21,touch_first_t0.4_ask55_book0.6,9,20,20,1.0,17,3,292.0,True,True
v21,touch_first_t0.4_ask55_book0.6,10,20,19,0.95,14,5,31.0,True,True
v21,touch_first_t0.4_ask55_book0.6,11,1,1,1.0,1,0,37.0,True,True
current,touch_first_t0.4_ask55_book0.65,0,20,20,1.0,12,8,-123.0,False,True
current,touch_first_t0.4_ask55_book0.65,1,20,20,1.0,14,6,59.0,True,True
current,touch_first_t0.4_ask55_book0.65,2,20,20,1.0,15,5,139.0,True,True
current,touch_first_t0.4_ask55_book0.65,3,20,20,1.0,16,4,274.0,True,True
current,touch_first_t0.4_ask55_book0.65,4,20,20,1.0,12,8,-117.0,False,True
current,touch_first_t0.4_ask55_book0.65,5,20,20,1.0,12,8,-129.0,False,True
current,touch_first_t0.4_ask55_book0.65,6,20,20,1.0,16,4,220.0,True,True
current,touch_first_t0.4_ask55_book0.65,7,20,19,0.95,16,3,297.0,True,True
current,touch_first_t0.4_ask55_book0.65,8,20,20,1.0,14,6,75.0,True,True
current,touch_first_t0.4_ask55_book0.65,9,20,19,0.95,15,4,200.0,True,True
current,touch_first_t0.4_ask55_book0.65,10,20,20,1.0,12,8,-164.0,False,True
current,touch_first_t0.4_ask55_book0.65,11,20,20,1.0,13,7,-73.0,False,True
current,touch_first_t0.4_ask55_book0.65,12,20,20,1.0,16,4,258.0,True,True
current,touch_first_t0.4_ask55_book0.65,13,20,20,1.0,17,3,285.0,True,True
current,touch_first_t0.4_ask55_book0.65,14,20,20,1.0,11,9,-260.0,False,True
current,touch_first_t0.4_ask55_book0.65,15,20,20,1.0,15,5,129.0,True,True
current,touch_first_t0.4_ask55_book0.65,16,6,6,1.0,3,3,-119.0,False,True
v21,touch_first_t0.4_ask55_book0.65,0,20,19,0.95,16,3,223.0,True,True
v21,touch_first_t0.4_ask55_book0.65,1,20,20,1.0,11,9,-283.0,False,True
v21,touch_first_t0.4_ask55_book0.65,2,20,20,1.0,13,7,-104.0,False,True
v21,touch_first_t0.4_ask55_book0.65,3,20,20,1.0,13,7,-84.0,False,True
v21,touch_first_t0.4_ask55_book0.65,4,20,20,1.0,14,6,32.0,True,True
v21,touch_first_t0.4_ask55_book0.65,5,20,20,1.0,14,6,40.0,True,True
v21,touch_first_t0.4_ask55_book0.65,6,20,20,1.0,17,3,343.0,True,True
v21,touch_first_t0.4_ask55_book0.65,7,20,20,1.0,16,4,230.0,True,True
v21,touch_first_t0.4_ask55_book0.65,8,20,20,1.0,10,10,-332.0,False,True
v21,touch_first_t0.4_ask55_book0.65,9,20,20,1.0,17,3,292.0,True,True
v21,touch_first_t0.4_ask55_book0.65,10,20,19,0.95,14,5,31.0,True,True
v21,touch_first_t0.4_ask55_book0.65,11,1,1,1.0,1,0,37.0,True,True
current,touch_first_t0.4_ask60_book0.5,0,20,20,1.0,13,7,103.0,True,True
current,touch_first_t0.4_ask60_book0.5,1,20,20,1.0,14,6,188.0,True,True
current,touch_first_t0.4_ask60_book0.5,2,20,20,1.0,14,6,151.0,True,True
current,touch_first_t0.4_ask60_book0.5,3,20,20,1.0,17,3,485.0,True,True
current,touch_first_t0.4_ask60_book0.5,4,20,20,1.0,8,12,-383.0,False,True
current,touch_first_t0.4_ask60_book0.5,5,20,20,1.0,9,11,-319.0,False,True
current,touch_first_t0.4_ask60_book0.5,6,20,20,1.0,14,6,186.0,True,True
current,touch_first_t0.4_ask60_book0.5,7,20,19,0.95,10,9,-152.0,False,True
current,touch_first_t0.4_ask60_book0.5,8,20,20,1.0,13,7,62.0,True,True
current,touch_first_t0.4_ask60_book0.5,9,20,19,0.95,9,10,-270.0,False,True
current,touch_first_t0.4_ask60_book0.5,10,20,20,1.0,9,11,-342.0,False,True
current,touch_first_t0.4_ask60_book0.5,11,20,20,1.0,8,12,-424.0,False,True
current,touch_first_t0.4_ask60_book0.5,12,20,20,1.0,12,8,5.0,True,True
current,touch_first_t0.4_ask60_book0.5,13,20,20,1.0,15,5,149.0,True,True
current,touch_first_t0.4_ask60_book0.5,14,20,20,1.0,11,9,-152.0,False,True
current,touch_first_t0.4_ask60_book0.5,15,20,20,1.0,12,8,5.0,True,True
current,touch_first_t0.4_ask60_book0.5,16,6,6,1.0,3,3,-84.0,False,True
v21,touch_first_t0.4_ask60_book0.5,0,20,19,0.95,13,6,86.0,True,True
v21,touch_first_t0.4_ask60_book0.5,1,20,20,1.0,15,5,224.0,True,True
v21,touch_first_t0.4_ask60_book0.5,2,20,20,1.0,11,9,-109.0,False,True
v21,touch_first_t0.4_ask60_book0.5,3,20,20,1.0,14,6,176.0,True,True
v21,touch_first_t0.4_ask60_book0.5,4,20,20,1.0,12,8,-3.0,False,True
v21,touch_first_t0.4_ask60_book0.5,5,20,20,1.0,15,5,270.0,True,True
v21,touch_first_t0.4_ask60_book0.5,6,20,20,1.0,14,6,218.0,True,True
v21,touch_first_t0.4_ask60_book0.5,7,20,20,1.0,12,8,-9.0,False,True
v21,touch_first_t0.4_ask60_book0.5,8,20,20,1.0,12,8,13.0,True,True
v21,touch_first_t0.4_ask60_book0.5,9,20,20,1.0,14,6,167.0,True,True
v21,touch_first_t0.4_ask60_book0.5,10,20,19,0.95,10,9,-149.0,False,True
v21,touch_first_t0.4_ask60_book0.5,11,1,1,1.0,1,0,45.0,True,True
current,touch_first_t0.4_ask60_book0.55,0,20,20,1.0,14,6,152.0,True,True
current,touch_first_t0.4_ask60_book0.55,1,20,20,1.0,14,6,126.0,True,True
current,touch_first_t0.4_ask60_book0.55,2,20,20,1.0,16,4,304.0,True,True
current,touch_first_t0.4_ask60_book0.55,3,20,20,1.0,17,3,443.0,True,True
current,touch_first_t0.4_ask60_book0.55,4,20,20,1.0,11,9,-142.0,False,True
current,touch_first_t0.4_ask60_book0.55,5,20,20,1.0,9,11,-357.0,False,True
current,touch_first_t0.4_ask60_book0.55,6,20,20,1.0,15,5,192.0,True,True
current,touch_first_t0.4_ask60_book0.55,7,20,19,0.95,12,7,-33.0,False,True
current,touch_first_t0.4_ask60_book0.55,8,20,20,1.0,13,7,7.0,True,True
current,touch_first_t0.4_ask60_book0.55,9,20,19,0.95,13,6,70.0,True,True
current,touch_first_t0.4_ask60_book0.55,10,20,20,1.0,9,11,-378.0,False,True
current,touch_first_t0.4_ask60_book0.55,11,20,20,1.0,9,11,-383.0,False,True
current,touch_first_t0.4_ask60_book0.55,12,20,20,1.0,14,6,147.0,True,True
current,touch_first_t0.4_ask60_book0.55,13,20,20,1.0,16,4,225.0,True,True
current,touch_first_t0.4_ask60_book0.55,14,20,20,1.0,11,9,-200.0,False,True
current,touch_first_t0.4_ask60_book0.55,15,20,20,1.0,13,7,32.0,True,True
current,touch_first_t0.4_ask60_book0.55,16,6,6,1.0,3,3,-93.0,False,True
v21,touch_first_t0.4_ask60_book0.55,0,20,19,0.95,13,6,66.0,True,True
v21,touch_first_t0.4_ask60_book0.55,1,20,20,1.0,11,9,-237.0,False,True
v21,touch_first_t0.4_ask60_book0.55,2,20,20,1.0,12,8,-71.0,False,True
v21,touch_first_t0.4_ask60_book0.55,3,20,20,1.0,16,4,303.0,True,True
v21,touch_first_t0.4_ask60_book0.55,4,20,20,1.0,13,7,42.0,True,True
v21,touch_first_t0.4_ask60_book0.55,5,20,20,1.0,15,5,174.0,True,True
v21,touch_first_t0.4_ask60_book0.55,6,20,20,1.0,16,4,327.0,True,True
v21,touch_first_t0.4_ask60_book0.55,7,20,20,1.0,15,5,233.0,True,True
v21,touch_first_t0.4_ask60_book0.55,8,20,20,1.0,9,11,-362.0,False,True
v21,touch_first_t0.4_ask60_book0.55,9,20,20,1.0,14,6,66.0,True,True
v21,touch_first_t0.4_ask60_book0.55,10,20,19,0.95,12,7,-78.0,False,True
v21,touch_first_t0.4_ask60_book0.55,11,1,1,1.0,1,0,37.0,True,True
current,touch_first_t0.4_ask60_book0.6,0,20,20,1.0,12,8,-123.0,False,True
current,touch_first_t0.4_ask60_book0.6,1,20,20,1.0,14,6,59.0,True,True
current,touch_first_t0.4_ask60_book0.6,2,20,20,1.0,15,5,139.0,True,True
current,touch_first_t0.4_ask60_book0.6,3,20,20,1.0,16,4,274.0,True,True
current,touch_first_t0.4_ask60_book0.6,4,20,20,1.0,12,8,-117.0,False,True
current,touch_first_t0.4_ask60_book0.6,5,20,20,1.0,12,8,-129.0,False,True
current,touch_first_t0.4_ask60_book0.6,6,20,20,1.0,16,4,220.0,True,True
current,touch_first_t0.4_ask60_book0.6,7,20,19,0.95,16,3,297.0,True,True
current,touch_first_t0.4_ask60_book0.6,8,20,20,1.0,14,6,75.0,True,True
current,touch_first_t0.4_ask60_book0.6,9,20,19,0.95,15,4,200.0,True,True
current,touch_first_t0.4_ask60_book0.6,10,20,20,1.0,12,8,-164.0,False,True
current,touch_first_t0.4_ask60_book0.6,11,20,20,1.0,13,7,-73.0,False,True
current,touch_first_t0.4_ask60_book0.6,12,20,20,1.0,16,4,258.0,True,True
current,touch_first_t0.4_ask60_book0.6,13,20,20,1.0,17,3,285.0,True,True
current,touch_first_t0.4_ask60_book0.6,14,20,20,1.0,11,9,-260.0,False,True
current,touch_first_t0.4_ask60_book0.6,15,20,20,1.0,15,5,129.0,True,True
current,touch_first_t0.4_ask60_book0.6,16,6,6,1.0,3,3,-119.0,False,True
v21,touch_first_t0.4_ask60_book0.6,0,20,19,0.95,16,3,223.0,True,True
v21,touch_first_t0.4_ask60_book0.6,1,20,20,1.0,11,9,-283.0,False,True
v21,touch_first_t0.4_ask60_book0.6,2,20,20,1.0,13,7,-104.0,False,True
v21,touch_first_t0.4_ask60_book0.6,3,20,20,1.0,13,7,-84.0,False,True
v21,touch_first_t0.4_ask60_book0.6,4,20,20,1.0,14,6,32.0,True,True
v21,touch_first_t0.4_ask60_book0.6,5,20,20,1.0,14,6,40.0,True,True
v21,touch_first_t0.4_ask60_book0.6,6,20,20,1.0,17,3,343.0,True,True
v21,touch_first_t0.4_ask60_book0.6,7,20,20,1.0,16,4,230.0,True,True
v21,touch_first_t0.4_ask60_book0.6,8,20,20,1.0,10,10,-332.0,False,True
v21,touch_first_t0.4_ask60_book0.6,9,20,20,1.0,17,3,292.0,True,True
v21,touch_first_t0.4_ask60_book0.6,10,20,19,0.95,14,5,31.0,True,True
v21,touch_first_t0.4_ask60_book0.6,11,1,1,1.0,1,0,37.0,True,True
current,touch_first_t0.4_ask60_book0.65,0,20,20,1.0,12,8,-123.0,False,True
current,touch_first_t0.4_ask60_book0.65,1,20,20,1.0,14,6,59.0,True,True
current,touch_first_t0.4_ask60_book0.65,2,20,20,1.0,15,5,139.0,True,True
current,touch_first_t0.4_ask60_book0.65,3,20,20,1.0,16,4,274.0,True,True
current,touch_first_t0.4_ask60_book0.65,4,20,20,1.0,12,8,-117.0,False,True
current,touch_first_t0.4_ask60_book0.65,5,20,20,1.0,12,8,-129.0,False,True
current,touch_first_t0.4_ask60_book0.65,6,20,20,1.0,16,4,220.0,True,True
current,touch_first_t0.4_ask60_book0.65,7,20,19,0.95,16,3,297.0,True,True
current,touch_first_t0.4_ask60_book0.65,8,20,20,1.0,14,6,75.0,True,True
current,touch_first_t0.4_ask60_book0.65,9,20,19,0.95,15,4,200.0,True,True
current,touch_first_t0.4_ask60_book0.65,10,20,20,1.0,12,8,-164.0,False,True
current,touch_first_t0.4_ask60_book0.65,11,20,20,1.0,13,7,-73.0,False,True
current,touch_first_t0.4_ask60_book0.65,12,20,20,1.0,16,4,258.0,True,True
current,touch_first_t0.4_ask60_book0.65,13,20,20,1.0,17,3,285.0,True,True
current,touch_first_t0.4_ask60_book0.65,14,20,20,1.0,11,9,-260.0,False,True
current,touch_first_t0.4_ask60_book0.65,15,20,20,1.0,15,5,129.0,True,True
current,touch_first_t0.4_ask60_book0.65,16,6,6,1.0,3,3,-119.0,False,True
v21,touch_first_t0.4_ask60_book0.65,0,20,19,0.95,16,3,223.0,True,True
v21,touch_first_t0.4_ask60_book0.65,1,20,20,1.0,11,9,-283.0,False,True
v21,touch_first_t0.4_ask60_book0.65,2,20,20,1.0,13,7,-104.0,False,True
v21,touch_first_t0.4_ask60_book0.65,3,20,20,1.0,13,7,-84.0,False,True
v21,touch_first_t0.4_ask60_book0.65,4,20,20,1.0,14,6,32.0,True,True
v21,touch_first_t0.4_ask60_book0.65,5,20,20,1.0,14,6,40.0,True,True
v21,touch_first_t0.4_ask60_book0.65,6,20,20,1.0,17,3,343.0,True,True
v21,touch_first_t0.4_ask60_book0.65,7,20,20,1.0,16,4,230.0,True,True
v21,touch_first_t0.4_ask60_book0.65,8,20,20,1.0,10,10,-332.0,False,True
v21,touch_first_t0.4_ask60_book0.65,9,20,20,1.0,17,3,292.0,True,True
v21,touch_first_t0.4_ask60_book0.65,10,20,19,0.95,14,5,31.0,True,True
v21,touch_first_t0.4_ask60_book0.65,11,1,1,1.0,1,0,37.0,True,True
current,touch_first_t0.4_ask65_book0.5,0,20,20,1.0,13,7,103.0,True,True
current,touch_first_t0.4_ask65_book0.5,1,20,20,1.0,14,6,188.0,True,True
current,touch_first_t0.4_ask65_book0.5,2,20,20,1.0,14,6,151.0,True,True
current,touch_first_t0.4_ask65_book0.5,3,20,20,1.0,17,3,485.0,True,True
current,touch_first_t0.4_ask65_book0.5,4,20,20,1.0,8,12,-383.0,False,True
current,touch_first_t0.4_ask65_book0.5,5,20,20,1.0,9,11,-319.0,False,True
current,touch_first_t0.4_ask65_book0.5,6,20,20,1.0,14,6,186.0,True,True
current,touch_first_t0.4_ask65_book0.5,7,20,19,0.95,10,9,-152.0,False,True
current,touch_first_t0.4_ask65_book0.5,8,20,20,1.0,13,7,62.0,True,True
current,touch_first_t0.4_ask65_book0.5,9,20,19,0.95,9,10,-270.0,False,True
current,touch_first_t0.4_ask65_book0.5,10,20,20,1.0,9,11,-342.0,False,True
current,touch_first_t0.4_ask65_book0.5,11,20,20,1.0,8,12,-424.0,False,True
current,touch_first_t0.4_ask65_book0.5,12,20,20,1.0,12,8,5.0,True,True
current,touch_first_t0.4_ask65_book0.5,13,20,20,1.0,15,5,149.0,True,True
current,touch_first_t0.4_ask65_book0.5,14,20,20,1.0,11,9,-152.0,False,True
current,touch_first_t0.4_ask65_book0.5,15,20,20,1.0,12,8,5.0,True,True
current,touch_first_t0.4_ask65_book0.5,16,6,6,1.0,3,3,-84.0,False,True
v21,touch_first_t0.4_ask65_book0.5,0,20,19,0.95,13,6,86.0,True,True
v21,touch_first_t0.4_ask65_book0.5,1,20,20,1.0,15,5,224.0,True,True
v21,touch_first_t0.4_ask65_book0.5,2,20,20,1.0,11,9,-109.0,False,True
v21,touch_first_t0.4_ask65_book0.5,3,20,20,1.0,14,6,176.0,True,True
v21,touch_first_t0.4_ask65_book0.5,4,20,20,1.0,12,8,-3.0,False,True
v21,touch_first_t0.4_ask65_book0.5,5,20,20,1.0,15,5,270.0,True,True
v21,touch_first_t0.4_ask65_book0.5,6,20,20,1.0,14,6,218.0,True,True
v21,touch_first_t0.4_ask65_book0.5,7,20,20,1.0,12,8,-9.0,False,True
v21,touch_first_t0.4_ask65_book0.5,8,20,20,1.0,12,8,13.0,True,True
v21,touch_first_t0.4_ask65_book0.5,9,20,20,1.0,14,6,167.0,True,True
v21,touch_first_t0.4_ask65_book0.5,10,20,19,0.95,10,9,-149.0,False,True
v21,touch_first_t0.4_ask65_book0.5,11,1,1,1.0,1,0,45.0,True,True
current,touch_first_t0.4_ask65_book0.55,0,20,20,1.0,14,6,152.0,True,True
current,touch_first_t0.4_ask65_book0.55,1,20,20,1.0,14,6,126.0,True,True
current,touch_first_t0.4_ask65_book0.55,2,20,20,1.0,16,4,304.0,True,True
current,touch_first_t0.4_ask65_book0.55,3,20,20,1.0,17,3,443.0,True,True
current,touch_first_t0.4_ask65_book0.55,4,20,20,1.0,11,9,-142.0,False,True
current,touch_first_t0.4_ask65_book0.55,5,20,20,1.0,9,11,-357.0,False,True
current,touch_first_t0.4_ask65_book0.55,6,20,20,1.0,15,5,192.0,True,True
current,touch_first_t0.4_ask65_book0.55,7,20,19,0.95,12,7,-33.0,False,True
current,touch_first_t0.4_ask65_book0.55,8,20,20,1.0,13,7,7.0,True,True
current,touch_first_t0.4_ask65_book0.55,9,20,19,0.95,13,6,70.0,True,True
current,touch_first_t0.4_ask65_book0.55,10,20,20,1.0,9,11,-378.0,False,True
current,touch_first_t0.4_ask65_book0.55,11,20,20,1.0,9,11,-383.0,False,True
current,touch_first_t0.4_ask65_book0.55,12,20,20,1.0,14,6,147.0,True,True
current,touch_first_t0.4_ask65_book0.55,13,20,20,1.0,16,4,225.0,True,True
current,touch_first_t0.4_ask65_book0.55,14,20,20,1.0,11,9,-200.0,False,True
current,touch_first_t0.4_ask65_book0.55,15,20,20,1.0,13,7,32.0,True,True
current,touch_first_t0.4_ask65_book0.55,16,6,6,1.0,3,3,-93.0,False,True
v21,touch_first_t0.4_ask65_book0.55,0,20,19,0.95,13,6,66.0,True,True
v21,touch_first_t0.4_ask65_book0.55,1,20,20,1.0,11,9,-237.0,False,True
v21,touch_first_t0.4_ask65_book0.55,2,20,20,1.0,12,8,-71.0,False,True
v21,touch_first_t0.4_ask65_book0.55,3,20,20,1.0,16,4,303.0,True,True
v21,touch_first_t0.4_ask65_book0.55,4,20,20,1.0,13,7,42.0,True,True
v21,touch_first_t0.4_ask65_book0.55,5,20,20,1.0,15,5,174.0,True,True
v21,touch_first_t0.4_ask65_book0.55,6,20,20,1.0,16,4,327.0,True,True
v21,touch_first_t0.4_ask65_book0.55,7,20,20,1.0,15,5,233.0,True,True
v21,touch_first_t0.4_ask65_book0.55,8,20,20,1.0,9,11,-362.0,False,True
v21,touch_first_t0.4_ask65_book0.55,9,20,20,1.0,14,6,66.0,True,True
v21,touch_first_t0.4_ask65_book0.55,10,20,19,0.95,12,7,-78.0,False,True
v21,touch_first_t0.4_ask65_book0.55,11,1,1,1.0,1,0,37.0,True,True
current,touch_first_t0.4_ask65_book0.6,0,20,20,1.0,12,8,-123.0,False,True
current,touch_first_t0.4_ask65_book0.6,1,20,20,1.0,14,6,59.0,True,True
current,touch_first_t0.4_ask65_book0.6,2,20,20,1.0,15,5,139.0,True,True
current,touch_first_t0.4_ask65_book0.6,3,20,20,1.0,16,4,274.0,True,True
current,touch_first_t0.4_ask65_book0.6,4,20,20,1.0,12,8,-117.0,False,True
current,touch_first_t0.4_ask65_book0.6,5,20,20,1.0,12,8,-129.0,False,True
current,touch_first_t0.4_ask65_book0.6,6,20,20,1.0,16,4,220.0,True,True
current,touch_first_t0.4_ask65_book0.6,7,20,19,0.95,16,3,297.0,True,True
current,touch_first_t0.4_ask65_book0.6,8,20,20,1.0,14,6,75.0,True,True
current,touch_first_t0.4_ask65_book0.6,9,20,19,0.95,15,4,200.0,True,True
current,touch_first_t0.4_ask65_book0.6,10,20,20,1.0,12,8,-164.0,False,True
current,touch_first_t0.4_ask65_book0.6,11,20,20,1.0,13,7,-73.0,False,True
current,touch_first_t0.4_ask65_book0.6,12,20,20,1.0,16,4,258.0,True,True
current,touch_first_t0.4_ask65_book0.6,13,20,20,1.0,17,3,285.0,True,True
current,touch_first_t0.4_ask65_book0.6,14,20,20,1.0,11,9,-260.0,False,True
current,touch_first_t0.4_ask65_book0.6,15,20,20,1.0,15,5,129.0,True,True
current,touch_first_t0.4_ask65_book0.6,16,6,6,1.0,3,3,-119.0,False,True
v21,touch_first_t0.4_ask65_book0.6,0,20,19,0.95,16,3,223.0,True,True
v21,touch_first_t0.4_ask65_book0.6,1,20,20,1.0,11,9,-283.0,False,True
v21,touch_first_t0.4_ask65_book0.6,2,20,20,1.0,13,7,-104.0,False,True
v21,touch_first_t0.4_ask65_book0.6,3,20,20,1.0,13,7,-84.0,False,True
v21,touch_first_t0.4_ask65_book0.6,4,20,20,1.0,14,6,32.0,True,True
v21,touch_first_t0.4_ask65_book0.6,5,20,20,1.0,14,6,40.0,True,True
v21,touch_first_t0.4_ask65_book0.6,6,20,20,1.0,17,3,343.0,True,True
v21,touch_first_t0.4_ask65_book0.6,7,20,20,1.0,16,4,230.0,True,True
v21,touch_first_t0.4_ask65_book0.6,8,20,20,1.0,10,10,-332.0,False,True
v21,touch_first_t0.4_ask65_book0.6,9,20,20,1.0,17,3,292.0,True,True
v21,touch_first_t0.4_ask65_book0.6,10,20,19,0.95,14,5,31.0,True,True
v21,touch_first_t0.4_ask65_book0.6,11,1,1,1.0,1,0,37.0,True,True
current,touch_first_t0.4_ask65_book0.65,0,20,20,1.0,12,8,-123.0,False,True
current,touch_first_t0.4_ask65_book0.65,1,20,20,1.0,14,6,59.0,True,True
current,touch_first_t0.4_ask65_book0.65,2,20,20,1.0,15,5,139.0,True,True
current,touch_first_t0.4_ask65_book0.65,3,20,20,1.0,16,4,274.0,True,True
current,touch_first_t0.4_ask65_book0.65,4,20,20,1.0,12,8,-117.0,False,True
current,touch_first_t0.4_ask65_book0.65,5,20,20,1.0,12,8,-129.0,False,True
current,touch_first_t0.4_ask65_book0.65,6,20,20,1.0,16,4,220.0,True,True
current,touch_first_t0.4_ask65_book0.65,7,20,19,0.95,16,3,297.0,True,True
current,touch_first_t0.4_ask65_book0.65,8,20,20,1.0,14,6,75.0,True,True
current,touch_first_t0.4_ask65_book0.65,9,20,19,0.95,15,4,200.0,True,True
current,touch_first_t0.4_ask65_book0.65,10,20,20,1.0,12,8,-164.0,False,True
current,touch_first_t0.4_ask65_book0.65,11,20,20,1.0,13,7,-73.0,False,True
current,touch_first_t0.4_ask65_book0.65,12,20,20,1.0,16,4,258.0,True,True
current,touch_first_t0.4_ask65_book0.65,13,20,20,1.0,17,3,285.0,True,True
current,touch_first_t0.4_ask65_book0.65,14,20,20,1.0,11,9,-260.0,False,True
current,touch_first_t0.4_ask65_book0.65,15,20,20,1.0,15,5,129.0,True,True
current,touch_first_t0.4_ask65_book0.65,16,6,6,1.0,3,3,-119.0,False,True
v21,touch_first_t0.4_ask65_book0.65,0,20,19,0.95,16,3,223.0,True,True
v21,touch_first_t0.4_ask65_book0.65,1,20,20,1.0,11,9,-283.0,False,True
v21,touch_first_t0.4_ask65_book0.65,2,20,20,1.0,13,7,-104.0,False,True
v21,touch_first_t0.4_ask65_book0.65,3,20,20,1.0,13,7,-84.0,False,True
v21,touch_first_t0.4_ask65_book0.65,4,20,20,1.0,14,6,32.0,True,True
v21,touch_first_t0.4_ask65_book0.65,5,20,20,1.0,14,6,40.0,True,True
v21,touch_first_t0.4_ask65_book0.65,6,20,20,1.0,17,3,343.0,True,True
v21,touch_first_t0.4_ask65_book0.65,7,20,20,1.0,16,4,230.0,True,True
v21,touch_first_t0.4_ask65_book0.65,8,20,20,1.0,10,10,-332.0,False,True
v21,touch_first_t0.4_ask65_book0.65,9,20,20,1.0,17,3,292.0,True,True
v21,touch_first_t0.4_ask65_book0.65,10,20,19,0.95,14,5,31.0,True,True
v21,touch_first_t0.4_ask65_book0.65,11,1,1,1.0,1,0,37.0,True,True
current,touch_first_t0.45_ask55_book0.5,0,20,20,1.0,13,7,90.0,True,True
current,touch_first_t0.45_ask55_book0.5,1,20,20,1.0,12,8,-103.0,False,True
current,touch_first_t0.45_ask55_book0.5,2,20,20,1.0,14,6,63.0,True,True
current,touch_first_t0.45_ask55_book0.5,3,20,20,1.0,15,5,206.0,True,True
current,touch_first_t0.45_ask55_book0.5,4,20,20,1.0,6,14,-636.0,False,True
current,touch_first_t0.45_ask55_book0.5,5,20,20,1.0,12,8,-59.0,False,True
current,touch_first_t0.45_ask55_book0.5,6,20,20,1.0,15,5,213.0,True,True
current,touch_first_t0.45_ask55_book0.5,7,20,19,0.95,14,5,152.0,True,True
current,touch_first_t0.45_ask55_book0.5,8,20,20,1.0,14,6,120.0,True,True
current,touch_first_t0.45_ask55_book0.5,9,20,19,0.95,13,6,78.0,True,True
current,touch_first_t0.45_ask55_book0.5,10,20,20,1.0,9,11,-369.0,False,True
current,touch_first_t0.45_ask55_book0.5,11,20,20,1.0,12,8,-137.0,False,True
current,touch_first_t0.45_ask55_book0.5,12,20,20,1.0,14,6,104.0,True,True
current,touch_first_t0.45_ask55_book0.5,13,20,20,1.0,17,3,285.0,True,True
current,touch_first_t0.45_ask55_book0.5,14,20,20,1.0,9,11,-398.0,False,True
current,touch_first_t0.45_ask55_book0.5,15,20,20,1.0,16,4,284.0,True,True
current,touch_first_t0.45_ask55_book0.5,16,6,6,1.0,3,3,-88.0,False,True
v21,touch_first_t0.45_ask55_book0.5,0,20,19,0.95,16,3,270.0,True,True
v21,touch_first_t0.45_ask55_book0.5,1,20,20,1.0,11,9,-273.0,False,True
v21,touch_first_t0.45_ask55_book0.5,2,20,20,1.0,14,6,67.0,True,True
v21,touch_first_t0.45_ask55_book0.5,3,20,20,1.0,13,7,-22.0,False,True
v21,touch_first_t0.45_ask55_book0.5,4,20,20,1.0,12,8,-103.0,False,True
v21,touch_first_t0.45_ask55_book0.5,5,20,20,1.0,12,8,-115.0,False,True
v21,touch_first_t0.45_ask55_book0.5,6,20,20,1.0,17,3,384.0,True,True
v21,touch_first_t0.45_ask55_book0.5,7,20,20,1.0,12,8,-95.0,False,True
v21,touch_first_t0.45_ask55_book0.5,8,20,20,1.0,12,8,-61.0,False,True
v21,touch_first_t0.45_ask55_book0.5,9,20,20,1.0,17,3,362.0,True,True
v21,touch_first_t0.45_ask55_book0.5,10,20,19,0.95,12,7,-81.0,False,True
v21,touch_first_t0.45_ask55_book0.5,11,1,1,1.0,1,0,37.0,True,True
current,touch_first_t0.45_ask55_book0.55,0,20,20,1.0,12,8,-123.0,False,True
current,touch_first_t0.45_ask55_book0.55,1,20,20,1.0,14,6,59.0,True,True
current,touch_first_t0.45_ask55_book0.55,2,20,20,1.0,15,5,139.0,True,True
current,touch_first_t0.45_ask55_book0.55,3,20,20,1.0,16,4,274.0,True,True
current,touch_first_t0.45_ask55_book0.55,4,20,20,1.0,12,8,-117.0,False,True
current,touch_first_t0.45_ask55_book0.55,5,20,20,1.0,12,8,-129.0,False,True
current,touch_first_t0.45_ask55_book0.55,6,20,20,1.0,16,4,220.0,True,True
current,touch_first_t0.45_ask55_book0.55,7,20,19,0.95,16,3,297.0,True,True
current,touch_first_t0.45_ask55_book0.55,8,20,20,1.0,14,6,75.0,True,True
current,touch_first_t0.45_ask55_book0.55,9,20,19,0.95,15,4,200.0,True,True
current,touch_first_t0.45_ask55_book0.55,10,20,20,1.0,12,8,-164.0,False,True
current,touch_first_t0.45_ask55_book0.55,11,20,20,1.0,13,7,-73.0,False,True
current,touch_first_t0.45_ask55_book0.55,12,20,20,1.0,16,4,258.0,True,True
current,touch_first_t0.45_ask55_book0.55,13,20,20,1.0,17,3,285.0,True,True
current,touch_first_t0.45_ask55_book0.55,14,20,20,1.0,11,9,-260.0,False,True
current,touch_first_t0.45_ask55_book0.55,15,20,20,1.0,15,5,129.0,True,True
current,touch_first_t0.45_ask55_book0.55,16,6,6,1.0,3,3,-119.0,False,True
v21,touch_first_t0.45_ask55_book0.55,0,20,19,0.95,16,3,223.0,True,True
v21,touch_first_t0.45_ask55_book0.55,1,20,20,1.0,11,9,-283.0,False,True
v21,touch_first_t0.45_ask55_book0.55,2,20,20,1.0,13,7,-104.0,False,True
v21,touch_first_t0.45_ask55_book0.55,3,20,20,1.0,13,7,-84.0,False,True
v21,touch_first_t0.45_ask55_book0.55,4,20,20,1.0,14,6,32.0,True,True
v21,touch_first_t0.45_ask55_book0.55,5,20,20,1.0,14,6,40.0,True,True
v21,touch_first_t0.45_ask55_book0.55,6,20,20,1.0,17,3,343.0,True,True
v21,touch_first_t0.45_ask55_book0.55,7,20,20,1.0,16,4,230.0,True,True
v21,touch_first_t0.45_ask55_book0.55,8,20,20,1.0,10,10,-332.0,False,True
v21,touch_first_t0.45_ask55_book0.55,9,20,20,1.0,17,3,292.0,True,True
v21,touch_first_t0.45_ask55_book0.55,10,20,19,0.95,14,5,31.0,True,True
v21,touch_first_t0.45_ask55_book0.55,11,1,1,1.0,1,0,37.0,True,True
current,touch_first_t0.45_ask55_book0.6,0,20,20,1.0,12,8,-123.0,False,True
current,touch_first_t0.45_ask55_book0.6,1,20,20,1.0,14,6,59.0,True,True
current,touch_first_t0.45_ask55_book0.6,2,20,20,1.0,15,5,139.0,True,True
current,touch_first_t0.45_ask55_book0.6,3,20,20,1.0,16,4,274.0,True,True
current,touch_first_t0.45_ask55_book0.6,4,20,20,1.0,12,8,-117.0,False,True
current,touch_first_t0.45_ask55_book0.6,5,20,20,1.0,12,8,-129.0,False,True
current,touch_first_t0.45_ask55_book0.6,6,20,20,1.0,16,4,220.0,True,True
current,touch_first_t0.45_ask55_book0.6,7,20,19,0.95,16,3,297.0,True,True
current,touch_first_t0.45_ask55_book0.6,8,20,20,1.0,14,6,75.0,True,True
current,touch_first_t0.45_ask55_book0.6,9,20,19,0.95,15,4,200.0,True,True
current,touch_first_t0.45_ask55_book0.6,10,20,20,1.0,12,8,-164.0,False,True
current,touch_first_t0.45_ask55_book0.6,11,20,20,1.0,13,7,-73.0,False,True
current,touch_first_t0.45_ask55_book0.6,12,20,20,1.0,16,4,258.0,True,True
current,touch_first_t0.45_ask55_book0.6,13,20,20,1.0,17,3,285.0,True,True
current,touch_first_t0.45_ask55_book0.6,14,20,20,1.0,11,9,-260.0,False,True
current,touch_first_t0.45_ask55_book0.6,15,20,20,1.0,15,5,129.0,True,True
current,touch_first_t0.45_ask55_book0.6,16,6,6,1.0,3,3,-119.0,False,True
v21,touch_first_t0.45_ask55_book0.6,0,20,19,0.95,16,3,223.0,True,True
v21,touch_first_t0.45_ask55_book0.6,1,20,20,1.0,11,9,-283.0,False,True
v21,touch_first_t0.45_ask55_book0.6,2,20,20,1.0,13,7,-104.0,False,True
v21,touch_first_t0.45_ask55_book0.6,3,20,20,1.0,13,7,-84.0,False,True
v21,touch_first_t0.45_ask55_book0.6,4,20,20,1.0,14,6,32.0,True,True
v21,touch_first_t0.45_ask55_book0.6,5,20,20,1.0,14,6,40.0,True,True
v21,touch_first_t0.45_ask55_book0.6,6,20,20,1.0,17,3,343.0,True,True
v21,touch_first_t0.45_ask55_book0.6,7,20,20,1.0,16,4,230.0,True,True
v21,touch_first_t0.45_ask55_book0.6,8,20,20,1.0,10,10,-332.0,False,True
v21,touch_first_t0.45_ask55_book0.6,9,20,20,1.0,17,3,292.0,True,True
v21,touch_first_t0.45_ask55_book0.6,10,20,19,0.95,14,5,31.0,True,True
v21,touch_first_t0.45_ask55_book0.6,11,1,1,1.0,1,0,37.0,True,True
current,touch_first_t0.45_ask55_book0.65,0,20,20,1.0,12,8,-123.0,False,True
current,touch_first_t0.45_ask55_book0.65,1,20,20,1.0,14,6,59.0,True,True
current,touch_first_t0.45_ask55_book0.65,2,20,20,1.0,15,5,139.0,True,True
current,touch_first_t0.45_ask55_book0.65,3,20,20,1.0,16,4,274.0,True,True
current,touch_first_t0.45_ask55_book0.65,4,20,20,1.0,12,8,-117.0,False,True
current,touch_first_t0.45_ask55_book0.65,5,20,20,1.0,12,8,-129.0,False,True
current,touch_first_t0.45_ask55_book0.65,6,20,20,1.0,16,4,220.0,True,True
current,touch_first_t0.45_ask55_book0.65,7,20,19,0.95,16,3,297.0,True,True
current,touch_first_t0.45_ask55_book0.65,8,20,20,1.0,14,6,75.0,True,True
current,touch_first_t0.45_ask55_book0.65,9,20,19,0.95,15,4,200.0,True,True
current,touch_first_t0.45_ask55_book0.65,10,20,20,1.0,12,8,-164.0,False,True
current,touch_first_t0.45_ask55_book0.65,11,20,20,1.0,13,7,-73.0,False,True
current,touch_first_t0.45_ask55_book0.65,12,20,20,1.0,16,4,258.0,True,True
current,touch_first_t0.45_ask55_book0.65,13,20,20,1.0,17,3,285.0,True,True
current,touch_first_t0.45_ask55_book0.65,14,20,20,1.0,11,9,-260.0,False,True
current,touch_first_t0.45_ask55_book0.65,15,20,20,1.0,15,5,129.0,True,True
current,touch_first_t0.45_ask55_book0.65,16,6,6,1.0,3,3,-119.0,False,True
v21,touch_first_t0.45_ask55_book0.65,0,20,19,0.95,16,3,223.0,True,True
v21,touch_first_t0.45_ask55_book0.65,1,20,20,1.0,11,9,-283.0,False,True
v21,touch_first_t0.45_ask55_book0.65,2,20,20,1.0,13,7,-104.0,False,True
v21,touch_first_t0.45_ask55_book0.65,3,20,20,1.0,13,7,-84.0,False,True
v21,touch_first_t0.45_ask55_book0.65,4,20,20,1.0,14,6,32.0,True,True
v21,touch_first_t0.45_ask55_book0.65,5,20,20,1.0,14,6,40.0,True,True
v21,touch_first_t0.45_ask55_book0.65,6,20,20,1.0,17,3,343.0,True,True
v21,touch_first_t0.45_ask55_book0.65,7,20,20,1.0,16,4,230.0,True,True
v21,touch_first_t0.45_ask55_book0.65,8,20,20,1.0,10,10,-332.0,False,True
v21,touch_first_t0.45_ask55_book0.65,9,20,20,1.0,17,3,292.0,True,True
v21,touch_first_t0.45_ask55_book0.65,10,20,19,0.95,14,5,31.0,True,True
v21,touch_first_t0.45_ask55_book0.65,11,1,1,1.0,1,0,37.0,True,True
current,touch_first_t0.45_ask60_book0.5,0,20,20,1.0,13,7,84.0,True,True
current,touch_first_t0.45_ask60_book0.5,1,20,20,1.0,14,6,144.0,True,True
current,touch_first_t0.45_ask60_book0.5,2,20,20,1.0,15,5,213.0,True,True
current,touch_first_t0.45_ask60_book0.5,3,20,20,1.0,17,3,440.0,True,True
current,touch_first_t0.45_ask60_book0.5,4,20,20,1.0,6,14,-605.0,False,True
current,touch_first_t0.45_ask60_book0.5,5,20,20,1.0,9,11,-348.0,False,True
current,touch_first_t0.45_ask60_book0.5,6,20,20,1.0,15,5,216.0,True,True
current,touch_first_t0.45_ask60_book0.5,7,20,19,0.95,13,6,93.0,True,True
current,touch_first_t0.45_ask60_book0.5,8,20,20,1.0,13,7,36.0,True,True
current,touch_first_t0.45_ask60_book0.5,9,20,19,0.95,11,8,-118.0,False,True
current,touch_first_t0.45_ask60_book0.5,10,20,20,1.0,9,11,-369.0,False,True
current,touch_first_t0.45_ask60_book0.5,11,20,20,1.0,9,11,-388.0,False,True
current,touch_first_t0.45_ask60_book0.5,12,20,20,1.0,14,6,118.0,True,True
current,touch_first_t0.45_ask60_book0.5,13,20,20,1.0,16,4,212.0,True,True
current,touch_first_t0.45_ask60_book0.5,14,20,20,1.0,9,11,-376.0,False,True
current,touch_first_t0.45_ask60_book0.5,15,20,20,1.0,15,5,244.0,True,True
current,touch_first_t0.45_ask60_book0.5,16,6,6,1.0,3,3,-87.0,False,True
v21,touch_first_t0.45_ask60_book0.5,0,20,19,0.95,13,6,71.0,True,True
v21,touch_first_t0.45_ask60_book0.5,1,20,20,1.0,11,9,-227.0,False,True
v21,touch_first_t0.45_ask60_book0.5,2,20,20,1.0,13,7,51.0,True,True
v21,touch_first_t0.45_ask60_book0.5,3,20,20,1.0,15,5,237.0,True,True
v21,touch_first_t0.45_ask60_book0.5,4,20,20,1.0,11,9,-143.0,False,True
v21,touch_first_t0.45_ask60_book0.5,5,20,20,1.0,13,7,19.0,True,True
v21,touch_first_t0.45_ask60_book0.5,6,20,20,1.0,16,4,341.0,True,True
v21,touch_first_t0.45_ask60_book0.5,7,20,20,1.0,11,9,-135.0,False,True
v21,touch_first_t0.45_ask60_book0.5,8,20,20,1.0,12,8,-21.0,False,True
v21,touch_first_t0.45_ask60_book0.5,9,20,20,1.0,14,6,103.0,True,True
v21,touch_first_t0.45_ask60_book0.5,10,20,19,0.95,12,7,-51.0,False,True
v21,touch_first_t0.45_ask60_book0.5,11,1,1,1.0,1,0,37.0,True,True
current,touch_first_t0.45_ask60_book0.55,0,20,20,1.0,14,6,154.0,True,True
current,touch_first_t0.45_ask60_book0.55,1,20,20,1.0,14,6,124.0,True,True
current,touch_first_t0.45_ask60_book0.55,2,20,20,1.0,16,4,299.0,True,True
current,touch_first_t0.45_ask60_book0.55,3,20,20,1.0,17,3,426.0,True,True
current,touch_first_t0.45_ask60_book0.55,4,20,20,1.0,11,9,-154.0,False,True
current,touch_first_t0.45_ask60_book0.55,5,20,20,1.0,9,11,-371.0,False,True
current,touch_first_t0.45_ask60_book0.55,6,20,20,1.0,15,5,192.0,True,True
current,touch_first_t0.45_ask60_book0.55,7,20,19,0.95,13,6,61.0,True,True
current,touch_first_t0.45_ask60_book0.55,8,20,20,1.0,13,7,2.0,True,True
current,touch_first_t0.45_ask60_book0.55,9,20,19,0.95,13,6,45.0,True,True
current,touch_first_t0.45_ask60_book0.55,10,20,20,1.0,11,9,-217.0,False,True
current,touch_first_t0.45_ask60_book0.55,11,20,20,1.0,10,10,-299.0,False,True
current,touch_first_t0.45_ask60_book0.55,12,20,20,1.0,15,5,205.0,True,True
current,touch_first_t0.45_ask60_book0.55,13,20,20,1.0,16,4,212.0,True,True
current,touch_first_t0.45_ask60_book0.55,14,20,20,1.0,11,9,-210.0,False,True
current,touch_first_t0.45_ask60_book0.55,15,20,20,1.0,14,6,124.0,True,True
current,touch_first_t0.45_ask60_book0.55,16,6,6,1.0,3,3,-92.0,False,True
v21,touch_first_t0.45_ask60_book0.55,0,20,19,0.95,13,6,66.0,True,True
v21,touch_first_t0.45_ask60_book0.55,1,20,20,1.0,11,9,-237.0,False,True
v21,touch_first_t0.45_ask60_book0.55,2,20,20,1.0,13,7,29.0,True,True
v21,touch_first_t0.45_ask60_book0.55,3,20,20,1.0,16,4,303.0,True,True
v21,touch_first_t0.45_ask60_book0.55,4,20,20,1.0,13,7,32.0,True,True
v21,touch_first_t0.45_ask60_book0.55,5,20,20,1.0,15,5,174.0,True,True
v21,touch_first_t0.45_ask60_book0.55,6,20,20,1.0,16,4,327.0,True,True
v21,touch_first_t0.45_ask60_book0.55,7,20,20,1.0,15,5,233.0,True,True
v21,touch_first_t0.45_ask60_book0.55,8,20,20,1.0,10,10,-268.0,False,True
v21,touch_first_t0.45_ask60_book0.55,9,20,20,1.0,14,6,66.0,True,True
v21,touch_first_t0.45_ask60_book0.55,10,20,19,0.95,13,6,15.0,True,True
v21,touch_first_t0.45_ask60_book0.55,11,1,1,1.0,1,0,37.0,True,True
current,touch_first_t0.45_ask60_book0.6,0,20,20,1.0,12,8,-123.0,False,True
current,touch_first_t0.45_ask60_book0.6,1,20,20,1.0,14,6,59.0,True,True
current,touch_first_t0.45_ask60_book0.6,2,20,20,1.0,15,5,139.0,True,True
current,touch_first_t0.45_ask60_book0.6,3,20,20,1.0,16,4,274.0,True,True
current,touch_first_t0.45_ask60_book0.6,4,20,20,1.0,12,8,-117.0,False,True
current,touch_first_t0.45_ask60_book0.6,5,20,20,1.0,12,8,-129.0,False,True
current,touch_first_t0.45_ask60_book0.6,6,20,20,1.0,16,4,220.0,True,True
current,touch_first_t0.45_ask60_book0.6,7,20,19,0.95,16,3,297.0,True,True
current,touch_first_t0.45_ask60_book0.6,8,20,20,1.0,14,6,75.0,True,True
current,touch_first_t0.45_ask60_book0.6,9,20,19,0.95,15,4,200.0,True,True
current,touch_first_t0.45_ask60_book0.6,10,20,20,1.0,12,8,-164.0,False,True
current,touch_first_t0.45_ask60_book0.6,11,20,20,1.0,13,7,-73.0,False,True
current,touch_first_t0.45_ask60_book0.6,12,20,20,1.0,16,4,258.0,True,True
current,touch_first_t0.45_ask60_book0.6,13,20,20,1.0,17,3,285.0,True,True
current,touch_first_t0.45_ask60_book0.6,14,20,20,1.0,11,9,-260.0,False,True
current,touch_first_t0.45_ask60_book0.6,15,20,20,1.0,15,5,129.0,True,True
current,touch_first_t0.45_ask60_book0.6,16,6,6,1.0,3,3,-119.0,False,True
v21,touch_first_t0.45_ask60_book0.6,0,20,19,0.95,16,3,223.0,True,True
v21,touch_first_t0.45_ask60_book0.6,1,20,20,1.0,11,9,-283.0,False,True
v21,touch_first_t0.45_ask60_book0.6,2,20,20,1.0,13,7,-104.0,False,True
v21,touch_first_t0.45_ask60_book0.6,3,20,20,1.0,13,7,-84.0,False,True
v21,touch_first_t0.45_ask60_book0.6,4,20,20,1.0,14,6,32.0,True,True
v21,touch_first_t0.45_ask60_book0.6,5,20,20,1.0,14,6,40.0,True,True
v21,touch_first_t0.45_ask60_book0.6,6,20,20,1.0,17,3,343.0,True,True
v21,touch_first_t0.45_ask60_book0.6,7,20,20,1.0,16,4,230.0,True,True
v21,touch_first_t0.45_ask60_book0.6,8,20,20,1.0,10,10,-332.0,False,True
v21,touch_first_t0.45_ask60_book0.6,9,20,20,1.0,17,3,292.0,True,True
v21,touch_first_t0.45_ask60_book0.6,10,20,19,0.95,14,5,31.0,True,True
v21,touch_first_t0.45_ask60_book0.6,11,1,1,1.0,1,0,37.0,True,True
current,touch_first_t0.45_ask60_book0.65,0,20,20,1.0,12,8,-123.0,False,True
current,touch_first_t0.45_ask60_book0.65,1,20,20,1.0,14,6,59.0,True,True
current,touch_first_t0.45_ask60_book0.65,2,20,20,1.0,15,5,139.0,True,True
current,touch_first_t0.45_ask60_book0.65,3,20,20,1.0,16,4,274.0,True,True
current,touch_first_t0.45_ask60_book0.65,4,20,20,1.0,12,8,-117.0,False,True
current,touch_first_t0.45_ask60_book0.65,5,20,20,1.0,12,8,-129.0,False,True
current,touch_first_t0.45_ask60_book0.65,6,20,20,1.0,16,4,220.0,True,True
current,touch_first_t0.45_ask60_book0.65,7,20,19,0.95,16,3,297.0,True,True
current,touch_first_t0.45_ask60_book0.65,8,20,20,1.0,14,6,75.0,True,True
current,touch_first_t0.45_ask60_book0.65,9,20,19,0.95,15,4,200.0,True,True
current,touch_first_t0.45_ask60_book0.65,10,20,20,1.0,12,8,-164.0,False,True
current,touch_first_t0.45_ask60_book0.65,11,20,20,1.0,13,7,-73.0,False,True
current,touch_first_t0.45_ask60_book0.65,12,20,20,1.0,16,4,258.0,True,True
current,touch_first_t0.45_ask60_book0.65,13,20,20,1.0,17,3,285.0,True,True
current,touch_first_t0.45_ask60_book0.65,14,20,20,1.0,11,9,-260.0,False,True
current,touch_first_t0.45_ask60_book0.65,15,20,20,1.0,15,5,129.0,True,True
current,touch_first_t0.45_ask60_book0.65,16,6,6,1.0,3,3,-119.0,False,True
v21,touch_first_t0.45_ask60_book0.65,0,20,19,0.95,16,3,223.0,True,True
v21,touch_first_t0.45_ask60_book0.65,1,20,20,1.0,11,9,-283.0,False,True
v21,touch_first_t0.45_ask60_book0.65,2,20,20,1.0,13,7,-104.0,False,True
v21,touch_first_t0.45_ask60_book0.65,3,20,20,1.0,13,7,-84.0,False,True
v21,touch_first_t0.45_ask60_book0.65,4,20,20,1.0,14,6,32.0,True,True
v21,touch_first_t0.45_ask60_book0.65,5,20,20,1.0,14,6,40.0,True,True
v21,touch_first_t0.45_ask60_book0.65,6,20,20,1.0,17,3,343.0,True,True
v21,touch_first_t0.45_ask60_book0.65,7,20,20,1.0,16,4,230.0,True,True
v21,touch_first_t0.45_ask60_book0.65,8,20,20,1.0,10,10,-332.0,False,True
v21,touch_first_t0.45_ask60_book0.65,9,20,20,1.0,17,3,292.0,True,True
v21,touch_first_t0.45_ask60_book0.65,10,20,19,0.95,14,5,31.0,True,True
v21,touch_first_t0.45_ask60_book0.65,11,1,1,1.0,1,0,37.0,True,True
current,touch_first_t0.45_ask65_book0.5,0,20,20,1.0,13,7,84.0,True,True
current,touch_first_t0.45_ask65_book0.5,1,20,20,1.0,14,6,144.0,True,True
current,touch_first_t0.45_ask65_book0.5,2,20,20,1.0,15,5,213.0,True,True
current,touch_first_t0.45_ask65_book0.5,3,20,20,1.0,17,3,440.0,True,True
current,touch_first_t0.45_ask65_book0.5,4,20,20,1.0,6,14,-605.0,False,True
current,touch_first_t0.45_ask65_book0.5,5,20,20,1.0,9,11,-348.0,False,True
current,touch_first_t0.45_ask65_book0.5,6,20,20,1.0,15,5,216.0,True,True
current,touch_first_t0.45_ask65_book0.5,7,20,19,0.95,13,6,93.0,True,True
current,touch_first_t0.45_ask65_book0.5,8,20,20,1.0,13,7,36.0,True,True
current,touch_first_t0.45_ask65_book0.5,9,20,19,0.95,11,8,-118.0,False,True
current,touch_first_t0.45_ask65_book0.5,10,20,20,1.0,9,11,-369.0,False,True
current,touch_first_t0.45_ask65_book0.5,11,20,20,1.0,9,11,-388.0,False,True
current,touch_first_t0.45_ask65_book0.5,12,20,20,1.0,14,6,118.0,True,True
current,touch_first_t0.45_ask65_book0.5,13,20,20,1.0,16,4,212.0,True,True
current,touch_first_t0.45_ask65_book0.5,14,20,20,1.0,9,11,-376.0,False,True
current,touch_first_t0.45_ask65_book0.5,15,20,20,1.0,15,5,244.0,True,True
current,touch_first_t0.45_ask65_book0.5,16,6,6,1.0,3,3,-87.0,False,True
v21,touch_first_t0.45_ask65_book0.5,0,20,19,0.95,13,6,71.0,True,True
v21,touch_first_t0.45_ask65_book0.5,1,20,20,1.0,11,9,-227.0,False,True
v21,touch_first_t0.45_ask65_book0.5,2,20,20,1.0,13,7,51.0,True,True
v21,touch_first_t0.45_ask65_book0.5,3,20,20,1.0,15,5,237.0,True,True
v21,touch_first_t0.45_ask65_book0.5,4,20,20,1.0,11,9,-143.0,False,True
v21,touch_first_t0.45_ask65_book0.5,5,20,20,1.0,13,7,19.0,True,True
v21,touch_first_t0.45_ask65_book0.5,6,20,20,1.0,16,4,341.0,True,True
v21,touch_first_t0.45_ask65_book0.5,7,20,20,1.0,11,9,-135.0,False,True
v21,touch_first_t0.45_ask65_book0.5,8,20,20,1.0,12,8,-21.0,False,True
v21,touch_first_t0.45_ask65_book0.5,9,20,20,1.0,14,6,103.0,True,True
v21,touch_first_t0.45_ask65_book0.5,10,20,19,0.95,12,7,-51.0,False,True
v21,touch_first_t0.45_ask65_book0.5,11,1,1,1.0,1,0,37.0,True,True
current,touch_first_t0.45_ask65_book0.55,0,20,20,1.0,14,6,154.0,True,True
current,touch_first_t0.45_ask65_book0.55,1,20,20,1.0,14,6,124.0,True,True
current,touch_first_t0.45_ask65_book0.55,2,20,20,1.0,16,4,299.0,True,True
current,touch_first_t0.45_ask65_book0.55,3,20,20,1.0,17,3,426.0,True,True
current,touch_first_t0.45_ask65_book0.55,4,20,20,1.0,11,9,-154.0,False,True
current,touch_first_t0.45_ask65_book0.55,5,20,20,1.0,9,11,-371.0,False,True
current,touch_first_t0.45_ask65_book0.55,6,20,20,1.0,15,5,192.0,True,True
current,touch_first_t0.45_ask65_book0.55,7,20,19,0.95,13,6,61.0,True,True
current,touch_first_t0.45_ask65_book0.55,8,20,20,1.0,13,7,2.0,True,True
current,touch_first_t0.45_ask65_book0.55,9,20,19,0.95,13,6,45.0,True,True
current,touch_first_t0.45_ask65_book0.55,10,20,20,1.0,11,9,-217.0,False,True
current,touch_first_t0.45_ask65_book0.55,11,20,20,1.0,10,10,-299.0,False,True
current,touch_first_t0.45_ask65_book0.55,12,20,20,1.0,15,5,205.0,True,True
current,touch_first_t0.45_ask65_book0.55,13,20,20,1.0,16,4,212.0,True,True
current,touch_first_t0.45_ask65_book0.55,14,20,20,1.0,11,9,-210.0,False,True
current,touch_first_t0.45_ask65_book0.55,15,20,20,1.0,14,6,124.0,True,True
current,touch_first_t0.45_ask65_book0.55,16,6,6,1.0,3,3,-92.0,False,True
v21,touch_first_t0.45_ask65_book0.55,0,20,19,0.95,13,6,66.0,True,True
v21,touch_first_t0.45_ask65_book0.55,1,20,20,1.0,11,9,-237.0,False,True
v21,touch_first_t0.45_ask65_book0.55,2,20,20,1.0,13,7,29.0,True,True
v21,touch_first_t0.45_ask65_book0.55,3,20,20,1.0,16,4,303.0,True,True
v21,touch_first_t0.45_ask65_book0.55,4,20,20,1.0,13,7,32.0,True,True
v21,touch_first_t0.45_ask65_book0.55,5,20,20,1.0,15,5,174.0,True,True
v21,touch_first_t0.45_ask65_book0.55,6,20,20,1.0,16,4,327.0,True,True
v21,touch_first_t0.45_ask65_book0.55,7,20,20,1.0,15,5,233.0,True,True
v21,touch_first_t0.45_ask65_book0.55,8,20,20,1.0,10,10,-268.0,False,True
v21,touch_first_t0.45_ask65_book0.55,9,20,20,1.0,14,6,66.0,True,True
v21,touch_first_t0.45_ask65_book0.55,10,20,19,0.95,13,6,15.0,True,True
v21,touch_first_t0.45_ask65_book0.55,11,1,1,1.0,1,0,37.0,True,True
current,touch_first_t0.45_ask65_book0.6,0,20,20,1.0,12,8,-123.0,False,True
current,touch_first_t0.45_ask65_book0.6,1,20,20,1.0,14,6,59.0,True,True
current,touch_first_t0.45_ask65_book0.6,2,20,20,1.0,15,5,139.0,True,True
current,touch_first_t0.45_ask65_book0.6,3,20,20,1.0,16,4,274.0,True,True
current,touch_first_t0.45_ask65_book0.6,4,20,20,1.0,12,8,-117.0,False,True
current,touch_first_t0.45_ask65_book0.6,5,20,20,1.0,12,8,-129.0,False,True
current,touch_first_t0.45_ask65_book0.6,6,20,20,1.0,16,4,220.0,True,True
current,touch_first_t0.45_ask65_book0.6,7,20,19,0.95,16,3,297.0,True,True
current,touch_first_t0.45_ask65_book0.6,8,20,20,1.0,14,6,75.0,True,True
current,touch_first_t0.45_ask65_book0.6,9,20,19,0.95,15,4,200.0,True,True
current,touch_first_t0.45_ask65_book0.6,10,20,20,1.0,12,8,-164.0,False,True
current,touch_first_t0.45_ask65_book0.6,11,20,20,1.0,13,7,-73.0,False,True
current,touch_first_t0.45_ask65_book0.6,12,20,20,1.0,16,4,258.0,True,True
current,touch_first_t0.45_ask65_book0.6,13,20,20,1.0,17,3,285.0,True,True
current,touch_first_t0.45_ask65_book0.6,14,20,20,1.0,11,9,-260.0,False,True
current,touch_first_t0.45_ask65_book0.6,15,20,20,1.0,15,5,129.0,True,True
current,touch_first_t0.45_ask65_book0.6,16,6,6,1.0,3,3,-119.0,False,True
v21,touch_first_t0.45_ask65_book0.6,0,20,19,0.95,16,3,223.0,True,True
v21,touch_first_t0.45_ask65_book0.6,1,20,20,1.0,11,9,-283.0,False,True
v21,touch_first_t0.45_ask65_book0.6,2,20,20,1.0,13,7,-104.0,False,True
v21,touch_first_t0.45_ask65_book0.6,3,20,20,1.0,13,7,-84.0,False,True
v21,touch_first_t0.45_ask65_book0.6,4,20,20,1.0,14,6,32.0,True,True
v21,touch_first_t0.45_ask65_book0.6,5,20,20,1.0,14,6,40.0,True,True
v21,touch_first_t0.45_ask65_book0.6,6,20,20,1.0,17,3,343.0,True,True
v21,touch_first_t0.45_ask65_book0.6,7,20,20,1.0,16,4,230.0,True,True
v21,touch_first_t0.45_ask65_book0.6,8,20,20,1.0,10,10,-332.0,False,True
v21,touch_first_t0.45_ask65_book0.6,9,20,20,1.0,17,3,292.0,True,True
v21,touch_first_t0.45_ask65_book0.6,10,20,19,0.95,14,5,31.0,True,True
v21,touch_first_t0.45_ask65_book0.6,11,1,1,1.0,1,0,37.0,True,True
current,touch_first_t0.45_ask65_book0.65,0,20,20,1.0,12,8,-123.0,False,True
current,touch_first_t0.45_ask65_book0.65,1,20,20,1.0,14,6,59.0,True,True
current,touch_first_t0.45_ask65_book0.65,2,20,20,1.0,15,5,139.0,True,True
current,touch_first_t0.45_ask65_book0.65,3,20,20,1.0,16,4,274.0,True,True
current,touch_first_t0.45_ask65_book0.65,4,20,20,1.0,12,8,-117.0,False,True
current,touch_first_t0.45_ask65_book0.65,5,20,20,1.0,12,8,-129.0,False,True
current,touch_first_t0.45_ask65_book0.65,6,20,20,1.0,16,4,220.0,True,True
current,touch_first_t0.45_ask65_book0.65,7,20,19,0.95,16,3,297.0,True,True
current,touch_first_t0.45_ask65_book0.65,8,20,20,1.0,14,6,75.0,True,True
current,touch_first_t0.45_ask65_book0.65,9,20,19,0.95,15,4,200.0,True,True
current,touch_first_t0.45_ask65_book0.65,10,20,20,1.0,12,8,-164.0,False,True
current,touch_first_t0.45_ask65_book0.65,11,20,20,1.0,13,7,-73.0,False,True
current,touch_first_t0.45_ask65_book0.65,12,20,20,1.0,16,4,258.0,True,True
current,touch_first_t0.45_ask65_book0.65,13,20,20,1.0,17,3,285.0,True,True
current,touch_first_t0.45_ask65_book0.65,14,20,20,1.0,11,9,-260.0,False,True
current,touch_first_t0.45_ask65_book0.65,15,20,20,1.0,15,5,129.0,True,True
current,touch_first_t0.45_ask65_book0.65,16,6,6,1.0,3,3,-119.0,False,True
v21,touch_first_t0.45_ask65_book0.65,0,20,19,0.95,16,3,223.0,True,True
v21,touch_first_t0.45_ask65_book0.65,1,20,20,1.0,11,9,-283.0,False,True
v21,touch_first_t0.45_ask65_book0.65,2,20,20,1.0,13,7,-104.0,False,True
v21,touch_first_t0.45_ask65_book0.65,3,20,20,1.0,13,7,-84.0,False,True
v21,touch_first_t0.45_ask65_book0.65,4,20,20,1.0,14,6,32.0,True,True
v21,touch_first_t0.45_ask65_book0.65,5,20,20,1.0,14,6,40.0,True,True
v21,touch_first_t0.45_ask65_book0.65,6,20,20,1.0,17,3,343.0,True,True
v21,touch_first_t0.45_ask65_book0.65,7,20,20,1.0,16,4,230.0,True,True
v21,touch_first_t0.45_ask65_book0.65,8,20,20,1.0,10,10,-332.0,False,True
v21,touch_first_t0.45_ask65_book0.65,9,20,20,1.0,17,3,292.0,True,True
v21,touch_first_t0.45_ask65_book0.65,10,20,19,0.95,14,5,31.0,True,True
v21,touch_first_t0.45_ask65_book0.65,11,1,1,1.0,1,0,37.0,True,True
current,touch_first_t0.5_ask55_book0.5,0,20,20,1.0,13,7,8.0,True,True
current,touch_first_t0.5_ask55_book0.5,1,20,20,1.0,14,6,80.0,True,True
current,touch_first_t0.5_ask55_book0.5,2,20,20,1.0,15,5,139.0,True,True
current,touch_first_t0.5_ask55_book0.5,3,20,20,1.0,15,5,183.0,True,True
current,touch_first_t0.5_ask55_book0.5,4,20,20,1.0,10,10,-283.0,False,True
current,touch_first_t0.5_ask55_book0.5,5,20,20,1.0,12,8,-105.0,False,True
current,touch_first_t0.5_ask55_book0.5,6,20,20,1.0,16,4,226.0,True,True
current,touch_first_t0.5_ask55_book0.5,7,20,19,0.95,17,2,406.0,True,True
current,touch_first_t0.5_ask55_book0.5,8,20,20,1.0,13,7,-10.0,False,True
current,touch_first_t0.5_ask55_book0.5,9,20,19,0.95,14,5,115.0,True,True
current,touch_first_t0.5_ask55_book0.5,10,20,20,1.0,12,8,-138.0,False,True
current,touch_first_t0.5_ask55_book0.5,11,20,20,1.0,13,7,-73.0,False,True
current,touch_first_t0.5_ask55_book0.5,12,20,20,1.0,15,5,178.0,True,True
current,touch_first_t0.5_ask55_book0.5,13,20,20,1.0,17,3,285.0,True,True
current,touch_first_t0.5_ask55_book0.5,14,20,20,1.0,11,9,-260.0,False,True
current,touch_first_t0.5_ask55_book0.5,15,20,20,1.0,15,5,139.0,True,True
current,touch_first_t0.5_ask55_book0.5,16,6,6,1.0,3,3,-119.0,False,True
v21,touch_first_t0.5_ask55_book0.5,0,20,19,0.95,16,3,243.0,True,True
v21,touch_first_t0.5_ask55_book0.5,1,20,20,1.0,11,9,-283.0,False,True
v21,touch_first_t0.5_ask55_book0.5,2,20,20,1.0,13,7,-104.0,False,True
v21,touch_first_t0.5_ask55_book0.5,3,20,20,1.0,13,7,-84.0,False,True
v21,touch_first_t0.5_ask55_book0.5,4,20,20,1.0,14,6,32.0,True,True
v21,touch_first_t0.5_ask55_book0.5,5,20,20,1.0,14,6,40.0,True,True
v21,touch_first_t0.5_ask55_book0.5,6,20,20,1.0,17,3,343.0,True,True
v21,touch_first_t0.5_ask55_book0.5,7,20,20,1.0,15,5,138.0,True,True
v21,touch_first_t0.5_ask55_book0.5,8,20,20,1.0,11,9,-222.0,False,True
v21,touch_first_t0.5_ask55_book0.5,9,20,20,1.0,17,3,292.0,True,True
v21,touch_first_t0.5_ask55_book0.5,10,20,19,0.95,14,5,31.0,True,True
v21,touch_first_t0.5_ask55_book0.5,11,1,1,1.0,1,0,37.0,True,True
current,touch_first_t0.5_ask55_book0.55,0,20,20,1.0,12,8,-123.0,False,True
current,touch_first_t0.5_ask55_book0.55,1,20,20,1.0,14,6,59.0,True,True
current,touch_first_t0.5_ask55_book0.55,2,20,20,1.0,15,5,139.0,True,True
current,touch_first_t0.5_ask55_book0.55,3,20,20,1.0,16,4,274.0,True,True
current,touch_first_t0.5_ask55_book0.55,4,20,20,1.0,12,8,-117.0,False,True
current,touch_first_t0.5_ask55_book0.55,5,20,20,1.0,12,8,-129.0,False,True
current,touch_first_t0.5_ask55_book0.55,6,20,20,1.0,16,4,220.0,True,True
current,touch_first_t0.5_ask55_book0.55,7,20,19,0.95,16,3,297.0,True,True
current,touch_first_t0.5_ask55_book0.55,8,20,20,1.0,14,6,75.0,True,True
current,touch_first_t0.5_ask55_book0.55,9,20,19,0.95,15,4,200.0,True,True
current,touch_first_t0.5_ask55_book0.55,10,20,20,1.0,12,8,-164.0,False,True
current,touch_first_t0.5_ask55_book0.55,11,20,20,1.0,13,7,-73.0,False,True
current,touch_first_t0.5_ask55_book0.55,12,20,20,1.0,16,4,258.0,True,True
current,touch_first_t0.5_ask55_book0.55,13,20,20,1.0,17,3,285.0,True,True
current,touch_first_t0.5_ask55_book0.55,14,20,20,1.0,11,9,-260.0,False,True
current,touch_first_t0.5_ask55_book0.55,15,20,20,1.0,15,5,129.0,True,True
current,touch_first_t0.5_ask55_book0.55,16,6,6,1.0,3,3,-119.0,False,True
v21,touch_first_t0.5_ask55_book0.55,0,20,19,0.95,16,3,223.0,True,True
v21,touch_first_t0.5_ask55_book0.55,1,20,20,1.0,11,9,-283.0,False,True
v21,touch_first_t0.5_ask55_book0.55,2,20,20,1.0,13,7,-104.0,False,True
v21,touch_first_t0.5_ask55_book0.55,3,20,20,1.0,13,7,-84.0,False,True
v21,touch_first_t0.5_ask55_book0.55,4,20,20,1.0,14,6,32.0,True,True
v21,touch_first_t0.5_ask55_book0.55,5,20,20,1.0,14,6,40.0,True,True
v21,touch_first_t0.5_ask55_book0.55,6,20,20,1.0,17,3,343.0,True,True
v21,touch_first_t0.5_ask55_book0.55,7,20,20,1.0,16,4,230.0,True,True
v21,touch_first_t0.5_ask55_book0.55,8,20,20,1.0,10,10,-332.0,False,True
v21,touch_first_t0.5_ask55_book0.55,9,20,20,1.0,17,3,292.0,True,True
v21,touch_first_t0.5_ask55_book0.55,10,20,19,0.95,14,5,31.0,True,True
v21,touch_first_t0.5_ask55_book0.55,11,1,1,1.0,1,0,37.0,True,True
current,touch_first_t0.5_ask55_book0.6,0,20,20,1.0,12,8,-123.0,False,True
current,touch_first_t0.5_ask55_book0.6,1,20,20,1.0,14,6,59.0,True,True
current,touch_first_t0.5_ask55_book0.6,2,20,20,1.0,15,5,139.0,True,True
current,touch_first_t0.5_ask55_book0.6,3,20,20,1.0,16,4,274.0,True,True
current,touch_first_t0.5_ask55_book0.6,4,20,20,1.0,12,8,-117.0,False,True
current,touch_first_t0.5_ask55_book0.6,5,20,20,1.0,12,8,-129.0,False,True
current,touch_first_t0.5_ask55_book0.6,6,20,20,1.0,16,4,220.0,True,True
current,touch_first_t0.5_ask55_book0.6,7,20,19,0.95,16,3,297.0,True,True
current,touch_first_t0.5_ask55_book0.6,8,20,20,1.0,14,6,75.0,True,True
current,touch_first_t0.5_ask55_book0.6,9,20,19,0.95,15,4,200.0,True,True
current,touch_first_t0.5_ask55_book0.6,10,20,20,1.0,12,8,-164.0,False,True
current,touch_first_t0.5_ask55_book0.6,11,20,20,1.0,13,7,-73.0,False,True
current,touch_first_t0.5_ask55_book0.6,12,20,20,1.0,16,4,258.0,True,True
current,touch_first_t0.5_ask55_book0.6,13,20,20,1.0,17,3,285.0,True,True
current,touch_first_t0.5_ask55_book0.6,14,20,20,1.0,11,9,-260.0,False,True
current,touch_first_t0.5_ask55_book0.6,15,20,20,1.0,15,5,129.0,True,True
current,touch_first_t0.5_ask55_book0.6,16,6,6,1.0,3,3,-119.0,False,True
v21,touch_first_t0.5_ask55_book0.6,0,20,19,0.95,16,3,223.0,True,True
v21,touch_first_t0.5_ask55_book0.6,1,20,20,1.0,11,9,-283.0,False,True
v21,touch_first_t0.5_ask55_book0.6,2,20,20,1.0,13,7,-104.0,False,True
v21,touch_first_t0.5_ask55_book0.6,3,20,20,1.0,13,7,-84.0,False,True
v21,touch_first_t0.5_ask55_book0.6,4,20,20,1.0,14,6,32.0,True,True
v21,touch_first_t0.5_ask55_book0.6,5,20,20,1.0,14,6,40.0,True,True
v21,touch_first_t0.5_ask55_book0.6,6,20,20,1.0,17,3,343.0,True,True
v21,touch_first_t0.5_ask55_book0.6,7,20,20,1.0,16,4,230.0,True,True
v21,touch_first_t0.5_ask55_book0.6,8,20,20,1.0,10,10,-332.0,False,True
v21,touch_first_t0.5_ask55_book0.6,9,20,20,1.0,17,3,292.0,True,True
v21,touch_first_t0.5_ask55_book0.6,10,20,19,0.95,14,5,31.0,True,True
v21,touch_first_t0.5_ask55_book0.6,11,1,1,1.0,1,0,37.0,True,True
current,touch_first_t0.5_ask55_book0.65,0,20,20,1.0,12,8,-123.0,False,True
current,touch_first_t0.5_ask55_book0.65,1,20,20,1.0,14,6,59.0,True,True
current,touch_first_t0.5_ask55_book0.65,2,20,20,1.0,15,5,139.0,True,True
current,touch_first_t0.5_ask55_book0.65,3,20,20,1.0,16,4,274.0,True,True
current,touch_first_t0.5_ask55_book0.65,4,20,20,1.0,12,8,-117.0,False,True
current,touch_first_t0.5_ask55_book0.65,5,20,20,1.0,12,8,-129.0,False,True
current,touch_first_t0.5_ask55_book0.65,6,20,20,1.0,16,4,220.0,True,True
current,touch_first_t0.5_ask55_book0.65,7,20,19,0.95,16,3,297.0,True,True
current,touch_first_t0.5_ask55_book0.65,8,20,20,1.0,14,6,75.0,True,True
current,touch_first_t0.5_ask55_book0.65,9,20,19,0.95,15,4,200.0,True,True
current,touch_first_t0.5_ask55_book0.65,10,20,20,1.0,12,8,-164.0,False,True
current,touch_first_t0.5_ask55_book0.65,11,20,20,1.0,13,7,-73.0,False,True
current,touch_first_t0.5_ask55_book0.65,12,20,20,1.0,16,4,258.0,True,True
current,touch_first_t0.5_ask55_book0.65,13,20,20,1.0,17,3,285.0,True,True
current,touch_first_t0.5_ask55_book0.65,14,20,20,1.0,11,9,-260.0,False,True
current,touch_first_t0.5_ask55_book0.65,15,20,20,1.0,15,5,129.0,True,True
current,touch_first_t0.5_ask55_book0.65,16,6,6,1.0,3,3,-119.0,False,True
v21,touch_first_t0.5_ask55_book0.65,0,20,19,0.95,16,3,223.0,True,True
v21,touch_first_t0.5_ask55_book0.65,1,20,20,1.0,11,9,-283.0,False,True
v21,touch_first_t0.5_ask55_book0.65,2,20,20,1.0,13,7,-104.0,False,True
v21,touch_first_t0.5_ask55_book0.65,3,20,20,1.0,13,7,-84.0,False,True
v21,touch_first_t0.5_ask55_book0.65,4,20,20,1.0,14,6,32.0,True,True
v21,touch_first_t0.5_ask55_book0.65,5,20,20,1.0,14,6,40.0,True,True
v21,touch_first_t0.5_ask55_book0.65,6,20,20,1.0,17,3,343.0,True,True
v21,touch_first_t0.5_ask55_book0.65,7,20,20,1.0,16,4,230.0,True,True
v21,touch_first_t0.5_ask55_book0.65,8,20,20,1.0,10,10,-332.0,False,True
v21,touch_first_t0.5_ask55_book0.65,9,20,20,1.0,17,3,292.0,True,True
v21,touch_first_t0.5_ask55_book0.65,10,20,19,0.95,14,5,31.0,True,True
v21,touch_first_t0.5_ask55_book0.65,11,1,1,1.0,1,0,37.0,True,True
current,touch_first_t0.5_ask60_book0.5,0,20,20,1.0,14,6,127.0,True,True
current,touch_first_t0.5_ask60_book0.5,1,20,20,1.0,12,8,-97.0,False,True
current,touch_first_t0.5_ask60_book0.5,2,20,20,1.0,15,5,153.0,True,True
current,touch_first_t0.5_ask60_book0.5,3,20,20,1.0,15,5,188.0,True,True
current,touch_first_t0.5_ask60_book0.5,4,20,20,1.0,10,10,-260.0,False,True
current,touch_first_t0.5_ask60_book0.5,5,20,20,1.0,11,9,-213.0,False,True
current,touch_first_t0.5_ask60_book0.5,6,20,20,1.0,16,4,231.0,True,True
current,touch_first_t0.5_ask60_book0.5,7,20,19,0.95,15,4,230.0,True,True
current,touch_first_t0.5_ask60_book0.5,8,20,20,1.0,13,7,-10.0,False,True
current,touch_first_t0.5_ask60_book0.5,9,20,19,0.95,14,5,115.0,True,True
current,touch_first_t0.5_ask60_book0.5,10,20,20,1.0,10,10,-317.0,False,True
current,touch_first_t0.5_ask60_book0.5,11,20,20,1.0,11,9,-245.0,False,True
current,touch_first_t0.5_ask60_book0.5,12,20,20,1.0,14,6,95.0,True,True
current,touch_first_t0.5_ask60_book0.5,13,20,20,1.0,17,3,285.0,True,True
current,touch_first_t0.5_ask60_book0.5,14,20,20,1.0,11,9,-254.0,False,True
current,touch_first_t0.5_ask60_book0.5,15,20,20,1.0,14,6,58.0,True,True
current,touch_first_t0.5_ask60_book0.5,16,6,6,1.0,2,4,-208.0,False,True
v21,touch_first_t0.5_ask60_book0.5,0,20,19,0.95,15,4,195.0,True,True
v21,touch_first_t0.5_ask60_book0.5,1,20,20,1.0,11,9,-272.0,False,True
v21,touch_first_t0.5_ask60_book0.5,2,20,20,1.0,13,7,-58.0,False,True
v21,touch_first_t0.5_ask60_book0.5,3,20,20,1.0,15,5,191.0,True,True
v21,touch_first_t0.5_ask60_book0.5,4,20,20,1.0,14,6,83.0,True,True
v21,touch_first_t0.5_ask60_book0.5,5,20,20,1.0,14,6,47.0,True,True
v21,touch_first_t0.5_ask60_book0.5,6,20,20,1.0,16,4,270.0,True,True
v21,touch_first_t0.5_ask60_book0.5,7,20,20,1.0,15,5,174.0,True,True
v21,touch_first_t0.5_ask60_book0.5,8,20,20,1.0,10,10,-313.0,False,True
v21,touch_first_t0.5_ask60_book0.5,9,20,20,1.0,15,5,140.0,True,True
v21,touch_first_t0.5_ask60_book0.5,10,20,19,0.95,12,7,-116.0,False,True
v21,touch_first_t0.5_ask60_book0.5,11,1,1,1.0,1,0,37.0,True,True
current,touch_first_t0.5_ask60_book0.55,0,20,20,1.0,14,6,127.0,True,True
current,touch_first_t0.5_ask60_book0.55,1,20,20,1.0,12,8,-108.0,False,True
current,touch_first_t0.5_ask60_book0.55,2,20,20,1.0,15,5,153.0,True,True
current,touch_first_t0.5_ask60_book0.55,3,20,20,1.0,15,5,188.0,True,True
current,touch_first_t0.5_ask60_book0.55,4,20,20,1.0,11,9,-171.0,False,True
current,touch_first_t0.5_ask60_book0.55,5,20,20,1.0,11,9,-213.0,False,True
current,touch_first_t0.5_ask60_book0.55,6,20,20,1.0,16,4,231.0,True,True
current,touch_first_t0.5_ask60_book0.55,7,20,19,0.95,14,5,121.0,True,True
current,touch_first_t0.5_ask60_book0.55,8,20,20,1.0,14,6,80.0,True,True
current,touch_first_t0.5_ask60_book0.55,9,20,19,0.95,15,4,200.0,True,True
current,touch_first_t0.5_ask60_book0.55,10,20,20,1.0,10,10,-336.0,False,True
current,touch_first_t0.5_ask60_book0.55,11,20,20,1.0,11,9,-245.0,False,True
current,touch_first_t0.5_ask60_book0.55,12,20,20,1.0,15,5,175.0,True,True
current,touch_first_t0.5_ask60_book0.55,13,20,20,1.0,17,3,285.0,True,True
current,touch_first_t0.5_ask60_book0.55,14,20,20,1.0,11,9,-254.0,False,True
current,touch_first_t0.5_ask60_book0.55,15,20,20,1.0,14,6,48.0,True,True
current,touch_first_t0.5_ask60_book0.55,16,6,6,1.0,2,4,-208.0,False,True
v21,touch_first_t0.5_ask60_book0.55,0,20,19,0.95,15,4,195.0,True,True
v21,touch_first_t0.5_ask60_book0.55,1,20,20,1.0,11,9,-272.0,False,True
v21,touch_first_t0.5_ask60_book0.55,2,20,20,1.0,13,7,-58.0,False,True
v21,touch_first_t0.5_ask60_book0.55,3,20,20,1.0,15,5,191.0,True,True
v21,touch_first_t0.5_ask60_book0.55,4,20,20,1.0,14,6,83.0,True,True
v21,touch_first_t0.5_ask60_book0.55,5,20,20,1.0,14,6,47.0,True,True
v21,touch_first_t0.5_ask60_book0.55,6,20,20,1.0,16,4,270.0,True,True
v21,touch_first_t0.5_ask60_book0.55,7,20,20,1.0,16,4,266.0,True,True
v21,touch_first_t0.5_ask60_book0.55,8,20,20,1.0,9,11,-423.0,False,True
v21,touch_first_t0.5_ask60_book0.55,9,20,20,1.0,15,5,140.0,True,True
v21,touch_first_t0.5_ask60_book0.55,10,20,19,0.95,12,7,-116.0,False,True
v21,touch_first_t0.5_ask60_book0.55,11,1,1,1.0,1,0,37.0,True,True
current,touch_first_t0.5_ask60_book0.6,0,20,20,1.0,12,8,-123.0,False,True
current,touch_first_t0.5_ask60_book0.6,1,20,20,1.0,14,6,59.0,True,True
current,touch_first_t0.5_ask60_book0.6,2,20,20,1.0,15,5,139.0,True,True
current,touch_first_t0.5_ask60_book0.6,3,20,20,1.0,16,4,274.0,True,True
current,touch_first_t0.5_ask60_book0.6,4,20,20,1.0,12,8,-117.0,False,True
current,touch_first_t0.5_ask60_book0.6,5,20,20,1.0,12,8,-129.0,False,True
current,touch_first_t0.5_ask60_book0.6,6,20,20,1.0,16,4,220.0,True,True
current,touch_first_t0.5_ask60_book0.6,7,20,19,0.95,16,3,297.0,True,True
current,touch_first_t0.5_ask60_book0.6,8,20,20,1.0,14,6,75.0,True,True
current,touch_first_t0.5_ask60_book0.6,9,20,19,0.95,15,4,200.0,True,True
current,touch_first_t0.5_ask60_book0.6,10,20,20,1.0,12,8,-164.0,False,True
current,touch_first_t0.5_ask60_book0.6,11,20,20,1.0,13,7,-73.0,False,True
current,touch_first_t0.5_ask60_book0.6,12,20,20,1.0,16,4,258.0,True,True
current,touch_first_t0.5_ask60_book0.6,13,20,20,1.0,17,3,285.0,True,True
current,touch_first_t0.5_ask60_book0.6,14,20,20,1.0,11,9,-260.0,False,True
current,touch_first_t0.5_ask60_book0.6,15,20,20,1.0,15,5,129.0,True,True
current,touch_first_t0.5_ask60_book0.6,16,6,6,1.0,3,3,-119.0,False,True
v21,touch_first_t0.5_ask60_book0.6,0,20,19,0.95,16,3,223.0,True,True
v21,touch_first_t0.5_ask60_book0.6,1,20,20,1.0,11,9,-283.0,False,True
v21,touch_first_t0.5_ask60_book0.6,2,20,20,1.0,13,7,-104.0,False,True
v21,touch_first_t0.5_ask60_book0.6,3,20,20,1.0,13,7,-84.0,False,True
v21,touch_first_t0.5_ask60_book0.6,4,20,20,1.0,14,6,32.0,True,True
v21,touch_first_t0.5_ask60_book0.6,5,20,20,1.0,14,6,40.0,True,True
v21,touch_first_t0.5_ask60_book0.6,6,20,20,1.0,17,3,343.0,True,True
v21,touch_first_t0.5_ask60_book0.6,7,20,20,1.0,16,4,230.0,True,True
v21,touch_first_t0.5_ask60_book0.6,8,20,20,1.0,10,10,-332.0,False,True
v21,touch_first_t0.5_ask60_book0.6,9,20,20,1.0,17,3,292.0,True,True
v21,touch_first_t0.5_ask60_book0.6,10,20,19,0.95,14,5,31.0,True,True
v21,touch_first_t0.5_ask60_book0.6,11,1,1,1.0,1,0,37.0,True,True
current,touch_first_t0.5_ask60_book0.65,0,20,20,1.0,12,8,-123.0,False,True
current,touch_first_t0.5_ask60_book0.65,1,20,20,1.0,14,6,59.0,True,True
current,touch_first_t0.5_ask60_book0.65,2,20,20,1.0,15,5,139.0,True,True
current,touch_first_t0.5_ask60_book0.65,3,20,20,1.0,16,4,274.0,True,True
current,touch_first_t0.5_ask60_book0.65,4,20,20,1.0,12,8,-117.0,False,True
current,touch_first_t0.5_ask60_book0.65,5,20,20,1.0,12,8,-129.0,False,True
current,touch_first_t0.5_ask60_book0.65,6,20,20,1.0,16,4,220.0,True,True
current,touch_first_t0.5_ask60_book0.65,7,20,19,0.95,16,3,297.0,True,True
current,touch_first_t0.5_ask60_book0.65,8,20,20,1.0,14,6,75.0,True,True
current,touch_first_t0.5_ask60_book0.65,9,20,19,0.95,15,4,200.0,True,True
current,touch_first_t0.5_ask60_book0.65,10,20,20,1.0,12,8,-164.0,False,True
current,touch_first_t0.5_ask60_book0.65,11,20,20,1.0,13,7,-73.0,False,True
current,touch_first_t0.5_ask60_book0.65,12,20,20,1.0,16,4,258.0,True,True
current,touch_first_t0.5_ask60_book0.65,13,20,20,1.0,17,3,285.0,True,True
current,touch_first_t0.5_ask60_book0.65,14,20,20,1.0,11,9,-260.0,False,True
current,touch_first_t0.5_ask60_book0.65,15,20,20,1.0,15,5,129.0,True,True
current,touch_first_t0.5_ask60_book0.65,16,6,6,1.0,3,3,-119.0,False,True
v21,touch_first_t0.5_ask60_book0.65,0,20,19,0.95,16,3,223.0,True,True
v21,touch_first_t0.5_ask60_book0.65,1,20,20,1.0,11,9,-283.0,False,True
v21,touch_first_t0.5_ask60_book0.65,2,20,20,1.0,13,7,-104.0,False,True
v21,touch_first_t0.5_ask60_book0.65,3,20,20,1.0,13,7,-84.0,False,True
v21,touch_first_t0.5_ask60_book0.65,4,20,20,1.0,14,6,32.0,True,True
v21,touch_first_t0.5_ask60_book0.65,5,20,20,1.0,14,6,40.0,True,True
v21,touch_first_t0.5_ask60_book0.65,6,20,20,1.0,17,3,343.0,True,True
v21,touch_first_t0.5_ask60_book0.65,7,20,20,1.0,16,4,230.0,True,True
v21,touch_first_t0.5_ask60_book0.65,8,20,20,1.0,10,10,-332.0,False,True
v21,touch_first_t0.5_ask60_book0.65,9,20,20,1.0,17,3,292.0,True,True
v21,touch_first_t0.5_ask60_book0.65,10,20,19,0.95,14,5,31.0,True,True
v21,touch_first_t0.5_ask60_book0.65,11,1,1,1.0,1,0,37.0,True,True
current,touch_first_t0.5_ask65_book0.5,0,20,20,1.0,14,6,127.0,True,True
current,touch_first_t0.5_ask65_book0.5,1,20,20,1.0,12,8,-97.0,False,True
current,touch_first_t0.5_ask65_book0.5,2,20,20,1.0,15,5,153.0,True,True
current,touch_first_t0.5_ask65_book0.5,3,20,20,1.0,15,5,188.0,True,True
current,touch_first_t0.5_ask65_book0.5,4,20,20,1.0,10,10,-260.0,False,True
current,touch_first_t0.5_ask65_book0.5,5,20,20,1.0,11,9,-213.0,False,True
current,touch_first_t0.5_ask65_book0.5,6,20,20,1.0,16,4,231.0,True,True
current,touch_first_t0.5_ask65_book0.5,7,20,19,0.95,15,4,230.0,True,True
current,touch_first_t0.5_ask65_book0.5,8,20,20,1.0,13,7,-10.0,False,True
current,touch_first_t0.5_ask65_book0.5,9,20,19,0.95,14,5,115.0,True,True
current,touch_first_t0.5_ask65_book0.5,10,20,20,1.0,10,10,-317.0,False,True
current,touch_first_t0.5_ask65_book0.5,11,20,20,1.0,11,9,-245.0,False,True
current,touch_first_t0.5_ask65_book0.5,12,20,20,1.0,14,6,95.0,True,True
current,touch_first_t0.5_ask65_book0.5,13,20,20,1.0,17,3,285.0,True,True
current,touch_first_t0.5_ask65_book0.5,14,20,20,1.0,11,9,-254.0,False,True
current,touch_first_t0.5_ask65_book0.5,15,20,20,1.0,14,6,58.0,True,True
current,touch_first_t0.5_ask65_book0.5,16,6,6,1.0,2,4,-208.0,False,True
v21,touch_first_t0.5_ask65_book0.5,0,20,19,0.95,15,4,195.0,True,True
v21,touch_first_t0.5_ask65_book0.5,1,20,20,1.0,11,9,-272.0,False,True
v21,touch_first_t0.5_ask65_book0.5,2,20,20,1.0,13,7,-58.0,False,True
v21,touch_first_t0.5_ask65_book0.5,3,20,20,1.0,15,5,191.0,True,True
v21,touch_first_t0.5_ask65_book0.5,4,20,20,1.0,14,6,83.0,True,True
v21,touch_first_t0.5_ask65_book0.5,5,20,20,1.0,14,6,47.0,True,True
v21,touch_first_t0.5_ask65_book0.5,6,20,20,1.0,16,4,270.0,True,True
v21,touch_first_t0.5_ask65_book0.5,7,20,20,1.0,15,5,174.0,True,True
v21,touch_first_t0.5_ask65_book0.5,8,20,20,1.0,10,10,-313.0,False,True
v21,touch_first_t0.5_ask65_book0.5,9,20,20,1.0,15,5,140.0,True,True
v21,touch_first_t0.5_ask65_book0.5,10,20,19,0.95,12,7,-116.0,False,True
v21,touch_first_t0.5_ask65_book0.5,11,1,1,1.0,1,0,37.0,True,True
current,touch_first_t0.5_ask65_book0.55,0,20,20,1.0,14,6,127.0,True,True
current,touch_first_t0.5_ask65_book0.55,1,20,20,1.0,12,8,-108.0,False,True
current,touch_first_t0.5_ask65_book0.55,2,20,20,1.0,15,5,153.0,True,True
current,touch_first_t0.5_ask65_book0.55,3,20,20,1.0,15,5,188.0,True,True
current,touch_first_t0.5_ask65_book0.55,4,20,20,1.0,11,9,-171.0,False,True
current,touch_first_t0.5_ask65_book0.55,5,20,20,1.0,11,9,-213.0,False,True
current,touch_first_t0.5_ask65_book0.55,6,20,20,1.0,16,4,231.0,True,True
current,touch_first_t0.5_ask65_book0.55,7,20,19,0.95,14,5,121.0,True,True
current,touch_first_t0.5_ask65_book0.55,8,20,20,1.0,14,6,80.0,True,True
current,touch_first_t0.5_ask65_book0.55,9,20,19,0.95,15,4,200.0,True,True
current,touch_first_t0.5_ask65_book0.55,10,20,20,1.0,10,10,-336.0,False,True
current,touch_first_t0.5_ask65_book0.55,11,20,20,1.0,11,9,-245.0,False,True
current,touch_first_t0.5_ask65_book0.55,12,20,20,1.0,15,5,175.0,True,True
current,touch_first_t0.5_ask65_book0.55,13,20,20,1.0,17,3,285.0,True,True
current,touch_first_t0.5_ask65_book0.55,14,20,20,1.0,11,9,-254.0,False,True
current,touch_first_t0.5_ask65_book0.55,15,20,20,1.0,14,6,48.0,True,True
current,touch_first_t0.5_ask65_book0.55,16,6,6,1.0,2,4,-208.0,False,True
v21,touch_first_t0.5_ask65_book0.55,0,20,19,0.95,15,4,195.0,True,True
v21,touch_first_t0.5_ask65_book0.55,1,20,20,1.0,11,9,-272.0,False,True
v21,touch_first_t0.5_ask65_book0.55,2,20,20,1.0,13,7,-58.0,False,True
v21,touch_first_t0.5_ask65_book0.55,3,20,20,1.0,15,5,191.0,True,True
v21,touch_first_t0.5_ask65_book0.55,4,20,20,1.0,14,6,83.0,True,True
v21,touch_first_t0.5_ask65_book0.55,5,20,20,1.0,14,6,47.0,True,True
v21,touch_first_t0.5_ask65_book0.55,6,20,20,1.0,16,4,270.0,True,True
v21,touch_first_t0.5_ask65_book0.55,7,20,20,1.0,16,4,266.0,True,True
v21,touch_first_t0.5_ask65_book0.55,8,20,20,1.0,9,11,-423.0,False,True
v21,touch_first_t0.5_ask65_book0.55,9,20,20,1.0,15,5,140.0,True,True
v21,touch_first_t0.5_ask65_book0.55,10,20,19,0.95,12,7,-116.0,False,True
v21,touch_first_t0.5_ask65_book0.55,11,1,1,1.0,1,0,37.0,True,True
current,touch_first_t0.5_ask65_book0.6,0,20,20,1.0,12,8,-123.0,False,True
current,touch_first_t0.5_ask65_book0.6,1,20,20,1.0,14,6,59.0,True,True
current,touch_first_t0.5_ask65_book0.6,2,20,20,1.0,15,5,139.0,True,True
current,touch_first_t0.5_ask65_book0.6,3,20,20,1.0,16,4,274.0,True,True
current,touch_first_t0.5_ask65_book0.6,4,20,20,1.0,12,8,-117.0,False,True
current,touch_first_t0.5_ask65_book0.6,5,20,20,1.0,12,8,-129.0,False,True
current,touch_first_t0.5_ask65_book0.6,6,20,20,1.0,16,4,220.0,True,True
current,touch_first_t0.5_ask65_book0.6,7,20,19,0.95,16,3,297.0,True,True
current,touch_first_t0.5_ask65_book0.6,8,20,20,1.0,14,6,75.0,True,True
current,touch_first_t0.5_ask65_book0.6,9,20,19,0.95,15,4,200.0,True,True
current,touch_first_t0.5_ask65_book0.6,10,20,20,1.0,12,8,-164.0,False,True
current,touch_first_t0.5_ask65_book0.6,11,20,20,1.0,13,7,-73.0,False,True
current,touch_first_t0.5_ask65_book0.6,12,20,20,1.0,16,4,258.0,True,True
current,touch_first_t0.5_ask65_book0.6,13,20,20,1.0,17,3,285.0,True,True
current,touch_first_t0.5_ask65_book0.6,14,20,20,1.0,11,9,-260.0,False,True
current,touch_first_t0.5_ask65_book0.6,15,20,20,1.0,15,5,129.0,True,True
current,touch_first_t0.5_ask65_book0.6,16,6,6,1.0,3,3,-119.0,False,True
v21,touch_first_t0.5_ask65_book0.6,0,20,19,0.95,16,3,223.0,True,True
v21,touch_first_t0.5_ask65_book0.6,1,20,20,1.0,11,9,-283.0,False,True
v21,touch_first_t0.5_ask65_book0.6,2,20,20,1.0,13,7,-104.0,False,True
v21,touch_first_t0.5_ask65_book0.6,3,20,20,1.0,13,7,-84.0,False,True
v21,touch_first_t0.5_ask65_book0.6,4,20,20,1.0,14,6,32.0,True,True
v21,touch_first_t0.5_ask65_book0.6,5,20,20,1.0,14,6,40.0,True,True
v21,touch_first_t0.5_ask65_book0.6,6,20,20,1.0,17,3,343.0,True,True
v21,touch_first_t0.5_ask65_book0.6,7,20,20,1.0,16,4,230.0,True,True
v21,touch_first_t0.5_ask65_book0.6,8,20,20,1.0,10,10,-332.0,False,True
v21,touch_first_t0.5_ask65_book0.6,9,20,20,1.0,17,3,292.0,True,True
v21,touch_first_t0.5_ask65_book0.6,10,20,19,0.95,14,5,31.0,True,True
v21,touch_first_t0.5_ask65_book0.6,11,1,1,1.0,1,0,37.0,True,True
current,touch_first_t0.5_ask65_book0.65,0,20,20,1.0,12,8,-123.0,False,True
current,touch_first_t0.5_ask65_book0.65,1,20,20,1.0,14,6,59.0,True,True
current,touch_first_t0.5_ask65_book0.65,2,20,20,1.0,15,5,139.0,True,True
current,touch_first_t0.5_ask65_book0.65,3,20,20,1.0,16,4,274.0,True,True
current,touch_first_t0.5_ask65_book0.65,4,20,20,1.0,12,8,-117.0,False,True
current,touch_first_t0.5_ask65_book0.65,5,20,20,1.0,12,8,-129.0,False,True
current,touch_first_t0.5_ask65_book0.65,6,20,20,1.0,16,4,220.0,True,True
current,touch_first_t0.5_ask65_book0.65,7,20,19,0.95,16,3,297.0,True,True
current,touch_first_t0.5_ask65_book0.65,8,20,20,1.0,14,6,75.0,True,True
current,touch_first_t0.5_ask65_book0.65,9,20,19,0.95,15,4,200.0,True,True
current,touch_first_t0.5_ask65_book0.65,10,20,20,1.0,12,8,-164.0,False,True
current,touch_first_t0.5_ask65_book0.65,11,20,20,1.0,13,7,-73.0,False,True
current,touch_first_t0.5_ask65_book0.65,12,20,20,1.0,16,4,258.0,True,True
current,touch_first_t0.5_ask65_book0.65,13,20,20,1.0,17,3,285.0,True,True
current,touch_first_t0.5_ask65_book0.65,14,20,20,1.0,11,9,-260.0,False,True
current,touch_first_t0.5_ask65_book0.65,15,20,20,1.0,15,5,129.0,True,True
current,touch_first_t0.5_ask65_book0.65,16,6,6,1.0,3,3,-119.0,False,True
v21,touch_first_t0.5_ask65_book0.65,0,20,19,0.95,16,3,223.0,True,True
v21,touch_first_t0.5_ask65_book0.65,1,20,20,1.0,11,9,-283.0,False,True
v21,touch_first_t0.5_ask65_book0.65,2,20,20,1.0,13,7,-104.0,False,True
v21,touch_first_t0.5_ask65_book0.65,3,20,20,1.0,13,7,-84.0,False,True
v21,touch_first_t0.5_ask65_book0.65,4,20,20,1.0,14,6,32.0,True,True
v21,touch_first_t0.5_ask65_book0.65,5,20,20,1.0,14,6,40.0,True,True
v21,touch_first_t0.5_ask65_book0.65,6,20,20,1.0,17,3,343.0,True,True
v21,touch_first_t0.5_ask65_book0.65,7,20,20,1.0,16,4,230.0,True,True
v21,touch_first_t0.5_ask65_book0.65,8,20,20,1.0,10,10,-332.0,False,True
v21,touch_first_t0.5_ask65_book0.65,9,20,20,1.0,17,3,292.0,True,True
v21,touch_first_t0.5_ask65_book0.65,10,20,19,0.95,14,5,31.0,True,True
v21,touch_first_t0.5_ask65_book0.65,11,1,1,1.0,1,0,37.0,True,True
current,touch_first_t0.55_ask55_book0.5,0,20,20,1.0,12,8,-123.0,False,True
current,touch_first_t0.55_ask55_book0.5,1,20,20,1.0,14,6,59.0,True,True
current,touch_first_t0.55_ask55_book0.5,2,20,20,1.0,15,5,139.0,True,True
current,touch_first_t0.55_ask55_book0.5,3,20,20,1.0,16,4,274.0,True,True
current,touch_first_t0.55_ask55_book0.5,4,20,20,1.0,12,8,-117.0,False,True
current,touch_first_t0.55_ask55_book0.5,5,20,20,1.0,12,8,-129.0,False,True
current,touch_first_t0.55_ask55_book0.5,6,20,20,1.0,16,4,226.0,True,True
current,touch_first_t0.55_ask55_book0.5,7,20,19,0.95,17,2,406.0,True,True
current,touch_first_t0.55_ask55_book0.5,8,20,20,1.0,13,7,-19.0,False,True
current,touch_first_t0.55_ask55_book0.5,9,20,19,0.95,15,4,200.0,True,True
current,touch_first_t0.55_ask55_book0.5,10,20,20,1.0,12,8,-157.0,False,True
current,touch_first_t0.55_ask55_book0.5,11,20,20,1.0,13,7,-73.0,False,True
current,touch_first_t0.55_ask55_book0.5,12,20,20,1.0,15,5,178.0,True,True
current,touch_first_t0.55_ask55_book0.5,13,20,20,1.0,17,3,285.0,True,True
current,touch_first_t0.55_ask55_book0.5,14,20,20,1.0,11,9,-260.0,False,True
current,touch_first_t0.55_ask55_book0.5,15,20,20,1.0,15,5,129.0,True,True
current,touch_first_t0.55_ask55_book0.5,16,6,6,1.0,3,3,-119.0,False,True
v21,touch_first_t0.55_ask55_book0.5,0,20,19,0.95,16,3,223.0,True,True
v21,touch_first_t0.55_ask55_book0.5,1,20,20,1.0,11,9,-283.0,False,True
v21,touch_first_t0.55_ask55_book0.5,2,20,20,1.0,13,7,-104.0,False,True
v21,touch_first_t0.55_ask55_book0.5,3,20,20,1.0,13,7,-84.0,False,True
v21,touch_first_t0.55_ask55_book0.5,4,20,20,1.0,14,6,32.0,True,True
v21,touch_first_t0.55_ask55_book0.5,5,20,20,1.0,14,6,40.0,True,True
v21,touch_first_t0.55_ask55_book0.5,6,20,20,1.0,17,3,343.0,True,True
v21,touch_first_t0.55_ask55_book0.5,7,20,20,1.0,16,4,230.0,True,True
v21,touch_first_t0.55_ask55_book0.5,8,20,20,1.0,10,10,-332.0,False,True
v21,touch_first_t0.55_ask55_book0.5,9,20,20,1.0,17,3,292.0,True,True
v21,touch_first_t0.55_ask55_book0.5,10,20,19,0.95,14,5,31.0,True,True
v21,touch_first_t0.55_ask55_book0.5,11,1,1,1.0,1,0,37.0,True,True
current,touch_first_t0.55_ask55_book0.55,0,20,20,1.0,12,8,-123.0,False,True
current,touch_first_t0.55_ask55_book0.55,1,20,20,1.0,14,6,59.0,True,True
current,touch_first_t0.55_ask55_book0.55,2,20,20,1.0,15,5,139.0,True,True
current,touch_first_t0.55_ask55_book0.55,3,20,20,1.0,16,4,274.0,True,True
current,touch_first_t0.55_ask55_book0.55,4,20,20,1.0,12,8,-117.0,False,True
current,touch_first_t0.55_ask55_book0.55,5,20,20,1.0,12,8,-129.0,False,True
current,touch_first_t0.55_ask55_book0.55,6,20,20,1.0,16,4,220.0,True,True
current,touch_first_t0.55_ask55_book0.55,7,20,19,0.95,16,3,297.0,True,True
current,touch_first_t0.55_ask55_book0.55,8,20,20,1.0,14,6,75.0,True,True
current,touch_first_t0.55_ask55_book0.55,9,20,19,0.95,15,4,200.0,True,True
current,touch_first_t0.55_ask55_book0.55,10,20,20,1.0,12,8,-164.0,False,True
current,touch_first_t0.55_ask55_book0.55,11,20,20,1.0,13,7,-73.0,False,True
current,touch_first_t0.55_ask55_book0.55,12,20,20,1.0,16,4,258.0,True,True
current,touch_first_t0.55_ask55_book0.55,13,20,20,1.0,17,3,285.0,True,True
current,touch_first_t0.55_ask55_book0.55,14,20,20,1.0,11,9,-260.0,False,True
current,touch_first_t0.55_ask55_book0.55,15,20,20,1.0,15,5,129.0,True,True
current,touch_first_t0.55_ask55_book0.55,16,6,6,1.0,3,3,-119.0,False,True
v21,touch_first_t0.55_ask55_book0.55,0,20,19,0.95,16,3,223.0,True,True
v21,touch_first_t0.55_ask55_book0.55,1,20,20,1.0,11,9,-283.0,False,True
v21,touch_first_t0.55_ask55_book0.55,2,20,20,1.0,13,7,-104.0,False,True
v21,touch_first_t0.55_ask55_book0.55,3,20,20,1.0,13,7,-84.0,False,True
v21,touch_first_t0.55_ask55_book0.55,4,20,20,1.0,14,6,32.0,True,True
v21,touch_first_t0.55_ask55_book0.55,5,20,20,1.0,14,6,40.0,True,True
v21,touch_first_t0.55_ask55_book0.55,6,20,20,1.0,17,3,343.0,True,True
v21,touch_first_t0.55_ask55_book0.55,7,20,20,1.0,16,4,230.0,True,True
v21,touch_first_t0.55_ask55_book0.55,8,20,20,1.0,10,10,-332.0,False,True
v21,touch_first_t0.55_ask55_book0.55,9,20,20,1.0,17,3,292.0,True,True
v21,touch_first_t0.55_ask55_book0.55,10,20,19,0.95,14,5,31.0,True,True
v21,touch_first_t0.55_ask55_book0.55,11,1,1,1.0,1,0,37.0,True,True
current,touch_first_t0.55_ask55_book0.6,0,20,20,1.0,12,8,-123.0,False,True
current,touch_first_t0.55_ask55_book0.6,1,20,20,1.0,14,6,59.0,True,True
current,touch_first_t0.55_ask55_book0.6,2,20,20,1.0,15,5,139.0,True,True
current,touch_first_t0.55_ask55_book0.6,3,20,20,1.0,16,4,274.0,True,True
current,touch_first_t0.55_ask55_book0.6,4,20,20,1.0,12,8,-117.0,False,True
current,touch_first_t0.55_ask55_book0.6,5,20,20,1.0,12,8,-129.0,False,True
current,touch_first_t0.55_ask55_book0.6,6,20,20,1.0,16,4,220.0,True,True
current,touch_first_t0.55_ask55_book0.6,7,20,19,0.95,16,3,297.0,True,True
current,touch_first_t0.55_ask55_book0.6,8,20,20,1.0,14,6,75.0,True,True
current,touch_first_t0.55_ask55_book0.6,9,20,19,0.95,15,4,200.0,True,True
current,touch_first_t0.55_ask55_book0.6,10,20,20,1.0,12,8,-164.0,False,True
current,touch_first_t0.55_ask55_book0.6,11,20,20,1.0,13,7,-73.0,False,True
current,touch_first_t0.55_ask55_book0.6,12,20,20,1.0,16,4,258.0,True,True
current,touch_first_t0.55_ask55_book0.6,13,20,20,1.0,17,3,285.0,True,True
current,touch_first_t0.55_ask55_book0.6,14,20,20,1.0,11,9,-260.0,False,True
current,touch_first_t0.55_ask55_book0.6,15,20,20,1.0,15,5,129.0,True,True
current,touch_first_t0.55_ask55_book0.6,16,6,6,1.0,3,3,-119.0,False,True
v21,touch_first_t0.55_ask55_book0.6,0,20,19,0.95,16,3,223.0,True,True
v21,touch_first_t0.55_ask55_book0.6,1,20,20,1.0,11,9,-283.0,False,True
v21,touch_first_t0.55_ask55_book0.6,2,20,20,1.0,13,7,-104.0,False,True
v21,touch_first_t0.55_ask55_book0.6,3,20,20,1.0,13,7,-84.0,False,True
v21,touch_first_t0.55_ask55_book0.6,4,20,20,1.0,14,6,32.0,True,True
v21,touch_first_t0.55_ask55_book0.6,5,20,20,1.0,14,6,40.0,True,True
v21,touch_first_t0.55_ask55_book0.6,6,20,20,1.0,17,3,343.0,True,True
v21,touch_first_t0.55_ask55_book0.6,7,20,20,1.0,16,4,230.0,True,True
v21,touch_first_t0.55_ask55_book0.6,8,20,20,1.0,10,10,-332.0,False,True
v21,touch_first_t0.55_ask55_book0.6,9,20,20,1.0,17,3,292.0,True,True
v21,touch_first_t0.55_ask55_book0.6,10,20,19,0.95,14,5,31.0,True,True
v21,touch_first_t0.55_ask55_book0.6,11,1,1,1.0,1,0,37.0,True,True
current,touch_first_t0.55_ask55_book0.65,0,20,20,1.0,12,8,-123.0,False,True
current,touch_first_t0.55_ask55_book0.65,1,20,20,1.0,14,6,59.0,True,True
current,touch_first_t0.55_ask55_book0.65,2,20,20,1.0,15,5,139.0,True,True
current,touch_first_t0.55_ask55_book0.65,3,20,20,1.0,16,4,274.0,True,True
current,touch_first_t0.55_ask55_book0.65,4,20,20,1.0,12,8,-117.0,False,True
current,touch_first_t0.55_ask55_book0.65,5,20,20,1.0,12,8,-129.0,False,True
current,touch_first_t0.55_ask55_book0.65,6,20,20,1.0,16,4,220.0,True,True
current,touch_first_t0.55_ask55_book0.65,7,20,19,0.95,16,3,297.0,True,True
current,touch_first_t0.55_ask55_book0.65,8,20,20,1.0,14,6,75.0,True,True
current,touch_first_t0.55_ask55_book0.65,9,20,19,0.95,15,4,200.0,True,True
current,touch_first_t0.55_ask55_book0.65,10,20,20,1.0,12,8,-164.0,False,True
current,touch_first_t0.55_ask55_book0.65,11,20,20,1.0,13,7,-73.0,False,True
current,touch_first_t0.55_ask55_book0.65,12,20,20,1.0,16,4,258.0,True,True
current,touch_first_t0.55_ask55_book0.65,13,20,20,1.0,17,3,285.0,True,True
current,touch_first_t0.55_ask55_book0.65,14,20,20,1.0,11,9,-260.0,False,True
current,touch_first_t0.55_ask55_book0.65,15,20,20,1.0,15,5,129.0,True,True
current,touch_first_t0.55_ask55_book0.65,16,6,6,1.0,3,3,-119.0,False,True
v21,touch_first_t0.55_ask55_book0.65,0,20,19,0.95,16,3,223.0,True,True
v21,touch_first_t0.55_ask55_book0.65,1,20,20,1.0,11,9,-283.0,False,True
v21,touch_first_t0.55_ask55_book0.65,2,20,20,1.0,13,7,-104.0,False,True
v21,touch_first_t0.55_ask55_book0.65,3,20,20,1.0,13,7,-84.0,False,True
v21,touch_first_t0.55_ask55_book0.65,4,20,20,1.0,14,6,32.0,True,True
v21,touch_first_t0.55_ask55_book0.65,5,20,20,1.0,14,6,40.0,True,True
v21,touch_first_t0.55_ask55_book0.65,6,20,20,1.0,17,3,343.0,True,True
v21,touch_first_t0.55_ask55_book0.65,7,20,20,1.0,16,4,230.0,True,True
v21,touch_first_t0.55_ask55_book0.65,8,20,20,1.0,10,10,-332.0,False,True
v21,touch_first_t0.55_ask55_book0.65,9,20,20,1.0,17,3,292.0,True,True
v21,touch_first_t0.55_ask55_book0.65,10,20,19,0.95,14,5,31.0,True,True
v21,touch_first_t0.55_ask55_book0.65,11,1,1,1.0,1,0,37.0,True,True
current,touch_first_t0.55_ask60_book0.5,0,20,20,1.0,13,7,-11.0,False,True
current,touch_first_t0.55_ask60_book0.5,1,20,20,1.0,14,6,61.0,True,True
current,touch_first_t0.55_ask60_book0.5,2,20,20,1.0,15,5,139.0,True,True
current,touch_first_t0.55_ask60_book0.5,3,20,20,1.0,16,4,274.0,True,True
current,touch_first_t0.55_ask60_book0.5,4,20,20,1.0,12,8,-114.0,False,True
current,touch_first_t0.55_ask60_book0.5,5,20,20,1.0,12,8,-121.0,False,True
current,touch_first_t0.55_ask60_book0.5,6,20,20,1.0,16,4,226.0,True,True
current,touch_first_t0.55_ask60_book0.5,7,20,19,0.95,17,2,406.0,True,True
current,touch_first_t0.55_ask60_book0.5,8,20,20,1.0,13,7,-19.0,False,True
current,touch_first_t0.55_ask60_book0.5,9,20,19,0.95,15,4,200.0,True,True
current,touch_first_t0.55_ask60_book0.5,10,20,20,1.0,12,8,-157.0,False,True
current,touch_first_t0.55_ask60_book0.5,11,20,20,1.0,13,7,-71.0,False,True
current,touch_first_t0.55_ask60_book0.5,12,20,20,1.0,15,5,178.0,True,True
current,touch_first_t0.55_ask60_book0.5,13,20,20,1.0,17,3,285.0,True,True
current,touch_first_t0.55_ask60_book0.5,14,20,20,1.0,11,9,-260.0,False,True
current,touch_first_t0.55_ask60_book0.5,15,20,20,1.0,15,5,129.0,True,True
current,touch_first_t0.55_ask60_book0.5,16,6,6,1.0,3,3,-119.0,False,True
v21,touch_first_t0.55_ask60_book0.5,0,20,19,0.95,16,3,259.0,True,True
v21,touch_first_t0.55_ask60_book0.5,1,20,20,1.0,11,9,-283.0,False,True
v21,touch_first_t0.55_ask60_book0.5,2,20,20,1.0,13,7,-104.0,False,True
v21,touch_first_t0.55_ask60_book0.5,3,20,20,1.0,14,6,28.0,True,True
v21,touch_first_t0.55_ask60_book0.5,4,20,20,1.0,14,6,48.0,True,True
v21,touch_first_t0.55_ask60_book0.5,5,20,20,1.0,14,6,40.0,True,True
v21,touch_first_t0.55_ask60_book0.5,6,20,20,1.0,17,3,343.0,True,True
v21,touch_first_t0.55_ask60_book0.5,7,20,20,1.0,16,4,251.0,True,True
v21,touch_first_t0.55_ask60_book0.5,8,20,20,1.0,10,10,-332.0,False,True
v21,touch_first_t0.55_ask60_book0.5,9,20,20,1.0,17,3,319.0,True,True
v21,touch_first_t0.55_ask60_book0.5,10,20,19,0.95,14,5,42.0,True,True
v21,touch_first_t0.55_ask60_book0.5,11,1,1,1.0,1,0,37.0,True,True
current,touch_first_t0.55_ask60_book0.55,0,20,20,1.0,13,7,-11.0,False,True
current,touch_first_t0.55_ask60_book0.55,1,20,20,1.0,14,6,61.0,True,True
current,touch_first_t0.55_ask60_book0.55,2,20,20,1.0,15,5,139.0,True,True
current,touch_first_t0.55_ask60_book0.55,3,20,20,1.0,16,4,274.0,True,True
current,touch_first_t0.55_ask60_book0.55,4,20,20,1.0,12,8,-114.0,False,True
current,touch_first_t0.55_ask60_book0.55,5,20,20,1.0,12,8,-121.0,False,True
current,touch_first_t0.55_ask60_book0.55,6,20,20,1.0,16,4,226.0,True,True
current,touch_first_t0.55_ask60_book0.55,7,20,19,0.95,16,3,297.0,True,True
current,touch_first_t0.55_ask60_book0.55,8,20,20,1.0,14,6,75.0,True,True
current,touch_first_t0.55_ask60_book0.55,9,20,19,0.95,15,4,200.0,True,True
current,touch_first_t0.55_ask60_book0.55,10,20,20,1.0,12,8,-164.0,False,True
current,touch_first_t0.55_ask60_book0.55,11,20,20,1.0,13,7,-71.0,False,True
current,touch_first_t0.55_ask60_book0.55,12,20,20,1.0,16,4,258.0,True,True
current,touch_first_t0.55_ask60_book0.55,13,20,20,1.0,17,3,285.0,True,True
current,touch_first_t0.55_ask60_book0.55,14,20,20,1.0,11,9,-260.0,False,True
current,touch_first_t0.55_ask60_book0.55,15,20,20,1.0,15,5,129.0,True,True
current,touch_first_t0.55_ask60_book0.55,16,6,6,1.0,3,3,-119.0,False,True
v21,touch_first_t0.55_ask60_book0.55,0,20,19,0.95,16,3,259.0,True,True
v21,touch_first_t0.55_ask60_book0.55,1,20,20,1.0,11,9,-283.0,False,True
v21,touch_first_t0.55_ask60_book0.55,2,20,20,1.0,13,7,-104.0,False,True
v21,touch_first_t0.55_ask60_book0.55,3,20,20,1.0,14,6,28.0,True,True
v21,touch_first_t0.55_ask60_book0.55,4,20,20,1.0,14,6,48.0,True,True
v21,touch_first_t0.55_ask60_book0.55,5,20,20,1.0,14,6,40.0,True,True
v21,touch_first_t0.55_ask60_book0.55,6,20,20,1.0,17,3,343.0,True,True
v21,touch_first_t0.55_ask60_book0.55,7,20,20,1.0,16,4,251.0,True,True
v21,touch_first_t0.55_ask60_book0.55,8,20,20,1.0,10,10,-332.0,False,True
v21,touch_first_t0.55_ask60_book0.55,9,20,20,1.0,17,3,319.0,True,True
v21,touch_first_t0.55_ask60_book0.55,10,20,19,0.95,14,5,42.0,True,True
v21,touch_first_t0.55_ask60_book0.55,11,1,1,1.0,1,0,37.0,True,True
current,touch_first_t0.55_ask60_book0.6,0,20,20,1.0,12,8,-123.0,False,True
current,touch_first_t0.55_ask60_book0.6,1,20,20,1.0,14,6,59.0,True,True
current,touch_first_t0.55_ask60_book0.6,2,20,20,1.0,15,5,139.0,True,True
current,touch_first_t0.55_ask60_book0.6,3,20,20,1.0,16,4,274.0,True,True
current,touch_first_t0.55_ask60_book0.6,4,20,20,1.0,12,8,-117.0,False,True
current,touch_first_t0.55_ask60_book0.6,5,20,20,1.0,12,8,-129.0,False,True
current,touch_first_t0.55_ask60_book0.6,6,20,20,1.0,16,4,220.0,True,True
current,touch_first_t0.55_ask60_book0.6,7,20,19,0.95,16,3,297.0,True,True
current,touch_first_t0.55_ask60_book0.6,8,20,20,1.0,14,6,75.0,True,True
current,touch_first_t0.55_ask60_book0.6,9,20,19,0.95,15,4,200.0,True,True
current,touch_first_t0.55_ask60_book0.6,10,20,20,1.0,12,8,-164.0,False,True
current,touch_first_t0.55_ask60_book0.6,11,20,20,1.0,13,7,-73.0,False,True
current,touch_first_t0.55_ask60_book0.6,12,20,20,1.0,16,4,258.0,True,True
current,touch_first_t0.55_ask60_book0.6,13,20,20,1.0,17,3,285.0,True,True
current,touch_first_t0.55_ask60_book0.6,14,20,20,1.0,11,9,-260.0,False,True
current,touch_first_t0.55_ask60_book0.6,15,20,20,1.0,15,5,129.0,True,True
current,touch_first_t0.55_ask60_book0.6,16,6,6,1.0,3,3,-119.0,False,True
v21,touch_first_t0.55_ask60_book0.6,0,20,19,0.95,16,3,223.0,True,True
v21,touch_first_t0.55_ask60_book0.6,1,20,20,1.0,11,9,-283.0,False,True
v21,touch_first_t0.55_ask60_book0.6,2,20,20,1.0,13,7,-104.0,False,True
v21,touch_first_t0.55_ask60_book0.6,3,20,20,1.0,13,7,-84.0,False,True
v21,touch_first_t0.55_ask60_book0.6,4,20,20,1.0,14,6,32.0,True,True
v21,touch_first_t0.55_ask60_book0.6,5,20,20,1.0,14,6,40.0,True,True
v21,touch_first_t0.55_ask60_book0.6,6,20,20,1.0,17,3,343.0,True,True
v21,touch_first_t0.55_ask60_book0.6,7,20,20,1.0,16,4,230.0,True,True
v21,touch_first_t0.55_ask60_book0.6,8,20,20,1.0,10,10,-332.0,False,True
v21,touch_first_t0.55_ask60_book0.6,9,20,20,1.0,17,3,292.0,True,True
v21,touch_first_t0.55_ask60_book0.6,10,20,19,0.95,14,5,31.0,True,True
v21,touch_first_t0.55_ask60_book0.6,11,1,1,1.0,1,0,37.0,True,True
current,touch_first_t0.55_ask60_book0.65,0,20,20,1.0,12,8,-123.0,False,True
current,touch_first_t0.55_ask60_book0.65,1,20,20,1.0,14,6,59.0,True,True
current,touch_first_t0.55_ask60_book0.65,2,20,20,1.0,15,5,139.0,True,True
current,touch_first_t0.55_ask60_book0.65,3,20,20,1.0,16,4,274.0,True,True
current,touch_first_t0.55_ask60_book0.65,4,20,20,1.0,12,8,-117.0,False,True
current,touch_first_t0.55_ask60_book0.65,5,20,20,1.0,12,8,-129.0,False,True
current,touch_first_t0.55_ask60_book0.65,6,20,20,1.0,16,4,220.0,True,True
current,touch_first_t0.55_ask60_book0.65,7,20,19,0.95,16,3,297.0,True,True
current,touch_first_t0.55_ask60_book0.65,8,20,20,1.0,14,6,75.0,True,True
current,touch_first_t0.55_ask60_book0.65,9,20,19,0.95,15,4,200.0,True,True
current,touch_first_t0.55_ask60_book0.65,10,20,20,1.0,12,8,-164.0,False,True
current,touch_first_t0.55_ask60_book0.65,11,20,20,1.0,13,7,-73.0,False,True
current,touch_first_t0.55_ask60_book0.65,12,20,20,1.0,16,4,258.0,True,True
current,touch_first_t0.55_ask60_book0.65,13,20,20,1.0,17,3,285.0,True,True
current,touch_first_t0.55_ask60_book0.65,14,20,20,1.0,11,9,-260.0,False,True
current,touch_first_t0.55_ask60_book0.65,15,20,20,1.0,15,5,129.0,True,True
current,touch_first_t0.55_ask60_book0.65,16,6,6,1.0,3,3,-119.0,False,True
v21,touch_first_t0.55_ask60_book0.65,0,20,19,0.95,16,3,223.0,True,True
v21,touch_first_t0.55_ask60_book0.65,1,20,20,1.0,11,9,-283.0,False,True
v21,touch_first_t0.55_ask60_book0.65,2,20,20,1.0,13,7,-104.0,False,True
v21,touch_first_t0.55_ask60_book0.65,3,20,20,1.0,13,7,-84.0,False,True
v21,touch_first_t0.55_ask60_book0.65,4,20,20,1.0,14,6,32.0,True,True
v21,touch_first_t0.55_ask60_book0.65,5,20,20,1.0,14,6,40.0,True,True
v21,touch_first_t0.55_ask60_book0.65,6,20,20,1.0,17,3,343.0,True,True
v21,touch_first_t0.55_ask60_book0.65,7,20,20,1.0,16,4,230.0,True,True
v21,touch_first_t0.55_ask60_book0.65,8,20,20,1.0,10,10,-332.0,False,True
v21,touch_first_t0.55_ask60_book0.65,9,20,20,1.0,17,3,292.0,True,True
v21,touch_first_t0.55_ask60_book0.65,10,20,19,0.95,14,5,31.0,True,True
v21,touch_first_t0.55_ask60_book0.65,11,1,1,1.0,1,0,37.0,True,True
current,touch_first_t0.55_ask65_book0.5,0,20,20,1.0,13,7,-11.0,False,True
current,touch_first_t0.55_ask65_book0.5,1,20,20,1.0,14,6,61.0,True,True
current,touch_first_t0.55_ask65_book0.5,2,20,20,1.0,15,5,139.0,True,True
current,touch_first_t0.55_ask65_book0.5,3,20,20,1.0,16,4,274.0,True,True
current,touch_first_t0.55_ask65_book0.5,4,20,20,1.0,12,8,-114.0,False,True
current,touch_first_t0.55_ask65_book0.5,5,20,20,1.0,12,8,-121.0,False,True
current,touch_first_t0.55_ask65_book0.5,6,20,20,1.0,16,4,226.0,True,True
current,touch_first_t0.55_ask65_book0.5,7,20,19,0.95,17,2,406.0,True,True
current,touch_first_t0.55_ask65_book0.5,8,20,20,1.0,13,7,-19.0,False,True
current,touch_first_t0.55_ask65_book0.5,9,20,19,0.95,15,4,200.0,True,True
current,touch_first_t0.55_ask65_book0.5,10,20,20,1.0,12,8,-157.0,False,True
current,touch_first_t0.55_ask65_book0.5,11,20,20,1.0,13,7,-71.0,False,True
current,touch_first_t0.55_ask65_book0.5,12,20,20,1.0,15,5,178.0,True,True
current,touch_first_t0.55_ask65_book0.5,13,20,20,1.0,17,3,285.0,True,True
current,touch_first_t0.55_ask65_book0.5,14,20,20,1.0,11,9,-260.0,False,True
current,touch_first_t0.55_ask65_book0.5,15,20,20,1.0,15,5,129.0,True,True
current,touch_first_t0.55_ask65_book0.5,16,6,6,1.0,3,3,-119.0,False,True
v21,touch_first_t0.55_ask65_book0.5,0,20,19,0.95,16,3,259.0,True,True
v21,touch_first_t0.55_ask65_book0.5,1,20,20,1.0,11,9,-283.0,False,True
v21,touch_first_t0.55_ask65_book0.5,2,20,20,1.0,13,7,-104.0,False,True
v21,touch_first_t0.55_ask65_book0.5,3,20,20,1.0,14,6,28.0,True,True
v21,touch_first_t0.55_ask65_book0.5,4,20,20,1.0,14,6,48.0,True,True
v21,touch_first_t0.55_ask65_book0.5,5,20,20,1.0,14,6,40.0,True,True
v21,touch_first_t0.55_ask65_book0.5,6,20,20,1.0,17,3,343.0,True,True
v21,touch_first_t0.55_ask65_book0.5,7,20,20,1.0,16,4,251.0,True,True
v21,touch_first_t0.55_ask65_book0.5,8,20,20,1.0,10,10,-332.0,False,True
v21,touch_first_t0.55_ask65_book0.5,9,20,20,1.0,17,3,319.0,True,True
v21,touch_first_t0.55_ask65_book0.5,10,20,19,0.95,14,5,42.0,True,True
v21,touch_first_t0.55_ask65_book0.5,11,1,1,1.0,1,0,37.0,True,True
current,touch_first_t0.55_ask65_book0.55,0,20,20,1.0,13,7,-11.0,False,True
current,touch_first_t0.55_ask65_book0.55,1,20,20,1.0,14,6,61.0,True,True
current,touch_first_t0.55_ask65_book0.55,2,20,20,1.0,15,5,139.0,True,True
current,touch_first_t0.55_ask65_book0.55,3,20,20,1.0,16,4,274.0,True,True
current,touch_first_t0.55_ask65_book0.55,4,20,20,1.0,12,8,-114.0,False,True
current,touch_first_t0.55_ask65_book0.55,5,20,20,1.0,12,8,-121.0,False,True
current,touch_first_t0.55_ask65_book0.55,6,20,20,1.0,16,4,226.0,True,True
current,touch_first_t0.55_ask65_book0.55,7,20,19,0.95,16,3,297.0,True,True
current,touch_first_t0.55_ask65_book0.55,8,20,20,1.0,14,6,75.0,True,True
current,touch_first_t0.55_ask65_book0.55,9,20,19,0.95,15,4,200.0,True,True
current,touch_first_t0.55_ask65_book0.55,10,20,20,1.0,12,8,-164.0,False,True
current,touch_first_t0.55_ask65_book0.55,11,20,20,1.0,13,7,-71.0,False,True
current,touch_first_t0.55_ask65_book0.55,12,20,20,1.0,16,4,258.0,True,True
current,touch_first_t0.55_ask65_book0.55,13,20,20,1.0,17,3,285.0,True,True
current,touch_first_t0.55_ask65_book0.55,14,20,20,1.0,11,9,-260.0,False,True
current,touch_first_t0.55_ask65_book0.55,15,20,20,1.0,15,5,129.0,True,True
current,touch_first_t0.55_ask65_book0.55,16,6,6,1.0,3,3,-119.0,False,True
v21,touch_first_t0.55_ask65_book0.55,0,20,19,0.95,16,3,259.0,True,True
v21,touch_first_t0.55_ask65_book0.55,1,20,20,1.0,11,9,-283.0,False,True
v21,touch_first_t0.55_ask65_book0.55,2,20,20,1.0,13,7,-104.0,False,True
v21,touch_first_t0.55_ask65_book0.55,3,20,20,1.0,14,6,28.0,True,True
v21,touch_first_t0.55_ask65_book0.55,4,20,20,1.0,14,6,48.0,True,True
v21,touch_first_t0.55_ask65_book0.55,5,20,20,1.0,14,6,40.0,True,True
v21,touch_first_t0.55_ask65_book0.55,6,20,20,1.0,17,3,343.0,True,True
v21,touch_first_t0.55_ask65_book0.55,7,20,20,1.0,16,4,251.0,True,True
v21,touch_first_t0.55_ask65_book0.55,8,20,20,1.0,10,10,-332.0,False,True
v21,touch_first_t0.55_ask65_book0.55,9,20,20,1.0,17,3,319.0,True,True
v21,touch_first_t0.55_ask65_book0.55,10,20,19,0.95,14,5,42.0,True,True
v21,touch_first_t0.55_ask65_book0.55,11,1,1,1.0,1,0,37.0,True,True
current,touch_first_t0.55_ask65_book0.6,0,20,20,1.0,12,8,-123.0,False,True
current,touch_first_t0.55_ask65_book0.6,1,20,20,1.0,14,6,59.0,True,True
current,touch_first_t0.55_ask65_book0.6,2,20,20,1.0,15,5,139.0,True,True
current,touch_first_t0.55_ask65_book0.6,3,20,20,1.0,16,4,274.0,True,True
current,touch_first_t0.55_ask65_book0.6,4,20,20,1.0,12,8,-117.0,False,True
current,touch_first_t0.55_ask65_book0.6,5,20,20,1.0,12,8,-129.0,False,True
current,touch_first_t0.55_ask65_book0.6,6,20,20,1.0,16,4,220.0,True,True
current,touch_first_t0.55_ask65_book0.6,7,20,19,0.95,16,3,297.0,True,True
current,touch_first_t0.55_ask65_book0.6,8,20,20,1.0,14,6,75.0,True,True
current,touch_first_t0.55_ask65_book0.6,9,20,19,0.95,15,4,200.0,True,True
current,touch_first_t0.55_ask65_book0.6,10,20,20,1.0,12,8,-164.0,False,True
current,touch_first_t0.55_ask65_book0.6,11,20,20,1.0,13,7,-73.0,False,True
current,touch_first_t0.55_ask65_book0.6,12,20,20,1.0,16,4,258.0,True,True
current,touch_first_t0.55_ask65_book0.6,13,20,20,1.0,17,3,285.0,True,True
current,touch_first_t0.55_ask65_book0.6,14,20,20,1.0,11,9,-260.0,False,True
current,touch_first_t0.55_ask65_book0.6,15,20,20,1.0,15,5,129.0,True,True
current,touch_first_t0.55_ask65_book0.6,16,6,6,1.0,3,3,-119.0,False,True
v21,touch_first_t0.55_ask65_book0.6,0,20,19,0.95,16,3,223.0,True,True
v21,touch_first_t0.55_ask65_book0.6,1,20,20,1.0,11,9,-283.0,False,True
v21,touch_first_t0.55_ask65_book0.6,2,20,20,1.0,13,7,-104.0,False,True
v21,touch_first_t0.55_ask65_book0.6,3,20,20,1.0,13,7,-84.0,False,True
v21,touch_first_t0.55_ask65_book0.6,4,20,20,1.0,14,6,32.0,True,True
v21,touch_first_t0.55_ask65_book0.6,5,20,20,1.0,14,6,40.0,True,True
v21,touch_first_t0.55_ask65_book0.6,6,20,20,1.0,17,3,343.0,True,True
v21,touch_first_t0.55_ask65_book0.6,7,20,20,1.0,16,4,230.0,True,True
v21,touch_first_t0.55_ask65_book0.6,8,20,20,1.0,10,10,-332.0,False,True
v21,touch_first_t0.55_ask65_book0.6,9,20,20,1.0,17,3,292.0,True,True
v21,touch_first_t0.55_ask65_book0.6,10,20,19,0.95,14,5,31.0,True,True
v21,touch_first_t0.55_ask65_book0.6,11,1,1,1.0,1,0,37.0,True,True
current,touch_first_t0.55_ask65_book0.65,0,20,20,1.0,12,8,-123.0,False,True
current,touch_first_t0.55_ask65_book0.65,1,20,20,1.0,14,6,59.0,True,True
current,touch_first_t0.55_ask65_book0.65,2,20,20,1.0,15,5,139.0,True,True
current,touch_first_t0.55_ask65_book0.65,3,20,20,1.0,16,4,274.0,True,True
current,touch_first_t0.55_ask65_book0.65,4,20,20,1.0,12,8,-117.0,False,True
current,touch_first_t0.55_ask65_book0.65,5,20,20,1.0,12,8,-129.0,False,True
current,touch_first_t0.55_ask65_book0.65,6,20,20,1.0,16,4,220.0,True,True
current,touch_first_t0.55_ask65_book0.65,7,20,19,0.95,16,3,297.0,True,True
current,touch_first_t0.55_ask65_book0.65,8,20,20,1.0,14,6,75.0,True,True
current,touch_first_t0.55_ask65_book0.65,9,20,19,0.95,15,4,200.0,True,True
current,touch_first_t0.55_ask65_book0.65,10,20,20,1.0,12,8,-164.0,False,True
current,touch_first_t0.55_ask65_book0.65,11,20,20,1.0,13,7,-73.0,False,True
current,touch_first_t0.55_ask65_book0.65,12,20,20,1.0,16,4,258.0,True,True
current,touch_first_t0.55_ask65_book0.65,13,20,20,1.0,17,3,285.0,True,True
current,touch_first_t0.55_ask65_book0.65,14,20,20,1.0,11,9,-260.0,False,True
current,touch_first_t0.55_ask65_book0.65,15,20,20,1.0,15,5,129.0,True,True
current,touch_first_t0.55_ask65_book0.65,16,6,6,1.0,3,3,-119.0,False,True
v21,touch_first_t0.55_ask65_book0.65,0,20,19,0.95,16,3,223.0,True,True
v21,touch_first_t0.55_ask65_book0.65,1,20,20,1.0,11,9,-283.0,False,True
v21,touch_first_t0.55_ask65_book0.65,2,20,20,1.0,13,7,-104.0,False,True
v21,touch_first_t0.55_ask65_book0.65,3,20,20,1.0,13,7,-84.0,False,True
v21,touch_first_t0.55_ask65_book0.65,4,20,20,1.0,14,6,32.0,True,True
v21,touch_first_t0.55_ask65_book0.65,5,20,20,1.0,14,6,40.0,True,True
v21,touch_first_t0.55_ask65_book0.65,6,20,20,1.0,17,3,343.0,True,True
v21,touch_first_t0.55_ask65_book0.65,7,20,20,1.0,16,4,230.0,True,True
v21,touch_first_t0.55_ask65_book0.65,8,20,20,1.0,10,10,-332.0,False,True
v21,touch_first_t0.55_ask65_book0.65,9,20,20,1.0,17,3,292.0,True,True
v21,touch_first_t0.55_ask65_book0.65,10,20,19,0.95,14,5,31.0,True,True
v21,touch_first_t0.55_ask65_book0.65,11,1,1,1.0,1,0,37.0,True,True
