market,decision_key,dataset,entry_key,entry_dt,entry_minute,side,outcome,outcome_available,win,qty,ask_cents,bid_cents,book_mid_cents,book_p_side,book_other_mid_cents,book_margin_cents,spread_cents,spot,strike,seconds_to_close,v28_sigma_t_dollars,source_line_no,trust_state,outcome_method,outcome_source,close_dt,side_sign,margin_dollars,margin_per_sqrt_sec,margin_per_sqrt_min,margin_per_v28_sigma,brownian_p_v28_sigma,rv_sigma_t_5m,margin_per_rv_sigma_5m,brownian_p_rv_5m,rv_sigma_t_15m,margin_per_rv_sigma_15m,brownian_p_rv_15m,rv_sigma_t_30m,margin_per_rv_sigma_30m,brownian_p_rv_30m,rv_sigma_t_60m,margin_per_rv_sigma_60m,brownian_p_rv_60m,btc_close_lag_1m,signed_move_1m,signed_velocity_dps_1m,adverse_move_1m,drift_projected_margin_1m,drift_p_1m_rv_15m,drift_p_1m_rv_30m,drift_p_1m_rv_60m,btc_close_lag_3m,signed_move_3m,signed_velocity_dps_3m,adverse_move_3m,drift_projected_margin_3m,drift_p_3m_rv_15m,drift_p_3m_rv_30m,drift_p_3m_rv_60m,btc_close_lag_5m,signed_move_5m,signed_velocity_dps_5m,adverse_move_5m,drift_projected_margin_5m,drift_p_5m_rv_15m,drift_p_5m_rv_30m,drift_p_5m_rv_60m,btc_close_lag_10m,signed_move_10m,signed_velocity_dps_10m,adverse_move_10m,drift_projected_margin_10m,drift_p_10m_rv_15m,drift_p_10m_rv_30m,drift_p_10m_rv_60m,btc_close_lag_15m,signed_move_15m,signed_velocity_dps_15m,adverse_move_15m,drift_projected_margin_15m,drift_p_15m_rv_15m,drift_p_15m_rv_30m,drift_p_15m_rv_60m,btc_close_lag_30m,signed_move_30m,signed_velocity_dps_30m,adverse_move_30m,drift_projected_margin_30m,drift_p_30m_rv_15m,drift_p_30m_rv_30m,drift_p_30m_rv_60m,btc_close_lag_60m,signed_move_60m,signed_velocity_dps_60m,adverse_move_60m,drift_projected_margin_60m,drift_p_60m_rv_15m,drift_p_60m_rv_30m,drift_p_60m_rv_60m,book_minus_brownian_rv15,physics_confirmed_book,score_mean_book_rv15,score_mean_book_rv30,score_mean_book_rv15_drift5,score_min_book_rv15,score_min_book_rv15_drift5,score_regime_blend,abs_book_rv15_gap,abs_book_rv30_gap,touch_loss_rv_15m,touch_survival_rv_15m,touch_loss_rv_30m,touch_survival_rv_30m,touch_loss_rv_60m,touch_survival_rv_60m,touch_survival_min_15_30,touch_loss_max_15_30,adverse_norm_15m,touch_terminal_blend_15,touch_terminal_blend_30,book_touch_blend_15,book_touch_drift_15,hazard_discounted_book_15,hazard_discounted_mean_15,kinetic_touch_score_15,touch_margin_energy_15,blend_book_hazard_50_50,blend_book_hazard_70_30,blend_book_hazard_30_70,blend_book_rv_hazard_mean,blend_book_rv_hazard_min,blend_mean_minus_half_disagreement,blend_mean_minus_disagreement,blend_logit_book_hazard_mean,blend_logit_book_rv_hazard_mean,blend_scoremin_hazard_min,blend_hazard_kinetic_mean,blend_hazard_kinetic_min,split,selector,entry_fee_cents,entry_cost_cents,gross_pnl_cents,net_pnl_cents,fee_aware_break_even_p
KXBTC15M-26APR300045-45,KXBTC15M-26APR300045-45|2026-04-30T04:34:00+00:00,v21_native_passive_ticker_minute,KXBTC15M-26APR300045-45|2026-04-30T04:34:00+00:00|no,2026-04-30 04:34:41.053024+00:00,2026-04-30 04:34:00+00:00,no,no,True,True,1,92.0,92.0,92.0,0.92,8.0,84.0,0.0,75508.0,75682.34,618.946976,,1,synced,coinbase_close_vs_recorded_strike,C:\Users\organ\Desktop\KALSHI PROBABILITY MODEL BOT\logs\edge_research\coinbase_btc_usd_1m_cache.parquet,2026-04-30 04:45:00+00:00,-1.0,174.3399999999965,7.007616377254713,54.28076305143571,,,58.54749083537739,2.977753572569012,0.9985481532893996,73.64416920292199,2.3673293064059604,0.9910415086278004,73.50065968628374,2.371951500083349,0.9911527934018792,73.20239322049241,2.3816161238727296,0.9913815723812124,75516.89,8.889999999999418,0.1481666666666569,0.0,266.04731027732385,0.9998484319829224,0.9998525041387766,0.9998606897795386,75587.06,79.05999999999767,0.4392222222222093,0.0,446.1952662364329,0.9999999993142944,0.9999999993629504,0.999999999454058,75668.95,160.9499999999971,0.5364999999999903,0.0,506.4050526239905,0.9999999999969302,0.9999999999972063,0.9999999999977076,75641.28,133.27999999999884,0.2221333333333314,0.0,311.828754935462,0.9999885348588012,0.9999889493015208,0.9999897702552164,75680.01,172.00999999999476,0.1911222222222164,0.0,292.6345214908373,0.9999646069323916,0.9999657427571724,0.9999680071901668,75842.25,334.25,0.1856944444444444,0.0,289.2750148488854,0.9999571741307478,0.999958519127508,0.9999612034850488,75857.3,349.3000000000029,0.0970277777777785,0.0,234.39504964355257,0.9992707216322758,0.999286219187346,0.9993176469343774,-0.0710415086278003,True,0.9555207543139002,0.9555763967009396,0.970347169541577,0.92,0.92,0.9573124525877261,0.07104150862780034,0.07115279340187919,0.017916982744399235,0.9820830172556008,0.017694413196241543,0.9823055868037585,0.01723685523757501,0.982763144762425,0.9820830172556008,0.017916982744399235,0.0,0.9883539612161405,0.9884986314224429,0.9501769806080704,0.9581769806077634,0.9155207543139002,0.9510415086278003,0.9635207543132863,1.0820830172552938,0.9355207543139001,0.92931245258834,0.9417290560394602,0.9540276724185336,0.92,0.9394880033045356,0.9249483341905377,0.9372896562585998,0.9668081431061433,0.92,0.9572811314705434,0.9510415086278003,train,fallback_score_min60,1,93.0,8.0,7.0,0.93
KXBTC15M-26APR300100-00,KXBTC15M-26APR300100-00|2026-04-30T04:46:00+00:00,v21_native_passive_ticker_minute,KXBTC15M-26APR300100-00|2026-04-30T04:46:00+00:00|yes,2026-04-30 04:46:00.785149+00:00,2026-04-30 04:46:00+00:00,yes,yes,True,True,1,69.0,68.0,68.5,0.685,31.5,37.0,1.0,75492.69,75440.22,839.214851,,413,synced,coinbase_close_vs_recorded_strike,C:\Users\organ\Desktop\KALSHI PROBABILITY MODEL BOT\logs\edge_research\coinbase_btc_usd_1m_cache.parquet,2026-04-30 05:00:00+00:00,1.0,52.47000000000117,1.8112336739645771,14.029755710709765,,,231.8087389390928,0.2263503966249846,0.5895355477585519,163.1550535441626,0.3215959227753779,0.6261205834815107,127.94491648903792,0.4100983566978739,0.6591331009333936,108.52645854882768,0.4834765706133691,0.6856213041929073,75378.94,113.75,1.8958333333333333,0.0,1643.4814883541676,1.0,1.0,1.0,75414.45,78.24000000000524,0.4346666666666958,0.0,417.2487219013589,0.9947267334767976,0.9994452110793876,0.9999396432979548,75434.28,58.41000000000349,0.1947000000000116,0.0,215.86513148971093,0.9070935166039612,0.9542148963423134,0.9766524522726672,75488.0,4.690000000002328,0.0078166666666705,0.0,59.02986275198775,0.6412500884514156,0.677733180694476,0.7067522173527718,75587.06,-94.36999999999534,-0.1048555555555503,94.36999999999534,-35.52633943207228,0.4138135601416741,0.3906332225264617,0.3717008814856595,75761.91,-269.2200000000012,-0.1495666666666673,269.2200000000012,-73.04856788123271,0.3271759013700426,0.284020959618975,0.2504435701738648,75916.84,-424.1499999999942,-0.1178194444444428,424.1499999999942,-46.40582751434469,0.3880412912571701,0.3584138975386962,0.3344714720318463,0.0588794165184893,True,0.6555602917407554,0.6720665504666968,0.7394047000284907,0.6261205834815107,0.6261205834815107,0.7117548783652454,0.05887941651848938,0.02586689906660644,0.7477588330369787,0.25224116696302135,0.6817337981332128,0.3182662018667872,0.6287573916141853,0.3712426083858147,0.25224116696302135,0.7477588330369787,1.0,0.5139567585259639,0.5568730312134117,0.583728379262982,0.605937730923378,0.4980602917407554,0.4686205834815107,0.6184789950615475,0.14295051862341746,0.5768102917407554,0.6200861750444532,0.5335344084370575,0.5932470556543404,0.4686205834815107,0.5475751923300549,0.5019033290057695,0.5806839437992172,0.5960237276581866,0.4686205834815107,0.5435497892715291,0.4686205834815107,train,fallback_score_min60,2,71.0,31.0,29.0,0.71
KXBTC15M-26APR300115-15,KXBTC15M-26APR300115-15|2026-04-30T05:03:00+00:00,v21_native_passive_ticker_minute,KXBTC15M-26APR300115-15|2026-04-30T05:03:00+00:00|yes,2026-04-30 05:03:00.523643+00:00,2026-04-30 05:03:00+00:00,yes,yes,True,True,1,76.0,75.0,75.5,0.755,24.5,51.0,1.0,75525.0,75467.68,719.476357,,1389,synced,coinbase_close_vs_recorded_strike,C:\Users\organ\Desktop\KALSHI PROBABILITY MODEL BOT\logs\edge_research\coinbase_btc_usd_1m_cache.parquet,2026-04-30 05:15:00+00:00,1.0,57.320000000006985,2.1369675047881995,16.55287911486223,,,74.68655513667689,0.7674741443772712,0.7786001699334016,84.05249831657625,0.6819547443327182,0.7523662162257689,124.7372685516528,0.4595258551478637,0.67707170521354,106.78425557446444,0.5367832522841883,0.7042913292651649,75512.2,12.80000000000291,0.2133333333333818,0.0,210.8082894933752,0.9939301116832704,0.9544877907690684,0.9758177358559392,75453.94,71.05999999999767,0.3947777777777648,0.0,341.3532773801088,0.9999755885308927,0.9968959071756368,0.999304863714422,75478.58,46.419999999998254,0.1547333333333275,0.0,168.64697497313614,0.9775957692323576,0.9118151478573524,0.9428691602343646,75475.4,49.60000000000582,0.0826666666666763,0.0,116.79671217868062,0.9176700414525832,0.8254513703101964,0.8629706235381638,75462.63,62.36999999999534,0.0692999999999948,0.0,107.17971154010326,0.8988722769191466,0.8048969595165456,0.8422391811468846,75516.89,8.110000000000582,0.0045055555555558,0.0,60.56164069737944,0.7643980477450292,0.6863439671655236,0.7146905229783572,75884.83,-359.83000000000175,-0.0999527777777782,359.83000000000175,-14.59366042757948,0.4310798793393425,0.4534319325859837,0.4456478344204364,0.002633783774231,True,0.7536831081128845,0.71603585260677,0.8283206618193756,0.7523662162257689,0.7523662162257689,0.7987290187142022,0.002633783774231069,0.07792829478646002,0.49526756754846213,0.5047324324515379,0.64585658957292,0.35414341042708,0.5914173414696702,0.4085826585303298,0.35414341042708,0.64585658957292,0.0,0.6780760810934996,0.5801932167776019,0.7042880405467499,0.7265476174699856,0.6311831081128845,0.629866216225769,0.7737022619593561,0.6024920093747737,0.6924331081128845,0.7174598648677306,0.6674063513580382,0.7124108108171794,0.629866216225769,0.6832219380045317,0.6540330651918839,0.6960485081525897,0.7156105637367185,0.629866216225769,0.7017842390925626,0.629866216225769,train,hazard_primary_0.55,2,78.0,24.0,22.0,0.78
KXBTC15M-26APR300130-30,KXBTC15M-26APR300130-30|2026-04-30T05:17:00+00:00,v21_native_passive_ticker_minute,KXBTC15M-26APR300130-30|2026-04-30T05:17:00+00:00|no,2026-04-30 05:17:00.106337+00:00,2026-04-30 05:17:00+00:00,no,no,True,True,1,76.0,75.0,75.5,0.755,24.5,51.0,1.0,75529.63,75591.08,779.893663,,2109,synced,coinbase_close_vs_recorded_strike,C:\Users\organ\Desktop\KALSHI PROBABILITY MODEL BOT\logs\edge_research\coinbase_btc_usd_1m_cache.parquet,2026-04-30 05:30:00+00:00,-1.0,61.44999999999709,2.2004129461827047,17.044325390689625,,,74.10979871476923,0.8291751032343692,0.7964973345865367,117.48735417739458,0.5230350145362327,0.699525056492912,103.25623988534684,0.5951214189886213,0.7241188438903827,117.08243264386827,0.5248438951290895,0.7001541428674429,75542.48,12.849999999991269,0.2141666666665211,0.0,228.47722615905025,0.9740942310720524,0.986541548574374,0.9744965623135596,75600.57,70.94000000000233,0.394111111111124,0.0,368.8147580734516,0.9991529131045344,0.999822758953913,0.9991837692806148,75588.52,58.88999999999942,0.196299999999998,0.0,214.5431260468956,0.966082059284712,0.981134908174856,0.9665548875097484,75574.6,44.97000000000117,0.0749500000000019,0.0,119.9030300418486,0.8462687996577218,0.8772234223055726,0.8471037809441513,75512.2,-17.430000000007567,-0.019366666666675,17.430000000007567,46.34605939322387,0.653385548811654,0.6732283062547115,0.6538889371610656,75433.25,-96.38000000000466,-0.053544444444447,96.38000000000466,19.69102708891729,0.5665515050165587,0.5756199164239234,0.5667795106740927,75728.0,198.36999999999531,0.0551027777777764,0.0,104.42430720258218,0.8129482505179856,0.844066513619891,0.8137732657400527,0.055474943507088,True,0.727262528246456,0.7395594219451913,0.8068690385925413,0.699525056492912,0.699525056492912,0.7805739288048159,0.05547494350708804,0.03088115610961728,0.6009498870141761,0.39905011298582393,0.5517623122192346,0.44823768778076545,0.5996917142651141,0.40030828573488586,0.39905011298582393,0.6009498870141761,0.34860000000015134,0.6093825734407855,0.6413544970574976,0.6699412867203929,0.691049492648864,0.6047625282464559,0.577025056492912,0.7275489401033908,0.42593831891426487,0.666012528246456,0.7016075169478736,0.6304175395450384,0.6771833709952747,0.577025056492912,0.6400055700197725,0.6028277690442704,0.6721700089124765,0.6814311312432647,0.577025056492912,0.6522869982981514,0.577025056492912,train,hazard_primary_0.55,2,78.0,24.0,22.0,0.78
KXBTC15M-26APR300145-45,KXBTC15M-26APR300145-45|2026-04-30T05:31:00+00:00,v21_native_passive_ticker_minute,KXBTC15M-26APR300145-45|2026-04-30T05:31:00+00:00|yes,2026-04-30 05:31:00.501471+00:00,2026-04-30 05:31:00+00:00,yes,yes,True,True,1,77.0,76.0,76.5,0.765,23.5,53.0,1.0,75471.69,75401.12,839.498529,,2819,synced,coinbase_close_vs_recorded_strike,C:\Users\organ\Desktop\KALSHI PROBABILITY MODEL BOT\logs\edge_research\coinbase_btc_usd_1m_cache.parquet,2026-04-30 05:45:00+00:00,1.0,70.57000000000698,2.4356234552314127,18.86625815948685,,,178.505814833609,0.3953372615104306,0.6537029981655641,148.96970375009974,0.4737204829136927,0.6821503775442355,135.25705919630147,0.5217472597684327,0.6990768425554834,135.103686302695,0.522339559572767,0.6992830349585395,75392.39,79.30000000000291,1.3216666666667152,0.0,1180.1072224950476,0.9999999999999988,1.0,1.0,75363.59,108.10000000000582,0.6005555555555879,0.0,574.7355054717009,0.9999428569782208,0.9999892736625172,0.999989502271068,75411.59,60.10000000000582,0.2003333333333527,0.0,238.74953864302327,0.9454964302696064,0.9612310561334644,0.9613991010511748,75501.13,-29.44000000000233,-0.0490666666666705,29.44000000000233,29.37860551040373,0.5781691595713114,0.585975982326734,0.5860720564519625,75542.48,-70.7899999999936,-0.0786555555555484,70.7899999999936,4.53877681344629,0.5121530071072603,0.5133846633607626,0.5133998522343896,75485.99,-14.30000000000291,-0.007944444444446,14.30000000000291,63.90065057517229,0.66602042883014,0.6816931075196127,0.6818844515443427,75587.06,-115.36999999999534,-0.0320472222222209,115.36999999999534,43.666404085916405,0.6152858227342809,0.6265918332443503,0.6267306113430869,0.0828496224557645,True,0.7235751887721178,0.7320384212777418,0.7975489359379474,0.6821503775442355,0.6821503775442355,0.7762443993171919,0.08284962245576455,0.0659231574445166,0.6356992449115291,0.36430075508847093,0.6018463148890332,0.3981536851109668,0.601433930082921,0.398566069917079,0.36430075508847093,0.6356992449115291,1.0,0.586795490807506,0.6087998953221284,0.6641477454037531,0.6821973884307138,0.6060751887721177,0.5646503775442355,0.686174474826039,0.25885039811543153,0.6648251887721177,0.7048951132632706,0.6247552642809648,0.670600251696157,0.5646503775442355,0.6295006838560291,0.5884011160159011,0.6726452901139472,0.6758299179597322,0.5646503775442355,0.6254124261851373,0.5646503775442355,train,hazard_primary_0.55,2,79.0,23.0,21.0,0.79
KXBTC15M-26APR300200-00,KXBTC15M-26APR300200-00|2026-04-30T05:55:00+00:00,v21_native_passive_ticker_minute,KXBTC15M-26APR300200-00|2026-04-30T05:55:00+00:00|no,2026-04-30 05:55:00.175307+00:00,2026-04-30 05:55:00+00:00,no,no,True,True,1,77.0,75.0,76.0,0.76,24.0,52.0,2.0,75637.38,75683.98,299.824693,,3970,synced,coinbase_close_vs_recorded_strike,C:\Users\organ\Desktop\KALSHI PROBABILITY MODEL BOT\logs\edge_research\coinbase_btc_usd_1m_cache.parquet,2026-04-30 06:00:00+00:00,-1.0,46.59999999999127,2.6912386909651285,20.84624526155398,,,51.3373572446695,0.9077210534601464,0.8179871911293011,53.66148289076757,0.8684068626066384,0.8074141803405015,86.87523972131766,0.5364013975613404,0.7041594171336647,75.32545223136849,0.6186487916044027,0.7319261241691195,75661.03,23.64999999999418,0.3941666666665696,0.0,164.78089982412885,0.9989323841698068,0.9710697489313648,0.9856501113464454,75686.08,48.69999999999709,0.2705555555555394,0.0,127.71923638387533,0.9913458288868258,0.9292388143272052,0.9550158998596484,75640.58,3.1999999999970896,0.0106666666666569,0.0,49.79813005865503,0.823297539202019,0.7167501997063561,0.7457279232270497,75675.56,38.179999999993015,0.0636333333333216,0.0,65.67884463122111,0.8895140073284904,0.7751794166724435,0.8083778867833358,75657.23,19.84999999999127,0.0220555555555458,0.0,53.212800173377246,0.8393130846387188,0.7299030326817252,0.7600422600261831,75506.53,-130.85000000000582,-0.0726944444444476,130.85000000000582,24.804410511629182,0.6780448993019107,0.6123761912610753,0.6290342190331839,75439.76,-197.6200000000099,-0.0548944444444471,197.6200000000099,30.141290047029333,0.7128374659542804,0.6356852372215036,0.6554760532549438,-0.0474141803405014,True,0.7837070901702508,0.7320797085668324,0.7969039065141734,0.76,0.76,0.7868837619425543,0.04741418034050149,0.05584058286633531,0.385171639318997,0.614828360681003,0.5916811657326706,0.4083188342673294,0.536147751661761,0.463852248338239,0.4083188342673294,0.5916811657326706,0.0,0.7496384344426519,0.6154072422737641,0.742819217221326,0.7491489711415279,0.6637070901702508,0.6874141803405015,0.7723665980106547,0.6971581146012049,0.7237070901702507,0.7382242541021504,0.709189926238351,0.7516094535603344,0.6874141803405015,0.7269355775232273,0.7022617014861203,0.7251929862738431,0.7548553042395418,0.6874141803405015,0.7298903891755781,0.6874141803405015,train,hazard_primary_0.55,2,79.0,23.0,21.0,0.79
KXBTC15M-26APR300615-15,KXBTC15M-26APR300615-15|2026-04-30T10:13:00+00:00,v21_native_passive_ticker_minute,KXBTC15M-26APR300615-15|2026-04-30T10:13:00+00:00|yes,2026-04-30 10:13:26.328810+00:00,2026-04-30 10:13:00+00:00,yes,no,True,False,1,90.0,89.0,89.5,0.895,10.5,79.0,1.0,76106.93,76100.82,93.67119,,4191,synced,coinbase_close_vs_recorded_strike,C:\Users\organ\Desktop\KALSHI PROBABILITY MODEL BOT\logs\edge_research\coinbase_btc_usd_1m_cache.parquet,2026-04-30 10:15:00+00:00,1.0,6.10999999998603,0.6313034918135975,4.8900558203933056,,,12.753328141448437,0.4790906289103055,0.6840629219528924,18.10290146151172,0.3375149565375694,0.6321356303778635,29.09294220765661,0.2100165722797887,0.5831726306687689,37.09393735871919,0.1647169439280306,0.5654166100870046,76098.1,8.829999999987194,0.1471666666664532,0.0,19.89527679496604,0.8641182330069358,0.7529657960431513,0.7041411334115837,76115.49,-8.560000000012224,-0.0475555555556234,8.560000000012224,1.6554145199796697,0.5364303802572999,0.5226879302792983,0.5177979405692635,76110.17,-3.2400000000052387,-0.0108000000000174,3.2400000000052387,5.098351147984395,0.6108870396662537,0.5695558762166435,0.5546602010461035,76088.04,18.889999999999414,0.0314833333333323,0.0,9.05908129848594,0.6916108449557437,0.6222457019169969,0.5964697800329507,76093.59,13.339999999996508,0.0148222222222183,0.0,7.498415193985666,0.6606400909457801,0.6016962169637203,0.5800989606505141,76113.55,-6.620000000009895,-0.0036777777777832,6.620000000009895,5.765498178985515,0.6249413724569403,0.5785459852455123,0.5617586996432502,76042.49,64.43999999998778,0.0178999999999966,0.0,7.786714300985713,0.6664517369887597,0.6055154753946105,0.5831344701365988,0.2628643696221365,True,0.7635678151889318,0.7390863153343845,0.7126742233480391,0.6321356303778635,0.6108870396662537,0.7593180970466098,0.26286436962213655,0.3118273693312311,0.7357287392442731,0.26427126075572693,0.8336547386624622,0.1663452613375378,0.8691667798259908,0.13083322017400922,0.1663452613375378,0.8336547386624622,0.0,0.5217763194912225,0.45812441986939956,0.7031381597456113,0.6747268637122366,0.7110678151889318,0.5796356303778636,0.6962452231221825,0.3253599647223523,0.7373178151889318,0.800390689113359,0.6742449412645045,0.7022570869185758,0.5796356303778636,0.6332746792490171,0.5642922715794585,0.774180769491159,0.7314209002771667,0.5796356303778636,0.637940426750023,0.5796356303778636,train,fallback_score_min60,1,91.0,-90.0,-91.0,0.91
KXBTC15M-26APR300630-30,KXBTC15M-26APR300630-30|2026-04-30T10:20:00+00:00,v21_native_passive_ticker_minute,KXBTC15M-26APR300630-30|2026-04-30T10:20:00+00:00|no,2026-04-30 10:20:00.670423+00:00,2026-04-30 10:20:00+00:00,no,no,True,True,1,74.0,73.0,73.5,0.735,26.5,47.0,1.0,76004.23,76046.47,599.329577,,4536,synced,coinbase_close_vs_recorded_strike,C:\Users\organ\Desktop\KALSHI PROBABILITY MODEL BOT\logs\edge_research\coinbase_btc_usd_1m_cache.parquet,2026-04-30 10:30:00+00:00,-1.0,42.24000000000524,1.7254050076798817,13.364929720414125,,,65.27680372810117,0.6470905066974233,0.7412133154907959,62.657336021422765,0.6741429285401351,0.7498897753132518,62.44701949095017,0.6764133876097428,0.7506108901348765,97.22801417493774,0.4344426897787382,0.6680164983329755,76023.99,19.760000000009317,0.3293333333334886,0.0,239.61920735876487,0.9999344226453072,0.9999377673167188,0.9931399227208024,76014.15,9.919999999998254,0.0551111111111014,0.0,75.26971891022166,0.8851809073747335,0.8859634330133617,0.7805809356016535,76020.04,15.809999999997672,0.0526999999999922,0.0,73.82466870790059,0.8806472690183714,0.8814361956189352,0.7761617113627067,76115.49,111.26000000000931,0.1854333333333488,0.0,153.3756812283812,0.992814401393534,0.9929771578959656,0.9426579522372216,76112.37,108.13999999999942,0.1201555555555549,0.0,114.25277828531596,0.9658826809964958,0.9663447673692656,0.8800229302560157,76138.0,133.77000000000407,0.0743166666666689,0.0,86.78017639738994,0.9169731953603724,0.9176840514177586,0.8139490027870528,76049.36,45.13000000000466,0.0125361111111124,0.0,49.75326216945324,0.7864177880369377,0.787195366157663,0.6955755806740045,-0.0148897753132518,True,0.7424448876566259,0.7428054450674382,0.788512348110541,0.735,0.735,0.7685963863976498,0.014889775313251863,0.015610890134876487,0.5002204493734963,0.4997795506265037,0.49877821973024705,0.501221780269753,0.663967003334049,0.336032996665951,0.4997795506265037,0.5002204493734963,0.0,0.6748567079072274,0.6757941571753394,0.6916783539536138,0.7062430808554507,0.6099448876566259,0.6173897753132518,0.7450743414603002,0.5878442775283408,0.6761948876566259,0.6997169325939755,0.6526728427192763,0.7007598502088346,0.6173897753132518,0.6711277915749521,0.6414957329410697,0.6790288172631553,0.703818829950353,0.6173897753132518,0.6812320583867759,0.6173897753132518,train,hazard_primary_0.55,2,76.0,26.0,24.0,0.76
KXBTC15M-26APR300645-45,KXBTC15M-26APR300645-45|2026-04-30T10:31:00+00:00,v21_native_passive_ticker_minute,KXBTC15M-26APR300645-45|2026-04-30T10:31:00+00:00|yes,2026-04-30 10:31:00.470382+00:00,2026-04-30 10:31:00+00:00,yes,yes,True,True,1,72.0,71.0,71.5,0.715,28.5,43.0,1.0,76016.56,75967.08,839.529618,,5093,synced,coinbase_close_vs_recorded_strike,C:\Users\organ\Desktop\KALSHI PROBABILITY MODEL BOT\logs\edge_research\coinbase_btc_usd_1m_cache.parquet,2026-04-30 10:45:00+00:00,1.0,49.479999999995925,1.7077003985831378,13.22779040804852,,,110.6430258921157,0.4472039660976211,0.6726361009817649,87.79378694485337,0.5635934127215199,0.7134845645576559,81.82447770866072,0.6047090233337195,0.7273138242128087,94.81478818140069,0.5218595215899259,0.6991159282258175,75964.49,52.06999999999243,0.8678333333332072,0.0,778.0517868208901,1.0,1.0,1.0,76000.7,15.860000000000582,0.0881111111111143,0.0,123.4518874526653,0.9201613117893852,0.9343174193969506,0.9035472751275933,75977.2,39.36000000000058,0.1312000000000019,0.0,159.62628588159757,0.9654828864736807,0.9744618294656768,0.953866531821091,76011.05,5.509999999994761,0.0091833333333246,0.0,57.1896803252886,0.7426088125993472,0.7577024856975347,0.7268030563342158,76042.51,-25.94999999999709,-0.0288333333333301,25.94999999999709,25.27356268099864,0.6132784663778673,0.6212918187719345,0.6050949362929713,76086.96,-70.40000000000873,-0.0391111111111159,70.40000000000873,16.64506382932519,0.5751858581284721,0.5805981847567989,0.5696776148140288,76277.55,-260.99000000000524,-0.0724972222222236,260.99000000000524,-11.383565278288636,0.4484167111274516,0.4446769670664554,0.452217383956507,0.0015154354423441,True,0.7142422822788279,0.7211569121064043,0.7979891503437789,0.7134845645576559,0.7134845645576559,0.7646419466620329,0.0015154354423441152,0.012313824212808688,0.5730308708846883,0.4269691291153117,0.5453723515743827,0.4546276484256173,0.601768143548365,0.39823185645163495,0.4269691291153117,0.5730308708846883,0.5189999999999418,0.6275299339249526,0.6455079714766512,0.6570149669624763,0.6820632556098444,0.5717422822788278,0.5709845645576559,0.709888859573567,0.41971741776269145,0.6429922822788279,0.6717953693672967,0.6141891951903591,0.6664897097051039,0.5709845645576559,0.632722124907522,0.5989545401099401,0.6463038002866834,0.6695189932416705,0.5709845645576559,0.6404367120656114,0.5709845645576559,train,hazard_primary_0.55,2,74.0,28.0,26.0,0.74
KXBTC15M-26APR300715-15,KXBTC15M-26APR300715-15|2026-04-30T11:03:00+00:00,v21_native_passive_ticker_minute,KXBTC15M-26APR300715-15|2026-04-30T11:03:00+00:00|yes,2026-04-30 11:03:00.685496+00:00,2026-04-30 11:03:00+00:00,yes,yes,True,True,1,72.0,71.0,71.5,0.715,28.5,43.0,1.0,76053.16,76009.5,719.314504,,6883,synced,coinbase_close_vs_recorded_strike,C:\Users\organ\Desktop\KALSHI PROBABILITY MODEL BOT\logs\edge_research\coinbase_btc_usd_1m_cache.parquet,2026-04-30 11:15:00+00:00,1.0,43.66000000000349,1.627887253805099,12.60956044698095,,,44.733149237653336,0.9760099779260224,0.8354702401206948,56.6332472024854,0.7709252454464139,0.7796243788331116,67.28618985092456,0.6488701484916013,0.7417888444353828,72.5796478834815,0.6015460431840994,0.7262618227977922,76028.0,25.16000000000349,0.4193333333333915,0.0,345.2925486773788,0.999999999459591,0.9999998564316432,0.9999990196308772,75994.3,58.86000000000058,0.3270000000000032,0.0,278.8758428080058,0.9999995765611832,0.9999829812868152,0.9999390671138692,75995.09,58.070000000006985,0.1935666666666899,0.0,182.89531082428687,0.9993798981637018,0.9967177961525506,0.9941310174726776,76002.06,51.10000000000582,0.0851666666666763,0.0,104.92161859067714,0.9680337715331018,0.94054128185752,0.925856213919528,76022.0,31.16000000000349,0.0346222222222261,0.0,68.56426660516183,0.8869893632905659,0.8458972437072889,0.8275878966371925,76051.25,1.9100000000034925,0.001061111111113,0.0,44.42327261258266,0.7835980757822889,0.7454416884339572,0.7297517594504123,76088.04,-34.879999999990105,-0.0096888888888861,34.879999999990105,36.69064169458325,0.741463539511525,0.7072237528800296,0.6934040341076468,-0.0646243788331116,True,0.7473121894165557,0.7283944222176915,0.8313347589989378,0.715,0.715,0.7912632932826739,0.06462437883311167,0.026788844435382875,0.4407512423337767,0.5592487576662233,0.5164223111292343,0.4835776888707657,0.5474763544044157,0.45252364559558433,0.4835776888707657,0.5164223111292343,0.0,0.7135116924830451,0.6643254977659976,0.7000058462415226,0.7284438360578926,0.6048121894165558,0.6371243788331116,0.7756881690492962,0.6591867474825934,0.6760621894165557,0.6916373136499334,0.660487065183178,0.7105829192220744,0.6371243788331116,0.6814533367443794,0.6523237542666842,0.6772907882668281,0.7141023255954768,0.6371243788331116,0.7064062739412038,0.6371243788331116,train,hazard_primary_0.55,2,74.0,28.0,26.0,0.74
KXBTC15M-26APR300730-30,KXBTC15M-26APR300730-30|2026-04-30T11:22:00+00:00,v21_native_passive_ticker_minute,KXBTC15M-26APR300730-30|2026-04-30T11:22:00+00:00|no,2026-04-30 11:22:00.593311+00:00,2026-04-30 11:22:00+00:00,no,no,True,True,1,79.0,78.0,78.5,0.785,21.5,57.0,1.0,76086.14,76141.65,479.406689,,7826,synced,coinbase_close_vs_recorded_strike,C:\Users\organ\Desktop\KALSHI PROBABILITY MODEL BOT\logs\edge_research\coinbase_btc_usd_1m_cache.parquet,2026-04-30 11:30:00+00:00,-1.0,55.50999999999476,2.5352406089739183,19.63788931436947,,,53.60087262975225,1.0356174680854506,0.8498096803244379,84.37846373647535,0.6578692896490689,0.7446889370827813,70.04441673622952,0.7924971409074918,0.7859645708989769,67.45618613945243,0.8229045129417594,0.7947188519313686,76113.46,27.320000000006985,0.4553333333334498,0.0,273.7998457247172,0.9994125447474806,0.9999536501684274,0.9999753508124783,76118.34,32.19999999999709,0.1788888888888727,0.0,141.2705299210981,0.9529591301684044,0.978145494361284,0.9818814140435888,76126.57,40.43000000000757,0.1347666666666919,0.0,120.11804145424018,0.9227134634857656,0.9568167410634144,0.9625178226286568,76161.72,75.58000000000175,0.1259666666666695,0.0,115.8992625910295,0.9152115383053152,0.9510026314785268,0.9571145817413744,76080.35,-5.789999999993597,-0.0064333333333262,5.789999999993597,52.42581696743151,0.732804632403608,0.7729102329167663,0.7814746640748136,76021.45,-64.69000000000233,-0.0359388888888901,64.69000000000233,38.28065627143303,0.6749697135108917,0.7076456380731054,0.7148090647289974,76009.33,-76.80999999999767,-0.0213361111111104,76.80999999999767,45.28132561608118,0.7042437569833775,0.7410111569838893,0.7489757833008409,0.0403110629172187,True,0.7648444685413907,0.7854822854494885,0.8174674668561823,0.7446889370827813,0.7446889370827813,0.8004493738219876,0.040311062917218754,0.0009645708989768353,0.5106221258344374,0.48937787416556255,0.42807085820204627,0.5719291417979537,0.4105622961372628,0.5894377038627372,0.48937787416556255,0.5106221258344374,0.11579999999987195,0.6680956182076156,0.7217539421686698,0.7157978091038079,0.7295691554523844,0.6573444685413907,0.6371889370827812,0.7650971612385502,0.5584892205141647,0.7110944685413907,0.7406566811248343,0.6815322559579469,0.7222926247218542,0.6371889370827812,0.6910990792204056,0.659905533718957,0.7168956727244338,0.7263610917405151,0.6371889370827812,0.7011430491606657,0.6371889370827812,train,hazard_primary_0.55,2,81.0,21.0,19.0,0.81
KXBTC15M-26APR300745-45,KXBTC15M-26APR300745-45|2026-04-30T11:33:00+00:00,v21_native_passive_ticker_minute,KXBTC15M-26APR300745-45|2026-04-30T11:33:00+00:00|no,2026-04-30 11:33:00.184780+00:00,2026-04-30 11:33:00+00:00,no,no,True,True,1,81.0,80.0,80.5,0.805,19.5,61.0,1.0,76013.91,76087.38,719.81522,,8399,synced,coinbase_close_vs_recorded_strike,C:\Users\organ\Desktop\KALSHI PROBABILITY MODEL BOT\logs\edge_research\coinbase_btc_usd_1m_cache.parquet,2026-04-30 11:45:00+00:00,-1.0,73.47000000000116,2.7384166531002325,21.211684184868503,,,68.53454039692035,1.0720141927631952,0.8581431712935661,59.781667563599605,1.2289720744547483,0.8904588618168052,88.88313211561024,0.8265910330931945,0.7957655492601847,78.1888206399476,0.9396483972858964,0.8263010287565025,76060.6,46.69000000000233,0.7781666666667054,0.0,633.6062103633624,1.0,0.9999999999994929,0.9999999999999998,76082.6,68.69000000000233,0.381611111111124,0.0,348.15948589889933,0.9999999971246464,0.9999551800284396,0.9999957621923022,76080.56,66.64999999999418,0.2221666666666472,0.0,233.3889480433205,0.9999526964211408,0.9956776659767996,0.9985818308159372,76096.23,82.31999999999243,0.1371999999999874,0.0,172.22864818399208,0.9980176760468308,0.973669947801648,0.98619301183227,76144.21,130.3000000000029,0.144777777777781,0.0,177.68324796222572,0.9985216441038136,0.9771993937185374,0.988471509247564,76053.16,39.25,0.0218055555555555,0.0,89.16597076944561,0.9320884049303486,0.8421135059197603,0.8729386615310679,76051.25,37.33999999999651,0.0103722222222212,0.0,80.93608342077825,0.9121096765531072,0.8187442560041406,0.849697359721677,-0.0854588618168051,True,0.8477294309084027,0.8003827746300924,0.8984705194126487,0.805,0.805,0.8696281978292698,0.08545886181680518,0.009234450739815325,0.21908227636638955,0.7809177236336104,0.40846890147963055,0.5915310985203694,0.34739794248699507,0.6526020575130049,0.5915310985203694,0.40846890147963055,0.0,0.8575965203618467,0.7344952140382401,0.8215482601809235,0.8410435298230374,0.7502294309084027,0.7929588618168053,0.8672199701926309,0.8809129932757245,0.7989794309084026,0.8013876585450416,0.7965712032717636,0.8294725745445369,0.7929588618168053,0.8077710282147305,0.7860694818849239,0.7990469292203096,0.8346172975219744,0.7929588618168053,0.8300894160047181,0.7929588618168053,train,fallback_score_min60,2,83.0,19.0,17.0,0.83
KXBTC15M-26APR300800-00,KXBTC15M-26APR300800-00|2026-04-30T11:48:00+00:00,v21_native_passive_ticker_minute,KXBTC15M-26APR300800-00|2026-04-30T11:48:00+00:00|yes,2026-04-30 11:48:00.720245+00:00,2026-04-30 11:48:00+00:00,yes,yes,True,True,1,66.0,65.0,65.5,0.655,34.5,31.0,1.0,75954.66,75916.34,719.279755,,9117,synced,coinbase_close_vs_recorded_strike,C:\Users\organ\Desktop\KALSHI PROBABILITY MODEL BOT\logs\edge_research\coinbase_btc_usd_1m_cache.parquet,2026-04-30 12:00:00+00:00,1.0,38.320000000006985,1.4288169119965777,11.067568209884508,,,76.3907981645076,0.501631098519024,0.6920364801503675,102.49377903524136,0.3738763499668703,0.6457518437284592,82.83653106120983,0.4625978358713676,0.6781736699215786,84.74483940667652,0.4521809265118271,0.674430676190442,75914.97,39.69000000000233,0.6615000000000388,0.0,514.1235579325349,0.9999997364059316,0.9999999997290834,0.9999999993472724,75900.24,54.419999999998254,0.3023333333333236,0.0,255.7822459283333,0.9937125721456952,0.9989917631941232,0.998728860782906,75914.86,39.80000000000291,0.1326666666666763,0.0,133.74444749668064,0.904037073090426,0.9467968596623412,0.9427403572065576,76086.71,-132.0500000000029,-0.2200833333333381,132.0500000000029,-119.98148607957984,0.1208753486945014,0.0737508283801237,0.0784174798351131,76013.91,-59.25,-0.0658333333333333,59.25,-9.032583870826343,0.4648874241248829,0.4565849582211153,0.4575588513165262,76144.21,-189.5500000000029,-0.1053055555555571,189.5500000000029,-37.424154200133074,0.3575049967034931,0.3257125819486184,0.32938578440779,76022.0,-67.33999999999651,-0.0187055555555545,67.33999999999651,24.86547258286879,0.5958441803050417,0.6179782409786915,0.615397814775434,0.0092481562715408,True,0.6503759218642295,0.6665868349607893,0.7349296389396284,0.6457518437284592,0.6457518437284592,0.702032967736623,0.009248156271540853,0.023173669921578544,0.7084963125430817,0.29150368745691835,0.6436526601568429,0.35634733984315714,0.6511386476191161,0.3488613523808839,0.29150368745691835,0.7084963125430817,1.0,0.5394773968469969,0.5816257708980521,0.5799886984234985,0.604892405732541,0.4778759218642296,0.47325184372845913,0.6156833364823149,0.18190739476596096,0.5641259218642296,0.6004755531185377,0.5277762906099214,0.5913345624856394,0.47325184372845913,0.5495433583663888,0.5077521542471382,0.5663557645440719,0.5934238978313743,0.47325184372845913,0.544467590105387,0.47325184372845913,train,fallback_score_min60,2,68.0,34.0,32.0,0.68
KXBTC15M-26APR300815-15,KXBTC15M-26APR300815-15|2026-04-30T12:02:00+00:00,v21_native_passive_ticker_minute,KXBTC15M-26APR300815-15|2026-04-30T12:02:00+00:00|yes,2026-04-30 12:02:00.847574+00:00,2026-04-30 12:02:00+00:00,yes,yes,True,True,1,75.0,74.0,74.5,0.745,25.5,49.0,1.0,76100.22,76033.74,779.152426,,9794,synced,coinbase_close_vs_recorded_strike,C:\Users\organ\Desktop\KALSHI PROBABILITY MODEL BOT\logs\edge_research\coinbase_btc_usd_1m_cache.parquet,2026-04-30 12:15:00+00:00,1.0,66.47999999999593,2.3816601886976123,18.448260494302133,,,80.9887056897589,0.8208551974476409,0.7941356233000987,96.95058004294152,0.6857101831732259,0.7535520580011934,106.91200032931948,0.6218198125113977,0.7329698214671397,97.43546499033364,0.6822977650549651,0.7524746570050136,76048.81,51.41000000000349,0.8568333333333915,0.0,734.0837703443746,0.9999999999999816,0.9999999999967042,0.9999999999999754,76008.76,91.4600000000064,0.5081111111111467,0.0,462.37600489980144,0.9999990751719776,0.9999923674515484,0.9999989598297824,76006.57,93.64999999999418,0.3121666666666473,0.0,309.7054156496475,0.9992995531757028,0.998115203554002,0.999259981826379,75997.6,102.61999999999534,0.1710333333333255,0.0,199.7410365935232,0.9803119885111112,0.969138137777194,0.9798169499906668,75914.97,185.25,0.2058333333333333,0.0,226.8555410183293,0.9903557821529472,0.983076526194232,0.9900509703072016,76060.6,39.61999999999534,0.0220111111111085,0.0,83.63001062117169,0.8058225336616196,0.7829609418170123,0.8046398459388612,76028.0,72.22000000000116,0.0200611111111114,0.0,82.11066339047396,0.8014838174098631,0.7787626510958284,0.8003070351286938,-0.0085520580011934,True,0.7492760290005966,0.7389849107335699,0.832617203725632,0.745,0.745,0.7984255280354986,0.008552058001193408,0.012030178532860258,0.4928958839976132,0.5071041160023868,0.5340603570657205,0.4659396429342795,0.4950506859899728,0.5049493140100272,0.4659396429342795,0.5340603570657205,0.0,0.6796176754015514,0.6528607679072816,0.6995588377007758,0.7249887930183461,0.6217760290005967,0.6260520580011933,0.7746359396357373,0.6070340713199571,0.6855260290005967,0.709315617400358,0.6617364406008354,0.7082013720007955,0.6260520580011933,0.6791047892490705,0.6500082064973455,0.6886292713474587,0.7112976960505543,0.6260520580011933,0.7003439988184653,0.6260520580011933,train,hazard_primary_0.55,2,77.0,25.0,23.0,0.77
KXBTC15M-26APR300830-30,KXBTC15M-26APR300830-30|2026-04-30T12:17:00+00:00,v21_native_passive_ticker_minute,KXBTC15M-26APR300830-30|2026-04-30T12:17:00+00:00|yes,2026-04-30 12:17:00.585678+00:00,2026-04-30 12:17:00+00:00,yes,yes,True,True,1,76.0,75.0,75.5,0.755,24.5,51.0,1.0,76179.64,76107.71,779.414322,,10582,synced,coinbase_close_vs_recorded_strike,C:\Users\organ\Desktop\KALSHI PROBABILITY MODEL BOT\logs\edge_research\coinbase_btc_usd_1m_cache.parquet,2026-04-30 12:30:00+00:00,1.0,71.92999999999302,2.576474623888772,19.957286620494465,,,92.96636054737203,0.7737207262549586,0.7804520197073115,81.68810736391657,0.8805443328433151,0.8107177500646993,89.09827712352221,0.8073107844753519,0.7902562738727656,89.82256360302847,0.8008010138509096,0.7883765740048057,76131.89,47.75,0.7958333333333333,0.0,692.2138979249929,1.0,0.999999999999996,0.9999999999999936,76091.97,87.66999999999825,0.4870555555555458,0.0,451.5480756096521,0.9999999837780074,0.999999798967682,0.999999751039044,76112.41,67.22999999999593,0.2240999999999864,0.0,246.5967495601824,0.9987309403243446,0.9971772765847726,0.9969779238190865,76117.15,62.49000000000524,0.1041500000000087,0.0,153.10600163629982,0.9695537546890104,0.9571376711149256,0.955859718285642,76100.22,79.41999999999825,0.0882444444444425,0.0,140.70898383692483,0.9575118589244882,0.9428613188021688,0.9413867191795716,75914.97,264.66999999999825,0.1470388888888879,0.0,186.53421589095893,0.988799325672739,0.9818512170215292,0.981085216468793,76126.57,53.06999999999243,0.0147416666666645,0.0,83.41986613014137,0.8464200694232583,0.8254323913401531,0.8234824746286709,-0.0557177500646992,True,0.7828588750323496,0.7726281369363828,0.8548162301296812,0.755,0.755,0.8204615130842787,0.055717750064699256,0.03525627387276564,0.3785644998706015,0.6214355001293985,0.4194874522544687,0.5805125477455313,0.4232468519903887,0.5767531480096113,0.5805125477455313,0.4194874522544687,0.0,0.753933075084109,0.7273331560345953,0.7422165375420546,0.766589631574489,0.6603588750323497,0.6882177500646993,0.8071050630972186,0.721308594161833,0.7216088750323497,0.7349653250194097,0.7082524250452895,0.7513118333764662,0.6882177500646993,0.7262726493183338,0.7012334652602014,0.7228474040838718,0.7547262484566486,0.6882177500646993,0.747661406580959,0.6882177500646993,train,hazard_primary_0.55,2,78.0,24.0,22.0,0.78
KXBTC15M-26APR300845-45,KXBTC15M-26APR300845-45|2026-04-30T12:31:00+00:00,v21_native_passive_ticker_minute,KXBTC15M-26APR300845-45|2026-04-30T12:31:00+00:00|yes,2026-04-30 12:31:00.830089+00:00,2026-04-30 12:31:00+00:00,yes,no,True,False,1,66.0,65.0,65.5,0.655,34.5,31.0,1.0,76375.04,76325.56,839.169911,,11187,synced,coinbase_close_vs_recorded_strike,C:\Users\organ\Desktop\KALSHI PROBABILITY MODEL BOT\logs\edge_research\coinbase_btc_usd_1m_cache.parquet,2026-04-30 12:45:00+00:00,1.0,49.479999999995925,1.7080663590203558,13.230625125405954,,,111.7536696622096,0.4427595098179401,0.6710301534050265,116.0762316587679,0.4262715914611484,0.6650450220369786,102.7731007461262,0.4814489359645107,0.6849012680737352,105.85464814895003,0.4674334180429347,0.6799050909342517,76315.02,60.01999999998952,1.0003333333331588,0.0,888.9296343035161,0.9999999999999906,1.0,1.0,76308.75,66.2899999999936,0.3682777777777422,0.0,358.52763000102163,0.9989949150078328,0.9997571630109424,0.999646667958914,76323.99,51.04999999998836,0.1701666666666278,0.0,192.27874652179668,0.951188362845961,0.969320901014212,0.965348641728736,76207.31,167.72999999999593,0.2795499999999932,0.0,284.06994862004024,0.9928028637393824,0.9971455570203782,0.9963581274152848,76131.89,243.14999999999415,0.2701666666666602,0.0,276.1957376218238,0.9913303772167112,0.9963998138095456,0.9954622644964142,76048.81,326.2299999999959,0.1812388888888866,0.0,201.57022225862175,0.9587651944523324,0.9750787412459898,0.9715590367654264,76075.08,299.95999999999185,0.0833222222222199,0.0,119.40150180653846,0.8481772777370333,0.8773410763763048,0.8703349708936599,-0.0100450220369785,True,0.6600225110184893,0.6699506340368676,0.7570777949609798,0.655,0.655,0.7172511791802858,0.010045022036978546,0.029901268073735165,0.6699099559260429,0.33009004407395715,0.6301974638525296,0.3698025361474704,0.6401898181314967,0.35981018186850333,0.33009004407395715,0.6699099559260429,0.0,0.5645585286480721,0.5903716484958558,0.5925292643240362,0.6221481006086322,0.4875225110184893,0.4925450220369786,0.6847601835876815,0.42520888035855325,0.5737725110184893,0.6062635066110935,0.541281515425885,0.6041966813579857,0.4925450220369786,0.5646686419665581,0.5251406025751304,0.5758192989879511,0.6064408373441164,0.4925450220369786,0.58865260281233,0.4925450220369786,train,fallback_score_min60,2,68.0,-66.0,-68.0,0.68
KXBTC15M-26APR300900-00,KXBTC15M-26APR300900-00|2026-04-30T12:48:00+00:00,v21_native_passive_ticker_minute,KXBTC15M-26APR300900-00|2026-04-30T12:48:00+00:00|yes,2026-04-30 12:48:00.866208+00:00,2026-04-30 12:48:00+00:00,yes,yes,True,True,1,74.0,73.0,73.5,0.735,26.5,47.0,1.0,76289.7,76245.9,719.133792,,12128,synced,coinbase_close_vs_recorded_strike,C:\Users\organ\Desktop\KALSHI PROBABILITY MODEL BOT\logs\edge_research\coinbase_btc_usd_1m_cache.parquet,2026-04-30 13:00:00+00:00,1.0,43.80000000000291,1.633312411112675,12.651583534786544,,,124.7381327221266,0.3511356074054287,0.6372566921275347,81.07237896271423,0.5402579837967608,0.7054904350444186,97.10407648782144,0.4510624227551991,0.6740277201414784,90.00411958000164,0.4866443914388892,0.6867448203871838,76272.99,16.70999999999185,0.2784999999998642,0.0,244.07876107190523,0.998696459118283,0.9940243485124202,0.9966546790039476,76220.1,69.59999999999127,0.3866666666666181,0.0,321.86506623996803,0.9999640780467705,0.9995411940865624,0.9998256307386936,76274.49,15.209999999991853,0.0506999999999728,0.0,80.26008325438337,0.8389082019400413,0.7957501467445762,0.8137332789837259,76304.49,-14.790000000008147,-0.0246500000000135,14.790000000008147,26.073352027193145,0.6261243474453265,0.605846358894144,0.6139735455347791,76366.01,-76.30999999999767,-0.0847888888888863,76.30999999999767,-17.174555186128565,0.4161150528065292,0.4298062339308111,0.424333443976999,76187.16,102.5399999999936,0.0569666666666631,0.0,84.76665501760036,0.8521196492366925,0.8086538560074099,0.8268546826246679,75954.66,335.0399999999936,0.0930666666666648,0.0,110.72738490880162,0.913996667152812,0.8729184872163288,0.8906978682289479,0.0295095649555814,True,0.7202452175222093,0.7045138600707392,0.7597995456614867,0.7054904350444186,0.7054904350444186,0.7469287709013338,0.029509564955581435,0.060972279858521605,0.5890191299111629,0.4109808700888371,0.6519445597170435,0.34805544028295654,0.6265103592256325,0.3734896407743675,0.34805544028295654,0.6519445597170435,1.0,0.617137565557744,0.5762360361839218,0.6628187827788721,0.6732096029728762,0.5877452175222093,0.5729904350444186,0.6645268579102175,0.2948716902828412,0.6539952175222092,0.6863971305133255,0.621593304531093,0.6711602900296123,0.5729904350444186,0.6359331841620482,0.6007060782944842,0.6586090122811458,0.6746432306788931,0.5729904350444186,0.618758646477318,0.5729904350444186,train,hazard_primary_0.55,2,76.0,26.0,24.0,0.76
KXBTC15M-26APR300915-15,KXBTC15M-26APR300915-15|2026-04-30T13:11:00+00:00,v21_native_passive_ticker_minute,KXBTC15M-26APR300915-15|2026-04-30T13:11:00+00:00|no,2026-04-30 13:11:00.476227+00:00,2026-04-30 13:11:00+00:00,no,no,True,True,1,74.0,71.0,72.5,0.725,27.5,45.0,3.0,76258.3,76295.34,239.523773,,13419,synced,coinbase_close_vs_recorded_strike,C:\Users\organ\Desktop\KALSHI PROBABILITY MODEL BOT\logs\edge_research\coinbase_btc_usd_1m_cache.parquet,2026-04-30 13:15:00+00:00,-1.0,37.0399999999936,2.393297383207283,18.538401815367195,,,42.04231865342022,0.8810170605797529,0.8108457069993869,44.87814783044616,0.825346004472693,0.7954124097307875,54.40271839523622,0.6808483306091008,0.7520162675174936,53.48554308405817,0.6925235842100609,0.7556957098046457,76296.3,38.0,0.6333333333333333,0.0,188.73838956666023,0.9999869790049584,0.9997390746268712,0.9997912551857768,76304.52,46.22000000000117,0.2567777777777842,0.0,98.54438215588404,0.9859476231823628,0.9649595240771436,0.9672952456189104,76291.95,33.64999999999418,0.1121666666666472,0.0,63.90658320482228,0.9227770887184384,0.879941553262193,0.883924922044349,76304.96,46.66000000000349,0.0777666666666725,0.0,55.666965413628326,0.892586716043277,0.8469024941758203,0.851012391111546,76299.57,41.27000000000408,0.04585555555556,0.0,48.02349567967246,0.8577097900696723,0.8113118164310488,0.8153747187478411,76303.12,44.81999999999243,0.0248999999999957,0.0,43.00414194769259,0.8310297173176846,0.7853756131827219,0.7893110431108514,76094.88,-163.41999999999825,-0.0453944444444439,163.41999999999825,26.16695139342149,0.7200757839233386,0.6847368113757724,0.6876620139305161,-0.0704124097307875,True,0.7602062048653937,0.7385081337587468,0.8143964994830752,0.725,0.725,0.7856791406629239,0.07041240973078755,0.027016267517493642,0.40917518053842494,0.5908248194615751,0.49596746496501276,0.5040325350349872,0.48860858039070854,0.5113914196092915,0.5040325350349872,0.49596746496501276,0.0,0.7340361326500238,0.6776211477727416,0.7157680663250119,0.7355457751968557,0.6227062048653937,0.6579124097307875,0.7722616226090814,0.6831025283334189,0.6914562048653937,0.7048737229192362,0.6780386868115512,0.7261082731538583,0.6579124097307875,0.6980384681965806,0.6699686632393028,0.6924722363298096,0.7298293009761261,0.6579124097307875,0.7150870161699344,0.6579124097307875,train,hazard_primary_0.55,2,76.0,26.0,24.0,0.76
KXBTC15M-26APR300930-30,KXBTC15M-26APR300930-30|2026-04-30T13:24:00+00:00,v21_native_passive_ticker_minute,KXBTC15M-26APR300930-30|2026-04-30T13:24:00+00:00|no,2026-04-30 13:24:00.039447+00:00,2026-04-30 13:24:00+00:00,no,no,True,True,1,78.0,77.0,77.5,0.775,22.5,55.0,1.0,76242.66,76294.03,359.960553,,14156,synced,coinbase_close_vs_recorded_strike,C:\Users\organ\Desktop\KALSHI PROBABILITY MODEL BOT\logs\edge_research\coinbase_btc_usd_1m_cache.parquet,2026-04-30 13:30:00+00:00,-1.0,51.36999999999534,2.7075850692614254,20.97286376337871,,,64.72317816472275,0.7936878481037642,0.7863114118375689,50.311722540253086,1.0210344111930487,0.846380932170759,49.09565583712927,1.0463247536688585,0.8522944397514279,65.27203911609094,0.7870138683522689,0.7843631260999491,76298.21,55.55000000000291,0.9258333333333818,0.0,384.6334786525128,0.9999999999999896,0.9999999999999976,0.99999999810119,76295.94,53.27999999999884,0.2959999999999935,0.0,157.91832368799302,0.9991517876718206,0.9993512761935728,0.9922266551417284,76307.24,64.58000000000175,0.2152666666666725,0.0,128.85750837579744,0.994784174411869,0.9956627317165196,0.9758182755864926,76288.0,45.33999999999651,0.0755666666666608,0.0,78.57101912169324,0.940818791503693,0.945241295184247,0.8856563034918843,76285.62,42.95999999999185,0.0477333333333242,0.0,68.55211706319209,0.9134874344212128,0.9186874619014584,0.8531989628659982,76290.75,48.08999999999651,0.0267166666666647,0.0,60.98694610764464,0.8872785701473924,0.892919821385734,0.8249383744028655,76230.48,-12.180000000007569,-0.0033833333333354,12.180000000007569,50.15213346234459,0.8405759962095158,0.846495637151389,0.7788620094724662,-0.071380932170759,True,0.8106904660853795,0.813647219875714,0.8720550355275427,0.775,0.775,0.8403711145336015,0.07138093217075903,0.07729443975142791,0.3072381356584819,0.6927618643415181,0.29541112049714413,0.7045888795028559,0.43127374780010186,0.5687262521998981,0.6927618643415181,0.3072381356584819,0.0,0.8002952118219868,0.8079827716768563,0.7763976059109934,0.7983760233521804,0.6981904660853795,0.7338809321707591,0.8321473009677534,0.792240281782705,0.7544404660853796,0.7626642796512277,0.7462166525195313,0.7850872881138393,0.7338809321707591,0.7618480341953838,0.7386087802769283,0.7550227988763228,0.7890518596915728,0.7338809321707591,0.7830141165692562,0.7338809321707591,train,hazard_primary_0.55,2,80.0,22.0,20.0,0.8
KXBTC15M-26APR300945-45,KXBTC15M-26APR300945-45|2026-04-30T13:33:00+00:00,v21_native_passive_ticker_minute,KXBTC15M-26APR300945-45|2026-04-30T13:33:00+00:00|yes,2026-04-30 13:33:00.996553+00:00,2026-04-30 13:33:00+00:00,yes,yes,True,True,1,72.0,71.0,71.5,0.715,28.5,43.0,1.0,76223.33,76141.08,719.003447,,14569,synced,coinbase_close_vs_recorded_strike,C:\Users\organ\Desktop\KALSHI PROBABILITY MODEL BOT\logs\edge_research\coinbase_btc_usd_1m_cache.parquet,2026-04-30 13:45:00+00:00,1.0,82.25,3.067400050541196,23.759978623803686,,,204.3857585309056,0.4024252990580202,0.6563144728612338,133.7586295617762,0.6149135967486343,0.7306941085125086,101.42261135941337,0.8109631461620429,0.7913065823998786,96.07056057162652,0.8561415641858106,0.8040402597165452,76112.66,110.66999999999824,1.844499999999971,0.0,1408.4518579914793,1.0,1.0,1.0,76148.01,75.32000000000698,0.4184444444444832,0.0,383.1129979335835,0.9979097557666609,0.999920760521,0.9999666596959672,76175.3,48.02999999999884,0.1600999999999961,0.0,197.3624518646972,0.9299625165496423,0.9741691065905902,0.9800290331948472,76298.21,-74.88000000000466,-0.1248000000000077,74.88000000000466,-7.481630185605596,0.4776972670152749,0.4705979382734695,0.4689631829900446,76300.64,-77.30999999999767,-0.0858999999999974,77.30999999999767,20.487603902701856,0.5608672870617383,0.5800425490326857,0.5844362750796569,76332.18,-108.84999999999128,-0.0604722222222173,108.84999999999128,38.77026377447571,0.6140354322088515,0.6488674079835192,0.6567319560450207,76366.01,-142.67999999999302,-0.0396333333333313,142.67999999999302,53.753496717234725,0.6561099184780173,0.7019423689753235,0.7120969004275914,-0.0156941085125086,True,0.7228470542562543,0.7531532911999392,0.7918855416873836,0.715,0.715,0.762700735863681,0.01569410851250863,0.07630658239987864,0.5386117829749828,0.4613882170250172,0.4173868352002428,0.5826131647997572,0.3919194805669095,0.6080805194330905,0.4613882170250172,0.5386117829749828,1.0,0.6499023410662611,0.7286985571198421,0.6682011705331306,0.6896974221880948,0.5803470542562543,0.5881941085125086,0.6873395575661827,0.3543844686799814,0.6515970542562544,0.6769582325537525,0.6262358759587561,0.677962739008339,0.5881941085125086,0.6460634664818291,0.6141641939553192,0.6543349504264407,0.6809516044737512,0.5881941085125086,0.6377668330393457,0.5881941085125086,train,hazard_primary_0.55,2,74.0,28.0,26.0,0.74
KXBTC15M-26APR301000-00,KXBTC15M-26APR301000-00|2026-04-30T13:49:00+00:00,v21_native_passive_ticker_minute,KXBTC15M-26APR301000-00|2026-04-30T13:49:00+00:00|no,2026-04-30 13:49:00.577166+00:00,2026-04-30 13:49:00+00:00,no,no,True,True,1,75.0,74.0,74.5,0.745,25.5,49.0,1.0,76432.45,76561.03,659.422834,,15324,synced,coinbase_close_vs_recorded_strike,C:\Users\organ\Desktop\KALSHI PROBABILITY MODEL BOT\logs\edge_research\coinbase_btc_usd_1m_cache.parquet,2026-04-30 14:00:00+00:00,-1.0,128.58000000000175,5.007159556213325,38.78529114603506,,,226.5684439371083,0.5675106284249075,0.7148163461775314,212.9337039485501,0.603849919555571,0.7270282864370027,175.863623094247,0.7311347152850052,0.7676515641234868,135.3336716095611,0.950096147328037,0.8289682996753724,76462.01,29.55999999999767,0.4926666666666278,0.0,453.4556495506428,0.9833961287211636,0.995037774336026,0.9995968880806894,76623.69,191.24000000000524,1.0624444444444736,0.0,829.180126523132,0.9999507132239508,0.999998790877208,0.9999999995520495,76540.1,107.65000000000872,0.3588333333333624,0.0,365.2028936003543,0.9568366810855384,0.9810819337228496,0.9965177481687142,76294.74,-137.70999999999185,-0.229516666666653,137.70999999999185,-22.768530783555946,0.4574231324201728,0.4484940787095533,0.4331972547872904,76251.99,-180.45999999999185,-0.200511111111102,180.45999999999185,-3.6416051373700498,0.4931775974625282,0.4917396991037175,0.489266418756434,76307.24,-125.20999999999184,-0.0695611111111065,125.20999999999184,82.70981497492696,0.6511510354731094,0.680931993039569,0.7294514285182983,76298.16,-134.2899999999936,-0.037302777777776,134.2899999999936,103.98169656170847,0.6873415780444985,0.7228279739454263,0.7788561263330744,0.0179717135629973,True,0.7360141432185013,0.7563257820617434,0.809621655840847,0.7270282864370027,0.7270282864370027,0.7819758221482085,0.017971713562997316,0.02265156412348679,0.5459434271259946,0.45405657287400536,0.46469687175302643,0.5353031282469736,0.3420634006492551,0.6579365993507449,0.45405657287400536,0.5459434271259946,1.0,0.6451367723681034,0.6979470333605329,0.6823183861840517,0.7035020542926056,0.6085141432185013,0.5995282864370026,0.702881479435609,0.3497402409825592,0.6722641432185013,0.7013584859311007,0.6431698005059018,0.6905188576246685,0.5995282864370026,0.6581403445439981,0.6257618314633276,0.6765168539375965,0.6938978665239303,0.5995282864370026,0.6512048829363057,0.5995282864370026,train,hazard_primary_0.55,2,77.0,25.0,23.0,0.77
KXBTC15M-26APR301015-15,KXBTC15M-26APR301015-15|2026-04-30T14:03:00+00:00,v21_native_passive_ticker_minute,KXBTC15M-26APR301015-15|2026-04-30T14:03:00+00:00|yes,2026-04-30 14:03:00.428125+00:00,2026-04-30 14:03:00+00:00,yes,no,True,False,1,80.0,79.0,79.5,0.795,20.5,59.0,1.0,76526.41,76401.2,719.571875,,16074,synced,coinbase_close_vs_recorded_strike,C:\Users\organ\Desktop\KALSHI PROBABILITY MODEL BOT\logs\edge_research\coinbase_btc_usd_1m_cache.parquet,2026-04-30 14:15:00+00:00,1.0,125.2100000000064,4.667689143523361,36.15576463627828,,,128.23657522403352,0.9763985023871732,0.8355664883174654,177.1904912848596,0.7066406277903087,0.7601050827825069,197.0441002192789,0.6354415070568846,0.7374297477905594,157.35980026670055,0.7956924181893646,0.7868945826293994,76471.16,55.25,0.9208333333333332,0.0,787.815768229173,0.9999956288846548,0.9999680829217344,0.9999997228011556,76385.9,140.5100000000093,0.7806111111111629,0.0,686.9158008680992,0.9999470603576804,0.9997549428116346,0.999993651299611,76391.87,134.54000000000815,0.4484666666666938,0.0,447.91400020835925,0.9942621096539546,0.988491918630529,0.997789392751494,76387.41,139.0,0.2316666666666666,0.0,291.9108177083397,0.9502662468545512,0.9307565391331732,0.9682056925923056,76462.01,64.40000000000873,0.0715555555555652,0.0,176.69936527779117,0.8406731366109599,0.815073925790984,0.8692600777208294,76223.33,303.08000000000175,0.1683777777777787,0.0,246.369913263896,0.9177999199915672,0.8944102689094722,0.9412843702599812,76332.18,194.23000000001048,0.0539527777777806,0.0,164.03290146702238,0.8227102874652638,0.7974275739620467,0.8513884065238521,0.0348949172174931,True,0.7775525413912534,0.7662148738952796,0.8497890641454872,0.7601050827825069,0.7601050827825069,0.8243839467655429,0.03489491721749316,0.057570252209440675,0.47978983443498624,0.5202101655650138,0.5251405044188813,0.47485949558111873,0.42621083474120125,0.5737891652587988,0.47485949558111873,0.5251405044188813,0.0,0.6881366076172589,0.6586586721277272,0.7313183038086295,0.751244514774025,0.6750525413912535,0.6576050827825068,0.7969049633220444,0.6196363765304093,0.7263025413912534,0.753781524834752,0.6988235579477547,0.7375700551883378,0.6576050827825068,0.7084146914142313,0.6792593276401246,0.7318415427060363,0.7414929215368424,0.6576050827825068,0.7272550230522756,0.6576050827825068,train,hazard_primary_0.55,2,82.0,-80.0,-82.0,0.82
KXBTC15M-26APR301030-30,KXBTC15M-26APR301030-30|2026-04-30T14:20:00+00:00,v21_native_passive_ticker_minute,KXBTC15M-26APR301030-30|2026-04-30T14:20:00+00:00|no,2026-04-30 14:20:00.801526+00:00,2026-04-30 14:20:00+00:00,no,no,True,True,1,78.0,77.0,77.5,0.775,22.5,55.0,1.0,76244.12,76361.58,599.198474,,17043,synced,coinbase_close_vs_recorded_strike,C:\Users\organ\Desktop\KALSHI PROBABILITY MODEL BOT\logs\edge_research\coinbase_btc_usd_1m_cache.parquet,2026-04-30 14:30:00+00:00,-1.0,117.4600000000064,4.7984905867125365,37.16894825854142,,,353.4736840505312,0.3323019656060585,0.6301693720927566,237.4310731665048,0.4947119955004141,0.6895982835651636,203.4461598300575,0.5773517676525475,0.7181490752013517,185.2670056123159,0.6340038778723484,0.7369608543188912,76152.69,-91.42999999999302,-1.523833333333217,91.42999999999302,-795.6186079635906,0.0004026806207274,4.601290813072145e-05,8.756620707095486e-06,76101.15,-142.97000000000116,-0.7942777777777843,142.97000000000116,-358.4700323765531,0.0655490611007306,0.0390355212620513,0.0265023099112988,76326.85,82.73000000001048,0.2757666666667016,0.0,282.69896584676064,0.8831058646338157,0.9176674807847004,0.9364826428698632,76447.21,203.09000000001103,0.3384833333333518,0.0,320.2786968077842,0.9113208151188354,0.9422872010134756,0.958072283726192,76483.73,239.61000000000055,0.266233333333334,0.0,276.9866070612735,0.878313617459168,0.91331798893404,0.932551536023648,76431.94,187.82000000000696,0.1043444444444483,0.0,179.98303188149762,0.7757874663003941,0.811833100949583,0.8343451328650935,76290.61,46.49000000000524,0.0129138888888903,0.0,125.19798251563503,0.701008207462176,0.7308501864389585,0.7504068258566761,0.0854017164348364,True,0.7322991417825818,0.7465745376006758,0.7825680493996598,0.6895982835651636,0.6895982835651636,0.7710006579963122,0.0854017164348364,0.056850924798648284,0.6208034328696728,0.37919656713032723,0.5637018495972965,0.4362981504027035,0.5260782913622175,0.4739217086377825,0.37919656713032723,0.6208034328696728,0.0,0.5964777686347127,0.6335937977617572,0.6744888843173564,0.6852994707807378,0.6197991417825819,0.5770982835651637,0.7314203147093451,0.4675071535937088,0.6760491417825818,0.715629485069549,0.6364687984956146,0.6805655223767758,0.5770982835651637,0.6400429660593814,0.599520409741987,0.684346160939085,0.6861021928712172,0.5770982835651637,0.6542592991372544,0.5770982835651637,train,hazard_primary_0.55,2,80.0,22.0,20.0,0.8
KXBTC15M-26APR301045-45,KXBTC15M-26APR301045-45|2026-04-30T14:40:00+00:00,v21_native_passive_ticker_minute,KXBTC15M-26APR301045-45|2026-04-30T14:40:00+00:00|no,2026-04-30 14:40:00.064773+00:00,2026-04-30 14:40:00+00:00,no,yes,True,False,1,79.0,78.0,78.5,0.785,21.5,57.0,1.0,76208.85,76293.17,299.935227,,18144,synced,coinbase_close_vs_recorded_strike,C:\Users\organ\Desktop\KALSHI PROBABILITY MODEL BOT\logs\edge_research\coinbase_btc_usd_1m_cache.parquet,2026-04-30 14:45:00+00:00,-1.0,84.31999999999243,4.8687431033421245,37.71312191241253,,,122.90308379797251,0.6860690341879234,0.7536652116351474,175.51317847232488,0.4804197652502094,0.6845355286461869,167.78078929735238,0.5025605157367263,0.6923633522893672,148.9762341007929,0.5659963181975993,0.714301858311527,76223.38,14.529999999998836,0.2421666666666472,0.0,156.9543141384866,0.814408448174165,0.8252275750298699,0.8539561235139266,76262.8,53.94999999999709,0.299722222222206,0.0,174.21725275915423,0.839551526083392,0.8504493018713739,0.8788847522500902,76293.35,84.5,0.2816666666666667,0.0,168.80175560499242,0.8319152002090361,0.8428126871642976,0.8714093380941128,76320.17,111.31999999999243,0.1855333333333207,0.0,139.96798244938864,0.7874134013410473,0.7979246658652279,0.8262712392229987,76243.82,34.970000000001164,0.0388555555555568,0.0,95.9741498757595,0.707748865154221,0.7163461563988376,0.7402850887086732,76447.21,238.36000000000055,0.1324222222222225,0.0,124.0380892820592,0.7601287164312698,0.7701335078289131,0.797465723252303,76362.48,153.6299999999901,0.0426749999999972,0.0,97.1197358122166,0.7099871761595015,0.7186544548484068,0.7427717669378735,0.100464471353813,True,0.7347677643230934,0.7386816761446836,0.767150242951741,0.6845355286461869,0.6845355286461869,0.7642436986356633,0.10046447135381309,0.09263664771063285,0.6309289427076263,0.36907105729237366,0.6152732954212656,0.38472670457873437,0.5713962833769459,0.4286037166230541,0.36907105729237366,0.6309289427076263,0.0,0.5898961872400429,0.6000723579761773,0.6766980936200215,0.6813896136409251,0.6272677643230935,0.5770355286461868,0.7226508043649008,0.4522625773132773,0.6810177643230935,0.722610658593856,0.6394248700523307,0.6821903524307912,0.5770355286461868,0.6397316858145421,0.597273019198293,0.6905796636424617,0.6885720486397624,0.5770355286461868,0.6498431665055437,0.5770355286461868,train,hazard_primary_0.55,2,81.0,-79.0,-81.0,0.81
KXBTC15M-26APR301100-00,KXBTC15M-26APR301100-00|2026-04-30T14:52:00+00:00,v21_native_passive_ticker_minute,KXBTC15M-26APR301100-00|2026-04-30T14:52:00+00:00|yes,2026-04-30 14:52:00.250094+00:00,2026-04-30 14:52:00+00:00,yes,no,True,False,1,78.0,77.0,77.5,0.775,22.5,55.0,1.0,76406.37,76322.31,479.749906,,18821,synced,coinbase_close_vs_recorded_strike,C:\Users\organ\Desktop\KALSHI PROBABILITY MODEL BOT\logs\edge_research\coinbase_btc_usd_1m_cache.parquet,2026-04-30 15:00:00+00:00,1.0,84.05999999999767,3.8377964475314608,29.727443454846664,,,73.64323653845038,1.141449017604061,0.8731584418206564,93.05834297701333,0.903304285363878,0.8168177886090668,168.30192175832195,0.4994595374894535,0.6912721574610367,174.82362695394704,0.4808274571613893,0.6846804329720698,76361.67,44.69999999999709,0.7449999999999515,0.0,441.4736799699744,0.9999989525782572,0.9956433843842752,0.9942192292646368,76338.56,67.80999999999767,0.3767222222222093,0.0,264.7924506992137,0.9977825331579216,0.942177403605733,0.9350664569075168,76372.01,34.36000000000058,0.1145333333333352,0.0,139.00735590053193,0.932381558298038,0.795581048052468,0.7867308001648416,76319.97,86.39999999999418,0.1439999999999903,0.0,153.14398646399303,0.9500848746442015,0.818571882663198,0.8094826341819619,76262.8,143.56999999999243,0.1595222222222138,0.0,160.59077111601584,0.9577992899877844,0.830004398408556,0.8208442728352427,76238.09,168.27999999999884,0.0934888888888882,0.0,128.91128565648626,0.9170156211252168,0.7781477310738337,0.7695540738927531,76441.06,-34.69000000000233,-0.0096361111111117,34.69000000000233,79.43707660023625,0.8033440414611569,0.6815335723478578,0.6752238032395882,-0.0418177886090668,True,0.7959088943045334,0.7331360787305183,0.8413997823023682,0.775,0.775,0.8190216482423277,0.04181778860906682,0.08372784253896337,0.3663644227818663,0.6336355772181337,0.6174556850779267,0.3825443149220733,0.6306391340558604,0.36936086594413964,0.3825443149220733,0.6174556850779267,0.0,0.7618631251917869,0.5986538046993476,0.7571815625958935,0.7729197184256972,0.6834088943045334,0.7043177886090668,0.8048852059641411,0.7268737330479375,0.7396588943045335,0.75379533658272,0.7255224520263467,0.7653785257393778,0.7043177886090668,0.7421639754342679,0.718949425129158,0.741226581376771,0.768503537192972,0.7043177886090668,0.754601497286604,0.7043177886090668,train,hazard_primary_0.55,2,80.0,-78.0,-80.0,0.8
KXBTC15M-26APR301115-15,KXBTC15M-26APR301115-15|2026-04-30T15:04:00+00:00,v21_native_passive_ticker_minute,KXBTC15M-26APR301115-15|2026-04-30T15:04:00+00:00|no,2026-04-30 15:04:00.920509+00:00,2026-04-30 15:04:00+00:00,no,yes,True,False,1,72.0,71.0,71.5,0.715,28.5,43.0,1.0,76205.33,76300.32,659.079491,,19497,synced,coinbase_close_vs_recorded_strike,C:\Users\organ\Desktop\KALSHI PROBABILITY MODEL BOT\logs\edge_research\coinbase_btc_usd_1m_cache.parquet,2026-04-30 15:15:00+00:00,-1.0,94.99000000000524,3.700061893384416,28.66055618602905,,,201.30745249284308,0.4718652927336723,0.6814885286385334,143.81197212369864,0.6605152449915672,0.7455383806823158,149.96215705928591,0.6334264714694119,0.7367724085337378,199.0047248365165,0.477325350330451,0.6834347689835881,76225.76,20.42999999999301,0.3404999999998835,0.0,319.4065666854285,0.9868245608900824,0.983410661919458,0.9457553001263982,76327.16,121.83000000000176,0.6768333333333431,0.0,541.0769688251783,0.999915851900392,0.9998457702901896,0.99672518002525,76295.02,89.69000000000233,0.2989666666666744,0.0,292.0327984926437,0.9788551031476432,0.9742552005112672,0.9288754235465044,76334.94,129.61000000000058,0.2160166666666676,0.0,237.3621547141892,0.950579994848056,0.9432680319106684,0.8835156319999564,76338.56,133.22999999999593,0.1480333333333288,0.0,192.5557339843689,0.9097050462263792,0.9004340670101016,0.8333763576061586,76381.27,175.94000000000233,0.0977444444444457,0.0,159.41135869252832,0.8661707088209221,0.8561114219928513,0.7884466482041808,76535.43,330.09999999999127,0.091694444444442,0.0,155.42392777197583,0.8600945003035119,0.8499971096925774,0.7826005815914459,-0.0305383806823158,True,0.7302691903411579,0.7258862042668689,0.8131311612766531,0.715,0.715,0.7769325348342234,0.030538380682315847,0.021772408533737853,0.5089232386353684,0.49107676136463163,0.5264551829325244,0.47354481706747564,0.6331304620328237,0.36686953796717625,0.47354481706747564,0.5264551829325244,0.0,0.6691998948870105,0.6578041310938592,0.6778499474435052,0.7042354577582696,0.5877691903411579,0.6030383806823159,0.7545402109706866,0.588962271679396,0.659019190341158,0.6814115142046947,0.6366268664776211,0.6878589204548772,0.6030383806823159,0.657229302029906,0.6265996836049348,0.6612718826779309,0.6908929146946716,0.6030383806823159,0.6787892958265012,0.6030383806823159,train,hazard_primary_0.55,2,74.0,-72.0,-74.0,0.74
KXBTC15M-26APR301130-30,KXBTC15M-26APR301130-30|2026-04-30T15:26:00+00:00,v21_native_passive_ticker_minute,KXBTC15M-26APR301130-30|2026-04-30T15:26:00+00:00|yes,2026-04-30 15:26:00.183866+00:00,2026-04-30 15:26:00+00:00,yes,yes,True,True,1,80.0,79.0,79.5,0.795,20.5,59.0,1.0,76436.37,76393.43,239.816134,,20774,synced,coinbase_close_vs_recorded_strike,C:\Users\organ\Desktop\KALSHI PROBABILITY MODEL BOT\logs\edge_research\coinbase_btc_usd_1m_cache.parquet,2026-04-30 15:30:00+00:00,1.0,42.94000000000233,2.772827428042816,21.478228901433944,,,46.5264125053385,0.922916633537463,0.821974674169458,59.00758488342504,0.7277030585955057,0.7666023111834166,85.09176921798552,0.5046316511530032,0.6930912125440529,101.06464525585632,0.4248765717357932,0.664536672851149,76420.37,16.0,0.2666666666666666,0.0,106.890969066669,0.9649665898948282,0.8954754734101684,0.8548923612935536,76367.73,68.63999999999942,0.3813333333333301,0.0,134.3898857653349,0.9886218638858996,0.9428723698924506,0.9081983252731248,76402.26,34.11000000000058,0.1137000000000019,0.0,70.20709443580279,0.8829370619457336,0.7953355038204417,0.7563705378443425,76364.34,72.02999999999884,0.120049999999998,0.0,71.72992688670186,0.8879323233930881,0.8003777773015577,0.7610682464160318,76349.47,86.89999999999418,0.0965555555555491,0.0,66.09558004955633,0.8686687002307658,0.781348760601304,0.7434418725649617,76336.45,99.91999999999824,0.0555111111111101,0.0,56.2524600607132,0.829783226402953,0.745719469320306,0.7110992123624776,76175.12,261.25,0.0725694444444444,0.0,60.34332361319677,0.8467601816424857,0.7608861076612774,0.7247718431388999,0.0283976888165834,True,0.7808011555917083,0.7440456062720264,0.8148464577097166,0.7666023111834166,0.7666023111834166,0.8040681057441718,0.028397688816583444,0.10190878745594711,0.4667953776331668,0.5332046223668332,0.6138175749118941,0.38618242508810585,0.6709266542977019,0.32907334570229807,0.38618242508810585,0.6138175749118941,0.0,0.6965830045384416,0.6010185763072687,0.7355415022692209,0.7443352084637941,0.6783011555917083,0.6641023111834166,0.7778885679808552,0.6214983285614065,0.7295511555917082,0.755730693355025,0.7033716178283915,0.7419015407889443,0.6641023111834166,0.7137912008231918,0.6856808608574393,0.7346765857718824,0.7456216100090183,0.6641023111834166,0.7209954395821359,0.6641023111834166,train,hazard_primary_0.55,2,82.0,20.0,18.0,0.82
KXBTC15M-26APR301145-45,KXBTC15M-26APR301145-45|2026-04-30T15:32:00+00:00,v21_native_passive_ticker_minute,KXBTC15M-26APR301145-45|2026-04-30T15:32:00+00:00|yes,2026-04-30 15:32:00.655575+00:00,2026-04-30 15:32:00+00:00,yes,no,True,False,1,77.0,75.0,76.0,0.76,24.0,52.0,2.0,76552.0,76446.5,779.344425,,21099,synced,coinbase_close_vs_recorded_strike,C:\Users\organ\Desktop\KALSHI PROBABILITY MODEL BOT\logs\edge_research\coinbase_btc_usd_1m_cache.parquet,2026-04-30 15:45:00+00:00,1.0,105.5,3.7790944224897007,29.272739524095893,,,156.8713274601212,0.6725257043982082,0.7493754590768225,119.90182221482794,0.8798865442676574,0.8105396126189061,153.32569651203835,0.6880777482182622,0.7542980888728077,155.13100940384777,0.6800703508951914,0.7517700416081434,76496.26,55.74000000000524,0.9290000000000872,0.0,829.5109708250681,0.9999999999977136,0.9999999685093692,0.9999999553285064,76395.17,156.83000000000175,0.8712777777777875,0.0,784.5254787375076,0.9999999999698648,0.9999998445571036,0.9999997872495008,76419.14,132.86000000000058,0.4428666666666686,0.0,450.6456676850015,0.9999145172945572,0.998354377456303,0.9981633595108657,76378.47,173.52999999999884,0.2892166666666647,0.0,330.8993967837485,0.9971077448657666,0.984541798949635,0.9835389466130124,76350.82,201.17999999999304,0.2235333333333255,0.0,279.70945713499395,0.990171222057413,0.9659453482263792,0.96431006704056,76333.92,218.08000000000172,0.1211555555555565,0.0,199.9219067800008,0.9522805712643218,0.9038667504478056,0.9012539269386304,76474.0,78.0,0.0216666666666666,0.0,122.385795875,0.8463056670521976,0.7876250989529099,0.7849203156971638,-0.050539612618906,True,0.785269806309453,0.7571490444364039,0.8568180433044876,0.76,0.76,0.8231447872445833,0.05053961261890605,0.005701911127192316,0.3789207747621879,0.6210792252378121,0.4914038222543846,0.5085961777456154,0.49645991678371315,0.5035400832162868,0.5085961777456154,0.4914038222543846,0.0,0.7537014964045778,0.6805875155346499,0.744850748202289,0.7688421999317447,0.6652698063094531,0.6905396126189061,0.8092527097683645,0.7210706769672679,0.725269806309453,0.7391618837856717,0.7113777288332341,0.7536930750792706,0.6905396126189061,0.7290968932059704,0.7045007113326701,0.7266439360733641,0.7569961721548818,0.6905396126189061,0.7498961611936352,0.6905396126189061,train,hazard_primary_0.55,2,79.0,-77.0,-79.0,0.79
KXBTC15M-26APR301200-00,KXBTC15M-26APR301200-00|2026-04-30T15:47:00+00:00,v21_native_passive_ticker_minute,KXBTC15M-26APR301200-00|2026-04-30T15:47:00+00:00|no,2026-04-30 15:47:00.542105+00:00,2026-04-30 15:47:00+00:00,no,yes,True,False,1,71.0,70.0,70.5,0.705,29.5,41.0,1.0,76312.81,76398.42,779.457895,,21963,synced,coinbase_close_vs_recorded_strike,C:\Users\organ\Desktop\KALSHI PROBABILITY MODEL BOT\logs\edge_research\coinbase_btc_usd_1m_cache.parquet,2026-04-30 16:00:00+00:00,-1.0,85.61000000000058,3.0663954857963103,23.752197298749422,,,165.32134034552405,0.517839982552007,0.6977150402247345,159.67224963260136,0.5361607931057859,0.7040762861832497,148.63416859893007,0.5759779249077512,0.7176849486488911,149.18038533447677,0.5738690097096527,0.7169717772260615,76376.94,64.13000000000466,1.068833333333411,0.0,918.7205801058944,0.9999999956367704,0.9999999996816894,0.999999999632708,76377.99,65.18000000000757,0.3621111111111531,0.0,367.86036442281113,0.989384371025864,0.993337036200237,0.993166072120625,76423.32,110.51000000000931,0.3683666666666977,0.0,372.7363065881914,0.9902121818302728,0.99392475102815,0.9937650676642416,76407.13,94.32000000000698,0.1572000000000116,0.0,208.14078109400964,0.9038064924698728,0.9192966619679158,0.9185265837663724,76552.0,239.19000000000236,0.2657666666666692,0.0,292.7639265611693,0.9666381353368354,0.9755633116920548,0.9751468440471436,76350.82,38.01000000000931,0.0211166666666718,0.0,102.06955254942127,0.7386679447287873,0.7538693364056419,0.7530762633381058,76372.01,59.19999999999709,0.0164444444444436,0.0,98.42775205111109,0.7311966605000418,0.7460832272956102,0.7453057543541238,0.0009237138167502,True,0.7045381430916249,0.7113424743244455,0.7997628226711742,0.7040762861832497,0.7040762861832497,0.7617653222210294,0.0009237138167502712,0.012684948648891137,0.5918474276335006,0.4081525723664994,0.5646301027022178,0.4353698972977822,0.5660564455478769,0.43394355445212307,0.4081525723664994,0.5918474276335006,0.0,0.6152991720382246,0.6329904332435584,0.6453995860191122,0.6739208042021396,0.5570381430916248,0.5565762861832497,0.7320805794576793,0.5071737905495266,0.6307881430916249,0.6604728858549749,0.6011034003282748,0.6552175241221665,0.5565762861832497,0.6203420702938283,0.58546661646549,0.6339616736382049,0.658157758512859,0.5565762861832497,0.6443284328204646,0.5565762861832497,train,hazard_primary_0.55,2,73.0,-71.0,-73.0,0.73
KXBTC15M-26APR301215-15,KXBTC15M-26APR301215-15|2026-04-30T16:03:00+00:00,v21_native_passive_ticker_minute,KXBTC15M-26APR301215-15|2026-04-30T16:03:00+00:00|no,2026-04-30 16:03:00.164658+00:00,2026-04-30 16:03:00+00:00,no,no,True,True,1,80.0,79.0,79.5,0.795,20.5,59.0,1.0,76362.6,76468.14,719.835342,,22859,synced,coinbase_close_vs_recorded_strike,C:\Users\organ\Desktop\KALSHI PROBABILITY MODEL BOT\logs\edge_research\coinbase_btc_usd_1m_cache.parquet,2026-04-30 16:15:00+00:00,-1.0,105.5399999999936,3.933693399591148,30.470258051405104,,,109.12204608171832,0.9671739468755725,0.8332714580265168,105.60228436345167,0.9994101987108184,0.8412019893366389,124.5591404954294,0.8473083515205078,0.8015883635862782,132.5367410691492,0.7963074929157159,0.7870733342527274,76342.84,-19.760000000009317,-0.3293333333334886,19.760000000009317,-131.52577263211813,0.1064772647690858,0.1455000261461868,0.1605080061030171,76436.38,73.77999999999884,0.4098888888888824,0.0,400.5925085153223,0.9999257030309454,0.9993502333254564,0.998746526105345,76465.31,102.70999999999184,0.3423666666666395,0.0,351.98762658937403,0.9995706476586272,0.9976423617651728,0.9960436684446412,76441.87,79.26999999998952,0.1321166666666492,0.0,200.642245933881,0.9712821388342232,0.9463904245094674,0.9349694920344944,76326.79,-35.810000000012224,-0.0397888888889024,35.810000000012224,76.89855155885049,0.7667514266308382,0.7315032577299361,0.7191119912842453,76469.82,107.22000000000116,0.0595666666666673,0.0,148.41819187179408,0.9200554882845112,0.8832807330452566,0.8686062073603718,76225.76,-136.84000000001106,-0.0380111111111141,136.84000000001106,78.17825883352472,0.7704435593090231,0.7348799950709315,0.7223580893494672,-0.0462019893366388,True,0.8181009946683195,0.798294181793139,0.8785908789984221,0.795,0.795,0.8497747263327171,0.04620198933663888,0.006588363586278123,0.31759602132672216,0.6824039786732778,0.3968232728274437,0.6031767271725563,0.4258533314945452,0.5741466685054548,0.6031767271725563,0.3968232728274437,0.7162000000002444,0.7935625861376305,0.7420648726621616,0.7840312930688154,0.8044883578346781,0.7156009946683195,0.738701989336639,0.8027051242000328,0.6391210434390917,0.7668509946683195,0.7781105968009917,0.7555913925356472,0.7916346595577594,0.738701989336639,0.7706781305941359,0.7497216016305125,0.768041016331793,0.794769975617277,0.738701989336639,0.7707035567683359,0.738701989336639,train,hazard_primary_0.55,2,82.0,20.0,18.0,0.82
KXBTC15M-26APR301230-30,KXBTC15M-26APR301230-30|2026-04-30T16:17:00+00:00,v21_native_passive_ticker_minute,KXBTC15M-26APR301230-30|2026-04-30T16:17:00+00:00|no,2026-04-30 16:17:00.722093+00:00,2026-04-30 16:17:00+00:00,no,no,True,True,1,66.0,65.0,65.5,0.655,34.5,31.0,1.0,76380.19,76442.58,779.277907,,23647,synced,coinbase_close_vs_recorded_strike,C:\Users\organ\Desktop\KALSHI PROBABILITY MODEL BOT\logs\edge_research\coinbase_btc_usd_1m_cache.parquet,2026-04-30 16:30:00+00:00,-1.0,62.38999999999942,2.2349551054111263,17.311887805557067,,,87.61685560077562,0.7120775970810702,0.7617916369100974,83.5366802118867,0.7468575461910891,0.7724252226847285,95.52280655001566,0.6531424510368847,0.7431677765189424,124.10188311953476,0.5027320974646731,0.6924236801790332,76401.99,21.80000000000291,0.3633333333333818,0.0,345.5276395433706,0.9999823477433034,0.9998511117181992,0.997317214981951,76436.46,56.27000000000408,0.3126111111111337,0.0,306.0009323716282,0.9998753961118344,0.9993210023624935,0.9931631584157424,76407.13,26.94000000000233,0.0898000000000077,0.0,132.36915604860548,0.943467203342001,0.9170858573507656,0.8569275492138568,76426.84,46.64999999999418,0.0777499999999903,0.0,122.97885726924186,0.929510350920826,0.9010276464256568,0.8391451913933685,76342.84,-37.35000000000582,-0.0415000000000064,37.35000000000582,30.049966859494376,0.6404724145297196,0.6234613161382946,0.5956639605994506,76312.81,-67.38000000000466,-0.0374333333333359,67.38000000000466,33.219030347964065,0.6545588547699596,0.6359898591791218,0.6055254348656569,76350.82,-29.369999999995343,-0.008158333333332,29.369999999995343,56.03239107539209,0.7488107186293931,0.7212592823279936,0.6741865221540404,-0.1174252226847284,True,0.7137126113423642,0.6990838882594712,0.7902974753422431,0.655,0.655,0.7479210074738187,0.11742522268472844,0.08816777651894236,0.4551495546305431,0.5448504453694569,0.5136644469621152,0.4863355530378848,0.6151526396419336,0.38484736035806644,0.4863355530378848,0.5136644469621152,0.7470000000001165,0.7041527894901469,0.666118109474625,0.6623263947450736,0.6911731150792736,0.5412126113423643,0.5999252226847285,0.6995560520107587,0.48979716570363374,0.6274626113423643,0.6384775668054186,0.6164476558793099,0.6757834817898191,0.5999252226847285,0.639813523638419,0.6038435654870191,0.6278775466194612,0.680506453602644,0.5999252226847285,0.6497406373477436,0.5999252226847285,train,hazard_primary_0.55,2,68.0,34.0,32.0,0.68
KXBTC15M-26APR301245-45,KXBTC15M-26APR301245-45|2026-04-30T16:35:00+00:00,v21_native_passive_ticker_minute,KXBTC15M-26APR301245-45|2026-04-30T16:35:00+00:00|yes,2026-04-30 16:35:00.825181+00:00,2026-04-30 16:35:00+00:00,yes,yes,True,True,1,75.0,74.0,74.5,0.745,25.5,49.0,1.0,76358.1,76300.85,599.174819,,24624,synced,coinbase_close_vs_recorded_strike,C:\Users\organ\Desktop\KALSHI PROBABILITY MODEL BOT\logs\edge_research\coinbase_btc_usd_1m_cache.parquet,2026-04-30 16:45:00+00:00,1.0,57.25,2.3388303148751866,18.11650171823329,,,105.66679488373838,0.541797449832658,0.706020975814413,98.2468584496278,0.5827158333958605,0.7199576936904117,85.24040389064366,0.6716298537656741,0.7490903160587468,99.66067811475608,0.5744492319636684,0.7171680770758544,76306.18,51.920000000012806,0.8653333333335468,0.0,575.7359433747945,0.9999999976869904,0.9999999999928216,0.9999999961969256,76308.84,49.26000000000931,0.2736666666667184,0.0,221.22417546636436,0.9878299365778792,0.9952745411221932,0.9867829413949392,76329.45,28.65000000000873,0.0955000000000291,0.0,114.47119521451744,0.8780185282888195,0.9103513489824578,0.8746414676623128,76331.0,27.10000000000582,0.0451666666666763,0.0,84.31272932483914,0.8046013265753764,0.8386970401615144,0.8012230559020201,76337.4,20.70000000001164,0.0230000000000129,0.0,71.03102083700774,0.7651554997438035,0.7976628577629118,0.7619931586734128,76424.0,-65.89999999999418,-0.0366111111111078,65.89999999999418,35.31354412661305,0.6403658547958543,0.6606661129892635,0.6384571237550613,76408.74,-50.63999999999942,-0.0140666666666665,50.63999999999942,48.821607546066765,0.6903800609358477,0.7165936713532635,0.6878900044438387,0.0250423063095882,True,0.7324788468452059,0.7470451580293733,0.7809920739930772,0.7199576936904117,0.7199576936904117,0.7640910137648875,0.025042306309588258,0.004090316058746768,0.5600846126191765,0.4399153873808235,0.5018193678825065,0.4981806321174935,0.5656638458482912,0.4343361541517088,0.4399153873808235,0.5600846126191765,0.0,0.6359450017975352,0.6738174108763707,0.6777225008987677,0.6910243537276497,0.6049788468452059,0.5924576936904118,0.7335825525029699,0.5277172402097055,0.668728846845206,0.6992373081071235,0.6382203855832882,0.6858051291269412,0.5924576936904118,0.6524083052927836,0.6190114814586258,0.6732953851042476,0.6892972043832012,0.5924576936904118,0.6630201230966908,0.5924576936904118,train,hazard_primary_0.55,2,77.0,25.0,23.0,0.77
KXBTC15M-26APR301300-00,KXBTC15M-26APR301300-00|2026-04-30T16:53:00+00:00,v21_native_passive_ticker_minute,KXBTC15M-26APR301300-00|2026-04-30T16:53:00+00:00|no,2026-04-30 16:53:00.285952+00:00,2026-04-30 16:53:00+00:00,no,no,True,True,1,78.0,77.0,77.5,0.775,22.5,55.0,1.0,76279.54,76325.47,419.714048,,25662,synced,coinbase_close_vs_recorded_strike,C:\Users\organ\Desktop\KALSHI PROBABILITY MODEL BOT\logs\edge_research\coinbase_btc_usd_1m_cache.parquet,2026-04-30 17:00:00+00:00,-1.0,45.93000000000757,2.241917839008979,17.365820908094197,,,49.495595779006514,0.9279613524621662,0.823286191308217,38.48491443261488,1.1934546478056656,0.8836543181429964,66.61635251078233,0.6894703517814709,0.7547363377314857,66.49637390144538,0.6907143548621262,0.755127466741587,76296.42,16.880000000004657,0.2813333333334109,0.0,164.0095521707068,0.9999898542195742,0.9930917933463818,0.993176888099726,76328.0,48.4600000000064,0.2692222222222578,0.0,158.92634870046692,0.9999818282951272,0.9914765761148072,0.991575818800994,76305.39,25.85000000000582,0.086166666666686,0.0,82.09536046934905,0.9835451363727304,0.8910927725240625,0.8915073199695187,76305.48,25.94000000000233,0.0432333333333372,0.0,64.07563734187586,0.9520390983522822,0.8319401557138847,0.8323757338122707,76333.92,54.38000000000466,0.0604222222222273,0.0,71.29005547805419,0.968016915844147,0.8577260132665763,0.8581600531150051,76366.71,87.1700000000128,0.0484277777777848,0.0,66.2558186467661,0.9574294457779716,0.8400316343829595,0.8404678168445823,76441.87,162.33000000000175,0.0450916666666671,0.0,64.85560594774111,0.9540270795773114,0.8348646712876979,0.8353005754624894,-0.1086543181429964,True,0.8293271590714982,0.7648681688657428,0.8807331515052423,0.775,0.775,0.8493053227174451,0.10865431814299642,0.020263662268514282,0.23269136371400712,0.7673086362859929,0.4905273245370285,0.5094726754629715,0.4897450665168259,0.5102549334831741,0.5094726754629715,0.4905273245370285,0.0,0.8487506135858953,0.6811572390509314,0.8006253067929479,0.8214798204302207,0.7168271590714983,0.7711543181429965,0.8485361863460443,0.8656631499232659,0.7730771590714982,0.773846295442899,0.7723080227000976,0.8099362120953311,0.7711543181429965,0.7838611068329119,0.7577860015704926,0.7730829145850614,0.81653329282008,0.7711543181429965,0.8098452522445204,0.7711543181429965,train,hazard_primary_0.55,2,80.0,22.0,20.0,0.8
KXBTC15M-26APR301315-15,KXBTC15M-26APR301315-15|2026-04-30T17:09:00+00:00,v21_native_passive_ticker_minute,KXBTC15M-26APR301315-15|2026-04-30T17:09:00+00:00|yes,2026-04-30 17:09:00.504570+00:00,2026-04-30 17:09:00+00:00,yes,no,True,False,1,80.0,79.0,79.5,0.795,20.5,59.0,1.0,76286.04,76233.5,359.49543,,26527,synced,coinbase_close_vs_recorded_strike,C:\Users\organ\Desktop\KALSHI PROBABILITY MODEL BOT\logs\edge_research\coinbase_btc_usd_1m_cache.parquet,2026-04-30 17:15:00+00:00,1.0,52.5399999999936,2.771043743036334,21.46441253678397,,,66.36413007245044,0.7916927403800081,0.7857300718404894,67.67310186695416,0.7763793671418764,0.7812374882333405,53.93357284675636,0.974161310419349,0.8350117742532599,61.78085186831044,0.8504253083461155,0.8024556647978253,76243.63,42.40999999998894,0.706833333333149,0.0,306.6433531049273,0.9999970681351348,0.9999999934813232,0.9999996536593116,76211.85,74.18999999998778,0.4121666666665987,0.0,200.7120330649692,0.9984910345550896,0.9999009657799816,0.9994204826405476,76203.12,82.91999999999825,0.2763999999999942,0.0,151.9045368519915,0.9876056958453208,0.997572585974295,0.9930291892015466,76202.09,83.94999999999709,0.1399166666666618,0.0,102.83940224749183,0.9357004676850692,0.971725391857531,0.9520020854845124,76262.94,23.09999999999127,0.0256666666666569,0.0,61.76704936999011,0.8193068605391105,0.8739457547585461,0.8412906812006886,76336.87,-50.83000000000175,-0.0282388888888898,50.83000000000175,42.38824849615992,0.7344631209156894,0.784047030677634,0.753677046553826,76416.32,-130.2800000000134,-0.0361888888888926,130.2800000000134,39.53025982765893,0.7204354170224072,0.7682035445466843,0.7388637902362627,0.0137625117666595,True,0.7881187441166703,0.8150058871266299,0.854614394692887,0.7812374882333405,0.7812374882333405,0.8293923856390664,0.013762511766659546,0.04001177425325986,0.437525023533319,0.562474976466681,0.3299764514934802,0.6700235485065198,0.3950886704043495,0.6049113295956505,0.562474976466681,0.437525023533319,0.0,0.7156087347033426,0.7855153065292378,0.7450543673516714,0.7643149369362033,0.6856187441166703,0.6787374882333406,0.8061398832857344,0.661235546051213,0.7368687441166704,0.7601212464700021,0.7136162417633384,0.7516583254888937,0.6787374882333406,0.7257243128733148,0.699790300257736,0.7410923851576102,0.7549890147828879,0.6787374882333406,0.7424386857595375,0.6787374882333406,train,hazard_primary_0.55,2,82.0,-80.0,-82.0,0.82
KXBTC15M-26APR301330-30,KXBTC15M-26APR301330-30|2026-04-30T17:20:00+00:00,v21_native_passive_ticker_minute,KXBTC15M-26APR301330-30|2026-04-30T17:20:00+00:00|no,2026-04-30 17:20:00.198428+00:00,2026-04-30 17:20:00+00:00,no,no,True,True,1,79.0,78.0,78.5,0.785,21.5,57.0,1.0,76118.32,76198.78,599.801572,,27140,synced,coinbase_close_vs_recorded_strike,C:\Users\organ\Desktop\KALSHI PROBABILITY MODEL BOT\logs\edge_research\coinbase_btc_usd_1m_cache.parquet,2026-04-30 17:30:00+00:00,-1.0,80.45999999999185,3.285309037745608,25.447894380666902,,,158.22445697735608,0.5085180985105652,0.6944549750272286,121.86709947951957,0.6602274144837065,0.7454460489284894,99.607079750442,0.807773907252158,0.79038962575148,90.02924878035031,0.8937095565052962,0.8142613445469411,76102.97,-15.35000000000582,-0.2558333333334303,15.35000000000582,-72.98923550339964,0.2746114963356346,0.2318488841279029,0.208760936395357,76158.61,40.2899999999936,0.2238333333332977,0.0,214.71558519930383,0.9609554762402728,0.984443549589156,0.9914593632763546,76181.83,63.50999999999476,0.2116999999999825,0.0,207.43799279238132,0.9556378416833136,0.9813544506982228,0.9893919835230336,76293.68,175.35999999998603,0.2922666666666433,0.0,255.7620061098445,0.9820781505495138,0.9948813488452312,0.9977505156906316,76230.32,112.0,0.1244444444444444,0.0,155.1019734044363,0.8984402402782363,0.9402811429660396,0.9575372322629092,76328.0,209.67999999999304,0.116488888888885,0.0,150.3302186760784,0.8913163014247466,0.9343802813474438,0.9525198472715686,76337.4,219.0799999999872,0.060855555555552,0.0,116.96125788714528,0.8314080470348284,0.8798478132329088,0.9030533130110934,0.0395539510715106,True,0.7652230244642447,0.78769481287574,0.8286946302039343,0.7454460489284894,0.7454460489284894,0.8072613830152096,0.03955395107151061,0.005389625751479943,0.5091079021430212,0.49089209785697885,0.41922074849704005,0.58077925150296,0.3714773109061178,0.6285226890938822,0.49089209785697885,0.5091079021430212,0.0,0.6690798636070363,0.7275065134769239,0.7162899318035183,0.7333537159718494,0.6577230244642447,0.6379460489284894,0.7778505928009074,0.5864558820253102,0.7114730244642447,0.7408838146785468,0.6820622342499425,0.7227973659523262,0.6379460489284894,0.6917303999437945,0.6606634339352626,0.7172280451114098,0.7268419940559818,0.6379460489284894,0.7078983208646984,0.6379460489284894,train,hazard_primary_0.55,2,81.0,21.0,19.0,0.81
KXBTC15M-26APR301345-45,KXBTC15M-26APR301345-45|2026-04-30T17:31:00+00:00,v21_native_passive_ticker_minute,KXBTC15M-26APR301345-45|2026-04-30T17:31:00+00:00|yes,2026-04-30 17:31:00.131416+00:00,2026-04-30 17:31:00+00:00,yes,yes,True,True,1,84.0,83.0,83.5,0.835,16.5,67.0,1.0,76212.95,76107.7,839.868584,,27702,synced,coinbase_close_vs_recorded_strike,C:\Users\organ\Desktop\KALSHI PROBABILITY MODEL BOT\logs\edge_research\coinbase_btc_usd_1m_cache.parquet,2026-04-30 17:45:00+00:00,1.0,105.25,3.631754106792782,28.13144634625768,,,172.1201020812886,0.6114916196731786,0.7295629176716742,155.65283602131814,0.6761842745067942,0.7505381722624682,139.51861139857076,0.7543796411456988,0.774689353602445,113.7992385933246,0.9248743779044398,0.8224843720948067,76114.21,98.73999999999069,1.6456666666665114,0.0,1487.393733069203,1.0,1.0,1.0,76102.27,110.67999999999302,0.6148888888888501,0.0,621.6758604284119,0.9999675146886716,0.9999958221868124,0.9999999765813944,76114.21,98.73999999999069,0.3291333333333023,0.0,381.67874661384064,0.9928990484650456,0.9968874554961692,0.9996016888617008,76137.53,75.41999999999825,0.1256999999999971,0.0,210.82148100879755,0.9122010091584104,0.9346138632401026,0.9680282603589826,76143.34,69.61000000000058,0.077344444444445,0.0,170.20916903582275,0.8629167723041394,0.8887627574587671,0.9326336714853666,76248.26,-35.30999999999767,-0.0196166666666653,35.30999999999767,88.77457794386775,0.7157754388234371,0.737706944745897,0.7823334536720139,76343.14,-130.19000000000233,-0.0361638888888895,130.19000000000233,74.87708584695501,0.6847601784747168,0.7042562512985258,0.7447229920584835,0.0844618277375317,True,0.7927690861312341,0.8048446768012225,0.8594790735758379,0.7505381722624682,0.7505381722624682,0.8412412613717496,0.08446182773753175,0.06031064639755501,0.49892365547506357,0.5010763445249364,0.4506212927951101,0.5493787072048899,0.3550312558103865,0.6449687441896135,0.5010763445249364,0.49892365547506357,0.0,0.6756996239412086,0.7070961596831784,0.7470998119706044,0.7628897168171089,0.7102690861312341,0.6680381722624682,0.8078488958242432,0.600366249371441,0.7515190861312341,0.7849114516787403,0.7181267205837277,0.7511921148416455,0.6680381722624682,0.7171103902397493,0.6830286656378532,0.7614064413039624,0.7578201387373229,0.6680381722624682,0.7379435340433558,0.6680381722624682,train,fallback_score_min60,1,85.0,16.0,15.0,0.85
KXBTC15M-26APR301400-00,KXBTC15M-26APR301400-00|2026-04-30T17:48:00+00:00,v21_native_passive_ticker_minute,KXBTC15M-26APR301400-00|2026-04-30T17:48:00+00:00|yes,2026-04-30 17:48:00.898091+00:00,2026-04-30 17:48:00+00:00,yes,yes,True,True,1,70.0,69.0,69.5,0.695,30.5,39.0,1.0,76175.57,76131.02,719.101909,,28689,synced,coinbase_close_vs_recorded_strike,C:\Users\organ\Desktop\KALSHI PROBABILITY MODEL BOT\logs\edge_research\coinbase_btc_usd_1m_cache.parquet,2026-04-30 18:00:00+00:00,1.0,44.55000000000291,1.6613169172709772,12.86850550672628,,,50.65965759602367,0.8793979689965312,0.8104072335209567,80.64098441269357,0.5524486131271776,0.7096794839999854,106.36300938111236,0.4188486228362956,0.6623366164426169,107.385277804459,0.4148613377070673,0.6608782929798155,76175.15,0.4200000000128057,0.0070000000002134,0.0,49.583713363156384,0.7306796761062171,0.6794546683339427,0.6778648904461579,76122.0,53.570000000006985,0.2976111111111499,0.0,258.5627181396419,0.9993278335973924,0.9924702678399696,0.991975606171881,76104.09,71.48000000001048,0.2382666666667016,0.0,215.88801485109468,0.996287431237896,0.9788079199115992,0.9778058859717312,76137.06,38.51000000000931,0.0641833333333488,0.0,90.7043575259974,0.8696614688247002,0.8031096293419826,0.8008504535681951,76130.74,44.83000000000175,0.049811111111113,0.0,80.36926508941542,0.8405280535300776,0.7750593491365126,0.7728964998010629,76070.27,105.30000000000292,0.0585000000000016,0.0,86.61746167650406,0.8586137916585801,0.7922797688816197,0.7900528457073773,76305.39,-129.81999999999243,-0.036061111111109,129.81999999999243,18.61838615934331,0.5912959648359808,0.5694781330543143,0.568823359368651,-0.0146794839999854,True,0.7023397419999926,0.6786683082213084,0.8003223050792938,0.695,0.695,0.7596613314475748,0.014679483999985421,0.032663383557383074,0.5806410320000293,0.41935896799997074,0.6753267671147662,0.32467323288523375,0.6782434140403693,0.32175658595963075,0.32467323288523375,0.6753267671147662,0.0,0.6225833291999809,0.5610376013754019,0.6435416645999905,0.6736704077237801,0.5498397419999926,0.5571794839999853,0.7320972282475718,0.5189877111237604,0.6260897419999927,0.6536538451999955,0.5985256387999897,0.6539529893333235,0.5571794839999853,0.6196074284520328,0.585261867570742,0.6287041189473312,0.6567964146709,0.5571794839999853,0.6446383561237785,0.5571794839999853,train,hazard_primary_0.55,2,72.0,30.0,28.0,0.72
KXBTC15M-26APR301415-15,KXBTC15M-26APR301415-15|2026-04-30T18:01:00+00:00,v21_native_passive_ticker_minute,KXBTC15M-26APR301415-15|2026-04-30T18:01:00+00:00|yes,2026-04-30 18:01:00.540457+00:00,2026-04-30 18:01:00+00:00,yes,no,True,False,1,75.0,74.0,74.5,0.745,25.5,49.0,1.0,76324.52,76253.56,839.459543,,29335,synced,coinbase_close_vs_recorded_strike,C:\Users\organ\Desktop\KALSHI PROBABILITY MODEL BOT\logs\edge_research\coinbase_btc_usd_1m_cache.parquet,2026-04-30 18:15:00+00:00,1.0,70.9600000000064,2.449140621315719,18.97096167775173,,,215.420335904998,0.3294025130074084,0.6290742657088344,125.68563043710556,0.5645832363908581,0.7138213649460299,116.50508612749792,0.6090721217299557,0.7287616823658349,127.8601534353353,0.5549813455831187,0.7105462899754201,76210.43,114.09000000001106,1.9015000000001845,0.0,1667.1923210146613,1.0,1.0,1.0,76240.01,84.51000000000931,0.4695000000000517,0.0,465.0862554385498,0.9998923671795884,0.999967238384083,0.9998623302901164,76243.94,80.58000000000175,0.2686000000000058,0.0,296.4388332498113,0.9908273438380588,0.9945271602925326,0.9897878713959196,76171.64,152.88000000000466,0.2548000000000077,0.0,284.85429155641293,0.9882866403644468,0.9927572818932504,0.987055013895274,76151.39,173.13000000000466,0.1923666666666718,0.0,232.44403408844408,0.9678005530191712,0.9769862294301036,0.9654645117790226,76212.95,111.57000000000698,0.0619833333333372,0.0,122.99250067362632,0.8361043718861287,0.854443588050114,0.8319575833132717,76248.26,76.26000000000931,0.0211833333333359,0.0,88.74255131922524,0.7599269499990595,0.7768820692514986,0.7561775451497583,0.0311786350539701,True,0.7294106824730149,0.7368808411829175,0.8165495695946962,0.7138213649460299,0.7138213649460299,0.7848118782514207,0.031178635053970116,0.016238317634165056,0.5723572701079402,0.42764272989205976,0.5424766352683301,0.4575233647316699,0.5789074200491597,0.42109257995084026,0.42764272989205976,0.5723572701079402,0.0,0.6279677744298389,0.6473901870755854,0.6737338872149194,0.6983166215987253,0.6019106824730149,0.5863213649460298,0.7530761512406267,0.5267254642758656,0.6656606824730149,0.6973964094838089,0.6339249554622208,0.6817142432973532,0.5863213649460298,0.6473925355138188,0.6130708277302844,0.6705005071114306,0.6853147463832471,0.5863213649460298,0.6696987580933282,0.5863213649460298,train,hazard_primary_0.55,2,77.0,-75.0,-77.0,0.77
KXBTC15M-26APR301430-30,KXBTC15M-26APR301430-30|2026-04-30T18:16:00+00:00,v21_native_passive_ticker_minute,KXBTC15M-26APR301430-30|2026-04-30T18:16:00+00:00|yes,2026-04-30 18:16:00.077551+00:00,2026-04-30 18:16:00+00:00,yes,yes,True,True,1,75.0,74.0,74.5,0.745,25.5,49.0,1.0,76305.39,76242.16,839.922449,,30195,synced,coinbase_close_vs_recorded_strike,C:\Users\organ\Desktop\KALSHI PROBABILITY MODEL BOT\logs\edge_research\coinbase_btc_usd_1m_cache.parquet,2026-04-30 18:30:00+00:00,1.0,63.229999999995925,2.181742980298336,16.899708456800784,,,135.0995040454668,0.4680254042880594,0.6801167886640438,103.81860427589426,0.6090430558280715,0.7287520497808122,115.86836621955274,0.5457054592466144,0.7073657906562325,122.76011968919428,0.5150695532073648,0.6967477911336448,76230.76,74.63000000000466,1.2438333333334108,0.0,1107.9535394812278,1.0,1.0,1.0,76228.14,77.25,0.4291666666666666,0.0,423.6967176958293,0.9999775908940068,0.9998722621649078,0.9997211773536808,76239.27,66.11999999999534,0.2203999999999844,0.0,248.3489077595829,0.9916248339143494,0.9839583441765823,0.9784656037212204,76273.06,32.330000000001746,0.0538833333333362,0.0,108.48782129361504,0.8519826829281063,0.8254412256344288,0.8115812539364788,76324.52,-19.130000000004657,-0.0212555555555607,19.130000000004657,45.37698172291381,0.6689731463786768,0.6523324480206726,0.6441744192949105,76151.39,154.0,0.0855555555555555,0.0,135.0900317477737,0.9034070802900944,0.8781709963130843,0.8644295679628692,76143.34,162.0500000000029,0.0450138888888897,0.0,101.03817579456606,0.8347776157374828,0.8083980722402928,0.7947612834728626,0.0162479502191877,True,0.736876024890406,0.7261828953281162,0.8217922945650539,0.7287520497808122,0.7287520497808122,0.7894505817171136,0.01624795021918779,0.03763420934376749,0.5424959004383756,0.4575040995616244,0.585268418687535,0.414731581312465,0.6065044177327104,0.39349558226728965,0.414731581312465,0.585268418687535,0.38260000000009314,0.6473776647150558,0.6195755278531022,0.683438832357528,0.708101315748963,0.6093760248904061,0.6012520497808121,0.7415709916732713,0.48014658295304075,0.6731260248904061,0.7018756149342436,0.6443764348465685,0.691668033187208,0.6012520497808121,0.6595295658075228,0.6273910984278376,0.6773025108595607,0.6950215776203345,0.6012520497808121,0.6714115207270417,0.6012520497808121,train,hazard_primary_0.55,2,77.0,25.0,23.0,0.77
KXBTC15M-26APR301445-45,KXBTC15M-26APR301445-45|2026-04-30T18:34:00+00:00,v21_native_passive_ticker_minute,KXBTC15M-26APR301445-45|2026-04-30T18:34:00+00:00|no,2026-04-30 18:34:00.161816+00:00,2026-04-30 18:34:00+00:00,no,yes,True,False,1,70.0,69.0,69.5,0.695,30.5,39.0,1.0,76215.61,76271.46,659.838184,,31206,synced,coinbase_close_vs_recorded_strike,C:\Users\organ\Desktop\KALSHI PROBABILITY MODEL BOT\logs\edge_research\coinbase_btc_usd_1m_cache.parquet,2026-04-30 18:45:00+00:00,-1.0,55.85000000000582,2.1742248515227334,16.841473281715682,,,78.87166688261352,0.7081123324441543,0.7605622491264481,94.88672613515804,0.5885965537524424,0.7219340268646823,119.99686345669907,0.4654288319807569,0.6791878045333313,108.59742130212318,0.5142847715014196,0.6964735464388052,76229.13,13.520000000004076,0.2253333333334012,0.0,204.533537461384,0.9844407771804004,0.9558552737244412,0.970177629427901,76266.66,51.05000000000291,0.2836111111111273,0.0,242.98744051779423,0.9947786667122628,0.9785636616051524,0.9873733738565194,76292.84,77.22999999999593,0.2574333333333197,0.0,225.7143431677302,0.99131490504373,0.9700141783167604,0.9811660481363184,76364.34,148.72999999999593,0.2478833333333265,0.0,219.41288851053463,0.9896212530704682,0.9662618672560764,0.9783303118693776,76412.22,196.61000000000055,0.2184555555555562,0.0,199.99531706249516,0.9824726958987284,0.9522100992264289,0.967234713602028,76341.41,125.80000000000292,0.0698888888888905,0.0,101.9653575262291,0.8587232667137129,0.8022633718916437,0.8261166118501266,76101.0,-114.61000000000058,-0.0318361111111112,114.61000000000058,34.843318258827935,0.6432686664228643,0.6142328590087455,0.6258373933000638,-0.0269340268646823,True,0.7084670134323412,0.6870939022666656,0.8027496439694707,0.695,0.695,0.7623431890681507,0.02693402686468238,0.015812195466668677,0.5561319462706353,0.44386805372936466,0.6416243909333375,0.35837560906666255,0.6070529071223896,0.3929470928776104,0.35837560906666255,0.6416243909333375,0.0,0.638514234924087,0.5829441458933307,0.6515071174620435,0.6811386079664165,0.5559670134323411,0.5694340268646824,0.7372299944410872,0.5429995442337376,0.6322170134323412,0.6573302080594047,0.6071038188052776,0.6621226845764548,0.5694340268646824,0.6288943058867102,0.5956659271969655,0.6345000493291917,0.6650184362408128,0.5694340268646824,0.6533320106528848,0.5694340268646824,train,hazard_primary_0.55,2,72.0,-70.0,-72.0,0.72
KXBTC15M-26APR301500-00,KXBTC15M-26APR301500-00|2026-04-30T18:52:00+00:00,v21_native_passive_ticker_minute,KXBTC15M-26APR301500-00|2026-04-30T18:52:00+00:00|yes,2026-04-30 18:52:00.461409+00:00,2026-04-30 18:52:00+00:00,yes,no,True,False,1,78.0,77.0,77.5,0.775,22.5,55.0,1.0,76417.32,76374.15,479.538591,,32217,synced,coinbase_close_vs_recorded_strike,C:\Users\organ\Desktop\KALSHI PROBABILITY MODEL BOT\logs\edge_research\coinbase_btc_usd_1m_cache.parquet,2026-04-30 19:00:00+00:00,1.0,43.170000000012806,1.971379641260309,15.270241039307058,,,24.24941801323596,1.7802489105697097,0.962482382938193,64.78622499984736,0.666345353508628,0.7474048086130758,78.77528008620338,0.5480145542202084,0.7081590453265455,94.61855359757072,0.4562530112605861,0.6758959754328079,76398.13,19.19000000000233,0.3198333333333721,0.0,196.5424260215314,0.9987921555014656,0.99370171589403,0.9811088217382692,76364.45,52.870000000009895,0.2937222222222772,0.0,184.0211405898725,0.9977474060150656,0.9902550693693608,0.9741049121000668,76340.06,77.26000000000931,0.2575333333333643,0.0,166.6671718022277,0.9949526894250478,0.9828160833872892,0.9609200458448504,76283.23,134.09000000001106,0.2234833333333517,0.0,150.33888277867163,0.989844098205124,0.9718336236664128,0.943957873594608,76257.15,160.1700000000128,0.1779666666666809,0.0,128.51188457831964,0.9763514360100528,0.9485942069764266,0.9128015024880108,76357.72,59.60000000000582,0.0331111111111143,0.0,59.04805556868102,0.8189653562443013,0.7732449306081886,0.733707300675666,76165.24,252.08000000000172,0.0700222222222227,0.0,76.74835778314637,0.8819201054930754,0.8350386437045844,0.7913557356528336,0.0275951913869242,True,0.761202404306538,0.7415795226632728,0.8391191660127079,0.7474048086130758,0.7474048086130758,0.8107119804689323,0.027595191386924234,0.06684095467345452,0.5051903827738484,0.4948096172261516,0.583681909346909,0.416318090653091,0.6482080491343842,0.35179195086561577,0.416318090653091,0.583681909346909,0.0,0.6716262511969985,0.6206067589245091,0.7120631255984994,0.7340583945410042,0.6487024043065379,0.6349048086130759,0.7826929421915475,0.5943048861686564,0.7049524043065379,0.7329714425839228,0.676933366029153,0.7191032057420506,0.6349048086130759,0.6888063378999874,0.6585094700579243,0.7099291132964102,0.7227811986481629,0.6349048086130759,0.7087988754023117,0.6349048086130759,train,hazard_primary_0.55,2,80.0,-78.0,-80.0,0.8
KXBTC15M-26APR301515-15,KXBTC15M-26APR301515-15|2026-04-30T19:04:00+00:00,v21_native_passive_ticker_minute,KXBTC15M-26APR301515-15|2026-04-30T19:04:00+00:00|no,2026-04-30 19:04:00.958726+00:00,2026-04-30 19:04:00+00:00,no,yes,True,False,1,64.0,63.0,63.5,0.635,36.5,27.0,1.0,76293.92,76332.21,659.041274,,32893,synced,coinbase_close_vs_recorded_strike,C:\Users\organ\Desktop\KALSHI PROBABILITY MODEL BOT\logs\edge_research\coinbase_btc_usd_1m_cache.parquet,2026-04-30 19:15:00+00:00,-1.0,38.29000000000815,1.4915199245094153,11.553263656323018,,,63.414861848741886,0.6038016780883013,0.7270122481686737,59.96542399646944,0.6385346329288447,0.7384371415079731,73.3483614623437,0.5220293846600219,0.6991750642983353,99.28408828430751,0.3856609922262853,0.6501261221472644,76322.11,28.19000000000233,0.4698333333333721,0.0,347.9295585677004,0.9999999967268848,0.999998949828848,0.9997711674447356,76328.84,34.919999999998254,0.1939999999999903,0.0,166.14400715600175,0.9972028890474844,0.988247829569229,0.9528777062097744,76321.04,27.119999999995343,0.0903999999999844,0.0,97.86733116959792,0.9486668597037464,0.9089441225764006,0.8378672543777914,76371.11,77.19000000000233,0.1286500000000038,0.0,123.07565990011072,0.9799367219672076,0.95332260360911,0.892444094385443,76364.45,70.52999999999884,0.0783666666666653,0.0,89.93686783914063,0.9331684575356508,0.8899308697354384,0.8174933775864593,76215.61,-78.30999999999767,-0.0435055555555542,78.30999999999767,9.618043240597888,0.5637143073288875,0.5521630782669339,0.5385867575570318,76341.41,47.49000000000524,0.0131916666666681,0.0,46.983852806192445,0.7833378391565897,0.7390949334168946,0.6819741716416163,-0.1034371415079731,True,0.6867185707539866,0.6670875321491676,0.7740346670705732,0.635,0.635,0.7287645143931412,0.10343714150797312,0.0641750642983353,0.5231257169840537,0.47687428301594625,0.6016498714033294,0.3983501285966706,0.6997477557054712,0.3002522442945288,0.3983501285966706,0.6016498714033294,0.0,0.6599682839603651,0.6089275835878358,0.6292341419801826,0.6606008279505572,0.5042185707539866,0.5559371415079731,0.7129519426947359,0.5717409689863209,0.5954685707539866,0.6112811424523918,0.5796559990555812,0.6431247610053155,0.5559371415079731,0.6057615185825699,0.5683982761598243,0.5960921175072645,0.6468967140161124,0.5559371415079731,0.6344445421013545,0.5559371415079731,train,hazard_primary_0.55,2,66.0,-64.0,-66.0,0.66
KXBTC15M-26APR301530-30,KXBTC15M-26APR301530-30|2026-04-30T19:21:00+00:00,v21_native_passive_ticker_minute,KXBTC15M-26APR301530-30|2026-04-30T19:21:00+00:00|no,2026-04-30 19:21:00.284851+00:00,2026-04-30 19:21:00+00:00,no,yes,True,False,1,74.0,73.0,73.5,0.735,26.5,47.0,1.0,76402.35,76444.96,539.715149,,33805,synced,coinbase_close_vs_recorded_strike,C:\Users\organ\Desktop\KALSHI PROBABILITY MODEL BOT\logs\edge_research\coinbase_btc_usd_1m_cache.parquet,2026-04-30 19:30:00+00:00,-1.0,42.61000000000058,1.834126265000356,14.207080958375984,,,40.75646081438418,1.0454784136939153,0.8520990438920797,74.64493951148042,0.5708357496015808,0.7159445064329186,65.6397386992502,0.6491494458140997,0.7418791077839599,75.39195249467305,0.5651796854977494,0.7140242236795075,76410.37,8.019999999989523,0.133666666666492,0.0,114.75192491623967,0.937890494564406,0.959786002928386,0.9360043881430576,76430.2,27.84999999999127,0.1547222222221737,0.0,126.11592722025216,0.9544424088615754,0.9726552561880192,0.9528170139898176,76413.89,11.539999999993595,0.0384666666666453,0.0,63.3710427315224,0.8020499948972953,0.83283705101822,0.7997012129943877,76421.83,19.479999999995925,0.0324666666666598,0.0,60.13275183753025,0.7897585567669071,0.8201935239995939,0.7874491769932674,76315.74,-86.61000000000058,-0.0962333333333339,86.61000000000058,-9.328587838766431,0.450272538037492,0.443493403555496,0.4507627352116396,76398.13,-4.220000000001164,-0.002344444444445,4.220000000001164,41.34466781734468,0.7101710202919044,0.7356110042483621,0.708290091854276,76391.38,-10.970000000001164,-0.0030472222222225,10.970000000001164,40.96536800429763,0.7084296801763448,0.7337170775663281,0.70656083071492,0.0190554935670813,True,0.7254722532164593,0.7384395538919799,0.7509981671100713,0.7159445064329186,0.7159445064329186,0.7426933509093346,0.01905549356708136,0.006879107783959948,0.5681109871341627,0.43188901286583725,0.5162417844320801,0.48375821556791987,0.5719515526409851,0.4280484473590149,0.43188901286583725,0.5681109871341627,1.0,0.6307278583627942,0.6644428401191479,0.6696139291813972,0.6763189286711266,0.5929722532164593,0.5834445064329186,0.6623822521959183,0.3120940123555668,0.6592222532164593,0.6895333519298755,0.628911154503043,0.6781296709552791,0.5834445064329186,0.6444281916498611,0.610726712344443,0.6634116824961278,0.6814625228523313,0.5834445064329186,0.6229133793144184,0.5834445064329186,train,hazard_primary_0.55,2,76.0,-74.0,-76.0,0.76
KXBTC15M-26APR301545-45,KXBTC15M-26APR301545-45|2026-04-30T19:42:00+00:00,v21_native_passive_ticker_minute,KXBTC15M-26APR301545-45|2026-04-30T19:42:00+00:00|no,2026-04-30 19:42:00.377379+00:00,2026-04-30 19:42:00+00:00,no,no,True,True,1,76.0,75.0,75.5,0.755,24.5,51.0,1.0,76440.0,76462.22,179.622621,,35023,synced,coinbase_close_vs_recorded_strike,C:\Users\organ\Desktop\KALSHI PROBABILITY MODEL BOT\logs\edge_research\coinbase_btc_usd_1m_cache.parquet,2026-04-30 19:45:00+00:00,-1.0,22.220000000001164,1.6579198831845272,12.842192193839638,,,79.58582757074191,0.2791954381607748,0.6099525778383061,47.28902012673503,0.4698765155304836,0.6807783781576751,39.28418703977256,0.5656219887535138,0.7141746116092271,41.82006766357894,0.5313238653449751,0.7024028148834873,76440.74,0.7400000000052387,0.0123333333334206,0.0,24.435345659016846,0.697325388291568,0.7330339311305146,0.7204897898023574,76404.92,-35.080000000001746,-0.1948888888888986,35.080000000001746,-12.78645302600058,0.3934303206272777,0.372406637152999,0.3798977976504779,76467.26,27.25999999999476,0.0908666666666492,0.0,38.541708828198026,0.7924708498856738,0.8367282403649299,0.8216334573866988,76471.06,31.05999999999767,0.0517666666666627,0.0,31.51846434710047,0.7474564640628135,0.7888158808484216,0.7744758256277013,76449.35,9.35000000000582,0.0103888888888953,0.0,24.086079451502325,0.6947422220257916,0.7301028370282185,0.717673987413162,76454.0,14.0,0.0077777777777777,0.0,23.61706483000117,0.6912581027023146,0.7261416201268169,0.7138714337124105,76283.23,-156.77000000000407,-0.0435472222222233,156.77000000000407,14.39793380717596,0.6196138359380087,0.6430066454189376,0.634683225224152,0.0742216218423249,True,0.7178891890788375,0.7345873058046135,0.7427497426811162,0.6807783781576751,0.6807783781576751,0.7402276834244372,0.07422162184232495,0.040825388390772877,0.6384432436846499,0.3615567563153501,0.5716507767815457,0.42834922321845426,0.5951943702330253,0.40480562976697465,0.3615567563153501,0.6384432436846499,0.0,0.5850118916049776,0.6284269950919953,0.6577559458024889,0.6615030307910561,0.5953891890788375,0.558278378157675,0.7008833590559723,0.4408038413039175,0.6566391890788374,0.6959835134473025,0.6172948647103724,0.66468558543845,0.558278378157675,0.6241288708110778,0.5835721561837056,0.6636982311902472,0.6694421053253892,0.558278378157675,0.6295808686068236,0.558278378157675,train,hazard_primary_0.55,2,78.0,24.0,22.0,0.78
KXBTC15M-26APR301600-00,KXBTC15M-26APR301600-00|2026-04-30T19:57:00+00:00,v21_native_passive_ticker_minute,KXBTC15M-26APR301600-00|2026-04-30T19:57:00+00:00|no,2026-04-30 19:57:00.556168+00:00,2026-04-30 19:57:00+00:00,no,no,True,True,1,79.0,78.0,78.5,0.785,21.5,57.0,1.0,76376.16,76413.29,179.443832,,35850,synced,coinbase_close_vs_recorded_strike,C:\Users\organ\Desktop\KALSHI PROBABILITY MODEL BOT\logs\edge_research\coinbase_btc_usd_1m_cache.parquet,2026-04-30 20:00:00+00:00,-1.0,37.129999999990105,2.7717922857596853,21.4702107237869,,,38.23349121947536,0.9711380994963086,0.8342602432322932,45.99116422121048,0.807328986528814,0.790261515925597,45.91317077974529,0.808700409259691,0.7906562536412103,42.44542380992637,0.8747703914151238,0.8091505747094712,76360.48,-15.680000000007569,-0.2613333333334594,15.680000000007569,-9.764654762699188,0.4159303014981251,0.4157896293417553,0.4090256803538898,76416.49,40.33000000000175,0.2240555555555652,0.0,77.33538746976961,0.953669708202533,0.953946211622539,0.9657721948954736,76398.86,22.69999999999709,0.0756666666666569,0.0,50.707916621321694,0.8648903765377003,0.8652968312249446,0.8838903583936064,76390.17,14.00999999999476,0.0233499999999912,0.0,41.32001347718854,0.8155228210989358,0.8159292096209403,0.8348440201671747,76440.0,63.83999999999651,0.0709333333333294,0.0,49.85854914985608,0.8608374937019453,0.8612453056924244,0.8799327658304615,76449.35,73.19000000000233,0.0406611111111124,0.0,44.426385591145895,0.8329720393416805,0.8333822724300446,0.8523742816361725,76340.95,-35.2100000000064,-0.0097805555555573,35.2100000000064,35.37493963201201,0.7791032583180804,0.7794908417916804,0.7976965454259521,-0.0052615159255969,True,0.7876307579627986,0.7878281268206051,0.8133839641544324,0.785,0.785,0.8025565300852191,0.005261515925596982,0.0056562536412102515,0.419476968148806,0.580523031851194,0.41868749271757943,0.5813125072824206,0.3816988505810577,0.6183011494189423,0.580523031851194,0.419476968148806,0.0,0.727339970703276,0.7278531297335733,0.7454199853516381,0.753409023005408,0.6801307579627985,0.6827615159255971,0.7821088332703386,0.6670120695049641,0.7338807579627986,0.7543284547776791,0.7134330611479179,0.7526743439503981,0.6827615159255971,0.7279331046615849,0.7031918653727718,0.7370649078895054,0.7557183081519777,0.6827615159255971,0.7324351745979678,0.6827615159255971,train,hazard_primary_0.55,2,81.0,21.0,19.0,0.81
KXBTC15M-26APR301615-15,KXBTC15M-26APR301615-15|2026-04-30T20:07:00+00:00,v21_native_passive_ticker_minute,KXBTC15M-26APR301615-15|2026-04-30T20:07:00+00:00|no,2026-04-30 20:07:00.618528+00:00,2026-04-30 20:07:00+00:00,no,yes,True,False,1,79.0,78.0,78.5,0.785,21.5,57.0,1.0,76350.0,76404.22,479.381472,,36417,synced,coinbase_close_vs_recorded_strike,C:\Users\organ\Desktop\KALSHI PROBABILITY MODEL BOT\logs\edge_research\coinbase_btc_usd_1m_cache.parquet,2026-04-30 20:15:00+00:00,-1.0,54.22000000000117,2.4763891408515315,19.182027802493742,,,78.49511987303401,0.690743578552426,0.7551366509718003,61.87573852899273,0.8762723692517325,0.8095590088495217,79.79430812726069,0.6794970878565411,0.7515885239074405,68.32911810229628,0.7935123634821073,0.786260315525919,76383.17,33.169999999998254,0.5528333333333042,0.0,319.2380571039872,0.9999998760899484,0.9999684306172004,0.9999985090646616,76393.14,43.13999999999942,0.2396666666666634,0.0,169.11175945599962,0.9968628095323956,0.9829693877875532,0.9933374246637584,76398.48,48.479999999995925,0.1615999999999864,0.0,131.68804587519463,0.9833424925696836,0.95056368603312,0.9730264456150716,76376.16,26.16000000000349,0.0436000000000058,0.0,75.12103217920395,0.8876381274210204,0.8267586151947981,0.8642031837736726,76398.86,48.86000000000058,0.0542888888888895,0.0,80.24508746880147,0.9026628697640428,0.8427078421342609,0.879880735117642,76467.26,117.25999999999476,0.0651444444444415,0.0,85.44903967039977,0.9163571524071334,0.8578852364437477,0.8944508118201198,76371.99,21.99000000000524,0.0061083333333347,0.0,57.14822182480186,0.8221518080535835,0.7630642824905793,0.7985257737522058,-0.0245590088495216,True,0.7972795044247609,0.7682942619537203,0.8593005004730685,0.785,0.785,0.8320362011687933,0.02455900884952167,0.03341147609255957,0.3808819823009566,0.6191180176990434,0.49682295218511907,0.5031770478148809,0.42747936894816196,0.572520631051838,0.5031770478148809,0.49682295218511907,0.0,0.7524267115043781,0.6770650810796726,0.7579633557521892,0.7777976050091575,0.6897795044247609,0.7020590088495218,0.8154480029386976,0.7174522669560117,0.743529504424761,0.7601177026548565,0.7269413061946652,0.7655393392330145,0.7020590088495218,0.7425425985649845,0.7195458578969545,0.7457521729634878,0.7684841602811849,0.7020590088495218,0.7587535058941097,0.7020590088495218,train,hazard_primary_0.55,2,81.0,-79.0,-81.0,0.81
KXBTC15M-26APR301630-30,KXBTC15M-26APR301630-30|2026-04-30T20:16:00+00:00,v21_native_passive_ticker_minute,KXBTC15M-26APR301630-30|2026-04-30T20:16:00+00:00|no,2026-04-30 20:16:00.159267+00:00,2026-04-30 20:16:00+00:00,no,yes,True,False,1,80.0,79.0,79.5,0.795,20.5,59.0,1.0,76326.04,76421.56,839.840733,,36923,synced,coinbase_close_vs_recorded_strike,C:\Users\organ\Desktop\KALSHI PROBABILITY MODEL BOT\logs\edge_research\coinbase_btc_usd_1m_cache.parquet,2026-04-30 20:30:00+00:00,-1.0,95.52000000000407,3.2960655991367527,25.53121434692763,,,198.69499826661183,0.4807368118639502,0.684648217726805,126.95085658002628,0.752417136624761,0.7740998778512889,104.66674647928406,0.9126107690651268,0.8192763557737063,99.72830870207736,0.957802265406456,0.8309187616781026,76412.39,86.35000000000582,1.4391666666667635,0.0,1304.1907882425855,1.0,1.0,1.0,76434.0,107.9600000000064,0.5997777777778134,0.0,599.237808526034,0.9999988221352653,0.99999999483433,0.9999999990649344,76379.38,53.34000000001106,0.1778000000000368,0.0,244.84368232743503,0.973112793651421,0.9903392437089248,0.9929578696922272,76383.17,57.13000000000466,0.0952166666666744,0.0,175.4868351271606,0.9165634197455046,0.9531920370219648,0.960766345007749,76391.98,65.94000000000233,0.0732666666666692,0.0,157.05233103780623,0.8919771054417283,0.933257382327398,0.9423489123023788,76388.0,61.9600000000064,0.0344222222222257,0.0,124.42918434260709,0.8364906592152037,0.8827433608360116,0.8939261746482965,76413.89,87.85000000000582,0.0244027777777793,0.0,116.01444677613044,0.8196030066251521,0.8661592109254108,0.8776471245796198,0.0209001221487111,True,0.7845499389256445,0.8071381778868532,0.8474042238342366,0.7740998778512889,0.7740998778512889,0.8243525220856709,0.020900122148711175,0.024276355773706237,0.45180024429742227,0.5481997557025777,0.36144728845258745,0.6385527115474126,0.33816247664379473,0.6618375233562053,0.5481997557025777,0.45180024429742227,0.0,0.7063298412066754,0.7650592625058181,0.7404149206033379,0.7582261999684798,0.6820499389256445,0.6715998778512889,0.7996724976559286,0.6455110350677198,0.7332999389256445,0.7579799633553866,0.7086199144959022,0.746899918567526,0.6715998778512889,0.7199376737445704,0.6929754289216148,0.7379577966654113,0.7504081029993148,0.6715998778512889,0.7356361877536088,0.6715998778512889,train,hazard_primary_0.55,2,82.0,-80.0,-82.0,0.82
KXBTC15M-26APR301645-45,KXBTC15M-26APR301645-45|2026-04-30T20:37:00+00:00,v21_native_passive_ticker_minute,KXBTC15M-26APR301645-45|2026-04-30T20:37:00+00:00|yes,2026-04-30 20:37:00.715346+00:00,2026-04-30 20:37:00+00:00,yes,yes,True,True,1,77.0,75.0,76.0,0.76,24.0,52.0,2.0,76481.17,76440.76,479.284654,,38160,synced,coinbase_close_vs_recorded_strike,C:\Users\organ\Desktop\KALSHI PROBABILITY MODEL BOT\logs\edge_research\coinbase_btc_usd_1m_cache.parquet,2026-04-30 20:45:00+00:00,1.0,40.41000000000349,1.8458316505314056,14.297750484821368,,,59.03215369306095,0.6845421939053118,0.753183572463499,54.46374800811952,0.7419614234771195,0.7709446456650879,86.08372249329565,0.4694267258615668,0.6806176755967136,83.19649552138178,0.485717574361266,0.6864162892286968,76470.0,11.169999999998254,0.1861666666666375,0.0,129.6368264196562,0.9913493322284184,0.9339585704133666,0.9404071445801776,76471.37,9.80000000000291,0.0544444444444606,0.0,66.50438671778902,0.8889714159163598,0.7801070266403698,0.787960670498862,76442.0,39.169999999998254,0.1305666666666608,0.0,102.98859965726736,0.970684950530542,0.884225295379754,0.8921226662819706,76431.92,49.25,0.0820833333333333,0.0,79.75128201583682,0.9284440410426028,0.8228909499771884,0.831117192659794,76488.7,-7.529999999998836,-0.0083666666666653,7.529999999998836,36.39998506153744,0.7480398541212792,0.6637954565365284,0.6691322278637744,76350.0,131.16999999999825,0.0728722222222212,0.0,75.33653781399192,0.9167046456192158,0.8092550158082383,0.817406438481782,76467.26,13.910000000003492,0.0038638888888898,0.0,42.26190264920951,0.7811148512138926,0.6882653929572333,0.6942652484385117,-0.0109446456650879,True,0.765472322832544,0.7203088377983569,0.8338765320652101,0.76,0.76,0.8054203838056347,0.010944645665087904,0.07938232440328641,0.4581107086698242,0.5418892913301758,0.6387646488065728,0.3612353511934272,0.6271674215426064,0.3728325784573936,0.3612353511934272,0.6387646488065728,0.15059999999997672,0.7022280393646142,0.5848029782757276,0.7191140196823073,0.7401825147353613,0.645472322832544,0.6509446456650879,0.7760793129386535,0.6088377863832346,0.7054723228325439,0.7272833936995263,0.6836612519655615,0.727296430443392,0.6509446456650879,0.7002097098460589,0.6731229892487258,0.7084642171672149,0.7303716188390542,0.6509446456650879,0.7135119793018707,0.6509446456650879,train,hazard_primary_0.55,2,79.0,23.0,21.0,0.79
KXBTC15M-26APR301700-00,KXBTC15M-26APR301700-00|2026-04-30T20:50:00+00:00,v21_native_passive_ticker_minute,KXBTC15M-26APR301700-00|2026-04-30T20:50:00+00:00|yes,2026-04-30 20:50:00.444392+00:00,2026-04-30 20:50:00+00:00,yes,no,True,False,1,70.0,69.0,69.5,0.695,30.5,39.0,1.0,76526.75,76495.85,599.555608,,38856,synced,coinbase_close_vs_recorded_strike,C:\Users\organ\Desktop\KALSHI PROBABILITY MODEL BOT\logs\edge_research\coinbase_btc_usd_1m_cache.parquet,2026-04-30 21:00:00+00:00,1.0,30.89999999999418,1.261954639553701,9.775058605321332,,,36.17154623592612,0.8542626239545116,0.8035202542591275,41.426627856037086,0.7458970618457214,0.7721351998693952,70.51353043773607,0.4382137698704377,0.6693843361835461,79.67046060875114,0.3878476384332598,0.6509356053994481,76520.15,6.600000000005821,0.110000000000097,0.0,96.85111688005234,0.990303658874112,0.9152032438341544,0.8879401944669111,76483.06,43.69000000000233,0.2427222222222351,0.0,176.42546951955748,0.999989721137032,0.9938254562064304,0.9866007434301732,76482.64,44.11000000000058,0.1470333333333352,0.0,119.05465956292868,0.99797260795104,0.9543322407515205,0.9324564540902294,76488.38,38.36999999999534,0.0639499999999922,0.0,69.24158113158953,0.9526813091332794,0.8369406236596479,0.8076037260912754,76443.99,82.75999999999476,0.0919555555555497,0.0,86.03246902007959,0.9810873679111792,0.8887835875110686,0.859896409580335,76366.18,160.57000000000698,0.0892055555555594,0.0,84.3836910980854,0.9791721366918884,0.8842886590464535,0.8552363294212442,76410.01,116.74000000000524,0.0324277777777792,0.0,50.3422560216395,0.8878579332357288,0.7623670966427527,0.7362677035829823,-0.0771351998693952,True,0.7335675999346976,0.6821921680917731,0.8217026026068117,0.695,0.695,0.7787350815510266,0.07713519986939521,0.02561566381645386,0.4557296002612097,0.5442703997387903,0.6612313276329078,0.3387686723670922,0.6981287892011039,0.3018712107988961,0.3387686723670922,0.6612313276329078,0.0,0.7037757598302137,0.5701996370386099,0.6841378799151069,0.7144351407102109,0.5810675999346975,0.6196351998693952,0.7636621215249054,0.6440676605338943,0.6573175999346976,0.6723905599608184,0.6422446399085766,0.6955901332462634,0.6196351998693952,0.6644605018828388,0.6333308705194142,0.6583163084096892,0.6993075106178948,0.6196351998693952,0.6916486606971504,0.6196351998693952,train,hazard_primary_0.55,2,72.0,-70.0,-72.0,0.72
KXBTC15M-26APR301715-15,KXBTC15M-26APR301715-15|2026-04-30T21:06:00+00:00,v21_native_passive_ticker_minute,KXBTC15M-26APR301715-15|2026-04-30T21:06:00+00:00|yes,2026-04-30 21:06:00.045195+00:00,2026-04-30 21:06:00+00:00,yes,no,True,False,1,71.0,70.0,70.5,0.705,29.5,41.0,1.0,76490.61,76468.89,539.954805,,39766,synced,coinbase_close_vs_recorded_strike,C:\Users\organ\Desktop\KALSHI PROBABILITY MODEL BOT\logs\edge_research\coinbase_btc_usd_1m_cache.parquet,2026-04-30 21:15:00+00:00,1.0,21.720000000001164,0.9347190971010148,7.240302992908528,,,15.909638536373942,1.3652101492025157,0.9139064953160524,34.730526802466734,0.6253864251335947,0.7341412652822287,37.52672959678932,0.578787446531431,0.7186336986897859,70.75616579574651,0.3069697143101394,0.6205667877562531,76487.08,3.529999999998836,0.0588333333333139,0.0,53.487341027490686,0.9382279985091876,0.922966649144122,0.7751570974037383,76485.71,4.899999999994179,0.0272222222221898,0.0,36.41876969165037,0.8528211211032253,0.8340952212300827,0.6966214840931086,76470.69,19.919999999998254,0.0663999999999941,0.0,57.572999051998025,0.9513115784056994,0.9375081016230083,0.7920863470131018,76505.83,-15.220000000001164,-0.0253666666666686,15.220000000001164,8.023146446500117,0.5913470140666036,0.5846477774112796,0.5451399034305064,76504.82,-14.210000000006405,-0.015788888888896,14.210000000006405,13.194713578830656,0.6479964437135,0.6374340199231823,0.5739663943329829,76470.0,20.610000000000586,0.0114500000000003,0.0,27.902482517251336,0.7891280235221769,0.7714214481014017,0.6533375703156776,76383.17,107.44000000000231,0.029844444444445,0.0,37.834651180334845,0.862006254525166,0.8433220654119014,0.7035778359524203,-0.0291412652822287,True,0.7195706326411143,0.7118168493448929,0.7968176145626428,0.705,0.705,0.7630046952658085,0.029141265282228712,0.013633698689785922,0.5317174694355427,0.46828253056445734,0.5627326026204282,0.43726739737957177,0.7588664244874939,0.24113357551250614,0.43726739737957177,0.5627326026204282,0.2842000000001281,0.6543836448668973,0.6342238082967215,0.6649418224334486,0.6895729802740185,0.5720706326411142,0.5866412652822286,0.7251229483222479,0.5065736884050016,0.6458206326411142,0.6694923795846686,0.62214888569756,0.6752608435214857,0.5866412652822286,0.6433694246886185,0.6114780058557512,0.6480913564482585,0.6782378652455523,0.5866412652822286,0.6558821068022382,0.5866412652822286,train,hazard_primary_0.55,2,73.0,-71.0,-73.0,0.73
KXBTC15M-26APR301730-30,KXBTC15M-26APR301730-30|2026-04-30T21:16:00+00:00,v21_native_passive_ticker_minute,KXBTC15M-26APR301730-30|2026-04-30T21:16:00+00:00|no,2026-04-30 21:16:00.533975+00:00,2026-04-30 21:16:00+00:00,no,no,True,True,1,67.0,66.0,66.5,0.665,33.5,33.0,1.0,76411.47,76462.25,839.466025,,40344,synced,coinbase_close_vs_recorded_strike,C:\Users\organ\Desktop\KALSHI PROBABILITY MODEL BOT\logs\edge_research\coinbase_btc_usd_1m_cache.parquet,2026-04-30 21:30:00+00:00,-1.0,50.77999999999884,1.7526336047563411,13.575841526449564,,,87.65449389827732,0.5793199839694336,0.7188133581295687,70.54312638585849,0.719843344087717,0.7641892727809871,62.592003959416985,0.8112857360010914,0.7913992002328678,75.28636390545282,0.6744913336998197,0.750000503200122,76452.22,40.75,0.6791666666666667,0.0,620.9173419791655,1.0,1.0,1.0,76427.0,15.529999999998836,0.0862777777777713,0.0,123.20726315693784,0.9596424905842698,0.9754900517284208,0.9491340745823564,76422.13,10.660000000003492,0.0355333333333449,0.0,80.60902608834195,0.8734166357396027,0.9011006685572378,0.857847578441786,76490.61,79.13999999999942,0.131899999999999,0.0,161.505568697498,0.98897364019344,0.9950641418603704,0.9840322393998688,76470.69,59.22000000000117,0.0658000000000012,0.0,106.01686444499992,0.9335631957370812,0.9548461179280217,0.9204613327733144,76484.01,72.5399999999936,0.0402999999999964,0.0,84.61048080749585,0.8848166824473648,0.9117767944661844,0.8694613873616572,76326.04,-85.43000000000757,-0.0237305555555576,85.43000000000757,30.859004856733183,0.6691070442943183,0.6890001798299161,0.6590560808316468,-0.0991892727809871,True,0.7145946363904936,0.7281996001164339,0.7675353028401967,0.665,0.665,0.7364401089822167,0.0991892727809871,0.12639920023286777,0.4716214544380257,0.5283785455619743,0.4172015995342644,0.5827984004657356,0.49999899359975597,0.500001006400244,0.5283785455619743,0.4716214544380257,0.0,0.6934460546152832,0.7288189603027281,0.6624730273076417,0.6833146908816019,0.5470946363904936,0.5966892727809872,0.7227779635384141,0.6157202091359346,0.6308446363904936,0.6445067818342961,0.617182490946691,0.6752928485206581,0.5966892727809872,0.6409089386499014,0.6065250287791447,0.6315036354885897,0.6794061188912262,0.5966892727809872,0.6597336181597007,0.5966892727809872,train,hazard_primary_0.55,2,69.0,33.0,31.0,0.69
KXBTC15M-26APR301745-45,KXBTC15M-26APR301745-45|2026-04-30T21:31:00+00:00,v21_native_passive_ticker_minute,KXBTC15M-26APR301745-45|2026-04-30T21:31:00+00:00|yes,2026-04-30 21:31:00.985367+00:00,2026-04-30 21:31:00+00:00,yes,yes,True,True,1,68.0,67.0,67.5,0.675,32.5,35.0,1.0,76330.53,76301.22,839.014633,,41111,synced,coinbase_close_vs_recorded_strike,C:\Users\organ\Desktop\KALSHI PROBABILITY MODEL BOT\logs\edge_research\coinbase_btc_usd_1m_cache.parquet,2026-04-30 21:45:00+00:00,1.0,29.30999999999767,1.011884750084706,7.838025570718641,,,115.24655779588691,0.2543242987951847,0.6003774854577808,88.78726458519897,0.3301149116028034,0.6293434317987073,78.7989623025605,0.3719592129583827,0.6450383913366429,68.14928246653086,0.4300852325832228,0.6664331790861451,76303.98,26.55000000000291,0.4425000000000485,0.0,400.5739751025384,0.9999967832091738,0.999999814721902,0.9999999979223536,76354.18,-23.64999999999418,-0.1313888888888565,23.64999999999418,-80.92720039136408,0.1810230850192109,0.1522082418262806,0.1175154380910207,76355.05,-24.520000000004075,-0.0817333333333469,24.520000000004075,-39.26546267054705,0.3291570270549199,0.3091365733282563,0.2822506828560482,76420.76,-90.22999999999593,-0.1503833333333265,90.22999999999593,-96.86381722597996,0.1376440944423175,0.1094885851938068,0.0776078698747623,76411.47,-80.94000000000233,-0.0899333333333359,80.94000000000233,-46.14538266113783,0.3016259749126407,0.2790691445783921,0.2491642561097358,76470.69,-140.1600000000035,-0.0778666666666686,140.1600000000035,-36.02127275627062,0.34248036443577,0.3237892460091888,0.2985538910655869,76440.22,-109.69000000000231,-0.030469444444445,109.69000000000231,3.745690251727684,0.5168252854911033,0.5189564888985876,0.5219160367775184,0.0456565682012927,True,0.6521717158993536,0.6600191956683215,0.5445001529512091,0.6293434317987073,0.3291570270549199,0.5921344349505963,0.04565656820129271,0.029961608663357175,0.7413131364025853,0.25868686359741466,0.7099232173267143,0.29007678267328574,0.6671336418277098,0.33286635817229016,0.25868686359741466,0.7413131364025853,1.0,0.5181464613383194,0.5385499087376358,0.5803232306691599,0.5457389333746518,0.4896717158993537,0.4668434317987073,0.5005031213103377,0.09160256630290664,0.5709217158993537,0.6125530295396122,0.5292904022590952,0.5903956211991382,0.4668434317987073,0.5457302203758877,0.5010648195526372,0.5742061472769882,0.59286514520524,0.4668434317987073,0.4836732765545225,0.4668434317987073,train,fallback_score_min60,2,70.0,32.0,30.0,0.7
KXBTC15M-26APR301800-00,KXBTC15M-26APR301800-00|2026-04-30T21:46:00+00:00,v21_native_passive_ticker_minute,KXBTC15M-26APR301800-00|2026-04-30T21:46:00+00:00|no,2026-04-30 21:46:00.597896+00:00,2026-04-30 21:46:00+00:00,no,no,True,True,1,73.0,72.0,72.5,0.725,27.5,45.0,1.0,76320.4,76368.07,839.402104,,41847,synced,coinbase_close_vs_recorded_strike,C:\Users\organ\Desktop\KALSHI PROBABILITY MODEL BOT\logs\edge_research\coinbase_btc_usd_1m_cache.parquet,2026-04-30 22:00:00+00:00,-1.0,47.670000000012806,1.645356931790836,12.74487999078568,,,85.23408226011153,0.5592833140918532,0.7120158094057892,72.96550533770167,0.6533224128221238,0.7432257769060667,80.3561901428552,0.5932337000455882,0.7234876189033355,71.38731282952214,0.6677657150907483,0.7478584226196812,76354.2,33.80000000000291,0.5633333333333819,0.0,520.5331852533868,0.9999999999995124,0.9999999999534724,0.999999999999847,76404.15,83.75,0.4652777777777778,0.0,438.22514561112393,0.9999999990487628,0.9999999753106302,0.9999999995839968,76382.47,62.070000000006985,0.2069000000000233,0.0,221.3422953176324,0.9987914052168612,0.9970610362250468,0.9990342999301716,76406.88,86.48000000001048,0.1441333333333508,0.0,168.65582325656078,0.9895958828637226,0.9820850653449594,0.9909250600059576,76330.53,10.130000000004657,0.0112555555555607,0.0,57.117937015039374,0.7831298872567861,0.7613988291872169,0.7881774161750073,76411.47,91.07000000000698,0.0505944444444483,0.0,90.13908311739384,0.8916527852715497,0.8690143724014342,0.8966472706413899,76484.01,163.61000000000058,0.0454472222222223,0.0,85.81849395430183,0.8802328441269487,0.8572343631166679,0.8853479312238236,-0.0182257769060667,True,0.7341128884530334,0.7242438094516677,0.8223390607076425,0.725,0.725,0.7852260141151922,0.01822577690606675,0.0015123810966645168,0.5135484461878665,0.48645155381213345,0.5530247621933291,0.4469752378066709,0.5042831547606377,0.4957168452393623,0.4469752378066709,0.5530247621933291,0.0,0.6661935099778867,0.640533904574336,0.6818467549889433,0.7092258955106294,0.5966128884530333,0.6057257769060667,0.7613711694964056,0.5863306943338196,0.6653628884530334,0.6892177330718199,0.6415080438342466,0.6913171846040443,0.6057257769060667,0.6608282206450735,0.6303392566861028,0.6680526534368629,0.6943484043767023,0.6057257769060667,0.6835484732012361,0.6057257769060667,train,hazard_primary_0.55,2,75.0,27.0,25.0,0.75
KXBTC15M-26APR301815-15,KXBTC15M-26APR301815-15|2026-04-30T22:06:00+00:00,v21_native_passive_ticker_minute,KXBTC15M-26APR301815-15|2026-04-30T22:06:00+00:00|yes,2026-04-30 22:06:00.200462+00:00,2026-04-30 22:06:00+00:00,yes,yes,True,True,1,74.0,73.0,73.5,0.735,26.5,47.0,1.0,76286.59,76249.47,539.799538,,42850,synced,coinbase_close_vs_recorded_strike,C:\Users\organ\Desktop\KALSHI PROBABILITY MODEL BOT\logs\edge_research\coinbase_btc_usd_1m_cache.parquet,2026-04-30 22:15:00+00:00,1.0,37.11999999999534,1.5976870435219428,12.375630624023698,,,119.92142126729046,0.3095360245711174,0.6215430934545788,110.85247891059502,0.3348594489252102,0.6311344435580929,89.29211198771738,0.4157142123046816,0.6611904299183305,78.57481310132125,0.4724160139220383,0.6816850619084587,76252.79,33.80000000000291,0.5633333333333819,0.0,341.2070730733549,0.9989581245573182,0.9999336102797604,0.999992954821399,76276.09,10.5,0.0583333333333333,0.0,68.60830638332868,0.7320139537770625,0.7788627299721113,0.808711794546238,76270.69,15.89999999999418,0.0529999999999806,0.0,65.72937551398488,0.7233908758624814,0.7691700258732057,0.7985686878089985,76246.02,40.56999999999243,0.067616666666654,0.0,73.61944542775521,0.7466935251491922,0.7951661964304619,0.8256038487639179,76310.78,-24.19000000000233,-0.0268777777777803,24.19000000000233,22.611387973082834,0.5808143761837241,0.5999545257229144,0.6132381796364657,76406.88,-120.29000000000816,-0.0668277777777823,120.29000000000816,1.0463964299817905,0.5037657757649177,0.5046750179169255,0.5053126367446226,76490.61,-204.02000000000407,-0.0566722222222233,204.02000000000407,6.528360627005846,0.5234810658771868,0.52914166293505,0.5331078833112262,0.103865556441907,True,0.6830672217790464,0.6980952149591653,0.6965084398068582,0.6311344435580929,0.6311344435580929,0.7015185082399241,0.10386555644190709,0.07380957008166944,0.7377311128838142,0.2622688871161858,0.6776191401633389,0.3223808598366611,0.6366298761830829,0.36337012381691713,0.2622688871161858,0.7377311128838142,0.4838000000000466,0.5204747766255207,0.5595475588938297,0.6144873883127604,0.6133264758990086,0.5505672217790465,0.4986344435580929,0.6300553969515403,0.23784797470242458,0.6168172217790464,0.6640903330674278,0.569544110490665,0.6215896290387286,0.4986344435580929,0.5732238410593798,0.5248580530800311,0.6241825179686065,0.6265056780741467,0.4986344435580929,0.5643449202548166,0.4986344435580929,train,fallback_score_min60,2,76.0,26.0,24.0,0.76
KXBTC15M-26APR301830-30,KXBTC15M-26APR301830-30|2026-04-30T22:18:00+00:00,v21_native_passive_ticker_minute,KXBTC15M-26APR301830-30|2026-04-30T22:18:00+00:00|yes,2026-04-30 22:18:00.218036+00:00,2026-04-30 22:18:00+00:00,yes,yes,True,True,1,80.0,79.0,79.5,0.795,20.5,59.0,1.0,76381.31,76331.18,719.781964,,43490,synced,coinbase_close_vs_recorded_strike,C:\Users\organ\Desktop\KALSHI PROBABILITY MODEL BOT\logs\edge_research\coinbase_btc_usd_1m_cache.parquet,2026-04-30 22:30:00+00:00,1.0,50.13000000000466,1.868517736160355,14.473476148484478,,,45.8733770632572,1.0927907036553637,0.8627571478900156,91.15775371834808,0.549925792981827,0.7088148638514554,103.69056929345862,0.483457660051319,0.6856145920930561,90.51295901969164,0.5538433451181125,0.7101569694689817,76361.61,19.69999999999709,0.3283333333332848,0.0,286.4584115133031,0.999162289846633,0.9971330913095588,0.9992241404216572,76332.07,49.23999999999069,0.2735555555555038,0.0,247.0303550408563,0.9966350431128492,0.9913994351535876,0.9968258445864472,76327.15,54.16000000000349,0.1805333333333449,0.0,180.07463723414637,0.9758896152705394,0.9587758651041632,0.9766764340829904,76302.29,79.02000000000407,0.1317000000000067,0.0,144.92528465880957,0.9440633771310736,0.9188940320346688,0.9453287130236344,76276.09,105.22000000000116,0.1169111111111124,0.0,134.28050916898337,0.9296320807693168,0.902341917867866,0.9310358417109862,76296.72,84.58999999999651,0.0469944444444425,0.0,83.95575351931437,0.8214732468160003,0.7909367595003238,0.823180791944446,76393.94,-12.630000000004657,-0.0035083333333346,12.630000000004657,47.60476494297039,0.6992428041659821,0.6769202918105146,0.7005365079008656,0.0861851361485446,True,0.7519074319257277,0.740307296046528,0.8265681597073317,0.7088148638514554,0.7088148638514554,0.8053223822095444,0.08618513614854462,0.10938540790694395,0.5823702722970892,0.41762972770291085,0.6287708158138878,0.37122918418611217,0.5796860610620367,0.4203139389379633,0.37122918418611217,0.6287708158138878,0.0,0.621459323006892,0.5912989697209728,0.6979796615034461,0.7160686230305,0.6494074319257277,0.6063148638514555,0.7675853549798356,0.5152186892299648,0.7006574319257277,0.7383944591554367,0.6629204046960189,0.7033765759009704,0.6063148638514555,0.6648134212437007,0.626250266586431,0.7096304790536961,0.7093587573151144,0.6063148638514555,0.6869501094156456,0.6063148638514555,train,hazard_primary_0.55,2,82.0,20.0,18.0,0.82
KXBTC15M-26APR301845-45,KXBTC15M-26APR301845-45|2026-04-30T22:34:00+00:00,v21_native_passive_ticker_minute,KXBTC15M-26APR301845-45|2026-04-30T22:34:00+00:00|no,2026-04-30 22:34:00.984922+00:00,2026-04-30 22:34:00+00:00,no,no,True,True,1,89.0,88.0,88.5,0.885,11.5,77.0,1.0,76303.31,76403.51,659.015078,,44370,synced,coinbase_close_vs_recorded_strike,C:\Users\organ\Desktop\KALSHI PROBABILITY MODEL BOT\logs\edge_research\coinbase_btc_usd_1m_cache.parquet,2026-04-30 22:45:00+00:00,-1.0,100.19999999999708,3.9031931770178527,30.234004343241125,,,152.4022431204037,0.6574706378884148,0.7445608276518412,95.18926137174462,1.0526397469214928,0.8537469333837595,83.73214477920817,1.1966730371497436,0.8842829898345896,89.67696933655222,1.1173437365390055,0.8680763091182189,76400.2,96.88999999999942,1.6148333333333236,0.0,1164.3995151236572,1.0,1.0,1.0,76408.27,104.9600000000064,0.5831111111111467,0.0,484.47901437157606,0.9999998206274648,0.9999999963971248,0.9999999671391112,76384.42,81.11000000000058,0.2703666666666686,0.0,278.37570992193173,0.998274641847294,0.99955726924972,0.9990460450534714,76363.99,60.68000000000757,0.1011333333333459,0.0,166.84839155507206,0.9601824184853148,0.9768498015826076,0.96859605046633,76385.39,82.08000000000175,0.0912000000000019,0.0,160.30217511359837,0.9539126768388452,0.9722195513136852,0.9630757785260105,76215.62,-87.69000000000233,-0.0487166666666679,87.69000000000233,68.0949821167629,0.7628079611253262,0.7919619992059606,0.7761743093477771,76367.88,64.57000000000698,0.017936111111113,0.0,112.02016766290392,0.8803653586130475,0.9095256128234096,0.8941952620131455,0.0312530666162405,True,0.8693734666918798,0.8846414949172948,0.9123405250770178,0.8537469333837595,0.8537469333837595,0.8982790083845866,0.0312530666162405,0.00071701016541037,0.292506133232481,0.707493866767519,0.23143402033082072,0.7685659796691793,0.26384738176356226,0.7361526182364377,0.707493866767519,0.292506133232481,0.0,0.8098710133988873,0.8495678867849665,0.8416855066994438,0.8530129708841732,0.8118734666918798,0.7962469333837595,0.8805283950613385,0.8073213309522485,0.8406234666918797,0.8583740800151278,0.8228728533686316,0.844997955589173,0.7962469333837595,0.8266191400316517,0.8082403244741303,0.8457733359697338,0.8484699625813528,0.7962469333837595,0.838387664222549,0.7962469333837595,train,fallback_score_min60,1,90.0,11.0,10.0,0.9
KXBTC15M-26APR301900-00,KXBTC15M-26APR301900-00|2026-04-30T22:52:00+00:00,v21_native_passive_ticker_minute,KXBTC15M-26APR301900-00|2026-04-30T22:52:00+00:00|yes,2026-04-30 22:52:00.575021+00:00,2026-04-30 22:52:00+00:00,yes,no,True,False,1,77.0,76.0,76.5,0.765,23.5,53.0,1.0,76323.76,76292.15,479.424979,,45247,synced,coinbase_close_vs_recorded_strike,C:\Users\organ\Desktop\KALSHI PROBABILITY MODEL BOT\logs\edge_research\coinbase_btc_usd_1m_cache.parquet,2026-04-30 23:00:00+00:00,1.0,31.610000000000586,1.4436574849536488,11.182522793706331,,,26.53743652700518,1.19114745570219,0.8832021486085029,42.41327226031227,0.7452855749019694,0.7719504501840708,65.23417687659287,0.4845619507056705,0.6860064452414242,74.1333142690321,0.4263939945445702,0.6650896116616913,76315.99,7.769999999989523,0.1294999999998253,0.0,93.69553478041686,0.9864164643763684,0.9245408195895825,0.8968632593767036,76276.28,47.479999999995925,0.2637777777777551,0.0,158.0716555717675,0.9999030901206712,0.9923065386630752,0.9835073466237234,76273.08,50.679999999993015,0.16893333333331,0.0,112.60085978572276,0.9960328114702706,0.9578354908503942,0.9356057728176728,76280.01,43.75,0.0729166666666666,0.0,66.56807138541726,0.9417354695184932,0.8462419298195312,0.8153941191250549,76269.7,54.05999999999767,0.060066666666664,0.0,60.40746040526601,0.922814161326792,0.8227794500663801,0.7924206386740666,76362.82,-39.060000000012224,-0.0217000000000067,39.060000000012224,21.206477955697327,0.6914611482936304,0.627440617538926,0.612583410510023,76295.94,27.819999999992437,0.0077277777777756,0.0,35.31488969882735,0.7974754564621965,0.7058687623265376,0.6830946115920099,-0.0069504501840708,True,0.7684752250920355,0.7255032226207121,0.8443277538847805,0.765,0.765,0.8132916973492753,0.006950450184070811,0.07899355475857583,0.45609909963185835,0.5439009003681416,0.6279871095171516,0.37201289048284836,0.6698207766766173,0.3301792233233827,0.37201289048284836,0.6279871095171516,0.0,0.703535585239292,0.5918083788138514,0.7225177926196461,0.7456210737666731,0.6509752250920354,0.6544504501840709,0.7911817873860896,0.6435041815151687,0.7097252250920354,0.7318351350552212,0.6876153151288495,0.7304669667893805,0.6544504501840709,0.7035536482554764,0.6766403297215724,0.7128927346544631,0.7335617352242668,0.6544504501840709,0.7228161187850802,0.6544504501840709,train,hazard_primary_0.55,2,79.0,-77.0,-79.0,0.79
KXBTC15M-26APR301915-15,KXBTC15M-26APR301915-15|2026-04-30T23:05:00+00:00,v21_native_passive_ticker_minute,KXBTC15M-26APR301915-15|2026-04-30T23:05:00+00:00|yes,2026-04-30 23:05:00.526228+00:00,2026-04-30 23:05:00+00:00,yes,yes,True,True,1,70.0,69.0,69.5,0.695,30.5,39.0,1.0,76229.13,76199.18,599.473772,,45919,synced,coinbase_close_vs_recorded_strike,C:\Users\organ\Desktop\KALSHI PROBABILITY MODEL BOT\logs\edge_research\coinbase_btc_usd_1m_cache.parquet,2026-04-30 23:15:00+00:00,1.0,29.95000000001164,1.2232401669630364,9.47517759011964,,,107.80975722663786,0.2778041688476368,0.6094186545859364,97.53773366936248,0.3070606510249399,0.6206013961459036,78.73523843208336,0.38038876361372,0.6481715728863631,77.97044351237786,0.3841199132753049,0.6495552135512558,76177.0,52.13000000000466,0.868833333333411,0.0,550.7927955727249,0.9999999918350524,0.9999999999986784,0.9999999999991918,76222.37,6.760000000009313,0.0375555555556072,0.0,52.46357054848711,0.7046699608387603,0.7473995746825993,0.7494833610136126,76205.36,23.770000000004075,0.0792333333333469,0.0,77.44830520148645,0.7864122656247654,0.8373573957025864,0.8397189349378862,76225.01,4.120000000009895,0.0068666666666831,0.0,34.06638656775486,0.6365543138800872,0.6673727868586738,0.6689131789862013,76296.39,-67.25999999999476,-0.0747333333333275,67.25999999999476,-14.850673227451544,0.4394926427499479,0.4251971572032917,0.424472219218896,76320.32,-91.19000000000231,-0.0506611111111124,91.19000000000231,-0.4200073714780252,0.4982821193969317,0.4978718816729989,0.497851007629634,76252.79,-23.65999999998894,-0.0065722222222191,23.65999999998894,26.010125154035705,0.60513733759053,0.6294319495341374,0.6306553475098386,0.0743986038540963,True,0.6578006980729518,0.6715857864431816,0.7006712205902229,0.6206013961459036,0.6206013961459036,0.6909628719687242,0.07439860385409636,0.046828427113636883,0.7587972077081928,0.2412027922918072,0.7036568542272739,0.29634314577272614,0.7008895728974884,0.29911042710251157,0.2412027922918072,0.7587972077081928,1.0,0.5067818149896747,0.542623044752272,0.5856409074948372,0.5947821340573138,0.5053006980729517,0.4681013961459036,0.5955831511979047,0.11984401885428372,0.5815506980729518,0.626930418843771,0.5361709773021325,0.5945675974306024,0.4681013961459036,0.5473463749517279,0.5001251524728535,0.5861121381982622,0.5977209287087195,0.4681013961459036,0.5318422736719042,0.4681013961459036,train,fallback_score_min60,2,72.0,30.0,28.0,0.72
KXBTC15M-26APR301930-30,KXBTC15M-26APR301930-30|2026-04-30T23:25:00+00:00,v21_native_passive_ticker_minute,KXBTC15M-26APR301930-30|2026-04-30T23:25:00+00:00|yes,2026-04-30 23:25:00.015087+00:00,2026-04-30 23:25:00+00:00,yes,yes,True,True,1,75.0,74.0,74.5,0.745,25.5,49.0,1.0,76286.6,76265.79,299.984913,,47034,synced,coinbase_close_vs_recorded_strike,C:\Users\organ\Desktop\KALSHI PROBABILITY MODEL BOT\logs\edge_research\coinbase_btc_usd_1m_cache.parquet,2026-04-30 23:30:00+00:00,1.0,20.810000000012224,1.2014961221841545,9.306748943504042,,,32.794857759279616,0.6345507015996689,0.7371392553707453,30.647189786648195,0.6790182116168557,0.7514368385776845,57.50989069874332,0.3618508007435137,0.6412682363536503,58.368537015392505,0.3565276956406217,0.6392772925897887,76282.01,4.59000000001106,0.0765000000001843,0.0,43.75884584456752,0.923328986165222,0.7766393676422269,0.7732820570156298,76276.23,10.370000000009895,0.057611111111166,0.0,38.09246415452871,0.8930541024422496,0.7461309200332654,0.7429992978409664,76278.48,8.120000000009895,0.0270666666666996,0.0,28.92959164522212,0.8274038746620341,0.692530801915261,0.6899246381739219,76266.31,20.29000000000815,0.0338166666666802,0.0,30.954489807966297,0.8437588278454672,0.7047965139082057,0.702057852336879,76193.88,92.72000000000116,0.1030222222222235,0.0,51.71511237041261,0.9542400418987228,0.8157372022476961,0.8121939532824896,76225.01,61.59000000001106,0.0342166666666728,0.0,31.07448377316407,0.8446948702107167,0.7055162499090428,0.7027700185611303,76364.96,-78.36000000000058,-0.0217666666666668,78.36000000000058,14.280328393712177,0.679377511530249,0.598053037871046,0.5966393669995043,-0.0064368385776845,True,0.7482184192888423,0.6931341181768251,0.7746135710799061,0.745,0.745,0.7634118265057123,0.006436838577684512,0.10373176364634973,0.497126322844631,0.502873677155369,0.7174635272926995,0.28253647270730053,0.7214454148204226,0.27855458517957743,0.28253647270730053,0.7174635272926995,0.0,0.6768678901509899,0.5336487072597453,0.698183945075495,0.7064243325416983,0.6207184192888422,0.6239368385776844,0.7391991942212491,0.5856140646215724,0.6844684192888422,0.7086810515733053,0.6602557870043791,0.7067912257184563,0.6239368385776844,0.6774683241906019,0.6481454226627476,0.6876608936173918,0.7099005222183538,0.6239368385776844,0.6815680163994668,0.6239368385776844,train,hazard_primary_0.55,2,77.0,25.0,23.0,0.77
KXBTC15M-26APR301945-45,KXBTC15M-26APR301945-45|2026-04-30T23:34:00+00:00,v21_native_passive_ticker_minute,KXBTC15M-26APR301945-45|2026-04-30T23:34:00+00:00|yes,2026-04-30 23:34:00.722669+00:00,2026-04-30 23:34:00+00:00,yes,yes,True,True,1,75.0,74.0,74.5,0.745,25.5,49.0,1.0,76333.08,76285.45,659.277331,,47528,synced,coinbase_close_vs_recorded_strike,C:\Users\organ\Desktop\KALSHI PROBABILITY MODEL BOT\logs\edge_research\coinbase_btc_usd_1m_cache.parquet,2026-04-30 23:45:00+00:00,1.0,47.63000000000466,1.8550110886812832,14.3688541069854,,,68.51762494520162,0.6951496062231831,0.7565192251180374,52.63107419776565,0.9049786789650344,0.817261658679363,78.64183115243814,0.6056573111538995,0.7276288316264923,78.40047968572927,0.6075217931182434,0.7282476578273807,76303.49,29.589999999996508,0.4931666666666084,0.0,372.7636037381329,0.9999999999992926,0.9999989314976976,0.9999990058443524,76311.57,21.50999999999476,0.1194999999999709,0.0,126.41364105448548,0.991844520301815,0.9460233115101768,0.946563518936596,76275.69,57.38999999999942,0.191299999999998,0.0,173.74975342030336,0.9995187709063104,0.9864259180300978,0.9866604893470832,76282.01,51.070000000006985,0.0851166666666783,0.0,103.745488823629,0.975648537118299,0.906451389296003,0.9071282282437648,76289.53,43.55000000000291,0.0483888888888921,0.0,79.53169751672901,0.9346206454159414,0.8440672590502867,0.844810884830766,76177.0,156.08000000000175,0.086711111111112,0.0,104.79666990138308,0.976768120584038,0.9086654531855805,0.9093371030918628,76303.31,29.770000000004075,0.0082694444444455,0.0,53.08185726219151,0.8434083405313904,0.7501565480850292,0.7508161719706112,-0.0722616586793629,True,0.7811308293396815,0.7363144158132462,0.8539268098618912,0.745,0.745,0.8175822517850709,0.07226165867936296,0.017371168373507717,0.36547668264127386,0.6345233173587261,0.5447423367470154,0.45525766325298456,0.5435046843452387,0.4564953156547613,0.45525766325298456,0.5447423367470154,0.0,0.7624401562831719,0.6459174811144399,0.740970078141586,0.766421955232217,0.6536308293396815,0.689761658679363,0.8065345835209435,0.7344751944493572,0.7173808293396815,0.7284284976038089,0.7063331610755541,0.7506744391195753,0.689761658679363,0.7245713998824439,0.6984683606453126,0.7182025277519356,0.7545466107856595,0.689761658679363,0.7481481211001533,0.689761658679363,train,hazard_primary_0.55,2,77.0,25.0,23.0,0.77
KXBTC15M-26APR302000-00,KXBTC15M-26APR302000-00|2026-04-30T23:52:00+00:00,v21_native_passive_ticker_minute,KXBTC15M-26APR302000-00|2026-04-30T23:52:00+00:00|yes,2026-04-30 23:52:00.906247+00:00,2026-04-30 23:52:00+00:00,yes,no,True,False,1,70.0,69.0,69.5,0.695,30.5,39.0,1.0,76335.95,76311.31,479.093753,,48509,synced,coinbase_close_vs_recorded_strike,C:\Users\organ\Desktop\KALSHI PROBABILITY MODEL BOT\logs\edge_research\coinbase_btc_usd_1m_cache.parquet,2026-05-01 00:00:00+00:00,1.0,24.639999999999414,1.1257201748640648,8.719790979476446,,,34.189417301631025,0.7206908436788115,0.7644501264163301,42.13550523475102,0.5847799821723204,0.7206521670105034,50.84526241202408,0.4846075884185516,0.6860226350942766,68.27454070738303,0.3608958734062185,0.6409113557292697,76309.95,26.0,0.4333333333333333,0.0,232.2472929666661,0.9999999822524104,0.9999975347954636,0.9996651197666004,76310.06,25.889999999999414,0.1438333333333301,0.0,93.54965147316452,0.9867977271129024,0.96710775034385,0.91468747698018,76285.07,50.879999999990105,0.169599999999967,0.0,105.89430050878362,0.9940176635665896,0.9813596999564153,0.9395500142386356,76293.35,42.59999999999127,0.0709999999999854,0.0,58.65565646299245,0.9180496998391896,0.8756701665916593,0.8048613604532103,76314.7,21.25,0.0236111111111111,0.0,35.95193583472164,0.803238448812839,0.7602432537779282,0.7007569928668197,76276.23,59.72000000000117,0.0331777777777784,0.0,40.53526607175528,0.831980622514273,0.7873406818961924,0.723646896960449,76323.76,12.190000000002328,0.0033861111111117,0.0,26.26226468029695,0.7334500971353863,0.6972520953065092,0.6497541381469742,-0.0256521670105034,True,0.7078260835052517,0.6905113175471382,0.8032232768590309,0.695,0.695,0.7624991828164689,0.025652167010503435,0.008977364905723317,0.5586956659789932,0.44130433402100677,0.6279547298114467,0.37204527018855327,0.7181772885414606,0.28182271145853943,0.37204527018855327,0.6279547298114467,0.0,0.6368478171136545,0.5918294256225596,0.6506739085568272,0.6805756749134863,0.5553260835052516,0.5681521670105034,0.7371296162185695,0.5407061003776658,0.6315760835052517,0.656945650103151,0.6062065169073524,0.6612681113403356,0.5681521670105034,0.627932837894102,0.5945975644478685,0.6338938126683791,0.6641563010547765,0.5681521670105034,0.6526408916145365,0.5681521670105034,train,hazard_primary_0.55,2,72.0,-70.0,-72.0,0.72
KXBTC15M-26APR302015-15,KXBTC15M-26APR302015-15|2026-05-01T00:01:00+00:00,v21_native_passive_ticker_minute,KXBTC15M-26APR302015-15|2026-05-01T00:01:00+00:00|yes,2026-05-01 00:01:00.914021+00:00,2026-05-01 00:01:00+00:00,yes,yes,True,True,1,71.0,70.0,70.5,0.705,29.5,41.0,1.0,76345.3,76294.39,839.085979,,48995,synced,coinbase_close_vs_recorded_strike,C:\Users\organ\Desktop\KALSHI PROBABILITY MODEL BOT\logs\edge_research\coinbase_btc_usd_1m_cache.parquet,2026-05-01 00:15:00+00:00,1.0,50.91000000000349,1.7575183371974168,13.613678501239496,,,146.04583546818375,0.3485891935007917,0.6363011291075131,88.21958817606372,0.5770827211117803,0.7180582119203844,85.63166925215648,0.5945230362156161,0.7239188302924804,87.71679382529207,0.5803905703781459,0.7191743686811715,76305.78,39.52000000000408,0.6586666666667346,0.0,603.5879648347271,0.999999999996092,0.9999999999990968,0.9999999999970304,76334.93,10.370000000009895,0.057611111111166,0.0,99.25067556799404,0.8697142221203229,0.8767804062000304,0.8710755462426711,76310.27,35.02999999999884,0.1167666666666627,0.0,148.8872728145669,0.9542645759515564,0.9589557023722992,0.9551860083842364,76309.95,35.35000000000582,0.0589166666666763,0.0,100.3461489294283,0.8723267355517816,0.8793682565623411,0.8736837769130623,76274.33,70.97000000000116,0.0788555555555568,0.0,117.0765910329268,0.9077629013572784,0.9142204672807756,0.909014564013771,76311.57,33.729999999995925,0.0187388888888866,0.0,66.63353892870715,0.7749698660450994,0.7817571429505998,0.7762663041364515,76218.99,126.30999999999769,0.0350861111111104,0.0,80.3502638909724,0.8187992094982985,0.8259610756090394,0.8201715774439754,-0.0130582119203844,True,0.7115291059601923,0.7144594151462402,0.792440929290647,0.705,0.705,0.7587703787664266,0.013058211920384477,0.018918830292480426,0.5638835761592311,0.4361164238407689,0.5521623394150392,0.4478376605849608,0.5616512626376571,0.4383487373623429,0.4361164238407689,0.5638835761592311,0.0,0.6334756754964997,0.6410944793802245,0.6544878377482499,0.6794142953434056,0.5640291059601922,0.5705582119203845,0.7318820211505035,0.5315428814359245,0.6377791059601923,0.6646674635761153,0.6108907483442692,0.664538807946923,0.5705582119203845,0.6312049074181645,0.5978710068894061,0.6405324154192086,0.6674632210578881,0.5705582119203845,0.651220116535444,0.5705582119203845,train,hazard_primary_0.55,2,73.0,29.0,27.0,0.73
KXBTC15M-26APR302030-30,KXBTC15M-26APR302030-30|2026-05-01T00:16:00+00:00,v21_native_passive_ticker_minute,KXBTC15M-26APR302030-30|2026-05-01T00:16:00+00:00|yes,2026-05-01 00:16:00.649183+00:00,2026-05-01 00:16:00+00:00,yes,yes,True,True,1,75.0,74.0,74.5,0.745,25.5,49.0,1.0,76487.21,76429.06,839.350817,,49637,synced,coinbase_close_vs_recorded_strike,C:\Users\organ\Desktop\KALSHI PROBABILITY MODEL BOT\logs\edge_research\coinbase_btc_usd_1m_cache.parquet,2026-05-01 00:30:00+00:00,1.0,58.15000000000873,2.007141360156623,15.547250122741406,,,129.3244764626025,0.4496441941276623,0.6735164918344252,102.47434441647552,0.5674591072637254,0.7147988490880961,94.45963463959292,0.6156068697690585,0.7309229919271407,83.34587302488116,0.6976950134369493,0.7573160263341743,76433.99,53.22000000000117,0.8870000000000194,0.0,802.654174679025,0.9999999999999976,1.0,1.0,76458.97,28.24000000000524,0.156888888888918,0.0,189.8348170671443,0.9680237370379106,0.9777681266334798,0.9886270278947756,76442.66,44.55000000000291,0.1485000000000097,0.0,182.7935963245169,0.9627718047647744,0.9735140766336148,0.9858532664271452,76430.12,57.09000000001106,0.0951500000000184,0.0,138.0142302375742,0.9109804755254124,0.928004922268432,0.9511311502013184,76345.3,141.9100000000035,0.1576777777777816,0.0,190.4969716005342,0.9684844702780968,0.9781367101787628,0.98886174248134,76274.33,212.88000000000463,0.1182666666666692,0.0,157.41722329054426,0.937750708558275,0.9521933209984124,0.9705354870407664,76283.84,203.3700000000099,0.0564916666666694,0.0,105.56632657036936,0.8485356534863682,0.8681270824271725,0.8973517762259364,0.0302011509119038,True,0.729899424544048,0.7379614959635703,0.8075235512842901,0.7147988490880961,0.7147988490880961,0.7794940156793837,0.030201150911903896,0.014077008072859276,0.5704023018238078,0.4295976981761922,0.5381540161457186,0.46184598385428144,0.48536794733165145,0.5146320526683485,0.4295976981761922,0.5704023018238078,0.0,0.6292385038145248,0.6501998895052828,0.6743692519072625,0.69614643238374,0.602399424544048,0.587298849088096,0.7479537854970029,0.5258748786526697,0.666149424544048,0.6976896547264287,0.6346091943616672,0.6823658993920639,0.587298849088096,0.6481939434944184,0.6140219875967728,0.6709456885926931,0.6859485358535733,0.587298849088096,0.6676263172925494,0.587298849088096,train,hazard_primary_0.55,2,77.0,25.0,23.0,0.77
KXBTC15M-26APR302045-45,KXBTC15M-26APR302045-45|2026-05-01T00:35:00+00:00,v21_native_passive_ticker_minute,KXBTC15M-26APR302045-45|2026-05-01T00:35:00+00:00|no,2026-05-01 00:35:00.191836+00:00,2026-05-01 00:35:00+00:00,no,yes,True,False,1,72.0,71.0,71.5,0.715,28.5,43.0,1.0,76445.98,76489.72,599.808164,,50650,synced,coinbase_close_vs_recorded_strike,C:\Users\organ\Desktop\KALSHI PROBABILITY MODEL BOT\logs\edge_research\coinbase_btc_usd_1m_cache.parquet,2026-05-01 00:45:00+00:00,-1.0,43.74000000000524,1.785963555401275,13.834014214005052,,,82.84579622814316,0.527968852873992,0.70123952280529,62.65451233938443,0.698114124056639,0.7574470870851208,76.01121218729776,0.5754414216185153,0.7175036014648591,72.86177603941553,0.6003147655410364,0.7258517599667312,76502.73,56.75,0.9458333333333332,0.0,611.0585551166719,1.0,0.9999999999999996,1.0,76502.92,56.94000000000233,0.3163333333333463,0.0,233.4793158786797,0.9999029047231176,0.9989355795437858,0.9993233120890102,76495.9,49.919999999998254,0.1663999999999942,0.0,143.54807848960178,0.9890213347661116,0.970521368828552,0.9755889769174736,76455.98,10.0,0.0166666666666666,0.0,53.73680273333857,0.8044622356413388,0.7602039894197721,0.7695960132622166,76478.73,32.75,0.0363888888888888,0.0,65.56635263444969,0.8523290055592339,0.8058179599439346,0.8159061078156586,76444.51,-1.4700000000011642,-0.0008166666666673,1.4700000000011642,43.25015666607152,0.754995955627038,0.715320934239482,0.7236074343696923,76280.01,-165.97000000000116,-0.0461027777777781,165.97000000000116,16.087177505816154,0.6013180050844174,0.5838068942318224,0.5873721636464135,-0.0424470870851207,True,0.7362235435425604,0.7162518007324296,0.8204894739504107,0.715,0.715,0.7825383930787586,0.042447087085120794,0.002503601464859173,0.4851058258297585,0.5148941741702415,0.5649927970702817,0.4350072029297183,0.5482964800665375,0.45170351993346247,0.4350072029297183,0.5649927970702817,0.0,0.6846812132106569,0.6327546819043168,0.6855906066053286,0.7129927400819397,0.5937235435425603,0.6149470870851208,0.7625278104957827,0.6137963076468527,0.6649735435425603,0.6849841261255362,0.6449629609595845,0.6957980580567472,0.6149470870851208,0.6659286243192455,0.6360591905817438,0.6668504709995271,0.6989341546593275,0.6149470870851208,0.6887374487904517,0.6149470870851208,train,hazard_primary_0.55,2,74.0,-72.0,-74.0,0.74
KXBTC15M-26APR302115-15,KXBTC15M-26APR302115-15|2026-05-01T01:01:00+00:00,v21_native_passive_ticker_minute,KXBTC15M-26APR302115-15|2026-05-01T01:01:00+00:00|yes,2026-05-01 01:01:00.175057+00:00,2026-05-01 01:01:00+00:00,yes,yes,True,True,1,77.0,76.0,76.5,0.765,23.5,53.0,1.0,76448.01,76388.57,839.824943,,52032,synced,coinbase_close_vs_recorded_strike,C:\Users\organ\Desktop\KALSHI PROBABILITY MODEL BOT\logs\edge_research\coinbase_btc_usd_1m_cache.parquet,2026-05-01 01:15:00+00:00,1.0,59.439999999987776,2.0510885781520627,15.88766380955838,,,123.66168305653984,0.4806662705117072,0.6846231464315773,88.99843703064693,0.6678768974282032,0.7478939122429451,88.15446895504154,0.6742709780295082,0.7499304742017894,89.34638028729869,0.6652759721082697,0.7470630019889273,76423.74,24.269999999989523,0.4044999999998254,0.0,399.14918944334113,0.999996352612156,0.9999970204937496,0.9999960418562372,76399.28,48.729999999995925,0.2707222222221996,0.0,286.7992748465799,0.9993646593140744,0.9994297794014332,0.9993362577943544,76428.74,19.269999999989523,0.0642333333332984,0.0,113.3847555053251,0.8986697786763052,0.9008143094827936,0.8977878485192996,76456.43,-8.419999999998254,-0.0140333333333304,8.419999999998254,47.65445663322355,0.7038315841322802,0.7056011098520986,0.7031103992324479,76515.37,-67.36000000000058,-0.074844444444445,67.36000000000058,-3.4162312894349824,0.4846902424839464,0.4845437438370898,0.4847498344490039,76499.7,-51.69000000000233,-0.0287166666666679,51.69000000000233,35.32302705350336,0.654277522733321,0.6556775373074256,0.6537074321573864,76345.3,102.70999999999184,0.0285305555555532,0.0,83.40067219318865,0.8256471236834562,0.8279446391485684,0.8247070103124261,0.0171060877570549,True,0.7564469561214726,0.7574652371008948,0.8038545636397502,0.7478939122429451,0.7478939122429451,0.7866021294081447,0.01710608775705491,0.015069525798210637,0.5042121755141098,0.4957878244858902,0.5001390515964212,0.49986094840357875,0.5058739960221454,0.49412600397785456,0.4957878244858902,0.5042121755141098,1.0,0.6722620859158286,0.6749096164623262,0.7068810429579144,0.720248020825545,0.6389469561214726,0.6303939122429452,0.7096809118567337,0.38565480235352073,0.6976969561214725,0.7246181736728835,0.6707757385700616,0.7144292748286301,0.6303939122429452,0.6845138073040962,0.6545983397795622,0.70205413242218,0.7178596665358175,0.6303939122429452,0.6700374120498394,0.6303939122429452,train,hazard_primary_0.55,2,79.0,23.0,21.0,0.79
KXBTC15M-26APR302130-30,KXBTC15M-26APR302130-30|2026-05-01T01:21:00+00:00,v21_native_passive_ticker_minute,KXBTC15M-26APR302130-30|2026-05-01T01:21:00+00:00|yes,2026-05-01 01:21:00.596732+00:00,2026-05-01 01:21:00+00:00,yes,no,True,False,1,74.0,73.0,73.5,0.735,26.5,47.0,1.0,76590.4,76555.07,539.403268,,53031,synced,coinbase_close_vs_recorded_strike,C:\Users\organ\Desktop\KALSHI PROBABILITY MODEL BOT\logs\edge_research\coinbase_btc_usd_1m_cache.parquet,2026-05-01 01:30:00+00:00,1.0,35.329999999987194,1.5212018705649315,11.7831790218351,,,39.15732237454779,0.9022578117586418,0.8165400345709307,60.338698672275456,0.5855280405014882,0.7209036410591892,66.17555994782435,0.5338829022050268,0.7032887239656511,63.61067343649062,0.5554099350207466,0.7106928506935533,76581.94,8.459999999991851,0.1409999999998641,0.0,111.38586078791394,0.967554646917703,0.9538305788344535,0.960031880565138,76569.87,20.52999999999884,0.114055555555549,0.0,96.85193940020594,0.9457682832532066,0.9283429719355708,0.9360673050467518,76584.68,5.720000000001164,0.0190666666666705,0.0,45.61462230985595,0.7751682781247043,0.754681842278308,0.7633409329646328,76506.59,83.80999999999767,0.1396833333333294,0.0,110.67564648511843,0.9666908018533114,0.9527826833699145,0.9590609317571144,76466.69,123.70999999999184,0.1374555555555465,0.0,109.47397587140452,0.965186104733849,0.9509663253693774,0.9573745978780768,76456.43,133.97000000000116,0.0744277777777784,0.0,75.47658656329865,0.8945112173752294,0.8729715453347189,0.8822953747280622,76487.88,102.51999999998952,0.0284777777777748,0.0,50.691006398696736,0.7995760032158479,0.7781642203006567,0.7872438956677414,0.0140963589408107,True,0.7279518205295946,0.7191443619828255,0.7436906397279645,0.7209036410591892,0.7209036410591892,0.7388047479426977,0.014096358940810738,0.03171127603434887,0.5581927178816215,0.4418072821183785,0.5934225520686978,0.40657744793130224,0.5786142986128935,0.4213857013871065,0.40657744793130224,0.5934225520686978,0.0,0.637174733376946,0.6142753411553464,0.672837366688473,0.6768541945009434,0.5954518205295947,0.5884036410591893,0.7094854761545354,0.519324109930849,0.6617018205295946,0.6910210923177568,0.6323825487414325,0.6814357607061261,0.5884036410591893,0.6484183201169755,0.615400879527825,0.6656899901221118,0.6847065068251227,0.5884036410591893,0.6489445586068623,0.5884036410591893,train,hazard_primary_0.55,2,76.0,-74.0,-76.0,0.76
KXBTC15M-26APR302145-45,KXBTC15M-26APR302145-45|2026-05-01T01:35:00+00:00,v21_native_passive_ticker_minute,KXBTC15M-26APR302145-45|2026-05-01T01:35:00+00:00|yes,2026-05-01 01:35:00.222917+00:00,2026-05-01 01:35:00+00:00,yes,yes,True,True,1,74.0,73.0,73.5,0.735,26.5,47.0,1.0,76538.83,76514.06,599.777083,,53796,synced,coinbase_close_vs_recorded_strike,C:\Users\organ\Desktop\KALSHI PROBABILITY MODEL BOT\logs\edge_research\coinbase_btc_usd_1m_cache.parquet,2026-05-01 01:45:00+00:00,1.0,24.770000000004075,1.011418918326098,7.834417253432194,,,28.775829682659847,0.8607918615437989,0.8053236559182173,44.46051797203819,0.5571235138462007,0.7112784784681416,59.849070305592186,0.4138744323600564,0.6605169653183138,63.5982616435717,0.3894760542170847,0.6515379894905999,76523.87,14.960000000006405,0.24933333333344,0.0,174.3144193614014,0.9999558459702717,0.9982076428044084,0.9969361409681284,76519.81,19.020000000004075,0.1056666666666893,0.0,88.14644510368431,0.976292706984609,0.9295991685778904,0.917124758485873,76505.58,33.25,0.1108333333333333,0.0,91.2452933658374,0.979928619485334,0.936319301883916,0.9243156419265676,76533.35,5.4799999999959255,0.0091333333333265,0.0,30.24796402473333,0.7518532289749026,0.6933624713882526,0.6828238459974427,76581.94,-43.11000000000058,-0.0479000000000006,43.11000000000058,-3.9593222756963087,0.4645200755602319,0.4736271647671072,0.4751798036210356,76431.01,107.82000000000698,0.0599000000000038,0.0,60.6966472717064,0.9139018905871692,0.8447472489912882,0.8300532959036688,76445.98,92.85000000000582,0.0257916666666682,0.0,40.23925059904671,0.8172820923240068,0.749318101772616,0.7365384524392186,0.0237215215318583,True,0.7231392392340708,0.697758482659157,0.8087356993178251,0.7112784784681416,0.7112784784681416,0.7768692674375093,0.02372152153185836,0.07448303468168616,0.5774430430637167,0.42255695693628326,0.6789660693633723,0.32103393063662766,0.6969240210188004,0.30307597898119965,0.32103393063662766,0.6789660693633723,0.8622000000000116,0.6246620220085841,0.558672054913808,0.666581011004292,0.6910738729528255,0.5906392392340708,0.5787784784681416,0.702514963131137,0.3481098188848143,0.6568892392340708,0.6881335435404424,0.6256449349276991,0.6750189856454277,0.5787784784681416,0.640650021782051,0.6062810579186744,0.6612681870469406,0.6784158073680512,0.5787784784681416,0.6406467207996394,0.5787784784681416,train,hazard_primary_0.55,2,76.0,26.0,24.0,0.76
KXBTC15M-26APR302200-00,KXBTC15M-26APR302200-00|2026-05-01T01:48:00+00:00,v21_native_passive_ticker_minute,KXBTC15M-26APR302200-00|2026-05-01T01:48:00+00:00|yes,2026-05-01 01:48:00.828065+00:00,2026-05-01 01:48:00+00:00,yes,yes,True,True,1,63.0,62.0,62.5,0.625,37.5,25.0,1.0,76608.59,76590.46,719.171935,,54458,synced,coinbase_close_vs_recorded_strike,C:\Users\organ\Desktop\KALSHI PROBABILITY MODEL BOT\logs\edge_research\coinbase_btc_usd_1m_cache.parquet,2026-05-01 02:00:00+00:00,1.0,18.129999999990105,0.6760540806555859,5.2366923910293,,,37.3659484355068,0.4852011191762543,0.6862331558765475,39.28653462109789,0.4614812727782262,0.6777733228977783,46.67602748518989,0.3884220868141076,0.651148149045829,64.62085645164609,0.2805595746561523,0.6104758870882279,76600.93,7.660000000003492,0.1276666666667248,0.0,109.94428370169864,0.9974331569684686,0.9907505153079594,0.9555636659897968,76591.99,16.59999999999127,0.0922222222221737,0.0,84.45363400551078,0.9842098896580564,0.9648022819719808,0.9043783353077972,76597.54,11.05000000000291,0.036833333333343,0.0,44.61949960583041,0.8719684257040193,0.8304488225268258,0.7550542494286443,76560.01,48.58000000000175,0.0809666666666695,0.0,76.35895433715885,0.9740306745996758,0.9490734204461602,0.8813268352132766,76519.81,88.77999999999884,0.0986444444444431,0.0,89.07231598810029,0.9883124591315096,0.9718243999528986,0.9159575274657644,76569.87,38.72000000000117,0.0215111111111117,0.0,33.600187401768345,0.803796286760191,0.7641942838318143,0.6984538782781752,76486.14,122.44999999999708,0.034013888888888,0.0,42.59183428908675,0.8608471153641284,0.8192469853152594,0.745085353941586,-0.0527733228977782,True,0.6513866614488891,0.6380740745229145,0.7249139162005992,0.625,0.625,0.6902256820101373,0.05277332289777825,0.02614814904582896,0.6444533542044435,0.3555466457955565,0.6977037019083421,0.3022962980916579,0.7790482258235443,0.22095177417645573,0.3022962980916579,0.6977037019083421,0.0,0.5811053197671117,0.5464925937595776,0.5843026598835558,0.6089995024539578,0.4638866614488891,0.49027332289777825,0.663280346589693,0.44274348836595845,0.5576366614488891,0.5845819968693334,0.5306913260284447,0.5976822152651855,0.49027332289777825,0.5582091051729695,0.5187359950807534,0.5587170770220515,0.5999261031697172,0.49027332289777825,0.5767768347437356,0.49027332289777825,train,fallback_score_min60,2,65.0,37.0,35.0,0.65
KXBTC15M-26APR302215-15,KXBTC15M-26APR302215-15|2026-05-01T02:03:00+00:00,v21_native_passive_ticker_minute,KXBTC15M-26APR302215-15|2026-05-01T02:03:00+00:00|no,2026-05-01 02:03:00.306881+00:00,2026-05-01 02:03:00+00:00,no,no,True,True,1,81.0,80.0,80.5,0.805,19.5,61.0,1.0,76593.88,76659.01,719.693119,,55167,synced,coinbase_close_vs_recorded_strike,C:\Users\organ\Desktop\KALSHI PROBABILITY MODEL BOT\logs\edge_research\coinbase_btc_usd_1m_cache.parquet,2026-05-01 02:15:00+00:00,-1.0,65.1299999999901,2.4277692310022587,18.80541960021307,,,118.77344384872931,0.5483549006370492,0.7082758814370276,99.84684729212148,0.6522990136026985,0.7428958518711436,75.53758611930418,0.8622197682769963,0.805716703287924,70.11334981533975,0.9289243799009108,0.823535861368653,76639.27,45.38999999999942,0.7564999999999903,0.0,609.5778445234831,0.9999999994864104,0.9999999999999996,1.0,76651.2,57.31999999999243,0.3184444444444024,0.0,294.3122754504043,0.9983989365779462,0.9999511504382153,0.9999865158748013,76715.87,121.98999999999069,0.4066333333333023,0.0,357.7812119560012,0.9998303597454508,0.9999989126142216,0.9999998327535824,76675.28,81.39999999999418,0.1356666666666569,0.0,162.7683664776498,0.9484683050617104,0.9844112433862248,0.9898701494038972,76608.59,14.709999999991853,0.0163444444444353,0.0,76.89298420052803,0.779382465719324,0.8456475629561533,0.863612703472688,76519.81,-74.07000000000698,-0.0411500000000038,74.07000000000698,35.51462815313731,0.6389640190762419,0.6808790618913492,0.6937582484546158,76430.54,-163.34000000001106,-0.0453722222222253,163.34000000001106,32.475923872915665,0.6275068574772869,0.6663769572873548,0.6783865286194857,0.0621041481288564,True,0.7739479259355718,0.805358351643962,0.8492420705388648,0.7428958518711436,0.7428958518711436,0.8253348275104333,0.06210414812885645,0.0007167032879239477,0.5142082962577128,0.4857917037422872,0.388566593424152,0.611433406575848,0.35292827726269405,0.647071722737306,0.4857917037422872,0.5142082962577128,0.0,0.6657646074324867,0.7474317142743011,0.7256323037162434,0.7451153396907884,0.6764479259355718,0.6453958518711436,0.793413997884662,0.5857747397168322,0.7251979259355719,0.757118755561343,0.6932770963098005,0.7310972345807624,0.6453958518711436,0.6982522031136384,0.6654071716465146,0.7326975561252127,0.7361253747839203,0.6453958518711436,0.7194049248779029,0.6453958518711436,train,fallback_score_min60,2,83.0,19.0,17.0,0.83
KXBTC15M-26APR302230-30,KXBTC15M-26APR302230-30|2026-05-01T02:17:00+00:00,v21_native_passive_ticker_minute,KXBTC15M-26APR302230-30|2026-05-01T02:17:00+00:00|yes,2026-05-01 02:17:00.648213+00:00,2026-05-01 02:17:00+00:00,yes,no,True,False,1,67.0,66.0,66.5,0.665,33.5,33.0,1.0,76692.19,76652.0,779.351787,,55991,synced,coinbase_close_vs_recorded_strike,C:\Users\organ\Desktop\KALSHI PROBABILITY MODEL BOT\logs\edge_research\coinbase_btc_usd_1m_cache.parquet,2026-05-01 02:30:00+00:00,1.0,40.19000000000233,1.439631160916885,11.151335021824693,,,86.63858907878387,0.4638810537814274,0.678633516181309,96.4087728321376,0.4168707765835715,0.6616135350815321,93.6996187743332,0.4289238368919749,0.6660106737438307,74.55278025567216,0.5390811699063977,0.7050845760590753,76660.69,31.5,0.525,0.0,449.3496881750023,0.9999984256960562,0.9999991892207348,0.9999999991662352,76675.97,16.220000000001164,0.0901111111111175,0.0,110.41825547300736,0.8739603130192068,0.8806869921100087,0.9307066992091552,76666.59,25.60000000000582,0.0853333333333527,0.0,106.69468582401744,0.8657861466866483,0.8725834661529708,0.9238034531632704,76640.06,52.13000000000466,0.0868833333333411,0.0,107.90268109385838,0.8684769726791021,0.8752533106802463,0.92609812574547,76639.27,52.919999999998254,0.058799999999998,0.0,86.0158850756008,0.8138570676306771,0.8206895474881276,0.8757003518496405,76600.93,91.26000000000931,0.0507000000000051,0.0,79.70313560090636,0.7958023289311571,0.8025108469931421,0.857483941868427,76586.55,105.63999999999942,0.0293444444444442,0.0,63.0596452163022,0.7434718552537057,0.7495256816163538,0.8011787026431593,0.0033864649184679,True,0.663306767540766,0.6655053368719154,0.7307998939227268,0.6616135350815321,0.6616135350815321,0.7041412898617894,0.0033864649184679463,0.0010106737438306812,0.6767729298369358,0.3232270701630642,0.6679786525123386,0.33202134748766143,0.5898308478818495,0.4101691521181505,0.3232270701630642,0.6767729298369358,0.0,0.5600975956059917,0.56581387586698,0.5957987978029959,0.6158774124716606,0.4958067675407661,0.49411353508153205,0.6699639968780958,0.409805684831729,0.579556767540766,0.6137340605244596,0.5453794745570724,0.606909023387688,0.49411353508153205,0.5670238054224044,0.5271385874571206,0.5820159990595533,0.609259551387424,0.49411353508153205,0.582038765979814,0.49411353508153205,train,fallback_score_min60,2,69.0,-67.0,-69.0,0.69
KXBTC15M-26APR302245-45,KXBTC15M-26APR302245-45|2026-05-01T02:32:00+00:00,v21_native_passive_ticker_minute,KXBTC15M-26APR302245-45|2026-05-01T02:32:00+00:00|no,2026-05-01 02:32:00.052870+00:00,2026-05-01 02:32:00+00:00,no,no,True,True,1,72.0,71.0,71.5,0.715,28.5,43.0,1.0,76560.37,76603.27,779.94713,,56857,synced,coinbase_close_vs_recorded_strike,C:\Users\organ\Desktop\KALSHI PROBABILITY MODEL BOT\logs\edge_research\coinbase_btc_usd_1m_cache.parquet,2026-05-01 02:45:00+00:00,-1.0,42.90000000000873,1.53611846632745,11.898722475775786,,,46.36780626875653,0.9252109049833468,0.8225718939153535,61.54944790897335,0.697000565520171,0.7570987800516975,82.53992226101619,0.5197484904861669,0.6983805575396527,77.5377717763624,0.553278731348415,0.7099637187418725,76578.0,17.630000000004657,0.2938333333334109,0.0,272.07446503173594,0.9999950745576698,0.9995101235650484,0.9997750417294868,76600.29,39.919999999998254,0.221777777777768,0.0,215.87494127555672,0.9997736961678596,0.995543853798547,0.9973163926081904,76597.17,36.80000000000291,0.1226666666666763,0.0,138.57351461334963,0.9878204520009976,0.9534109726283452,0.9630453408316044,76580.96,20.59000000001106,0.0343166666666851,0.0,69.66518567785644,0.8711527621256592,0.8006703452389721,0.8155318786999366,76692.19,131.82000000000698,0.1464666666666744,0.0,157.1362563073481,0.9946601536679328,0.9715293184423972,0.9786471489688168,76639.27,78.90000000000873,0.0438333333333381,0.0,77.08768253167918,0.8947972579396248,0.8248336640570053,0.8399360840610959,76519.81,-40.55999999999767,-0.011266666666666,40.55999999999767,34.1125956686759,0.710289526240748,0.660301463101667,0.6700126527135828,-0.0420987800516975,True,0.7360493900258487,0.7066902787698264,0.8199730773508983,0.715,0.715,0.7821937244157088,0.04209878005169754,0.0166194424603473,0.485802439896605,0.514197560103395,0.6032388849206947,0.39676111507930534,0.580072562516255,0.41992743748374495,0.39676111507930534,0.6032388849206947,0.0,0.6842284140672067,0.6078947248015485,0.6853642070336033,0.7126462522337031,0.5935493900258487,0.6145987800516974,0.7621134804260482,0.6129796053034948,0.6647993900258486,0.6848796340155092,0.6447191460361882,0.6955658533677983,0.6145987800516974,0.6656776532393991,0.635789453111,0.666687082428453,0.6986980297457643,0.6145987800516974,0.6883561302388728,0.6145987800516974,train,hazard_primary_0.55,2,74.0,28.0,26.0,0.74
KXBTC15M-26APR302300-00,KXBTC15M-26APR302300-00|2026-05-01T02:54:00+00:00,v21_native_passive_ticker_minute,KXBTC15M-26APR302300-00|2026-05-01T02:54:00+00:00|no,2026-05-01 02:54:00.506240+00:00,2026-05-01 02:54:00+00:00,no,no,True,True,1,76.0,75.0,75.5,0.755,24.5,51.0,1.0,76546.69,76574.18,359.49376,,58139,synced,coinbase_close_vs_recorded_strike,C:\Users\organ\Desktop\KALSHI PROBABILITY MODEL BOT\logs\edge_research\coinbase_btc_usd_1m_cache.parquet,2026-05-01 03:00:00+00:00,-1.0,27.489999999990687,1.4498699929699097,11.230644673876649,,,39.71855167719695,0.6921198996229546,0.7555689821142721,31.41568227538211,0.8750406806072247,0.809224114313047,31.805308782910345,0.864321116566604,0.8062942434310596,50.417573133745165,0.5452463950826554,0.7072079668187882,76573.1,26.41000000000349,0.4401666666667249,0.0,185.7271700266783,0.9999999983093416,0.9999999973821484,0.9998850990080176,76573.68,26.989999999990687,0.1499444444443927,0.0,81.39409212441653,0.9952133810820802,0.9947533571155582,0.946779572569147,76568.22,21.52999999999884,0.0717666666666627,0.0,53.28966884265596,0.9550831912399323,0.9530815260739348,0.8547364848644344,76571.35,24.66000000000349,0.0411000000000058,0.0,42.26519353599278,0.9107444244617976,0.9080549464757032,0.7990696726334356,76603.9,57.20999999999185,0.0635666666666576,0.0,50.3418200106541,0.9454710878798004,0.9432678238557148,0.8409809084717395,76596.57,49.88000000000466,0.0277111111111136,0.0,37.45197152710273,0.8833973220218243,0.8805096543708275,0.7712094104181341,76698.95,152.25999999999476,0.0422944444444429,0.0,42.69458886043461,0.9129301181658742,0.9102624632446163,0.8014521577433292,-0.0542241143130469,True,0.7821120571565234,0.7806471217155297,0.8397691018509931,0.755,0.755,0.8112838725419005,0.05422411431304697,0.051294243431059594,0.38155177137390606,0.6184482286260939,0.3874115131378808,0.6125884868621192,0.5855840663624237,0.41441593363757634,0.6125884868621192,0.3874115131378808,0.0,0.751991348606961,0.7481825164603775,0.7412456743034805,0.7612539934274738,0.6596120571565235,0.6867241143130469,0.79762869540451,0.7139565477500872,0.7208620571565234,0.734517234293914,0.7072068800191328,0.7503160762086979,0.6867241143130469,0.725256091982306,0.7001961077559142,0.7221505012283528,0.7536970400689592,0.6867241143130469,0.7421764048587784,0.6867241143130469,train,hazard_primary_0.55,2,78.0,24.0,22.0,0.78
KXBTC15M-26APR302315-15,KXBTC15M-26APR302315-15|2026-05-01T03:04:00+00:00,v21_native_passive_ticker_minute,KXBTC15M-26APR302315-15|2026-05-01T03:04:00+00:00|no,2026-05-01 03:04:00.007236+00:00,2026-05-01 03:04:00+00:00,no,yes,True,False,1,70.0,69.0,69.5,0.695,30.5,39.0,1.0,76523.21,76566.01,659.992764,,58684,synced,coinbase_close_vs_recorded_strike,C:\Users\organ\Desktop\KALSHI PROBABILITY MODEL BOT\logs\edge_research\coinbase_btc_usd_1m_cache.parquet,2026-05-01 03:15:00+00:00,-1.0,42.79999999998836,1.6659968732221886,12.90475628964633,,,73.23149653710921,0.5844479769480057,0.7205405218741374,60.845248538045496,0.7034238667498621,0.7591041813961379,53.49786347693219,0.800031949284168,0.7881538567360611,61.12405280526349,0.7002153495342636,0.7581035864474667,76545.99,22.77999999999884,0.3796666666666473,0.0,293.37725273197555,0.9999992882839134,0.9999999791982014,0.99999920549146,76551.03,27.819999999992437,0.1545555555555135,0.0,144.80554830262727,0.9913413089308906,0.9966027693368008,0.991082925395046,76542.98,19.769999999989523,0.065899999999965,0.0,86.29352314756531,0.9219405046036117,0.9466307295987216,0.920992162551152,76546.69,23.479999999995925,0.0391333333333265,0.0,68.62771683118388,0.8703201760527781,0.9002210765807115,0.8692305427563658,76568.22,45.00999999999476,0.0500111111111052,0.0,75.80697145291785,0.8935990717121872,0.9217598995339034,0.8925520721565998,76541.98,18.769999999989523,0.0104277777777719,0.0,49.68225787791785,0.7929028124677808,0.823471857200609,0.7918365768595348,76623.2,99.98999999999069,0.0277749999999974,0.0,61.13129902008665,0.8424796439144293,0.8734156606608442,0.8413734298327863,-0.0641041813961379,True,0.7270520906980689,0.7415769283680305,0.7920148953332498,0.695,0.695,0.7596193553395637,0.06410418139613794,0.09315385673606114,0.4817916372077242,0.5182083627922758,0.4236922865278778,0.5763077134721222,0.48379282710506666,0.5162071728949333,0.5182083627922758,0.4817916372077242,0.0,0.6868354358149792,0.7246000137568793,0.6756677179074896,0.6983617683678507,0.5745520906980689,0.6066041813961378,0.7419401916187912,0.6104024132526369,0.6508020906980689,0.6684812544188412,0.6331229269772964,0.6869027875974251,0.6066041813961378,0.6556424929290567,0.6243821982606883,0.6521107301936108,0.6902906048448747,0.6066041813961378,0.6742721865074646,0.6066041813961378,train,hazard_primary_0.55,2,72.0,-70.0,-72.0,0.72
KXBTC15M-26APR302330-30,KXBTC15M-26APR302330-30|2026-05-01T03:16:00+00:00,v21_native_passive_ticker_minute,KXBTC15M-26APR302330-30|2026-05-01T03:16:00+00:00|yes,2026-05-01 03:16:00.673288+00:00,2026-05-01 03:16:00+00:00,yes,yes,True,True,1,72.0,71.0,71.5,0.715,28.5,43.0,1.0,76700.0,76668.47,839.326712,,59290,synced,coinbase_close_vs_recorded_strike,C:\Users\organ\Desktop\KALSHI PROBABILITY MODEL BOT\logs\edge_research\coinbase_btc_usd_1m_cache.parquet,2026-05-01 03:30:00+00:00,1.0,31.52999999999884,1.0883246059628502,8.430126148323735,,,71.52785236258575,0.4408073073432764,0.6703237485393108,89.82041790543322,0.3510337708870935,0.637218493484092,77.89694977536877,0.4047655279304493,0.6571750649771145,72.71068450227781,0.4336364073014757,0.6677237537702704,76665.0,35.0,0.5833333333333334,0.0,521.1372486666655,0.9999999967233943,0.999999999988848,0.9999999999996174,76667.29,32.7100000000064,0.1817222222222577,0.0,184.0543152751398,0.9797756254463046,0.9909310848296298,0.9943183617880328,76666.2,33.80000000000291,0.1126666666666763,0.0,126.09414288534032,0.9198178235327448,0.947247333930586,0.9585578127862092,76530.92,169.08000000000175,0.2818000000000029,0.0,268.0522674416013,0.9985789220287072,0.9997103375681188,0.9998863468594626,76551.03,148.97000000000116,0.1655222222222235,0.0,170.45722254071103,0.9711358734729736,0.9856739381233744,0.9904691343970436,76545.8,154.1999999999971,0.085666666666665,0.0,103.43232166133082,0.8752461101138947,0.9078795009960758,0.9225621630670956,76660.69,39.30999999999767,0.0109194444444437,0.0,40.69498140242052,0.6747510105864782,0.699311287336686,0.7121523822584634,0.0777815065159079,True,0.676109246742046,0.6860875324885573,0.7573454390056122,0.637218493484092,0.637218493484092,0.7326291127517766,0.07778150651590798,0.05782493502288544,0.725563013031816,0.27443698696818397,0.6856498700457709,0.31435012995422906,0.6645524924594592,0.33544750754054076,0.27443698696818397,0.725563013031816,0.0,0.5283840415293195,0.5543275844702489,0.6074420207646598,0.6279238031179343,0.5336092467420459,0.49471849348409197,0.688572811448595,0.36641876932145845,0.6048592467420459,0.6489155480452276,0.5608029454388643,0.615645662322728,0.49471849348409197,0.5700385981559657,0.5244315339892034,0.6104807024874224,0.6194763363854969,0.49471849348409197,0.5916456524663435,0.49471849348409197,train,fallback_score_min60,2,74.0,28.0,26.0,0.74
KXBTC15M-26APR302345-45,KXBTC15M-26APR302345-45|2026-05-01T03:39:00+00:00,v21_native_passive_ticker_minute,KXBTC15M-26APR302345-45|2026-05-01T03:39:00+00:00|no,2026-05-01 03:39:00.033429+00:00,2026-05-01 03:39:00+00:00,no,no,True,True,1,71.0,70.0,70.5,0.705,29.5,41.0,1.0,77171.23,77219.61,359.966571,,60496,synced,coinbase_close_vs_recorded_strike,C:\Users\organ\Desktop\KALSHI PROBABILITY MODEL BOT\logs\edge_research\coinbase_btc_usd_1m_cache.parquet,2026-05-01 03:45:00+00:00,-1.0,48.38000000000466,2.549968282300292,19.751969381412326,,,63.810322038371496,0.7581845452983607,0.7758297440566879,107.35856822430532,0.4506393928328463,0.6738752648922512,201.1490937686784,0.2405181106887893,0.5950356875146224,146.57857773291323,0.3300618736263072,0.6293233945998705,77209.82,38.59000000001106,0.643166666666851,0.0,279.898499581571,0.99543485942821,0.9179627203718892,0.9719041368471522,77226.23,55.0,0.3055555555555556,0.0,158.369785583338,0.9299136314699136,0.7844542903256353,0.8600275025671879,77196.01,24.77999999999884,0.0825999999999961,0.0,78.11323876460327,0.7665683200633968,0.6511159403125747,0.7029521741979855,77264.72,93.49000000000524,0.1558166666666754,0.0,104.4687912046578,0.8347439589090947,0.698245136442711,0.7619890185311436,77346.0,174.77000000000407,0.1941888888888934,0.0,118.2815084596396,0.8647132052030557,0.721743599493119,0.7901522077052345,76640.0,-531.2299999999959,-0.2951277777777755,531.2299999999959,-57.85613417351118,0.2949759947252496,0.3868157115825557,0.346528199696742,76603.9,-567.3300000000017,-0.1575916666666671,567.3300000000017,-8.34773186817052,0.4690112254287885,0.4834485582921897,0.4772922898819302,0.0311247351077487,True,0.6894376324461255,0.6500178437573112,0.7151478616518826,0.6738752648922512,0.6738752648922512,0.7079762434803547,0.031124735107748713,0.10996431248537752,0.6522494702154975,0.3477505297845025,0.8099286249707551,0.19007137502924487,0.741353210800259,0.25864678919974105,0.19007137502924487,0.8099286249707551,0.0,0.5760378443599266,0.47354639376900914,0.6257689221799633,0.6319257541863029,0.5419376324461256,0.5263752648922512,0.672251296458805,0.42440736179084215,0.6156876324461256,0.6514125794676753,0.5799626854245757,0.6350835099281674,0.5263752648922512,0.5961277675445054,0.5571720251608432,0.6197319773393831,0.6381927804053078,0.5263752648922512,0.5993132806755281,0.5263752648922512,train,fallback_score_min60,2,73.0,29.0,27.0,0.73
KXBTC15M-26MAY010000-00,KXBTC15M-26MAY010000-00|2026-05-01T03:56:00+00:00,v21_native_passive_ticker_minute,KXBTC15M-26MAY010000-00|2026-05-01T03:56:00+00:00|no,2026-05-01 03:56:00.580068+00:00,2026-05-01 03:56:00+00:00,no,no,True,True,1,80.0,79.0,79.5,0.795,20.5,59.0,1.0,77093.44,77133.88,239.419932,,61449,synced,coinbase_close_vs_recorded_strike,C:\Users\organ\Desktop\KALSHI PROBABILITY MODEL BOT\logs\edge_research\coinbase_btc_usd_1m_cache.parquet,2026-05-01 04:00:00+00:00,-1.0,40.44000000000233,2.613551097246439,20.24447974819516,,,29.537783748340665,1.3690939152560528,0.91451503995432,44.128818066163,0.9164079567997953,0.8202735182111592,62.82367970897833,0.6437063251839882,0.7401170562328769,121.94909932544432,0.3316137652815336,0.6299095379793738,77109.41,15.970000000001164,0.2661666666666861,0.0,104.16560523400696,0.9908745789128977,0.9513476026148118,0.803495377783408,77130.52,37.08000000000175,0.2060000000000097,0.0,89.76050599200465,0.9790270467225268,0.9234646349684964,0.7691495443500163,77146.12,52.679999999993015,0.1755999999999767,0.0,82.48214005919675,0.9691970712728084,0.9053941735580066,0.7505956309793294,77113.68,20.239999999990687,0.0337333333333178,0.0,48.51643237279861,0.8642091608770126,0.7800207992921326,0.6546265476330745,77081.5,-11.940000000002328,-0.0132666666666692,11.940000000002328,37.26369556880171,0.8007854035398843,0.7234587088099778,0.6200330598094896,77199.21,105.77000000000407,0.0587611111111133,0.0,54.50858122646954,0.8916247644911919,0.8072053415726708,0.6725545772041988,76528.23,-565.2100000000064,-0.1570027777777795,565.2100000000064,2.850405620635243,0.5257509065924949,0.5180944079312259,0.5093239211271839,-0.0252735182111591,True,0.8076367591055796,0.7675585281164385,0.861490196494656,0.795,0.795,0.8374214697179094,0.025273518211159196,0.054882943767123105,0.35945296357768153,0.6405470364223185,0.5197658875342461,0.48023411246575387,0.7401809240412525,0.25981907595874754,0.48023411246575387,0.5197658875342461,0.23880000000004656,0.7663555736745069,0.66215217310274,0.7704277868372537,0.7878474939645344,0.7051367591055797,0.7177735182111593,0.8100361733601391,0.6897067435495899,0.7563867591055797,0.7718320554633478,0.7409414627478115,0.7776823454741062,0.7177735182111593,0.755882160579215,0.7340819756843238,0.7584844014897465,0.780570262511779,0.7177735182111593,0.7639048457856492,0.7177735182111593,train,hazard_primary_0.55,2,82.0,20.0,18.0,0.82
KXBTC15M-26MAY010015-15,KXBTC15M-26MAY010015-15|2026-05-01T04:02:00+00:00,v21_native_passive_ticker_minute,KXBTC15M-26MAY010015-15|2026-05-01T04:02:00+00:00|yes,2026-05-01 04:02:00.019936+00:00,2026-05-01 04:02:00+00:00,yes,no,True,False,1,63.0,62.0,62.5,0.625,37.5,25.0,1.0,77126.31,77099.09,779.980064,,61758,synced,coinbase_close_vs_recorded_strike,C:\Users\organ\Desktop\KALSHI PROBABILITY MODEL BOT\logs\edge_research\coinbase_btc_usd_1m_cache.parquet,2026-05-01 04:15:00+00:00,1.0,27.220000000001164,0.9746447991080128,7.549566150826014,,,56.96340211583322,0.4778506723430981,0.683621753859409,79.14442272170935,0.3439282145718994,0.6345498636911016,92.87741909789368,0.2930744659400044,0.6152673832518287,220.62408247630265,0.1233772836332356,0.5490958276692672,77094.42,31.889999999999414,0.5314999999999903,0.0,441.7794040159936,0.9999999881074652,0.9999990155266598,0.9773795598326936,77090.55,35.75999999999476,0.1986666666666375,0.0,182.1760393813118,0.9893272747708564,0.9750877438976836,0.7955215136818365,77049.14,77.16999999999825,0.2572333333333275,0.0,227.85687179626325,0.9980053146251696,0.9929225366960256,0.8491473437439672,77158.64,-32.330000000001746,-0.0538833333333362,32.330000000001746,-14.807925781867771,0.4257910928267404,0.4366630214194817,0.4732437403054873,77141.75,-15.440000000002328,-0.0171555555555581,15.440000000002328,13.839008679821369,0.5694042605697551,0.5592243442018258,0.5250079105612515,77179.09,-52.77999999999884,-0.0293222222222215,52.77999999999884,4.349251234490559,0.5219121859119213,0.5186747897978259,0.5078640002064966,76529.7,596.6100000000006,0.1657250000000001,0.0,156.4821961064013,0.9759889467852574,0.9539888283955966,0.7609217445698386,-0.0095498636911015,True,0.6297749318455508,0.6201336916259144,0.7525183927720903,0.625,0.625,0.7024660220323644,0.009549863691101557,0.009732616748171274,0.7309002726177969,0.2690997273822031,0.7694652334963425,0.23053476650365745,0.9018083446614655,0.09819165533853447,0.23053476650365745,0.7694652334963425,0.3088000000000466,0.524914822798432,0.4998475982273773,0.556207411399216,0.593507942861733,0.4422749318455508,0.44704986369110156,0.6514359947705823,0.30714025884471075,0.5360249318455508,0.5716149591073305,0.500434904583771,0.5688665757940677,0.44704986369110156,0.5257537712676235,0.4826409667411792,0.5372095713786805,0.5703643854392348,0.44704986369110156,0.549242929230842,0.44704986369110156,train,fallback_score_min60,2,65.0,-63.0,-65.0,0.65
KXBTC15M-26MAY010030-30,KXBTC15M-26MAY010030-30|2026-05-01T04:19:00+00:00,v21_native_passive_ticker_minute,KXBTC15M-26MAY010030-30|2026-05-01T04:19:00+00:00|yes,2026-05-01 04:19:00.710692+00:00,2026-05-01 04:19:00+00:00,yes,no,True,False,1,72.0,71.0,71.5,0.715,28.5,43.0,1.0,77169.14,77131.71,659.289308,,62730,synced,coinbase_close_vs_recorded_strike,C:\Users\organ\Desktop\KALSHI PROBABILITY MODEL BOT\logs\edge_research\coinbase_btc_usd_1m_cache.parquet,2026-05-01 04:30:00+00:00,1.0,37.429999999993015,1.4577458401737076,11.291650723991816,,,131.44186425736683,0.2847646768513875,0.6120877819933163,80.9524562430288,0.462370158202782,0.6780920521819498,83.59548229922424,0.4477514689850693,0.6728337140738307,199.95733095531605,0.1871899360786997,0.5742441423897006,77138.87,30.270000000004075,0.5045000000000679,0.0,370.0414558860378,0.9999975741013232,0.999995212887455,0.9678865910571992,77101.06,68.08000000000175,0.3782222222222319,0.0,286.78786715911053,0.99980195125468,0.9996989451369488,0.9242488666190776,77134.51,34.63000000000466,0.1154333333333488,0.0,113.53396245346993,0.9196135812587328,0.9127895974037332,0.7149115363941767,77105.8,63.33999999999651,0.1055666666666608,0.0,107.02897461452253,0.9069361352607496,0.8997837058236771,0.7037646368735064,77060.14,109.0,0.1211111111111111,0.0,117.27726063554856,0.9262917899273216,0.9196787361355798,0.7212340594772441,77152.01,17.130000000004657,0.0095166666666692,0.0,43.70423658112806,0.7053585047507271,0.6994454382863344,0.5865066360869652,76845.42,323.7200000000012,0.0899222222222225,0.0,96.71475966270434,0.8838999452827789,0.8763510796185139,0.6856924365821592,0.0369079478180501,True,0.6965460260909748,0.6939168570369154,0.7709018778135608,0.6780920521819498,0.6780920521819498,0.7448503319063315,0.03690794781805018,0.04216628592616922,0.6438158956361004,0.3561841043638996,0.6543325718523385,0.3456674281476615,0.8515117152205989,0.14848828477940113,0.3456674281476615,0.6543325718523385,0.0,0.5815196678365347,0.57468382829598,0.6340098339182674,0.6544711920441406,0.5540460260909749,0.5355920521819497,0.7089687423427214,0.4481454624897729,0.6252960260909748,0.6611776156545849,0.5894144365273648,0.6428947014546331,0.5355920521819497,0.604216664924975,0.5655386283953171,0.6297632727027184,0.6462219766107986,0.5355920521819497,0.6222803972623356,0.5355920521819497,train,fallback_score_min60,2,74.0,-72.0,-74.0,0.74
KXBTC15M-26MAY010045-45,KXBTC15M-26MAY010045-45|2026-05-01T04:35:00+00:00,v21_native_passive_ticker_minute,KXBTC15M-26MAY010045-45|2026-05-01T04:35:00+00:00|yes,2026-05-01 04:35:00.356069+00:00,2026-05-01 04:35:00+00:00,yes,yes,True,True,1,76.0,75.0,75.5,0.755,24.5,51.0,1.0,77051.75,76977.88,599.643931,,63625,synced,coinbase_close_vs_recorded_strike,C:\Users\organ\Desktop\KALSHI PROBABILITY MODEL BOT\logs\edge_research\coinbase_btc_usd_1m_cache.parquet,2026-05-01 04:45:00+00:00,1.0,73.86999999999534,3.0166253601416573,23.366679563151184,,,52.34441472395905,1.4112298396983245,0.9209115728557776,113.3958482074576,0.6514347850271401,0.7426170689243549,97.4964882152802,0.7576683155693194,0.7756752142343086,91.19981946900104,0.8099796735354708,0.791024070886621,77023.43,28.320000000006985,0.4720000000001164,0.0,356.9019354320652,0.9991763488857592,0.9998742190192014,0.9999544983626594,77026.81,24.94000000000233,0.1385555555555684,0.0,156.9539979952253,0.9168398673826496,0.9462838863807324,0.9573737013205362,76992.02,59.729999999995925,0.1990999999999864,0.0,193.2591066620872,0.9558362889961012,0.9762724691237782,0.9829578655914342,77130.3,-78.55000000000291,-0.1309166666666715,78.55000000000291,-4.633384633424228,0.4837036466620692,0.4810479586012111,0.4797405502631091,77155.0,-103.25,-0.1147222222222222,103.25,5.077515693606458,0.5178574351244095,0.5207671110836539,0.5221994925297697,77080.79,-29.0399999999936,-0.0161333333333297,29.0399999999936,64.19574457986414,0.7143441565742001,0.7448727970532709,0.7592531286686199,77195.82,-144.07000000000698,-0.0400194444444463,144.07000000000698,49.87258301689141,0.6699624941679605,0.6955107402309006,0.7077589614108903,0.0123829310756451,True,0.7488085344621774,0.7653376071171543,0.8178177859734853,0.7426170689243549,0.7426170689243549,0.7914523784765267,0.012382931075645143,0.020675214234308625,0.5147658621512903,0.4852341378487097,0.44864957153138274,0.5513504284686173,0.41795185822675807,0.5820481417732419,0.4852341378487097,0.5147658621512903,1.0,0.6654021896016613,0.7083777785046012,0.6979510948008307,0.7180347237004407,0.6263085344621775,0.6201170689243549,0.7144757922613978,0.38081776674831985,0.6875585344621775,0.7145351206773064,0.6605819482470484,0.7059113792829033,0.6201170689243549,0.6754733766849167,0.6450353740869301,0.6916303360113543,0.709242259368449,0.6201170689243549,0.6672964305928764,0.6201170689243549,train,hazard_primary_0.55,2,78.0,24.0,22.0,0.78
KXBTC15M-26MAY010100-00,KXBTC15M-26MAY010100-00|2026-05-01T04:53:00+00:00,v21_native_passive_ticker_minute,KXBTC15M-26MAY010100-00|2026-05-01T04:53:00+00:00|yes,2026-05-01 04:53:00.172815+00:00,2026-05-01 04:53:00+00:00,yes,no,True,False,1,76.0,75.0,75.5,0.755,24.5,51.0,1.0,77074.13,77042.93,419.827185,,64657,synced,coinbase_close_vs_recorded_strike,C:\Users\organ\Desktop\KALSHI PROBABILITY MODEL BOT\logs\edge_research\coinbase_btc_usd_1m_cache.parquet,2026-05-01 05:00:00+00:00,1.0,31.20000000001164,1.5227174179493232,11.794918401395377,,,40.55741606383586,0.7692797773631339,0.7791363801761706,55.53810876727087,0.561776421497415,0.7128658206588491,70.29257453921159,0.4438591160522541,0.6714277775814163,70.34396953866555,0.4435348218849396,0.6713105310304498,77050.29,23.84000000001106,0.3973333333335176,0.0,198.01133484008903,0.9998182963014428,0.9975759679844268,0.9975603895455564,77026.83,47.30000000000291,0.2627777777777939,0.0,141.52125472501842,0.9945857147013356,0.9779593690040064,0.9778819291261942,77031.45,42.68000000000757,0.1422666666666918,0.0,90.92741418602222,0.9492064509988696,0.9020906657176408,0.9019272458172876,77014.84,59.29000000000815,0.0988166666666802,0.0,72.68592299776734,0.904691766448288,0.8494432273371533,0.849266571282533,77036.0,38.13000000000466,0.0423666666666718,0.0,48.98667840451381,0.8111216568122674,0.7570663459881339,0.7569069825262492,77135.07,-60.94000000000233,-0.0338555555555568,60.94000000000233,16.9865174145111,0.6201418523772777,0.5954760583243284,0.5954076470792053,77130.52,-56.38999999999942,-0.0156638888888887,56.38999999999942,24.62387362163671,0.6712505588044204,0.636945271104006,0.6368492374492634,0.0421341793411509,True,0.7339329103294245,0.7132138887907081,0.8056907572192396,0.7128658206588491,0.7128658206588491,0.7812010363974287,0.042134179341150935,0.08357222241858375,0.5742683586823019,0.42573164131769814,0.6571444448371677,0.3428555551628323,0.6573789379391004,0.3426210620608996,0.3428555551628323,0.6571444448371677,0.0,0.6267255668565037,0.5728561108558411,0.6786127834282519,0.6980334285281389,0.6114329103294245,0.5903658206588491,0.7482742005291985,0.5206522864175851,0.6726829103294245,0.7056097461976547,0.6397560744611943,0.686077213772566,0.5903658206588491,0.651162256743583,0.6162472997145998,0.6781905512722116,0.6899945159183378,0.5903658206588491,0.6693200105940238,0.5903658206588491,train,hazard_primary_0.55,2,78.0,-76.0,-78.0,0.78
KXBTC15M-26MAY010115-15,KXBTC15M-26MAY010115-15|2026-05-01T05:04:00+00:00,v21_native_passive_ticker_minute,KXBTC15M-26MAY010115-15|2026-05-01T05:04:00+00:00|yes,2026-05-01 05:04:00.769685+00:00,2026-05-01 05:04:00+00:00,yes,yes,True,True,1,68.0,67.0,67.5,0.675,32.5,35.0,1.0,77047.82,77018.24,659.230315,,65285,synced,coinbase_close_vs_recorded_strike,C:\Users\organ\Desktop\KALSHI PROBABILITY MODEL BOT\logs\edge_research\coinbase_btc_usd_1m_cache.parquet,2026-05-01 05:15:00+00:00,1.0,29.580000000001743,1.152071901397369,8.923910575491046,,,56.81584453062327,0.5206294167476182,0.6986875235706409,84.4613814771307,0.3502192301698382,0.6369129120239441,75.8089116716878,0.390191592884309,0.6518025610825018,88.8774212292893,0.3328179372316637,0.6303641412739212,77007.62,40.20000000001164,0.670000000000194,0.0,471.26431105012966,0.9999999879493264,0.9999999997457788,0.9999999428573324,77006.54,41.28000000001339,0.2293333333334077,0.0,180.7634855733841,0.9838303315011528,0.9914479478546016,0.979016720047536,76996.99,50.83000000000175,0.1694333333333391,0.0,141.27558970483892,0.9528033603748888,0.9688092917768976,0.9440324776334212,77072.26,-24.439999999987776,-0.0407333333333129,24.439999999987776,2.7273518356818407,0.512880051006329,0.5143495173172506,0.5122402878552704,77043.71,4.110000000000582,0.0045666666666673,0.0,32.59048510516884,0.6502007709444277,0.6663669298799948,0.6430749653853765,77023.43,24.39000000001397,0.0135500000000077,0.0,38.51257076825687,0.6757972666624907,0.6942809308855356,0.6676096890815861,77060.14,-12.319999999992431,-0.0034222222222201,12.319999999992431,27.323967366447576,0.6268448809110956,0.6407379979432389,0.6207435862961029,0.0380870879760559,True,0.6559564560119721,0.6634012805412509,0.7549054241329443,0.6369129120239441,0.6369129120239441,0.719134545682161,0.03808708797605598,0.02319743891749826,0.7261741759521119,0.27382582404788813,0.6963948778349964,0.30360512216500357,0.7392717174521577,0.2607282825478423,0.27382582404788813,0.7261741759521119,0.0,0.5279867856311272,0.5473433294072523,0.5852433928155637,0.6130237288530526,0.4934564560119721,0.4744129120239441,0.6790171280869498,0.369106160085377,0.5747064560119721,0.6148238736071832,0.5345890384167609,0.5954419413492961,0.4744129120239441,0.5519511836679188,0.5084604259865416,0.577916159379531,0.5979217798579215,0.4744129120239441,0.576715020055447,0.4744129120239441,train,fallback_score_min60,2,70.0,32.0,30.0,0.7
KXBTC15M-26MAY010130-30,KXBTC15M-26MAY010130-30|2026-05-01T05:18:00+00:00,v21_native_passive_ticker_minute,KXBTC15M-26MAY010130-30|2026-05-01T05:18:00+00:00|no,2026-05-01 05:18:00.125085+00:00,2026-05-01 05:18:00+00:00,no,no,True,True,1,80.0,79.0,79.5,0.795,20.5,59.0,1.0,77064.0,77124.46,719.874915,,65994,synced,coinbase_close_vs_recorded_strike,C:\Users\organ\Desktop\KALSHI PROBABILITY MODEL BOT\logs\edge_research\coinbase_btc_usd_1m_cache.parquet,2026-05-01 05:30:00+00:00,-1.0,60.4600000000064,2.253406915082516,17.454814908686426,,,50.57433710565807,1.1954679677500384,0.8840478779261745,79.97455341210424,0.755990467223487,0.7751725444018596,79.47668042254301,0.76072628698842,0.776589714785704,90.41365130321084,0.6687043286997447,0.748157947152487,77087.67,23.669999999998254,0.3944999999999709,0.0,344.45065396748544,0.9999917259375144,0.9999926782558068,0.999930437739278,77107.53,43.52999999999884,0.2418333333333268,0.0,234.54975027750172,0.9983204246601898,0.9984171726775996,0.9952592292246356,77131.1,67.10000000000582,0.223666666666686,0.0,221.4720226550204,0.9971909932930454,0.9973370292545932,0.992848095673297,77135.04,71.0399999999936,0.1183999999999893,0.0,145.6931899359987,0.965753106554399,0.966610346433778,0.9464544779307342,77007.62,-56.38000000000466,-0.0626444444444496,56.38000000000466,15.363835880336012,0.5761716089227167,0.576642881781894,0.5674667282082204,77031.45,-32.55000000000291,-0.0180833333333349,32.55000000000291,47.44226195375524,0.7234820202134905,0.7247239795341176,0.7001126537224139,77138.87,74.86999999999534,0.0207972222222209,0.0,75.4313985794638,0.827208774297382,0.8287153825535725,0.797941809863614,0.0198274555981404,True,0.7850862722009297,0.785794857392852,0.8557878458983016,0.7751725444018596,0.7751725444018596,0.829489961979167,0.019827455598140475,0.018410285214295996,0.44965491119628087,0.5503450888037191,0.4468205704285919,0.5531794295714081,0.5036841056950261,0.4963158943049739,0.5503450888037191,0.44965491119628087,1.0,0.7077243077224173,0.7095666292214152,0.7411121538612088,0.7613312531905133,0.6825862722009298,0.6726725444018595,0.7550244708595388,0.4500641881330237,0.7338362722009297,0.7583017633205579,0.7093707810813017,0.7476150296012397,0.6726725444018595,0.7208115346028614,0.6940080396044831,0.7384281620949797,0.7510949743545283,0.6726725444018595,0.7138485076306992,0.6726725444018595,train,hazard_primary_0.55,2,82.0,20.0,18.0,0.82
KXBTC15M-26MAY010145-45,KXBTC15M-26MAY010145-45|2026-05-01T05:39:00+00:00,v21_native_passive_ticker_minute,KXBTC15M-26MAY010145-45|2026-05-01T05:39:00+00:00|no,2026-05-01 05:39:00.744383+00:00,2026-05-01 05:39:00+00:00,no,yes,True,False,1,73.0,72.0,72.5,0.725,27.5,45.0,1.0,77038.91,77063.64,359.255617,,67166,synced,coinbase_close_vs_recorded_strike,C:\Users\organ\Desktop\KALSHI PROBABILITY MODEL BOT\logs\edge_research\coinbase_btc_usd_1m_cache.parquet,2026-05-01 05:44:59.999999999+00:00,-1.0,24.729999999995925,1.3047350605644354,10.106434321557966,,,27.05822656636876,0.9139549459879742,0.8196297399618612,36.087649841276416,0.6852759907825915,0.7534151103412325,36.70327443801144,0.6737818458612648,0.7497749908917353,49.451155994744425,0.5000894216229077,0.6914939428230719,77060.76,21.84999999999127,0.3641666666665211,0.0,155.5589205241103,0.9999918588779112,0.9999887382900589,0.9991715746755307,77064.56,25.64999999999418,0.1424999999999676,0.0,75.9239254224843,0.982305349384974,0.9807075821549636,0.9376488094583166,77070.75,31.839999999996508,0.1061333333333216,0.0,62.85899615092507,0.959231981448166,0.9566093518284118,0.8981593309820445,77080.9,41.98999999999069,0.0699833333333178,0.0,49.87190559637368,0.9165089316291088,0.9128928383143756,0.8433947684298724,77072.98,34.06999999999243,0.0378555555555471,0.0,38.3298209679818,0.8559119495212812,0.8518304202492882,0.7808610879896276,77152.12,113.20999999999184,0.0628944444444399,0.0,47.32518244475541,0.905137914725104,0.9013703764359984,0.8307185473410846,77028.13,-10.779999999998836,-0.0029944444444441,10.779999999998836,23.65422901353493,0.7439161285484059,0.740365263217631,0.6837941796758752,-0.0284151103412325,True,0.7392075551706163,0.7373874954458677,0.8125490305964661,0.725,0.725,0.7803709293920029,0.028415110341232563,0.024774990891735293,0.4931697793175349,0.5068302206824651,0.5004500182165295,0.49954998178347054,0.6170121143538563,0.3829878856461437,0.49954998178347054,0.5004500182165295,0.0,0.6794396434436023,0.6747074881592559,0.688469821721801,0.7118930198666177,0.6017075551706162,0.6159151103412326,0.7585539514602494,0.6027534188272817,0.6704575551706162,0.6922745331023697,0.6486405772388628,0.6981100735608218,0.6159151103412326,0.6684765801006386,0.6388430866404554,0.6727882334549823,0.7011650822889971,0.6159151103412326,0.687234530900741,0.6159151103412326,train,hazard_primary_0.55,2,75.0,-73.0,-75.0,0.75
KXBTC15M-26MAY010200-00,KXBTC15M-26MAY010200-00|2026-05-01T05:49:00+00:00,v21_native_passive_ticker_minute,KXBTC15M-26MAY010200-00|2026-05-01T05:49:00+00:00|yes,2026-05-01 05:49:00.578361+00:00,2026-05-01 05:49:00+00:00,yes,yes,True,True,1,73.0,72.0,72.5,0.725,27.5,45.0,1.0,77135.04,77097.32,659.421639,,67710,synced,coinbase_close_vs_recorded_strike,C:\Users\organ\Desktop\KALSHI PROBABILITY MODEL BOT\logs\edge_research\coinbase_btc_usd_1m_cache.parquet,2026-05-01 06:00:00+00:00,1.0,37.71999999998661,1.468892748443162,11.377994304170414,,,51.11547952587978,0.7379369292796905,0.7697236117058728,56.497855546954206,0.6676359595390005,0.7478170010574745,52.708394243886765,0.715635536636775,0.7628917876535565,64.8945091105548,0.5812510259647165,0.719464358857409,77128.77,6.269999999989523,0.1044999999998253,0.0,106.62956127537146,0.9704413849628288,0.9784638954137104,0.9498210983481924,77083.29,51.75,0.2875,0.0,227.3037212124866,0.9999712969914196,0.9999919282044224,0.9997696857442756,77086.6,48.439999999987776,0.1614666666666259,0.0,144.19461397715975,0.9946479614331194,0.9968876592890497,0.9868578341665006,77038.91,96.1299999999901,0.1602166666666502,0.0,143.37033692842573,0.9944196153128328,0.996736560458512,0.9864225191792956,77070.75,64.2899999999936,0.0714333333333262,0.0,84.82468574588192,0.933371200274351,0.946226832344705,0.9044134314234512,77057.91,77.1299999999901,0.0428499999999945,0.0,65.97621723113299,0.8785492114304997,0.8946642733046621,0.8453444735173278,77043.71,91.3299999999872,0.0253694444444408,0.0,54.44916063605927,0.8324114857598208,0.8492042184760599,0.7992768782247872,-0.0228170010574745,True,0.7364085005287373,0.7439458938267782,0.822488320830198,0.725,0.725,0.7857746926038662,0.02281700105747453,0.0378917876535565,0.504365997885051,0.495634002114949,0.47421642469288705,0.525783575307113,0.561071282285182,0.438928717714818,0.495634002114949,0.504365997885051,0.0,0.6721621013747168,0.6917593239496234,0.6848310506873584,0.7117958468306703,0.5989085005287372,0.6103170010574746,0.7628380928153611,0.595098798258261,0.6676585005287372,0.6905951003172424,0.6447219007402322,0.6943780007049831,0.6103170010574746,0.6642952187230974,0.6342124367412116,0.6701851837825755,0.6974145439316081,0.6103170010574746,0.6865775469364178,0.6103170010574746,train,hazard_primary_0.55,2,75.0,27.0,25.0,0.75
KXBTC15M-26MAY010215-15,KXBTC15M-26MAY010215-15|2026-05-01T06:07:00+00:00,v21_native_passive_ticker_minute,KXBTC15M-26MAY010215-15|2026-05-01T06:07:00+00:00|yes,2026-05-01 06:07:00.927255+00:00,2026-05-01 06:07:00+00:00,yes,no,True,False,1,65.0,64.0,64.5,0.645,35.5,29.0,1.0,77153.11,77126.97,479.072745,,68718,synced,coinbase_close_vs_recorded_strike,C:\Users\organ\Desktop\KALSHI PROBABILITY MODEL BOT\logs\edge_research\coinbase_btc_usd_1m_cache.parquet,2026-05-01 06:15:00+00:00,1.0,26.139999999999414,1.194276402448509,9.250825234903164,,,44.30217102115847,0.5900388039113276,0.7224176826809019,41.42687991618018,0.6309912803689052,0.7359768870927915,45.73757073188164,0.571521390001992,0.7161768674492188,44.69151472524686,0.5848985016664151,0.7206920169326327,77130.67,22.44000000000233,0.3740000000000388,0.0,205.313206630018,0.9999996402749388,0.9999964210758484,0.9999978259436132,77115.14,37.97000000000117,0.2109444444444509,0.0,127.19773404250252,0.9989311941655464,0.997290695951653,0.9977872740750668,77138.0,15.110000000000582,0.0503666666666686,0.0,50.26929725650035,0.8875203974960673,0.8641336425685582,0.8696644375864762,77117.12,35.99000000000524,0.059983333333342,0.0,54.8763801542536,0.9073574240005016,0.8848933682822329,0.8902563558582091,77105.25,47.86000000000058,0.0531777777777784,0.0,51.61602397299973,0.8936095232549176,0.870451015038292,0.8759425284526141,77054.46,98.64999999999418,0.0548055555555523,0.0,52.395847941247865,0.8970247201501933,0.8740146141624241,0.8794795775924251,77124.83,28.27999999999884,0.0078555555555552,0.0,29.903382563499264,0.7648021153564428,0.7433807854627252,0.7482862249506372,-0.0909768870927915,True,0.6904884435463958,0.6805884337246094,0.7561657615296197,0.645,0.645,0.7207971456270509,0.0909768870927915,0.0711768674492188,0.528046225814417,0.47195377418558304,0.5676462651015624,0.43235373489843765,0.5586159661347345,0.4413840338652655,0.43235373489843765,0.5676462651015624,0.0,0.656769953220629,0.6310299276839844,0.6331349766103145,0.6573870163599213,0.5129884435463958,0.5584768870927916,0.7034925230456092,0.5607058139351898,0.6017384435463958,0.6190430661278374,0.5844338209649541,0.6464845913951944,0.5584768870927916,0.6102487539118686,0.5740129164285428,0.6025395072979687,0.6500121205678263,0.5584768870927916,0.6309847050692003,0.5584768870927916,train,hazard_primary_0.55,2,67.0,-65.0,-67.0,0.67
KXBTC15M-26MAY010230-30,KXBTC15M-26MAY010230-30|2026-05-01T06:16:00+00:00,v21_native_passive_ticker_minute,KXBTC15M-26MAY010230-30|2026-05-01T06:16:00+00:00|yes,2026-05-01 06:16:00.420331+00:00,2026-05-01 06:16:00+00:00,yes,yes,True,True,1,62.0,61.0,61.5,0.615,38.5,23.0,1.0,77143.22,77118.82,839.579669,,69234,synced,coinbase_close_vs_recorded_strike,C:\Users\organ\Desktop\KALSHI PROBABILITY MODEL BOT\logs\edge_research\coinbase_btc_usd_1m_cache.parquet,2026-05-01 06:30:00+00:00,1.0,24.39999999999418,0.8420906973471504,6.522806493643407,,,61.736060403308215,0.3952309208037296,0.6536637625512104,75.02620404512983,0.325219705708649,0.6274926021817131,67.18984641893557,0.3631501082448928,0.6417536225359276,63.84341014274237,0.3821850985942037,0.6488379629872907,77118.33,24.889999999999414,0.4148333333333236,0.0,372.6856326901527,0.999999660728232,0.999999985449016,0.999999997350437,77122.21,21.00999999999476,0.1167222222221931,0.0,122.3976046982475,0.948596824369152,0.9657473249410712,0.9723907707888152,77067.37,75.85000000000582,0.2528333333333527,0.0,236.6737263121771,0.9991962640262976,0.9997862213805596,0.9998951757490092,77130.67,12.55000000000291,0.0209166666666715,0.0,41.96120807658159,0.7120171920048832,0.7338559783125427,0.7444905479669919,77135.17,8.05000000000291,0.0089444444444476,0.0,31.90957370605245,0.6646955165038013,0.6825767920194175,0.6913955595223841,77083.29,59.93000000000757,0.0332944444444486,0.0,52.35333864620327,0.7573490833023256,0.7820647072000324,0.7938997251590805,77114.45,28.770000000004075,0.0079916666666677,0.0,31.10964085475346,0.6608010537312365,0.678321774101867,0.6869701734767458,-0.0124926021817131,True,0.6212463010908565,0.6283768112679637,0.7472296220693369,0.615,0.615,0.6955870334597735,0.012492602181713108,0.026753622535927613,0.745014795636574,0.254985204363426,0.7164927549281448,0.2835072450718552,0.7023240740254186,0.29767592597458137,0.254985204363426,0.745014795636574,0.0,0.5157403828362269,0.5342797092967059,0.5461201914181135,0.5845398178207433,0.4287463010908565,0.43499260218171304,0.6595855538961161,0.3549048307660557,0.5249963010908565,0.5609977806545139,0.4889948215271991,0.5591617347878087,0.43499260218171304,0.5151873172316314,0.4712128996754539,0.5258356118104718,0.5603989605334802,0.43499260218171304,0.5472890780389146,0.43499260218171304,train,fallback_score_min60,2,64.0,38.0,36.0,0.64
KXBTC15M-26MAY010245-45,KXBTC15M-26MAY010245-45|2026-05-01T06:33:00+00:00,v21_native_passive_ticker_minute,KXBTC15M-26MAY010245-45|2026-05-01T06:33:00+00:00|no,2026-05-01 06:33:00.142997+00:00,2026-05-01 06:33:00+00:00,no,no,True,True,1,61.0,60.0,60.5,0.605,39.5,21.0,1.0,77104.56,77127.24,719.857003,,70223,synced,coinbase_close_vs_recorded_strike,C:\Users\organ\Desktop\KALSHI PROBABILITY MODEL BOT\logs\edge_research\coinbase_btc_usd_1m_cache.parquet,2026-05-01 06:45:00+00:00,-1.0,22.680000000007567,0.845317642640576,6.547802304404526,,,43.51206867369523,0.5212346985864758,0.6988983574559986,62.65633390865585,0.3619745775913386,0.6413144858881478,65.43953032260892,0.3465795045929872,0.6355463772000753,60.23500831308097,0.3765252240378998,0.6467367666148207,77123.14,18.580000000001743,0.3096666666666958,0.0,245.5957185956952,0.9999556753202232,0.9999126407594284,0.9999772183726514,77128.84,24.27999999999884,0.1348888888888824,0.0,119.78071129355848,0.9720432700149302,0.9664051487598267,0.9766249060629096,77119.99,15.430000000007569,0.0514333333333585,0.0,59.704645187659054,0.8296773032635429,0.8192113266704762,0.8392048390168001,77091.13,-13.429999999993017,-0.0223833333333216,13.429999999993017,6.5672007495326135,0.5417379181652366,0.5399688541278143,0.5434091892181099,77139.71,35.15000000000873,0.0390555555555652,0.0,50.79441517273678,0.791226086922958,0.7811856824509271,0.8004614558143919,77135.02,30.460000000006403,0.0169222222222257,0.0,34.86158017299901,0.7110290770268606,0.7028896418527593,0.7186242514993514,77049.75,-54.80999999999767,-0.0152249999999993,54.80999999999767,11.720177129333033,0.5741912235993505,0.5710701525156179,0.5771368395277267,-0.0363144858881477,True,0.6231572429440739,0.6202731886000377,0.6919972630505636,0.605,0.605,0.6608298064191529,0.036314485888147785,0.03054637720007536,0.7173710282237045,0.28262897177629553,0.7289072455998493,0.2710927544001507,0.7065264667703586,0.2934735332296414,0.2710927544001507,0.7289072455998493,0.0,0.533708831654592,0.5262102903600979,0.549604415827296,0.5720721461536504,0.42565724294407387,0.4438144858881478,0.6285927035967824,0.36559670210264983,0.5244072429440739,0.5566443457664443,0.49217014012170346,0.5633763239254319,0.4438144858881478,0.5204598152380778,0.47754330655072375,0.525059915660007,0.5647773394407696,0.4438144858881478,0.5362035947424652,0.4438144858881478,train,fallback_score_min60,2,63.0,39.0,37.0,0.63
KXBTC15M-26MAY010300-00,KXBTC15M-26MAY010300-00|2026-05-01T06:45:00+00:00,v21_native_passive_ticker_minute,KXBTC15M-26MAY010300-00|2026-05-01T06:45:00+00:00|yes,2026-05-01 06:45:37.394291+00:00,2026-05-01 06:45:00+00:00,yes,no,True,False,1,71.0,70.0,70.5,0.705,29.5,41.0,1.0,77045.54,76983.36,862.605709,,70844,synced,coinbase_close_vs_recorded_strike,C:\Users\organ\Desktop\KALSHI PROBABILITY MODEL BOT\logs\edge_research\coinbase_btc_usd_1m_cache.parquet,2026-05-01 07:00:00+00:00,1.0,62.179999999993015,2.117115509212172,16.399106218352355,,,211.2748653641785,0.2943085534231067,0.6157389313714178,135.43874601419142,0.4591005294266215,0.6769190117455048,107.07646729161333,0.580706494832812,0.7192808581698236,88.69163059591126,0.7010808075374313,0.7583737064829761,76949.08,96.45999999999184,1.607666666666531,0.0,1448.9624448355426,1.0,1.0,1.0,76992.53,53.00999999999476,0.2944999999999709,0.0,316.21738130046793,0.9902220990693548,0.9984274692899392,0.9998183198113424,77030.31,15.229999999995924,0.050766666666653,0.0,105.97161649354796,0.7830196495197216,0.8388351303694587,0.8839237024035773,77149.43,-103.88999999999942,-0.173149999999999,103.88999999999942,-87.18017851335614,0.2598891666924794,0.2077691543100321,0.1628139699172775,77128.84,-83.30000000000291,-0.0925555555555587,83.30000000000291,-17.65895062189867,0.4481315893264113,0.4345038439954873,0.4210902895629761,77118.33,-72.79000000000815,-0.0404388888888934,72.79000000000815,27.297183578816885,0.579864300735868,0.6006120659000148,0.6208737288598494,77097.02,-51.48000000001048,-0.0143000000000029,51.48000000001048,49.8447383612905,0.6435724112748309,0.6792154306724942,0.7129421516374744,0.0280809882544951,True,0.6909595058727525,0.7121404290849118,0.7216462204217421,0.6769190117455048,0.6769190117455048,0.7121796334275958,0.02808098825449512,0.014280858169823607,0.6461619765089905,0.35383802349100946,0.5614382836603529,0.43856171633964713,0.48325258703404783,0.5167474129659522,0.35383802349100946,0.6461619765089905,1.0,0.5799947152691561,0.6350651156207706,0.6277473576345781,0.6355493225865503,0.5434595058727523,0.5294190117455049,0.6270634357766968,0.23213998844298162,0.6172095058727525,0.6523257035236514,0.5820933082218533,0.6371126744970033,0.5294190117455049,0.5986081742774134,0.5601036740578236,0.621170010504895,0.640198945108067,0.5294190117455049,0.5782412237611008,0.5294190117455049,train,fallback_score_min60,2,73.0,-71.0,-73.0,0.73
KXBTC15M-26MAY010315-15,KXBTC15M-26MAY010315-15|2026-05-01T07:04:00+00:00,v21_native_passive_ticker_minute,KXBTC15M-26MAY010315-15|2026-05-01T07:04:00+00:00|no,2026-05-01 07:04:00.754442+00:00,2026-05-01 07:04:00+00:00,no,no,True,True,1,79.0,78.0,78.5,0.785,21.5,57.0,1.0,76942.39,77015.93,659.245558,,71888,synced,coinbase_close_vs_recorded_strike,C:\Users\organ\Desktop\KALSHI PROBABILITY MODEL BOT\logs\edge_research\coinbase_btc_usd_1m_cache.parquet,2026-05-01 07:15:00+00:00,-1.0,73.5399999999936,2.864178098076582,22.185828148845268,,,148.3234751832063,0.495808232035815,0.689985141835741,132.36750965799257,0.5555744018302087,0.7107490826083737,126.09899778177412,0.5831925811754769,0.7201181675793807,98.68264924744776,0.7452171233829696,0.7719297635576907,76973.7,31.30999999999767,0.5218333333332945,0.0,417.5563070163013,0.9991961954978154,0.9995357438169332,0.9999883829896068,77001.07,58.68000000000757,0.326000000000042,0.0,288.45405190802126,0.9853412493878196,0.9889172720482536,0.9982668807442378,77018.42,76.02999999999884,0.2534333333333294,0.0,240.6147992491244,0.9654509949659608,0.971813569995138,0.9926210969016598,76956.78,14.389999999999418,0.0239833333333323,0.0,89.35090596602629,0.750168925833467,0.7607066321682616,0.8173829965219461,76962.94,20.55000000000291,0.0228333333333365,0.0,88.59277357432906,0.7483460077718455,0.7588366367479535,0.8153417256123993,77104.57,162.18000000000757,0.0901000000000042,0.0,132.93802477579635,0.8423854127587256,0.8541124170685556,0.9110302736793628,77115.14,172.75,0.0479861111111111,0.0,105.17463059568804,0.7865667962787856,0.7978775312387771,0.8567399066525438,0.0742509173916263,True,0.7478745413041868,0.7525590837896904,0.8204000258581114,0.7107490826083737,0.7107490826083737,0.7988149237757043,0.07425091739162637,0.06488183242061929,0.5785018347832527,0.4214981652167473,0.5597636648412385,0.4402363351587615,0.45614047288461856,0.5438595271153814,0.4214981652167473,0.5785018347832527,0.0,0.6239738073908857,0.636153617853195,0.693736903695443,0.7117820031920389,0.6403745413041868,0.6032490826083736,0.762464740297379,0.5180432647133434,0.6941245413041868,0.7304747247825121,0.6577743578258615,0.6996660550722491,0.6032490826083736,0.6623599471771172,0.6250538392819853,0.7020405161967177,0.7049601216129009,0.6032490826083736,0.6828569114528763,0.6032490826083736,train,hazard_primary_0.55,2,81.0,21.0,19.0,0.81
KXBTC15M-26MAY010330-30,KXBTC15M-26MAY010330-30|2026-05-01T07:21:00+00:00,v21_native_passive_ticker_minute,KXBTC15M-26MAY010330-30|2026-05-01T07:21:00+00:00|yes,2026-05-01 07:21:00.254168+00:00,2026-05-01 07:21:00+00:00,yes,no,True,False,1,79.0,78.0,78.5,0.785,21.5,57.0,1.0,77070.44,77016.34,539.745832,,72880,synced,coinbase_close_vs_recorded_strike,C:\Users\organ\Desktop\KALSHI PROBABILITY MODEL BOT\logs\edge_research\coinbase_btc_usd_1m_cache.parquet,2026-05-01 07:30:00+00:00,1.0,54.10000000000582,2.328641411249854,18.037578810119243,,,89.33498698235323,0.605585804928728,0.7276050846019043,94.88229153893076,0.5701801581995758,0.7157222438421712,102.6449569533436,0.5270595030265005,0.7009238659480328,96.33769615093814,0.5615662628598057,0.7127942140924001,77014.0,56.44000000000233,0.9406666666667056,0.0,561.8209126346934,0.9999999984023936,0.9999999779307592,0.9999999972581536,77035.5,34.94000000000233,0.194111111111124,0.0,158.8706631671239,0.9529737392104892,0.9391610161374032,0.9504366042479612,76983.11,87.33000000000175,0.2911000000000058,0.0,211.2200116952089,0.986997155237338,0.9801940311213712,0.9858281435362706,77037.3,33.13999999999942,0.0552333333333323,0.0,83.91196145413863,0.8117543297398484,0.7931778160201719,0.8081281039938781,76971.68,98.76000000000931,0.1097333333333436,0.0,113.32810929814474,0.8838406744152485,0.8652204971474938,0.880275091422178,76900.02,170.41999999999825,0.0946777777777768,0.0,105.20193593858306,0.8662336949848848,0.8472973861649369,0.862586122432387,77091.05,-20.610000000000586,-0.0057250000000001,20.610000000000586,51.00995511180574,0.7045778795269717,0.6903897123802898,0.7017676002735896,0.0692777561578288,True,0.7503611219210856,0.7429619329740165,0.8292397996931697,0.7157222438421712,0.7157222438421712,0.804616104200119,0.06927775615782883,0.08407613405196723,0.5685555123156576,0.4314444876843424,0.5981522681039344,0.4018477318960656,0.5744115718151999,0.42558842818480014,0.4018477318960656,0.5981522681039344,0.0,0.6304389169948225,0.6112010257324426,0.6969694584974114,0.7171691740211451,0.6428611219210856,0.6082222438421712,0.7692605529685532,0.5301442032080762,0.6966111219210855,0.7319666731526513,0.6612555706895198,0.7029814958947808,0.6082222438421712,0.6666168180655478,0.630252140236315,0.7042139137974707,0.7080799881267497,0.6082222438421712,0.6887413984053622,0.6082222438421712,train,hazard_primary_0.55,2,81.0,-79.0,-81.0,0.81
KXBTC15M-26MAY010345-45,KXBTC15M-26MAY010345-45|2026-05-01T07:32:00+00:00,v21_native_passive_ticker_minute,KXBTC15M-26MAY010345-45|2026-05-01T07:32:00+00:00|no,2026-05-01 07:32:00.942934+00:00,2026-05-01 07:32:00+00:00,no,no,True,True,1,62.0,61.0,61.5,0.615,38.5,23.0,1.0,76949.79,76978.45,779.057066,,73486,synced,coinbase_close_vs_recorded_strike,C:\Users\organ\Desktop\KALSHI PROBABILITY MODEL BOT\logs\edge_research\coinbase_btc_usd_1m_cache.parquet,2026-05-01 07:45:00+00:00,-1.0,28.66000000000349,1.0268134543138443,7.9536628164384595,,,43.08677503630359,0.6651693002285611,0.7470288930848481,97.51952599207196,0.2938898616296952,0.6155789672800878,99.33146480572368,0.2885289173582392,0.6135290508096188,118.46764028486731,0.2419226037683172,0.5955799324956137,76971.58,21.79000000000815,0.3631666666668025,0.0,311.58755780244263,0.9993011605269704,0.9991461224492224,0.9957326286729368,76969.98,20.19000000000233,0.1121666666666796,0.0,116.0442342363469,0.8829687396006842,0.8786475397506341,0.8363443037030889,76959.99,10.200000000011642,0.0340000000000388,0.0,55.14794024403372,0.7141353980706474,0.7106180049909194,0.6792170698590021,77063.0,113.2100000000064,0.188683333333344,0.0,175.65508406977847,0.9641666726595431,0.9615007194394528,0.930926425842437,77007.87,58.08000000000175,0.0645333333333352,0.0,78.93514932587166,0.7908658364326415,0.7865955404156907,0.7473907503777021,76974.66,24.87000000000989,0.0138166666666721,0.0,39.42397179524111,0.6569919770948252,0.6542768492386957,0.6303508110187455,77123.14,173.35000000000582,0.0481527777777794,0.0,66.17376177531031,0.7512946170039032,0.7473555966677674,0.7117761127319441,-0.0005789672800877,True,0.6152894836400439,0.6142645254048094,0.6482381217835784,0.615,0.615,0.6350007697981559,0.0005789672800877721,0.0014709491903811545,0.7688420654398245,0.23115793456017553,0.7729418983807623,0.22705810161923767,0.8088401350087726,0.1911598649912274,0.22705810161923767,0.7729418983807623,0.0,0.5002526574641141,0.49758776605250443,0.5383763287320571,0.5482898685391218,0.4227894836400439,0.42307896728008776,0.5966165632541733,0.3025714743672403,0.5190394836400438,0.5574236901840264,0.48065527709606143,0.5512193115200584,0.42307896728008776,0.5059147041987431,0.46061009687742765,0.5197687369507838,0.5522302034882454,0.42307896728008776,0.5098477652671305,0.42307896728008776,train,fallback_score_min60,2,64.0,38.0,36.0,0.64
KXBTC15M-26MAY010400-00,KXBTC15M-26MAY010400-00|2026-05-01T07:49:00+00:00,v21_native_passive_ticker_minute,KXBTC15M-26MAY010400-00|2026-05-01T07:49:00+00:00|yes,2026-05-01 07:49:00.025537+00:00,2026-05-01 07:49:00+00:00,yes,yes,True,True,1,68.0,67.0,67.5,0.675,32.5,35.0,1.0,77040.85,76997.16,659.974463,,74429,synced,coinbase_close_vs_recorded_strike,C:\Users\organ\Desktop\KALSHI PROBABILITY MODEL BOT\logs\edge_research\coinbase_btc_usd_1m_cache.parquet,2026-05-01 08:00:00+00:00,1.0,43.69000000000233,1.7006638452426994,13.173285500244084,,,100.74874145778196,0.4336530597586701,0.667729800970386,63.06319142162757,0.6927971613092009,0.7557815730404827,78.95355152030872,0.5533633276618877,0.7099926774244516,96.67679554739132,0.4519181645670634,0.6743360309549719,77018.79,22.060000000012224,0.3676666666668703,0.0,286.34061089647014,0.999997194413283,0.9998564651062368,0.998470936479396,76980.43,60.420000000012806,0.3356666666667378,0.0,265.2214280803826,0.9999869830990312,0.999609169421803,0.9969595095786866,77006.95,33.90000000000873,0.1130000000000291,0.0,118.26711431902154,0.9696294040817516,0.9329246443211732,0.8893964639272858,76991.79,49.060000000012224,0.081766666666687,0.0,97.65391192464912,0.939250087302096,0.8919291101258774,0.8437779954830755,76984.2,56.65000000000873,0.0629444444444541,0.0,85.23172592106428,0.9117369661301866,0.8598214103211093,0.8110075154984502,77036.53,4.320000000006985,0.0024000000000038,0.0,45.27393871120489,0.7635947970231807,0.7168215096989184,0.6802156882096215,76962.94,77.91000000000349,0.0216416666666676,0.0,57.9729473367613,0.8210263304891343,0.7686068322659632,0.7256326783908351,-0.0807815730404826,True,0.7153907865202414,0.6924963387122258,0.8001369923740781,0.675,0.675,0.7581603527284951,0.08078157304048261,0.03499267742445156,0.4884368539190347,0.5115631460809653,0.5800146451510968,0.4199853548489032,0.6513279380900563,0.3486720619099437,0.4199853548489032,0.5800146451510968,0.0,0.6825160449526274,0.622990480651787,0.6625080224763138,0.691970962884489,0.5528907865202414,0.5932815730404827,0.7418166673365917,0.6085260864891404,0.6341407865202413,0.6504844719121448,0.6177971011283379,0.6746877153603218,0.5932815730404827,0.6415173580080308,0.6083470006557397,0.6351135867909784,0.6783155794954023,0.5932815730404827,0.6675491201885372,0.5932815730404827,train,hazard_primary_0.55,2,70.0,32.0,30.0,0.7
KXBTC15M-26MAY010415-15,KXBTC15M-26MAY010415-15|2026-05-01T08:03:00+00:00,v21_native_passive_ticker_minute,KXBTC15M-26MAY010415-15|2026-05-01T08:03:00+00:00|no,2026-05-01 08:03:00.635251+00:00,2026-05-01 08:03:00+00:00,no,yes,True,False,1,75.0,74.0,74.5,0.745,25.5,49.0,1.0,77053.85,77108.18,719.364749,,75103,synced,coinbase_close_vs_recorded_strike,C:\Users\organ\Desktop\KALSHI PROBABILITY MODEL BOT\logs\edge_research\coinbase_btc_usd_1m_cache.parquet,2026-05-01 08:15:00+00:00,-1.0,54.3299999999872,2.0256533607656286,15.69064346286873,,,93.0414815254321,0.583933092092225,0.7203673359949498,75.30996312788679,0.721418491570993,0.7646739635724706,68.52376347133648,0.7928636322304956,0.7860713609976142,84.24569249869039,0.6448994410109664,0.7405038229974163,77093.46,39.61000000000058,0.6601666666666763,0.0,529.2306284648275,0.9999999999989476,0.9999999999999944,0.9999999998328672,77108.02,54.169999999998254,0.3009444444444347,0.0,270.81882474070244,0.9998384606957552,0.9999612801375672,0.9993469387571764,77111.4,57.54999999998836,0.1918333333332945,0.0,192.32813768312596,0.9946725935804732,0.9974976907938944,0.9887831452201428,77095.22,41.36999999999534,0.0689499999999922,0.0,103.9301994435316,0.9162116864200276,0.9353291600756466,0.8913344317802635,77018.79,-35.060000000012224,-0.0389555555555691,35.060000000012224,26.30674655559965,0.6365728171518149,0.6494762790776187,0.6225793733681724,76987.32,-66.52999999999884,-0.0369611111111104,66.52999999999884,27.741479582782105,0.6436990831263188,0.6572041499014843,0.6290327156935417,76973.7,-80.15000000000873,-0.0222638888888913,80.15000000000873,38.31414315766601,0.6945371929116892,0.7119657462315622,0.6753700281470628,-0.0196739635724706,True,0.7548369817862353,0.7655356804988072,0.834782185717648,0.745,0.745,0.8008367077878359,0.019673963572470643,0.041071360997614215,0.4706520728550587,0.5293479271449413,0.4278572780047716,0.5721427219952284,0.5189923540051673,0.4810076459948327,0.5293479271449413,0.4706520728550587,0.7012000000002445,0.6940761526442117,0.7218927692968984,0.7067880763221059,0.7317553356801533,0.6273369817862353,0.6371739635724706,0.7442115005023178,0.48857518650293974,0.6910869817862353,0.7126521890717411,0.6695217745007294,0.7156159757149804,0.6371739635724706,0.6875932820472077,0.6595705883794349,0.6937308890641455,0.7186764527462935,0.6371739635724706,0.6906927320373941,0.6371739635724706,train,hazard_primary_0.55,2,77.0,-75.0,-77.0,0.77
KXBTC15M-26MAY010445-45,KXBTC15M-26MAY010445-45|2026-05-01T08:36:00+00:00,v21_native_passive_ticker_minute,KXBTC15M-26MAY010445-45|2026-05-01T08:36:00+00:00|no,2026-05-01 08:36:00.905801+00:00,2026-05-01 08:36:00+00:00,no,no,True,True,1,80.0,79.0,79.5,0.795,20.5,59.0,1.0,77388.17,77432.88,539.094199,,76769,synced,coinbase_close_vs_recorded_strike,C:\Users\organ\Desktop\KALSHI PROBABILITY MODEL BOT\logs\edge_research\coinbase_btc_usd_1m_cache.parquet,2026-05-01 08:45:00+00:00,-1.0,44.7100000000064,1.9256277708623235,14.91584857508858,,,44.505910491701634,1.004585672016368,0.8424518003305381,71.68948323166572,0.6236619094536547,0.7335751783266116,88.20461037178697,0.5068896037469182,0.6938838596826234,76.54766877938326,0.5840804914499008,0.7204169203381113,77402.21,14.040000000008147,0.2340000000001358,0.0,170.85804256607963,0.9914210590973468,0.9736312862731274,0.9871940923878462,77429.93,41.75999999999476,0.2319999999999709,0.0,169.77985416799072,0.9910641890067018,0.972875376177952,0.9867213032287508,77417.56,29.389999999999414,0.0979666666666647,0.0,97.52326169537204,0.91314144739976,0.8655605734697555,0.8986718375278748,77441.0,52.83000000000175,0.0880500000000029,0.0,92.17724422195798,0.9007409029335162,0.8519974919179708,0.8857401756172686,77371.06,-17.110000000000582,-0.0190111111111117,17.110000000000582,34.46122028346161,0.6846355592701613,0.6519891554458465,0.6737143378262589,77082.97,-305.1999999999971,-0.1695555555555539,305.1999999999971,-46.696416408214944,0.2574036660004088,0.2982604777294627,0.2709207856084223,76987.48,-400.6900000000023,-0.1113027777777784,400.6900000000023,-15.292681832580058,0.415539333260481,0.4311774127645744,0.4208263802696114,0.0614248216733884,True,0.7642875891633059,0.7444419298413117,0.8139055419087905,0.7335751783266116,0.7335751783266116,0.8002008429779355,0.061424821673388474,0.10111614031737659,0.5328496433467769,0.46715035665322313,0.6122322806347531,0.3877677193652469,0.5591661593237773,0.44083384067622267,0.3877677193652469,0.6122322806347531,0.34220000000001166,0.653647731824595,0.6020490175874105,0.7140738659122976,0.7258880106522735,0.6617875891633058,0.6310751783266116,0.7503058786432573,0.4900245013931968,0.7130375891633058,0.7458225534979834,0.680252624828628,0.7198834522177412,0.6310751783266116,0.6860740986967522,0.652264745175763,0.7203265790064751,0.7247873188137063,0.6310751783266116,0.6906905284849345,0.6310751783266116,train,hazard_primary_0.55,2,82.0,20.0,18.0,0.82
KXBTC15M-26MAY010515-15,KXBTC15M-26MAY010515-15|2026-05-01T09:03:00+00:00,v21_native_passive_ticker_minute,KXBTC15M-26MAY010515-15|2026-05-01T09:03:00+00:00|no,2026-05-01 09:03:00.865495+00:00,2026-05-01 09:03:00+00:00,no,no,True,True,1,62.0,61.0,61.5,0.615,38.5,23.0,1.0,77335.74,77360.41,719.134505,,78243,synced,coinbase_close_vs_recorded_strike,C:\Users\organ\Desktop\KALSHI PROBABILITY MODEL BOT\logs\edge_research\coinbase_btc_usd_1m_cache.parquet,2026-05-01 09:15:00+00:00,-1.0,24.669999999998254,0.9199497079244706,7.125899796279704,,,49.41157236132243,0.4992757530482682,0.6912074328834901,30.448056945321984,0.8102323259674714,0.7910966691033177,55.09972800870409,0.4477336076160147,0.67282726804018,84.22017808283907,0.2929226767453853,0.6152093724016412,77341.5,5.759999999994761,0.0959999999999126,0.0,93.70691247993544,0.9989566227756054,0.9554982951863448,0.8670689056947605,77358.39,22.64999999999418,0.125833333333301,0.0,115.16109187914168,0.9999222804331886,0.9816932686269122,0.9142470809261822,77350.61,14.869999999995343,0.0495666666666511,0.0,60.31510029782043,0.9761997579863262,0.8631657271750229,0.7630536383377604,77349.08,13.339999999996508,0.0222333333333275,0.0,40.658757161160736,0.9091187902975588,0.7697160735858706,0.6853695529610124,77347.24,11.5,0.0127777777777777,0.0,33.85894089722048,0.8669358782637191,0.7305584608320924,0.656168600936255,77429.93,94.18999999998778,0.0523277777777709,0.0,62.30071056996559,0.979628253872937,0.8709072007113601,0.7702699467767467,77053.85,-281.8899999999994,-0.0783027777777776,281.8899999999994,-31.64022933734885,0.1493664900283175,0.2829041665952786,0.3535756700895086,-0.1760966691033176,True,0.7030483345516588,0.6439136340200899,0.7940988090298813,0.615,0.615,0.7400689523282605,0.17609666910331767,0.05782726804018001,0.4178066617933647,0.5821933382066353,0.65434546391964,0.34565453608036,0.7695812551967176,0.2304187448032824,0.34565453608036,0.65434546391964,0.0,0.7284256698343129,0.574675448452234,0.6524628349171565,0.6885828107157892,0.5105483345516588,0.5985966691033177,0.7367882861489241,0.679813314005268,0.6067983345516588,0.6100790007309953,0.6035176683723223,0.668231112735545,0.5985966691033177,0.624662725835756,0.5810943389359671,0.6068284533171591,0.6755033555253402,0.5985966691033177,0.6676924776261208,0.5985966691033177,train,hazard_primary_0.55,2,64.0,38.0,36.0,0.64
KXBTC15M-26MAY010530-30,KXBTC15M-26MAY010530-30|2026-05-01T09:18:00+00:00,v21_native_passive_ticker_minute,KXBTC15M-26MAY010530-30|2026-05-01T09:18:00+00:00|no,2026-05-01 09:18:00.493362+00:00,2026-05-01 09:18:00+00:00,no,yes,True,False,1,68.0,67.0,67.5,0.675,32.5,35.0,1.0,77280.6,77319.74,719.506638,,79038,synced,coinbase_close_vs_recorded_strike,C:\Users\organ\Desktop\KALSHI PROBABILITY MODEL BOT\logs\edge_research\coinbase_btc_usd_1m_cache.parquet,2026-05-01 09:30:00+00:00,-1.0,39.13999999999942,1.4591616900268451,11.30261784979568,,,69.96115517334394,0.5594533123848738,0.7120738071088282,89.16221115138934,0.4389752059147933,0.6696602490369404,65.66027245533232,0.5960986535142047,0.7244453381782024,72.76173749136264,0.5379200847787016,0.7046838891825099,77297.99,17.389999999999418,0.2898333333333236,0.0,247.6770072469924,0.997263794743204,0.999919059799166,0.999667900285094,77315.94,35.33999999999651,0.1963333333333139,0.0,180.40313659398544,0.9784796000013932,0.9969976390243496,0.9934192315085922,77330.49,49.88999999999942,0.166299999999998,0.0,158.79395389939802,0.9625401612104992,0.992205910665277,0.9854593483468954,77303.4,22.79999999998836,0.0379999999999806,0.0,66.48125224398545,0.7720519225064537,0.844351300488752,0.8195586041459404,77335.74,55.13999999999942,0.061266666666666,0.0,83.22177335479896,0.8246867923242844,0.8975045832778688,0.873637862705007,77347.24,66.63999999999942,0.0370222222222219,0.0,65.77773464239918,0.7696610602776914,0.841777229615871,0.8170063946913918,77333.81,53.20999999999185,0.0147805555555532,0.0,49.77470783554779,0.711662789157034,0.775793751931936,0.7530370606695382,0.0053397509630596,True,0.6723301245184703,0.6997226690891012,0.7690668034158133,0.6696602490369404,0.6696602490369404,0.730906106953182,0.0053397509630596085,0.0494453381782024,0.6606795019261191,0.33932049807388087,0.5511093236435951,0.4488906763564049,0.5906322216349802,0.4093677783650198,0.33932049807388087,0.6606795019261191,0.0,0.5705583237480225,0.6417789396316631,0.6065291618740113,0.6352831779950612,0.5098301245184702,0.5071602490369405,0.6973381567605701,0.4355745141949308,0.5910801245184703,0.6246480747110821,0.5575121743258583,0.6172734993579604,0.5071602490369405,0.5783273310456143,0.5393811627332682,0.5938164783546,0.6198063653389725,0.5071602490369405,0.6022492028987553,0.5071602490369405,train,fallback_score_min60,2,70.0,-68.0,-70.0,0.7
KXBTC15M-26MAY010545-45,KXBTC15M-26MAY010545-45|2026-05-01T09:32:00+00:00,v21_native_passive_ticker_minute,KXBTC15M-26MAY010545-45|2026-05-01T09:32:00+00:00|no,2026-05-01 09:32:00.794053+00:00,2026-05-01 09:32:00+00:00,no,no,True,True,1,73.0,72.0,72.5,0.725,27.5,45.0,1.0,77295.99,77336.66,779.205947,,79831,synced,coinbase_close_vs_recorded_strike,C:\Users\organ\Desktop\KALSHI PROBABILITY MODEL BOT\logs\edge_research\coinbase_btc_usd_1m_cache.parquet,2026-05-01 09:45:00+00:00,-1.0,40.669999999998254,1.4569613906861476,11.285574404389296,,,35.255065298098465,1.1535930980729696,0.8756664853310749,77.46681218118545,0.5249990138341575,0.7002080617564727,83.63263627626053,0.4862934114100454,0.6866204250383492,71.3121321872191,0.5703096899869069,0.7157661650871201,77309.87,13.879999999990105,0.2313333333331684,0.0,220.9263090725364,0.9978269474424284,0.9958745681502068,0.999025903864371,77335.0,39.00999999999476,0.2167222222221931,0.0,209.5412444025867,0.9965839200931366,0.99388601273672,0.9983502711707432,77337.6,41.61000000000058,0.1387000000000019,0.0,148.74586484889977,0.9725788641306732,0.96234423594865,0.9815035467538727,77302.98,6.989999999990687,0.0116499999999844,0.0,49.74774928253616,0.7396223099926431,0.7240236351396876,0.7572880893546607,77297.99,2.0,0.0022222222222222,0.0,42.40156877110937,0.7079313342410143,0.6939218447815596,0.723941629913875,77341.5,45.50999999999476,0.0252833333333304,0.0,60.370923693312655,0.7821024343166152,0.7648092399524722,0.8013834079007882,77421.18,125.18999999998778,0.0347749999999966,0.0,67.76688680692061,0.8091548361395535,0.7911139193625508,0.8290164034687904,0.0247919382435273,True,0.7126040308782363,0.7058102125191745,0.7992623086290486,0.7002080617564727,0.7002080617564727,0.7670781913530764,0.024791938243527323,0.038379574961650786,0.5995838764870547,0.4004161235129453,0.6267591499233016,0.3732408500766984,0.5684676698257598,0.4315323301742402,0.3732408500766984,0.6267591499233016,0.0,0.6102704802834144,0.592606552549854,0.6538852401417072,0.6786431265547745,0.5751040308782362,0.5627080617564726,0.734619803704371,0.49767400992601263,0.6438540308782363,0.6763124185269417,0.6113956432295308,0.6626387078376484,0.5627080617564726,0.626947297642947,0.5912558874482455,0.648118765676031,0.6659557530857245,0.5627080617564726,0.6486639327304218,0.5627080617564726,train,hazard_primary_0.55,2,75.0,27.0,25.0,0.75
KXBTC15M-26MAY010600-00,KXBTC15M-26MAY010600-00|2026-05-01T09:46:00+00:00,v21_native_passive_ticker_minute,KXBTC15M-26MAY010600-00|2026-05-01T09:46:00+00:00|no,2026-05-01 09:46:00.429792+00:00,2026-05-01 09:46:00+00:00,no,no,True,True,1,70.0,69.0,69.5,0.695,30.5,39.0,1.0,77230.59,77269.11,839.570208,,80520,synced,coinbase_close_vs_recorded_strike,C:\Users\organ\Desktop\KALSHI PROBABILITY MODEL BOT\logs\edge_research\coinbase_btc_usd_1m_cache.parquet,2026-05-01 10:00:00+00:00,-1.0,38.52000000000408,1.3294064109512764,10.297537779911334,,,68.67320571619095,0.5609174582470713,0.7125730960131288,62.963710057472206,0.6117809761344062,0.7296586610377706,74.8934056494428,0.514330997048078,0.6964897031863988,70.69308663254006,0.5448906227596136,0.7070856269957155,77265.2,34.61000000000058,0.5768333333333431,0.0,522.8120816480123,1.0,0.999999999998532,0.9999999999999296,77273.0,42.41000000000349,0.2356111111111305,0.0,236.33206956268705,0.9999127964845792,0.9991991010131228,0.9995857178166914,77254.01,23.419999999998254,0.0780666666666608,0.0,104.0624475711992,0.9508077904347946,0.9176556846421642,0.9294938089339622,77288.2,57.61000000000058,0.0960166666666676,0.0,119.13273280480487,0.9707602155887388,0.9441611345261812,0.9540260182927234,77309.87,79.27999999999884,0.0880888888888875,0.0,112.47680676693632,0.9629807314979548,0.9334288757221508,0.9442017473988984,77334.54,103.94999999999708,0.0577499999999983,0.0,87.00517951200271,0.9164881352619952,0.8773254238629409,0.8907909179941349,77349.01,118.41999999999824,0.0328944444444439,0.0,66.13719556427034,0.8532332951096604,0.8114046544605162,0.8252485499423311,-0.0346586610377706,True,0.7123293305188853,0.6957448515931994,0.791822150490855,0.695,0.695,0.7565591563982901,0.0346586610377706,0.0014897031863988497,0.5406826779244589,0.4593173220755411,0.6070205936272024,0.3929794063727976,0.5858287460085689,0.41417125399143107,0.3929794063727976,0.6070205936272024,0.0,0.6485562593491017,0.6054366141423184,0.6565281296745509,0.6821089087180302,0.5598293305188853,0.5771586610377706,0.7329908886058442,0.5543981011190205,0.6360793305188852,0.6596475983113311,0.6125110627264394,0.6672724406918471,0.5771586610377706,0.634636377666184,0.6020003146405207,0.6381538149018068,0.670225227559292,0.5771586610377706,0.6550747748218073,0.5771586610377706,train,hazard_primary_0.55,2,72.0,30.0,28.0,0.72
KXBTC15M-26MAY010615-15,KXBTC15M-26MAY010615-15|2026-05-01T10:02:00+00:00,v21_native_passive_ticker_minute,KXBTC15M-26MAY010615-15|2026-05-01T10:02:00+00:00|no,2026-05-01 10:02:00.871781+00:00,2026-05-01 10:02:00+00:00,no,no,True,True,1,70.0,69.0,69.5,0.695,30.5,39.0,1.0,77223.08,77257.26,779.128219,,81373,synced,coinbase_close_vs_recorded_strike,C:\Users\organ\Desktop\KALSHI PROBABILITY MODEL BOT\logs\edge_research\coinbase_btc_usd_1m_cache.parquet,2026-05-01 10:15:00+00:00,-1.0,34.179999999993015,1.2245248171170595,9.485128447424108,,,85.66351901269549,0.3990029874318784,0.6550544984884795,59.55312055129268,0.5739413767672178,0.716996263900548,61.94089386679632,0.5518163827841585,0.709462919136684,72.93620895845952,0.4686286892078539,0.6803324665298603,77227.4,4.319999999992433,0.0719999999998738,0.0,90.27723176789476,0.935229073400843,0.9275071848089852,0.8920967299451641,77245.99,22.91000000000349,0.1272777777777971,0.0,133.3457083182859,0.9874254674980908,0.9843323886467468,0.9662440666370484,77229.58,6.5,0.0216666666666666,0.0,51.06111141165968,0.8043893034843641,0.7951302634756889,0.7580610287700023,77226.41,3.3300000000017462,0.0055500000000029,0.0,38.50416161544528,0.7410388839396085,0.7329065756216799,0.7012210373712517,77204.03,-19.05000000000291,-0.0211666666666699,19.05000000000291,17.68845269782383,0.6167742827724383,0.6123962065291058,0.5958111742959109,77295.99,72.91000000000349,0.0405055555555574,0.0,65.73902135960009,0.8651756633757113,0.8557274270468256,0.816291472442781,77341.5,118.41999999999824,0.0328944444444439,0.0,59.80898991498708,0.8423821374108706,0.8328732170765809,0.7938970212144363,-0.021996263900548,True,0.7059981319502739,0.702231459568342,0.7387951891283041,0.695,0.695,0.7234767398670372,0.021996263900548096,0.014462919136684071,0.5660074721989039,0.4339925278010961,0.581074161726632,0.41892583827336805,0.6393350669402793,0.3606649330597207,0.41892583827336805,0.581074161726632,0.3810000000000582,0.6320951430707125,0.6223017948776892,0.6482975715353563,0.6592365018837926,0.553498131950274,0.564496263900548,0.6783259926471439,0.43823145814952086,0.629748131950274,0.6558488791701643,0.6036473847303836,0.6588308426003653,0.564496263900548,0.6251776642951649,0.5915244859899644,0.6321648282796579,0.661700251745613,0.564496263900548,0.6214111282738459,0.564496263900548,train,hazard_primary_0.55,2,72.0,30.0,28.0,0.72
KXBTC15M-26MAY010630-30,KXBTC15M-26MAY010630-30|2026-05-01T10:17:00+00:00,v21_native_passive_ticker_minute,KXBTC15M-26MAY010630-30|2026-05-01T10:17:00+00:00|yes,2026-05-01 10:17:00.522014+00:00,2026-05-01 10:17:00+00:00,yes,yes,True,True,1,85.0,84.0,84.5,0.845,15.5,69.0,1.0,77224.82,77156.79,779.477986,,82054,synced,coinbase_close_vs_recorded_strike,C:\Users\organ\Desktop\KALSHI PROBABILITY MODEL BOT\logs\edge_research\coinbase_btc_usd_1m_cache.parquet,2026-05-01 10:30:00+00:00,1.0,68.03000000001339,2.4366802530807536,18.874444080428464,,,81.27874020899307,0.8369962406539149,0.7987026594151335,81.81182796622781,0.8315423538525064,0.7971663439587007,70.34663344394586,0.967068311154102,0.8332450571710612,70.11624642140468,0.9702458912467622,0.8340380295262004,77170.39,54.43000000000757,0.9071666666667928,0.0,775.1464462997784,1.0,1.0,1.0,77151.73,73.09000000001106,0.406055555555617,0.0,384.5413666486168,0.9999987011979048,0.9999999770339272,0.9999999792492578,77143.8,81.02000000000407,0.2700666666666802,0.0,278.5410214190906,0.9996687611299022,0.999962454458856,0.9999644478953064,77222.42,2.400000000008731,0.0040000000000145,0.0,71.14791194402473,0.8077550022379432,0.8440852004634251,0.8448788259452069,77223.08,1.7400000000052387,0.0019333333333391,0.0,69.53699077295126,0.8023270490815777,0.8385437990354394,0.8393374813083165,77204.03,20.79000000000815,0.0115500000000045,0.0,77.03297073831692,0.8267979894549686,0.8632522908295424,0.8640388628776147,77297.99,-73.16999999999825,-0.0203249999999995,73.16999999999825,52.187109934563765,0.738228004616506,0.7709128694612765,0.7716507211469765,0.0478336560412993,True,0.8210831719793503,0.8391225285855306,0.8806117016962011,0.7971663439587007,0.7971663439587007,0.8615836554135906,0.0478336560412993,0.011754942828938741,0.40566731208259865,0.5943326879174013,0.3335098856578771,0.6664901143421229,0.33192394094759914,0.6680760590524009,0.5943326879174013,0.40566731208259865,0.0,0.7363162471463108,0.7832185743223796,0.7829081235731554,0.7983749996861457,0.7435831719793503,0.7196663439587007,0.8365169242053307,0.6942995640303916,0.7823331719793503,0.8073999031876101,0.7572664407710905,0.7872775626391338,0.7196663439587007,0.761456149267156,0.7356347358951781,0.7890750977632554,0.791798175668094,0.7196663439587007,0.7780916340820156,0.7196663439587007,train,fallback_score_min60,1,86.0,15.0,14.0,0.86
KXBTC15M-26MAY010645-45,KXBTC15M-26MAY010645-45|2026-05-01T10:34:00+00:00,v21_native_passive_ticker_minute,KXBTC15M-26MAY010645-45|2026-05-01T10:34:00+00:00|no,2026-05-01 10:34:00.875645+00:00,2026-05-01 10:34:00+00:00,no,no,True,True,1,77.0,76.0,76.5,0.765,23.5,53.0,1.0,77290.48,77337.29,659.124355,,82766,synced,coinbase_close_vs_recorded_strike,C:\Users\organ\Desktop\KALSHI PROBABILITY MODEL BOT\logs\edge_research\coinbase_btc_usd_1m_cache.parquet,2026-05-01 10:45:00+00:00,-1.0,46.80999999999767,1.8232866892454345,14.123117965618448,,,71.56611128711734,0.6540805299899531,0.7434700377275508,93.61049087909814,0.5000507908932423,0.6914803427593763,83.49981925354332,0.5606000158857983,0.7124648796542745,71.56366939882803,0.6541028484596441,0.7434772267706184,77307.22,16.74000000000524,0.2790000000000873,0.0,230.7056950450552,0.9931403117299222,0.9971359092530808,0.9993674524568616,77337.59,47.11000000000058,0.2617222222222254,0.0,219.31749091138872,0.9904320520250868,0.99568739197571,0.9989103701632202,77326.0,35.520000000004075,0.1184000000000135,0.0,124.85032363200662,0.908852425855704,0.9325710508686348,0.9594731606680236,77409.09,118.61000000000058,0.1976833333333343,0.0,177.10789957758163,0.970752268396924,0.9830415088357084,0.9933350152733552,77242.01,-48.47000000000117,-0.0538555555555568,48.47000000000117,11.312491681274594,0.5480936548702312,0.5538835097424035,0.5628015058664706,77205.99,-84.48999999999069,-0.0469388888888837,84.48999999999069,15.871435136695524,0.5673170370669739,0.5753757912275212,0.5877576675230957,77302.55,12.070000000006983,0.0033527777777797,0.0,49.01989749023506,0.699741839520004,0.7214202796209649,0.753322678094242,0.0735196572406237,True,0.7282401713796882,0.7387324398271373,0.7884442562050268,0.6914803427593763,0.6914803427593763,0.7717145879989538,0.0735196572406237,0.052535120345725494,0.6170393144812474,0.3829606855187526,0.575070240691451,0.42492975930854904,0.5130455464587631,0.4869544535412369,0.3829606855187526,0.6170393144812474,0.9694000000000235,0.5989244455871892,0.6262043435505569,0.6702122227935947,0.6845974653791651,0.6107401713796882,0.5739803427593764,0.6850406565508278,0.2799659281043183,0.6694901713796881,0.7076941028278129,0.6312862399315634,0.6768202285062509,0.5739803427593764,0.6374855182714864,0.5981508080367217,0.6768208913554786,0.6817479598696563,0.5739803427593764,0.6295104996551021,0.5739803427593764,train,hazard_primary_0.55,2,79.0,23.0,21.0,0.79
KXBTC15M-26MAY010700-00,KXBTC15M-26MAY010700-00|2026-05-01T10:55:00+00:00,v21_native_passive_ticker_minute,KXBTC15M-26MAY010700-00|2026-05-01T10:55:00+00:00|yes,2026-05-01 10:55:00.459928+00:00,2026-05-01 10:55:00+00:00,yes,yes,True,True,1,75.0,74.0,74.5,0.745,25.5,49.0,1.0,77250.87,77238.15,299.540072,,83792,synced,coinbase_close_vs_recorded_strike,C:\Users\organ\Desktop\KALSHI PROBABILITY MODEL BOT\logs\edge_research\coinbase_btc_usd_1m_cache.parquet,2026-05-01 11:00:00+00:00,1.0,12.720000000001164,0.7349531343772108,5.6929224993717575,,,20.93232665314206,0.6076725349636095,0.7282976588296047,18.50938561468744,0.6872189204328681,0.7540276084412381,29.631947743173388,0.4292664157701749,0.6661353227804914,44.91954833978882,0.2831729273807957,0.6114778599106022,77249.99,0.8799999999901047,0.0146666666665017,0.0,17.113254389285096,0.8224056340128008,0.7182082989915168,0.6483893437015018,77233.47,17.39999999999418,0.0966666666666343,0.0,41.675540293324815,0.9878258907968256,0.9202031636687538,0.8232396217525997,77253.97,-3.1000000000058208,-0.0103333333333527,3.1000000000058208,9.624752589328686,0.6984658037920544,0.6273375576046085,0.5848303639980638,77229.01,21.860000000000586,0.0364333333333343,0.0,23.63324328986812,0.8991679527651244,0.7874369375263669,0.7005989019456389,77235.34,15.529999999998836,0.0172555555555542,0.0,17.88873035351189,0.8330949937447127,0.7269775845775845,0.6547731074314171,77383.2,-132.33000000000175,-0.0735166666666676,132.33000000000175,-9.30118762653246,0.3076537211073948,0.3768020935555077,0.4179802315268681,77208.41,42.45999999999185,0.0117944444444421,0.0,16.252908738089374,0.8100525943890127,0.7083231996640782,0.6412577068279292,-0.009027608441238,True,0.7495138042206191,0.7055676613902457,0.7324978040777642,0.745,0.6984658037920544,0.7384014432907823,0.009027608441238066,0.07886467721950863,0.4919447831175239,0.5080552168824761,0.6677293544390173,0.33227064556098274,0.7770442801787958,0.2229557198212042,0.33227064556098274,0.6677293544390173,0.0,0.6802358909736095,0.5659759196146388,0.6998679454868046,0.6952145258660101,0.622013804220619,0.6265276084412381,0.7147069649790299,0.5779017972616816,0.6857638042206191,0.7094582825323714,0.6620693259088667,0.7085184056274921,0.6265276084412381,0.6794717691441569,0.6504251326608216,0.6888470605629897,0.7116120713906012,0.6265276084412381,0.670617286710134,0.6265276084412381,train,hazard_primary_0.55,2,77.0,25.0,23.0,0.77
KXBTC15M-26MAY010715-15,KXBTC15M-26MAY010715-15|2026-05-01T11:01:00+00:00,v21_native_passive_ticker_minute,KXBTC15M-26MAY010715-15|2026-05-01T11:01:00+00:00|yes,2026-05-01 11:01:00.441268+00:00,2026-05-01 11:01:00+00:00,yes,yes,True,True,1,65.0,64.0,64.5,0.645,35.5,29.0,1.0,77299.6,77271.46,839.558732,,84116,synced,coinbase_close_vs_recorded_strike,C:\Users\organ\Desktop\KALSHI PROBABILITY MODEL BOT\logs\edge_research\coinbase_btc_usd_1m_cache.parquet,2026-05-01 11:15:00+00:00,1.0,28.139999999999414,0.9711773644883412,7.522707517753911,,,51.794502640304046,0.5433009019397783,0.7065386783097137,42.40987690260052,0.6635246799849568,0.7465027107884465,53.96647537828127,0.5214348315829483,0.6989680538530951,73.5065530348366,0.3828230115301851,0.6490745009198176,77276.8,22.80000000000291,0.3800000000000485,0.0,347.17231816004016,1.0,0.9999999999374908,0.9999988381132572,77250.85,48.75,0.2708333333333333,0.0,255.5204899166661,0.9999999991545728,0.999998903646161,0.999745674997438,77243.7,55.90000000000873,0.1863333333333624,0.0,184.5777770626905,0.9999932621839064,0.9996871593479936,0.9939811698490184,77242.22,57.38000000000466,0.095633333333341,0.0,108.4298000702726,0.994716652199924,0.977742387497194,0.9299076884841128,77235.27,64.33000000000175,0.0714777777777797,0.0,88.14979247728994,0.9811692710374732,0.9488094045128422,0.8847768474614186,77337.59,-37.98999999999069,-0.0211055555555503,37.98999999999069,10.420646539625984,0.5970476905782387,0.576557643074498,0.5563671311573387,77227.4,72.20000000001164,0.0200555555555587,0.0,44.97781679177991,0.8555528892529817,0.7977016755157432,0.7296942450444072,-0.1015027107884465,True,0.6957513553942233,0.6719840269265476,0.7971653243241176,0.645,0.645,0.7464494656733153,0.10150271078844653,0.05396805385309511,0.5069945784231069,0.4930054215768931,0.6020638922938097,0.39793610770619026,0.7018509981603649,0.2981490018396351,0.39793610770619026,0.6020638922938097,0.0,0.6704535240249805,0.6086584700090236,0.6399767620124903,0.675476088230881,0.5182513553942233,0.5690027107884466,0.7312500078310046,0.5930047477952838,0.6070013553942233,0.622200813236534,0.5918018975519126,0.6535018071922977,0.5690027107884466,0.6171453014834353,0.580788795774573,0.6076531476855691,0.6573830942260188,0.5690027107884466,0.6501263593097255,0.5690027107884466,train,hazard_primary_0.55,2,67.0,35.0,33.0,0.67
KXBTC15M-26MAY010730-30,KXBTC15M-26MAY010730-30|2026-05-01T11:17:00+00:00,v21_native_passive_ticker_minute,KXBTC15M-26MAY010730-30|2026-05-01T11:17:00+00:00|yes,2026-05-01 11:17:00.543833+00:00,2026-05-01 11:17:00+00:00,yes,yes,True,True,1,73.0,72.0,72.5,0.725,27.5,45.0,1.0,77349.0,77309.64,779.456167,,85004,synced,coinbase_close_vs_recorded_strike,C:\Users\organ\Desktop\KALSHI PROBABILITY MODEL BOT\logs\edge_research\coinbase_btc_usd_1m_cache.parquet,2026-05-01 11:30:00+00:00,1.0,39.36000000000058,1.4098056314124063,10.920307463699364,,,80.53374174098056,0.4887392433173358,0.6874868415770351,59.87111497503462,0.6574121764128349,0.7445420378387709,50.5549626357075,0.7785585815506113,0.781880107297433,65.43419680172562,0.6015203352960327,0.7262532641838759,77303.13,45.86999999999534,0.7644999999999224,0.0,635.2542396714401,1.0,1.0,1.0,77309.23,39.77000000000408,0.2209444444444671,0.0,211.57650978662932,0.9997952358341362,0.9999857466495268,0.9993884208618328,77273.0,76.0,0.2533333333333333,0.0,236.82222897333395,0.9999618180517338,0.9999985964412474,0.9998522666966896,77257.87,91.13000000000466,0.1518833333333411,0.0,157.74640083118996,0.9957902394806128,0.9990966502025512,0.9920404254883436,77296.3,52.69999999999709,0.0585555555555523,0.0,85.00148888988696,0.9221584812104489,0.9536542569781974,0.90303450523551,77235.23,113.77000000000407,0.0632055555555578,0.0,88.62596006644124,0.9306006104908532,0.9602042768598648,0.9122001913110432,77224.82,124.17999999999302,0.0344944444444425,0.0,66.24690744946018,0.8657431793037048,0.9049686678373808,0.8443314256356784,-0.0195420378387709,True,0.7347710189193855,0.7534400536487165,0.8231679519635016,0.725,0.725,0.785854974961978,0.019542037838770954,0.05688010729743298,0.5109159243224581,0.48908407567754186,0.4362397854051341,0.5637602145948659,0.5474934716322482,0.45250652836775185,0.48908407567754186,0.5109159243224581,0.0,0.6679046491904022,0.7164441394866627,0.6827023245952011,0.7101985064003744,0.5972710189193855,0.6070420378387709,0.7622633825297321,0.5890802574827152,0.6660210189193854,0.6896126113516312,0.6424294264871396,0.692194691892514,0.6070420378387709,0.6618255637082864,0.6314564355240586,0.6686638349625503,0.6952265685085287,0.6070420378387709,0.6846527101842514,0.6070420378387709,train,hazard_primary_0.55,2,75.0,27.0,25.0,0.75
KXBTC15M-26MAY010745-45,KXBTC15M-26MAY010745-45|2026-05-01T11:43:00+00:00,v21_native_passive_ticker_minute,KXBTC15M-26MAY010745-45|2026-05-01T11:43:00+00:00|yes,2026-05-01 11:43:00.976368+00:00,2026-05-01 11:43:00+00:00,yes,yes,True,True,1,80.0,79.0,79.5,0.795,20.5,59.0,1.0,77371.78,77358.36,119.023632,,86446,synced,coinbase_close_vs_recorded_strike,C:\Users\organ\Desktop\KALSHI PROBABILITY MODEL BOT\logs\edge_research\coinbase_btc_usd_1m_cache.parquet,2026-05-01 11:45:00+00:00,1.0,13.419999999998254,1.2300872486470271,9.528214856784077,,,7.395717680322076,1.8145635866692285,0.9652044986806554,26.551023762971585,0.5054419038528363,0.6933757533140177,34.60873895634522,0.3877633339060974,0.6509044090686412,26.60498834722924,0.5044166840011366,0.6930157018430035,77368.96,2.819999999992433,0.0469999999998738,0.0,19.01411070398324,0.763045925097191,0.7086352020816845,0.7625972700190573,77361.98,9.80000000000291,0.0544444444444606,0.0,19.90017552000018,0.7732241293862578,0.7173558231793744,0.772765888341445,77361.98,9.80000000000291,0.0326666666666763,0.0,17.30810531199941,0.7427609969041387,0.6915004638739606,0.7423342850546351,77390.8,-19.020000000004075,-0.0317000000000067,19.020000000004075,9.646950865597445,0.6418231618388702,0.6097790489052696,0.6415478934038528,77347.99,23.7899999999936,0.0264333333333262,0.0,16.566191339197406,0.7336658319892844,0.6839135643609748,0.7332500808155689,77297.8,73.97999999999593,0.0410999999999977,0.0,18.311871275197984,0.7548041865988306,0.7016358425443925,0.7543640100327782,77235.49,136.2899999999936,0.0378583333333315,0.0,17.92603633479804,0.7502111127403543,0.6977578575892058,0.7497759251029991,0.1016242466859823,True,0.7441878766570089,0.7229522045343206,0.7437122500727188,0.6933757533140177,0.6933757533140177,0.7540649253750331,0.10162424668598236,0.14409559093135882,0.6132484933719646,0.38675150662803537,0.6981911818627176,0.30180881813728244,0.6139685963139929,0.3860314036860071,0.30180881813728244,0.6981911818627176,0.0,0.6013884793082229,0.5461757317892335,0.6879442396541116,0.6827203393445254,0.6416878766570089,0.5908757533140178,0.7132400760378367,0.46102760631844925,0.6929378766570089,0.7337627259942053,0.6521130273198124,0.6930838355426786,0.5908757533140178,0.6514170203430723,0.609750205143466,0.7029654963372572,0.6997881685022216,0.5908757533140178,0.6520579146759272,0.5908757533140178,train,hazard_primary_0.55,2,82.0,20.0,18.0,0.82
KXBTC15M-26MAY010800-00,KXBTC15M-26MAY010800-00|2026-05-01T11:50:00+00:00,v21_native_passive_ticker_minute,KXBTC15M-26MAY010800-00|2026-05-01T11:50:00+00:00|no,2026-05-01 11:50:00.657654+00:00,2026-05-01 11:50:00+00:00,no,yes,True,False,1,76.0,75.0,75.5,0.755,24.5,51.0,1.0,77353.8,77392.73,599.342346,,86797,synced,coinbase_close_vs_recorded_strike,C:\Users\organ\Desktop\KALSHI PROBABILITY MODEL BOT\logs\edge_research\coinbase_btc_usd_1m_cache.parquet,2026-05-01 12:00:00+00:00,-1.0,38.929999999993015,1.59018232518718,12.31749932576667,,,24.04986622440758,1.6187200226703955,0.9472462416095868,51.972315414631645,0.7490526386868103,0.773087260337815,71.91031815336294,0.5413687631998388,0.7058732834453434,62.96035711932488,0.6183255905968161,0.7318196318666235,77371.21,17.410000000003492,0.2901666666667248,0.0,212.8391707310279,0.999978913551244,0.9984607372063938,0.9996382648229408,77390.79,36.98999999999069,0.2054999999999482,0.0,162.09485210296202,0.9990922672246564,0.9879058500459124,0.9949815320805102,77403.36,49.55999999999767,0.1651999999999922,0.0,137.94135555918837,0.9960243574298284,0.9724598009587172,0.9857713525803252,77361.98,8.179999999993015,0.0136333333333216,0.0,47.10103398378604,0.8176039459318581,0.7437651183697276,0.7728019509394661,77367.88,14.080000000001746,0.0156444444444463,0.0,48.30637803519418,0.8236755727986488,0.7491313206457808,0.778533762828358,77421.08,67.27999999999884,0.0373777777777771,0.0,61.33208502159263,0.881018077458424,0.8031417502273607,0.8350060221749196,77253.97,-99.83000000000176,-0.027730555555556,99.83000000000176,22.309903777442724,0.6661348622933547,0.6218131343634145,0.638461111838373,-0.018087260337815,True,0.7640436301689075,0.7304366417226718,0.8413705392558812,0.755,0.755,0.8086310495873101,0.018087260337815048,0.04912671655465661,0.4538254793243699,0.5461745206756301,0.5882534331093132,0.4117465668906868,0.5363607362667531,0.46363926373324693,0.4117465668906868,0.5882534331093132,0.0,0.7050134384391595,0.6176352684789463,0.7177567192195798,0.7418591549625627,0.6415436301689075,0.6505872603378151,0.7877485016548732,0.645776956418613,0.7027936301689075,0.7236761781013445,0.6819110822364705,0.72622484022521,0.6505872603378151,0.699229254582836,0.672233668940462,0.7054818796773438,0.7292793086213253,0.6505872603378151,0.7191678809963442,0.6505872603378151,train,hazard_primary_0.55,2,78.0,-76.0,-78.0,0.78
KXBTC15M-26MAY010815-15,KXBTC15M-26MAY010815-15|2026-05-01T12:03:00+00:00,v21_native_passive_ticker_minute,KXBTC15M-26MAY010815-15|2026-05-01T12:03:00+00:00|yes,2026-05-01 12:03:00.607378+00:00,2026-05-01 12:03:00+00:00,yes,yes,True,True,1,68.0,67.0,67.5,0.675,32.5,35.0,1.0,77491.49,77446.23,719.392622,,87504,synced,coinbase_close_vs_recorded_strike,C:\Users\organ\Desktop\KALSHI PROBABILITY MODEL BOT\logs\edge_research\coinbase_btc_usd_1m_cache.parquet,2026-05-01 12:15:00+00:00,1.0,45.26000000000931,1.687452512259757,13.070950954995812,,,95.5625593227526,0.4736164489603964,0.6821132782525091,77.38977949425346,0.5848317477551421,0.7206695725413598,70.41111897659457,0.6427962040349655,0.7398218267171374,76.39770903810417,0.5924261416979848,0.7232173673778529,77435.79,55.70000000001164,0.9283333333335274,0.0,713.0961507568155,1.0,1.0,1.0,77452.72,38.77000000000408,0.2153888888889115,0.0,200.20917752747005,0.9951595504024716,0.99776846830317,0.9956114668210572,77436.6,54.88999999999942,0.1829666666666647,0.0,176.88487007194124,0.988862220396126,0.994000477367608,0.989702189062588,77397.89,93.60000000000582,0.1560000000000097,0.0,157.4852490320163,0.979072644225916,0.987345489936544,0.980366935944986,77372.63,118.86000000000058,0.1320666666666673,0.0,140.2677856121431,0.965044326402408,0.9768213551410044,0.966822712430629,77390.8,100.69000000000231,0.0559388888888901,0.0,85.50202394955468,0.8653818975057544,0.887688292238007,0.8684661891533146,77288.22,203.27000000000407,0.05646388888889,0.0,85.87970507610457,0.8664365815009467,0.8887087051940894,0.8695175854701729,-0.0456695725413597,True,0.69783478627068,0.7074109133585686,0.794843930979162,0.675,0.675,0.7514733158416331,0.045669572541359726,0.06482182671713732,0.5586608549172805,0.44133914508271954,0.5203563465657253,0.47964365343427473,0.5535652652442942,0.44643473475570583,0.44133914508271954,0.5586608549172805,0.0,0.6368704443037676,0.6617683747322786,0.639685222151884,0.6710714441914966,0.5353347862706799,0.5581695725413598,0.7281072303499052,0.5402253671223322,0.6165847862706799,0.639950871762408,0.5932187007789518,0.6512797150275732,0.5581695725413598,0.6170658010953247,0.5828518871630762,0.6182936897216916,0.6541812885565257,0.5581695725413598,0.6431384014456325,0.5581695725413598,train,hazard_primary_0.55,2,70.0,32.0,30.0,0.7
KXBTC15M-26MAY010830-30,KXBTC15M-26MAY010830-30|2026-05-01T12:18:00+00:00,v21_native_passive_ticker_minute,KXBTC15M-26MAY010830-30|2026-05-01T12:18:00+00:00|yes,2026-05-01 12:18:00.059401+00:00,2026-05-01 12:18:00+00:00,yes,yes,True,True,1,72.0,71.0,71.5,0.715,28.5,43.0,1.0,77644.19,77567.59,719.940599,,88353,synced,coinbase_close_vs_recorded_strike,C:\Users\organ\Desktop\KALSHI PROBABILITY MODEL BOT\logs\edge_research\coinbase_btc_usd_1m_cache.parquet,2026-05-01 12:30:00+00:00,1.0,76.60000000000582,2.8548312174742096,22.11342752302132,,,106.25011678419484,0.7209403840523627,0.7645269026097736,124.44322059318394,0.6155417678430077,0.7309015027433186,101.9638697723898,0.7512464971268468,0.7737478390644457,93.70289528621414,0.8174774084197957,0.7931721726808235,77584.0,60.19000000000233,1.0031666666667054,0.0,798.8204108968671,0.999999999931484,0.9999999999999976,1.0,77546.0,98.19000000000231,0.545500000000013,0.0,469.3275967545152,0.9999188392585904,0.999997916572031,0.9999997259736172,77450.28,193.9100000000035,0.6463666666666783,0.0,541.9456051736476,0.9999933455262636,0.9999999466932684,0.999999996345351,77407.23,236.9600000000064,0.394933333333344,0.0,360.9285405650802,0.9981362520995808,0.9997997612633234,0.9999413831423376,77491.49,152.6999999999971,0.1696666666666634,0.0,198.7499216303368,0.9448797720259344,0.9743653670348716,0.9830418291187027,77372.63,271.5599999999977,0.1508666666666653,0.0,185.21503836913823,0.931670661638165,0.965351394112415,0.9759577131129304,77376.65,267.5400000000081,0.0743166666666689,0.0,130.10358551569078,0.8521006858565005,0.8990182321277644,0.91750289374335,-0.0159015027433185,True,0.7229507513716593,0.7443739195322228,0.8152982827565274,0.715,0.715,0.7767691199282484,0.015901502743318585,0.058747839064445695,0.5381969945133629,0.4618030054866371,0.4525043218711087,0.5474956781288913,0.41365565463835297,0.586344345361647,0.4618030054866371,0.5381969945133629,0.0,0.6501719535663141,0.7058721907837793,0.6683359767831571,0.6968353113357834,0.5804507513716592,0.5884015027433186,0.751449420476912,0.5618023400392634,0.6517007513716593,0.6770204508229956,0.626381051920323,0.6781010018288791,0.5884015027433186,0.6462217647261183,0.6143425276233573,0.6544317811457713,0.6810899429592069,0.5884015027433186,0.6699254616101153,0.5884015027433186,train,hazard_primary_0.55,2,74.0,28.0,26.0,0.74
KXBTC15M-26MAY010845-45,KXBTC15M-26MAY010845-45|2026-05-01T12:33:00+00:00,v21_native_passive_ticker_minute,KXBTC15M-26MAY010845-45|2026-05-01T12:33:00+00:00|yes,2026-05-01 12:33:00.748797+00:00,2026-05-01 12:33:00+00:00,yes,yes,True,True,1,80.0,79.0,79.5,0.795,20.5,59.0,1.0,77871.49,77757.05,719.251203,,89078,synced,coinbase_close_vs_recorded_strike,C:\Users\organ\Desktop\KALSHI PROBABILITY MODEL BOT\logs\edge_research\coinbase_btc_usd_1m_cache.parquet,2026-05-01 12:45:00+00:00,1.0,114.44000000000231,4.267146473574826,33.05317445596601,,,130.77442372745332,0.8750946610057825,0.8092387990807154,110.784238563751,1.0329989309277747,0.8491978005201423,116.24884742011017,0.9844398679191128,0.8375503581221145,96.78624467813124,1.1823994244283345,0.88147637425922,77808.48,63.01000000000931,1.050166666666822,0.0,869.773638350614,0.999999999999998,0.9999999999999634,1.0,77749.99,121.5,0.675,0.0,599.9345620250024,0.9999999694141996,0.9999998770375472,0.999999999715075,77766.97,104.52000000000407,0.3484000000000136,0.0,365.02711912521215,0.9995077817767672,0.9991554031513048,0.9999188580195424,77736.3,135.19000000000233,0.2253166666666705,0.0,276.4992835559551,0.9937169646555896,0.9913086654434048,0.9978603467171296,77644.19,227.3000000000029,0.2525555555555588,0.0,296.0908871576713,0.99623760729829,0.994568007643448,0.9988904474483238,77491.49,380.0,0.2111111111111111,0.0,266.28192063333563,0.991882922269724,0.9890072958663176,0.9970314685587174,77390.8,480.6900000000023,0.1335250000000006,0.0,210.4780168805778,0.971276310477608,0.9648971738732206,0.9851725239701408,-0.0541978005201422,True,0.8220989002600712,0.8162751790610573,0.8812351940989699,0.795,0.795,0.8521608965113961,0.054197800520142225,0.042550358122114496,0.30160439895971547,0.6983956010402845,0.32489928375577093,0.6751007162442291,0.23704725148156003,0.76295274851844,0.6751007162442291,0.32489928375577093,0.0,0.8039571406761848,0.7888154655587488,0.7892285703380926,0.8096793485157693,0.7195989002600711,0.7466978005201423,0.8425004566154246,0.7983463792179613,0.7708489002600711,0.7805093401560427,0.7611884603640997,0.7969652003467615,0.7466978005201423,0.7760309421029873,0.755096683859213,0.7717474598675347,0.8003117888926709,0.7466978005201423,0.7945991285677835,0.7466978005201423,train,hazard_primary_0.55,2,82.0,20.0,18.0,0.82
KXBTC15M-26MAY010900-00,KXBTC15M-26MAY010900-00|2026-05-01T12:47:00+00:00,v21_native_passive_ticker_minute,KXBTC15M-26MAY010900-00|2026-05-01T12:47:00+00:00|yes,2026-05-01 12:47:00.248511+00:00,2026-05-01 12:47:00+00:00,yes,no,True,False,1,71.0,69.0,70.0,0.7,30.0,40.0,2.0,78028.02,77950.55,779.751489,,89710,synced,coinbase_close_vs_recorded_strike,C:\Users\organ\Desktop\KALSHI PROBABILITY MODEL BOT\logs\edge_research\coinbase_btc_usd_1m_cache.parquet,2026-05-01 13:00:00+00:00,1.0,77.47000000000116,2.7743129531880664,21.489735729729794,,,159.81520782343063,0.4847473594978063,0.6860722162717562,233.1680132071272,0.3322496895454662,0.6301496370398944,180.5130092803517,0.429165744390665,0.6660986948972085,146.20146846110876,0.5298852386055826,0.7019042493241824,77945.0,83.02000000000407,1.3836666666667343,0.0,1156.3861436130542,0.9999996465429212,0.9999999999253602,0.9999999999999988,77935.99,92.02999999999884,0.5112777777777713,0.0,476.13960851482943,0.9794264731228288,0.9958265108338868,0.9994364943143969,77984.94,43.08000000000175,0.1436000000000058,0.0,189.44231382040573,0.7917393697028976,0.8530182133366901,0.9024712610274804,78098.07,-70.05000000000291,-0.1167500000000048,70.05000000000291,-13.565986340752616,0.4768021622554507,0.4700467272282817,0.4630353279817178,77808.48,219.54000000000812,0.2439333333333423,0.0,267.6773798834082,0.8745161613428343,0.9309455628952564,0.9664407899604716,77584.0,444.0200000000041,0.24667777777778,0.0,269.81736452543623,0.8764005890505933,0.9325069275527116,0.9675188503864728,77390.79,637.2300000000105,0.1770083333333362,0.0,215.4925114820784,0.8223073770022802,0.883717646859417,0.9297514204921262,0.0698503629601056,True,0.6650748185199471,0.6830493474486042,0.7072963355809305,0.6301496370398944,0.6301496370398944,0.6973927650525478,0.0698503629601056,0.033901305102791435,0.7397007259202113,0.2602992740797887,0.667802610205583,0.33219738979441704,0.5961915013516352,0.40380849864836477,0.2602992740797887,0.7397007259202113,0.0,0.5191945281518626,0.565928303366371,0.5945972640759314,0.6037712010462211,0.5150748185199472,0.4801496370398943,0.6534226924605265,0.33947321105007844,0.5900748185199471,0.6340448911119683,0.546104745927926,0.6034330913599295,0.4801496370398943,0.5575730217945934,0.5117129522292574,0.5948199760204887,0.6067261039713385,0.4801496370398943,0.5667861647502104,0.4801496370398943,train,fallback_score_min60,2,73.0,-71.0,-73.0,0.73
KXBTC15M-26MAY010915-15,KXBTC15M-26MAY010915-15|2026-05-01T13:01:00+00:00,v21_native_passive_ticker_minute,KXBTC15M-26MAY010915-15|2026-05-01T13:01:00+00:00|yes,2026-05-01 13:01:00.430972+00:00,2026-05-01 13:01:00+00:00,yes,yes,True,True,1,71.0,70.0,70.5,0.705,29.5,41.0,1.0,78034.74,77951.26,839.569028,,90512,synced,coinbase_close_vs_recorded_strike,C:\Users\organ\Desktop\KALSHI PROBABILITY MODEL BOT\logs\edge_research\coinbase_btc_usd_1m_cache.parquet,2026-05-01 13:15:00+00:00,1.0,83.48000000001048,2.8810728238740686,22.316694132150083,,,338.2489244123743,0.2468004891517002,0.5974686840447019,208.09073189811824,0.4011711585544448,0.6558529432279234,216.3853735105394,0.3857931737513878,0.6501750743781611,175.46581112928587,0.4757621981327242,0.6828780981485584,77885.38,149.36000000000058,2.489333333333343,0.0,2173.447167034685,1.0,1.0,1.0,77989.25,45.49000000000524,0.2527222222222513,0.0,295.657750465146,0.9223142485386656,0.9140851394885484,0.9540045370036508,77951.07,83.66999999999825,0.2788999999999941,0.0,317.6358019092056,0.9365485143290442,0.9289366361703764,0.964870964110335,77983.33,51.41000000000349,0.0856833333333391,0.0,155.41707288248205,0.7724294865203372,0.76369597077251,0.8121211532924308,77945.0,89.74000000000524,0.0997111111111169,0.0,167.1943606363709,0.7891480190270121,0.780140974996892,0.8296695067258124,77807.74,227.0,0.1261111111111111,0.0,189.35898297556605,0.818584204707548,0.8092404307488782,0.8597459851128773,77444.07,590.6699999999983,0.1640749999999995,0.0,221.2322882691101,0.8561437163029131,0.8467040611673923,0.8963146710265427,0.0491470567720765,True,0.6804264716139616,0.6775875371890805,0.7658004858523224,0.6558529432279234,0.6558529432279234,0.7365655858341859,0.049147056772076536,0.05482492562183883,0.6882941135441532,0.31170588645584685,0.6996498512436777,0.30035014875632227,0.6342438037028832,0.36575619629711675,0.30035014875632227,0.6996498512436777,0.0,0.5526088261963005,0.5452275966916095,0.6140544130981502,0.6372092645310546,0.5329264716139617,0.5083529432279233,0.6972361744797705,0.40536073788875127,0.6066764716139617,0.6460058829683769,0.5673470602595463,0.6230686288186155,0.5083529432279233,0.5812882014078722,0.5395077739971289,0.6111903754756769,0.6263293651320208,0.5083529432279233,0.6027945588538469,0.5083529432279233,train,fallback_score_min60,2,73.0,29.0,27.0,0.73
KXBTC15M-26MAY010930-30,KXBTC15M-26MAY010930-30|2026-05-01T13:27:00+00:00,v21_native_passive_ticker_minute,KXBTC15M-26MAY010930-30|2026-05-01T13:27:00+00:00|no,2026-05-01 13:27:00.902066+00:00,2026-05-01 13:27:00+00:00,no,no,True,True,1,72.0,71.0,71.5,0.715,28.5,43.0,1.0,78304.04,78335.09,179.097934,,91825,synced,coinbase_close_vs_recorded_strike,C:\Users\organ\Desktop\KALSHI PROBABILITY MODEL BOT\logs\edge_research\coinbase_btc_usd_1m_cache.parquet,2026-05-01 13:30:00+00:00,-1.0,31.05000000000291,2.32015135229162,17.971815096212122,,,24.545807909265623,1.2649817889384714,0.8970610719471285,49.55693899749781,0.626552015280255,0.7345235346462169,84.76174415058445,0.3663209188433012,0.642937189074988,84.03152553231749,0.3695041807620339,0.6441240212398551,78313.58,9.540000000008147,0.1590000000001358,0.0,59.52657150602724,0.8851583974471446,0.7587480633897411,0.7606465255471548,78330.94,26.90000000000873,0.1494444444444929,0.0,57.81519124778938,0.8783224508504236,0.7524091766258427,0.7542792360663595,78333.05,29.010000000009317,0.096700000000031,0.0,48.36877021780848,0.8354737563553799,0.7158794648775999,0.7175581110552155,78366.55,62.51000000000931,0.1041833333333488,0.0,49.70901975723902,0.8420861685164936,0.7212153850907045,0.722924698826475,78350.0,45.9600000000064,0.0510666666666737,0.0,40.19593449627085,0.7913476225311664,0.6823294097464374,0.6837971318785461,77974.16,-329.8799999999901,-0.1832666666666611,329.8799999999901,-1.7726813710627738,0.4857326385012121,0.4916572504919017,0.4915847642286863,77796.01,-508.0299999999989,-0.1411194444444441,508.0299999999989,5.775799052775188,0.5463911718707559,0.527163533847173,0.5273992101133151,-0.0195235346462169,True,0.7247617673231084,0.6789685945374939,0.761665763667199,0.715,0.715,0.7449518116649411,0.019523534646216922,0.07206281092501199,0.5309529307075662,0.4690470692924338,0.714125621850024,0.28587437814997596,0.71175195752029,0.28824804247971003,0.28587437814997596,0.714125621850024,0.0,0.654880595040082,0.5358183457974843,0.670690297520041,0.682737673155579,0.5822617673231084,0.5920235346462168,0.7203565185941845,0.5525944449279718,0.6535117673231083,0.678107060393865,0.6289164742523518,0.6805156897641446,0.5920235346462168,0.6489761953713148,0.617436700978485,0.656123201828646,0.6835083545381543,0.5920235346462168,0.6561900266202007,0.5920235346462168,train,hazard_primary_0.55,2,74.0,28.0,26.0,0.74
KXBTC15M-26MAY010945-45,KXBTC15M-26MAY010945-45|2026-05-01T13:40:00+00:00,v21_native_passive_ticker_minute,KXBTC15M-26MAY010945-45|2026-05-01T13:40:00+00:00|no,2026-05-01 13:40:00.407539+00:00,2026-05-01 13:40:00+00:00,no,no,True,True,1,74.0,73.0,73.5,0.735,26.5,47.0,1.0,78220.02,78291.38,299.592461,,92567,synced,coinbase_close_vs_recorded_strike,C:\Users\organ\Desktop\KALSHI PROBABILITY MODEL BOT\logs\edge_research\coinbase_btc_usd_1m_cache.parquet,2026-05-01 13:45:00+00:00,-1.0,71.36000000000058,4.122772790449742,31.934860715217877,,,204.50450650636856,0.3489409657472674,0.6364331852113048,148.40979614227592,0.4808307932152264,0.6846816185753777,122.08186408695376,0.58452580597208,0.7205666957923058,117.91742484975686,0.6051692537461967,0.727466728636019,78314.2,94.17999999999302,1.5696666666665502,0.0,541.620299616299,0.999868620067846,0.9999954290477714,0.9999978176742296,78498.99,278.9700000000012,1.5498333333333398,0.0,535.6783824731692,0.9998465791107476,0.9999942764838752,0.9999972247511146,78434.71,214.69000000000236,0.7156333333333411,0.0,285.7583515069696,0.972914598271708,0.9903764681263512,0.9923115159602136,78282.27,62.25,0.10375,0.0,102.44271782875056,0.7549875573903215,0.7993021935920362,0.8075125917580461,78336.35,116.33000000000176,0.1292555555555574,0.0,110.08398998681228,0.7708826801774127,0.816397908417418,0.8247367322312653,78201.52,-18.5,-0.0102777777777777,18.5,68.28085526194502,0.6772717520942882,0.7120228121235372,0.7187244860816371,78030.0,-190.02000000000407,-0.0527833333333344,190.02000000000407,55.54651126688358,0.645901224870125,0.6754432093369855,0.6812020522302639,0.0503183814246223,True,0.7098408092876889,0.7277833478961528,0.7975320722823619,0.6846816185753777,0.6846816185753777,0.7674874052269549,0.050318381424622305,0.014433304207694175,0.6306367628492446,0.36936323715075536,0.5588666084153884,0.4411333915846116,0.545066542727962,0.45493345727203804,0.36936323715075536,0.6306367628492446,0.0,0.590086104147991,0.6367367045299975,0.6492930520739956,0.6730845119011662,0.5773408092876888,0.5521816185753777,0.7309237289420304,0.46665469697792616,0.6435908092876889,0.6801544855726133,0.6070271330027643,0.6572877457169185,0.5521816185753777,0.6187337611642623,0.580179776611606,0.649038377069598,0.6611299396621237,0.5521816185753777,0.6415526737587041,0.5521816185753777,train,hazard_primary_0.55,2,76.0,26.0,24.0,0.76
KXBTC15M-26MAY011000-00,KXBTC15M-26MAY011000-00|2026-05-01T13:47:00+00:00,v21_native_passive_ticker_minute,KXBTC15M-26MAY011000-00|2026-05-01T13:47:00+00:00|yes,2026-05-01 13:47:00.086839+00:00,2026-05-01 13:47:00+00:00,yes,yes,True,True,1,66.0,65.0,65.5,0.655,34.5,31.0,1.0,78285.97,78204.2,779.913161,,92915,synced,coinbase_close_vs_recorded_strike,C:\Users\organ\Desktop\KALSHI PROBABILITY MODEL BOT\logs\edge_research\coinbase_btc_usd_1m_cache.parquet,2026-05-01 14:00:00+00:00,1.0,81.77000000000407,2.9279986570954466,22.680180073296693,,,277.2546758993108,0.2949273974722795,0.6159753289109695,285.80741429370545,0.2861017451281877,0.6125999025104513,208.77230011598004,0.3916707338788627,0.6523492416124475,190.3332105832453,0.4296149881013048,0.6662621337518236,78209.16,76.80999999999767,1.2801666666666278,0.0,1080.188831606807,0.9999214057992748,0.9999998854353824,0.9999999930757464,78140.68,145.29000000000815,0.8071666666667119,0.0,711.2899064538726,0.9935895076509496,0.9996716098098976,0.9999069141211694,78194.0,91.97000000000116,0.3065666666666705,0.0,320.8653780572404,0.8692096529967632,0.937842994849982,0.954083672082557,78498.99,-213.02000000000407,-0.3550333333333401,213.02000000000407,-195.1251692603679,0.2473932973650495,0.1749891182604356,0.1526399143607755,78285.0,0.9700000000011642,0.001077777777779,0.0,82.6105730735273,0.6137256845197373,0.6538357159608661,0.667867148271055,78366.55,-80.58000000000175,-0.0447666666666676,80.58000000000175,46.85588749256999,0.5651116650466012,0.588790722620619,0.5972278555147426,78028.02,257.9499999999971,0.0716527777777769,0.0,137.65294441110066,0.6849649973027363,0.7451628313601975,0.7652278913154882,0.0424000974895487,True,0.6337999512552257,0.6536746208062237,0.7122698518357383,0.6125999025104513,0.6125999025104513,0.6851219013524881,0.04240009748954876,0.0026507583875525764,0.7748001949790975,0.22519980502090253,0.6953015167751051,0.3046984832248949,0.6674757324963527,0.3325242675036473,0.22519980502090253,0.7748001949790975,0.0,0.4963798732635866,0.5480540140961817,0.5584399366317934,0.5798609019314697,0.46129995125522566,0.44009990251045134,0.6421418818545782,0.31212077032057883,0.5475499512552257,0.5905299707531353,0.5045699317573159,0.5692332683403009,0.44009990251045134,0.522764619958318,0.47629597157633524,0.5498753570404468,0.5710646157793803,0.44009990251045134,0.5411208921825148,0.44009990251045134,train,fallback_score_min60,2,68.0,34.0,32.0,0.68
KXBTC15M-26MAY011015-15,KXBTC15M-26MAY011015-15|2026-05-01T14:10:00+00:00,v21_native_passive_ticker_minute,KXBTC15M-26MAY011015-15|2026-05-01T14:10:00+00:00|no,2026-05-01 14:10:00.396113+00:00,2026-05-01 14:10:00+00:00,no,no,True,True,1,78.0,77.0,77.5,0.775,22.5,55.0,1.0,78657.0,78727.48,299.603887,,93993,synced,coinbase_close_vs_recorded_strike,C:\Users\organ\Desktop\KALSHI PROBABILITY MODEL BOT\logs\edge_research\coinbase_btc_usd_1m_cache.parquet,2026-05-01 14:15:00+00:00,-1.0,70.47999999999593,4.071853775548165,31.540443721779678,,,101.3457490032083,0.6954411082182119,0.756610547006207,105.98737273036244,0.6649848768239667,0.7469699170056017,167.1080363471213,0.4217630793865172,0.6634010215318329,146.22682195957802,0.481990916956938,0.6850938006458345,78716.97,59.97000000000117,0.9995000000000194,0.0,369.9340850565017,0.999758814851682,0.9865767353510184,0.9942946751740712,78693.61,36.61000000000058,0.2033888888888921,0.0,131.41610168371912,0.8924979233871204,0.7841875120927231,0.8155975085300546,78695.99,38.99000000000524,0.1299666666666841,0.0,109.41851851376782,0.8490513289250371,0.7436943676290901,0.7728541761769848,78754.46,97.4600000000064,0.162433333333344,0.0,119.14565804503246,0.8695252075345424,0.7620727299107921,0.7924066847066835,78787.75,130.75,0.1452777777777777,0.0,114.00578691694037,0.8589590823927613,0.7524526142969639,0.7822016325433399,78220.02,-436.9799999999959,-0.2427666666666644,436.9799999999959,-2.253836967370063,0.491517073459955,0.4946195071197616,0.4938512288866492,78201.52,-455.4799999999959,-0.1265222222222211,455.4799999999959,32.57345043034071,0.6207051592496956,0.5772739730779398,0.5881387524767121,0.0280300829943983,True,0.7609849585028008,0.7192005107659165,0.7903404153102129,0.7469699170056017,0.7469699170056017,0.7814012408866879,0.028030082994398353,0.11159897846816713,0.5060601659887967,0.49393983401120334,0.6731979569363342,0.3268020430636658,0.6298123987083311,0.37018760129166894,0.3268020430636658,0.6731979569363342,0.0,0.6710608921072821,0.5624213279913828,0.7117804460536412,0.7191855789461448,0.6484849585028009,0.6344699170056016,0.7532952242878084,0.578844966903707,0.7047349585028009,0.7328409751016804,0.6766289419039211,0.7188132780037343,0.6344699170056016,0.6884494472822047,0.6580856165606751,0.7097359470985211,0.72250207071046,0.6344699170056016,0.693882570646705,0.6344699170056016,train,hazard_primary_0.55,2,80.0,22.0,20.0,0.8
KXBTC15M-26MAY011030-30,KXBTC15M-26MAY011030-30|2026-05-01T14:16:00+00:00,v21_native_passive_ticker_minute,KXBTC15M-26MAY011030-30|2026-05-01T14:16:00+00:00|no,2026-05-01 14:16:00.703285+00:00,2026-05-01 14:16:00+00:00,no,no,True,True,1,74.0,73.0,73.5,0.735,26.5,47.0,1.0,78624.78,78757.7,839.296715,,94316,synced,coinbase_close_vs_recorded_strike,C:\Users\organ\Desktop\KALSHI PROBABILITY MODEL BOT\logs\edge_research\coinbase_btc_usd_1m_cache.parquet,2026-05-01 14:30:00+00:00,-1.0,132.91999999999825,4.588096787939541,35.53924490095517,,,346.309253545234,0.3838187938649367,0.6494436212425015,236.1144811057618,0.5629472592172775,0.7132646010149937,291.6271506979434,0.4557874658854101,0.675728590893029,255.0668689225992,0.5211182485653723,0.6988578003426991,78683.86,59.08000000000175,0.9846666666666958,0.0,959.347498703356,0.9999757832989672,0.9994984166662024,0.9999154366581222,78772.0,147.22000000000116,0.8178888888888953,0.0,819.3714576794481,0.9997399931647244,0.9975202624900164,0.9993417971010364,78657.5,32.720000000001164,0.1090666666666705,0.0,224.45929504933488,0.8291058034433021,0.7792548363257518,0.810570823514911,78646.58,21.80000000000291,0.0363333333333381,0.0,163.414447311669,0.7555622221195972,0.7123810074703782,0.739132408875407,78720.0,95.22000000000116,0.1058000000000013,0.0,221.71759244699933,0.8261412541202076,0.7764556680639644,0.8076455659259882,78209.16,-415.61999999999534,-0.2308999999999974,415.61999999999534,-60.87361149349957,0.3982752416037823,0.4173264627797638,0.405685602154762,78395.4,-229.38000000000463,-0.0637166666666679,229.38000000000463,79.44281097591383,0.6317375679443167,0.607347476244021,0.622274055622463,0.0217353989850063,True,0.7241323005074969,0.7053642954465145,0.7591234681527652,0.7132646010149937,0.7132646010149937,0.7473005409931586,0.021735398985006316,0.05927140910697104,0.5734707979700127,0.42652920202998734,0.6485428182139421,0.3514571817860579,0.6022843993146019,0.39771560068539813,0.3514571817860579,0.6485428182139421,0.0,0.6272439813194917,0.5784471681609376,0.6678719906597459,0.677282571004076,0.5916323005074968,0.5807646010149937,0.7164534611961572,0.5094397823743175,0.6578823005074969,0.688729380304498,0.6270352207104956,0.6763430673433292,0.5807646010149937,0.6422609622843276,0.608178857225326,0.6621805801071186,0.6797120343863966,0.5807646010149937,0.6486090311055754,0.5807646010149937,train,hazard_primary_0.55,2,76.0,26.0,24.0,0.76
KXBTC15M-26MAY011045-45,KXBTC15M-26MAY011045-45|2026-05-01T14:31:00+00:00,v21_native_passive_ticker_minute,KXBTC15M-26MAY011045-45|2026-05-01T14:31:00+00:00|no,2026-05-01 14:31:00.321030+00:00,2026-05-01 14:31:00+00:00,no,no,True,True,1,70.0,69.0,69.5,0.695,30.5,39.0,1.0,78175.06,78279.42,839.67897,,95002,synced,coinbase_close_vs_recorded_strike,C:\Users\organ\Desktop\KALSHI PROBABILITY MODEL BOT\logs\edge_research\coinbase_btc_usd_1m_cache.parquet,2026-05-01 14:45:00+00:00,-1.0,104.36000000000058,3.601450352990168,27.896714478647485,,,226.79509443652415,0.4601510462970311,0.6772960969157333,193.25842558472863,0.5400023294417604,0.705402287017249,216.01638262054,0.4831115063310826,0.6854917177264921,272.2593326997796,0.3833110107379804,0.6492554118973254,78280.04,104.97999999999593,1.7496666666665988,0.0,1573.5183045099436,0.9999999999999998,0.9999999999998384,0.9999999962534836,78285.42,110.36000000000058,0.6131111111111144,0.0,619.1765062733367,0.9993220514782626,0.9979237632594375,0.9885234959627984,78333.26,158.1999999999971,0.5273333333333237,0.0,547.1507101799925,0.9976812188644336,0.9943440492433276,0.9777667997056114,78506.64,331.58000000000175,0.5526333333333362,0.0,568.394588121003,0.9983648163202784,0.9957465142855724,0.9815873452142946,78624.78,449.7200000000012,0.4996888888888902,0.0,523.9382515426684,0.9966467359186798,0.992355417485456,0.9728483179006134,78720.0,544.9400000000023,0.3027444444444457,0.0,358.56814328433506,0.9682291295415912,0.9515339017289736,0.9060822895327996,78278.32,103.26000000000931,0.0286833333333359,0.0,128.44479178950274,0.746855492266012,0.7239468049949774,0.6814558361612543,-0.0104022870172491,True,0.7002011435086245,0.6902458588632461,0.7993611686272275,0.695,0.695,0.7586569298780614,0.010402287017249101,0.009508282273507862,0.5891954259655019,0.4108045740344981,0.6290165645470158,0.3709834354529842,0.7014891762053492,0.29851082379465077,0.3709834354529842,0.6290165645470158,0.0,0.6170229731224237,0.5911392330444397,0.6407614865612119,0.6710296084476551,0.5477011435086245,0.5529022870172491,0.7302373872815112,0.5105726959209415,0.6239511435086245,0.6523706861051747,0.5955316009120744,0.6511015246781661,0.5529022870172491,0.6163179806722087,0.5815344366662513,0.626680470833173,0.6539363345450536,0.5529022870172491,0.6415698371493801,0.5529022870172491,train,hazard_primary_0.55,2,72.0,30.0,28.0,0.72
KXBTC15M-26MAY011100-00,KXBTC15M-26MAY011100-00|2026-05-01T14:48:00+00:00,v21_native_passive_ticker_minute,KXBTC15M-26MAY011100-00|2026-05-01T14:48:00+00:00|yes,2026-05-01 14:48:00.685094+00:00,2026-05-01 14:48:00+00:00,yes,yes,True,True,1,66.0,64.0,65.0,0.65,35.0,30.0,2.0,78264.45,78205.37,719.314906,,95962,synced,coinbase_close_vs_recorded_strike,C:\Users\organ\Desktop\KALSHI PROBABILITY MODEL BOT\logs\edge_research\coinbase_btc_usd_1m_cache.parquet,2026-05-01 15:00:00+00:00,1.0,59.08000000000175,2.2028298689924224,17.063046794271838,,,143.97376281639382,0.4103525451046592,0.659226323959772,213.8329598202327,0.276290428050333,0.6088374963961877,209.5439736559512,0.281945593419951,0.6110073857090084,241.74402052867737,0.2443907397204609,0.5965358934924596,78251.56,12.889999999999418,0.2148333333333236,0.0,213.61281897232809,0.8410955091875743,0.8459976277737842,0.8115526249401573,78183.3,81.14999999999418,0.450833333333301,0.0,383.3711367883118,0.9635018112769704,0.9663413575460312,0.9436139783243608,78152.0,112.44999999999708,0.3748333333333236,0.0,328.7032039323281,0.9378773593419488,0.941636382675229,0.913040087847382,78050.68,213.77000000000407,0.3562833333333401,0.0,315.35991242603995,0.9298662503449496,0.9338356501028467,0.9039718294908684,78299.32,-34.870000000009895,-0.0387444444444554,34.870000000009895,31.210543586416065,0.5580225661593883,0.5592015147574975,0.5513630147074932,78651.81,-387.3600000000006,-0.2152000000000003,387.3600000000006,-95.7165677711985,0.3272126222125493,0.3239127534057138,0.3460739739810143,78293.0,-28.55000000000291,-0.0079305555555563,28.55000000000291,53.37543317602894,0.5985565812726659,0.6005310389240681,0.5873732663847563,0.0411625036038123,True,0.6294187481980938,0.6305036928545042,0.7322382852460455,0.6088374963961877,0.6088374963961877,0.695226720787246,0.04116250360381235,0.038992614290991656,0.7823250072076247,0.21767499279237534,0.7779852285819833,0.22201477141801673,0.8069282130150808,0.19307178698491922,0.21767499279237534,0.7823250072076247,0.6974000000001979,0.49148874531504394,0.4943096014217108,0.553244372657522,0.582032108591717,0.45441874819809386,0.4338374963961877,0.6171242200664737,0.17198272872653064,0.5419187481980938,0.5851512489188563,0.49868624747733137,0.5642249975974585,0.4338374963961877,0.5173665880393955,0.47050817848133253,0.5439894844982395,0.5658859991407973,0.4338374963961877,0.5254808582313307,0.4338374963961877,train,fallback_score_min60,2,68.0,34.0,32.0,0.68
KXBTC15M-26MAY011115-15,KXBTC15M-26MAY011115-15|2026-05-01T15:06:00+00:00,v21_native_passive_ticker_minute,KXBTC15M-26MAY011115-15|2026-05-01T15:06:00+00:00|no,2026-05-01 15:06:00.523966+00:00,2026-05-01 15:06:00+00:00,no,yes,True,False,1,72.0,71.0,71.5,0.715,28.5,43.0,1.0,78259.98,78334.21,539.476034,,96910,synced,coinbase_close_vs_recorded_strike,C:\Users\organ\Desktop\KALSHI PROBABILITY MODEL BOT\logs\edge_research\coinbase_btc_usd_1m_cache.parquet,2026-05-01 15:15:00+00:00,-1.0,74.23000000001048,3.195901477393003,24.75534639612556,,,75.78363026993215,0.9794991310869138,0.8363332911318966,135.80871847985375,0.5465775749222018,0.7076655105157598,167.8008684009767,0.4423695819179588,0.6708891066229308,169.9203418190288,0.4368517577434493,0.6688905698802152,78268.24,8.260000000009313,0.1376666666668219,0.0,148.49786734742756,0.8628983491258799,0.8119122004211841,0.808920823287293,78264.2,4.220000000001164,0.0234444444444509,0.0,86.87771590823618,0.7388182758533792,0.6976811848557949,0.6954242340982691,78300.82,40.84000000001106,0.1361333333333702,0.0,147.67067076189704,0.8615573926510318,0.8105798794526728,0.8075923578846402,78380.84,120.86000000000058,0.2014333333333343,0.0,182.8984557820777,0.9109673223303604,0.8621375334152732,0.8591207998939222,78358.13,98.15000000000872,0.1090555555555652,0.0,133.0628585967935,0.8364029864691958,0.786105481036266,0.7832127615549205,78254.82,-5.1599999999889405,-0.0028666666666605,5.1599999999889405,72.68350203588045,0.7037408462790739,0.6675483030460458,0.6655835909424248,78646.58,386.6000000000058,0.1073888888888905,0.0,132.1637318734558,0.8347633246686359,0.7845412118806853,0.7816559981883974,0.0073344894842402,True,0.7113327552578799,0.6929445533114653,0.7614076343889306,0.7076655105157598,0.7076655105157598,0.7421111316849343,0.007334489484240203,0.044110893377069194,0.5846689789684805,0.41533102103151953,0.6582217867541384,0.34177821324586155,0.6622188602395696,0.33778113976043045,0.34177821324586155,0.6582217867541384,0.0,0.6199651636704876,0.57215583860981,0.6532325818352439,0.6678883211003471,0.5688327552578798,0.5651655105157598,0.7121442337880862,0.5014867602966228,0.6400827552578798,0.6700496531547279,0.6101158573610318,0.6626103403438398,0.5651655105157598,0.6281258756552146,0.5936414109665895,0.6435884249743022,0.6656716933552969,0.5651655105157598,0.638654872151923,0.5651655105157598,train,hazard_primary_0.55,2,74.0,-72.0,-74.0,0.74
KXBTC15M-26MAY011130-30,KXBTC15M-26MAY011130-30|2026-05-01T15:16:00+00:00,v21_native_passive_ticker_minute,KXBTC15M-26MAY011130-30|2026-05-01T15:16:00+00:00|yes,2026-05-01 15:16:00.104067+00:00,2026-05-01 15:16:00+00:00,yes,yes,True,True,1,63.0,62.0,62.5,0.625,37.5,25.0,1.0,78516.03,78454.83,839.895933,,97449,synced,coinbase_close_vs_recorded_strike,C:\Users\organ\Desktop\KALSHI PROBABILITY MODEL BOT\logs\edge_research\coinbase_btc_usd_1m_cache.parquet,2026-05-01 15:30:00+00:00,1.0,61.19999999999709,2.111731426088257,16.357401289805313,,,142.0079812524468,0.4309616928586724,0.6667518878106333,149.63177483596203,0.4090040371912268,0.6587316507988565,174.13537475304042,0.3514507037228432,0.6373748753773326,203.8237656041065,0.3002593923167322,0.6180103474077528,78465.48,50.55000000000291,0.8425000000000485,0.0,768.8123235525379,0.9999998611821082,0.9999949501230844,0.999919010479253,78436.94,79.08999999999651,0.4393888888888695,0.0,430.2409407831475,0.9979819818441216,0.9932580610649422,0.9826073006202238,78286.68,229.35000000000585,0.7645000000000194,0.0,703.3004407785133,0.9999987005157864,0.9999731389624148,0.9997202586595036,78259.98,256.0500000000029,0.4267500000000048,0.0,419.6255894077512,0.997479391922334,0.9920186330459876,0.9802417053483145,78300.82,215.20999999999185,0.2391222222222131,0.0,262.0377819343562,0.9600457735110768,0.933811413687035,0.9007103209560732,78181.37,334.6600000000035,0.1859222222222241,0.0,217.35531829876535,0.926832764643728,0.8940206081515316,0.8568759694571944,78624.78,-108.75,-0.0302083333333333,108.75,35.828143690622085,0.5946185989186673,0.5815064298809881,0.5697666128574284,-0.0337316507988565,True,0.6418658253994283,0.6311874376886664,0.7612434504382143,0.625,0.625,0.7101192353428143,0.03373165079885654,0.012374875377332617,0.6825366984022869,0.3174633015977131,0.7252502492453348,0.27474975075466523,0.7639793051844943,0.2360206948155057,0.27474975075466523,0.7252502492453348,0.0,0.5563511460385134,0.5285873379905324,0.5719255730192567,0.6094254430708353,0.45436582539942827,0.47123165079885654,0.6793655655025856,0.4174631716492917,0.5481158253994283,0.5788694952396569,0.5173621555591996,0.5849877671992377,0.47123165079885654,0.5441837711116877,0.5033797750241377,0.5492924949723277,0.5868820475134885,0.47123165079885654,0.5752986081507211,0.47123165079885654,train,fallback_score_min60,2,65.0,37.0,35.0,0.65
KXBTC15M-26MAY011145-45,KXBTC15M-26MAY011145-45|2026-05-01T15:35:00+00:00,v21_native_passive_ticker_minute,KXBTC15M-26MAY011145-45|2026-05-01T15:35:00+00:00|yes,2026-05-01 15:35:00.628945+00:00,2026-05-01 15:35:00+00:00,yes,yes,True,True,1,68.0,67.0,67.5,0.675,32.5,35.0,1.0,78588.07,78531.35,599.371055,,98526,synced,coinbase_close_vs_recorded_strike,C:\Users\organ\Desktop\KALSHI PROBABILITY MODEL BOT\logs\edge_research\coinbase_btc_usd_1m_cache.parquet,2026-05-01 15:45:00+00:00,1.0,56.72000000000117,2.3167989044658426,17.945847147015595,,,63.55871646709076,0.892403169113232,0.813911563454188,137.04792520287862,0.4138698190143034,0.6605152759245377,130.87691443844923,0.4333843003815337,0.6676321979234177,155.4814587949795,0.3648023400320235,0.6423705208932815,78556.96,31.110000000000586,0.5185000000000097,0.0,367.493892017507,0.9963353447346996,0.997506986898832,0.99095050187764,78548.92,39.15000000000873,0.2175000000000485,0.0,187.08320446253023,0.9138881361903652,0.9235638477589851,0.8855603774268082,78547.95,40.120000000009895,0.1337333333333663,0.0,136.8758890886876,0.8410408098306801,0.852181798635035,0.8106612786321737,78476.76,111.31000000001222,0.185516666666687,0.0,167.9133202200967,0.8897530892435144,0.9002516049183178,0.8599193791588065,78471.82,116.25,0.1291666666666666,0.0,134.1387612708345,0.8361538374880685,0.8473002420944893,0.8058574615878705,78268.24,319.83000000000175,0.1776833333333343,0.0,163.2182469559184,0.8831648545312597,0.893821890301416,0.853085810466033,78252.1,335.9700000000012,0.0933250000000003,0.0,112.65630370787636,0.7944675921900806,0.8053205431265246,0.7656402955487498,0.0144847240754623,True,0.667757637962269,0.6713160989617089,0.7255186952517393,0.6605152759245377,0.6605152759245377,0.7038627447434973,0.014484724075462307,0.007367802076582386,0.6789694481509245,0.3210305518490755,0.6647356041531647,0.3352643958468353,0.715258958213437,0.284741041786563,0.3210305518490755,0.6789694481509245,0.0,0.558669858701899,0.567921857300443,0.6005849293509495,0.6171890103340175,0.5052576379622689,0.4980152759245378,0.6684657999284049,0.40513463283214346,0.5865076379622689,0.6219045827773613,0.5511106931471765,0.6111768506163585,0.4980152759245378,0.5710590900068417,0.5309413293973251,0.5893972700429594,0.6136892567966119,0.4980152759245378,0.5832405379264713,0.4980152759245378,train,fallback_score_min60,2,70.0,32.0,30.0,0.7
KXBTC15M-26MAY011200-00,KXBTC15M-26MAY011200-00|2026-05-01T15:51:00+00:00,v21_native_passive_ticker_minute,KXBTC15M-26MAY011200-00|2026-05-01T15:51:00+00:00|no,2026-05-01 15:51:00.772927+00:00,2026-05-01 15:51:00+00:00,no,no,True,True,1,93.0,93.0,93.0,0.93,7.0,86.0,0.0,78448.01,78667.28,539.227073,,99382,synced,coinbase_close_vs_recorded_strike,C:\Users\organ\Desktop\KALSHI PROBABILITY MODEL BOT\logs\edge_research\coinbase_btc_usd_1m_cache.parquet,2026-05-01 16:00:00+00:00,-1.0,219.27000000000407,9.442638688702912,73.14236477120045,,,312.608429670017,0.7014206246180276,0.7584797227617375,225.0048374360919,0.9745123815939438,0.8350989027759904,184.4884554292349,1.1885296534671812,0.8826875979069866,158.59831651713867,1.3825493537083606,0.9165984562320828,78670.03,222.02000000000407,3.7003333333334014,0.0,2214.589912457707,1.0,1.0,1.0,78660.24,212.23000000001048,1.1790555555556137,0.0,855.0486761266466,0.9999276912527412,0.9999982127240248,0.9999999650221288,78633.07,185.06000000001225,0.6168666666667074,0.0,551.9012070979594,0.9929133616409306,0.9986120456930978,0.9997491695619388,78723.24,275.2300000000105,0.4587166666666841,0.0,466.6224455029968,0.980952586005354,0.9942851143367808,0.998370369907511,78528.16,80.15000000000873,0.0890555555555652,0.0,267.2911665566204,0.8825705298096957,0.9263065277016722,0.9540379443479244,78483.27,35.26000000000931,0.019588888888894,0.0,229.83285921888464,0.8464811120067144,0.8935782402499972,0.9263522471597978,78358.13,-89.8799999999901,-0.0249666666666639,89.8799999999901,205.80729741077224,0.8198200280293648,0.8676939915742811,0.902798559517493,0.0949010972240096,True,0.8825494513879952,0.9063437989534933,0.919337421472307,0.8350989027759904,0.8350989027759904,0.9141123431609833,0.09490109722400963,0.04731240209301346,0.32980219444801917,0.6701978055519808,0.23462480418602683,0.7653751958139732,0.1668030875358344,0.8331969124641656,0.6701978055519808,0.32980219444801917,0.0,0.7856285736087875,0.8474938772790825,0.8543142868043938,0.8606056229684869,0.8475494513879953,0.8000989027759904,0.8881321237161814,0.7694891417160739,0.8650494513879952,0.8910296708327972,0.8390692319431933,0.8550659351839937,0.8000989027759904,0.8276263483540531,0.8001867615241125,0.8794042855012042,0.8659098823719682,0.8000989027759904,0.8441155132460859,0.8000989027759904,train,fallback_score_min60,1,94.0,7.0,6.0,0.94
KXBTC15M-26MAY011215-15,KXBTC15M-26MAY011215-15|2026-05-01T16:10:00+00:00,v21_native_passive_ticker_minute,KXBTC15M-26MAY011215-15|2026-05-01T16:10:00+00:00|yes,2026-05-01 16:10:00.418808+00:00,2026-05-01 16:10:00+00:00,yes,no,True,False,1,78.0,76.0,77.0,0.77,23.0,54.0,2.0,78511.9,78458.78,299.581192,,100362,synced,coinbase_close_vs_recorded_strike,C:\Users\organ\Desktop\KALSHI PROBABILITY MODEL BOT\logs\edge_research\coinbase_btc_usd_1m_cache.parquet,2026-05-01 16:15:00+00:00,1.0,53.11999999999534,3.069027600292545,23.77258556996788,,,75.43227001331906,0.7042078939241251,0.7593483421261447,112.7311785996682,0.4712094795765019,0.6812544250679943,143.40841080641212,0.3704106314357137,0.6444617232266758,126.96994877833431,0.4183667120535181,0.6621604896288865,78537.42,-25.520000000004075,-0.4253333333334012,25.520000000004075,-74.30186699735833,0.2549136498960133,0.3021894597408109,0.279209129762625,78653.48,-141.58000000000175,-0.7865555555555652,141.58000000000175,-182.5172509075631,0.0527184090741286,0.1015605675742557,0.0752902791340196,78646.01,-134.11000000000058,-0.4470333333333353,134.11000000000058,-80.80277886373858,0.2367567756074,0.2865658873118758,0.2622601710051912,78438.2,73.69999999999709,0.1228333333333284,0.0,89.91855641732722,0.7874594065602452,0.7346737713458544,0.7605856493206429,78358.98,152.91999999999825,0.1699111111111091,0.0,104.02217320070588,0.8219300421452072,0.7658832175289623,0.793682691805866,78681.98,-170.08000000000175,-0.0944888888888898,170.08000000000175,24.812906035906167,0.5871060348472021,0.5686831955807925,0.5774692718155179,78300.16,211.7399999999907,0.058816666666664,0.0,70.74036710946123,0.7348387442692754,0.6890922914886177,0.7112849974134309,0.0887455749320057,True,0.7256272125339971,0.7072308616133379,0.5626704002251314,0.6812544250679943,0.2367567756074,0.6367276826418783,0.08874557493200574,0.1255382767733242,0.6374911498640115,0.36250885013598855,0.7110765535466483,0.28892344645335166,0.6756790207422272,0.3243209792577728,0.28892344645335166,0.7110765535466483,0.0,0.5856307525883926,0.5378002401946785,0.6663153762941963,0.6129910538549362,0.6106272125339971,0.5662544250679942,0.5959785676554772,0.38618452769672856,0.6681272125339971,0.7088763275203982,0.6273780975475959,0.6725029500453296,0.5662544250679942,0.6307986216081085,0.5890942931708874,0.6764376143891436,0.6780474432183177,0.5662544250679942,0.5811164963617357,0.5662544250679942,train,hazard_primary_0.55,2,80.0,-78.0,-80.0,0.8
KXBTC15M-26MAY011230-30,KXBTC15M-26MAY011230-30|2026-05-01T16:20:00+00:00,v21_native_passive_ticker_minute,KXBTC15M-26MAY011230-30|2026-05-01T16:20:00+00:00|no,2026-05-01 16:20:00.118847+00:00,2026-05-01 16:20:00+00:00,no,no,True,True,1,77.0,76.0,76.5,0.765,23.5,53.0,1.0,78327.47,78405.45,599.881153,,100907,synced,coinbase_close_vs_recorded_strike,C:\Users\organ\Desktop\KALSHI PROBABILITY MODEL BOT\logs\edge_research\coinbase_btc_usd_1m_cache.parquet,2026-05-01 16:30:00+00:00,-1.0,77.97999999999593,3.183835509068939,24.661883807375634,,,47.05626131662372,1.6571652277111033,0.9512569627195848,84.52363566731307,0.9225821793436212,0.8218875069650824,198.93973543748152,0.3919780019236116,0.6524627661237712,174.16585864454686,0.44773413461673,0.6728274582315095,78345.26,17.789999999993597,0.2964999999998933,0.0,255.84476186443192,0.998764629767206,0.9007857160177792,0.929079801923159,78360.56,33.08999999999651,0.1838333333333139,0.0,188.2581519598176,0.9870358546076878,0.8280041004096346,0.8601321066351613,78382.85,55.38000000000466,0.1846000000000155,0.0,188.71806084380523,0.9872164679123998,0.8285928493122499,0.8607186359113815,78511.9,184.42999999999304,0.3073833333333217,0.0,262.3734684129723,0.9990458452638874,0.9063918789889932,0.9340251185366936,78646.01,318.5399999999936,0.3539333333333262,0.0,290.297936085125,0.9997031955206944,0.9277484745490934,0.952221929335412,78670.03,342.5599999999977,0.1903111111111098,0.0,192.1440487620396,0.9884946878701356,0.8329379943642156,0.8650351658821531,78471.82,144.35000000000582,0.0400972222222238,0.0,102.0335678987608,0.8863147702994008,0.6959847525893773,0.7210089451557016,-0.0568875069650823,True,0.7934437534825411,0.7087313830618855,0.8580346582924939,0.765,0.765,0.8265095456720046,0.05688750696508238,0.11253723387622883,0.3562249860698352,0.6437750139301648,0.6950744677524576,0.3049255322475424,0.6543450835369811,0.34565491646301894,0.3049255322475424,0.6950744677524576,0.0,0.768453759054607,0.5482015959609026,0.7549768795273035,0.7771985263185435,0.6759437534825412,0.7043875069650823,0.8143870470650211,0.7424966607214047,0.7346937534825412,0.7468162520895247,0.7225712548755576,0.7637583379767215,0.7043875069650823,0.7397697337605698,0.7157811295444181,0.7358063769729458,0.7672032318052809,0.7043875069650823,0.7593872770150517,0.7043875069650823,train,hazard_primary_0.55,2,79.0,23.0,21.0,0.79
KXBTC15M-26MAY011245-45,KXBTC15M-26MAY011245-45|2026-05-01T16:41:00+00:00,v21_native_passive_ticker_minute,KXBTC15M-26MAY011245-45|2026-05-01T16:41:00+00:00|no,2026-05-01 16:41:00.043764+00:00,2026-05-01 16:41:00+00:00,no,no,True,True,1,78.0,77.0,77.5,0.775,22.5,55.0,1.0,78291.44,78343.02,239.956236,,102111,synced,coinbase_close_vs_recorded_strike,C:\Users\organ\Desktop\KALSHI PROBABILITY MODEL BOT\logs\edge_research\coinbase_btc_usd_1m_cache.parquet,2026-05-01 16:45:00+00:00,-1.0,51.58000000000175,3.3297782896666024,25.79235172488353,,,118.46863686207854,0.4353894951965329,0.6683601329842009,110.50958982667048,0.4667468233381622,0.6796594872911194,109.72174681124694,0.4700982394012941,0.6808575840092975,117.6302903897545,0.4384924990756829,0.6694853467822404,78350.86,59.419999999998254,0.9903333333333042,0.0,289.2166590519947,0.9955662185927036,0.9958044018375378,0.9930277912763656,78241.39,-50.05000000000291,-0.2780555555555717,50.05000000000291,-15.141164510002127,0.445510567032201,0.4451217810036702,0.4487902991374156,78273.78,-17.660000000003492,-0.0588666666666783,17.660000000003492,37.45457624079896,0.6326672715803365,0.6335835734052245,0.6249127506111078,78306.19,14.75,0.0245833333333333,0.0,57.47892413500175,0.698512162747619,0.6998123258998739,0.6874518832382872,78226.9,-64.54000000000815,-0.0717111111111201,64.54000000000815,34.37247169839958,0.622113410556965,0.6229620223625344,0.6149360717117851,78487.44,196.0,0.1088888888888888,0.0,77.70856792000174,0.7590294343675572,0.7605997288602033,0.7455710135446355,78723.24,431.8000000000029,0.1199444444444452,0.0,80.36141741800193,0.7664450724524591,0.7680411352567211,0.7527501036797128,0.0953405127088806,True,0.7273297436455597,0.7279287920046488,0.6957755862904853,0.6796594872911194,0.6326672715803365,0.7179313005034031,0.09534051270888066,0.0941424159907025,0.6406810254177615,0.3593189745822385,0.638284831981405,0.36171516801859505,0.6610293064355193,0.33897069356448073,0.3593189745822385,0.6406810254177615,1.0,0.5835573334784551,0.5851148592120867,0.6680286667392276,0.6537953938972612,0.6148297436455596,0.5671594872911193,0.626363197961627,0.22258570174027215,0.6710797436455597,0.7126478461873358,0.6295116411037835,0.6739396581940795,0.5671594872911193,0.6314662213689157,0.5889927845437518,0.6799445355726996,0.6798495343945784,0.5671594872911193,0.5967613426263731,0.5671594872911193,train,hazard_primary_0.55,2,80.0,22.0,20.0,0.8
KXBTC15M-26MAY011300-00,KXBTC15M-26MAY011300-00|2026-05-01T16:49:00+00:00,v21_native_passive_ticker_minute,KXBTC15M-26MAY011300-00|2026-05-01T16:49:00+00:00|no,2026-05-01 16:49:00.773152+00:00,2026-05-01 16:49:00+00:00,no,no,True,True,1,80.0,79.0,79.5,0.795,20.5,59.0,1.0,78162.03,78272.34,659.226848,,102552,synced,coinbase_close_vs_recorded_strike,C:\Users\organ\Desktop\KALSHI PROBABILITY MODEL BOT\logs\edge_research\coinbase_btc_usd_1m_cache.parquet,2026-05-01 17:00:00+00:00,-1.0,110.30999999999769,4.296328114434843,33.27921447409772,,,106.8476181577159,1.0324048575155975,0.8490587513284128,154.05889773916604,0.716024855550773,0.763011999294873,181.42619471774208,0.608015839011643,0.7284115155338924,194.15755852420023,0.5681468228096223,0.7150323618315868,78228.09,66.05999999999767,1.1009999999999611,0.0,836.1187596479721,0.99999997138824,0.9999979729455416,0.999991703094754,78233.64,71.61000000000058,0.3978333333333366,0.0,372.5724143626665,0.9922050311706708,0.9799916091816014,0.9725026375149686,78278.16,116.13000000000466,0.3871000000000155,0.0,365.4967128608079,0.9911646731576496,0.9780254110208704,0.970114211456348,78251.36,89.33000000000175,0.1488833333333362,0.0,208.45789055306625,0.9119889823995784,0.8747210923889479,0.8585109354814439,78208.81,46.77999999999884,0.0519777777777764,0.0,144.57514661048572,0.8259910221995008,0.7872400213898537,0.7717516696150921,78345.26,183.22999999999595,0.1017944444444421,0.0,177.4156307550184,0.8752591327750836,0.8359366828139545,0.8195815203299507,78648.11,486.08000000000175,0.1350222222222227,0.0,199.3202739655091,0.9021314788532298,0.8640352730944592,0.8476932976264397,0.031988000705127,True,0.7790059996474366,0.7617057577669462,0.8497255574841742,0.763011999294873,0.763011999294873,0.8246365344199917,0.031988000705127084,0.06658848446610766,0.4739760014102541,0.5260239985897459,0.5431769689322152,0.45682303106778477,0.5699352763368264,0.4300647236631736,0.45682303106778477,0.5431769689322152,0.0,0.6919155990833348,0.6469349701940601,0.7332077995416675,0.7528242668574324,0.6765059996474365,0.660511999294873,0.7977389342789665,0.6251404659055109,0.7277559996474365,0.7546535997884619,0.700858399506411,0.7395079995299154,0.660511999294873,0.7108255888713227,0.6821431782127301,0.7331090689766444,0.7433380408834277,0.660511999294873,0.7291254667869198,0.660511999294873,train,hazard_primary_0.55,2,82.0,20.0,18.0,0.82
KXBTC15M-26MAY011315-15,KXBTC15M-26MAY011315-15|2026-05-01T17:07:00+00:00,v21_native_passive_ticker_minute,KXBTC15M-26MAY011315-15|2026-05-01T17:07:00+00:00|no,2026-05-01 17:07:00.057568+00:00,2026-05-01 17:07:00+00:00,no,yes,True,False,1,72.0,71.0,71.5,0.715,28.5,43.0,1.0,78148.41,78225.0,479.942432,,103595,synced,coinbase_close_vs_recorded_strike,C:\Users\organ\Desktop\KALSHI PROBABILITY MODEL BOT\logs\edge_research\coinbase_btc_usd_1m_cache.parquet,2026-05-01 17:15:00+00:00,-1.0,76.58999999999651,3.496048875960433,27.080278148243835,,,143.74539644802198,0.5328170633115982,0.7029198895547751,143.73076594057946,0.5328712993268262,0.7029386630337546,129.89782493081418,0.5896172629587113,0.7222763622545505,137.87743286870628,0.5554933712243489,0.7107213785351411,78180.51,32.09999999999127,0.5349999999998545,0.0,333.35920111992664,0.9898114483384276,0.9948607810809548,0.9921925385020272,78260.0,111.58999999999652,0.6199444444444251,0.0,374.1276443715428,0.9953790704237476,0.998012687579454,0.9966709697557248,78297.2,148.7899999999936,0.4959666666666453,0.0,314.6254481909196,0.9857012769672352,0.9922844362083244,0.988753005900374,78296.35,147.94000000000233,0.2465666666666705,0.0,194.9278056501317,0.912482384871976,0.9332735918588996,0.921286158910896,78230.6,82.19000000000233,0.0913222222222248,0.0,120.41940942897553,0.7989319466037323,0.8230449780439408,0.8087720395376158,78262.55,114.13999999999942,0.0634111111111108,0.0,107.02368288248525,0.7717469069483958,0.7950037016084396,0.7811914393715093,78653.48,505.0699999999924,0.1402972222222201,0.0,143.9245900361733,0.841670828893377,0.8660654348514789,0.8517246697675687,0.0120613369662453,True,0.7089693315168772,0.7186381811272753,0.8012133133336632,0.7029386630337546,0.7029386630337546,0.7655218543035734,0.01206133696624534,0.007276362254550528,0.5941226739324907,0.40587732606750926,0.555447275490899,0.444552724509101,0.5785572429297179,0.4214427570702821,0.40587732606750926,0.5941226739324907,0.0,0.613820261943881,0.6389592709309155,0.6501601309719405,0.677230258668664,0.5664693315168773,0.5604386630337546,0.7346095869103244,0.5044474537642327,0.6377193315168772,0.6686315989101264,0.6068070641236282,0.6594591086891697,0.5604386630337546,0.6243636306905702,0.5892681526919706,0.6413821106245066,0.6625523006135052,0.5604386630337546,0.6475241249720395,0.5604386630337546,train,hazard_primary_0.55,2,74.0,-72.0,-74.0,0.74
KXBTC15M-26MAY011330-30,KXBTC15M-26MAY011330-30|2026-05-01T17:23:00+00:00,v21_native_passive_ticker_minute,KXBTC15M-26MAY011330-30|2026-05-01T17:23:00+00:00|no,2026-05-01 17:23:00.594767+00:00,2026-05-01 17:23:00+00:00,no,no,True,True,1,72.0,71.0,71.5,0.715,28.5,43.0,1.0,78241.99,78284.99,419.405233,,104496,synced,coinbase_close_vs_recorded_strike,C:\Users\organ\Desktop\KALSHI PROBABILITY MODEL BOT\logs\edge_research\coinbase_btc_usd_1m_cache.parquet,2026-05-01 17:30:00+00:00,-1.0,43.0,2.0996723690595744,16.263992235719208,,,81.52293440819494,0.5274589330248336,0.7010625362028239,80.83425189066111,0.531952717990922,0.7026206282938403,108.74261271138008,0.3954291599938722,0.6537369038286048,126.18053778653272,0.3407815559697939,0.6333659817762015,78285.96,43.97000000000117,0.7328333333333528,0.0,350.3541349168415,0.999992686397604,0.999363206750425,0.9972535472244228,78315.05,73.05999999999767,0.405888888888876,0.0,213.23192401655012,0.9958288271446832,0.9750538692484052,0.954476026436587,78317.53,75.5399999999936,0.2517999999999786,0.0,148.60623766939105,0.9669987574489798,0.9141225982435008,0.8805472884210483,78261.73,19.739999999990687,0.0328999999999844,0.0,56.79843216569349,0.758863997664612,0.6992761970788599,0.673693894471959,78160.39,-81.60000000000582,-0.0906666666666731,81.60000000000582,4.973925541330615,0.5245323941919678,0.5182413999779334,0.5157218812069,78195.42,-46.570000000006985,-0.0258722222222261,46.570000000006985,32.14905461065948,0.6545801345393603,0.6162488532570244,0.6005558671065288,78443.9,201.9099999999889,0.056086111111108,0.0,66.52280849861816,0.794732704028508,0.729646937205882,0.7009738259770848,0.0123793717061596,True,0.7088103141469202,0.6843684519143024,0.7948731285809401,0.7026206282938403,0.7026206282938403,0.761685939977948,0.012379371706159659,0.06126309617139514,0.5947587434123194,0.4052412565876806,0.6925261923427903,0.30747380765720966,0.733268036447597,0.26673196355240303,0.30747380765720966,0.6925261923427903,1.0,0.6134068167819924,0.5498579749771862,0.6499534083909961,0.6751532841358943,0.5663103141469201,0.5601206282938404,0.680710065636716,0.3019411323325786,0.6375603141469202,0.668536188488152,0.6065844398056882,0.659247085529227,0.5601206282938404,0.6241096100365544,0.5889721345438818,0.6412336362246802,0.6623425931467145,0.5601206282938404,0.6204153469652782,0.5601206282938404,train,hazard_primary_0.55,2,74.0,28.0,26.0,0.74
KXBTC15M-26MAY011400-00,KXBTC15M-26MAY011400-00|2026-05-01T17:52:00+00:00,v21_native_passive_ticker_minute,KXBTC15M-26MAY011400-00|2026-05-01T17:52:00+00:00|yes,2026-05-01 17:52:00.800739+00:00,2026-05-01 17:52:00+00:00,yes,yes,True,True,1,68.0,67.0,67.5,0.675,32.5,35.0,1.0,78484.34,78444.4,479.199261,,105993,synced,coinbase_close_vs_recorded_strike,C:\Users\organ\Desktop\KALSHI PROBABILITY MODEL BOT\logs\edge_research\coinbase_btc_usd_1m_cache.parquet,2026-05-01 18:00:00+00:00,1.0,39.94000000000233,1.8245257233874383,14.13271548281318,,,84.66628524545537,0.4717344086162819,0.6814418131276514,123.21863668614318,0.3241392785552047,0.6270837045680545,108.78624859005764,0.3671419919121338,0.643243446978095,111.564821540879,0.3579981525392188,0.6398276519442326,78456.76,27.580000000001743,0.4596666666666957,0.0,260.21192697301626,0.982647781996603,0.9916205757862638,0.9901597321555264,78418.89,65.44999999999709,0.3636111111110949,0.0,214.1821757358279,0.9589147416516528,0.9755139802068986,0.9725584343076744,78457.79,26.55000000000291,0.0885000000000097,0.0,82.34913459850696,0.748034432697183,0.7754694084847449,0.7697817084471331,78488.19,-3.8500000000058208,-0.0064166666666763,3.8500000000058208,36.86513807524768,0.6176004610722325,0.6326487366759828,0.6294650826990912,78318.12,166.22000000000116,0.1846888888888901,0.0,128.4427790704696,0.8513862502867352,0.8811369485355449,0.8751922638096151,78285.96,198.3799999999901,0.1102111111111056,0.0,92.75308299843304,0.7742005411431906,0.8030643330535234,0.7971213172331406,78230.6,253.7399999999907,0.0704833333333307,0.0,73.71556124615108,0.7251634653118486,0.7509931545296384,0.7456111020163367,0.0479162954319455,True,0.6510418522840273,0.6591217234890475,0.6833727124217459,0.6270837045680545,0.6270837045680545,0.6752319979098529,0.04791629543194553,0.031756553021905054,0.745832590863891,0.254167409136109,0.71351310604381,0.28648689395619,0.7203446961115347,0.27965530388846527,0.254167409136109,0.745832590863891,0.0,0.5152088159384709,0.5362164810715234,0.5788544079692355,0.5861578512389538,0.4885418522840273,0.4645837045680546,0.6331487388234639,0.32897085240582735,0.5697918522840273,0.6118751113704164,0.5277085931976382,0.5888891363787031,0.4645837045680546,0.5438653035690969,0.4988414707594908,0.5730955756215103,0.5913551303077189,0.4645837045680546,0.5488662216957593,0.4645837045680546,train,fallback_score_min60,2,70.0,32.0,30.0,0.7
KXBTC15M-26MAY011415-15,KXBTC15M-26MAY011415-15|2026-05-01T18:02:00+00:00,v21_native_passive_ticker_minute,KXBTC15M-26MAY011415-15|2026-05-01T18:02:00+00:00|no,2026-05-01 18:02:00.495141+00:00,2026-05-01 18:02:00+00:00,no,no,True,True,1,75.0,74.0,74.5,0.745,25.5,49.0,1.0,78469.35,78551.63,779.504859,,106485,synced,coinbase_close_vs_recorded_strike,C:\Users\organ\Desktop\KALSHI PROBABILITY MODEL BOT\logs\edge_research\coinbase_btc_usd_1m_cache.parquet,2026-05-01 18:14:59.999999999+00:00,-1.0,82.27999999999884,2.947032122617945,22.827612663275197,,,123.38119293669828,0.6668763532073584,0.7475744417181358,111.17698414160934,0.7400812374546554,0.770374648667556,140.14737678915708,0.587096254564821,0.7214304685452135,132.7730672439119,0.6197039934977601,0.7322736569977266,78548.93,79.5799999999872,1.32633333333312,0.0,1116.1632779868326,1.0,0.9999999999999992,1.0,78550.0,80.64999999999418,0.4480555555555232,0.0,431.5414826574736,0.9999481083193252,0.9989622055826596,0.9994234181960888,78570.41,101.05999999999769,0.3368666666666589,0.0,344.8692035017928,0.9990388576045331,0.9930678661703138,0.9953038338009392,78484.34,14.989999999990689,0.0249833333333178,0.0,101.75462972733672,0.8199695514905148,0.7660973112338758,0.7782748996798073,78457.79,-11.560000000012224,-0.012844444444458,11.560000000012224,72.26769314438825,0.7421615974902661,0.6969522993112487,0.7068806955824534,78188.02,-281.33000000000175,-0.1562944444444454,281.33000000000175,-39.55227887915191,0.3610103051425196,0.3888877230893323,0.3828920947178932,78297.2,-172.15000000000873,-0.0478194444444468,172.15000000000873,45.00451070087195,0.6571879588297045,0.625941313802995,0.6326793641641986,-0.025374648667556,True,0.7576873243337781,0.7332152342726068,0.8381378354240298,0.745,0.745,0.8034201661211734,0.02537464866755601,0.023569531454786463,0.459250702664888,0.540749297335112,0.5571390629095729,0.44286093709042706,0.5354526860045468,0.46454731399545324,0.44286093709042706,0.5571390629095729,0.23120000000024446,0.7014870432678227,0.6378596091087776,0.7104935216339113,0.7358974073943646,0.630187324333778,0.6428746486675561,0.7714350958546724,0.5944131830955164,0.6939373243337781,0.7143623946002667,0.6735122540672892,0.7194164324450374,0.6428746486675561,0.6918635992675778,0.6643107660901183,0.696353194545174,0.7224814209137808,0.6428746486675561,0.7071548722611143,0.6428746486675561,train,hazard_primary_0.55,2,77.0,25.0,23.0,0.77
KXBTC15M-26MAY011430-30,KXBTC15M-26MAY011430-30|2026-05-01T18:21:00+00:00,v21_native_passive_ticker_minute,KXBTC15M-26MAY011430-30|2026-05-01T18:21:00+00:00|yes,2026-05-01 18:21:00.152555+00:00,2026-05-01 18:21:00+00:00,yes,yes,True,True,1,74.0,73.0,73.5,0.735,26.5,47.0,1.0,78600.19,78532.23,539.847445,,107581,synced,coinbase_close_vs_recorded_strike,C:\Users\organ\Desktop\KALSHI PROBABILITY MODEL BOT\logs\edge_research\coinbase_btc_usd_1m_cache.parquet,2026-05-01 18:30:00+00:00,1.0,67.9600000000064,2.924945949211186,22.656533899703536,,,163.5051901462986,0.4156442981363358,0.6611648467366952,131.53510556156695,0.5166681526567576,0.6973060843114748,112.09630786174304,0.6062643926134185,0.7278304003055521,112.69081882352344,0.6030659880680557,0.7267676041622473,78569.83,30.360000000000586,0.5060000000000097,0.0,341.12280717001164,0.9952483561894,0.9988293153667844,0.9987653092867068,78530.08,70.11000000000058,0.3895000000000032,0.0,278.2305798275081,0.982795984155472,0.993468869821241,0.9932249263596056,78565.25,34.94000000000233,0.1164666666666744,0.0,130.83423242767725,0.8400519915461244,0.8784269496810997,0.8771793963063029,78509.74,90.44999999999708,0.1507499999999951,0.0,149.34200233375378,0.8718914133841101,0.9086134596222588,0.907453662163324,78585.73,14.460000000006405,0.0160666666666737,0.0,76.63354894967691,0.7199217596579666,0.7528988219812625,0.7517584230670118,78456.76,143.43000000000757,0.0796833333333375,0.0,110.976843909092,0.8005829011289278,0.8389162088349569,0.8376364974931512,78270.0,330.1900000000023,0.091719444444445,0.0,117.47450774015954,0.8140992163411117,0.852675717293512,0.8513983775849784,0.0376939156885252,True,0.7161530421557374,0.7314152001527761,0.757452691952533,0.6973060843114748,0.6973060843114748,0.7447022236026674,0.037693915688525204,0.007169599694447859,0.6053878313770504,0.39461216862294957,0.5443391993888957,0.45566080061110426,0.5464647916755054,0.45353520832449457,0.39461216862294957,0.6053878313770504,0.0,0.6064979096049171,0.6461795203972178,0.6574989548024587,0.6680041539570711,0.5836530421557373,0.5648060843114748,0.7106634404649623,0.47861736777756203,0.6499030421557375,0.6839418252934424,0.6158642590180323,0.6657040562076498,0.5648060843114748,0.629210887053331,0.592717717899012,0.6548474260236643,0.6693200270915157,0.5648060843114748,0.6377347623882186,0.5648060843114748,train,hazard_primary_0.55,2,76.0,26.0,24.0,0.76
KXBTC15M-26MAY011445-45,KXBTC15M-26MAY011445-45|2026-05-01T18:36:00+00:00,v21_native_passive_ticker_minute,KXBTC15M-26MAY011445-45|2026-05-01T18:36:00+00:00|no,2026-05-01 18:36:00.624952+00:00,2026-05-01 18:36:00+00:00,no,no,True,True,1,73.0,72.0,72.5,0.725,27.5,45.0,1.0,78487.16,78550.9,539.375048,,108437,synced,coinbase_close_vs_recorded_strike,C:\Users\organ\Desktop\KALSHI PROBABILITY MODEL BOT\logs\edge_research\coinbase_btc_usd_1m_cache.parquet,2026-05-01 18:45:00+00:00,-1.0,63.73999999999069,2.7445214746066333,21.25897192892023,,,93.15031103669676,0.6842703936316453,0.7530977807016389,83.92051573023203,0.7595282207855714,0.7762316804975488,109.03545700900536,0.5845804818768846,0.720585082599238,114.54070325771364,0.556483400111289,0.7110597803590474,78535.18,48.01999999998952,0.8003333333331587,0.0,495.4198300825632,0.9999999982200172,0.9999972356839044,0.999992382851916,78514.7,27.5399999999936,0.1529999999999644,0.0,146.2643823439715,0.9593237454401397,0.9101109710777906,0.8991925641558051,78544.8,57.63999999999942,0.1921333333333313,0.0,167.37192588905629,0.9769463732923918,0.937610901245675,0.9280257665909484,78549.99,62.83000000000175,0.1047166666666695,0.0,120.22155710972558,0.924008842792124,0.8648976765274055,0.8530482385375516,78600.19,113.02999999999884,0.1255888888888875,0.0,131.4795129727011,0.9414093136285988,0.8860607547554866,0.8744919033279706,78585.73,98.56999999999243,0.0547611111111069,0.0,93.2767769340773,0.8668211588876829,0.8038550415459966,0.792279151304243,78237.34,-249.82000000000696,-0.0693944444444463,249.82000000000696,26.310368196834084,0.6230554122174543,0.5953390940805481,0.5908388031433089,-0.0512316804975487,True,0.7506158402487744,0.722792541299619,0.8260593512633134,0.725,0.725,0.7907587788077429,0.05123168049754878,0.004414917400761942,0.4475366390049025,0.5524633609950975,0.5588298348015239,0.44117016519847607,0.5778804392819052,0.42211956071809476,0.44117016519847607,0.5588298348015239,0.0,0.7091011846468134,0.6367606073790094,0.7033005923234067,0.7284952296526459,0.6131158402487744,0.6387316804975487,0.7735051149072527,0.6501579983243367,0.6818658402487743,0.6991195041492646,0.6646121763482841,0.7133211203316993,0.6387316804975487,0.6849519478824543,0.6565827754332093,0.6834412899794565,0.7166086946370154,0.6387316804975487,0.7061183977024007,0.6387316804975487,validation,hazard_primary_0.55,2,75.0,27.0,25.0,0.75
KXBTC15M-26MAY011500-00,KXBTC15M-26MAY011500-00|2026-05-01T18:51:00+00:00,v21_native_passive_ticker_minute,KXBTC15M-26MAY011500-00|2026-05-01T18:51:00+00:00|yes,2026-05-01 18:51:00.747628+00:00,2026-05-01 18:51:00+00:00,yes,yes,True,True,1,78.0,77.0,77.5,0.775,22.5,55.0,1.0,78494.73,78431.64,539.252372,,109234,synced,coinbase_close_vs_recorded_strike,C:\Users\organ\Desktop\KALSHI PROBABILITY MODEL BOT\logs\edge_research\coinbase_btc_usd_1m_cache.parquet,2026-05-01 19:00:00+00:00,1.0,63.08999999999651,2.716842706440311,21.044573112616817,,,82.99245113456813,0.7601896213150665,0.7764293760572725,87.78242872766025,0.7187087542967109,0.7638398058740172,85.26358844242279,0.7399407080151246,0.7703320138877567,99.41522161048395,0.6346110683853594,0.7371589462208233,78498.99,-4.260000000009313,-0.0710000000001552,4.260000000009313,24.803081587912807,0.6112397761665748,0.6144356674745575,0.5985090266004977,78449.46,45.26999999998952,0.2514999999999417,0.0,198.71197155796511,0.988203323795023,0.990111733084149,0.97718545108906,78425.11,69.61999999999534,0.2320666666666511,0.0,188.2325004621215,0.9839958628220477,0.98636579846155,0.9708474650571126,78462.43,32.30000000000291,0.0538333333333381,0.0,92.1197526926658,0.853005255849777,0.8600204885187965,0.8229370739423414,78487.16,7.569999999992433,0.0084111111111027,0.0,67.62571161781419,0.7794623519436693,0.7861510127228714,0.7518221576672075,78600.19,-105.4600000000064,-0.0585888888888924,105.4600000000064,31.49580269381681,0.6401253734990886,0.6440827235607007,0.6243063652260453,78456.76,37.97000000000117,0.0105472222222225,0.0,68.77761460134113,0.7833334962976037,0.7900650454773921,0.7554753683639082,0.0111601941259827,True,0.7694199029370086,0.7726660069438784,0.8409452228986883,0.7638398058740172,0.7638398058740172,0.8134511143266148,0.011160194125982792,0.004667986112243283,0.47232038825196554,0.5276796117480345,0.4593359722244865,0.5406640277755135,0.5256821075583533,0.4743178924416467,0.5276796117480345,0.47232038825196554,0.0,0.6929917476362224,0.7014316180540837,0.7227458738181112,0.7436454601003161,0.6569199029370086,0.6513398058740172,0.7887190755014183,0.6260791980302393,0.7131699029370087,0.7379019417622051,0.688437864111812,0.7300598705826781,0.6513398058740172,0.7021350491149282,0.6742102276471783,0.7172473267096278,0.7333816527721012,0.6513398058740172,0.7200294406877177,0.6513398058740172,validation,hazard_primary_0.55,2,80.0,22.0,20.0,0.8
KXBTC15M-26MAY011515-15,KXBTC15M-26MAY011515-15|2026-05-01T19:03:00+00:00,v21_native_passive_ticker_minute,KXBTC15M-26MAY011515-15|2026-05-01T19:03:00+00:00|yes,2026-05-01 19:03:00.928752+00:00,2026-05-01 19:03:00+00:00,yes,yes,True,True,1,71.0,69.0,70.0,0.7,30.0,40.0,2.0,78483.69,78422.21,719.071248,,109934,synced,coinbase_close_vs_recorded_strike,C:\Users\organ\Desktop\KALSHI PROBABILITY MODEL BOT\logs\edge_research\coinbase_btc_usd_1m_cache.parquet,2026-05-01 19:15:00+00:00,1.0,61.479999999995925,2.292703515458159,17.759205066321297,,,98.40098837298478,0.624790472296463,0.7339457076353263,115.74684387494096,0.5311591914024212,0.7023457653386285,105.29711881064377,0.5838716262555642,0.7203466579604172,115.6436398790247,0.531633214453561,0.7025099721124163,78421.93,61.76000000000931,1.0293333333334886,0.0,801.6440046081076,0.9999999999978332,0.9999999999999868,0.9999999999979255,78436.17,47.52000000000408,0.2640000000000226,0.0,251.3148094720122,0.9850436887455608,0.9915002989374904,0.9851167322314964,78400.86,82.83000000000175,0.2761000000000058,0.0,260.0155715728001,0.9876613154205248,0.9932320858745524,0.9877253166831694,78444.35,39.33999999999651,0.0655666666666608,0.0,108.62710482719174,0.8260033388250428,0.8488760091952592,0.8262183635113035,78449.46,34.229999999995925,0.0380333333333288,0.0,88.82867646559266,0.7785898140860974,0.8005535896186498,0.778793294676706,78514.7,-31.00999999999476,-0.0172277777777748,31.00999999999476,49.09200033306468,0.6642654142077526,0.6794722658124526,0.6644034174400139,78498.0,-14.309999999997672,-0.0039749999999993,14.309999999997672,58.62169178919639,0.6937347714578331,0.7111428308391465,0.6938933646770425,-0.0023457653386285,True,0.7011728826693142,0.7101733289802086,0.7966690269197177,0.7,0.7,0.7582359926856935,0.0023457653386285138,0.020346657960417236,0.5953084693227431,0.40469153067725694,0.5593066840791656,0.4406933159208344,0.5949800557751674,0.40501994422483256,0.40469153067725694,0.5953084693227431,0.0,0.613049494940217,0.6364506553485424,0.6415247474701085,0.670290879012161,0.5511728826693142,0.5523457653386284,0.7287051457534192,0.5034576622193094,0.6261728826693143,0.6557037296015884,0.5966420357370399,0.6515638435590856,0.5523457653386284,0.6164816877481025,0.5813995319371195,0.6291858014171243,0.6544477948289315,0.5523457653386284,0.6405254555460238,0.5523457653386284,validation,hazard_primary_0.55,2,73.0,29.0,27.0,0.73
KXBTC15M-26MAY011530-30,KXBTC15M-26MAY011530-30|2026-05-01T19:17:00+00:00,v21_native_passive_ticker_minute,KXBTC15M-26MAY011530-30|2026-05-01T19:17:00+00:00|no,2026-05-01 19:17:00.542202+00:00,2026-05-01 19:17:00+00:00,no,no,True,True,1,76.0,75.0,75.5,0.755,24.5,51.0,1.0,78432.21,78502.3,779.457798,,110686,synced,coinbase_close_vs_recorded_strike,C:\Users\organ\Desktop\KALSHI PROBABILITY MODEL BOT\logs\edge_research\coinbase_btc_usd_1m_cache.parquet,2026-05-01 19:30:00+00:00,-1.0,70.08999999999651,2.510497289716036,19.446228387538127,,,106.78926087470508,0.6563394055347241,0.7441971156944029,106.93623279273903,0.655437340268411,0.7439068915479028,104.18962445390638,0.6727157369782479,0.7494359230486322,103.743215161129,0.6756104473062269,0.7503559966464906,78489.53,57.31999999999243,0.9553333333332072,0.0,814.7320163558983,0.9999999999999872,0.9999999999999972,0.999999999999998,78501.54,69.3299999999872,0.3851666666665955,0.0,370.3111618629411,0.9997328221314444,0.9998104373683356,0.9998211667814648,78486.74,54.52999999999884,0.1817666666666627,0.0,211.76944574979348,0.9761669883856868,0.9789504258813762,0.9793887353140018,78541.03,108.81999999999243,0.181366666666654,0.0,211.45766263058667,0.9760028159022762,0.978798658892019,0.9792390026499924,78421.93,-10.280000000013388,-0.011422222222237,10.280000000013388,61.18685981838491,0.7164002550708484,0.7214869348806406,0.7223347574531502,78445.87,13.65999999998894,0.0075888888888827,0.0,76.00521862259171,0.7613812589769444,0.7671488017683283,0.7681074267723265,78478.01,45.79999999998836,0.0127222222222189,0.0,80.006435318994,0.7728210584474342,0.778724484979215,0.7797048539981741,0.0110931084520972,True,0.7494534457739515,0.7522179615243161,0.8250246266445299,0.7439068915479028,0.7439068915479028,0.7959054651415083,0.011093108452097211,0.005564076951367847,0.5121862169041944,0.4878137830958056,0.5011281539027357,0.4988718460972643,0.4992880067070189,0.5007119932929811,0.4878137830958056,0.5121862169041944,0.20560000000026776,0.6670789590122735,0.6742666999632219,0.6987894795061369,0.7209061783447056,0.6269534457739514,0.6214068915479029,0.7589068434510753,0.5443104819343207,0.6882034457739514,0.7149220674643708,0.6614848240835319,0.7067712610319353,0.6214068915479029,0.6765055737859321,0.6462398865399289,0.6922142929396689,0.7100827817536663,0.6214068915479029,0.6901568674994891,0.6214068915479029,validation,hazard_primary_0.55,2,78.0,24.0,22.0,0.78
KXBTC15M-26MAY011545-45,KXBTC15M-26MAY011545-45|2026-05-01T19:32:00+00:00,v21_native_passive_ticker_minute,KXBTC15M-26MAY011545-45|2026-05-01T19:32:00+00:00|no,2026-05-01 19:32:00.424871+00:00,2026-05-01 19:32:00+00:00,no,no,True,True,1,75.0,74.0,74.5,0.745,25.5,49.0,1.0,78372.75,78423.8,779.575129,,111482,synced,coinbase_close_vs_recorded_strike,C:\Users\organ\Desktop\KALSHI PROBABILITY MODEL BOT\logs\edge_research\coinbase_btc_usd_1m_cache.parquet,2026-05-01 19:45:00+00:00,-1.0,51.05000000000291,1.8283812493089264,14.162580258182764,,,36.7050490479098,1.3908168310405784,0.9178595110399832,95.7357843870426,0.5332384366708369,0.7030657312056522,100.05099423751356,0.5102398071009074,0.6950582664449412,99.80967043266833,0.5114734852715627,0.6954902249507084,78404.87,32.11999999999534,0.5353333333332557,0.0,468.3825523912757,0.9999995020582662,0.9999985756540276,0.99999865226354,78426.74,53.99000000000524,0.2999444444444735,0.0,284.8792289706367,0.998538309803214,0.997795689684002,0.9978428998956984,78445.12,72.36999999999534,0.2412333333333178,0.0,239.1095069524241,0.9937481056845006,0.9915729774433332,0.99170464444708,78402.28,29.52999999999884,0.0492166666666647,0.0,89.41808926561806,0.8248503882885474,0.8142655156748169,0.8148431816105899,78432.21,59.4600000000064,0.0660666666666737,0.0,102.55393018927512,0.8579643715192162,0.8473223230384269,0.8479062638716851,78421.93,49.179999999993015,0.0273222222222183,0.0,72.34972491345545,0.7750923253676052,0.7651995279672251,0.7657362245577948,78503.73,130.97999999999593,0.0363833333333322,0.0,79.41354177678537,0.7965913249443877,0.786323876661575,0.7868821863850314,0.0419342687943478,True,0.7240328656028261,0.7200291332224706,0.8139379456300508,0.7030657312056522,0.7030657312056522,0.7821693404985958,0.041934268794347807,0.04994173355505882,0.5938685375886956,0.4061314624113044,0.6098834671101176,0.39011653288988235,0.6090195500985831,0.3909804499014169,0.39011653288988235,0.6098834671101176,0.0,0.6139854505673479,0.6035757463784235,0.666742725283674,0.691617535852124,0.5965328656028261,0.5755657312056521,0.7482824867397262,0.5055062729797545,0.6602828656028261,0.6941697193616956,0.6263960118439564,0.6745438208037681,0.5755657312056521,0.6385180952959252,0.6024923697880823,0.665601663108169,0.6783542480860498,0.5755657312056521,0.6619241089726892,0.5755657312056521,validation,hazard_primary_0.55,2,77.0,25.0,23.0,0.77
KXBTC15M-26MAY011600-00,KXBTC15M-26MAY011600-00|2026-05-01T19:47:00+00:00,v21_native_passive_ticker_minute,KXBTC15M-26MAY011600-00|2026-05-01T19:47:00+00:00|yes,2026-05-01 19:47:00.201515+00:00,2026-05-01 19:47:00+00:00,yes,yes,True,True,1,67.0,66.0,66.5,0.665,33.5,33.0,1.0,78372.31,78329.1,779.798485,,112277,synced,coinbase_close_vs_recorded_strike,C:\Users\organ\Desktop\KALSHI PROBABILITY MODEL BOT\logs\edge_research\coinbase_btc_usd_1m_cache.parquet,2026-05-01 20:00:00+00:00,1.0,43.20999999999185,1.547366081270993,11.985846126497576,,,63.20302353571776,0.6836698243648534,0.7529081588399968,55.99881689811127,0.7716234448061926,0.7798312578325448,77.40625688307698,0.5582236080122185,0.7116541490293626,91.0102086036038,0.4747819026346109,0.6825287832757639,78350.43,21.880000000004657,0.3646666666667443,0.0,327.5765141967191,0.99999999753776,0.99998841437752,0.99984048592847,78351.06,21.25,0.1180555555555555,0.0,135.2695433680474,0.99214488418628,0.9597270390099674,0.9314016612869798,78364.02,8.289999999993597,0.0276333333333119,0.0,64.75843146880854,0.8762463183524851,0.7985925736994501,0.7616286608019875,78327.47,44.83999999999651,0.0747333333333275,0.0,101.48694011232064,0.9650304646580904,0.9050871296221964,0.867599642826764,78372.75,-0.4400000000023283,-0.0004888888888914,0.4400000000023283,42.82876518510094,0.7778093025273567,0.7099704831659808,0.68103428880154,78432.21,-59.90000000000873,-0.0332777777777826,59.90000000000873,17.260039304710286,0.621043102899984,0.5882244243391971,0.5752080967822201,78445.87,-73.55999999999767,-0.0204333333333326,73.55999999999767,27.276117623159024,0.6869005337953841,0.6377219013939748,0.6177985015063518,-0.1148312578325447,True,0.7224156289162724,0.6883270745146813,0.7736925253950101,0.665,0.665,0.7416986410202604,0.11483125783254478,0.0466541490293626,0.4403374843349104,0.5596625156650896,0.5766917019412747,0.4233082980587253,0.6349424334484721,0.3650575665515279,0.4233082980587253,0.5766917019412747,0.008800000000046566,0.7137806351823082,0.6251503937381714,0.6726403175911543,0.6937649494264027,0.5549156289162724,0.6123312578325448,0.730724892586767,0.6455271475003288,0.6386656289162724,0.6491993773497634,0.6281318804827813,0.6857208385550299,0.6123312578325448,0.6507540034041384,0.615787168253247,0.6390836983590148,0.6905062940019961,0.6123312578325448,0.671528075209656,0.6123312578325448,validation,hazard_primary_0.55,2,69.0,33.0,31.0,0.69
KXBTC15M-26MAY011615-15,KXBTC15M-26MAY011615-15|2026-05-01T20:03:00+00:00,v21_native_passive_ticker_minute,KXBTC15M-26MAY011615-15|2026-05-01T20:03:00+00:00|no,2026-05-01 20:03:00.432085+00:00,2026-05-01 20:03:00+00:00,no,no,True,True,1,76.0,75.0,75.5,0.755,24.5,51.0,1.0,78351.55,78411.55,719.567915,,113111,synced,coinbase_close_vs_recorded_strike,C:\Users\organ\Desktop\KALSHI PROBABILITY MODEL BOT\logs\edge_research\coinbase_btc_usd_1m_cache.parquet,2026-05-01 20:15:00+00:00,-1.0,60.0,2.236739232022246,17.325707590861853,,,96.72721733228164,0.620301107121539,0.732470216912835,122.90390159537944,0.4881862920636173,0.6872910533955316,93.2668126298128,0.6433156479587998,0.7399903476310664,89.46936657297084,0.6706205967275319,0.7487688709986735,78362.07,10.520000000004076,0.1753333333334012,0.0,186.1642410967155,0.9350775563799488,0.97703518771707,0.981272040949678,78374.85,23.30000000000291,0.1294444444444606,0.0,153.14406899723386,0.8936264761092801,0.9497049564722148,0.956523350275478,78473.72,122.16999999999824,0.4072333333333275,0.0,353.03204058516246,0.9979633157998308,0.9999232025327816,0.999960240084421,78375.92,24.369999999995343,0.0406166666666589,0.0,89.22645014757775,0.7660761694206668,0.8306354825298241,0.8406868845012527,78376.11,24.55999999999767,0.0272888888888863,0.0,79.63620888044258,0.7414930018068748,0.8034069595611741,0.8132924803457204,78368.21,16.660000000003492,0.0092555555555574,0.0,66.66000081327917,0.7062198929597248,0.7626101029499707,0.7718821220276331,78483.69,132.13999999999942,0.0367055555555553,0.0,86.41214008002765,0.7589992451245198,0.8229081216526248,0.832935210036752,0.0677089466044683,True,0.7211455266977658,0.7474951738155332,0.8134181230651207,0.6872910533955316,0.6872910533955316,0.7832799791786257,0.06770894660446836,0.01500965236893359,0.6254178932089367,0.3745821067910633,0.5200193047378672,0.47998069526213283,0.502462258002653,0.497537741997347,0.3745821067910633,0.6254178932089367,0.0,0.5934783694141911,0.6619874519203863,0.6619891847070957,0.6862855162870787,0.5986455266977658,0.5647910533955316,0.745238189857732,0.4743784383710464,0.6598955266977657,0.6979373160186595,0.621853737376872,0.6690273689303544,0.5647910533955316,0.6296678455808988,0.5903083222314432,0.6666438630041399,0.673602608910549,0.5647910533955316,0.6550146216266318,0.5647910533955316,validation,hazard_primary_0.55,2,78.0,24.0,22.0,0.78
KXBTC15M-26MAY011630-30,KXBTC15M-26MAY011630-30|2026-05-01T20:18:00+00:00,v21_native_passive_ticker_minute,KXBTC15M-26MAY011630-30|2026-05-01T20:18:00+00:00|no,2026-05-01 20:18:00.786201+00:00,2026-05-01 20:18:00+00:00,no,no,True,True,1,77.0,76.0,76.5,0.765,23.5,53.0,1.0,78255.6,78293.82,719.213799,,113919,synced,coinbase_close_vs_recorded_strike,C:\Users\organ\Desktop\KALSHI PROBABILITY MODEL BOT\logs\edge_research\coinbase_btc_usd_1m_cache.parquet,2026-05-01 20:30:00+00:00,-1.0,38.22000000000117,1.4251536094657893,11.03919239049678,,,69.56937237469346,0.5493796867125981,0.7086275443018301,67.21503050152941,0.5686228171708039,0.7151939315619629,97.58086503072565,0.3916751505325014,0.6523508735042126,85.68474983903171,0.4460537035096871,0.6722207730948401,78275.35,19.75,0.3291666666666666,0.0,274.96120883750115,0.9999785028027294,0.997582137942551,0.9993339813591676,78299.99,44.38999999999942,0.2466111111111078,0.0,215.58611409783217,0.9993303185694392,0.9864233619118552,0.9940658861052722,78306.11,50.50999999999476,0.1683666666666492,0.0,159.31162995828862,0.9911102538825902,0.9487246210361304,0.9685060121200264,78326.82,71.22000000000116,0.1187000000000019,0.0,123.59067794130256,0.9670229670484428,0.8973412076433532,0.925403564222151,78351.55,95.94999999999708,0.1066111111111078,0.0,114.89618223783218,0.956309919653362,0.880491195906902,0.910026383345394,78376.11,120.50999999999476,0.0669499999999971,0.0,86.37136384304907,0.9006039870448084,0.8119556695947046,0.8432759512380286,78447.54,191.93999999998775,0.0533166666666632,0.0,76.56608238334871,0.8726737470414831,0.7836683632170056,0.8142263734116792,0.0498060684380371,True,0.7400969657809815,0.7086754367521063,0.823768061814851,0.7151939315619629,0.7151939315619629,0.795280230245107,0.04980606843803714,0.1126491264957874,0.5696121368760743,0.43038786312392574,0.6952982529915748,0.3047017470084252,0.6555584538103201,0.3444415461896799,0.3047017470084252,0.6952982529915748,0.0,0.6297521110305517,0.5480561355554764,0.685626055515276,0.7082370809035348,0.6225969657809814,0.5976939315619629,0.7618190165574995,0.5294988885121847,0.6813469657809814,0.7148081794685889,0.6478857520933741,0.6926292877079753,0.5976939315619629,0.6575586387779434,0.6224879898479116,0.6874184866246923,0.6968411182672873,0.5976939315619629,0.6797564740597313,0.5976939315619629,validation,hazard_primary_0.55,2,79.0,23.0,21.0,0.79
KXBTC15M-26MAY011645-45,KXBTC15M-26MAY011645-45|2026-05-01T20:38:00+00:00,v21_native_passive_ticker_minute,KXBTC15M-26MAY011645-45|2026-05-01T20:38:00+00:00|no,2026-05-01 20:38:00.057794+00:00,2026-05-01 20:38:00+00:00,no,no,True,True,1,77.0,76.0,76.5,0.765,23.5,53.0,1.0,78118.4,78150.05,419.942206,,114978,synced,coinbase_close_vs_recorded_strike,C:\Users\organ\Desktop\KALSHI PROBABILITY MODEL BOT\logs\edge_research\coinbase_btc_usd_1m_cache.parquet,2026-05-01 20:45:00+00:00,-1.0,31.65000000000873,1.544468132182107,11.963398709378753,,,55.85450652484655,0.5666507855714277,0.7145242681962461,45.72661457882387,0.6921570794498734,0.7555806553648569,67.44922046184665,0.4692418946177722,0.6805516285490559,71.3640381645059,0.4435006876579805,0.6712981890305547,78116.41,-1.9899999999906868,-0.0331666666665114,1.9899999999906868,17.721916834407246,0.650830053485481,0.6036262716163617,0.5980609174395093,78109.5,-8.89999999999418,-0.0494444444444121,8.89999999999418,10.886190925577868,0.5940870719725454,0.5641101554505122,0.5606212491322994,78151.03,32.63000000000466,0.1087666666666822,0.0,77.32571393928191,0.9545857934488702,0.8741910682882368,0.8607153607341647,78175.24,56.84000000001106,0.0947333333333517,0.0,71.43252498174981,0.9408754591549854,0.8552129404117099,0.84157684970758,78161.39,42.99000000000524,0.0477666666666724,0.0,51.70923937327784,0.8709376497621708,0.7783520702230937,0.7656463575452994,78326.82,208.4200000000128,0.115788888888896,0.0,80.2746414303006,0.9604160225857752,0.8830061387118124,0.8696760834429178,78314.0,195.60000000000585,0.0543333333333349,0.0,54.46685985934275,0.8832009436469278,0.7903176545113739,0.7773355639123373,0.0094193446351431,True,0.7602903276824284,0.722775814274528,0.8250554829379091,0.7555806553648569,0.7555806553648569,0.800091355299231,0.009419344635143156,0.08444837145094408,0.4888386892702863,0.5111613107297137,0.6388967429018881,0.36110325709811186,0.6574036219388906,0.34259637806110943,0.36110325709811186,0.6388967429018881,0.0,0.6822548519743139,0.5847171171137726,0.711877425987157,0.730836005332044,0.6427903276824285,0.6380806553648568,0.7747074863722024,0.6066198900746007,0.7015403276824284,0.7269241966094571,0.6761564587553996,0.7195537702432379,0.6380806553648568,0.6906845757349958,0.6618153812267535,0.7055081128840377,0.7228504155155501,0.6380806553648568,0.7063940708685297,0.6380806553648568,validation,hazard_primary_0.55,2,79.0,23.0,21.0,0.79
KXBTC15M-26MAY011700-00,KXBTC15M-26MAY011700-00|2026-05-01T20:46:00+00:00,v21_native_passive_ticker_minute,KXBTC15M-26MAY011700-00|2026-05-01T20:46:00+00:00|yes,2026-05-01 20:46:00.762773+00:00,2026-05-01 20:46:00+00:00,yes,no,True,False,1,63.0,62.0,62.5,0.625,37.5,25.0,1.0,78020.28,77986.13,839.237227,,115260,synced,coinbase_close_vs_recorded_strike,C:\Users\organ\Desktop\KALSHI PROBABILITY MODEL BOT\logs\edge_research\coinbase_btc_usd_1m_cache.parquet,2026-05-01 21:00:00+00:00,1.0,34.14999999999418,1.178822286643191,9.13111816861445,,,157.51960315871162,0.216798413119323,0.5858172756509658,114.66978379712208,0.2978116716467661,0.6170765470678825,115.44182223633,0.2958200012650791,0.6163162262681718,110.04955070611562,0.3103147607680002,0.6218391963207138,77978.3,41.979999999995925,0.6996666666665987,0.0,621.3363131576037,0.9999999699466308,0.9999999632189795,0.999999991787311,77941.23,79.05000000000291,0.4391666666666828,0.0,402.7150155241744,0.9997775875781996,0.9997571008303324,0.9998735953739596,78010.01,10.270000000004076,0.0342333333333469,0.0,62.87988773763891,0.7082763299621229,0.7070162753614617,0.7161282669405662,78131.97,-111.69000000000231,-0.1861500000000038,111.69000000000231,-122.07400980605904,0.1435352846604576,0.1451530228040891,0.1336581454480825,78126.0,-105.72000000000116,-0.1174666666666679,105.72000000000116,-64.43239959827356,0.2870937165887443,0.2883752785679358,0.2791107075524233,78262.45,-242.16999999999825,-0.1345388888888879,242.16999999999825,-78.76004403477724,0.2460910937988205,0.2475408227948259,0.2370950944002835,78350.43,-330.1499999999942,-0.0917083333333317,330.1499999999942,-42.8150473594628,0.3544339781531713,0.3553635066456845,0.3486186734984197,0.0079234529321174,True,0.6210382735339413,0.6206581131340859,0.6501176256766684,0.6170765470678825,0.6170765470678825,0.6392782301127894,0.007923452932117492,0.00868377373182816,0.765846905864235,0.23415309413576502,0.7673675474636563,0.23263245253634368,0.7563216073585723,0.24367839264142765,0.23263245253634368,0.7673675474636563,1.0,0.5021995111882472,0.5012110941486234,0.5448497555941236,0.5531773885903359,0.43353827353394125,0.4295765470678825,0.5501935395263658,0.1049807271319773,0.5272882735339413,0.5663729641203648,0.48820358294751776,0.557217698045255,0.4295765470678825,0.5120607627275706,0.46690382740988634,0.5283753023833955,0.5584321706969617,0.4295765470678825,0.4898850432971242,0.4295765470678825,validation,fallback_score_min60,2,65.0,-63.0,-65.0,0.65
KXBTC15M-26MAY011715-15,KXBTC15M-26MAY011715-15|2026-05-01T21:03:00+00:00,v21_native_passive_ticker_minute,KXBTC15M-26MAY011715-15|2026-05-01T21:03:00+00:00|yes,2026-05-01 21:03:00.322165+00:00,2026-05-01 21:03:00+00:00,yes,yes,True,True,1,80.0,79.0,79.5,0.795,20.5,59.0,1.0,77962.79,77873.81,719.677835,,116151,synced,coinbase_close_vs_recorded_strike,C:\Users\organ\Desktop\KALSHI PROBABILITY MODEL BOT\logs\edge_research\coinbase_btc_usd_1m_cache.parquet,2026-05-01 21:15:00+00:00,1.0,88.97999999999593,3.316830953968123,25.6920620938076,,,103.30624317992924,0.8613225809113859,0.8054697988427809,207.67807658738312,0.428451579782214,0.6658388106068358,161.5980131184443,0.5506255818552513,0.7090548157466695,129.95031457446595,0.6847232366567867,0.7532407084233421,77897.74,65.04999999998836,1.0841666666664729,0.0,869.2307194456896,0.9999857712759814,0.9999999625432184,0.9999999999887608,77872.81,89.97999999999593,0.4998888888888662,0.0,448.7389532960907,0.9846424019111047,0.9972558627311796,0.9997229676936984,77803.99,158.79999999998836,0.5293333333332946,0.0,469.92946732663466,0.9881753236827882,0.9981813463108582,0.9998505342311076,77780.81,181.97999999999595,0.3032999999999932,0.0,307.258287355491,0.9304957168089578,0.9713734895442828,0.9909710549155908,78012.02,-49.23000000001048,-0.0547000000000116,49.23000000001048,49.61362242548755,0.5944071862492035,0.620585455450039,0.6486911228611797,78151.03,-188.24000000000524,-0.1045777777777806,188.24000000000524,13.717691299771616,0.5263320535050912,0.5338246835631625,0.5420346841061991,78351.55,-388.7600000000093,-0.1079888888888914,388.7600000000093,11.262790240382955,0.5216248232333204,0.5277823229521214,0.5345330776269419,0.1291611893931642,True,0.7304194053034179,0.7520274078733348,0.8163380447632079,0.6658388106068358,0.6658388106068358,0.7948867079186084,0.12916118939316423,0.08594518425333053,0.6683223787863284,0.3316776212136716,0.581890368506661,0.418109631493339,0.49351858315331576,0.5064814168466842,0.3316776212136716,0.6683223787863284,0.9846000000002095,0.5655904537888865,0.6217712604706703,0.6700452268944435,0.6893627592627222,0.6279194053034179,0.5633388106068358,0.6993244700399652,0.2335751535819085,0.6791694053034179,0.7255016431820507,0.632837167424785,0.6747258737378905,0.5633388106068358,0.6273339588400844,0.5799420439422782,0.6910489684239391,0.6827618384997389,0.5633388106068358,0.6313316403234005,0.5633388106068358,validation,hazard_primary_0.55,2,82.0,20.0,18.0,0.82
KXBTC15M-26MAY011730-30,KXBTC15M-26MAY011730-30|2026-05-01T21:22:00+00:00,v21_native_passive_ticker_minute,KXBTC15M-26MAY011730-30|2026-05-01T21:22:00+00:00|yes,2026-05-01 21:22:00.406559+00:00,2026-05-01 21:22:00+00:00,yes,yes,True,True,1,79.0,78.0,78.5,0.785,21.5,57.0,1.0,77987.66,77944.16,479.593441,,117215,synced,coinbase_close_vs_recorded_strike,C:\Users\organ\Desktop\KALSHI PROBABILITY MODEL BOT\logs\edge_research\coinbase_btc_usd_1m_cache.parquet,2026-05-01 21:30:00+00:00,1.0,43.5,1.9863356602407245,15.386089864180478,,,42.99459427202288,1.0117550993685267,0.8441724183206292,60.57200441977149,0.718153549922826,0.7636686925436584,126.36782285602212,0.3442331996932634,0.6346645417471609,105.04220557153748,0.4141192558107032,0.6606066143243154,77965.76,21.90000000000873,0.3650000000001455,0.0,218.5516059650698,0.9998457934313428,0.958139084541442,0.9812650788555688,77971.39,16.270000000004075,0.0903888888889115,0.0,86.84991825039975,0.9241895176532678,0.754046453727155,0.7958275445626086,77937.99,49.669999999998254,0.1655666666666608,0.0,122.90468738156387,0.9787742937067536,0.8346226359240649,0.8790096808369665,77947.24,40.419999999998254,0.0673666666666637,0.0,75.80861147536527,0.8946322135650688,0.7257150211761979,0.7647595094686169,77926.11,61.55000000000291,0.0683888888888921,0.0,76.29886254839045,0.8961002004258841,0.7270063523926263,0.7661921317695431,77955.85,31.80999999999767,0.0176722222222209,0.0,51.9754818656716,0.8045752000096644,0.6595748649213109,0.6896313591384164,78099.11,-111.44999999999708,-0.0309583333333325,111.44999999999708,28.652586389042057,0.6819053553628425,0.5896868738011937,0.6074858086346786,0.0213313074563415,True,0.7743343462718293,0.7098322708735805,0.8424809954168041,0.7636686925436584,0.7636686925436584,0.8173554665044482,0.021331307456341597,0.15033545825283912,0.47266261491268313,0.5273373850873169,0.7306709165056782,0.26932908349432183,0.6787867713513691,0.3212132286486309,0.26932908349432183,0.7306709165056782,0.0,0.6927693003067559,0.5250639042713092,0.7281346501533781,0.7475120795240533,0.6668343462718292,0.6561686925436585,0.7915892050131799,0.6252148144579922,0.7205843462718293,0.7463506077630975,0.694818084780561,0.7349457950291057,0.6561686925436585,0.7067555778239262,0.6785653606187465,0.7252502777297997,0.7384775573262173,0.6561686925436585,0.7238789487784192,0.6561686925436585,validation,hazard_primary_0.55,2,81.0,21.0,19.0,0.81
KXBTC15M-26MAY011745-45,KXBTC15M-26MAY011745-45|2026-05-01T21:31:00+00:00,v21_native_passive_ticker_minute,KXBTC15M-26MAY011745-45|2026-05-01T21:31:00+00:00|yes,2026-05-01 21:31:00.765314+00:00,2026-05-01 21:31:00+00:00,yes,yes,True,True,1,67.0,66.0,66.5,0.665,33.5,33.0,1.0,78050.67,78006.44,839.234686,,117668,synced,coinbase_close_vs_recorded_strike,C:\Users\organ\Desktop\KALSHI PROBABILITY MODEL BOT\logs\edge_research\coinbase_btc_usd_1m_cache.parquet,2026-05-01 21:45:00+00:00,1.0,44.229999999995925,1.526775656538601,11.826353382337794,,,137.38540842396833,0.3219410307643671,0.6262513157350627,97.86753410454196,0.4519374111618006,0.6743429638414964,106.85269364622852,0.4139343472840665,0.6605389056959639,141.8656044476898,0.3117739509318827,0.6223938389357978,78016.08,34.58999999999651,0.5764999999999418,0.0,528.0487964789471,0.9999999658422845,0.999999613054214,0.9999012434994862,78052.3,-1.6300000000046566,-0.0090555555555814,1.6300000000046566,36.630263676752,0.6459035265675828,0.6341296218603361,0.6018752567265894,77962.91,87.75999999999476,0.2925333333333159,0.0,289.7341201445146,0.9984641611013794,0.9966513104571926,0.9794398063850924,77965.76,84.91000000000349,0.1415166666666724,0.0,162.99569531376747,0.9520907459579906,0.936423349094786,0.8747105512095077,77932.13,118.5399999999936,0.131711111111104,0.0,154.7665329760344,0.943105312332508,0.9262488201731692,0.8623498465322064,77887.87,162.8000000000029,0.090444444444446,0.0,120.13411493377508,0.890185933700537,0.8695563794744285,0.8014512563663667,78126.0,-75.33000000000175,-0.0209250000000004,75.33000000000175,26.66901419544552,0.6073816409440553,0.5985465183634247,0.574556923838967,-0.0093429638414963,True,0.6696714819207482,0.6627694528479819,0.7792690416476252,0.665,0.665,0.7344957213727248,0.009342963841496355,0.004461094304036184,0.6513140723170074,0.34868592768299256,0.6789221886080723,0.3210778113919277,0.7552123221284044,0.2447876778715956,0.3210778113919277,0.6789221886080723,0.0,0.5766458529939452,0.558700577404753,0.6040729264969726,0.6374193426071106,0.5021714819207481,0.5068429638414964,0.702864314141024,0.4485323437931305,0.5859214819207482,0.6175528891524489,0.5542900746890475,0.6153953092276643,0.5068429638414964,0.5769689044388469,0.5385424996500295,0.5881965617077027,0.6178206106615104,0.5068429638414964,0.6048536389912602,0.5068429638414964,validation,fallback_score_min60,2,69.0,33.0,31.0,0.69
KXBTC15M-26MAY011800-00,KXBTC15M-26MAY011800-00|2026-05-01T21:49:00+00:00,v21_native_passive_ticker_minute,KXBTC15M-26MAY011800-00|2026-05-01T21:49:00+00:00|yes,2026-05-01 21:49:00.433559+00:00,2026-05-01 21:49:00+00:00,yes,yes,True,True,1,71.0,70.0,70.5,0.705,29.5,41.0,1.0,78150.0,78098.34,659.566441,,118562,synced,coinbase_close_vs_recorded_strike,C:\Users\organ\Desktop\KALSHI PROBABILITY MODEL BOT\logs\edge_research\coinbase_btc_usd_1m_cache.parquet,2026-05-01 22:00:00+00:00,1.0,51.66000000000349,2.011523573845723,15.581194604016222,,,46.436757124545046,1.112480784595908,0.8670342562481204,66.95361263321303,0.7715789778664911,0.7798180854390573,81.02078591873202,0.6376141556047248,0.7381375606536065,121.66770886170796,0.4245991026158154,0.6644355263475383,78120.62,29.380000000004657,0.4896666666667443,0.0,374.6277006097214,0.9999999889900096,0.9999981165592724,0.9989618839702482,78124.02,25.979999999995925,0.1443333333333107,0.0,146.8574229843219,0.985861449778256,0.9650524180420011,0.8862910472146084,78102.59,47.41000000000349,0.158033333333345,0.0,155.8934832260445,0.9900540447948398,0.9728300492050332,0.8999567783488092,78095.69,54.30999999999767,0.0905166666666627,0.0,111.3617556845176,0.951870531115822,0.9153542280416802,0.8199814144637644,78130.27,19.729999999995925,0.0219222222222176,0.0,66.11916208992272,0.8383102451381621,0.7927718177003077,0.7065867308156457,77971.39,178.61000000000058,0.0992277777777781,0.0,117.10731223723148,0.9598615169569472,0.925826990078292,0.8321051689571198,78008.0,142.0,0.0394444444444444,0.0,77.67623183944794,0.8770061243552154,0.8311500400128196,0.7384028728870101,-0.0748180854390573,True,0.7424090427195287,0.7215687803268032,0.8249573767446323,0.705,0.705,0.784456234590685,0.07481808543905732,0.03313756065360651,0.44036382912188543,0.5596361708781146,0.523724878692787,0.47627512130721295,0.6711289473049233,0.32887105269507666,0.47627512130721295,0.523724878692787,0.0,0.7137635110707744,0.6595788288496883,0.6946317555353873,0.7231371600148713,0.5949090427195286,0.6323180854390573,0.7699198516784965,0.6586415753575986,0.6686590427195287,0.6831954256317171,0.6541226598073401,0.7057120569593716,0.6323180854390573,0.675602693053672,0.6454933291479725,0.6696712182229756,0.709440405300023,0.6323180854390573,0.7011189685587769,0.6323180854390573,validation,hazard_primary_0.55,2,73.0,29.0,27.0,0.73
KXBTC15M-26MAY011815-15,KXBTC15M-26MAY011815-15|2026-05-01T22:01:00+00:00,v21_native_passive_ticker_minute,KXBTC15M-26MAY011815-15|2026-05-01T22:01:00+00:00|yes,2026-05-01 22:01:00.948669+00:00,2026-05-01 22:01:00+00:00,yes,yes,True,True,1,67.0,66.0,66.5,0.665,33.5,33.0,1.0,78240.0,78195.36,839.051331,,119165,synced,coinbase_close_vs_recorded_strike,C:\Users\organ\Desktop\KALSHI PROBABILITY MODEL BOT\logs\edge_research\coinbase_btc_usd_1m_cache.parquet,2026-05-01 22:15:00+00:00,1.0,44.63999999999942,1.541096806893364,11.937284535982853,,,42.927180173468656,1.0399005902463023,0.8508069558872624,73.9333883809299,0.603786746117992,0.7270072838189634,79.36952424949027,0.5624325006620675,0.7130893096600986,93.4724735348935,0.477573753125675,0.6835231921528033,78207.04,32.9600000000064,0.54933333333344,0.0,505.558864496089,0.9999999999959855,0.9999999999052916,0.9999999682472528,78185.61,54.38999999999942,0.3021666666666634,0.0,298.17334385049674,0.9999724653419436,0.9999139410065616,0.9992885347256198,78162.23,77.77000000000407,0.2592333333333469,0.0,262.1500733729108,0.9998042589341692,0.9995215576137888,0.997480810887196,78164.91,75.08999999999651,0.1251499999999941,0.0,149.64727407464454,0.9785191656064,0.9703154494295356,0.9453089859496706,78124.02,115.97999999999593,0.1288666666666621,0.0,152.76574818819563,0.980598124529614,0.972869092681645,0.9489061995934384,78050.67,189.33000000000172,0.1051833333333343,0.0,132.89421583235026,0.963870734853659,0.952971376034127,0.9224501555898472,77887.87,352.13000000000466,0.0978138888888901,0.0,126.71087366250885,0.9567220300179904,0.944807782708424,0.9123860633992592,-0.0620072838189633,True,0.6960036419094817,0.6890446548300493,0.7972705142510442,0.665,0.665,0.7505630369325229,0.062007283818963366,0.04808930966009861,0.5459854323620732,0.4540145676379268,0.5738213806798027,0.4261786193201973,0.6329536156943933,0.36704638430560665,0.4261786193201973,0.5738213806798027,0.0,0.6451094689646524,0.6270161025581282,0.6383047344823263,0.6717851603757432,0.5285036419094817,0.5595072838189634,0.7294644936963156,0.5539949935313437,0.6122536419094817,0.633352185145689,0.5911550986732743,0.650504855879309,0.5595072838189634,0.615932119987401,0.5813593840954931,0.6135856378236232,0.6535702968197413,0.5595072838189634,0.6444858887576395,0.5595072838189634,validation,hazard_primary_0.55,2,69.0,33.0,31.0,0.69
KXBTC15M-26MAY011830-30,KXBTC15M-26MAY011830-30|2026-05-01T22:21:00+00:00,v21_native_passive_ticker_minute,KXBTC15M-26MAY011830-30|2026-05-01T22:21:00+00:00|yes,2026-05-01 22:21:00.335139+00:00,2026-05-01 22:21:00+00:00,yes,yes,True,True,1,79.0,78.0,78.5,0.785,21.5,57.0,1.0,78368.02,78308.34,539.664861,,120253,synced,coinbase_close_vs_recorded_strike,C:\Users\organ\Desktop\KALSHI PROBABILITY MODEL BOT\logs\edge_research\coinbase_btc_usd_1m_cache.parquet,2026-05-01 22:30:00+00:00,1.0,59.68000000000757,2.569015614974558,19.89950938588654,,,63.12394959217124,0.9454414748377724,0.8277832317818843,61.68669626945033,0.9674695454482208,0.8333453207399792,60.50054150319208,0.9864374519170012,0.8380407527912017,66.85563815412925,0.8926696632888472,0.813982949558101,78370.77,-2.75,-0.0458333333333333,2.75,34.94536053750757,0.7144721912876681,0.71823427928349,0.6994080565077837,78335.36,32.66000000000349,0.1814444444444638,0.0,157.59919089035137,0.9946880581782146,0.9954052409702244,0.9907959622719134,78341.08,26.94000000000233,0.0898000000000077,0.0,108.14190451781177,0.960206127723188,0.96306788916589,0.9471194956593558,78287.66,80.36000000000058,0.1339333333333343,0.0,131.9591137166081,0.9837895627954572,0.9854128345376542,0.9757972920299288,78256.04,111.98000000001048,0.1244222222222338,0.0,126.82630126088053,0.9801075337961664,0.981971485751052,0.971087171664012,78164.91,203.11000000000055,0.1128388888888892,0.0,120.5751832876244,0.9746871153035668,0.9768671081441872,0.9643463575380552,77965.76,402.2600000000093,0.1117388888888914,0.0,119.98155194052563,0.9741134158369946,0.9763245720437236,0.9636441634119453,-0.0483453207399792,True,0.8091726603699896,0.8115203763956009,0.8595171494877224,0.785,0.785,0.8345448217666315,0.048345320739979214,0.053040752791201684,0.3333093585200415,0.6666906414799585,0.32391849441759657,0.6760815055824034,0.37203410088379796,0.627965899116202,0.6666906414799585,0.3333093585200415,0.0,0.783348916961973,0.7894529786285622,0.7734244584809865,0.7909450712533053,0.7016726603699897,0.7258453207399792,0.8227138859146274,0.7627112542522773,0.7554226603699896,0.7672535962219937,0.7435917245179855,0.7813968804933195,0.7258453207399792,0.7594165887427741,0.7374362969922287,0.7566398760973898,0.7846102848886292,0.7258453207399792,0.7742796033273033,0.7258453207399792,validation,hazard_primary_0.55,2,81.0,21.0,19.0,0.81
KXBTC15M-26MAY011845-45,KXBTC15M-26MAY011845-45|2026-05-01T22:34:00+00:00,v21_native_passive_ticker_minute,KXBTC15M-26MAY011845-45|2026-05-01T22:34:00+00:00|no,2026-05-01 22:34:00.447592+00:00,2026-05-01 22:34:00+00:00,no,no,True,True,1,67.0,66.0,66.5,0.665,33.5,33.0,1.0,78314.01,78339.19,659.552408,,120972,synced,coinbase_close_vs_recorded_strike,C:\Users\organ\Desktop\KALSHI PROBABILITY MODEL BOT\logs\edge_research\coinbase_btc_usd_1m_cache.parquet,2026-05-01 22:45:00+00:00,-1.0,25.180000000007567,0.9804626871265636,7.594631317637909,,,72.96511189403839,0.3450964350822149,0.6349890632932539,74.65174594306221,0.3372995458031572,0.6320544489713783,67.29328925049494,0.3741829279035037,0.6458658877332066,66.8913891129166,0.3764311121944597,0.6467017900780129,78349.99,35.98000000001048,0.5996666666668413,0.0,420.6915939974561,0.999999991266796,0.9999999997968824,0.9999999998404204,78358.61,44.60000000000582,0.2477777777778101,0.0,188.60242998225112,0.9942385868329584,0.9974661057027114,0.9975953152295748,78350.01,36.0,0.12,0.0,104.32628896000756,0.9188693206977804,0.9394679147938568,0.940577162379484,78406.19,92.18000000000757,0.1536333333333459,0.0,126.50923494908255,0.9549299130550436,0.969943784980184,0.9707054030331448,78328.02,14.010000000009311,0.015566666666677,0.0,35.44703248454773,0.6825466132116751,0.7008179043628278,0.7019160288454029,78242.86,-71.14999999999418,-0.0395277777777745,71.14999999999418,-0.8906410162125233,0.4952404873522137,0.494720068095898,0.4946883468180721,78130.27,-183.7399999999907,-0.0510388888888863,183.7399999999907,-8.482822068301836,0.4547647868752418,0.4498432148014623,0.44954346751665,0.0329455510286217,True,0.6485272244856892,0.6554329438666033,0.7386412565563862,0.6320544489713783,0.6320544489713783,0.7058901988309696,0.03294555102862173,0.0191341122667934,0.7358911020572434,0.2641088979427566,0.7082682245335867,0.29173177546641327,0.7065964198439743,0.29340358015602575,0.2641088979427566,0.7358911020572434,0.0,0.5216707836627917,0.5396256540531686,0.5765853918313959,0.601972323901174,0.4810272244856892,0.4645544489713784,0.6658010886252452,0.35599583001253465,0.5647772244856892,0.6048663346914135,0.5246881142799649,0.5872029659809189,0.4645544489713784,0.5433217885874462,0.4994406111939734,0.5675391759453587,0.5894177433602039,0.4645544489713784,0.5651777687983118,0.4645544489713784,validation,fallback_score_min60,2,69.0,33.0,31.0,0.69
KXBTC15M-26MAY011900-00,KXBTC15M-26MAY011900-00|2026-05-01T22:49:00+00:00,v21_native_passive_ticker_minute,KXBTC15M-26MAY011900-00|2026-05-01T22:49:00+00:00|no,2026-05-01 22:49:00.281734+00:00,2026-05-01 22:49:00+00:00,no,no,True,True,1,77.0,76.0,76.5,0.765,23.5,53.0,1.0,78198.58,78240.46,659.718266,,121729,synced,coinbase_close_vs_recorded_strike,C:\Users\organ\Desktop\KALSHI PROBABILITY MODEL BOT\logs\edge_research\coinbase_btc_usd_1m_cache.parquet,2026-05-01 23:00:00+00:00,-1.0,41.88000000000466,1.6305248370427028,12.6299910788879,,,77.6480826429733,0.5393565246494152,0.7051795633613972,58.70884025644048,0.7133508312729843,0.7621856547582544,66.90949219176765,0.6259201591303879,0.7343163444081923,66.87975256941127,0.6261984889453565,0.7344076208863075,78207.78,9.19999999999709,0.1533333333332848,0.0,143.03680078663933,0.9925823695631456,0.9837321078340104,0.9837706643530972,78234.05,35.470000000001164,0.197055555555562,0.0,171.8811494167867,0.9982925356614578,0.994898323401902,0.9949151149220112,78236.96,38.38000000000466,0.1279333333333488,0.0,126.27995683028156,0.9842600457125424,0.9704416865336762,0.9704980471944016,78251.36,52.77999999999884,0.0879666666666647,0.0,99.9132167991367,0.9556075791322924,0.9323153284103955,0.9324021586102248,78314.01,115.42999999999302,0.1282555555555478,0.0,126.4925327159773,0.9844024018943328,0.9706545772282912,0.9707106948285472,78328.02,129.44000000000233,0.0719111111111124,0.0,89.32107352836107,0.9359233396878676,0.9090542481798304,0.9091513587652752,78150.0,-48.58000000000175,-0.0134944444444449,48.58000000000175,32.97746851048211,0.712843920398836,0.6889466527748445,0.6890240825628717,0.0028143452417456,True,0.7635928273791273,0.7496581722040961,0.8371485668235991,0.7621856547582544,0.7621856547582544,0.8080077055699848,0.0028143452417456194,0.030683655591807746,0.4756286904834912,0.5243713095165088,0.5313673111836155,0.46863268881638454,0.531184758227385,0.468815241772615,0.46863268881638454,0.5313673111836155,0.0,0.6908413511857306,0.6546112477306499,0.7161706755928654,0.7380966801641196,0.6460928273791272,0.6446856547582545,0.7839448365216357,0.6227973140877631,0.7048428273791272,0.7289056964274763,0.6807799583307781,0.7239571031721695,0.6446856547582545,0.6959245267802437,0.6678919503883178,0.7084824630891754,0.7271578284900384,0.6446856547582545,0.7143152456399451,0.6446856547582545,validation,hazard_primary_0.55,2,79.0,23.0,21.0,0.79
KXBTC15M-26MAY011915-15,KXBTC15M-26MAY011915-15|2026-05-01T23:02:00+00:00,v21_native_passive_ticker_minute,KXBTC15M-26MAY011915-15|2026-05-01T23:02:00+00:00|no,2026-05-01 23:02:00.224444+00:00,2026-05-01 23:02:00+00:00,no,no,True,True,1,72.0,71.0,71.5,0.715,28.5,43.0,1.0,78112.9,78145.51,779.775556,,122383,synced,coinbase_close_vs_recorded_strike,C:\Users\organ\Desktop\KALSHI PROBABILITY MODEL BOT\logs\edge_research\coinbase_btc_usd_1m_cache.parquet,2026-05-01 23:15:00+00:00,-1.0,32.61000000000058,1.1677933297263463,9.045688235684494,,,39.71803203894771,0.8210376578583511,0.794187590781728,64.11523243769325,0.5086154843420517,0.6944891134019047,67.41493619570807,0.4837206981155116,0.6857079491039054,70.02040019524884,0.4657214170308797,0.6792925398904073,78133.71,20.810000000012224,0.346833333333537,0.0,303.0621553394928,0.9999988597705688,0.9999965292581012,0.9999924832850776,78146.01,33.11000000000058,0.1839444444444476,0.0,176.0453814397809,0.9969815034200707,0.9954909943849743,0.9940348842555582,78161.39,48.49000000000524,0.1616333333333508,0.0,158.64772236814756,0.9933272799238008,0.9906962493850128,0.9882662156630088,78161.4,48.5,0.0808333333333333,0.0,95.64185744333392,0.9321134786353332,0.9220073732289802,0.9140170490962236,78217.3,104.40000000000872,0.1160000000000097,0.0,123.06396449600815,0.9725343054548168,0.9660349562248314,0.9605874723180798,78334.4,221.5,0.1230555555555555,0.0,128.56571425222282,0.9775307067826372,0.9717449218774584,0.966829893573915,78269.53,156.63000000000466,0.0435083333333346,0.0,66.53673481563493,0.8503109546941221,0.8381721097219487,0.8290068350836848,0.0205108865980953,True,0.7047445567009523,0.7003539745519527,0.8009387977752351,0.6944891134019047,0.6944891134019047,0.7645121900053315,0.0205108865980953,0.029292050896094546,0.6110217731961907,0.38897822680380933,0.6285841017921892,0.37141589820781085,0.6414149202191854,0.35858507978081455,0.37141589820781085,0.6285841017921892,0.0,0.6028358474224761,0.591420333835077,0.644667923711238,0.6725006517036181,0.5622445567009523,0.5519891134019046,0.7319100126857124,0.4883109547961894,0.6334945567009522,0.6660967340205713,0.6008923793813332,0.6538260756012697,0.5519891134019046,0.6175786635792688,0.581331251557268,0.6374358168496433,0.6569875690199378,0.5519891134019046,0.6419495630438086,0.5519891134019046,validation,hazard_primary_0.55,2,74.0,28.0,26.0,0.74
KXBTC15M-26MAY011930-30,KXBTC15M-26MAY011930-30|2026-05-01T23:19:00+00:00,v21_native_passive_ticker_minute,KXBTC15M-26MAY011930-30|2026-05-01T23:19:00+00:00|no,2026-05-01 23:19:00.754111+00:00,2026-05-01 23:19:00+00:00,no,no,True,True,1,80.0,79.0,79.5,0.795,20.5,59.0,1.0,78090.63,78142.33,659.245889,,123368,synced,coinbase_close_vs_recorded_strike,C:\Users\organ\Desktop\KALSHI PROBABILITY MODEL BOT\logs\edge_research\coinbase_btc_usd_1m_cache.parquet,2026-05-01 23:30:00+00:00,-1.0,51.69999999999709,2.013570444607044,15.59704959675709,,,73.208602790451,0.7062011570959883,0.7599684745435983,65.05333104277149,0.794732555140108,0.7866154545840428,64.41663532148456,0.8025877126611399,0.788893463675731,65.06803734492857,0.7945529342760576,0.786563197198074,78129.54,38.90999999998894,0.6484999999998157,0.0,479.2209590163756,0.9999999999999124,0.9999999999999494,0.9999999999999114,78138.58,47.94999999999709,0.2663888888888727,0.0,227.31577987526424,0.9997623456833058,0.9997913046125732,0.9997616416221292,78144.1,53.47000000000117,0.1782333333333372,0.0,169.19959228276633,0.9953515188522284,0.9956884297546296,0.995343547454458,78165.57,74.94000000000233,0.1249000000000038,0.0,134.03981153609965,0.9803227253726304,0.9812750836561832,0.980300475859314,78149.51,58.879999999990105,0.0654222222222112,0.0,94.82933104923428,0.927540685030837,0.929506419956819,0.9274952491640288,78198.58,107.94999999999708,0.0599722222222206,0.0,91.23644095419048,0.919615041822214,0.921663334928304,0.9195677354979406,78328.02,237.38999999999945,0.0659416666666665,0.0,95.17177266380531,0.9282636802103192,0.930221257353634,0.9282184293861228,0.0083845454159572,True,0.7908077272920214,0.7919467318378655,0.8589889911454237,0.7866154545840428,0.7866154545840428,0.8325549401456586,0.008384545415957234,0.006106536324269052,0.4267690908319144,0.5732309091680856,0.422213072648538,0.577786927351462,0.426873605603852,0.573126394396148,0.5732309091680856,0.4267690908319144,0.0,0.7226000909592556,0.7255615027784502,0.7485500454796279,0.7685851973648506,0.6883077272920215,0.6841154545840429,0.8103780310624671,0.6727660610533085,0.7395577272920215,0.7617346363752129,0.7173808182088299,0.7552436363893619,0.6841154545840429,0.7300378538661129,0.7048320713428639,0.7434620325708432,0.7584576017337257,0.6841154545840429,0.747246742823255,0.6841154545840429,validation,hazard_primary_0.55,2,82.0,20.0,18.0,0.82
KXBTC15M-26MAY011945-45,KXBTC15M-26MAY011945-45|2026-05-01T23:37:00+00:00,v21_native_passive_ticker_minute,KXBTC15M-26MAY011945-45|2026-05-01T23:37:00+00:00|yes,2026-05-01 23:37:00.102801+00:00,2026-05-01 23:37:00+00:00,yes,yes,True,True,1,62.0,61.0,61.5,0.615,38.5,23.0,1.0,78062.77,78051.28,479.897199,,124359,synced,coinbase_close_vs_recorded_strike,C:\Users\organ\Desktop\KALSHI PROBABILITY MODEL BOT\logs\edge_research\coinbase_btc_usd_1m_cache.parquet,2026-05-01 23:45:00+00:00,1.0,11.49000000000524,0.5245005176291155,4.062763539709469,,,40.29601223199658,0.2851398777093317,0.612231510200359,39.14545990690626,0.2935206286330566,0.6154378829287315,48.72296683863141,0.2358230778117366,0.5932150201829378,49.314555560182,0.2329940900710986,0.5921170025321147,78059.17,3.6000000000058208,0.060000000000097,0.0,40.2838319400518,0.8482790906262581,0.7958229405824842,0.7930000923169043,78067.99,-5.220000000001164,-0.0290000000000064,5.220000000001164,-2.427018770997865,0.4752814133897019,0.4801358537981769,0.4803739551541978,78057.6,5.169999999998254,0.0172333333333275,0.0,19.760228396102445,0.6931467553463906,0.6574681084688927,0.6556786433859825,78088.39,-25.619999999995343,-0.0426999999999922,25.619999999995343,-9.001610397291035,0.4090642008331615,0.4267122231383242,0.427581619893905,78087.19,-24.419999999998254,-0.0271333333333313,24.419999999998254,-1.5312106661938305,0.4843989843002297,0.4874645536550877,0.4876148831317573,78149.37,-86.59999999999127,-0.0481111111111062,86.59999999999127,-11.598387462992434,0.3835045144595324,0.4059220707833231,0.4070298691842539,78261.75,-198.97999999999595,-0.055272222222221,198.97999999999595,-15.03498462694422,0.3504596114428211,0.378820116044792,0.3802290606499751,-0.0004378829287314,True,0.6152189414643657,0.6041075100914689,0.6411948794250407,0.615,0.615,0.6307607159478975,0.00043788292873148116,0.021784979817062178,0.769124234142537,0.23087576585746294,0.8135699596341244,0.18643004036587563,0.8157659949357705,0.1842340050642295,0.18643004036587563,0.8135699596341244,0.4883999999999651,0.5000692478073508,0.47117952623781917,0.5382846239036755,0.5460992994383146,0.4227189414643657,0.42293788292873147,0.5679282925336456,0.202510441392109,0.5189689414643657,0.5573813648786194,0.480556518050112,0.5511252552858209,0.42293788292873147,0.5058040870175121,0.46048291874920333,0.5196965940790591,0.552133419521756,0.42293788292873147,0.49543308773118855,0.42293788292873147,validation,fallback_score_min60,2,64.0,38.0,36.0,0.64
KXBTC15M-26MAY012000-00,KXBTC15M-26MAY012000-00|2026-05-01T23:52:00+00:00,v21_native_passive_ticker_minute,KXBTC15M-26MAY012000-00|2026-05-01T23:52:00+00:00|yes,2026-05-01 23:52:00.712663+00:00,2026-05-01 23:52:00+00:00,yes,yes,True,True,1,78.0,77.0,77.5,0.775,22.5,55.0,1.0,78150.18,78120.6,479.287337,,125160,synced,coinbase_close_vs_recorded_strike,C:\Users\organ\Desktop\KALSHI PROBABILITY MODEL BOT\logs\edge_research\coinbase_btc_usd_1m_cache.parquet,2026-05-02 00:00:00+00:00,1.0,29.579999999987194,1.3511395050926254,10.465881603253338,,,18.760206640284636,1.5767416941169898,0.9425725137495532,51.23687804557333,0.5773185472713007,0.7181378566687736,46.07385987402469,0.6420126310420905,0.739567509098233,49.042964436753714,0.603144616964047,0.7267937563468705,78146.04,4.139999999999418,0.0689999999999903,0.0,62.65082625298255,0.8892913743504929,0.9130519858791936,0.8992814953288117,78151.01,-0.8300000000017462,-0.0046111111111208,0.8300000000017462,27.369952834926988,0.7033930996530428,0.723759041191617,0.7116055060553935,78135.16,15.019999999989524,0.0500666666666317,0.0,53.57631933910379,0.8521408258293691,0.877551872189694,0.8626793337072294,78125.66,24.519999999989523,0.0408666666666492,0.0,49.16687583871216,0.8313715566055885,0.8570438126847832,0.8419553342502191,78062.77,87.40999999998894,0.0971222222222099,0.0,76.12945125239241,0.9313383686292862,0.950766860936994,0.939704911375904,78087.19,62.98999999999069,0.0349944444444392,0.0,46.35239408755693,0.8171795062857773,0.842803130629658,0.8277059152187047,78161.4,-11.220000000001164,-0.0031166666666669,11.220000000001164,28.086221133003708,0.7082104117109707,0.7289336903078005,0.7165713546462024,0.0568621433312264,True,0.7465689283343868,0.7572837545491165,0.7817595608327143,0.7181378566687736,0.7181378566687736,0.773369522166506,0.05686214333122641,0.03543249090176703,0.5637242866624528,0.4362757133375472,0.520864981803534,0.479135018196466,0.546412487306259,0.453587512693741,0.4362757133375472,0.5637242866624528,0.0,0.6335792136694056,0.6614377618277029,0.6930396068347029,0.7007536894176398,0.6340689283343868,0.6056378566687737,0.7394970935002606,0.5214897959204842,0.6903189283343869,0.7241913570006321,0.6564464996681416,0.6995919044458491,0.6056378566687737,0.6644046715425929,0.6292174386393368,0.6969651518428125,0.7041223729913814,0.6056378566687737,0.6725674750845172,0.6056378566687737,validation,hazard_primary_0.55,2,80.0,22.0,20.0,0.8
KXBTC15M-26MAY012015-15,KXBTC15M-26MAY012015-15|2026-05-02T00:05:00+00:00,v21_native_passive_ticker_minute,KXBTC15M-26MAY012015-15|2026-05-02T00:05:00+00:00|yes,2026-05-02 00:05:00.825412+00:00,2026-05-02 00:05:00+00:00,yes,no,True,False,1,80.0,78.0,79.0,0.79,21.0,58.0,2.0,78268.66,78215.98,599.174588,,125809,synced,coinbase_close_vs_recorded_strike,C:\Users\organ\Desktop\KALSHI PROBABILITY MODEL BOT\logs\edge_research\coinbase_btc_usd_1m_cache.parquet,2026-05-02 00:15:00+00:00,1.0,52.68000000000757,2.1521328338542856,16.670349248687643,,,89.54844261280472,0.5882849378831603,0.7218294730983384,71.79437539742419,0.7337622161679479,0.7684531638545082,64.14938597495745,0.8212081721339112,0.7942361487869107,61.068498692374334,0.8626378759592096,0.8058317005983646,78285.16,-16.5,-0.275,16.5,-112.09301169999245,0.0592257471395247,0.040286184762543,0.0332136593545865,78248.91,19.75,0.1097222222222222,0.0,118.422767294452,0.950474448861386,0.9675572932046704,0.9737602441218302,78234.05,34.61000000000058,0.1153666666666686,0.0,121.80477496894206,0.9551117865791262,0.9712024798280124,0.9769545463133948,78138.13,130.52999999999884,0.217549999999998,0.0,183.0304316194064,0.994604114172847,0.9978358680563992,0.998637342462371,78144.08,124.58000000000176,0.1384222222222241,0.0,135.61907797005318,0.9705536217049504,0.9827472095042424,0.9868167216670528,78061.41,207.25,0.1151388888888888,0.0,121.66829631278534,0.9549316703452606,0.97106227126699,0.9768322944827016,78146.4,122.26000000000931,0.0339611111111137,0.0,73.02863475803133,0.845468851645581,0.8725264207451113,0.8841220364866025,0.0215468361454918,True,0.7792265819272541,0.7921180743934554,0.8378549834778782,0.7684531638545082,0.7684531638545082,0.8165583064721778,0.0215468361454918,0.004236148786910698,0.4630936722909835,0.5369063277090165,0.41152770242617853,0.5884722975738215,0.38833659880327076,0.6116634011967292,0.5369063277090165,0.4630936722909835,0.0,0.6989891130108606,0.7325069934229839,0.7339945565054303,0.750505735163343,0.6742265819272542,0.6634531638545083,0.7912489392430795,0.6324175063669291,0.7267265819272541,0.7520359491563524,0.7014172146981557,0.7406354425696722,0.6634531638545083,0.7129952102753061,0.68535497798094,0.731416885643889,0.7441683990356163,0.6634531638545083,0.7273510515487939,0.6634531638545083,validation,hazard_primary_0.55,2,82.0,-80.0,-82.0,0.82
KXBTC15M-26MAY012030-30,KXBTC15M-26MAY012030-30|2026-05-02T00:22:00+00:00,v21_native_passive_ticker_minute,KXBTC15M-26MAY012030-30|2026-05-02T00:22:00+00:00|yes,2026-05-02 00:22:00.660499+00:00,2026-05-02 00:22:00+00:00,yes,yes,True,True,1,74.0,73.0,73.5,0.735,26.5,47.0,1.0,78236.92,78203.41,479.339501,,126788,synced,coinbase_close_vs_recorded_strike,C:\Users\organ\Desktop\KALSHI PROBABILITY MODEL BOT\logs\edge_research\coinbase_btc_usd_1m_cache.parquet,2026-05-02 00:30:00+00:00,1.0,33.50999999999476,1.530568665880616,11.855733906365058,,,42.654486123309255,0.7856149035091214,0.7839534347286659,44.329558428517785,0.7559290276719143,0.7751541254949397,56.74383389770441,0.5905487468542449,0.7225885926518086,51.28112727872522,0.6534567740264343,0.7432690761084436,78200.36,36.55999999999767,0.6093333333332945,0.0,325.58753594264283,0.999999999999897,0.9999999952056654,0.9999999998916906,78192.66,44.25999999999476,0.2458888888888598,0.0,151.37425730142525,0.99968079440697,0.9961811250334728,0.9984206244772282,78184.44,52.479999999995925,0.1749333333333197,0.0,117.36245670825492,0.9959455186955825,0.9806934142770978,0.9889489638761344,78237.53,-0.6100000000005821,-0.0010166666666676,0.6100000000005821,33.02267150731096,0.7718447098738797,0.7197033655297855,0.7401972700860456,78250.67,-13.75,-0.0152777777777777,13.75,26.18675762360587,0.7226490074833993,0.6777767418269358,0.6952022623542313,78150.18,86.74000000000524,0.0481888888888918,0.0,56.60883795374061,0.8991988438777567,0.8407684028808942,0.865180055120072,78087.19,149.72999999999593,0.0415916666666655,0.0,53.44652874575255,0.8860263600355798,0.8268758763801635,0.8513465650196762,-0.0401541254949396,True,0.7550770627474699,0.7287942963259043,0.8353665480635074,0.735,0.735,0.7992353413875983,0.040154125494939685,0.01241140734819135,0.44969174901012066,0.5503082509898793,0.5548228146963827,0.4451771853036173,0.5134618477831128,0.48653815221688723,0.4451771853036173,0.5548228146963827,0.275,0.7077003631434216,0.6393651704473512,0.7081001815717107,0.7341947334412691,0.6225770627474698,0.6426541254949397,0.7670161664865862,0.5949028028594376,0.6888270627474699,0.7072962376484819,0.6703578878464578,0.7176027503299598,0.6426541254949397,0.6898657091453475,0.6621286679607351,0.6907272807140282,0.7207590715629999,0.6426541254949397,0.7048351459907629,0.6426541254949397,validation,hazard_primary_0.55,2,76.0,26.0,24.0,0.76
KXBTC15M-26MAY012045-45,KXBTC15M-26MAY012045-45|2026-05-02T00:31:00+00:00,v21_native_passive_ticker_minute,KXBTC15M-26MAY012045-45|2026-05-02T00:31:00+00:00|yes,2026-05-02 00:31:00.271314+00:00,2026-05-02 00:31:00+00:00,yes,yes,True,True,1,63.0,62.0,62.5,0.625,37.5,25.0,1.0,78306.71,78281.9,839.728686,,127199,synced,coinbase_close_vs_recorded_strike,C:\Users\organ\Desktop\KALSHI PROBABILITY MODEL BOT\logs\edge_research\coinbase_btc_usd_1m_cache.parquet,2026-05-02 00:45:00+00:00,1.0,24.810000000012224,0.8561646050572574,6.631822513998017,,,106.77747628981216,0.2323523730105184,0.5918678312536866,94.19203504897382,0.2633980674386387,0.6038781100039357,84.55999973449077,0.2934011362099448,0.6153922214609748,76.7242194922534,0.3233659483824037,0.6267909426664314,78279.04,27.67000000001281,0.4611666666668801,0.0,412.06487902719147,0.9999939209030668,0.9999994505505236,0.9999999607901932,78306.72,-0.0099999999947613,-5.555555552645172e-05,0.0099999999947613,24.76334840637,0.6036872454324459,0.6151813810993458,0.6265607027481197,78313.64,-6.929999999993015,-0.0230999999999767,6.929999999993015,5.412267353431776,0.5229105860771541,0.5255168987439085,0.5281187986554932,78200.36,106.35000000000582,0.1772500000000097,0.0,173.65190959352037,0.9673788645895254,0.9799924991812038,0.9881921951569708,78201.54,105.1700000000128,0.1168555555555697,0.0,122.93696211849084,0.9040831376202882,0.927005078008778,0.945457870921502,78230.61,76.10000000000582,0.042277777777781,0.0,60.31186278034827,0.7390136343441596,0.7621524265528317,0.784091553988113,78043.27,263.4400000000023,0.0731777777777784,0.0,86.2594791777461,0.8201096802414872,0.8461589865592358,0.8695527971683366,0.0211218899960643,True,0.6144390550019678,0.6201961107304874,0.5839295653603632,0.6038781100039357,0.5229105860771541,0.5982455502166115,0.021121889996064347,0.009607778539025169,0.7922437799921287,0.2077562200078713,0.7692155570780503,0.23078444292194966,0.7464181146671371,0.25358188533286286,0.2077562200078713,0.7922437799921287,0.0,0.4850415430051163,0.5000098878992673,0.5362707715025582,0.5260618301102736,0.4269390550019678,0.41637811000393565,0.5565211722173986,0.26004727861558674,0.5206890550019678,0.5624134330011807,0.4789646770027549,0.5484187400026238,0.41637811000393565,0.5015366546943931,0.4546545693861625,0.521632245747939,0.549406290814438,0.41637811000393565,0.48644964111066713,0.41637811000393565,validation,fallback_score_min60,2,65.0,37.0,35.0,0.65
KXBTC15M-26MAY012100-00,KXBTC15M-26MAY012100-00|2026-05-02T00:51:00+00:00,v21_native_passive_ticker_minute,KXBTC15M-26MAY012100-00|2026-05-02T00:51:00+00:00|yes,2026-05-02 00:51:00.668233+00:00,2026-05-02 00:51:00+00:00,yes,yes,True,True,1,79.0,77.0,78.0,0.78,22.0,56.0,2.0,78367.37,78317.17,539.331767,,128302,synced,coinbase_close_vs_recorded_strike,C:\Users\organ\Desktop\KALSHI PROBABILITY MODEL BOT\logs\edge_research\coinbase_btc_usd_1m_cache.parquet,2026-05-02 01:00:00+00:00,1.0,50.19999999999709,2.1616019153992188,16.743696438942457,,,99.23282312624566,0.5058810020564648,0.6935299051084127,67.58777377369319,0.7427378828615325,0.7711798052308544,75.6160824627033,0.663879936186295,0.7466164206704643,66.71510895398482,0.7524532416580682,0.7741107305566642,78317.1,50.26999999998952,0.8378333333331587,0.0,502.0701321180696,0.999999999999945,0.9999999999842868,0.9999999999999738,78296.35,71.01999999998952,0.3945555555554974,0.0,262.9963449574102,0.9999501215150036,0.999747460022496,0.9999596111107804,78346.73,20.639999999999414,0.068799999999998,0.0,87.30602556959604,0.9017768988597334,0.8758720451586829,0.904671749729778,78254.4,112.97000000000116,0.1882833333333352,0.0,151.7471828633148,0.9876219309677764,0.977615102164956,0.9885336801012052,78278.01,89.36000000000058,0.0992888888888895,0.0,103.74965188790856,0.9376124818442716,0.9149773106601284,0.9400406320672864,78200.36,167.00999999999476,0.0927833333333304,0.0,100.24099911481218,0.9309791669041804,0.9075233538106062,0.9335189797620462,78146.04,221.33000000000172,0.061480555555556,0.0,83.35841666391678,0.8912747346758383,0.8648539315534322,0.8942530874701822,0.0088201947691456,True,0.7755899026154272,0.7633082103352322,0.8176522346968627,0.7711798052308544,0.7711798052308544,0.8017093213412031,0.00882019476914564,0.03338357932953573,0.4576403895382912,0.5423596104617088,0.5067671586590714,0.4932328413409286,0.4517785388866715,0.5482214611133285,0.4932328413409286,0.5067671586590714,0.0,0.7025337468001106,0.6706013468716036,0.7302668734000555,0.7424445632860288,0.6655899026154273,0.6611798052308544,0.7779452823873739,0.6325373003476822,0.7205899026154272,0.7443539415692563,0.696825863661598,0.7374532034872363,0.6611798052308544,0.7104264500130585,0.6833996965388807,0.7245433471711266,0.7407241793176425,0.6611798052308544,0.7195625438091142,0.6611798052308544,validation,hazard_primary_0.55,2,81.0,21.0,19.0,0.81
KXBTC15M-26MAY012115-15,KXBTC15M-26MAY012115-15|2026-05-02T01:09:00+00:00,v21_native_passive_ticker_minute,KXBTC15M-26MAY012115-15|2026-05-02T01:09:00+00:00|yes,2026-05-02 01:09:00.498909+00:00,2026-05-02 01:09:00+00:00,yes,yes,True,True,1,79.0,78.0,78.5,0.785,21.5,57.0,1.0,78353.09,78317.62,359.501091,,129365,synced,coinbase_close_vs_recorded_strike,C:\Users\organ\Desktop\KALSHI PROBABILITY MODEL BOT\logs\edge_research\coinbase_btc_usd_1m_cache.parquet,2026-05-02 01:14:59.999999999+00:00,1.0,35.470000000001164,1.87072987615814,14.49061131122628,,,25.708821764198195,1.3796820533174443,0.9161577194989524,48.71397856979485,0.7281277580147062,0.7667323083574745,52.76535102990337,0.6722214352350178,0.749278631574301,52.74841199197476,0.672437304944794,0.7493473297816506,78334.38,18.70999999999185,0.3118333333331975,0.0,147.57442354345233,0.9987748246646142,0.9974194703141436,0.9974266342930328,78308.0,45.08999999999651,0.2504999999999805,0.0,125.52502329549418,0.9950136759956458,0.9913184898346044,0.991336465054568,78306.97,46.11999999999534,0.1537333333333178,0.0,90.73730105639558,0.9687445394247306,0.9572508650205116,0.95730106253733,78302.28,50.80999999999767,0.0846833333333294,0.0,65.91375072284977,0.9119844402459548,0.8942015191366857,0.8942748449421181,78342.05,11.039999999993595,0.0122666666666595,0.0,39.87988004959861,0.793507997514541,0.775114462805891,0.7751872263517061,78272.14,80.94999999999709,0.0449722222222206,0.0,51.63756295358391,0.8554311822075998,0.8361176829446617,0.836195339040127,78243.15,109.94000000000231,0.0305388888888895,0.0,46.44876387348473,0.8298315255362512,0.810648644623873,0.8107251851374118,0.0182676916425255,True,0.7758661541787373,0.7671393157871504,0.8401589492607351,0.7667323083574745,0.7667323083574745,0.8162686003921885,0.018267691642525508,0.03572136842569906,0.46653538328505095,0.533464616714949,0.5014427368513981,0.49855726314860194,0.5013053404366987,0.4986946595633013,0.49855726314860194,0.5014427368513981,0.0,0.6967520008647168,0.6740622210465913,0.7301260004323585,0.7485004543748316,0.6683661541787373,0.6592323083574745,0.7911150620636835,0.6303390706574221,0.7221161541787373,0.7472696925072423,0.6969626158502321,0.7369882055716497,0.6592323083574745,0.7092456035452456,0.6815030015188416,0.726604002686979,0.7404465081240245,0.6592323083574745,0.725173685210579,0.6592323083574745,validation,hazard_primary_0.55,2,81.0,21.0,19.0,0.81
KXBTC15M-26MAY012130-30,KXBTC15M-26MAY012130-30|2026-05-02T01:18:00+00:00,v21_native_passive_ticker_minute,KXBTC15M-26MAY012130-30|2026-05-02T01:18:00+00:00|no,2026-05-02 01:18:00.950287+00:00,2026-05-02 01:18:00+00:00,no,no,True,True,1,73.0,72.0,72.5,0.725,27.5,45.0,1.0,78327.48,78356.61,719.049713,,129837,synced,coinbase_close_vs_recorded_strike,C:\Users\organ\Desktop\KALSHI PROBABILITY MODEL BOT\logs\edge_research\coinbase_btc_usd_1m_cache.parquet,2026-05-02 01:30:00+00:00,-1.0,29.130000000004657,1.0863281310985022,8.414661520522253,,,64.50053320589865,0.4516241735090134,0.6742301238627368,50.64328016839699,0.5751997086907238,0.7174218801089428,67.67625057685581,0.43043164702104,0.6665591607228183,74.55870735915245,0.3906988336008055,0.6519900694371127,78333.94,6.460000000006403,0.1076666666667733,0.0,106.54768576641472,0.9823058017059164,0.9422994201270178,0.9235042301516908,78378.09,50.61000000000058,0.2811666666666699,0.0,231.3028109718403,0.999997529710138,0.9996843341329988,0.9990398547294496,78355.88,28.40000000000873,0.0946666666666957,0.0,97.20003949735892,0.9725273003341676,0.924534443692105,0.9038271434995292,78334.38,6.900000000008731,0.0115000000000145,0.0,37.39907169951512,0.7698887247605752,0.7097372778531462,0.692027541227348,78311.88,-15.599999999991269,-0.0173333333333236,15.599999999991269,16.666471641344966,0.6289582176658831,0.5972624773527913,0.5884403799298077,78296.35,-31.129999999990105,-0.0172944444444389,31.129999999990105,16.69443468573639,0.6291668662011867,0.5974223840402446,0.588586304208108,78192.53,-134.9499999999971,-0.0374861111111103,134.9499999999971,2.1756225640746827,0.5171331897527646,0.5128227900372463,0.5116394811721063,0.0075781198910571,True,0.7212109400544714,0.6957795803614091,0.8049830601477034,0.7174218801089428,0.7174218801089428,0.7722320240995164,0.007578119891057167,0.05844083927718169,0.5651562397821144,0.4348437602178856,0.6668816785543634,0.3331183214456366,0.6960198611257749,0.30398013887422515,0.3331183214456366,0.6668816785543634,0.31199999999982536,0.6326484441416256,0.5665269089396637,0.6650742220708128,0.6898269521042295,0.5837109400544713,0.5799218801089427,0.7276164001213137,0.4696964902513373,0.6524609400544714,0.6814765640326828,0.6234453160762599,0.6741145867392951,0.5799218801089427,0.6407765292523065,0.607438471765318,0.6560919528342121,0.6772554598455944,0.5799218801089427,0.6537691401151282,0.5799218801089427,validation,hazard_primary_0.55,2,75.0,27.0,25.0,0.75
KXBTC15M-26MAY012145-45,KXBTC15M-26MAY012145-45|2026-05-02T01:33:00+00:00,v21_native_passive_ticker_minute,KXBTC15M-26MAY012145-45|2026-05-02T01:33:00+00:00|yes,2026-05-02 01:33:00.594675+00:00,2026-05-02 01:33:00+00:00,yes,yes,True,True,1,77.0,76.0,76.5,0.765,23.5,53.0,1.0,78386.28,78343.9,719.405325,,130690,synced,coinbase_close_vs_recorded_strike,C:\Users\organ\Desktop\KALSHI PROBABILITY MODEL BOT\logs\edge_research\coinbase_btc_usd_1m_cache.parquet,2026-05-02 01:45:00+00:00,1.0,42.38000000000466,1.5800619991263023,12.239107617182734,,,47.55478190452491,0.8911827223830068,0.8135844240580108,48.078887806014855,0.8814679776078921,0.8109677106083142,48.80870307407859,0.8682877710494196,0.8073815924578651,64.41371232582146,0.6579344439214354,0.7447098716538876,78365.0,21.27999999999884,0.3546666666666472,0.0,297.5290885999907,0.999999999696018,0.999999999455612,0.999998072340984,78345.4,40.88000000000466,0.227111111111137,0.0,205.76494270002323,0.9999906442396196,0.9999875521359864,0.9992994579676588,78337.26,49.02000000000408,0.1634000000000136,0.0,159.93083010501442,0.999560162069404,0.9994748358431356,0.9934835555247348,78313.24,73.0399999999936,0.1217333333333226,0.0,129.95560822999698,0.99656381318583,0.9961224466652427,0.9781790830809888,78327.48,58.80000000000291,0.0653333333333365,0.0,89.381147900007,0.9684901091475514,0.9664687031239124,0.9173721690475152,78311.88,74.39999999999418,0.0413333333333301,0.0,72.11542010000232,0.93318495491975,0.9302307110532652,0.8685506835332923,78346.0,40.27999999999884,0.0111888888888885,0.0,50.42934624750443,0.8528850590497027,0.849245774499193,0.7831564014015003,-0.0459677106083141,True,0.7879838553041572,0.7861907962289325,0.8585092908925728,0.765,0.765,0.825702345596375,0.04596771060831417,0.0423815924578651,0.37806457878337163,0.6219354212166284,0.38523681508426977,0.6147631849157302,0.5105802566922248,0.48941974330777516,0.6147631849157302,0.38523681508426977,0.0,0.7542580237908084,0.7495960701952246,0.7478790118954043,0.7713350281023446,0.6704838553041571,0.6934677106083142,0.811395887718038,0.7218914374235688,0.7292338553041571,0.7435403131824943,0.7149273974258199,0.7564784737388761,0.6934677106083142,0.7323054005396727,0.7081323273404694,0.7307312807477886,0.7596924462208161,0.6934677106083142,0.7524317991631762,0.6934677106083142,validation,hazard_primary_0.55,2,79.0,23.0,21.0,0.79
KXBTC15M-26MAY012200-00,KXBTC15M-26MAY012200-00|2026-05-02T01:53:00+00:00,v21_native_passive_ticker_minute,KXBTC15M-26MAY012200-00|2026-05-02T01:53:00+00:00|no,2026-05-02 01:53:00.919203+00:00,2026-05-02 01:53:00+00:00,no,yes,True,False,1,65.0,64.0,64.5,0.645,35.5,29.0,1.0,78317.5,78332.89,419.080797,,131862,synced,coinbase_close_vs_recorded_strike,C:\Users\organ\Desktop\KALSHI PROBABILITY MODEL BOT\logs\edge_research\coinbase_btc_usd_1m_cache.parquet,2026-05-02 02:00:00+00:00,-1.0,15.389999999999418,0.7517782195936057,5.823249049054994,,,22.802942544625346,0.6749128964334844,0.7501344467700624,47.39234711039754,0.3247359740202223,0.6273095472007535,53.44324128609606,0.2879690608137445,0.6133147890817124,49.06182353440718,0.3136858537108057,0.623120177013323,78333.08,15.580000000001746,0.2596666666666957,0.0,124.2113136210116,0.9956152938699788,0.9899418756737668,0.9943249400301156,78337.96,20.460000000006403,0.1136666666667022,0.0,63.02551725901433,0.908218947803218,0.8808602689220189,0.9005364403521618,78336.99,19.49000000000524,0.0649666666666841,0.0,42.616282445106734,0.8157330198529207,0.7873941067183496,0.8074736166388905,78330.0,12.5,0.0208333333333333,0.0,24.12084993749942,0.6946101718350629,0.6741262394244112,0.6885137541825415,78366.35,48.85000000000582,0.0542777777777842,0.0,38.13677437050213,0.7895045197897979,0.7622608543188021,0.7815152275430746,78313.24,-4.259999999994761,-0.0023666666666637,4.259999999994761,14.398175447100638,0.6193629243286064,0.6061931331711994,0.6154185527905921,78366.16,48.66000000000349,0.0135166666666676,0.0,21.054575439449824,0.6715730827178614,0.653195239999924,0.666090696085939,0.0176904527992465,True,0.6361547736003768,0.6291573945408562,0.6960141890178914,0.6273095472007535,0.6273095472007535,0.6738394681308102,0.017690452799246525,0.031685210918287576,0.745380905598493,0.254619094401507,0.7733704218365751,0.22662957816342488,0.753759645973354,0.246240354026646,0.22662957816342488,0.7733704218365751,0.0,0.5155024113609795,0.49730922580622616,0.5625012056804899,0.5795745076657819,0.45865477360037676,0.4498095472007535,0.6348013775709609,0.33619239638679904,0.5474047736003768,0.586442864160226,0.5083666830405275,0.5740396981338357,0.4498095472007535,0.5299695157903984,0.4858993334469611,0.5493008262196021,0.5757770572256233,0.4498095472007535,0.5423054623858572,0.4498095472007535,validation,fallback_score_min60,2,67.0,-65.0,-67.0,0.67
KXBTC15M-26MAY012215-15,KXBTC15M-26MAY012215-15|2026-05-02T02:04:00+00:00,v21_native_passive_ticker_minute,KXBTC15M-26MAY012215-15|2026-05-02T02:04:00+00:00|yes,2026-05-02 02:04:00.272838+00:00,2026-05-02 02:04:00+00:00,yes,no,True,False,1,79.0,78.0,78.5,0.785,21.5,57.0,1.0,78354.64,78314.97,659.727162,,132490,synced,coinbase_close_vs_recorded_strike,C:\Users\organ\Desktop\KALSHI PROBABILITY MODEL BOT\logs\edge_research\coinbase_btc_usd_1m_cache.parquet,2026-05-02 02:15:00+00:00,1.0,39.669999999998254,1.5444719240697578,11.963428081214197,,,76.52819904665293,0.5183710121783308,0.6979002821394825,57.75429038843821,0.6868753772782873,0.7539193677567586,66.13982401312033,0.5997899237247564,0.7256768752550964,59.5458856852456,0.666208916761948,0.7473612128499814,78335.29,19.35000000000582,0.322500000000097,0.0,252.43200974506223,0.9999938101755336,0.9999323597987108,0.9999887883832548,78334.12,20.520000000004075,0.1140000000000226,0.0,114.8788964680132,0.97665476153473,0.9587984372694304,0.9731500795274886,78302.79,51.85000000000582,0.1728333333333527,0.0,153.69284449901107,0.9961062901244846,0.98993072521819,0.9950754481577015,78313.63,41.00999999999476,0.0683499999999912,0.0,84.76235152269248,0.9288986164637362,0.9000020073525263,0.9227014092323284,78344.76,9.880000000004657,0.0109777777777829,0.0,46.91233817840167,0.7916829345177399,0.7609278387123857,0.7846034133883418,78424.34,-69.69999999999709,-0.0387222222222206,69.69999999999709,14.12389822699932,0.5965981385976583,0.5845494630392691,0.5937466684053819,78306.97,47.669999999998254,0.0132416666666661,0.0,48.405887170147935,0.7990225317497242,0.767876659848498,0.7918672940476625,0.0310806322432414,True,0.7694596838783794,0.7553384376275483,0.8450085526270811,0.7539193677567586,0.7539193677567586,0.8178970683519244,0.031080632243241424,0.059323124744903644,0.4921612644864828,0.5078387355135172,0.5486462494898072,0.4513537505101928,0.5052775743000373,0.4947224256999627,0.4513537505101928,0.5486462494898072,0.0,0.6800951780837862,0.6433799378316253,0.7217975890418932,0.7429082180543415,0.6619596838783793,0.6464193677567587,0.7901809419032764,0.6074493645259657,0.7157096838783794,0.7434258103270276,0.687993557429731,0.7284462451711725,0.6464193677567587,0.6987595256686482,0.6690728061661239,0.7209525131147112,0.7322371866987355,0.6464193677567587,0.7183001548300175,0.6464193677567587,validation,hazard_primary_0.55,2,81.0,-79.0,-81.0,0.81
KXBTC15M-26MAY012230-30,KXBTC15M-26MAY012230-30|2026-05-02T02:20:00+00:00,v21_native_passive_ticker_minute,KXBTC15M-26MAY012230-30|2026-05-02T02:20:00+00:00|yes,2026-05-02 02:20:00.594180+00:00,2026-05-02 02:20:00+00:00,yes,no,True,False,1,70.0,69.0,69.5,0.695,30.5,39.0,1.0,78339.99,78311.84,599.40582,,133431,synced,coinbase_close_vs_recorded_strike,C:\Users\organ\Desktop\KALSHI PROBABILITY MODEL BOT\logs\edge_research\coinbase_btc_usd_1m_cache.parquet,2026-05-02 02:30:00+00:00,1.0,28.15000000000873,1.1497883963992777,8.90622262183387,,,21.42876996963006,1.3136544953305458,0.905518749587304,63.17356876882262,0.4455977483719631,0.6720560813368466,59.12332260963133,0.4761234443110108,0.6830067822195324,60.76244288860175,0.4632795961086895,0.6784180154593815,78323.16,16.830000000001746,0.2805000000000291,0.0,196.28333251002616,0.9990551725463348,0.9995497464301232,0.9993817839521644,78313.16,26.830000000001743,0.1490555555555652,0.0,117.49476750334787,0.9685481988790078,0.9765544717470392,0.9734234003991756,78291.56,48.43000000000757,0.1614333333333585,0.0,124.91407954202384,0.975997013173463,0.9826898411233358,0.980098029306369,78303.1,36.88999999999942,0.0614833333333323,0.0,65.00346783300814,0.8482522240441974,0.8642153037075141,0.8576446117188697,78335.99,4.0,0.0044444444444444,0.0,30.8140258666754,0.6871428011171207,0.6988800884290126,0.693965703761658,78337.96,2.029999999998836,0.0011277777777771,0.0,28.82599656367501,0.6759122826544333,0.6870682107784731,0.682394376312389,78312.91,27.080000000001743,0.0075222222222227,0.0,32.658863779342354,0.6974115816883142,0.7096578549912294,0.7045334632667062,0.0229439186631533,True,0.6835280406684232,0.6890033911097662,0.781017698170103,0.6720560813368466,0.6720560813368466,0.7443162270357465,0.022943918663153373,0.01199321778046758,0.6558878373263068,0.34411216267369316,0.6339864355609353,0.36601356443906474,0.643163969081237,0.35683603091876304,0.34411216267369316,0.6558878373263068,0.0,0.5736729057379005,0.587908816885392,0.6190864528689503,0.6471861541862965,0.5310280406684232,0.5195560813368465,0.7092274433031158,0.44171186399103946,0.6072780406684233,0.6423668244010539,0.5721892569357925,0.628870720891231,0.5195560813368465,0.5899394274231563,0.5510081339550817,0.6108608403676878,0.6317630607080851,0.5195560813368465,0.6143917623199812,0.5195560813368465,validation,fallback_score_min60,2,72.0,-70.0,-72.0,0.72
KXBTC15M-26MAY012245-45,KXBTC15M-26MAY012245-45|2026-05-02T02:34:00+00:00,v21_native_passive_ticker_minute,KXBTC15M-26MAY012245-45|2026-05-02T02:34:00+00:00|yes,2026-05-02 02:34:00.170322+00:00,2026-05-02 02:34:00+00:00,yes,yes,True,True,1,75.0,74.0,74.5,0.745,25.5,49.0,1.0,78297.93,78267.12,659.829678,,134211,synced,coinbase_close_vs_recorded_strike,C:\Users\organ\Desktop\KALSHI PROBABILITY MODEL BOT\logs\edge_research\coinbase_btc_usd_1m_cache.parquet,2026-05-02 02:45:00+00:00,1.0,30.80999999999767,1.1994323984099782,9.29076340788693,,,39.77991025424288,0.774511551260011,0.7806858300461561,45.79562877626044,0.6727716339592867,0.749453706704144,55.958300925674905,0.550588554161432,0.7090421215680831,60.72097649690217,0.5074029071579493,0.6940639268460195,78284.01,13.919999999998254,0.2319999999999709,0.0,183.8904852959785,0.9999703349363612,0.9994922658052644,0.9987709441965592,78263.44,34.48999999999069,0.1916111111110593,0.0,157.2406977456302,0.999702112644156,0.9975226323201972,0.9951950860113016,78265.21,32.71999999998661,0.109066666666622,0.0,102.77542354716822,0.987590845267197,0.9668686949478216,0.9547327708517568,78316.88,-18.95000000001164,-0.0315833333333527,18.95000000001164,9.970379336484877,0.5861742761795344,0.57070729230292,0.5652131170079643,78323.16,-25.23000000001048,-0.0280333333333449,25.23000000001048,12.312774693389994,0.6059826510100866,0.5870779817861889,0.5803450568939013,78354.64,-56.7100000000064,-0.0315055555555591,56.7100000000064,10.021699422561994,0.5866108197932889,0.5710673762314618,0.5655457565455577,78424.34,-126.41000000000348,-0.0351138888888898,126.41000000000348,7.6408140011137,0.5662543585351945,0.5543046874410433,0.5500686663310482,-0.004453706704144,True,0.7472268533520721,0.7270210607840415,0.8273481839904471,0.745,0.745,0.7948542810646827,0.004453706704144023,0.03595787843191689,0.501092586591712,0.49890741340828804,0.5819157568638338,0.4180842431361662,0.611872146307961,0.38812785369203895,0.4180842431361662,0.5819157568638338,0.5046000000002097,0.6742898187153872,0.621754758038508,0.6968949093576937,0.7211539938844134,0.619726853352072,0.6219537067041441,0.745015022405501,0.49674649793496584,0.6834768533520721,0.7080861120112432,0.6588675946929008,0.7054691378027628,0.6219537067041441,0.6759279820491854,0.646386826295608,0.6867534653338301,0.7085922654225069,0.6219537067041441,0.6834843645548225,0.6219537067041441,validation,hazard_primary_0.55,2,77.0,25.0,23.0,0.77
KXBTC15M-26MAY012300-00,KXBTC15M-26MAY012300-00|2026-05-02T02:51:00+00:00,v21_native_passive_ticker_minute,KXBTC15M-26MAY012300-00|2026-05-02T02:51:00+00:00|yes,2026-05-02 02:51:00.800728+00:00,2026-05-02 02:51:00+00:00,yes,no,True,False,1,78.0,77.0,77.5,0.775,22.5,55.0,1.0,78423.44,78377.62,539.199272,,135061,synced,coinbase_close_vs_recorded_strike,C:\Users\organ\Desktop\KALSHI PROBABILITY MODEL BOT\logs\edge_research\coinbase_btc_usd_1m_cache.parquet,2026-05-02 03:00:00+00:00,1.0,45.820000000006985,1.9732423885870327,15.284669818056244,,,101.8130164697896,0.4500406882022093,0.6736594487717331,71.0301466171656,0.6450782123112474,0.7405617488338203,60.05415487520924,0.7629780170118053,0.7772617468986003,57.79674961735301,0.7927781458881539,0.7860464543283359,78357.44,66.0,1.1,0.0,638.939199200007,1.0,1.0,1.0,78379.38,44.05999999999767,0.2447777777777648,0.0,177.80399957955555,0.9938465285663768,0.9984654341888888,0.9989523003685564,78396.68,26.760000000009317,0.089200000000031,0.0,93.91657506242372,0.9069504267846886,0.94107533123426,0.9479129266330036,78393.21,30.229999999995925,0.0503833333333265,0.0,72.98665665426998,0.8479179954984541,0.8878831759371574,0.8966723324529896,78310.17,113.27000000000407,0.12585555555556,0.0,113.68122393272051,0.9452522053971149,0.9708196355538936,0.9754034248632154,78338.2,85.24000000000524,0.0473555555555584,0.0,71.35408108071967,0.8424457423119207,0.8826152577071924,0.8915045422628347,78338.03,85.41000000000349,0.0237250000000009,0.0,58.61250272820751,0.7953646828492242,0.8354663137412172,0.8447358611784724,0.0344382511661797,True,0.7577808744169101,0.7761308734493002,0.8075040585395029,0.7405617488338203,0.7405617488338203,0.7910586100070838,0.03443825116617971,0.0022617468986002587,0.5188765023323594,0.4811234976676406,0.44547650620279944,0.5545234937972006,0.42790709134332827,0.5720929086566717,0.4811234976676406,0.5188765023323594,0.0,0.6627302734839664,0.7104402709681803,0.7076151367419832,0.7208101794204521,0.6452808744169102,0.6280617488338203,0.7616709597738479,0.5718185403461095,0.7015308744169102,0.7309185246501461,0.6721432241836741,0.7145411658892135,0.6280617488338203,0.6831683659224517,0.6517955659556898,0.7068919748590892,0.7183964182335995,0.6280617488338203,0.694866354303834,0.6280617488338203,validation,hazard_primary_0.55,2,80.0,-78.0,-80.0,0.8
KXBTC15M-26MAY012315-15,KXBTC15M-26MAY012315-15|2026-05-02T03:01:00+00:00,v21_native_passive_ticker_minute,KXBTC15M-26MAY012315-15|2026-05-02T03:01:00+00:00|yes,2026-05-02 03:01:00.224757+00:00,2026-05-02 03:01:00+00:00,yes,no,True,False,1,66.0,65.0,65.5,0.655,34.5,31.0,1.0,78388.2,78358.79,839.775243,,135632,synced,coinbase_close_vs_recorded_strike,C:\Users\organ\Desktop\KALSHI PROBABILITY MODEL BOT\logs\edge_research\coinbase_btc_usd_1m_cache.parquet,2026-05-02 03:15:00+00:00,1.0,29.41000000000349,1.0148771883537495,7.861204897879762,,,84.90927658489551,0.3463696922514498,0.6354675504299963,101.19353063616384,0.2906312272643757,0.6143333127104607,85.64065586219829,0.3434116624156429,0.6343556064613589,74.9778812952028,0.3922490138686432,0.6525628839605637,78358.1,30.09999999999127,0.5016666666665212,0.0,450.6972469048813,0.9999957821068556,0.9999999290051608,0.9999999990784824,78376.58,11.619999999995343,0.0645555555555296,0.0,83.62215735364845,0.7956996861426627,0.8355744392043156,0.8676371328296554,78424.65,-36.44999999999709,-0.1214999999999903,36.44999999999709,-72.62269202448836,0.2364830410093231,0.1982208847019709,0.1663753434506459,78423.44,-35.24000000000524,-0.058733333333342,35.24000000000524,-19.91279927220385,0.4220000976551954,0.4080687371526447,0.3952804536759561,78396.68,-8.479999999995925,-0.0094222222222176,8.479999999995925,21.497451043740625,0.5841177133300819,0.5991003771334862,0.6128355812925,78263.44,124.75999999999476,0.0693111111111082,0.0,87.61575517593438,0.8067065696298312,0.8468608842801515,0.8787084546293138,78334.12,54.08000000000175,0.0150222222222227,0.0,42.02529031707057,0.6610374643729412,0.6881865432503191,0.7124316343903427,0.0406666872895393,True,0.6346666563552303,0.6446778032306795,0.5019387845732612,0.6143333127104607,0.2364830410093231,0.5590966020150029,0.04066668728953937,0.020644393538641115,0.7713333745790787,0.2286666254209213,0.7312887870772822,0.2687112129227178,0.6948742320788726,0.30512576792112744,0.2286666254209213,0.7713333745790787,0.1695999999999185,0.49863330652359883,0.5246622883997666,0.5595666532617996,0.5177149573627318,0.46216665635523035,0.44183331271046067,0.5079832645570991,0.2183949295218699,0.5484166563552304,0.5910499938131382,0.5057833188973224,0.5703888751403071,0.44183331271046067,0.5241858010407104,0.4779827269411138,0.5507454162647405,0.5722352212430012,0.44183331271046067,0.4749082886337799,0.44183331271046067,validation,fallback_score_min60,2,68.0,-66.0,-68.0,0.68
KXBTC15M-26MAY012330-30,KXBTC15M-26MAY012330-30|2026-05-02T03:23:00+00:00,v21_native_passive_ticker_minute,KXBTC15M-26MAY012330-30|2026-05-02T03:23:00+00:00|yes,2026-05-02 03:23:00.712424+00:00,2026-05-02 03:23:00+00:00,yes,yes,True,True,1,71.0,70.0,70.5,0.705,29.5,41.0,1.0,78299.3,78277.2,419.287576,,136858,synced,coinbase_close_vs_recorded_strike,C:\Users\organ\Desktop\KALSHI PROBABILITY MODEL BOT\logs\edge_research\coinbase_btc_usd_1m_cache.parquet,2026-05-02 03:30:00+00:00,1.0,22.10000000000582,1.079285336701832,8.360108269704119,,,10.617944651822947,2.0813821059249515,0.9813005273886262,40.19654642176939,0.5497984769168389,0.7087711982789076,46.9741673208468,0.4704713518188964,0.6809908513684593,53.01658186972739,0.4168507138824991,0.6616061972934246,78299.88,-0.5800000000017462,-0.0096666666666957,0.5800000000017462,18.046886765326956,0.6732719449885627,0.6495802498362309,0.6332226410175537,78292.88,6.419999999998254,0.0356666666666569,0.0,37.05459021066842,0.8216927203809762,0.7848940510023408,0.7577004054675374,78279.03,20.270000000004075,0.0675666666666802,0.0,50.42986388507818,0.8951847307034613,0.8584913544814159,0.8292509219962922,78276.02,23.27999999999884,0.038799999999998,0.0,38.368357948805006,0.8300894429737509,0.7929777704685065,0.7653765255236644,78311.05,-11.75,-0.0130555555555555,11.75,16.6259677577836,0.6604226239565729,0.6383075247869979,0.6230873387211389,78459.24,-159.94000000000233,-0.0888555555555568,159.94000000000233,-15.156030503016945,0.353068938633028,0.3734816494336569,0.3874875439086637,78324.02,-24.720000000001164,-0.0068666666666669,24.720000000001164,19.22089197813902,0.6837363617413419,0.658796231869857,0.6415275657982822,-0.0037711982789075,True,0.7068855991394538,0.6929954256842297,0.7696519763274563,0.705,0.705,0.7441683056243644,0.003771198278907595,0.02400914863154069,0.5824576034421849,0.4175423965578151,0.6380182972630815,0.36198170273691854,0.6767876054131508,0.32321239458684925,0.36198170273691854,0.6380182972630815,0.235,0.6214025577625798,0.585288106778997,0.64845127888129,0.667469751951636,0.5593855991394537,0.5612711982789076,0.7036725452801459,0.4600608696281613,0.6331355991394538,0.6618813594836722,0.6043898387952353,0.6583474655192717,0.5612711982789076,0.6240171904205908,0.58968691532191,0.63616849562075,0.6612768724783371,0.5612711982789076,0.6324718717795268,0.5612711982789076,validation,hazard_primary_0.55,2,73.0,29.0,27.0,0.73
KXBTC15M-26MAY012345-45,KXBTC15M-26MAY012345-45|2026-05-02T03:42:00+00:00,v21_native_passive_ticker_minute,KXBTC15M-26MAY012345-45|2026-05-02T03:42:00+00:00|yes,2026-05-02 03:42:00.187347+00:00,2026-05-02 03:42:00+00:00,yes,yes,True,True,1,77.0,76.0,76.5,0.765,23.5,53.0,1.0,78406.07,78389.01,179.812653,,137839,synced,coinbase_close_vs_recorded_strike,C:\Users\organ\Desktop\KALSHI PROBABILITY MODEL BOT\logs\edge_research\coinbase_btc_usd_1m_cache.parquet,2026-05-02 03:45:00+00:00,1.0,17.060000000012224,1.2722395796517876,9.854725408754597,,,32.360168868377365,0.5271913156387574,0.7009696306080336,37.83760186921812,0.4508742403648731,0.6739599049046675,35.258726737167954,0.4838518454504609,0.6857544912501686,38.8830451532138,0.4387516443938333,0.6695792491669279,78420.89,-14.819999999992431,-0.2469999999998738,14.819999999992431,-27.3537252909651,0.2348631687124839,0.2189334993706606,0.2408760846059008,78439.08,-33.00999999999476,-0.1833888888888598,33.00999999999476,-15.91564264181588,0.3370125243936537,0.3258521398071144,0.3411520935867598,78455.51,-49.439999999987776,-0.1647999999999592,49.439999999987776,-12.573125214380454,0.3698344617529717,0.3606970906049322,0.3732122469020388,78377.08,28.99000000000524,0.0483166666666754,0.0,25.74794801746379,0.7519015218834906,0.7673835852960144,0.7460751399288088,78362.09,43.98000000001048,0.0488666666666783,0.0,25.84684497661432,0.7527279981092063,0.7682397980710789,0.7468893727333776,78268.54,137.5300000000134,0.076405555555563,0.0,30.798685648396894,0.7921690286177623,0.8088061481735025,0.7858445083247043,78381.47,24.60000000000582,0.0068333333333349,0.0,18.288719795512517,0.6855755801171892,0.6980151995252087,0.6809482401262236,0.0910400950953325,True,0.7194799524523338,0.7253772456250843,0.6029314555525463,0.6739599049046675,0.3698344617529717,0.6586548638219947,0.09104009509533251,0.07924550874983138,0.652080190190665,0.347919809809335,0.6284910174996627,0.37150898250033726,0.6608415016661442,0.3391584983338558,0.347919809809335,0.652080190190665,0.0,0.5761478763760677,0.5914808386252192,0.658823938188034,0.619307384363331,0.6019799524523337,0.5564599049046675,0.6169468448029282,0.38490325598463215,0.6607299524523338,0.7024379714714002,0.6190219334332672,0.6651399366031117,0.5564599049046675,0.6224578039318113,0.5797756712605109,0.6689740762733973,0.6706403079643398,0.5564599049046675,0.5867033748537978,0.5564599049046675,validation,hazard_primary_0.55,2,79.0,23.0,21.0,0.79
KXBTC15M-26MAY020000-00,KXBTC15M-26MAY020000-00|2026-05-02T03:47:00+00:00,v21_native_passive_ticker_minute,KXBTC15M-26MAY020000-00|2026-05-02T03:47:00+00:00|no,2026-05-02 03:47:00.981393+00:00,2026-05-02 03:47:00+00:00,no,yes,True,False,1,63.0,62.0,62.5,0.625,37.5,25.0,1.0,78374.09,78396.72,779.018607,,138097,synced,coinbase_close_vs_recorded_strike,C:\Users\organ\Desktop\KALSHI PROBABILITY MODEL BOT\logs\edge_research\coinbase_btc_usd_1m_cache.parquet,2026-05-02 04:00:00+00:00,-1.0,22.630000000004657,0.8107942095965737,6.280384941937872,,,24.84293898453157,0.910922818515764,0.8188319791373329,78.2543878644277,0.2891850619189577,0.6137801187049141,73.54720898737888,0.3076935251735806,0.6208422264852842,78.97564012287502,0.2865440528851118,0.6127692710385613,78383.98,9.889999999999418,0.1648333333333236,0.0,151.03823372049712,0.9732023322745604,0.9799938987434382,0.9720917810197568,78400.41,26.320000000006985,0.146222222222261,0.0,136.53983186803487,0.9594919089069324,0.968308294776134,0.958085197002512,78406.07,31.98000000001048,0.1066000000000349,0.0,105.67338350623189,0.9115533958560338,0.924614040999486,0.9095599891585348,78455.51,81.41999999999825,0.1356999999999971,0.0,128.34282496990238,0.9495048940517524,0.9595110507970606,0.9479287156150104,78377.08,2.9900000000052387,0.003322222222228,0.0,25.21807292770919,0.62637123254735,0.6341566839563195,0.6252560090910622,78248.57,-125.51999999998952,-0.0697333333333275,125.51999999998952,-31.69356419479081,0.3427362328855121,0.333260299865119,0.34409664984941,78387.01,12.919999999998254,0.0035888888888884,0.0,25.42581122290428,0.6273762669605989,0.6352186725851701,0.6262528133281078,0.0112198812950858,True,0.6193900593524571,0.6229211132426421,0.7167778381869826,0.6137801187049141,0.6137801187049141,0.678944714782681,0.011219881295085887,0.004157773514715801,0.7724397625901718,0.22756023740982823,0.7583155470294316,0.2416844529705684,0.7744614579228775,0.22553854207712254,0.22756023740982823,0.7724397625901718,0.0,0.49791415431638836,0.5070948944308694,0.5427070771581942,0.5713624167437975,0.43189005935245706,0.4262801187049141,0.6392007385236639,0.3187155769954316,0.5256400593524571,0.5653840356114742,0.48589608309343985,0.5550200791366094,0.4262801187049141,0.5094460468868095,0.46387201463700967,0.5266972160740703,0.556179360111739,0.4262801187049141,0.5327404286142889,0.4262801187049141,validation,fallback_score_min60,2,65.0,-63.0,-65.0,0.65
KXBTC15M-26MAY020015-15,KXBTC15M-26MAY020015-15|2026-05-02T04:05:00+00:00,v21_native_passive_ticker_minute,KXBTC15M-26MAY020015-15|2026-05-02T04:05:00+00:00|no,2026-05-02 04:05:00.390105+00:00,2026-05-02 04:05:00+00:00,no,no,True,True,1,75.0,74.0,74.5,0.745,25.5,49.0,1.0,78401.0,78434.29,599.609895,,139157,synced,coinbase_close_vs_recorded_strike,C:\Users\organ\Desktop\KALSHI PROBABILITY MODEL BOT\logs\edge_research\coinbase_btc_usd_1m_cache.parquet,2026-05-02 04:15:00+00:00,-1.0,33.2899999999936,1.359500587461819,10.530646268797648,,,49.22506691444017,0.6762814575317109,0.7505690184165499,64.18680375519561,0.5186424319702776,0.6979949432753877,58.82689999771921,0.5658975740908375,0.7142682946084589,61.12721165346347,0.5446019718471387,0.706986350857441,78405.01,4.009999999994761,0.066833333333246,0.0,73.36392798244125,0.8734755661260217,0.8938223911012961,0.8849661405233289,78424.36,23.360000000000586,0.129777777777781,0.0,111.10603970666222,0.958272287130932,0.9705336088271334,0.9654388802520896,78409.63,8.630000000004657,0.0287666666666821,0.0,50.53877797950291,0.7844674136451856,0.8048600842767093,0.7958192177134866,78403.3,2.3000000000029104,0.0038333333333381,0.0,35.58850459749651,0.7103652418599795,0.7274005061225901,0.7197853463398305,78381.0,-20.0,-0.0222222222222222,20.0,19.965335666660263,0.622118874230335,0.6328424988053043,0.6280221310262296,78442.29,41.2899999999936,0.0229388888888853,0.0,47.0443847580748,0.7681992034062008,0.7880602095372208,0.7792356815740773,78371.01,-29.99000000000524,-0.008330555555557,29.99000000000524,28.294916458034397,0.6703288488273355,0.6847367824186125,0.6782768761873388,0.0470050567246123,True,0.7214974716376938,0.7296341473042294,0.7424874523068578,0.6979949432753877,0.6979949432753877,0.7387919657116534,0.047005056724612304,0.03073170539154113,0.6040101134492246,0.3959898865507754,0.5714634107830823,0.42853658921691773,0.586027298285118,0.413972701714882,0.3959898865507754,0.6040101134492246,0.4,0.607393426258004,0.6285487829909965,0.663446713129002,0.6673934544935206,0.5939974716376939,0.5704949432753876,0.6838909543667309,0.39443662791529394,0.6577474716376939,0.6926484829826163,0.6228464602927714,0.6711632955169251,0.5704949432753876,0.6343010368216808,0.5974387781264364,0.6632912188445936,0.6750802155577452,0.5704949432753876,0.6271929488210592,0.5704949432753876,validation,hazard_primary_0.55,2,77.0,25.0,23.0,0.77
KXBTC15M-26MAY020030-30,KXBTC15M-26MAY020030-30|2026-05-02T04:24:00+00:00,v21_native_passive_ticker_minute,KXBTC15M-26MAY020030-30|2026-05-02T04:24:00+00:00|no,2026-05-02 04:24:00.707141+00:00,2026-05-02 04:24:00+00:00,no,no,True,True,1,75.0,74.0,74.5,0.745,25.5,49.0,1.0,78265.2,78283.39,359.292859,,140124,synced,coinbase_close_vs_recorded_strike,C:\Users\organ\Desktop\KALSHI PROBABILITY MODEL BOT\logs\edge_research\coinbase_btc_usd_1m_cache.parquet,2026-05-02 04:30:00+00:00,-1.0,18.19000000000233,0.9596401418326422,7.433340575339893,,,32.47822745450909,0.5600675106263207,0.7122833049305293,37.8645360780308,0.4803967480947498,0.6845273469028672,58.86876722290852,0.3089923716446328,0.6213363351864606,54.66337104308455,0.33276396337989,0.630343768767625,78294.2,29.0,0.4833333333333333,0.0,191.84821518333567,0.9999997976134444,0.9994408010211312,0.9997756348068648,78293.56,28.360000000000586,0.1575555555555587,0.0,74.79858600689238,0.9758900831176536,0.8980642960275476,0.9143986184436468,78304.24,39.04000000000815,0.1301333333333605,0.0,64.94597738454542,0.9568474724176556,0.8650370425329994,0.8826045286851478,78285.96,20.760000000009317,0.0346000000000155,0.0,30.621532921407905,0.7906598023502458,0.6985260700727611,0.7123229497243528,78268.23,3.029999999998836,0.0033666666666653,0.0,19.39961929196853,0.6957944130435139,0.6291262542959719,0.6386649286645714,78407.01,141.80999999999767,0.078783333333332,0.0,46.4962890748852,0.8902697681889962,0.7851863263033746,0.8025023026014796,78310.52,45.320000000006985,0.0125888888888908,0.0,22.713097880525247,0.7256973884232929,0.6501872113812411,0.6611151702192255,0.0604726530971327,True,0.7147636734514335,0.6831681675932303,0.7954582731068408,0.6845273469028672,0.6845273469028672,0.7692276985543913,0.06047265309713279,0.12366366481353941,0.6309453061942656,0.3690546938057344,0.7573273296270788,0.24267267037292117,0.73931246246475,0.26068753753525,0.24267267037292117,0.7573273296270788,0.0,0.5898855509737273,0.5077372357423987,0.6546927754868637,0.6758775227286292,0.5872636734514336,0.5570273469028671,0.7316331679349648,0.4647394410475,0.6510136734514336,0.6886082040708601,0.6134191428320069,0.6621848979352447,0.5570273469028671,0.6230104625053693,0.5838360270754939,0.6571486969920852,0.6664030609169913,0.5570273469028671,0.644330257418916,0.5570273469028671,validation,hazard_primary_0.55,2,77.0,25.0,23.0,0.77
KXBTC15M-26MAY020045-45,KXBTC15M-26MAY020045-45|2026-05-02T04:35:00+00:00,v21_native_passive_ticker_minute,KXBTC15M-26MAY020045-45|2026-05-02T04:35:00+00:00|no,2026-05-02 04:35:00.052911+00:00,2026-05-02 04:35:00+00:00,no,no,True,True,1,63.0,62.0,62.5,0.625,37.5,25.0,1.0,78266.06,78278.98,599.947089,,140759,synced,coinbase_close_vs_recorded_strike,C:\Users\organ\Desktop\KALSHI PROBABILITY MODEL BOT\logs\edge_research\coinbase_btc_usd_1m_cache.parquet,2026-05-02 04:45:00+00:00,-1.0,12.919999999998254,0.5274800497061037,4.085842895936801,,,32.184619051338416,0.401433988682273,0.6559496852150694,39.56124058451852,0.3265822762154286,0.6280080746751272,67.13669104993106,0.1924432050186888,0.5763024739474231,62.73995896846312,0.2059293664264687,0.5815769570254176,78266.06,-0.0,-0.0,0.0,12.919999999998254,0.6280080746751272,0.5763024739474231,0.5815769570254176,78272.24,6.180000000007567,0.0343333333333753,0.0,33.51818338902348,0.8015715580244871,0.6911993615282861,0.7034121832795318,78281.05,14.99000000000524,0.0499666666666841,0.0,42.89735621370873,0.8608902764659271,0.7385740506793985,0.752927987820766,78278.49,12.430000000007569,0.0207166666666792,0.0,25.34890386045582,0.7391577584152915,0.6471255451187261,0.6569051291974398,78291.44,25.380000000004657,0.0282000000000051,0.0,29.83850790980136,0.7746462078809496,0.671639241267145,0.6828168109543462,78401.0,134.94000000000233,0.0749666666666679,0.0,57.89603343869903,0.9283283268647882,0.8057554272932184,0.8219426151344749,78442.29,176.22999999999593,0.0489527777777766,0.0,42.28907652623924,0.8574544034396112,0.7356184090363029,0.7498562201614221,-0.0030080746751272,True,0.6265040373375637,0.6006512369737116,0.7046327837136848,0.625,0.625,0.6730804776957235,0.0030080746751272036,0.048697526052576934,0.7439838506497456,0.2560161493502544,0.8473950521051539,0.15260494789484613,0.8368460859491649,0.16315391405083512,0.15260494789484613,0.8473950521051539,0.0,0.5164104970776653,0.44919321613165,0.5519552485388327,0.5755442761854255,0.4390040373375636,0.44050807467512726,0.636182092630749,0.3421051769968471,0.5327540373375637,0.5696524224025381,0.49585565227258904,0.5645053831167516,0.44050807467512726,0.520661414500973,0.4768174458851944,0.533913512538669,0.5658982635858266,0.44050807467512726,0.5383450836529381,0.44050807467512726,validation,fallback_score_min60,2,65.0,37.0,35.0,0.65
KXBTC15M-26MAY020100-00,KXBTC15M-26MAY020100-00|2026-05-02T04:47:00+00:00,v21_native_passive_ticker_minute,KXBTC15M-26MAY020100-00|2026-05-02T04:47:00+00:00|no,2026-05-02 04:47:00.752852+00:00,2026-05-02 04:47:00+00:00,no,no,True,True,1,74.0,73.0,73.5,0.735,26.5,47.0,1.0,78169.92,78224.05,779.247148,,141417,synced,coinbase_close_vs_recorded_strike,C:\Users\organ\Desktop\KALSHI PROBABILITY MODEL BOT\logs\edge_research\coinbase_btc_usd_1m_cache.parquet,2026-05-02 05:00:00+00:00,-1.0,54.13000000000466,1.939100937645967,15.020211276236036,,,96.07545855874602,0.5634113103598302,0.7134225813833555,76.83890370919836,0.7044608575476692,0.759427090978707,63.335939949913225,0.8546490356472372,0.8036272637408894,74.82012274022506,0.7234684736878023,0.7653039419131205,78227.15,57.229999999995925,0.9538333333332656,0.0,797.4019046672852,1.0,1.0,1.0,78227.15,57.229999999995925,0.3179444444444218,0.0,301.8873015557648,0.999957320642254,0.9999990624775824,0.9999726803617238,78227.14,57.22000000000117,0.1907333333333372,0.0,202.75840602854103,0.9958393438708988,0.999315994726942,0.9966352801383288,78282.5,112.58000000000176,0.1876333333333362,0.0,200.34273986974023,0.9954371472732984,0.9992197108494734,0.9962930620585372,78272.24,102.32000000000698,0.1136888888888966,0.0,142.72174242596628,0.9683739423237816,0.9878832964595988,0.971774103282931,78285.96,116.04000000000816,0.0644666666666712,0.0,104.36546614107483,0.91280580291978,0.9503039576805212,0.9184747378856596,78374.09,204.16999999999825,0.0567138888888884,0.0,98.32413616865983,0.8996595364226655,0.939719414484879,0.9056004974437556,-0.0244270909787069,True,0.7472135454893535,0.7693136318704448,0.8300888116165352,0.735,0.735,0.7944959960677919,0.02442709097870699,0.06862726374088945,0.48114581804258605,0.518854181957414,0.3927454725182211,0.6072545274817789,0.4693921161737591,0.5306078838262409,0.518854181957414,0.48114581804258605,0.0,0.6872552182723191,0.7447154428631562,0.6978776091361595,0.7239615435232494,0.6147135454893535,0.626927090978707,0.7728814142635333,0.6184381163445039,0.6809635454893535,0.702578127293612,0.6593489636850949,0.7071180606524713,0.626927090978707,0.6783311585199202,0.6495442563873691,0.6834340410642308,0.7101774562904986,0.626927090978707,0.6999042526211201,0.626927090978707,validation,hazard_primary_0.55,2,76.0,26.0,24.0,0.76
KXBTC15M-26MAY020115-15,KXBTC15M-26MAY020115-15|2026-05-02T05:04:00+00:00,v21_native_passive_ticker_minute,KXBTC15M-26MAY020115-15|2026-05-02T05:04:00+00:00|no,2026-05-02 05:04:00.295597+00:00,2026-05-02 05:04:00+00:00,no,no,True,True,1,72.0,71.0,71.5,0.715,28.5,43.0,1.0,78144.1,78174.98,659.704403,,142363,synced,coinbase_close_vs_recorded_strike,C:\Users\organ\Desktop\KALSHI PROBABILITY MODEL BOT\logs\edge_research\coinbase_btc_usd_1m_cache.parquet,2026-05-02 05:15:00+00:00,-1.0,30.879999999990105,1.202271633185869,9.312756025892924,,,43.49446325881997,0.7099754241415577,0.7611403118458648,59.692116572480586,0.517321243961828,0.6975340366665692,65.34196387301493,0.4725906319559366,0.6817473663487331,67.26233317618168,0.459097960802303,0.6769180895095027,78158.85,14.75,0.2458333333333333,0.0,193.05733240415677,0.9993901189601936,0.99843446869978,0.9979490336385026,78158.19,14.089999999996508,0.0782777777777583,0.0,82.52019465703286,0.9165802014152596,0.8966869682893606,0.8900588396072615,78171.6,27.5,0.0916666666666666,0.0,91.35290360832344,0.93704130868904,0.9189545831620116,0.9127932881291142,78185.61,41.50999999999476,0.0691833333333246,0.0,76.520549614201,0.9000647370468022,0.8792163277420746,0.8723652924037679,78170.07,25.970000000001164,0.0288555555555568,0.0,49.91613705100207,0.7984862880587258,0.7775430152615868,0.7709900459460185,78266.06,121.95999999999184,0.067755555555551,0.0,75.57863832769823,0.8972687034282569,0.8762949839175345,0.8694170794925105,78405.01,260.90999999998894,0.0724749999999969,0.0,78.69207660741307,0.9062982655236872,0.8857653925935047,0.8789849967168871,0.0174659633334307,True,0.7062670183332846,0.6983736831743665,0.7831917817852031,0.6975340366665692,0.6975340366665692,0.7541684727377788,0.017465963333430756,0.03325263365126685,0.6049319266668616,0.3950680733331384,0.6365052673025338,0.36349473269746624,0.6461638209809946,0.35383617901900544,0.36349473269746624,0.6365052673025338,0.0,0.60679424766654,0.586271576253353,0.6466471238332699,0.6688512547021739,0.5637670183332846,0.5550340366665693,0.7221752800710926,0.4887722042020424,0.6350170183332846,0.6670102109999707,0.6030238256665984,0.6558560244443795,0.5550340366665693,0.6200322197809232,0.5842084151174668,0.6388583529910757,0.6589913403980806,0.5550340366665693,0.638604658368831,0.5550340366665693,validation,hazard_primary_0.55,2,74.0,28.0,26.0,0.74
KXBTC15M-26MAY020130-30,KXBTC15M-26MAY020130-30|2026-05-02T05:19:00+00:00,v21_native_passive_ticker_minute,KXBTC15M-26MAY020130-30|2026-05-02T05:19:00+00:00|yes,2026-05-02 05:19:00.026979+00:00,2026-05-02 05:19:00+00:00,yes,yes,True,True,1,76.0,75.0,75.5,0.755,24.5,51.0,1.0,78123.33,78085.19,659.973021,,143188,synced,coinbase_close_vs_recorded_strike,C:\Users\organ\Desktop\KALSHI PROBABILITY MODEL BOT\logs\edge_research\coinbase_btc_usd_1m_cache.parquet,2026-05-02 05:30:00+00:00,1.0,38.13999999999942,1.4846278305944651,11.499877726416823,,,23.56394605044917,1.6185744067799033,0.9472305672797312,69.96542845654086,0.5451263694281546,0.7071666961157745,63.901866709369074,0.5968526737014314,0.7246971265610342,60.839772927566095,0.6268925435571183,0.7346351623458072,78109.07,14.25999999999476,0.2376666666665793,0.0,194.9935879909418,0.997340068880014,0.9988613191813898,0.999324769184335,78090.96,32.36999999999534,0.1798333333333074,0.0,156.82514827648237,0.987502056134141,0.9929392143586816,0.9950266217702288,78078.05,45.27999999999884,0.1509333333333294,0.0,137.75192796959686,0.9755152463141364,0.9844456401543716,0.9882183409543266,78192.88,-69.55000000000291,-0.1159166666666715,69.55000000000291,-38.36187268425378,0.2917438062837511,0.2741449108545615,0.2641708732056922,78144.1,-20.770000000004075,-0.0230777777777823,20.770000000004075,22.90928928202976,0.6283314114820869,0.6400181680515054,0.6467464189735934,78170.07,-46.74000000000524,-0.0259666666666695,46.74000000000524,21.002700554697498,0.6179826769307714,0.6287978717372519,0.6350330005797191,78304.24,-180.9100000000035,-0.0502527777777787,180.9100000000035,4.9745224363571126,0.5283408048526302,0.5310248329271188,0.5325829337466195,0.0478333038842254,True,0.7310833480578873,0.7398485632805172,0.812560647476637,0.7071666961157745,0.7071666961157745,0.7847530580975597,0.047833303884225464,0.03030287343896576,0.5856666077684509,0.4143333922315491,0.5506057468779315,0.4493942531220685,0.5307296753083857,0.46927032469161434,0.4143333922315491,0.5856666077684509,0.4154000000000815,0.6193167049505068,0.6421062645293445,0.6749083524752535,0.6969598771066672,0.6085833480578873,0.5846666961157746,0.7299163973207106,0.4288049168629464,0.6698333480578873,0.7039000088347324,0.6357666872810421,0.6822777974105164,0.5846666961157746,0.6464124205081346,0.6105470436057527,0.675618892602142,0.6863322806467806,0.5846666961157746,0.6572915467182425,0.5846666961157746,validation,hazard_primary_0.55,2,78.0,24.0,22.0,0.78
KXBTC15M-26MAY020145-45,KXBTC15M-26MAY020145-45|2026-05-02T05:32:00+00:00,v21_native_passive_ticker_minute,KXBTC15M-26MAY020145-45|2026-05-02T05:32:00+00:00|yes,2026-05-02 05:32:00.366199+00:00,2026-05-02 05:32:00+00:00,yes,yes,True,True,1,81.0,80.0,80.5,0.805,19.5,61.0,1.0,78154.47,78090.86,779.633801,,143945,synced,coinbase_close_vs_recorded_strike,C:\Users\organ\Desktop\KALSHI PROBABILITY MODEL BOT\logs\edge_research\coinbase_btc_usd_1m_cache.parquet,2026-05-02 05:45:00+00:00,1.0,63.61000000000058,2.27813819654257,17.646382591136742,,,95.80830374832196,0.6639299258141252,0.7466324191250399,98.11363215170604,0.648329886530396,0.7416141960714245,86.66110312239474,0.7340086579576743,0.7685282693225831,79.07561070075788,0.8044199650979228,0.7894227627005274,78106.0,48.47000000000117,0.8078333333333527,0.0,693.4241722411823,0.9999999999992116,0.9999999999999992,1.0,78059.98,94.49000000000524,0.5249444444444735,0.0,472.8744325360788,0.9999992809876704,0.9999999757322448,0.9999999988845094,78066.04,88.43000000000757,0.2947666666666919,0.0,293.42005674145355,0.9986079166260432,0.9996451877361794,0.9998966265247302,78048.62,105.85000000000582,0.1764166666666763,0.0,201.15039639309148,0.979826461156548,0.9898596841015098,0.9945168823318956,78095.65,58.820000000006985,0.0653555555555633,0.0,114.56340019425107,0.8785281062091033,0.9069109712369344,0.9263009030894284,78151.02,3.4499999999970896,0.001916666666665,0.0,65.10429811858265,0.7465140705698702,0.7737493942180376,0.7948361383825251,78272.24,-117.77000000000407,-0.03271388888889,117.77000000000407,38.1051464600636,0.6511317265303499,0.6699238828868623,0.6850552615208435,0.0633858039285755,True,0.7733070980357123,0.7867641346612916,0.8484073708991559,0.7416141960714245,0.7416141960714245,0.824705842146636,0.06338580392857551,0.036471730677416936,0.5167716078571509,0.4832283921428491,0.4629434613548338,0.5370565386451662,0.4211544745989453,0.5788455254010547,0.4832283921428491,0.5167716078571509,0.0,0.6640984548928518,0.699086750119358,0.7247992274464261,0.7441600191090303,0.6758070980357123,0.6441141960714245,0.7925286813609209,0.5830891838054534,0.7245570980357123,0.7567342588214273,0.6923799372499971,0.7302427973809497,0.6441141960714245,0.6971569443931813,0.664071091405413,0.732149242153277,0.7353285299485818,0.6441141960714245,0.7183214387161727,0.6441141960714245,holdout,fallback_score_min60,2,83.0,19.0,17.0,0.83
KXBTC15M-26MAY020200-00,KXBTC15M-26MAY020200-00|2026-05-02T05:47:00+00:00,v21_native_passive_ticker_minute,KXBTC15M-26MAY020200-00|2026-05-02T05:47:00+00:00|yes,2026-05-02 05:47:00.060949+00:00,2026-05-02 05:47:00+00:00,yes,no,True,False,1,72.0,70.0,71.0,0.71,29.0,42.0,2.0,78225.99,78189.11,779.939051,,144711,synced,coinbase_close_vs_recorded_strike,C:\Users\organ\Desktop\KALSHI PROBABILITY MODEL BOT\logs\edge_research\coinbase_btc_usd_1m_cache.parquet,2026-05-02 06:00:00+00:00,1.0,36.88000000000466,1.320567423136732,10.229071274705213,,,82.92504665686234,0.4447389719611657,0.6717457990128154,56.63612642521469,0.6511744769251291,0.7425330679379922,78.793519045609,0.4680588003520564,0.680128729544086,74.72974160881078,0.4935116756198771,0.689174453944775,78180.01,45.98000000001048,0.766333333333508,0.0,634.5732927498075,1.0,0.9999999999999996,1.0,78192.0,33.99000000000524,0.1888333333333624,0.0,184.158490797194,0.9994262294764644,0.9902863576987816,0.9931364519083564,78192.54,33.45000000001164,0.1115000000000388,0.0,123.84320418653492,0.9856158406896156,0.9419949793657344,0.9512619322729778,78154.5,71.49000000000524,0.1191500000000087,0.0,129.80973792666146,0.989047044002232,0.9502689733012192,0.9588113470331484,78154.47,71.52000000000407,0.0794666666666712,0.0,98.85915658614152,0.9595522888620708,0.8951990781726098,0.9070638606873304,78095.65,130.34000000001106,0.0724111111111172,0.0,93.356253281865,0.9503597357317416,0.8819559796239926,0.8942134776204107,78169.92,56.070000000006985,0.0155750000000019,0.0,49.02755071933117,0.8066612990849849,0.7331040921812636,0.7441087744750701,-0.0325330679379922,True,0.7262665339689961,0.6950643647720429,0.8127163028758693,0.71,0.71,0.7748830885193208,0.032533067937992266,0.02987127045591398,0.5149338641240155,0.48506613587598446,0.639742540911828,0.36025745908817197,0.6216510921104501,0.3783489078895499,0.36025745908817197,0.639742540911828,0.0,0.6652929883193899,0.5841673484073118,0.673146494159695,0.7007080782286566,0.5812665339689961,0.5975330679379922,0.7523897021069192,0.583627719944946,0.6537665339689961,0.6762599203813976,0.6312731475565945,0.6833553786253281,0.5975330679379922,0.6522944120001308,0.6212334453749335,0.6559483744602324,0.6863806317368644,0.5975330679379922,0.6749613850224557,0.5975330679379922,holdout,hazard_primary_0.55,2,74.0,-72.0,-74.0,0.74
KXBTC15M-26MAY020215-15,KXBTC15M-26MAY020215-15|2026-05-02T06:03:00+00:00,v21_native_passive_ticker_minute,KXBTC15M-26MAY020215-15|2026-05-02T06:03:00+00:00|yes,2026-05-02 06:03:00.187611+00:00,2026-05-02 06:03:00+00:00,yes,no,True,False,1,73.0,71.0,72.0,0.72,28.0,44.0,2.0,78244.12,78205.92,719.812389,,145628,synced,coinbase_close_vs_recorded_strike,C:\Users\organ\Desktop\KALSHI PROBABILITY MODEL BOT\logs\edge_research\coinbase_btc_usd_1m_cache.parquet,2026-05-02 06:15:00+00:00,1.0,38.19999999999709,1.4238154601509427,11.028827130474502,,,88.31057493291185,0.4325642770304352,0.6673343268082564,66.9926594366836,0.5702117264967044,0.7157329482234397,60.38218737546601,0.6326369027087978,0.7365146086043564,72.29969653990001,0.5283562978568751,0.7013739681111335,78229.63,14.489999999990689,0.2414999999998447,0.0,212.03469194338535,0.9992247015873728,0.999777243926605,0.9983199605982398,78179.6,64.51999999998952,0.3584444444443862,0.0,296.21275187928853,0.999995100690868,0.9999995343635506,0.9999790741736791,78220.74,23.379999999990105,0.0779333333333003,0.0,94.29737884937336,0.9203719345879892,0.9408177659189958,0.9039269991987772,78214.17,29.94999999999709,0.0499166666666618,0.0,74.13063508424361,0.8657554347524035,0.8902184045181019,0.8473949010298126,78232.79,11.330000000001746,0.0125888888888908,0.0,47.261638185965154,0.759742619510891,0.7831007813727252,0.7433444472518423,78161.4,82.72000000000116,0.0459555555555562,0.0,71.27937823226422,0.8563329067999152,0.8810933899006625,0.8379058771310464,78158.85,85.26999999998952,0.0236861111111082,0.0,55.24955622500333,0.7952320432949878,0.8199035536338233,0.7776182534278706,0.0042670517765602,True,0.7178664741117198,0.7282573043021782,0.7853682942704762,0.7157329482234397,0.7157329482234397,0.7587942713846297,0.004267051776560282,0.016514608604356384,0.5685341035531206,0.4314658964468794,0.5269707827912873,0.4730292172087127,0.597252063777733,0.402747936222267,0.4314658964468794,0.5685341035531206,0.0,0.6304528326904716,0.6574689911856633,0.6612264163452358,0.6812636098040347,0.5778664741117199,0.5757329482234397,0.7299408610293177,0.5235030899056783,0.6478664741117198,0.6767198844670319,0.6190130637564077,0.6704886321489597,0.5757329482234397,0.6369761179195439,0.6034636036901282,0.6513256185912826,0.6735704581792911,0.5757329482234397,0.6528369046263787,0.5757329482234397,holdout,hazard_primary_0.55,2,75.0,-73.0,-75.0,0.75
KXBTC15M-26MAY020230-30,KXBTC15M-26MAY020230-30|2026-05-02T06:15:00+00:00,v21_native_passive_ticker_minute,KXBTC15M-26MAY020230-30|2026-05-02T06:15:00+00:00|no,2026-05-02 06:15:39.826290+00:00,2026-05-02 06:15:00+00:00,no,no,True,True,1,61.0,60.0,60.5,0.605,39.5,21.0,1.0,78182.01,78210.57,860.17371,,146345,synced,coinbase_close_vs_recorded_strike,C:\Users\organ\Desktop\KALSHI PROBABILITY MODEL BOT\logs\edge_research\coinbase_btc_usd_1m_cache.parquet,2026-05-02 06:30:00+00:00,-1.0,28.560000000012224,0.9737895746445216,7.542941610617273,,,64.70570261766882,0.4413830442235783,0.6705321423749382,67.05737640608803,0.4259039278103834,0.6649110736437693,71.98062502936159,0.3967734371348168,0.6542327297944478,73.8978739254706,0.3864793191319183,0.6504291419798378,78220.22,38.2100000000064,0.63683333333344,0.0,576.347290985104,1.0,0.9999999999999992,0.9999999999999968,78248.95,66.94000000000233,0.3718888888889018,0.0,348.4490452633567,0.9999998983431748,0.9999993536492888,0.9999987930973484,78242.44,60.43000000000757,0.2014333333333585,0.0,201.82765765103392,0.9986927963092592,0.9974757006011024,0.9968445047437916,78263.29,81.27999999999884,0.1354666666666647,0.0,145.08486524801057,0.984752197547955,0.978079611640032,0.975195256064925,78179.6,-2.4099999999889405,-0.0026777777777654,2.4099999999889405,26.256645954356127,0.6523064506505802,0.6423598671229486,0.6388212789869163,78193.79,11.779999999998836,0.0065444444444437,0.0,34.18935905767833,0.6949225366972621,0.6825993944964747,0.678194831070831,78092.35,-89.65999999998894,-0.0249055555555524,89.65999999998894,7.136895878181534,0.5423792817441669,0.5394905065545006,0.5384691660675263,-0.0599110736437693,True,0.6349555368218847,0.629616364897224,0.7562012899843428,0.605,0.605,0.7017118813549827,0.05991107364376935,0.049232729794447816,0.6701778527124613,0.32982214728753867,0.6915345404111044,0.3084654595888956,0.6991417160403244,0.3008582839596756,0.3084654595888956,0.6915345404111044,0.04819999999977881,0.5643843957369001,0.550502548732782,0.56494219786845,0.604311477499376,0.43745553682188465,0.4674110736437693,0.6717840960837476,0.42005142691850883,0.5362055368218847,0.5637233220931308,0.5086877515506385,0.5791073824291796,0.4674110736437693,0.5377665566966151,0.49642573096405074,0.5369079859552011,0.5810340627461086,0.4674110736437693,0.5695975848637584,0.4674110736437693,holdout,fallback_score_min60,2,63.0,39.0,37.0,0.63
KXBTC15M-26MAY020245-45,KXBTC15M-26MAY020245-45|2026-05-02T06:36:00+00:00,v21_native_passive_ticker_minute,KXBTC15M-26MAY020245-45|2026-05-02T06:36:00+00:00|yes,2026-05-02 06:36:00.654922+00:00,2026-05-02 06:36:00+00:00,yes,yes,True,True,1,76.0,74.0,75.0,0.75,25.0,50.0,2.0,78175.23,78149.96,539.345078,,147489,synced,coinbase_close_vs_recorded_strike,C:\Users\organ\Desktop\KALSHI PROBABILITY MODEL BOT\logs\edge_research\coinbase_btc_usd_1m_cache.parquet,2026-05-02 06:45:00+00:00,1.0,25.269999999989523,1.0881076960875151,8.428445971654133,,,28.188805654177727,0.8964551499628498,0.8149951380963498,41.53023831089588,0.6084723090394518,0.72856286690217,41.73305278237007,0.6055152526647826,0.7275816533774109,47.90799007897319,0.5274694254201351,0.7010661784577475,78157.94,17.289999999993597,0.2881666666665599,0.0,180.69127331026527,0.9999932190398274,0.9999925341051836,0.9999189080994874,78157.65,17.580000000001746,0.0976666666666763,0.0,77.94603595132808,0.9697306858178298,0.9691000778908214,0.948130866128186,78164.85,10.379999999990105,0.034599999999967,0.0,43.93133969877174,0.85493027188504,0.8537550058252166,0.820427109227048,78161.41,13.819999999992431,0.0230333333333207,0.0,37.692914963249386,0.8179556525377769,0.8167877159368337,0.784293852785015,78206.37,-31.139999999999414,-0.0345999999999993,31.139999999999414,6.608660301189872,0.563216332345855,0.5629116790130658,0.5548579962990541,78281.47,-106.24000000000524,-0.0590222222222251,106.24000000000524,-6.563345048189824,0.4372135296661895,0.4375161461114233,0.4455158066690949,78146.39,28.839999999996508,0.0080111111111101,0.0,29.59075334707789,0.761925811670007,0.7608527717878555,0.731599598480007,0.02143713309783,True,0.739281433451085,0.7387908266887054,0.7778310462624033,0.72856286690217,0.72856286690217,0.764554914447659,0.02143713309783002,0.022418346622589125,0.54287426619566,0.45712573380433996,0.5448366932451782,0.45516330675482175,0.5978676430845049,0.4021323569154951,0.45516330675482175,0.5448366932451782,0.6227999999999883,0.647131726972821,0.6458561493906342,0.6860658634864105,0.6965588906749146,0.614281433451085,0.60356286690217,0.7041274878280936,0.4180587609928463,0.676781433451085,0.7060688600706508,0.6474940068315189,0.6940419112681133,0.60356286690217,0.6617548375623348,0.6294677638565561,0.6812391990896284,0.6975017351678251,0.60356286690217,0.6538451773651318,0.60356286690217,holdout,hazard_primary_0.55,2,78.0,24.0,22.0,0.78
KXBTC15M-26MAY020300-00,KXBTC15M-26MAY020300-00|2026-05-02T06:48:00+00:00,v21_native_passive_ticker_minute,KXBTC15M-26MAY020300-00|2026-05-02T06:48:00+00:00|yes,2026-05-02 06:48:00.311341+00:00,2026-05-02 06:48:00+00:00,yes,yes,True,True,1,78.0,77.0,77.5,0.775,22.5,55.0,1.0,78265.17,78229.49,719.688659,,148074,synced,coinbase_close_vs_recorded_strike,C:\Users\organ\Desktop\KALSHI PROBABILITY MODEL BOT\logs\edge_research\coinbase_btc_usd_1m_cache.parquet,2026-05-02 07:00:00+00:00,1.0,35.679999999993015,1.330002680299168,10.302156462419813,,,26.244678124727464,1.359513720474083,0.913008071132046,28.433188971920504,1.2548715529316523,0.8952373038621311,42.521507523639045,0.8391047749226055,0.7992947415760255,51.649582781767386,0.690809065210654,0.75515723101715,78242.61,22.55999999999767,0.3759999999999612,0.0,306.2829357839651,1.0,0.9999999999997056,0.999999998485489,78231.73,33.44000000000233,0.1857777777777907,0.0,169.38215976089123,0.99999999871701,0.999966038547768,0.9994799495028625,78205.93,59.24000000000524,0.1974666666666841,0.0,177.79452053053893,0.99999999979876,0.9999855066553588,0.999711628881176,78202.91,62.25999999999476,0.1037666666666579,0.0,110.35969318222008,0.9999480649127256,0.9952757525630946,0.983688823354483,78157.65,107.52000000000407,0.1194666666666711,0.0,121.6588051285296,0.9999906031514528,0.9978892120858044,0.99075024009556,78222.74,42.429999999993015,0.0235722222222183,0.0,52.64466100075133,0.9679527184703268,0.892155200403041,0.8459616374751266,78232.79,32.38000000000466,0.0089944444444457,0.0,42.15319966066617,0.9309010096955072,0.8392397953210782,0.7927894628800916,-0.120237303862131,True,0.8351186519310656,0.7871473707880128,0.8900791012202971,0.775,0.775,0.8560711911183914,0.12023730386213105,0.024294741576025514,0.20952539227573785,0.7904746077242621,0.40141051684794893,0.5985894831520511,0.4896855379656999,0.5103144620343001,0.5985894831520511,0.40141051684794893,0.0,0.8638084950207703,0.7390831640488331,0.8081542475103853,0.8306542474902612,0.7226186519310656,0.7827373038621311,0.8576186518908175,0.8904746077041381,0.7788686519310656,0.7773211911586393,0.7804161127034916,0.8176582025747541,0.775,0.7901844145056947,0.7627106264366351,0.7788928878370112,0.8255792165859271,0.775,0.8201779778764744,0.7827373038621311,holdout,hazard_primary_0.55,2,80.0,22.0,20.0,0.8
KXBTC15M-26MAY020315-15,KXBTC15M-26MAY020315-15|2026-05-02T07:04:00+00:00,v21_native_passive_ticker_minute,KXBTC15M-26MAY020315-15|2026-05-02T07:04:00+00:00|no,2026-05-02 07:04:00.558410+00:00,2026-05-02 07:04:00+00:00,no,no,True,True,1,67.0,66.0,66.5,0.665,33.5,33.0,1.0,78310.19,78328.56,659.44159,,148878,synced,coinbase_close_vs_recorded_strike,C:\Users\organ\Desktop\KALSHI PROBABILITY MODEL BOT\logs\edge_research\coinbase_btc_usd_1m_cache.parquet,2026-05-02 07:15:00+00:00,-1.0,18.369999999995343,0.7153539660739083,5.541107994495345,,,46.3556785726703,0.396283703865909,0.6540521261359056,58.65356741344944,0.3131949310176664,0.6229337153451128,48.97526429744817,0.3750873071031594,0.6462022317322648,49.39421923130426,0.3719058684574389,0.645018532174757,78320.01,9.819999999992431,0.1636666666665405,0.0,126.29860689657886,0.984352365381582,0.9950431417273036,0.9947202981248692,78344.32,34.13000000000466,0.189611111111137,0.0,143.4074525927902,0.9927572149562194,0.9982951321302628,0.9981538814540918,78331.98,21.7899999999936,0.072633333333312,0.0,66.26744082031462,0.8707220465757873,0.9119849309242336,0.910137650172242,78322.55,12.360000000000582,0.0206000000000009,0.0,31.954496753995983,0.7070546554870732,0.7429483963447872,0.7411606844964874,78296.28,-13.910000000003492,-0.0154555555555594,13.910000000003492,8.177963870103895,0.5554441223141304,0.5663077035205248,0.565750432856813,78162.8,-147.38999999999942,-0.081883333333333,147.38999999999942,-35.62727552783778,0.2717865302350252,0.2334737947662031,0.2353673029891012,78254.83,-55.36000000000058,-0.0153777777777779,55.36000000000058,8.229253771550791,0.5557895837507324,0.5667196799896015,0.5661590118101286,0.0420662846548872,True,0.6439668576725563,0.6556011158661323,0.7195519206403,0.6229337153451128,0.6229337153451128,0.6935245239186913,0.042066284654887265,0.01879776826773527,0.7541325693097745,0.24586743069022554,0.7075955365354705,0.29240446346452953,0.709962935650486,0.29003706434951404,0.24586743069022554,0.7541325693097745,0.27820000000006984,0.5098138299486465,0.5400629012519442,0.5706569149743234,0.591229119631902,0.4764668576725564,0.45543371534511273,0.6377012669877103,0.27729963534779034,0.5602168576725564,0.6021301146035338,0.5183036007415789,0.5811224768967418,0.45543371534511273,0.5358627787436512,0.4906030805905607,0.5630275747553871,0.5832943984261315,0.45543371534511273,0.5465674911664116,0.45543371534511273,holdout,fallback_score_min60,2,69.0,33.0,31.0,0.69
KXBTC15M-26MAY020330-30,KXBTC15M-26MAY020330-30|2026-05-02T07:22:00+00:00,v21_native_passive_ticker_minute,KXBTC15M-26MAY020330-30|2026-05-02T07:22:00+00:00|yes,2026-05-02 07:22:00.678308+00:00,2026-05-02 07:22:00+00:00,yes,yes,True,True,1,75.0,74.0,74.5,0.745,25.5,49.0,1.0,78329.85,78310.48,479.321692,,149912,synced,coinbase_close_vs_recorded_strike,C:\Users\organ\Desktop\KALSHI PROBABILITY MODEL BOT\logs\edge_research\coinbase_btc_usd_1m_cache.parquet,2026-05-02 07:30:00+00:00,1.0,19.37000000000989,0.8847408479911874,6.853173139958592,,,9.48567607283688,2.042026298523697,0.979425538633488,23.026903349745535,0.8411899640089446,0.7998792390336869,38.52780903995181,0.5027537376943488,0.6924312884832707,37.32208157757956,0.5189957039171686,0.6981181314422751,78323.56,6.290000000008149,0.1048333333334691,0.0,69.61889071140833,0.9987501254990904,0.9646171197307368,0.9689340932144176,78310.19,19.66000000000349,0.1092222222222416,0.0,71.72258035957475,0.9990794323707682,0.9686688090486512,0.9726794830696528,78305.79,24.060000000012224,0.0802000000000407,0.0,57.81159969842942,0.993973880872,0.9332596233963284,0.939308158787036,78315.36,14.49000000000524,0.0241500000000087,0.0,30.94561886181408,0.91050797579803,0.7890710470284342,0.7964903462127508,78316.53,13.320000000006983,0.0148000000000077,0.0,26.46396104161361,0.874776162507541,0.7539206573091921,0.7608594196246731,78311.31,18.54000000000815,0.0103000000000045,0.0,24.307013427612063,0.8544226560706109,0.7359455055921615,0.7425661545609542,78198.52,131.33000000000175,0.036480555555556,0.0,36.855921613999016,0.9452627056111716,0.8306168438309948,0.8383036114516396,-0.0548792390336868,True,0.7724396195168435,0.7187156442416354,0.8462843733018955,0.745,0.745,0.811258547884506,0.054879239033686855,0.05256871151672926,0.4002415219326263,0.5997584780673737,0.6151374230334585,0.38486257696654147,0.6037637371154498,0.39623626288455016,0.38486257696654147,0.6151374230334585,0.0,0.7398430107437929,0.600160675028252,0.7296715053718965,0.7545688934590965,0.6449396195168434,0.6723792390336869,0.7967343956912434,0.6991558661545737,0.7086896195168435,0.723213771710106,0.6941654673235808,0.7390861593557913,0.6723792390336869,0.7129764784137415,0.6868667974716918,0.7100327762661237,0.7424755774070004,0.6723792390336869,0.7345568173624651,0.6723792390336869,holdout,hazard_primary_0.55,2,77.0,25.0,23.0,0.77
KXBTC15M-26MAY020345-45,KXBTC15M-26MAY020345-45|2026-05-02T07:33:00+00:00,v21_native_passive_ticker_minute,KXBTC15M-26MAY020345-45|2026-05-02T07:33:00+00:00|no,2026-05-02 07:33:00.655229+00:00,2026-05-02 07:33:00+00:00,no,no,True,True,1,75.0,74.0,74.5,0.745,25.5,49.0,1.0,78290.9,78319.47,719.344771,,150532,synced,coinbase_close_vs_recorded_strike,C:\Users\organ\Desktop\KALSHI PROBABILITY MODEL BOT\logs\edge_research\coinbase_btc_usd_1m_cache.parquet,2026-05-02 07:45:00+00:00,-1.0,28.570000000006985,1.065225844822426,8.251203913893965,,,47.87150113513927,0.5968060186655743,0.7246815504296396,35.749969418049574,0.7991615227951065,0.7879016201970541,32.500061544767,0.8790752583853856,0.8103197641281841,43.39672869576958,0.6583445540399007,0.7448416225999352,78303.26,12.360000000000582,0.2060000000000097,0.0,176.75502282601397,0.9999996177154172,0.999999973150439,0.9999767946250996,78319.19,28.29000000000815,0.1571666666667119,0.0,141.6270198422062,0.9999627751481032,0.999993429568112,0.9994498544233252,78328.0,37.10000000000582,0.123666666666686,0.0,117.5289700136876,0.9994946415277196,0.9998505601938192,0.9966179957234118,78341.31,50.41000000000349,0.0840166666666724,0.0,89.00694984352785,0.9936075781409728,0.996915588894196,0.97986681755265,78305.76,14.860000000000582,0.0165111111111117,0.0,40.44718144118523,0.8710546492292077,0.8933470375249983,0.8243402536290201,78320.01,29.110000000000586,0.0161722222222225,0.0,40.20340349101277,0.8696147119057951,0.8919611841197694,0.8228849622422012,78157.65,-133.25,-0.0370138888888888,133.25,1.9442525734097629,0.5216856792779234,0.5238517135369828,0.517867364138406,-0.0429016201970541,True,0.766450810098527,0.7776598820640921,0.8441320872415913,0.745,0.745,0.8087694143646601,0.042901620197054124,0.06531976412818408,0.42419675960589176,0.5758032403941082,0.37936047174363186,0.6206395282563681,0.5103167548001295,0.4896832451998705,0.5758032403941082,0.42419675960589176,0.0,0.7242721062561703,0.7534156933666393,0.7218860531280852,0.7473355172808571,0.6389508100985271,0.6604016201970541,0.7918497384040709,0.6757527045468802,0.702700810098527,0.7196204860591162,0.6857811341379378,0.7311010801313693,0.6604016201970541,0.7046154001006559,0.6781297200699427,0.7044548402813804,0.7342921133153465,0.6604016201970541,0.7261256793005625,0.6604016201970541,holdout,hazard_primary_0.55,2,77.0,25.0,23.0,0.77
KXBTC15M-26MAY020400-00,KXBTC15M-26MAY020400-00|2026-05-02T07:54:00+00:00,v21_native_passive_ticker_minute,KXBTC15M-26MAY020400-00|2026-05-02T07:54:00+00:00|no,2026-05-02 07:54:00.236859+00:00,2026-05-02 07:54:00+00:00,no,yes,True,False,1,75.0,74.0,74.5,0.745,25.5,49.0,1.0,78205.07,78219.92,359.763141,,151611,synced,coinbase_close_vs_recorded_strike,C:\Users\organ\Desktop\KALSHI PROBABILITY MODEL BOT\logs\edge_research\coinbase_btc_usd_1m_cache.parquet,2026-05-02 08:00:00+00:00,-1.0,14.849999999991269,0.7829213215493215,6.064482479502449,,,15.743323414258382,0.943256999125226,0.8272252675639089,20.405202622238697,0.7277555766002016,0.7666183887117975,21.539664842860475,0.6894257690789205,0.7547223141808956,23.591155491747504,0.6294731941038664,0.7354803437099884,78208.66,3.5899999999965075,0.0598333333332751,0.0,36.37582793647033,0.9626803219535072,0.95436952474104,0.9384542728718508,78213.26,8.189999999987776,0.045499999999932,0.0,31.21922291546684,0.9369871647327246,0.9263846658983054,0.907139559490628,78230.59,25.519999999989523,0.0850666666666317,0.0,45.45385119437871,0.9870451269458992,0.982581133356051,0.9729935260363968,78217.86,12.789999999993595,0.0213166666666559,0.0,22.51895095563743,0.8651142015543745,0.8520957874970303,0.8300974882336634,78251.54,46.46999999998661,0.0516333333333184,0.0,33.42577018028592,0.949299622182085,0.9396478365159426,0.921740582219162,78342.53,137.45999999999185,0.0763666666666621,0.0,42.323911867689645,0.9809683573165748,0.975288771525511,0.9635980800423224,78322.55,117.47999999999593,0.0326333333333322,0.0,26.590270501290863,0.9037317873482288,0.8914878233176766,0.870155983358732,-0.0216183887117975,True,0.7558091943558988,0.7498611570904479,0.8328878385525655,0.745,0.745,0.799894542002719,0.021618388711797554,0.009722314180895641,0.4667632225764049,0.5332367774235951,0.4905553716382087,0.5094446283617913,0.5290393125800232,0.47096068741997676,0.5094446283617913,0.4905553716382087,0.0,0.6966039053253368,0.6811390084351643,0.7080519526626684,0.7322564653572583,0.6283091943558987,0.6391183887117975,0.7787182197450785,0.631941290118185,0.6920591943558987,0.7132355166135392,0.6708828720982583,0.7169122591411984,0.6391183887117975,0.6890562203287811,0.6612001815163637,0.6946247051798409,0.7199724342224101,0.6391183887117975,0.7089183042284379,0.6391183887117975,holdout,hazard_primary_0.55,2,77.0,-75.0,-77.0,0.77
KXBTC15M-26MAY020415-15,KXBTC15M-26MAY020415-15|2026-05-02T08:01:00+00:00,v21_native_passive_ticker_minute,KXBTC15M-26MAY020415-15|2026-05-02T08:01:00+00:00|no,2026-05-02 08:01:00.708879+00:00,2026-05-02 08:01:00+00:00,no,yes,True,False,1,73.0,72.0,72.5,0.725,27.5,45.0,1.0,78176.36,78212.66,839.291121,,152010,synced,coinbase_close_vs_recorded_strike,C:\Users\organ\Desktop\KALSHI PROBABILITY MODEL BOT\logs\edge_research\coinbase_btc_usd_1m_cache.parquet,2026-05-02 08:15:00+00:00,-1.0,36.30000000000291,1.252997806459434,9.705679274503623,,,78.23159034778753,0.4640069291526235,0.6786786093945456,51.225147242018295,0.7086363232593546,0.7607249052861074,45.05605864243716,0.8056630138929387,0.7897814094397851,39.3796720631089,0.9217953857469768,0.8216823426211647,78220.21,43.85000000000582,0.7308333333334304,0.0,649.6819275975844,1.0,1.0,1.0,78206.64,30.27999999999884,0.1682222222222157,0.0,177.48741746599748,0.9997347356972002,0.9999591329173576,0.9999967137405744,78216.77,40.41000000000349,0.1347000000000116,0.0,149.35251399871268,0.9982250261175128,0.9995414815780396,0.9999254698254548,78213.26,36.89999999999418,0.0614999999999903,0.0,87.91640394149476,0.9569440754776856,0.9744873584528342,0.9872101103630806,78237.52,61.16000000000349,0.0679555555555594,0.0,93.33449440040616,0.9657758780698676,0.9808448529469186,0.9911088106815064,78329.98,153.61999999999534,0.0853444444444418,0.0,107.92883444890074,0.9824390519218604,0.9916996585739272,0.9969348062774944,78344.32,167.9600000000064,0.0466555555555573,0.0,75.4575935231044,0.9296322503122862,0.9530082649909826,0.972327376745996,-0.0357249052861073,True,0.7428624526430536,0.7573907047198926,0.8279833104678733,0.725,0.725,0.7903624768093348,0.03572490528610739,0.06478140943978516,0.47855018942778527,0.5214498105722147,0.4204371811204297,0.5795628188795703,0.35663531475767063,0.6433646852423294,0.5214498105722147,0.47855018942778527,0.0,0.6889423768719395,0.7267158322717207,0.6932211884359698,0.7205436910477211,0.6053624526430537,0.6232249052861073,0.7700074578665562,0.621272313183966,0.6741124526430536,0.6944674715858321,0.6537574337002751,0.7029832701907383,0.6232249052861073,0.6738567794030821,0.6447302886154258,0.6761927605596657,0.706083783010612,0.6232249052861073,0.6966161815763318,0.6232249052861073,holdout,hazard_primary_0.55,2,75.0,-73.0,-75.0,0.75
KXBTC15M-26MAY020430-30,KXBTC15M-26MAY020430-30|2026-05-02T08:22:00+00:00,v21_native_passive_ticker_minute,KXBTC15M-26MAY020430-30|2026-05-02T08:22:00+00:00|yes,2026-05-02 08:22:00.349421+00:00,2026-05-02 08:22:00+00:00,yes,yes,True,True,1,79.0,77.0,78.0,0.78,22.0,56.0,2.0,78276.99,78257.26,479.650579,,153167,synced,coinbase_close_vs_recorded_strike,C:\Users\organ\Desktop\KALSHI PROBABILITY MODEL BOT\logs\edge_research\coinbase_btc_usd_1m_cache.parquet,2026-05-02 08:30:00+00:00,1.0,19.73000000001048,0.9008751320465496,6.978148766857389,,,20.72716277862837,0.9518910142566128,0.8294238714248159,33.38319002068735,0.5910160169769253,0.7227451554288944,37.7084433206148,0.5232249931999792,0.699591154641355,33.47547970547659,0.5893866248848004,0.7221990266155947,78261.12,15.870000000009895,0.2645000000001649,0.0,146.59757814558958,0.9999943677861172,0.9999493922077742,0.999994045645664,78247.9,29.09000000001106,0.1616111111111725,0.0,97.24686301731772,0.9982104069241424,0.9950444387609332,0.9981638386810132,78244.44,32.55000000000291,0.1085000000000097,0.0,71.77208782151513,0.9842202946620038,0.9715020743997916,0.9839843456681724,78254.09,22.90000000000873,0.0381666666666812,0.0,38.03666376518412,0.8727309294450676,0.8434417327109041,0.8720749620432446,78206.37,70.6200000000099,0.0784666666666776,0.0,57.36658209888242,0.9571406396419776,0.9359101337123774,0.9567071278756878,78206.39,70.60000000000582,0.0392222222222254,0.0,38.54296159856759,0.8758650759082826,0.846640502948526,0.8752118084406768,78329.85,-52.86000000000058,-0.0146833333333334,52.86000000000058,12.687130665027066,0.6480441744655917,0.6317354736774434,0.647655223530838,0.0572548445711056,True,0.7513725777144472,0.7397955773206775,0.8289884833636328,0.7227451554288944,0.7227451554288944,0.8036676055610691,0.057254844571105634,0.08040884535864501,0.5545096891422112,0.4454903108577888,0.60081769071729,0.39918230928271003,0.5556019467688107,0.4443980532311893,0.39918230928271003,0.60081769071729,0.0,0.6395687020575627,0.6094685010337615,0.6987843510287814,0.7192063804949818,0.6413725777144472,0.6127451554288944,0.770216636646848,0.5439123403239892,0.6963725777144472,0.7298235466286682,0.6629216088002261,0.7051634369525962,0.6127451554288944,0.6704614116117005,0.6357593862708046,0.7031339213564757,0.709759720169062,0.6127451554288944,0.6914808960378712,0.6127451554288944,holdout,hazard_primary_0.55,2,81.0,21.0,19.0,0.81
KXBTC15M-26MAY020445-45,KXBTC15M-26MAY020445-45|2026-05-02T08:33:00+00:00,v21_native_passive_ticker_minute,KXBTC15M-26MAY020445-45|2026-05-02T08:33:00+00:00|yes,2026-05-02 08:33:00.829840+00:00,2026-05-02 08:33:00+00:00,yes,yes,True,True,1,72.0,71.0,71.5,0.715,28.5,43.0,1.0,78303.67,78280.97,719.17016,,153758,synced,coinbase_close_vs_recorded_strike,C:\Users\organ\Desktop\KALSHI PROBABILITY MODEL BOT\logs\edge_research\coinbase_btc_usd_1m_cache.parquet,2026-05-02 08:45:00+00:00,1.0,22.69999999999709,0.8464669922398026,6.556705128118077,,,30.82807890018358,0.736341699185865,0.7692386123812767,29.510982642157323,0.7692051557635854,0.7791142348938946,34.52663801920514,0.6574633761726356,0.7445584937390508,39.81511757623075,0.5701351994386368,0.7157069986036925,78292.99,10.679999999993017,0.1779999999998835,0.0,150.71228847991338,0.999999836334328,0.9999936468204064,0.999923239329832,78278.01,25.66000000000349,0.1425555555555749,0.0,125.22170169778882,0.9999889834209604,0.9998565302056646,0.9991697908917548,78291.69,11.979999999995924,0.0399333333333197,0.0,51.41886172265399,0.9592775787949984,0.9317894773977844,0.9017245404287424,78273.69,29.979999999995925,0.0499666666666598,0.0,58.634535661325536,0.9765316906585352,0.9552688120128152,0.9295800020627172,78243.75,59.919999999998254,0.0665777777777758,0.0,70.58075109688458,0.991614212345186,0.9795351020389468,0.9618618091380856,78206.37,97.30000000000292,0.0540555555555571,0.0,61.57514253777603,0.9815340540809016,0.9627401855688084,0.9390112919741496,78290.9,12.770000000004076,0.0035472222222233,0.0,25.251056373109016,0.803904148465,0.7677172983105376,0.7370273767233539,-0.0641142348938946,True,0.7470571174469474,0.7297792468695254,0.817797271229631,0.715,0.715,0.7830897862271681,0.06411423489389467,0.02955849373905084,0.4417715302122107,0.5582284697877893,0.5108830125218984,0.4891169874781016,0.5685860027926151,0.43141399720738494,0.4891169874781016,0.5108830125218984,0.0,0.712848505362063,0.6679260418607661,0.6996742526810316,0.7241020105605313,0.6045571174469473,0.6366142348938947,0.767412633205947,0.6541562276672891,0.6758071174469473,0.6914842704681683,0.6601299644257262,0.7102428232625965,0.6366142348938947,0.6811065470538243,0.6519702708450522,0.677049675098712,0.7137501801998666,0.6366142348938947,0.7020134340499209,0.6366142348938947,holdout,hazard_primary_0.55,2,74.0,28.0,26.0,0.74
KXBTC15M-26MAY020500-00,KXBTC15M-26MAY020500-00|2026-05-02T08:52:00+00:00,v21_native_passive_ticker_minute,KXBTC15M-26MAY020500-00|2026-05-02T08:52:00+00:00|yes,2026-05-02 08:52:00.344282+00:00,2026-05-02 08:52:00+00:00,yes,no,True,False,1,79.0,78.0,78.5,0.785,21.5,57.0,1.0,78349.43,78327.21,479.655718,,154764,synced,coinbase_close_vs_recorded_strike,C:\Users\organ\Desktop\KALSHI PROBABILITY MODEL BOT\logs\edge_research\coinbase_btc_usd_1m_cache.parquet,2026-05-02 09:00:00+00:00,1.0,22.21999999998661,1.014563517534904,7.8587752141646,,,18.529796624569123,1.1991496965770556,0.8847651284625402,24.533818374961704,0.9056886156238734,0.8174496550598092,25.43163197038348,0.8737150657835491,0.8088632778785378,31.908068093312203,0.6963755980150936,0.7569031796183081,78332.87,16.55999999999767,0.2759999999999612,0.0,154.604978167968,0.9999999998528092,0.99999999939623,0.9999993679788716,78327.16,22.269999999989523,0.123722222222164,0.0,81.56407133251425,0.999557203950754,0.9993298074142084,0.9947092043686976,78319.06,30.369999999995343,0.1012333333333178,0.0,70.77714718551249,0.9980421919793794,0.9973073584416428,0.986727980747309,78337.86,11.569999999992431,0.0192833333333207,0.0,31.46936109541389,0.9002002019461197,0.8920325851632587,0.8379949980017514,78323.55,25.879999999990105,0.0287555555555445,0.0,36.012766646470226,0.928931950854354,0.921621318013418,0.8704754306421401,78276.99,72.43999999998778,0.0402444444444376,0.0,41.52347789549447,0.9547246222672596,0.9487391271406392,0.903430196208408,78206.39,143.0399999999936,0.0397333333333315,0.0,41.27832052851909,0.9537647131908752,0.9477169881359382,0.9021092555656398,-0.0324496550598091,True,0.8012248275299045,0.7969316389392689,0.8668306156797295,0.785,0.785,0.8373433349138186,0.032449655059809124,0.023863277878537814,0.3651006898803817,0.6348993101196183,0.3822734442429243,0.6177265557570757,0.4861936407633838,0.5138063592366162,0.6177265557570757,0.3822734442429243,0.0,0.7626845515777518,0.7515222612420991,0.763092275788876,0.7843964949868139,0.6937248275299046,0.7099496550598091,0.8223332659257805,0.7347035293175562,0.7474748275299046,0.7624848965179427,0.7324647585418663,0.7707997700398727,0.7099496550598091,0.7482894116901766,0.7257790533404807,0.749339481384834,0.7737805660798898,0.7099496550598091,0.7661414604927947,0.7099496550598091,holdout,hazard_primary_0.55,2,81.0,-79.0,-81.0,0.81
KXBTC15M-26MAY020515-15,KXBTC15M-26MAY020515-15|2026-05-02T09:05:00+00:00,v21_native_passive_ticker_minute,KXBTC15M-26MAY020515-15|2026-05-02T09:05:00+00:00|no,2026-05-02 09:05:00.532003+00:00,2026-05-02 09:05:00+00:00,no,no,True,True,1,64.0,63.0,63.5,0.635,36.5,27.0,1.0,78292.89,78310.31,599.467997,,155508,synced,coinbase_close_vs_recorded_strike,C:\Users\organ\Desktop\KALSHI PROBABILITY MODEL BOT\logs\edge_research\coinbase_btc_usd_1m_cache.parquet,2026-05-02 09:15:00+00:00,-1.0,17.419999999998254,0.7114840182990533,5.511131507929933,,,24.78306796070849,0.7028992547499054,0.7589407321840909,41.76719851123841,0.417073699480012,0.661687749216343,34.18673921782705,0.509554300835875,0.6948181265647223,34.38797583249981,0.5065724160342914,0.6937725666053542,78302.21,9.320000000006983,0.1553333333334497,0.0,110.5373622007347,0.9959336604194088,0.9993882414229912,0.9993464560200296,78300.45,7.559999999997672,0.041999999999987,0.0,42.5976558739905,0.8461080244120766,0.8936230579543369,0.8922785326494497,78313.63,20.74000000000524,0.0691333333333508,0.0,58.86322085927539,0.9206292656504368,0.9574484300153894,0.95652756139562,78316.01,23.119999999995343,0.0385333333333255,0.0,40.51950015106027,0.8340084824212977,0.8820387697075502,0.8806623450037863,78332.88,39.99000000000524,0.0444333333333391,0.0,44.05636133336841,0.8542433519354204,0.9012483435194942,0.8999305601234,78317.09,24.19999999999709,0.0134444444444428,0.0,25.479514181886174,0.7290811742156281,0.7719560243751538,0.7706358598307754,78199.39,-93.5,-0.0259722222222222,93.5,1.850483966803809,0.5176692446696494,0.5215836892802344,0.5214575049009518,-0.0266877492163429,True,0.6483438746081716,0.6649090632823611,0.7391056716222599,0.635,0.635,0.7001321778949903,0.026687749216342982,0.059818126564722296,0.676624501567314,0.323375498432686,0.6103637468705554,0.3896362531294446,0.6124548667892915,0.3875451332107085,0.323375498432686,0.676624501567314,0.0,0.5601940739812459,0.603263564534139,0.579347036990623,0.6079099635556666,0.4658438746081715,0.47918774921634305,0.6689697277382589,0.41543842499772965,0.5570938746081715,0.5882563247649029,0.5259314244514401,0.5919584994775621,0.47918774921634305,0.5517175779850124,0.5114766564924628,0.5585341897190105,0.5939739952336808,0.47918774921634305,0.574078738477301,0.47918774921634305,holdout,fallback_score_min60,2,66.0,36.0,34.0,0.66
KXBTC15M-26MAY020530-30,KXBTC15M-26MAY020530-30|2026-05-02T09:16:00+00:00,v21_native_passive_ticker_minute,KXBTC15M-26MAY020530-30|2026-05-02T09:16:00+00:00|yes,2026-05-02 09:16:00.874430+00:00,2026-05-02 09:16:00+00:00,yes,yes,True,True,1,74.0,73.0,73.5,0.735,26.5,47.0,1.0,78324.02,78296.42,839.12557,,156121,synced,coinbase_close_vs_recorded_strike,C:\Users\organ\Desktop\KALSHI PROBABILITY MODEL BOT\logs\edge_research\coinbase_btc_usd_1m_cache.parquet,2026-05-02 09:29:59.999999999+00:00,1.0,27.60000000000582,0.9527865207341922,7.380252654588869,,,40.51995485755075,0.6811458723741065,0.7521104032346381,28.726566499748014,0.9607831134377972,0.8316693845206102,40.22299913109519,0.6861745915577213,0.7536984908988094,37.65516812995376,0.7329671163531654,0.7682107570687828,78308.58,15.440000000002328,0.2573333333333721,0.0,243.53498001337172,1.0,0.9999999992962528,0.9999999999501828,78299.8,24.220000000001164,0.134555555555562,0.0,140.5090072522335,0.9999994990287296,0.9997614105694338,0.999904815924356,78310.18,13.84000000001106,0.0461333333333702,0.0,66.3116596293701,0.989510828491847,0.9503852549077756,0.9608828403624076,78294.64,29.380000000004657,0.0489666666666744,0.0,68.689182077679,0.9916018786967482,0.956154834602768,0.96593631863042,78300.01,24.010000000009317,0.0266777777777881,0.0,49.98600548412561,0.959075930195102,0.8930148509567148,0.9078229298989522,78320.56,3.460000000006403,0.0019222222222257,0.0,29.212985817897696,0.8454072850898204,0.7661651056057812,0.7810672922036594,78255.23,68.79000000000815,0.0191083333333355,0.0,43.634291100091055,0.9356127784636246,0.8609969788482191,0.8767283383742717,-0.0966693845206102,True,0.783334692260305,0.7443492454494047,0.8520600710041523,0.735,0.735,0.8149029810545524,0.09666938452061025,0.018698490898809372,0.33666123095877953,0.6633387690412205,0.4926030182023813,0.5073969817976187,0.46357848586243433,0.5364215141375657,0.5073969817976187,0.4926030182023813,0.0,0.7811701998767933,0.6798080381684521,0.7448350999383967,0.7702861827875814,0.6508346922603051,0.6991693845206102,0.8077368579586746,0.7622898518904052,0.7170846922603051,0.724250815356183,0.7099185691644271,0.7552795896804069,0.6991693845206102,0.7272989153431545,0.6993182410059021,0.7174288033475474,0.760179484654509,0.6991693845206102,0.7534531212396424,0.6991693845206102,holdout,hazard_primary_0.55,2,76.0,26.0,24.0,0.76
KXBTC15M-26MAY020545-45,KXBTC15M-26MAY020545-45|2026-05-02T09:32:00+00:00,v21_native_passive_ticker_minute,KXBTC15M-26MAY020545-45|2026-05-02T09:32:00+00:00|no,2026-05-02 09:32:00.413315+00:00,2026-05-02 09:32:00+00:00,no,no,True,True,1,75.0,74.0,74.5,0.745,25.5,49.0,1.0,78265.21,78310.97,779.586685,,157018,synced,coinbase_close_vs_recorded_strike,C:\Users\organ\Desktop\KALSHI PROBABILITY MODEL BOT\logs\edge_research\coinbase_btc_usd_1m_cache.parquet,2026-05-02 09:45:00+00:00,-1.0,45.75999999999476,1.6389051098944791,12.694904393271107,,,104.43673525326643,0.4381600007796445,0.6693648490120914,62.0885256962449,0.7370121852122238,0.7694425303627752,48.30097509556597,0.947392882016486,0.8282806915741937,44.92747230972697,1.0185304814063074,0.845787038647376,78248.18,-17.030000000013388,-0.2838333333335565,17.030000000013388,-175.51268742601252,0.0023506844327601,0.0001396767636011,4.680616314151065e-05,78310.13,44.919999999998254,0.2495555555555458,0.0,240.31018827887607,0.9999456814396064,0.9999996742091084,0.9999999557419044,78306.29,41.0799999999872,0.1369333333332906,0.0,152.5114033992948,0.9929822605027392,0.9992044195241288,0.9996563722496048,78332.58,67.36999999999534,0.1122833333333255,0.0,133.29459161407203,0.9840972848946724,0.997106981872628,0.9984958270439088,78316.5,51.2899999999936,0.0569888888888817,0.0,90.18777897071143,0.9268280723235685,0.9690634547029546,0.9776468949294004,78300.45,35.23999999999069,0.0195777777777726,0.0,61.022574877435176,0.8371548756752625,0.8967740066911485,0.912807234730438,78292.99,27.77999999999884,0.0077166666666663,0.0,51.77581058591117,0.7978321891580278,0.8581268033255773,0.8754279900584562,-0.0244425303627752,True,0.7572212651813877,0.7866403457870969,0.8358082636218382,0.745,0.745,0.8019292112093804,0.024442530362775217,0.08328069157419371,0.4611149392744496,0.5388850607255504,0.3434386168516126,0.6565613831483874,0.30842592270524793,0.6915740772947521,0.5388850607255504,0.4611149392744496,0.0,0.7002752894716078,0.7767648990464517,0.7098876447358038,0.7346858707860777,0.6297212651813876,0.6419425303627753,0.7813177172819354,0.6381832867758244,0.6934712651813877,0.7140827591088326,0.6728597712539427,0.7187950202418502,0.6419425303627753,0.6911692827762976,0.6635435453107452,0.6959240397292572,0.72185813752474,0.6419425303627753,0.7116301238223554,0.6419425303627753,holdout,hazard_primary_0.55,2,77.0,25.0,23.0,0.77
KXBTC15M-26MAY020600-00,KXBTC15M-26MAY020600-00|2026-05-02T09:52:00+00:00,v21_native_passive_ticker_minute,KXBTC15M-26MAY020600-00|2026-05-02T09:52:00+00:00|no,2026-05-02 09:52:00.517090+00:00,2026-05-02 09:52:00+00:00,no,no,True,True,1,78.0,77.0,77.5,0.775,22.5,55.0,1.0,78303.27,78325.35,479.48291,,158160,synced,coinbase_close_vs_recorded_strike,C:\Users\organ\Desktop\KALSHI PROBABILITY MODEL BOT\logs\edge_research\coinbase_btc_usd_1m_cache.parquet,2026-05-02 10:00:00+00:00,-1.0,22.080000000001743,1.0083527866875774,7.810667099885654,,,13.287205111360173,1.6617490145556637,0.9517184455231368,53.054153624613306,0.4161785362976409,0.66136031773809,62.44139460714335,0.3536115767259909,0.6381850013692533,48.74736696425959,0.4529475410680186,0.6747067417563726,78309.99,6.720000000001164,0.1120000000000194,0.0,75.78208592001104,0.923410354017365,0.8875595646566888,0.9399779229557024,78317.06,13.789999999993595,0.0766111111110755,0.0,58.81371849387358,0.866190003229272,0.8268787724855425,0.8861877005006076,78313.16,9.889999999999418,0.0329666666666647,0.0,37.88695326633415,0.7624230502263382,0.7279949687253642,0.7814826320923038,78301.6,-1.6699999999982538,-0.0027833333333304,1.6699999999982538,20.745439233836475,0.652110195373645,0.6301454366538317,0.6647895643336377,78371.96,68.69000000000233,0.0763222222222248,0.0,58.67520120878076,0.8656257561105918,0.8263102520940009,0.8856392745028394,78332.58,29.30999999999767,0.016283333333332,0.0,29.88758005116779,0.7133986483646575,0.6839062163346337,0.7300987511085205,78349.43,46.15999999998894,0.0128222222222191,0.0,28.22803642377805,0.7026580634788625,0.6743916175695626,0.7187283277088254,0.11363968226191,True,0.7181801588690451,0.7065925006846266,0.7329277893214762,0.66136031773809,0.66136031773809,0.7383927053666948,0.11363968226191001,0.13681499863074675,0.67727936452382,0.32272063547618,0.7236299972614935,0.27637000273850654,0.6505865164872549,0.34941348351274515,0.27637000273850654,0.7236299972614935,0.0,0.559768413059517,0.5296405017800292,0.6561342065297586,0.6548765115523923,0.605680158869045,0.5488603177380901,0.6931647689143127,0.39896294049881387,0.661930158869045,0.707158095321427,0.616702222416663,0.6617402118253933,0.5488603177380901,0.6155794470768583,0.5694186823283233,0.6718170433089105,0.6683497313295188,0.5488603177380901,0.6210125433262014,0.5488603177380901,holdout,fallback_score_min60,2,80.0,22.0,20.0,0.8
KXBTC15M-26MAY020615-15,KXBTC15M-26MAY020615-15|2026-05-02T10:05:00+00:00,v21_native_passive_ticker_minute,KXBTC15M-26MAY020615-15|2026-05-02T10:05:00+00:00|yes,2026-05-02 10:05:00.521412+00:00,2026-05-02 10:05:00+00:00,yes,no,True,False,1,78.0,77.0,77.5,0.775,22.5,55.0,1.0,78313.63,78294.79,599.478588,,158868,synced,coinbase_close_vs_recorded_strike,C:\Users\organ\Desktop\KALSHI PROBABILITY MODEL BOT\logs\edge_research\coinbase_btc_usd_1m_cache.parquet,2026-05-02 10:15:00+00:00,1.0,18.84000000001106,0.7694741961368683,5.960321493948861,,,38.39616518373988,0.4906740011627379,0.6881714811393893,34.11189877492408,0.5522999503580988,0.709628567693336,55.34950906053643,0.3403824228938602,0.6332157231025181,53.47295421603214,0.3523276444367925,0.6377037208105167,78290.12,23.510000000009317,0.3918333333334886,0.0,253.7356933981041,0.999999999999949,0.9999977218479452,0.9999989580966672,78297.6,16.029999999998836,0.089055555555549,0.0,72.22689869800718,0.9828850096330992,0.9040406234945872,0.9116071587050448,78299.79,13.84000000001106,0.0461333333333702,0.0,46.49594552643316,0.913565338821528,0.7995577493064129,0.8077193410256805,78321.34,-7.709999999991851,-0.0128499999999864,7.709999999991851,11.1367001442192,0.627967698932741,0.579731580675128,0.582490104835259,78310.17,3.460000000006403,0.0038444444444515,0.0,21.144662127215323,0.7323256031667225,0.6487770210268884,0.6537361915113837,78318.39,-4.759999999994761,-0.0026444444444415,4.759999999994761,17.254712178412806,0.6935108742114103,0.6223813229697724,0.6265316199240227,78292.89,20.74000000000524,0.0057611111111125,0.0,22.29366275421193,0.7432975233755199,0.6564448791549096,0.661629613828591,0.0653714323066639,True,0.7423142838466681,0.704107861551259,0.7993979688382881,0.709628567693336,0.709628567693336,0.7831016380723065,0.06537143230666398,0.14178427689748196,0.5807428646133279,0.4192571353866721,0.7335685537949639,0.2664314462050361,0.7245925583789665,0.2754074416210335,0.2664314462050361,0.7335685537949639,0.0,0.6225171380013368,0.5231804400332735,0.6875085690006685,0.7013651028828212,0.629814283846668,0.5971285676933361,0.7475273516109737,0.5106136692688249,0.6860642838466681,0.7216385703080008,0.6504899973853353,0.6939190451288907,0.5971285676933361,0.6571888272510812,0.6204586093732717,0.6932034678917139,0.6987360195380135,0.5971285676933361,0.672327959652155,0.5971285676933361,holdout,hazard_primary_0.55,2,80.0,-78.0,-80.0,0.8
KXBTC15M-26MAY020630-30,KXBTC15M-26MAY020630-30|2026-05-02T10:20:00+00:00,v21_native_passive_ticker_minute,KXBTC15M-26MAY020630-30|2026-05-02T10:20:00+00:00|no,2026-05-02 10:20:00.855412+00:00,2026-05-02 10:20:00+00:00,no,no,True,True,1,75.0,74.0,74.5,0.745,25.5,49.0,1.0,78282.5,78302.75,599.144588,,159709,synced,coinbase_close_vs_recorded_strike,C:\Users\organ\Desktop\KALSHI PROBABILITY MODEL BOT\logs\edge_research\coinbase_btc_usd_1m_cache.parquet,2026-05-02 10:30:00+00:00,-1.0,20.25,0.8272927286382028,6.408181920908503,,,31.064225344028976,0.6518752608743988,0.7427591772951665,36.04261523009379,0.5618349243173747,0.7128857526017787,34.6677572510968,0.584116239574723,0.7204289451699514,54.93492389493066,0.3686179676653497,0.6437937494776422,78297.1,14.60000000000582,0.2433333333334303,0.0,166.0418497467248,0.999997955634256,0.9999991640882752,0.9987465981603588,78288.97,6.470000000001164,0.0359444444444509,0.0,41.78591935755944,0.8768427361116704,0.8859610959101238,0.7765651294248044,78282.51,0.0099999999947613,3.333333331587103e-05,0.0,20.269971486256203,0.7130745048640132,0.7206226911761643,0.6439292487679327,78299.8,17.30000000000291,0.0288333333333381,0.0,37.52533562066957,0.8510942426297651,0.8604687044515975,0.7527240840020436,78313.63,31.130000000004657,0.034588888888894,0.0,40.97374558271421,0.8721919520027057,0.8813768699464803,0.7721239125801589,78310.17,27.669999999998254,0.0153722222222212,0.0,29.4601837499772,0.7931417411083062,0.8022780347738052,0.7041154793148077,78324.02,41.52000000000408,0.0115333333333344,0.0,27.160134248267344,0.7744421074230713,0.7833158371151895,0.6894901215967514,0.0321142473982213,True,0.7289428763008894,0.7327144725849757,0.7236534191552639,0.7128857526017787,0.7128857526017787,0.7289806267533363,0.03211424739822133,0.024571054830048622,0.5742284947964427,0.42577150520355733,0.5591421096600973,0.44085789033990275,0.7124125010447155,0.28758749895528446,0.42577150520355733,0.5742284947964427,0.0,0.6267514783823123,0.6365576287209367,0.673125739191156,0.6699331896775573,0.6014428763008893,0.5853857526017787,0.697057777273692,0.49707895568995863,0.6651928763008894,0.6971157257805336,0.6332700268212451,0.6810905017345191,0.5853857526017787,0.64662462373804,0.6121587457415608,0.6700743991913377,0.6847083078527852,0.5853857526017787,0.6412217649377354,0.5853857526017787,holdout,hazard_primary_0.55,2,77.0,25.0,23.0,0.77
KXBTC15M-26MAY020645-45,KXBTC15M-26MAY020645-45|2026-05-02T10:36:00+00:00,v21_native_passive_ticker_minute,KXBTC15M-26MAY020645-45|2026-05-02T10:36:00+00:00|yes,2026-05-02 10:36:00.568627+00:00,2026-05-02 10:36:00+00:00,yes,yes,True,True,1,79.0,78.0,78.5,0.785,21.5,57.0,1.0,78266.61,78242.87,539.431373,,160508,synced,coinbase_close_vs_recorded_strike,C:\Users\organ\Desktop\KALSHI PROBABILITY MODEL BOT\logs\edge_research\coinbase_btc_usd_1m_cache.parquet,2026-05-02 10:45:00+00:00,1.0,23.74000000000524,1.0221452482800053,7.917503047987012,,,21.78134731752036,1.089923394266313,0.8621265547919567,42.84191178426219,0.5541302666312393,0.7102551511331644,37.40470862223845,0.6346794527866192,0.7371812514001913,45.48823847956044,0.5218931485041459,0.6991276355047225,78266.61,0.0,0.0,0.0,23.74000000000524,0.7102551511331644,0.7371812514001913,0.6991276355047225,78251.36,15.25,0.0847222222222222,0.0,69.44182465694968,0.9474788790318456,0.9683088063179446,0.936568323737383,78237.24,29.369999999995343,0.0978999999999844,0.0,76.55033141669686,0.963015851591138,0.9796484945095344,0.953798889804914,78231.71,34.89999999999418,0.0581666666666569,0.0,55.11692486283334,0.9008689687129562,0.929695782041319,0.8871814400963516,78272.75,-6.139999999999418,-0.0068222222222215,6.139999999999418,20.059879299761143,0.6801900309864336,0.7041219282684383,0.6703900489517662,78296.35,-29.74000000000524,-0.0165222222222251,29.74000000000524,14.827394981659223,0.6353645458426329,0.6540966781522706,0.6277730960380052,78327.47,-60.86000000000058,-0.0169055555555557,60.86000000000058,14.62061295534404,0.6335494283018218,0.6520556521092471,0.6260521311530219,0.0747448488668356,True,0.7476275755665822,0.7610906257000957,0.8194236675747675,0.7102551511331644,0.7102551511331644,0.7981797156581769,0.07474484886683563,0.047818748599808725,0.5794896977336712,0.4205103022663288,0.5256374971996174,0.4743625028003826,0.6017447289905551,0.3982552710094449,0.4205103022663288,0.5794896977336712,0.12279999999998836,0.6233316964731137,0.6583356268202486,0.6934158482365569,0.7112174333956707,0.6401275755665823,0.6027551511331644,0.7555907458848106,0.4922518874254449,0.6938775755665822,0.7303265453399492,0.657428605793215,0.6993367674221096,0.6027551511331644,0.6619364453161652,0.624536123210221,0.7018246723836471,0.704650491699605,0.6027551511331644,0.6791729485089875,0.6027551511331644,holdout,hazard_primary_0.55,2,81.0,21.0,19.0,0.81
KXBTC15M-26MAY020700-00,KXBTC15M-26MAY020700-00|2026-05-02T10:50:00+00:00,v21_native_passive_ticker_minute,KXBTC15M-26MAY020700-00|2026-05-02T10:50:00+00:00|yes,2026-05-02 10:50:00.559613+00:00,2026-05-02 10:50:00+00:00,yes,yes,True,True,1,87.0,86.0,86.5,0.865,13.5,73.0,1.0,78266.0,78231.61,599.440387,,161281,synced,coinbase_close_vs_recorded_strike,C:\Users\organ\Desktop\KALSHI PROBABILITY MODEL BOT\logs\edge_research\coinbase_btc_usd_1m_cache.parquet,2026-05-02 11:00:00+00:00,1.0,34.38999999999942,1.4046210605507397,10.880147950490429,,,64.26383788312485,0.5351376626858749,0.7037226659204072,47.63563497273759,0.7219385239575624,0.7648338626128772,45.94090477798879,0.7485703680889706,0.7729419012001644,40.355083838603605,0.8521850713416683,0.8029443094709388,78239.29,26.710000000006403,0.4451666666667734,0.0,301.24087894623005,0.999999999872442,0.999999999972575,0.9999999999999584,78244.01,21.99000000000524,0.1221666666666957,0.0,107.62163394518352,0.9880666196537872,0.9904253120421708,0.9961718997225646,78258.0,8.0,0.0266666666666666,0.0,50.37507698666609,0.8548601543224658,0.8635741530374668,0.8940386029184537,78254.84,11.160000000003492,0.0186000000000058,0.0,45.539591198202906,0.8304634806008644,0.8392217956241566,0.8704397294941681,78266.61,-0.6100000000005821,-0.0006777777777784,0.6100000000005821,33.98371262658792,0.7622037895457796,0.7702670698382511,0.8001388395046161,78282.5,-16.5,-0.0091666666666666,16.5,28.89512978583275,0.7279372961534494,0.7353133637300385,0.7630111325805824,78310.17,-44.169999999998254,-0.0122694444444439,44.169999999998254,27.03519947394693,0.7148268284247257,0.7218941620719731,0.7485497260732961,0.1001661373871227,True,0.8149169313064386,0.8189709506000822,0.8282313389784477,0.7648338626128772,0.7648338626128772,0.8329221896483564,0.10016613738712277,0.09205809879983562,0.47033227477424555,0.5296677252257544,0.45411619759967126,0.5458838024003287,0.3941113810581225,0.6058886189418775,0.5296677252257544,0.47033227477424555,0.01220000000001164,0.6942840213967403,0.7048244715602137,0.7728920106983701,0.7718780261306166,0.7474169313064386,0.6973338626128772,0.7987789621709313,0.6127137406579987,0.7811669313064387,0.8147001587838631,0.747633703829014,0.7757225750752514,0.6973338626128772,0.7412820310152447,0.706841486955238,0.7934821739749137,0.7842292741111633,0.6973338626128772,0.7480564123919042,0.6973338626128772,holdout,fallback_score_min60,1,88.0,13.0,12.0,0.88
KXBTC15M-26MAY020715-15,KXBTC15M-26MAY020715-15|2026-05-02T11:02:00+00:00,v21_native_passive_ticker_minute,KXBTC15M-26MAY020715-15|2026-05-02T11:02:00+00:00|no,2026-05-02 11:02:00.867078+00:00,2026-05-02 11:02:00+00:00,no,no,True,True,1,79.0,78.0,78.5,0.785,21.5,57.0,1.0,78206.37,78250.65,779.132922,,161901,synced,coinbase_close_vs_recorded_strike,C:\Users\organ\Desktop\KALSHI PROBABILITY MODEL BOT\logs\edge_research\coinbase_btc_usd_1m_cache.parquet,2026-05-02 11:15:00+00:00,-1.0,44.27999999999884,1.5863603058656093,12.287894091404018,,,106.55746626023404,0.415550421327197,0.6611304939114016,67.93125414135173,0.6518354557073356,0.7427463368432676,58.43644536547468,0.7577462955363173,0.7756985608782785,53.077020015177006,0.8342593458965345,0.7979325722386414,78189.3,-17.069999999992433,-0.2844999999998739,17.069999999992433,-177.38331630890292,0.0045110175507857,0.0012007211122746,0.0004158876912631,78250.01,43.63999999999942,0.2424444444444412,0.0,233.176448422663,0.9997010173175808,0.9999669991618068,0.9999944145517448,78262.13,55.76000000000931,0.1858666666666977,0.0,189.09483910242304,0.997312206397377,0.9993937132747268,0.9998164349130928,78259.13,52.76000000000931,0.0879333333333488,0.0,112.79175494121093,0.9515810720871912,0.9732065614578408,0.9832091202473784,78244.01,37.63999999999942,0.0418222222222215,0.0,76.86507020453166,0.8710802990563015,0.9058058377529118,0.9262166190044094,78251.36,44.99000000000524,0.0249944444444473,0.0,63.75399453376777,0.8260081792428974,0.8623629286008172,0.8851554331293858,78297.6,91.23000000001048,0.0253416666666695,0.0,64.0245267983511,0.8270290822838574,0.863378902646567,0.8861407935127528,0.0422536631567324,True,0.7638731684216338,0.7803492804391392,0.8416861810802149,0.7427463368432676,0.7427463368432676,0.8147863423324557,0.0422536631567324,0.009301439121721544,0.5145073263134647,0.48549267368653526,0.448602878243443,0.551397121756557,0.4041348555227171,0.5958651444772829,0.48549267368653526,0.5145073263134647,0.0,0.6655702378962478,0.708408129141762,0.7145351189481239,0.7357663395878616,0.6563731684216338,0.6352463368432676,0.7848356097011092,0.585223894326273,0.7101231684216338,0.7400739010529802,0.6801724357902872,0.7209975578955117,0.6352463368432676,0.6894769378019291,0.6579563177083465,0.7160431534627324,0.7251280208979547,0.6352463368432676,0.7100409732721884,0.6352463368432676,holdout,hazard_primary_0.55,2,81.0,21.0,19.0,0.81
KXBTC15M-26MAY020730-30,KXBTC15M-26MAY020730-30|2026-05-02T11:19:00+00:00,v21_native_passive_ticker_minute,KXBTC15M-26MAY020730-30|2026-05-02T11:19:00+00:00|yes,2026-05-02 11:19:00.463095+00:00,2026-05-02 11:19:00+00:00,yes,yes,True,True,1,66.0,65.0,65.5,0.655,34.5,31.0,1.0,78196.0,78177.8,659.536905,,162705,synced,coinbase_close_vs_recorded_strike,C:\Users\organ\Desktop\KALSHI PROBABILITY MODEL BOT\logs\edge_research\coinbase_btc_usd_1m_cache.parquet,2026-05-02 11:30:00+00:00,1.0,18.19999999999709,0.7086827096478967,5.4894326644229,,,19.625281051331484,0.9273752540100466,0.8231341328551032,29.49256862314912,0.6171046080303653,0.7314171352655285,48.38716573098527,0.3761327973037799,0.6465909135726536,46.67646154538082,0.3899181599766787,0.6517014675308309,78192.54,3.460000000006403,0.0576666666667733,0.0,56.23329485506747,0.9717198684996866,0.877413360103876,0.8858493739959263,78178.27,17.729999999995925,0.0984999999999773,0.0,83.16438514248217,0.99759763533685,0.957168060557831,0.9626025482621424,78171.83,24.169999999998254,0.0805666666666608,0.0,71.33668997949326,0.9922141475435466,0.9297981683873228,0.9367837664149992,78185.63,10.369999999995343,0.0172833333333255,0.0,29.59899617474197,0.8422163516223629,0.7296357454763042,0.7370023679104651,78194.15,1.8500000000058208,0.002055555555562,0.0,19.555714749168025,0.7463579773540481,0.65694910749611,0.6623784477040593,78239.29,-43.2899999999936,-0.0240499999999964,43.2899999999936,2.3381374347494344,0.5315945925877662,0.519269965320708,0.5199756343692774,78297.1,-101.10000000000582,-0.0280833333333349,101.10000000000582,-0.3219947487539798,0.495644503907536,0.4973452387770335,0.4972479426192207,-0.0764171352655285,True,0.6932085676327643,0.6507954567863268,0.7928770942696918,0.655,0.655,0.745367970088368,0.07641713526552851,0.00840908642734639,0.5371657294689429,0.4628342705310571,0.706818172854693,0.29318182714530705,0.6965970649383382,0.3034029350616618,0.29318182714530705,0.706818172854693,0.0,0.6508422758451871,0.5405681876444497,0.6356711379225937,0.6693925526769482,0.5207085676327643,0.5589171352655286,0.7261513971414736,0.5620556852854117,0.6069585676327642,0.6261751405796585,0.58774199468587,0.6484447568436856,0.5589171352655286,0.6131571506397392,0.5778695444357927,0.6080039562849141,0.6517093262286427,0.5589171352655286,0.6425342662035011,0.5589171352655286,holdout,hazard_primary_0.55,2,68.0,34.0,32.0,0.68
KXBTC15M-26MAY020745-45,KXBTC15M-26MAY020745-45|2026-05-02T11:34:00+00:00,v21_native_passive_ticker_minute,KXBTC15M-26MAY020745-45|2026-05-02T11:34:00+00:00|no,2026-05-02 11:34:00.799886+00:00,2026-05-02 11:34:00+00:00,no,no,True,True,1,63.0,62.0,62.5,0.625,37.5,25.0,1.0,78199.98,78216.48,659.200114,,163483,synced,coinbase_close_vs_recorded_strike,C:\Users\organ\Desktop\KALSHI PROBABILITY MODEL BOT\logs\edge_research\coinbase_btc_usd_1m_cache.parquet,2026-05-02 11:45:00+00:00,-1.0,16.5,0.642651177057264,4.977954612326755,,,28.90005606171915,0.5709331485296254,0.7159775201169892,32.96927104867076,0.5004660241241591,0.6916265130898586,30.733371883520423,0.5368756823213233,0.7043232552589795,43.62816552964954,0.3781960529325181,0.647357521297322,78216.75,16.770000000004075,0.2795000000000679,0.0,200.7464318630448,0.999999999431537,0.9999999999675236,0.9999979007246008,78210.63,10.650000000008731,0.0591666666667151,0.0,55.502673411698645,0.953857619936505,0.9645362653863854,0.8983445745117079,78213.55,13.570000000006983,0.0452333333333566,0.0,46.31781848994868,0.9199712874914144,0.9341056258365812,0.8558025750068824,78230.6,30.62000000000989,0.0510333333333498,0.0,50.14117915114421,0.9358507376782008,0.9486064824785712,0.8747806787515906,78196.0,-3.9799999999959255,-0.0044222222222176,3.9799999999959255,13.584870606980765,0.6598473058104892,0.670763876116827,0.6222435331250321,78194.15,-5.830000000001746,-0.0032388888888898,5.830000000001746,14.364924075210473,0.6684751376000235,0.6798948384407726,0.6290196699601204,78253.16,53.18000000000757,0.0147722222222243,0.0,26.237850572923605,0.7869338298202133,0.8033713346005908,0.7262122224911548,-0.0666265130898585,True,0.6583132565449292,0.6646616276294898,0.7455326001937577,0.625,0.625,0.7039822114252405,0.06662651308985856,0.07932325525897954,0.6167469738202829,0.3832530261797171,0.5913534894820409,0.4086465105179591,0.7052849574053559,0.2947150425946441,0.3832530261797171,0.6167469738202829,0.07959999999991851,0.599114467016816,0.6156202318366734,0.5933072335084081,0.6228043622575495,0.4708132565449293,0.5041265130898585,0.6758275140432164,0.45933015492887486,0.5645632565449292,0.5887379539269575,0.540388559162901,0.6069176753932389,0.5041265130898585,0.5681141309945885,0.529310586595938,0.5655372675571354,0.6094550574936995,0.5041265130898585,0.5899770135665374,0.5041265130898585,holdout,fallback_score_min60,2,65.0,37.0,35.0,0.65
KXBTC15M-26MAY020800-00,KXBTC15M-26MAY020800-00|2026-05-02T11:46:00+00:00,v21_native_passive_ticker_minute,KXBTC15M-26MAY020800-00|2026-05-02T11:46:00+00:00|no,2026-05-02 11:46:00.507035+00:00,2026-05-02 11:46:00+00:00,no,no,True,True,1,68.0,67.0,67.5,0.675,32.5,35.0,1.0,78121.64,78147.98,839.492965,,164002,synced,coinbase_close_vs_recorded_strike,C:\Users\organ\Desktop\KALSHI PROBABILITY MODEL BOT\logs\edge_research\coinbase_btc_usd_1m_cache.parquet,2026-05-02 12:00:00+00:00,-1.0,26.339999999996508,0.9090907526110404,7.041786690107454,,,123.15034954073248,0.213884898404486,0.5846815914684349,74.38123183006418,0.3541215888999318,0.6383761182675894,59.01726083904799,0.4463101070012553,0.6723133717539346,56.2490573970231,0.4682745137235048,0.6802058541211415,78171.41,49.77000000000408,0.829500000000068,0.0,722.6994144675535,1.0,1.0,1.0,78137.21,15.570000000006983,0.0865000000000388,0.0,98.9561414725291,0.9083053052745156,0.9532025692691728,0.9607324532182512,78143.09,21.44999999999709,0.0714999999999903,0.0,86.36374699748836,0.8771985591112685,0.928316126107834,0.9376548943613238,78163.89,42.25,0.0704166666666666,0.0,85.45429628541318,0.8746950124138568,0.9261850832629408,0.935645548347458,78210.63,88.99000000000524,0.0988777777777836,0.0,109.34719883927916,0.9292314804642164,0.968044506689836,0.9740512360121664,78178.27,56.63000000000466,0.0314611111111137,0.0,52.7513814488598,0.7609006967902587,0.814293496168323,0.8258310388636241,78230.61,108.97000000000116,0.0302694444444447,0.0,51.75098566556623,0.7567083223323158,0.8097237675561838,0.8212222271019443,0.0366238817324106,True,0.6566880591337947,0.6736566858769673,0.7301915591262859,0.6383761182675894,0.6383761182675894,0.7044525473025306,0.0366238817324106,0.00268662824606547,0.7232477634648211,0.2767522365351789,0.6553732564921309,0.34462674350786915,0.6395882917577171,0.36041170824228286,0.2767522365351789,0.7232477634648211,0.0,0.5298889537478663,0.5740073832801149,0.5861944768739332,0.60641433278506,0.49418805913379477,0.4758761182675894,0.6646277709560485,0.36447209244630574,0.5754380591337948,0.6152628354802768,0.5356132827873126,0.596417412178393,0.4758761182675894,0.5531489097169113,0.5098804072554297,0.5786316013207684,0.5988990685540937,0.4758761182675894,0.5702519446118189,0.4758761182675894,holdout,fallback_score_min60,2,70.0,32.0,30.0,0.7
KXBTC15M-26MAY020815-15,KXBTC15M-26MAY020815-15|2026-05-02T12:03:00+00:00,v21_native_passive_ticker_minute,KXBTC15M-26MAY020815-15|2026-05-02T12:03:00+00:00|no,2026-05-02 12:03:00.921214+00:00,2026-05-02 12:03:00+00:00,no,no,True,True,1,75.0,74.0,74.5,0.745,25.5,49.0,1.0,78122.24,78148.85,719.078786,,164985,synced,coinbase_close_vs_recorded_strike,C:\Users\organ\Desktop\KALSHI PROBABILITY MODEL BOT\logs\edge_research\coinbase_btc_usd_1m_cache.parquet,2026-05-02 12:15:00+00:00,-1.0,26.610000000000586,0.9923311771639066,7.686564246156424,,,30.68500551553075,0.867198801268989,0.8070834535171176,55.61616738981048,0.4784579960983762,0.6838378682145694,62.10056288153511,0.4284985314990238,0.6658558987664223,48.86885042572723,0.5445186405692822,0.7069576877034118,78126.81,4.569999999992433,0.0761666666665405,0.0,81.37983420024324,0.9282992226522788,0.9049785884152662,0.952070556987388,78147.04,24.79999999998836,0.1377777777777131,0.0,125.6830771821763,0.9880840945836632,0.9785079129341892,0.9949420821025498,78147.05,24.80999999999767,0.0826999999999922,0.0,86.077815602195,0.9391541870428334,0.9171423688629609,0.9609150224473636,78129.44,7.19999999999709,0.0119999999999951,0.0,35.238945431997095,0.7368322290345675,0.7147956523477144,0.7645735961104057,78119.0,-3.2400000000052387,-0.0036000000000058,3.2400000000052387,24.021316370396395,0.6670974853166781,0.650552741415312,0.6884800427558528,78216.75,94.50999999999476,0.0525055555555526,0.0,64.36563114714293,0.8764289141209012,0.8500095148071147,0.9060990521566252,78197.95,75.70999999999185,0.0210305555555532,0.0,41.7326263577934,0.7734836353048831,0.7492135240768435,0.8034397278351422,0.0611621317854306,True,0.7144189341072846,0.7054279493832112,0.789330685085801,0.6838378682145694,0.6838378682145694,0.7654821978729375,0.06116213178543062,0.07914410123357773,0.6323242635708612,0.36767573642913876,0.6682882024671555,0.3317117975328445,0.5860846245931763,0.41391537540682366,0.3317117975328445,0.6682882024671555,0.06480000000010477,0.5889892286789402,0.5656126683963489,0.6542446143394701,0.6736600330437534,0.5869189341072847,0.5563378682145693,0.7245097715158461,0.4486311551334011,0.6506689341072847,0.6884013604643707,0.6129365077501985,0.6617252454763795,0.5563378682145693,0.622429198059099,0.5831331506418185,0.6568338980717308,0.6659594261748145,0.5563378682145693,0.6404238198652077,0.5563378682145693,holdout,hazard_primary_0.55,2,77.0,25.0,23.0,0.77
KXBTC15M-26MAY020830-30,KXBTC15M-26MAY020830-30|2026-05-02T12:25:00+00:00,v21_native_passive_ticker_minute,KXBTC15M-26MAY020830-30|2026-05-02T12:25:00+00:00|yes,2026-05-02 12:25:00.464644+00:00,2026-05-02 12:25:00+00:00,yes,yes,True,True,1,87.0,86.0,86.5,0.865,13.5,73.0,1.0,78170.45,78146.95,299.535356,,166263,synced,coinbase_close_vs_recorded_strike,C:\Users\organ\Desktop\KALSHI PROBABILITY MODEL BOT\logs\edge_research\coinbase_btc_usd_1m_cache.parquet,2026-05-02 12:30:00+00:00,1.0,23.5,1.357825048828905,10.517667602355242,,,17.365837414035035,1.353231602929056,0.9120091739621942,21.838497523917923,1.0760813546931225,0.8590545631861326,34.13750209588152,0.6883924879446621,0.7543971734407988,35.3816934633062,0.6641852805709111,0.7467141334233534,78156.72,13.729999999995924,0.2288333333332654,0.0,92.04367396464632,0.999987496910173,0.9964938830898084,0.9953584577677344,78143.54,26.91000000000349,0.1495000000000194,0.0,68.28053572200581,0.9991158380876012,0.9772586151556504,0.9731858411948174,78142.46,27.989999999990687,0.0932999999999689,0.0,51.4466487147907,0.9907580159815232,0.9341000513187332,0.9270333755980312,78141.99,28.45999999999185,0.0474333333333197,0.0,37.7079603862626,0.9578868636008414,0.865331464537199,0.8567311581584807,78109.19,61.25999999999476,0.0680666666666608,0.0,43.88837323173159,0.9777674211801282,0.9007147913695516,0.8925910692441672,78105.67,64.77999999999884,0.0359888888888882,0.0,34.27994464537758,0.9417578329158932,0.8423522895748049,0.8336927390633055,78233.35,-62.90000000000873,-0.0174722222222246,62.90000000000873,18.26645169655483,0.7985444734819286,0.703704321233975,0.697166532338498,0.0059454368138673,True,0.8620272815930663,0.8096985867203994,0.9049375263892186,0.8590545631861326,0.8590545631861326,0.8883679721521445,0.0059454368138673885,0.11060282655920117,0.2818908736277348,0.7181091263722652,0.49120565311840236,0.5087943468815976,0.5065717331532933,0.4934282668467067,0.5087943468815976,0.49120565311840236,0.0,0.8167709321419723,0.6807163254730384,0.8341354660709861,0.8467112676691384,0.7945272815930663,0.7915545631861326,0.873678884789371,0.8171849279704175,0.8282772815930664,0.8429663689558398,0.8135881942302927,0.8385363754574217,0.7915545631861326,0.8218815209701762,0.8052266664829308,0.8314429075681513,0.8410968533628742,0.7915545631861326,0.8326167239877518,0.7915545631861326,holdout,fallback_score_min60,1,88.0,13.0,12.0,0.88
KXBTC15M-26MAY020845-45,KXBTC15M-26MAY020845-45|2026-05-02T12:32:00+00:00,v21_native_passive_ticker_minute,KXBTC15M-26MAY020845-45|2026-05-02T12:32:00+00:00|no,2026-05-02 12:32:00.809776+00:00,2026-05-02 12:32:00+00:00,no,no,True,True,1,80.0,79.0,79.5,0.795,20.5,59.0,1.0,78195.29,78245.65,779.190224,,166562,synced,coinbase_close_vs_recorded_strike,C:\Users\organ\Desktop\KALSHI PROBABILITY MODEL BOT\logs\edge_research\coinbase_btc_usd_1m_cache.parquet,2026-05-02 12:45:00+00:00,-1.0,50.36000000000058,1.8041139884599176,13.9746068639302,,,92.39646360545204,0.5450425052526469,0.7071378578990648,69.7302375491529,0.72221179462499,0.7649178635501901,66.33210013216394,0.7592100943534184,0.7761365557087978,65.7805332851118,0.7655760372407718,0.7780356964143237,78244.44,49.15000000000873,0.8191666666668121,0.0,688.6466584934473,1.0,1.0,1.0,78234.07,38.78000000001339,0.2154444444445188,0.0,218.2322049262808,0.9991249678410434,0.9994990522295872,0.9995459960331498,78234.04,38.75,0.1291666666666666,0.0,151.00540393333392,0.9848278013866848,0.988592120031056,0.9891504497081812,78143.54,-51.75,-0.08625,51.75,-16.845156819999403,0.4045543327584675,0.3997663943327588,0.3989440754977523,78139.92,-55.36999999999534,-0.061522222222217,55.36999999999534,2.4224858856935114,0.5138567960016247,0.5145663600948611,0.5146884434010222,78126.81,-68.47999999999593,-0.0380444444444421,68.47999999999593,20.716140811380125,0.6168010159847608,0.6225973153929061,0.6235918912881122,78209.41,14.120000000009895,0.0039222222222249,0.0,53.41615721191384,0.7781737747850981,0.7896719992669379,0.7916144955422929,0.0300821364498099,True,0.779958931775095,0.7855682778543989,0.8482485549789582,0.7649178635501901,0.7649178635501901,0.8239409193423941,0.03008213644980995,0.018863444291202236,0.4701642728996198,0.5298357271003802,0.4477268885824044,0.5522731114175956,0.44392860717135263,0.5560713928286474,0.5298357271003802,0.4701642728996198,1.0,0.694393222615247,0.7089775224214371,0.7344466113076237,0.7534293914462921,0.6774589317750951,0.6624178635501901,0.747424492052432,0.42831850723904863,0.728708931775095,0.7552253590650571,0.7021925044851329,0.7407785757001267,0.6624178635501901,0.7124015467276457,0.6840245177551646,0.7339408777357717,0.7445495821198916,0.6624178635501901,0.704921177801311,0.6624178635501901,holdout,hazard_primary_0.55,2,82.0,20.0,18.0,0.82
KXBTC15M-26MAY020900-00,KXBTC15M-26MAY020900-00|2026-05-02T12:48:00+00:00,v21_native_passive_ticker_minute,KXBTC15M-26MAY020900-00|2026-05-02T12:48:00+00:00|no,2026-05-02 12:48:00.647103+00:00,2026-05-02 12:48:00+00:00,no,no,True,True,1,71.0,70.0,70.5,0.705,29.5,41.0,1.0,78195.03,78221.29,719.352897,,167421,synced,coinbase_close_vs_recorded_strike,C:\Users\organ\Desktop\KALSHI PROBABILITY MODEL BOT\logs\edge_research\coinbase_btc_usd_1m_cache.parquet,2026-05-02 13:00:00+00:00,-1.0,26.25999999999476,0.9790924987869346,7.584017884396807,,,41.36173180617556,0.6348863757216758,0.7372487382810371,41.64119377805057,0.6306255324946191,0.7358572998621531,55.45986993447524,0.4734955208337206,0.6820701520738759,56.26778699578356,0.4666968687068244,0.6796416148120739,78219.5,24.470000000001164,0.4078333333333527,0.0,319.63608982650874,0.9999999999999918,0.9999999958776112,0.9999999932897534,78214.04,19.00999999999476,0.105611111111082,0.0,102.23165873314048,0.9929569601270288,0.967360652568446,0.9653820399798254,78212.38,17.35000000000582,0.0578333333333527,0.0,67.86257587650871,0.9484173442229392,0.8894548137477813,0.8861036737613617,78210.04,15.00999999999476,0.0250166666666579,0.0,44.255811639938486,0.8560612241965782,0.7875586621093407,0.7842189203209591,78203.4,8.369999999995343,0.0092999999999948,0.0,32.94998194209104,0.785610659294816,0.7237850614659568,0.7209252328372937,78139.83,-55.19999999999709,-0.030666666666665,55.19999999999709,4.1998444919959255,0.5401683790280556,0.53018210309749,0.52974954554432,78119.0,-76.02999999999884,-0.0211194444444441,76.02999999999884,11.067666455853328,0.6047981731705766,0.5790883116563648,0.5779674037161683,-0.0308572998621531,True,0.7204286499310766,0.6935350760369379,0.7964248813616974,0.705,0.705,0.7629406588032338,0.03085729986215313,0.02292984792612407,0.5282854002756938,0.4717145997243062,0.6358596958522482,0.3641403041477518,0.6407167703758523,0.3592832296241477,0.3641403041477518,0.6358596958522482,0.0,0.6566144898207991,0.5866911976960386,0.6660572449103995,0.6903989793326935,0.5729286499310765,0.5883572998621531,0.7396121187756645,0.5665563341466001,0.6466786499310766,0.6700071899586458,0.6233501099035071,0.6764048665747687,0.5883572998621531,0.6446445041143447,0.6128841416539206,0.6488984103611943,0.6793927685883563,0.5883572998621531,0.6639847093189089,0.5883572998621531,holdout,hazard_primary_0.55,2,73.0,29.0,27.0,0.73
KXBTC15M-26MAY020915-15,KXBTC15M-26MAY020915-15|2026-05-02T13:01:00+00:00,v21_native_passive_ticker_minute,KXBTC15M-26MAY020915-15|2026-05-02T13:01:00+00:00|yes,2026-05-02 13:01:00.636687+00:00,2026-05-02 13:01:00+00:00,yes,yes,True,True,1,65.0,64.0,64.5,0.645,35.5,29.0,1.0,78225.59,78210.72,839.363313,,168137,synced,coinbase_close_vs_recorded_strike,C:\Users\organ\Desktop\KALSHI PROBABILITY MODEL BOT\logs\edge_research\coinbase_btc_usd_1m_cache.parquet,2026-05-02 13:15:00+00:00,1.0,14.869999999995343,0.5132582950554682,3.9756816581052816,,,23.923368273570127,0.6215679928492054,0.7328870136045276,40.245855777409794,0.3694790361084072,0.6441146518803602,51.628062866119954,0.2880216528471288,0.6133349179588111,56.42168724411131,0.2635511401078725,0.6039370939203395,78213.16,12.429999999993017,0.2071666666665502,0.0,188.7580996763976,0.9999986348099,0.9998719663998468,0.9995893110122572,78208.01,17.580000000001746,0.0976666666666763,0.0,96.84781690300348,0.9919447968493031,0.9696638094267483,0.956964701023211,78199.49,26.09999999999127,0.0869999999999708,0.0,87.8946082309709,0.9855167389069776,0.955665226562822,0.9403615662771924,78206.4,19.19000000000233,0.0319833333333372,0.0,41.7156366274486,0.8500202058203349,0.7904556111634936,0.7701541627543195,78219.49,6.099999999991269,0.006777777777768,0.0,20.55901801032053,0.6952669291052245,0.6547637806621237,0.6422134191588834,78244.44,-18.85000000000582,-0.0104722222222254,18.85000000000582,6.080000861075963,0.5600403337141094,0.5468732378765309,0.542906962181987,78147.22,78.36999999999534,0.0217694444444431,0.0,33.14247301105259,0.7948882175270672,0.739546157573459,0.721534678046372,0.0008853481196398,True,0.6445573259401801,0.6291674589794056,0.7582104635957793,0.6441146518803602,0.6441146518803602,0.7128377433455035,0.0008853481196398061,0.0316650820411889,0.7117706962392796,0.2882293037607204,0.7733301640823778,0.22666983591762224,0.7921258121593211,0.2078741878406789,0.22666983591762224,0.7733301640823778,0.0,0.5373490474444682,0.49733539334645444,0.5734245237222342,0.6074761976129319,0.4670573259401801,0.4666146518803602,0.6771606737215756,0.38678097765141817,0.5558073259401801,0.591484395564108,0.5201302563162522,0.5852431012535735,0.4666146518803602,0.5433012214060928,0.5013593415586123,0.557666273461132,0.5871558406853598,0.4666146518803602,0.5718876628009679,0.4666146518803602,holdout,fallback_score_min60,2,67.0,35.0,33.0,0.67
KXBTC15M-26MAY020930-30,KXBTC15M-26MAY020930-30|2026-05-02T13:16:00+00:00,v21_native_passive_ticker_minute,KXBTC15M-26MAY020930-30|2026-05-02T13:16:00+00:00|no,2026-05-02 13:16:00.931618+00:00,2026-05-02 13:16:00+00:00,no,no,True,True,1,80.0,79.0,79.5,0.795,20.5,59.0,1.0,78350.77,78402.31,839.068382,,168858,synced,coinbase_close_vs_recorded_strike,C:\Users\organ\Desktop\KALSHI PROBABILITY MODEL BOT\logs\edge_research\coinbase_btc_usd_1m_cache.parquet,2026-05-02 13:30:00+00:00,-1.0,51.5399999999936,1.77928589560648,13.782289283651291,,,136.92971493407765,0.3763974826414165,0.6466892914004925,101.33705071836098,0.5085997632123234,0.694483602511217,77.26569414572502,0.6670489480465661,0.7476295659145059,67.4305941154459,0.7643414784653018,0.7776681133170056,78389.76,38.98999999999069,0.6498333333331782,0.0,596.7946035695301,0.9999999980597036,0.9999999999999944,1.0,78359.16,8.389999999999418,0.0466111111111078,0.0,90.64990958321312,0.8144831227486972,0.8796468566522719,0.9105814012014312,78351.84,1.069999999992433,0.0035666666666414,0.0,54.532677229105765,0.7047569282924702,0.7598379040875,0.7906627730414093,78329.99,-20.77999999999884,-0.0346333333333313,20.77999999999884,22.48026503672856,0.5877794500076862,0.614454286129836,0.6305776900127391,78225.59,-125.18000000000757,-0.1390888888888972,125.18000000000757,-65.16508895419123,0.2600948727352564,0.1995052712442404,0.1669214282168387,78219.49,-131.27999999999884,-0.0729333333333326,131.27999999999884,-9.656053993872526,0.4620436282981968,0.4502728296217375,0.4430661563916652,78139.91,-210.86000000000055,-0.0585722222222223,210.86000000000055,2.393900269849013,0.5094233965494472,0.5123583340864069,0.5141601519063871,0.100516397488783,True,0.7447418012556085,0.771314782957253,0.7314135102678957,0.694483602511217,0.694483602511217,0.7467964664118592,0.10051639748878305,0.04737043408549413,0.611032794977566,0.388967205022434,0.5047408681709882,0.4952591318290118,0.44466377336598883,0.5553362266340112,0.388967205022434,0.611032794977566,1.0,0.602828683264582,0.6719184356888577,0.6886643416322912,0.6796400344615381,0.6422418012556086,0.5919836025112171,0.6561931869141026,0.259442897851681,0.6934918012556086,0.734095080753365,0.652888521757852,0.6938224016741447,0.5919836025112171,0.6523811937158794,0.6109399857576143,0.7034439276909057,0.7004740515579467,0.5919836025112171,0.6240883947126599,0.5919836025112171,holdout,hazard_primary_0.55,2,82.0,20.0,18.0,0.82
KXBTC15M-26MAY020945-45,KXBTC15M-26MAY020945-45|2026-05-02T13:41:00+00:00,v21_native_passive_ticker_minute,KXBTC15M-26MAY020945-45|2026-05-02T13:41:00+00:00|yes,2026-05-02 13:41:00.959399+00:00,2026-05-02 13:41:00+00:00,yes,yes,True,True,1,92.0,91.0,91.5,0.915,8.5,83.0,1.0,78333.98,78305.0,239.040601,,170131,synced,coinbase_close_vs_recorded_strike,C:\Users\organ\Desktop\KALSHI PROBABILITY MODEL BOT\logs\edge_research\coinbase_btc_usd_1m_cache.parquet,2026-05-02 13:45:00+00:00,1.0,28.979999999995925,1.874401163250228,14.519048978759884,,,25.6834000109723,1.1283552795819585,0.8704150468795961,20.361394710876088,1.4232816765010792,0.922672741707562,35.03366386262802,0.8272043744448377,0.7959393836721568,33.54042986257352,0.8640318600189916,0.8062148055801169,78305.49,28.489999999990687,0.4748333333331781,0.0,142.48444537479216,0.9999999999986996,0.9999761962663858,0.9999892223711218,78303.46,30.519999999989523,0.1695555555554973,0.0,69.51066190287091,0.9996797359205476,0.9763782410845264,0.980887972195892,78301.51,32.470000000001164,0.1082333333333372,0.0,54.85216104823019,0.9964692446033816,0.9412904115440068,0.949017832414739,78301.19,32.7899999999936,0.0546499999999893,0.0,42.043568844643374,0.9805321995061228,0.8849479118782656,0.8949915704576791,78306.59,27.389999999999414,0.0304333333333326,0.0,36.25480229042911,0.9625082913989046,0.8496319507490949,0.8601355118489411,78351.84,-17.860000000000582,-0.0099222222222225,17.860000000000582,26.60818603674029,0.90435897190464,0.7762242528517249,0.786203360488261,78189.09,144.88999999999942,0.040247222222222,0.0,38.600720188576446,0.9710054140213766,0.8647295905147938,0.8751074194434181,-0.0076727417075618,True,0.918836370853781,0.8554696918360785,0.9447139954369813,0.915,0.915,0.933595671432945,0.007672741707561936,0.11906061632784326,0.15465451658487628,0.8453454834151237,0.40812123265568645,0.5918787673443135,0.38757038883976613,0.6124296111602339,0.5918787673443135,0.40812123265568645,0.0,0.8994745642198305,0.7347211987738037,0.9029872821099153,0.9111342065702533,0.876336370853781,0.880172741707562,0.9266302197744575,0.9449924078754619,0.897586370853781,0.9045518225122686,0.8906209191952934,0.905948494471708,0.880172741707562,0.8967017850187321,0.8874550755657562,0.898909835742405,0.9074751811949133,0.880172741707562,0.9034014807410098,0.880172741707562,holdout,fallback_score_min60,1,93.0,8.0,7.0,0.93
KXBTC15M-26MAY021000-00,KXBTC15M-26MAY021000-00|2026-05-02T13:50:00+00:00,v21_native_passive_ticker_minute,KXBTC15M-26MAY021000-00|2026-05-02T13:50:00+00:00|no,2026-05-02 13:50:00.808061+00:00,2026-05-02 13:50:00+00:00,no,yes,True,False,1,73.0,72.0,72.5,0.725,27.5,45.0,1.0,78336.21,78357.85,599.191939,,170570,synced,coinbase_close_vs_recorded_strike,C:\Users\organ\Desktop\KALSHI PROBABILITY MODEL BOT\logs\edge_research\coinbase_btc_usd_1m_cache.parquet,2026-05-02 14:00:00+00:00,-1.0,21.639999999999414,0.8840448029051525,6.847781597905748,,,27.483216852987383,0.7873896318526186,0.7844730928583687,35.59474045409176,0.6079549878418009,0.7283913359906703,33.82531991606564,0.6397574377329482,0.7388348463477223,52.52727165412934,0.4119764708605082,0.6598216653773373,78341.85,5.639999999999418,0.0939999999999903,0.0,77.96404226599361,0.985749654747094,0.9894139643540016,0.9311298041888229,78340.06,3.849999999991269,0.0213888888888403,0.0,34.456049806359246,0.8334802077163534,0.8458146325333529,0.7440766660228627,78365.0,28.7899999999936,0.0959666666666453,0.0,79.1424530793533,0.9869066278728305,0.99035141498411,0.9340552692423886,78305.49,-30.720000000001164,-0.0512000000000019,30.720000000001164,-9.038627276801748,0.3997742237205295,0.3946518773610279,0.4316893057458577,78310.46,-25.75,-0.0286111111111111,25.75,4.496452856388306,0.5502620798681211,0.5528762500918935,0.5341086967447237,78317.03,-19.180000000007567,-0.0106555555555597,19.180000000007567,15.25527700554134,0.6658863986293211,0.6740058404751874,0.6142547612320932,78210.37,-125.84000000001106,-0.0349555555555586,125.84000000001106,0.6949128878420225,0.5077880192090207,0.508195358762758,0.5052776783711156,-0.0033913359906703,True,0.7266956679953351,0.7319174231738612,0.8134326546211669,0.725,0.725,0.7783987263717672,0.003391335990670319,0.013834846347722363,0.5432173280186594,0.4567826719813406,0.5223303073045553,0.4776696926954447,0.6803566692453253,0.31964333075467466,0.4567826719813406,0.5432173280186594,0.515,0.6469087367878713,0.660485300252039,0.6722043683939357,0.6983950311812188,0.5891956679953352,0.5908913359906702,0.7258269935699012,0.45247333476862367,0.657945667995335,0.684767400797201,0.6311239351934691,0.6814275573271136,0.5908913359906702,0.6494106846389993,0.6173938119508852,0.661173015104318,0.6844955483334063,0.5908913359906702,0.6583591647802858,0.5908913359906702,holdout,hazard_primary_0.55,2,75.0,-73.0,-75.0,0.75
KXBTC15M-26MAY021015-15,KXBTC15M-26MAY021015-15|2026-05-02T14:06:00+00:00,v21_native_passive_ticker_minute,KXBTC15M-26MAY021015-15|2026-05-02T14:06:00+00:00|yes,2026-05-02 14:06:00.579116+00:00,2026-05-02 14:06:00+00:00,yes,no,True,False,1,75.0,74.0,74.5,0.745,25.5,49.0,1.0,78387.85,78361.99,539.420884,,171481,synced,coinbase_close_vs_recorded_strike,C:\Users\organ\Desktop\KALSHI PROBABILITY MODEL BOT\logs\edge_research\coinbase_btc_usd_1m_cache.parquet,2026-05-02 14:15:00+00:00,1.0,25.860000000000586,1.1134344191239374,8.62462592472228,,,35.10881599480034,0.7365671347000275,0.7693071863543528,50.79061278427757,0.5091492026259948,0.6946761770606156,41.99523372262996,0.6157841666223519,0.7309815106320646,50.98680542821125,0.5071900422632111,0.6939892593943755,78386.76,1.0900000000110597,0.0181666666668509,0.0,35.65947939276668,0.7586878550933672,0.802095961672183,0.7578447143418436,78380.45,7.400000000008731,0.0411111111111596,0.0,48.03619189780453,0.8278668141261261,0.8736567975460799,0.8269369209421489,78343.16,44.69000000000233,0.1489666666666744,0.0,106.21573101987144,0.9817470486392632,0.994284394418408,0.9813835174795073,78386.5,1.3500000000058208,0.0022500000000097,0.0,27.07369698900581,0.7029988856880536,0.7404343285460322,0.7022885942174337,78336.21,51.63999999999942,0.0573777777777771,0.0,56.81077161084468,0.8683294288157868,0.91193878566876,0.8674086565470217,78301.51,86.34000000001106,0.0479666666666728,0.0,51.73422173587056,0.8457984213824448,0.8910080839610435,0.8448658011521353,78329.99,57.86000000000058,0.0160722222222223,0.0,34.52969231895622,0.7516983719577948,0.7945266661921513,0.7508693478216675,0.0503238229393844,True,0.7198380885303077,0.7379907553160323,0.8071410752332929,0.6946761770606156,0.6946761770606156,0.7772522628460373,0.05032382293938442,0.014018489367935372,0.6106476458787689,0.38935235412123115,0.5380369787358708,0.46196302126412925,0.612021481211249,0.387978518788751,0.38935235412123115,0.6106476458787689,0.0,0.6030790301788003,0.650275963821684,0.6612895150894001,0.6849642199533265,0.5923380885303078,0.5671761770606155,0.7416874982581604,0.48752705898515747,0.6560880885303078,0.6916528531181846,0.6205233239424308,0.6689507847070769,0.5671761770606155,0.6315304808155574,0.5941101769240379,0.6617785082604821,0.6729396446708251,0.5671761770606155,0.654431837659388,0.5671761770606155,holdout,hazard_primary_0.55,2,77.0,-75.0,-77.0,0.77
KXBTC15M-26MAY021030-30,KXBTC15M-26MAY021030-30|2026-05-02T14:23:00+00:00,v21_native_passive_ticker_minute,KXBTC15M-26MAY021030-30|2026-05-02T14:23:00+00:00|yes,2026-05-02 14:23:00.093420+00:00,2026-05-02 14:23:00+00:00,yes,yes,True,True,1,71.0,70.0,70.5,0.705,29.5,41.0,1.0,78334.41,78316.34,419.90658,,172407,synced,coinbase_close_vs_recorded_strike,C:\Users\organ\Desktop\KALSHI PROBABILITY MODEL BOT\logs\edge_research\coinbase_btc_usd_1m_cache.parquet,2026-05-02 14:30:00+00:00,1.0,18.070000000006985,0.881823792766656,6.830577727349438,,,14.716052348504071,1.2279108263598866,0.8902597775404024,30.499862417193413,0.5924616889360309,0.7232292660764376,38.67317475123679,0.4672489423545218,0.6798391093774213,32.6861764445174,0.5528330923220586,0.7098111469416142,78324.03,10.380000000004657,0.1730000000000776,0.0,90.7138383400396,0.998531412384302,0.9905031027617408,0.9972424317726452,78330.12,4.290000000008149,0.0238333333333786,0.0,28.077773490026,0.8213669253195365,0.7660889258762652,0.8048326782926492,78325.0,9.410000000003492,0.0313666666666783,0.0,31.24106972601188,0.847153670516513,0.7904036817982214,0.8304104361004923,78323.27,11.139999999999418,0.0185666666666656,0.0,25.866265502006577,0.8018027626432689,0.748202045249462,0.785630644096053,78357.99,-23.580000000001743,-0.0262000000000019,23.580000000001743,7.06844760400617,0.5916352335163184,0.5725122921851494,0.5856042980667018,78316.25,18.16000000000349,0.0100888888888908,0.0,22.306390829341133,0.7677204692278088,0.7179601264856968,0.7525199686608711,78306.8,27.610000000000586,0.0076694444444446,0.0,21.29045018717372,0.7574272548473797,0.7090194520433437,0.7425927626238027,-0.0182292660764376,True,0.7141146330382188,0.6924195546887106,0.7584609788643167,0.705,0.705,0.7388995139262338,0.0182292660764376,0.025160890622578647,0.5535414678471249,0.4464585321528751,0.6403217812451574,0.3596782187548426,0.5803777061167716,0.41962229388322836,0.3596782187548426,0.6403217812451574,0.4716000000000349,0.6401980458993688,0.5837908421906477,0.6578490229496844,0.6720643900013357,0.5666146330382187,0.5757292660764375,0.6894653671415195,0.43685389920451945,0.6403646330382187,0.6662187798229312,0.6145104862535062,0.6679861773842917,0.5757292660764375,0.6351568718822702,0.6023275663802488,0.6429621590852437,0.6709183748395144,0.5757292660764375,0.6325973166089784,0.5757292660764375,holdout,hazard_primary_0.55,2,73.0,29.0,27.0,0.73
KXBTC15M-26MAY021045-45,KXBTC15M-26MAY021045-45|2026-05-02T14:41:00+00:00,v21_native_passive_ticker_minute,KXBTC15M-26MAY021045-45|2026-05-02T14:41:00+00:00|no,2026-05-02 14:41:00.078557+00:00,2026-05-02 14:41:00+00:00,no,no,True,True,1,76.0,75.0,75.5,0.755,24.5,51.0,1.0,78386.14,78406.99,239.921443,,173328,synced,coinbase_close_vs_recorded_strike,C:\Users\organ\Desktop\KALSHI PROBABILITY MODEL BOT\logs\edge_research\coinbase_btc_usd_1m_cache.parquet,2026-05-02 14:45:00+00:00,-1.0,20.85000000000582,1.3460820311837185,10.426706578807188,,,48.63944330543753,0.4286644456244207,0.665916280748913,36.90080031066461,0.5650283957115156,0.7139727748717284,57.53695259533474,0.3623758134471723,0.641464394439182,45.65763524547291,0.4566596558912489,0.6760421534141863,78370.0,-16.139999999999418,-0.2689999999999903,16.139999999999418,-43.68886816699185,0.1182155394673231,0.2238310494461424,0.1693139679535131,78420.91,34.770000000004075,0.1931666666666893,0.0,67.19482540617793,0.9656934160620164,0.8785673975821167,0.9294504769772518,78434.73,48.58999999999651,0.161966666666655,0.0,59.7092763845697,0.9471797425974092,0.8503079993823117,0.904522813133024,78393.22,7.080000000001746,0.0118000000000029,0.0,23.68107302740652,0.7394821035160609,0.6596764430353311,0.6980032385665796,78446.22,60.08000000000175,0.0667555555555575,0.0,36.86608921716184,0.8411170269214043,0.7391534113214644,0.7902953030682365,78316.26,-69.88000000000466,-0.0388222222222248,69.88000000000466,11.535716423982976,0.6227131289929402,0.5794522134200532,0.5997333205367872,78333.98,-52.16000000000349,-0.0144888888888898,52.16000000000349,17.3738048703167,0.6811170052518345,0.6186583687721287,0.6482215860036428,0.0410272251282716,True,0.7344863874358643,0.6982321972195911,0.8053841724897125,0.7139727748717284,0.7139727748717284,0.7811277809810004,0.041027225128271616,0.11353560556081799,0.5720544502565432,0.4279455497434568,0.717071211121636,0.28292878887836403,0.6479156931716274,0.35208430682837255,0.28292878887836403,0.717071211121636,0.0,0.6281646073332469,0.5339037127709366,0.6793323036666236,0.6985502779263645,0.6119863874358642,0.5914727748717284,0.7484223359553461,0.5226635240031977,0.6732363874358642,0.7059418324615185,0.6405309424102099,0.686815183247819,0.5914727748717284,0.6520818193003444,0.6173484553528698,0.6786900517295655,0.6907066067952556,0.5914727748717284,0.6699475554135372,0.5914727748717284,holdout,hazard_primary_0.55,2,78.0,24.0,22.0,0.78
KXBTC15M-26MAY021100-00,KXBTC15M-26MAY021100-00|2026-05-02T14:49:00+00:00,v21_native_passive_ticker_minute,KXBTC15M-26MAY021100-00|2026-05-02T14:49:00+00:00|yes,2026-05-02 14:49:00.487197+00:00,2026-05-02 14:49:00+00:00,yes,yes,True,True,1,80.0,79.0,79.5,0.795,20.5,59.0,1.0,78429.24,78389.63,659.512803,,173753,synced,coinbase_close_vs_recorded_strike,C:\Users\organ\Desktop\KALSHI PROBABILITY MODEL BOT\logs\edge_research\coinbase_btc_usd_1m_cache.parquet,2026-05-02 15:00:00+00:00,1.0,39.61000000000058,1.5423865413529052,11.947274776148518,,,25.861803980469528,1.53160235960003,0.9371897050512998,54.8874163747404,0.7216590361908418,0.764747933451752,94.6675853111171,0.418411432697112,0.6621768354451596,75.23445927995364,0.5264874683635128,0.7007252216271087,78412.68,16.560000000012224,0.2760000000002037,0.0,221.6355336281349,0.999973045879634,0.990389007443158,0.9983900794487122,78399.99,29.25,0.1625,0.0,146.78083048750057,0.99625479529211,0.93948762650308,0.9744702125009024,78398.02,31.220000000001164,0.1040666666666705,0.0,108.24329903220313,0.9757007222695656,0.8735645610245955,0.9248887902962448,78372.09,57.15000000000873,0.0952500000000145,0.0,102.42859448576016,0.9689903725928424,0.8603696692789822,0.9133155809578124,78414.95,14.290000000008147,0.0158777777777868,0.0,50.08159772763989,0.8192320216633453,0.7016062335600808,0.7471901428922337,78327.48,101.76000000000931,0.0565333333333385,0.0,76.89445712960399,0.9193852997479736,0.7916780569837878,0.8466247726004337,78341.85,87.38999999999942,0.0242749999999998,0.0,55.61967329282548,0.8445513618380087,0.7215747728178368,0.7701328851966155,0.030252066548248,True,0.779873966725876,0.7285884177225799,0.845149551907106,0.764747933451752,0.764747933451752,0.8220645244894387,0.03025206654824808,0.13282316455484044,0.4705041330964961,0.5294958669035039,0.6756463291096808,0.3243536708903192,0.5985495567457826,0.4014504432542174,0.3243536708903192,0.6756463291096808,0.0,0.6941723134872775,0.5608298860787074,0.7343361567436388,0.7524062289705954,0.677373966725876,0.662247933451752,0.7955141111797892,0.6270659391304605,0.728623966725876,0.7551743800355256,0.7020735534162263,0.7406652889678348,0.662247933451752,0.7122611868074904,0.683857084647146,0.7338666864208135,0.7444414991102868,0.662247933451752,0.7288810223157707,0.662247933451752,holdout,hazard_primary_0.55,2,82.0,20.0,18.0,0.82
KXBTC15M-26MAY021115-15,KXBTC15M-26MAY021115-15|2026-05-02T15:09:00+00:00,v21_native_passive_ticker_minute,KXBTC15M-26MAY021115-15|2026-05-02T15:09:00+00:00|yes,2026-05-02 15:09:00.130177+00:00,2026-05-02 15:09:00+00:00,yes,yes,True,True,1,75.0,74.0,74.5,0.745,25.5,49.0,1.0,78441.67,78417.73,359.869823,,174897,synced,coinbase_close_vs_recorded_strike,C:\Users\organ\Desktop\KALSHI PROBABILITY MODEL BOT\logs\edge_research\coinbase_btc_usd_1m_cache.parquet,2026-05-02 15:15:00+00:00,1.0,23.94000000000233,1.261976974227195,9.775231608958302,,,45.2678516835532,0.5288521347855404,0.701545985806313,28.60896999829217,0.836800486051453,0.7986476379228575,34.423390493267405,0.6954573520201202,0.7566156353279818,55.92544555865352,0.4280699020072092,0.6656998855591444,78463.99,-22.320000000006985,-0.3720000000001164,22.320000000006985,-109.93157415603956,6.087976833607511e-05,0.0007027629863035,0.0246677474422572,78432.1,9.569999999992431,0.0531666666666246,0.0,43.07307892282053,0.9339124236528972,0.8945826587120935,0.7794056602134135,78417.2,24.470000000001164,0.0815666666666705,0.0,53.29338189603706,0.9687562525896,0.9392097384425546,0.8296888028510715,78422.01,19.66000000000349,0.0327666666666724,0.0,35.73173453363776,0.8941619080877873,0.8503666981921536,0.7385616326606649,78411.5,30.169999999998254,0.0335222222222202,0.0,36.00363617767941,0.8958897526462447,0.8521978200665421,0.740140674190909,78372.09,69.58000000000175,0.0386555555555565,0.0,37.85096793574712,0.9070898701613954,0.8642404965823098,0.7507371245513652,78359.96,81.70999999999185,0.0226972222222199,0.0,32.10804534370429,0.8691340200745761,0.8245226772490886,0.7170574774898352,-0.0536476379228575,True,0.7718238189614288,0.750807817663991,0.8374679635041525,0.745,0.745,0.8058455418947772,0.05364763792285754,0.011615635327981821,0.40270472415428493,0.5972952758457151,0.48676872934403637,0.5132312706559636,0.6686002288817112,0.3313997711182888,0.5132312706559636,0.48676872934403637,0.0,0.7382419292997148,0.6836003259263763,0.7288709646498575,0.7512465899088174,0.6443238189614288,0.6711476379228576,0.7910750694793487,0.694170901104675,0.7080738189614288,0.7228442913768572,0.6933033465460002,0.7382650919485717,0.6711476379228576,0.7121305626184374,0.6859960332883032,0.709457443660677,0.7416294210109128,0.6711476379228576,0.7311113537011031,0.6711476379228576,holdout,hazard_primary_0.55,2,77.0,25.0,23.0,0.77
KXBTC15M-26MAY021130-30,KXBTC15M-26MAY021130-30|2026-05-02T15:17:00+00:00,v21_native_passive_ticker_minute,KXBTC15M-26MAY021130-30|2026-05-02T15:17:00+00:00|no,2026-05-02 15:17:00.488921+00:00,2026-05-02 15:17:00+00:00,no,no,True,True,1,83.0,82.0,82.5,0.825,17.5,65.0,1.0,78383.84,78434.44,779.511079,,175327,synced,coinbase_close_vs_recorded_strike,C:\Users\organ\Desktop\KALSHI PROBABILITY MODEL BOT\logs\edge_research\coinbase_btc_usd_1m_cache.parquet,2026-05-02 15:29:59.999999999+00:00,-1.0,50.60000000000582,1.812338727064534,14.03831541521538,,,90.05167262552881,0.5618996130190833,0.7129077913153197,64.37238425957013,0.7860513569913827,0.7840812999063174,62.01101000091514,0.8159841292579991,0.7927453935497455,84.49595962957385,0.5988452018514702,0.7253619418378621,78437.99,54.15000000000873,0.9025000000001456,0.0,754.1087487976192,1.0,1.0,1.0,78437.0,53.16000000000349,0.2953333333333527,0.0,280.8156053313543,0.9999935666955958,0.9999970295218406,0.9995553961963728,78431.79,47.94999999999709,0.1598333333333236,0.0,175.1918541268316,0.9967510488366682,0.9976372480140948,0.9809313272640672,78455.5,71.66000000000349,0.1194333333333391,0.0,143.69960653524367,0.9872030103699448,0.9897569576615752,0.9554973617882652,78417.81,33.970000000001164,0.0377444444444457,0.0,80.02221261515128,0.8930870877647024,0.9015530623962222,0.8281942962928044,78400.0,16.160000000003492,0.0089777777777797,0.0,57.59827724258511,0.8145441399884248,0.8235138719506198,0.7522758666454802,78305.0,-78.83999999999651,-0.021899999999999,78.83999999999651,33.52870736990658,0.698766265115909,0.7056392214156741,0.6542456256365294,0.0409187000936825,True,0.8045406499531587,0.8088726967748727,0.8686107829143285,0.7840812999063174,0.7840812999063174,0.8470745997392288,0.04091870009368259,0.032254606450254464,0.4318374001873653,0.5681625998126347,0.414509212900509,0.585490787099491,0.5492761163242759,0.45072388367572414,0.5681625998126347,0.4318374001873653,0.0,0.7193056898782125,0.730569011614669,0.7634028449391064,0.7805779498227732,0.7170406499531586,0.6965812999063173,0.8213908597204923,0.6678377046963015,0.7607906499531587,0.7864743899718951,0.7351069099344221,0.7685541999375448,0.6965812999063173,0.7417721824677387,0.7149901649979327,0.7668902113970526,0.7727245035204706,0.6965812999063173,0.7589860798134048,0.6965812999063173,holdout,fallback_score_min60,1,84.0,17.0,16.0,0.84
KXBTC15M-26MAY021145-45,KXBTC15M-26MAY021145-45|2026-05-02T15:34:00+00:00,v21_native_passive_ticker_minute,KXBTC15M-26MAY021145-45|2026-05-02T15:34:00+00:00|yes,2026-05-02 15:34:00.860568+00:00,2026-05-02 15:34:00+00:00,yes,yes,True,True,1,71.0,70.0,70.5,0.705,29.5,41.0,1.0,78389.75,78373.22,659.139432,,176218,synced,coinbase_close_vs_recorded_strike,C:\Users\organ\Desktop\KALSHI PROBABILITY MODEL BOT\logs\edge_research\coinbase_btc_usd_1m_cache.parquet,2026-05-02 15:45:00+00:00,1.0,16.529999999998836,0.6438492688715373,4.98723499161457,,,12.50630422256496,1.321733399877957,0.906871528711553,17.561947556053312,0.9412395719346752,0.8267089490538905,43.59292567948615,0.3791899658567189,0.6477265988660363,48.25018032600217,0.3425893932066978,0.6340463086488923,78382.82,6.929999999993015,0.1154999999998835,0.0,92.6606043959221,0.9999999340601852,0.98323121464938,0.9725975563269682,78377.9,11.85000000000582,0.0658333333333656,0.0,59.92334594002016,0.9996776928286724,0.9153740712546408,0.8928688029371031,78373.57,16.179999999993015,0.05393333333331,0.0,52.07958669918349,0.9984889401201242,0.8838939165586223,0.8597876187366111,78378.51,11.24000000000524,0.018733333333342,0.0,28.877878692804597,0.9499473914069424,0.7461566923097283,0.7252478281418883,78375.0,14.75,0.0163888888888888,0.0,27.33256291333217,0.9401877308749678,0.7346688675474733,0.7144648343619382,78417.2,-27.44999999999709,-0.0152499999999983,27.44999999999709,6.4781236619999,0.6438887073601436,0.559067308619597,0.5534019550843017,78414.95,-25.19999999999709,-0.0069999999999991,25.19999999999709,11.91602397599937,0.7512770151899255,0.607707006596823,0.597531688336791,-0.1217089490538905,True,0.7658544745269452,0.6763632994330182,0.8433992963913383,0.705,0.705,0.800210472740192,0.12170894905389051,0.05727340113396362,0.34658210189221905,0.653417898107781,0.7045468022679273,0.2954531977320727,0.7319073827022153,0.26809261729778466,0.2954531977320727,0.7045468022679273,0.0,0.7747216337700575,0.5420445785258472,0.7251108168850288,0.7544597108970412,0.6183544745269451,0.6792089490538904,0.7950522625509701,0.7532667921197934,0.6921044745269451,0.697262684716167,0.6869462643377232,0.7369726327025936,0.6792089490538904,0.7048122289130182,0.6726518251234428,0.6922545253475569,0.7429351692811372,0.6792089490538904,0.7371306058024303,0.6792089490538904,holdout,hazard_primary_0.55,2,73.0,29.0,27.0,0.73
KXBTC15M-26MAY021200-00,KXBTC15M-26MAY021200-00|2026-05-02T15:46:00+00:00,v21_native_passive_ticker_minute,KXBTC15M-26MAY021200-00|2026-05-02T15:46:00+00:00|no,2026-05-02 15:46:00.534849+00:00,2026-05-02 15:46:00+00:00,no,yes,True,False,1,77.0,76.0,76.5,0.765,23.5,53.0,1.0,78408.82,78439.12,839.465151,,176829,synced,coinbase_close_vs_recorded_strike,C:\Users\organ\Desktop\KALSHI PROBABILITY MODEL BOT\logs\edge_research\coinbase_btc_usd_1m_cache.parquet,2026-05-02 16:00:00+00:00,-1.0,30.29999999998836,1.0457823132893254,8.100594966255649,,,74.17222380759185,0.4085087172064406,0.6585498839968285,57.84411566077054,0.5238216481289834,0.6997987025214091,56.99614190796366,0.531614930163453,0.7025036390012126,54.28345011074804,0.5581811756284999,0.711639663091891,78433.99,25.169999999998254,0.4194999999999709,0.0,382.455630844464,0.9999999999810204,0.9999999999902822,0.9999999999990762,78408.52,-0.3000000000029104,-0.0016666666666828,0.3000000000029104,28.900891414974787,0.6913336211585313,0.6939462725126309,0.7027779475179639,78398.65,-10.170000000012806,-0.0339000000000426,10.170000000012806,1.8421313810525248,0.5127027595009719,0.5128916825336735,0.5135356736300571,78415.27,6.44999999999709,0.0107499999999951,0.0,39.324250373234285,0.7516944121414855,0.7548858729010666,0.7655973571988235,78377.9,-30.92000000001281,-0.0343555555555697,30.92000000001281,1.4597083678430778,0.5100663235505933,0.5102160551894278,0.5107264591690527,78437.99,29.169999999998254,0.0162055555555545,0.0,43.90399914147088,0.7760753522354249,0.779438350829456,0.7906824891999316,78399.99,-8.830000000001746,-0.0024527777777782,8.830000000001746,28.240978532396284,0.6873049760391435,0.6898726139038369,0.6985554172952103,0.0652012974785909,True,0.7323993512607045,0.7337518195006063,0.6591671540074603,0.6997987025214091,0.5127027595009719,0.6949801626566171,0.06520129747859094,0.062496360998787415,0.6004025949571818,0.39959740504281815,0.5949927219975748,0.4050072780024252,0.576720673816218,0.42327932618378195,0.39959740504281815,0.6004025949571818,0.6184000000002562,0.6097383132778318,0.6132547307015763,0.6756191566389159,0.650389432589013,0.6148993512607046,0.582298702521409,0.6275199031608862,0.3271876809928641,0.6736493512607045,0.7101896107564227,0.6371090917649862,0.6823658016809393,0.582298702521409,0.644566175252284,0.6067665488236287,0.6805398078095248,0.6870325026052779,0.582298702521409,0.6049093028411476,0.582298702521409,holdout,hazard_primary_0.55,2,79.0,-77.0,-79.0,0.79
KXBTC15M-26MAY021215-15,KXBTC15M-26MAY021215-15|2026-05-02T16:01:00+00:00,v21_native_passive_ticker_minute,KXBTC15M-26MAY021215-15|2026-05-02T16:01:00+00:00|no,2026-05-02 16:01:02.994044+00:00,2026-05-02 16:01:00+00:00,no,yes,True,False,1,68.0,67.0,67.5,0.675,32.5,35.0,1.0,78460.98,78478.99,837.005956,,177262,synced,coinbase_close_vs_recorded_strike,C:\Users\organ\Desktop\KALSHI PROBABILITY MODEL BOT\logs\edge_research\coinbase_btc_usd_1m_cache.parquet,2026-05-02 16:15:00+00:00,-1.0,18.010000000009313,0.6225144525352175,4.82197621488465,,,44.00769303582865,0.4092466284325915,0.6588206606978722,52.97491167412503,0.3399722515970911,0.6330612876818654,54.540871474242245,0.330211078649794,0.6293797618194393,51.81572171847989,0.3475779049814163,0.6359213989421942,78483.53,22.55000000000291,0.3758333333333818,0.0,332.5847384633832,0.9999999998286936,0.9999999994626428,0.9999999999312364,78486.48,25.5,0.1416666666666666,0.0,136.58584376667596,0.9950357827551282,0.9938650288153242,0.9958054183117556,78475.55,14.570000000006983,0.0485666666666899,0.0,58.66058926309547,0.8659238726317634,0.8589322540070654,0.8712038459806485,78419.72,-41.25999999999476,-0.0687666666666579,41.25999999999476,-39.54810957425005,0.2276693906790246,0.2341923972910173,0.2226585384921781,78408.82,-52.15999999998894,-0.0579555555555432,52.15999999998894,-30.49914518326929,0.2823994898249254,0.2880133056250966,0.2780621534095832,78377.9,-83.08000000000175,-0.0461555555555565,83.08000000000175,-20.622474902480384,0.3485317132760815,0.3526742629662177,0.3453163898656299,78415.34,-45.63999999999942,-0.0126777777777776,45.63999999999942,7.398624491165004,0.5555367901947059,0.5539521371442979,0.5567708971501322,0.0419387123181346,True,0.6540306438409327,0.6521898809097197,0.7246617201045429,0.6330612876818654,0.6330612876818654,0.7006031608309123,0.04193871231813462,0.04562023818056071,0.7338774246362691,0.26612257536373085,0.7412404763611213,0.25875952363887866,0.7281572021156115,0.2718427978843885,0.25875952363887866,0.7412404763611213,1.0,0.522979673986425,0.5181936903652711,0.5827398369932126,0.6018322242563888,0.49153064384093276,0.4705612876818654,0.6097154183672854,0.1527149626269072,0.5727806438409327,0.6136683863045596,0.5318929013773057,0.5928741917879102,0.4705612876818654,0.5487908450061857,0.504707498224461,0.5760302709001961,0.5953490197188066,0.4705612876818654,0.5401383530245754,0.4705612876818654,holdout,fallback_score_min60,2,70.0,-68.0,-70.0,0.7
KXBTC15M-26MAY021315-15,KXBTC15M-26MAY021315-15|2026-05-02T17:06:00+00:00,v21_native_passive_ticker_minute,KXBTC15M-26MAY021315-15|2026-05-02T17:06:00+00:00|no,2026-05-02 17:06:00.369301+00:00,2026-05-02 17:06:00+00:00,no,no,True,True,1,80.0,79.0,79.5,0.795,20.5,59.0,1.0,78414.03,78449.91,539.630699,,177983,synced,coinbase_close_vs_recorded_strike,C:\Users\organ\Desktop\KALSHI PROBABILITY MODEL BOT\logs\edge_research\coinbase_btc_usd_1m_cache.parquet,2026-05-02 17:15:00+00:00,-1.0,35.88000000000466,1.5445576053414942,11.964091765491233,,,24.815818261630643,1.445851981253468,0.9258906386488864,34.63560162644984,1.0359283025303223,0.8498822037173706,43.69982679596483,0.8210558858168691,0.794192781952031,48.30769011525389,0.7427388872123903,0.7711801093221624,78431.3,17.270000000004075,0.2878333333334012,0.0,191.203702862208,0.9999999830922472,0.9999939391697736,0.9999622161284498,78438.68,24.64999999999418,0.1369444444444121,0.0,109.77942627970944,0.9992366358294946,0.9939996709297788,0.9884719611960824,78434.93,20.89999999999418,0.0696666666666472,0.0,73.47427203032753,0.98305386695958,0.9536515653673688,0.9358656016761456,78486.57,72.54000000000815,0.1209000000000135,0.0,101.121351509112,0.998247473448702,0.9896661089946855,0.9818377595041132,78475.54,61.50999999999476,0.0683444444444386,0.0,72.76076032832374,0.9821685667930544,0.9520448746238788,0.933991329822371,78472.79,58.75999999999476,0.0326444444444415,0.0,53.49594437402531,0.9387707691652478,0.8895556348452425,0.8659395243415831,78462.19,48.16000000000349,0.0133777777777787,0.0,43.09905957329407,0.8933159325105731,0.8379953671451431,0.813851240685129,-0.0548822037173705,True,0.8224411018586852,0.7945963909760155,0.8759786902256502,0.795,0.795,0.8490754345071272,0.054882203717370515,0.0008072180479690161,0.3002355925652589,0.6997644074347411,0.41161443609593795,0.588385563904062,0.4576397813556752,0.5423602186443248,0.588385563904062,0.41161443609593795,0.0,0.8048468648325817,0.7324506165376403,0.7896734324162908,0.808478819112249,0.7199411018586853,0.7473822037173705,0.8395518752506014,0.7980697941306991,0.7711911018586852,0.7807146611152112,0.7616675426021593,0.7974214691449136,0.7473822037173705,0.7764812362004324,0.7555410032559511,0.7720662930977623,0.800789524396837,0.7473822037173705,0.793467039483986,0.7473822037173705,holdout,hazard_primary_0.55,2,82.0,20.0,18.0,0.82
