dataset_current,candidate,label_current,base_name_current,action_current,impulse_col_current,impulse_abs_min_current,over_margin_min_current,min_seconds_to_close_current,max_margin_sigma_current,max_chosen_score_current,max_fade_ask_current,fade_selected_current,all_base_markets_current,all_markets_current,all_wins_current,all_losses_current,all_accuracy_current,all_coverage_current,all_wilson95_lower_current,all_median_ask_current,all_mean_ask_current,all_p75_ask_current,all_ask_ge_95_current,all_ask_eq_100_current,all_median_seconds_to_close_current,all_entry_fee_cents_current,all_ask_cost_cents_current,all_entry_cost_cents_current,all_gross_pnl_cents_current,all_net_pnl_cents_current,all_gross_roi_on_ask_current,all_net_roi_on_cost_current,all_net_edge_per_selected_cents_current,all_net_edge_per_base_market_cents_current,all_fee_aware_break_even_accuracy_current,all_accuracy_minus_break_even_current,train_base_markets_current,train_markets_current,train_wins_current,train_losses_current,train_accuracy_current,train_coverage_current,train_wilson95_lower_current,train_median_ask_current,train_mean_ask_current,train_p75_ask_current,train_ask_ge_95_current,train_ask_eq_100_current,train_median_seconds_to_close_current,train_entry_fee_cents_current,train_ask_cost_cents_current,train_entry_cost_cents_current,train_gross_pnl_cents_current,train_net_pnl_cents_current,train_gross_roi_on_ask_current,train_net_roi_on_cost_current,train_net_edge_per_selected_cents_current,train_net_edge_per_base_market_cents_current,train_fee_aware_break_even_accuracy_current,train_accuracy_minus_break_even_current,validation_base_markets_current,validation_markets_current,validation_wins_current,validation_losses_current,validation_accuracy_current,validation_coverage_current,validation_wilson95_lower_current,validation_median_ask_current,validation_mean_ask_current,validation_p75_ask_current,validation_ask_ge_95_current,validation_ask_eq_100_current,validation_median_seconds_to_close_current,validation_entry_fee_cents_current,validation_ask_cost_cents_current,validation_entry_cost_cents_current,validation_gross_pnl_cents_current,validation_net_pnl_cents_current,validation_gross_roi_on_ask_current,validation_net_roi_on_cost_current,validation_net_edge_per_selected_cents_current,validation_net_edge_per_base_market_cents_current,validation_fee_aware_break_even_accuracy_current,validation_accuracy_minus_break_even_current,holdout_base_markets_current,holdout_markets_current,holdout_wins_current,holdout_losses_current,holdout_accuracy_current,holdout_coverage_current,holdout_wilson95_lower_current,holdout_median_ask_current,holdout_mean_ask_current,holdout_p75_ask_current,holdout_ask_ge_95_current,holdout_ask_eq_100_current,holdout_median_seconds_to_close_current,holdout_entry_fee_cents_current,holdout_ask_cost_cents_current,holdout_entry_cost_cents_current,holdout_gross_pnl_cents_current,holdout_net_pnl_cents_current,holdout_gross_roi_on_ask_current,holdout_net_roi_on_cost_current,holdout_net_edge_per_selected_cents_current,holdout_net_edge_per_base_market_cents_current,holdout_fee_aware_break_even_accuracy_current,holdout_accuracy_minus_break_even_current,coverage_pass_current,all_splits_positive_current,oos_positive_current,min_split_coverage_current,min_oos_edge_cents_current,min_oos_roi_current,dataset_v21,label_v21,base_name_v21,action_v21,impulse_col_v21,impulse_abs_min_v21,over_margin_min_v21,min_seconds_to_close_v21,max_margin_sigma_v21,max_chosen_score_v21,max_fade_ask_v21,fade_selected_v21,all_base_markets_v21,all_markets_v21,all_wins_v21,all_losses_v21,all_accuracy_v21,all_coverage_v21,all_wilson95_lower_v21,all_median_ask_v21,all_mean_ask_v21,all_p75_ask_v21,all_ask_ge_95_v21,all_ask_eq_100_v21,all_median_seconds_to_close_v21,all_entry_fee_cents_v21,all_ask_cost_cents_v21,all_entry_cost_cents_v21,all_gross_pnl_cents_v21,all_net_pnl_cents_v21,all_gross_roi_on_ask_v21,all_net_roi_on_cost_v21,all_net_edge_per_selected_cents_v21,all_net_edge_per_base_market_cents_v21,all_fee_aware_break_even_accuracy_v21,all_accuracy_minus_break_even_v21,train_base_markets_v21,train_markets_v21,train_wins_v21,train_losses_v21,train_accuracy_v21,train_coverage_v21,train_wilson95_lower_v21,train_median_ask_v21,train_mean_ask_v21,train_p75_ask_v21,train_ask_ge_95_v21,train_ask_eq_100_v21,train_median_seconds_to_close_v21,train_entry_fee_cents_v21,train_ask_cost_cents_v21,train_entry_cost_cents_v21,train_gross_pnl_cents_v21,train_net_pnl_cents_v21,train_gross_roi_on_ask_v21,train_net_roi_on_cost_v21,train_net_edge_per_selected_cents_v21,train_net_edge_per_base_market_cents_v21,train_fee_aware_break_even_accuracy_v21,train_accuracy_minus_break_even_v21,validation_base_markets_v21,validation_markets_v21,validation_wins_v21,validation_losses_v21,validation_accuracy_v21,validation_coverage_v21,validation_wilson95_lower_v21,validation_median_ask_v21,validation_mean_ask_v21,validation_p75_ask_v21,validation_ask_ge_95_v21,validation_ask_eq_100_v21,validation_median_seconds_to_close_v21,validation_entry_fee_cents_v21,validation_ask_cost_cents_v21,validation_entry_cost_cents_v21,validation_gross_pnl_cents_v21,validation_net_pnl_cents_v21,validation_gross_roi_on_ask_v21,validation_net_roi_on_cost_v21,validation_net_edge_per_selected_cents_v21,validation_net_edge_per_base_market_cents_v21,validation_fee_aware_break_even_accuracy_v21,validation_accuracy_minus_break_even_v21,holdout_base_markets_v21,holdout_markets_v21,holdout_wins_v21,holdout_losses_v21,holdout_accuracy_v21,holdout_coverage_v21,holdout_wilson95_lower_v21,holdout_median_ask_v21,holdout_mean_ask_v21,holdout_p75_ask_v21,holdout_ask_ge_95_v21,holdout_ask_eq_100_v21,holdout_median_seconds_to_close_v21,holdout_entry_fee_cents_v21,holdout_ask_cost_cents_v21,holdout_entry_cost_cents_v21,holdout_gross_pnl_cents_v21,holdout_net_pnl_cents_v21,holdout_gross_roi_on_ask_v21,holdout_net_roi_on_cost_v21,holdout_net_edge_per_selected_cents_v21,holdout_net_edge_per_base_market_cents_v21,holdout_fee_aware_break_even_accuracy_v21,holdout_accuracy_minus_break_even_v21,coverage_pass_v21,all_splits_positive_v21,oos_positive_v21,min_split_coverage_v21,min_oos_edge_cents_v21,min_oos_roi_v21,min_positive_block_rate,min_coverage_block_rate,worst_block_net_cents,combined_all_net_pnl_cents,combined_oos_net_pnl_cents,both_coverage_pass,both_oos_positive,both_all_splits_positive,block_stability_pass,strict_pass,min_split_coverage,min_oos_edge_cents,min_oos_roi
current,book_margin_fade_impulse_3_5m_abs60_over20,fade; base=book_margin; choose=book_p_side; book_p_side>=0.6; ask<=95; sec_to_close>=120; margin_rv15>=0; impulse_3_5m>=60; impulse_3_5m-margin>=20; sec>=600; margin_sigma<=0.75; score<=0.82; fade_ask<=45,book_margin,fade,impulse_3_5m,60.0,20.0,600.0,0.75,0.82,45.0,44,307,305,216,89,0.7081967213114754,0.993485342019544,0.6548416747611736,63.0,61.1672131147541,67.0,0,0,820.467,607.0,18656.0,19263.0,2944.0,2337.0,0.15780445969125215,0.12132066656284068,7.662295081967213,7.612377850162867,0.6315737704918033,0.07662295081967208,184,182,128,54,0.7032967032967034,0.9891304347826086,0.6332840440822117,63.0,61.28021978021978,66.0,0,0,817.645,363.0,11153.0,11516.0,1647.0,1284.0,0.1476732717654443,0.11149704758596735,7.054945054945055,6.978260869565218,0.6327472527472527,0.07054945054945061,61,61,43,18,0.7049180327868853,1.0,0.5811059794277963,65.0,65.65573770491804,69.0,0,0,800.821,122.0,4005.0,4127.0,295.0,173.0,0.07365792759051186,0.04191906954204022,2.8360655737704916,2.8360655737704916,0.6765573770491803,0.028360655737704965,62,62,45,17,0.7258064516129032,1.0,0.6040746035801103,62.0,56.41935483870968,66.0,0,0,828.387,122.0,3498.0,3620.0,1002.0,880.0,0.2864493996569468,0.2430939226519337,14.193548387096774,14.193548387096774,0.5838709677419357,0.14193548387096755,True,True,True,0.9891304347826086,2.8360655737704916,0.04191906954204022,v21,fade; base=book_margin; choose=book_p_side; book_p_side>=0.6; ask<=95; sec_to_close>=120; margin_rv15>=0; impulse_3_5m>=60; impulse_3_5m-margin>=20; sec>=600; margin_sigma<=0.75; score<=0.82; fade_ask<=45,book_margin,fade,impulse_3_5m,60.0,20.0,600.0,0.75,0.82,45.0,41,221,219,156,63,0.7123287671232876,0.9909502262443439,0.6491214398502179,64.0,61.02739726027397,68.5,0,0,779.813589,431.0,13365.0,13796.0,2235.0,1804.0,0.16722783389450055,0.130762539866628,8.237442922374429,8.16289592760181,0.6299543378995435,0.08237442922374416,132,131,90,41,0.6870229007633588,0.9924242424242424,0.6032467934308663,64.0,58.93893129770992,68.0,0,0,779.94713,259.0,7721.0,7980.0,1279.0,1020.0,0.165652117601347,0.12781954887218044,7.786259541984733,7.7272727272727275,0.6091603053435115,0.0778625954198473,44,44,32,12,0.7272727272727273,1.0,0.581511269075488,63.0,60.06818181818182,66.0,0,0,779.7111965,87.0,2643.0,2730.0,557.0,470.0,0.21074536511539918,0.17216117216117216,10.681818181818182,10.681818181818182,0.6204545454545454,0.10681818181818192,45,44,34,10,0.7727272727272727,0.9777777777777777,0.6300764193536366,67.0,68.20454545454545,71.25,0,0,779.378346,85.0,3001.0,3086.0,399.0,314.0,0.13295568143952016,0.101749837977965,7.136363636363637,6.977777777777778,0.7013636363636363,0.0713636363636364,True,True,True,0.9777777777777777,7.136363636363637,0.101749837977965,0.6666666666666666,1.0,-311.0,4141.0,1837.0,True,True,True,False,False,0.9777777777777777,2.8360655737704916,0.04191906954204022
current,book_margin_fade_signed_move_5m_abs60_over20,fade; base=book_margin; choose=book_p_side; book_p_side>=0.6; ask<=95; sec_to_close>=120; margin_rv15>=0; signed_move_5m>=60; signed_move_5m-margin>=20; sec>=600; margin_sigma<=0.75; score<=0.82; fade_ask<=45,book_margin,fade,signed_move_5m,60.0,20.0,600.0,0.75,0.82,45.0,39,307,305,216,89,0.7081967213114754,0.993485342019544,0.6548416747611736,63.0,61.636065573770495,67.0,0,0,820.467,607.0,18799.0,19406.0,2801.0,2194.0,0.1489972870897388,0.11305781716994744,7.19344262295082,7.14657980456026,0.6362622950819672,0.07193442622950819,184,182,128,54,0.7032967032967034,0.9891304347826086,0.6332840440822117,63.0,61.642857142857146,66.0,0,0,817.645,363.0,11219.0,11582.0,1581.0,1218.0,0.14092165077101346,0.10516318425142462,6.6923076923076925,6.619565217391305,0.6363736263736264,0.06692307692307697,61,61,43,18,0.7049180327868853,1.0,0.5811059794277963,65.0,65.65573770491804,69.0,0,0,800.821,122.0,4005.0,4127.0,295.0,173.0,0.07365792759051186,0.04191906954204022,2.8360655737704916,2.8360655737704916,0.6765573770491803,0.028360655737704965,62,62,45,17,0.7258064516129032,1.0,0.6040746035801103,62.0,57.66129032258065,66.0,0,0,828.387,122.0,3575.0,3697.0,925.0,803.0,0.25874125874125875,0.21720313767919935,12.951612903225806,12.951612903225806,0.5962903225806454,0.12951612903225784,True,True,True,0.9891304347826086,2.8360655737704916,0.04191906954204022,v21,fade; base=book_margin; choose=book_p_side; book_p_side>=0.6; ask<=95; sec_to_close>=120; margin_rv15>=0; signed_move_5m>=60; signed_move_5m-margin>=20; sec>=600; margin_sigma<=0.75; score<=0.82; fade_ask<=45,book_margin,fade,signed_move_5m,60.0,20.0,600.0,0.75,0.82,45.0,29,221,219,156,63,0.7123287671232876,0.9909502262443439,0.6491214398502179,65.0,62.885844748858446,69.5,0,0,779.813589,431.0,13772.0,14203.0,1828.0,1397.0,0.13273308161487074,0.0983595015137647,6.378995433789954,6.321266968325792,0.6485388127853882,0.06378995433789947,132,131,90,41,0.6870229007633588,0.9924242424242424,0.6032467934308663,65.0,61.603053435114504,69.5,0,0,779.94713,259.0,8070.0,8329.0,930.0,671.0,0.11524163568773234,0.08056189218393564,5.122137404580153,5.083333333333333,0.6358015267175573,0.051221374045801515,44,44,32,12,0.7272727272727273,1.0,0.581511269075488,63.0,61.38636363636363,66.0,0,0,779.7111965,87.0,2701.0,2788.0,499.0,412.0,0.18474639022584227,0.14777618364418937,9.363636363636363,9.363636363636363,0.6336363636363637,0.09363636363636363,45,44,34,10,0.7727272727272727,0.9777777777777777,0.6300764193536366,67.0,68.20454545454545,71.25,0,0,779.378346,85.0,3001.0,3086.0,399.0,314.0,0.13295568143952016,0.101749837977965,7.136363636363637,6.977777777777778,0.7013636363636363,0.0713636363636364,True,True,True,0.9777777777777777,7.136363636363637,0.101749837977965,0.6666666666666666,1.0,-311.0,3591.0,1702.0,True,True,True,False,False,0.9777777777777777,2.8360655737704916,0.04191906954204022
current,book_margin_fade_impulse_3_5m_abs60_over40,fade; base=book_margin; choose=book_p_side; book_p_side>=0.6; ask<=95; sec_to_close>=120; margin_rv15>=0; impulse_3_5m>=60; impulse_3_5m-margin>=40; sec>=600; margin_sigma<=0.75; score<=0.82; fade_ask<=45,book_margin,fade,impulse_3_5m,60.0,40.0,600.0,0.75,0.82,45.0,38,307,305,216,89,0.7081967213114754,0.993485342019544,0.6548416747611736,63.0,61.83606557377049,68.0,0,0,820.467,607.0,18860.0,19467.0,2740.0,2133.0,0.14528101802757157,0.10957004160887657,6.99344262295082,6.947882736156352,0.6382622950819672,0.06993442622950818,184,182,128,54,0.7032967032967034,0.9891304347826086,0.6332840440822117,63.0,61.81868131868132,66.0,0,0,817.645,363.0,11251.0,11614.0,1549.0,1186.0,0.13767665096435872,0.10211813328741175,6.516483516483516,6.445652173913044,0.6381318681318682,0.06516483516483518,61,61,43,18,0.7049180327868853,1.0,0.5811059794277963,65.0,66.22950819672131,69.0,0,0,800.821,122.0,4040.0,4162.0,260.0,138.0,0.06435643564356436,0.03315713599231139,2.262295081967213,2.262295081967213,0.6822950819672131,0.02262295081967214,62,62,45,17,0.7258064516129032,1.0,0.6040746035801103,62.0,57.564516129032256,66.0,0,0,828.387,122.0,3569.0,3691.0,931.0,809.0,0.2608573830204539,0.21918179355188297,13.048387096774194,13.048387096774194,0.5953225806451614,0.13048387096774183,True,True,True,0.9891304347826086,2.262295081967213,0.03315713599231139,v21,fade; base=book_margin; choose=book_p_side; book_p_side>=0.6; ask<=95; sec_to_close>=120; margin_rv15>=0; impulse_3_5m>=60; impulse_3_5m-margin>=40; sec>=600; margin_sigma<=0.75; score<=0.82; fade_ask<=45,book_margin,fade,impulse_3_5m,60.0,40.0,600.0,0.75,0.82,45.0,25,221,219,156,63,0.7123287671232876,0.9909502262443439,0.6491214398502179,65.0,63.666666666666664,70.0,0,0,779.813589,431.0,13943.0,14374.0,1657.0,1226.0,0.11884099548160368,0.08529288994016974,5.598173515981735,5.547511312217194,0.6563470319634703,0.0559817351598173,132,131,90,41,0.6870229007633588,0.9924242424242424,0.6032467934308663,65.0,62.57251908396947,70.0,0,0,779.94713,259.0,8197.0,8456.0,803.0,544.0,0.09796266926924485,0.06433301797540208,4.152671755725191,4.121212121212121,0.6454961832061069,0.0415267175572519,44,44,32,12,0.7272727272727273,1.0,0.581511269075488,63.5,61.90909090909091,66.0,0,0,779.7111965,87.0,2724.0,2811.0,476.0,389.0,0.17474302496328928,0.1383849163998577,8.840909090909092,8.840909090909092,0.6388636363636363,0.08840909090909099,45,44,34,10,0.7727272727272727,0.9777777777777777,0.6300764193536366,67.0,68.68181818181819,71.25,0,0,779.378346,85.0,3022.0,3107.0,378.0,293.0,0.12508272667107875,0.09430318635339556,6.659090909090909,6.511111111111111,0.7061363636363637,0.06659090909090903,True,True,True,0.9777777777777777,6.659090909090909,0.09430318635339556,0.6666666666666666,1.0,-332.0,3359.0,1629.0,True,True,True,False,False,0.9777777777777777,2.262295081967213,0.03315713599231139
current,book_margin_fade_signed_move_5m_abs60_over40,fade; base=book_margin; choose=book_p_side; book_p_side>=0.6; ask<=95; sec_to_close>=120; margin_rv15>=0; signed_move_5m>=60; signed_move_5m-margin>=40; sec>=600; margin_sigma<=0.75; score<=0.82; fade_ask<=45,book_margin,fade,signed_move_5m,60.0,40.0,600.0,0.75,0.82,45.0,31,307,305,216,89,0.7081967213114754,0.993485342019544,0.6548416747611736,63.0,62.44918032786885,68.0,0,0,820.467,607.0,19047.0,19654.0,2553.0,1946.0,0.13403685619782643,0.09901292357789764,6.380327868852459,6.3387622149837135,0.6443934426229508,0.06380327868852453,184,182,128,54,0.7032967032967034,0.9891304347826086,0.6332840440822117,63.0,62.18131868131868,66.75,0,0,817.645,363.0,11317.0,11680.0,1483.0,1120.0,0.1310417955288504,0.0958904109589041,6.153846153846154,6.086956521739131,0.6417582417582417,0.06153846153846165,61,61,43,18,0.7049180327868853,1.0,0.5811059794277963,65.0,66.22950819672131,69.0,0,0,800.821,122.0,4040.0,4162.0,260.0,138.0,0.06435643564356436,0.03315713599231139,2.262295081967213,2.262295081967213,0.6822950819672131,0.02262295081967214,62,62,45,17,0.7258064516129032,1.0,0.6040746035801103,62.0,59.516129032258064,66.0,0,0,828.387,122.0,3690.0,3812.0,810.0,688.0,0.21951219512195122,0.18048268625393493,11.096774193548388,11.096774193548388,0.6148387096774195,0.11096774193548375,True,True,True,0.9891304347826086,2.262295081967213,0.03315713599231139,v21,fade; base=book_margin; choose=book_p_side; book_p_side>=0.6; ask<=95; sec_to_close>=120; margin_rv15>=0; signed_move_5m>=60; signed_move_5m-margin>=40; sec>=600; margin_sigma<=0.75; score<=0.82; fade_ask<=45,book_margin,fade,signed_move_5m,60.0,40.0,600.0,0.75,0.82,45.0,21,221,219,156,63,0.7123287671232876,0.9909502262443439,0.6491214398502179,65.0,64.1689497716895,70.0,0,0,779.813589,431.0,14053.0,14484.0,1547.0,1116.0,0.11008325624421832,0.07705053852526926,5.095890410958904,5.049773755656108,0.6613698630136988,0.05095890410958881,132,131,90,41,0.6870229007633588,0.9924242424242424,0.6032467934308663,65.0,62.969465648854964,70.0,0,0,779.94713,259.0,8249.0,8508.0,751.0,492.0,0.0910413383440417,0.05782792665726375,3.7557251908396947,3.727272727272727,0.6494656488549619,0.03755725190839687,44,44,32,12,0.7272727272727273,1.0,0.581511269075488,64.0,63.22727272727273,66.25,0,0,779.7111965,87.0,2782.0,2869.0,418.0,331.0,0.15025161754133717,0.11537120948065528,7.5227272727272725,7.5227272727272725,0.6520454545454545,0.07522727272727281,45,44,34,10,0.7727272727272727,0.9777777777777777,0.6300764193536366,67.0,68.68181818181819,71.25,0,0,779.378346,85.0,3022.0,3107.0,378.0,293.0,0.12508272667107875,0.09430318635339556,6.659090909090909,6.511111111111111,0.7061363636363637,0.06659090909090903,True,True,True,0.9777777777777777,6.659090909090909,0.09430318635339556,0.6,1.0,-332.0,3062.0,1450.0,True,True,True,False,False,0.9777777777777777,2.262295081967213,0.03315713599231139
current,min55_fade_impulse_3_5m_abs60_over20,fade; base=min55; choose=score_min_book_rv15; score_min_book_rv15>=0.55; ask<=95; sec_to_close>=120; impulse_3_5m>=60; impulse_3_5m-margin>=20; sec>=600; margin_sigma<=0.75; score<=0.82; fade_ask<=45,min55,fade,impulse_3_5m,60.0,20.0,600.0,0.75,0.82,45.0,47,307,305,207,98,0.6786885245901639,0.993485342019544,0.6243376200321604,61.0,59.4655737704918,67.0,0,0,827.01,607.0,18137.0,18744.0,2563.0,1956.0,0.1413133373766334,0.10435339308578745,6.413114754098361,6.371335504885994,0.6145573770491803,0.06413114754098359,184,182,124,58,0.6813186813186813,0.9891304347826086,0.6104728263932095,61.0,59.862637362637365,66.0,0,0,827.9705,363.0,10895.0,11258.0,1505.0,1142.0,0.13813675998164296,0.10143897672766033,6.274725274725275,6.206521739130435,0.6185714285714285,0.06274725274725279,61,61,41,20,0.6721311475409836,1.0,0.5472180631353664,63.0,63.59016393442623,69.0,0,0,810.969,122.0,3879.0,4001.0,221.0,99.0,0.05697344676463006,0.02474381404648838,1.6229508196721312,1.6229508196721312,0.6559016393442623,0.01622950819672131,62,62,42,20,0.6774193548387096,1.0,0.5536808809284809,60.0,54.24193548387097,65.0,0,0,827.3565,122.0,3363.0,3485.0,837.0,715.0,0.2488849241748439,0.20516499282639886,11.53225806451613,11.53225806451613,0.5620967741935484,0.11532258064516121,True,True,True,0.9891304347826086,1.6229508196721312,0.02474381404648838,v21,fade; base=min55; choose=score_min_book_rv15; score_min_book_rv15>=0.55; ask<=95; sec_to_close>=120; impulse_3_5m>=60; impulse_3_5m-margin>=20; sec>=600; margin_sigma<=0.75; score<=0.82; fade_ask<=45,min55,fade,impulse_3_5m,60.0,20.0,600.0,0.75,0.82,45.0,39,221,219,153,66,0.6986301369863014,0.9909502262443439,0.6348634505760952,61.0,59.10045662100457,66.0,0,0,839.279445,433.0,12943.0,13376.0,2357.0,1924.0,0.18210615776867806,0.1438397129186603,8.785388127853881,8.705882352941176,0.6107762557077625,0.08785388127853888,132,131,92,39,0.7022900763358778,0.9924242424242424,0.6191346229115295,60.0,57.47328244274809,65.0,0,0,839.350817,259.0,7529.0,7788.0,1671.0,1412.0,0.2219418249435516,0.1813045711350796,10.778625954198473,10.696969696969697,0.5945038167938931,0.10778625954198473,44,44,30,14,0.6818181818181818,1.0,0.5344310393781776,61.0,58.20454545454545,64.25,0,0,839.2359564999999,88.0,2561.0,2649.0,439.0,351.0,0.1714174150722374,0.13250283125707815,7.9772727272727275,7.9772727272727275,0.6020454545454546,0.07977272727272722,45,44,31,13,0.7045454545454546,0.9777777777777777,0.5577979987383977,62.5,64.8409090909091,69.25,0,0,838.0694615,86.0,2853.0,2939.0,247.0,161.0,0.08657553452506134,0.054780537597822386,3.659090909090909,3.577777777777778,0.6679545454545454,0.03659090909090923,True,True,True,0.9777777777777777,3.659090909090909,0.054780537597822386,0.6666666666666666,1.0,-269.0,3880.0,1326.0,True,True,True,False,False,0.9777777777777777,1.6229508196721312,0.02474381404648838
current,min55_fade_signed_move_5m_abs60_over20,fade; base=min55; choose=score_min_book_rv15; score_min_book_rv15>=0.55; ask<=95; sec_to_close>=120; signed_move_5m>=60; signed_move_5m-margin>=20; sec>=600; margin_sigma<=0.75; score<=0.82; fade_ask<=45,min55,fade,signed_move_5m,60.0,20.0,600.0,0.75,0.82,45.0,41,307,305,207,98,0.6786885245901639,0.993485342019544,0.6243376200321604,61.0,59.898360655737704,67.0,0,0,827.01,607.0,18269.0,18876.0,2431.0,1824.0,0.1330669440035032,0.09663064208518754,5.980327868852459,5.941368078175896,0.6188852459016393,0.05980327868852464,184,182,124,58,0.6813186813186813,0.9891304347826086,0.6104728263932095,61.0,60.34615384615385,66.0,0,0,827.9705,363.0,10983.0,11346.0,1417.0,1054.0,0.12901757261221888,0.09289617486338798,5.791208791208791,5.728260869565218,0.6234065934065934,0.057912087912087906,61,61,41,20,0.6721311475409836,1.0,0.5472180631353664,63.0,63.59016393442623,69.0,0,0,810.969,122.0,3879.0,4001.0,221.0,99.0,0.05697344676463006,0.02474381404648838,1.6229508196721312,1.6229508196721312,0.6559016393442623,0.01622950819672131,62,62,42,20,0.6774193548387096,1.0,0.5536808809284809,60.0,54.95161290322581,65.0,0,0,827.3565,122.0,3407.0,3529.0,793.0,671.0,0.23275609040211329,0.19013884953244545,10.82258064516129,10.82258064516129,0.5691935483870968,0.10822580645161284,True,True,True,0.9891304347826086,1.6229508196721312,0.02474381404648838,v21,fade; base=min55; choose=score_min_book_rv15; score_min_book_rv15>=0.55; ask<=95; sec_to_close>=120; signed_move_5m>=60; signed_move_5m-margin>=20; sec>=600; margin_sigma<=0.75; score<=0.82; fade_ask<=45,min55,fade,signed_move_5m,60.0,20.0,600.0,0.75,0.82,45.0,29,221,219,153,66,0.6986301369863014,0.9909502262443439,0.6348634505760952,61.0,60.38356164383562,66.0,0,0,839.279445,433.0,13224.0,13657.0,2076.0,1643.0,0.1569872958257713,0.12030460569671231,7.502283105022831,7.4343891402714934,0.623607305936073,0.07502283105022833,132,131,92,39,0.7022900763358778,0.9924242424242424,0.6191346229115295,61.0,59.42748091603053,66.0,0,0,839.350817,259.0,7785.0,8044.0,1415.0,1156.0,0.1817597944765575,0.14370959721531576,8.82442748091603,8.757575757575758,0.6140458015267175,0.0882442748091603,44,44,30,14,0.6818181818181818,1.0,0.5344310393781776,61.0,58.77272727272727,64.25,0,0,839.2359564999999,88.0,2586.0,2674.0,414.0,326.0,0.16009280742459397,0.1219147344801795,7.409090909090909,7.409090909090909,0.6077272727272728,0.07409090909090899,45,44,31,13,0.7045454545454546,0.9777777777777777,0.5577979987383977,62.5,64.8409090909091,69.25,0,0,838.0694615,86.0,2853.0,2939.0,247.0,161.0,0.08657553452506134,0.054780537597822386,3.659090909090909,3.577777777777778,0.6679545454545454,0.03659090909090923,True,True,True,0.9777777777777777,3.659090909090909,0.054780537597822386,0.6666666666666666,1.0,-269.0,3467.0,1257.0,True,True,True,False,False,0.9777777777777777,1.6229508196721312,0.02474381404648838
current,min55_fade_impulse_3_5m_abs60_over40,fade; base=min55; choose=score_min_book_rv15; score_min_book_rv15>=0.55; ask<=95; sec_to_close>=120; impulse_3_5m>=60; impulse_3_5m-margin>=40; sec>=600; margin_sigma<=0.75; score<=0.82; fade_ask<=45,min55,fade,impulse_3_5m,60.0,40.0,600.0,0.75,0.82,45.0,36,307,305,207,98,0.6786885245901639,0.993485342019544,0.6243376200321604,61.0,60.72786885245902,68.0,0,0,827.01,607.0,18522.0,19129.0,2178.0,1571.0,0.11758989310009718,0.08212661404150766,5.150819672131147,5.1172638436482085,0.6271803278688525,0.05150819672131146,184,182,124,58,0.6813186813186813,0.9891304347826086,0.6104728263932095,61.0,60.66483516483517,67.0,0,0,827.9705,363.0,11041.0,11404.0,1359.0,996.0,0.12308667693143736,0.08733777621887057,5.472527472527473,5.413043478260869,0.6265934065934067,0.054725274725274664,61,61,41,20,0.6721311475409836,1.0,0.5472180631353664,64.0,64.93442622950819,69.0,0,0,810.969,122.0,3961.0,4083.0,139.0,17.0,0.035092148447361776,0.004163605192260593,0.2786885245901639,0.2786885245901639,0.6693442622950819,0.002786885245901649,62,62,42,20,0.6774193548387096,1.0,0.5536808809284809,61.0,56.774193548387096,68.0,0,0,827.3565,122.0,3520.0,3642.0,680.0,558.0,0.19318181818181818,0.15321252059308071,9.0,9.0,0.5874193548387097,0.08999999999999997,True,True,True,0.9891304347826086,0.2786885245901639,0.004163605192260593,v21,fade; base=min55; choose=score_min_book_rv15; score_min_book_rv15>=0.55; ask<=95; sec_to_close>=120; impulse_3_5m>=60; impulse_3_5m-margin>=40; sec>=600; margin_sigma<=0.75; score<=0.82; fade_ask<=45,min55,fade,impulse_3_5m,60.0,40.0,600.0,0.75,0.82,45.0,28,221,219,153,66,0.6986301369863014,0.9909502262443439,0.6348634505760952,61.0,60.67579908675799,66.0,0,0,839.279445,433.0,13288.0,13721.0,2012.0,1579.0,0.1514148103552077,0.11507907586910575,7.210045662100456,7.144796380090498,0.6265296803652969,0.0721004566210045,132,131,92,39,0.7022900763358778,0.9924242424242424,0.6191346229115295,61.0,59.6412213740458,66.0,0,0,839.350817,259.0,7813.0,8072.0,1387.0,1128.0,0.17752463842314092,0.13974231912784935,8.610687022900763,8.545454545454545,0.6161832061068703,0.08610687022900754,44,44,30,14,0.6818181818181818,1.0,0.5344310393781776,61.0,59.11363636363637,65.0,0,0,839.2359564999999,88.0,2601.0,2689.0,399.0,311.0,0.15340253748558247,0.11565637783562663,7.068181818181818,7.068181818181818,0.6111363636363637,0.07068181818181807,45,44,31,13,0.7045454545454546,0.9777777777777777,0.5577979987383977,62.5,65.31818181818181,69.25,0,0,838.0694615,86.0,2874.0,2960.0,226.0,140.0,0.07863604732080724,0.0472972972972973,3.1818181818181817,3.111111111111111,0.6727272727272727,0.03181818181818186,True,True,True,0.9777777777777777,3.1818181818181817,0.0472972972972973,0.6666666666666666,1.0,-289.0,3150.0,1026.0,True,True,True,False,False,0.9777777777777777,0.2786885245901639,0.004163605192260593
current,min55_fade_signed_move_5m_abs60_over40,fade; base=min55; choose=score_min_book_rv15; score_min_book_rv15>=0.55; ask<=95; sec_to_close>=120; signed_move_5m>=60; signed_move_5m-margin>=40; sec>=600; margin_sigma<=0.75; score<=0.82; fade_ask<=45,min55,fade,signed_move_5m,60.0,40.0,600.0,0.75,0.82,45.0,30,307,305,207,98,0.6786885245901639,0.993485342019544,0.6243376200321604,62.0,61.118032786885244,68.0,0,0,827.01,607.0,18641.0,19248.0,2059.0,1452.0,0.11045544766911647,0.07543640897755612,4.760655737704918,4.729641693811075,0.6310819672131148,0.04760655737704911,184,182,124,58,0.6813186813186813,0.9891304347826086,0.6104728263932095,61.0,60.956043956043956,67.0,0,0,827.9705,363.0,11094.0,11457.0,1306.0,943.0,0.11772129078781324,0.08230775944837218,5.181318681318682,5.125,0.6295054945054945,0.05181318681318681,61,61,41,20,0.6721311475409836,1.0,0.5472180631353664,64.0,64.93442622950819,69.0,0,0,810.969,122.0,3961.0,4083.0,139.0,17.0,0.035092148447361776,0.004163605192260593,0.2786885245901639,0.2786885245901639,0.6693442622950819,0.002786885245901649,62,62,42,20,0.6774193548387096,1.0,0.5536808809284809,61.0,57.83870967741935,68.0,0,0,827.3565,122.0,3586.0,3708.0,614.0,492.0,0.17122141662018964,0.13268608414239483,7.935483870967742,7.935483870967742,0.5980645161290322,0.07935483870967741,True,True,True,0.9891304347826086,0.2786885245901639,0.004163605192260593,v21,fade; base=min55; choose=score_min_book_rv15; score_min_book_rv15>=0.55; ask<=95; sec_to_close>=120; signed_move_5m>=60; signed_move_5m-margin>=40; sec>=600; margin_sigma<=0.75; score<=0.82; fade_ask<=45,min55,fade,signed_move_5m,60.0,40.0,600.0,0.75,0.82,45.0,24,221,219,153,66,0.6986301369863014,0.9909502262443439,0.6348634505760952,61.0,61.077625570776256,66.0,0,0,839.279445,433.0,13376.0,13809.0,1924.0,1491.0,0.1438397129186603,0.10797306104714317,6.808219178082192,6.746606334841629,0.6305479452054795,0.06808219178082187,132,131,92,39,0.7022900763358778,0.9924242424242424,0.6191346229115295,61.0,60.12213740458015,66.0,0,0,839.350817,259.0,7876.0,8135.0,1324.0,1065.0,0.1681056373793804,0.1309157959434542,8.129770992366412,8.068181818181818,0.6209923664122138,0.08129770992366403,44,44,30,14,0.6818181818181818,1.0,0.5344310393781776,61.5,59.68181818181818,65.0,0,0,839.2359564999999,88.0,2626.0,2714.0,374.0,286.0,0.14242193450114243,0.105379513633014,6.5,6.5,0.6168181818181818,0.06499999999999995,45,44,31,13,0.7045454545454546,0.9777777777777777,0.5577979987383977,62.5,65.31818181818181,69.25,0,0,838.0694615,86.0,2874.0,2960.0,226.0,140.0,0.07863604732080724,0.0472972972972973,3.1818181818181817,3.111111111111111,0.6727272727272727,0.03181818181818186,True,True,True,0.9777777777777777,3.1818181818181817,0.0472972972972973,0.6,1.0,-289.0,2943.0,935.0,True,True,True,False,False,0.9777777777777777,0.2786885245901639,0.004163605192260593
current,book_margin_baseline,baseline; base=book_margin; choose=book_p_side; book_p_side>=0.6; ask<=95; sec_to_close>=120; margin_rv15>=0; impulse_3_5m>=10000; impulse_3_5m-margin>=10000; sec>=120; margin_sigma<=10000; score<=1; fade_ask<=45,book_margin,baseline,impulse_3_5m,10000.0,10000.0,120.0,10000.0,1.0,45.0,0,307,305,216,89,0.7081967213114754,0.993485342019544,0.6548416747611736,64.0,65.71147540983607,68.0,0,0,820.467,607.0,20042.0,20649.0,1558.0,951.0,0.07773675281907994,0.04605549905564434,3.1180327868852458,3.0977198697068404,0.677016393442623,0.031180327868852387,184,182,128,54,0.7032967032967034,0.9891304347826086,0.6332840440822117,63.0,65.02197802197803,67.0,0,0,817.645,363.0,11834.0,12197.0,966.0,603.0,0.08162920398850769,0.04943838648848077,3.3131868131868134,3.277173913043478,0.6701648351648352,0.03313186813186819,61,61,43,18,0.7049180327868853,1.0,0.5811059794277963,65.0,66.57377049180327,69.0,0,0,800.821,122.0,4061.0,4183.0,239.0,117.0,0.05885249938438808,0.02797035620368157,1.9180327868852458,1.9180327868852458,0.6857377049180328,0.019180327868852487,62,62,45,17,0.7258064516129032,1.0,0.6040746035801103,65.0,66.88709677419355,69.0,0,0,828.387,122.0,4147.0,4269.0,353.0,231.0,0.08512177477694718,0.054111033028812365,3.725806451612903,3.725806451612903,0.6885483870967742,0.03725806451612901,True,True,True,0.9891304347826086,1.9180327868852458,0.02797035620368157,v21,baseline; base=book_margin; choose=book_p_side; book_p_side>=0.6; ask<=95; sec_to_close>=120; margin_rv15>=0; impulse_3_5m>=10000; impulse_3_5m-margin>=10000; sec>=120; margin_sigma<=10000; score<=1; fade_ask<=45,book_margin,baseline,impulse_3_5m,10000.0,10000.0,120.0,10000.0,1.0,45.0,0,221,219,156,63,0.7123287671232876,0.9909502262443439,0.6491214398502179,66.0,67.32420091324201,70.5,0,0,779.813589,431.0,14744.0,15175.0,856.0,425.0,0.05805751492132393,0.02800658978583196,1.9406392694063928,1.9230769230769231,0.6929223744292238,0.019406392694063856,132,131,90,41,0.6870229007633588,0.9924242424242424,0.6032467934308663,66.0,67.33587786259542,71.0,0,0,779.94713,259.0,8821.0,9080.0,179.0,-80.0,0.020292483845369007,-0.00881057268722467,-0.6106870229007634,-0.6060606060606061,0.6931297709923665,-0.006106870229007688,44,44,32,12,0.7272727272727273,1.0,0.581511269075488,64.5,65.93181818181819,67.0,0,0,779.7111965,87.0,2901.0,2988.0,299.0,212.0,0.10306790761806274,0.07095046854082998,4.818181818181818,4.818181818181818,0.6790909090909091,0.048181818181818215,45,44,34,10,0.7727272727272727,0.9777777777777777,0.6300764193536366,67.0,68.68181818181819,71.25,0,0,779.378346,85.0,3022.0,3107.0,378.0,293.0,0.12508272667107875,0.09430318635339556,6.659090909090909,6.511111111111111,0.7061363636363637,0.06659090909090903,True,False,True,0.9777777777777777,4.818181818181818,0.07095046854082998,0.6,1.0,-332.0,1376.0,853.0,True,True,False,False,False,0.9777777777777777,1.9180327868852458,0.02797035620368157
current,book_margin_veto_impulse_3_5m_abs80_over0_sig0.75,veto; base=book_margin; choose=book_p_side; book_p_side>=0.6; ask<=95; sec_to_close>=120; margin_rv15>=0; impulse_3_5m>=80; impulse_3_5m-margin>=0; sec>=600; margin_sigma<=0.75; score<=0.82; fade_ask<=45,book_margin,veto,impulse_3_5m,80.0,0.0,600.0,0.75,0.82,45.0,0,307,305,216,89,0.7081967213114754,0.993485342019544,0.6548416747611736,64.0,66.12459016393443,68.0,0,0,800.133,599.0,20168.0,20767.0,1432.0,833.0,0.07100357001190004,0.04011171570279771,2.7311475409836063,2.7133550488599347,0.6808852459016393,0.027311475409836028,184,182,127,55,0.6978021978021978,0.9891304347826086,0.6275650300175595,63.0,65.42307692307692,68.0,0,0,800.6845000000001,358.0,11907.0,12265.0,793.0,435.0,0.06659947929789199,0.035466775377089275,2.39010989010989,2.364130434782609,0.673901098901099,0.023901098901098816,61,61,43,18,0.7049180327868853,1.0,0.5811059794277963,65.0,66.73770491803279,69.0,0,0,800.821,122.0,4071.0,4193.0,229.0,107.0,0.05625153524932449,0.02551872167898879,1.7540983606557377,1.7540983606557377,0.6873770491803277,0.017540983606557536,62,62,46,16,0.7419354838709677,1.0,0.6211887265285198,65.0,67.58064516129032,71.5,0,0,796.2235000000001,119.0,4190.0,4309.0,410.0,291.0,0.09785202863961814,0.0675330703179392,4.693548387096774,4.693548387096774,0.6950000000000001,0.04693548387096769,True,True,True,0.9891304347826086,1.7540983606557377,0.02551872167898879,v21,veto; base=book_margin; choose=book_p_side; book_p_side>=0.6; ask<=95; sec_to_close>=120; margin_rv15>=0; impulse_3_5m>=80; impulse_3_5m-margin>=0; sec>=600; margin_sigma<=0.75; score<=0.82; fade_ask<=45,book_margin,veto,impulse_3_5m,80.0,0.0,600.0,0.75,0.82,45.0,0,221,219,158,61,0.7214611872146118,0.9909502262443439,0.6586626604854289,66.0,67.99543378995433,71.0,0,0,779.375879,424.0,14891.0,15315.0,909.0,485.0,0.061043583372506885,0.031668299053215804,2.2146118721461185,2.1945701357466065,0.6993150684931506,0.022146118721461217,132,131,93,38,0.7099236641221374,0.9924242424242424,0.6271154560889036,66.0,68.51908396946565,71.0,0,0,779.414322,253.0,8976.0,9229.0,324.0,71.0,0.03609625668449198,0.0076931411853938675,0.5419847328244275,0.5378787878787878,0.7045038167938931,0.005419847328244298,44,44,31,13,0.7045454545454546,1.0,0.5577979987383977,64.0,65.75,66.25,0,0,779.3701530000001,86.0,2893.0,2979.0,207.0,121.0,0.07155202212236433,0.04061765693185633,2.75,2.75,0.6770454545454545,0.02750000000000008,45,44,34,10,0.7727272727272727,0.9777777777777777,0.6300764193536366,67.0,68.68181818181819,71.25,0,0,779.378346,85.0,3022.0,3107.0,378.0,293.0,0.12508272667107875,0.09430318635339556,6.659090909090909,6.511111111111111,0.7061363636363637,0.06659090909090903,True,True,True,0.9777777777777777,2.75,0.04061765693185633,0.6,1.0,-332.0,1318.0,812.0,True,True,True,False,False,0.9777777777777777,1.7540983606557377,0.02551872167898879
current,book_margin_veto_impulse_3_5m_abs60_over0_sig0.5,veto; base=book_margin; choose=book_p_side; book_p_side>=0.6; ask<=95; sec_to_close>=120; margin_rv15>=0; impulse_3_5m>=60; impulse_3_5m-margin>=0; sec>=600; margin_sigma<=0.5; score<=0.82; fade_ask<=45,book_margin,veto,impulse_3_5m,60.0,0.0,600.0,0.5,0.82,45.0,0,307,305,215,90,0.7049180327868853,0.993485342019544,0.6514401618451281,64.0,66.14754098360656,69.0,0,0,796.655,602.0,20175.0,20777.0,1325.0,723.0,0.06567534076827757,0.0347980940463012,2.3704918032786884,2.3550488599348536,0.6812131147540983,0.02370491803278696,184,182,126,56,0.6923076923076923,0.9891304347826086,0.6218569279084823,63.0,65.48351648351648,68.0,0,0,797.2695,359.0,11918.0,12277.0,682.0,323.0,0.05722436650444705,0.026309358963916268,1.7747252747252746,1.7554347826086956,0.6745604395604397,0.01774725274725264,61,61,43,18,0.7049180327868853,1.0,0.5811059794277963,65.0,66.78688524590164,69.0,0,0,795.194,122.0,4074.0,4196.0,226.0,104.0,0.05547373588610702,0.02478551000953289,1.7049180327868851,1.7049180327868851,0.6878688524590163,0.01704918032786895,62,62,46,16,0.7419354838709677,1.0,0.6211887265285198,65.0,67.46774193548387,71.75,0,0,797.528,121.0,4183.0,4304.0,417.0,296.0,0.09968921826440354,0.0687732342007435,4.774193548387097,4.774193548387097,0.6941935483870969,0.047741935483870845,True,True,True,0.9891304347826086,1.7049180327868851,0.02478551000953289,v21,veto; base=book_margin; choose=book_p_side; book_p_side>=0.6; ask<=95; sec_to_close>=120; margin_rv15>=0; impulse_3_5m>=60; impulse_3_5m-margin>=0; sec>=600; margin_sigma<=0.5; score<=0.82; fade_ask<=45,book_margin,veto,impulse_3_5m,60.0,0.0,600.0,0.5,0.82,45.0,0,221,219,157,62,0.7168949771689498,0.9909502262443439,0.6538883938760969,66.0,68.17351598173516,71.0,0,0,779.344425,425.0,14930.0,15355.0,770.0,345.0,0.05157401205626256,0.022468251383914034,1.5753424657534247,1.5610859728506787,0.7011415525114155,0.015753424657534265,132,131,92,39,0.7022900763358778,0.9924242424242424,0.6191346229115295,66.0,68.67175572519083,72.0,0,0,779.344425,254.0,8996.0,9250.0,204.0,-50.0,0.02267674522009782,-0.005405405405405406,-0.3816793893129771,-0.3787878787878788,0.7061068702290076,-0.003816793893129833,44,44,31,13,0.7045454545454546,1.0,0.5577979987383977,64.5,65.95454545454545,67.0,0,0,779.3218830000001,86.0,2902.0,2988.0,198.0,112.0,0.06822880771881461,0.03748326639892905,2.5454545454545454,2.5454545454545454,0.6790909090909091,0.025454545454545507,45,44,34,10,0.7727272727272727,0.9777777777777777,0.6300764193536366,67.5,68.9090909090909,71.25,0,0,779.279792,85.0,3032.0,3117.0,368.0,283.0,0.12137203166226913,0.09079242861726018,6.431818181818182,6.288888888888889,0.7084090909090909,0.06431818181818183,True,False,True,0.9777777777777777,2.5454545454545454,0.03748326639892905,0.6,1.0,-342.0,1068.0,795.0,True,True,False,False,False,0.9777777777777777,1.7049180327868851,0.02478551000953289
current,book_margin_veto_impulse_3_5m_abs60_over0_sig0.75,veto; base=book_margin; choose=book_p_side; book_p_side>=0.6; ask<=95; sec_to_close>=120; margin_rv15>=0; impulse_3_5m>=60; impulse_3_5m-margin>=0; sec>=600; margin_sigma<=0.75; score<=0.82; fade_ask<=45,book_margin,veto,impulse_3_5m,60.0,0.0,600.0,0.75,0.82,45.0,0,307,305,215,90,0.7049180327868853,0.993485342019544,0.6514401618451281,64.0,66.27540983606558,69.0,0,0,785.063,597.0,20214.0,20811.0,1286.0,689.0,0.063619273770654,0.0331074912305992,2.259016393442623,2.244299674267101,0.6823278688524591,0.022590163934426144,184,182,126,56,0.6923076923076923,0.9891304347826086,0.6218569279084823,63.0,65.54945054945055,68.0,0,0,794.4780000000001,358.0,11930.0,12288.0,670.0,312.0,0.056160938809723386,0.025390625,1.7142857142857142,1.6956521739130435,0.6751648351648352,0.017142857142857126,61,61,43,18,0.7049180327868853,1.0,0.5811059794277963,65.0,66.78688524590164,69.0,0,0,795.194,122.0,4074.0,4196.0,226.0,104.0,0.05547373588610702,0.02478551000953289,1.7049180327868851,1.7049180327868851,0.6878688524590163,0.01704918032786895,62,62,46,16,0.7419354838709677,1.0,0.6211887265285198,65.0,67.90322580645162,71.75,0,0,771.6375,117.0,4210.0,4327.0,390.0,273.0,0.09263657957244656,0.06309221169401433,4.403225806451613,4.403225806451613,0.6979032258064517,0.04403225806451605,True,True,True,0.9891304347826086,1.7049180327868851,0.02478551000953289,v21,veto; base=book_margin; choose=book_p_side; book_p_side>=0.6; ask<=95; sec_to_close>=120; margin_rv15>=0; impulse_3_5m>=60; impulse_3_5m-margin>=0; sec>=600; margin_sigma<=0.75; score<=0.82; fade_ask<=45,book_margin,veto,impulse_3_5m,60.0,0.0,600.0,0.75,0.82,45.0,0,221,219,157,62,0.7168949771689498,0.9909502262443439,0.6538883938760969,66.0,68.24657534246575,71.0,0,0,779.214524,421.0,14946.0,15367.0,754.0,333.0,0.05044828047638164,0.021669811934665193,1.5205479452054795,1.506787330316742,0.701689497716895,0.015205479452054749,132,131,92,39,0.7022900763358778,0.9924242424242424,0.6191346229115295,66.0,68.94656488549619,72.0,0,0,779.057066,250.0,9032.0,9282.0,168.0,-82.0,0.018600531443755536,-0.00883430295195001,-0.6259541984732825,-0.6212121212121212,0.7085496183206106,-0.006259541984732775,44,44,31,13,0.7045454545454546,1.0,0.5577979987383977,64.0,65.5,66.0,0,0,779.3218830000001,86.0,2882.0,2968.0,218.0,132.0,0.07564191533657183,0.0444743935309973,3.0,3.0,0.6745454545454546,0.030000000000000027,45,44,34,10,0.7727272727272727,0.9777777777777777,0.6300764193536366,67.5,68.9090909090909,71.25,0,0,779.279792,85.0,3032.0,3117.0,368.0,283.0,0.12137203166226913,0.09079242861726018,6.431818181818182,6.288888888888889,0.7084090909090909,0.06431818181818183,True,False,True,0.9777777777777777,3.0,0.0444743935309973,0.6,1.0,-342.0,1022.0,792.0,True,True,False,False,False,0.9777777777777777,1.7049180327868851,0.02478551000953289
current,book_margin_veto_impulse_3_5m_abs80_over20_sig0.75,veto; base=book_margin; choose=book_p_side; book_p_side>=0.6; ask<=95; sec_to_close>=120; margin_rv15>=0; impulse_3_5m>=80; impulse_3_5m-margin>=20; sec>=600; margin_sigma<=0.75; score<=0.82; fade_ask<=45,book_margin,veto,impulse_3_5m,80.0,20.0,600.0,0.75,0.82,45.0,0,307,305,216,89,0.7081967213114754,0.993485342019544,0.6548416747611736,64.0,66.10819672131147,69.0,0,0,803.238,601.0,20163.0,20764.0,1437.0,836.0,0.07126915637553935,0.0402619919090734,2.740983606557377,2.7231270358306188,0.6807868852459016,0.02740983606557379,184,182,127,55,0.6978021978021978,0.9891304347826086,0.6275650300175595,63.0,65.25824175824175,68.0,0,0,807.2225000000001,360.0,11877.0,12237.0,823.0,463.0,0.06929359265807863,0.03783607093241808,2.543956043956044,2.516304347826087,0.6723626373626373,0.025439560439560416,61,61,43,18,0.7049180327868853,1.0,0.5811059794277963,65.0,66.73770491803279,69.0,0,0,800.821,122.0,4071.0,4193.0,229.0,107.0,0.05625153524932449,0.02551872167898879,1.7540983606557377,1.7540983606557377,0.6873770491803277,0.017540983606557536,62,62,46,16,0.7419354838709677,1.0,0.6211887265285198,65.0,67.98387096774194,72.0,0,0,801.6855,119.0,4215.0,4334.0,385.0,266.0,0.09134045077105575,0.06137517305029996,4.290322580645161,4.290322580645161,0.6990322580645162,0.04290322580645156,True,True,True,0.9891304347826086,1.7540983606557377,0.02551872167898879,v21,veto; base=book_margin; choose=book_p_side; book_p_side>=0.6; ask<=95; sec_to_close>=120; margin_rv15>=0; impulse_3_5m>=80; impulse_3_5m-margin>=20; sec>=600; margin_sigma<=0.75; score<=0.82; fade_ask<=45,book_margin,veto,impulse_3_5m,80.0,20.0,600.0,0.75,0.82,45.0,0,221,219,158,61,0.7214611872146118,0.9909502262443439,0.6586626604854289,66.0,67.9269406392694,71.0,0,0,779.458061,426.0,14876.0,15302.0,924.0,498.0,0.062113471363269696,0.03254476539014508,2.2739726027397262,2.253393665158371,0.6987214611872146,0.022739726027397267,132,131,93,38,0.7099236641221374,0.9924242424242424,0.6271154560889036,66.0,68.27480916030534,71.0,0,0,779.504859,255.0,8944.0,9199.0,356.0,101.0,0.03980322003577817,0.01097945428850962,0.7709923664122137,0.7651515151515151,0.7022137404580153,0.0077099236641220426,44,44,31,13,0.7045454545454546,1.0,0.5577979987383977,64.0,66.13636363636364,67.0,0,0,779.3701530000001,86.0,2910.0,2996.0,190.0,104.0,0.06529209621993128,0.03471295060080107,2.3636363636363638,2.3636363636363638,0.6809090909090909,0.023636363636363678,45,44,34,10,0.7727272727272727,0.9777777777777777,0.6300764193536366,67.0,68.68181818181819,71.25,0,0,779.378346,85.0,3022.0,3107.0,378.0,293.0,0.12508272667107875,0.09430318635339556,6.659090909090909,6.511111111111111,0.7061363636363637,0.06659090909090903,True,True,True,0.9777777777777777,2.3636363636363638,0.03471295060080107,0.6,1.0,-332.0,1334.0,770.0,True,True,True,False,False,0.9777777777777777,1.7540983606557377,0.02551872167898879
current,book_margin_veto_impulse_3_5m_abs40_over0_sig0.5,veto; base=book_margin; choose=book_p_side; book_p_side>=0.6; ask<=95; sec_to_close>=120; margin_rv15>=0; impulse_3_5m>=40; impulse_3_5m-margin>=0; sec>=600; margin_sigma<=0.5; score<=0.82; fade_ask<=45,book_margin,veto,impulse_3_5m,40.0,0.0,600.0,0.5,0.82,45.0,0,307,305,214,91,0.7016393442622951,0.993485342019544,0.648041757353144,64.0,66.66229508196722,69.0,0,0,776.512,598.0,20332.0,20930.0,1068.0,470.0,0.05252803462522133,0.022455805064500716,1.540983606557377,1.5309446254071661,0.6862295081967212,0.01540983606557389,184,182,124,58,0.6813186813186813,0.9891304347826086,0.6104728263932095,64.0,65.99450549450549,68.0,0,0,778.5775,357.0,12011.0,12368.0,389.0,32.0,0.0323869786029473,0.00258732212160414,0.17582417582417584,0.17391304347826086,0.6795604395604395,0.0017582417582417964,61,61,44,17,0.7213114754098361,1.0,0.5982856941182984,65.0,67.0,69.0,0,0,776.512,121.0,4087.0,4208.0,313.0,192.0,0.07658429165647174,0.045627376425855515,3.1475409836065573,3.1475409836065573,0.6898360655737704,0.03147540983606567,62,62,46,16,0.7419354838709677,1.0,0.6211887265285198,66.0,68.29032258064517,72.0,0,0,772.352,120.0,4234.0,4354.0,366.0,246.0,0.08644307982994803,0.056499770326136886,3.967741935483871,3.967741935483871,0.7022580645161292,0.039677419354838595,True,True,True,0.9891304347826086,3.1475409836065573,0.045627376425855515,v21,veto; base=book_margin; choose=book_p_side; book_p_side>=0.6; ask<=95; sec_to_close>=120; margin_rv15>=0; impulse_3_5m>=40; impulse_3_5m-margin>=0; sec>=600; margin_sigma<=0.5; score<=0.82; fade_ask<=45,book_margin,veto,impulse_3_5m,40.0,0.0,600.0,0.5,0.82,45.0,0,221,219,156,63,0.7123287671232876,0.9909502262443439,0.6491214398502179,67.0,69.2420091324201,73.0,0,0,719.915951,421.0,15164.0,15585.0,436.0,15.0,0.028752308098127143,0.0009624639076034649,0.0684931506849315,0.06787330316742081,0.7116438356164385,0.000684931506849118,132,131,91,40,0.6946564885496184,0.9924242424242424,0.6111785725988003,68.0,69.80152671755725,74.0,0,0,719.81522,251.0,9144.0,9395.0,-44.0,-295.0,-0.004811898512685914,-0.03139968068121341,-2.2519083969465647,-2.234848484848485,0.717175572519084,-0.02251908396946567,44,44,31,13,0.7045454545454546,1.0,0.5577979987383977,64.5,67.27272727272727,71.0,0,0,749.501664,85.0,2960.0,3045.0,140.0,55.0,0.0472972972972973,0.0180623973727422,1.25,1.25,0.6920454545454545,0.012500000000000067,45,44,34,10,0.7727272727272727,0.9777777777777777,0.6300764193536366,68.0,69.54545454545455,72.0,0,0,779.202374,85.0,3060.0,3145.0,340.0,255.0,0.1111111111111111,0.08108108108108109,5.795454545454546,5.666666666666667,0.7147727272727272,0.05795454545454548,True,False,True,0.9777777777777777,1.25,0.0180623973727422,0.4666666666666667,1.0,-365.0,485.0,748.0,True,True,False,False,False,0.9777777777777777,1.25,0.0180623973727422
current,book_margin_veto_signed_move_5m_abs80_over0_sig0.5,veto; base=book_margin; choose=book_p_side; book_p_side>=0.6; ask<=95; sec_to_close>=120; margin_rv15>=0; signed_move_5m>=80; signed_move_5m-margin>=0; sec>=600; margin_sigma<=0.5; score<=0.82; fade_ask<=45,book_margin,veto,signed_move_5m,80.0,0.0,600.0,0.5,0.82,45.0,0,307,305,216,89,0.7081967213114754,0.993485342019544,0.6548416747611736,64.0,66.0,68.0,0,0,810.969,603.0,20130.0,20733.0,1470.0,867.0,0.07302533532041729,0.04181739256258139,2.8426229508196723,2.824104234527687,0.6797704918032786,0.028426229508196732,184,182,128,54,0.7032967032967034,0.9891304347826086,0.6332840440822117,63.0,65.41758241758242,68.0,0,0,807.2225000000001,359.0,11906.0,12265.0,894.0,535.0,0.07508819082815388,0.04362005707297187,2.9395604395604398,2.907608695652174,0.673901098901099,0.029395604395604402,61,61,43,18,0.7049180327868853,1.0,0.5811059794277963,65.0,66.73770491803279,69.0,0,0,800.821,122.0,4071.0,4193.0,229.0,107.0,0.05625153524932449,0.02551872167898879,1.7540983606557377,1.7540983606557377,0.6873770491803277,0.017540983606557536,62,62,45,17,0.7258064516129032,1.0,0.6040746035801103,65.0,66.98387096774194,69.75,0,0,825.4685,122.0,4153.0,4275.0,347.0,225.0,0.08355405730797014,0.05263157894736842,3.629032258064516,3.629032258064516,0.6895161290322582,0.03629032258064502,True,True,True,0.9891304347826086,1.7540983606557377,0.02551872167898879,v21,veto; base=book_margin; choose=book_p_side; book_p_side>=0.6; ask<=95; sec_to_close>=120; margin_rv15>=0; signed_move_5m>=80; signed_move_5m-margin>=0; sec>=600; margin_sigma<=0.5; score<=0.82; fade_ask<=45,book_margin,veto,signed_move_5m,80.0,0.0,600.0,0.5,0.82,45.0,0,221,219,157,62,0.7168949771689498,0.9909502262443439,0.6538883938760969,66.0,67.96803652968036,71.0,0,0,779.570462,426.0,14885.0,15311.0,815.0,389.0,0.05475310715485388,0.02540657043955326,1.7762557077625571,1.760180995475113,0.6991324200913243,0.01776255707762553,132,131,92,39,0.7022900763358778,0.9924242424242424,0.6191346229115295,66.0,68.41984732824427,71.5,0,0,779.745618,255.0,8963.0,9218.0,237.0,-18.0,0.026442039495704565,-0.0019527012367107832,-0.13740458015267176,-0.13636363636363635,0.7036641221374046,-0.0013740458015267798,44,44,31,13,0.7045454545454546,1.0,0.5577979987383977,64.5,65.9090909090909,67.0,0,0,779.492575,86.0,2900.0,2986.0,200.0,114.0,0.06896551724137931,0.038178164768921635,2.590909090909091,2.590909090909091,0.6786363636363636,0.025909090909090993,45,44,34,10,0.7727272727272727,0.9777777777777777,0.6300764193536366,67.0,68.68181818181819,71.25,0,0,779.378346,85.0,3022.0,3107.0,378.0,293.0,0.12508272667107875,0.09430318635339556,6.659090909090909,6.511111111111111,0.7061363636363637,0.06659090909090903,True,False,True,0.9777777777777777,2.590909090909091,0.038178164768921635,0.6,1.0,-332.0,1256.0,739.0,True,True,False,False,False,0.9777777777777777,1.7540983606557377,0.02551872167898879
current,book_margin_veto_signed_move_5m_abs80_over0_sig0.75,veto; base=book_margin; choose=book_p_side; book_p_side>=0.6; ask<=95; sec_to_close>=120; margin_rv15>=0; signed_move_5m>=80; signed_move_5m-margin>=0; sec>=600; margin_sigma<=0.75; score<=0.82; fade_ask<=45,book_margin,veto,signed_move_5m,80.0,0.0,600.0,0.75,0.82,45.0,0,307,305,216,89,0.7081967213114754,0.993485342019544,0.6548416747611736,64.0,66.01639344262296,68.0,0,0,809.023,602.0,20135.0,20737.0,1465.0,863.0,0.07275887757635957,0.041616434392631525,2.8295081967213114,2.811074918566775,0.6799016393442622,0.028295081967213198,184,182,128,54,0.7032967032967034,0.9891304347826086,0.6332840440822117,63.0,65.37912087912088,68.0,0,0,804.2445,359.0,11899.0,12258.0,901.0,542.0,0.0757206487940163,0.04421602218959047,2.978021978021978,2.9456521739130435,0.6735164835164835,0.02978021978021983,61,61,43,18,0.7049180327868853,1.0,0.5811059794277963,65.0,66.73770491803279,69.0,0,0,800.821,122.0,4071.0,4193.0,229.0,107.0,0.05625153524932449,0.02551872167898879,1.7540983606557377,1.7540983606557377,0.6873770491803277,0.017540983606557536,62,62,45,17,0.7258064516129032,1.0,0.6040746035801103,65.0,67.1774193548387,69.75,0,0,822.9445000000001,121.0,4165.0,4286.0,335.0,214.0,0.08043217286914765,0.049930004666355575,3.4516129032258065,3.4516129032258065,0.6912903225806453,0.03451612903225798,True,True,True,0.9891304347826086,1.7540983606557377,0.02551872167898879,v21,veto; base=book_margin; choose=book_p_side; book_p_side>=0.6; ask<=95; sec_to_close>=120; margin_rv15>=0; signed_move_5m>=80; signed_move_5m-margin>=0; sec>=600; margin_sigma<=0.75; score<=0.82; fade_ask<=45,book_margin,veto,signed_move_5m,80.0,0.0,600.0,0.75,0.82,45.0,0,221,219,157,62,0.7168949771689498,0.9909502262443439,0.6538883938760969,66.0,67.87214611872146,71.0,0,0,779.511079,425.0,14864.0,15289.0,836.0,411.0,0.056243272335844995,0.02688207207796455,1.8767123287671232,1.8597285067873304,0.6981278538812786,0.01876712328767116,132,131,92,39,0.7022900763358778,0.9924242424242424,0.6191346229115295,66.0,68.33587786259542,71.0,0,0,779.570462,254.0,8952.0,9206.0,248.0,-6.0,0.02770330652368186,-0.000651748859439496,-0.04580152671755725,-0.045454545454545456,0.7027480916030534,-0.00045801526717559327,44,44,31,13,0.7045454545454546,1.0,0.5577979987383977,64.0,65.68181818181819,66.25,0,0,779.492575,86.0,2890.0,2976.0,210.0,124.0,0.0726643598615917,0.041666666666666664,2.8181818181818183,2.8181818181818183,0.6763636363636363,0.028181818181818308,45,44,34,10,0.7727272727272727,0.9777777777777777,0.6300764193536366,67.0,68.68181818181819,71.25,0,0,779.378346,85.0,3022.0,3107.0,378.0,293.0,0.12508272667107875,0.09430318635339556,6.659090909090909,6.511111111111111,0.7061363636363637,0.06659090909090903,True,False,True,0.9777777777777777,2.8181818181818183,0.041666666666666664,0.6,1.0,-332.0,1274.0,738.0,True,True,False,False,False,0.9777777777777777,1.7540983606557377,0.02551872167898879
current,book_margin_veto_signed_move_5m_abs80_over40_sig0.5,veto; base=book_margin; choose=book_p_side; book_p_side>=0.6; ask<=95; sec_to_close>=120; margin_rv15>=0; signed_move_5m>=80; signed_move_5m-margin>=40; sec>=600; margin_sigma<=0.5; score<=0.82; fade_ask<=45,book_margin,veto,signed_move_5m,80.0,40.0,600.0,0.5,0.82,45.0,0,307,305,216,89,0.7081967213114754,0.993485342019544,0.6548416747611736,64.0,65.92459016393443,68.0,0,0,811.385,604.0,20107.0,20711.0,1493.0,889.0,0.07425274779927389,0.04292405002172758,2.914754098360656,2.8957654723127035,0.6790491803278689,0.0291475409836065,184,182,128,54,0.7032967032967034,0.9891304347826086,0.6332840440822117,63.0,65.32967032967034,68.0,0,0,807.5385,360.0,11890.0,12250.0,910.0,550.0,0.07653490328006729,0.044897959183673466,3.021978021978022,2.989130434782609,0.6730769230769231,0.030219780219780223,61,61,43,18,0.7049180327868853,1.0,0.5811059794277963,65.0,66.73770491803279,69.0,0,0,800.821,122.0,4071.0,4193.0,229.0,107.0,0.05625153524932449,0.02551872167898879,1.7540983606557377,1.7540983606557377,0.6873770491803277,0.017540983606557536,62,62,45,17,0.7258064516129032,1.0,0.6040746035801103,65.0,66.87096774193549,69.0,0,0,825.9960000000001,122.0,4146.0,4268.0,354.0,232.0,0.085383502170767,0.05435801312089972,3.7419354838709675,3.7419354838709675,0.6883870967741937,0.037419354838709507,True,True,True,0.9891304347826086,1.7540983606557377,0.02551872167898879,v21,veto; base=book_margin; choose=book_p_side; book_p_side>=0.6; ask<=95; sec_to_close>=120; margin_rv15>=0; signed_move_5m>=80; signed_move_5m-margin>=40; sec>=600; margin_sigma<=0.5; score<=0.82; fade_ask<=45,book_margin,veto,signed_move_5m,80.0,40.0,600.0,0.5,0.82,45.0,0,221,219,156,63,0.7123287671232876,0.9909502262443439,0.6491214398502179,66.0,67.75342465753425,71.0,0,0,779.650672,428.0,14838.0,15266.0,762.0,334.0,0.05135463000404367,0.02187868465871872,1.5251141552511416,1.51131221719457,0.6970776255707762,0.015251141552511394,132,131,91,40,0.6946564885496184,0.9924242424242424,0.6111785725988003,66.0,67.93129770992367,71.0,0,0,779.812795,257.0,8899.0,9156.0,201.0,-56.0,0.0225868075064614,-0.0061162079510703364,-0.42748091603053434,-0.42424242424242425,0.6989312977099237,-0.004274809160305315,44,44,31,13,0.7045454545454546,1.0,0.5577979987383977,64.5,66.29545454545455,67.0,0,0,779.492575,86.0,2917.0,3003.0,183.0,97.0,0.06273568735001714,0.032301032301032304,2.2045454545454546,2.2045454545454546,0.6825,0.02204545454545459,45,44,34,10,0.7727272727272727,0.9777777777777777,0.6300764193536366,67.0,68.68181818181819,71.25,0,0,779.378346,85.0,3022.0,3107.0,378.0,293.0,0.12508272667107875,0.09430318635339556,6.659090909090909,6.511111111111111,0.7061363636363637,0.06659090909090903,True,False,True,0.9777777777777777,2.2045454545454546,0.032301032301032304,0.6,1.0,-332.0,1223.0,729.0,True,True,False,False,False,0.9777777777777777,1.7540983606557377,0.02551872167898879
current,book_margin_veto_signed_move_5m_abs60_over40_sig0.5,veto; base=book_margin; choose=book_p_side; book_p_side>=0.6; ask<=95; sec_to_close>=120; margin_rv15>=0; signed_move_5m>=60; signed_move_5m-margin>=40; sec>=600; margin_sigma<=0.5; score<=0.82; fade_ask<=45,book_margin,veto,signed_move_5m,60.0,40.0,600.0,0.5,0.82,45.0,0,307,305,215,90,0.7049180327868853,0.993485342019544,0.6514401618451281,64.0,65.97377049180328,68.0,0,0,810.969,604.0,20122.0,20726.0,1378.0,774.0,0.06848225822482855,0.03734439834024896,2.537704918032787,2.521172638436482,0.6795409836065573,0.025377049180327904,184,182,127,55,0.6978021978021978,0.9891304347826086,0.6275650300175595,63.0,65.38461538461539,68.0,0,0,804.2445,360.0,11900.0,12260.0,800.0,440.0,0.06722689075630252,0.03588907014681892,2.4175824175824174,2.391304347826087,0.6736263736263737,0.02417582417582409,61,61,43,18,0.7049180327868853,1.0,0.5811059794277963,65.0,66.73770491803279,69.0,0,0,800.821,122.0,4071.0,4193.0,229.0,107.0,0.05625153524932449,0.02551872167898879,1.7540983606557377,1.7540983606557377,0.6873770491803277,0.017540983606557536,62,62,45,17,0.7258064516129032,1.0,0.6040746035801103,65.0,66.95161290322581,69.75,0,0,825.9960000000001,122.0,4151.0,4273.0,349.0,227.0,0.08407612623464225,0.05312426866370232,3.661290322580645,3.661290322580645,0.6891935483870969,0.03661290322580635,True,True,True,0.9891304347826086,1.7540983606557377,0.02551872167898879,v21,veto; base=book_margin; choose=book_p_side; book_p_side>=0.6; ask<=95; sec_to_close>=120; margin_rv15>=0; signed_move_5m>=60; signed_move_5m-margin>=40; sec>=600; margin_sigma<=0.5; score<=0.82; fade_ask<=45,book_margin,veto,signed_move_5m,60.0,40.0,600.0,0.5,0.82,45.0,0,221,219,156,63,0.7123287671232876,0.9909502262443439,0.6491214398502179,66.0,67.78538812785388,71.0,0,0,779.571802,428.0,14845.0,15273.0,755.0,327.0,0.050858875042101716,0.021410331958357887,1.4931506849315068,1.4796380090497738,0.6973972602739726,0.01493150684931499,132,131,91,40,0.6946564885496184,0.9924242424242424,0.6111785725988003,66.0,67.98473282442748,71.0,0,0,779.745618,257.0,8906.0,9163.0,194.0,-63.0,0.021783067594879857,-0.006875477463712758,-0.48091603053435117,-0.4772727272727273,0.6994656488549618,-0.004809160305343396,44,44,31,13,0.7045454545454546,1.0,0.5577979987383977,64.5,66.29545454545455,67.0,0,0,779.492575,86.0,2917.0,3003.0,183.0,97.0,0.06273568735001714,0.032301032301032304,2.2045454545454546,2.2045454545454546,0.6825,0.02204545454545459,45,44,34,10,0.7727272727272727,0.9777777777777777,0.6300764193536366,67.0,68.68181818181819,71.25,0,0,779.378346,85.0,3022.0,3107.0,378.0,293.0,0.12508272667107875,0.09430318635339556,6.659090909090909,6.511111111111111,0.7061363636363637,0.06659090909090903,True,False,True,0.9777777777777777,2.2045454545454546,0.032301032301032304,0.6,1.0,-332.0,1101.0,724.0,True,True,False,False,False,0.9777777777777777,1.7540983606557377,0.02551872167898879
current,book_margin_veto_signed_move_5m_abs80_over20_sig0.5,veto; base=book_margin; choose=book_p_side; book_p_side>=0.6; ask<=95; sec_to_close>=120; margin_rv15>=0; signed_move_5m>=80; signed_move_5m-margin>=20; sec>=600; margin_sigma<=0.5; score<=0.82; fade_ask<=45,book_margin,veto,signed_move_5m,80.0,20.0,600.0,0.5,0.82,45.0,0,307,305,216,89,0.7081967213114754,0.993485342019544,0.6548416747611736,64.0,65.94754098360656,68.0,0,0,811.213,604.0,20114.0,20718.0,1486.0,882.0,0.07387889032514666,0.04257167680278019,2.8918032786885246,2.8729641693811074,0.6792786885245902,0.028918032786885206,184,182,128,54,0.7032967032967034,0.9891304347826086,0.6332840440822117,63.0,65.32967032967034,68.0,0,0,807.5385,360.0,11890.0,12250.0,910.0,550.0,0.07653490328006729,0.044897959183673466,3.021978021978022,2.989130434782609,0.6730769230769231,0.030219780219780223,61,61,43,18,0.7049180327868853,1.0,0.5811059794277963,65.0,66.73770491803279,69.0,0,0,800.821,122.0,4071.0,4193.0,229.0,107.0,0.05625153524932449,0.02551872167898879,1.7540983606557377,1.7540983606557377,0.6873770491803277,0.017540983606557536,62,62,45,17,0.7258064516129032,1.0,0.6040746035801103,65.0,66.98387096774194,69.75,0,0,825.4685,122.0,4153.0,4275.0,347.0,225.0,0.08355405730797014,0.05263157894736842,3.629032258064516,3.629032258064516,0.6895161290322582,0.03629032258064502,True,True,True,0.9891304347826086,1.7540983606557377,0.02551872167898879,v21,veto; base=book_margin; choose=book_p_side; book_p_side>=0.6; ask<=95; sec_to_close>=120; margin_rv15>=0; signed_move_5m>=80; signed_move_5m-margin>=20; sec>=600; margin_sigma<=0.5; score<=0.82; fade_ask<=45,book_margin,veto,signed_move_5m,80.0,20.0,600.0,0.5,0.82,45.0,0,221,219,157,62,0.7168949771689498,0.9909502262443439,0.6538883938760969,66.0,67.89497716894977,71.0,0,0,779.581535,427.0,14869.0,15296.0,831.0,404.0,0.05588808931333647,0.02641213389121339,1.8447488584474885,1.8280542986425339,0.6984474885844748,0.01844748858447498,132,131,92,39,0.7022900763358778,0.9924242424242424,0.6191346229115295,66.0,68.16793893129771,71.0,0,0,779.783575,256.0,8930.0,9186.0,270.0,14.0,0.030235162374020158,0.0015240583496625298,0.10687022900763359,0.10606060606060606,0.7012213740458015,0.0010687022900762733,44,44,31,13,0.7045454545454546,1.0,0.5577979987383977,64.5,66.29545454545455,67.0,0,0,779.492575,86.0,2917.0,3003.0,183.0,97.0,0.06273568735001714,0.032301032301032304,2.2045454545454546,2.2045454545454546,0.6825,0.02204545454545459,45,44,34,10,0.7727272727272727,0.9777777777777777,0.6300764193536366,67.0,68.68181818181819,71.25,0,0,779.378346,85.0,3022.0,3107.0,378.0,293.0,0.12508272667107875,0.09430318635339556,6.659090909090909,6.511111111111111,0.7061363636363637,0.06659090909090903,True,True,True,0.9777777777777777,2.2045454545454546,0.032301032301032304,0.6,1.0,-332.0,1286.0,722.0,True,True,True,False,False,0.9777777777777777,1.7540983606557377,0.02551872167898879
current,book_margin_veto_signed_move_5m_abs80_over20_sig0.75,veto; base=book_margin; choose=book_p_side; book_p_side>=0.6; ask<=95; sec_to_close>=120; margin_rv15>=0; signed_move_5m>=80; signed_move_5m-margin>=20; sec>=600; margin_sigma<=0.75; score<=0.82; fade_ask<=45,book_margin,veto,signed_move_5m,80.0,20.0,600.0,0.75,0.82,45.0,0,307,305,216,89,0.7081967213114754,0.993485342019544,0.6548416747611736,64.0,65.96393442622951,68.0,0,0,810.737,603.0,20119.0,20722.0,1481.0,878.0,0.07361200854913266,0.04237042756490686,2.878688524590164,2.8599348534201954,0.6794098360655737,0.028786885245901672,184,182,128,54,0.7032967032967034,0.9891304347826086,0.6332840440822117,63.0,65.29120879120879,68.0,0,0,807.2225000000001,360.0,11883.0,12243.0,917.0,557.0,0.07716906505091307,0.04549538511802663,3.0604395604395602,3.027173913043478,0.6726923076923077,0.03060439560439565,61,61,43,18,0.7049180327868853,1.0,0.5811059794277963,65.0,66.73770491803279,69.0,0,0,800.821,122.0,4071.0,4193.0,229.0,107.0,0.05625153524932449,0.02551872167898879,1.7540983606557377,1.7540983606557377,0.6873770491803277,0.017540983606557536,62,62,45,17,0.7258064516129032,1.0,0.6040746035801103,65.0,67.1774193548387,69.75,0,0,822.9445000000001,121.0,4165.0,4286.0,335.0,214.0,0.08043217286914765,0.049930004666355575,3.4516129032258065,3.4516129032258065,0.6912903225806453,0.03451612903225798,True,True,True,0.9891304347826086,1.7540983606557377,0.02551872167898879,v21,veto; base=book_margin; choose=book_p_side; book_p_side>=0.6; ask<=95; sec_to_close>=120; margin_rv15>=0; signed_move_5m>=80; signed_move_5m-margin>=20; sec>=600; margin_sigma<=0.75; score<=0.82; fade_ask<=45,book_margin,veto,signed_move_5m,80.0,20.0,600.0,0.75,0.82,45.0,0,221,219,157,62,0.7168949771689498,0.9909502262443439,0.6538883938760969,66.0,67.78082191780823,71.0,0,0,779.550778,427.0,14844.0,15271.0,856.0,429.0,0.05766639719752088,0.028092462838059065,1.9589041095890412,1.9411764705882353,0.6973059360730596,0.019589041095890214,132,131,92,39,0.7022900763358778,0.9924242424242424,0.6191346229115295,66.0,68.05343511450381,71.0,0,0,779.745618,256.0,8915.0,9171.0,285.0,29.0,0.03196859226023556,0.003162141533093447,0.22137404580152673,0.2196969696969697,0.7000763358778626,0.0022137404580152564,44,44,31,13,0.7045454545454546,1.0,0.5577979987383977,64.0,66.06818181818181,67.0,0,0,779.492575,86.0,2907.0,2993.0,193.0,107.0,0.06639146886824905,0.03575008352823254,2.4318181818181817,2.4318181818181817,0.6802272727272727,0.024318181818181905,45,44,34,10,0.7727272727272727,0.9777777777777777,0.6300764193536366,67.0,68.68181818181819,71.25,0,0,779.378346,85.0,3022.0,3107.0,378.0,293.0,0.12508272667107875,0.09430318635339556,6.659090909090909,6.511111111111111,0.7061363636363637,0.06659090909090903,True,True,True,0.9777777777777777,2.4318181818181817,0.03575008352823254,0.6,1.0,-332.0,1307.0,721.0,True,True,True,False,False,0.9777777777777777,1.7540983606557377,0.02551872167898879
current,book_margin_veto_impulse_3_5m_abs80_over0_sig0.5,veto; base=book_margin; choose=book_p_side; book_p_side>=0.6; ask<=95; sec_to_close>=120; margin_rv15>=0; impulse_3_5m>=80; impulse_3_5m-margin>=0; sec>=600; margin_sigma<=0.5; score<=0.82; fade_ask<=45,book_margin,veto,impulse_3_5m,80.0,0.0,600.0,0.5,0.82,45.0,0,307,305,215,90,0.7049180327868853,0.993485342019544,0.6514401618451281,64.0,66.0327868852459,68.0,0,0,807.149,602.0,20140.0,20742.0,1360.0,758.0,0.06752730883813307,0.03654420981583261,2.4852459016393444,2.469055374592834,0.6800655737704918,0.024852459016393436,184,182,127,55,0.6978021978021978,0.9891304347826086,0.6275650300175595,63.0,65.38461538461539,68.0,0,0,807.2225000000001,359.0,11900.0,12259.0,800.0,441.0,0.06722689075630252,0.03597357043804552,2.423076923076923,2.3967391304347827,0.6735714285714286,0.024230769230769167,61,61,43,18,0.7049180327868853,1.0,0.5811059794277963,65.0,66.73770491803279,69.0,0,0,800.821,122.0,4071.0,4193.0,229.0,107.0,0.05625153524932449,0.02551872167898879,1.7540983606557377,1.7540983606557377,0.6873770491803277,0.017540983606557536,62,62,45,17,0.7258064516129032,1.0,0.6040746035801103,65.0,67.24193548387096,71.5,0,0,811.3805,121.0,4169.0,4290.0,331.0,210.0,0.07939553849844087,0.04895104895104895,3.3870967741935485,3.3870967741935485,0.6919354838709678,0.03387096774193543,True,True,True,0.9891304347826086,1.7540983606557377,0.02551872167898879,v21,veto; base=book_margin; choose=book_p_side; book_p_side>=0.6; ask<=95; sec_to_close>=120; margin_rv15>=0; impulse_3_5m>=80; impulse_3_5m-margin>=0; sec>=600; margin_sigma<=0.5; score<=0.82; fade_ask<=45,book_margin,veto,impulse_3_5m,80.0,0.0,600.0,0.5,0.82,45.0,0,221,219,157,62,0.7168949771689498,0.9909502262443439,0.6538883938760969,66.0,68.03196347031964,71.0,0,0,779.504859,425.0,14899.0,15324.0,801.0,376.0,0.053761997449493254,0.02453667449752023,1.7168949771689497,1.7013574660633484,0.6997260273972603,0.01716894977168948,132,131,92,39,0.7022900763358778,0.9924242424242424,0.6191346229115295,66.0,68.50381679389314,72.0,0,0,779.570462,254.0,8974.0,9228.0,226.0,-28.0,0.02518386449743704,-0.003034243606415258,-0.21374045801526717,-0.21212121212121213,0.7044274809160306,-0.0021374045801527686,44,44,31,13,0.7045454545454546,1.0,0.5577979987383977,64.5,65.97727272727273,67.0,0,0,779.3701530000001,86.0,2903.0,2989.0,197.0,111.0,0.06786083362039269,0.03713616594178655,2.522727272727273,2.522727272727273,0.6793181818181818,0.025227272727272765,45,44,34,10,0.7727272727272727,0.9777777777777777,0.6300764193536366,67.0,68.68181818181819,71.25,0,0,779.378346,85.0,3022.0,3107.0,378.0,293.0,0.12508272667107875,0.09430318635339556,6.659090909090909,6.511111111111111,0.7061363636363637,0.06659090909090903,True,False,True,0.9777777777777777,2.522727272727273,0.03713616594178655,0.6,1.0,-332.0,1134.0,721.0,True,True,False,False,False,0.9777777777777777,1.7540983606557377,0.02551872167898879
current,book_margin_veto_signed_move_5m_abs80_over40_sig0.75,veto; base=book_margin; choose=book_p_side; book_p_side>=0.6; ask<=95; sec_to_close>=120; margin_rv15>=0; signed_move_5m>=80; signed_move_5m-margin>=40; sec>=600; margin_sigma<=0.75; score<=0.82; fade_ask<=45,book_margin,veto,signed_move_5m,80.0,40.0,600.0,0.75,0.82,45.0,0,307,305,216,89,0.7081967213114754,0.993485342019544,0.6548416747611736,64.0,65.96393442622951,68.0,0,0,811.213,603.0,20119.0,20722.0,1481.0,878.0,0.07361200854913266,0.04237042756490686,2.878688524590164,2.8599348534201954,0.6794098360655738,0.02878688524590156,184,182,128,54,0.7032967032967034,0.9891304347826086,0.6332840440822117,63.0,65.32967032967034,68.0,0,0,807.2225000000001,360.0,11890.0,12250.0,910.0,550.0,0.07653490328006729,0.044897959183673466,3.021978021978022,2.989130434782609,0.6730769230769231,0.030219780219780223,61,61,43,18,0.7049180327868853,1.0,0.5811059794277963,65.0,66.73770491803279,69.0,0,0,800.821,122.0,4071.0,4193.0,229.0,107.0,0.05625153524932449,0.02551872167898879,1.7540983606557377,1.7540983606557377,0.6873770491803277,0.017540983606557536,62,62,45,17,0.7258064516129032,1.0,0.6040746035801103,65.0,67.06451612903226,69.0,0,0,825.9960000000001,121.0,4158.0,4279.0,342.0,221.0,0.08225108225108226,0.05164758121056322,3.564516129032258,3.564516129032258,0.6901612903225809,0.03564516129032236,True,True,True,0.9891304347826086,1.7540983606557377,0.02551872167898879,v21,veto; base=book_margin; choose=book_p_side; book_p_side>=0.6; ask<=95; sec_to_close>=120; margin_rv15>=0; signed_move_5m>=80; signed_move_5m-margin>=40; sec>=600; margin_sigma<=0.75; score<=0.82; fade_ask<=45,book_margin,veto,signed_move_5m,80.0,40.0,600.0,0.75,0.82,45.0,0,221,219,156,63,0.7123287671232876,0.9909502262443439,0.6491214398502179,66.0,67.71689497716895,71.0,0,0,779.581535,428.0,14830.0,15258.0,770.0,342.0,0.051921780175320294,0.022414471097129376,1.5616438356164384,1.5475113122171946,0.6967123287671233,0.01561643835616433,132,131,91,40,0.6946564885496184,0.9924242424242424,0.6111785725988003,66.0,67.87022900763358,71.0,0,0,779.783575,257.0,8891.0,9148.0,209.0,-48.0,0.023506917107187043,-0.005247048535198951,-0.366412213740458,-0.36363636363636365,0.6983206106870228,-0.003664122137404413,44,44,31,13,0.7045454545454546,1.0,0.5577979987383977,64.5,66.29545454545455,67.0,0,0,779.492575,86.0,2917.0,3003.0,183.0,97.0,0.06273568735001714,0.032301032301032304,2.2045454545454546,2.2045454545454546,0.6825,0.02204545454545459,45,44,34,10,0.7727272727272727,0.9777777777777777,0.6300764193536366,67.0,68.68181818181819,71.25,0,0,779.378346,85.0,3022.0,3107.0,378.0,293.0,0.12508272667107875,0.09430318635339556,6.659090909090909,6.511111111111111,0.7061363636363637,0.06659090909090903,True,False,True,0.9777777777777777,2.2045454545454546,0.032301032301032304,0.6,1.0,-332.0,1220.0,718.0,True,True,False,False,False,0.9777777777777777,1.7540983606557377,0.02551872167898879
current,book_margin_veto_signed_move_5m_abs60_over40_sig0.75,veto; base=book_margin; choose=book_p_side; book_p_side>=0.6; ask<=95; sec_to_close>=120; margin_rv15>=0; signed_move_5m>=60; signed_move_5m-margin>=40; sec>=600; margin_sigma<=0.75; score<=0.82; fade_ask<=45,book_margin,veto,signed_move_5m,60.0,40.0,600.0,0.75,0.82,45.0,0,307,305,215,90,0.7049180327868853,0.993485342019544,0.6514401618451281,64.0,66.01967213114754,68.0,0,0,807.781,602.0,20136.0,20738.0,1364.0,762.0,0.0677393722685737,0.03674414119008583,2.498360655737705,2.482084690553746,0.6799344262295082,0.02498360655737708,184,182,127,55,0.6978021978021978,0.9891304347826086,0.6275650300175595,63.0,65.38461538461539,68.0,0,0,800.6845000000001,360.0,11900.0,12260.0,800.0,440.0,0.06722689075630252,0.03588907014681892,2.4175824175824174,2.391304347826087,0.6736263736263737,0.02417582417582409,61,61,43,18,0.7049180327868853,1.0,0.5811059794277963,65.0,66.73770491803279,69.0,0,0,800.821,122.0,4071.0,4193.0,229.0,107.0,0.05625153524932449,0.02551872167898879,1.7540983606557377,1.7540983606557377,0.6873770491803277,0.017540983606557536,62,62,45,17,0.7258064516129032,1.0,0.6040746035801103,65.0,67.1774193548387,70.5,0,0,822.9445000000001,120.0,4165.0,4285.0,335.0,215.0,0.08043217286914765,0.050175029171528586,3.467741935483871,3.467741935483871,0.6911290322580647,0.03467741935483859,True,True,True,0.9891304347826086,1.7540983606557377,0.02551872167898879,v21,veto; base=book_margin; choose=book_p_side; book_p_side>=0.6; ask<=95; sec_to_close>=120; margin_rv15>=0; signed_move_5m>=60; signed_move_5m-margin>=40; sec>=600; margin_sigma<=0.75; score<=0.82; fade_ask<=45,book_margin,veto,signed_move_5m,60.0,40.0,600.0,0.75,0.82,45.0,0,221,219,156,63,0.7123287671232876,0.9909502262443439,0.6491214398502179,66.0,67.74885844748859,71.0,0,0,779.513328,428.0,14837.0,15265.0,763.0,335.0,0.05142549032823347,0.021945627251883395,1.5296803652968036,1.5158371040723981,0.6970319634703197,0.015296803652967927,132,131,91,40,0.6946564885496184,0.9924242424242424,0.6111785725988003,66.0,67.92366412213741,71.0,0,0,779.581158,257.0,8898.0,9155.0,202.0,-55.0,0.022701730726005846,-0.006007646095030038,-0.4198473282442748,-0.4166666666666667,0.6988549618320612,-0.004198473282442827,44,44,31,13,0.7045454545454546,1.0,0.5577979987383977,64.5,66.29545454545455,67.0,0,0,779.492575,86.0,2917.0,3003.0,183.0,97.0,0.06273568735001714,0.032301032301032304,2.2045454545454546,2.2045454545454546,0.6825,0.02204545454545459,45,44,34,10,0.7727272727272727,0.9777777777777777,0.6300764193536366,67.0,68.68181818181819,71.25,0,0,779.378346,85.0,3022.0,3107.0,378.0,293.0,0.12508272667107875,0.09430318635339556,6.659090909090909,6.511111111111111,0.7061363636363637,0.06659090909090903,True,False,True,0.9777777777777777,2.2045454545454546,0.032301032301032304,0.6,1.0,-332.0,1097.0,712.0,True,True,False,False,False,0.9777777777777777,1.7540983606557377,0.02551872167898879
current,book_margin_veto_signed_move_5m_abs60_over0_sig0.5,veto; base=book_margin; choose=book_p_side; book_p_side>=0.6; ask<=95; sec_to_close>=120; margin_rv15>=0; signed_move_5m>=60; signed_move_5m-margin>=0; sec>=600; margin_sigma<=0.5; score<=0.82; fade_ask<=45,book_margin,veto,signed_move_5m,60.0,0.0,600.0,0.5,0.82,45.0,0,307,305,214,91,0.7016393442622951,0.993485342019544,0.648041757353144,64.0,66.11803278688525,69.0,0,0,801.34,602.0,20166.0,20768.0,1234.0,632.0,0.06119210552414956,0.030431432973805857,2.0721311475409836,2.0586319218241043,0.6809180327868852,0.020721311475409898,184,182,126,56,0.6923076923076923,0.9891304347826086,0.6218569279084823,63.0,65.46153846153847,68.0,0,0,798.7085,359.0,11914.0,12273.0,686.0,327.0,0.057579318448883664,0.02664385235883647,1.7967032967032968,1.7771739130434783,0.6743406593406593,0.017967032967032948,61,61,43,18,0.7049180327868853,1.0,0.5811059794277963,65.0,66.78688524590164,69.0,0,0,795.194,122.0,4074.0,4196.0,226.0,104.0,0.05547373588610702,0.02478551000953289,1.7049180327868851,1.7049180327868851,0.6878688524590163,0.01704918032786895,62,62,45,17,0.7258064516129032,1.0,0.6040746035801103,65.0,67.38709677419355,71.75,0,0,819.9670000000001,121.0,4178.0,4299.0,322.0,201.0,0.07707036859741503,0.04675505931612003,3.2419354838709675,3.2419354838709675,0.6933870967741936,0.03241935483870961,True,True,True,0.9891304347826086,1.7049180327868851,0.02478551000953289,v21,veto; base=book_margin; choose=book_p_side; book_p_side>=0.6; ask<=95; sec_to_close>=120; margin_rv15>=0; signed_move_5m>=60; signed_move_5m-margin>=0; sec>=600; margin_sigma<=0.5; score<=0.82; fade_ask<=45,book_margin,veto,signed_move_5m,60.0,0.0,600.0,0.5,0.82,45.0,0,221,219,157,62,0.7168949771689498,0.9909502262443439,0.6538883938760969,66.0,68.10958904109589,71.0,0,0,779.504859,426.0,14916.0,15342.0,784.0,358.0,0.052561008313220706,0.02333463694433581,1.634703196347032,1.6199095022624435,0.7005479452054795,0.016347031963470315,132,131,92,39,0.7022900763358778,0.9924242424242424,0.6191346229115295,67.0,68.58015267175573,72.0,0,0,779.570462,255.0,8984.0,9239.0,216.0,-39.0,0.02404274265360641,-0.004221236064509146,-0.29770992366412213,-0.29545454545454547,0.7052671755725192,-0.0029770992366413562,44,44,31,13,0.7045454545454546,1.0,0.5577979987383977,64.5,65.9090909090909,67.0,0,0,779.492575,86.0,2900.0,2986.0,200.0,114.0,0.06896551724137931,0.038178164768921635,2.590909090909091,2.590909090909091,0.6786363636363636,0.025909090909090993,45,44,34,10,0.7727272727272727,0.9777777777777777,0.6300764193536366,67.5,68.9090909090909,71.25,0,0,779.279792,85.0,3032.0,3117.0,368.0,283.0,0.12137203166226913,0.09079242861726018,6.431818181818182,6.288888888888889,0.7084090909090909,0.06431818181818183,True,False,True,0.9777777777777777,2.590909090909091,0.038178164768921635,0.6,1.0,-342.0,990.0,702.0,True,True,False,False,False,0.9777777777777777,1.7049180327868851,0.02478551000953289
current,book_margin_veto_signed_move_5m_abs40_over0_sig0.5,veto; base=book_margin; choose=book_p_side; book_p_side>=0.6; ask<=95; sec_to_close>=120; margin_rv15>=0; signed_move_5m>=40; signed_move_5m-margin>=0; sec>=600; margin_sigma<=0.5; score<=0.82; fade_ask<=45,book_margin,veto,signed_move_5m,40.0,0.0,600.0,0.5,0.82,45.0,0,307,305,213,92,0.6983606557377049,0.993485342019544,0.6446464320799579,64.0,66.48524590163935,69.0,0,0,784.704,599.0,20278.0,20877.0,1022.0,423.0,0.05039944767728573,0.020261531829285816,1.3868852459016394,1.3778501628664495,0.6844918032786884,0.013868852459016479,184,182,124,58,0.6813186813186813,0.9891304347826086,0.6104728263932095,63.0,65.7967032967033,68.0,0,0,783.6610000000001,357.0,11975.0,12332.0,425.0,68.0,0.03549060542797495,0.005514109633473889,0.37362637362637363,0.3695652173913043,0.6775824175824176,0.0037362637362637896,61,61,44,17,0.7213114754098361,1.0,0.5982856941182984,65.0,67.0,69.0,0,0,776.512,121.0,4087.0,4208.0,313.0,192.0,0.07658429165647174,0.045627376425855515,3.1475409836065573,3.1475409836065573,0.6898360655737704,0.03147540983606567,62,62,45,17,0.7258064516129032,1.0,0.6040746035801103,65.5,68.0,72.0,0,0,802.4615,121.0,4216.0,4337.0,284.0,163.0,0.06736242884250475,0.03758358312197371,2.629032258064516,2.629032258064516,0.6995161290322582,0.02629032258064501,True,True,True,0.9891304347826086,2.629032258064516,0.03758358312197371,v21,veto; base=book_margin; choose=book_p_side; book_p_side>=0.6; ask<=95; sec_to_close>=120; margin_rv15>=0; signed_move_5m>=40; signed_move_5m-margin>=0; sec>=600; margin_sigma<=0.5; score<=0.82; fade_ask<=45,book_margin,veto,signed_move_5m,40.0,0.0,600.0,0.5,0.82,45.0,0,221,219,156,63,0.7123287671232876,0.9909502262443439,0.6491214398502179,67.0,68.94977168949772,72.0,0,0,779.177169,424.0,15100.0,15524.0,500.0,76.0,0.033112582781456956,0.00489564545220304,0.3470319634703196,0.3438914027149321,0.7088584474885845,0.003470319634703123,132,131,91,40,0.6946564885496184,0.9924242424242424,0.6111785725988003,68.0,69.55725190839695,73.0,0,0,719.874915,253.0,9112.0,9365.0,-12.0,-265.0,-0.0013169446883230904,-0.02829684997330486,-2.0229007633587788,-2.007575757575758,0.7148854961832062,-0.020229007633587814,44,44,31,13,0.7045454545454546,1.0,0.5577979987383977,64.5,66.54545454545455,67.75,0,0,779.2632435,86.0,2928.0,3014.0,172.0,86.0,0.05874316939890711,0.028533510285335104,1.9545454545454546,1.9545454545454546,0.685,0.019545454545454533,45,44,34,10,0.7727272727272727,0.9777777777777777,0.6300764193536366,68.0,69.54545454545455,72.0,0,0,779.202374,85.0,3060.0,3145.0,340.0,255.0,0.1111111111111111,0.08108108108108109,5.795454545454546,5.666666666666667,0.7147727272727272,0.05795454545454548,True,False,True,0.9777777777777777,1.9545454545454546,0.028533510285335104,0.4666666666666667,1.0,-362.0,499.0,696.0,True,True,False,False,False,0.9777777777777777,1.9545454545454546,0.028533510285335104
current,book_margin_veto_impulse_3_5m_abs80_over40_sig0.5,veto; base=book_margin; choose=book_p_side; book_p_side>=0.6; ask<=95; sec_to_close>=120; margin_rv15>=0; impulse_3_5m>=80; impulse_3_5m-margin>=40; sec>=600; margin_sigma<=0.5; score<=0.82; fade_ask<=45,book_margin,veto,impulse_3_5m,80.0,40.0,600.0,0.5,0.82,45.0,0,307,305,215,90,0.7049180327868853,0.993485342019544,0.6514401618451281,64.0,66.01311475409837,68.0,0,0,809.023,603.0,20134.0,20737.0,1366.0,763.0,0.06784543558160326,0.036794136085258236,2.501639344262295,2.485342019543974,0.6799016393442623,0.025016393442622964,184,182,127,55,0.6978021978021978,0.9891304347826086,0.6275650300175595,63.0,65.2967032967033,68.0,0,0,807.5385,360.0,11884.0,12244.0,816.0,456.0,0.06866374957926624,0.037242731133616466,2.5054945054945055,2.4782608695652173,0.6727472527472528,0.025054945054944988,61,61,43,18,0.7049180327868853,1.0,0.5811059794277963,65.0,66.73770491803279,69.0,0,0,800.821,122.0,4071.0,4193.0,229.0,107.0,0.05625153524932449,0.02551872167898879,1.7540983606557377,1.7540983606557377,0.6873770491803277,0.017540983606557536,62,62,45,17,0.7258064516129032,1.0,0.6040746035801103,65.0,67.40322580645162,72.0,0,0,819.9670000000001,121.0,4179.0,4300.0,321.0,200.0,0.07681263460157932,0.046511627906976744,3.225806451612903,3.225806451612903,0.6935483870967742,0.032258064516129004,True,True,True,0.9891304347826086,1.7540983606557377,0.02551872167898879,v21,veto; base=book_margin; choose=book_p_side; book_p_side>=0.6; ask<=95; sec_to_close>=120; margin_rv15>=0; impulse_3_5m>=80; impulse_3_5m-margin>=40; sec>=600; margin_sigma<=0.5; score<=0.82; fade_ask<=45,book_margin,veto,impulse_3_5m,80.0,40.0,600.0,0.5,0.82,45.0,0,221,219,156,63,0.7123287671232876,0.9909502262443439,0.6491214398502179,66.0,67.78082191780823,71.0,0,0,779.581535,428.0,14844.0,15272.0,756.0,328.0,0.05092966855295069,0.021477213200628602,1.4977168949771689,1.4841628959276019,0.697351598173516,0.014977168949771635,132,131,91,40,0.6946564885496184,0.9924242424242424,0.6111785725988003,66.0,67.94656488549619,71.0,0,0,779.797479,257.0,8901.0,9158.0,199.0,-58.0,0.022357038534996067,-0.0063332605372352045,-0.44274809160305345,-0.4393939393939394,0.699083969465649,-0.004427480916030624,44,44,31,13,0.7045454545454546,1.0,0.5577979987383977,64.5,66.38636363636364,67.0,0,0,779.4711970000001,86.0,2921.0,3007.0,179.0,93.0,0.061280383430332076,0.030927835051546393,2.1136363636363638,2.1136363636363638,0.683409090909091,0.02113636363636362,45,44,34,10,0.7727272727272727,0.9777777777777777,0.6300764193536366,67.0,68.68181818181819,71.25,0,0,779.378346,85.0,3022.0,3107.0,378.0,293.0,0.12508272667107875,0.09430318635339556,6.659090909090909,6.511111111111111,0.7061363636363637,0.06659090909090903,True,False,True,0.9777777777777777,2.1136363636363638,0.030927835051546393,0.6,1.0,-332.0,1091.0,693.0,True,True,False,False,False,0.9777777777777777,1.7540983606557377,0.02551872167898879
current,book_margin_veto_impulse_3_5m_abs80_over20_sig0.5,veto; base=book_margin; choose=book_p_side; book_p_side>=0.6; ask<=95; sec_to_close>=120; margin_rv15>=0; impulse_3_5m>=80; impulse_3_5m-margin>=20; sec>=600; margin_sigma<=0.5; score<=0.82; fade_ask<=45,book_margin,veto,impulse_3_5m,80.0,20.0,600.0,0.5,0.82,45.0,0,307,305,215,90,0.7049180327868853,0.993485342019544,0.6514401618451281,64.0,66.02622950819672,68.0,0,0,807.296,603.0,20138.0,20741.0,1362.0,759.0,0.06763333002284239,0.03659418542982498,2.4885245901639346,2.472312703583062,0.6800327868852459,0.02488524590163932,184,182,127,55,0.6978021978021978,0.9891304347826086,0.6275650300175595,63.0,65.2967032967033,68.0,0,0,807.5385,360.0,11884.0,12244.0,816.0,456.0,0.06866374957926624,0.037242731133616466,2.5054945054945055,2.4782608695652173,0.6727472527472528,0.025054945054944988,61,61,43,18,0.7049180327868853,1.0,0.5811059794277963,65.0,66.73770491803279,69.0,0,0,800.821,122.0,4071.0,4193.0,229.0,107.0,0.05625153524932449,0.02551872167898879,1.7540983606557377,1.7540983606557377,0.6873770491803277,0.017540983606557536,62,62,45,17,0.7258064516129032,1.0,0.6040746035801103,65.0,67.46774193548387,72.0,0,0,811.3805,121.0,4183.0,4304.0,317.0,196.0,0.07578293091082955,0.04553903345724907,3.161290322580645,3.161290322580645,0.6941935483870969,0.031612903225806344,True,True,True,0.9891304347826086,1.7540983606557377,0.02551872167898879,v21,veto; base=book_margin; choose=book_p_side; book_p_side>=0.6; ask<=95; sec_to_close>=120; margin_rv15>=0; impulse_3_5m>=80; impulse_3_5m-margin>=20; sec>=600; margin_sigma<=0.5; score<=0.82; fade_ask<=45,book_margin,veto,impulse_3_5m,80.0,20.0,600.0,0.5,0.82,45.0,0,221,219,157,62,0.7168949771689498,0.9909502262443439,0.6538883938760969,66.0,67.98173515981735,71.0,0,0,779.511079,426.0,14888.0,15314.0,812.0,386.0,0.05454056958624395,0.025205694136084627,1.7625570776255708,1.746606334841629,0.699269406392694,0.017625570776255817,132,131,92,39,0.7022900763358778,0.9924242424242424,0.6191346229115295,66.0,68.29007633587786,71.5,0,0,779.581535,255.0,8946.0,9201.0,254.0,-1.0,0.028392577688352336,-0.00010868383871318335,-0.007633587786259542,-0.007575757575757576,0.7023664122137405,-7.63358778627099e-05,44,44,31,13,0.7045454545454546,1.0,0.5577979987383977,64.5,66.36363636363636,67.0,0,0,779.3701530000001,86.0,2920.0,3006.0,180.0,94.0,0.06164383561643835,0.03127079174983367,2.1363636363636362,2.1363636363636362,0.6831818181818181,0.021363636363636473,45,44,34,10,0.7727272727272727,0.9777777777777777,0.6300764193536366,67.0,68.68181818181819,71.25,0,0,779.378346,85.0,3022.0,3107.0,378.0,293.0,0.12508272667107875,0.09430318635339556,6.659090909090909,6.511111111111111,0.7061363636363637,0.06659090909090903,True,False,True,0.9777777777777777,2.1363636363636362,0.03127079174983367,0.6,1.0,-332.0,1145.0,690.0,True,True,False,False,False,0.9777777777777777,1.7540983606557377,0.02551872167898879
current,book_margin_veto_signed_move_5m_abs60_over20_sig0.5,veto; base=book_margin; choose=book_p_side; book_p_side>=0.6; ask<=95; sec_to_close>=120; margin_rv15>=0; signed_move_5m>=60; signed_move_5m-margin>=20; sec>=600; margin_sigma<=0.5; score<=0.82; fade_ask<=45,book_margin,veto,signed_move_5m,60.0,20.0,600.0,0.5,0.82,45.0,0,307,305,215,90,0.7049180327868853,0.993485342019544,0.6514401618451281,64.0,66.08524590163934,69.0,0,0,804.79,603.0,20156.0,20759.0,1344.0,741.0,0.06667989680492162,0.03569536104822005,2.4295081967213115,2.413680781758958,0.6806229508196722,0.024295081967213084,184,182,127,55,0.6978021978021978,0.9891304347826086,0.6275650300175595,63.0,65.4065934065934,68.0,0,0,799.781,360.0,11904.0,12264.0,796.0,436.0,0.06686827956989247,0.035551206784083494,2.3956043956043955,2.369565217391304,0.6738461538461539,0.023956043956043893,61,61,43,18,0.7049180327868853,1.0,0.5811059794277963,65.0,66.78688524590164,69.0,0,0,795.194,122.0,4074.0,4196.0,226.0,104.0,0.05547373588610702,0.02478551000953289,1.7049180327868851,1.7049180327868851,0.6878688524590163,0.01704918032786895,62,62,45,17,0.7258064516129032,1.0,0.6040746035801103,65.0,67.38709677419355,71.75,0,0,819.9670000000001,121.0,4178.0,4299.0,322.0,201.0,0.07707036859741503,0.04675505931612003,3.2419354838709675,3.2419354838709675,0.6933870967741936,0.03241935483870961,True,True,True,0.9891304347826086,1.7049180327868851,0.02478551000953289,v21,veto; base=book_margin; choose=book_p_side; book_p_side>=0.6; ask<=95; sec_to_close>=120; margin_rv15>=0; signed_move_5m>=60; signed_move_5m-margin>=20; sec>=600; margin_sigma<=0.5; score<=0.82; fade_ask<=45,book_margin,veto,signed_move_5m,60.0,20.0,600.0,0.5,0.82,45.0,0,221,219,157,62,0.7168949771689498,0.9909502262443439,0.6538883938760969,66.0,68.0,71.0,0,0,779.511079,427.0,14892.0,15319.0,808.0,381.0,0.054257319366102605,0.024871075135452708,1.7397260273972603,1.7239819004524888,0.6994977168949772,0.017397260273972592,132,131,92,39,0.7022900763358778,0.9924242424242424,0.6191346229115295,66.0,68.26717557251908,71.0,0,0,779.581158,256.0,8943.0,9199.0,257.0,1.0,0.028737560102873757,0.00010870746820306555,0.007633587786259542,0.007575757575757576,0.7022137404580153,7.633587786248786e-05,44,44,31,13,0.7045454545454546,1.0,0.5577979987383977,64.5,66.29545454545455,67.0,0,0,779.492575,86.0,2917.0,3003.0,183.0,97.0,0.06273568735001714,0.032301032301032304,2.2045454545454546,2.2045454545454546,0.6825,0.02204545454545459,45,44,34,10,0.7727272727272727,0.9777777777777777,0.6300764193536366,67.5,68.9090909090909,71.25,0,0,779.279792,85.0,3032.0,3117.0,368.0,283.0,0.12137203166226913,0.09079242861726018,6.431818181818182,6.288888888888889,0.7084090909090909,0.06431818181818183,True,True,True,0.9777777777777777,2.2045454545454546,0.032301032301032304,0.6,1.0,-342.0,1122.0,685.0,True,True,True,False,False,0.9777777777777777,1.7049180327868851,0.02478551000953289
current,book_margin_veto_impulse_3_5m_abs60_over40_sig0.5,veto; base=book_margin; choose=book_p_side; book_p_side>=0.6; ask<=95; sec_to_close>=120; margin_rv15>=0; impulse_3_5m>=60; impulse_3_5m-margin>=40; sec>=600; margin_sigma<=0.5; score<=0.82; fade_ask<=45,book_margin,veto,impulse_3_5m,60.0,40.0,600.0,0.5,0.82,45.0,0,307,305,214,91,0.7016393442622951,0.993485342019544,0.648041757353144,64.0,66.15081967213115,69.0,0,0,804.79,603.0,20176.0,20779.0,1224.0,621.0,0.060666137985725614,0.02988594253813947,2.036065573770492,2.022801302931596,0.6812786885245902,0.020360655737704958,184,182,126,56,0.6923076923076923,0.9891304347826086,0.6218569279084823,63.0,65.45604395604396,68.0,0,0,800.6845000000001,360.0,11913.0,12273.0,687.0,327.0,0.05766809367917401,0.02664385235883647,1.7967032967032968,1.7771739130434783,0.6743406593406593,0.017967032967032948,61,61,43,18,0.7049180327868853,1.0,0.5811059794277963,65.0,66.73770491803279,69.0,0,0,800.821,122.0,4071.0,4193.0,229.0,107.0,0.05625153524932449,0.02551872167898879,1.7540983606557377,1.7540983606557377,0.6873770491803277,0.017540983606557536,62,62,45,17,0.7258064516129032,1.0,0.6040746035801103,65.0,67.61290322580645,72.0,0,0,818.6145,121.0,4192.0,4313.0,308.0,187.0,0.07347328244274809,0.04335729190818456,3.0161290322580645,3.0161290322580645,0.6956451612903226,0.030161290322580636,True,True,True,0.9891304347826086,1.7540983606557377,0.02551872167898879,v21,veto; base=book_margin; choose=book_p_side; book_p_side>=0.6; ask<=95; sec_to_close>=120; margin_rv15>=0; impulse_3_5m>=60; impulse_3_5m-margin>=40; sec>=600; margin_sigma<=0.5; score<=0.82; fade_ask<=45,book_margin,veto,impulse_3_5m,60.0,40.0,600.0,0.5,0.82,45.0,0,221,219,156,63,0.7123287671232876,0.9909502262443439,0.6491214398502179,66.0,67.82191780821918,71.0,0,0,779.511079,428.0,14853.0,15281.0,747.0,319.0,0.05029287012724702,0.020875597146783588,1.45662100456621,1.4434389140271493,0.6977625570776256,0.014566210045662054,132,131,91,40,0.6946564885496184,0.9924242424242424,0.6111785725988003,66.0,68.02290076335878,71.0,0,0,779.581158,257.0,8911.0,9168.0,189.0,-68.0,0.021209740769835034,-0.007417102966841187,-0.5190839694656488,-0.5151515151515151,0.6998473282442749,-0.005190839694656502,44,44,31,13,0.7045454545454546,1.0,0.5577979987383977,64.5,66.36363636363636,67.0,0,0,779.3701530000001,86.0,2920.0,3006.0,180.0,94.0,0.06164383561643835,0.03127079174983367,2.1363636363636362,2.1363636363636362,0.6831818181818182,0.021363636363636362,45,44,34,10,0.7727272727272727,0.9777777777777777,0.6300764193536366,67.0,68.68181818181819,71.25,0,0,779.378346,85.0,3022.0,3107.0,378.0,293.0,0.12508272667107875,0.09430318635339556,6.659090909090909,6.511111111111111,0.7061363636363637,0.06659090909090903,True,False,True,0.9777777777777777,2.1363636363636362,0.03127079174983367,0.6,1.0,-332.0,940.0,681.0,True,True,False,False,False,0.9777777777777777,1.7540983606557377,0.02551872167898879
current,book_margin_veto_impulse_3_5m_abs40_over20_sig0.5,veto; base=book_margin; choose=book_p_side; book_p_side>=0.6; ask<=95; sec_to_close>=120; margin_rv15>=0; impulse_3_5m>=40; impulse_3_5m-margin>=20; sec>=600; margin_sigma<=0.5; score<=0.82; fade_ask<=45,book_margin,veto,impulse_3_5m,40.0,20.0,600.0,0.5,0.82,45.0,0,307,305,213,92,0.6983606557377049,0.993485342019544,0.6446464320799579,64.0,66.4655737704918,69.0,0,0,779.91,600.0,20272.0,20872.0,1028.0,428.0,0.050710339384372534,0.020505940973553086,1.4032786885245903,1.3941368078175895,0.684327868852459,0.014032786885245896,184,182,124,58,0.6813186813186813,0.9891304347826086,0.6104728263932095,63.0,65.72527472527473,68.0,0,0,789.4445000000001,358.0,11962.0,12320.0,438.0,80.0,0.03661595050994817,0.006493506493506494,0.43956043956043955,0.43478260869565216,0.676923076923077,0.00439560439560438,61,61,44,17,0.7213114754098361,1.0,0.5982856941182984,65.0,67.0,69.0,0,0,776.512,121.0,4087.0,4208.0,313.0,192.0,0.07658429165647174,0.045627376425855515,3.1475409836065573,3.1475409836065573,0.6898360655737704,0.03147540983606567,62,62,45,17,0.7258064516129032,1.0,0.6040746035801103,65.5,68.11290322580645,72.0,0,0,776.702,121.0,4223.0,4344.0,277.0,156.0,0.0655931802036467,0.03591160220994475,2.5161290322580645,2.5161290322580645,0.7006451612903227,0.02516129032258052,True,True,True,0.9891304347826086,2.5161290322580645,0.03591160220994475,v21,veto; base=book_margin; choose=book_p_side; book_p_side>=0.6; ask<=95; sec_to_close>=120; margin_rv15>=0; impulse_3_5m>=40; impulse_3_5m-margin>=20; sec>=600; margin_sigma<=0.5; score<=0.82; fade_ask<=45,book_margin,veto,impulse_3_5m,40.0,20.0,600.0,0.5,0.82,45.0,0,221,219,155,64,0.7077625570776256,0.9909502262443439,0.6443616959208551,67.0,68.68949771689498,72.0,0,0,779.187972,425.0,15043.0,15468.0,457.0,32.0,0.030379578541514327,0.002068787173519524,0.1461187214611872,0.14479638009049775,0.7063013698630137,0.0014611872146118587,132,131,90,41,0.6870229007633588,0.9924242424242424,0.6032467934308663,67.0,69.03053435114504,72.0,0,0,779.079943,254.0,9043.0,9297.0,-43.0,-297.0,-0.004755059161782594,-0.031945788964181994,-2.267175572519084,-2.25,0.7096946564885497,-0.022671755725190867,44,44,31,13,0.7045454545454546,1.0,0.5577979987383977,65.0,66.81818181818181,70.0,0,0,779.241012,86.0,2940.0,3026.0,160.0,74.0,0.05442176870748299,0.024454725710508923,1.6818181818181819,1.6818181818181819,0.6877272727272726,0.016818181818181954,45,44,34,10,0.7727272727272727,0.9777777777777777,0.6300764193536366,68.0,69.54545454545455,72.0,0,0,779.202374,85.0,3060.0,3145.0,340.0,255.0,0.1111111111111111,0.08108108108108109,5.795454545454546,5.666666666666667,0.7147727272727272,0.05795454545454548,True,False,True,0.9777777777777777,1.6818181818181819,0.024454725710508923,0.5333333333333333,1.0,-362.0,460.0,677.0,True,True,False,False,False,0.9777777777777777,1.6818181818181819,0.024454725710508923
current,book_margin_veto_impulse_3_5m_abs60_over40_sig0.75,veto; base=book_margin; choose=book_p_side; book_p_side>=0.6; ask<=95; sec_to_close>=120; margin_rv15>=0; impulse_3_5m>=60; impulse_3_5m-margin>=40; sec>=600; margin_sigma<=0.75; score<=0.82; fade_ask<=45,book_margin,veto,impulse_3_5m,60.0,40.0,600.0,0.75,0.82,45.0,0,307,305,214,91,0.7016393442622951,0.993485342019544,0.648041757353144,64.0,66.19672131147541,69.0,0,0,800.133,601.0,20190.0,20791.0,1210.0,609.0,0.05993065874195146,0.029291520369390603,1.9967213114754099,1.98371335504886,0.681672131147541,0.019967213114754134,184,182,126,56,0.6923076923076923,0.9891304347826086,0.6218569279084823,63.0,65.45604395604396,68.0,0,0,799.781,360.0,11913.0,12273.0,687.0,327.0,0.05766809367917401,0.02664385235883647,1.7967032967032968,1.7771739130434783,0.6743406593406593,0.017967032967032948,61,61,43,18,0.7049180327868853,1.0,0.5811059794277963,65.0,66.73770491803279,69.0,0,0,800.821,122.0,4071.0,4193.0,229.0,107.0,0.05625153524932449,0.02551872167898879,1.7540983606557377,1.7540983606557377,0.6873770491803277,0.017540983606557536,62,62,45,17,0.7258064516129032,1.0,0.6040746035801103,65.0,67.83870967741936,72.0,0,0,802.4615,119.0,4206.0,4325.0,294.0,175.0,0.06990014265335236,0.04046242774566474,2.8225806451612905,2.8225806451612905,0.6975806451612904,0.028225806451612878,True,True,True,0.9891304347826086,1.7540983606557377,0.02551872167898879,v21,veto; base=book_margin; choose=book_p_side; book_p_side>=0.6; ask<=95; sec_to_close>=120; margin_rv15>=0; impulse_3_5m>=60; impulse_3_5m-margin>=40; sec>=600; margin_sigma<=0.75; score<=0.82; fade_ask<=45,book_margin,veto,impulse_3_5m,60.0,40.0,600.0,0.75,0.82,45.0,0,221,219,156,63,0.7123287671232876,0.9909502262443439,0.6491214398502179,66.0,67.78538812785388,71.0,0,0,779.458061,428.0,14845.0,15273.0,755.0,327.0,0.050858875042101716,0.021410331958357887,1.4931506849315068,1.4796380090497738,0.6973972602739726,0.01493150684931499,132,131,91,40,0.6946564885496184,0.9924242424242424,0.6111785725988003,66.0,67.9618320610687,71.0,0,0,779.550778,257.0,8903.0,9160.0,197.0,-60.0,0.022127372795686846,-0.006550218340611353,-0.4580152671755725,-0.45454545454545453,0.6992366412213741,-0.004580152671755711,44,44,31,13,0.7045454545454546,1.0,0.5577979987383977,64.5,66.36363636363636,67.0,0,0,779.3701530000001,86.0,2920.0,3006.0,180.0,94.0,0.06164383561643835,0.03127079174983367,2.1363636363636362,2.1363636363636362,0.6831818181818182,0.021363636363636362,45,44,34,10,0.7727272727272727,0.9777777777777777,0.6300764193536366,67.0,68.68181818181819,71.25,0,0,779.378346,85.0,3022.0,3107.0,378.0,293.0,0.12508272667107875,0.09430318635339556,6.659090909090909,6.511111111111111,0.7061363636363637,0.06659090909090903,True,False,True,0.9777777777777777,2.1363636363636362,0.03127079174983367,0.6,1.0,-332.0,936.0,669.0,True,True,False,False,False,0.9777777777777777,1.7540983606557377,0.02551872167898879
current,book_margin_veto_impulse_3_5m_abs80_over40_sig0.75,veto; base=book_margin; choose=book_p_side; book_p_side>=0.6; ask<=95; sec_to_close>=120; margin_rv15>=0; impulse_3_5m>=80; impulse_3_5m-margin>=40; sec>=600; margin_sigma<=0.75; score<=0.82; fade_ask<=45,book_margin,veto,impulse_3_5m,80.0,40.0,600.0,0.75,0.82,45.0,0,307,305,215,90,0.7049180327868853,0.993485342019544,0.6514401618451281,64.0,66.1016393442623,68.0,0,0,807.296,601.0,20161.0,20762.0,1339.0,738.0,0.06641535638113188,0.035545708505924284,2.419672131147541,2.403908794788274,0.6807213114754098,0.024196721311475433,184,182,127,55,0.6978021978021978,0.9891304347826086,0.6275650300175595,63.0,65.2967032967033,68.0,0,0,807.2225000000001,360.0,11884.0,12244.0,816.0,456.0,0.06866374957926624,0.037242731133616466,2.5054945054945055,2.4782608695652173,0.6727472527472528,0.025054945054944988,61,61,43,18,0.7049180327868853,1.0,0.5811059794277963,65.0,66.73770491803279,69.0,0,0,800.821,122.0,4071.0,4193.0,229.0,107.0,0.05625153524932449,0.02551872167898879,1.7540983606557377,1.7540983606557377,0.6873770491803277,0.017540983606557536,62,62,45,17,0.7258064516129032,1.0,0.6040746035801103,65.0,67.83870967741936,72.0,0,0,818.6145,119.0,4206.0,4325.0,294.0,175.0,0.06990014265335236,0.04046242774566474,2.8225806451612905,2.8225806451612905,0.6975806451612904,0.028225806451612878,True,True,True,0.9891304347826086,1.7540983606557377,0.02551872167898879,v21,veto; base=book_margin; choose=book_p_side; book_p_side>=0.6; ask<=95; sec_to_close>=120; margin_rv15>=0; impulse_3_5m>=80; impulse_3_5m-margin>=40; sec>=600; margin_sigma<=0.75; score<=0.82; fade_ask<=45,book_margin,veto,impulse_3_5m,80.0,40.0,600.0,0.75,0.82,45.0,0,221,219,156,63,0.7123287671232876,0.9909502262443439,0.6491214398502179,66.0,67.74429223744292,71.0,0,0,779.566515,428.0,14836.0,15264.0,764.0,336.0,0.051496360204906985,0.0220125786163522,1.5342465753424657,1.5203619909502262,0.6969863013698631,0.015342465753424572,132,131,91,40,0.6946564885496184,0.9924242424242424,0.6111785725988003,66.0,67.8854961832061,71.0,0,0,779.751489,257.0,8893.0,9150.0,207.0,-50.0,0.023276734510288992,-0.00546448087431694,-0.3816793893129771,-0.3787878787878788,0.6984732824427481,-0.003816793893129722,44,44,31,13,0.7045454545454546,1.0,0.5577979987383977,64.5,66.38636363636364,67.0,0,0,779.4711970000001,86.0,2921.0,3007.0,179.0,93.0,0.061280383430332076,0.030927835051546393,2.1136363636363638,2.1136363636363638,0.683409090909091,0.02113636363636362,45,44,34,10,0.7727272727272727,0.9777777777777777,0.6300764193536366,67.0,68.68181818181819,71.25,0,0,779.378346,85.0,3022.0,3107.0,378.0,293.0,0.12508272667107875,0.09430318635339556,6.659090909090909,6.511111111111111,0.7061363636363637,0.06659090909090903,True,False,True,0.9777777777777777,2.1136363636363638,0.030927835051546393,0.6,1.0,-332.0,1074.0,668.0,True,True,False,False,False,0.9777777777777777,1.7540983606557377,0.02551872167898879
current,book_margin_veto_impulse_3_5m_abs60_over20_sig0.5,veto; base=book_margin; choose=book_p_side; book_p_side>=0.6; ask<=95; sec_to_close>=120; margin_rv15>=0; impulse_3_5m>=60; impulse_3_5m-margin>=20; sec>=600; margin_sigma<=0.5; score<=0.82; fade_ask<=45,book_margin,veto,impulse_3_5m,60.0,20.0,600.0,0.5,0.82,45.0,0,307,305,214,91,0.7016393442622951,0.993485342019544,0.648041757353144,64.0,66.16065573770491,69.0,0,0,799.533,603.0,20179.0,20782.0,1221.0,618.0,0.060508449378066306,0.02973727263978443,2.0262295081967214,2.013029315960912,0.6813770491803278,0.020262295081967308,184,182,126,56,0.6923076923076923,0.9891304347826086,0.6218569279084823,63.0,65.43406593406593,68.0,0,0,798.7085,360.0,11909.0,12269.0,691.0,331.0,0.058023343689646484,0.0269785638601353,1.8186813186813187,1.798913043478261,0.6741208791208791,0.018186813186813144,61,61,43,18,0.7049180327868853,1.0,0.5811059794277963,65.0,66.78688524590164,69.0,0,0,795.194,122.0,4074.0,4196.0,226.0,104.0,0.05547373588610702,0.02478551000953289,1.7049180327868851,1.7049180327868851,0.6878688524590163,0.01704918032786895,62,62,45,17,0.7258064516129032,1.0,0.6040746035801103,65.0,67.6774193548387,72.0,0,0,802.4615,121.0,4196.0,4317.0,304.0,183.0,0.07244995233555768,0.0423905489923558,2.9516129032258065,2.9516129032258065,0.6962903225806453,0.029516129032257976,True,True,True,0.9891304347826086,1.7049180327868851,0.02478551000953289,v21,veto; base=book_margin; choose=book_p_side; book_p_side>=0.6; ask<=95; sec_to_close>=120; margin_rv15>=0; impulse_3_5m>=60; impulse_3_5m-margin>=20; sec>=600; margin_sigma<=0.5; score<=0.82; fade_ask<=45,book_margin,veto,impulse_3_5m,60.0,20.0,600.0,0.5,0.82,45.0,0,221,219,157,62,0.7168949771689498,0.9909502262443439,0.6538883938760969,66.0,68.10958904109589,71.0,0,0,779.351787,426.0,14916.0,15342.0,784.0,358.0,0.052561008313220706,0.02333463694433581,1.634703196347032,1.6199095022624435,0.7005479452054795,0.016347031963470315,132,131,92,39,0.7022900763358778,0.9924242424242424,0.6191346229115295,66.0,68.43511450381679,72.0,0,0,779.402074,255.0,8965.0,9220.0,235.0,-20.0,0.026213050752928055,-0.0021691973969631237,-0.15267175572519084,-0.15151515151515152,0.7038167938931298,-0.0015267175572519776,44,44,31,13,0.7045454545454546,1.0,0.5577979987383977,64.5,66.3409090909091,67.0,0,0,779.3218830000001,86.0,2919.0,3005.0,181.0,95.0,0.06200753682768071,0.03161397670549085,2.159090909090909,2.159090909090909,0.6829545454545454,0.021590909090909216,45,44,34,10,0.7727272727272727,0.9777777777777777,0.6300764193536366,67.5,68.9090909090909,71.25,0,0,779.279792,85.0,3032.0,3117.0,368.0,283.0,0.12137203166226913,0.09079242861726018,6.431818181818182,6.288888888888889,0.7084090909090909,0.06431818181818183,True,False,True,0.9777777777777777,2.159090909090909,0.03161397670549085,0.6,1.0,-342.0,976.0,665.0,True,True,False,False,False,0.9777777777777777,1.7049180327868851,0.02478551000953289
current,book_margin_veto_impulse_3_5m_abs60_over20_sig0.75,veto; base=book_margin; choose=book_p_side; book_p_side>=0.6; ask<=95; sec_to_close>=120; margin_rv15>=0; impulse_3_5m>=60; impulse_3_5m-margin>=20; sec>=600; margin_sigma<=0.75; score<=0.82; fade_ask<=45,book_margin,veto,impulse_3_5m,60.0,20.0,600.0,0.75,0.82,45.0,0,307,305,214,91,0.7016393442622951,0.993485342019544,0.648041757353144,64.0,66.25901639344262,69.0,0,0,793.21,600.0,20209.0,20809.0,1191.0,591.0,0.05893413825523282,0.028401172569561248,1.937704918032787,1.9250814332247557,0.6822622950819671,0.01937704918032801,184,182,126,56,0.6923076923076923,0.9891304347826086,0.6218569279084823,63.0,65.45054945054945,68.0,0,0,797.2695,360.0,11912.0,12272.0,688.0,328.0,0.0577568838146407,0.026727509778357236,1.8021978021978022,1.7826086956521738,0.6742857142857143,0.018021978021978025,61,61,43,18,0.7049180327868853,1.0,0.5811059794277963,65.0,66.78688524590164,69.0,0,0,795.194,122.0,4074.0,4196.0,226.0,104.0,0.05547373588610702,0.02478551000953289,1.7049180327868851,1.7049180327868851,0.6878688524590163,0.01704918032786895,62,62,45,17,0.7258064516129032,1.0,0.6040746035801103,65.0,68.11290322580645,72.0,0,0,775.2455,118.0,4223.0,4341.0,277.0,159.0,0.0655931802036467,0.036627505183137524,2.564516129032258,2.564516129032258,0.7001612903225807,0.02564516129032257,True,True,True,0.9891304347826086,1.7049180327868851,0.02478551000953289,v21,veto; base=book_margin; choose=book_p_side; book_p_side>=0.6; ask<=95; sec_to_close>=120; margin_rv15>=0; impulse_3_5m>=60; impulse_3_5m-margin>=20; sec>=600; margin_sigma<=0.75; score<=0.82; fade_ask<=45,book_margin,veto,impulse_3_5m,60.0,20.0,600.0,0.75,0.82,45.0,0,221,219,158,61,0.7214611872146118,0.9909502262443439,0.6586626604854289,66.0,68.00456621004567,71.0,0,0,779.279339,426.0,14893.0,15319.0,907.0,481.0,0.06090109447391392,0.03139891637835368,2.1963470319634704,2.176470588235294,0.6994977168949772,0.021963470319634637,132,131,93,38,0.7099236641221374,0.9924242424242424,0.6271154560889036,66.0,68.41221374045801,71.5,0,0,779.277907,255.0,8962.0,9217.0,338.0,83.0,0.03771479580450792,0.009005099273082347,0.6335877862595419,0.6287878787878788,0.7035877862595421,0.006335877862595263,44,44,31,13,0.7045454545454546,1.0,0.5577979987383977,64.0,65.88636363636364,66.25,0,0,779.3218830000001,86.0,2899.0,2985.0,201.0,115.0,0.06933425319075544,0.038525963149078725,2.6136363636363638,2.6136363636363638,0.6784090909090909,0.026136363636363735,45,44,34,10,0.7727272727272727,0.9777777777777777,0.6300764193536366,67.5,68.9090909090909,71.25,0,0,779.279792,85.0,3032.0,3117.0,368.0,283.0,0.12137203166226913,0.09079242861726018,6.431818181818182,6.288888888888889,0.7084090909090909,0.06431818181818183,True,True,True,0.9777777777777777,2.6136363636363638,0.038525963149078725,0.6,1.0,-423.0,1072.0,661.0,True,True,True,False,False,0.9777777777777777,1.7049180327868851,0.02478551000953289
current,book_margin_veto_impulse_3_5m_abs40_over20_sig0.75,veto; base=book_margin; choose=book_p_side; book_p_side>=0.6; ask<=95; sec_to_close>=120; margin_rv15>=0; impulse_3_5m>=40; impulse_3_5m-margin>=20; sec>=600; margin_sigma<=0.75; score<=0.82; fade_ask<=45,book_margin,veto,impulse_3_5m,40.0,20.0,600.0,0.75,0.82,45.0,0,307,305,213,92,0.6983606557377049,0.993485342019544,0.6446464320799579,64.0,66.61311475409836,69.0,0,0,776.205,597.0,20317.0,20914.0,983.0,386.0,0.04838312743023084,0.018456536291479392,1.2655737704918033,1.257328990228013,0.6857049180327869,0.012655737704918013,184,182,124,58,0.6813186813186813,0.9891304347826086,0.6104728263932095,63.0,65.82417582417582,68.0,0,0,784.8834999999999,358.0,11980.0,12338.0,420.0,62.0,0.035058430717863104,0.005025125628140704,0.34065934065934067,0.33695652173913043,0.6779120879120879,0.003406593406593439,61,61,44,17,0.7213114754098361,1.0,0.5982856941182984,65.0,67.0,69.0,0,0,776.512,121.0,4087.0,4208.0,313.0,192.0,0.07658429165647174,0.045627376425855515,3.1475409836065573,3.1475409836065573,0.6898360655737704,0.03147540983606567,62,62,45,17,0.7258064516129032,1.0,0.6040746035801103,65.5,68.54838709677419,73.0,0,0,771.8215,118.0,4250.0,4368.0,250.0,132.0,0.058823529411764705,0.03021978021978022,2.129032258064516,2.129032258064516,0.7045161290322581,0.021290322580645116,True,True,True,0.9891304347826086,2.129032258064516,0.03021978021978022,v21,veto; base=book_margin; choose=book_p_side; book_p_side>=0.6; ask<=95; sec_to_close>=120; margin_rv15>=0; impulse_3_5m>=40; impulse_3_5m-margin>=20; sec>=600; margin_sigma<=0.75; score<=0.82; fade_ask<=45,book_margin,veto,impulse_3_5m,40.0,20.0,600.0,0.75,0.82,45.0,0,221,219,156,63,0.7123287671232876,0.9909502262443439,0.6491214398502179,67.0,68.66666666666667,72.0,0,0,719.960152,424.0,15038.0,15462.0,562.0,138.0,0.03737199095624418,0.00892510671323244,0.6301369863013698,0.6244343891402715,0.706027397260274,0.006301369863013662,132,131,91,40,0.6946564885496184,0.9924242424242424,0.6111785725988003,67.0,69.03053435114504,72.0,0,0,719.912848,254.0,9043.0,9297.0,57.0,-197.0,0.006303217958642043,-0.021189631063784017,-1.5038167938931297,-1.4924242424242424,0.7096946564885497,-0.015038167938931313,44,44,31,13,0.7045454545454546,1.0,0.5577979987383977,64.0,66.5909090909091,67.75,0,0,749.4383895,86.0,2930.0,3016.0,170.0,84.0,0.05802047781569966,0.027851458885941646,1.9090909090909092,1.9090909090909092,0.6854545454545454,0.01909090909090916,45,44,34,10,0.7727272727272727,0.9777777777777777,0.6300764193536366,68.0,69.6590909090909,72.0,0,0,779.189098,84.0,3065.0,3149.0,335.0,251.0,0.10929853181076672,0.07970784375992379,5.704545454545454,5.5777777777777775,0.7156818181818182,0.05704545454545451,True,False,True,0.9777777777777777,1.9090909090909092,0.027851458885941646,0.5333333333333333,1.0,-429.0,524.0,659.0,True,True,False,False,False,0.9777777777777777,1.9090909090909092,0.027851458885941646
current,book_margin_veto_signed_move_5m_abs40_over40_sig0.5,veto; base=book_margin; choose=book_p_side; book_p_side>=0.6; ask<=95; sec_to_close>=120; margin_rv15>=0; signed_move_5m>=40; signed_move_5m-margin>=40; sec>=600; margin_sigma<=0.5; score<=0.82; fade_ask<=45,book_margin,veto,signed_move_5m,40.0,40.0,600.0,0.5,0.82,45.0,0,307,305,213,92,0.6983606557377049,0.993485342019544,0.6446464320799579,64.0,66.0622950819672,69.0,0,0,809.023,603.0,20149.0,20752.0,1151.0,548.0,0.05712442304829024,0.0264070932922128,1.79672131147541,1.785016286644951,0.6803934426229509,0.01796721311475402,184,182,126,56,0.6923076923076923,0.9891304347826086,0.6218569279084823,63.0,65.50549450549451,68.0,0,0,800.6845000000001,359.0,11922.0,12281.0,678.0,319.0,0.05686965274282838,0.025975083462258772,1.7527472527472527,1.733695652173913,0.6747802197802198,0.017527472527472443,61,61,43,18,0.7049180327868853,1.0,0.5811059794277963,65.0,66.73770491803279,69.0,0,0,800.821,122.0,4071.0,4193.0,229.0,107.0,0.05625153524932449,0.02551872167898879,1.7540983606557377,1.7540983606557377,0.6873770491803277,0.017540983606557536,62,62,44,18,0.7096774193548387,1.0,0.5871235426501359,65.0,67.03225806451613,70.75,0,0,825.4685,122.0,4156.0,4278.0,244.0,122.0,0.05871029836381136,0.02851799906498364,1.967741935483871,1.967741935483871,0.6900000000000002,0.019677419354838577,True,True,True,0.9891304347826086,1.7540983606557377,0.02551872167898879,v21,veto; base=book_margin; choose=book_p_side; book_p_side>=0.6; ask<=95; sec_to_close>=120; margin_rv15>=0; signed_move_5m>=40; signed_move_5m-margin>=40; sec>=600; margin_sigma<=0.5; score<=0.82; fade_ask<=45,book_margin,veto,signed_move_5m,40.0,40.0,600.0,0.5,0.82,45.0,0,221,219,155,64,0.7077625570776256,0.9909502262443439,0.6443616959208551,66.0,67.79452054794521,71.0,0,0,779.550778,428.0,14847.0,15275.0,653.0,225.0,0.0439819492153297,0.014729950900163666,1.0273972602739727,1.0180995475113122,0.6974885844748858,0.010273972602739767,132,131,90,41,0.6870229007633588,0.9924242424242424,0.6032467934308663,66.0,68.0,71.0,0,0,779.581535,257.0,8908.0,9165.0,92.0,-165.0,0.010327795240233499,-0.01800327332242226,-1.2595419847328244,-1.25,0.6996183206106871,-0.01259541984732826,44,44,31,13,0.7045454545454546,1.0,0.5577979987383977,64.5,66.29545454545455,67.0,0,0,779.492575,86.0,2917.0,3003.0,183.0,97.0,0.06273568735001714,0.032301032301032304,2.2045454545454546,2.2045454545454546,0.6825,0.02204545454545459,45,44,34,10,0.7727272727272727,0.9777777777777777,0.6300764193536366,67.0,68.68181818181819,71.25,0,0,779.378346,85.0,3022.0,3107.0,378.0,293.0,0.12508272667107875,0.09430318635339556,6.659090909090909,6.511111111111111,0.7061363636363637,0.06659090909090903,True,False,True,0.9777777777777777,2.2045454545454546,0.032301032301032304,0.5454545454545454,1.0,-332.0,773.0,619.0,True,True,False,False,False,0.9777777777777777,1.7540983606557377,0.02551872167898879
current,book_margin_veto_signed_move_5m_abs40_over40_sig0.75,veto; base=book_margin; choose=book_p_side; book_p_side>=0.6; ask<=95; sec_to_close>=120; margin_rv15>=0; signed_move_5m>=40; signed_move_5m-margin>=40; sec>=600; margin_sigma<=0.75; score<=0.82; fade_ask<=45,book_margin,veto,signed_move_5m,40.0,40.0,600.0,0.75,0.82,45.0,0,307,305,213,92,0.6983606557377049,0.993485342019544,0.6446464320799579,64.0,66.10819672131147,69.0,0,0,807.149,601.0,20163.0,20764.0,1137.0,536.0,0.056390418092545753,0.025813908688114045,1.7573770491803278,1.745928338762215,0.6807868852459017,0.017573770491803198,184,182,126,56,0.6923076923076923,0.9891304347826086,0.6218569279084823,63.0,65.50549450549451,68.0,0,0,799.781,359.0,11922.0,12281.0,678.0,319.0,0.05686965274282838,0.025975083462258772,1.7527472527472527,1.733695652173913,0.6747802197802198,0.017527472527472443,61,61,43,18,0.7049180327868853,1.0,0.5811059794277963,65.0,66.73770491803279,69.0,0,0,800.821,122.0,4071.0,4193.0,229.0,107.0,0.05625153524932449,0.02551872167898879,1.7540983606557377,1.7540983606557377,0.6873770491803277,0.017540983606557536,62,62,44,18,0.7096774193548387,1.0,0.5871235426501359,65.0,67.25806451612904,71.0,0,0,819.9670000000001,120.0,4170.0,4290.0,230.0,110.0,0.05515587529976019,0.02564102564102564,1.7741935483870968,1.7741935483870968,0.6919354838709678,0.01774193548387093,True,True,True,0.9891304347826086,1.7540983606557377,0.02551872167898879,v21,veto; base=book_margin; choose=book_p_side; book_p_side>=0.6; ask<=95; sec_to_close>=120; margin_rv15>=0; signed_move_5m>=40; signed_move_5m-margin>=40; sec>=600; margin_sigma<=0.75; score<=0.82; fade_ask<=45,book_margin,veto,signed_move_5m,40.0,40.0,600.0,0.75,0.82,45.0,0,221,219,155,64,0.7077625570776256,0.9909502262443439,0.6443616959208551,66.0,67.7579908675799,71.0,0,0,779.511079,428.0,14839.0,15267.0,661.0,233.0,0.04454478064559606,0.015261675509268357,1.0639269406392695,1.0542986425339367,0.697123287671233,0.010639269406392593,132,131,90,41,0.6870229007633588,0.9924242424242424,0.6032467934308663,66.0,67.93893129770993,71.0,0,0,779.571802,257.0,8900.0,9157.0,100.0,-157.0,0.011235955056179775,-0.017145353281642458,-1.1984732824427482,-1.1893939393939394,0.6990076335877863,-0.011984732824427469,44,44,31,13,0.7045454545454546,1.0,0.5577979987383977,64.5,66.29545454545455,67.0,0,0,779.492575,86.0,2917.0,3003.0,183.0,97.0,0.06273568735001714,0.032301032301032304,2.2045454545454546,2.2045454545454546,0.6825,0.02204545454545459,45,44,34,10,0.7727272727272727,0.9777777777777777,0.6300764193536366,67.0,68.68181818181819,71.25,0,0,779.378346,85.0,3022.0,3107.0,378.0,293.0,0.12508272667107875,0.09430318635339556,6.659090909090909,6.511111111111111,0.7061363636363637,0.06659090909090903,True,False,True,0.9777777777777777,2.2045454545454546,0.032301032301032304,0.5454545454545454,1.0,-332.0,769.0,607.0,True,True,False,False,False,0.9777777777777777,1.7540983606557377,0.02551872167898879
current,book_margin_veto_signed_move_5m_abs40_over20_sig0.5,veto; base=book_margin; choose=book_p_side; book_p_side>=0.6; ask<=95; sec_to_close>=120; margin_rv15>=0; signed_move_5m>=40; signed_move_5m-margin>=20; sec>=600; margin_sigma<=0.5; score<=0.82; fade_ask<=45,book_margin,veto,signed_move_5m,40.0,20.0,600.0,0.5,0.82,45.0,0,307,305,213,92,0.6983606557377049,0.993485342019544,0.6446464320799579,64.0,66.39016393442623,69.0,0,0,793.21,600.0,20249.0,20849.0,1051.0,451.0,0.05190379771840585,0.021631732936831502,1.478688524590164,1.4690553745928339,0.6835737704918033,0.014786885245901549,184,182,125,57,0.6868131868131868,0.9891304347826086,0.6161595774027799,63.0,65.67582417582418,68.0,0,0,791.6115,358.0,11953.0,12311.0,547.0,189.0,0.0457625700660922,0.015352124116643651,1.0384615384615385,1.0271739130434783,0.6764285714285714,0.010384615384615437,61,61,44,17,0.7213114754098361,1.0,0.5982856941182984,65.0,67.0,69.0,0,0,776.512,121.0,4087.0,4208.0,313.0,192.0,0.07658429165647174,0.045627376425855515,3.1475409836065573,3.1475409836065573,0.6898360655737704,0.03147540983606567,62,62,44,18,0.7096774193548387,1.0,0.5871235426501359,65.0,67.88709677419355,72.0,0,0,810.7349999999999,121.0,4209.0,4330.0,191.0,70.0,0.04537894986932763,0.016166281755196306,1.1290322580645162,1.1290322580645162,0.6983870967741936,0.011290322580645107,True,True,True,0.9891304347826086,1.1290322580645162,0.016166281755196306,v21,veto; base=book_margin; choose=book_p_side; book_p_side>=0.6; ask<=95; sec_to_close>=120; margin_rv15>=0; signed_move_5m>=40; signed_move_5m-margin>=20; sec>=600; margin_sigma<=0.5; score<=0.82; fade_ask<=45,book_margin,veto,signed_move_5m,40.0,20.0,600.0,0.5,0.82,45.0,0,221,219,155,64,0.7077625570776256,0.9909502262443439,0.6443616959208551,67.0,68.53881278538813,71.5,0,0,779.34506,426.0,15010.0,15436.0,490.0,64.0,0.03264490339773484,0.004146151852811609,0.2922374429223744,0.2895927601809955,0.7048401826484019,0.0029223744292237175,132,131,90,41,0.6870229007633588,0.9924242424242424,0.6032467934308663,67.0,68.90076335877863,72.0,0,0,779.351787,255.0,9026.0,9281.0,-26.0,-281.0,-0.0028805672501661865,-0.030276909815752612,-2.145038167938931,-2.128787878787879,0.7084732824427481,-0.021450381679389285,44,44,31,13,0.7045454545454546,1.0,0.5577979987383977,64.5,66.45454545454545,67.0,0,0,779.475504,86.0,2924.0,3010.0,176.0,90.0,0.060191518467852256,0.029900332225913623,2.0454545454545454,2.0454545454545454,0.6840909090909091,0.020454545454545503,45,44,34,10,0.7727272727272727,0.9777777777777777,0.6300764193536366,68.0,69.54545454545455,72.0,0,0,779.202374,85.0,3060.0,3145.0,340.0,255.0,0.1111111111111111,0.08108108108108109,5.795454545454546,5.666666666666667,0.7147727272727272,0.05795454545454548,True,False,True,0.9777777777777777,2.0454545454545454,0.029900332225913623,0.5333333333333333,1.0,-362.0,515.0,607.0,True,True,False,False,False,0.9777777777777777,1.1290322580645162,0.016166281755196306
current,book_margin_veto_signed_move_5m_abs60_over0_sig0.75,veto; base=book_margin; choose=book_p_side; book_p_side>=0.6; ask<=95; sec_to_close>=120; margin_rv15>=0; signed_move_5m>=60; signed_move_5m-margin>=0; sec>=600; margin_sigma<=0.75; score<=0.82; fade_ask<=45,book_margin,veto,signed_move_5m,60.0,0.0,600.0,0.75,0.82,45.0,0,307,305,213,92,0.6983606557377049,0.993485342019544,0.6446464320799579,64.0,66.20327868852459,68.0,0,0,796.655,599.0,20192.0,20791.0,1108.0,509.0,0.054873217115689384,0.02448174690972055,1.6688524590163933,1.6579804560260587,0.6816721311475411,0.01668852459016379,184,182,126,56,0.6923076923076923,0.9891304347826086,0.6218569279084823,63.0,65.47802197802197,68.0,0,0,797.2695,359.0,11917.0,12276.0,683.0,324.0,0.057313082151548206,0.026392961876832845,1.7802197802197801,1.7608695652173914,0.6745054945054946,0.017802197802197717,61,61,43,18,0.7049180327868853,1.0,0.5811059794277963,65.0,66.78688524590164,69.0,0,0,795.194,122.0,4074.0,4196.0,226.0,104.0,0.05547373588610702,0.02478551000953289,1.7049180327868851,1.7049180327868851,0.6878688524590163,0.01704918032786895,62,62,44,18,0.7096774193548387,1.0,0.5871235426501359,65.0,67.75806451612904,72.0,0,0,796.2235000000001,118.0,4201.0,4319.0,199.0,81.0,0.04736967388716972,0.01875434128270433,1.3064516129032258,1.3064516129032258,0.6966129032258065,0.013064516129032255,True,True,True,0.9891304347826086,1.3064516129032258,0.01875434128270433,v21,veto; base=book_margin; choose=book_p_side; book_p_side>=0.6; ask<=95; sec_to_close>=120; margin_rv15>=0; signed_move_5m>=60; signed_move_5m-margin>=0; sec>=600; margin_sigma<=0.75; score<=0.82; fade_ask<=45,book_margin,veto,signed_move_5m,60.0,0.0,600.0,0.75,0.82,45.0,0,221,219,156,63,0.7123287671232876,0.9909502262443439,0.6491214398502179,66.0,68.11872146118722,71.0,0,0,779.364427,423.0,14918.0,15341.0,682.0,259.0,0.04571658399249229,0.016882862916367904,1.182648401826484,1.1719457013574661,0.7005022831050229,0.011826484018264694,132,131,91,40,0.6946564885496184,0.9924242424242424,0.6111785725988003,66.0,68.74809160305344,71.5,0,0,779.351787,252.0,9006.0,9258.0,94.0,-158.0,0.010437486120364202,-0.017066321019658673,-1.2061068702290076,-1.196969696969697,0.7067175572519084,-0.012061068702290068,44,44,31,13,0.7045454545454546,1.0,0.5577979987383977,64.0,65.45454545454545,66.0,0,0,779.492575,86.0,2880.0,2966.0,220.0,134.0,0.0763888888888889,0.045178691840863115,3.0454545454545454,3.0454545454545454,0.6740909090909091,0.030454545454545512,45,44,34,10,0.7727272727272727,0.9777777777777777,0.6300764193536366,67.5,68.9090909090909,71.25,0,0,779.279792,85.0,3032.0,3117.0,368.0,283.0,0.12137203166226913,0.09079242861726018,6.431818181818182,6.288888888888889,0.7084090909090909,0.06431818181818183,True,False,True,0.9777777777777777,3.0454545454545454,0.045178691840863115,0.6,1.0,-415.0,768.0,602.0,True,True,False,False,False,0.9777777777777777,1.3064516129032258,0.01875434128270433
current,book_margin_veto_signed_move_5m_abs60_over20_sig0.75,veto; base=book_margin; choose=book_p_side; book_p_side>=0.6; ask<=95; sec_to_close>=120; margin_rv15>=0; signed_move_5m>=60; signed_move_5m-margin>=20; sec>=600; margin_sigma<=0.75; score<=0.82; fade_ask<=45,book_margin,veto,signed_move_5m,60.0,20.0,600.0,0.75,0.82,45.0,0,307,305,214,91,0.7016393442622951,0.993485342019544,0.648041757353144,64.0,66.1704918032787,69.0,0,0,797.884,600.0,20182.0,20782.0,1218.0,618.0,0.060350807650381526,0.02973727263978443,2.0262295081967214,2.013029315960912,0.6813770491803278,0.020262295081967308,184,182,127,55,0.6978021978021978,0.9891304347826086,0.6275650300175595,63.0,65.42307692307692,68.0,0,0,798.7085,360.0,11907.0,12267.0,793.0,433.0,0.06659947929789199,0.03529795385994946,2.379120879120879,2.3532608695652173,0.674010989010989,0.023791208791208773,61,61,43,18,0.7049180327868853,1.0,0.5811059794277963,65.0,66.78688524590164,69.0,0,0,795.194,122.0,4074.0,4196.0,226.0,104.0,0.05547373588610702,0.02478551000953289,1.7049180327868851,1.7049180327868851,0.6878688524590163,0.01704918032786895,62,62,44,18,0.7096774193548387,1.0,0.5871235426501359,65.0,67.75806451612904,72.0,0,0,796.2235000000001,118.0,4201.0,4319.0,199.0,81.0,0.04736967388716972,0.01875434128270433,1.3064516129032258,1.3064516129032258,0.6966129032258065,0.013064516129032255,True,True,True,0.9891304347826086,1.3064516129032258,0.01875434128270433,v21,veto; base=book_margin; choose=book_p_side; book_p_side>=0.6; ask<=95; sec_to_close>=120; margin_rv15>=0; signed_move_5m>=60; signed_move_5m-margin>=20; sec>=600; margin_sigma<=0.75; score<=0.82; fade_ask<=45,book_margin,veto,signed_move_5m,60.0,20.0,600.0,0.75,0.82,45.0,0,221,219,157,62,0.7168949771689498,0.9909502262443439,0.6538883938760969,66.0,67.83561643835617,71.0,0,0,779.414322,427.0,14856.0,15283.0,844.0,417.0,0.056812062466343564,0.02728521887064058,1.904109589041096,1.8868778280542986,0.6978538812785389,0.01904109589041092,132,131,92,39,0.7022900763358778,0.9924242424242424,0.6191346229115295,66.0,68.14503816793894,71.0,0,0,779.550778,256.0,8927.0,9183.0,273.0,17.0,0.0305813823232889,0.0018512468692148535,0.1297709923664122,0.12878787878787878,0.7009923664122137,0.00129770992366407,44,44,31,13,0.7045454545454546,1.0,0.5577979987383977,64.0,65.8409090909091,66.25,0,0,779.492575,86.0,2897.0,2983.0,203.0,117.0,0.0700724887814981,0.03922225947033188,2.659090909090909,2.659090909090909,0.6779545454545454,0.02659090909090922,45,44,34,10,0.7727272727272727,0.9777777777777777,0.6300764193536366,67.5,68.9090909090909,71.25,0,0,779.279792,85.0,3032.0,3117.0,368.0,283.0,0.12137203166226913,0.09079242861726018,6.431818181818182,6.288888888888889,0.7084090909090909,0.06431818181818183,True,True,True,0.9777777777777777,2.659090909090909,0.03922225947033188,0.6,1.0,-415.0,1035.0,585.0,True,True,True,False,False,0.9777777777777777,1.3064516129032258,0.01875434128270433
current,book_margin_veto_impulse_3_5m_abs40_over40_sig0.5,veto; base=book_margin; choose=book_p_side; book_p_side>=0.6; ask<=95; sec_to_close>=120; margin_rv15>=0; impulse_3_5m>=40; impulse_3_5m-margin>=40; sec>=600; margin_sigma<=0.5; score<=0.82; fade_ask<=45,book_margin,veto,impulse_3_5m,40.0,40.0,600.0,0.5,0.82,45.0,0,307,305,212,93,0.6950819672131148,0.993485342019544,0.6412541577349766,64.0,66.23934426229508,69.0,0,0,800.821,602.0,20203.0,20805.0,997.0,395.0,0.049349106568331434,0.018985820716173996,1.2950819672131149,1.286644951140065,0.6821311475409836,0.012950819672131186,184,182,125,57,0.6868131868131868,0.9891304347826086,0.6161595774027799,63.0,65.57692307692308,68.0,0,0,799.781,359.0,11935.0,12294.0,565.0,206.0,0.047339757017176375,0.01675614120709289,1.1318681318681318,1.1195652173913044,0.6754945054945055,0.0113186813186813,61,61,43,18,0.7049180327868853,1.0,0.5811059794277963,65.0,66.73770491803279,69.0,0,0,800.821,122.0,4071.0,4193.0,229.0,107.0,0.05625153524932449,0.02551872167898879,1.7540983606557377,1.7540983606557377,0.6873770491803277,0.017540983606557536,62,62,44,18,0.7096774193548387,1.0,0.5871235426501359,65.0,67.69354838709677,72.0,0,0,811.3805,121.0,4197.0,4318.0,203.0,82.0,0.04836788182034787,0.018990273274664196,1.3225806451612903,1.3225806451612903,0.6964516129032259,0.013225806451612865,True,True,True,0.9891304347826086,1.3225806451612903,0.018990273274664196,v21,veto; base=book_margin; choose=book_p_side; book_p_side>=0.6; ask<=95; sec_to_close>=120; margin_rv15>=0; impulse_3_5m>=40; impulse_3_5m-margin>=40; sec>=600; margin_sigma<=0.5; score<=0.82; fade_ask<=45,book_margin,veto,impulse_3_5m,40.0,40.0,600.0,0.5,0.82,45.0,0,221,219,155,64,0.7077625570776256,0.9909502262443439,0.6443616959208551,66.0,67.8310502283105,71.0,0,0,779.504859,428.0,14855.0,15283.0,645.0,217.0,0.04341972399865365,0.014198782961460446,0.9908675799086758,0.9819004524886877,0.697853881278539,0.009908675799086608,132,131,90,41,0.6870229007633588,0.9924242424242424,0.6032467934308663,66.0,68.0381679389313,71.0,0,0,779.571802,257.0,8913.0,9170.0,87.0,-170.0,0.009761023224503534,-0.018538713195201745,-1.297709923664122,-1.2878787878787878,0.7000000000000001,-0.012977099236641254,44,44,31,13,0.7045454545454546,1.0,0.5577979987383977,64.5,66.36363636363636,67.0,0,0,779.3701530000001,86.0,2920.0,3006.0,180.0,94.0,0.06164383561643835,0.03127079174983367,2.1363636363636362,2.1363636363636362,0.6831818181818182,0.021363636363636362,45,44,34,10,0.7727272727272727,0.9777777777777777,0.6300764193536366,67.0,68.68181818181819,71.25,0,0,779.378346,85.0,3022.0,3107.0,378.0,293.0,0.12508272667107875,0.09430318635339556,6.659090909090909,6.511111111111111,0.7061363636363637,0.06659090909090903,True,False,True,0.9777777777777777,2.1363636363636362,0.03127079174983367,0.5454545454545454,1.0,-332.0,612.0,576.0,True,True,False,False,False,0.9777777777777777,1.3225806451612903,0.018990273274664196
current,book_margin_veto_impulse_3_5m_abs40_over40_sig0.75,veto; base=book_margin; choose=book_p_side; book_p_side>=0.6; ask<=95; sec_to_close>=120; margin_rv15>=0; impulse_3_5m>=40; impulse_3_5m-margin>=40; sec>=600; margin_sigma<=0.75; score<=0.82; fade_ask<=45,book_margin,veto,impulse_3_5m,40.0,40.0,600.0,0.75,0.82,45.0,0,307,305,212,93,0.6950819672131148,0.993485342019544,0.6412541577349766,64.0,66.28524590163934,69.0,0,0,799.533,600.0,20217.0,20817.0,983.0,383.0,0.048622446455952914,0.018398424364701925,1.2557377049180327,1.247557003257329,0.6825245901639344,0.012557377049180363,184,182,125,57,0.6868131868131868,0.9891304347826086,0.6161595774027799,63.0,65.57692307692308,68.0,0,0,798.7085,359.0,11935.0,12294.0,565.0,206.0,0.047339757017176375,0.01675614120709289,1.1318681318681318,1.1195652173913044,0.6754945054945055,0.0113186813186813,61,61,43,18,0.7049180327868853,1.0,0.5811059794277963,65.0,66.73770491803279,69.0,0,0,800.821,122.0,4071.0,4193.0,229.0,107.0,0.05625153524932449,0.02551872167898879,1.7540983606557377,1.7540983606557377,0.6873770491803277,0.017540983606557536,62,62,44,18,0.7096774193548387,1.0,0.5871235426501359,65.0,67.91935483870968,72.0,0,0,796.2235000000001,119.0,4211.0,4330.0,189.0,70.0,0.04488245072429352,0.016166281755196306,1.1290322580645162,1.1290322580645162,0.6983870967741936,0.011290322580645107,True,True,True,0.9891304347826086,1.1290322580645162,0.016166281755196306,v21,veto; base=book_margin; choose=book_p_side; book_p_side>=0.6; ask<=95; sec_to_close>=120; margin_rv15>=0; impulse_3_5m>=40; impulse_3_5m-margin>=40; sec>=600; margin_sigma<=0.75; score<=0.82; fade_ask<=45,book_margin,veto,impulse_3_5m,40.0,40.0,600.0,0.75,0.82,45.0,0,221,219,155,64,0.7077625570776256,0.9909502262443439,0.6443616959208551,66.0,67.79452054794521,71.0,0,0,779.457895,428.0,14847.0,15275.0,653.0,225.0,0.0439819492153297,0.014729950900163666,1.0273972602739727,1.0180995475113122,0.6974885844748858,0.010273972602739767,132,131,90,41,0.6870229007633588,0.9924242424242424,0.6032467934308663,66.0,67.97709923664122,71.0,0,0,779.504859,257.0,8905.0,9162.0,95.0,-162.0,0.010668163952835485,-0.01768172888015717,-1.2366412213740459,-1.2272727272727273,0.6993893129770993,-0.012366412213740463,44,44,31,13,0.7045454545454546,1.0,0.5577979987383977,64.5,66.36363636363636,67.0,0,0,779.3701530000001,86.0,2920.0,3006.0,180.0,94.0,0.06164383561643835,0.03127079174983367,2.1363636363636362,2.1363636363636362,0.6831818181818182,0.021363636363636362,45,44,34,10,0.7727272727272727,0.9777777777777777,0.6300764193536366,67.0,68.68181818181819,71.25,0,0,779.378346,85.0,3022.0,3107.0,378.0,293.0,0.12508272667107875,0.09430318635339556,6.659090909090909,6.511111111111111,0.7061363636363637,0.06659090909090903,True,False,True,0.9777777777777777,2.1363636363636362,0.03127079174983367,0.5454545454545454,1.0,-332.0,608.0,564.0,True,True,False,False,False,0.9777777777777777,1.1290322580645162,0.016166281755196306
current,min55_veto_impulse_3_5m_abs60_over0_sig0.75,veto; base=min55; choose=score_min_book_rv15; score_min_book_rv15>=0.55; ask<=95; sec_to_close>=120; impulse_3_5m>=60; impulse_3_5m-margin>=0; sec>=600; margin_sigma<=0.75; score<=0.82; fade_ask<=45,min55,veto,impulse_3_5m,60.0,0.0,600.0,0.75,0.82,45.0,0,307,304,208,96,0.6842105263157895,0.990228013029316,0.6299357563060842,62.0,64.96052631578948,69.0,0,0,777.2585,593.0,19748.0,20341.0,1052.0,459.0,0.053271217338464655,0.022565262278157416,1.5098684210526316,1.495114006514658,0.6691118421052632,0.015098684210526292,184,181,121,60,0.6685082872928176,0.9836956521739131,0.5970521800748032,62.0,64.21546961325967,68.0,0,0,811.138,354.0,11623.0,11977.0,477.0,123.0,0.041039318592446014,0.010269683560156968,0.6795580110497238,0.6684782608695652,0.6617127071823204,0.00679558011049719,61,61,41,20,0.6721311475409836,1.0,0.5472180631353664,63.0,64.9672131147541,69.0,0,0,810.969,121.0,3963.0,4084.0,137.0,16.0,0.0345697703759778,0.0039177277179236044,0.26229508196721313,0.26229508196721313,0.6695081967213115,0.0026229508196721207,62,62,46,16,0.7419354838709677,1.0,0.6211887265285198,64.5,67.12903225806451,72.0,0,0,765.3615,118.0,4162.0,4280.0,438.0,320.0,0.10523786641037962,0.07476635514018691,5.161290322580645,5.161290322580645,0.6903225806451613,0.05161290322580647,True,True,True,0.9836956521739131,0.26229508196721313,0.0039177277179236044,v21,veto; base=min55; choose=score_min_book_rv15; score_min_book_rv15>=0.55; ask<=95; sec_to_close>=120; impulse_3_5m>=60; impulse_3_5m-margin>=0; sec>=600; margin_sigma<=0.75; score<=0.82; fade_ask<=45,min55,veto,impulse_3_5m,60.0,0.0,600.0,0.75,0.82,45.0,0,221,219,155,64,0.7077625570776256,0.9909502262443439,0.6443616959208551,62.0,64.88127853881278,68.0,0,0,779.835631,425.0,14209.0,14634.0,1291.0,866.0,0.09085790696037722,0.05917725843925106,3.954337899543379,3.918552036199095,0.6682191780821918,0.03954337899543381,132,131,95,36,0.7251908396946565,0.9924242424242424,0.6431537162063813,62.0,65.56488549618321,69.0,0,0,779.783575,252.0,8589.0,8841.0,911.0,659.0,0.10606589824193736,0.07453907928967311,5.030534351145038,4.992424242424242,0.674885496183206,0.05030534351145044,44,44,30,14,0.6818181818181818,1.0,0.5344310393781776,62.0,62.45454545454545,65.0,0,0,809.4906965,87.0,2748.0,2835.0,252.0,165.0,0.09170305676855896,0.0582010582010582,3.75,3.75,0.6443181818181819,0.03749999999999987,45,44,30,14,0.6818181818181818,0.9777777777777777,0.5344310393781776,62.5,65.27272727272727,69.25,0,0,808.445661,86.0,2872.0,2958.0,128.0,42.0,0.04456824512534819,0.014198782961460446,0.9545454545454546,0.9333333333333333,0.6722727272727272,0.009545454545454524,True,True,True,0.9777777777777777,0.9545454545454546,0.014198782961460446,0.6,1.0,-286.0,1325.0,543.0,True,True,True,False,False,0.9777777777777777,0.26229508196721313,0.0039177277179236044
current,min55_veto_signed_move_5m_abs80_over0_sig0.75,veto; base=min55; choose=score_min_book_rv15; score_min_book_rv15>=0.55; ask<=95; sec_to_close>=120; signed_move_5m>=80; signed_move_5m-margin>=0; sec>=600; margin_sigma<=0.75; score<=0.82; fade_ask<=45,min55,veto,signed_move_5m,80.0,0.0,600.0,0.75,0.82,45.0,0,307,304,208,96,0.6842105263157895,0.990228013029316,0.6299357563060842,62.5,64.8092105263158,69.0,0,0,823.435,598.0,19702.0,20300.0,1098.0,500.0,0.05573038270226373,0.024630541871921183,1.644736842105263,1.6286644951140066,0.6677631578947368,0.016447368421052655,184,181,123,58,0.6795580110497238,0.9836956521739131,0.6084506202810622,62.0,64.03314917127072,68.0,0,0,825.82,355.0,11590.0,11945.0,710.0,355.0,0.061259706643658325,0.02971954792800335,1.9613259668508287,1.9293478260869565,0.6599447513812154,0.019613259668508354,61,61,41,20,0.6721311475409836,1.0,0.5472180631353664,64.0,64.93442622950819,69.0,0,0,810.969,122.0,3961.0,4083.0,139.0,17.0,0.035092148447361776,0.004163605192260593,0.2786885245901639,0.2786885245901639,0.6693442622950819,0.002786885245901649,62,62,44,18,0.7096774193548387,1.0,0.5871235426501359,65.0,66.95161290322581,71.75,0,0,774.29,121.0,4151.0,4272.0,249.0,128.0,0.05998554565165021,0.0299625468164794,2.064516129032258,2.064516129032258,0.6890322580645162,0.020645161290322567,True,True,True,0.9836956521739131,0.2786885245901639,0.004163605192260593,v21,veto; base=min55; choose=score_min_book_rv15; score_min_book_rv15>=0.55; ask<=95; sec_to_close>=120; signed_move_5m>=80; signed_move_5m-margin>=0; sec>=600; margin_sigma<=0.75; score<=0.82; fade_ask<=45,min55,veto,signed_move_5m,80.0,0.0,600.0,0.75,0.82,45.0,0,221,219,154,65,0.7031963470319634,0.9909502262443439,0.6396090640789774,62.0,64.57990867579909,68.0,0,0,839.132967,428.0,14143.0,14571.0,1257.0,829.0,0.088877890122322,0.05689383021069247,3.7853881278538815,3.751131221719457,0.6653424657534247,0.037853881278538726,132,131,93,38,0.7099236641221374,0.9924242424242424,0.6271154560889036,62.0,65.06106870229007,69.0,0,0,839.128388,255.0,8523.0,8778.0,777.0,522.0,0.09116508271735305,0.059466848940533154,3.984732824427481,3.9545454545454546,0.6700763358778626,0.03984732824427473,44,44,30,14,0.6818181818181818,1.0,0.5344310393781776,62.0,62.40909090909091,65.0,0,0,839.1807305,87.0,2746.0,2833.0,254.0,167.0,0.09249817916970138,0.05894811154253442,3.7954545454545454,3.7954545454545454,0.6438636363636364,0.03795454545454535,45,44,31,13,0.7045454545454546,0.9777777777777777,0.5577979987383977,62.5,65.31818181818181,69.25,0,0,838.0694615,86.0,2874.0,2960.0,226.0,140.0,0.07863604732080724,0.0472972972972973,3.1818181818181817,3.111111111111111,0.6727272727272727,0.03181818181818186,True,True,True,0.9777777777777777,3.1818181818181817,0.0472972972972973,0.6,1.0,-289.0,1329.0,452.0,True,True,True,False,False,0.9777777777777777,0.2786885245901639,0.004163605192260593
current,min55_veto_signed_move_5m_abs80_over0_sig0.5,veto; base=min55; choose=score_min_book_rv15; score_min_book_rv15>=0.55; ask<=95; sec_to_close>=120; signed_move_5m>=80; signed_move_5m-margin>=0; sec>=600; margin_sigma<=0.5; score<=0.82; fade_ask<=45,min55,veto,signed_move_5m,80.0,0.0,600.0,0.5,0.82,45.0,0,307,304,208,96,0.6842105263157895,0.990228013029316,0.6299357563060842,63.0,64.88157894736842,69.0,0,0,825.1569999999999,599.0,19724.0,20323.0,1076.0,477.0,0.05455282904076252,0.02347094425035674,1.569078947368421,1.5537459283387622,0.6685197368421052,0.015690789473684297,184,181,123,58,0.6795580110497238,0.9836956521739131,0.6084506202810622,62.0,64.15469613259668,68.0,0,0,825.945,355.0,11612.0,11967.0,688.0,333.0,0.059249052704099206,0.02782652293807972,1.839779005524862,1.809782608695652,0.6611602209944751,0.018397790055248664,61,61,41,20,0.6721311475409836,1.0,0.5472180631353664,64.0,64.93442622950819,69.0,0,0,810.969,122.0,3961.0,4083.0,139.0,17.0,0.035092148447361776,0.004163605192260593,0.2786885245901639,0.2786885245901639,0.6693442622950819,0.002786885245901649,62,62,44,18,0.7096774193548387,1.0,0.5871235426501359,65.0,66.95161290322581,71.75,0,0,778.8695,122.0,4151.0,4273.0,249.0,127.0,0.05998554565165021,0.029721507137842267,2.0483870967741935,2.0483870967741935,0.6891935483870967,0.02048387096774207,True,True,True,0.9836956521739131,0.2786885245901639,0.004163605192260593,v21,veto; base=min55; choose=score_min_book_rv15; score_min_book_rv15>=0.55; ask<=95; sec_to_close>=120; signed_move_5m>=80; signed_move_5m-margin>=0; sec>=600; margin_sigma<=0.5; score<=0.82; fade_ask<=45,min55,veto,signed_move_5m,80.0,0.0,600.0,0.5,0.82,45.0,0,221,219,154,65,0.7031963470319634,0.9909502262443439,0.6396090640789774,62.0,64.70319634703196,68.0,0,0,839.152736,428.0,14170.0,14598.0,1230.0,802.0,0.08680310515172901,0.05493903274421154,3.6621004566210047,3.6289592760180995,0.6665753424657533,0.03662100456621009,132,131,93,38,0.7099236641221374,0.9924242424242424,0.6271154560889036,62.0,65.19083969465649,69.5,0,0,839.152736,255.0,8540.0,8795.0,760.0,505.0,0.08899297423887588,0.05741898806139852,3.854961832061069,3.8257575757575757,0.6713740458015268,0.038549618320610546,44,44,30,14,0.6818181818181818,1.0,0.5344310393781776,62.0,62.63636363636363,65.0,0,0,839.1807305,87.0,2756.0,2843.0,244.0,157.0,0.08853410740203194,0.05522335561027084,3.5681818181818183,3.5681818181818183,0.6461363636363636,0.03568181818181815,45,44,31,13,0.7045454545454546,0.9777777777777777,0.5577979987383977,62.5,65.31818181818181,69.25,0,0,838.0694615,86.0,2874.0,2960.0,226.0,140.0,0.07863604732080724,0.0472972972972973,3.1818181818181817,3.111111111111111,0.6727272727272727,0.03181818181818186,True,True,True,0.9777777777777777,3.1818181818181817,0.0472972972972973,0.6,1.0,-289.0,1279.0,441.0,True,True,True,False,False,0.9777777777777777,0.2786885245901639,0.004163605192260593
current,min55_veto_signed_move_5m_abs80_over40_sig0.75,veto; base=min55; choose=score_min_book_rv15; score_min_book_rv15>=0.55; ask<=95; sec_to_close>=120; signed_move_5m>=80; signed_move_5m-margin>=40; sec>=600; margin_sigma<=0.75; score<=0.82; fade_ask<=45,min55,veto,signed_move_5m,80.0,40.0,600.0,0.75,0.82,45.0,0,307,304,208,96,0.6842105263157895,0.990228013029316,0.6299357563060842,63.0,64.7467105263158,69.0,0,0,825.4545,600.0,19683.0,20283.0,1117.0,517.0,0.05674947924604989,0.02548932603658236,1.700657894736842,1.6840390879478828,0.667203947368421,0.017006578947368456,184,181,123,58,0.6795580110497238,0.9836956521739131,0.6084506202810622,62.0,64.0,68.0,0,0,826.282,357.0,11584.0,11941.0,716.0,359.0,0.06180939226519337,0.030064483711581946,1.9834254143646408,1.951086956521739,0.6597237569060773,0.01983425414364648,61,61,41,20,0.6721311475409836,1.0,0.5472180631353664,64.0,64.93442622950819,69.0,0,0,810.969,122.0,3961.0,4083.0,139.0,17.0,0.035092148447361776,0.004163605192260593,0.2786885245901639,0.2786885245901639,0.6693442622950819,0.002786885245901649,62,62,44,18,0.7096774193548387,1.0,0.5871235426501359,65.0,66.74193548387096,70.75,0,0,777.6125,121.0,4138.0,4259.0,262.0,141.0,0.06331561140647655,0.03310636299600845,2.274193548387097,2.274193548387097,0.6869354838709678,0.022741935483870934,True,True,True,0.9836956521739131,0.2786885245901639,0.004163605192260593,v21,veto; base=min55; choose=score_min_book_rv15; score_min_book_rv15>=0.55; ask<=95; sec_to_close>=120; signed_move_5m>=80; signed_move_5m-margin>=40; sec>=600; margin_sigma<=0.75; score<=0.82; fade_ask<=45,min55,veto,signed_move_5m,80.0,40.0,600.0,0.75,0.82,45.0,0,221,219,154,65,0.7031963470319634,0.9909502262443439,0.6396090640789774,62.0,64.43835616438356,68.0,0,0,839.169005,431.0,14112.0,14543.0,1288.0,857.0,0.09126984126984126,0.05892869421714914,3.91324200913242,3.8778280542986425,0.6640639269406393,0.039132420091324116,132,131,93,38,0.7099236641221374,0.9924242424242424,0.6271154560889036,62.0,64.61832061068702,68.5,0,0,839.169911,258.0,8465.0,8723.0,835.0,577.0,0.09864146485528648,0.06614696778631204,4.404580152671755,4.371212121212121,0.6658778625954199,0.04404580152671744,44,44,30,14,0.6818181818181818,1.0,0.5344310393781776,62.0,63.02272727272727,65.25,0,0,839.1807305,87.0,2773.0,2860.0,227.0,140.0,0.08186080057699242,0.04895104895104895,3.1818181818181817,3.1818181818181817,0.65,0.031818181818181746,45,44,31,13,0.7045454545454546,0.9777777777777777,0.5577979987383977,62.5,65.31818181818181,69.25,0,0,838.0694615,86.0,2874.0,2960.0,226.0,140.0,0.07863604732080724,0.0472972972972973,3.1818181818181817,3.111111111111111,0.6727272727272727,0.03181818181818186,True,True,True,0.9777777777777777,3.1818181818181817,0.0472972972972973,0.6,1.0,-289.0,1374.0,438.0,True,True,True,False,False,0.9777777777777777,0.2786885245901639,0.004163605192260593
current,min55_veto_impulse_3_5m_abs80_over0_sig0.75,veto; base=min55; choose=score_min_book_rv15; score_min_book_rv15>=0.55; ask<=95; sec_to_close>=120; impulse_3_5m>=80; impulse_3_5m-margin>=0; sec>=600; margin_sigma<=0.75; score<=0.82; fade_ask<=45,min55,veto,impulse_3_5m,80.0,0.0,600.0,0.75,0.82,45.0,0,307,304,208,96,0.6842105263157895,0.990228013029316,0.6299357563060842,62.5,64.96710526315789,69.0,0,0,786.7945,597.0,19750.0,20347.0,1050.0,453.0,0.053164556962025315,0.02226372438197277,1.4901315789473684,1.47557003257329,0.6693092105263156,0.014901315789473846,184,181,123,58,0.6795580110497238,0.9836956521739131,0.6084506202810622,62.0,64.21546961325967,68.0,0,0,825.4,355.0,11623.0,11978.0,677.0,322.0,0.058246580056783966,0.02688261813324428,1.7790055248618784,1.75,0.6617679558011049,0.017790055248618875,61,61,41,20,0.6721311475409836,1.0,0.5472180631353664,64.0,64.93442622950819,69.0,0,0,810.969,122.0,3961.0,4083.0,139.0,17.0,0.035092148447361776,0.004163605192260593,0.2786885245901639,0.2786885245901639,0.6693442622950819,0.002786885245901649,62,62,44,18,0.7096774193548387,1.0,0.5871235426501359,65.0,67.19354838709677,72.0,0,0,770.056,120.0,4166.0,4286.0,234.0,114.0,0.05616898703792607,0.026598226784881007,1.8387096774193548,1.8387096774193548,0.6912903225806452,0.01838709677419359,True,True,True,0.9836956521739131,0.2786885245901639,0.004163605192260593,v21,veto; base=min55; choose=score_min_book_rv15; score_min_book_rv15>=0.55; ask<=95; sec_to_close>=120; impulse_3_5m>=80; impulse_3_5m-margin>=0; sec>=600; margin_sigma<=0.75; score<=0.82; fade_ask<=45,min55,veto,impulse_3_5m,80.0,0.0,600.0,0.75,0.82,45.0,0,221,219,155,64,0.7077625570776256,0.9909502262443439,0.6443616959208551,62.0,64.74885844748859,68.0,0,0,839.094062,427.0,14180.0,14607.0,1320.0,893.0,0.0930888575458392,0.06113507222564524,4.077625570776256,4.040723981900452,0.666986301369863,0.040776255707762554,132,131,94,37,0.7175572519083969,0.9924242424242424,0.6351216228521418,62.0,65.34351145038168,69.0,0,0,839.077865,254.0,8560.0,8814.0,840.0,586.0,0.09813084112149532,0.06648513728159745,4.473282442748092,4.4393939393939394,0.6728244274809161,0.04473282442748083,44,44,30,14,0.6818181818181818,1.0,0.5344310393781776,62.0,62.40909090909091,65.0,0,0,839.1807305,87.0,2746.0,2833.0,254.0,167.0,0.09249817916970138,0.05894811154253442,3.7954545454545454,3.7954545454545454,0.6438636363636364,0.03795454545454535,45,44,31,13,0.7045454545454546,0.9777777777777777,0.5577979987383977,62.5,65.31818181818181,69.25,0,0,838.0694615,86.0,2874.0,2960.0,226.0,140.0,0.07863604732080724,0.0472972972972973,3.1818181818181817,3.111111111111111,0.6727272727272727,0.03181818181818186,True,True,True,0.9777777777777777,3.1818181818181817,0.0472972972972973,0.6,1.0,-290.0,1346.0,438.0,True,True,True,False,False,0.9777777777777777,0.2786885245901639,0.004163605192260593
current,min55_veto_signed_move_5m_abs80_over40_sig0.5,veto; base=min55; choose=score_min_book_rv15; score_min_book_rv15>=0.55; ask<=95; sec_to_close>=120; signed_move_5m>=80; signed_move_5m-margin>=40; sec>=600; margin_sigma<=0.5; score<=0.82; fade_ask<=45,min55,veto,signed_move_5m,80.0,40.0,600.0,0.5,0.82,45.0,0,307,304,208,96,0.6842105263157895,0.990228013029316,0.6299357563060842,63.0,64.79934210526316,69.0,0,0,825.7815,601.0,19699.0,20300.0,1101.0,500.0,0.055891161987918166,0.024630541871921183,1.644736842105263,1.6286644951140066,0.6677631578947368,0.016447368421052655,184,181,123,58,0.6795580110497238,0.9836956521739131,0.6084506202810622,62.0,64.08839779005525,68.0,0,0,826.301,357.0,11600.0,11957.0,700.0,343.0,0.0603448275862069,0.028686125282261436,1.8950276243093922,1.8641304347826086,0.6606077348066298,0.018950276243093978,61,61,41,20,0.6721311475409836,1.0,0.5472180631353664,64.0,64.93442622950819,69.0,0,0,810.969,122.0,3961.0,4083.0,139.0,17.0,0.035092148447361776,0.004163605192260593,0.2786885245901639,0.2786885245901639,0.6693442622950819,0.002786885245901649,62,62,44,18,0.7096774193548387,1.0,0.5871235426501359,65.0,66.74193548387096,70.75,0,0,784.1665,122.0,4138.0,4260.0,262.0,140.0,0.06331561140647655,0.03286384976525822,2.2580645161290325,2.2580645161290325,0.6870967741935484,0.022580645161290325,True,True,True,0.9836956521739131,0.2786885245901639,0.004163605192260593,v21,veto; base=min55; choose=score_min_book_rv15; score_min_book_rv15>=0.55; ask<=95; sec_to_close>=120; signed_move_5m>=80; signed_move_5m-margin>=40; sec>=600; margin_sigma<=0.5; score<=0.82; fade_ask<=45,min55,veto,signed_move_5m,80.0,40.0,600.0,0.5,0.82,45.0,0,221,219,154,65,0.7031963470319634,0.9909502262443439,0.6396090640789774,62.0,64.5296803652968,68.0,0,0,839.169911,430.0,14132.0,14562.0,1268.0,838.0,0.08972544579677329,0.057547040241725037,3.82648401826484,3.7918552036199094,0.6649315068493151,0.03826484018264831,132,131,93,38,0.7099236641221374,0.9924242424242424,0.6271154560889036,62.0,64.77099236641222,69.0,0,0,839.198163,257.0,8485.0,8742.0,815.0,558.0,0.09605185621685328,0.06382978723404255,4.259541984732825,4.2272727272727275,0.6673282442748093,0.042595419847328064,44,44,30,14,0.6818181818181818,1.0,0.5344310393781776,62.0,63.02272727272727,65.25,0,0,839.1807305,87.0,2773.0,2860.0,227.0,140.0,0.08186080057699242,0.04895104895104895,3.1818181818181817,3.1818181818181817,0.65,0.031818181818181746,45,44,31,13,0.7045454545454546,0.9777777777777777,0.5577979987383977,62.5,65.31818181818181,69.25,0,0,838.0694615,86.0,2874.0,2960.0,226.0,140.0,0.07863604732080724,0.0472972972972973,3.1818181818181817,3.111111111111111,0.6727272727272727,0.03181818181818186,True,True,True,0.9777777777777777,3.1818181818181817,0.0472972972972973,0.6,1.0,-289.0,1338.0,437.0,True,True,True,False,False,0.9777777777777777,0.2786885245901639,0.004163605192260593
current,min55_veto_signed_move_5m_abs80_over20_sig0.75,veto; base=min55; choose=score_min_book_rv15; score_min_book_rv15>=0.55; ask<=95; sec_to_close>=120; signed_move_5m>=80; signed_move_5m-margin>=20; sec>=600; margin_sigma<=0.75; score<=0.82; fade_ask<=45,min55,veto,signed_move_5m,80.0,20.0,600.0,0.75,0.82,45.0,0,307,304,208,96,0.6842105263157895,0.990228013029316,0.6299357563060842,62.5,64.76973684210526,69.0,0,0,825.088,600.0,19690.0,20290.0,1110.0,510.0,0.0563737938039614,0.025135534746180386,1.6776315789473684,1.6612377850162867,0.6674342105263157,0.016776315789473806,184,181,123,58,0.6795580110497238,0.9836956521739131,0.6084506202810622,62.0,63.966850828729285,68.0,0,0,825.968,357.0,11578.0,11935.0,722.0,365.0,0.06235964760753152,0.03058232090490155,2.016574585635359,1.983695652173913,0.6593922651933701,0.020165745856353667,61,61,41,20,0.6721311475409836,1.0,0.5472180631353664,64.0,64.93442622950819,69.0,0,0,810.969,122.0,3961.0,4083.0,139.0,17.0,0.035092148447361776,0.004163605192260593,0.2786885245901639,0.2786885245901639,0.6693442622950819,0.002786885245901649,62,62,44,18,0.7096774193548387,1.0,0.5871235426501359,65.0,66.95161290322581,71.75,0,0,775.2455,121.0,4151.0,4272.0,249.0,128.0,0.05998554565165021,0.0299625468164794,2.064516129032258,2.064516129032258,0.6890322580645162,0.020645161290322567,True,True,True,0.9836956521739131,0.2786885245901639,0.004163605192260593,v21,veto; base=min55; choose=score_min_book_rv15; score_min_book_rv15>=0.55; ask<=95; sec_to_close>=120; signed_move_5m>=80; signed_move_5m-margin>=20; sec>=600; margin_sigma<=0.75; score<=0.82; fade_ask<=45,min55,veto,signed_move_5m,80.0,20.0,600.0,0.75,0.82,45.0,0,221,219,154,65,0.7031963470319634,0.9909502262443439,0.6396090640789774,62.0,64.48858447488584,68.0,0,0,839.152736,430.0,14123.0,14553.0,1277.0,847.0,0.09041988246123345,0.0582010582010582,3.867579908675799,3.832579185520362,0.6645205479452054,0.038675799086758,132,131,93,38,0.7099236641221374,0.9924242424242424,0.6271154560889036,62.0,64.77862595419847,69.0,0,0,839.152736,257.0,8486.0,8743.0,814.0,557.0,0.09592269620551497,0.06370810934461855,4.251908396946565,4.21969696969697,0.6674045801526718,0.042519083969465576,44,44,30,14,0.6818181818181818,1.0,0.5344310393781776,62.0,62.79545454545455,65.0,0,0,839.1807305,87.0,2763.0,2850.0,237.0,150.0,0.08577633007600434,0.05263157894736842,3.409090909090909,3.409090909090909,0.6477272727272727,0.03409090909090906,45,44,31,13,0.7045454545454546,0.9777777777777777,0.5577979987383977,62.5,65.31818181818181,69.25,0,0,838.0694615,86.0,2874.0,2960.0,226.0,140.0,0.07863604732080724,0.0472972972972973,3.1818181818181817,3.111111111111111,0.6727272727272727,0.03181818181818186,True,True,True,0.9777777777777777,3.1818181818181817,0.0472972972972973,0.6,1.0,-289.0,1357.0,435.0,True,True,True,False,False,0.9777777777777777,0.2786885245901639,0.004163605192260593
current,min55_veto_signed_move_5m_abs60_over40_sig0.5,veto; base=min55; choose=score_min_book_rv15; score_min_book_rv15>=0.55; ask<=95; sec_to_close>=120; signed_move_5m>=60; signed_move_5m-margin>=40; sec>=600; margin_sigma<=0.5; score<=0.82; fade_ask<=45,min55,veto,signed_move_5m,60.0,40.0,600.0,0.5,0.82,45.0,0,307,304,207,97,0.680921052631579,0.990228013029316,0.6265451424929228,63.0,64.78289473684211,69.0,0,0,825.4545,601.0,19694.0,20295.0,1006.0,405.0,0.05108154767949629,0.019955654101995565,1.332236842105263,1.3192182410423452,0.6675986842105263,0.013322368421052722,184,181,122,59,0.6740331491712708,0.9836956521739131,0.6027461923165097,62.0,64.06629834254143,68.0,0,0,825.968,357.0,11596.0,11953.0,604.0,247.0,0.05208692652638841,0.020664268384505982,1.3646408839779005,1.3423913043478262,0.6603867403314917,0.013646408839779078,61,61,41,20,0.6721311475409836,1.0,0.5472180631353664,64.0,64.93442622950819,69.0,0,0,810.969,122.0,3961.0,4083.0,139.0,17.0,0.035092148447361776,0.004163605192260593,0.2786885245901639,0.2786885245901639,0.6693442622950819,0.002786885245901649,62,62,44,18,0.7096774193548387,1.0,0.5871235426501359,65.0,66.7258064516129,70.75,0,0,784.1665,122.0,4137.0,4259.0,263.0,141.0,0.06357263717669809,0.03310636299600845,2.274193548387097,2.274193548387097,0.6869354838709678,0.022741935483870934,True,True,True,0.9836956521739131,0.2786885245901639,0.004163605192260593,v21,veto; base=min55; choose=score_min_book_rv15; score_min_book_rv15>=0.55; ask<=95; sec_to_close>=120; signed_move_5m>=60; signed_move_5m-margin>=40; sec>=600; margin_sigma<=0.5; score<=0.82; fade_ask<=45,min55,veto,signed_move_5m,60.0,40.0,600.0,0.5,0.82,45.0,0,221,219,155,64,0.7077625570776256,0.9909502262443439,0.6443616959208551,62.0,64.68493150684931,68.0,0,0,839.132967,430.0,14166.0,14596.0,1334.0,904.0,0.09416913737117041,0.0619347766511373,4.127853881278539,4.090497737556561,0.6664840182648404,0.041278538812785204,132,131,94,37,0.7175572519083969,0.9924242424242424,0.6351216228521418,62.0,64.93129770992367,69.0,0,0,839.136245,257.0,8506.0,8763.0,894.0,637.0,0.10510228074300494,0.07269200045646468,4.862595419847328,4.825757575757576,0.6689312977099238,0.048625954198473154,44,44,30,14,0.6818181818181818,1.0,0.5344310393781776,62.5,63.31818181818182,66.0,0,0,839.1019255,87.0,2786.0,2873.0,214.0,127.0,0.07681263460157932,0.044204664114166375,2.8863636363636362,2.8863636363636362,0.6529545454545455,0.028863636363636314,45,44,31,13,0.7045454545454546,0.9777777777777777,0.5577979987383977,62.5,65.31818181818181,69.25,0,0,838.0694615,86.0,2874.0,2960.0,226.0,140.0,0.07863604732080724,0.0472972972972973,3.1818181818181817,3.111111111111111,0.6727272727272727,0.03181818181818186,True,True,True,0.9777777777777777,2.8863636363636362,0.044204664114166375,0.6,1.0,-289.0,1309.0,425.0,True,True,True,False,False,0.9777777777777777,0.2786885245901639,0.004163605192260593
current,min55_veto_signed_move_5m_abs80_over20_sig0.5,veto; base=min55; choose=score_min_book_rv15; score_min_book_rv15>=0.55; ask<=95; sec_to_close>=120; signed_move_5m>=80; signed_move_5m-margin>=20; sec>=600; margin_sigma<=0.5; score<=0.82; fade_ask<=45,min55,veto,signed_move_5m,80.0,20.0,600.0,0.5,0.82,45.0,0,307,304,208,96,0.6842105263157895,0.990228013029316,0.6299357563060842,63.0,64.84539473684211,69.0,0,0,825.4545,601.0,19713.0,20314.0,1087.0,486.0,0.055141277329680924,0.023924387122181746,1.5986842105263157,1.5830618892508144,0.6682236842105262,0.015986842105263244,184,181,123,58,0.6795580110497238,0.9836956521739131,0.6084506202810622,62.0,64.0939226519337,68.0,0,0,826.282,357.0,11601.0,11958.0,699.0,342.0,0.06025342642875614,0.028600100351229302,1.8895027624309393,1.858695652173913,0.6606629834254144,0.01889502762430939,61,61,41,20,0.6721311475409836,1.0,0.5472180631353664,64.0,64.93442622950819,69.0,0,0,810.969,122.0,3961.0,4083.0,139.0,17.0,0.035092148447361776,0.004163605192260593,0.2786885245901639,0.2786885245901639,0.6693442622950819,0.002786885245901649,62,62,44,18,0.7096774193548387,1.0,0.5871235426501359,65.0,66.95161290322581,71.75,0,0,778.8695,122.0,4151.0,4273.0,249.0,127.0,0.05998554565165021,0.029721507137842267,2.0483870967741935,2.0483870967741935,0.6891935483870967,0.02048387096774207,True,True,True,0.9836956521739131,0.2786885245901639,0.004163605192260593,v21,veto; base=min55; choose=score_min_book_rv15; score_min_book_rv15>=0.55; ask<=95; sec_to_close>=120; signed_move_5m>=80; signed_move_5m-margin>=20; sec>=600; margin_sigma<=0.5; score<=0.82; fade_ask<=45,min55,veto,signed_move_5m,80.0,20.0,600.0,0.5,0.82,45.0,0,221,219,154,65,0.7031963470319634,0.9909502262443439,0.6396090640789774,62.0,64.63013698630137,68.0,0,0,839.169005,429.0,14154.0,14583.0,1246.0,817.0,0.08803165182987141,0.05602413769457588,3.730593607305936,3.6968325791855206,0.665890410958904,0.03730593607305943,132,131,93,38,0.7099236641221374,0.9924242424242424,0.6271154560889036,62.0,64.93893129770993,69.0,0,0,839.169911,256.0,8507.0,8763.0,793.0,537.0,0.09321735041730339,0.061280383430332076,4.099236641221374,4.068181818181818,0.6689312977099237,0.04099236641221371,44,44,30,14,0.6818181818181818,1.0,0.5344310393781776,62.0,63.02272727272727,65.25,0,0,839.1807305,87.0,2773.0,2860.0,227.0,140.0,0.08186080057699242,0.04895104895104895,3.1818181818181817,3.1818181818181817,0.65,0.031818181818181746,45,44,31,13,0.7045454545454546,0.9777777777777777,0.5577979987383977,62.5,65.31818181818181,69.25,0,0,838.0694615,86.0,2874.0,2960.0,226.0,140.0,0.07863604732080724,0.0472972972972973,3.1818181818181817,3.111111111111111,0.6727272727272727,0.03181818181818186,True,True,True,0.9777777777777777,3.1818181818181817,0.0472972972972973,0.6,1.0,-289.0,1303.0,424.0,True,True,True,False,False,0.9777777777777777,0.2786885245901639,0.004163605192260593
current,min55_veto_signed_move_5m_abs60_over40_sig0.75,veto; base=min55; choose=score_min_book_rv15; score_min_book_rv15>=0.55; ask<=95; sec_to_close>=120; signed_move_5m>=60; signed_move_5m-margin>=40; sec>=600; margin_sigma<=0.75; score<=0.82; fade_ask<=45,min55,veto,signed_move_5m,60.0,40.0,600.0,0.75,0.82,45.0,0,307,304,207,97,0.680921052631579,0.990228013029316,0.6265451424929228,62.5,64.79276315789474,69.0,0,0,825.088,599.0,19697.0,20296.0,1003.0,404.0,0.05092146012083058,0.019905400078833266,1.3289473684210527,1.3159609120521172,0.6676315789473685,0.013289473684210518,184,181,122,59,0.6740331491712708,0.9836956521739131,0.6027461923165097,62.0,63.97790055248619,68.0,0,0,825.945,357.0,11580.0,11937.0,620.0,263.0,0.0535405872193437,0.0220323364329396,1.4530386740331491,1.4293478260869565,0.6595027624309393,0.014530386740331469,61,61,41,20,0.6721311475409836,1.0,0.5472180631353664,64.0,64.93442622950819,69.0,0,0,810.969,122.0,3961.0,4083.0,139.0,17.0,0.035092148447361776,0.004163605192260593,0.2786885245901639,0.2786885245901639,0.6693442622950819,0.002786885245901649,62,62,44,18,0.7096774193548387,1.0,0.5871235426501359,65.0,67.03225806451613,71.0,0,0,775.8155,120.0,4156.0,4276.0,244.0,124.0,0.05871029836381136,0.028999064546304958,2.0,2.0,0.6896774193548387,0.020000000000000018,True,True,True,0.9836956521739131,0.2786885245901639,0.004163605192260593,v21,veto; base=min55; choose=score_min_book_rv15; score_min_book_rv15>=0.55; ask<=95; sec_to_close>=120; signed_move_5m>=60; signed_move_5m-margin>=40; sec>=600; margin_sigma<=0.75; score<=0.82; fade_ask<=45,min55,veto,signed_move_5m,60.0,40.0,600.0,0.75,0.82,45.0,0,221,219,155,64,0.7077625570776256,0.9909502262443439,0.6443616959208551,62.0,64.53881278538813,68.0,0,0,839.128388,431.0,14134.0,14565.0,1366.0,935.0,0.09664638460449979,0.0641949879848953,4.269406392694064,4.230769230769231,0.6650684931506851,0.04269406392694053,132,131,94,37,0.7175572519083969,0.9924242424242424,0.6351216228521418,62.0,64.68702290076335,69.0,0,0,839.128388,258.0,8474.0,8732.0,926.0,668.0,0.1092754307292896,0.07650022904260192,5.099236641221374,5.0606060606060606,0.6665648854961833,0.05099236641221361,44,44,30,14,0.6818181818181818,1.0,0.5344310393781776,62.5,63.31818181818182,66.0,0,0,839.1019255,87.0,2786.0,2873.0,214.0,127.0,0.07681263460157932,0.044204664114166375,2.8863636363636362,2.8863636363636362,0.6529545454545455,0.028863636363636314,45,44,31,13,0.7045454545454546,0.9777777777777777,0.5577979987383977,62.5,65.31818181818181,69.25,0,0,838.0694615,86.0,2874.0,2960.0,226.0,140.0,0.07863604732080724,0.0472972972972973,3.1818181818181817,3.111111111111111,0.6727272727272727,0.03181818181818186,True,True,True,0.9777777777777777,2.8863636363636362,0.044204664114166375,0.6,1.0,-289.0,1339.0,408.0,True,True,True,False,False,0.9777777777777777,0.2786885245901639,0.004163605192260593
current,min55_veto_impulse_3_5m_abs80_over20_sig0.75,veto; base=min55; choose=score_min_book_rv15; score_min_book_rv15>=0.55; ask<=95; sec_to_close>=120; impulse_3_5m>=80; impulse_3_5m-margin>=20; sec>=600; margin_sigma<=0.75; score<=0.82; fade_ask<=45,min55,veto,impulse_3_5m,80.0,20.0,600.0,0.75,0.82,45.0,0,307,304,208,96,0.6842105263157895,0.990228013029316,0.6299357563060842,63.0,65.01973684210526,69.0,0,0,809.7025000000001,599.0,19766.0,20365.0,1034.0,435.0,0.05231205099666093,0.02136017677387675,1.430921052631579,1.4169381107491856,0.6699013157894737,0.014309210526315841,184,181,123,58,0.6795580110497238,0.9836956521739131,0.6084506202810622,62.0,64.1657458563536,68.0,0,0,825.945,357.0,11614.0,11971.0,686.0,329.0,0.059066643705872224,0.027483084119956563,1.8176795580110496,1.7880434782608696,0.6613812154696133,0.01817679558011054,61,61,41,20,0.6721311475409836,1.0,0.5472180631353664,64.0,64.93442622950819,69.0,0,0,810.969,122.0,3961.0,4083.0,139.0,17.0,0.035092148447361776,0.004163605192260593,0.2786885245901639,0.2786885245901639,0.6693442622950819,0.002786885245901649,62,62,44,18,0.7096774193548387,1.0,0.5871235426501359,65.0,67.59677419354838,72.75,0,0,772.4200000000001,120.0,4191.0,4311.0,209.0,89.0,0.049868766404199474,0.020644861980978892,1.435483870967742,1.435483870967742,0.6953225806451613,0.014354838709677464,True,True,True,0.9836956521739131,0.2786885245901639,0.004163605192260593,v21,veto; base=min55; choose=score_min_book_rv15; score_min_book_rv15>=0.55; ask<=95; sec_to_close>=120; impulse_3_5m>=80; impulse_3_5m-margin>=20; sec>=600; margin_sigma<=0.75; score<=0.82; fade_ask<=45,min55,veto,impulse_3_5m,80.0,20.0,600.0,0.75,0.82,45.0,0,221,219,155,64,0.7077625570776256,0.9909502262443439,0.6443616959208551,62.0,64.69406392694064,68.0,0,0,839.132967,428.0,14168.0,14596.0,1332.0,904.0,0.0940146809712027,0.0619347766511373,4.127853881278539,4.090497737556561,0.6664840182648403,0.041278538812785315,132,131,94,37,0.7175572519083969,0.9924242424242424,0.6351216228521418,62.0,65.12213740458016,69.0,0,0,839.128388,255.0,8531.0,8786.0,869.0,614.0,0.10186379088031884,0.06988390621443205,4.687022900763359,4.651515151515151,0.6706870229007634,0.04687022900763349,44,44,30,14,0.6818181818181818,1.0,0.5344310393781776,62.0,62.79545454545455,65.0,0,0,839.1807305,87.0,2763.0,2850.0,237.0,150.0,0.08577633007600434,0.05263157894736842,3.409090909090909,3.409090909090909,0.6477272727272727,0.03409090909090906,45,44,31,13,0.7045454545454546,0.9777777777777777,0.5577979987383977,62.5,65.31818181818181,69.25,0,0,838.0694615,86.0,2874.0,2960.0,226.0,140.0,0.07863604732080724,0.0472972972972973,3.1818181818181817,3.111111111111111,0.6727272727272727,0.03181818181818186,True,True,True,0.9777777777777777,3.1818181818181817,0.0472972972972973,0.6,1.0,-301.0,1339.0,396.0,True,True,True,False,False,0.9777777777777777,0.2786885245901639,0.004163605192260593
current,min55_veto_impulse_3_5m_abs60_over0_sig0.5,veto; base=min55; choose=score_min_book_rv15; score_min_book_rv15>=0.55; ask<=95; sec_to_close>=120; impulse_3_5m>=60; impulse_3_5m-margin>=0; sec>=600; margin_sigma<=0.5; score<=0.82; fade_ask<=45,min55,veto,impulse_3_5m,60.0,0.0,600.0,0.5,0.82,45.0,0,307,304,207,97,0.680921052631579,0.990228013029316,0.6265451424929228,63.0,64.93092105263158,69.0,0,0,788.5665,599.0,19739.0,20338.0,961.0,362.0,0.048685343735751556,0.017799193627692004,1.1907894736842106,1.1791530944625408,0.6690131578947368,0.011907894736842173,184,181,122,59,0.6740331491712708,0.9836956521739131,0.6027461923165097,62.0,64.1878453038674,68.0,0,0,822.332,355.0,11618.0,11973.0,582.0,227.0,0.050094680667929076,0.01895932514825023,1.2541436464088398,1.233695652173913,0.6614917127071823,0.012541436464088451,61,61,41,20,0.6721311475409836,1.0,0.5472180631353664,63.0,64.88524590163935,69.0,0,0,810.969,122.0,3958.0,4080.0,142.0,20.0,0.0358767054067711,0.004901960784313725,0.32786885245901637,0.32786885245901637,0.6688524590163933,0.003278688524590234,62,62,44,18,0.7096774193548387,1.0,0.5871235426501359,65.0,67.14516129032258,72.0,0,0,773.8015,122.0,4163.0,4285.0,237.0,115.0,0.05693009848666827,0.026837806301050177,1.8548387096774193,1.8548387096774193,0.6911290322580645,0.0185483870967742,True,True,True,0.9836956521739131,0.32786885245901637,0.004901960784313725,v21,veto; base=min55; choose=score_min_book_rv15; score_min_book_rv15>=0.55; ask<=95; sec_to_close>=120; impulse_3_5m>=60; impulse_3_5m-margin>=0; sec>=600; margin_sigma<=0.5; score<=0.82; fade_ask<=45,min55,veto,impulse_3_5m,60.0,0.0,600.0,0.5,0.82,45.0,0,221,219,154,65,0.7031963470319634,0.9909502262443439,0.6396090640789774,63.0,65.03652968036529,68.5,0,0,779.958581,427.0,14243.0,14670.0,1157.0,730.0,0.08123288633012708,0.04976141785957737,3.3333333333333335,3.3031674208144794,0.6698630136986302,0.033333333333333215,132,131,94,37,0.7175572519083969,0.9924242424242424,0.6351216228521418,63.0,65.67175572519083,70.0,0,0,779.835631,254.0,8603.0,8857.0,797.0,543.0,0.09264210159246775,0.061307440442587784,4.145038167938932,4.113636363636363,0.6761068702290077,0.04145038167938919,44,44,30,14,0.6818181818181818,1.0,0.5344310393781776,62.0,62.90909090909091,65.25,0,0,809.4906965,87.0,2768.0,2855.0,232.0,145.0,0.0838150289017341,0.050788091068301226,3.2954545454545454,3.2954545454545454,0.6488636363636364,0.03295454545454535,45,44,30,14,0.6818181818181818,0.9777777777777777,0.5344310393781776,62.5,65.27272727272727,69.25,0,0,808.445661,86.0,2872.0,2958.0,128.0,42.0,0.04456824512534819,0.014198782961460446,0.9545454545454546,0.9333333333333333,0.6722727272727272,0.009545454545454524,True,True,True,0.9777777777777777,0.9545454545454546,0.014198782961460446,0.6,1.0,-286.0,1092.0,322.0,True,True,True,False,False,0.9777777777777777,0.32786885245901637,0.004901960784313725
current,min55_veto_signed_move_5m_abs40_over40_sig0.5,veto; base=min55; choose=score_min_book_rv15; score_min_book_rv15>=0.55; ask<=95; sec_to_close>=120; signed_move_5m>=40; signed_move_5m-margin>=40; sec>=600; margin_sigma<=0.5; score<=0.82; fade_ask<=45,min55,veto,signed_move_5m,40.0,40.0,600.0,0.5,0.82,45.0,0,307,304,206,98,0.6776315789473685,0.990228013029316,0.6231574671224652,63.0,64.79934210526316,69.0,0,0,825.4545,601.0,19699.0,20300.0,901.0,300.0,0.04573836235341896,0.014778325123152709,0.9868421052631579,0.9771986970684039,0.6677631578947368,0.009868421052631637,184,181,121,60,0.6685082872928176,0.9836956521739131,0.5970521800748032,62.0,64.0939226519337,68.0,0,0,825.968,357.0,11601.0,11958.0,499.0,142.0,0.04301353331609344,0.011874895467469476,0.7845303867403315,0.7717391304347826,0.6606629834254144,0.00784530386740323,61,61,41,20,0.6721311475409836,1.0,0.5472180631353664,64.0,64.93442622950819,69.0,0,0,810.969,122.0,3961.0,4083.0,139.0,17.0,0.035092148447361776,0.004163605192260593,0.2786885245901639,0.2786885245901639,0.6693442622950819,0.002786885245901649,62,62,44,18,0.7096774193548387,1.0,0.5871235426501359,65.0,66.7258064516129,70.75,0,0,784.1665,122.0,4137.0,4259.0,263.0,141.0,0.06357263717669809,0.03310636299600845,2.274193548387097,2.274193548387097,0.6869354838709678,0.022741935483870934,True,True,True,0.9836956521739131,0.2786885245901639,0.004163605192260593,v21,veto; base=min55; choose=score_min_book_rv15; score_min_book_rv15>=0.55; ask<=95; sec_to_close>=120; signed_move_5m>=40; signed_move_5m-margin>=40; sec>=600; margin_sigma<=0.5; score<=0.82; fade_ask<=45,min55,veto,signed_move_5m,40.0,40.0,600.0,0.5,0.82,45.0,0,221,219,154,65,0.7031963470319634,0.9909502262443439,0.6396090640789774,62.0,64.70776255707763,68.0,0,0,839.132967,430.0,14171.0,14601.0,1229.0,799.0,0.08672641309717027,0.05472227929593863,3.6484018264840183,3.6153846153846154,0.6667123287671233,0.03648401826484016,132,131,94,37,0.7175572519083969,0.9924242424242424,0.6351216228521418,62.0,64.93129770992367,69.0,0,0,839.136245,257.0,8506.0,8763.0,894.0,637.0,0.10510228074300494,0.07269200045646468,4.862595419847328,4.825757575757576,0.6689312977099238,0.048625954198473154,44,44,29,15,0.6590909090909091,1.0,0.5113914121793824,62.5,63.43181818181818,66.0,0,0,839.1019255,87.0,2791.0,2878.0,109.0,22.0,0.03905410247223218,0.007644197359277276,0.5,0.5,0.6540909090909092,0.004999999999999893,45,44,31,13,0.7045454545454546,0.9777777777777777,0.5577979987383977,62.5,65.31818181818181,69.25,0,0,838.0694615,86.0,2874.0,2960.0,226.0,140.0,0.07863604732080724,0.0472972972972973,3.1818181818181817,3.111111111111111,0.6727272727272727,0.03181818181818186,True,True,True,0.9777777777777777,0.5,0.007644197359277276,0.6,1.0,-289.0,1099.0,320.0,True,True,True,False,False,0.9777777777777777,0.2786885245901639,0.004163605192260593
current,min55_veto_impulse_3_5m_abs80_over0_sig0.5,veto; base=min55; choose=score_min_book_rv15; score_min_book_rv15>=0.55; ask<=95; sec_to_close>=120; impulse_3_5m>=80; impulse_3_5m-margin>=0; sec>=600; margin_sigma<=0.5; score<=0.82; fade_ask<=45,min55,veto,impulse_3_5m,80.0,0.0,600.0,0.5,0.82,45.0,0,307,304,207,97,0.680921052631579,0.990228013029316,0.6265451424929228,63.0,65.05592105263158,69.0,0,0,811.406,599.0,19777.0,20376.0,923.0,324.0,0.04667037467765586,0.015901060070671377,1.0657894736842106,1.0553745928338762,0.6702631578947368,0.0106578947368422,184,181,123,58,0.6795580110497238,0.9836956521739131,0.6084506202810622,62.0,64.31491712707182,68.0,0,0,825.82,355.0,11641.0,11996.0,659.0,304.0,0.056610256850786016,0.025341780593531177,1.6795580110497237,1.6521739130434783,0.6627624309392266,0.0167955801104972,61,61,41,20,0.6721311475409836,1.0,0.5472180631353664,64.0,64.93442622950819,69.0,0,0,810.969,122.0,3961.0,4083.0,139.0,17.0,0.035092148447361776,0.004163605192260593,0.2786885245901639,0.2786885245901639,0.6693442622950819,0.002786885245901649,62,62,43,19,0.6935483870967742,1.0,0.5703278379461328,65.0,67.33870967741936,72.0,0,0,775.1765,122.0,4175.0,4297.0,125.0,3.0,0.029940119760479042,0.0006981615080288574,0.04838709677419355,0.04838709677419355,0.6930645161290322,0.0004838709677420505,True,True,True,0.9836956521739131,0.04838709677419355,0.0006981615080288574,v21,veto; base=min55; choose=score_min_book_rv15; score_min_book_rv15>=0.55; ask<=95; sec_to_close>=120; impulse_3_5m>=80; impulse_3_5m-margin>=0; sec>=600; margin_sigma<=0.5; score<=0.82; fade_ask<=45,min55,veto,impulse_3_5m,80.0,0.0,600.0,0.5,0.82,45.0,0,221,219,154,65,0.7031963470319634,0.9909502262443439,0.6396090640789774,62.0,64.84931506849315,68.0,0,0,839.132967,427.0,14202.0,14629.0,1198.0,771.0,0.0843543162934798,0.05270353407615011,3.5205479452054793,3.48868778280543,0.6679908675799088,0.035205479452054655,132,131,93,38,0.7099236641221374,0.9924242424242424,0.6271154560889036,62.0,65.43511450381679,70.0,0,0,839.128388,254.0,8572.0,8826.0,728.0,474.0,0.08492767148856743,0.053704962610469066,3.618320610687023,3.590909090909091,0.6737404580152672,0.0361832061068702,44,44,30,14,0.6818181818181818,1.0,0.5344310393781776,62.0,62.63636363636363,65.0,0,0,839.1807305,87.0,2756.0,2843.0,244.0,157.0,0.08853410740203194,0.05522335561027084,3.5681818181818183,3.5681818181818183,0.6461363636363636,0.03568181818181815,45,44,31,13,0.7045454545454546,0.9777777777777777,0.5577979987383977,62.5,65.31818181818181,69.25,0,0,838.0694615,86.0,2874.0,2960.0,226.0,140.0,0.07863604732080724,0.0472972972972973,3.1818181818181817,3.111111111111111,0.6727272727272727,0.03181818181818186,True,True,True,0.9777777777777777,3.1818181818181817,0.0472972972972973,0.6,1.0,-295.0,1095.0,317.0,True,True,True,False,False,0.9777777777777777,0.04838709677419355,0.0006981615080288574
current,min55_veto_signed_move_5m_abs40_over40_sig0.75,veto; base=min55; choose=score_min_book_rv15; score_min_book_rv15>=0.55; ask<=95; sec_to_close>=120; signed_move_5m>=40; signed_move_5m-margin>=40; sec>=600; margin_sigma<=0.75; score<=0.82; fade_ask<=45,min55,veto,signed_move_5m,40.0,40.0,600.0,0.75,0.82,45.0,0,307,304,206,98,0.6776315789473685,0.990228013029316,0.6231574671224652,62.5,64.8092105263158,69.0,0,0,825.088,599.0,19702.0,20301.0,898.0,299.0,0.04557912902243427,0.01472833850549234,0.9835526315789473,0.9739413680781759,0.6677960526315789,0.009835526315789545,184,181,121,60,0.6685082872928176,0.9836956521739131,0.5970521800748032,62.0,64.00552486187846,68.0,0,0,825.945,357.0,11585.0,11942.0,515.0,158.0,0.044454035390591284,0.013230614637414168,0.8729281767955801,0.8586956521739131,0.6597790055248619,0.008729281767955732,61,61,41,20,0.6721311475409836,1.0,0.5472180631353664,64.0,64.93442622950819,69.0,0,0,810.969,122.0,3961.0,4083.0,139.0,17.0,0.035092148447361776,0.004163605192260593,0.2786885245901639,0.2786885245901639,0.6693442622950819,0.002786885245901649,62,62,44,18,0.7096774193548387,1.0,0.5871235426501359,65.0,67.03225806451613,71.0,0,0,775.8155,120.0,4156.0,4276.0,244.0,124.0,0.05871029836381136,0.028999064546304958,2.0,2.0,0.6896774193548387,0.020000000000000018,True,True,True,0.9836956521739131,0.2786885245901639,0.004163605192260593,v21,veto; base=min55; choose=score_min_book_rv15; score_min_book_rv15>=0.55; ask<=95; sec_to_close>=120; signed_move_5m>=40; signed_move_5m-margin>=40; sec>=600; margin_sigma<=0.75; score<=0.82; fade_ask<=45,min55,veto,signed_move_5m,40.0,40.0,600.0,0.75,0.82,45.0,0,221,219,154,65,0.7031963470319634,0.9909502262443439,0.6396090640789774,62.0,64.56164383561644,68.0,0,0,839.128388,431.0,14139.0,14570.0,1261.0,830.0,0.0891859395996888,0.05696636925188744,3.7899543378995433,3.755656108597285,0.665296803652968,0.03789954337899548,132,131,94,37,0.7175572519083969,0.9924242424242424,0.6351216228521418,62.0,64.68702290076335,69.0,0,0,839.128388,258.0,8474.0,8732.0,926.0,668.0,0.1092754307292896,0.07650022904260192,5.099236641221374,5.0606060606060606,0.6665648854961833,0.05099236641221361,44,44,29,15,0.6590909090909091,1.0,0.5113914121793824,62.5,63.43181818181818,66.0,0,0,839.1019255,87.0,2791.0,2878.0,109.0,22.0,0.03905410247223218,0.007644197359277276,0.5,0.5,0.6540909090909092,0.004999999999999893,45,44,31,13,0.7045454545454546,0.9777777777777777,0.5577979987383977,62.5,65.31818181818181,69.25,0,0,838.0694615,86.0,2874.0,2960.0,226.0,140.0,0.07863604732080724,0.0472972972972973,3.1818181818181817,3.111111111111111,0.6727272727272727,0.03181818181818186,True,True,True,0.9777777777777777,0.5,0.007644197359277276,0.6,1.0,-289.0,1129.0,303.0,True,True,True,False,False,0.9777777777777777,0.2786885245901639,0.004163605192260593
current,min55_veto_signed_move_5m_abs60_over20_sig0.5,veto; base=min55; choose=score_min_book_rv15; score_min_book_rv15>=0.55; ask<=95; sec_to_close>=120; signed_move_5m>=60; signed_move_5m-margin>=20; sec>=600; margin_sigma<=0.5; score<=0.82; fade_ask<=45,min55,veto,signed_move_5m,60.0,20.0,600.0,0.5,0.82,45.0,0,307,304,207,97,0.680921052631579,0.990228013029316,0.6265451424929228,63.0,64.8717105263158,69.0,0,0,824.8065,601.0,19721.0,20322.0,979.0,378.0,0.0496425130571472,0.018600531443755536,1.243421052631579,1.231270358306189,0.6684868421052631,0.01243421052631588,184,181,122,59,0.6740331491712708,0.9836956521739131,0.6027461923165097,62.0,64.06077348066299,68.0,0,0,825.82,357.0,11595.0,11952.0,605.0,248.0,0.05217766278568348,0.020749665327978582,1.3701657458563536,1.3478260869565217,0.6603314917127072,0.013701657458563554,61,61,41,20,0.6721311475409836,1.0,0.5472180631353664,63.0,64.88524590163935,69.0,0,0,810.969,122.0,3958.0,4080.0,142.0,20.0,0.0358767054067711,0.004901960784313725,0.32786885245901637,0.32786885245901637,0.6688524590163933,0.003278688524590234,62,62,44,18,0.7096774193548387,1.0,0.5871235426501359,65.0,67.2258064516129,71.75,0,0,777.6125,122.0,4168.0,4290.0,232.0,110.0,0.05566218809980806,0.02564102564102564,1.7741935483870968,1.7741935483870968,0.6919354838709677,0.01774193548387104,True,True,True,0.9836956521739131,0.32786885245901637,0.004901960784313725,v21,veto; base=min55; choose=score_min_book_rv15; score_min_book_rv15>=0.55; ask<=95; sec_to_close>=120; signed_move_5m>=60; signed_move_5m-margin>=20; sec>=600; margin_sigma<=0.5; score<=0.82; fade_ask<=45,min55,veto,signed_move_5m,60.0,20.0,600.0,0.5,0.82,45.0,0,221,219,154,65,0.7031963470319634,0.9909502262443439,0.6396090640789774,62.0,64.79908675799086,68.0,0,0,839.100042,429.0,14191.0,14620.0,1209.0,780.0,0.08519484180114156,0.0533515731874145,3.5616438356164384,3.5294117647058822,0.6675799086757992,0.03561643835616424,132,131,94,37,0.7175572519083969,0.9924242424242424,0.6351216228521418,62.0,65.13740458015268,70.0,0,0,839.128388,256.0,8533.0,8789.0,867.0,611.0,0.10160553146607289,0.06951871657754011,4.66412213740458,4.628787878787879,0.6709160305343511,0.046641221374045805,44,44,30,14,0.6818181818181818,1.0,0.5344310393781776,62.5,63.31818181818182,66.0,0,0,839.1019255,87.0,2786.0,2873.0,214.0,127.0,0.07681263460157932,0.044204664114166375,2.8863636363636362,2.8863636363636362,0.6529545454545455,0.028863636363636314,45,44,30,14,0.6818181818181818,0.9777777777777777,0.5344310393781776,62.5,65.27272727272727,69.25,0,0,808.445661,86.0,2872.0,2958.0,128.0,42.0,0.04456824512534819,0.014198782961460446,0.9545454545454546,0.9333333333333333,0.6722727272727272,0.009545454545454524,True,True,True,0.9777777777777777,0.9545454545454546,0.014198782961460446,0.6,1.0,-286.0,1158.0,299.0,True,True,True,False,False,0.9777777777777777,0.32786885245901637,0.004901960784313725
current,min55_veto_impulse_3_5m_abs60_over20_sig0.75,veto; base=min55; choose=score_min_book_rv15; score_min_book_rv15>=0.55; ask<=95; sec_to_close>=120; impulse_3_5m>=60; impulse_3_5m-margin>=20; sec>=600; margin_sigma<=0.75; score<=0.82; fade_ask<=45,min55,veto,impulse_3_5m,60.0,20.0,600.0,0.75,0.82,45.0,0,307,304,207,97,0.680921052631579,0.990228013029316,0.6265451424929228,62.0,65.0592105263158,69.0,0,0,779.437,597.0,19778.0,20375.0,922.0,325.0,0.04661745373647487,0.015950920245398775,1.069078947368421,1.0586319218241043,0.6702302631578947,0.010690789473684292,184,181,122,59,0.6740331491712708,0.9836956521739131,0.6027461923165097,62.0,64.1988950276243,68.0,0,0,825.075,357.0,11620.0,11977.0,580.0,223.0,0.04991394148020654,0.01861901978792686,1.2320441988950277,1.2119565217391304,0.6617127071823204,0.012320441988950326,61,61,41,20,0.6721311475409836,1.0,0.5472180631353664,63.0,64.9672131147541,69.0,0,0,810.969,121.0,3963.0,4084.0,137.0,16.0,0.0345697703759778,0.0039177277179236044,0.26229508196721313,0.26229508196721313,0.6695081967213115,0.0026229508196721207,62,62,44,18,0.7096774193548387,1.0,0.5871235426501359,65.0,67.66129032258064,73.75,0,0,771.6375,119.0,4195.0,4314.0,205.0,86.0,0.04886769964243146,0.019935095039406582,1.3870967741935485,1.3870967741935485,0.6958064516129032,0.013870967741935525,True,True,True,0.9836956521739131,0.26229508196721313,0.0039177277179236044,v21,veto; base=min55; choose=score_min_book_rv15; score_min_book_rv15>=0.55; ask<=95; sec_to_close>=120; impulse_3_5m>=60; impulse_3_5m-margin>=20; sec>=600; margin_sigma<=0.75; score<=0.82; fade_ask<=45,min55,veto,impulse_3_5m,60.0,20.0,600.0,0.75,0.82,45.0,0,221,219,155,64,0.7077625570776256,0.9909502262443439,0.6443616959208551,62.0,64.8310502283105,68.0,0,0,779.969998,428.0,14198.0,14626.0,1302.0,874.0,0.09170305676855896,0.059756597839463965,3.990867579908676,3.9547511312217196,0.6678538812785387,0.03990867579908686,132,131,95,36,0.7251908396946565,0.9924242424242424,0.6431537162063813,63.0,65.35114503816794,70.0,0,0,779.958581,255.0,8561.0,8816.0,939.0,684.0,0.10968344819530429,0.07758620689655173,5.221374045801527,5.181818181818182,0.6729770992366413,0.05221374045801519,44,44,30,14,0.6818181818181818,1.0,0.5344310393781776,62.0,62.84090909090909,65.0,0,0,809.4906965,87.0,2765.0,2852.0,235.0,148.0,0.08499095840867993,0.051893408134642355,3.3636363636363638,3.3636363636363638,0.6481818181818183,0.033636363636363464,45,44,30,14,0.6818181818181818,0.9777777777777777,0.5344310393781776,62.5,65.27272727272727,69.25,0,0,808.445661,86.0,2872.0,2958.0,128.0,42.0,0.04456824512534819,0.014198782961460446,0.9545454545454546,0.9333333333333333,0.6722727272727272,0.009545454545454524,True,True,True,0.9777777777777777,0.9545454545454546,0.014198782961460446,0.6,1.0,-312.0,1199.0,292.0,True,True,True,False,False,0.9777777777777777,0.26229508196721313,0.0039177277179236044
current,min55_veto_signed_move_5m_abs60_over0_sig0.75,veto; base=min55; choose=score_min_book_rv15; score_min_book_rv15>=0.55; ask<=95; sec_to_close>=120; signed_move_5m>=60; signed_move_5m-margin>=0; sec>=600; margin_sigma<=0.75; score<=0.82; fade_ask<=45,min55,veto,signed_move_5m,60.0,0.0,600.0,0.75,0.82,45.0,0,307,304,206,98,0.6776315789473685,0.990228013029316,0.6231574671224652,62.0,64.91447368421052,69.0,0,0,782.3945,595.0,19734.0,20329.0,866.0,271.0,0.04388365257930475,0.013330709823404988,0.8914473684210527,0.8827361563517915,0.6687171052631579,0.008914473684210611,184,181,122,59,0.6740331491712708,0.9836956521739131,0.6027461923165097,62.0,64.05524861878453,68.0,0,0,825.075,355.0,11594.0,11949.0,606.0,251.0,0.0522684146972572,0.021005941919825927,1.3867403314917126,1.3641304347826086,0.6601657458563537,0.013867403314917093,61,61,41,20,0.6721311475409836,1.0,0.5472180631353664,63.0,64.9672131147541,69.0,0,0,810.969,121.0,3963.0,4084.0,137.0,16.0,0.0345697703759778,0.0039177277179236044,0.26229508196721313,0.26229508196721313,0.6695081967213115,0.0026229508196721207,62,62,43,19,0.6935483870967742,1.0,0.5703278379461328,65.0,67.37096774193549,72.75,0,0,772.4200000000001,119.0,4177.0,4296.0,123.0,4.0,0.02944697151065358,0.000931098696461825,0.06451612903225806,0.06451612903225806,0.6929032258064516,0.00064516129032266,True,True,True,0.9836956521739131,0.06451612903225806,0.000931098696461825,v21,veto; base=min55; choose=score_min_book_rv15; score_min_book_rv15>=0.55; ask<=95; sec_to_close>=120; signed_move_5m>=60; signed_move_5m-margin>=0; sec>=600; margin_sigma<=0.75; score<=0.82; fade_ask<=45,min55,veto,signed_move_5m,60.0,0.0,600.0,0.75,0.82,45.0,0,221,219,154,65,0.7031963470319634,0.9909502262443439,0.6396090640789774,62.0,64.65753424657534,68.0,0,0,839.014633,427.0,14160.0,14587.0,1240.0,813.0,0.08757062146892655,0.05573455816823199,3.712328767123288,3.678733031674208,0.6660730593607306,0.03712328767123285,132,131,94,37,0.7175572519083969,0.9924242424242424,0.6351216228521418,62.0,65.18320610687023,69.0,0,0,839.022648,254.0,8539.0,8793.0,861.0,607.0,0.10083147909591288,0.06903218469236894,4.633587786259542,4.598484848484849,0.6712213740458015,0.04633587786259541,44,44,30,14,0.6818181818181818,1.0,0.5344310393781776,62.0,62.47727272727273,65.0,0,0,839.1019255,87.0,2749.0,2836.0,251.0,164.0,0.09130592942888323,0.05782792665726375,3.727272727272727,3.727272727272727,0.6445454545454545,0.037272727272727235,45,44,30,14,0.6818181818181818,0.9777777777777777,0.5344310393781776,62.5,65.27272727272727,69.25,0,0,808.445661,86.0,2872.0,2958.0,128.0,42.0,0.04456824512534819,0.014198782961460446,0.9545454545454546,0.9333333333333333,0.6722727272727272,0.009545454545454524,True,True,True,0.9777777777777777,0.9545454545454546,0.014198782961460446,0.6,1.0,-286.0,1084.0,226.0,True,True,True,False,False,0.9777777777777777,0.06451612903225806,0.000931098696461825
current,min55_veto_signed_move_5m_abs60_over0_sig0.5,veto; base=min55; choose=score_min_book_rv15; score_min_book_rv15>=0.55; ask<=95; sec_to_close>=120; signed_move_5m>=60; signed_move_5m-margin>=0; sec>=600; margin_sigma<=0.5; score<=0.82; fade_ask<=45,min55,veto,signed_move_5m,60.0,0.0,600.0,0.5,0.82,45.0,0,307,304,206,98,0.6776315789473685,0.990228013029316,0.6231574671224652,63.0,64.93092105263158,69.0,0,0,817.0029999999999,599.0,19739.0,20338.0,861.0,262.0,0.04361923096408126,0.012882289310650014,0.8618421052631579,0.8534201954397395,0.6690131578947368,0.008618421052631664,184,181,122,59,0.6740331491712708,0.9836956521739131,0.6027461923165097,62.0,64.12154696132596,68.0,0,0,825.101,355.0,11606.0,11961.0,594.0,239.0,0.05118042391866276,0.0199816068890561,1.3204419889502763,1.298913043478261,0.6608287292817681,0.013204419889502717,61,61,41,20,0.6721311475409836,1.0,0.5472180631353664,63.0,64.88524590163935,69.0,0,0,810.969,122.0,3958.0,4080.0,142.0,20.0,0.0358767054067711,0.004901960784313725,0.32786885245901637,0.32786885245901637,0.6688524590163933,0.003278688524590234,62,62,43,19,0.6935483870967742,1.0,0.5703278379461328,65.0,67.33870967741936,72.0,0,0,777.6125,122.0,4175.0,4297.0,125.0,3.0,0.029940119760479042,0.0006981615080288574,0.04838709677419355,0.04838709677419355,0.6930645161290322,0.0004838709677420505,True,True,True,0.9836956521739131,0.04838709677419355,0.0006981615080288574,v21,veto; base=min55; choose=score_min_book_rv15; score_min_book_rv15>=0.55; ask<=95; sec_to_close>=120; signed_move_5m>=60; signed_move_5m-margin>=0; sec>=600; margin_sigma<=0.5; score<=0.82; fade_ask<=45,min55,veto,signed_move_5m,60.0,0.0,600.0,0.5,0.82,45.0,0,221,219,154,65,0.7031963470319634,0.9909502262443439,0.6396090640789774,62.0,64.87214611872146,68.0,0,0,839.094062,428.0,14207.0,14635.0,1193.0,765.0,0.08397268951925108,0.05227195080286983,3.493150684931507,3.4615384615384617,0.6682648401826485,0.0349315068493149,132,131,94,37,0.7175572519083969,0.9924242424242424,0.6351216228521418,62.0,65.38931297709924,70.0,0,0,839.100042,255.0,8566.0,8821.0,834.0,579.0,0.09736166238617791,0.06563881646071874,4.419847328244275,4.386363636363637,0.6733587786259543,0.04419847328244264,44,44,30,14,0.6818181818181818,1.0,0.5344310393781776,62.5,62.93181818181818,65.25,0,0,839.1019255,87.0,2769.0,2856.0,231.0,144.0,0.08342361863488625,0.05042016806722689,3.272727272727273,3.272727272727273,0.6490909090909092,0.032727272727272605,45,44,30,14,0.6818181818181818,0.9777777777777777,0.5344310393781776,62.5,65.27272727272727,69.25,0,0,808.445661,86.0,2872.0,2958.0,128.0,42.0,0.04456824512534819,0.014198782961460446,0.9545454545454546,0.9333333333333333,0.6722727272727272,0.009545454545454524,True,True,True,0.9777777777777777,0.9545454545454546,0.014198782961460446,0.6,1.0,-286.0,1027.0,209.0,True,True,True,False,False,0.9777777777777777,0.04838709677419355,0.0006981615080288574
current,min55_veto_signed_move_5m_abs60_over20_sig0.75,veto; base=min55; choose=score_min_book_rv15; score_min_book_rv15>=0.55; ask<=95; sec_to_close>=120; signed_move_5m>=60; signed_move_5m-margin>=20; sec>=600; margin_sigma<=0.75; score<=0.82; fade_ask<=45,min55,veto,signed_move_5m,60.0,20.0,600.0,0.75,0.82,45.0,0,307,304,206,98,0.6776315789473685,0.990228013029316,0.6231574671224652,62.0,64.88157894736842,69.0,0,0,801.8765000000001,597.0,19724.0,20321.0,876.0,279.0,0.04441289799229365,0.013729639289405049,0.9177631578947368,0.9087947882736156,0.668453947368421,0.009177631578947465,184,181,122,59,0.6740331491712708,0.9836956521739131,0.6027461923165097,62.0,63.988950276243095,68.0,0,0,825.4,357.0,11582.0,11939.0,618.0,261.0,0.053358659989639096,0.02186112739760449,1.441988950276243,1.4184782608695652,0.6596132596685084,0.014419889502762406,61,61,41,20,0.6721311475409836,1.0,0.5472180631353664,63.0,64.9672131147541,69.0,0,0,810.969,121.0,3963.0,4084.0,137.0,16.0,0.0345697703759778,0.0039177277179236044,0.26229508196721313,0.26229508196721313,0.6695081967213115,0.0026229508196721207,62,62,43,19,0.6935483870967742,1.0,0.5703278379461328,65.0,67.40322580645162,72.0,0,0,772.9504999999999,119.0,4179.0,4298.0,121.0,2.0,0.028954295285953578,0.00046533271288971617,0.03225806451612903,0.03225806451612903,0.6932258064516128,0.000322580645161441,True,True,True,0.9836956521739131,0.03225806451612903,0.00046533271288971617,v21,veto; base=min55; choose=score_min_book_rv15; score_min_book_rv15>=0.55; ask<=95; sec_to_close>=120; signed_move_5m>=60; signed_move_5m-margin>=20; sec>=600; margin_sigma<=0.75; score<=0.82; fade_ask<=45,min55,veto,signed_move_5m,60.0,20.0,600.0,0.75,0.82,45.0,0,221,219,154,65,0.7031963470319634,0.9909502262443439,0.6396090640789774,62.0,64.53881278538813,68.0,0,0,839.094062,430.0,14134.0,14564.0,1266.0,836.0,0.08957124663930946,0.05740181268882175,3.817351598173516,3.7828054298642533,0.6650228310502283,0.03817351598173513,132,131,94,37,0.7175572519083969,0.9924242424242424,0.6351216228521418,62.0,64.85496183206106,69.0,0,0,839.100042,257.0,8496.0,8753.0,904.0,647.0,0.1064030131826742,0.07391751399520165,4.938931297709924,4.901515151515151,0.6681679389312977,0.04938931297709925,44,44,30,14,0.6818181818181818,1.0,0.5344310393781776,62.0,62.86363636363637,65.0,0,0,839.1019255,87.0,2766.0,2853.0,234.0,147.0,0.08459869848156182,0.05152471083070452,3.340909090909091,3.340909090909091,0.6484090909090909,0.03340909090909083,45,44,30,14,0.6818181818181818,0.9777777777777777,0.5344310393781776,62.5,65.27272727272727,69.25,0,0,808.445661,86.0,2872.0,2958.0,128.0,42.0,0.04456824512534819,0.014198782961460446,0.9545454545454546,0.9333333333333333,0.6722727272727272,0.009545454545454524,True,True,True,0.9777777777777777,0.9545454545454546,0.014198782961460446,0.6,1.0,-394.0,1115.0,207.0,True,True,True,False,False,0.9777777777777777,0.03225806451612903,0.00046533271288971617
current,mean55_fade_impulse_3_5m_abs60_over20,fade; base=mean55; choose=score_mean_book_rv15; score_mean_book_rv15>=0.55; ask<=95; sec_to_close>=120; impulse_3_5m>=60; impulse_3_5m-margin>=20; sec>=600; margin_sigma<=0.75; score<=0.82; fade_ask<=45,mean55,fade,impulse_3_5m,60.0,20.0,600.0,0.75,0.82,45.0,41,307,305,191,114,0.6262295081967213,0.993485342019544,0.5706793708842295,60.0,58.390163934426226,64.0,0,0,844.736,607.0,17809.0,18416.0,1291.0,684.0,0.07249143691391993,0.037141615986099046,2.2426229508196722,2.228013029315961,0.6038032786885246,0.022426229508196727,184,182,114,68,0.6263736263736264,0.9891304347826086,0.5541599417576814,60.0,58.81318681318681,64.0,0,0,848.0495,363.0,10704.0,11067.0,696.0,333.0,0.06502242152466367,0.030089455136893466,1.8296703296703296,1.809782608695652,0.6080769230769231,0.0182967032967033,61,61,35,26,0.5737704918032787,1.0,0.4489523044494656,62.0,61.42622950819672,66.0,0,0,839.2,122.0,3747.0,3869.0,-247.0,-369.0,-0.0659194021884174,-0.09537348151977255,-6.049180327868853,-6.049180327868853,0.6342622950819673,-0.06049180327868864,62,62,42,20,0.6774193548387096,1.0,0.5536808809284809,59.0,54.16129032258065,62.75,0,0,851.269,122.0,3358.0,3480.0,842.0,720.0,0.25074449076831445,0.20689655172413793,11.612903225806452,11.612903225806452,0.5612903225806452,0.11612903225806448,True,False,False,0.9891304347826086,-6.049180327868853,-0.09537348151977255,v21,fade; base=mean55; choose=score_mean_book_rv15; score_mean_book_rv15>=0.55; ask<=95; sec_to_close>=120; impulse_3_5m>=60; impulse_3_5m-margin>=20; sec>=600; margin_sigma<=0.75; score<=0.82; fade_ask<=45,mean55,fade,impulse_3_5m,60.0,20.0,600.0,0.75,0.82,45.0,33,221,219,149,70,0.680365296803653,0.9909502262443439,0.6159494431339545,60.0,58.57077625570776,65.0,0,0,839.67897,434.0,12827.0,13261.0,2073.0,1639.0,0.16161222421454743,0.12359550561797752,7.4840182648401825,7.416289592760181,0.6055251141552511,0.07484018264840187,132,131,91,40,0.6946564885496184,0.9924242424242424,0.6111785725988003,59.0,56.83969465648855,64.0,0,0,839.67897,260.0,7446.0,7706.0,1654.0,1394.0,0.22213268869191513,0.18089800155722813,10.641221374045802,10.56060606060606,0.5882442748091603,0.10641221374045806,44,44,26,18,0.5909090909090909,1.0,0.444097537410319,60.0,58.54545454545455,63.25,0,0,848.4973540000001,88.0,2576.0,2664.0,24.0,-64.0,0.009316770186335404,-0.024024024024024024,-1.4545454545454546,-1.4545454545454546,0.6054545454545455,-0.014545454545454528,45,44,32,12,0.7272727272727273,0.9777777777777777,0.581511269075488,61.0,63.75,69.25,0,0,839.4754245,86.0,2805.0,2891.0,395.0,309.0,0.1408199643493761,0.10688343133863715,7.0227272727272725,6.866666666666666,0.6570454545454546,0.0702272727272727,True,False,False,0.9777777777777777,-1.4545454545454546,-0.024024024024024024,0.6,1.0,-405.0,2323.0,596.0,True,False,False,False,False,0.9777777777777777,-6.049180327868853,-0.09537348151977255
current,book_margin_veto_impulse_3_5m_abs40_over0_sig0.75,veto; base=book_margin; choose=book_p_side; book_p_side>=0.6; ask<=95; sec_to_close>=120; margin_rv15>=0; impulse_3_5m>=40; impulse_3_5m-margin>=0; sec>=600; margin_sigma<=0.75; score<=0.82; fade_ask<=45,book_margin,veto,impulse_3_5m,40.0,0.0,600.0,0.75,0.82,45.0,0,307,305,213,92,0.6983606557377049,0.993485342019544,0.6446464320799579,64.0,67.15081967213115,69.0,0,0,770.704,588.0,20481.0,21069.0,819.0,231.0,0.039988281822176654,0.01096397550904172,0.7573770491803279,0.752442996742671,0.6907868852459016,0.0075737704918033,184,182,123,59,0.6758241758241759,0.9891304347826086,0.6047965305828887,64.0,66.53846153846153,68.0,0,0,772.1445,352.0,12110.0,12462.0,190.0,-162.0,0.01568951279933939,-0.012999518536350506,-0.8901098901098901,-0.8804347826086957,0.6847252747252748,-0.008901098901098914,61,61,44,17,0.7213114754098361,1.0,0.5982856941182984,65.0,67.01639344262296,69.0,0,0,776.205,121.0,4088.0,4209.0,312.0,191.0,0.07632093933463796,0.04537894986932763,3.1311475409836067,3.1311475409836067,0.69,0.03131147540983614,62,62,46,16,0.7419354838709677,1.0,0.6211887265285198,66.0,69.08064516129032,73.75,0,0,733.4105,115.0,4283.0,4398.0,317.0,202.0,0.07401354190987626,0.045929968167348796,3.2580645161290325,3.2580645161290325,0.7093548387096775,0.03258064516129022,True,False,True,0.9891304347826086,3.1311475409836067,0.04537894986932763,v21,veto; base=book_margin; choose=book_p_side; book_p_side>=0.6; ask<=95; sec_to_close>=120; margin_rv15>=0; impulse_3_5m>=40; impulse_3_5m-margin>=0; sec>=600; margin_sigma<=0.75; score<=0.82; fade_ask<=45,book_margin,veto,impulse_3_5m,40.0,0.0,600.0,0.75,0.82,45.0,0,221,219,154,65,0.7031963470319634,0.9909502262443439,0.6396090640789774,67.0,69.72146118721462,74.0,0,0,719.352897,412.0,15269.0,15681.0,131.0,-281.0,0.008579474752767045,-0.01791977552452012,-1.2831050228310503,-1.2714932126696832,0.716027397260274,-0.012831050228310548,132,131,90,41,0.6870229007633588,0.9924242424242424,0.6032467934308663,68.0,70.44274809160305,75.0,0,0,719.079968,245.0,9228.0,9473.0,-228.0,-473.0,-0.0247074122236671,-0.04993138393328407,-3.6106870229007635,-3.5833333333333335,0.7231297709923663,-0.03610687022900749,44,44,30,14,0.6818181818181818,1.0,0.5344310393781776,64.0,67.79545454545455,70.75,0,0,719.246485,83.0,2983.0,3066.0,17.0,-66.0,0.005698960777740529,-0.021526418786692758,-1.5,-1.5,0.6968181818181818,-0.015000000000000013,45,44,34,10,0.7727272727272727,0.9777777777777777,0.6300764193536366,68.0,69.5,71.25,0,0,779.189098,84.0,3058.0,3142.0,342.0,258.0,0.1118378024852845,0.08211330362826226,5.863636363636363,5.733333333333333,0.7140909090909091,0.0586363636363636,True,False,False,0.9777777777777777,-1.5,-0.021526418786692758,0.45454545454545453,1.0,-373.0,-50.0,585.0,True,False,False,False,False,0.9777777777777777,-1.5,-0.021526418786692758
current,min55_veto_impulse_3_5m_abs40_over0_sig0.75,veto; base=min55; choose=score_min_book_rv15; score_min_book_rv15>=0.55; ask<=95; sec_to_close>=120; impulse_3_5m>=40; impulse_3_5m-margin>=0; sec>=600; margin_sigma<=0.75; score<=0.82; fade_ask<=45,min55,veto,impulse_3_5m,40.0,0.0,600.0,0.75,0.82,45.0,0,307,304,207,97,0.680921052631579,0.990228013029316,0.6265451424929228,63.0,65.98684210526316,70.0,0,0,769.338,584.0,20060.0,20644.0,640.0,56.0,0.031904287138584245,0.0027126525867080024,0.18421052631578946,0.18241042345276873,0.679078947368421,0.0018421052631579782,184,181,118,63,0.6519337016574586,0.9836956521739131,0.5800313705905202,62.0,65.25966850828729,69.0,0,0,770.596,350.0,11812.0,12162.0,-12.0,-362.0,-0.001015916017609211,-0.029764841308995232,-2.0,-1.9673913043478262,0.6719337016574586,-0.020000000000000018,61,61,42,19,0.6885245901639344,1.0,0.5640856563035855,63.0,65.37704918032787,69.0,0,0,777.905,119.0,3988.0,4107.0,212.0,93.0,0.05315947843530592,0.022644265887509132,1.5245901639344261,1.5245901639344261,0.6732786885245902,0.01524590163934425,62,62,47,15,0.7580645161290323,1.0,0.6384749248397259,66.0,68.70967741935483,75.0,0,0,711.4224999999999,115.0,4260.0,4375.0,440.0,325.0,0.10328638497652583,0.07428571428571429,5.241935483870968,5.241935483870968,0.7056451612903227,0.05241935483870952,True,False,True,0.9836956521739131,1.5245901639344261,0.022644265887509132,v21,veto; base=min55; choose=score_min_book_rv15; score_min_book_rv15>=0.55; ask<=95; sec_to_close>=120; impulse_3_5m>=40; impulse_3_5m-margin>=0; sec>=600; margin_sigma<=0.75; score<=0.82; fade_ask<=45,min55,veto,impulse_3_5m,40.0,0.0,600.0,0.75,0.82,45.0,0,221,219,155,64,0.7077625570776256,0.9909502262443439,0.6443616959208551,63.0,66.10045662100457,70.5,0,0,779.325548,418.0,14476.0,14894.0,1024.0,606.0,0.07073777286543244,0.040687525177924,2.767123287671233,2.742081447963801,0.6800913242009132,0.02767123287671236,132,131,95,36,0.7251908396946565,0.9924242424242424,0.6431537162063813,64.0,67.05343511450381,72.0,0,0,779.136441,247.0,8784.0,9031.0,716.0,469.0,0.08151183970856102,0.05193223341822611,3.5801526717557253,3.553030303030303,0.6893893129770993,0.03580152671755721,44,44,31,13,0.7045454545454546,1.0,0.5577979987383977,62.0,64.52272727272727,66.0,0,0,779.2254800000001,85.0,2839.0,2924.0,261.0,176.0,0.09193377949982388,0.060191518467852256,4.0,4.0,0.6645454545454546,0.040000000000000036,45,44,29,15,0.6590909090909091,0.9777777777777777,0.5113914121793824,62.0,64.8409090909091,68.25,0,0,779.6382615,86.0,2853.0,2939.0,47.0,-39.0,0.016473887136347704,-0.013269819666553249,-0.8863636363636364,-0.8666666666666667,0.6679545454545454,-0.008863636363636296,True,False,False,0.9777777777777777,-0.8863636363636364,-0.013269819666553249,0.4666666666666667,1.0,-396.0,662.0,555.0,True,False,False,False,False,0.9777777777777777,-0.8863636363636364,-0.013269819666553249
current,mean55_fade_impulse_3_5m_abs60_over40,fade; base=mean55; choose=score_mean_book_rv15; score_mean_book_rv15>=0.55; ask<=95; sec_to_close>=120; impulse_3_5m>=60; impulse_3_5m-margin>=40; sec>=600; margin_sigma<=0.75; score<=0.82; fade_ask<=45,mean55,fade,impulse_3_5m,60.0,40.0,600.0,0.75,0.82,45.0,39,307,305,190,115,0.6229508196721312,0.993485342019544,0.5673485879627841,60.0,58.46229508196721,64.0,0,0,847.098,607.0,17831.0,18438.0,1169.0,562.0,0.06555997981044248,0.03048052934157718,1.842622950819672,1.8306188925081432,0.6045245901639344,0.018426229508196723,184,182,113,69,0.6208791208791209,0.9891304347826086,0.5485817285674833,60.0,58.78021978021978,64.0,0,0,849.3105,363.0,10698.0,11061.0,602.0,239.0,0.05627220041129183,0.02160744959768556,1.3131868131868132,1.298913043478261,0.6077472527472527,0.013131868131868174,61,61,35,26,0.5737704918032787,1.0,0.4489523044494656,62.0,61.885245901639344,66.0,0,0,843.386,122.0,3775.0,3897.0,-275.0,-397.0,-0.0728476821192053,-0.10187323582242751,-6.508196721311475,-6.508196721311475,0.6388524590163934,-0.06508196721311477,62,62,42,20,0.6774193548387096,1.0,0.5536808809284809,59.0,54.16129032258065,62.75,0,0,851.269,122.0,3358.0,3480.0,842.0,720.0,0.25074449076831445,0.20689655172413793,11.612903225806452,11.612903225806452,0.5612903225806452,0.11612903225806448,True,False,False,0.9891304347826086,-6.508196721311475,-0.10187323582242751,v21,fade; base=mean55; choose=score_mean_book_rv15; score_mean_book_rv15>=0.55; ask<=95; sec_to_close>=120; impulse_3_5m>=60; impulse_3_5m-margin>=40; sec>=600; margin_sigma<=0.75; score<=0.82; fade_ask<=45,mean55,fade,impulse_3_5m,60.0,40.0,600.0,0.75,0.82,45.0,25,221,219,148,71,0.6757990867579908,0.9909502262443439,0.6112376507734046,60.0,59.56164383561644,65.0,0,0,839.69105,434.0,13044.0,13478.0,1756.0,1322.0,0.13462128181539404,0.09808576940198843,6.036529680365297,5.981900452488688,0.6154337899543377,0.0603652968036531,132,131,90,41,0.6870229007633588,0.9924242424242424,0.6032467934308663,60.0,58.33587786259542,64.0,0,0,839.745064,260.0,7642.0,7902.0,1358.0,1098.0,0.17770217220622875,0.13895216400911162,8.381679389312977,8.318181818181818,0.603206106870229,0.08381679389312979,44,44,26,18,0.5909090909090909,1.0,0.444097537410319,60.0,58.54545454545455,63.25,0,0,848.4973540000001,88.0,2576.0,2664.0,24.0,-64.0,0.009316770186335404,-0.024024024024024024,-1.4545454545454546,-1.4545454545454546,0.6054545454545455,-0.014545454545454528,45,44,32,12,0.7272727272727273,0.9777777777777777,0.581511269075488,61.0,64.22727272727273,69.25,0,0,839.4754245,86.0,2826.0,2912.0,374.0,288.0,0.13234253361641896,0.0989010989010989,6.545454545454546,6.4,0.6618181818181817,0.06545454545454554,True,False,False,0.9777777777777777,-1.4545454545454546,-0.024024024024024024,0.6,1.0,-425.0,1884.0,547.0,True,False,False,False,False,0.9777777777777777,-6.508196721311475,-0.10187323582242751
current,book_margin_veto_signed_move_5m_abs40_over20_sig0.75,veto; base=book_margin; choose=book_p_side; book_p_side>=0.6; ask<=95; sec_to_close>=120; margin_rv15>=0; signed_move_5m>=40; signed_move_5m-margin>=20; sec>=600; margin_sigma<=0.75; score<=0.82; fade_ask<=45,book_margin,veto,signed_move_5m,40.0,20.0,600.0,0.75,0.82,45.0,0,307,305,212,93,0.6950819672131148,0.993485342019544,0.6412541577349766,64.0,66.48524590163935,69.0,0,0,784.704,597.0,20278.0,20875.0,922.0,325.0,0.04546799487128908,0.015568862275449102,1.0655737704918034,1.0586319218241043,0.6844262295081968,0.010655737704918011,184,182,125,57,0.6868131868131868,0.9891304347826086,0.6161595774027799,63.0,65.70879120879121,68.0,0,0,789.4445000000001,358.0,11959.0,12317.0,541.0,183.0,0.04523789614516264,0.014857514005033693,1.0054945054945055,0.9945652173913043,0.6767582417582418,0.010054945054944975,61,61,44,17,0.7213114754098361,1.0,0.5982856941182984,65.0,67.0,69.0,0,0,776.512,121.0,4087.0,4208.0,313.0,192.0,0.07658429165647174,0.045627376425855515,3.1475409836065573,3.1475409836065573,0.6898360655737704,0.03147540983606567,62,62,43,19,0.6935483870967742,1.0,0.5703278379461328,65.0,68.25806451612904,72.75,0,0,777.959,118.0,4232.0,4350.0,68.0,-50.0,0.01606805293005671,-0.011494252873563218,-0.8064516129032258,-0.8064516129032258,0.7016129032258066,-0.008064516129032362,True,False,False,0.9891304347826086,-0.8064516129032258,-0.011494252873563218,v21,veto; base=book_margin; choose=book_p_side; book_p_side>=0.6; ask<=95; sec_to_close>=120; margin_rv15>=0; signed_move_5m>=40; signed_move_5m-margin>=20; sec>=600; margin_sigma<=0.75; score<=0.82; fade_ask<=45,book_margin,veto,signed_move_5m,40.0,20.0,600.0,0.75,0.82,45.0,0,221,219,155,64,0.7077625570776256,0.9909502262443439,0.6443616959208551,67.0,68.40639269406392,71.0,0,0,779.214524,425.0,14981.0,15406.0,519.0,94.0,0.03464388225085108,0.006101518888744645,0.4292237442922374,0.4253393665158371,0.7034703196347032,0.0042922374429223975,132,131,90,41,0.6870229007633588,0.9924242424242424,0.6032467934308663,67.0,68.80152671755725,72.0,0,0,779.099908,255.0,9013.0,9268.0,-13.0,-268.0,-0.0014423610340619105,-0.028916702632714716,-2.045801526717557,-2.0303030303030303,0.7074809160305344,-0.02045801526717561,44,44,31,13,0.7045454545454546,1.0,0.5577979987383977,63.5,65.97727272727273,67.0,0,0,779.327609,86.0,2903.0,2989.0,197.0,111.0,0.06786083362039269,0.03713616594178655,2.522727272727273,2.522727272727273,0.6793181818181818,0.025227272727272765,45,44,34,10,0.7727272727272727,0.9777777777777777,0.6300764193536366,68.0,69.6590909090909,72.0,0,0,779.189098,84.0,3065.0,3149.0,335.0,251.0,0.10929853181076672,0.07970784375992379,5.704545454545454,5.5777777777777775,0.7156818181818182,0.05704545454545451,True,False,True,0.9777777777777777,2.522727272727273,0.03713616594178655,0.5333333333333333,1.0,-421.0,419.0,504.0,True,False,False,False,False,0.9777777777777777,-0.8064516129032258,-0.011494252873563218
current,mean55_fade_signed_move_5m_abs60_over20,fade; base=mean55; choose=score_mean_book_rv15; score_mean_book_rv15>=0.55; ask<=95; sec_to_close>=120; signed_move_5m>=60; signed_move_5m-margin>=20; sec>=600; margin_sigma<=0.75; score<=0.82; fade_ask<=45,mean55,fade,signed_move_5m,60.0,20.0,600.0,0.75,0.82,45.0,35,307,305,190,115,0.6229508196721312,0.993485342019544,0.5673485879627841,60.0,58.62622950819672,64.0,0,0,847.098,607.0,17881.0,18488.0,1119.0,512.0,0.06258039259549242,0.027693639117265252,1.678688524590164,1.6677524429967427,0.6061639344262295,0.01678688524590166,184,182,113,69,0.6208791208791209,0.9891304347826086,0.5485817285674833,60.0,58.8021978021978,64.0,0,0,849.3105,363.0,10702.0,11065.0,598.0,235.0,0.05587740609231919,0.021238138273836422,1.2912087912087913,1.2771739130434783,0.607967032967033,0.012912087912087866,61,61,35,26,0.5737704918032787,1.0,0.4489523044494656,61.0,61.31147540983606,66.0,0,0,843.386,122.0,3740.0,3862.0,-240.0,-362.0,-0.06417112299465241,-0.09373381667529777,-5.934426229508197,-5.934426229508197,0.6331147540983607,-0.05934426229508205,62,62,42,20,0.6774193548387096,1.0,0.5536808809284809,60.0,55.46774193548387,63.75,0,0,851.269,122.0,3439.0,3561.0,761.0,639.0,0.22128525734225066,0.17944397641112048,10.306451612903226,10.306451612903226,0.5743548387096774,0.10306451612903222,True,False,False,0.9891304347826086,-5.934426229508197,-0.09373381667529777,v21,fade; base=mean55; choose=score_mean_book_rv15; score_mean_book_rv15>=0.55; ask<=95; sec_to_close>=120; signed_move_5m>=60; signed_move_5m-margin>=20; sec>=600; margin_sigma<=0.75; score<=0.82; fade_ask<=45,mean55,fade,signed_move_5m,60.0,20.0,600.0,0.75,0.82,45.0,24,221,219,148,71,0.6757990867579908,0.9909502262443439,0.6112376507734046,60.0,59.529680365296805,65.0,0,0,839.69105,434.0,13037.0,13471.0,1763.0,1329.0,0.13523049781391425,0.0986563729492985,6.068493150684931,6.013574660633484,0.6151141552511414,0.06068493150684939,132,131,90,41,0.6870229007633588,0.9924242424242424,0.6032467934308663,60.0,58.25190839694657,64.0,0,0,839.745064,260.0,7631.0,7891.0,1369.0,1109.0,0.17939981653780632,0.1405398555316183,8.465648854961833,8.401515151515152,0.6023664122137404,0.08465648854961838,44,44,26,18,0.5909090909090909,1.0,0.444097537410319,60.0,59.11363636363637,63.25,0,0,848.4973540000001,88.0,2601.0,2689.0,-1.0,-89.0,-0.00038446751249519417,-0.033097805875790254,-2.022727272727273,-2.022727272727273,0.6111363636363637,-0.02022727272727276,45,44,32,12,0.7272727272727273,0.9777777777777777,0.581511269075488,61.0,63.75,69.25,0,0,839.4754245,86.0,2805.0,2891.0,395.0,309.0,0.1408199643493761,0.10688343133863715,7.0227272727272725,6.866666666666666,0.6570454545454546,0.0702272727272727,True,False,False,0.9777777777777777,-2.022727272727273,-0.033097805875790254,0.5333333333333333,1.0,-405.0,1841.0,497.0,True,False,False,False,False,0.9777777777777777,-5.934426229508197,-0.09373381667529777
current,min55_veto_signed_move_5m_abs40_over0_sig0.5,veto; base=min55; choose=score_min_book_rv15; score_min_book_rv15>=0.55; ask<=95; sec_to_close>=120; signed_move_5m>=40; signed_move_5m-margin>=0; sec>=600; margin_sigma<=0.5; score<=0.82; fade_ask<=45,min55,veto,signed_move_5m,40.0,0.0,600.0,0.5,0.82,45.0,0,307,304,205,99,0.6743421052631579,0.990228013029316,0.6197727067657183,63.0,65.28618421052632,69.0,0,0,777.0805,597.0,19847.0,20444.0,653.0,56.0,0.032901697989620594,0.0027391899823909216,0.18421052631578946,0.18241042345276873,0.6725,0.0018421052631578672,184,181,117,64,0.6464088397790055,0.9836956521739131,0.5743777866562508,62.0,64.42541436464089,69.0,0,0,777.245,355.0,11661.0,12016.0,39.0,-316.0,0.0033444816053511705,-0.0262982689747004,-1.7458563535911602,-1.7173913043478262,0.6638674033149171,-0.017458563535911575,61,61,42,19,0.6885245901639344,1.0,0.5640856563035855,63.0,65.09836065573771,69.0,0,0,778.287,121.0,3971.0,4092.0,229.0,108.0,0.05766809367917401,0.026392961876832845,1.7704918032786885,1.7704918032786885,0.6708196721311476,0.017704918032786843,62,62,46,16,0.7419354838709677,1.0,0.6211887265285198,66.5,67.98387096774194,73.75,0,0,774.29,121.0,4215.0,4336.0,385.0,264.0,0.09134045077105575,0.06088560885608856,4.258064516129032,4.258064516129032,0.6993548387096774,0.04258064516129034,True,False,True,0.9836956521739131,1.7704918032786885,0.026392961876832845,v21,veto; base=min55; choose=score_min_book_rv15; score_min_book_rv15>=0.55; ask<=95; sec_to_close>=120; signed_move_5m>=40; signed_move_5m-margin>=0; sec>=600; margin_sigma<=0.5; score<=0.82; fade_ask<=45,min55,veto,signed_move_5m,40.0,0.0,600.0,0.5,0.82,45.0,0,221,219,153,66,0.6986301369863014,0.9909502262443439,0.6348634505760952,63.0,65.36529680365297,70.0,0,0,779.704471,426.0,14315.0,14741.0,985.0,559.0,0.06880894166957736,0.03792144359270063,2.5525114155251143,2.5294117647058822,0.6731050228310502,0.02552511415525116,132,131,94,37,0.7175572519083969,0.9924242424242424,0.6351216228521418,64.0,66.17557251908397,71.0,0,0,779.751489,253.0,8669.0,8922.0,731.0,478.0,0.08432345137847502,0.05357543151759695,3.648854961832061,3.621212121212121,0.6810687022900764,0.03648854961832049,44,44,30,14,0.6818181818181818,1.0,0.5344310393781776,62.0,63.29545454545455,66.0,0,0,779.6852269999999,87.0,2785.0,2872.0,215.0,128.0,0.07719928186714542,0.04456824512534819,2.909090909090909,2.909090909090909,0.6527272727272727,0.029090909090909056,45,44,29,15,0.6590909090909091,0.9777777777777777,0.5113914121793824,62.0,65.02272727272727,69.25,0,0,779.7321305,86.0,2861.0,2947.0,39.0,-47.0,0.013631597343586158,-0.015948422124194096,-1.0681818181818181,-1.0444444444444445,0.6697727272727273,-0.010681818181818237,True,False,False,0.9777777777777777,-1.0681818181818181,-0.015948422124194096,0.5333333333333333,1.0,-392.0,615.0,453.0,True,False,False,False,False,0.9777777777777777,-1.0681818181818181,-0.015948422124194096
current,book_margin_veto_signed_move_5m_abs40_over0_sig0.75,veto; base=book_margin; choose=book_p_side; book_p_side>=0.6; ask<=95; sec_to_close>=120; margin_rv15>=0; signed_move_5m>=40; signed_move_5m-margin>=0; sec>=600; margin_sigma<=0.75; score<=0.82; fade_ask<=45,book_margin,veto,signed_move_5m,40.0,0.0,600.0,0.75,0.82,45.0,0,307,305,212,93,0.6950819672131148,0.993485342019544,0.6412541577349766,64.0,66.7672131147541,69.0,0,0,776.512,593.0,20364.0,20957.0,836.0,243.0,0.04105283834217246,0.011595171064560768,0.7967213114754098,0.7915309446254072,0.6871147540983606,0.007967213114754124,184,182,124,58,0.6813186813186813,0.9891304347826086,0.6104728263932095,63.0,66.01648351648352,68.0,0,0,777.0805,355.0,12015.0,12370.0,385.0,30.0,0.03204327923429047,0.002425222312045271,0.16483516483516483,0.16304347826086957,0.6796703296703298,0.0016483516483515315,61,61,44,17,0.7213114754098361,1.0,0.5982856941182984,65.0,67.01639344262296,69.0,0,0,776.205,121.0,4088.0,4209.0,312.0,191.0,0.07632093933463796,0.04537894986932763,3.1311475409836067,3.1311475409836067,0.69,0.03131147540983614,62,62,44,18,0.7096774193548387,1.0,0.5871235426501359,65.5,68.7258064516129,73.0,0,0,773.8705,117.0,4261.0,4378.0,139.0,22.0,0.032621450363764376,0.005025125628140704,0.3548387096774194,0.3548387096774194,0.7061290322580647,0.003548387096774075,True,True,True,0.9891304347826086,0.3548387096774194,0.005025125628140704,v21,veto; base=book_margin; choose=book_p_side; book_p_side>=0.6; ask<=95; sec_to_close>=120; margin_rv15>=0; signed_move_5m>=40; signed_move_5m-margin>=0; sec>=600; margin_sigma<=0.75; score<=0.82; fade_ask<=45,book_margin,veto,signed_move_5m,40.0,0.0,600.0,0.75,0.82,45.0,0,221,219,154,65,0.7031963470319634,0.9909502262443439,0.6396090640789774,67.0,69.15981735159818,72.0,0,0,719.688659,417.0,15146.0,15563.0,254.0,-163.0,0.01677010431797174,-0.010473559082439118,-0.7442922374429224,-0.7375565610859729,0.7106392694063927,-0.007442922374429228,132,131,90,41,0.6870229007633588,0.9924242424242424,0.6032467934308663,68.0,69.83206106870229,73.5,0,0,719.459955,249.0,9148.0,9397.0,-148.0,-397.0,-0.016178399650196764,-0.042247525806108334,-3.030534351145038,-3.007575757575758,0.7173282442748091,-0.03030534351145031,44,44,30,14,0.6818181818181818,1.0,0.5344310393781776,64.0,66.81818181818181,67.0,0,0,719.709292,84.0,2940.0,3024.0,60.0,-24.0,0.02040816326530612,-0.007936507936507936,-0.5454545454545454,-0.5454545454545454,0.6872727272727273,-0.00545454545454549,45,44,34,10,0.7727272727272727,0.9777777777777777,0.6300764193536366,68.0,69.5,71.25,0,0,779.189098,84.0,3058.0,3142.0,342.0,258.0,0.1118378024852845,0.08211330362826226,5.863636363636363,5.733333333333333,0.7140909090909091,0.0586363636363636,True,False,False,0.9777777777777777,-0.5454545454545454,-0.007936507936507936,0.45454545454545453,1.0,-374.0,80.0,447.0,True,False,False,False,False,0.9777777777777777,-0.5454545454545454,-0.007936507936507936
current,book55_margin_fade_impulse_3_5m_abs60_over20,fade; base=book55_margin; choose=book_p_side; book_p_side>=0.55; ask<=95; sec_to_close>=120; margin_rv15>=0; impulse_3_5m>=60; impulse_3_5m-margin>=20; sec>=600; margin_sigma<=0.75; score<=0.82; fade_ask<=45,book55_margin,fade,impulse_3_5m,60.0,20.0,600.0,0.75,0.82,45.0,44,307,305,198,107,0.6491803278688525,0.993485342019544,0.5940687599896416,59.0,58.554098360655736,64.0,0,0,835.94,607.0,17859.0,18466.0,1941.0,1334.0,0.10868469679153368,0.07224087512184556,4.3737704918032785,4.3452768729641695,0.6054426229508196,0.04373770491803286,184,182,122,60,0.6703296703296703,0.9891304347826086,0.599130553084293,59.0,58.93956043956044,64.0,0,0,836.154,363.0,10727.0,11090.0,1473.0,1110.0,0.1373170504334856,0.10009017132551848,6.0989010989010985,6.032608695652174,0.6093406593406594,0.06098901098901088,61,61,34,27,0.5573770491803278,1.0,0.43303367693143874,60.0,61.52459016393443,65.0,0,0,832.23,122.0,3753.0,3875.0,-353.0,-475.0,-0.09405808686384226,-0.12258064516129032,-7.786885245901639,-7.786885245901639,0.6352459016393441,-0.07786885245901631,62,62,42,20,0.6774193548387096,1.0,0.5536808809284809,58.0,54.5,61.0,0,0,840.3475,122.0,3379.0,3501.0,821.0,699.0,0.2429712932820361,0.19965724078834618,11.274193548387096,11.274193548387096,0.5646774193548387,0.1127419354838709,True,False,False,0.9891304347826086,-7.786885245901639,-0.12258064516129032,v21,fade; base=book55_margin; choose=book_p_side; book_p_side>=0.55; ask<=95; sec_to_close>=120; margin_rv15>=0; impulse_3_5m>=60; impulse_3_5m-margin>=20; sec>=600; margin_sigma<=0.75; score<=0.82; fade_ask<=45,book55_margin,fade,impulse_3_5m,60.0,20.0,600.0,0.75,0.82,45.0,41,221,219,147,72,0.6712328767123288,0.9909502262443439,0.6065323932869077,60.0,58.178082191780824,64.0,0,0,839.487817,435.0,12741.0,13176.0,1959.0,1524.0,0.1537555921827172,0.11566484517304189,6.958904109589041,6.895927601809955,0.6016438356164383,0.06958904109589048,132,131,89,42,0.6793893129770993,0.9924242424242424,0.5953388097642381,59.0,56.0,63.0,0,0,839.519564,261.0,7336.0,7597.0,1564.0,1303.0,0.21319520174482007,0.17151507173884428,9.946564885496183,9.871212121212121,0.5799236641221374,0.0994656488549619,44,44,28,16,0.6363636363636364,1.0,0.48866376879043444,60.0,58.70454545454545,63.25,0,0,839.685401,88.0,2583.0,2671.0,217.0,129.0,0.08401084010840108,0.04829651815799326,2.9318181818181817,2.9318181818181817,0.6070454545454544,0.02931818181818191,45,44,30,14,0.6818181818181818,0.9777777777777777,0.5344310393781776,61.5,64.13636363636364,68.25,0,0,839.3180465,86.0,2822.0,2908.0,178.0,92.0,0.06307583274273565,0.03163686382393398,2.090909090909091,2.0444444444444443,0.6609090909090909,0.020909090909090877,True,True,True,0.9777777777777777,2.090909090909091,0.03163686382393398,0.6666666666666666,1.0,-357.0,2858.0,445.0,True,False,False,False,False,0.9777777777777777,-7.786885245901639,-0.12258064516129032
current,min55_veto_signed_move_5m_abs40_over20_sig0.5,veto; base=min55; choose=score_min_book_rv15; score_min_book_rv15>=0.55; ask<=95; sec_to_close>=120; signed_move_5m>=40; signed_move_5m-margin>=20; sec>=600; margin_sigma<=0.5; score<=0.82; fade_ask<=45,min55,veto,signed_move_5m,40.0,20.0,600.0,0.5,0.82,45.0,0,307,304,205,99,0.6743421052631579,0.990228013029316,0.6197727067657183,63.0,65.1907894736842,69.0,0,0,778.6569999999999,600.0,19818.0,20418.0,682.0,82.0,0.03441315975375921,0.004016064257028112,0.26973684210526316,0.2671009771986971,0.6716447368421052,0.002697368421052615,184,181,117,64,0.6464088397790055,0.9836956521739131,0.5743777866562508,62.0,64.30386740331491,68.0,0,0,788.586,357.0,11639.0,11996.0,61.0,-296.0,0.005241000085918034,-0.024674891630543514,-1.6353591160220995,-1.608695652173913,0.6627624309392266,-0.01635359116022106,61,61,42,19,0.6885245901639344,1.0,0.5640856563035855,63.0,65.09836065573771,69.0,0,0,778.287,121.0,3971.0,4092.0,229.0,108.0,0.05766809367917401,0.026392961876832845,1.7704918032786885,1.7704918032786885,0.6708196721311476,0.017704918032786843,62,62,46,16,0.7419354838709677,1.0,0.6211887265285198,66.5,67.87096774193549,73.0,0,0,775.2455,122.0,4208.0,4330.0,392.0,270.0,0.09315589353612168,0.06235565819861432,4.354838709677419,4.354838709677419,0.6983870967741935,0.04354838709677422,True,False,True,0.9836956521739131,1.7704918032786885,0.026392961876832845,v21,veto; base=min55; choose=score_min_book_rv15; score_min_book_rv15>=0.55; ask<=95; sec_to_close>=120; signed_move_5m>=40; signed_move_5m-margin>=20; sec>=600; margin_sigma<=0.5; score<=0.82; fade_ask<=45,min55,veto,signed_move_5m,40.0,20.0,600.0,0.5,0.82,45.0,0,221,219,152,67,0.6940639269406392,0.9909502262443439,0.6301247657217044,63.0,65.11872146118722,69.5,0,0,779.913161,428.0,14261.0,14689.0,939.0,511.0,0.06584390996423813,0.034787936551160734,2.3333333333333335,2.3122171945701355,0.670730593607306,0.023333333333333206,132,131,93,38,0.7099236641221374,0.9924242424242424,0.6271154560889036,64.0,65.63358778625954,70.5,0,0,779.958581,255.0,8598.0,8853.0,702.0,447.0,0.08164689462665736,0.050491358861402914,3.4122137404580153,3.3863636363636362,0.6758015267175572,0.034122137404580144,44,44,30,14,0.6818181818181818,1.0,0.5344310393781776,62.0,63.68181818181818,66.0,0,0,779.830828,87.0,2802.0,2889.0,198.0,111.0,0.07066381156316917,0.03842159916926272,2.522727272727273,2.522727272727273,0.6565909090909091,0.025227272727272654,45,44,29,15,0.6590909090909091,0.9777777777777777,0.5113914121793824,62.0,65.02272727272727,69.25,0,0,779.7321305,86.0,2861.0,2947.0,39.0,-47.0,0.013631597343586158,-0.015948422124194096,-1.0681818181818181,-1.0444444444444445,0.6697727272727273,-0.010681818181818237,True,False,False,0.9777777777777777,-1.0681818181818181,-0.015948422124194096,0.5333333333333333,1.0,-392.0,593.0,442.0,True,False,False,False,False,0.9777777777777777,-1.0681818181818181,-0.015948422124194096
current,mean55_fade_signed_move_5m_abs60_over40,fade; base=mean55; choose=score_mean_book_rv15; score_mean_book_rv15>=0.55; ask<=95; sec_to_close>=120; signed_move_5m>=60; signed_move_5m-margin>=40; sec>=600; margin_sigma<=0.75; score<=0.82; fade_ask<=45,mean55,fade,signed_move_5m,60.0,40.0,600.0,0.75,0.82,45.0,32,307,305,190,115,0.6229508196721312,0.993485342019544,0.5673485879627841,60.0,58.87868852459017,64.0,0,0,847.098,607.0,17958.0,18565.0,1042.0,435.0,0.058024278872925716,0.023431187718825748,1.4262295081967213,1.4169381107491856,0.608688524590164,0.014262295081967191,184,182,113,69,0.6208791208791209,0.9891304347826086,0.5485817285674833,60.0,58.91208791208791,64.0,0,0,849.3105,363.0,10722.0,11085.0,578.0,215.0,0.05390785301249767,0.019395579612088407,1.1813186813186813,1.1684782608695652,0.609065934065934,0.011813186813186882,61,61,35,26,0.5737704918032787,1.0,0.4489523044494656,62.0,61.885245901639344,66.0,0,0,843.386,122.0,3775.0,3897.0,-275.0,-397.0,-0.0728476821192053,-0.10187323582242751,-6.508196721311475,-6.508196721311475,0.6388524590163934,-0.06508196721311477,62,62,42,20,0.6774193548387096,1.0,0.5536808809284809,60.0,55.82258064516129,63.75,0,0,851.269,122.0,3461.0,3583.0,739.0,617.0,0.21352210343831263,0.1722020653084008,9.951612903225806,9.951612903225806,0.5779032258064516,0.09951612903225804,True,False,False,0.9891304347826086,-6.508196721311475,-0.10187323582242751,v21,fade; base=mean55; choose=score_mean_book_rv15; score_mean_book_rv15>=0.55; ask<=95; sec_to_close>=120; signed_move_5m>=60; signed_move_5m-margin>=40; sec>=600; margin_sigma<=0.75; score<=0.82; fade_ask<=45,mean55,fade,signed_move_5m,60.0,40.0,600.0,0.75,0.82,45.0,21,221,219,148,71,0.6757990867579908,0.9909502262443439,0.6112376507734046,60.0,59.90867579908676,65.0,0,0,839.69105,434.0,13120.0,13554.0,1680.0,1246.0,0.12804878048780488,0.0919285819684226,5.689497716894977,5.638009049773756,0.6189041095890411,0.056894977168949756,132,131,90,41,0.6870229007633588,0.9924242424242424,0.6032467934308663,60.0,58.725190839694655,64.0,0,0,839.745064,260.0,7693.0,7953.0,1307.0,1047.0,0.16989470947614715,0.13164843455299888,7.99236641221374,7.931818181818182,0.6070992366412213,0.07992366412213747,44,44,26,18,0.5909090909090909,1.0,0.444097537410319,60.0,59.11363636363637,63.25,0,0,848.4973540000001,88.0,2601.0,2689.0,-1.0,-89.0,-0.00038446751249519417,-0.033097805875790254,-2.022727272727273,-2.022727272727273,0.6111363636363637,-0.02022727272727276,45,44,32,12,0.7272727272727273,0.9777777777777777,0.581511269075488,61.0,64.22727272727273,69.25,0,0,839.4754245,86.0,2826.0,2912.0,374.0,288.0,0.13234253361641896,0.0989010989010989,6.545454545454546,6.4,0.6618181818181817,0.06545454545454554,True,False,False,0.9777777777777777,-2.022727272727273,-0.033097805875790254,0.5333333333333333,1.0,-425.0,1681.0,419.0,True,False,False,False,False,0.9777777777777777,-6.508196721311475,-0.10187323582242751
current,min55_veto_signed_move_5m_abs40_over0_sig0.75,veto; base=min55; choose=score_min_book_rv15; score_min_book_rv15>=0.55; ask<=95; sec_to_close>=120; signed_move_5m>=40; signed_move_5m-margin>=0; sec>=600; margin_sigma<=0.75; score<=0.82; fade_ask<=45,min55,veto,signed_move_5m,40.0,0.0,600.0,0.75,0.82,45.0,0,307,304,205,99,0.6743421052631579,0.990228013029316,0.6197727067657183,63.0,65.48684210526316,69.0,0,0,774.029,592.0,19908.0,20500.0,592.0,0.0,0.029736789230460116,0.0,0.0,0.0,0.6743421052631579,0.0,184,181,117,64,0.6464088397790055,0.9836956521739131,0.5743777866562508,62.0,64.49723756906077,69.0,0,0,775.733,355.0,11674.0,12029.0,26.0,-329.0,0.0022271714922048997,-0.027350569457145233,-1.8176795580110496,-1.7880434782608696,0.6645856353591161,-0.01817679558011054,61,61,42,19,0.6885245901639344,1.0,0.5640856563035855,63.0,65.19672131147541,69.0,0,0,777.905,120.0,3977.0,4097.0,223.0,103.0,0.056072416394267036,0.025140346595069564,1.6885245901639345,1.6885245901639345,0.6716393442622952,0.0168852459016392,62,62,46,16,0.7419354838709677,1.0,0.6211887265285198,66.5,68.66129032258064,75.0,0,0,770.056,117.0,4257.0,4374.0,343.0,226.0,0.0805731735964294,0.051668952903520804,3.6451612903225805,3.6451612903225805,0.705483870967742,0.03645161290322574,True,False,True,0.9836956521739131,1.6885245901639345,0.025140346595069564,v21,veto; base=min55; choose=score_min_book_rv15; score_min_book_rv15>=0.55; ask<=95; sec_to_close>=120; signed_move_5m>=40; signed_move_5m-margin>=0; sec>=600; margin_sigma<=0.75; score<=0.82; fade_ask<=45,min55,veto,signed_move_5m,40.0,0.0,600.0,0.75,0.82,45.0,0,221,219,153,66,0.6986301369863014,0.9909502262443439,0.6348634505760952,62.0,65.28767123287672,69.0,0,0,779.571802,423.0,14298.0,14721.0,1002.0,579.0,0.07007973143096936,0.03933156714897086,2.643835616438356,2.6199095022624435,0.6721917808219179,0.026438356164383503,132,131,94,37,0.7175572519083969,0.9924242424242424,0.6351216228521418,64.0,66.04580152671755,71.0,0,0,779.556406,251.0,8652.0,8903.0,748.0,497.0,0.08645399907535829,0.05582387959114905,3.7938931297709924,3.765151515151515,0.679618320610687,0.037938931297709866,44,44,30,14,0.6818181818181818,1.0,0.5344310393781776,62.0,63.45454545454545,65.25,0,0,779.6852269999999,86.0,2792.0,2878.0,208.0,122.0,0.07449856733524356,0.0423905489923558,2.772727272727273,2.772727272727273,0.6540909090909091,0.02772727272727271,45,44,29,15,0.6590909090909091,0.9777777777777777,0.5113914121793824,62.0,64.86363636363636,68.25,0,0,779.6382615,86.0,2854.0,2940.0,46.0,-40.0,0.0161177295024527,-0.013605442176870748,-0.9090909090909091,-0.8888888888888888,0.6681818181818182,-0.00909090909090915,True,False,False,0.9777777777777777,-0.9090909090909091,-0.013605442176870748,0.5333333333333333,1.0,-396.0,579.0,411.0,True,False,False,False,False,0.9777777777777777,-0.9090909090909091,-0.013605442176870748
current,min55_veto_impulse_3_5m_abs40_over0_sig0.5,veto; base=min55; choose=score_min_book_rv15; score_min_book_rv15>=0.55; ask<=95; sec_to_close>=120; impulse_3_5m>=40; impulse_3_5m-margin>=0; sec>=600; margin_sigma<=0.5; score<=0.82; fade_ask<=45,min55,veto,impulse_3_5m,40.0,0.0,600.0,0.5,0.82,45.0,0,307,304,207,97,0.680921052631579,0.990228013029316,0.6265451424929228,63.0,65.60197368421052,69.25,0,0,773.8209999999999,594.0,19943.0,20537.0,757.0,163.0,0.03795818081532367,0.007936894385742806,0.5361842105263158,0.5309446254071661,0.6755592105263158,0.005361842105263137,184,181,120,61,0.6629834254143646,0.9836956521739131,0.5913684535021105,62.0,64.81767955801105,69.0,0,0,774.434,354.0,11732.0,12086.0,268.0,-86.0,0.022843504943743608,-0.007115671024325666,-0.47513812154696133,-0.4673913043478261,0.6677348066298343,-0.004751381215469697,61,61,42,19,0.6885245901639344,1.0,0.5640856563035855,63.0,65.24590163934427,69.0,0,0,778.287,121.0,3980.0,4101.0,220.0,99.0,0.05527638190954774,0.024140453547915143,1.6229508196721312,1.6229508196721312,0.6722950819672132,0.0162295081967212,62,62,45,17,0.7258064516129032,1.0,0.6040746035801103,66.5,68.24193548387096,73.0,0,0,769.7445,119.0,4231.0,4350.0,269.0,150.0,0.06357835027180335,0.034482758620689655,2.4193548387096775,2.4193548387096775,0.7016129032258065,0.024193548387096753,True,False,True,0.9836956521739131,1.6229508196721312,0.024140453547915143,v21,veto; base=min55; choose=score_min_book_rv15; score_min_book_rv15>=0.55; ask<=95; sec_to_close>=120; impulse_3_5m>=40; impulse_3_5m-margin>=0; sec>=600; margin_sigma<=0.5; score<=0.82; fade_ask<=45,min55,veto,impulse_3_5m,40.0,0.0,600.0,0.5,0.82,45.0,0,221,219,154,65,0.7031963470319634,0.9909502262443439,0.6396090640789774,63.0,65.85388127853881,71.0,0,0,779.504859,423.0,14422.0,14845.0,978.0,555.0,0.06781306337539869,0.03738632536207477,2.5342465753424657,2.51131221719457,0.6778538812785391,0.02534246575342436,132,131,94,37,0.7175572519083969,0.9924242424242424,0.6351216228521418,64.0,66.72519083969466,72.0,0,0,779.457895,251.0,8741.0,8992.0,659.0,408.0,0.0753918315982153,0.045373665480427046,3.114503816793893,3.090909090909091,0.6864122137404581,0.031145038167938788,44,44,31,13,0.7045454545454546,1.0,0.5577979987383977,62.0,64.11363636363636,66.25,0,0,779.2648610000001,86.0,2821.0,2907.0,279.0,193.0,0.0989010989010989,0.06639146886824905,4.386363636363637,4.386363636363637,0.6606818181818181,0.04386363636363644,45,44,29,15,0.6590909090909091,0.9777777777777777,0.5113914121793824,62.0,65.0,69.25,0,0,779.7321305,86.0,2860.0,2946.0,40.0,-46.0,0.013986013986013986,-0.015614392396469789,-1.0454545454545454,-1.0222222222222221,0.6695454545454544,-0.010454545454545383,True,False,False,0.9777777777777777,-1.0454545454545454,-0.015614392396469789,0.5333333333333333,1.0,-392.0,718.0,396.0,True,False,False,False,False,0.9777777777777777,-1.0454545454545454,-0.015614392396469789
current,min55_veto_signed_move_5m_abs40_over20_sig0.75,veto; base=min55; choose=score_min_book_rv15; score_min_book_rv15>=0.55; ask<=95; sec_to_close>=120; signed_move_5m>=40; signed_move_5m-margin>=20; sec>=600; margin_sigma<=0.75; score<=0.82; fade_ask<=45,min55,veto,signed_move_5m,40.0,20.0,600.0,0.75,0.82,45.0,0,307,304,204,100,0.6710526315789473,0.990228013029316,0.6163908387248483,63.0,65.21052631578948,69.0,0,0,777.0805,596.0,19824.0,20420.0,576.0,-20.0,0.029055690072639227,-0.0009794319294809011,-0.06578947368421052,-0.06514657980456026,0.6717105263157894,-0.0006578947368420796,184,181,117,64,0.6464088397790055,0.9836956521739131,0.5743777866562508,62.0,64.23204419889503,68.0,0,0,785.003,357.0,11626.0,11983.0,74.0,-283.0,0.00636504386719422,-0.02361679045314195,-1.5635359116022098,-1.5380434782608696,0.6620441988950277,-0.015635359116022207,61,61,42,19,0.6885245901639344,1.0,0.5640856563035855,63.0,65.18032786885246,69.0,0,0,778.287,120.0,3976.0,4096.0,224.0,104.0,0.056338028169014086,0.025390625,1.7049180327868851,1.7049180327868851,0.6714754098360656,0.01704918032786884,62,62,45,17,0.7258064516129032,1.0,0.6040746035801103,65.5,68.09677419354838,74.0,0,0,771.8215,119.0,4222.0,4341.0,278.0,159.0,0.06584557081951682,0.036627505183137524,2.564516129032258,2.564516129032258,0.7001612903225807,0.02564516129032257,True,False,True,0.9836956521739131,1.7049180327868851,0.025390625,v21,veto; base=min55; choose=score_min_book_rv15; score_min_book_rv15>=0.55; ask<=95; sec_to_close>=120; signed_move_5m>=40; signed_move_5m-margin>=20; sec>=600; margin_sigma<=0.75; score<=0.82; fade_ask<=45,min55,veto,signed_move_5m,40.0,20.0,600.0,0.75,0.82,45.0,0,221,219,152,67,0.6940639269406392,0.9909502262443439,0.6301247657217044,62.0,64.85388127853881,68.5,0,0,779.847967,429.0,14203.0,14632.0,997.0,568.0,0.07019643737238612,0.038819026790595956,2.593607305936073,2.570135746606335,0.6681278538812786,0.02593607305936063,132,131,93,38,0.7099236641221374,0.9924242424242424,0.6271154560889036,64.0,65.35114503816794,70.0,0,0,779.913161,256.0,8561.0,8817.0,739.0,483.0,0.08632169139119261,0.054780537597822386,3.687022900763359,3.659090909090909,0.6730534351145039,0.03687022900763348,44,44,30,14,0.6818181818181818,1.0,0.5344310393781776,62.0,63.20454545454545,65.25,0,0,779.830828,87.0,2781.0,2868.0,219.0,132.0,0.07874865156418555,0.04602510460251046,3.0,3.0,0.6518181818181819,0.029999999999999916,45,44,29,15,0.6590909090909091,0.9777777777777777,0.5113914121793824,62.0,65.02272727272727,69.25,0,0,779.7321305,86.0,2861.0,2947.0,39.0,-47.0,0.013631597343586158,-0.015948422124194096,-1.0681818181818181,-1.0444444444444445,0.6697727272727273,-0.010681818181818237,True,False,False,0.9777777777777777,-1.0681818181818181,-0.015948422124194096,0.5333333333333333,1.0,-392.0,548.0,348.0,True,False,False,False,False,0.9777777777777777,-1.0681818181818181,-0.015948422124194096
current,book55_margin_fade_signed_move_5m_abs60_over20,fade; base=book55_margin; choose=book_p_side; book_p_side>=0.55; ask<=95; sec_to_close>=120; margin_rv15>=0; signed_move_5m>=60; signed_move_5m-margin>=20; sec>=600; margin_sigma<=0.75; score<=0.82; fade_ask<=45,book55_margin,fade,signed_move_5m,60.0,20.0,600.0,0.75,0.82,45.0,37,307,305,198,107,0.6491803278688525,0.993485342019544,0.5940687599896416,59.0,58.940983606557374,64.0,0,0,835.94,607.0,17977.0,18584.0,1823.0,1216.0,0.10140735384101908,0.0654326302195437,3.9868852459016395,3.960912052117264,0.6093114754098361,0.03986885245901639,184,182,122,60,0.6703296703296703,0.9891304347826086,0.599130553084293,59.0,59.142857142857146,64.0,0,0,836.154,363.0,10764.0,11127.0,1436.0,1073.0,0.13340765514678557,0.09643210209400557,5.895604395604396,5.831521739130435,0.6113736263736265,0.05895604395604381,61,61,34,27,0.5573770491803278,1.0,0.43303367693143874,60.0,61.52459016393443,65.0,0,0,832.23,122.0,3753.0,3875.0,-353.0,-475.0,-0.09405808686384226,-0.12258064516129032,-7.786885245901639,-7.786885245901639,0.6352459016393441,-0.07786885245901631,62,62,42,20,0.6774193548387096,1.0,0.5536808809284809,58.5,55.806451612903224,61.75,0,0,840.3475,122.0,3460.0,3582.0,740.0,618.0,0.2138728323699422,0.17252931323283083,9.96774193548387,9.96774193548387,0.577741935483871,0.09967741935483865,True,False,False,0.9891304347826086,-7.786885245901639,-0.12258064516129032,v21,fade; base=book55_margin; choose=book_p_side; book_p_side>=0.55; ask<=95; sec_to_close>=120; margin_rv15>=0; signed_move_5m>=60; signed_move_5m-margin>=20; sec>=600; margin_sigma<=0.75; score<=0.82; fade_ask<=45,book55_margin,fade,signed_move_5m,60.0,20.0,600.0,0.75,0.82,45.0,30,221,219,147,72,0.6712328767123288,0.9909502262443439,0.6065323932869077,60.0,59.54794520547945,65.0,0,0,839.487817,435.0,13041.0,13476.0,1659.0,1224.0,0.12721417069243157,0.09082813891362422,5.589041095890411,5.538461538461538,0.6153424657534247,0.055890410958904124,132,131,89,42,0.6793893129770993,0.9924242424242424,0.5953388097642381,60.0,58.099236641221374,64.0,0,0,839.519564,261.0,7611.0,7872.0,1289.0,1028.0,0.16936013664433058,0.13058943089430894,7.847328244274809,7.787878787878788,0.6009160305343512,0.0784732824427481,44,44,28,16,0.6363636363636364,1.0,0.48866376879043444,60.5,59.27272727272727,63.25,0,0,839.685401,88.0,2608.0,2696.0,192.0,104.0,0.0736196319018405,0.03857566765578635,2.3636363636363638,2.3636363636363638,0.6127272727272727,0.023636363636363678,45,44,30,14,0.6818181818181818,0.9777777777777777,0.5344310393781776,61.5,64.13636363636364,68.25,0,0,839.3180465,86.0,2822.0,2908.0,178.0,92.0,0.06307583274273565,0.03163686382393398,2.090909090909091,2.0444444444444443,0.6609090909090909,0.020909090909090877,True,True,True,0.9777777777777777,2.090909090909091,0.03163686382393398,0.6363636363636364,1.0,-357.0,2440.0,339.0,True,False,False,False,False,0.9777777777777777,-7.786885245901639,-0.12258064516129032
current,book55_margin_fade_impulse_3_5m_abs60_over40,fade; base=book55_margin; choose=book_p_side; book_p_side>=0.55; ask<=95; sec_to_close>=120; margin_rv15>=0; impulse_3_5m>=60; impulse_3_5m-margin>=40; sec>=600; margin_sigma<=0.75; score<=0.82; fade_ask<=45,book55_margin,fade,impulse_3_5m,60.0,40.0,600.0,0.75,0.82,45.0,39,307,305,198,107,0.6491803278688525,0.993485342019544,0.5940687599896416,59.0,59.10819672131147,64.0,0,0,835.94,607.0,18028.0,18635.0,1772.0,1165.0,0.09829154648324828,0.06251676951972096,3.819672131147541,3.794788273615635,0.610983606557377,0.038196721311475446,184,182,122,60,0.6703296703296703,0.9891304347826086,0.599130553084293,60.0,59.285714285714285,64.0,0,0,836.154,363.0,10790.0,11153.0,1410.0,1047.0,0.13067655236329936,0.09387608715143908,5.752747252747253,5.690217391304348,0.6128021978021978,0.05752747252747248,61,61,34,27,0.5573770491803278,1.0,0.43303367693143874,60.0,62.09836065573771,67.0,0,0,832.23,122.0,3788.0,3910.0,-388.0,-510.0,-0.10242872228088701,-0.13043478260869565,-8.360655737704919,-8.360655737704919,0.6409836065573771,-0.08360655737704925,62,62,42,20,0.6774193548387096,1.0,0.5536808809284809,58.0,55.645161290322584,62.0,0,0,840.3475,122.0,3450.0,3572.0,750.0,628.0,0.21739130434782608,0.17581187010078386,10.129032258064516,10.129032258064516,0.5761290322580644,0.10129032258064519,True,False,False,0.9891304347826086,-8.360655737704919,-0.13043478260869565,v21,fade; base=book55_margin; choose=book_p_side; book_p_side>=0.55; ask<=95; sec_to_close>=120; margin_rv15>=0; impulse_3_5m>=60; impulse_3_5m-margin>=40; sec>=600; margin_sigma<=0.75; score<=0.82; fade_ask<=45,book55_margin,fade,impulse_3_5m,60.0,40.0,600.0,0.75,0.82,45.0,31,221,219,147,72,0.6712328767123288,0.9909502262443439,0.6065323932869077,60.0,59.57077625570776,65.0,0,0,839.487817,435.0,13046.0,13481.0,1654.0,1219.0,0.12678215544994634,0.09042355908315407,5.566210045662101,5.515837104072398,0.6155707762557078,0.05566210045662101,132,131,89,42,0.6793893129770993,0.9924242424242424,0.5953388097642381,60.0,58.16793893129771,64.0,0,0,839.519564,261.0,7620.0,7881.0,1280.0,1019.0,0.1679790026246719,0.12929831239690395,7.778625954198473,7.71969696969697,0.6016030534351146,0.0777862595419847,44,44,28,16,0.6363636363636364,1.0,0.48866376879043444,60.0,58.70454545454545,63.25,0,0,839.685401,88.0,2583.0,2671.0,217.0,129.0,0.08401084010840108,0.04829651815799326,2.9318181818181817,2.9318181818181817,0.6070454545454544,0.02931818181818191,45,44,30,14,0.6818181818181818,0.9777777777777777,0.5344310393781776,61.5,64.61363636363636,68.25,0,0,839.3180465,86.0,2843.0,2929.0,157.0,71.0,0.05522335561027084,0.02424035506998976,1.6136363636363635,1.5777777777777777,0.6656818181818182,0.016136363636363615,True,True,True,0.9777777777777777,1.6136363636363635,0.02424035506998976,0.6363636363636364,1.0,-383.0,2384.0,318.0,True,False,False,False,False,0.9777777777777777,-8.360655737704919,-0.13043478260869565
current,min55_veto_impulse_3_5m_abs40_over20_sig0.75,veto; base=min55; choose=score_min_book_rv15; score_min_book_rv15>=0.55; ask<=95; sec_to_close>=120; impulse_3_5m>=40; impulse_3_5m-margin>=20; sec>=600; margin_sigma<=0.75; score<=0.82; fade_ask<=45,min55,veto,impulse_3_5m,40.0,20.0,600.0,0.75,0.82,45.0,0,307,304,205,99,0.6743421052631579,0.990228013029316,0.6197727067657183,63.0,65.47039473684211,69.25,0,0,774.29,596.0,19903.0,20499.0,597.0,1.0,0.02999547806863287,4.878286745694912e-05,0.003289473684210526,0.003257328990228013,0.6743092105263159,3.289473684198185e-05,184,181,118,63,0.6519337016574586,0.9836956521739131,0.5800313705905202,62.0,64.59116022099448,69.0,0,0,776.916,357.0,11691.0,12048.0,109.0,-248.0,0.009323411170986229,-0.020584329349269587,-1.3701657458563536,-1.3478260869565217,0.6656353591160221,-0.013701657458563554,61,61,42,19,0.6885245901639344,1.0,0.5640856563035855,63.0,65.1639344262295,69.0,0,0,778.287,120.0,3975.0,4095.0,225.0,105.0,0.05660377358490566,0.02564102564102564,1.721311475409836,1.721311475409836,0.6713114754098362,0.017213114754098258,62,62,45,17,0.7258064516129032,1.0,0.6040746035801103,66.5,68.33870967741936,74.75,0,0,767.8335,119.0,4237.0,4356.0,263.0,144.0,0.06207222091102195,0.03305785123966942,2.3225806451612905,2.3225806451612905,0.7025806451612904,0.023225806451612874,True,False,True,0.9836956521739131,1.721311475409836,0.02564102564102564,v21,veto; base=min55; choose=score_min_book_rv15; score_min_book_rv15>=0.55; ask<=95; sec_to_close>=120; impulse_3_5m>=40; impulse_3_5m-margin>=20; sec>=600; margin_sigma<=0.75; score<=0.82; fade_ask<=45,min55,veto,impulse_3_5m,40.0,20.0,600.0,0.75,0.82,45.0,0,221,219,153,66,0.6986301369863014,0.9909502262443439,0.6348634505760952,63.0,65.45205479452055,70.0,0,0,779.556406,427.0,14334.0,14761.0,966.0,539.0,0.06739221431561322,0.03651514125059278,2.461187214611872,2.4389140271493215,0.6740182648401827,0.024611872146118707,132,131,94,37,0.7175572519083969,0.9924242424242424,0.6351216228521418,64.0,66.16030534351145,71.0,0,0,779.550778,254.0,8667.0,8921.0,733.0,479.0,0.08457367024345218,0.05369353211523372,3.6564885496183206,3.628787878787879,0.6809923664122138,0.036564885496183086,44,44,30,14,0.6818181818181818,1.0,0.5344310393781776,62.0,63.79545454545455,66.0,0,0,779.339953,87.0,2807.0,2894.0,193.0,106.0,0.0687566797292483,0.036627505183137524,2.409090909090909,2.409090909090909,0.6577272727272727,0.024090909090909052,45,44,29,15,0.6590909090909091,0.9777777777777777,0.5113914121793824,62.0,65.0,69.25,0,0,779.7321305,86.0,2860.0,2946.0,40.0,-46.0,0.013986013986013986,-0.015614392396469789,-1.0454545454545454,-1.0222222222222221,0.6695454545454544,-0.010454545454545383,True,False,False,0.9777777777777777,-1.0454545454545454,-0.015614392396469789,0.4666666666666667,1.0,-392.0,540.0,309.0,True,False,False,False,False,0.9777777777777777,-1.0454545454545454,-0.015614392396469789
current,min55_veto_impulse_3_5m_abs80_over40_sig0.5,veto; base=min55; choose=score_min_book_rv15; score_min_book_rv15>=0.55; ask<=95; sec_to_close>=120; impulse_3_5m>=80; impulse_3_5m-margin>=40; sec>=600; margin_sigma<=0.5; score<=0.82; fade_ask<=45,min55,veto,impulse_3_5m,80.0,40.0,600.0,0.5,0.82,45.0,0,307,304,207,97,0.680921052631579,0.990228013029316,0.6265451424929228,63.0,65.04276315789474,69.0,0,0,825.1569999999999,601.0,19773.0,20374.0,927.0,326.0,0.04688211197086937,0.01600078531461667,1.0723684210526316,1.0618892508143323,0.6701973684210527,0.010723684210526274,184,181,123,58,0.6795580110497238,0.9836956521739131,0.6084506202810622,62.0,64.23756906077348,68.0,0,0,826.282,357.0,11627.0,11984.0,673.0,316.0,0.05788251483615722,0.02636849132176235,1.7458563535911602,1.7173913043478262,0.6620994475138122,0.017458563535911575,61,61,41,20,0.6721311475409836,1.0,0.5472180631353664,64.0,64.93442622950819,69.0,0,0,810.969,122.0,3961.0,4083.0,139.0,17.0,0.035092148447361776,0.004163605192260593,0.2786885245901639,0.2786885245901639,0.6693442622950819,0.002786885245901649,62,62,43,19,0.6935483870967742,1.0,0.5703278379461328,66.0,67.5,72.0,0,0,775.8155,122.0,4185.0,4307.0,115.0,-7.0,0.027479091995221028,-0.00162526120269329,-0.11290322580645161,-0.11290322580645161,0.6946774193548387,-0.0011290322580644885,True,False,False,0.9836956521739131,-0.11290322580645161,-0.00162526120269329,v21,veto; base=min55; choose=score_min_book_rv15; score_min_book_rv15>=0.55; ask<=95; sec_to_close>=120; impulse_3_5m>=80; impulse_3_5m-margin>=40; sec>=600; margin_sigma<=0.5; score<=0.82; fade_ask<=45,min55,veto,impulse_3_5m,80.0,40.0,600.0,0.5,0.82,45.0,0,221,219,154,65,0.7031963470319634,0.9909502262443439,0.6396090640789774,62.0,64.64383561643835,68.0,0,0,839.169005,430.0,14157.0,14587.0,1243.0,813.0,0.08780108780108781,0.05573455816823199,3.712328767123288,3.678733031674208,0.6660730593607306,0.03712328767123285,132,131,93,38,0.7099236641221374,0.9924242424242424,0.6271154560889036,62.0,64.9618320610687,69.0,0,0,839.169911,257.0,8510.0,8767.0,790.0,533.0,0.09283196239717979,0.060796167446104714,4.068702290076335,4.037878787878788,0.6692366412213742,0.0406870229007632,44,44,30,14,0.6818181818181818,1.0,0.5344310393781776,62.0,63.02272727272727,65.25,0,0,839.1807305,87.0,2773.0,2860.0,227.0,140.0,0.08186080057699242,0.04895104895104895,3.1818181818181817,3.1818181818181817,0.65,0.031818181818181746,45,44,31,13,0.7045454545454546,0.9777777777777777,0.5577979987383977,62.5,65.31818181818181,69.25,0,0,838.0694615,86.0,2874.0,2960.0,226.0,140.0,0.07863604732080724,0.0472972972972973,3.1818181818181817,3.111111111111111,0.6727272727272727,0.03181818181818186,True,True,True,0.9777777777777777,3.1818181818181817,0.0472972972972973,0.6,1.0,-295.0,1139.0,290.0,True,False,False,False,False,0.9777777777777777,-0.11290322580645161,-0.00162526120269329
current,min55_veto_impulse_3_5m_abs80_over20_sig0.5,veto; base=min55; choose=score_min_book_rv15; score_min_book_rv15>=0.55; ask<=95; sec_to_close>=120; impulse_3_5m>=80; impulse_3_5m-margin>=20; sec>=600; margin_sigma<=0.5; score<=0.82; fade_ask<=45,min55,veto,impulse_3_5m,80.0,20.0,600.0,0.5,0.82,45.0,0,307,304,207,97,0.680921052631579,0.990228013029316,0.6265451424929228,63.0,65.07565789473684,69.0,0,0,823.435,601.0,19783.0,20384.0,917.0,316.0,0.04635292928271748,0.015502354788069073,1.0394736842105263,1.0293159609120521,0.6705263157894737,0.010394736842105234,184,181,123,58,0.6795580110497238,0.9836956521739131,0.6084506202810622,62.0,64.2707182320442,68.0,0,0,825.968,357.0,11633.0,11990.0,667.0,310.0,0.05733688644373764,0.02585487906588824,1.712707182320442,1.684782608695652,0.6624309392265194,0.017127071823204387,61,61,41,20,0.6721311475409836,1.0,0.5472180631353664,64.0,64.93442622950819,69.0,0,0,810.969,122.0,3961.0,4083.0,139.0,17.0,0.035092148447361776,0.004163605192260593,0.2786885245901639,0.2786885245901639,0.6693442622950819,0.002786885245901649,62,62,43,19,0.6935483870967742,1.0,0.5703278379461328,65.5,67.56451612903226,72.75,0,0,775.2455,122.0,4189.0,4311.0,111.0,-11.0,0.02649797087610408,-0.002551612154952447,-0.1774193548387097,-0.1774193548387097,0.6953225806451613,-0.0017741935483870375,True,False,False,0.9836956521739131,-0.1774193548387097,-0.002551612154952447,v21,veto; base=min55; choose=score_min_book_rv15; score_min_book_rv15>=0.55; ask<=95; sec_to_close>=120; impulse_3_5m>=80; impulse_3_5m-margin>=20; sec>=600; margin_sigma<=0.5; score<=0.82; fade_ask<=45,min55,veto,impulse_3_5m,80.0,20.0,600.0,0.5,0.82,45.0,0,221,219,154,65,0.7031963470319634,0.9909502262443439,0.6396090640789774,62.0,64.79908675799086,68.0,0,0,839.136245,428.0,14191.0,14619.0,1209.0,781.0,0.08519484180114156,0.05342362678705794,3.5662100456621006,3.5339366515837103,0.6675342465753424,0.03566210045662099,132,131,93,38,0.7099236641221374,0.9924242424242424,0.6271154560889036,62.0,65.22137404580153,70.0,0,0,839.136245,255.0,8544.0,8799.0,756.0,501.0,0.08848314606741572,0.05693828844186839,3.8244274809160306,3.7954545454545454,0.6716793893129772,0.03824427480916015,44,44,30,14,0.6818181818181818,1.0,0.5344310393781776,62.0,63.02272727272727,65.25,0,0,839.1807305,87.0,2773.0,2860.0,227.0,140.0,0.08186080057699242,0.04895104895104895,3.1818181818181817,3.1818181818181817,0.65,0.031818181818181746,45,44,31,13,0.7045454545454546,0.9777777777777777,0.5577979987383977,62.5,65.31818181818181,69.25,0,0,838.0694615,86.0,2874.0,2960.0,226.0,140.0,0.07863604732080724,0.0472972972972973,3.1818181818181817,3.111111111111111,0.6727272727272727,0.03181818181818186,True,True,True,0.9777777777777777,3.1818181818181817,0.0472972972972973,0.6,1.0,-295.0,1097.0,286.0,True,False,False,False,False,0.9777777777777777,-0.1774193548387097,-0.002551612154952447
current,min55_veto_impulse_3_5m_abs80_over40_sig0.75,veto; base=min55; choose=score_min_book_rv15; score_min_book_rv15>=0.55; ask<=95; sec_to_close>=120; impulse_3_5m>=80; impulse_3_5m-margin>=40; sec>=600; margin_sigma<=0.75; score<=0.82; fade_ask<=45,min55,veto,impulse_3_5m,80.0,40.0,600.0,0.75,0.82,45.0,0,307,304,207,97,0.680921052631579,0.990228013029316,0.6265451424929228,63.0,65.01644736842105,69.0,0,0,823.435,599.0,19765.0,20364.0,935.0,336.0,0.04730584366304073,0.016499705362404242,1.105263157894737,1.0944625407166124,0.6698684210526316,0.011052631578947425,184,181,123,58,0.6795580110497238,0.9836956521739131,0.6084506202810622,62.0,64.14917127071823,68.0,0,0,825.968,357.0,11611.0,11968.0,689.0,332.0,0.05934028076823702,0.027740641711229946,1.8342541436464088,1.8043478260869565,0.6612154696132597,0.018342541436464077,61,61,41,20,0.6721311475409836,1.0,0.5472180631353664,64.0,64.93442622950819,69.0,0,0,810.969,122.0,3961.0,4083.0,139.0,17.0,0.035092148447361776,0.004163605192260593,0.2786885245901639,0.2786885245901639,0.6693442622950819,0.002786885245901649,62,62,43,19,0.6935483870967742,1.0,0.5703278379461328,65.5,67.62903225806451,72.0,0,0,773.209,120.0,4193.0,4313.0,107.0,-13.0,0.02551872167898879,-0.0030141432877347552,-0.20967741935483872,-0.20967741935483872,0.6956451612903226,-0.0020967741935483675,True,False,False,0.9836956521739131,-0.20967741935483872,-0.0030141432877347552,v21,veto; base=min55; choose=score_min_book_rv15; score_min_book_rv15>=0.55; ask<=95; sec_to_close>=120; impulse_3_5m>=80; impulse_3_5m-margin>=40; sec>=600; margin_sigma<=0.75; score<=0.82; fade_ask<=45,min55,veto,impulse_3_5m,80.0,40.0,600.0,0.75,0.82,45.0,0,221,219,154,65,0.7031963470319634,0.9909502262443439,0.6396090640789774,62.0,64.55251141552512,68.0,0,0,839.152736,431.0,14137.0,14568.0,1263.0,832.0,0.08934002970927354,0.057111477210323995,3.7990867579908674,3.764705882352941,0.6652054794520548,0.03799086757990866,132,131,93,38,0.7099236641221374,0.9924242424242424,0.6271154560889036,62.0,64.80916030534351,69.0,0,0,839.152736,258.0,8490.0,8748.0,810.0,552.0,0.09540636042402827,0.06310013717421124,4.213740458015267,4.181818181818182,0.6677862595419848,0.04213740458015258,44,44,30,14,0.6818181818181818,1.0,0.5344310393781776,62.0,63.02272727272727,65.25,0,0,839.1807305,87.0,2773.0,2860.0,227.0,140.0,0.08186080057699242,0.04895104895104895,3.1818181818181817,3.1818181818181817,0.65,0.031818181818181746,45,44,31,13,0.7045454545454546,0.9777777777777777,0.5577979987383977,62.5,65.31818181818181,69.25,0,0,838.0694615,86.0,2874.0,2960.0,226.0,140.0,0.07863604732080724,0.0472972972972973,3.1818181818181817,3.111111111111111,0.6727272727272727,0.03181818181818186,True,True,True,0.9777777777777777,3.1818181818181817,0.0472972972972973,0.6,1.0,-301.0,1168.0,284.0,True,False,False,False,False,0.9777777777777777,-0.20967741935483872,-0.0030141432877347552
current,min55_veto_impulse_3_5m_abs60_over40_sig0.5,veto; base=min55; choose=score_min_book_rv15; score_min_book_rv15>=0.55; ask<=95; sec_to_close>=120; impulse_3_5m>=60; impulse_3_5m-margin>=40; sec>=600; margin_sigma<=0.5; score<=0.82; fade_ask<=45,min55,veto,impulse_3_5m,60.0,40.0,600.0,0.5,0.82,45.0,0,307,304,206,98,0.6776315789473685,0.990228013029316,0.6231574671224652,63.0,65.03289473684211,69.0,0,0,823.435,601.0,19770.0,20371.0,830.0,229.0,0.041982802225594334,0.011241470718177802,0.7532894736842105,0.745928338762215,0.6700986842105262,0.007532894736842266,184,181,122,59,0.6740331491712708,0.9836956521739131,0.6027461923165097,62.0,64.22651933701657,68.0,0,0,825.82,357.0,11625.0,11982.0,575.0,218.0,0.04946236559139785,0.018193957603071274,1.2044198895027625,1.184782608695652,0.661988950276243,0.012044198895027725,61,61,41,20,0.6721311475409836,1.0,0.5472180631353664,64.0,64.93442622950819,69.0,0,0,810.969,122.0,3961.0,4083.0,139.0,17.0,0.035092148447361776,0.004163605192260593,0.2786885245901639,0.2786885245901639,0.6693442622950819,0.002786885245901649,62,62,43,19,0.6935483870967742,1.0,0.5703278379461328,66.0,67.48387096774194,72.0,0,0,775.8155,122.0,4184.0,4306.0,116.0,-6.0,0.027724665391969407,-0.0013934045517882026,-0.0967741935483871,-0.0967741935483871,0.694516129032258,-0.000967741935483768,True,False,False,0.9836956521739131,-0.0967741935483871,-0.0013934045517882026,v21,veto; base=min55; choose=score_min_book_rv15; score_min_book_rv15>=0.55; ask<=95; sec_to_close>=120; impulse_3_5m>=60; impulse_3_5m-margin>=40; sec>=600; margin_sigma<=0.5; score<=0.82; fade_ask<=45,min55,veto,impulse_3_5m,60.0,40.0,600.0,0.5,0.82,45.0,0,221,219,155,64,0.7077625570776256,0.9909502262443439,0.6443616959208551,63.0,64.8082191780822,68.0,0,0,839.100042,430.0,14193.0,14623.0,1307.0,877.0,0.09208764884097795,0.059974013540313204,4.004566210045662,3.9683257918552037,0.667716894977169,0.04004566210045657,132,131,94,37,0.7175572519083969,0.9924242424242424,0.6351216228521418,63.0,65.14503816793894,69.5,0,0,839.128388,257.0,8534.0,8791.0,866.0,609.0,0.10147644715256621,0.06927539529063816,4.648854961832061,4.613636363636363,0.6710687022900764,0.046488549618320496,44,44,30,14,0.6818181818181818,1.0,0.5344310393781776,62.0,63.29545454545455,66.0,0,0,809.4906965,87.0,2785.0,2872.0,215.0,128.0,0.07719928186714542,0.04456824512534819,2.909090909090909,2.909090909090909,0.6527272727272727,0.029090909090909056,45,44,31,13,0.7045454545454546,0.9777777777777777,0.5577979987383977,62.5,65.31818181818181,69.25,0,0,838.0694615,86.0,2874.0,2960.0,226.0,140.0,0.07863604732080724,0.0472972972972973,3.1818181818181817,3.111111111111111,0.6727272727272727,0.03181818181818186,True,True,True,0.9777777777777777,2.909090909090909,0.04456824512534819,0.6,1.0,-294.0,1106.0,279.0,True,False,False,False,False,0.9777777777777777,-0.0967741935483871,-0.0013934045517882026
current,min55_veto_impulse_3_5m_abs60_over40_sig0.75,veto; base=min55; choose=score_min_book_rv15; score_min_book_rv15>=0.55; ask<=95; sec_to_close>=120; impulse_3_5m>=60; impulse_3_5m-margin>=40; sec>=600; margin_sigma<=0.75; score<=0.82; fade_ask<=45,min55,veto,impulse_3_5m,60.0,40.0,600.0,0.75,0.82,45.0,0,307,304,206,98,0.6776315789473685,0.990228013029316,0.6231574671224652,63.0,65.01644736842105,69.0,0,0,811.0535,599.0,19765.0,20364.0,835.0,236.0,0.04224639514292942,0.011589078766450598,0.7763157894736842,0.7687296416938111,0.6698684210526316,0.007763157894736916,184,181,122,59,0.6740331491712708,0.9836956521739131,0.6027461923165097,62.0,64.13812154696133,68.0,0,0,825.4,357.0,11609.0,11966.0,591.0,234.0,0.05090877767249548,0.019555406986461642,1.292817679558011,1.2717391304347827,0.6611049723756905,0.012928176795580226,61,61,41,20,0.6721311475409836,1.0,0.5472180631353664,64.0,64.93442622950819,69.0,0,0,810.969,122.0,3961.0,4083.0,139.0,17.0,0.035092148447361776,0.004163605192260593,0.2786885245901639,0.2786885245901639,0.6693442622950819,0.002786885245901649,62,62,43,19,0.6935483870967742,1.0,0.5703278379461328,65.5,67.66129032258064,72.0,0,0,773.209,120.0,4195.0,4315.0,105.0,-15.0,0.025029797377830752,-0.0034762456546929316,-0.24193548387096775,-0.24193548387096775,0.6959677419354838,-0.0024193548387095865,True,False,False,0.9836956521739131,-0.24193548387096775,-0.0034762456546929316,v21,veto; base=min55; choose=score_min_book_rv15; score_min_book_rv15>=0.55; ask<=95; sec_to_close>=120; impulse_3_5m>=60; impulse_3_5m-margin>=40; sec>=600; margin_sigma<=0.75; score<=0.82; fade_ask<=45,min55,veto,impulse_3_5m,60.0,40.0,600.0,0.75,0.82,45.0,0,221,219,155,64,0.7077625570776256,0.9909502262443439,0.6443616959208551,62.0,64.662100456621,68.0,0,0,839.094062,431.0,14161.0,14592.0,1339.0,908.0,0.09455546924652214,0.062225877192982455,4.146118721461187,4.108597285067873,0.6663013698630137,0.041461187214611894,132,131,94,37,0.7175572519083969,0.9924242424242424,0.6351216228521418,63.0,64.90076335877863,69.0,0,0,839.100042,258.0,8502.0,8760.0,898.0,640.0,0.10562220653963773,0.0730593607305936,4.885496183206107,4.848484848484849,0.6687022900763359,0.04885496183206106,44,44,30,14,0.6818181818181818,1.0,0.5344310393781776,62.0,63.29545454545455,66.0,0,0,809.4906965,87.0,2785.0,2872.0,215.0,128.0,0.07719928186714542,0.04456824512534819,2.909090909090909,2.909090909090909,0.6527272727272727,0.029090909090909056,45,44,31,13,0.7045454545454546,0.9777777777777777,0.5577979987383977,62.5,65.31818181818181,69.25,0,0,838.0694615,86.0,2874.0,2960.0,226.0,140.0,0.07863604732080724,0.0472972972972973,3.1818181818181817,3.111111111111111,0.6727272727272727,0.03181818181818186,True,True,True,0.9777777777777777,2.909090909090909,0.04456824512534819,0.6,1.0,-303.0,1144.0,270.0,True,False,False,False,False,0.9777777777777777,-0.24193548387096775,-0.0034762456546929316
current,min55_baseline,baseline; base=min55; choose=score_min_book_rv15; score_min_book_rv15>=0.55; ask<=95; sec_to_close>=120; impulse_3_5m>=10000; impulse_3_5m-margin>=10000; sec>=120; margin_sigma<=10000; score<=1; fade_ask<=45,min55,baseline,impulse_3_5m,10000.0,10000.0,120.0,10000.0,1.0,45.0,0,307,305,207,98,0.6786885245901639,0.993485342019544,0.6243376200321604,63.0,64.50819672131148,69.0,0,0,827.01,607.0,19675.0,20282.0,1025.0,418.0,0.052096569250317665,0.0206094073562765,1.3704918032786886,1.3615635179153094,0.664983606557377,0.01370491803278695,184,182,124,58,0.6813186813186813,0.9891304347826086,0.6104728263932095,62.0,63.642857142857146,68.0,0,0,827.9705,363.0,11583.0,11946.0,817.0,454.0,0.0705344038677372,0.038004352921479995,2.4945054945054945,2.467391304347826,0.6563736263736264,0.024945054945054945,61,61,41,20,0.6721311475409836,1.0,0.5472180631353664,64.0,64.93442622950819,69.0,0,0,810.969,122.0,3961.0,4083.0,139.0,17.0,0.035092148447361776,0.004163605192260593,0.2786885245901639,0.2786885245901639,0.6693442622950819,0.002786885245901649,62,62,42,20,0.6774193548387096,1.0,0.5536808809284809,65.5,66.62903225806451,70.75,0,0,827.3565,122.0,4131.0,4253.0,69.0,-53.0,0.01670297748729121,-0.012461791676463673,-0.8548387096774194,-0.8548387096774194,0.6859677419354839,-0.008548387096774301,True,False,False,0.9891304347826086,-0.8548387096774194,-0.012461791676463673,v21,baseline; base=min55; choose=score_min_book_rv15; score_min_book_rv15>=0.55; ask<=95; sec_to_close>=120; impulse_3_5m>=10000; impulse_3_5m-margin>=10000; sec>=120; margin_sigma<=10000; score<=1; fade_ask<=45,min55,baseline,impulse_3_5m,10000.0,10000.0,120.0,10000.0,1.0,45.0,0,221,219,153,66,0.6986301369863014,0.9909502262443439,0.6348634505760952,62.0,64.08675799086758,67.0,0,0,839.279445,433.0,14035.0,14468.0,1265.0,832.0,0.09013181332383327,0.05750622062482721,3.7990867579908674,3.764705882352941,0.6606392694063927,0.03799086757990866,132,131,92,39,0.7022900763358778,0.9924242424242424,0.6191346229115295,62.0,64.09160305343511,68.0,0,0,839.350817,259.0,8396.0,8655.0,804.0,545.0,0.09575988565983802,0.06296938186019642,4.1603053435114505,4.128787878787879,0.6606870229007634,0.04160305343511439,44,44,30,14,0.6818181818181818,1.0,0.5344310393781776,62.5,62.84090909090909,65.25,0,0,839.2359564999999,88.0,2765.0,2853.0,235.0,147.0,0.08499095840867993,0.05152471083070452,3.340909090909091,3.340909090909091,0.6484090909090909,0.03340909090909083,45,44,31,13,0.7045454545454546,0.9777777777777777,0.5577979987383977,62.5,65.31818181818181,69.25,0,0,838.0694615,86.0,2874.0,2960.0,226.0,140.0,0.07863604732080724,0.0472972972972973,3.1818181818181817,3.111111111111111,0.6727272727272727,0.03181818181818186,True,True,True,0.9777777777777777,3.1818181818181817,0.0472972972972973,0.6,1.0,-289.0,1250.0,251.0,True,False,False,False,False,0.9777777777777777,-0.8548387096774194,-0.012461791676463673
current,min55_veto_impulse_3_5m_abs40_over20_sig0.5,veto; base=min55; choose=score_min_book_rv15; score_min_book_rv15>=0.55; ask<=95; sec_to_close>=120; impulse_3_5m>=40; impulse_3_5m-margin>=20; sec>=600; margin_sigma<=0.5; score<=0.82; fade_ask<=45,min55,veto,impulse_3_5m,40.0,20.0,600.0,0.5,0.82,45.0,0,307,304,204,100,0.6710526315789473,0.990228013029316,0.6163908387248483,63.0,65.41118421052632,69.25,0,0,777.2585,600.0,19885.0,20485.0,515.0,-85.0,0.025898918783002264,-0.004149377593360996,-0.27960526315789475,-0.2768729641693811,0.6738486842105263,-0.0027960526315790046,184,181,118,63,0.6519337016574586,0.9836956521739131,0.5800313705905202,62.0,64.57458563535911,69.0,0,0,778.174,357.0,11688.0,12045.0,112.0,-245.0,0.009582477754962354,-0.0203403902034039,-1.3535911602209945,-1.3315217391304348,0.6654696132596685,-0.013535911602209905,61,61,42,19,0.6885245901639344,1.0,0.5640856563035855,63.0,65.08196721311475,69.0,0,0,778.287,121.0,3970.0,4091.0,230.0,109.0,0.05793450881612091,0.02664385235883647,1.7868852459016393,1.7868852459016393,0.670655737704918,0.01786885245901637,62,62,44,18,0.7096774193548387,1.0,0.5871235426501359,67.0,68.1774193548387,73.75,0,0,773.8015,122.0,4227.0,4349.0,173.0,51.0,0.040927371658386565,0.01172683375488618,0.8225806451612904,0.8225806451612904,0.7014516129032259,0.00822580645161286,True,False,True,0.9836956521739131,0.8225806451612904,0.01172683375488618,v21,veto; base=min55; choose=score_min_book_rv15; score_min_book_rv15>=0.55; ask<=95; sec_to_close>=120; impulse_3_5m>=40; impulse_3_5m-margin>=20; sec>=600; margin_sigma<=0.5; score<=0.82; fade_ask<=45,min55,veto,impulse_3_5m,40.0,20.0,600.0,0.5,0.82,45.0,0,221,219,152,67,0.6940639269406392,0.9909502262443439,0.6301247657217044,63.0,65.58904109589041,70.5,0,0,779.665983,427.0,14364.0,14791.0,836.0,409.0,0.0582010582010582,0.02765195051044554,1.8675799086757991,1.8506787330316743,0.6753881278538812,0.018675799086757983,132,131,93,38,0.7099236641221374,0.9924242424242424,0.6271154560889036,64.0,66.31297709923665,71.0,0,0,779.751489,254.0,8687.0,8941.0,613.0,359.0,0.07056521238632439,0.04015210826529471,2.7404580152671754,2.7196969696969697,0.6825190839694656,0.027404580152671776,44,44,30,14,0.6818181818181818,1.0,0.5344310393781776,62.0,64.02272727272727,66.25,0,0,779.620556,87.0,2817.0,2904.0,183.0,96.0,0.06496272630457935,0.03305785123966942,2.1818181818181817,2.1818181818181817,0.66,0.021818181818181737,45,44,29,15,0.6590909090909091,0.9777777777777777,0.5113914121793824,62.0,65.0,69.25,0,0,779.7321305,86.0,2860.0,2946.0,40.0,-46.0,0.013986013986013986,-0.015614392396469789,-1.0454545454545454,-1.0222222222222221,0.6695454545454544,-0.010454545454545383,True,False,False,0.9777777777777777,-1.0454545454545454,-0.015614392396469789,0.4666666666666667,1.0,-392.0,324.0,210.0,True,False,False,False,False,0.9777777777777777,-1.0454545454545454,-0.015614392396469789
current,book55_margin_fade_signed_move_5m_abs60_over40,fade; base=book55_margin; choose=book_p_side; book_p_side>=0.55; ask<=95; sec_to_close>=120; margin_rv15>=0; signed_move_5m>=60; signed_move_5m-margin>=40; sec>=600; margin_sigma<=0.75; score<=0.82; fade_ask<=45,book55_margin,fade,signed_move_5m,60.0,40.0,600.0,0.75,0.82,45.0,31,307,305,198,107,0.6491803278688525,0.993485342019544,0.5940687599896416,60.0,59.5672131147541,64.0,0,0,835.94,607.0,18168.0,18775.0,1632.0,1025.0,0.08982826948480846,0.05459387483355526,3.360655737704918,3.3387622149837135,0.6155737704918033,0.03360655737704921,184,182,122,60,0.6703296703296703,0.9891304347826086,0.599130553084293,60.0,59.489010989010985,64.0,0,0,836.154,363.0,10827.0,11190.0,1373.0,1010.0,0.1268125981342939,0.0902591599642538,5.549450549450549,5.489130434782608,0.6148351648351649,0.05549450549450541,61,61,34,27,0.5573770491803278,1.0,0.43303367693143874,60.0,62.09836065573771,67.0,0,0,832.23,122.0,3788.0,3910.0,-388.0,-510.0,-0.10242872228088701,-0.13043478260869565,-8.360655737704919,-8.360655737704919,0.6409836065573771,-0.08360655737704925,62,62,42,20,0.6774193548387096,1.0,0.5536808809284809,59.0,57.306451612903224,62.75,0,0,840.3475,122.0,3553.0,3675.0,647.0,525.0,0.18209963411201802,0.14285714285714285,8.46774193548387,8.46774193548387,0.592741935483871,0.08467741935483863,True,False,False,0.9891304347826086,-8.360655737704919,-0.13043478260869565,v21,fade; base=book55_margin; choose=book_p_side; book_p_side>=0.55; ask<=95; sec_to_close>=120; margin_rv15>=0; signed_move_5m>=60; signed_move_5m-margin>=40; sec>=600; margin_sigma<=0.75; score<=0.82; fade_ask<=45,book55_margin,fade,signed_move_5m,60.0,40.0,600.0,0.75,0.82,45.0,26,221,219,147,72,0.6712328767123288,0.9909502262443439,0.6065323932869077,61.0,60.05936073059361,65.0,0,0,839.487817,435.0,13153.0,13588.0,1547.0,1112.0,0.11761575306013837,0.08183691492493377,5.077625570776256,5.031674208144796,0.6204566210045662,0.05077625570776256,132,131,89,42,0.6793893129770993,0.9924242424242424,0.5953388097642381,60.0,58.79389312977099,64.5,0,0,839.519564,261.0,7702.0,7963.0,1198.0,937.0,0.1555440145416775,0.11766922014316213,7.152671755725191,7.098484848484849,0.6078625954198473,0.07152671755725193,44,44,28,16,0.6363636363636364,1.0,0.48866376879043444,60.5,59.27272727272727,63.25,0,0,839.685401,88.0,2608.0,2696.0,192.0,104.0,0.0736196319018405,0.03857566765578635,2.3636363636363638,2.3636363636363638,0.6127272727272727,0.023636363636363678,45,44,30,14,0.6818181818181818,0.9777777777777777,0.5344310393781776,61.5,64.61363636363636,68.25,0,0,839.3180465,86.0,2843.0,2929.0,157.0,71.0,0.05522335561027084,0.02424035506998976,1.6136363636363635,1.5777777777777777,0.6656818181818182,0.016136363636363615,True,True,True,0.9777777777777777,1.6136363636363635,0.02424035506998976,0.6,1.0,-383.0,2137.0,190.0,True,False,False,False,False,0.9777777777777777,-8.360655737704919,-0.13043478260869565
current,min55_veto_impulse_3_5m_abs60_over20_sig0.5,veto; base=min55; choose=score_min_book_rv15; score_min_book_rv15>=0.55; ask<=95; sec_to_close>=120; impulse_3_5m>=60; impulse_3_5m-margin>=20; sec>=600; margin_sigma<=0.5; score<=0.82; fade_ask<=45,min55,veto,impulse_3_5m,60.0,20.0,600.0,0.5,0.82,45.0,0,307,304,206,98,0.6776315789473685,0.990228013029316,0.6231574671224652,63.0,65.04934210526316,69.0,0,0,809.7025000000001,601.0,19775.0,20376.0,825.0,224.0,0.041719342604298354,0.01099332548095799,0.7368421052631579,0.7296416938110749,0.6702631578947368,0.007368421052631691,184,181,122,59,0.6740331491712708,0.9836956521739131,0.6027461923165097,62.0,64.2486187845304,68.0,0,0,825.101,357.0,11629.0,11986.0,571.0,214.0,0.049101384469859836,0.017854163190388787,1.1823204419889504,1.1630434782608696,0.6622099447513813,0.011823204419889488,61,61,41,20,0.6721311475409836,1.0,0.5472180631353664,63.0,64.88524590163935,69.0,0,0,810.969,122.0,3958.0,4080.0,142.0,20.0,0.0358767054067711,0.004901960784313725,0.32786885245901637,0.32786885245901637,0.6688524590163933,0.003278688524590234,62,62,43,19,0.6935483870967742,1.0,0.5703278379461328,65.5,67.54838709677419,72.75,0,0,775.2455,122.0,4188.0,4310.0,112.0,-10.0,0.026743075453677174,-0.002320185614849188,-0.16129032258064516,-0.16129032258064516,0.6951612903225807,-0.001612903225806428,True,False,False,0.9836956521739131,-0.16129032258064516,-0.002320185614849188,v21,veto; base=min55; choose=score_min_book_rv15; score_min_book_rv15>=0.55; ask<=95; sec_to_close>=120; impulse_3_5m>=60; impulse_3_5m-margin>=20; sec>=600; margin_sigma<=0.5; score<=0.82; fade_ask<=45,min55,veto,impulse_3_5m,60.0,20.0,600.0,0.5,0.82,45.0,0,221,219,154,65,0.7031963470319634,0.9909502262443439,0.6396090640789774,63.0,65.05479452054794,69.0,0,0,779.988924,428.0,14247.0,14675.0,1153.0,725.0,0.08092931845300765,0.049403747870528106,3.310502283105023,3.2805429864253393,0.6700913242009132,0.03310502283105021,132,131,94,37,0.7175572519083969,0.9924242424242424,0.6351216228521418,63.0,65.57251908396947,70.0,0,0,779.988924,255.0,8590.0,8845.0,810.0,555.0,0.09429569266589057,0.06274731486715658,4.236641221374046,4.204545454545454,0.6751908396946567,0.04236641221374027,44,44,30,14,0.6818181818181818,1.0,0.5344310393781776,62.0,63.29545454545455,66.0,0,0,809.4906965,87.0,2785.0,2872.0,215.0,128.0,0.07719928186714542,0.04456824512534819,2.909090909090909,2.909090909090909,0.6527272727272727,0.029090909090909056,45,44,30,14,0.6818181818181818,0.9777777777777777,0.5344310393781776,62.5,65.27272727272727,69.25,0,0,808.445661,86.0,2872.0,2958.0,128.0,42.0,0.04456824512534819,0.014198782961460446,0.9545454545454546,0.9333333333333333,0.6722727272727272,0.009545454545454524,True,True,True,0.9777777777777777,0.9545454545454546,0.014198782961460446,0.6,1.0,-294.0,949.0,180.0,True,False,False,False,False,0.9777777777777777,-0.16129032258064516,-0.002320185614849188
current,min55_veto_impulse_3_5m_abs40_over40_sig0.5,veto; base=min55; choose=score_min_book_rv15; score_min_book_rv15>=0.55; ask<=95; sec_to_close>=120; impulse_3_5m>=40; impulse_3_5m-margin>=40; sec>=600; margin_sigma<=0.5; score<=0.82; fade_ask<=45,min55,veto,impulse_3_5m,40.0,40.0,600.0,0.5,0.82,45.0,0,307,304,205,99,0.6743421052631579,0.990228013029316,0.6197727067657183,63.0,65.04934210526316,69.0,0,0,823.435,601.0,19775.0,20376.0,725.0,124.0,0.03666245259165613,0.006085590891244602,0.40789473684210525,0.40390879478827363,0.6702631578947368,0.004078947368421071,184,181,121,60,0.6685082872928176,0.9836956521739131,0.5970521800748032,62.0,64.25414364640883,68.0,0,0,825.82,357.0,11630.0,11987.0,470.0,113.0,0.040412725709372314,0.009426879119045634,0.6243093922651933,0.6141304347826086,0.6622651933701658,0.006243093922651877,61,61,41,20,0.6721311475409836,1.0,0.5472180631353664,64.0,64.93442622950819,69.0,0,0,810.969,122.0,3961.0,4083.0,139.0,17.0,0.035092148447361776,0.004163605192260593,0.2786885245901639,0.2786885245901639,0.6693442622950819,0.002786885245901649,62,62,43,19,0.6935483870967742,1.0,0.5703278379461328,66.0,67.48387096774194,72.0,0,0,775.8155,122.0,4184.0,4306.0,116.0,-6.0,0.027724665391969407,-0.0013934045517882026,-0.0967741935483871,-0.0967741935483871,0.694516129032258,-0.000967741935483768,True,False,False,0.9836956521739131,-0.0967741935483871,-0.0013934045517882026,v21,veto; base=min55; choose=score_min_book_rv15; score_min_book_rv15>=0.55; ask<=95; sec_to_close>=120; impulse_3_5m>=40; impulse_3_5m-margin>=40; sec>=600; margin_sigma<=0.5; score<=0.82; fade_ask<=45,min55,veto,impulse_3_5m,40.0,40.0,600.0,0.5,0.82,45.0,0,221,219,154,65,0.7031963470319634,0.9909502262443439,0.6396090640789774,63.0,64.8310502283105,68.0,0,0,839.100042,430.0,14198.0,14628.0,1202.0,772.0,0.08465981124101986,0.05277549904293136,3.5251141552511416,3.493212669683258,0.6679452054794522,0.03525114155251119,132,131,94,37,0.7175572519083969,0.9924242424242424,0.6351216228521418,63.0,65.14503816793894,69.5,0,0,839.128388,257.0,8534.0,8791.0,866.0,609.0,0.10147644715256621,0.06927539529063816,4.648854961832061,4.613636363636363,0.6710687022900764,0.046488549618320496,44,44,29,15,0.6590909090909091,1.0,0.5113914121793824,62.0,63.40909090909091,66.0,0,0,809.4906965,87.0,2790.0,2877.0,110.0,23.0,0.03942652329749104,0.007994438651372959,0.5227272727272727,0.5227272727272727,0.6538636363636363,0.005227272727272747,45,44,31,13,0.7045454545454546,0.9777777777777777,0.5577979987383977,62.5,65.31818181818181,69.25,0,0,838.0694615,86.0,2874.0,2960.0,226.0,140.0,0.07863604732080724,0.0472972972972973,3.1818181818181817,3.111111111111111,0.6727272727272727,0.03181818181818186,True,True,True,0.9777777777777777,0.5227272727272727,0.007994438651372959,0.6,1.0,-294.0,896.0,174.0,True,False,False,False,False,0.9777777777777777,-0.0967741935483871,-0.0013934045517882026
current,min55_veto_impulse_3_5m_abs40_over40_sig0.75,veto; base=min55; choose=score_min_book_rv15; score_min_book_rv15>=0.55; ask<=95; sec_to_close>=120; impulse_3_5m>=40; impulse_3_5m-margin>=40; sec>=600; margin_sigma<=0.75; score<=0.82; fade_ask<=45,min55,veto,impulse_3_5m,40.0,40.0,600.0,0.75,0.82,45.0,0,307,304,205,99,0.6743421052631579,0.990228013029316,0.6197727067657183,63.0,65.03289473684211,69.0,0,0,811.0535,599.0,19770.0,20369.0,730.0,131.0,0.03692463328275165,0.006431341744808287,0.4309210526315789,0.42671009771986973,0.6700328947368421,0.004309210526315721,184,181,121,60,0.6685082872928176,0.9836956521739131,0.5970521800748032,62.0,64.1657458563536,68.0,0,0,825.4,357.0,11614.0,11971.0,486.0,129.0,0.041846047873256416,0.010776042101745886,0.712707182320442,0.7010869565217391,0.6613812154696133,0.007127071823204378,61,61,41,20,0.6721311475409836,1.0,0.5472180631353664,64.0,64.93442622950819,69.0,0,0,810.969,122.0,3961.0,4083.0,139.0,17.0,0.035092148447361776,0.004163605192260593,0.2786885245901639,0.2786885245901639,0.6693442622950819,0.002786885245901649,62,62,43,19,0.6935483870967742,1.0,0.5703278379461328,65.5,67.66129032258064,72.0,0,0,773.209,120.0,4195.0,4315.0,105.0,-15.0,0.025029797377830752,-0.0034762456546929316,-0.24193548387096775,-0.24193548387096775,0.6959677419354838,-0.0024193548387095865,True,False,False,0.9836956521739131,-0.24193548387096775,-0.0034762456546929316,v21,veto; base=min55; choose=score_min_book_rv15; score_min_book_rv15>=0.55; ask<=95; sec_to_close>=120; impulse_3_5m>=40; impulse_3_5m-margin>=40; sec>=600; margin_sigma<=0.75; score<=0.82; fade_ask<=45,min55,veto,impulse_3_5m,40.0,40.0,600.0,0.75,0.82,45.0,0,221,219,154,65,0.7031963470319634,0.9909502262443439,0.6396090640789774,62.0,64.68493150684931,68.0,0,0,839.094062,431.0,14166.0,14597.0,1234.0,803.0,0.08710998164619511,0.055011303692539565,3.6666666666666665,3.6334841628959276,0.6665296803652967,0.036666666666666736,132,131,94,37,0.7175572519083969,0.9924242424242424,0.6351216228521418,63.0,64.90076335877863,69.0,0,0,839.100042,258.0,8502.0,8760.0,898.0,640.0,0.10562220653963773,0.0730593607305936,4.885496183206107,4.848484848484849,0.6687022900763359,0.04885496183206106,44,44,29,15,0.6590909090909091,1.0,0.5113914121793824,62.0,63.40909090909091,66.0,0,0,809.4906965,87.0,2790.0,2877.0,110.0,23.0,0.03942652329749104,0.007994438651372959,0.5227272727272727,0.5227272727272727,0.6538636363636363,0.005227272727272747,45,44,31,13,0.7045454545454546,0.9777777777777777,0.5577979987383977,62.5,65.31818181818181,69.25,0,0,838.0694615,86.0,2874.0,2960.0,226.0,140.0,0.07863604732080724,0.0472972972972973,3.1818181818181817,3.111111111111111,0.6727272727272727,0.03181818181818186,True,True,True,0.9777777777777777,0.5227272727272727,0.007994438651372959,0.6,1.0,-303.0,934.0,165.0,True,False,False,False,False,0.9777777777777777,-0.24193548387096775,-0.0034762456546929316
current,regime55_fade_impulse_3_5m_abs60_over20,fade; base=regime55; choose=score_regime_blend; score_regime_blend>=0.55; ask<=95; sec_to_close>=120; impulse_3_5m>=60; impulse_3_5m-margin>=20; sec>=600; margin_sigma<=0.75; score<=0.82; fade_ask<=45,regime55,fade,impulse_3_5m,60.0,20.0,600.0,0.75,0.82,45.0,46,307,305,171,134,0.5606557377049181,0.993485342019544,0.5045444498287338,56.0,55.52459016393443,62.0,0,0,857.494,607.0,16935.0,17542.0,165.0,-442.0,0.00974313551815766,-0.025196670847109793,-1.4491803278688524,-1.4397394136807817,0.5751475409836067,-0.014491803278688598,184,182,103,79,0.5659340659340659,0.9891304347826086,0.4932994907251888,56.0,55.467032967032964,61.75,0,0,857.87,363.0,10095.0,10458.0,205.0,-158.0,0.02030708271421496,-0.015108051252629566,-0.8681318681318682,-0.8586956521739131,0.5746153846153846,-0.008681318681318717,61,61,31,30,0.5081967213114754,1.0,0.3860261849109116,58.0,58.50819672131148,65.0,0,0,853.356,122.0,3569.0,3691.0,-469.0,-591.0,-0.1314093583636873,-0.16011920888648062,-9.688524590163935,-9.688524590163935,0.6050819672131146,-0.09688524590163916,62,62,37,25,0.5967741935483871,1.0,0.47250467700400245,53.5,52.75806451612903,61.0,0,0,857.774,122.0,3271.0,3393.0,429.0,307.0,0.1311525527361663,0.09048040082522842,4.951612903225806,4.951612903225806,0.5472580645161291,0.049516129032257994,True,False,False,0.9891304347826086,-9.688524590163935,-0.16011920888648062,v21,fade; base=regime55; choose=score_regime_blend; score_regime_blend>=0.55; ask<=95; sec_to_close>=120; impulse_3_5m>=60; impulse_3_5m-margin>=20; sec>=600; margin_sigma<=0.75; score<=0.82; fade_ask<=45,regime55,fade,impulse_3_5m,60.0,20.0,600.0,0.75,0.82,45.0,39,221,219,140,79,0.639269406392694,0.9909502262443439,0.5737731393801101,55.0,55.210045662100455,62.0,0,0,858.407001,435.0,12091.0,12526.0,1909.0,1474.0,0.15788603093209824,0.1176752355101389,6.730593607305936,6.669683257918552,0.5719634703196347,0.06730593607305935,132,131,85,46,0.648854961832061,0.9924242424242424,0.563936441087627,55.0,54.221374045801525,62.0,0,0,860.197637,261.0,7103.0,7364.0,1397.0,1136.0,0.19667746022807264,0.15426398696360674,8.67175572519084,8.606060606060606,0.5621374045801527,0.08671755725190833,44,44,25,19,0.5681818181818182,1.0,0.4222414699362943,54.5,54.81818181818182,61.0,0,0,858.4671255000001,88.0,2412.0,2500.0,88.0,0.0,0.03648424543946932,0.0,0.0,0.0,0.5681818181818182,0.0,45,44,30,14,0.6818181818181818,0.9777777777777777,0.5344310393781776,57.0,58.54545454545455,63.0,0,0,858.221184,86.0,2576.0,2662.0,424.0,338.0,0.16459627329192547,0.12697220135236664,7.681818181818182,7.511111111111111,0.605,0.07681818181818179,True,False,False,0.9777777777777777,-100.0,-1.0,0.4,1.0,-446.0,1032.0,54.0,True,False,False,False,False,0.9777777777777777,-100.0,-1.0
current,mean55_veto_impulse_3_5m_abs40_over0_sig0.75,veto; base=mean55; choose=score_mean_book_rv15; score_mean_book_rv15>=0.55; ask<=95; sec_to_close>=120; impulse_3_5m>=40; impulse_3_5m-margin>=0; sec>=600; margin_sigma<=0.75; score<=0.82; fade_ask<=45,mean55,veto,impulse_3_5m,40.0,0.0,600.0,0.75,0.82,45.0,0,307,305,190,115,0.6229508196721312,0.993485342019544,0.5673485879627841,62.0,63.2983606557377,67.0,0,0,829.552,597.0,19306.0,19903.0,-306.0,-903.0,-0.01584999482026313,-0.045370044716876855,-2.960655737704918,-2.9413680781758957,0.6525573770491804,-0.029606557377049203,184,182,109,73,0.5989010989010989,0.9891304347826086,0.526361028093926,61.0,62.66483516483517,66.0,0,0,836.0385,358.0,11405.0,11763.0,-505.0,-863.0,-0.044278825076720735,-0.07336563801751254,-4.741758241758242,-4.690217391304348,0.6463186813186813,-0.04741758241758243,61,61,35,26,0.5737704918032787,1.0,0.4489523044494656,62.0,62.24590163934426,66.0,0,0,833.849,122.0,3797.0,3919.0,-297.0,-419.0,-0.07821964708980775,-0.10691502934422047,-6.868852459016393,-6.868852459016393,0.6424590163934427,-0.06868852459016406,62,62,46,16,0.7419354838709677,1.0,0.6211887265285198,63.5,66.19354838709677,69.75,0,0,770.056,117.0,4104.0,4221.0,496.0,379.0,0.12085769980506822,0.08978914949064203,6.112903225806452,6.112903225806452,0.6808064516129032,0.06112903225806454,True,False,False,0.9891304347826086,-6.868852459016393,-0.10691502934422047,v21,veto; base=mean55; choose=score_mean_book_rv15; score_mean_book_rv15>=0.55; ask<=95; sec_to_close>=120; impulse_3_5m>=40; impulse_3_5m-margin>=0; sec>=600; margin_sigma<=0.75; score<=0.82; fade_ask<=45,mean55,veto,impulse_3_5m,40.0,0.0,600.0,0.75,0.82,45.0,0,221,219,150,69,0.684931506849315,0.9909502262443439,0.6206678423653607,61.0,64.09132420091325,68.0,0,0,779.943734,422.0,14036.0,14458.0,964.0,542.0,0.06868053576517526,0.037487895974546964,2.4748858447488584,2.4524886877828056,0.6601826484018264,0.024748858447488642,132,131,92,39,0.7022900763358778,0.9924242424242424,0.6191346229115295,61.0,64.56488549618321,69.5,0,0,779.835631,250.0,8458.0,8708.0,742.0,492.0,0.08772759517616457,0.056499770326136886,3.7557251908396947,3.727272727272727,0.6647328244274809,0.03755725190839687,44,44,28,16,0.6363636363636364,1.0,0.48866376879043444,62.0,62.65909090909091,64.25,0,0,779.7111965,86.0,2757.0,2843.0,43.0,-43.0,0.015596663039535727,-0.015124868097080548,-0.9772727272727273,-0.9772727272727273,0.6461363636363636,-0.009772727272727266,45,44,30,14,0.6818181818181818,0.9777777777777777,0.5344310393781776,61.0,64.11363636363636,69.25,0,0,839.359927,86.0,2821.0,2907.0,179.0,93.0,0.06345267635590217,0.03199174406604747,2.1136363636363638,2.066666666666667,0.6606818181818181,0.02113636363636362,True,False,False,0.9777777777777777,-0.9772727272727273,-0.015124868097080548,0.4,1.0,-528.0,-361.0,10.0,True,False,False,False,False,0.9777777777777777,-6.868852459016393,-0.10691502934422047
current,regime55_fade_impulse_3_5m_abs60_over40,fade; base=regime55; choose=score_regime_blend; score_regime_blend>=0.55; ask<=95; sec_to_close>=120; impulse_3_5m>=60; impulse_3_5m-margin>=40; sec>=600; margin_sigma<=0.75; score<=0.82; fade_ask<=45,regime55,fade,impulse_3_5m,60.0,40.0,600.0,0.75,0.82,45.0,43,307,305,170,135,0.5573770491803278,0.993485342019544,0.5012636227354222,56.0,55.75409836065574,62.0,0,0,857.749,607.0,17005.0,17612.0,-5.0,-612.0,-0.00029403116730373417,-0.03474903474903475,-2.0065573770491802,-1.993485342019544,0.5774426229508197,-0.020065573770491896,184,182,102,80,0.5604395604395604,0.9891304347826086,0.48782001832455435,56.0,55.67032967032967,61.75,0,0,857.9870000000001,363.0,10132.0,10495.0,68.0,-295.0,0.006711409395973154,-0.0281086231538828,-1.620879120879121,-1.6032608695652173,0.5766483516483516,-0.01620879120879115,61,61,31,30,0.5081967213114754,1.0,0.3860261849109116,58.0,59.049180327868854,65.0,0,0,854.556,122.0,3602.0,3724.0,-502.0,-624.0,-0.1393670183231538,-0.16756176154672395,-10.229508196721312,-10.229508196721312,0.6104918032786885,-0.10229508196721304,62,62,37,25,0.5967741935483871,1.0,0.47250467700400245,53.5,52.75806451612903,61.0,0,0,857.774,122.0,3271.0,3393.0,429.0,307.0,0.1311525527361663,0.09048040082522842,4.951612903225806,4.951612903225806,0.5472580645161291,0.049516129032257994,True,False,False,0.9891304347826086,-10.229508196721312,-0.16756176154672395,v21,fade; base=regime55; choose=score_regime_blend; score_regime_blend>=0.55; ask<=95; sec_to_close>=120; impulse_3_5m>=60; impulse_3_5m-margin>=40; sec>=600; margin_sigma<=0.75; score<=0.82; fade_ask<=45,regime55,fade,impulse_3_5m,60.0,40.0,600.0,0.75,0.82,45.0,29,221,219,138,81,0.6301369863013698,0.9909502262443439,0.5644687047698609,57.0,56.397260273972606,62.0,0,0,859.492121,435.0,12351.0,12786.0,1449.0,1014.0,0.11731843575418995,0.07930549038010323,4.63013698630137,4.588235294117647,0.5838356164383561,0.0463013698630137,132,131,83,48,0.6335877862595419,0.9924242424242424,0.5483679187154883,57.0,56.045801526717554,63.5,0,0,860.776277,261.0,7342.0,7603.0,958.0,697.0,0.13048215745028602,0.09167433907668025,5.320610687022901,5.28030303030303,0.580381679389313,0.053206106870228975,44,44,25,19,0.5681818181818182,1.0,0.4222414699362943,54.5,54.81818181818182,61.0,0,0,858.4671255000001,88.0,2412.0,2500.0,88.0,0.0,0.03648424543946932,0.0,0.0,0.0,0.5681818181818182,0.0,45,44,30,14,0.6818181818181818,0.9777777777777777,0.5344310393781776,57.5,59.02272727272727,63.0,0,0,858.221184,86.0,2597.0,2683.0,403.0,317.0,0.15517905275317675,0.11815132314573239,7.204545454545454,7.044444444444444,0.6097727272727272,0.07204545454545452,True,False,False,0.9777777777777777,-100.0,-1.0,0.3333333333333333,1.0,-444.0,402.0,0.0,True,False,False,False,False,0.9777777777777777,-100.0,-1.0
current,mean55_veto_signed_move_5m_abs60_over40_sig0.75,veto; base=mean55; choose=score_mean_book_rv15; score_mean_book_rv15>=0.55; ask<=95; sec_to_close>=120; signed_move_5m>=60; signed_move_5m-margin>=40; sec>=600; margin_sigma<=0.75; score<=0.82; fade_ask<=45,mean55,veto,signed_move_5m,60.0,40.0,600.0,0.75,0.82,45.0,0,307,305,190,115,0.6229508196721312,0.993485342019544,0.5673485879627841,61.0,62.17377049180328,66.0,0,0,839.2,604.0,18963.0,19567.0,37.0,-567.0,0.0019511680641248748,-0.02897735984054786,-1.859016393442623,-1.8469055374592833,0.6415409836065573,-0.01859016393442614,184,182,112,70,0.6153846153846154,0.9891304347826086,0.5430128030749768,61.0,61.532967032967036,64.75,0,0,840.26,361.0,11199.0,11560.0,1.0,-360.0,8.92936869363336e-05,-0.031141868512110725,-1.978021978021978,-1.9565217391304348,0.6351648351648351,-0.01978021978021971,61,61,35,26,0.5737704918032787,1.0,0.4489523044494656,62.0,62.39344262295082,66.0,0,0,839.2,122.0,3806.0,3928.0,-306.0,-428.0,-0.08039936941671046,-0.10896130346232179,-7.016393442622951,-7.016393442622951,0.6439344262295082,-0.07016393442622959,62,62,43,19,0.6935483870967742,1.0,0.5703278379461328,62.0,63.83870967741935,66.0,0,0,835.4025,121.0,3958.0,4079.0,342.0,221.0,0.08640727640222334,0.054179946065212065,3.564516129032258,3.564516129032258,0.6579032258064516,0.03564516129032269,True,False,False,0.9891304347826086,-7.016393442622951,-0.10896130346232179,v21,veto; base=mean55; choose=score_mean_book_rv15; score_mean_book_rv15>=0.55; ask<=95; sec_to_close>=120; signed_move_5m>=60; signed_move_5m-margin>=40; sec>=600; margin_sigma<=0.75; score<=0.82; fade_ask<=45,mean55,veto,signed_move_5m,60.0,40.0,600.0,0.75,0.82,45.0,0,221,219,149,70,0.680365296803653,0.9909502262443439,0.6159494431339545,61.0,62.29680365296804,65.5,0,0,839.507279,434.0,13643.0,14077.0,1257.0,823.0,0.09213516088836766,0.05846416139802515,3.7579908675799087,3.723981900452489,0.6427853881278538,0.03757990867579919,132,131,91,40,0.6946564885496184,0.9924242424242424,0.6111785725988003,61.0,62.045801526717554,65.0,0,0,839.479045,260.0,8128.0,8388.0,972.0,712.0,0.11958661417322834,0.08488316642823081,5.435114503816794,5.393939393939394,0.6403053435114503,0.05435114503816807,44,44,26,18,0.5909090909090909,1.0,0.444097537410319,61.0,61.11363636363637,64.25,0,0,839.775473,88.0,2689.0,2777.0,-89.0,-177.0,-0.033097805875790254,-0.06373784659704718,-4.0227272727272725,-4.0227272727272725,0.6311363636363636,-0.04022727272727267,45,44,32,12,0.7272727272727273,0.9777777777777777,0.581511269075488,61.0,64.22727272727273,69.25,0,0,839.4754245,86.0,2826.0,2912.0,374.0,288.0,0.13234253361641896,0.0989010989010989,6.545454545454546,6.4,0.6618181818181817,0.06545454545454554,True,False,False,0.9777777777777777,-4.0227272727272725,-0.06373784659704718,0.4666666666666667,1.0,-425.0,256.0,-96.0,True,False,False,False,False,0.9777777777777777,-7.016393442622951,-0.10896130346232179
current,book55_margin_veto_impulse_3_5m_abs40_over0_sig0.75,veto; base=book55_margin; choose=book_p_side; book_p_side>=0.55; ask<=95; sec_to_close>=120; margin_rv15>=0; impulse_3_5m>=40; impulse_3_5m-margin>=0; sec>=600; margin_sigma<=0.75; score<=0.82; fade_ask<=45,book55_margin,veto,impulse_3_5m,40.0,0.0,600.0,0.75,0.82,45.0,0,307,305,195,110,0.639344262295082,0.993485342019544,0.5840287495567299,61.0,63.498360655737706,67.0,0,0,824.071,592.0,19367.0,19959.0,133.0,-459.0,0.006867351680693964,-0.02299714414549827,-1.5049180327868852,-1.495114006514658,0.6543934426229507,-0.015049180327868728,184,182,114,68,0.6263736263736264,0.9891304347826086,0.5541599417576814,61.0,63.137362637362635,66.0,0,0,824.836,354.0,11491.0,11845.0,-91.0,-445.0,-0.007919241145244104,-0.0375685943436049,-2.4450549450549453,-2.4184782608695654,0.650824175824176,-0.024450549450549586,61,61,35,26,0.5737704918032787,1.0,0.4489523044494656,60.0,62.42622950819672,67.0,0,0,829.552,122.0,3808.0,3930.0,-308.0,-430.0,-0.08088235294117647,-0.10941475826972011,-7.049180327868853,-7.049180327868853,0.6442622950819672,-0.07049180327868854,62,62,46,16,0.7419354838709677,1.0,0.6211887265285198,62.0,65.61290322580645,69.0,0,0,770.056,116.0,4068.0,4184.0,532.0,416.0,0.13077679449360866,0.0994263862332696,6.709677419354839,6.709677419354839,0.6748387096774194,0.06709677419354831,True,False,False,0.9891304347826086,-7.049180327868853,-0.10941475826972011,v21,veto; base=book55_margin; choose=book_p_side; book_p_side>=0.55; ask<=95; sec_to_close>=120; margin_rv15>=0; impulse_3_5m>=40; impulse_3_5m-margin>=0; sec>=600; margin_sigma<=0.75; score<=0.82; fade_ask<=45,book55_margin,veto,impulse_3_5m,40.0,0.0,600.0,0.75,0.82,45.0,0,221,219,146,73,0.6666666666666666,0.9909502262443439,0.6018336017727641,61.0,64.34246575342466,67.0,0,0,779.67805,422.0,14091.0,14513.0,509.0,87.0,0.03612234759775743,0.005994625508165093,0.3972602739726027,0.3936651583710407,0.6626940639269407,0.003972602739725883,132,131,89,42,0.6793893129770993,0.9924242424242424,0.5953388097642381,61.0,64.70992366412214,68.5,0,0,779.67805,250.0,8477.0,8727.0,423.0,173.0,0.049899728677598204,0.01982353615217142,1.3206106870229009,1.3106060606060606,0.6661832061068703,0.01320610687022894,44,44,29,15,0.6590909090909091,1.0,0.5113914121793824,62.0,63.25,65.25,0,0,779.5383495,86.0,2783.0,2869.0,117.0,31.0,0.04204096298957959,0.010805158591843849,0.7045454545454546,0.7045454545454546,0.6520454545454545,0.007045454545454577,45,44,28,16,0.6363636363636364,0.9777777777777777,0.48866376879043444,61.5,64.3409090909091,68.0,0,0,779.8494774999999,86.0,2831.0,2917.0,-31.0,-117.0,-0.01095019427764041,-0.04010970174837161,-2.659090909090909,-2.6,0.6629545454545455,-0.02659090909090911,True,False,False,0.9777777777777777,-2.659090909090909,-0.04010970174837161,0.45454545454545453,1.0,-462.0,-372.0,-100.0,True,False,False,False,False,0.9777777777777777,-7.049180327868853,-0.10941475826972011
current,mean55_veto_impulse_3_5m_abs60_over0_sig0.75,veto; base=mean55; choose=score_mean_book_rv15; score_mean_book_rv15>=0.55; ask<=95; sec_to_close>=120; impulse_3_5m>=60; impulse_3_5m-margin>=0; sec>=600; margin_sigma<=0.75; score<=0.82; fade_ask<=45,mean55,veto,impulse_3_5m,60.0,0.0,600.0,0.75,0.82,45.0,0,307,305,191,114,0.6262295081967213,0.993485342019544,0.5706793708842295,61.0,62.544262295081964,66.0,0,0,837.347,601.0,19076.0,19677.0,24.0,-577.0,0.0012581253931641854,-0.02932357574833562,-1.8918032786885246,-1.8794788273615635,0.6451475409836065,-0.018918032786885197,184,182,112,70,0.6153846153846154,0.9891304347826086,0.5430128030749768,61.0,61.895604395604394,65.0,0,0,839.569,360.0,11265.0,11625.0,-65.0,-425.0,-0.005770084332001775,-0.03655913978494624,-2.3351648351648353,-2.3097826086956523,0.6387362637362637,-0.02335164835164827,61,61,35,26,0.5737704918032787,1.0,0.4489523044494656,62.0,62.36065573770492,66.0,0,0,835.087,122.0,3804.0,3926.0,-304.0,-426.0,-0.07991587802313355,-0.10850738665308202,-6.983606557377049,-6.983606557377049,0.6436065573770493,-0.06983606557377064,62,62,44,18,0.7096774193548387,1.0,0.5871235426501359,62.0,64.62903225806451,68.0,0,0,818.8485000000001,119.0,4007.0,4126.0,393.0,274.0,0.09807836286498628,0.0664081434803684,4.419354838709677,4.419354838709677,0.6654838709677419,0.04419354838709688,True,False,False,0.9891304347826086,-6.983606557377049,-0.10850738665308202,v21,veto; base=mean55; choose=score_mean_book_rv15; score_mean_book_rv15>=0.55; ask<=95; sec_to_close>=120; impulse_3_5m>=60; impulse_3_5m-margin>=0; sec>=600; margin_sigma<=0.75; score<=0.82; fade_ask<=45,mean55,veto,impulse_3_5m,60.0,0.0,600.0,0.75,0.82,45.0,0,221,219,151,68,0.6894977168949772,0.9909502262443439,0.6253929236943662,61.0,62.56164383561644,65.0,0,0,839.474532,430.0,13701.0,14131.0,1399.0,969.0,0.10210933508503028,0.06857264170971622,4.424657534246576,4.384615384615385,0.6452511415525114,0.04424657534246579,132,131,94,37,0.7175572519083969,0.9924242424242424,0.6351216228521418,61.0,62.770992366412216,65.0,0,0,839.375566,256.0,8223.0,8479.0,1177.0,921.0,0.14313510884105557,0.10862129968156622,7.030534351145038,6.9772727272727275,0.6472519083969465,0.07030534351145046,44,44,26,18,0.5909090909090909,1.0,0.444097537410319,60.5,60.31818181818182,64.0,0,0,839.775473,88.0,2654.0,2742.0,-54.0,-142.0,-0.020346646571213264,-0.051787016776075855,-3.227272727272727,-3.227272727272727,0.6231818181818182,-0.03227272727272723,45,44,31,13,0.7045454545454546,0.9777777777777777,0.5577979987383977,61.0,64.18181818181819,69.25,0,0,839.4210035000001,86.0,2824.0,2910.0,276.0,190.0,0.09773371104815864,0.06529209621993128,4.318181818181818,4.222222222222222,0.6613636363636364,0.04318181818181821,True,False,False,0.9777777777777777,-3.227272727272727,-0.051787016776075855,0.4666666666666667,1.0,-422.0,392.0,-104.0,True,False,False,False,False,0.9777777777777777,-6.983606557377049,-0.10850738665308202
current,mean55_baseline,baseline; base=mean55; choose=score_mean_book_rv15; score_mean_book_rv15>=0.55; ask<=95; sec_to_close>=120; impulse_3_5m>=10000; impulse_3_5m-margin>=10000; sec>=120; margin_sigma<=10000; score<=1; fade_ask<=45,mean55,baseline,impulse_3_5m,10000.0,10000.0,120.0,10000.0,1.0,45.0,0,307,305,190,115,0.6229508196721312,0.993485342019544,0.5673485879627841,61.0,61.665573770491804,65.0,0,0,847.098,607.0,18808.0,19415.0,192.0,-415.0,0.010208421948107189,-0.021375225341231006,-1.360655737704918,-1.3517915309446253,0.6365573770491803,-0.013606557377049078,184,182,113,69,0.6208791208791209,0.9891304347826086,0.5485817285674833,60.5,60.956043956043956,64.0,0,0,849.3105,363.0,11094.0,11457.0,206.0,-157.0,0.018568595637281412,-0.013703412760757615,-0.8626373626373627,-0.8532608695652174,0.6295054945054944,-0.008626373626373529,61,61,35,26,0.5737704918032787,1.0,0.4489523044494656,62.0,62.22950819672131,66.0,0,0,843.386,122.0,3796.0,3918.0,-296.0,-418.0,-0.0779768177028451,-0.1066870852475753,-6.852459016393443,-6.852459016393443,0.6422950819672131,-0.06852459016393442,62,62,42,20,0.6774193548387096,1.0,0.5536808809284809,61.0,63.193548387096776,66.0,0,0,851.269,122.0,3918.0,4040.0,282.0,160.0,0.07197549770290965,0.039603960396039604,2.5806451612903225,2.5806451612903225,0.6516129032258066,0.02580645161290307,True,False,False,0.9891304347826086,-6.852459016393443,-0.1066870852475753,v21,baseline; base=mean55; choose=score_mean_book_rv15; score_mean_book_rv15>=0.55; ask<=95; sec_to_close>=120; impulse_3_5m>=10000; impulse_3_5m-margin>=10000; sec>=120; margin_sigma<=10000; score<=1; fade_ask<=45,mean55,baseline,impulse_3_5m,10000.0,10000.0,120.0,10000.0,1.0,45.0,0,221,219,148,71,0.6757990867579908,0.9909502262443439,0.6112376507734046,61.0,62.17351598173516,65.0,0,0,839.705236,434.0,13616.0,14050.0,1184.0,750.0,0.08695652173913043,0.05338078291814947,3.4246575342465753,3.3936651583710407,0.6415525114155252,0.03424657534246567,132,131,90,41,0.6870229007633588,0.9924242424242424,0.6032467934308663,61.0,62.05343511450382,65.0,0,0,839.799537,260.0,8129.0,8389.0,871.0,611.0,0.10714725058432771,0.07283347240433902,4.66412213740458,4.628787878787879,0.640381679389313,0.046641221374045805,44,44,26,18,0.5909090909090909,1.0,0.444097537410319,60.5,60.47727272727273,64.0,0,0,848.4973540000001,88.0,2661.0,2749.0,-61.0,-149.0,-0.022923712889891017,-0.0542015278283012,-3.3863636363636362,-3.3863636363636362,0.6247727272727274,-0.03386363636363643,45,44,32,12,0.7272727272727273,0.9777777777777777,0.581511269075488,61.0,64.22727272727273,69.25,0,0,839.4754245,86.0,2826.0,2912.0,374.0,288.0,0.13234253361641896,0.0989010989010989,6.545454545454546,6.4,0.6618181818181817,0.06545454545454554,True,False,False,0.9777777777777777,-3.3863636363636362,-0.0542015278283012,0.5333333333333333,1.0,-425.0,335.0,-119.0,True,False,False,False,False,0.9777777777777777,-6.852459016393443,-0.1066870852475753
current,mean55_veto_impulse_3_5m_abs40_over0_sig0.5,veto; base=mean55; choose=score_mean_book_rv15; score_mean_book_rv15>=0.55; ask<=95; sec_to_close>=120; impulse_3_5m>=40; impulse_3_5m-margin>=0; sec>=600; margin_sigma<=0.5; score<=0.82; fade_ask<=45,mean55,veto,impulse_3_5m,40.0,0.0,600.0,0.5,0.82,45.0,0,307,305,189,116,0.6196721311475409,0.993485342019544,0.5640204021636381,62.0,63.03934426229508,67.0,0,0,832.015,603.0,19227.0,19830.0,-327.0,-930.0,-0.017007333437353722,-0.046898638426626324,-3.0491803278688523,-3.029315960912052,0.6501639344262296,-0.03049180327868861,184,182,110,72,0.6043956043956044,0.9891304347826086,0.5319025209670133,61.0,62.434065934065934,66.0,0,0,836.375,359.0,11363.0,11722.0,-363.0,-722.0,-0.031945788964181994,-0.0615935847125064,-3.967032967032967,-3.9239130434782608,0.644065934065934,-0.039670329670329685,61,61,35,26,0.5737704918032787,1.0,0.4489523044494656,62.0,62.24590163934426,66.0,0,0,833.849,122.0,3797.0,3919.0,-297.0,-419.0,-0.07821964708980775,-0.10691502934422047,-6.868852459016393,-6.868852459016393,0.6424590163934427,-0.06868852459016406,62,62,44,18,0.7096774193548387,1.0,0.5871235426501359,65.0,65.59677419354838,70.0,0,0,809.9455,122.0,4067.0,4189.0,333.0,211.0,0.08187853454634866,0.050370016710432085,3.403225806451613,3.403225806451613,0.6756451612903226,0.03403225806451615,True,False,False,0.9891304347826086,-6.868852459016393,-0.10691502934422047,v21,veto; base=mean55; choose=score_mean_book_rv15; score_mean_book_rv15>=0.55; ask<=95; sec_to_close>=120; impulse_3_5m>=40; impulse_3_5m-margin>=0; sec>=600; margin_sigma<=0.5; score<=0.82; fade_ask<=45,mean55,veto,impulse_3_5m,40.0,0.0,600.0,0.5,0.82,45.0,0,221,219,149,70,0.680365296803653,0.9909502262443439,0.6159494431339545,62.0,64.00913242009132,69.0,0,0,839.094062,426.0,14018.0,14444.0,882.0,456.0,0.06291910400913112,0.031570202160066466,2.0821917808219177,2.063348416289593,0.6595433789954338,0.02082191780821918,132,131,91,40,0.6946564885496184,0.9924242424242424,0.6111785725988003,62.0,64.56488549618321,70.0,0,0,839.128388,253.0,8458.0,8711.0,642.0,389.0,0.07590446914164105,0.04465618183905407,2.969465648854962,2.946969696969697,0.6649618320610688,0.02969465648854952,44,44,28,16,0.6363636363636364,1.0,0.48866376879043444,62.0,62.25,65.25,0,0,779.8297090000001,87.0,2739.0,2826.0,61.0,-26.0,0.02227090178897408,-0.009200283085633405,-0.5909090909090909,-0.5909090909090909,0.6422727272727272,-0.005909090909090864,45,44,30,14,0.6818181818181818,0.9777777777777777,0.5344310393781776,61.0,64.11363636363636,69.25,0,0,839.359927,86.0,2821.0,2907.0,179.0,93.0,0.06345267635590217,0.03199174406604747,2.1136363636363638,2.066666666666667,0.6606818181818181,0.02113636363636362,True,False,False,0.9777777777777777,-0.5909090909090909,-0.009200283085633405,0.4,1.0,-528.0,-474.0,-141.0,True,False,False,False,False,0.9777777777777777,-6.868852459016393,-0.10691502934422047
current,regime55_fade_signed_move_5m_abs60_over20,fade; base=regime55; choose=score_regime_blend; score_regime_blend>=0.55; ask<=95; sec_to_close>=120; signed_move_5m>=60; signed_move_5m-margin>=20; sec>=600; margin_sigma<=0.75; score<=0.82; fade_ask<=45,regime55,fade,signed_move_5m,60.0,20.0,600.0,0.75,0.82,45.0,39,307,305,169,136,0.5540983606557377,0.993485342019544,0.4979852105869373,56.0,55.79344262295082,62.0,0,0,857.749,607.0,17017.0,17624.0,-117.0,-724.0,-0.006875477463712758,-0.041080344984112574,-2.3737704918032785,-2.3583061889250816,0.5778360655737705,-0.023737704918032843,184,182,101,81,0.554945054945055,0.9891304347826086,0.48234923344870784,56.0,55.44505494505494,61.0,0,0,857.9870000000001,363.0,10091.0,10454.0,9.0,-354.0,0.00089188385690219,-0.03386263631145973,-1.945054945054945,-1.923913043478261,0.5743956043956043,-0.01945054945054936,61,61,31,30,0.5081967213114754,1.0,0.3860261849109116,58.0,58.47540983606557,65.0,0,0,854.556,122.0,3567.0,3689.0,-467.0,-589.0,-0.13092234370619568,-0.15966386554621848,-9.655737704918034,-9.655737704918034,0.6047540983606556,-0.09655737704918022,62,62,37,25,0.5967741935483871,1.0,0.47250467700400245,55.5,54.17741935483871,61.0,0,0,857.774,122.0,3359.0,3481.0,341.0,219.0,0.10151830902054183,0.0629129560471129,3.532258064516129,3.532258064516129,0.5614516129032259,0.03532258064516125,True,False,False,0.9891304347826086,-9.655737704918034,-0.15966386554621848,v21,fade; base=regime55; choose=score_regime_blend; score_regime_blend>=0.55; ask<=95; sec_to_close>=120; signed_move_5m>=60; signed_move_5m-margin>=20; sec>=600; margin_sigma<=0.75; score<=0.82; fade_ask<=45,regime55,fade,signed_move_5m,60.0,20.0,600.0,0.75,0.82,45.0,28,221,219,140,79,0.639269406392694,0.9909502262443439,0.5737731393801101,56.0,56.18721461187214,62.0,0,0,860.416019,435.0,12305.0,12740.0,1695.0,1260.0,0.13774888256806175,0.0989010989010989,5.7534246575342465,5.701357466063349,0.5817351598173517,0.05753424657534234,132,131,86,45,0.6564885496183206,0.9924242424242424,0.5717533635235359,56.0,55.770992366412216,63.0,0,0,861.833808,261.0,7306.0,7567.0,1294.0,1033.0,0.17711470024637285,0.13651380996431875,7.885496183206107,7.825757575757576,0.5776335877862594,0.0788549618320612,44,44,24,20,0.5454545454545454,1.0,0.40066183198961974,54.5,55.06818181818182,61.0,0,0,860.2086234999999,88.0,2423.0,2511.0,-23.0,-111.0,-0.009492364836978951,-0.04420549581839905,-2.522727272727273,-2.522727272727273,0.5706818181818182,-0.025227272727272765,45,44,30,14,0.6818181818181818,0.9777777777777777,0.5344310393781776,57.0,58.54545454545455,63.0,0,0,858.221184,86.0,2576.0,2662.0,424.0,338.0,0.16459627329192547,0.12697220135236664,7.681818181818182,7.511111111111111,0.605,0.07681818181818179,True,False,False,0.9777777777777777,-2.522727272727273,-0.04420549581839905,0.4,1.0,-444.0,536.0,-143.0,True,False,False,False,False,0.9777777777777777,-9.655737704918034,-0.15966386554621848
current,mean55_veto_signed_move_5m_abs80_over0_sig0.5,veto; base=mean55; choose=score_mean_book_rv15; score_mean_book_rv15>=0.55; ask<=95; sec_to_close>=120; signed_move_5m>=80; signed_move_5m-margin>=0; sec>=600; margin_sigma<=0.5; score<=0.82; fade_ask<=45,mean55,veto,signed_move_5m,80.0,0.0,600.0,0.5,0.82,45.0,0,307,305,189,116,0.6196721311475409,0.993485342019544,0.5640204021636381,61.0,61.940983606557374,65.0,0,0,840.962,606.0,18892.0,19498.0,8.0,-598.0,0.0004234596654668643,-0.03066981228843984,-1.960655737704918,-1.9478827361563518,0.6392786885245902,-0.019606557377049305,184,182,112,70,0.6153846153846154,0.9891304347826086,0.5430128030749768,61.0,61.27472527472528,64.0,0,0,841.8254999999999,362.0,11152.0,11514.0,48.0,-314.0,0.00430416068866571,-0.027271148167448325,-1.7252747252747254,-1.7065217391304348,0.6326373626373626,-0.01725274725274717,61,61,35,26,0.5737704918032787,1.0,0.4489523044494656,62.0,62.39344262295082,66.0,0,0,839.2,122.0,3806.0,3928.0,-306.0,-428.0,-0.08039936941671046,-0.10896130346232179,-7.016393442622951,-7.016393442622951,0.6439344262295082,-0.07016393442622959,62,62,42,20,0.6774193548387096,1.0,0.5536808809284809,61.5,63.45161290322581,66.0,0,0,839.267,122.0,3934.0,4056.0,266.0,144.0,0.06761565836298933,0.03550295857988166,2.3225806451612905,2.3225806451612905,0.6541935483870968,0.023225806451612874,True,False,False,0.9891304347826086,-7.016393442622951,-0.10896130346232179,v21,veto; base=mean55; choose=score_mean_book_rv15; score_mean_book_rv15>=0.55; ask<=95; sec_to_close>=120; signed_move_5m>=80; signed_move_5m-margin>=0; sec>=600; margin_sigma<=0.5; score<=0.82; fade_ask<=45,mean55,veto,signed_move_5m,80.0,0.0,600.0,0.5,0.82,45.0,0,221,219,148,71,0.6757990867579908,0.9909502262443439,0.6112376507734046,61.0,62.31506849315068,65.0,0,0,839.579669,433.0,13647.0,14080.0,1153.0,720.0,0.08448743313548765,0.05113636363636364,3.287671232876712,3.257918552036199,0.6429223744292238,0.03287671232876699,132,131,90,41,0.6870229007633588,0.9924242424242424,0.6032467934308663,61.0,62.30534351145038,65.0,0,0,839.522336,259.0,8162.0,8421.0,838.0,579.0,0.10267091399166871,0.0687566797292483,4.419847328244275,4.386363636363637,0.6428244274809161,0.04419847328244275,44,44,26,18,0.5909090909090909,1.0,0.444097537410319,60.5,60.43181818181818,64.0,0,0,839.775473,88.0,2659.0,2747.0,-59.0,-147.0,-0.022188792779240317,-0.05351292318893338,-3.340909090909091,-3.340909090909091,0.6243181818181818,-0.03340909090909083,45,44,32,12,0.7272727272727273,0.9777777777777777,0.581511269075488,61.0,64.22727272727273,69.25,0,0,839.4754245,86.0,2826.0,2912.0,374.0,288.0,0.13234253361641896,0.0989010989010989,6.545454545454546,6.4,0.6618181818181817,0.06545454545454554,True,False,False,0.9777777777777777,-3.340909090909091,-0.05351292318893338,0.4666666666666667,1.0,-425.0,122.0,-143.0,True,False,False,False,False,0.9777777777777777,-7.016393442622951,-0.10896130346232179
current,mean55_veto_signed_move_5m_abs80_over0_sig0.75,veto; base=mean55; choose=score_mean_book_rv15; score_mean_book_rv15>=0.55; ask<=95; sec_to_close>=120; signed_move_5m>=80; signed_move_5m-margin>=0; sec>=600; margin_sigma<=0.75; score<=0.82; fade_ask<=45,mean55,veto,signed_move_5m,80.0,0.0,600.0,0.75,0.82,45.0,0,307,305,189,116,0.6196721311475409,0.993485342019544,0.5640204021636381,61.0,61.950819672131146,65.0,0,0,840.771,606.0,18895.0,19501.0,5.0,-601.0,0.0002646202699126753,-0.03081893236244295,-1.9704918032786884,-1.9576547231270358,0.6393770491803279,-0.019704918032786956,184,182,112,70,0.6153846153846154,0.9891304347826086,0.5430128030749768,61.0,61.25824175824176,64.0,0,0,841.8254999999999,362.0,11149.0,11511.0,51.0,-311.0,0.004574401291595659,-0.02701763530536009,-1.7087912087912087,-1.690217391304348,0.6324725274725275,-0.01708791208791205,61,61,35,26,0.5737704918032787,1.0,0.4489523044494656,62.0,62.39344262295082,66.0,0,0,839.2,122.0,3806.0,3928.0,-306.0,-428.0,-0.08039936941671046,-0.10896130346232179,-7.016393442622951,-7.016393442622951,0.6439344262295082,-0.07016393442622959,62,62,42,20,0.6774193548387096,1.0,0.5536808809284809,62.0,63.54838709677419,66.0,0,0,837.941,122.0,3940.0,4062.0,260.0,138.0,0.06598984771573604,0.033973412112259974,2.225806451612903,2.225806451612903,0.6551612903225806,0.022258064516128995,True,False,False,0.9891304347826086,-7.016393442622951,-0.10896130346232179,v21,veto; base=mean55; choose=score_mean_book_rv15; score_mean_book_rv15>=0.55; ask<=95; sec_to_close>=120; signed_move_5m>=80; signed_move_5m-margin>=0; sec>=600; margin_sigma<=0.75; score<=0.82; fade_ask<=45,mean55,veto,signed_move_5m,80.0,0.0,600.0,0.75,0.82,45.0,0,221,219,148,71,0.6757990867579908,0.9909502262443439,0.6112376507734046,61.0,62.17351598173516,65.0,0,0,839.522336,433.0,13616.0,14049.0,1184.0,751.0,0.08695652173913043,0.053455761975941346,3.4292237442922375,3.3981900452488687,0.6415068493150685,0.03429223744292231,132,131,90,41,0.6870229007633588,0.9924242424242424,0.6032467934308663,61.0,62.06870229007634,65.0,0,0,839.507279,259.0,8131.0,8390.0,869.0,610.0,0.10687492313368589,0.07270560190703218,4.656488549618321,4.621212121212121,0.6404580152671756,0.046564885496183206,44,44,26,18,0.5909090909090909,1.0,0.444097537410319,60.5,60.43181818181818,64.0,0,0,839.775473,88.0,2659.0,2747.0,-59.0,-147.0,-0.022188792779240317,-0.05351292318893338,-3.340909090909091,-3.340909090909091,0.6243181818181818,-0.03340909090909083,45,44,32,12,0.7272727272727273,0.9777777777777777,0.581511269075488,61.0,64.22727272727273,69.25,0,0,839.4754245,86.0,2826.0,2912.0,374.0,288.0,0.13234253361641896,0.0989010989010989,6.545454545454546,6.4,0.6618181818181817,0.06545454545454554,True,False,False,0.9777777777777777,-3.340909090909091,-0.05351292318893338,0.4666666666666667,1.0,-425.0,150.0,-149.0,True,False,False,False,False,0.9777777777777777,-7.016393442622951,-0.10896130346232179
current,mean55_veto_signed_move_5m_abs80_over40_sig0.5,veto; base=mean55; choose=score_mean_book_rv15; score_mean_book_rv15>=0.55; ask<=95; sec_to_close>=120; signed_move_5m>=80; signed_move_5m-margin>=40; sec>=600; margin_sigma<=0.5; score<=0.82; fade_ask<=45,mean55,veto,signed_move_5m,80.0,40.0,600.0,0.5,0.82,45.0,0,307,305,189,116,0.6196721311475409,0.993485342019544,0.5640204021636381,61.0,61.980327868852456,65.0,0,0,840.962,606.0,18904.0,19510.0,-4.0,-610.0,-0.00021159542953872197,-0.031266017426960536,-2.0,-1.986970684039088,0.639672131147541,-0.020000000000000018,184,182,112,70,0.6153846153846154,0.9891304347826086,0.5430128030749768,61.0,61.34065934065934,64.0,0,0,841.8254999999999,362.0,11164.0,11526.0,36.0,-326.0,0.0032246506628448583,-0.028283879923650876,-1.7912087912087913,-1.7717391304347827,0.6332967032967033,-0.01791208791208787,61,61,35,26,0.5737704918032787,1.0,0.4489523044494656,62.0,62.39344262295082,66.0,0,0,839.2,122.0,3806.0,3928.0,-306.0,-428.0,-0.08039936941671046,-0.10896130346232179,-7.016393442622951,-7.016393442622951,0.6439344262295082,-0.07016393442622959,62,62,42,20,0.6774193548387096,1.0,0.5536808809284809,61.5,63.45161290322581,66.0,0,0,839.267,122.0,3934.0,4056.0,266.0,144.0,0.06761565836298933,0.03550295857988166,2.3225806451612905,2.3225806451612905,0.6541935483870968,0.023225806451612874,True,False,False,0.9891304347826086,-7.016393442622951,-0.10896130346232179,v21,veto; base=mean55; choose=score_mean_book_rv15; score_mean_book_rv15>=0.55; ask<=95; sec_to_close>=120; signed_move_5m>=80; signed_move_5m-margin>=40; sec>=600; margin_sigma<=0.5; score<=0.82; fade_ask<=45,mean55,veto,signed_move_5m,80.0,40.0,600.0,0.5,0.82,45.0,0,221,219,148,71,0.6757990867579908,0.9909502262443439,0.6112376507734046,61.0,62.29223744292238,65.0,0,0,839.579669,434.0,13642.0,14076.0,1158.0,724.0,0.08488491423544935,0.051435066780335326,3.3059360730593608,3.276018099547511,0.6427397260273973,0.03305936073059357,132,131,90,41,0.6870229007633588,0.9924242424242424,0.6032467934308663,61.0,62.13740458015267,65.0,0,0,839.522336,260.0,8140.0,8400.0,860.0,600.0,0.10565110565110565,0.07142857142857142,4.580152671755725,4.545454545454546,0.6412213740458015,0.04580152671755733,44,44,26,18,0.5909090909090909,1.0,0.444097537410319,60.5,60.81818181818182,64.0,0,0,839.775473,88.0,2676.0,2764.0,-76.0,-164.0,-0.028400597907324365,-0.059334298118668596,-3.727272727272727,-3.727272727272727,0.6281818181818182,-0.037272727272727235,45,44,32,12,0.7272727272727273,0.9777777777777777,0.581511269075488,61.0,64.22727272727273,69.25,0,0,839.4754245,86.0,2826.0,2912.0,374.0,288.0,0.13234253361641896,0.0989010989010989,6.545454545454546,6.4,0.6618181818181817,0.06545454545454554,True,False,False,0.9777777777777777,-3.727272727272727,-0.059334298118668596,0.4666666666666667,1.0,-425.0,114.0,-160.0,True,False,False,False,False,0.9777777777777777,-7.016393442622951,-0.10896130346232179
current,mean55_veto_signed_move_5m_abs80_over20_sig0.5,veto; base=mean55; choose=score_mean_book_rv15; score_mean_book_rv15>=0.55; ask<=95; sec_to_close>=120; signed_move_5m>=80; signed_move_5m-margin>=20; sec>=600; margin_sigma<=0.5; score<=0.82; fade_ask<=45,mean55,veto,signed_move_5m,80.0,20.0,600.0,0.5,0.82,45.0,0,307,305,189,116,0.6196721311475409,0.993485342019544,0.5640204021636381,61.0,61.98360655737705,65.0,0,0,840.962,606.0,18905.0,19511.0,-5.0,-611.0,-0.0002644802962179318,-0.031315668084670185,-2.00327868852459,-1.990228013029316,0.639704918032787,-0.020032786885246012,184,182,112,70,0.6153846153846154,0.9891304347826086,0.5430128030749768,61.0,61.34615384615385,64.0,0,0,841.8254999999999,362.0,11165.0,11527.0,35.0,-327.0,0.003134796238244514,-0.028368179057864144,-1.7967032967032968,-1.7771739130434783,0.6333516483516484,-0.017967032967032948,61,61,35,26,0.5737704918032787,1.0,0.4489523044494656,62.0,62.39344262295082,66.0,0,0,839.2,122.0,3806.0,3928.0,-306.0,-428.0,-0.08039936941671046,-0.10896130346232179,-7.016393442622951,-7.016393442622951,0.6439344262295082,-0.07016393442622959,62,62,42,20,0.6774193548387096,1.0,0.5536808809284809,61.5,63.45161290322581,66.0,0,0,839.267,122.0,3934.0,4056.0,266.0,144.0,0.06761565836298933,0.03550295857988166,2.3225806451612905,2.3225806451612905,0.6541935483870968,0.023225806451612874,True,False,False,0.9891304347826086,-7.016393442622951,-0.10896130346232179,v21,veto; base=mean55; choose=score_mean_book_rv15; score_mean_book_rv15>=0.55; ask<=95; sec_to_close>=120; signed_move_5m>=80; signed_move_5m-margin>=20; sec>=600; margin_sigma<=0.5; score<=0.82; fade_ask<=45,mean55,veto,signed_move_5m,80.0,20.0,600.0,0.5,0.82,45.0,0,221,219,148,71,0.6757990867579908,0.9909502262443439,0.6112376507734046,61.0,62.39269406392694,65.5,0,0,839.579669,433.0,13664.0,14097.0,1136.0,703.0,0.08313817330210772,0.049868766404199474,3.2100456621004567,3.180995475113122,0.6436986301369865,0.03210045662100436,132,131,90,41,0.6870229007633588,0.9924242424242424,0.6032467934308663,61.0,62.30534351145038,65.0,0,0,839.522336,259.0,8162.0,8421.0,838.0,579.0,0.10267091399166871,0.0687566797292483,4.419847328244275,4.386363636363637,0.6428244274809161,0.04419847328244275,44,44,26,18,0.5909090909090909,1.0,0.444097537410319,60.5,60.81818181818182,64.0,0,0,839.775473,88.0,2676.0,2764.0,-76.0,-164.0,-0.028400597907324365,-0.059334298118668596,-3.727272727272727,-3.727272727272727,0.6281818181818182,-0.037272727272727235,45,44,32,12,0.7272727272727273,0.9777777777777777,0.581511269075488,61.0,64.22727272727273,69.25,0,0,839.4754245,86.0,2826.0,2912.0,374.0,288.0,0.13234253361641896,0.0989010989010989,6.545454545454546,6.4,0.6618181818181817,0.06545454545454554,True,False,False,0.9777777777777777,-3.727272727272727,-0.059334298118668596,0.4666666666666667,1.0,-425.0,92.0,-160.0,True,False,False,False,False,0.9777777777777777,-7.016393442622951,-0.10896130346232179
current,mean55_veto_signed_move_5m_abs80_over40_sig0.75,veto; base=mean55; choose=score_mean_book_rv15; score_mean_book_rv15>=0.55; ask<=95; sec_to_close>=120; signed_move_5m>=80; signed_move_5m-margin>=40; sec>=600; margin_sigma<=0.75; score<=0.82; fade_ask<=45,mean55,veto,signed_move_5m,80.0,40.0,600.0,0.75,0.82,45.0,0,307,305,189,116,0.6196721311475409,0.993485342019544,0.5640204021636381,61.0,61.99016393442623,65.0,0,0,840.771,606.0,18907.0,19513.0,-7.0,-613.0,-0.00037023324694557573,-0.031414954133142006,-2.0098360655737704,-1.996742671009772,0.6397704918032787,-0.02009836065573778,184,182,112,70,0.6153846153846154,0.9891304347826086,0.5430128030749768,61.0,61.324175824175825,64.0,0,0,841.8254999999999,362.0,11161.0,11523.0,39.0,-323.0,0.0034943105456500313,-0.028030894732274582,-1.7747252747252746,-1.7554347826086956,0.6331318681318682,-0.01774725274725275,61,61,35,26,0.5737704918032787,1.0,0.4489523044494656,62.0,62.39344262295082,66.0,0,0,839.2,122.0,3806.0,3928.0,-306.0,-428.0,-0.08039936941671046,-0.10896130346232179,-7.016393442622951,-7.016393442622951,0.6439344262295082,-0.07016393442622959,62,62,42,20,0.6774193548387096,1.0,0.5536808809284809,62.0,63.54838709677419,66.0,0,0,837.941,122.0,3940.0,4062.0,260.0,138.0,0.06598984771573604,0.033973412112259974,2.225806451612903,2.225806451612903,0.6551612903225806,0.022258064516128995,True,False,False,0.9891304347826086,-7.016393442622951,-0.10896130346232179,v21,veto; base=mean55; choose=score_mean_book_rv15; score_mean_book_rv15>=0.55; ask<=95; sec_to_close>=120; signed_move_5m>=80; signed_move_5m-margin>=40; sec>=600; margin_sigma<=0.75; score<=0.82; fade_ask<=45,mean55,veto,signed_move_5m,80.0,40.0,600.0,0.75,0.82,45.0,0,221,219,148,71,0.6757990867579908,0.9909502262443439,0.6112376507734046,61.0,62.182648401826484,65.0,0,0,839.522336,434.0,13618.0,14052.0,1182.0,748.0,0.0867968864737847,0.05323085681753487,3.415525114155251,3.3846153846153846,0.6416438356164382,0.0341552511415526,132,131,90,41,0.6870229007633588,0.9924242424242424,0.6032467934308663,61.0,61.954198473282446,65.0,0,0,839.507279,260.0,8116.0,8376.0,884.0,624.0,0.10892065056678167,0.07449856733524356,4.763358778625954,4.7272727272727275,0.6393893129770992,0.04763358778625959,44,44,26,18,0.5909090909090909,1.0,0.444097537410319,60.5,60.81818181818182,64.0,0,0,839.775473,88.0,2676.0,2764.0,-76.0,-164.0,-0.028400597907324365,-0.059334298118668596,-3.727272727272727,-3.727272727272727,0.6281818181818182,-0.037272727272727235,45,44,32,12,0.7272727272727273,0.9777777777777777,0.581511269075488,61.0,64.22727272727273,69.25,0,0,839.4754245,86.0,2826.0,2912.0,374.0,288.0,0.13234253361641896,0.0989010989010989,6.545454545454546,6.4,0.6618181818181817,0.06545454545454554,True,False,False,0.9777777777777777,-3.727272727272727,-0.059334298118668596,0.4666666666666667,1.0,-425.0,135.0,-166.0,True,False,False,False,False,0.9777777777777777,-7.016393442622951,-0.10896130346232179
current,mean55_veto_signed_move_5m_abs80_over20_sig0.75,veto; base=mean55; choose=score_mean_book_rv15; score_mean_book_rv15>=0.55; ask<=95; sec_to_close>=120; signed_move_5m>=80; signed_move_5m-margin>=20; sec>=600; margin_sigma<=0.75; score<=0.82; fade_ask<=45,mean55,veto,signed_move_5m,80.0,20.0,600.0,0.75,0.82,45.0,0,307,305,189,116,0.6196721311475409,0.993485342019544,0.5640204021636381,61.0,61.993442622950816,65.0,0,0,840.771,606.0,18908.0,19514.0,-8.0,-614.0,-0.0004231013327691982,-0.03146458952546889,-2.0131147540983605,-2.0,0.6398032786885245,-0.02013114754098355,184,182,112,70,0.6153846153846154,0.9891304347826086,0.5430128030749768,61.0,61.32967032967033,64.0,0,0,841.8254999999999,362.0,11162.0,11524.0,38.0,-324.0,0.003404407812220032,-0.028115237764665048,-1.7802197802197801,-1.7608695652173914,0.6331868131868132,-0.017802197802197828,61,61,35,26,0.5737704918032787,1.0,0.4489523044494656,62.0,62.39344262295082,66.0,0,0,839.2,122.0,3806.0,3928.0,-306.0,-428.0,-0.08039936941671046,-0.10896130346232179,-7.016393442622951,-7.016393442622951,0.6439344262295082,-0.07016393442622959,62,62,42,20,0.6774193548387096,1.0,0.5536808809284809,62.0,63.54838709677419,66.0,0,0,837.941,122.0,3940.0,4062.0,260.0,138.0,0.06598984771573604,0.033973412112259974,2.225806451612903,2.225806451612903,0.6551612903225806,0.022258064516128995,True,False,False,0.9891304347826086,-7.016393442622951,-0.10896130346232179,v21,veto; base=mean55; choose=score_mean_book_rv15; score_mean_book_rv15>=0.55; ask<=95; sec_to_close>=120; signed_move_5m>=80; signed_move_5m-margin>=20; sec>=600; margin_sigma<=0.75; score<=0.82; fade_ask<=45,mean55,veto,signed_move_5m,80.0,20.0,600.0,0.75,0.82,45.0,0,221,219,148,71,0.6757990867579908,0.9909502262443439,0.6112376507734046,61.0,62.278538812785385,65.0,0,0,839.522336,433.0,13639.0,14072.0,1161.0,728.0,0.08512354278172887,0.05173393973848778,3.324200913242009,3.2941176470588234,0.6425570776255707,0.03324200913242015,132,131,90,41,0.6870229007633588,0.9924242424242424,0.6032467934308663,61.0,62.11450381679389,65.0,0,0,839.507279,259.0,8137.0,8396.0,863.0,604.0,0.10605874400884847,0.07193901858027632,4.6106870229007635,4.575757575757576,0.6409160305343512,0.04610687022900761,44,44,26,18,0.5909090909090909,1.0,0.444097537410319,60.5,60.81818181818182,64.0,0,0,839.775473,88.0,2676.0,2764.0,-76.0,-164.0,-0.028400597907324365,-0.059334298118668596,-3.727272727272727,-3.727272727272727,0.6281818181818182,-0.037272727272727235,45,44,32,12,0.7272727272727273,0.9777777777777777,0.581511269075488,61.0,64.22727272727273,69.25,0,0,839.4754245,86.0,2826.0,2912.0,374.0,288.0,0.13234253361641896,0.0989010989010989,6.545454545454546,6.4,0.6618181818181817,0.06545454545454554,True,False,False,0.9777777777777777,-3.727272727272727,-0.059334298118668596,0.4666666666666667,1.0,-425.0,114.0,-166.0,True,False,False,False,False,0.9777777777777777,-7.016393442622951,-0.10896130346232179
current,book55_margin_veto_impulse_3_5m_abs40_over0_sig0.5,veto; base=book55_margin; choose=book_p_side; book_p_side>=0.55; ask<=95; sec_to_close>=120; margin_rv15>=0; impulse_3_5m>=40; impulse_3_5m-margin>=0; sec>=600; margin_sigma<=0.5; score<=0.82; fade_ask<=45,book55_margin,veto,impulse_3_5m,40.0,0.0,600.0,0.5,0.82,45.0,0,307,305,195,110,0.639344262295082,0.993485342019544,0.5840287495567299,61.0,63.27540983606557,67.0,0,0,826.4,600.0,19299.0,19899.0,201.0,-399.0,0.010415047411782993,-0.020051258857229005,-1.3081967213114754,-1.299674267100977,0.6524262295081966,-0.01308196721311461,184,182,115,67,0.6318681318681318,0.9891304347826086,0.5597475218575272,61.0,62.90659340659341,66.0,0,0,826.123,357.0,11449.0,11806.0,51.0,-306.0,0.0044545375141933794,-0.025919024224970354,-1.6813186813186813,-1.6630434782608696,0.6486813186813187,-0.016813186813186887,61,61,35,26,0.5737704918032787,1.0,0.4489523044494656,60.0,62.40983606557377,67.0,0,0,829.552,122.0,3807.0,3929.0,-307.0,-429.0,-0.08064092461255581,-0.10918808857215577,-7.032786885245901,-7.032786885245901,0.6440983606557378,-0.07032786885245912,62,62,45,17,0.7258064516129032,1.0,0.6040746035801103,62.5,65.20967741935483,69.75,0,0,797.528,121.0,4043.0,4164.0,457.0,336.0,0.11303487509275291,0.08069164265129683,5.419354838709677,5.419354838709677,0.6716129032258065,0.05419354838709678,True,False,False,0.9891304347826086,-7.032786885245901,-0.10918808857215577,v21,veto; base=book55_margin; choose=book_p_side; book_p_side>=0.55; ask<=95; sec_to_close>=120; margin_rv15>=0; impulse_3_5m>=40; impulse_3_5m-margin>=0; sec>=600; margin_sigma<=0.5; score<=0.82; fade_ask<=45,book55_margin,veto,impulse_3_5m,40.0,0.0,600.0,0.5,0.82,45.0,0,221,219,145,74,0.6621004566210046,0.9909502262443439,0.5971412102981033,62.0,64.34246575342466,68.0,0,0,779.818659,426.0,14091.0,14517.0,409.0,-17.0,0.029025619189553615,-0.0011710408486601915,-0.0776255707762557,-0.07692307692307693,0.6628767123287672,-0.0007762557077626298,132,131,88,43,0.6717557251908397,0.9924242424242424,0.5874541794197865,61.0,64.72519083969466,70.0,0,0,779.835631,254.0,8479.0,8733.0,321.0,67.0,0.03785823799976412,0.00767204855147143,0.5114503816793893,0.5075757575757576,0.6666412213740458,0.005114503816793903,44,44,29,15,0.6590909090909091,1.0,0.5113914121793824,62.0,63.04545454545455,66.0,0,0,779.6852269999999,86.0,2774.0,2860.0,126.0,40.0,0.04542177361211247,0.013986013986013986,0.9090909090909091,0.9090909090909091,0.6499999999999999,0.00909090909090915,45,44,28,16,0.6363636363636364,0.9777777777777777,0.48866376879043444,61.5,64.5,68.25,0,0,808.445661,86.0,2838.0,2924.0,-38.0,-124.0,-0.013389711064129669,-0.04240766073871409,-2.8181818181818183,-2.7555555555555555,0.6645454545454546,-0.028181818181818197,True,False,False,0.9777777777777777,-2.8181818181818183,-0.04240766073871409,0.45454545454545453,1.0,-462.0,-416.0,-177.0,True,False,False,False,False,0.9777777777777777,-7.032786885245901,-0.10918808857215577
current,mean55_veto_signed_move_5m_abs60_over40_sig0.5,veto; base=mean55; choose=score_mean_book_rv15; score_mean_book_rv15>=0.55; ask<=95; sec_to_close>=120; signed_move_5m>=60; signed_move_5m-margin>=40; sec>=600; margin_sigma<=0.5; score<=0.82; fade_ask<=45,mean55,veto,signed_move_5m,60.0,40.0,600.0,0.5,0.82,45.0,0,307,305,189,116,0.6196721311475409,0.993485342019544,0.5640204021636381,61.0,62.144262295081965,66.0,0,0,839.553,605.0,18954.0,19559.0,-54.0,-659.0,-0.002849002849002849,-0.03369292908635411,-2.160655737704918,-2.1465798045602607,0.6412786885245901,-0.021606557377049196,184,182,112,70,0.6153846153846154,0.9891304347826086,0.5430128030749768,61.0,61.57692307692308,64.75,0,0,840.26,361.0,11207.0,11568.0,-7.0,-368.0,-0.0006246096189881324,-0.0318118948824343,-2.021978021978022,-2.0,0.6356043956043956,-0.020219780219780215,61,61,35,26,0.5737704918032787,1.0,0.4489523044494656,62.0,62.39344262295082,66.0,0,0,839.2,122.0,3806.0,3928.0,-306.0,-428.0,-0.08039936941671046,-0.10896130346232179,-7.016393442622951,-7.016393442622951,0.6439344262295082,-0.07016393442622959,62,62,42,20,0.6774193548387096,1.0,0.5536808809284809,62.0,63.564516129032256,66.0,0,0,836.029,122.0,3941.0,4063.0,259.0,137.0,0.06571936056838366,0.03371892690130446,2.2096774193548385,2.2096774193548385,0.6553225806451614,0.022096774193548274,True,False,False,0.9891304347826086,-7.016393442622951,-0.10896130346232179,v21,veto; base=mean55; choose=score_mean_book_rv15; score_mean_book_rv15>=0.55; ask<=95; sec_to_close>=120; signed_move_5m>=60; signed_move_5m-margin>=40; sec>=600; margin_sigma<=0.5; score<=0.82; fade_ask<=45,mean55,veto,signed_move_5m,60.0,40.0,600.0,0.5,0.82,45.0,0,221,219,149,70,0.680365296803653,0.9909502262443439,0.6159494431339545,61.0,62.47488584474886,66.0,0,0,839.508715,433.0,13682.0,14115.0,1218.0,785.0,0.0890220727963748,0.05561459440311725,3.584474885844749,3.5520361990950224,0.6445205479452054,0.03584474885844757,132,131,91,40,0.6946564885496184,0.9924242424242424,0.6111785725988003,61.0,62.343511450381676,65.0,0,0,839.487817,259.0,8167.0,8426.0,933.0,674.0,0.1142402350924452,0.07999050557797294,5.145038167938932,5.106060606060606,0.6432061068702289,0.05145038167938942,44,44,26,18,0.5909090909090909,1.0,0.444097537410319,61.0,61.11363636363637,64.25,0,0,839.775473,88.0,2689.0,2777.0,-89.0,-177.0,-0.033097805875790254,-0.06373784659704718,-4.0227272727272725,-4.0227272727272725,0.6311363636363636,-0.04022727272727267,45,44,32,12,0.7272727272727273,0.9777777777777777,0.581511269075488,61.0,64.22727272727273,69.25,0,0,839.4754245,86.0,2826.0,2912.0,374.0,288.0,0.13234253361641896,0.0989010989010989,6.545454545454546,6.4,0.6618181818181817,0.06545454545454554,True,False,False,0.9777777777777777,-4.0227272727272725,-0.06373784659704718,0.4666666666666667,1.0,-425.0,126.0,-180.0,True,False,False,False,False,0.9777777777777777,-7.016393442622951,-0.10896130346232179
current,mean55_veto_impulse_3_5m_abs80_over0_sig0.75,veto; base=mean55; choose=score_mean_book_rv15; score_mean_book_rv15>=0.55; ask<=95; sec_to_close>=120; impulse_3_5m>=80; impulse_3_5m-margin>=0; sec>=600; margin_sigma<=0.75; score<=0.82; fade_ask<=45,mean55,veto,impulse_3_5m,80.0,0.0,600.0,0.75,0.82,45.0,0,307,305,190,115,0.6229508196721312,0.993485342019544,0.5673485879627841,61.0,62.20983606557377,66.0,0,0,839.924,604.0,18974.0,19578.0,26.0,-578.0,0.0013702961947928746,-0.029522933905404024,-1.8950819672131147,-1.8827361563517915,0.6419016393442623,-0.01895081967213108,184,182,113,69,0.6208791208791209,0.9891304347826086,0.5485817285674833,61.0,61.5,64.0,0,0,840.9685,361.0,11193.0,11554.0,107.0,-254.0,0.009559546144912,-0.021983728578847152,-1.3956043956043955,-1.3804347826086956,0.6348351648351648,-0.013956043956043884,61,61,35,26,0.5737704918032787,1.0,0.4489523044494656,62.0,62.39344262295082,66.0,0,0,839.2,122.0,3806.0,3928.0,-306.0,-428.0,-0.08039936941671046,-0.10896130346232179,-7.016393442622951,-7.016393442622951,0.6439344262295082,-0.07016393442622959,62,62,42,20,0.6774193548387096,1.0,0.5536808809284809,62.0,64.11290322580645,67.75,0,0,833.927,121.0,3975.0,4096.0,225.0,104.0,0.05660377358490566,0.025390625,1.6774193548387097,1.6774193548387097,0.6606451612903226,0.01677419354838705,True,False,False,0.9891304347826086,-7.016393442622951,-0.10896130346232179,v21,veto; base=mean55; choose=score_mean_book_rv15; score_mean_book_rv15>=0.55; ask<=95; sec_to_close>=120; impulse_3_5m>=80; impulse_3_5m-margin>=0; sec>=600; margin_sigma<=0.75; score<=0.82; fade_ask<=45,mean55,veto,impulse_3_5m,80.0,0.0,600.0,0.75,0.82,45.0,0,221,219,150,69,0.684931506849315,0.9909502262443439,0.6206678423653607,61.0,62.406392694063925,65.0,0,0,839.508715,431.0,13667.0,14098.0,1333.0,902.0,0.09753420648276871,0.0639807064831891,4.1187214611872145,4.081447963800905,0.6437442922374429,0.041187214611872136,132,131,92,39,0.7022900763358778,0.9924242424242424,0.6191346229115295,61.0,62.458015267175576,65.0,0,0,839.479045,257.0,8182.0,8439.0,1018.0,761.0,0.12441945734539232,0.09017656120393412,5.809160305343512,5.765151515151516,0.6441984732824427,0.05809160305343508,44,44,26,18,0.5909090909090909,1.0,0.444097537410319,60.5,60.43181818181818,64.0,0,0,839.775473,88.0,2659.0,2747.0,-59.0,-147.0,-0.022188792779240317,-0.05351292318893338,-3.340909090909091,-3.340909090909091,0.6243181818181818,-0.03340909090909083,45,44,32,12,0.7272727272727273,0.9777777777777777,0.581511269075488,61.0,64.22727272727273,69.25,0,0,839.4754245,86.0,2826.0,2912.0,374.0,288.0,0.13234253361641896,0.0989010989010989,6.545454545454546,6.4,0.6618181818181817,0.06545454545454554,True,False,False,0.9777777777777777,-3.340909090909091,-0.05351292318893338,0.4666666666666667,1.0,-425.0,324.0,-183.0,True,False,False,False,False,0.9777777777777777,-7.016393442622951,-0.10896130346232179
current,mean55_veto_impulse_3_5m_abs80_over20_sig0.75,veto; base=mean55; choose=score_mean_book_rv15; score_mean_book_rv15>=0.55; ask<=95; sec_to_close>=120; impulse_3_5m>=80; impulse_3_5m-margin>=20; sec>=600; margin_sigma<=0.75; score<=0.82; fade_ask<=45,mean55,veto,impulse_3_5m,80.0,20.0,600.0,0.75,0.82,45.0,0,307,305,190,115,0.6229508196721312,0.993485342019544,0.5673485879627841,61.0,62.239344262295084,66.0,0,0,839.924,605.0,18983.0,19588.0,17.0,-588.0,0.0008955381130485171,-0.03001837859914233,-1.9278688524590164,-1.9153094462540716,0.6422295081967213,-0.019278688524590137,184,182,113,69,0.6208791208791209,0.9891304347826086,0.5485817285674833,61.0,61.489010989010985,64.0,0,0,840.9685,362.0,11191.0,11553.0,109.0,-253.0,0.009739969618443391,-0.021899073833636287,-1.39010989010989,-1.375,0.6347802197802198,-0.013901098901098918,61,61,35,26,0.5737704918032787,1.0,0.4489523044494656,62.0,62.39344262295082,66.0,0,0,839.2,122.0,3806.0,3928.0,-306.0,-428.0,-0.08039936941671046,-0.10896130346232179,-7.016393442622951,-7.016393442622951,0.6439344262295082,-0.07016393442622959,62,62,42,20,0.6774193548387096,1.0,0.5536808809284809,62.0,64.29032258064517,68.0,0,0,833.927,121.0,3986.0,4107.0,214.0,93.0,0.05368790767686904,0.022644265887509132,1.5,1.5,0.6624193548387097,0.014999999999999902,True,False,False,0.9891304347826086,-7.016393442622951,-0.10896130346232179,v21,veto; base=mean55; choose=score_mean_book_rv15; score_mean_book_rv15>=0.55; ask<=95; sec_to_close>=120; impulse_3_5m>=80; impulse_3_5m-margin>=20; sec>=600; margin_sigma<=0.75; score<=0.82; fade_ask<=45,mean55,veto,impulse_3_5m,80.0,20.0,600.0,0.75,0.82,45.0,0,221,219,150,69,0.684931506849315,0.9909502262443439,0.6206678423653607,61.0,62.42009132420091,65.0,0,0,839.513552,432.0,13670.0,14102.0,1330.0,898.0,0.09729334308705194,0.06367891079279535,4.100456621004566,4.0633484162895925,0.6439269406392694,0.04100456621004567,132,131,92,39,0.7022900763358778,0.9924242424242424,0.6191346229115295,61.0,62.35114503816794,65.0,0,0,839.487817,258.0,8168.0,8426.0,1032.0,774.0,0.12634671890303623,0.09185853311179681,5.908396946564886,5.863636363636363,0.6432061068702289,0.05908396946564887,44,44,26,18,0.5909090909090909,1.0,0.444097537410319,60.5,60.81818181818182,64.0,0,0,839.775473,88.0,2676.0,2764.0,-76.0,-164.0,-0.028400597907324365,-0.059334298118668596,-3.727272727272727,-3.727272727272727,0.6281818181818182,-0.037272727272727235,45,44,32,12,0.7272727272727273,0.9777777777777777,0.581511269075488,61.0,64.22727272727273,69.25,0,0,839.4754245,86.0,2826.0,2912.0,374.0,288.0,0.13234253361641896,0.0989010989010989,6.545454545454546,6.4,0.6618181818181817,0.06545454545454554,True,False,False,0.9777777777777777,-3.727272727272727,-0.059334298118668596,0.5333333333333333,1.0,-425.0,310.0,-211.0,True,False,False,False,False,0.9777777777777777,-7.016393442622951,-0.10896130346232179
current,mean55_veto_impulse_3_5m_abs60_over20_sig0.75,veto; base=mean55; choose=score_mean_book_rv15; score_mean_book_rv15>=0.55; ask<=95; sec_to_close>=120; impulse_3_5m>=60; impulse_3_5m-margin>=20; sec>=600; margin_sigma<=0.75; score<=0.82; fade_ask<=45,mean55,veto,impulse_3_5m,60.0,20.0,600.0,0.75,0.82,45.0,0,307,305,191,114,0.6262295081967213,0.993485342019544,0.5706793708842295,61.0,62.511475409836066,66.0,0,0,837.641,603.0,19066.0,19669.0,34.0,-569.0,0.0017832791356341131,-0.028928771162743405,-1.8655737704918032,-1.8534201954397393,0.6448852459016393,-0.01865573770491802,184,182,113,69,0.6208791208791209,0.9891304347826086,0.5485817285674833,61.0,61.85164835164835,65.0,0,0,839.856,361.0,11257.0,11618.0,43.0,-318.0,0.0038198454295105266,-0.02737132036495094,-1.7472527472527473,-1.7282608695652173,0.6383516483516484,-0.017472527472527477,61,61,35,26,0.5737704918032787,1.0,0.4489523044494656,62.0,62.36065573770492,66.0,0,0,835.087,122.0,3804.0,3926.0,-304.0,-426.0,-0.07991587802313355,-0.10850738665308202,-6.983606557377049,-6.983606557377049,0.6436065573770493,-0.06983606557377064,62,62,43,19,0.6935483870967742,1.0,0.5703278379461328,62.0,64.59677419354838,68.0,0,0,820.909,120.0,4005.0,4125.0,295.0,175.0,0.07365792759051186,0.04242424242424243,2.8225806451612905,2.8225806451612905,0.6653225806451613,0.02822580645161299,True,False,False,0.9891304347826086,-6.983606557377049,-0.10850738665308202,v21,veto; base=mean55; choose=score_mean_book_rv15; score_mean_book_rv15>=0.55; ask<=95; sec_to_close>=120; impulse_3_5m>=60; impulse_3_5m-margin>=20; sec>=600; margin_sigma<=0.75; score<=0.82; fade_ask<=45,mean55,veto,impulse_3_5m,60.0,20.0,600.0,0.75,0.82,45.0,0,221,219,151,68,0.6894977168949772,0.9909502262443439,0.6253929236943662,61.0,62.47945205479452,66.0,0,0,839.483602,432.0,13683.0,14115.0,1417.0,985.0,0.10355916100270408,0.06978391781792419,4.497716894977169,4.457013574660634,0.6445205479452054,0.04497716894977177,132,131,94,37,0.7175572519083969,0.9924242424242424,0.6351216228521418,61.0,62.50381679389313,65.0,0,0,839.422551,258.0,8188.0,8446.0,1212.0,954.0,0.14802149487054225,0.11295287710158655,7.282442748091603,7.2272727272727275,0.6447328244274809,0.072824427480916,44,44,26,18,0.5909090909090909,1.0,0.444097537410319,60.5,60.70454545454545,64.0,0,0,839.775473,88.0,2671.0,2759.0,-71.0,-159.0,-0.026581804567577687,-0.05762957593330917,-3.6136363636363638,-3.6136363636363638,0.6270454545454546,-0.03613636363636363,45,44,31,13,0.7045454545454546,0.9777777777777777,0.5577979987383977,61.0,64.18181818181819,69.25,0,0,839.4210035000001,86.0,2824.0,2910.0,276.0,190.0,0.09773371104815864,0.06529209621993128,4.318181818181818,4.222222222222222,0.6613636363636364,0.04318181818181821,True,False,False,0.9777777777777777,-3.6136363636363638,-0.05762957593330917,0.4666666666666667,1.0,-422.0,416.0,-220.0,True,False,False,False,False,0.9777777777777777,-6.983606557377049,-0.10850738665308202
current,regime55_fade_signed_move_5m_abs60_over40,fade; base=regime55; choose=score_regime_blend; score_regime_blend>=0.55; ask<=95; sec_to_close>=120; signed_move_5m>=60; signed_move_5m-margin>=40; sec>=600; margin_sigma<=0.75; score<=0.82; fade_ask<=45,regime55,fade,signed_move_5m,60.0,40.0,600.0,0.75,0.82,45.0,35,307,305,169,136,0.5540983606557377,0.993485342019544,0.4979852105869373,56.0,56.18688524590164,62.0,0,0,857.749,607.0,17137.0,17744.0,-237.0,-844.0,-0.013829725156094999,-0.047565374211000905,-2.767213114754098,-2.749185667752443,0.5817704918032787,-0.027672131147540968,184,182,101,81,0.554945054945055,0.9891304347826086,0.48234923344870784,56.0,55.79120879120879,61.75,0,0,857.9870000000001,363.0,10154.0,10517.0,-54.0,-417.0,-0.00531810124089029,-0.039650090329941996,-2.291208791208791,-2.266304347826087,0.5778571428571427,-0.022912087912087764,61,61,31,30,0.5081967213114754,1.0,0.3860261849109116,58.0,59.049180327868854,65.0,0,0,854.556,122.0,3602.0,3724.0,-502.0,-624.0,-0.1393670183231538,-0.16756176154672395,-10.229508196721312,-10.229508196721312,0.6104918032786885,-0.10229508196721304,62,62,37,25,0.5967741935483871,1.0,0.47250467700400245,56.5,54.53225806451613,61.75,0,0,857.774,122.0,3381.0,3503.0,319.0,197.0,0.09435078379177758,0.056237510705109905,3.1774193548387095,3.1774193548387095,0.5650000000000002,0.03177419354838695,True,False,False,0.9891304347826086,-10.229508196721312,-0.16756176154672395,v21,fade; base=regime55; choose=score_regime_blend; score_regime_blend>=0.55; ask<=95; sec_to_close>=120; signed_move_5m>=60; signed_move_5m-margin>=40; sec>=600; margin_sigma<=0.75; score<=0.82; fade_ask<=45,regime55,fade,signed_move_5m,60.0,40.0,600.0,0.75,0.82,45.0,25,221,219,139,80,0.634703196347032,0.9909502262443439,0.5691179157898559,57.0,56.50684931506849,62.0,0,0,860.434362,435.0,12375.0,12810.0,1525.0,1090.0,0.12323232323232323,0.08508977361436378,4.9771689497716896,4.932126696832579,0.584931506849315,0.04977168949771693,132,131,85,46,0.648854961832061,0.9924242424242424,0.563936441087627,56.0,56.14503816793893,63.0,0,0,861.833808,261.0,7355.0,7616.0,1145.0,884.0,0.1556764106050306,0.11607142857142858,6.748091603053435,6.696969696969697,0.5813740458015267,0.0674809160305343,44,44,24,20,0.5454545454545454,1.0,0.40066183198961974,54.5,55.06818181818182,61.0,0,0,860.2086234999999,88.0,2423.0,2511.0,-23.0,-111.0,-0.009492364836978951,-0.04420549581839905,-2.522727272727273,-2.522727272727273,0.5706818181818182,-0.025227272727272765,45,44,30,14,0.6818181818181818,0.9777777777777777,0.5344310393781776,57.5,59.02272727272727,63.0,0,0,858.221184,86.0,2597.0,2683.0,403.0,317.0,0.15517905275317675,0.11815132314573239,7.204545454545454,7.044444444444444,0.6097727272727272,0.07204545454545452,True,False,False,0.9777777777777777,-2.522727272727273,-0.04420549581839905,0.3333333333333333,1.0,-444.0,246.0,-221.0,True,False,False,False,False,0.9777777777777777,-10.229508196721312,-0.16756176154672395
current,mean55_veto_impulse_3_5m_abs60_over40_sig0.75,veto; base=mean55; choose=score_mean_book_rv15; score_mean_book_rv15>=0.55; ask<=95; sec_to_close>=120; impulse_3_5m>=60; impulse_3_5m-margin>=40; sec>=600; margin_sigma<=0.75; score<=0.82; fade_ask<=45,mean55,veto,impulse_3_5m,60.0,40.0,600.0,0.75,0.82,45.0,0,307,305,189,116,0.6196721311475409,0.993485342019544,0.5640204021636381,61.0,62.41311475409836,66.0,0,0,838.52,604.0,19036.0,19640.0,-136.0,-740.0,-0.007144358058415633,-0.03767820773930754,-2.4262295081967213,-2.41042345276873,0.6439344262295081,-0.0242622950819672,184,182,112,70,0.6153846153846154,0.9891304347826086,0.5430128030749768,61.0,61.675824175824175,65.0,0,0,840.0435,361.0,11225.0,11586.0,-25.0,-386.0,-0.0022271714922048997,-0.03331607112031763,-2.120879120879121,-2.097826086956522,0.6365934065934066,-0.021208791208791156,61,61,35,26,0.5737704918032787,1.0,0.4489523044494656,62.0,62.39344262295082,66.0,0,0,839.2,122.0,3806.0,3928.0,-306.0,-428.0,-0.08039936941671046,-0.10896130346232179,-7.016393442622951,-7.016393442622951,0.6439344262295082,-0.07016393442622959,62,62,42,20,0.6774193548387096,1.0,0.5536808809284809,62.5,64.59677419354838,68.0,0,0,830.4805,121.0,4005.0,4126.0,195.0,74.0,0.04868913857677903,0.01793504604944256,1.1935483870967742,1.1935483870967742,0.6654838709677419,0.011935483870967767,True,False,False,0.9891304347826086,-7.016393442622951,-0.10896130346232179,v21,veto; base=mean55; choose=score_mean_book_rv15; score_mean_book_rv15>=0.55; ask<=95; sec_to_close>=120; impulse_3_5m>=60; impulse_3_5m-margin>=40; sec>=600; margin_sigma<=0.75; score<=0.82; fade_ask<=45,mean55,veto,impulse_3_5m,60.0,40.0,600.0,0.75,0.82,45.0,0,221,219,150,69,0.684931506849315,0.9909502262443439,0.6206678423653607,61.0,62.37899543378995,66.0,0,0,839.498529,434.0,13661.0,14095.0,1339.0,905.0,0.09801625064050948,0.06420716566158212,4.132420091324201,4.095022624434389,0.643607305936073,0.04132420091324207,132,131,92,39,0.7022900763358778,0.9924242424242424,0.6191346229115295,61.0,62.2442748091603,65.0,0,0,839.474532,260.0,8154.0,8414.0,1046.0,786.0,0.12828059847927398,0.09341573567863086,6.0,5.954545454545454,0.642290076335878,0.05999999999999983,44,44,26,18,0.5909090909090909,1.0,0.444097537410319,60.5,60.93181818181818,64.25,0,0,839.775473,88.0,2681.0,2769.0,-81.0,-169.0,-0.03021260723610593,-0.06103286384976526,-3.840909090909091,-3.840909090909091,0.6293181818181818,-0.03840909090909084,45,44,32,12,0.7272727272727273,0.9777777777777777,0.581511269075488,61.0,64.22727272727273,69.25,0,0,839.4754245,86.0,2826.0,2912.0,374.0,288.0,0.13234253361641896,0.0989010989010989,6.545454545454546,6.4,0.6618181818181817,0.06545454545454554,True,False,False,0.9777777777777777,-3.840909090909091,-0.06103286384976526,0.4666666666666667,1.0,-425.0,165.0,-235.0,True,False,False,False,False,0.9777777777777777,-7.016393442622951,-0.10896130346232179
current,mean55_veto_impulse_3_5m_abs40_over20_sig0.75,veto; base=mean55; choose=score_mean_book_rv15; score_mean_book_rv15>=0.55; ask<=95; sec_to_close>=120; impulse_3_5m>=40; impulse_3_5m-margin>=20; sec>=600; margin_sigma<=0.75; score<=0.82; fade_ask<=45,mean55,veto,impulse_3_5m,40.0,20.0,600.0,0.75,0.82,45.0,0,307,305,189,116,0.6196721311475409,0.993485342019544,0.5640204021636381,61.0,62.91475409836065,66.0,0,0,833.709,601.0,19189.0,19790.0,-289.0,-890.0,-0.015060711866173328,-0.0449722081859525,-2.918032786885246,-2.8990228013029316,0.6488524590163933,-0.029180327868852385,184,182,110,72,0.6043956043956044,0.9891304347826086,0.5319025209670133,61.0,62.20879120879121,65.75,0,0,837.376,360.0,11322.0,11682.0,-322.0,-682.0,-0.028440204910793146,-0.0583804143126177,-3.7472527472527473,-3.7065217391304346,0.641868131868132,-0.037472527472527606,61,61,35,26,0.5737704918032787,1.0,0.4489523044494656,62.0,62.24590163934426,66.0,0,0,833.849,122.0,3797.0,3919.0,-297.0,-419.0,-0.07821964708980775,-0.10691502934422047,-6.868852459016393,-6.868852459016393,0.6424590163934427,-0.06868852459016406,62,62,44,18,0.7096774193548387,1.0,0.5871235426501359,63.5,65.64516129032258,69.0,0,0,790.6755,119.0,4070.0,4189.0,330.0,211.0,0.08108108108108109,0.050370016710432085,3.403225806451613,3.403225806451613,0.6756451612903226,0.03403225806451615,True,False,False,0.9891304347826086,-6.868852459016393,-0.10691502934422047,v21,veto; base=mean55; choose=score_mean_book_rv15; score_mean_book_rv15>=0.55; ask<=95; sec_to_close>=120; impulse_3_5m>=40; impulse_3_5m-margin>=20; sec>=600; margin_sigma<=0.75; score<=0.82; fade_ask<=45,mean55,veto,impulse_3_5m,40.0,20.0,600.0,0.75,0.82,45.0,0,221,219,149,70,0.680365296803653,0.9909502262443439,0.6159494431339545,61.0,63.38356164383562,67.0,0,0,839.19992,430.0,13881.0,14311.0,1019.0,589.0,0.07340969670773,0.041157151841241,2.689497716894977,2.665158371040724,0.6534703196347033,0.02689497716894973,132,131,92,39,0.7022900763358778,0.9924242424242424,0.6191346229115295,61.0,63.52671755725191,67.5,0,0,839.136245,257.0,8322.0,8579.0,878.0,621.0,0.10550348473924537,0.07238605898123325,4.740458015267175,4.704545454545454,0.6548854961832061,0.04740458015267168,44,44,27,17,0.6136363636363636,1.0,0.4662357539237828,61.5,62.22727272727273,64.25,0,0,839.1019255,87.0,2738.0,2825.0,-38.0,-125.0,-0.013878743608473338,-0.04424778761061947,-2.840909090909091,-2.840909090909091,0.6420454545454546,-0.02840909090909094,45,44,30,14,0.6818181818181818,0.9777777777777777,0.5344310393781776,61.0,64.11363636363636,69.25,0,0,839.359927,86.0,2821.0,2907.0,179.0,93.0,0.06345267635590217,0.03199174406604747,2.1136363636363638,2.066666666666667,0.6606818181818181,0.02113636363636362,True,False,False,0.9777777777777777,-2.840909090909091,-0.04424778761061947,0.4,1.0,-528.0,-301.0,-240.0,True,False,False,False,False,0.9777777777777777,-6.868852459016393,-0.10691502934422047
current,book55_margin_veto_impulse_3_5m_abs80_over0_sig0.75,veto; base=book55_margin; choose=book_p_side; book_p_side>=0.55; ask<=95; sec_to_close>=120; margin_rv15>=0; impulse_3_5m>=80; impulse_3_5m-margin>=0; sec>=600; margin_sigma<=0.75; score<=0.82; fade_ask<=45,book55_margin,veto,impulse_3_5m,80.0,0.0,600.0,0.75,0.82,45.0,0,307,305,199,106,0.6524590163934426,0.993485342019544,0.5974208446246753,60.0,62.67213114754098,65.0,0,0,832.015,600.0,19115.0,19715.0,785.0,185.0,0.04106722469264975,0.009383717981232564,0.6065573770491803,0.6026058631921825,0.6463934426229508,0.006065573770491772,184,182,122,60,0.6703296703296703,0.9891304347826086,0.599130553084293,60.0,62.142857142857146,64.0,0,0,832.049,359.0,11310.0,11669.0,890.0,531.0,0.07869142351900972,0.04550518467735024,2.9175824175824174,2.885869565217391,0.6411538461538462,0.029175824175824094,61,61,34,27,0.5573770491803278,1.0,0.43303367693143874,60.0,62.60655737704918,67.0,0,0,830.941,122.0,3819.0,3941.0,-419.0,-541.0,-0.10971458496988741,-0.1372748033494037,-8.868852459016393,-8.868852459016393,0.6460655737704919,-0.08868852459016408,62,62,43,19,0.6935483870967742,1.0,0.5703278379461328,61.0,64.29032258064517,66.0,0,0,831.0070000000001,119.0,3986.0,4105.0,314.0,195.0,0.07877571500250878,0.047503045066991476,3.1451612903225805,3.1451612903225805,0.6620967741935483,0.031451612903225956,True,False,False,0.9891304347826086,-8.868852459016393,-0.1372748033494037,v21,veto; base=book55_margin; choose=book_p_side; book_p_side>=0.55; ask<=95; sec_to_close>=120; margin_rv15>=0; impulse_3_5m>=80; impulse_3_5m-margin>=0; sec>=600; margin_sigma<=0.75; score<=0.82; fade_ask<=45,book55_margin,veto,impulse_3_5m,80.0,0.0,600.0,0.75,0.82,45.0,0,221,219,149,70,0.680365296803653,0.9909502262443439,0.6159494431339545,61.0,63.182648401826484,65.0,0,0,839.344972,430.0,13837.0,14267.0,1063.0,633.0,0.0768230107682301,0.044368122240134575,2.8904109589041096,2.8642533936651584,0.651461187214612,0.028904109589040994,132,131,91,40,0.6946564885496184,0.9924242424242424,0.6111785725988003,61.0,63.44274809160305,65.0,0,0,839.375566,256.0,8311.0,8567.0,789.0,533.0,0.09493442425700878,0.0622154779969651,4.068702290076335,4.037878787878788,0.6539694656488549,0.040687022900763425,44,44,28,16,0.6363636363636364,1.0,0.48866376879043444,61.0,60.97727272727273,64.0,0,0,839.4476755000001,88.0,2683.0,2771.0,117.0,29.0,0.04360790160268356,0.010465535907614579,0.6590909090909091,0.6590909090909091,0.6297727272727273,0.006590909090909092,45,44,30,14,0.6818181818181818,0.9777777777777777,0.5344310393781776,61.5,64.61363636363636,68.25,0,0,839.3180465,86.0,2843.0,2929.0,157.0,71.0,0.05522335561027084,0.02424035506998976,1.6136363636363635,1.5777777777777777,0.6656818181818182,0.016136363636363615,True,True,True,0.9777777777777777,0.6590909090909091,0.010465535907614579,0.6,1.0,-388.0,818.0,-246.0,True,False,False,False,False,0.9777777777777777,-8.868852459016393,-0.1372748033494037
current,regime55_veto_impulse_3_5m_abs40_over0_sig0.75,veto; base=regime55; choose=score_regime_blend; score_regime_blend>=0.55; ask<=95; sec_to_close>=120; impulse_3_5m>=40; impulse_3_5m-margin>=0; sec>=600; margin_sigma<=0.75; score<=0.82; fade_ask<=45,regime55,veto,impulse_3_5m,40.0,0.0,600.0,0.75,0.82,45.0,0,307,305,180,125,0.5901639344262295,0.993485342019544,0.5341816066249703,60.0,61.18688524590164,66.0,0,0,832.642,596.0,18662.0,19258.0,-662.0,-1258.0,-0.03547315400278641,-0.06532350192127946,-4.1245901639344265,-4.09771986970684,0.6314098360655738,-0.04124590163934427,184,182,105,77,0.5769230769230769,0.9891304347826086,0.5042846458792185,59.0,60.40659340659341,65.0,0,0,835.3495,356.0,10994.0,11350.0,-494.0,-850.0,-0.04493360014553393,-0.07488986784140969,-4.670329670329671,-4.619565217391305,0.6236263736263736,-0.04670329670329676,61,61,32,29,0.5245901639344263,1.0,0.40157156924985693,58.0,59.91803278688525,66.0,0,0,839.499,122.0,3655.0,3777.0,-455.0,-577.0,-0.12448700410396717,-0.15276674609478422,-9.459016393442623,-9.459016393442623,0.6191803278688524,-0.0945901639344261,62,62,43,19,0.6935483870967742,1.0,0.5703278379461328,62.0,64.7258064516129,70.75,0,0,777.221,118.0,4013.0,4131.0,287.0,169.0,0.07151756790431099,0.04091019123698862,2.725806451612903,2.725806451612903,0.6662903225806452,0.027258064516129,True,False,False,0.9891304347826086,-9.459016393442623,-0.15276674609478422,v21,veto; base=regime55; choose=score_regime_blend; score_regime_blend>=0.55; ask<=95; sec_to_close>=120; impulse_3_5m>=40; impulse_3_5m-margin>=0; sec>=600; margin_sigma<=0.75; score<=0.82; fade_ask<=45,regime55,veto,impulse_3_5m,40.0,0.0,600.0,0.75,0.82,45.0,0,221,219,143,76,0.6529680365296804,0.9909502262443439,0.587775377877362,60.0,61.71689497716895,66.0,0,0,839.466025,424.0,13516.0,13940.0,784.0,360.0,0.05800532701982835,0.02582496413199426,1.643835616438356,1.6289592760180995,0.6365296803652967,0.016438356164383716,132,131,87,44,0.6641221374045801,0.9924242424242424,0.5795924913457884,61.0,62.908396946564885,68.0,0,0,839.375566,252.0,8241.0,8493.0,459.0,207.0,0.05569712413542046,0.024373013069586717,1.5801526717557253,1.5681818181818181,0.648320610687023,0.01580152671755719,44,44,26,18,0.5909090909090909,1.0,0.444097537410319,60.5,60.43181818181818,63.0,0,0,839.2459240000001,86.0,2659.0,2745.0,-59.0,-145.0,-0.022188792779240317,-0.052823315118397086,-3.2954545454545454,-3.2954545454545454,0.6238636363636364,-0.03295454545454546,45,44,30,14,0.6818181818181818,0.9777777777777777,0.5344310393781776,58.0,59.45454545454545,66.25,0,0,848.536615,86.0,2616.0,2702.0,384.0,298.0,0.14678899082568808,0.11028867505551443,6.7727272727272725,6.622222222222222,0.6140909090909091,0.06772727272727264,True,False,False,0.9777777777777777,-3.2954545454545454,-0.052823315118397086,0.26666666666666666,1.0,-483.0,-898.0,-255.0,True,False,False,False,False,0.9777777777777777,-9.459016393442623,-0.15276674609478422
current,book55_margin_veto_impulse_3_5m_abs60_over0_sig0.75,veto; base=book55_margin; choose=book_p_side; book_p_side>=0.55; ask<=95; sec_to_close>=120; margin_rv15>=0; impulse_3_5m>=60; impulse_3_5m-margin>=0; sec>=600; margin_sigma<=0.75; score<=0.82; fade_ask<=45,book55_margin,veto,impulse_3_5m,60.0,0.0,600.0,0.75,0.82,45.0,0,307,305,197,108,0.6459016393442623,0.993485342019544,0.5907193938407015,60.0,62.77049180327869,65.0,0,0,829.73,598.0,19145.0,19743.0,555.0,-43.0,0.02898929224340559,-0.002177987134680646,-0.14098360655737704,-0.14006514657980457,0.6473114754098361,-0.0014098360655738773,184,182,119,63,0.6538461538461539,0.9891304347826086,0.5821932651408553,60.0,62.21978021978022,65.0,0,0,830.4725000000001,359.0,11324.0,11683.0,576.0,217.0,0.050865418580007066,0.018573996405032954,1.1923076923076923,1.1793478260869565,0.641923076923077,0.011923076923076814,61,61,34,27,0.5573770491803278,1.0,0.43303367693143874,60.0,62.459016393442624,67.0,0,0,830.798,122.0,3810.0,3932.0,-410.0,-532.0,-0.10761154855643044,-0.1353001017293998,-8.721311475409836,-8.721311475409836,0.6445901639344263,-0.08721311475409843,62,62,44,18,0.7096774193548387,1.0,0.5871235426501359,61.0,64.69354838709677,68.25,0,0,799.0844999999999,117.0,4011.0,4128.0,389.0,272.0,0.09698329593617552,0.06589147286821706,4.387096774193548,4.387096774193548,0.6658064516129032,0.04387096774193555,True,False,False,0.9891304347826086,-8.721311475409836,-0.1353001017293998,v21,veto; base=book55_margin; choose=book_p_side; book_p_side>=0.55; ask<=95; sec_to_close>=120; margin_rv15>=0; impulse_3_5m>=60; impulse_3_5m-margin>=0; sec>=600; margin_sigma<=0.75; score<=0.82; fade_ask<=45,book55_margin,veto,impulse_3_5m,60.0,0.0,600.0,0.75,0.82,45.0,0,221,219,149,70,0.680365296803653,0.9909502262443439,0.6159494431339545,61.0,63.210045662100455,65.0,0,0,839.215199,429.0,13843.0,14272.0,1057.0,628.0,0.07635628115292928,0.04400224215246637,2.867579908675799,2.841628959276018,0.651689497716895,0.02867579908675799,132,131,92,39,0.7022900763358778,0.9924242424242424,0.6191346229115295,61.0,63.42748091603053,65.0,0,0,839.128388,255.0,8309.0,8564.0,891.0,636.0,0.10723312071248044,0.07426436244745446,4.854961832061068,4.818181818181818,0.6537404580152671,0.048549618320610666,44,44,28,16,0.6363636363636364,1.0,0.48866376879043444,61.0,61.20454545454545,64.25,0,0,839.4476755000001,88.0,2693.0,2781.0,107.0,19.0,0.03973264017823988,0.0068320747932398415,0.4318181818181818,0.4318181818181818,0.6320454545454545,0.004318181818181888,45,44,29,15,0.6590909090909091,0.9777777777777777,0.5113914121793824,61.5,64.56818181818181,68.25,0,0,838.1485385,86.0,2841.0,2927.0,59.0,-27.0,0.020767335445265753,-0.009224461906388794,-0.6136363636363636,-0.6,0.6652272727272727,-0.0061363636363636065,True,False,False,0.9777777777777777,-0.6136363636363636,-0.009224461906388794,0.5333333333333333,1.0,-460.0,585.0,-268.0,True,False,False,False,False,0.9777777777777777,-8.721311475409836,-0.1353001017293998
current,mean55_veto_signed_move_5m_abs60_over0_sig0.75,veto; base=mean55; choose=score_mean_book_rv15; score_mean_book_rv15>=0.55; ask<=95; sec_to_close>=120; signed_move_5m>=60; signed_move_5m-margin>=0; sec>=600; margin_sigma<=0.75; score<=0.82; fade_ask<=45,mean55,veto,signed_move_5m,60.0,0.0,600.0,0.75,0.82,45.0,0,307,305,189,116,0.6196721311475409,0.993485342019544,0.5640204021636381,61.0,62.18360655737705,65.0,0,0,838.61,603.0,18966.0,19569.0,-66.0,-669.0,-0.0034799114204365706,-0.03418672390004599,-2.1934426229508195,-2.179153094462541,0.6416065573770492,-0.021934426229508253,184,182,112,70,0.6153846153846154,0.9891304347826086,0.5430128030749768,61.0,61.505494505494504,64.75,0,0,840.0435,361.0,11194.0,11555.0,6.0,-355.0,0.0005360014293371449,-0.03072263089571614,-1.9505494505494505,-1.9293478260869565,0.6348901098901099,-0.019505494505494436,61,61,35,26,0.5737704918032787,1.0,0.4489523044494656,62.0,62.24590163934426,66.0,0,0,837.494,122.0,3797.0,3919.0,-297.0,-419.0,-0.07821964708980775,-0.10691502934422047,-6.868852459016393,-6.868852459016393,0.6424590163934426,-0.06868852459016395,62,62,42,20,0.6774193548387096,1.0,0.5536808809284809,62.0,64.11290322580645,66.0,0,0,832.3520000000001,120.0,3975.0,4095.0,225.0,105.0,0.05660377358490566,0.02564102564102564,1.6935483870967742,1.6935483870967742,0.6604838709677419,0.01693548387096777,True,False,False,0.9891304347826086,-6.868852459016393,-0.10691502934422047,v21,veto; base=mean55; choose=score_mean_book_rv15; score_mean_book_rv15>=0.55; ask<=95; sec_to_close>=120; signed_move_5m>=60; signed_move_5m-margin>=0; sec>=600; margin_sigma<=0.75; score<=0.82; fade_ask<=45,mean55,veto,signed_move_5m,60.0,0.0,600.0,0.75,0.82,45.0,0,221,219,148,71,0.6757990867579908,0.9909502262443439,0.6112376507734046,61.0,62.19178082191781,65.0,0,0,839.498529,433.0,13620.0,14053.0,1180.0,747.0,0.08663729809104258,0.053155909770155836,3.410958904109589,3.3800904977375565,0.6416894977168949,0.034109589041095956,132,131,91,40,0.6946564885496184,0.9924242424242424,0.6111785725988003,60.0,62.091603053435115,65.0,0,0,839.479045,259.0,8134.0,8393.0,966.0,707.0,0.11876075731497418,0.08423686405337781,5.396946564885496,5.356060606060606,0.6406870229007632,0.053969465648855186,44,44,26,18,0.5909090909090909,1.0,0.444097537410319,61.0,60.5,64.0,0,0,839.775473,88.0,2662.0,2750.0,-62.0,-150.0,-0.02329075882794891,-0.05454545454545454,-3.409090909090909,-3.409090909090909,0.625,-0.03409090909090906,45,44,31,13,0.7045454545454546,0.9777777777777777,0.5577979987383977,61.0,64.18181818181819,69.25,0,0,839.4210035000001,86.0,2824.0,2910.0,276.0,190.0,0.09773371104815864,0.06529209621993128,4.318181818181818,4.222222222222222,0.6613636363636364,0.04318181818181821,True,False,False,0.9777777777777777,-3.409090909090909,-0.05454545454545454,0.4666666666666667,1.0,-422.0,78.0,-274.0,True,False,False,False,False,0.9777777777777777,-6.868852459016393,-0.10691502934422047
current,mean55_veto_signed_move_5m_abs60_over0_sig0.5,veto; base=mean55; choose=score_mean_book_rv15; score_mean_book_rv15>=0.55; ask<=95; sec_to_close>=120; signed_move_5m>=60; signed_move_5m-margin>=0; sec>=600; margin_sigma<=0.5; score<=0.82; fade_ask<=45,mean55,veto,signed_move_5m,60.0,0.0,600.0,0.5,0.82,45.0,0,307,305,189,116,0.6196721311475409,0.993485342019544,0.5640204021636381,61.0,62.14754098360656,66.0,0,0,838.973,605.0,18955.0,19560.0,-55.0,-660.0,-0.0029016090741229225,-0.03374233128834356,-2.1639344262295084,-2.1498371335504887,0.6413114754098361,-0.02163934426229519,184,182,112,70,0.6153846153846154,0.9891304347826086,0.5430128030749768,61.0,61.494505494505496,64.75,0,0,840.0435,361.0,11192.0,11553.0,8.0,-353.0,0.0007147962830593281,-0.030554834242188175,-1.9395604395604396,-1.9184782608695652,0.6347802197802198,-0.019395604395604393,61,61,35,26,0.5737704918032787,1.0,0.4489523044494656,62.0,62.24590163934426,66.0,0,0,837.494,122.0,3797.0,3919.0,-297.0,-419.0,-0.07821964708980775,-0.10691502934422047,-6.868852459016393,-6.868852459016393,0.6424590163934426,-0.06868852459016395,62,62,42,20,0.6774193548387096,1.0,0.5536808809284809,62.0,63.96774193548387,66.0,0,0,834.9035,122.0,3966.0,4088.0,234.0,112.0,0.059001512859304085,0.0273972602739726,1.8064516129032258,1.8064516129032258,0.6593548387096775,0.01806451612903215,True,False,False,0.9891304347826086,-6.868852459016393,-0.10691502934422047,v21,veto; base=mean55; choose=score_mean_book_rv15; score_mean_book_rv15>=0.55; ask<=95; sec_to_close>=120; signed_move_5m>=60; signed_move_5m-margin>=0; sec>=600; margin_sigma<=0.5; score<=0.82; fade_ask<=45,mean55,veto,signed_move_5m,60.0,0.0,600.0,0.5,0.82,45.0,0,221,219,148,71,0.6757990867579908,0.9909502262443439,0.6112376507734046,61.0,62.48858447488585,66.0,0,0,839.507279,432.0,13685.0,14117.0,1115.0,683.0,0.08147606868834491,0.04838138414677339,3.1187214611872145,3.090497737556561,0.6446118721461188,0.031187214611872016,132,131,91,40,0.6946564885496184,0.9924242424242424,0.6111785725988003,61.0,62.51145038167939,65.0,0,0,839.487817,258.0,8189.0,8447.0,911.0,653.0,0.11124679448040053,0.07730555226707707,4.984732824427481,4.946969696969697,0.6448091603053435,0.04984732824427485,44,44,26,18,0.5909090909090909,1.0,0.444097537410319,61.0,60.72727272727273,64.25,0,0,839.775473,88.0,2672.0,2760.0,-72.0,-160.0,-0.02694610778443114,-0.057971014492753624,-3.6363636363636362,-3.6363636363636362,0.6272727272727273,-0.036363636363636376,45,44,31,13,0.7045454545454546,0.9777777777777777,0.5577979987383977,61.0,64.18181818181819,69.25,0,0,839.4210035000001,86.0,2824.0,2910.0,276.0,190.0,0.09773371104815864,0.06529209621993128,4.318181818181818,4.222222222222222,0.6613636363636364,0.04318181818181821,True,False,False,0.9777777777777777,-3.6363636363636362,-0.057971014492753624,0.4666666666666667,1.0,-422.0,23.0,-277.0,True,False,False,False,False,0.9777777777777777,-6.868852459016393,-0.10691502934422047
current,book55_margin_baseline,baseline; base=book55_margin; choose=book_p_side; book_p_side>=0.55; ask<=95; sec_to_close>=120; margin_rv15>=0; impulse_3_5m>=10000; impulse_3_5m-margin>=10000; sec>=120; margin_sigma<=10000; score<=1; fade_ask<=45,book55_margin,baseline,impulse_3_5m,10000.0,10000.0,120.0,10000.0,1.0,45.0,0,307,305,198,107,0.6491803278688525,0.993485342019544,0.5940687599896416,60.0,62.19344262295082,65.0,0,0,835.94,607.0,18969.0,19576.0,831.0,224.0,0.04380831883599557,0.011442582754393135,0.7344262295081967,0.7296416938110749,0.6418360655737705,0.007344262295082005,184,182,122,60,0.6703296703296703,0.9891304347826086,0.599130553084293,60.0,61.72527472527472,64.0,0,0,836.154,363.0,11234.0,11597.0,966.0,603.0,0.08598896207940182,0.051996205915322925,3.3131868131868134,3.277173913043478,0.6371978021978022,0.03313186813186808,61,61,34,27,0.5573770491803278,1.0,0.43303367693143874,60.0,62.442622950819676,67.0,0,0,832.23,122.0,3809.0,3931.0,-409.0,-531.0,-0.10737726437385141,-0.1350801322818621,-8.704918032786885,-8.704918032786885,0.6444262295081966,-0.08704918032786879,62,62,42,20,0.6774193548387096,1.0,0.5536808809284809,60.5,63.32258064516129,66.0,0,0,840.3475,122.0,3926.0,4048.0,274.0,152.0,0.06979113601630157,0.037549407114624504,2.4516129032258065,2.4516129032258065,0.6529032258064517,0.02451612903225797,True,False,False,0.9891304347826086,-8.704918032786885,-0.1350801322818621,v21,baseline; base=book55_margin; choose=book_p_side; book_p_side>=0.55; ask<=95; sec_to_close>=120; margin_rv15>=0; impulse_3_5m>=10000; impulse_3_5m-margin>=10000; sec>=120; margin_sigma<=10000; score<=1; fade_ask<=45,book55_margin,baseline,impulse_3_5m,10000.0,10000.0,120.0,10000.0,1.0,45.0,0,221,219,147,72,0.6712328767123288,0.9909502262443439,0.6065323932869077,61.0,62.853881278538815,65.0,0,0,839.487817,435.0,13765.0,14200.0,935.0,500.0,0.06792589901925172,0.035211267605633804,2.2831050228310503,2.262443438914027,0.6484018264840182,0.022831050228310557,132,131,89,42,0.6793893129770993,0.9924242424242424,0.5953388097642381,61.0,62.87786259541985,65.0,0,0,839.519564,261.0,8237.0,8498.0,663.0,402.0,0.08049046983124925,0.04730524829371617,3.068702290076336,3.0454545454545454,0.6487022900763358,0.030687022900763417,44,44,28,16,0.6363636363636364,1.0,0.48866376879043444,61.0,61.02272727272727,64.0,0,0,839.685401,88.0,2685.0,2773.0,115.0,27.0,0.04283054003724395,0.009736747205192933,0.6136363636363636,0.6136363636363636,0.6302272727272726,0.0061363636363637175,45,44,30,14,0.6818181818181818,0.9777777777777777,0.5344310393781776,61.5,64.61363636363636,68.25,0,0,839.3180465,86.0,2843.0,2929.0,157.0,71.0,0.05522335561027084,0.02424035506998976,1.6136363636363635,1.5777777777777777,0.6656818181818182,0.016136363636363615,True,True,True,0.9777777777777777,0.6136363636363636,0.009736747205192933,0.6,1.0,-383.0,724.0,-281.0,True,False,False,False,False,0.9777777777777777,-8.704918032786885,-0.1350801322818621
current,mean55_veto_impulse_3_5m_abs80_over0_sig0.5,veto; base=mean55; choose=score_mean_book_rv15; score_mean_book_rv15>=0.55; ask<=95; sec_to_close>=120; impulse_3_5m>=80; impulse_3_5m-margin>=0; sec>=600; margin_sigma<=0.5; score<=0.82; fade_ask<=45,mean55,veto,impulse_3_5m,80.0,0.0,600.0,0.5,0.82,45.0,0,307,305,189,116,0.6196721311475409,0.993485342019544,0.5640204021636381,61.0,62.22950819672131,66.0,0,0,839.94,605.0,18980.0,19585.0,-80.0,-685.0,-0.004214963119072708,-0.034975746744957875,-2.2459016393442623,-2.231270358306189,0.6421311475409835,-0.02245901639344261,184,182,113,69,0.6208791208791209,0.9891304347826086,0.5485817285674833,61.0,61.51648351648352,64.0,0,0,840.9685,361.0,11196.0,11557.0,104.0,-257.0,0.009289031797070382,-0.022237604914770268,-1.4120879120879122,-1.3967391304347827,0.635,-0.014120879120879115,61,61,35,26,0.5737704918032787,1.0,0.4489523044494656,62.0,62.39344262295082,66.0,0,0,839.2,122.0,3806.0,3928.0,-306.0,-428.0,-0.08039936941671046,-0.10896130346232179,-7.016393442622951,-7.016393442622951,0.6439344262295082,-0.07016393442622959,62,62,41,21,0.6612903225806451,1.0,0.5371769954935818,62.0,64.16129032258064,67.75,0,0,834.9035,122.0,3978.0,4100.0,122.0,0.0,0.030668677727501256,0.0,0.0,0.0,0.6612903225806452,-1.1102230246251565e-16,True,False,False,0.9891304347826086,-100.0,-1.0,v21,veto; base=mean55; choose=score_mean_book_rv15; score_mean_book_rv15>=0.55; ask<=95; sec_to_close>=120; impulse_3_5m>=80; impulse_3_5m-margin>=0; sec>=600; margin_sigma<=0.5; score<=0.82; fade_ask<=45,mean55,veto,impulse_3_5m,80.0,0.0,600.0,0.5,0.82,45.0,0,221,219,149,70,0.680365296803653,0.9909502262443439,0.6159494431339545,61.0,62.57990867579909,65.5,0,0,839.513552,431.0,13705.0,14136.0,1195.0,764.0,0.08719445457862095,0.05404640633842671,3.4885844748858448,3.4570135746606336,0.6454794520547944,0.034885844748858585,132,131,91,40,0.6946564885496184,0.9924242424242424,0.6111785725988003,61.0,62.74809160305343,65.0,0,0,839.487817,257.0,8220.0,8477.0,880.0,623.0,0.1070559610705596,0.07349298100743187,4.755725190839694,4.71969696969697,0.6470992366412215,0.04755725190839688,44,44,26,18,0.5909090909090909,1.0,0.444097537410319,60.5,60.43181818181818,64.0,0,0,839.775473,88.0,2659.0,2747.0,-59.0,-147.0,-0.022188792779240317,-0.05351292318893338,-3.340909090909091,-3.340909090909091,0.6243181818181818,-0.03340909090909083,45,44,32,12,0.7272727272727273,0.9777777777777777,0.581511269075488,61.0,64.22727272727273,69.25,0,0,839.4754245,86.0,2826.0,2912.0,374.0,288.0,0.13234253361641896,0.0989010989010989,6.545454545454546,6.4,0.6618181818181817,0.06545454545454554,True,False,False,0.9777777777777777,-3.340909090909091,-0.05351292318893338,0.4666666666666667,1.0,-425.0,79.0,-287.0,True,False,False,False,False,0.9777777777777777,-100.0,-1.0
current,book55_margin_veto_impulse_3_5m_abs80_over20_sig0.75,veto; base=book55_margin; choose=book_p_side; book_p_side>=0.55; ask<=95; sec_to_close>=120; margin_rv15>=0; impulse_3_5m>=80; impulse_3_5m-margin>=20; sec>=600; margin_sigma<=0.75; score<=0.82; fade_ask<=45,book55_margin,veto,impulse_3_5m,80.0,20.0,600.0,0.75,0.82,45.0,0,307,305,199,106,0.6524590163934426,0.993485342019544,0.5974208446246753,60.0,62.7016393442623,65.0,0,0,832.015,601.0,19124.0,19725.0,776.0,175.0,0.040577285086801924,0.008871989860583017,0.5737704918032787,0.5700325732899023,0.6467213114754098,0.0057377049180328266,184,182,122,60,0.6703296703296703,0.9891304347826086,0.599130553084293,60.0,62.05494505494506,64.0,0,0,832.049,360.0,11294.0,11654.0,906.0,546.0,0.08021958562068354,0.04685086665522567,3.0,2.967391304347826,0.6403296703296704,0.029999999999999916,61,61,34,27,0.5573770491803278,1.0,0.43303367693143874,60.0,62.60655737704918,67.0,0,0,830.941,122.0,3819.0,3941.0,-419.0,-541.0,-0.10971458496988741,-0.1372748033494037,-8.868852459016393,-8.868852459016393,0.6460655737704919,-0.08868852459016408,62,62,43,19,0.6935483870967742,1.0,0.5703278379461328,61.0,64.69354838709677,69.0,0,0,831.0070000000001,119.0,4011.0,4130.0,289.0,170.0,0.07205185739217153,0.04116222760290557,2.7419354838709675,2.7419354838709675,0.6661290322580645,0.02741935483870972,True,False,False,0.9891304347826086,-8.868852459016393,-0.1372748033494037,v21,veto; base=book55_margin; choose=book_p_side; book_p_side>=0.55; ask<=95; sec_to_close>=120; margin_rv15>=0; impulse_3_5m>=80; impulse_3_5m-margin>=20; sec>=600; margin_sigma<=0.75; score<=0.82; fade_ask<=45,book55_margin,veto,impulse_3_5m,80.0,20.0,600.0,0.75,0.82,45.0,0,221,219,149,70,0.680365296803653,0.9909502262443439,0.6159494431339545,61.0,63.114155251141554,65.0,0,0,839.37476,432.0,13822.0,14254.0,1078.0,646.0,0.07799160758211547,0.04532061175810299,2.949771689497717,2.923076923076923,0.6508675799086759,0.029497716894977044,132,131,91,40,0.6946564885496184,0.9924242424242424,0.6111785725988003,61.0,63.19847328244275,65.0,0,0,839.42217,258.0,8279.0,8537.0,821.0,563.0,0.09916656601038773,0.0659482253719105,4.297709923664122,4.265151515151516,0.6516793893129771,0.04297709923664128,44,44,28,16,0.6363636363636364,1.0,0.48866376879043444,61.0,61.36363636363637,64.0,0,0,839.4476755000001,88.0,2700.0,2788.0,100.0,12.0,0.037037037037037035,0.00430416068866571,0.2727272727272727,0.2727272727272727,0.6336363636363637,0.0027272727272726893,45,44,30,14,0.6818181818181818,0.9777777777777777,0.5344310393781776,61.5,64.61363636363636,68.25,0,0,839.3180465,86.0,2843.0,2929.0,157.0,71.0,0.05522335561027084,0.02424035506998976,1.6136363636363635,1.5777777777777777,0.6656818181818182,0.016136363636363615,True,True,True,0.9777777777777777,0.2727272727272727,0.00430416068866571,0.6,1.0,-388.0,821.0,-288.0,True,False,False,False,False,0.9777777777777777,-8.868852459016393,-0.1372748033494037
current,mean55_veto_signed_move_5m_abs60_over20_sig0.75,veto; base=mean55; choose=score_mean_book_rv15; score_mean_book_rv15>=0.55; ask<=95; sec_to_close>=120; signed_move_5m>=60; signed_move_5m-margin>=20; sec>=600; margin_sigma<=0.75; score<=0.82; fade_ask<=45,mean55,veto,signed_move_5m,60.0,20.0,600.0,0.75,0.82,45.0,0,307,305,189,116,0.6196721311475409,0.993485342019544,0.5640204021636381,61.0,62.226229508196724,65.0,0,0,838.61,603.0,18979.0,19582.0,-79.0,-682.0,-0.004162495389641183,-0.034827903176386475,-2.236065573770492,-2.221498371335505,0.6420327868852459,-0.02236065573770496,184,182,112,70,0.6153846153846154,0.9891304347826086,0.5430128030749768,61.0,61.57692307692308,64.75,0,0,840.0435,361.0,11207.0,11568.0,-7.0,-368.0,-0.0006246096189881324,-0.0318118948824343,-2.021978021978022,-2.0,0.6356043956043956,-0.020219780219780215,61,61,35,26,0.5737704918032787,1.0,0.4489523044494656,62.0,62.24590163934426,66.0,0,0,837.494,122.0,3797.0,3919.0,-297.0,-419.0,-0.07821964708980775,-0.10691502934422047,-6.868852459016393,-6.868852459016393,0.6424590163934426,-0.06868852459016395,62,62,42,20,0.6774193548387096,1.0,0.5536808809284809,62.0,64.11290322580645,66.0,0,0,832.3520000000001,120.0,3975.0,4095.0,225.0,105.0,0.05660377358490566,0.02564102564102564,1.6935483870967742,1.6935483870967742,0.6604838709677419,0.01693548387096777,True,False,False,0.9891304347826086,-6.868852459016393,-0.10691502934422047,v21,veto; base=mean55; choose=score_mean_book_rv15; score_mean_book_rv15>=0.55; ask<=95; sec_to_close>=120; signed_move_5m>=60; signed_move_5m-margin>=20; sec>=600; margin_sigma<=0.75; score<=0.82; fade_ask<=45,mean55,veto,signed_move_5m,60.0,20.0,600.0,0.75,0.82,45.0,0,221,219,148,71,0.6757990867579908,0.9909502262443439,0.6112376507734046,61.0,62.337899543378995,65.5,0,0,839.498529,433.0,13652.0,14085.0,1148.0,715.0,0.0840902431878113,0.050763223287184946,3.2648401826484017,3.235294117647059,0.6431506849315067,0.0326484018264841,132,131,91,40,0.6946564885496184,0.9924242424242424,0.6111785725988003,61.0,62.20610687022901,65.0,0,0,839.479045,259.0,8149.0,8408.0,951.0,692.0,0.11670143575898884,0.08230256898192198,5.282442748091603,5.242424242424242,0.6418320610687022,0.0528244274809162,44,44,26,18,0.5909090909090909,1.0,0.444097537410319,61.0,60.88636363636363,64.0,0,0,839.775473,88.0,2679.0,2767.0,-79.0,-167.0,-0.029488615154908547,-0.06035417419588002,-3.7954545454545454,-3.7954545454545454,0.6288636363636364,-0.03795454545454546,45,44,31,13,0.7045454545454546,0.9777777777777777,0.5577979987383977,61.0,64.18181818181819,69.25,0,0,839.4210035000001,86.0,2824.0,2910.0,276.0,190.0,0.09773371104815864,0.06529209621993128,4.318181818181818,4.222222222222222,0.6613636363636364,0.04318181818181821,True,False,False,0.9777777777777777,-3.7954545454545454,-0.06035417419588002,0.4666666666666667,1.0,-422.0,33.0,-291.0,True,False,False,False,False,0.9777777777777777,-6.868852459016393,-0.10691502934422047
current,mean55_veto_signed_move_5m_abs60_over20_sig0.5,veto; base=mean55; choose=score_mean_book_rv15; score_mean_book_rv15>=0.55; ask<=95; sec_to_close>=120; signed_move_5m>=60; signed_move_5m-margin>=20; sec>=600; margin_sigma<=0.5; score<=0.82; fade_ask<=45,mean55,veto,signed_move_5m,60.0,20.0,600.0,0.5,0.82,45.0,0,307,305,189,116,0.6196721311475409,0.993485342019544,0.5640204021636381,61.0,62.19016393442623,66.0,0,0,838.973,605.0,18968.0,19573.0,-68.0,-673.0,-0.0035849852382960775,-0.03438410054667144,-2.2065573770491804,-2.192182410423453,0.6417377049180328,-0.022065573770491897,184,182,112,70,0.6153846153846154,0.9891304347826086,0.5430128030749768,61.0,61.565934065934066,64.75,0,0,840.0435,361.0,11205.0,11566.0,-5.0,-366.0,-0.0004462293618920125,-0.03164447518588968,-2.010989010989011,-1.9891304347826086,0.6354945054945055,-0.02010989010989006,61,61,35,26,0.5737704918032787,1.0,0.4489523044494656,62.0,62.24590163934426,66.0,0,0,837.494,122.0,3797.0,3919.0,-297.0,-419.0,-0.07821964708980775,-0.10691502934422047,-6.868852459016393,-6.868852459016393,0.6424590163934426,-0.06868852459016395,62,62,42,20,0.6774193548387096,1.0,0.5536808809284809,62.0,63.96774193548387,66.0,0,0,834.9035,122.0,3966.0,4088.0,234.0,112.0,0.059001512859304085,0.0273972602739726,1.8064516129032258,1.8064516129032258,0.6593548387096775,0.01806451612903215,True,False,False,0.9891304347826086,-6.868852459016393,-0.10691502934422047,v21,veto; base=mean55; choose=score_mean_book_rv15; score_mean_book_rv15>=0.55; ask<=95; sec_to_close>=120; signed_move_5m>=60; signed_move_5m-margin>=20; sec>=600; margin_sigma<=0.5; score<=0.82; fade_ask<=45,mean55,veto,signed_move_5m,60.0,20.0,600.0,0.5,0.82,45.0,0,221,219,148,71,0.6757990867579908,0.9909502262443439,0.6112376507734046,61.0,62.5662100456621,66.0,0,0,839.507279,432.0,13702.0,14134.0,1098.0,666.0,0.0801342869654065,0.04712041884816754,3.041095890410959,3.013574660633484,0.6453881278538813,0.030410958904109497,132,131,91,40,0.6946564885496184,0.9924242424242424,0.6111785725988003,61.0,62.51145038167939,65.0,0,0,839.487817,258.0,8189.0,8447.0,911.0,653.0,0.11124679448040053,0.07730555226707707,4.984732824427481,4.946969696969697,0.6448091603053435,0.04984732824427485,44,44,26,18,0.5909090909090909,1.0,0.444097537410319,61.0,61.11363636363637,64.25,0,0,839.775473,88.0,2689.0,2777.0,-89.0,-177.0,-0.033097805875790254,-0.06373784659704718,-4.0227272727272725,-4.0227272727272725,0.6311363636363636,-0.04022727272727267,45,44,31,13,0.7045454545454546,0.9777777777777777,0.5577979987383977,61.0,64.18181818181819,69.25,0,0,839.4210035000001,86.0,2824.0,2910.0,276.0,190.0,0.09773371104815864,0.06529209621993128,4.318181818181818,4.222222222222222,0.6613636363636364,0.04318181818181821,True,False,False,0.9777777777777777,-4.0227272727272725,-0.06373784659704718,0.4666666666666667,1.0,-422.0,-7.0,-294.0,True,False,False,False,False,0.9777777777777777,-6.868852459016393,-0.10691502934422047
current,mean55_veto_impulse_3_5m_abs80_over20_sig0.5,veto; base=mean55; choose=score_mean_book_rv15; score_mean_book_rv15>=0.55; ask<=95; sec_to_close>=120; impulse_3_5m>=80; impulse_3_5m-margin>=20; sec>=600; margin_sigma<=0.5; score<=0.82; fade_ask<=45,mean55,veto,impulse_3_5m,80.0,20.0,600.0,0.5,0.82,45.0,0,307,305,189,116,0.6196721311475409,0.993485342019544,0.5640204021636381,61.0,62.22295081967213,66.0,0,0,839.94,606.0,18978.0,19584.0,-78.0,-684.0,-0.004110022130888397,-0.034926470588235295,-2.2426229508196722,-2.228013029315961,0.6420983606557377,-0.022426229508196727,184,182,113,69,0.6208791208791209,0.9891304347826086,0.5485817285674833,61.0,61.505494505494504,64.0,0,0,840.9685,362.0,11194.0,11556.0,106.0,-256.0,0.009469358584956226,-0.02215299411561094,-1.4065934065934067,-1.391304347826087,0.6349450549450549,-0.014065934065934038,61,61,35,26,0.5737704918032787,1.0,0.4489523044494656,62.0,62.39344262295082,66.0,0,0,839.2,122.0,3806.0,3928.0,-306.0,-428.0,-0.08039936941671046,-0.10896130346232179,-7.016393442622951,-7.016393442622951,0.6439344262295082,-0.07016393442622959,62,62,41,21,0.6612903225806451,1.0,0.5371769954935818,62.0,64.16129032258064,67.75,0,0,834.9035,122.0,3978.0,4100.0,122.0,0.0,0.030668677727501256,0.0,0.0,0.0,0.6612903225806452,-1.1102230246251565e-16,True,False,False,0.9891304347826086,-100.0,-1.0,v21,veto; base=mean55; choose=score_mean_book_rv15; score_mean_book_rv15>=0.55; ask<=95; sec_to_close>=120; impulse_3_5m>=80; impulse_3_5m-margin>=20; sec>=600; margin_sigma<=0.5; score<=0.82; fade_ask<=45,mean55,veto,impulse_3_5m,80.0,20.0,600.0,0.5,0.82,45.0,0,221,219,149,70,0.680365296803653,0.9909502262443439,0.6159494431339545,61.0,62.593607305936075,66.0,0,0,839.522336,432.0,13708.0,14140.0,1192.0,760.0,0.08695652173913043,0.05374823196605375,3.470319634703196,3.4389140271493215,0.6456621004566209,0.03470319634703212,132,131,91,40,0.6946564885496184,0.9924242424242424,0.6111785725988003,61.0,62.6412213740458,65.0,0,0,839.507279,258.0,8206.0,8464.0,894.0,636.0,0.10894467462832073,0.07514177693761814,4.854961832061068,4.818181818181818,0.6461068702290077,0.048549618320610666,44,44,26,18,0.5909090909090909,1.0,0.444097537410319,60.5,60.81818181818182,64.0,0,0,839.775473,88.0,2676.0,2764.0,-76.0,-164.0,-0.028400597907324365,-0.059334298118668596,-3.727272727272727,-3.727272727272727,0.6281818181818182,-0.037272727272727235,45,44,32,12,0.7272727272727273,0.9777777777777777,0.581511269075488,61.0,64.22727272727273,69.25,0,0,839.4754245,86.0,2826.0,2912.0,374.0,288.0,0.13234253361641896,0.0989010989010989,6.545454545454546,6.4,0.6618181818181817,0.06545454545454554,True,False,False,0.9777777777777777,-3.727272727272727,-0.059334298118668596,0.4666666666666667,1.0,-425.0,76.0,-304.0,True,False,False,False,False,0.9777777777777777,-100.0,-1.0
current,mean55_veto_impulse_3_5m_abs80_over40_sig0.5,veto; base=mean55; choose=score_mean_book_rv15; score_mean_book_rv15>=0.55; ask<=95; sec_to_close>=120; impulse_3_5m>=80; impulse_3_5m-margin>=40; sec>=600; margin_sigma<=0.5; score<=0.82; fade_ask<=45,mean55,veto,impulse_3_5m,80.0,40.0,600.0,0.5,0.82,45.0,0,307,305,188,117,0.6163934426229508,0.993485342019544,0.5606948005212326,61.0,62.144262295081965,66.0,0,0,839.984,606.0,18954.0,19560.0,-154.0,-760.0,-0.008124934050859976,-0.03885480572597137,-2.4918032786885247,-2.47557003257329,0.641311475409836,-0.024918032786885203,184,182,112,70,0.6153846153846154,0.9891304347826086,0.5430128030749768,61.0,61.357142857142854,64.0,0,0,841.3435,362.0,11167.0,11529.0,33.0,-329.0,0.0029551356675920123,-0.02853673345476624,-1.8076923076923077,-1.7880434782608696,0.6334615384615384,-0.01807692307692299,61,61,35,26,0.5737704918032787,1.0,0.4489523044494656,62.0,62.39344262295082,66.0,0,0,839.2,122.0,3806.0,3928.0,-306.0,-428.0,-0.08039936941671046,-0.10896130346232179,-7.016393442622951,-7.016393442622951,0.6439344262295082,-0.07016393442622959,62,62,41,21,0.6612903225806451,1.0,0.5371769954935818,62.0,64.20967741935483,68.0,0,0,836.119,122.0,3981.0,4103.0,119.0,-3.0,0.02989198693795529,-0.00073117231294175,-0.04838709677419355,-0.04838709677419355,0.6617741935483871,-0.0004838709677419395,True,False,False,0.9891304347826086,-7.016393442622951,-0.10896130346232179,v21,veto; base=mean55; choose=score_mean_book_rv15; score_mean_book_rv15>=0.55; ask<=95; sec_to_close>=120; impulse_3_5m>=80; impulse_3_5m-margin>=40; sec>=600; margin_sigma<=0.5; score<=0.82; fade_ask<=45,mean55,veto,impulse_3_5m,80.0,40.0,600.0,0.5,0.82,45.0,0,221,219,148,71,0.6757990867579908,0.9909502262443439,0.6112376507734046,61.0,62.401826484018265,65.5,0,0,839.522336,434.0,13666.0,14100.0,1134.0,700.0,0.08297965754427045,0.04964539007092199,3.1963470319634704,3.167420814479638,0.6438356164383562,0.031963470319634646,132,131,90,41,0.6870229007633588,0.9924242424242424,0.6032467934308663,61.0,62.3206106870229,65.0,0,0,839.507279,260.0,8164.0,8424.0,836.0,576.0,0.10240078392944635,0.06837606837606838,4.396946564885496,4.363636363636363,0.6430534351145039,0.043969465648854955,44,44,26,18,0.5909090909090909,1.0,0.444097537410319,60.5,60.81818181818182,64.0,0,0,839.775473,88.0,2676.0,2764.0,-76.0,-164.0,-0.028400597907324365,-0.059334298118668596,-3.727272727272727,-3.727272727272727,0.6281818181818182,-0.037272727272727235,45,44,32,12,0.7272727272727273,0.9777777777777777,0.581511269075488,61.0,64.22727272727273,69.25,0,0,839.4754245,86.0,2826.0,2912.0,374.0,288.0,0.13234253361641896,0.0989010989010989,6.545454545454546,6.4,0.6618181818181817,0.06545454545454554,True,False,False,0.9777777777777777,-3.727272727272727,-0.059334298118668596,0.4666666666666667,1.0,-425.0,-60.0,-307.0,True,False,False,False,False,0.9777777777777777,-7.016393442622951,-0.10896130346232179
current,mean55_veto_impulse_3_5m_abs60_over0_sig0.5,veto; base=mean55; choose=score_mean_book_rv15; score_mean_book_rv15>=0.55; ask<=95; sec_to_close>=120; impulse_3_5m>=60; impulse_3_5m-margin>=0; sec>=600; margin_sigma<=0.5; score<=0.82; fade_ask<=45,mean55,veto,impulse_3_5m,60.0,0.0,600.0,0.5,0.82,45.0,0,307,305,190,115,0.6229508196721312,0.993485342019544,0.5673485879627841,61.0,62.55081967213115,66.0,0,0,837.641,604.0,19078.0,19682.0,-78.0,-682.0,-0.004088478876192473,-0.03465095010669647,-2.236065573770492,-2.221498371335505,0.645311475409836,-0.02236065573770485,184,182,113,69,0.6208791208791209,0.9891304347826086,0.5485817285674833,61.0,61.93956043956044,65.0,0,0,839.6785,360.0,11273.0,11633.0,27.0,-333.0,0.002395103344273929,-0.028625462047623142,-1.8296703296703296,-1.809782608695652,0.6391758241758242,-0.0182967032967033,61,61,35,26,0.5737704918032787,1.0,0.4489523044494656,62.0,62.36065573770492,66.0,0,0,835.087,122.0,3804.0,3926.0,-304.0,-426.0,-0.07991587802313355,-0.10850738665308202,-6.983606557377049,-6.983606557377049,0.6436065573770493,-0.06983606557377064,62,62,42,20,0.6774193548387096,1.0,0.5536808809284809,62.0,64.53225806451613,68.75,0,0,827.174,122.0,4001.0,4123.0,199.0,77.0,0.04973756560859785,0.01867572156196944,1.2419354838709677,1.2419354838709677,0.665,0.012419354838709595,True,False,False,0.9891304347826086,-6.983606557377049,-0.10850738665308202,v21,veto; base=mean55; choose=score_mean_book_rv15; score_mean_book_rv15>=0.55; ask<=95; sec_to_close>=120; impulse_3_5m>=60; impulse_3_5m-margin>=0; sec>=600; margin_sigma<=0.5; score<=0.82; fade_ask<=45,mean55,veto,impulse_3_5m,60.0,0.0,600.0,0.5,0.82,45.0,0,221,219,150,69,0.684931506849315,0.9909502262443439,0.6206678423653607,61.0,62.89497716894977,66.0,0,0,839.479045,430.0,13774.0,14204.0,1226.0,796.0,0.08900827646290112,0.05604055195719516,3.634703196347032,3.6018099547511313,0.6485844748858447,0.03634703196347033,132,131,93,38,0.7099236641221374,0.9924242424242424,0.6271154560889036,61.0,63.25190839694657,66.5,0,0,839.42217,256.0,8286.0,8542.0,1014.0,758.0,0.1223750905141202,0.0887380004682744,5.786259541984733,5.742424242424242,0.6520610687022902,0.057862595419847174,44,44,26,18,0.5909090909090909,1.0,0.444097537410319,60.5,60.54545454545455,64.25,0,0,839.775473,88.0,2664.0,2752.0,-64.0,-152.0,-0.024024024024024024,-0.055232558139534885,-3.4545454545454546,-3.4545454545454546,0.6254545454545455,-0.034545454545454546,45,44,31,13,0.7045454545454546,0.9777777777777777,0.5577979987383977,61.0,64.18181818181819,69.25,0,0,839.4210035000001,86.0,2824.0,2910.0,276.0,190.0,0.09773371104815864,0.06529209621993128,4.318181818181818,4.222222222222222,0.6613636363636364,0.04318181818181821,True,False,False,0.9777777777777777,-3.4545454545454546,-0.055232558139534885,0.4666666666666667,1.0,-422.0,114.0,-311.0,True,False,False,False,False,0.9777777777777777,-6.983606557377049,-0.10850738665308202
current,regime55_veto_impulse_3_5m_abs40_over0_sig0.5,veto; base=regime55; choose=score_regime_blend; score_regime_blend>=0.55; ask<=95; sec_to_close>=120; impulse_3_5m>=40; impulse_3_5m-margin>=0; sec>=600; margin_sigma<=0.5; score<=0.82; fade_ask<=45,regime55,veto,impulse_3_5m,40.0,0.0,600.0,0.5,0.82,45.0,0,307,305,181,124,0.5934426229508196,0.993485342019544,0.5374869492439074,60.0,60.937704918032786,66.0,0,0,834.093,602.0,18586.0,19188.0,-486.0,-1088.0,-0.026148714085871085,-0.05670210548259329,-3.5672131147540984,-3.543973941368078,0.6291147540983606,-0.035672131147540975,184,182,107,75,0.5879120879120879,0.9891304347826086,0.5153050291472446,59.0,60.1978021978022,65.0,0,0,835.7825,358.0,10956.0,11314.0,-256.0,-614.0,-0.023366192040890837,-0.05426904719816157,-3.3736263736263736,-3.3369565217391304,0.6216483516483515,-0.033736263736263594,61,61,32,29,0.5245901639344263,1.0,0.40157156924985693,58.0,59.868852459016395,66.0,0,0,839.499,122.0,3652.0,3774.0,-452.0,-574.0,-0.12376779846659365,-0.15209326974032855,-9.40983606557377,-9.40983606557377,0.618688524590164,-0.09409836065573773,62,62,42,20,0.6774193548387096,1.0,0.5536808809284809,62.5,64.16129032258064,70.75,0,0,810.5955,122.0,3978.0,4100.0,222.0,100.0,0.05580693815987934,0.024390243902439025,1.6129032258064515,1.6129032258064515,0.6612903225806451,0.016129032258064502,True,False,False,0.9891304347826086,-9.40983606557377,-0.15209326974032855,v21,veto; base=regime55; choose=score_regime_blend; score_regime_blend>=0.55; ask<=95; sec_to_close>=120; impulse_3_5m>=40; impulse_3_5m-margin>=0; sec>=600; margin_sigma<=0.5; score<=0.82; fade_ask<=45,regime55,veto,impulse_3_5m,40.0,0.0,600.0,0.5,0.82,45.0,0,221,219,143,76,0.6529680365296804,0.9909502262443439,0.587775377877362,60.0,61.50228310502283,67.0,0,0,839.474532,427.0,13469.0,13896.0,831.0,404.0,0.06169723067785285,0.029073114565342544,1.8447488584474885,1.8280542986425339,0.6345205479452054,0.01844748858447498,132,131,87,44,0.6641221374045801,0.9924242424242424,0.5795924913457884,61.0,62.61832061068702,68.5,0,0,839.466025,255.0,8203.0,8458.0,497.0,242.0,0.0605875899061319,0.028611965003546937,1.8473282442748091,1.8333333333333333,0.6456488549618321,0.01847328244274804,44,44,26,18,0.5909090909090909,1.0,0.444097537410319,60.5,60.22727272727273,63.25,0,0,839.2459240000001,86.0,2650.0,2736.0,-50.0,-136.0,-0.018867924528301886,-0.049707602339181284,-3.090909090909091,-3.090909090909091,0.6218181818181818,-0.030909090909090886,45,44,30,14,0.6818181818181818,0.9777777777777777,0.5344310393781776,58.0,59.45454545454545,66.25,0,0,848.536615,86.0,2616.0,2702.0,384.0,298.0,0.14678899082568808,0.11028867505551443,6.7727272727272725,6.622222222222222,0.6140909090909091,0.06772727272727264,True,False,False,0.9777777777777777,-3.090909090909091,-0.049707602339181284,0.26666666666666666,1.0,-483.0,-684.0,-312.0,True,False,False,False,False,0.9777777777777777,-9.40983606557377,-0.15209326974032855
current,book55_margin_veto_signed_move_5m_abs80_over0_sig0.5,veto; base=book55_margin; choose=book_p_side; book_p_side>=0.55; ask<=95; sec_to_close>=120; margin_rv15>=0; signed_move_5m>=80; signed_move_5m-margin>=0; sec>=600; margin_sigma<=0.5; score<=0.82; fade_ask<=45,book55_margin,veto,signed_move_5m,80.0,0.0,600.0,0.5,0.82,45.0,0,307,305,198,107,0.6491803278688525,0.993485342019544,0.5940687599896416,60.0,62.49508196721312,65.0,0,0,833.123,604.0,19061.0,19665.0,739.0,135.0,0.038770263889617546,0.006864988558352402,0.4426229508196721,0.43973941368078173,0.6447540983606558,0.004426229508196711,184,182,122,60,0.6703296703296703,0.9891304347826086,0.599130553084293,60.0,62.03846153846154,64.0,0,0,832.6505,360.0,11291.0,11651.0,909.0,549.0,0.08050659817553804,0.04712041884816754,3.0164835164835164,2.983695652173913,0.6401648351648352,0.030164835164835035,61,61,34,27,0.5573770491803278,1.0,0.43303367693143874,60.0,62.60655737704918,67.0,0,0,830.941,122.0,3819.0,3941.0,-419.0,-541.0,-0.10971458496988741,-0.1372748033494037,-8.868852459016393,-8.868852459016393,0.6460655737704919,-0.08868852459016408,62,62,42,20,0.6774193548387096,1.0,0.5536808809284809,61.0,63.725806451612904,66.0,0,0,836.5555,122.0,3951.0,4073.0,249.0,127.0,0.0630220197418375,0.031180947704394796,2.0483870967741935,2.0483870967741935,0.6569354838709678,0.020483870967741846,True,False,False,0.9891304347826086,-8.868852459016393,-0.1372748033494037,v21,veto; base=book55_margin; choose=book_p_side; book_p_side>=0.55; ask<=95; sec_to_close>=120; margin_rv15>=0; signed_move_5m>=80; signed_move_5m-margin>=0; sec>=600; margin_sigma<=0.5; score<=0.82; fade_ask<=45,book55_margin,veto,signed_move_5m,80.0,0.0,600.0,0.5,0.82,45.0,0,221,219,148,71,0.6757990867579908,0.9909502262443439,0.6112376507734046,61.0,63.29223744292238,66.0,0,0,839.403719,432.0,13861.0,14293.0,939.0,507.0,0.06774403001226463,0.03547190932624362,2.315068493150685,2.2941176470588234,0.6526484018264841,0.023150684931506738,132,131,90,41,0.6870229007633588,0.9924242424242424,0.6032467934308663,61.0,63.62595419847328,65.5,0,0,839.455578,258.0,8335.0,8593.0,665.0,407.0,0.07978404319136173,0.04736413359711393,3.1068702290076335,3.0833333333333335,0.6559541984732825,0.0310687022900763,44,44,28,16,0.6363636363636364,1.0,0.48866376879043444,61.0,60.97727272727273,64.0,0,0,839.4476755000001,88.0,2683.0,2771.0,117.0,29.0,0.04360790160268356,0.010465535907614579,0.6590909090909091,0.6590909090909091,0.6297727272727273,0.006590909090909092,45,44,30,14,0.6818181818181818,0.9777777777777777,0.5344310393781776,61.5,64.61363636363636,68.25,0,0,839.3180465,86.0,2843.0,2929.0,157.0,71.0,0.05522335561027084,0.02424035506998976,1.6136363636363635,1.5777777777777777,0.6656818181818182,0.016136363636363615,True,True,True,0.9777777777777777,0.6590909090909091,0.010465535907614579,0.6,1.0,-388.0,642.0,-314.0,True,False,False,False,False,0.9777777777777777,-8.868852459016393,-0.1372748033494037
current,mean55_veto_signed_move_5m_abs40_over0_sig0.5,veto; base=mean55; choose=score_mean_book_rv15; score_mean_book_rv15>=0.55; ask<=95; sec_to_close>=120; signed_move_5m>=40; signed_move_5m-margin>=0; sec>=600; margin_sigma<=0.5; score<=0.82; fade_ask<=45,mean55,veto,signed_move_5m,40.0,0.0,600.0,0.5,0.82,45.0,0,307,305,185,120,0.6065573770491803,0.993485342019544,0.550733377626349,61.0,62.334426229508196,66.0,0,0,836.463,604.0,19012.0,19616.0,-512.0,-1116.0,-0.026930359772775088,-0.05689233278955955,-3.6590163934426227,-3.6351791530944624,0.6431475409836065,-0.036590163934426156,184,182,107,75,0.5879120879120879,0.9891304347826086,0.5153050291472446,61.0,61.71978021978022,65.0,0,0,838.043,360.0,11233.0,11593.0,-533.0,-893.0,-0.047449479213033025,-0.07702924178383508,-4.906593406593407,-4.853260869565218,0.636978021978022,-0.04906593406593407,61,61,35,26,0.5737704918032787,1.0,0.4489523044494656,62.0,62.24590163934426,66.0,0,0,833.849,122.0,3797.0,3919.0,-297.0,-419.0,-0.07821964708980775,-0.10691502934422047,-6.868852459016393,-6.868852459016393,0.6424590163934427,-0.06868852459016406,62,62,43,19,0.6935483870967742,1.0,0.5703278379461328,61.5,64.2258064516129,68.75,0,0,828.4745,122.0,3982.0,4104.0,318.0,196.0,0.07985936715218483,0.04775828460038986,3.161290322580645,3.161290322580645,0.6619354838709677,0.031612903225806566,True,False,False,0.9891304347826086,-6.868852459016393,-0.10691502934422047,v21,veto; base=mean55; choose=score_mean_book_rv15; score_mean_book_rv15>=0.55; ask<=95; sec_to_close>=120; signed_move_5m>=40; signed_move_5m-margin>=0; sec>=600; margin_sigma<=0.5; score<=0.82; fade_ask<=45,mean55,veto,signed_move_5m,40.0,0.0,600.0,0.5,0.82,45.0,0,221,219,146,73,0.6666666666666666,0.9909502262443439,0.6018336017727641,61.0,63.22831050228311,67.0,0,0,839.42217,429.0,13847.0,14276.0,753.0,324.0,0.054380010110493246,0.02269543289436817,1.4794520547945205,1.4660633484162895,0.6518721461187215,0.014794520547945167,132,131,90,41,0.6870229007633588,0.9924242424242424,0.6032467934308663,61.0,63.58015267175573,68.5,0,0,839.42217,256.0,8329.0,8585.0,671.0,415.0,0.08056189218393564,0.048340128130460104,3.16793893129771,3.143939393939394,0.6553435114503816,0.0316793893129772,44,44,26,18,0.5909090909090909,1.0,0.444097537410319,61.0,61.27272727272727,63.25,0,0,839.6187005,87.0,2696.0,2783.0,-96.0,-183.0,-0.03560830860534125,-0.06575637800934243,-4.159090909090909,-4.159090909090909,0.6325,-0.04159090909090901,45,44,30,14,0.6818181818181818,0.9777777777777777,0.5344310393781776,61.0,64.13636363636364,69.25,0,0,839.359927,86.0,2822.0,2908.0,178.0,92.0,0.06307583274273565,0.03163686382393398,2.090909090909091,2.0444444444444443,0.6609090909090909,0.020909090909090877,True,False,False,0.9777777777777777,-4.159090909090909,-0.06575637800934243,0.4,1.0,-528.0,-792.0,-314.0,True,False,False,False,False,0.9777777777777777,-6.868852459016393,-0.10691502934422047
current,mean55_veto_impulse_3_5m_abs80_over40_sig0.75,veto; base=mean55; choose=score_mean_book_rv15; score_mean_book_rv15>=0.55; ask<=95; sec_to_close>=120; impulse_3_5m>=80; impulse_3_5m-margin>=40; sec>=600; margin_sigma<=0.75; score<=0.82; fade_ask<=45,mean55,veto,impulse_3_5m,80.0,40.0,600.0,0.75,0.82,45.0,0,307,305,188,117,0.6163934426229508,0.993485342019544,0.5606948005212326,61.0,62.18032786885246,66.0,0,0,839.954,605.0,18965.0,19570.0,-165.0,-770.0,-0.008700237279198523,-0.03934593765968319,-2.5245901639344264,-2.50814332247557,0.6416393442622951,-0.02524590163934426,184,182,112,70,0.6153846153846154,0.9891304347826086,0.5430128030749768,61.0,61.34065934065934,64.0,0,0,841.3435,362.0,11164.0,11526.0,36.0,-326.0,0.0032246506628448583,-0.028283879923650876,-1.7912087912087913,-1.7717391304347827,0.6332967032967033,-0.01791208791208787,61,61,35,26,0.5737704918032787,1.0,0.4489523044494656,62.0,62.39344262295082,66.0,0,0,839.2,122.0,3806.0,3928.0,-306.0,-428.0,-0.08039936941671046,-0.10896130346232179,-7.016393442622951,-7.016393442622951,0.6439344262295082,-0.07016393442622959,62,62,41,21,0.6612903225806451,1.0,0.5371769954935818,62.0,64.43548387096774,68.0,0,0,834.9035,121.0,3995.0,4116.0,105.0,-16.0,0.026282853566958697,-0.003887269193391642,-0.25806451612903225,-0.25806451612903225,0.6638709677419354,-0.002580645161290307,True,False,False,0.9891304347826086,-7.016393442622951,-0.10896130346232179,v21,veto; base=mean55; choose=score_mean_book_rv15; score_mean_book_rv15>=0.55; ask<=95; sec_to_close>=120; impulse_3_5m>=80; impulse_3_5m-margin>=40; sec>=600; margin_sigma<=0.75; score<=0.82; fade_ask<=45,mean55,veto,impulse_3_5m,80.0,40.0,600.0,0.75,0.82,45.0,0,221,219,148,71,0.6757990867579908,0.9909502262443439,0.6112376507734046,61.0,62.29223744292238,65.0,0,0,839.513552,434.0,13642.0,14076.0,1158.0,724.0,0.08488491423544935,0.051435066780335326,3.3059360730593608,3.276018099547511,0.6427397260273973,0.03305936073059357,132,131,90,41,0.6870229007633588,0.9924242424242424,0.6032467934308663,61.0,62.13740458015267,65.0,0,0,839.498529,260.0,8140.0,8400.0,860.0,600.0,0.10565110565110565,0.07142857142857142,4.580152671755725,4.545454545454546,0.6412213740458015,0.04580152671755733,44,44,26,18,0.5909090909090909,1.0,0.444097537410319,60.5,60.81818181818182,64.0,0,0,839.775473,88.0,2676.0,2764.0,-76.0,-164.0,-0.028400597907324365,-0.059334298118668596,-3.727272727272727,-3.727272727272727,0.6281818181818182,-0.037272727272727235,45,44,32,12,0.7272727272727273,0.9777777777777777,0.581511269075488,61.0,64.22727272727273,69.25,0,0,839.4754245,86.0,2826.0,2912.0,374.0,288.0,0.13234253361641896,0.0989010989010989,6.545454545454546,6.4,0.6618181818181817,0.06545454545454554,True,False,False,0.9777777777777777,-3.727272727272727,-0.059334298118668596,0.4666666666666667,1.0,-425.0,-46.0,-320.0,True,False,False,False,False,0.9777777777777777,-7.016393442622951,-0.10896130346232179
current,regime55_veto_impulse_3_5m_abs40_over20_sig0.75,veto; base=regime55; choose=score_regime_blend; score_regime_blend>=0.55; ask<=95; sec_to_close>=120; impulse_3_5m>=40; impulse_3_5m-margin>=20; sec>=600; margin_sigma<=0.75; score<=0.82; fade_ask<=45,regime55,veto,impulse_3_5m,40.0,20.0,600.0,0.75,0.82,45.0,0,307,305,179,126,0.5868852459016394,0.993485342019544,0.5308787508233015,60.0,60.86229508196721,66.0,0,0,836.293,601.0,18563.0,19164.0,-663.0,-1264.0,-0.03571620966438614,-0.065957002713421,-4.144262295081967,-4.1172638436482085,0.628327868852459,-0.041442622950819574,184,182,105,77,0.5769230769230769,0.9891304347826086,0.5042846458792185,59.0,59.86813186813187,64.0,0,0,838.3305,360.0,10896.0,11256.0,-396.0,-756.0,-0.03634361233480176,-0.06716417910447761,-4.153846153846154,-4.108695652173913,0.6184615384615385,-0.041538461538461635,61,61,32,29,0.5245901639344263,1.0,0.40157156924985693,58.0,59.868852459016395,66.0,0,0,839.499,122.0,3652.0,3774.0,-452.0,-574.0,-0.12376779846659365,-0.15209326974032855,-9.40983606557377,-9.40983606557377,0.618688524590164,-0.09409836065573773,62,62,42,20,0.6774193548387096,1.0,0.5536808809284809,62.0,64.75806451612904,71.0,0,0,783.2795,119.0,4015.0,4134.0,185.0,66.0,0.0460772104607721,0.015965166908563134,1.064516129032258,1.064516129032258,0.6667741935483871,0.010645161290322558,True,False,False,0.9891304347826086,-9.40983606557377,-0.15209326974032855,v21,veto; base=regime55; choose=score_regime_blend; score_regime_blend>=0.55; ask<=95; sec_to_close>=120; impulse_3_5m>=40; impulse_3_5m-margin>=20; sec>=600; margin_sigma<=0.75; score<=0.82; fade_ask<=45,regime55,veto,impulse_3_5m,40.0,20.0,600.0,0.75,0.82,45.0,0,221,219,144,75,0.6575342465753424,0.9909502262443439,0.5924551557805612,60.0,61.1689497716895,66.0,0,0,839.507279,430.0,13396.0,13826.0,1004.0,574.0,0.07494774559570021,0.041515984377260236,2.6210045662100456,2.5972850678733033,0.6313242009132419,0.0262100456621005,132,131,88,43,0.6717557251908397,0.9924242424242424,0.5874541794197865,61.0,62.2442748091603,67.0,0,0,839.473117,257.0,8154.0,8411.0,646.0,389.0,0.07922492028452294,0.046248959695636666,2.969465648854962,2.946969696969697,0.6420610687022901,0.02969465648854963,44,44,26,18,0.5909090909090909,1.0,0.444097537410319,60.0,59.68181818181818,62.25,0,0,839.5048565,87.0,2626.0,2713.0,-26.0,-113.0,-0.009900990099009901,-0.041651308514559525,-2.5681818181818183,-2.5681818181818183,0.6165909090909092,-0.02568181818181825,45,44,30,14,0.6818181818181818,0.9777777777777777,0.5344310393781776,58.0,59.45454545454545,66.25,0,0,848.536615,86.0,2616.0,2702.0,384.0,298.0,0.14678899082568808,0.11028867505551443,6.7727272727272725,6.622222222222222,0.6140909090909091,0.06772727272727264,True,False,False,0.9777777777777777,-2.5681818181818183,-0.041651308514559525,0.26666666666666666,1.0,-483.0,-690.0,-323.0,True,False,False,False,False,0.9777777777777777,-9.40983606557377,-0.15209326974032855
current,book55_margin_veto_signed_move_5m_abs80_over40_sig0.5,veto; base=book55_margin; choose=book_p_side; book_p_side>=0.55; ask<=95; sec_to_close>=120; margin_rv15>=0; signed_move_5m>=80; signed_move_5m-margin>=40; sec>=600; margin_sigma<=0.5; score<=0.82; fade_ask<=45,book55_margin,veto,signed_move_5m,80.0,40.0,600.0,0.5,0.82,45.0,0,307,305,198,107,0.6491803278688525,0.993485342019544,0.5940687599896416,60.0,62.41639344262295,65.0,0,0,833.258,605.0,19037.0,19642.0,763.0,158.0,0.04007984451331617,0.008043987373994501,0.5180327868852459,0.5146579804560261,0.6439999999999999,0.0051803278688525856,184,182,122,60,0.6703296703296703,0.9891304347826086,0.599130553084293,60.0,61.94505494505494,64.0,0,0,832.6505,361.0,11274.0,11635.0,926.0,565.0,0.08213588788362604,0.048560378169316715,3.1043956043956045,3.0706521739130435,0.6392857142857143,0.031043956043955934,61,61,34,27,0.5573770491803278,1.0,0.43303367693143874,60.0,62.60655737704918,67.0,0,0,830.941,122.0,3819.0,3941.0,-419.0,-541.0,-0.10971458496988741,-0.1372748033494037,-8.868852459016393,-8.868852459016393,0.6460655737704919,-0.08868852459016408,62,62,42,20,0.6774193548387096,1.0,0.5536808809284809,61.0,63.61290322580645,66.0,0,0,836.7455,122.0,3944.0,4066.0,256.0,134.0,0.06490872210953347,0.03295622233152976,2.161290322580645,2.161290322580645,0.6558064516129032,0.021612903225806446,True,False,False,0.9891304347826086,-8.868852459016393,-0.1372748033494037,v21,veto; base=book55_margin; choose=book_p_side; book_p_side>=0.55; ask<=95; sec_to_close>=120; margin_rv15>=0; signed_move_5m>=80; signed_move_5m-margin>=40; sec>=600; margin_sigma<=0.5; score<=0.82; fade_ask<=45,book55_margin,veto,signed_move_5m,80.0,40.0,600.0,0.5,0.82,45.0,0,221,219,148,71,0.6757990867579908,0.9909502262443439,0.6112376507734046,61.0,63.118721461187214,66.0,0,0,839.42217,434.0,13823.0,14257.0,977.0,543.0,0.07067930261158938,0.03808655397348671,2.4794520547945207,2.4570135746606336,0.6510045662100457,0.024794520547945176,132,131,90,41,0.6870229007633588,0.9924242424242424,0.6032467934308663,61.0,63.20610687022901,65.0,0,0,839.459543,260.0,8280.0,8540.0,720.0,460.0,0.08695652173913043,0.053864168618266976,3.5114503816793894,3.484848484848485,0.6519083969465649,0.03511450381679393,44,44,28,16,0.6363636363636364,1.0,0.48866376879043444,61.0,61.36363636363637,64.0,0,0,839.4476755000001,88.0,2700.0,2788.0,100.0,12.0,0.037037037037037035,0.00430416068866571,0.2727272727272727,0.2727272727272727,0.6336363636363637,0.0027272727272726893,45,44,30,14,0.6818181818181818,0.9777777777777777,0.5344310393781776,61.5,64.61363636363636,68.25,0,0,839.3180465,86.0,2843.0,2929.0,157.0,71.0,0.05522335561027084,0.02424035506998976,1.6136363636363635,1.5777777777777777,0.6656818181818182,0.016136363636363615,True,True,True,0.9777777777777777,0.2727272727272727,0.00430416068866571,0.6,1.0,-388.0,701.0,-324.0,True,False,False,False,False,0.9777777777777777,-8.868852459016393,-0.1372748033494037
current,book55_margin_veto_signed_move_5m_abs80_over0_sig0.75,veto; base=book55_margin; choose=book_p_side; book_p_side>=0.55; ask<=95; sec_to_close>=120; margin_rv15>=0; signed_move_5m>=80; signed_move_5m-margin>=0; sec>=600; margin_sigma<=0.75; score<=0.82; fade_ask<=45,book55_margin,veto,signed_move_5m,80.0,0.0,600.0,0.75,0.82,45.0,0,307,305,198,107,0.6491803278688525,0.993485342019544,0.5940687599896416,60.0,62.49508196721312,65.0,0,0,833.013,603.0,19061.0,19664.0,739.0,136.0,0.038770263889617546,0.006916192026037429,0.4459016393442623,0.44299674267100975,0.6447213114754098,0.004459016393442705,184,182,122,60,0.6703296703296703,0.9891304347826086,0.599130553084293,60.0,61.97802197802198,64.0,0,0,832.1305,360.0,11280.0,11640.0,920.0,560.0,0.08156028368794327,0.048109965635738834,3.076923076923077,3.0434782608695654,0.6395604395604396,0.03076923076923066,61,61,34,27,0.5573770491803278,1.0,0.43303367693143874,60.0,62.60655737704918,67.0,0,0,830.941,122.0,3819.0,3941.0,-419.0,-541.0,-0.10971458496988741,-0.1372748033494037,-8.868852459016393,-8.868852459016393,0.6460655737704919,-0.08868852459016408,62,62,42,20,0.6774193548387096,1.0,0.5536808809284809,61.0,63.903225806451616,66.0,0,0,835.4025,121.0,3962.0,4083.0,238.0,117.0,0.06007067137809187,0.028655400440852314,1.8870967741935485,1.8870967741935485,0.6585483870967742,0.018870967741935418,True,False,False,0.9891304347826086,-8.868852459016393,-0.1372748033494037,v21,veto; base=book55_margin; choose=book_p_side; book_p_side>=0.55; ask<=95; sec_to_close>=120; margin_rv15>=0; signed_move_5m>=80; signed_move_5m-margin>=0; sec>=600; margin_sigma<=0.75; score<=0.82; fade_ask<=45,book55_margin,veto,signed_move_5m,80.0,0.0,600.0,0.75,0.82,45.0,0,221,219,148,71,0.6757990867579908,0.9909502262443439,0.6112376507734046,61.0,63.15525114155251,65.0,0,0,839.37476,431.0,13831.0,14262.0,969.0,538.0,0.07006001012218928,0.03772261954845043,2.4566210045662102,2.434389140271493,0.6512328767123288,0.024566210045662062,132,131,90,41,0.6870229007633588,0.9924242424242424,0.6032467934308663,61.0,63.396946564885496,65.0,0,0,839.42217,257.0,8305.0,8562.0,695.0,438.0,0.08368452739313667,0.051156271899089,3.3435114503816794,3.3181818181818183,0.6535877862595421,0.033435114503816754,44,44,28,16,0.6363636363636364,1.0,0.48866376879043444,61.0,60.97727272727273,64.0,0,0,839.4476755000001,88.0,2683.0,2771.0,117.0,29.0,0.04360790160268356,0.010465535907614579,0.6590909090909091,0.6590909090909091,0.6297727272727273,0.006590909090909092,45,44,30,14,0.6818181818181818,0.9777777777777777,0.5344310393781776,61.5,64.61363636363636,68.25,0,0,839.3180465,86.0,2843.0,2929.0,157.0,71.0,0.05522335561027084,0.02424035506998976,1.6136363636363635,1.5777777777777777,0.6656818181818182,0.016136363636363615,True,True,True,0.9777777777777777,0.6590909090909091,0.010465535907614579,0.6,1.0,-388.0,674.0,-324.0,True,False,False,False,False,0.9777777777777777,-8.868852459016393,-0.1372748033494037
current,mean55_veto_impulse_3_5m_abs60_over40_sig0.5,veto; base=mean55; choose=score_mean_book_rv15; score_mean_book_rv15>=0.55; ask<=95; sec_to_close>=120; impulse_3_5m>=60; impulse_3_5m-margin>=40; sec>=600; margin_sigma<=0.5; score<=0.82; fade_ask<=45,mean55,veto,impulse_3_5m,60.0,40.0,600.0,0.5,0.82,45.0,0,307,305,188,117,0.6163934426229508,0.993485342019544,0.5606948005212326,61.0,62.40983606557377,66.0,0,0,838.61,605.0,19035.0,19640.0,-235.0,-840.0,-0.012345679012345678,-0.04276985743380855,-2.7540983606557377,-2.736156351791531,0.6439344262295081,-0.027540983606557323,184,182,112,70,0.6153846153846154,0.9891304347826086,0.5430128030749768,61.0,61.71978021978022,65.0,0,0,840.0435,361.0,11233.0,11594.0,-33.0,-394.0,-0.0029377726342027953,-0.03398309470415732,-2.1648351648351647,-2.141304347826087,0.637032967032967,-0.02164835164835155,61,61,35,26,0.5737704918032787,1.0,0.4489523044494656,62.0,62.39344262295082,66.0,0,0,839.2,122.0,3806.0,3928.0,-306.0,-428.0,-0.08039936941671046,-0.10896130346232179,-7.016393442622951,-7.016393442622951,0.6439344262295082,-0.07016393442622959,62,62,41,21,0.6612903225806451,1.0,0.5371769954935818,62.0,64.45161290322581,68.0,0,0,834.837,122.0,3996.0,4118.0,104.0,-18.0,0.026026026026026026,-0.004371053909664886,-0.2903225806451613,-0.2903225806451613,0.6641935483870968,-0.002903225806451637,True,False,False,0.9891304347826086,-7.016393442622951,-0.10896130346232179,v21,veto; base=mean55; choose=score_mean_book_rv15; score_mean_book_rv15>=0.55; ask<=95; sec_to_close>=120; impulse_3_5m>=60; impulse_3_5m-margin>=40; sec>=600; margin_sigma<=0.5; score<=0.82; fade_ask<=45,mean55,veto,impulse_3_5m,60.0,40.0,600.0,0.5,0.82,45.0,0,221,219,150,69,0.684931506849315,0.9909502262443439,0.6206678423653607,61.0,62.55707762557078,66.0,0,0,839.507279,433.0,13700.0,14133.0,1300.0,867.0,0.0948905109489051,0.06134578645722776,3.958904109589041,3.923076923076923,0.6453424657534246,0.039589041095890454,132,131,92,39,0.7022900763358778,0.9924242424242424,0.6191346229115295,61.0,62.541984732824424,65.0,0,0,839.479045,259.0,8193.0,8452.0,1007.0,748.0,0.12290980104967655,0.08849976336961665,5.709923664122138,5.666666666666667,0.6451908396946565,0.057099236641221296,44,44,26,18,0.5909090909090909,1.0,0.444097537410319,60.5,60.93181818181818,64.25,0,0,839.775473,88.0,2681.0,2769.0,-81.0,-169.0,-0.03021260723610593,-0.06103286384976526,-3.840909090909091,-3.840909090909091,0.6293181818181818,-0.03840909090909084,45,44,32,12,0.7272727272727273,0.9777777777777777,0.581511269075488,61.0,64.22727272727273,69.25,0,0,839.4754245,86.0,2826.0,2912.0,374.0,288.0,0.13234253361641896,0.0989010989010989,6.545454545454546,6.4,0.6618181818181817,0.06545454545454554,True,False,False,0.9777777777777777,-3.840909090909091,-0.06103286384976526,0.4666666666666667,1.0,-425.0,27.0,-327.0,True,False,False,False,False,0.9777777777777777,-7.016393442622951,-0.10896130346232179
current,book55_margin_veto_signed_move_5m_abs80_over20_sig0.5,veto; base=book55_margin; choose=book_p_side; book_p_side>=0.55; ask<=95; sec_to_close>=120; margin_rv15>=0; signed_move_5m>=80; signed_move_5m-margin>=20; sec>=600; margin_sigma<=0.5; score<=0.82; fade_ask<=45,book55_margin,veto,signed_move_5m,80.0,20.0,600.0,0.5,0.82,45.0,0,307,305,198,107,0.6491803278688525,0.993485342019544,0.5940687599896416,60.0,62.442622950819676,65.0,0,0,833.123,605.0,19045.0,19650.0,755.0,150.0,0.03964295090574954,0.007633587786259542,0.4918032786885246,0.48859934853420195,0.6442622950819672,0.004918032786885296,184,182,122,60,0.6703296703296703,0.9891304347826086,0.599130553084293,60.0,61.95054945054945,64.0,0,0,832.6505,361.0,11275.0,11636.0,925.0,564.0,0.082039911308204,0.048470264695771745,3.098901098901099,3.0652173913043477,0.6393406593406594,0.030989010989010857,61,61,34,27,0.5573770491803278,1.0,0.43303367693143874,60.0,62.60655737704918,67.0,0,0,830.941,122.0,3819.0,3941.0,-419.0,-541.0,-0.10971458496988741,-0.1372748033494037,-8.868852459016393,-8.868852459016393,0.6460655737704919,-0.08868852459016408,62,62,42,20,0.6774193548387096,1.0,0.5536808809284809,61.0,63.725806451612904,66.0,0,0,836.5555,122.0,3951.0,4073.0,249.0,127.0,0.0630220197418375,0.031180947704394796,2.0483870967741935,2.0483870967741935,0.6569354838709678,0.020483870967741846,True,False,False,0.9891304347826086,-8.868852459016393,-0.1372748033494037,v21,veto; base=book55_margin; choose=book_p_side; book_p_side>=0.55; ask<=95; sec_to_close>=120; margin_rv15>=0; signed_move_5m>=80; signed_move_5m-margin>=20; sec>=600; margin_sigma<=0.5; score<=0.82; fade_ask<=45,book55_margin,veto,signed_move_5m,80.0,20.0,600.0,0.5,0.82,45.0,0,221,219,148,71,0.6757990867579908,0.9909502262443439,0.6112376507734046,61.0,63.21917808219178,66.0,0,0,839.42217,433.0,13845.0,14278.0,955.0,522.0,0.06897797038642109,0.03655974226082084,2.3835616438356166,2.3619909502262444,0.6519634703196345,0.0238356164383563,132,131,90,41,0.6870229007633588,0.9924242424242424,0.6032467934308663,61.0,63.37404580152672,65.5,0,0,839.459543,259.0,8302.0,8561.0,698.0,439.0,0.08407612623464225,0.05127905618502512,3.351145038167939,3.3257575757575757,0.6535114503816795,0.03351145038167935,44,44,28,16,0.6363636363636364,1.0,0.48866376879043444,61.0,61.36363636363637,64.0,0,0,839.4476755000001,88.0,2700.0,2788.0,100.0,12.0,0.037037037037037035,0.00430416068866571,0.2727272727272727,0.2727272727272727,0.6336363636363637,0.0027272727272726893,45,44,30,14,0.6818181818181818,0.9777777777777777,0.5344310393781776,61.5,64.61363636363636,68.25,0,0,839.3180465,86.0,2843.0,2929.0,157.0,71.0,0.05522335561027084,0.02424035506998976,1.6136363636363635,1.5777777777777777,0.6656818181818182,0.016136363636363615,True,True,True,0.9777777777777777,0.2727272727272727,0.00430416068866571,0.6,1.0,-388.0,672.0,-331.0,True,False,False,False,False,0.9777777777777777,-8.868852459016393,-0.1372748033494037
current,mean55_veto_signed_move_5m_abs40_over40_sig0.75,veto; base=mean55; choose=score_mean_book_rv15; score_mean_book_rv15>=0.55; ask<=95; sec_to_close>=120; signed_move_5m>=40; signed_move_5m-margin>=40; sec>=600; margin_sigma<=0.75; score<=0.82; fade_ask<=45,mean55,veto,signed_move_5m,40.0,40.0,600.0,0.75,0.82,45.0,0,307,305,188,117,0.6163934426229508,0.993485342019544,0.5606948005212326,61.0,62.32786885245902,66.0,0,0,837.828,603.0,19010.0,19613.0,-210.0,-813.0,-0.011046817464492372,-0.04145209809820017,-2.6655737704918034,-2.6482084690553744,0.6430491803278688,-0.026655737704918026,184,182,111,71,0.6098901098901099,0.9891304347826086,0.5374530906263905,61.0,61.747252747252745,65.0,0,0,839.5145,360.0,11238.0,11598.0,-138.0,-498.0,-0.012279765082754938,-0.0429384376616658,-2.7362637362637363,-2.7065217391304346,0.6372527472527473,-0.027362637362637332,61,61,35,26,0.5737704918032787,1.0,0.4489523044494656,62.0,62.39344262295082,66.0,0,0,839.2,122.0,3806.0,3928.0,-306.0,-428.0,-0.08039936941671046,-0.10896130346232179,-7.016393442622951,-7.016393442622951,0.6439344262295082,-0.07016393442622959,62,62,42,20,0.6774193548387096,1.0,0.5536808809284809,62.0,63.96774193548387,66.0,0,0,833.927,121.0,3966.0,4087.0,234.0,113.0,0.059001512859304085,0.027648642035723023,1.8225806451612903,1.8225806451612903,0.6591935483870968,0.01822580645161287,True,False,False,0.9891304347826086,-7.016393442622951,-0.10896130346232179,v21,veto; base=mean55; choose=score_mean_book_rv15; score_mean_book_rv15>=0.55; ask<=95; sec_to_close>=120; signed_move_5m>=40; signed_move_5m-margin>=40; sec>=600; margin_sigma<=0.75; score<=0.82; fade_ask<=45,mean55,veto,signed_move_5m,40.0,40.0,600.0,0.75,0.82,45.0,0,221,219,147,72,0.6712328767123288,0.9909502262443439,0.6065323932869077,61.0,62.44292237442922,66.0,0,0,839.492965,433.0,13675.0,14108.0,1025.0,592.0,0.07495429616087751,0.041962007371703997,2.7031963470319633,2.678733031674208,0.644200913242009,0.027031963470319775,132,131,90,41,0.6870229007633588,0.9924242424242424,0.6032467934308663,61.0,62.06106870229008,65.0,0,0,839.474532,260.0,8130.0,8390.0,870.0,610.0,0.1070110701107011,0.07270560190703218,4.656488549618321,4.621212121212121,0.6404580152671756,0.046564885496183206,44,44,25,19,0.5681818181818182,1.0,0.4222414699362943,61.5,61.79545454545455,65.0,0,0,839.7519645,87.0,2719.0,2806.0,-219.0,-306.0,-0.08054431776388378,-0.1090520313613685,-6.954545454545454,-6.954545454545454,0.6377272727272728,-0.06954545454545458,45,44,32,12,0.7272727272727273,0.9777777777777777,0.581511269075488,61.0,64.22727272727273,69.25,0,0,839.4754245,86.0,2826.0,2912.0,374.0,288.0,0.13234253361641896,0.0989010989010989,6.545454545454546,6.4,0.6618181818181817,0.06545454545454554,True,False,False,0.9777777777777777,-6.954545454545454,-0.1090520313613685,0.5333333333333333,1.0,-519.0,-221.0,-333.0,True,False,False,False,False,0.9777777777777777,-7.016393442622951,-0.1090520313613685
current,book55_margin_veto_signed_move_5m_abs80_over40_sig0.75,veto; base=book55_margin; choose=book_p_side; book_p_side>=0.55; ask<=95; sec_to_close>=120; margin_rv15>=0; signed_move_5m>=80; signed_move_5m-margin>=40; sec>=600; margin_sigma<=0.75; score<=0.82; fade_ask<=45,book55_margin,veto,signed_move_5m,80.0,40.0,600.0,0.75,0.82,45.0,0,307,305,198,107,0.6491803278688525,0.993485342019544,0.5940687599896416,60.0,62.41639344262295,65.0,0,0,833.123,604.0,19037.0,19641.0,763.0,159.0,0.04007984451331617,0.008095310829387506,0.521311475409836,0.5179153094462541,0.6439672131147541,0.005213114754098358,184,182,122,60,0.6703296703296703,0.9891304347826086,0.599130553084293,60.0,61.88461538461539,64.0,0,0,832.1305,361.0,11263.0,11624.0,937.0,576.0,0.08319275503862204,0.04955264969029594,3.1648351648351647,3.130434782608696,0.6386813186813187,0.03164835164835156,61,61,34,27,0.5573770491803278,1.0,0.43303367693143874,60.0,62.60655737704918,67.0,0,0,830.941,122.0,3819.0,3941.0,-419.0,-541.0,-0.10971458496988741,-0.1372748033494037,-8.868852459016393,-8.868852459016393,0.6460655737704919,-0.08868852459016408,62,62,42,20,0.6774193548387096,1.0,0.5536808809284809,61.0,63.79032258064516,66.0,0,0,836.029,121.0,3955.0,4076.0,245.0,124.0,0.061946902654867256,0.03042198233562316,2.0,2.0,0.6574193548387095,0.02000000000000013,True,False,False,0.9891304347826086,-8.868852459016393,-0.1372748033494037,v21,veto; base=book55_margin; choose=book_p_side; book_p_side>=0.55; ask<=95; sec_to_close>=120; margin_rv15>=0; signed_move_5m>=80; signed_move_5m-margin>=40; sec>=600; margin_sigma<=0.75; score<=0.82; fade_ask<=45,book55_margin,veto,signed_move_5m,80.0,40.0,600.0,0.75,0.82,45.0,0,221,219,148,71,0.6757990867579908,0.9909502262443439,0.6112376507734046,61.0,62.96803652968037,65.0,0,0,839.403719,434.0,13790.0,14224.0,1010.0,576.0,0.07324147933284988,0.04049493813273341,2.6301369863013697,2.6063348416289593,0.6494977168949773,0.02630136986301357,132,131,90,41,0.6870229007633588,0.9924242424242424,0.6032467934308663,61.0,62.954198473282446,65.0,0,0,839.455578,260.0,8247.0,8507.0,753.0,493.0,0.09130592942888323,0.057952274597390385,3.763358778625954,3.734848484848485,0.6493893129770993,0.03763358778625947,44,44,28,16,0.6363636363636364,1.0,0.48866376879043444,61.0,61.36363636363637,64.0,0,0,839.4476755000001,88.0,2700.0,2788.0,100.0,12.0,0.037037037037037035,0.00430416068866571,0.2727272727272727,0.2727272727272727,0.6336363636363637,0.0027272727272726893,45,44,30,14,0.6818181818181818,0.9777777777777777,0.5344310393781776,61.5,64.61363636363636,68.25,0,0,839.3180465,86.0,2843.0,2929.0,157.0,71.0,0.05522335561027084,0.02424035506998976,1.6136363636363635,1.5777777777777777,0.6656818181818182,0.016136363636363615,True,True,True,0.9777777777777777,0.2727272727272727,0.00430416068866571,0.6,1.0,-388.0,735.0,-334.0,True,False,False,False,False,0.9777777777777777,-8.868852459016393,-0.1372748033494037
current,book55_margin_veto_impulse_3_5m_abs80_over0_sig0.5,veto; base=book55_margin; choose=book_p_side; book_p_side>=0.55; ask<=95; sec_to_close>=120; margin_rv15>=0; impulse_3_5m>=80; impulse_3_5m-margin>=0; sec>=600; margin_sigma<=0.5; score<=0.82; fade_ask<=45,book55_margin,veto,impulse_3_5m,80.0,0.0,600.0,0.5,0.82,45.0,0,307,305,198,107,0.6491803278688525,0.993485342019544,0.5940687599896416,61.0,62.678688524590164,65.0,0,0,832.178,602.0,19117.0,19719.0,683.0,81.0,0.035727363079981166,0.004107713372889092,0.26557377049180325,0.26384364820846906,0.6465245901639344,0.0026557377049181152,184,182,122,60,0.6703296703296703,0.9891304347826086,0.599130553084293,60.0,62.2032967032967,64.75,0,0,832.1305,359.0,11321.0,11680.0,879.0,520.0,0.07764331772811589,0.04452054794520548,2.857142857142857,2.8260869565217392,0.6417582417582418,0.02857142857142847,61,61,34,27,0.5573770491803278,1.0,0.43303367693143874,60.0,62.60655737704918,67.0,0,0,830.941,122.0,3819.0,3941.0,-419.0,-541.0,-0.10971458496988741,-0.1372748033494037,-8.868852459016393,-8.868852459016393,0.6460655737704919,-0.08868852459016408,62,62,42,20,0.6774193548387096,1.0,0.5536808809284809,61.0,64.14516129032258,66.0,0,0,833.654,121.0,3977.0,4098.0,223.0,102.0,0.056072416394267036,0.024890190336749635,1.6451612903225807,1.6451612903225807,0.6609677419354839,0.01645161290322572,True,False,False,0.9891304347826086,-8.868852459016393,-0.1372748033494037,v21,veto; base=book55_margin; choose=book_p_side; book_p_side>=0.55; ask<=95; sec_to_close>=120; margin_rv15>=0; impulse_3_5m>=80; impulse_3_5m-margin>=0; sec>=600; margin_sigma<=0.5; score<=0.82; fade_ask<=45,book55_margin,veto,impulse_3_5m,80.0,0.0,600.0,0.5,0.82,45.0,0,221,219,148,71,0.6757990867579908,0.9909502262443439,0.6112376507734046,61.0,63.37899543378995,66.0,0,0,839.37476,431.0,13880.0,14311.0,920.0,489.0,0.06628242074927954,0.03416951994968905,2.232876712328767,2.2126696832579187,0.6534703196347033,0.022328767123287574,132,131,90,41,0.6870229007633588,0.9924242424242424,0.6032467934308663,61.0,63.770992366412216,65.5,0,0,839.42217,257.0,8354.0,8611.0,646.0,389.0,0.07732822599952119,0.045174776448728374,2.969465648854962,2.946969696969697,0.6573282442748093,0.02969465648854952,44,44,28,16,0.6363636363636364,1.0,0.48866376879043444,61.0,60.97727272727273,64.0,0,0,839.4476755000001,88.0,2683.0,2771.0,117.0,29.0,0.04360790160268356,0.010465535907614579,0.6590909090909091,0.6590909090909091,0.6297727272727273,0.006590909090909092,45,44,30,14,0.6818181818181818,0.9777777777777777,0.5344310393781776,61.5,64.61363636363636,68.25,0,0,839.3180465,86.0,2843.0,2929.0,157.0,71.0,0.05522335561027084,0.02424035506998976,1.6136363636363635,1.5777777777777777,0.6656818181818182,0.016136363636363615,True,True,True,0.9777777777777777,0.6590909090909091,0.010465535907614579,0.6,1.0,-388.0,570.0,-339.0,True,False,False,False,False,0.9777777777777777,-8.868852459016393,-0.1372748033494037
current,book55_margin_veto_signed_move_5m_abs80_over20_sig0.75,veto; base=book55_margin; choose=book_p_side; book_p_side>=0.55; ask<=95; sec_to_close>=120; margin_rv15>=0; signed_move_5m>=80; signed_move_5m-margin>=20; sec>=600; margin_sigma<=0.75; score<=0.82; fade_ask<=45,book55_margin,veto,signed_move_5m,80.0,20.0,600.0,0.75,0.82,45.0,0,307,305,198,107,0.6491803278688525,0.993485342019544,0.5940687599896416,60.0,62.442622950819676,65.0,0,0,833.013,604.0,19045.0,19649.0,755.0,151.0,0.03964295090574954,0.0076848694590055475,0.49508196721311476,0.49185667752442996,0.6442295081967213,0.004950819672131179,184,182,122,60,0.6703296703296703,0.9891304347826086,0.599130553084293,60.0,61.89010989010989,64.0,0,0,832.1305,361.0,11264.0,11625.0,936.0,575.0,0.08309659090909091,0.04946236559139785,3.159340659340659,3.125,0.6387362637362637,0.03159340659340659,61,61,34,27,0.5573770491803278,1.0,0.43303367693143874,60.0,62.60655737704918,67.0,0,0,830.941,122.0,3819.0,3941.0,-419.0,-541.0,-0.10971458496988741,-0.1372748033494037,-8.868852459016393,-8.868852459016393,0.6460655737704919,-0.08868852459016408,62,62,42,20,0.6774193548387096,1.0,0.5536808809284809,61.0,63.903225806451616,66.0,0,0,835.4025,121.0,3962.0,4083.0,238.0,117.0,0.06007067137809187,0.028655400440852314,1.8870967741935485,1.8870967741935485,0.6585483870967742,0.018870967741935418,True,False,False,0.9891304347826086,-8.868852459016393,-0.1372748033494037,v21,veto; base=book55_margin; choose=book_p_side; book_p_side>=0.55; ask<=95; sec_to_close>=120; margin_rv15>=0; signed_move_5m>=80; signed_move_5m-margin>=20; sec>=600; margin_sigma<=0.75; score<=0.82; fade_ask<=45,book55_margin,veto,signed_move_5m,80.0,20.0,600.0,0.75,0.82,45.0,0,221,219,148,71,0.6757990867579908,0.9909502262443439,0.6112376507734046,61.0,63.06392694063927,65.5,0,0,839.403719,433.0,13811.0,14244.0,989.0,556.0,0.07160958656143654,0.03903397921932041,2.538812785388128,2.515837104072398,0.6504109589041096,0.025388127853881226,132,131,90,41,0.6870229007633588,0.9924242424242424,0.6032467934308663,61.0,63.11450381679389,65.0,0,0,839.455578,259.0,8268.0,8527.0,732.0,473.0,0.08853410740203194,0.05547085727688519,3.6106870229007635,3.5833333333333335,0.6509160305343512,0.036106870229007604,44,44,28,16,0.6363636363636364,1.0,0.48866376879043444,61.0,61.36363636363637,64.0,0,0,839.4476755000001,88.0,2700.0,2788.0,100.0,12.0,0.037037037037037035,0.00430416068866571,0.2727272727272727,0.2727272727272727,0.6336363636363637,0.0027272727272726893,45,44,30,14,0.6818181818181818,0.9777777777777777,0.5344310393781776,61.5,64.61363636363636,68.25,0,0,839.3180465,86.0,2843.0,2929.0,157.0,71.0,0.05522335561027084,0.02424035506998976,1.6136363636363635,1.5777777777777777,0.6656818181818182,0.016136363636363615,True,True,True,0.9777777777777777,0.2727272727272727,0.00430416068866571,0.6,1.0,-388.0,707.0,-341.0,True,False,False,False,False,0.9777777777777777,-8.868852459016393,-0.1372748033494037
current,mean55_veto_signed_move_5m_abs40_over0_sig0.75,veto; base=mean55; choose=score_mean_book_rv15; score_mean_book_rv15>=0.55; ask<=95; sec_to_close>=120; signed_move_5m>=40; signed_move_5m-margin>=0; sec>=600; margin_sigma<=0.75; score<=0.82; fade_ask<=45,mean55,veto,signed_move_5m,40.0,0.0,600.0,0.75,0.82,45.0,0,307,305,185,120,0.6065573770491803,0.993485342019544,0.550733377626349,61.0,62.49180327868852,66.0,0,0,836.368,601.0,19060.0,19661.0,-560.0,-1161.0,-0.02938090241343127,-0.05905091297492498,-3.8065573770491805,-3.781758957654723,0.6446229508196721,-0.0380655737704918,184,182,107,75,0.5879120879120879,0.9891304347826086,0.5153050291472446,61.0,61.81318681318681,65.0,0,0,838.043,360.0,11250.0,11610.0,-550.0,-910.0,-0.04888888888888889,-0.07838070628768304,-5.0,-4.945652173913044,0.637912087912088,-0.050000000000000044,61,61,35,26,0.5737704918032787,1.0,0.4489523044494656,62.0,62.24590163934426,66.0,0,0,833.849,122.0,3797.0,3919.0,-297.0,-419.0,-0.07821964708980775,-0.10691502934422047,-6.868852459016393,-6.868852459016393,0.6424590163934427,-0.06868852459016406,62,62,43,19,0.6935483870967742,1.0,0.5703278379461328,62.0,64.7258064516129,68.75,0,0,824.3355,119.0,4013.0,4132.0,287.0,168.0,0.07151756790431099,0.04065827686350436,2.7096774193548385,2.7096774193548385,0.6664516129032259,0.02709677419354839,True,False,False,0.9891304347826086,-6.868852459016393,-0.10691502934422047,v21,veto; base=mean55; choose=score_mean_book_rv15; score_mean_book_rv15>=0.55; ask<=95; sec_to_close>=120; signed_move_5m>=40; signed_move_5m-margin>=0; sec>=600; margin_sigma<=0.75; score<=0.82; fade_ask<=45,mean55,veto,signed_move_5m,40.0,0.0,600.0,0.75,0.82,45.0,0,221,219,146,73,0.6666666666666666,0.9909502262443439,0.6018336017727641,61.0,63.02283105022831,67.0,0,0,839.375566,428.0,13802.0,14230.0,798.0,370.0,0.05781770757861179,0.02600140548137737,1.6894977168949772,1.6742081447963801,0.6497716894977169,0.01689497716894972,132,131,90,41,0.6870229007633588,0.9924242424242424,0.6032467934308663,61.0,63.20610687022901,67.5,0,0,839.375566,256.0,8280.0,8536.0,720.0,464.0,0.08695652173913043,0.05435801312089972,3.5419847328244276,3.515151515151515,0.6516030534351144,0.035419847328244436,44,44,26,18,0.5909090909090909,1.0,0.444097537410319,61.0,61.36363636363637,63.0,0,0,839.6187005,86.0,2700.0,2786.0,-100.0,-186.0,-0.037037037037037035,-0.06676238334529792,-4.2272727272727275,-4.2272727272727275,0.6331818181818181,-0.04227272727272713,45,44,30,14,0.6818181818181818,0.9777777777777777,0.5344310393781776,61.0,64.13636363636364,69.25,0,0,839.359927,86.0,2822.0,2908.0,178.0,92.0,0.06307583274273565,0.03163686382393398,2.090909090909091,2.0444444444444443,0.6609090909090909,0.020909090909090877,True,False,False,0.9777777777777777,-4.2272727272727275,-0.06676238334529792,0.4,1.0,-528.0,-791.0,-345.0,True,False,False,False,False,0.9777777777777777,-6.868852459016393,-0.10691502934422047
current,book55_margin_veto_signed_move_5m_abs60_over40_sig0.5,veto; base=book55_margin; choose=book_p_side; book_p_side>=0.55; ask<=95; sec_to_close>=120; margin_rv15>=0; signed_move_5m>=60; signed_move_5m-margin>=40; sec>=600; margin_sigma<=0.5; score<=0.82; fade_ask<=45,book55_margin,veto,signed_move_5m,60.0,40.0,600.0,0.5,0.82,45.0,0,307,305,196,109,0.6426229508196721,0.993485342019544,0.5873727291796789,60.0,62.48196721311476,65.0,0,0,832.383,605.0,19057.0,19662.0,543.0,-62.0,0.028493466967518498,-0.0031532906113315023,-0.20327868852459016,-0.20195439739413681,0.644655737704918,-0.0020327868852458852,184,182,120,62,0.6593406593406593,0.9891304347826086,0.5878290403249925,60.0,61.94505494505494,64.75,0,0,831.6915,361.0,11274.0,11635.0,726.0,365.0,0.06439595529536987,0.03137086377309841,2.0054945054945055,1.983695652173913,0.6392857142857143,0.020054945054944984,61,61,34,27,0.5573770491803278,1.0,0.43303367693143874,60.0,62.60655737704918,67.0,0,0,830.941,122.0,3819.0,3941.0,-419.0,-541.0,-0.10971458496988741,-0.1372748033494037,-8.868852459016393,-8.868852459016393,0.6460655737704919,-0.08868852459016408,62,62,42,20,0.6774193548387096,1.0,0.5536808809284809,61.0,63.935483870967744,66.0,0,0,835.4025,122.0,3964.0,4086.0,236.0,114.0,0.05953582240161453,0.027900146842878122,1.8387096774193548,1.8387096774193548,0.6590322580645162,0.01838709677419348,True,False,False,0.9891304347826086,-8.868852459016393,-0.1372748033494037,v21,veto; base=book55_margin; choose=book_p_side; book_p_side>=0.55; ask<=95; sec_to_close>=120; margin_rv15>=0; signed_move_5m>=60; signed_move_5m-margin>=40; sec>=600; margin_sigma<=0.5; score<=0.82; fade_ask<=45,book55_margin,veto,signed_move_5m,60.0,40.0,600.0,0.5,0.82,45.0,0,221,219,148,71,0.6757990867579908,0.9909502262443439,0.6112376507734046,61.0,63.31050228310502,66.0,0,0,839.345094,434.0,13865.0,14299.0,935.0,501.0,0.06743598990263253,0.03503741520386041,2.287671232876712,2.266968325791855,0.6529223744292237,0.02287671232876709,132,131,90,41,0.6870229007633588,0.9924242424242424,0.6032467934308663,61.0,63.36641221374046,65.5,0,0,839.42217,260.0,8301.0,8561.0,699.0,439.0,0.08420672208167691,0.05127905618502512,3.351145038167939,3.3257575757575757,0.6535114503816795,0.03351145038167935,44,44,28,16,0.6363636363636364,1.0,0.48866376879043444,61.5,61.84090909090909,65.0,0,0,839.4476755000001,88.0,2721.0,2809.0,79.0,-9.0,0.029033443586916573,-0.003203987184051264,-0.20454545454545456,-0.20454545454545456,0.6384090909090908,-0.0020454545454544615,45,44,30,14,0.6818181818181818,0.9777777777777777,0.5344310393781776,61.5,64.61363636363636,68.25,0,0,839.3180465,86.0,2843.0,2929.0,157.0,71.0,0.05522335561027084,0.02424035506998976,1.6136363636363635,1.5777777777777777,0.6656818181818182,0.016136363636363615,True,False,False,0.9777777777777777,-0.20454545454545456,-0.003203987184051264,0.5333333333333333,1.0,-388.0,439.0,-365.0,True,False,False,False,False,0.9777777777777777,-8.868852459016393,-0.1372748033494037
current,book55_margin_veto_impulse_3_5m_abs80_over40_sig0.5,veto; base=book55_margin; choose=book_p_side; book_p_side>=0.55; ask<=95; sec_to_close>=120; margin_rv15>=0; impulse_3_5m>=80; impulse_3_5m-margin>=40; sec>=600; margin_sigma<=0.5; score<=0.82; fade_ask<=45,book55_margin,veto,impulse_3_5m,80.0,40.0,600.0,0.5,0.82,45.0,0,307,305,198,107,0.6491803278688525,0.993485342019544,0.5940687599896416,61.0,62.65573770491803,66.0,0,0,832.383,603.0,19110.0,19713.0,690.0,87.0,0.03610675039246468,0.004413331304215493,0.28524590163934427,0.28338762214983715,0.646327868852459,0.002852459016393527,184,182,122,60,0.6703296703296703,0.9891304347826086,0.599130553084293,60.0,62.10989010989011,64.75,0,0,832.1305,360.0,11304.0,11664.0,896.0,536.0,0.07926397735314933,0.045953360768175584,2.9450549450549453,2.9130434782608696,0.6408791208791209,0.029450549450549368,61,61,34,27,0.5573770491803278,1.0,0.43303367693143874,60.0,62.60655737704918,67.0,0,0,830.941,122.0,3819.0,3941.0,-419.0,-541.0,-0.10971458496988741,-0.1372748033494037,-8.868852459016393,-8.868852459016393,0.6460655737704919,-0.08868852459016408,62,62,42,20,0.6774193548387096,1.0,0.5536808809284809,61.0,64.30645161290323,68.75,0,0,834.9035,121.0,3987.0,4108.0,213.0,92.0,0.05342362678705794,0.022395326192794548,1.4838709677419355,1.4838709677419355,0.6625806451612903,0.014838709677419293,True,False,False,0.9891304347826086,-8.868852459016393,-0.1372748033494037,v21,veto; base=book55_margin; choose=book_p_side; book_p_side>=0.55; ask<=95; sec_to_close>=120; margin_rv15>=0; impulse_3_5m>=80; impulse_3_5m-margin>=40; sec>=600; margin_sigma<=0.5; score<=0.82; fade_ask<=45,book55_margin,veto,impulse_3_5m,80.0,40.0,600.0,0.5,0.82,45.0,0,221,219,148,71,0.6757990867579908,0.9909502262443439,0.6112376507734046,61.0,63.23744292237443,66.0,0,0,839.403719,434.0,13849.0,14283.0,951.0,517.0,0.06866921799407899,0.036196877406707274,2.3607305936073057,2.339366515837104,0.6521917808219178,0.023607305936073075,132,131,90,41,0.6870229007633588,0.9924242424242424,0.6032467934308663,62.0,63.404580152671755,65.5,0,0,839.455578,260.0,8306.0,8566.0,694.0,434.0,0.08355405730797014,0.050665421433574595,3.312977099236641,3.287878787878788,0.6538931297709923,0.03312977099236647,44,44,28,16,0.6363636363636364,1.0,0.48866376879043444,61.0,61.36363636363637,64.0,0,0,839.4476755000001,88.0,2700.0,2788.0,100.0,12.0,0.037037037037037035,0.00430416068866571,0.2727272727272727,0.2727272727272727,0.6336363636363637,0.0027272727272726893,45,44,30,14,0.6818181818181818,0.9777777777777777,0.5344310393781776,61.5,64.61363636363636,68.25,0,0,839.3180465,86.0,2843.0,2929.0,157.0,71.0,0.05522335561027084,0.02424035506998976,1.6136363636363635,1.5777777777777777,0.6656818181818182,0.016136363636363615,True,True,True,0.9777777777777777,0.2727272727272727,0.00430416068866571,0.6,1.0,-388.0,604.0,-366.0,True,False,False,False,False,0.9777777777777777,-8.868852459016393,-0.1372748033494037
current,book55_margin_veto_impulse_3_5m_abs40_over20_sig0.75,veto; base=book55_margin; choose=book_p_side; book_p_side>=0.55; ask<=95; sec_to_close>=120; margin_rv15>=0; impulse_3_5m>=40; impulse_3_5m-margin>=20; sec>=600; margin_sigma<=0.75; score<=0.82; fade_ask<=45,book55_margin,veto,impulse_3_5m,40.0,20.0,600.0,0.75,0.82,45.0,0,307,305,192,113,0.6295081967213115,0.993485342019544,0.5740127643572046,61.0,63.157377049180326,66.0,0,0,826.756,598.0,19263.0,19861.0,-63.0,-661.0,-0.0032705186108082855,-0.03328130507023815,-2.1672131147540985,-2.1530944625407167,0.6511803278688525,-0.021672131147540963,184,182,113,69,0.6208791208791209,0.9891304347826086,0.5485817285674833,60.5,62.66483516483517,65.0,0,0,827.8405,358.0,11405.0,11763.0,-105.0,-463.0,-0.00920648838228847,-0.03936070730255887,-2.543956043956044,-2.516304347826087,0.6463186813186814,-0.025439560439560527,61,61,35,26,0.5737704918032787,1.0,0.4489523044494656,60.0,62.40983606557377,67.0,0,0,829.552,122.0,3807.0,3929.0,-307.0,-429.0,-0.08064092461255581,-0.10918808857215577,-7.032786885245901,-7.032786885245901,0.6440983606557378,-0.07032786885245912,62,62,44,18,0.7096774193548387,1.0,0.5871235426501359,61.5,65.33870967741936,69.0,0,0,778.529,118.0,4051.0,4169.0,349.0,231.0,0.08615156751419403,0.055408970976253295,3.725806451612903,3.725806451612903,0.6724193548387096,0.03725806451612912,True,False,False,0.9891304347826086,-7.032786885245901,-0.10918808857215577,v21,veto; base=book55_margin; choose=book_p_side; book_p_side>=0.55; ask<=95; sec_to_close>=120; margin_rv15>=0; impulse_3_5m>=40; impulse_3_5m-margin>=20; sec>=600; margin_sigma<=0.75; score<=0.82; fade_ask<=45,book55_margin,veto,impulse_3_5m,40.0,20.0,600.0,0.75,0.82,45.0,0,221,219,144,75,0.6575342465753424,0.9909502262443439,0.5924551557805612,61.0,63.78538812785388,67.0,0,0,779.941496,430.0,13969.0,14399.0,431.0,1.0,0.03085403393227862,6.944926731022988e-05,0.0045662100456621,0.004524886877828055,0.6574885844748859,4.566210045653385e-05,132,131,88,43,0.6717557251908397,0.9924242424242424,0.5874541794197865,61.0,63.900763358778626,67.0,0,0,779.958581,257.0,8371.0,8628.0,429.0,172.0,0.051248357424441525,0.019935095039406582,1.3129770992366412,1.303030303030303,0.6586259541984734,0.01312977099236634,44,44,28,16,0.6363636363636364,1.0,0.48866376879043444,62.0,62.72727272727273,65.0,0,0,779.8297090000001,87.0,2760.0,2847.0,40.0,-47.0,0.014492753623188406,-0.01650860554970144,-1.0681818181818181,-1.0681818181818181,0.6470454545454545,-0.010681818181818126,45,44,28,16,0.6363636363636364,0.9777777777777777,0.48866376879043444,61.5,64.5,68.25,0,0,808.445661,86.0,2838.0,2924.0,-38.0,-124.0,-0.013389711064129669,-0.04240766073871409,-2.8181818181818183,-2.7555555555555555,0.6645454545454546,-0.028181818181818197,True,False,False,0.9777777777777777,-2.8181818181818183,-0.04240766073871409,0.45454545454545453,1.0,-463.0,-660.0,-369.0,True,False,False,False,False,0.9777777777777777,-7.032786885245901,-0.10918808857215577
current,book55_margin_veto_impulse_3_5m_abs80_over20_sig0.5,veto; base=book55_margin; choose=book_p_side; book_p_side>=0.55; ask<=95; sec_to_close>=120; margin_rv15>=0; impulse_3_5m>=80; impulse_3_5m-margin>=20; sec>=600; margin_sigma<=0.5; score<=0.82; fade_ask<=45,book55_margin,veto,impulse_3_5m,80.0,20.0,600.0,0.5,0.82,45.0,0,307,305,198,107,0.6491803278688525,0.993485342019544,0.5940687599896416,61.0,62.67213114754098,65.0,0,0,832.178,603.0,19115.0,19718.0,685.0,82.0,0.0358357311012294,0.004158636778577949,0.26885245901639343,0.2671009771986971,0.6464918032786885,0.0026885245901639987,184,182,122,60,0.6703296703296703,0.9891304347826086,0.599130553084293,60.0,62.11538461538461,64.75,0,0,832.1305,360.0,11305.0,11665.0,895.0,535.0,0.07916850950906679,0.04586369481354479,2.9395604395604398,2.907608695652174,0.640934065934066,0.02939560439560429,61,61,34,27,0.5573770491803278,1.0,0.43303367693143874,60.0,62.60655737704918,67.0,0,0,830.941,122.0,3819.0,3941.0,-419.0,-541.0,-0.10971458496988741,-0.1372748033494037,-8.868852459016393,-8.868852459016393,0.6460655737704919,-0.08868852459016408,62,62,42,20,0.6774193548387096,1.0,0.5536808809284809,61.0,64.37096774193549,68.25,0,0,833.654,121.0,3991.0,4112.0,209.0,88.0,0.052367827612127285,0.021400778210116732,1.4193548387096775,1.4193548387096775,0.663225806451613,0.014193548387096633,True,False,False,0.9891304347826086,-8.868852459016393,-0.1372748033494037,v21,veto; base=book55_margin; choose=book_p_side; book_p_side>=0.55; ask<=95; sec_to_close>=120; margin_rv15>=0; impulse_3_5m>=80; impulse_3_5m-margin>=20; sec>=600; margin_sigma<=0.5; score<=0.82; fade_ask<=45,book55_margin,veto,impulse_3_5m,80.0,20.0,600.0,0.5,0.82,45.0,0,221,219,148,71,0.6757990867579908,0.9909502262443439,0.6112376507734046,61.0,63.32876712328767,66.0,0,0,839.375566,432.0,13869.0,14301.0,931.0,499.0,0.06712812747854928,0.03489266484861198,2.278538812785388,2.257918552036199,0.6530136986301369,0.02278538812785391,132,131,90,41,0.6870229007633588,0.9924242424242424,0.6032467934308663,61.0,63.55725190839695,65.5,0,0,839.452582,258.0,8326.0,8584.0,674.0,416.0,0.080951237088638,0.048462255358807084,3.1755725190839694,3.1515151515151514,0.6552671755725191,0.03175572519083969,44,44,28,16,0.6363636363636364,1.0,0.48866376879043444,61.0,61.36363636363637,64.0,0,0,839.4476755000001,88.0,2700.0,2788.0,100.0,12.0,0.037037037037037035,0.00430416068866571,0.2727272727272727,0.2727272727272727,0.6336363636363637,0.0027272727272726893,45,44,30,14,0.6818181818181818,0.9777777777777777,0.5344310393781776,61.5,64.61363636363636,68.25,0,0,839.3180465,86.0,2843.0,2929.0,157.0,71.0,0.05522335561027084,0.02424035506998976,1.6136363636363635,1.5777777777777777,0.6656818181818182,0.016136363636363615,True,True,True,0.9777777777777777,0.2727272727272727,0.00430416068866571,0.6,1.0,-388.0,581.0,-370.0,True,False,False,False,False,0.9777777777777777,-8.868852459016393,-0.1372748033494037
current,book55_margin_veto_signed_move_5m_abs60_over40_sig0.75,veto; base=book55_margin; choose=book_p_side; book_p_side>=0.55; ask<=95; sec_to_close>=120; margin_rv15>=0; signed_move_5m>=60; signed_move_5m-margin>=40; sec>=600; margin_sigma<=0.75; score<=0.82; fade_ask<=45,book55_margin,veto,signed_move_5m,60.0,40.0,600.0,0.75,0.82,45.0,0,307,305,196,109,0.6426229508196721,0.993485342019544,0.5873727291796789,60.0,62.47540983606557,65.0,0,0,832.096,603.0,19055.0,19658.0,545.0,-58.0,0.028601416950931515,-0.002950452741886255,-0.1901639344262295,-0.18892508143322476,0.6445245901639344,-0.0019016393442622403,184,182,120,62,0.6593406593406593,0.9891304347826086,0.5878290403249925,60.0,61.88461538461539,64.0,0,0,831.2675,361.0,11263.0,11624.0,737.0,376.0,0.06543549675930037,0.03234686854783207,2.065934065934066,2.0434782608695654,0.6386813186813187,0.020659340659340608,61,61,34,27,0.5573770491803278,1.0,0.43303367693143874,60.0,62.60655737704918,67.0,0,0,830.941,122.0,3819.0,3941.0,-419.0,-541.0,-0.10971458496988741,-0.1372748033494037,-8.868852459016393,-8.868852459016393,0.6460655737704919,-0.08868852459016408,62,62,42,20,0.6774193548387096,1.0,0.5536808809284809,61.0,64.08064516129032,66.0,0,0,834.9035,120.0,3973.0,4093.0,227.0,107.0,0.05713566574377045,0.026142193989738577,1.7258064516129032,1.7258064516129032,0.6601612903225805,0.0172580645161291,True,False,False,0.9891304347826086,-8.868852459016393,-0.1372748033494037,v21,veto; base=book55_margin; choose=book_p_side; book_p_side>=0.55; ask<=95; sec_to_close>=120; margin_rv15>=0; signed_move_5m>=60; signed_move_5m-margin>=40; sec>=600; margin_sigma<=0.75; score<=0.82; fade_ask<=45,book55_margin,veto,signed_move_5m,60.0,40.0,600.0,0.75,0.82,45.0,0,221,219,148,71,0.6757990867579908,0.9909502262443439,0.6112376507734046,61.0,63.10502283105023,66.0,0,0,839.344972,434.0,13820.0,14254.0,980.0,546.0,0.07091172214182344,0.03830503718254525,2.493150684931507,2.4705882352941178,0.6508675799086759,0.02493150684931489,132,131,90,41,0.6870229007633588,0.9924242424242424,0.6032467934308663,61.0,63.02290076335878,65.0,0,0,839.375566,260.0,8256.0,8516.0,744.0,484.0,0.09011627906976744,0.05683419445749178,3.6946564885496183,3.6666666666666665,0.6500763358778627,0.03694656488549608,44,44,28,16,0.6363636363636364,1.0,0.48866376879043444,61.5,61.84090909090909,65.0,0,0,839.4476755000001,88.0,2721.0,2809.0,79.0,-9.0,0.029033443586916573,-0.003203987184051264,-0.20454545454545456,-0.20454545454545456,0.6384090909090908,-0.0020454545454544615,45,44,30,14,0.6818181818181818,0.9777777777777777,0.5344310393781776,61.5,64.61363636363636,68.25,0,0,839.3180465,86.0,2843.0,2929.0,157.0,71.0,0.05522335561027084,0.02424035506998976,1.6136363636363635,1.5777777777777777,0.6656818181818182,0.016136363636363615,True,False,False,0.9777777777777777,-0.20454545454545456,-0.003203987184051264,0.5333333333333333,1.0,-388.0,488.0,-372.0,True,False,False,False,False,0.9777777777777777,-8.868852459016393,-0.1372748033494037
current,book55_margin_veto_impulse_3_5m_abs60_over0_sig0.5,veto; base=book55_margin; choose=book_p_side; book_p_side>=0.55; ask<=95; sec_to_close>=120; margin_rv15>=0; impulse_3_5m>=60; impulse_3_5m-margin>=0; sec>=600; margin_sigma<=0.5; score<=0.82; fade_ask<=45,book55_margin,veto,impulse_3_5m,60.0,0.0,600.0,0.5,0.82,45.0,0,307,305,197,108,0.6459016393442623,0.993485342019544,0.5907193938407015,61.0,62.79016393442623,66.0,0,0,830.671,602.0,19151.0,19753.0,549.0,-53.0,0.028666910344107358,-0.002683136738723232,-0.1737704918032787,-0.17263843648208468,0.647639344262295,-0.001737704918032712,184,182,120,62,0.6593406593406593,0.9891304347826086,0.5878290403249925,60.0,62.28021978021978,65.0,0,0,830.9190000000001,359.0,11335.0,11694.0,665.0,306.0,0.05866784296426996,0.02616726526423807,1.6813186813186813,1.6630434782608696,0.6425274725274726,0.016813186813186776,61,61,34,27,0.5573770491803278,1.0,0.43303367693143874,60.0,62.459016393442624,67.0,0,0,830.798,122.0,3810.0,3932.0,-410.0,-532.0,-0.10761154855643044,-0.1353001017293998,-8.721311475409836,-8.721311475409836,0.6445901639344263,-0.08721311475409843,62,62,43,19,0.6935483870967742,1.0,0.5703278379461328,61.0,64.61290322580645,69.0,0,0,828.02,121.0,4006.0,4127.0,294.0,173.0,0.07338991512730904,0.04191906954204022,2.7903225806451615,2.7903225806451615,0.6656451612903225,0.02790322580645177,True,False,False,0.9891304347826086,-8.721311475409836,-0.1353001017293998,v21,veto; base=book55_margin; choose=book_p_side; book_p_side>=0.55; ask<=95; sec_to_close>=120; margin_rv15>=0; impulse_3_5m>=60; impulse_3_5m-margin>=0; sec>=600; margin_sigma<=0.5; score<=0.82; fade_ask<=45,book55_margin,veto,impulse_3_5m,60.0,0.0,600.0,0.5,0.82,45.0,0,221,219,148,71,0.6757990867579908,0.9909502262443439,0.6112376507734046,61.0,63.51598173515982,66.0,0,0,839.279445,431.0,13910.0,14341.0,890.0,459.0,0.06398274622573688,0.032006136252702044,2.095890410958904,2.076923076923077,0.6548401826484018,0.020958904109589005,132,131,91,40,0.6946564885496184,0.9924242424242424,0.6111785725988003,61.0,63.86259541984733,65.5,0,0,839.225176,257.0,8366.0,8623.0,734.0,477.0,0.08773607458761655,0.055317174997100774,3.6412213740458017,3.6136363636363638,0.6582442748091604,0.036412213740458,44,44,28,16,0.6363636363636364,1.0,0.48866376879043444,61.5,61.43181818181818,65.0,0,0,839.4476755000001,88.0,2703.0,2791.0,97.0,9.0,0.03588605253422124,0.0032246506628448583,0.20454545454545456,0.20454545454545456,0.6343181818181818,0.0020454545454545725,45,44,29,15,0.6590909090909091,0.9777777777777777,0.5113914121793824,61.5,64.56818181818181,68.25,0,0,838.1485385,86.0,2841.0,2927.0,59.0,-27.0,0.020767335445265753,-0.009224461906388794,-0.6136363636363636,-0.6,0.6652272727272727,-0.0061363636363636065,True,False,False,0.9777777777777777,-0.6136363636363636,-0.009224461906388794,0.5333333333333333,1.0,-460.0,406.0,-377.0,True,False,False,False,False,0.9777777777777777,-8.721311475409836,-0.1353001017293998
current,book55_margin_veto_signed_move_5m_abs40_over0_sig0.5,veto; base=book55_margin; choose=book_p_side; book_p_side>=0.55; ask<=95; sec_to_close>=120; margin_rv15>=0; signed_move_5m>=40; signed_move_5m-margin>=0; sec>=600; margin_sigma<=0.5; score<=0.82; fade_ask<=45,book55_margin,veto,signed_move_5m,40.0,0.0,600.0,0.5,0.82,45.0,0,307,305,190,115,0.6229508196721312,0.993485342019544,0.5673485879627841,60.0,62.81311475409836,66.0,0,0,829.001,601.0,19158.0,19759.0,-158.0,-759.0,-0.008247207432926193,-0.03841287514550332,-2.4885245901639346,-2.472312703583062,0.6478360655737705,-0.02488524590163932,184,182,112,70,0.6153846153846154,0.9891304347826086,0.5430128030749768,60.0,62.379120879120876,65.0,0,0,828.404,358.0,11353.0,11711.0,-153.0,-511.0,-0.013476614110807717,-0.04363419007770472,-2.8076923076923075,-2.777173913043478,0.6434615384615385,-0.02807692307692311,61,61,35,26,0.5737704918032787,1.0,0.4489523044494656,60.0,62.40983606557377,67.0,0,0,829.552,122.0,3807.0,3929.0,-307.0,-429.0,-0.08064092461255581,-0.10918808857215577,-7.032786885245901,-7.032786885245901,0.6440983606557378,-0.07032786885245912,62,62,43,19,0.6935483870967742,1.0,0.5703278379461328,61.0,64.48387096774194,69.75,0,0,831.8935,121.0,3998.0,4119.0,302.0,181.0,0.07553776888444222,0.04394270453993688,2.9193548387096775,2.9193548387096775,0.6643548387096774,0.029193548387096868,True,False,False,0.9891304347826086,-7.032786885245901,-0.10918808857215577,v21,veto; base=book55_margin; choose=book_p_side; book_p_side>=0.55; ask<=95; sec_to_close>=120; margin_rv15>=0; signed_move_5m>=40; signed_move_5m-margin>=0; sec>=600; margin_sigma<=0.5; score<=0.82; fade_ask<=45,book55_margin,veto,signed_move_5m,40.0,0.0,600.0,0.5,0.82,45.0,0,221,219,144,75,0.6575342465753424,0.9909502262443439,0.5924551557805612,61.0,63.9041095890411,67.0,0,0,837.005956,429.0,13995.0,14424.0,405.0,-24.0,0.028938906752411574,-0.0016638935108153079,-0.1095890410958904,-0.1085972850678733,0.6586301369863015,-0.0010958904109590328,132,131,88,43,0.6717557251908397,0.9924242424242424,0.5874541794197865,61.0,64.35114503816794,68.5,0,0,839.014237,256.0,8430.0,8686.0,370.0,114.0,0.04389086595492289,0.013124568270780566,0.8702290076335878,0.8636363636363636,0.6630534351145039,0.008702290076335828,44,44,28,16,0.6363636363636364,1.0,0.48866376879043444,61.5,61.95454545454545,64.25,0,0,809.4906965,87.0,2726.0,2813.0,74.0,-13.0,0.02714600146735143,-0.004621400639886242,-0.29545454545454547,-0.29545454545454547,0.6393181818181818,-0.002954545454545432,45,44,28,16,0.6363636363636364,0.9777777777777777,0.48866376879043444,61.5,64.52272727272727,68.25,0,0,808.445661,86.0,2839.0,2925.0,-39.0,-125.0,-0.013737231419513914,-0.042735042735042736,-2.840909090909091,-2.7777777777777777,0.6647727272727273,-0.02840909090909094,True,False,False,0.9777777777777777,-2.840909090909091,-0.042735042735042736,0.45454545454545453,1.0,-464.0,-783.0,-386.0,True,False,False,False,False,0.9777777777777777,-7.032786885245901,-0.10918808857215577
current,book55_margin_veto_impulse_3_5m_abs80_over40_sig0.75,veto; base=book55_margin; choose=book_p_side; book_p_side>=0.55; ask<=95; sec_to_close>=120; margin_rv15>=0; impulse_3_5m>=80; impulse_3_5m-margin>=40; sec>=600; margin_sigma<=0.75; score<=0.82; fade_ask<=45,book55_margin,veto,impulse_3_5m,80.0,40.0,600.0,0.75,0.82,45.0,0,307,305,198,107,0.6491803278688525,0.993485342019544,0.5940687599896416,61.0,62.704918032786885,66.0,0,0,832.178,601.0,19125.0,19726.0,675.0,74.0,0.03529411764705882,0.003751394099158471,0.24262295081967214,0.24104234527687296,0.6467540983606557,0.00242622950819682,184,182,122,60,0.6703296703296703,0.9891304347826086,0.599130553084293,60.0,62.04945054945055,64.0,0,0,832.049,360.0,11293.0,11653.0,907.0,547.0,0.08031523952891172,0.04694070196515918,3.0054945054945055,2.972826086956522,0.6402747252747253,0.030054945054944993,61,61,34,27,0.5573770491803278,1.0,0.43303367693143874,60.0,62.60655737704918,67.0,0,0,830.941,122.0,3819.0,3941.0,-419.0,-541.0,-0.10971458496988741,-0.1372748033494037,-8.868852459016393,-8.868852459016393,0.6460655737704919,-0.08868852459016408,62,62,42,20,0.6774193548387096,1.0,0.5536808809284809,61.0,64.7258064516129,69.0,0,0,834.568,119.0,4013.0,4132.0,187.0,68.0,0.046598554697233986,0.016456921587608905,1.096774193548387,1.096774193548387,0.6664516129032259,0.010967741935483777,True,False,False,0.9891304347826086,-8.868852459016393,-0.1372748033494037,v21,veto; base=book55_margin; choose=book_p_side; book_p_side>=0.55; ask<=95; sec_to_close>=120; margin_rv15>=0; impulse_3_5m>=80; impulse_3_5m-margin>=40; sec>=600; margin_sigma<=0.75; score<=0.82; fade_ask<=45,book55_margin,veto,impulse_3_5m,80.0,40.0,600.0,0.75,0.82,45.0,0,221,219,148,71,0.6757990867579908,0.9909502262443439,0.6112376507734046,61.0,63.08675799086758,65.5,0,0,839.375566,434.0,13816.0,14250.0,984.0,550.0,0.07122177185871453,0.03859649122807018,2.5114155251141552,2.48868778280543,0.6506849315068494,0.025114155251141468,132,131,90,41,0.6870229007633588,0.9924242424242424,0.6032467934308663,61.0,63.152671755725194,65.0,0,0,839.452582,260.0,8273.0,8533.0,727.0,467.0,0.08787622386075185,0.05472870033985702,3.564885496183206,3.537878787878788,0.6513740458015268,0.03564885496183201,44,44,28,16,0.6363636363636364,1.0,0.48866376879043444,61.0,61.36363636363637,64.0,0,0,839.4476755000001,88.0,2700.0,2788.0,100.0,12.0,0.037037037037037035,0.00430416068866571,0.2727272727272727,0.2727272727272727,0.6336363636363637,0.0027272727272726893,45,44,30,14,0.6818181818181818,0.9777777777777777,0.5344310393781776,61.5,64.61363636363636,68.25,0,0,839.3180465,86.0,2843.0,2929.0,157.0,71.0,0.05522335561027084,0.02424035506998976,1.6136363636363635,1.5777777777777777,0.6656818181818182,0.016136363636363615,True,True,True,0.9777777777777777,0.2727272727272727,0.00430416068866571,0.6,1.0,-388.0,624.0,-390.0,True,False,False,False,False,0.9777777777777777,-8.868852459016393,-0.1372748033494037
current,book55_margin_veto_impulse_3_5m_abs60_over20_sig0.75,veto; base=book55_margin; choose=book_p_side; book_p_side>=0.55; ask<=95; sec_to_close>=120; margin_rv15>=0; impulse_3_5m>=60; impulse_3_5m-margin>=20; sec>=600; margin_sigma<=0.75; score<=0.82; fade_ask<=45,book55_margin,veto,impulse_3_5m,60.0,20.0,600.0,0.75,0.82,45.0,0,307,305,197,108,0.6459016393442623,0.993485342019544,0.5907193938407015,60.0,62.81639344262295,66.0,0,0,830.224,600.0,19159.0,19759.0,541.0,-59.0,0.028237381909285455,-0.002985981071916595,-0.19344262295081968,-0.19218241042345277,0.6478360655737704,-0.0019344262295081238,184,182,120,62,0.6593406593406593,0.9891304347826086,0.5878290403249925,60.0,62.22527472527472,65.0,0,0,830.628,360.0,11325.0,11685.0,675.0,315.0,0.059602649006622516,0.026957637997432605,1.7307692307692308,1.7119565217391304,0.642032967032967,0.017307692307692357,61,61,34,27,0.5573770491803278,1.0,0.43303367693143874,60.0,62.459016393442624,67.0,0,0,830.798,122.0,3810.0,3932.0,-410.0,-532.0,-0.10761154855643044,-0.1353001017293998,-8.721311475409836,-8.721311475409836,0.6445901639344263,-0.08721311475409843,62,62,43,19,0.6935483870967742,1.0,0.5703278379461328,61.0,64.90322580645162,69.0,0,0,825.7405,118.0,4024.0,4142.0,276.0,158.0,0.06858846918489066,0.038145823273780785,2.5483870967741935,2.5483870967741935,0.6680645161290323,0.02548387096774196,True,False,False,0.9891304347826086,-8.721311475409836,-0.1353001017293998,v21,veto; base=book55_margin; choose=book_p_side; book_p_side>=0.55; ask<=95; sec_to_close>=120; margin_rv15>=0; impulse_3_5m>=60; impulse_3_5m-margin>=20; sec>=600; margin_sigma<=0.75; score<=0.82; fade_ask<=45,book55_margin,veto,impulse_3_5m,60.0,20.0,600.0,0.75,0.82,45.0,0,221,219,149,70,0.680365296803653,0.9909502262443439,0.6159494431339545,61.0,63.18721461187214,66.0,0,0,839.279445,432.0,13838.0,14270.0,1062.0,630.0,0.07674519439225322,0.04414856341976174,2.8767123287671232,2.8506787330316743,0.6515981735159817,0.02876712328767128,132,131,92,39,0.7022900763358778,0.9924242424242424,0.6191346229115295,61.0,63.25954198473283,65.0,0,0,839.225176,258.0,8287.0,8545.0,913.0,655.0,0.1101725594304332,0.07665301345816267,5.0,4.962121212121212,0.6522900763358779,0.04999999999999993,44,44,28,16,0.6363636363636364,1.0,0.48866376879043444,61.0,61.59090909090909,64.25,0,0,839.4476755000001,88.0,2710.0,2798.0,90.0,2.0,0.033210332103321034,0.0007147962830593281,0.045454545454545456,0.045454545454545456,0.6359090909090909,0.00045454545454548523,45,44,29,15,0.6590909090909091,0.9777777777777777,0.5113914121793824,61.5,64.56818181818181,68.25,0,0,838.1485385,86.0,2841.0,2927.0,59.0,-27.0,0.020767335445265753,-0.009224461906388794,-0.6136363636363636,-0.6,0.6652272727272727,-0.0061363636363636065,True,False,False,0.9777777777777777,-0.6136363636363636,-0.009224461906388794,0.5333333333333333,1.0,-460.0,571.0,-399.0,True,False,False,False,False,0.9777777777777777,-8.721311475409836,-0.1353001017293998
current,book55_margin_veto_impulse_3_5m_abs60_over40_sig0.5,veto; base=book55_margin; choose=book_p_side; book_p_side>=0.55; ask<=95; sec_to_close>=120; margin_rv15>=0; impulse_3_5m>=60; impulse_3_5m-margin>=40; sec>=600; margin_sigma<=0.5; score<=0.82; fade_ask<=45,book55_margin,veto,impulse_3_5m,60.0,40.0,600.0,0.5,0.82,45.0,0,307,305,196,109,0.6426229508196721,0.993485342019544,0.5873727291796789,61.0,62.82295081967213,66.0,0,0,832.015,603.0,19161.0,19764.0,439.0,-164.0,0.022911121548979698,-0.008297915401740538,-0.5377049180327869,-0.5342019543973942,0.6479999999999999,-0.005377049180327775,184,182,120,62,0.6593406593406593,0.9891304347826086,0.5878290403249925,60.0,62.23626373626374,65.0,0,0,830.9190000000001,360.0,11327.0,11687.0,673.0,313.0,0.05941555575174362,0.02678189441259519,1.7197802197802199,1.701086956521739,0.6421428571428571,0.017197802197802203,61,61,34,27,0.5573770491803278,1.0,0.43303367693143874,60.0,62.60655737704918,67.0,0,0,830.941,122.0,3819.0,3941.0,-419.0,-541.0,-0.10971458496988741,-0.1372748033494037,-8.868852459016393,-8.868852459016393,0.6460655737704919,-0.08868852459016408,62,62,42,20,0.6774193548387096,1.0,0.5536808809284809,61.0,64.75806451612904,69.0,0,0,834.564,121.0,4015.0,4136.0,185.0,64.0,0.0460772104607721,0.015473887814313346,1.032258064516129,1.032258064516129,0.6670967741935483,0.010322580645161339,True,False,False,0.9891304347826086,-8.868852459016393,-0.1372748033494037,v21,veto; base=book55_margin; choose=book_p_side; book_p_side>=0.55; ask<=95; sec_to_close>=120; margin_rv15>=0; impulse_3_5m>=60; impulse_3_5m-margin>=40; sec>=600; margin_sigma<=0.5; score<=0.82; fade_ask<=45,book55_margin,veto,impulse_3_5m,60.0,40.0,600.0,0.5,0.82,45.0,0,221,219,149,70,0.680365296803653,0.9909502262443439,0.6159494431339545,62.0,63.4337899543379,66.0,0,0,839.344972,434.0,13892.0,14326.0,1008.0,574.0,0.07255974661675785,0.04006701102889851,2.6210045662100456,2.5972850678733033,0.6541552511415525,0.0262100456621005,132,131,91,40,0.6946564885496184,0.9924242424242424,0.6111785725988003,62.0,63.58015267175573,66.0,0,0,839.375566,260.0,8329.0,8589.0,771.0,511.0,0.09256813543042382,0.059494702526487364,3.900763358778626,3.871212121212121,0.6556488549618322,0.03900763358778614,44,44,28,16,0.6363636363636364,1.0,0.48866376879043444,61.5,61.81818181818182,65.0,0,0,839.4476755000001,88.0,2720.0,2808.0,80.0,-8.0,0.029411764705882353,-0.002849002849002849,-0.18181818181818182,-0.18181818181818182,0.6381818181818182,-0.0018181818181818299,45,44,30,14,0.6818181818181818,0.9777777777777777,0.5344310393781776,61.5,64.61363636363636,68.25,0,0,839.3180465,86.0,2843.0,2929.0,157.0,71.0,0.05522335561027084,0.02424035506998976,1.6136363636363635,1.5777777777777777,0.6656818181818182,0.016136363636363615,True,False,False,0.9777777777777777,-0.18181818181818182,-0.002849002849002849,0.5333333333333333,1.0,-388.0,410.0,-414.0,True,False,False,False,False,0.9777777777777777,-8.868852459016393,-0.1372748033494037
current,mean55_veto_signed_move_5m_abs40_over40_sig0.5,veto; base=mean55; choose=score_mean_book_rv15; score_mean_book_rv15>=0.55; ask<=95; sec_to_close>=120; signed_move_5m>=40; signed_move_5m-margin>=40; sec>=600; margin_sigma<=0.5; score<=0.82; fade_ask<=45,mean55,veto,signed_move_5m,40.0,40.0,600.0,0.5,0.82,45.0,0,307,305,187,118,0.6131147540983607,0.993485342019544,0.5573717705236446,61.0,62.2983606557377,66.0,0,0,838.258,604.0,19001.0,19605.0,-301.0,-905.0,-0.015841271512025683,-0.04616169344554961,-2.9672131147540983,-2.9478827361563518,0.6427868852459017,-0.02967213114754097,184,182,111,71,0.6098901098901099,0.9891304347826086,0.5374530906263905,61.0,61.79120879120879,65.0,0,0,839.5145,360.0,11246.0,11606.0,-146.0,-506.0,-0.012982393739996443,-0.043598138893675684,-2.78021978021978,-2.75,0.6376923076923077,-0.027802197802197726,61,61,35,26,0.5737704918032787,1.0,0.4489523044494656,62.0,62.39344262295082,66.0,0,0,839.2,122.0,3806.0,3928.0,-306.0,-428.0,-0.08039936941671046,-0.10896130346232179,-7.016393442622951,-7.016393442622951,0.6439344262295082,-0.07016393442622959,62,62,41,21,0.6612903225806451,1.0,0.5371769954935818,62.0,63.693548387096776,66.0,0,0,834.9035,122.0,3949.0,4071.0,151.0,29.0,0.03823752848822487,0.007123556865634979,0.46774193548387094,0.46774193548387094,0.6566129032258065,0.0046774193548386744,True,False,False,0.9891304347826086,-7.016393442622951,-0.10896130346232179,v21,veto; base=mean55; choose=score_mean_book_rv15; score_mean_book_rv15>=0.55; ask<=95; sec_to_close>=120; signed_move_5m>=40; signed_move_5m-margin>=40; sec>=600; margin_sigma<=0.5; score<=0.82; fade_ask<=45,mean55,veto,signed_move_5m,40.0,40.0,600.0,0.5,0.82,45.0,0,221,219,147,72,0.6712328767123288,0.9909502262443439,0.6065323932869077,61.0,62.62100456621005,66.0,0,0,839.498529,432.0,13714.0,14146.0,986.0,554.0,0.07189733119439988,0.039163014279655024,2.529680365296804,2.506787330316742,0.6459360730593606,0.02529680365296816,132,131,90,41,0.6870229007633588,0.9924242424242424,0.6032467934308663,61.0,62.3587786259542,65.0,0,0,839.479045,259.0,8169.0,8428.0,831.0,572.0,0.10172603745868528,0.06786900806834362,4.366412213740458,4.333333333333333,0.6433587786259543,0.04366412213740456,44,44,25,19,0.5681818181818182,1.0,0.4222414699362943,61.5,61.79545454545455,65.0,0,0,839.7519645,87.0,2719.0,2806.0,-219.0,-306.0,-0.08054431776388378,-0.1090520313613685,-6.954545454545454,-6.954545454545454,0.6377272727272728,-0.06954545454545458,45,44,32,12,0.7272727272727273,0.9777777777777777,0.581511269075488,61.0,64.22727272727273,69.25,0,0,839.4754245,86.0,2826.0,2912.0,374.0,288.0,0.13234253361641896,0.0989010989010989,6.545454545454546,6.4,0.6618181818181817,0.06545454545454554,True,False,False,0.9777777777777777,-6.954545454545454,-0.1090520313613685,0.5333333333333333,1.0,-519.0,-351.0,-417.0,True,False,False,False,False,0.9777777777777777,-7.016393442622951,-0.1090520313613685
current,regime55_veto_impulse_3_5m_abs40_over20_sig0.5,veto; base=regime55; choose=score_regime_blend; score_regime_blend>=0.55; ask<=95; sec_to_close>=120; impulse_3_5m>=40; impulse_3_5m-margin>=20; sec>=600; margin_sigma<=0.5; score<=0.82; fade_ask<=45,regime55,veto,impulse_3_5m,40.0,20.0,600.0,0.5,0.82,45.0,0,307,305,179,126,0.5868852459016394,0.993485342019544,0.5308787508233015,60.0,60.78688524590164,66.0,0,0,837.272,604.0,18540.0,19144.0,-640.0,-1244.0,-0.034519956850053934,-0.0649811951525282,-4.078688524590164,-4.052117263843648,0.627672131147541,-0.04078688524590157,184,182,106,76,0.5824175824175825,0.9891304347826086,0.5097904111525656,59.0,59.82967032967033,64.0,0,0,838.3305,360.0,10889.0,11249.0,-289.0,-649.0,-0.02654054550463771,-0.05769401724597742,-3.565934065934066,-3.527173913043478,0.6180769230769231,-0.03565934065934062,61,61,32,29,0.5245901639344263,1.0,0.40157156924985693,58.0,59.868852459016395,66.0,0,0,839.499,122.0,3652.0,3774.0,-452.0,-574.0,-0.12376779846659365,-0.15209326974032855,-9.40983606557377,-9.40983606557377,0.618688524590164,-0.09409836065573773,62,62,41,21,0.6612903225806451,1.0,0.5371769954935818,62.5,64.5,71.0,0,0,827.8605,122.0,3999.0,4121.0,101.0,-21.0,0.02525631407851963,-0.00509585052171803,-0.3387096774193548,-0.3387096774193548,0.6646774193548386,-0.0033870967741934654,True,False,False,0.9891304347826086,-9.40983606557377,-0.15209326974032855,v21,veto; base=regime55; choose=score_regime_blend; score_regime_blend>=0.55; ask<=95; sec_to_close>=120; impulse_3_5m>=40; impulse_3_5m-margin>=20; sec>=600; margin_sigma<=0.5; score<=0.82; fade_ask<=45,regime55,veto,impulse_3_5m,40.0,20.0,600.0,0.5,0.82,45.0,0,221,219,144,75,0.6575342465753424,0.9909502262443439,0.5924551557805612,60.0,61.15981735159817,66.0,0,0,839.522336,431.0,13394.0,13825.0,1006.0,575.0,0.07510825742869942,0.04159132007233273,2.625570776255708,2.6018099547511313,0.6312785388127854,0.026255707762557035,132,131,88,43,0.6717557251908397,0.9924242424242424,0.5874541794197865,61.0,62.152671755725194,68.0,0,0,839.474532,258.0,8142.0,8400.0,658.0,400.0,0.08081552444116924,0.047619047619047616,3.053435114503817,3.0303030303030303,0.6412213740458015,0.03053435114503822,44,44,26,18,0.5909090909090909,1.0,0.444097537410319,60.0,59.90909090909091,63.0,0,0,839.5048565,87.0,2636.0,2723.0,-36.0,-123.0,-0.013657056145675266,-0.045170767535806094,-2.7954545454545454,-2.7954545454545454,0.6188636363636364,-0.027954545454545454,45,44,30,14,0.6818181818181818,0.9777777777777777,0.5344310393781776,58.0,59.45454545454545,66.25,0,0,848.536615,86.0,2616.0,2702.0,384.0,298.0,0.14678899082568808,0.11028867505551443,6.7727272727272725,6.622222222222222,0.6140909090909091,0.06772727272727264,True,False,False,0.9777777777777777,-2.7954545454545454,-0.045170767535806094,0.26666666666666666,1.0,-483.0,-669.0,-420.0,True,False,False,False,False,0.9777777777777777,-9.40983606557377,-0.15209326974032855
current,book55_margin_veto_impulse_3_5m_abs60_over40_sig0.75,veto; base=book55_margin; choose=book_p_side; book_p_side>=0.55; ask<=95; sec_to_close>=120; margin_rv15>=0; impulse_3_5m>=60; impulse_3_5m-margin>=40; sec>=600; margin_sigma<=0.75; score<=0.82; fade_ask<=45,book55_margin,veto,impulse_3_5m,60.0,40.0,600.0,0.75,0.82,45.0,0,307,305,196,109,0.6426229508196721,0.993485342019544,0.5873727291796789,61.0,62.81639344262295,66.0,0,0,830.941,601.0,19159.0,19760.0,441.0,-160.0,0.023017902813299233,-0.008097165991902834,-0.5245901639344263,-0.5211726384364821,0.6478688524590164,-0.0052459016393442415,184,182,120,62,0.6593406593406593,0.9891304347826086,0.5878290403249925,60.0,62.175824175824175,65.0,0,0,830.628,360.0,11316.0,11676.0,684.0,324.0,0.060445387062566275,0.02774922918807811,1.7802197802197801,1.7608695652173914,0.6415384615384616,0.017802197802197717,61,61,34,27,0.5573770491803278,1.0,0.43303367693143874,60.0,62.60655737704918,67.0,0,0,830.941,122.0,3819.0,3941.0,-419.0,-541.0,-0.10971458496988741,-0.1372748033494037,-8.868852459016393,-8.868852459016393,0.6460655737704919,-0.08868852459016408,62,62,42,20,0.6774193548387096,1.0,0.5536808809284809,61.0,64.90322580645162,69.0,0,0,832.5545,119.0,4024.0,4143.0,176.0,57.0,0.0437375745526839,0.013758146270818247,0.9193548387096774,0.9193548387096774,0.6682258064516129,0.00919354838709674,True,False,False,0.9891304347826086,-8.868852459016393,-0.1372748033494037,v21,veto; base=book55_margin; choose=book_p_side; book_p_side>=0.55; ask<=95; sec_to_close>=120; margin_rv15>=0; impulse_3_5m>=60; impulse_3_5m-margin>=40; sec>=600; margin_sigma<=0.75; score<=0.82; fade_ask<=45,book55_margin,veto,impulse_3_5m,60.0,40.0,600.0,0.75,0.82,45.0,0,221,219,149,70,0.680365296803653,0.9909502262443439,0.6159494431339545,61.0,63.22831050228311,66.0,0,0,839.326712,434.0,13847.0,14281.0,1053.0,619.0,0.07604535278399653,0.04334430362019467,2.82648401826484,2.8009049773755654,0.6521004566210046,0.02826484018264841,132,131,91,40,0.6946564885496184,0.9924242424242424,0.6111785725988003,61.0,63.23664122137404,65.0,0,0,839.326712,260.0,8284.0,8544.0,816.0,556.0,0.09850313858039594,0.0650749063670412,4.244274809160306,4.212121212121212,0.6522137404580154,0.04244274809160298,44,44,28,16,0.6363636363636364,1.0,0.48866376879043444,61.5,61.81818181818182,65.0,0,0,839.4476755000001,88.0,2720.0,2808.0,80.0,-8.0,0.029411764705882353,-0.002849002849002849,-0.18181818181818182,-0.18181818181818182,0.6381818181818182,-0.0018181818181818299,45,44,30,14,0.6818181818181818,0.9777777777777777,0.5344310393781776,61.5,64.61363636363636,68.25,0,0,839.3180465,86.0,2843.0,2929.0,157.0,71.0,0.05522335561027084,0.02424035506998976,1.6136363636363635,1.5777777777777777,0.6656818181818182,0.016136363636363615,True,False,False,0.9777777777777777,-0.18181818181818182,-0.002849002849002849,0.5333333333333333,1.0,-388.0,459.0,-421.0,True,False,False,False,False,0.9777777777777777,-8.868852459016393,-0.1372748033494037
current,mean55_veto_impulse_3_5m_abs60_over20_sig0.5,veto; base=mean55; choose=score_mean_book_rv15; score_mean_book_rv15>=0.55; ask<=95; sec_to_close>=120; impulse_3_5m>=60; impulse_3_5m-margin>=20; sec>=600; margin_sigma<=0.5; score<=0.82; fade_ask<=45,mean55,veto,impulse_3_5m,60.0,20.0,600.0,0.5,0.82,45.0,0,307,305,189,116,0.6196721311475409,0.993485342019544,0.5640204021636381,61.0,62.488524590163934,66.0,0,0,837.828,605.0,19059.0,19664.0,-159.0,-764.0,-0.00834251534708012,-0.03885272579332791,-2.504918032786885,-2.488599348534202,0.6447213114754098,-0.025049180327868847,184,182,113,69,0.6208791208791209,0.9891304347826086,0.5485817285674833,61.0,61.84065934065934,65.0,0,0,839.856,361.0,11255.0,11616.0,45.0,-316.0,0.003998223011994669,-0.027203856749311296,-1.7362637362637363,-1.7173913043478262,0.6382417582417582,-0.017362637362637323,61,61,35,26,0.5737704918032787,1.0,0.4489523044494656,62.0,62.36065573770492,66.0,0,0,835.087,122.0,3804.0,3926.0,-304.0,-426.0,-0.07991587802313355,-0.10850738665308202,-6.983606557377049,-6.983606557377049,0.6436065573770493,-0.06983606557377064,62,62,41,21,0.6612903225806451,1.0,0.5371769954935818,62.0,64.51612903225806,68.0,0,0,830.4805,122.0,4000.0,4122.0,100.0,-22.0,0.025,-0.005337214944201844,-0.3548387096774194,-0.3548387096774194,0.6648387096774194,-0.003548387096774297,True,False,False,0.9891304347826086,-6.983606557377049,-0.10850738665308202,v21,veto; base=mean55; choose=score_mean_book_rv15; score_mean_book_rv15>=0.55; ask<=95; sec_to_close>=120; impulse_3_5m>=60; impulse_3_5m-margin>=20; sec>=600; margin_sigma<=0.5; score<=0.82; fade_ask<=45,mean55,veto,impulse_3_5m,60.0,20.0,600.0,0.5,0.82,45.0,0,221,219,150,69,0.684931506849315,0.9909502262443439,0.6206678423653607,61.0,62.76712328767123,66.0,0,0,839.487817,431.0,13746.0,14177.0,1254.0,823.0,0.09122653862941947,0.058051774000141075,3.7579908675799087,3.723981900452489,0.647351598173516,0.03757990867579908,132,131,93,38,0.7099236641221374,0.9924242424242424,0.6271154560889036,61.0,62.908396946564885,66.0,0,0,839.455578,257.0,8241.0,8498.0,1059.0,802.0,0.12850382235165636,0.09437514709343375,6.122137404580153,6.075757575757576,0.648702290076336,0.06122137404580141,44,44,26,18,0.5909090909090909,1.0,0.444097537410319,60.5,60.93181818181818,64.25,0,0,839.775473,88.0,2681.0,2769.0,-81.0,-169.0,-0.03021260723610593,-0.06103286384976526,-3.840909090909091,-3.840909090909091,0.6293181818181818,-0.03840909090909084,45,44,31,13,0.7045454545454546,0.9777777777777777,0.5577979987383977,61.0,64.18181818181819,69.25,0,0,839.4210035000001,86.0,2824.0,2910.0,276.0,190.0,0.09773371104815864,0.06529209621993128,4.318181818181818,4.222222222222222,0.6613636363636364,0.04318181818181821,True,False,False,0.9777777777777777,-3.840909090909091,-0.06103286384976526,0.4666666666666667,1.0,-422.0,59.0,-427.0,True,False,False,False,False,0.9777777777777777,-6.983606557377049,-0.10850738665308202
current,mean55_veto_signed_move_5m_abs40_over20_sig0.75,veto; base=mean55; choose=score_mean_book_rv15; score_mean_book_rv15>=0.55; ask<=95; sec_to_close>=120; signed_move_5m>=40; signed_move_5m-margin>=20; sec>=600; margin_sigma<=0.75; score<=0.82; fade_ask<=45,mean55,veto,signed_move_5m,40.0,20.0,600.0,0.75,0.82,45.0,0,307,305,184,121,0.6032786885245902,0.993485342019544,0.5474179918868822,61.0,62.35737704918033,66.0,0,0,836.53,602.0,19019.0,19621.0,-619.0,-1221.0,-0.0325464009674536,-0.062229244177157125,-4.00327868852459,-3.977198697068404,0.643311475409836,-0.04003278688524581,184,182,107,75,0.5879120879120879,0.9891304347826086,0.5153050291472446,61.0,61.785714285714285,65.0,0,0,838.3015,360.0,11245.0,11605.0,-545.0,-905.0,-0.048465984882169855,-0.07798362774666093,-4.972527472527473,-4.918478260869565,0.6376373626373626,-0.04972527472527466,61,61,35,26,0.5737704918032787,1.0,0.4489523044494656,62.0,62.131147540983605,66.0,0,0,835.087,122.0,3790.0,3912.0,-290.0,-412.0,-0.07651715039577836,-0.10531697341513292,-6.754098360655738,-6.754098360655738,0.6413114754098362,-0.06754098360655758,62,62,42,20,0.6774193548387096,1.0,0.5536808809284809,62.0,64.25806451612904,67.5,0,0,826.3340000000001,120.0,3984.0,4104.0,216.0,96.0,0.05421686746987952,0.023391812865497075,1.5483870967741935,1.5483870967741935,0.6619354838709677,0.015483870967741953,True,False,False,0.9891304347826086,-6.754098360655738,-0.10531697341513292,v21,veto; base=mean55; choose=score_mean_book_rv15; score_mean_book_rv15>=0.55; ask<=95; sec_to_close>=120; signed_move_5m>=40; signed_move_5m-margin>=20; sec>=600; margin_sigma<=0.75; score<=0.82; fade_ask<=45,mean55,veto,signed_move_5m,40.0,20.0,600.0,0.75,0.82,45.0,0,221,219,145,74,0.6621004566210046,0.9909502262443439,0.5971412102981033,61.0,62.97716894977169,66.0,0,0,839.42217,431.0,13792.0,14223.0,708.0,277.0,0.05133410672853828,0.01947549743373409,1.264840182648402,1.253393665158371,0.6494520547945206,0.012648401826483968,132,131,89,42,0.6793893129770993,0.9924242424242424,0.5953388097642381,61.0,62.97709923664122,66.5,0,0,839.375566,258.0,8250.0,8508.0,650.0,392.0,0.07878787878787878,0.0460742830277386,2.9923664122137406,2.9696969696969697,0.6494656488549619,0.029923664122137317,44,44,26,18,0.5909090909090909,1.0,0.444097537410319,61.0,61.81818181818182,64.25,0,0,839.7519645,87.0,2720.0,2807.0,-120.0,-207.0,-0.04411764705882353,-0.07374421090131814,-4.704545454545454,-4.704545454545454,0.6379545454545454,-0.0470454545454545,45,44,30,14,0.6818181818181818,0.9777777777777777,0.5344310393781776,61.0,64.13636363636364,69.25,0,0,839.359927,86.0,2822.0,2908.0,178.0,92.0,0.06307583274273565,0.03163686382393398,2.090909090909091,2.0444444444444443,0.6609090909090909,0.020909090909090877,True,False,False,0.9777777777777777,-4.704545454545454,-0.07374421090131814,0.4,1.0,-528.0,-944.0,-431.0,True,False,False,False,False,0.9777777777777777,-6.754098360655738,-0.10531697341513292
current,mean55_veto_signed_move_5m_abs40_over20_sig0.5,veto; base=mean55; choose=score_mean_book_rv15; score_mean_book_rv15>=0.55; ask<=95; sec_to_close>=120; signed_move_5m>=40; signed_move_5m-margin>=20; sec>=600; margin_sigma<=0.5; score<=0.82; fade_ask<=45,mean55,veto,signed_move_5m,40.0,20.0,600.0,0.5,0.82,45.0,0,307,305,184,121,0.6032786885245902,0.993485342019544,0.5474179918868822,61.0,62.34426229508197,66.0,0,0,837.192,604.0,19015.0,19619.0,-615.0,-1219.0,-0.032342887194320276,-0.06213364595545135,-3.99672131147541,-3.970684039087948,0.6432459016393443,-0.03996721311475404,184,182,107,75,0.5879120879120879,0.9891304347826086,0.5153050291472446,61.0,61.81318681318681,65.0,0,0,838.3015,360.0,11250.0,11610.0,-550.0,-910.0,-0.04888888888888889,-0.07838070628768304,-5.0,-4.945652173913044,0.6379120879120879,-0.04999999999999993,61,61,35,26,0.5737704918032787,1.0,0.4489523044494656,62.0,62.131147540983605,66.0,0,0,835.087,122.0,3790.0,3912.0,-290.0,-412.0,-0.07651715039577836,-0.10531697341513292,-6.754098360655738,-6.754098360655738,0.6413114754098362,-0.06754098360655758,62,62,42,20,0.6774193548387096,1.0,0.5536808809284809,61.5,64.11290322580645,68.0,0,0,830.346,122.0,3975.0,4097.0,225.0,103.0,0.05660377358490566,0.025140346595069564,1.6612903225806452,1.6612903225806452,0.6608064516129033,0.01661290322580633,True,False,False,0.9891304347826086,-6.754098360655738,-0.10531697341513292,v21,veto; base=mean55; choose=score_mean_book_rv15; score_mean_book_rv15>=0.55; ask<=95; sec_to_close>=120; signed_move_5m>=40; signed_move_5m-margin>=20; sec>=600; margin_sigma<=0.5; score<=0.82; fade_ask<=45,mean55,veto,signed_move_5m,40.0,20.0,600.0,0.5,0.82,45.0,0,221,219,145,74,0.6621004566210046,0.9909502262443439,0.5971412102981033,61.0,63.22831050228311,67.0,0,0,839.422551,430.0,13847.0,14277.0,653.0,223.0,0.047158229219325484,0.015619527912026336,1.0182648401826484,1.009049773755656,0.6519178082191781,0.010182648401826477,132,131,89,42,0.6793893129770993,0.9924242424242424,0.5953388097642381,61.0,63.31297709923664,67.5,0,0,839.42217,257.0,8294.0,8551.0,606.0,349.0,0.07306486616831444,0.04081393989007134,2.66412213740458,2.643939393939394,0.6527480916030536,0.026641221374045676,44,44,26,18,0.5909090909090909,1.0,0.444097537410319,61.5,62.06818181818182,65.0,0,0,839.7519645,87.0,2731.0,2818.0,-131.0,-218.0,-0.047967777370926404,-0.0773598296664301,-4.954545454545454,-4.954545454545454,0.6404545454545455,-0.04954545454545456,45,44,30,14,0.6818181818181818,0.9777777777777777,0.5344310393781776,61.0,64.13636363636364,69.25,0,0,839.359927,86.0,2822.0,2908.0,178.0,92.0,0.06307583274273565,0.03163686382393398,2.090909090909091,2.0444444444444443,0.6609090909090909,0.020909090909090877,True,False,False,0.9777777777777777,-4.954545454545454,-0.0773598296664301,0.4,1.0,-528.0,-996.0,-435.0,True,False,False,False,False,0.9777777777777777,-6.754098360655738,-0.10531697341513292
current,mean55_veto_impulse_3_5m_abs40_over20_sig0.5,veto; base=mean55; choose=score_mean_book_rv15; score_mean_book_rv15>=0.55; ask<=95; sec_to_close>=120; impulse_3_5m>=40; impulse_3_5m-margin>=20; sec>=600; margin_sigma<=0.5; score<=0.82; fade_ask<=45,mean55,veto,impulse_3_5m,40.0,20.0,600.0,0.5,0.82,45.0,0,307,305,187,118,0.6131147540983607,0.993485342019544,0.5573717705236446,61.0,62.84590163934426,66.0,0,0,834.966,604.0,19168.0,19772.0,-468.0,-1072.0,-0.024415692821368948,-0.05421808618248027,-3.5147540983606556,-3.49185667752443,0.6482622950819672,-0.03514754098360651,184,182,110,72,0.6043956043956044,0.9891304347826086,0.5319025209670133,61.0,62.17032967032967,66.0,0,0,837.376,360.0,11315.0,11675.0,-315.0,-675.0,-0.027839151568714096,-0.057815845824411134,-3.708791208791209,-3.6684782608695654,0.6414835164835165,-0.03708791208791218,61,61,35,26,0.5737704918032787,1.0,0.4489523044494656,62.0,62.24590163934426,66.0,0,0,833.849,122.0,3797.0,3919.0,-297.0,-419.0,-0.07821964708980775,-0.10691502934422047,-6.868852459016393,-6.868852459016393,0.6424590163934427,-0.06868852459016406,62,62,42,20,0.6774193548387096,1.0,0.5536808809284809,64.0,65.41935483870968,69.75,0,0,818.8485000000001,122.0,4056.0,4178.0,144.0,22.0,0.03550295857988166,0.005265677357587362,0.3548387096774194,0.3548387096774194,0.6738709677419356,0.003548387096774075,True,False,False,0.9891304347826086,-6.868852459016393,-0.10691502934422047,v21,veto; base=mean55; choose=score_mean_book_rv15; score_mean_book_rv15>=0.55; ask<=95; sec_to_close>=120; impulse_3_5m>=40; impulse_3_5m-margin>=20; sec>=600; margin_sigma<=0.5; score<=0.82; fade_ask<=45,mean55,veto,impulse_3_5m,40.0,20.0,600.0,0.5,0.82,45.0,0,221,219,148,71,0.6757990867579908,0.9909502262443439,0.6112376507734046,62.0,63.64840182648402,67.5,0,0,839.225176,429.0,13939.0,14368.0,861.0,432.0,0.061769136953870436,0.030066815144766147,1.9726027397260273,1.9547511312217194,0.6560730593607306,0.01972602739726026,132,131,91,40,0.6946564885496184,0.9924242424242424,0.6111785725988003,62.0,63.89312977099237,69.5,0,0,839.225176,256.0,8370.0,8626.0,730.0,474.0,0.08721624850657109,0.054950150707164386,3.618320610687023,3.590909090909091,0.6584732824427482,0.0361832061068702,44,44,27,17,0.6136363636363636,1.0,0.4662357539237828,62.0,62.45454545454545,65.25,0,0,839.1218934999999,87.0,2748.0,2835.0,-48.0,-135.0,-0.017467248908296942,-0.047619047619047616,-3.0681818181818183,-3.0681818181818183,0.6443181818181819,-0.030681818181818254,45,44,30,14,0.6818181818181818,0.9777777777777777,0.5344310393781776,61.0,64.11363636363636,69.25,0,0,839.359927,86.0,2821.0,2907.0,179.0,93.0,0.06345267635590217,0.03199174406604747,2.1136363636363638,2.066666666666667,0.6606818181818181,0.02113636363636362,True,False,False,0.9777777777777777,-3.0681818181818183,-0.047619047619047616,0.4,1.0,-528.0,-640.0,-439.0,True,False,False,False,False,0.9777777777777777,-6.868852459016393,-0.10691502934422047
current,book55_margin_veto_signed_move_5m_abs60_over0_sig0.5,veto; base=book55_margin; choose=book_p_side; book_p_side>=0.55; ask<=95; sec_to_close>=120; margin_rv15>=0; signed_move_5m>=60; signed_move_5m-margin>=0; sec>=600; margin_sigma<=0.5; score<=0.82; fade_ask<=45,book55_margin,veto,signed_move_5m,60.0,0.0,600.0,0.5,0.82,45.0,0,307,305,196,109,0.6426229508196721,0.993485342019544,0.5873727291796789,60.0,62.59344262295082,65.0,0,0,832.096,603.0,19091.0,19694.0,509.0,-94.0,0.02666177780105809,-0.004773027317964863,-0.3081967213114754,-0.30618892508143325,0.6457049180327868,-0.0030819672131147113,184,182,120,62,0.6593406593406593,0.9891304347826086,0.5878290403249925,60.0,62.027472527472526,64.75,0,0,831.6915,360.0,11289.0,11649.0,711.0,351.0,0.06298166356630348,0.030131341746072623,1.9285714285714286,1.9076086956521738,0.6400549450549451,0.01928571428571424,61,61,34,27,0.5573770491803278,1.0,0.43303367693143874,60.0,62.459016393442624,67.0,0,0,830.798,122.0,3810.0,3932.0,-410.0,-532.0,-0.10761154855643044,-0.1353001017293998,-8.721311475409836,-8.721311475409836,0.6445901639344263,-0.08721311475409843,62,62,42,20,0.6774193548387096,1.0,0.5536808809284809,61.0,64.38709677419355,68.25,0,0,834.837,121.0,3992.0,4113.0,208.0,87.0,0.052104208416833664,0.021152443471918306,1.403225806451613,1.403225806451613,0.6633870967741935,0.014032258064516134,True,False,False,0.9891304347826086,-8.721311475409836,-0.1353001017293998,v21,veto; base=book55_margin; choose=book_p_side; book_p_side>=0.55; ask<=95; sec_to_close>=120; margin_rv15>=0; signed_move_5m>=60; signed_move_5m-margin>=0; sec>=600; margin_sigma<=0.5; score<=0.82; fade_ask<=45,book55_margin,veto,signed_move_5m,60.0,0.0,600.0,0.5,0.82,45.0,0,221,219,147,72,0.6712328767123288,0.9909502262443439,0.6065323932869077,61.0,63.49771689497717,66.0,0,0,839.326712,432.0,13906.0,14338.0,794.0,362.0,0.057097655688192146,0.025247593806667596,1.6529680365296804,1.6380090497737556,0.6547031963470319,0.016529680365296895,132,131,90,41,0.6870229007633588,0.9924242424242424,0.6032467934308663,61.0,63.82442748091603,66.5,0,0,839.375566,258.0,8361.0,8619.0,639.0,381.0,0.07642626480086114,0.044204664114166375,2.9083969465648853,2.8863636363636362,0.6579389312977099,0.02908396946564895,44,44,28,16,0.6363636363636364,1.0,0.48866376879043444,61.5,61.45454545454545,65.0,0,0,839.4476755000001,88.0,2704.0,2792.0,96.0,8.0,0.03550295857988166,0.0028653295128939827,0.18181818181818182,0.18181818181818182,0.6345454545454545,0.0018181818181818299,45,44,29,15,0.6590909090909091,0.9777777777777777,0.5113914121793824,61.5,64.56818181818181,68.25,0,0,838.1485385,86.0,2841.0,2927.0,59.0,-27.0,0.020767335445265753,-0.009224461906388794,-0.6136363636363636,-0.6,0.6652272727272727,-0.0061363636363636065,True,False,False,0.9777777777777777,-0.6136363636363636,-0.009224461906388794,0.5333333333333333,1.0,-460.0,268.0,-464.0,True,False,False,False,False,0.9777777777777777,-8.721311475409836,-0.1353001017293998
current,book55_margin_veto_impulse_3_5m_abs40_over20_sig0.5,veto; base=book55_margin; choose=book_p_side; book_p_side>=0.55; ask<=95; sec_to_close>=120; margin_rv15>=0; impulse_3_5m>=40; impulse_3_5m-margin>=20; sec>=600; margin_sigma<=0.5; score<=0.82; fade_ask<=45,book55_margin,veto,impulse_3_5m,40.0,20.0,600.0,0.5,0.82,45.0,0,307,305,191,114,0.6262295081967213,0.993485342019544,0.5706793708842295,61.0,63.104918032786884,66.0,0,0,827.948,601.0,19247.0,19848.0,-147.0,-748.0,-0.007637553904504598,-0.037686416767432486,-2.4524590163934428,-2.436482084690554,0.6507540983606557,-0.02452459016393438,184,182,113,69,0.6208791208791209,0.9891304347826086,0.5485817285674833,61.0,62.604395604395606,65.75,0,0,828.154,358.0,11394.0,11752.0,-94.0,-452.0,-0.008249956117254695,-0.038461538461538464,-2.4835164835164836,-2.4565217391304346,0.6457142857142858,-0.024835164835164902,61,61,35,26,0.5737704918032787,1.0,0.4489523044494656,60.0,62.40983606557377,67.0,0,0,829.552,122.0,3807.0,3929.0,-307.0,-429.0,-0.08064092461255581,-0.10918808857215577,-7.032786885245901,-7.032786885245901,0.6440983606557378,-0.07032786885245912,62,62,43,19,0.6935483870967742,1.0,0.5703278379461328,62.0,65.25806451612904,69.75,0,0,814.149,121.0,4046.0,4167.0,254.0,133.0,0.06277805239742956,0.031917446604271656,2.1451612903225805,2.1451612903225805,0.6720967741935484,0.021451612903225836,True,False,False,0.9891304347826086,-7.032786885245901,-0.10918808857215577,v21,veto; base=book55_margin; choose=book_p_side; book_p_side>=0.55; ask<=95; sec_to_close>=120; margin_rv15>=0; impulse_3_5m>=40; impulse_3_5m-margin>=20; sec>=600; margin_sigma<=0.5; score<=0.82; fade_ask<=45,book55_margin,veto,impulse_3_5m,40.0,20.0,600.0,0.5,0.82,45.0,0,221,219,143,76,0.6529680365296804,0.9909502262443439,0.587775377877362,62.0,64.07762557077625,67.0,0,0,779.969998,430.0,14033.0,14463.0,267.0,-163.0,0.019026580203805318,-0.011270137592477357,-0.7442922374429224,-0.7375565610859729,0.6604109589041096,-0.007442922374429228,132,131,87,44,0.6641221374045801,0.9924242424242424,0.5795924913457884,62.0,64.31297709923665,68.5,0,0,839.014237,257.0,8425.0,8682.0,275.0,18.0,0.032640949554896145,0.002073255010366275,0.13740458015267176,0.13636363636363635,0.6627480916030535,0.0013740458015266688,44,44,28,16,0.6363636363636364,1.0,0.48866376879043444,62.0,62.95454545454545,66.0,0,0,779.9426149999999,87.0,2770.0,2857.0,30.0,-57.0,0.010830324909747292,-0.019950997549877492,-1.2954545454545454,-1.2954545454545454,0.6493181818181818,-0.01295454545454544,45,44,28,16,0.6363636363636364,0.9777777777777777,0.48866376879043444,61.5,64.5,68.25,0,0,808.445661,86.0,2838.0,2924.0,-38.0,-124.0,-0.013389711064129669,-0.04240766073871409,-2.8181818181818183,-2.7555555555555555,0.6645454545454546,-0.028181818181818197,True,False,False,0.9777777777777777,-2.8181818181818183,-0.04240766073871409,0.45454545454545453,1.0,-463.0,-911.0,-477.0,True,False,False,False,False,0.9777777777777777,-7.032786885245901,-0.10918808857215577
current,book55_margin_veto_signed_move_5m_abs60_over20_sig0.5,veto; base=book55_margin; choose=book_p_side; book_p_side>=0.55; ask<=95; sec_to_close>=120; margin_rv15>=0; signed_move_5m>=60; signed_move_5m-margin>=20; sec>=600; margin_sigma<=0.5; score<=0.82; fade_ask<=45,book55_margin,veto,signed_move_5m,60.0,20.0,600.0,0.5,0.82,45.0,0,307,305,196,109,0.6426229508196721,0.993485342019544,0.5873727291796789,60.0,62.540983606557376,65.0,0,0,832.096,604.0,19075.0,19679.0,525.0,-79.0,0.027522935779816515,-0.004014431627623355,-0.25901639344262295,-0.25732899022801303,0.6452131147540984,-0.0025901639344262373,184,182,120,62,0.6593406593406593,0.9891304347826086,0.5878290403249925,60.0,61.93956043956044,64.75,0,0,831.6915,361.0,11273.0,11634.0,727.0,366.0,0.06449037523285726,0.03145951521402785,2.010989010989011,1.9891304347826086,0.6392307692307693,0.02010989010989006,61,61,34,27,0.5573770491803278,1.0,0.43303367693143874,60.0,62.459016393442624,67.0,0,0,830.798,122.0,3810.0,3932.0,-410.0,-532.0,-0.10761154855643044,-0.1353001017293998,-8.721311475409836,-8.721311475409836,0.6445901639344263,-0.08721311475409843,62,62,42,20,0.6774193548387096,1.0,0.5536808809284809,61.0,64.38709677419355,68.25,0,0,834.837,121.0,3992.0,4113.0,208.0,87.0,0.052104208416833664,0.021152443471918306,1.403225806451613,1.403225806451613,0.6633870967741935,0.014032258064516134,True,False,False,0.9891304347826086,-8.721311475409836,-0.1353001017293998,v21,veto; base=book55_margin; choose=book_p_side; book_p_side>=0.55; ask<=95; sec_to_close>=120; margin_rv15>=0; signed_move_5m>=60; signed_move_5m-margin>=20; sec>=600; margin_sigma<=0.5; score<=0.82; fade_ask<=45,book55_margin,veto,signed_move_5m,60.0,20.0,600.0,0.5,0.82,45.0,0,221,219,147,72,0.6712328767123288,0.9909502262443439,0.6065323932869077,61.0,63.42465753424658,66.0,0,0,839.344972,433.0,13890.0,14323.0,810.0,377.0,0.058315334773218146,0.02632130140333729,1.721461187214612,1.7058823529411764,0.6540182648401826,0.017214611872146235,132,131,90,41,0.6870229007633588,0.9924242424242424,0.6032467934308663,61.0,63.57251908396947,66.0,0,0,839.42217,259.0,8328.0,8587.0,672.0,413.0,0.08069164265129683,0.048095959007802495,3.1526717557251906,3.128787878787879,0.6554961832061069,0.03152671755725189,44,44,28,16,0.6363636363636364,1.0,0.48866376879043444,61.5,61.84090909090909,65.0,0,0,839.4476755000001,88.0,2721.0,2809.0,79.0,-9.0,0.029033443586916573,-0.003203987184051264,-0.20454545454545456,-0.20454545454545456,0.6384090909090908,-0.0020454545454544615,45,44,29,15,0.6590909090909091,0.9777777777777777,0.5113914121793824,61.5,64.56818181818181,68.25,0,0,838.1485385,86.0,2841.0,2927.0,59.0,-27.0,0.020767335445265753,-0.009224461906388794,-0.6136363636363636,-0.6,0.6652272727272727,-0.0061363636363636065,True,False,False,0.9777777777777777,-0.6136363636363636,-0.009224461906388794,0.5333333333333333,1.0,-460.0,298.0,-481.0,True,False,False,False,False,0.9777777777777777,-8.721311475409836,-0.1353001017293998
current,book55_margin_veto_signed_move_5m_abs40_over0_sig0.75,veto; base=book55_margin; choose=book_p_side; book_p_side>=0.55; ask<=95; sec_to_close>=120; margin_rv15>=0; signed_move_5m>=40; signed_move_5m-margin>=0; sec>=600; margin_sigma<=0.75; score<=0.82; fade_ask<=45,book55_margin,veto,signed_move_5m,40.0,0.0,600.0,0.75,0.82,45.0,0,307,305,189,116,0.6196721311475409,0.993485342019544,0.5640204021636381,60.0,62.927868852459014,66.0,0,0,828.027,596.0,19193.0,19789.0,-293.0,-889.0,-0.015265982389412807,-0.04492394764768306,-2.914754098360656,-2.8957654723127035,0.6488196721311476,-0.029147540983606612,184,182,112,70,0.6153846153846154,0.9891304347826086,0.5430128030749768,60.0,62.40659340659341,65.0,0,0,827.801,357.0,11358.0,11715.0,-158.0,-515.0,-0.013910899806303927,-0.04396073410157917,-2.82967032967033,-2.7989130434782608,0.6436813186813187,-0.028296703296703307,61,61,35,26,0.5737704918032787,1.0,0.4489523044494656,60.0,62.42622950819672,67.0,0,0,829.552,122.0,3808.0,3930.0,-308.0,-430.0,-0.08088235294117647,-0.10941475826972011,-7.049180327868853,-7.049180327868853,0.6442622950819672,-0.07049180327868854,62,62,42,20,0.6774193548387096,1.0,0.5536808809284809,61.0,64.95161290322581,70.5,0,0,826.3340000000001,117.0,4027.0,4144.0,173.0,56.0,0.04296001986590514,0.013513513513513514,0.9032258064516129,0.9032258064516129,0.6683870967741935,0.00903225806451613,True,False,False,0.9891304347826086,-7.049180327868853,-0.10941475826972011,v21,veto; base=book55_margin; choose=book_p_side; book_p_side>=0.55; ask<=95; sec_to_close>=120; margin_rv15>=0; signed_move_5m>=40; signed_move_5m-margin>=0; sec>=600; margin_sigma<=0.75; score<=0.82; fade_ask<=45,book55_margin,veto,signed_move_5m,40.0,0.0,600.0,0.75,0.82,45.0,0,221,219,144,75,0.6575342465753424,0.9909502262443439,0.5924551557805612,61.0,63.6986301369863,66.5,0,0,779.943734,427.0,13950.0,14377.0,450.0,23.0,0.03225806451612903,0.001599777422271684,0.1050228310502283,0.10407239819004525,0.6564840182648402,0.001050228310502277,132,131,88,43,0.6717557251908397,0.9924242424242424,0.5874541794197865,61.0,64.09923664122137,67.0,0,0,779.92315,254.0,8397.0,8651.0,403.0,149.0,0.04799333095153031,0.01722344237660386,1.1374045801526718,1.128787878787879,0.6603816793893129,0.011374045801526789,44,44,28,16,0.6363636363636364,1.0,0.48866376879043444,61.0,61.84090909090909,63.25,0,0,809.4906965,87.0,2721.0,2808.0,79.0,-8.0,0.029033443586916573,-0.002849002849002849,-0.18181818181818182,-0.18181818181818182,0.6381818181818181,-0.0018181818181817189,45,44,28,16,0.6363636363636364,0.9777777777777777,0.48866376879043444,61.5,64.36363636363636,68.0,0,0,779.8494774999999,86.0,2832.0,2918.0,-32.0,-118.0,-0.011299435028248588,-0.04043865661411926,-2.6818181818181817,-2.6222222222222222,0.6631818181818182,-0.026818181818181852,True,False,False,0.9777777777777777,-2.6818181818181817,-0.04043865661411926,0.45454545454545453,1.0,-464.0,-866.0,-500.0,True,False,False,False,False,0.9777777777777777,-7.049180327868853,-0.10941475826972011
current,book55_margin_veto_impulse_3_5m_abs60_over20_sig0.5,veto; base=book55_margin; choose=book_p_side; book_p_side>=0.55; ask<=95; sec_to_close>=120; margin_rv15>=0; impulse_3_5m>=60; impulse_3_5m-margin>=20; sec>=600; margin_sigma<=0.5; score<=0.82; fade_ask<=45,book55_margin,veto,impulse_3_5m,60.0,20.0,600.0,0.5,0.82,45.0,0,307,305,196,109,0.6426229508196721,0.993485342019544,0.5873727291796789,61.0,62.80327868852459,66.0,0,0,830.941,603.0,19155.0,19758.0,445.0,-158.0,0.023231532237013835,-0.00799676080574957,-0.5180327868852459,-0.5146579804560261,0.6478032786885245,-0.0051803278688523635,184,182,120,62,0.6593406593406593,0.9891304347826086,0.5878290403249925,60.0,62.23076923076923,65.0,0,0,830.9190000000001,360.0,11326.0,11686.0,674.0,314.0,0.05950909411972453,0.026869758685606707,1.7252747252747254,1.7065217391304348,0.6420879120879122,0.01725274725274717,61,61,34,27,0.5573770491803278,1.0,0.43303367693143874,60.0,62.459016393442624,67.0,0,0,830.798,122.0,3810.0,3932.0,-410.0,-532.0,-0.10761154855643044,-0.1353001017293998,-8.721311475409836,-8.721311475409836,0.6445901639344263,-0.08721311475409843,62,62,42,20,0.6774193548387096,1.0,0.5536808809284809,61.0,64.8225806451613,69.0,0,0,832.5545,121.0,4019.0,4140.0,181.0,60.0,0.04503607862652401,0.014492753623188406,0.967741935483871,0.967741935483871,0.667741935483871,0.009677419354838679,True,False,False,0.9891304347826086,-8.721311475409836,-0.1353001017293998,v21,veto; base=book55_margin; choose=book_p_side; book_p_side>=0.55; ask<=95; sec_to_close>=120; margin_rv15>=0; impulse_3_5m>=60; impulse_3_5m-margin>=20; sec>=600; margin_sigma<=0.5; score<=0.82; fade_ask<=45,book55_margin,veto,impulse_3_5m,60.0,20.0,600.0,0.5,0.82,45.0,0,221,219,148,71,0.6757990867579908,0.9909502262443439,0.6112376507734046,61.0,63.52054794520548,66.0,0,0,839.281062,432.0,13911.0,14343.0,889.0,457.0,0.06390626123211847,0.031862232447883984,2.08675799086758,2.067873303167421,0.6549315068493151,0.020867579908675715,132,131,91,40,0.6946564885496184,0.9924242424242424,0.6111785725988003,61.0,63.74045801526717,66.5,0,0,839.251745,258.0,8350.0,8608.0,750.0,492.0,0.08982035928143713,0.05715613382899628,3.7557251908396947,3.727272727272727,0.6570992366412215,0.03755725190839687,44,44,28,16,0.6363636363636364,1.0,0.48866376879043444,61.5,61.81818181818182,65.0,0,0,839.4476755000001,88.0,2720.0,2808.0,80.0,-8.0,0.029411764705882353,-0.002849002849002849,-0.18181818181818182,-0.18181818181818182,0.6381818181818182,-0.0018181818181818299,45,44,29,15,0.6590909090909091,0.9777777777777777,0.5113914121793824,61.5,64.56818181818181,68.25,0,0,838.1485385,86.0,2841.0,2927.0,59.0,-27.0,0.020767335445265753,-0.009224461906388794,-0.6136363636363636,-0.6,0.6652272727272727,-0.0061363636363636065,True,False,False,0.9777777777777777,-0.6136363636363636,-0.009224461906388794,0.5333333333333333,1.0,-460.0,299.0,-507.0,True,False,False,False,False,0.9777777777777777,-8.721311475409836,-0.1353001017293998
current,mean55_veto_impulse_3_5m_abs40_over40_sig0.75,veto; base=mean55; choose=score_mean_book_rv15; score_mean_book_rv15>=0.55; ask<=95; sec_to_close>=120; impulse_3_5m>=40; impulse_3_5m-margin>=40; sec>=600; margin_sigma<=0.75; score<=0.82; fade_ask<=45,mean55,veto,impulse_3_5m,40.0,40.0,600.0,0.75,0.82,45.0,0,307,305,187,118,0.6131147540983607,0.993485342019544,0.5573717705236446,61.0,62.65573770491803,66.0,0,0,837.494,602.0,19110.0,19712.0,-410.0,-1012.0,-0.021454735740450027,-0.05133928571428571,-3.318032786885246,-3.2964169381107493,0.6462950819672131,-0.03318032786885239,184,182,111,71,0.6098901098901099,0.9891304347826086,0.5374530906263905,61.0,61.89010989010989,65.0,0,0,839.2245,360.0,11264.0,11624.0,-164.0,-524.0,-0.01455965909090909,-0.045079146593255334,-2.879120879120879,-2.847826086956522,0.6386813186813187,-0.028791208791208778,61,61,35,26,0.5737704918032787,1.0,0.4489523044494656,62.0,62.39344262295082,66.0,0,0,839.2,122.0,3806.0,3928.0,-306.0,-428.0,-0.08039936941671046,-0.10896130346232179,-7.016393442622951,-7.016393442622951,0.6439344262295082,-0.07016393442622959,62,62,41,21,0.6612903225806451,1.0,0.5371769954935818,63.0,65.16129032258064,69.0,0,0,827.0865,120.0,4040.0,4160.0,60.0,-60.0,0.01485148514851485,-0.014423076923076924,-0.967741935483871,-0.967741935483871,0.6709677419354838,-0.009677419354838679,True,False,False,0.9891304347826086,-7.016393442622951,-0.10896130346232179,v21,veto; base=mean55; choose=score_mean_book_rv15; score_mean_book_rv15>=0.55; ask<=95; sec_to_close>=120; impulse_3_5m>=40; impulse_3_5m-margin>=40; sec>=600; margin_sigma<=0.75; score<=0.82; fade_ask<=45,mean55,veto,impulse_3_5m,40.0,40.0,600.0,0.75,0.82,45.0,0,221,219,148,71,0.6757990867579908,0.9909502262443439,0.6112376507734046,61.0,62.57990867579909,66.0,0,0,839.483602,433.0,13705.0,14138.0,1095.0,662.0,0.07989784750091207,0.04682416183335691,3.0228310502283104,2.995475113122172,0.6455707762557077,0.03022831050228314,132,131,91,40,0.6946564885496184,0.9924242424242424,0.6111785725988003,61.0,62.25954198473283,65.0,0,0,839.455578,260.0,8156.0,8416.0,944.0,684.0,0.11574301128003923,0.08127376425855513,5.221374045801527,5.181818181818182,0.6424427480916031,0.0522137404580153,44,44,25,19,0.5681818181818182,1.0,0.4222414699362943,61.5,61.88636363636363,65.0,0,0,839.7169610000001,87.0,2723.0,2810.0,-223.0,-310.0,-0.08189496878442894,-0.1103202846975089,-7.045454545454546,-7.045454545454546,0.6386363636363637,-0.07045454545454544,45,44,32,12,0.7272727272727273,0.9777777777777777,0.581511269075488,61.0,64.22727272727273,69.25,0,0,839.4754245,86.0,2826.0,2912.0,374.0,288.0,0.13234253361641896,0.0989010989010989,6.545454545454546,6.4,0.6618181818181817,0.06545454545454554,True,False,False,0.9777777777777777,-7.045454545454546,-0.1103202846975089,0.5333333333333333,1.0,-519.0,-350.0,-510.0,True,False,False,False,False,0.9777777777777777,-7.045454545454546,-0.1103202846975089
current,book55_margin_veto_signed_move_5m_abs40_over20_sig0.5,veto; base=book55_margin; choose=book_p_side; book_p_side>=0.55; ask<=95; sec_to_close>=120; margin_rv15>=0; signed_move_5m>=40; signed_move_5m-margin>=20; sec>=600; margin_sigma<=0.5; score<=0.82; fade_ask<=45,book55_margin,veto,signed_move_5m,40.0,20.0,600.0,0.5,0.82,45.0,0,307,305,189,116,0.6196721311475409,0.993485342019544,0.5640204021636381,60.0,62.734426229508195,66.0,0,0,829.552,602.0,19134.0,19736.0,-234.0,-836.0,-0.012229539040451553,-0.042359140656668015,-2.740983606557377,-2.7231270358306188,0.6470819672131148,-0.0274098360655739,184,182,112,70,0.6153846153846154,0.9891304347826086,0.5430128030749768,60.0,62.285714285714285,65.0,0,0,829.1514999999999,359.0,11336.0,11695.0,-136.0,-495.0,-0.011997177134791814,-0.042325780247969215,-2.71978021978022,-2.6902173913043477,0.6425824175824176,-0.027197802197802212,61,61,35,26,0.5737704918032787,1.0,0.4489523044494656,60.0,62.40983606557377,67.0,0,0,829.552,122.0,3807.0,3929.0,-307.0,-429.0,-0.08064092461255581,-0.10918808857215577,-7.032786885245901,-7.032786885245901,0.6440983606557378,-0.07032786885245912,62,62,42,20,0.6774193548387096,1.0,0.5536808809284809,61.0,64.37096774193549,69.0,0,0,832.5545,121.0,3991.0,4112.0,209.0,88.0,0.052367827612127285,0.021400778210116732,1.4193548387096775,1.4193548387096775,0.6632258064516129,0.014193548387096744,True,False,False,0.9891304347826086,-7.032786885245901,-0.10918808857215577,v21,veto; base=book55_margin; choose=book_p_side; book_p_side>=0.55; ask<=95; sec_to_close>=120; margin_rv15>=0; signed_move_5m>=40; signed_move_5m-margin>=20; sec>=600; margin_sigma<=0.5; score<=0.82; fade_ask<=45,book55_margin,veto,signed_move_5m,40.0,20.0,600.0,0.5,0.82,45.0,0,221,219,143,76,0.6529680365296804,0.9909502262443439,0.587775377877362,62.0,63.84474885844749,67.0,0,0,839.192456,431.0,13982.0,14413.0,318.0,-113.0,0.022743527392361608,-0.007840144314160828,-0.5159817351598174,-0.5113122171945701,0.6581278538812787,-0.005159817351598317,132,131,87,44,0.6641221374045801,0.9924242424242424,0.5795924913457884,62.0,63.98473282442748,68.0,0,0,839.214851,258.0,8382.0,8640.0,318.0,60.0,0.03793843951324266,0.006944444444444444,0.4580152671755725,0.45454545454545453,0.6595419847328244,0.004580152671755711,44,44,28,16,0.6363636363636364,1.0,0.48866376879043444,62.0,62.75,65.25,0,0,839.2038275,87.0,2761.0,2848.0,39.0,-48.0,0.014125316914161535,-0.016853932584269662,-1.0909090909090908,-1.0909090909090908,0.6472727272727272,-0.010909090909090868,45,44,28,16,0.6363636363636364,0.9777777777777777,0.48866376879043444,61.5,64.52272727272727,68.25,0,0,808.445661,86.0,2839.0,2925.0,-39.0,-125.0,-0.013737231419513914,-0.042735042735042736,-2.840909090909091,-2.7777777777777777,0.6647727272727273,-0.02840909090909094,True,False,False,0.9777777777777777,-2.840909090909091,-0.042735042735042736,0.45454545454545453,1.0,-464.0,-949.0,-514.0,True,False,False,False,False,0.9777777777777777,-7.032786885245901,-0.10918808857215577
current,regime55_veto_impulse_3_5m_abs60_over0_sig0.75,veto; base=regime55; choose=score_regime_blend; score_regime_blend>=0.55; ask<=95; sec_to_close>=120; impulse_3_5m>=60; impulse_3_5m-margin>=0; sec>=600; margin_sigma<=0.75; score<=0.82; fade_ask<=45,regime55,veto,impulse_3_5m,60.0,0.0,600.0,0.75,0.82,45.0,0,307,305,171,134,0.5606557377049181,0.993485342019544,0.5045444498287338,58.0,59.691803278688525,64.0,0,0,852.367,601.0,18206.0,18807.0,-1106.0,-1707.0,-0.06074920355926618,-0.0907640772052959,-5.5967213114754095,-5.5602605863192185,0.6166229508196721,-0.055967213114754055,184,182,101,81,0.554945054945055,0.9891304347826086,0.48234923344870784,58.0,58.70879120879121,63.0,0,0,853.4359999999999,360.0,10685.0,11045.0,-585.0,-945.0,-0.05474964904071128,-0.08555907650520597,-5.1923076923076925,-5.135869565217392,0.6068681318681319,-0.05192307692307696,61,61,31,30,0.5081967213114754,1.0,0.3860261849109116,58.0,59.442622950819676,65.0,0,0,852.986,122.0,3626.0,3748.0,-526.0,-648.0,-0.1450634307777165,-0.1728922091782284,-10.62295081967213,-10.62295081967213,0.6144262295081966,-0.10622950819672117,62,62,39,23,0.6290322580645161,1.0,0.5045796412346052,61.0,62.82258064516129,68.25,0,0,837.4515,119.0,3895.0,4014.0,5.0,-114.0,0.0012836970474967907,-0.028400597907324365,-1.8387096774193548,-1.8387096774193548,0.6474193548387097,-0.01838709677419359,True,False,False,0.9891304347826086,-10.62295081967213,-0.1728922091782284,v21,veto; base=regime55; choose=score_regime_blend; score_regime_blend>=0.55; ask<=95; sec_to_close>=120; impulse_3_5m>=60; impulse_3_5m-margin>=0; sec>=600; margin_sigma<=0.75; score<=0.82; fade_ask<=45,regime55,veto,impulse_3_5m,60.0,0.0,600.0,0.75,0.82,45.0,0,221,219,142,77,0.6484018264840182,0.9909502262443439,0.5831018188812981,59.0,59.8310502283105,64.5,0,0,839.960514,429.0,13103.0,13532.0,1097.0,668.0,0.08372128520186217,0.04936446940585279,3.050228310502283,3.02262443438914,0.6178995433789954,0.030502283105022787,132,131,87,44,0.6641221374045801,0.9924242424242424,0.5795924913457884,59.0,61.01526717557252,65.0,0,0,839.857065,255.0,7993.0,8248.0,707.0,452.0,0.08845239584636556,0.0548011639185257,3.450381679389313,3.4242424242424243,0.6296183206106869,0.03450381679389325,44,44,25,19,0.5681818181818182,1.0,0.4222414699362943,58.0,57.15909090909091,61.25,0,0,857.2555245000001,88.0,2515.0,2603.0,-15.0,-103.0,-0.005964214711729622,-0.039569727237802534,-2.340909090909091,-2.340909090909091,0.5915909090909092,-0.023409090909090935,45,44,30,14,0.6818181818181818,0.9777777777777777,0.5344310393781776,57.0,58.97727272727273,63.0,0,0,857.484057,86.0,2595.0,2681.0,405.0,319.0,0.15606936416184972,0.11898545318910854,7.25,7.088888888888889,0.6093181818181818,0.07250000000000001,True,False,False,0.9777777777777777,-2.340909090909091,-0.039569727237802534,0.26666666666666666,1.0,-477.0,-1039.0,-546.0,True,False,False,False,False,0.9777777777777777,-10.62295081967213,-0.1728922091782284
current,book55_margin_veto_signed_move_5m_abs60_over0_sig0.75,veto; base=book55_margin; choose=book_p_side; book_p_side>=0.55; ask<=95; sec_to_close>=120; margin_rv15>=0; signed_move_5m>=60; signed_move_5m-margin>=0; sec>=600; margin_sigma<=0.75; score<=0.82; fade_ask<=45,book55_margin,veto,signed_move_5m,60.0,0.0,600.0,0.75,0.82,45.0,0,307,305,195,110,0.639344262295082,0.993485342019544,0.5840287495567299,60.0,62.61967213114754,65.0,0,0,831.167,600.0,19099.0,19699.0,401.0,-199.0,0.02099586365778313,-0.010102035636326718,-0.6524590163934426,-0.6482084690553745,0.6458688524590164,-0.006524590163934363,184,182,120,62,0.6593406593406593,0.9891304347826086,0.5878290403249925,60.0,62.02197802197802,64.0,0,0,831.2675,360.0,11288.0,11648.0,712.0,352.0,0.06307583274273565,0.03021978021978022,1.934065934065934,1.9130434782608696,0.64,0.019340659340659316,61,61,34,27,0.5573770491803278,1.0,0.43303367693143874,60.0,62.459016393442624,67.0,0,0,830.798,122.0,3810.0,3932.0,-410.0,-532.0,-0.10761154855643044,-0.1353001017293998,-8.721311475409836,-8.721311475409836,0.6445901639344263,-0.08721311475409843,62,62,41,21,0.6612903225806451,1.0,0.5371769954935818,61.0,64.53225806451613,66.0,0,0,832.3520000000001,118.0,4001.0,4119.0,99.0,-19.0,0.02474381404648838,-0.004612770089827628,-0.3064516129032258,-0.3064516129032258,0.6643548387096774,-0.0030645161290322465,True,False,False,0.9891304347826086,-8.721311475409836,-0.1353001017293998,v21,veto; base=book55_margin; choose=book_p_side; book_p_side>=0.55; ask<=95; sec_to_close>=120; margin_rv15>=0; signed_move_5m>=60; signed_move_5m-margin>=0; sec>=600; margin_sigma<=0.75; score<=0.82; fade_ask<=45,book55_margin,veto,signed_move_5m,60.0,0.0,600.0,0.75,0.82,45.0,0,221,219,147,72,0.6712328767123288,0.9909502262443439,0.6065323932869077,61.0,63.269406392694066,66.0,0,0,839.281062,430.0,13856.0,14286.0,844.0,414.0,0.06091224018475751,0.02897942041159177,1.8904109589041096,1.8733031674208145,0.6523287671232877,0.018904109589041096,132,131,90,41,0.6870229007633588,0.9924242424242424,0.6032467934308663,61.0,63.51908396946565,65.0,0,0,839.251745,256.0,8321.0,8577.0,679.0,423.0,0.08160076913832472,0.04931794333683106,3.2290076335877864,3.2045454545454546,0.654732824427481,0.03229007633587777,44,44,28,16,0.6363636363636364,1.0,0.48866376879043444,61.0,61.22727272727273,64.25,0,0,839.4476755000001,88.0,2694.0,2782.0,106.0,18.0,0.03934669636228656,0.006470165348670022,0.4090909090909091,0.4090909090909091,0.6322727272727272,0.004090909090909145,45,44,29,15,0.6590909090909091,0.9777777777777777,0.5113914121793824,61.5,64.56818181818181,68.25,0,0,838.1485385,86.0,2841.0,2927.0,59.0,-27.0,0.020767335445265753,-0.009224461906388794,-0.6136363636363636,-0.6,0.6652272727272727,-0.0061363636363636065,True,False,False,0.9777777777777777,-0.6136363636363636,-0.009224461906388794,0.5333333333333333,1.0,-460.0,215.0,-560.0,True,False,False,False,False,0.9777777777777777,-8.721311475409836,-0.1353001017293998
current,book55_margin_veto_signed_move_5m_abs60_over20_sig0.75,veto; base=book55_margin; choose=book_p_side; book_p_side>=0.55; ask<=95; sec_to_close>=120; margin_rv15>=0; signed_move_5m>=60; signed_move_5m-margin>=20; sec>=600; margin_sigma<=0.75; score<=0.82; fade_ask<=45,book55_margin,veto,signed_move_5m,60.0,20.0,600.0,0.75,0.82,45.0,0,307,305,195,110,0.639344262295082,0.993485342019544,0.5840287495567299,60.0,62.5672131147541,65.0,0,0,831.167,601.0,19083.0,19684.0,417.0,-184.0,0.021851910077031914,-0.009347693558219874,-0.6032786885245902,-0.5993485342019544,0.6453770491803278,-0.006032786885245778,184,182,120,62,0.6593406593406593,0.9891304347826086,0.5878290403249925,60.0,61.934065934065934,64.0,0,0,831.2675,361.0,11272.0,11633.0,728.0,367.0,0.06458481192334989,0.03154818189632941,2.0164835164835164,1.9945652173913044,0.6391758241758242,0.020164835164835138,61,61,34,27,0.5573770491803278,1.0,0.43303367693143874,60.0,62.459016393442624,67.0,0,0,830.798,122.0,3810.0,3932.0,-410.0,-532.0,-0.10761154855643044,-0.1353001017293998,-8.721311475409836,-8.721311475409836,0.6445901639344263,-0.08721311475409843,62,62,41,21,0.6612903225806451,1.0,0.5371769954935818,61.0,64.53225806451613,66.0,0,0,832.3520000000001,118.0,4001.0,4119.0,99.0,-19.0,0.02474381404648838,-0.004612770089827628,-0.3064516129032258,-0.3064516129032258,0.6643548387096774,-0.0030645161290322465,True,False,False,0.9891304347826086,-8.721311475409836,-0.1353001017293998,v21,veto; base=book55_margin; choose=book_p_side; book_p_side>=0.55; ask<=95; sec_to_close>=120; margin_rv15>=0; signed_move_5m>=60; signed_move_5m-margin>=20; sec>=600; margin_sigma<=0.75; score<=0.82; fade_ask<=45,book55_margin,veto,signed_move_5m,60.0,20.0,600.0,0.75,0.82,45.0,0,221,219,147,72,0.6712328767123288,0.9909502262443439,0.6065323932869077,61.0,63.15068493150685,66.0,0,0,839.326712,433.0,13830.0,14263.0,870.0,437.0,0.06290672451193059,0.0306387155577368,1.995433789954338,1.9773755656108598,0.6512785388127854,0.019954337899543373,132,131,90,41,0.6870229007633588,0.9924242424242424,0.6032467934308663,61.0,63.19083969465649,65.5,0,0,839.375566,259.0,8278.0,8537.0,722.0,463.0,0.087219135056777,0.05423450860958182,3.5343511450381677,3.507575757575758,0.6516793893129771,0.035343511450381726,44,44,28,16,0.6363636363636364,1.0,0.48866376879043444,61.0,61.61363636363637,64.25,0,0,839.4476755000001,88.0,2711.0,2799.0,89.0,1.0,0.03282921431206197,0.0003572704537334762,0.022727272727272728,0.022727272727272728,0.6361363636363635,0.00022727272727285364,45,44,29,15,0.6590909090909091,0.9777777777777777,0.5113914121793824,61.5,64.56818181818181,68.25,0,0,838.1485385,86.0,2841.0,2927.0,59.0,-27.0,0.020767335445265753,-0.009224461906388794,-0.6136363636363636,-0.6,0.6652272727272727,-0.0061363636363636065,True,False,False,0.9777777777777777,-0.6136363636363636,-0.009224461906388794,0.5333333333333333,1.0,-460.0,253.0,-577.0,True,False,False,False,False,0.9777777777777777,-8.721311475409836,-0.1353001017293998
current,regime55_veto_impulse_3_5m_abs80_over0_sig0.75,veto; base=regime55; choose=score_regime_blend; score_regime_blend>=0.55; ask<=95; sec_to_close>=120; impulse_3_5m>=80; impulse_3_5m-margin>=0; sec>=600; margin_sigma<=0.75; score<=0.82; fade_ask<=45,regime55,veto,impulse_3_5m,80.0,0.0,600.0,0.75,0.82,45.0,0,307,305,169,136,0.5540983606557377,0.993485342019544,0.4979852105869373,58.0,59.17704918032787,64.0,0,0,855.423,603.0,18049.0,18652.0,-1149.0,-1752.0,-0.06366003656712284,-0.09393094574308385,-5.744262295081967,-5.706840390879479,0.6115409836065573,-0.05744262295081959,184,182,100,82,0.5494505494505495,0.9891304347826086,0.47688710336363216,57.0,58.137362637362635,63.0,0,0,857.3275,361.0,10581.0,10942.0,-581.0,-942.0,-0.05490974388054059,-0.08609029427892524,-5.175824175824176,-5.119565217391305,0.6012087912087911,-0.05175824175824162,61,61,30,31,0.4918032786885246,1.0,0.3706039532371102,58.0,59.0,65.0,0,0,853.356,122.0,3599.0,3721.0,-599.0,-721.0,-0.16643512086690748,-0.19376511690405804,-11.819672131147541,-11.819672131147541,0.6099999999999999,-0.1181967213114753,62,62,39,23,0.6290322580645161,1.0,0.5045796412346052,60.5,62.403225806451616,66.0,0,0,851.9014999999999,120.0,3869.0,3989.0,31.0,-89.0,0.008012406306539157,-0.022311356229631485,-1.435483870967742,-1.435483870967742,0.6433870967741936,-0.014354838709677464,True,False,False,0.9891304347826086,-11.819672131147541,-0.19376511690405804,v21,veto; base=regime55; choose=score_regime_blend; score_regime_blend>=0.55; ask<=95; sec_to_close>=120; impulse_3_5m>=80; impulse_3_5m-margin>=0; sec>=600; margin_sigma<=0.75; score<=0.82; fade_ask<=45,regime55,veto,impulse_3_5m,80.0,0.0,600.0,0.75,0.82,45.0,0,221,219,140,79,0.639269406392694,0.9909502262443439,0.5737731393801101,58.0,58.93150684931507,63.0,0,0,859.365761,432.0,12906.0,13338.0,1094.0,662.0,0.08476677514334419,0.049632628579997,3.0228310502283104,2.995475113122172,0.6090410958904109,0.03022831050228314,132,131,85,46,0.648854961832061,0.9924242424242424,0.563936441087627,59.0,59.63358778625954,65.0,0,0,860.416019,258.0,7812.0,8070.0,688.0,430.0,0.08806963645673323,0.05328376703841388,3.282442748091603,3.257575757575758,0.616030534351145,0.032824427480916074,44,44,25,19,0.5681818181818182,1.0,0.4222414699362943,56.5,56.36363636363637,61.0,0,0,860.2086234999999,88.0,2480.0,2568.0,20.0,-68.0,0.008064516129032258,-0.0264797507788162,-1.5454545454545454,-1.5454545454545454,0.5836363636363637,-0.015454545454545499,45,44,30,14,0.6818181818181818,0.9777777777777777,0.5344310393781776,58.5,59.40909090909091,63.0,0,0,858.221184,86.0,2614.0,2700.0,386.0,300.0,0.1476664116296863,0.1111111111111111,6.818181818181818,6.666666666666667,0.6136363636363636,0.06818181818181812,True,False,False,0.9777777777777777,-1.5454545454545454,-0.0264797507788162,0.2,1.0,-475.0,-1090.0,-578.0,True,False,False,False,False,0.9777777777777777,-11.819672131147541,-0.19376511690405804
current,regime55_veto_impulse_3_5m_abs60_over20_sig0.75,veto; base=regime55; choose=score_regime_blend; score_regime_blend>=0.55; ask<=95; sec_to_close>=120; impulse_3_5m>=60; impulse_3_5m-margin>=20; sec>=600; margin_sigma<=0.75; score<=0.82; fade_ask<=45,regime55,veto,impulse_3_5m,60.0,20.0,600.0,0.75,0.82,45.0,0,307,305,172,133,0.5639344262295082,0.993485342019544,0.5078276974886166,58.0,59.8327868852459,64.0,0,0,852.745,602.0,18249.0,18851.0,-1049.0,-1651.0,-0.05748260178639925,-0.08758156065991195,-5.413114754098361,-5.37785016286645,0.6180655737704918,-0.05413114754098358,184,182,102,80,0.5604395604395604,0.9891304347826086,0.48782001832455435,58.0,58.81868131868132,63.0,0,0,854.0395000000001,361.0,10705.0,11066.0,-505.0,-866.0,-0.04717421765530126,-0.07825772636905838,-4.758241758241758,-4.706521739130435,0.608021978021978,-0.04758241758241755,61,61,31,30,0.5081967213114754,1.0,0.3860261849109116,58.0,59.442622950819676,65.0,0,0,852.986,122.0,3626.0,3748.0,-526.0,-648.0,-0.1450634307777165,-0.1728922091782284,-10.62295081967213,-10.62295081967213,0.6144262295081966,-0.10622950819672117,62,62,39,23,0.6290322580645161,1.0,0.5045796412346052,61.0,63.193548387096776,69.0,0,0,839.267,119.0,3918.0,4037.0,-18.0,-137.0,-0.004594180704441042,-0.0339360911567996,-2.2096774193548385,-2.2096774193548385,0.6511290322580646,-0.022096774193548496,True,False,False,0.9891304347826086,-10.62295081967213,-0.1728922091782284,v21,veto; base=regime55; choose=score_regime_blend; score_regime_blend>=0.55; ask<=95; sec_to_close>=120; impulse_3_5m>=60; impulse_3_5m-margin>=20; sec>=600; margin_sigma<=0.75; score<=0.82; fade_ask<=45,regime55,veto,impulse_3_5m,60.0,20.0,600.0,0.75,0.82,45.0,0,221,219,143,76,0.6529680365296804,0.9909502262443439,0.587775377877362,59.0,59.757990867579906,65.0,0,0,856.975244,431.0,13087.0,13518.0,1213.0,782.0,0.09268739970963552,0.057848794200325494,3.5707762557077625,3.5384615384615383,0.6172602739726027,0.03570776255707764,132,131,88,43,0.6717557251908397,0.9924242424242424,0.5874541794197865,59.0,60.76335877862596,65.0,0,0,839.893713,257.0,7960.0,8217.0,840.0,583.0,0.10552763819095477,0.07095046854082998,4.450381679389313,4.416666666666667,0.6272519083969464,0.04450381679389326,44,44,25,19,0.5681818181818182,1.0,0.4222414699362943,58.0,57.54545454545455,61.25,0,0,857.2555245000001,88.0,2532.0,2620.0,-32.0,-120.0,-0.01263823064770932,-0.04580152671755725,-2.727272727272727,-2.727272727272727,0.5954545454545456,-0.027272727272727337,45,44,30,14,0.6818181818181818,0.9777777777777777,0.5344310393781776,57.0,58.97727272727273,63.0,0,0,857.484057,86.0,2595.0,2681.0,405.0,319.0,0.15606936416184972,0.11898545318910854,7.25,7.088888888888889,0.6093181818181818,0.07250000000000001,True,False,False,0.9777777777777777,-2.727272727272727,-0.04580152671755725,0.26666666666666666,1.0,-477.0,-869.0,-586.0,True,False,False,False,False,0.9777777777777777,-10.62295081967213,-0.1728922091782284
current,mean55_veto_impulse_3_5m_abs40_over40_sig0.5,veto; base=mean55; choose=score_mean_book_rv15; score_mean_book_rv15>=0.55; ask<=95; sec_to_close>=120; impulse_3_5m>=40; impulse_3_5m-margin>=40; sec>=600; margin_sigma<=0.5; score<=0.82; fade_ask<=45,mean55,veto,impulse_3_5m,40.0,40.0,600.0,0.5,0.82,45.0,0,307,305,186,119,0.6098360655737705,0.993485342019544,0.554051300103005,61.0,62.622950819672134,66.0,0,0,837.641,604.0,19100.0,19704.0,-500.0,-1104.0,-0.02617801047120419,-0.05602923264311815,-3.619672131147541,-3.596091205211726,0.6460327868852459,-0.036196721311475444,184,182,111,71,0.6098901098901099,0.9891304347826086,0.5374530906263905,61.0,61.934065934065934,65.0,0,0,839.2245,360.0,11272.0,11632.0,-172.0,-532.0,-0.015259048970901348,-0.04573590096286107,-2.923076923076923,-2.891304347826087,0.6391208791208791,-0.02923076923076917,61,61,35,26,0.5737704918032787,1.0,0.4489523044494656,62.0,62.39344262295082,66.0,0,0,839.2,122.0,3806.0,3928.0,-306.0,-428.0,-0.08039936941671046,-0.10896130346232179,-7.016393442622951,-7.016393442622951,0.6439344262295082,-0.07016393442622959,62,62,40,22,0.6451612903225806,1.0,0.5208113075778424,62.5,64.87096774193549,69.0,0,0,830.4805,122.0,4022.0,4144.0,-22.0,-144.0,-0.005469915464942815,-0.03474903474903475,-2.3225806451612905,-2.3225806451612905,0.6683870967741935,-0.023225806451612874,True,False,False,0.9891304347826086,-7.016393442622951,-0.10896130346232179,v21,veto; base=mean55; choose=score_mean_book_rv15; score_mean_book_rv15>=0.55; ask<=95; sec_to_close>=120; impulse_3_5m>=40; impulse_3_5m-margin>=40; sec>=600; margin_sigma<=0.5; score<=0.82; fade_ask<=45,mean55,veto,impulse_3_5m,40.0,40.0,600.0,0.5,0.82,45.0,0,221,219,148,71,0.6757990867579908,0.9909502262443439,0.6112376507734046,61.0,62.757990867579906,66.0,0,0,839.487817,432.0,13744.0,14176.0,1056.0,624.0,0.07683352735739232,0.04401805869074492,2.8493150684931505,2.823529411764706,0.6473059360730593,0.028493150684931523,132,131,91,40,0.6946564885496184,0.9924242424242424,0.6111785725988003,61.0,62.55725190839695,65.0,0,0,839.474532,259.0,8195.0,8454.0,905.0,646.0,0.11043319097010372,0.07641353205583155,4.931297709923665,4.893939393939394,0.6453435114503817,0.049312977099236655,44,44,25,19,0.5681818181818182,1.0,0.4222414699362943,61.5,61.88636363636363,65.0,0,0,839.7169610000001,87.0,2723.0,2810.0,-223.0,-310.0,-0.08189496878442894,-0.1103202846975089,-7.045454545454546,-7.045454545454546,0.6386363636363637,-0.07045454545454544,45,44,32,12,0.7272727272727273,0.9777777777777777,0.581511269075488,61.0,64.22727272727273,69.25,0,0,839.4754245,86.0,2826.0,2912.0,374.0,288.0,0.13234253361641896,0.0989010989010989,6.545454545454546,6.4,0.6618181818181817,0.06545454545454554,True,False,False,0.9777777777777777,-7.045454545454546,-0.1103202846975089,0.5333333333333333,1.0,-519.0,-480.0,-594.0,True,False,False,False,False,0.9777777777777777,-7.045454545454546,-0.1103202846975089
current,book55_margin_veto_signed_move_5m_abs40_over40_sig0.5,veto; base=book55_margin; choose=book_p_side; book_p_side>=0.55; ask<=95; sec_to_close>=120; margin_rv15>=0; signed_move_5m>=40; signed_move_5m-margin>=40; sec>=600; margin_sigma<=0.5; score<=0.82; fade_ask<=45,book55_margin,veto,signed_move_5m,40.0,40.0,600.0,0.5,0.82,45.0,0,307,305,193,112,0.6327868852459017,0.993485342019544,0.5773487822851145,61.0,62.62950819672131,66.0,0,0,832.015,604.0,19102.0,19706.0,198.0,-406.0,0.010365406763689666,-0.020602862072465238,-1.3311475409836067,-1.3224755700325732,0.6460983606557377,-0.013311475409836016,184,182,118,64,0.6483516483516484,0.9891304347826086,0.5765673278119483,60.5,62.16483516483517,65.0,0,0,830.4725000000001,360.0,11314.0,11674.0,486.0,126.0,0.042955630192681636,0.010793215692992976,0.6923076923076923,0.6847826086956522,0.6414285714285715,0.006923076923076921,61,61,34,27,0.5573770491803278,1.0,0.43303367693143874,60.0,62.60655737704918,67.0,0,0,830.941,122.0,3819.0,3941.0,-419.0,-541.0,-0.10971458496988741,-0.1372748033494037,-8.868852459016393,-8.868852459016393,0.6460655737704919,-0.08868852459016408,62,62,41,21,0.6612903225806451,1.0,0.5371769954935818,61.0,64.01612903225806,67.5,0,0,834.9035,122.0,3969.0,4091.0,131.0,9.0,0.033005794910556815,0.002199951112197507,0.14516129032258066,0.14516129032258066,0.6598387096774193,0.0014516129032258185,True,False,False,0.9891304347826086,-8.868852459016393,-0.1372748033494037,v21,veto; base=book55_margin; choose=book_p_side; book_p_side>=0.55; ask<=95; sec_to_close>=120; margin_rv15>=0; signed_move_5m>=40; signed_move_5m-margin>=40; sec>=600; margin_sigma<=0.5; score<=0.82; fade_ask<=45,book55_margin,veto,signed_move_5m,40.0,40.0,600.0,0.5,0.82,45.0,0,221,219,146,73,0.6666666666666666,0.9909502262443439,0.6018336017727641,62.0,63.45662100456621,66.0,0,0,839.326712,433.0,13897.0,14330.0,703.0,270.0,0.05058645750881485,0.01884159106769016,1.2328767123287672,1.2217194570135748,0.6543378995433791,0.012328767123287565,132,131,89,42,0.6793893129770993,0.9924242424242424,0.5953388097642381,61.0,63.38167938931298,65.5,0,0,839.375566,260.0,8303.0,8563.0,597.0,337.0,0.07190172226905937,0.03935536611000817,2.572519083969466,2.553030303030303,0.6536641221374048,0.02572519083969449,44,44,27,17,0.6136363636363636,1.0,0.4662357539237828,62.0,62.52272727272727,65.0,0,0,839.2802535000001,87.0,2751.0,2838.0,-51.0,-138.0,-0.018538713195201745,-0.048625792811839326,-3.1363636363636362,-3.1363636363636362,0.645,-0.03136363636363637,45,44,30,14,0.6818181818181818,0.9777777777777777,0.5344310393781776,61.5,64.61363636363636,68.25,0,0,839.3180465,86.0,2843.0,2929.0,157.0,71.0,0.05522335561027084,0.02424035506998976,1.6136363636363635,1.5777777777777777,0.6656818181818182,0.016136363636363615,True,False,False,0.9777777777777777,-3.1363636363636362,-0.048625792811839326,0.5333333333333333,1.0,-388.0,-136.0,-599.0,True,False,False,False,False,0.9777777777777777,-8.868852459016393,-0.1372748033494037
current,book55_margin_veto_signed_move_5m_abs40_over40_sig0.75,veto; base=book55_margin; choose=book_p_side; book_p_side>=0.55; ask<=95; sec_to_close>=120; margin_rv15>=0; signed_move_5m>=40; signed_move_5m-margin>=40; sec>=600; margin_sigma<=0.75; score<=0.82; fade_ask<=45,book55_margin,veto,signed_move_5m,40.0,40.0,600.0,0.75,0.82,45.0,0,307,305,193,112,0.6327868852459017,0.993485342019544,0.5773487822851145,61.0,62.622950819672134,65.0,0,0,831.167,602.0,19100.0,19702.0,200.0,-402.0,0.010471204188481676,-0.020404019896457213,-1.318032786885246,-1.3094462540716612,0.645967213114754,-0.01318032786885237,184,182,118,64,0.6483516483516484,0.9891304347826086,0.5765673278119483,60.0,62.104395604395606,65.0,0,0,830.292,360.0,11303.0,11663.0,497.0,137.0,0.04397062726709723,0.011746548915373403,0.7527472527472527,0.7445652173913043,0.6408241758241758,0.007527472527472545,61,61,34,27,0.5573770491803278,1.0,0.43303367693143874,60.0,62.60655737704918,67.0,0,0,830.941,122.0,3819.0,3941.0,-419.0,-541.0,-0.10971458496988741,-0.1372748033494037,-8.868852459016393,-8.868852459016393,0.6460655737704919,-0.08868852459016408,62,62,41,21,0.6612903225806451,1.0,0.5371769954935818,61.0,64.16129032258064,67.5,0,0,834.568,120.0,3978.0,4098.0,122.0,2.0,0.030668677727501256,0.0004880429477794046,0.03225806451612903,0.03225806451612903,0.6609677419354839,0.000322580645161219,True,False,False,0.9891304347826086,-8.868852459016393,-0.1372748033494037,v21,veto; base=book55_margin; choose=book_p_side; book_p_side>=0.55; ask<=95; sec_to_close>=120; margin_rv15>=0; signed_move_5m>=40; signed_move_5m-margin>=40; sec>=600; margin_sigma<=0.75; score<=0.82; fade_ask<=45,book55_margin,veto,signed_move_5m,40.0,40.0,600.0,0.75,0.82,45.0,0,221,219,146,73,0.6666666666666666,0.9909502262443439,0.6018336017727641,61.0,63.25114155251141,66.0,0,0,839.322137,433.0,13852.0,14285.0,748.0,315.0,0.05399942246606988,0.022051102555127756,1.4383561643835616,1.4253393665158371,0.652283105022831,0.014383561643835585,132,131,89,42,0.6793893129770993,0.9924242424242424,0.5953388097642381,61.0,63.038167938931295,65.0,0,0,839.326712,260.0,8258.0,8518.0,642.0,382.0,0.07774279486558489,0.044846208030054006,2.9160305343511452,2.893939393939394,0.6502290076335878,0.02916030534351144,44,44,27,17,0.6136363636363636,1.0,0.4662357539237828,62.0,62.52272727272727,65.0,0,0,839.2802535000001,87.0,2751.0,2838.0,-51.0,-138.0,-0.018538713195201745,-0.048625792811839326,-3.1363636363636362,-3.1363636363636362,0.645,-0.03136363636363637,45,44,30,14,0.6818181818181818,0.9777777777777777,0.5344310393781776,61.5,64.61363636363636,68.25,0,0,839.3180465,86.0,2843.0,2929.0,157.0,71.0,0.05522335561027084,0.02424035506998976,1.6136363636363635,1.5777777777777777,0.6656818181818182,0.016136363636363615,True,False,False,0.9777777777777777,-3.1363636363636362,-0.048625792811839326,0.5333333333333333,1.0,-388.0,-87.0,-606.0,True,False,False,False,False,0.9777777777777777,-8.868852459016393,-0.1372748033494037
current,book55_margin_veto_signed_move_5m_abs40_over20_sig0.75,veto; base=book55_margin; choose=book_p_side; book_p_side>=0.55; ask<=95; sec_to_close>=120; margin_rv15>=0; signed_move_5m>=40; signed_move_5m-margin>=20; sec>=600; margin_sigma<=0.75; score<=0.82; fade_ask<=45,book55_margin,veto,signed_move_5m,40.0,20.0,600.0,0.75,0.82,45.0,0,307,305,188,117,0.6163934426229508,0.993485342019544,0.5606948005212326,60.0,62.760655737704916,66.0,0,0,828.929,599.0,19142.0,19741.0,-342.0,-941.0,-0.017866471633058198,-0.04766729142394002,-3.085245901639344,-3.0651465798045603,0.6472459016393444,-0.030852459016393552,184,182,112,70,0.6153846153846154,0.9891304347826086,0.5430128030749768,60.0,62.28021978021978,65.0,0,0,828.7370000000001,359.0,11335.0,11694.0,-135.0,-494.0,-0.011910013233348038,-0.0422438857533778,-2.7142857142857144,-2.6847826086956523,0.6425274725274726,-0.027142857142857135,61,61,35,26,0.5737704918032787,1.0,0.4489523044494656,60.0,62.40983606557377,67.0,0,0,829.552,122.0,3807.0,3929.0,-307.0,-429.0,-0.08064092461255581,-0.10918808857215577,-7.032786885245901,-7.032786885245901,0.6440983606557378,-0.07032786885245912,62,62,41,21,0.6612903225806451,1.0,0.5371769954935818,61.0,64.51612903225806,68.25,0,0,827.0865,118.0,4000.0,4118.0,100.0,-18.0,0.025,-0.004371053909664886,-0.2903225806451613,-0.2903225806451613,0.6641935483870968,-0.002903225806451637,True,False,False,0.9891304347826086,-7.032786885245901,-0.10918808857215577,v21,veto; base=book55_margin; choose=book_p_side; book_p_side>=0.55; ask<=95; sec_to_close>=120; margin_rv15>=0; signed_move_5m>=40; signed_move_5m-margin>=20; sec>=600; margin_sigma<=0.75; score<=0.82; fade_ask<=45,book55_margin,veto,signed_move_5m,40.0,20.0,600.0,0.75,0.82,45.0,0,221,219,143,76,0.6529680365296804,0.9909502262443439,0.587775377877362,61.0,63.5662100456621,66.5,0,0,839.169911,431.0,13921.0,14352.0,379.0,-52.0,0.02722505567128798,-0.0036231884057971015,-0.2374429223744292,-0.23529411764705882,0.6553424657534248,-0.002374429223744423,132,131,87,44,0.6641221374045801,0.9924242424242424,0.5795924913457884,61.0,63.603053435114504,66.5,0,0,839.169911,258.0,8332.0,8590.0,368.0,110.0,0.044167066730676906,0.012805587892898719,0.8396946564885496,0.8333333333333334,0.6557251908396947,0.008396946564885432,44,44,28,16,0.6363636363636364,1.0,0.48866376879043444,62.0,62.5,65.0,0,0,839.2038275,87.0,2750.0,2837.0,50.0,-37.0,0.01818181818181818,-0.013041945717307015,-0.8409090909090909,-0.8409090909090909,0.6447727272727272,-0.00840909090909081,45,44,28,16,0.6363636363636364,0.9777777777777777,0.48866376879043444,61.5,64.52272727272727,68.25,0,0,808.445661,86.0,2839.0,2925.0,-39.0,-125.0,-0.013737231419513914,-0.042735042735042736,-2.840909090909091,-2.7777777777777777,0.6647727272727273,-0.02840909090909094,True,False,False,0.9777777777777777,-2.840909090909091,-0.042735042735042736,0.45454545454545453,1.0,-464.0,-993.0,-609.0,True,False,False,False,False,0.9777777777777777,-7.032786885245901,-0.10918808857215577
current,regime55_veto_impulse_3_5m_abs80_over20_sig0.75,veto; base=regime55; choose=score_regime_blend; score_regime_blend>=0.55; ask<=95; sec_to_close>=120; impulse_3_5m>=80; impulse_3_5m-margin>=20; sec>=600; margin_sigma<=0.75; score<=0.82; fade_ask<=45,regime55,veto,impulse_3_5m,80.0,20.0,600.0,0.75,0.82,45.0,0,307,305,169,136,0.5540983606557377,0.993485342019544,0.4979852105869373,58.0,59.24918032786885,64.0,0,0,855.423,604.0,18071.0,18675.0,-1171.0,-1775.0,-0.06479995573017541,-0.09504685408299866,-5.819672131147541,-5.7817589576547235,0.6122950819672132,-0.05819672131147546,184,182,100,82,0.5494505494505495,0.9891304347826086,0.47688710336363216,57.0,58.120879120879124,63.0,0,0,857.3275,362.0,10578.0,10940.0,-578.0,-940.0,-0.054641709207789754,-0.08592321755027423,-5.164835164835165,-5.108695652173913,0.6010989010989011,-0.051648351648351576,61,61,30,31,0.4918032786885246,1.0,0.3706039532371102,58.0,59.0,65.0,0,0,853.356,122.0,3599.0,3721.0,-599.0,-721.0,-0.16643512086690748,-0.19376511690405804,-11.819672131147541,-11.819672131147541,0.6099999999999999,-0.1181967213114753,62,62,39,23,0.6290322580645161,1.0,0.5045796412346052,60.5,62.806451612903224,69.75,0,0,851.9014999999999,120.0,3894.0,4014.0,6.0,-114.0,0.0015408320493066256,-0.028400597907324365,-1.8387096774193548,-1.8387096774193548,0.6474193548387097,-0.01838709677419359,True,False,False,0.9891304347826086,-11.819672131147541,-0.19376511690405804,v21,veto; base=regime55; choose=score_regime_blend; score_regime_blend>=0.55; ask<=95; sec_to_close>=120; impulse_3_5m>=80; impulse_3_5m-margin>=20; sec>=600; margin_sigma<=0.75; score<=0.82; fade_ask<=45,regime55,veto,impulse_3_5m,80.0,20.0,600.0,0.75,0.82,45.0,0,221,219,140,79,0.639269406392694,0.9909502262443439,0.5737731393801101,58.0,58.945205479452056,63.0,0,0,859.365761,433.0,12909.0,13342.0,1091.0,658.0,0.08451467968084282,0.04931794333683106,3.0045662100456623,2.97737556561086,0.6092237442922375,0.03004566210045656,132,131,85,46,0.648854961832061,0.9924242424242424,0.563936441087627,59.0,59.52671755725191,65.0,0,0,860.416019,259.0,7798.0,8057.0,702.0,443.0,0.0900230828417543,0.05498324438376567,3.381679389312977,3.356060606060606,0.6150381679389313,0.03381679389312975,44,44,25,19,0.5681818181818182,1.0,0.4222414699362943,56.5,56.75,61.0,0,0,860.2086234999999,88.0,2497.0,2585.0,3.0,-85.0,0.0012014417300760913,-0.03288201160541586,-1.9318181818181819,-1.9318181818181819,0.5875,-0.01931818181818179,45,44,30,14,0.6818181818181818,0.9777777777777777,0.5344310393781776,58.5,59.40909090909091,63.0,0,0,858.221184,86.0,2614.0,2700.0,386.0,300.0,0.1476664116296863,0.1111111111111111,6.818181818181818,6.666666666666667,0.6136363636363636,0.06818181818181812,True,False,False,0.9777777777777777,-1.9318181818181819,-0.03288201160541586,0.26666666666666666,1.0,-475.0,-1117.0,-620.0,True,False,False,False,False,0.9777777777777777,-11.819672131147541,-0.19376511690405804
current,regime55_veto_impulse_3_5m_abs60_over0_sig0.5,veto; base=regime55; choose=score_regime_blend; score_regime_blend>=0.55; ask<=95; sec_to_close>=120; impulse_3_5m>=60; impulse_3_5m-margin>=0; sec>=600; margin_sigma<=0.5; score<=0.82; fade_ask<=45,regime55,veto,impulse_3_5m,60.0,0.0,600.0,0.5,0.82,45.0,0,307,305,172,133,0.5639344262295082,0.993485342019544,0.5078276974886166,59.0,59.71147540983606,64.0,0,0,852.59,604.0,18212.0,18816.0,-1012.0,-1616.0,-0.055567757522512626,-0.0858843537414966,-5.298360655737705,-5.263843648208469,0.6169180327868853,-0.052983606557377105,184,182,103,79,0.5659340659340659,0.9891304347826086,0.4932994907251888,58.0,58.752747252747255,63.0,0,0,853.7465,360.0,10693.0,11053.0,-393.0,-753.0,-0.03675301599177032,-0.06812630055188637,-4.137362637362638,-4.092391304347826,0.6073076923076923,-0.041373626373626404,61,61,31,30,0.5081967213114754,1.0,0.3860261849109116,58.0,59.442622950819676,65.0,0,0,852.986,122.0,3626.0,3748.0,-526.0,-648.0,-0.1450634307777165,-0.1728922091782284,-10.62295081967213,-10.62295081967213,0.6144262295081966,-0.10622950819672117,62,62,38,24,0.6129032258064516,1.0,0.48847843539018354,61.0,62.79032258064516,69.0,0,0,839.267,122.0,3893.0,4015.0,-93.0,-215.0,-0.02388903159517082,-0.053549190535491904,-3.467741935483871,-3.467741935483871,0.6475806451612905,-0.03467741935483892,True,False,False,0.9891304347826086,-10.62295081967213,-0.1728922091782284,v21,veto; base=regime55; choose=score_regime_blend; score_regime_blend>=0.55; ask<=95; sec_to_close>=120; impulse_3_5m>=60; impulse_3_5m-margin>=0; sec>=600; margin_sigma<=0.5; score<=0.82; fade_ask<=45,regime55,veto,impulse_3_5m,60.0,0.0,600.0,0.5,0.82,45.0,0,221,219,142,77,0.6484018264840182,0.9909502262443439,0.5831018188812981,59.0,59.794520547945204,65.0,0,0,839.960514,431.0,13095.0,13526.0,1105.0,674.0,0.08438335242458954,0.04982995711962147,3.077625570776256,3.0497737556561084,0.6176255707762557,0.030776255707762545,132,131,87,44,0.6641221374045801,0.9924242424242424,0.5795924913457884,59.0,60.87786259541985,65.0,0,0,839.881307,257.0,7975.0,8232.0,725.0,468.0,0.09090909090909091,0.056851311953352766,3.572519083969466,3.5454545454545454,0.6283969465648854,0.03572519083969472,44,44,25,19,0.5681818181818182,1.0,0.4222414699362943,58.0,57.38636363636363,62.0,0,0,857.2555245000001,88.0,2525.0,2613.0,-25.0,-113.0,-0.009900990099009901,-0.04324531190202832,-2.5681818181818183,-2.5681818181818183,0.5938636363636364,-0.02568181818181814,45,44,30,14,0.6818181818181818,0.9777777777777777,0.5344310393781776,57.0,58.97727272727273,63.0,0,0,857.484057,86.0,2595.0,2681.0,405.0,319.0,0.15606936416184972,0.11898545318910854,7.25,7.088888888888889,0.6093181818181818,0.07250000000000001,True,False,False,0.9777777777777777,-2.5681818181818183,-0.04324531190202832,0.26666666666666666,1.0,-477.0,-942.0,-657.0,True,False,False,False,False,0.9777777777777777,-10.62295081967213,-0.1728922091782284
current,book55_margin_veto_impulse_3_5m_abs40_over40_sig0.5,veto; base=book55_margin; choose=book_p_side; book_p_side>=0.55; ask<=95; sec_to_close>=120; margin_rv15>=0; impulse_3_5m>=40; impulse_3_5m-margin>=40; sec>=600; margin_sigma<=0.5; score<=0.82; fade_ask<=45,book55_margin,veto,impulse_3_5m,40.0,40.0,600.0,0.5,0.82,45.0,0,307,305,193,112,0.6327868852459017,0.993485342019544,0.5773487822851145,61.0,62.97049180327869,66.0,0,0,830.671,602.0,19206.0,19808.0,94.0,-508.0,0.004894303863376029,-0.025646203554119548,-1.6655737704918032,-1.6547231270358307,0.6494426229508197,-0.016655737704918017,184,182,118,64,0.6483516483516484,0.9891304347826086,0.5765673278119483,61.0,62.456043956043956,65.0,0,0,830.128,359.0,11367.0,11726.0,433.0,74.0,0.03809272455353215,0.006310762408323384,0.4065934065934066,0.40217391304347827,0.6442857142857142,0.00406593406593414,61,61,34,27,0.5573770491803278,1.0,0.43303367693143874,60.0,62.60655737704918,67.0,0,0,830.941,122.0,3819.0,3941.0,-419.0,-541.0,-0.10971458496988741,-0.1372748033494037,-8.868852459016393,-8.868852459016393,0.6460655737704919,-0.08868852459016408,62,62,41,21,0.6612903225806451,1.0,0.5371769954935818,61.0,64.83870967741936,69.75,0,0,833.654,121.0,4020.0,4141.0,80.0,-41.0,0.01990049751243781,-0.009900990099009901,-0.6612903225806451,-0.6612903225806451,0.6679032258064515,-0.006612903225806321,True,False,False,0.9891304347826086,-8.868852459016393,-0.1372748033494037,v21,veto; base=book55_margin; choose=book_p_side; book_p_side>=0.55; ask<=95; sec_to_close>=120; margin_rv15>=0; impulse_3_5m>=40; impulse_3_5m-margin>=40; sec>=600; margin_sigma<=0.5; score<=0.82; fade_ask<=45,book55_margin,veto,impulse_3_5m,40.0,40.0,600.0,0.5,0.82,45.0,0,221,219,147,72,0.6712328767123288,0.9909502262443439,0.6065323932869077,62.0,63.63470319634703,66.5,0,0,839.291121,433.0,13936.0,14369.0,764.0,331.0,0.05482204362801378,0.023035701858166887,1.5114155251141552,1.497737556561086,0.6561187214611872,0.01511415525114157,132,131,90,41,0.6870229007633588,0.9924242424242424,0.6032467934308663,62.0,63.595419847328245,66.0,0,0,839.326712,260.0,8331.0,8591.0,669.0,409.0,0.0803024846957148,0.04760796182050984,3.122137404580153,3.0984848484848486,0.6558015267175574,0.031221374045801387,44,44,27,17,0.6136363636363636,1.0,0.4662357539237828,62.0,62.77272727272727,65.25,0,0,839.2473219999999,87.0,2762.0,2849.0,-62.0,-149.0,-0.022447501810282405,-0.0522990522990523,-3.3863636363636362,-3.3863636363636362,0.6475,-0.03386363636363632,45,44,30,14,0.6818181818181818,0.9777777777777777,0.5344310393781776,61.5,64.61363636363636,68.25,0,0,839.3180465,86.0,2843.0,2929.0,157.0,71.0,0.05522335561027084,0.02424035506998976,1.6136363636363635,1.5777777777777777,0.6656818181818182,0.016136363636363615,True,False,False,0.9777777777777777,-3.3863636363636362,-0.0522990522990523,0.5333333333333333,1.0,-388.0,-177.0,-660.0,True,False,False,False,False,0.9777777777777777,-8.868852459016393,-0.1372748033494037
current,book55_margin_veto_impulse_3_5m_abs40_over40_sig0.75,veto; base=book55_margin; choose=book_p_side; book_p_side>=0.55; ask<=95; sec_to_close>=120; margin_rv15>=0; impulse_3_5m>=40; impulse_3_5m-margin>=40; sec>=600; margin_sigma<=0.75; score<=0.82; fade_ask<=45,book55_margin,veto,impulse_3_5m,40.0,40.0,600.0,0.75,0.82,45.0,0,307,305,193,112,0.6327868852459017,0.993485342019544,0.5773487822851145,61.0,62.96393442622951,66.0,0,0,830.224,600.0,19204.0,19804.0,96.0,-504.0,0.0049989585503020205,-0.0254494041607756,-1.6524590163934427,-1.6416938110749186,0.649311475409836,-0.016524590163934372,184,182,118,64,0.6483516483516484,0.9891304347826086,0.5765673278119483,61.0,62.395604395604394,65.0,0,0,829.7965,359.0,11356.0,11715.0,444.0,85.0,0.039098274040154986,0.007255655142979087,0.46703296703296704,0.46195652173913043,0.6436813186813187,0.004670329670329654,61,61,34,27,0.5573770491803278,1.0,0.43303367693143874,60.0,62.60655737704918,67.0,0,0,830.941,122.0,3819.0,3941.0,-419.0,-541.0,-0.10971458496988741,-0.1372748033494037,-8.868852459016393,-8.868852459016393,0.6460655737704919,-0.08868852459016408,62,62,41,21,0.6612903225806451,1.0,0.5371769954935818,61.0,64.98387096774194,70.5,0,0,830.0219999999999,119.0,4029.0,4148.0,71.0,-48.0,0.017622238768925293,-0.011571841851494697,-0.7741935483870968,-0.7741935483870968,0.669032258064516,-0.007741935483870921,True,False,False,0.9891304347826086,-8.868852459016393,-0.1372748033494037,v21,veto; base=book55_margin; choose=book_p_side; book_p_side>=0.55; ask<=95; sec_to_close>=120; margin_rv15>=0; impulse_3_5m>=40; impulse_3_5m-margin>=40; sec>=600; margin_sigma<=0.75; score<=0.82; fade_ask<=45,book55_margin,veto,impulse_3_5m,40.0,40.0,600.0,0.75,0.82,45.0,0,221,219,147,72,0.6712328767123288,0.9909502262443439,0.6065323932869077,62.0,63.42922374429224,66.0,0,0,839.281062,433.0,13891.0,14324.0,809.0,376.0,0.05823914764955727,0.02624965093549288,1.7168949771689497,1.7013574660633484,0.6540639269406393,0.01716894977168948,132,131,90,41,0.6870229007633588,0.9924242424242424,0.6032467934308663,61.0,63.25190839694657,65.0,0,0,839.322137,260.0,8286.0,8546.0,714.0,454.0,0.08616944243301955,0.05312426866370232,3.4656488549618323,3.4393939393939394,0.6523664122137405,0.034656488549618336,44,44,27,17,0.6136363636363636,1.0,0.4662357539237828,62.0,62.77272727272727,65.25,0,0,839.2473219999999,87.0,2762.0,2849.0,-62.0,-149.0,-0.022447501810282405,-0.0522990522990523,-3.3863636363636362,-3.3863636363636362,0.6475,-0.03386363636363632,45,44,30,14,0.6818181818181818,0.9777777777777777,0.5344310393781776,61.5,64.61363636363636,68.25,0,0,839.3180465,86.0,2843.0,2929.0,157.0,71.0,0.05522335561027084,0.02424035506998976,1.6136363636363635,1.5777777777777777,0.6656818181818182,0.016136363636363615,True,False,False,0.9777777777777777,-3.3863636363636362,-0.0522990522990523,0.5333333333333333,1.0,-388.0,-128.0,-667.0,True,False,False,False,False,0.9777777777777777,-8.868852459016393,-0.1372748033494037
current,regime55_veto_impulse_3_5m_abs80_over0_sig0.5,veto; base=regime55; choose=score_regime_blend; score_regime_blend>=0.55; ask<=95; sec_to_close>=120; impulse_3_5m>=80; impulse_3_5m-margin>=0; sec>=600; margin_sigma<=0.5; score<=0.82; fade_ask<=45,regime55,veto,impulse_3_5m,80.0,0.0,600.0,0.5,0.82,45.0,0,307,305,169,136,0.5540983606557377,0.993485342019544,0.4979852105869373,58.0,59.170491803278686,64.0,0,0,855.758,605.0,18047.0,18652.0,-1147.0,-1752.0,-0.06355626974012302,-0.09393094574308385,-5.744262295081967,-5.706840390879479,0.6115409836065574,-0.0574426229508197,184,182,101,81,0.554945054945055,0.9891304347826086,0.48234923344870784,57.0,58.18131868131868,63.0,0,0,857.3275,361.0,10589.0,10950.0,-489.0,-850.0,-0.04617999811124752,-0.0776255707762557,-4.670329670329671,-4.619565217391305,0.6016483516483516,-0.04670329670329665,61,61,30,31,0.4918032786885246,1.0,0.3706039532371102,58.0,59.0,65.0,0,0,853.356,122.0,3599.0,3721.0,-599.0,-721.0,-0.16643512086690748,-0.19376511690405804,-11.819672131147541,-11.819672131147541,0.6099999999999999,-0.1181967213114753,62,62,38,24,0.6129032258064516,1.0,0.48847843539018354,61.0,62.24193548387097,66.0,0,0,852.8375000000001,122.0,3859.0,3981.0,-59.0,-181.0,-0.01528893495724281,-0.04546596332579754,-2.9193548387096775,-2.9193548387096775,0.6420967741935485,-0.029193548387096868,True,False,False,0.9891304347826086,-11.819672131147541,-0.19376511690405804,v21,veto; base=regime55; choose=score_regime_blend; score_regime_blend>=0.55; ask<=95; sec_to_close>=120; impulse_3_5m>=80; impulse_3_5m-margin>=0; sec>=600; margin_sigma<=0.5; score<=0.82; fade_ask<=45,regime55,veto,impulse_3_5m,80.0,0.0,600.0,0.5,0.82,45.0,0,221,219,140,79,0.639269406392694,0.9909502262443439,0.5737731393801101,58.0,58.949771689497716,63.0,0,0,859.365761,432.0,12910.0,13342.0,1090.0,658.0,0.0844306738962045,0.04931794333683106,3.0045662100456623,2.97737556561086,0.6092237442922375,0.03004566210045656,132,131,85,46,0.648854961832061,0.9924242424242424,0.563936441087627,59.0,59.66412213740458,65.0,0,0,860.416019,258.0,7816.0,8074.0,684.0,426.0,0.08751279426816785,0.052761951944513254,3.2519083969465647,3.227272727272727,0.6163358778625955,0.03251908396946557,44,44,25,19,0.5681818181818182,1.0,0.4222414699362943,56.5,56.36363636363637,61.0,0,0,860.2086234999999,88.0,2480.0,2568.0,20.0,-68.0,0.008064516129032258,-0.0264797507788162,-1.5454545454545454,-1.5454545454545454,0.5836363636363637,-0.015454545454545499,45,44,30,14,0.6818181818181818,0.9777777777777777,0.5344310393781776,58.5,59.40909090909091,63.0,0,0,858.221184,86.0,2614.0,2700.0,386.0,300.0,0.1476664116296863,0.1111111111111111,6.818181818181818,6.666666666666667,0.6136363636363636,0.06818181818181812,True,False,False,0.9777777777777777,-1.5454545454545454,-0.0264797507788162,0.26666666666666666,1.0,-475.0,-1094.0,-670.0,True,False,False,False,False,0.9777777777777777,-11.819672131147541,-0.19376511690405804
current,regime55_veto_impulse_3_5m_abs60_over20_sig0.5,veto; base=regime55; choose=score_regime_blend; score_regime_blend>=0.55; ask<=95; sec_to_close>=120; impulse_3_5m>=60; impulse_3_5m-margin>=20; sec>=600; margin_sigma<=0.5; score<=0.82; fade_ask<=45,regime55,veto,impulse_3_5m,60.0,20.0,600.0,0.5,0.82,45.0,0,307,305,172,133,0.5639344262295082,0.993485342019544,0.5078276974886166,59.0,59.80983606557377,65.0,0,0,852.986,605.0,18242.0,18847.0,-1042.0,-1647.0,-0.05712092972261813,-0.08738791319573407,-5.4,-5.364820846905538,0.6179344262295083,-0.05400000000000016,184,182,103,79,0.5659340659340659,0.9891304347826086,0.4932994907251888,58.0,58.80769230769231,63.0,0,0,854.0395000000001,361.0,10703.0,11064.0,-403.0,-764.0,-0.03765299448752686,-0.0690527838033261,-4.197802197802198,-4.1521739130434785,0.6079120879120878,-0.04197802197802192,61,61,31,30,0.5081967213114754,1.0,0.3860261849109116,58.0,59.442622950819676,65.0,0,0,852.986,122.0,3626.0,3748.0,-526.0,-648.0,-0.1450634307777165,-0.1728922091782284,-10.62295081967213,-10.62295081967213,0.6144262295081966,-0.10622950819672117,62,62,38,24,0.6129032258064516,1.0,0.48847843539018354,61.0,63.11290322580645,69.75,0,0,841.2215,122.0,3913.0,4035.0,-113.0,-235.0,-0.028878098645540504,-0.058240396530359353,-3.7903225806451615,-3.7903225806451615,0.6508064516129034,-0.03790322580645178,True,False,False,0.9891304347826086,-10.62295081967213,-0.1728922091782284,v21,veto; base=regime55; choose=score_regime_blend; score_regime_blend>=0.55; ask<=95; sec_to_close>=120; impulse_3_5m>=60; impulse_3_5m-margin>=20; sec>=600; margin_sigma<=0.5; score<=0.82; fade_ask<=45,regime55,veto,impulse_3_5m,60.0,20.0,600.0,0.5,0.82,45.0,0,221,219,143,76,0.6529680365296804,0.9909502262443439,0.587775377877362,59.0,59.77168949771689,65.0,0,0,856.975244,432.0,13090.0,13522.0,1210.0,778.0,0.09243697478991597,0.05753586747522556,3.5525114155251143,3.520361990950226,0.6174429223744292,0.03552511415525117,132,131,88,43,0.6717557251908397,0.9924242424242424,0.5874541794197865,59.0,60.70992366412214,65.5,0,0,839.893713,258.0,7953.0,8211.0,847.0,589.0,0.10650069156293222,0.07173304104250396,4.4961832061068705,4.462121212121212,0.6267938931297709,0.04496183206106885,44,44,25,19,0.5681818181818182,1.0,0.4222414699362943,58.0,57.77272727272727,62.0,0,0,857.2555245000001,88.0,2542.0,2630.0,-42.0,-130.0,-0.016522423288749016,-0.049429657794676805,-2.9545454545454546,-2.9545454545454546,0.5977272727272728,-0.02954545454545454,45,44,30,14,0.6818181818181818,0.9777777777777777,0.5344310393781776,57.0,58.97727272727273,63.0,0,0,857.484057,86.0,2595.0,2681.0,405.0,319.0,0.15606936416184972,0.11898545318910854,7.25,7.088888888888889,0.6093181818181818,0.07250000000000001,True,False,False,0.9777777777777777,-2.9545454545454546,-0.049429657794676805,0.26666666666666666,1.0,-477.0,-869.0,-694.0,True,False,False,False,False,0.9777777777777777,-10.62295081967213,-0.1728922091782284
current,regime55_veto_impulse_3_5m_abs80_over20_sig0.5,veto; base=regime55; choose=score_regime_blend; score_regime_blend>=0.55; ask<=95; sec_to_close>=120; impulse_3_5m>=80; impulse_3_5m-margin>=20; sec>=600; margin_sigma<=0.5; score<=0.82; fade_ask<=45,regime55,veto,impulse_3_5m,80.0,20.0,600.0,0.5,0.82,45.0,0,307,305,169,136,0.5540983606557377,0.993485342019544,0.4979852105869373,58.0,59.20655737704918,64.0,0,0,855.758,606.0,18058.0,18664.0,-1158.0,-1764.0,-0.06412670284638387,-0.09451350192884697,-5.783606557377049,-5.745928338762215,0.6119344262295081,-0.05783606557377041,184,182,101,81,0.554945054945055,0.9891304347826086,0.48234923344870784,57.0,58.16483516483517,63.0,0,0,857.3275,362.0,10586.0,10948.0,-486.0,-848.0,-0.04590969204609862,-0.07745706978443552,-4.65934065934066,-4.608695652173913,0.6015384615384615,-0.046593406593406494,61,61,30,31,0.4918032786885246,1.0,0.3706039532371102,58.0,59.0,65.0,0,0,853.356,122.0,3599.0,3721.0,-599.0,-721.0,-0.16643512086690748,-0.19376511690405804,-11.819672131147541,-11.819672131147541,0.6099999999999999,-0.1181967213114753,62,62,38,24,0.6129032258064516,1.0,0.48847843539018354,61.0,62.46774193548387,68.25,0,0,852.8375000000001,122.0,3873.0,3995.0,-73.0,-195.0,-0.01884843790343403,-0.04881101376720901,-3.1451612903225805,-3.1451612903225805,0.6443548387096776,-0.031451612903225956,True,False,False,0.9891304347826086,-11.819672131147541,-0.19376511690405804,v21,veto; base=regime55; choose=score_regime_blend; score_regime_blend>=0.55; ask<=95; sec_to_close>=120; impulse_3_5m>=80; impulse_3_5m-margin>=20; sec>=600; margin_sigma<=0.5; score<=0.82; fade_ask<=45,regime55,veto,impulse_3_5m,80.0,20.0,600.0,0.5,0.82,45.0,0,221,219,140,79,0.639269406392694,0.9909502262443439,0.5737731393801101,58.0,58.9634703196347,63.0,0,0,859.365761,433.0,12913.0,13346.0,1087.0,654.0,0.08417873460853403,0.04900344672561067,2.9863013698630136,2.9592760180995477,0.6094063926940639,0.029863013698630092,132,131,85,46,0.648854961832061,0.9924242424242424,0.563936441087627,59.0,59.55725190839695,65.0,0,0,860.416019,259.0,7802.0,8061.0,698.0,439.0,0.08946423993847731,0.05445974444857958,3.351145038167939,3.3257575757575757,0.6153435114503817,0.03351145038167935,44,44,25,19,0.5681818181818182,1.0,0.4222414699362943,56.5,56.75,61.0,0,0,860.2086234999999,88.0,2497.0,2585.0,3.0,-85.0,0.0012014417300760913,-0.03288201160541586,-1.9318181818181819,-1.9318181818181819,0.5875,-0.01931818181818179,45,44,30,14,0.6818181818181818,0.9777777777777777,0.5344310393781776,58.5,59.40909090909091,63.0,0,0,858.221184,86.0,2614.0,2700.0,386.0,300.0,0.1476664116296863,0.1111111111111111,6.818181818181818,6.666666666666667,0.6136363636363636,0.06818181818181812,True,False,False,0.9777777777777777,-1.9318181818181819,-0.03288201160541586,0.26666666666666666,1.0,-475.0,-1110.0,-701.0,True,False,False,False,False,0.9777777777777777,-11.819672131147541,-0.19376511690405804
current,regime55_veto_impulse_3_5m_abs80_over40_sig0.5,veto; base=regime55; choose=score_regime_blend; score_regime_blend>=0.55; ask<=95; sec_to_close>=120; impulse_3_5m>=80; impulse_3_5m-margin>=40; sec>=600; margin_sigma<=0.5; score<=0.82; fade_ask<=45,regime55,veto,impulse_3_5m,80.0,40.0,600.0,0.5,0.82,45.0,0,307,305,168,137,0.5508196721311476,0.993485342019544,0.4947092080938056,58.0,59.12786885245902,64.0,0,0,855.969,606.0,18034.0,18640.0,-1234.0,-1840.0,-0.06842630586669624,-0.09871244635193133,-6.032786885245901,-5.993485342019544,0.6111475409836065,-0.06032786885245889,184,182,100,82,0.5494505494505495,0.9891304347826086,0.47688710336363216,57.0,58.01648351648352,63.0,0,0,857.642,362.0,10559.0,10921.0,-559.0,-921.0,-0.052940619376834926,-0.0843329365442725,-5.06043956043956,-5.005434782608695,0.600054945054945,-0.05060439560439556,61,61,30,31,0.4918032786885246,1.0,0.3706039532371102,58.0,59.0,65.0,0,0,853.356,122.0,3599.0,3721.0,-599.0,-721.0,-0.16643512086690748,-0.19376511690405804,-11.819672131147541,-11.819672131147541,0.6099999999999999,-0.1181967213114753,62,62,38,24,0.6129032258064516,1.0,0.48847843539018354,61.0,62.516129032258064,69.75,0,0,852.8375000000001,122.0,3876.0,3998.0,-76.0,-198.0,-0.0196078431372549,-0.04952476238119059,-3.193548387096774,-3.193548387096774,0.6448387096774194,-0.031935483870967785,True,False,False,0.9891304347826086,-11.819672131147541,-0.19376511690405804,v21,veto; base=regime55; choose=score_regime_blend; score_regime_blend>=0.55; ask<=95; sec_to_close>=120; impulse_3_5m>=80; impulse_3_5m-margin>=40; sec>=600; margin_sigma<=0.5; score<=0.82; fade_ask<=45,regime55,veto,impulse_3_5m,80.0,40.0,600.0,0.5,0.82,45.0,0,221,219,139,80,0.634703196347032,0.9909502262443439,0.5691179157898559,58.0,58.78082191780822,63.0,0,0,859.492121,435.0,12873.0,13308.0,1027.0,592.0,0.07977938320515808,0.04448452058911933,2.7031963470319633,2.678733031674208,0.6076712328767124,0.027031963470319553,132,131,84,47,0.6412213740458015,0.9924242424242424,0.5561413946369288,59.0,59.25190839694657,65.0,0,0,860.776277,261.0,7762.0,8023.0,638.0,377.0,0.08219531048698789,0.04698990402592546,2.877862595419847,2.856060606060606,0.6124427480916029,0.028778625954198556,44,44,25,19,0.5681818181818182,1.0,0.4222414699362943,56.5,56.75,61.0,0,0,860.2086234999999,88.0,2497.0,2585.0,3.0,-85.0,0.0012014417300760913,-0.03288201160541586,-1.9318181818181819,-1.9318181818181819,0.5875,-0.01931818181818179,45,44,30,14,0.6818181818181818,0.9777777777777777,0.5344310393781776,58.5,59.40909090909091,63.0,0,0,858.221184,86.0,2614.0,2700.0,386.0,300.0,0.1476664116296863,0.1111111111111111,6.818181818181818,6.666666666666667,0.6136363636363636,0.06818181818181812,True,False,False,0.9777777777777777,-1.9318181818181819,-0.03288201160541586,0.26666666666666666,1.0,-475.0,-1248.0,-704.0,True,False,False,False,False,0.9777777777777777,-11.819672131147541,-0.19376511690405804
current,regime55_veto_impulse_3_5m_abs60_over40_sig0.5,veto; base=regime55; choose=score_regime_blend; score_regime_blend>=0.55; ask<=95; sec_to_close>=120; impulse_3_5m>=60; impulse_3_5m-margin>=40; sec>=600; margin_sigma<=0.5; score<=0.82; fade_ask<=45,regime55,veto,impulse_3_5m,60.0,40.0,600.0,0.5,0.82,45.0,0,307,305,171,134,0.5606557377049181,0.993485342019544,0.5045444498287338,59.0,59.74426229508197,65.0,0,0,853.356,605.0,18222.0,18827.0,-1122.0,-1727.0,-0.06157392163319065,-0.09172996228820311,-5.662295081967213,-5.625407166123779,0.6172786885245901,-0.05662295081967206,184,182,102,80,0.5604395604395604,0.9891304347826086,0.48782001832455435,58.0,58.68131868131868,63.0,0,0,854.157,361.0,10680.0,11041.0,-480.0,-841.0,-0.0449438202247191,-0.07617063671768862,-4.6208791208791204,-4.570652173913044,0.6066483516483516,-0.04620879120879118,61,61,31,30,0.5081967213114754,1.0,0.3860261849109116,58.0,59.557377049180324,66.0,0,0,853.356,122.0,3633.0,3755.0,-533.0,-655.0,-0.14671070740434902,-0.1744340878828229,-10.737704918032787,-10.737704918032787,0.6155737704918033,-0.10737704918032787,62,62,38,24,0.6129032258064516,1.0,0.48847843539018354,61.0,63.04838709677419,69.75,0,0,841.2365,122.0,3909.0,4031.0,-109.0,-231.0,-0.027884369403939627,-0.057305879434383526,-3.725806451612903,-3.725806451612903,0.6501612903225806,-0.03725806451612901,True,False,False,0.9891304347826086,-10.737704918032787,-0.1744340878828229,v21,veto; base=regime55; choose=score_regime_blend; score_regime_blend>=0.55; ask<=95; sec_to_close>=120; impulse_3_5m>=60; impulse_3_5m-margin>=40; sec>=600; margin_sigma<=0.5; score<=0.82; fade_ask<=45,regime55,veto,impulse_3_5m,60.0,40.0,600.0,0.5,0.82,45.0,0,221,219,141,78,0.6438356164383562,0.9909502262443439,0.5784344236231485,59.0,59.51598173515982,65.0,0,0,857.260429,434.0,13034.0,13468.0,1066.0,632.0,0.08178609789780573,0.046926046926046926,2.8858447488584473,2.8597285067873304,0.6149771689497717,0.02885844748858446,132,131,86,45,0.6564885496183206,0.9924242424242424,0.5717533635235359,59.0,60.20610687022901,65.0,0,0,839.960514,260.0,7887.0,8147.0,713.0,453.0,0.0904019272220109,0.05560328955443722,3.4580152671755724,3.4318181818181817,0.6219083969465649,0.03458015267175574,44,44,25,19,0.5681818181818182,1.0,0.4222414699362943,58.0,57.77272727272727,62.0,0,0,857.2555245000001,88.0,2542.0,2630.0,-42.0,-130.0,-0.016522423288749016,-0.049429657794676805,-2.9545454545454546,-2.9545454545454546,0.5977272727272728,-0.02954545454545454,45,44,30,14,0.6818181818181818,0.9777777777777777,0.5344310393781776,57.5,59.20454545454545,63.0,0,0,857.875233,86.0,2605.0,2691.0,395.0,309.0,0.15163147792706333,0.11482720178372352,7.0227272727272725,6.866666666666666,0.6115909090909091,0.0702272727272727,True,False,False,0.9777777777777777,-2.9545454545454546,-0.049429657794676805,0.26666666666666666,1.0,-475.0,-1095.0,-707.0,True,False,False,False,False,0.9777777777777777,-10.737704918032787,-0.1744340878828229
current,regime55_veto_impulse_3_5m_abs60_over40_sig0.75,veto; base=regime55; choose=score_regime_blend; score_regime_blend>=0.55; ask<=95; sec_to_close>=120; impulse_3_5m>=60; impulse_3_5m-margin>=40; sec>=600; margin_sigma<=0.75; score<=0.82; fade_ask<=45,regime55,veto,impulse_3_5m,60.0,40.0,600.0,0.75,0.82,45.0,0,307,305,170,135,0.5573770491803278,0.993485342019544,0.5012636227354222,59.0,59.747540983606555,64.0,0,0,853.328,603.0,18223.0,18826.0,-1223.0,-1826.0,-0.0671129890797344,-0.09699351960055243,-5.9868852459016395,-5.947882736156352,0.6172459016393443,-0.05986885245901652,184,182,101,81,0.554945054945055,0.9891304347826086,0.48234923344870784,58.0,58.637362637362635,63.0,0,0,854.157,361.0,10672.0,11033.0,-572.0,-933.0,-0.053598200899550225,-0.08456448835312246,-5.126373626373627,-5.070652173913044,0.6062087912087912,-0.05126373626373626,61,61,31,30,0.5081967213114754,1.0,0.3860261849109116,58.0,59.557377049180324,66.0,0,0,853.356,122.0,3633.0,3755.0,-533.0,-655.0,-0.14671070740434902,-0.1744340878828229,-10.737704918032787,-10.737704918032787,0.6155737704918033,-0.10737704918032787,62,62,38,24,0.6129032258064516,1.0,0.48847843539018354,61.0,63.193548387096776,69.75,0,0,839.939,120.0,3918.0,4038.0,-118.0,-238.0,-0.030117406840224605,-0.05894006934125805,-3.838709677419355,-3.838709677419355,0.6512903225806452,-0.03838709677419361,True,False,False,0.9891304347826086,-10.737704918032787,-0.1744340878828229,v21,veto; base=regime55; choose=score_regime_blend; score_regime_blend>=0.55; ask<=95; sec_to_close>=120; impulse_3_5m>=60; impulse_3_5m-margin>=40; sec>=600; margin_sigma<=0.75; score<=0.82; fade_ask<=45,regime55,veto,impulse_3_5m,60.0,40.0,600.0,0.75,0.82,45.0,0,221,219,141,78,0.6438356164383562,0.9909502262443439,0.5784344236231485,59.0,59.49771689497717,64.5,0,0,857.260429,434.0,13030.0,13464.0,1070.0,636.0,0.08211818879508825,0.04723707664884135,2.904109589041096,2.8778280542986425,0.6147945205479451,0.02904109589041104,132,131,86,45,0.6564885496183206,0.9924242424242424,0.5717533635235359,59.0,60.17557251908397,65.0,0,0,839.960514,260.0,7883.0,8143.0,717.0,457.0,0.09095522009387288,0.056121822424167994,3.4885496183206106,3.462121212121212,0.6216030534351146,0.03488549618320602,44,44,25,19,0.5681818181818182,1.0,0.4222414699362943,58.0,57.77272727272727,62.0,0,0,857.2555245000001,88.0,2542.0,2630.0,-42.0,-130.0,-0.016522423288749016,-0.049429657794676805,-2.9545454545454546,-2.9545454545454546,0.5977272727272728,-0.02954545454545454,45,44,30,14,0.6818181818181818,0.9777777777777777,0.5344310393781776,57.5,59.20454545454545,63.0,0,0,857.875233,86.0,2605.0,2691.0,395.0,309.0,0.15163147792706333,0.11482720178372352,7.0227272727272725,6.866666666666666,0.6115909090909091,0.0702272727272727,True,False,False,0.9777777777777777,-2.9545454545454546,-0.049429657794676805,0.2,1.0,-475.0,-1190.0,-714.0,True,False,False,False,False,0.9777777777777777,-10.737704918032787,-0.1744340878828229
current,regime55_veto_signed_move_5m_abs80_over0_sig0.5,veto; base=regime55; choose=score_regime_blend; score_regime_blend>=0.55; ask<=95; sec_to_close>=120; signed_move_5m>=80; signed_move_5m-margin>=0; sec>=600; margin_sigma<=0.5; score<=0.82; fade_ask<=45,regime55,veto,signed_move_5m,80.0,0.0,600.0,0.5,0.82,45.0,0,307,305,167,138,0.5475409836065573,0.993485342019544,0.49143561029531485,58.0,58.83606557377049,64.0,0,0,856.738,606.0,17945.0,18551.0,-1245.0,-1851.0,-0.06937865700752299,-0.09977898765565199,-6.0688524590163935,-6.029315960912052,0.6082295081967213,-0.06068852459016394,184,182,100,82,0.5494505494505495,0.9891304347826086,0.47688710336363216,57.0,57.857142857142854,62.75,0,0,857.809,362.0,10530.0,10892.0,-530.0,-892.0,-0.050332383665717,-0.08189496878442894,-4.9010989010989015,-4.8478260869565215,0.5984615384615384,-0.04901098901098888,61,61,30,31,0.4918032786885246,1.0,0.3706039532371102,58.0,59.0,65.0,0,0,853.356,122.0,3599.0,3721.0,-599.0,-721.0,-0.16643512086690748,-0.19376511690405804,-11.819672131147541,-11.819672131147541,0.6099999999999999,-0.1181967213114753,62,62,37,25,0.5967741935483871,1.0,0.47250467700400245,60.0,61.54838709677419,65.0,0,0,855.8815,122.0,3816.0,3938.0,-116.0,-238.0,-0.03039832285115304,-0.06043676993397664,-3.838709677419355,-3.838709677419355,0.6351612903225808,-0.03838709677419372,True,False,False,0.9891304347826086,-11.819672131147541,-0.19376511690405804,v21,veto; base=regime55; choose=score_regime_blend; score_regime_blend>=0.55; ask<=95; sec_to_close>=120; signed_move_5m>=80; signed_move_5m-margin>=0; sec>=600; margin_sigma<=0.5; score<=0.82; fade_ask<=45,regime55,veto,signed_move_5m,80.0,0.0,600.0,0.5,0.82,45.0,0,221,219,141,78,0.6438356164383562,0.9909502262443439,0.5784344236231485,58.0,58.55251141552512,63.0,0,0,860.434362,434.0,12823.0,13257.0,1277.0,843.0,0.09958668018404429,0.06358904729576827,3.8493150684931505,3.81447963800905,0.6053424657534247,0.03849315068493153,132,131,86,45,0.6564885496183206,0.9924242424242424,0.5717533635235359,58.0,59.0,65.0,0,0,861.833808,260.0,7729.0,7989.0,871.0,611.0,0.11269245698020443,0.07648016022030292,4.66412213740458,4.628787878787879,0.6098473282442747,0.046641221374045916,44,44,25,19,0.5681818181818182,1.0,0.4222414699362943,56.5,56.36363636363637,61.0,0,0,860.2086234999999,88.0,2480.0,2568.0,20.0,-68.0,0.008064516129032258,-0.0264797507788162,-1.5454545454545454,-1.5454545454545454,0.5836363636363637,-0.015454545454545499,45,44,30,14,0.6818181818181818,0.9777777777777777,0.5344310393781776,58.5,59.40909090909091,63.0,0,0,858.221184,86.0,2614.0,2700.0,386.0,300.0,0.1476664116296863,0.1111111111111111,6.818181818181818,6.666666666666667,0.6136363636363636,0.06818181818181812,True,False,False,0.9777777777777777,-1.5454545454545454,-0.0264797507788162,0.26666666666666666,1.0,-475.0,-1008.0,-727.0,True,False,False,False,False,0.9777777777777777,-11.819672131147541,-0.19376511690405804
current,regime55_veto_signed_move_5m_abs80_over0_sig0.75,veto; base=regime55; choose=score_regime_blend; score_regime_blend>=0.55; ask<=95; sec_to_close>=120; signed_move_5m>=80; signed_move_5m-margin>=0; sec>=600; margin_sigma<=0.75; score<=0.82; fade_ask<=45,regime55,veto,signed_move_5m,80.0,0.0,600.0,0.75,0.82,45.0,0,307,305,166,139,0.5442622950819672,0.993485342019544,0.4881644125562369,58.0,58.80983606557377,64.0,0,0,856.476,606.0,17937.0,18543.0,-1337.0,-1943.0,-0.07453866309862296,-0.1047834762444049,-6.370491803278688,-6.328990228013029,0.6079672131147541,-0.06370491803278688,184,182,99,83,0.5439560439560439,0.9891304347826086,0.4714335986295868,57.0,57.81318681318681,62.0,0,0,857.809,362.0,10522.0,10884.0,-622.0,-984.0,-0.059114236837103214,-0.09040793825799338,-5.406593406593407,-5.3478260869565215,0.5980219780219781,-0.054065934065934185,61,61,30,31,0.4918032786885246,1.0,0.3706039532371102,58.0,59.0,65.0,0,0,853.356,122.0,3599.0,3721.0,-599.0,-721.0,-0.16643512086690748,-0.19376511690405804,-11.819672131147541,-11.819672131147541,0.6099999999999999,-0.1181967213114753,62,62,37,25,0.5967741935483871,1.0,0.47250467700400245,60.0,61.54838709677419,65.75,0,0,854.4495,122.0,3816.0,3938.0,-116.0,-238.0,-0.03039832285115304,-0.06043676993397664,-3.838709677419355,-3.838709677419355,0.6351612903225808,-0.03838709677419372,True,False,False,0.9891304347826086,-11.819672131147541,-0.19376511690405804,v21,veto; base=regime55; choose=score_regime_blend; score_regime_blend>=0.55; ask<=95; sec_to_close>=120; signed_move_5m>=80; signed_move_5m-margin>=0; sec>=600; margin_sigma<=0.75; score<=0.82; fade_ask<=45,regime55,veto,signed_move_5m,80.0,0.0,600.0,0.75,0.82,45.0,0,221,219,141,78,0.6438356164383562,0.9909502262443439,0.5784344236231485,58.0,58.534246575342465,63.0,0,0,860.434362,434.0,12819.0,13253.0,1281.0,847.0,0.09992979171542242,0.06391005810005282,3.867579908675799,3.832579185520362,0.6051598173515982,0.038675799086758,132,131,86,45,0.6564885496183206,0.9924242424242424,0.5717533635235359,58.0,58.969465648854964,64.5,0,0,861.833808,260.0,7725.0,7985.0,875.0,615.0,0.11326860841423948,0.07701941139636818,4.694656488549619,4.659090909090909,0.6095419847328244,0.0469465648854962,44,44,25,19,0.5681818181818182,1.0,0.4222414699362943,56.5,56.36363636363637,61.0,0,0,860.2086234999999,88.0,2480.0,2568.0,20.0,-68.0,0.008064516129032258,-0.0264797507788162,-1.5454545454545454,-1.5454545454545454,0.5836363636363637,-0.015454545454545499,45,44,30,14,0.6818181818181818,0.9777777777777777,0.5344310393781776,58.5,59.40909090909091,63.0,0,0,858.221184,86.0,2614.0,2700.0,386.0,300.0,0.1476664116296863,0.1111111111111111,6.818181818181818,6.666666666666667,0.6136363636363636,0.06818181818181812,True,False,False,0.9777777777777777,-1.5454545454545454,-0.0264797507788162,0.2,1.0,-475.0,-1096.0,-727.0,True,False,False,False,False,0.9777777777777777,-11.819672131147541,-0.19376511690405804
current,regime55_veto_impulse_3_5m_abs80_over40_sig0.75,veto; base=regime55; choose=score_regime_blend; score_regime_blend>=0.55; ask<=95; sec_to_close>=120; impulse_3_5m>=80; impulse_3_5m-margin>=40; sec>=600; margin_sigma<=0.75; score<=0.82; fade_ask<=45,regime55,veto,impulse_3_5m,80.0,40.0,600.0,0.75,0.82,45.0,0,307,305,167,138,0.5475409836065573,0.993485342019544,0.49143561029531485,58.0,59.18688524590164,64.0,0,0,855.758,604.0,18052.0,18656.0,-1352.0,-1956.0,-0.07489474850432085,-0.10484562607204116,-6.413114754098361,-6.371335504885994,0.611672131147541,-0.0641311475409837,184,182,99,83,0.5439560439560439,0.9891304347826086,0.4714335986295868,57.0,57.972527472527474,62.75,0,0,857.642,362.0,10551.0,10913.0,-651.0,-1013.0,-0.06170031276656241,-0.09282507101621919,-5.565934065934066,-5.505434782608695,0.5996153846153846,-0.05565934065934064,61,61,30,31,0.4918032786885246,1.0,0.3706039532371102,58.0,59.0,65.0,0,0,853.356,122.0,3599.0,3721.0,-599.0,-721.0,-0.16643512086690748,-0.19376511690405804,-11.819672131147541,-11.819672131147541,0.6099999999999999,-0.1181967213114753,62,62,38,24,0.6129032258064516,1.0,0.48847843539018354,61.0,62.935483870967744,70.0,0,0,851.9014999999999,120.0,3902.0,4022.0,-102.0,-222.0,-0.026140440799589954,-0.055196419691695676,-3.5806451612903225,-3.5806451612903225,0.6487096774193548,-0.03580645161290319,True,False,False,0.9891304347826086,-11.819672131147541,-0.19376511690405804,v21,veto; base=regime55; choose=score_regime_blend; score_regime_blend>=0.55; ask<=95; sec_to_close>=120; impulse_3_5m>=80; impulse_3_5m-margin>=40; sec>=600; margin_sigma<=0.75; score<=0.82; fade_ask<=45,regime55,veto,impulse_3_5m,80.0,40.0,600.0,0.75,0.82,45.0,0,221,219,139,80,0.634703196347032,0.9909502262443439,0.5691179157898559,58.0,58.76255707762557,63.0,0,0,859.492121,435.0,12869.0,13304.0,1031.0,596.0,0.08011500505089751,0.04479855682501503,2.721461187214612,2.6968325791855206,0.607488584474886,0.02721461187214602,132,131,84,47,0.6412213740458015,0.9924242424242424,0.5561413946369288,59.0,59.221374045801525,65.0,0,0,860.776277,261.0,7758.0,8019.0,642.0,381.0,0.08275328692962104,0.04751215862326973,2.9083969465648853,2.8863636363636362,0.6121374045801526,0.02908396946564884,44,44,25,19,0.5681818181818182,1.0,0.4222414699362943,56.5,56.75,61.0,0,0,860.2086234999999,88.0,2497.0,2585.0,3.0,-85.0,0.0012014417300760913,-0.03288201160541586,-1.9318181818181819,-1.9318181818181819,0.5875,-0.01931818181818179,45,44,30,14,0.6818181818181818,0.9777777777777777,0.5344310393781776,58.5,59.40909090909091,63.0,0,0,858.221184,86.0,2614.0,2700.0,386.0,300.0,0.1476664116296863,0.1111111111111111,6.818181818181818,6.666666666666667,0.6136363636363636,0.06818181818181812,True,False,False,0.9777777777777777,-1.9318181818181819,-0.03288201160541586,0.2,1.0,-475.0,-1360.0,-728.0,True,False,False,False,False,0.9777777777777777,-11.819672131147541,-0.19376511690405804
current,regime55_veto_signed_move_5m_abs60_over0_sig0.75,veto; base=regime55; choose=score_regime_blend; score_regime_blend>=0.55; ask<=95; sec_to_close>=120; signed_move_5m>=60; signed_move_5m-margin>=0; sec>=600; margin_sigma<=0.75; score<=0.82; fade_ask<=45,regime55,veto,signed_move_5m,60.0,0.0,600.0,0.75,0.82,45.0,0,307,305,168,137,0.5508196721311476,0.993485342019544,0.4947092080938056,58.0,59.4327868852459,64.0,0,0,853.356,602.0,18127.0,18729.0,-1327.0,-1929.0,-0.07320571523142273,-0.10299535479737305,-6.324590163934427,-6.283387622149837,0.6140655737704919,-0.06324590163934429,184,182,99,83,0.5439560439560439,0.9891304347826086,0.4714335986295868,57.0,58.31318681318681,63.0,0,0,854.6695,361.0,10613.0,10974.0,-713.0,-1074.0,-0.06718175822104966,-0.09786768726079825,-5.9010989010989015,-5.836956521739131,0.6029670329670329,-0.059010989010989,61,61,31,30,0.5081967213114754,1.0,0.3860261849109116,58.0,59.40983606557377,65.0,0,0,853.165,122.0,3624.0,3746.0,-524.0,-646.0,-0.1445916114790287,-0.17245061398825415,-10.59016393442623,-10.59016393442623,0.6140983606557376,-0.10590163934426222,62,62,38,24,0.6129032258064516,1.0,0.48847843539018354,60.5,62.74193548387097,66.0,0,0,842.0525,119.0,3890.0,4009.0,-90.0,-209.0,-0.02313624678663239,-0.052132701421800945,-3.370967741935484,-3.370967741935484,0.6466129032258066,-0.03370967741935493,True,False,False,0.9891304347826086,-10.59016393442623,-0.17245061398825415,v21,veto; base=regime55; choose=score_regime_blend; score_regime_blend>=0.55; ask<=95; sec_to_close>=120; signed_move_5m>=60; signed_move_5m-margin>=0; sec>=600; margin_sigma<=0.75; score<=0.82; fade_ask<=45,regime55,veto,signed_move_5m,60.0,0.0,600.0,0.75,0.82,45.0,0,221,219,142,77,0.6484018264840182,0.9909502262443439,0.5831018188812981,59.0,59.22374429223744,64.0,0,0,857.457887,431.0,12970.0,13401.0,1230.0,799.0,0.09483423284502698,0.05962241623759421,3.6484018264840183,3.6153846153846154,0.6119178082191782,0.036484018264840046,132,131,88,43,0.6717557251908397,0.9924242424242424,0.5874541794197865,59.0,60.045801526717554,65.0,0,0,857.277306,257.0,7866.0,8123.0,934.0,677.0,0.11873887617594711,0.08334359226886619,5.1679389312977095,5.128787878787879,0.6200763358778625,0.05167938931297722,44,44,24,20,0.5454545454545454,1.0,0.40066183198961974,58.0,57.02272727272727,61.25,0,0,857.5131885000001,88.0,2509.0,2597.0,-109.0,-197.0,-0.04344360302909526,-0.07585675779745861,-4.4772727272727275,-4.4772727272727275,0.5902272727272727,-0.0447727272727273,45,44,30,14,0.6818181818181818,0.9777777777777777,0.5344310393781776,57.0,58.97727272727273,63.0,0,0,857.484057,86.0,2595.0,2681.0,405.0,319.0,0.15606936416184972,0.11898545318910854,7.25,7.088888888888889,0.6093181818181818,0.07250000000000001,True,False,False,0.9777777777777777,-4.4772727272727275,-0.07585675779745861,0.2,1.0,-475.0,-1130.0,-733.0,True,False,False,False,False,0.9777777777777777,-10.59016393442623,-0.17245061398825415
current,regime55_veto_signed_move_5m_abs80_over40_sig0.5,veto; base=regime55; choose=score_regime_blend; score_regime_blend>=0.55; ask<=95; sec_to_close>=120; signed_move_5m>=80; signed_move_5m-margin>=40; sec>=600; margin_sigma<=0.5; score<=0.82; fade_ask<=45,regime55,veto,signed_move_5m,80.0,40.0,600.0,0.5,0.82,45.0,0,307,305,167,138,0.5475409836065573,0.993485342019544,0.49143561029531485,58.0,58.8327868852459,64.0,0,0,856.738,606.0,17944.0,18550.0,-1244.0,-1850.0,-0.0693267944716897,-0.09973045822102426,-6.065573770491803,-6.026058631921824,0.6081967213114754,-0.060655737704918056,184,182,100,82,0.5494505494505495,0.9891304347826086,0.47688710336363216,57.0,57.85164835164835,62.75,0,0,857.809,362.0,10529.0,10891.0,-529.0,-891.0,-0.05024218824199829,-0.08181066936002204,-4.895604395604396,-4.842391304347826,0.5984065934065934,-0.048956043956043915,61,61,30,31,0.4918032786885246,1.0,0.3706039532371102,58.0,59.0,65.0,0,0,853.356,122.0,3599.0,3721.0,-599.0,-721.0,-0.16643512086690748,-0.19376511690405804,-11.819672131147541,-11.819672131147541,0.6099999999999999,-0.1181967213114753,62,62,37,25,0.5967741935483871,1.0,0.47250467700400245,60.0,61.54838709677419,65.0,0,0,855.8815,122.0,3816.0,3938.0,-116.0,-238.0,-0.03039832285115304,-0.06043676993397664,-3.838709677419355,-3.838709677419355,0.6351612903225808,-0.03838709677419372,True,False,False,0.9891304347826086,-11.819672131147541,-0.19376511690405804,v21,veto; base=regime55; choose=score_regime_blend; score_regime_blend>=0.55; ask<=95; sec_to_close>=120; signed_move_5m>=80; signed_move_5m-margin>=40; sec>=600; margin_sigma<=0.5; score<=0.82; fade_ask<=45,regime55,veto,signed_move_5m,80.0,40.0,600.0,0.5,0.82,45.0,0,221,219,141,78,0.6438356164383562,0.9909502262443439,0.5784344236231485,58.0,58.529680365296805,63.0,0,0,860.434362,435.0,12818.0,13253.0,1282.0,847.0,0.10001560305819941,0.06391005810005282,3.867579908675799,3.832579185520362,0.6051598173515982,0.038675799086758,132,131,86,45,0.6564885496183206,0.9924242424242424,0.5717533635235359,59.0,58.83206106870229,64.5,0,0,861.833808,261.0,7707.0,7968.0,893.0,632.0,0.11586869080057091,0.07931726907630522,4.824427480916031,4.787878787878788,0.6082442748091603,0.04824427480916027,44,44,25,19,0.5681818181818182,1.0,0.4222414699362943,56.5,56.75,61.0,0,0,860.2086234999999,88.0,2497.0,2585.0,3.0,-85.0,0.0012014417300760913,-0.03288201160541586,-1.9318181818181819,-1.9318181818181819,0.5875,-0.01931818181818179,45,44,30,14,0.6818181818181818,0.9777777777777777,0.5344310393781776,58.5,59.40909090909091,63.0,0,0,858.221184,86.0,2614.0,2700.0,386.0,300.0,0.1476664116296863,0.1111111111111111,6.818181818181818,6.666666666666667,0.6136363636363636,0.06818181818181812,True,False,False,0.9777777777777777,-1.9318181818181819,-0.03288201160541586,0.26666666666666666,1.0,-475.0,-1003.0,-744.0,True,False,False,False,False,0.9777777777777777,-11.819672131147541,-0.19376511690405804
current,regime55_veto_signed_move_5m_abs80_over20_sig0.5,veto; base=regime55; choose=score_regime_blend; score_regime_blend>=0.55; ask<=95; sec_to_close>=120; signed_move_5m>=80; signed_move_5m-margin>=20; sec>=600; margin_sigma<=0.5; score<=0.82; fade_ask<=45,regime55,veto,signed_move_5m,80.0,20.0,600.0,0.5,0.82,45.0,0,307,305,167,138,0.5475409836065573,0.993485342019544,0.49143561029531485,58.0,58.83606557377049,64.0,0,0,856.738,606.0,17945.0,18551.0,-1245.0,-1851.0,-0.06937865700752299,-0.09977898765565199,-6.0688524590163935,-6.029315960912052,0.6082295081967213,-0.06068852459016394,184,182,100,82,0.5494505494505495,0.9891304347826086,0.47688710336363216,57.0,57.857142857142854,62.75,0,0,857.809,362.0,10530.0,10892.0,-530.0,-892.0,-0.050332383665717,-0.08189496878442894,-4.9010989010989015,-4.8478260869565215,0.5984615384615384,-0.04901098901098888,61,61,30,31,0.4918032786885246,1.0,0.3706039532371102,58.0,59.0,65.0,0,0,853.356,122.0,3599.0,3721.0,-599.0,-721.0,-0.16643512086690748,-0.19376511690405804,-11.819672131147541,-11.819672131147541,0.6099999999999999,-0.1181967213114753,62,62,37,25,0.5967741935483871,1.0,0.47250467700400245,60.0,61.54838709677419,65.0,0,0,855.8815,122.0,3816.0,3938.0,-116.0,-238.0,-0.03039832285115304,-0.06043676993397664,-3.838709677419355,-3.838709677419355,0.6351612903225808,-0.03838709677419372,True,False,False,0.9891304347826086,-11.819672131147541,-0.19376511690405804,v21,veto; base=regime55; choose=score_regime_blend; score_regime_blend>=0.55; ask<=95; sec_to_close>=120; signed_move_5m>=80; signed_move_5m-margin>=20; sec>=600; margin_sigma<=0.5; score<=0.82; fade_ask<=45,regime55,veto,signed_move_5m,80.0,20.0,600.0,0.5,0.82,45.0,0,221,219,141,78,0.6438356164383562,0.9909502262443439,0.5784344236231485,58.0,58.63013698630137,63.0,0,0,860.434362,434.0,12840.0,13274.0,1260.0,826.0,0.09813084112149532,0.06222690974838029,3.771689497716895,3.737556561085973,0.6061187214611873,0.0377168949771689,132,131,86,45,0.6564885496183206,0.9924242424242424,0.5717533635235359,58.0,59.0,65.0,0,0,861.833808,260.0,7729.0,7989.0,871.0,611.0,0.11269245698020443,0.07648016022030292,4.66412213740458,4.628787878787879,0.6098473282442747,0.046641221374045916,44,44,25,19,0.5681818181818182,1.0,0.4222414699362943,56.5,56.75,61.0,0,0,860.2086234999999,88.0,2497.0,2585.0,3.0,-85.0,0.0012014417300760913,-0.03288201160541586,-1.9318181818181819,-1.9318181818181819,0.5875,-0.01931818181818179,45,44,30,14,0.6818181818181818,0.9777777777777777,0.5344310393781776,58.5,59.40909090909091,63.0,0,0,858.221184,86.0,2614.0,2700.0,386.0,300.0,0.1476664116296863,0.1111111111111111,6.818181818181818,6.666666666666667,0.6136363636363636,0.06818181818181812,True,False,False,0.9777777777777777,-1.9318181818181819,-0.03288201160541586,0.26666666666666666,1.0,-475.0,-1025.0,-744.0,True,False,False,False,False,0.9777777777777777,-11.819672131147541,-0.19376511690405804
current,regime55_veto_signed_move_5m_abs80_over40_sig0.75,veto; base=regime55; choose=score_regime_blend; score_regime_blend>=0.55; ask<=95; sec_to_close>=120; signed_move_5m>=80; signed_move_5m-margin>=40; sec>=600; margin_sigma<=0.75; score<=0.82; fade_ask<=45,regime55,veto,signed_move_5m,80.0,40.0,600.0,0.75,0.82,45.0,0,307,305,166,139,0.5442622950819672,0.993485342019544,0.4881644125562369,58.0,58.80655737704918,64.0,0,0,856.476,606.0,17936.0,18542.0,-1336.0,-1942.0,-0.07448706512042819,-0.10473519577176141,-6.367213114754098,-6.3257328990228014,0.6079344262295082,-0.063672131147541,184,182,99,83,0.5439560439560439,0.9891304347826086,0.4714335986295868,57.0,57.80769230769231,62.0,0,0,857.809,362.0,10521.0,10883.0,-621.0,-983.0,-0.05902480752780154,-0.09032435909216209,-5.4010989010989015,-5.342391304347826,0.5979670329670329,-0.054010989010989,61,61,30,31,0.4918032786885246,1.0,0.3706039532371102,58.0,59.0,65.0,0,0,853.356,122.0,3599.0,3721.0,-599.0,-721.0,-0.16643512086690748,-0.19376511690405804,-11.819672131147541,-11.819672131147541,0.6099999999999999,-0.1181967213114753,62,62,37,25,0.5967741935483871,1.0,0.47250467700400245,60.0,61.54838709677419,65.75,0,0,854.4495,122.0,3816.0,3938.0,-116.0,-238.0,-0.03039832285115304,-0.06043676993397664,-3.838709677419355,-3.838709677419355,0.6351612903225808,-0.03838709677419372,True,False,False,0.9891304347826086,-11.819672131147541,-0.19376511690405804,v21,veto; base=regime55; choose=score_regime_blend; score_regime_blend>=0.55; ask<=95; sec_to_close>=120; signed_move_5m>=80; signed_move_5m-margin>=40; sec>=600; margin_sigma<=0.75; score<=0.82; fade_ask<=45,regime55,veto,signed_move_5m,80.0,40.0,600.0,0.75,0.82,45.0,0,221,219,141,78,0.6438356164383562,0.9909502262443439,0.5784344236231485,58.0,58.51141552511415,63.0,0,0,860.434362,435.0,12814.0,13249.0,1286.0,851.0,0.10035898236304043,0.06423126273681032,3.8858447488584473,3.8506787330316743,0.6049771689497717,0.03885844748858447,132,131,86,45,0.6564885496183206,0.9924242424242424,0.5717533635235359,59.0,58.80152671755725,64.0,0,0,861.833808,261.0,7703.0,7964.0,897.0,636.0,0.11644813708944567,0.07985936715218483,4.854961832061068,4.818181818181818,0.6079389312977099,0.048549618320610666,44,44,25,19,0.5681818181818182,1.0,0.4222414699362943,56.5,56.75,61.0,0,0,860.2086234999999,88.0,2497.0,2585.0,3.0,-85.0,0.0012014417300760913,-0.03288201160541586,-1.9318181818181819,-1.9318181818181819,0.5875,-0.01931818181818179,45,44,30,14,0.6818181818181818,0.9777777777777777,0.5344310393781776,58.5,59.40909090909091,63.0,0,0,858.221184,86.0,2614.0,2700.0,386.0,300.0,0.1476664116296863,0.1111111111111111,6.818181818181818,6.666666666666667,0.6136363636363636,0.06818181818181812,True,False,False,0.9777777777777777,-1.9318181818181819,-0.03288201160541586,0.2,1.0,-475.0,-1091.0,-744.0,True,False,False,False,False,0.9777777777777777,-11.819672131147541,-0.19376511690405804
current,regime55_veto_signed_move_5m_abs80_over20_sig0.75,veto; base=regime55; choose=score_regime_blend; score_regime_blend>=0.55; ask<=95; sec_to_close>=120; signed_move_5m>=80; signed_move_5m-margin>=20; sec>=600; margin_sigma<=0.75; score<=0.82; fade_ask<=45,regime55,veto,signed_move_5m,80.0,20.0,600.0,0.75,0.82,45.0,0,307,305,166,139,0.5442622950819672,0.993485342019544,0.4881644125562369,58.0,58.80983606557377,64.0,0,0,856.476,606.0,17937.0,18543.0,-1337.0,-1943.0,-0.07453866309862296,-0.1047834762444049,-6.370491803278688,-6.328990228013029,0.6079672131147541,-0.06370491803278688,184,182,99,83,0.5439560439560439,0.9891304347826086,0.4714335986295868,57.0,57.81318681318681,62.0,0,0,857.809,362.0,10522.0,10884.0,-622.0,-984.0,-0.059114236837103214,-0.09040793825799338,-5.406593406593407,-5.3478260869565215,0.5980219780219781,-0.054065934065934185,61,61,30,31,0.4918032786885246,1.0,0.3706039532371102,58.0,59.0,65.0,0,0,853.356,122.0,3599.0,3721.0,-599.0,-721.0,-0.16643512086690748,-0.19376511690405804,-11.819672131147541,-11.819672131147541,0.6099999999999999,-0.1181967213114753,62,62,37,25,0.5967741935483871,1.0,0.47250467700400245,60.0,61.54838709677419,65.75,0,0,854.4495,122.0,3816.0,3938.0,-116.0,-238.0,-0.03039832285115304,-0.06043676993397664,-3.838709677419355,-3.838709677419355,0.6351612903225808,-0.03838709677419372,True,False,False,0.9891304347826086,-11.819672131147541,-0.19376511690405804,v21,veto; base=regime55; choose=score_regime_blend; score_regime_blend>=0.55; ask<=95; sec_to_close>=120; signed_move_5m>=80; signed_move_5m-margin>=20; sec>=600; margin_sigma<=0.75; score<=0.82; fade_ask<=45,regime55,veto,signed_move_5m,80.0,20.0,600.0,0.75,0.82,45.0,0,221,219,141,78,0.6438356164383562,0.9909502262443439,0.5784344236231485,58.0,58.61187214611872,63.0,0,0,860.434362,434.0,12836.0,13270.0,1264.0,830.0,0.0984730445621689,0.06254709871891484,3.7899543378995433,3.755656108597285,0.6059360730593607,0.03789954337899548,132,131,86,45,0.6564885496183206,0.9924242424242424,0.5717533635235359,58.0,58.969465648854964,64.5,0,0,861.833808,260.0,7725.0,7985.0,875.0,615.0,0.11326860841423948,0.07701941139636818,4.694656488549619,4.659090909090909,0.6095419847328244,0.0469465648854962,44,44,25,19,0.5681818181818182,1.0,0.4222414699362943,56.5,56.75,61.0,0,0,860.2086234999999,88.0,2497.0,2585.0,3.0,-85.0,0.0012014417300760913,-0.03288201160541586,-1.9318181818181819,-1.9318181818181819,0.5875,-0.01931818181818179,45,44,30,14,0.6818181818181818,0.9777777777777777,0.5344310393781776,58.5,59.40909090909091,63.0,0,0,858.221184,86.0,2614.0,2700.0,386.0,300.0,0.1476664116296863,0.1111111111111111,6.818181818181818,6.666666666666667,0.6136363636363636,0.06818181818181812,True,False,False,0.9777777777777777,-1.9318181818181819,-0.03288201160541586,0.2,1.0,-475.0,-1113.0,-744.0,True,False,False,False,False,0.9777777777777777,-11.819672131147541,-0.19376511690405804
current,regime55_veto_signed_move_5m_abs60_over0_sig0.5,veto; base=regime55; choose=score_regime_blend; score_regime_blend>=0.55; ask<=95; sec_to_close>=120; signed_move_5m>=60; signed_move_5m-margin>=0; sec>=600; margin_sigma<=0.5; score<=0.82; fade_ask<=45,regime55,veto,signed_move_5m,60.0,0.0,600.0,0.5,0.82,45.0,0,307,305,169,136,0.5540983606557377,0.993485342019544,0.4979852105869373,58.0,59.42295081967213,64.0,0,0,853.358,605.0,18124.0,18729.0,-1224.0,-1829.0,-0.06753476053851247,-0.0976560414330717,-5.99672131147541,-5.957654723127036,0.6140655737704919,-0.05996721311475417,184,182,100,82,0.5494505494505495,0.9891304347826086,0.47688710336363216,57.5,58.3021978021978,63.0,0,0,854.6695,361.0,10611.0,10972.0,-611.0,-972.0,-0.057581754782772596,-0.08858913598250091,-5.34065934065934,-5.282608695652174,0.6028571428571429,-0.05340659340659337,61,61,31,30,0.5081967213114754,1.0,0.3860261849109116,58.0,59.40983606557377,65.0,0,0,853.165,122.0,3624.0,3746.0,-524.0,-646.0,-0.1445916114790287,-0.17245061398825415,-10.59016393442623,-10.59016393442623,0.6140983606557376,-0.10590163934426222,62,62,38,24,0.6129032258064516,1.0,0.48847843539018354,61.0,62.725806451612904,68.25,0,0,846.2760000000001,122.0,3889.0,4011.0,-89.0,-211.0,-0.022885060426844947,-0.05260533532784842,-3.403225806451613,-3.403225806451613,0.6469354838709679,-0.03403225806451626,True,False,False,0.9891304347826086,-10.59016393442623,-0.17245061398825415,v21,veto; base=regime55; choose=score_regime_blend; score_regime_blend>=0.55; ask<=95; sec_to_close>=120; signed_move_5m>=60; signed_move_5m-margin>=0; sec>=600; margin_sigma<=0.5; score<=0.82; fade_ask<=45,regime55,veto,signed_move_5m,60.0,0.0,600.0,0.5,0.82,45.0,0,221,219,142,77,0.6484018264840182,0.9909502262443439,0.5831018188812981,59.0,59.1689497716895,64.0,0,0,857.457887,433.0,12958.0,13391.0,1242.0,809.0,0.09584812471060349,0.06041371070121723,3.6940639269406392,3.660633484162896,0.6114611872146118,0.03694063926940638,132,131,88,43,0.6717557251908397,0.9924242424242424,0.5874541794197865,59.0,59.87786259541985,65.0,0,0,857.277306,259.0,7844.0,8103.0,956.0,697.0,0.12187659357470679,0.08601752437368876,5.320610687022901,5.28030303030303,0.6185496183206107,0.053206106870228975,44,44,24,20,0.5454545454545454,1.0,0.40066183198961974,58.0,57.25,62.0,0,0,857.5131885000001,88.0,2519.0,2607.0,-119.0,-207.0,-0.04724096863834855,-0.07940161104718067,-4.704545454545454,-4.704545454545454,0.5925,-0.04704545454545461,45,44,30,14,0.6818181818181818,0.9777777777777777,0.5344310393781776,57.0,58.97727272727273,63.0,0,0,857.484057,86.0,2595.0,2681.0,405.0,319.0,0.15606936416184972,0.11898545318910854,7.25,7.088888888888889,0.6093181818181818,0.07250000000000001,True,False,False,0.9777777777777777,-4.704545454545454,-0.07940161104718067,0.2,1.0,-475.0,-1020.0,-745.0,True,False,False,False,False,0.9777777777777777,-10.59016393442623,-0.17245061398825415
current,regime55_veto_signed_move_5m_abs60_over20_sig0.75,veto; base=regime55; choose=score_regime_blend; score_regime_blend>=0.55; ask<=95; sec_to_close>=120; signed_move_5m>=60; signed_move_5m-margin>=20; sec>=600; margin_sigma<=0.75; score<=0.82; fade_ask<=45,regime55,veto,signed_move_5m,60.0,20.0,600.0,0.75,0.82,45.0,0,307,305,168,137,0.5508196721311476,0.993485342019544,0.4947092080938056,58.0,59.4327868852459,64.0,0,0,853.356,602.0,18127.0,18729.0,-1327.0,-1929.0,-0.07320571523142273,-0.10299535479737305,-6.324590163934427,-6.283387622149837,0.6140655737704919,-0.06324590163934429,184,182,99,83,0.5439560439560439,0.9891304347826086,0.4714335986295868,57.0,58.31318681318681,63.0,0,0,854.6695,361.0,10613.0,10974.0,-713.0,-1074.0,-0.06718175822104966,-0.09786768726079825,-5.9010989010989015,-5.836956521739131,0.6029670329670329,-0.059010989010989,61,61,31,30,0.5081967213114754,1.0,0.3860261849109116,58.0,59.40983606557377,65.0,0,0,853.165,122.0,3624.0,3746.0,-524.0,-646.0,-0.1445916114790287,-0.17245061398825415,-10.59016393442623,-10.59016393442623,0.6140983606557376,-0.10590163934426222,62,62,38,24,0.6129032258064516,1.0,0.48847843539018354,60.5,62.74193548387097,66.0,0,0,842.0525,119.0,3890.0,4009.0,-90.0,-209.0,-0.02313624678663239,-0.052132701421800945,-3.370967741935484,-3.370967741935484,0.6466129032258066,-0.03370967741935493,True,False,False,0.9891304347826086,-10.59016393442623,-0.17245061398825415,v21,veto; base=regime55; choose=score_regime_blend; score_regime_blend>=0.55; ask<=95; sec_to_close>=120; signed_move_5m>=60; signed_move_5m-margin>=20; sec>=600; margin_sigma<=0.75; score<=0.82; fade_ask<=45,regime55,veto,signed_move_5m,60.0,20.0,600.0,0.75,0.82,45.0,0,221,219,142,77,0.6484018264840182,0.9909502262443439,0.5831018188812981,59.0,59.23287671232877,64.0,0,0,857.457887,432.0,12972.0,13404.0,1228.0,796.0,0.0946654332408264,0.059385258131900924,3.634703196347032,3.6018099547511313,0.612054794520548,0.03634703196347022,132,131,88,43,0.6717557251908397,0.9924242424242424,0.5874541794197865,59.0,59.93129770992366,65.0,0,0,857.277306,258.0,7851.0,8109.0,949.0,691.0,0.12087632148770858,0.08521395979775558,5.2748091603053435,5.234848484848484,0.6190076335877863,0.05274809160305338,44,44,24,20,0.5454545454545454,1.0,0.40066183198961974,58.0,57.40909090909091,61.25,0,0,857.5131885000001,88.0,2526.0,2614.0,-126.0,-214.0,-0.0498812351543943,-0.08186687069625095,-4.863636363636363,-4.863636363636363,0.5940909090909091,-0.0486363636363637,45,44,30,14,0.6818181818181818,0.9777777777777777,0.5344310393781776,57.0,58.97727272727273,63.0,0,0,857.484057,86.0,2595.0,2681.0,405.0,319.0,0.15606936416184972,0.11898545318910854,7.25,7.088888888888889,0.6093181818181818,0.07250000000000001,True,False,False,0.9777777777777777,-4.863636363636363,-0.08186687069625095,0.2,1.0,-475.0,-1133.0,-750.0,True,False,False,False,False,0.9777777777777777,-10.59016393442623,-0.17245061398825415
current,regime55_veto_signed_move_5m_abs60_over40_sig0.75,veto; base=regime55; choose=score_regime_blend; score_regime_blend>=0.55; ask<=95; sec_to_close>=120; signed_move_5m>=60; signed_move_5m-margin>=40; sec>=600; margin_sigma<=0.75; score<=0.82; fade_ask<=45,regime55,veto,signed_move_5m,60.0,40.0,600.0,0.75,0.82,45.0,0,307,305,168,137,0.5508196721311476,0.993485342019544,0.4947092080938056,58.0,59.34098360655738,64.0,0,0,853.607,604.0,18099.0,18703.0,-1299.0,-1903.0,-0.0717719211006133,-0.10174838261241512,-6.239344262295082,-6.198697068403908,0.6132131147540983,-0.06239344262295077,184,182,99,83,0.5439560439560439,0.9891304347826086,0.4714335986295868,57.0,58.26373626373626,63.0,0,0,854.8655,361.0,10604.0,10965.0,-704.0,-1065.0,-0.06639004149377593,-0.09712722298221614,-5.851648351648351,-5.788043478260869,0.6024725274725276,-0.05851648351648364,61,61,31,30,0.5081967213114754,1.0,0.3860261849109116,58.0,59.557377049180324,66.0,0,0,853.356,122.0,3633.0,3755.0,-533.0,-655.0,-0.14671070740434902,-0.1744340878828229,-10.737704918032787,-10.737704918032787,0.6155737704918033,-0.10737704918032787,62,62,38,24,0.6129032258064516,1.0,0.48847843539018354,61.0,62.29032258064516,66.0,0,0,846.2760000000001,121.0,3862.0,3983.0,-62.0,-183.0,-0.01605385810460901,-0.045945267386392166,-2.9516129032258065,-2.9516129032258065,0.6424193548387097,-0.029516129032258087,True,False,False,0.9891304347826086,-10.737704918032787,-0.1744340878828229,v21,veto; base=regime55; choose=score_regime_blend; score_regime_blend>=0.55; ask<=95; sec_to_close>=120; signed_move_5m>=60; signed_move_5m-margin>=40; sec>=600; margin_sigma<=0.75; score<=0.82; fade_ask<=45,regime55,veto,signed_move_5m,60.0,40.0,600.0,0.75,0.82,45.0,0,221,219,141,78,0.6438356164383562,0.9909502262443439,0.5784344236231485,59.0,59.0958904109589,64.0,0,0,857.56849,434.0,12942.0,13376.0,1158.0,724.0,0.08947612424663885,0.054126794258373204,3.3059360730593608,3.276018099547511,0.6107762557077625,0.03305936073059368,132,131,87,44,0.6641221374045801,0.9924242424242424,0.5795924913457884,59.0,59.54961832061068,65.0,0,0,857.848468,260.0,7801.0,8061.0,899.0,639.0,0.11524163568773234,0.07927056196501675,4.877862595419847,4.840909090909091,0.6153435114503817,0.04877862595419846,44,44,24,20,0.5454545454545454,1.0,0.40066183198961974,58.0,57.63636363636363,62.0,0,0,857.5131885000001,88.0,2536.0,2624.0,-136.0,-224.0,-0.05362776025236593,-0.08536585365853659,-5.090909090909091,-5.090909090909091,0.5963636363636364,-0.050909090909091015,45,44,30,14,0.6818181818181818,0.9777777777777777,0.5344310393781776,57.5,59.20454545454545,63.0,0,0,857.875233,86.0,2605.0,2691.0,395.0,309.0,0.15163147792706333,0.11482720178372352,7.0227272727272725,6.866666666666666,0.6115909090909091,0.0702272727272727,True,False,False,0.9777777777777777,-5.090909090909091,-0.08536585365853659,0.2,1.0,-475.0,-1179.0,-753.0,True,False,False,False,False,0.9777777777777777,-10.737704918032787,-0.1744340878828229
current,regime55_veto_signed_move_5m_abs60_over40_sig0.5,veto; base=regime55; choose=score_regime_blend; score_regime_blend>=0.55; ask<=95; sec_to_close>=120; signed_move_5m>=60; signed_move_5m-margin>=40; sec>=600; margin_sigma<=0.5; score<=0.82; fade_ask<=45,regime55,veto,signed_move_5m,60.0,40.0,600.0,0.5,0.82,45.0,0,307,305,169,136,0.5540983606557377,0.993485342019544,0.4979852105869373,58.0,59.37377049180328,64.0,0,0,853.979,605.0,18109.0,18714.0,-1209.0,-1814.0,-0.06676238334529792,-0.09693277759965802,-5.947540983606557,-5.908794788273616,0.6135737704918033,-0.059475409836065585,184,182,100,82,0.5494505494505495,0.9891304347826086,0.47688710336363216,57.0,58.30769230769231,63.0,0,0,854.8655,361.0,10612.0,10973.0,-612.0,-973.0,-0.05767056162834527,-0.0886721953886813,-5.346153846153846,-5.288043478260869,0.6029120879120878,-0.05346153846153834,61,61,31,30,0.5081967213114754,1.0,0.3860261849109116,58.0,59.557377049180324,66.0,0,0,853.356,122.0,3633.0,3755.0,-533.0,-655.0,-0.14671070740434902,-0.1744340878828229,-10.737704918032787,-10.737704918032787,0.6155737704918033,-0.10737704918032787,62,62,38,24,0.6129032258064516,1.0,0.48847843539018354,61.0,62.32258064516129,66.0,0,0,850.3955000000001,122.0,3864.0,3986.0,-64.0,-186.0,-0.016563146997929608,-0.04666332162568992,-3.0,-3.0,0.6429032258064518,-0.030000000000000138,True,False,False,0.9891304347826086,-10.737704918032787,-0.1744340878828229,v21,veto; base=regime55; choose=score_regime_blend; score_regime_blend>=0.55; ask<=95; sec_to_close>=120; signed_move_5m>=60; signed_move_5m-margin>=40; sec>=600; margin_sigma<=0.5; score<=0.82; fade_ask<=45,regime55,veto,signed_move_5m,60.0,40.0,600.0,0.5,0.82,45.0,0,221,219,141,78,0.6438356164383562,0.9909502262443439,0.5784344236231485,59.0,59.114155251141554,64.0,0,0,857.56849,434.0,12946.0,13380.0,1154.0,720.0,0.0891395025490499,0.053811659192825115,3.287671232876712,3.257918552036199,0.6109589041095891,0.0328767123287671,132,131,87,44,0.6641221374045801,0.9924242424242424,0.5795924913457884,59.0,59.58015267175573,65.0,0,0,857.848468,260.0,7805.0,8065.0,895.0,635.0,0.11467008327994875,0.07873527588344699,4.847328244274809,4.8106060606060606,0.6156488549618321,0.04847328244274807,44,44,24,20,0.5454545454545454,1.0,0.40066183198961974,58.0,57.63636363636363,62.0,0,0,857.5131885000001,88.0,2536.0,2624.0,-136.0,-224.0,-0.05362776025236593,-0.08536585365853659,-5.090909090909091,-5.090909090909091,0.5963636363636364,-0.050909090909091015,45,44,30,14,0.6818181818181818,0.9777777777777777,0.5344310393781776,57.5,59.20454545454545,63.0,0,0,857.875233,86.0,2605.0,2691.0,395.0,309.0,0.15163147792706333,0.11482720178372352,7.0227272727272725,6.866666666666666,0.6115909090909091,0.0702272727272727,True,False,False,0.9777777777777777,-5.090909090909091,-0.08536585365853659,0.2,1.0,-475.0,-1094.0,-756.0,True,False,False,False,False,0.9777777777777777,-10.737704918032787,-0.1744340878828229
current,regime55_veto_signed_move_5m_abs60_over20_sig0.5,veto; base=regime55; choose=score_regime_blend; score_regime_blend>=0.55; ask<=95; sec_to_close>=120; signed_move_5m>=60; signed_move_5m-margin>=20; sec>=600; margin_sigma<=0.5; score<=0.82; fade_ask<=45,regime55,veto,signed_move_5m,60.0,20.0,600.0,0.5,0.82,45.0,0,307,305,169,136,0.5540983606557377,0.993485342019544,0.4979852105869373,58.0,59.42295081967213,64.0,0,0,853.358,605.0,18124.0,18729.0,-1224.0,-1829.0,-0.06753476053851247,-0.0976560414330717,-5.99672131147541,-5.957654723127036,0.6140655737704919,-0.05996721311475417,184,182,100,82,0.5494505494505495,0.9891304347826086,0.47688710336363216,57.5,58.3021978021978,63.0,0,0,854.6695,361.0,10611.0,10972.0,-611.0,-972.0,-0.057581754782772596,-0.08858913598250091,-5.34065934065934,-5.282608695652174,0.6028571428571429,-0.05340659340659337,61,61,31,30,0.5081967213114754,1.0,0.3860261849109116,58.0,59.40983606557377,65.0,0,0,853.165,122.0,3624.0,3746.0,-524.0,-646.0,-0.1445916114790287,-0.17245061398825415,-10.59016393442623,-10.59016393442623,0.6140983606557376,-0.10590163934426222,62,62,38,24,0.6129032258064516,1.0,0.48847843539018354,61.0,62.725806451612904,68.25,0,0,846.2760000000001,122.0,3889.0,4011.0,-89.0,-211.0,-0.022885060426844947,-0.05260533532784842,-3.403225806451613,-3.403225806451613,0.6469354838709679,-0.03403225806451626,True,False,False,0.9891304347826086,-10.59016393442623,-0.17245061398825415,v21,veto; base=regime55; choose=score_regime_blend; score_regime_blend>=0.55; ask<=95; sec_to_close>=120; signed_move_5m>=60; signed_move_5m-margin>=20; sec>=600; margin_sigma<=0.5; score<=0.82; fade_ask<=45,regime55,veto,signed_move_5m,60.0,20.0,600.0,0.5,0.82,45.0,0,221,219,142,77,0.6484018264840182,0.9909502262443439,0.5831018188812981,59.0,59.24657534246575,64.0,0,0,857.457887,433.0,12975.0,13408.0,1225.0,792.0,0.09441233140655106,0.05906921241050119,3.6164383561643834,3.583710407239819,0.6122374429223745,0.036164383561643754,132,131,88,43,0.6717557251908397,0.9924242424242424,0.5874541794197865,59.0,59.87786259541985,65.0,0,0,857.277306,259.0,7844.0,8103.0,956.0,697.0,0.12187659357470679,0.08601752437368876,5.320610687022901,5.28030303030303,0.6185496183206107,0.053206106870228975,44,44,24,20,0.5454545454545454,1.0,0.40066183198961974,58.0,57.63636363636363,62.0,0,0,857.5131885000001,88.0,2536.0,2624.0,-136.0,-224.0,-0.05362776025236593,-0.08536585365853659,-5.090909090909091,-5.090909090909091,0.5963636363636364,-0.050909090909091015,45,44,30,14,0.6818181818181818,0.9777777777777777,0.5344310393781776,57.0,58.97727272727273,63.0,0,0,857.484057,86.0,2595.0,2681.0,405.0,319.0,0.15606936416184972,0.11898545318910854,7.25,7.088888888888889,0.6093181818181818,0.07250000000000001,True,False,False,0.9777777777777777,-5.090909090909091,-0.08536585365853659,0.2,1.0,-475.0,-1037.0,-762.0,True,False,False,False,False,0.9777777777777777,-10.59016393442623,-0.17245061398825415
current,regime55_veto_signed_move_5m_abs40_over0_sig0.5,veto; base=regime55; choose=score_regime_blend; score_regime_blend>=0.55; ask<=95; sec_to_close>=120; signed_move_5m>=40; signed_move_5m-margin>=0; sec>=600; margin_sigma<=0.5; score<=0.82; fade_ask<=45,regime55,veto,signed_move_5m,40.0,0.0,600.0,0.5,0.82,45.0,0,307,305,172,133,0.5639344262295082,0.993485342019544,0.5078276974886166,59.0,60.18032786885246,65.0,0,0,839.94,604.0,18355.0,18959.0,-1155.0,-1759.0,-0.06292563334241351,-0.09277915501872462,-5.767213114754099,-5.729641693811075,0.6216065573770492,-0.057672131147540995,184,182,101,81,0.554945054945055,0.9891304347826086,0.48234923344870784,58.0,59.18681318681319,63.75,0,0,850.7675,360.0,10772.0,11132.0,-672.0,-1032.0,-0.06238395841069439,-0.09270571325907294,-5.670329670329671,-5.608695652173913,0.6116483516483516,-0.05670329670329666,61,61,32,29,0.5245901639344263,1.0,0.40157156924985693,58.0,59.868852459016395,66.0,0,0,839.499,122.0,3652.0,3774.0,-452.0,-574.0,-0.12376779846659365,-0.15209326974032855,-9.40983606557377,-9.40983606557377,0.618688524590164,-0.09409836065573773,62,62,39,23,0.6290322580645161,1.0,0.5045796412346052,61.0,63.403225806451616,70.75,0,0,835.34,122.0,3931.0,4053.0,-31.0,-153.0,-0.007886034088018317,-0.03774981495188749,-2.467741935483871,-2.467741935483871,0.6537096774193549,-0.024677419354838803,True,False,False,0.9891304347826086,-9.40983606557377,-0.15209326974032855,v21,veto; base=regime55; choose=score_regime_blend; score_regime_blend>=0.55; ask<=95; sec_to_close>=120; signed_move_5m>=40; signed_move_5m-margin>=0; sec>=600; margin_sigma<=0.5; score<=0.82; fade_ask<=45,regime55,veto,signed_move_5m,40.0,0.0,600.0,0.5,0.82,45.0,0,221,219,142,77,0.6484018264840182,0.9909502262443439,0.5831018188812981,59.0,60.538812785388124,66.0,0,0,839.812731,431.0,13258.0,13689.0,942.0,511.0,0.07105144063961381,0.037329242457447585,2.3333333333333335,2.3122171945701355,0.6250684931506849,0.023333333333333317,132,131,89,42,0.6793893129770993,0.9924242424242424,0.5953388097642381,60.0,61.396946564885496,67.5,0,0,839.67897,258.0,8043.0,8301.0,857.0,599.0,0.10655228148700734,0.07215998072521383,4.572519083969466,4.537878787878788,0.6336641221374045,0.04572519083969473,44,44,23,21,0.5227272727272727,1.0,0.3793546556062164,60.0,59.06818181818182,62.25,0,0,848.4165595,87.0,2599.0,2686.0,-299.0,-386.0,-0.11504424778761062,-0.14370811615785556,-8.772727272727273,-8.772727272727273,0.6104545454545455,-0.08772727272727276,45,44,30,14,0.6818181818181818,0.9777777777777777,0.5344310393781776,58.0,59.45454545454545,66.25,0,0,848.536615,86.0,2616.0,2702.0,384.0,298.0,0.14678899082568808,0.11028867505551443,6.7727272727272725,6.622222222222222,0.6140909090909091,0.06772727272727264,True,False,False,0.9777777777777777,-8.772727272727273,-0.14370811615785556,0.26666666666666666,1.0,-483.0,-1248.0,-815.0,True,False,False,False,False,0.9777777777777777,-9.40983606557377,-0.15209326974032855
current,regime55_veto_signed_move_5m_abs40_over20_sig0.75,veto; base=regime55; choose=score_regime_blend; score_regime_blend>=0.55; ask<=95; sec_to_close>=120; signed_move_5m>=40; signed_move_5m-margin>=20; sec>=600; margin_sigma<=0.75; score<=0.82; fade_ask<=45,regime55,veto,signed_move_5m,40.0,20.0,600.0,0.75,0.82,45.0,0,307,305,171,134,0.5606557377049181,0.993485342019544,0.5045444498287338,59.0,60.17704918032787,65.0,0,0,839.94,601.0,18354.0,18955.0,-1254.0,-1855.0,-0.06832298136645963,-0.09786336059087312,-6.081967213114754,-6.042345276872964,0.6214754098360656,-0.060819672131147584,184,182,100,82,0.5494505494505495,0.9891304347826086,0.47688710336363216,58.0,59.13186813186813,63.0,0,0,850.7675,360.0,10762.0,11122.0,-762.0,-1122.0,-0.07080468314439695,-0.10088113648624349,-6.164835164835165,-6.0978260869565215,0.6110989010989011,-0.061648351648351585,61,61,32,29,0.5245901639344263,1.0,0.40157156924985693,58.0,59.83606557377049,66.0,0,0,843.386,122.0,3650.0,3772.0,-450.0,-572.0,-0.1232876712328767,-0.15164369034994699,-9.37704918032787,-9.37704918032787,0.6183606557377049,-0.09377049180327868,62,62,39,23,0.6290322580645161,1.0,0.5045796412346052,61.0,63.58064516129032,70.75,0,0,832.3520000000001,119.0,3942.0,4061.0,-42.0,-161.0,-0.0106544901065449,-0.03964540753508988,-2.596774193548387,-2.596774193548387,0.6550000000000001,-0.025967741935484012,True,False,False,0.9891304347826086,-9.37704918032787,-0.15164369034994699,v21,veto; base=regime55; choose=score_regime_blend; score_regime_blend>=0.55; ask<=95; sec_to_close>=120; signed_move_5m>=40; signed_move_5m-margin>=20; sec>=600; margin_sigma<=0.75; score<=0.82; fade_ask<=45,regime55,veto,signed_move_5m,40.0,20.0,600.0,0.75,0.82,45.0,0,221,219,142,77,0.6484018264840182,0.9909502262443439,0.5831018188812981,60.0,60.461187214611876,65.0,0,0,839.812731,431.0,13241.0,13672.0,959.0,528.0,0.07242655388565818,0.03861907548273844,2.410958904109589,2.3891402714932126,0.6242922374429225,0.024109589041095725,132,131,89,42,0.6793893129770993,0.9924242424242424,0.5953388097642381,60.0,61.29770992366412,66.0,0,0,839.594941,258.0,8030.0,8288.0,870.0,612.0,0.10834371108343711,0.07384169884169885,4.67175572519084,4.636363636363637,0.6326717557251909,0.046717557251908404,44,44,23,21,0.5227272727272727,1.0,0.3793546556062164,60.0,58.97727272727273,62.0,0,0,848.4165595,87.0,2595.0,2682.0,-295.0,-382.0,-0.11368015414258188,-0.1424310216256525,-8.681818181818182,-8.681818181818182,0.6095454545454545,-0.0868181818181818,45,44,30,14,0.6818181818181818,0.9777777777777777,0.5344310393781776,58.0,59.45454545454545,66.25,0,0,848.536615,86.0,2616.0,2702.0,384.0,298.0,0.14678899082568808,0.11028867505551443,6.7727272727272725,6.622222222222222,0.6140909090909091,0.06772727272727264,True,False,False,0.9777777777777777,-8.681818181818182,-0.1424310216256525,0.26666666666666666,1.0,-484.0,-1327.0,-817.0,True,False,False,False,False,0.9777777777777777,-9.37704918032787,-0.15164369034994699
current,regime55_veto_signed_move_5m_abs40_over20_sig0.5,veto; base=regime55; choose=score_regime_blend; score_regime_blend>=0.55; ask<=95; sec_to_close>=120; signed_move_5m>=40; signed_move_5m-margin>=20; sec>=600; margin_sigma<=0.5; score<=0.82; fade_ask<=45,regime55,veto,signed_move_5m,40.0,20.0,600.0,0.5,0.82,45.0,0,307,305,172,133,0.5639344262295082,0.993485342019544,0.5078276974886166,59.0,60.157377049180326,65.0,0,0,840.095,604.0,18348.0,18952.0,-1148.0,-1752.0,-0.06256812731632876,-0.09244406922752216,-5.744262295081967,-5.706840390879479,0.6213770491803279,-0.0574426229508197,184,182,101,81,0.554945054945055,0.9891304347826086,0.48234923344870784,58.0,59.15934065934066,63.0,0,0,850.7675,360.0,10767.0,11127.0,-667.0,-1027.0,-0.06194854648462896,-0.0922980138402085,-5.642857142857143,-5.581521739130435,0.6113736263736264,-0.056428571428571384,61,61,32,29,0.5245901639344263,1.0,0.40157156924985693,58.0,59.83606557377049,66.0,0,0,843.386,122.0,3650.0,3772.0,-450.0,-572.0,-0.1232876712328767,-0.15164369034994699,-9.37704918032787,-9.37704918032787,0.6183606557377049,-0.09377049180327868,62,62,39,23,0.6290322580645161,1.0,0.5045796412346052,61.0,63.403225806451616,70.75,0,0,835.34,122.0,3931.0,4053.0,-31.0,-153.0,-0.007886034088018317,-0.03774981495188749,-2.467741935483871,-2.467741935483871,0.6537096774193549,-0.024677419354838803,True,False,False,0.9891304347826086,-9.37704918032787,-0.15164369034994699,v21,veto; base=regime55; choose=score_regime_blend; score_regime_blend>=0.55; ask<=95; sec_to_close>=120; signed_move_5m>=40; signed_move_5m-margin>=20; sec>=600; margin_sigma<=0.5; score<=0.82; fade_ask<=45,regime55,veto,signed_move_5m,40.0,20.0,600.0,0.5,0.82,45.0,0,221,219,142,77,0.6484018264840182,0.9909502262443439,0.5831018188812981,60.0,60.54337899543379,65.5,0,0,839.812731,432.0,13259.0,13691.0,941.0,509.0,0.07097066143751414,0.03717770798334672,2.324200913242009,2.3031674208144794,0.6251598173515983,0.023242009132419916,132,131,89,42,0.6793893129770993,0.9924242424242424,0.5953388097642381,60.0,61.274809160305345,66.5,0,0,839.67897,259.0,8027.0,8286.0,873.0,614.0,0.10875794194593248,0.07410089307265266,4.687022900763359,4.651515151515151,0.6325190839694657,0.0468702290076336,44,44,23,21,0.5227272727272727,1.0,0.3793546556062164,60.0,59.45454545454545,62.25,0,0,848.4165595,87.0,2616.0,2703.0,-316.0,-403.0,-0.12079510703363915,-0.14909359970403255,-9.159090909090908,-9.159090909090908,0.6143181818181819,-0.09159090909090917,45,44,30,14,0.6818181818181818,0.9777777777777777,0.5344310393781776,58.0,59.45454545454545,66.25,0,0,848.536615,86.0,2616.0,2702.0,384.0,298.0,0.14678899082568808,0.11028867505551443,6.7727272727272725,6.622222222222222,0.6140909090909091,0.06772727272727264,True,False,False,0.9777777777777777,-9.159090909090908,-0.14909359970403255,0.26666666666666666,1.0,-481.0,-1243.0,-830.0,True,False,False,False,False,0.9777777777777777,-9.37704918032787,-0.15164369034994699
current,regime55_veto_signed_move_5m_abs40_over0_sig0.75,veto; base=regime55; choose=score_regime_blend; score_regime_blend>=0.55; ask<=95; sec_to_close>=120; signed_move_5m>=40; signed_move_5m-margin>=0; sec>=600; margin_sigma<=0.75; score<=0.82; fade_ask<=45,regime55,veto,signed_move_5m,40.0,0.0,600.0,0.75,0.82,45.0,0,307,305,171,134,0.5606557377049181,0.993485342019544,0.5045444498287338,59.0,60.363934426229505,65.0,0,0,839.772,599.0,18411.0,19010.0,-1311.0,-1910.0,-0.07120743034055728,-0.10047343503419252,-6.262295081967213,-6.221498371335505,0.6232786885245902,-0.06262295081967217,184,182,100,82,0.5494505494505495,0.9891304347826086,0.47688710336363216,58.0,59.31318681318681,63.0,0,0,850.7675,359.0,10795.0,11154.0,-795.0,-1154.0,-0.07364520611394164,-0.10346064192218038,-6.34065934065934,-6.271739130434782,0.6128571428571428,-0.06340659340659327,61,61,32,29,0.5245901639344263,1.0,0.40157156924985693,58.0,59.868852459016395,66.0,0,0,839.499,122.0,3652.0,3774.0,-452.0,-574.0,-0.12376779846659365,-0.15209326974032855,-9.40983606557377,-9.40983606557377,0.618688524590164,-0.09409836065573773,62,62,39,23,0.6290322580645161,1.0,0.5045796412346052,61.0,63.935483870967744,71.0,0,0,832.3520000000001,118.0,3964.0,4082.0,-64.0,-182.0,-0.016145307769929364,-0.044585987261146494,-2.935483870967742,-2.935483870967742,0.6583870967741937,-0.02935483870967759,True,False,False,0.9891304347826086,-9.40983606557377,-0.15209326974032855,v21,veto; base=regime55; choose=score_regime_blend; score_regime_blend>=0.55; ask<=95; sec_to_close>=120; signed_move_5m>=40; signed_move_5m-margin>=0; sec>=600; margin_sigma<=0.75; score<=0.82; fade_ask<=45,regime55,veto,signed_move_5m,40.0,0.0,600.0,0.75,0.82,45.0,0,221,219,142,77,0.6484018264840182,0.9909502262443439,0.5831018188812981,59.0,60.64383561643836,65.0,0,0,839.799537,429.0,13281.0,13710.0,919.0,490.0,0.06919659664181914,0.03574033552151714,2.2374429223744294,2.2171945701357467,0.6260273972602741,0.022374429223744108,132,131,89,42,0.6793893129770993,0.9924242424242424,0.5953388097642381,60.0,61.587786259541986,67.0,0,0,839.529618,256.0,8068.0,8324.0,832.0,576.0,0.10312345066931086,0.0691975012013455,4.396946564885496,4.363636363636363,0.6354198473282443,0.043969465648854955,44,44,23,21,0.5227272727272727,1.0,0.3793546556062164,60.0,59.02272727272727,62.0,0,0,848.4165595,87.0,2597.0,2684.0,-297.0,-384.0,-0.11436272622256449,-0.14307004470938897,-8.727272727272727,-8.727272727272727,0.61,-0.08727272727272728,45,44,30,14,0.6818181818181818,0.9777777777777777,0.5344310393781776,58.0,59.45454545454545,66.25,0,0,848.536615,86.0,2616.0,2702.0,384.0,298.0,0.14678899082568808,0.11028867505551443,6.7727272727272725,6.622222222222222,0.6140909090909091,0.06772727272727264,True,False,False,0.9777777777777777,-8.727272727272727,-0.14307004470938897,0.26666666666666666,1.0,-484.0,-1420.0,-842.0,True,False,False,False,False,0.9777777777777777,-9.40983606557377,-0.15209326974032855
current,regime55_veto_impulse_3_5m_abs40_over40_sig0.5,veto; base=regime55; choose=score_regime_blend; score_regime_blend>=0.55; ask<=95; sec_to_close>=120; impulse_3_5m>=40; impulse_3_5m-margin>=40; sec>=600; margin_sigma<=0.5; score<=0.82; fade_ask<=45,regime55,veto,impulse_3_5m,40.0,40.0,600.0,0.5,0.82,45.0,0,307,305,170,135,0.5573770491803278,0.993485342019544,0.5012636227354222,59.0,60.33114754098361,65.0,0,0,850.033,604.0,18401.0,19005.0,-1401.0,-2005.0,-0.07613716645834466,-0.10549855301236517,-6.573770491803279,-6.530944625407166,0.6231147540983607,-0.06573770491803288,184,182,102,80,0.5604395604395604,0.9891304347826086,0.48782001832455435,59.0,59.38461538461539,63.0,0,0,851.311,360.0,10808.0,11168.0,-608.0,-968.0,-0.056254626202812734,-0.08667621776504297,-5.318681318681318,-5.260869565217392,0.6136263736263736,-0.053186813186813175,61,61,32,29,0.5245901639344263,1.0,0.40157156924985693,58.0,59.91803278688525,66.0,0,0,852.986,122.0,3655.0,3777.0,-455.0,-577.0,-0.12448700410396717,-0.15276674609478422,-9.459016393442623,-9.459016393442623,0.6191803278688524,-0.0945901639344261,62,62,36,26,0.5806451612903226,1.0,0.4566558474484658,61.0,63.516129032258064,70.0,0,0,837.4065,122.0,3938.0,4060.0,-338.0,-460.0,-0.08583037074657186,-0.11330049261083744,-7.419354838709677,-7.419354838709677,0.6548387096774194,-0.0741935483870968,True,False,False,0.9891304347826086,-9.459016393442623,-0.15276674609478422,v21,veto; base=regime55; choose=score_regime_blend; score_regime_blend>=0.55; ask<=95; sec_to_close>=120; impulse_3_5m>=40; impulse_3_5m-margin>=40; sec>=600; margin_sigma<=0.5; score<=0.82; fade_ask<=45,regime55,veto,impulse_3_5m,40.0,40.0,600.0,0.5,0.82,45.0,0,221,219,141,78,0.6438356164383562,0.9909502262443439,0.5784344236231485,60.0,60.269406392694066,65.0,0,0,839.866187,433.0,13199.0,13632.0,901.0,468.0,0.0682627471778165,0.03433098591549296,2.136986301369863,2.1176470588235294,0.6224657534246576,0.021369863013698587,132,131,87,44,0.6641221374045801,0.9924242424242424,0.5795924913457884,60.0,60.93129770992366,65.0,0,0,839.834279,260.0,7982.0,8242.0,718.0,458.0,0.08995239288398897,0.055569036641591844,3.49618320610687,3.4696969696969697,0.6291603053435113,0.03496183206106884,44,44,24,20,0.5454545454545454,1.0,0.40066183198961974,60.0,59.40909090909091,63.0,0,0,839.794217,87.0,2614.0,2701.0,-214.0,-301.0,-0.08186687069625095,-0.1114402073306183,-6.840909090909091,-6.840909090909091,0.6138636363636364,-0.06840909090909097,45,44,30,14,0.6818181818181818,0.9777777777777777,0.5344310393781776,57.5,59.15909090909091,63.0,0,0,857.484057,86.0,2603.0,2689.0,397.0,311.0,0.15251632731463696,0.11565637783562663,7.068181818181818,6.911111111111111,0.6111363636363637,0.07068181818181807,True,False,False,0.9777777777777777,-6.840909090909091,-0.1114402073306183,0.26666666666666666,1.0,-475.0,-1537.0,-1027.0,True,False,False,False,False,0.9777777777777777,-9.459016393442623,-0.15276674609478422
current,regime55_veto_impulse_3_5m_abs40_over40_sig0.75,veto; base=regime55; choose=score_regime_blend; score_regime_blend>=0.55; ask<=95; sec_to_close>=120; impulse_3_5m>=40; impulse_3_5m-margin>=40; sec>=600; margin_sigma<=0.75; score<=0.82; fade_ask<=45,regime55,veto,impulse_3_5m,40.0,40.0,600.0,0.75,0.82,45.0,0,307,305,169,136,0.5540983606557377,0.993485342019544,0.4979852105869373,59.0,60.337704918032784,65.0,0,0,849.001,602.0,18403.0,19005.0,-1503.0,-2105.0,-0.0816714666087051,-0.11076032622993949,-6.901639344262295,-6.856677524429967,0.6231147540983606,-0.06901639344262289,184,182,101,81,0.554945054945055,0.9891304347826086,0.48234923344870784,59.0,59.34065934065934,63.0,0,0,851.311,360.0,10800.0,11160.0,-700.0,-1060.0,-0.06481481481481481,-0.09498207885304659,-5.824175824175824,-5.760869565217392,0.6131868131868131,-0.058241758241758146,61,61,32,29,0.5245901639344263,1.0,0.40157156924985693,58.0,59.91803278688525,66.0,0,0,852.986,122.0,3655.0,3777.0,-455.0,-577.0,-0.12448700410396717,-0.15276674609478422,-9.459016393442623,-9.459016393442623,0.6191803278688524,-0.0945901639344261,62,62,36,26,0.5806451612903226,1.0,0.4566558474484658,61.0,63.67741935483871,70.75,0,0,836.2560000000001,120.0,3948.0,4068.0,-348.0,-468.0,-0.08814589665653495,-0.11504424778761062,-7.548387096774194,-7.548387096774194,0.6561290322580645,-0.0754838709677419,True,False,False,0.9891304347826086,-9.459016393442623,-0.15276674609478422,v21,veto; base=regime55; choose=score_regime_blend; score_regime_blend>=0.55; ask<=95; sec_to_close>=120; impulse_3_5m>=40; impulse_3_5m-margin>=40; sec>=600; margin_sigma<=0.75; score<=0.82; fade_ask<=45,regime55,veto,impulse_3_5m,40.0,40.0,600.0,0.75,0.82,45.0,0,221,219,141,78,0.6438356164383562,0.9909502262443439,0.5784344236231485,59.0,60.25114155251141,65.0,0,0,839.866187,433.0,13195.0,13628.0,905.0,472.0,0.06858658582796513,0.034634575873202234,2.1552511415525113,2.1357466063348416,0.622283105022831,0.021552511415525166,132,131,87,44,0.6641221374045801,0.9924242424242424,0.5795924913457884,60.0,60.900763358778626,65.0,0,0,839.834279,260.0,7978.0,8238.0,722.0,462.0,0.09049887189771873,0.056081573197378005,3.5267175572519083,3.5,0.628854961832061,0.03526717557251913,44,44,24,20,0.5454545454545454,1.0,0.40066183198961974,60.0,59.40909090909091,63.0,0,0,839.794217,87.0,2614.0,2701.0,-214.0,-301.0,-0.08186687069625095,-0.1114402073306183,-6.840909090909091,-6.840909090909091,0.6138636363636364,-0.06840909090909097,45,44,30,14,0.6818181818181818,0.9777777777777777,0.5344310393781776,57.5,59.15909090909091,63.0,0,0,857.484057,86.0,2603.0,2689.0,397.0,311.0,0.15251632731463696,0.11565637783562663,7.068181818181818,6.911111111111111,0.6111363636363637,0.07068181818181807,True,False,False,0.9777777777777777,-6.840909090909091,-0.1114402073306183,0.26666666666666666,1.0,-475.0,-1633.0,-1035.0,True,False,False,False,False,0.9777777777777777,-9.459016393442623,-0.15276674609478422
current,regime55_veto_signed_move_5m_abs40_over40_sig0.75,veto; base=regime55; choose=score_regime_blend; score_regime_blend>=0.55; ask<=95; sec_to_close>=120; signed_move_5m>=40; signed_move_5m-margin>=40; sec>=600; margin_sigma<=0.75; score<=0.82; fade_ask<=45,regime55,veto,signed_move_5m,40.0,40.0,600.0,0.75,0.82,45.0,0,307,305,168,137,0.5508196721311476,0.993485342019544,0.4947092080938056,59.0,59.84918032786885,64.0,0,0,851.447,603.0,18254.0,18857.0,-1454.0,-2057.0,-0.07965377451517476,-0.10908415972848279,-6.744262295081967,-6.700325732899023,0.6182622950819673,-0.06744262295081971,184,182,100,82,0.5494505494505495,0.9891304347826086,0.47688710336363216,58.0,58.862637362637365,63.0,0,0,852.19,360.0,10713.0,11073.0,-713.0,-1073.0,-0.06655465322505368,-0.09690237514675336,-5.895604395604396,-5.831521739130435,0.6084065934065933,-0.05895604395604381,61,61,32,29,0.5245901639344263,1.0,0.40157156924985693,58.0,59.91803278688525,66.0,0,0,852.986,122.0,3655.0,3777.0,-455.0,-577.0,-0.12448700410396717,-0.15276674609478422,-9.459016393442623,-9.459016393442623,0.6191803278688524,-0.0945901639344261,62,62,36,26,0.5806451612903226,1.0,0.4566558474484658,61.0,62.67741935483871,67.5,0,0,838.565,121.0,3886.0,4007.0,-286.0,-407.0,-0.07359752959341224,-0.10157224856501124,-6.564516129032258,-6.564516129032258,0.6462903225806452,-0.0656451612903226,True,False,False,0.9891304347826086,-9.459016393442623,-0.15276674609478422,v21,veto; base=regime55; choose=score_regime_blend; score_regime_blend>=0.55; ask<=95; sec_to_close>=120; signed_move_5m>=40; signed_move_5m-margin>=40; sec>=600; margin_sigma<=0.75; score<=0.82; fade_ask<=45,regime55,veto,signed_move_5m,40.0,40.0,600.0,0.75,0.82,45.0,0,221,219,142,77,0.6484018264840182,0.9909502262443439,0.5831018188812981,59.0,59.77168949771689,65.0,0,0,839.96035,433.0,13090.0,13523.0,1110.0,677.0,0.08479755538579067,0.05006285587517563,3.0913242009132422,3.063348416289593,0.6174885844748857,0.03091324200913248,132,131,89,42,0.6793893129770993,0.9924242424242424,0.5953388097642381,59.0,60.14503816793893,65.0,0,0,839.922449,260.0,7879.0,8139.0,1021.0,761.0,0.12958497271227312,0.093500430028259,5.809160305343512,5.765151515151516,0.6212977099236641,0.05809160305343519,44,44,23,21,0.5227272727272727,1.0,0.3793546556062164,60.0,59.27272727272727,63.0,0,0,848.4165595,87.0,2608.0,2695.0,-308.0,-395.0,-0.11809815950920245,-0.14656771799628943,-8.977272727272727,-8.977272727272727,0.6125,-0.08977272727272734,45,44,30,14,0.6818181818181818,0.9777777777777777,0.5344310393781776,57.5,59.15909090909091,63.0,0,0,857.484057,86.0,2603.0,2689.0,397.0,311.0,0.15251632731463696,0.11565637783562663,7.068181818181818,6.911111111111111,0.6111363636363637,0.07068181818181807,True,False,False,0.9777777777777777,-8.977272727272727,-0.14656771799628943,0.2,1.0,-475.0,-1380.0,-1068.0,True,False,False,False,False,0.9777777777777777,-9.459016393442623,-0.15276674609478422
current,regime55_veto_signed_move_5m_abs40_over40_sig0.5,veto; base=regime55; choose=score_regime_blend; score_regime_blend>=0.55; ask<=95; sec_to_close>=120; signed_move_5m>=40; signed_move_5m-margin>=40; sec>=600; margin_sigma<=0.5; score<=0.82; fade_ask<=45,regime55,veto,signed_move_5m,40.0,40.0,600.0,0.5,0.82,45.0,0,307,305,169,136,0.5540983606557377,0.993485342019544,0.4979852105869373,59.0,59.881967213114756,65.0,0,0,851.541,604.0,18264.0,18868.0,-1364.0,-1968.0,-0.07468243539202803,-0.10430358278566886,-6.452459016393442,-6.41042345276873,0.6186229508196721,-0.06452459016393441,184,182,101,81,0.554945054945055,0.9891304347826086,0.48234923344870784,58.0,58.90659340659341,63.0,0,0,852.19,360.0,10721.0,11081.0,-621.0,-981.0,-0.057923701147281036,-0.08852991607255663,-5.3901098901098905,-5.331521739130435,0.6088461538461538,-0.05390109890109884,61,61,32,29,0.5245901639344263,1.0,0.40157156924985693,58.0,59.91803278688525,66.0,0,0,852.986,122.0,3655.0,3777.0,-455.0,-577.0,-0.12448700410396717,-0.15276674609478422,-9.459016393442623,-9.459016393442623,0.6191803278688524,-0.0945901639344261,62,62,36,26,0.5806451612903226,1.0,0.4566558474484658,61.0,62.70967741935484,67.5,0,0,839.267,122.0,3888.0,4010.0,-288.0,-410.0,-0.07407407407407407,-0.10224438902743142,-6.612903225806452,-6.612903225806452,0.6467741935483873,-0.06612903225806466,True,False,False,0.9891304347826086,-9.459016393442623,-0.15276674609478422,v21,veto; base=regime55; choose=score_regime_blend; score_regime_blend>=0.55; ask<=95; sec_to_close>=120; signed_move_5m>=40; signed_move_5m-margin>=40; sec>=600; margin_sigma<=0.5; score<=0.82; fade_ask<=45,regime55,veto,signed_move_5m,40.0,40.0,600.0,0.5,0.82,45.0,0,221,219,142,77,0.6484018264840182,0.9909502262443439,0.5831018188812981,59.0,59.789954337899545,65.0,0,0,839.96035,433.0,13094.0,13527.0,1106.0,673.0,0.0844661677104017,0.04975234715753678,3.0730593607305936,3.0452488687782804,0.6176712328767123,0.0307305936073059,132,131,89,42,0.6793893129770993,0.9924242424242424,0.5953388097642381,59.0,60.17557251908397,65.0,0,0,839.922449,260.0,7883.0,8143.0,1017.0,757.0,0.129011797539008,0.0929632813459413,5.778625954198473,5.734848484848484,0.6216030534351146,0.057786259541984686,44,44,23,21,0.5227272727272727,1.0,0.3793546556062164,60.0,59.27272727272727,63.0,0,0,848.4165595,87.0,2608.0,2695.0,-308.0,-395.0,-0.11809815950920245,-0.14656771799628943,-8.977272727272727,-8.977272727272727,0.6125,-0.08977272727272734,45,44,30,14,0.6818181818181818,0.9777777777777777,0.5344310393781776,57.5,59.15909090909091,63.0,0,0,857.484057,86.0,2603.0,2689.0,397.0,311.0,0.15251632731463696,0.11565637783562663,7.068181818181818,6.911111111111111,0.6111363636363637,0.07068181818181807,True,False,False,0.9777777777777777,-8.977272727272727,-0.14656771799628943,0.26666666666666666,1.0,-475.0,-1295.0,-1071.0,True,False,False,False,False,0.9777777777777777,-9.459016393442623,-0.15276674609478422
current,regime55_baseline,baseline; base=regime55; choose=score_regime_blend; score_regime_blend>=0.55; ask<=95; sec_to_close>=120; impulse_3_5m>=10000; impulse_3_5m-margin>=10000; sec>=120; margin_sigma<=10000; score<=1; fade_ask<=45,regime55,baseline,impulse_3_5m,10000.0,10000.0,120.0,10000.0,1.0,45.0,0,307,305,159,146,0.521311475409836,0.993485342019544,0.4653329077320639,57.0,57.721311475409834,62.0,0,0,860.111,607.0,17605.0,18212.0,-1705.0,-2312.0,-0.09684748650951434,-0.1269492642213925,-7.580327868852459,-7.530944625407166,0.5971147540983607,-0.07580327868852466,184,182,98,84,0.5384615384615384,0.9891304347826086,0.46598869304695534,56.0,56.857142857142854,61.0,0,0,860.1120000000001,363.0,10348.0,10711.0,-548.0,-911.0,-0.052957093158098184,-0.08505274950984969,-5.0054945054945055,-4.951086956521739,0.5885164835164834,-0.05005494505494501,61,61,28,33,0.45901639344262296,1.0,0.34012932293855763,57.0,58.32786885245902,65.0,0,0,857.704,122.0,3558.0,3680.0,-758.0,-880.0,-0.21304103428892637,-0.2391304347826087,-14.426229508196721,-14.426229508196721,0.6032786885245901,-0.14426229508196714,62,62,33,29,0.532258064516129,1.0,0.40984032508164014,58.5,59.66129032258065,62.0,0,0,862.427,122.0,3699.0,3821.0,-399.0,-521.0,-0.10786699107866991,-0.13635174038209893,-8.403225806451612,-8.403225806451612,0.6162903225806453,-0.08403225806451631,True,False,False,0.9891304347826086,-14.426229508196721,-0.2391304347826087,v21,baseline; base=regime55; choose=score_regime_blend; score_regime_blend>=0.55; ask<=95; sec_to_close>=120; impulse_3_5m>=10000; impulse_3_5m-margin>=10000; sec>=120; margin_sigma<=10000; score<=1; fade_ask<=45,regime55,baseline,impulse_3_5m,10000.0,10000.0,120.0,10000.0,1.0,45.0,0,221,219,136,83,0.6210045662100456,0.9909502262443439,0.5551881390598166,56.0,57.22831050228311,61.5,0,0,862.586004,435.0,12533.0,12968.0,1067.0,632.0,0.08513524295858932,0.048735348550277606,2.8858447488584473,2.8597285067873304,0.5921461187214612,0.02885844748858446,132,131,81,50,0.6183206106870229,0.9924242424242424,0.5328845682964198,56.0,57.030534351145036,62.0,0,0,864.327108,261.0,7471.0,7732.0,629.0,368.0,0.08419220987819569,0.04759441282979824,2.8091603053435112,2.787878787878788,0.5902290076335878,0.028091603053435166,44,44,26,18,0.5909090909090909,1.0,0.444097537410319,55.5,55.95454545454545,60.25,0,0,862.8226035,88.0,2462.0,2550.0,138.0,50.0,0.056051990251827784,0.0196078431372549,1.1363636363636365,1.1363636363636365,0.5795454545454546,0.011363636363636354,45,44,29,15,0.6590909090909091,0.9777777777777777,0.5113914121793824,58.0,59.09090909090909,63.0,0,0,858.221184,86.0,2600.0,2686.0,300.0,214.0,0.11538461538461539,0.07967237527922562,4.863636363636363,4.7555555555555555,0.6104545454545455,0.04863636363636359,True,True,True,0.9777777777777777,1.1363636363636365,0.0196078431372549,0.26666666666666666,1.0,-561.0,-1680.0,-1137.0,True,False,False,False,False,0.9777777777777777,-14.426229508196721,-0.2391304347826087
