rule,suppressed_exits,suppressed_share,adjusted_net_dollars,delta_vs_branch_actual_dollars,hurtful_exits_suppressed,helpful_exits_suppressed,train_adjusted_net,validation_adjusted_net,holdout_adjusted_net,train_suppressed,validation_suppressed,holdout_suppressed,all_splits_nonworse,diagnostic_pass
suppress_collapse_exit_if_exit_sigma_t_dollars>=75,23,0.4339622641509434,-18.979181999999998,12.710818000000003,17,6,-6.99918,-11.730002000000002,-0.25000000000000006,10,9,4,True,True
suppress_collapse_exit_if_exit_entry_basis_cents>=65 AND exit_sigma_t_dollars>=75,21,0.39622641509433965,-19.079182,12.610818000000002,16,5,-6.99918,-11.830002,-0.25000000000000006,10,7,4,True,True
suppress_collapse_exit_if_exit_sigma_t_dollars>=75 AND entry_to_exit_loss_cents>=10,19,0.3584905660377358,-20.409182,11.280818,14,5,-7.59918,-11.830002,-0.98,9,7,3,True,True
suppress_collapse_exit_if_exit_entry_basis_cents>=70 AND exit_sigma_t_dollars>=75,18,0.33962264150943394,-21.489182,10.200818000000002,14,4,-7.9791799999999995,-13.260002,-0.25000000000000006,9,5,4,True,True
suppress_collapse_exit_if_exit_exit_bid_cents>=50 AND exit_sigma_t_dollars>=75,19,0.3584905660377358,-22.419182,9.270818000000002,15,4,-6.07918,-16.090002000000002,-0.25000000000000006,9,6,4,True,True
suppress_collapse_exit_if_exit_sigma_t_dollars>=75 AND position_seconds<=180,20,0.37735849056603776,-22.70918,8.980820000000001,15,5,-6.99918,-15.46,-0.25000000000000006,10,6,4,True,True
suppress_collapse_exit_if_exit_fair_drawdown_cents<=18 AND exit_sigma_t_dollars>=75,16,0.3018867924528302,-22.98918,8.70082,13,3,-5.859179999999999,-16.160000000000004,-0.97,7,6,3,True,True
suppress_collapse_exit_if_exit_sigma_t_dollars>=75 AND fair_minus_exit_bid_cents>=0,18,0.33962264150943394,-23.079179999999997,8.610820000000004,13,5,-7.379179999999999,-14.73,-0.97,7,8,3,True,True
suppress_collapse_exit_if_exit_sigma_t_dollars>=75 AND entry_to_exit_loss_cents>=15,13,0.24528301886792453,-23.259182000000003,8.430817999999999,9,4,-10.909180000000001,-10.600002,-1.7499999999999998,5,6,2,True,True
suppress_collapse_exit_if_exit_sigma_t_dollars>=50 AND fair_minus_exit_bid_cents>=15,6,0.11320754716981132,-23.330000000000002,8.36,5,1,-8.62,-11.43,-3.2800000000000002,2,4,0,True,True
suppress_collapse_exit_if_exit_sigma_t_dollars>=75 AND exit_btc_age_ms<=100,5,0.09433962264150944,-24.480002000000002,7.209997999999999,5,0,-10.01,-11.190002,-3.2800000000000002,2,3,0,True,True
suppress_collapse_exit_if_exit_fair_drawdown_cents<=8 AND exit_sigma_t_dollars>=50,9,0.16981132075471697,-24.51,7.18,8,1,-6.0200000000000005,-16.71,-1.78,5,2,2,True,True
suppress_collapse_exit_if_exit_entry_basis_cents>=65 AND exit_fair_drawdown_cents<=8,7,0.1320754716981132,-24.610000000000003,7.079999999999998,7,0,-6.0200000000000005,-16.810000000000002,-1.78,5,0,2,True,True
suppress_collapse_exit_if_exit_entry_basis_cents>=65 AND position_seconds<=45,26,0.49056603773584906,-24.709999999999997,6.980000000000004,18,8,-5.920000000000001,-15.88,-2.9099999999999997,16,3,7,True,True
suppress_collapse_exit_if_exit_entry_basis_cents>=75 AND exit_sigma_t_dollars>=75,14,0.2641509433962264,-24.829182,6.860818000000002,11,3,-7.65918,-16.190002000000003,-0.98,7,4,3,True,True
suppress_collapse_exit_if_exit_p_hold>=0.6 AND exit_fair_drawdown_cents<=8,10,0.18867924528301888,-25.130000000000003,6.559999999999999,8,2,-7.6000000000000005,-15.75,-1.78,7,1,2,True,True
suppress_collapse_exit_if_exit_entry_basis_cents>=65 AND fair_minus_exit_bid_cents>=15,6,0.11320754716981132,-25.240000000000002,6.449999999999999,4,2,-8.62,-13.34,-3.2800000000000002,2,4,0,True,True
suppress_collapse_exit_if_exit_sigma_t_dollars>=75 AND exit_btc_age_ms>=500,8,0.1509433962264151,-25.309999999999995,6.380000000000006,7,1,-9.95,-15.11,-0.25000000000000006,2,2,4,True,True
suppress_collapse_exit_if_exit_sigma_t_dollars>=75 AND exit_btc_age_ms<=500,15,0.2830188679245283,-25.359182,6.330818000000001,10,5,-8.64918,-13.430002000000002,-3.2800000000000002,8,7,0,True,True
suppress_collapse_exit_if_exit_exit_bid_cents>=50 AND exit_fair_drawdown_cents<=8,10,0.18867924528301888,-25.51,6.18,8,2,-7.0200000000000005,-16.71,-1.78,6,2,2,True,True
suppress_collapse_exit_if_exit_sigma_t_dollars>=75 AND position_seconds>=90,5,0.09433962264150944,-25.850002,5.839998000000001,4,1,-11.6,-10.970002000000001,-3.2800000000000002,0,5,0,True,True
suppress_collapse_exit_if_exit_sigma_t_dollars>=75 AND fair_minus_exit_bid_cents>=5,10,0.18867924528301888,-25.890000000000004,5.799999999999997,7,3,-9.88,-13.5,-2.51,2,7,1,True,True
suppress_collapse_exit_if_exit_btc_age_ms<=100 AND entry_to_exit_loss_cents>=20,9,0.16981132075471697,-25.920002,5.769998000000001,6,3,-10.62,-12.020002000000002,-3.2800000000000002,4,5,0,True,True
suppress_collapse_exit_if_exit_fair_drawdown_cents<=8 AND entry_to_exit_loss_cents>=10,6,0.11320754716981132,-25.970000000000002,5.719999999999999,5,1,-6.65,-16.810000000000002,-2.51,5,0,1,True,True
suppress_collapse_exit_if_exit_sigma_t_dollars>=75 AND fair_minus_exit_bid_cents>=15,3,0.05660377358490566,-26.130000000000003,5.559999999999999,3,0,-11.6,-11.25,-3.2800000000000002,0,3,0,True,True
suppress_collapse_exit_if_exit_fair_drawdown_cents<=4 AND exit_sigma_t_dollars>=50,7,0.1320754716981132,-26.26,5.43,6,1,-7.000000000000001,-16.71,-2.55,4,2,1,True,True
suppress_collapse_exit_if_exit_p_hold>=0.65 AND exit_fair_drawdown_cents<=8,7,0.1320754716981132,-26.31,5.380000000000003,6,1,-8.78,-15.75,-1.78,4,1,2,True,True
suppress_collapse_exit_if_exit_entry_basis_cents>=65 AND exit_fair_drawdown_cents<=4,5,0.09433962264150944,-26.360000000000003,5.329999999999998,5,0,-7.000000000000001,-16.810000000000002,-2.55,4,0,1,True,True
suppress_collapse_exit_if_exit_fair_drawdown_cents>=20 AND exit_btc_age_ms<=100,4,0.07547169811320754,-26.600002000000003,5.089997999999998,3,1,-10.749999999999998,-12.570001999999999,-3.2800000000000002,1,3,0,True,True
suppress_collapse_exit_if_exit_exit_bid_cents>=55 AND exit_fair_drawdown_cents<=8,5,0.09433962264150944,-26.66,5.030000000000001,5,0,-8.07,-16.810000000000002,-1.78,3,0,2,True,True
suppress_collapse_exit_if_exit_fair_drawdown_cents<=18 AND exit_sigma_t_dollars>=100,8,0.1509433962264151,-26.700000000000003,4.989999999999998,7,1,-7.76,-15.66,-3.2800000000000002,5,3,0,True,True
suppress_collapse_exit_if_exit_fair_drawdown_cents<=8 AND fair_minus_exit_bid_cents>=0,11,0.20754716981132076,-26.720000000000002,4.969999999999999,7,4,-8.23,-16.71,-1.78,7,2,2,True,True
suppress_collapse_exit_if_exit_p_hold>=0.6 AND exit_sigma_t_dollars>=100,6,0.11320754716981132,-26.790000000000003,4.899999999999999,6,0,-7.76,-15.75,-3.2800000000000002,5,1,0,True,True
suppress_collapse_exit_if_exit_entry_basis_cents>=80 AND exit_sigma_t_dollars>=75,7,0.1320754716981132,-26.819181999999998,4.870818000000003,6,1,-8.249179999999999,-16.010002,-2.5600000000000005,4,2,1,True,True
suppress_collapse_exit_if_exit_p_hold>=0.6 AND exit_fair_drawdown_cents<=4,8,0.1509433962264151,-26.880000000000003,4.809999999999999,6,2,-8.58,-15.75,-2.55,6,1,1,True,True
suppress_collapse_exit_if_exit_p_hold>=0.7 AND exit_fair_drawdown_cents<=12,7,0.1320754716981132,-26.900000000000002,4.789999999999999,6,1,-8.309999999999999,-16.810000000000002,-1.78,5,0,2,True,True
suppress_collapse_exit_if_exit_p_hold>=0.65 AND exit_fair_drawdown_cents<=4,6,0.11320754716981132,-27.080000000000002,4.609999999999999,5,1,-8.78,-15.75,-2.55,4,1,1,True,True
suppress_collapse_exit_if_exit_fair_drawdown_cents<=8,13,0.24528301886792453,-27.120000000000005,4.569999999999997,8,5,-8.63,-16.71,-1.78,9,2,2,True,True
suppress_collapse_exit_if_exit_fair_drawdown_cents<=8 AND position_seconds<=180,13,0.24528301886792453,-27.120000000000005,4.569999999999997,8,5,-8.63,-16.71,-1.78,9,2,2,True,True
suppress_collapse_exit_if_exit_sigma_t_dollars>=75 AND exit_btc_age_ms<=300,12,0.22641509433962265,-27.129182000000004,4.560817999999998,8,4,-9.49918,-14.350002,-3.2800000000000002,7,5,0,True,True
suppress_collapse_exit_if_exit_entry_basis_cents>=80 AND exit_btc_age_ms<=300,10,0.18867924528301888,-27.169182000000003,4.5208179999999984,7,3,-8.369179999999998,-15.520002,-3.2800000000000002,6,4,0,True,True
suppress_collapse_exit_if_exit_entry_basis_cents>=80 AND exit_btc_age_ms<=500,10,0.18867924528301888,-27.169182000000003,4.5208179999999984,7,3,-8.369179999999998,-15.520002,-3.2800000000000002,6,4,0,True,True
suppress_collapse_exit_if_exit_entry_basis_cents>=70 AND position_seconds<=45,22,0.41509433962264153,-27.189999999999994,4.500000000000007,15,7,-8.95,-15.88,-2.3600000000000003,13,3,6,True,True
suppress_collapse_exit_if_exit_p_hold>=0.7 AND position_seconds<=180,9,0.16981132075471697,-27.20918,4.480820000000001,7,2,-8.61918,-16.810000000000002,-1.78,7,0,2,True,True
suppress_collapse_exit_if_exit_entry_basis_cents<=70 AND exit_p_hold>=0.6,7,0.1320754716981132,-27.23,4.460000000000001,5,2,-8.2,-15.75,-3.2800000000000002,6,1,0,True,True
suppress_collapse_exit_if_exit_exit_bid_cents>=50 AND exit_fair_drawdown_cents<=4,8,0.1509433962264151,-27.26,4.43,6,2,-8.0,-16.71,-2.55,5,2,1,True,True
suppress_collapse_exit_if_exit_sigma_t_dollars>=100 AND fair_minus_exit_bid_cents>=0,7,0.1320754716981132,-27.3,4.390000000000001,6,1,-8.36,-15.66,-3.2800000000000002,4,3,0,True,True
suppress_collapse_exit_if_exit_exit_bid_cents<=45 AND exit_sigma_t_dollars>=75,3,0.05660377358490566,-27.330000000000002,4.359999999999999,2,1,-11.6,-12.45,-3.2800000000000002,0,3,0,True,True
suppress_collapse_exit_if_exit_fair_drawdown_cents<=8 AND fair_minus_exit_bid_cents>=5,10,0.18867924528301888,-27.45,4.240000000000002,6,4,-8.23,-16.71,-2.51,7,2,1,True,True
suppress_collapse_exit_if_exit_p_hold>=0.7 AND exit_fair_drawdown_cents<=10,6,0.11320754716981132,-27.57,4.120000000000001,5,1,-8.979999999999999,-16.810000000000002,-1.78,4,0,2,True,True
suppress_collapse_exit_if_exit_sigma_t_dollars>=75 AND fair_minus_exit_bid_cents<=0,5,0.09433962264150944,-27.590002,4.099998000000003,4,1,-11.22,-13.810002,-2.5600000000000005,3,1,1,True,True
suppress_collapse_exit_if_exit_exit_bid_cents>=50 AND fair_minus_exit_bid_cents>=15,3,0.05660377358490566,-27.650000000000002,4.039999999999999,3,0,-8.62,-15.75,-3.2800000000000002,2,1,0,True,True
suppress_collapse_exit_if_exit_fair_drawdown_cents<=4 AND entry_to_exit_loss_cents>=10,3,0.05660377358490566,-27.69,4.0,3,0,-7.6000000000000005,-16.810000000000002,-3.2800000000000002,3,0,0,True,True
suppress_collapse_exit_if_exit_fair_drawdown_cents<=15 AND exit_sigma_t_dollars>=100,7,0.1320754716981132,-27.750000000000004,3.9399999999999977,6,1,-7.76,-16.71,-3.2800000000000002,5,2,0,True,True
suppress_collapse_exit_if_exit_sigma_t_dollars>=100,9,0.16981132075471697,-27.77,3.9200000000000017,7,2,-8.830000000000002,-15.66,-3.2800000000000002,6,3,0,True,True
suppress_collapse_exit_if_exit_exit_bid_cents>=50 AND exit_sigma_t_dollars>=100,9,0.16981132075471697,-27.77,3.9200000000000017,7,2,-8.830000000000002,-15.66,-3.2800000000000002,6,3,0,True,True
suppress_collapse_exit_if_exit_sigma_t_dollars>=100 AND position_seconds<=180,9,0.16981132075471697,-27.77,3.9200000000000017,7,2,-8.830000000000002,-15.66,-3.2800000000000002,6,3,0,True,True
suppress_collapse_exit_if_exit_btc_age_ms<=300 AND fair_minus_exit_bid_cents>=15,5,0.09433962264150944,-27.820000000000004,3.8699999999999974,3,2,-8.62,-15.919999999999998,-3.2800000000000002,2,3,0,True,True
suppress_collapse_exit_if_exit_entry_basis_cents>=65 AND exit_sigma_t_dollars>=100,7,0.1320754716981132,-27.87,3.8200000000000003,6,1,-8.830000000000002,-15.760000000000002,-3.2800000000000002,6,1,0,True,True
suppress_collapse_exit_if_exit_sigma_t_dollars>=50 AND exit_btc_age_ms>=500,14,0.2641509433962264,-27.909999999999997,3.7800000000000047,9,5,-10.309999999999999,-16.290000000000003,-1.3099999999999998,4,5,5,True,True
suppress_collapse_exit_if_exit_sigma_t_dollars>=75 AND position_seconds>=180,3,0.05660377358490566,-27.960002000000003,3.7299979999999984,2,1,-11.6,-13.080002,-3.2800000000000002,0,3,0,True,True
suppress_collapse_exit_if_exit_sigma_t_dollars>=75 AND fair_minus_exit_bid_cents>=10,4,0.07547169811320754,-28.330000000000002,3.3599999999999994,3,1,-11.6,-13.45,-3.2800000000000002,0,4,0,True,True
suppress_collapse_exit_if_exit_p_hold>=0.68 AND exit_fair_drawdown_cents<=8,5,0.09433962264150944,-28.380000000000003,3.3099999999999987,4,1,-9.790000000000001,-16.810000000000002,-1.78,3,0,2,True,True
suppress_collapse_exit_if_exit_p_hold>=0.7 AND exit_fair_drawdown_cents<=8,5,0.09433962264150944,-28.380000000000003,3.3099999999999987,4,1,-9.790000000000001,-16.810000000000002,-1.78,3,0,2,True,True
suppress_collapse_exit_if_exit_entry_basis_cents>=80 AND exit_btc_age_ms<=100,6,0.11320754716981132,-28.390002000000003,3.2999979999999987,4,2,-10.269999999999998,-14.840002000000002,-3.2800000000000002,4,2,0,True,True
suppress_collapse_exit_if_exit_exit_bid_cents>=55 AND exit_fair_drawdown_cents<=4,3,0.05660377358490566,-28.41,3.280000000000001,3,0,-9.049999999999999,-16.810000000000002,-2.55,2,0,1,True,True
suppress_collapse_exit_if_exit_entry_basis_cents<=70 AND exit_p_hold>=0.65,4,0.07547169811320754,-28.41,3.280000000000001,3,1,-9.38,-15.75,-3.2800000000000002,3,1,0,True,True
suppress_collapse_exit_if_exit_exit_bid_cents>=60 AND exit_p_hold>=0.7,7,0.1320754716981132,-28.41918,3.2708200000000005,6,1,-9.829180000000001,-16.810000000000002,-1.78,5,0,2,True,True
suppress_collapse_exit_if_exit_fair_drawdown_cents<=4 AND fair_minus_exit_bid_cents>=0,8,0.1509433962264151,-28.44,3.25,5,3,-9.180000000000001,-16.71,-2.55,5,2,1,True,True
suppress_collapse_exit_if_exit_sigma_t_dollars>=100 AND entry_to_exit_loss_cents>=10,6,0.11320754716981132,-28.470000000000002,3.219999999999999,5,1,-9.43,-15.760000000000002,-3.2800000000000002,5,1,0,True,True
suppress_collapse_exit_if_exit_fair_drawdown_cents<=12 AND exit_sigma_t_dollars>=100,6,0.11320754716981132,-28.490000000000002,3.1999999999999993,5,1,-8.5,-16.71,-3.2800000000000002,4,2,0,True,True
suppress_collapse_exit_if_exit_fair_drawdown_cents<=8 AND exit_sigma_t_dollars>=75,6,0.11320754716981132,-28.51,3.1799999999999997,5,1,-10.020000000000001,-16.71,-1.78,2,2,2,True,True
suppress_collapse_exit_if_exit_entry_basis_cents>=75 AND position_seconds<=45,18,0.33962264150943394,-28.569999999999997,3.1200000000000045,12,6,-9.600000000000001,-15.88,-3.09,10,3,5,True,True
suppress_collapse_exit_if_exit_p_hold>=0.65 AND exit_sigma_t_dollars>=100,4,0.07547169811320754,-28.62,3.0700000000000003,4,0,-9.59,-15.75,-3.2800000000000002,3,1,0,True,True
suppress_collapse_exit_if_exit_sigma_t_dollars>=100 AND fair_minus_exit_bid_cents>=5,5,0.09433962264150944,-28.820000000000004,2.8699999999999974,4,1,-9.88,-15.66,-3.2800000000000002,2,3,0,True,True
suppress_collapse_exit_if_exit_exit_bid_cents>=60 AND exit_sigma_t_dollars>=100,4,0.07547169811320754,-28.830000000000002,2.8599999999999994,4,0,-8.739999999999998,-16.810000000000002,-3.2800000000000002,4,0,0,True,True
suppress_collapse_exit_if_exit_fair_drawdown_cents<=4,10,0.18867924528301888,-28.840000000000003,2.849999999999998,6,4,-9.58,-16.71,-2.55,7,2,1,True,True
suppress_collapse_exit_if_exit_fair_drawdown_cents<=4 AND position_seconds<=180,10,0.18867924528301888,-28.840000000000003,2.849999999999998,6,4,-9.58,-16.71,-2.55,7,2,1,True,True
suppress_collapse_exit_if_exit_entry_basis_cents>=70 AND exit_sigma_t_dollars>=100,6,0.11320754716981132,-28.850000000000005,2.8399999999999963,5,1,-9.809999999999999,-15.760000000000002,-3.2800000000000002,5,1,0,True,True
suppress_collapse_exit_if_exit_exit_bid_cents>=55 AND exit_sigma_t_dollars>=100,6,0.11320754716981132,-28.92,2.7699999999999996,5,1,-8.830000000000002,-16.810000000000002,-3.2800000000000002,6,0,0,True,True
suppress_collapse_exit_if_exit_p_hold>=0.68 AND exit_fair_drawdown_cents<=4,4,0.07547169811320754,-29.150000000000002,2.539999999999999,3,1,-9.790000000000001,-16.810000000000002,-2.55,3,0,1,True,True
suppress_collapse_exit_if_exit_p_hold>=0.7 AND exit_fair_drawdown_cents<=4,4,0.07547169811320754,-29.150000000000002,2.539999999999999,3,1,-9.790000000000001,-16.810000000000002,-2.55,3,0,1,True,True
suppress_collapse_exit_if_exit_p_hold>=0.7 AND position_seconds<=90,8,0.1509433962264151,-29.159180000000003,2.5308199999999985,6,2,-10.56918,-16.810000000000002,-1.78,6,0,2,True,True
suppress_collapse_exit_if_exit_fair_drawdown_cents<=4 AND fair_minus_exit_bid_cents>=5,7,0.1320754716981132,-29.17,2.5199999999999996,4,3,-9.180000000000001,-16.71,-3.2800000000000002,5,2,0,True,True
suppress_collapse_exit_if_exit_entry_basis_cents<=70 AND exit_sigma_t_dollars>=75,5,0.09433962264150944,-29.18,2.5100000000000016,3,2,-10.62,-15.280000000000001,-3.2800000000000002,1,4,0,True,True
suppress_collapse_exit_if_exit_exit_bid_cents>=65 AND exit_p_hold>=0.7,6,0.11320754716981132,-29.229180000000003,2.4608199999999982,5,1,-10.63918,-16.810000000000002,-1.78,4,0,2,True,True
suppress_collapse_exit_if_exit_fair_drawdown_cents<=4 AND fair_minus_exit_bid_cents>=10,5,0.09433962264150944,-29.250000000000004,2.4399999999999977,3,2,-10.22,-15.75,-3.2800000000000002,4,1,0,True,True
suppress_collapse_exit_if_exit_fair_drawdown_cents<=8 AND fair_minus_exit_bid_cents>=10,5,0.09433962264150944,-29.250000000000004,2.4399999999999977,3,2,-10.22,-15.75,-3.2800000000000002,4,1,0,True,True
suppress_collapse_exit_if_exit_exit_bid_cents>=60 AND fair_minus_exit_bid_cents>=5,3,0.05660377358490566,-29.37,2.3200000000000003,3,0,-10.049999999999999,-16.810000000000002,-2.51,2,0,1,True,True
suppress_collapse_exit_if_exit_sigma_t_dollars>=100 AND exit_btc_age_ms<=500,7,0.1320754716981132,-29.42,2.2699999999999996,5,2,-10.479999999999999,-15.66,-3.2800000000000002,4,3,0,True,True
suppress_collapse_exit_if_exit_p_hold>=0.65 AND exit_fair_drawdown_cents<=0,3,0.05660377358490566,-29.42,2.2699999999999996,2,1,-10.389999999999999,-15.75,-3.2800000000000002,2,1,0,True,True
suppress_collapse_exit_if_exit_entry_basis_cents>=75 AND exit_sigma_t_dollars>=100,5,0.09433962264150944,-29.450000000000003,2.2399999999999984,4,1,-10.41,-15.760000000000002,-3.2800000000000002,4,1,0,True,True
suppress_collapse_exit_if_exit_sigma_t_dollars>=75 AND exit_btc_age_ms>=800,3,0.05660377358490566,-29.47,2.2200000000000024,3,0,-11.6,-16.810000000000002,-1.06,0,0,3,True,True
suppress_collapse_exit_if_exit_btc_age_ms>=800 AND position_seconds<=45,3,0.05660377358490566,-29.47,2.2200000000000024,3,0,-11.6,-16.810000000000002,-1.06,0,0,3,True,True
suppress_collapse_exit_if_exit_btc_age_ms>=800 AND position_seconds<=90,3,0.05660377358490566,-29.47,2.2200000000000024,3,0,-11.6,-16.810000000000002,-1.06,0,0,3,True,True
suppress_collapse_exit_if_exit_sigma_t_dollars>=75 AND entry_to_exit_loss_cents<=10,5,0.09433962264150944,-29.490000000000002,2.1999999999999993,4,1,-10.999999999999998,-16.71,-1.78,1,2,2,True,True
suppress_collapse_exit_if_exit_p_hold>=0.7 AND position_seconds<=45,6,0.11320754716981132,-29.51,2.1799999999999997,5,1,-10.919999999999998,-16.810000000000002,-1.78,4,0,2,True,True
suppress_collapse_exit_if_exit_fair_drawdown_cents<=0 AND position_seconds>=90,3,0.05660377358490566,-29.52,2.1700000000000017,2,1,-10.49,-15.75,-3.2800000000000002,2,1,0,True,True
suppress_collapse_exit_if_exit_fair_drawdown_cents<=4 AND position_seconds>=90,3,0.05660377358490566,-29.52,2.1700000000000017,2,1,-10.49,-15.75,-3.2800000000000002,2,1,0,True,True
suppress_collapse_exit_if_exit_exit_bid_cents>=55 AND entry_to_exit_loss_cents<=10,3,0.05660377358490566,-29.59,2.1000000000000014,3,0,-10.999999999999998,-16.810000000000002,-1.78,1,0,2,True,True
suppress_collapse_exit_if_exit_exit_bid_cents>=60 AND exit_fair_drawdown_cents<=8,3,0.05660377358490566,-29.59,2.1000000000000014,3,0,-10.999999999999998,-16.810000000000002,-1.78,1,0,2,True,True
suppress_collapse_exit_if_exit_exit_bid_cents>=60 AND entry_to_exit_loss_cents<=10,3,0.05660377358490566,-29.59,2.1000000000000014,3,0,-10.999999999999998,-16.810000000000002,-1.78,1,0,2,True,True
suppress_collapse_exit_if_exit_exit_bid_cents>=65 AND exit_fair_drawdown_cents<=8,3,0.05660377358490566,-29.59,2.1000000000000014,3,0,-10.999999999999998,-16.810000000000002,-1.78,1,0,2,True,True
suppress_collapse_exit_if_exit_exit_bid_cents>=65 AND entry_to_exit_loss_cents<=10,3,0.05660377358490566,-29.59,2.1000000000000014,3,0,-10.999999999999998,-16.810000000000002,-1.78,1,0,2,True,True
suppress_collapse_exit_if_exit_entry_basis_cents>=65 AND entry_to_exit_loss_cents<=10,3,0.05660377358490566,-29.59,2.1000000000000014,3,0,-10.999999999999998,-16.810000000000002,-1.78,1,0,2,True,True
suppress_collapse_exit_if_exit_entry_basis_cents>=70 AND exit_fair_drawdown_cents<=8,3,0.05660377358490566,-29.59,2.1000000000000014,3,0,-10.999999999999998,-16.810000000000002,-1.78,1,0,2,True,True
suppress_collapse_exit_if_exit_entry_basis_cents>=70 AND entry_to_exit_loss_cents<=10,3,0.05660377358490566,-29.59,2.1000000000000014,3,0,-10.999999999999998,-16.810000000000002,-1.78,1,0,2,True,True
suppress_collapse_exit_if_exit_btc_age_ms<=100 AND fair_minus_exit_bid_cents>=15,3,0.05660377358490566,-29.59,2.1000000000000014,2,1,-10.569999999999999,-15.739999999999998,-3.2800000000000002,1,2,0,True,True
suppress_collapse_exit_if_exit_exit_bid_cents>=50 AND exit_fair_drawdown_cents<=0,3,0.05660377358490566,-29.64,2.0500000000000007,2,1,-9.65,-16.71,-3.2800000000000002,1,2,0,True,True
suppress_collapse_exit_if_exit_fair_drawdown_cents<=0 AND exit_sigma_t_dollars>=50,3,0.05660377358490566,-29.64,2.0500000000000007,2,1,-9.65,-16.71,-3.2800000000000002,1,2,0,True,True
suppress_collapse_exit_if_exit_p_hold>=0.68 AND exit_sigma_t_dollars>=100,3,0.05660377358490566,-29.680000000000003,2.009999999999998,3,0,-9.59,-16.810000000000002,-3.2800000000000002,3,0,0,True,True
suppress_collapse_exit_if_exit_fair_drawdown_cents<=4 AND exit_btc_age_ms<=500,7,0.1320754716981132,-29.77,1.9200000000000017,4,3,-9.78,-16.71,-3.2800000000000002,5,2,0,True,True
suppress_collapse_exit_if_exit_fair_drawdown_cents<=8 AND exit_btc_age_ms<=500,7,0.1320754716981132,-29.77,1.9200000000000017,4,3,-9.78,-16.71,-3.2800000000000002,5,2,0,True,True
suppress_collapse_exit_if_exit_fair_drawdown_cents<=8 AND exit_btc_age_ms>=500,7,0.1320754716981132,-29.78,1.9100000000000001,4,3,-11.19,-16.810000000000002,-1.78,5,0,2,True,True
suppress_collapse_exit_if_exit_fair_drawdown_cents<=8 AND exit_sigma_t_dollars>=100,4,0.07547169811320754,-30.01,1.6799999999999997,3,1,-10.020000000000001,-16.71,-3.2800000000000002,2,2,0,True,True
suppress_collapse_exit_if_exit_fair_drawdown_cents<=10 AND exit_sigma_t_dollars>=100,4,0.07547169811320754,-30.01,1.6799999999999997,3,1,-10.020000000000001,-16.71,-3.2800000000000002,2,2,0,True,True
suppress_collapse_exit_if_exit_fair_drawdown_cents<=4 AND exit_sigma_t_dollars>=75,4,0.07547169811320754,-30.26,1.4299999999999997,3,1,-10.999999999999998,-16.71,-2.55,1,2,1,True,True
suppress_collapse_exit_if_exit_sigma_t_dollars>=50 AND entry_to_exit_loss_cents<=10,6,0.11320754716981132,-30.470000000000002,1.2199999999999989,4,2,-10.999999999999998,-16.71,-2.7599999999999993,1,2,3,True,True
suppress_collapse_exit_if_exit_entry_basis_cents<=70 AND exit_sigma_t_dollars>=100,3,0.05660377358490566,-30.61,1.0800000000000018,2,1,-10.62,-16.71,-3.2800000000000002,1,2,0,True,True
suppress_collapse_exit_if_exit_exit_bid_cents>=60 AND fair_minus_exit_bid_cents<=0,4,0.07547169811320754,-30.810000000000002,0.879999999999999,3,1,-11.44,-16.810000000000002,-2.5600000000000005,3,0,1,True,True
suppress_collapse_exit_if_exit_fair_drawdown_cents<=4 AND exit_sigma_t_dollars>=100,3,0.05660377358490566,-30.990000000000002,0.6999999999999993,2,1,-10.999999999999998,-16.71,-3.2800000000000002,1,2,0,True,True
suppress_collapse_exit_if_exit_sigma_t_dollars>=100 AND entry_to_exit_loss_cents<=10,3,0.05660377358490566,-30.990000000000002,0.6999999999999993,2,1,-10.999999999999998,-16.71,-3.2800000000000002,1,2,0,True,True
suppress_collapse_exit_if_exit_sigma_t_dollars>=150,3,0.05660377358490566,-31.170000000000005,0.519999999999996,2,1,-11.08,-16.810000000000002,-3.2800000000000002,3,0,0,True,True
suppress_collapse_exit_if_exit_exit_bid_cents>=50 AND exit_sigma_t_dollars>=150,3,0.05660377358490566,-31.170000000000005,0.519999999999996,2,1,-11.08,-16.810000000000002,-3.2800000000000002,3,0,0,True,True
suppress_collapse_exit_if_exit_exit_bid_cents>=55 AND exit_sigma_t_dollars>=150,3,0.05660377358490566,-31.170000000000005,0.519999999999996,2,1,-11.08,-16.810000000000002,-3.2800000000000002,3,0,0,True,True
suppress_collapse_exit_if_exit_entry_basis_cents>=65 AND exit_sigma_t_dollars>=150,3,0.05660377358490566,-31.170000000000005,0.519999999999996,2,1,-11.08,-16.810000000000002,-3.2800000000000002,3,0,0,True,True
suppress_collapse_exit_if_exit_entry_basis_cents>=70 AND exit_sigma_t_dollars>=150,3,0.05660377358490566,-31.170000000000005,0.519999999999996,2,1,-11.08,-16.810000000000002,-3.2800000000000002,3,0,0,True,True
suppress_collapse_exit_if_exit_entry_basis_cents>=75 AND exit_sigma_t_dollars>=150,3,0.05660377358490566,-31.170000000000005,0.519999999999996,2,1,-11.08,-16.810000000000002,-3.2800000000000002,3,0,0,True,True
suppress_collapse_exit_if_exit_sigma_t_dollars>=150 AND exit_btc_age_ms<=500,3,0.05660377358490566,-31.170000000000005,0.519999999999996,2,1,-11.08,-16.810000000000002,-3.2800000000000002,3,0,0,True,True
suppress_collapse_exit_if_exit_sigma_t_dollars>=150 AND position_seconds<=45,3,0.05660377358490566,-31.170000000000005,0.519999999999996,2,1,-11.08,-16.810000000000002,-3.2800000000000002,3,0,0,True,True
suppress_collapse_exit_if_exit_sigma_t_dollars>=150 AND position_seconds<=90,3,0.05660377358490566,-31.170000000000005,0.519999999999996,2,1,-11.08,-16.810000000000002,-3.2800000000000002,3,0,0,True,True
suppress_collapse_exit_if_exit_sigma_t_dollars>=150 AND position_seconds<=180,3,0.05660377358490566,-31.170000000000005,0.519999999999996,2,1,-11.08,-16.810000000000002,-3.2800000000000002,3,0,0,True,True
suppress_collapse_exit_if_exit_sigma_t_dollars>=150 AND entry_to_exit_loss_cents>=10,3,0.05660377358490566,-31.170000000000005,0.519999999999996,2,1,-11.08,-16.810000000000002,-3.2800000000000002,3,0,0,True,True
suppress_collapse_exit_if_exit_sigma_t_dollars>=100 AND exit_btc_age_ms<=300,5,0.09433962264150944,-31.330000000000002,0.35999999999999943,3,2,-11.33,-16.720000000000002,-3.2800000000000002,3,2,0,True,True
suppress_collapse_exit_if_exit_sigma_t_dollars>=50 AND fair_minus_exit_bid_cents>=5,20,0.37735849056603776,-20.990000000000002,10.7,13,7,-3.5900000000000007,-12.750000000000002,-4.65,7,10,3,False,False
suppress_collapse_exit_if_exit_entry_basis_cents>=65 AND exit_sigma_t_dollars>=50,37,0.6981132075471698,-21.819181999999998,9.870818000000003,23,14,-5.8491800000000005,-12.520002,-3.45,18,12,7,False,False
suppress_collapse_exit_if_exit_sigma_t_dollars>=50 AND position_seconds<=180,37,0.6981132075471698,-22.10918,9.580820000000003,23,14,-2.4291800000000006,-15.249999999999998,-4.43,18,11,8,False,False
suppress_collapse_exit_if_exit_entry_basis_cents>=65 AND position_seconds<=180,35,0.660377358490566,-22.429179999999995,9.260820000000006,22,13,-2.8791800000000007,-15.549999999999999,-3.999999999999999,18,9,8,False,False
suppress_collapse_exit_if_exit_entry_basis_cents>=65 AND fair_minus_exit_bid_cents>=5,20,0.37735849056603776,-22.94,8.75,12,8,-4.04,-13.7,-5.199999999999999,7,9,4,False,False
suppress_collapse_exit_if_exit_entry_basis_cents>=65 AND position_seconds<=90,30,0.5660377358490566,-23.279179999999997,8.410820000000005,20,10,-4.829180000000001,-14.449999999999998,-3.999999999999999,17,5,8,False,False
suppress_collapse_exit_if_entry_to_exit_loss_cents>=10 AND fair_minus_exit_bid_cents>=5,25,0.4716981132075472,-23.290000000000003,8.399999999999999,13,12,-4.21,-13.88,-5.199999999999999,11,10,4,False,False
suppress_collapse_exit_if_exit_fair_drawdown_cents<=18 AND exit_sigma_t_dollars>=50,31,0.5849056603773585,-23.339180000000002,8.350819999999999,20,11,-1.2891800000000004,-17.96,-4.09,15,10,6,False,False
suppress_collapse_exit_if_exit_p_hold>=0.6 AND position_seconds<=45,20,0.37735849056603776,-23.479999999999997,8.210000000000004,16,4,-4.78,-17.400000000000002,-1.3,13,2,5,False,False
suppress_collapse_exit_if_exit_p_hold>=0.6 AND position_seconds<=180,28,0.5283018867924528,-23.60918,8.080820000000003,19,9,-3.3191800000000002,-17.900000000000002,-2.3900000000000006,17,5,6,False,False
suppress_collapse_exit_if_exit_fair_drawdown_cents>=15 AND exit_sigma_t_dollars>=75,9,0.16981132075471697,-23.700002000000005,7.989997999999996,6,3,-12.74,-8.400002,-2.5600000000000005,3,5,1,False,False
suppress_collapse_exit_if_exit_entry_basis_cents>=65 AND exit_fair_drawdown_cents<=18,29,0.5471698113207547,-23.75918,7.930820000000001,19,10,-1.73918,-18.91,-3.1100000000000003,15,9,5,False,False
suppress_collapse_exit_if_position_seconds<=180 AND fair_minus_exit_bid_cents>=5,24,0.4528301886792453,-24.100000000000005,7.589999999999996,13,11,-5.069999999999999,-13.83,-5.199999999999999,12,8,4,False,False
suppress_collapse_exit_if_exit_p_hold>=0.6 AND position_seconds<=90,23,0.4339622641509434,-24.219179999999998,7.470820000000003,17,6,-4.42918,-17.400000000000002,-2.3900000000000006,15,2,6,False,False
suppress_collapse_exit_if_exit_exit_bid_cents>=60 AND exit_sigma_t_dollars>=75,12,0.22641509433962265,-24.279179999999997,7.410820000000005,11,1,-5.98918,-18.040000000000003,-0.25000000000000006,7,1,4,False,False
suppress_collapse_exit_if_exit_sigma_t_dollars>=50 AND position_seconds<=90,32,0.6037735849056604,-24.54918,7.1408200000000015,20,12,-4.379180000000001,-15.74,-4.43,17,7,8,False,False
suppress_collapse_exit_if_exit_exit_bid_cents>=50 AND position_seconds<=180,32,0.6037735849056604,-24.669179999999997,7.020820000000004,21,11,-2.9591800000000013,-17.28,-4.43,18,6,8,False,False
suppress_collapse_exit_if_exit_sigma_t_dollars>=50 AND fair_minus_exit_bid_cents>=0,37,0.6981132075471698,-24.759180000000004,6.930819999999997,21,16,-3.6791800000000006,-15.930000000000001,-5.1499999999999995,15,15,7,False,False
suppress_collapse_exit_if_fair_minus_exit_bid_cents>=5,29,0.5471698113207547,-24.770000000000007,6.919999999999995,14,15,-5.79,-13.780000000000001,-5.199999999999999,13,12,4,False,False
suppress_collapse_exit_if_exit_sigma_t_dollars>=75 AND position_seconds<=90,18,0.33962264150943394,-24.819179999999996,6.8708200000000055,13,5,-6.99918,-17.57,-0.25000000000000006,10,4,4,False,False
suppress_collapse_exit_if_exit_exit_bid_cents>=50 AND exit_p_hold>=0.6,27,0.5094339622641509,-24.92918,6.7608200000000025,19,8,-1.73918,-20.800000000000004,-2.3900000000000006,15,6,6,False,False
suppress_collapse_exit_if_exit_entry_basis_cents>=65 AND exit_fair_drawdown_cents<=10,11,0.20754716981132076,-25.150000000000002,6.539999999999999,9,2,-4.24,-18.040000000000003,-2.87,7,1,3,False,False
suppress_collapse_exit_if_exit_btc_age_ms<=100 AND entry_to_exit_loss_cents>=15,12,0.22641509433962265,-25.260002000000004,6.429997999999998,8,4,-8.87,-12.020002000000002,-4.37,6,5,1,False,False
suppress_collapse_exit_if_exit_p_hold>=0.6 AND exit_sigma_t_dollars>=75,14,0.2641509433962264,-25.289179999999995,6.400820000000007,12,2,-5.859179999999999,-19.180000000000003,-0.25000000000000006,7,3,4,False,False
suppress_collapse_exit_if_position_seconds<=90 AND entry_to_exit_loss_cents>=10,32,0.6037735849056604,-25.339180000000002,6.350819999999999,19,13,-4.8491800000000005,-14.78,-5.71,18,6,8,False,False
suppress_collapse_exit_if_exit_exit_bid_cents>=50 AND exit_entry_basis_cents>=65,32,0.6037735849056604,-25.379182,6.310818000000001,21,11,-4.119180000000001,-17.810002000000004,-3.45,18,7,7,False,False
suppress_collapse_exit_if_exit_p_hold<=0.6 AND exit_sigma_t_dollars>=75,9,0.16981132075471697,-25.380002,6.309998,5,4,-12.74,-9.360002000000001,-3.2800000000000002,3,6,0,False,False
suppress_collapse_exit_if_exit_entry_basis_cents>=65 AND fair_minus_exit_bid_cents>=0,35,0.660377358490566,-25.399180000000005,6.2908199999999965,20,15,-4.12918,-16.55,-4.719999999999999,15,13,7,False,False
suppress_collapse_exit_if_exit_entry_basis_cents<=70 AND exit_sigma_t_dollars>=50,12,0.22641509433962265,-25.410000000000004,6.279999999999998,7,5,-5.36,-15.79,-4.26,5,6,1,False,False
suppress_collapse_exit_if_exit_exit_bid_cents>=60 AND position_seconds<=90,16,0.3018867924528302,-25.51918,6.170820000000003,13,3,-7.86918,-17.400000000000002,-0.25000000000000006,10,2,4,False,False
suppress_collapse_exit_if_position_seconds<=90 AND fair_minus_exit_bid_cents>=0,31,0.5849056603773585,-25.519180000000002,6.170819999999999,18,13,-4.079180000000001,-15.74,-5.699999999999999,16,7,8,False,False
suppress_collapse_exit_if_exit_exit_bid_cents<=45 AND exit_sigma_t_dollars>=50,8,0.1509433962264151,-25.650000000000002,6.039999999999999,4,4,-10.339999999999998,-12.03,-3.2800000000000002,1,7,0,True,False
suppress_collapse_exit_if_exit_fair_drawdown_cents<=18 AND position_seconds<=180,34,0.6415094339622641,-25.66918,6.0208200000000005,20,14,-3.7691800000000004,-17.810000000000002,-4.09,21,7,6,False,False
suppress_collapse_exit_if_exit_p_hold>=0.6 AND exit_fair_drawdown_cents<=10,14,0.2641509433962264,-25.67,6.02,10,4,-5.819999999999999,-16.98,-2.87,9,2,3,False,False
suppress_collapse_exit_if_exit_sigma_t_dollars>=50 AND exit_btc_age_ms<=500,29,0.5471698113207547,-25.729182000000005,5.960817999999996,16,13,-5.879180000000001,-13.450002,-6.4,15,11,3,False,False
suppress_collapse_exit_if_exit_p_hold>=0.6 AND exit_sigma_t_dollars>=50,26,0.49056603773584906,-25.73918,5.95082,18,8,-2.5491800000000007,-20.800000000000004,-2.3900000000000006,14,6,6,False,False
suppress_collapse_exit_if_position_seconds<=45 AND fair_minus_exit_bid_cents>=5,13,0.24528301886792453,-25.770000000000007,5.919999999999995,9,4,-5.410000000000001,-16.250000000000004,-4.109999999999999,8,2,3,False,False
suppress_collapse_exit_if_exit_entry_basis_cents<=70 AND exit_entry_basis_cents>=65,7,0.1320754716981132,-25.830000000000005,5.859999999999996,5,2,-6.62,-15.379999999999999,-3.83,4,2,1,False,False
suppress_collapse_exit_if_exit_entry_basis_cents>=65 AND exit_btc_age_ms<=500,26,0.49056603773584906,-25.839182000000005,5.850817999999997,15,11,-6.329180000000001,-13.540002,-5.97,15,8,3,False,False
suppress_collapse_exit_if_exit_exit_bid_cents>=55 AND position_seconds<=180,23,0.4339622641509434,-25.85918,5.830820000000003,16,7,-5.039180000000001,-18.43,-2.3900000000000006,14,3,6,False,False
suppress_collapse_exit_if_exit_fair_drawdown_cents<=18 AND fair_minus_exit_bid_cents>=0,37,0.6981132075471698,-25.87918,5.81082,20,17,-2.7991800000000002,-18.990000000000002,-4.09,19,12,6,False,False
suppress_collapse_exit_if_exit_sigma_t_dollars>=50 AND position_seconds<=45,28,0.5283018867924528,-25.979999999999997,5.710000000000004,18,10,-5.47,-17.17,-3.34,16,5,7,False,False
suppress_collapse_exit_if_exit_sigma_t_dollars>=50 AND entry_to_exit_loss_cents>=15,25,0.4716981132075472,-26.129181999999997,5.560818000000005,13,12,-9.76918,-11.410002,-4.95,9,11,5,False,False
suppress_collapse_exit_if_position_seconds<=90 AND fair_minus_exit_bid_cents>=5,17,0.32075471698113206,-26.170000000000005,5.519999999999996,10,7,-6.15,-14.819999999999999,-5.199999999999999,9,4,4,False,False
suppress_collapse_exit_if_exit_fair_drawdown_cents<=15 AND position_seconds<=180,32,0.6037735849056604,-26.189180000000004,5.500819999999997,19,13,-3.7691800000000004,-18.330000000000002,-4.09,21,5,6,False,False
suppress_collapse_exit_if_exit_sigma_t_dollars>=50 AND fair_minus_exit_bid_cents>=10,10,0.18867924528301888,-26.200000000000006,5.489999999999995,6,4,-7.61,-14.220000000000002,-4.37,3,6,1,False,False
suppress_collapse_exit_if_position_seconds<=45 AND fair_minus_exit_bid_cents>=0,26,0.49056603773584906,-26.21,5.48,16,10,-4.430000000000001,-17.17,-4.609999999999999,14,5,7,False,False
suppress_collapse_exit_if_exit_btc_age_ms<=500 AND position_seconds<=180,30,0.5660377358490566,-26.349180000000004,5.340819999999997,16,14,-5.329180000000001,-14.070000000000002,-6.949999999999999,18,8,4,False,False
suppress_collapse_exit_if_exit_fair_drawdown_cents<=18 AND entry_to_exit_loss_cents>=10,33,0.6226415094339622,-26.41918,5.2708200000000005,18,15,-2.5091800000000006,-19.09,-4.82,18,10,5,False,False
suppress_collapse_exit_if_exit_fair_drawdown_cents>=15 AND exit_sigma_t_dollars>=50,15,0.2830188679245283,-26.500002,5.189998000000003,7,8,-14.899999999999997,-7.980002000000001,-3.62,4,9,2,False,False
suppress_collapse_exit_if_exit_exit_bid_cents>=60 AND position_seconds<=180,17,0.32075471698113206,-26.54918,5.1408200000000015,13,4,-7.86918,-18.43,-0.25000000000000006,10,3,4,False,False
suppress_collapse_exit_if_exit_exit_bid_cents>=50 AND fair_minus_exit_bid_cents>=5,14,0.2641509433962264,-26.550000000000004,5.139999999999997,10,4,-4.04,-17.860000000000003,-4.65,7,4,3,False,False
suppress_collapse_exit_if_exit_fair_drawdown_cents<=15 AND position_seconds<=45,24,0.4528301886792453,-26.56,5.130000000000003,16,8,-5.2,-18.36,-2.9999999999999996,16,3,5,False,False
suppress_collapse_exit_if_exit_fair_drawdown_cents<=18 AND position_seconds<=45,24,0.4528301886792453,-26.56,5.130000000000003,16,8,-5.2,-18.36,-2.9999999999999996,16,3,5,False,False
suppress_collapse_exit_if_exit_exit_bid_cents>=55 AND exit_sigma_t_dollars>=75,15,0.2830188679245283,-26.569179999999996,5.1208200000000055,12,3,-6.07918,-20.240000000000002,-0.25000000000000006,9,2,4,False,False
suppress_collapse_exit_if_exit_exit_bid_cents<=50 AND exit_sigma_t_dollars>=50,9,0.16981132075471697,-26.570000000000004,5.119999999999997,4,5,-11.26,-12.03,-3.2800000000000002,2,7,0,True,False
suppress_collapse_exit_if_exit_fair_drawdown_cents<=18 AND fair_minus_exit_bid_cents>=5,24,0.4528301886792453,-26.580000000000002,5.109999999999999,12,12,-5.79,-16.14,-4.65,13,8,3,False,False
suppress_collapse_exit_if_exit_exit_bid_cents>=60 AND position_seconds<=45,15,0.2830188679245283,-26.61,5.080000000000002,12,3,-8.96,-17.400000000000002,-0.25000000000000006,9,2,4,False,False
suppress_collapse_exit_if_exit_fair_drawdown_cents>=15 AND fair_minus_exit_bid_cents>=5,9,0.16981132075471697,-26.610000000000003,5.079999999999998,4,5,-11.6,-11.180000000000001,-3.83,0,8,1,False,False
suppress_collapse_exit_if_position_seconds<=90 AND entry_to_exit_loss_cents>=15,19,0.3584905660377358,-26.619179999999997,5.070820000000005,11,8,-7.479180000000001,-14.19,-4.95,10,4,5,False,False
suppress_collapse_exit_if_exit_btc_age_ms<=100 AND fair_minus_exit_bid_cents>=5,8,0.1509433962264151,-26.62,5.07,6,2,-7.56,-14.690000000000001,-4.37,4,3,1,False,False
suppress_collapse_exit_if_exit_sigma_t_dollars>=75 AND entry_to_exit_loss_cents>=20,9,0.16981132075471697,-26.620002000000003,5.069997999999998,5,4,-12.74,-10.600002,-3.2800000000000002,3,6,0,False,False
suppress_collapse_exit_if_exit_entry_basis_cents>=65 AND exit_fair_drawdown_cents<=12,18,0.33962264150943394,-26.630000000000003,5.059999999999999,12,6,-1.91,-20.800000000000004,-3.92,10,4,4,False,False
suppress_collapse_exit_if_position_seconds<=180 AND entry_to_exit_loss_cents>=15,22,0.41509433962264153,-26.689179999999997,5.0008200000000045,12,10,-7.479180000000001,-14.26,-4.95,10,7,5,False,False
suppress_collapse_exit_if_position_seconds<=90,37,0.6981132075471698,-26.70918,4.980820000000001,21,16,-5.98918,-15.74,-4.9799999999999995,21,7,9,False,False
suppress_collapse_exit_if_exit_btc_age_ms<=300 AND fair_minus_exit_bid_cents>=5,15,0.2830188679245283,-26.730000000000004,4.959999999999997,9,6,-4.800000000000001,-16.51,-5.42,6,7,2,False,False
suppress_collapse_exit_if_position_seconds<=45 AND entry_to_exit_loss_cents>=10,28,0.5283018867924528,-26.77,4.920000000000002,17,11,-5.94,-16.21,-4.62,17,4,7,False,False
suppress_collapse_exit_if_exit_exit_bid_cents>=55 AND position_seconds<=90,21,0.39622641509433965,-26.77918,4.910820000000001,15,6,-6.989180000000001,-17.400000000000002,-2.3900000000000006,13,2,6,False,False
suppress_collapse_exit_if_exit_exit_bid_cents>=55 AND position_seconds<=45,19,0.3584905660377358,-26.779999999999998,4.910000000000004,14,5,-8.080000000000002,-17.400000000000002,-1.3,12,2,5,False,False
suppress_collapse_exit_if_entry_to_exit_loss_cents>=10 AND fair_minus_exit_bid_cents>=15,9,0.16981132075471697,-26.820000000000004,4.869999999999997,4,5,-10.020000000000001,-13.52,-3.2800000000000002,4,5,0,True,False
suppress_collapse_exit_if_exit_fair_drawdown_cents<=10 AND exit_sigma_t_dollars>=50,13,0.24528301886792453,-26.840000000000003,4.849999999999998,9,4,-5.05,-17.94,-3.8499999999999996,6,3,4,False,False
suppress_collapse_exit_if_exit_fair_drawdown_cents<=15 AND exit_sigma_t_dollars>=75,14,0.2641509433962264,-26.969179999999998,4.720820000000003,11,3,-5.859179999999999,-20.14,-0.97,7,4,3,False,False
suppress_collapse_exit_if_exit_entry_basis_cents>=65 AND exit_btc_age_ms<=300,22,0.41509433962264153,-26.969182000000004,4.720817999999998,13,9,-8.14918,-13.400001999999999,-5.42,13,7,2,False,False
suppress_collapse_exit_if_exit_entry_basis_cents>=65 AND exit_p_hold>=0.6,28,0.5283018867924528,-27.01918,4.670820000000003,18,10,-1.73918,-22.89,-2.3900000000000006,15,7,6,False,False
suppress_collapse_exit_if_exit_exit_bid_cents>=50 AND exit_fair_drawdown_cents<=10,15,0.2830188679245283,-27.03,4.66,10,5,-5.240000000000001,-17.94,-3.8499999999999996,8,3,4,False,False
suppress_collapse_exit_if_exit_fair_drawdown_cents>=15 AND entry_to_exit_loss_cents>=15,16,0.3018867924528302,-27.030001999999996,4.659998000000005,7,9,-14.899999999999997,-8.510002000000002,-3.62,4,10,2,False,False
suppress_collapse_exit_if_exit_exit_bid_cents>=50 AND exit_sigma_t_dollars>=50,34,0.6415094339622641,-27.069182,4.620818,21,13,-4.929180000000001,-17.710002000000003,-4.43,17,9,8,False,False
suppress_collapse_exit_if_exit_entry_basis_cents>=65 AND exit_fair_drawdown_cents>=15,15,0.2830188679245283,-27.070002,4.6199980000000025,7,8,-14.899999999999997,-8.000002,-4.17,4,8,3,False,False
suppress_collapse_exit_if_exit_fair_drawdown_cents>=20 AND exit_btc_age_ms<=300,7,0.1320754716981132,-27.070002000000002,4.619997999999999,4,3,-12.74,-11.050002,-3.2800000000000002,3,4,0,False,False
suppress_collapse_exit_if_exit_entry_basis_cents>=65 AND entry_to_exit_loss_cents>=15,25,0.4716981132075472,-27.099182,4.590818000000002,13,12,-10.21918,-11.930002,-4.95,9,11,5,False,False
suppress_collapse_exit_if_exit_btc_age_ms<=300 AND position_seconds<=180,23,0.4339622641509434,-27.119180000000004,4.570819999999998,13,10,-5.729180000000001,-14.99,-6.4,14,6,3,False,False
suppress_collapse_exit_if_exit_sigma_t_dollars>=50 AND entry_to_exit_loss_cents>=20,17,0.32075471698113206,-27.130002,4.559998,8,9,-12.610000000000001,-10.180002,-4.34,6,10,1,False,False
suppress_collapse_exit_if_exit_fair_drawdown_cents<=15 AND exit_sigma_t_dollars>=50,28,0.5283018867924528,-27.139180000000003,4.550819999999998,18,10,-1.2891800000000004,-21.760000000000005,-4.09,15,7,6,False,False
suppress_collapse_exit_if_exit_p_hold>=0.6 AND exit_fair_drawdown_cents<=12,21,0.39622641509433965,-27.150000000000002,4.539999999999999,13,8,-3.49,-19.740000000000002,-3.92,12,5,4,False,False
suppress_collapse_exit_if_exit_p_hold>=0.65 AND position_seconds<=180,20,0.37735849056603776,-27.179180000000002,4.510819999999999,13,7,-7.129180000000001,-17.900000000000002,-2.1500000000000004,11,5,4,False,False
suppress_collapse_exit_if_exit_entry_basis_cents>=70 AND position_seconds<=90,24,0.4528301886792453,-27.189179999999997,4.5008200000000045,16,8,-7.85918,-15.88,-3.45,14,3,7,False,False
suppress_collapse_exit_if_exit_exit_bid_cents>=55 AND exit_fair_drawdown_cents<=10,9,0.16981132075471697,-27.2,4.490000000000002,7,2,-6.29,-18.040000000000003,-2.87,5,1,3,False,False
suppress_collapse_exit_if_exit_entry_basis_cents>=65 AND exit_fair_drawdown_cents<=15,26,0.49056603773584906,-27.209180000000003,4.480819999999998,17,9,-1.73918,-22.360000000000003,-3.1100000000000003,15,6,5,False,False
suppress_collapse_exit_if_exit_p_hold<=0.6 AND fair_minus_exit_bid_cents>=5,13,0.24528301886792453,-27.21,4.48,5,8,-11.770000000000001,-11.610000000000001,-3.83,4,8,1,False,False
suppress_collapse_exit_if_exit_entry_basis_cents>=80 AND exit_fair_drawdown_cents>=18,6,0.11320754716981132,-27.250002000000002,4.439997999999999,4,2,-10.749999999999998,-12.880002000000001,-3.62,1,3,2,False,False
suppress_collapse_exit_if_exit_exit_bid_cents>=50,36,0.6792452830188679,-27.259182000000003,4.430817999999999,22,14,-5.119180000000001,-17.710002000000003,-4.43,19,9,8,False,False
suppress_collapse_exit_if_exit_btc_age_ms<=300 AND entry_to_exit_loss_cents>=15,20,0.37735849056603776,-27.259182000000003,4.430817999999999,11,9,-8.95918,-12.880002,-5.42,10,8,2,False,False
suppress_collapse_exit_if_exit_entry_basis_cents>=65 AND exit_p_hold<=0.6,13,0.24528301886792453,-27.260002,4.429998000000001,6,7,-14.899999999999997,-7.470002,-4.89,4,7,2,False,False
suppress_collapse_exit_if_exit_fair_drawdown_cents<=15 AND position_seconds<=90,27,0.5094339622641509,-27.29918,4.3908200000000015,17,10,-4.8491800000000005,-18.36,-4.09,18,3,6,False,False
suppress_collapse_exit_if_exit_fair_drawdown_cents<=18 AND position_seconds<=90,27,0.5094339622641509,-27.29918,4.3908200000000015,17,10,-4.8491800000000005,-18.36,-4.09,18,3,6,False,False
suppress_collapse_exit_if_exit_sigma_t_dollars>=75 AND position_seconds<=45,15,0.2830188679245283,-27.339999999999996,4.350000000000005,11,4,-8.09,-19.0,-0.25000000000000006,9,2,4,False,False
suppress_collapse_exit_if_fair_minus_exit_bid_cents>=15,12,0.22641509433962265,-27.340000000000003,4.349999999999998,5,7,-11.6,-12.46,-3.2800000000000002,6,6,0,True,False
suppress_collapse_exit_if_exit_p_hold<=0.6 AND entry_to_exit_loss_cents>=15,17,0.32075471698113206,-27.360002000000005,4.329997999999996,7,10,-15.040000000000001,-7.980002000000001,-4.34,7,9,1,False,False
suppress_collapse_exit_if_exit_p_hold<=0.6 AND entry_to_exit_loss_cents>=20,17,0.32075471698113206,-27.360002000000005,4.329997999999996,7,10,-15.040000000000001,-7.980002000000001,-4.34,7,9,1,False,False
suppress_collapse_exit_if_exit_entry_basis_cents>=80 AND position_seconds<=90,12,0.22641509433962265,-27.36918,4.320820000000001,9,3,-9.09918,-14.649999999999999,-3.62,8,2,2,False,False
suppress_collapse_exit_if_position_seconds<=45,32,0.6037735849056604,-27.4,4.290000000000003,19,13,-6.340000000000001,-17.17,-3.8899999999999997,19,5,8,False,False
suppress_collapse_exit_if_exit_fair_drawdown_cents<=12 AND exit_sigma_t_dollars>=75,10,0.18867924528301888,-27.41,4.280000000000001,8,2,-7.6899999999999995,-17.94,-1.78,5,3,2,False,False
suppress_collapse_exit_if_entry_to_exit_loss_cents>=15 AND fair_minus_exit_bid_cents>=5,19,0.3584905660377358,-27.45,4.240000000000002,9,10,-8.15,-13.88,-5.42,7,10,2,False,False
suppress_collapse_exit_if_exit_entry_basis_cents<=70 AND entry_to_exit_loss_cents>=10,14,0.2641509433962264,-27.490000000000002,4.199999999999999,6,8,-6.79,-15.89,-4.81,8,4,2,False,False
suppress_collapse_exit_if_exit_p_hold>=0.6,31,0.5849056603773585,-27.539179999999998,4.150820000000003,19,12,-3.3191800000000002,-21.830000000000005,-2.3900000000000006,17,8,6,False,False
suppress_collapse_exit_if_exit_exit_bid_cents>=50 AND exit_fair_drawdown_cents<=18,30,0.5660377358490566,-27.53918,4.1508199999999995,19,11,-2.73918,-20.710000000000004,-4.09,16,8,6,False,False
suppress_collapse_exit_if_exit_entry_basis_cents>=80 AND entry_to_exit_loss_cents>=15,13,0.24528301886792453,-27.539182,4.150818000000001,8,5,-7.07918,-16.840002000000002,-3.62,5,6,2,False,False
suppress_collapse_exit_if_exit_p_hold>=0.6 AND fair_minus_exit_bid_cents>=0,28,0.5283018867924528,-27.56918,4.120820000000002,17,11,-2.6291800000000003,-21.830000000000005,-3.1100000000000003,15,8,5,False,False
suppress_collapse_exit_if_exit_fair_drawdown_cents>=15,17,0.32075471698113206,-27.580001999999997,4.1099980000000045,7,10,-14.899999999999997,-8.510002000000002,-4.17,4,10,3,False,False
suppress_collapse_exit_if_exit_fair_drawdown_cents>=15 AND entry_to_exit_loss_cents>=10,17,0.32075471698113206,-27.580001999999997,4.1099980000000045,7,10,-14.899999999999997,-8.510002000000002,-4.17,4,10,3,False,False
suppress_collapse_exit_if_exit_exit_bid_cents<=45 AND exit_p_hold<=0.6,12,0.22641509433962265,-27.630000000000003,4.059999999999999,4,8,-11.770000000000001,-12.03,-3.83,4,7,1,False,False
suppress_collapse_exit_if_exit_entry_basis_cents<=70 AND fair_minus_exit_bid_cents>=5,16,0.3018867924528302,-27.660000000000004,4.029999999999998,7,9,-8.37,-15.46,-3.83,10,5,1,False,False
suppress_collapse_exit_if_exit_fair_drawdown_cents>=18 AND exit_sigma_t_dollars>=75,7,0.1320754716981132,-27.680002,4.0099979999999995,4,3,-12.74,-12.380002000000001,-2.5600000000000005,3,3,1,False,False
suppress_collapse_exit_if_exit_exit_bid_cents>=50 AND entry_to_exit_loss_cents>=10,31,0.5849056603773585,-27.689182000000002,4.000817999999999,19,12,-4.719180000000001,-17.810002000000004,-5.16,17,7,7,False,False
suppress_collapse_exit_if_exit_exit_bid_cents>=50 AND position_seconds<=90,28,0.5283018867924528,-27.69918,3.990820000000003,18,10,-4.909180000000001,-18.36,-4.43,17,3,8,False,False
suppress_collapse_exit_if_exit_exit_bid_cents>=50 AND position_seconds<=45,26,0.49056603773584906,-27.699999999999996,3.9900000000000055,17,9,-6.000000000000001,-18.36,-3.34,16,3,7,False,False
suppress_collapse_exit_if_exit_fair_drawdown_cents>=15 AND exit_btc_age_ms<=100,6,0.11320754716981132,-27.710002000000003,3.9799979999999984,4,2,-12.909999999999998,-11.520002000000002,-3.2800000000000002,2,4,0,False,False
suppress_collapse_exit_if_exit_p_hold>=0.6 AND exit_fair_drawdown_cents<=15,29,0.5471698113207547,-27.729180000000003,3.9608199999999982,18,11,-3.3191800000000002,-21.300000000000004,-3.1100000000000003,17,7,5,False,False
suppress_collapse_exit_if_entry_to_exit_loss_cents>=15,30,0.5660377358490566,-27.749182,3.940818,14,16,-10.35918,-12.440002,-4.95,12,13,5,False,False
suppress_collapse_exit_if_exit_fair_drawdown_cents>=15 AND entry_to_exit_loss_cents>=20,15,0.2830188679245283,-27.750002,3.9399980000000028,6,9,-14.899999999999997,-8.510002000000002,-4.34,4,10,1,False,False
suppress_collapse_exit_if_exit_fair_drawdown_cents>=20 AND exit_btc_age_ms<=500,9,0.16981132075471697,-27.760002000000004,3.9299979999999977,4,5,-12.74,-11.190002000000002,-3.83,3,5,1,False,False
suppress_collapse_exit_if_exit_p_hold<=0.6 AND exit_fair_drawdown_cents>=15,15,0.2830188679245283,-27.770002,3.9199979999999996,6,9,-14.899999999999997,-7.980002000000001,-4.89,4,9,2,False,False
suppress_collapse_exit_if_exit_exit_bid_cents>=60,18,0.33962264150943394,-27.779179999999997,3.9108200000000046,13,5,-7.86918,-19.660000000000004,-0.25000000000000006,10,4,4,False,False
suppress_collapse_exit_if_exit_exit_bid_cents>=60 AND exit_entry_basis_cents>=65,18,0.33962264150943394,-27.779179999999997,3.9108200000000046,13,5,-7.86918,-19.660000000000004,-0.25000000000000006,10,4,4,False,False
suppress_collapse_exit_if_exit_exit_bid_cents>=60 AND exit_entry_basis_cents>=70,18,0.33962264150943394,-27.779179999999997,3.9108200000000046,13,5,-7.86918,-19.660000000000004,-0.25000000000000006,10,4,4,False,False
suppress_collapse_exit_if_exit_entry_basis_cents>=80 AND exit_fair_drawdown_cents>=15,7,0.1320754716981132,-27.780002,3.9099980000000016,4,3,-10.749999999999998,-13.410002,-3.62,1,4,2,False,False
suppress_collapse_exit_if_exit_btc_age_ms<=300 AND entry_to_exit_loss_cents>=10,25,0.4716981132075472,-27.799182000000005,3.890817999999996,13,12,-7.48918,-13.910002,-6.4,13,9,3,False,False
suppress_collapse_exit_if_exit_entry_basis_cents>=75 AND exit_fair_drawdown_cents>=15,9,0.16981132075471697,-27.800002,3.889998000000002,5,4,-11.819999999999999,-12.360002,-3.62,2,5,2,False,False
suppress_collapse_exit_if_exit_p_hold>=0.65 AND exit_fair_drawdown_cents<=10,10,0.18867924528301888,-27.82,3.870000000000001,7,3,-7.97,-16.98,-2.87,5,2,3,False,False
suppress_collapse_exit_if_exit_fair_drawdown_cents<=12 AND exit_sigma_t_dollars>=50,19,0.3584905660377358,-27.820000000000004,3.8699999999999974,12,7,-2.72,-20.200000000000003,-4.9,9,5,5,False,False
suppress_collapse_exit_if_entry_to_exit_loss_cents>=20 AND fair_minus_exit_bid_cents>=5,14,0.2641509433962264,-27.87,3.8200000000000003,6,8,-10.709999999999999,-13.88,-3.2800000000000002,4,10,0,True,False
suppress_collapse_exit_if_exit_p_hold>=0.65 AND position_seconds<=45,13,0.24528301886792453,-27.89,3.8000000000000007,10,3,-9.43,-17.400000000000002,-1.06,8,2,3,False,False
suppress_collapse_exit_if_exit_exit_bid_cents>=60 AND entry_to_exit_loss_cents>=15,7,0.1320754716981132,-27.899179999999998,3.7908200000000036,6,1,-8.109179999999999,-18.040000000000003,-1.7499999999999998,4,1,2,False,False
suppress_collapse_exit_if_exit_fair_drawdown_cents>=15 AND fair_minus_exit_bid_cents>=15,4,0.07547169811320754,-27.900000000000002,3.789999999999999,2,2,-11.6,-13.02,-3.2800000000000002,0,4,0,True,False
suppress_collapse_exit_if_exit_p_hold<=0.6 AND exit_sigma_t_dollars>=50,17,0.32075471698113206,-27.900002000000004,3.789997999999997,7,10,-13.639999999999999,-8.940002000000002,-5.319999999999999,5,10,2,False,False
suppress_collapse_exit_if_exit_entry_basis_cents>=70 AND exit_fair_drawdown_cents>=15,12,0.22641509433962265,-27.950001999999998,3.7399980000000035,6,6,-14.899999999999997,-9.430002,-3.62,4,6,2,False,False
suppress_collapse_exit_if_exit_entry_basis_cents>=80 AND exit_p_hold<=0.6,5,0.09433962264150944,-27.970002000000004,3.719997999999997,3,2,-10.749999999999998,-12.880002000000001,-4.34,1,3,1,False,False
suppress_collapse_exit_if_exit_entry_basis_cents>=80 AND exit_fair_drawdown_cents>=20,5,0.09433962264150944,-27.970002000000004,3.719997999999997,3,2,-10.749999999999998,-12.880002000000001,-4.34,1,3,1,False,False
suppress_collapse_exit_if_exit_exit_bid_cents<=45 AND exit_entry_basis_cents>=65,8,0.1509433962264151,-27.98,3.710000000000001,3,5,-11.6,-12.549999999999999,-3.83,0,7,1,False,False
suppress_collapse_exit_if_exit_exit_bid_cents<=45 AND exit_fair_drawdown_cents>=15,9,0.16981132075471697,-27.990000000000002,3.6999999999999993,3,6,-11.6,-12.56,-3.83,0,8,1,False,False
suppress_collapse_exit_if_exit_entry_basis_cents>=75 AND exit_p_hold<=0.6,7,0.1320754716981132,-27.990002,3.699998000000001,4,3,-11.819999999999999,-11.830002,-4.34,2,4,1,False,False
suppress_collapse_exit_if_exit_exit_bid_cents>=50 AND exit_fair_drawdown_cents<=12,21,0.39622641509433965,-28.010000000000005,3.679999999999996,13,8,-2.91,-20.200000000000003,-4.9,11,5,5,False,False
suppress_collapse_exit_if_position_seconds<=45 AND entry_to_exit_loss_cents>=15,15,0.2830188679245283,-28.049999999999997,3.640000000000004,9,6,-8.570000000000002,-15.62,-3.8600000000000003,9,2,4,False,False
suppress_collapse_exit_if_exit_sigma_t_dollars>=50 AND exit_btc_age_ms<=100,14,0.2641509433962264,-28.060002000000004,3.629997999999997,8,6,-10.159999999999998,-12.550002000000003,-5.35,7,5,2,False,False
suppress_collapse_exit_if_exit_btc_age_ms<=500 AND entry_to_exit_loss_cents>=10,31,0.5849056603773585,-28.069182000000005,3.6208179999999963,15,16,-7.06918,-14.050002000000001,-6.949999999999999,17,10,4,False,False
suppress_collapse_exit_if_exit_exit_bid_cents<=45 AND entry_to_exit_loss_cents>=15,12,0.22641509433962265,-28.080000000000002,3.6099999999999994,4,8,-11.74,-13.06,-3.2800000000000002,3,9,0,False,False
suppress_collapse_exit_if_exit_exit_bid_cents<=45 AND entry_to_exit_loss_cents>=20,12,0.22641509433962265,-28.080000000000002,3.6099999999999994,4,8,-11.74,-13.06,-3.2800000000000002,3,9,0,False,False
suppress_collapse_exit_if_exit_fair_drawdown_cents>=15 AND position_seconds>=180,4,0.07547169811320754,-28.100002000000003,3.589997999999998,2,2,-13.759999999999996,-11.060002,-3.2800000000000002,1,3,0,False,False
suppress_collapse_exit_if_exit_entry_basis_cents>=70 AND exit_p_hold<=0.6,10,0.18867924528301888,-28.140002,3.549998000000002,5,5,-14.899999999999997,-8.900002,-4.34,4,5,1,False,False
suppress_collapse_exit_if_exit_entry_basis_cents>=75 AND exit_btc_age_ms<=500,17,0.32075471698113206,-28.169182000000003,3.5208179999999984,10,7,-7.77918,-14.970002000000003,-5.42,9,6,2,False,False
suppress_collapse_exit_if_exit_fair_drawdown_cents>=15 AND position_seconds>=90,7,0.1320754716981132,-28.170002,3.519998000000001,3,4,-13.759999999999996,-11.130002000000001,-3.2800000000000002,1,6,0,False,False
suppress_collapse_exit_if_exit_exit_bid_cents>=55 AND exit_fair_drawdown_cents<=12,15,0.2830188679245283,-28.180000000000003,3.509999999999998,10,5,-3.96,-20.300000000000004,-3.92,8,3,4,False,False
suppress_collapse_exit_if_exit_p_hold<=0.55 AND exit_sigma_t_dollars>=75,4,0.07547169811320754,-28.180002,3.5099979999999995,2,2,-12.520000000000001,-12.380002000000001,-3.2800000000000002,1,3,0,False,False
suppress_collapse_exit_if_exit_fair_drawdown_cents>=15 AND fair_minus_exit_bid_cents<=0,4,0.07547169811320754,-28.190002,3.4999980000000015,3,1,-11.819999999999999,-13.810002,-2.5600000000000005,2,1,1,False,False
suppress_collapse_exit_if_exit_fair_drawdown_cents>=18 AND fair_minus_exit_bid_cents<=0,4,0.07547169811320754,-28.190002,3.4999980000000015,3,1,-11.819999999999999,-13.810002,-2.5600000000000005,2,1,1,False,False
suppress_collapse_exit_if_entry_to_exit_loss_cents>=15 AND fair_minus_exit_bid_cents<=0,4,0.07547169811320754,-28.190002,3.4999980000000015,3,1,-11.819999999999999,-13.810002,-2.5600000000000005,2,1,1,False,False
suppress_collapse_exit_if_exit_entry_basis_cents>=70 AND exit_sigma_t_dollars>=50,31,0.5849056603773585,-28.229182,3.4608179999999997,18,13,-10.829180000000001,-13.950002000000003,-3.45,14,10,7,False,False
suppress_collapse_exit_if_exit_exit_bid_cents<=50 AND exit_sigma_t_dollars>=75,4,0.07547169811320754,-28.250000000000004,3.4399999999999977,2,2,-12.520000000000001,-12.45,-3.2800000000000002,1,3,0,False,False
suppress_collapse_exit_if_exit_p_hold>=0.6 AND exit_fair_drawdown_cents<=18,30,0.5660377358490566,-28.25918,3.4308200000000006,18,12,-3.3191800000000002,-21.830000000000005,-3.1100000000000003,17,8,5,False,False
suppress_collapse_exit_if_exit_exit_bid_cents>=60 AND exit_btc_age_ms<=500,9,0.16981132075471697,-28.259180000000004,3.430819999999997,7,2,-7.1391800000000005,-17.840000000000003,-3.2800000000000002,8,1,0,False,False
suppress_collapse_exit_if_exit_entry_basis_cents>=70 AND position_seconds<=180,28,0.5283018867924528,-28.289179999999998,3.400820000000003,17,11,-7.85918,-16.980000000000004,-3.45,14,7,7,False,False
suppress_collapse_exit_if_exit_entry_basis_cents>=75 AND exit_fair_drawdown_cents>=18,7,0.1320754716981132,-28.320002000000002,3.369997999999999,4,3,-11.819999999999999,-12.880002000000001,-3.62,2,3,2,False,False
suppress_collapse_exit_if_exit_exit_bid_cents>=65 AND exit_sigma_t_dollars>=75,7,0.1320754716981132,-28.33918,3.3508200000000024,6,1,-9.239180000000001,-18.040000000000003,-1.06,3,1,3,False,False
suppress_collapse_exit_if_exit_p_hold>=0.6 AND entry_to_exit_loss_cents>=10,26,0.49056603773584906,-28.34918,3.340820000000001,16,10,-2.3391800000000007,-22.89,-3.12,14,7,5,False,False
suppress_collapse_exit_if_exit_exit_bid_cents<=45 AND exit_btc_age_ms<=300,6,0.11320754716981132,-28.35,3.34,3,3,-10.339999999999998,-14.729999999999999,-3.2800000000000002,1,5,0,True,False
suppress_collapse_exit_if_exit_fair_drawdown_cents<=12 AND position_seconds<=45,17,0.32075471698113206,-28.350000000000005,3.3399999999999963,11,6,-5.54,-19.0,-3.8099999999999996,11,2,4,False,False
suppress_collapse_exit_if_exit_fair_drawdown_cents>=15 AND exit_btc_age_ms<=300,10,0.18867924528301888,-28.360002000000005,3.3299979999999962,5,5,-14.899999999999997,-10.180002,-3.2800000000000002,4,6,0,False,False
suppress_collapse_exit_if_exit_p_hold<=0.6 AND position_seconds>=90,8,0.1509433962264151,-28.390002000000003,3.2999979999999987,3,5,-14.51,-10.600002,-3.2800000000000002,3,5,0,False,False
suppress_collapse_exit_if_exit_fair_drawdown_cents>=20 AND exit_sigma_t_dollars>=75,6,0.11320754716981132,-28.400002000000004,3.289997999999997,3,3,-12.74,-12.380002000000001,-3.2800000000000002,3,3,0,False,False
suppress_collapse_exit_if_exit_entry_basis_cents>=80 AND fair_minus_exit_bid_cents<=0,4,0.07547169811320754,-28.410002,3.2799980000000026,3,1,-12.040000000000001,-13.810002,-2.5600000000000005,2,1,1,False,False
suppress_collapse_exit_if_exit_fair_drawdown_cents<=18 AND exit_fair_drawdown_cents>=15,4,0.07547169811320754,-28.42,3.2699999999999996,2,2,-11.6,-13.54,-3.2800000000000002,0,4,0,True,False
suppress_collapse_exit_if_exit_p_hold<=0.6 AND exit_btc_age_ms<=100,9,0.16981132075471697,-28.430002,3.2599979999999995,5,4,-12.649999999999997,-11.520002000000002,-4.26,4,4,1,False,False
suppress_collapse_exit_if_exit_entry_basis_cents>=65 AND exit_btc_age_ms>=500,15,0.2830188679245283,-28.439999999999998,3.2500000000000036,9,6,-10.309999999999999,-16.82,-1.3099999999999998,4,6,5,False,False
suppress_collapse_exit_if_exit_entry_basis_cents>=70,34,0.6415094339622641,-28.449182000000004,3.2408179999999973,19,15,-10.019179999999999,-14.980002,-3.45,15,12,7,False,False
suppress_collapse_exit_if_exit_entry_basis_cents>=80 AND position_seconds<=45,11,0.20754716981132076,-28.46,3.2300000000000004,8,3,-10.189999999999998,-14.649999999999999,-3.62,7,2,2,False,False
suppress_collapse_exit_if_exit_sigma_t_dollars>=50 AND exit_btc_age_ms<=300,25,0.4716981132075472,-28.469182000000007,3.220817999999994,13,12,-7.699180000000001,-14.370002000000001,-6.4,13,9,3,False,False
suppress_collapse_exit_if_exit_btc_age_ms<=500 AND fair_minus_exit_bid_cents>=5,21,0.39622641509433965,-28.500000000000004,3.1899999999999977,10,11,-6.94,-15.59,-5.97,9,9,3,False,False
suppress_collapse_exit_if_exit_entry_basis_cents>=65 AND exit_btc_age_ms<=100,12,0.22641509433962265,-28.510002000000004,3.1799979999999977,7,5,-11.42,-12.720002000000001,-4.37,6,5,1,False,False
suppress_collapse_exit_if_position_seconds>=90 AND fair_minus_exit_bid_cents>=15,8,0.1509433962264151,-28.52,3.1700000000000017,3,5,-11.210000000000003,-14.030000000000001,-3.2800000000000002,3,5,0,True,False
suppress_collapse_exit_if_exit_fair_drawdown_cents<=8 AND position_seconds<=45,8,0.1509433962264151,-28.520000000000003,3.169999999999998,6,2,-8.97,-17.770000000000003,-1.78,5,1,2,False,False
suppress_collapse_exit_if_exit_exit_bid_cents<=50 AND exit_p_hold<=0.6,13,0.24528301886792453,-28.550000000000004,3.139999999999997,4,9,-12.69,-12.03,-3.83,5,7,1,False,False
suppress_collapse_exit_if_exit_btc_age_ms<=100 AND entry_to_exit_loss_cents>=10,15,0.2830188679245283,-28.560002000000004,3.129997999999997,8,7,-10.159999999999998,-13.050002000000003,-5.35,7,6,2,False,False
suppress_collapse_exit_if_exit_entry_basis_cents>=75 AND position_seconds<=90,20,0.37735849056603776,-28.569179999999996,3.1208200000000055,13,7,-8.50918,-15.88,-4.180000000000001,11,3,6,False,False
suppress_collapse_exit_if_exit_exit_bid_cents>=60 AND exit_sigma_t_dollars>=50,17,0.32075471698113206,-28.58918,3.1008200000000024,12,5,-8.679179999999999,-19.660000000000004,-0.25000000000000006,9,4,4,False,False
suppress_collapse_exit_if_exit_exit_bid_cents>=50 AND exit_fair_drawdown_cents<=15,29,0.5471698113207547,-28.589180000000002,3.100819999999999,18,11,-2.73918,-21.760000000000005,-4.09,16,7,6,False,False
suppress_collapse_exit_if_exit_exit_bid_cents>=50 AND exit_entry_basis_cents<=70,8,0.1509433962264151,-28.590000000000003,3.099999999999998,5,3,-7.62,-16.71,-4.26,5,2,1,False,False
suppress_collapse_exit_if_exit_exit_bid_cents>=60 AND exit_p_hold>=0.6,17,0.32075471698113206,-28.629179999999998,3.060820000000003,12,5,-8.719180000000001,-19.660000000000004,-0.25000000000000006,9,4,4,False,False
suppress_collapse_exit_if_exit_p_hold>=0.65 AND position_seconds<=90,16,0.3018867924528302,-28.629179999999998,3.060820000000003,11,5,-9.079180000000001,-17.400000000000002,-2.1500000000000004,10,2,4,False,False
suppress_collapse_exit_if_exit_exit_bid_cents>=60 AND fair_minus_exit_bid_cents>=0,14,0.2641509433962264,-28.659179999999996,3.0308200000000056,10,4,-8.02918,-19.660000000000004,-0.97,7,4,3,False,False
suppress_collapse_exit_if_exit_exit_bid_cents<=45 AND entry_to_exit_loss_cents>=10,14,0.2641509433962264,-28.660000000000004,3.0299999999999976,4,10,-11.770000000000001,-13.06,-3.83,4,9,1,False,False
suppress_collapse_exit_if_exit_entry_basis_cents>=65 AND fair_minus_exit_bid_cents>=10,11,0.20754716981132076,-28.660000000000004,3.0299999999999976,5,6,-7.61,-16.13,-4.92,3,6,2,False,False
suppress_collapse_exit_if_exit_exit_bid_cents>=50 AND exit_p_hold>=0.7,9,0.16981132075471697,-28.66918,3.0208200000000005,7,2,-7.879180000000002,-19.01,-1.78,6,1,2,False,False
suppress_collapse_exit_if_exit_exit_bid_cents>=55 AND exit_p_hold>=0.7,9,0.16981132075471697,-28.66918,3.0208200000000005,7,2,-7.879180000000002,-19.01,-1.78,6,1,2,False,False
suppress_collapse_exit_if_exit_entry_basis_cents>=65 AND exit_p_hold>=0.7,9,0.16981132075471697,-28.66918,3.0208200000000005,7,2,-7.879180000000002,-19.01,-1.78,6,1,2,False,False
suppress_collapse_exit_if_exit_p_hold>=0.6 AND exit_btc_age_ms<=500,18,0.33962264150943394,-28.669180000000004,3.020819999999997,11,7,-3.7691800000000004,-19.480000000000004,-5.42,12,4,2,False,False
suppress_collapse_exit_if_exit_exit_bid_cents>=50 AND exit_btc_age_ms<=500,24,0.4528301886792453,-28.699182000000004,2.9908179999999973,14,10,-6.409180000000001,-15.890002000000003,-6.4,15,6,3,False,False
suppress_collapse_exit_if_exit_btc_age_ms>=500 AND fair_minus_exit_bid_cents>=5,9,0.16981132075471697,-28.7,2.990000000000002,4,5,-11.19,-15.0,-2.51,5,3,1,True,False
suppress_collapse_exit_if_exit_p_hold>=0.65 AND exit_sigma_t_dollars>=75,10,0.18867924528301888,-28.739179999999998,2.9508200000000038,8,2,-8.499179999999999,-19.180000000000003,-1.06,4,3,3,False,False
suppress_collapse_exit_if_exit_entry_basis_cents>=70 AND exit_fair_drawdown_cents<=18,25,0.4716981132075472,-28.73918,2.95082,15,10,-6.719180000000001,-18.91,-3.1100000000000003,11,9,5,False,False
suppress_collapse_exit_if_exit_entry_basis_cents>=70 AND fair_minus_exit_bid_cents>=15,4,0.07547169811320754,-28.76,2.9299999999999997,2,2,-10.569999999999999,-14.91,-3.2800000000000002,1,3,0,True,False
suppress_collapse_exit_if_exit_fair_drawdown_cents>=18 AND exit_btc_age_ms<=100,5,0.09433962264150944,-28.760002000000004,2.9299979999999977,3,2,-12.909999999999998,-12.570001999999999,-3.2800000000000002,2,3,0,False,False
suppress_collapse_exit_if_entry_to_exit_loss_cents>=15 AND fair_minus_exit_bid_cents>=15,8,0.1509433962264151,-28.77,2.9200000000000017,3,5,-11.97,-13.52,-3.2800000000000002,3,5,0,False,False
suppress_collapse_exit_if_entry_to_exit_loss_cents>=20 AND fair_minus_exit_bid_cents>=15,8,0.1509433962264151,-28.77,2.9200000000000017,3,5,-11.97,-13.52,-3.2800000000000002,3,5,0,False,False
suppress_collapse_exit_if_exit_p_hold<=0.6 AND fair_minus_exit_bid_cents>=15,5,0.09433962264150944,-28.77,2.9200000000000017,2,3,-13.000000000000002,-12.489999999999998,-3.2800000000000002,2,3,0,False,False
suppress_collapse_exit_if_exit_btc_age_ms<=300 AND entry_to_exit_loss_cents>=20,14,0.2641509433962264,-28.770002,2.9199979999999996,7,7,-12.610000000000001,-12.880002,-3.2800000000000002,6,8,0,False,False
suppress_collapse_exit_if_exit_btc_age_ms<=500 AND entry_to_exit_loss_cents>=15,23,0.4339622641509434,-28.799182000000002,2.8908179999999994,11,12,-10.35918,-13.020002,-5.42,12,9,2,False,False
suppress_collapse_exit_if_exit_entry_basis_cents>=70 AND fair_minus_exit_bid_cents>=5,13,0.24528301886792453,-28.8,2.8900000000000006,7,6,-9.020000000000001,-15.13,-4.65,3,7,3,False,False
suppress_collapse_exit_if_exit_p_hold<=0.6 AND position_seconds>=180,5,0.09433962264150944,-28.820002000000002,2.869997999999999,2,3,-14.479999999999999,-11.060002,-3.2800000000000002,2,3,0,False,False
suppress_collapse_exit_if_exit_entry_basis_cents>=75 AND exit_p_hold<=0.55,4,0.07547169811320754,-28.820002000000002,2.869997999999999,2,2,-11.6,-12.880002000000001,-4.34,0,3,1,False,False
suppress_collapse_exit_if_exit_entry_basis_cents>=80 AND exit_p_hold<=0.55,4,0.07547169811320754,-28.820002000000002,2.869997999999999,2,2,-11.6,-12.880002000000001,-4.34,0,3,1,False,False
suppress_collapse_exit_if_exit_exit_bid_cents<=45 AND exit_entry_basis_cents>=70,5,0.09433962264150944,-28.86,2.830000000000002,2,3,-11.6,-13.979999999999999,-3.2800000000000002,0,5,0,True,False
suppress_collapse_exit_if_exit_fair_drawdown_cents>=20 AND exit_sigma_t_dollars>=50,10,0.18867924528301888,-28.860002,2.829998,4,6,-12.74,-11.780002000000001,-4.34,3,6,1,False,False
suppress_collapse_exit_if_exit_fair_drawdown_cents>=20 AND entry_to_exit_loss_cents>=15,10,0.18867924528301888,-28.860002,2.829998,4,6,-12.74,-11.780002000000001,-4.34,3,6,1,False,False
suppress_collapse_exit_if_exit_fair_drawdown_cents>=20 AND entry_to_exit_loss_cents>=20,10,0.18867924528301888,-28.860002,2.829998,4,6,-12.74,-11.780002000000001,-4.34,3,6,1,False,False
suppress_collapse_exit_if_position_seconds<=180 AND fair_minus_exit_bid_cents>=15,8,0.1509433962264151,-28.87,2.8200000000000003,4,4,-10.88,-14.71,-3.2800000000000002,5,3,0,True,False
suppress_collapse_exit_if_exit_entry_basis_cents>=65 AND fair_minus_exit_bid_cents<=0,6,0.11320754716981132,-28.880001999999998,2.8099980000000038,4,2,-12.51,-13.810002,-2.5600000000000005,4,1,1,False,False
suppress_collapse_exit_if_exit_entry_basis_cents>=70 AND fair_minus_exit_bid_cents<=0,6,0.11320754716981132,-28.880001999999998,2.8099980000000038,4,2,-12.51,-13.810002,-2.5600000000000005,4,1,1,False,False
suppress_collapse_exit_if_exit_sigma_t_dollars>=50 AND fair_minus_exit_bid_cents<=0,6,0.11320754716981132,-28.880001999999998,2.8099980000000038,4,2,-12.51,-13.810002,-2.5600000000000005,4,1,1,False,False
suppress_collapse_exit_if_exit_fair_drawdown_cents<=10 AND entry_to_exit_loss_cents>=10,13,0.24528301886792453,-28.890000000000004,2.799999999999997,7,6,-6.2700000000000005,-18.040000000000003,-4.58,9,1,3,False,False
suppress_collapse_exit_if_exit_btc_age_ms<=500 AND fair_minus_exit_bid_cents>=15,9,0.16981132075471697,-28.900000000000002,2.789999999999999,4,5,-10.76,-14.86,-3.2800000000000002,5,4,0,True,False
suppress_collapse_exit_if_exit_exit_bid_cents<=50 AND exit_entry_basis_cents>=65,9,0.16981132075471697,-28.900000000000002,2.789999999999999,3,6,-12.520000000000001,-12.549999999999999,-3.83,1,7,1,False,False
suppress_collapse_exit_if_exit_fair_drawdown_cents<=18 AND fair_minus_exit_bid_cents>=15,11,0.20754716981132076,-28.910000000000004,2.7799999999999976,4,7,-11.6,-14.030000000000001,-3.2800000000000002,6,5,0,True,False
suppress_collapse_exit_if_exit_exit_bid_cents<=50 AND exit_fair_drawdown_cents>=15,10,0.18867924528301888,-28.910000000000004,2.7799999999999976,3,7,-12.520000000000001,-12.56,-3.83,1,8,1,False,False
suppress_collapse_exit_if_exit_fair_drawdown_cents>=20 AND fair_minus_exit_bid_cents<=0,3,0.05660377358490566,-28.910002000000002,2.779997999999999,2,1,-11.819999999999999,-13.810002,-3.2800000000000002,2,1,0,False,False
suppress_collapse_exit_if_entry_to_exit_loss_cents>=20 AND fair_minus_exit_bid_cents<=0,3,0.05660377358490566,-28.910002000000002,2.779997999999999,2,1,-11.819999999999999,-13.810002,-3.2800000000000002,2,1,0,False,False
suppress_collapse_exit_if_exit_entry_basis_cents>=65 AND entry_to_exit_loss_cents>=20,16,0.3018867924528302,-28.910002000000002,2.779997999999999,7,9,-13.87,-10.700002,-4.34,5,10,1,False,False
suppress_collapse_exit_if_exit_p_hold<=0.6 AND entry_to_exit_loss_cents>=10,20,0.37735849056603776,-28.920002000000007,2.769997999999994,7,13,-15.070000000000002,-7.980002000000001,-5.869999999999999,8,9,3,False,False
suppress_collapse_exit_if_exit_entry_basis_cents>=75 AND exit_btc_age_ms<=100,9,0.16981132075471697,-28.930002,2.7599979999999995,5,4,-10.269999999999998,-14.290002000000001,-4.37,4,4,1,False,False
suppress_collapse_exit_if_exit_entry_basis_cents<=70 AND fair_minus_exit_bid_cents>=0,18,0.33962264150943394,-28.970000000000002,2.719999999999999,7,11,-8.37,-15.79,-4.81,10,6,2,False,False
suppress_collapse_exit_if_exit_exit_bid_cents<=50 AND entry_to_exit_loss_cents>=15,13,0.24528301886792453,-29.000000000000004,2.6899999999999977,4,9,-12.660000000000002,-13.06,-3.2800000000000002,4,9,0,False,False
suppress_collapse_exit_if_exit_exit_bid_cents<=50 AND entry_to_exit_loss_cents>=20,13,0.24528301886792453,-29.000000000000004,2.6899999999999977,4,9,-12.660000000000002,-13.06,-3.2800000000000002,4,9,0,False,False
suppress_collapse_exit_if_exit_entry_basis_cents>=75 AND exit_btc_age_ms<=300,16,0.3018867924528302,-29.019182,2.6708180000000006,9,7,-8.62918,-14.970002000000003,-5.42,8,6,2,False,False
suppress_collapse_exit_if_exit_btc_age_ms>=500 AND position_seconds<=45,11,0.20754716981132076,-29.019999999999996,2.6700000000000053,8,3,-10.309999999999999,-17.400000000000002,-1.3099999999999998,4,2,5,False,False
suppress_collapse_exit_if_exit_fair_drawdown_cents>=15 AND fair_minus_exit_bid_cents>=10,6,0.11320754716981132,-29.040000000000003,2.6499999999999986,2,4,-11.6,-13.61,-3.83,0,5,1,False,False
suppress_collapse_exit_if_exit_entry_basis_cents>=75 AND exit_fair_drawdown_cents>=20,6,0.11320754716981132,-29.040002000000005,2.6499979999999965,3,3,-11.819999999999999,-12.880002000000001,-4.34,2,3,1,False,False
suppress_collapse_exit_if_exit_fair_drawdown_cents>=15 AND exit_btc_age_ms<=500,12,0.22641509433962265,-29.050002000000006,2.639997999999995,5,7,-14.899999999999997,-10.320002,-3.83,4,7,1,False,False
suppress_collapse_exit_if_exit_exit_bid_cents>=55 AND exit_p_hold>=0.6,23,0.4339622641509434,-29.06918,2.620820000000002,15,8,-4.81918,-21.860000000000003,-2.3900000000000006,12,5,6,False,False
suppress_collapse_exit_if_exit_exit_bid_cents>=50 AND fair_minus_exit_bid_cents>=0,29,0.5471698113207547,-29.069180000000003,2.6208199999999984,18,11,-3.20918,-20.710000000000004,-5.1499999999999995,14,8,7,False,False
suppress_collapse_exit_if_exit_exit_bid_cents<=45 AND fair_minus_exit_bid_cents>=5,14,0.2641509433962264,-29.07,2.620000000000001,4,10,-12.51,-12.73,-3.83,5,8,1,False,False
suppress_collapse_exit_if_exit_entry_basis_cents<=70 AND position_seconds<=180,17,0.32075471698113206,-29.070000000000004,2.6199999999999974,7,10,-8.65,-15.61,-4.81,10,5,2,False,False
suppress_collapse_exit_if_exit_fair_drawdown_cents<=12 AND position_seconds<=180,24,0.4528301886792453,-29.070000000000004,2.6199999999999974,13,11,-5.200000000000001,-18.970000000000002,-4.9,15,4,5,False,False
suppress_collapse_exit_if_exit_entry_basis_cents>=65 AND exit_fair_drawdown_cents>=20,10,0.18867924528301888,-29.080002,2.609998000000001,4,6,-12.74,-11.450002,-4.89,3,5,2,False,False
suppress_collapse_exit_if_exit_btc_age_ms<=300 AND position_seconds<=90,20,0.37735849056603776,-29.089180000000002,2.600819999999999,11,9,-7.67918,-15.01,-6.4,13,4,3,False,False
suppress_collapse_exit_if_exit_sigma_t_dollars>=50 AND position_seconds>=90,11,0.20754716981132076,-29.090002000000002,2.5999979999999994,5,6,-11.81,-14.000002000000002,-3.2800000000000002,2,9,0,False,False
suppress_collapse_exit_if_exit_exit_bid_cents>=55 AND fair_minus_exit_bid_cents>=0,20,0.37735849056603776,-29.09918,2.590820000000001,13,7,-4.12918,-21.860000000000003,-3.1100000000000003,10,5,5,False,False
suppress_collapse_exit_if_exit_exit_bid_cents>=60 AND exit_entry_basis_cents>=75,16,0.3018867924528302,-29.109179999999995,2.5808200000000063,11,5,-8.469180000000001,-19.660000000000004,-0.98,9,4,3,False,False
suppress_collapse_exit_if_exit_exit_bid_cents>=60 AND entry_to_exit_loss_cents>=10,16,0.3018867924528302,-29.109179999999995,2.5808200000000063,11,5,-8.469180000000001,-19.660000000000004,-0.98,9,4,3,False,False
suppress_collapse_exit_if_exit_exit_bid_cents>=60 AND exit_btc_age_ms<=300,8,0.1509433962264151,-29.109180000000002,2.5808199999999992,6,2,-7.98918,-17.840000000000003,-3.2800000000000002,7,1,0,False,False
suppress_collapse_exit_if_exit_btc_age_ms<=500,36,0.6792452830188679,-29.109182000000004,2.580817999999997,17,19,-8.20918,-13.950002,-6.949999999999999,20,12,4,False,False
suppress_collapse_exit_if_exit_fair_drawdown_cents<=18 AND exit_btc_age_ms>=500,15,0.2830188679245283,-29.12,2.5700000000000003,8,7,-11.919999999999998,-16.23,-0.97,7,5,3,False,False
suppress_collapse_exit_if_exit_fair_drawdown_cents<=10 AND fair_minus_exit_bid_cents>=5,14,0.2641509433962264,-29.130000000000003,2.5599999999999987,7,7,-8.819999999999999,-16.71,-3.6,10,2,2,False,False
suppress_collapse_exit_if_exit_fair_drawdown_cents<=18 AND entry_to_exit_loss_cents>=15,18,0.33962264150943394,-29.139179999999996,2.550820000000005,9,9,-7.0591800000000005,-17.47,-4.61,8,7,3,False,False
suppress_collapse_exit_if_exit_fair_drawdown_cents<=15 AND fair_minus_exit_bid_cents>=0,33,0.6226415094339622,-29.14918,2.54082,18,15,-2.7991800000000002,-22.260000000000005,-4.09,19,8,6,False,False
suppress_collapse_exit_if_exit_btc_age_ms<=300,28,0.5283018867924528,-29.159182000000005,2.5308179999999965,14,14,-7.8891800000000005,-14.870002000000001,-6.4,15,10,3,False,False
suppress_collapse_exit_if_exit_p_hold<=0.55 AND exit_fair_drawdown_cents>=20,9,0.16981132075471697,-29.190002,2.4999980000000015,3,6,-12.520000000000001,-11.780002000000001,-4.89,1,6,2,False,False
suppress_collapse_exit_if_exit_btc_age_ms>=500 AND entry_to_exit_loss_cents>=10,15,0.2830188679245283,-29.199999999999996,2.4900000000000055,8,7,-10.34,-16.82,-2.04,5,6,4,False,False
suppress_collapse_exit_if_exit_entry_basis_cents<=70 AND exit_fair_drawdown_cents<=8,10,0.18867924528301888,-29.220000000000002,2.469999999999999,5,5,-9.230000000000002,-16.71,-3.2800000000000002,8,2,0,True,False
suppress_collapse_exit_if_exit_fair_drawdown_cents>=18 AND exit_btc_age_ms<=300,8,0.1509433962264151,-29.230002000000002,2.459997999999999,4,4,-14.899999999999997,-11.050002,-3.2800000000000002,4,4,0,False,False
suppress_collapse_exit_if_exit_p_hold>=0.6 AND fair_minus_exit_bid_cents>=5,16,0.3018867924528302,-29.250000000000004,2.4399999999999977,9,7,-5.62,-18.98,-4.65,9,4,3,False,False
suppress_collapse_exit_if_exit_fair_drawdown_cents<=8 AND position_seconds<=90,9,0.16981132075471697,-29.26,2.4299999999999997,6,3,-9.709999999999999,-17.770000000000003,-1.78,6,1,2,False,False
suppress_collapse_exit_if_exit_p_hold>=0.65 AND entry_to_exit_loss_cents<=10,5,0.09433962264150944,-29.27,2.4200000000000017,4,1,-11.74,-15.75,-1.78,2,1,2,False,False
suppress_collapse_exit_if_exit_exit_bid_cents<=50 AND exit_btc_age_ms<=300,7,0.1320754716981132,-29.27,2.4200000000000017,3,4,-11.26,-14.729999999999999,-3.2800000000000002,2,5,0,True,False
suppress_collapse_exit_if_exit_exit_bid_cents>=55,25,0.4716981132075472,-29.289179999999998,2.400820000000003,16,9,-5.039180000000001,-21.860000000000003,-2.3900000000000006,14,5,6,False,False
suppress_collapse_exit_if_exit_exit_bid_cents>=55 AND exit_entry_basis_cents>=65,25,0.4716981132075472,-29.289179999999998,2.400820000000003,16,9,-5.039180000000001,-21.860000000000003,-2.3900000000000006,14,5,6,False,False
suppress_collapse_exit_if_exit_fair_drawdown_cents<=10 AND position_seconds<=180,19,0.3584905660377358,-29.32,2.370000000000001,10,9,-7.530000000000001,-17.94,-3.8499999999999996,12,3,4,False,False
suppress_collapse_exit_if_exit_exit_bid_cents>=50 AND exit_p_hold>=0.65,20,0.37735849056603776,-29.33918,2.3508200000000024,13,7,-6.3891800000000005,-20.800000000000004,-2.1500000000000004,10,6,4,False,False
suppress_collapse_exit_if_exit_exit_bid_cents>=60 AND exit_fair_drawdown_cents<=15,16,0.3018867924528302,-29.34918,2.340820000000001,11,5,-8.719180000000001,-19.660000000000004,-0.97,9,4,3,False,False
suppress_collapse_exit_if_exit_exit_bid_cents>=60 AND exit_fair_drawdown_cents<=18,16,0.3018867924528302,-29.34918,2.340820000000001,11,5,-8.719180000000001,-19.660000000000004,-0.97,9,4,3,False,False
suppress_collapse_exit_if_exit_entry_basis_cents<=70 AND exit_btc_age_ms<=300,9,0.16981132075471697,-29.35,2.34,4,5,-8.38,-16.71,-4.26,4,4,1,False,False
suppress_collapse_exit_if_exit_p_hold>=0.68 AND position_seconds<=45,9,0.16981132075471697,-29.360000000000003,2.3299999999999983,7,2,-10.18,-17.400000000000002,-1.78,5,2,2,False,False
suppress_collapse_exit_if_exit_btc_age_ms<=500 AND position_seconds<=90,26,0.49056603773584906,-29.379180000000005,2.310819999999996,13,13,-7.27918,-15.15,-6.949999999999999,17,5,4,False,False
suppress_collapse_exit_if_exit_p_hold>=0.65 AND fair_minus_exit_bid_cents>=5,12,0.22641509433962265,-29.38,2.3100000000000023,7,5,-6.8,-18.98,-3.6,6,4,2,False,False
suppress_collapse_exit_if_exit_entry_basis_cents>=75 AND entry_to_exit_loss_cents>=15,19,0.3584905660377358,-29.389181999999998,2.300818000000003,10,9,-8.14918,-16.290002,-4.95,6,8,5,False,False
suppress_collapse_exit_if_exit_exit_bid_cents<=45,15,0.2830188679245283,-29.400000000000002,2.289999999999999,4,11,-12.51,-13.06,-3.83,5,9,1,False,False
suppress_collapse_exit_if_exit_exit_bid_cents<=45 AND fair_minus_exit_bid_cents>=0,15,0.2830188679245283,-29.400000000000002,2.289999999999999,4,11,-12.51,-13.06,-3.83,5,9,1,False,False
suppress_collapse_exit_if_exit_p_hold>=0.7,10,0.18867924528301888,-29.409180000000003,2.2808199999999985,7,3,-8.61918,-19.01,-1.78,7,1,2,False,False
suppress_collapse_exit_if_exit_p_hold>=0.7 AND exit_fair_drawdown_cents<=15,10,0.18867924528301888,-29.409180000000003,2.2808199999999985,7,3,-8.61918,-19.01,-1.78,7,1,2,False,False
suppress_collapse_exit_if_exit_p_hold>=0.7 AND exit_fair_drawdown_cents<=18,10,0.18867924528301888,-29.409180000000003,2.2808199999999985,7,3,-8.61918,-19.01,-1.78,7,1,2,False,False
suppress_collapse_exit_if_exit_fair_drawdown_cents>=20,11,0.20754716981132076,-29.410002000000002,2.279997999999999,4,7,-12.74,-11.780002000000001,-4.89,3,6,2,False,False
suppress_collapse_exit_if_exit_p_hold<=0.6 AND exit_fair_drawdown_cents>=20,11,0.20754716981132076,-29.410002000000002,2.279997999999999,4,7,-12.74,-11.780002000000001,-4.89,3,6,2,False,False
suppress_collapse_exit_if_exit_fair_drawdown_cents>=20 AND entry_to_exit_loss_cents>=10,11,0.20754716981132076,-29.410002000000002,2.279997999999999,4,7,-12.74,-11.780002000000001,-4.89,3,6,2,False,False
suppress_collapse_exit_if_exit_p_hold>=0.65 AND fair_minus_exit_bid_cents>=15,6,0.11320754716981132,-29.42,2.2699999999999996,3,3,-9.359999999999998,-16.78,-3.2800000000000002,3,3,0,True,False
suppress_collapse_exit_if_exit_p_hold>=0.7 AND exit_btc_age_ms<=300,5,0.09433962264150944,-29.439180000000004,2.2508199999999974,4,1,-7.14918,-19.01,-3.2800000000000002,4,1,0,False,False
suppress_collapse_exit_if_exit_p_hold>=0.7 AND exit_sigma_t_dollars>=50,8,0.1509433962264151,-29.479180000000003,2.2108199999999982,6,2,-8.68918,-19.01,-1.78,5,1,2,False,False
suppress_collapse_exit_if_exit_entry_basis_cents>=75 AND fair_minus_exit_bid_cents<=0,5,0.09433962264150944,-29.480002,2.2099980000000023,3,2,-13.110000000000001,-13.810002,-2.5600000000000005,3,1,1,False,False
suppress_collapse_exit_if_entry_to_exit_loss_cents>=10 AND fair_minus_exit_bid_cents<=0,5,0.09433962264150944,-29.480002,2.2099980000000023,3,2,-13.110000000000001,-13.810002,-2.5600000000000005,3,1,1,False,False
suppress_collapse_exit_if_exit_entry_basis_cents>=80 AND position_seconds<=180,15,0.2830188679245283,-29.51918,2.1708200000000026,9,6,-9.09918,-16.800000000000004,-3.62,8,5,2,False,False
suppress_collapse_exit_if_exit_entry_basis_cents>=70 AND entry_to_exit_loss_cents>=15,22,0.41509433962264153,-29.539181999999997,2.1508180000000046,11,11,-11.229180000000001,-13.360002,-4.95,8,9,5,False,False
suppress_collapse_exit_if_exit_fair_drawdown_cents<=8 AND position_seconds>=90,4,0.07547169811320754,-29.55,2.1400000000000006,2,2,-10.520000000000001,-15.75,-3.2800000000000002,3,1,0,True,False
suppress_collapse_exit_if_entry_to_exit_loss_cents>=20,21,0.39622641509433965,-29.560002,2.1299980000000005,8,13,-14.01,-11.210002000000001,-4.34,8,12,1,False,False
suppress_collapse_exit_if_exit_btc_age_ms<=100,16,0.3018867924528302,-29.560002000000004,2.129997999999997,8,8,-11.159999999999998,-13.050002000000003,-5.35,8,6,2,False,False
suppress_collapse_exit_if_exit_exit_bid_cents<=50 AND entry_to_exit_loss_cents>=10,15,0.2830188679245283,-29.580000000000005,2.109999999999996,4,11,-12.69,-13.06,-3.83,5,9,1,False,False
suppress_collapse_exit_if_exit_fair_drawdown_cents<=10 AND position_seconds<=45,13,0.24528301886792453,-29.630000000000003,2.0599999999999987,8,5,-7.87,-19.0,-2.7599999999999993,8,2,3,False,False
suppress_collapse_exit_if_exit_fair_drawdown_cents<=10 AND fair_minus_exit_bid_cents>=0,18,0.33962264150943394,-29.64,2.0500000000000007,9,9,-7.8500000000000005,-17.94,-3.8499999999999996,11,3,4,False,False
suppress_collapse_exit_if_position_seconds<=90 AND entry_to_exit_loss_cents>=20,11,0.20754716981132076,-29.66,2.030000000000001,5,6,-11.13,-14.19,-4.34,6,4,1,False,False
suppress_collapse_exit_if_exit_entry_basis_cents>=75 AND position_seconds<=180,24,0.4528301886792453,-29.669179999999997,2.020820000000004,14,10,-8.50918,-16.980000000000004,-4.180000000000001,11,7,6,False,False
suppress_collapse_exit_if_exit_btc_age_ms<=100 AND fair_minus_exit_bid_cents>=10,5,0.09433962264150944,-29.669999999999998,2.020000000000003,3,2,-9.56,-15.739999999999998,-4.37,2,2,1,False,False
suppress_collapse_exit_if_exit_entry_basis_cents>=80 AND entry_to_exit_loss_cents>=20,8,0.1509433962264151,-29.670002,2.019998000000001,4,4,-9.72,-15.610002,-4.34,2,5,1,False,False
suppress_collapse_exit_if_exit_entry_basis_cents>=70 AND exit_btc_age_ms<=500,21,0.39622641509433965,-29.679182,2.0108180000000004,12,9,-9.28918,-14.970002000000003,-5.42,13,6,2,False,False
suppress_collapse_exit_if_exit_fair_drawdown_cents<=15 AND entry_to_exit_loss_cents>=10,29,0.5471698113207547,-29.68918,2.000820000000001,16,13,-2.5091800000000006,-22.360000000000003,-4.82,18,6,5,False,False
suppress_collapse_exit_if_exit_exit_bid_cents<=45 AND exit_btc_age_ms<=100,4,0.07547169811320754,-29.69,2.0,2,2,-10.339999999999998,-16.07,-3.2800000000000002,1,3,0,True,False
suppress_collapse_exit_if_exit_exit_bid_cents<=50 AND exit_btc_age_ms<=100,4,0.07547169811320754,-29.69,2.0,2,2,-10.339999999999998,-16.07,-3.2800000000000002,1,3,0,True,False
suppress_collapse_exit_if_exit_p_hold>=0.68 AND position_seconds<=180,15,0.2830188679245283,-29.70918,1.9808200000000014,9,6,-7.879180000000002,-18.96,-2.87,8,4,3,False,False
suppress_collapse_exit_if_position_seconds<=180 AND entry_to_exit_loss_cents>=20,14,0.2641509433962264,-29.730000000000004,1.9599999999999973,6,8,-11.13,-14.26,-4.34,6,7,1,False,False
suppress_collapse_exit_if_exit_fair_drawdown_cents<=10 AND exit_sigma_t_dollars>=75,7,0.1320754716981132,-29.740000000000002,1.9499999999999993,5,2,-10.020000000000001,-17.94,-1.78,2,3,2,False,False
suppress_collapse_exit_if_exit_btc_age_ms>=500 AND position_seconds<=90,12,0.22641509433962265,-29.759999999999998,1.9300000000000033,8,4,-11.049999999999997,-17.400000000000002,-1.3099999999999998,5,2,5,False,False
suppress_collapse_exit_if_exit_entry_basis_cents>=70 AND entry_to_exit_loss_cents>=10,32,0.6037735849056604,-29.779182,1.9108180000000026,17,15,-10.61918,-14.980002,-4.180000000000001,14,12,6,False,False
suppress_collapse_exit_if_exit_exit_bid_cents<=50 AND exit_entry_basis_cents>=70,6,0.11320754716981132,-29.78,1.9100000000000001,2,4,-12.520000000000001,-13.979999999999999,-3.2800000000000002,1,5,0,False,False
suppress_collapse_exit_if_exit_exit_bid_cents<=45 AND position_seconds<=90,8,0.1509433962264151,-29.78,1.9100000000000001,3,5,-11.76,-14.19,-3.83,3,4,1,False,False
suppress_collapse_exit_if_exit_exit_bid_cents>=55 AND exit_fair_drawdown_cents<=15,22,0.41509433962264153,-29.78918,1.9008199999999995,14,8,-4.81918,-21.860000000000003,-3.1100000000000003,12,5,5,False,False
suppress_collapse_exit_if_exit_exit_bid_cents>=55 AND exit_fair_drawdown_cents<=18,22,0.41509433962264153,-29.78918,1.9008199999999995,14,8,-4.81918,-21.860000000000003,-3.1100000000000003,12,5,5,False,False
suppress_collapse_exit_if_exit_entry_basis_cents<=70 AND fair_minus_exit_bid_cents>=10,10,0.18867924528301888,-29.810000000000002,1.879999999999999,4,6,-11.62,-14.36,-3.83,6,3,1,False,False
suppress_collapse_exit_if_exit_fair_drawdown_cents<=15 AND fair_minus_exit_bid_cents>=5,20,0.37735849056603776,-29.85,1.8399999999999999,10,10,-5.79,-19.410000000000004,-4.65,13,4,3,False,False
suppress_collapse_exit_if_exit_fair_drawdown_cents>=18 AND fair_minus_exit_bid_cents>=5,5,0.09433962264150944,-29.880000000000003,1.8099999999999987,2,3,-11.6,-14.45,-3.83,0,4,1,False,False
suppress_collapse_exit_if_exit_fair_drawdown_cents>=20 AND fair_minus_exit_bid_cents>=5,5,0.09433962264150944,-29.880000000000003,1.8099999999999987,2,3,-11.6,-14.45,-3.83,0,4,1,False,False
suppress_collapse_exit_if_exit_sigma_t_dollars>=100 AND position_seconds<=45,7,0.1320754716981132,-29.880000000000006,1.8099999999999952,5,2,-8.830000000000002,-17.770000000000003,-3.2800000000000002,6,1,0,False,False
suppress_collapse_exit_if_exit_sigma_t_dollars>=100 AND position_seconds<=90,7,0.1320754716981132,-29.880000000000006,1.8099999999999952,5,2,-8.830000000000002,-17.770000000000003,-3.2800000000000002,6,1,0,False,False
suppress_collapse_exit_if_fair_minus_exit_bid_cents<=0,7,0.1320754716981132,-29.880001999999998,1.8099980000000038,4,3,-13.51,-13.810002,-2.5600000000000005,5,1,1,False,False
suppress_collapse_exit_if_exit_exit_bid_cents>=50 AND fair_minus_exit_bid_cents<=0,7,0.1320754716981132,-29.880001999999998,1.8099980000000038,4,3,-13.51,-13.810002,-2.5600000000000005,5,1,1,False,False
suppress_collapse_exit_if_exit_p_hold>=0.68 AND exit_fair_drawdown_cents<=10,8,0.1509433962264151,-29.890000000000004,1.7999999999999972,5,3,-8.979999999999999,-18.040000000000003,-2.87,4,1,3,False,False
suppress_collapse_exit_if_exit_entry_basis_cents<=70 AND entry_to_exit_loss_cents>=15,8,0.1509433962264151,-29.900000000000002,1.7899999999999991,3,5,-10.729999999999999,-15.89,-3.2800000000000002,4,4,0,True,False
suppress_collapse_exit_if_exit_btc_age_ms<=100 AND position_seconds<=180,13,0.24528301886792453,-29.900000000000002,1.7899999999999991,7,6,-8.999999999999998,-15.55,-5.35,7,4,2,False,False
suppress_collapse_exit_if_exit_p_hold>=0.65 AND exit_fair_drawdown_cents<=12,14,0.2641509433962264,-29.91,1.7800000000000011,8,6,-7.3,-19.740000000000002,-2.87,6,5,3,False,False
suppress_collapse_exit_if_exit_exit_bid_cents<=50 AND fair_minus_exit_bid_cents>=5,15,0.2830188679245283,-29.910000000000004,1.7799999999999976,4,11,-13.35,-12.73,-3.83,6,8,1,False,False
suppress_collapse_exit_if_exit_p_hold<=0.6 AND fair_minus_exit_bid_cents>=10,7,0.1320754716981132,-29.910000000000004,1.7799999999999976,2,5,-13.000000000000002,-13.080000000000002,-3.83,2,4,1,False,False
suppress_collapse_exit_if_exit_p_hold<=0.6 AND fair_minus_exit_bid_cents<=0,4,0.07547169811320754,-29.910002000000002,1.779997999999999,2,2,-12.819999999999999,-13.810002,-3.2800000000000002,3,1,0,False,False
suppress_collapse_exit_if_exit_p_hold<=0.55 AND exit_btc_age_ms<=300,10,0.18867924528301888,-29.910002000000006,1.7799979999999955,4,6,-14.42,-11.230001999999999,-4.26,4,5,1,False,False
suppress_collapse_exit_if_exit_btc_age_ms<=100 AND position_seconds<=90,11,0.20754716981132076,-29.92,1.7699999999999996,6,5,-8.999999999999998,-15.57,-5.35,7,2,2,False,False
suppress_collapse_exit_if_exit_fair_drawdown_cents>=18 AND exit_btc_age_ms<=500,10,0.18867924528301888,-29.920002000000004,1.7699979999999975,4,6,-14.899999999999997,-11.190002000000002,-3.83,4,5,1,False,False
suppress_collapse_exit_if_exit_exit_bid_cents>=50 AND fair_minus_exit_bid_cents>=10,6,0.11320754716981132,-29.93,1.7600000000000016,4,2,-7.61,-17.950000000000003,-4.37,3,2,1,False,False
suppress_collapse_exit_if_exit_exit_bid_cents>=60 AND exit_fair_drawdown_cents<=12,10,0.18867924528301888,-29.94,1.75,7,3,-7.859999999999999,-20.300000000000004,-1.78,5,3,2,False,False
suppress_collapse_exit_if_exit_entry_basis_cents>=80,18,0.33962264150943394,-29.949182,1.7408180000000009,10,8,-9.09918,-17.230002000000002,-3.62,8,8,2,False,False
suppress_collapse_exit_if_exit_entry_basis_cents>=80 AND entry_to_exit_loss_cents>=10,18,0.33962264150943394,-29.949182,1.7408180000000009,10,8,-9.09918,-17.230002000000002,-3.62,8,8,2,False,False
suppress_collapse_exit_if_exit_entry_basis_cents>=70 AND exit_fair_drawdown_cents>=20,7,0.1320754716981132,-29.960002,1.729998000000002,3,4,-12.74,-12.880002000000001,-4.34,3,3,1,False,False
suppress_collapse_exit_if_exit_entry_basis_cents<=70,19,0.3584905660377358,-29.970000000000002,1.7199999999999989,7,12,-9.37,-15.79,-4.81,11,6,2,False,False
suppress_collapse_exit_if_exit_exit_bid_cents>=50 AND exit_fair_drawdown_cents>=20,4,0.07547169811320754,-29.970002000000004,1.7199979999999968,2,2,-11.819999999999999,-13.810002,-4.34,2,1,1,False,False
suppress_collapse_exit_if_exit_p_hold>=0.7 AND entry_to_exit_loss_cents>=10,7,0.1320754716981132,-29.99918,1.6908200000000022,5,2,-8.47918,-19.01,-2.51,5,1,1,False,False
suppress_collapse_exit_if_exit_p_hold>=0.7 AND fair_minus_exit_bid_cents>=0,9,0.16981132075471697,-30.00918,1.6808200000000006,6,3,-9.219180000000001,-19.01,-1.78,6,1,2,False,False
suppress_collapse_exit_if_exit_exit_bid_cents>=60 AND exit_fair_drawdown_cents<=10,5,0.09433962264150944,-30.01,1.6799999999999997,4,1,-10.19,-18.040000000000003,-1.78,2,1,2,False,False
suppress_collapse_exit_if_exit_p_hold>=0.7 AND exit_sigma_t_dollars>=75,6,0.11320754716981132,-30.029180000000004,1.6608199999999975,5,1,-9.239180000000001,-19.01,-1.78,3,1,2,False,False
suppress_collapse_exit_if_exit_fair_drawdown_cents<=10,20,0.37735849056603776,-30.040000000000003,1.6499999999999986,10,10,-8.25,-17.94,-3.8499999999999996,13,3,4,False,False
suppress_collapse_exit_if_exit_p_hold<=0.6 AND exit_btc_age_ms<=300,14,0.2641509433962264,-30.040002,1.649998,6,8,-14.639999999999999,-11.140001999999999,-4.26,6,7,1,False,False
suppress_collapse_exit_if_exit_btc_age_ms>=500,18,0.33962264150943394,-30.049999999999997,1.6400000000000041,9,9,-11.919999999999998,-16.82,-1.3099999999999998,7,6,5,False,False
suppress_collapse_exit_if_exit_btc_age_ms<=500 AND position_seconds<=45,21,0.39622641509433965,-30.070000000000004,1.6199999999999974,11,10,-7.63,-16.580000000000002,-5.859999999999999,15,3,3,False,False
suppress_collapse_exit_if_exit_fair_drawdown_cents<=4 AND exit_btc_age_ms<=300,5,0.09433962264150944,-30.09,1.6000000000000014,3,2,-9.040000000000001,-17.770000000000003,-3.2800000000000002,4,1,0,False,False
suppress_collapse_exit_if_exit_fair_drawdown_cents<=8 AND exit_btc_age_ms<=300,5,0.09433962264150944,-30.09,1.6000000000000014,3,2,-9.040000000000001,-17.770000000000003,-3.2800000000000002,4,1,0,False,False
suppress_collapse_exit_if_position_seconds<=180 AND fair_minus_exit_bid_cents>=10,12,0.22641509433962265,-30.090000000000003,1.5999999999999979,5,7,-9.87,-15.3,-4.92,6,4,2,False,False
suppress_collapse_exit_if_exit_exit_bid_cents>=55 AND exit_sigma_t_dollars>=50,24,0.4528301886792453,-30.09918,1.5908200000000008,15,9,-5.8491800000000005,-21.860000000000003,-2.3900000000000006,13,5,6,False,False
suppress_collapse_exit_if_exit_p_hold>=0.68 AND position_seconds<=90,12,0.22641509433962265,-30.09918,1.5908200000000008,8,4,-9.829180000000001,-17.400000000000002,-2.87,7,2,3,False,False
suppress_collapse_exit_if_exit_btc_age_ms<=300 AND fair_minus_exit_bid_cents>=10,8,0.1509433962264151,-30.1,1.5899999999999999,4,4,-7.61,-18.12,-4.37,3,4,1,False,False
suppress_collapse_exit_if_exit_p_hold>=0.6 AND entry_to_exit_loss_cents<=10,6,0.11320754716981132,-30.110000000000003,1.5799999999999983,4,2,-12.58,-15.75,-1.78,3,1,2,False,False
suppress_collapse_exit_if_exit_entry_basis_cents>=70 AND exit_fair_drawdown_cents<=10,7,0.1320754716981132,-30.13,1.5600000000000023,5,2,-9.22,-18.040000000000003,-2.87,3,1,3,False,False
suppress_collapse_exit_if_exit_btc_age_ms<=100 AND fair_minus_exit_bid_cents<=0,4,0.07547169811320754,-30.130002,1.5599980000000002,2,2,-13.039999999999997,-13.810002,-3.2800000000000002,3,1,0,False,False
suppress_collapse_exit_if_exit_p_hold>=0.65 AND exit_sigma_t_dollars>=50,19,0.3584905660377358,-30.14918,1.54082,12,7,-7.199180000000001,-20.800000000000004,-2.1500000000000004,9,6,4,False,False
suppress_collapse_exit_if_exit_exit_bid_cents<=45 AND position_seconds>=180,4,0.07547169811320754,-30.16,1.5300000000000011,1,3,-12.319999999999999,-14.559999999999999,-3.2800000000000002,1,3,0,False,False
suppress_collapse_exit_if_exit_exit_bid_cents<=50 AND position_seconds>=180,4,0.07547169811320754,-30.16,1.5300000000000011,1,3,-12.319999999999999,-14.559999999999999,-3.2800000000000002,1,3,0,False,False
suppress_collapse_exit_if_position_seconds>=180 AND fair_minus_exit_bid_cents>=15,4,0.07547169811320754,-30.16,1.5300000000000011,1,3,-12.319999999999999,-14.559999999999999,-3.2800000000000002,1,3,0,False,False
suppress_collapse_exit_if_exit_entry_basis_cents<=70 AND exit_btc_age_ms<=100,6,0.11320754716981132,-30.160000000000004,1.5299999999999976,3,3,-10.33,-15.57,-4.26,3,2,1,False,False
suppress_collapse_exit_if_exit_entry_basis_cents<=70 AND exit_fair_drawdown_cents<=4,8,0.1509433962264151,-30.17,1.5199999999999996,4,4,-10.180000000000001,-16.71,-3.2800000000000002,6,2,0,True,False
suppress_collapse_exit_if_exit_p_hold>=0.7 AND exit_btc_age_ms<=500,6,0.11320754716981132,-30.179180000000002,1.510819999999999,4,2,-7.8891800000000005,-19.01,-3.2800000000000002,5,1,0,False,False
suppress_collapse_exit_if_exit_fair_drawdown_cents<=12 AND position_seconds<=90,19,0.3584905660377358,-30.180000000000003,1.509999999999998,11,8,-6.28,-19.0,-4.9,12,2,5,False,False
suppress_collapse_exit_if_exit_entry_basis_cents>=75 AND entry_to_exit_loss_cents>=20,11,0.20754716981132076,-30.190002000000003,1.499997999999998,5,6,-10.790000000000001,-15.060001999999999,-4.34,3,7,1,False,False
suppress_collapse_exit_if_exit_btc_age_ms<=500 AND fair_minus_exit_bid_cents>=0,30,0.5660377358490566,-30.199180000000005,1.4908199999999958,14,16,-6.29918,-16.950000000000003,-6.949999999999999,15,11,4,False,False
suppress_collapse_exit_if_exit_exit_bid_cents<=45 AND exit_fair_drawdown_cents>=18,6,0.11320754716981132,-30.210000000000004,1.4799999999999969,2,4,-11.6,-14.78,-3.83,0,5,1,False,False
suppress_collapse_exit_if_exit_exit_bid_cents<=45 AND exit_fair_drawdown_cents>=20,6,0.11320754716981132,-30.210000000000004,1.4799999999999969,2,4,-11.6,-14.78,-3.83,0,5,1,False,False
suppress_collapse_exit_if_exit_fair_drawdown_cents>=15 AND exit_btc_age_ms>=500,5,0.09433962264150944,-30.22,1.4700000000000024,2,3,-11.6,-15.0,-3.62,0,3,2,False,False
suppress_collapse_exit_if_exit_entry_basis_cents>=80 AND exit_sigma_t_dollars>=50,16,0.3018867924528302,-30.229182,1.4608179999999997,9,7,-9.90918,-16.700002,-3.62,7,7,2,False,False
suppress_collapse_exit_if_exit_exit_bid_cents>=55 AND exit_btc_age_ms>=500,10,0.18867924528301888,-30.229999999999997,1.4600000000000044,7,3,-11.349999999999998,-18.630000000000003,-0.25000000000000006,3,3,4,False,False
suppress_collapse_exit_if_exit_fair_drawdown_cents<=18 AND entry_to_exit_loss_cents>=20,10,0.18867924528301888,-30.23,1.4600000000000009,4,6,-10.709999999999999,-16.240000000000002,-3.2800000000000002,4,6,0,True,False
suppress_collapse_exit_if_exit_p_hold<=0.55 AND fair_minus_exit_bid_cents>=5,10,0.18867924528301888,-30.230000000000004,1.4599999999999973,3,7,-11.770000000000001,-14.63,-3.83,4,5,1,False,False
suppress_collapse_exit_if_entry_to_exit_loss_cents>=10 AND fair_minus_exit_bid_cents>=10,14,0.2641509433962264,-30.240000000000002,1.4499999999999993,5,9,-9.01,-16.310000000000002,-4.92,5,7,2,False,False
suppress_collapse_exit_if_exit_p_hold>=0.65 AND exit_btc_age_ms<=500,14,0.2641509433962264,-30.249180000000003,1.4408199999999987,8,6,-6.39918,-19.480000000000004,-4.37,9,4,1,False,False
suppress_collapse_exit_if_exit_btc_age_ms<=300 AND fair_minus_exit_bid_cents>=0,22,0.41509433962264153,-30.249180000000006,1.440819999999995,11,11,-5.97918,-17.87,-6.4,10,9,3,False,False
suppress_collapse_exit_if_exit_exit_bid_cents>=50 AND exit_btc_age_ms>=500,12,0.22641509433962265,-30.249999999999996,1.4400000000000048,8,4,-10.309999999999999,-18.630000000000003,-1.3099999999999998,4,3,5,False,False
suppress_collapse_exit_if_exit_p_hold>=0.6 AND fair_minus_exit_bid_cents>=15,7,0.1320754716981132,-30.26,1.4299999999999997,3,4,-10.200000000000001,-16.78,-3.2800000000000002,4,3,0,True,False
suppress_collapse_exit_if_exit_p_hold>=0.6 AND exit_fair_drawdown_cents<=0,4,0.07547169811320754,-30.26,1.4299999999999997,2,2,-11.229999999999999,-15.75,-3.2800000000000002,3,1,0,True,False
suppress_collapse_exit_if_exit_fair_drawdown_cents<=0 AND fair_minus_exit_bid_cents>=10,4,0.07547169811320754,-30.26,1.4299999999999997,2,2,-11.229999999999999,-15.75,-3.2800000000000002,3,1,0,True,False
suppress_collapse_exit_if_exit_fair_drawdown_cents<=0 AND fair_minus_exit_bid_cents>=15,4,0.07547169811320754,-30.26,1.4299999999999997,2,2,-11.229999999999999,-15.75,-3.2800000000000002,3,1,0,True,False
suppress_collapse_exit_if_exit_fair_drawdown_cents<=4 AND fair_minus_exit_bid_cents>=15,4,0.07547169811320754,-30.26,1.4299999999999997,2,2,-11.229999999999999,-15.75,-3.2800000000000002,3,1,0,True,False
suppress_collapse_exit_if_exit_fair_drawdown_cents<=8 AND fair_minus_exit_bid_cents>=15,4,0.07547169811320754,-30.26,1.4299999999999997,2,2,-11.229999999999999,-15.75,-3.2800000000000002,3,1,0,True,False
suppress_collapse_exit_if_exit_fair_drawdown_cents<=4 AND position_seconds<=45,6,0.11320754716981132,-30.270000000000003,1.4199999999999982,4,2,-9.950000000000001,-17.770000000000003,-2.55,4,1,1,False,False
suppress_collapse_exit_if_exit_entry_basis_cents<=70 AND fair_minus_exit_bid_cents>=15,8,0.1509433962264151,-30.270000000000003,1.4199999999999982,3,5,-12.63,-14.36,-3.2800000000000002,5,3,0,False,False
suppress_collapse_exit_if_exit_fair_drawdown_cents<=10 AND position_seconds>=90,5,0.09433962264150944,-30.270000000000003,1.4199999999999982,2,3,-11.24,-15.75,-3.2800000000000002,4,1,0,True,False
suppress_collapse_exit_if_position_seconds>=90 AND fair_minus_exit_bid_cents>=5,12,0.22641509433962265,-30.290000000000003,1.3999999999999986,4,8,-11.24,-15.77,-3.2800000000000002,4,8,0,True,False
suppress_collapse_exit_if_exit_fair_drawdown_cents>=18 AND exit_sigma_t_dollars>=50,12,0.22641509433962265,-30.300002,1.389998000000002,5,7,-14.899999999999997,-11.780002000000001,-3.62,4,6,2,False,False
suppress_collapse_exit_if_exit_fair_drawdown_cents>=18 AND entry_to_exit_loss_cents>=15,12,0.22641509433962265,-30.300002,1.389998000000002,5,7,-14.899999999999997,-11.780002000000001,-3.62,4,6,2,False,False
suppress_collapse_exit_if_exit_btc_age_ms<=500 AND entry_to_exit_loss_cents>=20,17,0.32075471698113206,-30.310002000000008,1.3799979999999934,7,10,-14.01,-13.020002,-3.2800000000000002,8,9,0,False,False
suppress_collapse_exit_if_exit_p_hold>=0.68 AND entry_to_exit_loss_cents<=10,4,0.07547169811320754,-30.330000000000002,1.3599999999999994,3,1,-11.74,-16.810000000000002,-1.78,2,0,2,False,False
suppress_collapse_exit_if_exit_p_hold>=0.7 AND entry_to_exit_loss_cents<=10,4,0.07547169811320754,-30.330000000000002,1.3599999999999994,3,1,-11.74,-16.810000000000002,-1.78,2,0,2,False,False
suppress_collapse_exit_if_exit_p_hold<=0.55 AND exit_btc_age_ms<=100,7,0.1320754716981132,-30.330002,1.359998000000001,3,4,-13.499999999999998,-12.570001999999999,-4.26,3,3,1,False,False
suppress_collapse_exit_if_exit_entry_basis_cents<=70 AND exit_fair_drawdown_cents<=15,14,0.2641509433962264,-30.340000000000003,1.3499999999999979,6,8,-9.37,-16.71,-4.26,11,2,1,False,False
suppress_collapse_exit_if_exit_entry_basis_cents>=70 AND entry_to_exit_loss_cents>=20,14,0.2641509433962264,-30.340002000000002,1.3499979999999994,6,8,-13.87,-12.130002,-4.34,5,8,1,False,False
suppress_collapse_exit_if_exit_exit_bid_cents>=50 AND exit_entry_basis_cents>=80,15,0.2830188679245283,-30.349182,1.3408180000000023,9,6,-9.09918,-17.630002,-3.62,8,5,2,False,False
suppress_collapse_exit_if_exit_exit_bid_cents>=50 AND exit_entry_basis_cents>=70,28,0.5283018867924528,-30.359182,1.3308180000000007,17,11,-9.09918,-17.810002000000004,-3.45,14,7,7,False,False
suppress_collapse_exit_if_exit_exit_bid_cents>=50 AND exit_fair_drawdown_cents>=15,7,0.1320754716981132,-30.360002,1.3299979999999998,4,3,-13.979999999999999,-12.760002,-3.62,3,2,2,False,False
suppress_collapse_exit_if_exit_fair_drawdown_cents<=12 AND entry_to_exit_loss_cents>=10,20,0.37735849056603776,-30.37,1.3200000000000003,10,10,-3.9400000000000004,-20.800000000000004,-5.63,12,4,4,False,False
suppress_collapse_exit_if_exit_entry_basis_cents>=75 AND exit_sigma_t_dollars>=50,25,0.4716981132075472,-30.379181999999997,1.3108180000000047,14,11,-9.31918,-16.880002000000005,-4.180000000000001,10,9,6,False,False
suppress_collapse_exit_if_exit_fair_drawdown_cents<=0 AND exit_btc_age_ms<=500,4,0.07547169811320754,-30.38,1.3100000000000023,2,2,-10.389999999999999,-16.71,-3.2800000000000002,2,2,0,True,False
suppress_collapse_exit_if_exit_exit_bid_cents>=65 AND position_seconds<=90,10,0.18867924528301888,-30.38918,1.3008200000000016,7,3,-11.929179999999999,-17.400000000000002,-1.06,5,2,3,False,False
suppress_collapse_exit_if_exit_btc_age_ms<=100 AND position_seconds<=45,9,0.16981132075471697,-30.400000000000002,1.2899999999999991,5,4,-8.999999999999998,-17.14,-4.26,7,1,1,False,False
suppress_collapse_exit_if_exit_exit_bid_cents>=50 AND entry_to_exit_loss_cents>=15,17,0.32075471698113206,-30.439182,1.2508180000000024,10,7,-9.299180000000002,-16.190002000000003,-4.95,8,4,5,False,False
suppress_collapse_exit_if_exit_p_hold<=0.6 AND exit_btc_age_ms>=500,4,0.07547169811320754,-30.44,1.25,1,3,-11.63,-14.469999999999999,-4.34,1,2,1,False,False
suppress_collapse_exit_if_exit_entry_basis_cents<=70 AND position_seconds>=90,6,0.11320754716981132,-30.450000000000003,1.2399999999999984,2,4,-11.24,-15.93,-3.2800000000000002,4,2,0,True,False
suppress_collapse_exit_if_exit_entry_basis_cents>=70 AND exit_btc_age_ms>=500,13,0.24528301886792453,-30.459999999999994,1.2300000000000075,7,6,-12.329999999999998,-16.82,-1.3099999999999998,2,6,5,False,False
suppress_collapse_exit_if_exit_exit_bid_cents<=45 AND position_seconds<=45,5,0.09433962264150944,-30.470000000000002,1.2199999999999989,2,3,-11.020000000000001,-15.62,-3.83,2,2,1,False,False
suppress_collapse_exit_if_exit_exit_bid_cents>=50 AND exit_entry_basis_cents>=75,24,0.4528301886792453,-30.499181999999998,1.1908180000000037,14,10,-8.50918,-17.810002000000004,-4.180000000000001,11,7,6,False,False
suppress_collapse_exit_if_position_seconds<=90 AND fair_minus_exit_bid_cents>=15,4,0.07547169811320754,-30.51,1.1799999999999997,2,2,-11.99,-15.239999999999998,-3.2800000000000002,3,1,0,False,False
suppress_collapse_exit_if_exit_p_hold>=0.68 AND exit_sigma_t_dollars>=75,8,0.1509433962264151,-30.519180000000002,1.170819999999999,6,2,-8.499179999999999,-20.240000000000002,-1.78,4,2,2,False,False
suppress_collapse_exit_if_exit_entry_basis_cents<=70 AND exit_fair_drawdown_cents<=18,15,0.2830188679245283,-30.520000000000003,1.1699999999999982,6,9,-9.37,-16.89,-4.26,11,3,1,False,False
suppress_collapse_exit_if_exit_entry_basis_cents>=65 AND exit_fair_drawdown_cents>=18,12,0.22641509433962265,-30.520002,1.1699979999999996,5,7,-14.899999999999997,-11.450002,-4.17,4,5,3,False,False
suppress_collapse_exit_if_exit_exit_bid_cents>=60 AND exit_p_hold>=0.68,12,0.22641509433962265,-30.52918,1.160820000000001,8,4,-9.089179999999999,-19.660000000000004,-1.78,6,4,2,False,False
suppress_collapse_exit_if_exit_exit_bid_cents<=45 AND fair_minus_exit_bid_cents>=15,8,0.1509433962264151,-30.540000000000003,1.1499999999999986,2,6,-13.74,-13.52,-3.2800000000000002,3,5,0,False,False
suppress_collapse_exit_if_exit_exit_bid_cents<=45 AND exit_p_hold<=0.55,11,0.20754716981132076,-30.560000000000002,1.129999999999999,3,8,-11.770000000000001,-14.959999999999999,-3.83,4,6,1,False,False
suppress_collapse_exit_if_exit_p_hold>=0.65 AND exit_btc_age_ms<=300,12,0.22641509433962265,-30.569180000000003,1.1208199999999984,7,5,-5.65918,-20.540000000000003,-4.37,8,3,1,False,False
suppress_collapse_exit_if_exit_entry_basis_cents>=75,28,0.5283018867924528,-30.599181999999995,1.0908180000000058,15,13,-8.50918,-17.910002000000006,-4.180000000000001,11,11,6,False,False
suppress_collapse_exit_if_exit_entry_basis_cents>=75 AND entry_to_exit_loss_cents>=10,28,0.5283018867924528,-30.599181999999995,1.0908180000000058,15,13,-8.50918,-17.910002000000006,-4.180000000000001,11,11,6,False,False
suppress_collapse_exit_if_exit_btc_age_ms<=300 AND fair_minus_exit_bid_cents<=0,6,0.11320754716981132,-30.600002,1.0899980000000014,3,3,-13.51,-13.810002,-3.2800000000000002,5,1,0,False,False
suppress_collapse_exit_if_exit_btc_age_ms<=500 AND fair_minus_exit_bid_cents<=0,6,0.11320754716981132,-30.600002,1.0899980000000014,3,3,-13.51,-13.810002,-3.2800000000000002,5,1,0,False,False
suppress_collapse_exit_if_exit_exit_bid_cents>=55 AND entry_to_exit_loss_cents>=10,23,0.4339622641509434,-30.61918,1.0708200000000012,14,9,-5.6391800000000005,-21.860000000000003,-3.12,13,5,5,False,False
suppress_collapse_exit_if_exit_entry_basis_cents>=70 AND exit_p_hold>=0.7,8,0.1509433962264151,-30.619180000000004,1.0708199999999977,6,2,-9.829180000000001,-19.01,-1.78,5,1,2,False,False
suppress_collapse_exit_if_exit_btc_age_ms>=500 AND entry_to_exit_loss_cents>=15,7,0.1320754716981132,-30.639999999999997,1.0500000000000043,3,4,-11.6,-16.23,-2.81,0,4,3,True,False
suppress_collapse_exit_if_position_seconds<=180 AND position_seconds>=90,8,0.1509433962264151,-30.650000000000002,1.0399999999999991,3,5,-10.520000000000001,-16.85,-3.2800000000000002,3,5,0,False,False
suppress_collapse_exit_if_exit_exit_bid_cents<=45 AND exit_btc_age_ms>=500,5,0.09433962264150944,-30.650000000000002,1.0399999999999991,1,4,-12.37,-15.0,-3.2800000000000002,2,3,0,False,False
suppress_collapse_exit_if_exit_btc_age_ms<=300 AND position_seconds<=45,17,0.32075471698113206,-30.66,1.0300000000000011,9,8,-8.770000000000001,-16.580000000000002,-5.31,12,3,2,False,False
suppress_collapse_exit_if_exit_fair_drawdown_cents<=12 AND fair_minus_exit_bid_cents>=5,16,0.3018867924528302,-30.680000000000003,1.009999999999998,7,9,-8.819999999999999,-17.210000000000004,-4.65,10,3,3,False,False
suppress_collapse_exit_if_exit_exit_bid_cents>=50 AND exit_btc_age_ms>=800,4,0.07547169811320754,-30.700000000000003,0.9899999999999984,3,1,-11.6,-18.040000000000003,-1.06,0,1,3,False,False
suppress_collapse_exit_if_exit_exit_bid_cents>=55 AND exit_btc_age_ms>=800,4,0.07547169811320754,-30.700000000000003,0.9899999999999984,3,1,-11.6,-18.040000000000003,-1.06,0,1,3,False,False
suppress_collapse_exit_if_exit_exit_bid_cents>=60 AND exit_btc_age_ms>=800,4,0.07547169811320754,-30.700000000000003,0.9899999999999984,3,1,-11.6,-18.040000000000003,-1.06,0,1,3,False,False
suppress_collapse_exit_if_exit_exit_bid_cents>=65 AND exit_btc_age_ms>=800,4,0.07547169811320754,-30.700000000000003,0.9899999999999984,3,1,-11.6,-18.040000000000003,-1.06,0,1,3,False,False
suppress_collapse_exit_if_exit_sigma_t_dollars>=50 AND exit_btc_age_ms>=800,4,0.07547169811320754,-30.700000000000003,0.9899999999999984,3,1,-11.6,-18.040000000000003,-1.06,0,1,3,False,False
suppress_collapse_exit_if_exit_exit_bid_cents<=50 AND position_seconds<=90,9,0.16981132075471697,-30.700000000000003,0.9899999999999984,3,6,-12.680000000000001,-14.19,-3.83,4,4,1,False,False
suppress_collapse_exit_if_exit_p_hold<=0.55 AND exit_sigma_t_dollars>=50,12,0.22641509433962265,-30.700002000000005,0.9899979999999964,4,8,-13.42,-11.960002000000001,-5.319999999999999,3,7,2,False,False
suppress_collapse_exit_if_exit_exit_bid_cents>=55 AND exit_btc_age_ms<=500,15,0.2830188679245283,-30.749180000000003,0.9408199999999987,9,6,-5.289180000000001,-20.040000000000003,-5.42,11,2,2,False,False
suppress_collapse_exit_if_fair_minus_exit_bid_cents>=10,17,0.32075471698113206,-30.760000000000005,0.9299999999999962,6,11,-10.589999999999998,-15.25,-4.92,7,8,2,False,False
suppress_collapse_exit_if_exit_btc_age_ms>=500 AND fair_minus_exit_bid_cents>=0,17,0.32075471698113206,-30.77,0.9200000000000017,8,9,-11.919999999999998,-16.82,-2.03,7,6,4,False,False
suppress_collapse_exit_if_exit_exit_bid_cents>=55 AND fair_minus_exit_bid_cents>=5,8,0.1509433962264151,-30.78,0.9100000000000001,5,3,-7.12,-19.01,-4.65,4,1,3,False,False
suppress_collapse_exit_if_exit_p_hold>=0.6 AND exit_btc_age_ms<=300,14,0.2641509433962264,-30.809180000000005,0.8808199999999964,8,6,-4.8491800000000005,-20.540000000000003,-5.42,9,3,2,False,False
suppress_collapse_exit_if_exit_p_hold>=0.68 AND exit_btc_age_ms<=300,8,0.1509433962264151,-30.819180000000003,0.8708199999999984,5,3,-6.40918,-20.040000000000003,-4.37,5,2,1,False,False
suppress_collapse_exit_if_exit_exit_bid_cents>=65 AND exit_fair_drawdown_cents<=10,4,0.07547169811320754,-30.820000000000004,0.8699999999999974,3,1,-10.999999999999998,-18.040000000000003,-1.78,1,1,2,False,False
suppress_collapse_exit_if_exit_fair_drawdown_cents<=15,36,0.6792452830188679,-30.839180000000002,0.8508199999999988,19,17,-4.48918,-22.260000000000005,-4.09,22,8,6,False,False
suppress_collapse_exit_if_exit_btc_age_ms>=800 AND position_seconds<=180,5,0.09433962264150944,-30.84,0.8500000000000014,3,2,-12.44,-17.34,-1.06,1,1,3,False,False
suppress_collapse_exit_if_exit_fair_drawdown_cents>=18,13,0.24528301886792453,-30.850002,0.8399980000000014,5,8,-14.899999999999997,-11.780002000000001,-4.17,4,6,3,False,False
suppress_collapse_exit_if_exit_fair_drawdown_cents>=18 AND entry_to_exit_loss_cents>=10,13,0.24528301886792453,-30.850002,0.8399980000000014,5,8,-14.899999999999997,-11.780002000000001,-4.17,4,6,3,False,False
suppress_collapse_exit_if_exit_btc_age_ms>=500 AND fair_minus_exit_bid_cents>=15,4,0.07547169811320754,-30.87,0.8200000000000003,1,3,-13.179999999999998,-14.41,-3.2800000000000002,2,2,0,False,False
suppress_collapse_exit_if_exit_fair_drawdown_cents<=18 AND exit_btc_age_ms<=500,26,0.49056603773584906,-30.87918,0.8108199999999997,13,13,-4.90918,-19.570000000000004,-6.4,16,7,3,False,False
suppress_collapse_exit_if_exit_exit_bid_cents<=45 AND exit_fair_drawdown_cents<=18,9,0.16981132075471697,-30.88,0.8100000000000023,2,7,-12.51,-15.09,-3.2800000000000002,5,4,0,False,False
suppress_collapse_exit_if_position_seconds<=45 AND fair_minus_exit_bid_cents>=10,4,0.07547169811320754,-30.880000000000003,0.8099999999999987,2,2,-10.24,-16.810000000000002,-3.83,3,0,1,False,False
suppress_collapse_exit_if_exit_p_hold<=0.6,22,0.41509433962264153,-30.880002000000008,0.8099979999999931,7,15,-16.07,-8.940002000000002,-5.869999999999999,9,10,3,False,False
suppress_collapse_exit_if_exit_entry_basis_cents<=70 AND entry_to_exit_loss_cents>=20,7,0.1320754716981132,-30.91,0.7800000000000011,2,5,-11.74,-15.89,-3.2800000000000002,3,4,0,False,False
suppress_collapse_exit_if_exit_entry_basis_cents>=80 AND fair_minus_exit_bid_cents>=5,7,0.1320754716981132,-30.91,0.7800000000000011,4,3,-9.020000000000001,-18.610000000000003,-3.2800000000000002,3,4,0,False,False
suppress_collapse_exit_if_exit_entry_basis_cents<=65 AND exit_sigma_t_dollars>=50,8,0.1509433962264151,-30.92,0.7699999999999996,3,5,-9.299999999999999,-17.360000000000003,-4.26,2,5,1,False,False
suppress_collapse_exit_if_exit_exit_bid_cents<=45 AND position_seconds<=180,11,0.20754716981132076,-30.930000000000003,0.759999999999998,3,8,-11.790000000000001,-15.31,-3.83,4,6,1,False,False
suppress_collapse_exit_if_exit_btc_age_ms>=500 AND entry_to_exit_loss_cents>=20,4,0.07547169811320754,-30.94,0.75,1,3,-11.6,-15.0,-4.34,0,3,1,False,False
suppress_collapse_exit_if_exit_sigma_t_dollars>=100 AND entry_to_exit_loss_cents>=15,3,0.05660377358490566,-30.970000000000002,0.7199999999999989,2,1,-11.929999999999998,-15.760000000000002,-3.2800000000000002,2,1,0,False,False
suppress_collapse_exit_if_exit_p_hold<=0.6 AND exit_fair_drawdown_cents<=18,10,0.18867924528301888,-31.0,0.6900000000000013,3,7,-12.770000000000001,-13.969999999999999,-4.26,5,4,1,False,False
suppress_collapse_exit_if_exit_entry_basis_cents>=65 AND position_seconds>=90,11,0.20754716981132076,-31.000002000000006,0.6899979999999957,4,7,-11.81,-15.910002000000002,-3.2800000000000002,2,9,0,False,False
suppress_collapse_exit_if_exit_fair_drawdown_cents<=10 AND exit_btc_age_ms>=500,8,0.1509433962264151,-31.009999999999998,0.6800000000000033,4,4,-11.19,-18.040000000000003,-1.78,5,1,2,False,False
suppress_collapse_exit_if_exit_fair_drawdown_cents<=4 AND position_seconds<=90,7,0.1320754716981132,-31.01,0.6799999999999997,4,3,-10.69,-17.770000000000003,-2.55,5,1,1,False,False
suppress_collapse_exit_if_exit_p_hold>=0.68 AND fair_minus_exit_bid_cents>=15,3,0.05660377358490566,-31.01,0.6799999999999997,1,2,-10.389999999999999,-17.34,-3.2800000000000002,2,1,0,False,False
suppress_collapse_exit_if_exit_fair_drawdown_cents>=18 AND entry_to_exit_loss_cents>=20,11,0.20754716981132076,-31.020002,0.6699979999999996,4,7,-14.899999999999997,-11.780002000000001,-4.34,4,6,1,False,False
suppress_collapse_exit_if_exit_entry_basis_cents>=65 AND exit_p_hold<=0.55,9,0.16981132075471697,-31.020002,0.6699979999999996,3,6,-14.679999999999998,-11.450002,-4.89,2,5,2,False,False
suppress_collapse_exit_if_exit_fair_drawdown_cents<=8 AND exit_btc_age_ms>=800,3,0.05660377358490566,-31.030000000000005,0.6599999999999966,2,1,-12.44,-16.810000000000002,-1.78,1,0,2,False,False
suppress_collapse_exit_if_exit_fair_drawdown_cents<=10 AND exit_btc_age_ms>=800,3,0.05660377358490566,-31.030000000000005,0.6599999999999966,2,1,-12.44,-16.810000000000002,-1.78,1,0,2,False,False
suppress_collapse_exit_if_exit_btc_age_ms>=800 AND entry_to_exit_loss_cents<=10,3,0.05660377358490566,-31.030000000000005,0.6599999999999966,2,1,-12.44,-16.810000000000002,-1.78,1,0,2,False,False
suppress_collapse_exit_if_exit_fair_drawdown_cents>=15 AND fair_minus_exit_bid_cents>=0,13,0.24528301886792453,-31.08,0.610000000000003,4,9,-14.679999999999998,-11.51,-4.89,2,9,2,False,False
suppress_collapse_exit_if_position_seconds<=45 AND entry_to_exit_loss_cents>=20,9,0.16981132075471697,-31.09,0.6000000000000014,4,5,-11.13,-15.62,-4.34,6,2,1,False,False
suppress_collapse_exit_if_exit_entry_basis_cents>=70 AND exit_btc_age_ms<=100,10,0.18867924528301888,-31.090002000000002,0.5999979999999994,5,5,-12.429999999999998,-14.290002000000001,-4.37,5,4,1,False,False
suppress_collapse_exit_if_exit_exit_bid_cents>=60 AND exit_p_hold>=0.65,14,0.2641509433962264,-31.09918,0.5908200000000008,9,5,-10.379180000000002,-19.660000000000004,-1.06,7,4,3,False,False
suppress_collapse_exit_if_exit_fair_drawdown_cents>=15 AND position_seconds<=90,10,0.18867924528301888,-31.099999999999998,0.5900000000000034,4,6,-12.74,-14.19,-4.17,3,4,3,False,False
suppress_collapse_exit_if_exit_fair_drawdown_cents>=18 AND position_seconds<=90,10,0.18867924528301888,-31.099999999999998,0.5900000000000034,4,6,-12.74,-14.19,-4.17,3,4,3,False,False
suppress_collapse_exit_if_exit_p_hold>=0.7 AND fair_minus_exit_bid_cents>=5,5,0.09433962264150944,-31.100000000000005,0.5899999999999963,3,2,-9.58,-19.01,-2.51,3,1,1,False,False
suppress_collapse_exit_if_exit_p_hold>=0.65,23,0.4339622641509434,-31.109180000000002,0.5808199999999992,13,10,-7.129180000000001,-21.830000000000005,-2.1500000000000004,11,8,4,False,False
suppress_collapse_exit_if_exit_exit_bid_cents>=65 AND entry_to_exit_loss_cents>=15,3,0.05660377358490566,-31.109180000000002,0.5808199999999992,2,1,-10.509179999999999,-18.040000000000003,-2.5600000000000005,1,1,1,False,False
suppress_collapse_exit_if_exit_exit_bid_cents>=60 AND exit_entry_basis_cents>=80,11,0.20754716981132076,-31.11918,0.5708200000000012,7,4,-10.129179999999998,-18.430000000000003,-2.5600000000000005,7,3,1,False,False
suppress_collapse_exit_if_exit_entry_basis_cents<=70 AND exit_btc_age_ms<=500,15,0.2830188679245283,-31.12,0.5700000000000003,5,10,-10.520000000000001,-15.79,-4.81,7,6,2,False,False
suppress_collapse_exit_if_exit_fair_drawdown_cents<=12 AND fair_minus_exit_bid_cents>=0,25,0.4716981132075472,-31.12,0.5700000000000003,12,13,-5.5200000000000005,-20.700000000000003,-4.9,14,6,5,False,False
suppress_collapse_exit_if_exit_btc_age_ms<=100 AND fair_minus_exit_bid_cents>=0,12,0.22641509433962265,-31.120000000000005,0.5699999999999967,6,6,-9.72,-16.05,-5.35,5,5,2,False,False
suppress_collapse_exit_if_exit_p_hold<=0.55 AND entry_to_exit_loss_cents>=15,13,0.24528301886792453,-31.120002000000003,0.5699979999999982,4,9,-14.819999999999999,-11.960002000000001,-4.34,5,7,1,False,False
suppress_collapse_exit_if_exit_p_hold<=0.55 AND entry_to_exit_loss_cents>=20,13,0.24528301886792453,-31.120002000000003,0.5699979999999982,4,9,-14.819999999999999,-11.960002000000001,-4.34,5,7,1,False,False
suppress_collapse_exit_if_exit_fair_drawdown_cents<=15 AND fair_minus_exit_bid_cents>=15,8,0.1509433962264151,-31.130000000000003,0.5599999999999987,3,5,-11.6,-16.25,-3.2800000000000002,6,2,0,True,False
suppress_collapse_exit_if_exit_exit_bid_cents<=50 AND exit_fair_drawdown_cents>=18,7,0.1320754716981132,-31.130000000000003,0.5599999999999987,2,5,-12.520000000000001,-14.78,-3.83,1,5,1,False,False
suppress_collapse_exit_if_exit_exit_bid_cents<=50 AND exit_fair_drawdown_cents>=20,7,0.1320754716981132,-31.130000000000003,0.5599999999999987,2,5,-12.520000000000001,-14.78,-3.83,1,5,1,False,False
suppress_collapse_exit_if_exit_p_hold>=0.65 AND fair_minus_exit_bid_cents>=0,20,0.37735849056603776,-31.13918,0.5508200000000016,11,9,-6.43918,-21.830000000000005,-2.87,9,8,3,False,False
suppress_collapse_exit_if_position_seconds<=90 AND fair_minus_exit_bid_cents>=10,7,0.1320754716981132,-31.14,0.5500000000000007,3,4,-10.979999999999999,-15.239999999999998,-4.92,4,1,2,False,False
suppress_collapse_exit_if_exit_entry_basis_cents<=70 AND exit_fair_drawdown_cents>=18,4,0.07547169811320754,-31.140000000000004,0.5499999999999972,1,3,-11.6,-15.71,-3.83,0,3,1,False,False
suppress_collapse_exit_if_exit_entry_basis_cents<=70 AND exit_fair_drawdown_cents>=20,4,0.07547169811320754,-31.140000000000004,0.5499999999999972,1,3,-11.6,-15.71,-3.83,0,3,1,False,False
suppress_collapse_exit_if_exit_exit_bid_cents<=50,17,0.32075471698113206,-31.160000000000004,0.5299999999999976,4,13,-14.270000000000001,-13.06,-3.83,7,9,1,False,False
suppress_collapse_exit_if_exit_exit_bid_cents<=50 AND fair_minus_exit_bid_cents>=0,17,0.32075471698113206,-31.160000000000004,0.5299999999999976,4,13,-14.270000000000001,-13.06,-3.83,7,9,1,False,False
suppress_collapse_exit_if_exit_fair_drawdown_cents>=15 AND position_seconds<=180,13,0.24528301886792453,-31.169999999999998,0.5200000000000031,5,8,-12.74,-14.26,-4.17,3,7,3,False,False
suppress_collapse_exit_if_exit_entry_basis_cents<=65 AND exit_p_hold>=0.6,4,0.07547169811320754,-31.170000000000005,0.519999999999996,2,2,-12.139999999999999,-15.75,-3.2800000000000002,3,1,0,False,False
suppress_collapse_exit_if_exit_exit_bid_cents<=45 AND exit_btc_age_ms<=500,11,0.20754716981132076,-31.18,0.5100000000000016,3,8,-12.479999999999999,-14.87,-3.83,4,6,1,False,False
suppress_collapse_exit_if_exit_exit_bid_cents>=55 AND exit_fair_drawdown_cents>=15,3,0.05660377358490566,-31.19,0.5,2,1,-11.819999999999999,-16.810000000000002,-2.5600000000000005,2,0,1,False,False
suppress_collapse_exit_if_exit_exit_bid_cents>=55 AND exit_fair_drawdown_cents>=18,3,0.05660377358490566,-31.19,0.5,2,1,-11.819999999999999,-16.810000000000002,-2.5600000000000005,2,0,1,False,False
suppress_collapse_exit_if_exit_fair_drawdown_cents<=18 AND fair_minus_exit_bid_cents>=10,14,0.2641509433962264,-31.19,0.5,5,9,-10.589999999999998,-16.23,-4.37,7,6,1,False,False
suppress_collapse_exit_if_exit_exit_bid_cents>=60 AND exit_btc_age_ms>=500,9,0.16981132075471697,-31.209999999999994,0.48000000000000753,6,3,-12.329999999999998,-18.630000000000003,-0.25000000000000006,2,3,4,False,False
suppress_collapse_exit_if_exit_entry_basis_cents<=70 AND position_seconds<=90,13,0.24528301886792453,-31.210000000000004,0.4799999999999969,5,8,-9.729999999999999,-16.67,-4.81,7,4,2,False,False
suppress_collapse_exit_if_exit_fair_drawdown_cents<=0,5,0.09433962264150944,-31.220000000000002,0.46999999999999886,2,3,-11.229999999999999,-16.71,-3.2800000000000002,3,2,0,True,False
suppress_collapse_exit_if_exit_entry_basis_cents<=70 AND exit_fair_drawdown_cents<=0,5,0.09433962264150944,-31.220000000000002,0.46999999999999886,2,3,-11.229999999999999,-16.71,-3.2800000000000002,3,2,0,True,False
suppress_collapse_exit_if_exit_fair_drawdown_cents<=0 AND position_seconds<=180,5,0.09433962264150944,-31.220000000000002,0.46999999999999886,2,3,-11.229999999999999,-16.71,-3.2800000000000002,3,2,0,True,False
suppress_collapse_exit_if_exit_fair_drawdown_cents<=0 AND fair_minus_exit_bid_cents>=0,5,0.09433962264150944,-31.220000000000002,0.46999999999999886,2,3,-11.229999999999999,-16.71,-3.2800000000000002,3,2,0,True,False
suppress_collapse_exit_if_exit_fair_drawdown_cents<=0 AND fair_minus_exit_bid_cents>=5,5,0.09433962264150944,-31.220000000000002,0.46999999999999886,2,3,-11.229999999999999,-16.71,-3.2800000000000002,3,2,0,True,False
suppress_collapse_exit_if_exit_entry_basis_cents>=65 AND exit_btc_age_ms>=800,5,0.09433962264150944,-31.23,0.46000000000000085,3,2,-11.6,-18.57,-1.06,0,2,3,False,False
suppress_collapse_exit_if_exit_entry_basis_cents>=70 AND exit_btc_age_ms>=800,5,0.09433962264150944,-31.23,0.46000000000000085,3,2,-11.6,-18.57,-1.06,0,2,3,False,False
suppress_collapse_exit_if_exit_p_hold>=0.65 AND exit_btc_age_ms>=800,5,0.09433962264150944,-31.23,0.46000000000000085,3,2,-11.6,-18.57,-1.06,0,2,3,False,False
suppress_collapse_exit_if_entry_to_exit_loss_cents>=15 AND fair_minus_exit_bid_cents>=0,26,0.49056603773584906,-31.249180000000003,0.44081999999999866,11,15,-10.139180000000001,-15.44,-5.67,10,12,4,False,False
suppress_collapse_exit_if_exit_exit_bid_cents>=50 AND position_seconds>=90,8,0.1509433962264151,-31.250002000000002,0.4399979999999992,4,4,-11.81,-16.160002000000002,-3.2800000000000002,2,6,0,False,False
suppress_collapse_exit_if_exit_entry_basis_cents>=70 AND fair_minus_exit_bid_cents>=0,28,0.5283018867924528,-31.25918,0.43082000000000065,15,13,-9.10918,-17.98,-4.17,11,11,6,False,False
suppress_collapse_exit_if_exit_fair_drawdown_cents>=18 AND fair_minus_exit_bid_cents>=10,3,0.05660377358490566,-31.260000000000005,0.42999999999999616,1,2,-11.6,-15.829999999999998,-3.83,0,2,1,False,False
suppress_collapse_exit_if_exit_fair_drawdown_cents>=20 AND fair_minus_exit_bid_cents>=10,3,0.05660377358490566,-31.260000000000005,0.42999999999999616,1,2,-11.6,-15.829999999999998,-3.83,0,2,1,False,False
suppress_collapse_exit_if_exit_entry_basis_cents<=70 AND exit_btc_age_ms>=500,5,0.09433962264150944,-31.28,0.41000000000000014,2,3,-11.19,-16.810000000000002,-3.2800000000000002,5,0,0,True,False
suppress_collapse_exit_if_exit_exit_bid_cents<=45 AND exit_entry_basis_cents>=80,3,0.05660377358490566,-31.290000000000003,0.3999999999999986,1,2,-11.6,-16.41,-3.2800000000000002,0,3,0,True,False
suppress_collapse_exit_if_exit_exit_bid_cents<=50 AND exit_entry_basis_cents>=80,3,0.05660377358490566,-31.290000000000003,0.3999999999999986,1,2,-11.6,-16.41,-3.2800000000000002,0,3,0,True,False
suppress_collapse_exit_if_exit_p_hold>=0.65 AND exit_fair_drawdown_cents<=15,21,0.39622641509433965,-31.299180000000003,0.39081999999999795,12,9,-7.129180000000001,-21.300000000000004,-2.87,11,7,3,False,False
suppress_collapse_exit_if_exit_p_hold>=0.6 AND exit_btc_age_ms>=500,14,0.2641509433962264,-31.299999999999994,0.3900000000000077,8,6,-11.889999999999997,-19.16,-0.25000000000000006,6,4,4,False,False
suppress_collapse_exit_if_position_seconds>=90 AND fair_minus_exit_bid_cents>=10,10,0.18867924528301888,-31.310000000000002,0.379999999999999,3,7,-11.210000000000003,-16.82,-3.2800000000000002,3,7,0,False,False
suppress_collapse_exit_if_exit_exit_bid_cents<=45 AND position_seconds>=90,7,0.1320754716981132,-31.310000000000002,0.379999999999999,1,6,-12.35,-15.68,-3.2800000000000002,2,5,0,False,False
suppress_collapse_exit_if_exit_entry_basis_cents<=70 AND exit_fair_drawdown_cents>=15,5,0.09433962264150944,-31.320000000000004,0.36999999999999744,1,4,-11.6,-15.89,-3.83,0,4,1,False,False
suppress_collapse_exit_if_exit_btc_age_ms<=100 AND position_seconds>=90,5,0.09433962264150944,-31.330002,0.35999800000000093,2,3,-13.759999999999996,-14.290002000000001,-3.2800000000000002,1,4,0,False,False
suppress_collapse_exit_if_exit_fair_drawdown_cents<=10 AND exit_btc_age_ms<=300,8,0.1509433962264151,-31.35,0.33999999999999986,4,4,-8.23,-17.770000000000003,-5.35,5,1,2,False,False
suppress_collapse_exit_if_exit_btc_age_ms<=100 AND position_seconds>=180,3,0.05660377358490566,-31.350002000000003,0.3399979999999978,1,2,-13.759999999999996,-14.310002,-3.2800000000000002,1,2,0,False,False
suppress_collapse_exit_if_exit_p_hold<=0.55 AND exit_fair_drawdown_cents>=18,10,0.18867924528301888,-31.350002000000003,0.3399979999999978,3,7,-14.679999999999998,-11.780002000000001,-4.89,2,6,2,False,False
suppress_collapse_exit_if_exit_exit_bid_cents<=50 AND fair_minus_exit_bid_cents>=15,9,0.16981132075471697,-31.38,0.3100000000000023,2,7,-14.58,-13.52,-3.2800000000000002,4,5,0,False,False
suppress_collapse_exit_if_exit_exit_bid_cents<=50 AND position_seconds<=45,6,0.11320754716981132,-31.390000000000004,0.29999999999999716,2,4,-11.94,-15.62,-3.83,3,2,1,False,False
suppress_collapse_exit_if_exit_entry_basis_cents>=70 AND exit_fair_drawdown_cents>=18,9,0.16981132075471697,-31.400002,0.28999800000000064,4,5,-14.899999999999997,-12.880002000000001,-3.62,4,3,2,False,False
suppress_collapse_exit_if_exit_exit_bid_cents>=50 AND exit_fair_drawdown_cents>=18,6,0.11320754716981132,-31.410002,0.27999800000000263,3,3,-13.979999999999999,-13.810002,-3.62,3,1,2,False,False
suppress_collapse_exit_if_exit_exit_bid_cents>=65 AND position_seconds<=180,11,0.20754716981132076,-31.41918,0.2708200000000005,7,4,-11.929179999999999,-18.43,-1.06,5,3,3,False,False
suppress_collapse_exit_if_exit_btc_age_ms<=500 AND position_seconds>=90,10,0.18867924528301888,-31.420002,0.26999800000000107,4,6,-12.53,-15.610002000000001,-3.2800000000000002,3,7,0,False,False
suppress_collapse_exit_if_exit_entry_basis_cents>=65 AND exit_p_hold>=0.65,21,0.39622641509433965,-31.429180000000002,0.26081999999999894,12,9,-6.3891800000000005,-22.89,-2.1500000000000004,10,7,4,False,False
suppress_collapse_exit_if_exit_fair_drawdown_cents>=18 AND position_seconds>=90,3,0.05660377358490566,-31.440002000000003,0.24999799999999794,1,2,-13.759999999999996,-14.400002,-3.2800000000000002,1,2,0,False,False
suppress_collapse_exit_if_exit_fair_drawdown_cents<=10 AND position_seconds<=90,15,0.2830188679245283,-31.46,0.23000000000000043,8,7,-8.610000000000001,-19.0,-3.8499999999999996,9,2,4,False,False
suppress_collapse_exit_if_exit_btc_age_ms>=500 AND fair_minus_exit_bid_cents>=10,5,0.09433962264150944,-31.460000000000004,0.22999999999999687,1,4,-13.179999999999998,-15.0,-3.2800000000000002,2,3,0,False,False
suppress_collapse_exit_if_exit_fair_drawdown_cents<=10 AND exit_btc_age_ms<=500,13,0.24528301886792453,-31.460000000000004,0.22999999999999687,6,7,-9.4,-16.71,-5.35,9,2,2,False,False
suppress_collapse_exit_if_exit_exit_bid_cents>=50 AND entry_to_exit_loss_cents<=10,7,0.1320754716981132,-31.470000000000002,0.21999999999999886,4,3,-11.999999999999998,-16.71,-2.7599999999999993,2,2,3,False,False
suppress_collapse_exit_if_exit_exit_bid_cents>=65 AND position_seconds<=45,9,0.16981132075471697,-31.479999999999997,0.2100000000000044,6,3,-13.02,-17.400000000000002,-1.06,4,2,3,False,False
suppress_collapse_exit_if_exit_p_hold>=0.68 AND exit_fair_drawdown_cents<=12,11,0.20754716981132076,-31.48,0.21000000000000085,6,5,-8.309999999999999,-20.300000000000004,-2.87,5,3,3,False,False
suppress_collapse_exit_if_exit_exit_bid_cents<=50 AND exit_p_hold<=0.55,12,0.22641509433962265,-31.480000000000004,0.2099999999999973,3,9,-12.69,-14.959999999999999,-3.83,5,6,1,False,False
suppress_collapse_exit_if_exit_exit_bid_cents<=50 AND exit_btc_age_ms>=500,6,0.11320754716981132,-31.490000000000006,0.19999999999999574,1,5,-13.209999999999999,-15.0,-3.2800000000000002,3,3,0,False,False
suppress_collapse_exit_if_exit_entry_basis_cents>=70 AND exit_btc_age_ms<=300,19,0.3584905660377358,-31.499182,0.19081800000000015,10,9,-11.10918,-14.970002000000003,-5.42,11,6,2,False,False
suppress_collapse_exit_if_exit_fair_drawdown_cents<=4 AND exit_btc_age_ms>=500,4,0.07547169811320754,-31.500000000000004,0.18999999999999773,2,2,-12.139999999999999,-16.810000000000002,-2.55,3,0,1,False,False
suppress_collapse_exit_if_exit_fair_drawdown_cents<=15 AND exit_btc_age_ms>=500,13,0.24528301886792453,-31.52,0.1700000000000017,7,6,-11.919999999999998,-18.630000000000003,-0.97,7,3,3,False,False
suppress_collapse_exit_if_exit_fair_drawdown_cents<=12,27,0.5094339622641509,-31.520000000000003,0.16999999999999815,13,14,-5.920000000000001,-20.700000000000003,-4.9,16,6,5,False,False
suppress_collapse_exit_if_position_seconds>=180 AND entry_to_exit_loss_cents>=20,7,0.1320754716981132,-31.520002,0.16999799999999965,2,5,-14.479999999999999,-13.760002,-3.2800000000000002,2,5,0,False,False
suppress_collapse_exit_if_exit_sigma_t_dollars>=50 AND position_seconds>=180,6,0.11320754716981132,-31.530002000000003,0.1599979999999981,2,4,-13.759999999999996,-14.490002,-3.2800000000000002,1,5,0,False,False
suppress_collapse_exit_if_exit_p_hold<=0.55 AND exit_fair_drawdown_cents>=15,11,0.20754716981132076,-31.530002000000003,0.1599979999999981,3,8,-14.679999999999998,-11.960002000000001,-4.89,2,7,2,False,False
suppress_collapse_exit_if_exit_p_hold>=0.68 AND exit_btc_age_ms<=500,9,0.16981132075471697,-31.55918,0.13081999999999994,5,4,-7.14918,-20.040000000000003,-4.37,6,2,1,False,False
suppress_collapse_exit_if_entry_to_exit_loss_cents>=20 AND fair_minus_exit_bid_cents>=10,10,0.18867924528301888,-31.56,0.13000000000000256,3,7,-11.97,-16.310000000000002,-3.2800000000000002,3,7,0,False,False
suppress_collapse_exit_if_exit_exit_bid_cents>=50 AND exit_btc_age_ms<=100,12,0.22641509433962265,-31.560002000000004,0.12999799999999695,6,6,-12.42,-13.790002000000001,-5.35,7,3,2,False,False
suppress_collapse_exit_if_exit_fair_drawdown_cents<=12 AND exit_btc_age_ms>=500,10,0.18867924528301888,-31.57,0.120000000000001,5,5,-10.52,-19.270000000000003,-1.78,6,2,2,False,False
suppress_collapse_exit_if_exit_p_hold<=0.6 AND exit_fair_drawdown_cents>=18,12,0.22641509433962265,-31.570002000000002,0.11999799999999894,4,8,-14.899999999999997,-11.780002000000001,-4.89,4,6,2,False,False
suppress_collapse_exit_if_exit_exit_bid_cents>=50 AND exit_btc_age_ms<=300,21,0.39622641509433965,-31.579182000000007,0.11081799999999475,11,10,-8.22918,-16.950002,-6.4,13,5,3,False,False
suppress_collapse_exit_if_position_seconds>=90 AND entry_to_exit_loss_cents>=20,10,0.18867924528301888,-31.590002000000002,0.09999799999999937,3,7,-14.479999999999999,-13.830002,-3.2800000000000002,2,8,0,False,False
suppress_collapse_exit_if_exit_entry_basis_cents<=70 AND exit_fair_drawdown_cents<=10,13,0.24528301886792453,-31.6,0.08999999999999986,5,8,-10.63,-16.71,-4.26,10,2,1,False,False
suppress_collapse_exit_if_exit_entry_basis_cents<=70 AND exit_fair_drawdown_cents<=12,13,0.24528301886792453,-31.6,0.08999999999999986,5,8,-10.63,-16.71,-4.26,10,2,1,False,False
suppress_collapse_exit_if_exit_entry_basis_cents>=70 AND exit_fair_drawdown_cents<=12,14,0.2641509433962264,-31.61,0.08000000000000185,8,6,-6.89,-20.800000000000004,-3.92,6,4,4,False,False
suppress_collapse_exit_if_exit_fair_drawdown_cents<=18 AND exit_btc_age_ms<=300,20,0.37735849056603776,-31.619180000000004,0.07081999999999766,10,10,-4.589180000000001,-20.630000000000003,-6.4,11,6,3,False,False
suppress_collapse_exit_if_entry_to_exit_loss_cents>=15 AND fair_minus_exit_bid_cents>=10,12,0.22641509433962265,-31.639999999999997,0.05000000000000426,4,8,-10.959999999999999,-16.310000000000002,-4.37,4,7,1,False,False
suppress_collapse_exit_if_exit_p_hold>=0.7 AND exit_btc_age_ms>=500,5,0.09433962264150944,-31.66,0.030000000000001137,3,2,-13.07,-16.810000000000002,-1.78,3,0,2,False,False
suppress_collapse_exit_if_exit_exit_bid_cents>=65 AND fair_minus_exit_bid_cents<=0,3,0.05660377358490566,-31.660000000000004,0.029999999999997584,2,1,-12.290000000000001,-16.810000000000002,-2.5600000000000005,2,0,1,False,False
suppress_collapse_exit_if_exit_p_hold>=0.6 AND fair_minus_exit_bid_cents<=0,3,0.05660377358490566,-31.660000000000004,0.029999999999997584,2,1,-12.290000000000001,-16.810000000000002,-2.5600000000000005,2,0,1,False,False
suppress_collapse_exit_if_exit_p_hold>=0.65 AND fair_minus_exit_bid_cents<=0,3,0.05660377358490566,-31.660000000000004,0.029999999999997584,2,1,-12.290000000000001,-16.810000000000002,-2.5600000000000005,2,0,1,False,False
suppress_collapse_exit_if_exit_fair_drawdown_cents<=10 AND fair_minus_exit_bid_cents>=15,6,0.11320754716981132,-31.660000000000004,0.029999999999997584,2,4,-12.63,-15.75,-3.2800000000000002,5,1,0,False,False
suppress_collapse_exit_if_exit_exit_bid_cents<=45 AND fair_minus_exit_bid_cents>=10,10,0.18867924528301888,-31.68,0.010000000000001563,2,8,-13.74,-14.11,-3.83,3,6,1,False,False
suppress_collapse_exit_if_exit_entry_basis_cents>=75 AND fair_minus_exit_bid_cents>=15,3,0.05660377358490566,-31.69,0.0,1,2,-10.569999999999999,-17.84,-3.2800000000000002,1,2,0,False,False
suppress_collapse_exit_if_exit_fair_drawdown_cents>=18 AND position_seconds<=180,11,0.20754716981132076,-31.69,0.0,4,7,-12.74,-14.78,-4.17,3,5,3,False,False
suppress_collapse_exit_if_exit_p_hold<=0.55 AND fair_minus_exit_bid_cents>=15,4,0.07547169811320754,-31.7,-0.00999999999999801,1,3,-13.000000000000002,-15.419999999999998,-3.2800000000000002,2,2,0,False,False
suppress_collapse_exit_if_exit_p_hold>=0.65 AND fair_minus_exit_bid_cents>=10,9,0.16981132075471697,-31.700000000000003,-0.010000000000001563,4,5,-8.35,-18.98,-4.37,4,4,1,False,False
suppress_collapse_exit_if_position_seconds>=90,16,0.3018867924528302,-31.710002,-0.020001999999998077,5,11,-13.4,-15.030002000000003,-3.2800000000000002,5,11,0,False,False
suppress_collapse_exit_if_exit_exit_bid_cents<=50 AND exit_fair_drawdown_cents<=18,10,0.18867924528301888,-31.720000000000002,-0.030000000000001137,2,8,-13.35,-15.09,-3.2800000000000002,6,4,0,False,False
suppress_collapse_exit_if_exit_entry_basis_cents<=65 AND exit_sigma_t_dollars>=75,3,0.05660377358490566,-31.73,-0.03999999999999915,1,2,-11.6,-16.85,-3.2800000000000002,0,3,0,False,False
suppress_collapse_exit_if_exit_entry_basis_cents>=75 AND fair_minus_exit_bid_cents>=5,12,0.22641509433962265,-31.73,-0.03999999999999915,6,6,-9.020000000000001,-18.060000000000002,-4.65,3,6,3,False,False
suppress_collapse_exit_if_exit_btc_age_ms<=500 AND fair_minus_exit_bid_cents>=10,13,0.24528301886792453,-31.730000000000004,-0.0400000000000027,5,8,-9.749999999999998,-17.06,-4.92,6,5,2,False,False
suppress_collapse_exit_if_exit_fair_drawdown_cents<=10 AND fair_minus_exit_bid_cents>=10,8,0.1509433962264151,-31.740000000000002,-0.05000000000000071,3,5,-11.62,-15.75,-4.37,6,1,1,False,False
suppress_collapse_exit_if_exit_fair_drawdown_cents<=15 AND exit_btc_age_ms<=500,24,0.4528301886792453,-31.749180000000003,-0.05918000000000134,12,12,-4.90918,-20.440000000000005,-6.4,16,5,3,False,False
suppress_collapse_exit_if_exit_btc_age_ms>=500 AND position_seconds<=180,16,0.3018867924528302,-31.749999999999996,-0.05999999999999517,8,8,-11.919999999999998,-18.520000000000003,-1.3099999999999998,7,4,5,False,False
suppress_collapse_exit_if_exit_p_hold<=0.55 AND position_seconds>=180,4,0.07547169811320754,-31.750002000000002,-0.06000200000000078,1,3,-14.479999999999999,-13.990002,-3.2800000000000002,2,2,0,False,False
suppress_collapse_exit_if_exit_btc_age_ms<=300 AND position_seconds>=90,8,0.1509433962264151,-31.760002000000004,-0.07000200000000234,3,5,-11.81,-16.670002000000004,-3.2800000000000002,2,6,0,False,False
suppress_collapse_exit_if_exit_btc_age_ms>=500 AND entry_to_exit_loss_cents<=10,4,0.07547169811320754,-31.770000000000003,-0.08000000000000185,2,2,-13.179999999999998,-16.810000000000002,-1.78,2,0,2,False,False
suppress_collapse_exit_if_exit_exit_bid_cents<=45 AND exit_entry_basis_cents>=75,4,0.07547169811320754,-31.79,-0.09999999999999787,1,3,-11.6,-16.91,-3.2800000000000002,0,4,0,False,False
suppress_collapse_exit_if_exit_exit_bid_cents<=50 AND exit_entry_basis_cents>=75,4,0.07547169811320754,-31.79,-0.09999999999999787,1,3,-11.6,-16.91,-3.2800000000000002,0,4,0,False,False
suppress_collapse_exit_if_exit_fair_drawdown_cents>=20 AND position_seconds<=90,9,0.16981132075471697,-31.82,-0.129999999999999,3,6,-12.74,-14.19,-4.89,3,4,2,False,False
suppress_collapse_exit_if_exit_p_hold>=0.65 AND exit_fair_drawdown_cents<=18,22,0.41509433962264153,-31.829180000000004,-0.1391800000000032,12,10,-7.129180000000001,-21.830000000000005,-2.87,11,8,3,False,False
suppress_collapse_exit_if_exit_p_hold>=0.65 AND entry_to_exit_loss_cents>=15,11,0.20754716981132076,-31.839179999999995,-0.1491799999999941,6,5,-6.919180000000001,-21.270000000000003,-3.6500000000000004,5,4,2,False,False
suppress_collapse_exit_if_exit_entry_basis_cents>=65 AND position_seconds>=180,6,0.11320754716981132,-31.850002000000003,-0.1600020000000022,2,4,-13.759999999999996,-14.810002,-3.2800000000000002,1,5,0,False,False
suppress_collapse_exit_if_exit_entry_basis_cents>=70 AND position_seconds>=180,6,0.11320754716981132,-31.850002000000003,-0.1600020000000022,2,4,-13.759999999999996,-14.810002,-3.2800000000000002,1,5,0,False,False
suppress_collapse_exit_if_exit_exit_bid_cents>=50 AND exit_p_hold>=0.68,15,0.2830188679245283,-31.869180000000004,-0.17918000000000234,9,6,-7.1391800000000005,-21.860000000000003,-2.87,7,5,3,False,False
suppress_collapse_exit_if_exit_exit_bid_cents>=55 AND exit_p_hold>=0.68,15,0.2830188679245283,-31.869180000000004,-0.17918000000000234,9,6,-7.1391800000000005,-21.860000000000003,-2.87,7,5,3,False,False
suppress_collapse_exit_if_exit_exit_bid_cents>=55 AND fair_minus_exit_bid_cents<=0,5,0.09433962264150944,-31.88,-0.18999999999999773,3,2,-12.51,-16.810000000000002,-2.5600000000000005,4,0,1,False,False
suppress_collapse_exit_if_exit_entry_basis_cents<=70 AND position_seconds<=45,10,0.18867924528301888,-31.900000000000002,-0.21000000000000085,4,6,-8.99,-18.1,-4.81,6,2,2,False,False
suppress_collapse_exit_if_exit_entry_basis_cents>=70 AND exit_p_hold<=0.55,6,0.11320754716981132,-31.900002,-0.21000199999999936,2,4,-14.679999999999998,-12.880002000000001,-4.34,2,3,1,False,False
suppress_collapse_exit_if_exit_entry_basis_cents>=70 AND exit_sigma_t_dollars<=50,3,0.05660377358490566,-31.910000000000004,-0.22000000000000242,1,2,-10.790000000000001,-17.84,-3.2800000000000002,1,2,0,False,False
suppress_collapse_exit_if_exit_entry_basis_cents>=75 AND exit_sigma_t_dollars<=50,3,0.05660377358490566,-31.910000000000004,-0.22000000000000242,1,2,-10.790000000000001,-17.84,-3.2800000000000002,1,2,0,False,False
suppress_collapse_exit_if_position_seconds>=90 AND entry_to_exit_loss_cents>=10,14,0.2641509433962264,-31.930001999999998,-0.24000199999999694,4,10,-12.56,-16.090002000000002,-3.2800000000000002,4,10,0,False,False
suppress_collapse_exit_if_exit_entry_basis_cents>=75 AND exit_p_hold>=0.7,6,0.11320754716981132,-31.949180000000002,-0.25918000000000063,4,2,-10.429179999999999,-19.01,-2.51,4,1,1,False,False
suppress_collapse_exit_if_exit_p_hold>=0.68 AND exit_btc_age_ms>=800,4,0.07547169811320754,-31.950000000000003,-0.26000000000000156,2,2,-11.6,-18.57,-1.78,0,2,2,False,False
suppress_collapse_exit_if_exit_entry_basis_cents>=75 AND exit_btc_age_ms>=800,4,0.07547169811320754,-31.959999999999997,-0.269999999999996,2,2,-11.6,-18.57,-1.7899999999999998,0,2,2,False,False
suppress_collapse_exit_if_exit_btc_age_ms>=800 AND entry_to_exit_loss_cents>=10,4,0.07547169811320754,-31.959999999999997,-0.269999999999996,2,2,-11.6,-18.57,-1.7899999999999998,0,2,2,False,False
suppress_collapse_exit_if_exit_fair_drawdown_cents<=18 AND position_seconds>=90,13,0.24528301886792453,-31.960000000000004,-0.2700000000000031,4,9,-11.24,-17.44,-3.2800000000000002,4,9,0,False,False
suppress_collapse_exit_if_exit_p_hold>=0.68 AND fair_minus_exit_bid_cents>=5,8,0.1509433962264151,-31.98,-0.28999999999999915,4,4,-8.840000000000002,-19.54,-3.6,4,2,2,False,False
suppress_collapse_exit_if_exit_btc_age_ms>=500 AND position_seconds>=90,6,0.11320754716981132,-31.980000000000004,-0.2900000000000027,1,5,-12.47,-16.23,-3.2800000000000002,2,4,0,False,False
suppress_collapse_exit_if_exit_p_hold>=0.7 AND entry_to_exit_loss_cents>=15,3,0.05660377358490566,-31.98918,-0.2991799999999998,2,1,-9.69918,-19.01,-3.2800000000000002,2,1,0,False,False
suppress_collapse_exit_if_exit_entry_basis_cents>=70 AND exit_p_hold>=0.6,24,0.4528301886792453,-31.99918,-0.3091799999999978,14,10,-6.719180000000001,-22.89,-2.3900000000000006,11,7,6,False,False
suppress_collapse_exit_if_exit_p_hold<=0.55 AND exit_btc_age_ms<=500,14,0.2641509433962264,-32.000002,-0.3100020000000008,4,10,-15.819999999999999,-11.370002000000001,-4.81,6,6,2,False,False
suppress_collapse_exit_if_exit_exit_bid_cents>=65 AND exit_btc_age_ms>=500,8,0.1509433962264151,-32.019999999999996,-0.32999999999999474,5,3,-12.329999999999998,-18.630000000000003,-1.06,2,3,3,False,False
suppress_collapse_exit_if_exit_btc_age_ms>=800,6,0.11320754716981132,-32.07,-0.379999999999999,3,3,-12.44,-18.57,-1.06,1,2,3,False,False
suppress_collapse_exit_if_exit_p_hold>=0.6 AND exit_btc_age_ms>=800,6,0.11320754716981132,-32.07,-0.379999999999999,3,3,-12.44,-18.57,-1.06,1,2,3,False,False
suppress_collapse_exit_if_exit_fair_drawdown_cents<=8 AND entry_to_exit_loss_cents<=10,8,0.1509433962264151,-32.07,-0.379999999999999,4,4,-13.58,-16.71,-1.78,4,2,2,False,False
suppress_collapse_exit_if_exit_exit_bid_cents>=65 AND exit_p_hold>=0.68,10,0.18867924528301888,-32.07918,-0.38917999999999964,6,4,-10.63918,-19.660000000000004,-1.78,4,4,2,False,False
suppress_collapse_exit_if_exit_p_hold>=0.6 AND entry_to_exit_loss_cents>=15,13,0.24528301886792453,-32.07918,-0.38917999999999964,7,6,-6.919180000000001,-21.270000000000003,-3.8900000000000006,5,4,4,False,False
suppress_collapse_exit_if_exit_exit_bid_cents<=50 AND exit_btc_age_ms<=500,12,0.22641509433962265,-32.1,-0.41000000000000014,3,9,-13.4,-14.87,-3.83,5,6,1,False,False
suppress_collapse_exit_if_exit_entry_basis_cents>=80 AND position_seconds>=180,3,0.05660377358490566,-32.120002,-0.4300019999999982,1,2,-11.6,-17.240002000000004,-3.2800000000000002,0,3,0,False,False
suppress_collapse_exit_if_exit_p_hold<=0.6 AND exit_btc_age_ms<=500,18,0.33962264150943394,-32.130002000000005,-0.44000200000000333,6,12,-16.04,-11.280002,-4.81,8,8,2,False,False
suppress_collapse_exit_if_exit_exit_bid_cents<=50 AND position_seconds>=90,8,0.1509433962264151,-32.15,-0.4599999999999973,1,7,-13.19,-15.68,-3.2800000000000002,3,5,0,False,False
suppress_collapse_exit_if_exit_p_hold>=0.68 AND exit_sigma_t_dollars<=50,3,0.05660377358490566,-32.15,-0.4599999999999973,1,2,-11.53,-17.34,-3.2800000000000002,2,1,0,False,False
suppress_collapse_exit_if_exit_fair_drawdown_cents<=12 AND fair_minus_exit_bid_cents>=15,7,0.1320754716981132,-32.160000000000004,-0.4700000000000024,2,5,-12.63,-16.25,-3.2800000000000002,5,2,0,False,False
suppress_collapse_exit_if_exit_entry_basis_cents>=70 AND exit_fair_drawdown_cents<=15,22,0.41509433962264153,-32.18918,-0.49917999999999907,13,9,-6.719180000000001,-22.360000000000003,-3.1100000000000003,11,6,5,False,False
suppress_collapse_exit_if_exit_fair_drawdown_cents>=20 AND fair_minus_exit_bid_cents>=0,8,0.1509433962264151,-32.19,-0.49999999999999645,2,6,-12.520000000000001,-14.78,-4.89,1,5,2,False,False
suppress_collapse_exit_if_entry_to_exit_loss_cents<=10 AND fair_minus_exit_bid_cents>=10,3,0.05660377358490566,-32.21,-0.5199999999999996,1,2,-13.179999999999998,-15.75,-3.2800000000000002,2,1,0,False,False
suppress_collapse_exit_if_entry_to_exit_loss_cents<=10 AND fair_minus_exit_bid_cents>=15,3,0.05660377358490566,-32.21,-0.5199999999999996,1,2,-13.179999999999998,-15.75,-3.2800000000000002,2,1,0,False,False
suppress_collapse_exit_if_exit_exit_bid_cents>=55 AND exit_entry_basis_cents>=70,23,0.4339622641509434,-32.21918000000001,-0.5291800000000073,14,9,-7.9691800000000015,-21.860000000000003,-2.3900000000000006,12,5,6,False,False
suppress_collapse_exit_if_exit_exit_bid_cents<=45 AND exit_entry_basis_cents<=70,10,0.18867924528301888,-32.230000000000004,-0.5400000000000027,2,8,-12.51,-15.89,-3.83,5,4,1,False,False
suppress_collapse_exit_if_exit_fair_drawdown_cents<=12 AND fair_minus_exit_bid_cents>=10,9,0.16981132075471697,-32.24,-0.5500000000000007,3,6,-11.62,-16.25,-4.37,6,2,1,False,False
suppress_collapse_exit_if_exit_exit_bid_cents>=50 AND entry_to_exit_loss_cents>=20,8,0.1509433962264151,-32.250002,-0.5600020000000008,4,4,-12.950000000000001,-14.960002000000003,-4.34,4,3,1,False,False
suppress_collapse_exit_if_exit_fair_drawdown_cents<=12 AND exit_btc_age_ms>=800,4,0.07547169811320754,-32.26,-0.5699999999999967,2,2,-12.44,-18.040000000000003,-1.78,1,1,2,False,False
suppress_collapse_exit_if_exit_fair_drawdown_cents<=15 AND exit_btc_age_ms>=800,4,0.07547169811320754,-32.26,-0.5699999999999967,2,2,-12.44,-18.040000000000003,-1.78,1,1,2,False,False
suppress_collapse_exit_if_exit_entry_basis_cents<=65 AND exit_btc_age_ms>=500,4,0.07547169811320754,-32.26,-0.5699999999999967,1,3,-12.17,-16.810000000000002,-3.2800000000000002,4,0,0,False,False
suppress_collapse_exit_if_exit_btc_age_ms>=800 AND fair_minus_exit_bid_cents>=5,3,0.05660377358490566,-32.29,-0.5999999999999979,1,2,-12.44,-17.34,-2.51,1,1,1,False,False
suppress_collapse_exit_if_exit_exit_bid_cents>=65 AND exit_btc_age_ms<=300,4,0.07547169811320754,-32.31918,-0.6291800000000016,2,2,-11.19918,-17.840000000000003,-3.2800000000000002,3,1,0,False,False
suppress_collapse_exit_if_exit_exit_bid_cents>=65 AND exit_btc_age_ms<=500,4,0.07547169811320754,-32.31918,-0.6291800000000016,2,2,-11.19918,-17.840000000000003,-3.2800000000000002,3,1,0,False,False
suppress_collapse_exit_if_entry_to_exit_loss_cents>=20 AND fair_minus_exit_bid_cents>=0,18,0.33962264150943394,-32.339999999999996,-0.649999999999995,6,12,-13.790000000000001,-14.209999999999999,-4.34,6,11,1,False,False
suppress_collapse_exit_if_exit_entry_basis_cents<=65 AND exit_fair_drawdown_cents>=15,3,0.05660377358490566,-32.34,-0.6500000000000021,0,3,-11.6,-17.46,-3.2800000000000002,0,3,0,False,False
suppress_collapse_exit_if_position_seconds>=180 AND fair_minus_exit_bid_cents>=5,5,0.09433962264150944,-32.36,-0.6699999999999982,1,4,-12.319999999999999,-16.76,-3.2800000000000002,1,4,0,False,False
suppress_collapse_exit_if_position_seconds>=180 AND fair_minus_exit_bid_cents>=10,5,0.09433962264150944,-32.36,-0.6699999999999982,1,4,-12.319999999999999,-16.76,-3.2800000000000002,1,4,0,False,False
suppress_collapse_exit_if_exit_fair_drawdown_cents<=10 AND entry_to_exit_loss_cents>=15,5,0.09433962264150944,-32.36,-0.6699999999999982,2,3,-11.179999999999998,-16.810000000000002,-4.37,4,0,1,False,False
suppress_collapse_exit_if_exit_p_hold<=0.55 AND position_seconds>=90,6,0.11320754716981132,-32.370002,-0.6800019999999982,1,5,-14.51,-14.580002,-3.2800000000000002,3,3,0,False,False
suppress_collapse_exit_if_exit_sigma_t_dollars<=50 AND exit_btc_age_ms<=300,3,0.05660377358490566,-32.38,-0.6900000000000013,1,2,-11.790000000000001,-17.310000000000002,-3.2800000000000002,2,1,0,False,False
suppress_collapse_exit_if_exit_fair_drawdown_cents<=12 AND exit_btc_age_ms<=500,18,0.33962264150943394,-32.38,-0.6900000000000013,8,10,-7.74,-18.240000000000002,-6.4,11,4,3,False,False
suppress_collapse_exit_if_exit_entry_basis_cents>=65 AND exit_p_hold>=0.68,16,0.3018867924528302,-32.39918,-0.7091799999999999,9,7,-7.1391800000000005,-22.39,-2.87,7,6,3,False,False
suppress_collapse_exit_if_entry_to_exit_loss_cents<=10 AND fair_minus_exit_bid_cents>=5,5,0.09433962264150944,-32.4,-0.7099999999999973,2,3,-13.179999999999998,-16.71,-2.51,2,2,1,False,False
suppress_collapse_exit_if_exit_entry_basis_cents<=65 AND position_seconds>=90,5,0.09433962264150944,-32.4,-0.7099999999999973,1,4,-13.19,-15.93,-3.2800000000000002,3,2,0,False,False
suppress_collapse_exit_if_exit_fair_drawdown_cents<=15 AND entry_to_exit_loss_cents>=15,14,0.2641509433962264,-32.40918,-0.7191799999999979,7,7,-7.0591800000000005,-20.740000000000002,-4.61,8,3,3,False,False
suppress_collapse_exit_if_exit_exit_bid_cents>=65 AND exit_fair_drawdown_cents<=12,7,0.1320754716981132,-32.41,-0.7199999999999953,4,3,-10.329999999999998,-20.300000000000004,-1.78,2,3,2,False,False
suppress_collapse_exit_if_exit_fair_drawdown_cents>=20 AND position_seconds<=180,10,0.18867924528301888,-32.410000000000004,-0.7200000000000024,3,7,-12.74,-14.78,-4.89,3,5,2,False,False
suppress_collapse_exit_if_exit_exit_bid_cents>=60 AND exit_btc_age_ms<=100,4,0.07547169811320754,-32.42,-0.7300000000000004,2,2,-11.299999999999999,-17.840000000000003,-3.2800000000000002,3,1,0,False,False
suppress_collapse_exit_if_exit_entry_basis_cents>=75 AND exit_fair_drawdown_cents<=10,4,0.07547169811320754,-32.43,-0.7399999999999984,2,2,-10.790000000000001,-18.040000000000003,-3.6,1,1,2,False,False
suppress_collapse_exit_if_exit_exit_bid_cents>=55 AND exit_p_hold>=0.65,17,0.32075471698113206,-32.43918000000001,-0.7491800000000062,10,7,-8.429179999999999,-21.860000000000003,-2.1500000000000004,8,5,4,False,False
suppress_collapse_exit_if_exit_entry_basis_cents<=65 AND entry_to_exit_loss_cents>=10,9,0.16981132075471697,-32.45,-0.7600000000000016,2,7,-10.730000000000002,-17.46,-4.26,5,3,1,False,False
suppress_collapse_exit_if_exit_entry_basis_cents>=65 AND exit_sigma_t_dollars<=50,4,0.07547169811320754,-32.46,-0.7699999999999996,1,3,-10.790000000000001,-17.84,-3.83,1,2,1,False,False
suppress_collapse_exit_if_exit_entry_basis_cents>=80 AND exit_fair_drawdown_cents<=12,4,0.07547169811320754,-32.47,-0.7799999999999976,2,2,-10.120000000000001,-19.070000000000004,-3.2800000000000002,2,2,0,False,False
suppress_collapse_exit_if_exit_entry_basis_cents<=65 AND entry_to_exit_loss_cents>=15,6,0.11320754716981132,-32.48,-0.7899999999999956,1,5,-11.74,-17.46,-3.2800000000000002,3,3,0,False,False
suppress_collapse_exit_if_exit_entry_basis_cents<=65 AND entry_to_exit_loss_cents>=20,6,0.11320754716981132,-32.48,-0.7899999999999956,1,5,-11.74,-17.46,-3.2800000000000002,3,3,0,False,False
suppress_collapse_exit_if_exit_fair_drawdown_cents<=15 AND exit_btc_age_ms<=300,18,0.33962264150943394,-32.489180000000005,-0.7991800000000033,9,9,-4.589180000000001,-21.500000000000004,-6.4,11,4,3,False,False
suppress_collapse_exit_if_exit_fair_drawdown_cents<=18 AND exit_btc_age_ms<=100,11,0.20754716981132076,-32.49,-0.8000000000000007,5,6,-9.85,-17.290000000000003,-5.35,6,3,2,False,False
suppress_collapse_exit_if_exit_exit_bid_cents<=50 AND fair_minus_exit_bid_cents>=10,11,0.20754716981132076,-32.52,-0.8300000000000018,2,9,-14.58,-14.11,-3.83,4,6,1,False,False
suppress_collapse_exit_if_position_seconds<=45 AND entry_to_exit_loss_cents<=10,6,0.11320754716981132,-32.53,-0.8399999999999999,3,3,-11.999999999999998,-17.770000000000003,-2.7599999999999993,2,1,3,False,False
suppress_collapse_exit_if_exit_fair_drawdown_cents>=15 AND position_seconds<=45,8,0.1509433962264151,-32.53,-0.8399999999999999,3,5,-12.74,-15.62,-4.17,3,2,3,False,False
suppress_collapse_exit_if_exit_fair_drawdown_cents>=18 AND position_seconds<=45,8,0.1509433962264151,-32.53,-0.8399999999999999,3,5,-12.74,-15.62,-4.17,3,2,3,False,False
suppress_collapse_exit_if_exit_exit_bid_cents>=50 AND exit_entry_basis_cents<=65,5,0.09433962264150944,-32.53,-0.8399999999999999,2,3,-11.56,-16.71,-4.26,2,2,1,False,False
suppress_collapse_exit_if_exit_p_hold>=0.6 AND fair_minus_exit_bid_cents>=10,10,0.18867924528301888,-32.54,-0.8499999999999979,4,6,-9.19,-18.98,-4.37,5,4,1,False,False
suppress_collapse_exit_if_exit_exit_bid_cents>=55 AND exit_btc_age_ms<=300,13,0.24528301886792453,-32.56918,-0.8791800000000016,7,6,-7.10918,-20.040000000000003,-5.42,9,2,2,False,False
suppress_collapse_exit_if_exit_p_hold>=0.68 AND exit_fair_drawdown_cents<=15,16,0.3018867924528302,-32.60918,-0.9191800000000008,9,7,-7.879180000000002,-21.860000000000003,-2.87,8,5,3,False,False
suppress_collapse_exit_if_exit_entry_basis_cents<=65 AND fair_minus_exit_bid_cents>=5,11,0.20754716981132076,-32.62,-0.9299999999999962,3,8,-12.31,-17.03,-3.2800000000000002,7,4,0,False,False
suppress_collapse_exit_if_exit_fair_drawdown_cents>=18 AND exit_btc_age_ms>=500,3,0.05660377358490566,-32.620000000000005,-0.9300000000000033,1,2,-11.6,-17.400000000000002,-3.62,0,1,2,False,False
suppress_collapse_exit_if_exit_entry_basis_cents>=75 AND position_seconds>=180,4,0.07547169811320754,-32.620002,-0.9300019999999982,1,3,-11.6,-17.740002000000004,-3.2800000000000002,0,4,0,False,False
suppress_collapse_exit_if_exit_entry_basis_cents>=70 AND fair_minus_exit_bid_cents>=10,7,0.1320754716981132,-32.64,-0.9499999999999993,2,5,-10.569999999999999,-17.700000000000003,-4.37,1,5,1,False,False
suppress_collapse_exit_if_exit_exit_bid_cents>=65,12,0.22641509433962265,-32.64918000000001,-0.959180000000007,7,5,-11.929179999999999,-19.660000000000004,-1.06,5,4,3,False,False
suppress_collapse_exit_if_exit_exit_bid_cents>=65 AND exit_entry_basis_cents>=65,12,0.22641509433962265,-32.64918000000001,-0.959180000000007,7,5,-11.929179999999999,-19.660000000000004,-1.06,5,4,3,False,False
suppress_collapse_exit_if_exit_exit_bid_cents>=65 AND exit_entry_basis_cents>=70,12,0.22641509433962265,-32.64918000000001,-0.959180000000007,7,5,-11.929179999999999,-19.660000000000004,-1.06,5,4,3,False,False
suppress_collapse_exit_if_exit_exit_bid_cents>=65 AND exit_p_hold>=0.6,12,0.22641509433962265,-32.64918000000001,-0.959180000000007,7,5,-11.929179999999999,-19.660000000000004,-1.06,5,4,3,False,False
suppress_collapse_exit_if_exit_exit_bid_cents>=65 AND exit_p_hold>=0.65,12,0.22641509433962265,-32.64918000000001,-0.959180000000007,7,5,-11.929179999999999,-19.660000000000004,-1.06,5,4,3,False,False
suppress_collapse_exit_if_exit_exit_bid_cents>=65 AND exit_sigma_t_dollars>=50,12,0.22641509433962265,-32.64918000000001,-0.959180000000007,7,5,-11.929179999999999,-19.660000000000004,-1.06,5,4,3,False,False
suppress_collapse_exit_if_entry_to_exit_loss_cents<=10 AND fair_minus_exit_bid_cents>=0,7,0.1320754716981132,-32.65,-0.9599999999999973,3,4,-13.179999999999998,-16.71,-2.7599999999999993,2,2,3,False,False
suppress_collapse_exit_if_exit_p_hold>=0.65 AND exit_sigma_t_dollars<=50,4,0.07547169811320754,-32.65,-0.9599999999999973,1,3,-11.53,-17.84,-3.2800000000000002,2,2,0,False,False
suppress_collapse_exit_if_exit_p_hold<=0.6 AND fair_minus_exit_bid_cents>=0,18,0.33962264150943394,-32.660000000000004,-0.9700000000000024,5,13,-14.85,-11.94,-5.869999999999999,6,9,3,False,False
suppress_collapse_exit_if_exit_p_hold<=0.6 AND exit_sigma_t_dollars>=100,3,0.05660377358490566,-32.67,-0.9800000000000004,1,2,-12.67,-16.720000000000002,-3.2800000000000002,1,2,0,False,False
suppress_collapse_exit_if_exit_exit_bid_cents>=65 AND fair_minus_exit_bid_cents>=0,9,0.16981132075471697,-32.67918,-0.9891800000000011,5,4,-11.239180000000001,-19.660000000000004,-1.78,3,4,2,False,False
suppress_collapse_exit_if_exit_p_hold>=0.68 AND exit_sigma_t_dollars>=50,14,0.2641509433962264,-32.67918,-0.9891800000000011,8,6,-7.949180000000002,-21.860000000000003,-2.87,6,5,3,False,False
suppress_collapse_exit_if_exit_p_hold>=0.7 AND fair_minus_exit_bid_cents>=10,3,0.05660377358490566,-32.68,-0.9899999999999984,1,2,-10.389999999999999,-19.01,-3.2800000000000002,2,1,0,False,False
suppress_collapse_exit_if_exit_p_hold<=0.55 AND entry_to_exit_loss_cents>=10,16,0.3018867924528302,-32.680002,-0.9900020000000005,4,12,-14.85,-11.960002000000001,-5.869999999999999,6,7,3,False,False
suppress_collapse_exit_if_exit_exit_bid_cents<=50 AND position_seconds<=180,13,0.24528301886792453,-32.69,-0.9999999999999964,3,10,-13.549999999999999,-15.31,-3.83,6,6,1,False,False
suppress_collapse_exit_if_exit_entry_basis_cents>=80 AND exit_p_hold>=0.7,5,0.09433962264150944,-32.719179999999994,-1.029179999999993,3,2,-10.429179999999999,-19.01,-3.2800000000000002,4,1,0,False,False
suppress_collapse_exit_if_exit_entry_basis_cents>=80 AND exit_btc_age_ms>=800,3,0.05660377358490566,-32.73000000000001,-1.0400000000000098,1,2,-11.6,-18.57,-2.5600000000000005,0,2,1,False,False
suppress_collapse_exit_if_exit_btc_age_ms>=800 AND entry_to_exit_loss_cents>=15,3,0.05660377358490566,-32.73000000000001,-1.0400000000000098,1,2,-11.6,-18.57,-2.5600000000000005,0,2,1,False,False
suppress_collapse_exit_if_exit_entry_basis_cents<=65 AND exit_btc_age_ms<=100,4,0.07547169811320754,-32.74,-1.0500000000000007,1,3,-11.339999999999998,-17.14,-4.26,2,1,1,False,False
suppress_collapse_exit_if_position_seconds>=180,8,0.1509433962264151,-32.750002,-1.0600020000000008,2,6,-14.479999999999999,-14.990002,-3.2800000000000002,2,6,0,False,False
suppress_collapse_exit_if_position_seconds>=180 AND entry_to_exit_loss_cents>=10,8,0.1509433962264151,-32.750002,-1.0600020000000008,2,6,-14.479999999999999,-14.990002,-3.2800000000000002,2,6,0,False,False
suppress_collapse_exit_if_position_seconds>=180 AND entry_to_exit_loss_cents>=15,8,0.1509433962264151,-32.750002,-1.0600020000000008,2,6,-14.479999999999999,-14.990002,-3.2800000000000002,2,6,0,False,False
suppress_collapse_exit_if_exit_p_hold>=0.65 AND entry_to_exit_loss_cents>=10,19,0.3584905660377358,-32.75918000000001,-1.0691800000000065,10,9,-6.98918,-22.89,-2.8800000000000003,9,7,3,False,False
suppress_collapse_exit_if_exit_fair_drawdown_cents<=18 AND exit_btc_age_ms>=800,5,0.09433962264150944,-32.79,-1.0999999999999979,2,3,-12.44,-18.57,-1.78,1,2,2,False,False
suppress_collapse_exit_if_exit_btc_age_ms>=800 AND fair_minus_exit_bid_cents>=0,5,0.09433962264150944,-32.79,-1.0999999999999979,2,3,-12.44,-18.57,-1.78,1,2,2,False,False
suppress_collapse_exit_if_exit_entry_basis_cents>=75 AND fair_minus_exit_bid_cents>=0,23,0.4339622641509434,-32.809180000000005,-1.1191800000000036,12,11,-6.99918,-20.910000000000004,-4.9,8,10,5,False,False
suppress_collapse_exit_if_exit_p_hold>=0.6 AND exit_btc_age_ms<=100,7,0.1320754716981132,-32.82,-1.129999999999999,3,4,-10.109999999999998,-18.340000000000003,-4.37,4,2,1,False,False
suppress_collapse_exit_if_exit_p_hold>=0.65 AND exit_btc_age_ms<=100,7,0.1320754716981132,-32.82,-1.129999999999999,3,4,-10.109999999999998,-18.340000000000003,-4.37,4,2,1,False,False
suppress_collapse_exit_if_position_seconds>=90 AND entry_to_exit_loss_cents>=15,11,0.20754716981132076,-32.820001999999995,-1.130001999999994,3,8,-14.479999999999999,-15.060002,-3.2800000000000002,2,9,0,False,False
suppress_collapse_exit_if_exit_fair_drawdown_cents<=4 AND entry_to_exit_loss_cents<=10,7,0.1320754716981132,-32.84,-1.1500000000000021,3,4,-13.58,-16.71,-2.55,4,2,1,False,False
suppress_collapse_exit_if_exit_p_hold<=0.55 AND fair_minus_exit_bid_cents>=10,6,0.11320754716981132,-32.84,-1.1500000000000021,1,5,-13.000000000000002,-16.01,-3.83,2,3,1,False,False
suppress_collapse_exit_if_position_seconds<=45 AND fair_minus_exit_bid_cents<=0,6,0.11320754716981132,-32.88000000000001,-1.1900000000000084,3,3,-13.51,-16.810000000000002,-2.5600000000000005,5,0,1,False,False
suppress_collapse_exit_if_position_seconds<=90 AND fair_minus_exit_bid_cents<=0,6,0.11320754716981132,-32.88000000000001,-1.1900000000000084,3,3,-13.51,-16.810000000000002,-2.5600000000000005,5,0,1,False,False
suppress_collapse_exit_if_position_seconds<=180 AND fair_minus_exit_bid_cents<=0,6,0.11320754716981132,-32.88000000000001,-1.1900000000000084,3,3,-13.51,-16.810000000000002,-2.5600000000000005,5,0,1,False,False
suppress_collapse_exit_if_exit_exit_bid_cents<=45 AND exit_sigma_t_dollars<=35,3,0.05660377358490566,-32.95,-1.2600000000000016,0,3,-12.31,-16.810000000000002,-3.83,2,0,1,False,False
suppress_collapse_exit_if_exit_sigma_t_dollars<=35 AND entry_to_exit_loss_cents>=10,3,0.05660377358490566,-32.95,-1.2600000000000016,0,3,-12.31,-16.810000000000002,-3.83,2,0,1,False,False
suppress_collapse_exit_if_exit_entry_basis_cents>=70 AND position_seconds>=90,10,0.18867924528301888,-32.950002,-1.2600019999999965,3,7,-13.759999999999996,-15.910002000000002,-3.2800000000000002,1,9,0,False,False
suppress_collapse_exit_if_exit_p_hold<=0.55 AND position_seconds<=90,11,0.20754716981132076,-33.0,-1.3099999999999987,3,8,-12.94,-14.19,-5.869999999999999,4,4,3,False,False
suppress_collapse_exit_if_exit_fair_drawdown_cents<=12 AND position_seconds>=90,8,0.1509433962264151,-33.03,-1.3399999999999999,2,6,-11.24,-18.51,-3.2800000000000002,4,4,0,False,False
suppress_collapse_exit_if_exit_exit_bid_cents>=55 AND fair_minus_exit_bid_cents>=10,3,0.05660377358490566,-33.03,-1.3399999999999999,1,2,-9.65,-19.01,-4.37,1,1,1,False,False
suppress_collapse_exit_if_entry_to_exit_loss_cents<=10,9,0.16981132075471697,-33.050000000000004,-1.360000000000003,4,5,-13.58,-16.71,-2.7599999999999993,4,2,3,False,False
suppress_collapse_exit_if_exit_fair_drawdown_cents<=10 AND entry_to_exit_loss_cents<=10,9,0.16981132075471697,-33.050000000000004,-1.360000000000003,4,5,-13.58,-16.71,-2.7599999999999993,4,2,3,False,False
suppress_collapse_exit_if_exit_fair_drawdown_cents<=12 AND entry_to_exit_loss_cents<=10,9,0.16981132075471697,-33.050000000000004,-1.360000000000003,4,5,-13.58,-16.71,-2.7599999999999993,4,2,3,False,False
suppress_collapse_exit_if_exit_fair_drawdown_cents<=15 AND entry_to_exit_loss_cents<=10,9,0.16981132075471697,-33.050000000000004,-1.360000000000003,4,5,-13.58,-16.71,-2.7599999999999993,4,2,3,False,False
suppress_collapse_exit_if_exit_fair_drawdown_cents<=18 AND entry_to_exit_loss_cents<=10,9,0.16981132075471697,-33.050000000000004,-1.360000000000003,4,5,-13.58,-16.71,-2.7599999999999993,4,2,3,False,False
suppress_collapse_exit_if_position_seconds<=180 AND entry_to_exit_loss_cents<=10,9,0.16981132075471697,-33.050000000000004,-1.360000000000003,4,5,-13.58,-16.71,-2.7599999999999993,4,2,3,False,False
suppress_collapse_exit_if_exit_exit_bid_cents<=50 AND exit_entry_basis_cents<=70,11,0.20754716981132076,-33.07,-1.379999999999999,2,9,-13.35,-15.89,-3.83,6,4,1,False,False
suppress_collapse_exit_if_exit_p_hold>=0.68 AND exit_btc_age_ms<=100,3,0.05660377358490566,-33.07,-1.379999999999999,1,2,-10.859999999999998,-17.840000000000003,-4.37,1,1,1,False,False
suppress_collapse_exit_if_exit_exit_bid_cents<=45 AND exit_fair_drawdown_cents<=15,6,0.11320754716981132,-33.1,-1.4100000000000001,1,5,-12.51,-17.310000000000002,-3.2800000000000002,5,1,0,False,False
suppress_collapse_exit_if_exit_sigma_t_dollars<=50 AND position_seconds<=45,4,0.07547169811320754,-33.11000000000001,-1.4200000000000053,1,3,-12.47,-16.810000000000002,-3.83,3,0,1,False,False
suppress_collapse_exit_if_exit_fair_drawdown_cents<=12 AND exit_btc_age_ms<=300,12,0.22641509433962265,-33.12,-1.4299999999999962,5,7,-7.420000000000001,-19.300000000000004,-6.4,6,3,3,False,False
suppress_collapse_exit_if_exit_entry_basis_cents<=65 AND exit_fair_drawdown_cents<=4,6,0.11320754716981132,-33.13,-1.4400000000000013,2,4,-13.139999999999999,-16.71,-3.2800000000000002,4,2,0,False,False
suppress_collapse_exit_if_exit_p_hold>=0.68,17,0.32075471698113206,-33.13918,-1.449180000000002,9,8,-7.879180000000002,-22.39,-2.87,8,6,3,False,False
suppress_collapse_exit_if_exit_p_hold>=0.68 AND exit_fair_drawdown_cents<=18,17,0.32075471698113206,-33.13918,-1.449180000000002,9,8,-7.879180000000002,-22.39,-2.87,8,6,3,False,False
suppress_collapse_exit_if_exit_entry_basis_cents<=65 AND exit_fair_drawdown_cents<=8,7,0.1320754716981132,-33.160000000000004,-1.4700000000000024,2,5,-13.17,-16.71,-3.2800000000000002,5,2,0,False,False
suppress_collapse_exit_if_exit_entry_basis_cents<=65 AND exit_fair_drawdown_cents<=0,4,0.07547169811320754,-33.17,-1.4800000000000004,1,3,-13.179999999999998,-16.71,-3.2800000000000002,2,2,0,False,False
suppress_collapse_exit_if_exit_fair_drawdown_cents<=0 AND entry_to_exit_loss_cents<=10,4,0.07547169811320754,-33.17,-1.4800000000000004,1,3,-13.179999999999998,-16.71,-3.2800000000000002,2,2,0,False,False
suppress_collapse_exit_if_exit_entry_basis_cents>=80 AND fair_minus_exit_bid_cents>=0,14,0.2641509433962264,-33.22918,-1.5391799999999982,7,7,-8.65918,-20.230000000000004,-4.34,6,7,1,False,False
suppress_collapse_exit_if_exit_fair_drawdown_cents>=20 AND position_seconds<=45,7,0.1320754716981132,-33.25,-1.5599999999999987,2,5,-12.74,-15.62,-4.89,3,2,2,False,False
suppress_collapse_exit_if_exit_exit_bid_cents<=45 AND exit_entry_basis_cents<=65,8,0.1509433962264151,-33.25000000000001,-1.5600000000000058,1,7,-12.51,-17.46,-3.2800000000000002,5,3,0,False,False
suppress_collapse_exit_if_position_seconds<=90 AND entry_to_exit_loss_cents<=10,7,0.1320754716981132,-33.27,-1.5800000000000018,3,4,-12.74,-17.770000000000003,-2.7599999999999993,3,1,3,False,False
suppress_collapse_exit_if_exit_p_hold>=0.65 AND exit_btc_age_ms>=500,10,0.18867924528301888,-33.290000000000006,-1.600000000000005,5,5,-13.07,-19.16,-1.06,3,4,3,False,False
suppress_collapse_exit_if_exit_exit_bid_cents<=50 AND exit_fair_drawdown_cents<=8,3,0.05660377358490566,-33.300000000000004,-1.610000000000003,0,3,-13.209999999999999,-16.810000000000002,-3.2800000000000002,3,0,0,False,False
suppress_collapse_exit_if_exit_exit_bid_cents>=55 AND entry_to_exit_loss_cents>=15,11,0.20754716981132076,-33.309180000000005,-1.6191800000000036,6,5,-9.17918,-20.240000000000002,-3.8900000000000006,5,2,4,False,False
suppress_collapse_exit_if_exit_sigma_t_dollars<=50 AND entry_to_exit_loss_cents>=15,5,0.09433962264150944,-33.31,-1.620000000000001,1,4,-12.19,-17.84,-3.2800000000000002,3,2,0,False,False
suppress_collapse_exit_if_exit_exit_bid_cents>=55 AND exit_entry_basis_cents>=80,12,0.22641509433962265,-33.31918000000001,-1.6291800000000087,7,5,-10.129179999999998,-20.630000000000003,-2.5600000000000005,7,4,1,False,False
suppress_collapse_exit_if_exit_entry_basis_cents<=65 AND position_seconds<=45,7,0.1320754716981132,-33.34,-1.6500000000000021,2,5,-10.979999999999999,-18.1,-4.26,4,2,1,False,False
suppress_collapse_exit_if_exit_exit_bid_cents>=65 AND exit_fair_drawdown_cents<=15,11,0.20754716981132076,-33.36918000000001,-1.679180000000006,6,5,-11.929179999999999,-19.660000000000004,-1.78,5,4,2,False,False
suppress_collapse_exit_if_exit_exit_bid_cents>=65 AND exit_fair_drawdown_cents<=18,11,0.20754716981132076,-33.36918000000001,-1.679180000000006,6,5,-11.929179999999999,-19.660000000000004,-1.78,5,4,2,False,False
suppress_collapse_exit_if_exit_p_hold<=0.55 AND exit_btc_age_ms>=500,3,0.05660377358490566,-33.370000000000005,-1.6800000000000033,0,3,-11.63,-17.400000000000002,-4.34,1,1,1,False,False
suppress_collapse_exit_if_exit_fair_drawdown_cents<=15 AND fair_minus_exit_bid_cents<=0,3,0.05660377358490566,-33.38000000000001,-1.6900000000000084,1,2,-13.290000000000001,-16.810000000000002,-3.2800000000000002,3,0,0,False,False
suppress_collapse_exit_if_exit_fair_drawdown_cents<=18 AND fair_minus_exit_bid_cents<=0,3,0.05660377358490566,-33.38000000000001,-1.6900000000000084,1,2,-13.290000000000001,-16.810000000000002,-3.2800000000000002,3,0,0,False,False
suppress_collapse_exit_if_exit_fair_drawdown_cents<=15 AND fair_minus_exit_bid_cents>=10,11,0.20754716981132076,-33.410000000000004,-1.7200000000000024,4,7,-10.589999999999998,-18.450000000000003,-4.37,7,3,1,False,False
suppress_collapse_exit_if_exit_exit_bid_cents<=45 AND exit_p_hold>=0.6,3,0.05660377358490566,-33.46000000000001,-1.7700000000000067,0,3,-12.339999999999998,-17.84,-3.2800000000000002,1,2,0,False,False
suppress_collapse_exit_if_exit_exit_bid_cents<=45 AND exit_p_hold>=0.65,3,0.05660377358490566,-33.46000000000001,-1.7700000000000067,0,3,-12.339999999999998,-17.84,-3.2800000000000002,1,2,0,False,False
suppress_collapse_exit_if_exit_exit_bid_cents<=50 AND exit_p_hold>=0.65,3,0.05660377358490566,-33.46000000000001,-1.7700000000000067,0,3,-12.339999999999998,-17.84,-3.2800000000000002,1,2,0,False,False
suppress_collapse_exit_if_exit_entry_basis_cents<=70 AND exit_p_hold<=0.55,11,0.20754716981132076,-33.47,-1.7799999999999976,2,9,-12.770000000000001,-15.89,-4.81,5,4,2,False,False
suppress_collapse_exit_if_exit_p_hold>=0.6 AND exit_sigma_t_dollars<=50,5,0.09433962264150944,-33.49000000000001,-1.8000000000000078,1,4,-12.37,-17.84,-3.2800000000000002,3,2,0,False,False
suppress_collapse_exit_if_exit_fair_drawdown_cents<=15 AND entry_to_exit_loss_cents>=20,6,0.11320754716981132,-33.50000000000001,-1.8100000000000058,2,4,-10.709999999999999,-19.51,-3.2800000000000002,4,2,0,False,False
suppress_collapse_exit_if_exit_exit_bid_cents>=55 AND exit_btc_age_ms<=100,5,0.09433962264150944,-33.510000000000005,-1.8200000000000038,2,3,-11.299999999999999,-17.840000000000003,-4.37,3,1,1,False,False
suppress_collapse_exit_if_exit_exit_bid_cents>=65 AND exit_entry_basis_cents>=80,8,0.1509433962264151,-33.51918000000001,-1.8291800000000116,4,4,-12.52918,-18.430000000000003,-2.5600000000000005,4,3,1,False,False
suppress_collapse_exit_if_exit_fair_drawdown_cents<=15 AND exit_btc_age_ms<=100,10,0.18867924528301888,-33.54,-1.8499999999999979,4,6,-9.85,-18.340000000000003,-5.35,6,2,2,False,False
suppress_collapse_exit_if_exit_fair_drawdown_cents<=8 AND exit_sigma_t_dollars<=35,3,0.05660377358490566,-33.56,-1.870000000000001,0,3,-13.47,-16.810000000000002,-3.2800000000000002,3,0,0,False,False
suppress_collapse_exit_if_exit_fair_drawdown_cents<=18 AND position_seconds>=180,6,0.11320754716981132,-33.59,-1.9000000000000021,1,5,-12.319999999999999,-17.990000000000002,-3.2800000000000002,1,5,0,False,False
suppress_collapse_exit_if_exit_fair_drawdown_cents<=12 AND entry_to_exit_loss_cents>=20,3,0.05660377358490566,-33.59,-1.9000000000000021,0,3,-13.000000000000002,-17.310000000000002,-3.2800000000000002,2,1,0,False,False
suppress_collapse_exit_if_exit_p_hold<=0.55 AND position_seconds<=180,13,0.24528301886792453,-33.62,-1.9299999999999962,3,10,-12.97,-14.78,-5.869999999999999,5,5,3,False,False
suppress_collapse_exit_if_exit_entry_basis_cents>=80 AND exit_p_hold>=0.6,13,0.24528301886792453,-33.669180000000004,-1.979180000000003,7,6,-9.949179999999998,-21.160000000000004,-2.5600000000000005,7,5,1,False,False
suppress_collapse_exit_if_exit_entry_basis_cents>=80 AND exit_p_hold>=0.65,13,0.24528301886792453,-33.669180000000004,-1.979180000000003,7,6,-9.949179999999998,-21.160000000000004,-2.5600000000000005,7,5,1,False,False
suppress_collapse_exit_if_exit_p_hold<=0.6 AND exit_fair_drawdown_cents<=8,3,0.05660377358490566,-33.68000000000001,-1.9900000000000055,0,3,-12.63,-17.770000000000003,-3.2800000000000002,2,1,0,False,False
suppress_collapse_exit_if_exit_p_hold<=0.55,17,0.32075471698113206,-33.680002,-1.9900020000000005,4,13,-15.85,-11.960002000000001,-5.869999999999999,7,7,3,False,False
suppress_collapse_exit_if_exit_btc_age_ms<=500 AND entry_to_exit_loss_cents<=10,6,0.11320754716981132,-33.71,-2.0199999999999996,2,4,-12.74,-16.71,-4.26,3,2,1,False,False
suppress_collapse_exit_if_exit_entry_basis_cents>=75 AND position_seconds>=90,8,0.1509433962264151,-33.720002,-2.0300019999999996,2,6,-11.6,-18.840002000000002,-3.2800000000000002,0,8,0,False,False
suppress_collapse_exit_if_exit_p_hold>=0.68 AND entry_to_exit_loss_cents>=10,14,0.2641509433962264,-33.72918000000001,-2.0391800000000053,7,7,-7.739180000000001,-22.39,-3.6,6,6,2,False,False
suppress_collapse_exit_if_exit_btc_age_ms<=300 AND position_seconds>=180,5,0.09433962264150944,-33.730002000000006,-2.0400020000000048,1,4,-13.759999999999996,-16.690002,-3.2800000000000002,1,4,0,False,False
suppress_collapse_exit_if_exit_p_hold>=0.68 AND fair_minus_exit_bid_cents>=0,16,0.3018867924528302,-33.739180000000005,-2.0491800000000033,8,8,-8.47918,-22.39,-2.87,7,6,3,False,False
suppress_collapse_exit_if_exit_fair_drawdown_cents<=10 AND exit_btc_age_ms<=100,4,0.07547169811320754,-33.75,-2.0599999999999987,1,3,-11.589999999999998,-16.810000000000002,-5.35,2,0,2,False,False
suppress_collapse_exit_if_exit_p_hold<=0.6 AND position_seconds<=180,17,0.32075471698113206,-33.75,-2.0599999999999987,5,12,-13.19,-14.69,-5.869999999999999,7,7,3,False,False
suppress_collapse_exit_if_exit_sigma_t_dollars<=35 AND fair_minus_exit_bid_cents>=10,3,0.05660377358490566,-33.760000000000005,-2.070000000000004,0,3,-13.12,-16.810000000000002,-3.83,2,0,1,False,False
suppress_collapse_exit_if_exit_exit_bid_cents<=50 AND exit_sigma_t_dollars<=35,4,0.07547169811320754,-33.79,-2.099999999999998,0,4,-13.15,-16.810000000000002,-3.83,3,0,1,False,False
suppress_collapse_exit_if_exit_sigma_t_dollars<=35 AND fair_minus_exit_bid_cents>=0,4,0.07547169811320754,-33.79,-2.099999999999998,0,4,-13.15,-16.810000000000002,-3.83,3,0,1,False,False
suppress_collapse_exit_if_exit_sigma_t_dollars<=35 AND fair_minus_exit_bid_cents>=5,4,0.07547169811320754,-33.79,-2.099999999999998,0,4,-13.15,-16.810000000000002,-3.83,3,0,1,False,False
suppress_collapse_exit_if_exit_entry_basis_cents<=65 AND fair_minus_exit_bid_cents>=10,6,0.11320754716981132,-33.790000000000006,-2.100000000000005,1,5,-14.58,-15.93,-3.2800000000000002,4,2,0,False,False
suppress_collapse_exit_if_exit_entry_basis_cents<=65 AND fair_minus_exit_bid_cents>=15,6,0.11320754716981132,-33.790000000000006,-2.100000000000005,1,5,-14.58,-15.93,-3.2800000000000002,4,2,0,False,False
suppress_collapse_exit_if_exit_sigma_t_dollars<=50 AND exit_btc_age_ms>=500,4,0.07547169811320754,-33.830000000000005,-2.140000000000004,0,4,-13.209999999999999,-17.34,-3.2800000000000002,3,1,0,False,False
suppress_collapse_exit_if_exit_p_hold<=0.55 AND exit_fair_drawdown_cents<=15,6,0.11320754716981132,-33.84,-2.150000000000002,1,5,-12.770000000000001,-16.810000000000002,-4.26,5,0,1,False,False
suppress_collapse_exit_if_exit_sigma_t_dollars<=50 AND position_seconds<=90,5,0.09433962264150944,-33.85000000000001,-2.1600000000000072,1,4,-13.209999999999999,-16.810000000000002,-3.83,4,0,1,False,False
suppress_collapse_exit_if_exit_entry_basis_cents>=80 AND exit_fair_drawdown_cents<=15,11,0.20754716981132076,-33.85918000000001,-2.169180000000008,6,5,-9.949179999999998,-20.630000000000003,-3.2800000000000002,7,4,0,False,False
suppress_collapse_exit_if_exit_exit_bid_cents<=45 AND exit_fair_drawdown_cents<=10,4,0.07547169811320754,-33.86000000000001,-2.1700000000000053,0,4,-13.770000000000001,-16.810000000000002,-3.2800000000000002,4,0,0,False,False
suppress_collapse_exit_if_exit_entry_basis_cents<=65 AND exit_btc_age_ms<=300,6,0.11320754716981132,-33.88,-2.1900000000000013,1,5,-11.339999999999998,-18.28,-4.26,2,3,1,False,False
suppress_collapse_exit_if_exit_p_hold>=0.6 AND entry_to_exit_loss_cents>=20,4,0.07547169811320754,-33.89000000000001,-2.2000000000000064,1,3,-10.569999999999999,-20.04,-3.2800000000000002,1,3,0,False,False
suppress_collapse_exit_if_exit_p_hold>=0.65 AND entry_to_exit_loss_cents>=20,4,0.07547169811320754,-33.89000000000001,-2.2000000000000064,1,3,-10.569999999999999,-20.04,-3.2800000000000002,1,3,0,False,False
suppress_collapse_exit_if_exit_sigma_t_dollars<=50 AND entry_to_exit_loss_cents>=10,7,0.1320754716981132,-33.89000000000001,-2.2000000000000064,1,6,-12.22,-17.84,-3.83,4,2,1,False,False
suppress_collapse_exit_if_exit_exit_bid_cents>=50 AND exit_p_hold<=0.55,5,0.09433962264150944,-33.890002,-2.2000020000000013,1,4,-14.759999999999996,-13.810002,-5.319999999999999,2,1,2,False,False
suppress_collapse_exit_if_exit_entry_basis_cents>=75 AND exit_fair_drawdown_cents<=12,11,0.20754716981132076,-33.910000000000004,-2.2200000000000024,5,6,-8.459999999999997,-20.800000000000004,-4.65,4,4,3,False,False
suppress_collapse_exit_if_exit_sigma_t_dollars<=35 AND exit_btc_age_ms<=500,3,0.05660377358490566,-33.92,-2.2300000000000004,0,3,-13.28,-16.810000000000002,-3.83,2,0,1,False,False
suppress_collapse_exit_if_exit_sigma_t_dollars<=35 AND position_seconds<=45,3,0.05660377358490566,-33.92,-2.2300000000000004,0,3,-13.28,-16.810000000000002,-3.83,2,0,1,False,False
suppress_collapse_exit_if_exit_sigma_t_dollars<=35 AND position_seconds<=90,3,0.05660377358490566,-33.92,-2.2300000000000004,0,3,-13.28,-16.810000000000002,-3.83,2,0,1,False,False
suppress_collapse_exit_if_exit_entry_basis_cents<=65 AND fair_minus_exit_bid_cents>=0,13,0.24528301886792453,-33.93,-2.2399999999999984,3,10,-12.31,-17.360000000000003,-4.26,7,5,1,False,False
suppress_collapse_exit_if_exit_exit_bid_cents<=50 AND exit_fair_drawdown_cents<=15,7,0.1320754716981132,-33.940000000000005,-2.2500000000000036,1,6,-13.35,-17.310000000000002,-3.2800000000000002,6,1,0,False,False
suppress_collapse_exit_if_exit_p_hold<=0.55 AND exit_sigma_t_dollars<=35,4,0.07547169811320754,-33.95,-2.2600000000000016,0,4,-13.31,-16.810000000000002,-3.83,3,0,1,False,False
suppress_collapse_exit_if_exit_p_hold<=0.6 AND exit_sigma_t_dollars<=35,4,0.07547169811320754,-33.95,-2.2600000000000016,0,4,-13.31,-16.810000000000002,-3.83,3,0,1,False,False
suppress_collapse_exit_if_exit_entry_basis_cents>=75 AND exit_fair_drawdown_cents<=18,21,0.39622641509433965,-33.96918,-2.27918,11,10,-8.289179999999998,-21.840000000000003,-3.84,9,8,4,False,False
suppress_collapse_exit_if_exit_exit_bid_cents>=65 AND exit_entry_basis_cents>=75,10,0.18867924528301888,-33.97918000000001,-2.2891800000000053,5,5,-12.52918,-19.660000000000004,-1.7899999999999998,4,4,2,False,False
suppress_collapse_exit_if_exit_exit_bid_cents>=65 AND entry_to_exit_loss_cents>=10,10,0.18867924528301888,-33.97918000000001,-2.2891800000000053,5,5,-12.52918,-19.660000000000004,-1.7899999999999998,4,4,2,False,False
suppress_collapse_exit_if_exit_entry_basis_cents>=80 AND fair_minus_exit_bid_cents>=10,4,0.07547169811320754,-33.980000000000004,-2.2900000000000027,1,3,-10.569999999999999,-20.130000000000003,-3.2800000000000002,1,3,0,False,False
suppress_collapse_exit_if_exit_p_hold>=0.68 AND exit_btc_age_ms>=500,9,0.16981132075471697,-34.010000000000005,-2.320000000000004,4,5,-13.07,-19.16,-1.78,3,4,2,False,False
suppress_collapse_exit_if_exit_p_hold<=0.55 AND exit_fair_drawdown_cents<=18,7,0.1320754716981132,-34.02,-2.330000000000002,1,6,-12.770000000000001,-16.990000000000002,-4.26,5,1,1,False,False
suppress_collapse_exit_if_exit_exit_bid_cents>=50 AND exit_p_hold<=0.6,9,0.16981132075471697,-34.020002000000005,-2.330002000000004,3,6,-14.979999999999999,-13.720002000000001,-5.319999999999999,4,3,2,False,False
suppress_collapse_exit_if_exit_entry_basis_cents<=65 AND position_seconds<=180,12,0.22641509433962265,-34.03,-2.34,3,9,-12.589999999999998,-17.180000000000003,-4.26,7,4,1,False,False
suppress_collapse_exit_if_exit_btc_age_ms<=300 AND entry_to_exit_loss_cents<=10,4,0.07547169811320754,-34.03,-2.34,1,3,-11.999999999999998,-17.770000000000003,-4.26,2,1,1,False,False
suppress_collapse_exit_if_exit_exit_bid_cents<=50 AND exit_entry_basis_cents<=65,9,0.16981132075471697,-34.09,-2.400000000000002,1,8,-13.35,-17.46,-3.2800000000000002,6,3,0,False,False
suppress_collapse_exit_if_exit_p_hold>=0.68 AND entry_to_exit_loss_cents>=15,7,0.1320754716981132,-34.09918000000001,-2.40918000000001,3,4,-8.959179999999998,-20.770000000000003,-4.37,3,3,1,False,False
suppress_collapse_exit_if_exit_exit_bid_cents>=55 AND entry_to_exit_loss_cents>=20,3,0.05660377358490566,-34.11000000000001,-2.4200000000000053,1,2,-11.819999999999999,-19.01,-3.2800000000000002,2,1,0,False,False
suppress_collapse_exit_if_exit_entry_basis_cents>=75 AND exit_btc_age_ms>=500,11,0.20754716981132076,-34.12,-2.429999999999996,5,6,-12.329999999999998,-19.750000000000004,-2.04,2,5,4,False,False
suppress_collapse_exit_if_exit_sigma_t_dollars<=50 AND entry_to_exit_loss_cents>=20,4,0.07547169811320754,-34.120000000000005,-2.4300000000000033,0,4,-13.000000000000002,-17.84,-3.2800000000000002,2,2,0,False,False
suppress_collapse_exit_if_exit_entry_basis_cents>=80 AND exit_p_hold>=0.68,10,0.18867924528301888,-34.129180000000005,-2.439180000000004,5,5,-9.68918,-21.160000000000004,-3.2800000000000002,5,5,0,False,False
suppress_collapse_exit_if_exit_fair_drawdown_cents<=12 AND position_seconds>=180,3,0.05660377358490566,-34.14000000000001,-2.4500000000000064,0,3,-12.319999999999999,-18.540000000000003,-3.2800000000000002,1,2,0,False,False
suppress_collapse_exit_if_exit_p_hold>=0.65 AND position_seconds>=90,7,0.1320754716981132,-34.17000000000001,-2.4800000000000075,2,5,-9.65,-21.240000000000002,-3.2800000000000002,1,6,0,False,False
suppress_collapse_exit_if_exit_p_hold<=0.6 AND position_seconds<=90,14,0.2641509433962264,-34.18,-2.4899999999999984,4,10,-13.160000000000002,-15.15,-5.869999999999999,6,5,3,False,False
suppress_collapse_exit_if_exit_exit_bid_cents>=55 AND position_seconds>=90,4,0.07547169811320754,-34.20000000000001,-2.5100000000000087,1,3,-9.65,-21.270000000000003,-3.2800000000000002,1,3,0,False,False
suppress_collapse_exit_if_exit_entry_basis_cents<=65 AND position_seconds<=90,9,0.16981132075471697,-34.220000000000006,-2.5300000000000047,2,7,-11.72,-18.240000000000002,-4.26,5,3,1,False,False
suppress_collapse_exit_if_exit_entry_basis_cents<=65 AND exit_sigma_t_dollars<=35,4,0.07547169811320754,-34.24,-2.5500000000000007,0,4,-14.15,-16.810000000000002,-3.2800000000000002,4,0,0,False,False
suppress_collapse_exit_if_exit_fair_drawdown_cents<=10 AND exit_sigma_t_dollars<=35,4,0.07547169811320754,-34.24,-2.5500000000000007,0,4,-14.15,-16.810000000000002,-3.2800000000000002,4,0,0,False,False
suppress_collapse_exit_if_exit_fair_drawdown_cents<=12 AND exit_sigma_t_dollars<=35,4,0.07547169811320754,-34.24,-2.5500000000000007,0,4,-14.15,-16.810000000000002,-3.2800000000000002,4,0,0,False,False
suppress_collapse_exit_if_exit_fair_drawdown_cents<=15 AND exit_sigma_t_dollars<=35,4,0.07547169811320754,-34.24,-2.5500000000000007,0,4,-14.15,-16.810000000000002,-3.2800000000000002,4,0,0,False,False
suppress_collapse_exit_if_exit_fair_drawdown_cents<=18 AND exit_sigma_t_dollars<=35,4,0.07547169811320754,-34.24,-2.5500000000000007,0,4,-14.15,-16.810000000000002,-3.2800000000000002,4,0,0,False,False
suppress_collapse_exit_if_exit_fair_drawdown_cents<=4 AND exit_sigma_t_dollars<=50,3,0.05660377358490566,-34.27,-2.580000000000002,0,3,-14.179999999999998,-16.810000000000002,-3.2800000000000002,3,0,0,False,False
suppress_collapse_exit_if_exit_sigma_t_dollars<=50 AND entry_to_exit_loss_cents<=10,3,0.05660377358490566,-34.27,-2.580000000000002,0,3,-14.179999999999998,-16.810000000000002,-3.2800000000000002,3,0,0,False,False
suppress_collapse_exit_if_exit_entry_basis_cents>=80 AND position_seconds>=90,6,0.11320754716981132,-34.270002000000005,-2.580002000000004,1,5,-11.6,-19.390002000000003,-3.2800000000000002,0,6,0,False,False
suppress_collapse_exit_if_exit_entry_basis_cents<=65 AND exit_fair_drawdown_cents<=15,11,0.20754716981132076,-34.28,-2.59,3,8,-13.31,-16.71,-4.26,8,2,1,False,False
suppress_collapse_exit_if_exit_exit_bid_cents>=50 AND position_seconds>=180,4,0.07547169811320754,-34.280002,-2.590002000000002,1,3,-13.759999999999996,-17.240002000000004,-3.2800000000000002,1,3,0,False,False
suppress_collapse_exit_if_exit_btc_age_ms>=800 AND position_seconds>=90,3,0.05660377358490566,-34.290000000000006,-2.600000000000005,0,3,-12.44,-18.57,-3.2800000000000002,1,2,0,False,False
suppress_collapse_exit_if_exit_entry_basis_cents>=75 AND exit_p_hold>=0.6,21,0.39622641509433965,-34.29918,-2.6091799999999985,11,10,-8.289179999999998,-22.89,-3.12,9,7,5,False,False
suppress_collapse_exit_if_exit_exit_bid_cents<=50 AND exit_p_hold>=0.6,4,0.07547169811320754,-34.300000000000004,-2.610000000000003,0,4,-13.179999999999998,-17.84,-3.2800000000000002,2,2,0,False,False
suppress_collapse_exit_if_exit_fair_drawdown_cents<=8 AND exit_sigma_t_dollars<=50,4,0.07547169811320754,-34.300000000000004,-2.610000000000003,0,4,-14.209999999999999,-16.810000000000002,-3.2800000000000002,4,0,0,False,False
suppress_collapse_exit_if_exit_p_hold>=0.68 AND fair_minus_exit_bid_cents>=10,5,0.09433962264150944,-34.300000000000004,-2.610000000000003,1,4,-10.389999999999999,-19.54,-4.37,2,2,1,False,False
suppress_collapse_exit_if_exit_sigma_t_dollars<=50 AND position_seconds>=90,5,0.09433962264150944,-34.31000000000001,-2.620000000000008,0,5,-13.19,-17.84,-3.2800000000000002,3,2,0,False,False
suppress_collapse_exit_if_exit_entry_basis_cents>=70 AND exit_p_hold>=0.68,15,0.2830188679245283,-34.349180000000004,-2.6591800000000028,8,7,-9.089179999999999,-22.39,-2.87,6,6,3,False,False
suppress_collapse_exit_if_exit_fair_drawdown_cents>=18 AND fair_minus_exit_bid_cents>=0,9,0.16981132075471697,-34.35,-2.66,2,7,-14.679999999999998,-14.78,-4.89,2,5,2,False,False
suppress_collapse_exit_if_exit_exit_bid_cents<=45 AND exit_fair_drawdown_cents<=12,5,0.09433962264150944,-34.36000000000001,-2.6700000000000053,0,5,-13.770000000000001,-17.310000000000002,-3.2800000000000002,4,1,0,False,False
suppress_collapse_exit_if_exit_entry_basis_cents>=70 AND exit_p_hold>=0.65,19,0.3584905660377358,-34.38918,-2.699180000000002,10,9,-9.34918,-22.89,-2.1500000000000004,8,7,4,False,False
suppress_collapse_exit_if_exit_entry_basis_cents>=80 AND exit_fair_drawdown_cents<=18,12,0.22641509433962265,-34.38918,-2.699180000000002,6,6,-9.949179999999998,-21.160000000000004,-3.2800000000000002,7,5,0,False,False
suppress_collapse_exit_if_exit_entry_basis_cents<=70 AND exit_p_hold<=0.6,12,0.22641509433962265,-34.43,-2.7399999999999984,2,10,-12.770000000000001,-16.85,-4.81,5,5,2,False,False
suppress_collapse_exit_if_exit_p_hold<=0.55 AND position_seconds<=45,9,0.16981132075471697,-34.43000000000001,-2.7400000000000055,2,7,-12.94,-15.62,-5.869999999999999,4,2,3,False,False
suppress_collapse_exit_if_exit_btc_age_ms<=500 AND position_seconds>=180,6,0.11320754716981132,-34.450002000000005,-2.7600020000000036,1,5,-14.479999999999999,-16.690002,-3.2800000000000002,2,4,0,False,False
suppress_collapse_exit_if_exit_entry_basis_cents<=65 AND exit_fair_drawdown_cents<=18,12,0.22641509433962265,-34.46,-2.7699999999999996,3,9,-13.31,-16.89,-4.26,8,3,1,False,False
suppress_collapse_exit_if_exit_entry_basis_cents>=80 AND exit_btc_age_ms>=500,8,0.1509433962264151,-34.470000000000006,-2.7800000000000047,3,5,-12.329999999999998,-18.520000000000003,-3.62,2,4,2,False,False
suppress_collapse_exit_if_exit_entry_basis_cents>=75 AND exit_fair_drawdown_cents<=15,19,0.3584905660377358,-34.489180000000005,-2.7991800000000033,10,9,-8.289179999999998,-22.360000000000003,-3.84,9,6,4,False,False
suppress_collapse_exit_if_exit_entry_basis_cents<=65 AND exit_p_hold<=0.55,9,0.16981132075471697,-34.49,-2.8000000000000007,1,8,-12.770000000000001,-17.46,-4.26,5,3,1,False,False
suppress_collapse_exit_if_exit_exit_bid_cents>=55 AND exit_entry_basis_cents>=75,20,0.37735849056603776,-34.51918,-2.8291799999999974,11,9,-9.539180000000002,-21.860000000000003,-3.12,10,5,5,False,False
suppress_collapse_exit_if_exit_p_hold<=0.6 AND entry_to_exit_loss_cents<=10,3,0.05660377358490566,-34.63,-2.9400000000000013,0,3,-12.6,-17.770000000000003,-4.26,1,1,1,False,False
suppress_collapse_exit_if_exit_p_hold<=0.55 AND exit_sigma_t_dollars<=50,5,0.09433962264150944,-34.67,-2.9800000000000004,0,5,-14.03,-16.810000000000002,-3.83,4,0,1,False,False
suppress_collapse_exit_if_exit_p_hold<=0.6 AND exit_sigma_t_dollars<=50,5,0.09433962264150944,-34.67,-2.9800000000000004,0,5,-14.03,-16.810000000000002,-3.83,4,0,1,False,False
suppress_collapse_exit_if_exit_exit_bid_cents<=50 AND exit_fair_drawdown_cents<=10,5,0.09433962264150944,-34.70000000000001,-3.0100000000000087,0,5,-14.610000000000001,-16.810000000000002,-3.2800000000000002,5,0,0,False,False
suppress_collapse_exit_if_position_seconds>=90 AND fair_minus_exit_bid_cents>=0,15,0.2830188679245283,-34.71,-3.0199999999999996,4,11,-13.4,-18.03,-3.2800000000000002,5,10,0,False,False
suppress_collapse_exit_if_exit_p_hold>=0.68 AND position_seconds>=90,5,0.09433962264150944,-34.730000000000004,-3.0400000000000027,1,4,-9.65,-21.800000000000004,-3.2800000000000002,1,4,0,False,False
suppress_collapse_exit_if_exit_sigma_t_dollars<=35,5,0.09433962264150944,-34.79,-3.099999999999998,0,5,-14.15,-16.810000000000002,-3.83,4,0,1,False,False
suppress_collapse_exit_if_exit_entry_basis_cents<=70 AND exit_sigma_t_dollars<=35,5,0.09433962264150944,-34.79,-3.099999999999998,0,5,-14.15,-16.810000000000002,-3.83,4,0,1,False,False
suppress_collapse_exit_if_exit_sigma_t_dollars<=35 AND position_seconds<=180,5,0.09433962264150944,-34.79,-3.099999999999998,0,5,-14.15,-16.810000000000002,-3.83,4,0,1,False,False
suppress_collapse_exit_if_exit_p_hold<=0.6 AND exit_fair_drawdown_cents<=15,7,0.1320754716981132,-34.800000000000004,-3.110000000000003,1,6,-12.770000000000001,-17.770000000000003,-4.26,5,1,1,False,False
suppress_collapse_exit_if_exit_fair_drawdown_cents<=10 AND exit_sigma_t_dollars<=50,7,0.1320754716981132,-34.89000000000001,-3.2000000000000064,1,6,-14.799999999999999,-16.810000000000002,-3.2800000000000002,7,0,0,False,False
suppress_collapse_exit_if_exit_entry_basis_cents<=65,14,0.2641509433962264,-34.93000000000001,-3.2400000000000055,3,11,-13.31,-17.360000000000003,-4.26,8,5,1,False,False
suppress_collapse_exit_if_exit_p_hold>=0.6 AND position_seconds>=90,8,0.1509433962264151,-35.010000000000005,-3.320000000000004,2,6,-10.49,-21.240000000000002,-3.2800000000000002,2,6,0,False,False
suppress_collapse_exit_if_exit_sigma_t_dollars<=50 AND exit_btc_age_ms<=500,7,0.1320754716981132,-35.07,-3.379999999999999,1,6,-13.930000000000001,-17.310000000000002,-3.83,5,1,1,False,False
suppress_collapse_exit_if_exit_entry_basis_cents<=65 AND exit_btc_age_ms<=500,11,0.20754716981132076,-35.1,-3.41,2,9,-13.479999999999999,-17.360000000000003,-4.26,5,5,1,False,False
suppress_collapse_exit_if_exit_p_hold<=0.55 AND exit_fair_drawdown_cents<=10,5,0.09433962264150944,-35.1,-3.41,0,5,-14.03,-16.810000000000002,-4.26,4,0,1,False,False
suppress_collapse_exit_if_exit_p_hold<=0.55 AND exit_fair_drawdown_cents<=12,5,0.09433962264150944,-35.1,-3.41,0,5,-14.03,-16.810000000000002,-4.26,4,0,1,False,False
suppress_collapse_exit_if_exit_fair_drawdown_cents<=12 AND entry_to_exit_loss_cents>=15,8,0.1509433962264151,-35.14,-3.4499999999999993,2,6,-11.179999999999998,-18.540000000000003,-5.42,4,2,2,False,False
suppress_collapse_exit_if_exit_entry_basis_cents<=65 AND entry_to_exit_loss_cents<=10,6,0.11320754716981132,-35.15,-3.4599999999999973,1,5,-14.179999999999998,-16.71,-4.26,3,2,1,False,False
suppress_collapse_exit_if_exit_entry_basis_cents<=70 AND entry_to_exit_loss_cents<=10,6,0.11320754716981132,-35.15,-3.4599999999999973,1,5,-14.179999999999998,-16.71,-4.26,3,2,1,False,False
suppress_collapse_exit_if_exit_exit_bid_cents<=50 AND exit_fair_drawdown_cents<=12,6,0.11320754716981132,-35.20000000000001,-3.5100000000000087,0,6,-14.610000000000001,-17.310000000000002,-3.2800000000000002,5,1,0,False,False
suppress_collapse_exit_if_exit_fair_drawdown_cents<=15 AND position_seconds>=90,9,0.16981132075471697,-35.23000000000001,-3.54000000000001,2,7,-11.24,-20.710000000000004,-3.2800000000000002,4,5,0,False,False
suppress_collapse_exit_if_exit_sigma_t_dollars<=50 AND position_seconds<=180,8,0.1509433962264151,-35.25,-3.5599999999999987,1,7,-14.08,-17.34,-3.83,6,1,1,False,False
suppress_collapse_exit_if_exit_fair_drawdown_cents<=12 AND exit_btc_age_ms<=100,6,0.11320754716981132,-35.28,-3.59,1,5,-11.589999999999998,-18.340000000000003,-5.35,2,2,2,False,False
suppress_collapse_exit_if_exit_fair_drawdown_cents<=12 AND exit_sigma_t_dollars<=50,8,0.1509433962264151,-35.39000000000001,-3.7000000000000064,1,7,-14.799999999999999,-17.310000000000002,-3.2800000000000002,7,1,0,False,False
suppress_collapse_exit_if_exit_fair_drawdown_cents<=15 AND exit_sigma_t_dollars<=50,8,0.1509433962264151,-35.39000000000001,-3.7000000000000064,1,7,-14.799999999999999,-17.310000000000002,-3.2800000000000002,7,1,0,False,False
suppress_collapse_exit_if_exit_exit_bid_cents<=45 AND exit_sigma_t_dollars<=50,7,0.1320754716981132,-35.440000000000005,-3.7500000000000036,0,7,-13.770000000000001,-17.84,-3.83,4,2,1,False,False
suppress_collapse_exit_if_exit_entry_basis_cents<=65 AND exit_p_hold<=0.6,10,0.18867924528301888,-35.45,-3.7600000000000016,1,9,-12.770000000000001,-18.42,-4.26,5,4,1,False,False
suppress_collapse_exit_if_exit_sigma_t_dollars<=50 AND fair_minus_exit_bid_cents>=0,9,0.16981132075471697,-35.470000000000006,-3.7800000000000047,1,8,-13.799999999999999,-17.84,-3.83,6,2,1,False,False
suppress_collapse_exit_if_exit_sigma_t_dollars<=50 AND fair_minus_exit_bid_cents>=5,9,0.16981132075471697,-35.470000000000006,-3.7800000000000047,1,8,-13.799999999999999,-17.84,-3.83,6,2,1,False,False
suppress_collapse_exit_if_exit_entry_basis_cents<=65 AND exit_fair_drawdown_cents<=10,10,0.18867924528301888,-35.540000000000006,-3.850000000000005,2,8,-14.569999999999999,-16.71,-4.26,7,2,1,False,False
suppress_collapse_exit_if_exit_entry_basis_cents<=65 AND exit_fair_drawdown_cents<=12,10,0.18867924528301888,-35.540000000000006,-3.850000000000005,2,8,-14.569999999999999,-16.71,-4.26,7,2,1,False,False
suppress_collapse_exit_if_exit_entry_basis_cents>=75 AND fair_minus_exit_bid_cents>=10,6,0.11320754716981132,-35.57,-3.879999999999999,1,5,-10.569999999999999,-20.630000000000003,-4.37,1,4,1,False,False
suppress_collapse_exit_if_exit_p_hold<=0.6 AND position_seconds<=45,12,0.22641509433962265,-35.61,-3.919999999999998,3,9,-13.160000000000002,-16.580000000000002,-5.869999999999999,6,3,3,False,False
suppress_collapse_exit_if_exit_p_hold>=0.6 AND position_seconds>=180,3,0.05660377358490566,-35.62000000000001,-3.9300000000000104,0,3,-11.6,-20.740000000000002,-3.2800000000000002,0,3,0,False,False
suppress_collapse_exit_if_exit_p_hold>=0.65 AND position_seconds>=180,3,0.05660377358490566,-35.62000000000001,-3.9300000000000104,0,3,-11.6,-20.740000000000002,-3.2800000000000002,0,3,0,False,False
suppress_collapse_exit_if_exit_entry_basis_cents>=75 AND exit_p_hold>=0.68,13,0.24528301886792453,-35.67918000000001,-3.989180000000008,6,7,-9.68918,-22.39,-3.6,5,6,2,False,False
suppress_collapse_exit_if_exit_p_hold<=0.55 AND fair_minus_exit_bid_cents>=0,15,0.2830188679245283,-35.68,-3.9899999999999984,3,12,-14.85,-14.959999999999999,-5.869999999999999,6,6,3,False,False
suppress_collapse_exit_if_exit_entry_basis_cents<=65 AND exit_sigma_t_dollars<=50,6,0.11320754716981132,-35.70000000000001,-4.010000000000009,0,6,-15.610000000000001,-16.810000000000002,-3.2800000000000002,6,0,0,False,False
suppress_collapse_exit_if_exit_sigma_t_dollars<=50 AND fair_minus_exit_bid_cents>=15,6,0.11320754716981132,-35.70000000000001,-4.010000000000009,0,6,-14.58,-17.84,-3.2800000000000002,4,2,0,False,False
suppress_collapse_exit_if_exit_entry_basis_cents>=75 AND exit_p_hold>=0.65,17,0.32075471698113206,-35.71918,-4.02918,8,9,-9.949179999999998,-22.89,-2.8800000000000003,7,7,3,False,False
suppress_collapse_exit_if_position_seconds>=180 AND fair_minus_exit_bid_cents>=0,7,0.1320754716981132,-35.75000000000001,-4.060000000000006,1,6,-14.479999999999999,-17.990000000000002,-3.2800000000000002,2,5,0,False,False
suppress_collapse_exit_if_exit_fair_drawdown_cents<=18 AND exit_sigma_t_dollars<=50,9,0.16981132075471697,-35.92000000000001,-4.2300000000000075,1,8,-14.799999999999999,-17.84,-3.2800000000000002,7,2,0,False,False
suppress_collapse_exit_if_exit_p_hold<=0.6 AND exit_fair_drawdown_cents<=10,6,0.11320754716981132,-36.06,-4.370000000000001,0,6,-14.03,-17.770000000000003,-4.26,4,1,1,False,False
suppress_collapse_exit_if_exit_p_hold<=0.6 AND exit_fair_drawdown_cents<=12,6,0.11320754716981132,-36.06,-4.370000000000001,0,6,-14.03,-17.770000000000003,-4.26,4,1,1,False,False
suppress_collapse_exit_if_exit_entry_basis_cents<=70 AND exit_sigma_t_dollars<=50,7,0.1320754716981132,-36.25000000000001,-4.560000000000006,0,7,-15.610000000000001,-16.810000000000002,-3.83,6,0,1,False,False
suppress_collapse_exit_if_exit_sigma_t_dollars<=50 AND fair_minus_exit_bid_cents>=10,7,0.1320754716981132,-36.25000000000001,-4.560000000000006,0,7,-14.58,-17.84,-3.83,4,2,1,False,False
suppress_collapse_exit_if_exit_exit_bid_cents<=50 AND exit_sigma_t_dollars<=50,8,0.1509433962264151,-36.28000000000001,-4.590000000000007,0,8,-14.610000000000001,-17.84,-3.83,5,2,1,False,False
suppress_collapse_exit_if_exit_fair_drawdown_cents<=15 AND position_seconds>=180,4,0.07547169811320754,-36.34000000000001,-4.650000000000009,0,4,-12.319999999999999,-20.740000000000002,-3.2800000000000002,1,3,0,False,False
suppress_collapse_exit_if_exit_sigma_t_dollars<=50,10,0.18867924528301888,-36.470000000000006,-4.780000000000005,1,9,-14.799999999999999,-17.84,-3.83,7,2,1,False,False
