market,decision_key,dataset,entry_key,entry_dt,entry_minute,side,outcome,outcome_available,win,qty,ask_cents,bid_cents,book_mid_cents,book_p_side,book_other_mid_cents,book_margin_cents,spread_cents,spot,strike,seconds_to_close,v28_sigma_t_dollars,source_line_no,position_open_logged,pending_logged,trust_state,outcome_method,outcome_source,side_sign,margin_dollars,margin_per_sqrt_sec,margin_per_sqrt_min,margin_per_v28_sigma,brownian_p_v28_sigma,rv_sigma_t_5m,margin_per_rv_sigma_5m,brownian_p_rv_5m,rv_sigma_t_15m,margin_per_rv_sigma_15m,brownian_p_rv_15m,rv_sigma_t_30m,margin_per_rv_sigma_30m,brownian_p_rv_30m,rv_sigma_t_60m,margin_per_rv_sigma_60m,brownian_p_rv_60m,btc_close_lag_1m,signed_move_1m,signed_velocity_dps_1m,adverse_move_1m,drift_projected_margin_1m,drift_p_1m_rv_15m,drift_p_1m_rv_30m,drift_p_1m_rv_60m,btc_close_lag_3m,signed_move_3m,signed_velocity_dps_3m,adverse_move_3m,drift_projected_margin_3m,drift_p_3m_rv_15m,drift_p_3m_rv_30m,drift_p_3m_rv_60m,btc_close_lag_5m,signed_move_5m,signed_velocity_dps_5m,adverse_move_5m,drift_projected_margin_5m,drift_p_5m_rv_15m,drift_p_5m_rv_30m,drift_p_5m_rv_60m,btc_close_lag_10m,signed_move_10m,signed_velocity_dps_10m,adverse_move_10m,drift_projected_margin_10m,drift_p_10m_rv_15m,drift_p_10m_rv_30m,drift_p_10m_rv_60m,btc_close_lag_15m,signed_move_15m,signed_velocity_dps_15m,adverse_move_15m,drift_projected_margin_15m,drift_p_15m_rv_15m,drift_p_15m_rv_30m,drift_p_15m_rv_60m,btc_close_lag_30m,signed_move_30m,signed_velocity_dps_30m,adverse_move_30m,drift_projected_margin_30m,drift_p_30m_rv_15m,drift_p_30m_rv_30m,drift_p_30m_rv_60m,btc_close_lag_60m,signed_move_60m,signed_velocity_dps_60m,adverse_move_60m,drift_projected_margin_60m,drift_p_60m_rv_15m,drift_p_60m_rv_30m,drift_p_60m_rv_60m,book_minus_brownian_rv15,physics_confirmed_book,score_mean_book_rv15,score_mean_book_rv15_drift5,score_min_book_rv15,opportunity_key,two_side_mode,score_mean_book_rv30,score_min_book_rv15_drift5,score_regime_blend,abs_book_rv15_gap,abs_book_rv30_gap,close_dt,touch_loss_rv_15m,touch_survival_rv_15m,touch_loss_rv_30m,touch_survival_rv_30m,touch_loss_rv_60m,touch_survival_rv_60m,touch_survival_min_15_30,touch_loss_max_15_30,adverse_norm_15m,touch_terminal_blend_15,touch_terminal_blend_30,book_touch_blend_15,book_touch_drift_15,hazard_discounted_book_15,hazard_discounted_mean_15,kinetic_touch_score_15,touch_margin_energy_15,blend_book_hazard_50_50,blend_book_hazard_70_30,blend_book_hazard_30_70,blend_book_rv_hazard_mean,blend_book_rv_hazard_min,blend_mean_minus_half_disagreement,blend_mean_minus_disagreement,blend_logit_book_hazard_mean,blend_logit_book_rv_hazard_mean,blend_scoremin_hazard_min,blend_hazard_kinetic_mean,blend_hazard_kinetic_min,split,entry_fee_cents,entry_cost_cents,gross_pnl_cents,net_pnl_cents,fee_aware_break_even_p,fair_edge_cents
KXBTC15M-26APR302230-30,heartbeat:48,live_heartbeat_two_side,heartbeat:48:no,2026-05-01 02:20:14.066000+00:00,2026-05-01 02:20:00+00:00,no,no,True,True,1,83.0,82.0,82.5,0.825,17.5,65.0,1.0,76584.05,76652.0,585.934,,48,True,False,synced,bid>=98,latest_quote,-1.0,67.94999999999709,2.807146713355053,21.74406494237001,,,105.3762661192808,0.6448321097568687,0.7404820044575473,85.80416025451824,0.7919196435049198,0.7857962338290486,83.30113778843416,0.8157151487243134,0.7926684636079739,68.93561828529273,0.985702336327548,0.8378603986625488,76626.93,42.879999999990105,0.7146666666665017,0.0,486.6974986665671,0.9999999929508252,0.9999999974308048,0.9999999999991686,76692.19,108.13999999999942,0.6007777777777745,0.0,419.9661264444396,0.9999995071519008,0.9999997691014186,0.9999999994429788,76643.39,59.33999999999651,0.1977999999999883,0.0,183.84774519999024,0.9839291411812532,0.9863438652203792,0.996172830228635,76687.2,103.14999999999418,0.1719166666666569,0.0,168.68182016665807,0.9753445289949962,0.9785644787526576,0.992796403431669,76643.91,59.86000000000058,0.0665111111111117,0.0,106.92112137777524,0.8936373496403036,0.9003501594072407,0.939552595066443,76658.4,74.34999999999127,0.0413055555555507,0.0,92.15232938888312,0.8585851628141559,0.8656919942568284,0.909354128667362,76581.94,-2.110000000000582,-0.0005861111111112,2.110000000000582,67.60657757221922,0.7846274433849536,0.7914872480889716,0.8366347167930452,0.0392037661709513,True,0.8053981169145243,0.8649084583367673,0.7857962338290486,heartbeat:48,two_side_all_heartbeats,0.808834231803987,0.7857962338290486,0.8450246983849652,0.03920376617095134,0.03233153639202602,2026-05-01 02:30:00+00:00,0.42840753234190276,0.5715924676580972,0.4146630727840521,0.5853369272159479,0.3242792026749024,0.6757207973250976,0.5715924676580972,0.42840753234190276,0.0,0.7215351039777631,0.7304690026903661,0.7645175519888816,0.7804104661070069,0.7178981169145242,0.6982962338290486,0.819683945150775,0.6699853817762226,0.7616481169145243,0.7869888701487144,0.736307363680334,0.7696974892193658,0.6982962338290486,0.743215299374171,0.7167331095289762,0.7676158514995138,0.7737931933316375,0.6982962338290486,0.7589900894899118,0.6982962338290486,train,1,84.0,17.0,16.0,0.84,-6.62068066683625
KXBTC15M-26APR302245-45,heartbeat:122,live_heartbeat_two_side,heartbeat:122:no,2026-05-01 02:32:00.123000+00:00,2026-05-01 02:32:00+00:00,no,no,True,True,1,72.0,71.0,71.5,0.715,28.5,43.0,1.0,76560.37,76603.27,779.877,,122,False,False,synced,bid>=98,latest_quote,-1.0,42.90000000000873,1.5361875320687834,11.899257456707742,,,46.36572160991957,0.9252525035829622,0.8225827107222332,61.54668069588266,0.6970319035073268,0.7571085858773168,82.53621133328012,0.5197718590059713,0.6983887023092683,77.5342857412415,0.5533036074283413,0.7099722343659582,76578.0,17.630000000004657,0.2938333333334109,0.0,272.0538585000693,0.9999950714552508,0.9995099466010866,0.9997749503593354,76600.29,39.919999999998254,0.221777777777768,0.0,215.8593880000012,0.9997736153441106,0.9955429292377034,0.9973157684971838,76597.17,36.80000000000291,0.1226666666666763,0.0,138.5649120000163,0.9878192323665052,0.9534081709039912,0.9630428687622608,76580.96,20.59000000001106,0.0343166666666851,0.0,69.6627790500231,0.871155240288549,0.8006728010237784,0.815534371792416,76692.19,131.82000000000698,0.1464666666666744,0.0,157.12598460001476,0.9946593547571716,0.9715267869808404,0.978645032044994,76639.27,78.90000000000873,0.0438333333333381,0.0,77.08460850001251,0.8947984170048477,0.8248348883524994,0.8399373137927575,76519.81,-40.55999999999767,-0.011266666666666,40.55999999999767,34.11338580000924,0.7103024443586141,0.6603117758150636,0.6700235065548948,-0.0421085858773168,True,0.7360542929386584,0.8199759394146073,0.715,heartbeat:122,two_side_all_heartbeats,0.7066943511546342,0.715,0.782196422236496,0.042108585877316806,0.016611297690731663,2026-05-01 02:45:00+00:00,0.48578282824536645,0.5142171717546336,0.6032225953814634,0.3967774046185366,0.5800555312680835,0.4199444687319165,0.3967774046185366,0.6032225953814634,0.0,0.6842411616405117,0.6079053130020488,0.6853705808202558,0.7126525040569065,0.5935542929386584,0.6146085858773168,0.7621181394119595,0.612999094991284,0.6648042929386584,0.684882575763195,0.6447260101141218,0.695572390584878,0.6146085858773168,0.6656847217070896,0.6357970528293013,0.6666916820715945,0.6987046765199849,0.6146085858773168,0.6883633626446382,0.6146085858773168,train,2,74.0,28.0,26.0,0.74,-4.129532348001504
KXBTC15M-26APR302300-00,heartbeat:233,live_heartbeat_two_side,heartbeat:233:no,2026-05-01 02:54:02.084000+00:00,2026-05-01 02:54:00+00:00,no,no,True,True,1,74.0,73.0,73.5,0.735,26.5,47.0,1.0,76546.69,76574.18,357.916,,233,False,False,synced,bid>=98,latest_quote,-1.0,27.489999999990687,1.4530621266531936,11.255370835065102,,,39.63129668352915,0.6936437184861425,0.7560471652024621,31.34666729265348,0.8769672304664217,0.8097477813256592,31.73543785612001,0.8662240654949521,0.8068163507350605,50.30681418512377,0.5464468471175771,0.707620592408098,76573.1,26.41000000000349,0.4401666666667249,0.0,185.0326926666782,0.9999999982129394,0.9999999972365172,0.9998825037517844,76573.68,26.989999999990687,0.1499444444443927,0.0,81.15751577774995,0.9951876885127614,0.9947258196873684,0.946655000872969,76568.22,21.52999999999884,0.0717666666666627,0.0,53.17643826665597,0.955094777850762,0.9530933788179932,0.8547538935383535,76571.35,24.66000000000349,0.0411000000000058,0.0,42.20034759999277,0.9108885166254836,0.90820044686774,0.7992259137134667,76603.9,57.20999999999185,0.0635666666666576,0.0,50.24152706665412,0.94550738137891,0.9433048114695186,0.8410305178176014,76596.57,49.88000000000466,0.0277111111111136,0.0,37.40825004443606,0.8836382357752213,0.8807517746097192,0.771441367992685,76698.95,152.25999999999476,0.0422944444444429,0.0,42.62785837776794,0.913066819204856,0.910400562366784,0.8016020685825918,-0.0747477813256591,True,0.7723738906628296,0.8332808530588071,0.735,heartbeat:233,two_side_all_heartbeats,0.7709081753675302,0.735,0.8014432899678501,0.07474778132565918,0.07181635073506054,2026-05-01 03:00:00+00:00,0.38050443734868167,0.6194955626513183,0.38636729852987894,0.6136327014701211,0.5847588151838039,0.4152411848161961,0.6136327014701211,0.38636729852987894,0.0,0.7526721157233569,0.7488612559555786,0.7305860578616784,0.7525955356467546,0.6398738906628296,0.6772477813256592,0.7898928462329821,0.7150050404363946,0.7061238906628295,0.7176743343976977,0.6945734469279614,0.7406651875504394,0.6772477813256592,0.7135446748264076,0.6864241621023758,0.7069561711889715,0.7445756878130353,0.6772477813256592,0.7335703137793206,0.6772477813256592,train,2,76.0,26.0,24.0,0.76,-1.5424312186964642
KXBTC15M-26APR302315-15,heartbeat:279,live_heartbeat_two_side,heartbeat:279:no,2026-05-01 03:04:03.002000+00:00,2026-05-01 03:04:00+00:00,no,yes,True,False,1,70.0,69.0,69.5,0.695,30.5,39.0,1.0,76523.21,76566.01,656.998,,279,False,False,synced,bid>=98,latest_quote,-1.0,42.79999999998836,1.6697895748695863,12.93413443028134,,,73.06516107679866,0.5857784937338516,0.7209878110788138,60.70704676828981,0.7050252364169499,0.7596027343884926,53.37635030066441,0.8018532507168366,0.7886810744013706,60.9852177692451,0.7018094148968086,0.7586009867287163,76545.99,22.77999999999884,0.3796666666666473,0.0,292.2402406666423,0.9999992600934848,0.9999999781353472,0.9999991743031912,76551.03,27.819999999992437,0.1545555555555135,0.0,144.34269088884963,0.9912893268815148,0.9965770031452535,0.9910298306129454,76542.98,19.769999999989523,0.065899999999965,0.0,86.0961681999654,0.9219372573774895,0.9466279804820114,0.9209889004124928,76546.69,23.479999999995925,0.0391333333333265,0.0,68.51052173331723,0.8704546976507823,0.9003480012171752,0.8693652287130946,76568.22,45.00999999999476,0.0500111111111052,0.0,75.6571999777623,0.8936668386343413,0.9218212665109522,0.8926200083367344,76541.98,18.769999999989523,0.0104277777777719,0.0,49.65102914442898,0.7932869078203723,0.8238679170234819,0.7922200840303251,76623.2,99.98999999999069,0.0277749999999974,0.0,61.04811944998666,0.8427004003116021,0.8736321329241803,0.8415941920242583,-0.0646027343884926,True,0.7273013671942463,0.7921799972553275,0.695,heartbeat:279,two_side_all_heartbeats,0.7418405372006853,0.695,0.7597682717920458,0.06460273438849262,0.09368107440137063,2026-05-01 03:15:00+00:00,0.48079453122301485,0.5192054687769851,0.42263785119725883,0.5773621488027412,0.4827980265425673,0.5172019734574327,0.5192054687769851,0.48079453122301485,0.0,0.6874835547050403,0.7252853967217817,0.6759917773525201,0.6986855030902692,0.5748013671942462,0.6071027343884926,0.7421888186697442,0.6113991945147341,0.6510513671942463,0.6686308203165477,0.6334719140719448,0.687235156258995,0.6071027343884926,0.6559854039966659,0.6247356517343368,0.6523477236798026,0.6906338401538031,0.6071027343884926,0.6746457765291184,0.6071027343884926,train,2,72.0,-70.0,-72.0,0.72,-2.936615984619692
KXBTC15M-26APR302330-30,heartbeat:359,live_heartbeat_two_side,heartbeat:359:yes,2026-05-01 03:17:04.128000+00:00,2026-05-01 03:17:00+00:00,yes,yes,True,True,1,85.0,84.0,84.5,0.845,15.5,69.0,1.0,76732.56,76668.47,775.872,,359,True,False,synced,bid>=98,latest_quote,1.0,64.08999999999651,2.300886690967177,17.822591671252333,,,63.047327607120806,1.0165379316213543,0.8453133529867535,82.77069681579101,0.7743078464426967,0.7806256176500028,77.02036623678534,0.8321175700848171,0.7973287073446015,70.04039628087806,0.915043366445,0.8199155678693344,76700.0,32.55999999999767,0.5426666666666279,0.0,485.1298719999664,0.9999999977013704,0.9999999998499453,0.999999999997842,76664.51,68.05000000000291,0.3780555555555717,0.0,357.4127200000091,0.9999921313408504,0.999998262132505,0.9999998328013192,76651.63,80.92999999999302,0.2697666666666434,0.0,273.39440319997846,0.9995217755823014,0.9998071192434936,0.9999525710431856,76553.61,178.9499999999971,0.2982499999999951,0.0,295.49382399999274,0.9998215294415992,0.999937617009776,0.9999877254518188,76529.7,202.86000000000055,0.2254000000000006,0.0,238.971548799997,0.9980562655667918,0.9990411996609088,0.9996774533024098,76555.49,177.06999999999243,0.098372222222218,0.0,140.41425279999322,0.955097258384698,0.9658543265162992,0.9775056965399836,76692.19,40.36999999999534,0.0112138888888875,0.0,72.7905423999955,0.8104143048112118,0.827691428776806,0.8506592791690114,0.0643743823499971,True,0.8128128088250014,0.8750491310774348,0.7806256176500028,heartbeat:359,two_side_all_heartbeats,0.8211643536723008,0.7806256176500028,0.8565920404114611,0.06437438234999715,0.04767129265539849,2026-05-01 03:30:00+00:00,0.43874876469999435,0.5612512353000056,0.40534258531079703,0.594657414689203,0.3601688642613312,0.6398311357386688,0.5612512353000056,0.43874876469999435,0.0,0.7148133029450037,0.7365273195479819,0.7721566514725018,0.7876088290307319,0.7353128088250014,0.7031256176500028,0.8282171639414617,0.6612034128582358,0.7740628088250014,0.8024376852950008,0.7456879323550019,0.7762504117666685,0.7031256176500028,0.7472491419332932,0.7182478720999179,0.782291256248728,0.7817370594818546,0.7031256176500028,0.7656713907957322,0.7031256176500028,train,1,86.0,15.0,14.0,0.86,-7.826294051814543
KXBTC15M-26APR302345-45,heartbeat:464,live_heartbeat_two_side,heartbeat:464:no,2026-05-01 03:40:20.895000+00:00,2026-05-01 03:40:00+00:00,no,no,True,True,1,95.0,95.0,95.0,0.95,5.0,90.0,0.0,77104.59,77219.61,279.105,,464,False,False,synced,bid>=98,latest_quote,-1.0,115.02000000000407,6.884771879984015,53.329213667230434,,,80.7504036271371,1.424389165051186,0.9228330755296708,96.84588351227984,1.187660185736442,0.8825163421778423,179.7832103393267,0.6397705313133126,0.7388391032194335,130.31795892635913,0.8826105085408856,0.8112766255714422,77171.23,66.63999999999942,1.110666666666657,0.0,425.0126200000014,0.9999942944513982,0.9909612873010104,0.999445586763612,77230.09,125.5,0.6972222222222222,0.0,309.6182083333374,0.9993057230555922,0.9574811181797686,0.9912461267162226,77195.82,91.23000000001048,0.3041000000000349,0.0,199.8958305000138,0.9804940429091552,0.8669033012170815,0.9374739229937676,77172.26,67.66999999999825,0.1127833333333304,0.0,146.49839225000326,0.9348215672263028,0.7924241649588353,0.8695276755093693,77293.84,189.25,0.2102777777777777,0.0,173.70957916667075,0.9635670910067472,0.8330321751661413,0.9087287341252316,76630.45,-474.1399999999994,-0.2634111111111107,474.1399999999994,41.5006418333375,0.6658646284602805,0.5912793360486706,0.6249307754047394,76577.63,-526.9599999999919,-0.1463777777777755,526.9599999999919,74.16523033333803,0.778104348387022,0.6600229988378139,0.7153591931959475,0.0674836578221577,True,0.916258171088921,0.9376701283623324,0.8825163421778423,heartbeat:464,two_side_all_heartbeats,0.8444195516097167,0.8825163421778423,0.9358537112351837,0.0674836578221577,0.2111608967805665,2026-05-01 03:45:00+00:00,0.2349673156443155,0.7650326843556845,0.5223217935611331,0.47767820643886694,0.3774467488571156,0.6225532511428844,0.47767820643886694,0.5223217935611331,0.0,0.847271244831195,0.6604908341852636,0.8961356224155974,0.8991850267065129,0.8912581710889211,0.8575163421778422,0.9173569796707521,0.8630820886466,0.9037581710889211,0.9222549026533526,0.8852614395244895,0.8966775614518948,0.8575163421778422,0.8771467659418235,0.8576159704317521,0.9144816127092182,0.9048151596249164,0.8575163421778422,0.8874366609242972,0.8575163421778422,train,1,96.0,5.0,4.0,0.96,-5.518484037508358
KXBTC15M-26MAY010000-00,heartbeat:533,live_heartbeat_two_side,heartbeat:533:no,2026-05-01 03:56:07.219000+00:00,2026-05-01 03:56:00+00:00,no,no,True,True,1,82.0,81.0,81.5,0.815,18.5,63.0,1.0,77093.44,77133.88,232.781,,533,False,False,synced,bid>=98,latest_quote,-1.0,40.44000000000233,2.6505584282751333,20.5311373017186,,,29.12537460113308,1.388479995667732,0.917504533964762,43.51268760827218,0.9293840997381714,0.8236549674956775,61.946529940601486,0.6528210706681864,0.7430641809824163,120.24643522295,0.3363093460943117,0.6316811985885571,77109.41,15.970000000001164,0.2661666666666861,0.0,102.3985428333402,0.990696270271472,0.9508360940040028,0.8027742621545696,77130.52,37.08000000000175,0.2060000000000097,0.0,88.39288600000458,0.978894194827338,0.92319885624785,0.7688600228523572,77146.12,52.679999999993015,0.1755999999999767,0.0,81.31634359999691,0.9691744104762214,0.9053556141996748,0.7505582203650178,77113.68,20.239999999990687,0.0337333333333178,0.0,48.29247906666538,0.8664677826402782,0.7821819000288437,0.6560154087465742,77081.5,-11.940000000002328,-0.0132666666666692,11.940000000002328,37.3517720666684,0.8046672372808626,0.7267349941535761,0.6219578456573933,77199.21,105.77000000000407,0.0587611111111133,0.0,54.11847020555841,0.8932023658981632,0.8088406503805667,0.6736674890803449,76528.23,-565.2100000000064,-0.1570027777777795,565.2100000000064,3.892736386113029,0.5356426634868382,0.5250531489959357,0.5129126981154952,-0.0086549674956775,True,0.8193274837478387,0.8692764593239662,0.815,heartbeat:533,two_side_all_heartbeats,0.7790320904912081,0.815,0.8484313723439474,0.008654967495677512,0.07193581901758361,2026-05-01 04:00:00+00:00,0.3526900650086451,0.6473099349913549,0.5138716380351673,0.48612836196483267,0.7366376028228858,0.2633623971771142,0.48612836196483267,0.5138716380351673,0.23880000000004656,0.7707514577443806,0.6659834352771412,0.7836257288721904,0.7990431699198124,0.7268274837478387,0.7311549674956774,0.8197223658430807,0.6964673760389677,0.7730774837478387,0.7898464902487031,0.7563084772469741,0.7899366449971182,0.7311549674956774,0.7690792269602009,0.7482218089232835,0.7758530545857147,0.7927437270742335,0.7311549674956774,0.7754386666693791,0.7311549674956774,train,2,84.0,18.0,16.0,0.84,-4.725627292576661
KXBTC15M-26MAY010030-30,heartbeat:650,live_heartbeat_two_side,heartbeat:650:yes,2026-05-01 04:19:08.946000+00:00,2026-05-01 04:19:00+00:00,yes,no,True,False,1,73.0,72.0,72.5,0.725,27.5,45.0,1.0,77169.14,77131.71,651.054,,650,False,False,synced,bid>=98,latest_quote,1.0,37.429999999993015,1.466936522400781,11.362841442403298,,,130.61835186451526,0.2865600389661747,0.6127753920285073,80.44527117437082,0.4652852734980636,0.6791364103310543,83.07173808691591,0.4505744175092487,0.6738518459372786,198.7045539879961,0.1883701165814961,0.5747067380718578,77138.87,30.270000000004075,0.5045000000000679,0.0,365.8867430000372,0.99999729555306,0.9999946977900463,0.9672156360035776,77101.06,68.08000000000175,0.3782222222222319,0.0,283.673090666666,0.9997892847666368,0.999680851741463,0.9232982776951492,77134.51,34.63000000000466,0.1154333333333488,0.0,112.58333340000311,0.9191687793632454,0.9123317311422502,0.7145024521753188,77105.8,63.33999999999651,0.1055666666666608,0.0,106.15960059998922,0.9065240464190512,0.8993623816355663,0.7034186562455718,77060.14,109.0,0.1211111111111111,0.0,116.27987333332636,0.9258346829850348,0.9192062772789816,0.7207899404635089,77152.01,17.130000000004657,0.0095166666666692,0.0,43.6258638999947,0.7061957560988665,0.7002636386686782,0.5868897292430997,76845.42,323.7200000000012,0.0899222222222225,0.0,95.97422246665988,0.8835726498602192,0.8760197585369585,0.6854519941200827,0.0458635896689456,True,0.7020682051655271,0.7744350632314333,0.6791364103310543,heartbeat:650,two_side_all_heartbeats,0.6994259229686393,0.6791364103310543,0.7500746789719653,0.04586358966894566,0.05114815406272133,2026-05-01 04:30:00+00:00,0.6417271793378914,0.35827282066210864,0.6522963081254425,0.3477036918745575,0.8505865238562844,0.14941347614371558,0.3477036918745575,0.6522963081254425,0.0,0.5828773334303705,0.5760073997184623,0.6401886667151854,0.6596055446515099,0.5645682051655272,0.5416364103310543,0.7134019610381762,0.45018969859843316,0.6333182051655271,0.6699909230993162,0.5966454872317379,0.6485909402207028,0.5416364103310543,0.6096351515788182,0.5706793629369334,0.638339970587883,0.6521975588134842,0.5416364103310543,0.6275191856846152,0.5416364103310543,train,2,75.0,-73.0,-75.0,0.75,-9.78024411865158
KXBTC15M-26MAY010045-45,heartbeat:720,live_heartbeat_two_side,heartbeat:720:yes,2026-05-01 04:35:10.431000+00:00,2026-05-01 04:35:00+00:00,yes,yes,True,True,1,79.0,78.0,78.5,0.785,21.5,57.0,1.0,77051.75,76977.88,589.569,,720,False,False,synced,bid>=98,latest_quote,1.0,73.86999999999534,3.042291184947702,23.56548618723216,,,51.90281906588165,1.423236759187014,0.9226662335825336,112.43920145772334,0.6569772734269208,0.744402235159532,96.67397398714888,0.7641146520966964,0.7776005392674652,90.4304261247954,0.8168710816208429,0.7929989472696313,77023.43,28.320000000006985,0.4720000000001164,0.0,352.14656800006395,0.9991315584147824,0.9998650615428712,0.9999507212564444,77026.81,24.94000000000233,0.1385555555555684,0.0,155.5580603333363,0.916742050437404,0.9462027260774274,0.9573015931035423,76992.02,59.729999999995925,0.1990999999999864,0.0,191.25318789998727,0.9555235847477268,0.9760543507368836,0.9827816503629618,77130.3,-78.55000000000291,-0.1309166666666715,78.55000000000291,-3.314408250007503,0.4882419467110715,0.4863251861691293,0.4853814510934795,77155.0,-103.25,-0.1147222222222222,103.25,6.233334166662019,0.522104989636197,0.5257051454125623,0.5274771761149097,77080.79,-29.0399999999936,-0.0161333333333297,29.0399999999936,64.35828679999744,0.7164687328769631,0.7472065725949716,0.7616711289969607,77195.82,-144.07000000000698,-0.0400194444444463,144.07000000000698,50.27577615832753,0.6726120843454748,0.6984873526514799,0.7108811891187463,0.040597764840468,True,0.764701117579766,0.828308606635753,0.744402235159532,heartbeat:720,two_side_all_heartbeats,0.7813002696337326,0.744402235159532,0.806925387497405,0.040597764840468065,0.007399460732534835,2026-05-01 04:45:00+00:00,0.5111955296809361,0.48880447031906393,0.4447989214650696,0.5552010785349304,0.41400210546073746,0.5859978945392625,0.48880447031906393,0.5111955296809361,1.0,0.6677229057073915,0.7108807010477047,0.7156114528536959,0.7326638113284686,0.6572011175797661,0.6369022351595319,0.7273058345293114,0.3843568287938366,0.710951117579766,0.7405706705478595,0.6813315646116723,0.7221014901063546,0.6369022351595319,0.6908598794721093,0.6596182688378639,0.7167698268765577,0.7261790321786848,0.6369022351595319,0.6821040348444216,0.6369022351595319,train,2,81.0,21.0,19.0,0.81,-8.382096782131512
KXBTC15M-26MAY010100-00,heartbeat:798,live_heartbeat_two_side,heartbeat:798:yes,2026-05-01 04:53:27.322000+00:00,2026-05-01 04:53:00+00:00,yes,no,True,False,1,73.0,71.0,72.0,0.72,28.0,44.0,2.0,77074.13,77042.93,392.678,,798,False,False,synced,bid>=98,last_decisive_quote,1.0,31.20000000001164,1.5744769565014884,12.19584606303521,,,39.22412685203511,0.7954287961006036,0.7868179425843442,53.71234252154481,0.5808720777258386,0.7193366638300586,67.9817682700124,0.458946579266523,0.6768637357316493,68.03147370427797,0.4586112618349721,0.676743326036495,77050.29,23.84000000001106,0.3973333333335176,0.0,187.2240586667507,0.999754556431406,0.997056711747841,0.9970385657767302,77026.83,47.30000000000291,0.2627777777777939,0.0,134.3870522222402,0.9938249047541712,0.975968455258629,0.975886679292704,77031.45,42.68000000000757,0.1422666666666918,0.0,87.06499013335488,0.9474857559793258,0.8998523812598838,0.8996878887898374,77014.84,59.29000000000815,0.0988166666666802,0.0,70.00313103335031,0.9037632953495304,0.8484325301586211,0.8482558268109265,77036.0,38.13000000000466,0.0423666666666718,0.0,47.836457933347006,0.8134293277661571,0.7591795959346095,0.7590194449516208,77135.07,-60.94000000000233,-0.0338555555555568,60.94000000000233,17.90566815556669,0.6305695780500853,0.6038747190697863,0.603800562644647,77130.52,-56.38999999999942,-0.0156638888888887,56.38999999999942,25.049135438900592,0.6795200642374359,0.6437380095810001,0.643637653424877,0.0006633361699414,True,0.7196683319150292,0.7956074732697948,0.7193366638300586,heartbeat:798,two_side_all_heartbeats,0.6984318678658246,0.7193366638300586,0.7652981503448828,0.0006633361699414086,0.04313626426835071,2026-05-01 05:00:00+00:00,0.5613266723398829,0.43867332766011713,0.6462725285367015,0.3537274714632985,0.64651334792701,0.35348665207299,0.3537274714632985,0.6462725285367015,0.0,0.635137662979076,0.5799228564511439,0.6635688314895382,0.6863174070874707,0.5796683319150293,0.5793366638300586,0.7371654831108945,0.5334219032580497,0.6496683319150293,0.6778009991490176,0.6215356646810409,0.672891109220039,0.5793366638300586,0.6398143407037306,0.6067375721874222,0.653000888117391,0.6759516292139923,0.5793366638300586,0.6582510734704765,0.5793366638300586,train,2,75.0,-73.0,-75.0,0.75,-7.404837078600764
KXBTC15M-26MAY010115-15,heartbeat:858,live_heartbeat_two_side,heartbeat:858:yes,2026-05-01 05:05:13.411000+00:00,2026-05-01 05:05:00+00:00,yes,yes,True,True,1,80.0,79.0,79.5,0.795,20.5,59.0,1.0,77089.1,77018.24,586.589,,858,True,False,synced,bid>=98,latest_quote,1.0,70.86000000000058,2.925729634645724,22.662604300976795,,,68.47584202021424,1.0348175051149064,0.8496229268765922,84.65179888898601,0.8370761275011739,0.7987251109258446,73.58157909680779,0.9630127658278907,0.8322294415415198,85.13729730227989,0.8323026716294766,0.7973809385012907,77047.82,41.27999999999884,0.6879999999999806,0.0,474.4332319999892,0.999999989558735,0.9999999999432264,0.9999999874493029,77009.12,79.98000000001048,0.4443333333333915,0.0,331.50104566670143,0.9999549950184976,0.9999966847561904,0.9999506412989022,77004.99,84.11000000000058,0.2803666666666686,0.0,235.32000263333504,0.9972808685503052,0.9993082778974784,0.9971451757423252,77013.49,75.61000000000058,0.1260166666666676,0.0,144.77999048333447,0.9563948146729122,0.9754436451322062,0.9554859746915748,77026.83,62.27000000000408,0.0691888888888934,0.0,111.4454411444477,0.905999531186829,0.935061035665913,0.9047342549234864,77051.75,37.35000000000582,0.0207500000000032,0.0,83.03172175000248,0.836669568512042,0.87043099138356,0.8352864470960633,77080.79,8.310000000012224,0.0023083333333367,0.0,72.21404294166923,0.8031901917822282,0.8368058585634903,0.8018386221428582,-0.0037251109258445,True,0.7968625554629223,0.8636686598253833,0.795,heartbeat:858,two_side_all_heartbeats,0.8136147207707599,0.795,0.8365737069878145,0.003725110925844599,0.03722944154151975,2026-05-01 05:15:00+00:00,0.4025497781483107,0.5974502218516893,0.33554111691696065,0.6644588830830394,0.4052381229974187,0.5947618770025813,0.5974502218516893,0.4025497781483107,0.0,0.738342644203598,0.7818982740039756,0.7564213221017991,0.7766494089568295,0.6943625554629224,0.6962251109258446,0.8168187291729835,0.6971783087067198,0.7456125554629223,0.7653675332777534,0.7258575776480911,0.7633167406172298,0.6962251109258446,0.739584083111039,0.7158514256048482,0.7488256996927316,0.7663272807742513,0.6962251109258446,0.756521920049414,0.6962251109258446,train,2,82.0,20.0,18.0,0.82,-5.367271922574872
KXBTC15M-26MAY010130-30,heartbeat:947,live_heartbeat_two_side,heartbeat:947:no,2026-05-01 05:18:14.631000+00:00,2026-05-01 05:18:00+00:00,no,no,True,True,1,80.0,79.0,79.5,0.795,20.5,59.0,1.0,77064.0,77124.46,705.369,,947,False,False,synced,bid>=98,latest_quote,-1.0,60.4600000000064,2.2764596573377656,17.633380682364418,,,50.06219222566036,1.2076978117034285,0.8864182399647795,79.1646850004918,0.7637243803803527,0.7774842456526144,78.67185375971236,0.768508648400094,0.778907472690739,89.49807057102846,0.6755452895716166,0.7503353062479283,77087.67,23.669999999998254,0.3944999999999709,0.0,338.72807049998585,0.99999060386878,0.9999916726134565,0.9999230692718816,77107.53,43.52999999999884,0.2418333333333268,0.0,231.04173650000183,0.998241372359676,0.9983417906631058,0.9950817932622792,77131.1,67.10000000000582,0.223666666666686,0.0,218.2275330000201,0.9970799563712396,0.9972305300827432,0.992622739736023,77135.04,71.0399999999936,0.1183999999999893,0.0,143.97568959999887,0.9655203114119644,0.96638091972037,0.946159197442838,77007.62,-56.38000000000466,-0.0626444444444496,56.38000000000466,16.272550866669413,0.5814300140407695,0.5819329127732815,0.5721380569894617,77031.45,-32.55000000000291,-0.0180833333333349,32.55000000000291,47.70457725000526,0.7266123295366073,0.7278668299564351,0.7029913529086973,77138.87,74.86999999999534,0.0207972222222209,0.0,75.12971584167215,0.8286974990078337,0.8302050303741482,0.7993933385477596,0.0175157543473856,True,0.7862421228263072,0.8565214006746181,0.7774842456526144,heartbeat:947,two_side_all_heartbeats,0.7869537363453696,0.7774842456526144,0.8301612649700323,0.017515754347385615,0.01609252730926103,2026-05-01 05:30:00+00:00,0.44503150869477115,0.5549684913052289,0.442185054618522,0.557814945381478,0.49932938750414335,0.5006706124958566,0.5549684913052289,0.44503150869477115,1.0,0.7107295193483987,0.7125797144979606,0.7426147596741994,0.7628227553113234,0.6837421228263072,0.6749842456526145,0.7561581141005551,0.4546764869423528,0.7349921228263072,0.7589952736957843,0.7109889719568301,0.7491561637684097,0.6749842456526145,0.7226898156689783,0.6962234675695469,0.7394426844695016,0.7525771007186819,0.6749842456526145,0.7155711798765848,0.6749842456526145,train,2,82.0,20.0,18.0,0.82,-6.742289928131811
KXBTC15M-26MAY010145-45,heartbeat:1036,live_heartbeat_two_side,heartbeat:1036:no,2026-05-01 05:39:01.651000+00:00,2026-05-01 05:39:00+00:00,no,yes,True,False,1,73.0,72.0,72.5,0.725,27.5,45.0,1.0,77038.91,77063.64,358.349,,1036,False,False,synced,bid>=98,last_decisive_quote,-1.0,24.729999999995925,1.306384496945162,10.119210800824334,,,27.024062946545584,0.9151103610479524,0.8199331518921764,36.04208570400877,0.6861423116044957,0.7536883141951736,36.65693301533578,0.6746336358704612,0.7500457212776573,49.38871914253325,0.5007216309584066,0.6917164766620415,77060.76,21.84999999999127,0.3641666666665211,0.0,155.2287608332771,0.9999917211473612,0.9999885538793312,0.9991638717582528,77064.56,25.64999999999418,0.1424999999999676,0.0,75.79473249998433,0.982264964186571,0.9806648421511492,0.9375659207869542,77070.75,31.839999999996508,0.1061333333333216,0.0,62.76277386665842,0.9591910343865866,0.9565670083669656,0.8980986170791837,77080.9,41.98999999999069,0.0699833333333178,0.0,49.80845751665703,0.916506886962422,0.9128907630591124,0.8433924368031332,77072.98,34.06999999999243,0.0378555555555471,0.0,38.29550047777069,0.8560005584557955,0.8519191937019419,0.7809452684388367,77152.12,113.20999999999184,0.0628944444444399,0.0,47.26816127221653,0.9051507093743404,0.901383321532277,0.8307325040721796,77028.13,-10.779999999998836,-0.0029944444444441,10.779999999998836,23.65694382777382,0.7442069562373086,0.7406532663601262,0.6840288661186844,-0.0286883141951735,True,0.7393441570975867,0.8126264495272534,0.725,heartbeat:1036,two_side_all_heartbeats,0.7375228606388287,0.725,0.7804447011358694,0.028688314195173592,0.025045721277657362,2026-05-01 05:45:00+00:00,0.49262337160965286,0.5073766283903471,0.4999085574446853,0.5000914425553147,0.616567046675917,0.383432953324083,0.5000914425553147,0.4999085574446853,0.0,0.6797948084537255,0.6750594376609544,0.6886474042268629,0.7120665076655215,0.6018441570975868,0.6161883141951735,0.7586823639749041,0.6032957318290058,0.6705941570975867,0.6923564942585521,0.6488318199366214,0.698292209463449,0.6161883141951735,0.6686793123393123,0.6390664152151757,0.6729153584321643,0.7013484719923214,0.6161883141951735,0.6874353390850387,0.6161883141951735,train,2,75.0,-73.0,-75.0,0.75,-4.865152800767859
KXBTC15M-26MAY010200-00,heartbeat:1080,live_heartbeat_two_side,heartbeat:1080:yes,2026-05-01 05:48:32.414000+00:00,2026-05-01 05:48:00+00:00,yes,yes,True,True,1,71.0,70.0,70.5,0.705,29.5,41.0,1.0,77128.77,77097.32,687.586,,1080,False,False,synced,bid>=98,last_decisive_quote,1.0,31.44999999999709,1.199380923791595,9.29036468720743,,,52.9367479194822,0.594105252703342,0.72377914105877,59.513474909414285,0.5284517505971088,0.7014070864548083,54.02435797412045,0.582144817251928,0.7197654302728455,66.39586092713678,0.473674104994444,0.6821338390545715,77101.09,27.680000000007567,0.4613333333334594,0.0,348.6563413334171,0.999999997663875,0.9999999999454195,0.999999924434345,77097.02,31.75,0.1763888888888889,0.0,152.73253055555267,0.99486127761718,0.997651453545358,0.9892852939479716,77083.3,45.47000000000117,0.1515666666666705,0.0,135.66511806666642,0.988683391088352,0.9939836566006676,0.9794874744496578,77060.76,68.01000000000931,0.1133500000000155,0.0,109.38787310000777,0.9669714047427852,0.9785554323974336,0.9502734124695458,77049.75,79.02000000000407,0.0878000000000045,0.0,91.8200508000002,0.9385657725017956,0.9553973437900618,0.916655040051057,77064.0,64.77000000000407,0.0359833333333355,0.0,56.19163623333198,0.8274620366654527,0.8508571540648437,0.8013107363501155,77031.45,97.32000000000698,0.0270333333333352,0.0,50.03774153333176,0.7997644131508235,0.8228308067435532,0.774463513358363,0.0035929135451916,True,0.7032035432274042,0.7983634925143868,0.7014070864548083,heartbeat:1080,two_side_all_heartbeats,0.7123827151364227,0.7014070864548083,0.7606588041541129,0.003592913545191645,0.014765430272845492,2026-05-01 06:00:00+00:00,0.5971858270903834,0.40281417290961663,0.5604691394543091,0.4395308605456909,0.635732321890857,0.36426767810914296,0.40281417290961663,0.5971858270903834,0.0,0.6118292123912508,0.635695059354699,0.6436646061956255,0.6720329453044606,0.5557035432274041,0.5539070864548084,0.7304402214450746,0.5016825120184518,0.6294535432274042,0.6596721259364424,0.5992349605183658,0.653438057636539,0.5539070864548084,0.6182409035725628,0.5830437495085865,0.6327066581848347,0.6563866877808767,0.5539070864548084,0.6421736539499414,0.5539070864548084,train,2,73.0,29.0,27.0,0.73,-7.361331221912323
KXBTC15M-26MAY010215-15,heartbeat:1182,live_heartbeat_two_side,heartbeat:1182:yes,2026-05-01 06:07:03.960000+00:00,2026-05-01 06:07:00+00:00,yes,no,True,False,1,65.0,64.0,64.5,0.645,35.5,29.0,1.0,77153.11,77126.97,476.04,,1182,False,False,synced,bid>=98,latest_quote,1.0,26.139999999999414,1.19807459740455,9.280245926523955,,,44.16172210180171,0.5919153229518864,0.7230463537591965,41.29554638596175,0.6329980418635556,0.7366325391483831,45.592571237833646,0.5733390175263445,0.7167924140019718,44.54983148934902,0.5867586728414219,0.7213171019056507,77130.67,22.44000000000233,0.3740000000000388,0.0,204.1789600000179,0.9999996179762658,0.9999962386847604,0.9999977099821776,77115.14,37.97000000000117,0.2109444444444509,0.0,126.55799333333584,0.9989105165669758,0.9972470928038184,0.997750105531202,77138.0,15.110000000000582,0.0503666666666686,0.0,50.11654800000034,0.8875510088746259,0.8641652893228087,0.869695911630517,77117.12,35.99000000000524,0.059983333333342,0.0,54.69446600000357,0.9073255100773532,0.8848595292488307,0.8902228852442445,77105.25,47.86000000000058,0.0531777777777784,0.0,51.45474933333306,0.8936200184397564,0.8704619432700224,0.8759533802021555,77054.46,98.64999999999418,0.0548055555555523,0.0,52.22963666666455,0.8970242713081752,0.8740141448157278,0.8794791119575408,77124.83,28.27999999999884,0.0078555555555552,0.0,29.87955866666593,0.765330211324479,0.7438820795648219,0.7487940733643779,-0.0916325391483831,True,0.6908162695741915,0.7563945160076697,0.645,heartbeat:1182,two_side_all_heartbeats,0.6808962070009859,0.645,0.7209999635194401,0.0916325391483831,0.07179241400197178,2026-05-01 06:15:00+00:00,0.5267349217032338,0.47326507829676623,0.5664151719960564,0.4335848280039436,0.5573657961886986,0.44263420381130136,0.4335848280039436,0.5664151719960564,0.0,0.657622300892898,0.6318301382025633,0.6335611504464491,0.6578162513339116,0.5133162695741915,0.559132539148383,0.7038264713491167,0.5620201791842289,0.6020662695741915,0.6192397617445149,0.5848927774038681,0.6469216927655886,0.559132539148383,0.610683287315675,0.5744448818657613,0.6028579071032104,0.6504697245341582,0.559132539148383,0.6314795052487499,0.559132539148383,train,2,67.0,-65.0,-67.0,0.67,-1.953027546584181
KXBTC15M-26MAY010230-30,heartbeat:1264,live_heartbeat_two_side,heartbeat:1264:yes,2026-05-01 06:26:05.791000+00:00,2026-05-01 06:26:00+00:00,yes,yes,True,True,1,81.0,80.0,80.5,0.805,19.5,61.0,1.0,77147.2,77118.82,234.209,,1264,False,False,synced,bid>=98,last_decisive_quote,1.0,28.379999999990105,1.8544306693757049,14.364358198376753,,,27.88358143514666,1.0178032569452402,0.8456142680374448,38.126363655751504,0.744366818095669,0.7716727061695636,37.07106983381146,0.7655565411847252,0.7780298942686882,34.79426750964035,0.8156516010037268,0.7926502861380369,77124.83,22.369999999995343,0.3728333333332557,0.0,115.7009221666386,0.9987960039498796,0.9990989842612708,0.9995583620454718,77091.13,56.06999999999243,0.311499999999958,0.0,101.33610349998028,0.9960685517035572,0.9968673428366142,0.998206895917697,77091.05,56.14999999999418,0.1871666666666472,0.0,72.21611783331889,0.970895823490471,0.9742952195768628,0.981030709598542,77143.22,3.9799999999959255,0.0066333333333265,0.0,29.93358636665518,0.7838069760359102,0.7903006452075827,0.8051887714850166,77067.37,79.83000000000175,0.0887000000000019,0.0,49.15433829999056,0.9013440596859296,0.9075716613226924,0.921130038750647,77121.47,25.729999999995925,0.0142944444444421,0.0,31.727887538878463,0.7973455120257482,0.8039641922223999,0.819081715879481,77058.7,88.5,0.0245833333333333,0.0,34.13763791665677,0.814708387319406,0.8214408614401442,0.8367352433310319,0.0333272938304364,True,0.7883363530847818,0.8491895098866782,0.7716727061695636,heartbeat:1264,two_side_all_heartbeats,0.7915149471343441,0.7716727061695636,0.8281809765489634,0.03332729383043642,0.026970105731311866,2026-05-01 06:30:00+00:00,0.45665458766087275,0.5433454123391273,0.44394021146262364,0.5560597885373764,0.4146994277239262,0.5853005722760738,0.5433454123391273,0.45665458766087275,0.0,0.7031745180204326,0.7114388625492946,0.7443372590102165,0.7609268413592635,0.6908363530847819,0.6741727061695636,0.802015517782876,0.6404349946881743,0.7395863530847818,0.765751811850869,0.7134208943186945,0.7502818041130425,0.6741727061695636,0.7225265546971134,0.6947713052811842,0.7450684062076891,0.754158213196777,0.6741727061695636,0.7380941119762199,0.6741727061695636,train,2,83.0,19.0,17.0,0.83,-7.584178680322296
KXBTC15M-26MAY010245-45,heartbeat:1322,live_heartbeat_two_side,heartbeat:1322:no,2026-05-01 06:39:07.258000+00:00,2026-05-01 06:39:00+00:00,no,no,True,True,1,95.0,95.0,95.0,0.95,5.0,90.0,0.0,77070.76,77127.24,352.742,,1322,False,False,synced,bid>=98,last_decisive_quote,-1.0,56.48000000001048,3.007226235393399,23.293874255913323,,,72.7085475980746,0.7768000031059089,0.7813616125305582,52.42928415215308,1.0772605598829457,0.8593180615670538,50.87564539322196,1.1101579068623506,0.8665345060979197,45.25357673583243,1.2480781426341667,0.8939987790835873,77103.23,32.470000000001164,0.5411666666666861,0.0,247.3722123333507,0.9999988103379808,0.9999994198267894,0.9999999770310836,77136.17,65.41000000000349,0.3633888888889083,0.0,184.66252344446175,0.9997859493600856,0.9998581158821293,0.9999775418623744,77104.57,33.810000000012224,0.1127000000000407,0.0,96.23402340002484,0.966784282577998,0.970724775770478,0.9832712820467724,77135.34,64.58000000000175,0.1076333333333362,0.0,94.44679726667816,0.9641811005053234,0.9683034661490992,0.9815585119672474,77095.04,24.27999999999884,0.0269777777777764,0.0,65.99619528889892,0.8959425505441249,0.9027198511537876,0.9276299056459908,77129.61,58.85000000000582,0.0326944444444476,0.0,68.01270372223384,0.9027235213554914,0.9093629052424494,0.933570727243825,77038.91,-31.84999999999127,-0.0088472222222197,31.84999999999127,53.35921313890022,0.8455984788358311,0.852868694593009,0.8808239915646774,0.0906819384329461,True,0.9046590307835269,0.9253674480483506,0.8593180615670538,heartbeat:1322,two_side_all_heartbeats,0.9082672530489598,0.8593180615670538,0.9261522749857157,0.09068193843294614,0.08346549390208025,2026-05-01 06:45:00+00:00,0.28136387686589237,0.7186361231341076,0.2669309878041606,0.7330690121958394,0.21200244183282546,0.7879975581671745,0.7186361231341076,0.28136387686589237,0.0,0.8171134800371699,0.8264948579272956,0.8810567400185849,0.8827351682763848,0.8796590307835268,0.8343180615670538,0.9030158872991265,0.8153145513919074,0.8921590307835269,0.9152954184701161,0.8690226430969377,0.8812120410447025,0.8343180615670538,0.8563622004250703,0.8315123598054379,0.9072484462697099,0.8931702181301849,0.8343180615670538,0.8686669744330902,0.8343180615670538,train,1,96.0,5.0,4.0,0.96,-6.682978186981501
KXBTC15M-26MAY010300-00,heartbeat:1355,live_heartbeat_two_side,heartbeat:1355:yes,2026-05-01 06:45:52.855000+00:00,2026-05-01 06:45:00+00:00,yes,yes,True,True,1,73.0,72.0,72.5,0.725,27.5,45.0,1.0,77045.54,76983.36,847.145,,1355,False,False,synced,bid>=98,last_decisive_quote,1.0,62.179999999993015,2.136347229274921,16.54807448139626,,,209.37293715171373,0.2969820304662238,0.6167598859124556,134.21950598930147,0.4632709645418404,0.6784149223541329,106.1125487787228,0.5859815895069806,0.7210560565728665,87.89321515662509,0.7074493735288747,0.7603563682750696,76949.08,96.45999999999184,1.607666666666531,0.0,1424.1067783332114,1.0,1.0,1.0,76992.53,53.00999999999476,0.2944999999999709,0.0,311.6642024999684,0.9898848378583528,0.998343565851785,0.9998043935057024,77030.31,15.229999999995924,0.050766666666653,0.0,105.18672783331483,0.7833895158692306,0.8392243669284237,0.8842991530493245,77149.43,-103.88999999999942,-0.173149999999999,103.88999999999942,-84.50315675000616,0.2644816826877538,0.2129131423521571,0.1681680519562338,77128.84,-83.30000000000291,-0.0925555555555587,83.30000000000291,-16.22797611112084,0.4518826489073198,0.439226054973879,0.4267585033541078,77118.33,-72.79000000000815,-0.0404388888888934,72.79000000000815,27.9223974722114,0.5823993041959312,0.6037784499126326,0.6246382334802065,77097.02,-51.48000000001048,-0.0143000000000029,51.48000000001048,50.06582649999055,0.6454311866459637,0.6814717028058292,0.7155326297563152,0.046585077645867,True,0.7017074611770664,0.7289348127411212,0.6784149223541329,heartbeat:1355,two_side_all_heartbeats,0.7230280282864332,0.6784149223541329,0.722702379880086,0.04658507764586706,0.003943943427133445,2026-05-01 07:00:00+00:00,0.6431701552917342,0.35682984470826584,0.5578878868542669,0.44211211314573307,0.47928726344986083,0.5207127365501392,0.35682984470826584,0.6431701552917342,1.0,0.5819393990603727,0.6373728735447264,0.6397196995301864,0.6455586511171094,0.5642074611770664,0.5409149223541329,0.6358853643509126,0.2351687962951889,0.6329574611770664,0.6697744767062398,0.5961404456478929,0.6481099482360886,0.5409149223541329,0.6090360384726826,0.5699621287092768,0.6380044890131211,0.6517275022604607,0.5409149223541329,0.5884001433525228,0.5409149223541329,train,2,75.0,27.0,25.0,0.75,-9.827249773953923
KXBTC15M-26MAY010315-15,heartbeat:1461,live_heartbeat_two_side,heartbeat:1461:no,2026-05-01 07:04:24.374000+00:00,2026-05-01 07:04:00+00:00,no,yes,True,False,1,76.0,75.0,75.5,0.755,24.5,51.0,1.0,76942.39,77015.93,635.626,,1461,False,False,synced,mid>=90_other<=10,last_decisive_quote,-1.0,73.5399999999936,2.916908451272991,22.59427570838393,,,145.64216057756067,0.5049362060296435,0.6931981783642903,129.9746386945761,0.5658026884214178,0.7142360406438897,123.81944571429514,0.5939293264943383,0.7237203083579986,96.89871566293488,0.7589367877259047,0.7760548143939591,76973.7,31.30999999999767,0.5218333333332945,0.0,405.2308343333023,0.9990888706155558,0.9994674781278567,0.9999855524674476,77001.07,58.68000000000757,0.326000000000042,0.0,280.7540760000203,0.9846163024916376,0.988318544604262,0.998118635375464,77018.42,76.02999999999884,0.2534333333333294,0.0,234.6288159333245,0.9644774609438004,0.9709489659565592,0.992269192240335,76956.78,14.389999999999418,0.0239833333333323,0.0,88.78443023332632,0.7527251449792034,0.7633276214380741,0.820234764008756,76962.94,20.55000000000291,0.0228333333333365,0.0,88.05346033332899,0.7509449830805678,0.7615025078681275,0.8182501000093245,77104.57,162.18000000000757,0.0901000000000042,0.0,130.80990259999626,0.8428947407818044,0.8546202294825159,0.911486441211478,77115.14,172.75,0.0479861111111111,0.0,104.04121986110472,0.7882816684420685,0.7996202555226686,0.8585238920228353,0.0407639593561103,True,0.7346180203219448,0.8112378338625633,0.7142360406438897,heartbeat:1461,two_side_all_heartbeats,0.7393601541789994,0.7142360406438897,0.784666304381927,0.040763959356110324,0.031279691642001395,2026-05-01 07:15:00+00:00,0.5715279187122206,0.42847208128777936,0.5525593832840028,0.4474406167159972,0.44789037121208186,0.5521096287879181,0.42847208128777936,0.5715279187122206,0.0,0.6285068528370565,0.6408364008653982,0.6795034264185285,0.7004511725129083,0.6121180203219448,0.5917360406438896,0.752013512510705,0.5249198273821594,0.6733680203219448,0.7060208121931668,0.6407152284507227,0.686990693762593,0.5917360406438896,0.6523003689799055,0.6176100441972181,0.6788088486916078,0.6908760011450868,0.5917360406438896,0.6718747765772973,0.5917360406438896,train,2,78.0,-76.0,-78.0,0.78,-8.912399885491311
KXBTC15M-26MAY010330-30,heartbeat:1556,live_heartbeat_two_side,heartbeat:1556:yes,2026-05-01 07:21:11.051000+00:00,2026-05-01 07:21:00+00:00,yes,no,True,False,1,77.0,76.0,76.5,0.765,23.5,53.0,1.0,77070.44,77016.34,528.949,,1556,False,False,synced,bid>=98,last_decisive_quote,1.0,54.10000000000582,2.352287305807608,18.22073912177596,,,88.4369650114453,0.6117351493575602,0.7296434988289426,93.92850640580166,0.5759699804687222,0.7176822637027719,101.61313918898652,0.5324114620589295,0.7027794758602507,95.36928085596212,0.5672686164186767,0.7147341520950022,77014.0,56.44000000000233,0.9406666666667056,0.0,551.664692666693,0.999999997863209,0.9999999716755292,0.9999999963638304,77035.5,34.94000000000233,0.194111111111124,0.0,156.77487811112377,0.952449961101536,0.938567662117747,0.9498986641394648,76983.11,87.33000000000175,0.2911000000000058,0.0,208.07705390000888,0.9866292499569104,0.9797071451678944,0.9854379898735915,77037.3,33.13999999999942,0.0552333333333323,0.0,83.31561643333865,0.8124635052543233,0.7938718676709642,0.8088348292293108,76971.68,98.76000000000931,0.1097333333333436,0.0,112.1433369333446,0.8837458151962968,0.8651232240537101,0.8801796462429652,76900.02,170.41999999999825,0.0946777777777768,0.0,104.17971587778308,0.8663147651268364,0.8473793404990566,0.8626674536841868,77091.05,-20.610000000000586,-0.0057250000000001,20.610000000000586,51.07176697500574,0.706686431476203,0.6923807067381272,0.7038534196253813,0.0473177362972281,True,0.741341131851386,0.8231038378865607,0.7176822637027719,heartbeat:1556,two_side_all_heartbeats,0.7338897379301254,0.7176822637027719,0.7951305291022137,0.04731773629722813,0.06222052413974932,2026-05-01 07:30:00+00:00,0.5646354725944562,0.43536452740554377,0.5944410482794986,0.4055589517205014,0.5705316958099955,0.4294683041900045,0.4055589517205014,0.5944410482794986,0.0,0.6329869428136033,0.6136133186183258,0.6872434714068019,0.7094063964024928,0.6238411318513859,0.6001822637027718,0.7621669818427681,0.5340274524012348,0.682591131851386,0.7155546791108315,0.6496275845919403,0.694288175801848,0.6001822637027718,0.6596431086660282,0.6249980415302083,0.6885303418432914,0.6984307235828665,0.6001822637027718,0.68117462277277,0.6001822637027718,train,2,79.0,-77.0,-79.0,0.79,-9.156927641713352
KXBTC15M-26MAY010345-45,heartbeat:1667,live_heartbeat_two_side,heartbeat:1667:yes,2026-05-01 07:42:14.244000+00:00,2026-05-01 07:42:00+00:00,yes,yes,True,True,1,94.0,93.0,93.5,0.935,6.5,87.0,1.0,77012.59,76978.45,165.756,,1667,False,False,synced,bid>=98,last_decisive_quote,1.0,34.13999999999942,2.651727471384364,20.54019267070469,,,28.445401839426623,1.2001939783701638,0.8849679932887958,24.9353466605476,1.3691407809467238,0.9145223635848274,37.68490200405128,0.9059330974598058,0.8175143676533638,53.264130262227546,0.6409566781983095,0.7392245850578072,76982.05,30.5399999999936,0.5089999999998933,0.0,118.50980399998171,0.9999989963264476,0.9991688716373636,0.9869575622388423,76991.79,20.80000000000291,0.1155555555555717,0.0,53.29402666666876,0.983712728302074,0.921348554981834,0.8414805227051141,76994.45,18.139999999999414,0.0604666666666647,0.0,44.1627127999991,0.961727030593276,0.8793802038514723,0.796483642930974,76949.79,62.80000000000291,0.1046666666666715,0.0,51.48912800000022,0.9805340164336552,0.914078615146571,0.8331468525168677,76959.99,52.59999999999127,0.0584444444444347,0.0,43.82751733333114,0.9605961364986167,0.87758512122232,0.7946986935722635,77041.38,-28.79000000000815,-0.0159944444444489,28.79000000000815,31.488824866665333,0.8966728489181135,0.7983049438905341,0.7228009465051661,76992.53,20.05999999999767,0.0055722222222215,0.0,35.06362926666598,0.9201649181986844,0.823928953349681,0.7448264203485556,0.0204776364151726,True,0.9247611817924137,0.9370831313927012,0.9145223635848274,heartbeat:1667,two_side_all_heartbeats,0.8762571838266819,0.9145223635848274,0.9342021151941035,0.02047763641517264,0.11748563234663623,2026-05-01 07:45:00+00:00,0.17095527283034517,0.8290447271696548,0.36497126469327235,0.6350287353067277,0.5215508298843856,0.4784491701156144,0.6350287353067277,0.36497126469327235,0.0,0.8888790726602755,0.762768677949373,0.9086895363301379,0.9113622393894655,0.8922611817924138,0.8820223635848274,0.9236065879110691,0.9252174302289824,0.9085111817924137,0.9191067090754481,0.8979156545093792,0.9105149090565515,0.8820223635848274,0.8996084716693804,0.8887020342822093,0.9120511591819185,0.9128819843392105,0.8820223635848274,0.9028144757479483,0.8820223635848274,train,1,95.0,6.0,5.0,0.95,-3.7118015660789467
KXBTC15M-26MAY010400-00,heartbeat:1701,live_heartbeat_two_side,heartbeat:1701:yes,2026-05-01 07:49:14.832000+00:00,2026-05-01 07:49:00+00:00,yes,yes,True,True,1,68.0,67.0,67.5,0.675,32.5,35.0,1.0,77040.85,76997.16,645.168,,1701,False,False,synced,bid>=98,latest_quote,1.0,43.69000000000233,1.720068075747233,13.323590023424142,,,99.61218655634926,0.4386009534615274,0.6695246469791175,62.351770333153965,0.700701836797267,0.7582554452353287,78.06286996272787,0.5596770913093854,0.712150144546202,95.58617660521584,0.4570744594215551,0.6761912363390913,77018.79,22.060000000012224,0.3676666666668703,0.0,280.89676800013376,0.9999966818648078,0.9998398727736112,0.9983519107892468,76980.43,60.420000000012806,0.3356666666667378,0.0,260.2513920000482,0.9999850299493452,0.9995717652699684,0.9967623467911626,77006.95,33.90000000000873,0.1130000000000291,0.0,116.59398400002112,0.969253829709447,0.9323586965690712,0.8887256144846929,76991.79,49.060000000012224,0.081766666666687,0.0,96.44323680001548,0.9390394597496436,0.8916695686772731,0.84350461644386,76984.2,56.65000000000873,0.0629444444444541,0.0,84.29974133334193,0.9118127216181408,0.8599056394349485,0.8110910409276328,77036.53,4.320000000006985,0.0024000000000038,0.0,45.23840320000483,0.7659381160830071,0.7188782678909437,0.6819909628205765,76962.94,77.91000000000349,0.0216416666666676,0.0,57.65251080000296,0.8224216057476975,0.7699066550448385,0.7267945320181182,-0.0832554452353286,True,0.7166277226176644,0.8008364249815919,0.675,heartbeat:1701,two_side_all_heartbeats,0.693575072273101,0.675,0.758827399512488,0.08325544523532868,0.03715014454620191,2026-05-01 08:00:00+00:00,0.48348910952934254,0.5165108904706575,0.5756997109075961,0.4243002890924039,0.6476175273218174,0.35238247267818257,0.4243002890924039,0.5756997109075961,0.0,0.6857320788059273,0.6257951879100625,0.6641160394029637,0.6935414223739084,0.5541277226176644,0.5957554452353288,0.7429784885595537,0.6134362734416021,0.6353777226176645,0.6512266335705986,0.6195288116647302,0.6763369634902192,0.5957554452353288,0.6431634220665419,0.6099898806428645,0.6363018675443405,0.6800377921023234,0.5957554452353288,0.6693669668974412,0.5957554452353288,train,2,70.0,32.0,30.0,0.7,-1.996220789767662
KXBTC15M-26MAY010415-15,heartbeat:1775,live_heartbeat_two_side,heartbeat:1775:no,2026-05-01 08:03:00.980000+00:00,2026-05-01 08:03:00+00:00,no,yes,True,False,1,74.0,73.0,73.5,0.735,26.5,47.0,1.0,77053.85,77108.18,719.02,,1775,False,False,synced,bid>=98,last_decisive_quote,-1.0,54.3299999999872,2.0261389232547877,15.69440461373684,,,93.019184212624,0.5840730647110304,0.7204144221256166,75.29191515855204,0.7215914203480865,0.7647271422002462,68.50734180904286,0.7930536868796699,0.7861267278679442,84.22550308932608,0.6450540276662645,0.7405539128671698,77093.46,39.61000000000058,0.6601666666666763,0.0,529.0030366666608,0.9999999999989376,0.9999999999999942,0.9999999998315758,77108.02,54.169999999998254,0.3009444444444347,0.0,270.71507444442466,0.9998381401594074,0.9999611882530826,0.9993458887355152,77111.4,57.54999999998836,0.1918333333332945,0.0,192.26200333329265,0.994668519408104,0.997495417373266,0.9887761336670232,77095.22,41.36999999999534,0.0689499999999922,0.0,103.9064289999816,0.9162140097521854,0.9353312549277846,0.8913369465240526,77018.79,-35.060000000012224,-0.0389555555555691,35.060000000012224,26.320176444421875,0.6366711881052378,0.6495830286247131,0.6226683955610322,76987.32,-66.52999999999884,-0.0369611111111104,66.52999999999884,27.754221888876547,0.6437950818828084,0.657308177229954,0.6291197105497296,76973.7,-80.15000000000873,-0.0222638888888913,80.15000000000873,38.32181861109656,0.6946156665270712,0.7120497011715965,0.6754420267211484,-0.0297271422002461,True,0.7498635711001231,0.8314652205361167,0.735,heartbeat:1775,two_side_all_heartbeats,0.7605633639339722,0.735,0.7958518465416946,0.029727142200246193,0.051126727867944255,2026-05-01 08:15:00+00:00,0.47054571559950764,0.5294542844004924,0.4277465442641115,0.5722534557358885,0.5188921742656605,0.4811078257343395,0.5294542844004924,0.47054571559950764,0.7012000000002445,0.69414528486032,0.7219647462283274,0.70132264243016,0.7272894943709705,0.6173635711001231,0.6322271422002462,0.7402372749817316,0.4886811363412539,0.6836135711001231,0.7041681426600739,0.6630589995401723,0.7106514281334975,0.6322271422002462,0.6822680344734902,0.6538846408134827,0.6858873982485103,0.7137292571598038,0.6322271422002462,0.6862322085909889,0.6322271422002462,train,2,76.0,-74.0,-76.0,0.76,-4.6270742840196135
KXBTC15M-26MAY010430-30,heartbeat:1845,live_heartbeat_two_side,heartbeat:1845:yes,2026-05-01 08:16:02.172000+00:00,2026-05-01 08:16:00+00:00,yes,yes,True,True,1,90.0,89.0,89.5,0.895,10.5,79.0,1.0,77330.99,77188.32,837.828,,1845,True,False,synced,bid>=98,last_decisive_quote,1.0,142.66999999999825,4.928959232380766,38.179554042292,,,162.44219049323883,0.8782816801890915,0.810104562452308,130.7225366033423,1.0913955902868433,0.8624505740253676,107.45829274349948,1.3276778958376747,0.9078577305846598,99.41342265305173,1.43511807754482,0.924373273508286,77236.0,94.99000000000524,1.583166666666754,0.0,1469.0913620000713,1.0,1.0,1.0,77160.1,170.88999999999942,0.9493888888888856,0.0,938.0945939999956,0.9999999999996416,1.0,1.0,77132.39,198.60000000000585,0.6620000000000194,0.0,697.3121360000144,0.9999999520408758,0.9999999999568367,0.9999999999988444,77082.97,248.02000000000407,0.4133666666666734,0.0,489.0001676000039,0.999908263575766,0.9999973253966832,0.999999564739412,77071.6,259.3899999999994,0.2882111111111105,0.0,384.1413387999977,0.9983515123789084,0.99982474861186,0.9999442454803812,76980.43,350.5600000000122,0.1947555555555623,0.0,305.84165760000394,0.9903484333034108,0.99778738346748,0.998952636426558,76983.11,347.88000000000466,0.0966333333333346,0.0,223.63211239999933,0.9564353270263388,0.9812879038328604,0.987760165784586,0.0325494259746323,True,0.8787252870126838,0.9191501753554144,0.8624505740253676,heartbeat:1845,two_side_all_heartbeats,0.9014288652923299,0.8624505740253676,0.9062351626157855,0.032549425974632396,0.012857730584659777,2026-05-01 08:30:00+00:00,0.27509885194926476,0.7249011480507352,0.1842845388306804,0.8157154611693196,0.15125345298342774,0.8487465470165723,0.7249011480507352,0.27509885194926476,0.0,0.8211857462329779,0.8802150497600577,0.852842873116489,0.8633428683205764,0.8262252870126838,0.8099505740253676,0.889225277420859,0.8249011432548228,0.8524752870126838,0.8694851722076102,0.8354654018177574,0.8558003826835785,0.8099505740253676,0.8382812502929823,0.8207621179023861,0.8576950357201762,0.859295265601829,0.8099505740253676,0.8495879257231134,0.8099505740253676,train,1,91.0,10.0,9.0,0.91,-5.070473439817093
KXBTC15M-26MAY010445-45,heartbeat:1944,live_heartbeat_two_side,heartbeat:1944:no,2026-05-01 08:36:04.114000+00:00,2026-05-01 08:36:00+00:00,no,no,True,True,1,81.0,80.0,80.5,0.805,19.5,61.0,1.0,77388.17,77432.88,535.886,,1944,False,False,synced,bid>=98,last_decisive_quote,-1.0,44.7100000000064,1.9313832659478292,14.960430448319268,,,44.37328350169546,1.0075882709535813,0.843173918994069,71.47584957557218,0.6255259680786871,0.7341870447708163,87.94176186809308,0.5084046424617747,0.6944152011434532,76.31955779839137,0.5858262454574754,0.7210038576376159,77402.21,14.040000000008147,0.2340000000001358,0.0,170.1073240000792,0.9913419724747552,0.9734629730338412,0.9870891368904696,77429.93,41.75999999999476,0.2319999999999709,0.0,169.0355519999908,0.9909833187190558,0.9727053370651167,0.9866144498799,77417.56,29.389999999999414,0.0979666666666647,0.0,97.2089651333387,0.9130890441073494,0.8655022716139282,0.8986168506997856,77441.0,52.83000000000175,0.0880500000000029,0.0,91.89476230000795,0.90072186579493,0.8519770083934995,0.8857204403185965,77371.06,-17.110000000000582,-0.0190111111111117,17.110000000000582,34.522211711117166,0.6854490343038979,0.6526768894549946,0.6744871324679812,77082.97,-305.1999999999971,-0.1695555555555539,305.1999999999971,-46.15244844443717,0.2592345992434798,0.2998586973639667,0.2726804149147881,76987.48,-400.6900000000023,-0.1113027777777784,400.6900000000023,-14.935600372216165,0.4172396949395091,0.4325699000886701,0.4224231952131501,0.0708129552291837,True,0.7695935223854082,0.8174253629593885,0.7341870447708163,heartbeat:1944,two_side_all_heartbeats,0.7497076005717267,0.7341870447708163,0.8053739222527148,0.07081295522918374,0.11058479885654682,2026-05-01 08:45:00+00:00,0.5316259104583674,0.4683740895416326,0.6111695977130935,0.38883040228690646,0.5579922847247683,0.44200771527523175,0.38883040228690646,0.6111695977130935,0.34220000000001166,0.6544431582020611,0.6027397614864892,0.7199715791010307,0.7307804835117656,0.6720935223854082,0.6366870447708164,0.7546013312068773,0.49124299395236526,0.7208435223854082,0.754506113431245,0.6871809313395714,0.7252913631805443,0.6366870447708164,0.6907909704588377,0.6562905777371311,0.7289749623737619,0.7307194387312639,0.6366870447708164,0.6956441879888469,0.6366870447708164,train,2,83.0,19.0,17.0,0.83,-9.928056126873614
KXBTC15M-26MAY010515-15,heartbeat:2095,live_heartbeat_two_side,heartbeat:2095:no,2026-05-01 09:03:06.479000+00:00,2026-05-01 09:03:00+00:00,no,no,True,True,1,75.0,68.0,71.5,0.715,28.5,43.0,7.0,77335.74,77360.41,713.521,,2095,False,False,synced,bid>=98,last_decisive_quote,-1.0,24.669999999998254,0.9235613921226014,7.153875781781945,,,49.21834319797246,0.501235888838585,0.6918974403607729,30.328986608394555,0.8134132642984521,0.7920094215513656,54.88425471297335,0.4494913910922953,0.6734613915098144,83.8908261968248,0.2940726789615524,0.615648816326916,77341.5,5.759999999994761,0.0959999999999126,0.0,93.16801599993596,0.9989365423805144,0.9552023451370087,0.8666268040142662,77358.39,22.64999999999418,0.125833333333301,0.0,114.4547258333085,0.999919601619474,0.9814827538074308,0.91376805146085,77350.61,14.869999999995343,0.0495666666666511,0.0,60.03685756665384,0.9761212957168232,0.8629964700813991,0.7628976817067337,77349.08,13.339999999996508,0.0222333333333275,0.0,40.53395023332743,0.9093030628802674,0.7699053364105564,0.6855142588554546,77347.24,11.5,0.0127777777777777,0.0,33.787212777776034,0.8673655108054081,0.73092352437983,0.6564347268025543,77429.93,94.18999999998778,0.0523277777777709,0.0,62.00696832777118,0.9795468622118454,0.8707148977754279,0.7700886542115317,77053.85,-281.8899999999994,-0.0783027777777776,281.8899999999994,-31.2006763027794,0.1518006657774069,0.2848540762158716,0.3549762058848645,-0.0770094215513655,True,0.7535047107756827,0.8277102390893961,0.715,heartbeat:2095,two_side_all_heartbeats,0.6942306957549071,0.715,0.7903270856087743,0.07700942155136559,0.041538608490185536,2026-05-01 09:15:00+00:00,0.4159811568972689,0.5840188431027311,0.6530772169803711,0.34692278301962887,0.7687023673461679,0.23129763265383207,0.34692278301962887,0.6530772169803711,0.0,0.7296122480167752,0.5754998089627588,0.7080561240083876,0.7341682535800699,0.6110047107756827,0.6495094215513655,0.7772289699190473,0.6816309726744134,0.6822547107756827,0.6953528264654096,0.6691565950859558,0.7188396143675769,0.6495094215513655,0.6897202637599232,0.6606009131522694,0.6831613552262881,0.722704986467265,0.6495094215513655,0.7133691957352064,0.6495094215513655,train,2,77.0,25.0,23.0,0.77,-4.7295013532735055
KXBTC15M-26MAY010530-30,heartbeat:2232,live_heartbeat_two_side,heartbeat:2232:yes,2026-05-01 09:25:08.695000+00:00,2026-05-01 09:25:00+00:00,yes,yes,True,True,1,86.0,85.0,85.5,0.855,14.5,71.0,1.0,77357.46,77319.74,291.305,,2232,True,False,synced,bid>=98,last_decisive_quote,1.0,37.72000000000117,2.2100276872941924,17.118800855095397,,,61.36687235948454,0.6146638821519044,0.7306116415696229,48.83043381784032,0.7724690741170535,0.7800816716547337,50.17681393834741,0.7517416320284501,0.7738967755661021,44.29562325241079,0.8515514001250282,0.8027684382635667,77308.25,49.2100000000064,0.8201666666667734,0.0,276.6386508333656,0.999999992661268,0.999999982389292,0.9999999997884816,77302.98,54.48000000001048,0.3026666666667248,0.0,125.88831333335143,0.9950323173876452,0.993944510967672,0.9977584495556684,77317.24,40.22000000000117,0.1340666666666705,0.0,76.77429033333563,0.942055229106451,0.9370009215202796,0.9584721748992036,77315.94,41.52000000000408,0.0692000000000068,0.0,57.87830600000315,0.8820489252524996,0.8756447387786578,0.9043320097994204,77328.68,28.780000000013388,0.0319777777777926,0.0,47.03528655556106,0.8322857302075861,0.8257212285404716,0.8558479989696635,77341.52,15.940000000002328,0.0088555555555568,0.0,40.29966761111265,0.795398834389011,0.7890568979972719,0.8185330827031287,77463.0,-105.5399999999936,-0.0293166666666648,105.5399999999936,29.179908416668347,0.7249386484425426,0.7195622804014957,0.7449730479738286,0.0749183283452662,True,0.8175408358273668,0.8590456335870615,0.7800816716547337,heartbeat:2232,two_side_all_heartbeats,0.8144483877830511,0.7800816716547337,0.8499355473177104,0.07491832834526624,0.08110322443389784,2026-05-01 09:30:00+00:00,0.4398366566905325,0.5601633433094675,0.4522064488677957,0.5477935511322043,0.3944631234728666,0.6055368765271334,0.5477935511322043,0.4522064488677957,0.0,0.7141061731511538,0.7060658082359328,0.777303086575577,0.7860086094862221,0.7450408358273668,0.7075816716547336,0.8204518816486571,0.6543688662201126,0.7812908358273668,0.81077450149642,0.7518071701583136,0.7808877811031557,0.7075816716547336,0.7507947912152535,0.7207018013273513,0.7906781026071225,0.7871882173450995,0.7075816716547336,0.7640167766516954,0.7075816716547336,train,1,87.0,14.0,13.0,0.87,-8.281178265490055
KXBTC15M-26MAY010545-45,heartbeat:2294,live_heartbeat_two_side,heartbeat:2294:no,2026-05-01 09:32:09.496000+00:00,2026-05-01 09:32:00+00:00,no,no,True,True,1,74.0,73.0,73.5,0.735,26.5,47.0,1.0,77295.99,77336.66,770.504,,2294,False,False,synced,bid>=98,last_decisive_quote,-1.0,40.669999999998254,1.4651656339995267,11.349124199831197,,,35.05765339665691,1.160089055015774,0.87699372506546,77.03303421021887,0.5279553170528384,0.7012348253117583,83.16433256982101,0.4890317608916486,0.6875903943840179,70.91281754996358,0.5735211405377185,0.7168540553440793,77309.87,13.879999999990105,0.2313333333331684,0.0,218.91325866653784,0.9977570902324924,0.9957595209245024,0.9989893205251954,77335.0,39.00999999999476,0.2167222222221931,0.0,207.65533911108693,0.9964875978055152,0.9937362780786316,0.9982959981183196,77337.6,41.61000000000058,0.1387000000000019,0.0,147.53890479999973,0.9722708323584712,0.9619737736436074,0.9812632451915906,77302.98,6.989999999990687,0.0116499999999844,0.0,49.646371599986296,0.7403684007842023,0.7247353314628582,0.7580689283584827,77297.99,2.0,0.0022222222222222,0.0,42.38223111110936,0.7089029140913697,0.6948412461773894,0.7249688323472085,77341.5,45.50999999999476,0.0252833333333304,0.0,60.15090946666268,0.7825533585960626,0.765245363218964,0.8018471352638541,77421.18,125.18999999998778,0.0347749999999966,0.0,67.46427659999564,0.8094261866373904,0.7913793165606429,0.8292915269228578,0.0337651746882416,True,0.7181174126558791,0.8028352192234097,0.7012348253117583,heartbeat:2294,two_side_all_heartbeats,0.711295197192009,0.7012348253117583,0.7723246140652217,0.033765174688241695,0.047409605615982064,2026-05-01 09:45:00+00:00,0.5975303493764834,0.4024696506235166,0.6248192112319642,0.37518078876803584,0.5662918893118414,0.4337081106881586,0.37518078876803584,0.6248192112319642,0.0,0.6116052729052858,0.5938675126992232,0.6600526364526429,0.68377971968849,0.5856174126558791,0.5687348253117583,0.7390715791275734,0.4996967338593637,0.6518674126558792,0.6851204475935274,0.6186143777182308,0.6683232168745056,0.5687348253117583,0.6324451651901931,0.5965671135058808,0.6566534014090201,0.6718738017508659,0.5687348253117583,0.6539032022196658,0.5687348253117583,train,2,76.0,26.0,24.0,0.76,-8.812619824913412
KXBTC15M-26MAY010600-00,heartbeat:2356,live_heartbeat_two_side,heartbeat:2356:no,2026-05-01 09:46:10.646000+00:00,2026-05-01 09:46:00+00:00,no,no,True,True,1,72.0,71.0,71.5,0.715,28.5,43.0,1.0,77230.59,77269.11,829.354,,2356,False,False,synced,bid>=98,last_decisive_quote,-1.0,38.52000000000408,1.3375693443442156,10.360767590085445,,,68.25410609603951,0.5643616509430665,0.7137459839516375,62.57945441230154,0.6155374852937678,0.7309000891069067,74.43634532246101,0.5174891356249962,0.6975926244563888,70.2616600601812,0.5482364061283287,0.7082352064219326,77265.2,34.61000000000058,0.5768333333333431,0.0,516.9190323333455,1.0,0.9999999999981002,0.999999999999906,77273.0,42.41000000000349,0.2356111111111305,0.0,233.9250174444646,0.9999072728041408,0.9991627796885492,0.999564741058528,77254.01,23.419999999998254,0.0780666666666608,0.0,103.26490226666591,0.9505429149800056,0.9173235389144846,0.9291810732870246,77288.2,57.61000000000058,0.0960166666666676,0.0,118.15180656667155,0.9704889518386428,0.943776115113026,0.953676507153476,77309.87,79.27999999999884,0.0880888888888875,0.0,111.57687235555856,0.9627038635143632,0.9330575913288146,0.9438590127290372,77334.54,103.94999999999708,0.0577499999999983,0.0,86.41519350000274,0.9163432405935468,0.8771642893148875,0.8906337297531062,77349.01,118.41999999999824,0.0328944444444439,0.0,65.80113907778146,0.853481250909071,0.8116497535248139,0.8254961017526767,-0.0159000891069067,True,0.7229500445534534,0.7988143346956375,0.715,heartbeat:2356,two_side_all_heartbeats,0.7062963122281944,0.715,0.7668786097280731,0.015900089106906767,0.01740737554361116,2026-05-01 10:00:00+00:00,0.5381998217861865,0.4618001782138135,0.6048147510872224,0.3951852489127776,0.5835295871561348,0.4164704128438652,0.3951852489127776,0.6048147510872224,0.0,0.6501701158389787,0.6068704117933055,0.6683350579194894,0.69188934941749,0.5804500445534533,0.5884000891069068,0.7415586275494546,0.5568544697118141,0.6517000445534533,0.677020026732072,0.6263800623748347,0.6781000594046045,0.5884000891069068,0.6462206859478854,0.6143413124911664,0.6544311211239081,0.6810889999696533,0.5884000891069068,0.6649793583281807,0.5884000891069068,train,2,74.0,28.0,26.0,0.74,-5.891100003034666
KXBTC15M-26MAY010615-15,heartbeat:2426,live_heartbeat_two_side,heartbeat:2426:no,2026-05-01 10:02:12.045000+00:00,2026-05-01 10:02:00+00:00,no,no,True,True,1,68.0,67.0,67.5,0.675,32.5,35.0,1.0,77223.08,77257.26,767.955,,2426,False,False,synced,bid>=98,last_decisive_quote,-1.0,34.179999999993015,1.2334006478700252,9.553880336804092,,,85.04706490447593,0.4018951158206773,0.6561193913030179,59.12456279130038,0.5781015264441377,0.7184022117232475,61.49515314856457,0.555816161924476,0.7108317321047177,72.41134345948626,0.4720254916844145,0.681545703351766,77227.4,4.319999999992433,0.0719999999998738,0.0,89.47275999989617,0.9348973170311974,0.9271593189237576,0.8916997062419353,77245.99,22.91000000000349,0.1272777777777971,0.0,131.92360583334124,0.9871687909259302,0.984034301314069,0.9657621733780442,77229.58,6.5,0.0216666666666666,0.0,50.81902499999302,0.8049744641664454,0.7957087621638975,0.7586012555341073,77226.41,3.3300000000017462,0.0055500000000029,0.0,38.44215024999525,0.7422149812565665,0.7340554501866511,0.7022510228090699,77204.03,-19.05000000000291,-0.0211666666666699,19.05000000000291,17.924952499990532,0.6191208682073157,0.6146600277602536,0.5977561585069561,77295.99,72.91000000000349,0.0405055555555574,0.0,65.28644391666117,0.8652508456710595,0.855803120104291,0.8163666865562937,77341.5,118.41999999999824,0.0328944444444439,0.0,59.44145308332598,0.8426381626230475,0.8331289506462881,0.7941443771962855,-0.0434022117232474,True,0.6967011058616237,0.7327922252965643,0.675,heartbeat:2426,two_side_all_heartbeats,0.6929158660523589,0.675,0.7140155563502634,0.04340221172324743,0.035831732104717684,2026-05-01 10:15:00+00:00,0.563195576553505,0.43680442344649495,0.5783365357905645,0.42166346420943546,0.636908593296468,0.363091406703532,0.42166346420943546,0.5783365357905645,0.3810000000000582,0.6339228752402216,0.6240812517361329,0.638211437620111,0.6512088840367555,0.5342011058616238,0.5559022117232475,0.67114599869491,0.4411018698631278,0.6154511058616238,0.6392706635169743,0.5916315482062733,0.6497681411488316,0.5559022117232475,0.6154193237848767,0.581070506420922,0.6172087659836288,0.652639474378614,0.5559022117232475,0.6135241052090787,0.5559022117232475,train,2,70.0,32.0,30.0,0.7,-4.736052562138596
KXBTC15M-26MAY010630-30,heartbeat:2499,live_heartbeat_two_side,heartbeat:2499:yes,2026-05-01 10:17:13.722000+00:00,2026-05-01 10:17:00+00:00,yes,yes,True,True,1,85.0,84.0,84.5,0.845,15.5,69.0,1.0,77224.82,77156.79,766.278,,2499,True,False,synced,bid>=98,latest_quote,1.0,68.03000000001339,2.457577897170492,19.03631653549752,,,80.58759866393547,0.8441745520140204,0.8007140636477652,81.11615338958975,0.8386738911702905,0.7991738333076517,69.74845142484673,0.9753621565822868,0.8353096757751155,69.52002346370722,0.9785669884810712,0.8361030114881505,77170.39,54.43000000000757,0.9071666666667928,0.0,763.1718590001101,1.0,1.0,1.0,77151.73,73.09000000001106,0.406055555555617,0.0,379.1814390000605,0.999998526998997,0.9999999728181792,0.9999999754136982,77143.8,81.02000000000407,0.2700666666666802,0.0,274.9761452000238,0.9996504171932828,0.9999596644944486,0.9999617889337684,77222.42,2.400000000008731,0.0040000000000145,0.0,71.09511200002454,0.8096101551521798,0.8459714717243525,0.846764884873366,77223.08,1.7400000000052387,0.0019333333333391,0.0,69.51147080001785,0.804260276799293,0.840521218281175,0.8413149759185116,77204.03,20.79000000000815,0.0115500000000045,0.0,76.88051090001686,0.8283800306986675,0.8648243733301701,0.8656098576327944,77297.99,-73.16999999999825,-0.0203249999999995,73.16999999999825,52.45539965001376,0.7410772952158211,0.7739941462882518,0.7747364508130279,0.0458261666923482,True,0.8220869166538258,0.8812747501669782,0.7991738333076517,heartbeat:2499,two_side_all_heartbeats,0.8401548378875577,0.7991738333076517,0.8621822334309521,0.04582616669234829,0.009690324224884472,2026-05-01 10:30:00+00:00,0.40165233338469664,0.5983476666153034,0.329380648449769,0.670619351550231,0.32779397702369906,0.6722060229763009,0.5983476666153034,0.40165233338469664,0.0,0.7389259832999471,0.7859025785076501,0.7842129916499736,0.7996780333693019,0.7445869166538258,0.7216738333076517,0.8375170000924824,0.6983127083346317,0.7833369166538258,0.8080021499922954,0.7586716833153562,0.7886158888717678,0.7216738333076517,0.7631667942880351,0.7377176997043025,0.7899037847098451,0.7930282661660304,0.7216738333076517,0.779595416700067,0.7216738333076517,train,1,86.0,15.0,14.0,0.86,-6.697173383396958
KXBTC15M-26MAY010645-45,heartbeat:2578,live_heartbeat_two_side,heartbeat:2578:no,2026-05-01 10:34:00.228000+00:00,2026-05-01 10:34:00+00:00,no,no,True,True,1,75.0,74.0,74.5,0.745,25.5,49.0,1.0,77290.48,77337.29,659.772,,2578,False,False,synced,bid>=98,last_decisive_quote,-1.0,46.80999999999767,1.822391582727839,14.116184500346996,,,71.60126250997149,0.6537594220978815,0.7433665934614557,93.65646966943896,0.4998053008533615,0.691393911119154,83.54083197174297,0.5603248004021648,0.7123710428848962,71.59881942229664,0.6537817296107613,0.7433737804842209,77307.22,16.74000000000524,0.2790000000000873,0.0,230.8863880000553,0.9931540701335796,0.9971429783149612,0.9993695278235678,77337.59,47.11000000000058,0.2617222222222254,0.0,219.4869939999998,0.990448954724816,0.99569675421653,0.9989135093718108,77326.0,35.520000000004075,0.1184000000000135,0.0,124.92700480000664,0.9088793042095,0.9325950294552364,0.9594918393324758,77409.09,118.61000000000058,0.1976833333333343,0.0,177.2359281999983,0.9707814490550284,0.9830621652108094,0.993345703506892,77242.01,-48.47000000000117,-0.0538555555555568,48.47000000000117,11.277612399996812,0.5479226624447002,0.5536921703910386,0.562578989502587,77205.99,-84.48999999999069,-0.0469388888888837,84.48999999999069,15.841035400001084,0.5671566551644571,0.5751966502287101,0.5875500043879204,77302.55,12.070000000006983,0.0033527777777797,0.0,49.02206889999895,0.69966047940995,0.7213322226003955,0.753226134791229,0.0536060888808459,True,0.7181969555595771,0.7817577384428848,0.691393911119154,heartbeat:2578,two_side_all_heartbeats,0.7286855214424481,0.691393911119154,0.7616940341776463,0.05360608888084595,0.03262895711510383,2026-05-01 10:45:00+00:00,0.6172121777616919,0.3827878222383081,0.5752579142302077,0.42474208576979233,0.5132524390315583,0.48674756096844174,0.3827878222383081,0.6172121777616919,0.9694000000000235,0.5988120844549002,0.626082355750365,0.6591560422274502,0.6755439726484002,0.590696955559577,0.5638939111191541,0.6770028164014759,0.2797957526592534,0.6544469555595771,0.6906681733357461,0.6182257377834078,0.6667626074127694,0.5638939111191541,0.6287826133388354,0.5908026192649015,0.6602818833255895,0.6708241901779447,0.5638939111191541,0.620448363760315,0.5638939111191541,train,2,77.0,25.0,23.0,0.77,-9.917580982205536
KXBTC15M-26MAY010700-00,heartbeat:2687,live_heartbeat_two_side,heartbeat:2687:yes,2026-05-01 10:55:01.890000+00:00,2026-05-01 10:55:00+00:00,yes,yes,True,True,1,74.0,73.0,73.5,0.735,26.5,47.0,1.0,77250.87,77238.15,298.11,,2687,True,False,synced,bid>=98,last_decisive_quote,1.0,12.720000000001164,0.7367138576413202,5.706561003130109,,,20.88229904184108,0.60912833278149,0.7287803105052149,18.465148757299563,0.6888652870978226,0.7545459770331879,29.561128307362416,0.4302948070095536,0.6665093979258199,44.81219201283119,0.2838513232371898,0.6117378394317537,77249.99,0.8799999999901047,0.0146666666665017,0.0,17.092279999951998,0.8226862618761064,0.7184358572340936,0.6485543021799319,77233.47,17.39999999999418,0.0966666666666343,0.0,41.537299999991525,0.987759558883208,0.9200090486183252,0.8230158652659303,77253.97,-3.1000000000058208,-0.0103333333333527,3.1000000000058208,9.63952999999538,0.6991784532478967,0.6278211222070298,0.585159041828485,77229.01,21.860000000000586,0.0364333333333343,0.0,23.58114100000145,0.8992098318226804,0.7874799458334792,0.7006328575592076,77235.34,15.529999999998836,0.0172555555555542,0.0,17.864053666667445,0.8333397000736907,0.7271808631294912,0.6549217566858757,77383.2,-132.33000000000175,-0.0735166666666676,132.33000000000175,-9.196053499999124,0.3092342071659533,0.3778676175741747,0.4187027768486505,77208.41,42.45999999999185,0.0117944444444421,0.0,16.23604183333382,0.8103753470173811,0.7085783183213865,0.6414409452829033,-0.0195459770331879,True,0.7447729885165939,0.7295748100936948,0.735,heartbeat:2687,two_side_all_heartbeats,0.7007546989629099,0.6991784532478967,0.7336994837595358,0.019545977033187945,0.06849060207418012,2026-05-01 11:00:00+00:00,0.49090804593362414,0.5090919540663759,0.6669812041483603,0.33301879585163974,0.7765243211364927,0.22347567886350728,0.33301879585163974,0.6669812041483603,0.0,0.6809097701431442,0.5664622173035658,0.6947048850715721,0.6911227303963619,0.612272988516594,0.6220459770331879,0.7111086791661733,0.5790097993911656,0.678522988516594,0.7011137931099563,0.6559321839232315,0.703863984688792,0.6220459770331879,0.6746630968966522,0.6454622091045124,0.6811780789900176,0.7069181353565689,0.6220459770331879,0.6665773280996805,0.6220459770331879,train,2,76.0,26.0,24.0,0.76,-5.308186464343109
KXBTC15M-26MAY010715-15,heartbeat:2784,live_heartbeat_two_side,heartbeat:2784:yes,2026-05-01 11:01:02.355000+00:00,2026-05-01 11:01:00+00:00,yes,yes,True,True,1,68.0,67.0,67.5,0.675,32.5,35.0,1.0,77299.6,77271.46,837.645,,2784,True,False,synced,bid>=98,last_decisive_quote,1.0,28.139999999999414,0.972286135423624,7.53129602048813,,,51.73543747723867,0.5439211761257414,0.7067521419660678,42.36151373340029,0.664282210902492,0.7467451477957089,53.90493335150637,0.5220301417776086,0.6991753278692622,73.42272798931917,0.3832600717872121,0.649236529399811,77276.8,22.80000000000291,0.3800000000000485,0.0,346.44510000004004,0.9999999999999998,0.9999999999349114,0.999998812046816,77250.85,48.75,0.2708333333333333,0.0,255.0021874999994,0.9999999991261164,0.9999988806637474,0.999742728303886,77243.7,55.90000000000873,0.1863333333333624,0.0,184.22118500002375,0.999993155359454,0.9996840276851358,0.993947156781272,77242.22,57.38000000000466,0.095633333333341,0.0,108.24678350000592,0.9946953309779368,0.9776839495275071,0.929798951261258,77235.27,64.33000000000175,0.0714777777777797,0.0,88.01300316666772,0.9811298535696658,0.9487386664438082,0.8846808143208331,77337.59,-37.98999999999069,-0.0211055555555503,37.98999999999069,10.46103691667042,0.5975252712058484,0.5769373326051076,0.5566483068625852,77227.4,72.20000000001164,0.0200555555555587,0.0,44.93943583333546,0.8556221640962235,0.7977691827326255,0.7297524154239312,-0.0717451477957088,True,0.7108725738978545,0.807246101051721,0.675,heartbeat:2784,two_side_all_heartbeats,0.687087663934631,0.675,0.7615221754106034,0.07174514779570884,0.02417532786926213,2026-05-01 11:15:00+00:00,0.5065097044085822,0.49349029559141777,0.6016493442614756,0.39835065573852435,0.701526941200378,0.29847305879962205,0.39835065573852435,0.6016493442614756,0.0,0.6707686921344215,0.6089279262300408,0.6566343460672108,0.6891336616031563,0.5483725738978544,0.5842451477957089,0.7433712049697453,0.5934896111273632,0.6296225738978545,0.6477735443387127,0.6114716034569962,0.668663431863806,0.5842451477957089,0.6354176888485755,0.602171945833345,0.6307780710313563,0.6720518579765462,0.5842451477957089,0.663808176382727,0.5842451477957089,train,2,70.0,32.0,30.0,0.7,-2.7948142023453784
KXBTC15M-26MAY010730-30,heartbeat:2921,live_heartbeat_two_side,heartbeat:2921:yes,2026-05-01 11:17:03.735000+00:00,2026-05-01 11:17:00+00:00,yes,yes,True,True,1,72.0,71.0,71.5,0.715,28.5,43.0,1.0,77349.0,77309.64,776.265,,2921,True,False,synced,bid>=98,last_decisive_quote,1.0,39.36000000000058,1.4127004617867611,10.942730723359306,,,80.36871629640942,0.4897427981160754,0.687842043640732,59.74843028223215,0.6587620764943405,0.7449757182771309,50.451368104969454,0.7801572381170695,0.7823508355451452,65.30011253860903,0.6027554696284602,0.7266643127666731,77303.13,45.86999999999534,0.7644999999999224,0.0,632.8145924999403,1.0,1.0,1.0,77309.23,39.77000000000408,0.2209444444444671,0.0,210.87143916668484,0.9997916869299088,0.999985405121236,0.9993794581975332,77273.0,76.0,0.2533333333333333,0.0,236.0138000000006,0.999960944892349,0.9999985518891796,0.9998494163752356,77257.87,91.13000000000466,0.1518833333333411,0.0,157.2617157500066,0.9957566111704892,0.9990867869901692,0.9919863141862812,77296.3,52.69999999999709,0.0585555555555523,0.0,84.8146283333314,0.9221275730181264,0.9536298578211252,0.903001182864681,77235.23,113.77000000000407,0.0632055555555578,0.0,88.42426058333567,0.930555746917122,0.9601700893567452,0.91215112811134,77224.82,124.17999999999302,0.0344944444444425,0.0,66.13682991666573,0.8658360936825528,0.9050546648114765,0.8444253538769128,-0.0299757182771309,True,0.7299878591385655,0.8199788877231601,0.715,heartbeat:2921,two_side_all_heartbeats,0.7486754177725725,0.715,0.7809849044616091,0.02997571827713097,0.0673508355451452,2026-05-01 11:30:00+00:00,0.5100485634457381,0.4899514365542619,0.43529832890970965,0.5647016710902903,0.5466713744666538,0.4533286255333462,0.4899514365542619,0.5100485634457381,0.0,0.6684684337602702,0.7170560862086887,0.677484216880135,0.7059803113693699,0.5874878591385655,0.602475718277131,0.7584800481170353,0.5899475310434967,0.6587378591385655,0.6812427154831392,0.6362330027939916,0.687483812184754,0.602475718277131,0.6568123869817171,0.6261409617786802,0.6610086541120997,0.6905145268553315,0.602475718277131,0.6804778831970831,0.602475718277131,train,2,74.0,28.0,26.0,0.74,-4.94854731446685
KXBTC15M-26MAY010800-00,heartbeat:3190,live_heartbeat_two_side,heartbeat:3190:no,2026-05-01 11:50:06.575000+00:00,2026-05-01 11:50:00+00:00,no,yes,True,False,1,74.0,73.0,73.5,0.735,26.5,47.0,1.0,77353.8,77392.73,593.425,,3190,False,False,synced,bid>=98,last_decisive_quote,-1.0,38.929999999993015,1.598090921986374,12.378759053156966,,,23.930848781515795,1.6267705485675283,0.948107080565235,51.71511597642698,0.752777969554168,0.7742083263048565,71.55444997080056,0.5440612011674927,0.7068003207875339,62.64878030480228,0.6214007648766448,0.7328320155376928,77371.21,17.410000000003492,0.2901666666667248,0.0,211.1221541666942,0.9999777141798109,0.99841375356614,0.9996240668609764,77390.79,36.98999999999069,0.2054999999999482,0.0,160.8788374999623,0.9990673046987426,0.9877227879809184,0.9948848814016936,77403.36,49.55999999999767,0.1651999999999922,0.0,136.9638099999884,0.9959566576527176,0.9721975932597978,0.985600122633702,77361.98,8.179999999993015,0.0136333333333216,0.0,47.02036083331944,0.8183827050378538,0.7444503693934819,0.7735349659044166,77367.88,14.080000000001746,0.0156444444444463,0.0,48.21380444443861,0.8244082561846064,0.7497826111411887,0.7792280972635071,77421.08,67.27999999999884,0.0373777777777771,0.0,61.11090777777041,0.8813343788646586,0.8034606979513864,0.8353320674337612,77253.97,-99.83000000000176,-0.027730555555556,99.83000000000176,22.473995069437173,0.6680638155279529,0.6232707807669854,0.6401014470246416,-0.0392083263048564,True,0.7546041631524283,0.8350549946525248,0.735,heartbeat:3190,two_side_all_heartbeats,0.7209001603937669,0.735,0.7989538294220004,0.03920832630485649,0.028199679212466133,2026-05-01 12:00:00+00:00,0.45158334739028705,0.548416652609713,0.5863993584249323,0.4136006415750677,0.5343359689246143,0.4656640310753857,0.4136006415750677,0.5863993584249323,0.0,0.7064708241963134,0.618840417023794,0.7074854120981567,0.7335810778634284,0.6221041631524282,0.6417083263048565,0.7802954946829719,0.6480123183749847,0.6883541631524283,0.7070124978914569,0.6696958284133996,0.716972217536571,0.6417083263048565,0.6891848906727783,0.6613975638089856,0.6902874688145295,0.7201189660167464,0.6417083263048565,0.7110019104939143,0.6417083263048565,train,2,76.0,-74.0,-76.0,0.76,-3.9881033983253644
KXBTC15M-26MAY010815-15,heartbeat:3309,live_heartbeat_two_side,heartbeat:3309:yes,2026-05-01 12:03:07.543000+00:00,2026-05-01 12:03:00+00:00,yes,yes,True,True,1,68.0,66.0,67.0,0.67,33.0,34.0,2.0,77491.49,77446.23,712.457,,3309,True,False,synced,bid>=98,last_decisive_quote,1.0,45.26000000000931,1.6956461209252656,13.134418374809522,,,95.10078713780058,0.4759161449886612,0.6829329402108159,77.0158208244221,0.5876714617272136,0.7216235827633537,70.07088220933798,0.645917370710337,0.7408335653413576,76.02854419700039,0.5953027310734038,0.7241794346579198,77435.79,55.70000000001164,0.9283333333335274,0.0,706.6575816668143,1.0,1.0,1.0,77452.72,38.77000000000408,0.2153888888889115,0.0,198.71532161113652,0.9950626775751508,0.9977152958236638,0.9955215342880368,77436.6,54.88999999999942,0.1829666666666647,0.0,175.61588243334126,0.9887037816407797,0.9938992151463976,0.989552261532794,77397.89,93.60000000000582,0.1560000000000097,0.0,156.40329200001622,0.9788620686063216,0.9871949154908424,0.98016484166404,77372.63,118.86000000000058,0.1320666666666673,0.0,139.3518211333431,0.9648049485784668,0.9766343009656028,0.9665904001593496,77390.8,100.69000000000231,0.0559388888888901,0.0,85.11405296112135,0.8654527531786207,0.8877568814186243,0.8685368286007283,77288.22,203.27000000000407,0.05646388888889,0.0,85.48809288612122,0.8665019744251707,0.8887719354013465,0.8695827696521196,-0.0516235827633536,True,0.6958117913816768,0.7934424548013778,0.67,heartbeat:3309,two_side_all_heartbeats,0.7054167826706788,0.67,0.7492278311571621,0.05162358276335366,0.07083356534135754,2026-05-01 12:15:00+00:00,0.5567528344732926,0.4432471655267074,0.5183328693172848,0.48166713068271516,0.5516411306841604,0.44835886931583957,0.4432471655267074,0.5567528344732926,0.0,0.6381106575923599,0.6630836349437648,0.6375553287961799,0.6694257069602579,0.5308117913816769,0.5566235827633537,0.7265525477098328,0.5421175436907854,0.6133117913816768,0.6359870748290061,0.5906365079343476,0.6494157218422357,0.5566235827633537,0.6149579351546156,0.5805001484669956,0.614869445691692,0.6523522372848456,0.5566235827633537,0.6415880652365933,0.5566235827633537,train,2,70.0,32.0,30.0,0.7,-4.764776271515444
KXBTC15M-26MAY010830-30,heartbeat:3522,live_heartbeat_two_side,heartbeat:3522:yes,2026-05-01 12:18:08.611000+00:00,2026-05-01 12:18:00+00:00,yes,yes,True,True,1,75.0,73.0,74.0,0.74,26.0,48.0,2.0,77644.19,77567.59,711.389,,3522,True,False,synced,bid>=98,last_decisive_quote,1.0,76.60000000000582,2.871938904873643,22.24594309980157,,,105.61720158498478,0.7252606474180222,0.7658539285225276,123.70193194206604,0.6192304258908446,0.7321177146562883,101.35648707105786,0.7557483710569405,0.7750999616579779,93.14472190785362,0.822376173668593,0.794568582252954,77584.0,60.19000000000233,1.0031666666667054,0.0,790.2417318333668,0.9999999999161152,0.9999999999999968,1.0,77546.0,98.19000000000231,0.545500000000013,0.0,464.66269950001504,0.9999137811715364,0.9999977239724702,0.9999996959237424,77450.28,193.9100000000035,0.6463666666666783,0.0,536.4181366333474,0.9999927574587052,0.9999999396362104,0.9999999957686916,77407.23,236.9600000000064,0.394933333333344,0.0,357.5512290666801,0.9980763969877512,0.9997903748824128,0.9999381470450424,77491.49,152.6999999999971,0.1696666666666634,0.0,197.2990003333369,0.9446388373288436,0.9742077357233652,0.9829208654138486,77372.63,271.5599999999977,0.1508666666666653,0.0,183.92488713333825,0.9314713632380874,0.9652098824000964,0.9758440247451812,77376.65,267.5400000000081,0.0743166666666689,0.0,129.46805918334076,0.8523609651054217,0.8992612557043624,0.9177305010839182,0.0078822853437117,True,0.7360588573281441,0.8240368240383312,0.7321177146562883,heartbeat:3522,two_side_all_heartbeats,0.757549980828989,0.7321177146562883,0.7896338658886275,0.007882285343711715,0.03509996165797791,2026-05-01 12:30:00+00:00,0.5357645706874234,0.46423542931257655,0.4498000766840442,0.5501999233159558,0.41086283549409197,0.589137164505908,0.46423542931257655,0.5357645706874234,0.0,0.6517530290531747,0.7076299501553712,0.6828765145265875,0.708875790272458,0.6060588573281441,0.6021177146562883,0.7620574088198852,0.5642347050584471,0.6710588573281442,0.6986353143968865,0.6434824002594017,0.6914118097708588,0.6021177146562883,0.6598006061337847,0.6281894024967106,0.6748343837361106,0.694636608678767,0.6021177146562883,0.6820875617380867,0.6021177146562883,train,2,77.0,25.0,23.0,0.77,-7.536339132123302
KXBTC15M-26MAY010845-45,heartbeat:3628,live_heartbeat_two_side,heartbeat:3628:yes,2026-05-01 12:33:09.959000+00:00,2026-05-01 12:33:00+00:00,yes,yes,True,True,1,81.0,80.0,80.5,0.805,19.5,61.0,1.0,77871.49,77757.05,710.041,,3628,True,False,synced,bid>=98,last_decisive_quote,1.0,114.44000000000231,4.294732667429061,33.266856194731425,,,129.93442531929136,0.8807519617590629,0.810773957177669,110.07264235563518,1.0396770491822718,0.8507550165627489,115.50215059667728,0.9908040621651808,0.8391093673123353,96.1645612545358,1.190043385079184,0.8829853298142041,77808.48,63.01000000000931,1.050166666666822,0.0,860.1013901667793,0.9999999999999972,0.999999999999952,1.0,77749.99,121.5,0.675,0.0,593.7176750000024,0.9999999655222064,0.999999862862373,0.9999999996670312,77766.97,104.52000000000407,0.3484000000000136,0.0,361.818284400012,0.99949385112859,0.9991335771445782,0.999915885276538,77736.3,135.19000000000233,0.2253166666666705,0.0,274.42407131667176,0.9936686598072896,0.9912474125901192,0.9978392819888758,77644.19,227.3000000000029,0.2525555555555588,0.0,293.7647992222269,0.9961941635785856,0.9945105677245843,0.998873997403231,77491.49,380.0,0.2111111111111111,0.0,264.3375444444468,0.9918356090364004,0.9889485275074448,0.9970093442719336,77390.8,480.6900000000023,0.1335250000000006,0.0,209.2482245250028,0.9713490718769514,0.9649790186567692,0.9852200910000078,-0.0457550165627488,True,0.8278775082813745,0.885082955897113,0.805,heartbeat:3628,two_side_all_heartbeats,0.8220546836561677,0.805,0.8576252751945427,0.04575501656274883,0.03410936731233527,2026-05-01 12:45:00+00:00,0.29848996687450224,0.7015100331254978,0.32178126537532936,0.6782187346246706,0.23402934037159184,0.7659706596284082,0.6782187346246706,0.32178126537532936,0.0,0.8059815215315735,0.7908421775060359,0.7957407607657869,0.8151901458786457,0.7303775082813745,0.753255016562749,0.8472762785070925,0.8014594182383568,0.7791275082813744,0.7894765049688247,0.7687785115939243,0.8030033443751661,0.753255016562749,0.7830887246396421,0.7631741049041181,0.7802194374544981,0.8060911715091202,0.753255016562749,0.8002656475349208,0.753255016562749,train,2,83.0,19.0,17.0,0.83,-2.3908828490879728
KXBTC15M-26MAY010900-00,heartbeat:3769,live_heartbeat_two_side,heartbeat:3769:yes,2026-05-01 12:57:12.090000+00:00,2026-05-01 12:57:00+00:00,yes,yes,True,True,1,72.0,71.0,71.5,0.715,28.5,43.0,1.0,77974.16,77950.55,167.91,,3769,False,False,synced,mid>=90_other<=10,last_decisive_quote,1.0,23.610000000000586,1.82203915788639,14.113454629263549,,,38.943933531175006,0.6062561703249761,0.7278276707623444,48.14387366611789,0.4904050754980387,0.6880763570781735,81.48446296169391,0.2897484887529996,0.6139956709745678,68.25175044226648,0.3459251938156818,0.6353005328678808,77951.07,23.089999999996508,0.3848333333332751,0.0,88.22736499999081,0.9665672639993188,0.8605404687947132,0.9019383409972352,77971.54,2.6200000000098957,0.0145555555556105,0.0,26.054023333343142,0.7058048163932651,0.6254181253705186,0.6486707132746086,77995.32,-21.16000000000349,-0.0705333333333449,21.16000000000349,11.766747999998628,0.5965425777440317,0.5574095887059753,0.5684393060037181,78028.02,-53.86000000000058,-0.0897666666666676,53.86000000000058,8.53727900000042,0.570374801609376,0.5417215814413933,0.5497719218676712,77984.94,-10.779999999998836,-0.0119777777777764,10.779999999998836,21.598811333334133,0.6731508951507085,0.6045209301164115,0.6241725441244781,77796.01,178.15000000000873,0.098972222222227,0.0,40.228425833334725,0.7983065380846356,0.6892390016918425,0.7222076590303422,77400.75,573.4100000000035,0.1592805555555565,0.0,50.35479808333408,0.8522017716171488,0.7317018138909677,0.7696760220033594,0.0269236429218264,True,0.7015381785390867,0.6665396449407351,0.6880763570781735,heartbeat:3769,two_side_all_heartbeats,0.6644978354872839,0.5965425777440317,0.6832314226722584,0.026923642921826474,0.10100432902543222,2026-05-01 13:00:00+00:00,0.623847285843653,0.376152714156347,0.7720086580508645,0.2279913419491355,0.7293989342642384,0.2706010657357616,0.2279913419491355,0.7720086580508645,0.21559999999997673,0.5944992642016256,0.498194372266938,0.6404996321008127,0.6286538898752159,0.5590381785390868,0.5455763570781735,0.6385666940878943,0.39268697193075486,0.6302881785390868,0.664172907123452,0.5964034499547215,0.6495509047187823,0.5455763570781735,0.6123818078890066,0.575212711059231,0.6344378715927131,0.6527726627344439,0.5455763570781735,0.592071525583034,0.5455763570781735,train,2,74.0,28.0,26.0,0.74,-8.722733726555617
KXBTC15M-26MAY010915-15,heartbeat:3807,live_heartbeat_two_side,heartbeat:3807:yes,2026-05-01 13:02:12.398000+00:00,2026-05-01 13:02:00+00:00,yes,yes,True,True,1,87.0,86.0,86.5,0.865,13.5,73.0,1.0,78121.34,77951.26,767.602,,3807,True,False,synced,bid>=98,last_decisive_quote,1.0,170.08000000000175,6.138824226502265,47.5511279890758,,,343.14458842000187,0.4956511212463807,0.6899297108508462,200.4487332709763,0.8484962574948247,0.8019191720809071,213.38339022657075,0.7970629757986814,0.7872927711926687,171.4184420186637,0.9921919601945964,0.8394480531634569,78034.74,86.59999999999127,1.443333333333188,0.0,1277.9855533332234,0.9999999999088895,0.99999999894531,0.9999999999999551,77990.1,131.2399999999907,0.7291111111110594,0.0,729.7471471110731,0.999863981121098,0.999686764585139,0.9999896456716112,77974.16,147.17999999999302,0.4905999999999767,0.0,546.6655411999839,0.996806369253152,0.9947948396611528,0.9992863453239876,77995.32,126.01999999998952,0.2100333333333158,0.0,331.30200673332166,0.950814385805442,0.9397422924184484,0.9733639868325544,78028.02,93.31999999999243,0.1036888888888804,0.0,249.67179848888415,0.8935378135458186,0.8790119923967865,0.9273734501508738,77808.48,312.8600000000006,0.1738111111111114,0.0,303.4977565111131,0.934998703952324,0.9225321515969372,0.9616787398534358,77435.79,685.5500000000029,0.1904305555555563,0.0,316.2548753055579,0.94268668770984,0.9308427520459508,0.967476074961414,0.0630808279190928,True,0.8334595860404536,0.8879085137780197,0.8019191720809071,heartbeat:3807,two_side_all_heartbeats,0.8261463855963344,0.8019191720809071,0.8724370254749025,0.06308082791909286,0.07770722880733127,2026-05-01 13:15:00+00:00,0.39616165583818574,0.6038383441618143,0.42541445761466257,0.5745855423853374,0.3211038936730861,0.6788961063269139,0.5745855423853374,0.42541445761466257,0.0,0.7424949237051792,0.7234806025504693,0.7969974618525897,0.8101780987779048,0.7659595860404536,0.7344191720809071,0.8463208598910841,0.7035189810871294,0.7997095860404535,0.8258257516242721,0.773593420456635,0.8004461147206047,0.7344191720809071,0.7737863273417983,0.7471265399629918,0.8080373903746694,0.8060141423458516,0.7344191720809071,0.7903700159859957,0.7344191720809071,train,1,88.0,13.0,12.0,0.88,-7.39858576541485
KXBTC15M-26MAY010930-30,heartbeat:3947,live_heartbeat_two_side,heartbeat:3947:no,2026-05-01 13:27:14.552000+00:00,2026-05-01 13:27:00+00:00,no,no,True,True,1,77.0,76.0,76.5,0.765,23.5,53.0,1.0,78304.04,78335.09,165.448,,3947,False,False,synced,bid>=98,last_decisive_quote,-1.0,31.05000000000291,2.413964303671164,18.6984870929152,,,23.591893768753447,1.3161300362045305,0.9059347994035616,47.631027043613095,0.651886006396044,0.742762643555722,81.46768161173453,0.3811327312342529,0.6484476194573062,80.76584119426686,0.384444705099004,0.6496755641875327,78313.58,9.540000000008147,0.1590000000001358,0.0,57.356232000025386,0.8857395946729372,0.7592950187771704,0.7611958582771576,78330.94,26.90000000000873,0.1494444444444929,0.0,55.77528444445538,0.8791978762358865,0.7532115384598881,0.7550852784530199,78333.05,29.010000000009317,0.096700000000031,0.0,47.04882160000805,0.8383690043102876,0.7182042514509757,0.7198963643193348,78366.55,62.51000000000931,0.1041833333333488,0.0,48.286924133338815,0.8446538327006932,0.7233132575031622,0.725034391270656,78350.0,45.9600000000064,0.0510666666666737,0.0,39.49887786667075,0.7965235614798761,0.6861054561940482,0.6875983549310944,77974.16,-329.8799999999901,-0.1832666666666611,329.8799999999901,0.7288965333371529,0.5061047664544921,0.5035693143574324,0.5036003302092391,77796.01,-508.0299999999989,-0.1411194444444441,508.0299999999989,7.702070155558516,0.5642300479091592,0.5376604585935947,0.5379867345253077,0.022237356444278,True,0.753881321777861,0.7820438826220032,0.742762643555722,heartbeat:3947,two_side_all_heartbeats,0.7067238097286531,0.742762643555722,0.7730025939287741,0.022237356444278045,0.11655238054269379,2026-05-01 13:30:00+00:00,0.5144747128885561,0.48552528711144394,0.7031047610853876,0.29689523891461245,0.7006488716249346,0.2993511283750654,0.29689523891461245,0.7031047610853876,0.0,0.6655914366224385,0.5429819052944981,0.7035457183112194,0.7108826187422481,0.636381321777861,0.625262643555722,0.7450551226399185,0.5693621875424727,0.695131321777861,0.7230787930667166,0.6671838504890053,0.711008429037148,0.625262643555722,0.6803547729167723,0.6497011167963964,0.69975224577368,0.7145401924730613,0.625262643555722,0.6851588830978202,0.625262643555722,train,2,79.0,23.0,21.0,0.79,-7.545980752693865
KXBTC15M-26MAY010945-45,heartbeat:4003,live_heartbeat_two_side,heartbeat:4003:yes,2026-05-01 13:33:30.063000+00:00,2026-05-01 13:33:00+00:00,yes,no,True,False,1,74.0,73.0,73.5,0.735,26.5,47.0,1.0,78345.13,78291.38,689.937,,4003,True,False,synced,bid>=98,last_decisive_quote,1.0,53.75,2.0463209503796387,15.85073392363135,,,108.02883306368112,0.4975523522346604,0.6906002027057095,102.17704071722969,0.5260477267955987,0.700572476625084,117.59372578047,0.4570822094738563,0.6761940214863753,162.69361264196485,0.3303756006591732,0.6294419123265604,78285.0,60.13000000000466,1.0021666666667444,0.0,745.1818635000536,0.9999999999998486,0.9999999998827972,0.9999976782010004,78282.27,62.86000000000058,0.3492222222222254,0.0,294.69133233333554,0.9980374838593408,0.9938949327297776,0.9649548752374004,78315.49,29.639999999999414,0.098799999999998,0.0,121.91577559999864,0.8836008908580278,0.8500747605980246,0.7731792994046103,78319.05,26.080000000001743,0.0434666666666695,0.0,83.73926160000201,0.7937638458197374,0.7618005986964727,0.6966205086946786,78346.56,-1.429999999993015,-0.0015888888888811,1.429999999993015,52.65376676667202,0.6968349253979685,0.6728367931760103,0.6268937826836597,78128.83,216.3000000000029,0.1201666666666682,0.0,136.65742950000111,0.909463295090897,0.8774056169717341,0.7995368374717937,77871.49,473.6399999999994,0.1315666666666665,0.0,144.52271129999988,0.9213827878009564,0.8904641325658034,0.8128135645269359,0.0344275233749159,True,0.717786238312542,0.7730577891610372,0.700572476625084,heartbeat:4003,two_side_all_heartbeats,0.7055970107431877,0.700572476625084,0.7543919211591308,0.03442752337491595,0.05880597851362468,2026-05-01 13:45:00+00:00,0.5988550467498319,0.4011449532501681,0.6476119570272494,0.3523880429727506,0.7411161753468791,0.2588838246531209,0.3523880429727506,0.6476119570272494,0.028599999999860303,0.6107442196126093,0.5790522279322878,0.6596221098063046,0.6744821988921075,0.585286238312542,0.568072476625084,0.7195764164841545,0.4837850423359988,0.651536238312542,0.6849217429875252,0.6181507336375588,0.6678816510833894,0.568072476625084,0.6319008296387898,0.5959200081941903,0.6563489746200811,0.6714430691894584,0.568072476625084,0.6438244465546192,0.568072476625084,train,2,76.0,-74.0,-76.0,0.76,-8.855693081054156
KXBTC15M-26MAY011000-00,heartbeat:4212,live_heartbeat_two_side,heartbeat:4212:yes,2026-05-01 13:49:01.107000+00:00,2026-05-01 13:49:00+00:00,yes,yes,True,True,1,83.0,82.0,82.5,0.825,17.5,65.0,1.0,78370.2,78204.2,658.893,,4212,True,False,synced,bid>=98,last_decisive_quote,1.0,166.0,6.466966946237706,50.09291056650495,,,220.99098485443616,0.7511618635001875,0.773722375737137,243.82187121334357,0.680824895543314,0.7520088523641282,192.51267022704403,0.8622809075590935,0.8057335217668598,177.60782374954255,0.934643511166988,0.8250139762453368,78293.0,77.19999999999709,1.2866666666666182,0.0,1013.775659999968,0.9999839374150918,0.9999999302936228,0.9999999942825766,78209.16,161.0399999999936,0.8946666666666311,0.0,755.4896039999766,0.9990275865857968,0.9999565202390696,0.9999894864413376,78140.68,229.52000000000407,0.7650666666666802,0.0,670.0970712000089,0.997004794827463,0.9997500356860418,0.9999193204469292,78314.2,56.0,0.0933333333333333,0.0,227.49668,0.8246015291215792,0.8813422161692223,0.8998844351986997,78464.28,-94.08000000000176,-0.1045333333333352,94.08000000000176,97.12371839999872,0.6548097785234936,0.6930469327385776,0.7077569391394826,78275.13,95.06999999999243,0.0528166666666624,0.0,200.80053194999724,0.7949035524984573,0.8515376619995116,0.870884849761733,78008.35,361.84999999999127,0.1005138888888864,0.0,232.22789779166507,0.8295653408734038,0.8861489447126509,0.9044839383309572,0.0729911476358717,True,0.7885044261820641,0.8580045490638636,0.7520088523641282,heartbeat:4212,two_side_all_heartbeats,0.8153667608834299,0.7520088523641282,0.837503614674731,0.07299114763587178,0.019266478233140205,2026-05-01 14:00:00+00:00,0.49598229527174365,0.5040177047282564,0.3885329564662805,0.6114670435337195,0.3499720475093264,0.6500279524906736,0.5040177047282564,0.49598229527174365,1.0,0.6776115080733666,0.7474535782969176,0.7425557540366833,0.7597562335194296,0.701004426182064,0.6645088523641282,0.7554053851475566,0.40371818421100264,0.744754426182064,0.7768526557092383,0.7126561966548897,0.747172568242752,0.6645088523641282,0.7143678573248397,0.6815631464069272,0.7534364715018561,0.7529612134648003,0.6645088523641282,0.7099571187558424,0.6645088523641282,train,1,84.0,17.0,16.0,0.84,-8.703878653519979
KXBTC15M-26MAY011015-15,heartbeat:4329,live_heartbeat_two_side,heartbeat:4329:no,2026-05-01 14:10:02.639000+00:00,2026-05-01 14:10:00+00:00,no,yes,True,False,1,76.0,75.0,75.5,0.755,24.5,51.0,1.0,78657.0,78727.48,297.361,,4329,False,False,synced,bid>=98,last_decisive_quote,-1.0,70.47999999999593,4.0871811913137215,31.659169373780465,,,100.96569038619737,0.6980589121948994,0.7574298238881956,105.58990747210824,0.6674880363789819,0.7477697755147513,166.48136132808827,0.4233506948630695,0.663980293847893,145.6784539789723,0.4838052441864137,0.6857379535257013,78716.97,59.97000000000117,0.9995000000000194,0.0,367.6923195000017,0.9997514067645886,0.9863990936882696,0.9941985924281478,78693.61,36.61000000000058,0.2033888888888921,0.0,130.95992338888578,0.892562103054859,0.7842519675633394,0.8156645163729828,78695.99,38.99000000000524,0.1299666666666841,0.0,109.12701796666778,0.8493146793958906,0.7439241294274681,0.7731000598700155,78754.46,97.4600000000064,0.162433333333344,0.0,118.78133843333242,0.8696908191218036,0.7622260103048171,0.7925687373075386,78787.75,130.75,0.1452777777777777,0.0,113.6799452777737,0.8591744150909135,0.7526456687039413,0.7824070778923009,78220.02,-436.9799999999959,-0.2427666666666644,436.9799999999959,-1.709338766670072,0.4935420180015908,0.4959039527381261,0.4953190616767498,78201.52,-455.4799999999959,-0.1265222222222211,455.4799999999959,32.857225477774044,0.6221672359031342,0.5782281757979438,0.5892228156889667,0.0072302244852486,True,0.7513848877573757,0.7840281516368807,0.7477697755147513,heartbeat:4329,two_side_all_heartbeats,0.7094901469239465,0.7477697755147513,0.7716938685336034,0.007230224485248682,0.09101970615210697,2026-05-01 14:15:00+00:00,0.5044604489704974,0.49553955102950265,0.6720394123042142,0.32796058769578584,0.6285240929485973,0.37147590705140265,0.32796058769578584,0.6720394123042142,0.0,0.6721007081691768,0.5631743820022608,0.7013003540845884,0.7107318220241775,0.6288848877573756,0.6252697755147514,0.7457478236365538,0.5804710189690917,0.6901348877573756,0.7160809326544254,0.664188842860326,0.7093465170098342,0.6252697755147514,0.6795842845615058,0.6498220521131772,0.6939641786828425,0.712603646542783,0.6252697755147514,0.6855087995756526,0.6252697755147514,train,2,78.0,-76.0,-78.0,0.78,-6.739635345721709
KXBTC15M-26MAY011030-30,heartbeat:4402,live_heartbeat_two_side,heartbeat:4402:no,2026-05-01 14:16:03.091000+00:00,2026-05-01 14:16:00+00:00,no,no,True,True,1,74.0,73.0,73.5,0.735,26.5,47.0,1.0,78624.78,78757.7,836.909,,4402,True,False,synced,bid>=98,last_decisive_quote,-1.0,132.91999999999825,4.594637083779388,35.58990581468916,,,345.8162951398229,0.3843659245330099,0.649646373665007,235.77838088057635,0.5637497361020699,0.7135377681254603,291.2120302421343,0.4564371873286936,0.6759621852158965,254.70379067479007,0.5218610985248848,0.6991164772435374,78683.86,59.08000000000175,0.9846666666666958,0.0,956.996395333356,0.9999753457863556,0.999492351054037,0.9999141188234124,78772.0,147.22000000000116,0.8178888888888953,0.0,817.4185721111147,0.9997367449222208,0.9974993754984832,0.999334686172044,78657.5,32.720000000001164,0.1090666666666705,0.0,224.1988749333348,0.8291694280755325,0.7793150280821799,0.8106336554277014,78646.58,21.80000000000291,0.0363333333333381,0.0,163.32769366666898,0.7557564171160687,0.7125517708724627,0.7393184473707227,78720.0,95.22000000000116,0.1058000000000013,0.0,221.46497219999932,0.8262098227627503,0.7765202925204848,0.8077131740951962,78209.16,-415.61999999999534,-0.2308999999999974,415.61999999999534,-60.32228809999958,0.3990359695117025,0.4179494197257122,0.4063931362726469,78395.4,-229.38000000000463,-0.0637166666666679,229.38000000000463,79.59494821666384,0.6321615523583568,0.6076975348859658,0.6226697388026186,0.0214622318745396,True,0.7242688840627302,0.7592357320669976,0.7135377681254603,heartbeat:4402,two_side_all_heartbeats,0.7054810926079482,0.7135377681254603,0.7473952160527446,0.02146223187453966,0.059037814784103526,2026-05-01 14:30:00+00:00,0.5729244637490793,0.42707553625092065,0.6480756295682071,0.3519243704317929,0.6017670455129251,0.39823295448707485,0.3519243704317929,0.6480756295682071,0.0,0.6275990985630984,0.5787508407806653,0.6680495492815492,0.6774664920891024,0.5917688840627302,0.5810377681254604,0.7166027696778365,0.5099924790584739,0.6580188840627301,0.6888113304376381,0.6272264376878223,0.6765251787503068,0.5810377681254604,0.6424822131525565,0.6084392475548062,0.6623060678353414,0.6798903861520272,0.5810377681254604,0.6488202689016485,0.5810377681254604,train,2,76.0,26.0,24.0,0.76,-8.01096138479727
KXBTC15M-26MAY011045-45,heartbeat:4502,live_heartbeat_two_side,heartbeat:4502:no,2026-05-01 14:31:04.282000+00:00,2026-05-01 14:31:00+00:00,no,no,True,True,1,70.0,69.0,69.5,0.695,30.5,39.0,1.0,78175.06,78279.42,835.718,,4502,True,False,synced,bid>=98,last_decisive_quote,-1.0,104.36000000000058,3.6099749832240886,27.96274598050459,,,226.25953828227853,0.4612402234720481,0.6776868668559811,192.80206324832596,0.5412805145429724,0.7058428755052895,215.5062794218013,0.4842550308974578,0.6858975569863849,271.61641684862127,0.384218307607537,0.6495916748619297,78280.04,104.97999999999593,1.7496666666665988,0.0,1566.587927333277,0.9999999999999998,0.9999999999998194,0.9999999959807298,78285.42,110.36000000000058,0.6131111111111144,0.0,616.7479915555589,0.9993101539267396,0.9978941605597385,0.9884161554856004,78333.26,158.1999999999971,0.5273333333333237,0.0,545.0619586666592,0.9976510841005968,0.9942841196977474,0.977611014909702,78506.64,331.58000000000175,0.5526333333333362,0.0,566.2056240666695,0.9983414813408024,0.9956970797738652,0.9814461912567156,78624.78,449.7200000000012,0.4996888888888902,0.0,521.9589988444461,0.9966076101451272,0.9922825996802088,0.9726767883169742,78720.0,544.9400000000023,0.3027444444444457,0.0,357.3689816222239,0.9680984830747492,0.9513691569579869,0.9058646390950652,78278.32,103.26000000000931,0.0286833333333359,0.0,128.3311779666694,0.7471701195856553,0.7242409915731955,0.6817050730371852,-0.0108428755052895,True,0.7004214377526448,0.7994979865352955,0.695,heartbeat:4502,two_side_all_heartbeats,0.6904487784931924,0.695,0.7587830794717062,0.010842875505289506,0.00910244301361507,2026-05-01 14:45:00+00:00,0.5883142489894211,0.4116857510105789,0.6282048860272302,0.37179511397276976,0.7008166502761406,0.2991833497238594,0.37179511397276976,0.6282048860272302,0.0,0.6175957381568762,0.5916668240823003,0.641047869078438,0.6713129774884978,0.5479214377526447,0.5533428755052895,0.7304516545727641,0.5114508594206386,0.6241714377526447,0.6525028626515867,0.5958400128537026,0.6513952503368596,0.5533428755052895,0.6166579189653394,0.581920587593819,0.6268889540946329,0.6542307380720563,0.5533428755052895,0.6418972650390268,0.5533428755052895,train,2,72.0,30.0,28.0,0.72,-6.57692619279436
KXBTC15M-26MAY011100-00,heartbeat:4656,live_heartbeat_two_side,heartbeat:4656:yes,2026-05-01 14:49:05.696000+00:00,2026-05-01 14:49:00+00:00,yes,yes,True,True,1,84.0,83.0,83.5,0.835,16.5,67.0,1.0,78345.36,78205.37,654.304,,4656,True,False,synced,bid>=98,last_decisive_quote,1.0,139.99000000000524,5.472770367012459,42.39189697811341,,,155.55701902109067,0.8999272477767472,0.8159205157259773,215.556540941688,0.6494351755156208,0.7419714330162591,198.42803046149712,0.7054950839073557,0.7597489048768566,231.03739488615372,0.6059192282227164,0.7277158047959071,78264.45,80.91000000000349,1.3485000000000582,0.0,1022.3189440000432,0.9999989455320432,0.9999998711998836,0.9999951758039876,78181.37,163.99000000000524,0.9110555555555848,0.0,736.0972942222465,0.9996809362306724,0.999896224437871,0.999278858155412,78211.51,133.85000000000582,0.4461666666666861,0.0,431.9186346666846,0.977450884181033,0.9852485849533856,0.9692216209434544,78183.92,161.44000000000233,0.2690666666666705,0.0,316.04139626667444,0.9286982917793688,0.944389114717576,0.9143319305092968,78283.92,61.44000000000233,0.0682666666666692,0.0,184.6571530666736,0.8041816516202802,0.8239697791495819,0.7879279139660132,78542.0,-196.63999999999945,-0.1092444444444441,196.63999999999945,68.51092302222767,0.6246940874560412,0.6350536890634612,0.6165896406416138,78370.2,-24.839999999996508,-0.006899999999999,24.839999999996508,135.4753024000059,0.7351587634989409,0.7526152995121571,0.7211893201500225,0.0930285669837408,True,0.7884857165081296,0.8514741057324308,0.7419714330162591,heartbeat:4656,two_side_all_heartbeats,0.7973744524384283,0.7419714330162591,0.8355816067410843,0.09302856698374085,0.07525109512314332,2026-05-01 15:00:00+00:00,0.5160571339674818,0.48394286603251824,0.4805021902462867,0.5194978097537133,0.5445683904081857,0.4554316095918143,0.48394286603251824,0.5160571339674818,0.0,0.6645628629211368,0.6876735763399136,0.7415314314605684,0.7557765198786717,0.7059857165081296,0.6594714330162592,0.8004758933443362,0.5816879544506215,0.7472357165081296,0.7823414299048776,0.7121300031113814,0.7454809553441728,0.6594714330162592,0.7096298581571759,0.673778760970179,0.75790226726314,0.7526672760966439,0.6594714330162592,0.7299736631802978,0.6594714330162592,train,1,85.0,16.0,15.0,0.85,-9.733272390335614
KXBTC15M-26MAY011115-15,heartbeat:4768,live_heartbeat_two_side,heartbeat:4768:no,2026-05-01 15:06:07.244000+00:00,2026-05-01 15:06:00+00:00,no,yes,True,False,1,71.0,69.0,70.0,0.7,30.0,40.0,2.0,78259.98,78334.21,532.756,,4768,False,False,synced,bid>=98,latest_quote,-1.0,74.23000000001048,3.2159944144436463,24.910985617272637,,,75.31014819370584,0.9856573354374883,0.8378493538444676,134.96021077751175,0.5500139602062576,0.7088451007602246,166.75247967533664,0.4451508016224684,0.671894610944525,168.8587110162949,0.4395982863617102,0.6698859589647943,78268.24,8.260000000009313,0.1376666666668219,0.0,147.57274266675984,0.8629026778898393,0.8119165062634297,0.8089251169016465,78264.2,4.220000000001164,0.0234444444444509,0.0,86.72016844445837,0.7397455030664806,0.6984867682599244,0.6962224287782797,78300.82,40.84000000001106,0.1361333333333702,0.0,146.75585013336342,0.8615701557794289,0.8105925460350449,0.8076049871380558,78380.84,120.86000000000058,0.2014333333333343,0.0,181.54481693334432,0.9107152957956368,0.8618587406902452,0.8588414050090287,78358.13,98.15000000000872,0.1090555555555652,0.0,132.3300015555712,0.8365830841736132,0.7862775110359899,0.7833839761054783,78254.82,-5.1599999999889405,-0.0028666666666605,5.1599999999889405,72.70276613334708,0.7049522976073668,0.6685787744171106,0.6666035938778576,78646.58,386.6000000000058,0.1073888888888905,0.0,131.4420748889002,0.8349548607800468,0.7847237614507223,0.7818376634245391,-0.0088451007602246,True,0.7044225503801123,0.7568050855132178,0.7,heartbeat:4768,two_side_all_heartbeats,0.6859473054722625,0.7,0.734967561383953,0.0088451007602246,0.028105389055474994,2026-05-01 15:15:00+00:00,0.5823097984795509,0.4176902015204491,0.6562107781109501,0.3437892218890499,0.6602280820704114,0.3397719179295886,0.3437892218890499,0.6562107781109501,0.0,0.621498630988292,0.5734629942278824,0.6457493154941459,0.6619063310720888,0.5544225503801122,0.5588451007602245,0.706736581535998,0.503847217098392,0.6294225503801123,0.6576535302280673,0.6011915705321571,0.6558967338401497,0.5588451007602245,0.6215363313287439,0.587175928817338,0.6322512884739954,0.6587776854029626,0.5588451007602245,0.6327908411481113,0.5588451007602245,train,2,73.0,-71.0,-73.0,0.73,-7.122231459703741
KXBTC15M-26MAY011130-30,heartbeat:4880,live_heartbeat_two_side,heartbeat:4880:yes,2026-05-01 15:23:23.858000+00:00,2026-05-01 15:23:00+00:00,yes,yes,True,True,1,72.0,71.0,71.5,0.715,28.5,43.0,1.0,78501.69,78454.83,396.142,,4880,False,False,synced,bid>=98,last_decisive_quote,1.0,46.86000000000058,2.3543815150289977,18.23696079665179,,,36.43088296122538,1.2862713223249425,0.9008258063627512,93.49205295659928,0.5012190717616807,0.6918915232882175,104.88298890968704,0.4467836060655263,0.6724843453863487,130.81538178575485,0.3582147554845374,0.6399086971651098,78488.35,13.339999999996508,0.2223333333332751,0.0,134.93557133331086,0.9255297381438428,0.9008716862455376,0.8488459091524436,78471.82,29.869999999995343,0.1659444444444185,0.0,112.59756411110143,0.8857736830175902,0.8584887133490322,0.8053083867591029,78450.62,51.070000000006985,0.1702333333333566,0.0,114.29657313334312,0.8892458285507467,0.8620890634886027,0.8088657830246145,78436.94,64.75,0.1079166666666666,0.0,89.61032416666725,0.8310897791733661,0.803553809019985,0.7533323511209912,78211.04,290.6500000000088,0.3229444444444541,0.0,174.79185811111552,0.9692296502718768,0.9521971994271728,0.9092534793698028,78440.01,61.68000000000757,0.0342666666666708,0.0,60.43446586666892,0.7409939947318314,0.71776285731706,0.6779531985833405,78434.0,67.69000000000233,0.0188027777777784,0.0,54.308569994445286,0.7193426005077241,0.6977016175374894,0.660985529302674,0.0231084767117825,True,0.7034457616441088,0.7653791172796547,0.6918915232882175,heartbeat:4880,two_side_all_heartbeats,0.6937421726931743,0.6918915232882175,0.7429166226966146,0.02310847671178251,0.042515654613651255,2026-05-01 15:30:00+00:00,0.6162169534235651,0.3837830465764349,0.6550313092273028,0.3449686907726972,0.7201826056697804,0.27981739433021957,0.3449686907726972,0.6550313092273028,0.0,0.5994589802746826,0.5742296490022533,0.6429794901373413,0.660404072992416,0.5609457616441087,0.5493915232882175,0.709794927354258,0.47270762943150957,0.6321957616441087,0.6653174569864652,0.5990740663017522,0.6520943488588117,0.5493915232882175,0.6154783159198502,0.5788622829808887,0.6362218069665143,0.6552794532263336,0.5493915232882175,0.6295932253212377,0.5493915232882175,train,2,74.0,28.0,26.0,0.74,-8.472054677366643
KXBTC15M-26MAY011145-45,heartbeat:5013,live_heartbeat_two_side,heartbeat:5013:yes,2026-05-01 15:38:24.931000+00:00,2026-05-01 15:38:00+00:00,yes,yes,True,True,1,95.0,94.0,94.5,0.945,5.5,89.0,1.0,78701.58,78531.35,395.069,,5013,False,False,synced,bid>=98,last_decisive_quote,1.0,170.22999999999593,8.56445284635264,66.33996648660498,,,173.38026708321084,0.981830302051023,0.8369082714408913,147.0690798438567,1.1574832737155163,0.8764625154449189,121.38866386420048,1.402355002361959,0.9195953683388696,124.26578684795764,1.3698863083551445,0.9146388028387272,78576.02,125.55999999999769,2.092666666666628,0.0,996.977727333314,0.9999999999939484,1.0,0.9999999999999996,78588.07,113.50999999999476,0.630611111111082,0.0,419.36490105554,0.9978242056253284,0.9997245765953976,0.9996305746412316,78553.12,148.4600000000064,0.494866666666688,0.0,365.7364791333377,0.9935557350768668,0.9987063397756876,0.9983756984273996,78546.56,155.02000000000407,0.2583666666666734,0.0,272.3026606333319,0.9679532538751588,0.9875589982165768,0.985784676179356,78501.69,199.88999999999945,0.2220999999999993,0.0,257.97482489999567,0.9602938676095688,0.9832149110791046,0.9810526714927608,78211.04,490.54000000000815,0.2725222222222268,0.0,277.89508181110887,0.9705912346296922,0.9889690394032457,0.9873338057840992,78050.68,650.9000000000087,0.1808055555555579,0.0,241.66067002777464,0.9498269403108456,0.9767486137705794,0.9740949340298664,0.068537484555081,True,0.9107312577224594,0.9383394168405953,0.8764625154449189,heartbeat:5013,two_side_all_heartbeats,0.9322976841694348,0.8764625154449189,0.934149901648849,0.06853748455508102,0.025404631661130384,2026-05-01 15:45:00+00:00,0.24707496911016213,0.7529250308898379,0.16080926332226086,0.8391907366777391,0.17072239432254577,0.8292776056774542,0.7529250308898379,0.24707496911016213,0.0,0.8394012700783946,0.8954739788405304,0.8894506350391973,0.8943062085468839,0.8832312577224595,0.848962515444919,0.914942404737833,0.8522806043975245,0.8969812577224594,0.9161887546334757,0.8777737608114432,0.8901416769632794,0.848962515444919,0.8699503454701158,0.8497590139769524,0.9076413013893684,0.8981249994161202,0.848962515444919,0.881952460091376,0.848962515444919,train,1,96.0,5.0,4.0,0.96,-6.1875000583879824
KXBTC15M-26MAY011215-15,heartbeat:5187,live_heartbeat_two_side,heartbeat:5187:yes,2026-05-01 16:06:12.544000+00:00,2026-05-01 16:06:00+00:00,yes,no,True,False,1,93.0,93.0,93.0,0.93,7.0,86.0,0.0,78658.0,78458.78,527.456,,5187,True,False,synced,bid>=98,latest_quote,1.0,199.2200000000012,8.674407440614807,67.1916711114377,,,169.2291331464004,1.1772204720073558,0.8804462402,178.23345711612748,1.117747493783953,0.8681625738794538,200.56043406767031,0.9933165578051308,0.8397221445361513,167.0897014437714,1.1922937097774526,0.8834269499521323,78646.01,11.99000000000524,0.1998333333334206,0.0,304.6232906667139,0.9562861184761292,0.9356011741328554,0.9658568083191784,78608.01,49.99000000000524,0.2777222222222513,0.0,345.706252444461,0.9737874223298506,0.9576190970604666,0.9807262996009292,78535.08,122.91999999999824,0.4097333333333275,0.0,415.3363050666648,0.9901046836622486,0.9808149273845692,0.9935353103363014,78383.99,274.0099999999948,0.4566833333333246,0.0,440.1003642666632,0.9932298945617076,0.9858949743669876,0.9957796910414662,78448.01,209.99000000000524,0.233322222222228,0.0,322.2872060444487,0.9647146975364282,0.9459654810512664,0.9731238577881623,78528.16,129.8399999999965,0.0721333333333314,0.0,237.2671594666668,0.9084409609439956,0.8815995423349117,0.9221959707914712,78259.98,398.0200000000041,0.1105611111111122,0.0,257.536121422224,0.9257622124699688,0.9004434354097868,0.9383786621307624,0.0618374261205462,True,0.8990812869397269,0.9294224191805674,0.8681625738794538,heartbeat:5187,two_side_all_heartbeats,0.8848610722680756,0.8681625738794538,0.9234697088962859,0.06183742612054621,0.0902778554638487,2026-05-01 16:15:00+00:00,0.26367485224109233,0.7363251477589077,0.3205557109276973,0.6794442890723027,0.23314610009573533,0.7668538999042647,0.6794442890723027,0.3205557109276973,0.0,0.8286113460432899,0.7916387878969967,0.8758056730216451,0.8818161413878699,0.864081286939727,0.8331625738794538,0.9041022236721766,0.8353356161251325,0.8815812869397269,0.9009487721638362,0.8622138017156177,0.8771083825863025,0.8331625738794538,0.8570900893087455,0.8370717960311884,0.8906550019695407,0.8835585766612123,0.8331625738794538,0.8686323987758152,0.8331625738794538,train,1,94.0,-93.0,-94.0,0.94,-5.644142333878776
KXBTC15M-26MAY011230-30,heartbeat:5251,live_heartbeat_two_side,heartbeat:5251:no,2026-05-01 16:19:43.788000+00:00,2026-05-01 16:19:00+00:00,no,no,True,True,1,75.0,74.0,74.5,0.745,25.5,49.0,1.0,78345.26,78405.45,616.212,,5251,False,False,synced,bid>=98,last_decisive_quote,-1.0,60.19000000000233,2.424707007583557,18.781699719607083,,,46.168692934439534,1.3036972930005477,0.9038315936156996,114.14696953431054,0.5273026541621001,0.7010082842923241,202.5609120653909,0.2971451865331833,0.616822166219734,176.94609093879882,0.3401601000658473,0.6331320180194637,78372.69,27.430000000007567,0.4571666666667928,0.0,341.90158600008004,0.9986290133035262,0.9542843234301248,0.9733348008457988,78375.92,30.66000000000349,0.1703333333333527,0.0,165.1514440000143,0.9260279547390085,0.7925546853689134,0.8246786208373411,78391.64,46.38000000000466,0.1546000000000155,0.0,155.4563752000119,0.9133847479135864,0.7785944666948909,0.8101779350914879,78537.42,192.1600000000035,0.3202666666666725,0.0,257.5421632000059,0.9879719795689088,0.8982122675048889,0.9272323096582062,78576.0,230.74000000000524,0.2563777777777836,0.0,218.1730632000059,0.972019208432124,0.8592763647111559,0.891210571401668,78648.11,302.8500000000058,0.1682500000000032,0.0,163.8676690000043,0.9244397569376158,0.7907365929406558,0.8227999009009455,78441.66,96.40000000000872,0.0267777777777802,0.0,76.69078800000382,0.7491636004686865,0.6475097877889935,0.6676427275598805,0.0439917157076759,True,0.723004142146162,0.7864643440686369,0.7010082842923241,heartbeat:5251,two_side_all_heartbeats,0.680911083109867,0.7010082842923241,0.7654794348704145,0.043991715707675905,0.12817783378026604,2026-05-01 16:30:00+00:00,0.5979834314153518,0.4020165685846482,0.7663556675605321,0.23364433243946792,0.7337359639610725,0.26626403603892745,0.23364433243946792,0.7663556675605321,0.0,0.6113107695800213,0.5018688160856541,0.6654053847900107,0.6822438595813693,0.595504142146162,0.573508284292324,0.7311810917288792,0.49335504337600683,0.659254142146162,0.6935524852876972,0.6249557990046268,0.673172189528216,0.573508284292324,0.6368094607438368,0.6004467319594577,0.6646643165937881,0.6770252998158126,0.573508284292324,0.6523446880106016,0.573508284292324,train,2,77.0,25.0,23.0,0.77,-9.297470018418736
KXBTC15M-26MAY011245-45,heartbeat:5373,live_heartbeat_two_side,heartbeat:5373:no,2026-05-01 16:34:29.928000+00:00,2026-05-01 16:34:00+00:00,no,no,True,True,1,84.0,83.0,83.5,0.835,16.5,67.0,1.0,78208.81,78343.02,630.072,,5373,True,False,synced,bid>=98,last_decisive_quote,-1.0,134.2100000000064,5.346748868847984,41.41573865080316,,,104.7571745017116,1.2811533017990435,0.8999300875388475,205.7487925616511,0.6523003043130441,0.7428962681111554,164.16920291038602,0.8175102127605915,0.7931815423168371,192.48000763617952,0.6972672208829422,0.7571822111132949,78285.95,77.13999999999942,1.285666666666657,0.0,944.2725680000004,0.9999977778593088,0.9999999955857486,0.9999995348145608,78306.19,97.38000000000466,0.5410000000000259,0.0,475.0789520000228,0.989528882266404,0.998097173097581,0.993210258783102,78370.11,161.3000000000029,0.5376666666666764,0.0,472.9787120000125,0.9892423182737402,0.9980181990510976,0.9930004693301544,78273.1,64.29000000000815,0.1071500000000135,0.0,201.72221480001497,0.8365629577918117,0.890416431447503,0.852684486629528,78345.26,136.4499999999971,0.1516111111111078,0.0,229.73591600000435,0.8679139924632787,0.9191512150630944,0.8836744050350656,78576.0,367.1900000000023,0.2039944444444457,0.0,262.7411876000072,0.899198858780203,0.945248300205846,0.9138783549603718,78556.96,348.1500000000088,0.0967083333333357,0.0,195.14321300000796,0.8285507452957253,0.8827154725203621,0.8446695573684906,0.0921037318888445,True,0.7889481340555777,0.8557128621282986,0.7428962681111554,heartbeat:5373,two_side_all_heartbeats,0.8140907711584185,0.7428962681111554,0.8382173440880947,0.09210373188884458,0.041818457683162835,2026-05-01 16:45:00+00:00,0.5142074637776892,0.4857925362223108,0.41363691536632574,0.5863630846336743,0.48563557777341027,0.5143644222265897,0.4857925362223108,0.5142074637776892,0.0,0.665765148544502,0.7311360050118882,0.742132574272251,0.757556806099625,0.7064481340555777,0.6603962681111555,0.8032965977103257,0.5847167680496848,0.7476981340555777,0.7826188804333465,0.7127773876778087,0.7460975120741037,0.6603962681111555,0.7104387081832443,0.674779904292385,0.7582801384234346,0.7532226869938651,0.6603962681111555,0.7318464329107406,0.6603962681111555,train,1,85.0,16.0,15.0,0.85,-9.677731300613488
KXBTC15M-26MAY011300-00,heartbeat:5445,live_heartbeat_two_side,heartbeat:5445:no,2026-05-01 16:49:01.342000+00:00,2026-05-01 16:49:00+00:00,no,no,True,True,1,80.0,79.0,79.5,0.795,20.5,59.0,1.0,78162.03,78272.34,658.658,,5445,False,False,synced,bid>=98,last_decisive_quote,-1.0,110.30999999999769,4.298182969461133,33.293582119350624,,,106.80150871030636,1.0328505779745858,0.8491630849273468,153.992414547816,0.7163339851765584,0.7631074266876852,181.34790133387176,0.6082783378723017,0.7284985571861851,194.073770996801,0.5683921090079502,0.7151156263123952,78228.09,66.05999999999767,1.1009999999999611,0.0,835.4924579999721,0.999999971110682,0.9999979586274836,0.999991651660324,78233.64,71.61000000000058,0.3978333333333366,0.0,372.3461076666665,0.9921959100559644,0.9799741018371436,0.9724812626464352,78278.16,116.13000000000466,0.3871000000000155,0.0,365.276511800008,0.99115496586962,0.9780073414976712,0.9700923710323874,78251.36,89.33000000000175,0.1488833333333362,0.0,208.37319856666625,0.911994444642358,0.8747270800651195,0.8585170191883602,78208.81,46.77999999999884,0.0519777777777764,0.0,144.5455791555524,0.8260457630265469,0.7872925810734177,0.7718028016890186,78345.26,183.22999999999595,0.1017944444444421,0.0,177.35772518888507,0.8752840352630974,0.8359621257065295,0.8196067815701503,78648.11,486.08000000000175,0.1350222222222227,0.0,199.2434668444424,0.902141808675984,0.8640463513883989,0.8477044730867742,0.0318925733123148,True,0.7790537133438427,0.8497541308524351,0.7631074266876852,heartbeat:5445,two_side_all_heartbeats,0.7617492785930926,0.7631074266876852,0.8246632211802295,0.031892573312314876,0.06650144281381498,2026-05-01 17:00:00+00:00,0.47378514662462967,0.5262148533753703,0.5430028856276299,0.4569971143723701,0.5697687473752095,0.43023125262479045,0.4569971143723701,0.5430028856276299,0.0,0.6920396546939906,0.6470481243420406,0.7332698273469954,0.7528853239339572,0.6765537133438426,0.6606074266876852,0.7977847065177667,0.6253303499623324,0.7278037133438426,0.7546822280063056,0.7009251986813796,0.7395716177917903,0.6606074266876852,0.7109045877582466,0.6822375577247031,0.7331507030075748,0.7433986684066558,0.6606074266876852,0.729196066602726,0.6606074266876852,train,2,82.0,20.0,18.0,0.82,-7.660133159334421
KXBTC15M-26MAY011315-15,heartbeat:5532,live_heartbeat_two_side,heartbeat:5532:no,2026-05-01 17:05:32.696000+00:00,2026-05-01 17:05:00+00:00,no,yes,True,False,1,73.0,72.0,72.5,0.725,27.5,45.0,1.0,78151.07,78225.0,567.304,,5532,False,False,synced,bid>=98,latest_quote,-1.0,73.92999999999302,3.1039361812445536,24.042986275301608,,,206.5565258210162,0.3579165543481994,0.6397971191347569,160.00205834761377,0.4620565557936498,0.6779796181304902,139.60813351715905,0.5295536738259335,0.7017892894305386,149.0669477130157,0.4959516588635285,0.6900357411487724,78260.0,108.92999999999302,1.8154999999998835,0.0,1103.870411999927,0.9999999999973834,0.9999999999999988,0.9999999999999344,78297.2,146.1299999999901,0.8118333333332783,0.0,534.4862973332952,0.9995818561512236,0.9999355302280124,0.9998318127129168,78202.93,51.85999999998603,0.1728666666666201,0.0,171.99795146663325,0.8588066738939848,0.8910264358709413,0.8757151123006353,78296.25,145.17999999999302,0.241966666666655,0.0,211.19865786665304,0.906578255847226,0.9348342864458252,0.921729889931362,78182.59,31.519999999989523,0.0350222222222105,0.0,93.79824675554195,0.7211400220756994,0.7491661543177274,0.7354026234043355,78299.81,148.7399999999907,0.0826333333333281,0.0,120.8082205333234,0.7748880084564382,0.8065733452018443,0.7911532551486895,78646.01,494.9399999999878,0.1374833333333299,0.0,151.92484493332444,0.828821405862799,0.8617517629408895,0.8459393186881446,0.0470203818695097,True,0.701489809065245,0.7539287640081582,0.6779796181304902,heartbeat:5532,two_side_all_heartbeats,0.7133946447152693,0.6779796181304902,0.737655220217944,0.04702038186950974,0.023210710569461335,2026-05-01 17:15:00+00:00,0.6440407637390195,0.35595923626098047,0.5964214211389227,0.4035785788610773,0.6199285177024552,0.38007148229754484,0.35595923626098047,0.6440407637390195,0.0,0.5813735035696372,0.6123260762597003,0.6394367517848186,0.6528174191742171,0.5639898090652451,0.5404796181304902,0.7007511438440421,0.44183990365037895,0.6327398090652451,0.669643885439147,0.595835732691343,0.6478197454203268,0.5404796181304902,0.6086743832583853,0.5695290210964438,0.6378020523674595,0.6514439225721059,0.5404796181304902,0.6206153809872661,0.5404796181304902,train,2,75.0,-73.0,-75.0,0.75,-9.855607742789402
KXBTC15M-26MAY011330-30,heartbeat:5608,live_heartbeat_two_side,heartbeat:5608:no,2026-05-01 17:23:04.395000+00:00,2026-05-01 17:23:00+00:00,no,no,True,True,1,74.0,73.0,73.5,0.735,26.5,47.0,1.0,78241.99,78284.99,415.605,,5608,False,False,synced,bid>=98,latest_quote,-1.0,43.0,2.10925007731285,16.338180844838753,,,81.15275408196857,0.5298649501971028,0.701897215522278,80.46719874233698,0.5343792336761936,0.7034604082875554,108.24883294081089,0.3972329200399958,0.6544021458294713,125.60757567494636,0.3423360395974649,0.6339509917339698,78285.96,43.97000000000117,0.7328333333333528,0.0,347.5691975000081,0.9999921769393548,0.9993382516706836,0.997172162612934,78315.05,73.05999999999767,0.405888888888876,0.0,211.6894516666613,0.9957402232982252,0.9747427829336516,0.9540369532992754,78317.53,75.5399999999936,0.2517999999999786,0.0,147.64933899999113,0.9667398161670512,0.9137132091572806,0.8800988652630531,78261.73,19.739999999990687,0.0328999999999844,0.0,56.67340449999355,0.7593783957793083,0.6997033430897961,0.6740751905552056,78160.39,-81.60000000000582,-0.0906666666666731,81.60000000000582,5.318479999997308,0.52634890668379,0.5195929429487275,0.5168869807241374,78195.42,-46.570000000006985,-0.0258722222222261,46.570000000006985,32.24737508333172,0.6556985670352004,0.6171104243662154,0.6013068314915598,78443.9,201.9099999999889,0.056086111111108,0.0,66.30966820833206,0.7950468020752702,0.7299186744177832,0.7012195759755507,0.0315395917124445,True,0.7192302041437777,0.8017334081515356,0.7034604082875554,heartbeat:5608,two_side_all_heartbeats,0.6947010729147356,0.7034604082875554,0.7718860857196768,0.03153959171244458,0.08059785417052867,2026-05-01 17:30:00+00:00,0.5930791834248892,0.4069208165751108,0.6911957083410574,0.30880429165894263,0.7320980165320603,0.2679019834679397,0.30880429165894263,0.6911957083410574,1.0,0.614498530773822,0.5507227895783127,0.6614992653869111,0.6846732470036162,0.5867302041437776,0.5709604082875555,0.6890781673771879,0.3035947981918159,0.6529802041437778,0.6857881224862665,0.6201722858012888,0.6698069388583704,0.5709604082875555,0.6342713606402846,0.5987357824221986,0.657676206708593,0.6733217152305992,0.5709604082875555,0.6300192878323716,0.5709604082875555,train,2,76.0,26.0,24.0,0.76,-8.667828476940073
KXBTC15M-26MAY011345-45,heartbeat:5669,live_heartbeat_two_side,heartbeat:5669:yes,2026-05-01 17:37:05.581000+00:00,2026-05-01 17:37:00+00:00,yes,yes,True,True,1,88.0,87.0,87.5,0.875,12.5,75.0,1.0,78318.12,78203.71,474.419,,5669,False,False,synced,bid>=98,last_decisive_quote,1.0,114.40999999998894,5.25270424869353,40.68727215548597,,,99.6090615701643,1.1485902808089292,0.8746375166979224,94.1370419544059,1.2153558006996013,0.8878847910226082,85.10315338590492,1.344368515713989,0.910585375182872,109.42680919661966,1.0455390305168766,0.8521130443450481,78237.34,80.77999999999884,1.3463333333333138,0.0,753.1361136666463,0.9999999999999992,1.0,0.9999999999970606,78209.84,108.27999999999884,0.6015555555555491,0.0,399.79938511109697,0.999989167077508,0.9999986852416912,0.9998706944218878,78188.02,130.09999999999127,0.4336666666666375,0.0,320.1497063333085,0.9996641655130992,0.999915686872705,0.9982815734687293,78191.82,126.29999999998836,0.2104999999999806,0.0,214.27519949997972,0.9885831266659136,0.9940959706914814,0.9748943787999332,78285.96,32.15999999998894,0.035733333333321,0.0,131.36257226664978,0.9185583673860848,0.9386535857433566,0.8850197458146991,78148.41,169.70999999999185,0.0942833333333288,0.0,159.13980471665346,0.9545349835074072,0.9692555682136414,0.927068926330304,78262.55,55.56999999999243,0.015436111111109,0.0,121.73318439721017,0.9020201662254924,0.9237016292275672,0.8670302541899286,-0.0128847910226082,True,0.8814423955113041,0.9208496521785691,0.875,heartbeat:5669,two_side_all_heartbeats,0.892792687591436,0.875,0.9037982704094024,0.0128847910226082,0.03558537518287197,2026-05-01 17:45:00+00:00,0.2242304179547836,0.7757695820452164,0.17882924963425584,0.8211707503657442,0.2957739113099038,0.7042260886900962,0.7757695820452164,0.2242304179547836,0.0,0.8542502283293906,0.8837609877377335,0.8583751141646955,0.8708415307160052,0.8189423955113041,0.8253847910226082,0.893875228613924,0.8757359985965263,0.8501923955113041,0.8601154373067824,0.8402693537158257,0.8627565273484055,0.8253847910226082,0.8492843989164182,0.835812270484431,0.8519007719667419,0.8648491298749387,0.8253847910226082,0.8596300098182661,0.8253847910226082,train,1,89.0,12.0,11.0,0.89,-2.515087012506129
KXBTC15M-26MAY011400-00,heartbeat:5768,live_heartbeat_two_side,heartbeat:5768:yes,2026-05-01 17:54:07.105000+00:00,2026-05-01 17:54:00+00:00,yes,yes,True,True,1,74.0,73.0,73.5,0.735,26.5,47.0,1.0,78510.01,78444.4,352.895,,5768,True,False,synced,bid>=98,last_decisive_quote,1.0,65.61000000000058,3.4925874186386903,27.0534658151224,,,53.54763896541579,1.225264106273208,0.8897621361803513,83.5574968053225,0.7852078210631761,0.7838341346850186,90.88117330409608,0.7219317006445767,0.7648317649759411,95.1501730092983,0.6895415733357523,0.7547587396752831,78482.24,27.769999999989523,0.4628333333331587,0.0,228.94156916660563,0.9969273726864454,0.9941177539227464,0.991938245914346,78456.76,53.25,0.2958333333333333,0.0,170.00810416666724,0.9790556492164872,0.969304139459522,0.963009801155632,78418.89,91.11999999999534,0.3037333333333178,0.0,172.79597466666178,0.98067946586179,0.971371228034042,0.9653174420742002,78466.77,43.23999999999069,0.0720666666666511,0.0,91.04196633332845,0.8620492900864622,0.8417724780813989,0.8306719443707071,78464.1,45.90999999998894,0.0510111111110988,0.0,83.6115660555518,0.8415012723307475,0.8212161694231312,0.8102268811453505,78240.98,269.02999999999884,0.1494611111111104,0.0,118.3540788055559,0.9216764616975768,0.9035921845686484,0.8932255842044903,78213.3,296.70999999999185,0.0824194444444421,0.0,94.695409847222,0.8714550972793231,0.851287087897723,0.8401855013734386,-0.0488341346850186,True,0.7594170673425094,0.8331712001822695,0.735,heartbeat:5768,two_side_all_heartbeats,0.7499158824879706,0.735,0.7987861335778637,0.048834134685018626,0.02983176497594109,2026-05-01 18:00:00+00:00,0.4323317306299628,0.5676682693700372,0.47033647004811785,0.5296635299518822,0.4904825206494339,0.5095174793505661,0.5296635299518822,0.47033647004811785,0.0,0.7189843750905242,0.6942812944687233,0.7137421875452621,0.7383101341314412,0.6269170673425093,0.6513341346850187,0.7820529605148673,0.6657362159562162,0.6931670673425093,0.7099002404055056,0.6764338942795131,0.7233894231233458,0.6513341346850187,0.6960332336300564,0.6686770441367671,0.6947719998016818,0.7266582827672342,0.6513341346850187,0.716693547599943,0.6513341346850187,train,2,76.0,26.0,24.0,0.76,-3.334171723276583
KXBTC15M-26MAY011415-15,heartbeat:5810,live_heartbeat_two_side,heartbeat:5810:no,2026-05-01 18:02:07.934000+00:00,2026-05-01 18:02:00+00:00,no,no,True,True,1,76.0,75.0,75.5,0.755,24.5,51.0,1.0,78469.35,78551.63,772.066,,5810,False,False,synced,bid>=98,latest_quote,-1.0,82.27999999999884,2.961195421688324,22.93732110612905,,,122.79106480046532,0.6700813298891356,0.7485970270545282,110.64522832954523,0.7436380333992936,0.7714522563706823,139.4770565540062,0.5899178118097124,0.7223771240123512,132.13801808569227,0.6226822620166724,0.733253329334524,78548.93,79.5799999999872,1.32633333333312,0.0,1106.2968713331677,1.0,0.9999999999999988,1.0,78550.0,80.64999999999418,0.4480555555555232,0.0,428.2084605555294,0.9999456053710492,0.9989300631458488,0.9994036395108434,78570.41,101.05999999999769,0.3368666666666589,0.0,342.3632998666596,0.9990134232928524,0.99294833868769,0.9952144619511712,78484.34,14.989999999990689,0.0249833333333178,0.0,101.56878223332018,0.8206821981497476,0.7667579049278372,0.7789514528349611,78457.79,-11.560000000012224,-0.012844444444458,11.560000000012224,72.3632411555439,0.7434477708495484,0.6980562518564006,0.7080283020512971,78188.02,-281.33000000000175,-0.1562944444444454,281.33000000000175,-38.38962654444636,0.3643101479798877,0.3915660348884768,0.3857066515997049,78297.2,-172.15000000000873,-0.0478194444444468,172.15000000000873,45.36023280555251,0.6590827360630753,0.627491369204223,0.6343057854719508,-0.0164522563706822,True,0.7632261281853412,0.8418218932211783,0.755,heartbeat:5810,two_side_all_heartbeats,0.7386885620061756,0.755,0.8087383615697752,0.01645225637068226,0.03262287598764879,2026-05-01 18:15:00+00:00,0.45709548725863547,0.5429045127413645,0.5552457519752976,0.4447542480247024,0.5334933413309519,0.46650665866904806,0.4447542480247024,0.5552457519752976,0.23120000000024446,0.7028879332818869,0.6390902612160565,0.7166939666409435,0.7410953089702287,0.6407261281853411,0.6489522563706823,0.7759688128438995,0.5965658550706009,0.7019761281853412,0.7231856769112046,0.6807665794594775,0.7251348375804549,0.6489522563706823,0.697991672557564,0.670848507534673,0.7047349247744199,0.7281932971147265,0.6489522563706823,0.712460534607291,0.6489522563706823,train,2,78.0,24.0,22.0,0.78,-5.180670288527352
KXBTC15M-26MAY011430-30,heartbeat:5892,live_heartbeat_two_side,heartbeat:5892:yes,2026-05-01 18:21:09.226000+00:00,2026-05-01 18:21:00+00:00,yes,yes,True,True,1,74.0,73.0,73.5,0.735,26.5,47.0,1.0,78600.19,78532.23,530.774,,5892,False,False,synced,bid>=98,last_decisive_quote,1.0,67.9600000000064,2.949840607418673,22.84936709299778,,,162.12531700549044,0.4191819097427264,0.6624584040088014,130.4250382965745,0.5210655935976927,0.6988394609077129,111.15029089271728,0.6114244007296542,0.7295406735868417,111.73978458435876,0.6081987740785333,0.7284721761999222,78569.83,30.360000000000586,0.5060000000000097,0.0,336.5316440000115,0.9950638266915156,0.9987679570447928,0.9987012429309038,78530.08,70.11000000000058,0.3895000000000032,0.0,274.6964730000081,0.9824049296943256,0.9932706804292536,0.9930213157950052,78565.25,34.94000000000233,0.1164666666666744,0.0,129.77747853334387,0.840140380025201,0.8785130182618586,0.8772656269202699,78509.74,90.44999999999708,0.1507499999999951,0.0,147.97418050000385,0.8717187720601441,0.9084545423562524,0.9072941011301758,78585.73,14.460000000006405,0.0160666666666737,0.0,76.48776893334352,0.7212134372419725,0.7543199763093709,0.7531755836041772,78456.76,143.43000000000757,0.0796833333333375,0.0,110.2538415666753,0.8010402099395622,0.8393853340773231,0.8381055653008365,78270.0,330.1900000000023,0.091719444444445,0.0,116.64229640556228,0.8144258303954026,0.8530054152677452,0.8517282394676639,0.0361605390922871,True,0.7169197304538564,0.7579932803109712,0.6988394609077129,heartbeat:5892,two_side_all_heartbeats,0.7322703367934209,0.6988394609077129,0.7451799142773541,0.036160539092287114,0.005459326413158272,2026-05-01 18:30:00+00:00,0.6023210781845743,0.39767892181542575,0.5409186528263166,0.45908134717368343,0.5430556476001556,0.45694435239984443,0.39767892181542575,0.6023210781845743,0.0,0.6084912991800268,0.6484028756628941,0.6584956495900134,0.6690096875925335,0.5844197304538564,0.5663394609077128,0.7114478064588966,0.48169295981794585,0.6506697304538565,0.6844018382723138,0.616937622635399,0.6667263072718086,0.5663394609077128,0.6304747892827698,0.594223271293731,0.6555523702665496,0.6703164396162842,0.5663394609077128,0.6388936336833047,0.5663394609077128,train,2,76.0,26.0,24.0,0.76,-8.968356038371581
KXBTC15M-26MAY011445-45,heartbeat:5958,live_heartbeat_two_side,heartbeat:5958:no,2026-05-01 18:36:10.296000+00:00,2026-05-01 18:36:00+00:00,no,no,True,True,1,78.0,77.0,77.5,0.775,22.5,55.0,1.0,78487.16,78550.9,529.704,,5958,False,False,synced,bid>=98,last_decisive_quote,-1.0,63.73999999999069,2.7694621426198487,21.45216151263717,,,92.31143660431464,0.6904886582277658,0.7550565300354233,83.16476114160076,0.7664303862000345,0.7782898708336905,108.05352730753695,0.589892820607113,0.7223687461634042,113.50919551114144,0.5615404083604338,0.7127854042016856,78535.18,48.01999999998952,0.8003333333331587,0.0,487.67976799989816,0.999999997741026,0.9999968089165312,0.9999913198958952,78514.7,27.5399999999936,0.1529999999999644,0.0,144.78471199997185,0.9591527966517966,0.9098667743677322,0.8989396544786301,78544.8,57.63999999999942,0.1921333333333313,0.0,165.51379519998966,0.9767150741932332,0.9372111344665346,0.9276008380908348,78549.99,62.83000000000175,0.1047166666666695,0.0,119.20883719999222,0.9241290254216732,0.865038248804076,0.8531899120642775,78600.19,113.02999999999884,0.1255888888888875,0.0,130.26493679998998,0.941366386437168,0.8860062735590594,0.8744363807253032,78585.73,98.56999999999243,0.0547611111111069,0.0,92.74717959998846,0.8676223711442899,0.8046489413678775,0.7930613781337161,78237.34,-249.82000000000696,-0.0693944444444463,249.82000000000696,26.981485199989663,0.6271953001798946,0.5985921798157334,0.5939443020602597,-0.0032898708336904,True,0.7766449354168452,0.8433349816756412,0.775,heartbeat:5958,two_side_all_heartbeats,0.7486843730817021,0.775,0.8163299760887538,0.003289870833690478,0.05263125383659584,2026-05-01 18:45:00+00:00,0.443420258332619,0.556579741667381,0.5552625076731916,0.44473749232680837,0.5744291915966289,0.42557080840337114,0.44473749232680837,0.5552625076731916,0.0,0.7117768320837976,0.6390793700124254,0.7321384160418989,0.7523099234612222,0.6641449354168453,0.6657898708336905,0.794487950255492,0.6542512490867043,0.7203949354168453,0.7422369612501071,0.6985529095835833,0.7396932472224602,0.6657898708336905,0.7135558296193039,0.6874184120161475,0.7237187351373953,0.7427985058804084,0.6657898708336905,0.7301389105445912,0.6657898708336905,train,2,80.0,22.0,20.0,0.8,-5.720149411959156
KXBTC15M-26MAY011500-00,heartbeat:6020,live_heartbeat_two_side,heartbeat:6020:yes,2026-05-01 18:50:11.475000+00:00,2026-05-01 18:50:00+00:00,yes,no,True,False,1,73.0,72.0,72.5,0.725,27.5,45.0,1.0,78498.99,78431.64,588.525,,6020,False,False,synced,bid>=98,last_decisive_quote,1.0,67.35000000000582,2.7762280768430245,21.504570213772958,,,89.04528342769785,0.7563567367910288,0.7752823302674227,99.7730345500716,0.675032089619424,0.7501723112368814,91.1518151889548,0.7388772221418896,0.7700092225866171,103.89198823198014,0.6482694300702013,0.7415946487418397,78439.99,59.0,0.9833333333333332,0.0,646.0662500000058,0.9999999999527068,0.9999999999993188,0.9999999997492492,78445.87,53.120000000009895,0.295111111111166,0.0,241.0302666667048,0.992149349623648,0.9959066678295968,0.989829783658386,78433.58,65.41000000000349,0.218033333333345,0.0,195.66806750001268,0.9750681730375194,0.9840881210458616,0.9701755391270516,78523.82,-24.830000000001743,-0.0413833333333362,24.830000000001743,42.99487375000411,0.6667391992098707,0.6814239024350421,0.6605051081984951,78535.18,-36.189999999987776,-0.0402111111110975,36.189999999987776,43.684755833347154,0.6692493374732975,0.6841205753436971,0.6629334695416034,78569.83,-70.83999999999651,-0.0393555555555536,70.83999999999651,44.18827166667363,0.6710765970062553,0.6860826063296608,0.6647015587533414,78463.85,35.13999999999942,0.0097611111111109,0.0,73.09465791667239,0.7681016363993186,0.788694651884051,0.7591478167339827,-0.0251723112368814,True,0.7375861556184407,0.8167468280914668,0.725,heartbeat:6020,two_side_all_heartbeats,0.7475046112933086,0.725,0.7825653279785683,0.02517231123688146,0.045009222586617104,2026-05-01 19:00:00+00:00,0.4996553775262371,0.5003446224737629,0.45998155482676584,0.5400184451732342,0.5168107025163207,0.48318929748367934,0.5003446224737629,0.4996553775262371,0.7237999999997555,0.6752240046079458,0.7010119893626021,0.6863620023039729,0.7113688196077248,0.6000861556184407,0.6126723112368814,0.7239097902259568,0.45309143977756366,0.6688361556184407,0.6913016933710644,0.646370617865817,0.6959482074912543,0.6126723112368814,0.6660607310560805,0.6361732546209067,0.6712799650029211,0.6989908664655343,0.6126723112368814,0.668291050731419,0.6126723112368814,train,2,75.0,-73.0,-75.0,0.75,-5.100913353446572
KXBTC15M-26MAY011515-15,heartbeat:6086,live_heartbeat_two_side,heartbeat:6086:yes,2026-05-01 19:05:12.793000+00:00,2026-05-01 19:05:00+00:00,yes,yes,True,True,1,77.0,76.0,76.5,0.765,23.5,53.0,1.0,78478.18,78422.21,587.207,,6086,False,False,synced,bid>=98,latest_quote,1.0,55.96999999998661,2.309721914140206,17.891029015670668,,,110.7189497158068,0.5055141883449068,0.6934011321868858,97.40078978669152,0.5746359975372001,0.7172312493857563,96.82426361845674,0.5780575850340632,0.7183873790761297,104.49834632339888,0.5356065619141193,0.7038847536438092,78454.2,23.979999999995925,0.3996666666665988,0.0,290.6570643332801,0.9985780916728134,0.99865851251161,0.99729417777938,78421.93,56.25,0.3125,0.0,239.4721874999866,0.9930265233159208,0.9933057829853884,0.9890366760235164,78436.17,42.00999999999476,0.1400333333333158,0.0,138.19855356664303,0.9220307840159832,0.9232551872390624,0.9069983341553424,78450.34,27.839999999996508,0.0463999999999941,0.0,83.2164047999832,0.8035502552687088,0.8049561068003668,0.7870833119091469,78498.99,-20.810000000012224,-0.0231222222222358,20.810000000012224,42.3924692555342,0.668304951168523,0.6692448717876837,0.6575096539698325,78535.18,-57.0,-0.0316666666666666,57.0,37.37511166665328,0.6494088350627523,0.6502552831992268,0.6397019494081998,78545.01,-66.83000000000175,-0.0185638888888893,66.83000000000175,45.06915449720855,0.678216948339759,0.6792038898111326,0.6668714578630144,0.0477687506142436,True,0.7411156246928782,0.8014206778005798,0.7172312493857563,heartbeat:6086,two_side_all_heartbeats,0.7416936895380648,0.7172312493857563,0.7820755316189235,0.04776875061424368,0.04661262092387031,2026-05-01 19:15:00+00:00,0.5655375012284873,0.43446249877151266,0.5632252418477406,0.4367747581522594,0.5922304927123816,0.4077695072876184,0.43446249877151266,0.5655375012284873,0.4162000000002445,0.6324006242014831,0.6339035927989686,0.6869503121007418,0.70265339050234,0.6236156246928781,0.5997312493857563,0.7282117814960626,0.4434255771730621,0.6823656246928782,0.7154193748157268,0.6493118745700294,0.6939874995905043,0.5997312493857563,0.6592656430953837,0.6245437866002632,0.6883288074301385,0.6981425061947916,0.5997312493857563,0.6639715154409094,0.5997312493857563,train,2,79.0,23.0,21.0,0.79,-9.185749380520846
KXBTC15M-26MAY011530-30,heartbeat:6140,live_heartbeat_two_side,heartbeat:6140:no,2026-05-01 19:17:13.785000+00:00,2026-05-01 19:17:00+00:00,no,no,True,True,1,76.0,75.0,75.5,0.755,24.5,51.0,1.0,78432.21,78502.3,766.215,,6140,False,False,synced,bid>=98,last_decisive_quote,-1.0,70.08999999999651,2.532099311104187,19.613556925699577,,,105.87821292041522,0.6619869949323813,0.7460102217943533,106.02393098142116,0.6610771676847046,0.7457185865541909,103.30075469828245,0.6785042394386483,0.7512739816296248,102.85815384344752,0.6814238578175834,0.7521983345218285,78489.53,57.31999999999243,0.9553333333332072,0.0,802.0807299999,0.9999999999999808,0.999999999999996,0.9999999999999968,78501.54,69.3299999999872,0.3851666666665955,0.0,365.2104774999421,0.999714051917495,0.999796428219785,0.9998078393978724,78486.74,54.52999999999884,0.1817666666666627,0.0,209.36234649999352,0.9758472330940358,0.978654789485366,0.979097054486749,78541.03,108.81999999999243,0.181366666666654,0.0,209.05586049998684,0.9756826334794416,0.978502536852334,0.9789468274493468,78421.93,-10.280000000013388,-0.011422222222237,10.280000000013388,61.33812199998511,0.7185471348157779,0.7236710133777935,0.7245249380762724,78445.87,13.65999999998894,0.0075888888888827,0.0,75.9047204999918,0.7629798234353398,0.7687673591747476,0.7697291957870003,78478.01,45.79999999998836,0.0127222222222189,0.0,79.83795749999403,0.7742805335156332,0.7802000622982066,0.7811829929442448,0.0092814134458091,True,0.7503592932770955,0.8255219398827421,0.7457185865541909,heartbeat:6140,two_side_all_heartbeats,0.7531369908148124,0.7457185865541909,0.7963850225850645,0.009281413445809128,0.003726018370375228,2026-05-01 19:30:00+00:00,0.5085628268916182,0.49143717310838175,0.49745203674075045,0.5025479632592496,0.495603330956343,0.504396669043657,0.49143717310838175,0.5085628268916182,0.20560000000026776,0.6694341625204482,0.6766561761185121,0.6999670812602241,0.7220518045696277,0.6278592932770954,0.6232185865541909,0.7597487398958893,0.5479018964177318,0.6891092932770955,0.7154655759662573,0.6627530105879336,0.707979057702794,0.6232185865541909,0.6779518776240501,0.6479246975453062,0.6930347985695814,0.7112643889902961,0.6232185865541909,0.6914836632250401,0.6232185865541909,train,2,78.0,24.0,22.0,0.78,-6.873561100970392
KXBTC15M-26MAY011545-45,heartbeat:6250,live_heartbeat_two_side,heartbeat:6250:no,2026-05-01 19:32:00.090000+00:00,2026-05-01 19:32:00+00:00,no,no,True,True,1,74.0,73.0,73.5,0.735,26.5,47.0,1.0,78372.75,78423.8,779.91,,6250,True,False,synced,bid>=98,latest_quote,-1.0,51.05000000000291,1.8279886799134528,14.159539428720963,,,36.71293163442356,1.390518210540733,0.9178142133095906,95.75634410900092,0.5331239457292971,0.7030261079550748,100.07248067162332,0.5101302541656562,0.6950198945632755,99.83110504132576,0.5113636674548521,0.6954517845208226,78404.87,32.11999999999534,0.5353333333332557,0.0,468.5618199999424,0.9999995041335812,0.9999985811077412,0.9999986574479172,78426.74,53.99000000000524,0.2999444444444735,0.0,284.9796716666923,0.9985402627790924,0.9977984052096196,0.99784556907697,78445.12,72.36999999999534,0.2412333333333178,0.0,239.1902889999908,0.9937535236202,0.9915797231271164,0.991711313580116,78402.28,29.52999999999884,0.0492166666666647,0.0,89.4345705000014,0.8248430573383438,0.8142582378625056,0.8148359002938301,78432.21,59.4600000000064,0.0660666666666737,0.0,102.57605400000844,0.8579646059158111,0.8473225584538244,0.847906499256839,78421.93,49.179999999993015,0.0273222222222183,0.0,72.35887433333322,0.7750723219548734,0.7651799204296263,0.7657165944746425,78503.73,130.97999999999593,0.0363833333333322,0.0,79.42572550000202,0.7965769392952582,0.7863097059314637,0.786868003038572,0.0319738920449251,True,0.7190130539775375,0.8105932105250916,0.7030261079550748,heartbeat:6250,two_side_all_heartbeats,0.7150099472816378,0.7030261079550748,0.7771585371105625,0.03197389204492518,0.03998010543672448,2026-05-01 19:45:00+00:00,0.5939477840898504,0.4060522159101496,0.609960210873449,0.390039789126551,0.6090964309583549,0.39090356904164514,0.390039789126551,0.609960210873449,0.0,0.6139339403415972,0.6035258629322582,0.6612169701707986,0.6870923225328187,0.5865130539775374,0.5705261079550749,0.7442637587015773,0.5054275682721696,0.6527630539775374,0.6856578323865224,0.6198682755685524,0.6695174053033832,0.5705261079550749,0.633915345072382,0.5983132848413808,0.6574766289373756,0.673039096280366,0.5705261079550749,0.6573949333283261,0.5705261079550749,train,2,76.0,26.0,24.0,0.76,-8.696090371963408
KXBTC15M-26MAY011600-00,heartbeat:6343,live_heartbeat_two_side,heartbeat:6343:yes,2026-05-01 19:47:01.409000+00:00,2026-05-01 19:47:00+00:00,yes,yes,True,True,1,65.0,64.0,64.5,0.645,35.5,29.0,1.0,78372.31,78329.1,778.591,,6343,False,False,synced,bid>=98,last_decisive_quote,1.0,43.20999999999185,1.5485654898688563,11.99513670554722,,,63.15407097262912,0.6841997567934932,0.7530754820894492,55.95544420067149,0.7722215526523032,0.7800083907454436,77.34630350645753,0.5586563034183568,0.711801846771085,90.93971857434342,0.4751499199402908,0.6826599402808086,78350.43,21.880000000004657,0.3646666666667443,0.0,327.136184666719,0.9999999974879084,0.9999882894320232,0.9998392226263952,78351.06,21.25,0.1180555555555555,0.0,135.12699305554742,0.9921303085634277,0.9596846957648196,0.931346726257503,78364.02,8.289999999993597,0.0276333333333119,0.0,64.72506463330856,0.8763076464160531,0.7986535990242702,0.7616858411920822,78327.47,44.83999999999651,0.0747333333333275,0.0,101.39670073332066,0.9650144063421042,0.9050617196918288,0.8675722316281975,78372.75,-0.4400000000023283,-0.0004888888888914,0.4400000000023283,42.82935551110095,0.7779889340627949,0.7101198914122808,0.6811668643348852,78432.21,-59.90000000000873,-0.0332777777777826,59.90000000000873,17.300221722210296,0.621407135764292,0.5884938298433314,0.5754388183282166,78445.87,-73.55999999999767,-0.0204333333333326,73.55999999999767,27.30079056665902,0.6871904814212795,0.6379438840309489,0.6179905786764739,-0.1350083907454435,True,0.7125041953727218,0.7671053457204989,0.645,heartbeat:6343,two_side_all_heartbeats,0.6784009233855426,0.645,0.7317640465068437,0.13500839074544357,0.06680184677108503,2026-05-01 20:00:00+00:00,0.4399832185091128,0.5600167814908872,0.5763963064578299,0.4236036935421701,0.6346801194383829,0.3653198805616171,0.4236036935421701,0.5763963064578299,0.008800000000046566,0.7140109079690766,0.6253424008024105,0.6617554539845385,0.6848862186261437,0.5350041953727218,0.6025083907454436,0.7228257246559301,0.6458875461324832,0.6237541953727218,0.6322525172236331,0.6152558735218105,0.6758389271636291,0.6025083907454436,0.6380019036913458,0.6001648802190626,0.6239927083389083,0.6812651145466658,0.6025083907454436,0.6626670577006868,0.6025083907454436,train,2,67.0,35.0,33.0,0.67,1.1265114546665842
KXBTC15M-26MAY011615-15,heartbeat:6441,live_heartbeat_two_side,heartbeat:6441:no,2026-05-01 20:03:33.158000+00:00,2026-05-01 20:03:00+00:00,no,no,True,True,1,74.0,73.0,73.5,0.735,26.5,47.0,1.0,78351.55,78411.55,686.842,,6441,False,False,synced,bid>=98,latest_quote,-1.0,60.0,2.2894060613227776,17.73366309641887,,,94.50204813664698,0.6349068743276537,0.7372554233163123,120.07654872205248,0.4996812503237844,0.691350231623947,91.12124859765466,0.6584633213810497,0.7448797708564864,87.41116119973844,0.6864111993993226,0.7537730779257306,78362.07,10.520000000004076,0.1753333333334012,0.0,180.42629733338,0.933528109580136,0.9761520736500842,0.9804963805887628,78374.85,23.30000000000291,0.1294444444444606,0.0,148.9078811111222,0.8925322631546222,0.9488887313858446,0.9557659053359028,78473.72,122.16999999999824,0.4072333333333275,0.0,339.70495713332934,0.9976658253781592,0.99990351807307,0.999949105655401,78375.92,24.369999999995343,0.0406166666666589,0.0,87.89723256666133,0.7679187631752746,0.8326320087851902,0.842686543010072,78376.11,24.55999999999767,0.0272888888888863,0.0,78.74315502222045,0.7440154307855751,0.8062494467672721,0.816162342296813,78368.21,16.660000000003492,0.0092555555555574,0.0,66.35710428889023,0.7097393243006012,0.7667631861632438,0.7761148932091837,78483.69,132.13999999999942,0.0367055555555553,0.0,85.21091718888877,0.7610357668563341,0.8251413366889686,0.8351774051309084,0.0436497683760529,True,0.7131751158119735,0.8080053523340354,0.691350231623947,heartbeat:6441,two_side_all_heartbeats,0.7399398854282432,0.691350231623947,0.774438234562816,0.043649768376052944,0.009879770856486392,2026-05-01 20:15:00+00:00,0.6172995367521059,0.3827004632478941,0.5102404582870272,0.48975954171297276,0.4924538441485389,0.5075461558514611,0.3827004632478941,0.6172995367521059,0.0,0.5987553011111312,0.6683437021134322,0.6536276505555656,0.6798942330933815,0.5806751158119735,0.558850231623947,0.7392082808876053,0.48246704578571,0.6469251158119735,0.6821550694871841,0.6116951621367629,0.661733487749298,0.558850231623947,0.6242834123977122,0.5868333370461265,0.6521081756713863,0.6654533860972777,0.558850231623947,0.6490292562557761,0.558850231623947,train,2,76.0,26.0,24.0,0.76,-9.454661390272236
KXBTC15M-26MAY011630-30,heartbeat:6509,live_heartbeat_two_side,heartbeat:6509:no,2026-05-01 20:19:04.392000+00:00,2026-05-01 20:19:00+00:00,no,no,True,True,1,90.0,89.0,89.5,0.895,10.5,79.0,1.0,78203.64,78293.82,655.608,,6509,False,False,synced,bid>=98,last_decisive_quote,-1.0,90.18000000000757,3.521989920896148,27.28121661828232,,,91.05088892940972,0.9904351408356118,0.839019261804629,72.22555865065708,1.2485884731773846,0.8940921847572061,94.06419965743945,0.9587069291869038,0.8311467966240119,80.04504214483275,1.1266156851643194,0.8700474977424482,78255.6,51.9600000000064,0.8660000000001067,0.0,657.9365280000775,1.0,0.9999999999986694,1.0,78262.45,58.80999999999767,0.3267222222222093,0.0,304.3817026666658,0.9999874734730732,0.9993936862412676,0.9999284160384264,78294.63,90.99000000000524,0.3033000000000174,0.0,289.025906400019,0.999968557132518,0.9989391468812288,0.9998473676242912,78317.1,113.4600000000064,0.1891000000000106,0.0,214.1554728000145,0.998487041059826,0.98859777091365,0.9962684058227034,78364.66,161.02000000000407,0.1789111111111156,0.0,207.47555573334387,0.997964491039694,0.9862968052389764,0.9952288046383791,78411.75,208.11000000000055,0.1156166666666669,0.0,165.97921160000777,0.9892210271969052,0.9611787032539174,0.9809404921115358,78381.99,178.35000000000582,0.0495416666666682,0.0,122.65991300000864,0.955273438928013,0.9038835652082284,0.9372864119426848,0.0009078152427939,True,0.894546092378603,0.9296869139632413,0.8940921847572061,heartbeat:6509,two_side_all_heartbeats,0.863073398312006,0.8940921847572061,0.9157213668536655,0.0009078152427939301,0.0638532033759881,2026-05-01 20:30:00+00:00,0.21181563048558782,0.7881843695144122,0.33770640675197616,0.6622935932480238,0.2599050045151037,0.7400949954848963,0.6622935932480238,0.33770640675197616,0.0,0.8623198401843679,0.7804908356112155,0.8734099200921841,0.8839067758054358,0.8420460923786031,0.8415921847572061,0.9050398038051066,0.888181225227664,0.8682960923786031,0.8789776554271618,0.8576145293300443,0.8768947898381375,0.8415921847572061,0.8644120585915052,0.8519293273448728,0.87062464778555,0.8789022180345739,0.8415921847572061,0.8733159942811564,0.8415921847572061,train,1,91.0,10.0,9.0,0.91,-3.1097781965426066
KXBTC15M-26MAY011645-45,heartbeat:6587,live_heartbeat_two_side,heartbeat:6587:no,2026-05-01 20:37:05.756000+00:00,2026-05-01 20:37:00+00:00,no,no,True,True,1,72.0,71.0,71.5,0.715,28.5,43.0,1.0,78116.41,78150.05,474.244,,6587,False,False,synced,bid>=98,last_decisive_quote,-1.0,33.63999999999942,1.5447388339011412,11.96549555587797,,,63.53702426313681,0.529455075841769,0.7017550997164278,67.86968069823139,0.4956557870011615,0.689931357059587,71.56209705980751,0.4700812494620585,0.6808515150287473,75.89952419320834,0.4432175347287566,0.671195801498183,78131.97,15.559999999997672,0.2593333333332945,0.0,156.62727733331434,0.9894938962027672,0.9856903261628388,0.9804728083137276,78144.1,27.69000000000233,0.1538333333333462,0.0,106.59453533333888,0.9418594906793056,0.9318272558153596,0.919902552607244,78138.74,22.330000000001743,0.0744333333333391,0.0,68.93956173333552,0.8451290502114903,0.8323148008608721,0.8181402119285368,78153.23,36.81999999999243,0.061366666666654,0.0,62.7427734666601,0.8223764449294861,0.8096914543873643,0.7957838783211885,78099.11,-17.30000000000291,-0.0192222222222254,17.30000000000291,24.52397644444233,0.6410770552077067,0.6340860565711879,0.6266944363989779,78338.95,222.5399999999936,0.1236333333333297,0.0,92.27236653333108,0.9130141466815358,0.9013709514047736,0.8879536889856374,78327.47,211.05999999999767,0.0586277777777771,0.0,61.44387184444357,0.8173524190175632,0.8047219078653898,0.790898345597146,0.025068642940413,True,0.7024656785297935,0.7500201357570258,0.689931357059587,heartbeat:6587,two_side_all_heartbeats,0.6979257575143736,0.689931357059587,0.7335052171601741,0.025068642940413,0.03414848497125267,2026-05-01 20:45:00+00:00,0.6201372858808261,0.37986271411917394,0.6382969699425054,0.3617030300574946,0.6576083970036339,0.34239160299636606,0.3617030300574946,0.6382969699425054,0.3460000000000582,0.596910764177463,0.5851069695373715,0.6417053820887315,0.6547182871098806,0.5599656785297935,0.547431357059587,0.6826914885720886,0.39517561914031135,0.6312156785297935,0.664729407117876,0.5977019499417109,0.650787571373058,0.547431357059587,0.6138890856484207,0.5769905999237833,0.6353053905000389,0.653991225513629,0.547431357059587,0.6150614228158378,0.547431357059587,train,2,74.0,28.0,26.0,0.74,-8.600877448637107
KXBTC15M-26MAY011700-00,heartbeat:6666,live_heartbeat_two_side,heartbeat:6666:no,2026-05-01 20:53:37.410000+00:00,2026-05-01 20:53:00+00:00,no,no,True,True,1,95.0,95.0,95.0,0.95,5.0,90.0,0.0,77780.81,77986.13,382.59,,6666,True,False,synced,bid>=98,latest_quote,-1.0,205.32000000000696,10.496981900930924,81.30927217549228,,,193.89325494995825,1.0589331746119683,0.8551848927414454,132.3314413818594,1.5515587063510454,0.939616074929232,99.99691507808784,2.053263341570808,0.9799764779255572,89.78435219767346,2.2868127348957734,0.9888966220739336,77955.85,175.04000000000815,2.917333333333469,0.0,1321.4625600000588,1.0,1.0,1.0,77948.03,167.22000000000116,0.9290000000000064,0.0,560.7461100000094,0.9999886956948574,0.9999999897444456,0.9999999997887457,78012.02,231.2100000000064,0.7707000000000214,0.0,500.1821130000152,0.9999215126409814,0.9999997162708903,0.9999999873306588,77941.23,160.41999999999825,0.2673666666666637,0.0,307.6118130000059,0.989952136381998,0.9989517599912304,0.9996938631863334,78118.4,337.5899999999965,0.3750999999999961,0.0,348.8295090000055,0.9958058711307778,0.9997570421846684,0.999948875621482,78161.39,380.58000000000175,0.2114333333333343,0.0,286.21227900000736,0.98472341429797,0.9978965169155752,0.9992831387908688,78375.92,595.1100000000006,0.1653083333333335,0.0,268.5653152500071,0.9787957883959112,0.9963814877743452,0.9986107024994472,0.0103839250707679,True,0.944808037464616,0.9631791958567377,0.939616074929232,heartbeat:6666,two_side_all_heartbeats,0.9649882389627786,0.939616074929232,0.956869125006966,0.010383925070767908,0.029976477925557243,2026-05-01 21:00:00+00:00,0.1207678501415359,0.8792321498584641,0.040047044148885824,0.9599529558511142,0.022206755852133053,0.977793244147867,0.8792321498584641,0.1207678501415359,0.0,0.9215008974080017,0.9739694213032242,0.9332504487040009,0.938242599968099,0.919808037464616,0.914616074929232,0.9497923399928124,0.9792243011225622,0.932308037464616,0.9393848224787695,0.9252312524504624,0.9347440499528213,0.914616074929232,0.9273187776920273,0.9198935054312332,0.934495793099151,0.936245899340081,0.914616074929232,0.9322042074610222,0.914616074929232,train,1,96.0,5.0,4.0,0.96,-2.3754100659919004
KXBTC15M-26MAY011730-30,heartbeat:6819,live_heartbeat_two_side,heartbeat:6819:yes,2026-05-01 21:22:09.914000+00:00,2026-05-01 21:22:00+00:00,yes,yes,True,True,1,81.0,80.0,80.5,0.805,19.5,61.0,1.0,77987.66,77944.16,470.086,,6819,False,False,synced,bid>=98,last_decisive_quote,1.0,43.5,2.006321828755336,15.540902059803653,,,42.566299472045,1.021935205539025,0.8465942157934931,59.96861055232183,0.7253794876912617,0.7658903732652741,125.10899759368029,0.347696815070616,0.635966055593151,103.99581750377588,0.4182860526907306,0.6621310070991703,77965.76,21.90000000000873,0.3650000000001455,0.0,215.0813900000684,0.9998324694662326,0.9572066556042124,0.9806881426506628,77971.39,16.270000000004075,0.0903888888889115,0.0,85.99055122223287,0.9242033125854006,0.75406104973238,0.7958433435251464,77937.99,49.669999999998254,0.1655666666666608,0.0,121.33057206666392,0.9784755206822382,0.8339266369788927,0.8783316099296234,77947.24,40.419999999998254,0.0673666666666637,0.0,75.1681268666653,0.8949804389431607,0.7260204290473399,0.7650984685428699,77926.11,61.55000000000291,0.0683888888888921,0.0,75.64865922222374,0.8964303873225474,0.727298205733161,0.7665157105991408,77955.85,31.80999999999767,0.0176722222222209,0.0,51.80746425555495,0.8061812506550712,0.6605990612252206,0.6908174394501967,78099.11,-111.44999999999708,-0.0309583333333325,111.44999999999708,28.946920916667047,0.6853460482529833,0.5914877189813336,0.6096269891824868,0.0391096267347259,True,0.7854451866326371,0.8497886313158375,0.7658903732652741,heartbeat:6819,two_side_all_heartbeats,0.7204830277965755,0.7658903732652741,0.8279622161160298,0.039109626734725955,0.16903394440684905,2026-05-01 21:30:00+00:00,0.4682192534694518,0.5317807465305482,0.728067888813698,0.271932111186302,0.6757379858016597,0.32426201419834033,0.271932111186302,0.728067888813698,0.0,0.6956574852448563,0.5267558722710963,0.7405787426224282,0.757926294690652,0.6879451866326372,0.6683903732652741,0.8006402907690847,0.629628298598772,0.736695186632637,0.7640171119795822,0.7093732612856918,0.7464269155101828,0.6683903732652741,0.7177050679315292,0.6889832203528756,0.7425717253214367,0.7505102361078677,0.6683903732652741,0.7345153320171793,0.6683903732652741,train,2,83.0,19.0,17.0,0.83,-7.948976389213229
KXBTC15M-26MAY011745-45,heartbeat:6878,live_heartbeat_two_side,heartbeat:6878:yes,2026-05-01 21:32:10.781000+00:00,2026-05-01 21:32:00+00:00,yes,yes,True,True,1,84.0,83.0,83.5,0.835,16.5,67.0,1.0,78101.13,78006.44,769.219,,6878,True,False,synced,bid>=98,latest_quote,1.0,94.69000000000231,3.4141226208748874,26.445680105116917,,,138.52535939301234,0.6835571509427089,0.7528725750096426,101.60697742891264,0.931924188634096,0.8243121470139578,106.5000227161186,0.8891077915767539,0.813027424065763,137.85673586711533,0.6868724941469465,0.7539184592559129,78050.67,50.4600000000064,0.8410000000001067,0.0,741.6031790000844,0.9999999999998548,0.9999999999983392,0.9999999626578184,78011.51,89.6200000000099,0.4978888888889438,0.0,477.67559322226685,0.9999987068691109,0.99999635799261,0.9997348985864738,78002.23,98.90000000000872,0.3296666666666957,0.0,348.2758636666914,0.9996956149511852,0.9994626335403792,0.99423744865633,77987.66,113.47000000000116,0.1891166666666686,0.0,240.1621332166705,0.9909517621332062,0.9879346857975568,0.9592557404784168,77937.99,163.13999999999942,0.181266666666666,0.0,234.1237640666685,0.9893945572966564,0.9860377255652452,0.955275564917401,77897.74,203.38999999999945,0.1129944444444441,0.0,181.6074735611132,0.9630597239757732,0.9559246164772408,0.9061416456830624,78138.74,-37.61000000000058,-0.0104472222222223,37.61000000000058,86.65379816944665,0.8031240799218711,0.7920774043981417,0.7351875227987541,0.0106878529860421,True,0.8296560735069789,0.8863359206550476,0.8243121470139578,heartbeat:6878,two_side_all_heartbeats,0.8240137120328814,0.8243121470139578,0.8647327670944244,0.010687852986042135,0.02197257593423696,2026-05-01 21:45:00+00:00,0.35137570597208456,0.6486242940279154,0.373945151868474,0.626054848131526,0.4921630814881741,0.5078369185118259,0.626054848131526,0.373945151868474,0.0,0.7716057911181451,0.7569356512854919,0.7950528955590725,0.8115224570541909,0.7471560735069789,0.7418121470139578,0.846095196497216,0.7485938555230339,0.7884060735069789,0.8070436441041873,0.7697685029097705,0.8003747646759719,0.7418121470139578,0.7795551317504004,0.7587354988248289,0.7922345058117498,0.8033837168753614,0.7418121470139578,0.7939536717555868,0.7418121470139578,train,1,85.0,16.0,15.0,0.85,-4.661628312463861
KXBTC15M-26MAY011800-00,heartbeat:6971,live_heartbeat_two_side,heartbeat:6971:yes,2026-05-01 21:49:11.983000+00:00,2026-05-01 21:49:00+00:00,yes,yes,True,True,1,71.0,70.0,70.5,0.705,29.5,41.0,1.0,78150.0,78098.34,648.017,,6971,False,False,synced,bid>=98,latest_quote,1.0,51.66000000000349,2.029369842359653,15.719431205509014,,,46.02839250846443,1.122350731464355,0.8691433280746503,66.3648228896734,0.7784244385897693,0.7818405819151857,80.30828952180416,0.6432710783359109,0.7399758903116975,120.59776362230498,0.4283661524752254,0.6658077183070907,78120.62,29.380000000004657,0.4896666666667443,0.0,368.9723243333872,0.9999999864925158,0.9999978305267784,0.9988915724346686,78124.02,25.979999999995925,0.1443333333333107,0.0,145.19045366665551,0.9856565371843412,0.9646900303264908,0.8856903811833343,78102.59,47.41000000000349,0.158033333333345,0.0,154.06828656667773,0.9898710174588476,0.9724736811468352,0.8992939021935165,78095.69,54.30999999999767,0.0905166666666627,0.0,110.31633878333432,0.9517708027354592,0.915226473833494,0.8198375421060273,78130.27,19.729999999995925,0.0219222222222176,0.0,65.86597267777833,0.8395190679068552,0.7939387059500387,0.7075228699054993,77971.39,178.61000000000058,0.0992277777777781,0.0,115.96128687222593,0.959709997361581,0.9256237113297456,0.8318632079486914,78008.0,142.0,0.0394444444444444,0.0,77.22067055555905,0.8777025335980695,0.8318628855916872,0.7390163905794359,-0.0768405819151857,True,0.7434202909575929,0.8255705331246778,0.705,heartbeat:6971,two_side_all_heartbeats,0.7224879451558488,0.705,0.7850263780663251,0.07684058191518572,0.034975890311697566,2026-05-01 22:00:00+00:00,0.43631883616962863,0.5636811638303714,0.520048219376605,0.47995178062339505,0.6683845633858185,0.33161543661418147,0.47995178062339505,0.520048219376605,0.0,0.7163927564897413,0.6619686574052068,0.6959463782448706,0.7244334799907554,0.5959202909575928,0.6343405819151857,0.7708944944493623,0.6626682655762561,0.6696702909575929,0.6838021745745556,0.65553840734063,0.7070603879434572,0.6343405819151857,0.67694326546344,0.6468261429834227,0.6706338039982803,0.7108488582362905,0.6343405819151857,0.702617538182274,0.6343405819151857,train,2,73.0,29.0,27.0,0.73,-1.915114176370949
KXBTC15M-26MAY011815-15,heartbeat:7063,live_heartbeat_two_side,heartbeat:7063:yes,2026-05-01 22:01:27.847000+00:00,2026-05-01 22:01:00+00:00,yes,yes,True,True,1,69.0,68.0,68.5,0.685,31.5,37.0,1.0,78240.0,78195.36,812.153,,7063,False,False,synced,bid>=98,last_decisive_quote,1.0,44.63999999999942,1.5664093236324417,12.13335444754494,,,42.23349497234731,1.0569809585786776,0.8547398611186967,72.73865587855357,0.6137039440834812,0.7302945091945671,78.08694607479008,0.5716704551007046,0.7162273730194334,91.9619976233302,0.4854179025431971,0.6863100321545578,78207.04,32.9600000000064,0.54933333333344,0.0,490.7827146667527,0.999999999992464,0.9999999998361576,0.9999999526991448,78185.61,54.38999999999942,0.3021666666666634,0.0,290.0455648333301,0.999966613735322,0.999898153772012,0.9991946772863628,78162.23,77.77000000000407,0.2592333333333469,0.0,255.17712936667712,0.9997743712257312,0.999458178310474,0.9972383071279364,78164.91,75.08999999999651,0.1251499999999941,0.0,146.2809479499947,0.9778398207134622,0.9694871087843432,0.9441577718268124,78124.02,115.97999999999593,0.1288666666666621,0.0,149.29944993332907,0.9799416938383588,0.972059610704278,0.9477577274560224,78050.67,189.33000000000172,0.1051833333333343,0.0,130.06495971666686,0.9631211367730106,0.9521077097393016,0.9213680384369032,77887.87,352.13000000000466,0.0978138888888901,0.0,124.07984330277824,0.9559802114053229,0.9439693497069788,0.9113718661811532,-0.045294509194567,True,0.7076472545972836,0.8050229601400994,0.685,heartbeat:7063,two_side_all_heartbeats,0.7006136865097168,0.685,0.7615432270035164,0.04529450919456701,0.031227373019433347,2026-05-01 22:15:00+00:00,0.5394109816108659,0.46058901838913413,0.5675452539611332,0.4324547460388668,0.6273799356908845,0.37262006430911554,0.4324547460388668,0.5675452539611332,0.0,0.6493828619529372,0.6310955849252634,0.6514414309764687,0.6829188680990418,0.5501472545972836,0.5727945091945672,0.7391021288424298,0.5605664555117073,0.6288972545972836,0.6513383527583702,0.606456156436197,0.6626963394630448,0.5727945091945672,0.6295938409294226,0.5964913423958003,0.6306611141485192,0.6656869747121196,0.5727945091945672,0.6559483190184985,0.5727945091945672,train,2,71.0,31.0,29.0,0.71,-4.431302528788038
KXBTC15M-26MAY011830-30,heartbeat:7193,live_heartbeat_two_side,heartbeat:7193:yes,2026-05-01 22:20:14.507000+00:00,2026-05-01 22:20:00+00:00,yes,yes,True,True,1,85.0,84.0,84.5,0.845,15.5,69.0,1.0,78370.77,78308.34,585.493,,7193,False,False,synced,bid>=98,last_decisive_quote,1.0,62.43000000000757,2.5800758955672194,19.98518195096605,,,85.4042476683414,0.7309940864118146,0.7676086174926038,63.65110525894117,0.9808156472072876,0.8366581696863667,63.09496653691676,0.9894608623570612,0.8387811452883387,69.62064004455821,0.8967168351231972,0.8150649825269163,78328.02,42.75,0.7125,0.0,479.5937625000077,0.9999999999999756,0.9999999999999852,0.9999999999971844,78335.88,34.88999999999942,0.1938333333333301,0.0,175.91805983333904,0.9971432537483236,0.9973494781642218,0.9942447958646614,78293.37,77.40000000000873,0.2580000000000291,0.0,213.4871940000246,0.99960176954735,0.9996422699544594,0.9989168618727996,78285.03,85.74000000000524,0.1429000000000087,0.0,146.0969497000127,0.9891413868711714,0.9897074479979384,0.98206825567822,78248.96,121.80999999999769,0.1353444444444418,0.0,141.67322481111717,0.9869854698311084,0.9876286590009568,0.9790711107702768,78169.04,201.73000000001048,0.112072222222228,0.0,128.04750160556654,0.977874689576975,0.978793295302864,0.9670584013347296,77967.65,403.1200000000099,0.1119777777777805,0.0,127.99220504445364,0.9778288339439264,0.9787486628729004,0.9669999709396864,0.0083418303136332,True,0.8408290848431834,0.8937533130779056,0.8366581696863667,heartbeat:7193,two_side_all_heartbeats,0.8418905726441693,0.8366581696863667,0.87341780481538,0.008341830313633225,0.006218854711661281,2026-05-01 22:30:00+00:00,0.3266836606272663,0.6733163393727337,0.3224377094233226,0.6775622905766774,0.36987003494616744,0.6301299650538326,0.6733163393727337,0.3266836606272663,0.0,0.7876556205922768,0.7904154888748403,0.8085778102961384,0.8240379872508734,0.7633290848431834,0.7591581696863668,0.8562494387526535,0.7732765163274687,0.8020790848431834,0.81924745090591,0.7849107187804567,0.8136054464575779,0.7591581696863668,0.7942802642932963,0.7749550821290148,0.8056502936317714,0.8164557954655773,0.7591581696863668,0.8077038042195102,0.7591581696863668,train,1,86.0,15.0,14.0,0.86,-4.354420453442259
KXBTC15M-26MAY011845-45,heartbeat:7292,live_heartbeat_two_side,heartbeat:7292:no,2026-05-01 22:35:00.732000+00:00,2026-05-01 22:35:00+00:00,no,no,True,True,1,85.0,84.0,84.5,0.845,15.5,69.0,1.0,78289.43,78339.19,599.268,,7292,False,False,synced,bid>=98,last_decisive_quote,-1.0,49.76000000000931,2.0326838088836707,15.745101079823831,,,71.81625253692691,0.692879372596383,0.7558073721929389,62.32489721232946,0.798396824153374,0.7876798771650753,65.9273012152554,0.7547707714826796,0.7748067328870194,63.76325040816958,0.78038681656721,0.7824183873004528,78314.01,24.580000000001743,0.4096666666666957,0.0,295.26012400002674,0.9999989177965944,0.9999962427876992,0.9999981766879058,78334.4,44.97000000000117,0.2498333333333398,0.0,199.4771220000132,0.9993142932799168,0.998759763718014,0.9991212039072463,78350.01,60.58000000000175,0.2019333333333391,0.0,170.7721848000128,0.9969283356681986,0.9952055309443646,0.996299300546724,78415.34,125.91000000000348,0.2098500000000058,0.0,175.5163898000128,0.9975698674217346,0.996119240236024,0.997044031673928,78370.77,81.34000000001106,0.09037777777779,0.0,103.92051013335,0.9522825156317132,0.9425204453934768,0.9484267281539918,78248.96,-40.46999999998661,-0.0224833333333258,40.46999999998661,36.28645780001377,0.7197888903871679,0.7089778460095266,0.7153494327073935,78106.05,-183.3799999999901,-0.0509388888888861,183.3799999999901,19.23395393334429,0.6211900841999145,0.6147591618829092,0.6185391777542052,0.0573201228349247,True,0.8163399385825376,0.8765360709444247,0.7876798771650753,heartbeat:7292,two_side_all_heartbeats,0.8099033664435097,0.7876798771650753,0.8581896302831623,0.057320122834924714,0.07019326711298057,2026-05-01 22:45:00+00:00,0.4246402456698495,0.5753597543301505,0.4503865342259612,0.5496134657740388,0.43516322539909447,0.5648367746009055,0.5496134657740388,0.4503865342259612,0.0,0.7239838403145977,0.7072487527531252,0.7767419201572989,0.7919347537241188,0.7388399385825376,0.7101798771650752,0.8312256057161773,0.6750525878969704,0.7775899385825376,0.8045539631495224,0.7506259140155527,0.7809532514433836,0.7101798771650752,0.753330639931237,0.7257080284190903,0.7851753013134952,0.7860125371418645,0.7101798771650752,0.7707027414406262,0.7101798771650752,train,1,86.0,15.0,14.0,0.86,-7.398746285813559
KXBTC15M-26MAY011900-00,heartbeat:7363,live_heartbeat_two_side,heartbeat:7363:no,2026-05-01 22:48:01.848000+00:00,2026-05-01 22:48:00+00:00,no,no,True,True,1,72.0,71.0,71.5,0.715,28.5,43.0,1.0,78207.78,78240.46,718.152,,7363,False,False,synced,bid>=98,last_decisive_quote,-1.0,32.68000000000757,1.219477693615449,9.446033596888128,,,81.2029484673937,0.4024484408116033,0.6563229869496316,66.26988695114295,0.4931349894123207,0.6890413952949324,69.77395031234077,0.4683696401553392,0.6802398624530535,70.7867576504565,0.4616682707997548,0.6778403859910842,78217.3,9.520000000004076,0.1586666666667345,0.0,146.62678400005632,0.986536357918171,0.9821994572922668,0.9808386871253936,78267.37,59.58999999999651,0.3310555555555362,0.0,270.428209333327,0.9999775508555564,0.9999468573088052,0.9999333612258868,78240.28,32.5,0.1083333333333333,0.0,110.47980000000756,0.9522546460977483,0.9433343930115624,0.9407075718337512,78251.37,43.58999999999651,0.0726499999999941,0.0,84.85374280000339,0.8998024725511612,0.8880310659671171,0.8846822419352875,78349.99,142.2100000000064,0.1580111111111182,0.0,146.15599546667937,0.9862893013063452,0.9819014851994508,0.9805260259656244,78335.36,127.58000000000176,0.0708777777777787,0.0,83.58101786667493,0.8963855043742641,0.8845186847502093,0.8811477213934995,78120.62,-87.16000000000349,-0.024211111111112,87.16000000000349,15.292742133340202,0.5912511472757175,0.5867433395796606,0.585521556277714,0.0259586047050676,True,0.7020206976474661,0.7854320137975602,0.6890413952949324,heartbeat:7363,two_side_all_heartbeats,0.6976199312265268,0.6890413952949324,0.7546633478080294,0.02595860470506761,0.03476013754694651,2026-05-01 23:00:00+00:00,0.6219172094101353,0.3780827905898647,0.6395202750938931,0.3604797249061069,0.6443192280178318,0.3556807719821682,0.3604797249061069,0.6395202750938931,0.0,0.5957538138834121,0.5843118211889695,0.641126906941706,0.6648523715514809,0.5595206976474661,0.5465413952949323,0.7209716268670158,0.47330825519963954,0.6307706976474661,0.6644624185884797,0.5970789767064526,0.6501942635299548,0.5465413952949323,0.6131663458876121,0.5761384282452693,0.6348892202752808,0.6534065382582345,0.5465413952949323,0.633756511080974,0.5465413952949323,train,2,74.0,28.0,26.0,0.74,-8.659346174176548
KXBTC15M-26MAY011915-15,heartbeat:7461,live_heartbeat_two_side,heartbeat:7461:yes,2026-05-01 23:11:03.778000+00:00,2026-05-01 23:11:00+00:00,yes,no,True,False,1,74.0,73.0,73.5,0.735,26.5,47.0,1.0,78169.68,78145.51,236.222,,7461,False,False,synced,bid>=98,latest_quote,1.0,24.169999999998254,1.5725935110322395,12.181256957163429,,,51.27423583867438,0.4713868398945043,0.6813177439669552,35.80753695809959,0.6749975578683596,0.7501613417425006,40.70446397359421,0.5937923667457655,0.7236745024448729,40.10596482732974,0.6026534981531697,0.7266303885797267,78131.7,37.979999999995925,0.6329999999999321,0.0,173.69852599998222,0.999999385465412,0.9999901077489016,0.9999925779732456,78162.45,7.229999999995925,0.040166666666644,0.0,33.65825033332624,0.8263852431581296,0.7958512418473134,0.7993307218426072,78146.02,23.65999999998894,0.0788666666666298,0.0,42.80004173332288,0.8840112232714243,0.8534815361388963,0.8570533579260086,78133.71,35.96999999998661,0.0599499999999776,0.0,38.33150889999298,0.8577999594980459,0.8268275970149472,0.830402190603844,78151.99,17.689999999987776,0.0196555555555419,0.0,28.81307464443949,0.7894935125428719,0.7604839965368564,0.7637519533268478,78252.01,-82.33000000000175,-0.0457388888888898,82.33000000000175,13.365468188886911,0.6455219766599549,0.6286779404738903,0.6305286731747666,78287.66,-117.98000000001048,-0.0327722222222251,117.98000000001048,16.42848012221979,0.6768109237714497,0.6567479887589002,0.6589601519498254,-0.0151613417425006,True,0.7425806708712503,0.7897241883379751,0.735,heartbeat:7461,two_side_all_heartbeats,0.7293372512224364,0.735,0.7693506471770349,0.015161341742500611,0.011325497555127129,2026-05-01 23:15:00+00:00,0.4996773165149988,0.5003226834850012,0.5526509951102543,0.4473490048897457,0.5467392228405465,0.45326077715945345,0.4473490048897457,0.5526509951102543,0.0,0.6752097442652507,0.6407768531783347,0.6918548721326253,0.7067559944597679,0.6100806708712503,0.6176613417425006,0.7458829155255352,0.5887238058121437,0.6763306708712503,0.6997984025227502,0.6528629392197505,0.7009408944950004,0.6176613417425006,0.671334928033124,0.6417289615712475,0.6791541020342095,0.7039993395358112,0.6176613417425006,0.6817721286340179,0.6176613417425006,train,2,76.0,-74.0,-76.0,0.76,-5.600066046418888
KXBTC15M-26MAY011930-30,heartbeat:7540,live_heartbeat_two_side,heartbeat:7540:no,2026-05-01 23:19:04.451000+00:00,2026-05-01 23:19:00+00:00,no,no,True,True,1,79.0,78.0,78.5,0.785,21.5,57.0,1.0,78090.63,78142.33,655.549,,7540,False,False,synced,bid>=98,last_decisive_quote,-1.0,51.69999999999709,2.0192401055382327,15.640966601487364,,,73.00304627741941,0.708189625451129,0.760586246059859,64.87067305750006,0.7969703035788029,0.7872658608027419,64.23576506261878,0.8048475790643813,0.7895461791681352,64.88533806702107,0.7967901769517693,0.7872135494982533,78129.54,38.90999999998894,0.6484999999998157,0.0,476.8235264998762,0.9999999999999012,0.9999999999999428,0.9999999999999,78138.58,47.94999999999709,0.2663888888888727,0.0,226.33096972220872,0.999757545159156,0.9997870095552854,0.9997568289417008,78144.1,53.47000000000117,0.1782333333333372,0.0,168.54068343333296,0.9953129800095756,0.9956520365964788,0.9953049584371482,78165.57,74.94000000000233,0.1249000000000038,0.0,133.57807009999965,0.9802597865834626,0.9812141457683932,0.9802374909328636,78149.51,58.879999999990105,0.0654222222222112,0.0,94.58747235554544,0.9275925405968656,0.9295576940484244,0.9275471179184048,78198.58,107.94999999999708,0.0599722222222206,0.0,91.01473030555158,0.9196942834343192,0.921741810862458,0.91964699443744,78328.02,237.38999999999945,0.0659416666666665,0.0,94.92799364166363,0.9283131174733532,0.9302701328045226,0.9282678793940544,-0.0022658608027418,True,0.7861329304013709,0.8558596136041058,0.785,heartbeat:7540,two_side_all_heartbeats,0.7872730895840676,0.785,0.8277423542427377,0.002265860802741826,0.004546179168135156,2026-05-01 23:30:00+00:00,0.4254682783945163,0.5745317216054837,0.4209076416637296,0.5790923583362704,0.42557290100349343,0.5744270989965066,0.5745317216054837,0.4254682783945163,0.0,0.7234456190435643,0.7264100329185756,0.7434728095217822,0.7645041075227397,0.678632930401371,0.6797658608027418,0.806695526403286,0.6740630196064412,0.7323829304013709,0.7534297582408225,0.7113361025619191,0.7506772405351612,0.6797658608027418,0.725602015833739,0.7005267911323168,0.7357259073290517,0.7537576769454126,0.6797658608027418,0.743230693603014,0.6797658608027418,train,2,81.0,21.0,19.0,0.81,-5.624232305458733
KXBTC15M-26MAY011945-45,heartbeat:7638,live_heartbeat_two_side,heartbeat:7638:yes,2026-05-01 23:38:09.061000+00:00,2026-05-01 23:38:00+00:00,yes,yes,True,True,1,90.0,89.0,89.5,0.895,10.5,79.0,1.0,78095.22,78051.28,410.939,,7638,False,False,synced,bid>=98,last_decisive_quote,1.0,43.94000000000233,2.1675612214450486,16.78985702508336,,,44.64693017207301,0.98416620875509,0.8374831012879755,42.57612361320164,1.0320338319005111,0.8489718655657517,47.60694098664228,0.9229746564126262,0.8219897936568442,47.1532350899713,0.931855469007844,0.8242943881107525,78062.77,32.44999999999709,0.5408333333332849,0.0,266.1895091666491,0.9999999997974944,0.9999999887377804,0.9999999917506008,78061.41,33.80999999999767,0.1878333333333204,0.0,121.12804216666368,0.9977792602709884,0.9945257106057024,0.9948976866674007,78044.06,51.16000000000349,0.1705333333333449,0.0,114.01879746667376,0.996296823095079,0.9916899001070434,0.9921979961585494,78091.02,4.19999999999709,0.0069999999999951,0.0,46.81657300000033,0.8642461006116258,0.8372942155236297,0.839610969425532,78095.69,-0.4700000000011641,-0.0005222222222235,0.4700000000011641,43.72539852222402,0.8477882172291534,0.820812754473724,0.823115723564528,78162.45,-67.22999999999593,-0.0373499999999977,67.22999999999593,28.591428350003252,0.7490606470369199,0.7259376820280465,0.7278592708097916,78251.37,-156.14999999999418,-0.0433749999999983,156.14999999999418,26.115520875002996,0.7301888296092801,0.7083481337802233,0.7101570813777921,0.0460281344342483,True,0.8719859327828758,0.913422896220277,0.8489718655657517,heartbeat:7638,two_side_all_heartbeats,0.8584948968284221,0.8489718655657517,0.9014509242887413,0.04602813443424836,0.0730102063431558,2026-05-01 23:45:00+00:00,0.3020562688684969,0.6979437311315031,0.35602041268631157,0.6439795873136884,0.351411223778495,0.648588776221505,0.6439795873136884,0.35602041268631157,0.009400000000023282,0.8036634252354771,0.7685867317538975,0.8440817126177387,0.8542113949272465,0.8194859327828758,0.7964718655657517,0.8812752974018905,0.7956934134410063,0.8457359327828758,0.8654415596697255,0.8260303058960261,0.8468145770438346,0.7964718655657517,0.8266881485682438,0.806561720092653,0.8524094955818275,0.8512708660940858,0.7964718655657517,0.8388735814838211,0.7964718655657517,train,1,91.0,10.0,9.0,0.91,-5.872913390591421
KXBTC15M-26MAY012000-00,heartbeat:7689,live_heartbeat_two_side,heartbeat:7689:yes,2026-05-01 23:49:25.253000+00:00,2026-05-01 23:49:00+00:00,yes,yes,True,True,1,71.0,70.0,70.5,0.705,29.5,41.0,1.0,78151.01,78120.6,634.747,,7689,False,False,synced,bid>=98,last_decisive_quote,1.0,30.40999999998894,1.207024517342113,9.3495717082601,,,87.363063240776,0.3480876113075133,0.6361128060036684,59.23524208204401,0.5133768164206951,0.6961561202529167,54.648343381515495,0.5564670055538218,0.7110541780515884,59.32496194972285,0.5126004130564977,0.6958845678934793,78139.43,11.580000000001746,0.1930000000000291,0.0,152.9161710000074,0.9950814951072542,0.9974304660232688,0.9950255816718802,78129.56,21.44999999999709,0.1191666666666505,0.0,106.05068416664534,0.9632996340652696,0.9738467140074888,0.9630815980134054,78135.63,15.379999999990105,0.0512666666666336,0.0,62.95136286663467,0.8560489199241811,0.8753261958669093,0.8556840738775242,78108.29,42.72000000000117,0.0712000000000019,0.0,75.60398639999016,0.8990813601506114,0.9167385985746928,0.8987399147886368,78067.99,83.01999999998952,0.0922444444444328,0.0,88.96188437775933,0.9334308443496412,0.9482266558318896,0.9331369815647884,78090.63,60.379999999990105,0.0335444444444389,0.0,51.70223547776322,0.8086218473497468,0.827948584778009,0.8082618402321674,78198.58,-47.570000000006985,-0.0132138888888908,47.570000000006985,22.022523669432157,0.6449719572819875,0.656520780995826,0.6447626042696483,0.0088438797470832,True,0.7005780601264584,0.7524016800590326,0.6961561202529167,heartbeat:7689,two_side_all_heartbeats,0.7080270890257943,0.6961561202529167,0.7325566200607112,0.008843879747083228,0.006054178051588477,2026-05-02 00:00:00+00:00,0.6076877594941665,0.39231224050583346,0.5778916438968231,0.4221083561031769,0.6082308642130414,0.3917691357869586,0.39231224050583346,0.6076877594941665,0.0,0.6050029563287918,0.624370431467065,0.6402514781643958,0.6553563701568139,0.5530780601264583,0.5486561202529168,0.7012878441112945,0.4779171324982516,0.6268280601264584,0.658096836075875,0.5955592841770417,0.6499374135019446,0.5486561202529168,0.6140835926365382,0.5782297717711319,0.6302367001587144,0.652906915633437,0.5486561202529168,0.6249719821821056,0.5486561202529168,train,2,73.0,29.0,27.0,0.73,-7.7093084366563005
KXBTC15M-26MAY012015-15,heartbeat:7775,live_heartbeat_two_side,heartbeat:7775:yes,2026-05-02 00:02:26.348000+00:00,2026-05-02 00:02:00+00:00,yes,no,True,False,1,75.0,74.0,74.5,0.745,25.5,49.0,1.0,78248.91,78215.98,753.652,,7775,False,False,synced,bid>=98,last_decisive_quote,1.0,32.93000000000757,1.1995167110568246,9.291416490841153,,,60.39250644284445,0.5452663242445909,0.7072148191800378,63.48572788247599,0.5186992588470779,0.6980147606912614,65.33831696929374,0.5039921676507719,0.6928665595358886,64.61856791465326,0.5096058464728089,0.694836186448458,78230.61,18.30000000000291,0.3050000000000485,0.0,262.7938600000441,0.9999825904734873,0.9999711528759628,0.9999761732953724,78194.9,54.01000000000931,0.3000555555556073,0.0,259.06746955560214,0.9999775517787062,0.9999633044817128,0.9999695350189268,78184.78,64.13000000000466,0.2137666666666821,0.0,194.03567586668592,0.998879815295418,0.9985095818366608,0.9986623938721048,78150.18,98.73000000001048,0.1645500000000174,0.0,156.94343660002073,0.9932840122477848,0.9918474184052396,0.9924248645679784,78135.16,113.75,0.1263888888888888,0.0,128.18323888889643,0.9782609365033724,0.9751093668200428,0.976354823015542,78057.6,191.30999999999767,0.106283333333332,0.0,113.03064673333992,0.9624955850758454,0.9581785158212076,0.9598715693672298,78112.9,136.0100000000093,0.0377805555555581,0.0,61.40339125556507,0.8332779501942984,0.82633379972142,0.8290057971928428,0.0469852393087385,True,0.7215073803456307,0.8139648586622265,0.6980147606912614,heartbeat:7775,two_side_all_heartbeats,0.7189332797679443,0.6980147606912614,0.781680391266462,0.04698523930873855,0.05213344046411139,2026-05-02 00:15:00+00:00,0.6039704786174771,0.3960295213825229,0.6142668809282228,0.3857331190717772,0.610327627103084,0.38967237289691603,0.3857331190717772,0.6142668809282228,0.0,0.6074191888986398,0.6007265273966551,0.66345959444932,0.6888475759788618,0.5940073803456307,0.5705147606912614,0.7467833434047143,0.4959175029120647,0.6577573803456307,0.6926544282073783,0.622860332483883,0.6711765071275075,0.5705147606912614,0.6343175562134233,0.5974586052993391,0.6633002502480959,0.6750930026922701,0.5705147606912614,0.6586490520479878,0.5705147606912614,train,2,77.0,-75.0,-77.0,0.77,-9.490699730772988
KXBTC15M-26MAY012030-30,heartbeat:7940,live_heartbeat_two_side,heartbeat:7940:yes,2026-05-02 00:22:13.259000+00:00,2026-05-02 00:22:00+00:00,yes,yes,True,True,1,73.0,72.0,72.5,0.725,27.5,45.0,1.0,78236.92,78203.41,466.741,,7940,False,False,synced,bid>=98,latest_quote,1.0,33.50999999999476,1.5510880490036367,12.01467636458488,,,42.09020884501936,0.796147154398358,0.7870267454696975,43.74312157623631,0.7660632984683756,0.778180680207038,55.99316828051782,0.5984658669806721,0.7252354362325965,50.60272794589012,0.6622172629868346,0.7460840038781699,78200.36,36.55999999999767,0.6093333333332945,0.0,317.91084933330995,0.9999999999998171,0.9999999931729936,0.9999999998333976,78192.66,44.25999999999476,0.2458888888888598,0.0,148.27642588887005,0.999650164952404,0.9959529171925549,0.998306314138138,78184.44,52.479999999995925,0.1749333333333197,0.0,115.15855893332176,0.9957634151809585,0.9801402275039548,0.9885691569937868,78237.53,-0.6100000000005821,-0.0010166666666676,0.6100000000005821,33.03547998332764,0.7749401313842803,0.7224017459432571,0.7430702519706914,78250.67,-13.75,-0.0152777777777777,13.75,26.379234722216985,0.7267618700706726,0.6812207774982352,0.6989213241607467,78150.18,86.74000000000524,0.0481888888888918,0.0,56.001730188885006,0.8997697745148485,0.8413817429529917,0.865786852542093,78087.19,149.72999999999593,0.0415916666666655,0.0,52.9225360916609,0.8868314229575527,0.8277115525296895,0.8521833622295505,-0.053180680207038,True,0.751590340103519,0.8329813651293322,0.725,heartbeat:7940,two_side_all_heartbeats,0.7251177181162982,0.725,0.7951068870983031,0.053180680207038034,0.0002354362325964754,2026-05-02 00:30:00+00:00,0.443638639585924,0.556361360414076,0.5495291275348071,0.4504708724651929,0.5078319922436603,0.49216800775633973,0.4504708724651929,0.5495291275348071,0.275,0.7116348842691493,0.6428060671023753,0.7045674421345747,0.7316437836526706,0.6140903401035189,0.640680680207038,0.7644930231397107,0.6009377019321718,0.682840340103519,0.6997042040621113,0.6659764761449265,0.7146204534713586,0.640680680207038,0.6863144949125287,0.6580085363536988,0.6843553260625858,0.7179411656455742,0.640680680207038,0.7025868516733743,0.640680680207038,train,2,75.0,27.0,25.0,0.75,-3.205883435442587
KXBTC15M-26MAY012045-45,heartbeat:8016,live_heartbeat_two_side,heartbeat:8016:yes,2026-05-02 00:33:14.316000+00:00,2026-05-02 00:33:00+00:00,yes,yes,True,True,1,77.0,76.0,76.5,0.765,23.5,53.0,1.0,78346.0,78281.9,705.684,,8016,True,False,synced,bid>=98,latest_quote,1.0,64.10000000000582,2.4129753987960703,18.69082706869076,,,75.20617725750135,0.8523236034259705,0.8029827454775798,85.07660000898241,0.7534386657816382,0.7744068224259755,77.93064689175027,0.8225262147386516,0.7946112634101801,70.61008899968785,0.9078022830461124,0.8180086540190067,78317.61,28.389999999999414,0.4731666666666569,0.0,398.006145999999,0.9999985530450064,0.9999998365022732,0.9999999913317736,78279.04,66.9600000000064,0.3720000000000356,0.0,326.6144480000309,0.9999382476912466,0.9999861191980824,0.9999981324759524,78306.72,39.27999999999884,0.1309333333333294,0.0,156.49755840000307,0.9670784292760004,0.9776870928804544,0.986666659545084,78223.69,122.30999999999769,0.2038499999999961,0.0,207.9536834000031,0.9927435483635558,0.996189842889026,0.9983857418789852,78192.53,153.47000000000116,0.1705222222222235,0.0,184.4348038666734,0.9849156188143222,0.991025124767528,0.99549952060287,78234.06,111.94000000000231,0.0621888888888901,0.0,107.9857038666734,0.8978287147352971,0.9170752606021032,0.936907928821782,78044.06,301.9400000000023,0.0838722222222228,0.0,123.28728526667294,0.9263497397964204,0.9431766821785854,0.9595970709051884,-0.0094068224259754,True,0.7697034112129877,0.8354950839006586,0.765,heartbeat:8016,two_side_all_heartbeats,0.7798056317050901,0.765,0.8082377325829927,0.009406822425975458,0.029611263410180055,2026-05-02 00:45:00+00:00,0.45118635514804906,0.5488136448519509,0.41077747317963986,0.5892225268203601,0.36398269196198685,0.6360173080380132,0.5488136448519509,0.45118635514804906,0.0,0.7067288691537681,0.7329946424332341,0.7241144345768842,0.7443222775044841,0.6522034112129877,0.6569068224259754,0.7866190970681879,0.645521487779551,0.7109534112129877,0.7325720467277926,0.6893347756981827,0.7321045482839836,0.6569068224259754,0.705448887353953,0.6787932264239224,0.714004914886121,0.7351799647242295,0.6569068224259754,0.7217629597470816,0.6569068224259754,train,2,79.0,23.0,21.0,0.79,-5.482003527577049
KXBTC15M-26MAY012100-00,heartbeat:8130,live_heartbeat_two_side,heartbeat:8130:yes,2026-05-02 00:51:00.832000+00:00,2026-05-02 00:51:00+00:00,yes,yes,True,True,1,78.0,77.0,77.5,0.775,22.5,55.0,1.0,78367.37,78317.17,539.168,,8130,False,False,synced,mid>=95,last_decisive_quote,1.0,50.19999999999709,2.161930173181602,16.746239112791322,,,99.21775605938888,0.5059578244235722,0.693556871196408,67.57751154921878,0.742850673976577,0.7712139540280833,75.60460125584028,0.6639807520460834,0.7466486847782423,66.7049792310232,0.7525675081336363,0.7741450756360835,78317.1,50.26999999998952,0.8378333333331587,0.0,501.9329226665696,0.9999999999999448,0.9999999999842004,0.9999999999999736,78296.35,71.01999999998952,0.3945555555554974,0.0,262.9317297777435,0.9999500463660376,0.9997471522597694,0.9999595487375534,78346.73,20.639999999999414,0.068799999999998,0.0,87.29475839999604,0.9017819968556472,0.8758774341774704,0.9046768021826844,78254.4,112.97000000000116,0.1882833333333352,0.0,151.7163482666648,0.9876182300117532,0.9776096111659792,0.98853017148353,78278.01,89.36000000000058,0.0992888888888895,0.0,103.7333916444419,0.9376115597903132,0.9149762661988106,0.9400397264869368,78200.36,167.00999999999476,0.0927833333333304,0.0,100.22580426666218,0.9309792166211084,0.907523409247622,0.9335190286915438,78146.04,221.33000000000172,0.061480555555556,0.0,83.34834817777514,0.8912818763962096,0.8648613698596886,0.8942601791460139,0.0037860459719166,True,0.7731069770140417,0.8159986502945769,0.7712139540280833,heartbeat:8130,two_side_all_heartbeats,0.7608243423891212,0.7712139540280833,0.7992205855795544,0.003786045971916674,0.02835131522175771,2026-05-02 01:00:00+00:00,0.4575720919438333,0.5424279080561667,0.5067026304435154,0.4932973695564846,0.45170984872783304,0.548290151272167,0.4932973695564846,0.5067026304435154,0.0,0.7025781402365083,0.670643290211715,0.7275390701182542,0.7402172698038189,0.6606069770140417,0.6587139540280834,0.7759633763851712,0.6326061077417314,0.7168569770140417,0.7401141862084251,0.6935997678196584,0.7349759693520556,0.6587139540280834,0.7080022019351104,0.6810284345181654,0.720544783747151,0.7381747331098726,0.6587139540280834,0.7173386652066274,0.6587139540280834,train,2,80.0,22.0,20.0,0.8,-6.182526689012747
KXBTC15M-26MAY012115-15,heartbeat:8240,live_heartbeat_two_side,heartbeat:8240:yes,2026-05-02 01:09:02.249000+00:00,2026-05-02 01:09:00+00:00,yes,yes,True,True,1,78.0,77.0,77.5,0.775,22.5,55.0,1.0,78353.09,78317.62,357.751,,8240,False,False,synced,bid>=98,last_decisive_quote,1.0,35.470000000001164,1.8753000287323307,14.526011560845213,,,25.646168729395825,1.38305258669476,0.9166756289092222,48.595261398596215,0.7299065583589143,0.767276348398352,52.636760563768526,0.6738636576434044,0.7498010004523252,52.619862806694506,0.6740800547182068,0.7498697903889051,78334.38,18.70999999999185,0.3118333333331975,0.0,147.02868683328592,0.9987592024067466,0.9973910944079696,0.9973983204070308,78308.0,45.08999999999651,0.2504999999999805,0.0,125.0866254999942,0.9949742105694278,0.991259032822682,0.9912770968440254,78306.97,46.11999999999534,0.1537333333333178,0.0,90.46825373332894,0.9686750645263568,0.9571680090095882,0.9572182585602128,78302.28,50.80999999999767,0.0846833333333294,0.0,65.7655471833331,0.912025286469726,0.8942446882981767,0.8943180063248535,78342.05,11.039999999993595,0.0122666666666595,0.0,39.85841226666528,0.7939523437954134,0.7755455421996571,0.7756183649196957,78272.14,80.94999999999709,0.0449722222222206,0.0,51.558857472222805,0.8556517066911087,0.8363389028796292,0.8364165618948278,78243.15,109.94000000000231,0.0305388888888895,0.0,46.39531803889028,0.8301426859642732,0.8109558857496497,0.8110324483456197,0.007723651601648,True,0.7711381741991761,0.8369838043082364,0.767276348398352,heartbeat:8240,two_side_all_heartbeats,0.7624005002261627,0.767276348398352,0.811417917424777,0.007723651601648007,0.025198999547674794,2026-05-02 01:15:00+00:00,0.46544730320329597,0.534552696796704,0.5003979990953495,0.49960200090465046,0.5002604192221898,0.4997395807778102,0.49960200090465046,0.5003979990953495,0.0,0.6974592529178576,0.6747413005880228,0.7249796264589289,0.7443471329115645,0.658638174199176,0.6547763483983521,0.7873731871044475,0.6314202032493397,0.714888174199176,0.7389329045195057,0.6908434438788464,0.7323508989322347,0.6547763483983521,0.7048788772058299,0.6774068554794251,0.7187828077239508,0.7356122563622133,0.6547763483983521,0.7210747677513998,0.6547763483983521,train,2,80.0,22.0,20.0,0.8,-6.438774363778677
KXBTC15M-26MAY012130-30,heartbeat:8295,live_heartbeat_two_side,heartbeat:8295:no,2026-05-02 01:18:03.149000+00:00,2026-05-02 01:18:00+00:00,no,no,True,True,1,74.0,73.0,73.5,0.735,26.5,47.0,1.0,78327.48,78356.61,716.851,,8295,False,False,synced,bid>=98,latest_quote,-1.0,29.130000000004657,1.0879928390209346,8.427556292642013,,,64.40184271384945,0.4523162501643812,0.6744794145508894,50.56579227813646,0.576081154622783,0.7177198356116364,67.57270100699172,0.4310912478841209,0.6667989879167947,74.4446271314381,0.3912975472168495,0.6522113441649869,78333.94,6.460000000006403,0.1076666666667733,0.0,106.31095766674784,0.9822421171382208,0.9421733067853402,0.9233618614136486,78378.09,50.61000000000058,0.2811666666666699,0.0,230.68460616667363,0.9999974673937734,0.9996797676540934,0.999028275290572,78355.88,28.40000000000873,0.0946666666666957,0.0,96.99189466669218,0.972452900186871,0.924409295767763,0.9036909383824,78334.38,6.900000000008731,0.0115000000000145,0.0,37.373786500015086,0.7700805204865542,0.7098991146590561,0.6921784459689784,78311.88,-15.599999999991269,-0.0173333333333236,15.599999999991269,16.704582666678277,0.6294335353539863,0.5976267759481648,0.5887728276866986,78296.35,-31.129999999990105,-0.0172944444444389,31.129999999990105,16.732460205564152,0.6296417782027656,0.5977864008669185,0.5889185007958047,78192.53,-134.9499999999971,-0.0374861111111103,134.9499999999971,2.258043763894125,0.5178090717846575,0.5133287775877078,0.5120988048676559,0.0172801643883635,True,0.7263599178058182,0.8083909119328357,0.7177198356116364,heartbeat:8295,two_side_all_heartbeats,0.7008994939583973,0.7177198356116364,0.7773065307208651,0.01728016438836355,0.06820101208320528,2026-05-02 01:30:00+00:00,0.5645603287767271,0.4354396712232729,0.6664020241664106,0.3335979758335894,0.6955773116700261,0.3044226883299739,0.3335979758335894,0.6664020241664106,0.31199999999982536,0.6330357862951274,0.5668386842918332,0.6707678931475637,0.6945131831662508,0.5938599178058181,0.5852198356116365,0.7317504978432011,0.47028496124199487,0.6601099178058183,0.6900659506834909,0.6301538849281455,0.679313223741091,0.5852198356116365,0.6458597105036089,0.6124061972661269,0.6642272606652605,0.6826231183139047,0.5852198356116365,0.6584851667274187,0.5852198356116365,train,2,76.0,26.0,24.0,0.76,-7.737688168609537
KXBTC15M-26MAY012145-45,heartbeat:8361,live_heartbeat_two_side,heartbeat:8361:yes,2026-05-02 01:33:04.503000+00:00,2026-05-02 01:33:00+00:00,yes,no,True,False,1,79.0,78.0,78.5,0.785,21.5,57.0,1.0,78386.28,78343.9,715.497,,8361,False,False,synced,bid>=98,last_decisive_quote,1.0,42.38000000000466,1.5843715808987575,12.27248949405041,,,47.42543016421373,0.8936134022034395,0.814235613449978,47.94811046752511,0.8838721606914689,0.8116173865184514,48.67594059610868,0.8706560054310005,0.8080289965726701,64.23850332568398,0.6597289445730313,0.7452861056744494,78365.0,21.27999999999884,0.3546666666666472,0.0,296.14293599999075,0.999999999671938,0.9999999994137851,0.9999979871730352,78345.4,40.88000000000466,0.227111111111137,0.0,204.87731866668983,0.9999903525031552,0.9999871751625048,0.9992869671311346,78337.26,49.02000000000408,0.1634000000000136,0.0,159.29220980001438,0.9995534132610916,0.9994670031595748,0.9934253498353808,78313.24,73.0399999999936,0.1217333333333226,0.0,129.47983479999704,0.996537356727953,0.9960934041877268,0.9780796663972348,78327.48,58.80000000000291,0.0653333333333365,0.0,89.12580400000698,0.9684720412242858,0.966449968816346,0.9173431818199153,78311.88,74.39999999999418,0.0413333333333301,0.0,71.95387600000234,0.9332784122172516,0.9303258981368754,0.8686655138880852,78346.0,40.27999999999884,0.0111888888888885,0.0,50.38561643333776,0.8533331165382895,0.8496944113262388,0.7835832840314076,-0.0266173865184513,True,0.7983086932592257,0.865390266593181,0.785,heartbeat:8361,two_side_all_heartbeats,0.796514498286335,0.785,0.8358958986077538,0.026617386518451358,0.023028996572670102,2026-05-02 01:45:00+00:00,0.3767652269630972,0.6232347730369028,0.38394200685465973,0.6160579931453403,0.5094277886511012,0.49057221134889883,0.6160579931453403,0.38394200685465973,0.0,0.7551026024739869,0.7504376955444712,0.7593013012369936,0.7807566425631025,0.6908086932592257,0.7041173865184513,0.8197193759114441,0.723190114363012,0.7445586932592256,0.7607352159555354,0.7283821705629159,0.7669115910123009,0.7041173865184513,0.7440553176036729,0.7211990441950451,0.7466858230492086,0.7698611427690583,0.7041173865184513,0.7619183812149477,0.7041173865184513,train,2,81.0,-79.0,-81.0,0.81,-4.013885723094177
KXBTC15M-26MAY012200-00,heartbeat:8497,live_heartbeat_two_side,heartbeat:8497:no,2026-05-02 01:56:21.894000+00:00,2026-05-02 01:56:00+00:00,no,no,True,True,1,72.0,71.0,71.5,0.715,28.5,43.0,1.0,78316.23,78332.89,218.106,,8497,False,False,synced,bid>=98,latest_quote,-1.0,16.660000000003492,1.1280833533573569,8.738096081373719,,,33.779570537843554,0.4931975076870544,0.689063480631886,34.648022138514605,0.4808355274480242,0.6846833010755558,38.22344122771414,0.4358581923786615,0.6685301900880347,35.72343855946584,0.4663604812921627,0.6795212532203482,78338.01,21.77999999999884,0.3629999999999806,0.0,95.83247799999926,0.9971615808467812,0.9939148075453944,0.996347623572706,78317.5,1.2700000000040743,0.0070555555555781,0.0,18.19885900000843,0.7002951479152677,0.6830047554900438,0.6947771993986298,78338.03,21.80000000000291,0.0726666666666763,0.0,32.50903600000561,0.8259459496310348,0.8024764142277452,0.8185939630345325,78334.94,18.710000000006403,0.031183333333344,0.0,23.46127210000582,0.7508387825912564,0.7303238642305905,0.7443282949199802,78330.0,13.770000000004076,0.0153000000000045,0.0,19.99702180000448,0.7180801143605997,0.6995689640001568,0.7121829106564697,78320.58,4.350000000005821,0.0024166666666699,0.0,17.1870895000042,0.6900698026440163,0.6735178226538013,0.6847826892931462,78347.4,31.169999999998254,0.0086583333333328,0.0,18.548434450003388,0.7037922379377386,0.6862552187702496,0.6981974133509081,0.0303166989244442,True,0.6998416505377778,0.7418764169021967,0.6846833010755558,heartbeat:8497,two_side_all_heartbeats,0.6917650950440173,0.6846833010755558,0.7280941802488737,0.03031669892444422,0.046469809911965254,2026-05-02 02:00:00+00:00,0.6306333978488885,0.3693666021511115,0.6629396198239306,0.33706038017606943,0.6409574935593036,0.35904250644069635,0.33706038017606943,0.6629396198239306,0.0,0.5900882913982225,0.5690892471144451,0.6382941456991112,0.6493887406622147,0.5573416505377778,0.5421833010755557,0.6935308404639848,0.451961197114215,0.6285916505377778,0.6631549903226667,0.594028310752889,0.6472888673837037,0.5421833010755557,0.609616683547049,0.5719444997103944,0.632850317223889,0.6505450350053666,0.5421833010755557,0.6178570707697703,0.5421833010755557,train,2,74.0,28.0,26.0,0.74,-8.945496499463331
KXBTC15M-26MAY012215-15,heartbeat:8534,live_heartbeat_two_side,heartbeat:8534:yes,2026-05-02 02:04:07.662000+00:00,2026-05-02 02:04:00+00:00,yes,no,True,False,1,81.0,79.0,80.0,0.8,20.0,60.0,2.0,78354.64,78314.97,652.338,,8534,False,False,synced,mid>=95,latest_quote,1.0,39.669999999998254,1.5531945628717052,12.030993350844046,,,76.09842169975487,0.5212985908763735,0.6989206087620192,57.42994608131566,0.6907546098655409,0.7551401177725232,65.76838709910992,0.6031773280408625,0.7268046357746742,59.21147989643434,0.6699714323875081,0.7485619992584902,78335.29,19.35000000000582,0.322500000000097,0.0,250.0490050000615,0.999993315693996,0.9999282230505432,0.999987945437995,78334.12,20.520000000004075,0.1140000000000226,0.0,114.036532000013,0.9764646345525284,0.9585330650040272,0.9729427745100894,78302.79,51.85000000000582,0.1728333333333527,0.0,152.4157510000109,0.9960221260176222,0.9897607162438726,0.9949748115451784,78313.63,41.00999999999476,0.0683499999999912,0.0,84.25730229999255,0.9288299025449576,0.8999245236166613,0.922630371382267,78344.76,9.880000000004657,0.0109777777777829,0.0,46.831221600001626,0.7925924739140674,0.7617870544037868,0.7855030744766665,78424.34,-69.69999999999709,-0.0387222222222206,69.69999999999709,14.41002299999931,0.599060006253434,0.5867149277223181,0.5961388112372206,78306.97,47.669999999998254,0.0132416666666661,0.0,48.30804234999793,0.7998721584737718,0.7686833520814482,0.7927087558016486,0.0448598822274768,True,0.7775700588862616,0.8503874145967152,0.7551401177725232,heartbeat:8534,two_side_all_heartbeats,0.7634023178873371,0.7551401177725232,0.8257464605352814,0.04485988222747683,0.0731953642253258,2026-05-02 02:15:00+00:00,0.4897197644549536,0.5102802355450464,0.5463907284506515,0.4536092715493485,0.5028760014830196,0.4971239985169804,0.4536092715493485,0.5463907284506515,0.0,0.6816821531042802,0.6448460265070766,0.7308410765521401,0.7504432891539023,0.6775700588862617,0.6551401177725232,0.7967744840897861,0.6098824481468086,0.7275700588862617,0.7565420353317569,0.6985980824407663,0.7367600785150156,0.6551401177725232,0.7064850454787819,0.6762100124425482,0.7338027431316637,0.7410450848565905,0.6551401177725232,0.7259573009311546,0.6551401177725232,train,2,83.0,-81.0,-83.0,0.83,-8.895491514340947
KXBTC15M-26MAY012230-30,heartbeat:8630,live_heartbeat_two_side,heartbeat:8630:yes,2026-05-02 02:22:09.095000+00:00,2026-05-02 02:22:00+00:00,yes,no,True,False,1,72.0,71.0,71.5,0.715,28.5,43.0,1.0,78339.35,78311.84,470.905,,8630,False,False,synced,bid>=98,latest_quote,1.0,27.510000000009317,1.2677217442775095,9.819730406423623,,,20.398194965379453,1.3486487430235994,0.9112750917492716,55.17045561163369,0.4986364476244841,0.6909822382264347,52.3489817289905,0.5255116545041499,0.7003862231825183,53.81999079048986,0.5111483594841195,0.6953764122433284,78338.2,1.1500000000087311,0.0191666666668121,0.0,36.5356791667445,0.7460889462154479,0.7573880466807184,0.7513834183393083,78323.16,16.19000000000233,0.0899444444444573,0.0,69.86528861112652,0.8973066890530013,0.9089974068833904,0.9028784876488504,78313.16,26.19000000000233,0.0873000000000077,0.0,68.62000650001296,0.8932100527845648,0.9050404313557114,0.8988437948491244,78292.36,46.99000000000524,0.0783166666666754,0.0,64.38970991668009,0.87841599841777,0.8906531013852501,0.8842278394105809,78344.0,-4.649999999994179,-0.0051666666666602,4.649999999994179,25.076990833345693,0.6752786692481856,0.6840431105159442,0.6793714695026363,78333.08,6.2700000000040745,0.0034833333333355,0.0,29.150319083343717,0.7013781277045998,0.7111836609944615,0.7059619931578098,78306.73,32.620000000009895,0.0090611111111138,0.0,31.776922527788383,0.7176846912929179,0.7280814568918599,0.7225487075075668,0.0240177617735652,True,0.7029911191132173,0.7663974303369998,0.6909822382264347,heartbeat:8630,two_side_all_heartbeats,0.7076931115912591,0.6909822382264347,0.7434366820248434,0.024017761773565294,0.01461377681748166,2026-05-02 02:30:00+00:00,0.6180355235471306,0.38196447645286935,0.5992275536349634,0.4007724463650366,0.6092471755133433,0.3907528244866567,0.38196447645286935,0.6180355235471306,0.09299999999988358,0.598276909694365,0.6105020901372737,0.6423884548471825,0.660209460125639,0.5604911191132174,0.5484822382264347,0.7054831296701362,0.45268548173134915,0.6317411191132174,0.6650446714679303,0.5984375667585042,0.6514881588176231,0.5484822382264347,0.6147415535826231,0.577994948347623,0.6357967333120583,0.6546817920172288,0.5484822382264347,0.6269826839482855,0.5484822382264347,train,2,74.0,-72.0,-74.0,0.74,-8.531820798277124
KXBTC15M-26MAY012245-45,heartbeat:8691,live_heartbeat_two_side,heartbeat:8691:yes,2026-05-02 02:34:10.098000+00:00,2026-05-02 02:34:00+00:00,yes,yes,True,True,1,74.0,72.0,73.0,0.73,27.0,46.0,2.0,78297.93,78267.12,649.902,,8691,True,False,synced,bid>=98,latest_quote,1.0,30.80999999999767,1.2085587348910802,9.361455706293317,,,39.47951538249427,0.7804047162559454,0.7824236536425075,45.44980667799605,0.6778906721931987,0.7510794926636066,55.53573620588535,0.5547779160751021,0.710476712887947,60.26244680614472,0.5112636746912855,0.6954167813570674,78284.01,13.919999999998254,0.2319999999999709,0.0,181.5872639999788,0.9999676987630806,0.9994617628352124,0.998707772701022,78263.44,34.48999999999069,0.1916111111110593,0.0,155.3384443332974,0.9996843550356882,0.997421740485555,0.9950269692343062,78265.21,32.71999999998661,0.109066666666622,0.0,101.69264479996868,0.9873722283305252,0.9664587468624528,0.9542460017332236,78316.88,-18.95000000001164,-0.0315833333333527,18.95000000001164,10.283928499985064,0.5895042914208294,0.573454807346268,0.5677514360484638,78323.16,-25.23000000001048,-0.0280333333333449,25.23000000001048,12.591080599990104,0.6091224838925836,0.5896793922887056,0.5827514569376162,78354.64,-56.7100000000064,-0.0315055555555591,56.7100000000064,10.334476433328692,0.5899367147991936,0.5738117169251555,0.5680812065191319,78424.34,-126.41000000000348,-0.0351138888888898,126.41000000000348,7.989413383330373,0.5697687380251587,0.5571947900387992,0.5527360316779375,-0.0210794926636066,True,0.7405397463318033,0.8228172403313773,0.73,heartbeat:8691,two_side_all_heartbeats,0.7202383564439735,0.73,0.787798293465187,0.021079492663606647,0.01952328711205298,2026-05-02 02:45:00+00:00,0.49784101467278674,0.5021589853272133,0.579046574224106,0.420953425775894,0.6091664372858652,0.39083356271413483,0.420953425775894,0.579046574224106,0.5046000000002097,0.6764033404626886,0.6236197267543311,0.6897016702313443,0.7154388930643969,0.6055397463318033,0.6160794926636066,0.7397841919978979,0.49997620816022387,0.6730397463318033,0.695823847799082,0.6502556448645246,0.699052995109071,0.6160794926636066,0.6694035492632395,0.6397541034174079,0.6756345539086388,0.7020990938227126,0.6160794926636066,0.6779318423307523,0.6160794926636066,train,2,76.0,26.0,24.0,0.76,-5.790090617728737
KXBTC15M-26MAY012300-00,heartbeat:8773,live_heartbeat_two_side,heartbeat:8773:yes,2026-05-02 02:51:11.839000+00:00,2026-05-02 02:51:00+00:00,yes,no,True,False,1,78.0,77.0,77.5,0.775,22.5,55.0,1.0,78423.44,78377.62,528.161,,8773,False,False,synced,bid>=98,latest_quote,1.0,45.820000000006985,1.9937555999334704,15.443564469900211,,,100.76548992002954,0.4547191705848012,0.6753443563646219,70.29933667758476,0.651784243856413,0.7427298163042593,59.4362739417448,0.7709096980896966,0.7796197708270871,57.20209451515421,0.8010196197950089,0.7884398561716683,78357.44,66.0,1.1,0.0,626.7971000000069,1.0,1.0,1.0,78379.38,44.05999999999767,0.2447777777777648,0.0,175.10207588888903,0.9936273323551889,0.9983906842474108,0.9988974207778056,78396.68,26.760000000009317,0.089200000000031,0.0,92.93196120002338,0.9069070145915163,0.9410390991029634,0.9478787722112144,78393.21,30.229999999995925,0.0503833333333265,0.0,72.43051171667005,0.8485690890997108,0.8885066658025169,0.897283071990767,78310.17,113.27000000000407,0.12585555555556,0.0,112.29199607778716,0.9449051154510646,0.9705731018807974,0.9751812643166392,78338.2,85.24000000000524,0.0473555555555584,0.0,70.83135757778629,0.8431690358838986,0.8833143453400432,0.8921911109828778,78338.03,85.41000000000349,0.0237250000000009,0.0,58.3506197250075,0.79673933541016,0.8368845810205578,0.8461543545380023,0.0322701836957407,True,0.7588649081521297,0.8082122769652585,0.7427298163042593,heartbeat:8773,two_side_all_heartbeats,0.7773098854135436,0.7427298163042593,0.7917003478095811,0.03227018369574075,0.0046197708270870885,2026-05-02 03:00:00+00:00,0.5145403673914815,0.48545963260851854,0.4407604583458258,0.5592395416541742,0.4231202876566633,0.5768797123433367,0.48545963260851854,0.5145403673914815,0.0,0.665548761195537,0.7135057020752131,0.7090243805977686,0.7222150820569202,0.6463649081521297,0.6302298163042593,0.7627463110704329,0.5761503340676701,0.7026149081521297,0.7315689448912778,0.6736608714129815,0.7159865442028396,0.6302298163042593,0.6849596647973881,0.6539327853919367,0.707853702153495,0.7197839792194043,0.6302298163042593,0.6964880636873461,0.6302298163042593,train,2,80.0,-78.0,-80.0,0.8,-8.021602078059573
KXBTC15M-26MAY012315-15,heartbeat:8847,live_heartbeat_two_side,heartbeat:8847:no,2026-05-02 03:08:13.179000+00:00,2026-05-02 03:08:00+00:00,no,no,True,True,1,89.0,88.0,88.5,0.885,11.5,77.0,1.0,78311.05,78358.79,406.821,,8847,False,False,synced,bid>=98,latest_quote,-1.0,47.73999999999069,2.366904488147051,18.33396332931424,,,49.49689231654536,0.9645049974992592,0.8326035979496786,50.67629379869184,0.9420578424624858,0.8269184866794694,63.73317121083091,0.7490604828381375,0.7730896241763638,54.790077268807295,0.8713256556615534,0.8082118170148636,78341.33,30.27999999999884,0.5046666666666473,0.0,253.0489979999828,0.9999997034328634,0.9999641306169604,0.9999980675544902,78371.01,59.95999999999185,0.3331111111110658,0.0,183.2565953333056,0.9998505314671255,0.9979822432801536,0.9995881479867256,78354.89,43.83999999999651,0.1461333333333216,0.0,107.19010879998596,0.9827932215114024,0.9537017573230594,0.974789686622732,78376.58,65.52999999999884,0.1092166666666647,0.0,92.1716335499899,0.9655314205779886,0.925941029933178,0.9537416288035117,78459.24,148.19000000000233,0.1646555555555581,0.0,114.7253377666584,0.9882094277048428,0.9640766540449652,0.981865876509792,78327.88,16.830000000001746,0.0093500000000009,0.0,51.54377634999109,0.8454513778130657,0.7906685970331475,0.8265835575254219,78348.25,37.19999999999709,0.0103333333333325,0.0,51.94381699999036,0.8473212732587385,0.7924696040139226,0.8284483910488851,0.0580815133205305,True,0.8559592433397347,0.898237236063624,0.8269184866794694,heartbeat:8847,two_side_all_heartbeats,0.8290448120881819,0.8269184866794694,0.8871341903061214,0.058081513320530576,0.11191037582363617,2026-05-02 03:15:00+00:00,0.34616302664106113,0.6538369733589389,0.4538207516472723,0.5461792483527277,0.3835763659702729,0.6164236340297271,0.5461792483527277,0.4538207516472723,0.0,0.7749940326833102,0.7050165114292729,0.8242470163416552,0.8340263384927953,0.7984592433397347,0.7694184866794694,0.8640178876420153,0.7521162955100791,0.8272092433397347,0.8503255460038408,0.8040929406756285,0.8271123244529797,0.7694184866794694,0.8035192473074205,0.7799261701618614,0.8351868478390108,0.8324665285843643,0.7694184866794694,0.8167181871607423,0.7694184866794694,train,1,90.0,11.0,10.0,0.9,-6.753347141563566
KXBTC15M-26MAY012330-30,heartbeat:8913,live_heartbeat_two_side,heartbeat:8913:yes,2026-05-02 03:23:14.734000+00:00,2026-05-02 03:23:00+00:00,yes,yes,True,True,1,74.0,73.0,73.5,0.735,26.5,47.0,1.0,78299.3,78277.2,405.266,,8913,False,False,synced,bid>=98,latest_quote,1.0,22.10000000000582,1.097797376888461,8.503501916398392,,,10.43889538259344,2.1170822381127548,0.9828735655695108,39.51871634275009,0.5592286907380831,0.7119971725829793,46.1820469428207,0.4785409366407785,0.6838673774887047,52.12256889903525,0.4240005906618865,0.6642173087382678,78299.88,-0.5800000000017462,-0.0096666666666957,0.5800000000017462,18.18242866666069,0.6772765726835479,0.6531031804018308,0.6363952245496731,78292.88,6.419999999998254,0.0356666666666569,0.0,36.55448733333522,0.8225149054841692,0.7856826855444107,0.7584476580259435,78279.03,20.270000000004075,0.0675666666666802,0.0,49.482472733344665,0.8947383014265177,0.8580199256083494,0.828778254870697,78276.02,23.27999999999884,0.038799999999998,0.0,37.82432080000503,0.8307477214735288,0.7936143560516937,0.7659826055879131,78311.05,-11.75,-0.0130555555555555,11.75,16.809027222228043,0.6647068389012588,0.6420609874515888,0.626459389016112,78459.24,-159.94000000000233,-0.0888555555555568,159.94000000000233,-13.910135577772486,0.362423425545082,0.3816301442898984,0.3947832568679594,78324.02,-24.720000000001164,-0.0068666666666669,24.720000000001164,19.31717346667236,0.6875121575232027,0.6621299571568733,0.6445361851827245,0.0230028274170206,True,0.7234985862914897,0.7805784913364989,0.7119971725829793,heartbeat:8913,two_side_all_heartbeats,0.7094336887443524,0.7119971725829793,0.7600468120601973,0.023002827417020644,0.051132622511295245,2026-05-02 03:30:00+00:00,0.5760056548340413,0.4239943451659587,0.6322652450225905,0.3677347549774095,0.6715653825234644,0.3284346174765356,0.3677347549774095,0.6322652450225905,0.235,0.625596324357873,0.5890275907353162,0.6670481621789366,0.6830219923215883,0.5909985862914897,0.5794971725829794,0.7171962465767932,0.46646817530861046,0.6572485862914896,0.6883491517748938,0.6261480208080855,0.6754981150553195,0.5794971725829794,0.6412334144778606,0.6069687139004016,0.6615983456688447,0.6788847529461626,0.5794971725829794,0.6483467095798863,0.5794971725829794,train,2,76.0,26.0,24.0,0.76,-8.111524705383744
KXBTC15M-26MAY012345-45,heartbeat:8966,live_heartbeat_two_side,heartbeat:8966:yes,2026-05-02 03:35:00.769000+00:00,2026-05-02 03:35:00+00:00,yes,yes,True,True,1,83.0,82.0,82.5,0.825,17.5,65.0,1.0,78442.29,78389.01,599.231,,8966,False,False,synced,bid>=98,latest_quote,1.0,53.27999999999884,2.1765421395498805,16.859422917590692,,,65.20990209840431,0.8170538259603153,0.793051165713582,64.4124473130136,0.8271693162205682,0.795929449777045,63.79864614123156,0.8351274395706217,0.7981770207148925,69.28450815820833,0.7690030775470924,0.7790542582194255,78396.67,45.61999999999534,0.7603333333332557,0.0,508.895303666619,0.9999999999999988,0.9999999999999992,0.9999999999998972,78377.08,65.20999999999185,0.3622777777777325,0.0,270.36807505552724,0.9999865031830344,0.9999887156760286,0.999952356072976,78382.85,59.439999999987776,0.1981333333332925,0.0,172.0076354666411,0.9962120647041466,0.9964921873558138,0.993479133375862,78345.39,96.89999999999418,0.1614999999999903,0.0,150.05580649999305,0.9900865826766764,0.9906641596819612,0.9848364426329824,78292.88,149.40999999998894,0.1660111111110988,0.0,152.7590041222137,0.991143794494302,0.991676040124996,0.9862661976877464,78371.01,71.27999999999884,0.0395999999999993,0.0,77.00954759999844,0.8840676703979704,0.8862977559193426,0.8668228361589565,78285.98,156.30999999999767,0.0434194444444437,0.0,79.29827711388734,0.8908575959088989,0.8930561481385189,0.873798284408766,0.0290705502229549,True,0.8104647248885225,0.8723805048270639,0.795929449777045,heartbeat:8966,two_side_all_heartbeats,0.8115885103574463,0.795929449777045,0.8505212478739428,0.029070550222954905,0.026822979285107462,2026-05-02 03:45:00+00:00,0.4081411004459099,0.5918588995540901,0.403645958570215,0.596354041429785,0.44189148356114893,0.5581085164388511,0.5918588995540901,0.4081411004459099,0.0,0.7347082847101585,0.7376301269293601,0.7711041423550793,0.788225348825494,0.7229647248885225,0.708429449777045,0.8272071378293518,0.6914801060245048,0.7667147248885224,0.7900288349331134,0.7434006148439315,0.77645296651803,0.708429449777045,0.7516817690468921,0.7269105715757543,0.7719197308222878,0.7801379096646834,0.708429449777045,0.7678182938031984,0.708429449777045,train,1,84.0,17.0,16.0,0.84,-5.986209033531651
KXBTC15M-26MAY020000-00,heartbeat:9114,live_heartbeat_two_side,heartbeat:9114:yes,2026-05-02 03:57:02.934000+00:00,2026-05-02 03:57:00+00:00,yes,yes,True,True,1,91.0,90.0,90.5,0.905,9.5,81.0,1.0,78424.99,78396.72,177.066,,9114,False,False,synced,bid>=98,latest_quote,1.0,28.270000000004075,2.1245072635069397,16.456362500918136,,,24.74920821095462,1.1422587647669094,0.873326762063954,18.73343892788854,1.5090662269124768,0.9343590703742763,29.197307393317075,0.9682399688155748,0.8335377310727194,32.75362423610471,0.8631105918606014,0.8059616675330303,78400.15,24.84000000001106,0.4140000000001843,0.0,101.57532400003672,0.9999999705550948,0.9997482878877388,0.9990362882739106,78407.01,17.980000000010477,0.099888888888947,0.0,45.95692600001438,0.992920476838356,0.9422577170031644,0.9197079269199318,78407.74,17.25,0.0575,0.0,38.45129500000407,0.979941814512428,0.9060717393525866,0.8797935606622067,78374.09,50.90000000000873,0.0848333333333478,0.0,43.29109900000665,0.9895808030654324,0.9309240766862932,0.9068691889368136,78406.07,18.919999999998254,0.0210222222222202,0.0,31.99232080000373,0.9561600690112628,0.8634011889614636,0.8356551828966798,78362.09,62.90000000000873,0.0349444444444492,0.0,34.45747300000493,0.9670686174201216,0.8810315626388427,0.8536048497621596,78405.01,19.98000000001048,0.0055500000000029,0.0,29.25271630000459,0.9407999285669496,0.8418035079435637,0.8141019036350146,-0.0293590703742763,True,0.9196795351871382,0.9397669616289015,0.905,heartbeat:9114,two_side_all_heartbeats,0.8692688655363597,0.905,0.9287960840147687,0.02935907037427632,0.07146226892728058,2026-05-02 04:00:00+00:00,0.1312818592514473,0.8687181407485527,0.3329245378545611,0.6670754621454389,0.38807666493393933,0.6119233350660607,0.6670754621454389,0.3329245378545611,0.0,0.9146667914865592,0.7835990503945353,0.9050833957432797,0.9125775771945225,0.8721795351871382,0.8868590703742764,0.9251678980896239,0.9667123221997955,0.8959295351871381,0.8995577211122828,0.8923013492619933,0.9087393802495175,0.8868590703742764,0.8989537639046992,0.8891681475598807,0.8962797269176909,0.9107578643783685,0.8868590703742764,0.90601348423195,0.8868590703742764,train,1,92.0,9.0,8.0,0.92,-0.9242135621631462
KXBTC15M-26MAY020015-15,heartbeat:9151,live_heartbeat_two_side,heartbeat:9151:no,2026-05-02 04:05:03.606000+00:00,2026-05-02 04:05:00+00:00,no,no,True,True,1,75.0,74.0,74.5,0.745,25.5,49.0,1.0,78401.0,78434.29,596.394,,9151,False,False,synced,bid>=98,latest_quote,-1.0,33.2899999999936,1.363161031106113,10.558999943345812,,,49.09288474431115,0.6781023395422128,0.751146596268633,64.01444541124954,0.5200388722596572,0.6984817590075623,58.66893439622643,0.5674212484441306,0.7147859915372123,60.96306911396556,0.5460683079744659,0.7074905081634879,78405.01,4.009999999994761,0.066833333333246,0.0,73.14899899994153,0.8734174166619614,0.8937663663563835,0.8849090379909121,78424.36,23.360000000000586,0.129777777777781,0.0,110.68868799999554,0.958106231956828,0.9703973730918504,0.9652893349211058,78409.63,8.630000000004657,0.0287666666666821,0.0,50.44626740000285,0.7846648249510996,0.8050631192239713,0.796020014964471,78403.3,2.3000000000029104,0.0038333333333381,0.0,35.57617699999649,0.7108099102149167,0.7278716543037529,0.7202449479471764,78381.0,-20.0,-0.0222222222222222,20.0,20.0367999999936,0.6228613220961475,0.6336451145174529,0.6287978559600296,78442.29,41.2899999999936,0.0229388888888853,0.0,46.97061569999148,0.768449518495423,0.7883196914917656,0.7794913725389782,78371.01,-29.99000000000524,-0.008330555555557,29.99000000000524,28.32170664999273,0.6709098077072378,0.6853590056193689,0.6788808399954075,0.0465182409924377,True,0.7217408795037812,0.7427155279862206,0.6984817590075623,heartbeat:9151,two_side_all_heartbeats,0.7298929957686062,0.6984817590075623,0.7389774926924886,0.04651824099243773,0.030214008462787656,2026-05-02 04:15:00+00:00,0.6030364819848755,0.39696351801512453,0.5704280169255753,0.4295719830744247,0.5850189836730242,0.4149810163269758,0.39696351801512453,0.6030364819848755,0.4,0.6080262867098309,0.629221788998376,0.6637631433549154,0.6677296258500254,0.5942408795037811,0.5709817590075623,0.684173844494001,0.39543000051023447,0.6579908795037812,0.6927945277022687,0.6231872313052936,0.6714878393383749,0.5709817590075623,0.6347067508465619,0.597925662354749,0.6635130710267964,0.6753943502146176,0.5709817590075623,0.6275778017507816,0.5709817590075623,train,2,77.0,25.0,23.0,0.77,-9.460564978538244
KXBTC15M-26MAY020030-30,heartbeat:9245,live_heartbeat_two_side,heartbeat:9245:no,2026-05-02 04:27:05.778000+00:00,2026-05-02 04:27:00+00:00,no,no,True,True,1,85.0,84.0,84.5,0.845,15.5,69.0,1.0,78258.85,78283.39,174.222,,9245,False,False,synced,bid>=98,latest_quote,-1.0,24.5399999999936,1.859186943954196,14.401200142841727,,,26.402263791556525,0.9294657531541488,0.8236761172814225,25.27157615532359,0.9710514235109992,0.8342386641203263,40.35234450682485,0.6081431029575769,0.7284537165537944,35.409344527486155,0.6930373981067247,0.755856958874571,78268.66,9.809999999997672,0.1634999999999612,0.0,53.02529699998684,0.9820570905985844,0.9055865561153272,0.932867676020384,78265.2,6.349999999991269,0.0352777777777292,0.0,30.686164999985145,0.8876750242740459,0.7765088402340141,0.8069226982532356,78294.19,35.33999999999651,0.1177999999999883,0.0,45.06335159999157,0.9627201520345756,0.8679486993101645,0.8984271081088777,78285.96,27.110000000000586,0.0451833333333343,0.0,32.41193069999377,0.9001742147331991,0.7890770693519074,0.8199959459689319,78292.88,34.02999999999884,0.0378111111111098,0.0,31.12752739999337,0.8909733117432115,0.7797630715877497,0.8103201370403572,78424.99,166.13999999999942,0.0922999999999996,0.0,40.62069059999354,0.9460130275055798,0.8429485190336032,0.8743452078924447,78362.09,103.23999999999069,0.0286777777777751,0.0,29.536299799993145,0.8787489722300139,0.7679034914146611,0.7978985469825532,0.0107613358796736,True,0.8396193320601631,0.8806529387183005,0.8342386641203263,heartbeat:9245,two_side_all_heartbeats,0.7867268582768971,0.8342386641203263,0.865315629643013,0.01076133587967365,0.11654628344620555,2026-05-02 04:30:00+00:00,0.33152267175934735,0.6684773282406526,0.5430925668924111,0.45690743310758886,0.4882860822508579,0.5117139177491421,0.45690743310758886,0.5430925668924111,0.0,0.7845102633564242,0.6469898315199327,0.8070051316782121,0.8187771468816696,0.7621193320601631,0.7567386641203263,0.8476633624670783,0.7647493434441102,0.8008693320601632,0.8185215992360978,0.7832170648842285,0.8119924427468842,0.7567386641203263,0.7923341678697776,0.7726758929926709,0.804615730600113,0.8149128765836255,0.7567386641203263,0.8022010132937023,0.7567386641203263,train,1,86.0,15.0,14.0,0.86,-4.508712341637448
KXBTC15M-26MAY020045-45,heartbeat:9303,live_heartbeat_two_side,heartbeat:9303:no,2026-05-02 04:40:06.868000+00:00,2026-05-02 04:40:00+00:00,no,no,True,True,1,89.0,88.0,88.5,0.885,11.5,77.0,1.0,78243.17,78278.98,293.132,,9303,False,False,synced,bid>=98,latest_quote,-1.0,35.80999999999767,2.0915714517837585,16.201242800322735,,,47.08966037637952,0.7604641807516667,0.7765114139077162,32.61628206705795,1.097917902671235,0.8638798301197212,33.36071590304692,1.0734182115296589,0.8584582414727038,42.3277593480111,0.8460169059641074,0.8012283434010388,78275.57,32.40000000000873,0.5400000000001455,0.0,194.1012800000403,0.9999999986679002,0.9999999970268112,0.9999977373723596,78282.5,39.33000000000175,0.2185000000000097,0.0,99.85934200000052,0.9988993630544798,0.9986202047596098,0.9908426293572428,78266.06,22.889999999999414,0.076299999999998,0.0,58.17597159999711,0.9627595729122316,0.9594070804586216,0.9153437944298344,78281.05,37.88000000000466,0.063133333333341,0.0,54.31640026666661,0.9520750866930544,0.9482539368300716,0.9002948648263908,78278.49,35.320000000006985,0.0392444444444522,0.0,47.31380248888884,0.92655702632432,0.9219409619516772,0.8681729469714912,78273.01,29.839999999996508,0.0165777777777758,0.0,40.669477155552656,0.8937842379648462,0.8885936288161244,0.8316793690736258,78436.64,193.4700000000012,0.0537416666666669,0.0,51.563402233331104,0.943050676346648,0.938903309978408,0.888424779578594,0.0211201698802787,True,0.8744399150598606,0.9038798010106509,0.8638798301197212,heartbeat:9303,two_side_all_heartbeats,0.8717291207363519,0.8638798301197212,0.8942158636183628,0.02112016988027876,0.026541758527296233,2026-05-02 04:45:00+00:00,0.2722403397605575,0.7277596602394425,0.28308351705459245,0.7169164829454076,0.39754331319792247,0.6024566868020775,0.7169164829454076,0.28308351705459245,0.0,0.8230437791556375,0.8159957139145149,0.8482718895778188,0.856047846869042,0.8169399150598606,0.8063798301197213,0.878491829642307,0.8240356175306657,0.8456899150598607,0.8614139490359163,0.8299658810838049,0.8517532200798142,0.8063798301197213,0.8351421104374898,0.8185310007951653,0.8498794686855244,0.854673411249545,0.8063798301197213,0.8424358298810142,0.8063798301197213,train,1,90.0,11.0,10.0,0.9,-4.532658875045499
KXBTC15M-26MAY020100-00,heartbeat:9338,live_heartbeat_two_side,heartbeat:9338:no,2026-05-02 04:47:07.429000+00:00,2026-05-02 04:47:00+00:00,no,no,True,True,1,72.0,71.0,71.5,0.715,28.5,43.0,1.0,78169.92,78224.05,772.571,,9338,False,False,synced,bid>=98,latest_quote,-1.0,54.13000000000466,1.9474612550275543,15.084970016211823,,,95.66301321532312,0.5658404244299322,0.7142488682454541,76.50903957423616,0.7074980982800433,0.7603715029590435,63.06404311074611,0.8583338037009065,0.8046459156754356,74.4989250932769,0.7265876646170507,0.7662607064838606,78227.15,57.229999999995925,0.9538333333332656,0.0,791.0339721666189,1.0,1.0,1.0,78227.15,57.229999999995925,0.3179444444444218,0.0,299.7646573888761,0.9999553620683476,0.9999989995684976,0.9999713599991018,78227.14,57.22000000000117,0.1907333333333372,0.0,201.48504206667437,0.99577426203621,0.9993006700092494,0.9965800094914168,78282.5,112.58000000000176,0.1876333333333362,0.0,199.0900719666736,0.99536830011847,0.9992028583751762,0.996234330264154,78272.24,102.32000000000698,0.1136888888888966,0.0,141.96273857778843,0.9682377714483384,0.987810031853108,0.9716468360428536,78285.96,116.04000000000816,0.0644666666666712,0.0,103.9350771333415,0.9128423750423916,0.9503326675016406,0.9185104487205388,78374.09,204.16999999999825,0.0567138888888884,0.0,97.94550585278206,0.8997594567983469,0.93980177930968,0.9056986184628162,-0.0453715029590435,True,0.7376857514795218,0.8237152549984179,0.715,heartbeat:9338,two_side_all_heartbeats,0.7598229578377178,0.715,0.784766303294955,0.045371502959043575,0.08964591567543567,2026-05-02 05:00:00+00:00,0.4792569940819129,0.5207430059180871,0.3907081686491287,0.6092918313508713,0.46747858703227885,0.5325214129677212,0.5207430059180871,0.4792569940819129,0.0,0.6884829538467565,0.7460396903780664,0.6874914769233783,0.7155689031269993,0.5951857514795218,0.6178715029590436,0.7653406038867638,0.6203204321217081,0.6664357514795218,0.685861450887713,0.6470100520713304,0.6977476686393623,0.6178715029590436,0.6680273201021706,0.6383069715649788,0.6682229063497623,0.7009190423939247,0.6178715029590436,0.6916060534229037,0.6178715029590436,train,2,74.0,28.0,26.0,0.74,-3.9080957606075373
KXBTC15M-26MAY020115-15,heartbeat:9425,live_heartbeat_two_side,heartbeat:9425:no,2026-05-02 05:04:08.911000+00:00,2026-05-02 05:04:00+00:00,no,no,True,True,1,71.0,70.0,70.5,0.705,29.5,41.0,1.0,78144.1,78174.98,651.089,,9425,False,False,synced,bid>=98,latest_quote,-1.0,30.879999999990105,1.2101998997267611,9.374168114447263,,,43.20952215293588,0.7146572899069183,0.7625895824799984,59.30106133385143,0.5207326699625621,0.6987234937937683,64.9138953316049,0.4757070861676579,0.68285846407338,66.8216839035256,0.4621254388706124,0.678004315776904,78158.85,14.75,0.2458333333333333,0.0,190.9393791666568,0.9993586684361296,0.9983664722636608,0.9978646761263572,78158.19,14.089999999996508,0.0782777777777583,0.0,81.84580005553303,0.9162335055713764,0.8963160961612422,0.8896820437641166,78171.6,27.5,0.0916666666666666,0.0,90.56315833332344,0.9366413751825192,0.918511297567934,0.9123383594037198,78185.61,41.50999999999476,0.0691833333333246,0.0,75.9245073166511,0.899784202919294,0.8789227802277941,0.8720689186587371,78170.07,25.970000000001164,0.0288555555555568,0.0,49.66753481110206,0.7988579304622649,0.7779027757483417,0.7713453315748944,78266.06,121.95999999999184,0.067755555555551,0.0,74.99489691109827,0.8970010140746442,0.8760158035694401,0.8691354762556294,78405.01,260.90999999998894,0.0724749999999969,0.0,78.06767527498812,0.9059907181016048,0.8854410604674028,0.8786568165399109,0.0062765062062316,True,0.7018617468968842,0.7801216229920959,0.6987234937937683,heartbeat:9425,two_side_all_heartbeats,0.69392923203669,0.6987234937937683,0.7494453231746343,0.006276506206231658,0.022141535926619937,2026-05-02 05:15:00+00:00,0.6025530124124634,0.3974469875875366,0.63428307185324,0.36571692814676005,0.643991368446192,0.356008631553808,0.36571692814676005,0.63428307185324,0.0,0.6083405419318988,0.587716003295394,0.6419202709659493,0.6650844084842014,0.5543617468968841,0.5512234937937683,0.7186900219333879,0.4911111251057885,0.6281117468968842,0.6588670481381305,0.5973564456556378,0.6516489958625122,0.5512234937937683,0.6161201115291076,0.580591227195703,0.6314445350599543,0.6546075980905324,0.5512234937937683,0.6349567578635782,0.5512234937937683,train,2,73.0,29.0,27.0,0.73,-7.539240190946757
KXBTC15M-26MAY020130-30,heartbeat:9492,live_heartbeat_two_side,heartbeat:9492:yes,2026-05-02 05:19:25.624000+00:00,2026-05-02 05:19:00+00:00,yes,no,True,False,1,75.0,74.0,74.5,0.745,25.5,49.0,1.0,78123.33,78085.19,634.376,,9492,False,False,synced,bid>=98,last_decisive_quote,1.0,38.13999999999942,1.5142839407822102,11.729592968157675,,,23.10246391905365,1.6509061602101942,0.9506211311164884,68.59520824898313,0.5560155144009613,0.7108998755349994,62.65039679061877,0.6087750749203632,0.7286632315369279,59.64827180869056,0.639415004718419,0.7387235048251909,78109.07,14.25999999999476,0.2376666666665793,0.0,188.91002933327732,0.997056257632544,0.9987163935039174,0.9992300738676816,78090.96,32.36999999999534,0.1798333333333074,0.0,152.22195066664966,0.986761191160322,0.9924444311638106,0.9946445609378942,78078.05,45.27999999999884,0.1509333333333294,0.0,133.88848426666362,0.9745227944912588,0.9837039810322012,0.9876041514517332,78192.88,-69.55000000000291,-0.1159166666666715,69.55000000000291,-35.394751333336984,0.3029291194393587,0.2860516628578755,0.276459734691458,78144.1,-20.770000000004075,-0.0230777777777823,20.770000000004075,23.500011644440992,0.6340464231280004,0.6462060481997335,0.6532007699932422,78170.07,-46.74000000000524,-0.0259666666666695,46.74000000000524,21.66736986666424,0.6239505227603347,0.635270658046762,0.6417917760205518,78304.24,-180.9100000000035,-0.0502527777777787,180.9100000000035,6.260843844443247,0.5363618944676851,0.5398012524044342,0.541797298097996,0.0341001244650005,True,0.7279499377674997,0.8101408900087527,0.7108998755349994,heartbeat:9492,two_side_all_heartbeats,0.736831615768464,0.7108998755349994,0.7806745215587516,0.03410012446500055,0.016336768463072082,2026-05-02 05:30:00+00:00,0.5782002489300011,0.4217997510699989,0.5426735369261442,0.4573264630738558,0.5225529903496182,0.4774470096503818,0.4217997510699989,0.5782002489300011,0.4154000000000815,0.6241698381954992,0.6472622009980062,0.6718349190977496,0.6947871985468754,0.6004499377674997,0.5833998755349994,0.7275844966657474,0.43617203051910847,0.6641999377674996,0.6965199626604998,0.6318799128744995,0.6797665836899996,0.5833998755349994,0.6449920445063637,0.6102175053227279,0.6691699678277824,0.683421753696324,0.5833998755349994,0.6554921861003734,0.5833998755349994,train,2,77.0,-75.0,-77.0,0.77,-8.6578246303676
KXBTC15M-26MAY020145-45,heartbeat:9571,live_heartbeat_two_side,heartbeat:9571:yes,2026-05-02 05:32:11.711000+00:00,2026-05-02 05:32:00+00:00,yes,yes,True,True,1,80.0,78.0,79.0,0.79,21.0,58.0,2.0,78154.47,78090.86,768.289,,9571,False,False,synced,bid>=98,last_decisive_quote,1.0,63.61000000000058,2.2948964174085345,17.77619121178864,,,95.1086744740644,0.6688138632123053,0.7481928888813748,97.3971684781878,0.6530990684215435,0.7431537935945904,86.02827024349155,0.7394081017781824,0.7701703879349099,78.49817002013197,0.8103373617969297,0.7911268461691818,78106.0,48.47000000000117,0.8078333333333527,0.0,684.2594638333488,0.9999999999989332,0.9999999999999992,1.0,78059.98,94.49000000000524,0.5249444444444735,0.0,466.9190422778007,0.9999991824337412,0.999999971426693,0.999999998644066,78066.04,88.43000000000757,0.2947666666666919,0.0,290.07598756668665,0.998550642290506,0.9996266991424902,0.9998901957059256,78048.62,105.85000000000582,0.1764166666666763,0.0,199.14898441667472,0.9795582815785654,0.9896914786488566,0.9944094747129844,78095.65,58.820000000006985,0.0653555555555633,0.0,113.82195442222876,0.8787250834572592,0.9070949759551268,0.9264700439168684,78151.02,3.4499999999970896,0.001916666666665,0.0,65.082553916666,0.7480028183246016,0.7753328138087285,0.7964750831612162,78272.24,-117.77000000000407,-0.03271388888889,117.77000000000407,38.47627901944416,0.6535952162978527,0.6726532852017075,0.6879879276956332,0.0468462064054095,True,0.7665768967972952,0.8439014786283655,0.7431537935945904,heartbeat:9571,two_side_all_heartbeats,0.7800851939674549,0.7431537935945904,0.8176562665364784,0.046846206405409596,0.019829612065090152,2026-05-02 05:45:00+00:00,0.5136924128108191,0.4863075871891809,0.45965922413018023,0.5403407758698198,0.41774630766163634,0.5822536923383637,0.4863075871891809,0.5136924128108191,0.0,0.6660999316729675,0.7012215043153828,0.7175499658364839,0.7384050300655345,0.6615768967972953,0.6381537935945905,0.7872870252553965,0.5861626514182314,0.7140768967972952,0.7444461380783771,0.6837076555162133,0.723769195729727,0.6381537935945905,0.6920250635272883,0.6602809313248497,0.7203387873829551,0.728080124927192,0.6381537935945905,0.7127204094249935,0.6381537935945905,train,2,82.0,20.0,18.0,0.82,-9.1919875072808
KXBTC15M-26MAY020200-00,heartbeat:9637,live_heartbeat_two_side,heartbeat:9637:yes,2026-05-02 05:47:13.036000+00:00,2026-05-02 05:47:00+00:00,yes,yes,True,True,1,67.0,66.0,66.5,0.665,33.5,33.0,1.0,78225.99,78189.11,766.964,,9637,False,False,synced,bid>=98,last_decisive_quote,1.0,36.88000000000466,1.331690871343729,10.315233134021412,,,82.23238405670526,0.4484851123199005,0.6730984358672405,56.16305190582558,0.6566594718151211,0.7443000502916604,78.13536658169184,0.4720013690784441,0.6815370943141636,74.10553337235339,0.4976686398665542,0.6906411923751784,78180.01,45.98000000001048,0.766333333333508,0.0,624.6300786668053,1.0,0.9999999999999992,1.0,78192.0,33.99000000000524,0.1888333333333624,0.0,181.70836866669364,0.9993925784119764,0.9899789431079098,0.9928971933250836,78192.54,33.45000000001164,0.1115000000000388,0.0,122.39648600003444,0.9853455347105128,0.9413803548765612,0.950697152114108,78154.5,71.49000000000524,0.1191500000000087,0.0,128.26376060001138,0.9888076142298136,0.9496592136161288,0.9582585703755796,78154.47,71.52000000000407,0.0794666666666712,0.0,97.82807253334148,0.9592333701812122,0.8947211154742545,0.9066022421646568,78095.65,130.34000000001106,0.0724111111111172,0.0,92.4167154222316,0.9500673872121148,0.8815512332872544,0.8938188531796036,78169.92,56.070000000006985,0.0155750000000019,0.0,48.82546430000615,0.8076726992259252,0.7339760832168698,0.7450084308093567,-0.0793000502916603,True,0.7046500251458302,0.7982151950007244,0.665,heartbeat:9637,two_side_all_heartbeats,0.6732685471570818,0.665,0.7528591220296007,0.07930005029166032,0.016537094314163614,2026-05-02 06:00:00+00:00,0.5113998994166793,0.4886001005833207,0.6369258113716727,0.3630741886283273,0.6187176152496432,0.3812823847503568,0.3630741886283273,0.6369258113716727,0.0,0.6675900653791584,0.5859982226084127,0.6495450326895793,0.6815795861606306,0.5371500251458302,0.5768000502916604,0.7352191320879328,0.587134654054372,0.6209000251458302,0.638540015087498,0.6032600352041623,0.6620333668611069,0.5768000502916604,0.6278264884491667,0.5936196100372264,0.6219077861557235,0.6655030947733077,0.5768000502916604,0.6560095911897965,0.5768000502916604,train,2,69.0,33.0,31.0,0.69,-2.449690522669229
KXBTC15M-26MAY020215-15,heartbeat:9707,live_heartbeat_two_side,heartbeat:9707:yes,2026-05-02 06:03:14.452000+00:00,2026-05-02 06:03:00+00:00,yes,yes,True,True,1,78.0,77.0,77.5,0.775,22.5,55.0,1.0,78244.12,78205.92,705.548,,9707,False,False,synced,bid>=98,latest_quote,1.0,38.19999999999709,1.438136405655085,11.139756697353477,,,87.43117926079017,0.4369150722084387,0.6689135296082316,66.32554731769562,0.5759469999851076,0.7176744970235165,59.7809022599341,0.6390000578094185,0.7385885528588196,71.57973700752011,0.5336705832823028,0.7032152675565634,78229.63,14.489999999990689,0.2414999999998447,0.0,208.5898419998876,0.999169394458457,0.9997578008733614,0.998216368448696,78179.6,64.51999999998952,0.3584444444443862,0.0,291.0997608888449,0.9999943051361856,0.9999994404367758,0.9999761674234452,78220.74,23.379999999990105,0.0779333333333003,0.0,93.18570746664048,0.9199855801568444,0.9404766270217632,0.9035152749763884,78214.17,29.94999999999709,0.0499166666666618,0.0,73.418604333327,0.8658407264888895,0.8903005530585607,0.8474810821849362,78232.79,11.330000000001746,0.0125888888888908,0.0,47.08206537777623,0.7611055141506179,0.7845279221885678,0.7446528208910684,78161.4,82.72000000000116,0.0459555555555562,0.0,70.62385031110865,0.8565181679616825,0.8812737282740478,0.8380918571202811,78158.85,85.26999999998952,0.0236861111111082,0.0,54.91168832221726,0.7961397103098602,0.8208342423854675,0.7785008959621419,0.0573255029764835,True,0.7463372485117583,0.804220025726787,0.7176744970235165,heartbeat:9707,two_side_all_heartbeats,0.7567942764294098,0.7176744970235165,0.7867994651384239,0.05732550297648353,0.036411447141180386,2026-05-02 06:15:00+00:00,0.564651005952967,0.435348994047033,0.5228228942823607,0.47717710571763927,0.5935694648868732,0.40643053511312677,0.435348994047033,0.564651005952967,0.0,0.6329768461305715,0.6601651187164654,0.6927384230652858,0.7072369810809702,0.6338372485117583,0.6051744970235166,0.7528343645431272,0.5273475520627174,0.6900872485117583,0.724052349107055,0.6561221479164616,0.6992829980156777,0.6051744970235166,0.6640129427465584,0.628742887477439,0.6967602821617181,0.7038287010746929,0.6051744970235166,0.6790044307833218,0.6051744970235166,train,2,80.0,22.0,20.0,0.8,-9.617129892530713
KXBTC15M-26MAY020230-30,heartbeat:9792,live_heartbeat_two_side,heartbeat:9792:no,2026-05-02 06:23:01.003000+00:00,2026-05-02 06:23:00+00:00,no,no,True,True,1,90.0,89.0,89.5,0.895,10.5,79.0,1.0,78159.23,78210.57,418.997,,9792,False,False,synced,bid>=98,latest_quote,-1.0,51.34000000001106,2.50813210655196,19.42790775752773,,,43.95164506249717,1.1681018975969613,0.878617167501146,44.29517349940559,1.1590427566718982,0.8767806213945766,45.09601719176116,1.1384597398412968,0.8725357195214114,47.10417290956107,1.0899246675784473,0.8621268352631535,78198.52,39.29000000000815,0.6548333333334692,0.0,325.7132021667346,0.9999999999999032,0.9999999999997452,0.9999999999976564,78202.05,42.820000000006985,0.2378888888889277,0.0,151.01473077780508,0.9996743292531444,0.9995940968753528,0.9993269681137568,78222.74,63.51000000000931,0.211700000000031,0.0,140.04166490002407,0.9992153563916396,0.9990499258194708,0.9985255755294922,78234.06,74.83000000000175,0.1247166666666695,0.0,103.5959091833456,0.9903261465464752,0.9891971646029698,0.986071476145179,78263.29,104.05999999999769,0.1156222222222196,0.0,99.78536424445444,0.9878621231649756,0.9865419084925886,0.982929293183236,78214.17,54.94000000000233,0.0305222222222235,0.0,64.12871954445605,0.926157716283064,0.92249390104667,0.9133100249153128,78067.05,-92.17999999999302,-0.0256055555555536,92.17999999999302,40.61134903890076,0.8203853487057149,0.8160869564553361,0.805700350587652,0.0182193786054234,True,0.8858903106972883,0.9236653259287387,0.8767806213945766,heartbeat:9792,two_side_all_heartbeats,0.8837678597607057,0.8767806213945766,0.9103772576967009,0.018219378605423442,0.022464280478588616,2026-05-02 06:30:00+00:00,0.24643875721084685,0.7535612427891532,0.2549285609571772,0.7450714390428228,0.27574632947369304,0.724253670526307,0.7450714390428228,0.2549285609571772,0.0,0.8398148078129495,0.8342964353778348,0.8621574039064749,0.8725789395456387,0.8333903106972883,0.8242806213945766,0.8962333819756163,0.8534827784283171,0.8596403106972883,0.8737841864183729,0.8454964349762035,0.8653537475963843,0.8242806213945766,0.8503635412870182,0.835373334977652,0.8634497541077495,0.8680231893250762,0.8242806213945766,0.8602570016850964,0.8242806213945766,train,1,91.0,10.0,9.0,0.91,-4.197681067492383
KXBTC15M-26MAY020245-45,heartbeat:9857,live_heartbeat_two_side,heartbeat:9857:yes,2026-05-02 06:36:02.094000+00:00,2026-05-02 06:36:00+00:00,yes,yes,True,True,1,78.0,77.0,77.5,0.775,22.5,55.0,1.0,78175.23,78149.96,537.906,,9857,False,False,synced,bid>=98,last_decisive_quote,1.0,25.269999999989523,1.089562249427955,8.439712893381525,,,28.151173915882065,0.8976535072923879,0.8153148483814961,41.474795910155486,0.6092856985898255,0.7288324575731765,41.67733962659285,0.6063246893010806,0.7278504165086961,47.844033451401216,0.5281745324766183,0.7013108980602564,78157.94,17.289999999993597,0.2881666666665599,0.0,180.2765789999321,0.9999930884930016,0.9999923917189464,0.9999177214460054,78157.65,17.580000000001746,0.0976666666666763,0.0,77.80548599999474,0.9696703219868068,0.969038973249241,0.9480498172695848,78164.85,10.379999999990105,0.034599999999967,0.0,43.88154759997178,0.8549789484282639,0.8538037093536754,0.8204756019084013,78161.41,13.819999999992431,0.0230333333333207,0.0,37.659768199982736,0.8180650516052062,0.8168970191757374,0.7843989146953072,78206.37,-31.139999999999414,-0.0345999999999993,31.139999999999414,6.658452399989873,0.5637729845448886,0.5634656946043386,0.5553420785160157,78281.47,-106.24000000000524,-0.0590222222222251,106.24000000000524,-6.478407466678707,0.4379372669844195,0.4382364524099739,0.4461451240306975,78146.39,28.839999999996508,0.0080111111111101,0.0,29.57922473332233,0.7621345236734739,0.7610609817904395,0.7317923187673984,0.0461675424268235,True,0.7519162287865883,0.7862704686671469,0.7288324575731765,heartbeat:9857,two_side_all_heartbeats,0.751425208254348,0.7288324575731765,0.7771455269576057,0.04616754242682353,0.04714958349130394,2026-05-02 06:45:00+00:00,0.542335084853647,0.457664915146353,0.5442991669826078,0.45570083301739217,0.5973782038794873,0.40262179612051274,0.45570083301739217,0.5442991669826078,0.6227999999999883,0.6474821948451294,0.6462055414613048,0.6999910974225648,0.7079889922653911,0.6394162287865883,0.6163324575731766,0.7142720184722416,0.4186028099891817,0.6956662287865882,0.727399737271953,0.6639327203012235,0.7067216383821178,0.6163324575731766,0.6734036915193115,0.640085744656505,0.7016958350766407,0.7109138647798012,0.6163324575731766,0.6653022380227092,0.6163324575731766,train,2,80.0,22.0,20.0,0.8,-8.908613522019877
KXBTC15M-26MAY020300-00,heartbeat:9909,live_heartbeat_two_side,heartbeat:9909:yes,2026-05-02 06:47:32.898000+00:00,2026-05-02 06:47:00+00:00,yes,yes,True,True,1,74.0,73.0,73.5,0.735,26.5,47.0,1.0,78242.61,78229.49,747.102,,9909,False,False,synced,bid>=98,last_decisive_quote,1.0,13.119999999995343,0.480002926855868,3.7180866836871873,,,17.979013358761414,0.7297397103051705,0.7672253484763691,26.327825468892897,0.4983320789442717,0.6908749994488979,41.77316467994543,0.3140772335665061,0.623268809872918,51.69905734252492,0.2537763873153548,0.6001658417139636,78240.97,1.639999999999418,0.0273333333333236,0.0,33.5407879999881,0.8986624924585942,0.7889914399480473,0.7417564154754801,78217.92,24.69000000000233,0.1371666666666796,0.0,115.597491000005,0.9999943505920718,0.9971735762480376,0.9873230999894068,78201.45,41.16000000000349,0.1372000000000116,0.0,115.62239440000404,0.9999943751188652,0.9971787410120654,0.9873388692776748,78192.53,50.08000000000175,0.0834666666666695,0.0,75.47811359999751,0.9979271492680356,0.964607670744845,0.9278482908768324,78161.39,81.22000000000116,0.0902444444444457,0.0,80.54180493332964,0.9988903160966218,0.9730771165127224,0.9403711635336428,78209.29,33.320000000006985,0.0185111111111149,0.0,26.949688133331577,0.8469925974188908,0.7405829209402682,0.6989141580523518,78225.99,16.619999999995343,0.0046166666666653,0.0,16.569120899994378,0.7354363477611862,0.654185403458645,0.625702204933053,0.0441250005511021,True,0.7129374997244489,0.808623124855921,0.6908749994488979,heartbeat:9909,two_side_all_heartbeats,0.6791344049364589,0.6908749994488979,0.7747613748584423,0.044125000551102134,0.11173119012708199,2026-05-02 07:00:00+00:00,0.6182500011022043,0.3817499988977957,0.753462380254164,0.246537619745836,0.7996683165720728,0.20033168342792718,0.246537619745836,0.753462380254164,0.0,0.5981374992835672,0.5102494528347934,0.6533187496417836,0.6798181871536702,0.5804374997244489,0.5583749994488978,0.739436374748222,0.48174943640968226,0.6466874997244489,0.6820124998346693,0.6113624996142284,0.6614166662992652,0.5583749994488978,0.6238890259327183,0.5863613855661715,0.6518895139709076,0.6651450852025096,0.5583749994488978,0.6489056870985599,0.5583749994488978,train,2,76.0,26.0,24.0,0.76,-9.485491479749044
KXBTC15M-26MAY020315-15,heartbeat:10004,live_heartbeat_two_side,heartbeat:10004:no,2026-05-02 07:09:50.121000+00:00,2026-05-02 07:09:00+00:00,no,no,True,True,1,73.0,72.0,72.5,0.725,27.5,45.0,1.0,78316.53,78328.56,309.879,,10004,False,False,synced,bid>=98,last_decisive_quote,-1.0,12.029999999998836,0.6833914711774869,5.293527573621185,,,16.764539299612938,0.7175860776726853,0.7634937277498861,25.70275204802017,0.4680432654652435,0.680123175013931,33.02224086958228,0.3642999288724833,0.6421829735107673,32.977828946096594,0.3647905391122711,0.6423661160674528,78320.09,3.559999999997672,0.0593333333332945,0.0,30.41615399998681,0.8816709510368123,0.8214958937213058,0.82181949603672,78303.26,-13.270000000004076,-0.0737222222222448,13.270000000004076,-10.81496850000818,0.3369612143584566,0.3716427576008037,0.3714760007321798,78310.19,-6.339999999996508,-0.0211333333333216,6.339999999996508,5.481223800002443,0.5844357128353742,0.5659159461598064,0.5660039026384068,78331.98,15.44999999999709,0.0257499999999951,0.0,20.00938424999733,0.7818604597049132,0.7277215717709087,0.7279924535281574,78322.55,6.0200000000040745,0.0066888888888934,0.0,14.102746200000238,0.708389602219647,0.6653351424395648,0.6655445664661371,78203.64,-112.88999999999942,-0.0627166666666663,112.88999999999942,-7.4045779500010624,0.3866408278697901,0.4112891601896173,0.4111716843176169,78246.71,-69.81999999999243,-0.0193944444444423,69.81999999999243,6.020068949999487,0.5925924579471135,0.5723277104193396,0.5724240391854367,0.0448768249860689,True,0.7025615875069655,0.6631862959497684,0.680123175013931,heartbeat:10004,two_side_all_heartbeats,0.6835914867553836,0.5844357128353742,0.6834240950712541,0.04487682498606893,0.08281702648923273,2026-05-02 07:15:00+00:00,0.6397536499721381,0.3602463500278619,0.7156340529784657,0.2843659470215343,0.7152677678650945,0.2847322321349055,0.2843659470215343,0.7156340529784657,0.0,0.5841601275181103,0.5348378655639974,0.6408300637590552,0.6267736350425925,0.5650615875069654,0.542623175013931,0.6469487300740403,0.4186899213113993,0.6338115875069654,0.6702869525041792,0.5973362225097517,0.6492487833426207,0.542623175013931,0.6104539219586588,0.5716590605746968,0.6387987153254236,0.6528405328518175,0.542623175013931,0.5947859525439856,0.542623175013931,train,2,75.0,27.0,25.0,0.75,-9.715946714818244
KXBTC15M-26MAY020330-30,heartbeat:10058,live_heartbeat_two_side,heartbeat:10058:yes,2026-05-02 07:21:50.970000+00:00,2026-05-02 07:21:00+00:00,yes,yes,True,True,1,74.0,72.0,73.0,0.73,27.0,46.0,2.0,78323.56,78310.48,489.03,,10058,False,False,synced,bid>=98,last_decisive_quote,1.0,13.080000000001746,0.5914799029161857,4.5815836272215344,,,13.949965872524867,0.9376367024498202,0.8257844285004491,24.724497575017168,0.5290299614912464,0.7016076671591558,38.95933949132319,0.335734644652147,0.6314645109768791,37.843100550369,0.3456376409378064,0.6351924729535274,78314.4,9.160000000003492,0.1526666666667248,0.0,87.73858000003021,0.9998063940595856,0.9878406055367516,0.989788453293814,78305.76,17.80000000000291,0.098888888888905,0.0,61.43963333334298,0.9935218813318768,0.942604466838215,0.9477625551464112,78309.5,14.059999999997672,0.0468666666666589,0.0,35.99920599999795,0.9273055771145876,0.8222620293196953,0.8292676733695072,78303.26,20.30000000000291,0.0338333333333381,0.0,29.62551500000412,0.8845853130088994,0.7764986285509183,0.7831427383767087,78303.26,20.30000000000291,0.0225555555555587,0.0,24.110343333336655,0.8352595727689007,0.7319954209537312,0.7379744827135555,78303.98,19.580000000001743,0.0108777777777787,0.0,18.399559666668885,0.7716172231004901,0.681635088272428,0.686589601496342,78206.37,117.19000000000231,0.0325527777777784,0.0,28.999284916668728,0.8795814102408266,0.7716668483897962,0.7782520101592934,0.0283923328408441,True,0.7158038335795779,0.7863044147579145,0.7016076671591558,heartbeat:10058,two_side_all_heartbeats,0.6807322554884395,0.7016076671591558,0.7609434155706642,0.028392332840844192,0.09853548902312093,2026-05-02 07:30:00+00:00,0.5967846656816884,0.4032153343183116,0.7370709780462419,0.2629290219537581,0.7296150540929451,0.27038494590705486,0.2629290219537581,0.7370709780462419,0.0,0.6120899673069025,0.5209038642699427,0.6575449836534513,0.67727554136491,0.5808038335795779,0.5666076671591558,0.7282649490024955,0.49594589202977035,0.6483038335795779,0.6809823001477467,0.615625367011409,0.6660717781061039,0.5666076671591558,0.6304315312731427,0.5947912844401814,0.6527894214303566,0.6694880494003769,0.5666076671591558,0.6474363080808256,0.5666076671591558,train,2,76.0,26.0,24.0,0.76,-9.05119505996231
KXBTC15M-26MAY020345-45,heartbeat:10122,live_heartbeat_two_side,heartbeat:10122:no,2026-05-02 07:32:37.051000+00:00,2026-05-02 07:32:00+00:00,no,no,True,True,1,73.0,72.0,72.5,0.725,27.5,45.0,1.0,78303.26,78319.47,742.949,,10122,False,False,synced,bid>=98,last_decisive_quote,-1.0,16.210000000006403,0.5947076343078407,4.606585527073356,,,49.2929407943027,0.3288503331065198,0.6288655917027217,34.6109787528616,0.4683485005076945,0.6802323050193904,33.35802387567059,0.485940056294193,0.686495166454852,43.68373589336724,0.3710763209349881,0.64470965644596,78329.98,26.720000000001164,0.4453333333333527,0.0,347.06995466668747,1.0,1.0,0.9999999999999992,78320.56,17.30000000000291,0.0961111111111272,0.0,87.61565388890729,0.994320255186049,0.9956869059085036,0.9775548712692456,78326.23,22.970000000001164,0.0765666666666705,0.0,73.09512843334261,0.9826527371505952,0.985782451603108,0.9528639215082548,78329.85,26.59000000001106,0.0443166666666851,0.0,49.13502318335343,0.9221432940383312,0.9296190419417554,0.8696609538592337,78305.79,2.529999999998836,0.0028111111111098,0.0,18.29851218889433,0.7014900814315668,0.7083425191874227,0.6623503322600045,78334.41,31.15000000000873,0.0173055555555604,0.0,29.06714519445445,0.7994965806488642,0.8082236245397973,0.7471025648040881,78161.39,-141.86999999999534,-0.039408333333332,141.86999999999534,-13.0683818416593,0.3528716504750252,0.347617306639794,0.3824093732902508,0.0447676949806096,True,0.7026161525096952,0.7959616807233285,0.6802323050193904,heartbeat:10122,two_side_all_heartbeats,0.705747583227426,0.6802323050193904,0.7631002389359363,0.04476769498060962,0.038504833545148,2026-05-02 07:45:00+00:00,0.6395353899612193,0.3604646100387807,0.627009667090296,0.37299033290970396,0.71058068710808,0.28941931289192,0.3604646100387807,0.6395353899612193,0.0,0.5843019965252074,0.5924437163913076,0.6409009982626037,0.6666662719776633,0.5651161525096952,0.5427323050193904,0.7266466999398142,0.4587298837538403,0.6338661525096951,0.670319691505817,0.5974126135135732,0.6493215366795936,0.5427323050193904,0.6105444281878052,0.5717673196960168,0.6388494435777003,0.6529116480805232,0.5427323050193904,0.6346895024796023,0.5427323050193904,train,2,75.0,27.0,25.0,0.75,-9.708835191947685
KXBTC15M-26MAY020400-00,heartbeat:10207,live_heartbeat_two_side,heartbeat:10207:no,2026-05-02 07:52:08.804000+00:00,2026-05-02 07:52:00+00:00,no,no,True,True,1,69.0,67.0,68.0,0.68,32.0,36.0,2.0,78206.39,78219.92,471.196,,10207,False,False,synced,bid>=98,last_decisive_quote,-1.0,13.529999999998836,0.6232998165512705,4.828059618394418,,,19.8000343394276,0.6833321482204044,0.7528015078264054,24.173954408606967,0.5596932868865498,0.7121556689531492,25.91417315543171,0.5221081112195508,0.6992024703582701,33.010964711893465,0.4098638170099929,0.6590470754098717,78213.26,6.869999999995343,0.1144999999999223,0.0,67.48194199996226,0.9973768988942278,0.9953936065308976,0.97953449128399,78230.59,24.19999999999709,0.1344444444444282,0.0,76.87968444443567,0.999264308711994,0.9984949476340036,0.9900681781669832,78227.6,21.210000000006403,0.0707000000000213,0.0,46.843557200008895,0.9736743390646798,0.9646689097872438,0.9220549000841144,78234.07,27.680000000007567,0.0461333333333459,0.0,35.267842133338114,0.9277063027209316,0.9132349385145164,0.8573226163754608,78268.66,62.27000000000408,0.0691888888888934,0.0,46.13152768888986,0.9718247633396128,0.9624755938566656,0.9188624699586092,78329.85,123.4600000000064,0.0685888888888924,0.0,45.8488100888894,0.9710609582677386,0.9615744307555064,0.9175678724843888,78311.31,104.91999999999824,0.0291444444444439,0.0,27.26274564444305,0.8702922102939222,0.8536093913913372,0.7955609099272587,-0.0321556689531491,True,0.6960778344765746,0.7886100026726096,0.68,heartbeat:10207,two_side_all_heartbeats,0.6896012351791351,0.68,0.7483815684988808,0.03215566895314914,0.019202470358270052,2026-05-02 08:00:00+00:00,0.5756886620937016,0.4243113379062984,0.6015950592834598,0.3984049407165402,0.6819058491802565,0.31809415081974346,0.3984049407165402,0.6015950592834598,0.0,0.625802369639094,0.608963211465751,0.636901184819547,0.666268618726015,0.5360778344765746,0.5521556689531492,0.7228127022895106,0.5216787718127663,0.6160778344765746,0.6416467006859448,0.5905089682672044,0.6481037793020995,0.5521556689531492,0.6135518216366095,0.5789998639711195,0.6181204414926692,0.6509030303721552,0.5521556689531492,0.6374841856213298,0.5521556689531492,train,2,71.0,31.0,29.0,0.71,-5.90969696278448
KXBTC15M-26MAY020415-15,heartbeat:10249,live_heartbeat_two_side,heartbeat:10249:no,2026-05-02 08:01:09.640000+00:00,2026-05-02 08:01:00+00:00,no,yes,True,False,1,73.0,72.0,72.5,0.725,27.5,45.0,1.0,78176.36,78212.66,830.36,,10249,False,False,synced,bid>=98,latest_quote,-1.0,36.30000000000291,1.2597182318298303,9.757735465581574,,,77.81423545741967,0.4664956198132467,0.6795696089267396,50.951868051141226,0.7124370781375082,0.7619029189288039,44.81569069987681,0.8099841692298785,0.7910253628282826,39.16958687062392,0.9267394144314268,0.8229690759802462,78220.21,43.85000000000582,0.7308333333334304,0.0,643.1547666667501,1.0,1.0,1.0,78206.64,30.27999999999884,0.1682222222222157,0.0,175.98500444444198,0.9997237760810168,0.9999569692240202,0.9999964869972584,78216.77,40.41000000000349,0.1347000000000116,0.0,148.14949200001257,0.9981791409334548,0.9995263880426332,0.9999222939905056,78213.26,36.89999999999418,0.0614999999999903,0.0,87.36713999999486,0.9567998275427756,0.9743807322452628,0.9871423384589572,78237.52,61.16000000000349,0.0679555555555594,0.0,92.72757511111725,0.9656132867624504,0.9807310509442072,0.9910416719070706,78329.98,153.61999999999534,0.0853444444444418,0.0,107.16661288888966,0.9822798364809944,0.9916049999744664,0.9968901165366176,78344.32,167.9600000000064,0.0466555555555573,0.0,75.0409071111155,0.929594855950982,0.9529773123011104,0.972304416491527,-0.0369029189288039,True,0.7434514594644019,0.8283606866207528,0.725,heartbeat:10249,two_side_all_heartbeats,0.7580126814141412,0.725,0.7907067038653322,0.03690291892880393,0.06602536282828264,2026-05-02 08:15:00+00:00,0.4761941621423922,0.5238058378576078,0.41794927434343476,0.5820507256565652,0.3540618480395077,0.6459381519604923,0.5238058378576078,0.4761941621423922,0.0,0.6904737946074451,0.7283329716767674,0.6939868973037225,0.721304811397068,0.605951459464402,0.6244029189288038,0.770587287651093,0.6236237519509533,0.6747014594644019,0.6948208756786411,0.6545820432501627,0.7037686126192026,0.6244029189288038,0.6747150948815714,0.6456615771439402,0.6767420833712137,0.7068788658412648,0.6244029189288038,0.6974951032899483,0.6244029189288038,train,2,75.0,-73.0,-75.0,0.75,-4.312113415873526
KXBTC15M-26MAY020430-30,heartbeat:10341,live_heartbeat_two_side,heartbeat:10341:yes,2026-05-02 08:22:10.998000+00:00,2026-05-02 08:22:00+00:00,yes,yes,True,True,1,74.0,73.0,73.5,0.735,26.5,47.0,1.0,78276.99,78257.26,469.002,,10341,False,False,synced,bid>=98,last_decisive_quote,1.0,19.73000000001048,0.9110448089489604,7.056922745416084,,,20.495792656663127,0.9626365923250256,0.8321350363311906,33.01054506058507,0.5976877983625996,0.7249758657642587,37.28751705958277,0.5291315044786532,0.7016428859751668,33.10180454766448,0.596040012610205,0.7244257515986432,78261.12,15.870000000009895,0.2645000000001649,0.0,143.78102900008784,0.9999933651285314,0.9999423735514849,0.9999929916981865,78247.9,29.09000000001106,0.1616111111111725,0.0,95.52593433337262,0.9980969509535738,0.9947945515215878,0.9980480390563706,78244.44,32.55000000000291,0.1085000000000097,0.0,70.61671700001503,0.9837909483297628,0.9708770985310888,0.983550727115578,78254.09,22.90000000000873,0.0381666666666812,0.0,37.6302430000173,0.8728456269777868,0.8435585842267191,0.8721897531115712,78206.37,70.6200000000099,0.0784666666666776,0.0,56.53102360001564,0.9565990150481772,0.9352509960813696,0.9561626025897456,78206.39,70.60000000000582,0.0392222222222254,0.0,38.12530066667866,0.8759431323523925,0.8467203233567108,0.8752899359823867,78329.85,-52.86000000000058,-0.0146833333333334,52.86000000000058,12.843487300010402,0.6513886525717587,0.6347440580249925,0.6509918393978728,0.0100241342357413,True,0.7299879328821293,0.8145889380313404,0.7249758657642587,heartbeat:10341,two_side_all_heartbeats,0.7183214429875834,0.7249758657642587,0.7817509493952302,0.010024134235741333,0.03335711402483321,2026-05-02 08:30:00+00:00,0.5500482684714827,0.4499517315285173,0.5967142280496665,0.40328577195033355,0.5511484968027136,0.4488515031972864,0.40328577195033355,0.5967142280496665,0.0,0.6424686254935362,0.6121357517677168,0.6754843127467681,0.7003634075797444,0.5974879328821293,0.5924758657642586,0.7532461225480819,0.5483308263614936,0.6637379328821293,0.6922427597292775,0.635233106034981,0.6841505771761724,0.5924758657642586,0.6516741489264986,0.6191977206768247,0.6675612088272793,0.6873752400047771,0.5924758657642586,0.6728609941561703,0.5924758657642586,train,2,76.0,26.0,24.0,0.76,-7.2624759995222945
KXBTC15M-26MAY020445-45,heartbeat:10391,live_heartbeat_two_side,heartbeat:10391:yes,2026-05-02 08:33:11.961000+00:00,2026-05-02 08:33:00+00:00,yes,yes,True,True,1,71.0,70.0,70.5,0.705,29.5,41.0,1.0,78303.67,78280.97,708.039,,10391,False,False,synced,bid>=98,last_decisive_quote,1.0,22.69999999999709,0.8530947458530703,6.608043486851981,,,30.588573367751213,0.7421071825444839,0.7709888007921271,29.281709724010284,0.7752279567672801,0.7808975143957209,34.25839811853977,0.6626112499904783,0.7462102184062082,39.50579110263412,0.5745993021889777,0.7172188379443583,78292.99,10.679999999993017,0.1779999999998835,0.0,148.73094199991465,0.9999998105979976,0.99999292255566,0.9999166548928672,78278.01,25.66000000000349,0.1425555555555749,0.0,123.63489300001082,0.9999879065751566,0.9998462467964978,0.9991245942685486,78291.69,11.979999999995924,0.0399333333333197,0.0,50.97435739998747,0.9591429458673656,0.931616319791837,0.9015268959059936,78273.69,29.979999999995925,0.0499666666666598,0.0,58.07834869999228,0.9763405329305676,0.954990976598072,0.9292356976142616,78243.75,59.919999999998254,0.0665777777777758,0.0,69.83966319999571,0.9914626472591628,0.9792557357738654,0.9614556334041502,78206.37,97.30000000000292,0.0540555555555571,0.0,60.97344149999824,0.9813426761170264,0.9624464743912308,0.9386337477148728,78290.9,12.770000000004076,0.0035472222222233,0.0,25.21157167499789,0.8053811628212908,0.7691114740582055,0.7383198142278268,-0.0758975143957209,True,0.7429487571978604,0.8150134867543621,0.705,heartbeat:10391,two_side_all_heartbeats,0.7256051092031041,0.705,0.7785978434921893,0.0758975143957209,0.0412102184062082,2026-05-02 08:45:00+00:00,0.4382049712085583,0.5617950287914417,0.5075795631875837,0.4924204368124163,0.5655623241112835,0.4344376758887165,0.4924204368124163,0.5075795631875837,0.0,0.7151667687144371,0.6700732839280705,0.6953333843572186,0.7207476789439551,0.5954487571978604,0.6333975143957208,0.7642773463713335,0.6577093233781783,0.6691987571978604,0.6835192543187162,0.6548782600770046,0.7064316762638138,0.6333975143957208,0.6763191103023715,0.6462065443409292,0.670184860289415,0.7101917738413257,0.6333975143957208,0.6988374303835272,0.6333975143957208,train,2,73.0,29.0,27.0,0.73,-1.9808226158674245
KXBTC15M-26MAY020500-00,heartbeat:10473,live_heartbeat_two_side,heartbeat:10473:yes,2026-05-02 08:52:13.724000+00:00,2026-05-02 08:52:00+00:00,yes,no,True,False,1,79.0,78.0,78.5,0.785,21.5,57.0,1.0,78349.43,78327.21,466.276,,10473,False,False,synced,bid>=98,last_decisive_quote,1.0,22.21999999998661,1.0290169381171816,7.970730928586385,,,18.26952982623148,1.2162327225347107,0.8880518591202553,24.189219970088654,0.9185910098574036,0.8208452319706107,25.074423007784475,0.8861619664423905,0.8122348723269607,31.45989206137591,0.7062961295810247,0.7599980000676678,78332.87,16.55999999999767,0.2759999999999612,0.0,150.91217599996853,0.9999999997795572,0.9999999991201782,0.9999991945836676,78327.16,22.269999999989523,0.123722222222164,0.0,79.90870288884835,0.999522543030636,0.9992808708225608,0.9944576672343056,78319.06,30.369999999995343,0.1012333333333178,0.0,69.4226737333127,0.997947537003374,0.9971856749056364,0.9863326317287232,78337.86,11.569999999992431,0.0192833333333207,0.0,31.211355533314062,0.9015267774599812,0.8933879314156543,0.8394256005187064,78323.55,25.879999999990105,0.0287555555555445,0.0,35.628025422203706,0.9296094566560263,0.922325795029103,0.8712858387757012,78276.99,72.43999999998778,0.0402444444444376,0.0,40.98501857776122,0.9549006565360796,0.9489267039621134,0.9036734335503932,78206.39,143.0399999999936,0.0397333333333315,0.0,40.74669973331912,0.9539572954001356,0.9479219596216666,0.9023735418856276,-0.0358452319706106,True,0.8029226159853053,0.8679309229913282,0.785,heartbeat:10473,two_side_all_heartbeats,0.7986174361634804,0.785,0.8383430769918581,0.035845231970610625,0.027234872326960646,2026-05-02 09:00:00+00:00,0.3583095360587787,0.6416904639412213,0.37553025534607865,0.6244697446539214,0.48000399986466435,0.5199960001353356,0.6244697446539214,0.37553025534607865,0.0,0.7670988015617938,0.7559053340250488,0.765299400780897,0.7865941544812344,0.6954226159853054,0.7133452319706106,0.8240121233859802,0.7414852176415587,0.7491726159853054,0.7635035695911832,0.7348416623794274,0.7730634879804071,0.7133452319706106,0.7507180084248929,0.7283725288693788,0.7508903169621204,0.7760751822624802,0.7133452319706106,0.7686786776782955,0.7133452319706106,train,2,81.0,-79.0,-81.0,0.81,-3.3924817737519817
KXBTC15M-26MAY020515-15,heartbeat:10552,live_heartbeat_two_side,heartbeat:10552:no,2026-05-02 09:10:30.395000+00:00,2026-05-02 09:10:00+00:00,no,no,True,True,1,69.0,68.0,68.5,0.685,31.5,37.0,1.0,78299.34,78310.31,269.605,,10552,False,False,synced,bid>=98,latest_quote,-1.0,10.970000000001164,0.6681018225177066,5.175094464363801,,,9.718849797273029,1.1287343902649047,0.8704950513847971,19.912949147281235,0.550897806189543,0.7091481342797359,21.640573899224616,0.5069181645129208,0.693893880048913,22.79119458994905,0.4813262401277969,0.684857674799322,78299.35,0.0100000000093132,0.0001666666668218,0.0,11.01493416670968,0.7099211338032465,0.6946219777651355,0.685557848450185,78294.64,-4.69999999999709,-0.0261111111110949,4.69999999999709,3.930313888894412,0.5782328666324333,0.5720586690642638,0.568457640400911,78292.89,-6.44999999999709,-0.0214999999999902,6.44999999999709,5.173492500003779,0.6024930724592891,0.5944722071167379,0.5897862750804367,78313.63,14.290000000008147,0.0238166666666802,0.0,17.391092416671494,0.808765450685081,0.789195695329274,0.7772867618392267,78316.01,16.669999999998254,0.0185222222222202,0.0,15.963683722222864,0.7886290768449242,0.769643642270639,0.7581712445428511,78331.14,31.80000000000291,0.0176666666666682,0.0,15.733021666668268,0.7852623904752037,0.7663916141844491,0.755000812880354,78225.66,-73.67999999999302,-0.0204666666666647,73.67999999999302,5.452084333335021,0.607879272348417,0.5994555319931303,0.5945320731833151,-0.0241481342797358,True,0.697074067139868,0.6655470689130083,0.685,heartbeat:10552,two_side_all_heartbeats,0.6894469400244565,0.6024930724592891,0.6757430547757786,0.024148134279735833,0.008893880048912894,2026-05-02 09:15:00+00:00,0.5817037314405282,0.4182962685594718,0.6122122399021741,0.3877877600978259,0.630284650401356,0.36971534959864405,0.3877877600978259,0.6122122399021741,0.0,0.6218925745636565,0.6020620440635868,0.6376962872818284,0.6294455945277573,0.539574067139868,0.5516481342797359,0.6490726816317257,0.4785455758054007,0.618324067139868,0.6449944402839207,0.5916536939958151,0.6485987561864907,0.5516481342797359,0.6139689270085071,0.5793390978305236,0.6205984550384032,0.6513873092854029,0.5516481342797359,0.6003604079557308,0.5516481342797359,train,2,71.0,31.0,29.0,0.71,-5.861269071459716
KXBTC15M-26MAY020530-30,heartbeat:10580,live_heartbeat_two_side,heartbeat:10580:yes,2026-05-02 09:16:00.860000+00:00,2026-05-02 09:16:00+00:00,yes,yes,True,True,1,74.0,73.0,73.5,0.735,26.5,47.0,1.0,78324.02,78296.42,839.14,,10580,False,False,synced,bid>=98,latest_quote,1.0,27.60000000000582,0.9527783285561284,7.380189198250448,,,40.52030325620276,0.6811400157964236,0.7521085505253803,28.726813496495183,0.960774852504026,0.8316673072580123,40.22334497646264,0.6861686917424799,0.7536966309169377,37.65549189659821,0.7329608142099241,0.7682088351325123,78308.58,15.440000000002328,0.2573333333333721,0.0,243.53869333337173,1.0,0.9999999992964288,0.999999999950197,78299.8,24.220000000001164,0.134555555555562,0.0,140.51094888890017,0.9999994990937258,0.9997614268631976,0.9999048232855624,78310.18,13.84000000001106,0.0461333333333702,0.0,66.3123253333701,0.9895109209045454,0.9503854983800432,0.960883055077168,78294.64,29.380000000004657,0.0489666666666744,0.0,68.689888666679,0.9916019710552496,0.9561551022576962,0.9659365513923064,78300.01,24.010000000009317,0.0266777777777881,0.0,49.98639044445895,0.9590757932005032,0.8930146455374517,0.9078227331130932,78320.56,3.460000000006403,0.0019222222222257,0.0,29.213013555564363,0.8454054348641614,0.7661634032262541,0.7810655401314948,78255.23,68.79000000000815,0.0191083333333355,0.0,43.634566833341054,0.9356123427585872,0.8609964312454188,0.8767278000117534,-0.0966673072580123,True,0.7833336536290061,0.8520594093875191,0.735,heartbeat:10580,two_side_all_heartbeats,0.7443483154584689,0.735,0.8149023763583128,0.09666730725801231,0.01869663091693774,2026-05-02 09:30:00+00:00,0.3366653854839754,0.6633346145160246,0.49260673816612455,0.5073932618338755,0.4635823297349755,0.5364176702650245,0.5073932618338755,0.49260673816612455,0.0,0.781167499435416,0.679805620192019,0.744833749717708,0.7702848418081625,0.6508336536290061,0.6991673072580122,0.8077358378099152,0.7622857066064792,0.7170836536290062,0.7242501921774036,0.7099171150806085,0.7552782048386749,0.6991673072580122,0.7272976559591127,0.6993171070795503,0.7174278022802315,0.7601779828021239,0.6991673072580122,0.7534515725339637,0.6991673072580122,train,2,76.0,26.0,24.0,0.76,0.017798280212389272
KXBTC15M-26MAY020545-45,heartbeat:10646,live_heartbeat_two_side,heartbeat:10646:no,2026-05-02 09:31:02.261000+00:00,2026-05-02 09:31:00+00:00,no,yes,True,False,1,83.0,82.0,82.5,0.825,17.5,65.0,1.0,78248.18,78310.97,837.739,,10646,False,False,synced,bid>=98,latest_quote,-1.0,62.79000000000815,2.169382418040902,16.803963953255177,,,94.88940521317684,0.6617177108334199,0.745923923990595,60.83196328200329,1.0321876298637256,0.849007885589547,48.40700795189361,1.2971262355733328,0.9027061220704942,46.118282784541314,1.3614990890566103,0.913321989390188,78306.29,58.11000000000058,0.9685000000000096,0.0,874.1402215000163,1.0,1.0,1.0,78310.11,61.93000000000757,0.3440555555555976,0.0,351.01875705559894,0.999999996043504,0.9999999999997936,0.9999999999999865,78315.88,67.70000000001164,0.2256666666667054,0.0,251.83976766670733,0.9999826290331644,0.9999999017125564,0.9999999762917664,78337.85,89.6700000000128,0.1494500000000213,0.0,187.990093550026,0.9990002875291882,0.9999485247021492,0.999977117039576,78324.02,75.84000000001106,0.0842666666666789,0.0,133.3834730666851,0.9858338564168247,0.9970694977747264,0.9980872515053788,78300.01,51.83000000000175,0.0287944444444454,0.0,86.91222909445341,0.9234585499418636,0.9637087646229618,0.9702547191113788,78281.94,33.76000000000931,0.0093777777777803,0.0,70.6461301777881,0.8772466267612927,0.9277751556173848,0.9372198411784664,-0.024007885589547,True,0.8370039427947735,0.8913301715409038,0.825,heartbeat:10646,two_side_all_heartbeats,0.8638530610352471,0.825,0.8671988914834969,0.02400788558954703,0.07770612207049421,2026-05-02 09:45:00+00:00,0.30198422882090603,0.698015771179094,0.19458775585901167,0.8054122441409883,0.1733560212196239,0.8266439787803761,0.698015771179094,0.30198422882090603,0.0,0.803710251266411,0.8735179586916424,0.8056051256332055,0.823103388536522,0.7495039427947734,0.761507885589547,0.8545004686014064,0.7980140340824105,0.7932539427947735,0.805952365676864,0.7805555199126828,0.8118385903930313,0.761507885589547,0.7933815252275732,0.774924460062115,0.7950731190347844,0.8144921390186265,0.761507885589547,0.8080041770954767,0.761507885589547,train,1,84.0,-83.0,-84.0,0.84,-2.550786098137351
KXBTC15M-26MAY020630-30,heartbeat:10870,live_heartbeat_two_side,heartbeat:10870:no,2026-05-02 10:20:06.442000+00:00,2026-05-02 10:20:00+00:00,no,no,True,True,1,75.0,74.0,74.5,0.745,25.5,49.0,1.0,78282.5,78302.75,593.558,,10870,False,False,synced,bid>=98,last_decisive_quote,-1.0,20.25,0.8311768642300554,6.438268305831817,,,30.919060495866557,0.6549358122542935,0.7437454591925762,35.87418608984295,0.5644727367273533,0.7137837753234009,34.50575289844507,0.5868586626583223,0.7213506828109262,54.678209948334384,0.3703486273441338,0.6444386269526297,78297.1,14.60000000000582,0.2433333333334303,0.0,164.68244666672425,0.9999977896618688,0.9999990907242126,0.9987016862593308,78288.97,6.470000000001164,0.0359444444444509,0.0,41.58511255555939,0.8768112786036342,0.8859301210494956,0.7765348674122832,78282.51,0.0099999999947613,3.333333331587103e-05,0.0,20.269785266656303,0.7139713666630129,0.7215432140444835,0.644573406834712,78299.8,17.30000000000291,0.0288333333333381,0.0,37.36425566666955,0.8511865689037007,0.8605605734258043,0.7528065742156154,78313.63,31.130000000004657,0.034588888888894,0.0,40.78051171111418,0.8721816874363943,0.8813667417455686,0.7721141821881399,78310.17,27.669999999998254,0.0153722222222212,0.0,29.3743054777772,0.793553885366656,0.8026950809031508,0.7044426607523719,78324.02,41.52000000000408,0.0115333333333344,0.0,27.095702266667335,0.774964911324822,0.7838470054422333,0.6898934851041829,0.0312162246765991,True,0.7293918876617005,0.7242517139954713,0.7137837753234009,heartbeat:10870,two_side_all_heartbeats,0.7331753414054631,0.7137837753234009,0.7294294059296229,0.031216224676599125,0.023649317189073815,2026-05-02 10:30:00+00:00,0.5724324493531983,0.42756755064680174,0.5572986343781476,0.44270136562185236,0.7111227460947407,0.2888772539052593,0.42756755064680174,0.5724324493531983,0.0,0.6279189079204212,0.637755887654204,0.6737094539602105,0.6706065906265118,0.6018918876617004,0.5862837753234009,0.697686160994303,0.49896468731310306,0.6656418876617005,0.6973851325970202,0.6338986427263806,0.6816891835489339,0.5862837753234009,0.6473616991528619,0.6130342147567898,0.6704833875376379,0.6852903780302246,0.5862837753234009,0.641984968158852,0.5862837753234009,train,2,77.0,25.0,23.0,0.77,-8.470962196977538
KXBTC15M-26MAY020645-45,heartbeat:10943,live_heartbeat_two_side,heartbeat:10943:yes,2026-05-02 10:36:53.150000+00:00,2026-05-02 10:36:00+00:00,yes,no,True,False,1,71.0,69.0,70.0,0.7,30.0,40.0,2.0,78266.61,78242.87,486.85,,10943,False,False,synced,bid>=98,last_decisive_quote,1.0,23.74000000000524,1.0759277960759248,8.334100871847413,,,20.69256017266125,1.147272246735821,0.8743654397390028,40.700367364079696,0.5832871184587166,0.7201499836457416,35.534954409544035,0.6680745872472292,0.7479570087177687,43.21441177008996,0.5493537694393987,0.7086186530377458,78266.61,0.0,0.0,0.0,23.74000000000524,0.7201499836457416,0.7479570087177687,0.7086186530377458,78251.36,15.25,0.0847222222222222,0.0,64.98701388889413,0.9448357221820428,0.9662866658911612,0.9336870851491992,78237.24,29.369999999995343,0.0978999999999844,0.0,71.40261499999768,0.96031456670813,0.9777506631068248,0.9507619808692768,78231.71,34.89999999999418,0.0581666666666569,0.0,52.05844166666718,0.8995630299930506,0.9285385178824648,0.8858316731553313,78272.75,-6.139999999999418,-0.0068222222222215,6.139999999999418,20.418601111116665,0.6920540351303137,0.717221132844162,0.681713308036576,78296.35,-29.74000000000524,-0.0165222222222251,29.74000000000524,15.696156111114933,0.6501225920101418,0.6706505798608332,0.6417781482114896,78327.47,-60.86000000000058,-0.0169055555555557,60.86000000000058,15.509530277782936,0.6484228995229713,0.6687479218275972,0.64016399324761,-0.0201499836457416,True,0.7100749918228708,0.7934881834512906,0.7,heartbeat:10943,two_side_all_heartbeats,0.7239785043588843,0.7,0.7581079084353484,0.02014998364574161,0.047957008717768757,2026-05-02 10:45:00+00:00,0.5597000327085169,0.44029996729148313,0.5040859825644626,0.4959140174355374,0.5827626939245083,0.4172373060754917,0.44029996729148313,0.5597000327085169,0.12279999999998836,0.636194978739464,0.6723441113330992,0.653097489369732,0.6791289460405451,0.5600749918228707,0.5701499836457415,0.7259979051644975,0.5117714239622985,0.6350749918228707,0.6610449950937224,0.609104988552019,0.6634333224304944,0.5701499836457415,0.6301971939170976,0.5969610654037009,0.637581036240217,0.6663351119035734,0.5701499836457415,0.6480739444051196,0.5701499836457415,train,2,73.0,-71.0,-73.0,0.73,-6.366488809642661
KXBTC15M-26MAY020700-00,heartbeat:11002,live_heartbeat_two_side,heartbeat:11002:yes,2026-05-02 10:50:09.375000+00:00,2026-05-02 10:50:00+00:00,yes,yes,True,True,1,82.0,81.0,81.5,0.815,18.5,63.0,1.0,78266.0,78231.61,590.625,,11002,False,False,synced,bid>=98,last_decisive_quote,1.0,34.38999999999942,1.4150645880523336,10.961043166669096,,,63.78955482639587,0.5391164759433149,0.7050967561370378,47.28407217617407,0.7273062242157765,0.7664808069656638,45.60184951044273,0.7541360793299442,0.7746162425333254,40.05725331450176,0.8585211704355513,0.804697627187917,78239.29,26.710000000006403,0.4451666666667734,0.0,297.31656250006245,0.9999999998390844,0.9999999999648076,0.9999999999999424,78244.01,21.99000000000524,0.1221666666666957,0.0,106.5446875000166,0.9878795387519824,0.9902650984924984,0.9960907641640856,78258.0,8.0,0.0266666666666666,0.0,50.13999999999942,0.8555185239878681,0.8642286465887058,0.8946619288690427,78254.84,11.160000000003492,0.0186000000000058,0.0,45.375625000002856,0.8313814547167462,0.8401413850905564,0.8713444171440041,78266.61,-0.6100000000005821,-0.0006777777777784,0.6100000000005821,33.98968749999904,0.7638802786203183,0.7719722314964048,0.8019279130903638,78282.5,-16.5,-0.0091666666666666,16.5,28.975937499999414,0.729997509193913,0.7374199501236971,0.7652715713595689,78310.17,-44.169999999998254,-0.0122694444444439,44.169999999998254,27.143359374999704,0.7170325711012407,0.7241534483424172,0.7509917959600125,0.0485191930343361,True,0.7907404034828318,0.8123331103178439,0.7664808069656638,heartbeat:11002,two_side_all_heartbeats,0.7948081212666627,0.7664808069656638,0.8085479468872727,0.04851919303433616,0.04038375746667455,2026-05-02 11:00:00+00:00,0.46703838606867243,0.5329616139313276,0.4507675149333492,0.5492324850666508,0.3906047456241659,0.6093952543758341,0.5329616139313276,0.46703838606867243,0.01220000000001164,0.6964250490553628,0.707001115293323,0.7464625245276815,0.7505143769264683,0.6982404034828318,0.6739808069656636,0.779734108280405,0.6160734663301121,0.7444904034828318,0.772694242089699,0.7162865648759645,0.7518205379771091,0.6739808069656636,0.7225721881201616,0.693323838263214,0.7511095800439455,0.7563075301630656,0.6739808069656636,0.7268574576230343,0.6739808069656636,train,2,84.0,18.0,16.0,0.84,-8.369246983693444
KXBTC15M-26MAY020715-15,heartbeat:11052,live_heartbeat_two_side,heartbeat:11052:no,2026-05-02 11:01:10.721000+00:00,2026-05-02 11:01:00+00:00,no,no,True,True,1,85.0,84.0,84.5,0.845,15.5,69.0,1.0,78189.3,78250.65,829.279,,11052,False,False,synced,bid>=98,latest_quote,-1.0,61.34999999999127,2.130415107468849,16.50212446347108,,,96.31901666403976,0.6369458713846691,0.7379199489909928,69.13659330950307,0.8873737779549877,0.8125611518546983,59.8723109220887,1.024680675510011,0.8472430579391937,54.03370984565089,1.135402328939464,0.8718966078373365,78249.98,60.679999999993015,1.0113333333332168,0.0,900.027495333228,1.0,1.0,1.0,78262.13,72.83000000000175,0.4046111111111208,0.0,396.8854976111104,0.9999999952829034,0.9999999999830862,0.9999999999998972,78265.17,75.86999999999534,0.2528999999999844,0.0,271.0746590999784,0.9999558825958346,0.9999970163733723,0.9999997372620476,78259.13,69.83000000000175,0.1163833333333362,0.0,157.864254283327,0.9887956367310008,0.9958139382551424,0.9982587422603844,78230.61,41.30999999999767,0.0458999999999974,0.0,99.41390609998912,0.9247737075910772,0.9515862200801726,0.9671048484706322,78237.24,47.94000000000233,0.0266333333333346,0.0,83.43646403332568,0.886252162545419,0.9182767775829,0.9387246977547892,78294.88,105.58000000000176,0.0293277777777782,0.0,85.67091022776944,0.8923558283965423,0.9237696531006748,0.9435745847513176,0.0324388481453016,True,0.8287805759273492,0.885839011483511,0.8125611518546983,heartbeat:11052,two_side_all_heartbeats,0.8461215289695969,0.8125611518546983,0.8662595220755764,0.032438848145301624,0.002243057939193771,2026-05-02 11:15:00+00:00,0.3748776962906033,0.6251223037093967,0.3055138841216125,0.6944861158783875,0.25620678432532706,0.7437932156746729,0.6251223037093967,0.3748776962906033,0.0,0.7563294974111078,0.8014159753209518,0.7929147487055539,0.8084103369651373,0.7512805759273491,0.7350611518546983,0.8442717524465161,0.7251178919689801,0.7900305759273492,0.8120183455564094,0.7680428062982889,0.7975407679031322,0.7350611518546983,0.774479810516898,0.7514188531306637,0.7954642426014932,0.8012886908463689,0.7350611518546983,0.7896664521506072,0.7350611518546983,train,1,86.0,15.0,14.0,0.86,-5.871130915363111
KXBTC15M-26MAY020730-30,heartbeat:11138,live_heartbeat_two_side,heartbeat:11138:yes,2026-05-02 11:18:27.522000+00:00,2026-05-02 11:18:00+00:00,yes,yes,True,True,1,72.0,71.0,71.5,0.715,28.5,43.0,1.0,78192.54,78177.8,692.478,,11138,False,False,synced,bid>=98,last_decisive_quote,1.0,14.739999999990689,0.5601372995471491,4.338804865471407,,,20.123776054523898,0.7324669068098222,0.7680581828055166,30.22892893710299,0.4876123805332318,0.6870877877278238,49.48882292369489,0.2978450310430253,0.6170892781967059,47.78730685120606,0.3084501088518379,0.6211300710021819,78178.27,14.269999999989524,0.2378333333331587,0.0,179.43435099986974,0.9999999985383544,0.9998559408317116,0.9999132786576778,78178.26,14.279999999998836,0.0793333333333268,0.0,69.67658799998621,0.989415700556362,0.9204234709416644,0.927587499403062,78164.86,27.67999999999301,0.0922666666666433,0.0,78.63263679997456,0.9953555998248752,0.943958163199126,0.9500636606951284,78195.28,-2.7400000000052387,-0.0045666666666753,2.7400000000052387,11.57768379998464,0.6491401672270812,0.5924863269467492,0.5957165718017721,78197.95,-5.4100000000034925,-0.0060111111111149,5.4100000000034925,10.577437799988,0.6367972920850886,0.5846227026365541,0.5875877376027184,78239.29,-46.75,-0.0259722222222222,46.75,-3.2451925000093134,0.4572541247699632,0.4738583948203953,0.4729290015247175,78296.0,-103.4600000000064,-0.0287388888888906,103.4600000000064,-5.161048300010542,0.4322172134610229,0.4584707375572959,0.4569976870815226,0.0279122122721762,True,0.7010438938639119,0.7991477958508996,0.6870877877278238,heartbeat:11138,two_side_all_heartbeats,0.666044639098353,0.6870877877278238,0.7626974562833222,0.027912212272176218,0.09791072180329408,2026-05-02 11:30:00+00:00,0.6258244245443525,0.3741755754556475,0.7658214436065882,0.23417855639341179,0.7577398579956363,0.24226014200436374,0.23417855639341179,0.7658214436065882,0.10820000000006985,0.5932141240461708,0.5022160616557176,0.6398570620230855,0.667892622005573,0.5585438938639118,0.5445877877278238,0.7232050138288835,0.45207113543812105,0.6297938938639118,0.6638763363183471,0.5957114514094767,0.6488918584852158,0.5445877877278238,0.6115772561582803,0.5742626538313448,0.6339754385125618,0.6521234734544048,0.5445877877278238,0.6338964007783536,0.5445877877278238,train,2,74.0,28.0,26.0,0.74,-8.787652654559523
KXBTC15M-26MAY020745-45,heartbeat:11211,live_heartbeat_two_side,heartbeat:11211:no,2026-05-02 11:35:14.159000+00:00,2026-05-02 11:35:00+00:00,no,no,True,True,1,88.0,87.0,87.5,0.875,12.5,75.0,1.0,78172.57,78216.48,585.841,,11211,False,False,synced,bid>=98,last_decisive_quote,-1.0,43.90999999998894,1.8141515152886736,14.052357212419968,,,43.468711813643736,1.0101518579210966,0.843788729920701,38.26685609011054,1.1474681875247332,0.8744059131312205,32.96651315904282,1.3319576683209,0.908562950376365,42.05064640671469,1.0442170038312977,0.8518074991688129,78199.98,27.40999999998894,0.456833333333149,0.0,311.5416968332143,0.9999999999999998,1.0,0.9999999999999364,78209.41,36.83999999999651,0.2046666666666472,0.0,163.81212466664425,0.9999906881748188,0.9999996635846848,0.9999510202371192,78212.34,39.76999999998952,0.1325666666666317,0.0,121.57298856663516,0.9992559102973672,0.9998868869518608,0.9980805732574172,78233.35,60.77999999999884,0.101299999999998,0.0,103.2556932999878,0.9965153343264954,0.9991323107876892,0.9929657164397172,78196.0,23.42999999999301,0.0260333333333255,0.0,59.16139403331773,0.9389503494393614,0.9636405226034064,0.9202726757508166,78192.62,20.04999999998836,0.0111388888888824,0.0,50.43561780554071,0.90624774511478,0.9369798189840242,0.8848141112617891,78266.61,94.0399999999936,0.0261222222222204,0.0,59.21346878887679,0.9391144975471468,0.9637662743370752,0.9204561466081616,0.0005940868687794,True,0.8747029565656103,0.9162206078095293,0.8744059131312205,heartbeat:11211,two_side_all_heartbeats,0.8917814751881825,0.8744059131312205,0.8996729559988397,0.0005940868687794865,0.03356295037636503,2026-05-02 11:45:00+00:00,0.251188173737559,0.748811826262441,0.18287409924726994,0.8171259007527301,0.29638500166237414,0.7036149983376259,0.748811826262441,0.251188173737559,0.0,0.8367276870705866,0.8811318354892745,0.8496138435352933,0.8620394345650301,0.8122029565656103,0.8119059131312205,0.8870541386250836,0.8487374172921778,0.8434529565656103,0.8560717739393661,0.8308341391918543,0.853770608754147,0.8119059131312205,0.8389687069084262,0.8241668050627053,0.8460793781920992,0.8560604137996074,0.8119059131312205,0.8494800258781521,0.8119059131312205,train,1,89.0,12.0,11.0,0.89,-3.393958620039257
KXBTC15M-26MAY020800-00,heartbeat:11276,live_heartbeat_two_side,heartbeat:11276:no,2026-05-02 11:50:00.516000+00:00,2026-05-02 11:50:00+00:00,no,yes,True,False,1,88.0,87.0,87.5,0.875,12.5,75.0,1.0,78102.98,78147.98,599.484,,11276,False,False,synced,bid>=98,last_decisive_quote,-1.0,45.0,1.8379077774193504,14.236372427620465,,,64.67133587532226,0.6958260470566747,0.7567311124716358,58.45693800923077,0.7697974189632406,0.7792899644983433,48.95157573902659,0.9192758214752176,0.8210243394273122,45.66720493483629,0.9853898451681388,0.837783692112956,78110.49,7.510000000009313,0.1251666666668218,0.0,120.03541400009306,0.979983048533023,0.9928992467030684,0.995711651924092,78118.99,16.010000000009313,0.0889444444444961,0.0,98.32077133336436,0.953709279735352,0.9777065675104176,0.9843400404101844,78171.41,68.43000000000757,0.2281000000000252,0.0,181.74230040001515,0.9990613740250632,0.9998974682708296,0.9999655005236964,78164.14,61.16000000000349,0.1019333333333391,0.0,106.10740240000348,0.9652486382370058,0.9849054073175544,0.9899236415663644,78172.57,69.59000000001106,0.0773222222222345,0.0,91.35343506667402,0.9409440041325124,0.9689933117712908,0.9772723516028194,78196.0,93.02000000000407,0.05167777777778,0.0,75.9800009333347,0.90315841333971,0.9396863739267324,0.9519214020885997,78266.0,163.02000000000407,0.0452833333333344,0.0,72.14663380000069,0.8914328776300876,0.929737231449412,0.9429276336170668,0.0957100355016566,True,0.8271449822491717,0.8844504461744688,0.7792899644983433,heartbeat:11276,two_side_all_heartbeats,0.8480121697136561,0.7792899644983433,0.8710992641545157,0.09571003550165669,0.05397566057268777,2026-05-02 12:00:00+00:00,0.4414200710033134,0.5585799289966866,0.35795132114537553,0.6420486788546245,0.324432615774088,0.675567384225912,0.5585799289966866,0.4414200710033134,0.0,0.7130769538478463,0.7673316412555058,0.7877884769239232,0.8001946143264294,0.7646449822491717,0.7167899644983433,0.8394572570541843,0.6584860663991929,0.7958949822491717,0.8275369893495029,0.7642529751488403,0.7903599763322289,0.7167899644983433,0.7578291891072512,0.7252984018822735,0.8080287636685782,0.7987787919577894,0.7167899644983433,0.7781236107762638,0.7167899644983433,train,1,89.0,-88.0,-89.0,0.89,-9.122120804221055
KXBTC15M-26MAY020815-15,heartbeat:11334,live_heartbeat_two_side,heartbeat:11334:no,2026-05-02 12:03:01.886000+00:00,2026-05-02 12:03:00+00:00,no,no,True,True,1,74.0,73.0,73.5,0.735,26.5,47.0,1.0,78122.24,78148.85,718.114,,11334,False,False,synced,bid>=98,latest_quote,-1.0,26.610000000000586,0.9929975517788964,7.691725961728806,,,30.66441361306358,0.8677811464382366,0.8072429234478138,55.57884483844548,0.4787792923251561,0.6839521751312813,62.05888882241312,0.4287862787254763,0.6659606173627085,48.83605582182403,0.544884298131812,0.7070834519243369,78126.81,4.569999999992433,0.0761666666665405,0.0,81.3063496665767,0.9282527696834644,0.9049271696175692,0.9520320121648528,78147.04,24.79999999998836,0.1377777777777131,0.0,125.55015111106526,0.9880569312154952,0.9784675950152651,0.994927530246324,78147.05,24.80999999999767,0.0826999999999922,0.0,85.99802779999501,0.939106449769487,0.917088182165548,0.9608768707531836,78129.44,7.19999999999709,0.0119999999999951,0.0,35.2273679999971,0.736903108382879,0.7148617043729236,0.7646496191345492,78119.0,-3.2400000000052387,-0.0036000000000058,3.2400000000052387,24.024789599996403,0.6672255905024983,0.6506696097109582,0.6886218726106501,78216.75,94.50999999999476,0.0525055555555526,0.0,64.31497452222072,0.8764014935345901,0.8499814770665033,0.9060734428655568,78197.95,75.70999999999185,0.0210305555555532,0.0,41.71233637222118,0.7735254267153382,0.74925309692413,0.8034834957802968,0.0510478248687187,True,0.7094760875656406,0.7860195416335894,0.6839521751312813,heartbeat:11334,two_side_all_heartbeats,0.7004803086813542,0.6839521751312813,0.7605069424932818,0.05104782486871873,0.06903938263729148,2026-05-02 12:15:00+00:00,0.6320956497374377,0.3679043502625623,0.668078765274583,0.331921234725417,0.5858330961513263,0.4141669038486737,0.331921234725417,0.668078765274583,0.06480000000010477,0.5891378276706656,0.565748802571521,0.6488189138353327,0.6692295588122814,0.5769760875656406,0.5514521751312812,0.7205573775195327,0.44885499523949,0.6432260875656406,0.6799356525393843,0.6065165225918968,0.6568014500875208,0.5514521751312812,0.6181247508007606,0.5794480515140004,0.6487023791182156,0.6606573537143527,0.5514521751312812,0.636004776325407,0.5514521751312812,train,2,76.0,26.0,24.0,0.76,-9.93426462856472
KXBTC15M-26MAY020830-30,heartbeat:11428,live_heartbeat_two_side,heartbeat:11428:yes,2026-05-02 12:25:03.931000+00:00,2026-05-02 12:25:00+00:00,yes,yes,True,True,1,87.0,86.0,86.5,0.865,13.5,73.0,1.0,78170.45,78146.95,296.069,,11428,False,False,synced,bid>=98,last_decisive_quote,1.0,23.5,1.365750580748539,10.5790585086244,,,17.265062425778627,1.3611303232192158,0.9132637457757732,21.711767422798136,1.082362367944498,0.8604542284878123,33.93940013910314,0.69241058780307,0.7556602406953998,35.1763713899592,0.6680620846159214,0.7479530185114327,78156.72,13.729999999995924,0.2288333333332654,0.0,91.25045616664656,0.999986818968744,0.996412694804381,0.995257832049084,78143.54,26.91000000000349,0.1495000000000194,0.0,67.76231550000574,0.9990987942362264,0.9770639264041444,0.9729702111383324,78142.46,27.989999999990687,0.0932999999999689,0.0,51.12323769999081,0.9907294890270502,0.934006117814962,0.9269353516063908,78141.99,28.45999999999185,0.0474333333333197,0.0,37.543539566662645,0.9581114982229462,0.865678585006173,0.857080512254363,78109.19,61.25999999999476,0.0680666666666608,0.0,43.65242993333161,0.9778130956324482,0.9008111720341664,0.8926895275007591,78105.67,64.77999999999884,0.0359888888888882,0.0,34.155194344444254,0.942154369480722,0.8428783583617812,0.8342183415893328,78233.35,-62.90000000000873,-0.0174722222222246,62.90000000000873,18.32701663888817,0.800694699915417,0.7053988479549784,0.6988178732821979,0.0045457715121877,True,0.8627271142439061,0.9053945725049543,0.8604542284878123,heartbeat:11428,two_side_all_heartbeats,0.8103301203476999,0.8604542284878123,0.8887821663517537,0.004545771512187713,0.10933975930460016,2026-05-02 12:30:00+00:00,0.27909154302437544,0.7209084569756246,0.48867951860920034,0.5113204813907997,0.5040939629771346,0.4959060370228654,0.5113204813907997,0.48867951860920034,0.0,0.8185904970341559,0.6823583129040197,0.835045248517078,0.847618197419783,0.7952271142439061,0.7929542284878123,0.8743730120493162,0.8199814058783296,0.8289771142439062,0.8433862685463436,0.8145679599414686,0.8394694856585415,0.7929542284878123,0.8229977023513999,0.8065259190442584,0.8320379750378916,0.8419908274824647,0.7929542284878123,0.8336636202685642,0.7929542284878123,train,1,88.0,13.0,12.0,0.88,-3.800917251753532
KXBTC15M-26MAY020845-45,heartbeat:11462,live_heartbeat_two_side,heartbeat:11462:no,2026-05-02 12:32:04.602000+00:00,2026-05-02 12:32:00+00:00,no,no,True,True,1,79.0,78.0,78.5,0.785,21.5,57.0,1.0,78195.29,78245.65,775.398,,11462,False,False,synced,bid>=98,last_decisive_quote,-1.0,50.36000000000058,1.80852028028248,14.008737853624828,,,92.1713481967629,0.5463736940518056,0.7075954555954238,69.56034629670305,0.7239756942151321,0.765459671410106,66.17048812616528,0.761064357028479,0.7766906858226079,65.62026512054761,0.7674458478259242,0.7785917609214625,78244.44,49.15000000000873,0.8191666666668121,0.0,685.5401950001134,1.0,1.0,1.0,78234.07,38.78000000001339,0.2154444444445188,0.0,217.4151913333916,0.999112672423613,0.9994913212897684,0.999538878506083,78234.04,38.75,0.1291666666666666,0.0,150.51557500000058,0.9847606443467292,0.988536929496832,0.9890971708415324,78143.54,-51.75,-0.08625,51.75,-16.51807749999942,0.4061484253848989,0.4014371072566727,0.4006278981550036,78139.92,-55.36999999999534,-0.061522222222217,55.36999999999534,2.6557919333379303,0.5152277899338066,0.5160074881524667,0.5161416372646517,78126.81,-68.47999999999593,-0.0380444444444421,68.47999999999593,20.860413866669003,0.6178692583756908,0.6237150383250133,0.6247180522619297,78209.41,14.120000000009895,0.0039222222222249,0.0,53.40128326666938,0.7786664507550676,0.7901741562969213,0.7921180998074525,0.019540328589894,True,0.775229835705053,0.8450734385856117,0.765459671410106,heartbeat:11462,two_side_all_heartbeats,0.780845342911304,0.765459671410106,0.8190900302923777,0.019540328589894074,0.008309314177392113,2026-05-02 12:45:00+00:00,0.4690806571797881,0.5309193428202119,0.44661862835478416,0.5533813716452158,0.4428164781570749,0.5571835218429251,0.5309193428202119,0.4690806571797881,1.0,0.6950975728331377,0.7096978915693902,0.729298786416569,0.7492748508512418,0.667729835705053,0.6579596714101059,0.7436819645743988,0.42939540725488484,0.7214798357050529,0.7468879014230317,0.6960717699870741,0.7361397809400706,0.6579596714101059,0.708212633887611,0.6802854868351514,0.7260414600361621,0.7396281105534573,0.6579596714101059,0.7008208179922524,0.6579596714101059,train,2,81.0,21.0,19.0,0.81,-7.037188944654261
KXBTC15M-26MAY020900-00,heartbeat:11546,live_heartbeat_two_side,heartbeat:11546:no,2026-05-02 12:48:06.249000+00:00,2026-05-02 12:48:00+00:00,no,no,True,True,1,71.0,70.0,70.5,0.705,29.5,41.0,1.0,78195.03,78221.29,713.751,,11546,False,False,synced,bid>=98,last_decisive_quote,-1.0,26.25999999999476,0.982927208300784,7.613721416566171,,,41.200366625593546,0.6373729689988274,0.7380590343711924,41.47873832804346,0.6330954377713214,0.736664339316428,55.24350346391815,0.4753500113754782,0.6827312408733972,56.048268585575954,0.468524731676596,0.680295305454131,78219.5,24.470000000001164,0.4078333333333527,0.0,317.35144950000864,0.99999999999999,0.999999995392886,0.9999999925238444,78214.04,19.00999999999476,0.105611111111082,0.0,101.64003616664066,0.9928653762971308,0.9671052360673026,0.9651178205773792,78212.38,17.35000000000582,0.0578333333333527,0.0,67.53859950000862,0.948266212526092,0.8892523841101834,0.8858998500634118,78210.04,15.00999999999476,0.0250166666666579,0.0,44.11567084998853,0.8562389360788005,0.7877294036199443,0.7843887459757133,78203.4,8.369999999995343,0.0092999999999948,0.0,32.89788429999107,0.7861479218003786,0.7242476365720466,0.7213834714498008,78139.83,-55.19999999999709,-0.030666666666665,55.19999999999709,4.371635999995917,0.5419686588453175,0.5315369553955869,0.5310850584483474,78119.0,-76.02999999999884,-0.0211194444444441,76.02999999999884,11.185975408328323,0.6062966761854218,0.5802311699580475,0.5790945014711486,-0.031664339316428,True,0.7208321696582141,0.79664351728084,0.705,heartbeat:11546,two_side_all_heartbeats,0.6938656204366986,0.705,0.7631525443001468,0.03166433931642809,0.022268759126602755,2026-05-02 13:00:00+00:00,0.5266713213671439,0.4733286786328561,0.6345375182532056,0.3654624817467944,0.6394093890917383,0.3605906109082617,0.3654624817467944,0.6345375182532056,0.0,0.6576636411113564,0.5875506131354163,0.6665818205556782,0.6909084418082874,0.573332169658214,0.5891643393164281,0.7399854121634324,0.5681552998854653,0.6470821696582141,0.6702493017949284,0.6239150375214997,0.6769428928776188,0.5891643393164281,0.6452425683654586,0.6135422438532985,0.6492780164257159,0.6799362955319279,0.5891643393164281,0.6645748757399302,0.5891643393164281,train,2,73.0,29.0,27.0,0.73,-5.00637044680721
KXBTC15M-26MAY020915-15,heartbeat:11608,live_heartbeat_two_side,heartbeat:11608:yes,2026-05-02 13:02:07.607000+00:00,2026-05-02 13:02:00+00:00,yes,yes,True,True,1,80.0,79.0,79.5,0.795,20.5,59.0,1.0,78254.96,78210.72,772.393,,11608,False,False,synced,bid>=98,latest_quote,1.0,44.24000000000524,1.5918273185450171,12.33024138952572,,,45.49709025388799,0.9723698758125456,0.8345667136159396,47.01330868249995,0.9410101360611738,0.8266501675618994,41.43559587645776,1.06768103762545,0.8571677925554664,54.69262652837436,0.8088841733913377,0.7907091133829336,78225.59,29.37000000000989,0.4895000000001649,0.0,422.3263735001326,1.0,1.0,0.9999999999999942,78204.18,50.78000000001339,0.2821111111111855,0.0,262.1406474445071,0.999999987686037,0.9999999998745754,0.9999991783886186,78206.37,48.59000000001106,0.1619666666667035,0.0,169.34191956670037,0.9998421105811784,0.9999781384612813,0.9990200671880732,78203.38,51.58000000000175,0.0859666666666695,0.0,110.64005156667416,0.9906981257073392,0.9962093482583824,0.978460474128022,78219.5,35.4600000000064,0.0394000000000071,0.0,74.67228420001074,0.943893255588989,0.9642374349538498,0.913921877696355,78195.29,59.670000000012806,0.0331500000000071,0.0,69.84482795001074,0.931312748148675,0.9540658621362542,0.899206441130585,78126.81,128.15000000000873,0.0355972222222246,0.0,71.735045263896,0.9364758262982223,0.9582956973485496,0.9051730393279576,-0.0316501675618993,True,0.8108250837809496,0.873830759381026,0.795,heartbeat:11608,two_side_all_heartbeats,0.8260838962777333,0.795,0.8454634723848055,0.03165016756189931,0.06216779255546634,2026-05-02 13:15:00+00:00,0.3466996648762013,0.6533003351237987,0.28566441488906724,0.7143355851109328,0.4185817732341328,0.5814182267658672,0.6533003351237987,0.3466996648762013,0.0,0.7746452178304691,0.8143181303221062,0.7745726089152347,0.7950568199733524,0.7083250837809497,0.7241501675618993,0.8312935058971854,0.7532845461819165,0.7595750837809496,0.7737450502685698,0.7454051172933296,0.7819334450412662,0.7241501675618993,0.7605067730183441,0.7390801009954222,0.7613758024618131,0.7848540921220031,0.7241501675618993,0.7777218367295424,0.7241501675618993,train,2,82.0,20.0,18.0,0.82,-3.5145907877996905
KXBTC15M-26MAY020930-30,heartbeat:11678,live_heartbeat_two_side,heartbeat:11678:no,2026-05-02 13:18:09.350000+00:00,2026-05-02 13:18:00+00:00,no,no,True,True,1,83.0,82.0,82.5,0.825,17.5,65.0,1.0,78340.01,78402.31,710.65,,11678,False,False,synced,bid>=98,last_decisive_quote,-1.0,62.30000000000291,2.337007824626148,18.10238476946699,,,124.6737869458814,0.4997040799526383,0.6913582703795097,91.90008147756588,0.6779101715509492,0.7510856748284287,69.19616060586289,0.9003389704648487,0.8160300559357054,62.28594366223976,1.000225674316494,0.8413993464847593,78348.25,8.240000000005239,0.1373333333334206,0.0,159.8959333333983,0.959060737522496,0.989577027631026,0.9948727489684835,78389.76,49.75,0.2763888888888889,0.0,258.71576388889184,0.9975625446359336,0.9999075770327528,0.9999836413370452,78359.16,19.15000000000873,0.0638333333333624,0.0,107.66315833335692,0.8793059075837026,0.9401355275347996,0.958053428314746,78310.18,-29.830000000001743,-0.0497166666666695,29.830000000001743,26.968850833334173,0.6154141036368896,0.6516374050482467,0.6674870003118266,78269.84,-70.16999999999825,-0.0779666666666647,70.16999999999825,6.892988333337627,0.5298947315223006,0.5396750810086498,0.5440597274158364,78195.03,-144.97999999999593,-0.0805444444444421,144.97999999999593,5.061090555560071,0.5219593152732745,0.5291531236282966,0.5323807147580945,78139.83,-200.17999999999304,-0.0556055555555536,200.17999999999304,22.78391194444873,0.5979020315834975,0.6290225099835028,0.6427411252932054,0.0739143251715712,True,0.7880428374142143,0.8184638608040439,0.7510856748284287,heartbeat:11678,two_side_all_heartbeats,0.8205150279678527,0.7510856748284287,0.8136868839652691,0.07391432517157126,0.008969944064294522,2026-05-02 13:30:00+00:00,0.4978286503431426,0.5021713496568574,0.36793988812858913,0.6320601118714109,0.3172013070304813,0.6827986929695187,0.5021713496568574,0.4978286503431426,1.0,0.6764113772769572,0.760839072716417,0.7419556886384787,0.747386279396849,0.7005428374142143,0.6635856748284287,0.7314040189309549,0.39010194041522767,0.7442928374142144,0.7765757024485285,0.7120099723799,0.7465571165522857,0.6635856748284287,0.7135696770924607,0.6805822376326356,0.753051896209013,0.7523976506522533,0.6635856748284287,0.6974948468796918,0.6635856748284287,train,1,84.0,17.0,16.0,0.84,-8.760234934774672
KXBTC15M-26MAY020945-45,heartbeat:11776,live_heartbeat_two_side,heartbeat:11776:yes,2026-05-02 13:41:11.355000+00:00,2026-05-02 13:41:00+00:00,yes,yes,True,True,1,94.0,93.0,93.5,0.935,6.5,87.0,1.0,78333.98,78305.0,228.645,,11776,False,False,synced,bid>=98,last_decisive_quote,1.0,28.979999999995925,1.9165384067822056,14.845442663668758,,,25.11872169450247,1.1537211308941149,0.8756927411002864,19.91372664195206,1.4552775842038543,0.9272037851472152,34.26340952242122,0.8458002400792032,0.8011679042388548,32.80300594438585,0.88345562138813,0.8115049249722173,78305.49,28.489999999990687,0.4748333333331781,0.0,137.54826749996045,0.9999999999975286,0.9999702059558804,0.9999862452645264,78303.46,30.519999999989523,0.1695555555554973,0.0,67.7480299999826,0.9996656209506574,0.9759944706776597,0.98055266201079,78301.51,32.470000000001164,0.1082333333333372,0.0,53.727010499996815,0.9965120101209616,0.9415661915233328,0.9492754370004756,78301.19,32.7899999999936,0.0546499999999893,0.0,41.47544924999349,0.9813633006806612,0.8869541714891684,0.8969530818214176,78306.59,27.389999999999414,0.0304333333333326,0.0,35.93842949999578,0.9644396794528718,0.8528848323602323,0.8633694400387447,78351.84,-17.860000000000582,-0.0099222222222225,17.860000000000582,26.71133349999585,0.9100970369101704,0.7821832084693936,0.7922620986286134,78189.09,144.88999999999942,0.040247222222222,0.0,38.18232612499589,0.9724056253857872,0.867441073016246,0.8777856913119588,0.0077962148527849,True,0.9311018925736076,0.9529052650893922,0.9272037851472152,heartbeat:11776,two_side_all_heartbeats,0.8680839521194275,0.9272037851472152,0.9449635375683569,0.007796214852784811,0.1338320957611453,2026-05-02 13:45:00+00:00,0.14559242970556974,0.8544075702944303,0.3976641915222905,0.6023358084777095,0.37699015005556546,0.6230098499444345,0.6023358084777095,0.3976641915222905,0.0,0.9053649206913796,0.7415182755105111,0.91693246034569,0.923083661357786,0.8986018925736077,0.8947037851472153,0.9369042945977999,0.9540587713065264,0.9148518925736077,0.9229111355441646,0.9067926496030507,0.9189691900981435,0.8947037851472153,0.9102437230659239,0.9015182560337045,0.9170510088586408,0.9205708082351538,0.8947037851472153,0.9158040398725076,0.8947037851472153,train,1,95.0,6.0,5.0,0.95,-2.9429191764846223
KXBTC15M-26MAY021000-00,heartbeat:11822,live_heartbeat_two_side,heartbeat:11822:no,2026-05-02 13:49:58.586000+00:00,2026-05-02 13:49:00+00:00,no,yes,True,False,1,73.0,72.0,72.5,0.725,27.5,45.0,1.0,78341.85,78357.85,601.414,,11822,False,False,synced,bid>=98,last_decisive_quote,-1.0,16.0,0.6524289383823484,5.05369282587724,,,38.06647338699219,0.4203173705465294,0.6628731890381292,35.07633318255512,0.4561480219932866,0.6758582301639533,38.4459330795608,0.4161688563232234,0.6613567763440278,52.53779614995639,0.3045426563826903,0.6196427500344922,78340.34,-1.5100000000093132,-0.0251666666668218,1.5100000000093132,0.8644143332399814,0.5098304609265155,0.5089690207701046,0.506563576933959,78360.38,18.52999999999884,0.1029444444444379,0.0,77.91223011110722,0.9868319460027964,0.9786452728247488,0.9309594528951872,78352.22,10.369999999995343,0.0345666666666511,0.0,36.78887726665734,0.852870285653789,0.8306908974167192,0.7581101586573521,78309.12,-32.73000000001048,-0.0545500000000174,32.73000000001048,-16.807133700010503,0.3159128309951799,0.3309966245974592,0.3745199571208462,78308.13,-33.720000000001164,-0.0374666666666679,33.720000000001164,-6.532977866667444,0.4261242369145515,0.4325340210463179,0.4505198116288752,78348.24,6.389999999999418,0.0035499999999996,0.0,18.135019699999805,0.697427447643241,0.6814302097950753,0.635020639411479,78210.36,-131.49000000000524,-0.0365250000000014,131.49000000000524,-5.966646350000872,0.4324639298598466,0.4383334898042519,0.4547898718540891,0.0491417698360466,True,0.7004291150819766,0.751242838605914,0.6758582301639533,heartbeat:11822,two_side_all_heartbeats,0.6931783881720139,0.6758582301639533,0.7358315261799437,0.04914176983604668,0.06364322365597219,2026-05-02 14:00:00+00:00,0.6482835396720934,0.3517164603279066,0.6772864473119444,0.32271355268805557,0.7607144999310156,0.2392855000689844,0.32271355268805557,0.6772864473119444,0.6744000000000233,0.5786156992131393,0.5597638092472361,0.6380578496065696,0.6508448781719485,0.5629291150819766,0.5383582301639532,0.6647831722127332,0.30212348889328083,0.6316791150819766,0.669007469049186,0.5943507611147673,0.6464054867759689,0.5383582301639532,0.6069099477205012,0.5674144086650337,0.636815215590914,0.6500622019824375,0.5383582301639532,0.6015707011883432,0.5383582301639532,train,2,75.0,-73.0,-75.0,0.75,-9.993779801756247
KXBTC15M-26MAY021015-15,heartbeat:11898,live_heartbeat_two_side,heartbeat:11898:yes,2026-05-02 14:06:00.281000+00:00,2026-05-02 14:06:00+00:00,yes,no,True,False,1,75.0,74.0,74.5,0.745,25.5,49.0,1.0,78387.85,78361.99,539.719,,11898,False,False,synced,bid>=98,latest_quote,1.0,25.860000000000586,1.113126871618625,8.62224367198979,,,35.118516262621554,0.7363636836652098,0.769245300218546,50.8046457994292,0.5090085678796549,0.694626890724322,42.00683664921068,0.615614077678627,0.73092537109863,51.000892649724925,0.5070499486667329,0.6939401138166837,78386.76,1.0900000000110597,0.0181666666668509,0.0,35.66489516676673,0.7586606258211447,0.8020665787468255,0.7578175384540188,78380.45,7.400000000008731,0.0411111111111596,0.0,48.04844777780454,0.8278617123821811,0.8736517807728776,0.8269318213412591,78343.16,44.69000000000233,0.1489666666666744,0.0,106.26014036667144,0.981760326423046,0.9942902316231224,0.9813969682318696,78386.5,1.3500000000058208,0.0022500000000097,0.0,27.07436775000582,0.7029524944524319,0.740381790280333,0.7022423310475163,78336.21,51.63999999999942,0.0573777777777771,0.0,56.82787684444468,0.8683353472323021,0.9119441445168316,0.8674145805867616,78301.51,86.34000000001106,0.0479666666666728,0.0,51.74852136667057,0.8457984489818318,0.8910081102172537,0.8448658287550884,78329.99,57.86000000000058,0.0160722222222223,0.0,34.53448370555623,0.7516687749167996,0.7944945002466903,0.7508398122945112,0.0503731092756779,True,0.719813445362161,0.8071290723824559,0.694626890724322,heartbeat:11898,two_side_all_heartbeats,0.737962685549315,0.694626890724322,0.7772401325019058,0.05037310927567795,0.014074628901370012,2026-05-02 14:15:00+00:00,0.6107462185513559,0.3892537814486441,0.53814925780274,0.46185074219725997,0.6121197723666325,0.3878802276333675,0.3892537814486441,0.6107462185513559,0.0,0.6030149579416186,0.650202982428219,0.6612574789708093,0.6849335116131139,0.592313445362161,0.567126890724322,0.7416655106467702,0.4874298140909487,0.656063445362161,0.6916380672172966,0.6204888235070254,0.6689179271495479,0.567126890724322,0.6314892753417057,0.5940606235338636,0.6617560393269667,0.6729078678970826,0.567126890724322,0.6543962006855462,0.567126890724322,train,2,77.0,-75.0,-77.0,0.77,-9.70921321029175
KXBTC15M-26MAY021030-30,heartbeat:11972,live_heartbeat_two_side,heartbeat:11972:yes,2026-05-02 14:23:02.441000+00:00,2026-05-02 14:23:00+00:00,yes,yes,True,True,1,70.0,69.0,69.5,0.695,30.5,39.0,1.0,78334.41,78316.34,417.559,,11972,False,False,synced,bid>=98,last_decisive_quote,1.0,18.070000000006985,0.8842991918996695,6.849752086584193,,,14.674858029252675,1.2313577387928711,0.8909054521316679,30.41448482816457,0.5941248093498436,0.7237856807525052,38.56491779010078,0.4685605735854925,0.6803081178509842,32.594678755077624,0.554384969883835,0.7103422949537046,78324.03,10.380000000004657,0.1730000000000776,0.0,90.3077070000394,0.9985072817344464,0.9904020903988032,0.9972025787765012,78330.12,4.290000000008149,0.0238333333333786,0.0,28.021822833359224,0.8215613091770924,0.7662688837580125,0.8050242839832596,78325.0,9.410000000003492,0.0313666666666783,0.0,31.16743396667852,0.8472608970784736,0.7905068041768262,0.8305175160249272,78323.27,11.139999999999418,0.0185666666666656,0.0,25.82267876667325,0.8020664994489255,0.7484403672273059,0.7858884669987032,78357.99,-23.580000000001743,-0.0262000000000019,23.580000000001743,7.129954200006175,0.5926729664578285,0.5733391550959976,0.5865760263809787,78316.25,18.16000000000349,0.0100888888888908,0.0,22.282706355563352,0.768109363294327,0.7182995194044194,0.752895641345694,78306.8,27.610000000000586,0.0076694444444446,0.0,21.27244555278483,0.7578546550113708,0.7093891096311706,0.7430043639444688,-0.0287856807525052,True,0.7093928403762526,0.7553488592769929,0.695,heartbeat:11972,two_side_all_heartbeats,0.687654058925492,0.695,0.7340878836414462,0.028785680752505205,0.014691882149015734,2026-05-02 14:30:00+00:00,0.5524286384949897,0.4475713615050103,0.6393837642980316,0.36061623570196844,0.5793154100925908,0.4206845899074092,0.36061623570196844,0.6393837642980316,0.4716000000000349,0.6409213849782567,0.5844005532062795,0.6527106924891284,0.6679367821969756,0.5568928403762525,0.5712856807525052,0.6857650197919456,0.4379774512128507,0.6331428403762526,0.6578857042257515,0.6083999765267536,0.6633571205016701,0.5712856807525052,0.6302788890716965,0.5972006576417228,0.6353757877234554,0.6662647232642342,0.5712856807525052,0.6285253502722254,0.5712856807525052,train,2,72.0,30.0,28.0,0.72,-5.373527673576575
KXBTC15M-26MAY021045-45,heartbeat:12113,live_heartbeat_two_side,heartbeat:12113:no,2026-05-02 14:42:52.571000+00:00,2026-05-02 14:42:00+00:00,no,no,True,True,1,88.0,87.0,87.5,0.875,12.5,75.0,1.0,78386.52,78406.99,127.429,,12113,False,False,synced,bid>=98,last_decisive_quote,-1.0,20.470000000001164,1.8133586369438977,14.046215603170191,,,35.78206528988368,0.5720743013061477,0.7163641807590365,26.294136779570124,0.778500552104294,0.7818630093589385,41.85429777951309,0.4890776117625094,0.6876066244981851,33.26656409421444,0.6153325586023237,0.7308324400343519,78386.14,-0.3800000000046566,-0.0063333333334109,0.3800000000046566,19.66294966665794,0.7727118265111319,0.6807493405018519,0.7227640621144366,78372.09,-14.430000000007569,-0.0801666666667087,14.430000000007569,10.25444183332914,0.6517279087561298,0.5967730689177576,0.6210542137054768,78420.91,34.38999999999942,0.1146333333333314,0.0,35.07761103333425,0.9089057528320176,0.7990095355754685,0.8541593459596004,78413.97,27.44999999999709,0.0457499999999951,0.0,26.299876750000543,0.8413975621475608,0.7351183597899222,0.7854054085898551,78427.86,41.33999999999651,0.0459333333333294,0.0,26.323238733334,0.8416124074109346,0.735301112531219,0.7856103221102644,78328.0,-58.52000000000408,-0.0325111111111133,58.52000000000408,16.327141622223095,0.7326812041092423,0.6517667557626503,0.6882151090309708,78330.95,-55.570000000006985,-0.015436111111113,55.570000000006985,18.50299179722314,0.759187912637088,0.6707847206976695,0.710964254124322,0.0931369906410615,True,0.8284315046794692,0.855256254063652,0.7818630093589385,heartbeat:12113,two_side_all_heartbeats,0.7813033122490926,0.7818630093589385,0.8538400533740851,0.09313699064106151,0.1873933755018149,2026-05-02 14:45:00+00:00,0.436273981282123,0.563726018717877,0.6247867510036298,0.3752132489963702,0.5383351199312962,0.46166488006870376,0.3752132489963702,0.6247867510036298,0.0,0.71642191216662,0.5938886118476405,0.7894609560833101,0.7928515313665118,0.7659315046794692,0.7193630093589385,0.8227126552458729,0.6546165940010787,0.7971815046794692,0.8283089028076814,0.7660541065512569,0.7920753395726257,0.7193630093589385,0.7601015560923885,0.7281277726121514,0.8090126158726423,0.8002605378561396,0.7193630093589385,0.7710378323024056,0.7193630093589385,train,1,89.0,12.0,11.0,0.89,-8.973946214386046
KXBTC15M-26MAY021100-00,heartbeat:12144,live_heartbeat_two_side,heartbeat:12144:yes,2026-05-02 14:49:08.208000+00:00,2026-05-02 14:49:00+00:00,yes,yes,True,True,1,82.0,81.0,81.5,0.815,18.5,63.0,1.0,78429.24,78389.63,651.792,,12144,False,False,synced,bid>=98,last_decisive_quote,1.0,39.61000000000058,1.5514948186429398,12.017827188662404,,,25.709978477062,1.540646952907407,0.9382986330437264,54.56519176782098,0.7259206596128925,0.7660562947112907,94.11182540329744,0.4208822837115297,0.6630794787146307,74.79278438123436,0.5295965423362258,0.701804153904971,78412.68,16.560000000012224,0.2760000000002037,0.0,219.50459200013336,0.9999712442497686,0.9901596600567428,0.9983313824739396,78399.99,29.25,0.1625,0.0,145.5262000000006,0.9961735903370308,0.9389853247131972,0.9741561167527404,78398.02,31.220000000001164,0.1040666666666705,0.0,107.4398208000031,0.9755244627266968,0.8731937284640148,0.9245699152828948,78372.09,57.15000000000873,0.0952500000000145,0.0,101.69318800001008,0.968818128931196,0.8600528818079007,0.913032140939705,78414.95,14.290000000008147,0.0158777777777868,0.0,49.95900853333981,0.8200573983049417,0.7022377006288445,0.7479222305289235,78327.48,101.76000000000931,0.0565333333333385,0.0,76.45797440000396,0.9194262259387742,0.7917235817978501,0.8466720274656465,78341.85,87.38999999999942,0.0242749999999998,0.0,55.43225080000048,0.8451591934566494,0.7220707375907611,0.7706970443327643,0.0489437052887092,True,0.7905281473556454,0.8521935858126625,0.7660562947112907,heartbeat:12144,two_side_all_heartbeats,0.7390397393573154,0.7660562947112907,0.8324217809587265,0.04894370528870928,0.15192052128536926,2026-05-02 15:00:00+00:00,0.46788741057741867,0.5321125894225813,0.6738410425707386,0.3261589574292614,0.596391692190058,0.40360830780994195,0.3261589574292614,0.6738410425707386,0.0,0.6958731831246778,0.5620033223290198,0.7461865915623389,0.7622390378350086,0.6980281473556453,0.6735562947112907,0.8041330399009846,0.629665035695251,0.7442781473556453,0.7725668884133872,0.7159894062979034,0.7515375298075272,0.6735562947112907,0.7222126929446736,0.6928878560818199,0.7509290121669512,0.7560431648275705,0.6735562947112907,0.7388446673061377,0.6735562947112907,train,2,84.0,18.0,16.0,0.84,-8.395683517242944
KXBTC15M-26MAY021115-15,heartbeat:12305,live_heartbeat_two_side,heartbeat:12305:yes,2026-05-02 15:07:11.361000+00:00,2026-05-02 15:07:00+00:00,yes,yes,True,True,1,85.0,84.0,84.5,0.845,15.5,69.0,1.0,78455.5,78417.73,468.639,,12305,False,False,synced,bid>=98,last_decisive_quote,1.0,37.77000000000408,1.7447281614286108,13.514606225744192,,,35.405476369731154,1.0667841213483686,0.8569653347891871,38.87899769038083,0.9714756615073148,0.8343442663665059,45.45034003152336,0.8310168851059778,0.7970179546513673,63.30211497669342,0.5966625287940259,0.724633642548662,78432.1,23.39999999999418,0.389999999999903,0.0,220.53920999995864,0.9999999929615612,0.9999993898464032,0.9997529321262336,78417.2,38.30000000000291,0.2127777777777939,0.0,137.48596500001165,0.9997970769481332,0.9987567155622344,0.9850684572304084,78417.81,37.69000000000233,0.1256333333333411,0.0,96.64667970000772,0.993537562531232,0.9832660014659844,0.9365887506224544,78417.44,38.05999999999767,0.0634333333333294,0.0,67.49733390000226,0.9587257996845364,0.931238517003387,0.8568498668218054,78462.41,-6.9100000000034925,-0.0076777777777816,6.9100000000034925,34.17189390000225,0.8102802201826005,0.773929734091205,0.7053402099458114,78420.91,34.58999999999651,0.0192166666666647,0.0,46.77567945000317,0.885532965375632,0.8482977911385524,0.7700245169659556,78366.82,88.67999999999302,0.0246333333333313,0.0,49.314140700003165,0.8976725211239298,0.8610417145951155,0.7820184856920421,0.010655733633494,True,0.839672133183253,0.8909606096325793,0.8343442663665059,heartbeat:12305,two_side_all_heartbeats,0.8210089773256837,0.8343442663665059,0.8715107924161981,0.010655733633494036,0.04798204534863271,2026-05-02 15:15:00+00:00,0.3313114672669879,0.6686885327330121,0.40596409069726547,0.5940359093027345,0.550732714902676,0.44926728509732405,0.5940359093027345,0.40596409069726547,0.13820000000006985,0.7846475462764577,0.7361233410467773,0.8070737731382289,0.8219275293913522,0.7621721331832529,0.756844266366506,0.8469696456894958,0.7404022889861213,0.800922133183253,0.8185532799099517,0.7832909864565543,0.8120628442443373,0.756844266366506,0.7924193352572504,0.7727758262701635,0.8046608255896358,0.8149801170662875,0.756844266366506,0.801906956028001,0.756844266366506,train,1,86.0,15.0,14.0,0.86,-4.501988293371255
KXBTC15M-26MAY021130-30,heartbeat:12378,live_heartbeat_two_side,heartbeat:12378:no,2026-05-02 15:17:12.239000+00:00,2026-05-02 15:17:00+00:00,no,no,True,True,1,81.0,80.0,80.5,0.805,19.5,61.0,1.0,78383.84,78434.44,767.761,,12378,False,False,synced,bid>=98,latest_quote,-1.0,50.60000000000582,1.8261543961441824,14.145331127739762,,,89.37039172633976,0.5661830391764154,0.7143653207438799,63.88537858213344,0.7920435179851453,0.7858323489937196,61.54186916853189,0.8222044712590407,0.7945197327804331,83.85671016672758,0.6034102685330809,0.7268821036070885,78437.99,54.15000000000873,0.9025000000001456,0.0,743.5043025001175,1.0,1.0,1.0,78437.0,53.16000000000349,0.2953333333333527,0.0,277.345415333354,0.9999929178011916,0.9999967064763252,0.9995291229086276,78431.79,47.94999999999709,0.1598333333333236,0.0,173.3137998333317,0.9966650055618422,0.9975701791297394,0.9806227963608534,78455.5,71.66000000000349,0.1194333333333391,0.0,142.29625543334362,0.9870386592947064,0.989616285460426,0.9551419949407,78417.81,33.970000000001164,0.0377444444444457,0.0,79.57871241111792,0.8935532267609743,0.9020087319164226,0.8286857348139245,78400.0,16.160000000003492,0.0089777777777797,0.0,57.49278764445175,0.8159229929273049,0.8249011970077468,0.7535196679476941,78305.0,-78.83999999999651,-0.021899999999999,78.83999999999651,33.78603410000656,0.7015466116075488,0.708494754504385,0.6564898306282141,0.0191676510062804,True,0.7954161744968598,0.8624991181851872,0.7858323489937196,heartbeat:12378,two_side_all_heartbeats,0.7997598663902166,0.7858323489937196,0.8375827058104843,0.019167651006280484,0.010480267219566963,2026-05-02 15:30:00+00:00,0.42833530201256087,0.5716646979874391,0.41096053443913383,0.5890394655608662,0.546235792785823,0.453764207214177,0.5716646979874391,0.42833530201256087,0.0,0.7215820536918354,0.732875652614563,0.7535410268459178,0.7727075274021019,0.6979161744968598,0.6883323489937195,0.8142491756092283,0.6713311985436233,0.7466661744968598,0.7699997046981158,0.7233326442956036,0.7597215659958131,0.6883323489937195,0.7341802108392451,0.7086388556826771,0.7512123325367451,0.7631547435435759,0.6883323489937195,0.751290762301474,0.6883323489937195,train,2,83.0,19.0,17.0,0.83,-6.68452564564241
KXBTC15M-26MAY021145-45,heartbeat:12452,live_heartbeat_two_side,heartbeat:12452:yes,2026-05-02 15:34:13.960000+00:00,2026-05-02 15:34:00+00:00,yes,yes,True,True,1,74.0,73.0,73.5,0.735,26.5,47.0,1.0,78389.75,78373.22,646.04,,12452,False,False,synced,bid>=98,latest_quote,1.0,16.529999999998836,0.6503440172107968,5.037543095926091,,,12.381408326807913,1.335066218937994,0.9090726627458732,17.38656279551838,0.9507342074685208,0.8291303406938115,43.157579041141446,0.3830149968384706,0.6491456777134638,47.76832338529366,0.3460452205255312,0.6353456347006946,78382.82,6.929999999993015,0.1154999999998835,0.0,91.14761999992362,0.9999999207568432,0.9826555958524108,0.9718120468138568,78377.9,11.85000000000582,0.0658333333333656,0.0,59.0609666666864,0.9996592701575546,0.9144215357783448,0.8918458649407084,78373.57,16.179999999993015,0.05393333333331,0.0,51.37309066665046,0.9984354295281828,0.883047694959514,0.858916378659071,78378.51,11.24000000000524,0.018733333333342,0.0,28.632482666671145,0.9502021402803263,0.7464757392790902,0.7255479556752346,78375.0,14.75,0.0163888888888888,0.0,27.117877777776613,0.940584983211038,0.7351112390505872,0.7148792366936217,78417.2,-27.44999999999709,-0.0152499999999983,27.44999999999709,6.677889999999881,0.6495416794703501,0.5614839868067112,0.5555899875955576,78414.95,-25.19999999999709,-0.0069999999999991,25.19999999999709,12.00771999999936,0.7551016445967245,0.6095819789595216,0.5992375605929999,-0.0941303406938115,True,0.7820651703469057,0.8541885900739979,0.735,heartbeat:12452,two_side_all_heartbeats,0.6920728388567319,0.735,0.81592618811378,0.09413034069381154,0.08585432228653622,2026-05-02 15:45:00+00:00,0.34173931861237694,0.6582606813876231,0.7017086445730725,0.29829135542692753,0.7293087305986108,0.2706912694013892,0.29829135542692753,0.7017086445730725,0.0,0.7778694429019549,0.5438893810275028,0.7431847214509775,0.7695282644037957,0.6495651703469058,0.6966303406938115,0.8082522562525423,0.7581042243404413,0.7158151703469058,0.7234891022081433,0.708141238485668,0.7535868937958744,0.6966303406938115,0.725753559567129,0.6979202253383834,0.7162065184561823,0.758347311572132,0.6966303406938115,0.7524412984731769,0.6966303406938115,train,2,76.0,26.0,24.0,0.76,-0.16526884278680143
KXBTC15M-26MAY021200-00,heartbeat:12616,live_heartbeat_two_side,heartbeat:12616:yes,2026-05-02 15:56:09.913000+00:00,2026-05-02 15:56:00+00:00,yes,yes,True,True,1,93.0,92.0,92.5,0.925,7.5,85.0,1.0,78475.55,78439.12,230.087,,12616,False,False,synced,bid>=98,last_decisive_quote,1.0,36.43000000000757,2.4016688788482026,18.60324714176745,,,22.92406106866236,1.5891599612691705,0.9439878583373856,31.41355199252117,1.1596905694930868,0.8769125944454265,27.659961088586044,1.3170662056730262,0.9060917832174408,26.67958756206708,1.365463387140346,0.9139462735046288,78455.87,19.680000000007567,0.3280000000001261,0.0,111.8985360000366,0.9998160570992244,0.999973894875567,0.999986305943532,78447.94,27.610000000000586,0.1533888888888921,0.0,71.72278927778609,0.9887901120592376,0.9952431165912066,0.9964091796453034,78419.72,55.83000000000175,0.1861000000000058,0.0,79.24919070000891,0.9941782863365044,0.9979157635297318,0.998512965011436,78408.82,66.72999999999593,0.1112166666666598,0.0,62.01950918333934,0.9758256974751518,0.987526177630954,0.9899534609586496,78398.65,76.90000000000873,0.0854444444444541,0.0,56.08965588889869,0.96291183158313,0.9787111199371296,0.9822383990476712,78379.53,96.02000000000407,0.0533444444444467,0.0,48.703863188896975,0.939478346231222,0.9608644935306516,0.9660379745092444,78424.37,51.18000000000757,0.0142166666666687,0.0,39.701070183341386,0.8968526504006264,0.924402934627864,0.9316336659159468,0.0480874055545735,True,0.9009562972227132,0.9320302935939769,0.8769125944454265,heartbeat:12616,two_side_all_heartbeats,0.9155458916087205,0.8769125944454265,0.9244094356009289,0.04808740555457358,0.018908216782559273,2026-05-02 16:00:00+00:00,0.24617481110914707,0.7538251888908529,0.18781643356511846,0.8121835664348815,0.17210745299074248,0.8278925470092575,0.7538251888908529,0.24617481110914707,0.0,0.8399863727790543,0.877919318182673,0.8787431863895273,0.8856610150231777,0.8634562972227133,0.8394125944454265,0.9072919544900142,0.8532430175245034,0.8822062972227133,0.8993237783336279,0.8650888161117984,0.8804417296302843,0.8394125944454265,0.8629267736699462,0.8454118177096079,0.8892482074635776,0.8852614946134555,0.8394125944454265,0.8733522744677203,0.8394125944454265,train,1,94.0,7.0,6.0,0.94,-5.473850538654446
KXBTC15M-26MAY021315-15,heartbeat:25554,live_heartbeat_two_side,heartbeat:25554:no,2026-05-02 17:06:08.476000+00:00,2026-05-02 17:06:00+00:00,no,no,True,True,1,82.0,81.0,81.5,0.815,18.5,63.0,1.0,78414.03,78449.91,531.524,,25554,False,False,synced,bid>=98,latest_quote,-1.0,35.88000000000466,1.5562916768833128,12.054983492820568,,,24.62871285512106,1.456836181860966,0.9274191971561736,34.374457373469845,1.0437982950589582,0.8517106397045824,43.37034042679283,0.8272934832173723,0.795964631720474,47.94346154534493,0.7483815069562583,0.7728849630639387,78431.3,17.270000000004075,0.2878333333334012,0.0,188.8703246667074,0.9999999804086296,0.9999933413941762,0.9999591637556478,78438.68,24.64999999999418,0.1369444444444121,0.0,108.66925888887636,0.9992147677352218,0.9938880215128328,0.9882930522516366,78434.93,20.89999999999418,0.0696666666666472,0.0,72.90950533332767,0.9830406670601316,0.9536274165267842,0.9358373617201317,78486.57,72.54000000000815,0.1209000000000135,0.0,100.14125160001188,0.9982115367070566,0.9895276563490076,0.981634269278954,78475.54,61.50999999999476,0.0683444444444386,0.0,72.20671248889045,0.9821616045181016,0.9520323408684804,0.933976744979863,78472.79,58.75999999999476,0.0326444444444415,0.0,53.231305688892,0.9392576216201214,0.8901575761422624,0.8665636773412047,78462.19,48.16000000000349,0.0133777777777787,0.0,42.99060995556073,0.8944699344601039,0.8392168887261278,0.815058864205523,-0.0367106397045824,True,0.8333553198522912,0.8832504355882379,0.815,heartbeat:25554,two_side_all_heartbeats,0.805482315860237,0.815,0.859621325323401,0.03671063970458244,0.0190353682795259,2026-05-02 17:15:00+00:00,0.29657872059083523,0.7034212794091648,0.4080707365590519,0.5919292634409481,0.45423007387212255,0.5457699261278774,0.5919292634409481,0.4080707365590519,0.0,0.807223831615957,0.7347540212366162,0.8018619158079786,0.8186659825139917,0.7408553198522911,0.7592106397045824,0.8484634532643175,0.8017253461151779,0.7871053198522912,0.7982631919113746,0.7759474477932076,0.8086404264697217,0.7592106397045824,0.7896255391810064,0.7706106518922912,0.7884478141818301,0.8114954733450999,0.7592106397045824,0.80383704648445,0.7592106397045824,train,2,84.0,18.0,16.0,0.84,-2.8504526654900104
KXBTC15M-26MAY021330-30,heartbeat:25650,live_heartbeat_two_side,heartbeat:25650:no,2026-05-02 17:28:40.351000+00:00,2026-05-02 17:28:00+00:00,no,yes,True,False,1,73.0,71.0,72.0,0.72,28.0,44.0,2.0,78428.94,78435.09,79.649,,25650,False,False,synced,mid>=95,last_decisive_quote,-1.0,6.149999999994179,0.6891042874293509,5.337778858028011,,,8.979750537711055,0.6848742594982843,0.7532883648692543,9.458591758560956,0.6502024991646166,0.7422192865226769,10.749211096843894,0.5721350101497121,0.7163847438748937,14.646852531544988,0.4198854318188088,0.6627154246649447,78428.94,-0.0,-0.0,0.0,6.149999999994179,0.7422192865226769,0.7163847438748937,0.6627154246649447,78434.03,5.089999999996508,0.0282777777777583,0.0,8.402296722214857,0.8128168288129123,0.7827946620501252,0.7169006635054205,78432.4,3.459999999991851,0.0115333333333061,0.0,7.068618466658682,0.7725655438669565,0.7446005266468206,0.6853112604193123,78445.12,16.179999999993015,0.026966666666655,0.0,8.297868033326585,0.8098337084764797,0.7799283793103783,0.7144829181503495,78420.07,-8.869999999995343,-0.0098555555555503,8.869999999995343,5.365014855550147,0.714714494854843,0.6911482704732003,0.6429261447245382,78453.59,24.64999999999418,0.0136944444444412,0.0,7.240748805549478,0.7780192596291384,0.7497195460803385,0.6894723526664893,78531.88,102.94000000000231,0.028594444444445,0.0,8.427518905549785,0.8135329660153117,0.7834836951374273,0.7174831340125787,-0.0222192865226769,True,0.7311096432613384,0.7449282767965445,0.72,heartbeat:25650,two_side_all_heartbeats,0.7181923719374468,0.72,0.7371788947301944,0.022219286522676907,0.00361525612510627,2026-05-02 17:30:00+00:00,0.5155614269546462,0.48443857304535376,0.5672305122502126,0.4327694877497874,0.6745691506701106,0.3254308493298894,0.4327694877497874,0.5672305122502126,0.17739999999990685,0.6648850724794799,0.6313001670373618,0.6784425362397399,0.6836990906264356,0.5911096432613384,0.6022192865226769,0.7047527520347343,0.5262151274320681,0.6611096432613384,0.684665785956803,0.6375535005658738,0.688146191015118,0.6022192865226769,0.657429749000745,0.6267133069863721,0.6636474478987919,0.6911652525332894,0.6022192865226769,0.6534860192787055,0.6022192865226769,train,2,75.0,-73.0,-75.0,0.75,-5.883474746671055
KXBTC15M-26MAY021345-45,heartbeat:25685,live_heartbeat_two_side,heartbeat:25685:yes,2026-05-02 17:36:10.907000+00:00,2026-05-02 17:36:00+00:00,yes,no,True,False,1,85.0,83.0,84.0,0.84,16.0,68.0,2.0,78476.26,78442.3,529.093,,25685,False,False,synced,bid>=98,last_decisive_quote,1.0,33.95999999999185,1.4763919674676445,11.43608300495318,,,40.76828725924403,0.8330004099520165,0.7975777509626994,39.595218705017935,0.8576793135805579,0.8044652170980037,35.78051833860141,0.9491198444533008,0.8287201687204819,39.84411325708628,0.8523216411134978,0.8029822010617049,78455.46,20.79999999998836,0.3466666666664726,0.0,217.37890666655585,0.9999999799066344,0.9999999993813836,0.9999999756146016,78447.3,28.95999999999185,0.1608888888888436,0.0,119.0851848888568,0.9986832500113444,0.999562974881126,0.9985995193970754,78447.35,28.90999999998894,0.0963666666666298,0.0,84.946928766639,0.9840389012565636,0.9912043737511216,0.9834958332209972,78427.53,48.729999999995925,0.0812166666666598,0.0,76.93116981665491,0.9739883501957112,0.9842257695766556,0.973246346906425,78423.2,53.05999999999767,0.0589555555555529,0.0,65.15297175554603,0.9500641290933534,0.965689450363958,0.9489961144433968,78414.03,62.229999999995925,0.0345722222222199,0.0,52.25192077221287,0.9065244308886364,0.9279024354948996,0.905140156408053,78472.79,3.470000000001164,0.0009638888888892,0.0,34.46998686388091,0.8080025931147821,0.8323198255462725,0.8065138635995195,0.0355347829019963,True,0.8222326085490018,0.8761680394515224,0.8044652170980037,heartbeat:25685,two_side_all_heartbeats,0.834360084360241,0.8044652170980037,0.8581473453807138,0.0355347829019963,0.011279831279518038,2026-05-02 17:45:00+00:00,0.39106956580399266,0.6089304341960073,0.34255966255903636,0.6574403374409636,0.39403559787659015,0.6059644021234099,0.6089304341960073,0.39106956580399266,0.0,0.7458047822274048,0.7773362193366263,0.7849023911137024,0.7993062812393588,0.7422326085490019,0.7244652170980037,0.8350403888003146,0.7073343243216637,0.7822326085490019,0.8053395651294011,0.7591256519686026,0.7896434780653357,0.7244652170980037,0.7654848547739268,0.7413262314825179,0.7879268472251642,0.7935506831243576,0.7244652170980037,0.7797528029491592,0.7244652170980037,train,1,86.0,-85.0,-86.0,0.86,-6.644931687564238
KXBTC15M-26MAY021400-00,heartbeat:25758,live_heartbeat_two_side,heartbeat:25758:no,2026-05-02 17:50:11.967000+00:00,2026-05-02 17:50:00+00:00,no,no,True,True,1,80.0,79.0,79.5,0.795,20.5,59.0,1.0,78393.23,78422.16,588.033,,25758,False,False,synced,bid>=98,last_decisive_quote,-1.0,28.930000000007567,1.1930196148541965,9.24109020005818,,,31.637131937488824,0.9144318156642572,0.8197550047666247,32.94804215691711,0.8780491375550217,0.8100414733654795,37.06274917598667,0.780568107957615,0.7824717223956106,37.13903616349638,0.7789647494525612,0.7819997599787742,78404.62,11.389999999999418,0.1898333333333236,0.0,140.55826450000188,0.999990052153804,0.9999254129473618,0.99992303757031,78427.55,34.320000000006985,0.1906666666667054,0.0,141.0482920000304,0.9999906943430288,0.9999292872630202,0.9999270201422744,78417.5,24.270000000004075,0.0809000000000135,0.0,76.50186970001556,0.989880684800801,0.9804967121211924,0.9802948794997164,78464.74,71.51000000000931,0.1191833333333488,0.0,99.0137330500167,0.9986727404324686,0.996224528076728,0.9961623419863084,78455.46,62.23000000001048,0.069144444444456,0.0,69.58921510001441,0.9826606148643346,0.9697824114214192,0.9695174544873806,78431.25,38.02000000000408,0.0211222222222244,0.0,41.3505637000089,0.8952648662083182,0.8677227185718671,0.8672314361495206,78452.36,59.13000000000466,0.0164250000000012,0.0,38.58844202500833,0.8792389426303083,0.8511005416574347,0.8506037894634122,-0.0150414733654794,True,0.8025207366827398,0.8649740527220935,0.795,heartbeat:25758,two_side_all_heartbeats,0.7887358611978053,0.795,0.8384885789698041,0.015041473365479452,0.01252827760438946,2026-05-02 18:00:00+00:00,0.379917053269041,0.620082946730959,0.43505655520877884,0.5649434447912212,0.4360004800424515,0.5639995199575485,0.5649434447912212,0.43505655520877884,0.0,0.7530539153751232,0.7172132391142937,0.7637769576875617,0.7832650261676417,0.7000207366827398,0.7075414733654796,0.8209968736429,0.7190710152110391,0.7512707366827398,0.7687624420096438,0.7337790313558357,0.7708609822436531,0.7075414733654796,0.7482645900770523,0.7256681979104513,0.753877917347204,0.7737651991237576,0.7075414733654796,0.7642691735041898,0.7075414733654796,train,2,82.0,20.0,18.0,0.82,-4.62348008762423
KXBTC15M-26MAY021415-15,heartbeat:25834,live_heartbeat_two_side,heartbeat:25834:no,2026-05-02 18:03:13.142000+00:00,2026-05-02 18:03:00+00:00,no,no,True,True,1,78.0,77.0,77.5,0.775,22.5,55.0,1.0,78370.01,78394.07,706.858,,25834,False,False,synced,bid>=98,latest_quote,-1.0,24.060000000012224,0.9049603141726072,7.00979245153828,,,35.07635702117741,0.6859321218986898,0.7536220434587606,30.192209858661336,0.7968943019621353,0.7872437897806379,33.466279203089854,0.7189326263013675,0.7639087836492158,36.85459973010887,0.6528357430607523,0.7430689110366753,78389.76,19.75,0.3291666666666666,0.0,256.73409166667886,1.0,0.9999999999999916,0.9999999999983712,78393.08,23.070000000006985,0.1281666666667054,0.0,114.65563366670632,0.9999269256079532,0.9996937352374072,0.9990678087285416,78389.66,19.65000000000873,0.0655000000000291,0.0,70.35919900003279,0.990106854487638,0.982240473735276,0.9718755482526692,78396.01,26.0,0.0433333333333333,0.0,54.69051333334556,0.9649614042167032,0.948891317390491,0.9310893752842307,78422.02,52.01000000000931,0.0577888888888992,0.0,64.90853842224175,0.9842162181128142,0.97378101160135,0.9608982199428052,78447.3,77.29000000000815,0.0429388888888934,0.0,54.41169712223764,0.9642411953226384,0.9480109547637914,0.9300801492013442,78438.68,68.66999999999825,0.0190749999999995,0.0,37.54331635001188,0.8931539310040713,0.8690316216146041,0.8458243016837975,-0.0122437897806378,True,0.7811218948903189,0.8507835480894252,0.775,heartbeat:25834,two_side_all_heartbeats,0.769454391824608,0.775,0.8216945078317189,0.012243789780637893,0.01109121635078425,2026-05-02 18:15:00+00:00,0.42551242043872417,0.5744875795612758,0.47218243270156846,0.5278175672984315,0.5138621779266495,0.48613782207335055,0.5278175672984315,0.47218243270156846,0.0,0.7234169267148293,0.6930814187439804,0.7379584633574148,0.7594691488061784,0.668621894890319,0.6747437897806379,0.8016432657878466,0.6734982650100396,0.724871894890319,0.7449231369341913,0.7048206528464465,0.7456625265204252,0.6747437897806379,0.7204647157272115,0.6952669049339979,0.7277508740251133,0.7486875007578713,0.6747437897806379,0.7381935277842422,0.6747437897806379,train,2,80.0,22.0,20.0,0.8,-5.131249924212867
KXBTC15M-26MAY021430-30,heartbeat:25900,live_heartbeat_two_side,heartbeat:25900:yes,2026-05-02 18:18:14.546000+00:00,2026-05-02 18:18:00+00:00,yes,yes,True,True,1,74.0,72.0,73.0,0.73,27.0,46.0,2.0,78341.31,78319.14,705.454,,25900,False,False,synced,bid>=98,latest_quote,1.0,22.169999999998254,0.8347017863953234,6.465572235517336,,,29.47963789224901,0.7520445156426886,0.7739878555885982,32.90730433891767,0.6737106075801842,0.7497523416854839,31.128295387472363,0.7122137503526971,0.7618337882715678,35.74553306045905,0.6202173559001204,0.732442651785701,78327.48,13.830000000001746,0.2305000000000291,0.0,184.7771470000188,0.9999999901764348,0.9999999985395824,0.9999998824744316,78318.12,23.19000000000233,0.1288333333333462,0.0,113.0559903333407,0.99970436697177,0.9998593487923234,0.9992187031676716,78327.03,14.279999999998836,0.0475999999999961,0.0,55.74961039999551,0.9548807446190876,0.9633503452692658,0.9405756825559736,78339.31,2.0,0.0033333333333333,0.0,24.521513333331587,0.7719153139223534,0.7845803903213219,0.7536441307533229,78370.01,-28.69999999999709,-0.0318888888888856,28.69999999999709,-0.3261442222216857,0.4960461486505196,0.4958201906778681,0.4963600790544553,78422.02,-80.7100000000064,-0.0448388888888924,80.7100000000064,-9.461773522226476,0.3868540082059462,0.3805789764880576,0.3956210331682982,78445.12,-103.80999999999769,-0.0288361111111104,103.80999999999769,1.827450072220934,0.5221431856451243,0.5234072739178958,0.5203865932936068,-0.0197523416854839,True,0.7398761708427419,0.8115443621015238,0.73,heartbeat:25900,two_side_all_heartbeats,0.7459168941357839,0.73,0.7809018514294627,0.0197523416854839,0.0318337882715678,2026-05-02 18:30:00+00:00,0.5004953166290322,0.49950468337096776,0.47633242345686444,0.5236675765431356,0.535114696428598,0.464885303571402,0.49950468337096776,0.5004953166290322,0.5739999999999418,0.6746780441911291,0.6903839247530381,0.6888390220955646,0.7113270965574733,0.6048761708427419,0.6147523416854839,0.7291523197665625,0.4801927578328882,0.6723761708427419,0.6954257025056452,0.6493266391798387,0.6981682277903225,0.6147523416854839,0.668401926117943,0.6386356244455637,0.675019815006312,0.7012133706289942,0.6147523416854839,0.6719523307260231,0.6147523416854839,train,2,76.0,26.0,24.0,0.76,-5.878662937100572
KXBTC15M-26MAY021445-45,heartbeat:25961,live_heartbeat_two_side,heartbeat:25961:yes,2026-05-02 18:32:01.004000+00:00,2026-05-02 18:32:00+00:00,yes,yes,True,True,1,83.0,82.0,82.5,0.825,17.5,65.0,1.0,78417.37,78378.66,778.996,,25961,False,False,synced,bid>=98,last_decisive_quote,1.0,38.70999999999185,1.386933242136981,10.743138698195974,,,42.98162092666351,0.9006175003506726,0.8161041367293431,50.38348481299798,0.7683073162498957,0.7788476854612052,46.34162931774726,0.8353180621805898,0.7982306748506558,40.49345720208352,0.9559569045144432,0.830452996159959,78396.01,21.360000000000586,0.3560000000000097,0.0,316.0325759999994,0.9999999998224008,0.999999999995436,0.999999999999997,78366.01,51.36000000000058,0.2853333333333365,0.0,260.9835253333277,0.9999998890225053,0.999999991079437,0.9999999999422298,78364.84,52.52999999999884,0.1750999999999961,0.0,175.11219959998883,0.9997451319660118,0.9999211828042108,0.9999923545860572,78379.37,38.0,0.0633333333333333,0.0,88.04641333332518,0.9597268680215428,0.971279641966281,0.9851600739181092,78327.48,89.88999999999942,0.0998777777777771,0.0,116.51438937776912,0.9896263369971257,0.9940356888895304,0.9979949321934776,78389.76,27.610000000000586,0.0153388888888892,0.0,50.65893308888099,0.8426639924436038,0.862838778895415,0.8945400506813879,78456.56,-39.19000000000233,-0.0108861111111117,39.19000000000233,30.22976298888024,0.7257447135988166,0.7429039513038264,0.7723277017736601,0.0461523145387947,True,0.8019238427306026,0.8678642724757389,0.7788476854612052,heartbeat:25961,two_side_all_heartbeats,0.8116153374253279,0.7788476854612052,0.8461033320315638,0.04615231453879476,0.02676932514934416,2026-05-02 18:45:00+00:00,0.4423046290775896,0.5576953709224104,0.4035386502986884,0.5964613497013116,0.33909400768008213,0.6609059923199179,0.5576953709224104,0.4423046290775896,0.0,0.7125019910995667,0.7376998773058525,0.7600009955497834,0.7774755087463846,0.7144238427306026,0.6913476854612052,0.819372869123805,0.6576698841190116,0.7581738427306026,0.7849043056383614,0.7314433798228436,0.7650651236408034,0.6913476854612052,0.7373516956285439,0.7096382676162845,0.7646802261302953,0.7694715240048116,0.6913476854612052,0.7553602772925051,0.6913476854612052,train,1,84.0,17.0,16.0,0.84,-7.0528475995188415
KXBTC15M-26MAY021500-00,heartbeat:26031,live_heartbeat_two_side,heartbeat:26031:yes,2026-05-02 18:48:02.848000+00:00,2026-05-02 18:48:00+00:00,yes,yes,True,True,1,80.0,78.0,79.0,0.79,21.0,58.0,2.0,78438.9,78409.72,717.152,,26031,False,False,synced,bid>=98,last_decisive_quote,1.0,29.17999999999301,1.089631577506524,8.440249906368965,,,46.10221240501431,0.6329414246683582,0.7366140524980822,36.78979853272391,0.7931546560125328,0.786156138881301,44.11786120758698,0.661410122822883,0.7458253320701032,39.36445278060544,0.7412779281506937,0.7707375291717558,78424.37,14.529999999998836,0.2421666666666472,0.0,202.85030933331245,0.9999999824381398,0.9999978663309028,0.9999998719157728,78406.0,32.89999999999418,0.1827777777777454,0.0,160.25944888885874,0.9999933794978324,0.9998596719650448,0.9999766113802504,78408.48,30.419999999998254,0.1013999999999941,0.0,101.89921279998885,0.9971951897462392,0.9895477341135916,0.9951817906268844,78430.03,8.869999999995343,0.0147833333333255,0.0,39.78189706665412,0.8602247310306276,0.8163968212273387,0.8438971434132636,78436.55,2.349999999991269,0.0026111111111014,0.0,31.052563555541614,0.8006802853753683,0.7592383647172269,0.784899527727414,78341.31,97.58999999999652,0.0542166666666647,0.0,68.06159093332496,0.9678441333998982,0.938550867775086,0.9580964801544616,78422.02,16.879999999990105,0.0046888888888861,0.0,32.542646044435486,0.8118019927822628,0.7696302579162282,0.7957968204756576,0.003843861118699,True,0.7880780694406505,0.85778377620918,0.786156138881301,heartbeat:26031,two_side_all_heartbeats,0.7679126660350516,0.786156138881301,0.8302858796136382,0.0038438611186990546,0.04417466792989688,2026-05-02 19:00:00+00:00,0.42768772223739804,0.572312277762602,0.5083493358597937,0.4916506641402063,0.4585249416564885,0.5414750583435115,0.4916506641402063,0.5083493358597937,0.0,0.7220029805456912,0.6695729316911341,0.7455014902728457,0.7662210092474696,0.6830780694406505,0.681156138881301,0.8085171073898985,0.6720317967372259,0.7355780694406505,0.7573468416643903,0.7138092972169107,0.7524374259208674,0.681156138881301,0.7272234740007242,0.7020095220805811,0.7392372125557777,0.7555881209309178,0.681156138881301,0.7448366231355997,0.681156138881301,train,2,82.0,20.0,18.0,0.82,-6.441187906908226
KXBTC15M-26MAY021515-15,heartbeat:26093,live_heartbeat_two_side,heartbeat:26093:no,2026-05-02 19:02:04.205000+00:00,2026-05-02 19:02:00+00:00,no,yes,True,False,1,71.0,70.0,70.5,0.705,29.5,41.0,1.0,78437.67,78459.49,775.795,,26093,False,False,synced,bid>=98,latest_quote,-1.0,21.820000000006985,0.7833958347853952,6.0681580432241855,,,22.520865093520825,0.9688792996803895,0.8336972926143704,41.7773125627436,0.5222930500193481,0.699266846281544,40.23199068741817,0.5423544703402111,0.706212830903271,42.9833195104916,0.5076387828697373,0.6941466564728371,78452.04,14.369999999995343,0.2394999999999223,0.0,207.6229024999468,0.9999996648078656,0.9999998769478228,0.9999993184082896,78462.43,24.75999999999476,0.1375555555555264,0.0,128.53491222220663,0.9989533577588826,0.9993004664760656,0.9986066829300304,78481.75,44.08000000000175,0.1469333333333391,0.0,135.81014533334485,0.9994246182568224,0.9996318264413516,0.9992100737214747,78451.76,14.089999999996508,0.0234833333333275,0.0,40.038252583335805,0.8310626728619667,0.840176724762169,0.8241982401990546,78424.37,-13.30000000000291,-0.014777777777781,13.30000000000291,10.355473888893366,0.5978837209274203,0.6015626913198727,0.5951908314699889,78417.37,-20.30000000000291,-0.0112777777777793,20.30000000000291,13.07075638889462,0.6228092717563709,0.6273658142593864,0.6194699719394247,78389.76,-47.91000000000349,-0.0133083333333343,47.91000000000349,11.4954615416729,0.6084034908269857,0.6124572977676893,0.6054348204889928,0.0057331537184559,True,0.702133423140772,0.8012304881794554,0.699266846281544,heartbeat:26093,two_side_all_heartbeats,0.7056064154516355,0.699266846281544,0.7621649775358277,0.005733153718455952,0.0012128309032710671,2026-05-02 19:15:00+00:00,0.601466307436912,0.398533692563088,0.587574338193458,0.41242566180654205,0.6117066870543257,0.38829331294567426,0.398533692563088,0.601466307436912,0.2660000000000582,0.6090469001660072,0.6180766801742523,0.6422734500830036,0.6717159119086858,0.5546334231407719,0.5517668462815439,0.7182183467921336,0.4452761543887586,0.6283834231407719,0.6590300538844631,0.5977367923970808,0.6520112308543626,0.5517668462815439,0.6165501730075799,0.5810891151607971,0.6317001099581181,0.6549676941251362,0.5517668462815439,0.6349925965368388,0.5517668462815439,train,2,73.0,-71.0,-73.0,0.73,-7.503230587486371
KXBTC15M-26MAY021530-30,heartbeat:26152,live_heartbeat_two_side,heartbeat:26152:no,2026-05-02 19:15:20.718000+00:00,2026-05-02 19:15:00+00:00,no,no,True,True,1,66.0,65.0,65.5,0.655,34.5,31.0,1.0,78448.58,78491.15,879.282,,26152,False,False,synced,bid>=98,last_decisive_quote,-1.0,42.56999999999243,1.4356201945483456,11.12026620992959,,,67.31706997973832,0.6323804647588721,0.736430852037959,59.88293037260373,0.7108870547101364,0.7614228857167784,53.34802995242555,0.7979676107619214,0.7875553569280469,49.57110566927762,0.8587664008143312,0.8047652959719567,78478.99,30.41000000000349,0.5068333333333915,0.0,488.21942700004365,0.9999999999999998,1.0,1.0,78458.42,9.839999999996508,0.0546666666666472,0.0,90.63741599997536,0.934933399486688,0.9553388419836714,0.9662576592025542,78465.86,17.279999999998836,0.0575999999999961,0.0,93.21664319998902,0.940222958370863,0.9597099927331816,0.969977515801002,78445.46,-3.1199999999953434,-0.0051999999999922,3.1199999999953434,37.99773359999926,0.7371336889671116,0.7618484873942808,0.7783194595964102,78456.01,7.429999999993015,0.0082555555555477,0.0,49.82896139998561,0.7973255164529294,0.8248572460066439,0.8426001399227254,78406.0,-42.58000000000175,-0.0236555555555565,42.58000000000175,21.77009579999158,0.6419008229423404,0.6583913708529272,0.6697304784150755,78318.12,-130.4600000000064,-0.0362388888888906,130.4600000000064,10.70579729999087,0.5709442964583951,0.579524974830212,0.5854938489834072,-0.1064228857167783,True,0.7082114428583892,0.7855486146958804,0.655,heartbeat:26152,two_side_all_heartbeats,0.7212776784640235,0.655,0.7439714573892062,0.10642288571677838,0.13255535692804687,2026-05-02 19:30:00+00:00,0.4771542285664432,0.5228457714335568,0.4248892861439062,0.5751107138560938,0.39046940805608665,0.6095305919439133,0.5228457714335568,0.4771542285664432,0.0,0.6898497514318118,0.7238219640064609,0.6551748757159059,0.6836971715529924,0.5357114428583892,0.5889228857167784,0.7307560345325618,0.6168680672706431,0.6219614428583893,0.6351768657150335,0.6087460200017449,0.6684485904778522,0.5889228857167784,0.6329175924165801,0.597386594355308,0.6225304461781616,0.6726878688934326,0.5889228857167784,0.6598394601246701,0.5889228857167784,train,2,68.0,34.0,32.0,0.68,-0.7312131106567392
KXBTC15M-26MAY021545-45,heartbeat:26257,live_heartbeat_two_side,heartbeat:26257:yes,2026-05-02 19:40:08.078000+00:00,2026-05-02 19:40:00+00:00,yes,yes,True,True,1,88.0,87.0,87.5,0.875,12.5,75.0,1.0,78461.42,78450.35,291.922,,26257,False,False,synced,bid>=98,latest_quote,1.0,11.069999999992431,0.6479092913398533,5.018683790424602,,,5.748738329847727,1.9256399169390712,0.9729253245574336,14.033234927526802,0.7888416360990398,0.7848977144616738,26.44735863077156,0.4185673191239772,0.6622338110104196,26.70348558902698,0.4145526232178966,0.6607652817276792,78460.93,0.4900000000052387,0.0081666666667539,0.0,13.454029666684589,0.8311516460812096,0.6945221626186527,0.6928097426854906,78457.1,4.319999999992433,0.0239999999999579,0.0,18.07612799998016,0.901143406542788,0.752846862464439,0.7507716969698626,78460.61,0.8099999999976717,0.0026999999999922,0.0,11.858189399990168,0.8009466868830464,0.6730567309773701,0.6715036407853558,78440.52,20.89999999999418,0.0348333333333236,0.0,21.238616333322938,0.9349174568377444,0.7890277922932722,0.786795021786724,78467.88,-6.460000000006403,-0.0071777777777848,6.460000000006403,8.974648755545912,0.7387602961472569,0.6328232232303125,0.6315967254157077,78465.86,-4.440000000002328,-0.0024666666666679,4.440000000002328,10.349925733325389,0.7695998163530349,0.6522272612923037,0.6508391804168665,78412.65,48.77000000000408,0.0135472222222233,0.0,15.024732205548318,0.8578373727201039,0.7150163090889989,0.7131635857049048,0.0901022855383262,True,0.8299488572308369,0.8202814671149067,0.7848977144616738,heartbeat:26257,two_side_all_heartbeats,0.7686169055052098,0.7848977144616738,0.8331586517151115,0.09010228553832622,0.21276618898958044,2026-05-02 19:45:00+00:00,0.43020457107665244,0.5697954289233476,0.6755323779791609,0.3244676220208391,0.6784694365446415,0.32153056345535846,0.3244676220208391,0.6755323779791609,0.12920000000012805,0.7203670288001759,0.5609039543135454,0.791433514400088,0.7840281830883926,0.7674488572308369,0.7223977144616738,0.7961781946074398,0.6240500976116266,0.7986988572308369,0.829219314338502,0.7681784001231717,0.7940984763077825,0.7223977144616738,0.7627792731948045,0.7314600700818266,0.8101750898376676,0.802011197080265,0.7223977144616738,0.7592879545345568,0.7223977144616738,train,1,89.0,12.0,11.0,0.89,-8.798880291973504
KXBTC15M-26MAY021600-00,heartbeat:26315,live_heartbeat_two_side,heartbeat:26315:no,2026-05-02 19:53:09.354000+00:00,2026-05-02 19:53:00+00:00,no,no,True,True,1,86.0,85.0,85.5,0.855,14.5,71.0,1.0,78462.01,78490.34,410.646,,26315,False,False,synced,bid>=98,latest_quote,-1.0,28.330000000001743,1.3980180417104628,10.829001186484255,,,33.29954942764596,0.850762262160869,0.8025492855850427,35.34015264948266,0.8016377371368391,0.7886187291523064,33.40294998584833,0.8481286836044176,0.8018168455685561,34.13329386256876,0.829981428515722,0.7967253580753397,78481.86,19.85000000000582,0.3308333333334303,0.0,164.18538500004158,0.9999983066830216,0.9999995567578142,0.9999992458175324,78474.23,12.220000000001164,0.0678888888888953,0.0,56.208300666671065,0.9441382512370124,0.9537867626016848,0.9501931672607596,78486.04,24.02999999999884,0.0800999999999961,0.0,61.22274460000016,0.9583974670822784,0.96658788835373,0.9635644501307332,78514.32,52.310000000012224,0.0871833333333537,0.0,64.1314871000101,0.9652143611256476,0.9725669341206856,0.9698678071385952,78457.1,-4.9099999999889405,-0.0054555555555432,4.9099999999889405,26.08969793334013,0.7698172686822717,0.782616307115142,0.7776699079347129,78450.29,-11.720000000001164,-0.0065111111111117,11.720000000001164,25.656238266668147,0.7660744343994778,0.7787810640914287,0.7738687580744599,78445.91,-16.09999999999127,-0.0044722222222197,16.09999999999127,26.493499833336077,0.7732736656497665,0.7861543471457968,0.781177949840553,0.0663812708476936,True,0.8218093645761532,0.867338732078195,0.7886187291523064,heartbeat:26315,two_side_all_heartbeats,0.8284084227842781,0.7886187291523064,0.8557651121621475,0.06638127084769363,0.053183154431443835,2026-05-02 20:00:00+00:00,0.4227625416953873,0.5772374583046127,0.3963663088628877,0.6036336911371123,0.40654928384932054,0.5934507161506795,0.5772374583046127,0.4227625416953873,0.09819999999977881,0.7252043478979981,0.742361899239123,0.7828521739489991,0.793191920657227,0.7493093645761532,0.7161187291523063,0.8230788579926198,0.6534372050128847,0.7855593645761532,0.8133356187456918,0.7577831104066144,0.7865791527682043,0.7161187291523063,0.7582209624406065,0.7298627721130089,0.7941016386833571,0.7922857913750325,0.7161187291523063,0.7695987935724631,0.7161187291523063,train,1,87.0,14.0,13.0,0.87,-7.771420862496754
KXBTC15M-26MAY021615-15,heartbeat:26397,live_heartbeat_two_side,heartbeat:26397:no,2026-05-02 20:12:11.436000+00:00,2026-05-02 20:12:00+00:00,no,no,True,True,1,90.0,88.0,89.0,0.89,11.0,78.0,2.0,78435.01,78454.0,168.564,,26397,False,False,synced,bid>=98,latest_quote,-1.0,18.99000000000524,1.462657190462093,11.329693879740432,,,13.639406616889213,1.3922893079887044,0.9180825960342902,22.20779819362871,0.855105032675115,0.803753498126778,19.77960768121784,0.9600797096717754,0.831492450253543,20.771174351741276,0.9142477781191648,0.819706667993434,78444.02,9.010000000009311,0.1501666666668218,0.0,44.3026940000314,0.9769739839765144,0.9874485847426352,0.983533250849605,78444.0,8.990000000005239,0.0499444444444735,0.0,27.408835333343475,0.8914355613852738,0.9170825348920084,0.9065092144418508,78449.34,14.330000000001746,0.0477666666666724,0.0,27.04174040000622,0.8883250489457984,0.9142112472806656,0.9035226440063387,78452.08,17.070000000006985,0.0284500000000116,0.0,23.7856458000072,0.8579263592585915,0.8854216009511082,0.8739218556809847,78460.8,25.79000000000815,0.0286555555555646,0.0,23.82029506667343,0.858276817206452,0.8857603787728423,0.8742669828822964,78500.0,64.99000000000524,0.0361055555555584,0.0,25.076096866672398,0.8705842529928481,0.8975608865766938,0.8863329555330813,78458.42,23.41000000000349,0.0065027777777787,0.0,20.086134233338736,0.8171250566957003,0.8450655358119752,0.8332329004904919,0.086246501873222,True,0.8468767490633891,0.8606928490241922,0.803753498126778,heartbeat:26397,two_side_all_heartbeats,0.8607462251267715,0.803753498126778,0.8637910592271931,0.08624650187322203,0.058507549746457,2026-05-02 20:15:00+00:00,0.392493003746444,0.607506996253556,0.33701509949291397,0.662984900507086,0.3605866640131319,0.6394133359868681,0.607506996253556,0.392493003746444,0.0,0.7448795475648113,0.7809401853296059,0.8119397737824058,0.8117722786769855,0.791876749063389,0.748753498126778,0.8355417588525488,0.6963395011481358,0.819376749063389,0.8476260494380334,0.7911274486887446,0.8141689987511853,0.748753498126778,0.7851029659901362,0.756036933229087,0.8308071052197662,0.8221349093062936,0.748753498126778,0.7921476284896634,0.748753498126778,train,1,91.0,10.0,9.0,0.91,-8.786509069370638
KXBTC15M-26MAY021630-30,heartbeat:26466,live_heartbeat_two_side,heartbeat:26466:no,2026-05-02 20:27:58.016000+00:00,2026-05-02 20:27:00+00:00,no,no,True,True,1,59.0,58.0,58.5,0.585,41.5,17.0,1.0,78425.08,78431.69,121.984,,26466,False,False,synced,bid>=98,latest_quote,-1.0,6.610000000000582,0.5984805272526315,4.635810230157752,,,4.8743929499608525,1.3560662974563158,0.9124609625376972,8.018288643447312,0.8243654343127684,0.7951340255309447,14.278627366454574,0.4629296521547831,0.6782926038094178,14.253835132787737,0.4637348431788555,0.6785811348306116,78424.92,-0.1600000000034924,-0.0026666666667248,0.1600000000034924,6.284709333326815,0.7834203370092703,0.670085041957581,0.6703622153416658,78430.4,5.319999999992433,0.0295555555555135,0.0,10.215304888884344,0.8986684058840385,0.7628271527249042,0.7632113214022296,78436.78,11.69999999999709,0.0389999999999903,0.0,11.3673759999994,0.9218580499471708,0.7870163145102473,0.7874184772495014,78430.57,5.490000000005239,0.0091500000000087,0.0,7.726153600001647,0.8323683228507058,0.705780389274101,0.7061046408150783,78435.01,9.929999999993017,0.0110333333333255,0.0,7.955890133332969,0.8394543974342741,0.711300752768282,0.7116317037039349,78460.8,35.720000000001164,0.019844444444445,0.0,9.030704711111772,0.8699729691949691,0.7364578384984615,0.7368170225482034,78455.51,30.42999999999301,0.0084527777777758,0.0,7.64110364444479,0.8296946825215439,0.7037244181532506,0.704046131637466,-0.2101340255309447,True,0.6900670127654723,0.7673306918260385,0.585,heartbeat:26466,two_side_all_heartbeats,0.6316463019047089,0.585,0.7154118176487175,0.21013402553094473,0.09329260380941784,2026-05-02 20:30:00+00:00,0.4097319489381106,0.5902680510618894,0.6434147923811644,0.3565852076188356,0.6428377303387769,0.3571622696612231,0.3565852076188356,0.6434147923811644,0.0,0.7336742331902281,0.581780384952243,0.638587116595114,0.6722729215898311,0.4825670127654723,0.5876340255309447,0.7159386227549065,0.6824538560566065,0.5863170127654723,0.5857902076592834,0.5868438178716613,0.6559226836872964,0.585,0.6067011050927135,0.5574795264981306,0.5863176300415058,0.6647557655088359,0.585,0.6517863241429256,0.5876340255309447,train,2,61.0,41.0,39.0,0.61,5.475576550883588
KXBTC15M-26MAY021645-45,heartbeat:26489,live_heartbeat_two_side,heartbeat:26489:yes,2026-05-02 20:32:13.416000+00:00,2026-05-02 20:32:00+00:00,yes,yes,True,True,1,67.0,65.0,66.0,0.66,34.0,32.0,2.0,78446.24,78428.98,766.584,,26489,False,False,synced,bid>=98,last_decisive_quote,1.0,17.260000000009313,0.6233915571206011,4.828770237788796,,,17.6948594639143,0.9754245313565892,0.8353251399540786,19.471082236526115,0.886442766269612,0.812310508721805,20.877138788027096,0.8267416419106153,0.7958082432737119,35.80682115925444,0.4820310611557425,0.6851080594152048,78435.14,11.10000000000582,0.185000000000097,0.0,159.07804000008366,0.9999999999999998,0.9999999999999872,0.9999955576172808,78433.53,12.710000000006405,0.0706111111111466,0.0,71.38934800003658,0.9998770195993056,0.999686316786345,0.976909542917888,78425.08,21.16000000000349,0.0705333333333449,0.0,71.32972480001824,0.9998755393712822,0.9996830079162906,0.9768183578261987,78436.78,9.460000000006405,0.0157666666666773,0.0,29.34647440001749,0.9341180576617284,0.9200896896823638,0.7937715727961819,78430.57,15.669999999998254,0.0174111111111091,0.0,30.607079200007824,0.9420160166666312,0.9286836449330302,0.8036644873149308,78452.08,-5.839999999996508,-0.0032444444444425,5.839999999996508,14.7728608000108,0.7759862971107192,0.7604060901754162,0.6600395729961206,78442.02,4.220000000001164,0.0011722222222225,0.0,18.15860680000956,0.8244850820831043,0.807790843767183,0.6939671541214149,-0.1523105087218049,True,0.7361552543609025,0.824062016031029,0.66,heartbeat:26489,two_side_all_heartbeats,0.727904121636856,0.66,0.773668260490798,0.15231050872180496,0.13580824327371188,2026-05-02 20:45:00+00:00,0.37537898255639,0.62462101744361,0.4083835134525762,0.5916164865474238,0.6297838811695904,0.3702161188304096,0.5916164865474238,0.4083835134525762,0.0,0.7560036613383464,0.7345507162558255,0.6910018306691733,0.7249893846063015,0.5661552543609025,0.642310508721805,0.7701303622351588,0.7246085713807382,0.6511552543609025,0.6546931526165415,0.6476173561052634,0.7048736724812033,0.642310508721805,0.6667177754676293,0.6285618784540555,0.6512073308692425,0.7118935104424635,0.642310508721805,0.7062204354784819,0.642310508721805,train,2,69.0,33.0,31.0,0.69,2.189351044246351
KXBTC15M-26MAY021700-00,heartbeat:26578,live_heartbeat_two_side,heartbeat:26578:yes,2026-05-02 20:53:00.865000+00:00,2026-05-02 20:53:00+00:00,yes,yes,True,True,1,83.0,82.0,82.5,0.825,17.5,65.0,1.0,78459.99,78429.6,419.135,,26578,False,False,synced,bid>=98,latest_quote,1.0,30.389999999999414,1.4844095370901853,11.498186832203498,,,38.852904852811534,0.7821808978022988,0.7829458654832842,39.196646488653215,0.7753214298268303,0.7809251252593006,28.745441521495277,1.0572111051859954,0.8547923736580405,27.430497663046623,1.1078909458117387,0.8660455418391965,78438.47,21.520000000004075,0.3586666666667346,0.0,180.7197533333612,0.9999979923826464,0.9999999998380674,0.9999999999777522,78415.87,44.120000000009895,0.2451111111111661,0.0,133.124645555578,0.9996585169591832,0.999998181857804,0.9999993924578646,78429.28,30.710000000006403,0.102366666666688,0.0,73.2954528333417,0.969254058945701,0.9946109387077552,0.9962304439205564,78470.82,-10.830000000001746,-0.0180500000000029,10.830000000001746,22.8246132499982,0.7198211750923583,0.7864097034855124,0.797320623034382,78464.58,-4.589999999996508,-0.0050999999999961,4.589999999996508,28.252411500001045,0.7644795419165351,0.8371589740949414,0.8484864310270226,78432.86,27.130000000004657,0.0150722222222248,0.0,36.70729586111161,0.8254897069331504,0.8991949893525822,0.9095832104548318,78462.01,-2.0199999999895226,-0.0005611111111082,2.0199999999895226,30.154818694445083,0.7791487299295521,0.8529177497269663,0.864185140152411,0.0440748747406993,True,0.8029625626296503,0.8583930614016673,0.7809251252593006,heartbeat:26578,two_side_all_heartbeats,0.8398961868290202,0.7809251252593006,0.8406283493669303,0.04407487474069938,0.02979237365804055,2026-05-02 21:00:00+00:00,0.43814974948139884,0.5618502505186012,0.290415252683919,0.709584747316081,0.26790891632160707,0.7320910836783929,0.5618502505186012,0.43814974948139884,0.09179999999993017,0.7152026628370907,0.8112300857554526,0.7613513314185454,0.7757767373131155,0.7154625626296502,0.6934251252593006,0.8097233744187939,0.6404156564131852,0.7592125626296502,0.78552753757779,0.7328975876815104,0.7664500835062004,0.6934251252593006,0.7391092348206616,0.7117683861351227,0.765556667409576,0.7707612792496948,0.6934251252593006,0.7515742498390472,0.6934251252593006,train,1,84.0,17.0,16.0,0.84,-6.923872075030516
KXBTC15M-26MAY021715-15,heartbeat:26616,live_heartbeat_two_side,heartbeat:26616:yes,2026-05-02 21:01:01.710000+00:00,2026-05-02 21:01:00+00:00,yes,no,True,False,1,74.0,73.0,73.5,0.735,26.5,47.0,1.0,78485.73,78452.97,838.29,,26616,False,False,synced,bid>=98,latest_quote,1.0,32.75999999999476,1.1314796575766335,8.764403740733545,,,50.30572788736642,0.6512180893862382,0.7425471425989,41.89343444701203,0.7819841087851251,0.7828880436107752,44.711757631103005,0.7326931826362783,0.7681272085422364,34.69785796945594,0.9441505014180688,0.8274536272553157,78458.67,27.05999999999767,0.4509999999999612,0.0,410.8287899999622,1.0,1.0,1.0,78458.11,27.619999999995343,0.1534444444444185,0.0,161.3909433333064,0.9999415209830492,0.9998466570755028,0.9999983509382502,78457.62,28.110000000000586,0.0937000000000019,0.0,111.30777299999636,0.996057167445888,0.993602989745688,0.9993314945561422,78438.09,47.63999999999942,0.079399999999999,0.0,99.32022599999394,0.9911247661323987,0.9868361883876812,0.9978979763913776,78431.06,54.669999999998254,0.0607444444444425,0.0,83.68146033332647,0.9771136785119316,0.9693673689638548,0.9920612289645432,78435.14,50.58999999999651,0.0281055555555536,0.0,56.3206061666598,0.9105868868617156,0.8960999176377582,0.9477237243153352,78452.08,33.64999999999418,0.0093472222222206,0.0,40.59568291666008,0.8337330323169274,0.8180455686257351,0.8789948130459719,-0.0478880436107752,True,0.7589440218053876,0.8379817370188878,0.735,heartbeat:26616,two_side_all_heartbeats,0.7515636042711182,0.735,0.8015778465724102,0.047888043610775255,0.033127208542236386,2026-05-02 21:15:00+00:00,0.4342239127784495,0.5657760872215505,0.46374558291552725,0.5362544170844727,0.34509274548936864,0.6549072545106314,0.5362544170844727,0.46374558291552725,0.0,0.7177544566940077,0.6985653711049072,0.7131272283470039,0.7392329450915928,0.6264440218053876,0.6503880436107752,0.7846554552945652,0.6653818039661393,0.6926940218053876,0.7096164130832325,0.6757716305275426,0.7227586957405169,0.6503880436107752,0.69536815708365,0.6679776184267829,0.69433036912541,0.726013051393867,0.6503880436107752,0.7175217494526702,0.6503880436107752,train,2,76.0,-74.0,-76.0,0.76,-3.398694860613304
KXBTC15M-26MAY021730-30,heartbeat:26694,live_heartbeat_two_side,heartbeat:26694:yes,2026-05-02 21:19:03.633000+00:00,2026-05-02 21:19:00+00:00,yes,yes,True,True,1,80.0,79.0,79.5,0.795,20.5,59.0,1.0,78481.36,78449.78,656.367,,26694,False,False,synced,bid>=98,last_decisive_quote,1.0,31.580000000001743,1.2326470953618731,9.54804334417496,,,31.66958193980865,0.9971713570461028,0.8406593292542577,47.890877592167726,0.6594157715991922,0.7451855914467448,42.484509025307126,0.7433297624126998,0.7713589716308227,37.282038342878415,0.8470566901295549,0.8015182380612031,78465.77,15.589999999996508,0.2598333333332751,0.0,202.12602549996356,0.999987814855832,0.999999020655924,0.9999999704559516,78462.41,18.94999999999709,0.1052777777777616,0.0,100.6808591666578,0.9822363763317056,0.991101751056744,0.996538432622368,78455.51,25.85000000000582,0.086166666666686,0.0,88.13695650001448,0.9671430664779446,0.9809866541076444,0.9909620451069556,78509.23,-27.869999999995343,-0.0464499999999922,27.869999999995343,1.0917528500068414,0.509093770499013,0.5102507584383678,0.5116808026051936,78487.99,-6.630000000004657,-0.0073666666666718,6.630000000004657,26.74476309999835,0.711732161531001,0.7354950054477118,0.7634249963119513,78420.91,60.44999999999709,0.0335833333333317,0.0,53.62299175000068,0.8685773009215871,0.8965575399967687,0.9248264217048648,78424.94,56.419999999998254,0.0156722222222217,0.0,41.86672948333476,0.8089983074103781,0.8378005983884514,0.8692755592397512,0.0498144085532552,True,0.7700927957233724,0.8357762193082298,0.7451855914467448,heartbeat:26694,two_side_all_heartbeats,0.7831794858154113,0.7451855914467448,0.8144842907296124,0.04981440855325525,0.023641028369177364,2026-05-02 21:30:00+00:00,0.5096288171065104,0.4903711828934896,0.45728205673835465,0.5427179432616454,0.3969635238775937,0.6030364761224063,0.4903711828934896,0.5096288171065104,0.13260000000009314,0.6687412688807681,0.7027666631200694,0.7216206344403843,0.7388349410881786,0.6675927957233725,0.6426855914467449,0.7773914090189568,0.5605654895412654,0.7188427957233725,0.7493056774340234,0.6883799140127214,0.7276237276311632,0.6426855914467449,0.6959187488982161,0.6642137701652691,0.7253557975903033,0.7320712000646563,0.6426855914467449,0.7100385002328509,0.6426855914467449,train,2,82.0,20.0,18.0,0.82,-8.79287999353437
KXBTC15M-26MAY021745-45,heartbeat:26764,live_heartbeat_two_side,heartbeat:26764:yes,2026-05-02 21:32:04.958000+00:00,2026-05-02 21:32:00+00:00,yes,yes,True,True,1,82.0,81.0,81.5,0.815,18.5,63.0,1.0,78532.19,78492.76,775.042,,26764,False,False,synced,bid>=98,last_decisive_quote,1.0,39.43000000000757,1.4163290343553363,10.9708375256165,,,35.055895153969466,1.1247751576967735,0.8696578380049844,34.2835746574146,1.1501134404454507,0.8749514243410939,43.52949583560617,0.9058225748563504,0.8174851148855335,42.77744391853558,0.921747453520065,0.8216698390003743,78510.95,21.24000000000524,0.3540000000000873,0.0,313.7948680000752,1.0,0.9999999999997178,0.9999999999998896,78495.05,37.13999999999942,0.2063333333333301,0.0,199.3469993333384,0.9999999969619624,0.9999976704960152,0.9999984196910334,78495.0,37.19000000000233,0.1239666666666744,0.0,135.50937326668026,0.9999613472444896,0.9990741678570908,0.999231951679338,78468.32,63.86999999999534,0.1064499999999922,0.0,121.93322090000156,0.999812162648022,0.9974540617711676,0.9978168494347862,78458.28,73.91000000000349,0.0821222222222261,0.0,103.07817135556613,0.9986792132874612,0.9910579126251922,0.992015830777915,78493.55,38.63999999999942,0.0214666666666663,0.0,56.06756826667399,0.9490180312335628,0.9011333263328664,0.9050171616777364,78446.24,85.94999999999709,0.0238749999999991,0.0,57.93412775000694,0.9544717535969008,0.9083917695459608,0.9121820255468416,-0.0599514243410939,True,0.8449757121705469,0.8966375905285279,0.815,heartbeat:26764,two_side_all_heartbeats,0.8162425574427667,0.815,0.869977696751226,0.059951424341093906,0.0024851148855336014,2026-05-02 21:45:00+00:00,0.2500971513178123,0.7499028486821877,0.3650297702289329,0.6349702297710671,0.35666032199925146,0.6433396780007485,0.6349702297710671,0.3650297702289329,0.0,0.837436851643422,0.7627306493511936,0.816968425821711,0.8354645605461599,0.7524757121705469,0.7824514243410938,0.8634679816194448,0.8498989834066366,0.7987257121705469,0.805235427302328,0.7922159970387656,0.8241342828940624,0.7824514243410938,0.8049786099180153,0.7858229369419681,0.7992191196430876,0.8277031941587175,0.7824514243410938,0.8229597029802693,0.7824514243410938,train,2,84.0,18.0,16.0,0.84,-1.2296805841282463
KXBTC15M-26MAY021830-30,heartbeat:27040,live_heartbeat_two_side,heartbeat:27040:no,2026-05-02 22:19:09.518000+00:00,2026-05-02 22:19:00+00:00,no,no,True,True,1,74.0,73.0,73.5,0.735,26.5,47.0,1.0,78715.0,78757.45,650.482,,27040,False,False,synced,bid>=98,last_decisive_quote,-1.0,42.44999999999709,1.6644089900427514,12.892456599426966,,,84.9366252477072,0.4997843966156755,0.6913865507070772,69.96758421251057,0.6067095281018264,0.727978151087581,101.07197220845563,0.4199977409409425,0.6627564480014101,245.00948883206505,0.1732585958297038,0.5687759164082112,78735.78,20.77999999999884,0.3463333333333139,0.0,267.7335993333178,0.9999350208751931,0.9959627678259764,0.862747744260409,78735.77,20.770000000004075,0.1153888888889115,0.0,117.50839522223404,0.9534696712965416,0.8775083422861938,0.6842467537035961,78750.89,35.88999999999942,0.1196333333333314,0.0,120.26932993332916,0.9571863760715474,0.8829645209958166,0.6882429988643333,78739.22,24.220000000001164,0.0403666666666686,0.0,68.70779006666501,0.8369487464179788,0.7516815123638415,0.6104258425308867,78686.0,-29.0,-0.0322222222222222,29.0,21.49002444444153,0.6206325761875513,0.5841887073138428,0.5349468071156365,78825.73,110.72999999999593,0.0615166666666644,0.0,82.46548436666228,0.8807260642939845,0.7927237737203572,0.6317835257450416,78481.36,-233.63999999999945,-0.0648999999999998,233.63999999999945,0.2337181999971989,0.5013326156581006,0.5009225108261562,0.5003805569244766,0.0070218489124189,True,0.7314890755437905,0.8067215090530429,0.727978151087581,heartbeat:27040,two_side_all_heartbeats,0.698878224000705,0.727978151087581,0.7773307205405838,0.007021848912418971,0.0722435519985899,2026-05-02 22:30:00+00:00,0.544043697824838,0.45595630217516203,0.6744871039971798,0.3255128960028202,0.8624481671835775,0.13755183281642247,0.3255128960028202,0.6744871039971798,0.58,0.6463715964138552,0.5615833824018331,0.6774357982069277,0.6996544358140824,0.5989890755437906,0.5954781510875811,0.7204263507581,0.4356749397823168,0.6652390755437905,0.6931434453262743,0.6373347057613067,0.686152100725054,0.5954781510875811,0.6540619920525428,0.6219718833800316,0.6689411224999479,0.689345825760236,0.5954781510875811,0.6579522509228406,0.5954781510875811,train,2,76.0,26.0,24.0,0.76,-7.065417423976399
KXBTC15M-26MAY021845-45,heartbeat:27138,live_heartbeat_two_side,heartbeat:27138:yes,2026-05-02 22:33:10.670000+00:00,2026-05-02 22:33:00+00:00,yes,yes,True,True,1,83.0,82.0,82.5,0.825,17.5,65.0,1.0,78697.0,78621.77,709.33,,27138,True,False,synced,bid>=98,last_decisive_quote,1.0,75.22999999999593,2.824664668974656,21.879758443118657,,,93.815472192551,0.8018933150556506,0.7886926633010773,97.01712201316492,0.7754301347940156,0.7809572329360965,83.87822509364273,0.8968954685916183,0.8151126508396367,259.65364792376283,0.2897321127646328,0.6139894064488387,78648.78,48.22000000000117,0.8036666666666861,0.0,645.2948766666764,0.9999999999854792,0.9999999999999928,0.9935263208849738,78625.99,71.00999999999476,0.3944999999999709,0.0,355.0606849999753,0.9998737808224514,0.999988472816956,0.9142562241899816,78632.42,64.58000000000175,0.2152666666666725,0.0,227.92510466666675,0.990596350951358,0.9967094863526916,0.809975051461417,78667.88,29.119999999995343,0.0485333333333255,0.0,109.65614933332375,0.8708200815984144,0.904448920031203,0.663603173933016,78735.78,-38.77999999999884,-0.0430888888888875,38.77999999999884,44.66575844444129,0.6773820132115722,0.702812620373611,0.5682893059851024,78694.29,2.710000000006403,0.0015055555555591,0.0,76.29793572222067,0.7841944884439497,0.8184904905950539,0.6155618404667664,78532.19,164.80999999999767,0.0457805555555549,0.0,107.70352147221767,0.8665327216761753,0.9004371156551438,0.6608546959037126,0.0440427670639034,True,0.8029786164680482,0.8655178612958182,0.7809572329360965,heartbeat:27138,two_side_all_heartbeats,0.8200563254198183,0.7809572329360965,0.8449064400711006,0.04404276706390342,0.009887349160363268,2026-05-02 22:45:00+00:00,0.43808553412780693,0.5619144658721931,0.3697746983207266,0.6302253016792734,0.7720211871023226,0.2279788128976774,0.5619144658721931,0.43808553412780693,0.7755999999999769,0.7152444028169255,0.7596464460915276,0.7613722014084627,0.7779318365035985,0.7154786164680482,0.6934572329360965,0.7798178866583211,0.5058541009673335,0.7592286164680482,0.7855371698808289,0.7329200630552675,0.7664714886240643,0.6934572329360965,0.7391363693239397,0.7118012500238151,0.76557022123732,0.7707812280970355,0.6934572329360965,0.7366375597972088,0.6934572329360965,train,1,84.0,17.0,16.0,0.84,-6.921877190296442
KXBTC15M-26MAY021900-00,heartbeat:27214,live_heartbeat_two_side,heartbeat:27214:yes,2026-05-02 22:47:11.583000+00:00,2026-05-02 22:47:00+00:00,yes,yes,True,True,1,73.0,72.0,72.5,0.725,27.5,45.0,1.0,78716.13,78659.21,768.417,,27214,False,False,synced,bid>=98,last_decisive_quote,1.0,56.919999999998254,2.0533662014520577,15.905306203778007,,,70.84643238251809,0.8034278944728304,0.7891362711885099,94.0980579025008,0.6049009009195025,0.7273775777418081,91.40849357068704,0.6226992457323618,0.7332589107619996,101.45923396456806,0.5610135004555233,0.7126058330838907,78681.48,34.65000000000873,0.5775000000001456,0.0,500.68081750011015,0.9999999483557154,0.999999978418874,0.999999598831074,78660.0,56.13000000000466,0.3118333333333592,0.0,296.53803450001817,0.999187474601838,0.999410882260202,0.9982651185519664,78670.46,45.669999999998254,0.1522333333333275,0.0,173.89868129999377,0.9677030332973138,0.9714428196652972,0.956733423466784,78716.06,0.0700000000069849,0.0001166666666783,0.0,57.0096486500072,0.7276940186888677,0.7335811176376521,0.71290693287984,78648.78,67.35000000000582,0.0748333333333398,0.0,114.42320550000323,0.8880074723811152,0.8946747436917877,0.8702925602877626,78741.78,-25.64999999999418,-0.0142499999999967,25.64999999999418,45.970057750000734,0.6874140141851633,0.6924855028781312,0.6747576539367073,78783.66,-67.52999999999884,-0.018758333333333,67.52999999999884,42.505777774998506,0.6742638918892675,0.6790375161376869,0.662371616019533,-0.0023775777418081,True,0.726188788870904,0.8066935370130407,0.725,heartbeat:27214,two_side_all_heartbeats,0.7291294553809997,0.725,0.7742538799820051,0.0023775777418081345,0.008258910761999583,2026-05-02 23:00:00+00:00,0.5452448445163838,0.4547551554836162,0.5334821784760009,0.4665178215239991,0.5747883338322186,0.4252116661677814,0.4547551554836162,0.5452448445163838,0.0,0.6455908510643504,0.6532365839905995,0.6715454255321753,0.6958157288619067,0.588688788870904,0.589877577741808,0.7472293955303667,0.5515254588133476,0.657438788870904,0.6844632733225424,0.6304143044192656,0.6807517184945387,0.589877577741808,0.6486191926260362,0.6164866667575336,0.6607033017287843,0.6838249474867438,0.589877577741808,0.6685534866360874,0.589877577741808,validation,2,75.0,27.0,25.0,0.75,-6.6175052513256105
KXBTC15M-26MAY021915-15,heartbeat:27280,live_heartbeat_two_side,heartbeat:27280:no,2026-05-02 23:02:13.023000+00:00,2026-05-02 23:02:00+00:00,no,no,True,True,1,73.0,72.0,72.5,0.725,27.5,45.0,1.0,78751.8,78822.06,766.977,,27280,False,False,synced,bid>=98,latest_quote,-1.0,70.25999999999476,2.5369796006808385,19.65135948620966,,,96.2220939969912,0.7301857305474119,0.7673616681969704,112.69441613348776,0.6234559121081121,0.7335075171948027,102.06008178731604,0.6884180256332758,0.7544052121290243,95.42445665064317,0.7362892330340685,0.7692226513617849,78781.14,29.339999999996508,0.4889999999999418,0.0,445.3117529999501,0.999961168229272,0.9999935922367268,0.9999984691876926,78813.87,62.06999999999243,0.3448333333332913,0.0,334.7392354999625,0.9985125841119772,0.9994806430228352,0.9997741686828948,78835.99,84.19000000000233,0.2806333333333411,0.0,285.49931210000074,0.9943517984700434,0.9974239362386316,0.9986137113974928,78810.2,58.39999999999418,0.0973333333333236,0.0,144.9124279999873,0.9007589713004848,0.9221777759999884,0.9355695136992092,78716.13,-35.669999999998254,-0.0396333333333313,35.669999999998254,39.86214489999625,0.6382252214562841,0.6519443991699873,0.6619295966689005,78648.78,-103.02000000000407,-0.0572333333333356,103.02000000000407,26.363349699993023,0.5924829045858313,0.6019169592295203,0.6088314027155781,78749.86,-1.9400000000023283,-0.0005388888888895,1.9400000000023283,69.84668461666094,0.7323014254627411,0.7531286858003415,0.7679028668970631,-0.0085075171948026,True,0.7292537585974013,0.8176197718882819,0.725,heartbeat:27280,two_side_all_heartbeats,0.7397026060645122,0.725,0.7814226148524495,0.008507517194802694,0.02940521212902436,2026-05-02 23:15:00+00:00,0.5329849656103947,0.46701503438960534,0.4911895757419513,0.5088104242580487,0.46155469727643017,0.5384453027235698,0.46701503438960534,0.5329849656103947,0.7133999999999651,0.6535597723532434,0.6807267757677316,0.6755298861766217,0.702465066023626,0.5917537585974013,0.5960075171948026,0.7199541182914118,0.42377021423661665,0.6605037585974013,0.6863022551584408,0.6347052620363618,0.684838344796535,0.5960075171948026,0.6533839296016547,0.6219295144067745,0.6635442230720244,0.6878849632430638,0.5960075171948026,0.6579808177431072,0.5960075171948026,validation,2,75.0,27.0,25.0,0.75,-6.211503675693621
KXBTC15M-26MAY021930-30,heartbeat:27398,live_heartbeat_two_side,heartbeat:27398:yes,2026-05-02 23:26:00.056000+00:00,2026-05-02 23:26:00+00:00,yes,yes,True,True,1,74.0,73.0,73.5,0.735,26.5,47.0,1.0,78756.52,78737.2,239.944,,27398,False,False,synced,bid>=98,last_decisive_quote,1.0,19.320000000006985,1.2472461580202017,9.66112719726685,,,15.019038226053008,1.2863673232080366,0.9008425515377552,32.868993260629495,0.5877880057600819,0.7216627021244286,42.1862383521204,0.4579692514593662,0.6765127338005131,47.8387166123891,0.4038569879820639,0.6568410564576455,78746.24,10.279999999998836,0.1713333333333139,0.0,60.43040533333566,0.9670073237839258,0.923994929518806,0.8967433657694488,78753.07,3.4499999999970896,0.0191666666666504,0.0,23.918926666669773,0.766602867578169,0.7146375101597118,0.6914592846492229,78735.75,20.770000000004075,0.0692333333333469,0.0,35.93212293334358,0.8628452619828929,0.8028235318098809,0.773706673508415,78732.31,24.210000000006403,0.0403500000000106,0.0,29.001740400009545,0.8112044425518159,0.7541064548209644,0.7278222807570986,78705.17,51.35000000000582,0.057055555555562,0.0,33.01013822223076,0.8423815779342272,0.7830354764005869,0.7549122642380918,78860.31,-103.7899999999936,-0.0576611111111075,103.7899999999936,5.484562355563394,0.5662604007946137,0.5517200814894535,0.5456375129062974,78632.01,124.51000000000931,0.0345861111111137,0.0,27.618729844452048,0.7996206457456114,0.7436649547990971,0.7181417495732555,0.0133372978755713,True,0.7283313510622142,0.7731693213691071,0.7216627021244286,heartbeat:27398,two_side_all_heartbeats,0.7057563669002566,0.7216627021244286,0.7565678630339072,0.013337297875571363,0.058487266199486854,2026-05-02 23:30:00+00:00,0.5566745957511428,0.44332540424885725,0.6469745323989737,0.35302546760102627,0.6863178870847091,0.3136821129152909,0.35302546760102627,0.6469745323989737,0.0,0.6381615127617573,0.579466553940667,0.6733307563808786,0.6861152825791679,0.5958313510622143,0.5891627021244286,0.727400403458793,0.5296099304471465,0.6620813510622143,0.6912488106373285,0.6329138914871,0.6819418014162858,0.5891627021244286,0.6490266533642828,0.6161115053122799,0.6660387520616734,0.6852036104296678,0.5891627021244286,0.6582815527916108,0.5891627021244286,validation,2,76.0,26.0,24.0,0.76,-7.479638957033217
KXBTC15M-26MAY021945-45,heartbeat:27448,live_heartbeat_two_side,heartbeat:27448:no,2026-05-02 23:37:01.054000+00:00,2026-05-02 23:37:00+00:00,no,no,True,True,1,89.0,88.0,88.5,0.885,11.5,77.0,1.0,78743.19,78797.02,478.946,,27448,False,False,synced,bid>=98,latest_quote,-1.0,53.83000000000175,2.4596941291680205,19.0527087980638,,,65.67257842479238,0.8196724004318996,0.7937985560846861,52.39258428762096,1.0274354802673935,0.8478922741102276,50.95593702289116,1.0564029070021703,0.8546079107779407,66.60653058755004,0.8081790107539927,0.7905062306261492,78788.88,45.69000000000233,0.7615000000000388,0.0,418.5473790000203,0.9999999999999992,1.0,0.999999999834886,78782.64,39.44999999999709,0.2191666666666505,0.0,158.79899833332735,0.998781048426624,0.9990846260933028,0.9914403526266083,78803.7,60.50999999999476,0.2016999999999825,0.0,150.43340819999338,0.997955888007278,0.9984225369556043,0.9880439438824722,78784.19,41.0,0.0683333333333333,0.0,86.55797666666841,0.9507432825210516,0.9553105223711996,0.9031209864230256,78748.43,5.239999999990687,0.0058222222222118,0.0,56.61853004444124,0.8600756385913435,0.8667432094804535,0.8023498897985657,78725.63,-17.55999999999767,-0.0097555555555542,17.55999999999767,49.157615688891255,0.8259433667030558,0.8326545331011246,0.7697518809837559,78716.06,-27.130000000004657,-0.0075361111111124,27.130000000004657,50.22060972777891,0.8311058020274956,0.837827757663018,0.7745721692053613,0.0371077258897724,True,0.8664461370551138,0.9102827207058352,0.8478922741102276,heartbeat:27448,two_side_all_heartbeats,0.8698039553889704,0.8478922741102276,0.8964588598345239,0.0371077258897724,0.03039208922205927,2026-05-02 23:45:00+00:00,0.3042154517795448,0.6957845482204552,0.2907841784441185,0.7092158215558815,0.41898753874770156,0.5810124612522984,0.6957845482204552,0.3042154517795448,0.0,0.8022599563432959,0.8109902840113229,0.8378799781716479,0.8491755669723757,0.8089461370551139,0.7903922741102276,0.8775373146565695,0.795580137021183,0.8376961370551138,0.8566176822330682,0.8187745918771594,0.8410948494068183,0.7903922741102276,0.8216341660235733,0.8021734826403282,0.8434299764352702,0.8449291356242475,0.7903922741102276,0.8339647943833985,0.7903922741102276,validation,1,90.0,11.0,10.0,0.9,-5.507086437575239
KXBTC15M-26MAY022000-00,heartbeat:27498,live_heartbeat_two_side,heartbeat:27498:no,2026-05-02 23:48:02.419000+00:00,2026-05-02 23:48:00+00:00,no,no,True,True,1,69.0,68.0,68.5,0.685,31.5,37.0,1.0,78664.68,78691.74,717.581,,27498,False,False,synced,bid>=98,last_decisive_quote,-1.0,27.060000000012224,1.010165022498506,7.8247046181159075,,,23.422241531808144,1.155312140525231,0.8760186869468263,49.11021059499959,0.5510055785174637,0.7091850747797307,50.824357828871136,0.532421877146485,0.7027830818028015,75.22242841646084,0.3597331350458065,0.6404766447892708,78675.3,10.620000000009895,0.1770000000001649,0.0,154.0718370001306,0.9991473458664872,0.998783115634848,0.9797306164841616,78689.29,24.610000000000586,0.1367222222222254,0.0,125.169268944459,0.9945943915335136,0.9931067975601016,0.9519426536388628,78701.17,36.49000000000524,0.1216333333333508,0.0,114.34176896669145,0.99005108139097,0.9877673839617996,0.9357506559460208,78738.71,74.03000000001339,0.1233833333333556,0.0,115.5975357166949,0.9907096749998772,0.9885305722941352,0.9378218641853512,78807.64,142.9600000000064,0.1588444444444515,0.0,141.04375528890623,0.9979604840373318,0.9972409434288412,0.969605194583207,78749.6,84.9200000000128,0.0471777777777848,0.0,60.91387695557288,0.8925771194785351,0.8846421724401303,0.7909676744721382,78697.71,33.03000000001339,0.0091750000000037,0.0,33.64380567501489,0.7533493136166287,0.7460022886888941,0.6726554752842747,-0.0241850747797306,True,0.6970925373898653,0.7947453853902336,0.685,heartbeat:27498,two_side_all_heartbeats,0.6938915409014008,0.685,0.7532657387121133,0.024185074779730642,0.017783081802801415,2026-05-03 00:00:00+00:00,0.5816298504405386,0.4183701495594614,0.5944338363943971,0.40556616360560294,0.7190467104214584,0.2809532895785416,0.40556616360560294,0.5944338363943971,0.0,0.6219405972136498,0.6136180063436418,0.6377202986068251,0.668225406745922,0.5395925373898653,0.5516850747797306,0.7266027536680594,0.5173752576985584,0.6183425373898653,0.6450055224339192,0.5916795523458114,0.648623383186487,0.5516850747797306,0.6139967889076723,0.5793701946288576,0.6206160383577295,0.6514121715258889,0.5516850747797306,0.639143914223895,0.5516850747797306,validation,2,71.0,31.0,29.0,0.71,-5.858782847411106
KXBTC15M-26MAY022015-15,heartbeat:27560,live_heartbeat_two_side,heartbeat:27560:yes,2026-05-03 00:02:03.557000+00:00,2026-05-03 00:02:00+00:00,yes,no,True,False,1,72.0,71.0,71.5,0.715,28.5,43.0,1.0,78715.87,78679.26,776.443,,27560,False,False,synced,bid>=98,latest_quote,1.0,36.61000000000058,1.3138474406819347,10.17701851443674,,,30.66633416765394,1.1938172916218943,0.8837252769258346,63.52517254881632,0.5763069745598471,0.7177961452771775,60.89496743268983,0.6011991063213459,0.7261463101777492,63.9886709004966,0.5721325272864272,0.7163839029009595,78702.46,13.40999999998894,0.2234999999998156,0.0,210.14501049985748,0.9995302747042124,0.9997206833629532,0.9994884517232534,78679.99,35.879999999990105,0.1993333333332783,0.0,191.38097133329123,0.9987052378672384,0.9991633118877016,0.998609021823608,78658.04,57.83000000000175,0.1927666666666725,0.0,186.28232896667177,0.9983183287660904,0.9988898956386696,0.99819964848391,78629.01,86.86000000000058,0.1447666666666676,0.0,149.013064966668,0.9905051358616688,0.9927984686218516,0.9900636143928276,78675.3,40.56999999999243,0.0450777777777693,0.0,71.61032501110516,0.8701868393537299,0.8801954855126941,0.8684532713047066,78803.7,-87.83000000000175,-0.0487944444444454,87.83000000000175,-1.2761048277779494,0.4919865163324852,0.4916404436541649,0.4920445538296285,78751.8,-35.93000000000757,-0.0099805555555576,35.93000000000757,28.860667502776728,0.6752002349715511,0.6822292773935235,0.6740152325516793,-0.0027961452771775,True,0.7163980726385888,0.8103714913477559,0.715,heartbeat:27560,two_side_all_heartbeats,0.7205731550888745,0.715,0.7725025093363713,0.002796145277177531,0.011146310177749252,2026-05-03 00:15:00+00:00,0.564407709445645,0.435592290554355,0.5477073796445016,0.45229262035549844,0.5672321941980809,0.4327678058019191,0.435592290554355,0.564407709445645,0.0,0.6331349888603307,0.643990203231074,0.6598174944301654,0.6881493273067745,0.5738980726385887,0.5752961452771775,0.7445617383918067,0.535424123430964,0.6451480726385888,0.6730888435831532,0.6172073016940243,0.6693640968514517,0.5752961452771775,0.6361011564068223,0.602838215962193,0.6483155233515693,0.6723751780705173,0.5752961452771775,0.6599289418344921,0.5752961452771775,validation,2,74.0,-72.0,-74.0,0.74,-6.762482192948269
KXBTC15M-26MAY022230-30,heartbeat:36234,live_heartbeat_two_side,heartbeat:36234:no,2026-05-03 02:19:27.671000+00:00,2026-05-03 02:19:00+00:00,no,no,True,True,1,72.0,71.0,71.5,0.715,28.5,43.0,1.0,78134.04,78178.78,632.329,,36234,False,False,synced,bid>=98,latest_quote,-1.0,44.74000000000524,1.7791986065828784,13.78161314578186,,,80.46254501975038,0.5560351091184518,0.7109065730690551,79.40727300028836,0.5634244611301885,0.7134270577958766,64.14077026198416,0.6975282619348643,0.7572638705462984,69.49321909662628,0.6438038211727805,0.7401486722039307,78154.48,20.44000000000233,0.3406666666667055,0.0,260.15341266669645,0.9994739135678564,0.9999750372867496,0.9999092915326404,78198.28,64.24000000000524,0.356888888888918,0.0,270.41119422224585,0.9996696284251738,0.9999875609042616,0.9999501227406048,78164.85,30.810000000012224,0.1027000000000407,0.0,109.680188300031,0.916396803503863,0.9563663011345,0.9427500619538376,78261.94,127.90000000000872,0.2131666666666812,0.0,179.5314651666811,0.9881171039709068,0.9974371224655844,0.9951089562477504,78244.44,110.40000000000872,0.1226666666666763,0.0,122.30569066667805,0.9382481977878886,0.9717288445590428,0.9607931993778388,78272.58,138.54000000000815,0.0769666666666712,0.0,93.40825536667477,0.8802662150334288,0.9273452584481534,0.9105476025110452,78292.88,158.84000000001106,0.0441222222222252,0.0,72.63976065556274,0.819845028190122,0.8712889660044036,0.8520528404364964,0.0015729422041234,True,0.7142135288979383,0.78160795376658,0.7134270577958766,heartbeat:36234,two_side_all_heartbeats,0.7361319352731492,0.7134270577958766,0.7548074780395355,0.0015729422041234065,0.04226387054629843,2026-05-03 02:30:00+00:00,0.5731458844082469,0.4268541155917531,0.4854722589074032,0.5145277410925968,0.5197026555921387,0.4802973444078613,0.4268541155917531,0.5731458844082469,0.0,0.6274551751346396,0.6844430317101878,0.6569775875673197,0.6771172679177061,0.5717135288979383,0.5709270577958766,0.7259928895987109,0.5184937959421394,0.6429635288979383,0.6717781173387629,0.6141489404571135,0.6664513718639178,0.5709270577958766,0.6326769005618094,0.5989024292597008,0.6462769679214324,0.6694809312581744,0.5709270577958766,0.6484599736972938,0.5709270577958766,validation,2,74.0,28.0,26.0,0.74,-7.0519068741825635
KXBTC15M-26MAY022245-45,heartbeat:36291,live_heartbeat_two_side,heartbeat:36291:yes,2026-05-03 02:32:28.885000+00:00,2026-05-03 02:32:00+00:00,yes,yes,True,True,1,74.0,73.0,73.5,0.735,26.5,47.0,1.0,78133.72,78108.01,751.115,,36291,False,False,synced,bid>=98,latest_quote,1.0,25.710000000006403,0.9380994019869464,7.266486721965162,,,38.173781666071726,0.6734989010233968,0.7496850261578287,52.330588197525785,0.4912996563876189,0.6883927385730527,67.36240017333398,0.3816669229993372,0.6486457811699177,70.38897336022518,0.3652560731129287,0.6425398674753069,78116.92,16.80000000000291,0.2800000000000485,0.0,236.02220000004283,0.9999967619011234,0.9997706373108742,0.999600460000505,78111.89,21.830000000001743,0.1212777777777874,0.0,116.80355805556924,0.9871935826780548,0.958537212952429,0.9514825286878572,78113.63,20.089999999996508,0.066966666666655,0.0,76.009667833331,0.9268173274258686,0.870418017224385,0.8598959361229038,78129.66,4.059999999997672,0.0067666666666627,0.0,30.79254483333682,0.7218759465760378,0.6762067724381416,0.6691120610498894,78192.7,-58.979999999995925,-0.0655333333333288,58.979999999995925,-23.513069666656868,0.3266011757156204,0.3635246388064507,0.3691728810710726,78235.36,-101.63999999999942,-0.0564666666666663,101.63999999999942,-16.702960333326693,0.3747944083337303,0.4020839437506299,0.4062139213436031,78237.85,-104.13000000000466,-0.0289250000000012,104.13000000000466,3.9839986250054302,0.5303427028664806,0.5235808017827636,0.5225679850184487,0.0466072614269472,True,0.7116963692865264,0.7834033553329739,0.6883927385730527,heartbeat:36291,two_side_all_heartbeats,0.6918228905849588,0.6883927385730527,0.7593812870570895,0.046607261426947266,0.08635421883008232,2026-05-03 02:45:00+00:00,0.6232145228538946,0.37678547714610544,0.7027084376601647,0.29729156233983534,0.7149202650493862,0.2850797349506138,0.29729156233983534,0.7027084376601647,1.0,0.5949105601449685,0.5432395155208929,0.6517052800724843,0.6708870128150711,0.5791963692865263,0.5558927385730528,0.6735598347717001,0.2694672098886923,0.6454463692865264,0.6812678215719158,0.609624917001137,0.6597618257153685,0.5558927385730528,0.6218262451164474,0.5838906645175262,0.6507471395308655,0.6635352533749219,0.5558927385730528,0.6147262866723764,0.5558927385730528,validation,2,76.0,26.0,24.0,0.76,-9.646474662507813
KXBTC15M-26MAY022300-00,heartbeat:36384,live_heartbeat_two_side,heartbeat:36384:yes,2026-05-03 02:49:00.077000+00:00,2026-05-03 02:49:00+00:00,yes,yes,True,True,1,73.0,72.0,72.5,0.725,27.5,45.0,1.0,78149.67,78118.41,659.923,,36384,False,False,synced,mid>=95,latest_quote,1.0,31.25999999999476,1.216864835576813,9.425794485548844,,,47.723307033604144,0.6550258551441789,0.7437744461977307,41.23077524056717,0.7581715312798166,0.7758258491425929,41.09606233859985,0.7606568177368546,0.7765689632577781,54.91021843954052,0.5692929456183811,0.7154213233175516,78125.97,23.69999999999709,0.3949999999999515,0.0,291.92958499996274,0.9999999999992812,0.9999999999993924,0.9999999471057598,78116.44,33.229999999995925,0.1846111111110884,0.0,153.0891182777576,0.9998975841909334,0.9999024015876056,0.9973481877308716,78126.79,22.880000000004657,0.0762666666666821,0.0,81.59012746667167,0.9760843816507404,0.9764473089311508,0.9313448858980142,78115.93,33.74000000000524,0.056233333333342,0.0,68.36967003333385,0.9513634014845852,0.951909304125236,0.8934557058866022,78171.77,-22.10000000000582,-0.024555555555562,22.10000000000582,15.055224111101603,0.6424985291334842,0.6429451482253227,0.6080264345468314,78134.04,15.630000000004657,0.0086833333333359,0.0,36.9903313833298,0.8151814740308488,0.8159649649090199,0.7497334347502711,78272.58,-122.91000000000348,-0.0341416666666676,122.91000000000348,8.729128908327453,0.5838348848140238,0.584105594234508,0.5631541144662086,-0.0508258491425929,True,0.7504129245712965,0.8256367435977778,0.725,heartbeat:36384,two_side_all_heartbeats,0.7507844816288891,0.725,0.790464631072926,0.050825849142592916,0.051568963257778155,2026-05-03 03:00:00+00:00,0.4483483017148142,0.5516516982851858,0.44686207348444373,0.5531379265155563,0.5691573533648968,0.4308426466351032,0.5516516982851858,0.4483483017148142,0.4420000000001164,0.7085736038853707,0.7095396522351115,0.7030368019426854,0.7281452401077594,0.6129129245712964,0.6383258491425929,0.7510298009014388,0.5608601364502366,0.6816629245712964,0.6989977547427778,0.664328094399815,0.713050566095062,0.6383258491425929,0.6846673133216795,0.656284060548297,0.6832510565115762,0.7163315272475564,0.6383258491425929,0.6946778250220158,0.6383258491425929,validation,2,75.0,27.0,25.0,0.75,-3.3668472752443535
KXBTC15M-26MAY022315-15,heartbeat:36463,live_heartbeat_two_side,heartbeat:36463:no,2026-05-03 03:04:01.031000+00:00,2026-05-03 03:04:00+00:00,no,no,True,True,1,73.0,72.0,72.5,0.725,27.5,45.0,1.0,78134.12,78164.42,658.969,,36463,False,False,synced,bid>=98,latest_quote,-1.0,30.30000000000291,1.1803481841934678,9.142937720214931,,,38.55671355763669,0.7858553596563362,0.7840238851592494,49.1245801406098,0.6167991647618138,0.7313163985123213,44.5501006635988,0.6801331433300346,0.7517899198721822,55.482832608803385,0.54611487148901,0.7075065110760261,78154.48,20.360000000000586,0.339333333333343,0.0,253.91014733334265,0.9999998821351326,0.9999999939895404,0.9999976344686032,78159.91,25.79000000000815,0.143277777777823,0.0,124.7156139444772,0.9944377252854882,0.9974404833920067,0.9877062760230592,78164.01,29.889999999999414,0.0996333333333314,0.0,95.95527803333498,0.974608255278644,0.9843749503422948,0.95813650087666,78194.68,60.55999999999767,0.1009333333333294,0.0,96.81193773333368,0.9756233780997534,0.9851137003992674,0.9594987720609768,78149.67,15.55000000000291,0.017277777777781,0.0,41.68551994444949,0.8019389885846726,0.8252861112393812,0.7737708097339715,78171.77,37.65000000000873,0.0209166666666715,0.0,44.08343491667277,0.815242013707975,0.8387968088845832,0.7865599850482214,78244.44,110.32000000000698,0.0306444444444463,0.0,50.4937389111153,0.8479947800704914,0.8714799277887166,0.8186094716084292,-0.0063163985123213,True,0.7281581992561607,0.8103082179303218,0.725,heartbeat:36463,two_side_all_heartbeats,0.738394959936091,0.725,0.7768165706094252,0.006316398512321353,0.026789919872182266,2026-05-03 03:15:00+00:00,0.5373672029753573,0.46263279702464266,0.4964201602556355,0.5035798397443645,0.5849869778479477,0.41501302215205227,0.46263279702464266,0.5373672029753573,0.0,0.6507113180660178,0.6773268958338369,0.6741056590330088,0.6990664845608732,0.5906581992561606,0.5938163985123213,0.7505798503118895,0.560093622552507,0.6594081992561607,0.6856449195536963,0.6331714789586249,0.6833775990082142,0.5938163985123213,0.6516866941661811,0.6199957893241481,0.6625285481336036,0.6864323153057306,0.5938163985123213,0.6721981244121054,0.5938163985123213,validation,2,75.0,27.0,25.0,0.75,-6.356768469426939
KXBTC15M-26MAY022330-30,heartbeat:36553,live_heartbeat_two_side,heartbeat:36553:no,2026-05-03 03:25:02.929000+00:00,2026-05-03 03:25:00+00:00,no,no,True,True,1,72.0,71.0,71.5,0.715,28.5,43.0,1.0,78111.09,78129.8,297.071,,36553,False,False,synced,bid>=98,latest_quote,-1.0,18.710000000006403,1.0855345696158225,8.408514619709031,,,9.649108562764836,1.9390392260904648,0.9737517190370196,19.79831143584842,0.9450300880775402,0.8276782423266007,23.465822141924438,0.7973298308853539,0.7873702501342169,27.07058285691496,0.6911561564411268,0.755266293465341,78119.8,8.710000000006403,0.1451666666667734,0.0,61.834806833371445,0.9991056299191484,0.9957943850523444,0.9888203071074202,78127.89,16.80000000000291,0.0933333333333495,0.0,46.43662666667788,0.9904988080269296,0.9760866337564008,0.9568631923298818,78125.99,14.900000000008731,0.0496666666666957,0.0,33.46452633334839,0.954512010553886,0.9230797524987712,0.891807004730695,78129.26,18.169999999998254,0.0302833333333304,0.0,27.706300116672203,0.9191575771406916,0.8811407658895496,0.8469603969326653,78164.27,53.18000000000757,0.0590888888888972,0.0,36.263595311120014,0.9664982772042576,0.9388727253677602,0.9098113419061872,78186.04,74.94999999999709,0.0416388888888872,0.0,31.07970636111704,0.9417710396650708,0.9073259972009936,0.8745361305798631,78121.38,10.290000000008147,0.0028583333333355,0.0,19.559127941673744,0.8384038391354531,0.7977229876960072,0.7650136095667928,-0.1126782423266007,True,0.7713391211633003,0.8323967509601622,0.715,heartbeat:36553,two_side_all_heartbeats,0.7511851250671084,0.715,0.7967058748087574,0.11267824232660073,0.07237025013421694,2026-05-03 03:30:00+00:00,0.3446435153467986,0.6553564846532014,0.4252594997315662,0.5747405002684338,0.48946741306931796,0.510532586930682,0.5747405002684338,0.4252594997315662,0.0,0.7759817150245809,0.723581325174482,0.7312408575122904,0.7551920585676791,0.6288391211633003,0.6851782423266006,0.7907415232740775,0.75080768570859,0.7000891211633002,0.7060534726979801,0.6941247696286204,0.7426188282177337,0.6851782423266006,0.7119358735194801,0.6812529188212264,0.7003012659857732,0.7481762118346867,0.6851782423266006,0.7379598828003391,0.6851782423266006,validation,2,74.0,28.0,26.0,0.74,0.817621183468674
KXBTC15M-26MAY022345-45,heartbeat:36591,live_heartbeat_two_side,heartbeat:36591:yes,2026-05-03 03:33:03.553000+00:00,2026-05-03 03:33:00+00:00,yes,yes,True,True,1,67.0,66.0,66.5,0.665,33.5,33.0,1.0,78149.84,78125.57,716.447,,36591,False,False,synced,bid>=98,last_decisive_quote,1.0,24.269999999989523,0.9067294928442984,7.02349645060213,,,65.86392304683713,0.3684870089309841,0.6437449349353335,39.5457356093823,0.6137197760011176,0.7302997410623822,41.45351361966898,0.5854750992319702,0.7208858474635076,44.4690456570961,0.545772899808491,0.7073889730357323,78141.76,8.080000000001746,0.1346666666666957,0.0,120.75152933334373,0.9988689253882052,0.9982097735631064,0.9966902753364024,78109.51,40.33000000000175,0.2240555555555652,0.0,184.7939306111076,0.999998515239284,0.9999958608893824,0.9999837756399768,78124.03,25.80999999999767,0.0860333333333255,0.0,85.90832356665064,0.9850864542549016,0.9808859929304724,0.973312096035456,78125.99,23.84999999999127,0.0397499999999854,0.0,52.74876824997909,0.9088763443536716,0.8983986924463472,0.8822265003013006,78129.41,20.42999999999301,0.0226999999999922,0.0,40.53334689998397,0.8473122487647277,0.8359139788023114,0.8189828926499567,78154.48,-4.639999999999418,-0.0025777777777774,4.639999999999418,22.4231588444342,0.7146491520734503,0.7057196705938192,0.6929543219827417,78144.9,4.940000000002328,0.0013722222222228,0.0,25.25312449443443,0.7384519733965369,0.7288012139716992,0.7149421005343062,-0.0652997410623821,True,0.6976498705311911,0.7934620651057612,0.665,heartbeat:36591,two_side_all_heartbeats,0.6929429237317538,0.665,0.7486072131696949,0.06529974106238212,0.055885847463507554,2026-05-03 03:45:00+00:00,0.5394005178752357,0.4605994821247643,0.5582283050729848,0.4417716949270152,0.5852220539285353,0.4147779460714647,0.4417716949270152,0.5582283050729848,0.0,0.6493896633810967,0.6371516017025599,0.6404448316905486,0.6724534771160386,0.5301498705311911,0.5627997410623822,0.7281671613821713,0.5591081275502545,0.6138998705311911,0.6343399223187146,0.5934598187436675,0.6526998273749215,0.5627997410623822,0.618233580154017,0.5837673329331124,0.6151694173138058,0.6558326503819623,0.5627997410623822,0.6454834512222767,0.5627997410623822,validation,2,69.0,33.0,31.0,0.69,-3.416734961803769
KXBTC15M-26MAY030000-00,heartbeat:36672,live_heartbeat_two_side,heartbeat:36672:yes,2026-05-03 03:50:05.247000+00:00,2026-05-03 03:50:00+00:00,yes,yes,True,True,1,92.0,91.0,91.5,0.915,8.5,83.0,1.0,78188.69,78128.9,594.753,,36672,True,False,synced,bid>=98,latest_quote,1.0,59.79000000000815,2.451659951203876,18.9904763231526,,,25.78256508952799,2.319008981161957,0.9898027253211176,60.50534454945407,0.9881771675746556,0.8384670558783147,50.03196526194289,1.1950360072201236,0.8839635188814738,45.25227443248431,1.3212595554553597,0.9067925827135626,78163.1,25.589999999996508,0.4264999999999418,0.0,313.4521544999736,0.9999998893953732,0.9999999998136324,0.9999999999978472,78150.08,38.61000000000058,0.2145000000000032,0.0,187.3645185000101,0.999021431035508,0.999909765826936,0.999982668305912,78130.21,58.479999999995925,0.1949333333333197,0.0,175.7271848000001,0.9981597705434098,0.999777875437008,0.9999484712953776,78185.61,3.0800000000017462,0.0051333333333362,0.0,62.84306540000988,0.8505131115976605,0.8954525838639269,0.9175421435571388,78172.48,16.210000000006403,0.0180111111111182,0.0,70.50216236667904,0.8780354413386114,0.920603463536572,0.940381067837025,78125.99,62.69999999999709,0.0348333333333317,0.0,80.50722950000718,0.9083364531195572,0.9462044965567944,0.9623863379204524,78165.89,22.80000000000291,0.0063333333333341,0.0,63.55676900000863,0.8532403020154558,0.8980152461869151,0.9199148283175652,0.0765329441216853,True,0.8767335279391574,0.9172089421405749,0.8384670558783147,heartbeat:36672,two_side_all_heartbeats,0.8994817594407369,0.8384670558783147,0.9086720708721764,0.07653294412168532,0.031036481118526194,2026-05-03 04:00:00+00:00,0.32306588824337057,0.6769341117566294,0.23207296223705232,0.7679270377629477,0.1864148345728749,0.8135851654271251,0.6769341117566294,0.32306588824337057,0.0,0.7900071726418091,0.849152574545916,0.8482535863209046,0.8565695633752456,0.8342335279391574,0.7959670558783147,0.8848654820478393,0.7767500888109704,0.8554835279391574,0.8792901167634943,0.8316769391148202,0.8498113705855431,0.7959670558783147,0.8251850616399542,0.8005587526943654,0.8663164210369494,0.8575153866775681,0.7959670558783147,0.840416268963077,0.7959670558783147,validation,1,93.0,8.0,7.0,0.93,-7.248461332243195
KXBTC15M-26MAY030015-15,heartbeat:36726,live_heartbeat_two_side,heartbeat:36726:no,2026-05-03 04:01:06.387000+00:00,2026-05-03 04:01:00+00:00,no,no,True,True,1,77.0,76.0,76.5,0.765,23.5,53.0,1.0,78164.87,78197.28,833.613,,36726,False,False,synced,bid>=98,latest_quote,-1.0,32.41000000000349,1.122526989238228,8.69505666997602,,,56.69797742963623,0.5716253289674258,0.7162120840389196,52.66536330009596,0.6153949763020896,0.7308530458648327,62.60684110258637,0.5176750564191074,0.6976574977862747,53.27621821186992,0.6083389753963909,0.7285186619273614,78196.02,31.15000000000873,0.5191666666668122,0.0,465.19408250012486,1.0,0.9999999999999458,1.0,78192.53,27.66000000000349,0.153666666666686,0.0,160.50853100001967,0.9988470220100922,0.9948226527423688,0.9987055879180924,78192.54,27.669999999998254,0.0922333333333275,0.0,109.29690569999865,0.9810210499285316,0.9595742048385666,0.9798915394942896,78184.0,19.130000000004657,0.0318833333333411,0.0,58.988361150009965,0.8686558797473696,0.8269556721006435,0.8659000484729419,78140.31,-24.55999999999767,-0.0272888888888863,24.55999999999767,9.661627466672314,0.5727787671445286,0.5613221657135748,0.5719534605367858,78117.07,-47.79999999998836,-0.026555555555549,47.79999999998836,10.272943666675548,0.5773272934883203,0.5651685145898844,0.576451671263493,78159.91,-4.959999999991851,-0.0013777777777755,4.959999999991851,31.261466533338712,0.7236057571590446,0.6912264961868573,0.7213245622673006,0.0341469541351673,True,0.7479265229324163,0.8256246985977881,0.7308530458648327,heartbeat:36726,two_side_all_heartbeats,0.7313287488931374,0.7308530458648327,0.7979601237451561,0.03414695413516733,0.06734250221372529,2026-05-03 04:15:00+00:00,0.5382939082703346,0.46170609172966537,0.6046850044274505,0.39531499557254945,0.5429626761452773,0.45703732385472273,0.39531499557254945,0.6046850044274505,0.49119999999995345,0.6501089596242824,0.6069547471221571,0.6958044798121413,0.7174065848049944,0.6304265229324164,0.6133530458648326,0.7430707329181251,0.46156819672252786,0.6891765229324163,0.7195059137594497,0.6588471321053828,0.7030686972432217,0.6133530458648326,0.6705926106669325,0.6381165240906432,0.6944187584484435,0.7068687675927985,0.6133530458648326,0.6782118893914788,0.6133530458648326,validation,2,79.0,23.0,21.0,0.79,-8.313123240720145
KXBTC15M-26MAY030030-30,heartbeat:36800,live_heartbeat_two_side,heartbeat:36800:yes,2026-05-03 04:18:07.807000+00:00,2026-05-03 04:18:00+00:00,yes,yes,True,True,1,75.0,74.0,74.5,0.745,25.5,49.0,1.0,78165.94,78139.84,712.193,,36800,False,False,synced,bid>=98,last_decisive_quote,1.0,26.10000000000582,0.9780063102997374,7.575604304553293,,,47.78890797547764,0.5461518395314401,0.70751921593437,50.85245012859423,0.5132496061449328,0.6961116350029948,53.3040391821007,0.4896439444455853,0.6878070627354798,52.39121275760013,0.4981751447664213,0.6908197001846754,78162.52,3.4199999999982538,0.0569999999999708,0.0,66.6950009999851,0.9051622343620542,0.89457261837745,0.8984943221018997,78133.79,32.15000000000873,0.1786111111111596,0.0,153.30558305559595,0.998713890743078,0.9979866303784471,0.9982841819384878,78126.8,39.13999999999942,0.1304666666666647,0.0,119.01744673333778,0.9903696550980446,0.9872190482259748,0.9884478715069336,78151.02,14.919999999998254,0.0248666666666637,0.0,43.80986593333708,0.8055212384301553,0.7944292287157788,0.798480592771831,78182.35,-16.410000000003492,-0.0182333333333372,16.410000000003492,13.114347633336392,0.6017541689758896,0.5971701675911429,0.5988284254783841,78153.84,12.10000000000582,0.0067222222222254,0.0,30.887519611119234,0.7282055687833283,0.7188603390705209,0.7222556021051925,78129.41,36.52999999999884,0.0101472222222218,0.0,33.3267806361167,0.7438827532833909,0.7340868415039401,0.737648919050301,0.0488883649970052,True,0.7205558175014974,0.8104937633670132,0.6961116350029948,heartbeat:36800,two_side_all_heartbeats,0.7164035313677399,0.6961116350029948,0.7794074215205073,0.04888836499700522,0.05719293726452024,2026-05-03 04:30:00+00:00,0.6077767299940104,0.39222327000598955,0.6243858745290405,0.3756141254709595,0.6183605996306492,0.38163940036935085,0.3756141254709595,0.6243858745290405,0.3282000000000698,0.6049451255038932,0.5941491815561236,0.6622225627519466,0.686759528261751,0.5930558175014974,0.5686116350029948,0.7277197485211028,0.42562023551578004,0.6568058175014975,0.6920834905008983,0.6215281445020964,0.6699077566686632,0.5686116350029948,0.6327298146053028,0.5955518725419423,0.6624328600652686,0.6738652956970417,0.5686116350029948,0.6481656917620489,0.5686116350029948,validation,2,77.0,25.0,23.0,0.77,-9.613470430295834
KXBTC15M-26MAY030045-45,heartbeat:36878,live_heartbeat_two_side,heartbeat:36878:no,2026-05-03 04:36:09.624000+00:00,2026-05-03 04:36:00+00:00,no,no,True,True,1,75.0,74.0,74.5,0.745,25.5,49.0,1.0,78187.03,78212.32,530.376,,36878,False,False,synced,bid>=98,latest_quote,-1.0,25.29000000000815,1.098137942833842,8.506139928867885,,,24.50899160543144,1.0318661986241666,0.8489325987505831,32.022946066312024,0.7897462009784634,0.7851619981335322,38.60931155930199,0.6550233344918353,0.7437736347614443,42.77652629972551,0.5912121013007648,0.722810842251794,78202.89,15.860000000000582,0.264333333333343,0.0,165.4860560000133,0.9999998815251732,0.999990910986982,0.9999452731040006,78202.14,15.110000000000582,0.0839444444444476,0.0,69.81211866667653,0.9853736952122354,0.9647098152661796,0.9486622950702616,78214.46,27.430000000007567,0.0914333333333585,0.0,73.78404560002153,0.9893914632144564,0.972000457434133,0.9577247563595566,78191.36,4.330000000001746,0.0072166666666695,0.0,29.11754680000969,0.8183965401696838,0.7746230222596235,0.7519661164482573,78178.69,-8.339999999996508,-0.0092666666666627,8.339999999996508,20.375182400010207,0.7376991875036597,0.7011556408140608,0.6830756864204293,78164.86,-22.169999999998254,-0.0123166666666656,22.169999999998254,18.757535600008666,0.7209792321149207,0.6864559080094479,0.669488309046222,78206.36,19.330000000001743,0.0053694444444449,0.0,28.137824466675077,0.8102117690928639,0.7669329093248268,0.7446623569930563,-0.0401619981335321,True,0.7650809990667661,0.8398511537826628,0.745,heartbeat:36878,two_side_all_heartbeats,0.7443868173807222,0.745,0.8059268920829509,0.04016199813353216,0.0012263652385556822,2026-05-03 04:45:00+00:00,0.4296760037329357,0.5703239962670643,0.5124527304771114,0.4875472695228886,0.5543783154964119,0.4456216845035881,0.4875472695228886,0.5124527304771114,0.16679999999993014,0.7207105975735918,0.6669057251898776,0.7201052987867959,0.7445444451082415,0.637580999066766,0.6576619981335321,0.7801192917096609,0.6359031425885239,0.701330999066766,0.7187985994400596,0.6838633986934725,0.7292746654223548,0.6576619981335321,0.702661613766309,0.6760485621102632,0.7031840922303311,0.7324338774357787,0.6576619981335321,0.7188906449215965,0.6576619981335321,validation,2,77.0,25.0,23.0,0.77,-3.7566122564221303
KXBTC15M-26MAY030100-00,heartbeat:36936,live_heartbeat_two_side,heartbeat:36936:no,2026-05-03 04:49:11.096000+00:00,2026-05-03 04:49:00+00:00,no,no,True,True,1,75.0,74.0,74.5,0.745,25.5,49.0,1.0,78160.0,78179.66,648.904,,36936,False,False,synced,bid>=98,last_decisive_quote,-1.0,19.66000000000349,0.7717795874370769,5.97817897817326,,,22.662986096380926,0.8674938031728756,0.807164247175096,27.381134027064544,0.7180126279857806,0.7636252497100384,32.143443935316775,0.6116332786109013,0.7296097924367794,42.07013249467371,0.4673149057111372,0.6798627031936488,78176.23,16.229999999995925,0.2704999999999321,0.0,195.18853199995945,0.999999999999493,0.9999999993700206,0.9999982545680768,78175.75,15.75,0.0875,0.0,76.43910000000349,0.9973781626102328,0.9912980484318286,0.9653872015956526,78182.17,22.169999999998254,0.0738999999999941,0.0,67.61400559999971,0.9932323402027544,0.9822893258409144,0.9459918524096244,78207.2,47.19999999999709,0.0786666666666618,0.0,70.70711466666701,0.995093210374189,0.9860872108419344,0.9535890370354696,78200.95,40.94999999999709,0.0454999999999967,0.0,49.18513200000139,0.963777754847422,0.937013436151851,0.8788228290370126,78160.92,0.9199999999982538,0.0005111111111101,0.0,19.991662044447303,0.7673432384356405,0.7330131086282868,0.6826772365783067,78163.1,3.1000000000058208,0.0008611111111127,0.0,20.218778444448983,0.7698703837799828,0.7353310953913601,0.6845985173468113,-0.0186252497100384,True,0.7543126248550192,0.8339525299709308,0.745,heartbeat:36936,two_side_all_heartbeats,0.7373048962183897,0.745,0.8002340429535624,0.018625249710038427,0.015390207563220626,2026-05-03 05:00:00+00:00,0.47274950057992315,0.5272504994200768,0.5407804151264413,0.45921958487355874,0.6402745936127023,0.35972540638729766,0.45921958487355874,0.5407804151264413,0.0,0.6927128246230498,0.6484927301678132,0.706106412311525,0.7309296463318005,0.6268126248550192,0.6361252497100384,0.77845909289557,0.6265737334403523,0.6905626248550192,0.7123375749130114,0.6687876747970268,0.7149168331400255,0.6361252497100384,0.6868015638715189,0.6586862946030123,0.6932490678344075,0.7179782419557761,0.6361252497100384,0.7072921713028042,0.6361252497100384,validation,2,77.0,25.0,23.0,0.77,-5.202175804422396
KXBTC15M-26MAY030115-15,heartbeat:37005,live_heartbeat_two_side,heartbeat:37005:yes,2026-05-03 05:02:12.422000+00:00,2026-05-03 05:02:00+00:00,yes,yes,True,True,1,71.0,70.0,70.5,0.705,29.5,41.0,1.0,78177.53,78157.01,767.578,,37005,False,False,synced,bid>=98,latest_quote,1.0,20.520000000004075,0.7406552355073309,5.73709078480245,,,33.90470139417718,0.6052257992612257,0.727485512070434,38.75922546301959,0.5294223440966933,0.7017437493026737,33.74980234305759,0.6080035607741888,0.7284074438691158,40.12529610175199,0.5113980953054726,0.6954638358156862,78171.77,5.759999999994761,0.0959999999999126,0.0,94.20748799993704,0.9924627093181148,0.9973755605215286,0.9905585032493316,78147.57,29.95999999999185,0.1664444444443991,0.0,148.2790937777471,0.9999347853195836,0.9999944224864604,0.9998902303639594,78153.42,24.110000000000586,0.0803666666666686,0.0,82.20768526667223,0.9830384127451516,0.9925705005443684,0.9797579170219142,78150.53,27.0,0.045,0.0,55.06101000000408,0.9222821635647112,0.9486019709316412,0.915003590463846,78175.0,2.529999999998836,0.0028111111111098,0.0,22.677747044447525,0.7207573686268733,0.7491881555103592,0.7140220610209771,78215.0,-37.47000000000117,-0.0208166666666673,37.47000000000117,4.541584633336912,0.5466390289875354,0.553522589722013,0.5450580858231293,78195.98,-18.44999999999709,-0.0051249999999991,18.44999999999709,16.586162750004696,0.6656482757172155,0.6884440354814584,0.6603282911964837,0.0032562506973262,True,0.7033718746513369,0.7965940540159417,0.7017437493026737,heartbeat:37005,two_side_all_heartbeats,0.7167037219345579,0.7017437493026737,0.7596308073398323,0.0032562506973262684,0.023407443869115863,2026-05-03 05:15:00+00:00,0.5965125013946526,0.4034874986053474,0.5431851122617684,0.45681488773823165,0.6090723283686277,0.3909276716313723,0.4034874986053474,0.5965125013946526,0.0,0.6122668740934758,0.6469296770298505,0.6438834370467379,0.6716872783212531,0.5558718746513368,0.5542437493026737,0.7294795572003671,0.5017913398798626,0.6296218746513369,0.6597731247908021,0.5994706245118716,0.6536624995351158,0.5542437493026737,0.6185063793579061,0.5833502591806963,0.6328649691868234,0.656609985308639,0.5542437493026737,0.6418616532515204,0.5542437493026737,validation,2,73.0,29.0,27.0,0.73,-7.339001469136093
KXBTC15M-26MAY030130-30,heartbeat:37103,live_heartbeat_two_side,heartbeat:37103:no,2026-05-03 05:25:14.903000+00:00,2026-05-03 05:25:00+00:00,no,no,True,True,1,86.0,85.0,85.5,0.855,14.5,71.0,1.0,78213.31,78230.61,285.097,,37103,False,False,synced,bid>=98,last_decisive_quote,-1.0,17.30000000000291,1.024589213437988,7.936433920698167,,,18.07374354335484,0.9571896358108716,0.8307642263513311,19.65642578324937,0.8801193152188157,0.8106026617206719,24.47638709509085,0.7068036607197113,0.7601557503277792,23.32073922886744,0.7418289716386094,0.7709045175858036,78224.17,10.860000000000582,0.1810000000000097,0.0,68.90255700000567,0.9997719921662244,0.9975616118197088,0.9984344310249178,78227.85,14.540000000008147,0.080777777777823,0.0,40.32950211112693,0.9799016090161614,0.9502918656120805,0.9581259264544574,78214.68,1.3699999999953434,0.0045666666666511,0.0,18.601942966665156,0.8280160456012647,0.776371349424,0.7874651195887888,78230.6,17.29000000000815,0.0288166666666802,0.0,25.51554521667345,0.9028694829467968,0.8513997349127851,0.8630474890822402,78237.16,23.85000000000582,0.0265000000000064,0.0,24.855070500004757,0.8969703108362903,0.845059407969391,0.8567412888788182,78163.34,-49.97000000000117,-0.0277611111111117,49.97000000000117,9.385390505558282,0.6834869287442711,0.6493057183683877,0.6563229138171343,78209.79,-3.5200000000040745,-0.0009777777777789,3.5200000000040745,17.021238488891477,0.8067378133748633,0.7566022630716585,0.7672668852909809,0.0443973382793281,True,0.8328013308603359,0.8312062357739789,0.8106026617206719,heartbeat:37103,two_side_all_heartbeats,0.8075778751638896,0.8106026617206719,0.8362840076364545,0.044397338279328125,0.09484424967222083,2026-05-03 05:30:00+00:00,0.3787946765586563,0.6212053234413437,0.4796884993444417,0.5203115006555583,0.45819096482839283,0.5418090351716072,0.5203115006555583,0.4796884993444417,0.0,0.7537834602368734,0.6882024754261129,0.7971417301184367,0.7944433346785633,0.7603013308603359,0.7381026617206718,0.812904539980589,0.7040069280014702,0.7965513308603359,0.8199307985162014,0.7731718632044702,0.8012351078137812,0.7381026617206718,0.777144790866071,0.7530544739183608,0.8030155094314615,0.8055697510099241,0.7381026617206718,0.7755036008506304,0.7381026617206718,validation,1,87.0,14.0,13.0,0.87,-6.4430248990075825
KXBTC15M-26MAY030145-45,heartbeat:37170,live_heartbeat_two_side,heartbeat:37170:no,2026-05-03 05:40:31.174000+00:00,2026-05-03 05:40:00+00:00,no,no,True,True,1,73.0,72.0,72.5,0.725,27.5,45.0,1.0,78206.45,78214.4,268.826,,37170,False,False,synced,bid>=98,last_decisive_quote,-1.0,7.94999999999709,0.4848768991655052,3.755840310857389,,,11.173780710282967,0.7114870253969537,0.7616087559492111,16.981448667763456,0.4681579384383668,0.6801641756157437,17.791801909983555,0.4468350108785827,0.6725029047417262,21.459161922278437,0.3704711315749742,0.6444842587732471,78206.45,-0.0,-0.0,0.0,7.94999999999709,0.6801641756157437,0.6725029047417262,0.6444842587732471,78213.86,7.410000000003492,0.041166666666686,0.0,19.01667033333564,0.8686110936905097,0.857430137193322,0.8122396076604685,78224.02,17.570000000006985,0.0585666666666899,0.0,23.694242733336683,0.918537547204137,0.9085289208255224,0.8652370650490193,78209.84,3.389999999999418,0.005649999999999,0.0,9.46886689999683,0.7114414454444724,0.7027076193594323,0.6704841877287988,78213.31,6.860000000000582,0.0076222222222228,0.0,9.999051511108377,0.722009675572695,0.7129431170218146,0.679376940141538,78237.16,30.710000000006403,0.0170611111111146,0.0,12.536470255553605,0.7698172212537976,0.7594768144578965,0.7204575559252621,78207.2,0.75,0.0002083333333333,0.0,8.006005416663756,0.6813424237985173,0.6736385902996076,0.6454559173749708,0.0448358243842562,True,0.7025820878078719,0.7745672409399603,0.6801641756157437,heartbeat:37170,two_side_all_heartbeats,0.6987514523708631,0.6801641756157437,0.7502567621255505,0.04483582438425626,0.05249709525827373,2026-05-03 05:45:00+00:00,0.6396716487685126,0.36032835123148743,0.6549941905165475,0.3450058094834525,0.7110314824535058,0.2889685175464942,0.3450058094834525,0.6549941905165475,0.0,0.5842134283004669,0.5742537761642441,0.6408567141502334,0.660210468870647,0.5650820878078718,0.5426641756157438,0.7137895972486992,0.4521821059519011,0.6338320878078718,0.6702992526847231,0.5973649229310206,0.6492761170771625,0.5426641756157438,0.6104879265769521,0.5716997360767416,0.6388177742829472,0.6528672509927355,0.5426641756157438,0.6282268864322215,0.5426641756157438,validation,2,75.0,27.0,25.0,0.75,-9.71327490072646
KXBTC15M-26MAY030200-00,heartbeat:37214,live_heartbeat_two_side,heartbeat:37214:yes,2026-05-03 05:50:01.975000+00:00,2026-05-03 05:50:00+00:00,yes,yes,True,True,1,71.0,70.0,70.5,0.705,29.5,41.0,1.0,78220.21,78206.94,598.025,,37214,False,False,synced,bid>=98,last_decisive_quote,1.0,13.270000000004076,0.542639311466415,4.203266032613769,,,11.587603189487416,1.1451893703128335,0.8739346396709007,20.872120920351563,0.6357763090125179,0.7375388844989536,23.58565159417529,0.5626302053610098,0.713156640286237,30.03036022216937,0.4418861412860354,0.670714200138721,78210.8,9.410000000003492,0.1568333333333915,0.0,107.06025416670552,0.99999985462194,0.999997176747246,0.999818118557734,78209.83,10.380000000004657,0.0576666666666925,0.0,47.75610833335288,0.988932209894702,0.9785557882768158,0.9441119983822444,78202.92,17.29000000000815,0.0576333333333604,0.0,47.736174166686986,0.9889043724519546,0.9785123399762056,0.9440371768336104,78206.45,13.760000000009311,0.0229333333333488,0.0,26.984706666680022,0.9019700624740306,0.8737121043234555,0.8155620191087585,78224.02,-3.809999999997672,-0.0042333333333307,3.809999999997672,10.738360833338955,0.6965429866959392,0.6755504453645881,0.6396724799905343,78214.68,5.530000000013388,0.0030722222222296,0.0,15.107265694452966,0.7654060967591343,0.7390852414928567,0.6925412112222601,78137.93,82.28000000001339,0.0228555555555592,0.0,26.93819361111741,0.90158406397349,0.8733027672506974,0.8151490748137159,-0.0325388844989535,True,0.7212694422494768,0.8104810856503027,0.705,heartbeat:37214,two_side_all_heartbeats,0.7090783201431186,0.705,0.7715425398400769,0.03253888449895359,0.008156640286237082,2026-05-03 06:00:00+00:00,0.5249222310020929,0.4750777689979071,0.5736867194275259,0.4263132805724741,0.6585715997225581,0.3414284002774419,0.4263132805724741,0.5736867194275259,0.07619999999995344,0.6588005498486396,0.6271036323721081,0.6671502749243199,0.6955407121695154,0.5737694422494768,0.5900388844989535,0.74474031673987,0.5587282062431118,0.6475194422494768,0.670511665349686,0.6245272191492675,0.6775259229993024,0.5900388844989535,0.6458894957350442,0.614253068470786,0.6496894166319919,0.6805255679679281,0.5900388844989535,0.6673896006194118,0.5900388844989535,validation,2,73.0,29.0,27.0,0.73,-4.9474432032072
KXBTC15M-26MAY030215-15,heartbeat:37277,live_heartbeat_two_side,heartbeat:37277:no,2026-05-03 06:01:02.905000+00:00,2026-05-03 06:01:00+00:00,no,no,True,True,1,76.0,75.0,75.5,0.755,24.5,51.0,1.0,78216.0,78238.77,837.095,,37277,False,False,synced,bid>=98,last_decisive_quote,-1.0,22.770000000004075,0.7870016749876474,6.096088761329,,,41.606881653694046,0.5472652382248996,0.7079017389486925,29.85703283797264,0.7626343891428098,0.7771592652126799,30.20960052709482,0.7537338992477504,0.7744954888937101,35.586375295406754,0.6398516232964887,0.7388654663499963,78239.86,23.860000000000586,0.3976666666666764,0.0,355.6547783333456,1.0,1.0,1.0,78237.51,21.50999999999476,0.1194999999999709,0.0,122.8028524999797,0.9999804749645772,0.9999759865855672,0.999720576603724,78237.51,21.50999999999476,0.0716999999999825,0.0,82.78971149998947,0.9972217960314738,0.9969328039780208,0.9900025633327654,78234.05,18.05000000000291,0.0300833333333381,0.0,47.95260791667481,0.945871187940832,0.9437810481152522,0.91109022498675,78206.01,-9.99000000000524,-0.0111000000000058,9.99000000000524,13.478245499999202,0.6741587815074477,0.6722583274598963,0.6475622576447154,78204.97,-11.029999999998836,-0.0061277777777771,11.029999999998836,17.640467861115727,0.7226832509401938,0.7203682537478072,0.6899499469182162,78171.77,-44.229999999995925,-0.0122861111111099,44.229999999995925,12.485357819449463,0.6620891049686309,0.6603033104283866,0.6371482724423765,-0.0221592652126798,True,0.7660796326063399,0.8431270204147179,0.755,heartbeat:37277,two_side_all_heartbeats,0.7647477444468551,0.755,0.8100921387700987,0.022159265212679857,0.01949548889371011,2026-05-03 06:15:00+00:00,0.4456814695746403,0.5543185304253597,0.45100902221257977,0.5489909777874202,0.5222690673000074,0.47773093269999256,0.5489909777874202,0.45100902221257977,0.1998000000001048,0.7103070447764839,0.7068441355618231,0.7204035223882419,0.7446257019913893,0.6435796326063399,0.6546592652126799,0.7800339918126294,0.6140807100284862,0.7048296326063399,0.724897779563804,0.684761485648876,0.7289395101417866,0.6546592652126799,0.702290794260474,0.6756420783791615,0.7073444513979706,0.7319902072725596,0.6546592652126799,0.7173466285126546,0.6546592652126799,validation,2,78.0,24.0,22.0,0.78,-4.800979272744044
KXBTC15M-26MAY030230-30,heartbeat:37363,live_heartbeat_two_side,heartbeat:37363:no,2026-05-03 06:21:05.211000+00:00,2026-05-03 06:21:00+00:00,no,no,True,True,1,68.0,66.0,67.0,0.67,33.0,34.0,2.0,78131.0,78146.2,534.789,,37363,False,False,synced,bid>=98,last_decisive_quote,-1.0,15.19999999999709,0.6572829322932006,5.091291701035886,,,22.5128367900736,0.6751703546617948,0.7502162305025079,24.46332073550243,0.6213383769251763,0.7328114958753289,23.79951920079634,0.6386683643377339,0.7384806514257283,23.750464956399927,0.6399874708937526,0.7389096275511658,78140.65,9.64999999999418,0.1608333333332363,0.0,101.2118974999452,0.99998242854993,0.9999894389480336,0.9999898456759128,78146.38,15.380000000004657,0.0854444444444703,0.0,60.894749000010925,0.9935989331920804,0.9947460955242484,0.9948254169639756,78144.1,13.10000000000582,0.043666666666686,0.0,38.55245300000746,0.9424788997367388,0.947371368043995,0.9477298124764612,78167.97,36.97000000000117,0.0616166666666686,0.0,48.15191554999813,0.9754850243506216,0.9784753109805422,0.9786897185242172,78171.77,40.77000000000408,0.0453000000000045,0.0,39.42594169999951,0.9464792952746776,0.9511983610139662,0.9515434931610424,78234.05,103.05000000000292,0.0572500000000016,0.0,45.81667024999796,0.9694569738700692,0.9728921426840248,0.9731398564946748,78225.66,94.66000000000348,0.0262944444444454,0.0,29.26197964999761,0.8841824095299587,0.8905615071253306,0.8910365208780672,-0.0628114958753288,True,0.7014057479376645,0.7817634652040226,0.67,heartbeat:37363,two_side_all_heartbeats,0.7042403257128642,0.67,0.7433392287099465,0.06281149587532886,0.06848065142572823,2026-05-03 06:30:00+00:00,0.5343770082493422,0.4656229917506578,0.5230386971485435,0.47696130285145655,0.5221807448976683,0.4778192551023317,0.4656229917506578,0.5343770082493422,0.0,0.6526549446379276,0.6600248468534466,0.6448274723189639,0.6720753622926376,0.5364057479376645,0.567811495875329,0.7229015278850123,0.5598708817243316,0.6189057479376645,0.6393434487625986,0.5984680471127303,0.6568743305835527,0.567811495875329,0.6228756482605018,0.588876965937451,0.6202374857658263,0.6600122771345235,0.567811495875329,0.6453565118801706,0.567811495875329,validation,2,70.0,32.0,30.0,0.7,-3.9987722865476485
KXBTC15M-26MAY030245-45,heartbeat:37417,live_heartbeat_two_side,heartbeat:37417:yes,2026-05-03 06:33:06.257000+00:00,2026-05-03 06:33:00+00:00,yes,yes,True,True,1,89.0,87.0,88.0,0.88,12.0,76.0,2.0,78154.48,78107.96,713.743,,37417,False,False,synced,bid>=98,last_decisive_quote,1.0,46.51999999998952,1.7412806545495707,13.487901952287276,,,61.57031204466334,0.7555589448083962,0.7750431605972803,52.80325716956436,0.8810062578261462,0.8108427835279447,42.916145193901016,1.0839743362272125,0.8608119110492698,34.69041038589823,1.3410046027849831,0.9100405209018148,78126.04,28.44000000000233,0.4740000000000388,0.0,384.8341820000172,0.9999999999998428,1.0,1.0,78104.64,49.83999999999651,0.2768888888888695,0.0,244.1475062221979,0.9999981154122778,0.999999993608596,0.999999999999024,78102.47,52.00999999999476,0.1733666666666492,0.0,170.25924476664375,0.99936883294768,0.999963647238737,0.9999995398635528,78127.0,27.479999999995925,0.0457999999999932,0.0,79.20942939998469,0.9332039428179374,0.9675305883846336,0.9887943402431628,78146.38,8.099999999991269,0.0089999999999902,0.0,52.9436869999826,0.8419874095146872,0.8913341247954093,0.9365170352868076,78206.0,-51.52000000000408,-0.0286222222222244,51.52000000000408,26.09108924443235,0.6893889072805995,0.7283913724239497,0.7740082786357114,78226.73,-72.25,-0.0200694444444444,72.25,32.19557451387841,0.7289786854606972,0.7734320454559278,0.823317699330294,0.0691572164720553,True,0.8454213917639724,0.896737205491875,0.8108427835279447,heartbeat:37417,two_side_all_heartbeats,0.8704059555246348,0.8108427835279447,0.8831266016479195,0.0691572164720553,0.01918808895073021,2026-05-03 06:45:00+00:00,0.3783144329441106,0.6216855670558894,0.2783761779014604,0.7216238220985396,0.1799189581963705,0.8200810418036295,0.6216855670558894,0.3783144329441106,0.0,0.754095618586328,0.8190554843640507,0.8110478092931641,0.8229846925879322,0.7854213917639723,0.7508427835279448,0.8572951583535084,0.7216224503506574,0.8154213917639723,0.8412528350583834,0.7895899484695613,0.8138951890186298,0.7508427835279448,0.7875090041037859,0.761122819188942,0.8245915880492594,0.8200981612783856,0.7508427835279448,0.8040689709407266,0.7508427835279448,validation,1,90.0,11.0,10.0,0.9,-7.990183872161438
KXBTC15M-26MAY030300-00,heartbeat:37491,live_heartbeat_two_side,heartbeat:37491:yes,2026-05-03 06:50:07.905000+00:00,2026-05-03 06:50:00+00:00,yes,yes,True,True,1,83.0,82.0,82.5,0.825,17.5,65.0,1.0,78163.47,78138.0,592.095,,37491,False,False,synced,bid>=98,last_decisive_quote,1.0,25.470000000001164,1.0467265693737586,8.10790914243478,,,17.990873071645446,1.4157178419619454,0.9215709338045468,26.814224478071694,0.9498689779683982,0.8289105842861493,39.60086168140445,0.6431678230870724,0.739942395186813,33.89445004717814,0.7514504576574964,0.7738091970727115,78149.99,13.479999999995924,0.2246666666665987,0.0,158.49400999996095,0.9999999982979386,0.9999686334188768,0.9999985381258292,78140.64,22.830000000001743,0.126833333333343,0.0,100.56738250000691,0.9999117671629862,0.994449846112549,0.9984967629710648,78140.64,22.830000000001743,0.0761000000000058,0.0,70.52842950000462,0.9957340427789844,0.9625423201291868,0.9812750506609892,78144.11,19.360000000000586,0.0322666666666676,0.0,44.57493200000174,0.9517798341912378,0.8698336464652485,0.9057635407807234,78151.02,12.44999999999709,0.0138333333333301,0.0,33.66064749999925,0.895320147490881,0.8023368607020481,0.8396698851245479,78140.65,22.820000000006985,0.0126777777777816,0.0,32.9764488333368,0.8906161999396172,0.7974988063232356,0.8347024450946625,78220.21,-56.74000000000524,-0.0157611111111125,56.74000000000524,16.137924916666968,0.7263603230511197,0.6581849226877361,0.6830065995458601,-0.0039105842861493,True,0.8269552921430746,0.8832148756883779,0.825,heartbeat:37491,two_side_all_heartbeats,0.7824711975934064,0.825,0.8603199838416417,0.003910584286149321,0.08505760481318692,2026-05-03 07:00:00+00:00,0.34217883142770145,0.6578211685722986,0.5201152096263739,0.4798847903736261,0.4523816058545771,0.5476183941454229,0.4798847903736261,0.5201152096263739,0.0,0.777583759571994,0.661925113742857,0.792541879785997,0.8096152840638954,0.7394552921430746,0.7414105842861493,0.8436021006988715,0.757394572850197,0.7832052921430745,0.7999231752858447,0.7664874090003044,0.7984403895240995,0.7414105842861493,0.7782615136821301,0.7580826378401608,0.7861638596970708,0.8012213682093322,0.7414105842861493,0.7925063424925104,0.7414105842861493,validation,1,84.0,17.0,16.0,0.84,-3.877863179066779
KXBTC15M-26MAY030315-15,heartbeat:37552,live_heartbeat_two_side,heartbeat:37552:yes,2026-05-03 07:02:09.164000+00:00,2026-05-03 07:02:00+00:00,yes,yes,True,True,1,82.0,80.0,81.0,0.81,19.0,62.0,2.0,78341.52,78282.95,770.836,,37552,True,False,synced,bid>=98,latest_quote,1.0,58.570000000006985,2.109571402369525,16.340669818025194,,,70.29899597030227,0.8331555691741289,0.7976215014970847,88.64812259879687,0.6607020914033649,0.7455983088423345,72.26116243990418,0.8105322142958409,0.7911828209949558,60.579509797724775,0.9668285563150388,0.83318512678075,78308.99,32.52999999999884,0.5421666666666473,0.0,476.4915846666587,0.9999999617276546,0.9999999999785965,0.9999999999999982,78273.93,67.59000000001106,0.3755000000000614,0.0,348.0189180000544,0.999956787362536,0.9999992681421916,0.9999999953993008,78285.98,55.54000000000815,0.1851333333333605,0.0,201.27743813336124,0.9884120095312784,0.9973270501185352,0.99955397987121,78213.47,128.0500000000029,0.2134166666666715,0.0,223.0792496666774,0.9940729433679704,0.9989894874467724,0.9998844851936964,78140.64,200.88000000000463,0.2232000000000051,0.0,230.62059520001097,0.9953595289470794,0.9992922887730624,0.9999296423506232,78126.04,215.48000000001048,0.1197111111111169,0.0,150.8476340444559,0.9555890312151476,0.981580054873864,0.9936142259213492,78210.01,131.5100000000093,0.0365305555555581,0.0,86.7290673222312,0.8360498681831914,0.8849724404266903,0.9238789676894962,0.0644016911576655,True,0.7777991544211673,0.8480034394578709,0.7455983088423345,heartbeat:37552,two_side_all_heartbeats,0.800591410497478,0.7455983088423345,0.8263618945589561,0.06440169115766559,0.018817179005044204,2026-05-03 07:15:00+00:00,0.5088033823153311,0.49119661768466893,0.4176343580100883,0.5823656419899117,0.3336297464385001,0.6663702535614999,0.49119661768466893,0.5088033823153311,0.0,0.6692778014950348,0.7285376672934425,0.7301389007475174,0.7479801017006453,0.6827991544211673,0.6505983088423346,0.7944815563274231,0.5900378186377968,0.7302991544211673,0.7621794926527004,0.6984188161896342,0.7353988725615563,0.6505983088423346,0.7026619256429365,0.6699249787243168,0.738046568149333,0.7405798071864441,0.6505983088423346,0.7225399325848789,0.6505983088423346,validation,2,84.0,18.0,16.0,0.84,-9.942019281355584
KXBTC15M-26MAY030330-30,heartbeat:37656,live_heartbeat_two_side,heartbeat:37656:yes,2026-05-03 07:23:56.121000+00:00,2026-05-03 07:23:00+00:00,yes,yes,True,True,1,78.0,77.0,77.5,0.775,22.5,55.0,1.0,78374.49,78345.48,363.879,,37656,False,False,synced,bid>=98,last_decisive_quote,1.0,29.010000000009317,1.5207899453338058,11.779988262715037,,,33.36887114029363,0.8693731315644992,0.8076784628819174,49.43333011815498,0.5868510159171948,0.7213481147740997,54.38988484649081,0.5333712340426294,0.7031116869515942,48.74608605410801,0.5951247033004516,0.7241199414979578,78344.56,29.930000000007567,0.4988333333334594,0.0,210.5249745000552,0.9999897220641384,0.9999457303673952,0.9999921562822944,78337.91,36.58000000000175,0.2032222222222319,0.0,102.95829900001286,0.9813639420918416,0.9708189221066392,0.9826625505279792,78341.42,33.070000000006985,0.1102333333333566,0.0,69.1215951000178,0.9189853726131962,0.8981096782180376,0.9219035547307252,78371.62,2.8700000000098957,0.0047833333333498,0.0,30.75055455001532,0.7330491726760177,0.714089845973022,0.7359245669684327,78413.98,-39.48999999999069,-0.0438777777777674,39.48999999999069,13.04379810001308,0.604058591657636,0.594765212633631,0.6054912161979802,78275.58,98.91000000000348,0.0549500000000019,0.0,49.00515105001002,0.8392397796119417,0.8162051793441207,0.8426273017631726,78127.0,247.49000000000524,0.0687472222222236,0.0,54.025670475009846,0.8627810747403456,0.8397189973477255,0.866135559642557,0.0536518852259003,True,0.7481740573870499,0.8051111624624321,0.7213481147740997,heartbeat:37656,two_side_all_heartbeats,0.7390558434757971,0.7213481147740997,0.7877015089548692,0.053651885225900364,0.07188831304840582,2026-05-03 07:30:00+00:00,0.5573037704518007,0.4426962295481993,0.5937766260968116,0.4062233739031884,0.5517601170040844,0.44823988299591555,0.4062233739031884,0.5937766260968116,0.7897999999998138,0.6377525492063295,0.6140451930370725,0.6951262746031649,0.7095248118644846,0.6356740573870499,0.6088481147740997,0.7149811319096985,0.37663476680955615,0.6919240573870499,0.7251544344322299,0.6586936803418697,0.7017320765160665,0.6088481147740997,0.6671146339985156,0.6324971914809647,0.6983847062505992,0.7061582549840536,0.6088481147740997,0.6619146233418991,0.6088481147740997,validation,2,80.0,22.0,20.0,0.8,-9.384174501594643
KXBTC15M-26MAY030400-00,heartbeat:37778,live_heartbeat_two_side,heartbeat:37778:no,2026-05-03 07:48:13.254000+00:00,2026-05-03 07:48:00+00:00,no,no,True,True,1,75.0,74.0,74.5,0.745,25.5,49.0,1.0,78368.87,78402.75,706.746,,37778,False,False,synced,bid>=98,last_decisive_quote,-1.0,33.88000000000466,1.2744174871136111,9.871595407413045,,,95.4306497479826,0.3550222081634824,0.6387135230751843,67.77539553048275,0.4998864224225256,0.691422473411752,67.89952458827037,0.4989725657940383,0.6911006444504231,76.59938244152251,0.4423012160165824,0.6708643744400421,78368.87,-0.0,-0.0,0.0,33.88000000000466,0.691422473411752,0.6911006444504231,0.6708643744400421,78372.06,3.1900000000023283,0.0177222222222351,0.0,46.40510966668047,0.7532300990796345,0.7528349163691788,0.7276814335594877,78434.02,65.15000000000873,0.2171666666666957,0.0,187.3616730000252,0.997149055280607,0.997104583746064,0.99277734106215,78406.58,37.7100000000064,0.0628500000000106,0.0,78.2989861000122,0.8760103782754618,0.8755775512208983,0.8466540865408146,78408.4,39.52999999999884,0.0439222222222209,0.0,64.9218548666704,0.8309426756627036,0.8305007465451217,0.8016558605097931,78341.42,-27.44999999999709,-0.0152499999999983,27.44999999999709,23.1021235000058,0.6333966335285688,0.6331620416804273,0.618520250637841,78147.55,-221.31999999999243,-0.0614777777777756,221.31999999999243,-9.569173533327188,0.4438601243119282,0.4439620769232478,0.4502914854505317,0.0535775265882479,True,0.7182112367058759,0.8111905095641196,0.691422473411752,heartbeat:37778,two_side_all_heartbeats,0.7180503222252115,0.691422473411752,0.779356553079647,0.05357752658824799,0.05389935554957692,2026-05-03 08:00:00+00:00,0.617155053176496,0.382844946823504,0.6177987110991539,0.38220128890084615,0.6582712511199158,0.3417287488800842,0.38220128890084615,0.6177987110991539,0.0,0.5988492154352776,0.59843083778555,0.6591746077176388,0.6843895132456995,0.590711236705876,0.563922473411752,0.7431410477619974,0.48255985235156473,0.654461236705876,0.6906767420235256,0.6182457313882264,0.6667816489411679,0.563922473411752,0.6288065576931493,0.5908314664451307,0.6602949096167957,0.6708425925269407,0.563922473411752,0.6535317605868747,0.563922473411752,validation,2,77.0,25.0,23.0,0.77,-9.915740747305932
KXBTC15M-26MAY030415-15,heartbeat:37857,live_heartbeat_two_side,heartbeat:37857:yes,2026-05-03 08:06:29.949000+00:00,2026-05-03 08:06:00+00:00,yes,yes,True,True,1,95.0,95.0,95.0,0.95,5.0,90.0,0.0,78451.83,78359.05,510.051,,37857,False,False,synced,bid>=98,last_decisive_quote,1.0,92.77999999999884,4.108162051052844,31.821686414497936,,,54.80971500115084,1.6927655981800076,0.9547499533349312,40.77138470130237,2.2756156230581777,0.988565487283281,51.48743438227199,1.8019930709917948,0.9642267521360997,55.61603817263409,1.6682238262280842,0.9523643486106425,78425.38,26.44999999999709,0.4408333333332848,0.0,317.6274824999741,0.9999999999999968,0.9999999996564471,0.9999999943868318,78375.27,76.55999999999767,0.4253333333333204,0.0,309.72169199999223,0.9999999999999848,0.9999999991032342,0.999999987184405,78375.53,76.30000000000291,0.254333333333343,0.0,222.50297100000375,0.9999999758328568,0.9999922514133102,0.9999684220373292,78368.09,83.74000000000524,0.1395666666666754,0.0,163.96611790000327,0.9999710976715832,0.9992751916682664,0.99840174804217,78371.14,80.69000000000233,0.0896555555555581,0.0,138.50890576666683,0.9996596149625404,0.9964290012717388,0.9936209094790964,78386.45,65.38000000000466,0.0363222222222248,0.0,111.30618576666684,0.99683335570571,0.9846836890898648,0.9773217162316792,78389.76,62.070000000006985,0.0172416666666686,0.0,101.57412932499984,0.9936363362753348,0.9757405121377014,0.9661009204627848,-0.038565487283281,True,0.9692827436416405,0.9795218210387127,0.95,heartbeat:37857,two_side_all_heartbeats,0.9571133760680498,0.95,0.9715696413515557,0.03856548728328102,0.014226752136099696,2026-05-03 08:15:00+00:00,0.02286902543343805,0.977130974566562,0.0715464957278007,0.9284535042721993,0.09527130277871532,0.9047286972212847,0.9284535042721993,0.0715464957278007,0.0,0.9851351334682652,0.9534947777769294,0.9650675667341325,0.9700675643174183,0.9442827436416404,0.963565487283281,0.9742827388082119,1.0771309721498477,0.9567827436416405,0.9540696461849842,0.9594958410982966,0.9673769915221873,0.95,0.9593903372813967,0.9514036830406061,0.9572944230961011,0.9723402420376956,0.95,0.9689241130457464,0.963565487283281,validation,1,96.0,5.0,4.0,0.96,1.2340242037695646
KXBTC15M-26MAY030445-45,heartbeat:37983,live_heartbeat_two_side,heartbeat:37983:no,2026-05-03 08:35:03.022000+00:00,2026-05-03 08:35:00+00:00,no,yes,True,False,1,80.0,79.0,79.5,0.795,20.5,59.0,1.0,78376.85,78412.35,596.978,,37983,False,False,synced,bid>=98,latest_quote,-1.0,35.5,1.4529450500278196,11.254463963424495,,,40.50026776295088,0.8765374147100068,0.8096310271349247,39.32452101883886,0.902744625496985,0.8166692768561274,49.19174794172231,0.721665756664248,0.7647499998802605,51.29089328371412,0.6921306635006873,0.7555723616510022,78395.0,18.14999999999418,0.302499999999903,0.0,216.08584499994208,0.9999999804577278,0.9999944030783812,0.999987397021432,78418.56,41.70999999999185,0.2317222222221769,0.0,173.83306877775075,0.9999950757949227,0.9997951730397074,0.99964946516841,78409.73,32.879999999990105,0.109599999999967,0.0,100.92878879998032,0.994864374687747,0.979902642001358,0.9754528671546684,78436.64,59.7899999999936,0.0996499999999893,0.0,94.98885769999362,0.9921434505404616,0.9732579614741492,0.9679844614478468,78441.67,64.81999999999243,0.0720222222222138,0.0,78.49568217777275,0.9770384884642432,0.9447230365123936,0.9370413644737988,78425.38,48.52999999999884,0.0269611111111104,0.0,51.5951901888885,0.9052460184852388,0.8528784097246809,0.8427760435482805,78386.45,9.599999999991269,0.0026666666666642,0.0,37.09194133333189,0.8272175408335762,0.7745837102171788,0.765211713565934,-0.0216692768561274,True,0.8058346384280637,0.8688445505146248,0.795,heartbeat:37983,two_side_all_heartbeats,0.7798749999401302,0.795,0.8414736579943877,0.021669276856127406,0.03025000011973955,2026-05-03 08:45:00+00:00,0.3666614462877451,0.6333385537122549,0.470500000239479,0.529499999760521,0.48885527669799567,0.5111447233020043,0.529499999760521,0.470500000239479,0.0,0.7616700599129657,0.6941749998443386,0.768085029956483,0.7880714674252576,0.7033346384280638,0.7141692768561274,0.8253075133656133,0.7328249911810296,0.7545846384280637,0.7707507830568382,0.7384184937992891,0.7752795179040849,0.7141692768561274,0.7532256612475139,0.7311718045909429,0.7568572967307704,0.7781638887392232,0.7141692768561274,0.7697383951108703,0.7141692768561274,validation,2,82.0,-80.0,-82.0,0.82,-4.183611126077679
KXBTC15M-26MAY030500-00,heartbeat:38064,live_heartbeat_two_side,heartbeat:38064:no,2026-05-03 08:53:49.880000+00:00,2026-05-03 08:53:00+00:00,no,no,True,True,1,73.0,71.0,72.0,0.72,28.0,44.0,2.0,78417.07,78430.44,370.12,,38064,False,False,synced,bid>=98,last_decisive_quote,-1.0,13.369999999995343,0.6949605152807575,5.383141003908198,,,30.843636567601173,0.4334767714789987,0.6676657811451021,27.15342708947555,0.492387202393964,0.6887771777221787,30.51218261178308,0.4381856312970599,0.6693741381661233,35.09045768554931,0.3810152640300635,0.6484040388636425,78426.45,9.379999999990105,0.1563333333331684,0.0,71.23209333326764,0.9956461113345784,0.990216424371226,0.978819505900472,78425.28,8.209999999991851,0.0456111111110658,0.0,30.25158444442303,0.8673814711927561,0.8392692995573483,0.8056845451829107,78427.83,10.75999999999476,0.0358666666666492,0.0,26.644970666655546,0.8367713490029192,0.8087384367293329,0.776170140501967,78406.01,-11.060000000012224,-0.0184333333333537,11.060000000012224,6.5474546666544695,0.5952720882010625,0.5849545290549361,0.5740081211359163,78410.28,-6.790000000008149,-0.0075444444444534,6.790000000008149,10.577650222214212,0.6515657798057578,0.6355802746502964,0.6184603134345794,78442.0,24.92999999999301,0.0138499999999961,0.0,18.49616199999391,0.7521187589690534,0.7278055081830419,0.7009377460929422,78378.21,-38.86000000000058,-0.0107944444444446,38.86000000000058,9.374760222217503,0.63504733083798,0.6206721092919119,0.6053269429674527,0.0312228222778212,True,0.7043885888610893,0.7485161755750326,0.6887771777221787,heartbeat:38064,two_side_all_heartbeats,0.6946870690830617,0.6887771777221787,0.7339874231172374,0.03122282227782125,0.05062586183387663,2026-05-03 09:00:00+00:00,0.6224456445556426,0.37755435544435745,0.6612517236677533,0.3387482763322467,0.703191922272715,0.296808077727285,0.3387482763322467,0.6612517236677533,0.13580000000016298,0.5954103310388323,0.5701863796159603,0.6437051655194161,0.6553823004197081,0.5643885888610893,0.5487771777221787,0.692952858661665,0.4340714903446168,0.6343885888610894,0.6686331533166536,0.6001440244055251,0.6525181184814525,0.5487771777221787,0.6152905452550511,0.5780629720286496,0.6387854207721898,0.6558528609050036,0.5487771777221787,0.6208650181919219,0.5487771777221787,validation,2,75.0,27.0,25.0,0.75,-9.414713909499639
KXBTC15M-26MAY030515-15,heartbeat:38103,live_heartbeat_two_side,heartbeat:38103:no,2026-05-03 09:02:05.580000+00:00,2026-05-03 09:02:00+00:00,no,yes,True,False,1,67.0,66.0,66.5,0.665,33.5,33.0,1.0,78372.45,78391.91,774.42,,38103,False,False,synced,bid>=98,latest_quote,-1.0,19.460000000006403,0.6992855526062969,5.416642598975277,,,31.094296175647024,0.6258382531021052,0.7342894808227134,30.716115887263896,0.6335436443666785,0.7368106553532023,39.62362602769141,0.4911211302672443,0.6883296113209599,50.87794277013745,0.382484018426711,0.6489488095608564,78384.1,11.650000000008731,0.1941666666668121,0.0,169.82655000011908,0.9999999838884004,0.999990903729302,0.9995779611714152,78386.0,13.55000000000291,0.0752777777777939,0.0,77.75661666668559,0.9943205602958604,0.9751408782204234,0.936780615621317,78394.18,21.729999999995925,0.0724333333333197,0.0,75.55382199999588,0.9930482178196962,0.9717259237133316,0.9312282883639348,78426.45,54.0,0.09,0.0,89.15780000000639,0.9981498362452716,0.9877792447786988,0.9601462805289523,78427.83,55.38000000000466,0.0615333333333385,0.0,67.1126440000104,0.9855531068506476,0.9548439062052642,0.9064306791265612,78418.56,46.11000000000058,0.0256166666666669,0.0,39.29805900000665,0.8996210828734461,0.8393484289264364,0.7800608506881763,78373.94,1.4900000000052387,0.0004138888888903,0.0,19.78052383334086,0.7402053711366277,0.6911843946129175,0.6512819855843379,-0.0718106553532023,True,0.7009053276766012,0.7982862910576328,0.665,heartbeat:38103,two_side_all_heartbeats,0.67666480566048,0.665,0.7521528401699,0.0718106553532023,0.023329611320959898,2026-05-03 09:15:00+00:00,0.5263786892935953,0.4736213107064047,0.6233407773580801,0.37665922264191987,0.7021023808782871,0.29789761912171286,0.37665922264191987,0.6233407773580801,0.0,0.657853851959163,0.5948284947172479,0.6446769259795816,0.6774817477615511,0.5334053276766012,0.5693106553532024,0.7330149712405405,0.5729261324883743,0.6171553276766012,0.6362931966059606,0.5980174587472417,0.6570404369021349,0.5693106553532024,0.6227340271911891,0.5884276174802432,0.6183021329454355,0.6603193448003778,0.5693106553532024,0.6511628132968714,0.5693106553532024,validation,2,69.0,-67.0,-69.0,0.69,-2.9680655199622237
KXBTC15M-26MAY030530-30,heartbeat:38193,live_heartbeat_two_side,heartbeat:38193:yes,2026-05-03 09:23:07.611000+00:00,2026-05-03 09:23:00+00:00,yes,yes,True,True,1,89.0,88.0,88.5,0.885,11.5,77.0,1.0,78430.69,78399.06,412.389,,38193,False,False,synced,bid>=98,last_decisive_quote,1.0,31.630000000004657,1.5575631210086205,12.064832056666472,,,20.3766507085238,1.5522668790103686,0.9397008102708672,29.87875204679344,1.058611817202692,0.8551116985697214,29.296065472377947,1.0796671665629394,0.8598547900625697,30.574274292397718,1.0345298697038725,0.849555739835262,78413.98,16.710000000006403,0.2785000000001067,0.0,146.48033650004868,0.9999995268571356,0.9999997133488918,0.9999991701025046,78410.52,20.169999999998254,0.1120555555555458,0.0,77.84047850000066,0.9954091263918958,0.9960583601300836,0.994550911581266,78397.39,33.30000000000291,0.1110000000000097,0.0,77.40517900000866,0.9952101590108936,0.9958811625281896,0.9943245997431458,78410.52,20.169999999998254,0.0336166666666637,0.0,45.49314355000345,0.9360695716038038,0.9397735645410266,0.931618616006226,78409.31,21.380000000004657,0.0237555555555607,0.0,41.42652980000679,0.917201022017586,0.9213285355460205,0.9122828228130746,78417.07,13.619999999995343,0.007566666666664,0.0,34.75041010000359,0.8775948996604748,0.882224409910265,0.8721451092617616,78442.0,-11.309999999997672,-0.003141666666666,11.309999999997672,30.334411225004924,0.8450067295165482,0.8497690057373231,0.8394389769875186,0.0298883014302786,True,0.8700558492848607,0.9117739525268717,0.8551116985697214,heartbeat:38193,two_side_all_heartbeats,0.8724273950312849,0.8551116985697214,0.8980755413730951,0.029888301430278652,0.025145209937430302,2026-05-03 09:30:00+00:00,0.2897766028605573,0.7102233971394427,0.2802904198748606,0.7197095801251394,0.30088852032947555,0.6991114796705244,0.7102233971394427,0.2897766028605573,0.0,0.8116452081406377,0.8178112270813406,0.842572604070319,0.8535936199714083,0.8125558492848607,0.7976116985697214,0.8805978810870394,0.809744413040532,0.8413058492848606,0.8587835095709163,0.8238281889988048,0.845907799046481,0.7976116985697214,0.8277753574406063,0.8096429158347315,0.8463225508636272,0.8492997496464604,0.7976116985697214,0.8391047898283803,0.7976116985697214,validation,1,90.0,11.0,10.0,0.9,-5.070025035353964
KXBTC15M-26MAY030545-45,heartbeat:38235,live_heartbeat_two_side,heartbeat:38235:no,2026-05-03 09:32:08.508000+00:00,2026-05-03 09:32:00+00:00,no,yes,True,False,1,73.0,72.0,72.5,0.725,27.5,45.0,1.0,78463.07,78495.29,771.492,,38235,False,False,synced,bid>=98,last_decisive_quote,-1.0,32.21999999998661,1.1600048969045544,8.985359294460782,,,87.81101758161597,0.366924343748092,0.6431622738202151,67.37697109771437,0.4782049337489379,0.6837478243560599,57.87246446381014,0.5567414537899109,0.7111479550867453,49.84773264907202,0.6463684161286808,0.7409796051406996,78502.0,38.929999999993015,0.6488333333332169,0.0,532.7897259998967,0.9999999999999988,1.0,1.0,78518.25,55.179999999993015,0.3065555555555167,0.0,268.7251586666233,0.9999667373850416,0.9999982864129856,0.9999999649511384,78496.32,33.25,0.1108333333333333,0.0,117.7270299999866,0.959706376451028,0.9790367753426,0.9909051287209724,78413.98,-49.09000000001106,-0.081816666666685,49.09000000001106,-30.9009038000276,0.323250991850369,0.2966886532020312,0.2676598690692948,78392.26,-70.81000000001222,-0.0786777777777913,70.81000000001222,-28.4792761333572,0.3362623279414267,0.3113228825320139,0.283889541253385,78372.45,-90.6200000000099,-0.0503444444444499,90.6200000000099,-6.6203361333509605,0.4608636567431005,0.4544622321301477,0.4471713566417869,78418.56,-44.51000000000931,-0.0123638888888914,44.51000000000931,22.68135863331795,0.6318034732591464,0.6524412249346524,0.6754500009552247,0.0412521756439401,True,0.7043739121780299,0.7894847336023626,0.6837478243560599,heartbeat:38235,two_side_all_heartbeats,0.7180739775433727,0.6837478243560599,0.7595656225970235,0.041252175643940125,0.013852044913254646,2026-05-03 09:45:00+00:00,0.6325043512878805,0.3674956487121195,0.5777040898265093,0.42229591017349066,0.5180407897186008,0.4819592102813992,0.3674956487121195,0.6325043512878805,1.0,0.5888721716628778,0.6244923416127689,0.6431860858314389,0.6666567234765417,0.5668739121780298,0.5462478243560598,0.6738151874682354,0.26346628635722225,0.6356239121780298,0.6713743473068179,0.5998734770492419,0.6516652162373732,0.5462478243560598,0.6134551491037554,0.5752450819701378,0.6404829896136728,0.6552032690565228,0.5462478243560598,0.6100315059121476,0.5462478243560598,validation,2,75.0,-73.0,-75.0,0.75,-9.479673094347717
KXBTC15M-26MAY030600-00,heartbeat:38337,live_heartbeat_two_side,heartbeat:38337:yes,2026-05-03 09:56:10.678000+00:00,2026-05-03 09:56:00+00:00,yes,yes,True,True,1,75.0,74.0,74.5,0.745,25.5,49.0,1.0,78535.08,78520.04,229.322,,38337,False,False,synced,bid>=98,last_decisive_quote,1.0,15.040000000008147,0.9931731632549926,7.693086242373453,,,24.32735802752309,0.6182340056405813,0.7317894514415713,25.938203152638724,0.5798397025230374,0.7189886394947714,47.80719856779802,0.3145969738987968,0.6234661614661361,38.38867916382095,0.3917821693167932,0.6523904145856594,78525.14,9.940000000002328,0.1656666666667054,0.0,53.03101133335038,0.97954858661204,0.8663427785375672,0.916425558971216,78533.32,1.7599999999947613,0.0097777777777486,0.0,17.28225955555703,0.7473858183146508,0.6411368135150732,0.6737138411248726,78513.99,21.089999999996508,0.0702999999999883,0.0,31.16133660000548,0.8851958282159413,0.7427389787046201,0.7915274150498345,78491.64,43.44000000000233,0.0724000000000038,0.0,31.64291280000904,0.8887551755252993,0.7459778399898019,0.795108963459642,78547.72,-12.639999999999418,-0.0140444444444437,12.639999999999418,11.819299911119408,0.6756868900337497,0.5976342881893173,0.6209150941348945,78486.64,48.44000000000233,0.0269111111111124,0.0,21.211309822230668,0.7932538124803988,0.671364624344898,0.7097110405418467,78403.99,131.0899999999965,0.0364138888888879,0.0,23.390505827785702,0.8164126454829358,0.6876738165572261,0.7288396444859823,0.0260113605052285,True,0.7319943197473857,0.7830614892369043,0.7189886394947714,heartbeat:38337,two_side_all_heartbeats,0.6842330807330681,0.7189886394947714,0.7652357574916198,0.026011360505228565,0.1215338385338639,2026-05-03 10:00:00+00:00,0.5620227210104571,0.43797727898954286,0.7530676770677278,0.24693232293227219,0.6952191708286812,0.30478082917131877,0.24693232293227219,0.7530676770677278,0.25279999999998837,0.6346852313432028,0.5105060099059769,0.6770926156716015,0.6911121984931956,0.6044943197473858,0.5914886394947714,0.7218934853905746,0.47593686181113937,0.6682443197473857,0.6989465918484313,0.6375420476463399,0.6851590929965142,0.5914886394947714,0.6516186618890437,0.6180782307815731,0.6728539780746003,0.6886676851920375,0.5914886394947714,0.656691062442673,0.5914886394947714,validation,2,77.0,25.0,23.0,0.77,-8.133231480796255
KXBTC15M-26MAY030615-15,heartbeat:38367,live_heartbeat_two_side,heartbeat:38367:no,2026-05-03 10:02:11.218000+00:00,2026-05-03 10:02:00+00:00,no,no,True,True,1,70.0,68.0,69.0,0.69,31.0,38.0,2.0,78505.9,78529.64,768.782,,38367,False,False,synced,bid>=98,latest_quote,-1.0,23.74000000000524,0.8562076650087325,6.632156054947919,,,40.21768823880376,0.5902875336603725,0.7225010521483066,39.48807840334519,0.6011941061683601,0.7261446452007713,82.24228645247864,0.288659289813431,0.6135789404603875,70.53446586724137,0.3365730456467653,0.6317806108560297,78528.42,22.520000000004075,0.3753333333334012,0.0,312.28951066672414,0.9999999999999988,0.9999268269143392,0.9999952328460008,78532.5,26.60000000000582,0.1477777777778101,0.0,137.34889555558567,0.9997476382766732,0.9525454627970358,0.9742481730291506,78525.02,19.12000000000989,0.0637333333333663,0.0,72.73703946669727,0.9672624232986696,0.8117662730292381,0.8487827885267499,78531.62,25.720000000001164,0.0428666666666686,0.0,56.69512173334007,0.9244636618690766,0.7547038408174593,0.7892417817925433,78483.19,-22.70999999999185,-0.0252333333333242,22.70999999999185,4.341067533345534,0.5437689916703891,0.5210479499396721,0.5245375457916691,78463.07,-42.8299999999872,-0.0237944444444373,42.8299999999872,5.44725941112182,0.5548588221638294,0.5264043511909093,0.5307790498517388,78372.45,-133.4499999999971,-0.0370694444444436,133.4499999999971,-4.758321638883029,0.4520434576661911,0.4769311236801015,0.47310737674214,-0.0361446452007713,True,0.7080723226003856,0.7944690228331469,0.69,heartbeat:38367,two_side_all_heartbeats,0.6517894702301937,0.69,0.7562958782199654,0.03614464520077132,0.07642105953961242,2026-05-03 10:15:00+00:00,0.5477107095984575,0.45228929040154253,0.772842119079225,0.22715788092077505,0.7364387782879407,0.2635612217120593,0.22715788092077505,0.772842119079225,0.454199999999837,0.6439880387610026,0.4976526225985038,0.6514940193805013,0.6792202617103682,0.5530723226003855,0.5711446452007711,0.7098148072601277,0.4581755327314421,0.6305723226003855,0.6543433935602313,0.6068012516405398,0.6624297634671807,0.5711446452007711,0.6293230208083791,0.5962162781495774,0.6325846402030272,0.6653579595553988,0.5711446452007711,0.6404797262304494,0.5711446452007711,validation,2,72.0,30.0,28.0,0.72,-5.464204044460118
KXBTC15M-26MAY030630-30,heartbeat:38453,live_heartbeat_two_side,heartbeat:38453:no,2026-05-03 10:22:13.427000+00:00,2026-05-03 10:22:00+00:00,no,no,True,True,1,67.0,66.0,66.5,0.665,33.5,33.0,1.0,78465.88,78479.97,466.573,,38453,False,False,synced,bid>=98,last_decisive_quote,-1.0,14.089999999996508,0.6523057271138399,5.052738435495244,,,10.745074881102424,1.3112984465819657,0.90512152349273,22.55994747292876,0.6245581917645895,0.7338694667184719,28.25271056313356,0.498713210844353,0.6910092817835173,54.3616197436472,0.2591902166719948,0.602255760392837,78465.89,0.0099999999947613,0.0001666666665793,0.0,14.167762166622436,0.7349997019030647,0.6919782554402922,0.6028074788544586,78469.35,3.470000000001164,0.0192777777777842,0.0,23.08449061111064,0.8469054263260043,0.7930562763861186,0.6644529328433578,78480.01,14.129999999990105,0.047099999999967,0.0,36.06558829998112,0.9450514354191596,0.8991168588719209,0.7464751037741131,78476.26,10.379999999990105,0.0172999999999835,0.0,22.161712899988814,0.8370357129601226,0.7836002573987034,0.6582427695961501,78469.46,3.5800000000017462,0.0039777777777797,0.0,15.945923711108524,0.7601622279931364,0.7137601608842212,0.6153652469484385,78531.62,65.73999999999069,0.036522222222217,0.0,31.130282788882983,0.9161899936287504,0.8647368145295086,0.7165597815738075,78413.98,-51.90000000000873,-0.014416666666669,51.90000000000873,7.36357258332871,0.6279392272767925,0.602812010526995,0.553874070397316,-0.0688694667184718,True,0.6994347333592359,0.7813069673792105,0.665,heartbeat:38453,two_side_all_heartbeats,0.6780046408917586,0.665,0.7416711270993736,0.06886946671847183,0.026009281783517246,2026-05-03 10:30:00+00:00,0.5322610665630563,0.4677389334369437,0.6179814364329654,0.38201856356703456,0.795488479214326,0.20451152078567403,0.38201856356703456,0.6179814364329654,0.0,0.6540303067340134,0.5983120663185724,0.6427651533670068,0.6707702969089226,0.5319347333592359,0.5663694667184718,0.721945020443068,0.5622440769788597,0.6156847333592359,0.6354108400155415,0.5959586267029302,0.6550796444789811,0.5663694667184718,0.6207094233802656,0.58633920228155,0.6168868251438038,0.658290383690693,0.5663694667184718,0.6441572435807699,0.5663694667184718,validation,2,69.0,33.0,31.0,0.69,-3.170961630930691
KXBTC15M-26MAY030645-45,heartbeat:38499,live_heartbeat_two_side,heartbeat:38499:yes,2026-05-03 10:32:14.304000+00:00,2026-05-03 10:32:00+00:00,yes,yes,True,True,1,72.0,71.0,71.5,0.715,28.5,43.0,1.0,78458.95,78428.44,765.696,,38499,False,False,synced,bid>=98,last_decisive_quote,1.0,30.50999999999476,1.1025899217211386,8.54062480904422,,,49.93965850703606,0.6109372973725115,0.7293794540887971,32.58520644828612,0.9363144606254132,0.8254443475208513,36.73642728550026,0.8305108105065228,0.7968749808700164,63.24284170821041,0.4824261398746388,0.6852483722246898,78434.73,24.220000000001164,0.403666666666686,0.0,339.5959520000096,1.0,1.0,0.9999999605691258,78426.83,32.11999999999534,0.1784444444444185,0.0,167.14419733330828,0.99999985470527,0.9999973154315912,0.995889975267161,78445.12,13.830000000001746,0.0461000000000058,0.0,65.80858559999922,0.9782867601810769,0.9633831432806615,0.8509623529190065,78465.88,-6.930000000007567,-0.0115500000000126,6.930000000007567,21.666211199985103,0.7469457895713413,0.7223291085340313,0.6340456211990867,78480.01,-21.05999999999767,-0.0233999999999974,21.05999999999767,12.592713599996742,0.6504201113910735,0.634120072245643,0.5789143183350501,78505.9,-46.94999999999709,-0.0260833333333317,46.94999999999709,10.538095999996,0.6268043027273412,0.6128890363497447,0.5661690411772569,78463.07,-4.120000000009895,-0.0011444444444471,4.120000000009895,29.633703466659323,0.8184362921082744,0.7900679946547663,0.6803115164545814,-0.1104443475208513,True,0.7702221737604256,0.8395770359006427,0.715,heartbeat:38499,two_side_all_heartbeats,0.7559374904350082,0.715,0.8007906562924707,0.1104443475208513,0.08187498087001643,2026-05-03 10:45:00+00:00,0.34911130495829745,0.6508886950417025,0.4062500382599672,0.5937499617400328,0.6295032555506206,0.3704967444493794,0.5937499617400328,0.4062500382599672,0.42119999999995344,0.7730776517771066,0.7359374751310213,0.7297888258885533,0.756117501906661,0.6277221737604256,0.6829443475208512,0.7733195257966433,0.6644773710598195,0.6989721737604255,0.7053833042562553,0.6925610432645958,0.7411295650139008,0.6829443475208512,0.7106100954743272,0.6800906259347537,0.6992154533469052,0.7465449264689658,0.6829443475208512,0.7281319366587473,0.6829443475208512,validation,2,74.0,28.0,26.0,0.74,0.6544926468965713
KXBTC15M-26MAY030700-00,heartbeat:38564,live_heartbeat_two_side,heartbeat:38564:no,2026-05-03 10:47:00.620000+00:00,2026-05-03 10:47:00+00:00,no,no,True,True,1,78.0,77.0,77.5,0.775,22.5,55.0,1.0,78405.59,78441.01,779.38,,38564,False,False,synced,bid>=98,last_decisive_quote,-1.0,35.419999999998254,1.2687437864914153,9.827647111370782,,,80.54226015140421,0.4397691340349197,0.6699478374745662,49.92091299759673,0.7095222798049272,0.7609997847329342,41.70970943615346,0.8492027510816614,0.8021157586413024,41.02635902448391,0.8633473903657922,0.8060267521947964,78442.99,37.40000000000873,0.6233333333334788,0.0,521.2335333334449,1.0,1.0,1.0,78443.04,37.44999999999709,0.2080555555555394,0.0,197.5743388888745,0.9999621699681632,0.9999989148898633,0.999999266907556,78448.58,42.99000000000524,0.1433000000000174,0.0,147.10515400001185,0.9983944096026428,0.999789756620164,0.999831864300513,78445.13,39.54000000000815,0.0659000000000135,0.0,86.78114200000884,0.9589273998876816,0.9812646457939368,0.982795818521496,78458.95,53.36000000000058,0.0592888888888895,0.0,81.62857422222098,0.9489920222775308,0.9748300326868352,0.9766858914146908,78480.01,74.41999999999825,0.0413444444444434,0.0,67.64303311110861,0.9122918469365155,0.9475723566162756,0.9504026262619414,78483.19,77.60000000000582,0.0215555555555571,0.0,52.2199688888884,0.8522319407464432,0.8947125024938452,0.8984624931916824,0.0140002152670658,True,0.767999892366467,0.8447980647785256,0.7609997847329342,heartbeat:38564,two_side_all_heartbeats,0.7885578793206511,0.7609997847329342,0.8154788173404088,0.014000215267065852,0.027115758641302334,2026-05-03 11:00:00+00:00,0.47800043053413166,0.5219995694658683,0.3957684827173953,0.6042315172826047,0.3879464956104073,0.6120535043895927,0.5219995694658683,0.47800043053413166,0.0,0.6892997201528144,0.742750486233693,0.7208998600764074,0.7432393010366716,0.6554998923664671,0.6484997847329341,0.7901787742869958,0.6218390104261327,0.7117498923664671,0.7370499354198802,0.6864498493130539,0.7281665231552893,0.6484997847329341,0.6998554728538521,0.671544422552415,0.7159798804793812,0.731542139029772,0.6484997847329341,0.7193392795099649,0.6484997847329341,validation,2,80.0,22.0,20.0,0.8,-6.8457860970227955
KXBTC15M-26MAY030715-15,heartbeat:38658,live_heartbeat_two_side,heartbeat:38658:yes,2026-05-03 11:09:02.708000+00:00,2026-05-03 11:09:00+00:00,yes,yes,True,True,1,77.0,76.0,76.5,0.765,23.5,53.0,1.0,78427.8,78406.54,357.292,,38658,False,False,synced,bid>=98,latest_quote,1.0,21.260000000009317,1.1247386365505896,8.712188016392941,,,28.06353822033159,0.7575666273116901,0.7756447674255615,26.75460513750552,0.7946295559490922,0.7865854897765168,30.05725853719741,0.7073166694061258,0.7603151456150372,26.12775768729824,0.8136940128752288,0.7920898675575293,78414.35,13.44999999999709,0.2241666666666181,0.0,101.35295666665864,0.9999241419146196,0.9996268723888996,0.9999475845395756,78413.97,13.830000000001746,0.076833333333343,0.0,48.71193533334611,0.9656732686456924,0.9474523511173804,0.9688654616326208,78420.0,7.80000000000291,0.0260000000000097,0.0,30.54959200001278,0.8732406170050067,0.8452757319830445,0.8788463141060117,78404.77,23.02999999999884,0.0383833333333313,0.0,34.97405793334195,0.9044303820876054,0.8777030926842154,0.9096460555842276,78420.9,6.900000000008731,0.0076666666666763,0.0,23.99923866667945,0.8151441101167969,0.7876954998506057,0.8208303653173424,78441.39,-13.589999999996508,-0.007549999999998,13.589999999996508,18.56244540001001,0.7560973550089781,0.7315704146095755,0.761287198900018,78455.51,-27.70999999999185,-0.0076972222222199,27.70999999999185,18.5098440777879,0.7554803661099008,0.7309931517552614,0.7606627276794884,-0.0215854897765167,True,0.7757927448882584,0.8082753689271746,0.765,heartbeat:38658,two_side_all_heartbeats,0.7626575728075187,0.765,0.7931237703339564,0.021585489776516753,0.0046848543849628,2026-05-03 11:15:00+00:00,0.42682902044696647,0.5731709795530335,0.4793697087699256,0.5206302912300744,0.4158202648849414,0.5841797351150586,0.5206302912300744,0.4793697087699256,0.0,0.7225611367094718,0.6884096892995484,0.732030568354736,0.7428546300552366,0.6582927448882584,0.6690854897765168,0.7739408682892598,0.6604950412535342,0.7170427448882584,0.736225646932955,0.6978598428435617,0.7402236598510111,0.6690854897765168,0.7146894906739267,0.6891553214968424,0.719537990148281,0.7432511663595096,0.6690854897765168,0.7215131790328884,0.6690854897765168,validation,2,79.0,23.0,21.0,0.79,-4.6748833640490375
KXBTC15M-26MAY030730-30,heartbeat:38736,live_heartbeat_two_side,heartbeat:38736:no,2026-05-03 11:27:04.376000+00:00,2026-05-03 11:27:00+00:00,no,no,True,True,1,88.0,87.0,87.5,0.875,12.5,75.0,1.0,78507.0,78518.33,175.624,,38736,False,False,synced,bid>=98,last_decisive_quote,-1.0,11.330000000001746,0.8549446080754477,6.622372458012071,,,8.349232186263318,1.3570110097839383,0.9126111438637806,12.048155933110106,0.940392875300131,0.8264919622921442,37.79300966896631,0.2997908898826166,0.6178316676370779,30.29704406226766,0.3739638750472122,0.6457844035391197,78514.0,7.0,0.1166666666666666,0.0,31.81946666666841,0.9958672044678808,0.8000893793901103,0.8531983773379037,78508.35,1.3500000000058208,0.0075000000000323,0.0,12.647180000007426,0.8530763716067558,0.6310529364359538,0.6618214807299783,78504.98,-2.0200000000040745,-0.0067333333333469,2.0200000000040745,10.147465066666028,0.8001737947319112,0.6058431899202208,0.6311620018543137,78526.32,19.320000000006985,0.0322000000000116,0.0,16.98509280000379,0.9206957550198956,0.6734371581950233,0.7124712872466585,78528.16,21.16000000000349,0.0235111111111149,0.0,15.459115377780204,0.9002733170889647,0.658747397114353,0.6950623988462211,78408.01,-98.99000000000524,-0.0549944444444473,98.99000000000524,1.671655688890123,0.5551752961179954,0.517640212931776,0.5220006912311014,78445.12,-61.88000000000466,-0.0171888888888901,61.88000000000466,8.311218577779297,0.7548504721944117,0.5870310021225854,0.6080823343263227,0.0485080377078558,True,0.850745981146072,0.833888585674685,0.8264919622921442,heartbeat:38736,two_side_all_heartbeats,0.7464158338185389,0.8001737947319112,0.8454823476340254,0.04850803770785583,0.25716833236292214,2026-05-03 11:30:00+00:00,0.34701607541571167,0.6529839245842883,0.7643366647258443,0.23566333527415573,0.7084311929217606,0.2915688070782394,0.23566333527415573,0.7643366647258443,0.0,0.7744395509797873,0.5031811679282012,0.8184697754898937,0.8109871549630848,0.788245981146072,0.7639919622921441,0.8232807400924543,0.7330013040574794,0.819495981146072,0.8416975886876431,0.7972943736045008,0.8218279748614293,0.7639919622921441,0.7991086340075717,0.7763892931537141,0.826396508362937,0.8264283309475781,0.7639919622921441,0.7936363511922992,0.7639919622921441,validation,1,89.0,12.0,11.0,0.89,-6.357166905242195
KXBTC15M-26MAY030745-45,heartbeat:38764,live_heartbeat_two_side,heartbeat:38764:yes,2026-05-03 11:32:34.981000+00:00,2026-05-03 11:32:00+00:00,yes,yes,True,True,1,77.0,76.0,76.5,0.765,23.5,53.0,1.0,78518.49,78505.96,745.019,,38764,False,False,synced,bid>=98,last_decisive_quote,1.0,12.529999999998836,0.4590578271424929,3.555846638938077,,,8.742976561696974,1.43315035921437,0.9240925637907484,19.768831045673902,0.6338260452046723,0.7369028231410162,75.36269494535804,0.1662626317846482,0.5660248638936033,61.106002803365485,0.205053504159312,0.5812348386101888,78517.4,1.0900000000110597,0.0181666666668509,0.0,26.064511833469496,0.9063259830423572,0.6352738912146205,0.6651449266818813,78512.5,5.990000000005239,0.0332777777778068,0.0,37.32257672224274,0.9704837096646028,0.689784433287808,0.7293287492493056,78507.0,11.49000000000524,0.0383000000000174,0.0,41.06422770001184,0.9811094090584236,0.7070847230843771,0.7492133287384964,78504.98,13.510000000009311,0.0225166666666821,0.0,29.30534448334373,0.9308832503516592,0.6513091957230028,0.6842377076793851,78526.32,-7.830000000001746,-0.0087000000000019,7.830000000001746,6.04833469999739,0.6201798138757466,0.5319833124375897,0.5394233314242055,78403.58,114.91000000000348,0.0638388888888908,0.0,60.0911851611114,0.9988159044888868,0.7873789572669303,0.8372928511463403,78458.95,59.54000000000815,0.0165388888888911,0.0,24.85178646111164,0.8956448481664823,0.6292102665534087,0.6578856802147794,0.0280971768589838,True,0.750951411570508,0.8276707440664799,0.7369028231410162,heartbeat:38764,two_side_all_heartbeats,0.6655124319468017,0.7369028231410162,0.7997927287539897,0.02809717685898383,0.19897513610639672,2026-05-03 11:45:00+00:00,0.5261943537179676,0.47380564628203237,0.8679502722127936,0.13204972778720636,0.8375303227796225,0.16246967722037753,0.13204972778720636,0.8679502722127936,0.15660000000003493,0.6579736700833211,0.43583232306168423,0.6997368350416605,0.7213477759475029,0.6334514115705081,0.6194028231410161,0.7628432933821911,0.5405965871878677,0.6922014115705081,0.7213208469423048,0.6630819761987112,0.7071018820940108,0.6194028231410161,0.6755696061882243,0.6440373302824377,0.6971266359976684,0.7107602123447825,0.6194028231410161,0.6911230582616037,0.6194028231410161,validation,2,79.0,23.0,21.0,0.79,-7.923978765521753
KXBTC15M-26MAY030800-00,heartbeat:38870,live_heartbeat_two_side,heartbeat:38870:yes,2026-05-03 11:48:21.510000+00:00,2026-05-03 11:48:00+00:00,yes,no,True,False,1,75.0,74.0,74.5,0.745,25.5,49.0,1.0,78792.15,78709.68,698.49,,38870,True,False,synced,bid>=98,latest_quote,1.0,82.47000000000116,3.1204404438043265,24.170827743372477,,,222.5096015775804,0.3706356912928411,0.6445455526581656,138.8926599259076,0.5937678783313305,0.7236663119511856,101.95274382853556,0.8089041736699061,0.7907148659878243,89.41761310234834,0.9223015146423684,0.8218143379010849,78673.57,118.5799999999872,1.97633333333312,0.0,1462.919069999852,1.0,1.0,1.0,78709.42,82.72999999999593,0.4596111111110885,0.0,403.5037649999854,0.9981646039369608,0.9999621709134596,0.9999967977496308,78603.92,188.22999999999595,0.6274333333333197,0.0,520.7259089999917,0.999911273598656,0.9999998367946764,0.9999999971190798,78564.99,227.1599999999889,0.3785999999999815,0.0,346.9183139999883,0.9937506799031928,0.9996664269556907,0.9999477188517436,78543.43,248.7200000000012,0.2763555555555568,0.0,275.50159200000206,0.9763474103919196,0.9965563808681296,0.9989686963301272,78520.01,272.1399999999994,0.1511888888888885,0.0,188.0739270000009,0.9121470455470472,0.9674606183274076,0.9822811325078232,78412.69,379.4599999999919,0.1054055555555533,0.0,156.09472649999958,0.8694619888340052,0.9371214555248506,0.9595668962945888,0.0213336880488144,True,0.7343331559755928,0.8228591951832804,0.7236663119511856,heartbeat:38870,two_side_all_heartbeats,0.7678574329939121,0.7236663119511856,0.7895821483050869,0.021333688048814414,0.04571486598782426,2026-05-03 12:00:00+00:00,0.5526673760976288,0.44733262390237116,0.4185702680243515,0.5814297319756485,0.35637132419783013,0.6436286758021699,0.44733262390237116,0.5526673760976288,0.0,0.6407662055365412,0.7279293257841715,0.6801331027682707,0.7056242301281362,0.6068331559755928,0.5961663119511855,0.759815410695324,0.5473237512622368,0.6705831559755928,0.7003498935853556,0.6408164183658298,0.6882775413007903,0.5961663119511855,0.655421439658775,0.6225653380167596,0.674984885013359,0.6917086335523576,0.5961663119511855,0.6779908613232548,0.5961663119511855,validation,2,77.0,-75.0,-77.0,0.77,-7.829136644764247
KXBTC15M-26MAY030815-15,heartbeat:38957,live_heartbeat_two_side,heartbeat:38957:yes,2026-05-03 12:03:07.699000+00:00,2026-05-03 12:03:00+00:00,yes,yes,True,True,1,83.0,82.0,82.5,0.825,17.5,65.0,1.0,78734.15,78658.52,712.301,,38957,False,False,synced,bid>=98,latest_quote,1.0,75.6299999999901,2.833755156254022,21.950173054802452,,,85.81821318531686,0.8812814575464742,0.8109172501729387,100.2647669779381,0.7543028551258835,0.7746663058398493,124.98659367274809,0.605104897874182,0.7274453499550837,102.25416630359156,0.7396275646651445,0.7702369943763627,78680.42,53.729999999995925,0.8954999999999321,0.0,713.4955454999418,0.9999999999994448,0.9999999943037552,0.9999999999984994,78657.99,76.15999999998894,0.4231111111110496,0.0,377.0124675555019,0.9999151006923988,0.9987211202156756,0.999886549233197,78666.69,67.45999999999185,0.2248666666666395,0.0,235.8027515333041,0.990658609537622,0.9703945656343844,0.9894459526288152,78723.11,11.039999999993595,0.0183999999999893,0.0,88.7363383999825,0.8119271162389002,0.7611376537815926,0.807248547837554,78792.15,-58.0,-0.0644444444444444,58.0,29.72615777776788,0.6165669348390483,0.5939953751820978,0.6143628741585075,78543.43,190.7200000000012,0.1059555555555562,0.0,151.10224817776833,0.934098818319491,0.8866585201523269,0.930257611290552,78404.69,329.45999999999185,0.0915166666666644,0.0,140.81741318332183,0.9199083874552452,0.8700568994293636,0.9157641717402606,0.0503336941601506,True,0.7998331529199246,0.8634416384591571,0.7746663058398493,heartbeat:38957,two_side_all_heartbeats,0.7762226749775418,0.7746663058398493,0.8430316136594791,0.050333694160150655,0.09755465004491626,2026-05-03 12:15:00+00:00,0.4506673883203014,0.5493326116796986,0.5451093000898326,0.4548906999101674,0.45952601124727455,0.5404739887527255,0.4548906999101674,0.5451093000898326,1.0,0.707066197591804,0.6456789549416088,0.757283098795902,0.7738489597496643,0.7123331529199246,0.6871663058398493,0.765464874827449,0.4483984726334608,0.7560831529199246,0.7836498917519547,0.7285164140878945,0.7622775372265661,0.6871663058398493,0.7338034466579059,0.7053293560892456,0.76291918162486,0.7668812529709467,0.6871663058398493,0.7263155903336491,0.6871663058398493,validation,1,84.0,17.0,16.0,0.84,-7.311874702905328
KXBTC15M-26MAY030830-30,heartbeat:39033,live_heartbeat_two_side,heartbeat:39033:no,2026-05-03 12:17:09.012000+00:00,2026-05-03 12:17:00+00:00,no,no,True,True,1,73.0,71.0,72.0,0.72,28.0,44.0,2.0,78804.24,78851.14,770.988,,39033,False,False,synced,bid>=98,last_decisive_quote,-1.0,46.89999999999418,1.6890753868303547,13.083521687365629,,,111.85351824997576,0.4192983889445457,0.66250096308108,97.18279381124547,0.4825957163887087,0.6853085893811893,122.8076565894187,0.3818980127338018,0.6487314928095291,101.86946537862386,0.4603931101991982,0.677382960424479,78819.89,15.64999999999418,0.2608333333332363,0.0,247.9993699999194,0.9946429150626964,0.9782778407841852,0.9925434372307916,78832.63,28.389999999999414,0.157722222222219,0.0,168.50194066665836,0.958529067914603,0.9149807468058736,0.9509460609184556,78792.13,-12.110000000000582,-0.0403666666666686,12.110000000000582,15.777784399992685,0.5644855180996182,0.5511136871643637,0.5615429743531511,78792.0,-12.24000000000524,-0.0204000000000087,12.24000000000524,31.171844799987447,0.6258018815011386,0.6001852226504384,0.6201968863214279,78680.42,-123.82000000000698,-0.1375777777777855,123.82000000000698,-59.17081573334515,0.2713082790637732,0.3149679786176725,0.2806709858060352,78673.57,-130.66999999999825,-0.0725944444444434,130.66999999999825,-9.06944553333841,0.4628232527073035,0.4705645464107774,0.4645290066899327,78526.32,-277.91999999999825,-0.0771999999999995,277.91999999999825,-12.620273600005454,0.4483381236357862,0.4590749205216203,0.4507024852204298,0.0346914106188106,True,0.7026542946905947,0.6565980358269359,0.6853085893811893,heartbeat:39033,two_side_all_heartbeats,0.6843657464047646,0.5644855180996182,0.6784896804342805,0.03469141061881065,0.07126850719047084,2026-05-03 12:30:00+00:00,0.6293828212376213,0.37061717876237865,0.7025370143809417,0.29746298561905826,0.645234079151042,0.35476592084895797,0.29746298561905826,0.7025370143809417,1.0,0.5909011661955461,0.5433509406523879,0.641450583097773,0.6258991349077349,0.5626542946905946,0.5453085893811893,0.5935513983105183,0.22706573057234047,0.6326542946905946,0.6675925768143568,0.5977160125668325,0.6502057262541262,0.5453085893811893,0.6124489818548681,0.5746922374556098,0.6371688799105379,0.6535824240942654,0.5453085893811893,0.5694299938458538,0.5453085893811893,validation,2,75.0,27.0,25.0,0.75,-9.641757590573462
KXBTC15M-26MAY030845-45,heartbeat:39099,live_heartbeat_two_side,heartbeat:39099:no,2026-05-03 12:32:10.539000+00:00,2026-05-03 12:32:00+00:00,no,no,True,True,1,73.0,71.0,72.0,0.72,28.0,44.0,2.0,78745.19,78769.45,769.461,,39099,False,False,synced,bid>=98,latest_quote,-1.0,24.25999999999476,0.8745758689402396,6.774435550800857,,,28.092252418935576,0.8635832982777242,0.8060915788452332,26.108505494234528,0.9291991073695136,0.8236070450208184,73.2495175531085,0.3311967206119193,0.6297520514258361,102.71319731042882,0.2361916543856975,0.5933580224111649,78760.01,14.819999999992431,0.2469999999998738,0.0,214.3168669998977,1.0,0.998282399748066,0.981535868644859,78774.88,29.69000000000233,0.1649444444444573,0.0,151.17831716667138,0.9999999964887516,0.9804855188672283,0.929469171439105,78771.78,26.589999999996508,0.0886333333333217,0.0,92.4598932999858,0.9998009729605408,0.8965722726041941,0.8159865418710305,78784.02,38.83000000000175,0.0647166666666695,0.0,74.056951049997,0.9977194990097036,0.8439973024304173,0.7645474463381008,78804.24,59.05000000000291,0.0656111111111143,0.0,74.74519116666391,0.9979008693972384,0.8462350798725218,0.7666037517465621,78680.42,-64.77000000000407,-0.0359833333333355,64.77000000000407,-3.427771650006978,0.447773163717701,0.4813379780324703,0.4866888648438239,78518.49,-226.6999999999971,-0.0629722222222214,226.6999999999971,-24.19466908333795,0.1770419838717961,0.3705848237278079,0.4068887640204566,-0.1036070450208184,True,0.7718035225104092,0.847802672660453,0.72,heartbeat:39099,two_side_all_heartbeats,0.674876025712918,0.72,0.8070423080983538,0.10360704502081841,0.09024794857416385,2026-05-03 12:45:00+00:00,0.352785909958363,0.647214090041637,0.7404958971483278,0.25950410285167225,0.8132839551776703,0.18671604482232973,0.25950410285167225,0.7404958971483278,0.0,0.7706891585270639,0.518677666853587,0.731344579263532,0.759324676559586,0.6318035225104093,0.6836070450208185,0.7997637171025174,0.747194187337691,0.7018035225104092,0.7090821135062455,0.694524931514573,0.7424046966805457,0.6836070450208185,0.7127497987573513,0.6830949008341571,0.7021234173378189,0.747491824207627,0.6836070450208185,0.7416853810616679,0.6836070450208185,validation,2,75.0,27.0,25.0,0.75,-0.2508175792372924
KXBTC15M-26MAY030900-00,heartbeat:39176,live_heartbeat_two_side,heartbeat:39176:yes,2026-05-03 12:48:12.220000+00:00,2026-05-03 12:48:00+00:00,yes,no,True,False,1,83.0,82.0,82.5,0.825,17.5,65.0,1.0,78815.33,78753.4,707.78,,39176,True,False,synced,bid>=98,latest_quote,1.0,61.93000000000757,2.327833622876872,18.031321708287603,,,101.98704712414298,0.6072339747676363,0.7281521758919547,84.05615485602164,0.7367693669319804,0.7693686925621993,65.0778350253207,0.951629690445474,0.8293575907829662,78.71874266107089,0.7867249641759595,0.7842785565062378,78767.26,48.070000000006985,0.801166666666783,0.0,628.9797433334232,0.9999999999999636,1.0,0.9999999999999992,78786.01,29.320000000006985,0.1628888888889277,0.0,177.21949777781282,0.9824994846614804,0.9967672851961366,0.9878167255491612,78771.64,43.69000000000233,0.145633333333341,0.0,165.0063606666797,0.975179766515227,0.994386025490313,0.9819655950573158,78723.65,91.68000000000757,0.1528000000000126,0.0,170.0787840000165,0.978483768436029,0.9955185650188088,0.9846364168967908,78722.14,93.19000000000231,0.103544444444447,0.0,135.21668688889827,0.9461532317476284,0.9811346647336956,0.9570760670513796,78796.98,18.35000000000582,0.0101944444444476,0.0,69.14542388889875,0.7946350622610479,0.8559964024881601,0.8101327996984382,78792.15,23.180000000007567,0.0064388888888909,0.0,66.48731677778683,0.7855241800041715,0.8465286965433808,0.8008380987318671,0.0556313074378006,True,0.7971843462810997,0.8565161530258089,0.7693686925621993,heartbeat:39176,two_side_all_heartbeats,0.8271787953914831,0.7693686925621993,0.8383465610717051,0.05563130743780065,0.00435759078296627,2026-05-03 13:00:00+00:00,0.4612626148756014,0.5387373851243986,0.34128481843406755,0.6587151815659325,0.4314428869875244,0.5685571130124756,0.5387373851243986,0.4612626148756014,0.0,0.7001793003308591,0.778164868017856,0.7538396501654295,0.7688576268169522,0.7096843462810996,0.6818686925621993,0.8097202995841449,0.6362553617759213,0.7534343462810996,0.7820606077686597,0.7248080847935394,0.7587457950414662,0.6818686925621993,0.7292888285309345,0.6998318620204026,0.7606934621894428,0.7636098572346337,0.6818686925621993,0.7457944960731722,0.6818686925621993,validation,1,84.0,-83.0,-84.0,0.84,-7.639014276536628
KXBTC15M-26MAY030915-15,heartbeat:39266,live_heartbeat_two_side,heartbeat:39266:no,2026-05-03 13:04:13.661000+00:00,2026-05-03 13:04:00+00:00,no,yes,True,False,1,73.0,72.0,72.5,0.725,27.5,45.0,1.0,78712.81,78742.29,646.339,,39266,False,False,synced,bid>=98,latest_quote,-1.0,29.479999999995925,1.1595708738630617,8.981997366437636,,,58.19435979062047,0.5065783025376179,0.6937746321921077,51.43800763106732,0.5731170657199155,0.7167172835064628,68.32495510723308,0.4314675355984989,0.6669357734917932,64.06523513132551,0.4601559635200856,0.6772978615347175,78730.31,17.5,0.2916666666666667,0.0,217.99554166666263,0.9999887252466312,0.9992900374334248,0.9996663970975432,78717.37,4.559999999997672,0.0253333333333204,0.0,45.8539213333209,0.813653540774683,0.7489264529982292,0.7629234196478312,78744.3,31.49000000000524,0.1049666666666841,0.0,97.32405036667387,0.970758834957679,0.9228388439373312,0.9356363484716032,78760.96,48.15000000000873,0.0802500000000145,0.0,81.34870475000534,0.9431170005266076,0.8830975863053557,0.8979183589142601,78804.03,91.22000000000116,0.1013555555555568,0.0,94.990048422219,0.9676039507786144,0.9177763548779234,0.9309240203125584,78700.03,-12.779999999998836,-0.0070999999999993,12.779999999998836,24.890993099996344,0.6857725539808706,0.6421841581869017,0.6511864964954844,78755.57,42.76000000000931,0.0118777777777803,0.0,37.15707101110871,0.7649652766382169,0.7067203188954334,0.7190386629160789,0.0082827164935371,True,0.7208586417532314,0.804158706154714,0.7167172835064628,heartbeat:39266,two_side_all_heartbeats,0.6959678867458966,0.7167172835064628,0.7716669520434747,0.008282716493537179,0.05806422650820675,2026-05-03 13:15:00+00:00,0.5665654329870744,0.4334345670129256,0.6661284530164135,0.33387154698358645,0.645404276930565,0.354595723069435,0.33387154698358645,0.6661284530164135,0.0,0.6317324685584016,0.5670165055393311,0.6646162342792008,0.6891921177749687,0.5833586417532314,0.5792172835064628,0.7425104087447673,0.5305104505086935,0.6521086417532314,0.6812651850519388,0.6229520984545239,0.6736448556709753,0.5792172835064628,0.6402168842578229,0.6067889128446704,0.655765653706675,0.6767915613592888,0.5792172835064628,0.6608638461256151,0.5792172835064628,validation,2,75.0,-73.0,-75.0,0.75,-7.320843864071122
KXBTC15M-26MAY030930-30,heartbeat:39345,live_heartbeat_two_side,heartbeat:39345:no,2026-05-03 13:19:14.940000+00:00,2026-05-03 13:19:00+00:00,no,no,True,True,1,87.0,86.0,86.5,0.865,13.5,73.0,1.0,78696.86,78744.42,645.06,,39345,False,False,synced,bid>=98,last_decisive_quote,-1.0,47.55999999999767,1.8725860762170248,14.50498937505686,,,40.75502090928325,1.166972778786242,0.8783893186302969,43.45587184477217,1.0944435810627795,0.8631197605432115,47.49528255122404,1.001362607932774,0.8416742326637734,55.15726041214869,0.8622618245470786,0.8057282724180724,78728.12,31.25999999999476,0.5209999999999126,0.0,383.6362599999413,1.0,0.9999999999999996,0.9999999999982412,78740.51,43.64999999999418,0.2424999999999676,0.0,203.9870499999768,0.9999986612117562,0.9999912610310004,0.9998914677565256,78750.73,53.86999999999534,0.1795666666666511,0.0,163.39127399998765,0.9999150214049324,0.99970931260851,0.9984731524755952,78721.95,25.089999999996508,0.0418166666666608,0.0,74.53425899999391,0.956843076466492,0.941710758303723,0.9117010583608756,78712.81,15.94999999999709,0.0177222222222189,0.0,58.99189666666225,0.9126908149721822,0.892892422291898,0.8575827117071053,78804.03,107.16999999999824,0.0595388888888879,0.0,85.96615566666371,0.9760491961293672,0.9648516072625952,0.9404502710782914,78784.19,87.33000000000175,0.0242583333333338,0.0,63.20808049999798,0.927100962124384,0.908377292875001,0.8740943973238137,0.0018802394567885,True,0.8640598802716057,0.9093449273160479,0.8631197605432115,heartbeat:39345,two_side_all_heartbeats,0.8533371163318867,0.8631197605432115,0.8914189324439499,0.0018802394567885017,0.0233257673362266,2026-05-03 13:30:00+00:00,0.273760478913577,0.726239521086423,0.3166515346724532,0.6833484653275468,0.38854345516385513,0.6114565448361449,0.6833484653275468,0.3166515346724532,0.0,0.8220556887061748,0.7941765024629054,0.8367778443530874,0.8502693464935807,0.7965598802716057,0.7956197605432115,0.8775428845525922,0.8262310232269162,0.8303098802716058,0.8441859281629633,0.816433832380248,0.8412465070288077,0.7956197605432115,0.8251104510193127,0.8089743950098176,0.8331748084619695,0.8436991990288192,0.7956197605432115,0.8365813225479019,0.7956197605432115,validation,1,88.0,13.0,12.0,0.88,-3.630080097118082
KXBTC15M-26MAY030945-45,heartbeat:39402,live_heartbeat_two_side,heartbeat:39402:yes,2026-05-03 13:32:01.053000+00:00,2026-05-03 13:32:00+00:00,yes,no,True,False,1,73.0,72.0,72.5,0.725,27.5,45.0,1.0,78669.61,78625.48,778.947,,39402,False,False,synced,bid>=98,last_decisive_quote,1.0,44.13000000000466,1.5811751232311622,12.247729839423505,,,67.35559633837083,0.6551794119424176,0.7438238759371544,61.16586188452151,0.7214808823150434,0.7646931505841132,51.65494352604849,0.854322877688383,0.8035369427273971,65.09831638453106,0.6778977161149903,0.7510817259099478,78643.04,26.570000000006985,0.4428333333334497,0.0,389.07369650009537,0.9999999998997526,0.999999999999975,0.9999999988615484,78621.59,48.02000000000408,0.2667777777778004,0.0,251.93574966668896,0.9999809653046818,0.9999994622131616,0.999945600374294,78650.01,19.60000000000582,0.0653333333333527,0.0,95.02120400001976,0.93984820866757,0.9670819138565854,0.927807797930531,78656.18,13.430000000007569,0.0223833333333459,0.0,61.56543035001448,0.8429202667056448,0.8833418113475491,0.8278568399536099,78733.22,-63.61000000000058,-0.0706777777777784,63.61000000000058,-10.924242966662511,0.4291257686434025,0.4162544387748998,0.4333658066088806,78734.7,-65.08999999999651,-0.0361611111111091,65.08999999999651,15.9624109833395,0.6029419015124075,0.6213468459130901,0.596851018483512,78745.19,-75.58000000000175,-0.0209944444444449,75.58000000000175,27.776440483337613,0.6751275896445825,0.7046184528007571,0.6651954174498806,-0.0396931505841132,True,0.7448465752920566,0.809847119750561,0.725,heartbeat:39402,two_side_all_heartbeats,0.7642684713636985,0.725,0.779877586908748,0.03969315058411327,0.07853694272739709,2026-05-03 13:45:00+00:00,0.4706136988317735,0.5293863011682265,0.3929261145452059,0.6070738854547941,0.49783654818010437,0.5021634518198956,0.5293863011682265,0.4706136988317735,1.0,0.6941010957593472,0.7445980255456162,0.6958005478796736,0.7172853687464306,0.6073465752920566,0.6271931505841132,0.7103162170255706,0.4233711220349835,0.6760965752920566,0.6956579451752339,0.6565352054088792,0.7056287670560755,0.6271931505841132,0.6767381803557739,0.6478475936554724,0.6780440071286328,0.7087648855154739,0.6271931505841132,0.6687546838048419,0.6271931505841132,validation,2,75.0,-73.0,-75.0,0.75,-4.123511448452604
KXBTC15M-26MAY031000-00,heartbeat:39490,live_heartbeat_two_side,heartbeat:39490:yes,2026-05-03 13:47:32.299000+00:00,2026-05-03 13:47:00+00:00,yes,yes,True,True,1,83.0,82.0,82.5,0.825,17.5,65.0,1.0,78656.16,78594.85,747.701,,39490,False,False,synced,bid>=98,last_decisive_quote,1.0,61.30999999999767,2.242163793958205,17.367726066938737,,,146.68859792843674,0.4179602291236587,0.662011902271251,91.6750010992929,0.6687755578382051,0.7481806696813569,76.33035986280025,0.8032190613302378,0.7890759349596632,67.29326610855071,0.911086703699276,0.8188751541842767,78599.85,56.30999999999767,0.9384999999999613,0.0,763.0273884999687,1.0,1.0,1.0,78581.55,74.61000000000058,0.4145000000000032,0.0,371.2320645000001,0.9999743294098296,0.9999994233354066,0.9999999827219256,78642.36,13.80000000000291,0.0460000000000097,0.0,95.70424600000491,0.8517460628712057,0.8950456003610432,0.92251538941429,78675.22,-19.05999999999767,-0.0317666666666627,19.05999999999767,37.55803156666724,0.6589821177332301,0.6886565101899669,0.711620370280289,78669.61,-13.44999999999709,-0.0149444444444412,13.44999999999709,50.13602394444453,0.7077724068994583,0.7443546888697494,0.7718755520771705,78733.22,-77.05999999999767,-0.0428111111111098,77.05999999999767,29.300089411109752,0.6253673515452165,0.649458491961803,0.6683671874487507,78767.26,-111.09999999999128,-0.0308611111111086,111.09999999999128,38.2351163611106,0.6616872884742739,0.6917849613843401,0.7150457860623496,0.076819330318643,True,0.7865903348406784,0.8083089108508542,0.7481806696813569,heartbeat:39490,two_side_all_heartbeats,0.8070379674798316,0.7481806696813569,0.8073034134786482,0.07681933031864308,0.03592406504033674,2026-05-03 14:00:00+00:00,0.5036386606372862,0.49636133936271376,0.42184813008067357,0.5781518699193264,0.3622496916314466,0.6377503083685534,0.49636133936271376,0.5036386606372862,0.2689999999999418,0.672634870585764,0.7257987154475621,0.7400674352928819,0.7427420415800025,0.6990903348406784,0.6606806696813569,0.7609895474149226,0.5277359456498459,0.7428403348406785,0.775704200904407,0.7099764687769498,0.7446204464542379,0.6606806696813569,0.7110552934649593,0.6774901404756809,0.7518424927014552,0.7506258595241386,0.6606806696813569,0.7108351085481397,0.6606806696813569,validation,1,84.0,17.0,16.0,0.84,-8.937414047586131
KXBTC15M-26MAY031015-15,heartbeat:39584,live_heartbeat_two_side,heartbeat:39584:yes,2026-05-03 14:03:03.797000+00:00,2026-05-03 14:03:00+00:00,yes,yes,True,True,1,78.0,77.0,77.5,0.775,22.5,55.0,1.0,78727.94,78669.61,716.203,,39584,True,False,synced,bid>=98,latest_quote,1.0,58.33000000000175,2.1795854923559386,16.882996627059686,,,79.16335200532875,0.7368308506703375,0.7693873901961555,72.03949827731465,0.8096947007523781,0.7909421677729107,81.10258947280666,0.7192125477024324,0.7639950153290656,67.02783414997998,0.8702354885805178,0.8079141372478801,78695.96,31.979999999995925,0.5329999999999321,0.0,440.0661989999531,0.9999999994977056,0.9999999711915796,0.9999999999740576,78659.99,67.94999999999709,0.3774999999999838,0.0,328.6966324999902,0.9999974753388128,0.9999747012807336,0.9999995301968034,78689.86,38.08000000000175,0.1269333333333391,0.0,149.24003413333924,0.98085056952746,0.9671260801837992,0.9870109238562452,78634.02,93.91999999999824,0.1565333333333304,0.0,170.439642933333,0.991007319058393,0.9822028301500974,0.9945018895574144,78645.81,82.13000000000466,0.0912555555555607,0.0,123.687502655561,0.9570049405403414,0.9363797594448564,0.9675041729678178,78666.55,61.38999999999942,0.0341055555555552,0.0,82.75650120555707,0.8746736868964575,0.8462289047168623,0.8915212309952497,78730.31,-2.3699999999953434,-0.000658333333332,2.3699999999953434,57.85849969166934,0.7890558858216836,0.7622005292120642,0.8059865435354823,-0.0159421677729106,True,0.7829710838864554,0.848930912433457,0.775,heartbeat:39584,two_side_all_heartbeats,0.7694975076645327,0.775,0.8209527642373652,0.015942167772910687,0.01100498467093447,2026-05-03 14:15:00+00:00,0.4181156644541786,0.5818843355458214,0.4720099693418689,0.5279900306581311,0.38417172550423984,0.6158282744957602,0.5279900306581311,0.4720099693418689,0.0,0.7282248181047839,0.6931935199277852,0.740362409052392,0.7609474660051381,0.6704710838864554,0.6784421677729108,0.8016411977919474,0.6799693924985675,0.7267210838864554,0.7460326503318733,0.7074095174410375,0.7481281118486072,0.6784421677729108,0.7232764308872995,0.6984247499259919,0.7294220395927132,0.7511333762655558,0.6784421677729108,0.7400416827824291,0.6784421677729108,validation,2,80.0,22.0,20.0,0.8,-4.886662373444423
KXBTC15M-26MAY031030-30,heartbeat:39671,live_heartbeat_two_side,heartbeat:39671:no,2026-05-03 14:19:05.141000+00:00,2026-05-03 14:19:00+00:00,no,no,True,True,1,82.0,81.0,81.5,0.815,18.5,63.0,1.0,78662.26,78719.28,654.859,,39671,False,False,synced,bid>=98,latest_quote,-1.0,57.02000000000408,2.228195601979461,17.25952891711812,,,90.73789873472374,0.6284033551041838,0.7351301301254546,76.31635606989666,0.7471530735532049,0.7725144167431061,77.6988358261837,0.7338591292096159,0.7684827006418127,73.1184580069398,0.7798304498515574,0.7822546596532927,78701.17,38.91000000000349,0.6485000000000583,0.0,481.6960615000422,0.9999999998621248,0.9999999997168352,0.9999999999776934,78747.97,85.7100000000064,0.4761666666667022,0.0,368.8420271666941,0.9999993277708856,0.9999989680913822,0.999999772579974,78716.1,53.84000000001106,0.1794666666667035,0.0,174.5453618666949,0.9889058567773646,0.9876619114809472,0.9915104195933956,78708.79,46.52999999999884,0.077549999999998,0.0,107.8043154500028,0.9211129894668656,0.917349796043014,0.9298102057789784,78764.85,102.59000000001106,0.1139888888889011,0.0,131.666649788901,0.9577609767539388,0.9549221407523876,0.964127329381772,78643.69,-18.569999999992437,-0.0103166666666624,18.569999999992437,50.26403798334016,0.7449324464081829,0.7411544205614231,0.754095033156514,78696.86,34.60000000000582,0.0096111111111127,0.0,63.31392261111625,0.7966244541734503,0.7924246923523861,0.8067299354827053,0.0424855832568938,True,0.793757208371553,0.8588067578401568,0.7725144167431061,heartbeat:39671,two_side_all_heartbeats,0.7917413503209063,0.7725144167431061,0.8370354963784047,0.04248558325689389,0.04651729935818727,2026-05-03 14:30:00+00:00,0.4549711665137879,0.5450288334862121,0.46303459871637465,0.5369654012836254,0.4354906806934147,0.5645093193065853,0.5369654012836254,0.46303459871637465,0.0,0.7042687417660378,0.6990275108343564,0.7503843708830189,0.7677749565607555,0.7012572083715529,0.6800144167431059,0.8100383797270259,0.6439194191639486,0.7475072083715529,0.7745043250229317,0.7205100917201741,0.755842944495404,0.6800144167431059,0.7276657361762074,0.6994885278570109,0.7536797774558457,0.7600726861568033,0.6800144167431059,0.7450263982350659,0.6800144167431059,validation,2,84.0,18.0,16.0,0.84,-7.992731384319669
KXBTC15M-26MAY031100-00,heartbeat:39802,live_heartbeat_two_side,heartbeat:39802:no,2026-05-03 14:49:08.251000+00:00,2026-05-03 14:49:00+00:00,no,yes,True,False,1,85.0,84.0,84.5,0.845,15.5,69.0,1.0,78645.98,78702.85,651.749,,39802,False,False,synced,bid>=98,last_decisive_quote,-1.0,56.870000000009895,2.227629915408931,17.255147127784458,,,58.22701914939353,0.9766943393426698,0.8356397507885495,48.077951838161134,1.182870688656712,0.881569800061537,55.72230233792951,1.020596738001243,0.8462772322093693,66.94757648829557,0.8494706303513835,0.8021902670100874,78685.02,39.04000000000815,0.6506666666668025,0.0,480.9413493334318,1.0,1.0,0.9999999999996612,78705.31,59.33000000000175,0.3296111111111208,0.0,271.6937120555718,0.9999999920291692,0.999999458301546,0.9999752849520211,78704.61,58.63000000000466,0.1954333333333488,0.0,184.2434795666867,0.9999364942367596,0.9995275832553828,0.997038880362076,78699.97,53.99000000000524,0.089983333333342,0.0,115.51654751668224,0.991862572992231,0.9809173796098524,0.9577792866568052,78697.69,51.7100000000064,0.0574555555555626,0.0,94.31660087779233,0.9751038122302684,0.9547359481586952,0.920554731378145,78662.26,16.279999999998836,0.0090444444444437,0.0,62.7647076222317,0.9041349303924372,0.8699984836257533,0.8257544898847733,78643.69,-2.289999999993597,-0.0006361111111093,2.289999999993597,56.455415219455496,0.8798520493705717,0.8445073030604634,0.8004634947660446,-0.0365698000615369,True,0.8632849000307685,0.9088354314327655,0.845,heartbeat:39802,two_side_all_heartbeats,0.8456386161046847,0.845,0.8869582388658129,0.03656980006153698,0.0012772322093693722,2026-05-03 15:00:00+00:00,0.2368603998769261,0.7631396001230739,0.3074455355812613,0.6925544644187387,0.3956194659798251,0.6043805340201749,0.6925544644187387,0.3074455355812613,0.0,0.846040740079998,0.8001604018721801,0.837770370039999,0.8532640194636749,0.7857849000307684,0.8040698000615369,0.8787721988781204,0.8631332495467499,0.8245349000307685,0.832720940018461,0.8163488600430757,0.8435465333743579,0.8040698000615369,0.8277185680180448,0.8118906026617316,0.825479117229395,0.846196160674194,0.8040698000615369,0.8414209994698287,0.8040698000615369,validation,1,86.0,-85.0,-86.0,0.86,-1.3803839325805995
KXBTC15M-26MAY031115-15,heartbeat:39926,live_heartbeat_two_side,heartbeat:39926:yes,2026-05-03 15:05:24.602000+00:00,2026-05-03 15:05:00+00:00,yes,no,True,False,1,74.0,73.0,73.5,0.735,26.5,47.0,1.0,78785.0,78740.6,575.398,,39926,True,False,synced,bid>=98,latest_quote,1.0,44.39999999999418,1.8509675119263207,14.337532696123237,,,80.25134465770907,0.5532617576611415,0.7099579082116758,72.1107763977183,0.6157193448467582,0.7309601162590467,62.995512162692016,0.7048121124140856,0.7595364151209512,61.80181338817409,0.7184255212888335,0.7637525223246022,78756.5,28.5,0.475,0.0,317.7140499999942,0.9999947331198752,0.9999997713812264,0.9999998632531586,78753.51,31.49000000000524,0.1749444444444735,0.0,145.0626834444554,0.9778723383753288,0.9893534396470212,0.990543053287838,78715.97,69.02999999999884,0.2300999999999961,0.0,176.79907979999194,0.9928922367229156,0.997496122709041,0.9978867497057564,78738.04,46.9600000000064,0.0782666666666773,0.0,89.43448346666699,0.8925562047663691,0.9221519142180252,0.9260679862284242,78671.25,113.75,0.1263888888888888,0.0,117.12391388888308,0.947835787951939,0.9685035913305826,0.970963956018553,78704.61,80.38999999999942,0.0446611111111107,0.0,70.0979140111051,0.8344962472888215,0.8670909259063928,0.8716524621694873,78719.59,65.41000000000349,0.0181694444444454,0.0,54.854661994439184,0.7765818393447874,0.808060385137146,0.8126192910684416,0.0040398837409533,True,0.7329800581295234,0.8196174509939874,0.7309601162590467,heartbeat:39926,two_side_all_heartbeats,0.7472682075604755,0.7309601162590467,0.7853664822222972,0.004039883740953321,0.02453641512095117,2026-05-03 15:15:00+00:00,0.5380797674819067,0.46192023251809333,0.4809271697580977,0.5190728302419023,0.47249495535079555,0.5275050446492044,0.46192023251809333,0.5380797674819067,0.0,0.6502481511367607,0.6873973396572365,0.6793740755683803,0.7051632992406719,0.6004800581295233,0.5984601162590467,0.7580585054741065,0.5612094561903849,0.6667300581295234,0.694038034877714,0.6394220813813327,0.6881400775060311,0.5984601162590467,0.6564227012166174,0.6247053249272038,0.6703120713061413,0.6913057689513387,0.5984601162590467,0.6782593108665766,0.5984601162590467,validation,2,76.0,-74.0,-76.0,0.76,-6.869423104866129
KXBTC15M-26MAY031130-30,heartbeat:40021,live_heartbeat_two_side,heartbeat:40021:no,2026-05-03 15:22:56.455000+00:00,2026-05-03 15:22:00+00:00,no,yes,True,False,1,69.0,68.0,68.5,0.685,31.5,37.0,1.0,78708.92,78733.41,423.545,,40021,False,False,synced,bid>=98,last_decisive_quote,-1.0,24.49000000000524,1.189978200503712,9.217531505801494,,,27.635897568343108,0.8861662603663182,0.8122360290823781,40.958512872606335,0.5979220992758386,0.7250540432992653,52.250044296049325,0.4687077366144348,0.6803607219209802,46.72579641353151,0.5241216176020722,0.6999030231413828,78732.3,23.380000000004657,0.3896666666667442,0.0,189.53136833337143,0.9999981485635728,0.999856850508734,0.999975066230723,78753.05,44.13000000000466,0.2451666666666925,0.0,128.32911583334953,0.9991352913085584,0.9929764670285494,0.9969876103394038,78754.22,45.30000000000291,0.1510000000000097,0.0,88.44529500000935,0.9845899361698192,0.9547467051798024,0.9708116184069048,78715.02,6.100000000005821,0.0101666666666763,0.0,28.79604083334268,0.758988909550947,0.7092242684944224,0.7311441927658094,78765.01,56.08999999999651,0.0623222222222183,0.0,50.88626561111471,0.8929528325735214,0.8349466535158363,0.8619318968189794,78713.82,4.900000000008731,0.002722222222227,0.0,25.642983611118403,0.7343661859758168,0.6882069873018194,0.708427664668118,78618.12,-90.80000000000292,-0.025222222222223,90.80000000000292,13.807253888893785,0.6319805222227396,0.6042076821475663,0.616192234297052,-0.0400540432992652,True,0.7050270216496326,0.7982146598230281,0.685,heartbeat:40021,two_side_all_heartbeats,0.6826803609604901,0.685,0.7569342002237435,0.04005404329926521,0.004639278079019871,2026-05-03 15:30:00+00:00,0.5498919134014695,0.4501080865985305,0.6392785561580396,0.36072144384196037,0.6001939537172345,0.3998060462827655,0.36072144384196037,0.6392785561580396,0.0,0.6425702562890447,0.5844689384972742,0.6480351281445226,0.6779941217615044,0.5475270216496326,0.5675540432992652,0.7334450088835965,0.5485670802155125,0.6262770216496326,0.6497662129897795,0.6027878303094856,0.6592026955328435,0.5675540432992652,0.6257844166315985,0.5923661377303535,0.6281672756052679,0.6621295774475279,0.5675540432992652,0.6504995260914308,0.5675540432992652,holdout,2,71.0,-69.0,-71.0,0.71,-4.787042255247215
KXBTC15M-26MAY031145-45,heartbeat:40072,live_heartbeat_two_side,heartbeat:40072:no,2026-05-03 15:34:12.535000+00:00,2026-05-03 15:34:00+00:00,no,no,True,True,1,73.0,71.0,72.0,0.72,28.0,44.0,2.0,78718.45,78752.02,647.465,,40072,False,False,synced,bid>=98,latest_quote,-1.0,33.570000000006985,1.319298877349036,10.219245161285912,,,71.31012039616675,0.470760669222086,0.6810941729335159,54.59094706285164,0.614937124306658,0.7307018777131631,53.498827670563415,0.6274903855225628,0.734831081743494,59.20535153716418,0.5670095545152627,0.7146461548826442,78727.08,8.630000000004657,0.1438333333334109,0.0,126.6970491667239,0.9898523563251512,0.991063073086311,0.9838209764292822,78766.02,47.570000000006985,0.2642777777778166,0.0,204.680611388921,0.999911353533078,0.9999348496751675,0.9997270195454566,78759.5,41.05000000000291,0.136833333333343,0.0,122.16479416667993,0.9873836505889252,0.9887996551964536,0.9804630582690592,78713.23,-5.220000000001164,-0.0087000000000019,5.220000000001164,27.93705450000573,0.6955878865832505,0.6992342402567475,0.6814891553807333,78753.05,34.60000000000582,0.0384444444444509,0.0,58.4614322222334,0.8578927485690864,0.8627506245984939,0.8382852664887547,78756.5,38.05000000000291,0.0211388888888905,0.0,47.25669069445247,0.8066591241409482,0.8114688358899773,0.7876177787863077,78697.69,-20.75999999999476,-0.0057666666666652,20.75999999999476,29.836285166674596,0.7076535376372208,0.7114753007812631,0.6928502493185288,-0.0107018777131631,True,0.7253509388565815,0.8126951761006961,0.72,heartbeat:40072,two_side_all_heartbeats,0.727415540871747,0.72,0.7766872934317339,0.01070187771316311,0.014831081743494012,2026-05-03 15:45:00+00:00,0.5385962445736738,0.46140375542632617,0.530337836513012,0.46966216348698797,0.5707076902347117,0.4292923097652883,0.46140375542632617,0.5385962445736738,0.0,0.649912441027112,0.6552804062665422,0.670956220513556,0.6976945855724486,0.5853509388565815,0.5907018777131631,0.7508276689743665,0.5601421204852187,0.6553509388565815,0.6812105633139489,0.6294913143992141,0.6804679184754421,0.5907018777131631,0.64865573762636,0.616843556777278,0.6582858370458129,0.6834859777318318,0.5907018777131631,0.6707647733437647,0.5907018777131631,holdout,2,75.0,27.0,25.0,0.75,-6.651402226816813
KXBTC15M-26MAY031200-00,heartbeat:40141,live_heartbeat_two_side,heartbeat:40141:no,2026-05-03 15:50:14.128000+00:00,2026-05-03 15:50:00+00:00,no,no,True,True,1,80.0,79.0,79.5,0.795,20.5,59.0,1.0,78656.2,78694.32,585.872,,40141,False,False,synced,bid>=98,last_decisive_quote,-1.0,38.120000000009895,1.574894696920728,12.199081866408712,,,66.4723593512273,0.5734714454558634,0.7168372361886792,44.22109480600439,0.8620320271861275,0.805665053051547,47.37356436326664,0.8046681838778436,0.789494407918916,55.20709819128275,0.6904909196265105,0.7550572408504289,78699.68,43.479999999995925,0.7246666666665987,0.0,462.6819093333034,1.0,1.0,1.0,78693.4,37.19999999999709,0.2066666666666505,0.0,159.20021333333375,0.9998409505130816,0.9996110324834302,0.9980347790620528,78683.86,27.66000000000349,0.0922000000000116,0.0,92.1373984000167,0.9813999925441396,0.974107195159605,0.9524354791355956,78679.23,23.02999999999884,0.0383833333333313,0.0,60.60772026667543,0.914744119793074,0.8996143865076154,0.8638594949996843,78719.74,63.54000000000815,0.070600000000009,0.0,79.48256320001519,0.9638631536470031,0.9533052700385818,0.9250261704784998,78743.19,86.99000000000524,0.0483277777777806,0.0,66.43389182223382,0.9334917549862248,0.9195932793153148,0.8855810532000211,78671.25,15.05000000000291,0.0041805555555563,0.0,40.569270444454816,0.8205384272703216,0.804103254930535,0.7687864182435922,-0.0106650530515469,True,0.8003325265257735,0.8606883485318955,0.795,heartbeat:40141,two_side_all_heartbeats,0.792247203959458,0.795,0.835479514424292,0.010665053051546969,0.005505592081084032,2026-05-03 16:00:00+00:00,0.388669893896906,0.611330106103094,0.421011184162168,0.578988815837832,0.4898855182991422,0.5101144817008578,0.578988815837832,0.421011184162168,0.0,0.7473645689670111,0.7263427302945907,0.7609322844835056,0.7795722837379195,0.6978325265257735,0.703165053051547,0.8171125250346015,0.709470105357508,0.7490825265257735,0.7674495159154641,0.7307155371360828,0.7679433687010313,0.703165053051547,0.7449375416386823,0.7219317145763333,0.7519190871313471,0.7708783464849608,0.703165053051547,0.7601387890430742,0.703165053051547,holdout,2,82.0,20.0,18.0,0.82,-4.912165351503916
KXBTC15M-26MAY031215-15,heartbeat:40206,live_heartbeat_two_side,heartbeat:40206:yes,2026-05-03 16:05:00.806000+00:00,2026-05-03 16:05:00+00:00,yes,no,True,False,1,74.0,73.0,73.5,0.735,26.5,47.0,1.0,78683.16,78655.98,599.194,,40206,False,False,synced,bid>=98,latest_quote,1.0,27.180000000007567,1.11036489920294,8.600849525652528,,,42.12832982689997,0.6451715534816306,0.7405919907733968,56.74007142877672,0.4790265383103264,0.6840401253709394,51.13111998614129,0.5315745089756395,0.7024896381365108,49.349594443257054,0.5507644045841058,0.7091024059422907,78676.93,6.230000000010477,0.1038333333335079,0.0,89.39631033344553,0.94243419172022,0.9598003388266552,0.9649675033307532,78655.65,27.510000000009317,0.152833333333385,0.0,118.7568163333719,0.9818253022350064,0.98989950482638,0.9919455653425,78656.83,26.330000000001743,0.0877666666666724,0.0,79.76926006667772,0.9201188852943872,0.940630949487392,0.9469973308940008,78655.0,28.16000000000349,0.0469333333333391,0.0,55.30217173334439,0.8351350649335247,0.8602794241153902,0.8687753019850641,78656.2,26.960000000006403,0.0299555555555626,0.0,45.12918915556739,0.7868000198444173,0.8112783450870955,0.8197675100122233,78719.74,-36.58000000000175,-0.0203222222222231,36.58000000000175,15.003046377784765,0.6042707402009844,0.6154005745513704,0.619441995433936,78785.0,-101.83999999999652,-0.0282888888888879,101.83999999999652,10.22946751111926,0.5715361637471413,0.5792845151614027,0.5821066473722734,0.0509598746290606,True,0.7095200626854696,0.7797196702217755,0.6840401253709394,heartbeat:40206,two_side_all_heartbeats,0.7187448190682554,0.6840401253709394,0.7567358146701593,0.0509598746290606,0.03251036186348921,2026-05-03 16:15:00+00:00,0.6319197492581212,0.3680802507418788,0.5950207237269785,0.40497927627302155,0.5817951881154186,0.41820481188458136,0.3680802507418788,0.6319197492581212,0.0,0.5892521629822212,0.613236529577464,0.6488760814911106,0.6673879700205494,0.5770200626854697,0.5515401253709393,0.7200438397443472,0.46009213927131754,0.6432700626854697,0.6799620376112817,0.6065780877596575,0.6568600835806262,0.5515401253709393,0.6181982001045201,0.579536316628414,0.6487428933482048,0.6607143310019232,0.5515401253709393,0.6357919825576432,0.5515401253709393,holdout,2,76.0,-74.0,-76.0,0.76,-9.928566899807677
KXBTC15M-26MAY031230-30,heartbeat:40288,live_heartbeat_two_side,heartbeat:40288:yes,2026-05-03 16:24:02.794000+00:00,2026-05-03 16:24:00+00:00,yes,yes,True,True,1,76.0,75.0,75.5,0.755,24.5,51.0,1.0,78638.86,78615.51,357.206,,40288,False,False,synced,bid>=98,last_decisive_quote,1.0,23.35000000000582,1.235456652726219,9.569806081939614,,,54.70860895355278,0.4268066844804956,0.6652399313207024,39.96626143883538,0.5842427877759047,0.720471511002851,36.388626138534974,0.6416840226698898,0.7394608173829345,40.363818907412615,0.5784883747884844,0.7185327780931157,78606.45,32.41000000000349,0.5401666666667249,0.0,216.30077433335995,0.9999999688523188,0.999999998610833,0.9999999581068028,78593.89,44.97000000000117,0.2498333333333398,0.0,112.5919656666748,0.9975775964846728,0.9990131206335,0.9973599380362342,78631.97,6.889999999999418,0.0229666666666647,0.0,31.553831133338463,0.7850935037838609,0.8070658252126157,0.7828149901036926,78615.01,23.85000000000582,0.0397500000000097,0.0,37.548938500009285,0.8262670363212755,0.848937395975002,0.8238823505466246,78605.45,33.41000000000349,0.0371222222222261,0.0,36.61028051111832,0.8201743282998666,0.8428141755461055,0.817798545351833,78663.99,-25.130000000004657,-0.0139611111111136,25.130000000004657,18.36300734444934,0.6770490427502067,0.6930927072861439,0.6754228312344311,78713.23,-74.36999999999534,-0.020658333333332,74.36999999999534,15.970719383339617,0.6552762770657603,0.6696305261110136,0.6538254549870036,0.034528488997149,True,0.7377357555014254,0.7535216715955707,0.720471511002851,heartbeat:40288,two_side_all_heartbeats,0.7472304086914672,0.720471511002851,0.7506601540576274,0.034528488997149,0.01553918261706555,2026-05-03 16:30:00+00:00,0.559056977994298,0.440943022005702,0.5210783652341311,0.4789216347658689,0.5629344438137687,0.43706555618623133,0.440943022005702,0.559056977994298,0.0,0.6366129643037063,0.6612990625978148,0.6835564821518532,0.6865658325302393,0.6152357555014255,0.597971511002851,0.7192544562581977,0.5194523723840881,0.6764857555014254,0.7078914533008552,0.6450800577019956,0.6911476740019006,0.597971511002851,0.6574593917870472,0.6237711095721936,0.6816228577481624,0.6948926698661447,0.597971511002851,0.6586129836305243,0.597971511002851,holdout,2,78.0,24.0,22.0,0.78,-8.510733013385533
KXBTC15M-26MAY031245-45,heartbeat:40330,live_heartbeat_two_side,heartbeat:40330:yes,2026-05-03 16:33:03.711000+00:00,2026-05-03 16:33:00+00:00,yes,yes,True,True,1,83.0,82.0,82.5,0.825,17.5,65.0,1.0,78690.77,78649.64,716.289,,40330,False,False,synced,bid>=98,last_decisive_quote,1.0,41.13000000000466,1.5367901512429076,11.903925324758715,,,22.11974587685284,1.8594246167649269,0.9685165123969368,46.69233500635205,0.8808726313303737,0.8108066188506469,53.331802328578696,0.7712096386055285,0.7797086590033836,52.94538949268784,0.7768381797566155,0.7813728759652057,78673.46,17.30999999999767,0.2884999999999612,0.0,247.77937649997685,0.9999999441675612,0.999998307807766,0.9999985649584424,78652.65,38.120000000009895,0.2117777777778327,0.0,192.8240926667107,0.9999818360516636,0.9998501478884476,0.999864706022688,78646.85,43.919999999998254,0.1463999999999941,0.0,145.99470960000048,0.999116213879814,0.9969044000143864,0.9970873688551184,78606.45,84.32000000000698,0.1405333333333449,0.0,141.79248080001298,0.9988042417477088,0.9960776904546844,0.9962978262080336,78638.87,51.90000000000873,0.0576666666666763,0.0,82.4359990000116,0.9612613403695368,0.9389138193996764,0.9402648190870658,78649.26,41.51000000000931,0.0230611111111162,0.0,57.64842021667503,0.8915185227658446,0.8601378552681092,0.8618851194566741,78727.08,-36.30999999999767,-0.0100861111111104,36.30999999999767,33.905429558338454,0.7661252148352612,0.7375286972056843,0.7390388111972923,0.014193381149353,True,0.8179033094253234,0.8783076109101536,0.8108066188506469,heartbeat:40330,two_side_all_heartbeats,0.8023543295016917,0.8108066188506469,0.8555652284311568,0.01419338114935309,0.04529134099661636,2026-05-03 16:45:00+00:00,0.37838676229870627,0.6216132377012937,0.4405826819932328,0.5594173180067672,0.4372542480695887,0.5627457519304113,0.5594173180067672,0.4405826819932328,0.0,0.7540486045058409,0.7136212567043986,0.7807743022529205,0.7981859236409019,0.7304033094253234,0.7233066188506468,0.8352265522012862,0.7215248590892751,0.7741533094253235,0.794491985655194,0.7538146331954527,0.7863710792337645,0.7233066188506468,0.7638869824849027,0.7414028857360409,0.7782954098674472,0.7895574978228123,0.7233066188506468,0.7792665855259665,0.7233066188506468,holdout,1,84.0,17.0,16.0,0.84,-5.044250217718769
KXBTC15M-26MAY031300-00,heartbeat:40416,live_heartbeat_two_side,heartbeat:40416:no,2026-05-03 16:53:05.499000+00:00,2026-05-03 16:53:00+00:00,no,no,True,True,1,75.0,74.0,74.5,0.745,25.5,49.0,1.0,78697.7,78715.2,414.501,,40416,False,False,synced,bid>=98,latest_quote,-1.0,17.5,0.8595581398612306,6.658108721559144,,,32.796331188802895,0.5335962702430184,0.70318955535673,31.521652180819327,0.5551739451857987,0.7106121557732658,32.75716159716335,0.5342343214961407,0.7034102869155525,35.058413923063206,0.4991669057934081,0.6911690966280202,78708.09,10.389999999999418,0.1731666666666569,0.0,89.27775649999597,0.9976890430167312,0.996789230821996,0.9945602087409956,78706.0,8.30000000000291,0.0461111111111272,0.0,36.613101666673366,0.8772852183285054,0.8681551815436099,0.8518372475472569,78733.29,35.58999999999651,0.1186333333333217,0.0,66.67363529999517,0.9827922455963662,0.979094232119902,0.9714004957427944,78715.0,17.30000000000291,0.0288333333333381,0.0,29.45144550000201,0.8249316825059887,0.8156960858132776,0.7995648202586301,78723.83,26.130000000004657,0.0290333333333385,0.0,29.53434570000214,0.8256089518772072,0.8163692692806703,0.8002270334956038,78606.45,-91.25,-0.0506944444444444,91.25,-3.5128979166666667,0.4556321488918636,0.4572990504341302,0.4600922652946845,78645.8,-51.89999999999418,-0.014416666666665,51.89999999999418,11.52427725000067,0.642667753285347,0.6375093944034491,0.6288149890346741,0.0343878442267342,True,0.7278060778866329,0.8128014671232107,0.7106121557732658,heartbeat:40416,two_side_all_heartbeats,0.7242051434577763,0.7106121557732658,0.7822420958512529,0.03438784422673424,0.04158971308444748,2026-05-03 17:00:00+00:00,0.5787756884534685,0.4212243115465315,0.593179426168895,0.40682057383110504,0.6176618067439597,0.38233819325604035,0.40682057383110504,0.593179426168895,0.0,0.6237958025052455,0.6144333729902183,0.6716479012526227,0.6954271258122594,0.6003060778866329,0.5831121557732657,0.7498645270059061,0.5195035361061682,0.6640560778866329,0.6964336467319796,0.631678509041286,0.6795747705155105,0.5831121557732657,0.6447552166464952,0.6099356627774797,0.669038930211251,0.6832354242685128,0.5831121557732657,0.6664883413895859,0.5831121557732657,holdout,2,77.0,25.0,23.0,0.77,-8.676457573148724
KXBTC15M-26MAY031315-15,heartbeat:40453,live_heartbeat_two_side,heartbeat:40453:no,2026-05-03 17:01:06.151000+00:00,2026-05-03 17:01:00+00:00,no,yes,True,False,1,69.0,68.0,68.5,0.685,31.5,37.0,1.0,78612.42,78656.57,833.849,,40453,False,False,synced,bid>=98,latest_quote,-1.0,44.15000000000873,1.528927885953953,11.843024479703546,,,62.63644748520813,0.7048611754431786,0.7595516832852982,51.642586014798695,0.8549145851711824,0.8037007822242175,52.53077387412742,0.8404597294873204,0.799674664169225,54.04840430586832,0.8168603785258306,0.7929958886625521,78650.53,38.11000000000058,0.6351666666666763,0.0,573.7830898333501,1.0,1.0,1.0,78690.84,78.41999999999825,0.435666666666657,0.0,407.430214333334,0.9999999999999984,0.9999999999999956,0.9999999999999762,78690.79,78.36999999999534,0.2612333333333178,0.0,261.9791537666625,0.9999998041302864,0.9999996936267485,0.9999993736697376,78715.01,102.58999999999652,0.1709833333333275,0.0,186.72428151667052,0.9998502334972356,0.999810700712297,0.9997246088715942,78719.31,106.88999999999942,0.118766666666666,0.0,143.18346623334153,0.9972193514753463,0.9967917976783836,0.9959655255630862,78663.11,50.69000000000233,0.0281611111111124,0.0,67.6321143388987,0.904837629347752,0.9010357975506404,0.8945920185233832,78654.98,42.55999999999767,0.0118222222222215,0.0,54.00794817778597,0.8521738983501502,0.8480533481229098,0.8411635591780582,-0.1187007822242174,True,0.7443503911121088,0.8295668621181681,0.685,heartbeat:40453,two_side_all_heartbeats,0.7423373320846125,0.685,0.7836101954933226,0.11870078222421743,0.1146746641692249,2026-05-03 17:15:00+00:00,0.39259843555156504,0.607401564448435,0.4006506716615501,0.5993493283384499,0.4140082226748958,0.5859917773251042,0.5993493283384499,0.4006506716615501,0.0,0.7448110168914827,0.7395770634199924,0.6991555084457414,0.73065548885877,0.5868503911121088,0.6462007822242175,0.7758503519381661,0.7074015448614637,0.6656003911121088,0.6733602346672652,0.6578405475569522,0.7116338548161449,0.6462007822242175,0.6781336454467106,0.6446334360772763,0.6658809304319951,0.7169950615069105,0.6462007822242175,0.7110255670811918,0.6462007822242175,holdout,2,71.0,-69.0,-71.0,0.71,0.6995061506910503
KXBTC15M-26MAY031330-30,heartbeat:40536,live_heartbeat_two_side,heartbeat:40536:yes,2026-05-03 17:20:08.338000+00:00,2026-05-03 17:20:00+00:00,yes,yes,True,True,1,83.0,81.0,82.0,0.82,18.0,64.0,2.0,78725.38,78688.3,591.662,,40536,False,False,synced,bid>=98,last_decisive_quote,1.0,37.08000000000175,1.5244138534091614,11.808058933963114,,,16.218942914390208,2.286215581109335,0.9888791751612191,58.06199096904863,0.6386277731979283,0.7384674453685658,57.11992829991366,0.6491604787266128,0.741882673066257,48.57063117380292,0.7634242978502044,0.7773948031386475,78714.98,10.400000000008731,0.1733333333334788,0.0,139.63474666675452,0.991912112392485,0.9927491346036472,0.997979095989132,78696.02,29.360000000000586,0.1631111111111143,0.0,133.58664622222588,0.9892973704401894,0.990324639778318,0.997023494812082,78683.86,41.52000000000408,0.1384000000000136,0.0,118.9660208000098,0.9797664172999084,0.98136258432123,0.9928440987189248,78635.42,89.9600000000064,0.149933333333344,0.0,125.78985586667471,0.9848625485027176,0.9861746241377488,0.9951988842185496,78586.32,139.05999999999767,0.1545111111111085,0.0,128.49835302222243,0.9865554316560686,0.9877635834263144,0.9959226639925588,78706.0,19.380000000004657,0.0107666666666692,0.0,43.45022753333661,0.7728730570775946,0.7765771458728067,0.8144936936745947,78604.29,121.09000000001106,0.0336361111111141,0.0,56.98120877222578,0.8367987171223878,0.8407563905806266,0.8796345348751936,0.0815325546314341,True,0.7792337226842829,0.8460779542228248,0.7384674453685658,heartbeat:40536,two_side_all_heartbeats,0.7809413365331285,0.7384674453685658,0.8274935170705515,0.08153255463143416,0.07811732693374296,2026-05-03 17:30:00+00:00,0.5230651092628684,0.4769348907371316,0.516234653867486,0.483765346132514,0.445210393722705,0.554789606277295,0.4769348907371316,0.5230651092628684,0.0,0.6600076789791355,0.664447474986134,0.7310038394895678,0.7469804812195587,0.6892337226842828,0.6484674453685658,0.7931870061442646,0.5749115324671225,0.7342337226842829,0.7685402336105697,0.699927211757996,0.7356449635790439,0.6484674453685658,0.7006168103134547,0.6655886570478655,0.7435168549721167,0.7418408365106749,0.6484674453685658,0.7208272257564152,0.6484674453685658,holdout,1,84.0,17.0,16.0,0.84,-9.815916348932504
KXBTC15M-26MAY031345-45,heartbeat:40598,live_heartbeat_two_side,heartbeat:40598:yes,2026-05-03 17:34:09.356000+00:00,2026-05-03 17:34:00+00:00,yes,yes,True,True,1,73.0,72.0,72.5,0.725,27.5,45.0,1.0,78754.23,78722.6,650.644,,40598,False,False,synced,bid>=98,latest_quote,1.0,31.629999999990105,1.2400165378464625,9.605126800202257,,,25.936863532195844,1.2194998042352838,0.8886727249373564,52.59628353244253,0.6013732886750456,0.7262043072006853,57.303838130799,0.5519700081483718,0.709515549086992,54.07712078885263,0.5849054006312825,0.7206943364930715,78739.22,15.00999999999476,0.2501666666665793,0.0,194.3994406666,0.999890517827588,0.9996536258438968,0.9998377142277663,78731.79,22.44000000000233,0.1246666666666796,0.0,112.74361866666518,0.983966171590404,0.9754355108346447,0.9814593243744438,78725.38,28.84999999999127,0.0961666666666375,0.0,94.20026466663784,0.9633538419731548,0.9498988391652022,0.9592424129515348,78749.61,4.619999999995343,0.0076999999999922,0.0,36.63995879998505,0.756981680031559,0.7387179712002986,0.7509715041171852,78714.98,39.25,0.0436111111111111,0.0,60.00530777776788,0.873037139787044,0.8524831642481245,0.8664196038644782,78570.0,184.22999999999595,0.1023499999999977,0.0,98.22341339998864,0.9690839078204156,0.9567430637864552,0.9653422667103122,78697.69,56.5399999999936,0.0157055555555537,0.0,41.84872548887783,0.7868849739333452,0.7673951595030177,0.7804965141034323,-0.0012043072006853,True,0.7256021536003426,0.80485271639128,0.725,heartbeat:40598,two_side_all_heartbeats,0.717257774543496,0.725,0.7730320605548365,0.0012043072006853173,0.015484450913007985,2026-05-03 17:45:00+00:00,0.5475913855986294,0.4524086144013706,0.580968901826016,0.419031098173984,0.5586113270138571,0.4413886729861429,0.419031098173984,0.580968901826016,0.0,0.6440655993608908,0.6223702138130895,0.6707827996804454,0.6946181838777609,0.5881021536003426,0.5887043072006852,0.7457729219949736,0.5487439985986861,0.6568521536003427,0.6841112921602055,0.6295930150404796,0.6799695381337901,0.5887043072006852,0.6477014698827747,0.6154334016317593,0.6601597267543053,0.6830492280877751,0.5887043072006852,0.6672386145978294,0.5887043072006852,holdout,2,75.0,27.0,25.0,0.75,-6.695077191222481
KXBTC15M-26MAY031400-00,heartbeat:40664,live_heartbeat_two_side,heartbeat:40664:no,2026-05-03 17:49:10.529000+00:00,2026-05-03 17:49:00+00:00,no,no,True,True,1,86.0,85.0,85.5,0.855,14.5,71.0,1.0,78742.68,78790.58,649.471,,40664,False,False,synced,bid>=98,last_decisive_quote,-1.0,47.90000000000873,1.8795575656499457,14.558990300000788,,,81.46326088773313,0.587995121703035,0.7217322163883381,62.24802243042554,0.7695023573406921,0.7792024271785225,56.88060391021581,0.8421148283801158,0.8001381590455235,57.75569213942049,0.8293554838608735,0.7965483582856256,78780.03,37.35000000000582,0.622500000000097,0.0,452.1956975000717,0.9999999999998126,0.9999999999999992,0.9999999999999976,78772.63,29.95000000001164,0.1663888888889535,0.0,155.9647580556063,0.9938867293665758,0.9969463792897788,0.9965374242785126,78776.06,33.38000000000466,0.1112666666666821,0.0,120.16447326668548,0.9732222383696918,0.9826813682030402,0.981263131161288,78800.0,57.320000000006985,0.0955333333333449,0.0,109.94612953334962,0.9613237962113106,0.9733774850260624,0.9715215517018376,78754.23,11.55000000000291,0.0128333333333365,0.0,56.23487783334416,0.816843241235812,0.8385822284856749,0.8348893314533874,78714.98,-27.69999999999709,-0.0153888888888872,27.69999999999709,37.90536294445423,0.7287181729376291,0.7474229905378531,0.7441861241576531,78708.09,-34.58999999999651,-0.0096083333333323,34.58999999999651,41.65966614167603,0.7483328994396788,0.7680394432109185,0.7646401063806859,0.0757975728214774,True,0.8171012135892612,0.8691415551827381,0.7792024271785225,heartbeat:40664,two_side_all_heartbeats,0.8275690795227617,0.7792024271785225,0.8559051758274951,0.07579757282147748,0.05486184095447644,2026-05-03 18:00:00+00:00,0.441595145642955,0.558404854357045,0.3997236819089529,0.6002763180910471,0.4069032834287487,0.5930967165712513,0.558404854357045,0.441595145642955,0.0,0.7129631553320792,0.7401796067591806,0.7767315776660397,0.7885538015030088,0.7446012135892612,0.7067024271785225,0.8262456612631998,0.6557270781940142,0.7808512135892612,0.8105107281535566,0.7511916990249657,0.7803016181190149,0.7067024271785225,0.7500280083471137,0.7197543985752125,0.7903265433821346,0.7866648815248783,0.7067024271785225,0.7664740442208611,0.7067024271785225,holdout,1,87.0,14.0,13.0,0.87,-8.33351184751217
KXBTC15M-26MAY031415-15,heartbeat:40730,live_heartbeat_two_side,heartbeat:40730:no,2026-05-03 18:04:11.876000+00:00,2026-05-03 18:04:00+00:00,no,no,True,True,1,73.0,72.0,72.5,0.725,27.5,45.0,1.0,78694.46,78719.39,648.124,,40730,False,False,synced,bid>=98,latest_quote,-1.0,24.92999999999301,0.9792492028283536,7.585231708682205,,,26.005538746510528,0.9586419355891316,0.8311304205412475,43.54557358629552,0.5725036541449733,0.7165095945157673,52.88232719984576,0.4714240336999717,0.68133102174948,56.228692288829215,0.4433679494435936,0.6712501927584005,78697.69,3.229999999995925,0.0538333333332654,0.0,59.82067533328234,0.9152401447065106,0.871015282253341,0.8563088472825257,78721.93,27.46999999998661,0.1526111111110367,0.0,123.8409237777226,0.9977720160921508,0.9904050319845052,0.9861832567229474,78717.78,23.319999999992437,0.0777333333333081,0.0,75.31083893331001,0.9581376499949033,0.922794292890056,0.90977434032813,78721.93,27.46999999998661,0.045783333333311,0.0,54.60327713331189,0.895067009946777,0.8490910942471248,0.8342489606827119,78742.68,48.21999999998661,0.0535777777777629,0.0,59.65504364442782,0.914647974643425,0.8703551278155173,0.855640505334052,78754.23,59.76999999998952,0.0332055555555497,0.0,46.45131748887813,0.8569528411150238,0.8101339971490931,0.7956303249273076,78570.0,-124.4600000000064,-0.034572222222224,124.4600000000064,2.5229130444363044,0.5231007148144298,0.5190255432999121,0.5178940507010548,0.0084904054842326,True,0.7207547972578836,0.79988241483689,0.7165095945157673,heartbeat:40730,two_side_all_heartbeats,0.70316551087474,0.7165095945157673,0.7690804083537108,0.008490405484232633,0.04366897825051996,2026-05-03 18:15:00+00:00,0.5669808109684653,0.4330191890315347,0.63733795650104,0.36266204349896003,0.657499614483199,0.34250038551680095,0.36266204349896003,0.63733795650104,0.0,0.6314624728704975,0.5857303282743239,0.6644812364352488,0.6877950014347392,0.5832547972578837,0.5790095945157673,0.7398823272568643,0.528832954031025,0.6520047972578836,0.6812028783547301,0.6228067161610371,0.6735063963438449,0.5790095945157673,0.6400518104272054,0.6065972245105659,0.6556694733314248,0.6766548460269766,0.5790095945157673,0.6594459608863158,0.5790095945157673,holdout,2,75.0,27.0,25.0,0.75,-7.33451539730234
KXBTC15M-26MAY031430-30,heartbeat:40784,live_heartbeat_two_side,heartbeat:40784:no,2026-05-03 18:16:13.019000+00:00,2026-05-03 18:16:00+00:00,no,yes,True,False,1,64.0,63.0,63.5,0.635,36.5,27.0,1.0,78638.89,78666.25,826.981,,40784,False,False,synced,bid>=98,last_decisive_quote,-1.0,27.360000000000586,0.9514113480452552,7.369600612744043,,,44.07097702972349,0.6208167334603846,0.7326398939971782,39.8892141742548,0.6858996991136317,0.7536118200244475,49.59265287641353,0.5516946243666894,0.7094212031972915,55.426122237529526,0.4936300591758678,0.6892162660206096,78663.11,24.220000000001164,0.403666666666686,0.0,361.18466366668326,1.0,0.9999999999998368,0.999999999964018,78669.78,30.889999999999414,0.1716111111111078,0.0,169.2791282777757,0.9999890083485052,0.9996792012241336,0.9988714657880976,78675.74,36.85000000000582,0.1228333333333527,0.0,128.94083283334996,0.999386382683902,0.9953387942704942,0.9900001881103212,78679.12,40.229999999995925,0.0670499999999932,0.0,82.80907604999497,0.9810519433348583,0.9525190616988028,0.9324179655386644,78721.93,83.0399999999936,0.0922666666666595,0.0,103.66278026666136,0.995322039633674,0.9817038987201592,0.9692780436158512,78772.63,133.74000000000524,0.0743000000000029,0.0,88.804688300003,0.9870023917463367,0.9633278583518236,0.945446209894409,78696.01,57.11999999999534,0.0158666666666653,0.0,40.48143186666618,0.844910512772947,0.7928296556221417,0.7674171750565788,-0.1186118200244474,True,0.6943059100122237,0.7959994009027831,0.635,heartbeat:40784,two_side_all_heartbeats,0.6722106015986458,0.635,0.7434608225441147,0.11861182002444748,0.07442120319729151,2026-05-03 18:30:00+00:00,0.492776359951105,0.507223640048895,0.581157593605417,0.41884240639458303,0.6215674679587808,0.3784325320412192,0.41884240639458303,0.581157593605417,0.0,0.6796953660317817,0.6222475641564789,0.639097683015891,0.6755363212842811,0.5118059100122238,0.5711118200244475,0.7306831865490042,0.6071622783172852,0.6030559100122237,0.6158335460073342,0.5902782740171133,0.6532412133496317,0.5711118200244475,0.6154344262641755,0.5776276391787194,0.6034971807765425,0.6576175613376042,0.5711118200244475,0.6508975032867259,0.5711118200244475,holdout,2,66.0,-64.0,-66.0,0.66,-0.2382438662395856
KXBTC15M-26MAY031445-45,heartbeat:40862,live_heartbeat_two_side,heartbeat:40862:no,2026-05-03 18:34:14.618000+00:00,2026-05-03 18:34:00+00:00,no,no,True,True,1,82.0,81.0,81.5,0.815,18.5,63.0,1.0,78697.72,78728.16,645.382,,40862,False,False,synced,bid>=98,last_decisive_quote,-1.0,30.44000000000233,1.1982190605801877,9.281364933470725,,,22.38052901385589,1.3601108347866475,0.9131025735421202,42.67381694044816,0.7133179589367815,0.7621754865100259,44.49489897226339,0.6841233647699164,0.753051365469354,48.51857962213164,0.6273885228519178,0.7347977054166321,78704.63,6.9100000000034925,0.1151666666667248,0.0,104.76649366670657,0.9929568142980792,0.9907280028512728,0.984586809343118,78721.92,24.19999999999709,0.1344444444444282,0.0,117.20802444443632,0.9969891992796196,0.9957830878852498,0.9921482543572706,78746.82,49.10000000000582,0.163666666666686,0.0,136.0675206666815,0.9992850540655354,0.9988860792125688,0.9974798087254574,78692.05,-5.669999999998254,-0.009449999999997,5.669999999998254,24.341140100004207,0.7157967448289653,0.7078293964920956,0.6920561407543818,78669.34,-28.380000000004657,-0.0315333333333385,28.380000000004657,10.08895426666566,0.5934467060117053,0.5896886197914836,0.5823620984736664,78694.46,-3.2599999999947613,-0.0018111111111082,3.2599999999947613,29.271141488893097,0.7536205633506281,0.7446839825332466,0.72684462746661,78754.23,56.50999999999476,0.0156972222222207,0.0,40.57070467222361,0.8291258616440047,0.8190645081961474,0.7984757193086374,0.052824513489974,True,0.7885877432550129,0.8588201801918537,0.7621754865100259,heartbeat:40862,two_side_all_heartbeats,0.784025682734677,0.7621754865100259,0.8360096567661148,0.05282451348997408,0.06194863453064592,2026-05-03 18:45:00+00:00,0.47564902697994826,0.5243509730200517,0.49389726906129194,0.5061027309387081,0.5304045891667357,0.4695954108332643,0.5061027309387081,0.49389726906129194,0.5676000000000931,0.6908281324630335,0.6789667751101602,0.7436640662315168,0.7620925716380703,0.6960877432550129,0.6696754865100258,0.7785647540681154,0.5107594784265866,0.7423377432550129,0.7714026459530077,0.713272840557018,0.7489503243400172,0.6696754865100258,0.7189198336095066,0.6888893428789961,0.7492798173618869,0.7536295402197003,0.6696754865100258,0.7241201202890706,0.6696754865100258,holdout,2,84.0,18.0,16.0,0.84,-8.637045978029974
KXBTC15M-26MAY031500-00,heartbeat:40934,live_heartbeat_two_side,heartbeat:40934:yes,2026-05-03 18:49:01.076000+00:00,2026-05-03 18:49:00+00:00,yes,yes,True,True,1,75.0,74.0,74.5,0.745,25.5,49.0,1.0,78713.77,78689.18,658.924,,40934,True,False,synced,bid>=98,last_decisive_quote,1.0,24.59000000001106,0.957945641211612,7.420215029969118,,,72.24832632124102,0.3403539050949834,0.6332049864362498,49.125521435037896,0.5005544833254978,0.6916576485589134,45.44132666173682,0.5411373700213004,0.7057935489458228,45.318747709729664,0.5426010479705231,0.7062977413624301,78693.56,20.210000000006403,0.33683333333344,0.0,246.53756733341476,0.9999997396489232,0.9999999710882416,0.9999999733715238,78694.23,19.54000000000815,0.1085555555556008,0.0,96.11986088892978,0.9748037791463044,0.9827957659867432,0.9830379818119988,78684.71,29.05999999999767,0.0968666666666589,0.0,88.4177714666726,0.9640565534617044,0.9741580214033968,0.974472651313917,78685.44,28.330000000001743,0.0472166666666695,0.0,55.70219486667965,0.871576482868315,0.8898639236653652,0.8904866560828348,78697.72,16.05000000000291,0.0178333333333365,0.0,36.34081133334652,0.7702754262078118,0.7880664984367067,0.78869273030728,78669.34,44.43000000000757,0.0246833333333375,0.0,40.85444073334716,0.7971921420318098,0.8156894235912211,0.8163363271309316,78742.68,-28.90999999998894,-0.0080305555555524,28.90999999998894,19.298474211124194,0.6527812033156751,0.664468640175159,0.6648872881590456,0.0533423514410865,True,0.7183288242794568,0.800238067340206,0.6916576485589134,heartbeat:40934,two_side_all_heartbeats,0.7253967744729114,0.6916576485589134,0.7728086052600149,0.053342351441086566,0.039206451054177194,2026-05-03 19:00:00+00:00,0.6166847028821731,0.38331529711782686,0.5884129021083544,0.4115870978916456,0.5874045172751399,0.41259548272486013,0.38331529711782686,0.6166847028821731,0.0,0.5991549431265875,0.6175316136295695,0.6593274715632937,0.6812331269094641,0.5908288242794567,0.5641576485589135,0.7366401349717976,0.4797209524639973,0.6545788242794568,0.690747294567674,0.6184103539912394,0.666938432372609,0.5641576485589135,0.629003688501644,0.5910689446306789,0.6604021631507047,0.6709941172178048,0.5641576485589135,0.6503988917653556,0.5641576485589135,holdout,2,77.0,25.0,23.0,0.77,-9.900588278219516
KXBTC15M-26MAY031515-15,heartbeat:41028,live_heartbeat_two_side,heartbeat:41028:no,2026-05-03 19:07:02.720000+00:00,2026-05-03 19:07:00+00:00,no,no,True,True,1,65.0,64.0,64.5,0.645,35.5,29.0,1.0,78716.44,78732.56,477.28,,41028,False,False,synced,bid>=98,latest_quote,-1.0,16.119999999995343,0.7378675638190042,5.715497572755283,,,21.999790695755937,0.7327342438355613,0.7681397330881663,21.87240414989139,0.7370017438195238,0.7694393555463626,36.19163039142037,0.445406847540551,0.6719871176972882,35.74084940715048,0.4510245354373224,0.6740140671617605,78723.36,6.919999999998254,0.1153333333333042,0.0,71.16629333331478,0.9994304422218134,0.9753723073839058,0.9767691858951348,78716.45,0.0099999999947613,5.555555552645172e-05,0.0,16.146515555537007,0.7698077999492006,0.672251755879678,0.6742813680846185,78726.02,9.580000000001746,0.0319333333333391,0.0,31.361141333331453,0.9241885135551402,0.806900268437343,0.8098813967653165,78728.86,12.419999999998254,0.020699999999997,0.0,25.999695999993957,0.8827208524083252,0.7637414948380616,0.7665249621718745,78753.69,37.25,0.0413888888888888,0.0,35.87408888888423,0.949513318702102,0.8392124072766588,0.8422451152602849,78682.7,-33.74000000000524,-0.0187444444444473,33.74000000000524,7.17365155554951,0.628535578258554,0.5785607907714316,0.5795384860051208,78688.79,-27.65000000000873,-0.0076805555555579,27.65000000000873,12.45422444443863,0.7154588439343393,0.6346215693114061,0.6362522899901488,-0.1244393555463625,True,0.7072196777731813,0.7795426230338341,0.645,heartbeat:41028,two_side_all_heartbeats,0.6584935588486441,0.645,0.7381695093749369,0.12443935554636254,0.026987117697288232,2026-05-03 19:15:00+00:00,0.4611212889072749,0.5388787110927251,0.6560257646054235,0.3439742353945765,0.651971865676479,0.348028134323521,0.3439742353945765,0.6560257646054235,0.0,0.7002711622102713,0.5735832530064747,0.6548855811051357,0.6828044324606497,0.5297196777731813,0.5919393555463626,0.7275573804842094,0.6312975624482391,0.6184696777731813,0.6290818066639088,0.6078575488824538,0.6687929036975749,0.5919393555463626,0.6315971620063285,0.5944014203150821,0.6188241806064282,0.673653542324461,0.5919393555463626,0.659748368015286,0.5919393555463626,holdout,2,67.0,35.0,33.0,0.67,0.36535423244609433
KXBTC15M-26MAY031545-45,heartbeat:41224,live_heartbeat_two_side,heartbeat:41224:yes,2026-05-03 19:33:05.122000+00:00,2026-05-03 19:33:00+00:00,yes,yes,True,True,1,91.0,91.0,91.0,0.91,9.0,82.0,0.0,78739.21,78681.59,714.878,,41224,True,False,synced,bid>=98,last_decisive_quote,1.0,57.620000000009895,2.155049687801351,16.69294310220825,,,79.87152074204373,0.7214085754808871,0.7646709139999469,55.36543717599208,1.0407214850819504,0.8509975856152879,52.64740725409611,1.0944508572267233,0.863121355358466,48.35052815306525,1.1917139729601278,0.8833132913620502,78693.81,45.40000000000873,0.7566666666668121,0.0,598.5443533334472,1.0,1.0,1.0,78680.4,58.810000000012224,0.3267222222222901,0.0,291.1865287778362,0.9999999277194992,0.9999999840686512,0.999999999140786,78699.39,39.820000000006985,0.1327333333333566,0.0,152.50813986669323,0.9970615613363674,0.998114950747474,0.999195357799854,78682.68,56.53000000001339,0.0942166666666889,0.0,124.9734222333592,0.9880036522317468,0.991196508234313,0.995127341655885,78691.38,47.83000000000175,0.0531444444444463,0.0,95.61179415556684,0.9579091679273356,0.9653207903297796,0.9760058237174508,78715.01,24.20000000001164,0.0134444444444509,0.0,67.23113755557007,0.8876864655855421,0.8992002124798373,0.917810597296139,78704.63,34.580000000001746,0.009605555555556,0.0,64.48680034445469,0.8779395596953408,0.8896899395068945,0.9088546694366952,0.0590024143847121,True,0.880498792807644,0.9193530489838851,0.8509975856152879,heartbeat:41224,two_side_all_heartbeats,0.886560677679233,0.8509975856152879,0.9097115879518599,0.0590024143847121,0.04687864464153402,2026-05-03 19:45:00+00:00,0.29800482876942413,0.7019951712305759,0.273757289283068,0.726242710716932,0.23337341727589966,0.7666265827241003,0.7019951712305759,0.29800482876942413,0.0,0.8062968612998742,0.8220577619660058,0.8536484306499372,0.862354586783574,0.835498792807644,0.8059975856152879,0.8889111050749176,0.8017013273642126,0.857998792807644,0.8787992756845864,0.8371983099307015,0.8556650570768586,0.8059975856152879,0.8343716131842509,0.8130781692916433,0.8663335566666067,0.8613757698460067,0.8059975856152879,0.8474543453451027,0.8059975856152879,holdout,1,92.0,9.0,8.0,0.92,-5.8624230153993295
KXBTC15M-26MAY031600-00,heartbeat:41317,live_heartbeat_two_side,heartbeat:41317:no,2026-05-03 19:53:22.205000+00:00,2026-05-03 19:53:00+00:00,no,no,True,True,1,67.0,66.0,66.5,0.665,33.5,33.0,1.0,78772.89,78798.24,397.795,,41317,False,False,synced,bid>=98,latest_quote,-1.0,25.35000000000582,1.2710080571802247,9.845186076708908,,,28.399778738994357,0.8926125880410107,0.8139676621741198,38.85345299383986,0.6524516625079633,0.742945077048279,47.27165937187435,0.5362621142740874,0.7041112948432979,40.223278480196775,0.6302320685392775,0.7357286196063639,78783.33,10.440000000002328,0.1740000000000388,0.0,94.56633000002128,0.9925319230634544,0.9772761373925984,0.9906393601485048,78786.29,13.39999999999418,0.0744444444444121,0.0,54.96362777777074,0.921412883580998,0.8775281115361033,0.9141031801249396,78759.64,-13.25,-0.0441666666666666,13.25,7.780720833339153,0.5793606566741315,0.5653689666942138,0.5766921213273039,78780.75,7.860000000000582,0.0131000000000009,0.0,30.561114500006205,0.7842343469932721,0.7410221104724691,0.7763089713441671,78787.09,14.19999999999709,0.0157777777777745,0.0,31.626321111115644,0.7921746520898788,0.748262928139342,0.7841450754104803,78682.68,-90.2100000000064,-0.0501166666666702,90.2100000000064,5.413840583337738,0.5554092631361114,0.5455896361962436,0.5535338386182336,78739.24,-33.64999999999418,-0.0093472222222206,33.64999999999418,21.631721736117576,0.7111514183265043,0.6763816774354222,0.7046393662564208,-0.0779450770482789,True,0.7039725385241395,0.6624352445741368,0.665,heartbeat:41317,two_side_all_heartbeats,0.684555647421649,0.5793606566741315,0.67125565444931,0.07794507704827891,0.039111294843297895,2026-05-03 20:00:00+00:00,0.5141098459034421,0.4858901540965579,0.5917774103134041,0.40822258968659586,0.5285427607872721,0.47145723921272786,0.40822258968659586,0.5917774103134041,0.0,0.6658286001627627,0.6153446832962873,0.6486643000813814,0.6401003657487946,0.5364725385241396,0.5754450770482791,0.6533446698589658,0.543826219763971,0.6202225385241396,0.6381335231144837,0.6023115539337953,0.6611300513655194,0.5754450770482791,0.6269118912824457,0.5926937311993721,0.6212552325528315,0.6645633493339071,0.5754450770482791,0.6143948734536224,0.5754450770482791,holdout,2,69.0,33.0,31.0,0.69,-2.543665066609279
KXBTC15M-26MAY031615-15,heartbeat:41365,live_heartbeat_two_side,heartbeat:41365:no,2026-05-03 20:08:17.053000+00:00,2026-05-03 20:08:00+00:00,no,no,True,True,1,88.0,87.0,87.5,0.875,12.5,75.0,1.0,78735.76,78776.8,402.947,,41365,False,False,synced,bid>=98,latest_quote,-1.0,41.04000000000815,2.04448245870476,15.836493028353456,,,67.29026413102801,0.6098950647614462,0.7290343390131786,54.91425842539798,0.7473468854316176,0.7725729010342003,46.876053609253,0.8755003213817288,0.809349132284575,46.44752281726719,0.8835777994332832,0.8115379161420632,78759.16,23.40000000000873,0.3900000000001455,0.0,198.1893300000668,0.9998463508722378,0.999988208177054,0.999990091891792,78731.4,-4.360000000000582,-0.0242222222222254,4.360000000000582,31.279728222229068,0.7155289857487224,0.7477052249395799,0.7496670384579571,78773.82,38.060000000012224,0.1268666666667074,0.0,92.16054273335789,0.953352071077942,0.9753534315091038,0.9763824675277408,78786.78,51.02000000000408,0.0850333333333401,0.0,75.30392656667755,0.9148592834612336,0.945912206726326,0.9475200144985392,78772.89,37.13000000000466,0.0412555555555607,0.0,57.66380234445468,0.8531569803646892,0.8906764352680026,0.8927862824889051,78787.09,51.33000000000175,0.0285166666666676,0.0,52.530705283341874,0.8306141443762833,0.8687772748554525,0.8709659160253271,78749.59,13.830000000001746,0.0038416666666671,0.0,42.58798805834168,0.7809885193376722,0.818199101805785,0.8204039131193446,0.1024270989657997,True,0.8237864505171002,0.8669749907040475,0.7725729010342003,heartbeat:41365,two_side_all_heartbeats,0.8421745661422875,0.7725729010342003,0.8599422845258484,0.10242709896579971,0.06565086771542505,2026-05-03 20:15:00+00:00,0.4548541979315994,0.5451458020684006,0.3813017354308501,0.6186982645691499,0.37692416771587367,0.6230758322841263,0.5451458020684006,0.4548541979315994,0.0,0.7043447713444603,0.7521538719699474,0.7834223856722303,0.7912575927800244,0.7612864505171002,0.7100729010342004,0.8269568647326886,0.6404810091761948,0.7925364505171002,0.82552187031026,0.7595510307239403,0.7858819340228003,0.7100729010342004,0.7518890799633625,0.7178962259039248,0.8054675832707688,0.7949211364392637,0.7100729010342004,0.7685148828834445,0.7100729010342004,holdout,1,89.0,12.0,11.0,0.89,-9.50788635607364
KXBTC15M-26MAY031630-30,heartbeat:41417,live_heartbeat_two_side,heartbeat:41417:yes,2026-05-03 20:19:48.221000+00:00,2026-05-03 20:19:00+00:00,yes,yes,True,True,1,83.0,82.0,82.5,0.825,17.5,65.0,1.0,78780.47,78737.39,611.779,,41417,False,False,synced,bid>=98,latest_quote,1.0,43.08000000000175,1.741720293431581,13.491307380424017,,,66.40754284973399,0.6487214878207818,0.7417407935870167,69.70314519959045,0.6180495855193471,0.7317286734192472,60.68233623845882,0.7099265234402563,0.7611251491527267,59.77599002853754,0.7206906983796505,0.7644500817080525,78756.51,23.960000000006403,0.39933333333344,0.0,287.3837473334004,0.9999812988116006,0.9999989094212444,0.999999236535018,78743.83,36.63999999999942,0.2035555555555523,0.0,167.611014222222,0.9919058116031512,0.9971285040384316,0.9974762418951122,78753.07,27.39999999999418,0.0913333333333139,0.0,98.95581533332322,0.9221488457967728,0.9485251466116918,0.9510827856646524,78737.97,42.5,0.0708333333333333,0.0,86.41434583333508,0.8924657205861255,0.9227832014429966,0.9258603914315028,78773.84,6.630000000004657,0.0073666666666718,0.0,47.58677196667158,0.7526037560912882,0.7835370893286369,0.7870086982848655,78770.35,10.119999999995343,0.0056222222222196,0.0,46.51955748888905,0.7477401938014748,0.7783426572558978,0.7817837206811621,78683.86,96.61000000000058,0.0268361111111112,0.0,59.49776921944629,0.8033333487457084,0.836575186977636,0.8402158988516784,0.0932713265807527,True,0.7783643367096236,0.82629250640534,0.7317286734192472,heartbeat:41417,two_side_all_heartbeats,0.7930625745763633,0.7317286734192472,0.8164483711851287,0.09327132658075277,0.06387485084727329,2026-05-03 20:30:00+00:00,0.5365426531615056,0.4634573468384944,0.47774970169454667,0.5222502983054533,0.471099836583895,0.528900163416105,0.4634573468384944,0.5365426531615056,0.0,0.6512472754450213,0.6894626938985446,0.7293736377225107,0.739088522302188,0.6908643367096235,0.6442286734192472,0.7802941058689782,0.5556722314181717,0.7346143367096236,0.770768602025774,0.698460071393473,0.7336524489461648,0.6442286734192472,0.6967463884396803,0.6598403279331958,0.7450115530243188,0.7406323813312895,0.6442286734192472,0.7122613896441127,0.6442286734192472,holdout,1,84.0,17.0,16.0,0.84,-9.936761866871052
KXBTC15M-26MAY031645-45,heartbeat:41546,live_heartbeat_two_side,heartbeat:41546:yes,2026-05-03 20:40:50.164000+00:00,2026-05-03 20:40:00+00:00,yes,yes,True,True,1,94.0,94.0,94.0,0.94,6.0,88.0,0.0,79026.4,78891.7,249.836,,41546,False,False,synced,bid>=98,latest_quote,1.0,134.6999999999971,8.521971681769372,66.01090880068799,,,167.3615550633609,0.8048443380500464,0.78954524391747,97.47963450035184,1.3818270933249233,0.9164876010083014,84.04639671729193,1.6026861978757925,0.9454980238765556,65.25657105660342,2.064159943113753,0.9804987229686442,79071.31,-44.91000000000349,-0.7485000000000582,44.91000000000349,-52.30224600001748,0.2957908462419453,0.2668716327154419,0.2114250935464758,79130.21,-103.81000000001222,-0.5767222222222901,103.81000000001222,-9.385973111130994,0.4616465151972795,0.4555401183724568,0.4428166272346878,78934.46,91.93999999998778,0.3064666666666259,0.0,211.26640613332023,0.9848935354787876,0.9940261934529462,0.9993970338719907,78917.63,108.76999999998952,0.1812833333333158,0.0,179.9911028666594,0.9675864283077062,0.9838858834276644,0.9970940270832488,78918.14,108.25999999999476,0.120288888888883,0.0,164.7524948444401,0.9544977112495124,0.9750170907539752,0.9942099509027956,78739.17,287.2299999999959,0.1595722222222199,0.0,174.56688571110763,0.9633375956966596,0.9811006038717816,0.996264486654518,78780.74,245.6599999999889,0.0682388888888858,0.0,151.74853104444077,0.9402315528998184,0.9645043308787824,0.9899750779306596,0.0235123989916985,True,0.9282438005041507,0.9471270454956963,0.9164876010083014,heartbeat:41546,two_side_all_heartbeats,0.9427490119382778,0.9164876010083014,0.9419249873982479,0.023512398991698547,0.005498023876555624,2026-05-03 20:45:00+00:00,0.1670247979833972,0.8329752020166028,0.10900395224688908,0.8909960477531109,0.03900255406271169,0.9609974459372883,0.8329752020166028,0.1670247979833972,0.0,0.8914338813107918,0.9291474310395221,0.9127169406553959,0.9172062942032746,0.8982438005041506,0.8864876010083014,0.9312225075999081,0.9314645555644816,0.9132438005041507,0.9239462803024903,0.9025413207058108,0.9143250673388676,0.8864876010083014,0.9033751691249933,0.8924252709111188,0.9170896394349806,0.9168893998834003,0.8864876010083014,0.9088550543041047,0.8864876010083014,holdout,1,95.0,6.0,5.0,0.95,-3.3110600116599613
KXBTC15M-26MAY031700-00,heartbeat:41603,live_heartbeat_two_side,heartbeat:41603:no,2026-05-03 20:49:05.930000+00:00,2026-05-03 20:49:00+00:00,no,no,True,True,1,92.0,91.0,91.5,0.915,8.5,83.0,1.0,78846.47,79010.28,654.07,,41603,True,False,synced,bid>=98,last_decisive_quote,-1.0,163.80999999999767,6.405135112232397,49.61396323976889,,,149.1856314719874,1.0980279962870036,0.8639038677426347,187.2695484322045,0.8747284402156839,0.8091391591736248,156.05034149025622,1.049725354239138,0.8530777983650453,117.97218210847356,1.388547681938925,0.917514832065637,78955.37,108.89999999999418,1.814999999999903,0.0,1350.9470499999345,0.9999999999997282,1.0,1.0,79009.44,162.97000000000116,0.9053888888888952,0.0,755.9977105555575,0.9999729246406884,0.9999993655876944,0.9999999999264104,79021.11,174.63999999999942,0.5821333333333314,0.0,544.5659493333297,0.9981808266648412,0.9997582014964572,0.9999980444727974,79071.31,224.8399999999965,0.3747333333333275,0.0,408.9118313333272,0.9855022183758052,0.9956084608361684,0.9997360369234004,78925.01,78.5399999999936,0.0872666666666595,0.0,220.88850866665967,0.8809047627974854,0.921538321984278,0.9694228310595157,78780.47,-66.0,-0.0366666666666666,66.0,139.82743333333102,0.7723668024150971,0.8148844459443749,0.8820422071620289,78770.35,-76.11999999999534,-0.0211444444444431,76.11999999999534,149.98005322222073,0.7883988486048807,0.8317491679363349,0.8981920705205169,0.1058608408263752,True,0.8620695795868124,0.9074399952794887,0.8091391591736248,heartbeat:41603,two_side_all_heartbeats,0.8840388991825227,0.8091391591736248,0.8998779130850557,0.10586084082637526,0.061922201634954765,2026-05-03 21:00:00+00:00,0.38172168165275044,0.6182783183472496,0.29384440326990946,0.7061555967300905,0.164970335868726,0.835029664131274,0.6182783183472496,0.38172168165275044,0.0,0.7518809069257122,0.8090011378745587,0.8291904534628562,0.8375085361293402,0.8195695795868124,0.7666391591736248,0.8702057449197806,0.7180964010137336,0.8408195795868124,0.8704917477520874,0.8111474114215373,0.8302594394490832,0.7666391591736248,0.7990684032050416,0.767877366961,0.8560486183690182,0.8415815740411688,0.7666391591736248,0.8184224520467027,0.7666391591736248,holdout,1,93.0,8.0,7.0,0.93,-8.841842595883122
KXBTC15M-26MAY031715-15,heartbeat:41711,live_heartbeat_two_side,heartbeat:41711:yes,2026-05-03 21:07:07.542000+00:00,2026-05-03 21:07:00+00:00,yes,yes,True,True,1,81.0,80.0,80.5,0.805,19.5,61.0,1.0,78953.57,78911.2,472.458,,41711,False,False,synced,bid>=98,latest_quote,1.0,42.370000000009895,1.9492918204068217,15.09914951466792,,,87.3124995373254,0.4852684349266288,0.6862570284277532,66.04540106023967,0.6415283928908909,0.7394102800576182,93.00761692579898,0.4555540868637938,0.6756446672502493,102.7728233224282,0.4122685222637398,0.659928691058122,78917.62,35.95000000001164,0.5991666666668607,0.0,325.4510850001016,0.9999995839568068,0.9997666608049725,0.9992291135164448,78881.09,72.48000000001048,0.4026666666667248,0.0,232.6130880000374,0.9997858624274916,0.9938080362237344,0.9881936035699224,78890.75,62.820000000006985,0.2094000000000233,0.0,141.3027052000209,0.9838015259612358,0.9356514046137924,0.9154193039573348,78905.54,48.03000000001339,0.0800500000000223,0.0,80.19026290002043,0.8876583569030956,0.8057085900760889,0.7823831919795259,78899.97,53.60000000000582,0.059555555555562,0.0,70.50749866667962,0.8571407226886423,0.77579936933927,0.7536598338947155,79130.21,-176.63999999999942,-0.098133333333333,176.63999999999942,-3.9938783999899528,0.4758899730132375,0.4828741185782106,0.4845005132997397,78759.16,194.4100000000035,0.0540027777777787,0.0,67.88404438334369,0.8479872354994823,0.767267063960916,0.7455415884675078,0.0655897199423818,True,0.7722051400288091,0.8427372686729514,0.7394102800576182,heartbeat:41711,two_side_all_heartbeats,0.7403223336251247,0.7394102800576182,0.8210833892095327,0.06558971994238183,0.12935533274975075,2026-05-03 21:15:00+00:00,0.5211794398847636,0.47882056011523644,0.6487106654995016,0.3512893345004984,0.680142617883756,0.31985738211624404,0.3512893345004984,0.6487106654995016,0.0,0.6612333640749037,0.578338067425324,0.723366682037452,0.7412468346335754,0.6747051400288091,0.6419102800576182,0.7884654452210563,0.5772007127113601,0.7234551400288092,0.7560730840172855,0.6908371960403327,0.7287735200384121,0.6419102800576182,0.6952712323416473,0.6617689446448826,0.731206768001499,0.7339593395368504,0.6419102800576182,0.7151878626393373,0.6419102800576182,holdout,2,83.0,19.0,17.0,0.83,-9.604066046314955
KXBTC15M-26MAY031730-30,heartbeat:41776,live_heartbeat_two_side,heartbeat:41776:no,2026-05-03 21:19:08.523000+00:00,2026-05-03 21:19:00+00:00,no,no,True,True,1,74.0,73.0,73.5,0.735,26.5,47.0,1.0,78967.59,79012.99,651.477,,41776,False,False,synced,bid>=98,latest_quote,-1.0,45.40000000000873,1.7787147601596334,13.77786528750316,,,28.26788997170754,1.6060625694188069,0.945869918497408,69.09167786840523,0.6570979516010508,0.7444410320281888,72.62489114543439,0.625130024760978,0.7340571382689639,120.66683216452654,0.3762425778950328,0.6466317178383415,78979.91,12.320000000006983,0.2053333333334497,0.0,179.16994400008457,0.9952459082911892,0.9931886183321356,0.9312058009441084,79012.75,45.16000000000349,0.2508888888889083,0.0,208.84834066668805,0.998747642704864,0.9979844194399656,0.9582549390879936,79016.03,48.44000000000233,0.1614666666666744,0.0,150.59181960001376,0.9853562220381,0.9809397435357528,0.8939838842375196,78983.51,15.919999999998254,0.0265333333333304,0.0,62.685856400006834,0.8178719992811325,0.805971294826139,0.6982923174116353,78881.09,-86.5,-0.0961111111111111,86.5,-17.214178333324597,0.4016224510315054,0.4063172903940981,0.44327985170491,78846.47,-121.11999999999534,-0.0672888888888863,121.11999999999534,1.5628365333437486,0.5090232054873364,0.5085842944987339,0.5051668228021514,78780.47,-187.11999999999531,-0.0519777777777764,187.11999999999531,11.537673266676244,0.5663113487230098,0.5631130323665956,0.5380871997873649,-0.0094410320281888,True,0.7397205160140944,0.821599084688763,0.735,heartbeat:41776,two_side_all_heartbeats,0.734528569134482,0.735,0.7879035540160767,0.0094410320281888,0.0009428617310360821,2026-05-03 21:30:00+00:00,0.5111179359436224,0.4888820640563776,0.5318857234620722,0.4681142765379278,0.7067365643233172,0.2932634356766828,0.4681142765379278,0.5318857234620722,1.0,0.6677733416366454,0.654274279749653,0.6881366708183227,0.7131722930221327,0.6072205160140944,0.6119410320281888,0.7132917604217143,0.3874176862601876,0.6734705160140944,0.6980823096084566,0.6488587224197322,0.6971273546854592,0.6119410320281888,0.6669478488154686,0.6367683429454781,0.67651670042737,0.7002033929271227,0.6119410320281888,0.6626163962249516,0.6119410320281888,holdout,2,76.0,26.0,24.0,0.76,-5.979660707287721
KXBTC15M-26MAY031745-45,heartbeat:41871,live_heartbeat_two_side,heartbeat:41871:no,2026-05-03 21:37:10.385000+00:00,2026-05-03 21:37:00+00:00,no,no,True,True,1,78.0,77.0,77.5,0.775,22.5,55.0,1.0,78897.36,78921.72,469.615,,41871,False,False,synced,bid>=98,latest_quote,-1.0,24.360000000000586,1.1241035097998258,8.707268345736063,,,29.469903660981977,0.8266060276353436,0.7957698000941029,29.68600716596765,0.8205886316677555,0.7940596873458847,41.889102132708814,0.5815355011149606,0.7195602005989468,71.51700799481085,0.3406182764492622,0.6333045156130108,78912.23,14.869999999995343,0.2478333333332557,0.0,140.74625083329747,0.9999989375347808,0.9996102495047442,0.9754666078633496,78927.9,30.5399999999936,0.1696666666666311,0.0,104.03801166665056,0.9997713655706466,0.9934978847580958,0.9271281325681447,78918.31,20.94999999999709,0.0698333333333236,0.0,57.15478083332936,0.972904736605724,0.9137839890155036,0.7879062402885277,78919.15,21.7899999999936,0.036316666666656,0.0,41.41485141666224,0.918506663382532,0.8385897484151766,0.7187360936695497,78968.77,71.41000000000349,0.0793444444444483,0.0,61.62134127778018,0.9810424142134088,0.9293624210266096,0.8055549668038304,78953.57,56.2100000000064,0.0312277777777813,0.0,39.02503286111336,0.90567672662289,0.8242354260142356,0.7073552697954941,79130.21,232.85000000000585,0.0646805555555571,0.0,54.734959097223566,0.9673936058335748,0.904336483011668,0.7779659946809425,-0.0190596873458847,True,0.7845298436729424,0.8473214746505363,0.775,heartbeat:41871,two_side_all_heartbeats,0.7472801002994733,0.775,0.8202988535249103,0.0190596873458847,0.05543979940105326,2026-05-03 21:45:00+00:00,0.41188062530823055,0.5881193746917694,0.5608795988021065,0.43912040119789353,0.7333909687739784,0.26660903122602164,0.43912040119789353,0.5608795988021065,0.0,0.73227759354965,0.6354282607786308,0.7423887967748252,0.7621792704353975,0.6720298436729424,0.6815596873458848,0.8016107909940872,0.6854098483523419,0.7282798436729424,0.7469679062037654,0.7095917811421193,0.7502064582305898,0.6815596873458848,0.725626309447803,0.7010461606650162,0.730833536188104,0.7532016194339675,0.6815596873458848,0.741585239169986,0.6815596873458848,holdout,2,80.0,22.0,20.0,0.8,-4.679838056603259
KXBTC15M-26MAY031800-00,heartbeat:41968,live_heartbeat_two_side,heartbeat:41968:yes,2026-05-03 21:54:11.777000+00:00,2026-05-03 21:54:00+00:00,yes,yes,True,True,1,90.0,89.0,89.5,0.895,10.5,79.0,1.0,78754.62,78686.05,348.223,,41968,True,False,synced,bid>=98,latest_quote,1.0,68.56999999999243,3.674560676553384,28.463024609839827,,,90.74204580356584,0.7556585196285918,0.7750730199618587,79.70867156601028,0.8602577191768473,0.8051765029840428,64.05554682941961,1.07047716230719,0.8577977083478827,58.14723006987271,1.1792479180451965,0.880850264811087,78727.36,27.25999999999476,0.454333333333246,0.0,226.77931633329536,0.9977801411684116,0.9998002047295372,0.999951921141852,78695.5,59.11999999999534,0.3284444444444185,0.0,182.9419097777612,0.9891372149733062,0.997854847125238,0.9991729216899417,78705.27,49.34999999999127,0.1644999999999709,0.0,125.8526834999823,0.9428214545753906,0.9752780014208936,0.9847823891784182,78738.39,16.229999999995925,0.0270499999999932,0.0,77.98943214999007,0.8360693893223972,0.8882983357546241,0.91007884362282,78875.32,-120.70000000001164,-0.134111111111124,120.70000000001164,21.86942655554348,0.6080986875401118,0.6336038322070746,0.6465803422070164,78966.5,-211.88000000000463,-0.1177111111111137,211.88000000000463,27.58028375554709,0.6353337499596459,0.6666088290301543,0.6823634572940789,78884.55,-129.93000000000757,-0.0360916666666687,129.93000000000757,56.00205155832504,0.7588425374970634,0.8090152702348105,0.832253289234175,0.0898234970159572,True,0.8500882514920214,0.8809993191864778,0.8051765029840428,heartbeat:41968,two_side_all_heartbeats,0.8763988541739414,0.8051765029840428,0.8776172418102909,0.08982349701595727,0.0372022916521173,2026-05-03 22:00:00+00:00,0.3896469940319145,0.6103530059680855,0.28440458330423457,0.7155954166957654,0.23829947037782606,0.7617005296221739,0.6103530059680855,0.3896469940319145,1.0,0.7467294538792555,0.8151370208522475,0.8156147269396279,0.820396872397167,0.7975882514920214,0.7526765029840428,0.7991525424070994,0.5046351514256245,0.8238382514920214,0.8523029508952128,0.7953735520888299,0.8176176686560286,0.7526765029840428,0.7882349032904521,0.7588521379248755,0.8358818738915502,0.8261030160681285,0.7526765029840428,0.775914522695571,0.7526765029840428,holdout,1,91.0,10.0,9.0,0.91,-8.389698393187146
KXBTC15M-26MAY031815-15,heartbeat:42039,live_heartbeat_two_side,heartbeat:42039:yes,2026-05-03 22:01:12.227000+00:00,2026-05-03 22:01:00+00:00,yes,yes,True,True,1,89.0,88.0,88.5,0.885,11.5,77.0,1.0,78970.1,78830.82,827.773,,42039,True,False,synced,bid>=98,latest_quote,1.0,139.27999999999884,4.840978231998871,37.4980561437685,,,231.68052542165296,0.6011726697637301,0.7261375071384107,166.83040968471204,0.8348597852347187,0.7981016702077062,145.6222114508654,0.9564474994049484,0.8305769016201996,113.5795719000585,1.2262768530467327,0.8899527455883841,78822.53,147.57000000000698,2.4595000000001166,0.0,2175.1876935000955,1.0,1.0,1.0,78782.26,187.84000000001103,1.043555555555617,0.0,1003.1071128889388,0.9999999990879068,0.9999999999971791,1.0,78771.78,198.32000000000696,0.6610666666666899,0.0,686.4931378666847,0.9999806339860268,0.9999987867260236,0.9999999992490493,78695.5,274.6000000000058,0.4576666666666764,0.0,518.1241096666736,0.9990508329641774,0.999813156717011,0.999997463814318,78717.51,252.59000000001103,0.2806555555555678,0.0,371.5990911888979,0.9870399312441936,0.9946416341940716,0.9994654986795588,78928.77,41.33000000000175,0.022961111111112,0.0,158.28658782777742,0.8286356199459639,0.861474378109593,0.918283574154116,78890.88,79.22000000000116,0.0220055555555558,0.0,157.495604738888,0.8274269653616952,0.8602705314562159,0.9172264029348502,0.0868983297922938,True,0.8415508351038531,0.8943607680645776,0.7981016702077062,heartbeat:42039,two_side_all_heartbeats,0.8577884508100998,0.7981016702077062,0.8819266278595171,0.08689832979229384,0.054423098379800416,2026-05-03 22:15:00+00:00,0.40379665958458766,0.5962033404154123,0.3388461967596008,0.6611538032403992,0.22009450882323178,0.7799054911767682,0.5962033404154123,0.40379665958458766,0.0,0.737532171270018,0.7797499721062594,0.805516085635009,0.8170141490336116,0.7840508351038531,0.7406016702077062,0.8530469619010584,0.696201403814015,0.8128008351038531,0.8416805010623118,0.7839211691453942,0.8079011134718042,0.7406016702077062,0.7782230036153356,0.7485448937588669,0.8241725509682034,0.8157891823314345,0.7406016702077062,0.7968243160543823,0.7406016702077062,holdout,1,90.0,11.0,10.0,0.9,-8.421081766856545
KXBTC15M-26MAY031845-45,heartbeat:42325,live_heartbeat_two_side,heartbeat:42325:yes,2026-05-03 22:35:00.056000+00:00,2026-05-03 22:35:00+00:00,yes,yes,True,True,1,86.0,85.0,85.5,0.855,14.5,71.0,1.0,79179.15,79054.41,599.944,,42325,False,False,synced,bid>=98,latest_quote,1.0,124.73999999999069,5.092726841377451,39.44809248687673,,,149.94244930903108,0.8319191834922064,0.7972727185378323,169.51859556499264,0.7358484748191885,0.7690885415113149,228.37490843680317,0.5462071155444349,0.7075382122397941,192.69491761807848,0.647344525439044,0.7412955047197526,79102.51,76.63999999999942,1.2773333333333237,0.0,891.0684693333181,0.999999926574422,0.9999522558817256,0.999998120171715,79038.73,140.41999999999825,0.7801111111111014,0.0,592.7629804444293,0.9997645124300998,0.9952782869009358,0.9989516206651056,79072.16,106.98999999999069,0.3566333333333022,0.0,338.7000285333054,0.9771422693745796,0.9309744505438236,0.9606007919758176,79013.93,165.22000000000116,0.2753666666666686,0.0,289.9445794666585,0.9564040201002264,0.897886265895509,0.9337970771355066,79219.66,-40.51000000000931,-0.0450111111111214,40.51000000000931,97.73585395554004,0.7178780739870148,0.6656607205108492,0.6939945578965235,79108.01,71.13999999999942,0.0395222222222218,0.0,148.45112008887938,0.8094093391091088,0.7421643961788561,0.7794670661781626,78920.01,259.1399999999994,0.0719833333333331,0.0,167.92596893332393,0.8390607531986078,0.7689241270947013,0.8082485607108474,0.085911458488685,True,0.8120442707556574,0.8670769369619649,0.7690885415113149,heartbeat:42325,two_side_all_heartbeats,0.7812691061198971,0.7690885415113149,0.8536550163283104,0.08591145848868509,0.1474617877602059,2026-05-03 22:45:00+00:00,0.4618229169773702,0.5381770830226298,0.5849235755204119,0.41507642447958815,0.5174089905604948,0.48259100943950517,0.41507642447958815,0.5849235755204119,0.8102000000001862,0.6998151039647094,0.6197996759117322,0.7701575519823547,0.7823717789198126,0.7395442707556574,0.6965885415113149,0.7814627246305641,0.4738513099600505,0.7757942707556574,0.8074765624533944,0.7441119790579204,0.7735590276742098,0.6965885415113149,0.7411848185975709,0.708810609520932,0.7862951546361183,0.7806653952771757,0.6965885415113149,0.7390256330709395,0.6965885415113149,holdout,1,87.0,14.0,13.0,0.87,-8.933460472282434
KXBTC15M-26MAY031900-00,heartbeat:42410,live_heartbeat_two_side,heartbeat:42410:no,2026-05-03 22:53:01.652000+00:00,2026-05-03 22:53:00+00:00,no,no,True,True,1,85.0,84.0,84.5,0.845,15.5,69.0,1.0,79185.56,79276.14,418.348,,42410,True,False,synced,bid>=98,latest_quote,-1.0,90.58000000000176,4.428569531709196,34.30355208766259,,,89.8648748931251,1.007957782256161,0.8432626349322087,115.78841011889904,0.782289003769793,0.7829776261184173,124.68050693687456,0.7264968857229798,0.7662328920123757,164.18950516798284,0.5516795967399319,0.7094160543522603,79226.17,40.61000000000058,0.6768333333333431,0.0,373.7318713333392,0.9993760816536704,0.9986390541854976,0.9885836566775617,79333.08,147.52000000000407,0.8195555555555782,0.0,433.4394275555668,0.9999092174891816,0.9997459040064808,0.995853143929834,79317.02,131.4600000000064,0.4382000000000213,0.0,273.9000936000107,0.990997676273487,0.985983193895992,0.9523614775650884,79300.17,114.61000000000058,0.1910166666666676,0.0,170.49144046666882,0.929548897128332,0.9142541837383054,0.8504538963029973,79108.75,-76.80999999999767,-0.0853444444444418,76.80999999999767,54.87632235555838,0.6822273080947094,0.6700805289496213,0.6308953051055521,79112.9,-72.66000000000349,-0.0403666666666686,72.66000000000349,73.69268573333427,0.7377560340463195,0.7227572711702326,0.6732217759749588,78727.36,-458.1999999999971,-0.1272777777777769,458.1999999999971,37.33359622222431,0.6264363209433056,0.6176955790842061,0.5899363063204022,0.0620223738815827,True,0.8139888130592086,0.8729917674639681,0.7829776261184173,heartbeat:42410,two_side_all_heartbeats,0.8056164460061879,0.7829776261184173,0.8555928230902226,0.062022373881582715,0.07876710798762432,2026-05-03 23:00:00+00:00,0.4340447477631655,0.5659552522368345,0.4675342159752487,0.5324657840247513,0.5811678912954794,0.4188321087045206,0.5324657840247513,0.4675342159752487,1.0,0.7178709139539424,0.6961027596160883,0.7736854569769712,0.7882852246043199,0.7364888130592087,0.7054776261184172,0.777688348313906,0.4650550198641832,0.7752388130592086,0.8031432878355251,0.7473343382828921,0.7778184174122781,0.7054776261184172,0.7492801790899757,0.7207419407676734,0.7832514402130778,0.7831601966201741,0.7054776261184172,0.7415829872161617,0.7054776261184172,holdout,1,86.0,15.0,14.0,0.86,-7.6839803379825895
KXBTC15M-26MAY031915-15,heartbeat:42528,live_heartbeat_two_side,heartbeat:42528:yes,2026-05-03 23:04:02.706000+00:00,2026-05-03 23:04:00+00:00,yes,no,True,False,1,85.0,83.0,84.0,0.84,16.0,68.0,2.0,79289.34,79174.31,657.294,,42528,True,False,synced,bid>=98,latest_quote,1.0,115.02999999999884,4.486743949588933,34.75416919090966,,,152.4705858180227,0.7544405983806601,0.7747076493142434,128.8927226925311,0.8924475920521806,0.8139234642576523,136.64566968157885,0.8418122598985366,0.8000534757978288,192.90640899301653,0.5962995247304773,0.7245124257479014,79208.01,81.33000000000175,1.355500000000029,0.0,1005.992017000018,0.999999999999997,0.9999999999999094,0.9999999080530626,79131.1,158.2399999999907,0.8791111111110593,0.0,692.8644586666314,0.9999999618174508,0.9999998016338044,0.9998357442460704,79176.44,112.89999999999418,0.3763333333333139,0.0,362.39164199998606,0.99753502527647,0.9959998081356723,0.9698496063666562,79211.68,77.66000000000349,0.1294333333333391,0.0,200.10575340000264,0.9397284994666746,0.9284594891550204,0.8502067192937033,79320.0,-30.66000000000349,-0.0340666666666705,30.66000000000349,92.63818439999628,0.7638442434604019,0.7510965679996489,0.6844657487643854,79102.51,186.83000000000172,0.1037944444444454,0.0,183.2534655666661,0.922450847400052,0.9100535806617024,0.8289338339907636,79038.06,251.27999999999884,0.0697999999999996,0.0,160.90912119999862,0.894056909133049,0.8805149112535626,0.7978962777825644,0.0260765357423476,True,0.8269617321288261,0.883819496511374,0.8139234642576523,heartbeat:42528,two_side_all_heartbeats,0.8200267378989143,0.8139234642576523,0.8636840443325897,0.026076535742347695,0.03994652420217115,2026-05-03 23:15:00+00:00,0.37215307148469545,0.6278469285153045,0.39989304840434237,0.6001069515956576,0.5509751485041972,0.44902485149580285,0.6001069515956576,0.39989304840434237,0.6132000000000698,0.758100503534948,0.7400695185371774,0.791050251767474,0.806803754295121,0.7469617321288261,0.7339234642576522,0.8118087371841166,0.6049604310429376,0.786961732128826,0.8081770392772956,0.7657464249803565,0.7959489761717681,0.7339234642576522,0.7733828897984932,0.7508168034252185,0.7919013229884037,0.7994487120482087,0.7339234642576522,0.7728661007208844,0.7339234642576522,holdout,1,86.0,-85.0,-86.0,0.86,-6.0551287951791295
KXBTC15M-26MAY031930-30,heartbeat:42594,live_heartbeat_two_side,heartbeat:42594:no,2026-05-03 23:17:03.868000+00:00,2026-05-03 23:17:00+00:00,no,no,True,True,1,75.0,74.0,74.5,0.745,25.5,49.0,1.0,78983.96,79065.32,776.132,,42594,False,False,synced,bid>=98,latest_quote,-1.0,81.36000000000058,2.9204054148222243,22.62136307156087,,,92.49397741532022,0.8796248390819502,0.8104687108734046,123.8408187222746,0.6569724008564455,0.744400668610526,112.40079254041964,0.7238383125345251,0.7654174974136395,146.42815823583786,0.5556308361740219,0.7107683765711531,79011.99,28.02999999999884,0.4671666666666472,0.0,443.9429993333188,0.999831323514428,0.9999608660737624,0.9987845569120616,79056.58,72.61999999999534,0.4034444444444185,0.0,394.4861435555361,0.9992773023353252,0.9997756418103966,0.9964706199071716,79073.14,89.17999999999302,0.2972666666666433,0.0,312.0781725333158,0.9941321653166696,0.9972524206435924,0.9834666126127484,79196.71,212.75,0.3545833333333333,0.0,356.5634716666672,0.9980066232966136,0.9992436876754144,0.9925556376870764,79170.06,186.09999999999127,0.206777777777768,0.0,241.84685022221527,0.9745833753107752,0.9842874240719894,0.950696191659448,79338.49,354.52999999999884,0.1969611111111104,0.0,234.22782108888896,0.9707119825824776,0.981413671805054,0.945157340847506,79136.29,152.3299999999872,0.0423138888888853,0.0,114.20116321110892,0.8217776776255741,0.8451894543150158,0.782278834470286,0.0005993313894739,True,0.744700334305263,0.8278442779757319,0.744400668610526,heartbeat:42594,two_side_all_heartbeats,0.7552087487068198,0.744400668610526,0.7946466336464917,0.0005993313894739893,0.020417497413639518,2026-05-03 23:30:00+00:00,0.511198662778948,0.488801337221052,0.469165005172721,0.530834994827279,0.5784632468576938,0.4215367531423062,0.488801337221052,0.511198662778948,0.0,0.6677208691936838,0.6950427466377314,0.6936104345968419,0.7185236511285089,0.617200334305263,0.616900668610526,0.7690267673685969,0.588214553752719,0.680950334305263,0.7065702005831578,0.6553304680273682,0.7021004457403506,0.616900668610526,0.6719775272320192,0.6418546087236877,0.6844432496484181,0.7052658168863435,0.616900668610526,0.6929637179895614,0.616900668610526,holdout,2,77.0,25.0,23.0,0.77,-6.4734183113656485
KXBTC15M-26MAY031945-45,heartbeat:42705,live_heartbeat_two_side,heartbeat:42705:no,2026-05-03 23:43:21.132000+00:00,2026-05-03 23:43:00+00:00,no,no,True,True,1,93.0,93.0,93.0,0.93,7.0,86.0,0.0,78611.21,78646.76,98.868,,42705,False,False,synced,bid>=98,last_decisive_quote,-1.0,35.54999999998836,3.575293757456806,27.69410636085909,,,48.10309232165146,0.7390377267697427,0.7700579555256635,44.05344635546261,0.8069743218984314,0.79015936134028,49.73705167795414,0.7147588930315673,0.7626209800947803,46.31425548549582,0.767582240658527,0.7786322917044655,78631.97,20.75999999999476,0.3459999999999127,0.0,69.75832799997973,0.9433454400761768,0.919623343313907,0.9339915161507653,78677.98,66.76999999998952,0.3709444444443862,0.0,72.22453533331594,0.9494428403043852,0.9267669071522556,0.9405544567459982,78616.09,4.879999999990105,0.0162666666666336,0.0,37.1582527999851,0.8005203058013995,0.772496588616028,0.7888123117835124,78684.71,73.5,0.1225,0.0,47.661329999988354,0.8603510454002354,0.8310357005642639,0.8482802566542494,78638.04,26.829999999987194,0.0298111111110968,0.0,38.49736493332029,0.8089078206169946,0.7805398770455598,0.7970755006085933,79074.84,463.6299999999901,0.2575722222222167,0.0,61.01565046665448,0.9169794136051655,0.8900444456813126,0.9061522315245496,79300.17,688.9599999999919,0.1913777777777755,0.0,54.47113813332147,0.8918596188706143,0.8632816084740709,0.8802266054573387,0.13984063865972,True,0.8600796806701401,0.8402265557138932,0.79015936134028,heartbeat:42705,two_side_all_heartbeats,0.8463104900473901,0.79015936134028,0.862151869562364,0.13984063865972007,0.16737901990521975,2026-05-03 23:45:00+00:00,0.41968127731944005,0.58031872268056,0.4747580398104394,0.5252419601895606,0.4427354165910691,0.5572645834089309,0.5252419601895606,0.4747580398104394,0.0,0.7272071697423639,0.6914072741232143,0.8251035848711821,0.812155615451322,0.82507968067014,0.75515936134028,0.82718374183042,0.6603707532606999,0.84257968067014,0.877547808402084,0.807611552938196,0.8251062408935201,0.75515936134028,0.7873388044687017,0.7495713680438834,0.8648890921342327,0.8428558341305641,0.75515936134028,0.79117155158535,0.75515936134028,holdout,1,94.0,7.0,6.0,0.94,-9.714416586943585
KXBTC15M-26MAY032000-00,heartbeat:42742,live_heartbeat_two_side,heartbeat:42742:no,2026-05-03 23:51:06.840000+00:00,2026-05-03 23:51:00+00:00,no,no,True,True,1,75.0,74.0,74.5,0.745,25.5,49.0,1.0,78528.16,78585.0,533.16,,42742,False,False,synced,bid>=98,last_decisive_quote,-1.0,56.83999999999651,2.461644247252081,19.06781434778921,,,101.15271150630308,0.5619226529231959,0.7129156405582108,102.86340305933685,0.5525774795454541,0.7097236167652778,121.93260353311544,0.4661591596751188,0.6794492100109559,107.00430740556702,0.5311935694753102,0.7023576756703855,78573.12,44.95999999999185,0.7493333333331975,0.0,456.3545599999241,0.9999954285545342,0.9999089655219244,0.9999899970171264,78577.13,48.97000000000117,0.272055555555562,0.0,201.88914,0.9751589917379384,0.951113133148744,0.9704022426381156,78521.98,-6.180000000007567,-0.0206000000000252,6.180000000007567,45.85690399998306,0.6721305398909756,0.646572783929303,0.6658753380746136,78663.03,134.86999999999534,0.2247833333333255,0.0,176.68548199999236,0.9570716769600812,0.9263370940790214,0.9506510994511488,78627.7,99.5399999999936,0.1105999999999928,0.0,115.80749599999272,0.8698828860074455,0.8288845316229114,0.8604335981047094,78959.55,431.3899999999994,0.2396611111111108,0.0,184.61771799999636,0.9636560386758894,0.9349993062249392,0.9577659708368126,79296.28,768.1199999999953,0.2133666666666653,0.0,170.5985719999958,0.9513913317859656,0.9191117794199284,0.9445672497816332,0.0352763832347221,True,0.727361808382639,0.7089513855520845,0.7097236167652778,heartbeat:42742,two_side_all_heartbeats,0.7122246050054779,0.6721305398909756,0.7198431930077784,0.03527638323472215,0.06555078998904407,2026-05-04 00:00:00+00:00,0.5805527664694443,0.4194472335305557,0.6411015799780881,0.35889842002191186,0.5952846486592289,0.4047153513407711,0.35889842002191186,0.6411015799780881,0.0,0.6226407017948612,0.5832839730142427,0.6710703508974305,0.6637834048865281,0.5998618083826389,0.5822236167652779,0.687287916360834,0.48666028751965323,0.663611808382639,0.6961670850295834,0.6310565317356945,0.678982411176852,0.5822236167652779,0.6440233779486179,0.6090643447203836,0.6686342554924993,0.6826601099176047,0.5822236167652779,0.6347557665630559,0.5822236167652779,holdout,2,77.0,25.0,23.0,0.77,-8.733989008239533
KXBTC15M-26MAY032015-15,heartbeat:42794,live_heartbeat_two_side,heartbeat:42794:no,2026-05-04 00:01:07.904000+00:00,2026-05-04 00:01:00+00:00,no,no,True,True,1,69.0,68.0,68.5,0.685,31.5,37.0,1.0,78463.24,78553.96,832.096,,42794,False,False,synced,bid>=98,latest_quote,-1.0,90.72000000000116,3.144968677330033,24.36082262328637,,,166.90267609203022,0.5435503020333725,0.7066245165141934,128.60553559465473,0.7054128702977214,0.7597233315557083,127.50896144126648,0.7114794048557038,0.7616063956115595,137.6417690969824,0.6591022521374297,0.7450849452183151,78558.89,95.64999999999418,1.5941666666665697,0.0,1417.2197066665872,1.0,1.0,1.0,78538.55,75.30999999999767,0.4183888888888759,0.0,438.8597208888793,0.9996780891220686,0.9997110661260348,0.9992847361893132,78574.66,111.41999999999824,0.3713999999999942,0.0,399.7604543999963,0.999059557974566,0.9991411855597871,0.9981599423634008,78528.16,64.91999999999825,0.108199999999997,0.0,180.75278719999875,0.9200610261375756,0.9218417234553796,0.9054441955833848,78521.98,58.73999999999069,0.0652666666666563,0.0,145.0281322666592,0.8702761387762585,0.8723135279974388,0.8539815373450379,78692.98,229.7399999999907,0.1276333333333281,0.0,196.9231861333302,0.937142310373102,0.9387526997772668,0.9237409633607868,79131.1,667.8600000000006,0.1855166666666668,0.0,245.087676266668,0.9716575031523624,0.9727047446153804,0.962512718576786,-0.0747233315557082,True,0.7223616657778542,0.8145942965100915,0.685,heartbeat:42794,two_side_all_heartbeats,0.7233031978057798,0.685,0.7702289110616257,0.0747233315557082,0.07660639561155946,2026-05-04 00:15:00+00:00,0.4805533368885835,0.5194466631114165,0.47678720877688097,0.523212791223119,0.5098301095633697,0.4901698904366303,0.5194466631114165,0.4805533368885835,0.0,0.6876403310224207,0.6900883142950274,0.6705701655112104,0.701976121308667,0.5648616657778542,0.6022233315557084,0.7536735773727674,0.6193526189088732,0.6436116657778542,0.6601669994667125,0.6270563320889959,0.6823155543704722,0.6022233315557084,0.6501519953161288,0.6179884362617855,0.6446929754179918,0.6858774368706704,0.6022233315557084,0.6779484544642379,0.6022233315557084,holdout,2,71.0,31.0,29.0,0.71,-2.4122563129329677
KXBTC15M-26MAY032030-30,heartbeat:42963,live_heartbeat_two_side,heartbeat:42963:no,2026-05-04 00:18:09.406000+00:00,2026-05-04 00:18:00+00:00,no,no,True,True,1,77.0,76.0,76.5,0.765,23.5,53.0,1.0,78407.06,78487.82,710.594,,42963,True,False,synced,bid>=98,last_decisive_quote,-1.0,80.76000000000931,3.0296017445898205,23.467194204874623,,,120.32177008605754,0.6712002320298934,0.748953509558571,120.18273592202512,0.6719767142961915,0.749200739717108,115.15147870404304,0.701337064090813,0.7584536558549386,127.55834397100077,0.6331220482006993,0.7366730273910077,78465.51,58.44999999999709,0.974166666666618,0.0,772.9969883333082,0.9999999999369688,0.9999999999904584,0.9999999993191742,78505.96,98.90000000000872,0.5494444444444929,0.0,471.19192555559937,0.999955840937342,0.999978610218438,0.999889593824784,78483.99,76.93000000000757,0.2564333333333585,0.0,262.9799880666939,0.9856713077059064,0.9888076006951874,0.9803792140853936,78505.34,98.27999999999884,0.163799999999998,0.0,197.15529720000796,0.9495455025772532,0.9565644398441018,0.9389004610183498,78500.0,92.94000000000231,0.1032666666666692,0.0,154.1406737333445,0.9001755574390156,0.909647987316872,0.886552030595855,78577.13,170.07000000000698,0.0944833333333372,0.0,147.89928976667875,0.8907675068436147,0.900497055790291,0.8768664200692732,78985.73,578.6699999999983,0.1607416666666661,0.0,194.9820638833423,0.947638992731701,0.9547975602083822,0.9368146614042114,0.015799260282892,True,0.757100369858554,0.8332906824743381,0.749200739717108,heartbeat:42963,two_side_all_heartbeats,0.7617268279274694,0.749200739717108,0.8043944834563137,0.015799260282892025,0.006546344145061389,2026-05-04 00:30:00+00:00,0.501598520565784,0.498401479434216,0.48309268829012275,0.5169073117098772,0.5266539452179846,0.4733460547820154,0.498401479434216,0.501598520565784,0.0,0.6739609616322403,0.6859897526114201,0.7077304808161203,0.7297976115867109,0.639600369858554,0.6317007397171079,0.7777346313997353,0.5969686102048066,0.698350369858554,0.7250102219151323,0.6716905178019755,0.7153004931447388,0.6317007397171079,0.6855680943284023,0.6558356955120658,0.7026408343220184,0.7187065667986374,0.6317007397171079,0.7047176855584216,0.6317007397171079,holdout,2,79.0,23.0,21.0,0.79,-7.1293433201362575
KXBTC15M-26MAY032045-45,heartbeat:43125,live_heartbeat_two_side,heartbeat:43125:no,2026-05-04 00:39:41.291000+00:00,2026-05-04 00:39:00+00:00,no,no,True,True,1,72.0,71.0,71.5,0.715,28.5,43.0,1.0,78330.14,78383.24,318.709,,43125,False,False,synced,mid>=95,last_decisive_quote,-1.0,53.10000000000582,2.974386198485096,23.03949642384393,,,48.82990491761193,1.0874483595575006,0.861580645547247,88.56330574945738,0.5995711152678056,0.7256039489199481,91.31293313427548,0.5815167488040536,0.7195538832974224,80.98870509240119,0.6556469811367308,0.7439743552441218,78336.86,6.720000000001164,0.1120000000000194,0.0,88.795408000012,0.8419780597884223,0.8345815882747845,0.8635464753526434,78395.89,65.75,0.3652777777777777,0.0,169.5173152777836,0.9721950781535996,0.9683048263573002,0.9818298066527168,78407.14,77.0,0.2566666666666666,0.0,134.90197666667248,0.9361489792359944,0.9302102746816698,0.952112290183552,78423.47,93.33000000000176,0.1555500000000029,0.0,102.67518495000677,0.8768416532123107,0.8695851006121438,0.8975602469151513,78324.04,-6.100000000005821,-0.0067777777777842,6.100000000005821,50.93986122222598,0.7174152888650622,0.7115301122160099,0.7353172497013962,78521.22,191.08000000000172,0.1061555555555565,0.0,86.93273095556168,0.8368487160569443,0.8294593362379762,0.8584526484832307,78679.38,349.24000000000524,0.0970111111111125,0.0,84.0183142111174,0.8286085275399326,0.8212434227810081,0.8502270771701828,-0.010603948919948,True,0.720301974459974,0.7922509760519808,0.715,heartbeat:43125,two_side_all_heartbeats,0.7172769416487113,0.715,0.7624109805231833,0.010603948919948092,0.004553883297422456,2026-05-04 00:45:00+00:00,0.5487921021601039,0.4512078978398961,0.5608922334051551,0.43910776659484485,0.5120512895117564,0.4879487104882436,0.43910776659484485,0.5608922334051551,0.12200000000011642,0.6432851335959324,0.6354200482866491,0.6648925667979662,0.6870074647215657,0.577801974459974,0.5831039489199481,0.729931770307167,0.5204227957634723,0.6490519744599741,0.6754311846759844,0.6226727642439637,0.6745692992799653,0.5831039489199481,0.6421590548333537,0.6097488103867419,0.6519589029970547,0.6775607751905512,0.5831039489199481,0.6565178596135576,0.5831039489199481,holdout,2,74.0,28.0,26.0,0.74,-6.243922480944875
KXBTC15M-26MAY032100-00,heartbeat:43157,live_heartbeat_two_side,heartbeat:43157:yes,2026-05-04 00:46:12.052000+00:00,2026-05-04 00:46:00+00:00,yes,yes,True,True,1,72.0,71.0,71.5,0.715,28.5,43.0,1.0,78434.0,78375.15,827.948,,43157,False,False,synced,bid>=98,last_decisive_quote,1.0,58.85000000000582,2.0452431014945023,15.842384942067625,,,82.61257587672108,0.712361276421461,0.7618794558961426,105.9348472365282,0.5555301351273702,0.7107339481361481,141.29460793670376,0.4165056321637487,0.6614799765422205,130.98066851555026,0.449302944220498,0.6733934329110268,78380.62,53.38000000000466,0.8896666666667443,0.0,795.4477373334034,0.9999999999999702,0.9999999909743824,0.9999999993723516,78364.38,69.61999999999534,0.3867777777777519,0.0,379.08188755554,0.999827176853474,0.9963508589977396,0.9980992609968912,78355.0,79.0,0.2633333333333333,0.0,276.87630666667246,0.9955209244573217,0.9749768122304534,0.982736879435649,78395.89,38.11000000000058,0.0635166666666676,0.0,111.43849713333996,0.8535894794795438,0.7848551572301556,0.8025600753402101,78334.43,99.57000000000698,0.110633333333341,0.0,150.44864706667892,0.9222252365998564,0.8565138118983907,0.8746462161313135,78497.02,-63.02000000000408,-0.0350111111111133,63.02000000000408,29.86262057778173,0.6109884110066084,0.5836929295177556,0.5901739956311586,78521.98,-87.97999999999593,-0.0244388888888877,87.97999999999593,38.615870822228985,0.6422668921151882,0.607688840499649,0.6159347441439622,0.0042660518638518,True,0.712866974068074,0.8070849575311566,0.7107339481361481,heartbeat:43157,two_side_all_heartbeats,0.6882399882711102,0.7107339481361481,0.7698243693323087,0.004266051863851872,0.05352002345777951,2026-05-04 01:00:00+00:00,0.5785321037277038,0.4214678962722962,0.6770400469155591,0.3229599530844409,0.6532131341779464,0.34678686582205365,0.3229599530844409,0.6770400469155591,0.0,0.6239541325769925,0.5599239695048865,0.6552270662884963,0.6832791587342284,0.570366974068074,0.568233948136148,0.7404711589595383,0.5210199887180283,0.6416169740680739,0.6709701844408443,0.6122637636953036,0.6646559654240987,0.568233948136148,0.6305545141767919,0.5964530629294851,0.6450203358418198,0.667699378891322,0.568233948136148,0.6543525535478432,0.568233948136148,holdout,2,74.0,28.0,26.0,0.74,-7.230062110867792
KXBTC15M-26MAY032115-15,heartbeat:43234,live_heartbeat_two_side,heartbeat:43234:no,2026-05-04 01:02:13.838000+00:00,2026-05-04 01:02:00+00:00,no,no,True,True,1,81.0,80.0,80.5,0.805,19.5,61.0,1.0,78445.01,78535.22,766.162,,43234,True,False,synced,bid>=98,last_decisive_quote,-1.0,90.2100000000064,3.259075179471997,25.244687788265992,,,133.6242378462759,0.6751020732016139,0.7501945417177416,129.03397617772342,0.6991181909775199,0.7577609144777658,108.59113629599868,0.8307307859281553,0.7969371346621061,126.24245081910112,0.714577381971716,0.7625648875573858,78503.94,58.93000000000757,0.9821666666667928,0.0,842.7087776667697,0.9999999999673136,0.9999999999999958,0.9999999999876654,78554.79,109.77999999999884,0.6098888888888824,0.0,557.4836908888904,0.9999922141183026,0.9999998580147628,0.999994972248586,78503.94,58.93000000000757,0.1964333333333585,0.0,240.70975553335907,0.9689426270051176,0.986676873036512,0.97172195687829,78403.6,-41.40999999998894,-0.0690166666666482,41.40999999998894,37.332052633353854,0.6138315756047308,0.6344961782854905,0.6162769350504461,78427.14,-17.869999999995343,-0.0198555555555503,17.869999999995343,74.99742784445482,0.7194546889530405,0.7551042297574035,0.723768875807929,78393.57,-51.439999999987776,-0.0285777777777709,51.439999999987776,68.31479262223382,0.7017473034232351,0.7353585326438113,0.7057943263710942,78498.22,53.2100000000064,0.0147805555555573,0.0,101.53430000556332,0.7843240435237854,0.8251096174091637,0.7893824067681565,0.0472390855222342,True,0.7813804572388829,0.8439011804942945,0.7577609144777658,heartbeat:43234,two_side_all_heartbeats,0.8009685673310531,0.7577609144777658,0.8236167997443533,0.047239085522234214,0.00806286533789391,2026-05-04 01:15:00+00:00,0.48447817104446833,0.5155218289555317,0.4061257306757877,0.5938742693242123,0.47487022488522834,0.5251297751147717,0.5155218289555317,0.48447817104446833,0.35739999999990685,0.6850891888210955,0.7360182750607379,0.7352945944105479,0.7516888571110596,0.683880457238883,0.6602609144777658,0.7767989826399112,0.540936091656062,0.7326304572388829,0.7615782743433297,0.703682640134436,0.7410072763185106,0.6602609144777658,0.7108746140477796,0.6807419517770487,0.7390718261800252,0.7454038395198076,0.6602609144777658,0.7185299485588386,0.6602609144777658,holdout,2,83.0,19.0,17.0,0.83,-8.459616048019242
KXBTC15M-26MAY032130-30,heartbeat:43307,live_heartbeat_two_side,heartbeat:43307:yes,2026-05-04 01:18:00.227000+00:00,2026-05-04 01:18:00+00:00,yes,yes,True,True,1,73.0,72.0,72.5,0.725,27.5,45.0,1.0,78506.82,78452.78,719.773,,43307,False,False,synced,bid>=98,last_decisive_quote,1.0,54.04000000000815,2.014269443963447,15.602464022489809,,,98.73716411529514,0.5473116478908162,0.7079176785538337,91.18106447990836,0.5926669128974228,0.7232979556292304,107.50933001429348,0.5026540486562746,0.6923962389749235,115.98269315035044,0.4659315845507669,0.6793677638075422,78456.49,50.33000000000175,0.8388333333333624,0.0,657.8095848333625,0.999999999999729,0.9999999995280774,0.9999999929272636,78444.02,62.80000000000291,0.348888888888905,0.0,305.160802222242,0.9995911847236134,0.9977334013325436,0.9957444143260868,78415.84,90.98000000001048,0.3032666666667016,0.0,272.3231584667,0.998589597826067,0.9943457562755108,0.9905618206950828,78452.03,54.79000000000815,0.0913166666666802,0.0,119.7672711166846,0.9054944807015692,0.8673641525750273,0.849111584876298,78432.63,74.19000000000233,0.0824333333333359,0.0,113.37328763334337,0.8931372443667205,0.8541829699276424,0.8358395985917146,78410.51,96.31000000001222,0.0535055555555623,0.0,92.55185423890194,0.8449551208040371,0.8053459385423392,0.7875589136710235,78407.06,99.76000000000931,0.0277111111111136,0.0,73.98570957778779,0.791436388341319,0.754330102476466,0.7382315923008149,0.0017020443707695,True,0.7241489778146152,0.8156291844850991,0.7232979556292304,heartbeat:43307,two_side_all_heartbeats,0.7086981194874618,0.7232979556292304,0.7792073062539826,0.0017020443707695954,0.03260376102507645,2026-05-04 01:30:00+00:00,0.5534040887415392,0.44659591125846076,0.6152075220501529,0.38479247794984706,0.6412644723849157,0.3587355276150843,0.38479247794984706,0.6152075220501529,0.0,0.6402873423179996,0.6001151106674005,0.6688936711589997,0.6962526309416064,0.5866489778146151,0.5857979556292303,0.7513668973798286,0.5464548710410675,0.6553989778146152,0.683239386688769,0.6275585689404612,0.6780319704194868,0.5857979556292303,0.6454204710365826,0.6128089716536784,0.6588134027205618,0.6811294589671247,0.5857979556292303,0.6685824265045295,0.5857979556292303,holdout,2,75.0,27.0,25.0,0.75,-6.887054103287525
KXBTC15M-26MAY032145-45,heartbeat:43372,live_heartbeat_two_side,heartbeat:43372:yes,2026-05-04 01:31:01.390000+00:00,2026-05-04 01:31:00+00:00,yes,yes,True,True,1,91.0,89.0,90.0,0.9,10.0,80.0,2.0,78759.98,78573.32,838.61,,43372,True,False,synced,bid>=98,last_decisive_quote,1.0,186.6599999999889,6.445717136990295,49.92831025185432,,,249.5616617444445,0.7479514228877512,0.7727552706459535,199.20181425875512,0.9370396584718106,0.825630920788204,161.30004735130387,1.1572222269312311,0.8764092105366349,137.88905871649823,1.353696962887856,0.9120834612543472,78592.02,167.95999999999185,2.7993333333331973,0.0,2534.2089266665416,1.0,1.0,1.0,78557.19,202.7899999999936,1.1266111111110757,0.0,1131.447343888848,0.999999993261514,0.9999999999988464,1.0,78443.17,316.8099999999977,1.0560333333333256,0.0,1072.260113666649,0.9999999633285052,0.9999999999851056,0.9999999999999962,78413.98,346.0,0.5766666666666667,0.0,670.2584333333223,0.9996168938688764,0.999983760625537,0.999999415594636,78473.61,286.36999999999534,0.3181888888888837,0.0,453.4963841110957,0.9885939684266192,0.9975345072779052,0.999497011290216,78503.94,256.0399999999936,0.1422444444444409,0.0,305.9476135555415,0.9377145727348242,0.97107024516422,0.9867496775202338,78334.43,425.5500000000029,0.1182083333333341,0.0,285.7906904166563,0.9243107264626929,0.9617857411542632,0.9808958566328247,0.074369079211796,True,0.8628154603941021,0.9085436280389031,0.825630920788204,heartbeat:43372,two_side_all_heartbeats,0.8882046052683175,0.825630920788204,0.8976892689021623,0.07436907921179603,0.023590789463365125,2026-05-04 01:45:00+00:00,0.348738158423592,0.651261841576408,0.2471815789267302,0.7528184210732698,0.17583307749130572,0.8241669225086943,0.651261841576408,0.348738158423592,0.0,0.7733201970246651,0.8393319736976254,0.8316600985123327,0.8416600948451832,0.812815460394102,0.7756309207882041,0.872815453059803,0.7512618379092585,0.837815460394102,0.8626892762364612,0.8129416445517428,0.833753947192136,0.7756309207882041,0.8082052856666382,0.7826566241411403,0.8479747840324187,0.8408002233719716,0.7756309207882041,0.8242231869240035,0.7756309207882041,holdout,1,92.0,9.0,8.0,0.92,-7.919977662802836
KXBTC15M-26MAY032200-00,heartbeat:43457,live_heartbeat_two_side,heartbeat:43457:yes,2026-05-04 01:49:17.946000+00:00,2026-05-04 01:49:00+00:00,yes,yes,True,True,1,75.0,74.0,74.5,0.745,25.5,49.0,1.0,78887.99,78814.54,642.054,,43457,False,False,synced,bid>=98,last_decisive_quote,1.0,73.45000000001164,2.8987183657698057,22.45337591194407,,,116.77686313940764,0.6289773335692995,0.7353180522343061,130.02241368852145,0.5649026034539452,0.7139299936074897,241.78244943224396,0.3037854905204563,0.619354339224474,183.7654316122416,0.3996943242023695,0.6553091634608537,78872.5,15.49000000000524,0.258166666666754,0.0,239.2069410000677,0.9670965117685888,0.8387535042956635,0.9034900351143024,78839.12,48.870000000009895,0.271500000000055,0.0,247.76766100004693,0.9716474157651316,0.847260487587832,0.9112161830267184,78827.14,60.85000000000582,0.2028333333333527,0.0,203.67995300002408,0.9413840535411766,0.8002207509989006,0.8661488096024963,78868.3,19.69000000000233,0.0328166666666705,0.0,94.52007210001412,0.7663723630624376,0.6520756012914574,0.6964969580776703,78949.08,-61.08999999999651,-0.0678777777777739,61.08999999999651,29.8688012666808,0.5908454802090001,0.5491586076587718,0.5645587586863194,78475.01,412.9800000000105,0.2294333333333391,0.0,220.75858940001535,0.9552319868148602,0.81939092455428,0.8851838159464138,78478.61,409.3800000000047,0.1137166666666679,0.0,146.46224070001247,0.8700100013998779,0.7276630755336037,0.7872763674686722,0.0310700063925103,True,0.7294649968037448,0.8001046823828887,0.7139299936074897,heartbeat:43457,two_side_all_heartbeats,0.682177169612237,0.7139299936074897,0.7749558087904822,0.03107000639251034,0.12564566077552597,2026-05-04 02:00:00+00:00,0.5721400127850207,0.4278599872149793,0.761291321551052,0.23870867844894805,0.6893816730782927,0.3106183269217073,0.23870867844894805,0.761291321551052,1.0,0.6281089916897364,0.5051606409918162,0.6738044958448683,0.693442901198986,0.6019649968037448,0.5864299936074896,0.6932418075119801,0.32199839256909696,0.6657149968037448,0.6974289980822468,0.6340009955252427,0.681786662404993,0.5864299936074896,0.6474816408157629,0.6131766192265329,0.6705499802765527,0.6853851692471666,0.5864299936074896,0.6398359005597348,0.5864299936074896,holdout,2,77.0,25.0,23.0,0.77,-8.46148307528334
KXBTC15M-26MAY032230-30,heartbeat:43619,live_heartbeat_two_side,heartbeat:43619:no,2026-05-04 02:24:06.331000+00:00,2026-05-04 02:24:00+00:00,no,no,True,True,1,92.0,91.0,91.5,0.915,8.5,83.0,1.0,79746.08,79919.51,353.669,,43619,False,False,synced,bid>=98,latest_quote,-1.0,173.42999999999302,9.222012931476902,71.43340500423898,,,125.32222015967952,1.3838727065241654,0.9168012823324952,200.28182453172803,0.8659297986998254,0.8067356696903356,324.9685242932038,0.5336824554845665,0.7032193752262293,264.300951132886,0.6561837907000017,0.7441470615268706,79823.44,77.36000000000058,1.289333333333343,0.0,629.427230666663,0.9991630354446268,0.9736204061031632,0.991378368885922,79913.64,167.55999999999767,0.930888888888876,0.0,502.6565424444329,0.9939591014314932,0.9390424892361318,0.9714035719147616,79849.76,103.67999999999302,0.3455999999999767,0.0,295.65800639998474,0.9300562198029614,0.818537336112271,0.8683534394275154,79935.25,189.16999999999825,0.3152833333333304,0.0,284.93594121665865,0.9225848019226572,0.8097053186171529,0.8594995974557835,79770.29,24.20999999999185,0.0268999999999909,0.0,182.9436960999898,0.8194921364711143,0.7132683267781161,0.7555876896637856,79184.6,-561.4799999999959,-0.311933333333331,561.4799999999959,63.10884993332715,0.6236572248706267,0.5769903134072998,0.5943605442663173,78431.57,-1314.5099999999948,-0.3651416666666652,1314.5099999999948,44.29071189166021,0.5875090437257992,0.55420489981805,0.5665418943507825,0.1082643303096644,True,0.8608678348451678,0.883930629831099,0.8067356696903356,heartbeat:43619,two_side_all_heartbeats,0.8091096876131147,0.8067356696903356,0.885531944867693,0.10826433030966442,0.2117806247737707,2026-05-04 02:30:00+00:00,0.3865286606193288,0.6134713393806712,0.5935612495475413,0.4064387504524587,0.5117058769462588,0.4882941230537412,0.4064387504524587,0.5935612495475413,0.0,0.7487563705974363,0.6141851877940981,0.8276281852987182,0.8291338072790143,0.8183678348451678,0.7642356696903356,0.8553790788057601,0.7064769613609674,0.8396178348451678,0.8697707009071006,0.8094649687832349,0.8286571131268904,0.7642356696903356,0.7969215308750316,0.7651859486231729,0.8552218274949829,0.8402940860991821,0.7642356696903356,0.8098073742480478,0.7642356696903356,holdout,1,93.0,8.0,7.0,0.93,-8.970591390081793
KXBTC15M-26MAY032245-45,heartbeat:43677,live_heartbeat_two_side,heartbeat:43677:yes,2026-05-04 02:37:07.510000+00:00,2026-05-04 02:37:00+00:00,yes,yes,True,True,1,86.0,85.0,85.5,0.855,14.5,71.0,1.0,79833.99,79693.73,472.49,,43677,False,False,synced,bid>=98,latest_quote,1.0,140.2600000000093,6.452641305837533,49.98194463311769,,,94.68277208868982,1.4813676966346854,0.930745691044149,166.3569863521384,0.8431265982608753,0.8004211777685628,194.0879903492137,0.7226619212638858,0.7650561922753407,284.73310739900126,0.4926016552176373,0.6888529608638155,79769.12,64.8700000000099,1.0811666666668316,0.0,651.1004383334206,0.9999545866533912,0.9996026961067936,0.988893457498568,79751.56,82.43000000000757,0.4579444444444865,0.0,356.6341705555848,0.9839750756941144,0.9669309874112926,0.8948099429083128,79740.0,93.99000000000524,0.3133000000000174,0.0,288.29111700001755,0.958449205801277,0.9312761525130642,0.8443495080190013,79748.97,85.02000000000407,0.1417000000000068,0.0,207.2118330000125,0.8935416770392143,0.8571535706936073,0.7666137938069622,79853.34,-19.34999999999127,-0.0214999999999902,19.34999999999127,130.1014650000139,0.7829109091868238,0.7486737520379899,0.6761372577743857,79804.91,29.080000000001743,0.0161555555555565,0.0,147.89333844445423,0.8130016544603688,0.7769673684092625,0.6982627112928674,78843.89,990.1000000000058,0.2750277777777793,0.0,270.2078747222323,0.9478403965778416,0.9180679669158254,0.8286862606136091,0.0545788222314371,True,0.8277105888842814,0.8712901278566133,0.8004211777685628,heartbeat:43677,two_side_all_heartbeats,0.8100280961376704,0.8004211777685628,0.8593161944908243,0.054578822231437174,0.08994380772465926,2026-05-04 02:45:00+00:00,0.3991576444628744,0.6008423555371256,0.46988761544931856,0.5301123845506814,0.6222940782723689,0.37770592172763107,0.5301123845506814,0.46988761544931856,0.3869999999998254,0.7405475310991316,0.6945730499579429,0.7905237655495658,0.8008686861296935,0.7552105888842814,0.7279211777685628,0.8145504300445455,0.6192872761172883,0.7914605888842814,0.8168763533305687,0.766044824437994,0.7944474518457086,0.7279211777685628,0.7684217567990074,0.7423960617523061,0.7988680041189768,0.7993867313283054,0.7279211777685628,0.7712358039065541,0.7279211777685628,holdout,1,87.0,14.0,13.0,0.87,-7.061326867169456
KXBTC15M-26MAY032300-00,heartbeat:43762,live_heartbeat_two_side,heartbeat:43762:yes,2026-05-04 02:52:23.978000+00:00,2026-05-04 02:52:00+00:00,yes,yes,True,True,1,74.0,73.0,73.5,0.735,26.5,47.0,1.0,80253.45,80136.39,456.022,,43762,False,False,synced,bid>=98,latest_quote,1.0,117.05999999999769,5.481704522682109,42.46110065035536,,,240.1698436813741,0.4874050722008944,0.6870143501106785,219.23621771986328,0.5339446247406766,0.7033100766747826,194.74422170029536,0.6010961402497937,0.7261120229894447,291.6375661109506,0.4013886193092948,0.6559329864758181,80105.92,147.52999999999884,2.458833333333314,0.0,1238.3420943333222,0.9999999919043696,0.9999999998983408,0.9999891271186568,80032.24,221.20999999999185,1.228944444444399,0.0,677.4857034444215,0.9989999210673496,0.9997482136944362,0.9899114955549004,80056.92,196.52999999999884,0.6550999999999961,0.0,415.8000121999959,0.9710586010029354,0.9836239192789444,0.9230286281476584,80175.12,78.33000000000175,0.1305500000000029,0.0,176.593672099999,0.7897329480392299,0.8177431879702182,0.727584702602144,79833.99,419.4599999999919,0.4660666666666576,0.0,329.5966534666602,0.933630228586457,0.9547207753393436,0.8707952634108846,79853.34,400.1100000000006,0.2222833333333336,0.0,218.42609023333117,0.8404489574145481,0.8689847848258293,0.7730606019740611,79164.8,1088.6499999999942,0.3024027777777762,0.0,254.96231952777472,0.8775765490251637,0.9047694626544605,0.8090072375721069,0.0316899233252173,True,0.7191550383373913,0.8031228925592394,0.7033100766747826,heartbeat:43762,two_side_all_heartbeats,0.7305560114947223,0.7033100766747826,0.7727047432030218,0.03168992332521736,0.008887977010555326,2026-05-04 03:00:00+00:00,0.5933798466504348,0.40662015334956525,0.5477759540211107,0.4522240459788893,0.6881340270483638,0.3118659729516362,0.40662015334956525,0.5933798466504348,0.0,0.6143030996772174,0.643945629886278,0.6614015498386088,0.6850074099389022,0.5866550383373913,0.5708100766747826,0.7398667585379783,0.5037260134498588,0.6529050383373913,0.6857430230024347,0.6200670536723478,0.6697067177831885,0.5708100766747826,0.6341481463200772,0.5985895748569658,0.6576071241709983,0.6732238835511114,0.5708100766747826,0.6553384176063805,0.5708100766747826,holdout,2,76.0,26.0,24.0,0.76,-8.677611644888856
KXBTC15M-26MAY032315-15,heartbeat:43811,live_heartbeat_two_side,heartbeat:43811:no,2026-05-04 03:03:10.117000+00:00,2026-05-04 03:03:00+00:00,no,yes,True,False,1,85.0,84.0,84.5,0.845,15.5,69.0,1.0,80018.91,80207.18,709.883,,43811,False,False,synced,bid>=98,latest_quote,-1.0,188.26999999998952,7.066229436304698,54.73477785457744,,,154.70616320251798,1.2169521633959393,0.888188791499209,265.4724629431211,0.7091884330026628,0.7608962247318288,247.87873860936196,0.7595246008439988,0.7762305982075473,247.05071903595385,0.7620702369726363,0.776990957326662,80048.0,29.089999999996508,0.4848333333332751,0.0,532.4449411666149,0.977553217627644,0.984143348309729,0.9844271014916576,80166.46,147.5500000000029,0.8197222222222383,0.0,770.1768702777788,0.9981410527639272,0.9990552453282752,0.9990879933496916,80344.04,325.1299999999901,1.0837666666666337,0.0,957.6175326332994,0.9998452522815404,0.9999440557983929,0.9999469493485608,80248.01,229.09999999999127,0.3818333333333187,0.0,459.3269921666459,0.958204924667959,0.9680610437727994,0.9685035548211328,80098.68,79.76999999998952,0.0886333333333217,0.0,251.18929656664795,0.8279759886155289,0.8445548196029545,0.8453642736472493,79724.0,-294.9100000000035,-0.1638388888888908,294.9100000000035,71.96355803887703,0.6068342093032141,0.6142133584569484,0.6145854710642412,79583.45,-435.4600000000064,-0.1209611111111128,435.4600000000064,102.40176356109936,0.6501531721374958,0.6602378423685067,0.6607448910143359,0.0841037752681711,True,0.8029481123659143,0.8685804923377898,0.7608962247318288,heartbeat:43811,two_side_all_heartbeats,0.8106152991037736,0.7608962247318288,0.8507379178758567,0.08410377526817114,0.06876940179245272,2026-05-04 03:15:00+00:00,0.47820755053634234,0.5217924494636577,0.4475388035849055,0.5524611964150945,0.446018085346676,0.553981914653324,0.5217924494636577,0.47820755053634234,0.0,0.6891650921513774,0.7090997776698114,0.7593325460756888,0.7748170713038428,0.7254481123659144,0.6833962247318288,0.8184171628222224,0.6217769746918117,0.7641981123659144,0.7965188674195486,0.7318773573122801,0.7630974831545525,0.6833962247318288,0.7301010712303899,0.6971046593062273,0.7742851303218526,0.7698819684231477,0.6833962247318288,0.7509066937770257,0.6833962247318288,holdout,1,86.0,-85.0,-86.0,0.86,-9.011803157685222
KXBTC15M-26MAY032330-30,heartbeat:43902,live_heartbeat_two_side,heartbeat:43902:no,2026-05-04 03:20:11.394000+00:00,2026-05-04 03:20:00+00:00,no,no,True,True,1,75.0,74.0,74.5,0.745,25.5,49.0,1.0,80190.0,80311.33,588.606,,43902,False,False,synced,bid>=98,last_decisive_quote,-1.0,121.33000000000176,5.000988492278962,38.73749029034271,,,112.44173011204757,1.0790477866099808,0.8597167872466647,213.6817245444168,0.567807098424936,0.714917020341725,219.60612451597245,0.5524891451339152,0.7096933652982741,213.4681836582144,0.5683750989059062,0.7151098524634967,80235.1,45.10000000000582,0.7516666666667636,0.0,563.7655100000588,0.9958343767151252,0.9948733332980452,0.9958666875465804,80254.7,64.69999999999709,0.3594444444444283,0.0,332.9011566666589,0.9403750717380324,0.9352278137198756,0.940559586274454,80366.05,176.0500000000029,0.5868333333333431,0.0,466.74362100000747,0.9855296592150088,0.9832220012635646,0.9856096966348212,80200.01,10.00999999999476,0.0166833333333246,0.0,131.14991009999662,0.7303139842290302,0.7248147917644725,0.7305168348272566,80100.15,-89.85000000000582,-0.0998333333333398,89.85000000000582,62.56750099999794,0.615165154637223,0.6121426155739664,0.6152770993098782,80129.71,-60.2899999999936,-0.0334944444444408,60.2899999999936,101.61496903333718,0.6828002052764999,0.6782155387560562,0.6829696753743782,79869.9,-320.1000000000058,-0.0889166666666682,320.1000000000058,68.9931165000008,0.6266061607850403,0.623303103638544,0.6267284634852387,0.030082979658275,True,0.7299585101708626,0.815148893185578,0.714917020341725,heartbeat:43902,two_side_all_heartbeats,0.727346682649137,0.714917020341725,0.7840810379455192,0.030082979658275,0.0353066347017259,2026-05-04 03:30:00+00:00,0.57016595931655,0.42983404068345,0.5806132694034518,0.4193867305965482,0.5697802950730066,0.43021970492699335,0.4193867305965482,0.5806132694034518,1.0,0.6293921264442425,0.6226013748877564,0.6744460632221212,0.698499029143622,0.6024585101708625,0.587417020341725,0.7025644420138641,0.32838700660495085,0.6662085101708626,0.6977251061025175,0.6346919142392076,0.6824446802278167,0.587417020341725,0.6482907675094324,0.6141368547910481,0.6709995084277515,0.6860251715207554,0.587417020341725,0.6449907311777946,0.587417020341725,holdout,2,77.0,25.0,23.0,0.77,-8.397482847924465
KXBTC15M-26MAY032345-45,heartbeat:43972,live_heartbeat_two_side,heartbeat:43972:no,2026-05-04 03:36:12.870000+00:00,2026-05-04 03:36:00+00:00,no,no,True,True,1,69.0,68.0,68.5,0.685,31.5,37.0,1.0,79989.22,80058.2,527.13,,43972,False,False,synced,bid>=98,latest_quote,-1.0,68.97999999999593,3.004445450786695,23.272334390971007,,,86.893179406265,0.7938482683143996,0.7863581155795829,83.85090499639634,0.822650632130452,0.7946466515802475,142.9065651498834,0.4826930094334593,0.6853431362244956,188.31991509919365,0.3662915839976994,0.6429262455559656,80043.23,54.00999999999476,0.9001666666665794,0.0,543.4848549999499,0.9999999999546112,0.9999285454153004,0.9980489278891148,80074.61,85.38999999999942,0.4743888888888856,0.0,319.0446149999942,0.9999290703020356,0.9872103508597264,0.9548828344883036,80081.69,92.47000000000116,0.3082333333333372,0.0,231.45903699999795,0.9971131522585012,0.9473465736675056,0.8904778948394283,80115.73,126.50999999999476,0.2108499999999912,0.0,180.1253604999913,0.9841495713484016,0.8962449244968695,0.8305866205030803,80216.45,227.22999999999595,0.2524777777777732,0.0,202.06861099999352,0.9920205921829468,0.921317741907956,0.8583660407143752,80208.51,219.2899999999936,0.1218277777777742,0.0,133.19907649999405,0.9439159180626752,0.8243501036405974,0.7603106279767586,79769.12,-220.10000000000585,-0.0611388888888905,220.10000000000585,36.75185749999508,0.6694156122741437,0.6014777851231858,0.5773647880329829,-0.1096466515802474,True,0.7398233257901238,0.8255866012795829,0.685,heartbeat:43972,two_side_all_heartbeats,0.6851715681122479,0.685,0.7803166259257746,0.10964665158024745,0.0003431362244955549,2026-05-04 03:45:00+00:00,0.410706696839505,0.589293303160495,0.6293137275510088,0.3706862724489912,0.7141475088880689,0.2858524911119311,0.3706862724489912,0.6293137275510088,0.0,0.7330406470543217,0.5909460770918442,0.693270323527161,0.724481638753011,0.5823233257901238,0.6371466515802475,0.7707459562418241,0.6890046183863451,0.6610733257901238,0.6706439954740743,0.6515026561061732,0.7055977677201651,0.6371466515802475,0.6726337380153227,0.6396697083104803,0.6614860626118364,0.710470637019295,0.6371466515802475,0.7039463039110359,0.6371466515802475,holdout,2,71.0,31.0,29.0,0.71,0.0470637019295026
KXBTC15M-26MAY040000-00,heartbeat:44022,live_heartbeat_two_side,heartbeat:44022:yes,2026-05-04 03:47:13.963000+00:00,2026-05-04 03:47:00+00:00,yes,yes,True,True,1,80.0,78.0,79.0,0.79,21.0,58.0,2.0,80067.86,79976.46,766.037,,44022,False,False,synced,bid>=98,latest_quote,1.0,91.39999999999418,3.3023364818263383,25.5797883953732,,,143.5758694756265,0.6365972244069209,0.7378063831975517,142.13744964527638,0.6430395383348688,0.739900777605154,127.01056235243404,0.7196251894891526,0.7641221007646248,203.0694321585397,0.4500923601767728,0.6736780773540525,79974.44,93.41999999999824,1.5569999999999709,0.0,1284.119608999972,1.0,1.0,0.9999999998721888,79970.97,96.88999999999942,0.5382777777777745,0.0,503.7406940555472,0.999802976677226,0.9999634758374,0.9934425299884112,79916.58,151.27999999999884,0.5042666666666628,0.0,477.6869245333245,0.9996113293153196,0.999915382816496,0.9906719672829098,80019.41,48.44999999999709,0.0807499999999951,0.0,153.25748774999045,0.8595354180750912,0.8862168110765032,0.7747869556630098,80064.42,3.4400000000023283,0.0038222222222248,0.0,94.3279636444406,0.7465393246869281,0.7711617053587938,0.6788591221520062,80254.7,-186.8399999999965,-0.103799999999998,186.8399999999965,11.885359399995664,0.533320230479434,0.5372776973480469,0.5233361890451382,80056.92,10.940000000002328,0.0030388888888895,0.0,93.72790132777246,0.7451861002318328,0.7697286761565142,0.6778000991682036,0.0500992223948459,True,0.764950388802577,0.8431707023068246,0.739900777605154,heartbeat:44022,two_side_all_heartbeats,0.7770610503823124,0.739900777605154,0.8168924991446102,0.05009922239484599,0.0258778992353752,2026-05-04 04:00:00+00:00,0.5201984447896919,0.4798015552103081,0.47175579847075033,0.5282442015292497,0.652643845291895,0.347356154708105,0.4798015552103081,0.5201984447896919,0.0,0.6618710108867003,0.6933587309940122,0.7154355054433502,0.7363966383748821,0.6599503888025771,0.6349007776051541,0.785872654665641,0.5797626881418401,0.712450388802577,0.7434702332815462,0.6814305443236077,0.7216005184034361,0.6349007776051541,0.6892866493170077,0.6569727802305791,0.7189203503709558,0.7260273294284127,0.6349007776051541,0.7103867161353976,0.6349007776051541,holdout,2,82.0,20.0,18.0,0.82,-9.397267057158729
KXBTC15M-26MAY040015-15,heartbeat:44087,live_heartbeat_two_side,heartbeat:44087:yes,2026-05-04 04:02:00.214000+00:00,2026-05-04 04:02:00+00:00,yes,yes,True,True,1,73.0,72.0,72.5,0.725,27.5,45.0,1.0,80372.34,80276.76,779.786,,44087,False,False,synced,bid>=98,latest_quote,1.0,95.58000000000176,3.4227825507993,26.51275963387006,,,142.08785940925745,0.6726823839656946,0.7494253114506365,159.65820827853452,0.5986538432979029,0.7252981286495426,153.8462351608259,0.6212696716308039,0.732788897491703,174.64125904400498,0.5472933516582019,0.7079113946801165,80330.4,41.94000000000233,0.6990000000000388,0.0,640.650414000032,0.9999699778790264,0.9999843794376482,0.9998779536539651,80264.99,107.34999999999128,0.5963888888888403,0.0,560.635706111075,0.9997771857833948,0.9998658511885186,0.9993368176358296,80286.0,86.33999999999651,0.2877999999999883,0.0,320.0024107999926,0.9774808533382292,0.9812379017883264,0.9665497143694872,80182.38,189.95999999999185,0.3165999999999864,0.0,342.46024759999113,0.9840219215573716,0.986992588874037,0.975056727249588,80067.86,304.4799999999959,0.3383111111111065,0.0,359.39026808888707,0.9878071601534824,0.9902553044989169,0.9801990393490796,80064.42,307.91999999999825,0.1710666666666657,0.0,228.9753917333343,0.9242366738727072,0.9316692768443736,0.9050911402163596,80048.0,324.3399999999965,0.0900944444444434,0.0,165.83438645555654,0.8505240793967124,0.8594659269716258,0.8288350223648253,-0.0002981286495425,True,0.7251490643247713,0.8092596606625907,0.725,heartbeat:44087,two_side_all_heartbeats,0.7288944487458515,0.725,0.7755856092625086,0.000298128649542595,0.007788897491702973,2026-05-04 04:15:00+00:00,0.5494037427009149,0.45059625729908515,0.5344222050165941,0.4655777949834059,0.5841772106397669,0.4158227893602331,0.45059625729908515,0.5494037427009149,0.0,0.6428875672444053,0.6526255667392138,0.6701937836222027,0.6954418689560257,0.5876490643247713,0.5877981286495426,0.7481452349924171,0.5483443426329081,0.6563990643247712,0.6838394385948627,0.6289586900546799,0.6793654190996952,0.5877981286495426,0.6469914358969755,0.6146174526942558,0.659739926554181,0.6824503873250178,0.5877981286495426,0.6679716818209799,0.5877981286495426,holdout,2,75.0,27.0,25.0,0.75,-6.754961267498217
KXBTC15M-26MAY040030-30,heartbeat:44149,live_heartbeat_two_side,heartbeat:44149:yes,2026-05-04 04:16:01.419000+00:00,2026-05-04 04:16:00+00:00,yes,no,True,False,1,68.0,67.0,67.5,0.675,32.5,35.0,1.0,80486.77,80420.24,838.581,,44149,False,False,synced,bid>=98,latest_quote,1.0,66.52999999999884,2.297444423390324,17.795927981255655,,,110.8712182088954,0.600065563225326,0.7257687290999265,113.85774216024171,0.5843256570674437,0.720499383265,149.92076533254033,0.4437677452648281,0.6713947447452903,143.86404778841546,0.4624504942183068,0.6781208519647147,80424.0,62.77000000000408,1.0461666666667346,0.0,943.8254895000558,1.0,0.99999999984679,0.999999999973193,80424.61,62.16000000000349,0.3453333333333527,0.0,356.11997200001514,0.999119287631822,0.9912347417892764,0.993345507262397,80414.37,72.40000000000873,0.2413333333333624,0.0,268.9075480000232,0.9909064154945024,0.9635666291004386,0.9692009898683974,80404.04,82.73000000001048,0.1378833333333508,0.0,182.15634355001347,0.9451850764771188,0.887820278886136,0.8972738898984989,80330.4,156.3700000000099,0.1737444444444554,0.0,212.22878996667475,0.9688378888771758,0.921554606956096,0.9299211199134678,79974.44,512.3300000000017,0.2846277777777787,0.0,305.2134465166663,0.9963261003033516,0.9791163709462644,0.9830618407166072,80310.05,176.72000000000116,0.0490888888888892,0.0,107.69500953333244,0.8278934185209499,0.763728069570806,0.7729474464098175,-0.0454993832649999,True,0.6977496916325,0.7954685995865008,0.675,heartbeat:44149,two_side_all_heartbeats,0.6731973723726452,0.675,0.7518310980784004,0.045499383264999915,0.0036052552547097827,2026-05-04 04:30:00+00:00,0.5590012334700001,0.4409987665299999,0.6572105105094195,0.3427894894905805,0.6437582960705706,0.35624170392942944,0.3427894894905805,0.6572105105094195,0.0,0.6366491982445,0.5728131681688773,0.6395745991222501,0.6711652406717002,0.5352496916325,0.557999383265,0.7284309747314005,0.5400894080794502,0.6164996916325001,0.6398998149795,0.5930995682855,0.6511662555100001,0.557999383265,0.6169424868876159,0.5827187182652316,0.6182122558888012,0.654065500215079,0.557999383265,0.6432151789982002,0.557999383265,holdout,2,70.0,-68.0,-70.0,0.7,-4.593449978492103
KXBTC15M-26MAY040045-45,heartbeat:44252,live_heartbeat_two_side,heartbeat:44252:yes,2026-05-04 04:36:03.113000+00:00,2026-05-04 04:36:00+00:00,yes,no,True,False,1,72.0,71.0,71.5,0.715,28.5,43.0,1.0,80397.07,80338.42,536.887,,44252,False,False,synced,bid>=98,latest_quote,1.0,58.65000000000873,2.531200644135491,19.606595881292485,,,74.710635467998,0.7850287931914489,0.7837816564984208,121.65712197529729,0.4820926144539054,0.6851299219207774,120.89222334660224,0.4851428683866383,0.6862124974524485,124.47030415494514,0.471196727590535,0.6812498723140791,80389.64,7.430000000007567,0.1238333333334594,0.0,125.13450683340976,0.8481622797461359,0.8496868975857121,0.8426325134045436,80347.92,49.15000000000873,0.273055555555604,0.0,205.2499780555903,0.9542097133394902,0.9552265870843788,0.9504249041698556,80357.96,39.11000000000058,0.1303666666666686,0.0,128.64216856667645,0.8548390786420403,0.8563597115570262,0.849318977731186,80261.63,135.44000000000233,0.2257333333333372,0.0,179.84329213334414,0.9303335777354632,0.9315761812482442,0.9257526666586956,80448.25,-51.179999999993015,-0.0568666666666589,51.179999999993015,28.11902593334624,0.591394421372711,0.59196236363147,0.5893641010460188,80404.04,-6.969999999986612,-0.0038722222222147,6.969999999986612,56.571054227790505,0.679035721255121,0.6800884613529179,0.6752634834697941,79989.22,407.8500000000058,0.1132916666666682,0.0,119.47482304167626,0.836965320332907,0.8384911307206657,0.8314386903913807,0.0298700780792225,True,0.7000649609603886,0.7516563335209391,0.6851299219207774,heartbeat:44252,two_side_all_heartbeats,0.7006062487262242,0.6851299219207774,0.7340067923046412,0.029870078079222595,0.02878750254755147,2026-05-04 04:45:00+00:00,0.6297401561584453,0.37025984384155475,0.627575005095103,0.372424994904897,0.6375002553718421,0.3624997446281579,0.37025984384155475,0.6297401561584453,1.0,0.5906688984970105,0.592076246688183,0.6385844492485053,0.6525683571127093,0.5575649609603887,0.5426299219207773,0.6495327766887967,0.2557437517057588,0.6288149609603886,0.6632889765762331,0.5943409453445441,0.6475866146138515,0.5426299219207773,0.6099812384536178,0.5723758622933841,0.633059341405179,0.6508381615243936,0.5426299219207773,0.596081349304787,0.5426299219207773,holdout,2,74.0,-72.0,-74.0,0.74,-8.916183847560646
KXBTC15M-26MAY040100-00,heartbeat:44326,live_heartbeat_two_side,heartbeat:44326:no,2026-05-04 04:53:04.665000+00:00,2026-05-04 04:53:00+00:00,no,no,True,True,1,74.0,72.0,73.0,0.73,27.0,46.0,2.0,80293.98,80333.91,415.335,,44326,False,False,synced,bid>=98,latest_quote,-1.0,39.93000000000757,1.9592959691843983,15.17664131788499,,,103.20826213082432,0.3868876306568679,0.6505803006121672,78.62707664501224,0.5078403230007478,0.6942173355974127,82.70442046790394,0.4828036974819703,0.6853824373969173,102.50208078903852,0.3895530675341924,0.6515664688338536,80347.3,53.320000000006985,0.8886666666667831,0.0,409.0243700000559,0.9999999014650056,0.9999996204842558,0.9999670191125762,80296.22,2.2400000000052387,0.0124444444444735,0.0,45.098613333352986,0.7168726614959273,0.7072259524978527,0.6700233126893816,80354.43,60.44999999999709,0.2014999999999903,0.0,123.62000250000354,0.9420516165411006,0.9325063145210466,0.8860959437656277,80351.59,57.61000000000058,0.0960166666666676,0.0,79.80908225000798,0.8449549658170606,0.8327255243980252,0.7818950759923821,80364.26,70.27999999999884,0.0780888888888876,0.0,72.3630486666737,0.8213004670203361,0.8092021283546444,0.7598955554731781,80310.61,16.630000000004657,0.0092388888888914,0.0,43.76723391667531,0.711114411768834,0.7016668706365737,0.6653062340147473,80230.98,-63.0,-0.0175,63.0,32.661637500007565,0.6610752132988318,0.6535490699862093,0.6250016265187315,0.0357826644025872,True,0.7121086677987063,0.7887563173795044,0.6942173355974127,heartbeat:44326,two_side_all_heartbeats,0.7076912186984586,0.6942173355974127,0.761675523987444,0.03578266440258726,0.044617562603082694,2026-05-04 05:00:00+00:00,0.6115653288051746,0.38843467119482544,0.6292351252061654,0.3707648747938346,0.6968670623322928,0.3031329376677072,0.3707648747938346,0.6292351252061654,0.0,0.6024825362766365,0.5909971686159925,0.6527412681383183,0.6739464297924284,0.5771086677987063,0.5592173355974126,0.7275189911069264,0.4826398328489355,0.6446086677987063,0.6787652006792237,0.6104521349181888,0.6611448903982751,0.5592173355974126,0.6243752933814026,0.5876056963645302,0.6493775803344518,0.6646694534524901,0.5592173355974126,0.6433681633521695,0.5592173355974126,holdout,2,76.0,26.0,24.0,0.76,-9.533054654750998
KXBTC15M-26MAY040115-15,heartbeat:44370,live_heartbeat_two_side,heartbeat:44370:yes,2026-05-04 05:01:05.167000+00:00,2026-05-04 05:01:00+00:00,yes,no,True,False,1,70.0,69.0,69.5,0.695,30.5,39.0,1.0,80385.69,80313.51,834.833,,44370,False,False,synced,bid>=98,last_decisive_quote,1.0,72.18000000000757,2.4981417282684384,19.350522620098957,,,81.69251444300097,0.8835570858866079,0.8115323232100006,130.23587189201706,0.5542251835182125,0.7102876273043379,121.0801502963837,0.596134046937695,0.7244571595627489,140.15211961357528,0.5150118328500551,0.6967276243286975,80327.86,57.83000000000175,0.9638333333333624,0.0,876.8198731666985,0.9999999999916644,0.9999999999997784,0.9999999998027662,80282.38,103.30999999999769,0.5739444444444315,0.0,551.3277623888856,0.9999884857476452,0.9999973608572978,0.9999581900326352,80227.58,158.11000000000058,0.5270333333333352,0.0,512.1648187666758,0.999957982962916,0.9999883136252432,0.9998710825409038,80323.9,61.79000000000815,0.1029833333333469,0.0,158.15388511668556,0.8876958135612698,0.904256309524342,0.8704338731702536,80323.99,61.69999999999709,0.0685555555555523,0.0,129.41244011111598,0.839810020981004,0.8574237769582196,0.8220931197080907,80357.96,27.729999999995925,0.0154055555555532,0.0,85.04106616111679,0.7431145390004397,0.758770628678571,0.728000503970793,80330.4,55.29000000000815,0.0153583333333355,0.0,85.00164349167612,0.7430169543994027,0.7586691174773017,0.7279071474616416,-0.0152876273043379,True,0.7026438136521689,0.8017485367557513,0.695,heartbeat:44370,two_side_all_heartbeats,0.7097285797813744,0.695,0.7605778847838846,0.01528762730433797,0.02945715956274897,2026-05-04 05:15:00+00:00,0.5794247453913242,0.42057525460867584,0.5510856808745022,0.44891431912549784,0.606544751342605,0.393455248657395,0.42057525460867584,0.5794247453913242,0.0,0.6233739154956393,0.6417943074315735,0.6439369577478197,0.6744327560441112,0.5501438136521689,0.5577876273043378,0.7331354102447522,0.5205710529049674,0.626393813652169,0.6538362881913012,0.5989513391130364,0.6543584182028919,0.5577876273043378,0.6200731781127591,0.5857879380226264,0.6289918004957117,0.6572034469620333,0.5577876273043378,0.6454615187745449,0.5577876273043378,holdout,2,72.0,-70.0,-72.0,0.72,-6.279655303796673
KXBTC15M-26MAY040130-30,heartbeat:44470,live_heartbeat_two_side,heartbeat:44470:no,2026-05-04 05:17:06.838000+00:00,2026-05-04 05:17:00+00:00,no,no,True,True,1,66.0,65.0,65.5,0.655,34.5,31.0,1.0,80061.62,80140.36,773.162,,44470,False,False,synced,bid>=98,latest_quote,-1.0,78.74000000000524,2.8317842376389923,21.93490638485697,,,92.38629279632174,0.8522909364227697,0.8029736823604257,119.74809284365156,0.6575470066384413,0.7445853718653067,129.5286111057435,0.6078965822904111,0.7283719667644364,133.82563059458278,0.5883775749844485,0.7218605568228992,80135.11,73.49000000000524,1.2248333333334207,0.0,1025.734589666739,1.0,0.9999999999999988,0.9999999999999912,80171.04,109.41999999999824,0.6078888888888792,0.0,548.7365891111089,0.999997701921131,0.9999886440167298,0.9999793768189332,80204.61,142.99000000000524,0.4766333333333508,0.0,447.2547812666854,0.9999061288713944,0.9997227458908744,0.9995842213119476,80343.51,281.8899999999994,0.4698166666666657,0.0,441.98439363333785,0.9998882915967268,0.9996778585875348,0.9995211867820816,80327.37,265.75,0.2952777777777777,0.0,307.03755722222746,0.9948267518546136,0.991116120041657,0.989113666727352,80344.42,282.8000000000029,0.1571111111111127,0.0,200.21234088889537,0.9527325113192746,0.9389114503111023,0.932682126887515,80396.96,335.34000000001106,0.093150000000003,0.0,150.76004030000763,0.8959805982168899,0.8777703739666234,0.8700316711066791,-0.0895853718653066,True,0.6997926859326533,0.7998305002455671,0.655,heartbeat:44470,two_side_all_heartbeats,0.6916859833822182,0.655,0.750856837333871,0.08958537186530668,0.07337196676443636,2026-05-04 05:30:00+00:00,0.5108292562693866,0.4891707437306134,0.5432560664711272,0.45674393352887277,0.5562788863542016,0.44372111364579836,0.45674393352887277,0.5432560664711272,0.0,0.6679609834248986,0.6468835567937672,0.6442304917124495,0.6787211045995889,0.5272926859326534,0.5720853718653067,0.7342739117069323,0.5891613566177529,0.6135426859326534,0.630125611559592,0.5969597603057146,0.6572235812435377,0.5720853718653067,0.6220033911646451,0.5867832010857525,0.6143720561863363,0.6608605672582171,0.5720853718653067,0.6531796417861195,0.5720853718653067,holdout,2,68.0,34.0,32.0,0.68,-1.913943274178294
KXBTC15M-26MAY040145-45,heartbeat:44568,live_heartbeat_two_side,heartbeat:44568:yes,2026-05-04 05:40:08.884000+00:00,2026-05-04 05:40:00+00:00,yes,yes,True,True,1,89.0,88.0,88.5,0.885,11.5,77.0,1.0,80086.55,80025.17,291.116,,44568,False,False,synced,bid>=98,last_decisive_quote,1.0,61.38000000000466,3.597442378680742,27.86566884314261,,,16.861924557454575,3.640153873946071,0.9998637624198708,73.82228466477305,0.8314562503549057,0.7971420332739556,70.48207164738723,0.8708597600121762,0.8080846346637127,73.30397782650745,0.8373351872564961,0.7987979071115886,80057.48,29.070000000006985,0.4845000000001164,0.0,202.4257020000385,0.9969473121289828,0.997960694324701,0.9971227856224654,80022.89,63.66000000000349,0.353666666666686,0.0,164.33802533334364,0.986997272828138,0.9901398852603498,0.9875151283945274,79983.66,102.88999999999942,0.3429666666666647,0.0,161.2230841333374,0.9855164940543504,0.9889147469543572,0.9860744372907676,79995.43,91.1200000000099,0.1518666666666831,0.0,105.5908165333428,0.9236899784820296,0.9329493590019372,0.925130132906152,80048.06,38.49000000000524,0.0427666666666724,0.0,73.83006093333968,0.8413702333620401,0.8525657811092022,0.8430750740932439,80220.12,-133.56999999999243,-0.0742055555555513,133.56999999999243,39.77757548889477,0.7049975166553165,0.7137469356826405,0.7063107072647276,80288.58,-202.02999999999884,-0.0561194444444441,202.02999999999884,45.04273181111586,0.7291190669568741,0.7386101685437692,0.7305459665808158,0.0878579667260444,True,0.8410710166369778,0.8892195091094353,0.7971420332739556,heartbeat:44568,two_side_all_heartbeats,0.8465423173318564,0.7971420332739556,0.8787459087930567,0.0878579667260444,0.07691536533628729,2026-05-04 05:45:00+00:00,0.4057159334520888,0.5942840665479112,0.38383073067257456,0.6161692693274254,0.4024041857768228,0.5975958142231772,0.5942840665479112,0.4057159334520888,0.0,0.7362846432561423,0.7505100250628265,0.8048923216280712,0.8149439710335062,0.7835710166369778,0.7396420332739556,0.8496743154478479,0.6928357159533463,0.8123210166369779,0.8413926099821867,0.7832494232917688,0.8072613555159704,0.7396420332739556,0.7773753634386869,0.7474893713614031,0.8238107578547043,0.8152408329051547,0.7396420332739556,0.7946581743609018,0.7396420332739556,holdout,1,90.0,11.0,10.0,0.9,-8.475916709484537
KXBTC15M-26MAY040200-00,heartbeat:44607,live_heartbeat_two_side,heartbeat:44607:no,2026-05-04 05:48:24.427000+00:00,2026-05-04 05:48:00+00:00,no,no,True,True,1,74.0,73.0,73.5,0.735,26.5,47.0,1.0,80029.98,80069.15,695.573,,44607,False,False,synced,bid>=98,latest_quote,-1.0,39.169999999998254,1.4851906747541643,11.50423749853087,,,75.9421018624437,0.5157876729689165,0.6969986434731954,79.64381923333946,0.4918146866518101,0.6885748234429196,98.05818804883168,0.3994566978995381,0.6552216379368421,112.8928168996545,0.3469662736364773,0.6356916718096117,80057.55,27.570000000006985,0.4595000000001164,0.0,358.78579350007925,0.9999966794662388,0.999873353399167,0.9992588075780728,80076.99,47.01000000000931,0.2611666666667184,0.0,220.8304818333676,0.9972205540763182,0.9878399731684442,0.974773751994253,80038.99,9.010000000009311,0.0300333333333643,0.0,60.06037576668651,0.77460907394863,0.7298956092436979,0.7026412880843138,80046.52,16.54000000000815,0.0275666666666802,0.0,58.34462903334104,0.7680894658533222,0.7240782888582672,0.6973571229860667,80046.16,16.180000000007567,0.0179777777777861,0.0,51.67485682222632,0.7417740724592768,0.7008968027283964,0.6764281452216147,80107.2,77.22000000000116,0.0429000000000006,0.0,69.01008169999871,0.806887555575998,0.7592109445218823,0.7294957014625902,80354.43,324.4499999999971,0.0901249999999991,0.0,101.85851662499768,0.8995383657188832,0.8505408507188315,0.8165402478804502,0.0464251765570803,True,0.7117874117214598,0.7327279657971832,0.6885748234429196,heartbeat:44607,two_side_all_heartbeats,0.695110818968421,0.6885748234429196,0.7289942618226019,0.04642517655708034,0.07977836206315791,2026-05-04 06:00:00+00:00,0.6228503531141607,0.3771496468858393,0.6895567241263159,0.31044327587368414,0.7286166563807766,0.27138334361922345,0.31044327587368414,0.6895567241263159,0.0,0.5951472704757955,0.5517881293178947,0.6518236352378978,0.6557845426327608,0.5792874117214598,0.5560748234429196,0.6932092265111858,0.4546105542807023,0.6455374117214598,0.6813224470328758,0.6097523764100437,0.6598832156286131,0.5560748234429196,0.6219777169713754,0.5840722183141377,0.650830952457038,0.6636533137311927,0.5560748234429196,0.6246420249770527,0.5560748234429196,holdout,2,76.0,26.0,24.0,0.76,-9.634668626880725
