2026-05-09 13:16:16,769 | INFO | Starting WS bot. run_id=71ef5a81-f388-4c83-bc61-d4a8b86af06d dry_run=False base_url=https://api.elections.kalshi.com/trade-api/v2 ws_url=wss://api.elections.kalshi.com/trade-api/ws/v2 series=KXBTC15M
2026-05-09 13:16:17,959 | INFO | Watching market KXBTC15M-26MAY091330-30 close_time=2026-05-09T17:30:00Z status=active strike=80742.72 run_id=71ef5a81-f388-4c83-bc61-d4a8b86af06d
2026-05-09 13:16:17,959 | INFO | Heartbeat | watch=KXBTC15M-26MAY091330-30 yes_bid=None yes_ask=None no_bid=None no_ask=None book_ready=False position=False pending=False dry_run=False trust=cold run_id=71ef5a81-f388-4c83-bc61-d4a8b86af06d
2026-05-09 13:16:18,095 | INFO | WS connected for KXBTC15M-26MAY091330-30
2026-05-09 13:16:18,126 | INFO | WS subscribed payload: {'type': 'subscribed', 'id': 1, 'msg': {'channel': 'ticker', 'sid': 1}}
2026-05-09 13:16:18,126 | INFO | WS subscribed payload: {'type': 'subscribed', 'id': 1, 'msg': {'channel': 'orderbook_delta', 'sid': 2}}
2026-05-09 13:16:18,128 | INFO | Orderbook snapshot ready for KXBTC15M-26MAY091330-30
2026-05-09 13:16:18,174 | INFO | Mushroom v28 BTC tick stream connected | source=coinbase url=wss://ws-feed.exchange.coinbase.com
2026-05-09 13:16:30,224 | INFO | Mushroom v28 BTC REST fallback refreshed stale tick | previous_age_ms=8437.0 threshold_ms=3000.0 source=coinbase_spot_rest
2026-05-09 13:16:32,995 | INFO | Heartbeat | watch=KXBTC15M-26MAY091330-30 yes_bid=47 yes_ask=48 no_bid=52 no_ask=53 book_ready=True position=False pending=False dry_run=False trust=synced run_id=71ef5a81-f388-4c83-bc61-d4a8b86af06d
2026-05-09 13:16:47,996 | INFO | Heartbeat | watch=KXBTC15M-26MAY091330-30 yes_bid=42 yes_ask=43 no_bid=57 no_ask=58 book_ready=True position=False pending=False dry_run=False trust=synced run_id=71ef5a81-f388-4c83-bc61-d4a8b86af06d
2026-05-09 13:16:56,142 | WARNING | Market reaction error for KXBTC15M-26MAY091330-30: [WinError 5] Access is denied: 'C:\\Users\\organ\\Desktop\\KALSHI PROBABILITY MODEL BOT\\state\\live_mushroom_v28_common_clock_phi_reward_memory_size2_live\\tmpi0svuq1j' -> 'C:\\Users\\organ\\Desktop\\KALSHI PROBABILITY MODEL BOT\\state\\live_mushroom_v28_common_clock_phi_reward_memory_size2_live\\v28_phi_reward_memory_state.json'
2026-05-09 13:17:03,044 | INFO | Heartbeat | watch=KXBTC15M-26MAY091330-30 yes_bid=43 yes_ask=44 no_bid=56 no_ask=57 book_ready=True position=False pending=False dry_run=False trust=synced run_id=71ef5a81-f388-4c83-bc61-d4a8b86af06d
2026-05-09 13:17:18,089 | INFO | Heartbeat | watch=KXBTC15M-26MAY091330-30 yes_bid=41 yes_ask=42 no_bid=58 no_ask=59 book_ready=True position=False pending=False dry_run=False trust=synced run_id=71ef5a81-f388-4c83-bc61-d4a8b86af06d
2026-05-09 13:17:23,193 | WARNING | Market reaction error for KXBTC15M-26MAY091330-30: [WinError 5] Access is denied: 'C:\\Users\\organ\\Desktop\\KALSHI PROBABILITY MODEL BOT\\state\\live_mushroom_v28_common_clock_phi_reward_memory_size2_live\\tmptorvw06p' -> 'C:\\Users\\organ\\Desktop\\KALSHI PROBABILITY MODEL BOT\\state\\live_mushroom_v28_common_clock_phi_reward_memory_size2_live\\v28_phi_reward_memory_state.json'
2026-05-09 13:17:33,198 | INFO | Heartbeat | watch=KXBTC15M-26MAY091330-30 yes_bid=44 yes_ask=45 no_bid=55 no_ask=56 book_ready=True position=False pending=False dry_run=False trust=synced run_id=71ef5a81-f388-4c83-bc61-d4a8b86af06d
2026-05-09 13:17:48,277 | INFO | Heartbeat | watch=KXBTC15M-26MAY091330-30 yes_bid=40 yes_ask=41 no_bid=59 no_ask=60 book_ready=True position=False pending=False dry_run=False trust=synced run_id=71ef5a81-f388-4c83-bc61-d4a8b86af06d
2026-05-09 13:18:03,278 | INFO | Heartbeat | watch=KXBTC15M-26MAY091330-30 yes_bid=43 yes_ask=44 no_bid=56 no_ask=57 book_ready=True position=False pending=False dry_run=False trust=synced run_id=71ef5a81-f388-4c83-bc61-d4a8b86af06d
2026-05-09 13:18:05,284 | WARNING | Market reaction error for KXBTC15M-26MAY091330-30: [WinError 5] Access is denied: 'C:\\Users\\organ\\Desktop\\KALSHI PROBABILITY MODEL BOT\\state\\live_mushroom_v28_common_clock_phi_reward_memory_size2_live\\tmpv0hjuyca' -> 'C:\\Users\\organ\\Desktop\\KALSHI PROBABILITY MODEL BOT\\state\\live_mushroom_v28_common_clock_phi_reward_memory_size2_live\\v28_phi_reward_memory_state.json'
2026-05-09 13:18:18,301 | INFO | Heartbeat | watch=KXBTC15M-26MAY091330-30 yes_bid=58 yes_ask=59 no_bid=41 no_ask=42 book_ready=True position=False pending=False dry_run=False trust=synced run_id=71ef5a81-f388-4c83-bc61-d4a8b86af06d
2026-05-09 13:18:33,326 | INFO | Heartbeat | watch=KXBTC15M-26MAY091330-30 yes_bid=47 yes_ask=48 no_bid=52 no_ask=53 book_ready=True position=False pending=False dry_run=False trust=synced run_id=71ef5a81-f388-4c83-bc61-d4a8b86af06d
2026-05-09 13:18:48,369 | INFO | Heartbeat | watch=KXBTC15M-26MAY091330-30 yes_bid=50 yes_ask=52 no_bid=48 no_ask=50 book_ready=True position=False pending=False dry_run=False trust=synced run_id=71ef5a81-f388-4c83-bc61-d4a8b86af06d
2026-05-09 13:19:03,415 | INFO | Heartbeat | watch=KXBTC15M-26MAY091330-30 yes_bid=33 yes_ask=35 no_bid=65 no_ask=67 book_ready=True position=False pending=False dry_run=False trust=synced run_id=71ef5a81-f388-4c83-bc61-d4a8b86af06d
2026-05-09 13:19:05,717 | ERROR | Main loop recoverable error | watch=KXBTC15M-26MAY091330-30 trust=synced run_id=71ef5a81-f388-4c83-bc61-d4a8b86af06d error=[WinError 5] Access is denied: 'C:\\Users\\organ\\Desktop\\KALSHI PROBABILITY MODEL BOT\\state\\live_mushroom_v28_common_clock_phi_reward_memory_size2_live\\tmpf69x2a1i' -> 'C:\\Users\\organ\\Desktop\\KALSHI PROBABILITY MODEL BOT\\state\\live_mushroom_v28_common_clock_phi_reward_memory_size2_live\\v28_phi_reward_memory_state.json'
Traceback (most recent call last):
  File "C:\Users\organ\Desktop\KALSHI PROBABILITY MODEL BOT\kalshi_btc15m_bot_ws.py", line 2500, in run
    await self.maybe_check_entry()
  File "C:\Users\organ\Desktop\KALSHI PROBABILITY MODEL BOT\kalshi_btc15m_bot_ws.py", line 3709, in maybe_check_entry
    signal = self.detect_entry_signal()
             ^^^^^^^^^^^^^^^^^^^^^^^^^^
  File "C:\Users\organ\Desktop\KALSHI PROBABILITY MODEL BOT\kalshi_btc15m_bot_ws.py", line 5136, in detect_entry_signal
    return self.detect_mushroom_v28_entry_signal()
           ^^^^^^^^^^^^^^^^^^^^^^^^^^^^^^^^^^^^^^^
  File "C:\Users\organ\Desktop\KALSHI PROBABILITY MODEL BOT\kalshi_btc15m_bot_ws.py", line 4747, in detect_mushroom_v28_entry_signal
    fields = self.build_mushroom_v28_decision_fields(
             ^^^^^^^^^^^^^^^^^^^^^^^^^^^^^^^^^^^^^^^^
  File "C:\Users\organ\Desktop\KALSHI PROBABILITY MODEL BOT\kalshi_btc15m_bot_ws.py", line 4650, in build_mushroom_v28_decision_fields
    fields = self.mushroom_v28_phi_memory.apply_entry(
             ^^^^^^^^^^^^^^^^^^^^^^^^^^^^^^^^^^^^^^^^^
  File "C:\Users\organ\Desktop\KALSHI PROBABILITY MODEL BOT\v28_phi_reward_memory.py", line 508, in apply_entry
    self._record_pending_decision(
  File "C:\Users\organ\Desktop\KALSHI PROBABILITY MODEL BOT\v28_phi_reward_memory.py", line 652, in _record_pending_decision
    self.save()
  File "C:\Users\organ\Desktop\KALSHI PROBABILITY MODEL BOT\v28_phi_reward_memory.py", line 202, in save
    os.replace(tmp_path, self.state_path)
PermissionError: [WinError 5] Access is denied: 'C:\\Users\\organ\\Desktop\\KALSHI PROBABILITY MODEL BOT\\state\\live_mushroom_v28_common_clock_phi_reward_memory_size2_live\\tmpf69x2a1i' -> 'C:\\Users\\organ\\Desktop\\KALSHI PROBABILITY MODEL BOT\\state\\live_mushroom_v28_common_clock_phi_reward_memory_size2_live\\v28_phi_reward_memory_state.json'
2026-05-09 13:19:18,425 | INFO | Heartbeat | watch=KXBTC15M-26MAY091330-30 yes_bid=35 yes_ask=36 no_bid=64 no_ask=65 book_ready=True position=False pending=False dry_run=False trust=synced run_id=71ef5a81-f388-4c83-bc61-d4a8b86af06d
2026-05-09 13:19:33,424 | INFO | Heartbeat | watch=KXBTC15M-26MAY091330-30 yes_bid=28 yes_ask=29 no_bid=71 no_ask=72 book_ready=True position=False pending=False dry_run=False trust=synced run_id=71ef5a81-f388-4c83-bc61-d4a8b86af06d
2026-05-09 13:19:48,441 | INFO | Heartbeat | watch=KXBTC15M-26MAY091330-30 yes_bid=39 yes_ask=40 no_bid=60 no_ask=61 book_ready=True position=False pending=False dry_run=False trust=synced run_id=71ef5a81-f388-4c83-bc61-d4a8b86af06d
2026-05-09 13:20:03,560 | INFO | Heartbeat | watch=KXBTC15M-26MAY091330-30 yes_bid=41 yes_ask=43 no_bid=57 no_ask=59 book_ready=True position=False pending=False dry_run=False trust=synced run_id=71ef5a81-f388-4c83-bc61-d4a8b86af06d
2026-05-09 13:20:18,608 | INFO | Heartbeat | watch=KXBTC15M-26MAY091330-30 yes_bid=36 yes_ask=37 no_bid=63 no_ask=64 book_ready=True position=False pending=False dry_run=False trust=synced run_id=71ef5a81-f388-4c83-bc61-d4a8b86af06d
2026-05-09 13:20:30,707 | INFO | Mushroom v28 entry approved | market=KXBTC15M-26MAY091330-30 side=no ask=77c max_buy=80c qty=2 p_side=0.8546 edge=6.964c depth=510 btc_age_ms=0.0 secs_to_close=569.32
2026-05-09 13:20:30,747 | INFO | Execution state | market=KXBTC15M-26MAY091330-30 side=no state=eligible reason=pre_filters_disabled trust=synced run_id=71ef5a81-f388-4c83-bc61-d4a8b86af06d
2026-05-09 13:20:30,748 | INFO | Live fill policy approved | market=KXBTC15M-26MAY091330-30 side=no trigger=77c tif=immediate_or_cancel limit=77c depth=510.00 required=3 book_age_ms=547.0 secs_to_close=569.32 reason=single_shot_abundant_depth
2026-05-09 13:20:30,750 | INFO | ENTRY signal | market=KXBTC15M-26MAY091330-30 action=buy side=no trigger=77c limit=77c qty=2 book_ready=True
2026-05-09 13:20:30,750 | INFO | Execution state | market=KXBTC15M-26MAY091330-30 side=no state=submitting reason=single_shot_abundant_depth trust=synced run_id=71ef5a81-f388-4c83-bc61-d4a8b86af06d
2026-05-09 13:20:30,799 | INFO | ENTRY immediate fill | market=KXBTC15M-26MAY091330-30 side=no qty=2 limit=77c
2026-05-09 13:20:30,799 | INFO | Execution state | market=KXBTC15M-26MAY091330-30 side=no state=filled reason=single_shot_abundant_depth trust=synced run_id=71ef5a81-f388-4c83-bc61-d4a8b86af06d
2026-05-09 13:20:30,822 | INFO | Mushroom v28 entry approved | market=KXBTC15M-26MAY091330-30 side=no ask=77c max_buy=80c qty=1 p_side=0.8547 edge=6.465c depth=68 btc_age_ms=125.0 secs_to_close=569.19
2026-05-09 13:20:30,846 | INFO | Execution state | market=KXBTC15M-26MAY091330-30 side=no state=eligible reason=pre_filters_disabled trust=synced run_id=71ef5a81-f388-4c83-bc61-d4a8b86af06d
2026-05-09 13:20:30,846 | INFO | Live fill policy approved | market=KXBTC15M-26MAY091330-30 side=no trigger=77c tif=immediate_or_cancel limit=77c depth=68.00 required=2 book_age_ms=672.0 secs_to_close=569.19 reason=single_shot_abundant_depth
2026-05-09 13:20:30,846 | INFO | ENTRY signal | market=KXBTC15M-26MAY091330-30 action=buy side=no trigger=77c limit=77c qty=1 book_ready=True
2026-05-09 13:20:30,846 | INFO | Execution state | market=KXBTC15M-26MAY091330-30 side=no state=submitting reason=single_shot_abundant_depth trust=synced run_id=71ef5a81-f388-4c83-bc61-d4a8b86af06d
2026-05-09 13:20:30,895 | INFO | ENTRY immediate fill | market=KXBTC15M-26MAY091330-30 side=no qty=1 limit=77c
2026-05-09 13:20:30,895 | INFO | Execution state | market=KXBTC15M-26MAY091330-30 side=no state=filled reason=single_shot_abundant_depth trust=synced run_id=71ef5a81-f388-4c83-bc61-d4a8b86af06d
2026-05-09 13:20:33,601 | INFO | Heartbeat | watch=KXBTC15M-26MAY091330-30 yes_bid=20 yes_ask=21 no_bid=79 no_ask=80 book_ready=True position=True pending=False dry_run=False trust=synced run_id=71ef5a81-f388-4c83-bc61-d4a8b86af06d
2026-05-09 13:20:48,598 | INFO | Heartbeat | watch=KXBTC15M-26MAY091330-30 yes_bid=14 yes_ask=15 no_bid=85 no_ask=86 book_ready=True position=True pending=False dry_run=False trust=synced run_id=71ef5a81-f388-4c83-bc61-d4a8b86af06d
2026-05-09 13:21:03,599 | INFO | Heartbeat | watch=KXBTC15M-26MAY091330-30 yes_bid=20 yes_ask=21 no_bid=79 no_ask=80 book_ready=True position=True pending=False dry_run=False trust=synced run_id=71ef5a81-f388-4c83-bc61-d4a8b86af06d
2026-05-09 13:21:12,135 | INFO | EXIT signal | market=KXBTC15M-26MAY091330-30 action=sell side=no trigger=54c limit=54c qty=3 book_ready=True mode=single_shot_ioc slices=1 attempt=0
2026-05-09 13:21:12,138 | INFO | Latency | purpose=exit feed_age_ms=-333.7 local_reaction_ms=16.0 trigger_seen_at=2026-05-09T17:21:12.138300+00:00 market_msg_time=2026-05-09T17:21:12.472024Z
2026-05-09 13:21:12,138 | INFO | Exit plan approved | market=KXBTC15M-26MAY091330-30 side=no trigger=54c limit=54c top_bid=54 depth=10.00 required=3 book_age_ms=0.0 secs_to_close=527.88 reason=mushroom_v28_probability_collapse_full_single_shot_visible_depth mode=single_shot_ioc attempt=0
2026-05-09 13:21:12,184 | INFO | EXIT fill | market=KXBTC15M-26MAY091330-30 side=no slice=1/1 qty=3 cumulative=3/3 remaining=0
2026-05-09 13:21:18,607 | INFO | Heartbeat | watch=KXBTC15M-26MAY091330-30 yes_bid=53 yes_ask=54 no_bid=46 no_ask=47 book_ready=True position=False pending=False dry_run=False trust=synced run_id=71ef5a81-f388-4c83-bc61-d4a8b86af06d
2026-05-09 13:21:33,637 | INFO | Heartbeat | watch=KXBTC15M-26MAY091330-30 yes_bid=52 yes_ask=54 no_bid=46 no_ask=48 book_ready=True position=False pending=False dry_run=False trust=synced run_id=71ef5a81-f388-4c83-bc61-d4a8b86af06d
2026-05-09 13:21:48,681 | INFO | Heartbeat | watch=KXBTC15M-26MAY091330-30 yes_bid=49 yes_ask=50 no_bid=50 no_ask=51 book_ready=True position=False pending=False dry_run=False trust=synced run_id=71ef5a81-f388-4c83-bc61-d4a8b86af06d
2026-05-09 13:22:03,690 | INFO | Heartbeat | watch=KXBTC15M-26MAY091330-30 yes_bid=51 yes_ask=52 no_bid=48 no_ask=49 book_ready=True position=False pending=False dry_run=False trust=synced run_id=71ef5a81-f388-4c83-bc61-d4a8b86af06d
2026-05-09 13:22:18,691 | INFO | Heartbeat | watch=KXBTC15M-26MAY091330-30 yes_bid=48 yes_ask=49 no_bid=51 no_ask=52 book_ready=True position=False pending=False dry_run=False trust=synced run_id=71ef5a81-f388-4c83-bc61-d4a8b86af06d
2026-05-09 13:22:33,740 | INFO | Heartbeat | watch=KXBTC15M-26MAY091330-30 yes_bid=55 yes_ask=56 no_bid=44 no_ask=45 book_ready=True position=False pending=False dry_run=False trust=synced run_id=71ef5a81-f388-4c83-bc61-d4a8b86af06d
2026-05-09 13:22:47,022 | INFO | Mushroom v28 BTC REST fallback refreshed stale tick | previous_age_ms=3062.0 threshold_ms=3000.0 source=coinbase_spot_rest
2026-05-09 13:22:48,798 | INFO | Heartbeat | watch=KXBTC15M-26MAY091330-30 yes_bid=50 yes_ask=51 no_bid=49 no_ask=50 book_ready=True position=False pending=False dry_run=False trust=synced run_id=71ef5a81-f388-4c83-bc61-d4a8b86af06d
2026-05-09 13:22:59,410 | ERROR | Main loop recoverable error | watch=KXBTC15M-26MAY091330-30 trust=synced run_id=71ef5a81-f388-4c83-bc61-d4a8b86af06d error=[WinError 5] Access is denied: 'C:\\Users\\organ\\Desktop\\KALSHI PROBABILITY MODEL BOT\\state\\live_mushroom_v28_common_clock_phi_reward_memory_size2_live\\tmpucrv8sh_' -> 'C:\\Users\\organ\\Desktop\\KALSHI PROBABILITY MODEL BOT\\state\\live_mushroom_v28_common_clock_phi_reward_memory_size2_live\\v28_phi_reward_memory_state.json'
Traceback (most recent call last):
  File "C:\Users\organ\Desktop\KALSHI PROBABILITY MODEL BOT\kalshi_btc15m_bot_ws.py", line 2500, in run
    await self.maybe_check_entry()
  File "C:\Users\organ\Desktop\KALSHI PROBABILITY MODEL BOT\kalshi_btc15m_bot_ws.py", line 3709, in maybe_check_entry
    signal = self.detect_entry_signal()
             ^^^^^^^^^^^^^^^^^^^^^^^^^^
  File "C:\Users\organ\Desktop\KALSHI PROBABILITY MODEL BOT\kalshi_btc15m_bot_ws.py", line 5136, in detect_entry_signal
    return self.detect_mushroom_v28_entry_signal()
           ^^^^^^^^^^^^^^^^^^^^^^^^^^^^^^^^^^^^^^^
  File "C:\Users\organ\Desktop\KALSHI PROBABILITY MODEL BOT\kalshi_btc15m_bot_ws.py", line 4747, in detect_mushroom_v28_entry_signal
    fields = self.build_mushroom_v28_decision_fields(
             ^^^^^^^^^^^^^^^^^^^^^^^^^^^^^^^^^^^^^^^^
  File "C:\Users\organ\Desktop\KALSHI PROBABILITY MODEL BOT\kalshi_btc15m_bot_ws.py", line 4650, in build_mushroom_v28_decision_fields
    fields = self.mushroom_v28_phi_memory.apply_entry(
             ^^^^^^^^^^^^^^^^^^^^^^^^^^^^^^^^^^^^^^^^^
  File "C:\Users\organ\Desktop\KALSHI PROBABILITY MODEL BOT\v28_phi_reward_memory.py", line 508, in apply_entry
    self._record_pending_decision(
  File "C:\Users\organ\Desktop\KALSHI PROBABILITY MODEL BOT\v28_phi_reward_memory.py", line 652, in _record_pending_decision
    self.save()
  File "C:\Users\organ\Desktop\KALSHI PROBABILITY MODEL BOT\v28_phi_reward_memory.py", line 202, in save
    os.replace(tmp_path, self.state_path)
PermissionError: [WinError 5] Access is denied: 'C:\\Users\\organ\\Desktop\\KALSHI PROBABILITY MODEL BOT\\state\\live_mushroom_v28_common_clock_phi_reward_memory_size2_live\\tmpucrv8sh_' -> 'C:\\Users\\organ\\Desktop\\KALSHI PROBABILITY MODEL BOT\\state\\live_mushroom_v28_common_clock_phi_reward_memory_size2_live\\v28_phi_reward_memory_state.json'
2026-05-09 13:23:03,915 | INFO | Heartbeat | watch=KXBTC15M-26MAY091330-30 yes_bid=66 yes_ask=67 no_bid=33 no_ask=34 book_ready=True position=False pending=False dry_run=False trust=synced run_id=71ef5a81-f388-4c83-bc61-d4a8b86af06d
2026-05-09 13:23:18,960 | INFO | Heartbeat | watch=KXBTC15M-26MAY091330-30 yes_bid=72 yes_ask=73 no_bid=27 no_ask=28 book_ready=True position=False pending=False dry_run=False trust=synced run_id=71ef5a81-f388-4c83-bc61-d4a8b86af06d
2026-05-09 13:23:33,984 | INFO | Heartbeat | watch=KXBTC15M-26MAY091330-30 yes_bid=72 yes_ask=73 no_bid=27 no_ask=28 book_ready=True position=False pending=False dry_run=False trust=synced run_id=71ef5a81-f388-4c83-bc61-d4a8b86af06d
2026-05-09 13:23:46,305 | INFO | Mushroom v28 entry approved | market=KXBTC15M-26MAY091330-30 side=yes ask=75c max_buy=78c qty=2 p_side=0.8273 edge=6.233c depth=614.99 btc_age_ms=15.0 secs_to_close=373.72
2026-05-09 13:23:46,329 | INFO | Execution state | market=KXBTC15M-26MAY091330-30 side=yes state=eligible reason=pre_filters_disabled trust=synced run_id=71ef5a81-f388-4c83-bc61-d4a8b86af06d
2026-05-09 13:23:46,329 | INFO | Live fill policy approved | market=KXBTC15M-26MAY091330-30 side=yes trigger=75c tif=immediate_or_cancel limit=75c depth=614.99 required=3 book_age_ms=140.0 secs_to_close=373.72 reason=single_shot_abundant_depth
2026-05-09 13:23:46,329 | INFO | ENTRY signal | market=KXBTC15M-26MAY091330-30 action=buy side=yes trigger=75c limit=75c qty=2 book_ready=True
2026-05-09 13:23:46,329 | INFO | Execution state | market=KXBTC15M-26MAY091330-30 side=yes state=submitting reason=single_shot_abundant_depth trust=synced run_id=71ef5a81-f388-4c83-bc61-d4a8b86af06d
2026-05-09 13:23:46,387 | INFO | ENTRY immediate fill | market=KXBTC15M-26MAY091330-30 side=yes qty=2 limit=75c
2026-05-09 13:23:46,387 | INFO | Execution state | market=KXBTC15M-26MAY091330-30 side=yes state=filled reason=single_shot_abundant_depth trust=synced run_id=71ef5a81-f388-4c83-bc61-d4a8b86af06d
2026-05-09 13:23:46,399 | INFO | Mushroom v28 entry approved | market=KXBTC15M-26MAY091330-30 side=yes ask=75c max_buy=77c qty=1 p_side=0.8273 edge=5.734c depth=614.99 btc_age_ms=125.0 secs_to_close=373.61
2026-05-09 13:23:46,423 | INFO | Execution state | market=KXBTC15M-26MAY091330-30 side=yes state=eligible reason=pre_filters_disabled trust=synced run_id=71ef5a81-f388-4c83-bc61-d4a8b86af06d
2026-05-09 13:23:46,428 | INFO | Live fill policy approved | market=KXBTC15M-26MAY091330-30 side=yes trigger=75c tif=immediate_or_cancel limit=75c depth=614.99 required=2 book_age_ms=250.0 secs_to_close=373.61 reason=single_shot_abundant_depth
2026-05-09 13:23:46,428 | INFO | ENTRY signal | market=KXBTC15M-26MAY091330-30 action=buy side=yes trigger=75c limit=75c qty=1 book_ready=True
2026-05-09 13:23:46,428 | INFO | Execution state | market=KXBTC15M-26MAY091330-30 side=yes state=submitting reason=single_shot_abundant_depth trust=synced run_id=71ef5a81-f388-4c83-bc61-d4a8b86af06d
2026-05-09 13:23:46,480 | INFO | ENTRY immediate fill | market=KXBTC15M-26MAY091330-30 side=yes qty=1 limit=75c
2026-05-09 13:23:46,480 | INFO | Execution state | market=KXBTC15M-26MAY091330-30 side=yes state=filled reason=single_shot_abundant_depth trust=synced run_id=71ef5a81-f388-4c83-bc61-d4a8b86af06d
2026-05-09 13:23:48,981 | INFO | Heartbeat | watch=KXBTC15M-26MAY091330-30 yes_bid=66 yes_ask=67 no_bid=33 no_ask=34 book_ready=True position=True pending=False dry_run=False trust=synced run_id=71ef5a81-f388-4c83-bc61-d4a8b86af06d
2026-05-09 13:24:04,006 | INFO | Heartbeat | watch=KXBTC15M-26MAY091330-30 yes_bid=71 yes_ask=72 no_bid=28 no_ask=29 book_ready=True position=True pending=False dry_run=False trust=synced run_id=71ef5a81-f388-4c83-bc61-d4a8b86af06d
2026-05-09 13:24:17,141 | INFO | EXIT signal | market=KXBTC15M-26MAY091330-30 action=sell side=yes trigger=70c limit=70c qty=3 book_ready=True mode=single_shot_ioc slices=1 attempt=0
2026-05-09 13:24:17,149 | INFO | Latency | purpose=exit feed_age_ms=-272.5 local_reaction_ms=31.0 trigger_seen_at=2026-05-09T17:24:17.149645+00:00 market_msg_time=2026-05-09T17:24:17.422187Z
2026-05-09 13:24:17,149 | INFO | Exit plan approved | market=KXBTC15M-26MAY091330-30 side=yes trigger=70c limit=70c top_bid=70 depth=1640.66 required=3 book_age_ms=16.0 secs_to_close=342.88 reason=mushroom_v28_probability_collapse_full_single_shot_visible_depth mode=single_shot_ioc attempt=0
2026-05-09 13:24:17,252 | INFO | EXIT fill | market=KXBTC15M-26MAY091330-30 side=yes slice=1/1 qty=3 cumulative=3/3 remaining=0
2026-05-09 13:24:19,010 | INFO | Heartbeat | watch=KXBTC15M-26MAY091330-30 yes_bid=70 yes_ask=71 no_bid=29 no_ask=30 book_ready=True position=False pending=False dry_run=False trust=synced run_id=71ef5a81-f388-4c83-bc61-d4a8b86af06d
2026-05-09 13:24:34,069 | INFO | Heartbeat | watch=KXBTC15M-26MAY091330-30 yes_bid=72 yes_ask=73 no_bid=27 no_ask=28 book_ready=True position=False pending=False dry_run=False trust=synced run_id=71ef5a81-f388-4c83-bc61-d4a8b86af06d
2026-05-09 13:24:49,076 | INFO | Heartbeat | watch=KXBTC15M-26MAY091330-30 yes_bid=71 yes_ask=73 no_bid=27 no_ask=29 book_ready=True position=False pending=False dry_run=False trust=synced run_id=71ef5a81-f388-4c83-bc61-d4a8b86af06d
2026-05-09 13:25:03,470 | INFO | Mushroom v28 entry approved | market=KXBTC15M-26MAY091330-30 side=yes ask=78c max_buy=78c qty=2 p_side=0.8284 edge=3.338c depth=55 btc_age_ms=1719.0 secs_to_close=296.55
2026-05-09 13:25:03,498 | INFO | Execution state | market=KXBTC15M-26MAY091330-30 side=yes state=eligible reason=pre_filters_disabled trust=synced run_id=71ef5a81-f388-4c83-bc61-d4a8b86af06d
2026-05-09 13:25:03,498 | INFO | Live fill policy approved | market=KXBTC15M-26MAY091330-30 side=yes trigger=78c tif=immediate_or_cancel limit=78c depth=55.00 required=3 book_age_ms=312.0 secs_to_close=296.55 reason=single_shot_abundant_depth
2026-05-09 13:25:03,500 | INFO | ENTRY signal | market=KXBTC15M-26MAY091330-30 action=buy side=yes trigger=78c limit=78c qty=2 book_ready=True
2026-05-09 13:25:03,500 | INFO | Execution state | market=KXBTC15M-26MAY091330-30 side=yes state=submitting reason=single_shot_abundant_depth trust=synced run_id=71ef5a81-f388-4c83-bc61-d4a8b86af06d
2026-05-09 13:25:03,550 | INFO | ENTRY immediate fill | market=KXBTC15M-26MAY091330-30 side=yes qty=2 limit=78c
2026-05-09 13:25:03,550 | INFO | Execution state | market=KXBTC15M-26MAY091330-30 side=yes state=filled reason=single_shot_abundant_depth trust=synced run_id=71ef5a81-f388-4c83-bc61-d4a8b86af06d
2026-05-09 13:25:04,084 | INFO | Heartbeat | watch=KXBTC15M-26MAY091330-30 yes_bid=77 yes_ask=78 no_bid=22 no_ask=23 book_ready=True position=True pending=False dry_run=False trust=synced run_id=71ef5a81-f388-4c83-bc61-d4a8b86af06d
2026-05-09 13:25:04,311 | INFO | Mushroom v28 entry approved | market=KXBTC15M-26MAY091330-30 side=yes ask=78c max_buy=78c qty=1 p_side=0.8316 edge=3.164c depth=50 btc_age_ms=2563.0 secs_to_close=295.71
2026-05-09 13:25:04,361 | INFO | Execution state | market=KXBTC15M-26MAY091330-30 side=yes state=eligible reason=pre_filters_disabled trust=synced run_id=71ef5a81-f388-4c83-bc61-d4a8b86af06d
2026-05-09 13:25:04,361 | INFO | Live fill policy approved | market=KXBTC15M-26MAY091330-30 side=yes trigger=78c tif=immediate_or_cancel limit=78c depth=50.00 required=2 book_age_ms=172.0 secs_to_close=295.71 reason=single_shot_abundant_depth
2026-05-09 13:25:04,361 | INFO | ENTRY signal | market=KXBTC15M-26MAY091330-30 action=buy side=yes trigger=78c limit=78c qty=1 book_ready=True
2026-05-09 13:25:04,361 | INFO | Execution state | market=KXBTC15M-26MAY091330-30 side=yes state=submitting reason=single_shot_abundant_depth trust=synced run_id=71ef5a81-f388-4c83-bc61-d4a8b86af06d
2026-05-09 13:25:04,424 | INFO | ENTRY immediate fill | market=KXBTC15M-26MAY091330-30 side=yes qty=1 limit=78c
2026-05-09 13:25:04,424 | INFO | Execution state | market=KXBTC15M-26MAY091330-30 side=yes state=filled reason=single_shot_abundant_depth trust=synced run_id=71ef5a81-f388-4c83-bc61-d4a8b86af06d
2026-05-09 13:25:19,130 | INFO | Heartbeat | watch=KXBTC15M-26MAY091330-30 yes_bid=88 yes_ask=89 no_bid=11 no_ask=12 book_ready=True position=True pending=False dry_run=False trust=synced run_id=71ef5a81-f388-4c83-bc61-d4a8b86af06d
2026-05-09 13:25:34,139 | INFO | Heartbeat | watch=KXBTC15M-26MAY091330-30 yes_bid=90 yes_ask=91 no_bid=9 no_ask=10 book_ready=True position=True pending=False dry_run=False trust=synced run_id=71ef5a81-f388-4c83-bc61-d4a8b86af06d
2026-05-09 13:25:49,165 | INFO | Heartbeat | watch=KXBTC15M-26MAY091330-30 yes_bid=95 yes_ask=95 no_bid=5 no_ask=5 book_ready=True position=True pending=False dry_run=False trust=synced run_id=71ef5a81-f388-4c83-bc61-d4a8b86af06d
2026-05-09 13:26:04,195 | INFO | Heartbeat | watch=KXBTC15M-26MAY091330-30 yes_bid=96 yes_ask=97 no_bid=3 no_ask=4 book_ready=True position=True pending=False dry_run=False trust=synced run_id=71ef5a81-f388-4c83-bc61-d4a8b86af06d
2026-05-09 13:26:19,235 | INFO | Heartbeat | watch=KXBTC15M-26MAY091330-30 yes_bid=98 yes_ask=98 no_bid=2 no_ask=2 book_ready=True position=True pending=False dry_run=False trust=synced run_id=71ef5a81-f388-4c83-bc61-d4a8b86af06d
2026-05-09 13:26:34,267 | INFO | Heartbeat | watch=KXBTC15M-26MAY091330-30 yes_bid=95 yes_ask=96 no_bid=4 no_ask=5 book_ready=True position=True pending=False dry_run=False trust=synced run_id=71ef5a81-f388-4c83-bc61-d4a8b86af06d
2026-05-09 13:26:38,199 | INFO | EXIT signal | market=KXBTC15M-26MAY091330-30 action=sell side=yes trigger=96c limit=96c qty=3 book_ready=True mode=single_shot_ioc slices=1 attempt=0
2026-05-09 13:26:38,216 | INFO | Latency | purpose=exit feed_age_ms=-158.3 local_reaction_ms=94.0 trigger_seen_at=2026-05-09T17:26:38.216373+00:00 market_msg_time=2026-05-09T17:26:38.374715Z
2026-05-09 13:26:38,216 | INFO | Exit plan approved | market=KXBTC15M-26MAY091330-30 side=yes trigger=96c limit=96c top_bid=96 depth=581.00 required=3 book_age_ms=63.0 secs_to_close=201.81 reason=mushroom_v28_exit_value_over_hold_single_shot_visible_depth mode=single_shot_ioc attempt=0
2026-05-09 13:26:49,284 | INFO | Heartbeat | watch=KXBTC15M-26MAY091330-30 yes_bid=96 yes_ask=96 no_bid=4 no_ask=4 book_ready=True position=True pending=False dry_run=False trust=synced run_id=71ef5a81-f388-4c83-bc61-d4a8b86af06d
2026-05-09 13:27:04,326 | INFO | Heartbeat | watch=KXBTC15M-26MAY091330-30 yes_bid=96 yes_ask=97 no_bid=3 no_ask=4 book_ready=True position=True pending=False dry_run=False trust=synced run_id=71ef5a81-f388-4c83-bc61-d4a8b86af06d
2026-05-09 13:27:17,141 | INFO | EXIT signal | market=KXBTC15M-26MAY091330-30 action=sell side=yes trigger=98c limit=98c qty=3 book_ready=True mode=single_shot_ioc slices=1 attempt=0
2026-05-09 13:27:17,151 | INFO | Latency | purpose=exit feed_age_ms=-298.9 local_reaction_ms=31.0 trigger_seen_at=2026-05-09T17:27:17.151358+00:00 market_msg_time=2026-05-09T17:27:17.450253Z
2026-05-09 13:27:17,151 | INFO | Exit plan approved | market=KXBTC15M-26MAY091330-30 side=yes trigger=98c limit=98c top_bid=98 depth=70.84 required=3 book_age_ms=47.0 secs_to_close=162.88 reason=mushroom_v28_exit_value_over_hold_single_shot_visible_depth mode=single_shot_ioc attempt=0
2026-05-09 13:27:18,144 | INFO | EXIT signal | market=KXBTC15M-26MAY091330-30 action=sell side=yes trigger=98c limit=98c qty=3 book_ready=True mode=single_shot_ioc slices=1 attempt=0
2026-05-09 13:27:18,153 | INFO | Latency | purpose=exit feed_age_ms=-246.7 local_reaction_ms=31.0 trigger_seen_at=2026-05-09T17:27:18.153753+00:00 market_msg_time=2026-05-09T17:27:18.400455Z
2026-05-09 13:27:18,153 | INFO | Exit plan approved | market=KXBTC15M-26MAY091330-30 side=yes trigger=98c limit=98c top_bid=98 depth=70.17 required=3 book_age_ms=16.0 secs_to_close=161.88 reason=mushroom_v28_exit_value_over_hold_single_shot_visible_depth mode=single_shot_ioc attempt=0
2026-05-09 13:27:19,145 | INFO | EXIT signal | market=KXBTC15M-26MAY091330-30 action=sell side=yes trigger=98c limit=98c qty=3 book_ready=True mode=single_shot_ioc slices=1 attempt=0
2026-05-09 13:27:19,155 | INFO | Latency | purpose=exit feed_age_ms=-318.0 local_reaction_ms=31.0 trigger_seen_at=2026-05-09T17:27:19.155750+00:00 market_msg_time=2026-05-09T17:27:19.473716Z
2026-05-09 13:27:19,155 | INFO | Exit plan approved | market=KXBTC15M-26MAY091330-30 side=yes trigger=98c limit=98c top_bid=98 depth=80.00 required=3 book_age_ms=16.0 secs_to_close=160.88 reason=mushroom_v28_exit_value_over_hold_single_shot_visible_depth mode=single_shot_ioc attempt=0
2026-05-09 13:27:19,318 | INFO | Heartbeat | watch=KXBTC15M-26MAY091330-30 yes_bid=98 yes_ask=98 no_bid=2 no_ask=2 book_ready=True position=True pending=False dry_run=False trust=synced run_id=71ef5a81-f388-4c83-bc61-d4a8b86af06d
2026-05-09 13:27:34,318 | INFO | Heartbeat | watch=KXBTC15M-26MAY091330-30 yes_bid=99 yes_ask=99 no_bid=1 no_ask=1 book_ready=True position=True pending=False dry_run=False trust=synced run_id=71ef5a81-f388-4c83-bc61-d4a8b86af06d
2026-05-09 13:27:45,138 | INFO | EXIT signal | market=KXBTC15M-26MAY091330-30 action=sell side=yes trigger=99c limit=99c qty=3 book_ready=True mode=single_shot_ioc slices=1 attempt=0
2026-05-09 13:27:45,154 | INFO | Latency | purpose=exit feed_age_ms=-326.4 local_reaction_ms=47.0 trigger_seen_at=2026-05-09T17:27:45.154955+00:00 market_msg_time=2026-05-09T17:27:45.481366Z
2026-05-09 13:27:45,154 | INFO | Exit plan approved | market=KXBTC15M-26MAY091330-30 side=yes trigger=99c limit=99c top_bid=99 depth=121.00 required=3 book_age_ms=31.0 secs_to_close=134.89 reason=mushroom_v28_exit_value_over_hold_single_shot_visible_depth mode=single_shot_ioc attempt=0
2026-05-09 13:27:46,146 | INFO | EXIT signal | market=KXBTC15M-26MAY091330-30 action=sell side=yes trigger=99c limit=99c qty=3 book_ready=True mode=single_shot_ioc slices=1 attempt=0
2026-05-09 13:27:46,160 | INFO | Latency | purpose=exit feed_age_ms=-341.5 local_reaction_ms=15.0 trigger_seen_at=2026-05-09T17:27:46.160284+00:00 market_msg_time=2026-05-09T17:27:46.501757Z
2026-05-09 13:27:46,160 | INFO | Exit plan approved | market=KXBTC15M-26MAY091330-30 side=yes trigger=99c limit=99c top_bid=99 depth=122.00 required=3 book_age_ms=32.0 secs_to_close=133.87 reason=mushroom_v28_exit_value_over_hold_single_shot_visible_depth mode=single_shot_ioc attempt=0
2026-05-09 13:27:47,127 | INFO | EXIT signal | market=KXBTC15M-26MAY091330-30 action=sell side=yes trigger=99c limit=99c qty=3 book_ready=True mode=single_shot_ioc slices=1 attempt=0
2026-05-09 13:27:47,143 | INFO | Latency | purpose=exit feed_age_ms=-293.2 local_reaction_ms=16.0 trigger_seen_at=2026-05-09T17:27:47.143388+00:00 market_msg_time=2026-05-09T17:27:47.436605Z
2026-05-09 13:27:47,143 | INFO | Exit plan approved | market=KXBTC15M-26MAY091330-30 side=yes trigger=99c limit=99c top_bid=99 depth=122.00 required=3 book_age_ms=16.0 secs_to_close=132.88 reason=mushroom_v28_exit_value_over_hold_single_shot_visible_depth mode=single_shot_ioc attempt=0
2026-05-09 13:27:49,355 | INFO | Heartbeat | watch=KXBTC15M-26MAY091330-30 yes_bid=98 yes_ask=99 no_bid=1 no_ask=2 book_ready=True position=True pending=False dry_run=False trust=synced run_id=71ef5a81-f388-4c83-bc61-d4a8b86af06d
2026-05-09 13:27:51,200 | INFO | EXIT signal | market=KXBTC15M-26MAY091330-30 action=sell side=yes trigger=99c limit=99c qty=3 book_ready=True mode=single_shot_ioc slices=1 attempt=0
2026-05-09 13:27:51,217 | INFO | Latency | purpose=exit feed_age_ms=-281.5 local_reaction_ms=94.0 trigger_seen_at=2026-05-09T17:27:51.217333+00:00 market_msg_time=2026-05-09T17:27:51.49881Z
2026-05-09 13:27:51,217 | INFO | Exit plan approved | market=KXBTC15M-26MAY091330-30 side=yes trigger=99c limit=99c top_bid=99 depth=20.00 required=3 book_age_ms=78.0 secs_to_close=128.81 reason=mushroom_v28_exit_value_over_hold_single_shot_visible_depth mode=single_shot_ioc attempt=0
2026-05-09 13:27:52,270 | INFO | EXIT signal | market=KXBTC15M-26MAY091330-30 action=sell side=yes trigger=99c limit=98c qty=3 book_ready=True mode=single_shot_ioc slices=1 attempt=0
2026-05-09 13:27:52,280 | INFO | Latency | purpose=exit feed_age_ms=-152.6 local_reaction_ms=172.0 trigger_seen_at=2026-05-09T17:27:52.280058+00:00 market_msg_time=2026-05-09T17:27:52.432674Z
2026-05-09 13:27:52,280 | INFO | Exit plan approved | market=KXBTC15M-26MAY091330-30 side=yes trigger=99c limit=98c top_bid=99 depth=2143.23 required=3 book_age_ms=141.0 secs_to_close=127.75 reason=mushroom_v28_exit_value_over_hold_single_shot_visible_depth mode=single_shot_ioc attempt=0
2026-05-09 13:27:52,327 | INFO | EXIT fill | market=KXBTC15M-26MAY091330-30 side=yes slice=1/1 qty=3 cumulative=3/3 remaining=0
2026-05-09 13:28:04,424 | INFO | Heartbeat | watch=KXBTC15M-26MAY091330-30 yes_bid=99 yes_ask=100 no_bid=0 no_ask=1 book_ready=True position=False pending=False dry_run=False trust=synced run_id=71ef5a81-f388-4c83-bc61-d4a8b86af06d
2026-05-09 13:28:19,489 | INFO | Heartbeat | watch=KXBTC15M-26MAY091330-30 yes_bid=100 yes_ask=100 no_bid=0 no_ask=0 book_ready=True position=False pending=False dry_run=False trust=synced run_id=71ef5a81-f388-4c83-bc61-d4a8b86af06d
2026-05-09 13:28:34,525 | INFO | Heartbeat | watch=KXBTC15M-26MAY091330-30 yes_bid=100 yes_ask=100 no_bid=0 no_ask=0 book_ready=True position=False pending=False dry_run=False trust=synced run_id=71ef5a81-f388-4c83-bc61-d4a8b86af06d
2026-05-09 13:28:49,534 | INFO | Heartbeat | watch=KXBTC15M-26MAY091330-30 yes_bid=100 yes_ask=100 no_bid=0 no_ask=0 book_ready=True position=False pending=False dry_run=False trust=synced run_id=71ef5a81-f388-4c83-bc61-d4a8b86af06d
2026-05-09 13:29:04,560 | INFO | Heartbeat | watch=KXBTC15M-26MAY091330-30 yes_bid=100 yes_ask=100 no_bid=0 no_ask=0 book_ready=True position=False pending=False dry_run=False trust=synced run_id=71ef5a81-f388-4c83-bc61-d4a8b86af06d
2026-05-09 13:29:19,572 | INFO | Heartbeat | watch=KXBTC15M-26MAY091330-30 yes_bid=100 yes_ask=100 no_bid=0 no_ask=0 book_ready=True position=False pending=False dry_run=False trust=synced run_id=71ef5a81-f388-4c83-bc61-d4a8b86af06d
2026-05-09 13:29:34,606 | INFO | Heartbeat | watch=KXBTC15M-26MAY091330-30 yes_bid=100 yes_ask=100 no_bid=0 no_ask=0 book_ready=True position=False pending=False dry_run=False trust=synced run_id=71ef5a81-f388-4c83-bc61-d4a8b86af06d
2026-05-09 13:29:49,654 | INFO | Heartbeat | watch=KXBTC15M-26MAY091330-30 yes_bid=100 yes_ask=100 no_bid=0 no_ask=0 book_ready=True position=False pending=False dry_run=False trust=synced run_id=71ef5a81-f388-4c83-bc61-d4a8b86af06d
2026-05-09 13:30:04,693 | INFO | Heartbeat | watch=KXBTC15M-26MAY091330-30 yes_bid=0 yes_ask=100 no_bid=0 no_ask=100 book_ready=True position=False pending=False dry_run=False trust=synced run_id=71ef5a81-f388-4c83-bc61-d4a8b86af06d
2026-05-09 13:30:05,650 | INFO | Orderbook snapshot ready for KXBTC15M-26MAY091330-30
2026-05-09 13:30:18,334 | INFO | Watching market KXBTC15M-26MAY091345-45 close_time=2026-05-09T17:45:00Z status=active strike=80815.72 run_id=71ef5a81-f388-4c83-bc61-d4a8b86af06d
2026-05-09 13:30:18,539 | INFO | WS connected for KXBTC15M-26MAY091345-45
2026-05-09 13:30:18,572 | INFO | WS subscribed payload: {'type': 'subscribed', 'id': 2, 'msg': {'channel': 'ticker', 'sid': 1}}
2026-05-09 13:30:18,573 | INFO | WS subscribed payload: {'type': 'subscribed', 'id': 2, 'msg': {'channel': 'orderbook_delta', 'sid': 2}}
2026-05-09 13:30:18,575 | INFO | Orderbook snapshot ready for KXBTC15M-26MAY091345-45
2026-05-09 13:30:19,753 | INFO | Heartbeat | watch=KXBTC15M-26MAY091345-45 yes_bid=55 yes_ask=56 no_bid=44 no_ask=45 book_ready=True position=False pending=False dry_run=False trust=synced run_id=71ef5a81-f388-4c83-bc61-d4a8b86af06d
2026-05-09 13:30:34,900 | INFO | Heartbeat | watch=KXBTC15M-26MAY091345-45 yes_bid=61 yes_ask=62 no_bid=38 no_ask=39 book_ready=True position=False pending=False dry_run=False trust=synced run_id=71ef5a81-f388-4c83-bc61-d4a8b86af06d
2026-05-09 13:30:50,013 | INFO | Heartbeat | watch=KXBTC15M-26MAY091345-45 yes_bid=54 yes_ask=55 no_bid=45 no_ask=46 book_ready=True position=False pending=False dry_run=False trust=synced run_id=71ef5a81-f388-4c83-bc61-d4a8b86af06d
2026-05-09 13:31:05,073 | INFO | Heartbeat | watch=KXBTC15M-26MAY091345-45 yes_bid=60 yes_ask=62 no_bid=38 no_ask=40 book_ready=True position=False pending=False dry_run=False trust=synced run_id=71ef5a81-f388-4c83-bc61-d4a8b86af06d
2026-05-09 13:31:20,291 | INFO | Heartbeat | watch=KXBTC15M-26MAY091345-45 yes_bid=57 yes_ask=58 no_bid=42 no_ask=43 book_ready=True position=False pending=False dry_run=False trust=synced run_id=71ef5a81-f388-4c83-bc61-d4a8b86af06d
2026-05-09 13:31:35,342 | INFO | Heartbeat | watch=KXBTC15M-26MAY091345-45 yes_bid=65 yes_ask=66 no_bid=34 no_ask=35 book_ready=True position=False pending=False dry_run=False trust=synced run_id=71ef5a81-f388-4c83-bc61-d4a8b86af06d
2026-05-09 13:31:50,333 | INFO | Heartbeat | watch=KXBTC15M-26MAY091345-45 yes_bid=69 yes_ask=70 no_bid=30 no_ask=31 book_ready=True position=False pending=False dry_run=False trust=synced run_id=71ef5a81-f388-4c83-bc61-d4a8b86af06d
2026-05-09 13:32:05,378 | INFO | Heartbeat | watch=KXBTC15M-26MAY091345-45 yes_bid=67 yes_ask=68 no_bid=32 no_ask=33 book_ready=True position=False pending=False dry_run=False trust=synced run_id=71ef5a81-f388-4c83-bc61-d4a8b86af06d
2026-05-09 13:32:07,120 | INFO | Mushroom v28 entry approved | market=KXBTC15M-26MAY091345-45 side=yes ask=68c max_buy=80c qty=2 p_side=0.8585 edge=15.849c depth=1632.94 btc_age_ms=1047.0 secs_to_close=772.92
2026-05-09 13:32:07,182 | INFO | Execution state | market=KXBTC15M-26MAY091345-45 side=yes state=eligible reason=pre_filters_disabled trust=synced run_id=71ef5a81-f388-4c83-bc61-d4a8b86af06d
2026-05-09 13:32:07,184 | INFO | Live fill policy approved | market=KXBTC15M-26MAY091345-45 side=yes trigger=68c tif=immediate_or_cancel limit=68c depth=1632.94 required=3 book_age_ms=438.0 secs_to_close=772.92 reason=single_shot_abundant_depth
2026-05-09 13:32:07,186 | INFO | ENTRY signal | market=KXBTC15M-26MAY091345-45 action=buy side=yes trigger=68c limit=68c qty=2 book_ready=True
2026-05-09 13:32:07,187 | INFO | Execution state | market=KXBTC15M-26MAY091345-45 side=yes state=submitting reason=single_shot_abundant_depth trust=synced run_id=71ef5a81-f388-4c83-bc61-d4a8b86af06d
2026-05-09 13:32:07,241 | INFO | ENTRY immediate fill | market=KXBTC15M-26MAY091345-45 side=yes qty=2 limit=68c
2026-05-09 13:32:07,242 | INFO | Execution state | market=KXBTC15M-26MAY091345-45 side=yes state=filled reason=single_shot_abundant_depth trust=synced run_id=71ef5a81-f388-4c83-bc61-d4a8b86af06d
2026-05-09 13:32:20,373 | INFO | Heartbeat | watch=KXBTC15M-26MAY091345-45 yes_bid=71 yes_ask=72 no_bid=28 no_ask=29 book_ready=True position=True pending=False dry_run=False trust=synced run_id=71ef5a81-f388-4c83-bc61-d4a8b86af06d
2026-05-09 13:32:35,419 | INFO | Heartbeat | watch=KXBTC15M-26MAY091345-45 yes_bid=62 yes_ask=63 no_bid=37 no_ask=38 book_ready=True position=True pending=False dry_run=False trust=synced run_id=71ef5a81-f388-4c83-bc61-d4a8b86af06d
2026-05-09 13:32:37,678 | INFO | EXIT signal | market=KXBTC15M-26MAY091345-45 action=sell side=yes trigger=58c limit=58c qty=2 book_ready=True mode=single_shot_ioc slices=1 attempt=0
2026-05-09 13:32:37,679 | INFO | Latency | purpose=exit feed_age_ms=-244.7 local_reaction_ms=79.0 trigger_seen_at=2026-05-09T17:32:37.679361+00:00 market_msg_time=2026-05-09T17:32:37.924075Z
2026-05-09 13:32:37,680 | INFO | Exit plan approved | market=KXBTC15M-26MAY091345-45 side=yes trigger=58c limit=58c top_bid=58 depth=29.00 required=2 book_age_ms=32.0 secs_to_close=742.37 reason=mushroom_v28_probability_collapse_full_single_shot_visible_depth mode=single_shot_ioc attempt=0
2026-05-09 13:32:37,733 | INFO | EXIT fill | market=KXBTC15M-26MAY091345-45 side=yes slice=1/1 qty=2 cumulative=2/2 remaining=0
2026-05-09 13:32:50,435 | INFO | Heartbeat | watch=KXBTC15M-26MAY091345-45 yes_bid=59 yes_ask=60 no_bid=40 no_ask=41 book_ready=True position=False pending=False dry_run=False trust=synced run_id=71ef5a81-f388-4c83-bc61-d4a8b86af06d
2026-05-09 13:33:05,702 | INFO | Heartbeat | watch=KXBTC15M-26MAY091345-45 yes_bid=58 yes_ask=59 no_bid=41 no_ask=42 book_ready=True position=False pending=False dry_run=False trust=synced run_id=71ef5a81-f388-4c83-bc61-d4a8b86af06d
2026-05-09 13:33:20,717 | INFO | Heartbeat | watch=KXBTC15M-26MAY091345-45 yes_bid=59 yes_ask=60 no_bid=40 no_ask=41 book_ready=True position=False pending=False dry_run=False trust=synced run_id=71ef5a81-f388-4c83-bc61-d4a8b86af06d
2026-05-09 13:33:35,985 | INFO | Heartbeat | watch=KXBTC15M-26MAY091345-45 yes_bid=54 yes_ask=55 no_bid=45 no_ask=46 book_ready=True position=False pending=False dry_run=False trust=synced run_id=71ef5a81-f388-4c83-bc61-d4a8b86af06d
2026-05-09 13:33:51,055 | INFO | Heartbeat | watch=KXBTC15M-26MAY091345-45 yes_bid=60 yes_ask=61 no_bid=39 no_ask=40 book_ready=True position=False pending=False dry_run=False trust=synced run_id=71ef5a81-f388-4c83-bc61-d4a8b86af06d
2026-05-09 13:34:06,163 | INFO | Heartbeat | watch=KXBTC15M-26MAY091345-45 yes_bid=72 yes_ask=73 no_bid=27 no_ask=28 book_ready=True position=False pending=False dry_run=False trust=synced run_id=71ef5a81-f388-4c83-bc61-d4a8b86af06d
2026-05-09 13:34:21,308 | INFO | Heartbeat | watch=KXBTC15M-26MAY091345-45 yes_bid=68 yes_ask=69 no_bid=31 no_ask=32 book_ready=True position=False pending=False dry_run=False trust=synced run_id=71ef5a81-f388-4c83-bc61-d4a8b86af06d
2026-05-09 13:34:36,362 | INFO | Heartbeat | watch=KXBTC15M-26MAY091345-45 yes_bid=65 yes_ask=66 no_bid=34 no_ask=35 book_ready=True position=False pending=False dry_run=False trust=synced run_id=71ef5a81-f388-4c83-bc61-d4a8b86af06d
2026-05-09 13:34:51,373 | INFO | Heartbeat | watch=KXBTC15M-26MAY091345-45 yes_bid=69 yes_ask=70 no_bid=30 no_ask=31 book_ready=True position=False pending=False dry_run=False trust=synced run_id=71ef5a81-f388-4c83-bc61-d4a8b86af06d
2026-05-09 13:35:06,414 | INFO | Heartbeat | watch=KXBTC15M-26MAY091345-45 yes_bid=69 yes_ask=71 no_bid=29 no_ask=31 book_ready=True position=False pending=False dry_run=False trust=synced run_id=71ef5a81-f388-4c83-bc61-d4a8b86af06d
2026-05-09 13:35:08,283 | INFO | Mushroom v28 entry approved | market=KXBTC15M-26MAY091345-45 side=yes ask=75c max_buy=78c qty=2 p_side=0.8252 edge=6.022c depth=249.95 btc_age_ms=0.0 secs_to_close=591.77
2026-05-09 13:35:08,321 | INFO | Execution state | market=KXBTC15M-26MAY091345-45 side=yes state=eligible reason=pre_filters_disabled trust=synced run_id=71ef5a81-f388-4c83-bc61-d4a8b86af06d
2026-05-09 13:35:08,322 | INFO | Live fill policy approved | market=KXBTC15M-26MAY091345-45 side=yes trigger=75c tif=immediate_or_cancel limit=75c depth=249.95 required=3 book_age_ms=640.0 secs_to_close=591.77 reason=single_shot_abundant_depth
2026-05-09 13:35:08,324 | INFO | ENTRY signal | market=KXBTC15M-26MAY091345-45 action=buy side=yes trigger=75c limit=75c qty=2 book_ready=True
2026-05-09 13:35:08,325 | INFO | Execution state | market=KXBTC15M-26MAY091345-45 side=yes state=submitting reason=single_shot_abundant_depth trust=synced run_id=71ef5a81-f388-4c83-bc61-d4a8b86af06d
2026-05-09 13:35:08,378 | INFO | ENTRY immediate fill | market=KXBTC15M-26MAY091345-45 side=yes qty=2 limit=75c
2026-05-09 13:35:08,379 | INFO | Execution state | market=KXBTC15M-26MAY091345-45 side=yes state=filled reason=single_shot_abundant_depth trust=synced run_id=71ef5a81-f388-4c83-bc61-d4a8b86af06d
2026-05-09 13:35:08,662 | INFO | Mushroom v28 entry approved | market=KXBTC15M-26MAY091345-45 side=yes ask=75c max_buy=77c qty=1 p_side=0.8253 edge=5.526c depth=296.95 btc_age_ms=78.0 secs_to_close=591.36
2026-05-09 13:35:08,711 | INFO | Execution state | market=KXBTC15M-26MAY091345-45 side=yes state=eligible reason=pre_filters_disabled trust=synced run_id=71ef5a81-f388-4c83-bc61-d4a8b86af06d
2026-05-09 13:35:08,712 | INFO | Live fill policy approved | market=KXBTC15M-26MAY091345-45 side=yes trigger=75c tif=immediate_or_cancel limit=75c depth=296.95 required=2 book_age_ms=0.0 secs_to_close=591.36 reason=single_shot_abundant_depth
2026-05-09 13:35:08,715 | INFO | ENTRY signal | market=KXBTC15M-26MAY091345-45 action=buy side=yes trigger=75c limit=75c qty=1 book_ready=True
2026-05-09 13:35:08,716 | INFO | Execution state | market=KXBTC15M-26MAY091345-45 side=yes state=submitting reason=single_shot_abundant_depth trust=synced run_id=71ef5a81-f388-4c83-bc61-d4a8b86af06d
2026-05-09 13:35:08,775 | INFO | ENTRY immediate fill | market=KXBTC15M-26MAY091345-45 side=yes qty=1 limit=75c
2026-05-09 13:35:08,776 | INFO | Execution state | market=KXBTC15M-26MAY091345-45 side=yes state=filled reason=single_shot_abundant_depth trust=synced run_id=71ef5a81-f388-4c83-bc61-d4a8b86af06d
2026-05-09 13:35:21,438 | INFO | Heartbeat | watch=KXBTC15M-26MAY091345-45 yes_bid=85 yes_ask=86 no_bid=14 no_ask=15 book_ready=True position=True pending=False dry_run=False trust=synced run_id=71ef5a81-f388-4c83-bc61-d4a8b86af06d
2026-05-09 13:35:36,440 | INFO | Heartbeat | watch=KXBTC15M-26MAY091345-45 yes_bid=77 yes_ask=78 no_bid=22 no_ask=23 book_ready=True position=True pending=False dry_run=False trust=synced run_id=71ef5a81-f388-4c83-bc61-d4a8b86af06d
2026-05-09 13:35:51,460 | INFO | Heartbeat | watch=KXBTC15M-26MAY091345-45 yes_bid=82 yes_ask=83 no_bid=17 no_ask=18 book_ready=True position=True pending=False dry_run=False trust=synced run_id=71ef5a81-f388-4c83-bc61-d4a8b86af06d
2026-05-09 13:36:06,482 | INFO | Heartbeat | watch=KXBTC15M-26MAY091345-45 yes_bid=85 yes_ask=86 no_bid=14 no_ask=15 book_ready=True position=True pending=False dry_run=False trust=synced run_id=71ef5a81-f388-4c83-bc61-d4a8b86af06d
2026-05-09 13:36:21,503 | INFO | Heartbeat | watch=KXBTC15M-26MAY091345-45 yes_bid=92 yes_ask=92 no_bid=8 no_ask=8 book_ready=True position=True pending=False dry_run=False trust=synced run_id=71ef5a81-f388-4c83-bc61-d4a8b86af06d
2026-05-09 13:36:36,497 | INFO | Heartbeat | watch=KXBTC15M-26MAY091345-45 yes_bid=91 yes_ask=91 no_bid=9 no_ask=9 book_ready=True position=True pending=False dry_run=False trust=synced run_id=71ef5a81-f388-4c83-bc61-d4a8b86af06d
2026-05-09 13:36:51,547 | INFO | Heartbeat | watch=KXBTC15M-26MAY091345-45 yes_bid=90 yes_ask=91 no_bid=9 no_ask=10 book_ready=True position=True pending=False dry_run=False trust=synced run_id=71ef5a81-f388-4c83-bc61-d4a8b86af06d
2026-05-09 13:37:06,547 | INFO | Heartbeat | watch=KXBTC15M-26MAY091345-45 yes_bid=87 yes_ask=88 no_bid=12 no_ask=13 book_ready=True position=True pending=False dry_run=False trust=synced run_id=71ef5a81-f388-4c83-bc61-d4a8b86af06d
2026-05-09 13:37:21,547 | INFO | Heartbeat | watch=KXBTC15M-26MAY091345-45 yes_bid=86 yes_ask=89 no_bid=11 no_ask=14 book_ready=True position=True pending=False dry_run=False trust=synced run_id=71ef5a81-f388-4c83-bc61-d4a8b86af06d
2026-05-09 13:37:36,560 | INFO | Heartbeat | watch=KXBTC15M-26MAY091345-45 yes_bid=94 yes_ask=95 no_bid=5 no_ask=6 book_ready=True position=True pending=False dry_run=False trust=synced run_id=71ef5a81-f388-4c83-bc61-d4a8b86af06d
2026-05-09 13:37:51,569 | INFO | Heartbeat | watch=KXBTC15M-26MAY091345-45 yes_bid=89 yes_ask=91 no_bid=9 no_ask=11 book_ready=True position=True pending=False dry_run=False trust=synced run_id=71ef5a81-f388-4c83-bc61-d4a8b86af06d
2026-05-09 13:38:06,615 | INFO | Heartbeat | watch=KXBTC15M-26MAY091345-45 yes_bid=91 yes_ask=93 no_bid=7 no_ask=9 book_ready=True position=True pending=False dry_run=False trust=synced run_id=71ef5a81-f388-4c83-bc61-d4a8b86af06d
2026-05-09 13:38:21,617 | INFO | Heartbeat | watch=KXBTC15M-26MAY091345-45 yes_bid=89 yes_ask=90 no_bid=10 no_ask=11 book_ready=True position=True pending=False dry_run=False trust=synced run_id=71ef5a81-f388-4c83-bc61-d4a8b86af06d
2026-05-09 13:38:36,662 | INFO | Heartbeat | watch=KXBTC15M-26MAY091345-45 yes_bid=89 yes_ask=91 no_bid=9 no_ask=11 book_ready=True position=True pending=False dry_run=False trust=synced run_id=71ef5a81-f388-4c83-bc61-d4a8b86af06d
2026-05-09 13:38:51,749 | INFO | Heartbeat | watch=KXBTC15M-26MAY091345-45 yes_bid=95 yes_ask=96 no_bid=4 no_ask=5 book_ready=True position=True pending=False dry_run=False trust=synced run_id=71ef5a81-f388-4c83-bc61-d4a8b86af06d
2026-05-09 13:39:06,777 | INFO | Heartbeat | watch=KXBTC15M-26MAY091345-45 yes_bid=95 yes_ask=96 no_bid=4 no_ask=5 book_ready=True position=True pending=False dry_run=False trust=synced run_id=71ef5a81-f388-4c83-bc61-d4a8b86af06d
2026-05-09 13:39:21,803 | INFO | Heartbeat | watch=KXBTC15M-26MAY091345-45 yes_bid=94 yes_ask=95 no_bid=5 no_ask=6 book_ready=True position=True pending=False dry_run=False trust=synced run_id=71ef5a81-f388-4c83-bc61-d4a8b86af06d
2026-05-09 13:39:36,809 | INFO | Heartbeat | watch=KXBTC15M-26MAY091345-45 yes_bid=96 yes_ask=96 no_bid=4 no_ask=4 book_ready=True position=True pending=False dry_run=False trust=synced run_id=71ef5a81-f388-4c83-bc61-d4a8b86af06d
2026-05-09 13:39:51,859 | INFO | Heartbeat | watch=KXBTC15M-26MAY091345-45 yes_bid=93 yes_ask=94 no_bid=6 no_ask=7 book_ready=True position=True pending=False dry_run=False trust=synced run_id=71ef5a81-f388-4c83-bc61-d4a8b86af06d
2026-05-09 13:39:54,222 | INFO | Mushroom v28 BTC REST fallback refreshed stale tick | previous_age_ms=3047.0 threshold_ms=3000.0 source=coinbase_spot_rest
2026-05-09 13:40:06,910 | INFO | Heartbeat | watch=KXBTC15M-26MAY091345-45 yes_bid=92 yes_ask=93 no_bid=7 no_ask=8 book_ready=True position=True pending=False dry_run=False trust=synced run_id=71ef5a81-f388-4c83-bc61-d4a8b86af06d
2026-05-09 13:40:21,896 | INFO | Heartbeat | watch=KXBTC15M-26MAY091345-45 yes_bid=94 yes_ask=94 no_bid=6 no_ask=6 book_ready=True position=True pending=False dry_run=False trust=synced run_id=71ef5a81-f388-4c83-bc61-d4a8b86af06d
2026-05-09 13:40:36,927 | INFO | Heartbeat | watch=KXBTC15M-26MAY091345-45 yes_bid=92 yes_ask=93 no_bid=7 no_ask=8 book_ready=True position=True pending=False dry_run=False trust=synced run_id=71ef5a81-f388-4c83-bc61-d4a8b86af06d
2026-05-09 13:40:51,970 | INFO | Heartbeat | watch=KXBTC15M-26MAY091345-45 yes_bid=96 yes_ask=96 no_bid=4 no_ask=4 book_ready=True position=True pending=False dry_run=False trust=synced run_id=71ef5a81-f388-4c83-bc61-d4a8b86af06d
2026-05-09 13:41:06,978 | INFO | Heartbeat | watch=KXBTC15M-26MAY091345-45 yes_bid=95 yes_ask=95 no_bid=5 no_ask=5 book_ready=True position=True pending=False dry_run=False trust=synced run_id=71ef5a81-f388-4c83-bc61-d4a8b86af06d
2026-05-09 13:41:14,702 | INFO | EXIT signal | market=KXBTC15M-26MAY091345-45 action=sell side=yes trigger=98c limit=98c qty=3 book_ready=True mode=single_shot_ioc slices=1 attempt=0
2026-05-09 13:41:14,703 | INFO | Latency | purpose=exit feed_age_ms=-96.6 local_reaction_ms=125.0 trigger_seen_at=2026-05-09T17:41:14.703394+00:00 market_msg_time=2026-05-09T17:41:14.799984Z
2026-05-09 13:41:14,703 | INFO | Exit plan approved | market=KXBTC15M-26MAY091345-45 side=yes trigger=98c limit=98c top_bid=98 depth=39.00 required=3 book_age_ms=110.0 secs_to_close=225.32 reason=mushroom_v28_exit_value_over_hold_single_shot_visible_depth mode=single_shot_ioc attempt=0
2026-05-09 13:41:22,181 | INFO | Mushroom v28 BTC REST fallback refreshed stale tick | previous_age_ms=3015.0 threshold_ms=3000.0 source=coinbase_spot_rest
2026-05-09 13:41:22,183 | INFO | Heartbeat | watch=KXBTC15M-26MAY091345-45 yes_bid=95 yes_ask=95 no_bid=5 no_ask=5 book_ready=True position=True pending=False dry_run=False trust=synced run_id=71ef5a81-f388-4c83-bc61-d4a8b86af06d
2026-05-09 13:41:24,681 | INFO | EXIT signal | market=KXBTC15M-26MAY091345-45 action=sell side=yes trigger=95c limit=95c qty=3 book_ready=True mode=single_shot_ioc slices=1 attempt=0
2026-05-09 13:41:24,682 | INFO | Latency | purpose=exit feed_age_ms=-24.7 local_reaction_ms=125.0 trigger_seen_at=2026-05-09T17:41:24.682573+00:00 market_msg_time=2026-05-09T17:41:24.70731Z
2026-05-09 13:41:24,682 | INFO | Exit plan approved | market=KXBTC15M-26MAY091345-45 side=yes trigger=95c limit=95c top_bid=95 depth=290.91 required=3 book_age_ms=93.0 secs_to_close=215.34 reason=mushroom_v28_exit_value_over_hold_single_shot_visible_depth mode=single_shot_ioc attempt=0
2026-05-09 13:41:24,730 | INFO | EXIT fill | market=KXBTC15M-26MAY091345-45 side=yes slice=1/1 qty=3 cumulative=3/3 remaining=0
2026-05-09 13:41:37,185 | INFO | Heartbeat | watch=KXBTC15M-26MAY091345-45 yes_bid=95 yes_ask=95 no_bid=5 no_ask=5 book_ready=True position=False pending=False dry_run=False trust=synced run_id=71ef5a81-f388-4c83-bc61-d4a8b86af06d
2026-05-09 13:41:52,246 | INFO | Heartbeat | watch=KXBTC15M-26MAY091345-45 yes_bid=95 yes_ask=96 no_bid=4 no_ask=5 book_ready=True position=False pending=False dry_run=False trust=synced run_id=71ef5a81-f388-4c83-bc61-d4a8b86af06d
2026-05-09 13:42:07,351 | INFO | Heartbeat | watch=KXBTC15M-26MAY091345-45 yes_bid=96 yes_ask=97 no_bid=3 no_ask=4 book_ready=True position=False pending=False dry_run=False trust=synced run_id=71ef5a81-f388-4c83-bc61-d4a8b86af06d
2026-05-09 13:42:22,400 | INFO | Heartbeat | watch=KXBTC15M-26MAY091345-45 yes_bid=98 yes_ask=99 no_bid=1 no_ask=2 book_ready=True position=False pending=False dry_run=False trust=synced run_id=71ef5a81-f388-4c83-bc61-d4a8b86af06d
2026-05-09 13:42:37,406 | INFO | Heartbeat | watch=KXBTC15M-26MAY091345-45 yes_bid=99 yes_ask=99 no_bid=1 no_ask=1 book_ready=True position=False pending=False dry_run=False trust=synced run_id=71ef5a81-f388-4c83-bc61-d4a8b86af06d
2026-05-09 13:42:52,635 | INFO | Heartbeat | watch=KXBTC15M-26MAY091345-45 yes_bid=99 yes_ask=100 no_bid=0 no_ask=1 book_ready=True position=False pending=False dry_run=False trust=synced run_id=71ef5a81-f388-4c83-bc61-d4a8b86af06d
2026-05-09 13:43:07,642 | INFO | Heartbeat | watch=KXBTC15M-26MAY091345-45 yes_bid=99 yes_ask=99 no_bid=1 no_ask=1 book_ready=True position=False pending=False dry_run=False trust=synced run_id=71ef5a81-f388-4c83-bc61-d4a8b86af06d
2026-05-09 13:43:22,702 | INFO | Heartbeat | watch=KXBTC15M-26MAY091345-45 yes_bid=99 yes_ask=100 no_bid=0 no_ask=1 book_ready=True position=False pending=False dry_run=False trust=synced run_id=71ef5a81-f388-4c83-bc61-d4a8b86af06d
2026-05-09 13:43:37,733 | INFO | Heartbeat | watch=KXBTC15M-26MAY091345-45 yes_bid=100 yes_ask=100 no_bid=0 no_ask=0 book_ready=True position=False pending=False dry_run=False trust=synced run_id=71ef5a81-f388-4c83-bc61-d4a8b86af06d
2026-05-09 13:43:52,808 | INFO | Heartbeat | watch=KXBTC15M-26MAY091345-45 yes_bid=100 yes_ask=100 no_bid=0 no_ask=0 book_ready=True position=False pending=False dry_run=False trust=synced run_id=71ef5a81-f388-4c83-bc61-d4a8b86af06d
2026-05-09 13:44:07,910 | INFO | Heartbeat | watch=KXBTC15M-26MAY091345-45 yes_bid=100 yes_ask=100 no_bid=0 no_ask=0 book_ready=True position=False pending=False dry_run=False trust=synced run_id=71ef5a81-f388-4c83-bc61-d4a8b86af06d
2026-05-09 13:44:22,908 | INFO | Heartbeat | watch=KXBTC15M-26MAY091345-45 yes_bid=100 yes_ask=100 no_bid=0 no_ask=0 book_ready=True position=False pending=False dry_run=False trust=synced run_id=71ef5a81-f388-4c83-bc61-d4a8b86af06d
2026-05-09 13:44:37,950 | INFO | Heartbeat | watch=KXBTC15M-26MAY091345-45 yes_bid=100 yes_ask=100 no_bid=0 no_ask=0 book_ready=True position=False pending=False dry_run=False trust=synced run_id=71ef5a81-f388-4c83-bc61-d4a8b86af06d
2026-05-09 13:44:53,131 | INFO | Heartbeat | watch=KXBTC15M-26MAY091345-45 yes_bid=100 yes_ask=100 no_bid=0 no_ask=0 book_ready=True position=False pending=False dry_run=False trust=synced run_id=71ef5a81-f388-4c83-bc61-d4a8b86af06d
2026-05-09 13:45:05,599 | INFO | Orderbook snapshot ready for KXBTC15M-26MAY091345-45
2026-05-09 13:45:08,176 | INFO | Heartbeat | watch=KXBTC15M-26MAY091345-45 yes_bid=0 yes_ask=100 no_bid=0 no_ask=100 book_ready=True position=False pending=False dry_run=False trust=synced run_id=71ef5a81-f388-4c83-bc61-d4a8b86af06d
2026-05-09 13:45:17,860 | INFO | Watching market KXBTC15M-26MAY091400-00 close_time=2026-05-09T18:00:00Z status=active strike=80835.08 run_id=71ef5a81-f388-4c83-bc61-d4a8b86af06d
2026-05-09 13:45:18,035 | INFO | WS connected for KXBTC15M-26MAY091400-00
2026-05-09 13:45:18,066 | INFO | WS subscribed payload: {'type': 'subscribed', 'id': 3, 'msg': {'channel': 'ticker', 'sid': 1}}
2026-05-09 13:45:18,067 | INFO | WS subscribed payload: {'type': 'subscribed', 'id': 3, 'msg': {'channel': 'orderbook_delta', 'sid': 2}}
2026-05-09 13:45:18,068 | INFO | Orderbook snapshot ready for KXBTC15M-26MAY091400-00
2026-05-09 13:45:23,214 | INFO | Heartbeat | watch=KXBTC15M-26MAY091400-00 yes_bid=37 yes_ask=38 no_bid=62 no_ask=63 book_ready=True position=False pending=False dry_run=False trust=synced run_id=71ef5a81-f388-4c83-bc61-d4a8b86af06d
2026-05-09 13:45:38,299 | INFO | Heartbeat | watch=KXBTC15M-26MAY091400-00 yes_bid=34 yes_ask=35 no_bid=65 no_ask=66 book_ready=True position=False pending=False dry_run=False trust=synced run_id=71ef5a81-f388-4c83-bc61-d4a8b86af06d
2026-05-09 13:45:53,412 | INFO | Heartbeat | watch=KXBTC15M-26MAY091400-00 yes_bid=35 yes_ask=36 no_bid=64 no_ask=65 book_ready=True position=False pending=False dry_run=False trust=synced run_id=71ef5a81-f388-4c83-bc61-d4a8b86af06d
2026-05-09 13:46:08,412 | INFO | Heartbeat | watch=KXBTC15M-26MAY091400-00 yes_bid=39 yes_ask=40 no_bid=60 no_ask=61 book_ready=True position=False pending=False dry_run=False trust=synced run_id=71ef5a81-f388-4c83-bc61-d4a8b86af06d
2026-05-09 13:46:23,677 | INFO | Heartbeat | watch=KXBTC15M-26MAY091400-00 yes_bid=43 yes_ask=44 no_bid=56 no_ask=57 book_ready=True position=False pending=False dry_run=False trust=synced run_id=71ef5a81-f388-4c83-bc61-d4a8b86af06d
2026-05-09 13:46:38,790 | INFO | Heartbeat | watch=KXBTC15M-26MAY091400-00 yes_bid=46 yes_ask=47 no_bid=53 no_ask=54 book_ready=True position=False pending=False dry_run=False trust=synced run_id=71ef5a81-f388-4c83-bc61-d4a8b86af06d
2026-05-09 13:46:53,873 | INFO | Heartbeat | watch=KXBTC15M-26MAY091400-00 yes_bid=45 yes_ask=46 no_bid=54 no_ask=55 book_ready=True position=False pending=False dry_run=False trust=synced run_id=71ef5a81-f388-4c83-bc61-d4a8b86af06d
2026-05-09 13:47:08,897 | INFO | Heartbeat | watch=KXBTC15M-26MAY091400-00 yes_bid=45 yes_ask=46 no_bid=54 no_ask=55 book_ready=True position=False pending=False dry_run=False trust=synced run_id=71ef5a81-f388-4c83-bc61-d4a8b86af06d
2026-05-09 13:47:24,036 | INFO | Heartbeat | watch=KXBTC15M-26MAY091400-00 yes_bid=45 yes_ask=46 no_bid=54 no_ask=55 book_ready=True position=False pending=False dry_run=False trust=synced run_id=71ef5a81-f388-4c83-bc61-d4a8b86af06d
2026-05-09 13:47:39,044 | INFO | Heartbeat | watch=KXBTC15M-26MAY091400-00 yes_bid=41 yes_ask=43 no_bid=57 no_ask=59 book_ready=True position=False pending=False dry_run=False trust=synced run_id=71ef5a81-f388-4c83-bc61-d4a8b86af06d
2026-05-09 13:47:54,113 | INFO | Heartbeat | watch=KXBTC15M-26MAY091400-00 yes_bid=41 yes_ask=43 no_bid=57 no_ask=59 book_ready=True position=False pending=False dry_run=False trust=synced run_id=71ef5a81-f388-4c83-bc61-d4a8b86af06d
2026-05-09 13:48:09,138 | INFO | Heartbeat | watch=KXBTC15M-26MAY091400-00 yes_bid=40 yes_ask=42 no_bid=58 no_ask=60 book_ready=True position=False pending=False dry_run=False trust=synced run_id=71ef5a81-f388-4c83-bc61-d4a8b86af06d
2026-05-09 13:48:24,264 | INFO | Heartbeat | watch=KXBTC15M-26MAY091400-00 yes_bid=33 yes_ask=34 no_bid=66 no_ask=67 book_ready=True position=False pending=False dry_run=False trust=synced run_id=71ef5a81-f388-4c83-bc61-d4a8b86af06d
2026-05-09 13:48:39,360 | INFO | Heartbeat | watch=KXBTC15M-26MAY091400-00 yes_bid=32 yes_ask=33 no_bid=67 no_ask=68 book_ready=True position=False pending=False dry_run=False trust=synced run_id=71ef5a81-f388-4c83-bc61-d4a8b86af06d
2026-05-09 13:48:54,411 | INFO | Heartbeat | watch=KXBTC15M-26MAY091400-00 yes_bid=33 yes_ask=34 no_bid=66 no_ask=67 book_ready=True position=False pending=False dry_run=False trust=synced run_id=71ef5a81-f388-4c83-bc61-d4a8b86af06d
2026-05-09 13:49:09,505 | INFO | Heartbeat | watch=KXBTC15M-26MAY091400-00 yes_bid=33 yes_ask=34 no_bid=66 no_ask=67 book_ready=True position=False pending=False dry_run=False trust=synced run_id=71ef5a81-f388-4c83-bc61-d4a8b86af06d
2026-05-09 13:49:24,559 | INFO | Heartbeat | watch=KXBTC15M-26MAY091400-00 yes_bid=30 yes_ask=31 no_bid=69 no_ask=70 book_ready=True position=False pending=False dry_run=False trust=synced run_id=71ef5a81-f388-4c83-bc61-d4a8b86af06d
2026-05-09 13:49:30,474 | INFO | Mushroom v28 entry approved | market=KXBTC15M-26MAY091400-00 side=no ask=74c max_buy=78c qty=2 p_side=0.8330 edge=7.800c depth=254 btc_age_ms=15.0 secs_to_close=629.57
2026-05-09 13:49:30,520 | INFO | Execution state | market=KXBTC15M-26MAY091400-00 side=no state=eligible reason=pre_filters_disabled trust=synced run_id=71ef5a81-f388-4c83-bc61-d4a8b86af06d
2026-05-09 13:49:30,521 | INFO | Live fill policy approved | market=KXBTC15M-26MAY091400-00 side=no trigger=74c tif=immediate_or_cancel limit=74c depth=254.00 required=3 book_age_ms=360.0 secs_to_close=629.57 reason=single_shot_abundant_depth
2026-05-09 13:49:30,522 | INFO | ENTRY signal | market=KXBTC15M-26MAY091400-00 action=buy side=no trigger=74c limit=74c qty=2 book_ready=True
2026-05-09 13:49:30,523 | INFO | Execution state | market=KXBTC15M-26MAY091400-00 side=no state=submitting reason=single_shot_abundant_depth trust=synced run_id=71ef5a81-f388-4c83-bc61-d4a8b86af06d
2026-05-09 13:49:30,569 | INFO | ENTRY immediate fill | market=KXBTC15M-26MAY091400-00 side=no qty=2 limit=74c
2026-05-09 13:49:30,569 | INFO | Execution state | market=KXBTC15M-26MAY091400-00 side=no state=filled reason=single_shot_abundant_depth trust=synced run_id=71ef5a81-f388-4c83-bc61-d4a8b86af06d
2026-05-09 13:49:30,592 | INFO | Mushroom v28 entry approved | market=KXBTC15M-26MAY091400-00 side=no ask=74c max_buy=78c qty=1 p_side=0.8330 edge=7.301c depth=224 btc_age_ms=140.0 secs_to_close=629.42
2026-05-09 13:49:30,623 | INFO | Execution state | market=KXBTC15M-26MAY091400-00 side=no state=eligible reason=pre_filters_disabled trust=synced run_id=71ef5a81-f388-4c83-bc61-d4a8b86af06d
2026-05-09 13:49:30,624 | INFO | Live fill policy approved | market=KXBTC15M-26MAY091400-00 side=no trigger=74c tif=immediate_or_cancel limit=74c depth=224.00 required=2 book_age_ms=500.0 secs_to_close=629.42 reason=single_shot_abundant_depth
2026-05-09 13:49:30,625 | INFO | ENTRY signal | market=KXBTC15M-26MAY091400-00 action=buy side=no trigger=74c limit=74c qty=1 book_ready=True
2026-05-09 13:49:30,626 | INFO | Execution state | market=KXBTC15M-26MAY091400-00 side=no state=submitting reason=single_shot_abundant_depth trust=synced run_id=71ef5a81-f388-4c83-bc61-d4a8b86af06d
2026-05-09 13:49:30,679 | INFO | ENTRY immediate fill | market=KXBTC15M-26MAY091400-00 side=no qty=1 limit=74c
2026-05-09 13:49:30,681 | INFO | Execution state | market=KXBTC15M-26MAY091400-00 side=no state=filled reason=single_shot_abundant_depth trust=synced run_id=71ef5a81-f388-4c83-bc61-d4a8b86af06d
2026-05-09 13:49:39,591 | INFO | Heartbeat | watch=KXBTC15M-26MAY091400-00 yes_bid=22 yes_ask=23 no_bid=77 no_ask=78 book_ready=True position=True pending=False dry_run=False trust=synced run_id=71ef5a81-f388-4c83-bc61-d4a8b86af06d
2026-05-09 13:49:54,619 | INFO | Heartbeat | watch=KXBTC15M-26MAY091400-00 yes_bid=19 yes_ask=20 no_bid=80 no_ask=81 book_ready=True position=True pending=False dry_run=False trust=synced run_id=71ef5a81-f388-4c83-bc61-d4a8b86af06d
2026-05-09 13:50:09,667 | INFO | Heartbeat | watch=KXBTC15M-26MAY091400-00 yes_bid=26 yes_ask=27 no_bid=73 no_ask=74 book_ready=True position=True pending=False dry_run=False trust=synced run_id=71ef5a81-f388-4c83-bc61-d4a8b86af06d
2026-05-09 13:50:24,691 | INFO | Heartbeat | watch=KXBTC15M-26MAY091400-00 yes_bid=24 yes_ask=25 no_bid=75 no_ask=76 book_ready=True position=True pending=False dry_run=False trust=synced run_id=71ef5a81-f388-4c83-bc61-d4a8b86af06d
2026-05-09 13:50:29,095 | INFO | EXIT signal | market=KXBTC15M-26MAY091400-00 action=sell side=no trigger=71c limit=71c qty=2 book_ready=True mode=single_shot_ioc slices=1 attempt=0
2026-05-09 13:50:29,104 | INFO | Latency | purpose=exit feed_age_ms=-307.1 local_reaction_ms=46.0 trigger_seen_at=2026-05-09T17:50:29.104221+00:00 market_msg_time=2026-05-09T17:50:29.411322Z
2026-05-09 13:50:29,105 | INFO | Exit plan approved | market=KXBTC15M-26MAY091400-00 side=no trigger=71c limit=71c top_bid=71 depth=655.91 required=2 book_age_ms=0.0 secs_to_close=570.93 reason=mushroom_v28_probability_reduce_single_shot_visible_depth mode=single_shot_ioc attempt=0
2026-05-09 13:50:29,166 | INFO | EXIT fill | market=KXBTC15M-26MAY091400-00 side=no slice=1/1 qty=2 cumulative=2/2 remaining=1
2026-05-09 13:50:29,243 | INFO | EXIT signal | market=KXBTC15M-26MAY091400-00 action=sell side=no trigger=71c limit=71c qty=1 book_ready=True mode=single_shot_ioc slices=1 attempt=0
2026-05-09 13:50:29,244 | INFO | Latency | purpose=exit feed_age_ms=-166.4 local_reaction_ms=187.0 trigger_seen_at=2026-05-09T17:50:29.244908+00:00 market_msg_time=2026-05-09T17:50:29.411322Z
2026-05-09 13:50:29,246 | INFO | Exit plan approved | market=KXBTC15M-26MAY091400-00 side=no trigger=71c limit=71c top_bid=71 depth=655.91 required=1 book_age_ms=140.0 secs_to_close=570.80 reason=mushroom_v28_probability_reduce_single_shot_visible_depth mode=single_shot_ioc attempt=0
2026-05-09 13:50:29,293 | INFO | EXIT fill | market=KXBTC15M-26MAY091400-00 side=no slice=1/1 qty=1 cumulative=1/1 remaining=0
2026-05-09 13:50:39,958 | INFO | Heartbeat | watch=KXBTC15M-26MAY091400-00 yes_bid=28 yes_ask=29 no_bid=71 no_ask=72 book_ready=True position=False pending=False dry_run=False trust=synced run_id=71ef5a81-f388-4c83-bc61-d4a8b86af06d
2026-05-09 13:50:55,161 | INFO | Heartbeat | watch=KXBTC15M-26MAY091400-00 yes_bid=27 yes_ask=28 no_bid=72 no_ask=73 book_ready=True position=False pending=False dry_run=False trust=synced run_id=71ef5a81-f388-4c83-bc61-d4a8b86af06d
2026-05-09 13:50:58,534 | INFO | Mushroom v28 BTC REST fallback refreshed stale tick | previous_age_ms=3093.0 threshold_ms=3000.0 source=coinbase_spot_rest
2026-05-09 13:51:10,167 | INFO | Heartbeat | watch=KXBTC15M-26MAY091400-00 yes_bid=26 yes_ask=27 no_bid=73 no_ask=74 book_ready=True position=False pending=False dry_run=False trust=synced run_id=71ef5a81-f388-4c83-bc61-d4a8b86af06d
2026-05-09 13:51:13,189 | WARNING | Market reaction error for KXBTC15M-26MAY091400-00: [WinError 5] Access is denied: 'C:\\Users\\organ\\Desktop\\KALSHI PROBABILITY MODEL BOT\\state\\live_mushroom_v28_common_clock_phi_reward_memory_size2_live\\tmpuaxt2m9x' -> 'C:\\Users\\organ\\Desktop\\KALSHI PROBABILITY MODEL BOT\\state\\live_mushroom_v28_common_clock_phi_reward_memory_size2_live\\v28_phi_reward_memory_state.json'
2026-05-09 13:51:25,283 | INFO | Heartbeat | watch=KXBTC15M-26MAY091400-00 yes_bid=23 yes_ask=24 no_bid=76 no_ask=77 book_ready=True position=False pending=False dry_run=False trust=synced run_id=71ef5a81-f388-4c83-bc61-d4a8b86af06d
2026-05-09 13:51:37,349 | INFO | Mushroom v28 entry approved | market=KXBTC15M-26MAY091400-00 side=no ask=80c max_buy=80c qty=2 p_side=0.8444 edge=2.938c depth=121 btc_age_ms=47.0 secs_to_close=502.72
2026-05-09 13:51:37,415 | INFO | Execution state | market=KXBTC15M-26MAY091400-00 side=no state=eligible reason=pre_filters_disabled trust=synced run_id=71ef5a81-f388-4c83-bc61-d4a8b86af06d
2026-05-09 13:51:37,416 | INFO | Live fill policy approved | market=KXBTC15M-26MAY091400-00 side=no trigger=80c tif=immediate_or_cancel limit=80c depth=121.00 required=3 book_age_ms=0.0 secs_to_close=502.72 reason=single_shot_abundant_depth
2026-05-09 13:51:37,418 | INFO | ENTRY signal | market=KXBTC15M-26MAY091400-00 action=buy side=no trigger=80c limit=80c qty=2 book_ready=True
2026-05-09 13:51:37,419 | INFO | Execution state | market=KXBTC15M-26MAY091400-00 side=no state=submitting reason=single_shot_abundant_depth trust=synced run_id=71ef5a81-f388-4c83-bc61-d4a8b86af06d
2026-05-09 13:51:37,479 | INFO | ENTRY immediate fill | market=KXBTC15M-26MAY091400-00 side=no qty=2 limit=80c
2026-05-09 13:51:37,481 | INFO | Execution state | market=KXBTC15M-26MAY091400-00 side=no state=filled reason=single_shot_abundant_depth trust=synced run_id=71ef5a81-f388-4c83-bc61-d4a8b86af06d
2026-05-09 13:51:37,528 | INFO | Mushroom v28 entry approved | market=KXBTC15M-26MAY091400-00 side=no ask=80c max_buy=80c qty=1 p_side=0.8444 edge=2.440c depth=112.26 btc_age_ms=203.0 secs_to_close=502.52
2026-05-09 13:51:37,622 | INFO | Execution state | market=KXBTC15M-26MAY091400-00 side=no state=eligible reason=pre_filters_disabled trust=synced run_id=71ef5a81-f388-4c83-bc61-d4a8b86af06d
2026-05-09 13:51:37,624 | INFO | Live fill policy approved | market=KXBTC15M-26MAY091400-00 side=no trigger=80c tif=immediate_or_cancel limit=80c depth=112.26 required=2 book_age_ms=203.0 secs_to_close=502.52 reason=single_shot_abundant_depth
2026-05-09 13:51:37,627 | INFO | ENTRY signal | market=KXBTC15M-26MAY091400-00 action=buy side=no trigger=80c limit=80c qty=1 book_ready=True
2026-05-09 13:51:37,628 | INFO | Execution state | market=KXBTC15M-26MAY091400-00 side=no state=submitting reason=single_shot_abundant_depth trust=synced run_id=71ef5a81-f388-4c83-bc61-d4a8b86af06d
2026-05-09 13:51:37,717 | INFO | ENTRY immediate fill | market=KXBTC15M-26MAY091400-00 side=no qty=1 limit=80c
2026-05-09 13:51:37,719 | INFO | Execution state | market=KXBTC15M-26MAY091400-00 side=no state=filled reason=single_shot_abundant_depth trust=synced run_id=71ef5a81-f388-4c83-bc61-d4a8b86af06d
2026-05-09 13:51:40,274 | INFO | Heartbeat | watch=KXBTC15M-26MAY091400-00 yes_bid=19 yes_ask=20 no_bid=80 no_ask=81 book_ready=True position=True pending=False dry_run=False trust=synced run_id=71ef5a81-f388-4c83-bc61-d4a8b86af06d
2026-05-09 13:51:55,288 | INFO | Heartbeat | watch=KXBTC15M-26MAY091400-00 yes_bid=14 yes_ask=15 no_bid=85 no_ask=86 book_ready=True position=True pending=False dry_run=False trust=synced run_id=71ef5a81-f388-4c83-bc61-d4a8b86af06d
2026-05-09 13:52:10,301 | INFO | Heartbeat | watch=KXBTC15M-26MAY091400-00 yes_bid=25 yes_ask=26 no_bid=74 no_ask=75 book_ready=True position=True pending=False dry_run=False trust=synced run_id=71ef5a81-f388-4c83-bc61-d4a8b86af06d
2026-05-09 13:52:25,335 | INFO | Heartbeat | watch=KXBTC15M-26MAY091400-00 yes_bid=23 yes_ask=24 no_bid=76 no_ask=77 book_ready=True position=True pending=False dry_run=False trust=synced run_id=71ef5a81-f388-4c83-bc61-d4a8b86af06d
2026-05-09 13:52:40,341 | INFO | Heartbeat | watch=KXBTC15M-26MAY091400-00 yes_bid=21 yes_ask=22 no_bid=78 no_ask=79 book_ready=True position=True pending=False dry_run=False trust=synced run_id=71ef5a81-f388-4c83-bc61-d4a8b86af06d
2026-05-09 13:52:55,365 | INFO | Heartbeat | watch=KXBTC15M-26MAY091400-00 yes_bid=21 yes_ask=22 no_bid=78 no_ask=79 book_ready=True position=True pending=False dry_run=False trust=synced run_id=71ef5a81-f388-4c83-bc61-d4a8b86af06d
2026-05-09 13:53:10,403 | INFO | Heartbeat | watch=KXBTC15M-26MAY091400-00 yes_bid=22 yes_ask=23 no_bid=77 no_ask=78 book_ready=True position=True pending=False dry_run=False trust=synced run_id=71ef5a81-f388-4c83-bc61-d4a8b86af06d
2026-05-09 13:53:25,419 | INFO | Heartbeat | watch=KXBTC15M-26MAY091400-00 yes_bid=24 yes_ask=25 no_bid=75 no_ask=76 book_ready=True position=True pending=False dry_run=False trust=synced run_id=71ef5a81-f388-4c83-bc61-d4a8b86af06d
2026-05-09 13:53:40,428 | INFO | Heartbeat | watch=KXBTC15M-26MAY091400-00 yes_bid=25 yes_ask=26 no_bid=74 no_ask=75 book_ready=True position=True pending=False dry_run=False trust=synced run_id=71ef5a81-f388-4c83-bc61-d4a8b86af06d
2026-05-09 13:53:55,473 | INFO | Heartbeat | watch=KXBTC15M-26MAY091400-00 yes_bid=10 yes_ask=11 no_bid=89 no_ask=90 book_ready=True position=True pending=False dry_run=False trust=synced run_id=71ef5a81-f388-4c83-bc61-d4a8b86af06d
2026-05-09 13:54:10,463 | INFO | Heartbeat | watch=KXBTC15M-26MAY091400-00 yes_bid=10 yes_ask=11 no_bid=89 no_ask=90 book_ready=True position=True pending=False dry_run=False trust=synced run_id=71ef5a81-f388-4c83-bc61-d4a8b86af06d
2026-05-09 13:54:25,458 | INFO | Heartbeat | watch=KXBTC15M-26MAY091400-00 yes_bid=10 yes_ask=10 no_bid=90 no_ask=90 book_ready=True position=True pending=False dry_run=False trust=synced run_id=71ef5a81-f388-4c83-bc61-d4a8b86af06d
2026-05-09 13:54:40,493 | INFO | Heartbeat | watch=KXBTC15M-26MAY091400-00 yes_bid=6 yes_ask=7 no_bid=93 no_ask=94 book_ready=True position=True pending=False dry_run=False trust=synced run_id=71ef5a81-f388-4c83-bc61-d4a8b86af06d
2026-05-09 13:54:42,103 | INFO | EXIT signal | market=KXBTC15M-26MAY091400-00 action=sell side=no trigger=94c limit=94c qty=3 book_ready=True mode=single_shot_ioc slices=1 attempt=0
2026-05-09 13:54:42,104 | INFO | Latency | purpose=exit feed_age_ms=-342.6 local_reaction_ms=46.0 trigger_seen_at=2026-05-09T17:54:42.104342+00:00 market_msg_time=2026-05-09T17:54:42.446939Z
2026-05-09 13:54:42,105 | INFO | Exit plan approved | market=KXBTC15M-26MAY091400-00 side=no trigger=94c limit=94c top_bid=94 depth=95.00 required=3 book_age_ms=16.0 secs_to_close=317.94 reason=mushroom_v28_exit_value_over_hold_single_shot_visible_depth mode=single_shot_ioc attempt=0
2026-05-09 13:54:55,521 | INFO | Heartbeat | watch=KXBTC15M-26MAY091400-00 yes_bid=7 yes_ask=8 no_bid=92 no_ask=93 book_ready=True position=True pending=False dry_run=False trust=synced run_id=71ef5a81-f388-4c83-bc61-d4a8b86af06d
2026-05-09 13:55:10,542 | INFO | Heartbeat | watch=KXBTC15M-26MAY091400-00 yes_bid=3 yes_ask=3 no_bid=97 no_ask=97 book_ready=True position=True pending=False dry_run=False trust=synced run_id=71ef5a81-f388-4c83-bc61-d4a8b86af06d
2026-05-09 13:55:25,567 | INFO | Heartbeat | watch=KXBTC15M-26MAY091400-00 yes_bid=2 yes_ask=3 no_bid=97 no_ask=98 book_ready=True position=True pending=False dry_run=False trust=synced run_id=71ef5a81-f388-4c83-bc61-d4a8b86af06d
2026-05-09 13:55:40,586 | INFO | Heartbeat | watch=KXBTC15M-26MAY091400-00 yes_bid=2 yes_ask=2 no_bid=98 no_ask=98 book_ready=True position=True pending=False dry_run=False trust=synced run_id=71ef5a81-f388-4c83-bc61-d4a8b86af06d
2026-05-09 13:55:49,092 | INFO | EXIT signal | market=KXBTC15M-26MAY091400-00 action=sell side=no trigger=99c limit=99c qty=3 book_ready=True mode=single_shot_ioc slices=1 attempt=0
2026-05-09 13:55:49,093 | INFO | Latency | purpose=exit feed_age_ms=-32.4 local_reaction_ms=31.0 trigger_seen_at=2026-05-09T17:55:49.093293+00:00 market_msg_time=2026-05-09T17:55:49.125645Z
2026-05-09 13:55:49,094 | INFO | Exit plan approved | market=KXBTC15M-26MAY091400-00 side=no trigger=99c limit=99c top_bid=99 depth=10.00 required=3 book_age_ms=16.0 secs_to_close=250.94 reason=mushroom_v28_exit_value_over_hold_single_shot_visible_depth mode=single_shot_ioc attempt=0
2026-05-09 13:55:52,086 | INFO | EXIT signal | market=KXBTC15M-26MAY091400-00 action=sell side=no trigger=99c limit=99c qty=3 book_ready=True mode=single_shot_ioc slices=1 attempt=0
2026-05-09 13:55:52,095 | INFO | Latency | purpose=exit feed_age_ms=-153.3 local_reaction_ms=31.0 trigger_seen_at=2026-05-09T17:55:52.095776+00:00 market_msg_time=2026-05-09T17:55:52.249058Z
2026-05-09 13:55:52,096 | INFO | Exit plan approved | market=KXBTC15M-26MAY091400-00 side=no trigger=99c limit=99c top_bid=99 depth=80.00 required=3 book_age_ms=16.0 secs_to_close=247.94 reason=mushroom_v28_exit_value_over_hold_single_shot_visible_depth mode=single_shot_ioc attempt=0
2026-05-09 13:55:55,595 | INFO | Heartbeat | watch=KXBTC15M-26MAY091400-00 yes_bid=1 yes_ask=2 no_bid=98 no_ask=99 book_ready=True position=True pending=False dry_run=False trust=synced run_id=71ef5a81-f388-4c83-bc61-d4a8b86af06d
2026-05-09 13:56:01,089 | INFO | EXIT signal | market=KXBTC15M-26MAY091400-00 action=sell side=no trigger=99c limit=99c qty=3 book_ready=True mode=single_shot_ioc slices=1 attempt=0
2026-05-09 13:56:01,090 | INFO | Latency | purpose=exit feed_age_ms=-247.3 local_reaction_ms=31.0 trigger_seen_at=2026-05-09T17:56:01.090763+00:00 market_msg_time=2026-05-09T17:56:01.338051Z
2026-05-09 13:56:01,091 | INFO | Exit plan approved | market=KXBTC15M-26MAY091400-00 side=no trigger=99c limit=99c top_bid=99 depth=200.97 required=3 book_age_ms=16.0 secs_to_close=238.94 reason=mushroom_v28_exit_value_over_hold_single_shot_visible_depth mode=single_shot_ioc attempt=0
2026-05-09 13:56:03,106 | INFO | EXIT signal | market=KXBTC15M-26MAY091400-00 action=sell side=no trigger=99c limit=99c qty=3 book_ready=True mode=single_shot_ioc slices=1 attempt=0
2026-05-09 13:56:03,107 | INFO | Latency | purpose=exit feed_age_ms=-312.4 local_reaction_ms=46.0 trigger_seen_at=2026-05-09T17:56:03.107528+00:00 market_msg_time=2026-05-09T17:56:03.419932Z
2026-05-09 13:56:03,108 | INFO | Exit plan approved | market=KXBTC15M-26MAY091400-00 side=no trigger=99c limit=99c top_bid=99 depth=157.54 required=3 book_age_ms=63.0 secs_to_close=236.94 reason=mushroom_v28_exit_value_over_hold_single_shot_visible_depth mode=single_shot_ioc attempt=0
2026-05-09 13:56:10,591 | INFO | Heartbeat | watch=KXBTC15M-26MAY091400-00 yes_bid=1 yes_ask=2 no_bid=98 no_ask=99 book_ready=True position=True pending=False dry_run=False trust=synced run_id=71ef5a81-f388-4c83-bc61-d4a8b86af06d
2026-05-09 13:56:25,593 | INFO | Heartbeat | watch=KXBTC15M-26MAY091400-00 yes_bid=1 yes_ask=1 no_bid=99 no_ask=99 book_ready=True position=True pending=False dry_run=False trust=synced run_id=71ef5a81-f388-4c83-bc61-d4a8b86af06d
2026-05-09 13:56:40,609 | INFO | Heartbeat | watch=KXBTC15M-26MAY091400-00 yes_bid=1 yes_ask=1 no_bid=99 no_ask=99 book_ready=True position=True pending=False dry_run=False trust=synced run_id=71ef5a81-f388-4c83-bc61-d4a8b86af06d
2026-05-09 13:56:55,622 | INFO | Heartbeat | watch=KXBTC15M-26MAY091400-00 yes_bid=1 yes_ask=1 no_bid=99 no_ask=99 book_ready=True position=True pending=False dry_run=False trust=synced run_id=71ef5a81-f388-4c83-bc61-d4a8b86af06d
2026-05-09 13:57:04,145 | INFO | EXIT signal | market=KXBTC15M-26MAY091400-00 action=sell side=no trigger=99c limit=99c qty=3 book_ready=True mode=single_shot_ioc slices=1 attempt=0
2026-05-09 13:57:04,154 | INFO | Latency | purpose=exit feed_age_ms=-159.3 local_reaction_ms=47.0 trigger_seen_at=2026-05-09T17:57:04.154290+00:00 market_msg_time=2026-05-09T17:57:04.313627Z
2026-05-09 13:57:04,155 | INFO | Exit plan approved | market=KXBTC15M-26MAY091400-00 side=no trigger=99c limit=99c top_bid=99 depth=924.78 required=3 book_age_ms=0.0 secs_to_close=175.89 reason=mushroom_v28_exit_value_over_hold_single_shot_visible_depth mode=single_shot_ioc attempt=0
2026-05-09 13:57:04,247 | INFO | EXIT fill | market=KXBTC15M-26MAY091400-00 side=no slice=1/1 qty=3 cumulative=3/3 remaining=0
2026-05-09 13:57:10,718 | INFO | Heartbeat | watch=KXBTC15M-26MAY091400-00 yes_bid=1 yes_ask=1 no_bid=99 no_ask=99 book_ready=True position=False pending=False dry_run=False trust=synced run_id=71ef5a81-f388-4c83-bc61-d4a8b86af06d
2026-05-09 13:57:25,806 | INFO | Heartbeat | watch=KXBTC15M-26MAY091400-00 yes_bid=0 yes_ask=1 no_bid=99 no_ask=100 book_ready=True position=False pending=False dry_run=False trust=synced run_id=71ef5a81-f388-4c83-bc61-d4a8b86af06d
2026-05-09 13:57:40,870 | INFO | Heartbeat | watch=KXBTC15M-26MAY091400-00 yes_bid=0 yes_ask=0 no_bid=100 no_ask=100 book_ready=True position=False pending=False dry_run=False trust=synced run_id=71ef5a81-f388-4c83-bc61-d4a8b86af06d
2026-05-09 13:57:55,928 | INFO | Heartbeat | watch=KXBTC15M-26MAY091400-00 yes_bid=0 yes_ask=0 no_bid=100 no_ask=100 book_ready=True position=False pending=False dry_run=False trust=synced run_id=71ef5a81-f388-4c83-bc61-d4a8b86af06d
2026-05-09 13:58:11,251 | INFO | Heartbeat | watch=KXBTC15M-26MAY091400-00 yes_bid=1 yes_ask=1 no_bid=99 no_ask=99 book_ready=True position=False pending=False dry_run=False trust=synced run_id=71ef5a81-f388-4c83-bc61-d4a8b86af06d
2026-05-09 13:58:26,425 | INFO | Heartbeat | watch=KXBTC15M-26MAY091400-00 yes_bid=1 yes_ask=2 no_bid=98 no_ask=99 book_ready=True position=False pending=False dry_run=False trust=synced run_id=71ef5a81-f388-4c83-bc61-d4a8b86af06d
2026-05-09 13:58:41,490 | INFO | Heartbeat | watch=KXBTC15M-26MAY091400-00 yes_bid=5 yes_ask=5 no_bid=95 no_ask=95 book_ready=True position=False pending=False dry_run=False trust=synced run_id=71ef5a81-f388-4c83-bc61-d4a8b86af06d
2026-05-09 13:58:56,798 | INFO | Heartbeat | watch=KXBTC15M-26MAY091400-00 yes_bid=2 yes_ask=2 no_bid=98 no_ask=98 book_ready=True position=False pending=False dry_run=False trust=synced run_id=71ef5a81-f388-4c83-bc61-d4a8b86af06d
2026-05-09 13:59:11,934 | INFO | Heartbeat | watch=KXBTC15M-26MAY091400-00 yes_bid=1 yes_ask=1 no_bid=99 no_ask=99 book_ready=True position=False pending=False dry_run=False trust=synced run_id=71ef5a81-f388-4c83-bc61-d4a8b86af06d
2026-05-09 13:59:27,222 | INFO | Heartbeat | watch=KXBTC15M-26MAY091400-00 yes_bid=0 yes_ask=0 no_bid=100 no_ask=100 book_ready=True position=False pending=False dry_run=False trust=synced run_id=71ef5a81-f388-4c83-bc61-d4a8b86af06d
2026-05-09 13:59:42,216 | INFO | Heartbeat | watch=KXBTC15M-26MAY091400-00 yes_bid=0 yes_ask=0 no_bid=100 no_ask=100 book_ready=True position=False pending=False dry_run=False trust=synced run_id=71ef5a81-f388-4c83-bc61-d4a8b86af06d
2026-05-09 13:59:57,299 | INFO | Heartbeat | watch=KXBTC15M-26MAY091400-00 yes_bid=0 yes_ask=0 no_bid=100 no_ask=100 book_ready=True position=False pending=False dry_run=False trust=synced run_id=71ef5a81-f388-4c83-bc61-d4a8b86af06d
2026-05-09 14:00:06,472 | INFO | Orderbook snapshot ready for KXBTC15M-26MAY091400-00
2026-05-09 14:00:12,294 | INFO | Heartbeat | watch=KXBTC15M-26MAY091400-00 yes_bid=0 yes_ask=100 no_bid=0 no_ask=100 book_ready=True position=False pending=False dry_run=False trust=synced run_id=71ef5a81-f388-4c83-bc61-d4a8b86af06d
2026-05-09 14:00:17,663 | INFO | Watching market KXBTC15M-26MAY091415-15 close_time=2026-05-09T18:15:00Z status=active strike=80799.05 run_id=71ef5a81-f388-4c83-bc61-d4a8b86af06d
2026-05-09 14:00:17,852 | INFO | WS connected for KXBTC15M-26MAY091415-15
2026-05-09 14:00:17,882 | INFO | WS subscribed payload: {'type': 'subscribed', 'id': 4, 'msg': {'channel': 'ticker', 'sid': 1}}
2026-05-09 14:00:17,883 | INFO | WS subscribed payload: {'type': 'subscribed', 'id': 4, 'msg': {'channel': 'orderbook_delta', 'sid': 2}}
2026-05-09 14:00:17,884 | INFO | Orderbook snapshot ready for KXBTC15M-26MAY091415-15
2026-05-09 14:00:27,304 | INFO | Heartbeat | watch=KXBTC15M-26MAY091415-15 yes_bid=60 yes_ask=61 no_bid=39 no_ask=40 book_ready=True position=False pending=False dry_run=False trust=synced run_id=71ef5a81-f388-4c83-bc61-d4a8b86af06d
2026-05-09 14:00:42,456 | INFO | Heartbeat | watch=KXBTC15M-26MAY091415-15 yes_bid=59 yes_ask=60 no_bid=40 no_ask=41 book_ready=True position=False pending=False dry_run=False trust=synced run_id=71ef5a81-f388-4c83-bc61-d4a8b86af06d
2026-05-09 14:00:57,606 | INFO | Heartbeat | watch=KXBTC15M-26MAY091415-15 yes_bid=59 yes_ask=60 no_bid=40 no_ask=41 book_ready=True position=False pending=False dry_run=False trust=synced run_id=71ef5a81-f388-4c83-bc61-d4a8b86af06d
2026-05-09 14:01:12,825 | INFO | Heartbeat | watch=KXBTC15M-26MAY091415-15 yes_bid=63 yes_ask=64 no_bid=36 no_ask=37 book_ready=True position=False pending=False dry_run=False trust=synced run_id=71ef5a81-f388-4c83-bc61-d4a8b86af06d
2026-05-09 14:01:19,004 | INFO | Mushroom v28 entry approved | market=KXBTC15M-26MAY091415-15 side=yes ask=73c max_buy=79c qty=2 p_side=0.8372 edge=9.220c depth=1543.37 btc_age_ms=94.0 secs_to_close=821.09
2026-05-09 14:01:19,115 | INFO | Execution state | market=KXBTC15M-26MAY091415-15 side=yes state=eligible reason=pre_filters_disabled trust=synced run_id=71ef5a81-f388-4c83-bc61-d4a8b86af06d
2026-05-09 14:01:19,118 | INFO | Live fill policy approved | market=KXBTC15M-26MAY091415-15 side=yes trigger=73c tif=immediate_or_cancel limit=73c depth=1543.37 required=3 book_age_ms=0.0 secs_to_close=821.09 reason=single_shot_abundant_depth
2026-05-09 14:01:19,121 | INFO | ENTRY signal | market=KXBTC15M-26MAY091415-15 action=buy side=yes trigger=73c limit=73c qty=2 book_ready=True
2026-05-09 14:01:19,122 | INFO | Execution state | market=KXBTC15M-26MAY091415-15 side=yes state=submitting reason=single_shot_abundant_depth trust=synced run_id=71ef5a81-f388-4c83-bc61-d4a8b86af06d
2026-05-09 14:01:19,180 | INFO | ENTRY immediate fill | market=KXBTC15M-26MAY091415-15 side=yes qty=2 limit=73c
2026-05-09 14:01:19,182 | INFO | Execution state | market=KXBTC15M-26MAY091415-15 side=yes state=filled reason=single_shot_abundant_depth trust=synced run_id=71ef5a81-f388-4c83-bc61-d4a8b86af06d
2026-05-09 14:01:19,260 | INFO | Mushroom v28 entry approved | market=KXBTC15M-26MAY091415-15 side=yes ask=73c max_buy=78c qty=1 p_side=0.8372 edge=8.722c depth=1690.78 btc_age_ms=32.0 secs_to_close=820.82
2026-05-09 14:01:19,318 | INFO | Execution state | market=KXBTC15M-26MAY091415-15 side=yes state=eligible reason=pre_filters_disabled trust=synced run_id=71ef5a81-f388-4c83-bc61-d4a8b86af06d
2026-05-09 14:01:19,319 | INFO | Live fill policy approved | market=KXBTC15M-26MAY091415-15 side=yes trigger=73c tif=immediate_or_cancel limit=73c depth=1690.78 required=2 book_age_ms=266.0 secs_to_close=820.82 reason=single_shot_abundant_depth
2026-05-09 14:01:19,320 | INFO | ENTRY signal | market=KXBTC15M-26MAY091415-15 action=buy side=yes trigger=73c limit=73c qty=1 book_ready=True
2026-05-09 14:01:19,321 | INFO | Execution state | market=KXBTC15M-26MAY091415-15 side=yes state=submitting reason=single_shot_abundant_depth trust=synced run_id=71ef5a81-f388-4c83-bc61-d4a8b86af06d
2026-05-09 14:01:19,369 | INFO | ENTRY immediate fill | market=KXBTC15M-26MAY091415-15 side=yes qty=1 limit=73c
2026-05-09 14:01:19,370 | INFO | Execution state | market=KXBTC15M-26MAY091415-15 side=yes state=filled reason=single_shot_abundant_depth trust=synced run_id=71ef5a81-f388-4c83-bc61-d4a8b86af06d
2026-05-09 14:01:27,875 | INFO | Heartbeat | watch=KXBTC15M-26MAY091415-15 yes_bid=69 yes_ask=70 no_bid=30 no_ask=31 book_ready=True position=True pending=False dry_run=False trust=synced run_id=71ef5a81-f388-4c83-bc61-d4a8b86af06d
2026-05-09 14:01:42,881 | INFO | Heartbeat | watch=KXBTC15M-26MAY091415-15 yes_bid=75 yes_ask=76 no_bid=24 no_ask=25 book_ready=True position=True pending=False dry_run=False trust=synced run_id=71ef5a81-f388-4c83-bc61-d4a8b86af06d
2026-05-09 14:01:57,957 | INFO | Heartbeat | watch=KXBTC15M-26MAY091415-15 yes_bid=76 yes_ask=77 no_bid=23 no_ask=24 book_ready=True position=True pending=False dry_run=False trust=synced run_id=71ef5a81-f388-4c83-bc61-d4a8b86af06d
2026-05-09 14:02:12,959 | INFO | Heartbeat | watch=KXBTC15M-26MAY091415-15 yes_bid=72 yes_ask=73 no_bid=27 no_ask=28 book_ready=True position=True pending=False dry_run=False trust=synced run_id=71ef5a81-f388-4c83-bc61-d4a8b86af06d
2026-05-09 14:02:28,031 | INFO | Heartbeat | watch=KXBTC15M-26MAY091415-15 yes_bid=73 yes_ask=75 no_bid=25 no_ask=27 book_ready=True position=True pending=False dry_run=False trust=synced run_id=71ef5a81-f388-4c83-bc61-d4a8b86af06d
2026-05-09 14:02:43,047 | INFO | Heartbeat | watch=KXBTC15M-26MAY091415-15 yes_bid=74 yes_ask=75 no_bid=25 no_ask=26 book_ready=True position=True pending=False dry_run=False trust=synced run_id=71ef5a81-f388-4c83-bc61-d4a8b86af06d
2026-05-09 14:02:53,917 | INFO | EXIT signal | market=KXBTC15M-26MAY091415-15 action=sell side=yes trigger=69c limit=69c qty=2 book_ready=True mode=single_shot_ioc slices=1 attempt=0
2026-05-09 14:02:53,926 | INFO | Latency | purpose=exit feed_age_ms=-338.9 local_reaction_ms=47.0 trigger_seen_at=2026-05-09T18:02:53.926717+00:00 market_msg_time=2026-05-09T18:02:54.265617Z
2026-05-09 14:02:53,926 | INFO | Exit plan approved | market=KXBTC15M-26MAY091415-15 side=yes trigger=69c limit=69c top_bid=69 depth=797.18 required=2 book_age_ms=16.0 secs_to_close=726.12 reason=mushroom_v28_probability_reduce_single_shot_visible_depth mode=single_shot_ioc attempt=0
2026-05-09 14:02:53,974 | INFO | EXIT fill | market=KXBTC15M-26MAY091415-15 side=yes slice=1/1 qty=2 cumulative=2/2 remaining=1
2026-05-09 14:02:54,030 | INFO | EXIT signal | market=KXBTC15M-26MAY091415-15 action=sell side=yes trigger=70c limit=70c qty=1 book_ready=True mode=single_shot_ioc slices=1 attempt=0
2026-05-09 14:02:54,031 | INFO | Latency | purpose=exit feed_age_ms=-233.9 local_reaction_ms=140.0 trigger_seen_at=2026-05-09T18:02:54.031741+00:00 market_msg_time=2026-05-09T18:02:54.265617Z
2026-05-09 14:02:54,032 | INFO | Exit plan approved | market=KXBTC15M-26MAY091415-15 side=yes trigger=70c limit=70c top_bid=70 depth=130.00 required=1 book_age_ms=109.0 secs_to_close=726.00 reason=mushroom_v28_probability_reduce_single_shot_visible_depth mode=single_shot_ioc attempt=0
2026-05-09 14:02:54,092 | INFO | EXIT fill | market=KXBTC15M-26MAY091415-15 side=yes slice=1/1 qty=1 cumulative=1/1 remaining=0
2026-05-09 14:02:58,079 | INFO | Heartbeat | watch=KXBTC15M-26MAY091415-15 yes_bid=70 yes_ask=71 no_bid=29 no_ask=30 book_ready=True position=False pending=False dry_run=False trust=synced run_id=71ef5a81-f388-4c83-bc61-d4a8b86af06d
2026-05-09 14:03:08,070 | INFO | Mushroom v28 entry approved | market=KXBTC15M-26MAY091415-15 side=yes ask=72c max_buy=82c qty=2 p_side=0.8683 edge=13.328c depth=261 btc_age_ms=78.0 secs_to_close=711.98
2026-05-09 14:03:08,126 | INFO | Execution state | market=KXBTC15M-26MAY091415-15 side=yes state=eligible reason=pre_filters_disabled trust=synced run_id=71ef5a81-f388-4c83-bc61-d4a8b86af06d
2026-05-09 14:03:08,127 | INFO | Live fill policy approved | market=KXBTC15M-26MAY091415-15 side=yes trigger=72c tif=immediate_or_cancel limit=72c depth=261.00 required=3 book_age_ms=78.0 secs_to_close=711.98 reason=single_shot_abundant_depth
2026-05-09 14:03:08,128 | INFO | ENTRY signal | market=KXBTC15M-26MAY091415-15 action=buy side=yes trigger=72c limit=72c qty=2 book_ready=True
2026-05-09 14:03:08,128 | INFO | Execution state | market=KXBTC15M-26MAY091415-15 side=yes state=submitting reason=single_shot_abundant_depth trust=synced run_id=71ef5a81-f388-4c83-bc61-d4a8b86af06d
2026-05-09 14:03:08,183 | INFO | ENTRY immediate fill | market=KXBTC15M-26MAY091415-15 side=yes qty=2 limit=72c
2026-05-09 14:03:08,184 | INFO | Execution state | market=KXBTC15M-26MAY091415-15 side=yes state=filled reason=single_shot_abundant_depth trust=synced run_id=71ef5a81-f388-4c83-bc61-d4a8b86af06d
2026-05-09 14:03:13,081 | INFO | Heartbeat | watch=KXBTC15M-26MAY091415-15 yes_bid=70 yes_ask=72 no_bid=28 no_ask=30 book_ready=True position=True pending=False dry_run=False trust=synced run_id=71ef5a81-f388-4c83-bc61-d4a8b86af06d
2026-05-09 14:03:28,149 | INFO | Heartbeat | watch=KXBTC15M-26MAY091415-15 yes_bid=65 yes_ask=66 no_bid=34 no_ask=35 book_ready=True position=True pending=False dry_run=False trust=synced run_id=71ef5a81-f388-4c83-bc61-d4a8b86af06d
2026-05-09 14:03:39,051 | INFO | EXIT signal | market=KXBTC15M-26MAY091415-15 action=sell side=yes trigger=61c limit=61c qty=2 book_ready=True mode=single_shot_ioc slices=1 attempt=0
2026-05-09 14:03:39,052 | INFO | Latency | purpose=exit feed_age_ms=-214.8 local_reaction_ms=125.0 trigger_seen_at=2026-05-09T18:03:39.052118+00:00 market_msg_time=2026-05-09T18:03:39.266893Z
2026-05-09 14:03:39,053 | INFO | Exit plan approved | market=KXBTC15M-26MAY091415-15 side=yes trigger=61c limit=61c top_bid=61 depth=161.75 required=2 book_age_ms=62.0 secs_to_close=681.00 reason=mushroom_v28_probability_collapse_full_single_shot_visible_depth mode=single_shot_ioc attempt=0
2026-05-09 14:03:39,109 | INFO | EXIT fill | market=KXBTC15M-26MAY091415-15 side=yes slice=1/1 qty=2 cumulative=2/2 remaining=0
2026-05-09 14:03:43,233 | INFO | Heartbeat | watch=KXBTC15M-26MAY091415-15 yes_bid=61 yes_ask=63 no_bid=37 no_ask=39 book_ready=True position=False pending=False dry_run=False trust=synced run_id=71ef5a81-f388-4c83-bc61-d4a8b86af06d
2026-05-09 14:03:58,241 | INFO | Heartbeat | watch=KXBTC15M-26MAY091415-15 yes_bid=63 yes_ask=64 no_bid=36 no_ask=37 book_ready=True position=False pending=False dry_run=False trust=synced run_id=71ef5a81-f388-4c83-bc61-d4a8b86af06d
2026-05-09 14:04:13,296 | INFO | Heartbeat | watch=KXBTC15M-26MAY091415-15 yes_bid=65 yes_ask=66 no_bid=34 no_ask=35 book_ready=True position=False pending=False dry_run=False trust=synced run_id=71ef5a81-f388-4c83-bc61-d4a8b86af06d
2026-05-09 14:04:28,483 | INFO | Heartbeat | watch=KXBTC15M-26MAY091415-15 yes_bid=71 yes_ask=72 no_bid=28 no_ask=29 book_ready=True position=False pending=False dry_run=False trust=synced run_id=71ef5a81-f388-4c83-bc61-d4a8b86af06d
2026-05-09 14:04:39,013 | INFO | Mushroom v28 entry approved | market=KXBTC15M-26MAY091415-15 side=yes ask=80c max_buy=80c qty=2 p_side=0.8397 edge=2.474c depth=308 btc_age_ms=94.0 secs_to_close=621.11
2026-05-09 14:04:39,075 | INFO | Execution state | market=KXBTC15M-26MAY091415-15 side=yes state=eligible reason=pre_filters_disabled trust=synced run_id=71ef5a81-f388-4c83-bc61-d4a8b86af06d
2026-05-09 14:04:39,077 | INFO | Live fill policy approved | market=KXBTC15M-26MAY091415-15 side=yes trigger=80c tif=immediate_or_cancel limit=80c depth=308.00 required=3 book_age_ms=0.0 secs_to_close=621.11 reason=single_shot_abundant_depth
2026-05-09 14:04:39,078 | INFO | ENTRY signal | market=KXBTC15M-26MAY091415-15 action=buy side=yes trigger=80c limit=80c qty=2 book_ready=True
2026-05-09 14:04:39,079 | INFO | Execution state | market=KXBTC15M-26MAY091415-15 side=yes state=submitting reason=single_shot_abundant_depth trust=synced run_id=71ef5a81-f388-4c83-bc61-d4a8b86af06d
2026-05-09 14:04:39,136 | INFO | ENTRY immediate fill | market=KXBTC15M-26MAY091415-15 side=yes qty=2 limit=80c
2026-05-09 14:04:39,138 | INFO | Execution state | market=KXBTC15M-26MAY091415-15 side=yes state=filled reason=single_shot_abundant_depth trust=synced run_id=71ef5a81-f388-4c83-bc61-d4a8b86af06d
2026-05-09 14:04:43,483 | INFO | Heartbeat | watch=KXBTC15M-26MAY091415-15 yes_bid=80 yes_ask=81 no_bid=19 no_ask=20 book_ready=True position=True pending=False dry_run=False trust=synced run_id=71ef5a81-f388-4c83-bc61-d4a8b86af06d
2026-05-09 14:04:45,389 | INFO | Mushroom v28 entry approved | market=KXBTC15M-26MAY091415-15 side=yes ask=80c max_buy=80c qty=1 p_side=0.8434 edge=2.343c depth=190 btc_age_ms=0.0 secs_to_close=614.69
2026-05-09 14:04:45,461 | INFO | Execution state | market=KXBTC15M-26MAY091415-15 side=yes state=eligible reason=pre_filters_disabled trust=synced run_id=71ef5a81-f388-4c83-bc61-d4a8b86af06d
2026-05-09 14:04:45,462 | INFO | Live fill policy approved | market=KXBTC15M-26MAY091415-15 side=yes trigger=80c tif=immediate_or_cancel limit=80c depth=190.00 required=2 book_age_ms=344.0 secs_to_close=614.69 reason=single_shot_abundant_depth
2026-05-09 14:04:45,464 | INFO | ENTRY signal | market=KXBTC15M-26MAY091415-15 action=buy side=yes trigger=80c limit=80c qty=1 book_ready=True
2026-05-09 14:04:45,464 | INFO | Execution state | market=KXBTC15M-26MAY091415-15 side=yes state=submitting reason=single_shot_abundant_depth trust=synced run_id=71ef5a81-f388-4c83-bc61-d4a8b86af06d
2026-05-09 14:04:45,522 | INFO | ENTRY immediate fill | market=KXBTC15M-26MAY091415-15 side=yes qty=1 limit=80c
2026-05-09 14:04:45,524 | INFO | Execution state | market=KXBTC15M-26MAY091415-15 side=yes state=filled reason=single_shot_abundant_depth trust=synced run_id=71ef5a81-f388-4c83-bc61-d4a8b86af06d
2026-05-09 14:04:58,494 | INFO | Heartbeat | watch=KXBTC15M-26MAY091415-15 yes_bid=67 yes_ask=68 no_bid=32 no_ask=33 book_ready=True position=True pending=False dry_run=False trust=synced run_id=71ef5a81-f388-4c83-bc61-d4a8b86af06d
2026-05-09 14:05:13,496 | INFO | Heartbeat | watch=KXBTC15M-26MAY091415-15 yes_bid=63 yes_ask=64 no_bid=36 no_ask=37 book_ready=True position=True pending=False dry_run=False trust=synced run_id=71ef5a81-f388-4c83-bc61-d4a8b86af06d
2026-05-09 14:05:15,959 | INFO | EXIT signal | market=KXBTC15M-26MAY091415-15 action=sell side=yes trigger=63c limit=63c qty=3 book_ready=True mode=single_shot_ioc slices=1 attempt=0
2026-05-09 14:05:15,959 | INFO | Latency | purpose=exit feed_age_ms=-242.3 local_reaction_ms=78.0 trigger_seen_at=2026-05-09T18:05:15.959861+00:00 market_msg_time=2026-05-09T18:05:16.202182Z
2026-05-09 14:05:15,960 | INFO | Exit plan approved | market=KXBTC15M-26MAY091415-15 side=yes trigger=63c limit=63c top_bid=63 depth=90.00 required=3 book_age_ms=63.0 secs_to_close=584.12 reason=mushroom_v28_exit_value_over_hold_single_shot_visible_depth mode=single_shot_ioc attempt=0
2026-05-09 14:05:16,020 | INFO | EXIT fill | market=KXBTC15M-26MAY091415-15 side=yes slice=1/1 qty=3 cumulative=3/3 remaining=0
2026-05-09 14:05:28,543 | INFO | Heartbeat | watch=KXBTC15M-26MAY091415-15 yes_bid=64 yes_ask=66 no_bid=34 no_ask=36 book_ready=True position=False pending=False dry_run=False trust=synced run_id=71ef5a81-f388-4c83-bc61-d4a8b86af06d
2026-05-09 14:05:43,601 | INFO | Heartbeat | watch=KXBTC15M-26MAY091415-15 yes_bid=64 yes_ask=65 no_bid=35 no_ask=36 book_ready=True position=False pending=False dry_run=False trust=synced run_id=71ef5a81-f388-4c83-bc61-d4a8b86af06d
2026-05-09 14:05:58,789 | INFO | Heartbeat | watch=KXBTC15M-26MAY091415-15 yes_bid=64 yes_ask=65 no_bid=35 no_ask=36 book_ready=True position=False pending=False dry_run=False trust=synced run_id=71ef5a81-f388-4c83-bc61-d4a8b86af06d
2026-05-09 14:06:13,974 | INFO | Heartbeat | watch=KXBTC15M-26MAY091415-15 yes_bid=66 yes_ask=68 no_bid=32 no_ask=34 book_ready=True position=False pending=False dry_run=False trust=synced run_id=71ef5a81-f388-4c83-bc61-d4a8b86af06d
2026-05-09 14:06:28,187 | INFO | Mushroom v28 BTC REST fallback refreshed stale tick | previous_age_ms=3062.0 threshold_ms=3000.0 source=coinbase_spot_rest
2026-05-09 14:06:28,995 | INFO | Heartbeat | watch=KXBTC15M-26MAY091415-15 yes_bid=61 yes_ask=62 no_bid=38 no_ask=39 book_ready=True position=False pending=False dry_run=False trust=synced run_id=71ef5a81-f388-4c83-bc61-d4a8b86af06d
2026-05-09 14:06:42,967 | INFO | Mushroom v28 BTC REST fallback refreshed stale tick | previous_age_ms=3063.0 threshold_ms=3000.0 source=coinbase_spot_rest
2026-05-09 14:06:44,182 | INFO | Heartbeat | watch=KXBTC15M-26MAY091415-15 yes_bid=60 yes_ask=61 no_bid=39 no_ask=40 book_ready=True position=False pending=False dry_run=False trust=synced run_id=71ef5a81-f388-4c83-bc61-d4a8b86af06d
2026-05-09 14:06:59,277 | INFO | Heartbeat | watch=KXBTC15M-26MAY091415-15 yes_bid=61 yes_ask=62 no_bid=38 no_ask=39 book_ready=True position=False pending=False dry_run=False trust=synced run_id=71ef5a81-f388-4c83-bc61-d4a8b86af06d
2026-05-09 14:07:14,330 | INFO | Heartbeat | watch=KXBTC15M-26MAY091415-15 yes_bid=64 yes_ask=65 no_bid=35 no_ask=36 book_ready=True position=False pending=False dry_run=False trust=synced run_id=71ef5a81-f388-4c83-bc61-d4a8b86af06d
2026-05-09 14:07:29,529 | INFO | Heartbeat | watch=KXBTC15M-26MAY091415-15 yes_bid=76 yes_ask=77 no_bid=23 no_ask=24 book_ready=True position=False pending=False dry_run=False trust=synced run_id=71ef5a81-f388-4c83-bc61-d4a8b86af06d
2026-05-09 14:07:44,609 | INFO | Heartbeat | watch=KXBTC15M-26MAY091415-15 yes_bid=83 yes_ask=85 no_bid=15 no_ask=17 book_ready=True position=False pending=False dry_run=False trust=synced run_id=71ef5a81-f388-4c83-bc61-d4a8b86af06d
2026-05-09 14:07:59,699 | INFO | Heartbeat | watch=KXBTC15M-26MAY091415-15 yes_bid=83 yes_ask=84 no_bid=16 no_ask=17 book_ready=True position=False pending=False dry_run=False trust=synced run_id=71ef5a81-f388-4c83-bc61-d4a8b86af06d
2026-05-09 14:08:02,491 | INFO | Mushroom v28 entry approved | market=KXBTC15M-26MAY091415-15 side=yes ask=85c max_buy=86c qty=2 p_side=0.9009 edge=4.094c depth=3479.91 btc_age_ms=687.0 secs_to_close=417.60
2026-05-09 14:08:02,559 | INFO | Execution state | market=KXBTC15M-26MAY091415-15 side=yes state=eligible reason=pre_filters_disabled trust=synced run_id=71ef5a81-f388-4c83-bc61-d4a8b86af06d
2026-05-09 14:08:02,560 | INFO | Execution deferred | market=KXBTC15M-26MAY091415-15 side=yes reason=missing_account_state trigger=85 top_of_book=85 book=[85:3479.91, 86:1040.75, 87:709.12, 88:95, 89:494.65] trust=synced
2026-05-09 14:08:02,561 | INFO | Execution state | market=KXBTC15M-26MAY091415-15 side=yes state=abandoned reason=missing_account_state trust=synced run_id=71ef5a81-f388-4c83-bc61-d4a8b86af06d
2026-05-09 14:08:02,637 | INFO | Mushroom v28 entry approved | market=KXBTC15M-26MAY091415-15 side=yes ask=85c max_buy=86c qty=2 p_side=0.9010 edge=4.095c depth=4433.9 btc_age_ms=844.0 secs_to_close=417.44
2026-05-09 14:08:02,740 | INFO | Execution state | market=KXBTC15M-26MAY091415-15 side=yes state=eligible reason=pre_filters_disabled trust=synced run_id=71ef5a81-f388-4c83-bc61-d4a8b86af06d
2026-05-09 14:08:02,742 | INFO | Live fill policy approved | market=KXBTC15M-26MAY091415-15 side=yes trigger=85c tif=immediate_or_cancel limit=85c depth=4433.90 required=3 book_age_ms=532.0 secs_to_close=417.44 reason=single_shot_abundant_depth
2026-05-09 14:08:02,743 | INFO | ENTRY signal | market=KXBTC15M-26MAY091415-15 action=buy side=yes trigger=85c limit=85c qty=2 book_ready=True
2026-05-09 14:08:02,743 | INFO | Execution state | market=KXBTC15M-26MAY091415-15 side=yes state=submitting reason=single_shot_abundant_depth trust=synced run_id=71ef5a81-f388-4c83-bc61-d4a8b86af06d
2026-05-09 14:08:02,803 | INFO | ENTRY immediate fill | market=KXBTC15M-26MAY091415-15 side=yes qty=2 limit=85c
2026-05-09 14:08:02,804 | INFO | Execution state | market=KXBTC15M-26MAY091415-15 side=yes state=filled reason=single_shot_abundant_depth trust=synced run_id=71ef5a81-f388-4c83-bc61-d4a8b86af06d
2026-05-09 14:08:14,708 | INFO | Heartbeat | watch=KXBTC15M-26MAY091415-15 yes_bid=74 yes_ask=75 no_bid=25 no_ask=26 book_ready=True position=True pending=False dry_run=False trust=synced run_id=71ef5a81-f388-4c83-bc61-d4a8b86af06d
2026-05-09 14:08:29,764 | INFO | Heartbeat | watch=KXBTC15M-26MAY091415-15 yes_bid=80 yes_ask=81 no_bid=19 no_ask=20 book_ready=True position=True pending=False dry_run=False trust=synced run_id=71ef5a81-f388-4c83-bc61-d4a8b86af06d
2026-05-09 14:08:32,942 | INFO | EXIT signal | market=KXBTC15M-26MAY091415-15 action=sell side=yes trigger=81c limit=81c qty=2 book_ready=True mode=single_shot_ioc slices=1 attempt=0
2026-05-09 14:08:32,944 | INFO | Latency | purpose=exit feed_age_ms=-300.6 local_reaction_ms=78.0 trigger_seen_at=2026-05-09T18:08:32.944797+00:00 market_msg_time=2026-05-09T18:08:33.245442Z
2026-05-09 14:08:32,945 | INFO | Exit plan approved | market=KXBTC15M-26MAY091415-15 side=yes trigger=81c limit=81c top_bid=81 depth=33.43 required=2 book_age_ms=47.0 secs_to_close=387.09 reason=mushroom_v28_exit_value_over_hold_single_shot_visible_depth mode=single_shot_ioc attempt=0
2026-05-09 14:08:32,995 | INFO | EXIT fill | market=KXBTC15M-26MAY091415-15 side=yes slice=1/1 qty=2 cumulative=2/2 remaining=0
2026-05-09 14:08:44,852 | INFO | Heartbeat | watch=KXBTC15M-26MAY091415-15 yes_bid=80 yes_ask=82 no_bid=18 no_ask=20 book_ready=True position=False pending=False dry_run=False trust=synced run_id=71ef5a81-f388-4c83-bc61-d4a8b86af06d
2026-05-09 14:08:59,972 | INFO | Heartbeat | watch=KXBTC15M-26MAY091415-15 yes_bid=72 yes_ask=73 no_bid=27 no_ask=28 book_ready=True position=False pending=False dry_run=False trust=synced run_id=71ef5a81-f388-4c83-bc61-d4a8b86af06d
2026-05-09 14:09:07,089 | INFO | Mushroom v28 entry approved | market=KXBTC15M-26MAY091415-15 side=yes ask=74c max_buy=79c qty=2 p_side=0.8435 edge=8.848c depth=373.87 btc_age_ms=78.0 secs_to_close=352.97
2026-05-09 14:09:07,139 | INFO | Execution state | market=KXBTC15M-26MAY091415-15 side=yes state=eligible reason=pre_filters_disabled trust=synced run_id=71ef5a81-f388-4c83-bc61-d4a8b86af06d
2026-05-09 14:09:07,140 | INFO | Live fill policy approved | market=KXBTC15M-26MAY091415-15 side=yes trigger=74c tif=immediate_or_cancel limit=74c depth=373.87 required=3 book_age_ms=78.0 secs_to_close=352.97 reason=single_shot_abundant_depth
2026-05-09 14:09:07,144 | INFO | ENTRY signal | market=KXBTC15M-26MAY091415-15 action=buy side=yes trigger=74c limit=74c qty=2 book_ready=True
2026-05-09 14:09:07,145 | INFO | Execution state | market=KXBTC15M-26MAY091415-15 side=yes state=submitting reason=single_shot_abundant_depth trust=synced run_id=71ef5a81-f388-4c83-bc61-d4a8b86af06d
2026-05-09 14:09:07,210 | INFO | ENTRY immediate fill | market=KXBTC15M-26MAY091415-15 side=yes qty=2 limit=74c
2026-05-09 14:09:07,213 | INFO | Execution state | market=KXBTC15M-26MAY091415-15 side=yes state=filled reason=single_shot_abundant_depth trust=synced run_id=71ef5a81-f388-4c83-bc61-d4a8b86af06d
2026-05-09 14:09:07,246 | INFO | Mushroom v28 entry approved | market=KXBTC15M-26MAY091415-15 side=yes ask=74c max_buy=79c qty=1 p_side=0.8435 edge=8.351c depth=373.87 btc_age_ms=266.0 secs_to_close=352.79
2026-05-09 14:09:07,309 | INFO | Execution state | market=KXBTC15M-26MAY091415-15 side=yes state=eligible reason=pre_filters_disabled trust=synced run_id=71ef5a81-f388-4c83-bc61-d4a8b86af06d
2026-05-09 14:09:07,310 | INFO | Live fill policy approved | market=KXBTC15M-26MAY091415-15 side=yes trigger=74c tif=immediate_or_cancel limit=74c depth=373.87 required=2 book_age_ms=266.0 secs_to_close=352.79 reason=single_shot_abundant_depth
2026-05-09 14:09:07,312 | INFO | ENTRY signal | market=KXBTC15M-26MAY091415-15 action=buy side=yes trigger=74c limit=74c qty=1 book_ready=True
2026-05-09 14:09:07,313 | INFO | Execution state | market=KXBTC15M-26MAY091415-15 side=yes state=submitting reason=single_shot_abundant_depth trust=synced run_id=71ef5a81-f388-4c83-bc61-d4a8b86af06d
2026-05-09 14:09:07,370 | INFO | ENTRY immediate fill | market=KXBTC15M-26MAY091415-15 side=yes qty=1 limit=74c
2026-05-09 14:09:07,372 | INFO | Execution state | market=KXBTC15M-26MAY091415-15 side=yes state=filled reason=single_shot_abundant_depth trust=synced run_id=71ef5a81-f388-4c83-bc61-d4a8b86af06d
2026-05-09 14:09:14,975 | INFO | Heartbeat | watch=KXBTC15M-26MAY091415-15 yes_bid=80 yes_ask=81 no_bid=19 no_ask=20 book_ready=True position=True pending=False dry_run=False trust=synced run_id=71ef5a81-f388-4c83-bc61-d4a8b86af06d
2026-05-09 14:09:29,974 | INFO | Heartbeat | watch=KXBTC15M-26MAY091415-15 yes_bid=81 yes_ask=83 no_bid=17 no_ask=19 book_ready=True position=True pending=False dry_run=False trust=synced run_id=71ef5a81-f388-4c83-bc61-d4a8b86af06d
2026-05-09 14:09:37,934 | INFO | EXIT signal | market=KXBTC15M-26MAY091415-15 action=sell side=yes trigger=81c limit=81c qty=3 book_ready=True mode=single_shot_ioc slices=1 attempt=0
2026-05-09 14:09:37,943 | INFO | Latency | purpose=exit feed_age_ms=-282.4 local_reaction_ms=78.0 trigger_seen_at=2026-05-09T18:09:37.943100+00:00 market_msg_time=2026-05-09T18:09:38.225503Z
2026-05-09 14:09:37,944 | INFO | Exit plan approved | market=KXBTC15M-26MAY091415-15 side=yes trigger=81c limit=81c top_bid=81 depth=288.71 required=3 book_age_ms=31.0 secs_to_close=322.12 reason=mushroom_v28_exit_value_over_hold_single_shot_visible_depth mode=single_shot_ioc attempt=0
2026-05-09 14:09:37,994 | INFO | EXIT fill | market=KXBTC15M-26MAY091415-15 side=yes slice=1/1 qty=3 cumulative=3/3 remaining=0
2026-05-09 14:09:44,983 | INFO | Heartbeat | watch=KXBTC15M-26MAY091415-15 yes_bid=65 yes_ask=66 no_bid=34 no_ask=35 book_ready=True position=False pending=False dry_run=False trust=synced run_id=71ef5a81-f388-4c83-bc61-d4a8b86af06d
2026-05-09 14:10:00,006 | INFO | Heartbeat | watch=KXBTC15M-26MAY091415-15 yes_bid=65 yes_ask=66 no_bid=34 no_ask=35 book_ready=True position=False pending=False dry_run=False trust=synced run_id=71ef5a81-f388-4c83-bc61-d4a8b86af06d
2026-05-09 14:10:15,221 | INFO | Heartbeat | watch=KXBTC15M-26MAY091415-15 yes_bid=57 yes_ask=58 no_bid=42 no_ask=43 book_ready=True position=False pending=False dry_run=False trust=synced run_id=71ef5a81-f388-4c83-bc61-d4a8b86af06d
2026-05-09 14:10:30,247 | INFO | Heartbeat | watch=KXBTC15M-26MAY091415-15 yes_bid=55 yes_ask=56 no_bid=44 no_ask=45 book_ready=True position=False pending=False dry_run=False trust=synced run_id=71ef5a81-f388-4c83-bc61-d4a8b86af06d
2026-05-09 14:10:45,280 | INFO | Heartbeat | watch=KXBTC15M-26MAY091415-15 yes_bid=51 yes_ask=52 no_bid=48 no_ask=49 book_ready=True position=False pending=False dry_run=False trust=synced run_id=71ef5a81-f388-4c83-bc61-d4a8b86af06d
2026-05-09 14:11:00,580 | INFO | Heartbeat | watch=KXBTC15M-26MAY091415-15 yes_bid=55 yes_ask=56 no_bid=44 no_ask=45 book_ready=True position=False pending=False dry_run=False trust=synced run_id=71ef5a81-f388-4c83-bc61-d4a8b86af06d
2026-05-09 14:11:15,612 | INFO | Heartbeat | watch=KXBTC15M-26MAY091415-15 yes_bid=52 yes_ask=53 no_bid=47 no_ask=48 book_ready=True position=False pending=False dry_run=False trust=synced run_id=71ef5a81-f388-4c83-bc61-d4a8b86af06d
2026-05-09 14:11:30,694 | INFO | Heartbeat | watch=KXBTC15M-26MAY091415-15 yes_bid=52 yes_ask=53 no_bid=47 no_ask=48 book_ready=True position=False pending=False dry_run=False trust=synced run_id=71ef5a81-f388-4c83-bc61-d4a8b86af06d
2026-05-09 14:11:45,856 | INFO | Heartbeat | watch=KXBTC15M-26MAY091415-15 yes_bid=51 yes_ask=52 no_bid=48 no_ask=49 book_ready=True position=False pending=False dry_run=False trust=synced run_id=71ef5a81-f388-4c83-bc61-d4a8b86af06d
2026-05-09 14:11:55,956 | WARNING | Market reaction error for KXBTC15M-26MAY091415-15: [WinError 5] Access is denied: 'C:\\Users\\organ\\Desktop\\KALSHI PROBABILITY MODEL BOT\\state\\live_mushroom_v28_common_clock_phi_reward_memory_size2_live\\tmpmt76d_rb' -> 'C:\\Users\\organ\\Desktop\\KALSHI PROBABILITY MODEL BOT\\state\\live_mushroom_v28_common_clock_phi_reward_memory_size2_live\\v28_phi_reward_memory_state.json'
2026-05-09 14:12:00,862 | INFO | Heartbeat | watch=KXBTC15M-26MAY091415-15 yes_bid=51 yes_ask=52 no_bid=48 no_ask=49 book_ready=True position=False pending=False dry_run=False trust=synced run_id=71ef5a81-f388-4c83-bc61-d4a8b86af06d
2026-05-09 14:12:16,089 | INFO | Heartbeat | watch=KXBTC15M-26MAY091415-15 yes_bid=43 yes_ask=44 no_bid=56 no_ask=57 book_ready=True position=False pending=False dry_run=False trust=synced run_id=71ef5a81-f388-4c83-bc61-d4a8b86af06d
2026-05-09 14:12:24,910 | INFO | Mushroom v28 BTC REST fallback refreshed stale tick | previous_age_ms=3078.0 threshold_ms=3000.0 source=coinbase_spot_rest
2026-05-09 14:12:31,127 | INFO | Heartbeat | watch=KXBTC15M-26MAY091415-15 yes_bid=42 yes_ask=43 no_bid=57 no_ask=58 book_ready=True position=False pending=False dry_run=False trust=synced run_id=71ef5a81-f388-4c83-bc61-d4a8b86af06d
2026-05-09 14:12:46,121 | INFO | Heartbeat | watch=KXBTC15M-26MAY091415-15 yes_bid=33 yes_ask=34 no_bid=66 no_ask=67 book_ready=True position=False pending=False dry_run=False trust=synced run_id=71ef5a81-f388-4c83-bc61-d4a8b86af06d
2026-05-09 14:13:01,623 | INFO | Heartbeat | watch=KXBTC15M-26MAY091415-15 yes_bid=24 yes_ask=25 no_bid=75 no_ask=76 book_ready=True position=False pending=False dry_run=False trust=synced run_id=71ef5a81-f388-4c83-bc61-d4a8b86af06d
2026-05-09 14:13:16,679 | INFO | Heartbeat | watch=KXBTC15M-26MAY091415-15 yes_bid=10 yes_ask=10 no_bid=90 no_ask=90 book_ready=True position=False pending=False dry_run=False trust=synced run_id=71ef5a81-f388-4c83-bc61-d4a8b86af06d
2026-05-09 14:13:31,968 | INFO | Heartbeat | watch=KXBTC15M-26MAY091415-15 yes_bid=6 yes_ask=7 no_bid=93 no_ask=94 book_ready=True position=False pending=False dry_run=False trust=synced run_id=71ef5a81-f388-4c83-bc61-d4a8b86af06d
2026-05-09 14:13:47,255 | INFO | Heartbeat | watch=KXBTC15M-26MAY091415-15 yes_bid=3 yes_ask=3 no_bid=97 no_ask=97 book_ready=True position=False pending=False dry_run=False trust=synced run_id=71ef5a81-f388-4c83-bc61-d4a8b86af06d
2026-05-09 14:14:02,323 | INFO | Heartbeat | watch=KXBTC15M-26MAY091415-15 yes_bid=2 yes_ask=2 no_bid=98 no_ask=98 book_ready=True position=False pending=False dry_run=False trust=synced run_id=71ef5a81-f388-4c83-bc61-d4a8b86af06d
2026-05-09 14:14:17,433 | INFO | Heartbeat | watch=KXBTC15M-26MAY091415-15 yes_bid=1 yes_ask=1 no_bid=99 no_ask=99 book_ready=True position=False pending=False dry_run=False trust=synced run_id=71ef5a81-f388-4c83-bc61-d4a8b86af06d
2026-05-09 14:14:32,478 | INFO | Heartbeat | watch=KXBTC15M-26MAY091415-15 yes_bid=0 yes_ask=0 no_bid=100 no_ask=100 book_ready=True position=False pending=False dry_run=False trust=synced run_id=71ef5a81-f388-4c83-bc61-d4a8b86af06d
2026-05-09 14:14:47,587 | INFO | Heartbeat | watch=KXBTC15M-26MAY091415-15 yes_bid=0 yes_ask=0 no_bid=100 no_ask=100 book_ready=True position=False pending=False dry_run=False trust=synced run_id=71ef5a81-f388-4c83-bc61-d4a8b86af06d
2026-05-09 14:15:02,624 | INFO | Heartbeat | watch=KXBTC15M-26MAY091415-15 yes_bid=0 yes_ask=100 no_bid=0 no_ask=100 book_ready=True position=False pending=False dry_run=False trust=synced run_id=71ef5a81-f388-4c83-bc61-d4a8b86af06d
2026-05-09 14:15:05,788 | INFO | Orderbook snapshot ready for KXBTC15M-26MAY091415-15
2026-05-09 14:15:17,639 | INFO | Heartbeat | watch=KXBTC15M-26MAY091415-15 yes_bid=0 yes_ask=100 no_bid=0 no_ask=100 book_ready=True position=False pending=False dry_run=False trust=synced run_id=71ef5a81-f388-4c83-bc61-d4a8b86af06d
2026-05-09 14:15:32,668 | INFO | Heartbeat | watch=KXBTC15M-26MAY091415-15 yes_bid=0 yes_ask=100 no_bid=0 no_ask=100 book_ready=True position=False pending=False dry_run=False trust=synced run_id=71ef5a81-f388-4c83-bc61-d4a8b86af06d
2026-05-09 14:15:32,953 | INFO | Watching market KXBTC15M-26MAY091430-30 close_time=2026-05-09T18:30:00Z status=active strike=80786.58 run_id=71ef5a81-f388-4c83-bc61-d4a8b86af06d
2026-05-09 14:15:33,131 | INFO | WS connected for KXBTC15M-26MAY091430-30
2026-05-09 14:15:33,164 | INFO | WS subscribed payload: {'type': 'subscribed', 'id': 5, 'msg': {'channel': 'ticker', 'sid': 1}}
2026-05-09 14:15:33,166 | INFO | WS subscribed payload: {'type': 'subscribed', 'id': 5, 'msg': {'channel': 'orderbook_delta', 'sid': 2}}
2026-05-09 14:15:33,171 | INFO | Orderbook snapshot ready for KXBTC15M-26MAY091430-30
2026-05-09 14:15:48,000 | INFO | Heartbeat | watch=KXBTC15M-26MAY091430-30 yes_bid=67 yes_ask=68 no_bid=32 no_ask=33 book_ready=True position=False pending=False dry_run=False trust=synced run_id=71ef5a81-f388-4c83-bc61-d4a8b86af06d
2026-05-09 14:16:03,045 | INFO | Heartbeat | watch=KXBTC15M-26MAY091430-30 yes_bid=70 yes_ask=71 no_bid=29 no_ask=30 book_ready=True position=False pending=False dry_run=False trust=synced run_id=71ef5a81-f388-4c83-bc61-d4a8b86af06d
2026-05-09 14:16:18,178 | INFO | Heartbeat | watch=KXBTC15M-26MAY091430-30 yes_bid=72 yes_ask=73 no_bid=27 no_ask=28 book_ready=True position=False pending=False dry_run=False trust=synced run_id=71ef5a81-f388-4c83-bc61-d4a8b86af06d
2026-05-09 14:16:33,431 | INFO | Heartbeat | watch=KXBTC15M-26MAY091430-30 yes_bid=72 yes_ask=73 no_bid=27 no_ask=28 book_ready=True position=False pending=False dry_run=False trust=synced run_id=71ef5a81-f388-4c83-bc61-d4a8b86af06d
2026-05-09 14:16:48,596 | INFO | Heartbeat | watch=KXBTC15M-26MAY091430-30 yes_bid=64 yes_ask=65 no_bid=35 no_ask=36 book_ready=True position=False pending=False dry_run=False trust=synced run_id=71ef5a81-f388-4c83-bc61-d4a8b86af06d
2026-05-09 14:17:03,641 | INFO | Heartbeat | watch=KXBTC15M-26MAY091430-30 yes_bid=67 yes_ask=68 no_bid=32 no_ask=33 book_ready=True position=False pending=False dry_run=False trust=synced run_id=71ef5a81-f388-4c83-bc61-d4a8b86af06d
2026-05-09 14:17:19,007 | INFO | Heartbeat | watch=KXBTC15M-26MAY091430-30 yes_bid=65 yes_ask=66 no_bid=34 no_ask=35 book_ready=True position=False pending=False dry_run=False trust=synced run_id=71ef5a81-f388-4c83-bc61-d4a8b86af06d
2026-05-09 14:17:34,155 | INFO | Heartbeat | watch=KXBTC15M-26MAY091430-30 yes_bid=68 yes_ask=69 no_bid=31 no_ask=32 book_ready=True position=False pending=False dry_run=False trust=synced run_id=71ef5a81-f388-4c83-bc61-d4a8b86af06d
2026-05-09 14:17:41,112 | INFO | Mushroom v28 entry approved | market=KXBTC15M-26MAY091430-30 side=yes ask=75c max_buy=78c qty=2 p_side=0.8300 edge=6.499c depth=110 btc_age_ms=0.0 secs_to_close=738.99
2026-05-09 14:17:41,187 | INFO | Execution state | market=KXBTC15M-26MAY091430-30 side=yes state=eligible reason=pre_filters_disabled trust=synced run_id=71ef5a81-f388-4c83-bc61-d4a8b86af06d
2026-05-09 14:17:41,188 | INFO | Live fill policy approved | market=KXBTC15M-26MAY091430-30 side=yes trigger=75c tif=immediate_or_cancel limit=75c depth=110.00 required=3 book_age_ms=735.0 secs_to_close=738.99 reason=single_shot_abundant_depth
2026-05-09 14:17:41,190 | INFO | ENTRY signal | market=KXBTC15M-26MAY091430-30 action=buy side=yes trigger=75c limit=75c qty=2 book_ready=True
2026-05-09 14:17:41,191 | INFO | Execution state | market=KXBTC15M-26MAY091430-30 side=yes state=submitting reason=single_shot_abundant_depth trust=synced run_id=71ef5a81-f388-4c83-bc61-d4a8b86af06d
2026-05-09 14:17:41,241 | INFO | Execution state | market=KXBTC15M-26MAY091430-30 side=yes state=abandoned reason=zero_fill trust=synced run_id=71ef5a81-f388-4c83-bc61-d4a8b86af06d
2026-05-09 14:17:41,556 | INFO | Mushroom v28 entry approved | market=KXBTC15M-26MAY091430-30 side=yes ask=78c max_buy=82c qty=2 p_side=0.8660 edge=7.105c depth=91 btc_age_ms=78.0 secs_to_close=738.57
2026-05-09 14:17:41,626 | INFO | Execution state | market=KXBTC15M-26MAY091430-30 side=yes state=eligible reason=pre_filters_disabled trust=synced run_id=71ef5a81-f388-4c83-bc61-d4a8b86af06d
2026-05-09 14:17:41,628 | INFO | Live fill policy approved | market=KXBTC15M-26MAY091430-30 side=yes trigger=78c tif=immediate_or_cancel limit=78c depth=91.00 required=3 book_age_ms=219.0 secs_to_close=738.57 reason=single_shot_abundant_depth
2026-05-09 14:17:41,629 | INFO | ENTRY signal | market=KXBTC15M-26MAY091430-30 action=buy side=yes trigger=78c limit=78c qty=2 book_ready=True
2026-05-09 14:17:41,630 | INFO | Execution state | market=KXBTC15M-26MAY091430-30 side=yes state=submitting reason=single_shot_abundant_depth trust=synced run_id=71ef5a81-f388-4c83-bc61-d4a8b86af06d
2026-05-09 14:17:41,683 | INFO | ENTRY immediate fill | market=KXBTC15M-26MAY091430-30 side=yes qty=2 limit=78c
2026-05-09 14:17:41,684 | INFO | Execution state | market=KXBTC15M-26MAY091430-30 side=yes state=filled reason=single_shot_abundant_depth trust=synced run_id=71ef5a81-f388-4c83-bc61-d4a8b86af06d
2026-05-09 14:17:41,726 | INFO | Mushroom v28 entry approved | market=KXBTC15M-26MAY091430-30 side=yes ask=78c max_buy=81c qty=1 p_side=0.8660 edge=6.605c depth=153 btc_age_ms=47.0 secs_to_close=738.32
2026-05-09 14:17:41,779 | INFO | Execution state | market=KXBTC15M-26MAY091430-30 side=yes state=eligible reason=pre_filters_disabled trust=synced run_id=71ef5a81-f388-4c83-bc61-d4a8b86af06d
2026-05-09 14:17:41,780 | INFO | Live fill policy approved | market=KXBTC15M-26MAY091430-30 side=yes trigger=78c tif=immediate_or_cancel limit=78c depth=153.00 required=2 book_age_ms=485.0 secs_to_close=738.32 reason=single_shot_abundant_depth
2026-05-09 14:17:41,782 | INFO | ENTRY signal | market=KXBTC15M-26MAY091430-30 action=buy side=yes trigger=78c limit=78c qty=1 book_ready=True
2026-05-09 14:17:41,783 | INFO | Execution state | market=KXBTC15M-26MAY091430-30 side=yes state=submitting reason=single_shot_abundant_depth trust=synced run_id=71ef5a81-f388-4c83-bc61-d4a8b86af06d
2026-05-09 14:17:41,831 | INFO | ENTRY immediate fill | market=KXBTC15M-26MAY091430-30 side=yes qty=1 limit=78c
2026-05-09 14:17:41,832 | INFO | Execution state | market=KXBTC15M-26MAY091430-30 side=yes state=filled reason=single_shot_abundant_depth trust=synced run_id=71ef5a81-f388-4c83-bc61-d4a8b86af06d
2026-05-09 14:17:49,152 | INFO | Heartbeat | watch=KXBTC15M-26MAY091430-30 yes_bid=79 yes_ask=81 no_bid=19 no_ask=21 book_ready=True position=True pending=False dry_run=False trust=synced run_id=71ef5a81-f388-4c83-bc61-d4a8b86af06d
2026-05-09 14:18:04,161 | INFO | Heartbeat | watch=KXBTC15M-26MAY091430-30 yes_bid=81 yes_ask=83 no_bid=17 no_ask=19 book_ready=True position=True pending=False dry_run=False trust=synced run_id=71ef5a81-f388-4c83-bc61-d4a8b86af06d
2026-05-09 14:18:19,301 | INFO | Heartbeat | watch=KXBTC15M-26MAY091430-30 yes_bid=79 yes_ask=81 no_bid=19 no_ask=21 book_ready=True position=True pending=False dry_run=False trust=synced run_id=71ef5a81-f388-4c83-bc61-d4a8b86af06d
2026-05-09 14:18:34,315 | INFO | Heartbeat | watch=KXBTC15M-26MAY091430-30 yes_bid=80 yes_ask=81 no_bid=19 no_ask=20 book_ready=True position=True pending=False dry_run=False trust=synced run_id=71ef5a81-f388-4c83-bc61-d4a8b86af06d
2026-05-09 14:18:49,352 | INFO | Heartbeat | watch=KXBTC15M-26MAY091430-30 yes_bid=76 yes_ask=77 no_bid=23 no_ask=24 book_ready=True position=True pending=False dry_run=False trust=synced run_id=71ef5a81-f388-4c83-bc61-d4a8b86af06d
2026-05-09 14:19:04,349 | INFO | Heartbeat | watch=KXBTC15M-26MAY091430-30 yes_bid=75 yes_ask=76 no_bid=24 no_ask=25 book_ready=True position=True pending=False dry_run=False trust=synced run_id=71ef5a81-f388-4c83-bc61-d4a8b86af06d
2026-05-09 14:19:19,371 | INFO | Heartbeat | watch=KXBTC15M-26MAY091430-30 yes_bid=76 yes_ask=77 no_bid=23 no_ask=24 book_ready=True position=True pending=False dry_run=False trust=synced run_id=71ef5a81-f388-4c83-bc61-d4a8b86af06d
2026-05-09 14:19:33,211 | INFO | EXIT signal | market=KXBTC15M-26MAY091430-30 action=sell side=yes trigger=72c limit=72c qty=2 book_ready=True mode=single_shot_ioc slices=1 attempt=0
2026-05-09 14:19:33,212 | INFO | Latency | purpose=exit feed_age_ms=-217.2 local_reaction_ms=47.0 trigger_seen_at=2026-05-09T18:19:33.212065+00:00 market_msg_time=2026-05-09T18:19:33.429241Z
2026-05-09 14:19:33,213 | INFO | Exit plan approved | market=KXBTC15M-26MAY091430-30 side=yes trigger=72c limit=72c top_bid=72 depth=430.74 required=2 book_age_ms=141.0 secs_to_close=626.84 reason=mushroom_v28_probability_reduce_single_shot_visible_depth mode=single_shot_ioc attempt=0
2026-05-09 14:19:33,276 | INFO | EXIT fill | market=KXBTC15M-26MAY091430-30 side=yes slice=1/1 qty=2 cumulative=2/2 remaining=1
2026-05-09 14:19:34,274 | INFO | EXIT signal | market=KXBTC15M-26MAY091430-30 action=sell side=yes trigger=70c limit=70c qty=1 book_ready=True mode=single_shot_ioc slices=1 attempt=0
2026-05-09 14:19:34,284 | INFO | Latency | purpose=exit feed_age_ms=-112.3 local_reaction_ms=125.0 trigger_seen_at=2026-05-09T18:19:34.284971+00:00 market_msg_time=2026-05-09T18:19:34.397274Z
2026-05-09 14:19:34,284 | INFO | Exit plan approved | market=KXBTC15M-26MAY091430-30 side=yes trigger=70c limit=70c top_bid=70 depth=740.00 required=1 book_age_ms=78.0 secs_to_close=625.77 reason=mushroom_v28_probability_reduce_single_shot_visible_depth mode=single_shot_ioc attempt=0
2026-05-09 14:19:34,329 | INFO | EXIT fill | market=KXBTC15M-26MAY091430-30 side=yes slice=1/1 qty=1 cumulative=1/1 remaining=0
2026-05-09 14:19:34,570 | INFO | Heartbeat | watch=KXBTC15M-26MAY091430-30 yes_bid=70 yes_ask=71 no_bid=29 no_ask=30 book_ready=True position=False pending=False dry_run=False trust=synced run_id=71ef5a81-f388-4c83-bc61-d4a8b86af06d
2026-05-09 14:19:49,796 | INFO | Heartbeat | watch=KXBTC15M-26MAY091430-30 yes_bid=72 yes_ask=73 no_bid=27 no_ask=28 book_ready=True position=False pending=False dry_run=False trust=synced run_id=71ef5a81-f388-4c83-bc61-d4a8b86af06d
2026-05-09 14:20:02,340 | INFO | Mushroom v28 entry approved | market=KXBTC15M-26MAY091430-30 side=yes ask=73c max_buy=80c qty=2 p_side=0.8512 edge=10.618c depth=202 btc_age_ms=203.0 secs_to_close=597.75
2026-05-09 14:20:02,442 | INFO | Execution state | market=KXBTC15M-26MAY091430-30 side=yes state=eligible reason=pre_filters_disabled trust=synced run_id=71ef5a81-f388-4c83-bc61-d4a8b86af06d
2026-05-09 14:20:02,444 | INFO | Live fill policy approved | market=KXBTC15M-26MAY091430-30 side=yes trigger=73c tif=immediate_or_cancel limit=73c depth=202.00 required=3 book_age_ms=0.0 secs_to_close=597.75 reason=single_shot_abundant_depth
2026-05-09 14:20:02,446 | INFO | ENTRY signal | market=KXBTC15M-26MAY091430-30 action=buy side=yes trigger=73c limit=73c qty=2 book_ready=True
2026-05-09 14:20:02,447 | INFO | Execution state | market=KXBTC15M-26MAY091430-30 side=yes state=submitting reason=single_shot_abundant_depth trust=synced run_id=71ef5a81-f388-4c83-bc61-d4a8b86af06d
2026-05-09 14:20:02,502 | INFO | ENTRY immediate fill | market=KXBTC15M-26MAY091430-30 side=yes qty=2 limit=73c
2026-05-09 14:20:02,504 | INFO | Execution state | market=KXBTC15M-26MAY091430-30 side=yes state=filled reason=single_shot_abundant_depth trust=synced run_id=71ef5a81-f388-4c83-bc61-d4a8b86af06d
2026-05-09 14:20:02,553 | INFO | Mushroom v28 entry approved | market=KXBTC15M-26MAY091430-30 side=yes ask=73c max_buy=80c qty=1 p_side=0.8512 edge=10.120c depth=202 btc_age_ms=469.0 secs_to_close=597.49
2026-05-09 14:20:02,631 | INFO | Execution state | market=KXBTC15M-26MAY091430-30 side=yes state=eligible reason=pre_filters_disabled trust=synced run_id=71ef5a81-f388-4c83-bc61-d4a8b86af06d
2026-05-09 14:20:02,632 | INFO | Live fill policy approved | market=KXBTC15M-26MAY091430-30 side=yes trigger=73c tif=immediate_or_cancel limit=73c depth=202.00 required=2 book_age_ms=266.0 secs_to_close=597.49 reason=single_shot_abundant_depth
2026-05-09 14:20:02,634 | INFO | ENTRY signal | market=KXBTC15M-26MAY091430-30 action=buy side=yes trigger=73c limit=73c qty=1 book_ready=True
2026-05-09 14:20:02,634 | INFO | Execution state | market=KXBTC15M-26MAY091430-30 side=yes state=submitting reason=single_shot_abundant_depth trust=synced run_id=71ef5a81-f388-4c83-bc61-d4a8b86af06d
2026-05-09 14:20:02,687 | INFO | ENTRY immediate fill | market=KXBTC15M-26MAY091430-30 side=yes qty=1 limit=73c
2026-05-09 14:20:02,688 | INFO | Execution state | market=KXBTC15M-26MAY091430-30 side=yes state=filled reason=single_shot_abundant_depth trust=synced run_id=71ef5a81-f388-4c83-bc61-d4a8b86af06d
2026-05-09 14:20:04,814 | INFO | Heartbeat | watch=KXBTC15M-26MAY091430-30 yes_bid=72 yes_ask=73 no_bid=27 no_ask=28 book_ready=True position=True pending=False dry_run=False trust=synced run_id=71ef5a81-f388-4c83-bc61-d4a8b86af06d
2026-05-09 14:20:19,821 | INFO | Heartbeat | watch=KXBTC15M-26MAY091430-30 yes_bid=73 yes_ask=74 no_bid=26 no_ask=27 book_ready=True position=True pending=False dry_run=False trust=synced run_id=71ef5a81-f388-4c83-bc61-d4a8b86af06d
2026-05-09 14:20:33,225 | INFO | EXIT signal | market=KXBTC15M-26MAY091430-30 action=sell side=yes trigger=74c limit=74c qty=2 book_ready=True mode=single_shot_ioc slices=1 attempt=0
2026-05-09 14:20:33,234 | INFO | Latency | purpose=exit feed_age_ms=-205.6 local_reaction_ms=78.0 trigger_seen_at=2026-05-09T18:20:33.234745+00:00 market_msg_time=2026-05-09T18:20:33.440336Z
2026-05-09 14:20:33,235 | INFO | Exit plan approved | market=KXBTC15M-26MAY091430-30 side=yes trigger=74c limit=74c top_bid=74 depth=2094.36 required=2 book_age_ms=109.0 secs_to_close=566.84 reason=mushroom_v28_probability_reduce_single_shot_visible_depth mode=single_shot_ioc attempt=0
2026-05-09 14:20:33,279 | INFO | EXIT fill | market=KXBTC15M-26MAY091430-30 side=yes slice=1/1 qty=2 cumulative=2/2 remaining=1
2026-05-09 14:20:34,249 | INFO | EXIT signal | market=KXBTC15M-26MAY091430-30 action=sell side=yes trigger=74c limit=74c qty=1 book_ready=True mode=single_shot_ioc slices=1 attempt=0
2026-05-09 14:20:34,250 | INFO | Latency | purpose=exit feed_age_ms=510.3 local_reaction_ms=47.0 trigger_seen_at=2026-05-09T18:20:34.250781+00:00 market_msg_time=2026-05-09T18:20:33.740525Z
2026-05-09 14:20:34,251 | INFO | Exit plan approved | market=KXBTC15M-26MAY091430-30 side=yes trigger=74c limit=74c top_bid=74 depth=2092.36 required=1 book_age_ms=16.0 secs_to_close=565.78 reason=mushroom_v28_probability_reduce_single_shot_visible_depth mode=single_shot_ioc attempt=0
2026-05-09 14:20:34,302 | INFO | EXIT fill | market=KXBTC15M-26MAY091430-30 side=yes slice=1/1 qty=1 cumulative=1/1 remaining=0
2026-05-09 14:20:34,922 | INFO | Heartbeat | watch=KXBTC15M-26MAY091430-30 yes_bid=74 yes_ask=75 no_bid=25 no_ask=26 book_ready=True position=False pending=False dry_run=False trust=synced run_id=71ef5a81-f388-4c83-bc61-d4a8b86af06d
2026-05-09 14:20:49,912 | INFO | Heartbeat | watch=KXBTC15M-26MAY091430-30 yes_bid=77 yes_ask=78 no_bid=22 no_ask=23 book_ready=True position=False pending=False dry_run=False trust=synced run_id=71ef5a81-f388-4c83-bc61-d4a8b86af06d
2026-05-09 14:21:05,115 | INFO | Heartbeat | watch=KXBTC15M-26MAY091430-30 yes_bid=65 yes_ask=66 no_bid=34 no_ask=35 book_ready=True position=False pending=False dry_run=False trust=synced run_id=71ef5a81-f388-4c83-bc61-d4a8b86af06d
2026-05-09 14:21:20,172 | INFO | Heartbeat | watch=KXBTC15M-26MAY091430-30 yes_bid=71 yes_ask=72 no_bid=28 no_ask=29 book_ready=True position=False pending=False dry_run=False trust=synced run_id=71ef5a81-f388-4c83-bc61-d4a8b86af06d
2026-05-09 14:21:35,439 | INFO | Heartbeat | watch=KXBTC15M-26MAY091430-30 yes_bid=70 yes_ask=72 no_bid=28 no_ask=30 book_ready=True position=False pending=False dry_run=False trust=synced run_id=71ef5a81-f388-4c83-bc61-d4a8b86af06d
2026-05-09 14:21:50,704 | INFO | Heartbeat | watch=KXBTC15M-26MAY091430-30 yes_bid=68 yes_ask=69 no_bid=31 no_ask=32 book_ready=True position=False pending=False dry_run=False trust=synced run_id=71ef5a81-f388-4c83-bc61-d4a8b86af06d
2026-05-09 14:22:05,826 | INFO | Heartbeat | watch=KXBTC15M-26MAY091430-30 yes_bid=67 yes_ask=68 no_bid=32 no_ask=33 book_ready=True position=False pending=False dry_run=False trust=synced run_id=71ef5a81-f388-4c83-bc61-d4a8b86af06d
2026-05-09 14:22:09,144 | INFO | Mushroom v28 BTC REST fallback refreshed stale tick | previous_age_ms=3125.0 threshold_ms=3000.0 source=coinbase_spot_rest
2026-05-09 14:22:20,894 | INFO | Heartbeat | watch=KXBTC15M-26MAY091430-30 yes_bid=67 yes_ask=68 no_bid=32 no_ask=33 book_ready=True position=False pending=False dry_run=False trust=synced run_id=71ef5a81-f388-4c83-bc61-d4a8b86af06d
2026-05-09 14:22:35,904 | INFO | Heartbeat | watch=KXBTC15M-26MAY091430-30 yes_bid=68 yes_ask=69 no_bid=31 no_ask=32 book_ready=True position=False pending=False dry_run=False trust=synced run_id=71ef5a81-f388-4c83-bc61-d4a8b86af06d
2026-05-09 14:22:50,924 | INFO | Heartbeat | watch=KXBTC15M-26MAY091430-30 yes_bid=70 yes_ask=72 no_bid=28 no_ask=30 book_ready=True position=False pending=False dry_run=False trust=synced run_id=71ef5a81-f388-4c83-bc61-d4a8b86af06d
2026-05-09 14:23:06,152 | INFO | Heartbeat | watch=KXBTC15M-26MAY091430-30 yes_bid=72 yes_ask=73 no_bid=27 no_ask=28 book_ready=True position=False pending=False dry_run=False trust=synced run_id=71ef5a81-f388-4c83-bc61-d4a8b86af06d
2026-05-09 14:23:08,147 | INFO | Mushroom v28 BTC REST fallback refreshed stale tick | previous_age_ms=3141.0 threshold_ms=3000.0 source=coinbase_spot_rest
2026-05-09 14:23:12,280 | INFO | Mushroom v28 BTC REST fallback refreshed stale tick | previous_age_ms=3250.0 threshold_ms=3000.0 source=coinbase_spot_rest
2026-05-09 14:23:21,265 | INFO | Heartbeat | watch=KXBTC15M-26MAY091430-30 yes_bid=68 yes_ask=70 no_bid=30 no_ask=32 book_ready=True position=False pending=False dry_run=False trust=synced run_id=71ef5a81-f388-4c83-bc61-d4a8b86af06d
2026-05-09 14:23:36,486 | INFO | Heartbeat | watch=KXBTC15M-26MAY091430-30 yes_bid=83 yes_ask=85 no_bid=15 no_ask=17 book_ready=True position=False pending=False dry_run=False trust=synced run_id=71ef5a81-f388-4c83-bc61-d4a8b86af06d
2026-05-09 14:23:51,683 | INFO | Heartbeat | watch=KXBTC15M-26MAY091430-30 yes_bid=85 yes_ask=86 no_bid=14 no_ask=15 book_ready=True position=False pending=False dry_run=False trust=synced run_id=71ef5a81-f388-4c83-bc61-d4a8b86af06d
2026-05-09 14:24:06,940 | INFO | Heartbeat | watch=KXBTC15M-26MAY091430-30 yes_bid=89 yes_ask=90 no_bid=10 no_ask=11 book_ready=True position=False pending=False dry_run=False trust=synced run_id=71ef5a81-f388-4c83-bc61-d4a8b86af06d
2026-05-09 14:24:21,982 | INFO | Heartbeat | watch=KXBTC15M-26MAY091430-30 yes_bid=93 yes_ask=93 no_bid=7 no_ask=7 book_ready=True position=False pending=False dry_run=False trust=synced run_id=71ef5a81-f388-4c83-bc61-d4a8b86af06d
2026-05-09 14:24:37,073 | INFO | Heartbeat | watch=KXBTC15M-26MAY091430-30 yes_bid=86 yes_ask=87 no_bid=13 no_ask=14 book_ready=True position=False pending=False dry_run=False trust=synced run_id=71ef5a81-f388-4c83-bc61-d4a8b86af06d
2026-05-09 14:24:40,007 | INFO | Mushroom v28 entry approved | market=KXBTC15M-26MAY091430-30 side=no ask=9c max_buy=9c qty=2 p_side=0.1305 edge=3.055c depth=282 btc_age_ms=63.0 secs_to_close=320.09
2026-05-09 14:24:40,046 | INFO | Execution state | market=KXBTC15M-26MAY091430-30 side=no state=eligible reason=pre_filters_disabled trust=synced run_id=71ef5a81-f388-4c83-bc61-d4a8b86af06d
2026-05-09 14:24:40,047 | INFO | Live fill policy approved | market=KXBTC15M-26MAY091430-30 side=no trigger=9c tif=immediate_or_cancel limit=9c depth=282.00 required=3 book_age_ms=625.0 secs_to_close=320.09 reason=single_shot_abundant_depth
2026-05-09 14:24:40,048 | INFO | ENTRY signal | market=KXBTC15M-26MAY091430-30 action=buy side=no trigger=9c limit=9c qty=2 book_ready=True
2026-05-09 14:24:40,048 | INFO | Execution state | market=KXBTC15M-26MAY091430-30 side=no state=submitting reason=single_shot_abundant_depth trust=synced run_id=71ef5a81-f388-4c83-bc61-d4a8b86af06d
2026-05-09 14:24:40,092 | INFO | ENTRY immediate fill | market=KXBTC15M-26MAY091430-30 side=no qty=2 limit=9c
2026-05-09 14:24:40,092 | INFO | Execution state | market=KXBTC15M-26MAY091430-30 side=no state=filled reason=single_shot_abundant_depth trust=synced run_id=71ef5a81-f388-4c83-bc61-d4a8b86af06d
2026-05-09 14:24:40,264 | INFO | Mushroom v28 entry approved | market=KXBTC15M-26MAY091430-30 side=no ask=7c max_buy=9c qty=1 p_side=0.1305 edge=5.051c depth=338 btc_age_ms=313.0 secs_to_close=319.79
2026-05-09 14:24:40,330 | INFO | Execution state | market=KXBTC15M-26MAY091430-30 side=no state=eligible reason=pre_filters_disabled trust=synced run_id=71ef5a81-f388-4c83-bc61-d4a8b86af06d
2026-05-09 14:24:40,332 | INFO | Live fill policy approved | market=KXBTC15M-26MAY091430-30 side=no trigger=7c tif=immediate_or_cancel limit=7c depth=338.00 required=2 book_age_ms=16.0 secs_to_close=319.79 reason=single_shot_abundant_depth
2026-05-09 14:24:40,333 | INFO | ENTRY signal | market=KXBTC15M-26MAY091430-30 action=buy side=no trigger=7c limit=7c qty=1 book_ready=True
2026-05-09 14:24:40,333 | INFO | Execution state | market=KXBTC15M-26MAY091430-30 side=no state=submitting reason=single_shot_abundant_depth trust=synced run_id=71ef5a81-f388-4c83-bc61-d4a8b86af06d
2026-05-09 14:24:40,384 | INFO | Execution state | market=KXBTC15M-26MAY091430-30 side=no state=abandoned reason=zero_fill trust=synced run_id=71ef5a81-f388-4c83-bc61-d4a8b86af06d
2026-05-09 14:24:40,440 | INFO | Mushroom v28 entry approved | market=KXBTC15M-26MAY091430-30 side=no ask=7c max_buy=9c qty=1 p_side=0.1305 edge=5.049c depth=388 btc_age_ms=485.0 secs_to_close=319.61
2026-05-09 14:24:40,514 | INFO | Execution state | market=KXBTC15M-26MAY091430-30 side=no state=eligible reason=pre_filters_disabled trust=synced run_id=71ef5a81-f388-4c83-bc61-d4a8b86af06d
2026-05-09 14:24:40,515 | INFO | Live fill policy approved | market=KXBTC15M-26MAY091430-30 side=no trigger=7c tif=immediate_or_cancel limit=7c depth=388.00 required=2 book_age_ms=188.0 secs_to_close=319.61 reason=single_shot_abundant_depth
2026-05-09 14:24:40,516 | INFO | ENTRY signal | market=KXBTC15M-26MAY091430-30 action=buy side=no trigger=7c limit=7c qty=1 book_ready=True
2026-05-09 14:24:40,516 | INFO | Execution state | market=KXBTC15M-26MAY091430-30 side=no state=submitting reason=single_shot_abundant_depth trust=synced run_id=71ef5a81-f388-4c83-bc61-d4a8b86af06d
2026-05-09 14:24:40,561 | INFO | Execution state | market=KXBTC15M-26MAY091430-30 side=no state=abandoned reason=zero_fill trust=synced run_id=71ef5a81-f388-4c83-bc61-d4a8b86af06d
2026-05-09 14:24:52,209 | INFO | Heartbeat | watch=KXBTC15M-26MAY091430-30 yes_bid=93 yes_ask=94 no_bid=6 no_ask=7 book_ready=True position=True pending=False dry_run=False trust=synced run_id=71ef5a81-f388-4c83-bc61-d4a8b86af06d
2026-05-09 14:25:07,424 | INFO | Heartbeat | watch=KXBTC15M-26MAY091430-30 yes_bid=98 yes_ask=98 no_bid=2 no_ask=2 book_ready=True position=True pending=False dry_run=False trust=synced run_id=71ef5a81-f388-4c83-bc61-d4a8b86af06d
2026-05-09 14:25:10,467 | INFO | EXIT signal | market=KXBTC15M-26MAY091430-30 action=sell side=no trigger=2c limit=2c qty=2 book_ready=True mode=single_shot_ioc slices=1 attempt=0
2026-05-09 14:25:10,468 | INFO | Latency | purpose=exit feed_age_ms=-49.3 local_reaction_ms=78.0 trigger_seen_at=2026-05-09T18:25:10.468789+00:00 market_msg_time=2026-05-09T18:25:10.518082Z
2026-05-09 14:25:10,468 | INFO | Exit plan approved | market=KXBTC15M-26MAY091430-30 side=no trigger=2c limit=2c top_bid=2 depth=328.00 required=2 book_age_ms=47.0 secs_to_close=289.57 reason=mushroom_v28_exit_value_over_hold_single_shot_visible_depth mode=single_shot_ioc attempt=0
2026-05-09 14:25:10,523 | INFO | EXIT fill | market=KXBTC15M-26MAY091430-30 side=no slice=1/1 qty=2 cumulative=2/2 remaining=0
2026-05-09 14:25:22,514 | INFO | Heartbeat | watch=KXBTC15M-26MAY091430-30 yes_bid=98 yes_ask=98 no_bid=2 no_ask=2 book_ready=True position=False pending=False dry_run=False trust=synced run_id=71ef5a81-f388-4c83-bc61-d4a8b86af06d
2026-05-09 14:25:37,606 | INFO | Heartbeat | watch=KXBTC15M-26MAY091430-30 yes_bid=98 yes_ask=98 no_bid=2 no_ask=2 book_ready=True position=False pending=False dry_run=False trust=synced run_id=71ef5a81-f388-4c83-bc61-d4a8b86af06d
2026-05-09 14:25:52,676 | INFO | Heartbeat | watch=KXBTC15M-26MAY091430-30 yes_bid=99 yes_ask=99 no_bid=1 no_ask=1 book_ready=True position=False pending=False dry_run=False trust=synced run_id=71ef5a81-f388-4c83-bc61-d4a8b86af06d
2026-05-09 14:26:07,869 | INFO | Heartbeat | watch=KXBTC15M-26MAY091430-30 yes_bid=100 yes_ask=100 no_bid=0 no_ask=0 book_ready=True position=False pending=False dry_run=False trust=synced run_id=71ef5a81-f388-4c83-bc61-d4a8b86af06d
2026-05-09 14:26:22,864 | INFO | Heartbeat | watch=KXBTC15M-26MAY091430-30 yes_bid=100 yes_ask=100 no_bid=0 no_ask=0 book_ready=True position=False pending=False dry_run=False trust=synced run_id=71ef5a81-f388-4c83-bc61-d4a8b86af06d
2026-05-09 14:26:38,166 | INFO | Heartbeat | watch=KXBTC15M-26MAY091430-30 yes_bid=100 yes_ask=100 no_bid=0 no_ask=0 book_ready=True position=False pending=False dry_run=False trust=synced run_id=71ef5a81-f388-4c83-bc61-d4a8b86af06d
2026-05-09 14:26:53,169 | INFO | Heartbeat | watch=KXBTC15M-26MAY091430-30 yes_bid=100 yes_ask=100 no_bid=0 no_ask=0 book_ready=True position=False pending=False dry_run=False trust=synced run_id=71ef5a81-f388-4c83-bc61-d4a8b86af06d
2026-05-09 14:27:08,415 | INFO | Heartbeat | watch=KXBTC15M-26MAY091430-30 yes_bid=100 yes_ask=100 no_bid=0 no_ask=0 book_ready=True position=False pending=False dry_run=False trust=synced run_id=71ef5a81-f388-4c83-bc61-d4a8b86af06d
2026-05-09 14:27:23,424 | INFO | Heartbeat | watch=KXBTC15M-26MAY091430-30 yes_bid=100 yes_ask=100 no_bid=0 no_ask=0 book_ready=True position=False pending=False dry_run=False trust=synced run_id=71ef5a81-f388-4c83-bc61-d4a8b86af06d
2026-05-09 14:27:38,526 | INFO | Heartbeat | watch=KXBTC15M-26MAY091430-30 yes_bid=100 yes_ask=100 no_bid=0 no_ask=0 book_ready=True position=False pending=False dry_run=False trust=synced run_id=71ef5a81-f388-4c83-bc61-d4a8b86af06d
2026-05-09 14:27:53,719 | INFO | Heartbeat | watch=KXBTC15M-26MAY091430-30 yes_bid=100 yes_ask=100 no_bid=0 no_ask=0 book_ready=True position=False pending=False dry_run=False trust=synced run_id=71ef5a81-f388-4c83-bc61-d4a8b86af06d
2026-05-09 14:28:08,805 | INFO | Heartbeat | watch=KXBTC15M-26MAY091430-30 yes_bid=100 yes_ask=100 no_bid=0 no_ask=0 book_ready=True position=False pending=False dry_run=False trust=synced run_id=71ef5a81-f388-4c83-bc61-d4a8b86af06d
2026-05-09 14:28:23,954 | INFO | Heartbeat | watch=KXBTC15M-26MAY091430-30 yes_bid=100 yes_ask=100 no_bid=0 no_ask=0 book_ready=True position=False pending=False dry_run=False trust=synced run_id=71ef5a81-f388-4c83-bc61-d4a8b86af06d
2026-05-09 14:28:39,014 | INFO | Heartbeat | watch=KXBTC15M-26MAY091430-30 yes_bid=100 yes_ask=100 no_bid=0 no_ask=0 book_ready=True position=False pending=False dry_run=False trust=synced run_id=71ef5a81-f388-4c83-bc61-d4a8b86af06d
2026-05-09 14:28:54,058 | INFO | Heartbeat | watch=KXBTC15M-26MAY091430-30 yes_bid=100 yes_ask=100 no_bid=0 no_ask=0 book_ready=True position=False pending=False dry_run=False trust=synced run_id=71ef5a81-f388-4c83-bc61-d4a8b86af06d
2026-05-09 14:29:09,297 | INFO | Heartbeat | watch=KXBTC15M-26MAY091430-30 yes_bid=100 yes_ask=100 no_bid=0 no_ask=0 book_ready=True position=False pending=False dry_run=False trust=synced run_id=71ef5a81-f388-4c83-bc61-d4a8b86af06d
2026-05-09 14:29:24,616 | INFO | Heartbeat | watch=KXBTC15M-26MAY091430-30 yes_bid=100 yes_ask=100 no_bid=0 no_ask=0 book_ready=True position=False pending=False dry_run=False trust=synced run_id=71ef5a81-f388-4c83-bc61-d4a8b86af06d
2026-05-09 14:29:39,665 | INFO | Heartbeat | watch=KXBTC15M-26MAY091430-30 yes_bid=100 yes_ask=100 no_bid=0 no_ask=0 book_ready=True position=False pending=False dry_run=False trust=synced run_id=71ef5a81-f388-4c83-bc61-d4a8b86af06d
2026-05-09 14:29:54,748 | INFO | Heartbeat | watch=KXBTC15M-26MAY091430-30 yes_bid=100 yes_ask=100 no_bid=0 no_ask=0 book_ready=True position=False pending=False dry_run=False trust=synced run_id=71ef5a81-f388-4c83-bc61-d4a8b86af06d
2026-05-09 14:30:06,429 | INFO | Orderbook snapshot ready for KXBTC15M-26MAY091430-30
2026-05-09 14:30:09,766 | INFO | Heartbeat | watch=KXBTC15M-26MAY091430-30 yes_bid=0 yes_ask=100 no_bid=0 no_ask=100 book_ready=True position=False pending=False dry_run=False trust=synced run_id=71ef5a81-f388-4c83-bc61-d4a8b86af06d
2026-05-09 14:30:24,765 | INFO | Heartbeat | watch=KXBTC15M-26MAY091430-30 yes_bid=0 yes_ask=100 no_bid=0 no_ask=100 book_ready=True position=False pending=False dry_run=False trust=synced run_id=71ef5a81-f388-4c83-bc61-d4a8b86af06d
2026-05-09 14:30:33,081 | INFO | Watching market KXBTC15M-26MAY091445-45 close_time=2026-05-09T18:45:00Z status=active strike=81025.27 run_id=71ef5a81-f388-4c83-bc61-d4a8b86af06d
2026-05-09 14:30:33,254 | INFO | WS connected for KXBTC15M-26MAY091445-45
2026-05-09 14:30:33,287 | INFO | WS subscribed payload: {'type': 'subscribed', 'id': 6, 'msg': {'channel': 'ticker', 'sid': 1}}
2026-05-09 14:30:33,288 | INFO | WS subscribed payload: {'type': 'subscribed', 'id': 6, 'msg': {'channel': 'orderbook_delta', 'sid': 2}}
2026-05-09 14:30:33,288 | INFO | Orderbook snapshot ready for KXBTC15M-26MAY091445-45
2026-05-09 14:30:39,948 | INFO | Heartbeat | watch=KXBTC15M-26MAY091445-45 yes_bid=49 yes_ask=50 no_bid=50 no_ask=51 book_ready=True position=False pending=False dry_run=False trust=synced run_id=71ef5a81-f388-4c83-bc61-d4a8b86af06d
2026-05-09 14:30:55,078 | INFO | Heartbeat | watch=KXBTC15M-26MAY091445-45 yes_bid=47 yes_ask=48 no_bid=52 no_ask=53 book_ready=True position=False pending=False dry_run=False trust=synced run_id=71ef5a81-f388-4c83-bc61-d4a8b86af06d
2026-05-09 14:31:10,194 | INFO | Heartbeat | watch=KXBTC15M-26MAY091445-45 yes_bid=48 yes_ask=49 no_bid=51 no_ask=52 book_ready=True position=False pending=False dry_run=False trust=synced run_id=71ef5a81-f388-4c83-bc61-d4a8b86af06d
2026-05-09 14:31:25,761 | INFO | Heartbeat | watch=KXBTC15M-26MAY091445-45 yes_bid=48 yes_ask=49 no_bid=51 no_ask=52 book_ready=True position=False pending=False dry_run=False trust=synced run_id=71ef5a81-f388-4c83-bc61-d4a8b86af06d
2026-05-09 14:31:41,469 | INFO | Heartbeat | watch=KXBTC15M-26MAY091445-45 yes_bid=34 yes_ask=35 no_bid=65 no_ask=66 book_ready=True position=False pending=False dry_run=False trust=synced run_id=71ef5a81-f388-4c83-bc61-d4a8b86af06d
2026-05-09 14:31:56,601 | INFO | Heartbeat | watch=KXBTC15M-26MAY091445-45 yes_bid=37 yes_ask=38 no_bid=62 no_ask=63 book_ready=True position=False pending=False dry_run=False trust=synced run_id=71ef5a81-f388-4c83-bc61-d4a8b86af06d
2026-05-09 14:32:11,750 | INFO | Heartbeat | watch=KXBTC15M-26MAY091445-45 yes_bid=45 yes_ask=46 no_bid=54 no_ask=55 book_ready=True position=False pending=False dry_run=False trust=synced run_id=71ef5a81-f388-4c83-bc61-d4a8b86af06d
2026-05-09 14:32:22,461 | WARNING | Market reaction error for KXBTC15M-26MAY091445-45: [WinError 5] Access is denied: 'C:\\Users\\organ\\Desktop\\KALSHI PROBABILITY MODEL BOT\\state\\live_mushroom_v28_common_clock_phi_reward_memory_size2_live\\tmp1sfuvf3h' -> 'C:\\Users\\organ\\Desktop\\KALSHI PROBABILITY MODEL BOT\\state\\live_mushroom_v28_common_clock_phi_reward_memory_size2_live\\v28_phi_reward_memory_state.json'
2026-05-09 14:32:27,102 | INFO | Heartbeat | watch=KXBTC15M-26MAY091445-45 yes_bid=49 yes_ask=50 no_bid=50 no_ask=51 book_ready=True position=False pending=False dry_run=False trust=synced run_id=71ef5a81-f388-4c83-bc61-d4a8b86af06d
2026-05-09 14:32:42,106 | INFO | Heartbeat | watch=KXBTC15M-26MAY091445-45 yes_bid=48 yes_ask=49 no_bid=51 no_ask=52 book_ready=True position=False pending=False dry_run=False trust=synced run_id=71ef5a81-f388-4c83-bc61-d4a8b86af06d
2026-05-09 14:32:57,175 | INFO | Heartbeat | watch=KXBTC15M-26MAY091445-45 yes_bid=48 yes_ask=50 no_bid=50 no_ask=52 book_ready=True position=False pending=False dry_run=False trust=synced run_id=71ef5a81-f388-4c83-bc61-d4a8b86af06d
2026-05-09 14:33:12,234 | INFO | Heartbeat | watch=KXBTC15M-26MAY091445-45 yes_bid=50 yes_ask=52 no_bid=48 no_ask=50 book_ready=True position=False pending=False dry_run=False trust=synced run_id=71ef5a81-f388-4c83-bc61-d4a8b86af06d
2026-05-09 14:33:27,351 | INFO | Heartbeat | watch=KXBTC15M-26MAY091445-45 yes_bid=45 yes_ask=46 no_bid=54 no_ask=55 book_ready=True position=False pending=False dry_run=False trust=synced run_id=71ef5a81-f388-4c83-bc61-d4a8b86af06d
2026-05-09 14:33:42,667 | INFO | Heartbeat | watch=KXBTC15M-26MAY091445-45 yes_bid=50 yes_ask=52 no_bid=48 no_ask=50 book_ready=True position=False pending=False dry_run=False trust=synced run_id=71ef5a81-f388-4c83-bc61-d4a8b86af06d
2026-05-09 14:33:46,745 | INFO | Mushroom v28 BTC REST fallback refreshed stale tick | previous_age_ms=3203.0 threshold_ms=3000.0 source=coinbase_spot_rest
2026-05-09 14:33:57,807 | INFO | Heartbeat | watch=KXBTC15M-26MAY091445-45 yes_bid=49 yes_ask=50 no_bid=50 no_ask=51 book_ready=True position=False pending=False dry_run=False trust=synced run_id=71ef5a81-f388-4c83-bc61-d4a8b86af06d
2026-05-09 14:34:12,845 | INFO | Heartbeat | watch=KXBTC15M-26MAY091445-45 yes_bid=46 yes_ask=47 no_bid=53 no_ask=54 book_ready=True position=False pending=False dry_run=False trust=synced run_id=71ef5a81-f388-4c83-bc61-d4a8b86af06d
2026-05-09 14:34:27,965 | INFO | Heartbeat | watch=KXBTC15M-26MAY091445-45 yes_bid=41 yes_ask=42 no_bid=58 no_ask=59 book_ready=True position=False pending=False dry_run=False trust=synced run_id=71ef5a81-f388-4c83-bc61-d4a8b86af06d
2026-05-09 14:34:43,266 | INFO | Heartbeat | watch=KXBTC15M-26MAY091445-45 yes_bid=46 yes_ask=47 no_bid=53 no_ask=54 book_ready=True position=False pending=False dry_run=False trust=synced run_id=71ef5a81-f388-4c83-bc61-d4a8b86af06d
2026-05-09 14:34:58,480 | INFO | Heartbeat | watch=KXBTC15M-26MAY091445-45 yes_bid=42 yes_ask=43 no_bid=57 no_ask=58 book_ready=True position=False pending=False dry_run=False trust=synced run_id=71ef5a81-f388-4c83-bc61-d4a8b86af06d
2026-05-09 14:35:14,050 | INFO | Heartbeat | watch=KXBTC15M-26MAY091445-45 yes_bid=31 yes_ask=33 no_bid=67 no_ask=69 book_ready=True position=False pending=False dry_run=False trust=synced run_id=71ef5a81-f388-4c83-bc61-d4a8b86af06d
2026-05-09 14:35:29,084 | INFO | Heartbeat | watch=KXBTC15M-26MAY091445-45 yes_bid=28 yes_ask=29 no_bid=71 no_ask=72 book_ready=True position=False pending=False dry_run=False trust=synced run_id=71ef5a81-f388-4c83-bc61-d4a8b86af06d
2026-05-09 14:35:44,125 | INFO | Heartbeat | watch=KXBTC15M-26MAY091445-45 yes_bid=20 yes_ask=21 no_bid=79 no_ask=80 book_ready=True position=False pending=False dry_run=False trust=synced run_id=71ef5a81-f388-4c83-bc61-d4a8b86af06d
2026-05-09 14:35:45,389 | INFO | Mushroom v28 entry approved | market=KXBTC15M-26MAY091445-45 side=no ask=81c max_buy=81c qty=2 p_side=0.8639 edge=3.892c depth=1278 btc_age_ms=63.0 secs_to_close=554.72
2026-05-09 14:35:45,493 | INFO | Execution state | market=KXBTC15M-26MAY091445-45 side=no state=eligible reason=pre_filters_disabled trust=synced run_id=71ef5a81-f388-4c83-bc61-d4a8b86af06d
2026-05-09 14:35:45,494 | INFO | Live fill policy approved | market=KXBTC15M-26MAY091445-45 side=no trigger=81c tif=immediate_or_cancel limit=81c depth=1278.00 required=3 book_age_ms=718.0 secs_to_close=554.72 reason=single_shot_abundant_depth
2026-05-09 14:35:45,496 | INFO | ENTRY signal | market=KXBTC15M-26MAY091445-45 action=buy side=no trigger=81c limit=81c qty=2 book_ready=True
2026-05-09 14:35:45,497 | INFO | Execution state | market=KXBTC15M-26MAY091445-45 side=no state=submitting reason=single_shot_abundant_depth trust=synced run_id=71ef5a81-f388-4c83-bc61-d4a8b86af06d
2026-05-09 14:35:45,550 | INFO | ENTRY immediate fill | market=KXBTC15M-26MAY091445-45 side=no qty=2 limit=81c
2026-05-09 14:35:45,551 | INFO | Execution state | market=KXBTC15M-26MAY091445-45 side=no state=filled reason=single_shot_abundant_depth trust=synced run_id=71ef5a81-f388-4c83-bc61-d4a8b86af06d
2026-05-09 14:35:45,640 | INFO | Mushroom v28 entry approved | market=KXBTC15M-26MAY091445-45 side=no ask=81c max_buy=81c qty=1 p_side=0.8692 edge=3.922c depth=1278 btc_age_ms=47.0 secs_to_close=554.45
2026-05-09 14:35:45,717 | INFO | Execution state | market=KXBTC15M-26MAY091445-45 side=no state=eligible reason=pre_filters_disabled trust=synced run_id=71ef5a81-f388-4c83-bc61-d4a8b86af06d
2026-05-09 14:35:45,719 | INFO | Live fill policy approved | market=KXBTC15M-26MAY091445-45 side=no trigger=81c tif=immediate_or_cancel limit=81c depth=1278.00 required=2 book_age_ms=47.0 secs_to_close=554.45 reason=single_shot_abundant_depth
2026-05-09 14:35:45,721 | INFO | ENTRY signal | market=KXBTC15M-26MAY091445-45 action=buy side=no trigger=81c limit=81c qty=1 book_ready=True
2026-05-09 14:35:45,721 | INFO | Execution state | market=KXBTC15M-26MAY091445-45 side=no state=submitting reason=single_shot_abundant_depth trust=synced run_id=71ef5a81-f388-4c83-bc61-d4a8b86af06d
2026-05-09 14:35:45,790 | INFO | ENTRY immediate fill | market=KXBTC15M-26MAY091445-45 side=no qty=1 limit=81c
2026-05-09 14:35:45,791 | INFO | Execution state | market=KXBTC15M-26MAY091445-45 side=no state=filled reason=single_shot_abundant_depth trust=synced run_id=71ef5a81-f388-4c83-bc61-d4a8b86af06d
2026-05-09 14:35:59,136 | INFO | Heartbeat | watch=KXBTC15M-26MAY091445-45 yes_bid=14 yes_ask=15 no_bid=85 no_ask=86 book_ready=True position=True pending=False dry_run=False trust=synced run_id=71ef5a81-f388-4c83-bc61-d4a8b86af06d
2026-05-09 14:36:14,167 | INFO | Heartbeat | watch=KXBTC15M-26MAY091445-45 yes_bid=12 yes_ask=13 no_bid=87 no_ask=88 book_ready=True position=True pending=False dry_run=False trust=synced run_id=71ef5a81-f388-4c83-bc61-d4a8b86af06d
2026-05-09 14:36:29,202 | INFO | Heartbeat | watch=KXBTC15M-26MAY091445-45 yes_bid=17 yes_ask=19 no_bid=81 no_ask=83 book_ready=True position=True pending=False dry_run=False trust=synced run_id=71ef5a81-f388-4c83-bc61-d4a8b86af06d
2026-05-09 14:36:44,228 | INFO | Heartbeat | watch=KXBTC15M-26MAY091445-45 yes_bid=22 yes_ask=23 no_bid=77 no_ask=78 book_ready=True position=True pending=False dry_run=False trust=synced run_id=71ef5a81-f388-4c83-bc61-d4a8b86af06d
2026-05-09 14:36:59,235 | INFO | Heartbeat | watch=KXBTC15M-26MAY091445-45 yes_bid=17 yes_ask=19 no_bid=81 no_ask=83 book_ready=True position=True pending=False dry_run=False trust=synced run_id=71ef5a81-f388-4c83-bc61-d4a8b86af06d
2026-05-09 14:37:05,327 | INFO | EXIT signal | market=KXBTC15M-26MAY091445-45 action=sell side=no trigger=86c limit=86c qty=3 book_ready=True mode=single_shot_ioc slices=1 attempt=0
2026-05-09 14:37:05,338 | INFO | Latency | purpose=exit feed_age_ms=-280.0 local_reaction_ms=63.0 trigger_seen_at=2026-05-09T18:37:05.338203+00:00 market_msg_time=2026-05-09T18:37:05.61823Z
2026-05-09 14:37:05,338 | INFO | Exit plan approved | market=KXBTC15M-26MAY091445-45 side=no trigger=86c limit=86c top_bid=86 depth=94.00 required=3 book_age_ms=0.0 secs_to_close=474.71 reason=mushroom_v28_exit_value_over_hold_single_shot_visible_depth mode=single_shot_ioc attempt=0
2026-05-09 14:37:05,389 | INFO | EXIT fill | market=KXBTC15M-26MAY091445-45 side=no slice=1/1 qty=3 cumulative=3/3 remaining=0
2026-05-09 14:37:08,026 | INFO | Mushroom v28 entry approved | market=KXBTC15M-26MAY091445-45 side=no ask=85c max_buy=86c qty=2 p_side=0.9028 edge=4.284c depth=144 btc_age_ms=63.0 secs_to_close=472.12
2026-05-09 14:37:08,105 | INFO | Execution state | market=KXBTC15M-26MAY091445-45 side=no state=eligible reason=pre_filters_disabled trust=synced run_id=71ef5a81-f388-4c83-bc61-d4a8b86af06d
2026-05-09 14:37:08,106 | INFO | Live fill policy approved | market=KXBTC15M-26MAY091445-45 side=no trigger=85c tif=immediate_or_cancel limit=85c depth=144.00 required=3 book_age_ms=437.0 secs_to_close=472.12 reason=single_shot_abundant_depth
2026-05-09 14:37:08,107 | INFO | ENTRY signal | market=KXBTC15M-26MAY091445-45 action=buy side=no trigger=85c limit=85c qty=2 book_ready=True
2026-05-09 14:37:08,108 | INFO | Execution state | market=KXBTC15M-26MAY091445-45 side=no state=submitting reason=single_shot_abundant_depth trust=synced run_id=71ef5a81-f388-4c83-bc61-d4a8b86af06d
2026-05-09 14:37:08,172 | INFO | ENTRY immediate fill | market=KXBTC15M-26MAY091445-45 side=no qty=2 limit=85c
2026-05-09 14:37:08,174 | INFO | Execution state | market=KXBTC15M-26MAY091445-45 side=no state=filled reason=single_shot_abundant_depth trust=synced run_id=71ef5a81-f388-4c83-bc61-d4a8b86af06d
2026-05-09 14:37:08,213 | INFO | Mushroom v28 entry approved | market=KXBTC15M-26MAY091445-45 side=no ask=84c max_buy=86c qty=1 p_side=0.9029 edge=5.286c depth=90 btc_age_ms=297.0 secs_to_close=471.82
2026-05-09 14:37:08,281 | INFO | Execution state | market=KXBTC15M-26MAY091445-45 side=no state=eligible reason=pre_filters_disabled trust=synced run_id=71ef5a81-f388-4c83-bc61-d4a8b86af06d
2026-05-09 14:37:08,283 | INFO | Live fill policy approved | market=KXBTC15M-26MAY091445-45 side=no trigger=84c tif=immediate_or_cancel limit=84c depth=90.00 required=2 book_age_ms=734.0 secs_to_close=471.82 reason=single_shot_abundant_depth
2026-05-09 14:37:08,285 | INFO | ENTRY signal | market=KXBTC15M-26MAY091445-45 action=buy side=no trigger=84c limit=84c qty=1 book_ready=True
2026-05-09 14:37:08,285 | INFO | Execution state | market=KXBTC15M-26MAY091445-45 side=no state=submitting reason=single_shot_abundant_depth trust=synced run_id=71ef5a81-f388-4c83-bc61-d4a8b86af06d
2026-05-09 14:37:08,372 | INFO | ENTRY immediate fill | market=KXBTC15M-26MAY091445-45 side=no qty=1 limit=84c
2026-05-09 14:37:08,372 | INFO | Execution state | market=KXBTC15M-26MAY091445-45 side=no state=filled reason=single_shot_abundant_depth trust=synced run_id=71ef5a81-f388-4c83-bc61-d4a8b86af06d
2026-05-09 14:37:14,273 | INFO | Heartbeat | watch=KXBTC15M-26MAY091445-45 yes_bid=16 yes_ask=17 no_bid=83 no_ask=84 book_ready=True position=True pending=False dry_run=False trust=synced run_id=71ef5a81-f388-4c83-bc61-d4a8b86af06d
2026-05-09 14:37:29,284 | INFO | Heartbeat | watch=KXBTC15M-26MAY091445-45 yes_bid=14 yes_ask=15 no_bid=85 no_ask=86 book_ready=True position=True pending=False dry_run=False trust=synced run_id=71ef5a81-f388-4c83-bc61-d4a8b86af06d
2026-05-09 14:37:44,364 | INFO | Heartbeat | watch=KXBTC15M-26MAY091445-45 yes_bid=11 yes_ask=12 no_bid=88 no_ask=89 book_ready=True position=True pending=False dry_run=False trust=synced run_id=71ef5a81-f388-4c83-bc61-d4a8b86af06d
2026-05-09 14:37:59,384 | INFO | Heartbeat | watch=KXBTC15M-26MAY091445-45 yes_bid=10 yes_ask=11 no_bid=89 no_ask=90 book_ready=True position=True pending=False dry_run=False trust=synced run_id=71ef5a81-f388-4c83-bc61-d4a8b86af06d
2026-05-09 14:38:06,344 | INFO | EXIT signal | market=KXBTC15M-26MAY091445-45 action=sell side=no trigger=91c limit=91c qty=3 book_ready=True mode=single_shot_ioc slices=1 attempt=0
2026-05-09 14:38:06,354 | INFO | Latency | purpose=exit feed_age_ms=-317.8 local_reaction_ms=78.0 trigger_seen_at=2026-05-09T18:38:06.354067+00:00 market_msg_time=2026-05-09T18:38:06.671856Z
2026-05-09 14:38:06,354 | INFO | Exit plan approved | market=KXBTC15M-26MAY091445-45 side=no trigger=91c limit=91c top_bid=91 depth=414.91 required=3 book_age_ms=0.0 secs_to_close=413.72 reason=mushroom_v28_exit_value_over_hold_single_shot_visible_depth mode=single_shot_ioc attempt=0
2026-05-09 14:38:06,401 | INFO | EXIT fill | market=KXBTC15M-26MAY091445-45 side=no slice=1/1 qty=3 cumulative=3/3 remaining=0
2026-05-09 14:38:14,511 | INFO | Heartbeat | watch=KXBTC15M-26MAY091445-45 yes_bid=11 yes_ask=12 no_bid=88 no_ask=89 book_ready=True position=False pending=False dry_run=False trust=synced run_id=71ef5a81-f388-4c83-bc61-d4a8b86af06d
2026-05-09 14:38:29,854 | INFO | Heartbeat | watch=KXBTC15M-26MAY091445-45 yes_bid=9 yes_ask=11 no_bid=89 no_ask=91 book_ready=True position=False pending=False dry_run=False trust=synced run_id=71ef5a81-f388-4c83-bc61-d4a8b86af06d
2026-05-09 14:38:45,103 | INFO | Heartbeat | watch=KXBTC15M-26MAY091445-45 yes_bid=9 yes_ask=10 no_bid=90 no_ask=91 book_ready=True position=False pending=False dry_run=False trust=synced run_id=71ef5a81-f388-4c83-bc61-d4a8b86af06d
2026-05-09 14:39:00,566 | INFO | Heartbeat | watch=KXBTC15M-26MAY091445-45 yes_bid=7 yes_ask=8 no_bid=92 no_ask=93 book_ready=True position=False pending=False dry_run=False trust=synced run_id=71ef5a81-f388-4c83-bc61-d4a8b86af06d
2026-05-09 14:39:16,380 | INFO | Heartbeat | watch=KXBTC15M-26MAY091445-45 yes_bid=10 yes_ask=10 no_bid=90 no_ask=90 book_ready=True position=False pending=False dry_run=False trust=synced run_id=71ef5a81-f388-4c83-bc61-d4a8b86af06d
2026-05-09 14:39:31,928 | INFO | Heartbeat | watch=KXBTC15M-26MAY091445-45 yes_bid=8 yes_ask=9 no_bid=91 no_ask=92 book_ready=True position=False pending=False dry_run=False trust=synced run_id=71ef5a81-f388-4c83-bc61-d4a8b86af06d
2026-05-09 14:39:46,978 | INFO | Heartbeat | watch=KXBTC15M-26MAY091445-45 yes_bid=5 yes_ask=5 no_bid=95 no_ask=95 book_ready=True position=False pending=False dry_run=False trust=synced run_id=71ef5a81-f388-4c83-bc61-d4a8b86af06d
2026-05-09 14:40:02,228 | INFO | Heartbeat | watch=KXBTC15M-26MAY091445-45 yes_bid=4 yes_ask=4 no_bid=96 no_ask=96 book_ready=True position=False pending=False dry_run=False trust=synced run_id=71ef5a81-f388-4c83-bc61-d4a8b86af06d
2026-05-09 14:40:17,253 | INFO | Heartbeat | watch=KXBTC15M-26MAY091445-45 yes_bid=3 yes_ask=4 no_bid=96 no_ask=97 book_ready=True position=False pending=False dry_run=False trust=synced run_id=71ef5a81-f388-4c83-bc61-d4a8b86af06d
2026-05-09 14:40:32,290 | INFO | Heartbeat | watch=KXBTC15M-26MAY091445-45 yes_bid=2 yes_ask=2 no_bid=98 no_ask=98 book_ready=True position=False pending=False dry_run=False trust=synced run_id=71ef5a81-f388-4c83-bc61-d4a8b86af06d
2026-05-09 14:40:47,585 | INFO | Heartbeat | watch=KXBTC15M-26MAY091445-45 yes_bid=2 yes_ask=2 no_bid=98 no_ask=98 book_ready=True position=False pending=False dry_run=False trust=synced run_id=71ef5a81-f388-4c83-bc61-d4a8b86af06d
2026-05-09 14:41:02,787 | INFO | Heartbeat | watch=KXBTC15M-26MAY091445-45 yes_bid=1 yes_ask=2 no_bid=98 no_ask=99 book_ready=True position=False pending=False dry_run=False trust=synced run_id=71ef5a81-f388-4c83-bc61-d4a8b86af06d
2026-05-09 14:41:17,990 | INFO | Heartbeat | watch=KXBTC15M-26MAY091445-45 yes_bid=1 yes_ask=2 no_bid=98 no_ask=99 book_ready=True position=False pending=False dry_run=False trust=synced run_id=71ef5a81-f388-4c83-bc61-d4a8b86af06d
2026-05-09 14:41:33,012 | INFO | Heartbeat | watch=KXBTC15M-26MAY091445-45 yes_bid=1 yes_ask=1 no_bid=99 no_ask=99 book_ready=True position=False pending=False dry_run=False trust=synced run_id=71ef5a81-f388-4c83-bc61-d4a8b86af06d
2026-05-09 14:41:48,112 | INFO | Heartbeat | watch=KXBTC15M-26MAY091445-45 yes_bid=1 yes_ask=1 no_bid=99 no_ask=99 book_ready=True position=False pending=False dry_run=False trust=synced run_id=71ef5a81-f388-4c83-bc61-d4a8b86af06d
2026-05-09 14:42:03,367 | INFO | Heartbeat | watch=KXBTC15M-26MAY091445-45 yes_bid=1 yes_ask=1 no_bid=99 no_ask=99 book_ready=True position=False pending=False dry_run=False trust=synced run_id=71ef5a81-f388-4c83-bc61-d4a8b86af06d
2026-05-09 14:42:18,436 | INFO | Heartbeat | watch=KXBTC15M-26MAY091445-45 yes_bid=1 yes_ask=1 no_bid=99 no_ask=99 book_ready=True position=False pending=False dry_run=False trust=synced run_id=71ef5a81-f388-4c83-bc61-d4a8b86af06d
2026-05-09 14:42:33,859 | INFO | Heartbeat | watch=KXBTC15M-26MAY091445-45 yes_bid=0 yes_ask=0 no_bid=100 no_ask=100 book_ready=True position=False pending=False dry_run=False trust=synced run_id=71ef5a81-f388-4c83-bc61-d4a8b86af06d
2026-05-09 14:42:48,936 | INFO | Heartbeat | watch=KXBTC15M-26MAY091445-45 yes_bid=0 yes_ask=0 no_bid=100 no_ask=100 book_ready=True position=False pending=False dry_run=False trust=synced run_id=71ef5a81-f388-4c83-bc61-d4a8b86af06d
2026-05-09 14:43:03,952 | INFO | Heartbeat | watch=KXBTC15M-26MAY091445-45 yes_bid=0 yes_ask=0 no_bid=100 no_ask=100 book_ready=True position=False pending=False dry_run=False trust=synced run_id=71ef5a81-f388-4c83-bc61-d4a8b86af06d
2026-05-09 14:43:19,023 | INFO | Heartbeat | watch=KXBTC15M-26MAY091445-45 yes_bid=0 yes_ask=0 no_bid=100 no_ask=100 book_ready=True position=False pending=False dry_run=False trust=synced run_id=71ef5a81-f388-4c83-bc61-d4a8b86af06d
2026-05-09 14:43:34,149 | INFO | Heartbeat | watch=KXBTC15M-26MAY091445-45 yes_bid=0 yes_ask=0 no_bid=100 no_ask=100 book_ready=True position=False pending=False dry_run=False trust=synced run_id=71ef5a81-f388-4c83-bc61-d4a8b86af06d
2026-05-09 14:43:49,225 | INFO | Heartbeat | watch=KXBTC15M-26MAY091445-45 yes_bid=0 yes_ask=1 no_bid=99 no_ask=100 book_ready=True position=False pending=False dry_run=False trust=synced run_id=71ef5a81-f388-4c83-bc61-d4a8b86af06d
2026-05-09 14:44:04,342 | INFO | Heartbeat | watch=KXBTC15M-26MAY091445-45 yes_bid=0 yes_ask=0 no_bid=100 no_ask=100 book_ready=True position=False pending=False dry_run=False trust=synced run_id=71ef5a81-f388-4c83-bc61-d4a8b86af06d
2026-05-09 14:44:19,378 | INFO | Heartbeat | watch=KXBTC15M-26MAY091445-45 yes_bid=0 yes_ask=0 no_bid=100 no_ask=100 book_ready=True position=False pending=False dry_run=False trust=synced run_id=71ef5a81-f388-4c83-bc61-d4a8b86af06d
2026-05-09 14:44:34,641 | INFO | Heartbeat | watch=KXBTC15M-26MAY091445-45 yes_bid=0 yes_ask=0 no_bid=100 no_ask=100 book_ready=True position=False pending=False dry_run=False trust=synced run_id=71ef5a81-f388-4c83-bc61-d4a8b86af06d
2026-05-09 14:44:49,756 | INFO | Heartbeat | watch=KXBTC15M-26MAY091445-45 yes_bid=0 yes_ask=0 no_bid=100 no_ask=100 book_ready=True position=False pending=False dry_run=False trust=synced run_id=71ef5a81-f388-4c83-bc61-d4a8b86af06d
2026-05-09 14:45:04,755 | INFO | Heartbeat | watch=KXBTC15M-26MAY091445-45 yes_bid=0 yes_ask=100 no_bid=0 no_ask=100 book_ready=True position=False pending=False dry_run=False trust=synced run_id=71ef5a81-f388-4c83-bc61-d4a8b86af06d
2026-05-09 14:45:05,546 | INFO | Orderbook snapshot ready for KXBTC15M-26MAY091445-45
2026-05-09 14:45:19,778 | INFO | Heartbeat | watch=KXBTC15M-26MAY091445-45 yes_bid=0 yes_ask=100 no_bid=0 no_ask=100 book_ready=True position=False pending=False dry_run=False trust=synced run_id=71ef5a81-f388-4c83-bc61-d4a8b86af06d
2026-05-09 14:45:33,456 | INFO | Watching market KXBTC15M-26MAY091500-00 close_time=2026-05-09T19:00:00Z status=active strike=80902.01 run_id=71ef5a81-f388-4c83-bc61-d4a8b86af06d
2026-05-09 14:45:33,652 | INFO | WS connected for KXBTC15M-26MAY091500-00
2026-05-09 14:45:33,689 | INFO | WS subscribed payload: {'type': 'subscribed', 'id': 7, 'msg': {'channel': 'ticker', 'sid': 1}}
2026-05-09 14:45:33,690 | INFO | WS subscribed payload: {'type': 'subscribed', 'id': 7, 'msg': {'channel': 'orderbook_delta', 'sid': 2}}
2026-05-09 14:45:33,691 | INFO | Orderbook snapshot ready for KXBTC15M-26MAY091500-00
2026-05-09 14:45:35,017 | INFO | Heartbeat | watch=KXBTC15M-26MAY091500-00 yes_bid=41 yes_ask=42 no_bid=58 no_ask=59 book_ready=True position=False pending=False dry_run=False trust=synced run_id=71ef5a81-f388-4c83-bc61-d4a8b86af06d
2026-05-09 14:45:50,843 | INFO | Heartbeat | watch=KXBTC15M-26MAY091500-00 yes_bid=38 yes_ask=39 no_bid=61 no_ask=62 book_ready=True position=False pending=False dry_run=False trust=synced run_id=71ef5a81-f388-4c83-bc61-d4a8b86af06d
2026-05-09 14:46:06,369 | INFO | Heartbeat | watch=KXBTC15M-26MAY091500-00 yes_bid=37 yes_ask=38 no_bid=62 no_ask=63 book_ready=True position=False pending=False dry_run=False trust=synced run_id=71ef5a81-f388-4c83-bc61-d4a8b86af06d
2026-05-09 14:46:20,103 | INFO | Mushroom v28 entry approved | market=KXBTC15M-26MAY091500-00 side=no ask=73c max_buy=77c qty=2 p_side=0.8185 edge=7.355c depth=987.57 btc_age_ms=47.0 secs_to_close=819.98
2026-05-09 14:46:20,199 | INFO | Execution state | market=KXBTC15M-26MAY091500-00 side=no state=eligible reason=pre_filters_disabled trust=synced run_id=71ef5a81-f388-4c83-bc61-d4a8b86af06d
2026-05-09 14:46:20,200 | INFO | Live fill policy approved | market=KXBTC15M-26MAY091500-00 side=no trigger=73c tif=immediate_or_cancel limit=73c depth=987.57 required=3 book_age_ms=0.0 secs_to_close=819.98 reason=single_shot_abundant_depth
2026-05-09 14:46:20,202 | INFO | ENTRY signal | market=KXBTC15M-26MAY091500-00 action=buy side=no trigger=73c limit=73c qty=2 book_ready=True
2026-05-09 14:46:20,203 | INFO | Execution state | market=KXBTC15M-26MAY091500-00 side=no state=submitting reason=single_shot_abundant_depth trust=synced run_id=71ef5a81-f388-4c83-bc61-d4a8b86af06d
2026-05-09 14:46:20,270 | INFO | ENTRY immediate fill | market=KXBTC15M-26MAY091500-00 side=no qty=2 limit=73c
2026-05-09 14:46:20,272 | INFO | Execution state | market=KXBTC15M-26MAY091500-00 side=no state=filled reason=single_shot_abundant_depth trust=synced run_id=71ef5a81-f388-4c83-bc61-d4a8b86af06d
2026-05-09 14:46:20,345 | INFO | Mushroom v28 entry approved | market=KXBTC15M-26MAY091500-00 side=no ask=73c max_buy=76c qty=1 p_side=0.8186 edge=6.857c depth=1037.57 btc_age_ms=265.0 secs_to_close=819.73
2026-05-09 14:46:20,442 | INFO | Execution state | market=KXBTC15M-26MAY091500-00 side=no state=eligible reason=pre_filters_disabled trust=synced run_id=71ef5a81-f388-4c83-bc61-d4a8b86af06d
2026-05-09 14:46:20,442 | INFO | Live fill policy approved | market=KXBTC15M-26MAY091500-00 side=no trigger=73c tif=immediate_or_cancel limit=73c depth=1037.57 required=2 book_age_ms=265.0 secs_to_close=819.73 reason=single_shot_abundant_depth
2026-05-09 14:46:20,445 | INFO | ENTRY signal | market=KXBTC15M-26MAY091500-00 action=buy side=no trigger=73c limit=73c qty=1 book_ready=True
2026-05-09 14:46:20,445 | INFO | Execution state | market=KXBTC15M-26MAY091500-00 side=no state=submitting reason=single_shot_abundant_depth trust=synced run_id=71ef5a81-f388-4c83-bc61-d4a8b86af06d
2026-05-09 14:46:20,492 | INFO | ENTRY immediate fill | market=KXBTC15M-26MAY091500-00 side=no qty=1 limit=73c
2026-05-09 14:46:20,493 | INFO | Execution state | market=KXBTC15M-26MAY091500-00 side=no state=filled reason=single_shot_abundant_depth trust=synced run_id=71ef5a81-f388-4c83-bc61-d4a8b86af06d
2026-05-09 14:46:21,373 | INFO | Heartbeat | watch=KXBTC15M-26MAY091500-00 yes_bid=28 yes_ask=30 no_bid=70 no_ask=72 book_ready=True position=True pending=False dry_run=False trust=synced run_id=71ef5a81-f388-4c83-bc61-d4a8b86af06d
2026-05-09 14:46:36,364 | INFO | Heartbeat | watch=KXBTC15M-26MAY091500-00 yes_bid=38 yes_ask=40 no_bid=60 no_ask=62 book_ready=True position=True pending=False dry_run=False trust=synced run_id=71ef5a81-f388-4c83-bc61-d4a8b86af06d
2026-05-09 14:46:51,763 | INFO | EXIT signal | market=KXBTC15M-26MAY091500-00 action=sell side=no trigger=62c limit=62c qty=3 book_ready=True mode=single_shot_ioc slices=1 attempt=0
2026-05-09 14:46:51,771 | INFO | Latency | purpose=exit feed_age_ms=758.8 local_reaction_ms=1093.0 trigger_seen_at=2026-05-09T18:46:51.771987+00:00 market_msg_time=2026-05-09T18:46:51.013153Z
2026-05-09 14:46:51,771 | INFO | Exit plan approved | market=KXBTC15M-26MAY091500-00 side=no trigger=62c limit=62c top_bid=62 depth=100.00 required=3 book_age_ms=16.0 secs_to_close=789.31 reason=mushroom_v28_probability_collapse_full_single_shot_visible_depth mode=single_shot_ioc attempt=0
2026-05-09 14:46:51,776 | INFO | Heartbeat | watch=KXBTC15M-26MAY091500-00 yes_bid=37 yes_ask=38 no_bid=62 no_ask=63 book_ready=True position=True pending=False dry_run=False trust=synced run_id=71ef5a81-f388-4c83-bc61-d4a8b86af06d
2026-05-09 14:46:51,822 | INFO | EXIT fill | market=KXBTC15M-26MAY091500-00 side=no slice=1/1 qty=3 cumulative=3/3 remaining=0
2026-05-09 14:47:07,044 | INFO | Heartbeat | watch=KXBTC15M-26MAY091500-00 yes_bid=35 yes_ask=36 no_bid=64 no_ask=65 book_ready=True position=False pending=False dry_run=False trust=synced run_id=71ef5a81-f388-4c83-bc61-d4a8b86af06d
2026-05-09 14:47:22,101 | INFO | Heartbeat | watch=KXBTC15M-26MAY091500-00 yes_bid=33 yes_ask=34 no_bid=66 no_ask=67 book_ready=True position=False pending=False dry_run=False trust=synced run_id=71ef5a81-f388-4c83-bc61-d4a8b86af06d
2026-05-09 14:47:37,108 | INFO | Heartbeat | watch=KXBTC15M-26MAY091500-00 yes_bid=31 yes_ask=32 no_bid=68 no_ask=69 book_ready=True position=False pending=False dry_run=False trust=synced run_id=71ef5a81-f388-4c83-bc61-d4a8b86af06d
2026-05-09 14:47:52,367 | INFO | Heartbeat | watch=KXBTC15M-26MAY091500-00 yes_bid=35 yes_ask=39 no_bid=61 no_ask=65 book_ready=True position=False pending=False dry_run=False trust=synced run_id=71ef5a81-f388-4c83-bc61-d4a8b86af06d
2026-05-09 14:48:07,450 | INFO | Heartbeat | watch=KXBTC15M-26MAY091500-00 yes_bid=43 yes_ask=44 no_bid=56 no_ask=57 book_ready=True position=False pending=False dry_run=False trust=synced run_id=71ef5a81-f388-4c83-bc61-d4a8b86af06d
2026-05-09 14:48:22,636 | INFO | Heartbeat | watch=KXBTC15M-26MAY091500-00 yes_bid=42 yes_ask=43 no_bid=57 no_ask=58 book_ready=True position=False pending=False dry_run=False trust=synced run_id=71ef5a81-f388-4c83-bc61-d4a8b86af06d
2026-05-09 14:48:37,781 | INFO | Heartbeat | watch=KXBTC15M-26MAY091500-00 yes_bid=48 yes_ask=49 no_bid=51 no_ask=52 book_ready=True position=False pending=False dry_run=False trust=synced run_id=71ef5a81-f388-4c83-bc61-d4a8b86af06d
2026-05-09 14:48:52,827 | INFO | Heartbeat | watch=KXBTC15M-26MAY091500-00 yes_bid=44 yes_ask=45 no_bid=55 no_ask=56 book_ready=True position=False pending=False dry_run=False trust=synced run_id=71ef5a81-f388-4c83-bc61-d4a8b86af06d
2026-05-09 14:49:07,933 | INFO | Heartbeat | watch=KXBTC15M-26MAY091500-00 yes_bid=31 yes_ask=32 no_bid=68 no_ask=69 book_ready=True position=False pending=False dry_run=False trust=synced run_id=71ef5a81-f388-4c83-bc61-d4a8b86af06d
2026-05-09 14:49:23,498 | INFO | Heartbeat | watch=KXBTC15M-26MAY091500-00 yes_bid=41 yes_ask=42 no_bid=58 no_ask=59 book_ready=True position=False pending=False dry_run=False trust=synced run_id=71ef5a81-f388-4c83-bc61-d4a8b86af06d
2026-05-09 14:49:38,564 | INFO | Heartbeat | watch=KXBTC15M-26MAY091500-00 yes_bid=42 yes_ask=43 no_bid=57 no_ask=58 book_ready=True position=False pending=False dry_run=False trust=synced run_id=71ef5a81-f388-4c83-bc61-d4a8b86af06d
2026-05-09 14:49:53,886 | INFO | Heartbeat | watch=KXBTC15M-26MAY091500-00 yes_bid=42 yes_ask=43 no_bid=57 no_ask=58 book_ready=True position=False pending=False dry_run=False trust=synced run_id=71ef5a81-f388-4c83-bc61-d4a8b86af06d
2026-05-09 14:50:09,212 | INFO | Heartbeat | watch=KXBTC15M-26MAY091500-00 yes_bid=43 yes_ask=44 no_bid=56 no_ask=57 book_ready=True position=False pending=False dry_run=False trust=synced run_id=71ef5a81-f388-4c83-bc61-d4a8b86af06d
2026-05-09 14:50:24,243 | INFO | Heartbeat | watch=KXBTC15M-26MAY091500-00 yes_bid=41 yes_ask=42 no_bid=58 no_ask=59 book_ready=True position=False pending=False dry_run=False trust=synced run_id=71ef5a81-f388-4c83-bc61-d4a8b86af06d
2026-05-09 14:50:39,357 | INFO | Heartbeat | watch=KXBTC15M-26MAY091500-00 yes_bid=38 yes_ask=39 no_bid=61 no_ask=62 book_ready=True position=False pending=False dry_run=False trust=synced run_id=71ef5a81-f388-4c83-bc61-d4a8b86af06d
2026-05-09 14:50:54,402 | INFO | Heartbeat | watch=KXBTC15M-26MAY091500-00 yes_bid=38 yes_ask=39 no_bid=61 no_ask=62 book_ready=True position=False pending=False dry_run=False trust=synced run_id=71ef5a81-f388-4c83-bc61-d4a8b86af06d
2026-05-09 14:51:09,755 | INFO | Heartbeat | watch=KXBTC15M-26MAY091500-00 yes_bid=44 yes_ask=45 no_bid=55 no_ask=56 book_ready=True position=False pending=False dry_run=False trust=synced run_id=71ef5a81-f388-4c83-bc61-d4a8b86af06d
2026-05-09 14:51:24,907 | INFO | Heartbeat | watch=KXBTC15M-26MAY091500-00 yes_bid=41 yes_ask=42 no_bid=58 no_ask=59 book_ready=True position=False pending=False dry_run=False trust=synced run_id=71ef5a81-f388-4c83-bc61-d4a8b86af06d
2026-05-09 14:51:40,359 | INFO | Heartbeat | watch=KXBTC15M-26MAY091500-00 yes_bid=42 yes_ask=44 no_bid=56 no_ask=58 book_ready=True position=False pending=False dry_run=False trust=synced run_id=71ef5a81-f388-4c83-bc61-d4a8b86af06d
2026-05-09 14:51:56,143 | INFO | Heartbeat | watch=KXBTC15M-26MAY091500-00 yes_bid=41 yes_ask=42 no_bid=58 no_ask=59 book_ready=True position=False pending=False dry_run=False trust=synced run_id=71ef5a81-f388-4c83-bc61-d4a8b86af06d
2026-05-09 14:52:11,468 | INFO | Heartbeat | watch=KXBTC15M-26MAY091500-00 yes_bid=41 yes_ask=42 no_bid=58 no_ask=59 book_ready=True position=False pending=False dry_run=False trust=synced run_id=71ef5a81-f388-4c83-bc61-d4a8b86af06d
2026-05-09 14:52:26,777 | INFO | Heartbeat | watch=KXBTC15M-26MAY091500-00 yes_bid=39 yes_ask=41 no_bid=59 no_ask=61 book_ready=True position=False pending=False dry_run=False trust=synced run_id=71ef5a81-f388-4c83-bc61-d4a8b86af06d
2026-05-09 14:52:41,896 | INFO | Heartbeat | watch=KXBTC15M-26MAY091500-00 yes_bid=39 yes_ask=42 no_bid=58 no_ask=61 book_ready=True position=False pending=False dry_run=False trust=synced run_id=71ef5a81-f388-4c83-bc61-d4a8b86af06d
2026-05-09 14:52:57,549 | INFO | Heartbeat | watch=KXBTC15M-26MAY091500-00 yes_bid=39 yes_ask=40 no_bid=60 no_ask=61 book_ready=True position=False pending=False dry_run=False trust=synced run_id=71ef5a81-f388-4c83-bc61-d4a8b86af06d
2026-05-09 14:53:12,583 | INFO | Heartbeat | watch=KXBTC15M-26MAY091500-00 yes_bid=59 yes_ask=60 no_bid=40 no_ask=41 book_ready=True position=False pending=False dry_run=False trust=synced run_id=71ef5a81-f388-4c83-bc61-d4a8b86af06d
2026-05-09 14:53:27,639 | INFO | Heartbeat | watch=KXBTC15M-26MAY091500-00 yes_bid=64 yes_ask=65 no_bid=35 no_ask=36 book_ready=True position=False pending=False dry_run=False trust=synced run_id=71ef5a81-f388-4c83-bc61-d4a8b86af06d
2026-05-09 14:53:42,807 | INFO | Heartbeat | watch=KXBTC15M-26MAY091500-00 yes_bid=59 yes_ask=60 no_bid=40 no_ask=41 book_ready=True position=False pending=False dry_run=False trust=synced run_id=71ef5a81-f388-4c83-bc61-d4a8b86af06d
2026-05-09 14:53:57,943 | INFO | Heartbeat | watch=KXBTC15M-26MAY091500-00 yes_bid=47 yes_ask=48 no_bid=52 no_ask=53 book_ready=True position=False pending=False dry_run=False trust=synced run_id=71ef5a81-f388-4c83-bc61-d4a8b86af06d
2026-05-09 14:54:13,014 | INFO | Heartbeat | watch=KXBTC15M-26MAY091500-00 yes_bid=48 yes_ask=49 no_bid=51 no_ask=52 book_ready=True position=False pending=False dry_run=False trust=synced run_id=71ef5a81-f388-4c83-bc61-d4a8b86af06d
2026-05-09 14:54:28,039 | INFO | Heartbeat | watch=KXBTC15M-26MAY091500-00 yes_bid=49 yes_ask=50 no_bid=50 no_ask=51 book_ready=True position=False pending=False dry_run=False trust=synced run_id=71ef5a81-f388-4c83-bc61-d4a8b86af06d
2026-05-09 14:54:43,458 | INFO | Heartbeat | watch=KXBTC15M-26MAY091500-00 yes_bid=41 yes_ask=42 no_bid=58 no_ask=59 book_ready=True position=False pending=False dry_run=False trust=synced run_id=71ef5a81-f388-4c83-bc61-d4a8b86af06d
2026-05-09 14:54:58,861 | INFO | Heartbeat | watch=KXBTC15M-26MAY091500-00 yes_bid=43 yes_ask=44 no_bid=56 no_ask=57 book_ready=True position=False pending=False dry_run=False trust=synced run_id=71ef5a81-f388-4c83-bc61-d4a8b86af06d
2026-05-09 14:55:13,941 | INFO | Heartbeat | watch=KXBTC15M-26MAY091500-00 yes_bid=43 yes_ask=45 no_bid=55 no_ask=57 book_ready=True position=False pending=False dry_run=False trust=synced run_id=71ef5a81-f388-4c83-bc61-d4a8b86af06d
2026-05-09 14:55:29,042 | INFO | Heartbeat | watch=KXBTC15M-26MAY091500-00 yes_bid=40 yes_ask=42 no_bid=58 no_ask=60 book_ready=True position=False pending=False dry_run=False trust=synced run_id=71ef5a81-f388-4c83-bc61-d4a8b86af06d
2026-05-09 14:55:44,171 | INFO | Heartbeat | watch=KXBTC15M-26MAY091500-00 yes_bid=38 yes_ask=39 no_bid=61 no_ask=62 book_ready=True position=False pending=False dry_run=False trust=synced run_id=71ef5a81-f388-4c83-bc61-d4a8b86af06d
2026-05-09 14:55:59,217 | INFO | Heartbeat | watch=KXBTC15M-26MAY091500-00 yes_bid=34 yes_ask=35 no_bid=65 no_ask=66 book_ready=True position=False pending=False dry_run=False trust=synced run_id=71ef5a81-f388-4c83-bc61-d4a8b86af06d
2026-05-09 14:56:14,438 | INFO | Heartbeat | watch=KXBTC15M-26MAY091500-00 yes_bid=23 yes_ask=24 no_bid=76 no_ask=77 book_ready=True position=False pending=False dry_run=False trust=synced run_id=71ef5a81-f388-4c83-bc61-d4a8b86af06d
2026-05-09 14:56:29,731 | INFO | Heartbeat | watch=KXBTC15M-26MAY091500-00 yes_bid=22 yes_ask=23 no_bid=77 no_ask=78 book_ready=True position=False pending=False dry_run=False trust=synced run_id=71ef5a81-f388-4c83-bc61-d4a8b86af06d
2026-05-09 14:56:44,998 | INFO | Heartbeat | watch=KXBTC15M-26MAY091500-00 yes_bid=23 yes_ask=24 no_bid=76 no_ask=77 book_ready=True position=False pending=False dry_run=False trust=synced run_id=71ef5a81-f388-4c83-bc61-d4a8b86af06d
2026-05-09 14:57:00,227 | INFO | Heartbeat | watch=KXBTC15M-26MAY091500-00 yes_bid=21 yes_ask=22 no_bid=78 no_ask=79 book_ready=True position=False pending=False dry_run=False trust=synced run_id=71ef5a81-f388-4c83-bc61-d4a8b86af06d
2026-05-09 14:57:15,487 | INFO | Heartbeat | watch=KXBTC15M-26MAY091500-00 yes_bid=22 yes_ask=23 no_bid=77 no_ask=78 book_ready=True position=False pending=False dry_run=False trust=synced run_id=71ef5a81-f388-4c83-bc61-d4a8b86af06d
2026-05-09 14:57:31,229 | INFO | Heartbeat | watch=KXBTC15M-26MAY091500-00 yes_bid=19 yes_ask=20 no_bid=80 no_ask=81 book_ready=True position=False pending=False dry_run=False trust=synced run_id=71ef5a81-f388-4c83-bc61-d4a8b86af06d
2026-05-09 14:57:46,571 | INFO | Heartbeat | watch=KXBTC15M-26MAY091500-00 yes_bid=19 yes_ask=20 no_bid=80 no_ask=81 book_ready=True position=False pending=False dry_run=False trust=synced run_id=71ef5a81-f388-4c83-bc61-d4a8b86af06d
2026-05-09 14:57:52,545 | ERROR | Main loop recoverable error | watch=KXBTC15M-26MAY091500-00 trust=synced run_id=71ef5a81-f388-4c83-bc61-d4a8b86af06d error=[WinError 5] Access is denied: 'C:\\Users\\organ\\Desktop\\KALSHI PROBABILITY MODEL BOT\\state\\live_mushroom_v28_common_clock_phi_reward_memory_size2_live\\tmpmu6o17rh' -> 'C:\\Users\\organ\\Desktop\\KALSHI PROBABILITY MODEL BOT\\state\\live_mushroom_v28_common_clock_phi_reward_memory_size2_live\\v28_phi_reward_memory_state.json'
Traceback (most recent call last):
  File "C:\Users\organ\Desktop\KALSHI PROBABILITY MODEL BOT\kalshi_btc15m_bot_ws.py", line 2500, in run
    await self.maybe_check_entry()
  File "C:\Users\organ\Desktop\KALSHI PROBABILITY MODEL BOT\kalshi_btc15m_bot_ws.py", line 3709, in maybe_check_entry
    signal = self.detect_entry_signal()
             ^^^^^^^^^^^^^^^^^^^^^^^^^^
  File "C:\Users\organ\Desktop\KALSHI PROBABILITY MODEL BOT\kalshi_btc15m_bot_ws.py", line 5136, in detect_entry_signal
    return self.detect_mushroom_v28_entry_signal()
           ^^^^^^^^^^^^^^^^^^^^^^^^^^^^^^^^^^^^^^^
  File "C:\Users\organ\Desktop\KALSHI PROBABILITY MODEL BOT\kalshi_btc15m_bot_ws.py", line 4747, in detect_mushroom_v28_entry_signal
    fields = self.build_mushroom_v28_decision_fields(
             ^^^^^^^^^^^^^^^^^^^^^^^^^^^^^^^^^^^^^^^^
  File "C:\Users\organ\Desktop\KALSHI PROBABILITY MODEL BOT\kalshi_btc15m_bot_ws.py", line 4650, in build_mushroom_v28_decision_fields
    fields = self.mushroom_v28_phi_memory.apply_entry(
             ^^^^^^^^^^^^^^^^^^^^^^^^^^^^^^^^^^^^^^^^^
  File "C:\Users\organ\Desktop\KALSHI PROBABILITY MODEL BOT\v28_phi_reward_memory.py", line 508, in apply_entry
    self._record_pending_decision(
  File "C:\Users\organ\Desktop\KALSHI PROBABILITY MODEL BOT\v28_phi_reward_memory.py", line 652, in _record_pending_decision
    self.save()
  File "C:\Users\organ\Desktop\KALSHI PROBABILITY MODEL BOT\v28_phi_reward_memory.py", line 202, in save
    os.replace(tmp_path, self.state_path)
PermissionError: [WinError 5] Access is denied: 'C:\\Users\\organ\\Desktop\\KALSHI PROBABILITY MODEL BOT\\state\\live_mushroom_v28_common_clock_phi_reward_memory_size2_live\\tmpmu6o17rh' -> 'C:\\Users\\organ\\Desktop\\KALSHI PROBABILITY MODEL BOT\\state\\live_mushroom_v28_common_clock_phi_reward_memory_size2_live\\v28_phi_reward_memory_state.json'
2026-05-09 14:57:59,860 | INFO | Mushroom v28 entry approved | market=KXBTC15M-26MAY091500-00 side=yes ask=13c max_buy=14c qty=2 p_side=0.1826 edge=4.262c depth=457.69 btc_age_ms=0.0 secs_to_close=120.25
2026-05-09 14:57:59,902 | INFO | Execution state | market=KXBTC15M-26MAY091500-00 side=yes state=eligible reason=pre_filters_disabled trust=synced run_id=71ef5a81-f388-4c83-bc61-d4a8b86af06d
2026-05-09 14:57:59,902 | INFO | Execution deferred | market=KXBTC15M-26MAY091500-00 side=yes reason=missing_account_state trigger=13 top_of_book=13 book=[13:457.69, 14:395.48, 15:90, 16:1506.5, 17:82] trust=synced
2026-05-09 14:57:59,903 | INFO | Execution state | market=KXBTC15M-26MAY091500-00 side=yes state=abandoned reason=missing_account_state trust=synced run_id=71ef5a81-f388-4c83-bc61-d4a8b86af06d
2026-05-09 14:58:00,061 | INFO | Mushroom v28 entry approved | market=KXBTC15M-26MAY091500-00 side=yes ask=13c max_buy=13c qty=2 p_side=0.1791 edge=3.906c depth=500.69 btc_age_ms=156.0 secs_to_close=120.09
2026-05-09 14:58:00,166 | INFO | Execution state | market=KXBTC15M-26MAY091500-00 side=yes state=eligible reason=pre_filters_disabled trust=synced run_id=71ef5a81-f388-4c83-bc61-d4a8b86af06d
2026-05-09 14:58:00,168 | INFO | Live fill policy approved | market=KXBTC15M-26MAY091500-00 side=yes trigger=13c tif=immediate_or_cancel limit=13c depth=500.69 required=3 book_age_ms=156.0 secs_to_close=120.09 reason=single_shot_abundant_depth
2026-05-09 14:58:00,169 | INFO | ENTRY signal | market=KXBTC15M-26MAY091500-00 action=buy side=yes trigger=13c limit=13c qty=2 book_ready=True
2026-05-09 14:58:00,170 | INFO | Execution state | market=KXBTC15M-26MAY091500-00 side=yes state=submitting reason=single_shot_abundant_depth trust=synced run_id=71ef5a81-f388-4c83-bc61-d4a8b86af06d
2026-05-09 14:58:00,217 | INFO | ENTRY immediate fill | market=KXBTC15M-26MAY091500-00 side=yes qty=2 limit=13c
2026-05-09 14:58:00,218 | INFO | Execution state | market=KXBTC15M-26MAY091500-00 side=yes state=filled reason=single_shot_abundant_depth trust=synced run_id=71ef5a81-f388-4c83-bc61-d4a8b86af06d
2026-05-09 14:58:01,643 | INFO | Heartbeat | watch=KXBTC15M-26MAY091500-00 yes_bid=11 yes_ask=12 no_bid=88 no_ask=89 book_ready=True position=True pending=False dry_run=False trust=synced run_id=71ef5a81-f388-4c83-bc61-d4a8b86af06d
2026-05-09 14:58:16,708 | INFO | Heartbeat | watch=KXBTC15M-26MAY091500-00 yes_bid=9 yes_ask=9 no_bid=91 no_ask=91 book_ready=True position=True pending=False dry_run=False trust=synced run_id=71ef5a81-f388-4c83-bc61-d4a8b86af06d
2026-05-09 14:58:31,845 | INFO | Heartbeat | watch=KXBTC15M-26MAY091500-00 yes_bid=7 yes_ask=7 no_bid=93 no_ask=93 book_ready=True position=True pending=False dry_run=False trust=synced run_id=71ef5a81-f388-4c83-bc61-d4a8b86af06d
2026-05-09 14:58:46,866 | INFO | Heartbeat | watch=KXBTC15M-26MAY091500-00 yes_bid=4 yes_ask=4 no_bid=96 no_ask=96 book_ready=True position=True pending=False dry_run=False trust=synced run_id=71ef5a81-f388-4c83-bc61-d4a8b86af06d
2026-05-09 14:59:01,906 | INFO | Heartbeat | watch=KXBTC15M-26MAY091500-00 yes_bid=2 yes_ask=3 no_bid=97 no_ask=98 book_ready=True position=True pending=False dry_run=False trust=synced run_id=71ef5a81-f388-4c83-bc61-d4a8b86af06d
2026-05-09 14:59:16,916 | INFO | Heartbeat | watch=KXBTC15M-26MAY091500-00 yes_bid=20 yes_ask=21 no_bid=79 no_ask=80 book_ready=True position=True pending=False dry_run=False trust=synced run_id=71ef5a81-f388-4c83-bc61-d4a8b86af06d
2026-05-09 14:59:32,068 | INFO | Heartbeat | watch=KXBTC15M-26MAY091500-00 yes_bid=2 yes_ask=2 no_bid=98 no_ask=98 book_ready=True position=True pending=False dry_run=False trust=synced run_id=71ef5a81-f388-4c83-bc61-d4a8b86af06d
2026-05-09 14:59:47,159 | INFO | Heartbeat | watch=KXBTC15M-26MAY091500-00 yes_bid=0 yes_ask=1 no_bid=99 no_ask=100 book_ready=True position=True pending=False dry_run=False trust=synced run_id=71ef5a81-f388-4c83-bc61-d4a8b86af06d
2026-05-09 15:00:02,162 | INFO | Heartbeat | watch=KXBTC15M-26MAY091500-00 yes_bid=0 yes_ask=100 no_bid=0 no_ask=100 book_ready=True position=True pending=False dry_run=False trust=synced run_id=71ef5a81-f388-4c83-bc61-d4a8b86af06d
2026-05-09 15:00:05,097 | WARNING | Closed market KXBTC15M-26MAY091500-00 still reports a nonzero live account position, but the market is already past the settlement grace window. Clearing position state and advancing anyway.
2026-05-09 15:00:05,195 | INFO | Watching market KXBTC15M-26MAY091515-15 close_time=2026-05-09T19:15:00Z status=active strike=80895.61 run_id=71ef5a81-f388-4c83-bc61-d4a8b86af06d
2026-05-09 15:00:05,392 | INFO | WS connected for KXBTC15M-26MAY091515-15
2026-05-09 15:00:05,426 | INFO | WS subscribed payload: {'type': 'subscribed', 'id': 8, 'msg': {'channel': 'ticker', 'sid': 1}}
2026-05-09 15:00:05,427 | INFO | WS subscribed payload: {'type': 'subscribed', 'id': 8, 'msg': {'channel': 'orderbook_delta', 'sid': 2}}
2026-05-09 15:00:05,429 | INFO | Orderbook snapshot ready for KXBTC15M-26MAY091515-15
2026-05-09 15:00:17,629 | INFO | Heartbeat | watch=KXBTC15M-26MAY091515-15 yes_bid=55 yes_ask=56 no_bid=44 no_ask=45 book_ready=True position=False pending=False dry_run=False trust=synced run_id=71ef5a81-f388-4c83-bc61-d4a8b86af06d
2026-05-09 15:00:32,772 | INFO | Heartbeat | watch=KXBTC15M-26MAY091515-15 yes_bid=63 yes_ask=64 no_bid=36 no_ask=37 book_ready=True position=False pending=False dry_run=False trust=synced run_id=71ef5a81-f388-4c83-bc61-d4a8b86af06d
2026-05-09 15:00:48,660 | INFO | Heartbeat | watch=KXBTC15M-26MAY091515-15 yes_bid=66 yes_ask=67 no_bid=33 no_ask=34 book_ready=True position=False pending=False dry_run=False trust=synced run_id=71ef5a81-f388-4c83-bc61-d4a8b86af06d
2026-05-09 15:01:04,255 | INFO | Heartbeat | watch=KXBTC15M-26MAY091515-15 yes_bid=58 yes_ask=59 no_bid=41 no_ask=42 book_ready=True position=False pending=False dry_run=False trust=synced run_id=71ef5a81-f388-4c83-bc61-d4a8b86af06d
2026-05-09 15:01:19,454 | INFO | Heartbeat | watch=KXBTC15M-26MAY091515-15 yes_bid=57 yes_ask=58 no_bid=42 no_ask=43 book_ready=True position=False pending=False dry_run=False trust=synced run_id=71ef5a81-f388-4c83-bc61-d4a8b86af06d
2026-05-09 15:01:34,903 | INFO | Heartbeat | watch=KXBTC15M-26MAY091515-15 yes_bid=57 yes_ask=58 no_bid=42 no_ask=43 book_ready=True position=False pending=False dry_run=False trust=synced run_id=71ef5a81-f388-4c83-bc61-d4a8b86af06d
2026-05-09 15:01:50,203 | INFO | Heartbeat | watch=KXBTC15M-26MAY091515-15 yes_bid=54 yes_ask=55 no_bid=45 no_ask=46 book_ready=True position=False pending=False dry_run=False trust=synced run_id=71ef5a81-f388-4c83-bc61-d4a8b86af06d
2026-05-09 15:02:05,538 | INFO | Heartbeat | watch=KXBTC15M-26MAY091515-15 yes_bid=55 yes_ask=56 no_bid=44 no_ask=45 book_ready=True position=False pending=False dry_run=False trust=synced run_id=71ef5a81-f388-4c83-bc61-d4a8b86af06d
2026-05-09 15:02:20,941 | INFO | Heartbeat | watch=KXBTC15M-26MAY091515-15 yes_bid=57 yes_ask=58 no_bid=42 no_ask=43 book_ready=True position=False pending=False dry_run=False trust=synced run_id=71ef5a81-f388-4c83-bc61-d4a8b86af06d
2026-05-09 15:02:36,088 | INFO | Heartbeat | watch=KXBTC15M-26MAY091515-15 yes_bid=59 yes_ask=60 no_bid=40 no_ask=41 book_ready=True position=False pending=False dry_run=False trust=synced run_id=71ef5a81-f388-4c83-bc61-d4a8b86af06d
2026-05-09 15:02:51,760 | INFO | Heartbeat | watch=KXBTC15M-26MAY091515-15 yes_bid=59 yes_ask=60 no_bid=40 no_ask=41 book_ready=True position=False pending=False dry_run=False trust=synced run_id=71ef5a81-f388-4c83-bc61-d4a8b86af06d
2026-05-09 15:03:07,378 | INFO | Heartbeat | watch=KXBTC15M-26MAY091515-15 yes_bid=64 yes_ask=65 no_bid=35 no_ask=36 book_ready=True position=False pending=False dry_run=False trust=synced run_id=71ef5a81-f388-4c83-bc61-d4a8b86af06d
2026-05-09 15:03:23,049 | INFO | Heartbeat | watch=KXBTC15M-26MAY091515-15 yes_bid=46 yes_ask=47 no_bid=53 no_ask=54 book_ready=True position=False pending=False dry_run=False trust=synced run_id=71ef5a81-f388-4c83-bc61-d4a8b86af06d
2026-05-09 15:03:38,079 | INFO | Heartbeat | watch=KXBTC15M-26MAY091515-15 yes_bid=33 yes_ask=34 no_bid=66 no_ask=67 book_ready=True position=False pending=False dry_run=False trust=synced run_id=71ef5a81-f388-4c83-bc61-d4a8b86af06d
2026-05-09 15:03:53,292 | INFO | Heartbeat | watch=KXBTC15M-26MAY091515-15 yes_bid=33 yes_ask=34 no_bid=66 no_ask=67 book_ready=True position=False pending=False dry_run=False trust=synced run_id=71ef5a81-f388-4c83-bc61-d4a8b86af06d
2026-05-09 15:04:08,828 | INFO | Heartbeat | watch=KXBTC15M-26MAY091515-15 yes_bid=34 yes_ask=35 no_bid=65 no_ask=66 book_ready=True position=False pending=False dry_run=False trust=synced run_id=71ef5a81-f388-4c83-bc61-d4a8b86af06d
2026-05-09 15:04:23,992 | INFO | Heartbeat | watch=KXBTC15M-26MAY091515-15 yes_bid=34 yes_ask=35 no_bid=65 no_ask=66 book_ready=True position=False pending=False dry_run=False trust=synced run_id=71ef5a81-f388-4c83-bc61-d4a8b86af06d
2026-05-09 15:04:39,149 | INFO | Heartbeat | watch=KXBTC15M-26MAY091515-15 yes_bid=32 yes_ask=33 no_bid=67 no_ask=68 book_ready=True position=False pending=False dry_run=False trust=synced run_id=71ef5a81-f388-4c83-bc61-d4a8b86af06d
2026-05-09 15:04:54,248 | INFO | Heartbeat | watch=KXBTC15M-26MAY091515-15 yes_bid=30 yes_ask=31 no_bid=69 no_ask=70 book_ready=True position=False pending=False dry_run=False trust=synced run_id=71ef5a81-f388-4c83-bc61-d4a8b86af06d
2026-05-09 15:05:09,663 | INFO | Heartbeat | watch=KXBTC15M-26MAY091515-15 yes_bid=24 yes_ask=25 no_bid=75 no_ask=76 book_ready=True position=False pending=False dry_run=False trust=synced run_id=71ef5a81-f388-4c83-bc61-d4a8b86af06d
2026-05-09 15:05:24,736 | INFO | Heartbeat | watch=KXBTC15M-26MAY091515-15 yes_bid=39 yes_ask=40 no_bid=60 no_ask=61 book_ready=True position=False pending=False dry_run=False trust=synced run_id=71ef5a81-f388-4c83-bc61-d4a8b86af06d
2026-05-09 15:05:39,982 | INFO | Heartbeat | watch=KXBTC15M-26MAY091515-15 yes_bid=54 yes_ask=56 no_bid=44 no_ask=46 book_ready=True position=False pending=False dry_run=False trust=synced run_id=71ef5a81-f388-4c83-bc61-d4a8b86af06d
2026-05-09 15:05:55,179 | INFO | Heartbeat | watch=KXBTC15M-26MAY091515-15 yes_bid=47 yes_ask=48 no_bid=52 no_ask=53 book_ready=True position=False pending=False dry_run=False trust=synced run_id=71ef5a81-f388-4c83-bc61-d4a8b86af06d
2026-05-09 15:06:10,507 | INFO | Heartbeat | watch=KXBTC15M-26MAY091515-15 yes_bid=47 yes_ask=49 no_bid=51 no_ask=53 book_ready=True position=False pending=False dry_run=False trust=synced run_id=71ef5a81-f388-4c83-bc61-d4a8b86af06d
2026-05-09 15:06:25,600 | INFO | Heartbeat | watch=KXBTC15M-26MAY091515-15 yes_bid=30 yes_ask=31 no_bid=69 no_ask=70 book_ready=True position=False pending=False dry_run=False trust=synced run_id=71ef5a81-f388-4c83-bc61-d4a8b86af06d
2026-05-09 15:06:40,838 | INFO | Heartbeat | watch=KXBTC15M-26MAY091515-15 yes_bid=33 yes_ask=34 no_bid=66 no_ask=67 book_ready=True position=False pending=False dry_run=False trust=synced run_id=71ef5a81-f388-4c83-bc61-d4a8b86af06d
2026-05-09 15:06:55,895 | INFO | Heartbeat | watch=KXBTC15M-26MAY091515-15 yes_bid=30 yes_ask=31 no_bid=69 no_ask=70 book_ready=True position=False pending=False dry_run=False trust=synced run_id=71ef5a81-f388-4c83-bc61-d4a8b86af06d
2026-05-09 15:07:10,961 | INFO | Heartbeat | watch=KXBTC15M-26MAY091515-15 yes_bid=31 yes_ask=32 no_bid=68 no_ask=69 book_ready=True position=False pending=False dry_run=False trust=synced run_id=71ef5a81-f388-4c83-bc61-d4a8b86af06d
2026-05-09 15:07:26,046 | INFO | Heartbeat | watch=KXBTC15M-26MAY091515-15 yes_bid=31 yes_ask=32 no_bid=68 no_ask=69 book_ready=True position=False pending=False dry_run=False trust=synced run_id=71ef5a81-f388-4c83-bc61-d4a8b86af06d
2026-05-09 15:07:36,804 | WARNING | Market reaction error for KXBTC15M-26MAY091515-15: [WinError 5] Access is denied: 'C:\\Users\\organ\\Desktop\\KALSHI PROBABILITY MODEL BOT\\state\\live_mushroom_v28_common_clock_phi_reward_memory_size2_live\\tmpg7hpuad5' -> 'C:\\Users\\organ\\Desktop\\KALSHI PROBABILITY MODEL BOT\\state\\live_mushroom_v28_common_clock_phi_reward_memory_size2_live\\v28_phi_reward_memory_state.json'
2026-05-09 15:07:41,043 | INFO | Heartbeat | watch=KXBTC15M-26MAY091515-15 yes_bid=29 yes_ask=30 no_bid=70 no_ask=71 book_ready=True position=False pending=False dry_run=False trust=synced run_id=71ef5a81-f388-4c83-bc61-d4a8b86af06d
2026-05-09 15:07:56,103 | INFO | Heartbeat | watch=KXBTC15M-26MAY091515-15 yes_bid=28 yes_ask=29 no_bid=71 no_ask=72 book_ready=True position=False pending=False dry_run=False trust=synced run_id=71ef5a81-f388-4c83-bc61-d4a8b86af06d
2026-05-09 15:08:11,321 | INFO | Heartbeat | watch=KXBTC15M-26MAY091515-15 yes_bid=48 yes_ask=50 no_bid=50 no_ask=52 book_ready=True position=False pending=False dry_run=False trust=synced run_id=71ef5a81-f388-4c83-bc61-d4a8b86af06d
2026-05-09 15:08:26,382 | INFO | Heartbeat | watch=KXBTC15M-26MAY091515-15 yes_bid=47 yes_ask=48 no_bid=52 no_ask=53 book_ready=True position=False pending=False dry_run=False trust=synced run_id=71ef5a81-f388-4c83-bc61-d4a8b86af06d
2026-05-09 15:08:41,460 | INFO | Heartbeat | watch=KXBTC15M-26MAY091515-15 yes_bid=46 yes_ask=47 no_bid=53 no_ask=54 book_ready=True position=False pending=False dry_run=False trust=synced run_id=71ef5a81-f388-4c83-bc61-d4a8b86af06d
2026-05-09 15:08:56,801 | INFO | Heartbeat | watch=KXBTC15M-26MAY091515-15 yes_bid=37 yes_ask=38 no_bid=62 no_ask=63 book_ready=True position=False pending=False dry_run=False trust=synced run_id=71ef5a81-f388-4c83-bc61-d4a8b86af06d
2026-05-09 15:09:12,259 | INFO | Heartbeat | watch=KXBTC15M-26MAY091515-15 yes_bid=35 yes_ask=36 no_bid=64 no_ask=65 book_ready=True position=False pending=False dry_run=False trust=synced run_id=71ef5a81-f388-4c83-bc61-d4a8b86af06d
2026-05-09 15:09:27,378 | INFO | Heartbeat | watch=KXBTC15M-26MAY091515-15 yes_bid=33 yes_ask=34 no_bid=66 no_ask=67 book_ready=True position=False pending=False dry_run=False trust=synced run_id=71ef5a81-f388-4c83-bc61-d4a8b86af06d
2026-05-09 15:09:42,527 | INFO | Heartbeat | watch=KXBTC15M-26MAY091515-15 yes_bid=32 yes_ask=33 no_bid=67 no_ask=68 book_ready=True position=False pending=False dry_run=False trust=synced run_id=71ef5a81-f388-4c83-bc61-d4a8b86af06d
2026-05-09 15:09:57,743 | INFO | Heartbeat | watch=KXBTC15M-26MAY091515-15 yes_bid=26 yes_ask=27 no_bid=73 no_ask=74 book_ready=True position=False pending=False dry_run=False trust=synced run_id=71ef5a81-f388-4c83-bc61-d4a8b86af06d
2026-05-09 15:10:12,765 | INFO | Heartbeat | watch=KXBTC15M-26MAY091515-15 yes_bid=14 yes_ask=15 no_bid=85 no_ask=86 book_ready=True position=False pending=False dry_run=False trust=synced run_id=71ef5a81-f388-4c83-bc61-d4a8b86af06d
2026-05-09 15:10:20,219 | INFO | Mushroom v28 entry approved | market=KXBTC15M-26MAY091515-15 side=yes ask=10c max_buy=10c qty=2 p_side=0.1328 edge=2.283c depth=531 btc_age_ms=125.0 secs_to_close=279.90
2026-05-09 15:10:20,282 | INFO | Execution state | market=KXBTC15M-26MAY091515-15 side=yes state=eligible reason=pre_filters_disabled trust=synced run_id=71ef5a81-f388-4c83-bc61-d4a8b86af06d
2026-05-09 15:10:20,290 | INFO | Live fill policy approved | market=KXBTC15M-26MAY091515-15 side=yes trigger=10c tif=immediate_or_cancel limit=10c depth=531.00 required=3 book_age_ms=484.0 secs_to_close=279.90 reason=single_shot_abundant_depth
2026-05-09 15:10:20,290 | INFO | ENTRY signal | market=KXBTC15M-26MAY091515-15 action=buy side=yes trigger=10c limit=10c qty=2 book_ready=True
2026-05-09 15:10:20,290 | INFO | Execution state | market=KXBTC15M-26MAY091515-15 side=yes state=submitting reason=single_shot_abundant_depth trust=synced run_id=71ef5a81-f388-4c83-bc61-d4a8b86af06d
2026-05-09 15:10:20,339 | INFO | ENTRY immediate fill | market=KXBTC15M-26MAY091515-15 side=yes qty=2 limit=10c
2026-05-09 15:10:20,339 | INFO | Execution state | market=KXBTC15M-26MAY091515-15 side=yes state=filled reason=single_shot_abundant_depth trust=synced run_id=71ef5a81-f388-4c83-bc61-d4a8b86af06d
2026-05-09 15:10:21,623 | INFO | Mushroom v28 entry approved | market=KXBTC15M-26MAY091515-15 side=yes ask=9c max_buy=9c qty=1 p_side=0.1259 edge=2.588c depth=131 btc_age_ms=547.0 secs_to_close=278.43
2026-05-09 15:10:21,698 | INFO | Execution state | market=KXBTC15M-26MAY091515-15 side=yes state=eligible reason=pre_filters_disabled trust=synced run_id=71ef5a81-f388-4c83-bc61-d4a8b86af06d
2026-05-09 15:10:21,698 | INFO | Live fill policy approved | market=KXBTC15M-26MAY091515-15 side=yes trigger=9c tif=immediate_or_cancel limit=9c depth=131.00 required=2 book_age_ms=0.0 secs_to_close=278.43 reason=single_shot_abundant_depth
2026-05-09 15:10:21,698 | INFO | ENTRY signal | market=KXBTC15M-26MAY091515-15 action=buy side=yes trigger=9c limit=9c qty=1 book_ready=True
2026-05-09 15:10:21,698 | INFO | Execution state | market=KXBTC15M-26MAY091515-15 side=yes state=submitting reason=single_shot_abundant_depth trust=synced run_id=71ef5a81-f388-4c83-bc61-d4a8b86af06d
2026-05-09 15:10:21,739 | INFO | Execution state | market=KXBTC15M-26MAY091515-15 side=yes state=abandoned reason=zero_fill trust=synced run_id=71ef5a81-f388-4c83-bc61-d4a8b86af06d
2026-05-09 15:10:27,824 | INFO | Heartbeat | watch=KXBTC15M-26MAY091515-15 yes_bid=17 yes_ask=18 no_bid=82 no_ask=83 book_ready=True position=True pending=False dry_run=False trust=synced run_id=71ef5a81-f388-4c83-bc61-d4a8b86af06d
2026-05-09 15:10:42,827 | INFO | Heartbeat | watch=KXBTC15M-26MAY091515-15 yes_bid=15 yes_ask=16 no_bid=84 no_ask=85 book_ready=True position=True pending=False dry_run=False trust=synced run_id=71ef5a81-f388-4c83-bc61-d4a8b86af06d
2026-05-09 15:10:51,560 | INFO | EXIT signal | market=KXBTC15M-26MAY091515-15 action=sell side=yes trigger=12c limit=12c qty=2 book_ready=True mode=single_shot_ioc slices=1 attempt=0
2026-05-09 15:10:51,570 | INFO | Latency | purpose=exit feed_age_ms=-261.9 local_reaction_ms=140.0 trigger_seen_at=2026-05-09T19:10:51.570672+00:00 market_msg_time=2026-05-09T19:10:51.832549Z
2026-05-09 15:10:51,570 | INFO | Exit plan approved | market=KXBTC15M-26MAY091515-15 side=yes trigger=12c limit=12c top_bid=12 depth=460.31 required=2 book_age_ms=62.0 secs_to_close=248.51 reason=mushroom_v28_probability_collapse_full_single_shot_visible_depth mode=single_shot_ioc attempt=0
2026-05-09 15:10:51,620 | INFO | EXIT fill | market=KXBTC15M-26MAY091515-15 side=yes slice=1/1 qty=2 cumulative=2/2 remaining=0
2026-05-09 15:10:58,030 | INFO | Heartbeat | watch=KXBTC15M-26MAY091515-15 yes_bid=13 yes_ask=14 no_bid=86 no_ask=87 book_ready=True position=False pending=False dry_run=False trust=synced run_id=71ef5a81-f388-4c83-bc61-d4a8b86af06d
2026-05-09 15:11:07,357 | INFO | Mushroom v28 entry approved | market=KXBTC15M-26MAY091515-15 side=yes ask=11c max_buy=11c qty=2 p_side=0.1476 edge=2.756c depth=622 btc_age_ms=750.0 secs_to_close=232.75
2026-05-09 15:11:07,425 | INFO | Execution state | market=KXBTC15M-26MAY091515-15 side=yes state=eligible reason=pre_filters_disabled trust=synced run_id=71ef5a81-f388-4c83-bc61-d4a8b86af06d
2026-05-09 15:11:07,425 | INFO | Live fill policy approved | market=KXBTC15M-26MAY091515-15 side=yes trigger=11c tif=immediate_or_cancel limit=11c depth=622.00 required=3 book_age_ms=469.0 secs_to_close=232.75 reason=single_shot_abundant_depth
2026-05-09 15:11:07,428 | INFO | ENTRY signal | market=KXBTC15M-26MAY091515-15 action=buy side=yes trigger=11c limit=11c qty=2 book_ready=True
2026-05-09 15:11:07,428 | INFO | Execution state | market=KXBTC15M-26MAY091515-15 side=yes state=submitting reason=single_shot_abundant_depth trust=synced run_id=71ef5a81-f388-4c83-bc61-d4a8b86af06d
2026-05-09 15:11:07,483 | INFO | ENTRY immediate fill | market=KXBTC15M-26MAY091515-15 side=yes qty=2 limit=11c
2026-05-09 15:11:07,483 | INFO | Execution state | market=KXBTC15M-26MAY091515-15 side=yes state=filled reason=single_shot_abundant_depth trust=synced run_id=71ef5a81-f388-4c83-bc61-d4a8b86af06d
2026-05-09 15:11:07,548 | INFO | Mushroom v28 entry approved | market=KXBTC15M-26MAY091515-15 side=yes ask=11c max_buy=11c qty=1 p_side=0.1475 edge=2.752c depth=620 btc_age_ms=31.0 secs_to_close=232.52
2026-05-09 15:11:07,621 | INFO | Execution state | market=KXBTC15M-26MAY091515-15 side=yes state=eligible reason=pre_filters_disabled trust=synced run_id=71ef5a81-f388-4c83-bc61-d4a8b86af06d
2026-05-09 15:11:07,623 | INFO | Live fill policy approved | market=KXBTC15M-26MAY091515-15 side=yes trigger=11c tif=immediate_or_cancel limit=11c depth=620.00 required=2 book_age_ms=46.0 secs_to_close=232.52 reason=single_shot_abundant_depth
2026-05-09 15:11:07,623 | INFO | ENTRY signal | market=KXBTC15M-26MAY091515-15 action=buy side=yes trigger=11c limit=11c qty=1 book_ready=True
2026-05-09 15:11:07,623 | INFO | Execution state | market=KXBTC15M-26MAY091515-15 side=yes state=submitting reason=single_shot_abundant_depth trust=synced run_id=71ef5a81-f388-4c83-bc61-d4a8b86af06d
2026-05-09 15:11:07,670 | INFO | ENTRY immediate fill | market=KXBTC15M-26MAY091515-15 side=yes qty=1 limit=11c
2026-05-09 15:11:07,670 | INFO | Execution state | market=KXBTC15M-26MAY091515-15 side=yes state=filled reason=single_shot_abundant_depth trust=synced run_id=71ef5a81-f388-4c83-bc61-d4a8b86af06d
2026-05-09 15:11:13,048 | INFO | Heartbeat | watch=KXBTC15M-26MAY091515-15 yes_bid=10 yes_ask=11 no_bid=89 no_ask=90 book_ready=True position=True pending=False dry_run=False trust=synced run_id=71ef5a81-f388-4c83-bc61-d4a8b86af06d
2026-05-09 15:11:28,084 | INFO | Heartbeat | watch=KXBTC15M-26MAY091515-15 yes_bid=9 yes_ask=10 no_bid=90 no_ask=91 book_ready=True position=True pending=False dry_run=False trust=synced run_id=71ef5a81-f388-4c83-bc61-d4a8b86af06d
2026-05-09 15:11:38,532 | INFO | EXIT signal | market=KXBTC15M-26MAY091515-15 action=sell side=yes trigger=11c limit=11c qty=3 book_ready=True mode=single_shot_ioc slices=1 attempt=0
2026-05-09 15:11:38,533 | INFO | Latency | purpose=exit feed_age_ms=-276.5 local_reaction_ms=109.0 trigger_seen_at=2026-05-09T19:11:38.533449+00:00 market_msg_time=2026-05-09T19:11:38.809919Z
2026-05-09 15:11:38,534 | INFO | Exit plan approved | market=KXBTC15M-26MAY091515-15 side=yes trigger=11c limit=11c top_bid=11 depth=100.00 required=3 book_age_ms=0.0 secs_to_close=201.58 reason=mushroom_v28_probability_collapse_full_single_shot_visible_depth mode=single_shot_ioc attempt=0
2026-05-09 15:11:39,477 | INFO | EXIT signal | market=KXBTC15M-26MAY091515-15 action=sell side=yes trigger=10c limit=10c qty=3 book_ready=True mode=single_shot_ioc slices=1 attempt=0
2026-05-09 15:11:39,493 | INFO | Latency | purpose=exit feed_age_ms=-327.7 local_reaction_ms=78.0 trigger_seen_at=2026-05-09T19:11:39.493978+00:00 market_msg_time=2026-05-09T19:11:39.821727Z
2026-05-09 15:11:39,493 | INFO | Exit plan approved | market=KXBTC15M-26MAY091515-15 side=yes trigger=10c limit=10c top_bid=10 depth=2569.00 required=3 book_age_ms=0.0 secs_to_close=200.58 reason=mushroom_v28_probability_collapse_full_single_shot_visible_depth mode=single_shot_ioc attempt=0
2026-05-09 15:11:39,543 | INFO | EXIT fill | market=KXBTC15M-26MAY091515-15 side=yes slice=1/1 qty=3 cumulative=3/3 remaining=0
2026-05-09 15:11:43,467 | INFO | Heartbeat | watch=KXBTC15M-26MAY091515-15 yes_bid=12 yes_ask=13 no_bid=87 no_ask=88 book_ready=True position=False pending=False dry_run=False trust=synced run_id=71ef5a81-f388-4c83-bc61-d4a8b86af06d
2026-05-09 15:11:58,989 | INFO | Heartbeat | watch=KXBTC15M-26MAY091515-15 yes_bid=11 yes_ask=12 no_bid=88 no_ask=89 book_ready=True position=False pending=False dry_run=False trust=synced run_id=71ef5a81-f388-4c83-bc61-d4a8b86af06d
2026-05-09 15:12:14,548 | INFO | Heartbeat | watch=KXBTC15M-26MAY091515-15 yes_bid=10 yes_ask=10 no_bid=90 no_ask=90 book_ready=True position=False pending=False dry_run=False trust=synced run_id=71ef5a81-f388-4c83-bc61-d4a8b86af06d
2026-05-09 15:12:27,941 | INFO | Mushroom v28 entry approved | market=KXBTC15M-26MAY091515-15 side=yes ask=8c max_buy=8c qty=2 p_side=0.1141 edge=2.413c depth=111.3 btc_age_ms=0.0 secs_to_close=152.19
2026-05-09 15:12:28,038 | INFO | Execution state | market=KXBTC15M-26MAY091515-15 side=yes state=eligible reason=pre_filters_disabled trust=synced run_id=71ef5a81-f388-4c83-bc61-d4a8b86af06d
2026-05-09 15:12:28,038 | INFO | Live fill policy approved | market=KXBTC15M-26MAY091515-15 side=yes trigger=8c tif=immediate_or_cancel limit=8c depth=111.30 required=3 book_age_ms=0.0 secs_to_close=152.19 reason=single_shot_abundant_depth
2026-05-09 15:12:28,043 | INFO | ENTRY signal | market=KXBTC15M-26MAY091515-15 action=buy side=yes trigger=8c limit=8c qty=2 book_ready=True
2026-05-09 15:12:28,043 | INFO | Execution state | market=KXBTC15M-26MAY091515-15 side=yes state=submitting reason=single_shot_abundant_depth trust=synced run_id=71ef5a81-f388-4c83-bc61-d4a8b86af06d
2026-05-09 15:12:28,093 | INFO | Execution state | market=KXBTC15M-26MAY091515-15 side=yes state=abandoned reason=zero_fill trust=synced run_id=71ef5a81-f388-4c83-bc61-d4a8b86af06d
2026-05-09 15:12:28,240 | INFO | Mushroom v28 entry approved | market=KXBTC15M-26MAY091515-15 side=yes ask=8c max_buy=8c qty=2 p_side=0.1141 edge=2.408c depth=109.14 btc_age_ms=281.0 secs_to_close=151.91
2026-05-09 15:12:28,410 | INFO | Execution state | market=KXBTC15M-26MAY091515-15 side=yes state=eligible reason=pre_filters_disabled trust=synced run_id=71ef5a81-f388-4c83-bc61-d4a8b86af06d
2026-05-09 15:12:28,412 | INFO | Live fill policy approved | market=KXBTC15M-26MAY091515-15 side=yes trigger=8c tif=immediate_or_cancel limit=8c depth=109.14 required=3 book_age_ms=281.0 secs_to_close=151.91 reason=single_shot_abundant_depth
2026-05-09 15:12:28,412 | INFO | ENTRY signal | market=KXBTC15M-26MAY091515-15 action=buy side=yes trigger=8c limit=8c qty=2 book_ready=True
2026-05-09 15:12:28,412 | INFO | Execution state | market=KXBTC15M-26MAY091515-15 side=yes state=submitting reason=single_shot_abundant_depth trust=synced run_id=71ef5a81-f388-4c83-bc61-d4a8b86af06d
2026-05-09 15:12:28,476 | INFO | Execution state | market=KXBTC15M-26MAY091515-15 side=yes state=abandoned reason=zero_fill trust=synced run_id=71ef5a81-f388-4c83-bc61-d4a8b86af06d
2026-05-09 15:12:28,624 | INFO | Mushroom v28 entry approved | market=KXBTC15M-26MAY091515-15 side=yes ask=8c max_buy=8c qty=2 p_side=0.1140 edge=2.397c depth=109.14 btc_age_ms=93.0 secs_to_close=151.46
2026-05-09 15:12:28,673 | INFO | Execution state | market=KXBTC15M-26MAY091515-15 side=yes state=eligible reason=pre_filters_disabled trust=synced run_id=71ef5a81-f388-4c83-bc61-d4a8b86af06d
2026-05-09 15:12:28,673 | INFO | Live fill policy approved | market=KXBTC15M-26MAY091515-15 side=yes trigger=8c tif=immediate_or_cancel limit=8c depth=109.14 required=3 book_age_ms=484.0 secs_to_close=151.46 reason=single_shot_abundant_depth
2026-05-09 15:12:28,673 | INFO | ENTRY signal | market=KXBTC15M-26MAY091515-15 action=buy side=yes trigger=8c limit=8c qty=2 book_ready=True
2026-05-09 15:12:28,673 | INFO | Execution state | market=KXBTC15M-26MAY091515-15 side=yes state=submitting reason=single_shot_abundant_depth trust=synced run_id=71ef5a81-f388-4c83-bc61-d4a8b86af06d
2026-05-09 15:12:28,722 | INFO | Execution state | market=KXBTC15M-26MAY091515-15 side=yes state=abandoned reason=zero_fill trust=synced run_id=71ef5a81-f388-4c83-bc61-d4a8b86af06d
2026-05-09 15:12:28,795 | INFO | Mushroom v28 entry approved | market=KXBTC15M-26MAY091515-15 side=yes ask=8c max_buy=8c qty=2 p_side=0.1139 edge=2.393c depth=110.69 btc_age_ms=296.0 secs_to_close=151.27
2026-05-09 15:12:28,845 | INFO | Execution state | market=KXBTC15M-26MAY091515-15 side=yes state=eligible reason=pre_filters_disabled trust=synced run_id=71ef5a81-f388-4c83-bc61-d4a8b86af06d
2026-05-09 15:12:28,845 | INFO | Live fill policy approved | market=KXBTC15M-26MAY091515-15 side=yes trigger=8c tif=immediate_or_cancel limit=8c depth=110.69 required=3 book_age_ms=296.0 secs_to_close=151.27 reason=single_shot_abundant_depth
2026-05-09 15:12:28,853 | INFO | ENTRY signal | market=KXBTC15M-26MAY091515-15 action=buy side=yes trigger=8c limit=8c qty=2 book_ready=True
2026-05-09 15:12:28,853 | INFO | Execution state | market=KXBTC15M-26MAY091515-15 side=yes state=submitting reason=single_shot_abundant_depth trust=synced run_id=71ef5a81-f388-4c83-bc61-d4a8b86af06d
2026-05-09 15:12:28,887 | INFO | Execution state | market=KXBTC15M-26MAY091515-15 side=yes state=abandoned reason=zero_fill trust=synced run_id=71ef5a81-f388-4c83-bc61-d4a8b86af06d
2026-05-09 15:12:29,026 | INFO | Mushroom v28 entry approved | market=KXBTC15M-26MAY091515-15 side=yes ask=8c max_buy=8c qty=2 p_side=0.1139 edge=2.390c depth=238.72 btc_age_ms=468.0 secs_to_close=151.10
2026-05-09 15:12:29,128 | INFO | Execution state | market=KXBTC15M-26MAY091515-15 side=yes state=eligible reason=pre_filters_disabled trust=synced run_id=71ef5a81-f388-4c83-bc61-d4a8b86af06d
2026-05-09 15:12:29,128 | INFO | Live fill policy approved | market=KXBTC15M-26MAY091515-15 side=yes trigger=8c tif=immediate_or_cancel limit=8c depth=238.72 required=3 book_age_ms=468.0 secs_to_close=151.10 reason=single_shot_abundant_depth
2026-05-09 15:12:29,130 | INFO | ENTRY signal | market=KXBTC15M-26MAY091515-15 action=buy side=yes trigger=8c limit=8c qty=2 book_ready=True
2026-05-09 15:12:29,130 | INFO | Execution state | market=KXBTC15M-26MAY091515-15 side=yes state=submitting reason=single_shot_abundant_depth trust=synced run_id=71ef5a81-f388-4c83-bc61-d4a8b86af06d
2026-05-09 15:12:29,186 | INFO | Execution state | market=KXBTC15M-26MAY091515-15 side=yes state=abandoned reason=zero_fill trust=synced run_id=71ef5a81-f388-4c83-bc61-d4a8b86af06d
2026-05-09 15:12:29,345 | INFO | Mushroom v28 entry approved | market=KXBTC15M-26MAY091515-15 side=yes ask=8c max_buy=8c qty=2 p_side=0.1138 edge=2.384c depth=248.72 btc_age_ms=750.0 secs_to_close=150.81
2026-05-09 15:12:29,457 | INFO | Execution state | market=KXBTC15M-26MAY091515-15 side=yes state=eligible reason=pre_filters_disabled trust=synced run_id=71ef5a81-f388-4c83-bc61-d4a8b86af06d
2026-05-09 15:12:29,457 | INFO | Live fill policy approved | market=KXBTC15M-26MAY091515-15 side=yes trigger=8c tif=immediate_or_cancel limit=8c depth=248.72 required=3 book_age_ms=750.0 secs_to_close=150.81 reason=single_shot_abundant_depth
2026-05-09 15:12:29,459 | INFO | ENTRY signal | market=KXBTC15M-26MAY091515-15 action=buy side=yes trigger=8c limit=8c qty=2 book_ready=True
2026-05-09 15:12:29,461 | INFO | Execution state | market=KXBTC15M-26MAY091515-15 side=yes state=submitting reason=single_shot_abundant_depth trust=synced run_id=71ef5a81-f388-4c83-bc61-d4a8b86af06d
2026-05-09 15:12:29,510 | INFO | Execution state | market=KXBTC15M-26MAY091515-15 side=yes state=abandoned reason=zero_fill trust=synced run_id=71ef5a81-f388-4c83-bc61-d4a8b86af06d
2026-05-09 15:12:29,760 | INFO | Mushroom v28 entry approved | market=KXBTC15M-26MAY091515-15 side=yes ask=8c max_buy=8c qty=2 p_side=0.1138 edge=2.377c depth=238.72 btc_age_ms=94.0 secs_to_close=150.43
2026-05-09 15:12:29,874 | INFO | Execution state | market=KXBTC15M-26MAY091515-15 side=yes state=eligible reason=pre_filters_disabled trust=synced run_id=71ef5a81-f388-4c83-bc61-d4a8b86af06d
2026-05-09 15:12:29,876 | INFO | Live fill policy approved | market=KXBTC15M-26MAY091515-15 side=yes trigger=8c tif=immediate_or_cancel limit=8c depth=238.72 required=3 book_age_ms=94.0 secs_to_close=150.43 reason=single_shot_abundant_depth
2026-05-09 15:12:29,876 | INFO | ENTRY signal | market=KXBTC15M-26MAY091515-15 action=buy side=yes trigger=8c limit=8c qty=2 book_ready=True
2026-05-09 15:12:29,879 | INFO | Execution state | market=KXBTC15M-26MAY091515-15 side=yes state=submitting reason=single_shot_abundant_depth trust=synced run_id=71ef5a81-f388-4c83-bc61-d4a8b86af06d
2026-05-09 15:12:29,931 | INFO | Execution state | market=KXBTC15M-26MAY091515-15 side=yes state=abandoned reason=zero_fill trust=synced run_id=71ef5a81-f388-4c83-bc61-d4a8b86af06d
2026-05-09 15:12:29,931 | INFO | Heartbeat | watch=KXBTC15M-26MAY091515-15 yes_bid=8 yes_ask=8 no_bid=92 no_ask=92 book_ready=True position=False pending=False dry_run=False trust=synced run_id=71ef5a81-f388-4c83-bc61-d4a8b86af06d
2026-05-09 15:12:30,186 | INFO | Mushroom v28 entry approved | market=KXBTC15M-26MAY091515-15 side=yes ask=8c max_buy=8c qty=2 p_side=0.1137 edge=2.371c depth=148.03 btc_age_ms=93.0 secs_to_close=150.01
2026-05-09 15:12:30,304 | INFO | Execution state | market=KXBTC15M-26MAY091515-15 side=yes state=eligible reason=pre_filters_disabled trust=synced run_id=71ef5a81-f388-4c83-bc61-d4a8b86af06d
2026-05-09 15:12:30,304 | INFO | Live fill policy approved | market=KXBTC15M-26MAY091515-15 side=yes trigger=8c tif=immediate_or_cancel limit=8c depth=148.03 required=3 book_age_ms=515.0 secs_to_close=150.01 reason=single_shot_abundant_depth
2026-05-09 15:12:30,304 | INFO | ENTRY signal | market=KXBTC15M-26MAY091515-15 action=buy side=yes trigger=8c limit=8c qty=2 book_ready=True
2026-05-09 15:12:30,304 | INFO | Execution state | market=KXBTC15M-26MAY091515-15 side=yes state=submitting reason=single_shot_abundant_depth trust=synced run_id=71ef5a81-f388-4c83-bc61-d4a8b86af06d
2026-05-09 15:12:30,364 | INFO | Execution state | market=KXBTC15M-26MAY091515-15 side=yes state=abandoned reason=zero_fill trust=synced run_id=71ef5a81-f388-4c83-bc61-d4a8b86af06d
2026-05-09 15:12:30,707 | INFO | Mushroom v28 entry approved | market=KXBTC15M-26MAY091515-15 side=yes ask=8c max_buy=8c qty=2 p_side=0.1134 edge=2.344c depth=138.03 btc_age_ms=0.0 secs_to_close=149.46
2026-05-09 15:12:30,806 | INFO | Execution state | market=KXBTC15M-26MAY091515-15 side=yes state=eligible reason=pre_filters_disabled trust=synced run_id=71ef5a81-f388-4c83-bc61-d4a8b86af06d
2026-05-09 15:12:30,806 | INFO | Live fill policy approved | market=KXBTC15M-26MAY091515-15 side=yes trigger=8c tif=immediate_or_cancel limit=8c depth=138.03 required=3 book_age_ms=0.0 secs_to_close=149.46 reason=single_shot_abundant_depth
2026-05-09 15:12:30,806 | INFO | ENTRY signal | market=KXBTC15M-26MAY091515-15 action=buy side=yes trigger=8c limit=8c qty=2 book_ready=True
2026-05-09 15:12:30,806 | INFO | Execution state | market=KXBTC15M-26MAY091515-15 side=yes state=submitting reason=single_shot_abundant_depth trust=synced run_id=71ef5a81-f388-4c83-bc61-d4a8b86af06d
2026-05-09 15:12:30,872 | INFO | Execution state | market=KXBTC15M-26MAY091515-15 side=yes state=abandoned reason=zero_fill trust=synced run_id=71ef5a81-f388-4c83-bc61-d4a8b86af06d
2026-05-09 15:12:31,046 | INFO | Mushroom v28 entry approved | market=KXBTC15M-26MAY091515-15 side=yes ask=8c max_buy=8c qty=2 p_side=0.1134 edge=2.338c depth=138.03 btc_age_ms=328.0 secs_to_close=149.13
2026-05-09 15:12:31,156 | INFO | Execution state | market=KXBTC15M-26MAY091515-15 side=yes state=eligible reason=pre_filters_disabled trust=synced run_id=71ef5a81-f388-4c83-bc61-d4a8b86af06d
2026-05-09 15:12:31,163 | INFO | Execution deferred | market=KXBTC15M-26MAY091515-15 side=yes reason=missing_account_state trigger=8 top_of_book=8 book=[8:138.03, 9:878, 10:530.86, 11:556, 12:653.4] trust=synced
2026-05-09 15:12:31,164 | INFO | Execution state | market=KXBTC15M-26MAY091515-15 side=yes state=abandoned reason=missing_account_state trust=synced run_id=71ef5a81-f388-4c83-bc61-d4a8b86af06d
2026-05-09 15:12:34,399 | INFO | Mushroom v28 entry approved | market=KXBTC15M-26MAY091515-15 side=yes ask=7c max_buy=7c qty=2 p_side=0.1093 edge=3.427c depth=367 btc_age_ms=610.0 secs_to_close=145.79
2026-05-09 15:12:34,504 | INFO | Execution state | market=KXBTC15M-26MAY091515-15 side=yes state=eligible reason=pre_filters_disabled trust=synced run_id=71ef5a81-f388-4c83-bc61-d4a8b86af06d
2026-05-09 15:12:34,513 | INFO | Live fill policy approved | market=KXBTC15M-26MAY091515-15 side=yes trigger=7c tif=immediate_or_cancel limit=7c depth=367.00 required=3 book_age_ms=453.0 secs_to_close=145.79 reason=single_shot_abundant_depth
2026-05-09 15:12:34,513 | INFO | ENTRY signal | market=KXBTC15M-26MAY091515-15 action=buy side=yes trigger=7c limit=7c qty=2 book_ready=True
2026-05-09 15:12:34,513 | INFO | Execution state | market=KXBTC15M-26MAY091515-15 side=yes state=submitting reason=single_shot_abundant_depth trust=synced run_id=71ef5a81-f388-4c83-bc61-d4a8b86af06d
2026-05-09 15:12:34,578 | INFO | ENTRY immediate fill | market=KXBTC15M-26MAY091515-15 side=yes qty=2 limit=7c
2026-05-09 15:12:34,578 | INFO | Execution state | market=KXBTC15M-26MAY091515-15 side=yes state=filled reason=single_shot_abundant_depth trust=synced run_id=71ef5a81-f388-4c83-bc61-d4a8b86af06d
2026-05-09 15:12:34,813 | INFO | Mushroom v28 entry approved | market=KXBTC15M-26MAY091515-15 side=yes ask=7c max_buy=7c qty=1 p_side=0.1092 edge=2.919c depth=367 btc_age_ms=172.0 secs_to_close=145.26
2026-05-09 15:12:34,936 | INFO | Execution state | market=KXBTC15M-26MAY091515-15 side=yes state=eligible reason=pre_filters_disabled trust=synced run_id=71ef5a81-f388-4c83-bc61-d4a8b86af06d
2026-05-09 15:12:34,938 | INFO | Live fill policy approved | market=KXBTC15M-26MAY091515-15 side=yes trigger=7c tif=immediate_or_cancel limit=7c depth=367.00 required=2 book_age_ms=219.0 secs_to_close=145.26 reason=single_shot_abundant_depth
2026-05-09 15:12:34,938 | INFO | ENTRY signal | market=KXBTC15M-26MAY091515-15 action=buy side=yes trigger=7c limit=7c qty=1 book_ready=True
2026-05-09 15:12:34,941 | INFO | Execution state | market=KXBTC15M-26MAY091515-15 side=yes state=submitting reason=single_shot_abundant_depth trust=synced run_id=71ef5a81-f388-4c83-bc61-d4a8b86af06d
2026-05-09 15:12:34,986 | INFO | ENTRY immediate fill | market=KXBTC15M-26MAY091515-15 side=yes qty=1 limit=7c
2026-05-09 15:12:34,986 | INFO | Execution state | market=KXBTC15M-26MAY091515-15 side=yes state=filled reason=single_shot_abundant_depth trust=synced run_id=71ef5a81-f388-4c83-bc61-d4a8b86af06d
2026-05-09 15:12:44,973 | INFO | Heartbeat | watch=KXBTC15M-26MAY091515-15 yes_bid=6 yes_ask=6 no_bid=94 no_ask=94 book_ready=True position=True pending=False dry_run=False trust=synced run_id=71ef5a81-f388-4c83-bc61-d4a8b86af06d
2026-05-09 15:12:59,960 | INFO | Heartbeat | watch=KXBTC15M-26MAY091515-15 yes_bid=15 yes_ask=16 no_bid=84 no_ask=85 book_ready=True position=True pending=False dry_run=False trust=synced run_id=71ef5a81-f388-4c83-bc61-d4a8b86af06d
2026-05-09 15:13:14,993 | INFO | Heartbeat | watch=KXBTC15M-26MAY091515-15 yes_bid=16 yes_ask=18 no_bid=82 no_ask=84 book_ready=True position=True pending=False dry_run=False trust=synced run_id=71ef5a81-f388-4c83-bc61-d4a8b86af06d
2026-05-09 15:13:30,005 | INFO | Heartbeat | watch=KXBTC15M-26MAY091515-15 yes_bid=15 yes_ask=16 no_bid=84 no_ask=85 book_ready=True position=True pending=False dry_run=False trust=synced run_id=71ef5a81-f388-4c83-bc61-d4a8b86af06d
2026-05-09 15:13:45,018 | INFO | Heartbeat | watch=KXBTC15M-26MAY091515-15 yes_bid=6 yes_ask=6 no_bid=94 no_ask=94 book_ready=True position=True pending=False dry_run=False trust=synced run_id=71ef5a81-f388-4c83-bc61-d4a8b86af06d
2026-05-09 15:14:00,040 | INFO | Heartbeat | watch=KXBTC15M-26MAY091515-15 yes_bid=3 yes_ask=4 no_bid=96 no_ask=97 book_ready=True position=True pending=False dry_run=False trust=synced run_id=71ef5a81-f388-4c83-bc61-d4a8b86af06d
2026-05-09 15:14:15,062 | INFO | Heartbeat | watch=KXBTC15M-26MAY091515-15 yes_bid=1 yes_ask=1 no_bid=99 no_ask=99 book_ready=True position=True pending=False dry_run=False trust=synced run_id=71ef5a81-f388-4c83-bc61-d4a8b86af06d
2026-05-09 15:14:30,084 | INFO | Heartbeat | watch=KXBTC15M-26MAY091515-15 yes_bid=1 yes_ask=1 no_bid=99 no_ask=99 book_ready=True position=True pending=False dry_run=False trust=synced run_id=71ef5a81-f388-4c83-bc61-d4a8b86af06d
2026-05-09 15:14:45,119 | INFO | Heartbeat | watch=KXBTC15M-26MAY091515-15 yes_bid=0 yes_ask=0 no_bid=100 no_ask=100 book_ready=True position=True pending=False dry_run=False trust=synced run_id=71ef5a81-f388-4c83-bc61-d4a8b86af06d
2026-05-09 15:15:00,114 | INFO | Heartbeat | watch=KXBTC15M-26MAY091515-15 yes_bid=0 yes_ask=0 no_bid=100 no_ask=100 book_ready=True position=True pending=False dry_run=False trust=synced run_id=71ef5a81-f388-4c83-bc61-d4a8b86af06d
2026-05-09 15:15:05,122 | WARNING | Closed market KXBTC15M-26MAY091515-15 still reports a nonzero live account position, but the market is already past the settlement grace window. Clearing position state and advancing anyway.
2026-05-09 15:15:05,210 | INFO | Watching market KXBTC15M-26MAY091515-15 close_time=2026-05-09T19:15:00Z status=closed strike=80895.61 run_id=71ef5a81-f388-4c83-bc61-d4a8b86af06d
2026-05-09 15:15:05,337 | INFO | Mushroom v28 phi memory reward update | market=KXBTC15M-26MAY091500-00 result=no decisions=0 reward_delta=0.00c actual_pnl=-0.71
2026-05-09 15:15:05,528 | INFO | WS connected for KXBTC15M-26MAY091515-15
2026-05-09 15:15:05,569 | INFO | WS subscribed payload: {'type': 'subscribed', 'id': 9, 'msg': {'channel': 'ticker', 'sid': 1}}
2026-05-09 15:15:05,569 | INFO | WS subscribed payload: {'type': 'subscribed', 'id': 9, 'msg': {'channel': 'orderbook_delta', 'sid': 2}}
2026-05-09 15:15:05,569 | INFO | Orderbook snapshot ready for KXBTC15M-26MAY091515-15
2026-05-09 15:15:05,763 | INFO | Orderbook snapshot ready for KXBTC15M-26MAY091515-15
2026-05-09 15:15:15,178 | INFO | Heartbeat | watch=KXBTC15M-26MAY091515-15 yes_bid=None yes_ask=None no_bid=None no_ask=None book_ready=True position=False pending=False dry_run=False trust=synced run_id=71ef5a81-f388-4c83-bc61-d4a8b86af06d
2026-05-09 15:15:18,399 | INFO | Watching market KXBTC15M-26MAY091530-30 close_time=2026-05-09T19:30:00Z status=active strike=80881.30 run_id=71ef5a81-f388-4c83-bc61-d4a8b86af06d
2026-05-09 15:15:18,615 | INFO | WS connected for KXBTC15M-26MAY091530-30
2026-05-09 15:15:18,648 | INFO | WS subscribed payload: {'type': 'subscribed', 'id': 10, 'msg': {'channel': 'ticker', 'sid': 1}}
2026-05-09 15:15:18,656 | INFO | WS subscribed payload: {'type': 'subscribed', 'id': 10, 'msg': {'channel': 'orderbook_delta', 'sid': 2}}
2026-05-09 15:15:18,656 | INFO | Orderbook snapshot ready for KXBTC15M-26MAY091530-30
2026-05-09 15:15:30,415 | INFO | Heartbeat | watch=KXBTC15M-26MAY091530-30 yes_bid=39 yes_ask=40 no_bid=60 no_ask=61 book_ready=True position=False pending=False dry_run=False trust=synced run_id=71ef5a81-f388-4c83-bc61-d4a8b86af06d
2026-05-09 15:15:46,053 | INFO | Heartbeat | watch=KXBTC15M-26MAY091530-30 yes_bid=36 yes_ask=37 no_bid=63 no_ask=64 book_ready=True position=False pending=False dry_run=False trust=synced run_id=71ef5a81-f388-4c83-bc61-d4a8b86af06d
2026-05-09 15:16:01,791 | INFO | Heartbeat | watch=KXBTC15M-26MAY091530-30 yes_bid=35 yes_ask=36 no_bid=64 no_ask=65 book_ready=True position=False pending=False dry_run=False trust=synced run_id=71ef5a81-f388-4c83-bc61-d4a8b86af06d
2026-05-09 15:16:16,923 | INFO | Heartbeat | watch=KXBTC15M-26MAY091530-30 yes_bid=36 yes_ask=37 no_bid=63 no_ask=64 book_ready=True position=False pending=False dry_run=False trust=synced run_id=71ef5a81-f388-4c83-bc61-d4a8b86af06d
2026-05-09 15:16:32,342 | INFO | Heartbeat | watch=KXBTC15M-26MAY091530-30 yes_bid=36 yes_ask=37 no_bid=63 no_ask=64 book_ready=True position=False pending=False dry_run=False trust=synced run_id=71ef5a81-f388-4c83-bc61-d4a8b86af06d
2026-05-09 15:16:47,849 | INFO | Heartbeat | watch=KXBTC15M-26MAY091530-30 yes_bid=31 yes_ask=32 no_bid=68 no_ask=69 book_ready=True position=False pending=False dry_run=False trust=synced run_id=71ef5a81-f388-4c83-bc61-d4a8b86af06d
2026-05-09 15:17:02,976 | INFO | Heartbeat | watch=KXBTC15M-26MAY091530-30 yes_bid=30 yes_ask=31 no_bid=69 no_ask=70 book_ready=True position=False pending=False dry_run=False trust=synced run_id=71ef5a81-f388-4c83-bc61-d4a8b86af06d
2026-05-09 15:17:13,377 | INFO | Mushroom v28 entry approved | market=KXBTC15M-26MAY091530-30 side=no ask=82c max_buy=82c qty=2 p_side=0.8665 edge=3.150c depth=2612.67 btc_age_ms=94.0 secs_to_close=766.83
2026-05-09 15:17:13,523 | INFO | Execution state | market=KXBTC15M-26MAY091530-30 side=no state=eligible reason=pre_filters_disabled trust=synced run_id=71ef5a81-f388-4c83-bc61-d4a8b86af06d
2026-05-09 15:17:13,533 | INFO | Execution deferred | market=KXBTC15M-26MAY091530-30 side=no reason=missing_account_state trigger=82 top_of_book=82 book=[82:2612.67, 83:178, 84:1518.78, 85:1426, 86:644] trust=synced
2026-05-09 15:17:13,533 | INFO | Execution state | market=KXBTC15M-26MAY091530-30 side=no state=abandoned reason=missing_account_state trust=synced run_id=71ef5a81-f388-4c83-bc61-d4a8b86af06d
2026-05-09 15:17:14,314 | INFO | Mushroom v28 entry approved | market=KXBTC15M-26MAY091530-30 side=no ask=82c max_buy=82c qty=2 p_side=0.8665 edge=3.155c depth=2664.67 btc_age_ms=1062.0 secs_to_close=765.86
2026-05-09 15:17:14,428 | INFO | Execution state | market=KXBTC15M-26MAY091530-30 side=no state=eligible reason=pre_filters_disabled trust=synced run_id=71ef5a81-f388-4c83-bc61-d4a8b86af06d
2026-05-09 15:17:14,428 | INFO | Live fill policy approved | market=KXBTC15M-26MAY091530-30 side=no trigger=82c tif=immediate_or_cancel limit=82c depth=2664.67 required=3 book_age_ms=188.0 secs_to_close=765.86 reason=single_shot_abundant_depth
2026-05-09 15:17:14,428 | INFO | ENTRY signal | market=KXBTC15M-26MAY091530-30 action=buy side=no trigger=82c limit=82c qty=2 book_ready=True
2026-05-09 15:17:14,428 | INFO | Execution state | market=KXBTC15M-26MAY091530-30 side=no state=submitting reason=single_shot_abundant_depth trust=synced run_id=71ef5a81-f388-4c83-bc61-d4a8b86af06d
2026-05-09 15:17:14,485 | INFO | ENTRY immediate fill | market=KXBTC15M-26MAY091530-30 side=no qty=2 limit=82c
2026-05-09 15:17:14,485 | INFO | Execution state | market=KXBTC15M-26MAY091530-30 side=no state=filled reason=single_shot_abundant_depth trust=synced run_id=71ef5a81-f388-4c83-bc61-d4a8b86af06d
2026-05-09 15:17:14,591 | INFO | Mushroom v28 entry approved | market=KXBTC15M-26MAY091530-30 side=no ask=81c max_buy=81c qty=1 p_side=0.8666 edge=3.657c depth=149 btc_age_ms=46.0 secs_to_close=765.51
2026-05-09 15:17:14,725 | INFO | Execution state | market=KXBTC15M-26MAY091530-30 side=no state=eligible reason=pre_filters_disabled trust=synced run_id=71ef5a81-f388-4c83-bc61-d4a8b86af06d
2026-05-09 15:17:14,735 | INFO | Live fill policy approved | market=KXBTC15M-26MAY091530-30 side=no trigger=81c tif=immediate_or_cancel limit=81c depth=149.00 required=2 book_age_ms=531.0 secs_to_close=765.51 reason=single_shot_abundant_depth
2026-05-09 15:17:14,738 | INFO | ENTRY signal | market=KXBTC15M-26MAY091530-30 action=buy side=no trigger=81c limit=81c qty=1 book_ready=True
2026-05-09 15:17:14,738 | INFO | Execution state | market=KXBTC15M-26MAY091530-30 side=no state=submitting reason=single_shot_abundant_depth trust=synced run_id=71ef5a81-f388-4c83-bc61-d4a8b86af06d
2026-05-09 15:17:14,795 | INFO | ENTRY immediate fill | market=KXBTC15M-26MAY091530-30 side=no qty=1 limit=81c
2026-05-09 15:17:14,795 | INFO | Execution state | market=KXBTC15M-26MAY091530-30 side=no state=filled reason=single_shot_abundant_depth trust=synced run_id=71ef5a81-f388-4c83-bc61-d4a8b86af06d
2026-05-09 15:17:17,973 | INFO | Heartbeat | watch=KXBTC15M-26MAY091530-30 yes_bid=22 yes_ask=23 no_bid=77 no_ask=78 book_ready=True position=True pending=False dry_run=False trust=synced run_id=71ef5a81-f388-4c83-bc61-d4a8b86af06d
2026-05-09 15:17:33,028 | INFO | Heartbeat | watch=KXBTC15M-26MAY091530-30 yes_bid=18 yes_ask=19 no_bid=81 no_ask=82 book_ready=True position=True pending=False dry_run=False trust=synced run_id=71ef5a81-f388-4c83-bc61-d4a8b86af06d
2026-05-09 15:17:48,030 | INFO | Heartbeat | watch=KXBTC15M-26MAY091530-30 yes_bid=17 yes_ask=18 no_bid=82 no_ask=83 book_ready=True position=True pending=False dry_run=False trust=synced run_id=71ef5a81-f388-4c83-bc61-d4a8b86af06d
2026-05-09 15:18:03,064 | INFO | Heartbeat | watch=KXBTC15M-26MAY091530-30 yes_bid=21 yes_ask=22 no_bid=78 no_ask=79 book_ready=True position=True pending=False dry_run=False trust=synced run_id=71ef5a81-f388-4c83-bc61-d4a8b86af06d
2026-05-09 15:18:18,077 | INFO | Heartbeat | watch=KXBTC15M-26MAY091530-30 yes_bid=20 yes_ask=21 no_bid=79 no_ask=80 book_ready=True position=True pending=False dry_run=False trust=synced run_id=71ef5a81-f388-4c83-bc61-d4a8b86af06d
2026-05-09 15:18:33,077 | INFO | Heartbeat | watch=KXBTC15M-26MAY091530-30 yes_bid=21 yes_ask=22 no_bid=78 no_ask=79 book_ready=True position=True pending=False dry_run=False trust=synced run_id=71ef5a81-f388-4c83-bc61-d4a8b86af06d
2026-05-09 15:18:48,080 | INFO | Heartbeat | watch=KXBTC15M-26MAY091530-30 yes_bid=20 yes_ask=21 no_bid=79 no_ask=80 book_ready=True position=True pending=False dry_run=False trust=synced run_id=71ef5a81-f388-4c83-bc61-d4a8b86af06d
2026-05-09 15:19:03,085 | INFO | Heartbeat | watch=KXBTC15M-26MAY091530-30 yes_bid=19 yes_ask=20 no_bid=80 no_ask=81 book_ready=True position=True pending=False dry_run=False trust=synced run_id=71ef5a81-f388-4c83-bc61-d4a8b86af06d
2026-05-09 15:19:18,097 | INFO | Heartbeat | watch=KXBTC15M-26MAY091530-30 yes_bid=19 yes_ask=20 no_bid=80 no_ask=81 book_ready=True position=True pending=False dry_run=False trust=synced run_id=71ef5a81-f388-4c83-bc61-d4a8b86af06d
2026-05-09 15:19:21,738 | INFO | EXIT signal | market=KXBTC15M-26MAY091530-30 action=sell side=no trigger=79c limit=79c qty=2 book_ready=True mode=single_shot_ioc slices=1 attempt=0
2026-05-09 15:19:21,750 | INFO | Latency | purpose=exit feed_age_ms=-245.6 local_reaction_ms=94.0 trigger_seen_at=2026-05-09T19:19:21.750270+00:00 market_msg_time=2026-05-09T19:19:21.995917Z
2026-05-09 15:19:21,750 | INFO | Exit plan approved | market=KXBTC15M-26MAY091530-30 side=no trigger=79c limit=79c top_bid=79 depth=754.62 required=2 book_age_ms=15.0 secs_to_close=638.35 reason=mushroom_v28_probability_reduce_single_shot_visible_depth mode=single_shot_ioc attempt=0
2026-05-09 15:19:21,850 | INFO | EXIT fill | market=KXBTC15M-26MAY091530-30 side=no slice=1/1 qty=2 cumulative=2/2 remaining=1
2026-05-09 15:19:27,193 | INFO | EXIT signal | market=KXBTC15M-26MAY091530-30 action=sell side=no trigger=72c limit=72c qty=1 book_ready=True mode=single_shot_ioc slices=1 attempt=0
2026-05-09 15:19:27,209 | INFO | Latency | purpose=exit feed_age_ms=149.2 local_reaction_ms=219.0 trigger_seen_at=2026-05-09T19:19:27.209192+00:00 market_msg_time=2026-05-09T19:19:27.059986Z
2026-05-09 15:19:27,209 | INFO | Exit plan approved | market=KXBTC15M-26MAY091530-30 side=no trigger=72c limit=72c top_bid=72 depth=30.00 required=1 book_age_ms=94.0 secs_to_close=632.91 reason=mushroom_v28_probability_reduce_single_shot_visible_depth mode=single_shot_ioc attempt=0
2026-05-09 15:19:27,280 | INFO | EXIT fill | market=KXBTC15M-26MAY091530-30 side=no slice=1/1 qty=1 cumulative=1/1 remaining=0
2026-05-09 15:19:33,278 | INFO | Heartbeat | watch=KXBTC15M-26MAY091530-30 yes_bid=33 yes_ask=34 no_bid=66 no_ask=67 book_ready=True position=False pending=False dry_run=False trust=synced run_id=71ef5a81-f388-4c83-bc61-d4a8b86af06d
2026-05-09 15:19:48,666 | INFO | Heartbeat | watch=KXBTC15M-26MAY091530-30 yes_bid=43 yes_ask=44 no_bid=56 no_ask=57 book_ready=True position=False pending=False dry_run=False trust=synced run_id=71ef5a81-f388-4c83-bc61-d4a8b86af06d
2026-05-09 15:20:03,825 | INFO | Heartbeat | watch=KXBTC15M-26MAY091530-30 yes_bid=51 yes_ask=52 no_bid=48 no_ask=49 book_ready=True position=False pending=False dry_run=False trust=synced run_id=71ef5a81-f388-4c83-bc61-d4a8b86af06d
2026-05-09 15:20:18,890 | INFO | Heartbeat | watch=KXBTC15M-26MAY091530-30 yes_bid=49 yes_ask=50 no_bid=50 no_ask=51 book_ready=True position=False pending=False dry_run=False trust=synced run_id=71ef5a81-f388-4c83-bc61-d4a8b86af06d
2026-05-09 15:20:34,417 | INFO | Heartbeat | watch=KXBTC15M-26MAY091530-30 yes_bid=37 yes_ask=39 no_bid=61 no_ask=63 book_ready=True position=False pending=False dry_run=False trust=synced run_id=71ef5a81-f388-4c83-bc61-d4a8b86af06d
2026-05-09 15:20:49,675 | INFO | Heartbeat | watch=KXBTC15M-26MAY091530-30 yes_bid=40 yes_ask=41 no_bid=59 no_ask=60 book_ready=True position=False pending=False dry_run=False trust=synced run_id=71ef5a81-f388-4c83-bc61-d4a8b86af06d
2026-05-09 15:21:03,820 | INFO | Mushroom v28 BTC REST fallback refreshed stale tick | previous_age_ms=3235.0 threshold_ms=3000.0 source=coinbase_spot_rest
2026-05-09 15:21:04,748 | INFO | Heartbeat | watch=KXBTC15M-26MAY091530-30 yes_bid=40 yes_ask=42 no_bid=58 no_ask=60 book_ready=True position=False pending=False dry_run=False trust=synced run_id=71ef5a81-f388-4c83-bc61-d4a8b86af06d
2026-05-09 15:21:20,092 | INFO | Heartbeat | watch=KXBTC15M-26MAY091530-30 yes_bid=40 yes_ask=41 no_bid=59 no_ask=60 book_ready=True position=False pending=False dry_run=False trust=synced run_id=71ef5a81-f388-4c83-bc61-d4a8b86af06d
2026-05-09 15:21:35,106 | INFO | Heartbeat | watch=KXBTC15M-26MAY091530-30 yes_bid=39 yes_ask=41 no_bid=59 no_ask=61 book_ready=True position=False pending=False dry_run=False trust=synced run_id=71ef5a81-f388-4c83-bc61-d4a8b86af06d
2026-05-09 15:21:50,459 | INFO | Heartbeat | watch=KXBTC15M-26MAY091530-30 yes_bid=64 yes_ask=65 no_bid=35 no_ask=36 book_ready=True position=False pending=False dry_run=False trust=synced run_id=71ef5a81-f388-4c83-bc61-d4a8b86af06d
2026-05-09 15:22:05,855 | INFO | Heartbeat | watch=KXBTC15M-26MAY091530-30 yes_bid=65 yes_ask=66 no_bid=34 no_ask=35 book_ready=True position=False pending=False dry_run=False trust=synced run_id=71ef5a81-f388-4c83-bc61-d4a8b86af06d
2026-05-09 15:22:20,964 | INFO | Heartbeat | watch=KXBTC15M-26MAY091530-30 yes_bid=66 yes_ask=67 no_bid=33 no_ask=34 book_ready=True position=False pending=False dry_run=False trust=synced run_id=71ef5a81-f388-4c83-bc61-d4a8b86af06d
2026-05-09 15:22:35,033 | INFO | Mushroom v28 BTC REST fallback refreshed stale tick | previous_age_ms=3093.0 threshold_ms=3000.0 source=coinbase_spot_rest
2026-05-09 15:22:36,328 | INFO | Heartbeat | watch=KXBTC15M-26MAY091530-30 yes_bid=70 yes_ask=72 no_bid=28 no_ask=30 book_ready=True position=False pending=False dry_run=False trust=synced run_id=71ef5a81-f388-4c83-bc61-d4a8b86af06d
2026-05-09 15:22:52,040 | INFO | Heartbeat | watch=KXBTC15M-26MAY091530-30 yes_bid=71 yes_ask=73 no_bid=27 no_ask=29 book_ready=True position=False pending=False dry_run=False trust=synced run_id=71ef5a81-f388-4c83-bc61-d4a8b86af06d
2026-05-09 15:23:07,431 | INFO | Heartbeat | watch=KXBTC15M-26MAY091530-30 yes_bid=72 yes_ask=73 no_bid=27 no_ask=28 book_ready=True position=False pending=False dry_run=False trust=synced run_id=71ef5a81-f388-4c83-bc61-d4a8b86af06d
2026-05-09 15:23:22,952 | INFO | Heartbeat | watch=KXBTC15M-26MAY091530-30 yes_bid=73 yes_ask=75 no_bid=25 no_ask=27 book_ready=True position=False pending=False dry_run=False trust=synced run_id=71ef5a81-f388-4c83-bc61-d4a8b86af06d
2026-05-09 15:23:38,212 | INFO | Heartbeat | watch=KXBTC15M-26MAY091530-30 yes_bid=75 yes_ask=76 no_bid=24 no_ask=25 book_ready=True position=False pending=False dry_run=False trust=synced run_id=71ef5a81-f388-4c83-bc61-d4a8b86af06d
2026-05-09 15:23:53,477 | INFO | Heartbeat | watch=KXBTC15M-26MAY091530-30 yes_bid=77 yes_ask=78 no_bid=22 no_ask=23 book_ready=True position=False pending=False dry_run=False trust=synced run_id=71ef5a81-f388-4c83-bc61-d4a8b86af06d
2026-05-09 15:24:08,545 | INFO | Heartbeat | watch=KXBTC15M-26MAY091530-30 yes_bid=70 yes_ask=71 no_bid=29 no_ask=30 book_ready=True position=False pending=False dry_run=False trust=synced run_id=71ef5a81-f388-4c83-bc61-d4a8b86af06d
2026-05-09 15:24:24,178 | INFO | Heartbeat | watch=KXBTC15M-26MAY091530-30 yes_bid=56 yes_ask=57 no_bid=43 no_ask=44 book_ready=True position=False pending=False dry_run=False trust=synced run_id=71ef5a81-f388-4c83-bc61-d4a8b86af06d
2026-05-09 15:24:39,940 | INFO | Heartbeat | watch=KXBTC15M-26MAY091530-30 yes_bid=52 yes_ask=54 no_bid=46 no_ask=48 book_ready=True position=False pending=False dry_run=False trust=synced run_id=71ef5a81-f388-4c83-bc61-d4a8b86af06d
2026-05-09 15:24:55,426 | INFO | Heartbeat | watch=KXBTC15M-26MAY091530-30 yes_bid=43 yes_ask=44 no_bid=56 no_ask=57 book_ready=True position=False pending=False dry_run=False trust=synced run_id=71ef5a81-f388-4c83-bc61-d4a8b86af06d
2026-05-09 15:25:10,729 | INFO | Mushroom v28 entry approved | market=KXBTC15M-26MAY091530-30 side=no ask=81c max_buy=83c qty=2 p_side=0.8820 edge=5.701c depth=130 btc_age_ms=78.0 secs_to_close=289.43
2026-05-09 15:25:10,828 | INFO | Execution state | market=KXBTC15M-26MAY091530-30 side=no state=eligible reason=pre_filters_disabled trust=synced run_id=71ef5a81-f388-4c83-bc61-d4a8b86af06d
2026-05-09 15:25:10,832 | INFO | Live fill policy approved | market=KXBTC15M-26MAY091530-30 side=no trigger=81c tif=immediate_or_cancel limit=81c depth=130.00 required=3 book_age_ms=578.0 secs_to_close=289.43 reason=single_shot_abundant_depth
2026-05-09 15:25:10,836 | INFO | ENTRY signal | market=KXBTC15M-26MAY091530-30 action=buy side=no trigger=81c limit=81c qty=2 book_ready=True
2026-05-09 15:25:10,836 | INFO | Execution state | market=KXBTC15M-26MAY091530-30 side=no state=submitting reason=single_shot_abundant_depth trust=synced run_id=71ef5a81-f388-4c83-bc61-d4a8b86af06d
2026-05-09 15:25:10,890 | INFO | Execution state | market=KXBTC15M-26MAY091530-30 side=no state=abandoned reason=zero_fill trust=synced run_id=71ef5a81-f388-4c83-bc61-d4a8b86af06d
2026-05-09 15:25:10,892 | INFO | Heartbeat | watch=KXBTC15M-26MAY091530-30 yes_bid=19 yes_ask=20 no_bid=80 no_ask=81 book_ready=True position=False pending=False dry_run=False trust=synced run_id=71ef5a81-f388-4c83-bc61-d4a8b86af06d
2026-05-09 15:25:11,072 | INFO | Mushroom v28 entry approved | market=KXBTC15M-26MAY091530-30 side=no ask=82c max_buy=83c qty=2 p_side=0.8844 edge=4.944c depth=2669 btc_age_ms=140.0 secs_to_close=289.10
2026-05-09 15:25:11,172 | INFO | Execution state | market=KXBTC15M-26MAY091530-30 side=no state=eligible reason=pre_filters_disabled trust=synced run_id=71ef5a81-f388-4c83-bc61-d4a8b86af06d
2026-05-09 15:25:11,172 | INFO | Live fill policy approved | market=KXBTC15M-26MAY091530-30 side=no trigger=82c tif=immediate_or_cancel limit=82c depth=2669.00 required=3 book_age_ms=62.0 secs_to_close=289.10 reason=single_shot_abundant_depth
2026-05-09 15:25:11,178 | INFO | ENTRY signal | market=KXBTC15M-26MAY091530-30 action=buy side=no trigger=82c limit=82c qty=2 book_ready=True
2026-05-09 15:25:11,180 | INFO | Execution state | market=KXBTC15M-26MAY091530-30 side=no state=submitting reason=single_shot_abundant_depth trust=synced run_id=71ef5a81-f388-4c83-bc61-d4a8b86af06d
2026-05-09 15:25:11,238 | INFO | ENTRY immediate fill | market=KXBTC15M-26MAY091530-30 side=no qty=2 limit=82c
2026-05-09 15:25:11,244 | INFO | Execution state | market=KXBTC15M-26MAY091530-30 side=no state=filled reason=single_shot_abundant_depth trust=synced run_id=71ef5a81-f388-4c83-bc61-d4a8b86af06d
2026-05-09 15:25:11,321 | INFO | Mushroom v28 entry approved | market=KXBTC15M-26MAY091530-30 side=no ask=82c max_buy=83c qty=1 p_side=0.8845 edge=4.447c depth=2667 btc_age_ms=406.0 secs_to_close=288.76
2026-05-09 15:25:11,424 | INFO | Execution state | market=KXBTC15M-26MAY091530-30 side=no state=eligible reason=pre_filters_disabled trust=synced run_id=71ef5a81-f388-4c83-bc61-d4a8b86af06d
2026-05-09 15:25:11,427 | INFO | Live fill policy approved | market=KXBTC15M-26MAY091530-30 side=no trigger=82c tif=immediate_or_cancel limit=82c depth=2667.00 required=2 book_age_ms=406.0 secs_to_close=288.76 reason=single_shot_abundant_depth
2026-05-09 15:25:11,427 | INFO | ENTRY signal | market=KXBTC15M-26MAY091530-30 action=buy side=no trigger=82c limit=82c qty=1 book_ready=True
2026-05-09 15:25:11,427 | INFO | Execution state | market=KXBTC15M-26MAY091530-30 side=no state=submitting reason=single_shot_abundant_depth trust=synced run_id=71ef5a81-f388-4c83-bc61-d4a8b86af06d
2026-05-09 15:25:11,489 | INFO | ENTRY immediate fill | market=KXBTC15M-26MAY091530-30 side=no qty=1 limit=82c
2026-05-09 15:25:11,489 | INFO | Execution state | market=KXBTC15M-26MAY091530-30 side=no state=filled reason=single_shot_abundant_depth trust=synced run_id=71ef5a81-f388-4c83-bc61-d4a8b86af06d
2026-05-09 15:25:25,882 | INFO | Heartbeat | watch=KXBTC15M-26MAY091530-30 yes_bid=13 yes_ask=14 no_bid=86 no_ask=87 book_ready=True position=True pending=False dry_run=False trust=synced run_id=71ef5a81-f388-4c83-bc61-d4a8b86af06d
2026-05-09 15:25:40,887 | INFO | Heartbeat | watch=KXBTC15M-26MAY091530-30 yes_bid=4 yes_ask=5 no_bid=95 no_ask=96 book_ready=True position=True pending=False dry_run=False trust=synced run_id=71ef5a81-f388-4c83-bc61-d4a8b86af06d
2026-05-09 15:25:55,881 | INFO | Heartbeat | watch=KXBTC15M-26MAY091530-30 yes_bid=2 yes_ask=3 no_bid=97 no_ask=98 book_ready=True position=True pending=False dry_run=False trust=synced run_id=71ef5a81-f388-4c83-bc61-d4a8b86af06d
2026-05-09 15:26:04,796 | INFO | EXIT signal | market=KXBTC15M-26MAY091530-30 action=sell side=no trigger=98c limit=98c qty=3 book_ready=True mode=single_shot_ioc slices=1 attempt=0
2026-05-09 15:26:04,807 | INFO | Latency | purpose=exit feed_age_ms=-212.6 local_reaction_ms=172.0 trigger_seen_at=2026-05-09T19:26:04.807524+00:00 market_msg_time=2026-05-09T19:26:05.020153Z
2026-05-09 15:26:04,807 | INFO | Exit plan approved | market=KXBTC15M-26MAY091530-30 side=no trigger=98c limit=98c top_bid=98 depth=449.28 required=3 book_age_ms=78.0 secs_to_close=235.28 reason=mushroom_v28_exit_value_over_hold_single_shot_visible_depth mode=single_shot_ioc attempt=0
2026-05-09 15:26:05,742 | INFO | EXIT signal | market=KXBTC15M-26MAY091530-30 action=sell side=no trigger=98c limit=98c qty=3 book_ready=True mode=single_shot_ioc slices=1 attempt=0
2026-05-09 15:26:05,754 | INFO | Latency | purpose=exit feed_age_ms=-100.2 local_reaction_ms=94.0 trigger_seen_at=2026-05-09T19:26:05.754296+00:00 market_msg_time=2026-05-09T19:26:05.854505Z
2026-05-09 15:26:05,754 | INFO | Exit plan approved | market=KXBTC15M-26MAY091530-30 side=no trigger=98c limit=98c top_bid=98 depth=290.50 required=3 book_age_ms=15.0 secs_to_close=234.35 reason=mushroom_v28_exit_value_over_hold_single_shot_visible_depth mode=single_shot_ioc attempt=0
2026-05-09 15:26:07,771 | INFO | EXIT signal | market=KXBTC15M-26MAY091530-30 action=sell side=no trigger=98c limit=98c qty=3 book_ready=True mode=single_shot_ioc slices=1 attempt=0
2026-05-09 15:26:07,787 | INFO | Latency | purpose=exit feed_age_ms=-66.4 local_reaction_ms=141.0 trigger_seen_at=2026-05-09T19:26:07.787401+00:00 market_msg_time=2026-05-09T19:26:07.853765Z
2026-05-09 15:26:07,787 | INFO | Exit plan approved | market=KXBTC15M-26MAY091530-30 side=no trigger=98c limit=98c top_bid=98 depth=1162.64 required=3 book_age_ms=47.0 secs_to_close=232.35 reason=mushroom_v28_exit_value_over_hold_single_shot_visible_depth mode=single_shot_ioc attempt=0
2026-05-09 15:26:08,766 | INFO | EXIT signal | market=KXBTC15M-26MAY091530-30 action=sell side=no trigger=98c limit=98c qty=3 book_ready=True mode=single_shot_ioc slices=1 attempt=0
2026-05-09 15:26:08,766 | INFO | Latency | purpose=exit feed_age_ms=-220.0 local_reaction_ms=110.0 trigger_seen_at=2026-05-09T19:26:08.766290+00:00 market_msg_time=2026-05-09T19:26:08.986245Z
2026-05-09 15:26:08,766 | INFO | Exit plan approved | market=KXBTC15M-26MAY091530-30 side=no trigger=98c limit=98c top_bid=98 depth=130.00 required=3 book_age_ms=31.0 secs_to_close=231.35 reason=mushroom_v28_exit_value_over_hold_single_shot_visible_depth mode=single_shot_ioc attempt=0
2026-05-09 15:26:10,926 | INFO | Heartbeat | watch=KXBTC15M-26MAY091530-30 yes_bid=2 yes_ask=3 no_bid=97 no_ask=98 book_ready=True position=True pending=False dry_run=False trust=synced run_id=71ef5a81-f388-4c83-bc61-d4a8b86af06d
2026-05-09 15:26:14,866 | INFO | EXIT signal | market=KXBTC15M-26MAY091530-30 action=sell side=no trigger=98c limit=98c qty=3 book_ready=True mode=single_shot_ioc slices=1 attempt=0
2026-05-09 15:26:14,875 | INFO | Latency | purpose=exit feed_age_ms=-22.8 local_reaction_ms=203.0 trigger_seen_at=2026-05-09T19:26:14.875584+00:00 market_msg_time=2026-05-09T19:26:14.898345Z
2026-05-09 15:26:14,875 | INFO | Exit plan approved | market=KXBTC15M-26MAY091530-30 side=no trigger=98c limit=98c top_bid=98 depth=71.00 required=3 book_age_ms=109.0 secs_to_close=225.22 reason=mushroom_v28_exit_value_over_hold_single_shot_visible_depth mode=single_shot_ioc attempt=0
2026-05-09 15:26:17,005 | INFO | EXIT signal | market=KXBTC15M-26MAY091530-30 action=sell side=no trigger=98c limit=98c qty=3 book_ready=True mode=single_shot_ioc slices=1 attempt=0
2026-05-09 15:26:17,015 | INFO | Latency | purpose=exit feed_age_ms=439.9 local_reaction_ms=297.0 trigger_seen_at=2026-05-09T19:26:17.015783+00:00 market_msg_time=2026-05-09T19:26:16.575856Z
2026-05-09 15:26:17,015 | INFO | Exit plan approved | market=KXBTC15M-26MAY091530-30 side=no trigger=98c limit=98c top_bid=98 depth=190.00 required=3 book_age_ms=109.0 secs_to_close=223.18 reason=mushroom_v28_exit_value_over_hold_single_shot_visible_depth mode=single_shot_ioc attempt=0
2026-05-09 15:26:17,084 | INFO | EXIT fill | market=KXBTC15M-26MAY091530-30 side=no slice=1/1 qty=3 cumulative=3/3 remaining=0
2026-05-09 15:26:26,287 | INFO | Heartbeat | watch=KXBTC15M-26MAY091530-30 yes_bid=2 yes_ask=3 no_bid=97 no_ask=98 book_ready=True position=False pending=False dry_run=False trust=synced run_id=71ef5a81-f388-4c83-bc61-d4a8b86af06d
2026-05-09 15:26:41,442 | INFO | Heartbeat | watch=KXBTC15M-26MAY091530-30 yes_bid=2 yes_ask=2 no_bid=98 no_ask=98 book_ready=True position=False pending=False dry_run=False trust=synced run_id=71ef5a81-f388-4c83-bc61-d4a8b86af06d
2026-05-09 15:26:56,448 | INFO | Heartbeat | watch=KXBTC15M-26MAY091530-30 yes_bid=1 yes_ask=2 no_bid=98 no_ask=99 book_ready=True position=False pending=False dry_run=False trust=synced run_id=71ef5a81-f388-4c83-bc61-d4a8b86af06d
2026-05-09 15:27:11,611 | INFO | Heartbeat | watch=KXBTC15M-26MAY091530-30 yes_bid=1 yes_ask=2 no_bid=98 no_ask=99 book_ready=True position=False pending=False dry_run=False trust=synced run_id=71ef5a81-f388-4c83-bc61-d4a8b86af06d
2026-05-09 15:27:26,870 | INFO | Heartbeat | watch=KXBTC15M-26MAY091530-30 yes_bid=1 yes_ask=1 no_bid=99 no_ask=99 book_ready=True position=False pending=False dry_run=False trust=synced run_id=71ef5a81-f388-4c83-bc61-d4a8b86af06d
2026-05-09 15:27:41,901 | INFO | Heartbeat | watch=KXBTC15M-26MAY091530-30 yes_bid=0 yes_ask=1 no_bid=99 no_ask=100 book_ready=True position=False pending=False dry_run=False trust=synced run_id=71ef5a81-f388-4c83-bc61-d4a8b86af06d
2026-05-09 15:27:57,063 | INFO | Heartbeat | watch=KXBTC15M-26MAY091530-30 yes_bid=0 yes_ask=0 no_bid=100 no_ask=100 book_ready=True position=False pending=False dry_run=False trust=synced run_id=71ef5a81-f388-4c83-bc61-d4a8b86af06d
2026-05-09 15:28:12,144 | INFO | Heartbeat | watch=KXBTC15M-26MAY091530-30 yes_bid=0 yes_ask=0 no_bid=100 no_ask=100 book_ready=True position=False pending=False dry_run=False trust=synced run_id=71ef5a81-f388-4c83-bc61-d4a8b86af06d
2026-05-09 15:28:27,324 | INFO | Heartbeat | watch=KXBTC15M-26MAY091530-30 yes_bid=0 yes_ask=1 no_bid=99 no_ask=100 book_ready=True position=False pending=False dry_run=False trust=synced run_id=71ef5a81-f388-4c83-bc61-d4a8b86af06d
2026-05-09 15:28:42,712 | INFO | Heartbeat | watch=KXBTC15M-26MAY091530-30 yes_bid=0 yes_ask=1 no_bid=99 no_ask=100 book_ready=True position=False pending=False dry_run=False trust=synced run_id=71ef5a81-f388-4c83-bc61-d4a8b86af06d
2026-05-09 15:28:58,275 | INFO | Heartbeat | watch=KXBTC15M-26MAY091530-30 yes_bid=0 yes_ask=0 no_bid=100 no_ask=100 book_ready=True position=False pending=False dry_run=False trust=synced run_id=71ef5a81-f388-4c83-bc61-d4a8b86af06d
2026-05-09 15:29:00,930 | ERROR | Main loop recoverable error | watch=KXBTC15M-26MAY091530-30 trust=synced run_id=71ef5a81-f388-4c83-bc61-d4a8b86af06d error=[WinError 5] Access is denied: 'C:\\Users\\organ\\Desktop\\KALSHI PROBABILITY MODEL BOT\\state\\live_mushroom_v28_common_clock_phi_reward_memory_size2_live\\tmp_3u0a5q8' -> 'C:\\Users\\organ\\Desktop\\KALSHI PROBABILITY MODEL BOT\\state\\live_mushroom_v28_common_clock_phi_reward_memory_size2_live\\v28_phi_reward_memory_state.json'
Traceback (most recent call last):
  File "C:\Users\organ\Desktop\KALSHI PROBABILITY MODEL BOT\kalshi_btc15m_bot_ws.py", line 2500, in run
    await self.maybe_check_entry()
  File "C:\Users\organ\Desktop\KALSHI PROBABILITY MODEL BOT\kalshi_btc15m_bot_ws.py", line 3709, in maybe_check_entry
    signal = self.detect_entry_signal()
             ^^^^^^^^^^^^^^^^^^^^^^^^^^
  File "C:\Users\organ\Desktop\KALSHI PROBABILITY MODEL BOT\kalshi_btc15m_bot_ws.py", line 5136, in detect_entry_signal
    return self.detect_mushroom_v28_entry_signal()
           ^^^^^^^^^^^^^^^^^^^^^^^^^^^^^^^^^^^^^^^
  File "C:\Users\organ\Desktop\KALSHI PROBABILITY MODEL BOT\kalshi_btc15m_bot_ws.py", line 4747, in detect_mushroom_v28_entry_signal
    fields = self.build_mushroom_v28_decision_fields(
             ^^^^^^^^^^^^^^^^^^^^^^^^^^^^^^^^^^^^^^^^
  File "C:\Users\organ\Desktop\KALSHI PROBABILITY MODEL BOT\kalshi_btc15m_bot_ws.py", line 4650, in build_mushroom_v28_decision_fields
    fields = self.mushroom_v28_phi_memory.apply_entry(
             ^^^^^^^^^^^^^^^^^^^^^^^^^^^^^^^^^^^^^^^^^
  File "C:\Users\organ\Desktop\KALSHI PROBABILITY MODEL BOT\v28_phi_reward_memory.py", line 508, in apply_entry
    self._record_pending_decision(
  File "C:\Users\organ\Desktop\KALSHI PROBABILITY MODEL BOT\v28_phi_reward_memory.py", line 652, in _record_pending_decision
    self.save()
  File "C:\Users\organ\Desktop\KALSHI PROBABILITY MODEL BOT\v28_phi_reward_memory.py", line 202, in save
    os.replace(tmp_path, self.state_path)
PermissionError: [WinError 5] Access is denied: 'C:\\Users\\organ\\Desktop\\KALSHI PROBABILITY MODEL BOT\\state\\live_mushroom_v28_common_clock_phi_reward_memory_size2_live\\tmp_3u0a5q8' -> 'C:\\Users\\organ\\Desktop\\KALSHI PROBABILITY MODEL BOT\\state\\live_mushroom_v28_common_clock_phi_reward_memory_size2_live\\v28_phi_reward_memory_state.json'
2026-05-09 15:29:13,387 | INFO | Heartbeat | watch=KXBTC15M-26MAY091530-30 yes_bid=0 yes_ask=0 no_bid=100 no_ask=100 book_ready=True position=False pending=False dry_run=False trust=synced run_id=71ef5a81-f388-4c83-bc61-d4a8b86af06d
2026-05-09 15:29:28,500 | INFO | Heartbeat | watch=KXBTC15M-26MAY091530-30 yes_bid=0 yes_ask=0 no_bid=100 no_ask=100 book_ready=True position=False pending=False dry_run=False trust=synced run_id=71ef5a81-f388-4c83-bc61-d4a8b86af06d
2026-05-09 15:29:43,504 | INFO | Heartbeat | watch=KXBTC15M-26MAY091530-30 yes_bid=0 yes_ask=0 no_bid=100 no_ask=100 book_ready=True position=False pending=False dry_run=False trust=synced run_id=71ef5a81-f388-4c83-bc61-d4a8b86af06d
2026-05-09 15:29:54,687 | INFO | Mushroom v28 BTC REST fallback refreshed stale tick | previous_age_ms=3125.0 threshold_ms=3000.0 source=coinbase_spot_rest
2026-05-09 15:29:58,664 | INFO | Heartbeat | watch=KXBTC15M-26MAY091530-30 yes_bid=0 yes_ask=0 no_bid=100 no_ask=100 book_ready=True position=False pending=False dry_run=False trust=synced run_id=71ef5a81-f388-4c83-bc61-d4a8b86af06d
2026-05-09 15:30:06,180 | INFO | Orderbook snapshot ready for KXBTC15M-26MAY091530-30
2026-05-09 15:30:13,745 | INFO | Heartbeat | watch=KXBTC15M-26MAY091530-30 yes_bid=0 yes_ask=100 no_bid=0 no_ask=100 book_ready=True position=False pending=False dry_run=False trust=synced run_id=71ef5a81-f388-4c83-bc61-d4a8b86af06d
2026-05-09 15:30:17,832 | INFO | Watching market KXBTC15M-26MAY091545-45 close_time=2026-05-09T19:45:00Z status=active strike=80813.93 run_id=71ef5a81-f388-4c83-bc61-d4a8b86af06d
2026-05-09 15:30:17,964 | INFO | Mushroom v28 phi memory reward update | market=KXBTC15M-26MAY091515-15 result=no decisions=23 reward_delta=-358.00c actual_pnl=-0.31
2026-05-09 15:30:18,259 | INFO | WS connected for KXBTC15M-26MAY091545-45
2026-05-09 15:30:18,325 | INFO | WS subscribed payload: {'type': 'subscribed', 'id': 11, 'msg': {'channel': 'ticker', 'sid': 1}}
2026-05-09 15:30:18,333 | INFO | WS subscribed payload: {'type': 'subscribed', 'id': 11, 'msg': {'channel': 'orderbook_delta', 'sid': 2}}
2026-05-09 15:30:18,333 | INFO | Orderbook snapshot ready for KXBTC15M-26MAY091545-45
2026-05-09 15:30:28,818 | INFO | Heartbeat | watch=KXBTC15M-26MAY091545-45 yes_bid=54 yes_ask=55 no_bid=45 no_ask=46 book_ready=True position=False pending=False dry_run=False trust=synced run_id=71ef5a81-f388-4c83-bc61-d4a8b86af06d
2026-05-09 15:30:44,357 | INFO | Heartbeat | watch=KXBTC15M-26MAY091545-45 yes_bid=50 yes_ask=51 no_bid=49 no_ask=50 book_ready=True position=False pending=False dry_run=False trust=synced run_id=71ef5a81-f388-4c83-bc61-d4a8b86af06d
2026-05-09 15:31:00,053 | INFO | Heartbeat | watch=KXBTC15M-26MAY091545-45 yes_bid=41 yes_ask=42 no_bid=58 no_ask=59 book_ready=True position=False pending=False dry_run=False trust=synced run_id=71ef5a81-f388-4c83-bc61-d4a8b86af06d
2026-05-09 15:31:15,517 | INFO | Heartbeat | watch=KXBTC15M-26MAY091545-45 yes_bid=47 yes_ask=48 no_bid=52 no_ask=53 book_ready=True position=False pending=False dry_run=False trust=synced run_id=71ef5a81-f388-4c83-bc61-d4a8b86af06d
2026-05-09 15:31:31,014 | INFO | Heartbeat | watch=KXBTC15M-26MAY091545-45 yes_bid=38 yes_ask=39 no_bid=61 no_ask=62 book_ready=True position=False pending=False dry_run=False trust=synced run_id=71ef5a81-f388-4c83-bc61-d4a8b86af06d
2026-05-09 15:31:46,661 | INFO | Heartbeat | watch=KXBTC15M-26MAY091545-45 yes_bid=39 yes_ask=40 no_bid=60 no_ask=61 book_ready=True position=False pending=False dry_run=False trust=synced run_id=71ef5a81-f388-4c83-bc61-d4a8b86af06d
2026-05-09 15:32:02,101 | INFO | Heartbeat | watch=KXBTC15M-26MAY091545-45 yes_bid=38 yes_ask=39 no_bid=61 no_ask=62 book_ready=True position=False pending=False dry_run=False trust=synced run_id=71ef5a81-f388-4c83-bc61-d4a8b86af06d
2026-05-09 15:32:17,229 | INFO | Heartbeat | watch=KXBTC15M-26MAY091545-45 yes_bid=44 yes_ask=45 no_bid=55 no_ask=56 book_ready=True position=False pending=False dry_run=False trust=synced run_id=71ef5a81-f388-4c83-bc61-d4a8b86af06d
2026-05-09 15:32:32,474 | INFO | Heartbeat | watch=KXBTC15M-26MAY091545-45 yes_bid=42 yes_ask=43 no_bid=57 no_ask=58 book_ready=True position=False pending=False dry_run=False trust=synced run_id=71ef5a81-f388-4c83-bc61-d4a8b86af06d
2026-05-09 15:32:48,237 | INFO | Heartbeat | watch=KXBTC15M-26MAY091545-45 yes_bid=39 yes_ask=40 no_bid=60 no_ask=61 book_ready=True position=False pending=False dry_run=False trust=synced run_id=71ef5a81-f388-4c83-bc61-d4a8b86af06d
2026-05-09 15:33:03,414 | INFO | Heartbeat | watch=KXBTC15M-26MAY091545-45 yes_bid=41 yes_ask=42 no_bid=58 no_ask=59 book_ready=True position=False pending=False dry_run=False trust=synced run_id=71ef5a81-f388-4c83-bc61-d4a8b86af06d
2026-05-09 15:33:18,619 | INFO | Heartbeat | watch=KXBTC15M-26MAY091545-45 yes_bid=40 yes_ask=41 no_bid=59 no_ask=60 book_ready=True position=False pending=False dry_run=False trust=synced run_id=71ef5a81-f388-4c83-bc61-d4a8b86af06d
2026-05-09 15:33:34,328 | INFO | Heartbeat | watch=KXBTC15M-26MAY091545-45 yes_bid=44 yes_ask=45 no_bid=55 no_ask=56 book_ready=True position=False pending=False dry_run=False trust=synced run_id=71ef5a81-f388-4c83-bc61-d4a8b86af06d
2026-05-09 15:33:49,530 | INFO | Heartbeat | watch=KXBTC15M-26MAY091545-45 yes_bid=41 yes_ask=42 no_bid=58 no_ask=59 book_ready=True position=False pending=False dry_run=False trust=synced run_id=71ef5a81-f388-4c83-bc61-d4a8b86af06d
2026-05-09 15:34:04,882 | INFO | Heartbeat | watch=KXBTC15M-26MAY091545-45 yes_bid=40 yes_ask=41 no_bid=59 no_ask=60 book_ready=True position=False pending=False dry_run=False trust=synced run_id=71ef5a81-f388-4c83-bc61-d4a8b86af06d
2026-05-09 15:34:20,076 | INFO | Heartbeat | watch=KXBTC15M-26MAY091545-45 yes_bid=40 yes_ask=41 no_bid=59 no_ask=60 book_ready=True position=False pending=False dry_run=False trust=synced run_id=71ef5a81-f388-4c83-bc61-d4a8b86af06d
2026-05-09 15:34:35,275 | INFO | Heartbeat | watch=KXBTC15M-26MAY091545-45 yes_bid=40 yes_ask=41 no_bid=59 no_ask=60 book_ready=True position=False pending=False dry_run=False trust=synced run_id=71ef5a81-f388-4c83-bc61-d4a8b86af06d
2026-05-09 15:34:50,766 | INFO | Heartbeat | watch=KXBTC15M-26MAY091545-45 yes_bid=37 yes_ask=38 no_bid=62 no_ask=63 book_ready=True position=False pending=False dry_run=False trust=synced run_id=71ef5a81-f388-4c83-bc61-d4a8b86af06d
2026-05-09 15:35:06,575 | INFO | Heartbeat | watch=KXBTC15M-26MAY091545-45 yes_bid=34 yes_ask=35 no_bid=65 no_ask=66 book_ready=True position=False pending=False dry_run=False trust=synced run_id=71ef5a81-f388-4c83-bc61-d4a8b86af06d
2026-05-09 15:35:22,298 | INFO | Heartbeat | watch=KXBTC15M-26MAY091545-45 yes_bid=33 yes_ask=34 no_bid=66 no_ask=67 book_ready=True position=False pending=False dry_run=False trust=synced run_id=71ef5a81-f388-4c83-bc61-d4a8b86af06d
2026-05-09 15:35:37,500 | INFO | Heartbeat | watch=KXBTC15M-26MAY091545-45 yes_bid=36 yes_ask=37 no_bid=63 no_ask=64 book_ready=True position=False pending=False dry_run=False trust=synced run_id=71ef5a81-f388-4c83-bc61-d4a8b86af06d
2026-05-09 15:35:52,916 | INFO | Heartbeat | watch=KXBTC15M-26MAY091545-45 yes_bid=34 yes_ask=35 no_bid=65 no_ask=66 book_ready=True position=False pending=False dry_run=False trust=synced run_id=71ef5a81-f388-4c83-bc61-d4a8b86af06d
2026-05-09 15:36:08,451 | INFO | Heartbeat | watch=KXBTC15M-26MAY091545-45 yes_bid=33 yes_ask=34 no_bid=66 no_ask=67 book_ready=True position=False pending=False dry_run=False trust=synced run_id=71ef5a81-f388-4c83-bc61-d4a8b86af06d
2026-05-09 15:36:17,729 | INFO | Mushroom v28 BTC REST fallback refreshed stale tick | previous_age_ms=3094.0 threshold_ms=3000.0 source=coinbase_spot_rest
2026-05-09 15:36:23,593 | INFO | Heartbeat | watch=KXBTC15M-26MAY091545-45 yes_bid=33 yes_ask=34 no_bid=66 no_ask=67 book_ready=True position=False pending=False dry_run=False trust=synced run_id=71ef5a81-f388-4c83-bc61-d4a8b86af06d
2026-05-09 15:36:38,819 | INFO | Heartbeat | watch=KXBTC15M-26MAY091545-45 yes_bid=32 yes_ask=34 no_bid=66 no_ask=68 book_ready=True position=False pending=False dry_run=False trust=synced run_id=71ef5a81-f388-4c83-bc61-d4a8b86af06d
2026-05-09 15:36:39,910 | INFO | Mushroom v28 BTC REST fallback refreshed stale tick | previous_age_ms=3297.0 threshold_ms=3000.0 source=coinbase_spot_rest
2026-05-09 15:36:45,328 | INFO | Mushroom v28 BTC REST fallback refreshed stale tick | previous_age_ms=3172.0 threshold_ms=3000.0 source=coinbase_spot_rest
2026-05-09 15:36:53,980 | INFO | Heartbeat | watch=KXBTC15M-26MAY091545-45 yes_bid=26 yes_ask=27 no_bid=73 no_ask=74 book_ready=True position=False pending=False dry_run=False trust=synced run_id=71ef5a81-f388-4c83-bc61-d4a8b86af06d
2026-05-09 15:37:09,443 | INFO | Heartbeat | watch=KXBTC15M-26MAY091545-45 yes_bid=21 yes_ask=22 no_bid=78 no_ask=79 book_ready=True position=False pending=False dry_run=False trust=synced run_id=71ef5a81-f388-4c83-bc61-d4a8b86af06d
2026-05-09 15:37:25,557 | INFO | Heartbeat | watch=KXBTC15M-26MAY091545-45 yes_bid=21 yes_ask=22 no_bid=78 no_ask=79 book_ready=True position=False pending=False dry_run=False trust=synced run_id=71ef5a81-f388-4c83-bc61-d4a8b86af06d
2026-05-09 15:37:41,208 | INFO | Heartbeat | watch=KXBTC15M-26MAY091545-45 yes_bid=21 yes_ask=22 no_bid=78 no_ask=79 book_ready=True position=False pending=False dry_run=False trust=synced run_id=71ef5a81-f388-4c83-bc61-d4a8b86af06d
2026-05-09 15:37:56,681 | INFO | Heartbeat | watch=KXBTC15M-26MAY091545-45 yes_bid=28 yes_ask=29 no_bid=71 no_ask=72 book_ready=True position=False pending=False dry_run=False trust=synced run_id=71ef5a81-f388-4c83-bc61-d4a8b86af06d
2026-05-09 15:38:11,964 | INFO | Heartbeat | watch=KXBTC15M-26MAY091545-45 yes_bid=36 yes_ask=37 no_bid=63 no_ask=64 book_ready=True position=False pending=False dry_run=False trust=synced run_id=71ef5a81-f388-4c83-bc61-d4a8b86af06d
2026-05-09 15:38:27,370 | INFO | Heartbeat | watch=KXBTC15M-26MAY091545-45 yes_bid=35 yes_ask=36 no_bid=64 no_ask=65 book_ready=True position=False pending=False dry_run=False trust=synced run_id=71ef5a81-f388-4c83-bc61-d4a8b86af06d
2026-05-09 15:38:42,454 | INFO | Heartbeat | watch=KXBTC15M-26MAY091545-45 yes_bid=33 yes_ask=34 no_bid=66 no_ask=67 book_ready=True position=False pending=False dry_run=False trust=synced run_id=71ef5a81-f388-4c83-bc61-d4a8b86af06d
2026-05-09 15:38:57,531 | INFO | Heartbeat | watch=KXBTC15M-26MAY091545-45 yes_bid=34 yes_ask=35 no_bid=65 no_ask=66 book_ready=True position=False pending=False dry_run=False trust=synced run_id=71ef5a81-f388-4c83-bc61-d4a8b86af06d
2026-05-09 15:39:12,894 | INFO | Heartbeat | watch=KXBTC15M-26MAY091545-45 yes_bid=33 yes_ask=34 no_bid=66 no_ask=67 book_ready=True position=False pending=False dry_run=False trust=synced run_id=71ef5a81-f388-4c83-bc61-d4a8b86af06d
2026-05-09 15:39:28,061 | INFO | Heartbeat | watch=KXBTC15M-26MAY091545-45 yes_bid=30 yes_ask=32 no_bid=68 no_ask=70 book_ready=True position=False pending=False dry_run=False trust=synced run_id=71ef5a81-f388-4c83-bc61-d4a8b86af06d
2026-05-09 15:39:43,307 | INFO | Heartbeat | watch=KXBTC15M-26MAY091545-45 yes_bid=29 yes_ask=30 no_bid=70 no_ask=71 book_ready=True position=False pending=False dry_run=False trust=synced run_id=71ef5a81-f388-4c83-bc61-d4a8b86af06d
2026-05-09 15:39:58,906 | INFO | Heartbeat | watch=KXBTC15M-26MAY091545-45 yes_bid=30 yes_ask=31 no_bid=69 no_ask=70 book_ready=True position=False pending=False dry_run=False trust=synced run_id=71ef5a81-f388-4c83-bc61-d4a8b86af06d
2026-05-09 15:40:14,166 | INFO | Heartbeat | watch=KXBTC15M-26MAY091545-45 yes_bid=62 yes_ask=63 no_bid=37 no_ask=38 book_ready=True position=False pending=False dry_run=False trust=synced run_id=71ef5a81-f388-4c83-bc61-d4a8b86af06d
2026-05-09 15:40:29,526 | INFO | Heartbeat | watch=KXBTC15M-26MAY091545-45 yes_bid=73 yes_ask=74 no_bid=26 no_ask=27 book_ready=True position=False pending=False dry_run=False trust=synced run_id=71ef5a81-f388-4c83-bc61-d4a8b86af06d
2026-05-09 15:40:45,209 | INFO | Heartbeat | watch=KXBTC15M-26MAY091545-45 yes_bid=78 yes_ask=81 no_bid=19 no_ask=22 book_ready=True position=False pending=False dry_run=False trust=synced run_id=71ef5a81-f388-4c83-bc61-d4a8b86af06d
2026-05-09 15:40:50,934 | INFO | Mushroom v28 entry approved | market=KXBTC15M-26MAY091545-45 side=yes ask=80c max_buy=80c qty=2 p_side=0.8582 edge=3.318c depth=62.46 btc_age_ms=0.0 secs_to_close=249.22
2026-05-09 15:40:51,056 | INFO | Execution state | market=KXBTC15M-26MAY091545-45 side=yes state=eligible reason=pre_filters_disabled trust=synced run_id=71ef5a81-f388-4c83-bc61-d4a8b86af06d
2026-05-09 15:40:51,070 | INFO | Execution deferred | market=KXBTC15M-26MAY091545-45 side=yes reason=missing_account_state trigger=80 top_of_book=80 book=[80:62.46, 82:3064.21, 83:98, 84:201, 85:729.24] trust=synced
2026-05-09 15:40:51,070 | INFO | Execution state | market=KXBTC15M-26MAY091545-45 side=yes state=abandoned reason=missing_account_state trust=synced run_id=71ef5a81-f388-4c83-bc61-d4a8b86af06d
2026-05-09 15:40:51,229 | INFO | Mushroom v28 entry approved | market=KXBTC15M-26MAY091545-45 side=yes ask=80c max_buy=80c qty=2 p_side=0.8582 edge=3.323c depth=42.74 btc_age_ms=297.0 secs_to_close=248.93
2026-05-09 15:40:51,319 | INFO | Execution state | market=KXBTC15M-26MAY091545-45 side=yes state=eligible reason=pre_filters_disabled trust=synced run_id=71ef5a81-f388-4c83-bc61-d4a8b86af06d
2026-05-09 15:40:51,323 | INFO | Live fill policy approved | market=KXBTC15M-26MAY091545-45 side=yes trigger=80c tif=immediate_or_cancel limit=80c depth=42.74 required=3 book_age_ms=500.0 secs_to_close=248.93 reason=single_shot_abundant_depth
2026-05-09 15:40:51,323 | INFO | ENTRY signal | market=KXBTC15M-26MAY091545-45 action=buy side=yes trigger=80c limit=80c qty=2 book_ready=True
2026-05-09 15:40:51,327 | INFO | Execution state | market=KXBTC15M-26MAY091545-45 side=yes state=submitting reason=single_shot_abundant_depth trust=synced run_id=71ef5a81-f388-4c83-bc61-d4a8b86af06d
2026-05-09 15:40:51,376 | INFO | ENTRY immediate fill | market=KXBTC15M-26MAY091545-45 side=yes qty=2 limit=80c
2026-05-09 15:40:51,381 | INFO | Execution state | market=KXBTC15M-26MAY091545-45 side=yes state=filled reason=single_shot_abundant_depth trust=synced run_id=71ef5a81-f388-4c83-bc61-d4a8b86af06d
2026-05-09 15:41:00,352 | INFO | Heartbeat | watch=KXBTC15M-26MAY091545-45 yes_bid=83 yes_ask=84 no_bid=16 no_ask=17 book_ready=True position=True pending=False dry_run=False trust=synced run_id=71ef5a81-f388-4c83-bc61-d4a8b86af06d
2026-05-09 15:41:15,374 | INFO | Heartbeat | watch=KXBTC15M-26MAY091545-45 yes_bid=81 yes_ask=82 no_bid=18 no_ask=19 book_ready=True position=True pending=False dry_run=False trust=synced run_id=71ef5a81-f388-4c83-bc61-d4a8b86af06d
2026-05-09 15:41:22,570 | INFO | EXIT signal | market=KXBTC15M-26MAY091545-45 action=sell side=yes trigger=82c limit=82c qty=2 book_ready=True mode=single_shot_ioc slices=1 attempt=0
2026-05-09 15:41:22,584 | INFO | Latency | purpose=exit feed_age_ms=94.6 local_reaction_ms=250.0 trigger_seen_at=2026-05-09T19:41:22.584564+00:00 market_msg_time=2026-05-09T19:41:22.489937Z
2026-05-09 15:41:22,584 | INFO | Exit plan approved | market=KXBTC15M-26MAY091545-45 side=yes trigger=82c limit=82c top_bid=82 depth=19.00 required=2 book_age_ms=109.0 secs_to_close=217.54 reason=mushroom_v28_exit_value_over_hold_single_shot_visible_depth mode=single_shot_ioc attempt=0
2026-05-09 15:41:22,693 | INFO | EXIT fill | market=KXBTC15M-26MAY091545-45 side=yes slice=1/1 qty=2 cumulative=2/2 remaining=0
2026-05-09 15:41:30,851 | INFO | Heartbeat | watch=KXBTC15M-26MAY091545-45 yes_bid=83 yes_ask=84 no_bid=16 no_ask=17 book_ready=True position=False pending=False dry_run=False trust=synced run_id=71ef5a81-f388-4c83-bc61-d4a8b86af06d
2026-05-09 15:41:46,017 | INFO | Heartbeat | watch=KXBTC15M-26MAY091545-45 yes_bid=85 yes_ask=87 no_bid=13 no_ask=15 book_ready=True position=False pending=False dry_run=False trust=synced run_id=71ef5a81-f388-4c83-bc61-d4a8b86af06d
2026-05-09 15:42:01,328 | INFO | Heartbeat | watch=KXBTC15M-26MAY091545-45 yes_bid=55 yes_ask=56 no_bid=44 no_ask=45 book_ready=True position=False pending=False dry_run=False trust=synced run_id=71ef5a81-f388-4c83-bc61-d4a8b86af06d
2026-05-09 15:42:16,323 | INFO | Heartbeat | watch=KXBTC15M-26MAY091545-45 yes_bid=63 yes_ask=64 no_bid=36 no_ask=37 book_ready=True position=False pending=False dry_run=False trust=synced run_id=71ef5a81-f388-4c83-bc61-d4a8b86af06d
2026-05-09 15:42:31,703 | INFO | Heartbeat | watch=KXBTC15M-26MAY091545-45 yes_bid=62 yes_ask=63 no_bid=37 no_ask=38 book_ready=True position=False pending=False dry_run=False trust=synced run_id=71ef5a81-f388-4c83-bc61-d4a8b86af06d
2026-05-09 15:42:46,863 | INFO | Heartbeat | watch=KXBTC15M-26MAY091545-45 yes_bid=65 yes_ask=66 no_bid=34 no_ask=35 book_ready=True position=False pending=False dry_run=False trust=synced run_id=71ef5a81-f388-4c83-bc61-d4a8b86af06d
2026-05-09 15:43:02,407 | INFO | Heartbeat | watch=KXBTC15M-26MAY091545-45 yes_bid=55 yes_ask=58 no_bid=42 no_ask=45 book_ready=True position=False pending=False dry_run=False trust=synced run_id=71ef5a81-f388-4c83-bc61-d4a8b86af06d
2026-05-09 15:43:17,516 | INFO | Heartbeat | watch=KXBTC15M-26MAY091545-45 yes_bid=64 yes_ask=65 no_bid=35 no_ask=36 book_ready=True position=False pending=False dry_run=False trust=synced run_id=71ef5a81-f388-4c83-bc61-d4a8b86af06d
2026-05-09 15:43:32,533 | INFO | Heartbeat | watch=KXBTC15M-26MAY091545-45 yes_bid=53 yes_ask=56 no_bid=44 no_ask=47 book_ready=True position=False pending=False dry_run=False trust=synced run_id=71ef5a81-f388-4c83-bc61-d4a8b86af06d
2026-05-09 15:43:47,829 | INFO | Heartbeat | watch=KXBTC15M-26MAY091545-45 yes_bid=63 yes_ask=64 no_bid=36 no_ask=37 book_ready=True position=False pending=False dry_run=False trust=synced run_id=71ef5a81-f388-4c83-bc61-d4a8b86af06d
2026-05-09 15:44:03,128 | INFO | Heartbeat | watch=KXBTC15M-26MAY091545-45 yes_bid=70 yes_ask=71 no_bid=29 no_ask=30 book_ready=True position=False pending=False dry_run=False trust=synced run_id=71ef5a81-f388-4c83-bc61-d4a8b86af06d
2026-05-09 15:44:18,445 | INFO | Heartbeat | watch=KXBTC15M-26MAY091545-45 yes_bid=99 yes_ask=99 no_bid=1 no_ask=1 book_ready=True position=False pending=False dry_run=False trust=synced run_id=71ef5a81-f388-4c83-bc61-d4a8b86af06d
2026-05-09 15:44:33,846 | INFO | Heartbeat | watch=KXBTC15M-26MAY091545-45 yes_bid=100 yes_ask=100 no_bid=0 no_ask=0 book_ready=True position=False pending=False dry_run=False trust=synced run_id=71ef5a81-f388-4c83-bc61-d4a8b86af06d
2026-05-09 15:44:49,275 | INFO | Heartbeat | watch=KXBTC15M-26MAY091545-45 yes_bid=100 yes_ask=100 no_bid=0 no_ask=0 book_ready=True position=False pending=False dry_run=False trust=synced run_id=71ef5a81-f388-4c83-bc61-d4a8b86af06d
2026-05-09 15:45:04,304 | INFO | Heartbeat | watch=KXBTC15M-26MAY091545-45 yes_bid=0 yes_ask=100 no_bid=0 no_ask=100 book_ready=True position=False pending=False dry_run=False trust=synced run_id=71ef5a81-f388-4c83-bc61-d4a8b86af06d
2026-05-09 15:45:05,693 | INFO | Orderbook snapshot ready for KXBTC15M-26MAY091545-45
2026-05-09 15:45:17,913 | INFO | Watching market KXBTC15M-26MAY091600-00 close_time=2026-05-09T20:00:00Z status=active strike=80830.75 run_id=71ef5a81-f388-4c83-bc61-d4a8b86af06d
2026-05-09 15:45:18,102 | INFO | WS connected for KXBTC15M-26MAY091600-00
2026-05-09 15:45:18,142 | INFO | WS subscribed payload: {'type': 'subscribed', 'id': 12, 'msg': {'channel': 'ticker', 'sid': 1}}
2026-05-09 15:45:18,142 | INFO | WS subscribed payload: {'type': 'subscribed', 'id': 12, 'msg': {'channel': 'orderbook_delta', 'sid': 2}}
2026-05-09 15:45:18,142 | INFO | Orderbook snapshot ready for KXBTC15M-26MAY091600-00
2026-05-09 15:45:19,392 | INFO | Heartbeat | watch=KXBTC15M-26MAY091600-00 yes_bid=None yes_ask=None no_bid=None no_ask=None book_ready=True position=False pending=False dry_run=False trust=synced run_id=71ef5a81-f388-4c83-bc61-d4a8b86af06d
2026-05-09 15:45:34,871 | INFO | Heartbeat | watch=KXBTC15M-26MAY091600-00 yes_bid=47 yes_ask=48 no_bid=52 no_ask=53 book_ready=True position=False pending=False dry_run=False trust=synced run_id=71ef5a81-f388-4c83-bc61-d4a8b86af06d
2026-05-09 15:45:50,586 | INFO | Heartbeat | watch=KXBTC15M-26MAY091600-00 yes_bid=47 yes_ask=48 no_bid=52 no_ask=53 book_ready=True position=False pending=False dry_run=False trust=synced run_id=71ef5a81-f388-4c83-bc61-d4a8b86af06d
2026-05-09 15:46:06,385 | INFO | Heartbeat | watch=KXBTC15M-26MAY091600-00 yes_bid=48 yes_ask=50 no_bid=50 no_ask=52 book_ready=True position=False pending=False dry_run=False trust=synced run_id=71ef5a81-f388-4c83-bc61-d4a8b86af06d
2026-05-09 15:46:21,827 | INFO | Heartbeat | watch=KXBTC15M-26MAY091600-00 yes_bid=49 yes_ask=50 no_bid=50 no_ask=51 book_ready=True position=False pending=False dry_run=False trust=synced run_id=71ef5a81-f388-4c83-bc61-d4a8b86af06d
2026-05-09 15:46:37,193 | INFO | Heartbeat | watch=KXBTC15M-26MAY091600-00 yes_bid=49 yes_ask=50 no_bid=50 no_ask=51 book_ready=True position=False pending=False dry_run=False trust=synced run_id=71ef5a81-f388-4c83-bc61-d4a8b86af06d
2026-05-09 15:46:53,855 | INFO | Heartbeat | watch=KXBTC15M-26MAY091600-00 yes_bid=38 yes_ask=39 no_bid=61 no_ask=62 book_ready=True position=False pending=False dry_run=False trust=synced run_id=71ef5a81-f388-4c83-bc61-d4a8b86af06d
2026-05-09 15:47:08,970 | INFO | Heartbeat | watch=KXBTC15M-26MAY091600-00 yes_bid=43 yes_ask=44 no_bid=56 no_ask=57 book_ready=True position=False pending=False dry_run=False trust=synced run_id=71ef5a81-f388-4c83-bc61-d4a8b86af06d
2026-05-09 15:47:24,042 | INFO | Heartbeat | watch=KXBTC15M-26MAY091600-00 yes_bid=57 yes_ask=58 no_bid=42 no_ask=43 book_ready=True position=False pending=False dry_run=False trust=synced run_id=71ef5a81-f388-4c83-bc61-d4a8b86af06d
2026-05-09 15:47:39,935 | INFO | Heartbeat | watch=KXBTC15M-26MAY091600-00 yes_bid=57 yes_ask=58 no_bid=42 no_ask=43 book_ready=True position=False pending=False dry_run=False trust=synced run_id=71ef5a81-f388-4c83-bc61-d4a8b86af06d
2026-05-09 15:47:55,326 | INFO | Heartbeat | watch=KXBTC15M-26MAY091600-00 yes_bid=50 yes_ask=51 no_bid=49 no_ask=50 book_ready=True position=False pending=False dry_run=False trust=synced run_id=71ef5a81-f388-4c83-bc61-d4a8b86af06d
2026-05-09 15:48:10,734 | INFO | Heartbeat | watch=KXBTC15M-26MAY091600-00 yes_bid=51 yes_ask=52 no_bid=48 no_ask=49 book_ready=True position=False pending=False dry_run=False trust=synced run_id=71ef5a81-f388-4c83-bc61-d4a8b86af06d
2026-05-09 15:48:26,330 | INFO | Heartbeat | watch=KXBTC15M-26MAY091600-00 yes_bid=52 yes_ask=53 no_bid=47 no_ask=48 book_ready=True position=False pending=False dry_run=False trust=synced run_id=71ef5a81-f388-4c83-bc61-d4a8b86af06d
2026-05-09 15:48:41,741 | INFO | Heartbeat | watch=KXBTC15M-26MAY091600-00 yes_bid=52 yes_ask=53 no_bid=47 no_ask=48 book_ready=True position=False pending=False dry_run=False trust=synced run_id=71ef5a81-f388-4c83-bc61-d4a8b86af06d
2026-05-09 15:48:57,137 | INFO | Heartbeat | watch=KXBTC15M-26MAY091600-00 yes_bid=66 yes_ask=67 no_bid=33 no_ask=34 book_ready=True position=False pending=False dry_run=False trust=synced run_id=71ef5a81-f388-4c83-bc61-d4a8b86af06d
2026-05-09 15:49:12,757 | INFO | Heartbeat | watch=KXBTC15M-26MAY091600-00 yes_bid=63 yes_ask=64 no_bid=36 no_ask=37 book_ready=True position=False pending=False dry_run=False trust=synced run_id=71ef5a81-f388-4c83-bc61-d4a8b86af06d
2026-05-09 15:49:28,345 | INFO | Heartbeat | watch=KXBTC15M-26MAY091600-00 yes_bid=63 yes_ask=65 no_bid=35 no_ask=37 book_ready=True position=False pending=False dry_run=False trust=synced run_id=71ef5a81-f388-4c83-bc61-d4a8b86af06d
2026-05-09 15:49:43,393 | INFO | Heartbeat | watch=KXBTC15M-26MAY091600-00 yes_bid=65 yes_ask=66 no_bid=34 no_ask=35 book_ready=True position=False pending=False dry_run=False trust=synced run_id=71ef5a81-f388-4c83-bc61-d4a8b86af06d
2026-05-09 15:49:58,825 | INFO | Heartbeat | watch=KXBTC15M-26MAY091600-00 yes_bid=66 yes_ask=67 no_bid=33 no_ask=34 book_ready=True position=False pending=False dry_run=False trust=synced run_id=71ef5a81-f388-4c83-bc61-d4a8b86af06d
2026-05-09 15:50:13,865 | INFO | Heartbeat | watch=KXBTC15M-26MAY091600-00 yes_bid=77 yes_ask=78 no_bid=22 no_ask=23 book_ready=True position=False pending=False dry_run=False trust=synced run_id=71ef5a81-f388-4c83-bc61-d4a8b86af06d
2026-05-09 15:50:29,313 | INFO | Heartbeat | watch=KXBTC15M-26MAY091600-00 yes_bid=77 yes_ask=79 no_bid=21 no_ask=23 book_ready=True position=False pending=False dry_run=False trust=synced run_id=71ef5a81-f388-4c83-bc61-d4a8b86af06d
2026-05-09 15:50:44,517 | INFO | Heartbeat | watch=KXBTC15M-26MAY091600-00 yes_bid=85 yes_ask=86 no_bid=14 no_ask=15 book_ready=True position=False pending=False dry_run=False trust=synced run_id=71ef5a81-f388-4c83-bc61-d4a8b86af06d
2026-05-09 15:51:00,167 | INFO | Heartbeat | watch=KXBTC15M-26MAY091600-00 yes_bid=85 yes_ask=86 no_bid=14 no_ask=15 book_ready=True position=False pending=False dry_run=False trust=synced run_id=71ef5a81-f388-4c83-bc61-d4a8b86af06d
2026-05-09 15:51:15,504 | INFO | Heartbeat | watch=KXBTC15M-26MAY091600-00 yes_bid=83 yes_ask=84 no_bid=16 no_ask=17 book_ready=True position=False pending=False dry_run=False trust=synced run_id=71ef5a81-f388-4c83-bc61-d4a8b86af06d
2026-05-09 15:51:31,345 | INFO | Heartbeat | watch=KXBTC15M-26MAY091600-00 yes_bid=82 yes_ask=84 no_bid=16 no_ask=18 book_ready=True position=False pending=False dry_run=False trust=synced run_id=71ef5a81-f388-4c83-bc61-d4a8b86af06d
2026-05-09 15:51:46,970 | INFO | Heartbeat | watch=KXBTC15M-26MAY091600-00 yes_bid=84 yes_ask=85 no_bid=15 no_ask=16 book_ready=True position=False pending=False dry_run=False trust=synced run_id=71ef5a81-f388-4c83-bc61-d4a8b86af06d
2026-05-09 15:52:02,137 | INFO | Heartbeat | watch=KXBTC15M-26MAY091600-00 yes_bid=85 yes_ask=87 no_bid=13 no_ask=15 book_ready=True position=False pending=False dry_run=False trust=synced run_id=71ef5a81-f388-4c83-bc61-d4a8b86af06d
2026-05-09 15:52:17,299 | INFO | Heartbeat | watch=KXBTC15M-26MAY091600-00 yes_bid=84 yes_ask=86 no_bid=14 no_ask=16 book_ready=True position=False pending=False dry_run=False trust=synced run_id=71ef5a81-f388-4c83-bc61-d4a8b86af06d
2026-05-09 15:52:32,360 | INFO | Heartbeat | watch=KXBTC15M-26MAY091600-00 yes_bid=86 yes_ask=87 no_bid=13 no_ask=14 book_ready=True position=False pending=False dry_run=False trust=synced run_id=71ef5a81-f388-4c83-bc61-d4a8b86af06d
2026-05-09 15:52:47,776 | INFO | Heartbeat | watch=KXBTC15M-26MAY091600-00 yes_bid=91 yes_ask=92 no_bid=8 no_ask=9 book_ready=True position=False pending=False dry_run=False trust=synced run_id=71ef5a81-f388-4c83-bc61-d4a8b86af06d
2026-05-09 15:53:02,858 | INFO | Heartbeat | watch=KXBTC15M-26MAY091600-00 yes_bid=94 yes_ask=94 no_bid=6 no_ask=6 book_ready=True position=False pending=False dry_run=False trust=synced run_id=71ef5a81-f388-4c83-bc61-d4a8b86af06d
2026-05-09 15:53:18,000 | INFO | Heartbeat | watch=KXBTC15M-26MAY091600-00 yes_bid=94 yes_ask=95 no_bid=5 no_ask=6 book_ready=True position=False pending=False dry_run=False trust=synced run_id=71ef5a81-f388-4c83-bc61-d4a8b86af06d
2026-05-09 15:53:33,304 | INFO | Heartbeat | watch=KXBTC15M-26MAY091600-00 yes_bid=95 yes_ask=96 no_bid=4 no_ask=5 book_ready=True position=False pending=False dry_run=False trust=synced run_id=71ef5a81-f388-4c83-bc61-d4a8b86af06d
2026-05-09 15:53:48,542 | INFO | Heartbeat | watch=KXBTC15M-26MAY091600-00 yes_bid=96 yes_ask=96 no_bid=4 no_ask=4 book_ready=True position=False pending=False dry_run=False trust=synced run_id=71ef5a81-f388-4c83-bc61-d4a8b86af06d
2026-05-09 15:54:03,597 | INFO | Heartbeat | watch=KXBTC15M-26MAY091600-00 yes_bid=97 yes_ask=97 no_bid=3 no_ask=3 book_ready=True position=False pending=False dry_run=False trust=synced run_id=71ef5a81-f388-4c83-bc61-d4a8b86af06d
2026-05-09 15:54:18,786 | INFO | Heartbeat | watch=KXBTC15M-26MAY091600-00 yes_bid=98 yes_ask=99 no_bid=1 no_ask=2 book_ready=True position=False pending=False dry_run=False trust=synced run_id=71ef5a81-f388-4c83-bc61-d4a8b86af06d
2026-05-09 15:54:33,992 | INFO | Heartbeat | watch=KXBTC15M-26MAY091600-00 yes_bid=98 yes_ask=98 no_bid=2 no_ask=2 book_ready=True position=False pending=False dry_run=False trust=synced run_id=71ef5a81-f388-4c83-bc61-d4a8b86af06d
2026-05-09 15:54:49,296 | INFO | Heartbeat | watch=KXBTC15M-26MAY091600-00 yes_bid=97 yes_ask=97 no_bid=3 no_ask=3 book_ready=True position=False pending=False dry_run=False trust=synced run_id=71ef5a81-f388-4c83-bc61-d4a8b86af06d
2026-05-09 15:55:04,661 | INFO | Heartbeat | watch=KXBTC15M-26MAY091600-00 yes_bid=99 yes_ask=99 no_bid=1 no_ask=1 book_ready=True position=False pending=False dry_run=False trust=synced run_id=71ef5a81-f388-4c83-bc61-d4a8b86af06d
2026-05-09 15:55:19,713 | INFO | Heartbeat | watch=KXBTC15M-26MAY091600-00 yes_bid=99 yes_ask=99 no_bid=1 no_ask=1 book_ready=True position=False pending=False dry_run=False trust=synced run_id=71ef5a81-f388-4c83-bc61-d4a8b86af06d
2026-05-09 15:55:35,153 | INFO | Heartbeat | watch=KXBTC15M-26MAY091600-00 yes_bid=99 yes_ask=99 no_bid=1 no_ask=1 book_ready=True position=False pending=False dry_run=False trust=synced run_id=71ef5a81-f388-4c83-bc61-d4a8b86af06d
2026-05-09 15:55:50,200 | INFO | Heartbeat | watch=KXBTC15M-26MAY091600-00 yes_bid=99 yes_ask=99 no_bid=1 no_ask=1 book_ready=True position=False pending=False dry_run=False trust=synced run_id=71ef5a81-f388-4c83-bc61-d4a8b86af06d
2026-05-09 15:56:05,382 | INFO | Heartbeat | watch=KXBTC15M-26MAY091600-00 yes_bid=99 yes_ask=99 no_bid=1 no_ask=1 book_ready=True position=False pending=False dry_run=False trust=synced run_id=71ef5a81-f388-4c83-bc61-d4a8b86af06d
2026-05-09 15:56:20,607 | INFO | Heartbeat | watch=KXBTC15M-26MAY091600-00 yes_bid=98 yes_ask=99 no_bid=1 no_ask=2 book_ready=True position=False pending=False dry_run=False trust=synced run_id=71ef5a81-f388-4c83-bc61-d4a8b86af06d
2026-05-09 15:56:35,840 | INFO | Heartbeat | watch=KXBTC15M-26MAY091600-00 yes_bid=99 yes_ask=99 no_bid=1 no_ask=1 book_ready=True position=False pending=False dry_run=False trust=synced run_id=71ef5a81-f388-4c83-bc61-d4a8b86af06d
2026-05-09 15:56:51,294 | INFO | Heartbeat | watch=KXBTC15M-26MAY091600-00 yes_bid=99 yes_ask=99 no_bid=1 no_ask=1 book_ready=True position=False pending=False dry_run=False trust=synced run_id=71ef5a81-f388-4c83-bc61-d4a8b86af06d
2026-05-09 15:57:06,607 | INFO | Heartbeat | watch=KXBTC15M-26MAY091600-00 yes_bid=99 yes_ask=99 no_bid=1 no_ask=1 book_ready=True position=False pending=False dry_run=False trust=synced run_id=71ef5a81-f388-4c83-bc61-d4a8b86af06d
2026-05-09 15:57:21,803 | INFO | Heartbeat | watch=KXBTC15M-26MAY091600-00 yes_bid=98 yes_ask=99 no_bid=1 no_ask=2 book_ready=True position=False pending=False dry_run=False trust=synced run_id=71ef5a81-f388-4c83-bc61-d4a8b86af06d
2026-05-09 15:57:37,129 | INFO | Heartbeat | watch=KXBTC15M-26MAY091600-00 yes_bid=99 yes_ask=99 no_bid=1 no_ask=1 book_ready=True position=False pending=False dry_run=False trust=synced run_id=71ef5a81-f388-4c83-bc61-d4a8b86af06d
2026-05-09 15:57:52,443 | INFO | Heartbeat | watch=KXBTC15M-26MAY091600-00 yes_bid=99 yes_ask=100 no_bid=0 no_ask=1 book_ready=True position=False pending=False dry_run=False trust=synced run_id=71ef5a81-f388-4c83-bc61-d4a8b86af06d
2026-05-09 15:58:07,631 | INFO | Heartbeat | watch=KXBTC15M-26MAY091600-00 yes_bid=99 yes_ask=99 no_bid=1 no_ask=1 book_ready=True position=False pending=False dry_run=False trust=synced run_id=71ef5a81-f388-4c83-bc61-d4a8b86af06d
2026-05-09 15:58:22,697 | INFO | Heartbeat | watch=KXBTC15M-26MAY091600-00 yes_bid=99 yes_ask=100 no_bid=0 no_ask=1 book_ready=True position=False pending=False dry_run=False trust=synced run_id=71ef5a81-f388-4c83-bc61-d4a8b86af06d
2026-05-09 15:58:37,907 | INFO | Heartbeat | watch=KXBTC15M-26MAY091600-00 yes_bid=99 yes_ask=100 no_bid=0 no_ask=1 book_ready=True position=False pending=False dry_run=False trust=synced run_id=71ef5a81-f388-4c83-bc61-d4a8b86af06d
2026-05-09 15:58:53,093 | INFO | Heartbeat | watch=KXBTC15M-26MAY091600-00 yes_bid=100 yes_ask=100 no_bid=0 no_ask=0 book_ready=True position=False pending=False dry_run=False trust=synced run_id=71ef5a81-f388-4c83-bc61-d4a8b86af06d
