dataset,model,edge_floor_cents,all_base_markets,all_markets,all_wins,all_losses,all_accuracy,all_wilson95_lower,all_coverage,all_net_pnl_cents,all_net_roi_on_cost,all_median_ask,all_brier,all_logloss,train_base_markets,train_markets,train_wins,train_losses,train_accuracy,train_wilson95_lower,train_coverage,train_net_pnl_cents,train_net_roi_on_cost,train_median_ask,train_brier,train_logloss,validation_base_markets,validation_markets,validation_wins,validation_losses,validation_accuracy,validation_wilson95_lower,validation_coverage,validation_net_pnl_cents,validation_net_roi_on_cost,validation_median_ask,validation_brier,validation_logloss,holdout_base_markets,holdout_markets,holdout_wins,holdout_losses,holdout_accuracy,holdout_wilson95_lower,holdout_coverage,holdout_net_pnl_cents,holdout_net_roi_on_cost,holdout_median_ask,holdout_brier,holdout_logloss,oos_positive,oos_coverage_pass
current,prob3_C0.05,-30.0,307,305,179,126,0.5868852459016394,0.5308787508233015,0.993485342019544,-310.0,-0.017023613399231193,56.0,0.2426915992527299,0.6779609924764183,184,182,116,66,0.6373626373626373,0.5653445528089827,0.9891304347826086,787.0,0.07278276149079811,56.0,0.24269414248982746,0.6787581927746188,61,61,28,33,0.45901639344262296,0.34012932293855763,1.0,-814.0,-0.22523519645821805,55.0,0.25200531007919197,0.6971160959208788,62,62,35,27,0.5645161290322581,0.4409298797214877,1.0,-283.0,-0.07480835315886862,57.5,0.23352064393715014,0.6567746736960214,False,True
v21,prob3_C0.05,-30.0,221,219,133,86,0.6073059360730594,0.5413113057595218,0.9909502262443439,276.0,0.02119164619164619,56.0,0.23297835230666056,0.6576631406060568,132,131,76,55,0.5801526717557252,0.49453635953136416,0.9924242424242424,-208.0,-0.02663934426229508,56.0,0.23300324817233312,0.657442028406728,44,44,26,18,0.5909090909090909,0.444097537410319,1.0,32.0,0.012461059190031152,55.0,0.23828165198637832,0.6695273468195702,45,44,31,13,0.7045454545454546,0.5577979987383977,0.9777777777777777,452.0,0.17069486404833836,55.0,0.227600930845054,0.6464572457132719,True,True
current,prob3_C0.05,-20.0,307,305,179,126,0.5868852459016394,0.5308787508233015,0.993485342019544,-310.0,-0.017023613399231193,56.0,0.2426915992527299,0.6779609924764183,184,182,116,66,0.6373626373626373,0.5653445528089827,0.9891304347826086,787.0,0.07278276149079811,56.0,0.24269414248982746,0.6787581927746188,61,61,28,33,0.45901639344262296,0.34012932293855763,1.0,-814.0,-0.22523519645821805,55.0,0.25200531007919197,0.6971160959208788,62,62,35,27,0.5645161290322581,0.4409298797214877,1.0,-283.0,-0.07480835315886862,57.5,0.23352064393715014,0.6567746736960214,False,True
v21,prob3_C0.05,-20.0,221,219,133,86,0.6073059360730594,0.5413113057595218,0.9909502262443439,276.0,0.02119164619164619,56.0,0.23297835230666056,0.6576631406060568,132,131,76,55,0.5801526717557252,0.49453635953136416,0.9924242424242424,-208.0,-0.02663934426229508,56.0,0.23300324817233312,0.657442028406728,44,44,26,18,0.5909090909090909,0.444097537410319,1.0,32.0,0.012461059190031152,55.0,0.23828165198637832,0.6695273468195702,45,44,31,13,0.7045454545454546,0.5577979987383977,0.9777777777777777,452.0,0.17069486404833836,55.0,0.227600930845054,0.6464572457132719,True,True
current,prob3_C0.05,-15.0,307,305,179,126,0.5868852459016394,0.5308787508233015,0.993485342019544,-310.0,-0.017023613399231193,56.0,0.2426915992527299,0.6779609924764183,184,182,116,66,0.6373626373626373,0.5653445528089827,0.9891304347826086,787.0,0.07278276149079811,56.0,0.24269414248982746,0.6787581927746188,61,61,28,33,0.45901639344262296,0.34012932293855763,1.0,-814.0,-0.22523519645821805,55.0,0.25200531007919197,0.6971160959208788,62,62,35,27,0.5645161290322581,0.4409298797214877,1.0,-283.0,-0.07480835315886862,57.5,0.23352064393715014,0.6567746736960214,False,True
v21,prob3_C0.05,-15.0,221,219,133,86,0.6073059360730594,0.5413113057595218,0.9909502262443439,276.0,0.02119164619164619,56.0,0.23297835230666056,0.6576631406060568,132,131,76,55,0.5801526717557252,0.49453635953136416,0.9924242424242424,-208.0,-0.02663934426229508,56.0,0.23300324817233312,0.657442028406728,44,44,26,18,0.5909090909090909,0.444097537410319,1.0,32.0,0.012461059190031152,55.0,0.23828165198637832,0.6695273468195702,45,44,31,13,0.7045454545454546,0.5577979987383977,0.9777777777777777,452.0,0.17069486404833836,55.0,0.227600930845054,0.6464572457132719,True,True
current,prob3_C0.05,-10.0,307,305,179,126,0.5868852459016394,0.5308787508233015,0.993485342019544,-310.0,-0.017023613399231193,56.0,0.2426915992527299,0.6779609924764183,184,182,116,66,0.6373626373626373,0.5653445528089827,0.9891304347826086,787.0,0.07278276149079811,56.0,0.24269414248982746,0.6787581927746188,61,61,28,33,0.45901639344262296,0.34012932293855763,1.0,-814.0,-0.22523519645821805,55.0,0.25200531007919197,0.6971160959208788,62,62,35,27,0.5645161290322581,0.4409298797214877,1.0,-283.0,-0.07480835315886862,57.5,0.23352064393715014,0.6567746736960214,False,True
v21,prob3_C0.05,-10.0,221,219,133,86,0.6073059360730594,0.5413113057595218,0.9909502262443439,276.0,0.02119164619164619,56.0,0.23297835230666056,0.6576631406060568,132,131,76,55,0.5801526717557252,0.49453635953136416,0.9924242424242424,-208.0,-0.02663934426229508,56.0,0.23300324817233312,0.657442028406728,44,44,26,18,0.5909090909090909,0.444097537410319,1.0,32.0,0.012461059190031152,55.0,0.23828165198637832,0.6695273468195702,45,44,31,13,0.7045454545454546,0.5577979987383977,0.9777777777777777,452.0,0.17069486404833836,55.0,0.227600930845054,0.6464572457132719,True,True
current,prob3_C0.05,-5.0,307,305,177,128,0.580327868852459,0.5242804648000084,0.993485342019544,-564.0,-0.03088042049934297,56.0,0.24296630062912558,0.6788651130295197,184,182,114,68,0.6263736263736264,0.5541599417576814,0.9891304347826086,548.0,0.050497604128271284,56.0,0.24436966840388602,0.6832705235231681,61,61,28,33,0.45901639344262296,0.34012932293855763,1.0,-835.0,-0.2297111416781293,55.0,0.2484047467060926,0.6887002558761721,62,62,35,27,0.5645161290322581,0.4409298797214877,1.0,-277.0,-0.07333862854117024,57.5,0.23349600795652223,0.6562565900700066,False,True
v21,prob3_C0.05,-5.0,221,219,133,86,0.6073059360730594,0.5413113057595218,0.9909502262443439,229.0,0.017519700099456813,56.0,0.2325472701398663,0.6566540750498616,132,131,76,55,0.5801526717557252,0.49453635953136416,0.9924242424242424,-251.0,-0.03197044962425169,56.0,0.2324079016423249,0.6560608668599373,44,44,26,18,0.5909090909090909,0.444097537410319,1.0,32.0,0.012461059190031152,55.0,0.23828165198637832,0.6695273468195702,45,44,31,13,0.7045454545454546,0.5577979987383977,0.9777777777777777,448.0,0.1689291101055807,55.0,0.22722782632012528,0.6455469458456098,True,True
current,prob3_C0.05,0.0,307,178,132,46,0.7415730337078652,0.6726375084188437,0.5798045602605864,318.0,0.024685607824871916,67.0,0.17009127155050532,0.5134116813604539,184,112,80,32,0.7142857142857143,0.6246078206764126,0.6086956521739131,12.0,0.0015022533800701052,65.5,0.18538246192090166,0.5515999214495119,61,38,31,7,0.8157894736842105,0.6658114192886859,0.6229508196721312,146.0,0.04942450914014895,79.0,0.13155528870726965,0.4144403256700609,62,28,21,7,0.75,0.5664432968100103,0.45161290322580644,160.0,0.08247422680412371,63.0,0.16122534392759702,0.494976989441184,True,False
v21,prob3_C0.05,0.0,221,43,38,5,0.8837209302325582,0.7552083818991787,0.19457013574660634,259.0,0.07314317989268568,86.0,0.08249355299810211,0.2923751769584772,132,21,19,2,0.9047619047619048,0.7108586092608175,0.1590909090909091,141.0,0.0801591813530415,86.0,0.0736533299013103,0.2758037413242618,44,7,6,1,0.8571428571428571,0.48687217072568106,0.1590909090909091,34.0,0.06007067137809187,86.0,0.05799086515719615,0.22936418932533492,45,15,13,2,0.8666666666666667,0.6211801716767764,0.3333333333333333,84.0,0.06907894736842106,84.0,0.10630445299270014,0.3449803144085118,True,False
current,prob3_C0.05,2.0,307,58,42,16,0.7241379310344828,0.5979534481052067,0.18892508143322476,66.0,0.015965166908563134,70.0,0.16939942319151058,0.5161061159730558,184,39,29,10,0.7435897435897436,0.5891834407831603,0.21195652173913043,153.0,0.05569712413542046,69.0,0.14617873241039822,0.45238303217985515,61,13,10,3,0.7692307692307693,0.49743624053272495,0.21311475409836064,23.0,0.02354145342886387,72.0,0.17489229569817244,0.5549562679262728,62,6,3,3,0.5,0.1876163064826505,0.0967741935483871,-110.0,-0.2682926829268293,63.0,0.30843268950430697,0.8461308313968884,False,False
v21,prob3_C0.05,2.0,221,1,1,0,1.0,0.20654931437723742,0.004524886877828055,16.0,0.19047619047619047,82.0,0.015387792394327455,0.13244345991077044,132,1,1,0,1.0,0.20654931437723742,0.007575757575757576,16.0,0.19047619047619047,82.0,0.015387792394327455,0.13244345991077044,44,0,0,0,,,0.0,0.0,,,,,45,0,0,0,,,0.0,0.0,,,,,False,False
current,prob3_C0.05,5.0,307,12,6,6,0.5,0.2537815976337061,0.03908794788273615,-238.0,-0.2840095465393795,66.5,0.21947243066961775,0.5926394957506698,184,7,3,4,0.42857142857142855,0.15821985525146973,0.03804347826086957,-159.0,-0.3464052287581699,65.0,0.24100784727279922,0.655581934943531,61,4,3,1,0.75,0.3006418425824019,0.06557377049180328,-15.0,-0.047619047619047616,81.0,0.10715236690910802,0.31265366739943384,62,1,0,1,0.0,0.0,0.016129032258064516,-64.0,-1.0,62.0,0.5180047694893865,1.271985734805585,False,False
v21,prob3_C0.05,5.0,221,0,0,0,,,0.0,0.0,,,,,132,0,0,0,,,0.0,0.0,,,,,44,0,0,0,,,0.0,0.0,,,,,45,0,0,0,,,0.0,0.0,,,,,False,False
current,prob3_C0.05,10.0,307,2,1,1,0.5,0.09453120573423071,0.006514657980456026,-42.0,-0.29577464788732394,69.0,0.2727393060466125,0.7069088610633264,184,1,0,1,0.0,0.0,0.005434782608695652,-63.0,-1.0,61.0,0.5377190954098104,1.321605806999137,61,1,1,0,1.0,0.20654931437723742,0.01639344262295082,21.0,0.26582278481012656,77.0,0.007759516683414584,0.09221191512751586,62,0,0,0,,,0.0,0.0,,,,,False,False
v21,prob3_C0.05,10.0,221,0,0,0,,,0.0,0.0,,,,,132,0,0,0,,,0.0,0.0,,,,,44,0,0,0,,,0.0,0.0,,,,,45,0,0,0,,,0.0,0.0,,,,,False,False
current,prob3_C0.05,15.0,307,1,1,0,1.0,0.20654931437723742,0.003257328990228013,53.0,1.127659574468085,45.0,0.039594312789189325,0.22187335492207313,184,0,0,0,,,0.0,0.0,,,,,61,1,1,0,1.0,0.20654931437723742,0.01639344262295082,53.0,1.127659574468085,45.0,0.039594312789189325,0.22187335492207313,62,0,0,0,,,0.0,0.0,,,,,False,False
v21,prob3_C0.05,15.0,221,0,0,0,,,0.0,0.0,,,,,132,0,0,0,,,0.0,0.0,,,,,44,0,0,0,,,0.0,0.0,,,,,45,0,0,0,,,0.0,0.0,,,,,False,False
current,prob3_C0.05,20.0,307,1,1,0,1.0,0.20654931437723742,0.003257328990228013,53.0,1.127659574468085,45.0,0.039594312789189325,0.22187335492207313,184,0,0,0,,,0.0,0.0,,,,,61,1,1,0,1.0,0.20654931437723742,0.01639344262295082,53.0,1.127659574468085,45.0,0.039594312789189325,0.22187335492207313,62,0,0,0,,,0.0,0.0,,,,,False,False
v21,prob3_C0.05,20.0,221,0,0,0,,,0.0,0.0,,,,,132,0,0,0,,,0.0,0.0,,,,,44,0,0,0,,,0.0,0.0,,,,,45,0,0,0,,,0.0,0.0,,,,,False,False
current,prob3_C0.1,-30.0,307,305,175,130,0.5737704918032787,0.5176920251496903,0.993485342019544,-724.0,-0.03972783143107989,56.0,0.24253992208025474,0.677647344183092,184,182,115,67,0.6318681318681318,0.5597475218575272,0.9891304347826086,676.0,0.06245380635624538,56.0,0.2427955423137155,0.6791726383034816,61,61,27,34,0.4426229508196721,0.32507805521482874,1.0,-915.0,-0.25311203319502074,55.0,0.25181826024404486,0.6966227356392545,62,62,33,29,0.532258064516129,0.40984032508164014,1.0,-485.0,-0.12813738441215325,57.5,0.23266086545959266,0.65450053113895,False,True
v21,prob3_C0.1,-30.0,221,219,133,86,0.6073059360730594,0.5413113057595218,0.9909502262443439,270.0,0.02072141212586339,56.0,0.23282767679532632,0.6572851822795134,132,131,75,56,0.5725190839694656,0.486926931044424,0.9924242424242424,-309.0,-0.039569727237802534,56.0,0.23266532752222183,0.6566707717251618,44,44,27,17,0.6136363636363636,0.4662357539237828,1.0,127.0,0.049358725223474544,55.0,0.2377288887571674,0.6683839417932431,45,44,31,13,0.7045454545454546,0.5577979987383977,0.9777777777777777,452.0,0.17069486404833836,55.0,0.22840982289659173,0.6480156905526046,True,True
current,prob3_C0.1,-20.0,307,305,175,130,0.5737704918032787,0.5176920251496903,0.993485342019544,-724.0,-0.03972783143107989,56.0,0.24253992208025474,0.677647344183092,184,182,115,67,0.6318681318681318,0.5597475218575272,0.9891304347826086,676.0,0.06245380635624538,56.0,0.2427955423137155,0.6791726383034816,61,61,27,34,0.4426229508196721,0.32507805521482874,1.0,-915.0,-0.25311203319502074,55.0,0.25181826024404486,0.6966227356392545,62,62,33,29,0.532258064516129,0.40984032508164014,1.0,-485.0,-0.12813738441215325,57.5,0.23266086545959266,0.65450053113895,False,True
v21,prob3_C0.1,-20.0,221,219,133,86,0.6073059360730594,0.5413113057595218,0.9909502262443439,270.0,0.02072141212586339,56.0,0.23282767679532632,0.6572851822795134,132,131,75,56,0.5725190839694656,0.486926931044424,0.9924242424242424,-309.0,-0.039569727237802534,56.0,0.23266532752222183,0.6566707717251618,44,44,27,17,0.6136363636363636,0.4662357539237828,1.0,127.0,0.049358725223474544,55.0,0.2377288887571674,0.6683839417932431,45,44,31,13,0.7045454545454546,0.5577979987383977,0.9777777777777777,452.0,0.17069486404833836,55.0,0.22840982289659173,0.6480156905526046,True,True
current,prob3_C0.1,-15.0,307,305,175,130,0.5737704918032787,0.5176920251496903,0.993485342019544,-724.0,-0.03972783143107989,56.0,0.24253992208025474,0.677647344183092,184,182,115,67,0.6318681318681318,0.5597475218575272,0.9891304347826086,676.0,0.06245380635624538,56.0,0.2427955423137155,0.6791726383034816,61,61,27,34,0.4426229508196721,0.32507805521482874,1.0,-915.0,-0.25311203319502074,55.0,0.25181826024404486,0.6966227356392545,62,62,33,29,0.532258064516129,0.40984032508164014,1.0,-485.0,-0.12813738441215325,57.5,0.23266086545959266,0.65450053113895,False,True
v21,prob3_C0.1,-15.0,221,219,133,86,0.6073059360730594,0.5413113057595218,0.9909502262443439,270.0,0.02072141212586339,56.0,0.23282767679532632,0.6572851822795134,132,131,75,56,0.5725190839694656,0.486926931044424,0.9924242424242424,-309.0,-0.039569727237802534,56.0,0.23266532752222183,0.6566707717251618,44,44,27,17,0.6136363636363636,0.4662357539237828,1.0,127.0,0.049358725223474544,55.0,0.2377288887571674,0.6683839417932431,45,44,31,13,0.7045454545454546,0.5577979987383977,0.9777777777777777,452.0,0.17069486404833836,55.0,0.22840982289659173,0.6480156905526046,True,True
current,prob3_C0.1,-10.0,307,305,175,130,0.5737704918032787,0.5176920251496903,0.993485342019544,-724.0,-0.03972783143107989,56.0,0.24253992208025474,0.677647344183092,184,182,115,67,0.6318681318681318,0.5597475218575272,0.9891304347826086,676.0,0.06245380635624538,56.0,0.2427955423137155,0.6791726383034816,61,61,27,34,0.4426229508196721,0.32507805521482874,1.0,-915.0,-0.25311203319502074,55.0,0.25181826024404486,0.6966227356392545,62,62,33,29,0.532258064516129,0.40984032508164014,1.0,-485.0,-0.12813738441215325,57.5,0.23266086545959266,0.65450053113895,False,True
v21,prob3_C0.1,-10.0,221,219,133,86,0.6073059360730594,0.5413113057595218,0.9909502262443439,270.0,0.02072141212586339,56.0,0.23282767679532632,0.6572851822795134,132,131,75,56,0.5725190839694656,0.486926931044424,0.9924242424242424,-309.0,-0.039569727237802534,56.0,0.23266532752222183,0.6566707717251618,44,44,27,17,0.6136363636363636,0.4662357539237828,1.0,127.0,0.049358725223474544,55.0,0.2377288887571674,0.6683839417932431,45,44,31,13,0.7045454545454546,0.5577979987383977,0.9777777777777777,452.0,0.17069486404833836,55.0,0.22840982289659173,0.6480156905526046,True,True
current,prob3_C0.1,-5.0,307,305,175,130,0.5737704918032787,0.5176920251496903,0.993485342019544,-741.0,-0.04062277287429417,56.0,0.24204037980594376,0.6765819352041793,184,182,115,67,0.6318681318681318,0.5597475218575272,0.9891304347826086,659.0,0.06078775020754543,56.0,0.24195839729357904,0.6773872001794796,61,61,27,34,0.4426229508196721,0.32507805521482874,1.0,-915.0,-0.25311203319502074,55.0,0.25181826024404486,0.6966227356392545,62,62,33,29,0.532258064516129,0.40984032508164014,1.0,-485.0,-0.12813738441215325,57.5,0.23266086545959266,0.65450053113895,False,True
v21,prob3_C0.1,-5.0,221,219,133,86,0.6073059360730594,0.5413113057595218,0.9909502262443439,251.0,0.019235190436048738,56.0,0.23415536756901684,0.6602273150866598,132,131,75,56,0.5725190839694656,0.486926931044424,0.9924242424242424,-328.0,-0.04190086867654573,56.0,0.23488490217442204,0.66158929908978,44,44,27,17,0.6136363636363636,0.4662357539237828,1.0,127.0,0.049358725223474544,55.0,0.2377288887571674,0.6683839417932431,45,44,31,13,0.7045454545454546,0.5577979987383977,0.9777777777777777,452.0,0.17069486404833836,55.0,0.22840982289659173,0.6480156905526046,True,True
current,prob3_C0.1,0.0,307,147,121,26,0.8231292517006803,0.7534560867727113,0.4788273615635179,861.0,0.07660823916718569,77.0,0.13740934166939855,0.4382058875609974,184,93,77,16,0.8279569892473119,0.7386611476514642,0.5054347826086957,718.0,0.10283586364938413,75.0,0.1417247330562776,0.45461473654024714,61,32,27,5,0.84375,0.6824585040246961,0.5245901639344263,163.0,0.06424911312573907,83.0,0.13491137713936552,0.42682265262242475,62,22,17,5,0.7727272727272727,0.5656004682477829,0.3548387096774194,-20.0,-0.011627906976744186,80.0,0.12280040830491239,0.3853986404230024,False,False
v21,prob3_C0.1,0.0,221,60,52,8,0.8666666666666667,0.7583484032350039,0.27149321266968324,142.0,0.02807433768287861,86.0,0.12681228017366378,0.42550626166696354,132,34,26,8,0.7647058823529411,0.600038620774636,0.25757575757575757,-279.0,-0.09690864883640153,84.5,0.19495095881059218,0.6119745525048929,44,9,9,0,1.0,0.700854951580456,0.20454545454545456,144.0,0.19047619047619047,90.0,0.03811006757138663,0.18123749617409007,45,17,17,0,1.0,0.8156818649911483,0.37777777777777777,277.0,0.19465917076598735,87.0,0.03749491780689482,0.1818884381932142,True,False
current,prob3_C0.1,2.0,307,37,30,7,0.8108108108108109,0.6579530307016159,0.12052117263843648,174.0,0.06157112526539278,76.0,0.12537170102956388,0.3937322435583346,184,26,22,4,0.8461538461538461,0.6646880067178652,0.14130434782608695,205.0,0.10275689223057644,75.5,0.09879408444153627,0.3304996967930405,61,7,6,1,0.8571428571428571,0.48687217072568106,0.11475409836065574,61.0,0.11317254174397032,77.0,0.09193979466549355,0.2995500325147841,62,4,2,2,0.5,0.15003898915214947,0.06451612903225806,-92.0,-0.3150684931506849,74.0,0.35663204498886625,0.9695626668589601,False,False
v21,prob3_C0.1,2.0,221,5,5,0,1.0,0.5655175352168252,0.02262443438914027,104.0,0.26262626262626265,82.0,0.041279865036474614,0.20485404855588535,132,3,3,0,1.0,0.4385029682449545,0.022727272727272728,64.0,0.2711864406779661,82.0,0.045126865938008215,0.20995059027182064,44,1,1,0,1.0,0.20654931437723742,0.022727272727272728,13.0,0.14942528735632185,86.0,0.012036018795227386,0.11620666851042753,45,1,1,0,1.0,0.20654931437723742,0.022222222222222223,27.0,0.3698630136986301,71.0,0.05898270857312106,0.2782118034535373,True,False
current,prob3_C0.1,5.0,307,8,6,2,0.75,0.40927543031016894,0.026058631921824105,-14.0,-0.02280130293159609,77.5,0.13737815434835943,0.39963468486286635,184,4,3,1,0.75,0.3006418425824019,0.021739130434782608,7.0,0.023890784982935155,71.5,0.1447117065819603,0.43969972716186273,61,3,3,0,1.0,0.4385029682449545,0.04918032786885246,43.0,0.16731517509727625,86.0,0.004112002410263692,0.06376390540298117,62,1,0,1,0.0,0.0,0.016129032258064516,-64.0,-1.0,62.0,0.5078424012282431,1.246986854046536,False,False
v21,prob3_C0.1,5.0,221,0,0,0,,,0.0,0.0,,,,,132,0,0,0,,,0.0,0.0,,,,,44,0,0,0,,,0.0,0.0,,,,,45,0,0,0,,,0.0,0.0,,,,,False,False
current,prob3_C0.1,10.0,307,1,1,0,1.0,0.20654931437723742,0.003257328990228013,21.0,0.26582278481012656,77.0,0.005292184448549358,0.07552926041829551,184,0,0,0,,,0.0,0.0,,,,,61,1,1,0,1.0,0.20654931437723742,0.01639344262295082,21.0,0.26582278481012656,77.0,0.005292184448549358,0.07552926041829551,62,0,0,0,,,0.0,0.0,,,,,False,False
v21,prob3_C0.1,10.0,221,0,0,0,,,0.0,0.0,,,,,132,0,0,0,,,0.0,0.0,,,,,44,0,0,0,,,0.0,0.0,,,,,45,0,0,0,,,0.0,0.0,,,,,False,False
current,prob3_C0.1,15.0,307,1,1,0,1.0,0.20654931437723742,0.003257328990228013,53.0,1.127659574468085,45.0,0.03243055810406815,0.19855443629576908,184,0,0,0,,,0.0,0.0,,,,,61,1,1,0,1.0,0.20654931437723742,0.01639344262295082,53.0,1.127659574468085,45.0,0.03243055810406815,0.19855443629576908,62,0,0,0,,,0.0,0.0,,,,,False,False
v21,prob3_C0.1,15.0,221,0,0,0,,,0.0,0.0,,,,,132,0,0,0,,,0.0,0.0,,,,,44,0,0,0,,,0.0,0.0,,,,,45,0,0,0,,,0.0,0.0,,,,,False,False
current,prob3_C0.1,20.0,307,1,1,0,1.0,0.20654931437723742,0.003257328990228013,53.0,1.127659574468085,45.0,0.03243055810406815,0.19855443629576908,184,0,0,0,,,0.0,0.0,,,,,61,1,1,0,1.0,0.20654931437723742,0.01639344262295082,53.0,1.127659574468085,45.0,0.03243055810406815,0.19855443629576908,62,0,0,0,,,0.0,0.0,,,,,False,False
v21,prob3_C0.1,20.0,221,0,0,0,,,0.0,0.0,,,,,132,0,0,0,,,0.0,0.0,,,,,44,0,0,0,,,0.0,0.0,,,,,45,0,0,0,,,0.0,0.0,,,,,False,False
current,prob3_C0.25,-30.0,307,305,174,131,0.5704918032786885,0.5144014786791801,0.993485342019544,-826.0,-0.04531987270931636,56.0,0.24251422252971266,0.6776098750295799,184,182,114,68,0.6263736263736264,0.5541599417576814,0.9891304347826086,575.0,0.053117782909930716,56.0,0.2429582218644334,0.6796942937512495,61,61,28,33,0.45901639344262296,0.34012932293855763,1.0,-816.0,-0.22566371681415928,55.0,0.25169707539556363,0.6962722942341301,62,62,32,30,0.5161290322580645,0.39447459605660673,1.0,-585.0,-0.154557463672391,57.5,0.23217612730816284,0.6531296850485896,False,True
v21,prob3_C0.25,-30.0,221,219,133,86,0.6073059360730594,0.5413113057595218,0.9909502262443439,263.0,0.02017335276520672,56.0,0.23278971815520708,0.6571508768274112,132,131,76,55,0.5801526717557252,0.49453635953136416,0.9924242424242424,-214.0,-0.027386741745584847,56.0,0.23243271941295118,0.6561247931389009,44,44,27,17,0.6136363636363636,0.4662357539237828,1.0,127.0,0.049358725223474544,55.0,0.2375023858071999,0.6679044389751493,45,44,30,14,0.6818181818181818,0.5344310393781776,0.9777777777777777,350.0,0.1320754716981132,55.0,0.22913993312220332,0.6494522456613749,True,True
current,prob3_C0.25,-20.0,307,305,174,131,0.5704918032786885,0.5144014786791801,0.993485342019544,-826.0,-0.04531987270931636,56.0,0.24251422252971266,0.6776098750295799,184,182,114,68,0.6263736263736264,0.5541599417576814,0.9891304347826086,575.0,0.053117782909930716,56.0,0.2429582218644334,0.6796942937512495,61,61,28,33,0.45901639344262296,0.34012932293855763,1.0,-816.0,-0.22566371681415928,55.0,0.25169707539556363,0.6962722942341301,62,62,32,30,0.5161290322580645,0.39447459605660673,1.0,-585.0,-0.154557463672391,57.5,0.23217612730816284,0.6531296850485896,False,True
v21,prob3_C0.25,-20.0,221,219,133,86,0.6073059360730594,0.5413113057595218,0.9909502262443439,263.0,0.02017335276520672,56.0,0.23278971815520708,0.6571508768274112,132,131,76,55,0.5801526717557252,0.49453635953136416,0.9924242424242424,-214.0,-0.027386741745584847,56.0,0.23243271941295118,0.6561247931389009,44,44,27,17,0.6136363636363636,0.4662357539237828,1.0,127.0,0.049358725223474544,55.0,0.2375023858071999,0.6679044389751493,45,44,30,14,0.6818181818181818,0.5344310393781776,0.9777777777777777,350.0,0.1320754716981132,55.0,0.22913993312220332,0.6494522456613749,True,True
current,prob3_C0.25,-15.0,307,305,174,131,0.5704918032786885,0.5144014786791801,0.993485342019544,-826.0,-0.04531987270931636,56.0,0.24251422252971266,0.6776098750295799,184,182,114,68,0.6263736263736264,0.5541599417576814,0.9891304347826086,575.0,0.053117782909930716,56.0,0.2429582218644334,0.6796942937512495,61,61,28,33,0.45901639344262296,0.34012932293855763,1.0,-816.0,-0.22566371681415928,55.0,0.25169707539556363,0.6962722942341301,62,62,32,30,0.5161290322580645,0.39447459605660673,1.0,-585.0,-0.154557463672391,57.5,0.23217612730816284,0.6531296850485896,False,True
v21,prob3_C0.25,-15.0,221,219,133,86,0.6073059360730594,0.5413113057595218,0.9909502262443439,263.0,0.02017335276520672,56.0,0.23278971815520708,0.6571508768274112,132,131,76,55,0.5801526717557252,0.49453635953136416,0.9924242424242424,-214.0,-0.027386741745584847,56.0,0.23243271941295118,0.6561247931389009,44,44,27,17,0.6136363636363636,0.4662357539237828,1.0,127.0,0.049358725223474544,55.0,0.2375023858071999,0.6679044389751493,45,44,30,14,0.6818181818181818,0.5344310393781776,0.9777777777777777,350.0,0.1320754716981132,55.0,0.22913993312220332,0.6494522456613749,True,True
current,prob3_C0.25,-10.0,307,305,174,131,0.5704918032786885,0.5144014786791801,0.993485342019544,-826.0,-0.04531987270931636,56.0,0.24251422252971266,0.6776098750295799,184,182,114,68,0.6263736263736264,0.5541599417576814,0.9891304347826086,575.0,0.053117782909930716,56.0,0.2429582218644334,0.6796942937512495,61,61,28,33,0.45901639344262296,0.34012932293855763,1.0,-816.0,-0.22566371681415928,55.0,0.25169707539556363,0.6962722942341301,62,62,32,30,0.5161290322580645,0.39447459605660673,1.0,-585.0,-0.154557463672391,57.5,0.23217612730816284,0.6531296850485896,False,True
v21,prob3_C0.25,-10.0,221,219,133,86,0.6073059360730594,0.5413113057595218,0.9909502262443439,263.0,0.02017335276520672,56.0,0.23278971815520708,0.6571508768274112,132,131,76,55,0.5801526717557252,0.49453635953136416,0.9924242424242424,-214.0,-0.027386741745584847,56.0,0.23243271941295118,0.6561247931389009,44,44,27,17,0.6136363636363636,0.4662357539237828,1.0,127.0,0.049358725223474544,55.0,0.2375023858071999,0.6679044389751493,45,44,30,14,0.6818181818181818,0.5344310393781776,0.9777777777777777,350.0,0.1320754716981132,55.0,0.22913993312220332,0.6494522456613749,True,True
current,prob3_C0.25,-5.0,307,305,174,131,0.5704918032786885,0.5144014786791801,0.993485342019544,-826.0,-0.04531987270931636,56.0,0.24251422252971266,0.6776098750295799,184,182,114,68,0.6263736263736264,0.5541599417576814,0.9891304347826086,575.0,0.053117782909930716,56.0,0.2429582218644334,0.6796942937512495,61,61,28,33,0.45901639344262296,0.34012932293855763,1.0,-816.0,-0.22566371681415928,55.0,0.25169707539556363,0.6962722942341301,62,62,32,30,0.5161290322580645,0.39447459605660673,1.0,-585.0,-0.154557463672391,57.5,0.23217612730816284,0.6531296850485896,False,True
v21,prob3_C0.25,-5.0,221,219,133,86,0.6073059360730594,0.5413113057595218,0.9909502262443439,227.0,0.017364032739233533,56.0,0.2333555483040403,0.6584851229946921,132,131,76,55,0.5801526717557252,0.49453635953136416,0.9924242424242424,-250.0,-0.03184713375796178,56.0,0.23337864920374876,0.6583553268078667,44,44,27,17,0.6136363636363636,0.4662357539237828,1.0,127.0,0.049358725223474544,55.0,0.2375023858071999,0.6679044389751493,45,44,30,14,0.6818181818181818,0.5344310393781776,0.9777777777777777,350.0,0.1320754716981132,55.0,0.22913993312220332,0.6494522456613749,True,True
current,prob3_C0.25,0.0,307,150,130,20,0.8666666666666667,0.803019825502258,0.48859934853420195,1009.0,0.08414644316570762,83.0,0.12108417479916099,0.4018073972351844,184,95,85,10,0.8947368421052632,0.8169794293520014,0.5163043478260869,903.0,0.11886270896406476,83.0,0.1187289377376444,0.4024383004902605,61,30,25,5,0.8333333333333334,0.6643564949358397,0.4918032786885246,56.0,0.022913256955810146,83.0,0.1321451059595517,0.42020282867184605,62,25,20,5,0.8,0.6086904963045967,0.4032258064516129,50.0,0.02564102564102564,78.0,0.1167609582404553,0.37733544714190126,True,False
v21,prob3_C0.25,0.0,221,87,77,10,0.8850574712643678,0.8011941795053155,0.3936651583710407,539.0,0.07526881720430108,83.0,0.11603515679514421,0.4000650660008879,132,49,39,10,0.7959183673469388,0.6636299908048745,0.3712121212121212,-88.0,-0.022066198595787363,83.0,0.17758384196271954,0.56891019553098,44,17,17,0,1.0,0.8156818649911483,0.38636363636363635,274.0,0.19214586255259467,88.0,0.03523013482987912,0.17992476204728428,45,21,21,0,1.0,0.8453609810751531,0.4666666666666667,353.0,0.20206067544361764,87.0,0.03783514728077835,0.18430191458359002,True,False
current,prob3_C0.25,2.0,307,47,41,6,0.8723404255319149,0.748260592072075,0.15309446254071662,409.0,0.11081007856949336,80.0,0.11115703312569838,0.37619367339369675,184,29,26,3,0.896551724137931,0.736149189092262,0.15760869565217392,263.0,0.11253744116388532,81.0,0.09377668325731485,0.3389065446726005,61,11,10,1,0.9090909090909091,0.6226415635484044,0.18032786885245902,157.0,0.18623962040332148,77.0,0.07942373558278885,0.2781641273687879,62,7,5,2,0.7142857142857143,0.35893445183261935,0.11290322580645161,-11.0,-0.021526418786692758,69.0,0.23302795014785954,0.6847153504202385,False,False
v21,prob3_C0.25,2.0,221,11,11,0,1.0,0.7411670330319683,0.049773755656108594,195.0,0.2154696132596685,83.0,0.028005301675383253,0.1651511881094754,132,6,6,0,1.0,0.6096657120978346,0.045454545454545456,109.0,0.2219959266802444,80.5,0.032292202534520614,0.17351332675605402,44,1,1,0,1.0,0.20654931437723742,0.022727272727272728,13.0,0.14942528735632185,86.0,0.010064164387351028,0.10571647783556283,45,4,4,0,1.0,0.5101091635454027,0.08888888888888889,73.0,0.22324159021406728,81.0,0.026060234708685275,0.16746665770808553,True,False
current,prob3_C0.25,5.0,307,9,8,1,0.8888888888888888,0.5650002944233439,0.029315960912052116,80.0,0.1111111111111111,77.0,0.06997681994369159,0.24380479671287658,184,5,5,0,1.0,0.5655175352168252,0.02717391304347826,77.0,0.18203309692671396,82.0,0.011808905573612166,0.10441403759218762,61,3,3,0,1.0,0.4385029682449545,0.04918032786885246,67.0,0.2875536480686695,77.0,0.0188989278851204,0.13665351069682977,62,1,0,1,0.0,0.0,0.016129032258064516,-64.0,-1.0,62.0,0.5140500679698023,1.2622124503644616,False,False
v21,prob3_C0.25,5.0,221,1,1,0,1.0,0.20654931437723742,0.004524886877828055,16.0,0.19047619047619047,82.0,0.009676929600095205,0.10355257994122828,132,1,1,0,1.0,0.20654931437723742,0.007575757575757576,16.0,0.19047619047619047,82.0,0.009676929600095205,0.10355257994122828,44,0,0,0,,,0.0,0.0,,,,,45,0,0,0,,,0.0,0.0,,,,,False,False
current,prob3_C0.25,10.0,307,1,1,0,1.0,0.20654931437723742,0.003257328990228013,21.0,0.26582278481012656,77.0,0.002655074819058151,0.05290239685584163,184,0,0,0,,,0.0,0.0,,,,,61,1,1,0,1.0,0.20654931437723742,0.01639344262295082,21.0,0.26582278481012656,77.0,0.002655074819058151,0.05290239685584163,62,0,0,0,,,0.0,0.0,,,,,False,False
v21,prob3_C0.25,10.0,221,0,0,0,,,0.0,0.0,,,,,132,0,0,0,,,0.0,0.0,,,,,44,0,0,0,,,0.0,0.0,,,,,45,0,0,0,,,0.0,0.0,,,,,False,False
current,prob3_C0.25,15.0,307,1,1,0,1.0,0.20654931437723742,0.003257328990228013,21.0,0.26582278481012656,77.0,0.002655074819058151,0.05290239685584163,184,0,0,0,,,0.0,0.0,,,,,61,1,1,0,1.0,0.20654931437723742,0.01639344262295082,21.0,0.26582278481012656,77.0,0.002655074819058151,0.05290239685584163,62,0,0,0,,,0.0,0.0,,,,,False,False
v21,prob3_C0.25,15.0,221,0,0,0,,,0.0,0.0,,,,,132,0,0,0,,,0.0,0.0,,,,,44,0,0,0,,,0.0,0.0,,,,,45,0,0,0,,,0.0,0.0,,,,,False,False
current,prob3_C0.25,20.0,307,1,1,0,1.0,0.20654931437723742,0.003257328990228013,53.0,1.127659574468085,45.0,0.01802706071462396,0.14417629492801204,184,0,0,0,,,0.0,0.0,,,,,61,1,1,0,1.0,0.20654931437723742,0.01639344262295082,53.0,1.127659574468085,45.0,0.01802706071462396,0.14417629492801204,62,0,0,0,,,0.0,0.0,,,,,False,False
v21,prob3_C0.25,20.0,221,0,0,0,,,0.0,0.0,,,,,132,0,0,0,,,0.0,0.0,,,,,44,0,0,0,,,0.0,0.0,,,,,45,0,0,0,,,0.0,0.0,,,,,False,False
current,prob_gap_margin_C0.05,-30.0,307,305,179,126,0.5868852459016394,0.5308787508233015,0.993485342019544,-305.0,-0.01675363911013458,56.0,0.24277011191735473,0.6781197303048849,184,182,116,66,0.6373626373626373,0.5653445528089827,0.9891304347826086,787.0,0.07278276149079811,56.0,0.24269649658132128,0.6787374631120128,61,61,28,33,0.45901639344262296,0.34012932293855763,1.0,-809.0,-0.22416181767802715,55.0,0.25211138341871775,0.6973431334455491,62,62,35,27,0.5645161290322581,0.4409298797214877,1.0,-283.0,-0.07480835315886862,57.5,0.2337956027169504,0.6573930373616951,False,True
v21,prob_gap_margin_C0.05,-30.0,221,219,135,84,0.6164383561643836,0.5505566989450772,0.9909502262443439,488.0,0.03750384260682447,56.0,0.2329295250276174,0.6575756329897428,132,131,78,53,0.5954198473282443,0.509814920989068,0.9924242424242424,4.0,0.000513083632632119,56.0,0.23294103461836504,0.6573402544060101,44,44,26,18,0.5909090909090909,0.444097537410319,1.0,32.0,0.012461059190031152,55.0,0.23849642059182677,0.669965796511046,45,44,31,13,0.7045454545454546,0.5577979987383977,0.9777777777777777,452.0,0.17069486404833836,55.0,0.22732836227277317,0.645886255706371,True,True
current,prob_gap_margin_C0.05,-20.0,307,305,179,126,0.5868852459016394,0.5308787508233015,0.993485342019544,-305.0,-0.01675363911013458,56.0,0.24277011191735473,0.6781197303048849,184,182,116,66,0.6373626373626373,0.5653445528089827,0.9891304347826086,787.0,0.07278276149079811,56.0,0.24269649658132128,0.6787374631120128,61,61,28,33,0.45901639344262296,0.34012932293855763,1.0,-809.0,-0.22416181767802715,55.0,0.25211138341871775,0.6973431334455491,62,62,35,27,0.5645161290322581,0.4409298797214877,1.0,-283.0,-0.07480835315886862,57.5,0.2337956027169504,0.6573930373616951,False,True
v21,prob_gap_margin_C0.05,-20.0,221,219,135,84,0.6164383561643836,0.5505566989450772,0.9909502262443439,488.0,0.03750384260682447,56.0,0.2329295250276174,0.6575756329897428,132,131,78,53,0.5954198473282443,0.509814920989068,0.9924242424242424,4.0,0.000513083632632119,56.0,0.23294103461836504,0.6573402544060101,44,44,26,18,0.5909090909090909,0.444097537410319,1.0,32.0,0.012461059190031152,55.0,0.23849642059182677,0.669965796511046,45,44,31,13,0.7045454545454546,0.5577979987383977,0.9777777777777777,452.0,0.17069486404833836,55.0,0.22732836227277317,0.645886255706371,True,True
current,prob_gap_margin_C0.05,-15.0,307,305,179,126,0.5868852459016394,0.5308787508233015,0.993485342019544,-305.0,-0.01675363911013458,56.0,0.24277011191735473,0.6781197303048849,184,182,116,66,0.6373626373626373,0.5653445528089827,0.9891304347826086,787.0,0.07278276149079811,56.0,0.24269649658132128,0.6787374631120128,61,61,28,33,0.45901639344262296,0.34012932293855763,1.0,-809.0,-0.22416181767802715,55.0,0.25211138341871775,0.6973431334455491,62,62,35,27,0.5645161290322581,0.4409298797214877,1.0,-283.0,-0.07480835315886862,57.5,0.2337956027169504,0.6573930373616951,False,True
v21,prob_gap_margin_C0.05,-15.0,221,219,135,84,0.6164383561643836,0.5505566989450772,0.9909502262443439,488.0,0.03750384260682447,56.0,0.2329295250276174,0.6575756329897428,132,131,78,53,0.5954198473282443,0.509814920989068,0.9924242424242424,4.0,0.000513083632632119,56.0,0.23294103461836504,0.6573402544060101,44,44,26,18,0.5909090909090909,0.444097537410319,1.0,32.0,0.012461059190031152,55.0,0.23849642059182677,0.669965796511046,45,44,31,13,0.7045454545454546,0.5577979987383977,0.9777777777777777,452.0,0.17069486404833836,55.0,0.22732836227277317,0.645886255706371,True,True
current,prob_gap_margin_C0.05,-10.0,307,305,179,126,0.5868852459016394,0.5308787508233015,0.993485342019544,-305.0,-0.01675363911013458,56.0,0.24277011191735473,0.6781197303048849,184,182,116,66,0.6373626373626373,0.5653445528089827,0.9891304347826086,787.0,0.07278276149079811,56.0,0.24269649658132128,0.6787374631120128,61,61,28,33,0.45901639344262296,0.34012932293855763,1.0,-809.0,-0.22416181767802715,55.0,0.25211138341871775,0.6973431334455491,62,62,35,27,0.5645161290322581,0.4409298797214877,1.0,-283.0,-0.07480835315886862,57.5,0.2337956027169504,0.6573930373616951,False,True
v21,prob_gap_margin_C0.05,-10.0,221,219,135,84,0.6164383561643836,0.5505566989450772,0.9909502262443439,488.0,0.03750384260682447,56.0,0.2329295250276174,0.6575756329897428,132,131,78,53,0.5954198473282443,0.509814920989068,0.9924242424242424,4.0,0.000513083632632119,56.0,0.23294103461836504,0.6573402544060101,44,44,26,18,0.5909090909090909,0.444097537410319,1.0,32.0,0.012461059190031152,55.0,0.23849642059182677,0.669965796511046,45,44,31,13,0.7045454545454546,0.5577979987383977,0.9777777777777777,452.0,0.17069486404833836,55.0,0.22732836227277317,0.645886255706371,True,True
current,prob_gap_margin_C0.05,-5.0,307,305,177,128,0.580327868852459,0.5242804648000084,0.993485342019544,-561.0,-0.03072120913422047,56.0,0.24314939706251038,0.6793239906022012,184,182,114,68,0.6263736263736264,0.5541599417576814,0.9891304347826086,546.0,0.050304035378662244,56.0,0.2446327952439263,0.6839580969910458,61,61,28,33,0.45901639344262296,0.34012932293855763,1.0,-830.0,-0.22865013774104684,55.0,0.24834072444049862,0.6885346198294328,62,62,35,27,0.5645161290322581,0.4409298797214877,1.0,-277.0,-0.07333862854117024,57.5,0.23368730933549467,0.6566585753500904,False,True
v21,prob_gap_margin_C0.05,-5.0,221,219,135,84,0.6164383561643836,0.5505566989450772,0.9909502262443439,466.0,0.035752646923431025,56.0,0.23098608791310943,0.6531837947913135,132,131,78,53,0.5954198473282443,0.509814920989068,0.9924242424242424,-15.0,-0.0019193857965451055,56.0,0.22972855029921943,0.6502316162918542,44,44,26,18,0.5909090909090909,0.444097537410319,1.0,33.0,0.012855473315153876,55.0,0.23888281436170644,0.6707396781612288,45,44,31,13,0.7045454545454546,0.5577979987383977,0.9777777777777777,448.0,0.1689291101055807,55.0,0.22683339390586682,0.64441735195388,True,True
current,prob_gap_margin_C0.05,0.0,307,197,142,55,0.7208121827411168,0.6544038865587805,0.6416938110749185,291.0,0.020921705370623336,66.0,0.1741269146470772,0.5200686235886154,184,123,86,37,0.6991869918699187,0.6131159096641786,0.6684782608695652,98.0,0.011526699600094096,63.0,0.19080486642791175,0.5627293786987214,61,42,34,8,0.8095238095238095,0.6669922598996131,0.6885245901639344,161.0,0.04970669959864155,75.0,0.12629213405312736,0.3937439072439438,62,32,22,10,0.6875,0.5143332169904459,0.5161290322580645,32.0,0.014760147601476014,62.5,0.17280418701905342,0.5218925363365267,True,False
v21,prob_gap_margin_C0.05,0.0,221,55,47,8,0.8545454545454545,0.7383908706854773,0.248868778280543,367.0,0.08469882298638357,81.0,0.10957800495358899,0.3598028865811255,132,31,26,5,0.8387096774193549,0.6736564604120674,0.23484848484848486,150.0,0.061224489795918366,83.0,0.11693426109093498,0.3781987829183186,44,8,7,1,0.875,0.5291118177871466,0.18181818181818182,80.0,0.12903225806451613,81.5,0.07377889646778743,0.2746394513303543,45,16,14,2,0.875,0.6397717273424132,0.35555555555555557,137.0,0.10847189231987332,79.5,0.11322481293038197,0.3667425550531991,True,False
current,prob_gap_margin_C0.05,2.0,307,74,54,20,0.7297297297297297,0.6190875157143347,0.24104234527687296,229.0,0.04428543801972539,69.0,0.17207994538188115,0.5240281906232236,184,50,37,13,0.74,0.6044684273515116,0.2717391304347826,244.0,0.07060185185185185,68.0,0.15808107081218353,0.48314217115970665,61,16,12,4,0.75,0.5050168346449122,0.26229508196721313,36.0,0.030927835051546393,71.5,0.17082900312116814,0.5407631727535629,62,8,5,3,0.625,0.3057423946026273,0.12903225806451613,-51.0,-0.0925589836660617,66.0,0.26207479596391725,0.7460958480095257,False,False
v21,prob_gap_margin_C0.05,2.0,221,5,5,0,1.0,0.5655175352168252,0.02262443438914027,144.0,0.4044943820224719,71.0,0.08838870734351152,0.32070310711402544,132,4,4,0,1.0,0.5101091635454027,0.030303030303030304,117.0,0.4134275618374558,72.0,0.09506148255260549,0.329494447600753,44,0,0,0,,,0.0,0.0,,,,,45,1,1,0,1.0,0.20654931437723742,0.022222222222222223,27.0,0.3698630136986301,71.0,0.06169760650713563,0.2855377451671151,False,False
current,prob_gap_margin_C0.05,5.0,307,12,6,6,0.5,0.2537815976337061,0.03908794788273615,-231.0,-0.2779783393501805,66.5,0.22521977481872366,0.6102398309325698,184,7,3,4,0.42857142857142855,0.15821985525146973,0.03804347826086957,-152.0,-0.336283185840708,65.0,0.2478173206530924,0.6796099653710534,61,4,3,1,0.75,0.3006418425824019,0.06557377049180328,-15.0,-0.047619047619047616,81.0,0.10911680735879217,0.3149879885373289,62,1,0,1,0.0,0.0,0.016129032258064516,-64.0,-1.0,62.0,0.5314488238178686,1.3056562594441479,False,False
v21,prob_gap_margin_C0.05,5.0,221,0,0,0,,,0.0,0.0,,,,,132,0,0,0,,,0.0,0.0,,,,,44,0,0,0,,,0.0,0.0,,,,,45,0,0,0,,,0.0,0.0,,,,,False,False
current,prob_gap_margin_C0.05,10.0,307,2,1,1,0.5,0.09453120573423071,0.006514657980456026,-42.0,-0.29577464788732394,69.0,0.2726344701940563,0.7048953232164785,184,1,0,1,0.0,0.0,0.005434782608695652,-63.0,-1.0,61.0,0.5384181101883146,1.323393907364177,61,1,1,0,1.0,0.20654931437723742,0.01639344262295082,21.0,0.26582278481012656,77.0,0.006850830199797935,0.08639673906878005,62,0,0,0,,,0.0,0.0,,,,,False,False
v21,prob_gap_margin_C0.05,10.0,221,0,0,0,,,0.0,0.0,,,,,132,0,0,0,,,0.0,0.0,,,,,44,0,0,0,,,0.0,0.0,,,,,45,0,0,0,,,0.0,0.0,,,,,False,False
current,prob_gap_margin_C0.05,15.0,307,1,1,0,1.0,0.20654931437723742,0.003257328990228013,53.0,1.127659574468085,45.0,0.035770919452084375,0.20965001978933334,184,0,0,0,,,0.0,0.0,,,,,61,1,1,0,1.0,0.20654931437723742,0.01639344262295082,53.0,1.127659574468085,45.0,0.035770919452084375,0.20965001978933334,62,0,0,0,,,0.0,0.0,,,,,False,False
v21,prob_gap_margin_C0.05,15.0,221,0,0,0,,,0.0,0.0,,,,,132,0,0,0,,,0.0,0.0,,,,,44,0,0,0,,,0.0,0.0,,,,,45,0,0,0,,,0.0,0.0,,,,,False,False
current,prob_gap_margin_C0.05,20.0,307,1,1,0,1.0,0.20654931437723742,0.003257328990228013,53.0,1.127659574468085,45.0,0.035770919452084375,0.20965001978933334,184,0,0,0,,,0.0,0.0,,,,,61,1,1,0,1.0,0.20654931437723742,0.01639344262295082,53.0,1.127659574468085,45.0,0.035770919452084375,0.20965001978933334,62,0,0,0,,,0.0,0.0,,,,,False,False
v21,prob_gap_margin_C0.05,20.0,221,0,0,0,,,0.0,0.0,,,,,132,0,0,0,,,0.0,0.0,,,,,44,0,0,0,,,0.0,0.0,,,,,45,0,0,0,,,0.0,0.0,,,,,False,False
current,prob_gap_margin_C0.1,-30.0,307,305,175,130,0.5737704918032787,0.5176920251496903,0.993485342019544,-716.0,-0.039306104523495825,56.0,0.24260771048533628,0.6777804796026939,184,182,113,69,0.6208791208791209,0.5485817285674833,0.9891304347826086,482.0,0.044555370678498796,56.0,0.24278798643785363,0.6791307848989485,61,61,28,33,0.45901639344262296,0.34012932293855763,1.0,-814.0,-0.22523519645821805,55.0,0.25193131936883817,0.6968665332967595,62,62,34,28,0.5483870967741935,0.425325124698443,1.0,-384.0,-0.1014799154334038,57.5,0.23290528523933982,0.6550384660663013,False,True
v21,prob_gap_margin_C0.1,-30.0,221,219,132,87,0.6027397260273972,0.5366972791171479,0.9909502262443439,175.0,0.013435700575815739,56.0,0.23274685529492664,0.6571313159997738,132,131,75,56,0.5725190839694656,0.486926931044424,0.9924242424242424,-309.0,-0.039569727237802534,56.0,0.2325735353928775,0.6565114859121177,44,44,26,18,0.5909090909090909,0.444097537410319,1.0,32.0,0.012461059190031152,55.0,0.23791253045583868,0.6687580461086481,45,44,31,13,0.7045454545454546,0.5577979987383977,0.9777777777777777,452.0,0.17069486404833836,55.0,0.22809720075147916,0.6473499891064212,True,True
current,prob_gap_margin_C0.1,-20.0,307,305,175,130,0.5737704918032787,0.5176920251496903,0.993485342019544,-716.0,-0.039306104523495825,56.0,0.24260771048533628,0.6777804796026939,184,182,113,69,0.6208791208791209,0.5485817285674833,0.9891304347826086,482.0,0.044555370678498796,56.0,0.24278798643785363,0.6791307848989485,61,61,28,33,0.45901639344262296,0.34012932293855763,1.0,-814.0,-0.22523519645821805,55.0,0.25193131936883817,0.6968665332967595,62,62,34,28,0.5483870967741935,0.425325124698443,1.0,-384.0,-0.1014799154334038,57.5,0.23290528523933982,0.6550384660663013,False,True
v21,prob_gap_margin_C0.1,-20.0,221,219,132,87,0.6027397260273972,0.5366972791171479,0.9909502262443439,175.0,0.013435700575815739,56.0,0.23274685529492664,0.6571313159997738,132,131,75,56,0.5725190839694656,0.486926931044424,0.9924242424242424,-309.0,-0.039569727237802534,56.0,0.2325735353928775,0.6565114859121177,44,44,26,18,0.5909090909090909,0.444097537410319,1.0,32.0,0.012461059190031152,55.0,0.23791253045583868,0.6687580461086481,45,44,31,13,0.7045454545454546,0.5577979987383977,0.9777777777777777,452.0,0.17069486404833836,55.0,0.22809720075147916,0.6473499891064212,True,True
current,prob_gap_margin_C0.1,-15.0,307,305,175,130,0.5737704918032787,0.5176920251496903,0.993485342019544,-716.0,-0.039306104523495825,56.0,0.24260771048533628,0.6777804796026939,184,182,113,69,0.6208791208791209,0.5485817285674833,0.9891304347826086,482.0,0.044555370678498796,56.0,0.24278798643785363,0.6791307848989485,61,61,28,33,0.45901639344262296,0.34012932293855763,1.0,-814.0,-0.22523519645821805,55.0,0.25193131936883817,0.6968665332967595,62,62,34,28,0.5483870967741935,0.425325124698443,1.0,-384.0,-0.1014799154334038,57.5,0.23290528523933982,0.6550384660663013,False,True
v21,prob_gap_margin_C0.1,-15.0,221,219,132,87,0.6027397260273972,0.5366972791171479,0.9909502262443439,175.0,0.013435700575815739,56.0,0.23274685529492664,0.6571313159997738,132,131,75,56,0.5725190839694656,0.486926931044424,0.9924242424242424,-309.0,-0.039569727237802534,56.0,0.2325735353928775,0.6565114859121177,44,44,26,18,0.5909090909090909,0.444097537410319,1.0,32.0,0.012461059190031152,55.0,0.23791253045583868,0.6687580461086481,45,44,31,13,0.7045454545454546,0.5577979987383977,0.9777777777777777,452.0,0.17069486404833836,55.0,0.22809720075147916,0.6473499891064212,True,True
current,prob_gap_margin_C0.1,-10.0,307,305,175,130,0.5737704918032787,0.5176920251496903,0.993485342019544,-716.0,-0.039306104523495825,56.0,0.24260771048533628,0.6777804796026939,184,182,113,69,0.6208791208791209,0.5485817285674833,0.9891304347826086,482.0,0.044555370678498796,56.0,0.24278798643785363,0.6791307848989485,61,61,28,33,0.45901639344262296,0.34012932293855763,1.0,-814.0,-0.22523519645821805,55.0,0.25193131936883817,0.6968665332967595,62,62,34,28,0.5483870967741935,0.425325124698443,1.0,-384.0,-0.1014799154334038,57.5,0.23290528523933982,0.6550384660663013,False,True
v21,prob_gap_margin_C0.1,-10.0,221,219,132,87,0.6027397260273972,0.5366972791171479,0.9909502262443439,175.0,0.013435700575815739,56.0,0.23274685529492664,0.6571313159997738,132,131,75,56,0.5725190839694656,0.486926931044424,0.9924242424242424,-309.0,-0.039569727237802534,56.0,0.2325735353928775,0.6565114859121177,44,44,26,18,0.5909090909090909,0.444097537410319,1.0,32.0,0.012461059190031152,55.0,0.23791253045583868,0.6687580461086481,45,44,31,13,0.7045454545454546,0.5577979987383977,0.9777777777777777,452.0,0.17069486404833836,55.0,0.22809720075147916,0.6473499891064212,True,True
current,prob_gap_margin_C0.1,-5.0,307,305,175,130,0.5737704918032787,0.5176920251496903,0.993485342019544,-733.0,-0.04020183184336094,56.0,0.24209223377881917,0.676682223428667,184,182,113,69,0.6208791208791209,0.5485817285674833,0.9891304347826086,465.0,0.04291647438855561,56.0,0.24192413811099805,0.6772903006512662,61,61,28,33,0.45901639344262296,0.34012932293855763,1.0,-814.0,-0.22523519645821805,55.0,0.25193131936883817,0.6968665332967595,62,62,34,28,0.5483870967741935,0.425325124698443,1.0,-384.0,-0.1014799154334038,57.5,0.23290528523933982,0.6550384660663013,False,True
v21,prob_gap_margin_C0.1,-5.0,221,219,132,87,0.6027397260273972,0.5366972791171479,0.9909502262443439,155.0,0.011881947106170947,56.0,0.2339449330412991,0.6598141992649434,132,131,75,56,0.5725190839694656,0.486926931044424,0.9924242424242424,-329.0,-0.04202324690254183,56.0,0.2345764287245994,0.6609966113706837,44,44,26,18,0.5909090909090909,0.444097537410319,1.0,32.0,0.012461059190031152,55.0,0.23791253045583868,0.6687580461086481,45,44,31,13,0.7045454545454546,0.5577979987383977,0.9777777777777777,452.0,0.17069486404833836,55.0,0.22809720075147916,0.6473499891064212,True,True
current,prob_gap_margin_C0.1,0.0,307,164,128,36,0.7804878048780488,0.7111202752298119,0.5342019543973942,528.0,0.04302477183833116,73.5,0.155708390199022,0.4838701713592992,184,103,80,23,0.7766990291262136,0.6871583963606128,0.5597826086956522,368.0,0.04821802935010482,73.0,0.16411105455651256,0.5095368227735364,61,35,28,7,0.8,0.6410838693433439,0.5737704918032787,60.0,0.021897810218978103,79.0,0.13869631196772916,0.4353601869906152,62,26,20,6,0.7692307692307693,0.5794844592105631,0.41935483870967744,100.0,0.05263157894736842,68.0,0.1453217867095496,0.4474926466376653,True,False
v21,prob_gap_margin_C0.1,0.0,221,70,58,12,0.8285714285714286,0.7238335196785457,0.3167420814479638,152.0,0.026912181303116147,83.0,0.14202970605547952,0.4644782189512175,132,40,30,10,0.75,0.5980603857923198,0.30303030303030304,-186.0,-0.0583804143126177,79.0,0.19974043484231047,0.625233464932391,44,11,10,1,0.9090909090909091,0.6226415635484044,0.25,112.0,0.12612612612612611,83.0,0.05623171731884637,0.22827780941315678,45,19,18,1,0.9473684210526315,0.753612688331012,0.4222222222222222,226.0,0.14358322744599747,86.0,0.07020595472020208,0.26279372767078213,True,False
current,prob_gap_margin_C0.1,2.0,307,49,39,10,0.7959183673469388,0.6636299908048745,0.15960912052117263,183.0,0.04923325262308313,74.0,0.14923394449711272,0.4656984013839983,184,32,26,6,0.8125,0.6469084479862404,0.17391304347826086,137.0,0.05562322371092164,77.0,0.1337220744130541,0.4318592965209969,61,10,9,1,0.9,0.5958499732047616,0.16393442622950818,128.0,0.16580310880829016,78.0,0.10153624800313218,0.33386517647857483,62,7,4,3,0.5714285714285714,0.2504583645276572,0.11290322580645161,-82.0,-0.17012448132780084,66.0,0.2882849170156387,0.8087246306226092,False,False
v21,prob_gap_margin_C0.1,2.0,221,7,7,0,1.0,0.6456695649333126,0.03167420814479638,147.0,0.26582278481012656,78.0,0.0381922668117677,0.2037081253173064,132,3,3,0,1.0,0.4385029682449545,0.022727272727272728,72.0,0.3157894736842105,78.0,0.05061800899627061,0.23649001040498563,44,1,1,0,1.0,0.20654931437723742,0.022727272727272728,13.0,0.14942528735632185,86.0,0.01135577164518821,0.11267997431831428,45,3,3,0,1.0,0.4385029682449545,0.06666666666666667,62.0,0.2605042016806723,78.0,0.03471202301612462,0.2012689572292912,True,False
current,prob_gap_margin_C0.1,5.0,307,8,6,2,0.75,0.40927543031016894,0.026058631921824105,9.0,0.015228426395939087,75.0,0.14476697216100354,0.4335241695852524,184,4,3,1,0.75,0.3006418425824019,0.021739130434782608,6.0,0.02040816326530612,71.5,0.14297499466251196,0.43378740635430846,61,3,3,0,1.0,0.4385029682449545,0.04918032786885246,67.0,0.2875536480686695,77.0,0.022163735526653277,0.15224661589930016,62,1,0,1,0.0,0.0,0.016129032258064516,-64.0,-1.0,62.0,0.5197445920580205,1.2763038835668852,False,False
v21,prob_gap_margin_C0.1,5.0,221,1,1,0,1.0,0.20654931437723742,0.004524886877828055,16.0,0.19047619047619047,82.0,0.011871783655267611,0.11536339471077961,132,1,1,0,1.0,0.20654931437723742,0.007575757575757576,16.0,0.19047619047619047,82.0,0.011871783655267611,0.11536339471077961,44,0,0,0,,,0.0,0.0,,,,,45,0,0,0,,,0.0,0.0,,,,,False,False
current,prob_gap_margin_C0.1,10.0,307,1,1,0,1.0,0.20654931437723742,0.003257328990228013,21.0,0.26582278481012656,77.0,0.004986458814784038,0.07323205402674773,184,0,0,0,,,0.0,0.0,,,,,61,1,1,0,1.0,0.20654931437723742,0.01639344262295082,21.0,0.26582278481012656,77.0,0.004986458814784038,0.07323205402674773,62,0,0,0,,,0.0,0.0,,,,,False,False
v21,prob_gap_margin_C0.1,10.0,221,0,0,0,,,0.0,0.0,,,,,132,0,0,0,,,0.0,0.0,,,,,44,0,0,0,,,0.0,0.0,,,,,45,0,0,0,,,0.0,0.0,,,,,False,False
current,prob_gap_margin_C0.1,15.0,307,1,1,0,1.0,0.20654931437723742,0.003257328990228013,53.0,1.127659574468085,45.0,0.031858361254267845,0.19661008148612769,184,0,0,0,,,0.0,0.0,,,,,61,1,1,0,1.0,0.20654931437723742,0.01639344262295082,53.0,1.127659574468085,45.0,0.031858361254267845,0.19661008148612769,62,0,0,0,,,0.0,0.0,,,,,False,False
v21,prob_gap_margin_C0.1,15.0,221,0,0,0,,,0.0,0.0,,,,,132,0,0,0,,,0.0,0.0,,,,,44,0,0,0,,,0.0,0.0,,,,,45,0,0,0,,,0.0,0.0,,,,,False,False
current,prob_gap_margin_C0.1,20.0,307,1,1,0,1.0,0.20654931437723742,0.003257328990228013,53.0,1.127659574468085,45.0,0.031858361254267845,0.19661008148612769,184,0,0,0,,,0.0,0.0,,,,,61,1,1,0,1.0,0.20654931437723742,0.01639344262295082,53.0,1.127659574468085,45.0,0.031858361254267845,0.19661008148612769,62,0,0,0,,,0.0,0.0,,,,,False,False
v21,prob_gap_margin_C0.1,20.0,221,0,0,0,,,0.0,0.0,,,,,132,0,0,0,,,0.0,0.0,,,,,44,0,0,0,,,0.0,0.0,,,,,45,0,0,0,,,0.0,0.0,,,,,False,False
current,prob_gap_margin_C0.25,-30.0,307,305,175,130,0.5737704918032787,0.5176920251496903,0.993485342019544,-725.0,-0.039780521262002745,56.0,0.2425834573399159,0.6777410856651347,184,182,115,67,0.6318681318681318,0.5597475218575272,0.9891304347826086,676.0,0.06245380635624538,56.0,0.24291989353079438,0.679570821230282,61,61,28,33,0.45901639344262296,0.34012932293855763,1.0,-816.0,-0.22566371681415928,55.0,0.2518572922989737,0.6966235708699845,62,62,32,30,0.5161290322580645,0.39447459605660673,1.0,-585.0,-0.154557463672391,57.5,0.23247159735213518,0.6537919974336398,False,True
v21,prob_gap_margin_C0.25,-30.0,221,219,133,86,0.6073059360730594,0.5413113057595218,0.9909502262443439,270.0,0.02072141212586339,56.0,0.23267283404690067,0.6569281271492925,132,131,75,56,0.5725190839694656,0.486926931044424,0.9924242424242424,-309.0,-0.039569727237802534,56.0,0.23232347641130985,0.6559408862171876,44,44,27,17,0.6136363636363636,0.4662357539237828,1.0,127.0,0.049358725223474544,55.0,0.237688453565541,0.6682845882125846,45,44,31,13,0.7045454545454546,0.5577979987383977,0.9777777777777777,452.0,0.17069486404833836,55.0,0.22869734748876958,0.648510951588404,True,True
current,prob_gap_margin_C0.25,-20.0,307,305,175,130,0.5737704918032787,0.5176920251496903,0.993485342019544,-725.0,-0.039780521262002745,56.0,0.2425834573399159,0.6777410856651347,184,182,115,67,0.6318681318681318,0.5597475218575272,0.9891304347826086,676.0,0.06245380635624538,56.0,0.24291989353079438,0.679570821230282,61,61,28,33,0.45901639344262296,0.34012932293855763,1.0,-816.0,-0.22566371681415928,55.0,0.2518572922989737,0.6966235708699845,62,62,32,30,0.5161290322580645,0.39447459605660673,1.0,-585.0,-0.154557463672391,57.5,0.23247159735213518,0.6537919974336398,False,True
v21,prob_gap_margin_C0.25,-20.0,221,219,133,86,0.6073059360730594,0.5413113057595218,0.9909502262443439,270.0,0.02072141212586339,56.0,0.23267283404690067,0.6569281271492925,132,131,75,56,0.5725190839694656,0.486926931044424,0.9924242424242424,-309.0,-0.039569727237802534,56.0,0.23232347641130985,0.6559408862171876,44,44,27,17,0.6136363636363636,0.4662357539237828,1.0,127.0,0.049358725223474544,55.0,0.237688453565541,0.6682845882125846,45,44,31,13,0.7045454545454546,0.5577979987383977,0.9777777777777777,452.0,0.17069486404833836,55.0,0.22869734748876958,0.648510951588404,True,True
current,prob_gap_margin_C0.25,-15.0,307,305,175,130,0.5737704918032787,0.5176920251496903,0.993485342019544,-725.0,-0.039780521262002745,56.0,0.2425834573399159,0.6777410856651347,184,182,115,67,0.6318681318681318,0.5597475218575272,0.9891304347826086,676.0,0.06245380635624538,56.0,0.24291989353079438,0.679570821230282,61,61,28,33,0.45901639344262296,0.34012932293855763,1.0,-816.0,-0.22566371681415928,55.0,0.2518572922989737,0.6966235708699845,62,62,32,30,0.5161290322580645,0.39447459605660673,1.0,-585.0,-0.154557463672391,57.5,0.23247159735213518,0.6537919974336398,False,True
v21,prob_gap_margin_C0.25,-15.0,221,219,133,86,0.6073059360730594,0.5413113057595218,0.9909502262443439,270.0,0.02072141212586339,56.0,0.23267283404690067,0.6569281271492925,132,131,75,56,0.5725190839694656,0.486926931044424,0.9924242424242424,-309.0,-0.039569727237802534,56.0,0.23232347641130985,0.6559408862171876,44,44,27,17,0.6136363636363636,0.4662357539237828,1.0,127.0,0.049358725223474544,55.0,0.237688453565541,0.6682845882125846,45,44,31,13,0.7045454545454546,0.5577979987383977,0.9777777777777777,452.0,0.17069486404833836,55.0,0.22869734748876958,0.648510951588404,True,True
current,prob_gap_margin_C0.25,-10.0,307,305,175,130,0.5737704918032787,0.5176920251496903,0.993485342019544,-725.0,-0.039780521262002745,56.0,0.2425834573399159,0.6777410856651347,184,182,115,67,0.6318681318681318,0.5597475218575272,0.9891304347826086,676.0,0.06245380635624538,56.0,0.24291989353079438,0.679570821230282,61,61,28,33,0.45901639344262296,0.34012932293855763,1.0,-816.0,-0.22566371681415928,55.0,0.2518572922989737,0.6966235708699845,62,62,32,30,0.5161290322580645,0.39447459605660673,1.0,-585.0,-0.154557463672391,57.5,0.23247159735213518,0.6537919974336398,False,True
v21,prob_gap_margin_C0.25,-10.0,221,219,133,86,0.6073059360730594,0.5413113057595218,0.9909502262443439,270.0,0.02072141212586339,56.0,0.23267283404690067,0.6569281271492925,132,131,75,56,0.5725190839694656,0.486926931044424,0.9924242424242424,-309.0,-0.039569727237802534,56.0,0.23232347641130985,0.6559408862171876,44,44,27,17,0.6136363636363636,0.4662357539237828,1.0,127.0,0.049358725223474544,55.0,0.237688453565541,0.6682845882125846,45,44,31,13,0.7045454545454546,0.5577979987383977,0.9777777777777777,452.0,0.17069486404833836,55.0,0.22869734748876958,0.648510951588404,True,True
current,prob_gap_margin_C0.25,-5.0,307,305,175,130,0.5737704918032787,0.5176920251496903,0.993485342019544,-742.0,-0.04067536454336147,56.0,0.2420756243278858,0.6766542352339717,184,182,115,67,0.6318681318681318,0.5597475218575272,0.9891304347826086,659.0,0.06078775020754543,56.0,0.24206885469195275,0.6777494510022342,61,61,28,33,0.45901639344262296,0.34012932293855763,1.0,-816.0,-0.22566371681415928,55.0,0.2518572922989737,0.6966235708699845,62,62,32,30,0.5161290322580645,0.39447459605660673,1.0,-585.0,-0.154557463672391,57.5,0.23247159735213518,0.6537919974336398,False,True
v21,prob_gap_margin_C0.25,-5.0,221,219,133,86,0.6073059360730594,0.5413113057595218,0.9909502262443439,251.0,0.019235190436048738,56.0,0.23402731107766384,0.6599329122534933,132,131,75,56,0.5725190839694656,0.486926931044424,0.9924242424242424,-328.0,-0.04190086867654573,56.0,0.23458783114212764,0.6609641529181034,44,44,27,17,0.6136363636363636,0.4662357539237828,1.0,127.0,0.049358725223474544,55.0,0.237688453565541,0.6682845882125846,45,44,31,13,0.7045454545454546,0.5577979987383977,0.9777777777777777,452.0,0.17069486404833836,55.0,0.22869734748876958,0.648510951588404,True,True
current,prob_gap_margin_C0.25,0.0,307,159,134,25,0.8427672955974843,0.7781894922737796,0.5179153094462541,1021.0,0.08247839082316827,78.0,0.13287228077430682,0.43288451342903833,184,97,84,13,0.865979381443299,0.7841000614500552,0.5271739130434783,834.0,0.11022997620935765,77.0,0.12866377850430305,0.4267041661539796,61,36,30,6,0.8333333333333334,0.6810920568872053,0.5901639344262295,159.0,0.0559662090813094,81.5,0.1349093539585425,0.4330234876022057,62,26,20,6,0.7692307692307693,0.5794844592105631,0.41935483870967744,28.0,0.014198782961460446,73.5,0.14575266868037914,0.45574953710006444,True,False
v21,prob_gap_margin_C0.25,0.0,221,99,80,19,0.8080808080808081,0.7195963938569909,0.4479638009049774,135.0,0.017164653528289893,78.0,0.16264595430124829,0.5155123899250482,132,57,42,15,0.7368421052631579,0.6102342073651618,0.4318181818181818,-306.0,-0.06790945406125166,77.0,0.2026474574500907,0.6227274349976786,44,18,17,1,0.9444444444444444,0.7424269921812741,0.4090909090909091,265.0,0.18466898954703834,78.5,0.07342087867809308,0.28002128561797834,45,24,21,3,0.875,0.6899611872949993,0.5333333333333333,176.0,0.09147609147609148,79.0,0.13456119104011402,0.4374949861078539,True,False
current,prob_gap_margin_C0.25,2.0,307,56,49,7,0.875,0.7637452344180986,0.18241042345276873,557.0,0.1282523601197329,78.0,0.12238173963227338,0.409919775270957,184,36,32,4,0.8888888888888888,0.7468519140963513,0.1956521739130435,419.0,0.15066522833513124,79.0,0.11687265165442201,0.4043908734620901,61,11,10,1,0.9090909090909091,0.6226415635484044,0.18032786885245902,141.0,0.16414435389988358,77.0,0.09306838859599444,0.30831744907381914,62,9,7,2,0.7777777777777778,0.45258896910698887,0.14516129032258066,-3.0,-0.004267425320056899,75.0,0.18024552058801968,0.5562160034140379,False,False
v21,prob_gap_margin_C0.25,2.0,221,17,15,2,0.8823529411764706,0.6566364940511412,0.07692307692307693,107.0,0.07681263460157932,79.0,0.09489046131007385,0.32137591947798727,132,11,9,2,0.8181818181818182,0.5230194380391558,0.08333333333333333,6.0,0.006711409395973154,79.0,0.1339128348179005,0.4139329652550026,44,1,1,0,1.0,0.20654931437723742,0.022727272727272728,13.0,0.14942528735632185,86.0,0.009554895295716289,0.10286268753104341,45,5,5,0,1.0,0.5655175352168252,0.1111111111111111,88.0,0.21359223300970873,78.0,0.026108352795726743,0.1614530651579423,True,False
current,prob_gap_margin_C0.25,5.0,307,10,9,1,0.9,0.5958499732047616,0.03257328990228013,153.0,0.20481927710843373,77.0,0.08964739587914006,0.3077822190452308,184,6,6,0,1.0,0.6096657120978346,0.03260869565217391,130.0,0.2765957446808511,77.5,0.03167645999076544,0.17918524403146538,61,3,3,0,1.0,0.4385029682449545,0.04918032786885246,87.0,0.4084507042253521,77.0,0.06021438969618554,0.2371192586921319,62,1,0,1,0.0,0.0,0.016129032258064516,-64.0,-1.0,62.0,0.5257720297582512,1.2913529501871202,False,False
v21,prob_gap_margin_C0.25,5.0,221,2,2,0,1.0,0.3423802275066531,0.00904977375565611,43.0,0.27388535031847133,76.5,0.028684625128747813,0.1741458051428087,132,1,1,0,1.0,0.20654931437723742,0.007575757575757576,16.0,0.19047619047619047,82.0,0.009084620261831405,0.10016655468018762,44,0,0,0,,,0.0,0.0,,,,,45,1,1,0,1.0,0.20654931437723742,0.022222222222222223,27.0,0.3698630136986301,71.0,0.04828462999566422,0.24812505560542977,False,False
current,prob_gap_margin_C0.25,10.0,307,1,1,0,1.0,0.20654931437723742,0.003257328990228013,21.0,0.26582278481012656,77.0,0.0027248729227903026,0.05361210216810201,184,0,0,0,,,0.0,0.0,,,,,61,1,1,0,1.0,0.20654931437723742,0.01639344262295082,21.0,0.26582278481012656,77.0,0.0027248729227903026,0.05361210216810201,62,0,0,0,,,0.0,0.0,,,,,False,False
v21,prob_gap_margin_C0.25,10.0,221,0,0,0,,,0.0,0.0,,,,,132,0,0,0,,,0.0,0.0,,,,,44,0,0,0,,,0.0,0.0,,,,,45,0,0,0,,,0.0,0.0,,,,,False,False
current,prob_gap_margin_C0.25,15.0,307,1,1,0,1.0,0.20654931437723742,0.003257328990228013,21.0,0.26582278481012656,77.0,0.0027248729227903026,0.05361210216810201,184,0,0,0,,,0.0,0.0,,,,,61,1,1,0,1.0,0.20654931437723742,0.01639344262295082,21.0,0.26582278481012656,77.0,0.0027248729227903026,0.05361210216810201,62,0,0,0,,,0.0,0.0,,,,,False,False
v21,prob_gap_margin_C0.25,15.0,221,0,0,0,,,0.0,0.0,,,,,132,0,0,0,,,0.0,0.0,,,,,44,0,0,0,,,0.0,0.0,,,,,45,0,0,0,,,0.0,0.0,,,,,False,False
current,prob_gap_margin_C0.25,20.0,307,1,1,0,1.0,0.20654931437723742,0.003257328990228013,53.0,1.127659574468085,45.0,0.019582518110492806,0.150750276966404,184,0,0,0,,,0.0,0.0,,,,,61,1,1,0,1.0,0.20654931437723742,0.01639344262295082,53.0,1.127659574468085,45.0,0.019582518110492806,0.150750276966404,62,0,0,0,,,0.0,0.0,,,,,False,False
v21,prob_gap_margin_C0.25,20.0,221,0,0,0,,,0.0,0.0,,,,,132,0,0,0,,,0.0,0.0,,,,,44,0,0,0,,,0.0,0.0,,,,,45,0,0,0,,,0.0,0.0,,,,,False,False
current,prob_path_compact_C0.05,-30.0,307,305,181,124,0.5934426229508196,0.5374869492439074,0.993485342019544,-20.0,-0.0011037527593818985,56.0,0.24409231647952084,0.6809649871020236,184,182,114,68,0.6263736263736264,0.5541599417576814,0.9891304347826086,630.0,0.0584958217270195,56.0,0.2436617132494702,0.6807724259085409,61,61,29,32,0.47540983606557374,0.35530487422845264,1.0,-689.0,-0.19197548063527445,55.0,0.2567715026637253,0.7069477961257487,62,62,38,24,0.6129032258064516,0.48847843539018354,1.0,39.0,0.010369582557830364,57.5,0.23288166213488765,0.6559665159208404,False,True
v21,prob_path_compact_C0.05,-30.0,221,219,142,77,0.6484018264840182,0.5831018188812981,0.9909502262443439,1258.0,0.09720290526966466,56.0,0.23105224229666416,0.6539137640761392,132,131,86,45,0.6564885496183206,0.5717533635235359,0.9924242424242424,858.0,0.11082407646602944,56.0,0.22947699394815924,0.6505727384765683,44,44,24,20,0.5454545454545454,0.40066183198961974,1.0,-164.0,-0.06396255850234009,55.0,0.24305537749642117,0.6792392836533807,45,44,32,12,0.7272727272727273,0.581511269075488,0.9777777777777777,564.0,0.21396054628224584,55.0,0.22373905104359212,0.6385353888976203,False,True
current,prob_path_compact_C0.05,-20.0,307,305,181,124,0.5934426229508196,0.5374869492439074,0.993485342019544,-20.0,-0.0011037527593818985,56.0,0.24409231647952084,0.6809649871020236,184,182,114,68,0.6263736263736264,0.5541599417576814,0.9891304347826086,630.0,0.0584958217270195,56.0,0.2436617132494702,0.6807724259085409,61,61,29,32,0.47540983606557374,0.35530487422845264,1.0,-689.0,-0.19197548063527445,55.0,0.2567715026637253,0.7069477961257487,62,62,38,24,0.6129032258064516,0.48847843539018354,1.0,39.0,0.010369582557830364,57.5,0.23288166213488765,0.6559665159208404,False,True
v21,prob_path_compact_C0.05,-20.0,221,219,142,77,0.6484018264840182,0.5831018188812981,0.9909502262443439,1258.0,0.09720290526966466,56.0,0.23105224229666416,0.6539137640761392,132,131,86,45,0.6564885496183206,0.5717533635235359,0.9924242424242424,858.0,0.11082407646602944,56.0,0.22947699394815924,0.6505727384765683,44,44,24,20,0.5454545454545454,0.40066183198961974,1.0,-164.0,-0.06396255850234009,55.0,0.24305537749642117,0.6792392836533807,45,44,32,12,0.7272727272727273,0.581511269075488,0.9777777777777777,564.0,0.21396054628224584,55.0,0.22373905104359212,0.6385353888976203,False,True
current,prob_path_compact_C0.05,-15.0,307,305,181,124,0.5934426229508196,0.5374869492439074,0.993485342019544,-20.0,-0.0011037527593818985,56.0,0.24409231647952084,0.6809649871020236,184,182,114,68,0.6263736263736264,0.5541599417576814,0.9891304347826086,630.0,0.0584958217270195,56.0,0.2436617132494702,0.6807724259085409,61,61,29,32,0.47540983606557374,0.35530487422845264,1.0,-689.0,-0.19197548063527445,55.0,0.2567715026637253,0.7069477961257487,62,62,38,24,0.6129032258064516,0.48847843539018354,1.0,39.0,0.010369582557830364,57.5,0.23288166213488765,0.6559665159208404,False,True
v21,prob_path_compact_C0.05,-15.0,221,219,142,77,0.6484018264840182,0.5831018188812981,0.9909502262443439,1258.0,0.09720290526966466,56.0,0.23105224229666416,0.6539137640761392,132,131,86,45,0.6564885496183206,0.5717533635235359,0.9924242424242424,858.0,0.11082407646602944,56.0,0.22947699394815924,0.6505727384765683,44,44,24,20,0.5454545454545454,0.40066183198961974,1.0,-164.0,-0.06396255850234009,55.0,0.24305537749642117,0.6792392836533807,45,44,32,12,0.7272727272727273,0.581511269075488,0.9777777777777777,564.0,0.21396054628224584,55.0,0.22373905104359212,0.6385353888976203,False,True
current,prob_path_compact_C0.05,-10.0,307,305,180,125,0.5901639344262295,0.5341816066249703,0.993485342019544,-75.0,-0.004149377593360996,56.0,0.24510731946019887,0.6830638993584784,184,182,114,68,0.6263736263736264,0.5541599417576814,0.9891304347826086,630.0,0.0584958217270195,56.0,0.2436617132494702,0.6807724259085409,61,61,29,32,0.47540983606557374,0.35530487422845264,1.0,-689.0,-0.19197548063527445,55.0,0.2567715026637253,0.7069477961257487,62,62,37,25,0.5967741935483871,0.47250467700400245,1.0,-16.0,-0.004305705059203444,57.0,0.23787482195919057,0.6662918100856584,False,True
v21,prob_path_compact_C0.05,-10.0,221,219,142,77,0.6484018264840182,0.5831018188812981,0.9909502262443439,1258.0,0.09720290526966466,56.0,0.23105224229666416,0.6539137640761392,132,131,86,45,0.6564885496183206,0.5717533635235359,0.9924242424242424,858.0,0.11082407646602944,56.0,0.22947699394815924,0.6505727384765683,44,44,24,20,0.5454545454545454,0.40066183198961974,1.0,-164.0,-0.06396255850234009,55.0,0.24305537749642117,0.6792392836533807,45,44,32,12,0.7272727272727273,0.581511269075488,0.9777777777777777,564.0,0.21396054628224584,55.0,0.22373905104359212,0.6385353888976203,False,True
current,prob_path_compact_C0.05,-5.0,307,305,176,129,0.5770491803278689,0.5209850180751825,0.993485342019544,-572.0,-0.031476997578692496,56.0,0.24410496624540015,0.6810020472844948,184,182,112,70,0.6153846153846154,0.5430128030749768,0.9891304347826086,404.0,0.03742126713597629,56.0,0.24470994150457548,0.6839445676685455,61,61,27,34,0.4426229508196721,0.32507805521482874,1.0,-953.0,-0.2608814672871612,55.0,0.2477547222954694,0.6858801074769033,62,62,37,25,0.5967741935483871,0.47250467700400245,1.0,-23.0,-0.006177813591189901,57.0,0.23873818211275294,0.6675649443549121,False,True
v21,prob_path_compact_C0.05,-5.0,221,219,143,76,0.6529680365296804,0.587775377877362,0.9909502262443439,1326.0,0.10220440881763528,56.0,0.22922407810060505,0.6496973110661043,132,131,87,44,0.6641221374045801,0.5795924913457884,0.9924242424242424,927.0,0.11925897336935547,56.0,0.2249004106261089,0.6406245029854053,44,44,23,21,0.5227272727272727,0.3793546556062164,1.0,-266.0,-0.10366328916601715,55.0,0.2469607738585089,0.6871148239645315,45,44,33,11,0.75,0.6055943364104085,0.9777777777777777,665.0,0.2523719165085389,55.0,0.22436011959631463,0.6392920222261221,False,True
current,prob_path_compact_C0.05,0.0,307,238,163,75,0.6848739495798319,0.6233133353296667,0.7752442996742671,338.0,0.021175291316877586,62.0,0.19124487319784159,0.5632444892430324,184,139,94,45,0.6762589928057554,0.5946405892165012,0.7554347826086957,134.0,0.014461472048348802,61.0,0.19939862380834403,0.587768890274764,61,52,37,15,0.7115384615384616,0.5772721196331574,0.8524590163934426,41.0,0.011205247335337523,67.0,0.17259054317240125,0.5117183370895785,62,47,32,15,0.6808510638297872,0.5383265689689715,0.7580645161290323,163.0,0.05367138623641752,61.0,0.18776942269705565,0.547722535382796,True,True
v21,prob_path_compact_C0.05,0.0,221,123,92,31,0.7479674796747967,0.6645262127728019,0.5565610859728507,670.0,0.07854630715123095,65.0,0.17363633131216552,0.5177332647961798,132,71,53,18,0.7464788732394366,0.63446074646439,0.5378787878787878,507.0,0.1057792614229084,62.0,0.1870576152178978,0.5491418866274047,44,24,16,8,0.6666666666666666,0.4670631683813174,0.5454545454545454,-38.0,-0.0231990231990232,64.5,0.148657063604828,0.4589815490621141,45,28,23,5,0.8214285714285714,0.6440857521065705,0.6222222222222222,201.0,0.09575988565983802,75.0,0.1610145908717764,0.48844858721048734,False,False
current,prob_path_compact_C0.05,2.0,307,112,81,31,0.7232142857142857,0.6340021985730062,0.36482084690553745,676.0,0.09105603448275862,62.5,0.1887673357612971,0.5553679289866367,184,69,51,18,0.7391304347826086,0.6248942554937958,0.375,570.0,0.12582781456953643,63.0,0.18547794461493844,0.5521048914427487,61,21,15,6,0.7142857142857143,0.5004361928391441,0.3442622950819672,-57.0,-0.036608863198458574,73.0,0.17612396091015,0.5161631653908971,62,22,15,7,0.6818181818181818,0.4731859774104275,0.3548387096774194,163.0,0.1219147344801795,58.0,0.2111527385327897,0.6030247301702187,False,False
v21,prob_path_compact_C0.05,2.0,221,28,23,5,0.8214285714285714,0.6440857521065705,0.12669683257918551,492.0,0.2721238938053097,61.0,0.15115548734872264,0.4707830537539808,132,21,16,5,0.7619047619047619,0.5490882631704924,0.1590909090909091,286.0,0.2176560121765601,53.0,0.17521062593312178,0.5233058370399851,44,2,2,0,1.0,0.3423802275066531,0.045454545454545456,62.0,0.4492753623188406,67.0,0.08174100570232604,0.33673488631337634,45,5,5,0,1.0,0.5655175352168252,0.1111111111111111,144.0,0.4044943820224719,71.0,0.07788969795280475,0.3038066309290045,True,False
current,prob_path_compact_C0.05,5.0,307,34,20,14,0.5882352941176471,0.4222159387881251,0.11074918566775244,-142.0,-0.06629318394024276,62.5,0.22374840214812589,0.6280206750711269,184,20,14,6,0.7,0.4810271816464765,0.10869565217391304,154.0,0.12359550561797752,61.0,0.17810649530797973,0.530292114905874,61,7,5,2,0.7142857142857143,0.35893445183261935,0.11475409836065574,-4.0,-0.007936507936507936,72.0,0.1552446528608375,0.4680961571290245,62,7,1,6,0.14285714285714285,0.025679624344743555,0.11290322580645161,-292.0,-0.7448979591836735,55.0,0.4226575995501175,1.0671696506282378,False,False
v21,prob_path_compact_C0.05,5.0,221,8,7,1,0.875,0.5291118177871466,0.03619909502262444,250.0,0.5555555555555556,50.5,0.1776464482644039,0.5344576001034904,132,7,6,1,0.8571428571428571,0.48687217072568106,0.05303030303030303,209.0,0.5345268542199488,50.0,0.18536813505165434,0.5489249351094722,44,0,0,0,,,0.0,0.0,,,,,45,1,1,0,1.0,0.20654931437723742,0.022222222222222223,41.0,0.6949152542372882,57.0,0.12359464075365104,0.43318625506161834,False,False
current,prob_path_compact_C0.05,10.0,307,2,1,1,0.5,0.09453120573423071,0.006514657980456026,-14.0,-0.12280701754385964,55.0,0.21655342085327697,0.571491850231388,184,0,0,0,,,0.0,0.0,,,,,61,1,1,0,1.0,0.20654931437723742,0.01639344262295082,21.0,0.26582278481012656,77.0,0.006512797444837666,0.08414484016962322,62,1,0,1,0.0,0.0,0.016129032258064516,-35.0,-1.0,33.0,0.42659404426171627,1.0588388602931529,False,False
v21,prob_path_compact_C0.05,10.0,221,0,0,0,,,0.0,0.0,,,,,132,0,0,0,,,0.0,0.0,,,,,44,0,0,0,,,0.0,0.0,,,,,45,0,0,0,,,0.0,0.0,,,,,False,False
current,prob_path_compact_C0.05,15.0,307,2,1,1,0.5,0.09453120573423071,0.006514657980456026,18.0,0.21951219512195122,39.0,0.23198301373884755,0.6368325153194779,184,0,0,0,,,0.0,0.0,,,,,61,1,1,0,1.0,0.20654931437723742,0.01639344262295082,53.0,1.127659574468085,45.0,0.03737198321597882,0.21482617034580306,62,1,0,1,0.0,0.0,0.016129032258064516,-35.0,-1.0,33.0,0.42659404426171627,1.0588388602931529,False,False
v21,prob_path_compact_C0.05,15.0,221,0,0,0,,,0.0,0.0,,,,,132,0,0,0,,,0.0,0.0,,,,,44,0,0,0,,,0.0,0.0,,,,,45,0,0,0,,,0.0,0.0,,,,,False,False
current,prob_path_compact_C0.05,20.0,307,2,1,1,0.5,0.09453120573423071,0.006514657980456026,18.0,0.21951219512195122,39.0,0.23198301373884755,0.6368325153194779,184,0,0,0,,,0.0,0.0,,,,,61,1,1,0,1.0,0.20654931437723742,0.01639344262295082,53.0,1.127659574468085,45.0,0.03737198321597882,0.21482617034580306,62,1,0,1,0.0,0.0,0.016129032258064516,-35.0,-1.0,33.0,0.42659404426171627,1.0588388602931529,False,False
v21,prob_path_compact_C0.05,20.0,221,0,0,0,,,0.0,0.0,,,,,132,0,0,0,,,0.0,0.0,,,,,44,0,0,0,,,0.0,0.0,,,,,45,0,0,0,,,0.0,0.0,,,,,False,False
current,prob_path_compact_C0.1,-30.0,307,305,179,126,0.5868852459016394,0.5308787508233015,0.993485342019544,-232.0,-0.012795058460180895,56.0,0.24387616784446936,0.6805652279509848,184,182,113,69,0.6208791208791209,0.5485817285674833,0.9891304347826086,521.0,0.04833472492810094,56.0,0.2438631116273122,0.6814045662011172,61,61,28,33,0.45901639344262296,0.34012932293855763,1.0,-792.0,-0.22048997772828507,55.0,0.25613794331171674,0.7055672602815921,62,62,38,24,0.6129032258064516,0.48847843539018354,1.0,39.0,0.010369582557830364,57.5,0.23185048926415505,0.6535025903108048,False,True
v21,prob_path_compact_C0.1,-30.0,221,219,142,77,0.6484018264840182,0.5831018188812981,0.9909502262443439,1217.0,0.09373796503119464,56.0,0.23071587664234963,0.6531762443339248,132,131,84,47,0.6412213740458015,0.5561413946369288,0.9924242424242424,624.0,0.08024691358024691,56.0,0.22868612633117502,0.6489243375239605,44,44,25,19,0.5681818181818182,0.4222414699362943,1.0,-69.0,-0.026858699883223043,55.0,0.24271985668229296,0.6785316902467512,45,44,33,11,0.75,0.6055943364104085,0.9777777777777777,662.0,0.25094768764215314,55.0,0.22475501684703983,0.6404798846053115,False,True
current,prob_path_compact_C0.1,-20.0,307,305,179,126,0.5868852459016394,0.5308787508233015,0.993485342019544,-232.0,-0.012795058460180895,56.0,0.24387616784446936,0.6805652279509848,184,182,113,69,0.6208791208791209,0.5485817285674833,0.9891304347826086,521.0,0.04833472492810094,56.0,0.2438631116273122,0.6814045662011172,61,61,28,33,0.45901639344262296,0.34012932293855763,1.0,-792.0,-0.22048997772828507,55.0,0.25613794331171674,0.7055672602815921,62,62,38,24,0.6129032258064516,0.48847843539018354,1.0,39.0,0.010369582557830364,57.5,0.23185048926415505,0.6535025903108048,False,True
v21,prob_path_compact_C0.1,-20.0,221,219,142,77,0.6484018264840182,0.5831018188812981,0.9909502262443439,1217.0,0.09373796503119464,56.0,0.23071587664234963,0.6531762443339248,132,131,84,47,0.6412213740458015,0.5561413946369288,0.9924242424242424,624.0,0.08024691358024691,56.0,0.22868612633117502,0.6489243375239605,44,44,25,19,0.5681818181818182,0.4222414699362943,1.0,-69.0,-0.026858699883223043,55.0,0.24271985668229296,0.6785316902467512,45,44,33,11,0.75,0.6055943364104085,0.9777777777777777,662.0,0.25094768764215314,55.0,0.22475501684703983,0.6404798846053115,False,True
current,prob_path_compact_C0.1,-15.0,307,305,179,126,0.5868852459016394,0.5308787508233015,0.993485342019544,-232.0,-0.012795058460180895,56.0,0.24387616784446936,0.6805652279509848,184,182,113,69,0.6208791208791209,0.5485817285674833,0.9891304347826086,521.0,0.04833472492810094,56.0,0.2438631116273122,0.6814045662011172,61,61,28,33,0.45901639344262296,0.34012932293855763,1.0,-792.0,-0.22048997772828507,55.0,0.25613794331171674,0.7055672602815921,62,62,38,24,0.6129032258064516,0.48847843539018354,1.0,39.0,0.010369582557830364,57.5,0.23185048926415505,0.6535025903108048,False,True
v21,prob_path_compact_C0.1,-15.0,221,219,142,77,0.6484018264840182,0.5831018188812981,0.9909502262443439,1217.0,0.09373796503119464,56.0,0.23071587664234963,0.6531762443339248,132,131,84,47,0.6412213740458015,0.5561413946369288,0.9924242424242424,624.0,0.08024691358024691,56.0,0.22868612633117502,0.6489243375239605,44,44,25,19,0.5681818181818182,0.4222414699362943,1.0,-69.0,-0.026858699883223043,55.0,0.24271985668229296,0.6785316902467512,45,44,33,11,0.75,0.6055943364104085,0.9777777777777777,662.0,0.25094768764215314,55.0,0.22475501684703983,0.6404798846053115,False,True
current,prob_path_compact_C0.1,-10.0,307,305,178,127,0.5836065573770491,0.5275783730271015,0.993485342019544,-287.0,-0.01586775031790789,56.0,0.244923766208635,0.6827364923512357,184,182,113,69,0.6208791208791209,0.5485817285674833,0.9891304347826086,521.0,0.04833472492810094,56.0,0.2438631116273122,0.6814045662011172,61,61,28,33,0.45901639344262296,0.34012932293855763,1.0,-792.0,-0.22048997772828507,55.0,0.25613794331171674,0.7055672602815921,62,62,37,25,0.5967741935483871,0.47250467700400245,1.0,-16.0,-0.004305705059203444,57.0,0.23700399734593766,0.6641838103442967,False,True
v21,prob_path_compact_C0.1,-10.0,221,219,142,77,0.6484018264840182,0.5831018188812981,0.9909502262443439,1217.0,0.09373796503119464,56.0,0.23071587664234963,0.6531762443339248,132,131,84,47,0.6412213740458015,0.5561413946369288,0.9924242424242424,624.0,0.08024691358024691,56.0,0.22868612633117502,0.6489243375239605,44,44,25,19,0.5681818181818182,0.4222414699362943,1.0,-69.0,-0.026858699883223043,55.0,0.24271985668229296,0.6785316902467512,45,44,33,11,0.75,0.6055943364104085,0.9777777777777777,662.0,0.25094768764215314,55.0,0.22475501684703983,0.6404798846053115,False,True
current,prob_path_compact_C0.1,-5.0,307,305,178,127,0.5836065573770491,0.5275783730271015,0.993485342019544,-363.0,-0.019985685184165613,56.0,0.24311928900069446,0.6788567730356334,184,182,113,69,0.6208791208791209,0.5485817285674833,0.9891304347826086,478.0,0.0441692847902421,56.0,0.24213953178344852,0.6779172058736188,61,61,28,33,0.45901639344262296,0.34012932293855763,1.0,-825.0,-0.22758620689655173,55.0,0.2522580413963286,0.6965735748446417,62,62,37,25,0.5967741935483871,0.47250467700400245,1.0,-16.0,-0.004305705059203444,57.0,0.23700399734593766,0.6641838103442967,False,True
v21,prob_path_compact_C0.1,-5.0,221,219,143,76,0.6529680365296804,0.587775377877362,0.9909502262443439,1272.0,0.09763586122198342,56.0,0.22911207048001067,0.6499671082258389,132,131,85,46,0.648854961832061,0.563936441087627,0.9924242424242424,679.0,0.08681754251374504,56.0,0.2254455033954121,0.6421874025906049,44,44,24,20,0.5454545454545454,0.40066183198961974,1.0,-173.0,-0.06723668869024485,55.5,0.24250188729675307,0.6780918342133021,45,44,34,10,0.7727272727272727,0.6300764193536366,0.9777777777777777,766.0,0.29081245254365984,55.0,0.22663862384695935,0.6450046876523674,False,True
current,prob_path_compact_C0.1,0.0,307,219,156,63,0.7123287671232876,0.6491214398502179,0.7133550488599348,419.0,0.027600289835979185,65.0,0.1790904259919782,0.5357354767684526,184,131,94,37,0.7175572519083969,0.6351216228521418,0.7119565217391305,357.0,0.039478049319915956,65.0,0.18492679410902305,0.555303688012358,61,47,34,13,0.723404255319149,0.582414363751211,0.7704918032786885,-79.0,-0.02270767461914343,75.0,0.1561405278518887,0.47064803300500346,62,41,28,13,0.6829268292682927,0.5301580035565572,0.6612903225806451,141.0,0.05302745393004889,62.0,0.18675093792493735,0.5478250910106599,False,False
v21,prob_path_compact_C0.1,0.0,221,124,93,31,0.75,0.6670521262993695,0.5610859728506787,429.0,0.048359824146094015,70.0,0.18107426934643114,0.5470602531626511,132,72,51,21,0.7083333333333334,0.5949425733065095,0.5454545454545454,98.0,0.019592163134746102,67.0,0.21853617118654664,0.6441689727808129,44,25,19,6,0.76,0.5657031664457093,0.5681818181818182,90.0,0.049723756906077346,67.0,0.11989893188793406,0.3888207123213174,45,27,23,4,0.8518518518518519,0.6752131457218702,0.6,241.0,0.11704711024769306,79.0,0.1378196954195462,0.43462176088582444,True,False
current,prob_path_compact_C0.1,2.0,307,88,67,21,0.7613636363636364,0.6625735503266281,0.28664495114006516,697.0,0.11610861236048642,67.0,0.17313045131272198,0.5173797888304883,184,52,42,10,0.8076923076923077,0.6810113918634199,0.2826086956521739,590.0,0.1634349030470914,68.0,0.1544362072016875,0.47736611939982215,61,17,11,6,0.6470588235294118,0.4130036348521869,0.2786885245901639,-160.0,-0.12698412698412698,75.0,0.1828704353498707,0.5288558229771618,62,19,14,5,0.7368421052631579,0.5120844910218489,0.3064516129032258,267.0,0.235657546337158,55.0,0.21557892316231483,0.61662285356213,False,False
v21,prob_path_compact_C0.1,2.0,221,32,27,5,0.84375,0.6824585040246961,0.14479638009049775,579.0,0.272984441301273,63.5,0.14393713499184177,0.45338580557608965,132,22,17,5,0.7727272727272727,0.5656004682477829,0.16666666666666666,309.0,0.22214234363767074,56.5,0.17794995892825063,0.5294992740863479,44,3,3,0,1.0,0.4385029682449545,0.06818181818181818,75.0,0.3333333333333333,67.0,0.058957141445829635,0.26407795498377423,45,7,7,0,1.0,0.6456695649333126,0.15555555555555556,195.0,0.38613861386138615,71.0,0.0734596855685619,0.2953039833691273,True,False
current,prob_path_compact_C0.1,5.0,307,26,16,10,0.6153846153846154,0.4253485008511553,0.08469055374592833,-46.0,-0.027946537059538274,62.0,0.22397708241899308,0.6269969744833838,184,15,12,3,0.8,0.5481455128483065,0.08152173913043478,227.0,0.23329907502569372,64.0,0.13708651455118695,0.43568826628879453,61,4,3,1,0.75,0.3006418425824019,0.06557377049180328,19.0,0.06761565836298933,71.5,0.19928797149606922,0.5689449444092971,62,7,1,6,0.14285714285714285,0.025679624344743555,0.11290322580645161,-292.0,-0.7448979591836735,55.0,0.42427921980596267,1.070116794942696,False,False
v21,prob_path_compact_C0.1,5.0,221,8,7,1,0.875,0.5291118177871466,0.03619909502262444,224.0,0.47058823529411764,52.0,0.1536004111592348,0.48032323275282235,132,6,5,1,0.8333333333333334,0.4364971778135299,0.045454545454545456,156.0,0.45348837209302323,50.5,0.17630228966359582,0.5273816144292173,44,0,0,0,,,0.0,0.0,,,,,45,2,2,0,1.0,0.3423802275066531,0.044444444444444446,68.0,0.5151515151515151,64.0,0.08549477564615189,0.3391480877236376,False,False
current,prob_path_compact_C0.1,10.0,307,2,1,1,0.5,0.09453120573423071,0.006514657980456026,-14.0,-0.12280701754385964,55.0,0.21904744164419573,0.5731665926440261,184,0,0,0,,,0.0,0.0,,,,,61,1,1,0,1.0,0.20654931437723742,0.01639344262295082,21.0,0.26582278481012656,77.0,0.004956068160402577,0.07300019121424398,62,1,0,1,0.0,0.0,0.016129032258064516,-35.0,-1.0,33.0,0.4331388151279889,1.0733329940738083,False,False
v21,prob_path_compact_C0.1,10.0,221,0,0,0,,,0.0,0.0,,,,,132,0,0,0,,,0.0,0.0,,,,,44,0,0,0,,,0.0,0.0,,,,,45,0,0,0,,,0.0,0.0,,,,,False,False
current,prob_path_compact_C0.1,15.0,307,2,1,1,0.5,0.09453120573423071,0.006514657980456026,18.0,0.21951219512195122,39.0,0.23370915438700285,0.6390404080327818,184,0,0,0,,,0.0,0.0,,,,,61,1,1,0,1.0,0.20654931437723742,0.01639344262295082,53.0,1.127659574468085,45.0,0.034279493646016776,0.2047478219917554,62,1,0,1,0.0,0.0,0.016129032258064516,-35.0,-1.0,33.0,0.4331388151279889,1.0733329940738083,False,False
v21,prob_path_compact_C0.1,15.0,221,0,0,0,,,0.0,0.0,,,,,132,0,0,0,,,0.0,0.0,,,,,44,0,0,0,,,0.0,0.0,,,,,45,0,0,0,,,0.0,0.0,,,,,False,False
current,prob_path_compact_C0.1,20.0,307,2,1,1,0.5,0.09453120573423071,0.006514657980456026,18.0,0.21951219512195122,39.0,0.23370915438700285,0.6390404080327818,184,0,0,0,,,0.0,0.0,,,,,61,1,1,0,1.0,0.20654931437723742,0.01639344262295082,53.0,1.127659574468085,45.0,0.034279493646016776,0.2047478219917554,62,1,0,1,0.0,0.0,0.016129032258064516,-35.0,-1.0,33.0,0.4331388151279889,1.0733329940738083,False,False
v21,prob_path_compact_C0.1,20.0,221,0,0,0,,,0.0,0.0,,,,,132,0,0,0,,,0.0,0.0,,,,,44,0,0,0,,,0.0,0.0,,,,,45,0,0,0,,,0.0,0.0,,,,,False,False
current,prob_path_compact_C0.25,-30.0,307,305,181,124,0.5934426229508196,0.5374869492439074,0.993485342019544,-63.0,-0.0034685899906403126,56.0,0.2433592294264992,0.6795716890254851,184,182,116,66,0.6373626373626373,0.5653445528089827,0.9891304347826086,806.0,0.07467111358161942,56.0,0.2435278351317113,0.6809579866202007,61,61,28,33,0.45901639344262296,0.34012932293855763,1.0,-803.0,-0.22286983069664168,55.0,0.25472911475548543,0.702641522055011,62,62,37,25,0.5967741935483871,0.47250467700400245,1.0,-66.0,-0.017525225703664365,57.5,0.23167779001655145,0.652804495847432,False,True
v21,prob_path_compact_C0.25,-30.0,221,219,141,78,0.6438356164383562,0.5784344236231485,0.9909502262443439,1104.0,0.08494921514312095,56.0,0.23057419378092991,0.6528367107332775,132,131,83,48,0.6335877862595419,0.5483679187154883,0.9924242424242424,511.0,0.0656053408653229,56.0,0.22835452213906104,0.6481941593487557,44,44,25,19,0.5681818181818182,0.4222414699362943,1.0,-69.0,-0.026858699883223043,55.0,0.24232810782465064,0.6777184465211398,45,44,33,11,0.75,0.6055943364104085,0.9777777777777777,662.0,0.25094768764215314,55.0,0.2254288475800462,0.6417771165675146,False,True
current,prob_path_compact_C0.25,-20.0,307,305,181,124,0.5934426229508196,0.5374869492439074,0.993485342019544,-63.0,-0.0034685899906403126,56.0,0.2433592294264992,0.6795716890254851,184,182,116,66,0.6373626373626373,0.5653445528089827,0.9891304347826086,806.0,0.07467111358161942,56.0,0.2435278351317113,0.6809579866202007,61,61,28,33,0.45901639344262296,0.34012932293855763,1.0,-803.0,-0.22286983069664168,55.0,0.25472911475548543,0.702641522055011,62,62,37,25,0.5967741935483871,0.47250467700400245,1.0,-66.0,-0.017525225703664365,57.5,0.23167779001655145,0.652804495847432,False,True
v21,prob_path_compact_C0.25,-20.0,221,219,141,78,0.6438356164383562,0.5784344236231485,0.9909502262443439,1104.0,0.08494921514312095,56.0,0.23057419378092991,0.6528367107332775,132,131,83,48,0.6335877862595419,0.5483679187154883,0.9924242424242424,511.0,0.0656053408653229,56.0,0.22835452213906104,0.6481941593487557,44,44,25,19,0.5681818181818182,0.4222414699362943,1.0,-69.0,-0.026858699883223043,55.0,0.24232810782465064,0.6777184465211398,45,44,33,11,0.75,0.6055943364104085,0.9777777777777777,662.0,0.25094768764215314,55.0,0.2254288475800462,0.6417771165675146,False,True
current,prob_path_compact_C0.25,-15.0,307,305,181,124,0.5934426229508196,0.5374869492439074,0.993485342019544,-63.0,-0.0034685899906403126,56.0,0.2433592294264992,0.6795716890254851,184,182,116,66,0.6373626373626373,0.5653445528089827,0.9891304347826086,806.0,0.07467111358161942,56.0,0.2435278351317113,0.6809579866202007,61,61,28,33,0.45901639344262296,0.34012932293855763,1.0,-803.0,-0.22286983069664168,55.0,0.25472911475548543,0.702641522055011,62,62,37,25,0.5967741935483871,0.47250467700400245,1.0,-66.0,-0.017525225703664365,57.5,0.23167779001655145,0.652804495847432,False,True
v21,prob_path_compact_C0.25,-15.0,221,219,141,78,0.6438356164383562,0.5784344236231485,0.9909502262443439,1104.0,0.08494921514312095,56.0,0.23057419378092991,0.6528367107332775,132,131,83,48,0.6335877862595419,0.5483679187154883,0.9924242424242424,511.0,0.0656053408653229,56.0,0.22835452213906104,0.6481941593487557,44,44,25,19,0.5681818181818182,0.4222414699362943,1.0,-69.0,-0.026858699883223043,55.0,0.24232810782465064,0.6777184465211398,45,44,33,11,0.75,0.6055943364104085,0.9777777777777777,662.0,0.25094768764215314,55.0,0.2254288475800462,0.6417771165675146,False,True
current,prob_path_compact_C0.25,-10.0,307,305,180,125,0.5901639344262295,0.5341816066249703,0.993485342019544,-118.0,-0.0065128601390882,56.0,0.244413476707553,0.6817584233905939,184,182,116,66,0.6373626373626373,0.5653445528089827,0.9891304347826086,806.0,0.07467111358161942,56.0,0.2435278351317113,0.6809579866202007,61,61,28,33,0.45901639344262296,0.34012932293855763,1.0,-803.0,-0.22286983069664168,55.0,0.25472911475548543,0.702641522055011,62,62,36,26,0.5806451612903226,0.4566558474484658,1.0,-121.0,-0.03251814028486966,57.0,0.23686400647979988,0.6635618181274027,False,True
v21,prob_path_compact_C0.25,-10.0,221,219,141,78,0.6438356164383562,0.5784344236231485,0.9909502262443439,1104.0,0.08494921514312095,56.0,0.23057419378092991,0.6528367107332775,132,131,83,48,0.6335877862595419,0.5483679187154883,0.9924242424242424,511.0,0.0656053408653229,56.0,0.22835452213906104,0.6481941593487557,44,44,25,19,0.5681818181818182,0.4222414699362943,1.0,-69.0,-0.026858699883223043,55.0,0.24232810782465064,0.6777184465211398,45,44,33,11,0.75,0.6055943364104085,0.9777777777777777,662.0,0.25094768764215314,55.0,0.2254288475800462,0.6417771165675146,False,True
current,prob_path_compact_C0.25,-5.0,307,305,180,125,0.5901639344262295,0.5341816066249703,0.993485342019544,-137.0,-0.0075536196724926945,56.0,0.2434145561974228,0.6796964819843263,184,182,116,66,0.6373626373626373,0.5653445528089827,0.9891304347826086,794.0,0.07347769757542107,56.0,0.24222603651779687,0.6782660342863187,61,61,28,33,0.45901639344262296,0.34012932293855763,1.0,-810.0,-0.22437673130193905,55.0,0.25361856708569375,0.7003635416591892,62,62,36,26,0.5806451612903226,0.4566558474484658,1.0,-121.0,-0.03251814028486966,57.0,0.23686400647979988,0.6635618181274027,False,True
v21,prob_path_compact_C0.25,-5.0,221,219,142,77,0.6484018264840182,0.5831018188812981,0.9909502262443439,1150.0,0.08812260536398467,56.0,0.22991128720676834,0.6516313196511038,132,131,84,47,0.6412213740458015,0.5561413946369288,0.9924242424242424,558.0,0.07115531752104055,56.0,0.22688064883504924,0.6454394307405575,44,44,25,19,0.5681818181818182,0.4222414699362943,1.0,-69.0,-0.026858699883223043,55.0,0.24232810782465064,0.6777184465211398,45,44,33,11,0.75,0.6055943364104085,0.9777777777777777,661.0,0.2504736642667677,55.0,0.2265175035592316,0.6439791347647396,False,True
current,prob_path_compact_C0.25,0.0,307,208,151,57,0.7259615384615384,0.6616616811648351,0.6775244299674267,271.0,0.018275001685885764,68.0,0.16593478665789663,0.49728245094066376,184,124,91,33,0.7338709677419355,0.6499148550667714,0.6739130434782609,332.0,0.03786496350364964,67.0,0.17118453439176348,0.509595429414425,61,44,35,9,0.7954545454545454,0.6549942193889834,0.7213114754098361,45.0,0.013024602026049204,81.5,0.1216426248019176,0.39292254187998554,62,40,25,15,0.625,0.470324391373011,0.6451612903225806,-106.0,-0.04067536454336147,63.0,0.1983819467244864,0.57390811763875,False,False
v21,prob_path_compact_C0.25,0.0,221,133,97,36,0.7293233082706767,0.648164685740318,0.6018099547511312,324.0,0.03455631399317406,68.0,0.19190311355719633,0.5668269158381583,132,77,51,26,0.6623376623376623,0.551246483089225,0.5833333333333334,-130.0,-0.0248565965583174,64.0,0.23343690866602523,0.6669826061031839,44,27,22,5,0.8148148148148148,0.6330131638145157,0.6136363636363636,206.0,0.10330992978936811,73.0,0.11073770715091882,0.37048936472647803,45,29,24,5,0.8275862068965517,0.6545156010980476,0.6444444444444445,248.0,0.11524163568773234,72.0,0.15719151871546067,0.4836933203074132,True,False
current,prob_path_compact_C0.25,2.0,307,93,74,19,0.7956989247311828,0.7028149970672776,0.30293159609120524,802.0,0.1215519854501364,69.0,0.1533930988493405,0.47695868812356906,184,54,44,10,0.8148148148148148,0.6916405221784752,0.29347826086956524,525.0,0.13548387096774195,70.5,0.1480952863192601,0.4704667480556908,61,18,14,4,0.7777777777777778,0.5478541568378738,0.29508196721311475,23.0,0.01670297748729121,77.0,0.13622369076896965,0.4243033219650969,62,21,16,5,0.7619047619047619,0.5490882631704924,0.3387096774193548,254.0,0.1887072808320951,63.0,0.18173268085272223,0.5387854192910895,True,False
v21,prob_path_compact_C0.25,2.0,221,43,36,7,0.8372093023255814,0.7002759410625283,0.19457013574660634,571.0,0.18851105975569496,70.0,0.1348296895161526,0.42772080334795126,132,27,21,6,0.7777777777777778,0.5924307113336742,0.20454545454545456,262.0,0.1425462459194777,65.0,0.16641790875309936,0.5014292942799402,44,5,5,0,1.0,0.5655175352168252,0.11363636363636363,138.0,0.3812154696132597,67.0,0.07323010043557335,0.29992530313709337,45,11,10,1,0.9090909090909091,0.6226415635484044,0.24444444444444444,171.0,0.20627261761158022,74.0,0.0852947827893648,0.3048888257016413,True,False
current,prob_path_compact_C0.25,5.0,307,25,16,9,0.64,0.44518497748164865,0.08143322475570032,-27.0,-0.016594960049170254,62.0,0.20788566881220458,0.5807587587372394,184,14,12,2,0.8571428571428571,0.6005862050302965,0.07608695652173914,241.0,0.251303441084463,75.0,0.10712215537998594,0.35382253905415306,61,4,3,1,0.75,0.3006418425824019,0.06557377049180328,19.0,0.06761565836298933,71.5,0.1947932604055647,0.5542269925951488,62,7,1,6,0.14285714285714285,0.025679624344743555,0.11290322580645161,-287.0,-0.7416020671834626,55.0,0.41689407190900746,1.0497922073274637,False,False
v21,prob_path_compact_C0.25,5.0,221,8,7,1,0.875,0.5291118177871466,0.03619909502262444,221.0,0.4613778705636743,52.0,0.1501748701022368,0.4713774384797022,132,6,5,1,0.8333333333333334,0.4364971778135299,0.045454545454545456,156.0,0.45348837209302323,50.5,0.17517572139199689,0.5238161782069939,44,0,0,0,,,0.0,0.0,,,,,45,2,2,0,1.0,0.3423802275066531,0.044444444444444446,65.0,0.48148148148148145,65.5,0.07517231623295662,0.31406121929782715,False,False
current,prob_path_compact_C0.25,10.0,307,2,1,1,0.5,0.09453120573423071,0.006514657980456026,-14.0,-0.12280701754385964,55.0,0.21600730017090494,0.560426791677238,184,0,0,0,,,0.0,0.0,,,,,61,1,1,0,1.0,0.20654931437723742,0.01639344262295082,21.0,0.26582278481012656,77.0,0.003045385482170292,0.056766149904866094,62,1,0,1,0.0,0.0,0.016129032258064516,-35.0,-1.0,33.0,0.42896921485963957,1.0640874334496098,False,False
v21,prob_path_compact_C0.25,10.0,221,0,0,0,,,0.0,0.0,,,,,132,0,0,0,,,0.0,0.0,,,,,44,0,0,0,,,0.0,0.0,,,,,45,0,0,0,,,0.0,0.0,,,,,False,False
current,prob_path_compact_C0.25,15.0,307,2,1,1,0.5,0.09453120573423071,0.006514657980456026,-14.0,-0.12280701754385964,55.0,0.21600730017090494,0.560426791677238,184,0,0,0,,,0.0,0.0,,,,,61,1,1,0,1.0,0.20654931437723742,0.01639344262295082,21.0,0.26582278481012656,77.0,0.003045385482170292,0.056766149904866094,62,1,0,1,0.0,0.0,0.016129032258064516,-35.0,-1.0,33.0,0.42896921485963957,1.0640874334496098,False,False
v21,prob_path_compact_C0.25,15.0,221,0,0,0,,,0.0,0.0,,,,,132,0,0,0,,,0.0,0.0,,,,,44,0,0,0,,,0.0,0.0,,,,,45,0,0,0,,,0.0,0.0,,,,,False,False
current,prob_path_compact_C0.25,20.0,307,2,1,1,0.5,0.09453120573423071,0.006514657980456026,18.0,0.21951219512195122,39.0,0.2266755261659057,0.6169321104798942,184,0,0,0,,,0.0,0.0,,,,,61,1,1,0,1.0,0.20654931437723742,0.01639344262295082,53.0,1.127659574468085,45.0,0.02438183747217182,0.16977678751017847,62,1,0,1,0.0,0.0,0.016129032258064516,-35.0,-1.0,33.0,0.42896921485963957,1.0640874334496098,False,False
v21,prob_path_compact_C0.25,20.0,221,0,0,0,,,0.0,0.0,,,,,132,0,0,0,,,0.0,0.0,,,,,44,0,0,0,,,0.0,0.0,,,,,45,0,0,0,,,0.0,0.0,,,,,False,False
current,prob_micro_full_C0.05,-30.0,307,305,181,124,0.5934426229508196,0.5374869492439074,0.993485342019544,6.0,0.0003316016359014038,56.0,0.24456566831940316,0.6819927554025741,184,182,112,70,0.6153846153846154,0.5430128030749768,0.9891304347826086,458.0,0.042636380562278905,56.0,0.2433882109795709,0.6802763743830396,61,61,30,31,0.4918032786885246,0.3706039532371102,1.0,-594.0,-0.1652754590984975,55.0,0.25654768508448855,0.7064782935015849,62,62,39,23,0.6290322580645161,0.5045796412346052,1.0,142.0,0.03778605641298563,57.5,0.23623331691906851,0.6629405541366972,False,True
v21,prob_micro_full_C0.05,-30.0,221,219,140,79,0.639269406392694,0.5737731393801101,0.9909502262443439,1102.0,0.08543960303923089,56.0,0.23036765891335373,0.652486049455977,132,131,85,46,0.648854961832061,0.563936441087627,0.9924242424242424,792.0,0.10275038920601973,56.0,0.22913216648581508,0.6499005550640363,44,44,25,19,0.5681818181818182,0.4222414699362943,1.0,-52.0,-0.02037617554858934,55.0,0.24431113525870243,0.6817848344966237,45,44,30,14,0.6818181818181818,0.5344310393781776,0.9777777777777777,362.0,0.1372251705837756,55.0,0.22010258047726775,0.6308849863549718,False,True
current,prob_micro_full_C0.05,-20.0,307,305,180,125,0.5901639344262295,0.5341816066249703,0.993485342019544,-49.0,-0.0027148318466397032,56.0,0.24492278193797168,0.6827119432949666,184,182,112,70,0.6153846153846154,0.5430128030749768,0.9891304347826086,458.0,0.042636380562278905,56.0,0.2433882109795709,0.6802763743830396,61,61,30,31,0.4918032786885246,0.3706039532371102,1.0,-594.0,-0.1652754590984975,55.0,0.25654768508448855,0.7064782935015849,62,62,38,24,0.6129032258064516,0.48847843539018354,1.0,87.0,0.023431187718825748,57.0,0.23799008552654294,0.6664784945750798,False,True
v21,prob_micro_full_C0.05,-20.0,221,219,140,79,0.639269406392694,0.5737731393801101,0.9909502262443439,1102.0,0.08543960303923089,56.0,0.23036765891335373,0.652486049455977,132,131,85,46,0.648854961832061,0.563936441087627,0.9924242424242424,792.0,0.10275038920601973,56.0,0.22913216648581508,0.6499005550640363,44,44,25,19,0.5681818181818182,0.4222414699362943,1.0,-52.0,-0.02037617554858934,55.0,0.24431113525870243,0.6817848344966237,45,44,30,14,0.6818181818181818,0.5344310393781776,0.9777777777777777,362.0,0.1372251705837756,55.0,0.22010258047726775,0.6308849863549718,False,True
current,prob_micro_full_C0.05,-15.0,307,305,180,125,0.5901639344262295,0.5341816066249703,0.993485342019544,-49.0,-0.0027148318466397032,56.0,0.24492278193797168,0.6827119432949666,184,182,112,70,0.6153846153846154,0.5430128030749768,0.9891304347826086,458.0,0.042636380562278905,56.0,0.2433882109795709,0.6802763743830396,61,61,30,31,0.4918032786885246,0.3706039532371102,1.0,-594.0,-0.1652754590984975,55.0,0.25654768508448855,0.7064782935015849,62,62,38,24,0.6129032258064516,0.48847843539018354,1.0,87.0,0.023431187718825748,57.0,0.23799008552654294,0.6664784945750798,False,True
v21,prob_micro_full_C0.05,-15.0,221,219,140,79,0.639269406392694,0.5737731393801101,0.9909502262443439,1102.0,0.08543960303923089,56.0,0.23036765891335373,0.652486049455977,132,131,85,46,0.648854961832061,0.563936441087627,0.9924242424242424,792.0,0.10275038920601973,56.0,0.22913216648581508,0.6499005550640363,44,44,25,19,0.5681818181818182,0.4222414699362943,1.0,-52.0,-0.02037617554858934,55.0,0.24431113525870243,0.6817848344966237,45,44,30,14,0.6818181818181818,0.5344310393781776,0.9777777777777777,362.0,0.1372251705837756,55.0,0.22010258047726775,0.6308849863549718,False,True
current,prob_micro_full_C0.05,-10.0,307,305,179,126,0.5868852459016394,0.5308787508233015,0.993485342019544,-141.0,-0.007815531289839809,56.0,0.2454405751281753,0.6837656119928389,184,182,112,70,0.6153846153846154,0.5430128030749768,0.9891304347826086,458.0,0.042636380562278905,56.0,0.2433882109795709,0.6802763743830396,61,61,30,31,0.4918032786885246,0.3706039532371102,1.0,-594.0,-0.1652754590984975,55.0,0.25654768508448855,0.7064782935015849,62,62,37,25,0.5967741935483871,0.47250467700400245,1.0,-5.0,-0.001349527665317139,57.0,0.24053729396222182,0.6716618647823551,False,True
v21,prob_micro_full_C0.05,-10.0,221,219,140,79,0.639269406392694,0.5737731393801101,0.9909502262443439,1102.0,0.08543960303923089,56.0,0.23036765891335373,0.652486049455977,132,131,85,46,0.648854961832061,0.563936441087627,0.9924242424242424,792.0,0.10275038920601973,56.0,0.22913216648581508,0.6499005550640363,44,44,25,19,0.5681818181818182,0.4222414699362943,1.0,-52.0,-0.02037617554858934,55.0,0.24431113525870243,0.6817848344966237,45,44,30,14,0.6818181818181818,0.5344310393781776,0.9777777777777777,362.0,0.1372251705837756,55.0,0.22010258047726775,0.6308849863549718,False,True
current,prob_micro_full_C0.05,-5.0,307,305,183,122,0.6,0.5441051320956475,0.993485342019544,176.0,0.009710880600308983,56.0,0.24167882899566,0.6755867959494444,184,182,114,68,0.6263736263736264,0.5541599417576814,0.9891304347826086,611.0,0.056631754564834554,56.0,0.23787664650220483,0.6687183495077536,61,61,30,31,0.4918032786885246,0.3706039532371102,1.0,-635.0,-0.1746905089408528,55.0,0.2550026049570315,0.7019716230135662,62,62,39,23,0.6290322580645161,0.5045796412346052,1.0,200.0,0.05405405405405406,56.0,0.23973119803058232,0.6697897443603521,False,True
v21,prob_micro_full_C0.05,-5.0,221,219,140,79,0.639269406392694,0.5737731393801101,0.9909502262443439,1044.0,0.08058042605742513,56.0,0.22647787727150206,0.6439924208394768,132,131,86,45,0.6564885496183206,0.5717533635235359,0.9924242424242424,833.0,0.10724861593923007,56.0,0.22249772066710613,0.6351831702831607,44,44,24,20,0.5454545454545454,0.40066183198961974,1.0,-149.0,-0.0584542958022754,54.5,0.24237288818019867,0.677505115798267,45,44,30,14,0.6818181818181818,0.5344310393781776,0.9777777777777777,360.0,0.13636363636363635,55.0,0.2224328780713478,0.636707267309719,False,True
current,prob_micro_full_C0.05,0.0,307,255,166,89,0.6509803921568628,0.590628057531638,0.8306188925081434,267.0,0.016347272393314148,58.0,0.20365569962757443,0.5874357897746327,184,150,95,55,0.6333333333333333,0.5537823804885078,0.8152173913043478,-78.0,-0.00814366256003341,59.0,0.21221238687069238,0.60901557144951,61,55,37,18,0.6727272727272727,0.5410322355657868,0.9016393442622951,60.0,0.016483516483516484,61.0,0.18581166978763064,0.5422404232520417,62,50,34,16,0.68,0.5418970269185593,0.8064516129032258,285.0,0.09149277688603531,56.0,0.19761407072215875,0.5724113479248509,True,True
v21,prob_micro_full_C0.05,0.0,221,132,91,41,0.6893939393939394,0.6060376671248224,0.5972850678733032,601.0,0.0707142016707848,59.5,0.1970182163388095,0.5738146468610974,132,76,52,24,0.6842105263157895,0.5730035365466362,0.5757575757575758,325.0,0.06666666666666667,58.0,0.20527824561788607,0.5906191556694009,44,27,15,12,0.5555555555555556,0.37313024513224485,0.6136363636363636,-185.0,-0.10979228486646884,55.0,0.20810050523415496,0.5938710246941704,45,29,24,5,0.8275862068965517,0.6545156010980476,0.6444444444444445,461.0,0.2377514182568334,61.0,0.16505324994625276,0.5111020651050958,False,False
current,prob_micro_full_C0.05,2.0,307,133,92,41,0.6917293233082706,0.6087898984342112,0.43322475570032576,573.0,0.06641938101309841,62.0,0.1966434390629143,0.5757707187297862,184,86,62,24,0.7209302325581395,0.6182540858816528,0.4673913043478261,671.0,0.12136010128413818,60.0,0.19617814497104732,0.5771770400727135,61,24,17,7,0.7083333333333334,0.5083230633550336,0.39344262295081966,-8.0,-0.00468384074941452,70.0,0.16702395695895098,0.5061549110691399,62,23,13,10,0.5652173913043478,0.3681137508501646,0.3709677419354839,-90.0,-0.06474820143884892,59.0,0.22929052003663938,0.6431548817021242,False,False
v21,prob_micro_full_C0.05,2.0,221,49,41,8,0.8367346938775511,0.7096366156608317,0.22171945701357465,990.0,0.3183279742765273,60.0,0.15836764153527788,0.4906916880620817,132,29,23,6,0.7931034482758621,0.616099095961321,0.2196969696969697,559.0,0.3210798391728891,53.0,0.17579322425500354,0.5270445235267567,44,7,6,1,0.8571428571428571,0.48687217072568106,0.1590909090909091,135.0,0.2903225806451613,65.0,0.1264319741435587,0.41614886561547765,45,13,12,1,0.9230769230769231,0.6668604907890041,0.28888888888888886,296.0,0.3274336283185841,70.0,0.13669131637143098,0.44973534411213173,True,False
current,prob_micro_full_C0.05,5.0,307,38,25,13,0.6578947368421053,0.49892103551783085,0.1237785016286645,135.0,0.05708245243128964,60.5,0.20055420509553476,0.5777692519845703,184,25,18,7,0.72,0.5242339480963842,0.1358695652173913,232.0,0.14795918367346939,63.0,0.1817069426639657,0.539762967964205,61,7,5,2,0.7142857142857143,0.35893445183261935,0.11475409836065574,29.0,0.06157112526539278,71.0,0.15101760186576038,0.4548080979751875,62,6,2,4,0.3333333333333333,0.09677141110578043,0.0967741935483871,-126.0,-0.38650306748466257,54.0,0.3368771689951428,0.8795834484137055,False,False
v21,prob_micro_full_C0.05,5.0,221,7,6,1,0.8571428571428571,0.48687217072568106,0.03167420814479638,202.0,0.507537688442211,47.0,0.15905762794600434,0.48980154059152864,132,6,5,1,0.8333333333333334,0.4364971778135299,0.045454545454545456,175.0,0.5384615384615384,46.0,0.17776120370233242,0.5307888203743997,44,0,0,0,,,0.0,0.0,,,,,45,1,1,0,1.0,0.20654931437723742,0.022222222222222223,27.0,0.3698630136986301,71.0,0.04683617340803572,0.24387786189430233,False,False
current,prob_micro_full_C0.05,10.0,307,3,1,2,0.3333333333333333,0.061491944720396215,0.009771986970684038,-56.0,-0.358974358974359,40.0,0.20700742842778386,0.5661587945007089,184,1,0,1,0.0,0.0,0.005434782608695652,-42.0,-1.0,40.0,0.28015641840423494,0.7535301731078878,61,1,1,0,1.0,0.20654931437723742,0.01639344262295082,21.0,0.26582278481012656,77.0,0.005993730065519582,0.08058030158459176,62,1,0,1,0.0,0.0,0.016129032258064516,-35.0,-1.0,33.0,0.33487213681359707,0.8643659088096471,False,False
v21,prob_micro_full_C0.05,10.0,221,0,0,0,,,0.0,0.0,,,,,132,0,0,0,,,0.0,0.0,,,,,44,0,0,0,,,0.0,0.0,,,,,45,0,0,0,,,0.0,0.0,,,,,False,False
current,prob_micro_full_C0.05,15.0,307,2,1,1,0.5,0.09453120573423071,0.006514657980456026,18.0,0.21951219512195122,39.0,0.18413892236543258,0.533101705005339,184,0,0,0,,,0.0,0.0,,,,,61,1,1,0,1.0,0.20654931437723742,0.01639344262295082,53.0,1.127659574468085,45.0,0.0334057079172681,0.2018375012010309,62,1,0,1,0.0,0.0,0.016129032258064516,-35.0,-1.0,33.0,0.33487213681359707,0.8643659088096471,False,False
v21,prob_micro_full_C0.05,15.0,221,0,0,0,,,0.0,0.0,,,,,132,0,0,0,,,0.0,0.0,,,,,44,0,0,0,,,0.0,0.0,,,,,45,0,0,0,,,0.0,0.0,,,,,False,False
current,prob_micro_full_C0.05,20.0,307,2,1,1,0.5,0.09453120573423071,0.006514657980456026,18.0,0.21951219512195122,39.0,0.18413892236543258,0.533101705005339,184,0,0,0,,,0.0,0.0,,,,,61,1,1,0,1.0,0.20654931437723742,0.01639344262295082,53.0,1.127659574468085,45.0,0.0334057079172681,0.2018375012010309,62,1,0,1,0.0,0.0,0.016129032258064516,-35.0,-1.0,33.0,0.33487213681359707,0.8643659088096471,False,False
v21,prob_micro_full_C0.05,20.0,221,0,0,0,,,0.0,0.0,,,,,132,0,0,0,,,0.0,0.0,,,,,44,0,0,0,,,0.0,0.0,,,,,45,0,0,0,,,0.0,0.0,,,,,False,False
current,prob_micro_full_C0.1,-30.0,307,305,181,124,0.5934426229508196,0.5374869492439074,0.993485342019544,2.0,0.00011050944855785169,56.0,0.24430597711299903,0.6815016650111827,184,182,112,70,0.6153846153846154,0.5430128030749768,0.9891304347826086,450.0,0.04186046511627907,56.0,0.24356581622721107,0.6809025052964031,61,61,30,31,0.4918032786885246,0.3706039532371102,1.0,-590.0,-0.16434540389972144,55.0,0.25616171468400933,0.7055207025305066,62,62,39,23,0.6290322580645161,0.5045796412346052,1.0,142.0,0.03778605641298563,57.5,0.23481419145786647,0.6596288550016853,False,True
v21,prob_micro_full_C0.1,-30.0,221,219,146,73,0.6666666666666666,0.6018336017727641,0.9909502262443439,1654.0,0.12776147072454813,56.0,0.23013015146460736,0.6519375760150234,132,131,89,42,0.6793893129770993,0.5953388097642381,0.9924242424242424,1153.0,0.14883180586033304,56.0,0.22866138271821837,0.6488804532036929,44,44,27,17,0.6136363636363636,0.4662357539237828,1.0,139.0,0.054275673565013664,55.0,0.2440428631033246,0.6812294508713209,45,44,30,14,0.6818181818181818,0.5344310393781776,0.9777777777777777,362.0,0.1372251705837756,55.0,0.22059036495718465,0.6317475895288237,True,True
current,prob_micro_full_C0.1,-20.0,307,305,180,125,0.5901639344262295,0.5341816066249703,0.993485342019544,-53.0,-0.0029358001440203843,56.0,0.24469542746130107,0.68228458910913,184,182,112,70,0.6153846153846154,0.5430128030749768,0.9891304347826086,450.0,0.04186046511627907,56.0,0.24356581622721107,0.6809025052964031,61,61,30,31,0.4918032786885246,0.3706039532371102,1.0,-590.0,-0.16434540389972144,55.0,0.25616171468400933,0.7055207025305066,62,62,38,24,0.6129032258064516,0.48847843539018354,1.0,87.0,0.023431187718825748,57.0,0.23673003591322334,0.6634803364512648,False,True
v21,prob_micro_full_C0.1,-20.0,221,219,146,73,0.6666666666666666,0.6018336017727641,0.9909502262443439,1654.0,0.12776147072454813,56.0,0.23013015146460736,0.6519375760150234,132,131,89,42,0.6793893129770993,0.5953388097642381,0.9924242424242424,1153.0,0.14883180586033304,56.0,0.22866138271821837,0.6488804532036929,44,44,27,17,0.6136363636363636,0.4662357539237828,1.0,139.0,0.054275673565013664,55.0,0.2440428631033246,0.6812294508713209,45,44,30,14,0.6818181818181818,0.5344310393781776,0.9777777777777777,362.0,0.1372251705837756,55.0,0.22059036495718465,0.6317475895288237,True,True
current,prob_micro_full_C0.1,-15.0,307,305,180,125,0.5901639344262295,0.5341816066249703,0.993485342019544,-53.0,-0.0029358001440203843,56.0,0.24469542746130107,0.68228458910913,184,182,112,70,0.6153846153846154,0.5430128030749768,0.9891304347826086,450.0,0.04186046511627907,56.0,0.24356581622721107,0.6809025052964031,61,61,30,31,0.4918032786885246,0.3706039532371102,1.0,-590.0,-0.16434540389972144,55.0,0.25616171468400933,0.7055207025305066,62,62,38,24,0.6129032258064516,0.48847843539018354,1.0,87.0,0.023431187718825748,57.0,0.23673003591322334,0.6634803364512648,False,True
v21,prob_micro_full_C0.1,-15.0,221,219,146,73,0.6666666666666666,0.6018336017727641,0.9909502262443439,1654.0,0.12776147072454813,56.0,0.23013015146460736,0.6519375760150234,132,131,89,42,0.6793893129770993,0.5953388097642381,0.9924242424242424,1153.0,0.14883180586033304,56.0,0.22866138271821837,0.6488804532036929,44,44,27,17,0.6136363636363636,0.4662357539237828,1.0,139.0,0.054275673565013664,55.0,0.2440428631033246,0.6812294508713209,45,44,30,14,0.6818181818181818,0.5344310393781776,0.9777777777777777,362.0,0.1372251705837756,55.0,0.22059036495718465,0.6317475895288237,True,True
current,prob_micro_full_C0.1,-10.0,307,305,179,126,0.5868852459016394,0.5308787508233015,0.993485342019544,-145.0,-0.008035466888334718,56.0,0.2452686380249315,0.6834536515494553,184,182,112,70,0.6153846153846154,0.5430128030749768,0.9891304347826086,450.0,0.04186046511627907,56.0,0.24356581622721107,0.6809025052964031,61,61,30,31,0.4918032786885246,0.3706039532371102,1.0,-590.0,-0.16434540389972144,55.0,0.25616171468400933,0.7055207025305066,62,62,37,25,0.5967741935483871,0.47250467700400245,1.0,-5.0,-0.001349527665317139,57.0,0.239549862073018,0.6692313694238322,False,True
v21,prob_micro_full_C0.1,-10.0,221,219,146,73,0.6666666666666666,0.6018336017727641,0.9909502262443439,1643.0,0.12680404414602145,56.0,0.22961480040714488,0.65088268239695,132,131,89,42,0.6793893129770993,0.5953388097642381,0.9924242424242424,1142.0,0.14720288734209847,56.0,0.22779984163742223,0.6471169287582114,44,44,27,17,0.6136363636363636,0.4662357539237828,1.0,139.0,0.054275673565013664,55.0,0.2440428631033246,0.6812294508713209,45,44,30,14,0.6818181818181818,0.5344310393781776,0.9777777777777777,362.0,0.1372251705837756,55.0,0.22059036495718465,0.6317475895288237,True,True
current,prob_micro_full_C0.1,-5.0,307,305,180,125,0.5901639344262295,0.5341816066249703,0.993485342019544,-99.0,-0.005469915464942815,55.0,0.24316885771184665,0.678643804308983,184,182,113,69,0.6208791208791209,0.5485817285674833,0.9891304347826086,525.0,0.048723897911832945,56.0,0.24011247354418197,0.6733544050373688,61,61,29,32,0.47540983606557374,0.35530487422845264,1.0,-722.0,-0.19933738266151296,55.0,0.25627899630513057,0.7047375816015073,62,62,38,24,0.6129032258064516,0.48847843539018354,1.0,98.0,0.026472177201512695,55.5,0.23924213939450237,0.6684978406410763,False,True
v21,prob_micro_full_C0.1,-5.0,221,219,144,75,0.6575342465753424,0.5924551557805612,0.9909502262443439,1390.0,0.10684089162182936,56.0,0.22597598584392187,0.6428036875617298,132,131,88,43,0.6717557251908397,0.5874541794197865,0.9924242424242424,991.0,0.1269048533743117,56.0,0.22233587800327145,0.6350137857582849,44,44,26,18,0.5909090909090909,0.444097537410319,1.0,42.0,0.01641907740422205,54.5,0.24261140849574414,0.6779705839089455,45,44,30,14,0.6818181818181818,0.5344310393781776,0.9777777777777777,357.0,0.13507377979568672,55.0,0.22017815699039958,0.6308294534020429,True,True
current,prob_micro_full_C0.1,0.0,307,238,159,79,0.6680672268907563,0.6059879927587606,0.7752442996742671,634.0,0.04153019782523254,58.0,0.20149749399841402,0.5843929796458136,184,139,90,49,0.6474820143884892,0.5650678720417956,0.7554347826086957,97.0,0.010895203863866113,59.0,0.2107488747599282,0.6093450091575469,61,53,37,16,0.6981132075471698,0.5646316733114987,0.8688524590163934,226.0,0.06505469199769717,59.0,0.18020025937815629,0.5290934548514779,62,46,32,14,0.6956521739130435,0.5519435355159236,0.7419354838709677,311.0,0.1076497057805469,55.5,0.19808035289022255,0.5727091255581803,True,False
v21,prob_micro_full_C0.1,0.0,221,140,101,39,0.7214285714285714,0.6420160868875002,0.6334841628959276,1020.0,0.11233480176211454,60.0,0.19428441595757182,0.5698027479288889,132,79,58,21,0.7341772151898734,0.6275696449007994,0.5984848484848485,796.0,0.15907274180655476,59.0,0.2014246149942458,0.5885643908317321,44,29,18,11,0.6206896551724138,0.44002544205988514,0.6590909090909091,-96.0,-0.05063291139240506,63.0,0.19304399978350786,0.5585787177331695,45,32,25,7,0.78125,0.6124500635075646,0.7111111111111111,320.0,0.14678899082568808,62.5,0.1777811767435282,0.5336567193773648,False,False
current,prob_micro_full_C0.1,2.0,307,119,85,34,0.7142857142857143,0.6274168162477649,0.38762214983713356,455.0,0.05655686761963953,65.0,0.176527838248485,0.5271510059700458,184,72,52,20,0.7222222222222222,0.6095356707476457,0.391304347826087,420.0,0.08786610878661087,63.5,0.18448803619876608,0.5469461954297375,61,28,22,6,0.7857142857142857,0.6046141434627813,0.45901639344262296,141.0,0.06847984458474989,72.5,0.12976789735179356,0.4187970435550605,62,19,11,8,0.5789473684210527,0.3627590353425504,0.3064516129032258,-106.0,-0.087893864013267,62.0,0.21527226417938583,0.6118171799975087,False,False
v21,prob_micro_full_C0.1,2.0,221,55,47,8,0.8545454545454545,0.7383908706854773,0.248868778280543,1118.0,0.31211613623673923,61.0,0.15437637918966393,0.4815312463699323,132,35,28,7,0.8,0.6410838693433439,0.26515151515151514,617.0,0.282638570774164,56.0,0.18988245870948603,0.5633864421960523,44,7,6,1,0.8571428571428571,0.48687217072568106,0.1590909090909091,122.0,0.25523012552301255,67.0,0.10759671042719286,0.3805767092439063,45,13,13,0,1.0,0.7719046276458015,0.28888888888888886,379.0,0.41150922909880566,70.0,0.08397214058531947,0.3155120083674695,True,False
current,prob_micro_full_C0.1,5.0,307,23,16,7,0.6956521739130435,0.49134243731240795,0.0749185667752443,98.0,0.06524633821571238,67.0,0.1749965968481018,0.5117491102121184,184,12,10,2,0.8333333333333334,0.5519691377470266,0.06521739130434782,172.0,0.20772946859903382,71.0,0.1314609060206988,0.4173288989079875,61,6,5,1,0.8333333333333334,0.4364971778135299,0.09836065573770492,82.0,0.19617224880382775,71.5,0.11678125255242082,0.3777626217090144,62,5,1,4,0.2,0.03622410863243013,0.08064516129032258,-156.0,-0.609375,50.0,0.3493406679886862,0.8991414035457572,False,False
v21,prob_micro_full_C0.1,5.0,221,5,5,0,1.0,0.5655175352168252,0.02262443438914027,200.0,0.6666666666666666,47.0,0.14053507453699698,0.44214781649586243,132,4,4,0,1.0,0.5101091635454027,0.030303030303030304,173.0,0.762114537444934,46.0,0.1652700685338514,0.49566183836249667,44,0,0,0,,,0.0,0.0,,,,,45,1,1,0,1.0,0.20654931437723742,0.022222222222222223,27.0,0.3698630136986301,71.0,0.0415950985495793,0.22809172902932542,False,False
current,prob_micro_full_C0.1,10.0,307,2,1,1,0.5,0.09453120573423071,0.006514657980456026,-14.0,-0.12280701754385964,55.0,0.16355171020945963,0.4528902258849583,184,0,0,0,,,0.0,0.0,,,,,61,1,1,0,1.0,0.20654931437723742,0.01639344262295082,21.0,0.26582278481012656,77.0,0.004021851314805154,0.06551827318490128,62,1,0,1,0.0,0.0,0.016129032258064516,-35.0,-1.0,33.0,0.3230815691041141,0.8402621785850154,False,False
v21,prob_micro_full_C0.1,10.0,221,0,0,0,,,0.0,0.0,,,,,132,0,0,0,,,0.0,0.0,,,,,44,0,0,0,,,0.0,0.0,,,,,45,0,0,0,,,0.0,0.0,,,,,False,False
current,prob_micro_full_C0.1,15.0,307,2,1,1,0.5,0.09453120573423071,0.006514657980456026,18.0,0.21951219512195122,39.0,0.1748440217753465,0.5091653432841753,184,0,0,0,,,0.0,0.0,,,,,61,1,1,0,1.0,0.20654931437723742,0.01639344262295082,53.0,1.127659574468085,45.0,0.02660647444657887,0.17806850798333518,62,1,0,1,0.0,0.0,0.016129032258064516,-35.0,-1.0,33.0,0.3230815691041141,0.8402621785850154,False,False
v21,prob_micro_full_C0.1,15.0,221,0,0,0,,,0.0,0.0,,,,,132,0,0,0,,,0.0,0.0,,,,,44,0,0,0,,,0.0,0.0,,,,,45,0,0,0,,,0.0,0.0,,,,,False,False
current,prob_micro_full_C0.1,20.0,307,2,1,1,0.5,0.09453120573423071,0.006514657980456026,18.0,0.21951219512195122,39.0,0.1748440217753465,0.5091653432841753,184,0,0,0,,,0.0,0.0,,,,,61,1,1,0,1.0,0.20654931437723742,0.01639344262295082,53.0,1.127659574468085,45.0,0.02660647444657887,0.17806850798333518,62,1,0,1,0.0,0.0,0.016129032258064516,-35.0,-1.0,33.0,0.3230815691041141,0.8402621785850154,False,False
v21,prob_micro_full_C0.1,20.0,221,0,0,0,,,0.0,0.0,,,,,132,0,0,0,,,0.0,0.0,,,,,44,0,0,0,,,0.0,0.0,,,,,45,0,0,0,,,0.0,0.0,,,,,False,False
current,prob_micro_full_C0.25,-30.0,307,305,183,122,0.6,0.5441051320956475,0.993485342019544,210.0,0.011608623548922056,56.0,0.2442598535094893,0.681442866705501,184,182,116,66,0.6373626373626373,0.5653445528089827,0.9891304347826086,858.0,0.07987339415378887,56.0,0.24386805076943555,0.6817505793448648,61,61,29,32,0.47540983606557374,0.35530487422845264,1.0,-691.0,-0.1924255082149819,55.0,0.25581112967473146,0.704619937659093,62,62,38,24,0.6129032258064516,0.48847843539018354,1.0,43.0,0.011445302102741549,57.5,0.234045018874167,0.6577363339872214,False,True
v21,prob_micro_full_C0.25,-30.0,221,219,146,73,0.6666666666666666,0.6018336017727641,0.9909502262443439,1644.0,0.1268910157456005,56.0,0.23004039145402738,0.6516872427692545,132,131,88,43,0.6717557251908397,0.5874541794197865,0.9924242424242424,1042.0,0.13431296725960298,56.0,0.2284080267434431,0.648293188118975,44,44,28,16,0.6363636363636364,0.48866376879043444,1.0,240.0,0.09375,55.0,0.24423613536493233,0.6816239510472882,45,44,30,14,0.6818181818181818,0.5344310393781776,0.9777777777777777,362.0,0.1372251705837756,55.0,0.22070464247690758,0.6318555608363714,True,True
current,prob_micro_full_C0.25,-20.0,307,305,182,123,0.5967213114754099,0.5407947878735757,0.993485342019544,155.0,0.008589637018564699,56.0,0.2446070947803874,0.682140591229869,184,182,116,66,0.6373626373626373,0.5653445528089827,0.9891304347826086,858.0,0.07987339415378887,56.0,0.24386805076943555,0.6817505793448648,61,61,29,32,0.47540983606557374,0.35530487422845264,1.0,-691.0,-0.1924255082149819,55.0,0.25581112967473146,0.704619937659093,62,62,37,25,0.5967741935483871,0.47250467700400245,1.0,-12.0,-0.003232758620689655,57.0,0.23575322190035916,0.661168688502257,False,True
v21,prob_micro_full_C0.25,-20.0,221,219,146,73,0.6666666666666666,0.6018336017727641,0.9909502262443439,1644.0,0.1268910157456005,56.0,0.23004039145402738,0.6516872427692545,132,131,88,43,0.6717557251908397,0.5874541794197865,0.9924242424242424,1042.0,0.13431296725960298,56.0,0.2284080267434431,0.648293188118975,44,44,28,16,0.6363636363636364,0.48866376879043444,1.0,240.0,0.09375,55.0,0.24423613536493233,0.6816239510472882,45,44,30,14,0.6818181818181818,0.5344310393781776,0.9777777777777777,362.0,0.1372251705837756,55.0,0.22070464247690758,0.6318555608363714,True,True
current,prob_micro_full_C0.25,-15.0,307,305,182,123,0.5967213114754099,0.5407947878735757,0.993485342019544,155.0,0.008589637018564699,56.0,0.2446070947803874,0.682140591229869,184,182,116,66,0.6373626373626373,0.5653445528089827,0.9891304347826086,858.0,0.07987339415378887,56.0,0.24386805076943555,0.6817505793448648,61,61,29,32,0.47540983606557374,0.35530487422845264,1.0,-691.0,-0.1924255082149819,55.0,0.25581112967473146,0.704619937659093,62,62,37,25,0.5967741935483871,0.47250467700400245,1.0,-12.0,-0.003232758620689655,57.0,0.23575322190035916,0.661168688502257,False,True
v21,prob_micro_full_C0.25,-15.0,221,219,146,73,0.6666666666666666,0.6018336017727641,0.9909502262443439,1644.0,0.1268910157456005,56.0,0.23004039145402738,0.6516872427692545,132,131,88,43,0.6717557251908397,0.5874541794197865,0.9924242424242424,1042.0,0.13431296725960298,56.0,0.2284080267434431,0.648293188118975,44,44,28,16,0.6363636363636364,0.48866376879043444,1.0,240.0,0.09375,55.0,0.24423613536493233,0.6816239510472882,45,44,30,14,0.6818181818181818,0.5344310393781776,0.9777777777777777,362.0,0.1372251705837756,55.0,0.22070464247690758,0.6318555608363714,True,True
current,prob_micro_full_C0.25,-10.0,307,305,181,124,0.5934426229508196,0.5374869492439074,0.993485342019544,63.0,0.0034928203137994124,56.0,0.24520064134443179,0.6833541045939329,184,182,116,66,0.6373626373626373,0.5653445528089827,0.9891304347826086,858.0,0.07987339415378887,56.0,0.24386805076943555,0.6817505793448648,61,61,29,32,0.47540983606557374,0.35530487422845264,1.0,-691.0,-0.1924255082149819,55.0,0.25581112967473146,0.704619937659093,62,62,36,26,0.5806451612903226,0.4566558474484658,1.0,-104.0,-0.028077753779697623,57.0,0.23867308806219031,0.6671383913416034,False,True
v21,prob_micro_full_C0.25,-10.0,221,219,146,73,0.6666666666666666,0.6018336017727641,0.9909502262443439,1633.0,0.1259350659366083,56.0,0.22953259974859141,0.650648201260657,132,131,88,43,0.6717557251908397,0.5874541794197865,0.9924242424242424,1031.0,0.13270691208649762,56.0,0.2275591230526761,0.646556164528266,44,44,28,16,0.6363636363636364,0.48866376879043444,1.0,240.0,0.09375,55.0,0.24423613536493233,0.6816239510472882,45,44,30,14,0.6818181818181818,0.5344310393781776,0.9777777777777777,362.0,0.1372251705837756,55.0,0.22070464247690758,0.6318555608363714,True,True
current,prob_micro_full_C0.25,-5.0,307,305,182,123,0.5967213114754099,0.5407947878735757,0.993485342019544,107.0,0.005913889349472172,55.0,0.2433487392390103,0.6792620433448885,184,182,117,65,0.6428571428571429,0.5709511234694651,0.9891304347826086,922.0,0.08554462794581555,56.0,0.24044527723067166,0.674430720792643,61,61,28,33,0.45901639344262296,0.34012932293855763,1.0,-803.0,-0.22286983069664168,55.0,0.25794944971708494,0.7089582009975527,62,62,37,25,0.5967741935483871,0.47250467700400245,1.0,-12.0,-0.003232758620689655,55.5,0.23750658998667296,0.6642271254045041,False,True
v21,prob_micro_full_C0.25,-5.0,221,219,144,75,0.6575342465753424,0.5924551557805612,0.9909502262443439,1394.0,0.1071813009380286,56.0,0.22682291019783268,0.6447166012125386,132,131,87,44,0.6641221374045801,0.5795924913457884,0.9924242424242424,889.0,0.11381385225963385,56.0,0.22365220054600793,0.6380151130985714,44,44,27,17,0.6136363636363636,0.4662357539237828,1.0,143.0,0.055924912006257335,54.5,0.24309608943712427,0.6789630881518565,45,44,30,14,0.6818181818181818,0.5344310393781776,0.9777777777777777,362.0,0.1372251705837756,55.0,0.21998979833101934,0.6304222720670772,True,True
current,prob_micro_full_C0.25,0.0,307,240,163,77,0.6791666666666667,0.6176863093160275,0.7817589576547231,816.0,0.05269956083699302,59.0,0.2014291111932941,0.5857966909830901,184,140,95,45,0.6785714285714286,0.5973322586736988,0.7608695652173914,375.0,0.0410958904109589,59.5,0.2032198771119447,0.5934085165423393,61,53,36,17,0.6792452830188679,0.545185201490326,0.8688524590163934,190.0,0.05571847507331378,59.0,0.19342031173422203,0.5633188361135809,62,47,32,15,0.6808510638297872,0.5383265689689715,0.7580645161290323,251.0,0.0851135978297728,57.0,0.20512611422988417,0.588470536297752,True,True
v21,prob_micro_full_C0.25,0.0,221,156,109,47,0.6987179487179487,0.6226539651399258,0.7058823529411765,863.0,0.08598186709176049,60.0,0.20623691786198334,0.6025392864598255,132,87,59,28,0.6781609195402298,0.5742610907174533,0.6590909090909091,381.0,0.0690342453342997,59.0,0.2210640254908671,0.641453873881981,44,35,22,13,0.6285714285714286,0.4633693684359533,0.7954545454545454,-83.0,-0.036355672360928605,63.0,0.19718251500025727,0.5674957372357374,45,34,28,6,0.8235294117647058,0.6648626260015724,0.7555555555555555,565.0,0.25279642058165547,60.0,0.1776176748163221,0.5390379663749894,False,True
current,prob_micro_full_C0.25,2.0,307,124,91,33,0.7338709677419355,0.6499148550667714,0.40390879478827363,777.0,0.09335576114381834,64.0,0.1710509934922287,0.5137740780224437,184,74,57,17,0.7702702702702703,0.6625368552184814,0.40217391304347827,835.0,0.17163412127440905,62.0,0.1703749564484901,0.515761135052573,61,27,20,7,0.7407407407407407,0.5532142868544693,0.4426229508196721,76.0,0.0395010395010395,70.0,0.15671074677739114,0.4796738397719378,62,23,14,9,0.6086956521739131,0.4078552239138171,0.3709677419354839,-134.0,-0.08735332464146023,63.0,0.19006027186341423,0.5474116524804477,False,False
v21,prob_micro_full_C0.25,2.0,221,74,59,15,0.7972972972972973,0.6921222305619935,0.334841628959276,971.0,0.19699736254818423,62.5,0.17303134560598388,0.519481735805235,132,45,35,10,0.7777777777777778,0.6373070782524372,0.3409090909090909,551.0,0.186842997626314,62.0,0.1872109853082624,0.5527765494232882,44,13,9,4,0.6923076923076923,0.42369343180549035,0.29545454545454547,89.0,0.10974106041923551,62.0,0.19427980692613486,0.5708907833361405,45,16,15,1,0.9375,0.7167126242970107,0.35555555555555557,331.0,0.2831479897348161,72.5,0.11588673412070293,0.3840702213855999,True,False
current,prob_micro_full_C0.25,5.0,307,24,19,5,0.7916666666666666,0.5952954674681135,0.0781758957654723,252.0,0.1529126213592233,70.5,0.12653037747186338,0.39832865008981616,184,15,13,2,0.8666666666666667,0.6211801716767764,0.08152173913043478,211.0,0.19375573921028466,75.0,0.10741034661158003,0.3508550514762774,61,5,5,0,1.0,0.5655175352168252,0.08196721311475409,147.0,0.4164305949008499,71.0,0.05812906848842856,0.2513862627167576,62,4,1,3,0.25,0.045587260809700575,0.06451612903225806,-106.0,-0.5145631067961165,52.5,0.2837321294272196,0.7600326291069097,False,False
v21,prob_micro_full_C0.25,5.0,221,6,6,0,1.0,0.6096657120978346,0.027149321266968326,198.0,0.4925373134328358,66.5,0.09489176398047917,0.3331232669421491,132,4,4,0,1.0,0.5101091635454027,0.030303030303030304,156.0,0.639344262295082,54.5,0.1308510565161567,0.42086609376390793,44,0,0,0,,,0.0,0.0,,,,,45,2,2,0,1.0,0.3423802275066531,0.044444444444444446,42.0,0.26582278481012656,77.5,0.022973178909124127,0.15763761329863157,False,False
current,prob_micro_full_C0.25,10.0,307,3,2,1,0.6666666666666666,0.20765960080204768,0.009771986970684038,11.0,0.0582010582010582,73.0,0.10440827245125962,0.3251975992836125,184,0,0,0,,,0.0,0.0,,,,,61,2,2,0,1.0,0.3423802275066531,0.03278688524590164,46.0,0.2987012987012987,75.0,0.011004665970013906,0.09991897338234741,62,1,0,1,0.0,0.0,0.016129032258064516,-35.0,-1.0,33.0,0.2912154854137511,0.7757548510861428,False,False
v21,prob_micro_full_C0.25,10.0,221,0,0,0,,,0.0,0.0,,,,,132,0,0,0,,,0.0,0.0,,,,,44,0,0,0,,,0.0,0.0,,,,,45,0,0,0,,,0.0,0.0,,,,,False,False
current,prob_micro_full_C0.25,15.0,307,2,1,1,0.5,0.09453120573423071,0.006514657980456026,-14.0,-0.12280701754385964,55.0,0.14671541291419196,0.411982977987647,184,0,0,0,,,0.0,0.0,,,,,61,1,1,0,1.0,0.20654931437723742,0.01639344262295082,21.0,0.26582278481012656,77.0,0.002215340414632853,0.04821110488915117,62,1,0,1,0.0,0.0,0.016129032258064516,-35.0,-1.0,33.0,0.2912154854137511,0.7757548510861428,False,False
v21,prob_micro_full_C0.25,15.0,221,0,0,0,,,0.0,0.0,,,,,132,0,0,0,,,0.0,0.0,,,,,44,0,0,0,,,0.0,0.0,,,,,45,0,0,0,,,0.0,0.0,,,,,False,False
current,prob_micro_full_C0.25,20.0,307,1,1,0,1.0,0.20654931437723742,0.003257328990228013,53.0,1.127659574468085,45.0,0.01589850564309976,0.13477705554556907,184,0,0,0,,,0.0,0.0,,,,,61,1,1,0,1.0,0.20654931437723742,0.01639344262295082,53.0,1.127659574468085,45.0,0.01589850564309976,0.13477705554556907,62,0,0,0,,,0.0,0.0,,,,,False,False
v21,prob_micro_full_C0.25,20.0,221,0,0,0,,,0.0,0.0,,,,,132,0,0,0,,,0.0,0.0,,,,,44,0,0,0,,,0.0,0.0,,,,,45,0,0,0,,,0.0,0.0,,,,,False,False
