market,decision_key,dataset,entry_key,entry_dt,entry_minute,side,outcome,outcome_available,win,qty,ask_cents,bid_cents,book_mid_cents,book_p_side,book_other_mid_cents,book_margin_cents,spread_cents,spot,strike,seconds_to_close,v28_sigma_t_dollars,source_line_no,position_open_logged,pending_logged,trust_state,outcome_method,outcome_source,side_sign,margin_dollars,margin_per_sqrt_sec,margin_per_sqrt_min,margin_per_v28_sigma,brownian_p_v28_sigma,rv_sigma_t_5m,margin_per_rv_sigma_5m,brownian_p_rv_5m,rv_sigma_t_15m,margin_per_rv_sigma_15m,brownian_p_rv_15m,rv_sigma_t_30m,margin_per_rv_sigma_30m,brownian_p_rv_30m,rv_sigma_t_60m,margin_per_rv_sigma_60m,brownian_p_rv_60m,btc_close_lag_1m,signed_move_1m,signed_velocity_dps_1m,adverse_move_1m,drift_projected_margin_1m,drift_p_1m_rv_15m,drift_p_1m_rv_30m,drift_p_1m_rv_60m,btc_close_lag_3m,signed_move_3m,signed_velocity_dps_3m,adverse_move_3m,drift_projected_margin_3m,drift_p_3m_rv_15m,drift_p_3m_rv_30m,drift_p_3m_rv_60m,btc_close_lag_5m,signed_move_5m,signed_velocity_dps_5m,adverse_move_5m,drift_projected_margin_5m,drift_p_5m_rv_15m,drift_p_5m_rv_30m,drift_p_5m_rv_60m,btc_close_lag_10m,signed_move_10m,signed_velocity_dps_10m,adverse_move_10m,drift_projected_margin_10m,drift_p_10m_rv_15m,drift_p_10m_rv_30m,drift_p_10m_rv_60m,btc_close_lag_15m,signed_move_15m,signed_velocity_dps_15m,adverse_move_15m,drift_projected_margin_15m,drift_p_15m_rv_15m,drift_p_15m_rv_30m,drift_p_15m_rv_60m,btc_close_lag_30m,signed_move_30m,signed_velocity_dps_30m,adverse_move_30m,drift_projected_margin_30m,drift_p_30m_rv_15m,drift_p_30m_rv_30m,drift_p_30m_rv_60m,btc_close_lag_60m,signed_move_60m,signed_velocity_dps_60m,adverse_move_60m,drift_projected_margin_60m,drift_p_60m_rv_15m,drift_p_60m_rv_30m,drift_p_60m_rv_60m,book_minus_brownian_rv15,physics_confirmed_book,score_mean_book_rv15,score_mean_book_rv15_drift5,score_min_book_rv15,opportunity_key,two_side_mode,score_mean_book_rv30,score_min_book_rv15_drift5,score_regime_blend,abs_book_rv15_gap,abs_book_rv30_gap,close_dt,split,chooser,score_value,overlay,entry_fee_cents,entry_cost_cents,gross_pnl_cents,net_pnl_cents,fee_aware_break_even_p
KXBTC15M-26APR302230-30,heartbeat:9,live_heartbeat_two_side,heartbeat:9:yes,2026-05-01 02:16:28.787000+00:00,2026-05-01 02:16:00+00:00,yes,no,True,False,1,66.0,64.0,65.0,0.65,35.0,30.0,2.0,76660.69,76652.0,811.213,,9,False,False,synced,bid>=98,latest_quote,1.0,8.690000000002328,0.3051071081080418,2.363349497023904,,,74.8140194477942,0.1161547002038338,0.5462350311691485,95.39841413162718,0.0910916609998588,0.536290120673107,94.0252484164196,0.0924219839496302,0.536818613243637,74.66367953227342,0.1163885848439343,0.5463277090579527,76643.39,17.30000000000291,0.2883333333333818,0.0,242.589748333375,0.994503350480156,0.9950606851759264,0.9994211457914426,76666.59,-5.899999999994179,-0.0327777777777454,5.899999999994179,-17.89975944441588,0.425582716767389,0.4245088817120417,0.4052664885080167,76651.64,9.05000000000291,0.0301666666666763,0.0,33.16159216667687,0.6359340406592369,0.6378388829103816,0.6715315696315138,76625.3,35.38999999999942,0.0589833333333323,0.0,56.53804678333487,0.7232929148467073,0.7261822598032398,0.7755458402575887,76654.17,6.5200000000040745,0.0072444444444489,0.0,14.566787511117113,0.5606802949052935,0.5615594671267744,0.5773421635184879,76583.98,76.7100000000064,0.0426166666666702,0.0,43.26119401667188,0.6748981317258351,0.6772784543639525,0.718845127926867,76584.68,76.01000000000931,0.0211138888888914,0.0,25.817861147226647,0.6066629493012955,0.6081822020448396,0.6352492634684582,0.113709879326893,True,0.5931450603365536,0.607408053777448,0.536290120673107,heartbeat:9,two_side_all_heartbeats,0.5934093066218185,0.536290120673107,0.6130738443337794,0.11370987932689303,0.11318138675636302,2026-05-01 02:30:00+00:00,train,book_p_side,0.65,session_switch:book_margin,2,68.0,-66.0,-68.0,0.68
KXBTC15M-26APR302245-45,heartbeat:119,live_heartbeat_two_side,heartbeat:119:no,2026-05-01 02:31:15.054000+00:00,2026-05-01 02:31:00+00:00,no,no,True,True,1,63.0,62.0,62.5,0.625,37.5,25.0,1.0,76578.0,76603.27,824.946,,119,False,False,synced,bid>=98,latest_quote,-1.0,25.270000000004075,0.8798172676910989,6.815035250946678,,,44.76057038075335,0.564559383069657,0.7138132507546876,73.24239150011924,0.345018772358941,0.6349598710076727,84.69723633326753,0.2983568424897765,0.6172845877322397,79.65025041021974,0.3172620283031996,0.6244776064114427,76597.08,19.080000000001743,0.3180000000000291,0.0,287.60282800002807,0.9999569450705714,0.9996576804707022,0.9998473855937696,76609.75,31.75,0.1763888888888889,0.0,170.78130833333742,0.9901424879792474,0.978119560842213,0.9839891748280656,76593.83,15.830000000001746,0.0527666666666724,0.0,68.79965060000887,0.8262223956381389,0.7916905343597203,0.8061434049364713,76576.75,-1.25,-0.0020833333333333,1.25,23.551362500004075,0.626104590513946,0.609518884184845,0.6162645687624697,76660.69,82.69000000000233,0.0918777777777803,0.0,101.06420526667289,0.9161850364037468,0.8836124766907473,0.8977526823984997,76654.17,76.16999999999825,0.0423166666666657,0.0,60.17896490000328,0.7943594272402207,0.7613087109720442,0.7750375347539857,76502.43,-75.57000000000698,-0.0209916666666686,75.57000000000698,7.953008550002472,0.5432340811546197,0.5374054126052433,0.5397679503003937,-0.0099598710076727,True,0.6299799355038364,0.6953940888819372,0.625,heartbeat:119,two_side_all_heartbeats,0.6211422938661199,0.625,0.6682324404299296,0.009959871007672705,0.007715412267760291,2026-05-01 02:45:00+00:00,train,book_p_side,0.625,session_switch:book_margin,2,65.0,37.0,35.0,0.65
KXBTC15M-26APR302300-00,heartbeat:200,live_heartbeat_two_side,heartbeat:200:no,2026-05-01 02:45:46.371000+00:00,2026-05-01 02:45:00+00:00,no,no,True,True,1,61.0,60.0,60.5,0.605,39.5,21.0,1.0,76563.28,76574.18,853.629,,200,False,False,synced,bid>=98,latest_quote,-1.0,10.89999999999418,0.3730713661981202,2.8897983764643365,,,23.163786496520338,0.4705620992332828,0.6810232607668056,55.07769796521579,0.1979022436064421,0.578439225623885,65.3225920231224,0.1668641684661851,0.5662615363834373,81.83710790578215,0.1331914125379795,0.5529789989299021,76571.35,8.070000000006985,0.1345000000001164,0.0,125.71310050009356,0.988769146979545,0.9728538112378368,0.9377477447603362,76575.99,12.710000000006405,0.0706111111111466,0.0,71.1756921666912,0.9018695396785534,0.862055969259934,0.8077743577843917,76577.63,14.35000000000582,0.0478333333333527,0.0,51.73192050001074,0.8261996962693012,0.7858037175876258,0.7363499493755915,76545.79,-17.49000000000524,-0.0291500000000087,17.49000000000524,-13.983285350013276,0.3997930152883192,0.4152481565595029,0.4321640561827234,76597.08,33.80000000000291,0.0375555555555587,0.0,42.95851133333027,0.7822933779786745,0.7446140861211415,0.7001830465716289,76643.39,80.11000000000058,0.0445055555555558,0.0,48.89123288332779,0.8126428721589204,0.772908100513979,0.7248869379008747,76591.99,28.710000000006403,0.0079750000000017,0.0,17.707691274995696,0.6260856978267058,0.6068355015382177,0.5856531648441755,0.026560774376115,True,0.5917196128119424,0.669879640631062,0.578439225623885,heartbeat:200,two_side_all_heartbeats,0.5856307681917187,0.578439225623885,0.6412717069410258,0.026560774376115037,0.038738463616562635,2026-05-01 03:00:00+00:00,train,book_p_side,0.605,session_switch:book_margin,2,63.0,39.0,37.0,0.63
KXBTC15M-26APR302315-15,heartbeat:269,live_heartbeat_two_side,heartbeat:269:no,2026-05-01 03:01:32.704000+00:00,2026-05-01 03:01:00+00:00,no,yes,True,False,1,67.0,66.0,66.5,0.665,33.5,33.0,1.0,76551.03,76566.01,807.296,,269,False,False,synced,bid>=98,latest_quote,-1.0,14.979999999995924,0.5272242929245515,4.083861812425538,,,84.16563577597769,0.1779823779846201,0.5706315924463992,60.43536704281868,0.2478681065903437,0.5978817713842842,56.08658281445979,0.2670870509182439,0.6052989312864377,70.73555680100775,0.2117746813266409,0.5838585890562786,76566.47,15.440000000002328,0.2573333333333721,0.0,222.72417066669396,0.99988579600424,0.99996422586084,0.9991799729163476,76510.2,-40.83000000000175,-0.226833333333343,40.83000000000175,-168.1416426666786,0.0026998129445285,0.0013592600447995,0.0087259657274549,76528.23,-22.80000000000291,-0.0760000000000097,22.80000000000291,-46.37449600001191,0.2214395904657566,0.2041645552722957,0.2560395573890899,76573.68,22.64999999999418,0.0377499999999903,0.0,45.4554239999881,0.774014410422269,0.7911594758028194,0.7397616231523669,76545.8,-5.2299999999959255,-0.0058111111111065,5.2299999999959255,10.288713244444024,0.5675905798582483,0.5727749359355286,0.5578234690098421,76578.0,26.970000000001164,0.0149833333333339,0.0,27.075985066663115,0.6729290180518905,0.6853645568694842,0.6490576558580878,76654.17,103.13999999999942,0.0286499999999998,0.0,38.1090303999958,0.7358407689227435,0.7515792673215385,0.7049715313677889,0.0671182286157158,True,0.6314408856921421,0.4947737872833469,0.5978817713842842,heartbeat:269,two_side_all_heartbeats,0.6351494656432188,0.2214395904657566,0.5561524495084367,0.06711822861571581,0.05970106871356229,2026-05-01 03:15:00+00:00,train,book_p_side,0.665,session_switch:book_margin,2,69.0,-67.0,-69.0,0.69
KXBTC15M-26APR302330-30,heartbeat:333,live_heartbeat_two_side,heartbeat:333:yes,2026-05-01 03:16:04.060000+00:00,2026-05-01 03:16:00+00:00,yes,yes,True,True,1,72.0,71.0,71.5,0.715,28.5,43.0,1.0,76700.0,76668.47,835.94,,333,False,False,synced,bid>=98,latest_quote,1.0,31.52999999999884,1.0905269867305551,8.447185716394392,,,71.38339782976314,0.4416993440854741,0.6706466078035703,89.63902050459014,0.3517441380161475,0.6374849220785017,77.73963249103222,0.4055846289681911,0.6574760876131754,72.56384117322405,0.4345139327000423,0.6680423602429598,76665.0,35.0,0.5833333333333334,0.0,519.1616666666655,0.9999999965159738,0.999999999987906,0.9999999999995804,76667.29,32.7100000000064,0.1817222222222577,0.0,183.43887444447304,0.979642351909273,0.9908540825721732,0.99426371592025,76666.2,33.80000000000291,0.1126666666666763,0.0,125.71257333334027,0.9196067627310188,0.9470713928577592,0.9584024630386818,76530.92,169.08000000000175,0.2818000000000029,0.0,267.0978920000013,0.9985573723681856,0.9997045974072372,0.9998837791573398,76551.03,148.97000000000116,0.1655222222222235,0.0,169.89664644444437,0.970976480354746,0.9855723328352092,0.990392678073622,76545.8,154.1999999999971,0.085666666666665,0.0,103.14219333333082,0.8750597020808456,0.907706719965264,0.9223996456330577,76660.69,39.30999999999767,0.0109194444444437,0.0,40.65800038888719,0.6749325510404157,0.6995136458829047,0.7123648427243248,0.0775150779214982,True,0.6762424610392508,0.7573638949365068,0.6374849220785017,heartbeat:333,two_side_all_heartbeats,0.6862380438065877,0.6374849220785017,0.7326668291697542,0.07751507792149825,0.05752391238682453,2026-05-01 03:30:00+00:00,train,book_p_side,0.715,session_switch:book_margin,2,74.0,28.0,26.0,0.74
KXBTC15M-26APR302345-45,heartbeat:430,live_heartbeat_two_side,heartbeat:430:no,2026-05-01 03:31:49.987000+00:00,2026-05-01 03:31:00+00:00,no,no,True,True,1,63.0,62.0,62.5,0.625,37.5,25.0,1.0,77215.1,77219.61,790.013,,430,False,False,synced,bid>=98,latest_quote,-1.0,4.509999999994761,0.1604572788876943,1.2428967378195983,,,203.53199671288036,0.0221586781087641,0.5088393102089187,411.1137905624851,0.0109701987710608,0.5043763883344086,295.53978202681634,0.0152602129197805,0.506087707862465,215.08903309058115,0.0209680611567743,0.5083644332117786,77172.26,-42.84000000001106,-0.7140000000001844,42.84000000001106,-559.5592820001509,0.0867440032892317,0.0291558868072006,0.0046405285267034,77235.32,20.220000000001164,0.1123333333333398,0.0,93.25479366666654,0.5897237845361437,0.623824376710243,0.6676973445569381,77199.21,-15.889999999999418,-0.0529666666666647,15.889999999999418,-37.33435523333704,0.463820707464149,0.4497369424282165,0.4310992355893269,77201.02,-14.080000000001746,-0.0234666666666695,14.080000000001746,-14.028971733340873,0.4863890142169366,0.4810697267769291,0.4739978177013729,76700.0,-515.1000000000058,-0.5723333333333398,515.1000000000058,-447.640773666677,0.1381102751424208,0.0649299129287742,0.0187083381853883,76551.03,-664.070000000007,-0.3689277777777817,664.070000000007,-286.9477405055639,0.2425959636816683,0.1657921587181349,0.0910874766561508,76578.0,-637.1000000000058,-0.1769722222222238,637.1000000000058,-135.30035619445096,0.3710374711509722,0.323545340164899,0.2646602920884005,0.1206236116655914,True,0.5646881941672043,0.5310656985995191,0.5043763883344086,heartbeat:430,two_side_all_heartbeats,0.5655438539312325,0.463820707464149,0.5565770579931524,0.12062361166559143,0.11891229213753496,2026-05-01 03:45:00+00:00,train,book_p_side,0.625,session_switch:book_margin,2,65.0,37.0,35.0,0.65
KXBTC15M-26MAY010000-00,heartbeat:503,live_heartbeat_two_side,heartbeat:503:yes,2026-05-01 03:48:36.506000+00:00,2026-05-01 03:48:00+00:00,yes,no,True,False,1,62.0,61.0,61.5,0.615,38.5,23.0,1.0,77141.88,77133.88,683.494,,503,False,False,synced,bid>=98,latest_quote,1.0,8.0,0.3060008506261719,2.3702723968009343,,,65.07102838621897,0.1229425782625909,0.5489237156107827,100.78421460742324,0.0793775099717923,0.5316338216849,276.58851059669826,0.0289238333969158,0.5115373313651304,205.52200517463567,0.0389252722267002,0.5155250162442824,77141.75,0.1300000000046566,0.0021666666667442,0.0,9.480903666719712,0.537473746953153,0.5136722698852146,0.518397019101945,77126.0,15.880000000004657,0.0882222222222481,0.0,68.29935955557325,0.7510124212631785,0.5975207015805413,0.6301767070841333,77119.53,22.35000000000582,0.0745000000000194,0.0,58.92030300001326,0.7205978226594668,0.5843463185893144,0.612823660806223,77209.82,-67.94000000000233,-0.1132333333333372,67.94000000000233,-69.39430393333599,0.2455553307038975,0.4009481628577944,0.3678138478306094,77173.71,-31.830000000001743,-0.0353666666666686,31.830000000001743,-16.172904466667994,0.4362551854296219,0.4766860142167245,0.4686388685888876,76842.47,299.4100000000035,0.1663388888888908,0.0,121.69163252222356,0.8863700445109859,0.6700218725632892,0.7231115313012997,76564.74,577.1399999999994,0.1603166666666665,0.0,117.57547976666656,0.8783152610511672,0.664615085351413,0.7163668544048496,0.0833661783150999,True,0.5733169108424501,0.622410548114789,0.5316338216849,heartbeat:503,two_side_all_heartbeats,0.5632686656825652,0.5316338216849,0.6111097110373633,0.08336617831509996,0.10346266863486964,2026-05-01 04:00:00+00:00,train,book_p_side,0.615,session_switch:book_margin,2,64.0,-62.0,-64.0,0.64
KXBTC15M-26MAY010015-15,heartbeat:565,live_heartbeat_two_side,heartbeat:565:yes,2026-05-01 04:02:07.599000+00:00,2026-05-01 04:02:00+00:00,yes,yes,True,True,1,62.0,61.0,61.5,0.615,38.5,23.0,1.0,77126.31,77099.09,772.401,,565,False,False,synced,bid>=98,latest_quote,1.0,27.220000000001164,0.9794149010257412,7.586515201400162,,,56.68596991280211,0.4801893668199144,0.6844536264879296,78.7589609912344,0.3456114663959401,0.6351826362509144,92.42507274856968,0.2945088295905334,0.6158154412969286,219.5495640492141,0.1239811161451431,0.5493348865873934,77094.42,31.889999999999414,0.5314999999999903,0.0,437.7511314999937,0.9999999863645862,0.9999989116222854,0.9769163312160428,77090.55,35.75999999999476,0.1986666666666375,0.0,180.67033199997869,0.9891037570723908,0.9746952539372868,0.7947214486743199,77049.14,77.16999999999825,0.2572333333333275,0.0,225.90728389999663,0.9979368246937976,0.9927417301075812,0.8482502980485438,77158.64,-32.330000000001746,-0.0538833333333362,32.330000000001746,-14.399540550001085,0.4274655065518724,0.438096553987135,0.4738534224833626,77141.75,-15.440000000002328,-0.0171555555555581,15.440000000002328,13.9690317333325,0.5703888951015346,0.5600669601460467,0.525365933382975,77179.09,-52.77999999999884,-0.0293222222222215,52.77999999999884,4.571486233334998,0.5231432152441085,0.5197242559908914,0.5083062217601781,76529.7,596.6100000000006,0.1657250000000001,0.0,155.22615572500126,0.975632429227538,0.953470832856492,0.7602232909923733,-0.0201826362509144,True,0.6250913181254572,0.7493731536482372,0.615,heartbeat:565,two_side_all_heartbeats,0.6154077206484643,0.615,0.6976421558140339,0.020182636250914432,0.0008154412969285652,2026-05-01 04:15:00+00:00,train,brownian_p_rv_15m,0.6351826362509144,session_switch:frontier_v2,2,64.0,38.0,36.0,0.64
KXBTC15M-26MAY010030-30,heartbeat:636,live_heartbeat_two_side,heartbeat:636:no,2026-05-01 04:15:38.601000+00:00,2026-05-01 04:15:00+00:00,no,no,True,True,1,60.0,59.0,59.5,0.595,40.5,19.0,1.0,77072.91,77131.71,861.399,,636,False,False,synced,bid>=98,latest_quote,-1.0,58.80000000000291,2.003434482516773,15.518536772010274,,,132.89398067566475,0.4424579631150309,0.6709210784700388,101.43966753469476,0.5796548966398369,0.7189263175258769,90.74183754634508,0.6479921675596625,0.7415049919059827,233.9228966919862,0.2513648763396888,0.5992339896533879,77134.51,61.59999999999127,1.0266666666665212,0.0,943.1696399998776,1.0,1.0,0.9999723441431312,77104.59,31.67999999999301,0.1759999999999612,0.0,210.40622399996948,0.9809696598957676,0.9897952800851352,0.8157983561994755,77091.96,19.05000000000291,0.0635000000000097,0.0,113.49883650001128,0.8684043765989885,0.894494153314821,0.6862319206260458,77080.79,7.879999999990105,0.0131333333333168,0.0,70.1130401999887,0.7552736941320284,0.7801396617333962,0.6178073514633764,77091.85,18.94000000000233,0.021044444444447,0.0,76.92766340000514,0.7758818889793027,0.8017152928535778,0.6288688891352812,77126.0,53.08999999999651,0.0294944444444425,0.0,84.20648495000124,0.7967628248290478,0.8232906693113871,0.6405672296122055,76665.0,-407.9100000000035,-0.1133083333333343,407.9100000000035,-38.80368502499792,0.3510342538086868,0.334461251300637,0.4341247601017459,-0.1239263175258769,True,0.6569631587629384,0.7274435647082885,0.595,heartbeat:636,two_side_all_heartbeats,0.6682524959529914,0.595,0.6868587705775607,0.1239263175258769,0.14650499190598276,2026-05-01 04:30:00+00:00,train,brownian_p_rv_15m,0.7189263175258769,session_switch:frontier_v2,2,62.0,40.0,38.0,0.62
KXBTC15M-26MAY010045-45,heartbeat:704,live_heartbeat_two_side,heartbeat:704:yes,2026-05-01 04:31:10.172000+00:00,2026-05-01 04:31:00+00:00,yes,yes,True,True,1,62.0,60.0,61.0,0.61,39.0,22.0,2.0,77005.38,76977.88,829.828,,704,False,False,synced,bid>=98,latest_quote,1.0,27.5,0.9546378543470664,7.39459302309074,,,169.23580059266052,0.1624951688927255,0.5645420338079049,135.50063986890785,0.2029510711285592,0.5804133620839972,119.12583601077708,0.2308483274569601,0.591283682416355,106.99988348709424,0.2570096256536289,0.6014143287939356,76992.02,13.360000000000582,0.2226666666666763,0.0,212.2750346666747,0.9413956599856091,0.9626204522642976,0.9763654456349204,77091.04,-85.65999999998894,-0.4758888888888274,85.65999999998894,-367.4059248888379,0.0033492797498969,0.0010205586650823,0.0002976970256423,77139.06,-133.67999999999302,-0.4455999999999767,133.67999999999302,-342.2713567999807,0.0057688690544066,0.0020317376813955,0.0006900014465012,77094.41,-89.02999999999884,-0.1483833333333314,89.02999999999884,-95.63264473333172,0.2401647686872434,0.211048996062838,0.1857240850661884,77101.06,-95.67999999999302,-0.1063111111111033,95.67999999999302,-60.719936711104666,0.3270349218372048,0.3051264206572535,0.2851951891089989,77094.42,-89.0399999999936,-0.0494666666666631,89.0399999999936,-13.54882506666371,0.4601757921727327,0.4547237732015712,0.4496187346545508,77215.1,-209.7200000000012,-0.0582555555555558,209.7200000000012,-20.84209115555582,0.4388776278933957,0.4305560765980524,0.4227801980181942,0.0295866379160028,True,0.5952066810419986,0.39872741037946796,0.5804133620839972,heartbeat:704,two_side_all_heartbeats,0.6006418412081775,0.0057688690544066,0.48027778243608044,0.0295866379160028,0.018716317583645004,2026-05-01 04:45:00+00:00,train,brownian_p_rv_15m,0.5804133620839972,session_switch:frontier_v2,2,64.0,38.0,36.0,0.64
KXBTC15M-26MAY010100-00,heartbeat:773,live_heartbeat_two_side,heartbeat:773:no,2026-05-01 04:47:11.857000+00:00,2026-05-01 04:47:00+00:00,no,no,True,True,1,59.0,58.0,58.5,0.585,41.5,17.0,1.0,77027.99,77042.93,768.143,,773,False,False,synced,bid>=98,last_decisive_quote,-1.0,14.939999999987776,0.5390506311389945,4.175468234327846,,,47.52032297716598,0.3143918025802688,0.6233882593252205,75.91353929497234,0.1968028383176337,0.5780090850498041,104.28735230239305,0.1432580238173805,0.5569567970196063,95.82034147667166,0.1559167893763461,0.5619506944248022,77039.05,11.059999999997672,0.1843333333332945,0.0,156.53435966662462,0.9803965343614256,0.9333210335298072,0.9488310327131916,77033.57,5.580000000001746,0.0310000000000097,0.0,38.75243299999523,0.6951428013211174,0.6449019880929584,0.6570510082792693,77002.01,-25.98000000001048,-0.0866000000000349,25.98000000001048,-51.58118380003906,0.2484191735827141,0.3104390192034268,0.295181035286177,77041.08,13.089999999996508,0.0218166666666608,0.0,31.69831978331664,0.6618649131317796,0.6194176619321533,0.6296059674670653,77026.81,-1.180000000007567,-0.0013111111111195,1.180000000007567,13.932879177759096,0.5728113238429771,0.5531408950016724,0.5578049457552791,77132.24,104.25,0.0579166666666666,0.0,59.42828208332111,0.7831399536957202,0.7156107171295967,0.732438678378316,77141.75,113.75999999999476,0.0315999999999985,0.0,39.21331879998666,0.697265664714973,0.646546094139623,0.658817471587662,0.0069909149501958,True,0.581504542524902,0.4704760862108394,0.5780090850498041,heartbeat:773,two_side_all_heartbeats,0.5709783985098031,0.2484191735827141,0.515586560231484,0.006990914950195881,0.028043202980393644,2026-05-01 05:00:00+00:00,train,brownian_p_rv_15m,0.5780090850498041,session_switch:frontier_v2,2,61.0,41.0,39.0,0.61
KXBTC15M-26MAY010115-15,heartbeat:848,live_heartbeat_two_side,heartbeat:848:yes,2026-05-01 05:04:28.364000+00:00,2026-05-01 05:04:00+00:00,yes,yes,True,True,1,62.0,61.0,61.5,0.615,38.5,23.0,1.0,77047.82,77018.24,631.636,,848,False,False,synced,bid>=98,latest_quote,1.0,29.580000000001743,1.1769682091602522,9.11675654618645,,,55.61402383552415,0.5318802337964826,0.7025955259197149,82.6747771058595,0.3577874780614956,0.6397488189187517,74.20533225343469,0.3986236447129794,0.6549147316633618,86.99740474721749,0.3400101426697769,0.6330755551215341,77007.62,40.20000000001164,0.670000000000194,0.0,452.77612000012425,0.9999999783203743,0.9999999994751558,0.999999902728912,77006.54,41.28000000001339,0.2293333333334077,0.0,174.43518933338206,0.9825663466323024,0.9906311752262524,0.9775217897377552,76996.99,50.83000000000175,0.1694333333333391,0.0,136.60019293333875,0.9507591778597092,0.9671775439329284,0.9418115186743052,77072.26,-24.439999999987776,-0.0407333333333129,24.439999999987776,3.85136026668128,0.5185777931689486,0.5206963686704766,0.5176553396320293,77043.71,4.110000000000582,0.0045666666666673,0.0,32.46447106666882,0.6527209145553958,0.6691238444010662,0.645487539664015,77023.43,24.39000000001397,0.0135500000000077,0.0,38.13866780000664,0.6777117483848,0.6963604701677365,0.6694476843974319,77060.14,-12.319999999992431,-0.0034222222222201,12.319999999992431,27.41840124444752,0.6299200751740455,0.6441201082452961,0.623681218175094,-0.0247488189187516,True,0.6273744094593758,0.735169332259487,0.615,heartbeat:848,two_side_all_heartbeats,0.6349573658316809,0.615,0.6895764812475673,0.02474881891875169,0.03991473166336179,2026-05-01 05:15:00+00:00,train,book_p_side,0.615,session_switch:book_margin,2,64.0,38.0,36.0,0.64
KXBTC15M-26MAY010130-30,heartbeat:939,live_heartbeat_two_side,heartbeat:939:no,2026-05-01 05:16:14.396000+00:00,2026-05-01 05:16:00+00:00,no,no,True,True,1,61.0,60.0,60.5,0.605,39.5,21.0,1.0,77114.45,77124.46,825.604,,939,False,False,synced,bid>=98,latest_quote,-1.0,10.010000000009311,0.3483759638398843,2.698508612341658,,,57.89782885736132,0.1728907663302923,0.5686313551206942,74.4445484342036,0.1344624987396687,0.5534815682920268,81.4731706862893,0.1228625315019665,0.5488920218475127,96.682369510407,0.1035349055955008,0.5412307761588104,77107.53,-6.919999999998254,-0.1153333333333042,6.919999999998254,-85.20966133329999,0.1261862459236052,0.1478124659138183,0.1890679694215947,77131.1,16.65000000000873,0.0925000000000485,0.0,86.37837000004936,0.8770376430622482,0.8554746254212586,0.814184979861766,77112.98,-1.4700000000011642,-0.0049000000000038,1.4700000000011642,5.9645404000061095,0.5319293225631779,0.5291799562871046,0.5245959925666842,77118.72,4.2700000000040745,0.0071166666666734,0.0,15.885548466681588,0.5844877001184502,0.5772952634968211,0.565255094871751,77006.54,-107.91000000000348,-0.1199000000000038,107.91000000000348,-88.97991959999389,0.1159944925704327,0.1373862948759423,0.1786995347607662,77039.05,-75.39999999999418,-0.0418888888888856,75.39999999999418,-24.57363422221024,0.370664795916102,0.381472300063887,0.3996826070611091,77101.06,-13.389999999999418,-0.0037194444444442,13.389999999999418,6.939211788898335,0.5371328911144778,0.5339375718133721,0.5286088354432429,0.0515184317079732,True,0.5792407841460134,0.5634702969517349,0.5534815682920268,heartbeat:939,two_side_all_heartbeats,0.5769460109237563,0.5319293225631779,0.5749303350002437,0.05151843170797321,0.05610797815248725,2026-05-01 05:30:00+00:00,train,book_p_side,0.605,session_switch:book_margin,2,63.0,39.0,37.0,0.63
KXBTC15M-26MAY010145-45,heartbeat:1030,live_heartbeat_two_side,heartbeat:1030:no,2026-05-01 05:37:31.528000+00:00,2026-05-01 05:37:00+00:00,no,yes,True,False,1,61.0,60.0,60.5,0.605,39.5,21.0,1.0,77054.46,77063.64,448.472,,1030,False,False,synced,bid>=98,last_decisive_quote,-1.0,9.179999999993017,0.4334859386931124,3.357767642747028,,,34.28496795961493,0.2677558284670516,0.6055563633432195,38.07168158980203,0.2411241010812611,0.5952705330922802,41.45331285450343,0.2214539530824425,0.5876305067028326,54.766844406707584,0.1676196629446244,0.5665587493638866,77064.56,10.099999999991269,0.1683333333331878,0.0,84.67278666659442,0.9869269855547048,0.9794542729850844,0.9389548710735748,77070.75,16.289999999993597,0.0904999999999644,0.0,49.76671599997706,0.904424988359298,0.8850368218476827,0.8182461551737987,77043.73,-10.730000000010476,-0.0357666666667015,10.730000000010476,-6.860348533355982,0.4284995163321886,0.4342768837607726,0.4501570261417392,77072.89,18.42999999999301,0.030716666666655,0.0,22.955564933321128,0.7267311603178722,0.7101315707500515,0.6624470253753825,77063.52,9.059999999997672,0.010066666666664,0.0,13.69461813332519,0.6404665550005976,0.6294369458623948,0.59872684994366,77124.83,70.36999999999534,0.0390944444444418,0.0,26.71276368888074,0.7585493709700071,0.7403439038881624,0.6871380564019901,77041.08,-13.380000000004657,-0.0037166666666679,13.380000000004657,7.513179066659102,0.5782204259602305,0.5719121106859714,0.5545576408133829,0.0097294669077198,True,0.6001352665461401,0.5429233498081563,0.5952705330922802,heartbeat:1030,two_side_all_heartbeats,0.5963152533514162,0.4284995163321886,0.5667810631941218,0.009729466907719808,0.017369493297167415,2026-05-01 05:45:00+00:00,train,book_p_side,0.605,session_switch:book_margin,2,63.0,-61.0,-63.0,0.63
KXBTC15M-26MAY010200-00,heartbeat:1075,live_heartbeat_two_side,heartbeat:1075:yes,2026-05-01 05:47:17.330000+00:00,2026-05-01 05:47:00+00:00,yes,yes,True,True,1,63.0,62.0,62.5,0.625,37.5,25.0,1.0,77101.09,77097.32,762.67,,1075,False,False,synced,bid>=98,last_decisive_quote,1.0,3.7699999999895226,0.136512688071999,1.05742273489772,,,46.55506395491943,0.0809793753830973,0.5322708226562243,58.66963452042487,0.0642581129200158,0.5256176472311341,56.60138119773375,0.0666061484757631,0.5265523745788308,68.83816289440762,0.0547661332242757,0.5218376091683143,77083.29,17.80000000000291,0.2966666666667151,0.0,230.02876666669317,0.999955862464288,0.9999758819635156,0.9995834966990652,77086.6,14.489999999990689,0.0804999999999482,0.0,65.16493499995006,0.8666533476198086,0.8751947270505742,0.8280887859235699,77065.81,35.27999999999884,0.1175999999999961,0.0,93.45999199998656,0.9444184977427572,0.950650752230228,0.9127169044734104,77054.46,46.629999999990105,0.0777166666666501,0.0,63.0421701666436,0.8587069684267191,0.8673158025380805,0.8201147863384558,77043.73,57.36000000000058,0.0637333333333339,0.0,52.37750133332335,0.8140053111435478,0.8226145525870059,0.7766352799982323,77087.67,13.419999999998254,0.0074555555555545,0.0,9.45612855554434,0.5640225516337356,0.5663406782694258,0.5546298533462606,77027.99,73.09999999999127,0.0203055555555531,0.0,19.256438055543228,0.6286266317396986,0.633151352530151,0.610159557791347,0.0993823527688658,True,0.575308823615567,0.6983453816579637,0.5256176472311341,heartbeat:1075,two_side_all_heartbeats,0.5757761872894154,0.5256176472311341,0.6590689937178917,0.09938235276886587,0.09844762542116925,2026-05-01 06:00:00+00:00,train,book_p_side,0.625,session_switch:book_margin,2,65.0,37.0,35.0,0.65
KXBTC15M-26MAY010215-15,heartbeat:1181,live_heartbeat_two_side,heartbeat:1181:yes,2026-05-01 06:06:48.950000+00:00,2026-05-01 06:06:00+00:00,yes,no,True,False,1,65.0,64.0,64.5,0.645,35.5,29.0,1.0,77130.67,77126.97,491.05,,1181,False,False,synced,bid>=98,latest_quote,1.0,3.6999999999970896,0.1669701611710046,1.2933453070577383,,,32.89495961461458,0.112479238258534,0.5447782846308574,42.98202711276155,0.086082491881788,0.5342995792948756,45.6093728340726,0.0811236763429685,0.5323282016290242,44.530259236964206,0.0830895679341958,0.5331098396272851,77123.17,7.5,0.125,0.0,65.08124999999708,0.935006140399055,0.923199545378036,0.9280617124534776,77135.02,-4.350000000005821,-0.024166666666699,4.350000000005821,-8.167041666685456,0.4246504038694622,0.4289433377205509,0.4272403954306152,77135.17,-4.5,-0.015,4.5,-3.665750000002911,0.4660171509186137,0.4679704058436938,0.4671959551720349,77121.47,9.19999999999709,0.0153333333333284,0.0,11.22943333332804,0.6030535364178792,0.597239735266158,0.5995472315703803,77127.7,2.970000000001164,0.0033000000000012,0.0,5.320464999997725,0.549256644852278,0.5464324368605882,0.5475523656181975,77064.56,66.11000000000058,0.0367277777777781,0.0,21.735175277775028,0.6934595391183543,0.6831589262507128,0.6872601424983846,77118.72,11.94999999999709,0.0033194444444436,0.0,5.330013194441137,0.5493445898710336,0.5465153869764277,0.5476372974837646,0.1107004207051244,True,0.5896497896474377,0.5484389100711631,0.5342995792948756,heartbeat:1181,two_side_all_heartbeats,0.5886641008145121,0.4660171509186137,0.5759933039721854,0.11070042070512442,0.11267179837097585,2026-05-01 06:15:00+00:00,train,book_p_side,0.645,session_switch:book_margin,2,67.0,-65.0,-67.0,0.67
KXBTC15M-26MAY010230-30,heartbeat:1224,live_heartbeat_two_side,heartbeat:1224:yes,2026-05-01 06:16:04.667000+00:00,2026-05-01 06:16:00+00:00,yes,yes,True,True,1,64.0,63.0,63.5,0.635,36.5,27.0,1.0,77143.22,77118.82,835.333,,1224,False,False,synced,bid>=98,last_decisive_quote,1.0,24.39999999999418,0.8442284956582814,6.539365808156529,,,61.5797292129435,0.3962342854028907,0.6540338996652149,74.83621887746123,0.3260453342778764,0.6278049721155124,67.01970487439134,0.364072029945891,0.642097888747257,63.68174261424514,0.3831553440331904,0.6491977068384176,77118.33,24.889999999999414,0.4148333333333236,0.0,370.9239728333194,0.9999996410850862,0.999999984398666,0.999999997138409,77122.21,21.00999999999476,0.1167222222221931,0.0,121.9019240555254,0.9483346125416388,0.9655364088772428,0.9722050360054222,77067.37,75.85000000000582,0.2528333333333527,0.0,235.6000268333437,0.9991786278669532,0.9997804410795892,0.999892050613959,77130.67,12.55000000000291,0.0209166666666715,0.0,41.87238191666489,0.7120966516735224,0.73394134356798,0.744578521844692,77135.17,8.05000000000291,0.0089444444444476,0.0,31.871589611107996,0.6649040143022884,0.6828044595016736,0.6916322673247913,77083.29,59.93000000000757,0.0332944444444486,0.0,52.21194816110881,0.7573122291830343,0.7820259548685959,0.7938602517336599,77114.45,28.770000000004075,0.0079916666666677,0.0,31.07570289166179,0.6610203692436358,0.6785615186195577,0.6872195875549394,0.0071950278844875,True,0.6314024860577563,0.7539945333274886,0.6278049721155124,heartbeat:1224,two_side_all_heartbeats,0.6385489443736285,0.6278049721155124,0.7056772172080444,0.007195027884487559,0.007097888747257031,2026-05-01 06:30:00+00:00,train,book_p_side,0.635,session_switch:book_margin,2,66.0,36.0,34.0,0.66
KXBTC15M-26MAY010245-45,heartbeat:1297,live_heartbeat_two_side,heartbeat:1297:no,2026-05-01 06:32:51.577000+00:00,2026-05-01 06:32:00+00:00,no,no,True,True,1,61.0,60.0,60.5,0.605,39.5,21.0,1.0,77123.14,77127.24,728.423,,1297,False,False,synced,bid>=98,last_decisive_quote,-1.0,4.100000000005821,0.1519119825551375,1.1767051570507985,,,31.81386855214525,0.1288746130727742,0.5512715675202714,61.45110921350285,0.0667197069748728,0.5265975773144744,64.84140949053852,0.0632311979677752,0.5252087989538048,59.98572339500566,0.0683495966699833,0.527246328013394,77121.53,-1.610000000000582,-0.026833333333343,1.610000000000582,-15.446017166667913,0.4007699939057917,0.4058582434892288,0.3983983802885202,77135.34,12.19999999999709,0.0677777777777616,0.0,53.47089222221626,0.807887267518862,0.7952123141314746,0.8136409852807763,77120.82,-2.319999999992433,-0.0077333333333081,2.319999999992433,-1.5331378666424724,0.4900478595296555,0.4905681178676253,0.4898047918910879,77087.66,-35.479999999995925,-0.0591333333333265,35.479999999995925,-38.9740800666559,0.2629656681670459,0.2738974314144382,0.257935711955805,77148.5,25.360000000000586,0.0281777777777784,0.0,24.62534142222852,0.6556907697647812,0.6479448962727383,0.6592877461333355,77138.0,14.860000000000582,0.0082555555555558,0.0,10.1135365444505,0.565362155618354,0.5619730146312397,0.5669439897866299,77043.73,-79.41000000000349,-0.0220583333333343,79.41000000000349,-11.967797341661552,0.4227930987925783,0.4267830478303106,0.4209316131326451,0.0784024226855255,True,0.5657987886572372,0.5405484789480434,0.5265975773144744,heartbeat:1297,two_side_all_heartbeats,0.5651043994769024,0.4900478595296555,0.5584888451002734,0.07840242268552555,0.07979120104619519,2026-05-01 06:45:00+00:00,train,book_p_side,0.605,session_switch:book_margin,2,63.0,39.0,37.0,0.63
KXBTC15M-26MAY010300-00,heartbeat:1354,live_heartbeat_two_side,heartbeat:1354:yes,2026-05-01 06:45:37.835000+00:00,2026-05-01 06:45:00+00:00,yes,yes,True,True,1,71.0,70.0,70.5,0.705,29.5,41.0,1.0,77045.54,76983.36,862.165,,1354,False,False,synced,bid>=98,last_decisive_quote,1.0,62.179999999993015,2.117656538282008,16.403297011506936,,,211.2208878461904,0.2943837640019393,0.6157676640049315,135.40414347244248,0.4592178526106028,0.6769611341708761,107.04911088114125,0.5808548944328245,0.7193308728714108,88.66897123187555,0.7012599688045097,0.7584296044405937,76949.08,96.45999999999184,1.607666666666531,0.0,1448.2539316665425,1.0,1.0,1.0,76992.53,53.00999999999476,0.2944999999999709,0.0,316.0875924999679,0.990212637506507,0.998425135824036,0.9998179366020172,77030.31,15.229999999995924,0.050766666666653,0.0,105.94924316664796,0.783029847342902,0.8388458653481852,0.8839340608069124,77149.43,-103.88999999999942,-0.173149999999999,103.88999999999942,-87.10386975000614,0.2600185988469786,0.2079137479232536,0.1629639863516865,77128.84,-83.30000000000291,-0.0925555555555587,83.30000000000291,-17.618160555565325,0.448237574039203,0.4346372213472786,0.4212503178443978,77118.33,-72.79000000000815,-0.0404388888888934,72.79000000000815,27.315005361100223,0.5799358866311681,0.6007015157938336,0.6209801255807037,77097.02,-51.48000000001048,-0.0143000000000029,51.48000000001048,49.8510404999905,0.6436248253583292,0.6792790876566717,0.7130152856435842,0.0280388658291238,True,0.6909805670854381,0.7216636605045927,0.6769611341708761,heartbeat:1354,two_side_all_heartbeats,0.7121654364357054,0.6769611341708761,0.7121943097198432,0.02803886582912385,0.014330872871410882,2026-05-01 07:00:00+00:00,train,book_p_side,0.705,session_switch:book_margin,2,73.0,29.0,27.0,0.73
KXBTC15M-26MAY010315-15,heartbeat:1449,live_heartbeat_two_side,heartbeat:1449:no,2026-05-01 07:01:24.190000+00:00,2026-05-01 07:01:00+00:00,no,yes,True,False,1,63.0,62.0,62.5,0.625,37.5,25.0,1.0,77001.07,77015.93,815.81,,1449,False,False,synced,mid>=90_other<=10,last_decisive_quote,-1.0,14.85999999998603,0.5202646247658723,4.029952454678149,,,212.3415370978062,0.069981597586069,0.5278958466394877,150.05882895723633,0.0990278286405981,0.5394419126811815,138.8041663668705,0.1070573051871502,0.5426282410179043,108.73120088841408,0.1366673032079925,0.5543531123816934,76949.15,-51.920000000012806,-0.8653333333335468,51.920000000012806,-691.0875866668547,2.0579301864276367e-06,3.197866337290023e-07,1.0358663926623989e-10,77065.12,64.04999999998836,0.3558333333332686,0.0,305.1523916665999,0.9790015937145936,0.9860410555637208,0.9974957311617606,77021.24,20.169999999998254,0.0672333333333275,0.0,69.70962566664795,0.6788726419924062,0.6922420848703502,0.7392772755035416,76900.02,-101.05000000000292,-0.1684166666666715,101.05000000000292,-122.53600083335124,0.207082411232251,0.1886727877814552,0.1298791392838671,77038.86,37.7899999999936,0.0419888888888817,0.0,49.114955444424666,0.6282812695547905,0.6382719234564286,0.6742609926581278,77121.53,120.45999999999184,0.0669222222222176,0.0,69.45581811109344,0.678266656919933,0.6915987422954368,0.7385184703514455,77135.17,134.09999999999127,0.0372499999999975,0.0,45.24892249998405,0.618499088983216,0.6277844545586364,0.6613513355338074,0.0855580873188185,True,0.5822209563405907,0.6144381848911958,0.5394419126811815,heartbeat:1449,two_side_all_heartbeats,0.5838141205089522,0.5394419126811815,0.6101071022028357,0.08555808731881853,0.0823717589820957,2026-05-01 07:15:00+00:00,train,book_p_side,0.625,session_switch:book_margin,2,65.0,-63.0,-65.0,0.65
KXBTC15M-26MAY010330-30,heartbeat:1535,live_heartbeat_two_side,heartbeat:1535:no,2026-05-01 07:15:55.466000+00:00,2026-05-01 07:15:00+00:00,no,no,True,True,1,64.0,63.0,63.5,0.635,36.5,27.0,1.0,77008.6,77016.34,844.534,,1535,False,False,synced,bid>=98,last_decisive_quote,-1.0,7.739999999990687,0.2663375444990833,2.0630417486294528,,,40.56402011866845,0.1908094902168872,0.575662573411661,116.47475730169664,0.0664521667981869,0.5264910805750862,129.05621850246138,0.0599738632497051,0.5239117743429988,117.06350742462094,0.0661179574255845,0.5263580429121519,77012.4,3.7999999999883594,0.0633333333331393,0.0,61.22715333316016,0.7004408495655834,0.6824006177211491,0.6995216087567834,77041.38,32.77999999999884,0.1821111111111046,0.0,161.53902511109632,0.9172641122307066,0.8946594910347512,0.9161953473879528,77061.16,52.55999999999767,0.1751999999999922,0.0,155.70235679998413,0.9093544953465816,0.8861816921449701,0.9082519699048222,76956.47,-52.13000000000466,-0.0868833333333411,52.13000000000466,-65.6359290333492,0.2865402069050908,0.3055219199091282,0.2875056336669467,76949.15,-59.45000000001164,-0.0660555555555685,59.45000000001164,-48.0461625555758,0.3399854674385431,0.354838982225076,0.3407459381783767,77045.54,36.939999999987776,0.0205222222222154,0.0,25.07171442220717,0.5852155450005987,0.5770176499961779,0.5847934979467005,77118.33,109.72999999999593,0.0304805555555544,0.0,33.48186550554529,0.6131200417289188,0.602350680646735,0.6125665082957392,0.1085089194249138,True,0.5807455402875431,0.690281858640556,0.5264910805750862,heartbeat:1535,two_side_all_heartbeats,0.5794558871714994,0.5264910805750862,0.6573182232418422,0.10850891942491381,0.11108822565700116,2026-05-01 07:30:00+00:00,train,book_p_side,0.635,session_switch:book_margin,2,66.0,36.0,34.0,0.66
KXBTC15M-26MAY010345-45,heartbeat:1624,live_heartbeat_two_side,heartbeat:1624:no,2026-05-01 07:31:28.144000+00:00,2026-05-01 07:31:00+00:00,no,yes,True,False,1,64.0,63.0,63.5,0.635,36.5,27.0,1.0,76971.58,76978.45,811.856,,1624,False,False,synced,bid>=98,last_decisive_quote,-1.0,6.869999999995343,0.2411111168376498,1.8676386801953768,,,38.297595672328754,0.1793846292277595,0.5711821501357708,101.28139847653505,0.0678308169449989,0.5270398440627393,101.92037880833765,0.0674055579494504,0.5268705776747428,120.64118022720162,0.0569457293691688,0.522705786689222,76966.38,-5.19999999999709,-0.0866666666666181,5.19999999999709,-63.49085333329862,0.2653703398757602,0.2666601296558143,0.2993473768670648,76961.23,-10.35000000000582,-0.0575000000000323,10.35000000000582,-39.81172000003091,0.3471300959837168,0.3480405873450783,0.3706995723063406,76977.98,6.399999999994179,0.0213333333333139,0.0,24.189594666646254,0.5943834338433377,0.5938027679394399,0.5794585853052028,77070.44,98.86000000000058,0.1647666666666676,0.0,140.63680693332947,0.9175189716300544,0.9161865625418624,0.8781411432466575,76983.11,11.529999999998836,0.0128111111111098,0.0,17.270777422216515,0.5677004577024138,0.5672800757878806,0.5569173898807628,77001.07,29.49000000000524,0.0163833333333362,0.0,20.17090746666437,0.5789300635514164,0.5784416661643835,0.5663926864602723,77121.53,149.9499999999971,0.0416527777777769,0.0,40.68605755555024,0.6560523833443882,0.6551250627226846,0.6320352120957852,0.1079601559372607,True,0.5810199220313697,0.5854744259686924,0.5270398440627393,heartbeat:1624,two_side_all_heartbeats,0.5809352888373713,0.5270398440627393,0.5944886399874894,0.10796015593726072,0.10812942232525724,2026-05-01 07:45:00+00:00,train,book_p_side,0.635,session_switch:book_margin,2,66.0,-64.0,-66.0,0.66
KXBTC15M-26MAY010400-00,heartbeat:1693,live_heartbeat_two_side,heartbeat:1693:yes,2026-05-01 07:47:14.675000+00:00,2026-05-01 07:47:00+00:00,yes,yes,True,True,1,63.0,62.0,62.5,0.625,37.5,25.0,1.0,77022.19,76997.16,765.325,,1693,False,False,synced,bid>=98,latest_quote,1.0,25.02999999999884,0.9047693906982864,7.008313564665391,,,104.65216251072792,0.2391732707619205,0.5945143859518714,72.979367772636,0.3429736480861097,0.6341908575630842,85.67182662491945,0.2921613905768916,0.6149183848891474,104.1154719990048,0.2404061521253833,0.5949922953328566,76980.43,41.76000000000931,0.6960000000001553,0.0,557.6962000001178,0.9999999999999892,0.9999999999623446,0.9999999575790236,77006.95,15.24000000000524,0.0846666666666957,0.0,89.82751666668779,0.8908127233074893,0.8527974786896788,0.8058675322537694,77012.59,9.60000000000582,0.0320000000000194,0.0,49.52040000001369,0.7512895691875134,0.7183761526913979,0.6828308571113083,76994.45,27.74000000000524,0.046233333333342,0.0,60.41352583333885,0.7961127895918941,0.7596489518745633,0.7191286741395762,76949.79,72.40000000000873,0.0804444444444541,0.0,86.59614444445072,0.8823041095823558,0.8439412980093896,0.7972198143759478,77007.87,14.320000000006983,0.0079555555555594,0.0,31.118585555557363,0.6650927134248239,0.6417834952189312,0.6174862235825604,76992.7,29.49000000000524,0.0081916666666681,0.0,31.299287291666616,0.6659942037922619,0.6425709364087271,0.6181482052631486,-0.0091908575630842,True,0.6295954287815422,0.6701601422501993,0.625,heartbeat:1693,two_side_all_heartbeats,0.6199591924445738,0.625,0.653015171106428,0.009190857563084243,0.010081615110852593,2026-05-01 08:00:00+00:00,train,book_p_side,0.625,session_switch:book_margin,2,65.0,37.0,35.0,0.65
KXBTC15M-26MAY010415-15,heartbeat:1766,live_heartbeat_two_side,heartbeat:1766:no,2026-05-01 08:00:45.795000+00:00,2026-05-01 08:00:00+00:00,no,yes,True,False,1,65.0,64.0,64.5,0.645,35.5,29.0,1.0,77108.02,77108.18,854.205,,1766,False,False,synced,bid>=98,last_decisive_quote,-1.0,0.1599999999889405,0.0054744302658426,0.0424047544991648,,,34.05844085352659,0.0046978075325598,0.5018741471563747,63.33548538269004,0.0025262299486958,0.5010078188645949,67.90674121937509,0.0023561725554176,0.500939975982557,91.49299631529068,0.0017487677355933,0.5006976570327356,77100.39,-7.630000000004657,-0.1271666666667442,7.630000000004657,-108.46640250007736,0.0433959104199638,0.0551011237530927,0.1179067645782002,77102.04,-5.980000000010477,-0.0332222222222804,5.980000000010477,-28.21858833339412,0.3279642312993752,0.3388699727200081,0.378880058825341,77111.81,3.789999999993597,0.0126333333333119,0.0,10.95145649997071,0.568639644921751,0.5640604154075829,0.5476384951772814,77078.68,-29.34000000001106,-0.0489000000000184,29.34000000001106,-41.61062450002681,0.2555944653158141,0.2700170845077697,0.3246280994686792,76967.97,-140.0500000000029,-0.1556111111111143,140.0500000000029,-132.76378916668048,0.0180322651851285,0.0252862255097249,0.0733785915158164,76966.38,-141.63999999999942,-0.0786888888888885,141.63999999999942,-67.05644233334412,0.1448568352124389,0.1617040755996059,0.2318056270913657,76949.15,-158.8700000000099,-0.0441305555555583,158.8700000000099,-37.53654120834674,0.276703658153003,0.2902118088613722,0.3408051122072347,0.1439921811354051,True,0.5730039094322974,0.5715491545954486,0.5010078188645949,heartbeat:1766,two_side_all_heartbeats,0.5729699879912785,0.5010078188645949,0.5865302746437288,0.14399218113540513,0.144060024017443,2026-05-01 08:15:00+00:00,train,book_p_side,0.645,session_switch:book_margin,2,67.0,-65.0,-67.0,0.67
KXBTC15M-26MAY010430-30,heartbeat:1831,live_heartbeat_two_side,heartbeat:1831:yes,2026-05-01 08:15:47.179000+00:00,2026-05-01 08:15:00+00:00,yes,yes,True,True,1,65.0,64.0,64.5,0.645,35.5,29.0,1.0,77236.0,77188.32,852.821,,1831,False,False,synced,bid>=98,last_decisive_quote,1.0,47.679999999993015,1.6327034248694487,12.646866347630375,,,116.77612469484868,0.408302639983876,0.6584742493226243,114.02351269499258,0.4181593679501413,0.662084699411335,90.65768752132342,0.5259344386958722,0.7005331200801944,91.10589386750284,0.5233470412938928,0.6996336146439708,77166.59,69.41000000000349,1.1568333333333916,0.0,1034.2517601667091,1.0,1.0,1.0,77170.39,65.61000000000058,0.3645000000000032,0.0,358.53325449999573,0.9991678042543816,0.9999617010588456,0.999958461614078,77118.08,117.91999999999824,0.3930666666666608,0.0,382.8955077333214,0.9996075136248408,0.9999879747593816,0.999986815547484,77060.41,175.5899999999965,0.2926499999999942,0.0,297.2580656499881,0.9954328878787182,0.9994789489042136,0.9994483653284296,77108.02,127.97999999999593,0.1421999999999954,0.0,168.95114619998915,0.9307928583391868,0.9688121980785794,0.9681624562451868,76967.97,268.02999999999884,0.1489055555555549,0.0,174.6697847944369,0.9372233757196268,0.972991223517798,0.9723948267290302,77008.6,227.39999999999415,0.063166666666665,0.0,101.54985983332496,0.81342932276864,0.8686742569072154,0.8674966656243385,-0.0170846994113349,True,0.6535423497056675,0.7688974043453919,0.645,heartbeat:1831,two_side_all_heartbeats,0.6727665600400972,0.645,0.7210469125483687,0.017084699411334947,0.0555331200801944,2026-05-01 08:30:00+00:00,train,book_p_side,0.645,session_switch:book_margin,2,67.0,35.0,33.0,0.67
KXBTC15M-26MAY010445-45,heartbeat:1924,live_heartbeat_two_side,heartbeat:1924:no,2026-05-01 08:31:03.537000+00:00,2026-05-01 08:31:00+00:00,no,no,True,True,1,61.0,60.0,60.5,0.605,39.5,21.0,1.0,77417.56,77432.88,836.463,,1924,False,False,synced,bid>=98,last_decisive_quote,-1.0,15.320000000006983,0.5297066165132187,4.1030898082631495,,,73.89771377365064,0.2073135854639872,0.5821175175236634,91.77403799548156,0.1669317416409339,0.5662881213285927,113.15012772264484,0.1353953398758822,0.553850345776449,95.70080566009187,0.1600822468979022,0.5635918571291706,77424.46,6.900000000008731,0.1150000000001455,0.0,111.51324500012868,0.887833138171779,0.8378189655073993,0.878036614444668,77429.64,12.080000000001746,0.0671111111111208,0.0,71.45596133334843,0.7818945427654191,0.7361479576288854,0.7723655826518293,77441.0,23.44000000000233,0.078133333333341,0.0,80.67564240001347,0.8103178625568814,0.762076031312392,0.8003853784576007,77371.06,-46.5,-0.0775,46.5,-49.50588249999301,0.29479429148558,0.3308657321078564,0.302473903114175,77330.99,-86.56999999999243,-0.0961888888888804,86.56999999999243,-65.13844656665265,0.238923429615586,0.2824152072587097,0.2480475050631177,77071.6,-345.95999999999185,-0.1921999999999954,345.95999999999185,-145.44818859998924,0.0565000801488184,0.0993185316667887,0.064277860805301,76971.58,-445.9799999999959,-0.1238833333333322,445.9799999999959,-88.30382464999207,0.1679777341144712,0.217573924727259,0.1780799002974908,0.0387118786714072,True,0.5856440606642963,0.6605353279618247,0.5662881213285927,heartbeat:1924,two_side_all_heartbeats,0.5794251728882245,0.5662881213285927,0.6344500089099541,0.03871187867140724,0.051149654223551,2026-05-01 08:45:00+00:00,train,book_p_side,0.605,session_switch:book_margin,2,63.0,39.0,37.0,0.63
KXBTC15M-26MAY010500-00,heartbeat:2034,live_heartbeat_two_side,heartbeat:2034:no,2026-05-01 08:57:06.103000+00:00,2026-05-01 08:57:00+00:00,no,yes,True,False,1,65.0,64.0,64.5,0.645,35.5,29.0,1.0,77348.15,77353.67,173.897,,2034,False,False,synced,bid>=98,last_decisive_quote,-1.0,5.5200000000040745,0.4185940326070118,3.242415434217522,,,10.964972798935204,0.5034212214863055,0.6926659227652732,22.825984330857565,0.2418296586904162,0.595543921720819,28.442199889835848,0.194077814704365,0.576942523678256,43.23033698750751,0.1276881094310973,0.5508020998199326,77348.16,0.0100000000093132,0.0001666666668218,0.0,5.5489828333644,0.5960357975529369,0.5773414251065752,0.5510673790446474,77349.08,0.930000000007567,0.0051666666667087,0.0,6.418467833344718,0.6107181551238835,0.5892698130260213,0.5590146148641151,77358.32,10.170000000012806,0.0339000000000426,0.0,11.415108300011497,0.6914950995311242,0.6559165897468656,0.6041305327217467,77362.18,14.029999999998836,0.0233833333333313,0.0,9.586291516670403,0.6627473213797328,0.6319583820649753,0.5877454261731901,77410.87,62.72000000000117,0.0696888888888901,0.0,17.63868871111541,0.7801636494782653,0.732423472781,0.6583692017137351,77425.19,77.04000000000815,0.0428000000000045,0.0,12.962791600004865,0.7149473011355703,0.6757183931582456,0.617855757166842,77102.04,-246.11000000000055,-0.068363888888889,246.11000000000055,-6.368275186107065,0.3901253448255528,0.4114166464087077,0.441443539831773,0.0494560782791809,True,0.6202719608604095,0.644013007083981,0.595543921720819,heartbeat:2034,two_side_all_heartbeats,0.6109712618391281,0.595543921720819,0.6394621964224706,0.04945607827918097,0.06805747632174397,2026-05-01 09:00:00+00:00,train,book_p_side,0.645,session_switch:book_margin,2,67.0,-65.0,-67.0,0.67
KXBTC15M-26MAY010515-15,heartbeat:2092,live_heartbeat_two_side,heartbeat:2092:no,2026-05-01 09:02:21.425000+00:00,2026-05-01 09:02:00+00:00,no,no,True,True,1,61.0,60.0,60.5,0.605,39.5,21.0,1.0,77341.5,77360.41,758.575,,2092,False,False,synced,bid>=98,last_decisive_quote,-1.0,18.91000000000349,0.6865817668892993,5.318239497943838,,,51.00842742780544,0.3707230540829293,0.6445780913310608,33.64270855763652,0.5620831618716721,0.7129703199848942,57.0826057956665,0.3312742951450732,0.629781347167743,88.76396428078525,0.2130369024549858,0.584350910351047,77367.89,26.389999999999414,0.4398333333333236,0.0,352.5565708333295,1.0,0.9999999996717944,0.999964340709047,77356.66,15.160000000003492,0.0842222222222416,0.0,82.79887222224045,0.9930748726077838,0.9265417789976738,0.8245379324039886,77348.15,6.649999999994179,0.0221666666666472,0.0,35.72507916665544,0.8558586946167341,0.7342929333466302,0.656331940252399,77358.32,16.820000000006985,0.0280333333333449,0.0,40.17538583334566,0.8837958463719302,0.7592248676963692,0.6745849093901892,77362.18,20.67999999999301,0.02297777777777,0.0,36.34036777777538,0.8599702199949999,0.7378163096232633,0.6588785867294648,77421.18,79.67999999999302,0.0442666666666627,0.0,52.489586666667215,0.9406445044528148,0.8210927041517757,0.7228533211390654,77093.46,-248.0399999999936,-0.0688999999999982,248.0399999999936,-33.35581749999517,0.1607274777711591,0.2794948051027085,0.3535398309251083,-0.1079703199848942,True,0.6589851599924471,0.7246096715338761,0.605,heartbeat:2092,two_side_all_heartbeats,0.6173906735838715,0.605,0.6875628349188151,0.10797031998489426,0.02478134716774305,2026-05-01 09:15:00+00:00,train,book_p_side,0.605,session_switch:book_margin,2,63.0,39.0,37.0,0.63
KXBTC15M-26MAY010530-30,heartbeat:2158,live_heartbeat_two_side,heartbeat:2158:no,2026-05-01 09:17:23.073000+00:00,2026-05-01 09:17:00+00:00,no,yes,True,False,1,64.0,63.0,63.5,0.635,36.5,27.0,1.0,77297.99,77319.74,756.927,,2158,False,False,synced,bid>=98,last_decisive_quote,-1.0,21.75,0.7905553148946831,6.123615137685736,,,70.32393162344317,0.3092830491398382,0.6214468879373114,90.51719668789804,0.2402858329229271,0.5949456614862357,67.13849156506389,0.3239572336670996,0.6270147938914479,74.2539908217509,0.2929135492826449,0.615205883982349,77334.54,36.54999999998836,0.6091666666664727,0.0,482.8446974998532,0.9999999520396224,0.9999999999996804,0.9999999999605308,77318.64,20.64999999999418,0.1147222222221898,0.0,108.58634749997552,0.884856754069479,0.9470984764128494,0.928179226822099,77336.55,38.55999999999767,0.1285333333333255,0.0,119.04035039999413,0.9057640513417304,0.9618903416784867,0.9455493259712888,77325.82,27.830000000001743,0.0463833333333362,0.0,56.858797350002206,0.7350486799767832,0.8014712843527386,0.7780826716135785,77341.5,43.50999999999476,0.0483444444444386,0.0,58.3432152999956,0.7403918524816058,0.8075758893081076,0.7839856867130732,77362.18,64.18999999998778,0.0356611111111043,0.0,48.74285784999486,0.7048815595267784,0.766082043593074,0.744227598979175,77336.33,38.33999999999651,0.010649999999999,0.0,29.811272549999263,0.629052058551428,0.6714883044366409,0.6559655310140549,0.0400543385137642,True,0.6149728307431179,0.7119032376093221,0.5949456614862357,heartbeat:2158,two_side_all_heartbeats,0.6310073969457239,0.5949456614862357,0.6771365087142168,0.040054338513764276,0.007985206108552134,2026-05-01 09:30:00+00:00,train,book_p_side,0.635,session_switch:book_margin,2,66.0,-64.0,-66.0,0.66
KXBTC15M-26MAY010545-45,heartbeat:2287,live_heartbeat_two_side,heartbeat:2287:no,2026-05-01 09:30:24.305000+00:00,2026-05-01 09:30:00+00:00,no,no,True,True,1,70.0,69.0,69.5,0.695,30.5,39.0,1.0,77332.42,77336.66,875.695,,2287,False,False,synced,bid>=98,last_decisive_quote,-1.0,4.240000000005239,0.1432812697641354,1.109851943239898,,,51.054773921514695,0.083048061411912,0.5330933379532721,88.06078778892861,0.048148558586235,0.5192010765501771,89.07328857082321,0.0476012513744113,0.5189829826453263,74.77759606440507,0.0567014750829028,0.5226085005190747,77335.0,2.5800000000017462,0.0430000000000291,0.0,41.894885000030726,0.6828736117639416,0.6809445574534585,0.7123488965706867,77337.6,5.180000000007567,0.0287777777778198,0.0,29.440556111153164,0.6309312650250569,0.6294966822234808,0.6531017732972468,77357.46,25.04000000000815,0.0834666666666938,0.0,77.3313426666957,0.8100711862677906,0.8073511622568503,0.8494672642831524,77317.24,-15.179999999993017,-0.0252999999999883,15.179999999993017,-17.91508349998457,0.4193955830406447,0.420299458804392,0.4053286247877583,77315.94,-16.479999999995925,-0.0183111111111065,16.479999999995925,-11.794948444435242,0.4467246214116005,0.4473266538330448,0.4373333139530345,77358.39,25.970000000001164,0.0144277777777784,0.0,16.87433286111692,0.5759806171305998,0.5751272834126804,0.589267171301455,77424.46,92.04000000000816,0.0255666666666689,0.0,26.62860216667389,0.6188221810834913,0.6175115125234396,0.6391186646139687,0.1757989234498228,True,0.6071005382750885,0.6747574209393226,0.5192010765501771,heartbeat:2287,two_side_all_heartbeats,0.6069914913226631,0.5192010765501771,0.6652745602186112,0.17579892344982284,0.17601701735467368,2026-05-01 09:45:00+00:00,train,book_p_side,0.695,session_switch:book_margin,2,72.0,30.0,28.0,0.72
KXBTC15M-26MAY010600-00,heartbeat:2354,live_heartbeat_two_side,heartbeat:2354:no,2026-05-01 09:45:40.622000+00:00,2026-05-01 09:45:00+00:00,no,no,True,True,1,68.0,67.0,67.5,0.675,32.5,35.0,1.0,77265.2,77269.11,859.378,,2354,False,False,synced,bid>=98,last_decisive_quote,-1.0,3.910000000003493,0.1333781353469195,1.0331425938936367,,,41.80086639482855,0.093538731065326,0.5372622091908489,58.95557625220247,0.0663211225902897,0.5264389165749752,73.89643388700277,0.0529118902541682,0.521098944692133,70.01424470184173,0.0558457784791419,0.5222676670647269,77268.74,3.540000000008149,0.0590000000001358,0.0,54.61330200012021,0.8228670764418855,0.7700622673325426,0.7823137727328491,77268.49,3.290000000008149,0.018277777777823,0.0,19.61752011115351,0.6303388318598178,0.6046775097768444,0.6103353848172518,77269.19,3.990000000005239,0.0133000000000174,0.0,15.3397274000185,0.6026418884915098,0.5822231540029861,0.5867117349854954,77301.98,36.77999999999884,0.061299999999998,0.0,56.58987140000183,0.8314404554719104,0.7781022717377668,0.7905301872896018,77332.42,67.22000000000116,0.0746888888888901,0.0,68.09598795556016,0.8759627654125774,0.8216067769630724,0.8346244028978401,77315.94,50.74000000000524,0.0281888888888918,0.0,28.13491095556155,0.6833980547704012,0.6482998123919188,0.6561011423628109,77364.19,98.99000000000524,0.0274972222222236,0.0,27.540507838893635,0.6798001409002318,0.6453106411558124,0.6529716374458683,0.1485610834250248,True,0.6007194582874876,0.6013602683554949,0.5264389165749752,heartbeat:2354,two_side_all_heartbeats,0.5980494723460665,0.5264389165749752,0.6159600526707946,0.14856108342502483,0.15390105530786702,2026-05-01 10:00:00+00:00,train,book_p_side,0.675,session_switch:book_margin,2,70.0,32.0,30.0,0.7
KXBTC15M-26MAY010615-15,heartbeat:2422,live_heartbeat_two_side,heartbeat:2422:no,2026-05-01 10:01:11.973000+00:00,2026-05-01 10:01:00+00:00,no,no,True,True,1,65.0,64.0,64.5,0.645,35.5,29.0,1.0,77227.4,77257.26,828.027,,2422,False,False,synced,bid>=98,last_decisive_quote,-1.0,29.860000000000586,1.0376898152396354,8.03791074590432,,,89.74736772043639,0.3327117079691369,0.6303240445406941,66.85756146719395,0.4466211352122446,0.672425683596038,64.31971041860959,0.4642433836480893,0.6787633090188299,76.09189185190897,0.3924202602047864,0.6526261406772211,77266.0,38.60000000000582,0.6433333333334303,0.0,562.5573700000809,1.0,1.0,0.9999999999999284,77248.43,21.02999999999884,0.1168333333333268,0.0,126.60115449999525,0.9708606164767524,0.9754838325761576,0.9519230950145604,77219.8,-7.599999999991269,-0.0253333333333042,7.599999999991269,8.883316000024678,0.5528516184472093,0.5549240007826096,0.5464687692001144,77207.97,-19.42999999999301,-0.0323833333333216,19.42999999999301,3.0457256500102226,0.5181677071192016,0.5188840215537407,0.5159641760737583,77230.59,3.1900000000023283,0.003544444444447,0.0,32.794895700002726,0.688116610911828,0.6949298458948526,0.6667624239535118,77309.87,82.47000000000116,0.0458166666666673,0.0,67.79743705000112,0.8447224326761846,0.8540744222737651,0.8135338687653675,77367.89,140.49000000000524,0.0390250000000014,0.0,62.17375367500179,0.8237998266029425,0.8331370079391038,0.7930608621470912,-0.027425683596038,True,0.658712841798019,0.6234257673477491,0.645,heartbeat:2422,two_side_all_heartbeats,0.6618816545094149,0.5528516184472093,0.6347980287682533,0.02742568359603803,0.033763309018829846,2026-05-01 10:15:00+00:00,train,book_p_side,0.645,session_switch:book_margin,2,67.0,35.0,33.0,0.67
KXBTC15M-26MAY010630-30,heartbeat:2489,live_heartbeat_two_side,heartbeat:2489:yes,2026-05-01 10:16:28.615000+00:00,2026-05-01 10:16:00+00:00,yes,yes,True,True,1,69.0,68.0,68.5,0.685,31.5,37.0,1.0,77170.39,77156.79,811.385,,2489,False,False,synced,bid>=98,latest_quote,1.0,13.60000000000582,0.477447277258824,3.698290707031001,,,31.59347664131385,0.4304686107961131,0.6665726023472196,62.50364415147367,0.2175873132620407,0.5861246648897196,63.579843402870594,0.2139042701604356,0.584689144901319,68.22375261313462,0.1993440624283032,0.5790031930368742,77151.72,18.669999999998254,0.3111666666666375,0.0,266.07596583331554,0.999989639064932,0.999985736087515,0.9999519133532984,77148.97,21.419999999998254,0.1189999999999903,0.0,110.15481499999794,0.9609969595654202,0.9584115393419784,0.9468025088826092,77147.7,22.69000000000233,0.075633333333341,0.0,74.96775216667878,0.8848165163875268,0.8808231965795612,0.8640835114976781,77216.71,-46.320000000006985,-0.0772000000000116,46.320000000006985,-49.03892200000363,0.2163508079974804,0.2202655505075694,0.2361334851111629,77227.4,-57.00999999999476,-0.0633444444444386,57.00999999999476,-37.79673205554501,0.2726850357548853,0.2760966789524121,0.289785545229599,77230.59,-60.19999999999709,-0.0334444444444428,60.19999999999709,-13.53632055554842,0.4142723176311506,0.4157014267766662,0.421361884456591,77334.54,-164.14999999999418,-0.0455972222222206,164.14999999999418,-23.396902152770643,0.3540799250214662,0.3564394330391214,0.3658204296508198,0.0988753351102804,True,0.6355623324448598,0.7186470604257488,0.5861246648897196,heartbeat:2489,two_side_all_heartbeats,0.6348445724506595,0.5861246648897196,0.6953007027444214,0.09887533511028046,0.1003108550986811,2026-05-01 10:30:00+00:00,train,book_p_side,0.685,session_switch:book_margin,2,71.0,31.0,29.0,0.71
KXBTC15M-26MAY010645-45,heartbeat:2574,live_heartbeat_two_side,heartbeat:2574:no,2026-05-01 10:33:00.078000+00:00,2026-05-01 10:33:00+00:00,no,no,True,True,1,70.0,69.0,69.5,0.695,30.5,39.0,1.0,77307.22,77337.29,719.922,,2574,False,False,synced,bid>=98,last_decisive_quote,-1.0,30.069999999992437,1.1207034411372674,8.680931527123962,,,72.68153182730128,0.4137227056722168,0.6604614017559008,96.49651530042604,0.3116174703964639,0.6223343722659023,86.53702176164018,0.3474813367487735,0.6358851314111188,74.50481619872114,0.4035980696843673,0.6567458473063039,77347.94,40.72000000000117,0.6786666666666861,0.0,518.6570640000064,0.9999999616828708,0.9999999989729512,0.9999999999983152,77333.58,26.360000000000586,0.1464444444444476,0.0,135.49857733332811,0.9198675270515954,0.9413008001962772,0.965517980771211,77334.48,27.25999999999476,0.0908666666666492,0.0,95.48691239997989,0.8387998635282016,0.8650781738271458,0.9000121270504429,77341.4,34.179999999993015,0.056966666666655,0.0,71.08155659998405,0.7693241905870094,0.794290922602579,0.8299716372310586,77226.04,-81.18000000000757,-0.0902000000000084,81.18000000000757,-34.86696440001363,0.3589268553255988,0.3435058019502956,0.3198984837844278,77211.68,-95.54000000000816,-0.0530777777777823,95.54000000000816,-8.141859933344158,0.4663792799435933,0.4625207066352387,0.4564903450524347,77294.93,-12.290000000008147,-0.0034138888888911,12.290000000008147,27.612266283324136,0.6126175417135068,0.6251672215986784,0.644536165347855,0.0726656277340976,True,0.6586671861329512,0.718711411931368,0.6223343722659023,heartbeat:2574,two_side_all_heartbeats,0.6654425657055594,0.6223343722659023,0.701960284385411,0.07266562773409768,0.05911486858888115,2026-05-01 10:45:00+00:00,train,book_p_side,0.695,session_switch:book_margin,2,72.0,30.0,28.0,0.72
KXBTC15M-26MAY010700-00,heartbeat:2645,live_heartbeat_two_side,heartbeat:2645:yes,2026-05-01 10:49:16.519000+00:00,2026-05-01 10:49:00+00:00,yes,yes,True,True,1,64.0,63.0,63.5,0.635,36.5,27.0,1.0,77252.58,77238.15,643.481,,2645,False,False,synced,bid>=98,last_decisive_quote,1.0,14.430000000007569,0.5688509229583599,4.406300302184892,,,27.054539652056626,0.5333670498773625,0.7031102390325674,40.51063539353356,0.3562027566299522,0.6391556361650677,70.78210925154468,0.2038650748415308,0.5807705309361312,67.08112904380336,0.2151126584435528,0.5851602575437814,77235.98,16.60000000000582,0.2766666666667637,0.0,192.4597433334033,0.9999989871573972,0.9967264654104802,0.9979415275781556,77235.27,17.30999999999767,0.0961666666666537,0.0,76.31142283333259,0.9701997874036156,0.8595093138723522,0.8723560100634811,77234.1,18.479999999995925,0.0615999999999864,0.0,54.06842959999882,0.9090082153356528,0.7775280617919182,0.7898830433423593,77263.66,-11.080000000001746,-0.0184666666666695,11.080000000001746,2.547050866672361,0.5250664348808708,0.5143525961775929,0.5151440828490754,77290.48,-37.89999999999418,-0.0421111111111046,37.89999999999418,-12.667699888877165,0.3772540708248023,0.4289815951861066,0.4251085290092369,77242.01,10.570000000006983,0.0058722222222261,0.0,18.20866342778784,0.6734567766468273,0.6015069196487963,0.6069746067896968,77200.8,51.77999999999884,0.014383333333333,0.0,23.685401716674026,0.7206155878858196,0.6310456798542123,0.6379879834203301,-0.0041556361650676,True,0.6370778180825338,0.7277212838335735,0.635,heartbeat:2645,two_side_all_heartbeats,0.6078852654680655,0.635,0.6910483339166509,0.004155636165067644,0.05422946906386883,2026-05-01 11:00:00+00:00,train,book_p_side,0.635,session_switch:book_margin,2,66.0,36.0,34.0,0.66
KXBTC15M-26MAY010715-15,heartbeat:2769,live_heartbeat_two_side,heartbeat:2769:yes,2026-05-01 11:00:32.301000+00:00,2026-05-01 11:00:00+00:00,yes,yes,True,True,1,64.0,63.0,63.5,0.635,36.5,27.0,1.0,77276.8,77271.46,867.699,,2769,False,False,synced,bid>=98,last_decisive_quote,1.0,5.339999999996508,0.1812828451231946,1.4042108802304625,,,53.39977361092242,0.1000004239513154,0.5398280055655801,38.589756798181845,0.1383786901773918,0.5550294311216389,52.22533547446261,0.1022492235135126,0.5407205711261344,76.41964023104542,0.0698773245183001,0.5278543492919124,77247.95,28.85000000000582,0.4808333333334303,0.0,422.5586025000807,1.0,0.9999999999999998,0.9999999839382104,77248.88,27.919999999998254,0.1551111111111014,0.0,139.9297559999881,0.9998561249201466,0.99631169628238,0.966454996486918,77250.87,25.930000000007567,0.0864333333333585,0.0,80.33811690001838,0.9813219510190074,0.9380120871619276,0.8534340262624545,77253.97,22.830000000001743,0.0380500000000029,0.0,38.35594694999903,0.8398742385457825,0.7686571930797617,0.6921353455574297,77229.01,47.79000000000815,0.053100000000009,0.0,51.41481690000436,0.9086263528858308,0.8375603074709463,0.7494614112349004,77333.58,-56.77999999999884,-0.0315444444444438,56.77999999999884,-22.03108290000293,0.2840320400964558,0.3365684758290432,0.3865620560064007,77266.0,10.80000000000291,0.0030000000000008,0.0,7.943096999997209,0.581539840737274,0.5604431247440608,0.5413917237882544,0.079970568878361,True,0.5950147155608194,0.7237837940468821,0.5550294311216389,heartbeat:2769,two_side_all_heartbeats,0.5878602855630672,0.5550294311216389,0.6802732195402932,0.07997056887836107,0.09427942887386564,2026-05-01 11:15:00+00:00,train,book_p_side,0.635,session_switch:book_margin,2,66.0,36.0,34.0,0.66
KXBTC15M-26MAY010730-30,heartbeat:2892,live_heartbeat_two_side,heartbeat:2892:no,2026-05-01 11:16:03.632000+00:00,2026-05-01 11:16:00+00:00,no,yes,True,False,1,61.0,60.0,60.5,0.605,39.5,21.0,1.0,77303.13,77309.64,836.368,,2892,False,False,synced,bid>=98,last_decisive_quote,-1.0,6.509999999994761,0.2251035191240577,1.7436443614803168,,,53.56389294478039,0.1215370960192529,0.5483671829529136,44.07124236896626,0.1477153728840401,0.5587163005362411,43.15094484500384,0.1508657579429228,0.5599591937668362,69.17450756019683,0.094109813421218,0.5374890375005853,77318.06,14.929999999993017,0.2488333333332169,0.0,214.62623733323076,0.9999994419630686,0.9999996718159598,0.999041109785956,77297.8,-5.330000000001746,-0.0296111111111208,5.330000000001746,-18.25578577779113,0.3393515483934798,0.3361228088220349,0.3959249608349364,77267.58,-35.55000000000291,-0.1185000000000097,35.55000000000291,-92.59960800001336,0.0178145803782442,0.0159386338833447,0.090344313270508,77274.73,-28.40000000000873,-0.0473333333333478,28.40000000000873,-33.07808533335074,0.2264589307311736,0.2216695355751667,0.3162599199336502,77299.6,-3.529999999998836,-0.0039222222222209,3.529999999998836,3.2295788444402875,0.529208691603903,0.5298304869428927,0.5186188190466761,77235.27,-67.86000000000058,-0.0377000000000003,67.86000000000058,-25.02107360000551,0.2851052511630281,0.281007901909293,0.3587845794557461,77170.39,-132.74000000000524,-0.0368722222222236,132.74000000000524,-24.328746755562012,0.2904631315380109,0.2864432011446592,0.362531237526129,0.0462836994637588,True,0.5818581502681206,0.3938436269714951,0.5587163005362411,heartbeat:2892,two_side_all_heartbeats,0.5824795968834181,0.0178145803782442,0.47367780623652117,0.046283699463758876,0.045040806233163755,2026-05-01 11:30:00+00:00,train,book_p_side,0.605,session_switch:book_margin,2,63.0,-61.0,-63.0,0.63
KXBTC15M-26MAY010745-45,heartbeat:3008,live_heartbeat_two_side,heartbeat:3008:yes,2026-05-01 11:30:34.653000+00:00,2026-05-01 11:30:00+00:00,yes,yes,True,True,1,69.0,68.0,68.5,0.685,31.5,37.0,1.0,77371.79,77358.36,865.347,,3008,True,False,synced,bid>=98,last_decisive_quote,1.0,13.429999999993017,0.4565421360736839,3.5363601797106767,,,83.48723061884998,0.1608629235925422,0.563899317688769,115.69758676905836,0.1160784798977732,0.5462048279701389,86.76707346565898,0.1547822170734892,0.5615034945179275,71.65697432315977,0.1874206959873324,0.574334601473648,77345.19,26.59999999999127,0.4433333333331878,0.0,397.0671699998671,0.999700359879916,0.999997632991279,0.9999999849815544,77375.59,-3.8000000000029104,-0.0211111111111272,3.8000000000029104,-4.838436666687642,0.4833212210765331,0.4777651017967437,0.4730829940157865,77413.59,-41.80000000000291,-0.139333333333343,41.80000000000291,-107.14168200001536,0.1772101514847117,0.1084488276044554,0.067430810019921,77421.08,-49.29000000000815,-0.0821500000000135,49.29000000000815,-57.658256050018736,0.3091175783490224,0.2531795122779375,0.2105129681399115,77318.06,53.729999999995925,0.0596999999999954,0.0,65.0912158999891,0.7131456286742006,0.7734278645158965,0.8181592418610466,77276.8,94.98999999999069,0.052772222222217,0.0,59.09628418332187,0.6952482620039095,0.7520930856292355,0.7952321147732013,77333.58,38.20999999999185,0.0106138888888866,0.0,22.61469690832439,0.5774850862650934,0.6028137161781251,0.6238456377148306,0.1387951720298611,True,0.6156024139850695,0.4694716598182836,0.5462048279701389,heartbeat:3008,two_side_all_heartbeats,0.6232517472589638,0.1772101514847117,0.5418034786879841,0.13879517202986114,0.12349650548207258,2026-05-01 11:45:00+00:00,train,book_p_side,0.685,session_switch:book_margin,2,71.0,31.0,29.0,0.71
KXBTC15M-26MAY010800-00,heartbeat:3181,live_heartbeat_two_side,heartbeat:3181:no,2026-05-01 11:47:51.311000+00:00,2026-05-01 11:47:00+00:00,no,yes,True,False,1,61.0,60.0,60.5,0.605,39.5,21.0,1.0,77390.79,77392.73,728.689,,3181,False,False,synced,bid>=98,last_decisive_quote,-1.0,1.9400000000023283,0.0718671831813245,0.5566808072002153,,,75.01195899261987,0.0258625428005846,0.510316511719568,59.77699909145717,0.0324539543551555,0.5129449821151266,84.4848144961815,0.022962706512068,0.5091599895041696,68.57029628162202,0.0282921338422491,0.5112854228126303,77394.95,4.1600000000034925,0.0693333333333915,0.0,52.46243733337808,0.8099293158381256,0.7326899376063392,0.777890976692321,77413.59,22.80000000000291,0.1266666666666828,0.0,94.24060666668078,0.9425488656040506,0.8676763044629303,0.9153357824635192,77368.96,-21.829999999987194,-0.0727666666666239,21.829999999987194,-51.08426956663323,0.1963916587102495,0.2727037177206706,0.2281385099408083,77342.12,-48.669999999998254,-0.0811166666666637,48.669999999998254,-57.16882271666221,0.1694431152740469,0.2493058622654672,0.2022177679358517,77382.31,-8.479999999995925,-0.0094222222222176,8.479999999995925,-4.925869688883261,0.4671626887171561,0.476752924554362,0.4713658987829229,77349.0,-41.7899999999936,-0.0232166666666631,41.7899999999936,-14.977729616661748,0.4010771247847268,0.4296430133199737,0.4135475022018915,77235.23,-155.55999999999767,-0.0432111111111104,155.55999999999767,-29.547461344441643,0.3105489894452133,0.363268060335021,0.3332677810097487,0.0920550178848733,True,0.5589724910575633,0.4381122136084587,0.5129449821151266,heartbeat:3181,two_side_all_heartbeats,0.5570799947520848,0.1963916587102495,0.4956618263765879,0.09205501788487336,0.09584001049583035,2026-05-01 12:00:00+00:00,train,book_p_side,0.605,session_switch:book_margin,2,63.0,-61.0,-63.0,0.63
KXBTC15M-26MAY010815-15,heartbeat:3309,live_heartbeat_two_side,heartbeat:3309:yes,2026-05-01 12:03:07.543000+00:00,2026-05-01 12:03:00+00:00,yes,yes,True,True,1,68.0,66.0,67.0,0.67,33.0,34.0,2.0,77491.49,77446.23,712.457,,3309,True,False,synced,bid>=98,last_decisive_quote,1.0,45.26000000000931,1.6956461209252656,13.134418374809522,,,95.10078713780058,0.4759161449886612,0.6829329402108159,77.0158208244221,0.5876714617272136,0.7216235827633537,70.07088220933798,0.645917370710337,0.7408335653413576,76.02854419700039,0.5953027310734038,0.7241794346579198,77435.79,55.70000000001164,0.9283333333335274,0.0,706.6575816668143,1.0,1.0,1.0,77452.72,38.77000000000408,0.2153888888889115,0.0,198.71532161113652,0.9950626775751508,0.9977152958236638,0.9955215342880368,77436.6,54.88999999999942,0.1829666666666647,0.0,175.61588243334126,0.9887037816407797,0.9938992151463976,0.989552261532794,77397.89,93.60000000000582,0.1560000000000097,0.0,156.40329200001622,0.9788620686063216,0.9871949154908424,0.98016484166404,77372.63,118.86000000000058,0.1320666666666673,0.0,139.3518211333431,0.9648049485784668,0.9766343009656028,0.9665904001593496,77390.8,100.69000000000231,0.0559388888888901,0.0,85.11405296112135,0.8654527531786207,0.8877568814186243,0.8685368286007283,77288.22,203.27000000000407,0.05646388888889,0.0,85.48809288612122,0.8665019744251707,0.8887719354013465,0.8695827696521196,-0.0516235827633536,True,0.6958117913816768,0.7934424548013778,0.67,heartbeat:3309,two_side_all_heartbeats,0.7054167826706788,0.67,0.7492278311571621,0.05162358276335366,0.07083356534135754,2026-05-01 12:15:00+00:00,train,book_p_side,0.67,session_switch:book_margin,2,70.0,32.0,30.0,0.7
KXBTC15M-26MAY010830-30,heartbeat:3490,live_heartbeat_two_side,heartbeat:3490:yes,2026-05-01 12:16:08.489000+00:00,2026-05-01 12:16:00+00:00,yes,yes,True,True,1,63.0,62.0,62.5,0.625,37.5,25.0,1.0,77596.01,77567.59,831.511,,3490,False,False,synced,bid>=98,last_decisive_quote,1.0,28.419999999998254,0.985575897493058,7.634238074828085,,,141.97053266435546,0.2001823862081885,0.5793310289321245,131.52819687173508,0.2160753410746833,0.5855354896702567,104.3649135021967,0.2723137407611616,0.607309604141965,99.32761803345824,0.2861238451366573,0.6126083655567616,77546.0,50.00999999999476,0.8334999999999126,0.0,721.4844184999256,0.9999999793729436,0.999999999997629,0.9999999999998116,77450.28,145.72999999999593,0.8096111111110885,0.0,701.6205446110905,0.9999999520625346,0.9999999999910844,0.9999999999991892,77422.38,173.6299999999901,0.5787666666666337,0.0,509.6708497666375,0.999946686130334,0.9999994790257056,0.999999856057116,77442.63,153.3799999999901,0.2556333333333168,0.0,240.98192863331784,0.9665369017997404,0.9895290981823024,0.9923696441283912,77444.07,151.93999999998778,0.1688222222222086,0.0,168.79753482220917,0.9003163547201811,0.9471016645991452,0.9553782503152994,77394.95,201.05999999999767,0.1116999999999987,0.0,121.29977869999718,0.8217967411706104,0.8774362605172366,0.888996546700125,77303.13,292.8799999999901,0.0813555555555528,0.0,96.06803935555152,0.767426779264273,0.8213445750111552,0.8332738607902044,0.0394645103297432,True,0.6052677448351284,0.7368273919335303,0.5855354896702567,heartbeat:3490,two_side_all_heartbeats,0.6161548020709825,0.5855354896702567,0.6881499841271438,0.039464510329743296,0.017690395858035002,2026-05-01 12:30:00+00:00,train,book_p_side,0.625,session_switch:book_margin,2,65.0,37.0,35.0,0.65
KXBTC15M-26MAY010845-45,heartbeat:3613,live_heartbeat_two_side,heartbeat:3613:yes,2026-05-01 12:31:09.776000+00:00,2026-05-01 12:31:00+00:00,yes,yes,True,True,1,65.0,63.0,64.0,0.64,36.0,28.0,2.0,77807.74,77757.05,830.224,,3613,True,False,synced,bid>=98,last_decisive_quote,1.0,50.69000000000233,1.7592382107262614,13.627000584309087,,,146.3410241675227,0.3463827063419712,0.6354724400074419,120.0453462502718,0.422257101864851,0.6635813168601015,124.08673613678388,0.408504579765282,0.6585483655315418,101.6643732689176,0.4986014113903957,0.6909698946742804,77749.99,57.75,0.9625,0.0,849.7806000000024,0.9999999999992732,0.9999999999962628,1.0,77766.97,40.77000000000408,0.2265000000000226,0.0,238.73573600002112,0.9766335527180928,0.972819099658478,0.99056966239141,77750.27,57.47000000000117,0.1915666666666705,0.0,209.73324426667224,0.959691462319472,0.9545065709337331,0.980443518726142,77672.0,135.74000000000524,0.226233333333342,0.0,238.5143429333429,0.9765315263691796,0.9727070754823196,0.990514380637253,77596.01,211.73000000001048,0.2352555555555672,0.0,246.0048083555676,0.9797819287594028,0.9762896320917056,0.9922349223793758,77444.07,363.6699999999983,0.2020388888888879,0.0,218.4275344888904,0.965585599927104,0.9608199201604828,0.9841636073752202,77409.15,398.5900000000111,0.1107194444444475,0.0,142.61194004444934,0.8825801259536294,0.8747822800175584,0.919657586071224,-0.0235813168601014,True,0.6517906584300508,0.7544242597265245,0.64,heartbeat:3613,two_side_all_heartbeats,0.6492741827657709,0.64,0.7110126875219248,0.023581316860101453,0.01854836553154182,2026-05-01 12:45:00+00:00,train,book_p_side,0.64,session_switch:book_margin,2,67.0,35.0,33.0,0.67
KXBTC15M-26MAY010900-00,heartbeat:3721,live_heartbeat_two_side,heartbeat:3721:yes,2026-05-01 12:47:11.200000+00:00,2026-05-01 12:47:00+00:00,yes,yes,True,True,1,72.0,71.0,71.5,0.715,28.5,43.0,1.0,78028.02,77950.55,768.8,,3721,True,False,synced,mid>=90_other<=10,last_decisive_quote,1.0,77.47000000000116,2.79400300349857,21.642254203606925,,,158.68894937686255,0.4881877427773592,0.6872915671313364,231.52481887086495,0.3346077555651204,0.6310395031232068,179.2408881587996,0.4322116498963457,0.667206203517621,145.17114950086997,0.5336459776364649,0.7032067541530213,77945.0,83.02000000000407,1.3836666666667343,0.0,1141.2329333333869,0.9999995871721832,0.9999999999036412,0.999999999999998,77935.99,92.02999999999884,0.5112777777777713,0.0,470.5403555555517,0.9789410764069724,0.9956698954299796,0.9994050289622558,77984.94,43.08000000000175,0.1436000000000058,0.0,187.86968000000564,0.7914449460711868,0.8527131193882107,0.9021889549605148,78098.07,-70.05000000000291,-0.1167500000000048,70.05000000000291,-12.287400000002563,0.4788374169624443,0.4726729390807899,0.4662734869697477,77808.48,219.54000000000812,0.2439333333333423,0.0,265.0059466666748,0.8738149157432016,0.930361728240076,0.9660351241363522,77584.0,444.0200000000041,0.24667777777778,0.0,267.11587555555843,0.8756934493702815,0.9319223135036678,0.9671163670082906,77390.79,637.2300000000105,0.1770083333333362,0.0,213.5540066666701,0.8218349633002551,0.8832587223795572,0.9293611903412088,0.0839604968767931,True,0.6730197515616034,0.7124948163981312,0.6310395031232068,heartbeat:3721,two_side_all_heartbeats,0.6911031017588105,0.6310395031232068,0.7051008401511994,0.08396049687679319,0.047793796482378914,2026-05-01 13:00:00+00:00,train,book_p_side,0.715,session_switch:book_margin,2,74.0,28.0,26.0,0.74
KXBTC15M-26MAY010915-15,heartbeat:3803,live_heartbeat_two_side,heartbeat:3803:yes,2026-05-01 13:01:12.346000+00:00,2026-05-01 13:01:00+00:00,yes,yes,True,True,1,72.0,71.0,71.5,0.715,28.5,43.0,1.0,78034.74,77951.26,827.654,,3803,True,False,synced,bid>=98,last_decisive_quote,1.0,83.48000000001048,2.9017368917073543,22.476757313316515,,,335.8401606341806,0.2485706290825129,0.5981535349482714,206.6088604673523,0.4040484992326926,0.6569114723592622,214.8444336516807,0.3885602181127648,0.6511992500143624,174.21627074746834,0.4791745319874124,0.6840927646375717,77885.38,149.36000000000058,2.489333333333343,0.0,2143.786690666685,1.0,1.0,1.0,77989.25,45.49000000000524,0.2527222222222513,0.0,292.6465581111457,0.921674872640802,0.9134219432234426,0.9535008023806206,77951.07,83.66999999999825,0.2788999999999941,0.0,314.31270060000566,0.935906890020104,0.9282633137505328,0.9643962893971214,77983.33,51.41000000000349,0.0856833333333391,0.0,154.39615356668196,0.7725548866067186,0.7638191212569464,0.8122539231547822,77945.0,89.74000000000524,0.0997111111111169,0.0,166.00629995557085,0.7891516214459249,0.7801445244410147,0.8296732536797057,77807.74,227.0,0.1261111111111111,0.0,187.85636555556604,0.8183874111604865,0.8090452010780913,0.8595487209000038,77444.07,590.6699999999983,0.1640749999999995,0.0,219.27733005001008,0.8557268863330147,0.8462858380476106,0.8959216323151937,0.0580885276407378,True,0.6859557361796311,0.7692727874597888,0.6569114723592622,heartbeat:3803,two_side_all_heartbeats,0.6830996250071812,0.6569114723592622,0.7417548197117995,0.0580885276407378,0.06380074998563756,2026-05-01 13:15:00+00:00,train,book_p_side,0.715,session_switch:book_margin,2,74.0,28.0,26.0,0.74
KXBTC15M-26MAY010930-30,heartbeat:3881,live_heartbeat_two_side,heartbeat:3881:yes,2026-05-01 13:15:58.471000+00:00,2026-05-01 13:15:00+00:00,yes,no,True,False,1,61.0,60.0,60.5,0.605,39.5,21.0,1.0,78354.14,78335.09,841.529,,3881,False,False,synced,bid>=98,last_decisive_quote,1.0,19.05000000000291,0.6566900508764227,5.086699261328973,,,174.2685841705346,0.1093140228956074,0.5435232877068497,190.45292496348253,0.1000247174132692,0.5398376489050664,179.98370865201682,0.1058429129096037,0.5421465057912915,180.70207300322144,0.1054221442144899,0.5419795772859755,78348.98,5.1600000000034925,0.0860000000000582,0.0,91.4214940000519,0.6843939385820436,0.6942533977792976,0.6935449563965239,78350.0,4.139999999999418,0.0229999999999967,0.0,38.40516700000019,0.5799055100896229,0.5844852375441462,0.5841544109934037,78201.52,152.61999999999534,0.5087333333333178,0.0,447.1638532666565,0.990560129603564,0.9935127505403109,0.9933305716945914,78182.97,171.16999999999825,0.2852833333333304,0.0,259.12419821666714,0.913174910726038,0.925025152951202,0.924211835716331,77885.38,468.7599999999948,0.5208444444444387,0.0,457.3557044888869,0.991834004089708,0.9944747057492598,0.9943129961063548,77943.42,410.7200000000012,0.2281777777777784,0.0,211.068217155559,0.8661216666575431,0.8795434075672404,0.8786057648768287,77546.0,808.1399999999994,0.2244833333333331,0.0,207.95923501666945,0.8625657252591187,0.8760435574642844,0.8751010371000874,0.0651623510949336,True,0.5724188244525332,0.7117992595028767,0.5398376489050664,heartbeat:3881,two_side_all_heartbeats,0.5735732528956458,0.5398376489050664,0.6625633205922328,0.06516235109493362,0.06285349420870845,2026-05-01 13:30:00+00:00,train,book_p_side,0.605,session_switch:book_margin,2,63.0,-61.0,-63.0,0.63
KXBTC15M-26MAY010945-45,heartbeat:3966,live_heartbeat_two_side,heartbeat:3966:no,2026-05-01 13:30:29.790000+00:00,2026-05-01 13:30:00+00:00,no,no,True,True,1,64.0,63.0,63.5,0.635,36.5,27.0,1.0,78282.27,78291.38,870.21,,3966,False,False,synced,bid>=98,last_decisive_quote,-1.0,9.110000000000582,0.3088206566896012,2.3921145206473278,,,50.77705036390182,0.1794117605239437,0.5711928011754827,109.62879025567592,0.0830986092134581,0.5331134341450035,169.60524604264506,0.0537129611999736,0.5214180719170457,184.3939288465913,0.0494050973206376,0.5197017669749245,78297.43,15.15999999998894,0.2526666666664823,0.0,228.9830599998402,0.9816332090774154,0.911507116683471,0.8928474996593754,78304.04,21.769999999989523,0.1209444444443862,0.0,114.35706499994993,0.8515559243442397,0.749925170791643,0.7324297105301305,78336.35,54.08000000000175,0.1802666666666725,0.0,165.97985600000564,0.9349892405282892,0.8361172354560531,0.8159764098710088,78315.98,33.70999999999185,0.0561833333333197,0.0,58.00129849998876,0.7016215366096837,0.6338163548038149,0.6234487137280096,78354.14,71.86999999999534,0.0798555555555503,0.0,78.60110299999607,0.763305241826183,0.67847390442156,0.6650434602877215,77885.38,-396.8899999999994,-0.2204944444444441,396.8899999999994,-182.76647049999917,0.0477433492687576,0.140606338845857,0.1608003087055525,77749.99,-532.2799999999988,-0.1478555555555552,532.2799999999988,-119.55538299999915,0.1377360611589162,0.2404350515627977,0.2583730250007597,0.1018865658549965,True,0.5840567170725017,0.7010342248910976,0.5331134341450035,heartbeat:3966,two_side_all_heartbeats,0.5782090359585228,0.5331134341450035,0.664431878349159,0.10188656585499656,0.11358192808295431,2026-05-01 13:45:00+00:00,train,book_p_side,0.635,session_switch:book_margin,2,66.0,36.0,34.0,0.66
KXBTC15M-26MAY011000-00,heartbeat:4188,live_heartbeat_two_side,heartbeat:4188:yes,2026-05-01 13:46:30.977000+00:00,2026-05-01 13:46:00+00:00,yes,yes,True,True,1,69.0,67.0,68.0,0.68,32.0,36.0,2.0,78209.16,78204.2,809.023,,4188,False,False,synced,bid>=98,last_decisive_quote,1.0,4.960000000006403,0.1743818345418427,1.3507558821233083,,,255.47431030791216,0.0194148679529786,0.5077449251335308,280.4069343532752,0.017688578249486,0.5070563537698408,205.7496291536976,0.0241069693316492,0.5096163578917757,194.24062949755088,0.0255353373433591,0.5101860187271039,78258.61,-49.44999999999709,-0.8241666666666182,49.44999999999709,-661.809789166621,0.009133126963969,0.0006486456762294,0.0003282076890418,78195.85,13.309999999997672,0.0739444444444315,0.0,64.78275627777371,0.5913547261990254,0.6235668131397323,0.6306283672206439,78185.99,23.169999999998254,0.0772333333333275,0.0,67.44354303333503,0.5950365126091608,0.6284663781049395,0.6357856456406392,78454.0,-244.8399999999965,-0.4080666666666608,244.8399999999965,-325.1753188666556,0.1230946380428942,0.0570028601028932,0.0470569503691373,78278.32,-69.16000000000349,-0.0768444444444483,69.16000000000349,-57.20892297777451,0.419168516585324,0.3904865434096856,0.3841779850125146,78395.4,-186.2399999999907,-0.1034666666666614,186.2399999999907,-78.74691306665608,0.3894200766281588,0.3509593399060942,0.3425884223385336,77945.0,264.1600000000035,0.0733777777777787,0.0,64.32430991111829,0.5907195395583194,0.6227205918222918,0.6297373730878553,0.1729436462301592,True,0.5935281768849204,0.5940309554596672,0.5070563537698408,heartbeat:4188,two_side_all_heartbeats,0.5948081789458879,0.5070563537698408,0.6111242086527844,0.17294364623015923,0.17038364210822432,2026-05-01 14:00:00+00:00,train,book_p_side,0.68,session_switch:book_margin,2,71.0,31.0,29.0,0.71
KXBTC15M-26MAY011015-15,heartbeat:4285,live_heartbeat_two_side,heartbeat:4285:no,2026-05-01 14:02:47.065000+00:00,2026-05-01 14:02:00+00:00,no,yes,True,False,1,68.0,67.0,67.5,0.675,32.5,35.0,1.0,78724.39,78727.48,732.935,,4285,False,False,synced,bid>=98,last_decisive_quote,-1.0,3.0899999999965075,0.1141368148696256,0.8840999663584379,,,145.69737401849767,0.0212083438072411,0.5084602708076188,305.8137277208592,0.0101041899689244,0.5040309199984643,292.10603737365466,0.0105783503407834,0.5042200725022863,221.10646236472516,0.0139751681925036,0.5055751039925365,78720.0,-4.389999999999418,-0.0731666666666569,4.389999999999418,-50.53641083332972,0.434372715027935,0.4313229335995758,0.4096048998731874,78727.98,3.5899999999965075,0.019944444444425,0.0,17.707981388871175,0.5230876381585896,0.5241697773313687,0.5319163792942654,78801.49,77.10000000000582,0.2570000000000194,0.0,191.4542950000107,0.7343585094588964,0.743903686309373,0.8067252775112008,78447.81,-276.58000000000175,-0.4609666666666696,276.58000000000175,-334.76860383333894,0.1368281170072381,0.1258868923924743,0.0650052232835164,78285.97,-438.4199999999983,-0.4871333333333314,438.4199999999983,-353.9470696666687,0.1235556479924039,0.1128121879155271,0.054710689610449,78285.0,-439.3899999999994,-0.2441055555555552,439.3899999999994,-175.82350536111437,0.2826670873461819,0.2736147899031538,0.213249050843681,78121.34,-603.0500000000029,-0.1675138888888896,603.0500000000029,-119.68679215278183,0.3477613097945673,0.3409992658392211,0.2941475052473427,0.1709690800015357,True,0.5895154599992322,0.637796476485787,0.5040309199984643,heartbeat:4285,two_side_all_heartbeats,0.5896100362511432,0.5040309199984643,0.6355809778913186,0.17096908000153577,0.17077992749771376,2026-05-01 14:15:00+00:00,train,book_p_side,0.675,session_switch:book_margin,2,70.0,-68.0,-70.0,0.7
KXBTC15M-26MAY011030-30,heartbeat:4402,live_heartbeat_two_side,heartbeat:4402:no,2026-05-01 14:16:03.091000+00:00,2026-05-01 14:16:00+00:00,no,no,True,True,1,74.0,73.0,73.5,0.735,26.5,47.0,1.0,78624.78,78757.7,836.909,,4402,True,False,synced,bid>=98,last_decisive_quote,-1.0,132.91999999999825,4.594637083779388,35.58990581468916,,,345.8162951398229,0.3843659245330099,0.649646373665007,235.77838088057635,0.5637497361020699,0.7135377681254603,291.2120302421343,0.4564371873286936,0.6759621852158965,254.70379067479007,0.5218610985248848,0.6991164772435374,78683.86,59.08000000000175,0.9846666666666958,0.0,956.996395333356,0.9999753457863556,0.999492351054037,0.9999141188234124,78772.0,147.22000000000116,0.8178888888888953,0.0,817.4185721111147,0.9997367449222208,0.9974993754984832,0.999334686172044,78657.5,32.720000000001164,0.1090666666666705,0.0,224.1988749333348,0.8291694280755325,0.7793150280821799,0.8106336554277014,78646.58,21.80000000000291,0.0363333333333381,0.0,163.32769366666898,0.7557564171160687,0.7125517708724627,0.7393184473707227,78720.0,95.22000000000116,0.1058000000000013,0.0,221.46497219999932,0.8262098227627503,0.7765202925204848,0.8077131740951962,78209.16,-415.61999999999534,-0.2308999999999974,415.61999999999534,-60.32228809999958,0.3990359695117025,0.4179494197257122,0.4063931362726469,78395.4,-229.38000000000463,-0.0637166666666679,229.38000000000463,79.59494821666384,0.6321615523583568,0.6076975348859658,0.6226697388026186,0.0214622318745396,True,0.7242688840627302,0.7592357320669976,0.7135377681254603,heartbeat:4402,two_side_all_heartbeats,0.7054810926079482,0.7135377681254603,0.7473952160527446,0.02146223187453966,0.059037814784103526,2026-05-01 14:30:00+00:00,train,book_p_side,0.735,session_switch:book_margin,2,76.0,26.0,24.0,0.76
KXBTC15M-26MAY011045-45,heartbeat:4502,live_heartbeat_two_side,heartbeat:4502:no,2026-05-01 14:31:04.282000+00:00,2026-05-01 14:31:00+00:00,no,no,True,True,1,70.0,69.0,69.5,0.695,30.5,39.0,1.0,78175.06,78279.42,835.718,,4502,True,False,synced,bid>=98,last_decisive_quote,-1.0,104.36000000000058,3.6099749832240886,27.96274598050459,,,226.25953828227853,0.4612402234720481,0.6776868668559811,192.80206324832596,0.5412805145429724,0.7058428755052895,215.5062794218013,0.4842550308974578,0.6858975569863849,271.61641684862127,0.384218307607537,0.6495916748619297,78280.04,104.97999999999593,1.7496666666665988,0.0,1566.587927333277,0.9999999999999998,0.9999999999998194,0.9999999959807298,78285.42,110.36000000000058,0.6131111111111144,0.0,616.7479915555589,0.9993101539267396,0.9978941605597385,0.9884161554856004,78333.26,158.1999999999971,0.5273333333333237,0.0,545.0619586666592,0.9976510841005968,0.9942841196977474,0.977611014909702,78506.64,331.58000000000175,0.5526333333333362,0.0,566.2056240666695,0.9983414813408024,0.9956970797738652,0.9814461912567156,78624.78,449.7200000000012,0.4996888888888902,0.0,521.9589988444461,0.9966076101451272,0.9922825996802088,0.9726767883169742,78720.0,544.9400000000023,0.3027444444444457,0.0,357.3689816222239,0.9680984830747492,0.9513691569579869,0.9058646390950652,78278.32,103.26000000000931,0.0286833333333359,0.0,128.3311779666694,0.7471701195856553,0.7242409915731955,0.6817050730371852,-0.0108428755052895,True,0.7004214377526448,0.7994979865352955,0.695,heartbeat:4502,two_side_all_heartbeats,0.6904487784931924,0.695,0.7587830794717062,0.010842875505289506,0.00910244301361507,2026-05-01 14:45:00+00:00,train,book_p_side,0.695,session_switch:book_margin,2,72.0,30.0,28.0,0.72
KXBTC15M-26MAY011100-00,heartbeat:4635,live_heartbeat_two_side,heartbeat:4635:no,2026-05-01 14:45:35.508000+00:00,2026-05-01 14:45:00+00:00,no,yes,True,False,1,63.0,62.0,62.5,0.625,37.5,25.0,1.0,78183.3,78205.37,864.492,,4635,False,False,synced,bid>=98,last_decisive_quote,-1.0,22.069999999992437,0.7506229589242346,5.814300438388989,,,160.9281335863107,0.1371419621178643,0.554540707587336,263.3926809432374,0.083791242493745,0.5333887944943551,226.1669392209142,0.0975827858661296,0.5388682029258338,266.2197624131393,0.0829014337626167,0.5330350430051272,78211.51,28.20999999999185,0.4701666666665308,0.0,428.525321999875,0.9481255766770712,0.9709359203512532,0.9462647774421228,78147.78,-35.520000000004075,-0.1973333333333559,35.520000000004075,-148.52308800002714,0.2864163208478689,0.2556879707520146,0.2884575124650331,78213.3,30.0,0.1,0.0,108.51919999999244,0.6598322578188823,0.6843219577746602,0.6582273847754018,78252.1,68.80000000000291,0.1146666666666715,0.0,121.19841599999664,0.6772933696178948,0.7039793732008315,0.6755378288065033,78280.04,96.73999999999069,0.1074888888888785,0.0,114.99328453331682,0.6687938160336739,0.6944290938350963,0.6671106565732834,78683.86,500.5599999999977,0.2780888888888876,0.0,262.4756197333246,0.8405008036144008,0.8770853472266009,0.8379177144043568,78258.61,75.30999999999767,0.0209194444444437,0.0,40.15469236665854,0.5605847040595449,0.5704596362204515,0.5599462241086927,0.0916112055056449,True,0.5791943972471776,0.6060736841044125,0.5333887944943551,heartbeat:4635,two_side_all_heartbeats,0.5819341014629169,0.5333887944943551,0.604483089912083,0.09161120550564494,0.08613179707416618,2026-05-01 15:00:00+00:00,train,book_p_side,0.625,session_switch:book_margin,2,65.0,-63.0,-65.0,0.65
KXBTC15M-26MAY011115-15,heartbeat:4721,live_heartbeat_two_side,heartbeat:4721:no,2026-05-01 15:01:06.839000+00:00,2026-05-01 15:01:00+00:00,no,yes,True,False,1,61.0,60.0,60.5,0.605,39.5,21.0,1.0,78300.82,78334.21,833.161,,4721,False,False,synced,bid>=98,latest_quote,-1.0,33.38999999999942,1.156783146856409,8.96040372589656,,,138.17332698693562,0.2416530073358982,0.5954754774348292,198.94254743573777,0.1678374004474082,0.5666444007369974,216.0998284484915,0.1545119227522112,0.5613969444442732,218.0478481368257,0.1531315272556466,0.5608527230403614,78355.69,54.86999999999534,0.9144999999999224,0.0,795.3157344999347,0.9999680216418072,0.999883527616102,0.9998675652575828,78378.0,77.17999999999302,0.4287777777777389,0.0,390.6309221110782,0.97520805708549,0.9646688080102832,0.9633927917300616,78380.84,80.01999999998952,0.2667333333332984,0.0,255.62181073330365,0.9005868514044688,0.8815731547098848,0.8794656583918645,78358.13,57.30999999999767,0.0955166666666627,0.0,112.97076151666283,0.7149336967201969,0.6994332499280635,0.6978060240781572,78181.37,-119.45000000001164,-0.1327222222222351,119.45000000001164,-77.18897938890024,0.3490093727077647,0.3604742979691742,0.3616693709048001,78175.06,-125.76000000000931,-0.0698666666666718,125.76000000000931,-24.820181866671557,0.4503565594636058,0.4542799607312847,0.4546866503740205,78720.0,419.179999999993,0.1164388888888869,0.0,130.40234110555338,0.7439197794620093,0.7268905449513456,0.7250949174614638,0.0383555992630025,True,0.5858222003684987,0.6907437507138221,0.5666444007369974,heartbeat:4721,two_side_all_heartbeats,0.5831984722221366,0.5666444007369974,0.652610690501993,0.03835559926300258,0.043603055555726744,2026-05-01 15:15:00+00:00,train,book_p_side,0.605,session_switch:book_margin,2,63.0,-61.0,-63.0,0.63
KXBTC15M-26MAY011130-30,heartbeat:4850,live_heartbeat_two_side,heartbeat:4850:yes,2026-05-01 15:15:53.253000+00:00,2026-05-01 15:15:00+00:00,yes,yes,True,True,1,63.0,62.0,62.5,0.625,37.5,25.0,1.0,78465.48,78454.83,846.747,,4850,False,False,synced,bid>=98,last_decisive_quote,1.0,10.64999999999418,0.3659929960600852,2.834969557138533,,,172.59951041878725,0.0617035353933132,0.5246005377500833,159.12406092128074,0.0669289103001385,0.5266808512289088,172.6734566589117,0.061677111271546,0.524590016090867,204.7109985652939,0.052024561819512,0.5207454387953611,78476.39,-10.910000000003492,-0.1818333333333915,10.910000000003492,-143.31682950005512,0.1838843058994859,0.2032728945988713,0.2419344726485293,78342.51,122.97000000000116,0.6831666666666731,0.0,589.1193254999996,0.9998931580658732,0.999677268113128,0.997997767745188,78300.16,165.31999999999243,0.5510666666666414,0.0,477.26404679997273,0.998647087144526,0.9971448500466582,0.990133967352156,78268.24,197.2399999999907,0.3287333333333178,0.0,289.003963799981,0.9653315214308246,0.9529054405021412,0.9209905177638558,78355.69,109.7899999999936,0.1219888888888817,0.0,113.94372569998816,0.7630254697660603,0.7453345153277884,0.7111022668707622,78183.3,282.179999999993,0.1567666666666627,0.0,143.39170469999087,0.8162407984648778,0.7968496674597443,0.7581797154159976,78683.86,-218.38000000000463,-0.0606611111111124,218.38000000000463,-40.71461385000691,0.3990267253057328,0.4067979500604263,0.4211750774851837,0.0983191487710911,True,0.5758404256144545,0.7167759794578116,0.5266808512289088,heartbeat:4850,two_side_all_heartbeats,0.5747950080454335,0.5266808512289088,0.670233672797578,0.09831914877109116,0.10040998390913303,2026-05-01 15:30:00+00:00,train,book_p_side,0.625,session_switch:book_margin,2,65.0,37.0,35.0,0.65
KXBTC15M-26MAY011145-45,heartbeat:4982,live_heartbeat_two_side,heartbeat:4982:yes,2026-05-01 15:30:39.367000+00:00,2026-05-01 15:30:00+00:00,yes,yes,True,True,1,62.0,61.0,61.5,0.615,38.5,23.0,1.0,78547.95,78531.35,860.633,,4982,False,False,synced,bid>=98,last_decisive_quote,1.0,16.59999999999127,0.5658470951753213,4.383032752227725,,,177.48513451764904,0.0935289597357268,0.537258328008938,177.04656969571764,0.0937606417821084,0.5373503513941813,166.1174508121846,0.0999292965238163,0.5397997712528476,198.81433227108192,0.0834949865553821,0.5332710181881489,78513.99,33.95999999999185,0.5659999999998642,0.0,503.7182779998744,0.9977802472195946,0.9987865186986198,0.9943553090667272,78578.44,-30.49000000000524,-0.1693888888889179,30.49000000000524,-129.1816676111449,0.2328027005665353,0.2183869212835295,0.2579235212384987,78476.76,71.19000000000233,0.2373000000000077,0.0,220.82821089999797,0.8938541963805517,0.908133715072172,0.8666568061567779,78471.82,76.1299999999901,0.1268833333333168,0.0,125.79998381664376,0.761317632996419,0.7755635513407237,0.7365518968662812,78465.48,82.47000000000116,0.0916333333333346,0.0,95.46267056665904,0.7051239334808382,0.7172426583804984,0.6844431521420007,78355.69,192.2599999999948,0.1068111111111082,0.0,108.52516698887766,0.7300536506532274,0.7432197883903179,0.7074195613767933,78280.04,267.9100000000035,0.0744194444444454,0.0,80.64782973054766,0.6756315481489213,0.6863344632931155,0.6574978819738795,0.0776496486058186,True,0.5761751756970906,0.6820681825915776,0.5373503513941813,heartbeat:4982,two_side_all_heartbeats,0.5773998856264237,0.5373503513941813,0.6474759446943648,0.07764964860581869,0.07520022874715238,2026-05-01 15:45:00+00:00,train,book_p_side,0.615,session_switch:book_margin,2,64.0,38.0,36.0,0.64
KXBTC15M-26MAY011200-00,heartbeat:5050,live_heartbeat_two_side,heartbeat:5050:no,2026-05-01 15:46:10.726000+00:00,2026-05-01 15:46:00+00:00,no,no,True,True,1,61.0,60.0,60.5,0.605,39.5,21.0,1.0,78633.07,78667.28,829.274,,5050,False,False,synced,bid>=98,latest_quote,-1.0,34.20999999999185,1.187966104986932,9.20194588094656,,,136.0691928293937,0.2514162044224444,0.5992538296690114,182.8988096106008,0.1870433168637147,0.5741866648647089,172.91196501666423,0.1978463433498942,0.5784173569910774,172.17061350382968,0.198698252296295,0.5787506043841864,78666.56,33.48999999999069,0.5581666666665115,0.0,497.0831043331965,0.9967141616262568,0.9979784265439448,0.9980562815005104,78645.82,12.75,0.0708333333333333,0.0,92.95024166665851,0.6943454992511281,0.7045589466757409,0.7053576424119546,78723.24,90.16999999999824,0.3005666666666608,0.0,283.4621219333203,0.9394088770505238,0.94942913895405,0.9501595367120146,78528.16,-104.91000000000348,-0.1748500000000058,104.91000000000348,-110.788558900013,0.2723447366117494,0.2608515483903224,0.2599559437289986,78570.09,-62.98000000001048,-0.0699777777777894,62.98000000001048,-23.820751688906697,0.4481882511299235,0.4452141363571941,0.4449797314262716,78516.03,-117.04000000000816,-0.0650222222222267,117.04000000000816,-19.71123831112302,0.4570885638132297,0.4546205602140933,0.4544260107344234,78181.37,-451.7000000000117,-0.1254722222222254,451.7000000000117,-69.84085161112193,0.3512844060484542,0.3431394941585921,0.3425002292709166,0.030813335135291,True,0.5895933324323545,0.7061985139717443,0.5741866648647089,heartbeat:5050,two_side_all_heartbeats,0.5917086784955388,0.5741866648647089,0.6626377748695174,0.030813335135291053,0.026582643008922546,2026-05-01 16:00:00+00:00,train,book_p_side,0.605,session_switch:book_margin,2,63.0,39.0,37.0,0.63
KXBTC15M-26MAY011215-15,heartbeat:5154,live_heartbeat_two_side,heartbeat:5154:yes,2026-05-01 16:01:12.086000+00:00,2026-05-01 16:01:00+00:00,yes,no,True,False,1,82.0,81.0,81.5,0.815,18.5,63.0,1.0,78535.08,78458.78,827.914,,5154,True,False,synced,bid>=98,latest_quote,1.0,76.30000000000291,2.6517460137828373,20.540336299505665,,,166.08502398551377,0.4594032512326814,0.6770276930259573,293.10509510650223,0.2603161844466697,0.6026900552700335,240.76347012347867,0.3169085408217096,0.6243434994106164,202.5499778035748,0.3766971531045821,0.6468006606148552,78438.2,96.88000000000466,1.6146666666667442,0.0,1413.1051386667336,0.9999992863535462,0.9999999978113724,0.9999999999984877,78412.23,122.85000000000582,0.6825000000000323,0.0,641.3513050000297,0.9856698401288532,0.9961370916128028,0.9992282694161218,78383.99,151.0899999999965,0.5036333333333217,0.0,493.2650875333266,0.953802286352892,0.979756904946528,0.9925597814255384,78448.01,87.07000000000698,0.1451166666666783,0.0,196.4441199666792,0.7486403772172459,0.7927275163285368,0.8339406272225811,78633.07,-97.99000000000524,-0.1088777777777836,97.99000000000524,-13.841436511113017,0.4811675653044682,0.4770775275123922,0.4727591205074345,78570.09,-35.00999999999476,-0.019449999999997,35.00999999999476,60.19707270000532,0.5813612424568976,0.5987162912035773,0.6168416178228322,78300.82,234.2599999999948,0.0650722222222207,0.0,130.1742037888906,0.6715225413244504,0.7056333553785378,0.7397831326436547,0.2123099447299664,True,0.7088450276350167,0.7904974472076418,0.6026900552700335,heartbeat:5154,two_side_all_heartbeats,0.7196717497053082,0.6026900552700335,0.7790674738515885,0.21230994472996645,0.19065650058938355,2026-05-01 16:15:00+00:00,train,book_p_side,0.815,session_switch:book_margin,2,84.0,-82.0,-84.0,0.84
KXBTC15M-26MAY011230-30,heartbeat:5239,live_heartbeat_two_side,heartbeat:5239:no,2026-05-01 16:16:43.401000+00:00,2026-05-01 16:16:00+00:00,no,no,True,True,1,65.0,64.0,64.5,0.645,35.5,29.0,1.0,78375.92,78405.45,796.599,,5239,False,False,synced,bid>=98,last_decisive_quote,-1.0,29.52999999999884,1.0462695077521318,8.104368758337277,,,116.7653720214304,0.2529003204355747,0.5998273790760231,167.04266505758642,0.1767811833570701,0.5701598651182576,230.80642391100565,0.127942712770356,0.5509028455558191,201.82205285604363,0.1463170133397766,0.5581644321533651,78382.85,6.930000000007567,0.1155000000001261,0.0,121.5371845000993,0.7665651537399618,0.7007560607916183,0.7264794002633584,78469.34,93.41999999999824,0.5189999999999902,0.0,442.9648809999911,0.9959968834625392,0.9725208129639578,0.9859120644125604,78487.44,111.52000000000407,0.3717333333333469,0.0,325.6524016000097,0.9743831020907796,0.9208678156387892,0.9466887709763364,78658.0,282.08000000000175,0.4701333333333362,0.0,404.0377432000012,0.9922134526640172,0.9599881076991938,0.9773549678491384,78535.08,159.1600000000035,0.1768444444444483,0.0,170.40410760000194,0.8461649960530919,0.7698335545876004,0.8007570628483964,78633.07,257.1500000000088,0.1428611111111159,0.0,143.3330182500027,0.8045709764218497,0.7327033655067886,0.7612083978084483,78516.03,140.11000000000058,0.0389194444444446,0.0,60.533190524998965,0.6414665613631614,0.6034426702163206,0.6178860517748331,0.0748401348817424,True,0.6075799325591288,0.7298476557363457,0.5701598651182576,heartbeat:5239,two_side_all_heartbeats,0.5979514227779096,0.5701598651182576,0.6884245799536332,0.07484013488174246,0.09409715444418087,2026-05-01 16:30:00+00:00,train,book_p_side,0.645,session_switch:book_margin,2,67.0,35.0,33.0,0.67
KXBTC15M-26MAY011245-45,heartbeat:5347,live_heartbeat_two_side,heartbeat:5347:no,2026-05-01 16:31:14.600000+00:00,2026-05-01 16:31:00+00:00,no,no,True,True,1,62.0,61.0,61.5,0.615,38.5,23.0,1.0,78306.19,78343.02,825.4,,5347,False,False,synced,bid>=98,last_decisive_quote,-1.0,36.83000000000175,1.28194527681769,9.92990541572834,,,200.94784115488412,0.1832813917697894,0.5727113828498102,225.30310551775204,0.1634686744124787,0.5649252822181934,196.37713324634456,0.1875472942860434,0.5743842270033602,217.58064681061575,0.1692705695100673,0.5672080879775834,78324.27,18.080000000001743,0.3013333333333624,0.0,285.5505333333591,0.8974949425346987,0.9270396804706328,0.9053056082996044,78282.08,-24.110000000000586,-0.1339444444444476,24.110000000000586,-73.72774444444536,0.3717439294777421,0.3536667942834045,0.3673604274672494,78226.9,-79.29000000000815,-0.2643000000000272,79.29000000000815,-181.32322000002068,0.2104684721758035,0.177914549839584,0.2023205884968123,78334.25,28.05999999999767,0.0467666666666627,0.0,75.43120666666522,0.6311115625903352,0.649553023222111,0.6355847323341715,78375.92,69.72999999999593,0.0774777777777732,0.0,100.78015777777578,0.672674096803103,0.6960932416491901,0.6783842249668284,78535.08,228.88999999999945,0.1271611111111107,0.0,141.7887811111126,0.7354317070717499,0.764859791221451,0.7426899960953156,78570.09,263.8999999999942,0.0733055555555539,0.0,97.33640555555596,0.6671381064249675,0.6899330513791582,0.6726916400294762,0.0500747177818066,True,0.5899626411090967,0.46346458479799896,0.5649252822181934,heartbeat:5347,two_side_all_heartbeats,0.59469211350168,0.2104684721758035,0.5190712791006187,0.05007471778180661,0.040615772996639765,2026-05-01 16:45:00+00:00,train,book_p_side,0.615,session_switch:book_margin,2,64.0,38.0,36.0,0.64
KXBTC15M-26MAY011300-00,heartbeat:5433,live_heartbeat_two_side,heartbeat:5433:no,2026-05-01 16:46:01.027000+00:00,2026-05-01 16:46:00+00:00,no,no,True,True,1,62.0,61.0,61.5,0.615,38.5,23.0,1.0,78233.64,78272.34,838.973,,5433,False,False,synced,bid>=98,last_decisive_quote,-1.0,38.69999999999709,1.3360938740386832,10.34933864624314,,,72.17918940740677,0.5361656222205488,0.7040779547902489,178.20849481038834,0.2171613650694565,0.5859587037964236,200.48465458678623,0.1930322302211142,0.5765331366566365,217.4511684874263,0.177970991230773,0.5706271211680439,78273.48,39.83999999999651,0.6639999999999417,0.0,595.7780719999482,0.9995858373095484,0.9985191680950358,0.9969264014720304,78270.68,37.0399999999936,0.2057777777777422,0.0,211.3419995555228,0.8821741404500849,0.8540941330933675,0.83445123310336,78291.44,57.80000000000291,0.1926666666666763,0.0,200.34213133333856,0.8695360736118323,0.8411726694920723,0.8215583338075795,78273.78,40.13999999999942,0.066899999999999,0.0,94.82729369999628,0.702676593268817,0.6818899444885256,0.6686126383916526,78306.19,72.55000000000291,0.0806111111111143,0.0,106.330545722222,0.7246340445398867,0.7020714237601884,0.687574144720047,78375.92,142.27999999999884,0.0790444444444437,0.0,105.01615468888542,0.7221660045144039,0.6997951505337823,0.68543129962139,78633.07,399.4300000000076,0.1109527777777798,0.0,131.78638483055445,0.770200328781453,0.7445185215115921,0.7277593832478331,0.0290412962035764,True,0.6004793518982118,0.690164925802752,0.5859587037964236,heartbeat:5433,two_side_all_heartbeats,0.5957665683283182,0.5859587037964236,0.6571948258612935,0.029041296203576428,0.03846686334336347,2026-05-01 17:00:00+00:00,train,book_p_side,0.615,session_switch:book_margin,2,64.0,38.0,36.0,0.64
KXBTC15M-26MAY011315-15,heartbeat:5514,live_heartbeat_two_side,heartbeat:5514:yes,2026-05-01 17:01:02.359000+00:00,2026-05-01 17:01:00+00:00,yes,yes,True,True,1,62.0,61.0,61.5,0.615,38.5,23.0,1.0,78275.57,78225.0,837.641,,5514,False,False,synced,bid>=98,latest_quote,1.0,50.570000000006985,1.7472859724880057,13.534418945015757,,,202.0881303401448,0.2502373588933207,0.5987981020753289,173.8090909382411,0.2909514095437955,0.6144557589563071,173.54526127540407,0.2913937241982998,0.6146248931159963,184.87662953548107,0.2735337620935031,0.6077785284406898,78202.93,72.64000000001397,1.2106666666668997,0.0,1064.6740373335351,0.999999999548109,0.9999999995738004,0.9999999957651824,78256.62,18.95000000001164,0.1052777777778424,0.0,138.75498305561672,0.787657107936477,0.7880089890660795,0.773531447438995,78324.98,-49.40999999998894,-0.1646999999999631,49.40999999998894,-87.38947269996211,0.3075559628155484,0.3072872862882355,0.3182169133830859,78174.1,101.47000000000116,0.1691166666666686,0.0,192.22905378334195,0.8656320077664095,0.8659955473584006,0.8507764650208003,78233.64,41.93000000000757,0.0465888888888973,0.0,89.59476347779182,0.6968904822471158,0.697164162505391,0.6860267526279757,78306.19,-30.619999999995343,-0.0170111111111085,30.619999999995343,36.32079587778693,0.5827639691554559,0.5828879649441513,0.5778747897319975,78535.08,-259.5099999999948,-0.0720861111111096,259.5099999999948,-9.812282197214016,0.4774899237098676,0.4774557395155304,0.4788361720257595,0.0005442410436928,True,0.6147278794781535,0.5123372405906185,0.6144557589563071,heartbeat:5514,two_side_all_heartbeats,0.6148124465579982,0.3075559628155484,0.5533479202500018,0.0005442410436928835,0.000375106884003662,2026-05-01 17:15:00+00:00,train,book_p_side,0.615,session_switch:book_margin,2,64.0,38.0,36.0,0.64
KXBTC15M-26MAY011330-30,heartbeat:5579,live_heartbeat_two_side,heartbeat:5579:yes,2026-05-01 17:15:48.701000+00:00,2026-05-01 17:15:00+00:00,yes,no,True,False,1,64.0,63.0,63.5,0.635,36.5,27.0,1.0,78330.61,78284.99,851.299,,5579,False,False,synced,bid>=98,latest_quote,1.0,45.61999999999534,1.5635588040792787,12.111274418030066,,,97.0013645322542,0.4703026624416824,0.6809306022153073,166.90232339603543,0.2733335226960597,0.6077015756500848,164.37080575450466,0.2775432035548387,0.6093184817005737,182.1621205511571,0.2504362589871353,0.5988750039199752,78261.38,69.22999999999593,1.153833333333265,0.0,1027.8771628332706,0.9999999996329418,0.9999999997992002,0.9999999916273928,78242.01,88.60000000000582,0.4922222222222545,0.0,464.6482855555784,0.9973149623007016,0.9976494343588796,0.9946252824000672,78189.82,140.7899999999936,0.4692999999999787,0.0,445.1346206999772,0.996173834171284,0.9966166451656788,0.992729591422131,78151.07,179.5399999999936,0.2992333333333226,0.0,300.35703743331953,0.964037907795777,0.9661736973090536,0.950410267258068,78202.93,127.68000000000757,0.141866666666675,0.0,166.39095146666915,0.8406022363637944,0.8443003340596773,0.8194897712302535,78273.48,57.13000000000466,0.0317388888888914,0.0,72.63928437221976,0.6682987465874959,0.6707276353351311,0.654965615034764,78382.85,-52.24000000000524,-0.0145111111111125,52.24000000000524,33.26670562221633,0.5789931602627374,0.5801933597191916,0.5724524629444999,0.0272984243499152,True,0.6213507878250424,0.7462918032737896,0.6077015756500848,heartbeat:5579,two_side_all_heartbeats,0.6221592408502868,0.6077015756500848,0.6990452395292822,0.02729842434991525,0.02568151829942633,2026-05-01 17:30:00+00:00,train,book_p_side,0.635,session_switch:book_margin,2,66.0,-64.0,-66.0,0.66
KXBTC15M-26MAY011345-45,heartbeat:5642,live_heartbeat_two_side,heartbeat:5642:yes,2026-05-01 17:30:20.097000+00:00,2026-05-01 17:30:00+00:00,yes,yes,True,True,1,63.0,62.0,62.5,0.625,37.5,25.0,1.0,78252.45,78203.71,879.903,,5642,False,False,synced,bid>=98,last_decisive_quote,1.0,48.73999999999069,1.6431156253953183,12.727518906098505,,,97.53594284494208,0.499713219335719,0.691361488508031,93.13269935251247,0.5233392818939678,0.6996309152631087,137.0150277309252,0.3557274030970381,0.6389776395210026,153.44314534847643,0.3176420809759856,0.62462177500648,78220.21,32.23999999999069,0.5373333333331781,0.0,521.5412119998541,0.9999999892811456,0.9999295128592904,0.99966173939702,78191.82,60.629999999990105,0.3368333333332783,0.0,345.12066049994235,0.9998945908623368,0.9941131035383944,0.987749353888209,78225.29,27.16000000000349,0.0905333333333449,0.0,128.40055160000094,0.9160038796139562,0.8256535136210877,0.7986462694534102,78315.05,-62.60000000000582,-0.104333333333343,62.60000000000582,-43.06321300001785,0.321902435345311,0.3766482902332625,0.3894909451346043,78330.61,-78.16000000000349,-0.0868444444444483,78.16000000000349,-27.674687200012727,0.3831747439424847,0.4199650617773885,0.4284357920538739,78202.93,49.52000000000408,0.0275111111111133,0.0,72.94710919999268,0.7832627482868179,0.7027762868018669,0.6827496052010318,78324.27,-71.82000000000698,-0.0199500000000019,71.82000000000698,31.18593514998898,0.6311327051509039,0.5900251205079795,0.580526657894911,-0.0746309152631087,True,0.6623154576315544,0.7468782649590217,0.625,heartbeat:5642,two_side_all_heartbeats,0.6319888197605013,0.625,0.7055900505017239,0.07463091526310872,0.013977639521002616,2026-05-01 17:45:00+00:00,train,book_p_side,0.625,session_switch:book_margin,2,65.0,37.0,35.0,0.65
KXBTC15M-26MAY011400-00,heartbeat:5723,live_heartbeat_two_side,heartbeat:5723:no,2026-05-01 17:49:06.665000+00:00,2026-05-01 17:49:00+00:00,no,yes,True,False,1,61.0,60.0,60.5,0.605,39.5,21.0,1.0,78418.89,78444.4,653.335,,5723,False,False,synced,bid>=98,last_decisive_quote,-1.0,25.50999999999476,0.9980274728604376,7.730687562891899,,,81.86039735290534,0.3116280988720289,0.6223384114546232,154.49527594706865,0.16511831733117,0.5655745721223839,128.32337163439047,0.1987946519413157,0.5787883101834618,130.75991346588953,0.1950903707706214,0.5773388996215463,78430.01,11.119999999995343,0.1853333333332557,0.0,146.5947533332774,0.8286546917259436,0.8733530828539526,0.8688770485112949,78424.35,5.460000000006403,0.0303333333333689,0.0,45.32782833335133,0.6153891020286064,0.6380424689023116,0.6355725862674079,78466.77,47.88000000000466,0.1596000000000155,0.0,129.7822660000049,0.7995571190014101,0.8440800475247945,0.8395288500633191,78464.1,45.2100000000064,0.0753500000000106,0.0,74.73879225000174,0.6857222589641986,0.7198599147352519,0.7161942407913432,78209.84,-209.0500000000029,-0.232277777777781,209.0500000000029,-126.24520194445182,0.2069224893020391,0.1626056478877776,0.1671539076600535,78335.37,-83.52000000000407,-0.0464000000000022,83.52000000000407,-4.804744000006721,0.4875950473247641,0.4850661050937147,0.4853442525001065,78162.03,-256.8600000000006,-0.0713500000000001,256.8600000000006,-21.10545225000535,0.445669912956205,0.434680251674991,0.4358867674851154,0.039425427877616,True,0.585287286061192,0.6567105637079313,0.5655745721223839,heartbeat:5723,two_side_all_heartbeats,0.5918941550917309,0.5655745721223839,0.6320837954369972,0.03942542787761605,0.02621168981653821,2026-05-01 18:00:00+00:00,train,book_p_side,0.605,session_switch:book_margin,2,63.0,-61.0,-63.0,0.63
KXBTC15M-26MAY011415-15,heartbeat:5807,live_heartbeat_two_side,heartbeat:5807:no,2026-05-01 18:01:22.831000+00:00,2026-05-01 18:01:00+00:00,no,no,True,True,1,63.0,62.0,62.5,0.625,37.5,25.0,1.0,78548.93,78551.63,817.169,,5807,False,False,synced,bid>=98,latest_quote,-1.0,2.700000000011641,0.0944512745303428,0.7316164265681651,,,85.0337900390295,0.0317520834808418,0.5126651204041598,83.11505958892647,0.032485087700898,0.512957395977568,131.30316733351555,0.0205630987800433,0.5082029114274355,130.3431003690903,0.0207145602058421,0.5082633229261287,78550.0,1.070000000006985,0.0178333333334497,0.0,17.27284716677344,0.5823146572035192,0.5523296275251685,0.5527128286213929,78570.0,21.070000000006985,0.1170555555555943,0.0,98.35417127782112,0.881664685570446,0.7730899853206039,0.7747491974529894,78527.85,-21.079999999987194,-0.0702666666666239,21.079999999987194,-54.71974173328681,0.2551529865929403,0.3384330158441714,0.3373109951486467,78456.76,-92.16999999999824,-0.1536166666666637,92.16999999999824,-122.83077788331931,0.0697252752025973,0.1747718837747695,0.1730028958774768,78424.35,-124.5799999999872,-0.1384222222222079,124.5799999999872,-110.41434891108784,0.092014451535024,0.2001987459494483,0.1984681776266429,78207.25,-341.679999999993,-0.1898222222222183,341.679999999993,-152.41683551109628,0.0333414515002435,0.1228614373758534,0.1211311204323354,78275.57,-273.35999999998603,-0.0759333333333294,273.35999999998603,-59.35036606665185,0.2375904767618085,0.3256308305026781,0.3244324957569651,0.112042604022432,True,0.568978697988784,0.46437012752350276,0.512957395977568,heartbeat:5807,two_side_all_heartbeats,0.5666014557137178,0.2551529865929403,0.5174178161118584,0.11204260402243205,0.11679708857256454,2026-05-01 18:15:00+00:00,train,book_p_side,0.625,session_switch:book_margin,2,65.0,37.0,35.0,0.65
KXBTC15M-26MAY011430-30,heartbeat:5884,live_heartbeat_two_side,heartbeat:5884:yes,2026-05-01 18:19:08.979000+00:00,2026-05-01 18:19:00+00:00,yes,yes,True,True,1,62.0,61.0,61.5,0.615,38.5,23.0,1.0,78555.96,78532.23,651.021,,5884,False,False,synced,bid>=98,last_decisive_quote,1.0,23.73000000001048,0.930037027205173,7.204035835443779,,,189.2821411594068,0.1253684043019457,0.5498840497758726,146.14017862664122,0.1623783426502841,0.564496037720336,124.57545629270751,0.190486960322694,0.5755362198633245,125.42016252423524,0.1892040284625294,0.5750335447827759,78530.08,25.880000000004657,0.4313333333334109,0.0,304.537058000061,0.9814139794022984,0.9927493397996968,0.9924116488393192,78565.25,-9.289999999993595,-0.0516111111110755,9.289999999993595,-9.86991716663303,0.4730769732320448,0.4684254679782313,0.468637682706242,78540.13,15.830000000001746,0.0527666666666724,0.0,58.08220810001426,0.6544791327464806,0.6794785629414674,0.6783540288431372,78538.33,17.630000000004657,0.029383333333341,0.0,42.85916705001553,0.6153437740972281,0.6345925831237177,0.6337209578992589,78533.08,22.880000000004657,0.0254222222222273,0.0,40.280400533347176,0.6085832973434412,0.6267816423074948,0.6259568215183506,78418.89,137.07000000000698,0.0761500000000038,0.0,73.305249150013,0.6920287551771885,0.7218816843408299,0.7205504133738981,78335.37,220.59000000001103,0.061275000000003,0.0,63.62131177501247,0.6683437777213836,0.6952211899352413,0.6940157018547695,0.050503962279664,True,0.589748018860168,0.6113250568222722,0.564496037720336,heartbeat:5884,two_side_all_heartbeats,0.5952681099316622,0.564496037720336,0.6077446378653969,0.05050396227966403,0.03946378013667551,2026-05-01 18:30:00+00:00,train,book_p_side,0.615,session_switch:book_margin,2,64.0,38.0,36.0,0.64
KXBTC15M-26MAY011445-45,heartbeat:5941,live_heartbeat_two_side,heartbeat:5941:no,2026-05-01 18:31:54.937000+00:00,2026-05-01 18:31:00+00:00,no,no,True,True,1,66.0,65.0,65.5,0.655,34.5,31.0,1.0,78544.8,78550.9,785.063,,5941,False,False,synced,bid>=98,last_decisive_quote,-1.0,6.099999999991269,0.2177096001829619,1.6863713116361736,,,111.14013169957067,0.0548856646713406,0.521885223700788,134.61288294807065,0.0453151278421431,0.5180719352246683,141.5250071928385,0.0431019232642013,0.5171898569086582,135.75397809368178,0.0449342265003958,0.5179201322078251,78595.35,50.55000000000291,0.8425000000000485,0.0,667.5155775000294,0.9999996453125078,0.9999988008544718,0.999999560816466,78561.07,16.270000000004075,0.0903888888889115,0.0,77.06097227778682,0.7164960221345957,0.7069527483459843,0.7148642424156675,78549.99,5.190000000002328,0.0173000000000077,0.0,19.681589899997363,0.558121725925085,0.5553017652550878,0.557636605163887,78600.19,55.38999999999942,0.0923166666666657,0.0,78.57439928332384,0.7202910646388646,0.7106203776058223,0.7186379263807318,78565.25,20.44999999999709,0.0227222222222189,0.0,23.938375944433176,0.5705722439476079,0.5671590623910081,0.5699851901196461,78548.93,4.129999999990105,0.0022944444444389,0.0,7.901283438875842,0.5234030123980267,0.5222612197357221,0.5232065187495197,78207.25,-337.5500000000029,-0.0937638888888897,337.5500000000029,-67.51055990278715,0.3080038917453008,0.3166731828223429,0.3094884790587367,0.1369280647753317,True,0.5865359676123342,0.5770645537165845,0.5180719352246683,heartbeat:5941,two_side_all_heartbeats,0.5860949284543291,0.5180719352246683,0.5945459257524175,0.1369280647753317,0.13781014309134187,2026-05-01 18:45:00+00:00,train,book_p_side,0.655,session_switch:book_margin,2,68.0,34.0,32.0,0.68
KXBTC15M-26MAY011500-00,heartbeat:6017,live_heartbeat_two_side,heartbeat:6017:yes,2026-05-01 18:49:26.438000+00:00,2026-05-01 18:49:00+00:00,yes,no,True,False,1,62.0,61.0,61.5,0.615,38.5,23.0,1.0,78439.99,78431.64,633.562,,6017,False,False,synced,bid>=98,last_decisive_quote,1.0,8.35000000000582,0.3317354738667235,2.569611931264092,,,40.57551858398441,0.2057891135198369,0.5815221773235476,87.6836556696815,0.0952286938339069,0.5379334104180483,87.36187253482824,0.0955794531152815,0.538072707742463,106.50653744955429,0.0783989433884348,0.5312446430001959,78449.46,-9.470000000001164,-0.1578333333333527,9.470000000001164,-91.6472023333398,0.1479646250446793,0.147076947643925,0.19476106969276,78425.11,14.880000000004657,0.0826666666666925,0.0,60.72445866668888,0.7557009331905431,0.7565008889668232,0.7157112416605775,78426.0,13.99000000000524,0.0466333333333508,0.0,37.89510793335022,0.6671946433441478,0.6677728827847503,0.639005113446445,78517.78,-77.7899999999936,-0.1296499999999893,77.7899999999936,-73.79131329998742,0.2000163259857832,0.1991496012684121,0.2442069754533251,78535.08,-95.08999999999652,-0.1056555555555516,95.08999999999652,-58.589345088880606,0.2520061472823758,0.251221377157269,0.2911250751122674,78555.96,-115.97000000000116,-0.0644277777777784,115.97000000000116,-32.46899174443904,0.3555806167456804,0.3550726718892666,0.3802385050300134,78418.89,21.10000000000582,0.0058611111111127,0.0,12.063377277784625,0.5547131872745684,0.5549134390576148,0.5450894488015565,0.0770665895819516,True,0.5764667052090242,0.6067093512540654,0.5379334104180483,heartbeat:6017,two_side_all_heartbeats,0.5765363538712315,0.5379334104180483,0.602318951794244,0.07706658958195167,0.07692729225753703,2026-05-01 19:00:00+00:00,train,book_p_side,0.615,session_switch:book_margin,2,64.0,-62.0,-64.0,0.64
KXBTC15M-26MAY011515-15,heartbeat:6078,live_heartbeat_two_side,heartbeat:6078:yes,2026-05-01 19:03:12.559000+00:00,2026-05-01 19:03:00+00:00,yes,yes,True,True,1,68.0,67.0,67.5,0.675,32.5,35.0,1.0,78483.69,78422.21,707.441,,6078,False,False,synced,bid>=98,latest_quote,1.0,61.479999999995925,2.3114725795714084,17.904589611790325,,,97.601976316384,0.6299052777446225,0.7356217201863908,114.80698417130657,0.5355074906267024,0.7038505103594551,104.44211045304348,0.5886514523051213,0.7219524445128328,114.70461818767444,0.5359853942358727,0.7040156775756851,78421.93,61.76000000000931,1.0293333333334886,0.0,789.6726026667725,0.9999999999969706,0.99999999999998,0.9999999999970984,78436.17,47.52000000000408,0.2640000000000226,0.0,248.244424000012,0.9847015583292944,0.9912696769395806,0.9847757288549288,78400.86,82.83000000000175,0.2761000000000058,0.0,256.80446010000003,0.9873514881104256,0.9930302960871202,0.9874166009782238,78444.35,39.33999999999651,0.0655666666666608,0.0,107.86454823332514,0.8262705227828906,0.8491439351890924,0.8264855754692484,78449.46,34.229999999995925,0.0380333333333288,0.0,88.38633936665939,0.7793112010653425,0.8012992360674587,0.7795149446664746,78514.7,-31.00999999999476,-0.0172277777777748,31.00999999999476,49.29236366110909,0.6661656850277848,0.6815218694176974,0.6663050749002891,78498.0,-14.309999999997672,-0.0039749999999993,14.309999999997672,58.66792202499639,0.6953292079410712,0.7128488799344231,0.6954888553584668,-0.028850510359455,True,0.6894252551797275,0.7887339994899603,0.675,heartbeat:6078,two_side_all_heartbeats,0.6984762222564165,0.675,0.7461254507299216,0.028850510359455073,0.04695244451283276,2026-05-01 19:15:00+00:00,train,book_p_side,0.675,session_switch:book_margin,2,70.0,32.0,30.0,0.7
KXBTC15M-26MAY011530-30,heartbeat:6134,live_heartbeat_two_side,heartbeat:6134:no,2026-05-01 19:15:43.726000+00:00,2026-05-01 19:15:00+00:00,no,no,True,True,1,61.0,60.0,60.5,0.605,39.5,21.0,1.0,78500.72,78502.3,856.274,,6134,False,False,synced,bid>=98,last_decisive_quote,-1.0,1.5800000000017462,0.0539946472597567,0.4182407392427636,,,67.36444537750923,0.0234545091427303,0.5093561375315275,94.50618475757108,0.016718482542225,0.5066693988574565,102.19031443779603,0.0154613478654427,0.5061679396301763,115.43942163430437,0.0136868322591476,0.5054600855999981,78501.54,0.819999999992433,0.0136666666665405,0.0,13.282411333227088,0.5558854652876567,0.5517077688245445,0.5458010511023584,78486.74,-13.979999999995924,-0.077666666666644,13.979999999995924,-64.9239473333122,0.2460473707351303,0.262608600226289,0.2869193502639846,78521.36,20.639999999999414,0.068799999999998,0.0,60.491651200000085,0.7389401602079966,0.7230582745488516,0.6998649303269487,78478.18,-22.54000000000815,-0.0375666666666802,22.54000000000815,-30.587359933343222,0.3730997790365559,0.3823488624605486,0.3955183670694925,78436.17,-64.55000000000291,-0.0717222222222254,64.55000000000291,-59.83387411111214,0.2633272322290374,0.2791010307343287,0.3021195859808717,78433.58,-67.13999999999942,-0.0372999999999996,67.13999999999942,-30.35902019999797,0.3740148484725577,0.383201515319964,0.3962804563468496,78521.55,20.830000000001743,0.0057861111111115,0.0,6.534496505557717,0.5275623362609886,0.5254927435889741,0.5225702400125912,0.0983306011425434,True,0.5558346994287282,0.6168698530218176,0.5066693988574565,heartbeat:6134,two_side_all_heartbeats,0.5555839698150882,0.5066693988574565,0.6022888516988363,0.09833060114254344,0.09883206036982373,2026-05-01 19:30:00+00:00,train,book_p_side,0.605,session_switch:book_margin,2,63.0,39.0,37.0,0.63
KXBTC15M-26MAY011545-45,heartbeat:6239,live_heartbeat_two_side,heartbeat:6239:no,2026-05-01 19:31:00.016000+00:00,2026-05-01 19:31:00+00:00,no,no,True,True,1,64.0,63.0,63.5,0.635,36.5,27.0,1.0,78404.87,78423.8,839.984,,6239,False,False,synced,bid>=98,latest_quote,-1.0,18.930000000007567,0.6531532724547778,5.05930349347646,,,16.41602660920166,1.1531414056917253,0.8755738255204323,109.04495106325248,0.1735981337551984,0.568909350600399,101.74389757316476,0.186055384662209,0.5737993355897942,104.3423502271759,0.181422020481548,0.5719818320896541,78418.79,13.919999999998254,0.2319999999999709,0.0,213.80628799998317,0.9750439768729204,0.982197782222236,0.9797730714355048,78437.46,32.59000000001106,0.181055555555617,0.0,171.01376977783696,0.9415929057379072,0.953601623789811,0.949390034569244,78463.21,58.34000000001106,0.1944666666667035,0.0,182.27888853337188,0.9526977979944272,0.963397152570688,0.9596753480593396,78390.04,-14.830000000001746,-0.0247166666666695,14.830000000001746,-1.8316045333282105,0.4932993676051323,0.4928185862603507,0.4929974074436217,78489.53,84.66000000000349,0.0940666666666705,0.0,97.94449493334416,0.8154613151369556,0.8321402074240491,0.8260534953106745,78429.27,24.40000000000873,0.0135555555555604,0.0,30.31644977778942,0.60950069619251,0.6171362968349292,0.6143014407470868,78544.8,139.93000000000757,0.0388694444444465,0.0,51.579711422231554,0.6818981523936913,0.6939072648026087,0.6894639619904257,0.0660906493996009,True,0.6019546753001995,0.7188690495316088,0.568909350600399,heartbeat:6239,two_side_all_heartbeats,0.6043996677948971,0.568909350600399,0.6787123647790052,0.06609064939960096,0.061200664410205774,2026-05-01 19:45:00+00:00,train,book_p_side,0.635,session_switch:book_margin,2,66.0,36.0,34.0,0.66
KXBTC15M-26MAY011600-00,heartbeat:6336,live_heartbeat_two_side,heartbeat:6336:yes,2026-05-01 19:45:16.208000+00:00,2026-05-01 19:45:00+00:00,yes,yes,True,True,1,62.0,61.0,61.5,0.615,38.5,23.0,1.0,78344.77,78329.1,883.792,,6336,False,False,synced,bid>=98,last_decisive_quote,1.0,15.669999999998254,0.5271011496441982,4.082907948677526,,,64.08303225756522,0.2445265064395943,0.5965884621232643,62.59581156702389,0.2503362382836069,0.5988363328401438,88.90246894211643,0.1762605716855945,0.5699553818698316,96.7900310246628,0.1618968382808496,0.5643064536699026,78351.06,-6.289999999993597,-0.1048333333332266,6.289999999993597,-76.98086133324077,0.1093844116216892,0.1932718430957664,0.2132082421101891,78364.02,-19.25,-0.1069444444444444,19.25,-78.84664444444618,0.1039040795800289,0.1875692636034073,0.2076462622413532,78348.94,-4.169999999998254,-0.0138999999999941,4.169999999998254,3.385291200003397,0.5215649848898185,0.5151875364250503,0.5139504087044098,78348.24,-3.470000000001164,-0.0057833333333352,3.470000000001164,10.558736266663209,0.5669762942951693,0.547270275928782,0.5434340853492035,78418.79,-74.01999999998952,-0.0822444444444328,74.01999999998952,-57.01698204443589,0.1811805263442498,0.2606499071900839,0.277904114464078,78500.72,-155.9499999999971,-0.0866388888888872,155.9499999999971,-60.900756888889205,0.1652963736002262,0.246662855050485,0.2646074772532556,78433.58,-88.80999999999767,-0.0246694444444437,88.80999999999767,-6.132657644445619,0.4609771316823871,0.4725020294586633,0.4747397495000678,0.0161636671598561,True,0.6069181664200719,0.5784671059099874,0.5988363328401438,heartbeat:6336,two_side_all_heartbeats,0.5924776909349159,0.5215649848898185,0.5914638968300068,0.016163667159856177,0.04504461813016836,2026-05-01 20:00:00+00:00,train,book_p_side,0.615,session_switch:book_margin,2,64.0,38.0,36.0,0.64
KXBTC15M-26MAY011615-15,heartbeat:6424,live_heartbeat_two_side,heartbeat:6424:no,2026-05-01 20:00:47.851000+00:00,2026-05-01 20:00:00+00:00,no,no,True,True,1,63.0,62.0,62.5,0.625,37.5,25.0,1.0,78374.85,78411.55,852.149,,6424,False,False,synced,bid>=98,latest_quote,-1.0,36.69999999999709,1.257211355125745,9.738317282129737,,,178.20905213714198,0.2059379114577993,0.5815802944756703,134.948632729993,0.2719553303917271,0.6071718168033032,103.89285157311024,0.3532485579546442,0.638048946316924,102.14370340577948,0.3592977224861472,0.6403138110325733,78446.93,72.0799999999872,1.20133333333312,0.0,1060.414998666482,0.999999999999998,1.0,1.0,78431.0,56.14999999999418,0.3119444444444121,0.0,302.52314638885844,0.9875117237234854,0.9982036763844316,0.9984704727333084,78381.96,7.110000000000582,0.0237000000000019,0.0,56.89593129999874,0.6633457914601937,0.7080306064459374,0.7112426014349272,78359.2,-15.650000000008731,-0.0260833333333478,15.650000000008731,14.473113583318025,0.5427043009544898,0.5553966470260224,0.5563390023200205,78344.77,-30.080000000001743,-0.0334222222222241,30.080000000001743,8.21928675555099,0.524283275301335,0.53152867265245,0.5320674272945286,78418.79,43.939999999987776,0.0244111111111043,0.0,57.50190392221353,0.664983296906564,0.7100302696879295,0.7132658878365956,78436.17,61.31999999999243,0.0170333333333312,0.0,51.21493796666197,0.6478470120774689,0.6889792952061645,0.6919554731405635,0.0178281831966967,True,0.6160859084016517,0.631839202754499,0.6071718168033032,heartbeat:6424,two_side_all_heartbeats,0.6315244731584619,0.6071718168033032,0.6273207033330297,0.017828183196696767,0.013048946316923993,2026-05-01 20:15:00+00:00,train,book_p_side,0.625,session_switch:book_margin,2,65.0,37.0,35.0,0.65
KXBTC15M-26MAY011630-30,heartbeat:6497,live_heartbeat_two_side,heartbeat:6497:no,2026-05-01 20:16:04.145000+00:00,2026-05-01 20:16:00+00:00,no,no,True,True,1,65.0,64.0,64.5,0.645,35.5,29.0,1.0,78262.45,78293.82,835.855,,6497,False,False,synced,bid>=98,last_decisive_quote,-1.0,31.37000000000989,1.0850482387377491,8.404747516925983,,,72.02835656817629,0.4355229175653557,0.6684085460733493,68.65896994636175,0.4568958728119136,0.6761270546831837,105.57308284600948,0.2971401341549025,0.6168202376596276,95.77109891246025,0.3275518434708962,0.6283747309559057,78299.99,37.54000000000815,0.6256666666668025,0.0,554.3366116667901,0.9999999999999996,0.9999999242545402,0.9999999964415144,78306.11,43.66000000000349,0.2425555555555749,0.0,234.111273888915,0.9996749111893632,0.9867064862147727,0.9927470987728932,78312.0,49.55000000000291,0.1651666666666763,0.0,169.4253841666847,0.993199583324134,0.9457328602598548,0.9615585601489348,78330.94,68.49000000000524,0.1141500000000087,0.0,126.7828482500172,0.9675944693915304,0.8851052473438985,0.9072171133457269,78370.1,107.65000000000872,0.1196111111111208,0.0,131.3475452777958,0.9721287106291264,0.8932757177635408,0.9148863347912196,78350.43,87.97999999999593,0.0488777777777755,0.0,72.22473494445245,0.8535851847142869,0.7530505349760375,0.7746171637774342,78489.53,227.08000000000172,0.0630777777777782,0.0,84.09387594445474,0.8896757217461979,0.7871427876973152,0.8100475507012732,-0.0311270546831836,True,0.6605635273415918,0.7714422126691058,0.645,heartbeat:6497,two_side_all_heartbeats,0.6309101188298138,0.645,0.7239780330697819,0.031127054683183664,0.02817976234037245,2026-05-01 20:30:00+00:00,train,book_p_side,0.645,session_switch:book_margin,2,67.0,35.0,33.0,0.67
KXBTC15M-26MAY011645-45,heartbeat:6562,live_heartbeat_two_side,heartbeat:6562:no,2026-05-01 20:30:50.380000+00:00,2026-05-01 20:30:00+00:00,no,no,True,True,1,64.0,63.0,63.5,0.635,36.5,27.0,1.0,78141.45,78150.05,849.62,,6562,False,False,synced,bid>=98,last_decisive_quote,-1.0,8.60000000000582,0.2950435247234729,2.2853973153206937,,,65.03157062890375,0.132243461396325,0.5526041371265842,124.0581906452053,0.0693223071792253,0.5276334650567072,96.79523275490048,0.0888473507965238,0.5353983870167225,100.03358298329572,0.0859711283303918,0.5342553157577921,78164.47,23.020000000004075,0.3836666666667346,0.0,334.5708733333969,0.9965004450764084,0.9997263610055852,0.9995879719045968,78153.23,11.779999999998836,0.0654444444444379,0.0,64.20290888888921,0.6976042777729102,0.7464262535361788,0.7395028742626795,78167.33,25.880000000004657,0.0862666666666821,0.0,81.89388533335234,0.7454131198408153,0.8012383770068406,0.7935109069035529,78191.99,50.54000000000815,0.0842333333333469,0.0,80.16632466668402,0.7409248763283662,0.7962228782558015,0.788548239384546,78299.99,158.54000000000815,0.1761555555555646,0.0,158.26528311112463,0.8989752619755318,0.9489809742406696,0.9431890826922456,78374.85,233.40000000000876,0.1296666666666715,0.0,118.76739333334326,0.830805265445602,0.8900880109293026,0.882440458646664,78418.79,277.3399999999965,0.0770388888888879,0.0,74.05378077778278,0.7247222016451877,0.7778809226039916,0.770437732589781,0.1073665349432928,True,0.5813167325283536,0.6360155282991742,0.5276334650567072,heartbeat:6562,two_side_all_heartbeats,0.5851991935083612,0.5276334650567072,0.6248726634851752,0.10736653494329285,0.09960161298327752,2026-05-01 20:45:00+00:00,train,book_p_side,0.635,session_switch:book_margin,2,66.0,36.0,34.0,0.66
KXBTC15M-26MAY011700-00,heartbeat:6634,live_heartbeat_two_side,heartbeat:6634:yes,2026-05-01 20:47:21.794000+00:00,2026-05-01 20:47:00+00:00,yes,no,True,False,1,61.0,60.0,60.5,0.605,39.5,21.0,1.0,78006.0,77986.13,758.206,,6634,False,False,synced,bid>=98,latest_quote,1.0,19.869999999995343,0.7216128507511941,5.589589106737265,,,118.91174241932174,0.1670987204100266,0.5663538135875936,107.35986000503544,0.1850784827687311,0.5734162608489825,108.86325809913929,0.1825225548724638,0.5724136722894805,103.87572807737752,0.1912862645371215,0.5758493391448278,78020.28,-14.279999999998836,-0.2379999999999806,14.279999999998836,-160.58302799998995,0.0673599936042625,0.0700942673694141,0.0610625698352508,77990.18,15.820000000006983,0.0878888888889277,0.0,86.50788288891366,0.789813679943411,0.7865906220911882,0.7975217119735294,77960.71,45.2899999999936,0.1509666666666453,0.0,134.33383246664584,0.8945780325999881,0.8913926808359884,0.9020319496380356,78116.41,-110.41000000000348,-0.1840166666666725,110.41000000000348,-119.65254076667574,0.132532418573458,0.1358603544653943,0.1246848633170923,78138.74,-132.74000000000524,-0.1474888888888947,132.74000000000524,-91.95696048889796,0.1958522926390589,0.1991387529923093,0.1880083819065715,78275.35,-269.3500000000058,-0.1496388888888921,269.3500000000058,-93.587103388896,0.1916821840047087,0.1949839020799925,0.1838067711809641,78372.31,-366.3099999999977,-0.1017527777777771,366.3099999999977,-57.279566627781946,0.2968338244499929,0.2993882832131336,0.2906715354994802,0.0315837391510175,True,0.5892081304244912,0.6909980978163235,0.5734162608489825,heartbeat:6634,two_side_all_heartbeats,0.5887068361447403,0.5734162608489825,0.6534404847746923,0.03158373915101753,0.0325863277105195,2026-05-01 21:00:00+00:00,train,book_p_side,0.605,session_switch:book_margin,2,63.0,-61.0,-63.0,0.63
KXBTC15M-26MAY011715-15,heartbeat:6726,live_heartbeat_two_side,heartbeat:6726:yes,2026-05-01 21:02:23.132000+00:00,2026-05-01 21:02:00+00:00,yes,yes,True,True,1,78.0,77.0,77.5,0.775,22.5,55.0,1.0,77897.74,77873.81,756.868,,6726,True,False,synced,bid>=98,last_decisive_quote,1.0,23.930000000007567,0.8698264839730043,6.737646973035197,,,99.56604210784025,0.2403429873619855,0.5949678138237013,202.35746818229956,0.1182560753253225,0.547067620035927,159.10974957748385,0.1503993316786288,0.5597752157415992,128.92170832495367,0.1856165289067594,0.5736272546852588,77887.87,9.870000000009895,0.1645000000001649,0.0,148.43478600013242,0.7683816467567588,0.8245663092728648,0.8752071019655405,77867.31,30.430000000007567,0.1690555555555976,0.0,151.88274022226162,0.7735432110588377,0.8301045436374632,0.880621745914709,77815.4,82.34000000001106,0.2744666666667035,0.0,231.66503706670213,0.8738603472915245,0.9273047688508282,0.963827712023507,77955.85,-58.11000000000058,-0.0968500000000009,58.11000000000058,-49.37266579999317,0.4036203020940408,0.3781642399349849,0.3508723867026408,78006.0,-108.25999999999476,-0.120288888888883,108.25999999999476,-67.11281075554359,0.3700749952268434,0.3365847725058791,0.3013330761320983,78138.74,-241.0,-0.1338888888888889,241.0,-77.406215555548,0.3510370480361707,0.3133078620581039,0.2741156528536497,78362.07,-464.33000000000175,-0.128980555555556,464.33000000000175,-73.69125512221503,0.3578678660116432,0.3216293844889231,0.2837975314936825,0.227932379964073,True,0.6610338100179636,0.7319759891091505,0.547067620035927,heartbeat:6726,two_side_all_heartbeats,0.6673876078707996,0.547067620035927,0.7263923554690831,0.227932379964073,0.21522478425840086,2026-05-01 21:15:00+00:00,train,book_p_side,0.775,session_switch:book_margin,2,80.0,22.0,20.0,0.8
KXBTC15M-26MAY011730-30,heartbeat:6803,live_heartbeat_two_side,heartbeat:6803:yes,2026-05-01 21:18:09.551000+00:00,2026-05-01 21:18:00+00:00,yes,yes,True,True,1,68.0,67.0,67.5,0.675,32.5,35.0,1.0,77968.16,77944.16,710.449,,6803,False,False,synced,bid>=98,last_decisive_quote,1.0,24.0,0.900419285005465,6.974617790860311,,,90.48937290087753,0.2652245145547611,0.6045817444723979,94.74077200441016,0.2533228249278231,0.599990620266776,157.89554091449958,0.1519992259502502,0.5604062269197941,133.63188285953458,0.1795978585830994,0.5712658570250809,77937.99,30.169999999998254,0.5028333333333043,0.0,381.23743883331264,0.9999713917757568,0.992121404333713,0.9978338384463372,77959.21,8.94999999999709,0.049722222222206,0.0,59.32510305554407,0.7344026879347134,0.6464388562874042,0.6714585464393281,77975.69,-7.529999999998836,-0.0250999999999961,7.529999999998836,6.1677301000027605,0.5259532545298474,0.5155795578402057,0.5184064980094714,77908.82,59.33999999999651,0.0988999999999941,0.0,94.26340609999586,0.8401224679099628,0.7247458195686138,0.759718108051975,77962.79,5.370000000009895,0.0059666666666776,0.0,28.23901236667448,0.6171736425301615,0.5709707534044983,0.5836809860756451,78012.02,-43.86000000000058,-0.0243666666666669,43.86000000000058,6.688726033333104,0.528142060429094,0.51689482635643,0.5199600706327828,78255.6,-287.4400000000023,-0.079844444444445,287.4400000000023,-32.72540571111157,0.3648891304023844,0.4179034652042698,0.403269950877991,0.075009379733224,True,0.637495310133388,0.6003146249322078,0.599990620266776,heartbeat:6803,two_side_all_heartbeats,0.6177031134598971,0.5259532545298474,0.6226878369860023,0.07500937973322408,0.11459377308020591,2026-05-01 21:30:00+00:00,train,book_p_side,0.675,session_switch:book_margin,2,70.0,32.0,30.0,0.7
KXBTC15M-26MAY011745-45,heartbeat:6865,live_heartbeat_two_side,heartbeat:6865:yes,2026-05-01 21:30:40.615000+00:00,2026-05-01 21:30:00+00:00,yes,yes,True,True,1,63.0,62.0,62.5,0.625,37.5,25.0,1.0,78016.08,78006.44,859.385,,6865,False,False,synced,bid>=98,latest_quote,1.0,9.639999999999418,0.3288388716680952,2.547174947112341,,,134.83432043135204,0.0714951502641155,0.5284981578943535,100.32777172014866,0.0960850603448958,0.5382734917392439,106.30768851904904,0.0906801768930574,0.5361266388629244,142.54011219687175,0.0676300856750061,0.5269599473422755,78011.51,4.570000000006985,0.076166666666783,0.0,75.0964908334328,0.7729241542184668,0.7600324523861879,0.7008492518488358,78002.23,13.85000000000582,0.0769444444444767,0.0,75.76490138891609,0.7749276369572808,0.7619825794273618,0.7024755710648778,77957.26,58.820000000006985,0.1960666666666899,0.0,178.13675233335275,0.9620962581762552,0.9530987117476556,0.8943010282704088,77967.65,48.43000000000757,0.0807166666666792,0.0,79.00669258334358,0.7845012224034434,0.7713163343667222,0.7103053241412101,77959.21,56.86999999999534,0.0631888888888837,0.0,63.943583277772746,0.7380505102834553,0.7262449552902926,0.673140108217259,77872.81,143.27000000000407,0.0795944444444467,0.0,78.04227163889024,0.7816780767055171,0.7685612553874046,0.7079861236892253,78141.45,-125.36999999999534,-0.0348249999999987,125.36999999999534,-20.28808262499947,0.4198731459229116,0.4243242830147299,0.4434087101504868,0.0867265082607561,True,0.5816367458696219,0.7084565833051664,0.5382734917392439,heartbeat:6865,two_side_all_heartbeats,0.5805633194314622,0.5382734917392439,0.6664012991570243,0.08672650826075612,0.08887336113707556,2026-05-01 21:45:00+00:00,train,book_p_side,0.625,session_switch:book_margin,2,65.0,37.0,35.0,0.65
KXBTC15M-26MAY011800-00,heartbeat:6957,live_heartbeat_two_side,heartbeat:6957:yes,2026-05-01 21:45:41.746000+00:00,2026-05-01 21:45:00+00:00,yes,yes,True,True,1,66.0,65.0,65.5,0.655,34.5,31.0,1.0,78119.87,78098.34,858.254,,6957,False,False,synced,bid>=98,latest_quote,1.0,21.52999999999884,0.7349133079371521,5.692614005093587,,,90.749462627921,0.2372465839084173,0.593767250507323,92.25341788406698,0.2333788871329966,0.5922663969001981,94.92404848087816,0.2268129135298724,0.589715389085024,139.68580829279583,0.154131620549954,0.5612470217091708,78102.59,17.279999999998836,0.2879999999999806,0.0,268.7071519999822,0.9982084453593644,0.9976781187948712,0.9728010109047364,78148.58,-28.710000000006403,-0.1595000000000355,28.710000000006403,-115.36151300003168,0.1055612201879272,0.112125209585977,0.2044405558230201,78123.34,-3.470000000001164,-0.0115666666666705,3.470000000001164,11.602862066662173,0.5500436474138701,0.5486427991660632,0.5330996748825927,78106.05,13.819999999992431,0.0230333333333207,0.0,41.29845046665468,0.6728018196432055,0.6682435970774228,0.6162522403536627,78016.08,103.7899999999936,0.1153222222222151,0.0,120.50575851110383,0.9042657278878168,0.8978680019941687,0.8058464445623152,77959.21,160.65999999998894,0.0892555555555494,0.0,98.13393757777136,0.8562774551332479,0.8493887508706062,0.7588266916143958,77978.3,141.56999999999243,0.0393249999999978,0.0,55.28083854999703,0.7254896002456795,0.7198409756099319,0.653855742243678,0.0627336030998019,True,0.6236331984500991,0.5991033481046895,0.5922663969001981,heartbeat:6957,two_side_all_heartbeats,0.622357694542512,0.5500436474138701,0.6151886485528335,0.06273360309980192,0.06528461091497606,2026-05-01 22:00:00+00:00,train,book_p_side,0.655,session_switch:book_margin,2,68.0,34.0,32.0,0.68
KXBTC15M-26MAY011815-15,heartbeat:7060,live_heartbeat_two_side,heartbeat:7060:yes,2026-05-01 22:00:42.839000+00:00,2026-05-01 22:00:00+00:00,yes,yes,True,True,1,62.0,61.0,61.5,0.615,38.5,23.0,1.0,78207.04,78195.36,857.161,,7060,False,False,synced,bid>=98,last_decisive_quote,1.0,11.679999999993017,0.3989437276890124,3.090204826826904,,,72.92363442242849,0.1601675518849441,0.5636254553929473,69.90786098212646,0.1670770616623397,0.5663452927750253,80.47636426189352,0.1451357812584934,0.5576981659943018,93.59534837611535,0.1247925265800243,0.5496560979670947,78198.42,8.619999999995343,0.143666666666589,0.0,134.82546366659315,0.9731107638764154,0.9530664626211748,0.9251390655315476,78165.6,41.439999999987776,0.2302222222221543,0.0,209.01751022215703,0.998604655819756,0.9953013714338892,0.98723225401712,78191.95,15.089999999996508,0.0502999999999883,0.0,54.79519829998304,0.7834272101728621,0.7520280626685192,0.7208766989020008,78169.04,38.0,0.0633333333333333,0.0,65.96686333332636,0.8273195559905653,0.7938077979660463,0.759535511172029,78119.87,87.16999999999825,0.0968555555555536,0.0,94.7008048555469,0.9122357282300078,0.8803529509679633,0.8441857899120646,78016.08,190.95999999999185,0.1060888888888843,0.0,102.61525808887802,0.9289294654737674,0.8988627367259479,0.8635418508748127,77872.81,334.2299999999959,0.0928416666666655,0.0,91.2602558416587,0.9041278291159331,0.87160287915628,0.8352325658583799,0.0486547072249746,True,0.5906726463875127,0.6549241676492958,0.5663452927750253,heartbeat:7060,two_side_all_heartbeats,0.5863490829971509,0.5663452927750253,0.63408902986708,0.04865470722497467,0.057301834005698216,2026-05-01 22:15:00+00:00,train,book_p_side,0.615,session_switch:book_margin,2,64.0,38.0,36.0,0.64
KXBTC15M-26MAY011830-30,heartbeat:7184,live_heartbeat_two_side,heartbeat:7184:yes,2026-05-01 22:17:59.345000+00:00,2026-05-01 22:17:00+00:00,yes,yes,True,True,1,61.0,60.0,60.5,0.605,39.5,21.0,1.0,78335.88,78308.34,720.655,,7184,False,False,synced,bid>=98,last_decisive_quote,1.0,27.54000000000815,1.025888670891224,7.946499474849143,,,95.09321050047782,0.2896105816079242,0.6139429145822481,65.69992151468244,0.4191785829432625,0.6624571884351005,67.32649781775719,0.4090514268921997,0.6587490393941768,76.05062809501806,0.3621271867156643,0.6413715058237912,78341.08,-5.19999999999709,-0.0866666666666181,5.19999999999709,-34.916766666623566,0.2975506255382374,0.3020134060956629,0.3230720983592176,78320.72,15.160000000003492,0.0842222222222416,0.0,88.23516555557768,0.9103644343708526,0.9049961434704564,0.8770195897005237,78299.79,36.09000000001106,0.1203000000000368,0.0,114.23479650003472,0.9589593649137906,0.9551260114823849,0.9334629111786108,78274.43,61.45000000001164,0.102416666666686,0.0,101.3470829166888,0.9385330851052072,0.9338774826014956,0.9086727990936474,78269.53,66.35000000000582,0.0737222222222286,0.0,80.66828805556835,0.8902444712302138,0.8845737065449653,0.8555910149529536,78117.37,218.5100000000093,0.1213944444444496,0.0,115.02351336112298,0.9600046900003298,0.9562229534013696,0.934791526682236,77937.99,397.8899999999994,0.1105249999999998,0.0,107.19039387500804,0.9486091295230878,0.9443186757284768,0.9206505502751092,-0.0574571884351005,True,0.6337285942175502,0.7421388511162971,0.605,heartbeat:7184,two_side_all_heartbeats,0.6318745196970884,0.605,0.6930290295132883,0.057457188435100504,0.053749039394176856,2026-05-01 22:30:00+00:00,train,book_p_side,0.605,session_switch:book_margin,2,63.0,39.0,37.0,0.63
KXBTC15M-26MAY011845-45,heartbeat:7277,live_heartbeat_two_side,heartbeat:7277:yes,2026-05-01 22:31:15.462000+00:00,2026-05-01 22:31:00+00:00,yes,no,True,False,1,61.0,59.0,60.0,0.6,40.0,20.0,2.0,78358.61,78339.19,824.538,,7277,False,False,synced,bid>=98,last_decisive_quote,1.0,19.419999999998254,0.6763070082128296,5.238651559463304,,,76.92258980763481,0.2524615987132398,0.5996578536455587,70.43839627952227,0.2757019044404906,0.6086114836139728,71.47557207897674,0.2717012181244269,0.6070741177054096,74.71802363766389,0.2599105149538379,0.6025335999062169,78350.01,8.60000000000582,0.1433333333334303,0.0,137.60378000007825,0.9746218052004684,0.972896961666574,0.967236164330718,78395.12,-36.50999999999476,-0.2028333333333042,36.50999999999476,-147.82379099997777,0.0179249781173935,0.0193119167998835,0.0239405529800078,78406.29,-47.679999999993015,-0.15893333333331,47.679999999993015,-111.62657279998255,0.0565126635594825,0.0591741099932894,0.0675915780908055,78368.02,-9.410000000003492,-0.0156833333333391,9.410000000003492,6.488495699993454,0.5366970189024983,0.536165983588427,0.5346005609085656,78341.08,17.529999999998836,0.0194777777777764,0.0,35.48016793333052,0.6927656305991481,0.6901923772689256,0.6825545538391162,78240.0,118.61000000000058,0.0658944444444447,0.0,73.75247343333186,0.8524615792293875,0.8489301293804353,0.8381976550114407,78050.67,307.9400000000023,0.0855388888888895,0.0,89.95006436666546,0.89919945857136,0.8958895935742943,0.8856782159944242,-0.0086114836139727,True,0.6043057418069864,0.42170804905781845,0.6,heartbeat:7277,two_side_all_heartbeats,0.6035370588527048,0.0565126635594825,0.49388597779608834,0.008611483613972792,0.007074117705409666,2026-05-01 22:45:00+00:00,train,book_p_side,0.6,session_switch:book_margin,2,63.0,-61.0,-63.0,0.63
KXBTC15M-26MAY011900-00,heartbeat:7356,live_heartbeat_two_side,heartbeat:7356:no,2026-05-01 22:46:16.638000+00:00,2026-05-01 22:46:00+00:00,no,no,True,True,1,62.0,61.0,61.5,0.615,38.5,23.0,1.0,78234.05,78240.46,823.362,,7356,False,False,synced,bid>=98,last_decisive_quote,-1.0,6.4100000000034925,0.2233894299002107,1.7303670834445708,,,107.91626869477864,0.0593979024435416,0.5236824081404088,76.11008670851153,0.0842201116463404,0.5335592858932513,74.1526637888877,0.0864432870308305,0.5344429811925422,75.2172242781799,0.0852198424166391,0.5339566920017774,78267.37,33.31999999999243,0.5553333333332072,0.0,463.6503639998997,0.999999999441894,0.999999999798222,0.9999999996456896,78240.28,6.2299999999959255,0.0346111111110884,0.0,34.90747366665152,0.6767552671453214,0.6810908791596966,0.678707948157302,78252.01,17.95999999999185,0.0598666666666395,0.0,55.70193839998113,0.7678730300675245,0.7737275907549934,0.7705161191815381,78263.96,29.91000000000349,0.0498500000000058,0.0,47.45459570000829,0.73352181173219,0.7389000706857446,0.7359472566383711,78358.61,124.55999999999769,0.1383999999999974,0.0,120.36330080000135,0.9431109138525924,0.9477247933979932,0.9452239186550528,78341.08,107.02999999999884,0.0594611111111104,0.0,55.36801936666963,0.7665318199834334,0.7723704401573905,0.7691675889109207,78124.02,-110.02999999999884,-0.0305638888888885,110.02999999999884,-18.75514468332957,0.4026780690350522,0.400162656822824,0.4015464181874981,0.0814407141067486,True,0.5742796429466257,0.6388107719869253,0.5335592858932513,heartbeat:7356,two_side_all_heartbeats,0.5747214905962711,0.5335592858932513,0.6211423917814803,0.08144071410674869,0.0805570188074578,2026-05-01 23:00:00+00:00,train,book_p_side,0.615,session_switch:book_margin,2,64.0,38.0,36.0,0.64
KXBTC15M-26MAY011915-15,heartbeat:7423,live_heartbeat_two_side,heartbeat:7423:no,2026-05-01 23:01:32.851000+00:00,2026-05-01 23:01:00+00:00,no,no,True,True,1,62.0,61.0,61.5,0.615,38.5,23.0,1.0,78133.71,78145.51,807.149,,7423,False,False,synced,bid>=98,latest_quote,-1.0,11.799999999988358,0.4153413314576119,3.217220119453891,,,42.785874384887855,0.2757919563321152,0.608646068935525,64.52578939401653,0.182872617457394,0.5725510156690827,68.94441359144955,0.1711523731264543,0.5679480222175781,72.30031951639695,0.1632081307374062,0.564822717678812,78149.36,15.64999999999418,0.2608333333332363,0.0,222.33136416657672,0.9997151247561936,0.9993696779477066,0.998947871869038,78162.32,28.610000000000586,0.1589444444444477,0.0,140.0918493888799,0.985038139118136,0.978920823240642,0.973666300953445,78151.99,18.27999999999884,0.0609333333333294,0.0,60.98227906665189,0.8276919556663768,0.8117905176549376,0.8005138122967128,78157.93,24.21999999998661,0.0403666666666443,0.0,44.38191463330368,0.7542158865218793,0.7401262730229036,0.7303444346853482,78234.05,100.33999999999652,0.111488888888885,0.0,101.788145177763,0.9426574449695926,0.9300790297769844,0.9204125418470924,78358.61,224.89999999999415,0.1249444444444412,0.0,112.64878338887463,0.959576686900782,0.9488608458023912,0.9403913847474008,78240.0,106.2899999999936,0.0295249999999982,0.0,35.631074224986925,0.709593978855153,0.6973551543032263,0.6889302614423257,0.0424489843309172,True,0.5937755078345414,0.6717476571118198,0.5725510156690827,heartbeat:7423,two_side_all_heartbeats,0.591474011108789,0.5725510156690827,0.6448036958340002,0.04244898433091726,0.04705197778242187,2026-05-01 23:15:00+00:00,train,book_p_side,0.615,session_switch:book_margin,2,64.0,38.0,36.0,0.64
KXBTC15M-26MAY011930-30,heartbeat:7537,live_heartbeat_two_side,heartbeat:7537:no,2026-05-01 23:18:19.359000+00:00,2026-05-01 23:18:00+00:00,no,no,True,True,1,82.0,81.0,81.5,0.815,18.5,63.0,1.0,78129.54,78142.33,700.641,,7537,False,False,synced,bid>=98,last_decisive_quote,-1.0,12.790000000008147,0.4831953771479988,3.742815297317222,,,56.33467518222815,0.2270360121654344,0.5898021302088441,59.626041267238406,0.2145035915211031,0.5849228167418156,62.55240215761201,0.2044685664953593,0.5810063233033256,65.2773895290404,0.1959330802332126,0.5776687276103594,78142.47,12.930000000007569,0.2155000000001261,0.0,163.7781355000965,0.9969905974613992,0.9955809625264612,0.993945581496986,78121.18,-8.360000000000582,-0.0464444444444476,8.360000000000582,-19.750881999994117,0.3702293741877567,0.3760963725762169,0.3811093606291686,78160.48,30.94000000000233,0.1031333333333411,0.0,85.04944180001358,0.9231207768994546,0.9130298188036864,0.903694321377458,78162.45,32.91000000000349,0.0548500000000058,0.0,51.22015885001223,0.8048361698906205,0.7935600061283632,0.783671743273627,78137.17,7.630000000004657,0.0084777777777829,0.0,18.72987870001177,0.6232859837680663,0.6176928717303017,0.6129160863010688,78207.78,78.24000000000524,0.0434666666666695,0.0,43.24452880001019,0.7658544814812407,0.7553217954568241,0.746166035207986,78335.36,205.82000000000696,0.0571722222222241,0.0,52.84720295000951,0.8122749582968698,0.8009018370510846,0.7909089057278389,0.2300771832581843,True,0.6999614083709078,0.77434786454709,0.5849228167418156,heartbeat:7537,two_side_all_heartbeats,0.6980031616516628,0.5849228167418156,0.7676010004024356,0.23007718325818438,0.23399367669667437,2026-05-01 23:30:00+00:00,train,book_p_side,0.815,session_switch:book_margin,2,84.0,18.0,16.0,0.84
KXBTC15M-26MAY011945-45,heartbeat:7627,live_heartbeat_two_side,heartbeat:7627:yes,2026-05-01 23:36:36.021000+00:00,2026-05-01 23:36:00+00:00,yes,yes,True,True,1,61.0,60.0,60.5,0.605,39.5,21.0,1.0,78059.17,78051.28,503.979,,7627,False,False,synced,bid>=98,last_decisive_quote,1.0,7.889999999999418,0.3514558551880676,2.722365348140943,,,44.88005720544211,0.1758019149548384,0.5697752174232419,40.46671198502631,0.1949750699517893,0.5772937678208043,49.91882352831263,0.1580566095578038,0.5627939043477646,50.468009594705066,0.1563366588728557,0.5621161690106234,78061.41,-2.2400000000052387,-0.0373333333334206,2.2400000000052387,-10.925216000044582,0.3935876955670928,0.4133796914560573,0.414307568894736,78044.06,15.110000000000582,0.0839444444444476,0.0,50.196237166667714,0.8925923237305391,0.8426857123784699,0.8400382147859424,78043.27,15.89999999999418,0.0529999999999806,0.0,34.60088699998964,0.803737068392993,0.7558901171017596,0.7535174318510366,78087.34,-28.169999999998254,-0.046949999999997,28.169999999998254,-15.771814049999117,0.348361504359356,0.3760205206214045,0.3773260578577312,78098.26,-39.08999999999651,-0.0434333333333294,39.08999999999651,-13.999487899998629,0.36468987742545,0.3895680318863612,0.3907390615159725,78146.02,-86.85000000000582,-0.0482500000000032,86.85000000000582,-16.42698675000221,0.3423939816800884,0.3710498792849558,0.3724039680584314,78263.96,-204.79000000000812,-0.0568861111111133,204.79000000000812,-20.779405391668387,0.3038029760789803,0.3386084437983569,0.3402671286031996,0.0277062321791956,True,0.5911468839104022,0.6620102787379324,0.5772937678208043,heartbeat:7627,two_side_all_heartbeats,0.5838969521738823,0.5772937678208043,0.6364355440248398,0.027706232179195656,0.04220609565223543,2026-05-01 23:45:00+00:00,train,book_p_side,0.605,session_switch:book_margin,2,63.0,39.0,37.0,0.63
KXBTC15M-26MAY012000-00,heartbeat:7678,live_heartbeat_two_side,heartbeat:7678:yes,2026-05-01 23:46:39.971000+00:00,2026-05-01 23:46:00+00:00,yes,yes,True,True,1,63.0,62.0,62.5,0.625,37.5,25.0,1.0,78129.56,78120.6,800.029,,7678,False,False,synced,bid>=98,last_decisive_quote,1.0,8.959999999991851,0.3167780964203199,2.4537525837583725,,,97.14941330547168,0.092229069586025,0.5367419788604768,71.6035162564726,0.1251335195313388,0.5497910764513565,67.17512897539008,0.1333826988746741,0.553054636278944,66.79950260567385,0.1341327352822355,0.5533511927410816,78095.66,33.89999999999418,0.564999999999903,0.0,460.9763849999143,0.9999999999394318,0.9999999999966122,0.9999999999974164,78133.7,-4.139999999999418,-0.0229999999999967,4.139999999999418,-9.44066700000556,0.4475528861177976,0.4441174140700876,0.4438052563713632,78129.54,0.0200000000040745,6.666666668024846e-05,0.0,9.013335266669383,0.5500859051320925,0.5533685640463905,0.553666853925749,78059.17,70.38999999999942,0.1173166666666657,0.0,102.81673551665774,0.9244870779121306,0.9370630669393392,0.9381203267970678,78043.27,86.2899999999936,0.0958777777777706,0.0,85.66500267776394,0.884225815810746,0.8988894033779142,0.9001522834437514,78138.58,-9.020000000004076,-0.0050111111111133,9.020000000004076,4.9509657888789285,0.5275625692101716,0.5293763910361032,0.5295412786863691,78234.05,-104.49000000000524,-0.0290250000000014,104.49000000000524,-14.260841725009314,0.4210672349357753,0.4159390418725613,0.4154734687262655,0.0752089235486435,True,0.5873955382256782,0.5749589938611497,0.5497910764513565,heartbeat:7678,two_side_all_heartbeats,0.5890273181394721,0.5497910764513565,0.5874545039618255,0.0752089235486435,0.07194536372105598,2026-05-02 00:00:00+00:00,train,book_p_side,0.625,session_switch:book_margin,2,65.0,37.0,35.0,0.65
KXBTC15M-26MAY012015-15,heartbeat:7770,live_heartbeat_two_side,heartbeat:7770:yes,2026-05-02 00:01:11.284000+00:00,2026-05-02 00:01:00+00:00,yes,no,True,False,1,64.0,63.0,63.5,0.635,36.5,27.0,1.0,78230.61,78215.98,828.716,,7770,False,False,synced,bid>=98,last_decisive_quote,1.0,14.630000000004657,0.5082079613302851,3.9365619412844346,,,63.65568857011586,0.2298302057307873,0.5908881439269429,65.6497759594529,0.2228491991966666,0.5881735623702569,68.22444767792707,0.2144392589159495,0.5848977352787044,68.17744566754538,0.2145870948487147,0.5849553718111704,78234.05,-3.4400000000023283,-0.0573333333333721,3.4400000000023283,-32.88305066669417,0.3082256941286461,0.3149088723861671,0.3147908571653123,78194.96,35.64999999999418,0.1980555555555232,0.0,178.76180777775562,0.9967650194448197,0.9956061101717422,0.9956293310125196,78165.43,65.18000000000757,0.2172666666666919,0.0,194.6823629333589,0.9984888900502916,0.997838362696013,0.9978517092628338,78146.04,84.57000000000698,0.1409500000000116,0.0,131.43752020001432,0.9773630961995576,0.9729818679044469,0.97306459550283,78129.56,101.05000000000292,0.112277777777781,0.0,107.67639088889624,0.949514450795258,0.9427478522736428,0.9428726755202876,78043.27,187.3399999999965,0.1040777777777758,0.0,100.88091968889194,0.9378108365878184,0.9303847054033684,0.930520896127139,78133.71,96.89999999999418,0.026916666666665,0.0,36.936272333336646,0.7131552158796184,0.7058818058600284,0.706010395968332,0.0468264376297431,True,0.6115867811851284,0.7405541508068495,0.5881735623702569,heartbeat:7770,two_side_all_heartbeats,0.6099488676393522,0.5881735623702569,0.6936498467211354,0.046826437629743145,0.05010226472129564,2026-05-02 00:15:00+00:00,train,book_p_side,0.635,session_switch:book_margin,2,66.0,-64.0,-66.0,0.66
KXBTC15M-26MAY012030-30,heartbeat:7919,live_heartbeat_two_side,heartbeat:7919:no,2026-05-02 00:16:57.661000+00:00,2026-05-02 00:16:00+00:00,no,yes,True,False,1,64.0,63.0,63.5,0.635,36.5,27.0,1.0,78201.54,78203.41,782.339,,7919,False,False,synced,bid>=98,latest_quote,-1.0,1.8700000000098955,0.066856573756094,0.5178687934836804,,,49.88860500845836,0.0374835095046824,0.5149502557921323,70.42590147726823,0.0265527307536629,0.5105917623271856,67.90413634279913,0.027538823122197,0.510985012397033,66.80989801829567,0.0279898646080525,0.5111648825738162,78204.98,3.4400000000023283,0.0573333333333721,0.0,46.72410266670692,0.7464789781610103,0.7543016935708767,0.7578361443603439,78209.85,8.310000000012224,0.0461666666667345,0.0,37.98798383339636,0.7051957965359384,0.7120677271972808,0.7151855567505886,78261.21,59.670000000012806,0.1989000000000426,0.0,157.4772271000433,0.9873263983290028,0.9898054897868044,0.990790714528732,78253.09,51.55000000000291,0.0859166666666715,0.0,69.08595908334702,0.8366971511887888,0.8455194270878619,0.8494477477478382,78230.61,29.070000000006985,0.0323000000000077,0.0,27.13954970001597,0.6500158227951373,0.655301850808702,0.657709700991807,78129.56,-71.97999999999593,-0.0399888888888866,71.97999999999593,-29.41486734443278,0.338093783763876,0.3324411823066037,0.3298682165733343,78138.58,-62.95999999999185,-0.0174888888888866,62.95999999999185,-11.81223984443278,0.4333995037146188,0.4309505538722336,0.4298312755873315,0.1244082376728143,True,0.5727958811635928,0.7109727202187295,0.5105917623271856,heartbeat:7919,two_side_all_heartbeats,0.5729925061985165,0.5105917623271856,0.6681428083639562,0.12440823767281439,0.12401498760296703,2026-05-02 00:30:00+00:00,train,book_p_side,0.635,session_switch:book_margin,2,66.0,-64.0,-66.0,0.66
KXBTC15M-26MAY012045-45,heartbeat:8001,live_heartbeat_two_side,heartbeat:8001:yes,2026-05-02 00:31:14.055000+00:00,2026-05-02 00:31:00+00:00,yes,yes,True,True,1,61.0,60.0,60.5,0.605,39.5,21.0,1.0,78306.71,78281.9,825.945,,8001,False,False,synced,bid>=98,latest_quote,1.0,24.810000000012224,0.8632790469023299,6.686930743565071,,,105.89750341411994,0.2342831436071812,0.5926174143698267,93.41578111575312,0.2655868173844173,0.6047212803542933,83.86312518078873,0.2958392016339461,0.616323558158566,76.09192104872592,0.3260530113850718,0.6278078762930894,78279.04,27.67000000001281,0.4611666666668801,0.0,405.70830250018855,0.9999929737144522,0.9999993433932588,0.9999999513829164,78306.72,-0.0099999999947613,-5.555555552645172e-05,0.0099999999947613,24.764114166702928,0.6045320982834992,0.6161146055163494,0.6275797329694771,78313.64,-6.929999999993015,-0.0230999999999767,6.929999999993015,5.730670500031454,0.5244581117586927,0.5272399670797773,0.5300169498712198,78200.36,106.35000000000582,0.1772500000000097,0.0,171.20875125002024,0.9665809001904324,0.9794007143186808,0.987776331905578,78201.54,105.1700000000128,0.1168555555555697,0.0,121.32626183335732,0.902989753742686,0.926011987881354,0.9445845629719024,78230.61,76.10000000000582,0.042277777777781,0.0,59.72911916668156,0.7387153836498457,0.7618361812735424,0.7837615078573117,78043.27,263.4400000000023,0.0731777777777784,0.0,85.25081966667943,0.8192723339508041,0.8453155431897427,0.8687211379208515,0.0002787196457066,True,0.6048606401771466,0.5780597973709952,0.6047212803542933,heartbeat:8001,two_side_all_heartbeats,0.610661779079283,0.5244581117586927,0.5888080064580266,0.00027871964570669316,0.011323558158566005,2026-05-02 00:45:00+00:00,train,book_p_side,0.605,session_switch:book_margin,2,63.0,39.0,37.0,0.63
KXBTC15M-26MAY012100-00,heartbeat:8108,live_heartbeat_two_side,heartbeat:8108:yes,2026-05-02 00:45:30.373000+00:00,2026-05-02 00:45:00+00:00,yes,yes,True,True,1,64.0,63.0,63.5,0.635,36.5,27.0,1.0,78325.19,78317.17,869.627,,8108,False,False,synced,mid>=95,last_decisive_quote,1.0,8.020000000004075,0.27196177105315,2.106606820187849,,,44.794989142418665,0.1790378824405055,0.5710460218227982,77.86468038250796,0.1029992027271679,0.5410181981396516,84.7743047479066,0.0946041377024931,0.5376853684158837,79.28049982525776,0.1011598062282776,0.5402881985137038,78317.09,8.10000000000582,0.135000000000097,0.0,125.41964500008844,0.9463816438617634,0.9304904297099714,0.9431721829980853,78275.6,49.58999999999651,0.2754999999999806,0.0,247.6022384999872,0.9992633817266702,0.9982538976113317,0.9991052655481604,78244.45,80.74000000000524,0.2691333333333508,0.0,242.06561326668597,0.9990607515587204,0.997850952081289,0.9988682291890394,78305.54,19.65000000000873,0.0327500000000145,0.0,36.50028425001673,0.6803814073479288,0.666605232255626,0.6773833603316415,78279.04,46.15000000000873,0.0512777777777874,0.0,52.61254005556806,0.7503818855028876,0.7325748160585499,0.7465348979122661,78204.98,120.2100000000064,0.0667833333333368,0.0,66.09658981667383,0.8020217486284598,0.782209539272795,0.79777652477119,78095.66,229.52999999999884,0.063758333333333,0.0,63.46596814167046,0.7924868304026373,0.7729647858666884,0.7882964603768134,0.0939818018603484,True,0.5880090990698258,0.725026316566124,0.5410181981396516,heartbeat:8108,two_side_all_heartbeats,0.5863426842079418,0.5410181981396516,0.6796176097536395,0.09398180186034844,0.09731463158411635,2026-05-02 01:00:00+00:00,train,book_p_side,0.635,session_switch:book_margin,2,66.0,36.0,34.0,0.66
KXBTC15M-26MAY012115-15,heartbeat:8218,live_heartbeat_two_side,heartbeat:8218:no,2026-05-02 01:03:31.868000+00:00,2026-05-02 01:03:00+00:00,no,yes,True,False,1,61.0,60.0,60.5,0.605,39.5,21.0,1.0,78311.88,78317.62,688.132,,8218,False,False,synced,bid>=98,last_decisive_quote,-1.0,5.739999999990687,0.2188144585117759,1.6949295074510042,,,104.75948413833724,0.0547921751162013,0.5218479828040093,81.37727708075741,0.0705356606401859,0.5281163409325947,75.5452521561421,0.0759809496449474,0.5302828728197977,76.0438000714049,0.0754828137810162,0.5300847144305673,78310.13,-1.75,-0.0291666666666666,1.75,-14.33051666667598,0.4301077958216296,0.4247742767085882,0.4252616313704471,78346.02,34.13999999999942,0.1896666666666634,0.0,136.2557026666551,0.9529710852105432,0.9643553553518645,0.9634179398923074,78328.01,16.129999999990105,0.0537666666666336,0.0,42.73856386663466,0.7002745775136313,0.714212898506268,0.7129507181072359,78366.16,54.27999999999884,0.0904666666666647,0.0,67.993008266656,0.79828980654994,0.8159479098237716,0.8143737081247523,78296.35,-15.529999999998836,-0.0172555555555542,15.529999999998836,-6.134099955563977,0.469956768469647,0.4676423683350289,0.4678540457543785,78346.0,34.11999999999534,0.0189555555555529,0.0,18.78392435554446,0.5912746893909736,0.5981821744730101,0.5975515146109703,78234.06,-77.82000000000698,-0.0216166666666686,77.82000000000698,-9.135120066677311,0.4553100559814866,0.4518762138615336,0.4521901966442119,0.0768836590674052,True,0.5665581704662974,0.6111303061487421,0.5281163409325947,heartbeat:8218,two_side_all_heartbeats,0.5676414364098988,0.5281163409325947,0.6009898177825047,0.07688365906740524,0.07471712718020229,2026-05-02 01:15:00+00:00,train,book_p_side,0.605,session_switch:book_margin,2,63.0,-61.0,-63.0,0.63
KXBTC15M-26MAY012130-30,heartbeat:8291,live_heartbeat_two_side,heartbeat:8291:no,2026-05-02 01:17:03.084000+00:00,2026-05-02 01:17:00+00:00,no,no,True,True,1,68.0,67.0,67.5,0.675,32.5,35.0,1.0,78333.94,78356.61,776.916,,8291,False,False,synced,bid>=98,latest_quote,-1.0,22.669999999998254,0.8133256845180078,6.299993662361983,,,68.15129808703121,0.3326422333298479,0.6302978202458068,52.11407725414729,0.4350072225100014,0.6682214075273918,74.78212379196816,0.3031473144980817,0.6191112011073512,77.44318441008161,0.2927307312152192,0.6151360108953331,78358.01,24.069999999992437,0.4011666666665405,0.0,334.3428019999003,0.999999999929863,0.9999961052992808,0.9999921013014872,78355.15,21.20999999999185,0.117833333333288,0.0,114.21660199996307,0.9857981496238916,0.9366598833854156,0.9298727315440508,78369.01,35.06999999999243,0.1168999999999747,0.0,113.49148039997866,0.9852877076702832,0.935445957706226,0.92860507229862,78313.86,-20.080000000001743,-0.0334666666666695,20.080000000001743,-3.330788800004012,0.4745195840772825,0.4822370213769467,0.4828470002413632,78310.13,-23.80999999999767,-0.0264555555555529,23.80999999999767,2.116255600000265,0.5161958515253303,0.5112881410733435,0.5109003623599784,78334.41,0.4700000000011641,0.0002611111111117,0.0,22.87286139999876,0.6696329522246951,0.6201443838357183,0.616136820952622,78184.44,-149.5,-0.0415277777777777,149.5,-9.593595000001748,0.4269720690119095,0.4489608168519858,0.4507054852168363,0.0067785924726082,True,0.6716107037636959,0.7761697050658917,0.6682214075273918,heartbeat:8291,two_side_all_heartbeats,0.6470556005536756,0.6682214075273918,0.7350239637922742,0.006778592472608258,0.05588879889264886,2026-05-02 01:30:00+00:00,train,book_p_side,0.675,session_switch:book_margin,2,70.0,32.0,30.0,0.7
KXBTC15M-26MAY012145-45,heartbeat:8352,live_heartbeat_two_side,heartbeat:8352:yes,2026-05-02 01:30:49.411000+00:00,2026-05-02 01:30:00+00:00,yes,no,True,False,1,63.0,62.0,62.5,0.625,37.5,25.0,1.0,78345.4,78343.9,850.589,,8352,False,False,synced,bid>=98,last_decisive_quote,1.0,1.5,0.0514317590368583,0.3983886924318102,,,59.978137095250325,0.025009112864207,0.5099761525657334,55.670291900476656,0.0269443530614423,0.5107479411409548,56.0546334020442,0.0267596077070285,0.5106742649741854,71.4085834065975,0.0210058781233491,0.5083795166765173,78355.15,-9.75,-0.1625,9.75,-136.72071250000002,0.007026597894901,0.0073627257872032,0.027770124459478,78330.27,15.129999999990105,0.0840555555555005,0.0,72.99673094439768,0.9051104932559308,0.903583264808598,0.8466664067968821,78342.01,3.389999999999418,0.011299999999998,0.0,11.11165569999835,0.579102340824982,0.5785670629168174,0.5618284875756047,78312.91,32.48999999999069,0.0541499999999844,0.0,47.5593943499868,0.8035319197333355,0.8019055051755235,0.7473001685791765,78378.09,-32.69000000000233,-0.0363222222222248,32.69000000000233,-29.39528267777998,0.2987411368022482,0.2999987335117295,0.3402983004354066,78346.02,-0.6200000000098953,-0.0003444444444499,0.6200000000098953,1.2070193444397683,0.5086490174343969,0.5085897241943019,0.5067430006023094,78279.04,66.36000000000058,0.0184333333333334,0.0,17.179190566666804,0.6211825694859586,0.6203774537848991,0.595058119109688,0.1142520588590452,True,0.5678739705704774,0.5716167606553123,0.5107479411409548,heartbeat:8352,two_side_all_heartbeats,0.5678371324870928,0.5107479411409548,0.5815448505072829,0.11425205885904521,0.11432573502581456,2026-05-02 01:45:00+00:00,train,book_p_side,0.625,session_switch:book_margin,2,65.0,-63.0,-65.0,0.65
KXBTC15M-26MAY012200-00,heartbeat:8484,live_heartbeat_two_side,heartbeat:8484:no,2026-05-02 01:53:06.600000+00:00,2026-05-02 01:53:00+00:00,no,no,True,True,1,66.0,64.0,65.0,0.65,35.0,30.0,2.0,78317.5,78332.89,413.4,,8484,False,False,synced,bid>=98,latest_quote,-1.0,15.389999999999418,0.7569259310009978,5.863123050158818,,,22.64786400569374,0.6795342817375769,0.7516003031036604,47.07004063911487,0.3269595647472298,0.6281507657639116,53.07978381747343,0.2899408945017812,0.614069272290851,48.72816326682784,0.3158337800611562,0.6239356616558723,78333.08,15.580000000001746,0.2596666666666957,0.0,122.73620000001144,0.99543999899004,0.989619326140635,0.9941121217600062,78337.96,20.460000000006403,0.1136666666667022,0.0,62.37980000001412,0.9074566819638764,0.8800442953519307,0.8997554006336735,78336.99,19.49000000000524,0.0649666666666841,0.0,42.24722000000664,0.8152844429253081,0.7869605047108124,0.8070284466976214,78330.0,12.5,0.0208333333333333,0.0,24.00249999999941,0.6949503002719445,0.6744363364538813,0.6888451733943606,78366.35,48.85000000000582,0.0542777777777842,0.0,37.82843333333543,0.789204083237335,0.7619753796707435,0.7812186680070098,78313.24,-4.259999999994761,-0.0023666666666637,4.259999999994761,14.41162000000062,0.6202638950814701,0.6070000728903046,0.6162915774295886,78366.16,48.66000000000349,0.0135166666666676,0.0,20.977789999999818,0.6720828331984257,0.6536569375825858,0.6665863726680014,0.0218492342360884,True,0.6390753828819558,0.6978117362297399,0.6281507657639116,heartbeat:8484,two_side_all_heartbeats,0.6320346361454254,0.6281507657639116,0.6765021183142351,0.021849234236088422,0.03593072770914907,2026-05-02 02:00:00+00:00,train,book_p_side,0.65,session_switch:book_margin,2,68.0,34.0,32.0,0.68
KXBTC15M-26MAY012215-15,heartbeat:8519,live_heartbeat_two_side,heartbeat:8519:yes,2026-05-02 02:00:22.208000+00:00,2026-05-02 02:00:00+00:00,yes,no,True,False,1,63.0,62.0,62.5,0.625,37.5,25.0,1.0,78348.01,78314.97,877.792,,8519,False,False,synced,mid>=95,latest_quote,1.0,33.0399999999936,1.1151780930800816,8.638132365109,,,99.14070233651164,0.3332637274229354,0.6305323914103869,73.40647175058882,0.450096554323612,0.673679589392794,82.03626710372761,0.402748700866867,0.6564334485120542,70.01368645988339,0.4719077321964033,0.6815036756262346,78302.79,45.22000000000117,0.753666666666686,0.0,694.6025706666773,1.0,1.0,1.0,78303.26,44.75,0.2486111111111111,0.0,251.2688444444381,0.9996903062036632,0.9989039818099116,0.9998339321206684,78338.01,10.0,0.0333333333333333,0.0,62.29973333332693,0.8019745907870951,0.7761984171609262,0.8132193210392284,78337.96,10.049999999988358,0.0167499999999805,0.0,47.74301599997656,0.7422806278928489,0.7197080733265023,0.7523519926422023,78370.99,-22.98000000001048,-0.0255333333333449,22.98000000001048,10.627044266650046,0.557553708138192,0.5515351312926625,0.5603218383533131,78345.4,2.610000000000582,0.0014500000000003,0.0,34.31279839999388,0.6799058724594779,0.6621228623750576,0.6879638358672936,78346.02,1.9899999999906868,0.0005527777777751,0.0,33.52522391110244,0.6760590453396704,0.6586066698728723,0.6839731119481282,-0.048679589392794,True,0.649339794696397,0.7002180600599631,0.625,heartbeat:8519,two_side_all_heartbeats,0.6407167242560271,0.625,0.6749987949752573,0.04867958939279404,0.03143344851205421,2026-05-02 02:15:00+00:00,train,book_p_side,0.625,session_switch:book_margin,2,65.0,-63.0,-65.0,0.65
KXBTC15M-26MAY012230-30,heartbeat:8613,live_heartbeat_two_side,heartbeat:8613:yes,2026-05-02 02:17:53.718000+00:00,2026-05-02 02:17:00+00:00,yes,no,True,False,1,61.0,60.0,60.5,0.605,39.5,21.0,1.0,78313.16,78311.84,726.282,,8613,False,False,synced,bid>=98,latest_quote,1.0,1.320000000006985,0.0489802830798908,0.3793996413218847,,,80.24581831461398,0.0164494552829127,0.5065620872673219,71.92215980909447,0.01835317520373,0.5073214465412383,64.6643807598845,0.0204130927180526,0.5081430802257992,66.69903253439946,0.019790392001956,0.5078947087721678,78296.24,16.919999999998254,0.2819999999999709,0.0,206.13152399998583,0.9979217673823904,0.9992829874360656,0.9990008083621648,78327.47,-14.309999999997672,-0.079499999999987,14.309999999997672,-56.41941899998363,0.2163877255670843,0.1914689017272851,0.1988096723838286,78292.36,20.80000000000291,0.069333333333343,0.0,51.67555200001403,0.7637732486282975,0.7878938512037026,0.7807584115215227,78344.0,-30.839999999996508,-0.0513999999999941,30.839999999996508,-36.01089479998879,0.3082937326498487,0.2888015694856292,0.2946325484573172,78329.51,-16.34999999999127,-0.0181666666666569,16.34999999999127,-11.87412299998597,0.4344338708536991,0.4271530598609042,0.4293515078212002,78325.99,-12.830000000001746,-0.0071277777777787,12.830000000001746,-3.85677669999372,0.4786172410921454,0.476219991052264,0.4769445785963366,78333.94,-20.77999999999884,-0.0057722222222218,20.77999999999884,-2.87226109999278,0.484072198521185,0.4822856153521244,0.4828256528672429,0.0976785534587616,True,0.5561607232706192,0.6253648983898453,0.5073214465412383,heartbeat:8613,two_side_all_heartbeats,0.5565715401128997,0.5073214465412383,0.607451083688031,0.09767855345876164,0.09685691977420074,2026-05-02 02:30:00+00:00,train,book_p_side,0.605,session_switch:book_margin,2,63.0,-61.0,-63.0,0.63
KXBTC15M-26MAY012245-45,heartbeat:8680,live_heartbeat_two_side,heartbeat:8680:yes,2026-05-02 02:33:10.048000+00:00,2026-05-02 02:33:00+00:00,yes,yes,True,True,1,67.0,66.0,66.5,0.665,33.5,33.0,1.0,78284.01,78267.12,709.952,,8680,False,False,synced,bid>=98,latest_quote,1.0,16.889999999999418,0.63389183253865,4.910105021438184,,,45.13464349282065,0.3742136570256953,0.6458773179460175,45.369693869790815,0.3722749386071026,0.6451559220324528,58.73190148645613,0.2875779529102141,0.613165088353582,65.07576833704378,0.259543612493699,0.602392081692975,78260.02,23.989999999990687,0.3998333333331781,0.0,300.7524746665559,0.9999999999830934,0.9999998478535408,0.9999980958022084,78266.17,17.839999999996508,0.0991111111110917,0.0,87.25413155554119,0.9727713364129572,0.9313120708091585,0.9100086527355866,78275.56,8.44999999999709,0.0281666666666569,0.0,36.88698133332586,0.7918999444993673,0.7350166968319983,0.7145855931386297,78324.02,-40.01000000000931,-0.0666833333333488,40.01000000000931,-30.45196586667827,0.2510477763490825,0.3020578479446023,0.3199114914059419,78320.55,-36.54000000000815,-0.040600000000009,36.54000000000815,-11.934051200007008,0.3962598155840816,0.4194911608098096,0.4272471800291986,78335.29,-51.27999999999884,-0.0284888888888882,51.27999999999884,-3.335743644444566,0.4706947287201507,0.4773538056277637,0.4795594171442667,78386.28,-102.27000000000407,-0.0284083333333344,102.27000000000407,-3.278553066668053,0.4711962794583035,0.4777416629153161,0.4799095673711508,0.0198440779675472,True,0.6550779610162264,0.70068528884394,0.6451559220324528,heartbeat:8680,two_side_all_heartbeats,0.639082544176791,0.6451559220324528,0.6844267655096093,0.01984407796754728,0.05183491164641807,2026-05-02 02:45:00+00:00,train,book_p_side,0.665,session_switch:book_margin,2,69.0,33.0,31.0,0.69
KXBTC15M-26MAY012300-00,heartbeat:8753,live_heartbeat_two_side,heartbeat:8753:yes,2026-05-02 02:46:11.323000+00:00,2026-05-02 02:46:00+00:00,yes,no,True,False,1,61.0,59.0,60.0,0.6,40.0,20.0,2.0,78396.68,78377.62,828.677,,8753,False,False,synced,bid>=98,latest_quote,1.0,19.05999999999767,0.6621101624518257,5.128683265061217,,,79.76531253390718,0.23895098501489,0.5944282049448382,65.0113779441474,0.2931794495476239,0.6153075044159941,59.43507833442284,0.320686041545246,0.625775836850175,64.05650352673688,0.2975498029180147,0.616976604280467,78362.02,34.65999999998894,0.5776666666664824,0.0,497.7590803331783,0.9999999999999905,1.0,0.999999999999996,78388.65,8.029999999998836,0.0446111111111046,0.0,56.02820172221453,0.8056071175979542,0.8270774475455969,0.8091228302787108,78393.21,3.469999999986612,0.011566666666622,0.0,28.645030633294024,0.6702543649340403,0.6850810278997734,0.6726288212413227,78310.17,86.50999999999476,0.1441833333333246,0.0,138.5414121166571,0.9834568010740868,0.9901225414135654,0.9847217209706312,78263.44,133.2399999999907,0.1480444444444341,0.0,141.741026088878,0.985380514949418,0.9914558938384824,0.9865425557966778,78296.24,100.43999999998778,0.0557999999999932,0.0,65.30017659999204,0.8424172599526155,0.864046329601137,0.8459970655254672,78334.94,61.73999999999069,0.0171499999999974,0.0,33.27181054999553,0.6955990533205908,0.7121923763362148,0.6982637787643265,-0.0153075044159941,True,0.607653752207997,0.6285206231166781,0.6,heartbeat:8753,two_side_all_heartbeats,0.6128879184250875,0.6,0.6186431243116063,0.015307504415994155,0.025775836850175038,2026-05-02 03:00:00+00:00,train,book_p_side,0.6,session_switch:book_margin,2,63.0,-61.0,-63.0,0.63
KXBTC15M-26MAY012315-15,heartbeat:8839,live_heartbeat_two_side,heartbeat:8839:no,2026-05-02 03:06:12.956000+00:00,2026-05-02 03:06:00+00:00,no,no,True,True,1,62.0,61.0,61.5,0.615,38.5,23.0,1.0,78349.49,78358.79,527.044,,8839,False,False,synced,bid>=98,latest_quote,-1.0,9.299999999988358,0.4050974522015746,3.137871371935508,,,68.33518092294331,0.1360938812831315,0.5541264677232495,68.8317465684075,0.1351120734782703,0.5537383677712215,70.83184495495597,0.131296876509464,0.5522297687064801,61.27946484308392,0.1517637274379358,0.560313354003299,78371.01,21.519999999989523,0.358666666666492,0.0,198.33311466656295,0.998020556247724,0.99744531091232,0.9993950474334008,78354.89,5.399999999994179,0.0299999999999676,0.0,25.111319999971315,0.6423777753918234,0.6385254666539844,0.6590176528942651,78388.2,38.70999999999185,0.1290333333333061,0.0,77.30624413330737,0.8693065265765058,0.8624526880367578,0.8964420808978747,78424.65,75.15999999998894,0.1252666666666482,0.0,75.32104506664531,0.8630833978892649,0.8561947794669307,0.8904903511020832,78423.44,73.94999999999709,0.0821666666666634,0.0,52.60544866665332,0.7776442656334337,0.7711625104958566,0.8046784004421954,78310.17,-39.320000000006985,-0.0218444444444483,39.320000000006985,-2.212983377791465,0.4871759673762674,0.487537963612405,0.4855961408906011,78348.22,-1.2700000000040743,-0.0003527777777789,1.2700000000040743,9.11407058887665,0.5526703363895215,0.5511913785202167,0.5591165001072974,0.0612616322287784,True,0.5843691838856108,0.679348298115909,0.5537383677712215,heartbeat:8839,two_side_all_heartbeats,0.58361488435324,0.5537383677712215,0.6474828156466677,0.06126163222877845,0.06277023129351988,2026-05-02 03:15:00+00:00,train,book_p_side,0.615,session_switch:book_margin,2,64.0,38.0,36.0,0.64
KXBTC15M-26MAY012330-30,heartbeat:8884,live_heartbeat_two_side,heartbeat:8884:no,2026-05-02 03:15:59.038000+00:00,2026-05-02 03:15:00+00:00,no,yes,True,False,1,65.0,64.0,64.5,0.645,35.5,29.0,1.0,78269.55,78277.2,840.962,,8884,False,False,synced,bid>=98,latest_quote,-1.0,7.649999999994179,0.2637990633039872,2.043378757842917,,,73.77465970507846,0.1036941414650479,0.5412939619871114,74.97386672854577,0.1020355536375382,0.5406357726884207,88.92964381484113,0.0860230590366707,0.5342759566460404,74.2269045951465,0.1030623604974414,0.5410432610651293,78276.01,6.459999999991851,0.1076666666665308,0.0,98.1935753332133,0.9048520099836944,0.8652406179504484,0.9070630010821226,78268.54,-1.0100000000093132,-0.0056111111111628,1.0100000000093132,2.9312687777284463,0.515593556070563,0.5131474194713079,0.5157503964027098,78292.56,23.00999999999476,0.0766999999999825,0.0,72.15178539997949,0.8320653827645972,0.7914135126923602,0.8344855634977908,78371.01,101.45999999999184,0.1690999999999864,0.0,149.85667419998276,0.9771842138137188,0.9540168041643534,0.9782511764327076,78358.1,88.55000000000291,0.0983888888888921,0.0,90.39131677777468,0.886021382987428,0.8452891629315753,0.8883443552479358,78362.02,92.47000000000116,0.0513722222222228,0.0,50.85208674443916,0.7511978907475843,0.7162793237258769,0.7533563357927543,78291.56,22.00999999999476,0.0061138888888874,0.0,12.791548227770733,0.5677361296657183,0.557186184760106,0.5684110861248565,0.1043642273115793,True,0.5928178863442104,0.6725670518176727,0.5406357726884207,heartbeat:8884,two_side_all_heartbeats,0.5896379783230202,0.5406357726884207,0.6511038083594457,0.10436422731157935,0.11072404335395958,2026-05-02 03:30:00+00:00,train,book_p_side,0.645,session_switch:book_margin,2,67.0,-65.0,-67.0,0.67
KXBTC15M-26MAY012345-45,heartbeat:8949,live_heartbeat_two_side,heartbeat:8949:no,2026-05-02 03:30:45.481000+00:00,2026-05-02 03:30:00+00:00,no,yes,True,False,1,62.0,61.0,61.5,0.615,38.5,23.0,1.0,78382.85,78389.01,854.519,,8949,False,False,synced,bid>=98,latest_quote,-1.0,6.1599999999889405,0.2107268379252007,1.6322830677665037,,,107.36811406222634,0.0573727130609637,0.5228758504943507,74.27438172911579,0.0829357290708244,0.5330486778996301,78.0808431087409,0.0788925907397041,0.5314409716965482,80.76502705135832,0.0762706362504133,0.5303981066722251,78390.13,7.279999999998836,0.1213333333333139,0.0,109.84163866663904,0.9304115396579672,0.9202519164423252,0.9130873925965342,78362.09,-20.760000000009317,-0.115333333333385,20.760000000009317,-92.39452466672196,0.1067567342260992,0.1183414248126591,0.1263135291338896,78345.39,-37.4600000000064,-0.124866666666688,37.4600000000064,-100.54093913336264,0.0879252748012542,0.098933597382655,0.1065920917543963,78292.88,-89.97000000000116,-0.1499500000000019,89.97000000000116,-121.97512405001272,0.0502718625623208,0.0591246163848173,0.0654902298616694,78269.55,-113.30000000000292,-0.1258888888888921,113.30000000000292,-101.41444744445828,0.0860632449964184,0.0969995865261686,0.1046173128834622,78358.1,-24.75,-0.01375,24.75,-5.58963625001106,0.4700052822008593,0.4714649722829133,0.4724117799928006,78266.17,-116.68000000000757,-0.0324111111111132,116.68000000000757,-21.53591025556841,0.3859269703062433,0.3913448719440685,0.3948697286793505,0.0819513221003699,True,0.574024338949815,0.4119913175669614,0.5330486778996301,heartbeat:8949,two_side_all_heartbeats,0.5732204858482741,0.0879252748012542,0.4849996583301399,0.08195132210036993,0.08355902830345174,2026-05-02 03:45:00+00:00,train,book_p_side,0.615,session_switch:book_margin,2,64.0,-62.0,-64.0,0.64
KXBTC15M-26MAY020000-00,heartbeat:9070,live_heartbeat_two_side,heartbeat:9070:no,2026-05-02 03:46:01.655000+00:00,2026-05-02 03:46:00+00:00,no,yes,True,False,1,61.0,60.0,60.5,0.605,39.5,21.0,1.0,78383.98,78396.72,838.345,,9070,False,False,synced,bid>=98,latest_quote,-1.0,12.74000000000524,0.4400054327484372,3.4082674265509696,,,29.194463475893507,0.4363841113410058,0.6687209675760662,80.58303572811674,0.1580977917360842,0.5628101296657813,75.82688787699443,0.1680142803786426,0.5667139776685624,81.93188598191945,0.1554950169561173,0.5617844589717229,78400.73,16.75,0.2791666666666667,0.0,246.7779791666719,0.9989021731996008,0.9994320226536928,0.998702292067188,78403.6,19.62000000000989,0.1090000000000549,0.0,104.11960500005132,0.9018350133569027,0.9151428645651712,0.8981013210378416,78420.89,36.91000000000349,0.1230333333333449,0.0,115.88437983334832,0.924793490489682,0.9367779328356204,0.9213776122242138,78479.73,95.75,0.1595833333333333,0.0,146.52588958333857,0.9654925176876332,0.9733433057521936,0.9631431741836752,78375.02,-8.959999999991851,-0.0099555555555465,8.959999999991851,4.393809777790608,0.5217416521079659,0.5231038897891571,0.5213840636689827,78251.35,-132.6299999999901,-0.0736833333333278,132.6299999999901,-49.03205408332349,0.2714391561290948,0.2589352337398686,0.2747701941422796,78396.68,12.69999999999709,0.0035277777777769,0.0,15.697494861115672,0.5772248478206351,0.5820019150586652,0.5759690998495862,0.0421898703342187,True,0.5839050648328906,0.6975345400518211,0.5628101296657813,heartbeat:9070,two_side_all_heartbeats,0.5858569888342812,0.5628101296657813,0.6563017369976708,0.042189870334218726,0.03828602233143763,2026-05-02 04:00:00+00:00,train,book_p_side,0.605,session_switch:book_margin,2,63.0,-61.0,-63.0,0.63
KXBTC15M-26MAY020015-15,heartbeat:9132,live_heartbeat_two_side,heartbeat:9132:no,2026-05-02 04:00:18.206000+00:00,2026-05-02 04:00:00+00:00,no,no,True,True,1,57.0,55.0,56.0,0.56,44.0,12.0,2.0,78409.63,78434.29,881.794,,9132,False,False,synced,bid>=98,latest_quote,-1.0,24.65999999998894,0.8304423763831938,6.4325789874340416,,,123.85369501933528,0.1991058885739272,0.5789100424817342,74.04338399303093,0.333047987141025,0.6304509698312277,76.34323778125315,0.323014856543646,0.6266580046095235,77.1956881668955,0.319447893860011,0.6253065511662862,78438.76,29.129999999990105,0.485499999999835,0.0,452.7709869998435,0.9999999995170392,0.9999999984920288,0.9999999977575385,78424.99,15.360000000000582,0.0853333333333365,0.0,99.90642133332511,0.9113790005586292,0.9046731841126816,0.9022012936169388,78403.3,-6.330000000001746,-0.0211000000000058,6.330000000001746,6.054146599983806,0.5325831481823353,0.5316036628174835,0.531255391321812,78381.0,-28.630000000004657,-0.0477166666666744,28.630000000004657,-17.41627036668457,0.4070201155808019,0.4097721434957846,0.4107516196960125,78400.73,-8.900000000008731,-0.0098888888888985,8.900000000008731,15.940037111091495,0.5852253701719919,0.5826956109638934,0.581795403744458,78382.85,-26.77999999999884,-0.0148777777777771,26.77999999999884,11.540864822211734,0.5619307768231975,0.5600794899900401,0.5594210046162706,78358.1,-51.52999999999884,-0.0143138888888885,51.52999999999884,12.038098661100337,0.5645760986281675,0.5626470519623014,0.5619608788959294,-0.0704509698312276,True,0.5952254849156139,0.574344706004521,0.56,heartbeat:9132,two_side_all_heartbeats,0.5933290023047617,0.5325831481823353,0.5756519205858355,0.07045096983122767,0.06665800460952342,2026-05-02 04:15:00+00:00,train,brownian_p_rv_15m,0.6304509698312277,session_switch:frontier_v2,2,59.0,43.0,41.0,0.59
KXBTC15M-26MAY020030-30,heartbeat:9201,live_heartbeat_two_side,heartbeat:9201:no,2026-05-02 04:16:04.780000+00:00,2026-05-02 04:16:00+00:00,no,no,True,True,1,54.0,53.0,53.5,0.535,46.5,7.0,1.0,78268.17,78283.39,835.22,,9201,False,False,synced,bid>=98,latest_quote,-1.0,15.220000000001164,0.5266404458826954,4.079339352685856,,,76.0027030014801,0.2002560356268482,0.5793598277358786,95.32382634008844,0.1596662721626439,0.5634280145479571,87.8974805177216,0.173156271492134,0.5687357026730718,82.74764654591517,0.1839327235917925,0.5729668834854501,78293.85,25.680000000007567,0.4280000000001261,0.0,372.69416000010654,0.9999538078252797,0.99998882901833,0.999996665454431,78275.58,7.410000000003492,0.041166666666686,0.0,49.60322333335071,0.6985955479621937,0.7137353635449488,0.7255641690823957,78269.81,1.639999999999418,0.0054666666666647,0.0,19.78586933333288,0.5822155977483371,0.589049907660304,0.594490228909863,78397.09,128.91999999999825,0.2148666666666637,0.0,194.68093733333208,0.9794396740547864,0.9866152887095808,0.9906813343654676,78434.74,166.57000000000698,0.1850777777777855,0.0,169.8006615555632,0.9625685551100828,0.9733081187689752,0.9799166314567372,78383.98,115.80999999999769,0.0643388888888876,0.0,68.95712677777786,0.7652824981621894,0.7836317916378781,0.797674190054869,78251.35,-16.819999999992433,-0.0046722222222201,16.819999999992433,11.317666555558477,0.5472548201166606,0.5512261626420158,0.5543949954324677,-0.028428014547957,True,0.5492140072739786,0.5602145374320981,0.535,heartbeat:9201,two_side_all_heartbeats,0.5518678513365359,0.535,0.5529715239140546,0.02842801454795707,0.0337357026730718,2026-05-02 04:30:00+00:00,train,brownian_p_rv_15m,0.5634280145479571,session_switch:frontier_v2,2,56.0,46.0,44.0,0.56
KXBTC15M-26MAY020045-45,heartbeat:9267,live_heartbeat_two_side,heartbeat:9267:no,2026-05-02 04:31:06.056000+00:00,2026-05-02 04:31:00+00:00,no,no,True,True,1,48.0,47.0,47.5,0.475,52.5,-5.0,1.0,78272.25,78278.98,833.944,,9267,False,False,synced,bid>=98,latest_quote,-1.0,6.7299999999959255,0.2330486653052033,1.8051871991658373,,,50.4022917835761,0.1335256743660401,0.5531111695697546,51.44031199769922,0.1308312437976064,0.5520455967779795,78.24423616647414,0.0860127254060865,0.5342718493471446,77.54789537556523,0.0867850760797887,0.5345788247871904,78281.05,8.80000000000291,0.1466666666667151,0.0,129.04178666670305,0.9939390070547456,0.9504484882289465,0.9519464765977936,78263.72,-8.529999999998836,-0.0473888888888824,8.529999999998836,-32.78967955555424,0.2619218804809764,0.3375831061941906,0.336209164593119,78268.66,-3.5899999999965075,-0.011966666666655,3.5899999999965075,-3.249529866661032,0.4748152157238547,0.4834364503684763,0.4832878047345157,78293.56,21.30999999999767,0.0355166666666627,0.0,36.34891106665936,0.7600996250872968,0.6788756499785684,0.6803681546041931,78268.17,-4.080000000001746,-0.0045333333333352,4.080000000001746,2.9494538666609738,0.5228617867149128,0.515034759181885,0.5151696989019294,78434.74,162.49000000000524,0.0902722222222251,0.0,82.01197808888723,0.9445670696980746,0.8527160785658872,0.8548732089867359,78375.02,102.77000000000407,0.0285472222222233,0.0,30.53678468888576,0.7236219648863842,0.6518334690473895,0.6531281425688445,-0.0770455967779795,True,0.5135227983889897,0.5006202708339448,0.475,heartbeat:9267,two_side_all_heartbeats,0.5046359246735723,0.4748152157238547,0.49807672217816473,0.07704559677797951,0.05927184934714458,2026-05-02 04:45:00+00:00,train,brownian_p_rv_15m,0.5520455967779795,session_switch:frontier_v2,2,50.0,52.0,50.0,0.5
KXBTC15M-26MAY020100-00,heartbeat:9338,live_heartbeat_two_side,heartbeat:9338:no,2026-05-02 04:47:07.429000+00:00,2026-05-02 04:47:00+00:00,no,no,True,True,1,72.0,71.0,71.5,0.715,28.5,43.0,1.0,78169.92,78224.05,772.571,,9338,False,False,synced,bid>=98,latest_quote,-1.0,54.13000000000466,1.9474612550275543,15.084970016211823,,,95.66301321532312,0.5658404244299322,0.7142488682454541,76.50903957423616,0.7074980982800433,0.7603715029590435,63.06404311074611,0.8583338037009065,0.8046459156754356,74.4989250932769,0.7265876646170507,0.7662607064838606,78227.15,57.229999999995925,0.9538333333332656,0.0,791.0339721666189,1.0,1.0,1.0,78227.15,57.229999999995925,0.3179444444444218,0.0,299.7646573888761,0.9999553620683476,0.9999989995684976,0.9999713599991018,78227.14,57.22000000000117,0.1907333333333372,0.0,201.48504206667437,0.99577426203621,0.9993006700092494,0.9965800094914168,78282.5,112.58000000000176,0.1876333333333362,0.0,199.0900719666736,0.99536830011847,0.9992028583751762,0.996234330264154,78272.24,102.32000000000698,0.1136888888888966,0.0,141.96273857778843,0.9682377714483384,0.987810031853108,0.9716468360428536,78285.96,116.04000000000816,0.0644666666666712,0.0,103.9350771333415,0.9128423750423916,0.9503326675016406,0.9185104487205388,78374.09,204.16999999999825,0.0567138888888884,0.0,97.94550585278206,0.8997594567983469,0.93980177930968,0.9056986184628162,-0.0453715029590435,True,0.7376857514795218,0.8237152549984179,0.715,heartbeat:9338,two_side_all_heartbeats,0.7598229578377178,0.715,0.784766303294955,0.045371502959043575,0.08964591567543567,2026-05-02 05:00:00+00:00,train,brownian_p_rv_15m,0.7603715029590435,session_switch:frontier_v2,2,74.0,28.0,26.0,0.74
KXBTC15M-26MAY020115-15,heartbeat:9415,live_heartbeat_two_side,heartbeat:9415:no,2026-05-02 05:01:38.660000+00:00,2026-05-02 05:01:00+00:00,no,no,True,True,1,61.0,60.0,60.5,0.605,39.5,21.0,1.0,78158.19,78174.98,801.34,,9415,False,False,synced,bid>=98,latest_quote,-1.0,16.789999999993597,0.5931196129648986,4.5942847666440825,,,72.25319370837904,0.2323772713460899,0.5918774996815568,85.74361355248234,0.1958163331863392,0.5776230372374319,72.3878668055881,0.2319449479715496,0.5917096135553463,73.94224047141815,0.2270691271044681,0.5898150049783373,78179.38,21.19000000000233,0.3531666666667055,0.0,299.7965766666914,0.9997642362548658,0.9999827502199244,0.9999748759231476,78153.48,-4.710000000006403,-0.0261666666667022,4.710000000006403,-4.178396666701573,0.4805667209116084,0.476984901469573,0.4774681920988203,78199.45,41.25999999999476,0.1375333333333158,0.0,127.00096133331296,0.93071950570872,0.960323365785222,0.9570624462872572,78191.12,32.929999999993015,0.0548833333333216,0.0,60.7702103333176,0.7607581006975558,0.7994079151318487,0.7944218658244249,78227.15,68.95999999999185,0.0766222222222131,0.0,78.1904515555419,0.8190919297917549,0.8599644494263197,0.8548475762799779,78272.25,114.05999999999769,0.0633666666666653,0.0,67.56824466665924,0.7846594142889596,0.8246982856386735,0.8195884060104854,78434.74,276.5500000000029,0.0768194444444452,0.0,78.34849361110537,0.819576705148623,0.8604499046722915,0.855334525330621,0.027376962762568,True,0.5913115186187159,0.704447514315384,0.5776230372374319,heartbeat:9415,two_side_all_heartbeats,0.5983548067776732,0.5776230372374319,0.6619308123129736,0.02737696276256807,0.013290386444653635,2026-05-02 05:15:00+00:00,train,book_p_side,0.605,session_switch:book_margin,2,63.0,39.0,37.0,0.63
KXBTC15M-26MAY020130-30,heartbeat:9482,live_heartbeat_two_side,heartbeat:9482:yes,2026-05-02 05:16:55.296000+00:00,2026-05-02 05:16:00+00:00,yes,no,True,False,1,61.0,60.0,60.5,0.605,39.5,21.0,1.0,78090.96,78085.19,784.704,,9482,False,False,synced,bid>=98,last_decisive_quote,1.0,5.7700000000040745,0.2059789689697387,1.5955062329775451,,,53.42997387310918,0.1079918177333802,0.5429989086228925,74.09831120645684,0.0778695209925551,0.5310340777527442,78.23185521462015,0.0737551216723001,0.5293973812843967,66.75149955220098,0.0864400056734578,0.5344416770020215,78092.35,-1.389999999999418,-0.0231666666666569,1.389999999999418,-12.40897599998831,0.4335015490946762,0.4369849454059227,0.4262623416215599,78076.72,14.24000000000524,0.0791111111111402,0.0,67.84880533336025,0.8200771822512882,0.8071052805646435,0.8452897302393303,78107.19,-16.229999999995925,-0.0540999999999864,16.229999999995925,-36.68248639998527,0.3102818540055533,0.3195725249856031,0.2913181426633358,78171.77,-80.80999999999767,-0.1346833333333294,80.80999999999767,-99.91655039999289,0.0887597031240683,0.1007684743128092,0.0672169879932962,78158.19,-67.22999999999593,-0.0746999999999954,67.22999999999593,-52.84738879999237,0.2378590273775093,0.2496718884841517,0.2142668212189694,78227.15,-136.18999999998778,-0.0756611111111043,136.18999999998778,-53.60157653332393,0.2347218177483856,0.2466205187109055,0.2109868373912429,78268.17,-177.20999999999185,-0.0492249999999977,177.20999999999185,-32.85705439999415,0.3287291257421317,0.3372442432870453,0.3112785711947607,0.0739659222472557,True,0.5680170388763721,0.4821053105860991,0.5310340777527442,heartbeat:9482,two_side_all_heartbeats,0.5671986906421984,0.3102818540055533,0.5238665941269339,0.07396592224725573,0.07560261871560325,2026-05-02 05:30:00+00:00,train,book_p_side,0.605,session_switch:book_margin,2,63.0,-61.0,-63.0,0.63
KXBTC15M-26MAY020145-45,heartbeat:9566,live_heartbeat_two_side,heartbeat:9566:yes,2026-05-02 05:30:56.663000+00:00,2026-05-02 05:30:00+00:00,yes,yes,True,True,1,61.0,60.0,60.5,0.605,39.5,21.0,1.0,78104.8,78090.86,843.337,,9566,False,False,synced,bid>=98,last_decisive_quote,1.0,13.940000000002328,0.4800231653482709,3.718243450375245,,,81.09063246185224,0.1719064160285119,0.5682444487908654,91.02817056245964,0.1531394063383631,0.5608558296988939,84.42403120307652,0.1651188625010166,0.5655747866689452,78.3954037329188,0.1778165470962275,0.570566474129139,78059.98,44.820000000006985,0.7470000000001165,0.0,643.9127390001005,0.9999999999992462,0.999999999999988,1.0,78066.04,38.76000000000931,0.215333333333385,0.0,195.5385673333793,0.9841475101332828,0.9897249106427202,0.993689008228726,78072.54,32.26000000000931,0.1075333333333643,0.0,104.62683873336184,0.8748023307377184,0.8923830907087803,0.9089970462840358,78049.99,54.80999999999767,0.0913499999999961,0.0,90.97883494999904,0.8412135667990279,0.8594031004036047,0.8770798676636924,78092.35,12.44999999999709,0.0138333333333301,0.0,25.606161833332933,0.6107595813633564,0.6191709707698604,0.6280255030332488,78179.38,-74.58000000000175,-0.0414333333333343,74.58000000000175,-21.002263033331825,0.4087651282319103,0.401768905666666,0.3943874871472999,78281.05,-176.25,-0.0489583333333333,176.25,-27.348373958331003,0.3819213211991295,0.3729914909456298,0.3636003042163116,0.044144170301106,True,0.582927914849447,0.6802193868122041,0.5608558296988939,heartbeat:9566,two_side_all_heartbeats,0.5852873933344727,0.5608558296988939,0.6457172150572118,0.04414417030110607,0.039425213331054754,2026-05-02 05:45:00+00:00,train,book_p_side,0.605,session_switch:book_margin,2,63.0,39.0,37.0,0.63
KXBTC15M-26MAY020200-00,heartbeat:9637,live_heartbeat_two_side,heartbeat:9637:yes,2026-05-02 05:47:13.036000+00:00,2026-05-02 05:47:00+00:00,yes,yes,True,True,1,67.0,66.0,66.5,0.665,33.5,33.0,1.0,78225.99,78189.11,766.964,,9637,False,False,synced,bid>=98,last_decisive_quote,1.0,36.88000000000466,1.331690871343729,10.315233134021412,,,82.23238405670526,0.4484851123199005,0.6730984358672405,56.16305190582558,0.6566594718151211,0.7443000502916604,78.13536658169184,0.4720013690784441,0.6815370943141636,74.10553337235339,0.4976686398665542,0.6906411923751784,78180.01,45.98000000001048,0.766333333333508,0.0,624.6300786668053,1.0,0.9999999999999992,1.0,78192.0,33.99000000000524,0.1888333333333624,0.0,181.70836866669364,0.9993925784119764,0.9899789431079098,0.9928971933250836,78192.54,33.45000000001164,0.1115000000000388,0.0,122.39648600003444,0.9853455347105128,0.9413803548765612,0.950697152114108,78154.5,71.49000000000524,0.1191500000000087,0.0,128.26376060001138,0.9888076142298136,0.9496592136161288,0.9582585703755796,78154.47,71.52000000000407,0.0794666666666712,0.0,97.82807253334148,0.9592333701812122,0.8947211154742545,0.9066022421646568,78095.65,130.34000000001106,0.0724111111111172,0.0,92.4167154222316,0.9500673872121148,0.8815512332872544,0.8938188531796036,78169.92,56.070000000006985,0.0155750000000019,0.0,48.82546430000615,0.8076726992259252,0.7339760832168698,0.7450084308093567,-0.0793000502916603,True,0.7046500251458302,0.7982151950007244,0.665,heartbeat:9637,two_side_all_heartbeats,0.6732685471570818,0.665,0.7528591220296007,0.07930005029166032,0.016537094314163614,2026-05-02 06:00:00+00:00,train,book_p_side,0.665,session_switch:book_margin,2,69.0,33.0,31.0,0.69
KXBTC15M-26MAY020215-15,heartbeat:9701,live_heartbeat_two_side,heartbeat:9701:yes,2026-05-02 06:01:44.254000+00:00,2026-05-02 06:01:00+00:00,yes,yes,True,True,1,61.0,60.0,60.5,0.605,39.5,21.0,1.0,78208.64,78205.92,795.746,,9701,False,False,synced,bid>=98,latest_quote,1.0,2.720000000001164,0.0964232292167996,0.7468911218884112,,,85.05224185680686,0.0319803445578839,0.5127561371750863,79.64995410707925,0.0341494233172371,0.5136210013308429,69.07726774577132,0.0393761955092335,0.515704770790494,75.30163969551226,0.0361213913933306,0.5144072172043758,78179.6,29.0399999999936,0.4839999999998933,0.0,387.8610639999162,0.9999994407945176,0.9999999901654724,0.9999998702870836,78220.74,-12.10000000000582,-0.0672222222222545,12.10000000000582,-50.77181444446901,0.2619201716191891,0.2311696472078884,0.2500775274155782,78213.1,-4.460000000006403,-0.014866666666688,4.460000000006403,-9.110090533349153,0.454469633400589,0.447538570860309,0.4518529219888741,78187.94,20.69999999999709,0.0344999999999951,0.0,30.173236999997307,0.6475903580552131,0.6688733042976855,0.6556788588733199,78180.01,28.630000000004657,0.0318111111111162,0.0,28.033564422227503,0.6375657122137551,0.6575659070479932,0.6451591407056045,78106.0,102.63999999999942,0.0570222222222219,0.0,48.09520524444535,0.727022388076513,0.7568645742246768,0.7384911508936076,78158.19,50.44999999999709,0.014013888888888,0.0,13.871496027778296,0.5691284625572327,0.5795769371213588,0.5730765852544161,0.0913789986691571,True,0.5593105006654214,0.5243635449104773,0.5136210013308429,heartbeat:9701,two_side_all_heartbeats,0.560352385395247,0.454469633400589,0.5474802270793706,0.09137899866915711,0.08929522920950594,2026-05-02 06:15:00+00:00,train,book_p_side,0.605,session_switch:book_margin,2,63.0,39.0,37.0,0.63
KXBTC15M-26MAY020230-30,heartbeat:9763,live_heartbeat_two_side,heartbeat:9763:no,2026-05-02 06:15:45.403000+00:00,2026-05-02 06:15:00+00:00,no,no,True,True,1,61.0,59.0,60.0,0.6,40.0,20.0,2.0,78182.01,78210.57,854.597,,9763,False,False,synced,bid>=98,latest_quote,-1.0,28.560000000012224,0.9769616613342692,7.56751248846151,,,64.49561034266188,0.4428208346005938,0.6710523339143386,66.83964850583794,0.4272912954878529,0.6654164139689469,71.74691188419732,0.3980659132215938,0.6547092000573281,73.65793568474221,0.3877382624765609,0.650895131355772,78220.22,38.2100000000064,0.63683333333344,0.0,572.7958561667701,1.0,0.9999999999999992,0.9999999999999962,78248.95,66.94000000000233,0.3718888888889018,0.0,346.375128777801,0.9999998903466368,0.9999993095290456,0.9999987149116104,78242.44,60.43000000000757,0.2014333333333585,0.0,200.70432236670044,0.9986623424973956,0.9974241600884334,0.9967831335525436,78263.29,81.27999999999884,0.1354666666666647,0.0,144.3294069333439,0.9845880310740184,0.9778713803422652,0.9749702347940592,78179.6,-2.4099999999889405,-0.0026777777777654,2.4099999999889405,26.271579144467168,0.6528601343274473,0.6428809513315051,0.6393305829652014,78193.79,11.779999999998836,0.0065444444444437,0.0,34.15286258890056,0.6953129592221372,0.682969426846439,0.6785573560299982,78092.35,-89.65999999998894,-0.0249055555555524,89.65999999998894,7.275786938903739,0.5433409952354443,0.5403871279029149,0.5393427498973257,-0.0654164139689469,True,0.6327082069844734,0.7546929188221142,0.6,heartbeat:9763,two_side_all_heartbeats,0.6273546000286641,0.6,0.6993573926901632,0.06541641396894693,0.054709200057328156,2026-05-02 06:30:00+00:00,train,book_p_side,0.6,session_switch:book_margin,2,63.0,39.0,37.0,0.63
KXBTC15M-26MAY020245-45,heartbeat:9837,live_heartbeat_two_side,heartbeat:9837:yes,2026-05-02 06:31:01.742000+00:00,2026-05-02 06:31:00+00:00,yes,yes,True,True,1,61.0,60.0,60.5,0.605,39.5,21.0,1.0,78164.85,78149.96,838.258,,9837,False,False,synced,bid>=98,last_decisive_quote,1.0,14.889999999999418,0.5142873526959577,3.983652704313089,,,50.7229450208835,0.2935555101122175,0.6154512118362329,54.49559534582324,0.2732330916931738,0.6076629780331669,56.89400548980384,0.2617147425604953,0.6032293131623723,64.37066795904292,0.2313165370518365,0.591465549836497,78146.64,18.210000000006403,0.3035000000001067,0.0,269.30130300008886,0.999999612793704,0.9999988959763224,0.9999856537337312,78166.26,-1.4099999999889403,-0.0078333333332718,1.4099999999889403,8.323645666717589,0.5606982586043923,0.5581580824182958,0.551443049744125,78161.41,3.4400000000023283,0.0114666666666744,0.0,24.50202506667259,0.6735058851783471,0.666642532869571,0.6482646522168439,78206.37,-41.51999999998952,-0.0691999999999825,41.51999999998952,-43.11745359998595,0.2144107627202296,0.2242686484195369,0.251482840438066,78195.99,-31.139999999999414,-0.0345999999999993,31.139999999999414,-14.11372680000004,0.3978220970803505,0.4020399135638255,0.4132248840685776,78208.64,-43.7899999999936,-0.0243277777777742,43.7899999999936,-5.5029543444420455,0.4597832475464207,0.4614732187995772,0.4659365034197345,78106.0,58.85000000000582,0.0163472222222238,0.0,28.593189805556328,0.7000999807695479,0.6923664983780049,0.6715495388188505,-0.0026629780331669,True,0.6063314890165834,0.628722954403838,0.605,heartbeat:9837,two_side_all_heartbeats,0.6041146565811861,0.605,0.6195000704456195,0.0026629780331669517,0.0017706868376277107,2026-05-02 06:45:00+00:00,train,book_p_side,0.605,session_switch:book_margin,2,63.0,39.0,37.0,0.63
KXBTC15M-26MAY020300-00,heartbeat:9908,live_heartbeat_two_side,heartbeat:9908:yes,2026-05-02 06:47:17.869000+00:00,2026-05-02 06:47:00+00:00,yes,yes,True,True,1,68.0,67.0,67.5,0.675,32.5,35.0,1.0,78242.61,78229.49,762.131,,9908,False,False,synced,bid>=98,last_decisive_quote,1.0,13.119999999995343,0.4752466032428654,3.681244359402523,,,18.15894942814783,0.7225087581145134,0.765009128652264,26.59131742675696,0.4933941327327248,0.6891329363691727,42.19123539986499,0.3109650588718557,0.6220864076989927,52.21646755762238,0.2512617305166621,0.5991941195791788,78240.97,1.639999999999418,0.0273333333333236,0.0,33.951580666654614,0.8991621500661846,0.7895055981084227,0.7422211601778655,78217.92,24.69000000000233,0.1371666666666796,0.0,117.65896883333852,0.999995171488554,0.9973540493692143,0.9878796402758048,78201.45,41.16000000000349,0.1372000000000116,0.0,117.68437320000422,0.9999951928107648,0.9973589641348108,0.9878949598058636,78192.53,50.08000000000175,0.0834666666666695,0.0,76.73253413333089,0.9980468050401228,0.9655201898912832,0.9291525181905478,78161.39,81.22000000000116,0.0902444444444457,0.0,81.89808868888521,0.9989645828113752,0.97387790509404,0.9416100717730252,78209.29,33.320000000006985,0.0185111111111149,0.0,27.227891622220525,0.847067997338271,0.7406480956009214,0.6989707658376054,78225.99,16.619999999995343,0.0046166666666653,0.0,16.63850478332769,0.734248049499266,0.653342094859203,0.6250020534866393,-0.0141329363691726,True,0.6820664681845864,0.7880427097266458,0.675,heartbeat:9908,two_side_all_heartbeats,0.6485432038494964,0.675,0.7442389194729048,0.014132936369172677,0.05291359230100734,2026-05-02 07:00:00+00:00,train,book_p_side,0.675,session_switch:book_margin,2,70.0,32.0,30.0,0.7
KXBTC15M-26MAY020315-15,heartbeat:9979,live_heartbeat_two_side,heartbeat:9979:no,2026-05-02 07:03:34.463000+00:00,2026-05-02 07:03:00+00:00,no,no,True,True,1,61.0,60.0,60.5,0.605,39.5,21.0,1.0,78320.01,78328.56,685.537,,9979,False,False,synced,bid>=98,last_decisive_quote,-1.0,8.55000000000291,0.3265507344801255,2.529451112666653,,,55.30473807579297,0.1545979656984447,0.5614308630734781,64.31182658820069,0.1329459984825183,0.5528819558861117,49.04698408549655,0.1743226451008471,0.5691940482557235,50.31742231107127,0.1699212639937174,0.5674639709730581,78334.41,14.400000000008731,0.2400000000001455,0.0,173.07888000010269,0.996440704929513,0.9997913060244914,0.9997088640032544,78324.02,4.010000000009313,0.0222777777778295,0.0,23.822240944482825,0.6444643681180392,0.6864109312341261,0.6820500712520743,78314.79,-5.220000000001164,-0.0174000000000038,5.220000000001164,-3.378343799999751,0.4790529261167663,0.4725426703343087,0.4732348714987088,78280.7,-39.30999999999767,-0.0655166666666627,39.30999999999767,-36.364099116661095,0.2858892715608644,0.2292213623356442,0.2349339518104568,78265.17,-54.83999999999651,-0.0609333333333294,54.83999999999651,-33.222054533327764,0.3027254980257144,0.2490914406083397,0.2545468554718304,78157.65,-162.36000000000058,-0.0902000000000003,162.36000000000058,-53.28543739999731,0.2036801022538433,0.1386474517779504,0.1448031157743113,78244.12,-75.88999999999942,-0.0210805555555553,75.88999999999942,-5.901500813885869,0.4634428331442664,0.4521134766249717,0.453316932883282,0.0521180441138883,True,0.5789409779430559,0.545644960667626,0.5528819558861117,heartbeat:9979,two_side_all_heartbeats,0.5870970241278617,0.4790529261167663,0.5641751719891868,0.05211804411388832,0.035805951744276476,2026-05-02 07:15:00+00:00,train,book_p_side,0.605,session_switch:book_margin,2,63.0,39.0,37.0,0.63
KXBTC15M-26MAY020330-30,heartbeat:10053,live_heartbeat_two_side,heartbeat:10053:yes,2026-05-02 07:20:35.878000+00:00,2026-05-02 07:20:00+00:00,yes,yes,True,True,1,62.0,60.0,61.0,0.61,39.0,22.0,2.0,78314.4,78310.48,564.122,,10053,False,False,synced,bid>=98,last_decisive_quote,1.0,3.9199999999982538,0.1650439269985286,1.2784247613159478,,,15.890296641074393,0.2466914299048107,0.5974264802150882,25.900177091601137,0.151350316491443,0.560150310212414,41.5595804540358,0.0943224151248039,0.5375734777017921,40.54847407645536,0.0966744147414025,0.5385075206411436,78310.19,4.209999999991851,0.0701666666665308,0.0,43.50256033325496,0.9534847572817482,0.8523929374701646,0.8583315074892441,78305.79,8.610000000000582,0.0478333333333365,0.0,30.90383566666674,0.8836025403423364,0.7714417068103925,0.7770134051387185,78317.1,-2.700000000011641,-0.0090000000000388,2.700000000011641,-1.1570980000236366,0.4821830636844098,0.4888941207264815,0.4886172616093224,78321.99,-7.5900000000110595,-0.0126500000000184,7.5900000000110595,-3.216143300012144,0.4505885291055043,0.4691581086553482,0.4683906349178394,78306.39,8.009999999994761,0.0088999999999941,0.0,8.94068579999497,0.635027187632544,0.5851667667401799,0.5872566869691438,78305.39,9.00999999999476,0.0050055555555526,0.0,6.743744011107722,0.6027125200348424,0.5644521578131152,0.5660447367473849,78202.05,112.34999999999128,0.0312083333333309,0.0,21.52530741666355,0.7970378340953862,0.697749415949045,0.7022399172090428,0.0498496897875859,True,0.585075155106207,0.5507777912989412,0.560150310212414,heartbeat:10053,two_side_all_heartbeats,0.573786738850896,0.4821830636844098,0.5694817058006062,0.04984968978758597,0.0724265222982079,2026-05-02 07:30:00+00:00,train,book_p_side,0.61,session_switch:book_margin,2,64.0,38.0,36.0,0.64
KXBTC15M-26MAY020345-45,heartbeat:10120,live_heartbeat_two_side,heartbeat:10120:no,2026-05-02 07:32:07.019000+00:00,2026-05-02 07:32:00+00:00,no,no,True,True,1,74.0,73.0,73.5,0.735,26.5,47.0,1.0,78303.26,78319.47,772.981,,10120,False,False,synced,bid>=98,last_decisive_quote,-1.0,16.210000000006403,0.5830403415076092,4.516211065652111,,,50.27934796424996,0.3223987711919449,0.6264246924912258,35.303583354059604,0.4591601888521153,0.6769404314929148,34.02555544096191,0.4764066240779681,0.6831076417930037,44.55789656629428,0.3637963469817025,0.6419949546508966,78329.98,26.720000000001164,0.4453333333333527,0.0,360.4442053333547,1.0,1.0,0.9999999999999998,78320.56,17.30000000000291,0.0961111111111272,0.0,90.50206277779668,0.9948194258769514,0.9960909504961996,0.9788781649925248,78326.23,22.970000000001164,0.0765666666666705,0.0,75.39457856667607,0.9836442684572174,0.9866481567192176,0.9546826133440822,78329.85,26.59000000001106,0.0443166666666851,0.0,50.46594131668732,0.9235675521618264,0.9309863831947204,0.8713072988879056,78305.79,2.529999999998836,0.0028111111111098,0.0,18.38293547778318,0.698715661469268,0.7054940574426288,0.6600365599319932,78334.41,31.15000000000873,0.0173055555555604,0.0,29.58686563889904,0.7990042373874576,0.807726363184484,0.7466578775460508,78161.39,-141.86999999999534,-0.039408333333332,141.86999999999534,-14.251892908325932,0.3432183748209085,0.3376597762683673,0.3745405984995057,0.0580595685070851,True,0.7059702157464574,0.7985282333167106,0.6769404314929148,heartbeat:10120,two_side_all_heartbeats,0.7090538208965018,0.6769404314929148,0.7673109831393179,0.05805956850708516,0.051892358206996336,2026-05-02 07:45:00+00:00,train,book_p_side,0.735,session_switch:book_margin,2,76.0,26.0,24.0,0.76
KXBTC15M-26MAY020400-00,heartbeat:10179,live_heartbeat_two_side,heartbeat:10179:yes,2026-05-02 07:45:23.256000+00:00,2026-05-02 07:45:00+00:00,yes,no,True,False,1,66.0,65.0,65.5,0.655,34.5,31.0,1.0,78226.83,78219.92,876.744,,10179,False,False,synced,bid>=98,last_decisive_quote,1.0,6.9100000000034925,0.2333681837128538,1.807662178109112,,,35.926160994519755,0.192338947683766,0.5762616439713056,40.28578749397001,0.1715245109962858,0.5680943204803846,35.11199446765003,0.1967988462281722,0.5780075229812339,48.69269952351232,0.1419103904203719,0.5564246064927529,78217.86,8.970000000001164,0.1495000000000194,0.0,137.9832280000205,0.9996927240074608,0.9999574922916312,0.9976997776118524,78234.07,-7.240000000005239,-0.0402222222222513,7.240000000005239,-28.354592000022024,0.2407674212222783,0.2096756529675531,0.2801765517814513,78258.27,-31.44000000000233,-0.1048000000000077,31.44000000000233,-84.97277120000332,0.0174615319853372,0.0077591932711925,0.0404852664791422,78274.48,-47.64999999999418,-0.0794166666666569,47.64999999999418,-62.718085999988006,0.0597555339670098,0.0370310401466639,0.0988662295456124,78319.19,-92.36000000000058,-0.1026222222222228,92.36000000000058,-83.06341759999707,0.0196108125486502,0.0089987214724597,0.0440161388960622,78317.1,-90.27000000000407,-0.0501500000000022,90.27000000000407,-37.05871159999849,0.1788137049970876,0.1456113643931517,0.2233066552695701,78231.73,-4.899999999994179,-0.0013611111111094,4.899999999994179,5.71665400000491,0.5564214905995034,0.564666769661098,0.5467295245013993,0.0869056795196154,True,0.6115471602401923,0.41351861748857394,0.5680943204803846,heartbeat:10179,two_side_all_heartbeats,0.616503761490617,0.0174615319853372,0.5014206025411828,0.08690567951961548,0.0769924770187661,2026-05-02 08:00:00+00:00,train,book_p_side,0.655,session_switch:book_margin,2,68.0,-66.0,-68.0,0.68
KXBTC15M-26MAY020415-15,heartbeat:10249,live_heartbeat_two_side,heartbeat:10249:no,2026-05-02 08:01:09.640000+00:00,2026-05-02 08:01:00+00:00,no,yes,True,False,1,73.0,72.0,72.5,0.725,27.5,45.0,1.0,78176.36,78212.66,830.36,,10249,False,False,synced,bid>=98,latest_quote,-1.0,36.30000000000291,1.2597182318298303,9.757735465581574,,,77.81423545741967,0.4664956198132467,0.6795696089267396,50.951868051141226,0.7124370781375082,0.7619029189288039,44.81569069987681,0.8099841692298785,0.7910253628282826,39.16958687062392,0.9267394144314268,0.8229690759802462,78220.21,43.85000000000582,0.7308333333334304,0.0,643.1547666667501,1.0,1.0,1.0,78206.64,30.27999999999884,0.1682222222222157,0.0,175.98500444444198,0.9997237760810168,0.9999569692240202,0.9999964869972584,78216.77,40.41000000000349,0.1347000000000116,0.0,148.14949200001257,0.9981791409334548,0.9995263880426332,0.9999222939905056,78213.26,36.89999999999418,0.0614999999999903,0.0,87.36713999999486,0.9567998275427756,0.9743807322452628,0.9871423384589572,78237.52,61.16000000000349,0.0679555555555594,0.0,92.72757511111725,0.9656132867624504,0.9807310509442072,0.9910416719070706,78329.98,153.61999999999534,0.0853444444444418,0.0,107.16661288888966,0.9822798364809944,0.9916049999744664,0.9968901165366176,78344.32,167.9600000000064,0.0466555555555573,0.0,75.0409071111155,0.929594855950982,0.9529773123011104,0.972304416491527,-0.0369029189288039,True,0.7434514594644019,0.8283606866207528,0.725,heartbeat:10249,two_side_all_heartbeats,0.7580126814141412,0.725,0.7907067038653322,0.03690291892880393,0.06602536282828264,2026-05-02 08:15:00+00:00,train,book_p_side,0.725,session_switch:book_margin,2,75.0,-73.0,-75.0,0.75
KXBTC15M-26MAY020430-30,heartbeat:10318,live_heartbeat_two_side,heartbeat:10318:no,2026-05-02 08:16:25.524000+00:00,2026-05-02 08:16:00+00:00,no,yes,True,False,1,61.0,60.0,60.5,0.605,39.5,21.0,1.0,78255.23,78257.26,814.476,,10318,False,False,synced,bid>=98,last_decisive_quote,-1.0,2.029999999998836,0.0711306687994738,0.5509757913299153,,,61.16670580643157,0.0331879896625949,0.5132376621457081,42.58767174399629,0.0476663766031072,0.5190089343938599,49.129078234013264,0.0413197249565618,0.5164794958717781,42.61869899590447,0.0476316745425268,0.5189951059818101,78256.2,0.9700000000011642,0.016166666666686,0.0,15.19736200001464,0.6393975209618482,0.6214667891116298,0.6393002673238195,78256.09,0.8600000000005821,0.004777777777781,0.0,5.921385333334803,0.5552906875314519,0.5479671933534376,0.555250693262742,78216.77,-38.45999999999185,-0.1281999999999728,38.45999999999185,-102.38582319997904,0.0081057515135197,0.0185793206878381,0.0081446433150847,78206.37,-48.86000000000058,-0.0814333333333343,48.86000000000058,-64.29549560000196,0.0655573355297237,0.0953170615449106,0.0656977383240553,78176.36,-78.86999999999534,-0.0876333333333281,78.86999999999534,-69.34524679999696,0.0517312894524708,0.0790499586437796,0.0518570295229411,78237.52,-17.70999999999185,-0.0098388888888843,17.70999999999185,-5.983538866664144,0.4441327453600753,0.451531792953091,0.4441731511897268,78309.5,54.27000000000408,0.0150750000000011,0.0,14.308225699999758,0.6315536592430826,0.6145651250689101,0.6314614313940285,0.0859910656061401,True,0.56200446719693,0.3773715619691265,0.5190089343938599,heartbeat:10318,two_side_all_heartbeats,0.5607397479358891,0.0081057515135197,0.45982383062086185,0.08599106560614012,0.08852050412822188,2026-05-02 08:30:00+00:00,train,book_p_side,0.605,session_switch:book_margin,2,63.0,-61.0,-63.0,0.63
KXBTC15M-26MAY020445-45,heartbeat:10383,live_heartbeat_two_side,heartbeat:10383:yes,2026-05-02 08:31:11.719000+00:00,2026-05-02 08:31:00+00:00,yes,yes,True,True,1,61.0,60.0,60.5,0.605,39.5,21.0,1.0,78281.94,78280.97,828.281,,10383,False,False,synced,bid>=98,last_decisive_quote,1.0,0.9700000000011642,0.0337041116421829,0.2610709261777804,,,39.21892746702904,0.0247329558111101,0.5098660159103645,32.774787737446694,0.0295959201253009,0.5118053404208903,38.11664450410027,0.0254482001923548,0.5101512673264762,44.314473285423226,0.0218890111533884,0.5087317547471554,78278.01,3.930000000007567,0.0655000000001261,0.0,55.222405500105616,0.9539965543237872,0.9262996537655828,0.893645022101585,78291.69,-9.75,-0.0541666666666666,9.75,-43.89522083333217,0.0902367744305557,0.1247422390445308,0.1609553308878029,78289.43,-7.489999999990687,-0.0249666666666356,7.489999999990687,-19.709415633306456,0.2738004293624703,0.3025495977803443,0.3282457009266771,78261.12,20.820000000006985,0.0347000000000116,0.0,29.7113507000108,0.8176724838411589,0.7821529498894251,0.7487196351820304,78255.23,26.710000000006403,0.0296777777777848,0.0,25.55153945556261,0.7821896509102031,0.7486830411807694,0.7178937335888029,78176.36,105.58000000000176,0.0586555555555565,0.0,49.55328221111307,0.9347245423961046,0.903206908064958,0.8682632460146491,78329.98,-48.0399999999936,-0.0133444444444426,48.0399999999936,-10.08294978888625,0.3791768153309577,0.3956862423319958,0.4100051406656435,0.0931946595791096,True,0.5584026702104452,0.46353525659445355,0.5118053404208903,heartbeat:10383,two_side_all_heartbeats,0.557575633663238,0.2738004293624703,0.5108016879987611,0.09319465957910966,0.09484873267352378,2026-05-02 08:45:00+00:00,train,book_p_side,0.605,session_switch:book_margin,2,63.0,39.0,37.0,0.63
KXBTC15M-26MAY020500-00,heartbeat:10448,live_heartbeat_two_side,heartbeat:10448:no,2026-05-02 08:45:58.274000+00:00,2026-05-02 08:45:00+00:00,no,no,True,True,1,61.0,60.0,60.5,0.605,39.5,21.0,1.0,78326.0,78327.21,841.726,,10448,False,False,synced,bid>=98,last_decisive_quote,-1.0,1.2100000000064028,0.0417061402344326,0.3230543731250977,,,32.080664977819794,0.0377174226545173,0.5150435076944873,37.44891797196107,0.0323106798683038,0.5128878538252966,34.87576970737079,0.0346945747766729,0.5138383564871544,43.0728648552009,0.0280919322193703,0.5112055856540139,78334.41,8.410000000003492,0.1401666666667248,0.0,119.19192766672204,0.9992706755146216,0.9996841371367498,0.9971731372918288,78337.86,11.860000000000582,0.0658888888888921,0.0,56.67039088889801,0.934894681536524,0.9479103655422788,0.9058603723249355,78331.14,5.139999999999418,0.0171333333333313,0.0,15.631572133338103,0.6618109174355673,0.6729981773351953,0.6416639309572612,78317.09,-8.910000000003492,-0.0148500000000058,8.910000000003492,-11.289631099998497,0.3815290204667618,0.3730788464463477,0.3966200862227665,78278.01,-47.99000000000524,-0.053322222222228,47.99000000000524,-43.67270082222072,0.1217680231035964,0.1052419070902223,0.155309013968294,78256.2,-69.80000000000291,-0.0387777777777793,69.80000000000291,-31.430263777772737,0.2006550838553826,0.1837393179134219,0.2327868310670067,78226.83,-99.16999999999824,-0.0275472222222217,99.16999999999824,-21.97721317221541,0.2786493956284944,0.2642959088854897,0.3049439866704831,0.0921121461747034,True,0.5589439269126483,0.5932329237536212,0.5128878538252966,heartbeat:10448,two_side_all_heartbeats,0.5594191782435771,0.5128878538252966,0.5887285396347024,0.09211214617470342,0.09116164351284561,2026-05-02 09:00:00+00:00,train,book_p_side,0.605,session_switch:book_margin,2,63.0,39.0,37.0,0.63
KXBTC15M-26MAY020515-15,heartbeat:10530,live_heartbeat_two_side,heartbeat:10530:no,2026-05-02 09:04:59.956000+00:00,2026-05-02 09:04:00+00:00,no,no,True,True,1,64.0,63.0,63.5,0.635,36.5,27.0,1.0,78302.21,78310.31,600.044,,10530,False,False,synced,bid>=98,latest_quote,-1.0,8.099999999991269,0.3306689909679787,2.561350990252385,,,29.692087917608077,0.2727999466547378,0.6074964997143957,41.88545385792589,0.1933845584547372,0.5766710961261698,36.22386261009603,0.2236095053467241,0.588469416625829,34.13140621598039,0.2373180861267542,0.5937949839357566,78306.71,4.5,0.075,0.0,53.10329999999127,0.8975692385917164,0.9286725376488496,0.940127948837852,78300.01,-2.200000000011641,-0.0122222222222868,2.200000000011641,0.76612888884135,0.5072966659310425,0.5084369362942177,0.5089540858683866,78303.25,1.0399999999935972,0.0034666666666453,0.0,10.180152533311794,0.5960156782315812,0.6106580033755746,0.6172489684265676,78349.43,47.21999999998661,0.0786999999999776,0.0,55.32346279997788,0.906720569887026,0.9366525222264084,0.9474800369616196,78327.16,24.94999999999709,0.0277222222222189,0.0,24.73455311110044,0.7225817987762979,0.7526412335717422,0.7656776648875759,78295.16,-7.05000000000291,-0.0039166666666682,7.05000000000291,5.749827666656966,0.5545933035335359,0.5630593511426898,0.5668898827861107,78200.55,-101.66000000000348,-0.0282388888888898,101.66000000000348,-8.844575844453757,0.4163808068463887,0.4035517683401763,0.3977662875440678,0.0583289038738301,True,0.6058355480630849,0.6025622581192503,0.5766710961261698,heartbeat:10530,two_side_all_heartbeats,0.6117347083129145,0.5766710961261698,0.6097044644841672,0.05832890387383016,0.04653058337417104,2026-05-02 09:15:00+00:00,train,book_p_side,0.635,session_switch:book_margin,2,66.0,36.0,34.0,0.66
KXBTC15M-26MAY020530-30,heartbeat:10578,live_heartbeat_two_side,heartbeat:10578:yes,2026-05-02 09:15:30.820000+00:00,2026-05-02 09:15:00+00:00,yes,yes,True,True,1,70.0,69.0,69.5,0.695,30.5,39.0,1.0,78308.58,78296.42,869.18,,10578,False,False,synced,bid>=98,latest_quote,1.0,12.160000000003492,0.412457032327072,3.194878434457768,,,36.59603159322733,0.3322764647042738,0.6301597451354006,28.94425896587474,0.4201178553004284,0.6628003202282607,39.57322100106922,0.3072785002685261,0.6206843005487684,37.65588588540586,0.3229242843206165,0.626623707730079,78296.34,12.24000000000524,0.2040000000000873,0.0,189.47272000007936,0.9999999999704752,0.9999991573321652,0.9999997569116998,78299.81,8.770000000004075,0.0487222222222448,0.0,54.50838111113428,0.970164658687666,0.9158065778663572,0.9261270549673758,78299.34,9.24000000000524,0.0308000000000174,0.0,38.93074400001867,0.910691375180749,0.8373844282377712,0.8493981349063412,78292.89,15.690000000002328,0.0261500000000038,0.0,34.889057000006865,0.8859731879165506,0.8110123444638536,0.8229129622031308,78313.63,-5.05000000000291,-0.0056111111111143,5.05000000000291,7.282934444445127,0.5993323339022759,0.5730077615099034,0.57668011733247,78326.0,-17.419999999998254,-0.0096777777777768,17.419999999998254,3.7482691111154463,0.5515188176991414,0.5377303165006645,0.5396452584214761,78256.2,52.38000000000466,0.0145500000000012,0.0,24.80656900000461,0.8042903414165894,0.7346220078706428,0.7449782717119875,0.0321996797717392,True,0.6789001601141303,0.7561638984696698,0.6628003202282607,heartbeat:10578,two_side_all_heartbeats,0.6578421502743842,0.6628003202282607,0.7284783711046281,0.03219967977173921,0.07431569945123151,2026-05-02 09:30:00+00:00,train,book_p_side,0.695,session_switch:book_margin,2,72.0,30.0,28.0,0.72
KXBTC15M-26MAY020545-45,heartbeat:10645,live_heartbeat_two_side,heartbeat:10645:no,2026-05-02 09:30:47.255000+00:00,2026-05-02 09:30:00+00:00,no,yes,True,False,1,80.0,79.0,79.5,0.795,20.5,59.0,1.0,78306.29,78310.97,852.745,,10645,False,False,synced,bid>=98,latest_quote,-1.0,4.680000000007567,0.1602641048903801,1.2414004184705616,,,19.117716515145545,0.2447991106207664,0.5966940087037022,31.191630378179845,0.1500402493638636,0.5596335698644351,29.43771390648343,0.1589797364997433,0.5631575806467677,36.86832131789652,0.126938244886561,0.5505053617874256,78310.13,3.84000000001106,0.0640000000001843,0.0,59.25568000016475,0.9712657278340172,0.9779383284464688,0.9459974671187056,78306.29,-0.0,-0.0,0.0,4.680000000007567,0.5596335698644351,0.5631575806467677,0.5505053617874256,78315.89,9.60000000000582,0.0320000000000194,0.0,31.96784000002411,0.847291318086282,0.8612491017022721,0.8070513267071799,78324.02,17.730000000010477,0.0295500000000174,0.0,29.878614750022457,0.8309446356116739,0.8449417031288475,0.7911489485936575,78308.58,2.290000000008149,0.0025444444444534,0.0,6.849762277793066,0.5869096562024446,0.5919976218116815,0.5736952431827461,78313.63,7.3400000000110595,0.0040777777777839,0.0,8.157304611123918,0.603155094087836,0.6091498269784432,0.5875531008933984,78278.01,-28.27999999999884,-0.0078555555555552,28.27999999999884,-2.0187857222143792,0.4741976600092929,0.4726626820165976,0.478166168900811,0.2353664301355649,True,0.6773167849322176,0.7339749626502391,0.5596335698644351,heartbeat:10645,two_side_all_heartbeats,0.6790787903233839,0.5596335698644351,0.734848334576587,0.2353664301355649,0.23184241935323235,2026-05-02 09:45:00+00:00,train,book_p_side,0.795,session_switch:book_margin,2,82.0,-80.0,-82.0,0.82
KXBTC15M-26MAY020600-00,heartbeat:10725,live_heartbeat_two_side,heartbeat:10725:no,2026-05-02 09:49:33.999000+00:00,2026-05-02 09:49:00+00:00,no,no,True,True,1,63.0,62.0,62.5,0.625,37.5,25.0,1.0,78317.06,78325.35,626.001,,10725,False,False,synced,bid>=98,last_decisive_quote,-1.0,8.290000000008149,0.3313347732681891,2.566508117774214,,,32.51555599008646,0.2549548899774512,0.6006210296841219,85.95652181804192,0.0964441071447368,0.5384160685344249,71.7884451452388,0.1154781940636301,0.5459669482728401,56.10148027899608,0.1477679369382318,0.558737042941626,78313.15,-3.910000000003493,-0.0651666666667248,3.910000000003493,-32.50439850002828,0.3526598435009849,0.3253534513265625,0.2811644569257405,78313.15,-3.910000000003493,-0.0217222222222416,3.910000000003493,-5.3081328333373285,0.4753794895425294,0.4705285361755983,0.4623096713275969,78325.93,8.869999999995343,0.0295666666666511,0.0,26.798762899998437,0.622392771186725,0.6455381183831461,0.6835623276771787,78369.61,52.55000000000291,0.0875833333333381,0.0,63.11725425001119,0.7686148444823936,0.8103567995176408,0.869717148387087,78264.72,-52.33999999999651,-0.0581555555555516,52.33999999999651,-28.11543593332275,0.371800271744157,0.3476610370706346,0.3081316568261066,78320.0,2.9400000000023283,0.0016333333333346,0.0,9.31246830000896,0.5431367203188828,0.5516064130560026,0.5659188777279727,78327.16,10.10000000000582,0.0028055555555571,0.0,10.046280583342494,0.5465209619857849,0.5556474328611396,0.5710599503047437,0.086583931465575,True,0.5817080342672125,0.5952696132403833,0.5384160685344249,heartbeat:10725,two_side_all_heartbeats,0.5854834741364201,0.5384160685344249,0.5985033747976725,0.08658393146557508,0.07903305172715991,2026-05-02 10:00:00+00:00,train,book_p_side,0.625,session_switch:book_margin,2,65.0,37.0,35.0,0.65
KXBTC15M-26MAY020615-15,heartbeat:10793,live_heartbeat_two_side,heartbeat:10793:yes,2026-05-02 10:05:05.242000+00:00,2026-05-02 10:05:00+00:00,yes,yes,True,True,1,78.0,77.0,77.5,0.775,22.5,55.0,1.0,78313.63,78294.79,594.758,,10793,False,False,synced,bid>=98,latest_quote,1.0,18.84000000001106,0.7725218151655846,5.983928249436467,,,38.24469129478748,0.492617389817416,0.6888585208270239,33.977326430465666,0.5544874179128535,0.7103773429118382,55.13115378081292,0.3417305590032449,0.6337231638206832,53.26200199488934,0.3537230914042401,0.6382267922186026,78290.12,23.510000000009317,0.3918333333334886,0.0,251.8860096667701,0.9999999999999384,0.9999975479700616,0.999998872900968,78297.6,16.029999999998836,0.089055555555549,0.0,71.80650411111833,0.982715245032362,0.9036215905903076,0.9111989620875725,78299.79,13.84000000001106,0.0461333333333702,0.0,46.27816906669965,0.9134059358373678,0.7993830454189832,0.8075430027974156,78321.34,-7.709999999991851,-0.0128499999999864,7.709999999991851,11.197359700019138,0.6291314614655508,0.5804731403892484,0.5832565691537498,78310.17,3.460000000006403,0.0038444444444515,0.0,21.12651408890418,0.7329576213973513,0.6492159820583596,0.6541881882014823,78318.39,-4.759999999994761,-0.0026444444444415,4.759999999994761,17.2671955111239,0.6943426106626214,0.6229364548054708,0.6271042333336264,78292.89,20.74000000000524,0.0057611111111125,0.0,22.266466922234148,0.7438733454394768,0.6568501617564247,0.6620466893690966,0.0646226570881618,True,0.7426886714559191,0.7995944262497353,0.7103773429118382,heartbeat:10793,two_side_all_heartbeats,0.7043615819103416,0.7103773429118382,0.7832943900410251,0.06462265708816184,0.14127683617931686,2026-05-02 10:15:00+00:00,train,book_p_side,0.775,session_switch:book_margin,2,80.0,22.0,20.0,0.8
KXBTC15M-26MAY020630-30,heartbeat:10857,live_heartbeat_two_side,heartbeat:10857:no,2026-05-02 10:16:51.124000+00:00,2026-05-02 10:16:00+00:00,no,no,True,True,1,61.0,60.0,60.5,0.605,39.5,21.0,1.0,78292.88,78302.75,788.876,,10857,False,False,synced,bid>=98,last_decisive_quote,-1.0,9.869999999995343,0.3514089196671737,2.7220017871594075,,,46.39702515554081,0.2127291559514274,0.5842308879651337,45.56901558172172,0.2165945406982704,0.585737829678834,38.602190429382965,0.2556849725419353,0.6009029501350299,62.905088473125694,0.1569030461536033,0.5623393704435652,78282.51,-10.370000000009895,-0.1728333333334982,10.370000000009895,-126.47406866680144,0.0027563534958894,0.0005258012877582,0.0221863007083037,78299.8,6.919999999998254,0.0384444444444347,0.0,40.197899555543245,0.8111473607505131,0.8511404772228901,0.7385965385144901,78301.11,8.229999999995925,0.0274333333333197,0.0,31.51149826665129,0.7553779214891816,0.7928396397550825,0.6917923360916254,78296.35,3.470000000001164,0.0057833333333352,0.0,14.43233286666354,0.6242695848963288,0.6457507528918234,0.5907327531169364,78294.88,2.0,0.0022222222222222,0.0,11.623057777773122,0.6006635249307616,0.6183302694976951,0.5732958077278838,78313.15,20.269999999989523,0.0112611111111052,0.0,18.75362028887964,0.6596628788822527,0.6864517231149183,0.6171963667255201,78324.02,31.139999999999414,0.0086499999999998,0.0,16.693777399995216,0.6429445057115734,0.6672952561690292,0.6046417823585228,0.0192621703211659,True,0.595368914839417,0.6487052503893386,0.585737829678834,heartbeat:10857,two_side_all_heartbeats,0.6029514750675149,0.585737829678834,0.6292969332014865,0.01926217032116595,0.004097049864970059,2026-05-02 10:30:00+00:00,train,book_p_side,0.605,session_switch:book_margin,2,63.0,39.0,37.0,0.63
KXBTC15M-26MAY020645-45,heartbeat:10924,live_heartbeat_two_side,heartbeat:10924:yes,2026-05-02 10:32:07.683000+00:00,2026-05-02 10:32:00+00:00,yes,no,True,False,1,62.0,59.0,60.5,0.605,39.5,21.0,3.0,78251.36,78242.87,772.317,,10924,False,False,synced,bid>=98,last_decisive_quote,1.0,8.490000000005239,0.3054990703472459,2.3663856234734637,,,39.49393629015763,0.2149697092138433,0.5851045325013433,51.988687029505385,0.163304758883156,0.5648607564219151,47.94821335159381,0.1770660345099809,0.5702717395676745,59.84578369243893,0.1418646306586488,0.5564065338277873,78237.24,14.119999999995343,0.2353333333332557,0.0,190.2419339999453,0.9998735448854136,0.999963708238333,0.9992607466931336,78240.97,10.389999999999418,0.0577222222222189,0.0,53.06985350000274,0.8463244944016672,0.86581327252095,0.812400463959698,78240.97,10.389999999999418,0.0346333333333313,0.0,35.23791210000374,0.7510506226832306,0.7688046919519196,0.7220062829136105,78271.61,-20.25,-0.03375,20.25,-17.575698749994764,0.3676560643086539,0.3569751678111486,0.3845000125145932,78288.97,-37.61000000000058,-0.0417888888888895,37.61000000000058,-23.78426929999526,0.323659686958848,0.3099328186664185,0.3455266798030455,78297.6,-46.24000000000524,-0.0256888888888918,46.24000000000524,-11.34996559999701,0.4135914289644534,0.4064397231081558,0.4247903091398627,78265.21,-13.85000000000582,-0.0038472222222238,13.85000000000582,5.51872487500399,0.5422692890432863,0.5458161238164415,0.5367366946160844,0.0401392435780848,True,0.5849303782109576,0.6403037930350486,0.5648607564219151,heartbeat:10924,two_side_all_heartbeats,0.5876358697838373,0.5648607564219151,0.6221683514632207,0.04013924357808485,0.034728260432325464,2026-05-02 10:45:00+00:00,train,book_p_side,0.605,session_switch:book_margin,2,64.0,-62.0,-64.0,0.64
KXBTC15M-26MAY020700-00,heartbeat:10990,live_heartbeat_two_side,heartbeat:10990:yes,2026-05-02 10:47:09.006000+00:00,2026-05-02 10:47:00+00:00,yes,yes,True,True,1,61.0,60.0,60.5,0.605,39.5,21.0,1.0,78244.01,78231.61,770.994,,10990,False,False,synced,bid>=98,last_decisive_quote,1.0,12.39999999999418,0.446576829416888,3.4591692462674355,,,78.19866827563783,0.1585704753473059,0.5629963541546619,49.06593025429695,0.252721184245931,0.5997581617519033,49.78021431923563,0.2490949500633764,0.5983563321823888,44.0068555222984,0.2817742793213449,0.610941702871952,78230.61,13.39999999999418,0.2233333333332363,0.0,184.5886599999194,0.9999157380435488,0.9998955786996936,0.999986328902668,78227.43,16.580000000001746,0.0921111111111208,0.0,83.41711400000166,0.9554441827752054,0.9531023198791156,0.9709900911261756,78233.34,10.669999999998254,0.0355666666666608,0.0,39.82168659998969,0.7914881035209426,0.7881301407317427,0.8172401123947379,78257.99,-13.980000000010476,-0.0233000000000174,13.980000000010476,-5.564160200019284,0.4548560436008327,0.4555010904072976,0.4496924194576335,78251.36,-7.350000000005821,-0.0081666666666731,7.350000000005821,6.103548999989192,0.5494986743331965,0.548792007848421,0.555154578505293,78288.97,-44.9600000000064,-0.0249777777777813,44.9600000000064,-6.857716800008564,0.4444226965332926,0.4452150929791755,0.4380823605624769,78313.16,-69.15000000000873,-0.0192083333333357,69.15000000000873,-2.4095097500076914,0.4804167760481629,0.4806975499461948,0.4781676007502289,0.0052418382480966,True,0.6023790808759517,0.6654154217576154,0.5997581617519033,heartbeat:10990,two_side_all_heartbeats,0.6016781660911944,0.5997581617519033,0.6407250692297595,0.005241838248096653,0.006643667817611165,2026-05-02 11:00:00+00:00,train,book_p_side,0.605,session_switch:book_margin,2,63.0,39.0,37.0,0.63
KXBTC15M-26MAY020715-15,heartbeat:11050,live_heartbeat_two_side,heartbeat:11050:no,2026-05-02 11:00:40.685000+00:00,2026-05-02 11:00:00+00:00,no,no,True,True,1,84.0,83.0,83.5,0.835,16.5,67.0,1.0,78249.98,78250.65,859.315,,11050,False,False,synced,bid>=98,latest_quote,-1.0,0.6699999999982538,0.0228559146863925,0.1770411538854719,,,26.10336518937128,0.0256671886991437,0.5102386025724179,45.505195914009526,0.0147235933510613,0.505873651687261,45.12916242879788,0.0148462759763232,0.5059225896244487,46.65313490488393,0.014361307152547,0.5057291356879943,78250.01,0.0299999999988358,0.0004999999999805,0.0,1.099657499981581,0.5096397162449766,0.5097200222269151,0.5094025675277427,78262.13,12.150000000008731,0.0675000000000485,0.0,58.67376250003994,0.901368036804682,0.903221732796306,0.895742553682481,78258.25,8.270000000004075,0.0275666666666802,0.0,24.358450166676597,0.7037751312160413,0.7053151568968853,0.6992059774720921,78266.0,16.020000000004075,0.0267000000000067,0.0,23.613710500004093,0.6980929167573887,0.6995989006963852,0.6936260260695893,78258.0,8.020000000004075,0.0089111111111156,0.0,8.327451444446588,0.5726009957967462,0.5731991286092378,0.5708337189166447,78251.35,1.3700000000098953,0.0007611111111166,0.0,1.3240341944474223,0.5116061185793822,0.5117027975801571,0.5113206180588638,78299.79,49.80999999999767,0.0138361111111104,0.0,12.559577819442143,0.6087271800119146,0.6096100837798173,0.6061166778628361,0.329126348312739,True,0.6704368258436304,0.6815495943011007,0.505873651687261,heartbeat:11050,two_side_all_heartbeats,0.6704612948122244,0.505873651687261,0.7100171217493865,0.329126348312739,0.32907741037555127,2026-05-02 11:15:00+00:00,train,book_p_side,0.835,session_switch:book_margin,1,85.0,16.0,15.0,0.85
KXBTC15M-26MAY020730-30,heartbeat:11136,live_heartbeat_two_side,heartbeat:11136:yes,2026-05-02 11:17:57.519000+00:00,2026-05-02 11:17:00+00:00,yes,yes,True,True,1,69.0,68.0,68.5,0.685,31.5,37.0,1.0,78178.27,78177.8,722.481,,11136,False,False,synced,bid>=98,last_decisive_quote,1.0,0.4700000000011641,0.0174857652155925,0.1354441549513659,,,23.969867648901847,0.019607951403215,0.507821939624441,28.20067628517483,0.0166662669805633,0.506648570764141,49.49220853136199,0.0094964442676535,0.5037884761894108,48.42445930420812,0.0097058388829613,0.5038720087044104,78178.27,0.0,0.0,0.0,0.4700000000011641,0.506648570764141,0.5037884761894108,0.5038720087044104,78171.83,6.440000000002328,0.0357777777777907,0.0,26.318764666677176,0.8246589730889604,0.7025593983685637,0.7066077094237094,78175.01,3.260000000009313,0.0108666666666977,0.0,8.320960200023594,0.6160269071412268,0.5667581857313754,0.5682159148309998,78199.19,-20.919999999998254,-0.0348666666666637,20.919999999998254,-24.72050419999673,0.1903539794799029,0.3087196696299494,0.3048519254954368,78206.37,-28.09999999999127,-0.0312222222222125,28.09999999999127,-22.08746233332516,0.2167476268421398,0.3276969205110255,0.3241511172097547,78244.01,-65.73999999999069,-0.036522222222217,65.73999999999069,-25.916611633328436,0.1790460229091275,0.3002608821418469,0.2962569181790955,78288.97,-110.69999999999708,-0.0307499999999991,110.69999999999708,-21.74629074999825,0.2203159568099672,0.3301901498180443,0.326688205907331,0.178351429235859,True,0.5958242853820706,0.6025584926351226,0.506648570764141,heartbeat:11136,two_side_all_heartbeats,0.5943942380947054,0.506648570764141,0.6176999526574877,0.178351429235859,0.18121152381058925,2026-05-02 11:30:00+00:00,train,book_p_side,0.685,session_switch:book_margin,2,71.0,31.0,29.0,0.71
KXBTC15M-26MAY020745-45,heartbeat:11207,live_heartbeat_two_side,heartbeat:11207:no,2026-05-02 11:34:14.012000+00:00,2026-05-02 11:34:00+00:00,no,no,True,True,1,78.0,77.0,77.5,0.775,22.5,55.0,1.0,78199.98,78216.48,645.988,,11207,False,False,synced,bid>=98,last_decisive_quote,-1.0,16.5,0.6491898468308848,5.028602930605921,,,28.6089733777413,0.5767421215064477,0.717943163268113,32.637203045579504,0.5055580276580967,0.6934165235892382,30.4238239588922,0.5423381367935316,0.706207205949207,43.188740654753815,0.3820440177197858,0.6487856424486776,78216.75,16.770000000004075,0.2795000000000679,0.0,197.0536460000439,0.999999999218369,0.999999999953203,0.9999974739936904,78210.63,10.650000000008731,0.0591666666667151,0.0,54.72095666669801,0.9531938994103896,0.9639607462450795,0.8974257588059382,78213.55,13.570000000006983,0.0452333333333566,0.0,45.72019053334837,0.9193722042647456,0.9335515833645388,0.8551121168793108,78230.6,30.62000000000989,0.0510333333333498,0.0,49.46692093334399,0.9351973953740896,0.948017421586408,0.8739712396220414,78196.0,-3.9799999999959255,-0.0044222222222176,3.9799999999959255,13.643297511114037,0.6620370446037183,0.6730826097986149,0.6239605685330232,78194.15,-5.830000000001746,-0.0032388888888898,5.830000000001746,14.407716644443818,0.6705566332963637,0.682095615650512,0.6306588781429988,78253.16,53.18000000000757,0.0147722222222243,0.0,26.042678288890247,0.7875486654253998,0.8040000646945005,0.7267446362675731,0.0815834764107618,True,0.7342082617946191,0.795929575951328,0.6934165235892382,heartbeat:11207,two_side_all_heartbeats,0.7406036029746035,0.6934165235892382,0.7793993979297206,0.0815834764107618,0.06879279405079297,2026-05-02 11:45:00+00:00,train,book_p_side,0.775,session_switch:book_margin,2,80.0,22.0,20.0,0.8
KXBTC15M-26MAY020800-00,heartbeat:11260,live_heartbeat_two_side,heartbeat:11260:no,2026-05-02 11:46:00.228000+00:00,2026-05-02 11:46:00+00:00,no,yes,True,False,1,68.0,67.0,67.5,0.675,32.5,35.0,1.0,78121.64,78147.98,839.772,,11260,False,False,synced,bid>=98,last_decisive_quote,-1.0,26.339999999996508,0.9089397061284634,7.0406166890844055,,,123.17081451437248,0.2138493611806306,0.5846677347167716,74.39359241169785,0.3540627511873554,0.6383540717677052,59.027068254876525,0.44623595205951,0.6722865922084003,56.2584047962079,0.4681967093701163,0.6801780374211791,78171.41,49.77000000000408,0.829500000000068,0.0,722.9308740000536,1.0,1.0,1.0,78137.21,15.570000000006983,0.0865000000000388,0.0,98.9802780000291,0.908322328928736,0.9532153149449032,0.9607440584645288,78143.09,21.44999999999709,0.0714999999999903,0.0,86.38369799998836,0.8772138606242685,0.9283290963049566,0.9376671098841676,78163.89,42.25,0.0704166666666666,0.0,85.47394499999652,0.8747101126125808,0.9261979896342246,0.9356577312903802,78210.63,88.99000000000524,0.0988777777777836,0.0,109.3747892000014,0.9292486222226086,0.9680559452040411,0.9740613297158348,78178.27,56.63000000000466,0.0314611111111137,0.0,52.76016019999868,0.7609007492990124,0.8142935532436608,0.8258310963833071,78230.61,108.97000000000116,0.0302694444444447,0.0,51.759431899996784,0.7567076753696567,0.8097230604076195,0.8212215133685554,0.0366459282322948,True,0.6566770358838526,0.7301893107973246,0.6383540717677052,heartbeat:11260,two_side_all_heartbeats,0.6736432961042002,0.6383540717677052,0.7044489936551652,0.036645928232294844,0.0027134077915997867,2026-05-02 12:00:00+00:00,train,book_p_side,0.675,session_switch:book_margin,2,70.0,-68.0,-70.0,0.7
KXBTC15M-26MAY020815-15,heartbeat:11329,live_heartbeat_two_side,heartbeat:11329:no,2026-05-02 12:01:46.790000+00:00,2026-05-02 12:01:00+00:00,no,no,True,True,1,68.0,67.0,67.5,0.675,32.5,35.0,1.0,78147.22,78148.85,793.21,,11329,False,False,synced,bid>=98,latest_quote,-1.0,1.6300000000046566,0.0578753344914822,0.4483004132833887,,,11.73012168325974,0.1389584902883708,0.5552585246571092,54.47119679877804,0.0299240717259442,0.5119361960087423,64.47554312365578,0.025280903751032,0.510084547168759,51.32116767945839,0.0317607738425849,0.5126685856091715,78147.04,-0.180000000007567,-0.0030000000001261,0.180000000007567,-0.7496300000953804,0.4945099487495809,0.4953617705307355,0.4941729995377504,78147.05,-0.1699999999982537,-0.0009444444444347,0.1699999999982537,0.880857222234574,0.5064510400786647,0.5054501325710056,0.5068469590988369,78144.08,-3.139999999999418,-0.0104666666666647,3.139999999999418,-6.672264666660471,0.4512548445794232,0.4587889463800911,0.4482792601403211,78102.0,-45.22000000000117,-0.0753666666666686,45.22000000000117,-58.15159366666355,0.1428581802826329,0.1835504584225031,0.128587854710905,78121.64,-25.580000000001743,-0.0284222222222241,25.580000000001743,-20.91479088888577,0.3505038421171144,0.3728239222708276,0.3418102736547305,78210.63,63.41000000000349,0.0352277777777797,0.0,29.57302561111731,0.7064045455535314,0.6767645770852403,0.717771643805708,78189.3,42.08000000000175,0.0116888888888893,0.0,10.901743555560596,0.5793135804880389,0.5671344760892993,0.5841110764699179,0.1630638039912577,True,0.5934680980043712,0.5460636801960552,0.5119361960087423,heartbeat:11329,two_side_all_heartbeats,0.5925422735843795,0.4512548445794232,0.5813318277185073,0.16306380399125775,0.1649154528312411,2026-05-02 12:15:00+00:00,train,book_p_side,0.675,session_switch:book_margin,2,70.0,32.0,30.0,0.7
KXBTC15M-26MAY020830-30,heartbeat:11420,live_heartbeat_two_side,heartbeat:11420:yes,2026-05-02 12:23:03.847000+00:00,2026-05-02 12:23:00+00:00,yes,yes,True,True,1,62.0,61.0,61.5,0.615,38.5,23.0,1.0,78157.93,78146.95,416.153,,11420,False,False,synced,bid>=98,last_decisive_quote,1.0,10.979999999995924,0.5382398208554683,4.169187724877784,,,17.844850661119004,0.6153035521849192,0.7308228639343857,45.80984572514728,0.2396864653479603,0.5947133358866138,41.38570905325395,0.2653089738263799,0.6046142739821334,42.488176131827466,0.2584248372047892,0.601960474940824,78143.54,14.389999999999418,0.2398333333333236,0.0,110.78736116665856,0.9922059234038616,0.9962851837437358,0.9954395215048216,78142.46,15.469999999986612,0.08594444444437,0.0,46.74603838885386,0.8462392533964581,0.8706609976549331,0.8643803087695865,78139.83,18.09999999999127,0.0603333333333042,0.0,36.08789766665048,0.7845861332241755,0.8083929070796678,0.8021604171641284,78139.99,17.939999999987776,0.0298999999999796,0.0,23.42297469998745,0.6954325585526748,0.7142921321133395,0.7092798765608602,78156.26,1.6699999999982538,0.0018555555555536,0.0,11.75219501110623,0.601234207041871,0.6117823442088945,0.6089560558091757,78129.44,28.489999999990687,0.0158277777777726,0.0,17.56677720554933,0.649314957294439,0.6643865687140489,0.6603618774946161,78203.79,-45.86000000000058,-0.012738888888889,45.86000000000058,5.67867317221808,0.5493272588944416,0.5545689338097191,0.5531615229180578,0.0202866641133862,True,0.604856667943307,0.6647664897035964,0.5947133358866138,heartbeat:11420,two_side_all_heartbeats,0.6098071369910667,0.5947133358866138,0.6428312274108192,0.0202866641133862,0.010385726017866581,2026-05-02 12:30:00+00:00,train,book_p_side,0.615,session_switch:book_margin,2,64.0,38.0,36.0,0.64
KXBTC15M-26MAY020845-45,heartbeat:11459,live_heartbeat_two_side,heartbeat:11459:no,2026-05-02 12:31:19.533000+00:00,2026-05-02 12:31:00+00:00,no,no,True,True,1,61.0,60.0,60.5,0.605,39.5,21.0,1.0,78244.44,78245.65,820.467,,11459,False,False,synced,bid>=98,last_decisive_quote,-1.0,1.209999999991851,0.0422430056525074,0.3272129147718142,,,56.91376281632383,0.0212602354881516,0.5084809679264924,47.46440643821378,0.0254927869279678,0.5101690490915954,60.17586759130533,0.0201077283706114,0.5080212824777441,63.23357072499188,0.0191354052304628,0.5076334563470579,78245.56,1.1199999999953434,0.018666666666589,0.0,16.525383999928174,0.6361413812694082,0.608195180556985,0.6030843669810392,78247.89,3.4499999999970896,0.0191666666666504,0.0,16.935617499978584,0.6393817341936757,0.6108117533112206,0.6055835128840417,78207.51,-36.93000000000757,-0.1231000000000252,36.93000000000757,-99.78948770002884,0.0177588309256357,0.048628721865453,0.0572702479966761,78142.45,-101.99000000000524,-0.169983333333342,101.99000000000524,-138.2557155500153,0.0017908514570422,0.0107943457443923,0.0143921153467521,78139.91,-104.52999999999884,-0.1161444444444431,104.52999999999884,-94.08268390000708,0.0237299183433967,0.0589719803455355,0.0683939439169486,78147.22,-97.22000000000116,-0.0540111111111117,97.22000000000116,-43.10433430000868,0.1819020838381757,0.2369012150293035,0.2477242900088945,78210.63,-33.80999999999767,-0.009391666666666,33.80999999999767,-6.4955525750076175,0.4455742762562394,0.4570205268166109,0.4590913435932841,0.0948309509084045,True,0.5575845245457978,0.37764262667241044,0.5101690490915954,heartbeat:11459,two_side_all_heartbeats,0.5565106412388721,0.0177588309256357,0.4591024809126058,0.09483095090840454,0.09697871752225584,2026-05-02 12:45:00+00:00,train,book_p_side,0.605,session_switch:book_margin,2,63.0,39.0,37.0,0.63
KXBTC15M-26MAY020900-00,heartbeat:11542,live_heartbeat_two_side,heartbeat:11542:no,2026-05-02 12:47:06.069000+00:00,2026-05-02 12:47:00+00:00,no,no,True,True,1,62.0,61.0,61.5,0.615,38.5,23.0,1.0,78219.5,78221.29,773.931,,11542,False,False,synced,bid>=98,last_decisive_quote,-1.0,1.7899999999935972,0.0643430894143332,0.4983994274904944,,,8.034485587588353,0.2227896211250641,0.5881503769231465,36.65763165792546,0.0488302140382982,0.51947269821642,54.73635843240811,0.0327022120443763,0.513043970060085,57.11128497948945,0.0313423170330775,0.51250172857032,78219.49,-0.0099999999947613,-0.0001666666665793,0.0099999999947613,1.6610115000611705,0.518070480964898,0.5121043132516772,0.5116011101694056,78214.02,-5.4799999999959255,-0.0304444444444218,5.4799999999959255,-21.77189933332222,0.2762809976106872,0.345403785468016,0.3515204253486284,78209.99,-9.50999999999476,-0.0316999999999825,9.50999999999476,-22.74361269999289,0.2674863012780338,0.3388835733097051,0.3452291288219221,78223.69,4.190000000002328,0.0069833333333372,0.0,7.194618149996601,0.5777987089038195,0.5522868906044163,0.5501243094909645,78195.29,-24.210000000006403,-0.0269000000000071,24.210000000006403,-19.028743900011907,0.3018477173529816,0.3640539345472195,0.3694965243592075,78139.92,-79.58000000000175,-0.044211111111112,79.58000000000175,-32.42634943334049,0.18819350019665,0.2767881377197418,0.2850939405109253,78118.99,-100.50999999999476,-0.0279194444444429,100.50999999999476,-19.817723558338614,0.2943859427908216,0.3586544323615607,0.3642949512147994,0.09552730178358,True,0.56723634910821,0.4673196664981512,0.51947269821642,heartbeat:11542,two_side_all_heartbeats,0.5640219850300425,0.2674863012780338,0.5168390697205327,0.09552730178358004,0.10195602993991504,2026-05-02 13:00:00+00:00,train,book_p_side,0.615,session_switch:book_margin,2,64.0,38.0,36.0,0.64
KXBTC15M-26MAY020915-15,heartbeat:11602,live_heartbeat_two_side,heartbeat:11602:yes,2026-05-02 13:00:37.481000+00:00,2026-05-02 13:00:00+00:00,yes,yes,True,True,1,67.0,66.0,66.5,0.665,33.5,33.0,1.0,78213.16,78210.72,862.519,,11602,False,False,synced,bid>=98,latest_quote,1.0,2.4400000000023283,0.0830817223041445,0.643548253716362,,,27.629949691257384,0.0883099689745142,0.535184842091064,39.220550667590246,0.0622122830625785,0.5248031095153707,51.484888755326914,0.0473925468033544,0.5188998154316609,56.9187768424876,0.0428681032052847,0.5170966623394782,78204.18,8.980000000010477,0.1496666666668412,0.0,131.5303436668196,0.9996011732843348,0.9946865951515622,0.989579229301346,78206.37,6.790000000008149,0.0377222222222674,0.0,34.976133388930265,0.8137447780673849,0.7515411648488155,0.7305548731739153,78184.15,29.010000000009317,0.096700000000031,0.0,85.8455873000291,0.9856939819686076,0.9522819428333508,0.9342498728234776,78210.37,2.790000000008149,0.0046500000000135,0.0,6.450713350014043,0.5653205168284097,0.5498543352536988,0.5451162877594472,78214.04,-0.8799999999901047,-0.0009777777777667,0.8799999999901047,1.5966480889007002,0.5162362466796929,0.5123700052470239,0.5111893989726962,78245.56,-32.39999999999418,-0.0179999999999967,32.39999999999418,-13.08534199999488,0.369327563753411,0.3996864058235856,0.4090866822323012,78147.04,66.1200000000099,0.0183666666666694,0.0,18.281598966671368,0.6794362533362673,0.6387376778857179,0.6259658433966802,0.1401968904846293,True,0.5949015547576854,0.7251656971613261,0.5248031095153707,heartbeat:11602,two_side_all_heartbeats,0.5919499077158304,0.5248031095153707,0.6870797292483327,0.14019689048462936,0.14610018456833918,2026-05-02 13:15:00+00:00,train,book_p_side,0.665,session_switch:book_margin,2,69.0,33.0,31.0,0.69
KXBTC15M-26MAY020930-30,heartbeat:11667,live_heartbeat_two_side,heartbeat:11667:no,2026-05-02 13:15:24.053000+00:00,2026-05-02 13:15:00+00:00,no,no,True,True,1,69.0,68.0,68.5,0.685,31.5,37.0,1.0,78389.76,78402.31,875.947,,11667,False,False,synced,bid>=98,last_decisive_quote,-1.0,12.55000000000291,0.42403803277436,3.2845844781873024,,,123.0566007706254,0.1019855897319625,0.5406159434161276,90.69805470688716,0.1383712146921044,0.5550264772501129,72.51611627004354,0.1730649770772035,0.568699823125223,65.62195234924559,0.1912469768227977,0.5758339497001481,78414.87,25.110000000000586,0.4185000000000097,0.0,379.1338195000114,0.9999854358133476,0.9999999144481422,0.99999999621009,78362.08,-27.67999999999301,-0.1537777777777389,27.67999999999301,-122.1511831110742,0.0890240269308323,0.0460454885384858,0.0313411878236815,78313.64,-76.11999999999534,-0.2537333333333178,76.11999999999534,-209.70695213331683,0.0103848778536183,0.0019148010976888,0.0006975016320227,78305.78,-83.97999999999593,-0.1399666666666598,83.97999999999593,-110.05338176665782,0.1124877001591812,0.0645525485246337,0.0467632439063356,78213.16,-176.59999999999127,-0.1962222222222125,176.59999999999127,-159.33026688887747,0.0394835441002056,0.0140041380437579,0.0075911185036405,78214.04,-175.72000000000116,-0.0976222222222228,175.72000000000116,-72.96189268888655,0.2105690683548441,0.1571723655295694,0.1331009153784149,78141.99,-247.76999999998952,-0.068824999999997,247.76999999998952,-47.73705227499453,0.2993296813108199,0.2551740492027416,0.2334734732252537,0.1299735227498871,True,0.6200132386250565,0.4168037850345771,0.5550264772501129,heartbeat:11667,two_side_all_heartbeats,0.6268499115626116,0.0103848778536183,0.5110849187457575,0.12997352274988716,0.116300176874777,2026-05-02 13:30:00+00:00,train,book_p_side,0.685,session_switch:book_margin,2,71.0,31.0,29.0,0.71
KXBTC15M-26MAY020945-45,heartbeat:11772,live_heartbeat_two_side,heartbeat:11772:yes,2026-05-02 13:40:11.296000+00:00,2026-05-02 13:40:00+00:00,yes,yes,True,True,1,69.0,65.0,67.0,0.67,33.0,34.0,4.0,78305.49,78305.0,288.704,,11772,False,False,synced,bid>=98,last_decisive_quote,1.0,0.4900000000052387,0.0288383015991267,0.2233805236526489,,,12.80814531987952,0.0382569050996563,0.5152585748192102,15.684306511548543,0.0312414195453554,0.5124614959988062,39.8747675800391,0.0122884728800407,0.5049022680139946,36.13886980305457,0.0135588080832517,0.5054090160823463,78309.12,-3.6299999999901047,-0.060499999999835,3.6299999999901047,-16.97659199994715,0.1395388494393987,0.3351458371937357,0.31926328208584,78299.83,5.6600000000034925,0.0314444444444638,0.0,9.56813688889973,0.7290840877397516,0.594817302816279,0.6044029271588686,78310.46,-4.970000000001164,-0.0165666666666705,4.970000000001164,-4.292862933329214,0.392155916925917,0.4571332427576873,0.4527216704070644,78301.13,4.360000000000582,0.0072666666666676,0.0,2.587915733338852,0.5655281384191814,0.5258736221757019,0.5285439832266914,78301.88,3.610000000000582,0.0040111111111117,0.0,1.6480238222276478,0.5418417332124286,0.5164835883050077,0.5181864728927481,78313.64,-8.14999999999418,-0.0045277777777745,8.14999999999418,-0.8171875555493833,0.4792236127075175,0.4918247085183603,0.4909797155222626,78194.75,110.74000000000524,0.0307611111111125,0.0,9.37085582222788,0.7249021891205962,0.5928984114124596,0.6022986107267112,0.1575385040011938,True,0.5912307479994031,0.5248724709749077,0.5124614959988062,heartbeat:11772,two_side_all_heartbeats,0.5874511340069973,0.392155916925917,0.5671696321848253,0.15753850400119385,0.1650977319860054,2026-05-02 13:45:00+00:00,train,book_p_side,0.67,session_switch:book_margin,2,71.0,31.0,29.0,0.71
KXBTC15M-26MAY021000-00,heartbeat:11811,live_heartbeat_two_side,heartbeat:11811:no,2026-05-02 13:47:13.386000+00:00,2026-05-02 13:47:00+00:00,no,yes,True,False,1,68.0,67.0,67.5,0.675,32.5,35.0,1.0,78340.06,78357.85,766.614,,11811,False,False,synced,bid>=98,last_decisive_quote,-1.0,17.79000000000815,0.6425213675102607,4.97694911189931,,,50.77388774171695,0.3503769514460775,0.6369720892332872,42.5150178841644,0.4184403743749665,0.6621874137378809,44.07198653914386,0.4036577744052319,0.6567678027433591,60.90065650067417,0.2921150776069419,0.614900680525496,78360.38,20.320000000006985,0.3386666666667831,0.0,277.4166080000974,0.9999999999660318,0.9999999998459276,0.9999973836080684,78352.22,12.160000000003492,0.0675555555555749,0.0,69.5790346666897,0.949140395977841,0.9428042990043964,0.8733769950394623,78330.95,-9.110000000000582,-0.0303666666666686,9.110000000000582,-5.489511799993338,0.4486316025141664,0.4504368004294924,0.4640884603112283,78299.83,-40.229999999995925,-0.0670499999999932,40.229999999995925,-33.61146869998665,0.2145949324450875,0.2228362939552456,0.2905062044536686,78291.73,-48.33000000000175,-0.0537000000000019,48.33000000000175,-23.37717179999334,0.2912087973604295,0.2979063806592586,0.3505420457514865,78348.25,8.190000000002328,0.0045500000000012,0.0,21.27809370000914,0.6916329022721905,0.6853822411761984,0.6366018122629236,78219.5,-120.55999999999769,-0.0334888888888882,120.55999999999769,-7.883051066658023,0.4264505819659903,0.429020826551671,0.4485042939298375,0.0128125862621191,True,0.6685937068689405,0.5952730054173491,0.6621874137378809,heartbeat:11811,two_side_all_heartbeats,0.6658839013716795,0.4486316025141664,0.6258825446241976,0.012812586262119119,0.018232197256640936,2026-05-02 14:00:00+00:00,train,book_p_side,0.675,session_switch:book_margin,2,70.0,-68.0,-70.0,0.7
KXBTC15M-26MAY021015-15,heartbeat:11879,live_heartbeat_two_side,heartbeat:11879:no,2026-05-02 14:01:14.925000+00:00,2026-05-02 14:01:00+00:00,no,no,True,True,1,65.0,64.0,64.5,0.645,35.5,29.0,1.0,78343.16,78361.99,825.075,,11879,False,False,synced,bid>=98,latest_quote,-1.0,18.830000000001743,0.6555466554311588,5.0778425582937,,,36.1325050903167,0.5211374066905778,0.6988644728872481,60.04395964931682,0.313603568285257,0.6230889254635763,50.81172494258679,0.370583758399821,0.644526209514021,66.17536324436703,0.2845469836027623,0.612004383190911,78367.8,24.639999999999414,0.4106666666666569,0.0,357.66079999999374,0.9999999987126892,0.9999999999990314,0.9999999675492236,78378.92,35.75999999999476,0.1986666666666375,0.0,182.74489999997772,0.9988308545528488,0.9998387426866971,0.9971233917496296,78386.5,43.33999999999651,0.144466666666655,0.0,138.02583499999216,0.9892403274564988,0.9967003633166758,0.9814997537275678,78336.21,-6.94999999999709,-0.0115833333333284,6.94999999999709,9.272881250005748,0.5613665703859815,0.5724028263550828,0.5557197349198231,78360.38,17.220000000001164,0.0191333333333346,0.0,34.61643500000281,0.7178675111169602,0.7521492402422558,0.6995482060826173,78301.19,-41.97000000000117,-0.0233166666666673,41.97000000000117,-0.4079987499987894,0.4972892077716033,0.4967966802375772,0.4975403698211539,78225.59,-117.57000000000698,-0.0326583333333352,117.57000000000698,-8.115574374999856,0.4462424702263375,0.436551398937402,0.4511971192294262,0.0219110745364237,True,0.6340444627317882,0.7524430843066917,0.6230889254635763,heartbeat:11879,two_side_all_heartbeats,0.6447631047570105,0.6230889254635763,0.7072747431303726,0.021911074536423714,0.00047379048597906426,2026-05-02 14:15:00+00:00,train,book_p_side,0.645,session_switch:book_margin,2,67.0,35.0,33.0,0.67
KXBTC15M-26MAY021030-30,heartbeat:11955,live_heartbeat_two_side,heartbeat:11955:yes,2026-05-02 14:18:46.917000+00:00,2026-05-02 14:18:00+00:00,yes,yes,True,True,1,64.0,63.0,63.5,0.635,36.5,27.0,1.0,78325.0,78316.34,673.083,,11955,False,False,synced,bid>=98,last_decisive_quote,1.0,8.660000000003492,0.3337978854233372,2.585587302487673,,,39.22045407931241,0.2208031549683504,0.5873771465491473,40.98408911959628,0.2113015120265969,0.5836739984327413,50.10576183443448,0.1728344143058619,0.5686092073046107,45.389852400079874,0.1907915435298541,0.5756555428641866,78305.0,20.0,0.3333333333333333,0.0,233.02100000000348,0.9999999934840244,0.9999983450093384,0.9999998580013972,78308.0,17.0,0.0944444444444444,0.0,72.2289500000035,0.9609962290287192,0.92528247092895,0.9442291545562777,78323.27,1.7299999999959257,0.005766666666653,0.0,12.54144529999435,0.6202005940800405,0.5988221142925766,0.6088431100889653,78357.99,-32.99000000000524,-0.054983333333342,32.99000000000524,-28.34834695000238,0.2445655363634998,0.2857750029863216,0.2661323932344732,78380.45,-55.44999999999709,-0.0616111111111078,55.44999999999709,-32.80939149999433,0.2116990780959431,0.2562973744003704,0.2348905120320439,78340.34,-15.339999999996508,-0.0085222222222202,15.339999999996508,2.923837100004799,0.528436732010466,0.5232663980818667,0.5256805431462903,78340.01,-15.00999999999476,-0.0041694444444429,15.00999999999476,5.853617825004472,0.5567864329768994,0.5465007303325052,0.5513065918203294,0.0513260015672587,True,0.6093369992163706,0.6129581975042605,0.5836739984327413,heartbeat:11955,two_side_all_heartbeats,0.6018046036523054,0.5836739984327413,0.6166423183458305,0.05132600156725875,0.06639079269538928,2026-05-02 14:30:00+00:00,train,book_p_side,0.635,session_switch:book_margin,2,66.0,36.0,34.0,0.66
KXBTC15M-26MAY021045-45,heartbeat:12043,live_heartbeat_two_side,heartbeat:12043:no,2026-05-02 14:31:21.879000+00:00,2026-05-02 14:31:00+00:00,no,no,True,True,1,63.0,62.0,62.5,0.625,37.5,25.0,1.0,78393.22,78406.99,818.121,,12043,False,False,synced,bid>=98,last_decisive_quote,-1.0,13.770000000004076,0.4814211544623368,3.729072227489158,,,40.624935217838,0.3389543866634353,0.6326779538373319,137.55909869463147,0.1001024296515071,0.5398684967798235,103.18988793475695,0.1334433080178391,0.5530786015971604,80.5855891222384,0.1708742239151057,0.5678386675544033,78413.98,20.75999999999476,0.3459999999999127,0.0,296.83986599993267,0.9845325034764274,0.9979903126287628,0.9998849893147906,78414.0,20.77999999999884,0.1154444444444379,0.0,108.21752433333212,0.7842707826919393,0.8528469987894677,0.91034608709899,78446.22,53.0,0.1766666666666666,0.0,158.30471000000406,0.8750952791036717,0.9374987878484248,0.9752598487574412,78326.06,-67.16000000000349,-0.1119333333333391,67.16000000000349,-77.80501060000068,0.2858289481941506,0.2254250906604658,0.1671483849907826,78308.05,-85.16999999999825,-0.0946333333333313,85.16999999999825,-63.65151729999434,0.3217820943321491,0.2686705583837177,0.2148041006016626,78343.16,-50.05999999999767,-0.0278111111111098,50.05999999999767,-8.982854033328202,0.4739668624716304,0.4653152130619528,0.4556219331242241,78301.19,-92.02999999999884,-0.0255638888888885,92.02999999999884,-7.1443543416623285,0.4792895984026394,0.4724012725323691,0.4646778562152768,0.0851315032201764,True,0.5824342483899118,0.6799879252944985,0.5398684967798235,heartbeat:12043,two_side_all_heartbeats,0.5890393007985801,0.5398684967798235,0.6494796048546814,0.08513150322017649,0.07192139840283962,2026-05-02 14:45:00+00:00,train,book_p_side,0.625,session_switch:book_margin,2,65.0,37.0,35.0,0.65
KXBTC15M-26MAY021100-00,heartbeat:12136,live_heartbeat_two_side,heartbeat:12136:yes,2026-05-02 14:47:08.028000+00:00,2026-05-02 14:47:00+00:00,yes,yes,True,True,1,62.0,61.0,61.5,0.615,38.5,23.0,1.0,78400.0,78389.63,771.972,,12136,False,False,synced,bid>=98,last_decisive_quote,1.0,10.369999999995343,0.3732312352664939,2.8910367169431064,,,10.93512674283898,0.9483200555298804,0.8285167280250431,57.47131499637185,0.180437841045572,0.5715955755180625,102.41857479676216,0.1012511648455703,0.5403244591517786,80.87549274665494,0.1282217844715914,0.5510132695749618,78399.99,0.0099999999947613,0.0001666666665793,0.0,10.498661999927942,0.5724740948315314,0.540823030999104,0.5516426726596547,78398.02,1.9799999999959252,0.0109999999999773,0.0,18.861691999977868,0.6286171872429075,0.5730571310919907,0.5922042778228304,78386.52,13.479999999995924,0.0449333333333197,0.0,45.05727519998486,0.7834787413255201,0.6700070568316683,0.7112769431366344,78420.91,-20.91000000000349,-0.0348500000000058,20.91000000000349,-16.533224200009148,0.3867966742640629,0.4358781632655947,0.4190094823385556,78413.97,-13.970000000001164,-0.0155222222222235,13.970000000001164,-1.6127209333389878,0.4888066222334741,0.493718366209748,0.492045304344689,78305.0,95.0,0.0527777777777777,0.0,51.11296666666201,0.8130964817268198,0.6911312795597007,0.7363051686701032,78340.06,59.94000000000233,0.0166500000000006,0.0,23.22333379999584,0.656925132314176,0.5896906311563735,0.613000962839217,0.0434044244819374,True,0.5932977877590313,0.656691438947861,0.5715955755180625,heartbeat:12136,two_side_all_heartbeats,0.5776622295758893,0.5715955755180625,0.6356744209205227,0.04340442448193749,0.07467554084822137,2026-05-02 15:00:00+00:00,train,book_p_side,0.615,session_switch:book_margin,2,64.0,38.0,36.0,0.64
KXBTC15M-26MAY021115-15,heartbeat:12297,live_heartbeat_two_side,heartbeat:12297:yes,2026-05-02 15:05:11.187000+00:00,2026-05-02 15:05:00+00:00,yes,yes,True,True,1,62.0,59.0,60.5,0.605,39.5,21.0,3.0,78436.0,78417.73,588.813,,12297,False,False,synced,bid>=98,last_decisive_quote,1.0,18.270000000004075,0.7529217662986767,5.832106923743695,,,26.3871549144766,0.6923823375130426,0.7556513726114348,52.774765251008375,0.3461881812852779,0.6353993519016495,49.83889450546265,0.3665811647969352,0.6430342700516027,70.90549461960968,0.2576669142217831,0.6016680086595256,78417.2,18.80000000000291,0.3133333333333818,0.0,202.76474000003265,0.9999390013589656,0.999976331835726,0.9978794411566144,78417.81,18.19000000000233,0.1010555555555684,0.0,77.77282483334503,0.9297153716454728,0.9406772908123364,0.8636469257919483,78415.34,20.66000000000349,0.0688666666666783,0.0,58.81958860001093,0.8674762099351796,0.8810385646636334,0.7966031147997878,78428.99,7.009999999994761,0.0116833333333246,0.0,25.14929854999893,0.6831552217337494,0.6930842700371372,0.6385881730924959,78427.1,8.89999999999418,0.0098888888888824,0.0,24.0927063333336,0.6759917529509479,0.6855982903103096,0.6329912175554816,78437.18,-1.179999999993015,-0.0006555555555516,1.179999999993015,17.884000366673025,0.6326477067097384,0.6401411913632112,0.5995656700878685,78386.76,49.24000000000524,0.0136777777777792,0.0,26.3236533666716,0.6910371892399108,0.701311027298624,0.644774271953552,-0.0303993519016495,True,0.6201996759508248,0.7026251872789432,0.605,heartbeat:12297,two_side_all_heartbeats,0.6240171350258014,0.605,0.6666150475575308,0.03039935190164955,0.03803427005160276,2026-05-02 15:15:00+00:00,train,book_p_side,0.605,session_switch:book_margin,2,64.0,38.0,36.0,0.64
KXBTC15M-26MAY021130-30,heartbeat:12378,live_heartbeat_two_side,heartbeat:12378:no,2026-05-02 15:17:12.239000+00:00,2026-05-02 15:17:00+00:00,no,no,True,True,1,81.0,80.0,80.5,0.805,19.5,61.0,1.0,78383.84,78434.44,767.761,,12378,False,False,synced,bid>=98,latest_quote,-1.0,50.60000000000582,1.8261543961441824,14.145331127739762,,,89.37039172633976,0.5661830391764154,0.7143653207438799,63.88537858213344,0.7920435179851453,0.7858323489937196,61.54186916853189,0.8222044712590407,0.7945197327804331,83.85671016672758,0.6034102685330809,0.7268821036070885,78437.99,54.15000000000873,0.9025000000001456,0.0,743.5043025001175,1.0,1.0,1.0,78437.0,53.16000000000349,0.2953333333333527,0.0,277.345415333354,0.9999929178011916,0.9999967064763252,0.9995291229086276,78431.79,47.94999999999709,0.1598333333333236,0.0,173.3137998333317,0.9966650055618422,0.9975701791297394,0.9806227963608534,78455.5,71.66000000000349,0.1194333333333391,0.0,142.29625543334362,0.9870386592947064,0.989616285460426,0.9551419949407,78417.81,33.970000000001164,0.0377444444444457,0.0,79.57871241111792,0.8935532267609743,0.9020087319164226,0.8286857348139245,78400.0,16.160000000003492,0.0089777777777797,0.0,57.49278764445175,0.8159229929273049,0.8249011970077468,0.7535196679476941,78305.0,-78.83999999999651,-0.021899999999999,78.83999999999651,33.78603410000656,0.7015466116075488,0.708494754504385,0.6564898306282141,0.0191676510062804,True,0.7954161744968598,0.8624991181851872,0.7858323489937196,heartbeat:12378,two_side_all_heartbeats,0.7997598663902166,0.7858323489937196,0.8375827058104843,0.019167651006280484,0.010480267219566963,2026-05-02 15:30:00+00:00,train,book_p_side,0.805,session_switch:book_margin,2,83.0,19.0,17.0,0.83
KXBTC15M-26MAY021145-45,heartbeat:12449,live_heartbeat_two_side,heartbeat:12449:yes,2026-05-02 15:33:28.919000+00:00,2026-05-02 15:33:00+00:00,yes,yes,True,True,1,61.0,60.0,60.5,0.605,39.5,21.0,1.0,78382.82,78373.22,691.081,,12449,False,False,synced,bid>=98,latest_quote,1.0,9.60000000000582,0.3651798084959851,2.828670633352328,,,24.26440894405118,0.3956412052789532,0.6538151325831854,19.423373995541954,0.4942498662801431,0.6894351367806462,44.38869449325059,0.2162712850558271,0.5856118546967168,49.44301646291765,0.1941629108977572,0.5769758385005691,78376.46,6.360000000000582,0.1060000000000097,0.0,82.85458600001252,0.999990036868016,0.9690191391993894,0.953107308244795,78377.9,4.920000000012806,0.0273333333334044,0.0,28.48954733338832,0.9287801584020792,0.7395049354793808,0.7177632864983781,78385.6,-2.779999999998836,-0.0092666666666627,2.779999999998836,3.195982733341836,0.5653482013240181,0.5286990167591225,0.5257695705273017,78373.04,9.780000000013388,0.0163000000000223,0.0,20.864620300021244,0.8586338423895875,0.6808380543416502,0.6634850358921266,78384.97,-2.1499999999941792,-0.0023888888888824,2.1499999999941792,7.949084277788068,0.6588231910608552,0.5710621756021815,0.563863762434674,78415.34,-32.51999999998952,-0.0180666666666608,32.51999999998952,-2.8855300666568238,0.4409505485069043,0.4740846241499777,0.4767306509411999,78424.3,-41.479999999995925,-0.011522222222221,41.479999999995925,1.637211144451047,0.5335873745049355,0.5147110586222877,0.5132077986471576,-0.0844351367806461,True,0.6472175683903231,0.6199277793682214,0.605,heartbeat:12449,two_side_all_heartbeats,0.5953059273483584,0.5653482013240181,0.6224001812989974,0.08443513678064618,0.019388145303283144,2026-05-02 15:45:00+00:00,train,book_p_side,0.605,session_switch:book_margin,2,63.0,39.0,37.0,0.63
KXBTC15M-26MAY021200-00,heartbeat:12505,live_heartbeat_two_side,heartbeat:12505:no,2026-05-02 15:45:59.905000+00:00,2026-05-02 15:45:00+00:00,no,yes,True,False,1,76.0,75.0,75.5,0.755,24.5,51.0,1.0,78433.99,78439.12,840.095,,12505,False,False,synced,bid>=98,last_decisive_quote,-1.0,5.129999999990105,0.1769918077886125,1.3709726479608806,,,57.27937161623785,0.089561038384992,0.535681976600949,51.2607918251461,0.1000764876494469,0.5398581991281823,54.69572389873934,0.0937916099161152,0.5373626516889423,53.00871096124235,0.0967765468536093,0.5385480753034213,78438.08,4.089999999996508,0.0681666666666084,0.0,62.39647583327454,0.8882427617225273,0.8730218748793671,0.8804219094284198,78406.85,-27.139999999999414,-0.1507777777777745,27.139999999999414,-121.5376572222294,0.0088708021862078,0.0131393308878517,0.0109301496219574,78408.81,-25.180000000007567,-0.0839333333333585,25.180000000007567,-65.38197366669776,0.101070186154706,0.1159700148043236,0.1087096611461898,78422.33,-11.660000000003492,-0.0194333333333391,11.660000000003492,-11.195846166681452,0.4135550150067633,0.4189058923722339,0.4163626141954851,78377.9,-56.09000000001106,-0.0623222222222345,56.09000000001106,-47.226587277798,0.1784468099139514,0.1939472375645829,0.1864857083828843,78435.36,1.3699999999953434,0.0007611111111085,0.0,5.769405638876821,0.5448063635709629,0.5420032607163447,0.543334834264304,78398.2,-35.79000000000815,-0.0099416666666689,35.79000000000815,-3.2219444583451318,0.4749413930214758,0.4765132117703553,0.4757666458256071,0.2151418008718176,True,0.6474290995640912,0.46530946176096283,0.5398581991281823,heartbeat:12505,two_side_all_heartbeats,0.6461813258444711,0.101070186154706,0.5596714969693959,0.21514180087181767,0.21763734831105774,2026-05-02 16:00:00+00:00,train,book_p_side,0.755,session_switch:book_margin,2,78.0,-76.0,-78.0,0.78
KXBTC15M-26MAY021315-15,heartbeat:25543,live_heartbeat_two_side,heartbeat:25543:no,2026-05-02 17:03:23.188000+00:00,2026-05-02 17:03:00+00:00,no,no,True,True,1,65.0,64.0,64.5,0.645,35.5,29.0,1.0,78438.68,78449.91,696.812,,25543,False,False,synced,bid>=98,latest_quote,-1.0,11.230000000010476,0.4254239598323507,3.2953198230166154,,,20.09063038963341,0.5589670300144021,0.7119078892372136,44.43834432781208,0.2527096850676791,0.5997537184201152,50.36133286316457,0.2229885382605581,0.5882277864630647,55.1266040105816,0.2037128932856968,0.5807110669564813,78438.83,0.1500000000087311,0.0025000000001455,0.0,12.972030000111875,0.6148225643831164,0.6016341439037178,0.5930172620118924,78446.03,7.350000000005821,0.0408333333333656,0.0,39.68315666669968,0.8140696975095896,0.7846425083584512,0.7641928342960729,78453.59,14.910000000003492,0.0497000000000116,0.0,45.86155640001859,0.8489701874678481,0.81876013679252,0.797276184723047,78491.99,53.310000000012224,0.0888500000000203,0.0,73.14174620002467,0.9501093900179818,0.9267963665179524,0.9077118784931806,78441.79,3.110000000000582,0.0034555555555562,0.0,13.637872577788706,0.6205380689878794,0.6067277505744819,0.5976975097126596,78476.96,38.28000000001339,0.0212666666666741,0.0,26.048868533348998,0.7211227187534671,0.697505494772531,0.6817250493282225,78491.86,53.18000000000757,0.0147722222222243,0.0,21.52346171112305,0.6859292527572756,0.6654489688997189,0.6518932557383137,0.0452462815798848,True,0.6223768592100576,0.6979079686293211,0.5997537184201152,heartbeat:25543,two_side_all_heartbeats,0.6166138932315324,0.5997537184201152,0.6722201530196041,0.04524628157988486,0.05677221353693529,2026-05-02 17:15:00+00:00,train,book_p_side,0.645,session_switch:book_margin,2,67.0,35.0,33.0,0.67
KXBTC15M-26MAY021330-30,heartbeat:25604,live_heartbeat_two_side,heartbeat:25604:yes,2026-05-02 17:17:09.404000+00:00,2026-05-02 17:17:00+00:00,yes,yes,True,True,1,68.0,67.0,67.5,0.675,32.5,35.0,1.0,78442.53,78435.09,770.596,,25604,False,False,synced,mid>=95,last_decisive_quote,1.0,7.440000000002328,0.2680152835665974,2.07603745956498,,,31.77136936997375,0.2341730982182237,0.5925747005307631,38.616590207401735,0.1926633076624224,0.5763886693710908,42.8115191213846,0.1737850034918757,0.5689827847340535,55.74556139967196,0.1334635406514376,0.5530866016919002,78431.25,11.279999999998836,0.1879999999999806,0.0,152.3120479999874,0.9999599687237454,0.9998129669316038,0.9968550424935304,78425.55,16.979999999995925,0.0943333333333107,0.0,80.13288933331822,0.981010889813766,0.9693800932489836,0.9247085622335078,78431.29,11.24000000000524,0.0374666666666841,0.0,36.31166346668245,0.826471361724207,0.8018297620905945,0.7426000838497865,78412.74,29.7899999999936,0.0496499999999893,0.0,45.70009139999411,0.8816809211960321,0.8571205900736791,0.7938343216283021,78438.83,3.6999999999970896,0.0041111111111078,0.0,10.608005777777612,0.6082269174278048,0.5978491992233252,0.5754603407635447,78430.14,12.389999999999418,0.006883333333333,0.0,12.744269133335411,0.6293077904858282,0.6170275087438568,0.5904159008712309,78527.02,-84.49000000000524,-0.0234694444444459,84.49000000000524,-10.645460011109904,0.3914005252580846,0.4018123690643073,0.4242764448309793,0.0986113306289092,True,0.6256943346855455,0.6926200103650993,0.5763886693710908,heartbeat:25604,two_side_all_heartbeats,0.6219913923670268,0.5763886693710908,0.6757108731561686,0.09861133062890926,0.10601721526594654,2026-05-02 17:30:00+00:00,train,book_p_side,0.675,session_switch:book_margin,2,70.0,32.0,30.0,0.7
KXBTC15M-26MAY021345-45,heartbeat:25665,live_heartbeat_two_side,heartbeat:25665:yes,2026-05-02 17:31:10.481000+00:00,2026-05-02 17:31:00+00:00,yes,no,True,False,1,64.0,63.0,63.5,0.635,36.5,27.0,1.0,78447.35,78442.3,829.519,,25665,False,False,synced,bid>=98,last_decisive_quote,1.0,5.05000000000291,0.175338872347044,1.3581690650857796,,,67.63188033315093,0.0746689279541968,0.5297609347324543,47.08964813007431,0.1072422538824976,0.5427016025264935,42.40682961315965,0.1190845919411952,0.5473958311384421,48.770288531594645,0.1035466500619817,0.5412354364750682,78417.44,29.91000000000349,0.4985000000000582,0.0,418.5652215000512,1.0,1.0,1.0,78428.94,18.41000000000349,0.1022777777777971,0.0,89.89135994446345,0.9718651483467012,0.98298591855996,0.967347046125284,78427.53,19.820000000006985,0.0660666666666899,0.0,59.85355526668889,0.8981455438412065,0.9209385802062544,0.8901365213489811,78423.2,24.15000000000873,0.0402500000000145,0.0,38.43813975001498,0.7928287912123582,0.8176415904274454,0.7846945359060464,78431.25,16.10000000000582,0.0178888888888953,0.0,19.889173222230497,0.6636218829508892,0.6804683013688341,0.6582946326461783,78434.93,12.420000000012806,0.0069000000000071,0.0,10.773681100008812,0.5904842645322976,0.6002735936686949,0.5874174406366274,78482.75,-35.39999999999418,-0.0098333333333317,35.39999999999418,-3.106936833329081,0.4736971967254739,0.4707976170560698,0.4746023527021088,0.0922983974735065,True,0.5888508012632467,0.6919490487892332,0.5427016025264935,heartbeat:25665,two_side_all_heartbeats,0.5911979155692211,0.5427016025264935,0.6599395895261894,0.09229839747350654,0.08760416886155786,2026-05-02 17:45:00+00:00,train,book_p_side,0.635,session_switch:book_margin,2,66.0,-64.0,-66.0,0.66
KXBTC15M-26MAY021400-00,heartbeat:25753,live_heartbeat_two_side,heartbeat:25753:no,2026-05-02 17:48:56.824000+00:00,2026-05-02 17:48:00+00:00,no,no,True,True,1,65.0,64.0,64.5,0.645,35.5,29.0,1.0,78422.02,78422.16,663.176,,25753,False,False,synced,bid>=98,last_decisive_quote,-1.0,0.1399999999994179,0.0054364279323613,0.0421103896897848,,,33.65385837435924,0.0041599984893881,0.5016595944971121,36.11507588905173,0.0038764974613235,0.5015464948639335,38.92170850411063,0.003596964403159,0.5014349780871907,38.70935067631945,0.0036166971946926,0.5014428502808379,78427.55,5.529999999998836,0.0921666666666472,0.0,61.26272133331989,0.9550873415548988,0.9422561331647156,0.9432475065481478,78417.5,-4.5200000000040745,-0.0251111111111337,4.5200000000040745,-16.513086222237817,0.3237509774740329,0.3356865845696387,0.3348383861015323,78436.33,14.309999999997672,0.0476999999999922,0.0,31.77349519999428,0.8105120526425544,0.7928482333823443,0.7941262303113494,78473.91,51.88999999999942,0.0864833333333323,0.0,57.49367106666544,0.9443028888478004,0.9301838992576568,0.9312632737488028,78447.3,25.27999999999884,0.0280888888888875,0.0,18.76787697777634,0.6983527704899029,0.6851665024674061,0.6861054012480747,78445.12,23.09999999999127,0.0128333333333284,0.0,8.650758666662869,0.5946539110841829,0.5879444529908882,0.5884189557963879,78441.79,19.769999999989523,0.0054916666666637,0.0,3.7819415333308215,0.5417006832999506,0.5387034789696055,0.5389151317032977,0.1434535051360664,True,0.5732732474319668,0.6523528491688294,0.5015464948639335,heartbeat:25753,two_side_all_heartbeats,0.5732174890435954,0.5015464948639335,0.635066358987691,0.14345350513606647,0.1435650219128093,2026-05-02 18:00:00+00:00,train,book_p_side,0.645,session_switch:book_margin,2,67.0,35.0,33.0,0.67
KXBTC15M-26MAY021415-15,heartbeat:25823,live_heartbeat_two_side,heartbeat:25823:no,2026-05-02 18:00:27.930000+00:00,2026-05-02 18:00:00+00:00,no,no,True,True,1,64.0,63.0,63.5,0.635,36.5,27.0,1.0,78393.08,78394.07,872.07,,25823,False,False,synced,bid>=98,latest_quote,-1.0,0.9900000000052388,0.033524284785546,0.2596779933358688,,,17.626047162889208,0.0561668756957394,0.5223955655724385,30.055367407927967,0.0329392080478809,0.5131384668763009,42.20190858269778,0.0234586546735264,0.5093577909041221,40.10210151192632,0.0246869855364266,0.5098476820221848,78386.84,-6.240000000005239,-0.1040000000000873,6.240000000005239,-89.70528000007091,0.0014194333645373,0.0167673981433827,0.0126457135940875,78396.01,2.929999999993015,0.0162777777777389,0.0,15.185361666638066,0.6933070550692737,0.6405115276471626,0.6475325968527542,78396.01,2.929999999993015,0.0097666666666433,0.0,9.507216999984934,0.6241214866918982,0.5891190043017541,0.5937008058114793,78393.23,0.1499999999941792,0.0002499999999902,0.0,1.2080174999967783,0.5160303989311379,0.5114180487823284,0.5120157388752109,78417.5,24.419999999998254,0.0271333333333313,0.0,24.652166000003547,0.7939560951819099,0.7204396723014748,0.7306351343214726,78417.44,24.360000000000586,0.0135333333333336,0.0,12.792014000005524,0.6648057812821043,0.6190987301995442,0.6251314831931325,78446.03,52.94999999999709,0.0147083333333325,0.0,13.816696250004536,0.6771371274676381,0.6283154475599633,0.6347791232761983,0.121861533123699,True,0.5740692334381505,0.5907533178560663,0.5131384668763009,heartbeat:25823,two_side_all_heartbeats,0.572178895452061,0.5131384668763009,0.5962658374012699,0.12186153312369907,0.12564220909587787,2026-05-02 18:15:00+00:00,train,book_p_side,0.635,session_switch:book_margin,2,66.0,36.0,34.0,0.66
KXBTC15M-26MAY021430-30,heartbeat:25892,live_heartbeat_two_side,heartbeat:25892:yes,2026-05-02 18:16:14.227000+00:00,2026-05-02 18:16:00+00:00,yes,yes,True,True,1,61.0,60.0,60.5,0.605,39.5,21.0,1.0,78321.84,78319.14,825.773,,25892,False,False,synced,bid>=98,latest_quote,1.0,2.6999999999970896,0.0939579266569654,0.7277949703732101,,,40.14129981262963,0.0672623959014797,0.5268135936064584,34.990727690715055,0.0771632994850103,0.5307531813332278,31.93979414818133,0.0845340451309962,0.5336840821982608,38.33279955784513,0.0704357633968978,0.5280765865758339,78318.12,3.720000000001164,0.0620000000000194,0.0,53.89792600001312,0.9382623248125496,0.9542449415320422,0.920145721860426,78327.03,-5.190000000002328,-0.0288333333333462,5.190000000002328,-21.10978816668026,0.2731556865589831,0.25433040988807,0.2909204284481206,78336.42,-14.580000000001746,-0.0486000000000058,14.580000000001746,-37.43256780000772,0.142357969465028,0.1206040020657892,0.1644045684279836,78341.33,-19.49000000000524,-0.032483333333342,19.49000000000524,-24.12385961667679,0.2452745370261676,0.2250370057748396,0.2645675516135023,78386.29,-64.44999999999709,-0.0716111111111078,64.44999999999709,-56.4345220555558,0.0533893981630687,0.0386222268927858,0.0704800071269277,78419.98,-98.13999999999942,-0.0545222222222218,98.13999999999942,-42.32297901111375,0.1132261124194682,0.09257128884426,0.1347763797918271,78431.25,-109.41000000000348,-0.0303916666666676,109.41000000000348,-22.396617758337044,0.2610625919455839,0.2415848645911429,0.2795200999955791,0.0742468186667721,True,0.5678765906666139,0.42603705026608524,0.5307531813332278,heartbeat:25892,two_side_all_heartbeats,0.5693420410991303,0.142357969465028,0.4901975482929739,0.07424681866677219,0.07131591780173918,2026-05-02 18:30:00+00:00,train,book_p_side,0.605,session_switch:book_margin,2,63.0,39.0,37.0,0.63
KXBTC15M-26MAY021445-45,heartbeat:25956,live_heartbeat_two_side,heartbeat:25956:yes,2026-05-02 18:30:45.891000+00:00,2026-05-02 18:30:00+00:00,yes,yes,True,True,1,66.0,65.0,65.5,0.655,34.5,31.0,1.0,78391.33,78378.66,854.109,,25956,False,False,synced,bid>=98,last_decisive_quote,1.0,12.669999999998254,0.4335308086141936,3.358115203661214,,,42.20488777051502,0.3002021962216828,0.6179885350248969,50.261813647642775,0.2520800401040137,0.5995104012111399,46.4693111784401,0.2726530623909189,0.6074400406106503,43.82684891244597,0.2890921960944407,0.613744587312562,78366.01,25.320000000006985,0.4220000000001164,0.0,373.1039980000977,0.9999999999999428,0.9999999999999996,1.0,78364.84,26.49000000000524,0.1471666666666957,0.0,138.36637450002314,0.9970466158458724,0.9985473597945168,0.9992033058144334,78355.17,36.16000000000349,0.1205333333333449,0.0,115.6186048000082,0.989285148196597,0.993577963145396,0.9958311183796626,78365.18,26.15000000000873,0.0435833333333478,0.0,49.894917250010685,0.8395719845009519,0.8585253645435624,0.8725348350522022,78318.12,73.2100000000064,0.0813444444444515,0.0,82.14702210000434,0.9489107061098934,0.961450261125156,0.9695591636484896,78393.08,-1.75,-0.0009722222222222,1.75,11.839616249998254,0.593112505553813,0.6005548608734373,0.6064757548315376,78417.44,-26.110000000000586,-0.0072527777777779,26.110000000000586,6.475337224998116,0.5512547649709448,0.5554118382207548,0.5587292472037376,0.0554895987888601,True,0.6272552006055699,0.7479318498025789,0.5995104012111399,heartbeat:25956,two_side_all_heartbeats,0.6312200203053251,0.5995104012111399,0.7052101500026613,0.05548959878886017,0.04755995938934976,2026-05-02 18:45:00+00:00,train,book_p_side,0.655,session_switch:book_margin,2,68.0,34.0,32.0,0.68
KXBTC15M-26MAY021500-00,heartbeat:26027,live_heartbeat_two_side,heartbeat:26027:yes,2026-05-02 18:47:02.755000+00:00,2026-05-02 18:47:00+00:00,yes,yes,True,True,1,72.0,70.0,71.0,0.71,29.0,42.0,2.0,78424.37,78409.72,777.245,,26027,False,False,synced,bid>=98,last_decisive_quote,1.0,14.64999999999418,0.5254829825555624,4.070373680306192,,,45.33069549655066,0.3231805697997494,0.6267207524599642,40.10900528652492,0.3652546328521394,0.6425393299718399,45.84783382823565,0.3195352708457055,0.6253396750954723,40.49884334495807,0.361738726096681,0.6412263575893523,78400.8,23.569999999992437,0.3928333333332072,0.0,319.9777441665628,0.9999999999999992,0.9999999999985149,0.9999999999999988,78400.2,24.169999999998254,0.1342777777777681,0.0,119.01673138887554,0.9984980175903184,0.9952829257467756,0.998352405322442,78408.48,15.889999999999418,0.0529666666666647,0.0,55.818076833326,0.9179872287188868,0.8882860944167503,0.9159390231269064,78440.34,-15.970000000001164,-0.0266166666666686,15.970000000001164,-6.037671083340662,0.4401726270821503,0.4476150078497403,0.4407442451543071,78417.37,7.0,0.0077777777777777,0.0,20.69523888888307,0.6970640204258167,0.6741456388448339,0.6953273239403358,78327.48,96.88999999999942,0.0538277777777774,0.0,56.487371138882814,0.920485731181654,0.8910370265367834,0.9184603729723932,78427.55,-3.180000000007567,-0.0008833333333354,3.180000000007567,13.963433583325878,0.6361313958774256,0.6196494994023851,0.6348723648476204,0.06746067002816,True,0.6762696649859199,0.7568421862302422,0.6425393299718399,heartbeat:26027,two_side_all_heartbeats,0.6676698375477361,0.6425393299718399,0.7313592447353293,0.06746067002816003,0.08466032490452768,2026-05-02 19:00:00+00:00,train,book_p_side,0.71,session_switch:book_margin,2,74.0,28.0,26.0,0.74
KXBTC15M-26MAY021515-15,heartbeat:26089,live_heartbeat_two_side,heartbeat:26089:no,2026-05-02 19:01:04.164000+00:00,2026-05-02 19:01:00+00:00,no,yes,True,False,1,62.0,61.0,61.5,0.615,38.5,23.0,1.0,78452.04,78459.49,835.836,,26089,False,False,synced,bid>=98,latest_quote,-1.0,7.4500000000116415,0.257688914737183,1.9960497505587456,,,45.77947807735102,0.162736674005409,0.5646371149009873,45.45772878192459,0.1638885223622081,0.5650905486217899,42.67350309317256,0.1745814020411084,0.5692957184186015,44.01569169476318,0.1692578194993585,0.5672030738051249,78456.01,3.970000000001164,0.066166666666686,0.0,62.754482000027856,0.9162839210177472,0.9292966231683976,0.9230268200931556,78479.0,26.960000000006403,0.1497777777778133,0.0,132.63965866670804,0.9982378332646892,0.9990589868230934,0.9987085773612,78464.59,12.55000000000291,0.041833333333343,0.0,42.41580600001975,0.8246112834283877,0.8398791193434123,0.8323897675426017,78451.75,-0.2899999999935971,-0.0004833333333226,0.2899999999935971,7.046012600020561,0.5615899018512996,0.5655730557691929,0.5635907992205513,78400.8,-51.23999999999069,-0.0569333333333229,51.23999999999069,-40.13692959997971,0.1886314772442609,0.1734655574510819,0.1809165395945371,78396.01,-56.02999999999884,-0.0311277777777771,56.02999999999884,-18.567717266654483,0.3414675647865902,0.3317408730342319,0.3365697602122811,78386.29,-65.75,-0.0182638888888888,65.75,-7.815615833321692,0.4317456880335704,0.4273404957750839,0.4295325785951291,0.0499094513782101,True,0.5900452743108949,0.6682339440167259,0.5650905486217899,heartbeat:26089,two_side_all_heartbeats,0.5921478592093008,0.5650905486217899,0.6419494212722145,0.04990945137821012,0.0457042815813985,2026-05-02 19:15:00+00:00,train,book_p_side,0.615,session_switch:book_margin,2,64.0,-62.0,-64.0,0.64
KXBTC15M-26MAY021530-30,heartbeat:26152,live_heartbeat_two_side,heartbeat:26152:no,2026-05-02 19:15:20.718000+00:00,2026-05-02 19:15:00+00:00,no,no,True,True,1,66.0,65.0,65.5,0.655,34.5,31.0,1.0,78448.58,78491.15,879.282,,26152,False,False,synced,bid>=98,last_decisive_quote,-1.0,42.56999999999243,1.4356201945483456,11.12026620992959,,,67.31706997973832,0.6323804647588721,0.736430852037959,59.88293037260373,0.7108870547101364,0.7614228857167784,53.34802995242555,0.7979676107619214,0.7875553569280469,49.57110566927762,0.8587664008143312,0.8047652959719567,78478.99,30.41000000000349,0.5068333333333915,0.0,488.21942700004365,0.9999999999999998,1.0,1.0,78458.42,9.839999999996508,0.0546666666666472,0.0,90.63741599997536,0.934933399486688,0.9553388419836714,0.9662576592025542,78465.86,17.279999999998836,0.0575999999999961,0.0,93.21664319998902,0.940222958370863,0.9597099927331816,0.969977515801002,78445.46,-3.1199999999953434,-0.0051999999999922,3.1199999999953434,37.99773359999926,0.7371336889671116,0.7618484873942808,0.7783194595964102,78456.01,7.429999999993015,0.0082555555555477,0.0,49.82896139998561,0.7973255164529294,0.8248572460066439,0.8426001399227254,78406.0,-42.58000000000175,-0.0236555555555565,42.58000000000175,21.77009579999158,0.6419008229423404,0.6583913708529272,0.6697304784150755,78318.12,-130.4600000000064,-0.0362388888888906,130.4600000000064,10.70579729999087,0.5709442964583951,0.579524974830212,0.5854938489834072,-0.1064228857167783,True,0.7082114428583892,0.7855486146958804,0.655,heartbeat:26152,two_side_all_heartbeats,0.7212776784640235,0.655,0.7439714573892062,0.10642288571677838,0.13255535692804687,2026-05-02 19:30:00+00:00,train,book_p_side,0.655,session_switch:book_margin,2,68.0,34.0,32.0,0.68
KXBTC15M-26MAY021545-45,heartbeat:26218,live_heartbeat_two_side,heartbeat:26218:no,2026-05-02 19:30:22.228000+00:00,2026-05-02 19:30:00+00:00,no,yes,True,False,1,62.0,61.0,61.5,0.615,38.5,23.0,1.0,78440.52,78450.35,877.772,,26218,False,False,synced,bid>=98,latest_quote,-1.0,9.830000000001746,0.3317895139504292,2.570030523952532,,,21.62425399812444,0.4545821557985003,0.6752950626439789,51.87566875807656,0.1894915330314909,0.5751462047254458,55.01798645583424,0.1786688432862367,0.5709011325309744,49.46733485422063,0.1987169923136264,0.5787579344193188,78450.49,9.970000000001164,0.166166666666686,0.0,155.6864473333521,0.9986551714248688,0.9976706879404528,0.9991759516288904,78455.51,14.989999999990689,0.083277777777726,0.0,82.92890155551189,0.9450462254983608,0.9341337877599238,0.9531737482348204,78467.88,27.360000000000586,0.0912000000000019,0.0,89.88280640000346,0.9584217869904276,0.948838921756976,0.9653924631920144,78450.28,9.75999999999476,0.0162666666666579,0.0,24.108424533327412,0.6789392802934967,0.6693763344264838,0.6869985560439844,78448.58,8.059999999997672,0.0089555555555529,0.0,17.690935911110586,0.6334578803316703,0.6261025138429959,0.6396893805006405,78456.01,15.489999999990689,0.0086055555555503,0.0,17.383715711108316,0.6312264757849185,0.6239851705706712,0.6373626388411957,78391.33,-49.19000000000233,-0.0136638888888895,49.19000000000233,-2.1637790777765997,0.4833645957694357,0.4843142118244733,0.4825551999102198,0.0398537952745542,True,0.5950731023627229,0.7161893305719578,0.5751462047254458,heartbeat:26218,two_side_all_heartbeats,0.5929505662654873,0.5751462047254458,0.6717282188157192,0.03985379527455424,0.04409886746902558,2026-05-02 19:45:00+00:00,train,book_p_side,0.615,session_switch:book_margin,2,64.0,-62.0,-64.0,0.64
KXBTC15M-26MAY021600-00,heartbeat:26285,live_heartbeat_two_side,heartbeat:26285:no,2026-05-02 19:45:38.779000+00:00,2026-05-02 19:45:00+00:00,no,no,True,True,1,61.0,60.0,60.5,0.605,39.5,21.0,1.0,78486.02,78490.34,861.221,,26285,False,False,synced,bid>=98,latest_quote,-1.0,4.319999999992433,0.1472063150236033,1.1402552130859571,,,74.81777765691659,0.0577402876065387,0.5230222488294227,43.37316111215781,0.0996007643718065,0.5396693565180468,47.240528605672495,0.0914469022150971,0.5364312523677428,49.68391025720988,0.0869496780271141,0.5346442441717084,78490.01,3.989999999990687,0.0664999999998447,0.0,61.591196499858754,0.9222005482044316,0.903845482006818,0.892449561104099,78500.0,13.979999999995924,0.077666666666644,0.0,71.20816433330627,0.9496797497461922,0.9341399324684508,0.924103059719011,78461.42,-24.60000000000582,-0.0820000000000194,24.60000000000582,-66.30012200002427,0.0631820813122206,0.0802400776062892,0.0910300970108109,78460.61,-25.41000000000349,-0.0423500000000058,25.41000000000349,-32.15270935001258,0.2292544879305498,0.2480569169204207,0.2587689524535188,78440.52,-45.5,-0.0505555555555555,45.5,-39.21950611111868,0.1829355505425638,0.203210349118774,0.2149448471677706,78448.58,-37.44000000000233,-0.0208000000000012,37.44000000000233,-13.59339680000868,0.3769862194081232,0.386769585849152,0.3921969532466852,78406.0,-80.02000000000407,-0.0222277777777789,80.02000000000407,-14.823029005564097,0.3662673408519417,0.3768449043030336,0.3827192951679248,0.0653306434819531,True,0.5723346782590234,0.40261714594342246,0.5396693565180468,heartbeat:26285,two_side_all_heartbeats,0.5707156261838714,0.0631820813122206,0.47703722321785813,0.06533064348195317,0.06856874763225718,2026-05-02 20:00:00+00:00,train,book_p_side,0.605,session_switch:book_margin,2,63.0,39.0,37.0,0.63
KXBTC15M-26MAY021615-15,heartbeat:26364,live_heartbeat_two_side,heartbeat:26364:no,2026-05-02 20:03:55.575000+00:00,2026-05-02 20:03:00+00:00,no,no,True,True,1,61.0,60.0,60.5,0.605,39.5,21.0,1.0,78452.06,78454.0,664.425,,26364,False,False,synced,bid>=98,latest_quote,-1.0,1.9400000000023283,0.0752625185736512,0.5829809620587549,,,76.91379144590522,0.0252230447041056,0.5100614721068598,47.41165443176273,0.0409182093148526,0.5163194496649578,42.5851506086667,0.0455557858143986,0.518167844816619,44.87769554758018,0.0432286011198035,0.5172403470017204,78452.08,0.0200000000040745,0.0003333333334012,0.0,2.1614750000474485,0.5181812924736547,0.5202402398006751,0.5192071024197947,78484.47,32.41000000000349,0.1800555555555749,0.0,121.5734125000152,0.9948294440624988,0.9978470139286952,0.9966256230157248,78458.97,6.9100000000034925,0.0230333333333449,0.0,17.243922500010065,0.6419613708916622,0.6572348047363897,0.6496006771816611,78462.01,9.94999999999709,0.0165833333333284,0.0,12.958381249999103,0.607694983321827,0.6195478223095446,0.6136131966340908,78486.04,33.979999999995925,0.037755555555551,0.0,27.025734999999315,0.7156689615325447,0.737164515214134,0.7264823599740161,78455.5,3.4400000000023283,0.0019111111111124,0.0,3.209790000003188,0.52698795159993,0.5300412111461996,0.5285092628493436,78444.33,-7.729999999995925,-0.002147222222221,7.729999999995925,0.5133318750030804,0.5043193132618007,0.5048088318699414,0.5045631871395326,0.0886805503350421,True,0.560659724832479,0.5877602735188733,0.5163194496649578,heartbeat:26364,two_side_all_heartbeats,0.5615839224083095,0.5163194496649578,0.5857881090778198,0.08868055033504219,0.08683215518338094,2026-05-02 20:15:00+00:00,train,book_p_side,0.605,session_switch:book_margin,2,63.0,39.0,37.0,0.63
KXBTC15M-26MAY021630-30,heartbeat:26428,live_heartbeat_two_side,heartbeat:26428:no,2026-05-02 20:18:27.017000+00:00,2026-05-02 20:18:00+00:00,no,no,True,True,1,62.0,61.0,61.5,0.615,38.5,23.0,1.0,78427.99,78431.69,692.983,,26428,False,False,synced,bid>=98,latest_quote,-1.0,3.6999999999970896,0.1405531015998072,1.0887196435077051,,,22.146136405892907,0.1670720315356023,0.5663433138580858,20.839586361655403,0.1775467101787128,0.5704605107186362,36.63442139016462,0.1009979101509828,0.5402239404237753,38.48602750497008,0.0961387869797492,0.538294826796234,78430.57,2.5800000000017462,0.0430000000000291,0.0,33.49826900001726,0.9460204507734786,0.8197448860855219,0.8079592942530385,78425.01,-2.9800000000104774,-0.0165555555556137,2.9800000000104774,-7.772718555598802,0.3545822069181006,0.4159872758279529,0.4199731805677021,78428.53,0.5399999999935972,0.0017999999999786,0.0,4.9473693999823,0.593827715448427,0.5537126504711263,0.5511430369247552,78446.01,18.019999999989523,0.0300333333333158,0.0,24.51258943331832,0.8802527541914122,0.748288491150892,0.7379121048970673,78452.06,24.069999999992437,0.026744444444436,0.0,22.233445344435705,0.8569881506510533,0.7280414968333235,0.718267250428096,78486.04,58.04999999998836,0.0322499999999935,0.0,26.04870174999261,0.8943433793072328,0.761471652085346,0.7507447689758586,78466.0,38.00999999999476,0.0105583333333318,0.0,11.016745508329414,0.7014741708322573,0.6181864320946113,0.6126578699880585,0.0445394892813637,True,0.5927302553593181,0.5930960753890211,0.5704605107186362,heartbeat:26428,two_side_all_heartbeats,0.5776119702118876,0.5704605107186362,0.5974036963052763,0.04453948928136375,0.07477605957622468,2026-05-02 20:30:00+00:00,train,book_p_side,0.615,session_switch:book_margin,2,64.0,38.0,36.0,0.64
KXBTC15M-26MAY021645-45,heartbeat:26487,live_heartbeat_two_side,heartbeat:26487:yes,2026-05-02 20:31:43.345000+00:00,2026-05-02 20:31:00+00:00,yes,yes,True,True,1,63.0,62.0,62.5,0.625,37.5,25.0,1.0,78435.14,78428.98,796.655,,26487,False,False,synced,bid>=98,last_decisive_quote,1.0,6.1600000000034925,0.2182456363332728,1.6905234298024123,,,12.014713598033511,0.5127046891081715,0.6959210454387424,17.52641226465291,0.3514695367760416,0.6373819386806472,19.813189062616583,0.3109040135101797,0.6220632033771973,36.22900710704796,0.1700295009963199,0.5675065319986514,78432.39,2.75,0.0458333333333333,0.0,42.67335416667016,0.9925500421689812,0.984371491139376,0.8805773971059184,78432.45,2.6900000000023283,0.0149444444444573,0.0,18.06556638890269,0.8486738676354382,0.8190616741108263,0.6909867404513559,78424.92,10.220000000001164,0.0340666666666705,0.0,33.29938033333991,0.9712804338761212,0.953586228920452,0.8209877479560886,78439.56,-4.419999999998254,-0.0073666666666637,4.419999999998254,0.2913081666724775,0.5066305523247192,0.5058653332904421,0.5032077581285479,78425.99,9.14999999999418,0.0101666666666601,0.0,14.259325833331673,0.7920602632102732,0.7641416193705024,0.6530576172051661,78452.08,-16.94000000000233,-0.0094111111111124,16.94000000000233,-1.3374087222197597,0.4695869567831479,0.4730914601538818,0.4852762255785459,78436.0,-0.8600000000005821,-0.000238888888889,0.8600000000005821,5.969687972225586,0.6333017583831202,0.6184066313283061,0.5654400382153185,-0.0123819386806471,True,0.6311909693403236,0.7445541241855894,0.625,heartbeat:26487,two_side_all_heartbeats,0.6235316016885987,0.625,0.6979706683794183,0.012381938680647187,0.002936796622802662,2026-05-02 20:45:00+00:00,train,book_p_side,0.625,session_switch:book_margin,2,65.0,37.0,35.0,0.65
KXBTC15M-26MAY021700-00,heartbeat:26561,live_heartbeat_two_side,heartbeat:26561:no,2026-05-02 20:48:45.350000+00:00,2026-05-02 20:48:00+00:00,no,yes,True,False,1,69.0,68.0,68.5,0.685,31.5,37.0,1.0,78429.28,78429.6,674.65,,26561,False,False,synced,bid>=98,latest_quote,-1.0,0.3200000000069849,0.0123200002312689,0.0954303114419521,,,54.92883142980611,0.005825720148733,0.502324112934758,41.39560381186377,0.0077302894641018,0.5030839085925609,31.61913931035797,0.0101204525798764,0.5040374075098508,33.83527087256423,0.0094575864698178,0.503772974867064,78429.27,-0.0099999999947613,-0.0001666666665793,0.0099999999947613,0.2075583333992229,0.5020002956900217,0.5026187683149527,0.5024472473068549,78439.67,10.389999999999418,0.0577222222222189,0.0,39.26229722222703,0.8285537061462268,0.8928311038928989,0.877056097943222,78470.82,41.54000000000815,0.1384666666666938,0.0,93.73653666669198,0.9882254839765496,0.998484372789039,0.9972004482742484,78464.58,35.30000000000291,0.0588333333333381,0.0,40.01190833334359,0.8331214449305115,0.8971419581648363,0.881506282130786,78446.57,17.29000000000815,0.0192111111111201,0.0,13.280776111124204,0.6258287821127356,0.6627657938362478,0.652660313491193,78427.99,-1.2899999999935972,-0.0007166666666631,1.2899999999935972,-0.1634991666572818,0.4984243118883325,0.4979371215934285,0.4980722342435798,78486.04,56.75999999999476,0.0157666666666652,0.0,10.95698166667267,0.604375666483752,0.6355277944778626,0.6269678137162669,0.1819160914074391,True,0.5940419542962805,0.7254364641897034,0.5030839085925609,heartbeat:26561,two_side_all_heartbeats,0.5945187037549254,0.5030839085925609,0.6910702693730782,0.18191609140743914,0.18096259249014923,2026-05-02 21:00:00+00:00,train,book_p_side,0.685,session_switch:book_margin,2,71.0,-69.0,-71.0,0.71
KXBTC15M-26MAY021715-15,heartbeat:26615,live_heartbeat_two_side,heartbeat:26615:yes,2026-05-02 21:00:46.672000+00:00,2026-05-02 21:00:00+00:00,yes,no,True,False,1,75.0,74.0,74.5,0.745,25.5,49.0,1.0,78458.67,78452.97,853.328,,26615,False,False,synced,bid>=98,latest_quote,1.0,5.69999999999709,0.1951267708832275,1.5114454680599414,,,23.18543115105583,0.2458440372689606,0.5970985169228367,35.98641544365334,0.1583931027785196,0.5629264758198632,41.33851176300403,0.1378859508217302,0.554834723018172,36.09639194639465,0.1579105193799407,0.5627363455986322,78454.05,4.619999999995343,0.0769999999999224,0.0,71.40625599993086,0.9763863383454632,0.9579479735194452,0.976047508967055,78450.38,8.289999999993597,0.0460555555555199,0.0,45.000495111077846,0.8944388978862465,0.8618315929844464,0.8937417859228822,78456.01,2.6600000000034925,0.0088666666666783,0.0,13.266174933340356,0.6438034402404436,0.6258628391104399,0.6433847111134705,78415.87,42.80000000000291,0.0713333333333381,0.0,66.5707306666679,0.9678349379311776,0.9463425857236644,0.967426561621229,78439.67,19.0,0.0211111111111111,0.0,23.714702222219312,0.7450490325722714,0.7169047460753282,0.744403954708479,78432.39,26.27999999999884,0.0145999999999993,0.0,18.158588799996537,0.6930785681802076,0.6697654745550394,0.6925383506856039,78484.47,-25.80000000000291,-0.0071666666666674,25.80000000000291,-0.4155173333369335,0.4953937132349464,0.4959900675153537,0.4954077467954227,0.1820735241801367,True,0.6539632379099316,0.650576638686769,0.5629264758198632,heartbeat:26615,two_side_all_heartbeats,0.6499173615090861,0.5629264758198632,0.6701386307940477,0.18207352418013678,0.19016527698182795,2026-05-02 21:15:00+00:00,train,book_p_side,0.745,session_switch:book_margin,2,77.0,-75.0,-77.0,0.77
KXBTC15M-26MAY021730-30,heartbeat:26682,live_heartbeat_two_side,heartbeat:26682:yes,2026-05-02 21:16:03.470000+00:00,2026-05-02 21:16:00+00:00,yes,yes,True,True,1,61.0,60.0,60.5,0.605,39.5,21.0,1.0,78462.41,78449.78,836.53,,26682,False,False,synced,bid>=98,last_decisive_quote,1.0,12.630000000004657,0.4366792847982237,3.382503195314572,,,70.29716942535998,0.1796658400793067,0.571292543669187,51.54985037165269,0.2450055608105102,0.5967739371696906,47.17348760431173,0.2677351334703999,0.6055483979237274,41.37582896315492,0.3052506817748991,0.6199123826680843,78450.01,12.400000000008731,0.2066666666668122,0.0,185.51286666679303,0.9998400990835984,0.9999579781019106,0.9999963303739524,78493.25,-30.839999999996508,-0.1713333333333139,30.839999999996508,-130.69547333331244,0.0056171992183091,0.0027982734849069,0.0007922647441916,78493.25,-30.839999999996508,-0.1027999999999883,30.839999999996508,-73.3652839999856,0.0773403944212978,0.0599465066862635,0.0381024620919905,78502.78,-40.36999999999534,-0.0672833333333255,40.36999999999534,-43.65452683332219,0.1985418759868242,0.1773779396391923,0.1456959318898265,78485.73,-23.319999999992437,-0.0259111111111027,23.319999999992437,-9.045421777766087,0.4303554029688461,0.4239698035187765,0.413474560587412,78431.06,31.35000000000582,0.0174166666666699,0.0,27.19956416667403,0.7011240485241476,0.717890360717941,0.7445310877922049,78425.99,36.419999999998254,0.0101166666666661,0.0,21.09289516667092,0.6587942744484919,0.6726110352683332,0.6948999530108141,0.0082260628303093,True,0.6008869685848452,0.42637144386366277,0.5967739371696906,heartbeat:26682,two_side_all_heartbeats,0.6052741989618637,0.0773403944212978,0.49700026003516673,0.008226062830309355,0.0005483979237274061,2026-05-02 21:30:00+00:00,train,book_p_side,0.605,session_switch:book_margin,2,63.0,39.0,37.0,0.63
KXBTC15M-26MAY021745-45,heartbeat:26759,live_heartbeat_two_side,heartbeat:26759:yes,2026-05-02 21:30:49.815000+00:00,2026-05-02 21:30:00+00:00,yes,yes,True,True,1,63.0,62.0,62.5,0.625,37.5,25.0,1.0,78497.02,78492.76,850.185,,26759,False,False,synced,bid>=98,last_decisive_quote,1.0,4.260000000009313,0.1461008961915734,1.1316926756318848,,,25.87296487376361,0.1646506312977354,0.565390511492228,32.061694241841046,0.1328688361842694,0.5528514432697632,46.36606977961419,0.0918775307085076,0.5366023280820655,43.53100861246046,0.0978612748887678,0.5389787747506961,78495.05,1.970000000001164,0.0328333333333527,0.0,32.17440750002581,0.842193901725212,0.7561342451076294,0.7700813182621089,78495.0,2.0200000000040745,0.0112222222222448,0.0,13.800965000028558,0.6665659335148437,0.6170157044199688,0.6243924509211255,78475.97,21.05000000000291,0.0701666666666763,0.0,63.91464750001756,0.9768960582430316,0.9159722564396534,0.9289825977655276,78488.03,8.990000000005239,0.014983333333342,0.0,16.998605250016738,0.7020079043075769,0.6430477646060877,0.6519144187189335,78450.01,47.01000000000931,0.0522333333333436,0.0,48.667996500018106,0.9354862925522328,0.8530597328432741,0.8682181166271548,78458.67,38.35000000000582,0.0213055555555587,0.0,22.373663750012064,0.7573587462441144,0.6852901867603687,0.6963637683136856,78432.39,64.63000000000466,0.017952777777779,0.0,19.52318237501041,0.728713080955158,0.6631466097735432,0.6730998703696562,0.0721485567302367,True,0.5889257216348815,0.7182491671709316,0.5528514432697632,heartbeat:26759,two_side_all_heartbeats,0.5808011640410328,0.5528514432697632,0.6737346446295354,0.07214855673023679,0.08839767191793446,2026-05-02 21:45:00+00:00,train,book_p_side,0.625,session_switch:book_margin,2,65.0,37.0,35.0,0.65
KXBTC15M-26MAY021800-00,heartbeat:26866,live_heartbeat_two_side,heartbeat:26866:yes,2026-05-02 21:45:21.338000+00:00,2026-05-02 21:45:00+00:00,yes,no,True,False,1,61.0,60.0,60.5,0.605,39.5,21.0,1.0,78801.45,78776.62,878.662,,26866,False,False,synced,bid>=98,latest_quote,1.0,24.830000000001743,0.8376561805658168,6.488456874358242,,,252.0744203757764,0.0985026563305661,0.539233418613768,536.5836245239827,0.0462742410785067,0.5184541650242953,375.01000573746376,0.0662115666785293,0.5263953059470368,265.9964095975488,0.0933471246381461,0.5371861022791495,78770.39,31.05999999999767,0.5176666666666279,0.0,479.68402866663433,0.8143282196066992,0.8995731766140951,0.9643331916034252,78809.42,-7.970000000001164,-0.0442777777777842,7.970000000001164,-14.075200777781715,0.4895364887005137,0.485030067146769,0.4788998152901693,78900.0,-98.55000000000292,-0.3285000000000097,98.55000000000292,-263.81046700000684,0.3114839697165475,0.2408796387890204,0.1606519254837335,78544.36,257.0899999999965,0.4284833333333275,0.0,401.32202263333,0.7727460172084614,0.8577271411398268,0.9343186296621196,78497.02,304.429999999993,0.3382555555555478,0.0,322.0423029555505,0.7258040920002894,0.8047625811161041,0.8869951229931667,78450.01,351.4400000000023,0.1952444444444457,0.0,196.3838740444473,0.6428134762649437,0.6997481689898448,0.7698324605006622,78439.67,361.7799999999989,0.1004944444444441,0.0,113.13064954444592,0.5834920167072328,0.6185495839196137,0.6646942593464051,0.0865458349757046,True,0.5617270825121476,0.47831271158028094,0.5184541650242953,heartbeat:26866,two_side_all_heartbeats,0.5656976529735184,0.3114839697165475,0.5203330434505982,0.08654583497570467,0.07860469405296322,2026-05-02 22:00:00+00:00,train,book_p_side,0.605,session_switch:book_margin,2,63.0,-61.0,-63.0,0.63
KXBTC15M-26MAY021815-15,heartbeat:26946,live_heartbeat_two_side,heartbeat:26946:yes,2026-05-02 22:01:07.917000+00:00,2026-05-02 22:01:00+00:00,yes,yes,True,True,1,70.0,69.0,69.5,0.695,30.5,39.0,1.0,78794.58,78729.0,832.083,,26946,False,False,synced,bid>=98,latest_quote,1.0,65.58000000000175,2.2734640321575417,17.610176669495445,,,154.32681383930165,0.424942356862815,0.664560651917633,164.03444742593916,0.3997940739222524,0.6553459020618907,386.9611053238032,0.1694743970330697,0.5672882453699795,273.46658060164145,0.2398099243268488,0.5947611935286765,78724.69,69.88999999999942,1.1648333333333236,0.0,1034.8180144999938,0.9999999998591608,0.9962548030893804,0.9999228593096166,78749.61,44.97000000000117,0.2498333333333398,0.0,273.46206950000715,0.9522528856947714,0.7601208497860422,0.8413407544892737,78734.25,60.33000000000175,0.2011000000000058,0.0,232.9118913000066,0.9221810512268666,0.7263796495947902,0.8028101003776338,78742.67,51.91000000000349,0.0865166666666724,0.0,137.5690475500066,0.7991697941247422,0.6388967114121566,0.6925376054229913,78884.58,-90.0,-0.1,90.0,-17.628299999998262,0.4572092276562847,0.4818321729311517,0.4743010402576696,78510.95,283.63000000000466,0.1575722222222248,0.0,196.69316738333723,0.8847548297412925,0.694379273809343,0.7640091750149165,78485.73,308.8500000000058,0.0857916666666682,0.0,136.9657873750031,0.7981360378937965,0.6383126981385685,0.6917617181449434,0.0396540979381092,True,0.6751729510309453,0.7575089844295858,0.6553459020618907,heartbeat:26946,two_side_all_heartbeats,0.6311441226849897,0.6553459020618907,0.7285399808639406,0.039654097938109256,0.1277117546300205,2026-05-02 22:15:00+00:00,train,book_p_side,0.695,session_switch:book_margin,2,72.0,30.0,28.0,0.72
KXBTC15M-26MAY021830-30,heartbeat:27028,live_heartbeat_two_side,heartbeat:27028:no,2026-05-02 22:16:09.329000+00:00,2026-05-02 22:16:00+00:00,no,no,True,True,1,61.0,59.0,60.0,0.6,40.0,20.0,2.0,78735.77,78757.45,830.671,,27028,False,False,synced,bid>=98,last_decisive_quote,-1.0,21.67999999999301,0.7522197873006092,5.82666941780589,,,95.5812892537511,0.2268226362006535,0.5897191693672421,103.35728398702194,0.2097578338331265,0.5830716577007009,134.61389978902346,0.1610532050105632,0.5639742519970338,276.72410190441013,0.0783451815392719,0.5312232608928099,78777.27,41.5,0.6916666666666667,0.0,596.2274416666597,0.999999996003502,0.9999952701121886,0.9844030988172628,78756.55,20.77999999999884,0.1154444444444379,0.0,117.57635211109876,0.8723503777071113,0.8087867073821621,0.6645403141810852,78742.41,6.639999999999418,0.0221333333333313,0.0,40.06551813332474,0.6508591284201335,0.6170082987816814,0.5575597143154468,78746.13,10.360000000000582,0.0172666666666676,0.0,36.02291926666049,0.6362781981112731,0.6054970698617721,0.5517865269356034,78794.58,58.80999999999767,0.0653444444444418,0.0,75.95973501110198,0.7688070695560228,0.7137177085092608,0.6081483668483714,78884.58,148.80999999999767,0.0826722222222209,0.0,90.3534175055475,0.8089913228281611,0.7489547794035006,0.6279810534215442,78462.41,-273.3600000000006,-0.0759333333333334,273.3600000000006,-41.39561793334045,0.3443904878405273,0.3792261997077114,0.4405433940098507,0.016928342299299,True,0.5915358288503505,0.6113102620402782,0.5830716577007009,heartbeat:27028,two_side_all_heartbeats,0.5819871259985169,0.5830716577007009,0.605093322994237,0.01692834229929907,0.03602574800296621,2026-05-02 22:30:00+00:00,train,book_p_side,0.6,session_switch:book_margin,2,63.0,39.0,37.0,0.63
KXBTC15M-26MAY021845-45,heartbeat:27119,live_heartbeat_two_side,heartbeat:27119:yes,2026-05-02 22:31:40.467000+00:00,2026-05-02 22:31:00+00:00,yes,yes,True,True,1,62.0,61.0,61.5,0.615,38.5,23.0,1.0,78631.95,78621.77,799.533,,27119,False,False,synced,bid>=98,last_decisive_quote,1.0,10.179999999993017,0.3600224485156829,2.788721894724114,,,67.9473139966305,0.1498219635363046,0.5595474597277441,87.13183232515995,0.1168344533603187,0.546504379561825,92.9888900316548,0.1094754437495446,0.5435873011311414,274.6428752632311,0.0370663174503835,0.5147839358280479,78625.99,5.959999999991851,0.0993333333331975,0.0,89.60027799988443,0.8481026904334963,0.8323664541316912,0.627879693161917,78632.42,-0.4700000000011641,-0.0026111111111175,0.4700000000011641,8.092330499987844,0.5369983913164177,0.5346740616207938,0.5117531019348311,78632.01,-0.0599999999976716,-0.0001999999999922,0.0599999999976716,10.02009339999922,0.54577713278939,0.5429053023862989,0.5145518148250271,78659.65,-27.69999999999709,-0.0461666666666618,27.69999999999709,-26.731773500003108,0.3794989951289643,0.3868751756240182,0.4612310350639401,78735.77,-103.82000000000698,-0.1153555555555633,103.82000000000698,-82.05057340001319,0.1731774566824437,0.1887884740906904,0.3825639926426751,78794.58,-162.63000000000466,-0.0903500000000025,162.63000000000466,-62.05780655000905,0.2381615308696757,0.2522685607426211,0.4106169700668347,78510.95,121.0,0.0336111111111111,0.0,37.05319249999302,0.6646743735715954,0.6548577573881361,0.5536600988308107,0.068495620438175,True,0.5807521897809125,0.569093837450405,0.546504379561825,heartbeat:27119,two_side_all_heartbeats,0.5792936505655707,0.54577713278939,0.5806067404264255,0.06849562043817503,0.07141269886885859,2026-05-02 22:45:00+00:00,train,book_p_side,0.615,session_switch:book_margin,2,64.0,38.0,36.0,0.64
KXBTC15M-26MAY021900-00,heartbeat:27210,live_heartbeat_two_side,heartbeat:27210:yes,2026-05-02 22:46:11.473000+00:00,2026-05-02 22:46:00+00:00,yes,yes,True,True,1,63.0,62.0,62.5,0.625,37.5,25.0,1.0,78681.48,78659.21,828.527,,27210,False,False,synced,bid>=98,last_decisive_quote,1.0,22.269999999989523,0.7736898228322868,5.992975597919227,,,70.7094747202044,0.3149507203682583,0.623600464761863,93.65631095956256,0.2377842963471507,0.5939758004571469,91.70938528879776,0.2428322895182439,0.5959323396624728,114.1944035854564,0.1950183135141466,0.5773106946177947,78655.86,25.619999999995343,0.4269999999999224,0.0,376.0510289999252,0.9999703052671444,0.9999793838673944,0.9995045143473092,78660.0,21.479999999995925,0.1193333333333107,0.0,121.14088866663744,0.9020743579867512,0.9067362115609312,0.8556164957155561,78697.19,-15.710000000006405,-0.052366666666688,15.710000000006405,-21.11719723336149,0.4108047176192159,0.4089440478631181,0.4266446276489182,78741.39,-59.91000000000349,-0.0998500000000058,59.91000000000349,-60.45842095001531,0.2592902921116667,0.2548710920692855,0.2982521447280301,78631.95,49.52999999999884,0.055033333333332,0.0,67.86660256665512,0.7656618838972693,0.770355485917422,0.7238468036839747,78735.77,-54.29000000000815,-0.0301611111111156,54.29000000000815,-2.719294905569786,0.4884184066746993,0.48817260890205,0.4905009426170746,78884.58,-203.10000000000585,-0.0564166666666682,203.10000000000585,-24.47273158334515,0.3969291937851116,0.3947919828675948,0.4151535855847544,0.031024199542853,True,0.6094879002285735,0.543260172692121,0.5939758004571469,heartbeat:27210,two_side_all_heartbeats,0.6104661698312364,0.4108047176192159,0.5728536836609872,0.03102419954285307,0.029067660337527168,2026-05-02 23:00:00+00:00,train,book_p_side,0.625,session_switch:book_margin,2,65.0,37.0,35.0,0.65
KXBTC15M-26MAY021915-15,heartbeat:27276,live_heartbeat_two_side,heartbeat:27276:no,2026-05-02 23:01:12.941000+00:00,2026-05-02 23:01:00+00:00,no,no,True,True,1,72.0,71.0,71.5,0.715,28.5,43.0,1.0,78781.14,78822.06,827.059,,27276,False,False,synced,bid>=98,latest_quote,-1.0,40.919999999998254,1.422877064707377,11.021558350624328,,,98.11489473235858,0.4170620588405189,0.6616834921041607,116.07183510584596,0.3525403037066079,0.6377834509618627,103.83434719599174,0.3940892498968575,0.6532424262603207,100.45854694313184,0.4073321906911761,0.658117988516336,78833.98,52.83999999999651,0.8806666666666084,0.0,769.2832926666167,0.999999999982946,0.9999999999999364,0.9999999999999906,78822.03,40.88999999999942,0.2271666666666634,0.0,228.80023616666224,0.9756492196600368,0.9862206610062694,0.9886235578186056,78860.31,79.16999999999825,0.2638999999999942,0.0,259.18087009999346,0.9872233864332224,0.9937216326448732,0.9950596736613226,78762.37,-18.770000000004075,-0.0312833333333401,18.770000000004075,15.046837616659309,0.5515719353664669,0.5576098039246061,0.5595315198738683,78681.48,-99.66000000000348,-0.1107333333333372,99.66000000000348,-50.66299993333829,0.3312443617437977,0.3128027583376092,0.307019152499228,78631.95,-149.19000000000233,-0.0828833333333346,149.19000000000233,-27.62940678333615,0.4059261471402636,0.3950844833432129,0.3916454761162244,78794.58,13.440000000002328,0.0037333333333339,0.0,44.00768693333213,0.6477087240715629,0.6641536105370978,0.6693315487047063,0.0772165490381372,True,0.6763917254809313,0.7800022791316951,0.6377834509618627,heartbeat:27276,two_side_all_heartbeats,0.6841212131301604,0.6377834509618627,0.7462797125752033,0.07721654903813724,0.06175757373967927,2026-05-02 23:15:00+00:00,train,book_p_side,0.715,session_switch:book_margin,2,74.0,28.0,26.0,0.74
KXBTC15M-26MAY021930-30,heartbeat:27375,live_heartbeat_two_side,heartbeat:27375:no,2026-05-02 23:20:14.521000+00:00,2026-05-02 23:20:00+00:00,no,yes,True,False,1,62.0,60.0,61.0,0.61,39.0,22.0,2.0,78730.01,78737.2,585.479,,27375,False,False,synced,bid>=98,last_decisive_quote,-1.0,7.190000000002328,0.2971482857750435,2.3017007243216523,,,45.04513618395074,0.1596176770482064,0.5634088733746291,57.99489369594274,0.1239764320924228,0.5493330322270659,84.0525611799154,0.0855417122223326,0.5340846322900978,81.12225864543213,0.0886316544935991,0.5353126747862065,78739.22,9.210000000006405,0.1535000000001067,0.0,97.0610265000648,0.9528966903640896,0.8759068355337187,0.884245029646445,78725.39,-4.619999999995343,-0.0256666666666407,4.619999999995343,-7.837294333315858,0.446251516716392,0.4628553450890741,0.4615177004345644,78730.0,-0.0099999999947613,-3.333333331587103e-05,0.0099999999947613,7.170484033345885,0.5491998084197993,0.5339923401873321,0.535217074562217,78718.46,-11.549999999988358,-0.0192499999999806,11.549999999988358,-4.080470749986313,0.4719539067362398,0.4806402911816446,0.4799415580544328,78752.32,22.310000000012224,0.0247888888889024,0.0,21.70337387778806,0.6458830429631498,0.6018783236172671,0.6054729328626347,78720.01,-10.0,-0.0055555555555555,10.0,3.9373388888912166,0.5270638502999327,0.5186811282697036,0.5193554084957767,78689.32,-40.689999999987776,-0.0113027777777743,40.689999999987776,0.5724609694487599,0.5039378497214748,0.502717075075286,0.5028152198046818,0.0606669677729341,True,0.5796665161135329,0.5695109468822884,0.5493330322270659,heartbeat:27375,two_side_all_heartbeats,0.572042316145049,0.5491998084197993,0.5796398713520796,0.06066696777293412,0.07591536770990215,2026-05-02 23:30:00+00:00,validation,book_p_side,0.61,session_switch:book_margin,2,64.0,-62.0,-64.0,0.64
KXBTC15M-26MAY021945-45,heartbeat:27424,live_heartbeat_two_side,heartbeat:27424:no,2026-05-02 23:31:00.524000+00:00,2026-05-02 23:31:00+00:00,no,no,True,True,1,61.0,60.0,60.5,0.605,39.5,21.0,1.0,78782.86,78797.02,839.476,,27424,False,False,synced,bid>=98,latest_quote,-1.0,14.160000000003492,0.4887188735382195,3.785600116381546,,,64.81308640802098,0.2184743974521033,0.5864702478054103,48.37865648447108,0.2926910548776539,0.6151208461004984,71.40069945254864,0.1983173849636294,0.5786016247087428,89.28136269710777,0.1585997298007437,0.5630078791555478,78802.01,19.14999999999418,0.3191666666665697,0.0,282.09275666658874,0.999999997244102,0.999961061350805,0.9992100512915036,78798.03,15.169999999998254,0.084277777777768,0.0,84.90917177777312,0.9603785298037766,0.8828180250082256,0.8292051917051315,78756.52,-26.339999999996508,-0.0877999999999883,26.339999999996508,-59.545992799986735,0.1091928743656112,0.202149136166365,0.252402794401079,78735.75,-47.11000000000058,-0.0785166666666676,47.11000000000058,-51.752857266664,0.1423669064214353,0.2342803630642844,0.281071876143369,78732.31,-50.55000000000291,-0.0561666666666699,50.55000000000291,-32.990568666665894,0.2476434931108101,0.3220233577303629,0.3558729242317145,78781.14,-1.7200000000011642,-0.0009555555555562,1.7200000000011642,13.357834044447394,0.6087682353041035,0.5742020952237393,0.5594658265452743,78631.95,-150.9100000000035,-0.0419194444444454,150.9100000000035,-21.030367544441766,0.3318888569557748,0.3841726217488206,0.4068903183766331,-0.0101208461004984,True,0.6100604230502492,0.4431045734887032,0.605,heartbeat:27424,two_side_all_heartbeats,0.5918008123543714,0.1091928743656112,0.5088748287032717,0.01012084610049846,0.026398375291257214,2026-05-02 23:45:00+00:00,validation,book_p_side,0.605,session_switch:book_margin,2,63.0,39.0,37.0,0.63
KXBTC15M-26MAY022000-00,heartbeat:27492,live_heartbeat_two_side,heartbeat:27492:no,2026-05-02 23:46:32.219000+00:00,2026-05-02 23:46:00+00:00,no,no,True,True,1,68.0,67.0,67.5,0.675,32.5,35.0,1.0,78689.29,78691.74,807.781,,27492,False,False,synced,bid>=98,last_decisive_quote,-1.0,2.450000000011641,0.0862023821513169,0.6677207809509158,,,26.510095406235543,0.0924176228892547,0.5368168808466521,59.99498964850618,0.0408367434408357,0.5162869766254545,56.06486780580312,0.0436993806620203,0.5174279835465628,81.59933751512267,0.0300247535656473,0.511976344211514,78689.29,-0.0,-0.0,0.0,2.450000000011641,0.5162869766254545,0.5174279835465628,0.511976344211514,78701.17,11.880000000004657,0.0660000000000258,0.0,55.76354600003253,0.8236772300794262,0.8400407746409779,0.7528173610369147,78703.62,14.330000000001746,0.0477666666666724,0.0,41.03500576668301,0.7530041697091598,0.7678913429630347,0.6924771040226456,78788.88,99.59000000001106,0.1659833333333517,0.0,136.52818298335987,0.9885668088363064,0.9925578590115114,0.9528514179288048,78782.86,93.57000000000698,0.1039666666666744,0.0,86.43229796668457,0.9251594222343584,0.9384204371237134,0.8552520076678171,78732.31,43.02000000000408,0.0239000000000022,0.0,21.755965900013468,0.6415592445184071,0.6510104438499291,0.6051188890296387,78681.48,-7.809999999997672,-0.0021694444444437,7.809999999997672,0.6975639972343863,0.5046384123631906,0.5049635467407432,0.503410375510119,0.1587130233745455,True,0.5956434883127273,0.6480970487782048,0.5162869766254545,heartbeat:27492,two_side_all_heartbeats,0.5962139917732814,0.5162869766254545,0.6429869269294683,0.15871302337454551,0.1575720164534372,2026-05-03 00:00:00+00:00,validation,book_p_side,0.675,session_switch:book_margin,2,70.0,32.0,30.0,0.7
KXBTC15M-26MAY022015-15,heartbeat:27554,live_heartbeat_two_side,heartbeat:27554:yes,2026-05-03 00:00:33.373000+00:00,2026-05-03 00:00:00+00:00,yes,no,True,False,1,64.0,62.0,63.0,0.63,37.0,26.0,2.0,78682.31,78679.26,866.627,,27554,False,False,synced,bid>=98,latest_quote,1.0,3.0500000000029104,0.1036057196285047,0.8025264533860679,,,51.189988659835706,0.0595819627988309,0.5237557077777325,64.8681752346733,0.0470184337538236,0.5187507321175128,64.27943505387374,0.0474490791253322,0.5189223432213612,72.29175132270278,0.0421901523230227,0.5168264435601758,78679.99,2.319999999992433,0.0386666666665405,0.0,36.55957733322694,0.7134861442750741,0.7152405191640129,0.6934743234893077,78658.04,24.270000000004075,0.1348333333333559,0.0,119.9002071666892,0.9677253795421636,0.9689300743716858,0.9513977562864548,78684.51,-2.1999999999970896,-0.0073333333333236,2.1999999999970896,-3.305264666655348,0.4796812618217463,0.479495324187884,0.4817662384190848,78679.88,2.429999999993015,0.0040499999999883,0.0,6.559839349992821,0.5402746598123277,0.540642265461839,0.5361508785774066,78689.29,-6.9799999999959255,-0.007755555555551,6.9799999999959255,-3.671173844437611,0.4774341576731779,0.4772276990317066,0.4797493188190532,78802.01,-119.69999999999708,-0.0664999999999983,119.69999999999708,-54.58069549999568,0.200059297253056,0.1979083795960979,0.2251227346454897,78833.98,-151.66999999999825,-0.042130555555555,151.66999999999825,-33.46147696944111,0.3029837411334795,0.3013357156949688,0.3217297972977437,0.1112492678824872,True,0.5743753660587564,0.5428106646464197,0.5187507321175128,heartbeat:27554,two_side_all_heartbeats,0.5744611716106807,0.4796812618217463,0.566561471999603,0.11124926788248723,0.11107765677863879,2026-05-03 00:15:00+00:00,validation,book_p_side,0.63,session_switch:book_margin,2,66.0,-64.0,-66.0,0.66
KXBTC15M-26MAY022230-30,heartbeat:36220,live_heartbeat_two_side,heartbeat:36220:yes,2026-05-03 02:15:57.221000+00:00,2026-05-03 02:15:00+00:00,yes,no,True,False,1,61.0,60.0,60.5,0.605,39.5,21.0,1.0,78191.08,78178.78,842.779,,36220,False,False,synced,bid>=98,latest_quote,1.0,12.30000000000291,0.4236900437560037,3.2818889668417883,,,142.03482963162617,0.0865984775136037,0.5345046619381678,88.73749745332941,0.1386110759599905,0.5551212547721194,75.77032468903786,0.1623326816993622,0.5644780601430041,82.65279272907674,0.1488152982358435,0.5591503105934464,78164.85,26.229999999995925,0.4371666666665987,0.0,380.73488616661234,0.9999910894448368,0.9999997480933276,0.9999979518649896,78192.82,-1.7400000000052387,-0.0096666666666957,1.7400000000052387,4.153136333311716,0.5186646799894665,0.521855949823648,0.520037613551189,78255.52,-64.44000000000233,-0.2148000000000077,64.44000000000233,-168.72892920000362,0.0286222744510539,0.0129787465430948,0.0206046301565203,78261.74,-70.66000000000349,-0.1177666666666724,70.66000000000349,-86.95127356666866,0.1635749743151034,0.1255743627682582,0.1463982882410182,78250.0,-58.919999999998254,-0.0654666666666647,58.919999999998254,-42.873931866662126,0.314492977051979,0.2857510456835025,0.3019768451246123,78238.99,-47.91000000000349,-0.0266166666666686,47.91000000000349,-10.13196771666539,0.4545479091241782,0.4468122040001938,0.4512179857474939,78366.24,-175.1600000000035,-0.0486555555555565,175.1600000000035,-28.705880455553466,0.3731612902348624,0.3523981921189029,0.3641804054456848,0.0498787452278806,True,0.5800606273860597,0.39624784307439104,0.5551212547721194,heartbeat:36220,two_side_all_heartbeats,0.5847390300715021,0.0286222744510539,0.47476083132184654,0.049878745227880605,0.040521939856995925,2026-05-03 02:30:00+00:00,validation,book_p_side,0.605,session_switch:book_margin,2,63.0,-61.0,-63.0,0.63
KXBTC15M-26MAY022245-45,heartbeat:36288,live_heartbeat_two_side,heartbeat:36288:yes,2026-05-03 02:31:43.861000+00:00,2026-05-03 02:31:00+00:00,yes,yes,True,True,1,61.0,60.0,60.5,0.605,39.5,21.0,1.0,78116.92,78108.01,796.139,,36288,False,False,synced,bid>=98,latest_quote,1.0,8.910000000003492,0.3157790068778651,2.446013669439778,,,30.02403468926173,0.2967622470536981,0.6166759849147941,49.649999584782414,0.1794561948543174,0.5712102448234286,68.4230581560503,0.1302192599997904,0.5518035214770143,72.24899518109382,0.1233235144332508,0.5490745394332932,78106.04,10.880000000004657,0.1813333333334109,0.0,153.27653866673197,0.9989895407025606,0.9874587546538822,0.9830602978773532,78120.17,-3.25,-0.0180555555555555,3.25,-5.464731944440951,0.4561788748545849,0.4681715903804251,0.4698537584751308,78116.43,0.4900000000052387,0.0016333333333507,0.0,10.21036036668406,0.5814665662533542,0.5593115467249248,0.5561921484132039,78130.24,-13.320000000006983,-0.0222000000000116,13.320000000006983,-8.764285800005776,0.4299421818881589,0.4490390120168203,0.4517240642740152,78198.28,-81.36000000000058,-0.0904000000000006,81.36000000000058,-63.06096559999702,0.1020227084240391,0.1783599538826484,0.1913783436326689,78227.13,-110.2100000000064,-0.0612277777777813,110.2100000000064,-39.83582177222157,0.2111802451830792,0.2802163936310706,0.2906905369131848,78254.83,-137.9100000000035,-0.0383083333333343,137.9100000000035,-21.58875819166395,0.3318469426473738,0.3761839062792906,0.3825423204304024,0.0337897551765713,True,0.5881051224117143,0.5858922703589277,0.5712102448234286,heartbeat:36288,two_side_all_heartbeats,0.5784017607385071,0.5712102448234286,0.5901563866976994,0.033789755176571346,0.0531964785229857,2026-05-03 02:45:00+00:00,validation,book_p_side,0.605,session_switch:book_margin,2,63.0,39.0,37.0,0.63
KXBTC15M-26MAY022300-00,heartbeat:36381,live_heartbeat_two_side,heartbeat:36381:yes,2026-05-03 02:48:14.975000+00:00,2026-05-03 02:48:00+00:00,yes,yes,True,True,1,61.0,60.0,60.5,0.605,39.5,21.0,1.0,78125.97,78118.41,705.025,,36381,False,False,synced,mid>=95,latest_quote,1.0,7.559999999997672,0.2847210239640398,2.205439568255698,,,35.18875164140488,0.2148413810480901,0.5850545056420317,44.232417798460816,0.1709153687787047,0.5678548440297689,41.6800538266669,0.181381723532247,0.5719660182748373,55.58006508339079,0.1360199918559803,0.5540972616852231,78119.89,6.080000000001746,0.1013333333333624,0.0,79.00253333335152,0.9629566577221722,0.9709837146286284,0.9224024358552896,78110.03,15.940000000002328,0.0885555555555684,0.0,69.99388055556234,0.943222153860522,0.9534545274774572,0.8960451895856134,78119.03,6.940000000002328,0.023133333333341,0.0,23.869578333336477,0.7052773091123232,0.7165713004312523,0.6662068219910077,78117.85,8.119999999995343,0.0135333333333255,0.0,17.101338333325533,0.6504829073327324,0.659207161728368,0.620840256077102,78144.9,-18.92999999999301,-0.0210333333333255,18.92999999999301,-7.26902583333019,0.4347329013171198,0.4307753267060045,0.4479727870308693,78154.48,-28.50999999999476,-0.0158388888888859,28.50999999999476,-3.606812638889164,0.4675053471443723,0.4655202889541543,0.4741291996657361,78279.66,-153.69000000000233,-0.0426916666666673,153.69000000000233,-22.53869229166945,0.3051828749375386,0.2943382748409641,0.3425485572884287,0.037145155970231,True,0.5864274220148844,0.626044051047364,0.5678548440297689,heartbeat:36381,two_side_all_heartbeats,0.5884830091374187,0.5678548440297689,0.6139119150313953,0.03714515597023105,0.0330339817251627,2026-05-03 03:00:00+00:00,validation,book_p_side,0.605,session_switch:book_margin,2,63.0,39.0,37.0,0.63
KXBTC15M-26MAY022315-15,heartbeat:36459,live_heartbeat_two_side,heartbeat:36459:no,2026-05-03 03:03:00.957000+00:00,2026-05-03 03:03:00+00:00,no,no,True,True,1,62.0,61.0,61.5,0.615,38.5,23.0,1.0,78154.48,78164.42,719.043,,36459,False,False,synced,bid>=98,latest_quote,-1.0,9.940000000002328,0.3706883634963924,2.8713397169088184,,,29.137737308536572,0.3411383627612764,0.6335002888871156,52.231014532842856,0.1903083845662629,0.575466258107622,48.08347821180467,0.206723813868399,0.5818872208374455,57.81780849251344,0.1719193490581611,0.5682495326412498,78169.05,14.570000000006983,0.2428333333334497,0.0,184.54760850008603,0.9997947932662494,0.9999379966618984,0.9992932540941764,78162.86,8.380000000004657,0.0465555555555814,0.0,43.41544633335426,0.7970752258158973,0.8167153377698209,0.7736438605569889,78167.0,12.520000000004076,0.0417333333333469,0.0,39.94806120001209,0.7778148314803948,0.7969584953380959,0.7551952490207112,78196.12,41.63999999999942,0.069399999999999,0.0,59.841584200001634,0.874042372201318,0.8933486852562186,0.849666159930349,78125.97,-28.50999999999476,-0.0316777777777719,28.50999999999476,-12.837684366660152,0.4029237086936491,0.3947394189112458,0.4121425965504589,78144.9,-9.580000000001746,-0.0053222222222231,9.580000000001746,6.113093366668297,0.5465856356458826,0.55058322788752,0.5421018244441793,78229.65,75.16999999999825,0.020880555555555,0.0,24.95401730833531,0.683590353885081,0.6981101452915599,0.6669829851326893,0.039533741892378,True,0.595233129053811,0.6560936965293389,0.575466258107622,heartbeat:36459,two_side_all_heartbeats,0.5984436104187227,0.575466258107622,0.6357028437283656,0.039533741892378016,0.033112779162554506,2026-05-03 03:15:00+00:00,validation,book_p_side,0.615,session_switch:book_margin,2,64.0,38.0,36.0,0.64
KXBTC15M-26MAY022330-30,heartbeat:36547,live_heartbeat_two_side,heartbeat:36547:no,2026-05-03 03:23:32.825000+00:00,2026-05-03 03:23:00+00:00,no,no,True,True,1,64.0,63.0,63.5,0.635,36.5,27.0,1.0,78125.99,78129.8,387.175,,36547,False,False,synced,bid>=98,latest_quote,-1.0,3.809999999997672,0.1936294100110071,1.4998469606171967,,,4.471672848871406,0.8520301302809458,0.8029013153847371,25.984004429083164,0.1466286695877116,0.5582874383984545,26.735011348110447,0.1425097580991657,0.5566613139048521,30.89313122913396,0.123328385579919,0.5490764680175474,78127.89,1.8999999999941792,0.0316666666665696,0.0,16.07054166662678,0.7318699356512187,0.7261148820279163,0.698537171926938,78125.99,-0.0,-0.0,0.0,3.809999999997672,0.5582874383984545,0.5566613139048521,0.5490764680175474,78129.41,3.4199999999982538,0.0113999999999941,0.0,8.223794999995418,0.6241864078730736,0.620808141565987,0.6049579502617393,78128.5,2.5099999999947613,0.0041833333333246,0.0,5.4296820833276245,0.5827612368553207,0.5804686593263673,0.5697575484436503,78139.98,13.989999999990689,0.015544444444434,0.0,9.828420277771444,0.6473771372626969,0.6434230307593222,0.6248116045785456,78196.12,70.1299999999901,0.0389611111111056,0.0,18.894768194439987,0.7664388499065834,0.7601367368717865,0.7296044483944348,78115.65,-10.34000000001106,-0.0028722222222252,10.34000000001106,2.6979473611075933,0.5413483010635065,0.5401907900612255,0.5347960416581232,0.0767125616015454,True,0.5966437191992273,0.6058246154238427,0.5582874383984545,heartbeat:36547,two_side_all_heartbeats,0.5958306569524261,0.5582874383984545,0.6098235130941511,0.07671256160154549,0.07833868609514794,2026-05-03 03:30:00+00:00,validation,book_p_side,0.635,session_switch:book_margin,2,66.0,36.0,34.0,0.66
KXBTC15M-26MAY022345-45,heartbeat:36587,live_heartbeat_two_side,heartbeat:36587:yes,2026-05-03 03:32:03.488000+00:00,2026-05-03 03:32:00+00:00,yes,yes,True,True,1,67.0,65.0,66.0,0.66,34.0,32.0,2.0,78141.76,78125.57,776.512,,36587,False,False,synced,bid>=98,last_decisive_quote,1.0,16.189999999987776,0.5809954923895905,4.500371732492924,,,69.3994254566487,0.2332872339137891,0.5922308144904844,40.900349598670026,0.3958401372812283,0.653888517556775,43.78213576313592,0.3697855236568788,0.6442288488295126,46.43052461050295,0.3486930233031541,0.6363401087373579,78117.07,24.689999999987776,0.4114999999997962,0.0,335.72468799982954,1.0,0.9999999999999912,0.9999999999997596,78136.11,5.649999999994179,0.0313888888888565,0.0,40.56384888885155,0.839345783568866,0.8229051224087227,0.8088445063004452,78111.99,29.769999999989523,0.0992333333332984,0.0,93.24587413329398,0.988691135342838,0.9834046918395648,0.9776936618171268,78127.89,13.869999999995343,0.0231166666666589,0.0,34.14036906664842,0.7980625123096577,0.7822393743672507,0.7689216242257547,78133.68,8.080000000001746,0.0089777777777797,0.0,23.16135217776706,0.7144007840285463,0.7016020470568589,0.6910535623232003,78169.05,-27.29000000000815,-0.0151611111111156,27.29000000000815,4.41721528887315,0.5430019360181726,0.5401814321231603,0.5378966057549783,78133.72,8.039999999993597,0.0022333333333315,0.0,17.92421013331973,0.6693942050620707,0.658875285712743,0.650267836648111,0.006111482443225,True,0.6569442587783876,0.7675265509665378,0.653888517556775,heartbeat:36587,two_side_all_heartbeats,0.6521144244147563,0.653888517556775,0.7239047823356001,0.006111482443225014,0.01577115117048744,2026-05-03 03:45:00+00:00,validation,book_p_side,0.66,session_switch:book_margin,2,69.0,33.0,31.0,0.69
KXBTC15M-26MAY030000-00,heartbeat:36656,live_heartbeat_two_side,heartbeat:36656:yes,2026-05-03 03:46:04.913000+00:00,2026-05-03 03:46:00+00:00,yes,yes,True,True,1,61.0,59.0,60.0,0.6,40.0,20.0,2.0,78140.31,78128.9,835.087,,36656,True,False,synced,bid>=98,latest_quote,1.0,11.410000000003492,0.394838763278843,3.0584079092321828,,,72.48816368468849,0.157405008211204,0.5625371666611914,73.15460026922328,0.1559710525108804,0.5619720806554611,56.37395296225465,0.2023984375841639,0.5801973751230096,53.63926156733289,0.2127173206081635,0.5842262719762296,78130.21,10.099999999991269,0.1683333333331878,0.0,151.9829783332153,0.9811249896092182,0.9964908926415916,0.9976974149750316,78172.7,-32.38999999999942,-0.1799444444444412,32.38999999999942,-138.85926627777158,0.0288373869157008,0.0068855132552418,0.0048160861981438,78172.7,-32.38999999999942,-0.1079666666666647,32.38999999999942,-78.75155976666156,0.1408499178664252,0.0812143938901239,0.0710290125896085,78206.36,-66.05000000000291,-0.1100833333333381,66.05000000000291,-80.51916058333389,0.1355198957576611,0.0766021423989281,0.0666617999243994,78117.07,23.239999999990687,0.0258222222222118,0.0,32.97380208888374,0.6739120058852247,0.7206965583794243,0.7306343326242551,78133.71,6.599999999991269,0.0036666666666618,0.0,14.471985666666107,0.5784099530823805,0.6013002369179505,0.6063437482409886,78116.44,23.869999999995343,0.0066305555555542,0.0,16.947090747224635,0.5915994591166795,0.6181475427712265,0.6239781148811969,0.0380279193445388,True,0.5809860403277305,0.43427399950729545,0.5619720806554611,heartbeat:36656,two_side_all_heartbeats,0.5900986875615049,0.1408499178664252,0.4967616077699234,0.03802791934453886,0.01980262487699036,2026-05-03 04:00:00+00:00,validation,book_p_side,0.6,session_switch:book_margin,2,63.0,39.0,37.0,0.63
KXBTC15M-26MAY030015-15,heartbeat:36726,live_heartbeat_two_side,heartbeat:36726:no,2026-05-03 04:01:06.387000+00:00,2026-05-03 04:01:00+00:00,no,no,True,True,1,77.0,76.0,76.5,0.765,23.5,53.0,1.0,78164.87,78197.28,833.613,,36726,False,False,synced,bid>=98,latest_quote,-1.0,32.41000000000349,1.122526989238228,8.69505666997602,,,56.69797742963623,0.5716253289674258,0.7162120840389196,52.66536330009596,0.6153949763020896,0.7308530458648327,62.60684110258637,0.5176750564191074,0.6976574977862747,53.27621821186992,0.6083389753963909,0.7285186619273614,78196.02,31.15000000000873,0.5191666666668122,0.0,465.19408250012486,1.0,0.9999999999999458,1.0,78192.53,27.66000000000349,0.153666666666686,0.0,160.50853100001967,0.9988470220100922,0.9948226527423688,0.9987055879180924,78192.54,27.669999999998254,0.0922333333333275,0.0,109.29690569999865,0.9810210499285316,0.9595742048385666,0.9798915394942896,78184.0,19.130000000004657,0.0318833333333411,0.0,58.988361150009965,0.8686558797473696,0.8269556721006435,0.8659000484729419,78140.31,-24.55999999999767,-0.0272888888888863,24.55999999999767,9.661627466672314,0.5727787671445286,0.5613221657135748,0.5719534605367858,78117.07,-47.79999999998836,-0.026555555555549,47.79999999998836,10.272943666675548,0.5773272934883203,0.5651685145898844,0.576451671263493,78159.91,-4.959999999991851,-0.0013777777777755,4.959999999991851,31.261466533338712,0.7236057571590446,0.6912264961868573,0.7213245622673006,0.0341469541351673,True,0.7479265229324163,0.8256246985977881,0.7308530458648327,heartbeat:36726,two_side_all_heartbeats,0.7313287488931374,0.7308530458648327,0.7979601237451561,0.03414695413516733,0.06734250221372529,2026-05-03 04:15:00+00:00,validation,brownian_p_rv_15m,0.7308530458648327,session_switch:frontier_v2,2,79.0,23.0,21.0,0.79
KXBTC15M-26MAY030030-30,heartbeat:36792,live_heartbeat_two_side,heartbeat:36792:yes,2026-05-03 04:16:07.617000+00:00,2026-05-03 04:16:00+00:00,yes,yes,True,True,1,68.0,66.0,67.0,0.67,33.0,34.0,2.0,78162.52,78139.84,832.383,,36792,False,False,synced,bid>=98,last_decisive_quote,1.0,22.680000000007567,0.7861066121693342,6.089155634550728,,,56.56420223532828,0.4009603088831743,0.6557753267285809,64.57964312452053,0.3511942603379934,0.6372786920875578,57.98148120267308,0.3911593758829667,0.6521602829055922,56.66830689896423,0.4002237095321107,0.6555041234644384,78133.79,28.73000000001048,0.4788333333335079,0.0,421.25272650015296,0.9999999999655416,0.999999999999814,0.9999999999999472,78126.8,35.720000000001164,0.1984444444444509,0.0,187.86178200001297,0.998187029795262,0.9994024159489684,0.9995419678682242,78130.1,32.419999999998254,0.1080666666666608,0.0,112.63285620000272,0.9594284988928374,0.9739656931388988,0.9765709812769232,78164.86,-2.3399999999965075,-0.0038999999999941,2.3399999999965075,19.43370630001241,0.6182646126740753,0.6312519208371946,0.6341773850073716,78164.87,-2.349999999991269,-0.0026111111111014,2.349999999991269,20.506555500015644,0.6245826753330551,0.6382084798802641,0.6412753792342596,78140.31,22.210000000006403,0.0123388888888924,0.0,32.95068135001053,0.6950559706621401,0.7150832222709405,0.7195367129781263,78133.71,28.80999999999767,0.0080027777777771,0.0,29.341376175007028,0.6752093897775842,0.6935883026737008,0.6976920210874068,0.0327213079124422,True,0.6536393460437789,0.7555690636601318,0.6372786920875578,heartbeat:36792,two_side_all_heartbeats,0.6610801414527961,0.6372786920875578,0.7180693074048349,0.03272130791244221,0.017839717094407792,2026-05-03 04:30:00+00:00,validation,brownian_p_rv_15m,0.6372786920875578,session_switch:frontier_v2,2,70.0,32.0,30.0,0.7
KXBTC15M-26MAY030045-45,heartbeat:36866,live_heartbeat_two_side,heartbeat:36866:no,2026-05-03 04:33:09.338000+00:00,2026-05-03 04:33:00+00:00,no,no,True,True,1,60.0,59.0,59.5,0.595,40.5,19.0,1.0,78202.14,78212.32,710.662,,36866,False,False,synced,bid>=98,latest_quote,-1.0,10.180000000007569,0.3818706066234443,2.9579569997174464,,,21.872409197649727,0.4654265521468685,0.6791869883754145,37.09504836576427,0.2744301584306029,0.6081229653835952,44.14599621026519,0.2305984885134482,0.5911866290201736,52.02572383204034,0.1956724337535916,0.5775667190118117,78215.0,12.860000000000582,0.214333333333343,0.0,162.4985553333478,0.9999940823420524,0.9998838100095558,0.9991062092688175,78212.57,10.430000000007569,0.0579444444444864,0.0,51.35891477781522,0.9169006791834894,0.8776639077114237,0.8382235548038184,78220.14,18.0,0.06,0.0,52.81972000000757,0.9227626037402012,0.884244990406942,0.8450094298347869,78190.93,-11.210000000006405,-0.018683333333344,11.210000000006405,-3.097535033333351,0.4667259331114652,0.4720308844568328,0.4762615893527566,78165.94,-36.19999999999709,-0.0402222222222189,36.19999999999709,-18.404404888879025,0.3098971770103739,0.3383762815719744,0.361760926319793,78182.35,-19.7899999999936,-0.0109944444444408,19.7899999999936,2.366666122232316,0.525435282726865,0.5213770488093168,0.5181417493971073,78149.84,-52.30000000000291,-0.0145277777777785,52.30000000000291,-0.1443396111041188,0.4984476896287426,0.4986956218920628,0.4988931802290682,-0.0131229653835952,True,0.6015614826917977,0.7086285230412654,0.595,heartbeat:36866,two_side_all_heartbeats,0.5930933145100867,0.595,0.6644894103631188,0.013122965383595253,0.0038133709798263693,2026-05-03 04:45:00+00:00,validation,brownian_p_rv_15m,0.6081229653835952,session_switch:frontier_v2,2,62.0,40.0,38.0,0.62
KXBTC15M-26MAY030100-00,heartbeat:36924,live_heartbeat_two_side,heartbeat:36924:no,2026-05-03 04:46:10.814000+00:00,2026-05-03 04:46:00+00:00,no,no,True,True,1,53.0,52.0,52.5,0.525,47.5,5.0,1.0,78175.75,78179.66,829.186,,36924,False,False,synced,bid>=98,last_decisive_quote,-1.0,3.910000000003493,0.1357846812006003,1.0517836179200168,,,14.946212696638293,0.2616047342135664,0.6031869031361808,29.544216054963908,0.1323440091532416,0.5526439003900689,34.77157272357022,0.1124481780300108,0.5447659715079203,47.34180518860449,0.0825908514562654,0.5329115620488728,78180.01,4.259999999994761,0.0709999999999126,0.0,62.7822059999311,0.9832077482372854,0.9645065537610352,0.9076045403863484,78192.54,16.789999999993597,0.0932777777777422,0.0,81.25462744441845,0.9970227084483476,0.9902755184853592,0.9569500718681886,78194.27,18.520000000004075,0.0617333333333469,0.0,55.09841573334809,0.968905627432496,0.94346935581533,0.8777561237294352,78187.03,11.279999999998836,0.018799999999998,0.0,19.498696800001888,0.7453678093285852,0.7125212803922509,0.659782857541067,78214.46,38.7100000000064,0.0430111111111182,0.0,39.57421117778717,0.9097945569762578,0.872464744002154,0.7984015267452581,78162.52,-13.229999999995924,-0.0073499999999977,13.229999999995924,-2.184517099994631,0.4705288245437836,0.4749530086884642,0.4815979331515277,78140.31,-35.44000000000233,-0.009844444444445,35.44000000000233,-4.252875511108154,0.4427701685687272,0.4513271611226637,0.4642098014754916,-0.0276439003900689,True,0.5388219501950344,0.682183175940855,0.525,heartbeat:36924,two_side_all_heartbeats,0.5348829857539601,0.525,0.6220742956035199,0.02764390039006892,0.019765971507920255,2026-05-03 05:00:00+00:00,validation,brownian_p_rv_15m,0.5526439003900689,session_switch:frontier_v2,2,55.0,47.0,45.0,0.55
KXBTC15M-26MAY030115-15,heartbeat:36999,live_heartbeat_two_side,heartbeat:36999:yes,2026-05-03 05:00:42.296000+00:00,2026-05-03 05:00:00+00:00,yes,yes,True,True,1,64.0,63.0,63.5,0.635,36.5,27.0,1.0,78164.86,78157.01,857.704,,36999,False,False,synced,bid>=98,latest_quote,1.0,7.850000000005821,0.2680408207026995,2.076235269370647,,,39.83737976178685,0.1970511124714021,0.5781062300725508,39.99274002735883,0.1962856257069577,0.5778066942121862,34.92948702800616,0.2247384851003325,0.588908638220529,47.38942872983443,0.1656487577590017,0.5657833129149972,78147.57,17.289999999993597,0.2881666666665599,0.0,255.01170266658093,0.99999999990938,0.999999999999857,0.999999963003271,78153.42,11.440000000002328,0.0635555555555685,0.0,62.36185422223914,0.9405407784479444,0.962898865862627,0.9059036506292044,78163.34,1.5200000000040743,0.0050666666666802,0.0,12.195700266684137,0.6197970660790376,0.6365124003011416,0.6015459519920303,78137.93,26.930000000007567,0.0448833333333459,0.0,46.34661453334997,0.8767465720621921,0.9077228578350792,0.8359615502588343,78180.01,-15.14999999999418,-0.0168333333333268,15.14999999999418,-6.5880173333219645,0.434578120905964,0.4251996199847601,0.4447176813868214,78212.57,-47.7100000000064,-0.0265055555555591,47.7100000000064,-14.88392102221945,0.3548847882518793,0.3350126233898667,0.376731347615679,78196.02,-31.16000000000349,-0.0086555555555565,31.16000000000349,0.4260953777827678,0.5042503775838514,0.5048664684280829,0.5035869850268008,0.0571933057878137,True,0.6064033471060931,0.6108679200970747,0.5778066942121862,heartbeat:36999,two_side_all_heartbeats,0.6119543191102645,0.5778066942121862,0.6148014214794634,0.057193305787813786,0.04609136177947104,2026-05-03 05:15:00+00:00,validation,book_p_side,0.635,session_switch:book_margin,2,66.0,36.0,34.0,0.66
KXBTC15M-26MAY030130-30,heartbeat:37068,live_heartbeat_two_side,heartbeat:37068:yes,2026-05-03 05:16:29.031000+00:00,2026-05-03 05:16:00+00:00,yes,no,True,False,1,65.0,63.0,64.0,0.64,36.0,28.0,2.0,78237.37,78230.61,810.969,,37068,False,False,synced,bid>=98,last_decisive_quote,1.0,6.759999999994761,0.2373802425841123,1.8387394524938876,,,46.65606226183933,0.1448900672769348,0.5576011655777212,49.04603062523401,0.1378297063762131,0.5548124969383518,44.59206800075187,0.1515964677816866,0.5602473902451391,39.60385534944688,0.1706904527437421,0.567766414867762,78230.6,6.769999999989523,0.1128333333331587,0.0,98.26433549985316,0.9774388464419386,0.9862247464062256,0.9934526079219734,78229.93,7.440000000002328,0.0413333333333462,0.0,40.280052000005256,0.7942538610534318,0.8168168717043511,0.8454408886436053,78244.43,-7.059999999997672,-0.0235333333333255,7.059999999997672,-12.324803799998946,0.4007947420731547,0.3911242499708462,0.3778234852099438,78228.68,8.690000000002328,0.0144833333333372,0.0,18.50553434999791,0.6470282014825196,0.6609276212538715,0.6798452041005785,78171.77,65.59999999999127,0.0728888888888791,0.0,65.87062933332024,0.9103699884562216,0.9301866588254362,0.951867578284439,78175.75,61.61999999999534,0.0342333333333307,0.0,34.522172099992666,0.7592440370795062,0.7805870599854672,0.8083104659256342,78162.52,74.84999999999127,0.0207916666666642,0.0,23.6213971249928,0.6849609400193079,0.7018476358369361,0.7245599582507555,0.0851875030616482,True,0.5974062484691759,0.5318690796705021,0.5548124969383518,heartbeat:37068,two_side_all_heartbeats,0.6001236951225696,0.4007947420731547,0.5666026974961365,0.08518750306164824,0.07975260975486087,2026-05-03 05:30:00+00:00,validation,book_p_side,0.64,session_switch:book_margin,2,67.0,-65.0,-67.0,0.67
KXBTC15M-26MAY030145-45,heartbeat:37132,live_heartbeat_two_side,heartbeat:37132:no,2026-05-03 05:31:00.452000+00:00,2026-05-03 05:31:00+00:00,no,no,True,True,1,63.0,62.0,62.5,0.625,37.5,25.0,1.0,78204.97,78214.4,839.548,,37132,False,False,synced,bid>=98,last_decisive_quote,-1.0,9.429999999993017,0.3254534854974722,2.520951858593734,,,27.944441283715733,0.3374553065581678,0.6321131508018805,25.284226559767585,0.3729597968006697,0.6454108169567733,40.79557049179666,0.2311525463748383,0.5914018529083458,37.98011724058764,0.2482878064924875,0.5980441336522839,78209.84,4.869999999995343,0.081166666666589,0.0,77.57331266659453,0.9989227030776776,0.9713825823886928,0.9794476155212284,78222.28,17.30999999999767,0.0961666666666537,0.0,90.16653266664882,0.999818845780624,0.9864544958953668,0.9912028128060588,78209.85,4.880000000004657,0.0162666666666821,0.0,23.086647466672712,0.8194010750070881,0.7142727363996089,0.7283603008097191,78225.66,20.69000000000233,0.0344833333333372,0.0,38.38041353332961,0.9354876040077302,0.8265959477442372,0.8438815881408204,78237.37,32.39999999999418,0.0359999999999935,0.0,39.65372799998758,0.9415966253609036,0.8344773687901044,0.8517724440629584,78171.77,-33.19999999999709,-0.0184444444444428,33.19999999999709,-6.054996444450072,0.4053677767962584,0.4410045185261072,0.4366668532529868,78214.46,9.49000000000524,0.0026361111111125,0.0,11.643141811105348,0.6774178442739897,0.6123319535999556,0.620410417842839,-0.0204108169567732,True,0.6352054084783867,0.6966039639879539,0.625,heartbeat:37132,two_side_all_heartbeats,0.6082009264541729,0.625,0.6700034600884497,0.02041081695677327,0.03359814709165421,2026-05-03 05:45:00+00:00,validation,book_p_side,0.625,session_switch:book_margin,2,65.0,37.0,35.0,0.65
KXBTC15M-26MAY030200-00,heartbeat:37211,live_heartbeat_two_side,heartbeat:37211:yes,2026-05-03 05:49:16.911000+00:00,2026-05-03 05:49:00+00:00,yes,yes,True,True,1,71.0,70.0,70.5,0.705,29.5,41.0,1.0,78210.8,78206.94,643.089,,37211,False,False,synced,bid>=98,last_decisive_quote,1.0,3.860000000000582,0.15221300648083,1.1790368783528329,,,9.18488021962893,0.4202558887759264,0.6628507347465171,19.960763060628693,0.1933793807519403,0.5766690687860337,24.65776200479841,0.1565429984785085,0.562197485444724,32.47742635046697,0.1188517821069612,0.5473036084011951,78209.81,0.9900000000052388,0.0165000000000873,0.0,14.470968500056731,0.7657649991962254,0.7213554124763001,0.6720460757515223,78206.01,4.790000000008149,0.0266111111111563,0.0,20.973312833363032,0.853308005822884,0.8024976751018812,0.7407894822074792,78206.18,4.620000000009895,0.0154000000000329,0.0,13.763570600021795,0.7547555036188569,0.7116406601677312,0.6641400884405103,78206.45,4.350000000005821,0.0072500000000097,0.0,8.52239525000682,0.6652948173504409,0.6351885797711498,0.6034972445066578,78228.02,-17.220000000001164,-0.0191333333333346,17.220000000001164,-8.44443620000025,0.3361287439481589,0.3660002495577563,0.3974282606537551,78225.72,-14.919999999998254,-0.0082888888888879,14.919999999998254,-1.4704932666654615,0.4706368070818176,0.4762227247687891,0.4819431025026452,78160.0,50.80000000000291,0.0141111111111119,0.0,12.934700333334437,0.7415095641237153,0.7000586183423682,0.6547834579969743,0.1283309312139662,True,0.6408345343930169,0.6788081908016302,0.5766690687860337,heartbeat:37211,two_side_all_heartbeats,0.6335987427223619,0.5766690687860337,0.6764518213595815,0.12833093121396622,0.14280251455527593,2026-05-03 06:00:00+00:00,validation,book_p_side,0.705,session_switch:book_margin,2,73.0,29.0,27.0,0.73
KXBTC15M-26MAY030215-15,heartbeat:37277,live_heartbeat_two_side,heartbeat:37277:no,2026-05-03 06:01:02.905000+00:00,2026-05-03 06:01:00+00:00,no,no,True,True,1,76.0,75.0,75.5,0.755,24.5,51.0,1.0,78216.0,78238.77,837.095,,37277,False,False,synced,bid>=98,last_decisive_quote,-1.0,22.770000000004075,0.7870016749876474,6.096088761329,,,41.606881653694046,0.5472652382248996,0.7079017389486925,29.85703283797264,0.7626343891428098,0.7771592652126799,30.20960052709482,0.7537338992477504,0.7744954888937101,35.586375295406754,0.6398516232964887,0.7388654663499963,78239.86,23.860000000000586,0.3976666666666764,0.0,355.6547783333456,1.0,1.0,1.0,78237.51,21.50999999999476,0.1194999999999709,0.0,122.8028524999797,0.9999804749645772,0.9999759865855672,0.999720576603724,78237.51,21.50999999999476,0.0716999999999825,0.0,82.78971149998947,0.9972217960314738,0.9969328039780208,0.9900025633327654,78234.05,18.05000000000291,0.0300833333333381,0.0,47.95260791667481,0.945871187940832,0.9437810481152522,0.91109022498675,78206.01,-9.99000000000524,-0.0111000000000058,9.99000000000524,13.478245499999202,0.6741587815074477,0.6722583274598963,0.6475622576447154,78204.97,-11.029999999998836,-0.0061277777777771,11.029999999998836,17.640467861115727,0.7226832509401938,0.7203682537478072,0.6899499469182162,78171.77,-44.229999999995925,-0.0122861111111099,44.229999999995925,12.485357819449463,0.6620891049686309,0.6603033104283866,0.6371482724423765,-0.0221592652126798,True,0.7660796326063399,0.8431270204147179,0.755,heartbeat:37277,two_side_all_heartbeats,0.7647477444468551,0.755,0.8100921387700987,0.022159265212679857,0.01949548889371011,2026-05-03 06:15:00+00:00,validation,book_p_side,0.755,session_switch:book_margin,2,78.0,24.0,22.0,0.78
KXBTC15M-26MAY030230-30,heartbeat:37359,live_heartbeat_two_side,heartbeat:37359:no,2026-05-03 06:20:05.081000+00:00,2026-05-03 06:20:00+00:00,no,no,True,True,1,67.0,66.0,66.5,0.665,33.5,33.0,1.0,78140.65,78146.2,594.919,,37359,False,False,synced,bid>=98,last_decisive_quote,-1.0,5.55000000000291,0.227543305888299,1.7625428684927245,,,20.889987061115548,0.2656775221433064,0.604756211926425,26.81144642368944,0.2070011409417722,0.5819955162724116,26.69443494322862,0.2079085027199924,0.582349794984788,25.337113651792084,0.2190462606071296,0.5866929940342814,78151.85,11.200000000011642,0.1866666666668607,0.0,116.601546666785,0.999993160346915,0.9999937307992908,0.9999979077933204,78147.56,6.9100000000034925,0.0383888888889082,0.0,28.388279388903342,0.8551572807786412,0.8562117366534111,0.8687331796263338,78141.37,0.7200000000011642,0.0024000000000038,0.0,6.977805600005219,0.6026663529158318,0.60310624276125,0.6084949898017745,78157.95,17.30000000000291,0.0288333333333381,0.0,22.703497833339128,0.801442173459389,0.8024751801961814,0.8148888371756957,78185.63,44.98000000001048,0.0499777777777894,0.0,35.28272957778761,0.9059058810092238,0.9068703015703964,0.918119249308654,78220.21,79.56000000001222,0.0442000000000067,0.0,31.845419800006947,0.8825349543410415,0.883557676313885,0.8955993700705911,78214.68,74.02999999999884,0.0205638888888885,0.0,17.78384821389161,0.7464285821279146,0.7473585509262763,0.758625889607531,0.0830044837275884,True,0.6234977581362058,0.6165539563960811,0.5819955162724116,heartbeat:37359,two_side_all_heartbeats,0.623674897492394,0.5819955162724116,0.6276319254648899,0.0830044837275884,0.08265020501521203,2026-05-03 06:30:00+00:00,validation,book_p_side,0.665,session_switch:book_margin,2,69.0,33.0,31.0,0.69
KXBTC15M-26MAY030245-45,heartbeat:37409,live_heartbeat_two_side,heartbeat:37409:yes,2026-05-03 06:31:06.053000+00:00,2026-05-03 06:31:00+00:00,yes,yes,True,True,1,77.0,76.0,76.5,0.765,23.5,53.0,1.0,78130.25,78107.96,833.947,,37409,False,False,synced,bid>=98,last_decisive_quote,1.0,22.2899999999936,0.7718641019536753,5.978833624803856,,,50.58892941686915,0.4406102334429096,0.6702524034766614,49.39882915734081,0.4512252695098794,0.674086400536451,41.28498791031727,0.5399056928008267,0.705368964136371,36.33759989243679,0.6134142063860685,0.7301987525407494,78104.64,25.610000000000586,0.426833333333343,0.0,378.24637783333503,0.9999999999999905,1.0,1.0,78102.47,27.77999999999884,0.1543333333333268,0.0,150.99582033332152,0.9988809398998656,0.9998726079647292,0.99998376123381,78086.01,44.24000000000524,0.1474666666666841,0.0,145.26938426667482,0.9983628828356896,0.9997831645671088,0.9999680290471926,78131.0,-0.75,-0.00125,0.75,21.2475662499936,0.6664468682896934,0.6966032832032587,0.7206342637554891,78144.1,-13.85000000000582,-0.0153888888888953,13.85000000000582,9.456482277765982,0.5759061517198845,0.5905864392211975,0.602660518113453,78216.0,-85.75,-0.0476388888888888,85.75,-17.438308472228627,0.3620402609415705,0.3363706967323514,0.3156502850153602,78204.97,-74.72000000000116,-0.0207555555555558,74.72000000000116,4.98096671110444,0.5401579592148961,0.5480152245947932,0.5545141369635581,0.090913599463549,True,0.7195432002682255,0.8124830944573803,0.674086400536451,heartbeat:37409,two_side_all_heartbeats,0.7351844820681854,0.674086400536451,0.7843984967280733,0.09091359946354904,0.059631035863629056,2026-05-03 06:45:00+00:00,validation,book_p_side,0.765,session_switch:book_margin,2,79.0,23.0,21.0,0.79
KXBTC15M-26MAY030300-00,heartbeat:37481,live_heartbeat_two_side,heartbeat:37481:yes,2026-05-03 06:47:37.722000+00:00,2026-05-03 06:47:00+00:00,yes,yes,True,True,1,62.0,61.0,61.5,0.615,38.5,23.0,1.0,78140.64,78138.0,742.278,,37481,False,False,synced,bid>=98,last_decisive_quote,1.0,2.639999999999418,0.0968992983697647,0.7505787376905649,,,15.082549594591764,0.1750367193187322,0.5694746094476102,42.59574782287272,0.0619780174062776,0.5247098310458197,44.02324547004111,0.0599683183693488,0.5239095662301313,37.46068787862935,0.0704738794053349,0.5280917549693444,78140.64,0.0,0.0,0.0,2.639999999999418,0.5247098310458197,0.5239095662301313,0.5280917549693444,78140.63,0.0099999999947613,5.555555552645172e-05,0.0,2.6812376666444813,0.525095301133774,0.5242825834894701,0.5285298143565013,78125.01,15.630000000004657,0.0521000000000155,0.0,41.312683800010944,0.833946376166766,0.8259879683002687,0.8649489991416741,78157.35,-16.710000000006403,-0.0278500000000106,16.710000000006403,-18.032442300008505,0.3360239631589684,0.34104535739931,0.3151268628110838,78126.04,14.60000000000582,0.0162222222222286,0.0,14.681398666670884,0.6348280768530812,0.6306185234158586,0.6524394229951075,78147.56,-6.919999999998254,-0.0038444444444434,6.919999999998254,-0.2136465333331956,0.4979990425758681,0.4980639250983746,0.4977247568589788,78209.83,-69.19000000000233,-0.019219444444445,69.19000000000233,-11.626170783334397,0.3924488805528816,0.395854655521376,0.3781449065002555,0.0902901689541803,True,0.5698549155229098,0.6578854024041952,0.5247098310458197,heartbeat:37481,two_side_all_heartbeats,0.5694547831150656,0.5247098310458197,0.6317022245470991,0.0902901689541803,0.0910904337698687,2026-05-03 07:00:00+00:00,validation,book_p_side,0.615,session_switch:book_margin,2,64.0,38.0,36.0,0.64
KXBTC15M-26MAY030315-15,heartbeat:37541,live_heartbeat_two_side,heartbeat:37541:yes,2026-05-03 07:01:09.059000+00:00,2026-05-03 07:01:00+00:00,yes,yes,True,True,1,69.0,68.0,68.5,0.685,31.5,37.0,1.0,78308.99,78282.95,830.941,,37541,False,False,synced,bid>=98,latest_quote,1.0,26.04000000000815,0.9033496606419482,6.9973163829367735,,,60.2327796195647,0.4323227346384971,0.667246567075955,90.61212833734508,0.2873787480530458,0.61308883409284,73.20067532356545,0.3557344230077766,0.6389802683532316,61.21070547414478,0.4254157797774013,0.6647331975849088,78281.18,27.810000000012224,0.4635000000002037,0.0,411.1811535001775,0.9999971580071638,0.9999999902948749,0.9999999999907548,78270.02,38.97000000000117,0.2165000000000064,0.0,205.93872650001356,0.9884793790900536,0.997548546302274,0.9996164810597882,78270.0,38.99000000000524,0.1299666666666841,0.0,134.03463196668935,0.9304582927303342,0.9664540055794776,0.9857279183813792,78189.08,119.91000000000348,0.1998500000000058,0.0,192.103558850013,0.9829996979470184,0.995659163562753,0.9991506299205456,78140.64,168.35000000000582,0.187055555555562,0.0,181.47213038890243,0.9773971593917028,0.9934143661716432,0.9984851693297824,78130.25,178.74000000000524,0.0993000000000029,0.0,108.55244130001056,0.8845395829395186,0.9309552444147198,0.9619206369070448,78216.0,92.99000000000524,0.025830555555557,0.0,47.50366766389825,0.6999486611482257,0.7418150472985432,0.7811455714701392,0.07191116590716,True,0.64904441704642,0.7428490422743913,0.61308883409284,heartbeat:37541,two_side_all_heartbeats,0.6619901341766159,0.61308883409284,0.7125183087739189,0.07191116590716007,0.046019731646768425,2026-05-03 07:15:00+00:00,validation,book_p_side,0.685,session_switch:book_margin,2,71.0,31.0,29.0,0.71
KXBTC15M-26MAY030330-30,heartbeat:37629,live_heartbeat_two_side,heartbeat:37629:no,2026-05-03 07:17:10.413000+00:00,2026-05-03 07:17:00+00:00,no,yes,True,False,1,61.0,60.0,60.5,0.605,39.5,21.0,1.0,78334.41,78345.48,769.587,,37629,False,False,synced,bid>=98,last_decisive_quote,-1.0,11.069999999992431,0.3990421386813053,3.090967115095372,,,63.8476618019443,0.1733814471441666,0.568824196357695,83.18349908028031,0.1330792780105197,0.5529346584403613,88.12840399706576,0.1256121692656661,0.5499805352100645,70.40132400094015,0.1572413609699244,0.5624726838099087,78359.8,25.389999999999414,0.423166666666657,0.0,336.733565499985,0.9999741803925088,0.9999335286799188,0.9999991367555106,78346.01,11.599999999991269,0.0644444444443959,0.0,60.66560666662177,0.7670904756314965,0.7543924420926651,0.8055767589619316,78382.85,48.44000000000233,0.1614666666666744,0.0,135.33264759999838,0.9481226350451388,0.9376854609588564,0.9727161529703252,78418.19,83.77999999999884,0.1396333333333314,0.0,118.52999809999092,0.9229101256764924,0.9106824260465488,0.9538736994013888,78341.52,7.110000000000582,0.0079000000000006,0.0,17.14973729999293,0.5816699784144567,0.5771467258517677,0.5962295470799844,78140.64,-193.77000000000407,-0.1076500000000022,193.77000000000407,-71.7760405500093,0.1941061434908503,0.2076940510689875,0.1539764548953444,78147.56,-186.85000000000585,-0.0519027777777793,186.85000000000585,-28.87370304167548,0.3642548884031243,0.3715948855712129,0.3408552515983416,0.0520653415596387,True,0.5789673292201807,0.7020190978285,0.5529346584403613,heartbeat:37629,two_side_all_heartbeats,0.5774902676050322,0.5529346584403613,0.6580049245411361,0.05206534155963871,0.05501946478993547,2026-05-03 07:30:00+00:00,validation,book_p_side,0.605,session_switch:book_margin,2,63.0,-61.0,-63.0,0.63
KXBTC15M-26MAY030345-45,heartbeat:37691,live_heartbeat_two_side,heartbeat:37691:no,2026-05-03 07:31:11.627000+00:00,2026-05-03 07:31:00+00:00,no,yes,True,False,1,62.0,60.0,61.0,0.61,39.0,22.0,2.0,78400.14,78404.25,828.373,,37691,False,False,synced,mid>=95,last_decisive_quote,-1.0,4.110000000000582,0.1428002127100314,1.1061256913216568,,,80.73391229373598,0.050907975139952,0.5203005747453354,67.89742169155505,0.060532490006344,0.5241342299990324,77.10968889890702,0.0533006948762159,0.5212538367203221,74.72928885904071,0.0549985161474389,0.521930177025955,78400.15,0.0099999999947613,0.0001666666665793,0.0,4.248062166594922,0.5249439013514259,0.5219670804082329,0.5226660701664769,78439.28,39.13999999999942,0.2174444444444412,0.0,184.2351067777757,0.9966704986945129,0.9915588283625376,0.9931563470080104,78391.99,-8.14999999999418,-0.0271666666666472,8.14999999999418,-18.39413316665001,0.3932298852249819,0.4057291965502355,0.4027855522161765,78340.64,-59.5,-0.0991666666666666,59.5,-78.03698916666609,0.1252086138549038,0.1557628756900357,0.1481819937801909,78359.8,-40.33999999999651,-0.0448222222222183,40.33999999999651,-33.01951868888509,0.3133720060767641,0.3342473300784907,0.3292970254932811,78308.99,-91.14999999999418,-0.0506388888888856,91.14999999999418,-37.8378883055523,0.2886680029732972,0.3118185711751489,0.3063115286936012,78130.25,-269.8899999999994,-0.0749694444444442,269.8899999999994,-57.99266360277706,0.196518771146482,0.2260014410622217,0.2188636865420097,0.0858657700009676,True,0.5670671149995161,0.5091213717413381,0.5241342299990324,heartbeat:37691,two_side_all_heartbeats,0.565626918360161,0.3932298852249819,0.5408862460447061,0.08586577000096762,0.08874616327967788,2026-05-03 07:45:00+00:00,validation,book_p_side,0.61,session_switch:book_margin,2,64.0,-62.0,-64.0,0.64
KXBTC15M-26MAY030400-00,heartbeat:37771,live_heartbeat_two_side,heartbeat:37771:no,2026-05-03 07:46:28.096000+00:00,2026-05-03 07:46:00+00:00,no,no,True,True,1,62.0,60.0,61.0,0.61,39.0,22.0,2.0,78395.92,78402.75,811.904,,37771,False,False,synced,bid>=98,last_decisive_quote,-1.0,6.830000000001746,0.2397001816540925,1.8567096232583855,,,104.36486783550164,0.0654434786499906,0.5260895463513948,79.64189251554316,0.0857588862377772,0.5341709549750098,72.62241996968228,0.0940480915239821,0.5374645227547235,80.78535894717888,0.0845450226255417,0.533688445963305,78372.06,-23.860000000000586,-0.3976666666666764,23.860000000000586,-316.03715733333945,3.620457863201532e-05,6.751682514627433e-06,4.5756116554551696e-05,78434.02,38.10000000000582,0.211666666666699,0.0,178.68301333336134,0.9875703040564938,0.9930616364295756,0.9865105934458778,78422.0,26.080000000001743,0.0869333333333391,0.0,77.41152106667313,0.8344734812192365,0.8567757959852308,0.831028371468222,78386.45,-9.470000000001164,-0.0157833333333352,9.470000000001164,-5.984551466666495,0.4700503641456331,0.4671617774034881,0.4704735021276097,78400.14,4.220000000001164,0.0046888888888901,0.0,10.63692764444724,0.5531245258880666,0.5582243894476957,0.5523769478588675,78359.8,-36.11999999999534,-0.020066666666664,36.11999999999534,-9.462206933329488,0.4527131733518157,0.4481672329420785,0.4533794118090258,78140.64,-255.27999999999884,-0.0709111111111107,255.27999999999884,-50.743014755553546,0.262016912264268,0.2423623221402847,0.2649621994900275,0.0758290450249902,True,0.5720854774875048,0.659548145398082,0.5341709549750098,heartbeat:37771,two_side_all_heartbeats,0.5737322613773617,0.5341709549750098,0.6321459827363503,0.07582904502499022,0.07253547724527654,2026-05-03 08:00:00+00:00,validation,book_p_side,0.61,session_switch:book_margin,2,64.0,38.0,36.0,0.64
KXBTC15M-26MAY030415-15,heartbeat:37836,live_heartbeat_two_side,heartbeat:37836:yes,2026-05-03 08:01:14.491000+00:00,2026-05-03 08:01:00+00:00,yes,yes,True,True,1,69.0,68.0,68.5,0.685,31.5,37.0,1.0,78375.53,78359.05,825.509,,37836,False,False,synced,bid>=98,last_decisive_quote,1.0,16.479999999995925,0.5735830396362599,4.442955120356526,,,37.25846355947965,0.4423156090075252,0.6708695813388956,50.79296349709142,0.3244543902412709,0.6272029763033296,66.04061617836635,0.2495434015255972,0.5985297635397673,71.45943839434874,0.2306203402978216,0.5911951178715402,78357.63,17.89999999999418,0.2983333333332363,0.0,262.7568516665825,0.9999998848763816,0.9999653557668235,0.9998820066936108,78359.9,15.630000000004657,0.0868333333333592,0.0,88.16169816668395,0.9586921652379884,0.9090555711834268,0.8913483524334667,78368.09,7.440000000002328,0.0248000000000077,0.0,36.952623200002336,0.7665446166981431,0.7121047065095396,0.6974614514008027,78371.14,4.389999999999418,0.0073166666666656,0.0,22.519974183328458,0.6712502077899435,0.6334489162675692,0.6236736313858721,78395.92,-20.389999999999414,-0.0226555555555549,20.389999999999414,-2.2223650111146505,0.4825504851765589,0.4865775319539973,0.4875950260953166,78400.14,-24.610000000000586,-0.0136722222222225,24.610000000000586,5.193457505551214,0.5407199181505085,0.5313406558956757,0.5289684237113036,78308.99,66.5399999999936,0.0184833333333315,0.0,31.738158016661124,0.7339663737853555,0.6845944141396931,0.6715301405659544,0.0577970236966705,True,0.6561014881516648,0.6929158643338242,0.6272029763033296,heartbeat:37836,two_side_all_heartbeats,0.6417648817698837,0.6272029763033296,0.6839698162306275,0.0577970236966705,0.08647023646023277,2026-05-03 08:15:00+00:00,validation,book_p_side,0.685,session_switch:book_margin,2,71.0,31.0,29.0,0.71
KXBTC15M-26MAY030430-30,heartbeat:37901,live_heartbeat_two_side,heartbeat:37901:yes,2026-05-03 08:16:00.800000+00:00,2026-05-03 08:16:00+00:00,yes,no,True,False,1,65.0,64.0,64.5,0.645,35.5,29.0,1.0,78462.41,78442.28,839.2,,37901,False,False,synced,bid>=98,last_decisive_quote,1.0,20.130000000004657,0.6948819604722353,5.382532520977856,,,39.85116359412592,0.5051295416370685,0.6932660731977444,74.0206387465126,0.2719511793047457,0.6071702208800617,64.02525458477115,0.3144071840175504,0.6233940997256263,68.57500800516242,0.2935471768153384,0.6154480275300291,78438.19,24.220000000001164,0.403666666666686,0.0,358.8870666666876,0.999999377922623,0.9999999896111827,0.999999916833436,78430.64,31.770000000004075,0.1765000000000226,0.0,168.24880000002366,0.9884868644918464,0.995703687046166,0.9929263281512186,78431.29,31.12000000000989,0.1037333333333663,0.0,107.18301333336568,0.9261936064377656,0.95294197047198,0.940974175616567,78451.83,10.580000000001746,0.0176333333333362,0.0,34.927893333340435,0.6814891215389911,0.707306526855479,0.6947425202208711,78375.53,86.88000000000466,0.0965333333333385,0.0,101.14077333334234,0.9140910984025792,0.942912347935045,0.929879292836391,78395.92,66.49000000000524,0.0369388888888918,0.0,51.12911555556265,0.7551359489898001,0.7877322255485214,0.7720436503281838,78359.8,102.61000000000058,0.0285027777777779,0.0,44.049531111115904,0.7241110038796056,0.7542743762841257,0.7396787953452366,0.0378297791199383,True,0.6260851104400309,0.7261212757726092,0.6071702208800617,heartbeat:37901,two_side_all_heartbeats,0.6341970498628131,0.6071702208800617,0.6898897875515716,0.037829779119938345,0.0216059002743737,2026-05-03 08:30:00+00:00,validation,book_p_side,0.645,session_switch:book_margin,2,67.0,-65.0,-67.0,0.67
KXBTC15M-26MAY030445-45,heartbeat:37979,live_heartbeat_two_side,heartbeat:37979:no,2026-05-03 08:34:02.927000+00:00,2026-05-03 08:34:00+00:00,no,yes,True,False,1,66.0,65.0,65.5,0.655,34.5,31.0,1.0,78395.0,78412.35,657.073,,37979,False,False,synced,bid>=98,latest_quote,-1.0,17.35000000000582,0.6768503661975243,5.242860392314806,,,36.9571452114206,0.469462668199931,0.6806305184596971,40.0489203069118,0.4332201684101703,0.6675725859255464,57.04183647950125,0.304162717591338,0.6194980364735828,53.33455167357305,0.3253050687703191,0.6275249025014881,78415.8,20.80000000000291,0.3466666666667152,0.0,245.1353066667044,0.999999999534749,0.999991361880971,0.9999978484856796,78419.95,24.94999999999709,0.1386111111110949,0.0,108.42761861110633,0.9966091639022934,0.9713387594553966,0.9789722941294356,78410.53,15.529999999998836,0.0517666666666627,0.0,51.364478966669935,0.900173957091472,0.8160649850745495,0.83224179003228,78431.17,36.169999999998254,0.0602833333333304,0.0,56.96055068333724,0.9225266838207518,0.8409996871010879,0.8572365703400187,78454.18,59.179999999993015,0.0657555555555478,0.0,60.55620015555628,0.9347401594771771,0.8557936781784238,0.871896709809393,78382.76,-12.24000000000524,-0.0068000000000029,12.24000000000524,12.881903600003907,0.6261426624978528,0.5893341715711642,0.5954278838296332,78379.38,-15.619999999995343,-0.0043388888888875,15.619999999995343,14.499033261117782,0.6413363381332897,0.600322692535875,0.6071315761209687,-0.0125725859255463,True,0.6612862929627732,0.7409155143390062,0.655,heartbeat:37979,two_side_all_heartbeats,0.6372490182367914,0.655,0.7078065671959582,0.012572585925546331,0.03550196352641721,2026-05-03 08:45:00+00:00,validation,book_p_side,0.655,session_switch:book_margin,2,68.0,-66.0,-68.0,0.68
KXBTC15M-26MAY030500-00,heartbeat:38058,live_heartbeat_two_side,heartbeat:38058:no,2026-05-03 08:52:19.758000+00:00,2026-05-03 08:52:00+00:00,no,no,True,True,1,63.0,62.0,62.5,0.625,37.5,25.0,1.0,78426.45,78430.44,460.242,,38058,False,False,synced,bid>=98,last_decisive_quote,-1.0,3.990000000005239,0.1859857933268636,1.4406397603722347,,,32.529821754190515,0.1226566819257546,0.5488105162096547,29.342410393297385,0.1359806487103276,0.5540817105258499,34.07478660004322,0.1170953774953407,0.546607763618863,39.02868671623364,0.1022324944986077,0.5407139320056239,78436.05,9.60000000000582,0.160000000000097,0.0,77.6287200000499,0.995922871325397,0.988642266895637,0.976650334775084,78439.61,13.160000000003492,0.0731111111111305,0.0,37.63880400001417,0.9002091290370058,0.8653322186705612,0.8325743260310339,78427.83,1.3800000000046566,0.0046000000000155,0.0,6.107113200012383,0.5824372970815229,0.5711201691550696,0.5621716923412937,78408.24,-18.20999999999185,-0.0303499999999864,18.20999999999185,-9.978344699988511,0.3669035594987667,0.3848235250673231,0.3991040145025891,78410.28,-16.169999999998254,-0.0179666666666647,16.169999999998254,-4.279014599993868,0.4420276497174856,0.4500333255639944,0.4563483638894968,78452.05,25.60000000000582,0.0142222222222254,0.0,10.535664000006728,0.6402246189663519,0.6214124009085814,0.6063993588574372,78371.14,-55.30999999999767,-0.0153638888888882,55.30999999999767,-3.081106949994464,0.4581858239827163,0.4639759771053322,0.4685383146876677,0.0709182894741501,True,0.5895408552629249,0.587173002535791,0.5540817105258499,heartbeat:38058,two_side_all_heartbeats,0.5858038818094315,0.5540817105258499,0.5952119725740596,0.07091828947415013,0.07839223638113701,2026-05-03 09:00:00+00:00,validation,book_p_side,0.625,session_switch:book_margin,2,65.0,37.0,35.0,0.65
KXBTC15M-26MAY030515-15,heartbeat:38100,live_heartbeat_two_side,heartbeat:38100:no,2026-05-03 09:01:20.537000+00:00,2026-05-03 09:01:00+00:00,no,yes,True,False,1,64.0,63.0,63.5,0.635,36.5,27.0,1.0,78384.1,78391.91,819.463,,38100,False,False,synced,bid>=98,latest_quote,-1.0,7.809999999997672,0.2728263791318603,2.113304045567532,,,30.671617114712195,0.2546328082666194,0.6004966415508963,30.537316757763985,0.2557526603254038,0.6009290850229257,40.15003312469342,0.1945203874612571,0.577115783142091,52.046397085448994,0.1500584178223774,0.559640736892748,78379.39,-4.710000000006403,-0.0785000000001067,4.710000000006403,-56.51784550008978,0.0321006273789445,0.0796149639417119,0.1387588006489801,78399.01,14.90999999998894,0.0828333333332718,0.0,75.68885183328065,0.9934044734124226,0.9702952338229334,0.9270625051149248,78403.99,19.889999999999414,0.066299999999998,0.0,62.14039689999608,0.9790695501708536,0.9391533007840032,0.8837497372678449,78436.05,51.94999999999709,0.0865833333333284,0.0,78.76183808332704,0.9950485239730712,0.975100589970212,0.9348983255365536,78431.28,47.179999999993015,0.0524222222222144,0.0,50.7680714888802,0.951793004471194,0.8969673394901865,0.8353286600718659,78419.95,35.84999999999127,0.0199166666666618,0.0,24.13097141666036,0.785298180535069,0.7260866549263416,0.6785483926908048,78375.53,-8.570000000006985,-0.0023805555555574,8.570000000006985,5.85922280277386,0.5760783383547113,0.558012938723696,0.5448170059417436,0.0340709149770742,True,0.6179645425114628,0.7383328783979265,0.6009290850229257,heartbeat:38100,two_side_all_heartbeats,0.6060578915710455,0.6009290850229257,0.6935926355410484,0.03407091497707426,0.05788421685790901,2026-05-03 09:15:00+00:00,validation,book_p_side,0.635,session_switch:book_margin,2,66.0,-64.0,-66.0,0.66
KXBTC15M-26MAY030530-30,heartbeat:38181,live_heartbeat_two_side,heartbeat:38181:yes,2026-05-03 09:20:07.255000+00:00,2026-05-03 09:20:00+00:00,yes,yes,True,True,1,68.0,67.0,67.5,0.675,32.5,35.0,1.0,78410.52,78399.06,592.745,,38181,False,False,synced,bid>=98,last_decisive_quote,1.0,11.460000000006405,0.4707070120875058,3.646080837515927,,,20.50088461599957,0.5590002682646502,0.7119192314502844,36.13205001778565,0.3171699362301704,0.6244426697291018,35.13230825928205,0.3261954755557127,0.6278617678320481,36.6437551737836,0.3127408734628087,0.6227612302257908,78397.4,13.120000000009895,0.2186666666668316,0.0,141.0735733334375,0.9999527681036248,0.9999703392970756,0.999940908940628,78392.26,18.260000000009317,0.1014444444444961,0.0,71.59068722225929,0.976224679318231,0.9792122817970416,0.9746312960484198,78396.36,14.160000000003492,0.0472000000000116,0.0,39.4375640000133,0.8624700737045348,0.8691844078398892,0.8590905751852516,78438.26,-27.739999999990687,-0.0462333333333178,27.739999999990687,-15.944577166651063,0.3295028864801145,0.324970659903472,0.3317362134513161,78382.83,27.69000000000233,0.0307666666666692,0.0,29.69678783334127,0.7944319586958246,0.8010239316073058,0.791150239753514,78425.28,-14.75999999999476,-0.008199999999997,14.75999999999476,6.599491000008128,0.5724633717212453,0.5745016185555899,0.5714624405261652,78441.67,-31.14999999999418,-0.0086527777777761,31.14999999999418,6.331109236118472,0.5695471743668762,0.5715052070671609,0.5685856887623599,0.0505573302708982,True,0.649721334864551,0.7206375811445455,0.6244426697291018,heartbeat:38181,two_side_all_heartbeats,0.6514308839160241,0.6244426697291018,0.6973268156596375,0.05055733027089826,0.04713823216795199,2026-05-03 09:30:00+00:00,validation,book_p_side,0.675,session_switch:book_margin,2,70.0,32.0,30.0,0.7
KXBTC15M-26MAY030545-45,heartbeat:38228,live_heartbeat_two_side,heartbeat:38228:no,2026-05-03 09:30:23.464000+00:00,2026-05-03 09:30:00+00:00,no,yes,True,False,1,69.0,68.0,68.5,0.685,31.5,37.0,1.0,78491.39,78495.29,876.536,,38228,False,False,synced,bid>=98,last_decisive_quote,-1.0,3.8999999999941792,0.1317284944522031,1.020364530468718,,,63.01265732200589,0.0618923271250803,0.5246757110739576,56.523648256059175,0.0689976694767948,0.5275042627158595,54.72331509250744,0.0712676122307538,0.528407614320137,49.28458595153259,0.0791322464153298,0.5315362825023621,78518.25,26.860000000000586,0.4476666666666763,0.0,396.295949333336,0.9999999999988182,0.9999999999997786,0.9999999999999996,78496.32,4.930000000007567,0.0273888888889309,0.0,27.907347111142137,0.6892511016292311,0.6949643883132636,0.7143877350476675,78482.73,-8.660000000003492,-0.0288666666666783,8.660000000003492,-21.40267253334936,0.3524739388957801,0.3478590670085717,0.332047258366172,78410.52,-80.86999999999534,-0.1347833333333255,80.86999999999534,-114.24244386666568,0.0216324199733251,0.0184152739992322,0.0102242339831443,78396.36,-95.02999999999884,-0.1055888888888876,95.02999999999884,-88.6524623111158,0.058392312054315,0.0526147805441789,0.0360262066294254,78379.39,-112.0,-0.0622222222222222,112.0,-50.64001777778359,0.1851508129924191,0.1773833958795763,0.152092037976124,78409.73,-81.66000000000349,-0.0226833333333343,81.66000000000349,-15.982758266673336,0.3886795177630273,0.3851185104348514,0.3728572489567042,0.1574957372841405,True,0.6062521313579298,0.5216594005372132,0.5275042627158595,heartbeat:38228,two_side_all_heartbeats,0.6067038071600686,0.3524739388957801,0.5712460665939139,0.15749573728414057,0.156592385679863,2026-05-03 09:45:00+00:00,validation,book_p_side,0.685,session_switch:book_margin,2,71.0,-69.0,-71.0,0.71
KXBTC15M-26MAY030600-00,heartbeat:38295,live_heartbeat_two_side,heartbeat:38295:no,2026-05-03 09:45:39.756000+00:00,2026-05-03 09:45:00+00:00,no,yes,True,False,1,61.0,60.0,60.5,0.605,39.5,21.0,1.0,78507.41,78520.04,860.244,,38295,False,False,synced,bid>=98,last_decisive_quote,-1.0,12.629999999990105,0.4306183419893358,3.335555334192296,,,79.64126694535805,0.1585861260677276,0.5630025198744104,123.62713282898883,0.1021620392787152,0.5406859708386129,94.84577849288785,0.1331635440257068,0.5529679791612999,73.60723226761561,0.1715864000166574,0.5681186499563164,78523.53,16.119999999995343,0.268666666666589,0.0,243.7488879999233,0.9756749590352378,0.9949143371280432,0.9995359808691446,78540.84,33.429999999993015,0.1857222222221834,0.0,172.39642733329006,0.9184147010192276,0.9654411762563088,0.990412535939062,78594.6,87.19000000000233,0.290633333333341,0.0,262.64558119999674,0.9831857332939778,0.9971901709438802,0.999820281327253,78506.19,-1.2200000000011642,-0.0020333333333352,1.2200000000011642,10.880837199988436,0.5350669642935801,0.5456670106555654,0.558758746140007,78491.39,-16.020000000004075,-0.0178000000000045,16.020000000004075,-2.68234320001379,0.491344811336126,0.4887189762254293,0.4854652418781347,78396.36,-111.05000000000292,-0.061694444444446,111.05000000000292,-40.44227566667796,0.3717843782741127,0.3349080635203448,0.2913540114417842,78431.27,-76.13999999999942,-0.0211499999999998,76.13999999999942,-5.564160600009757,0.4820506254032289,0.4766093300421651,0.469871619904702,0.064314029161387,True,0.5728429854193064,0.7096239013775302,0.5406859708386129,heartbeat:38295,two_side_all_heartbeats,0.5789839895806499,0.5406859708386129,0.6613429379103795,0.06431402916138707,0.052032020838700066,2026-05-03 10:00:00+00:00,validation,book_p_side,0.605,session_switch:book_margin,2,63.0,-61.0,-63.0,0.63
KXBTC15M-26MAY030615-15,heartbeat:38364,live_heartbeat_two_side,heartbeat:38364:no,2026-05-03 10:01:26.109000+00:00,2026-05-03 10:01:00+00:00,no,no,True,True,1,66.0,64.0,65.0,0.65,35.0,30.0,2.0,78528.42,78529.64,813.891,,38364,False,False,synced,bid>=98,latest_quote,-1.0,1.2200000000011642,0.0427638411481071,0.331247289172957,,,23.540185253029215,0.0518262701371124,0.5206664384336668,34.28407053413017,0.0355850393781753,0.514193381193167,87.49264111500702,0.0139440298572939,0.5055626828044005,71.92483043184492,0.0169621533019423,0.506766595642463,78532.44,4.0200000000040745,0.0670000000000679,0.0,55.750697000056434,0.94804005723385,0.7380041481327955,0.7808669470915331,78532.43,4.009999999994761,0.0222777777777486,0.0,19.351682833310807,0.7137764296589189,0.5875241284101379,0.6060560402469242,78535.08,6.6600000000034925,0.0222000000000116,0.0,19.28838020001064,0.7131479643187819,0.5872424380468643,0.6057173637736325,78513.99,-14.429999999993017,-0.0240499999999883,14.429999999993017,-18.35407854998936,0.2962029065977165,0.4169202613315096,0.3992904263537088,78491.64,-36.77999999999884,-0.0408666666666653,36.77999999999884,-32.04101219999778,0.175003856991029,0.3571027743422872,0.3279867627049231,78502.0,-26.419999999998254,-0.0146777777777768,26.419999999998254,-10.72611123333138,0.3771935482693566,0.4512141292245124,0.4407257394397038,78384.1,-144.31999999999243,-0.0400888888888867,144.31999999999243,-31.407985866663797,0.1798045557157251,0.3598055490228183,0.3311724695672366,0.1358066188068329,True,0.5820966905965835,0.625780448503983,0.514193381193167,heartbeat:38364,two_side_all_heartbeats,0.5777813414022003,0.514193381193167,0.6218876072217066,0.13580661880683298,0.1444373171955995,2026-05-03 10:15:00+00:00,validation,book_p_side,0.65,session_switch:book_margin,2,68.0,34.0,32.0,0.68
KXBTC15M-26MAY030630-30,heartbeat:38440,live_heartbeat_two_side,heartbeat:38440:no,2026-05-03 10:18:58.032000+00:00,2026-05-03 10:18:00+00:00,no,no,True,True,1,66.0,65.0,65.5,0.655,34.5,31.0,1.0,78478.91,78479.97,661.968,,38440,False,False,synced,bid>=98,last_decisive_quote,-1.0,1.0599999999976717,0.0411990656995874,0.319126590667615,,,32.51179605042252,0.0326035509805031,0.5130046309677636,38.71755968319626,0.0273777585331061,0.5109207811410292,36.95057550496429,0.0286869686198868,0.5114428751867467,64.79186022573154,0.0163600797431141,0.5065264363831159,78480.01,1.0999999999912689,0.0183333333331878,0.0,13.19607999990134,0.6333839662605013,0.639501956141664,0.5806938348944061,78493.09,14.179999999993017,0.0787777777777389,0.0,53.20836799997198,0.9153210108128644,0.9250645366220902,0.794239501619109,78476.26,-2.650000000008731,-0.0088333333333624,2.650000000008731,-4.787384000021594,0.4507966330499056,0.4484565538886408,0.470549487944198,78462.44,-16.470000000001164,-0.0274500000000019,16.470000000001164,-17.111021600003614,0.329264599452951,0.3216540063045932,0.3958544567255087,78503.66,24.75,0.0275,0.0,19.26411999999767,0.6906011778353903,0.6989379226922164,0.6168900955361111,78492.67,13.75999999999476,0.0076444444444415,0.0,6.120377599995745,0.5628021610038282,0.5657786342429466,0.5376289710344956,78397.39,-81.52000000000407,-0.0226444444444455,81.52000000000407,-13.929897600003075,0.3595049227262764,0.3530915224134469,0.4148857792253348,0.1440792188589708,True,0.5829603905705146,0.5389058047303116,0.5109207811410292,heartbeat:38440,two_side_all_heartbeats,0.5832214375933733,0.4507966330499056,0.5709355609522899,0.1440792188589708,0.14355712481325333,2026-05-03 10:30:00+00:00,validation,book_p_side,0.655,session_switch:book_margin,2,68.0,34.0,32.0,0.68
KXBTC15M-26MAY030645-45,heartbeat:38496,live_heartbeat_two_side,heartbeat:38496:yes,2026-05-03 10:31:29.263000+00:00,2026-05-03 10:31:00+00:00,yes,yes,True,True,1,68.0,67.0,67.5,0.675,32.5,35.0,1.0,78434.73,78428.44,810.737,,38496,False,False,synced,bid>=98,last_decisive_quote,1.0,6.289999999993597,0.2209075955574903,1.711142877289767,,,26.413151351130377,0.2381389451177475,0.5941133351939503,21.84848063634382,0.2878918724229504,0.6132852457352297,35.89791793579975,0.1752190756924317,0.5695462520172233,66.53937957058055,0.0945304876689086,0.5376561173920136,78426.81,7.919999999998254,0.1319999999999709,0.0,113.30728399997,0.9999998925986536,0.999201282786288,0.9557029151880824,78434.74,-0.0100000000093132,-5.55555556072957e-05,0.0100000000093132,6.244959055507205,0.612495972549436,0.569053272215837,0.537387266031334,78446.95,-12.220000000001164,-0.0407333333333372,12.220000000001164,-26.734020466676213,0.1105496834204565,0.2282194669081621,0.3439239194698303,78465.89,-31.16000000000349,-0.0519333333333391,31.16000000000349,-35.814274866677785,0.0505846376852775,0.159219708754395,0.2952050657309353,78489.26,-54.52999999999884,-0.0605888888888875,54.52999999999884,-42.83165401111646,0.0249748150609194,0.1164050259691159,0.2598837503198377,78528.42,-93.69000000000231,-0.0520500000000013,93.69000000000231,-35.90886085000745,0.0501355856875438,0.1585815042141614,0.2947146285913873,78502.0,-67.27000000000407,-0.0186861111111122,67.27000000000407,-8.859521663896208,0.3425556354311442,0.4025324159590634,0.4470385455101027,0.0617147542647703,True,0.6441426228676148,0.46627830971856205,0.6132852457352297,heartbeat:38496,two_side_all_heartbeats,0.6222731260086116,0.1105496834204565,0.5435955104046603,0.061714754264770355,0.10545374798277674,2026-05-03 10:45:00+00:00,validation,book_p_side,0.675,session_switch:book_margin,2,70.0,32.0,30.0,0.7
KXBTC15M-26MAY030700-00,heartbeat:38564,live_heartbeat_two_side,heartbeat:38564:no,2026-05-03 10:47:00.620000+00:00,2026-05-03 10:47:00+00:00,no,no,True,True,1,78.0,77.0,77.5,0.775,22.5,55.0,1.0,78405.59,78441.01,779.38,,38564,False,False,synced,bid>=98,last_decisive_quote,-1.0,35.419999999998254,1.2687437864914153,9.827647111370782,,,80.54226015140421,0.4397691340349197,0.6699478374745662,49.92091299759673,0.7095222798049272,0.7609997847329342,41.70970943615346,0.8492027510816614,0.8021157586413024,41.02635902448391,0.8633473903657922,0.8060267521947964,78442.99,37.40000000000873,0.6233333333334788,0.0,521.2335333334449,1.0,1.0,1.0,78443.04,37.44999999999709,0.2080555555555394,0.0,197.5743388888745,0.9999621699681632,0.9999989148898633,0.999999266907556,78448.58,42.99000000000524,0.1433000000000174,0.0,147.10515400001185,0.9983944096026428,0.999789756620164,0.999831864300513,78445.13,39.54000000000815,0.0659000000000135,0.0,86.78114200000884,0.9589273998876816,0.9812646457939368,0.982795818521496,78458.95,53.36000000000058,0.0592888888888895,0.0,81.62857422222098,0.9489920222775308,0.9748300326868352,0.9766858914146908,78480.01,74.41999999999825,0.0413444444444434,0.0,67.64303311110861,0.9122918469365155,0.9475723566162756,0.9504026262619414,78483.19,77.60000000000582,0.0215555555555571,0.0,52.2199688888884,0.8522319407464432,0.8947125024938452,0.8984624931916824,0.0140002152670658,True,0.767999892366467,0.8447980647785256,0.7609997847329342,heartbeat:38564,two_side_all_heartbeats,0.7885578793206511,0.7609997847329342,0.8154788173404088,0.014000215267065852,0.027115758641302334,2026-05-03 11:00:00+00:00,validation,book_p_side,0.775,session_switch:book_margin,2,80.0,22.0,20.0,0.8
KXBTC15M-26MAY030715-15,heartbeat:38625,live_heartbeat_two_side,heartbeat:38625:no,2026-05-03 11:00:46.835000+00:00,2026-05-03 11:00:00+00:00,no,yes,True,False,1,69.0,68.0,68.5,0.685,31.5,37.0,1.0,78404.77,78406.54,853.165,,38625,False,False,synced,bid>=98,latest_quote,-1.0,1.7699999999895226,0.0605977851484205,0.469388425393776,,,12.159657603336909,0.1455633092418483,0.557866932807501,41.48053967176467,0.0426706116650247,0.5170179466411914,43.73729842100069,0.0404688918586624,0.51614034629174,40.0499962083104,0.0441947607381357,0.5176254208499131,78404.77,-0.0,-0.0,0.0,1.7699999999895226,0.5170179466411914,0.51614034629174,0.5176254208499131,78408.01,3.2399999999906868,0.0179999999999482,0.0,17.12696999994538,0.660157014009856,0.6523184083782325,0.6655432860753833,78420.9,16.129999999990105,0.0537666666666336,0.0,47.64183816662805,0.8746260465897009,0.8619831409345511,0.8828901389024375,78407.36,2.5899999999965075,0.0043166666666608,0.0,5.452828916651223,0.5522923524203729,0.5496085000719625,0.554148865853393,78442.99,38.22000000000117,0.0424666666666679,0.0,38.00107366665729,0.8201975253089563,0.8075349214230477,0.8286492267556913,78426.81,22.0399999999936,0.0122444444444408,0.0,12.216531444430933,0.6158167882161503,0.6099988725769563,0.619829119263556,78532.44,127.66999999999824,0.0354638888888884,0.0,32.026548763878,0.7799682875959869,0.767991390408967,0.7880473141669132,0.1679820533588086,True,0.6010089733205957,0.6922146644102973,0.5170179466411914,heartbeat:38625,two_side_all_heartbeats,0.60057017314587,0.5170179466411914,0.6725305933102976,0.16798205335880867,0.16885965370826006,2026-05-03 11:15:00+00:00,validation,book_p_side,0.685,session_switch:book_margin,2,71.0,-69.0,-71.0,0.71
KXBTC15M-26MAY030730-30,heartbeat:38712,live_heartbeat_two_side,heartbeat:38712:no,2026-05-03 11:21:03.864000+00:00,2026-05-03 11:21:00+00:00,no,no,True,True,1,75.0,74.0,74.5,0.745,25.5,49.0,1.0,78503.94,78518.33,536.136,,38712,False,False,synced,bid>=98,last_decisive_quote,-1.0,14.389999999999418,0.6214744934273967,4.813920726273996,,,19.673624699074605,0.7314361344239877,0.7677435995950475,89.02896874163395,0.1616327831647679,0.5642024802393169,66.49404098709867,0.2164103698072944,0.5856660580762403,53.24426054977233,0.2702638716627073,0.6065213711572083,78519.96,16.020000000004075,0.2670000000000679,0.0,157.5383120000358,0.961596217709286,0.9910869230361558,0.998455726794377,78520.01,16.069999999992433,0.0892777777777357,0.0,62.25503066664354,0.7578074447684934,0.8254276985958877,0.878845433912529,78533.52,29.580000000001743,0.0986000000000058,0.0,67.25300960000254,0.7749972674005252,0.8440908586100634,0.8967239992143281,78548.97,45.02999999999884,0.075049999999998,0.0,54.62700679999838,0.7302558208975831,0.7943284518940872,0.8475471055770182,78413.97,-89.97000000000116,-0.0999666666666679,89.97000000000116,-39.20572880000128,0.3298344045217152,0.2777251789533818,0.2307627616263609,78404.77,-99.16999999999824,-0.0550944444444434,99.16999999999824,-15.148115066666726,0.4324468103984227,0.4098963471426755,0.3880127324002241,78465.89,-38.05000000000291,-0.0105694444444452,38.05000000000291,8.723340333332319,0.5390271701796435,0.5521874200289196,0.5650699756586,0.1807975197606831,True,0.6546012401196584,0.6947332492132806,0.5642024802393169,heartbeat:38712,two_side_all_heartbeats,0.6653330290381201,0.5642024802393169,0.6967601975519001,0.18079751976068315,0.15933394192375971,2026-05-03 11:30:00+00:00,validation,book_p_side,0.745,session_switch:book_margin,2,77.0,25.0,23.0,0.77
KXBTC15M-26MAY030745-45,heartbeat:38763,live_heartbeat_two_side,heartbeat:38763:yes,2026-05-03 11:32:19.972000+00:00,2026-05-03 11:32:00+00:00,yes,yes,True,True,1,61.0,60.0,60.5,0.605,39.5,21.0,1.0,78518.49,78505.96,760.028,,38763,False,False,synced,bid>=98,last_decisive_quote,1.0,12.529999999998836,0.4545024983565495,3.520561213889161,,,8.830604535031199,1.4189289023522744,0.9220401274769718,19.966967525566613,0.6275364540937353,0.7348461758728659,76.11803040536589,0.1646127722074577,0.5653756112006011,61.718448135504765,0.2030187144772148,0.5804397976172867,78517.4,1.0900000000110597,0.0181666666668509,0.0,26.33717533347226,0.9064216819287658,0.6353303053366862,0.6652123671455923,78512.5,5.990000000005239,0.0332777777778068,0.0,37.82204288890985,0.9709028026224442,0.690365552076084,0.7300009433488126,78507.0,11.49000000000524,0.0383000000000174,0.0,41.63907240001211,0.98148340191749,0.7078219600238776,0.7500546346386018,78504.98,13.510000000009311,0.0225166666666821,0.0,29.643297133343967,0.931177329995491,0.6515241286803314,0.6844925321862914,78526.32,-7.830000000001746,-0.0087000000000019,7.830000000001746,5.91775639999736,0.6165290295987934,0.530984342854932,0.538193293219928,78403.58,114.91000000000348,0.0638388888888908,0.0,61.04934304444476,0.998884105164729,0.7887337141096598,0.8387072616318929,78458.95,59.54000000000815,0.0165388888888911,0.0,25.100018644445,0.8956371499246562,0.629206051912054,0.657880627442306,-0.1298461758728659,True,0.669923087936433,0.7737765259301187,0.605,heartbeat:38763,two_side_all_heartbeats,0.5851878056003006,0.605,0.7192505331453578,0.12984617587286595,0.03962438879939889,2026-05-03 11:45:00+00:00,validation,book_p_side,0.605,session_switch:book_margin,2,63.0,39.0,37.0,0.63
KXBTC15M-26MAY030800-00,heartbeat:38828,live_heartbeat_two_side,heartbeat:38828:no,2026-05-03 11:47:06.425000+00:00,2026-05-03 11:47:00+00:00,no,no,True,True,1,76.0,75.0,75.5,0.755,24.5,51.0,1.0,78673.57,78709.68,773.575,,38828,False,False,synced,bid>=98,latest_quote,-1.0,36.10999999998603,1.2983036421491607,10.056616768728263,,,169.0762929983192,0.21357222446523,0.5845596693540883,106.13593812509436,0.3402240620648768,0.6331561005157751,77.64653206520296,0.4650561852480802,0.6790543892039433,77.68072580990783,0.4648514753627644,0.6789810889395057,78718.55,44.979999999995925,0.7496666666665988,0.0,616.0333916666002,0.9999999967661488,0.9999999999999988,0.9999999999999988,78690.78,17.20999999999185,0.0956111111110658,0.0,110.0723652777288,0.8501527025934363,0.9218474164916496,0.9217562343460072,78576.49,-97.08000000000176,-0.3236000000000058,97.08000000000176,-214.21887000001848,0.0217777059213654,0.0028998307958458,0.002910624896468,78569.68,-103.89000000001396,-0.1731500000000232,103.89000000001396,-97.834511250032,0.1783203775597935,0.1038349579092955,0.1039350323308161,78518.49,-155.08000000000175,-0.172311111111113,155.08000000000175,-97.18556777779328,0.1799198210047098,0.1053503896789867,0.1054508487158293,78526.32,-147.25,-0.0818055555555555,147.25,-27.172732638902865,0.3989683890611302,0.3631865222731631,0.3632443282615805,78405.59,-267.9800000000105,-0.0744388888888918,267.9800000000105,-21.47406347223845,0.4198309241461339,0.3910583059899911,0.3911050508775519,0.1218438994842249,True,0.6940780502578876,0.4699779354790468,0.6331561005157751,heartbeat:38828,two_side_all_heartbeats,0.7170271946019717,0.0217777059213654,0.5718023713390056,0.12184389948422492,0.07594561079605666,2026-05-03 12:00:00+00:00,validation,book_p_side,0.755,session_switch:book_margin,2,78.0,24.0,22.0,0.78
KXBTC15M-26MAY030815-15,heartbeat:38945,live_heartbeat_two_side,heartbeat:38945:yes,2026-05-03 12:01:07.506000+00:00,2026-05-03 12:01:00+00:00,yes,yes,True,True,1,62.0,61.0,61.5,0.615,38.5,23.0,1.0,78679.53,78658.52,832.494,,38945,True,False,synced,bid>=98,latest_quote,1.0,21.00999999999476,0.728174550427638,5.64041581387663,,,54.21125527902063,0.3875578953458671,0.650828383622531,157.8461497045812,0.133104291991387,0.5529445495828484,131.5735068662265,0.1596826025269362,0.5634344468964962,108.16098239399248,0.1942474960467972,0.5770089527055533,78657.99,21.5399999999936,0.3589999999998933,0.0,319.875345999906,0.978643253724576,0.992474574461799,0.9984487758197542,78666.69,12.839999999996508,0.0713333333333139,0.0,80.39457199997861,0.6947368530144257,0.7294081579603249,0.7713458055774135,78671.89,7.639999999999418,0.0254666666666647,0.0,42.21084719999315,0.6054261962184708,0.6258249709622195,0.6518276533382314,78742.68,-63.14999999999418,-0.1052499999999903,63.14999999999418,-66.60999349999716,0.3365150096639287,0.3063381635555775,0.2689996531064416,78718.55,-39.02000000000408,-0.04335555555556,39.02000000000408,-15.083239866675676,0.4619363716217985,0.4543662817683811,0.4445465848041947,78517.4,162.13000000000466,0.0900722222222248,0.0,95.9945845666636,0.7284569459609986,0.7671792789322113,0.8125993775754952,78384.0,295.52999999999884,0.0820916666666663,0.0,89.35081994999449,0.7143244256966569,0.7514609464589379,0.7956237789886145,0.0620554504171515,True,0.5839722747914242,0.5911235819337731,0.5529445495828484,heartbeat:38945,two_side_all_heartbeats,0.5892172234482481,0.5529445495828484,0.5944686041185487,0.06205545041715155,0.05156555310350375,2026-05-03 12:15:00+00:00,validation,book_p_side,0.615,session_switch:book_margin,2,64.0,38.0,36.0,0.64
KXBTC15M-26MAY030830-30,heartbeat:39027,live_heartbeat_two_side,heartbeat:39027:no,2026-05-03 12:15:38.927000+00:00,2026-05-03 12:15:00+00:00,no,no,True,True,1,72.0,70.0,71.0,0.71,29.0,42.0,2.0,78846.79,78851.14,861.073,,39027,False,False,synced,bid>=98,last_decisive_quote,-1.0,4.350000000005821,0.1482413192119143,1.1482723210551238,,,89.61684737237105,0.0485399802330798,0.5193570488203054,93.02358419974487,0.0467623349221341,0.5186486757236753,131.90771676839267,0.032977600602728,0.5131537749731637,106.25577212153588,0.0409389524272645,0.5163277180412448,78832.63,-14.15999999998894,-0.2359999999998156,14.15999999998894,-198.86322799983543,0.0162676200256833,0.065829287420319,0.030634288292847,78792.13,-54.65999999998894,-0.3036666666666052,54.65999999998894,-257.12916766660794,0.0028537503083351,0.0256291458830032,0.0077622222046823,78753.05,-93.73999999999069,-0.3124666666666356,93.73999999999069,-264.70661006663414,0.0022164892750655,0.0223878217733339,0.0063652454766468,78738.03,-108.75999999999476,-0.1812666666666579,108.75999999999476,-151.73383246665333,0.051431135658266,0.125009563199522,0.0766451303206246,78657.99,-188.7999999999884,-0.2097777777777648,188.7999999999884,-176.2839804444275,0.0290431472453635,0.0907061778755127,0.0485525347051339,78709.42,-137.36999999999534,-0.076316666666664,137.36999999999534,-61.36422111665861,0.2547350422973055,0.3208920802303495,0.2817960621007035,78525.02,-321.7699999999895,-0.0893805555555526,321.7699999999895,-72.61318311388057,0.2175221426658578,0.2909934756910547,0.2471830396768294,0.1913513242763246,True,0.6143243378618377,0.41028838833291364,0.5186486757236753,heartbeat:39027,two_side_all_heartbeats,0.6115768874865819,0.0022164892750655,0.5110379005721156,0.19135132427632462,0.19684622502683624,2026-05-03 12:30:00+00:00,validation,book_p_side,0.71,session_switch:book_margin,2,74.0,28.0,26.0,0.74
KXBTC15M-26MAY030845-45,heartbeat:39095,live_heartbeat_two_side,heartbeat:39095:no,2026-05-03 12:31:10.448000+00:00,2026-05-03 12:31:00+00:00,no,no,True,True,1,65.0,64.0,64.5,0.645,35.5,29.0,1.0,78760.01,78769.45,829.552,,39095,False,False,synced,bid>=98,latest_quote,-1.0,9.440000000002328,0.327755649960488,2.538784347844716,,,24.99885266799086,0.3776173300980942,0.6471425556174195,27.44766779666542,0.3439272170566412,0.6345494885936829,75.14018013031435,0.1256318521413003,0.5499883258267663,106.2909659978688,0.0888128159470448,0.5353846638553168,78771.77,11.760000000009311,0.1960000000001552,0.0,172.0321920001311,0.9999999998167234,0.9889743581502062,0.9472228235317603,78776.09,16.080000000001746,0.089333333333343,0.0,83.5466453333437,0.9988321508844435,0.8669045012933807,0.7840716195063551,78767.02,7.010000000009313,0.0233666666666977,0.0,28.82386506669475,0.8531728836414788,0.649362983648103,0.6068732718804095,78774.27,14.260000000009311,0.0237666666666821,0.0,29.15568586668187,0.8559339422954926,0.650998364998077,0.6080732248492721,78819.89,59.88000000000466,0.0665333333333385,0.0,64.63285973333996,0.9907328360412452,0.8051506103202584,0.7284310732883245,78679.53,-80.47999999999593,-0.0447111111111088,80.47999999999593,-27.65019164444024,0.1568764488262162,0.3564435369273963,0.3973791266841406,78517.4,-242.61000000000055,-0.0673916666666668,242.61000000000055,-46.46489186666447,0.045241638686076,0.2681637228388003,0.3310019796897823,0.0104505114063171,True,0.6397747442968414,0.7109074574117206,0.6345494885936829,heartbeat:39095,two_side_all_heartbeats,0.5974941629133832,0.6345494885936829,0.6834994233064006,0.010450511406317142,0.09501167417323375,2026-05-03 12:45:00+00:00,validation,book_p_side,0.645,session_switch:book_margin,2,67.0,35.0,33.0,0.67
KXBTC15M-26MAY030900-00,heartbeat:39158,live_heartbeat_two_side,heartbeat:39158:yes,2026-05-03 12:45:26.959000+00:00,2026-05-03 12:45:00+00:00,yes,no,True,False,1,68.0,67.0,67.5,0.675,32.5,35.0,1.0,78786.01,78753.4,873.041,,39158,False,False,synced,bid>=98,latest_quote,1.0,32.61000000000058,1.1036553654987094,8.548877701057922,,,124.2174809228633,0.2625234367798101,0.6035410405676225,85.62774286685591,0.3808345158730442,0.6483369770863016,65.42810965837519,0.498409631124446,0.6909023250959708,104.51500036448157,0.3120126286779671,0.6224845370941327,78756.22,29.7899999999936,0.4964999999998933,0.0,466.0748564999074,0.9999999738099196,0.9999999999994738,0.999995890651342,78732.3,53.70999999999185,0.2983888888888436,0.0,293.1157339444055,0.9996904888309912,0.9999962672607656,0.9974805210333024,78725.79,60.22000000000117,0.2007333333333372,0.0,207.85843006667065,0.9923976429565848,0.9992557030714764,0.976637828938884,78718.0,68.00999999999476,0.1133499999999912,0.0,131.56919734999298,0.9377952069922558,0.9778318377411228,0.8959585871103869,78771.77,14.239999999990689,0.0158222222222118,0.0,46.42344871110266,0.7061438915761955,0.7610033267791745,0.6715436910527195,78846.79,-60.77999999999884,-0.033766666666666,60.77999999999884,3.130315566667811,0.5145809884134331,0.5190795512161072,0.5119468836245479,78709.42,76.58999999999651,0.021274999999999,0.0,51.18394727499974,0.7249964808370714,0.7829787780619452,0.6878368924463274,0.0266630229136984,True,0.6616684885431507,0.7719115400142954,0.6483369770863016,heartbeat:39158,two_side_all_heartbeats,0.6829511625479854,0.6483369770863016,0.7304806217172075,0.026663022913698486,0.015902325095970782,2026-05-03 13:00:00+00:00,validation,book_p_side,0.675,session_switch:book_margin,2,70.0,-68.0,-70.0,0.7
KXBTC15M-26MAY030915-15,heartbeat:39254,live_heartbeat_two_side,heartbeat:39254:no,2026-05-03 13:01:13.244000+00:00,2026-05-03 13:01:00+00:00,no,yes,True,False,1,63.0,61.0,62.0,0.62,38.0,24.0,2.0,78717.37,78742.29,826.756,,39254,False,False,synced,bid>=98,latest_quote,-1.0,24.919999999998254,0.8666811687001899,6.713283465694833,,,81.28745586019477,0.3065663666834134,0.620413271428242,74.64238971377031,0.3338585500217568,0.6307568504288973,78.97779257474554,0.3155317360435677,0.6238210205509271,76.7313753093373,0.3247693645465753,0.6273221838534618,78746.13,28.760000000009317,0.4793333333334885,0.0,421.2117093334599,0.999999991647442,0.999999951776255,0.9999999798386472,78712.82,-4.549999999988359,-0.0252777777777131,4.549999999988359,4.021445555607279,0.5214830858802911,0.5203048429042978,0.5208987589658509,78728.01,10.639999999999418,0.0354666666666647,0.0,54.24227946666331,0.7662937066894493,0.7538969379046897,0.7601892123194994,78780.74,63.370000000009895,0.1056166666666831,0.0,112.23921286667856,0.933669738827254,0.9223632797984388,0.9282328025499882,78764.51,47.13999999999942,0.0523777777777771,0.0,68.22364204444216,0.8196433294734962,0.8061602461259505,0.8130315504404342,78760.01,42.63999999999942,0.0236888888888885,0.0,44.504931022220205,0.7244932290279995,0.7134568422673148,0.7190459136137302,78679.53,-37.83999999999651,-0.0105111111111101,37.83999999999651,16.22987582222128,0.5860653620243957,0.5814089514747213,0.5837574838127908,-0.0107568504288972,True,0.6253784252144486,0.6723501857061155,0.62,heartbeat:39254,two_side_all_heartbeats,0.6219105102754636,0.62,0.652485796466559,0.010756850428897291,0.0038210205509271455,2026-05-03 13:15:00+00:00,validation,book_p_side,0.62,session_switch:book_margin,2,65.0,-63.0,-65.0,0.65
KXBTC15M-26MAY030930-30,heartbeat:39335,live_heartbeat_two_side,heartbeat:39335:no,2026-05-03 13:16:44.806000+00:00,2026-05-03 13:16:00+00:00,no,no,True,True,1,67.0,66.0,66.5,0.665,33.5,33.0,1.0,78740.51,78744.42,795.194,,39335,False,False,synced,bid>=98,last_decisive_quote,-1.0,3.910000000003493,0.138656492562681,1.0740285730775925,,,20.438367425730046,0.191306865101229,0.5758574085739433,43.64436108171392,0.0895877474912034,0.535692589331169,59.8610611453228,0.0653179199498537,0.5260395626226373,60.21250877481863,0.0649366731193018,0.5258877893631904,78738.91,-1.5999999999912689,-0.0266666666665211,1.5999999999912689,-17.295173333214123,0.3459510489577331,0.3863205605765081,0.3869659821995263,78750.32,9.810000000012224,0.0545000000000679,0.0,47.248073000057495,0.8605003202414916,0.7850303751854147,0.7836819342682324,78749.62,9.110000000000582,0.0303666666666686,0.0,28.057391133338367,0.7398438439201307,0.6803610124349337,0.6793825138829656,78723.54,-16.970000000001164,-0.0282833333333352,16.970000000001164,-18.58073696666472,0.3351521065476543,0.378129263431235,0.3788182375973963,78717.37,-23.139999999999414,-0.0257111111111104,23.139999999999414,-16.53532128888488,0.3523940543577204,0.3911863474427608,0.3918056172738908,78764.51,24.0,0.0133333333333333,0.0,14.51258666667016,0.6302513660904745,0.5957795436270665,0.5952312721420605,78819.89,79.38000000000466,0.0220500000000012,0.0,21.44402770000452,0.6884054424742699,0.6399143994279134,0.6391317955003338,0.129307410668831,True,0.6003462946655845,0.6468454777504332,0.535692589331169,heartbeat:39335,two_side_all_heartbeats,0.5955197813113187,0.535692589331169,0.6411765455833769,0.129307410668831,0.13896043737736274,2026-05-03 13:30:00+00:00,validation,book_p_side,0.665,session_switch:book_margin,2,69.0,33.0,31.0,0.69
KXBTC15M-26MAY030945-45,heartbeat:39397,live_heartbeat_two_side,heartbeat:39397:yes,2026-05-03 13:30:45.941000+00:00,2026-05-03 13:30:00+00:00,yes,no,True,False,1,61.0,59.0,60.0,0.6,40.0,20.0,2.0,78639.57,78625.48,854.059,,39397,False,False,synced,bid>=98,last_decisive_quote,1.0,14.09000000001106,0.4821332199823935,3.734587863290335,,,60.547943841357366,0.2327081500393885,0.592005979935798,55.05852426348948,0.2559095106251231,0.6009896446553313,54.83448047817199,0.2569551106738373,0.6013932868658995,67.14609776970632,0.2098409359295323,0.5831040889844452,78621.59,17.980000000010477,0.2996666666668413,0.0,270.02301366682684,0.9999995311725228,0.9999995767480828,0.9999710764684884,78650.01,-10.439999999987776,-0.057999999999932,10.439999999987776,-35.44542199993094,0.2598599637599142,0.2590077271454043,0.2987895565748599,78672.0,-32.429999999993015,-0.1080999999999767,32.429999999993015,-78.23377789996906,0.0776699572234391,0.076829447028585,0.12198365462215,78670.23,-30.65999999998894,-0.0510999999999815,30.65999999998894,-29.5524148999732,0.2957217125735145,0.2949646312684046,0.329924697658381,78738.91,-99.33999999999652,-0.1103777777777739,99.33999999999652,-80.17913451109673,0.0726613631319531,0.0718428132516692,0.1162194873061355,78746.13,-106.55999999999769,-0.0591999999999987,106.55999999999769,-36.47029279998783,0.2538602079002325,0.2529939681106568,0.293513829543504,78771.77,-132.1999999999971,-0.0367222222222214,132.1999999999971,-17.27294438887714,0.3768669639347212,0.3763802520382553,0.3984951314847489,-0.0009896446553313,True,0.6004948223276656,0.42621986729292344,0.6,heartbeat:39397,two_side_all_heartbeats,0.6006966434329497,0.0776699572234391,0.49583088484128723,0.0009896446553313565,0.0013932868658995679,2026-05-03 13:45:00+00:00,validation,book_p_side,0.6,session_switch:book_margin,2,63.0,-61.0,-63.0,0.63
KXBTC15M-26MAY031000-00,heartbeat:39485,live_heartbeat_two_side,heartbeat:39485:yes,2026-05-03 13:46:17.224000+00:00,2026-05-03 13:46:00+00:00,yes,yes,True,True,1,64.0,63.0,63.5,0.635,36.5,27.0,1.0,78599.85,78594.85,822.776,,39485,False,False,synced,bid>=98,last_decisive_quote,1.0,5.0,0.1743127669943071,1.3502208872005703,,,110.25993474878253,0.0453473876199188,0.5180847917975572,81.92618686013328,0.0610305470280966,0.5243325593092356,68.63669259119492,0.0728473329823795,0.5290361976437485,64.68473761163531,0.0772979868917426,0.53080675382739,78614.15,-14.299999999988358,-0.2383333333331393,14.299999999988358,-191.094946666507,0.0098365229581654,0.0026833984752389,0.0015671451729887,78593.91,5.940000000002328,0.0330000000000129,0.0,32.15160800001064,0.6526356648910195,0.6802620766061223,0.6904234262537307,78670.01,-70.15999999998894,-0.2338666666666298,70.15999999998894,-187.419880533303,0.0110784439237142,0.0031608837805783,0.0018811330969611,78650.39,-50.5399999999936,-0.0842333333333226,50.5399999999936,-64.30516506665789,0.2162514453346078,0.1744070690850322,0.1600793134836582,78643.04,-43.189999999987776,-0.0479888888888753,43.189999999987776,-34.48410604443327,0.3369079290808598,0.3076878039677404,0.2969785817299225,78740.51,-140.65999999998894,-0.0781444444444383,140.65999999998894,-59.29537342221717,0.2346047597966914,0.1938208743605377,0.1796544933995112,78764.51,-164.65999999998894,-0.0457388888888858,164.65999999998894,-32.63286004444191,0.3451970640766605,0.3172354960372254,0.3069582355288736,0.1106674406907644,True,0.5796662796546178,0.3901370010776499,0.5243325593092356,heartbeat:39485,two_side_all_heartbeats,0.5820180988218743,0.0110784439237142,0.4770154565775135,0.1106674406907644,0.10596380235625147,2026-05-03 14:00:00+00:00,validation,book_p_side,0.635,session_switch:book_margin,2,66.0,36.0,34.0,0.66
KXBTC15M-26MAY031015-15,heartbeat:39573,live_heartbeat_two_side,heartbeat:39573:yes,2026-05-03 14:02:03.795000+00:00,2026-05-03 14:02:00+00:00,yes,yes,True,True,1,64.0,63.0,63.5,0.635,36.5,27.0,1.0,78695.96,78669.61,776.205,,39573,False,False,synced,bid>=98,latest_quote,1.0,26.35000000000582,0.945784955736391,7.326018765321122,,,79.54612982115994,0.3312543307794781,0.629773807769212,71.36062517143245,0.3692512493648167,0.6440297703930447,81.95575407310659,0.3215149478888445,0.62608990683757,68.1158572484174,0.3868409070138809,0.6505630045337307,78667.72,28.24000000000524,0.470666666666754,0.0,391.6838200000736,0.9999999797657158,0.9999991200766956,0.9999999955446576,78680.49,15.470000000001164,0.0859444444444509,0.0,93.06050750001084,0.9038981444640471,0.8719164171645826,0.9140633369573288,78660.96,35.0,0.1166666666666666,0.0,116.90725000000585,0.949316254582584,0.9231333326251312,0.9569464314808632,78644.48,51.48000000001048,0.0858000000000174,0.0,92.94838900001938,0.9036300528368784,0.8716297581457647,0.913804803922566,78656.16,39.80000000000291,0.0442222222222254,0.0,60.67551000000834,0.8024113795594856,0.7704545745829461,0.813473508271322,78669.61,26.35000000000582,0.0146388888888921,0.0,37.71277875000833,0.7014174494009213,0.6772993930852929,0.7100929825054016,78734.7,-38.73999999999069,-0.0107611111111085,38.73999999999069,17.99717175000783,0.5995568805468151,0.586907172469616,0.6041925369670632,-0.0090297703930446,True,0.6395148851965223,0.7427820083252096,0.635,heartbeat:39573,two_side_all_heartbeats,0.630544953418785,0.635,0.7005721820344302,0.009029770393044645,0.008910093162429966,2026-05-03 14:15:00+00:00,validation,book_p_side,0.635,session_switch:book_margin,2,66.0,36.0,34.0,0.66
KXBTC15M-26MAY031030-30,heartbeat:39667,live_heartbeat_two_side,heartbeat:39667:no,2026-05-03 14:18:05.062000+00:00,2026-05-03 14:18:00+00:00,no,no,True,True,1,62.0,61.0,61.5,0.615,38.5,23.0,1.0,78701.17,78719.28,714.938,,39667,False,False,synced,bid>=98,latest_quote,-1.0,18.110000000000586,0.677304965868623,5.246381706225519,,,77.86176761383193,0.2325916885141892,0.5919607590327636,82.40220850439107,0.2197756629184948,0.5869770627903951,77.0693761184183,0.234983088122762,0.5928890702629093,75.7333549525997,0.2391284528638054,0.5944970102554841,78730.32,29.15000000000873,0.4858333333334788,0.0,365.45071166677127,0.9999953955859616,0.9999989410748524,0.9999993017102556,78717.58,16.410000000003492,0.091166666666686,0.0,83.28851433334779,0.8439333506637032,0.860083667927704,0.8642816473149084,78717.28,16.110000000000582,0.0537000000000019,0.0,56.50217060000197,0.7535449285041438,0.7682616104368414,0.7721865831592115,78730.46,29.29000000000815,0.0488166666666802,0.0,53.01089003334362,0.7399913706169634,0.7542211457640438,0.7580262113681404,78727.94,26.770000000004075,0.0297444444444489,0.0,39.37543362222604,0.6836195204177411,0.6952925912224411,0.6984410122225787,78645.81,-55.36000000000058,-0.0307555555555558,55.36000000000058,-3.878315377777426,0.4812304430979456,0.4799327399574017,0.4795790376948996,78728.12,26.94999999999709,0.0074861111111103,0.0,23.46210530555556,0.6120732166315617,0.6195992253933841,0.6216430320594449,0.0280229372096049,True,0.6009885313951975,0.6518406637648463,0.5869770627903951,heartbeat:39667,two_side_all_heartbeats,0.6039445351314546,0.5869770627903951,0.6343021045379473,0.028022937209604915,0.022110929737090723,2026-05-03 14:30:00+00:00,validation,book_p_side,0.615,session_switch:book_margin,2,64.0,38.0,36.0,0.64
KXBTC15M-26MAY031100-00,heartbeat:39794,live_heartbeat_two_side,heartbeat:39794:no,2026-05-03 14:47:07.989000+00:00,2026-05-03 14:47:00+00:00,no,yes,True,False,1,64.0,63.0,63.5,0.635,36.5,27.0,1.0,78685.01,78702.85,772.011,,39794,False,False,synced,bid>=98,last_decisive_quote,-1.0,17.84000000001106,0.6420710753439655,4.973461163777332,,,44.26078613866888,0.4030655927375173,0.6565500142038845,47.02640388545918,0.3793613486471008,0.6477902257476931,63.45927077710015,0.2811251970208391,0.6106928121349364,70.7324464251722,0.2522180541130298,0.5995637380412877,78705.31,20.30000000000291,0.3383333333333818,0.0,279.0370550000485,0.9999999985184108,0.9999945147771948,0.9999600942518464,78704.61,19.60000000000582,0.1088888888889212,0.0,101.90342000003602,0.984880305041282,0.945841975336142,0.9251636431004944,78693.15,8.139999999999418,0.0271333333333313,0.0,38.787231800009565,0.7952565444557406,0.7294712352367934,0.7082795121757486,78684.04,-0.9700000000011642,-0.0016166666666686,0.9700000000011642,16.59191555000956,0.6378887816572538,0.6031302205805373,0.5927298798792515,78659.64,-25.369999999995343,-0.0281888888888837,25.369999999995343,-3.922132299984945,0.4667656434221623,0.4753588596153522,0.4778898792326534,78730.32,45.310000000012224,0.025172222222229,0.0,37.2732324500163,0.7859951946055854,0.7215179401780931,0.7008896236264567,78656.16,-28.84999999999127,-0.0080138888888864,28.84999999999127,11.653189625012931,0.5978558070770629,0.5728491487548523,0.5654297259693024,-0.012790225747693,True,0.6413951128738465,0.6926822567344778,0.635,heartbeat:39794,two_side_all_heartbeats,0.6228464060674682,0.635,0.6708883766154561,0.012790225747693063,0.024307187865063584,2026-05-03 15:00:00+00:00,validation,book_p_side,0.635,session_switch:book_margin,2,66.0,-64.0,-66.0,0.66
KXBTC15M-26MAY031115-15,heartbeat:39907,live_heartbeat_two_side,heartbeat:39907:yes,2026-05-03 15:02:24.309000+00:00,2026-05-03 15:02:00+00:00,yes,no,True,False,1,64.0,63.0,63.5,0.635,36.5,27.0,1.0,78753.51,78740.6,755.691,,39907,False,False,synced,bid>=98,latest_quote,1.0,12.90999999998894,0.4696281458930501,3.637723975908101,,,101.9784601930458,0.1265953611728421,0.5503696656756384,92.14030084700735,0.1401124142347343,0.5557144138954834,71.91897607851475,0.1795075612018579,0.5712304096098224,76.01098033177466,0.1698438823396178,0.5674335424280741,78766.88,-13.370000000009895,-0.2228333333334982,13.370000000009895,-155.4831445001357,0.0457573920310572,0.0153121331081647,0.0204010556874444,78730.2,23.30999999999767,0.129499999999987,0.0,110.77198449997915,0.8853588982260554,0.9382482228047416,0.9274853534322284,78748.46,5.049999999988359,0.0168333333332945,0.0,25.630798499959617,0.6095596142745133,0.6392236310301523,0.6320164153409954,78713.82,39.689999999987776,0.0661499999999796,0.0,62.89895964997355,0.7525838690764914,0.809098995974478,0.7960226672343382,78685.01,68.5,0.0761111111111111,0.0,70.4264816666556,0.7776675568966803,0.8362711622655208,0.8229147889027093,78659.64,93.86999999999534,0.0521499999999974,0.0,52.31928564998699,0.7149220644256599,0.7665326090991919,0.7543719019796202,78695.96,57.54999999998836,0.0159861111111078,0.0,24.990560291653164,0.6068902022738554,0.6358854361028503,0.6288373694468197,0.0792855861045166,True,0.5953572069477417,0.6000913427233323,0.5557144138954834,heartbeat:39907,two_side_all_heartbeats,0.6031152048049112,0.5557144138954834,0.6061262470235477,0.07928558610451664,0.0637695903901776,2026-05-03 15:15:00+00:00,validation,book_p_side,0.635,session_switch:book_margin,2,66.0,-64.0,-66.0,0.66
KXBTC15M-26MAY031130-30,heartbeat:39994,live_heartbeat_two_side,heartbeat:39994:yes,2026-05-03 15:16:10.843000+00:00,2026-05-03 15:16:00+00:00,yes,yes,True,True,1,69.0,67.0,68.0,0.68,32.0,36.0,2.0,78764.99,78733.41,829.157,,39994,False,False,synced,bid>=98,last_decisive_quote,1.0,31.580000000001743,1.0967148900418513,8.495117009339578,,,80.66892235767915,0.3914766564003261,0.6522775299106454,61.51669079011948,0.5133566125613828,0.6961490551865047,80.8051196317313,0.3908168213094337,0.6520336798557472,73.20332476358321,0.4314011706707615,0.6669116505727477,78728.0,36.99000000000524,0.6165000000000873,0.0,542.7552905000741,1.0,0.9999999999907148,0.9999999999999388,78727.98,37.01000000000931,0.2056111111111628,0.0,202.0638920556002,0.9994895454653696,0.9938014090408154,0.9971126758898998,78734.42,30.570000000006985,0.1019000000000232,0.0,116.07109830002103,0.9704079221684658,0.9245603416252626,0.9435848169974824,78776.98,-11.989999999990689,-0.0199833333333178,11.989999999990689,15.010679283347953,0.5963884093461431,0.5736850671722191,0.5812352709895893,78766.88,-1.889999999999418,-0.0020999999999993,1.889999999999418,29.83877030000228,0.6861801340847998,0.6440361295847106,0.6582218102918702,78705.31,59.68000000000757,0.0331555555555597,0.0,59.07116097778301,0.831534309007468,0.7676203201784011,0.7901513239764497,78747.97,17.020000000004075,0.0047277777777789,0.0,35.50007003889157,0.7180573923387239,0.6697885866969925,0.6861446634901557,-0.0161490551865046,True,0.6880745275932524,0.7821856591183236,0.68,heartbeat:39994,two_side_all_heartbeats,0.6660168399278736,0.68,0.7429263009896446,0.01614905518650467,0.02796632014425282,2026-05-03 15:30:00+00:00,validation,book_p_side,0.68,session_switch:book_margin,2,71.0,31.0,29.0,0.71
KXBTC15M-26MAY031145-45,heartbeat:40065,live_heartbeat_two_side,heartbeat:40065:no,2026-05-03 15:32:27.375000+00:00,2026-05-03 15:32:00+00:00,no,no,True,True,1,62.0,61.0,61.5,0.615,38.5,23.0,1.0,78722.68,78752.02,752.625,,40065,False,False,synced,bid>=98,latest_quote,-1.0,29.34000000001106,1.0694753753482118,8.284120635805102,,,94.82368301283678,0.3094163722372938,0.6214975911021137,58.86483688995013,0.4984299889399713,0.6909094980330609,57.595548482666665,0.509414369217109,0.6947690967690491,64.92813719048372,0.4518842102913637,0.6743238000136829,78766.02,43.34000000001106,0.7223333333335177,0.0,572.9861250001499,1.0,1.0,1.0,78759.5,36.820000000006985,0.2045555555555943,0.0,183.2936250000403,0.9990765425348396,0.9992697682088584,0.9976213421109864,78729.31,6.630000000004657,0.0221000000000155,0.0,45.97301250002274,0.7825966288813494,0.7876240188765973,0.7605459802262975,78708.92,-13.75999999999476,-0.0229333333333246,13.75999999999476,12.07980000001763,0.5812969459005131,0.5830627305106055,0.5737967416226862,78754.22,31.54000000000815,0.0350444444444534,0.0,55.71532500001787,0.8280521360941191,0.8333166283006163,0.804583461774559,78753.51,30.830000000001743,0.0171277777777787,0.0,42.23079375001179,0.7634424168321081,0.768290971144354,0.7422906865074302,78659.64,-63.0399999999936,-0.0175111111111093,63.0399999999936,16.160700000012397,0.6081648243042405,0.6104873238291691,0.5982814485413689,-0.0759094980330609,True,0.6529547490165304,0.6961687089714701,0.615,heartbeat:40065,two_side_all_heartbeats,0.6548845483845245,0.615,0.6712921751861882,0.07590949803306091,0.07976909676904909,2026-05-03 15:45:00+00:00,validation,book_p_side,0.615,session_switch:book_margin,2,64.0,38.0,36.0,0.64
KXBTC15M-26MAY031200-00,heartbeat:40141,live_heartbeat_two_side,heartbeat:40141:no,2026-05-03 15:50:14.128000+00:00,2026-05-03 15:50:00+00:00,no,no,True,True,1,80.0,79.0,79.5,0.795,20.5,59.0,1.0,78656.2,78694.32,585.872,,40141,False,False,synced,bid>=98,last_decisive_quote,-1.0,38.120000000009895,1.574894696920728,12.199081866408712,,,66.4723593512273,0.5734714454558634,0.7168372361886792,44.22109480600439,0.8620320271861275,0.805665053051547,47.37356436326664,0.8046681838778436,0.789494407918916,55.20709819128275,0.6904909196265105,0.7550572408504289,78699.68,43.479999999995925,0.7246666666665987,0.0,462.6819093333034,1.0,1.0,1.0,78693.4,37.19999999999709,0.2066666666666505,0.0,159.20021333333375,0.9998409505130816,0.9996110324834302,0.9980347790620528,78683.86,27.66000000000349,0.0922000000000116,0.0,92.1373984000167,0.9813999925441396,0.974107195159605,0.9524354791355956,78679.23,23.02999999999884,0.0383833333333313,0.0,60.60772026667543,0.914744119793074,0.8996143865076154,0.8638594949996843,78719.74,63.54000000000815,0.070600000000009,0.0,79.48256320001519,0.9638631536470031,0.9533052700385818,0.9250261704784998,78743.19,86.99000000000524,0.0483277777777806,0.0,66.43389182223382,0.9334917549862248,0.9195932793153148,0.8855810532000211,78671.25,15.05000000000291,0.0041805555555563,0.0,40.569270444454816,0.8205384272703216,0.804103254930535,0.7687864182435922,-0.0106650530515469,True,0.8003325265257735,0.8606883485318955,0.795,heartbeat:40141,two_side_all_heartbeats,0.792247203959458,0.795,0.835479514424292,0.010665053051546969,0.005505592081084032,2026-05-03 16:00:00+00:00,validation,book_p_side,0.795,session_switch:book_margin,2,82.0,20.0,18.0,0.82
KXBTC15M-26MAY031215-15,heartbeat:40202,live_heartbeat_two_side,heartbeat:40202:yes,2026-05-03 16:04:00.633000+00:00,2026-05-03 16:04:00+00:00,yes,no,True,False,1,69.0,67.0,68.0,0.68,32.0,36.0,2.0,78676.93,78655.98,659.367,,40202,False,False,synced,bid>=98,latest_quote,1.0,20.94999999999709,0.8158689841271215,6.31969397642301,,,44.558947298905565,0.4701637105442043,0.680880970519736,70.75748445769617,0.2960817524896957,0.6164161755156305,53.45588946932377,0.3919119148137918,0.6524383504630561,53.251705156968434,0.3934146322309006,0.6529933678957616,78649.26,27.669999999998254,0.4611666666666376,0.0,325.0280814999779,0.9999978211629856,0.9999999994002272,0.9999999994815312,78654.98,21.94999999999709,0.1219444444444282,0.0,101.35614249998642,0.9239916201161248,0.9710246477773896,0.9715019541158004,78655.85,21.079999999987194,0.0702666666666239,0.0,67.28152119996895,0.8291660763903497,0.8959191294923479,0.8967884542225459,78663.99,12.939999999987776,0.0215666666666462,0.0,35.17034829998366,0.6904248011824301,0.7447091346821819,0.7455190165023985,78699.68,-22.75,-0.0252777777777777,22.75,4.282667499997089,0.5241316455756478,0.5319274674747331,0.5320496245406192,78718.45,-41.52000000000408,-0.0230666666666689,41.52000000000408,5.740601199995597,0.5323309773491257,0.5427600076265127,0.5429233304465633,78756.5,-79.57000000000698,-0.0221027777777797,79.57000000000698,6.37615772499581,0.5359012262091413,0.547472785653224,0.5476539451468941,0.0635838244843695,True,0.6482080877578154,0.7085274173019934,0.6164161755156305,heartbeat:40202,two_side_all_heartbeats,0.6662191752315281,0.6164161755156305,0.6907580679327592,0.0635838244843695,0.027561649536943955,2026-05-03 16:15:00+00:00,holdout,book_p_side,0.68,session_switch:book_margin,2,71.0,-69.0,-71.0,0.71
KXBTC15M-26MAY031230-30,heartbeat:40264,live_heartbeat_two_side,heartbeat:40264:yes,2026-05-03 16:18:02.215000+00:00,2026-05-03 16:18:00+00:00,yes,yes,True,True,1,75.0,74.0,74.5,0.745,25.5,49.0,1.0,78638.87,78615.51,717.785,,40264,False,False,synced,bid>=98,last_decisive_quote,1.0,23.360000000000586,0.8719180117687375,6.753847877677205,,,65.69905791510246,0.3555606540079586,0.6389151930110059,60.03285889605034,0.3891202323122658,0.6514063962994646,63.54727977383558,0.3676003140203435,0.6434143596793491,54.82844890099007,0.4260561892273184,0.6649665485541171,78600.83,38.0399999999936,0.6339999999998933,0.0,478.435689999924,0.9999999999999992,0.9999999999999744,1.0,78610.0,28.869999999995343,0.160388888888863,0.0,138.48473861109312,0.9894674503829666,0.9853430574085928,0.9942279542440816,78615.04,23.830000000001743,0.0794333333333391,0.0,80.37605516667142,0.9096931252930937,0.8970325911292321,0.9286697673099064,78618.13,20.739999999990687,0.0345666666666511,0.0,48.17143483332278,0.7888443413229809,0.7757867399722738,0.8101867453474378,78649.26,-10.389999999999418,-0.0115444444444437,10.389999999999418,15.07357094444549,0.5991272238952305,0.5937501351364955,0.608312086652549,78694.54,-55.669999999998254,-0.0309277777777768,55.669999999998254,1.160505027779056,0.5077115382676026,0.5072851078946785,0.5084434260809793,78747.3,-108.43000000000757,-0.0301194444444465,108.43000000000757,1.7407145694435189,0.5115661215134619,0.5109266329975882,0.5126636446839147,0.0935936037005353,True,0.6982031981497323,0.7686998405308527,0.6514063962994646,heartbeat:40264,two_side_all_heartbeats,0.6942071798396745,0.6514063962994646,0.749860543948458,0.09359360370053538,0.10158564032065087,2026-05-03 16:30:00+00:00,holdout,book_p_side,0.745,session_switch:book_margin,2,77.0,25.0,23.0,0.77
KXBTC15M-26MAY031245-45,heartbeat:40323,live_heartbeat_two_side,heartbeat:40323:yes,2026-05-03 16:31:18.554000+00:00,2026-05-03 16:31:00+00:00,yes,yes,True,True,1,63.0,62.0,62.5,0.625,37.5,25.0,1.0,78663.11,78649.64,821.446,,40323,False,False,synced,bid>=98,last_decisive_quote,1.0,13.470000000001164,0.4699786031492062,3.6404386061414007,,,22.04066821914195,0.611142995578632,0.7294475411032293,59.92653857661313,0.2247752051085085,0.5889229220120656,55.79571734576808,0.2414163781877216,0.5953837899307253,59.34459040701574,0.2269794080238312,0.589780122839396,78652.65,10.460000000006405,0.17433333333344,0.0,156.67541933342218,0.995531542872636,0.9975076336197428,0.9958558734540276,78646.85,16.25999999999476,0.0903333333333042,0.0,87.6739553333106,0.9282695738523056,0.941947971324828,0.93021184367874,78651.01,12.10000000000582,0.0403333333333527,0.0,46.60165533335044,0.7816112423930965,0.7982028540751697,0.7838529956261137,78593.89,69.22000000000116,0.1153666666666686,0.0,108.23748686666944,0.9645540671009768,0.9738033969167014,0.965914987998427,78609.99,53.11999999999534,0.059022222222217,0.0,61.95356835555247,0.8493910659850175,0.8665789457827324,0.8517487914681843,78654.98,8.130000000004657,0.0045166666666692,0.0,17.180197766669956,0.6128242478503659,0.6209255358451953,0.6139002158061962,78766.02,-102.91000000000348,-0.028586111111112,102.91000000000348,-10.011946627777412,0.4336573552068718,0.4287963723696465,0.4330129013648569,0.0360770779879343,True,0.6069614610060328,0.6651780548017207,0.5889229220120656,heartbeat:40323,two_side_all_heartbeats,0.6101918949653626,0.5889229220120656,0.6454991250822391,0.03607707798793436,0.02961621006927473,2026-05-03 16:45:00+00:00,holdout,book_p_side,0.625,session_switch:book_margin,2,65.0,37.0,35.0,0.65
KXBTC15M-26MAY031300-00,heartbeat:40396,live_heartbeat_two_side,heartbeat:40396:yes,2026-05-03 16:48:05.106000+00:00,2026-05-03 16:48:00+00:00,yes,no,True,False,1,63.0,61.0,62.0,0.62,38.0,24.0,2.0,78733.29,78715.2,714.894,,40396,False,False,synced,bid>=98,latest_quote,1.0,18.089999999996508,0.6765777957494283,5.240749070702519,,,22.49041105027872,0.8043427912257887,0.7894004845205782,41.96775682589551,0.4310451967934196,0.6667822462101806,43.62426425415105,0.4146774807388335,0.6608109901190787,54.70829908395928,0.3306628117286976,0.6295504022579309,78719.38,13.90999999998894,0.231833333333149,0.0,183.82625899986476,0.9999940708888352,0.9999874474925046,0.999610451954878,78720.5,12.789999999993595,0.0710555555555199,0.0,68.8871903333044,0.949646043188064,0.9428437405088168,0.8960159991180149,78715.0,18.2899999999936,0.0609666666666453,0.0,61.67470419998125,0.9291613520495934,0.9212853723397072,0.8702000435511952,78723.83,9.459999999991853,0.015766666666653,0.0,29.3614953999868,0.7579177750019753,0.7495436031906146,0.7042597387386106,78690.77,42.51999999998952,0.0472444444444328,0.0,51.86476986665485,0.8917380428456139,0.8827599580847474,0.8284413322155929,78638.87,94.41999999999824,0.0524555555555545,0.0,55.59016193332914,0.9073467722451456,0.8987204753369666,0.8452137249154899,78694.54,38.75,0.0107638888888888,0.0,25.78503958332984,0.7305248739967194,0.7227635911317001,0.6812933867103739,-0.0467822462101805,True,0.6433911231050903,0.7386478660865913,0.62,heartbeat:40396,two_side_all_heartbeats,0.6404054950595394,0.62,0.6958669442729728,0.04678224621018057,0.04081099011907874,2026-05-03 17:00:00+00:00,holdout,book_p_side,0.62,session_switch:book_margin,2,65.0,-63.0,-65.0,0.65
KXBTC15M-26MAY031315-15,heartbeat:40450,live_heartbeat_two_side,heartbeat:40450:no,2026-05-03 17:00:21.050000+00:00,2026-05-03 17:00:00+00:00,no,yes,True,False,1,64.0,63.0,63.5,0.635,36.5,27.0,1.0,78650.53,78656.57,878.95,,40450,False,False,synced,bid>=98,latest_quote,-1.0,6.040000000008149,0.2037299381706945,1.5780853153179335,,,44.278904254572254,0.1364080729117061,0.5542506539639838,41.83834822265407,0.1443651639367945,0.5573939381212404,47.707512776497154,0.1266047976197099,0.5503734002251361,52.24574269957038,0.1156075057587001,0.5460181929689346,78676.94,26.41000000000349,0.4401666666667249,0.0,392.924491666726,1.0,1.0,0.9999999999999728,78693.58,43.05000000000291,0.2391666666666828,0.0,216.25554166668903,0.9999998822214734,0.9999970916547074,0.9999825739958236,78694.26,43.729999999995925,0.145766666666653,0.0,134.16161166666288,0.9993285861389218,0.9975395716596008,0.994884101368046,78706.0,55.47000000000117,0.0924500000000019,0.0,87.29892750000985,0.981536797687348,0.9663659071933276,0.9526321503887892,78720.5,69.97000000000116,0.0777444444444457,0.0,74.37347944445374,0.9622684178220386,0.9404955264459716,0.9227089839410852,78652.65,2.1199999999953434,0.0011777777777751,0.0,7.075207777783653,0.5671442325983378,0.5589485111120002,0.5538607696349779,78656.83,6.30000000000291,0.0017500000000008,0.0,7.57816250000886,0.5718670669949679,0.5631050201850187,0.5576636793456957,0.0776060618787596,True,0.5961969690606201,0.7305741747533873,0.5573939381212404,heartbeat:40450,two_side_all_heartbeats,0.5926867001125681,0.5573939381212404,0.6845838986641565,0.07760606187875962,0.08462659977486386,2026-05-03 17:15:00+00:00,holdout,book_p_side,0.635,session_switch:book_margin,2,66.0,-64.0,-66.0,0.66
KXBTC15M-26MAY031330-30,heartbeat:40527,live_heartbeat_two_side,heartbeat:40527:yes,2026-05-03 17:17:52.981000+00:00,2026-05-03 17:17:00+00:00,yes,yes,True,True,1,61.0,59.0,60.0,0.6,40.0,20.0,2.0,78696.02,78688.3,727.019,,40527,False,False,synced,bid>=98,last_decisive_quote,1.0,7.720000000001164,0.2863152100682148,2.2177880807201484,,,51.29979870388398,0.1504879199344045,0.5598101596486337,69.7988811358809,0.1106034921243545,0.5440346109174273,64.99718870417142,0.1187743678444004,0.547272941797726,57.607905587696656,0.1340093850183286,0.5533024233968222,78696.01,0.0100000000093132,0.0001666666668218,0.0,7.841169833447346,0.5447228792907913,0.5480113530393356,0.554133921614538,78688.27,7.75,0.0430555555555555,0.0,39.022206944445614,0.7119417865721531,0.7258693659753841,0.7509162576761754,78715.14,-19.119999999995343,-0.0637333333333178,19.119999999995343,-38.61534426665421,0.2900504657249986,0.2762199686469346,0.2513290509509815,78630.01,66.01000000000931,0.1100166666666822,0.0,87.70420698334578,0.895537591834747,0.9113883320810692,0.9360497554863608,78593.79,102.23000000001048,0.1135888888889005,0.0,90.30128041112074,0.9021215759856174,0.9176308324016578,0.9415028677901932,78719.38,-23.360000000000586,-0.0129777777777781,23.360000000000586,-1.7150910222212945,0.4901982171416498,0.4894742689110308,0.4881245247146215,78600.83,95.19000000000231,0.0264416666666673,0.0,26.94359405833497,0.650258169518145,0.6607587423037212,0.6800027673467772,0.0559653890825726,True,0.5720173054587137,0.4780283588808086,0.5440346109174273,heartbeat:40527,two_side_all_heartbeats,0.573636470898863,0.2900504657249986,0.521220476420228,0.05596538908257265,0.05272705820227397,2026-05-03 17:30:00+00:00,holdout,book_p_side,0.6,session_switch:book_margin,2,63.0,39.0,37.0,0.63
KXBTC15M-26MAY031345-45,heartbeat:40593,live_heartbeat_two_side,heartbeat:40593:yes,2026-05-03 17:32:54.237000+00:00,2026-05-03 17:32:00+00:00,yes,yes,True,True,1,64.0,63.0,63.5,0.635,36.5,27.0,1.0,78727.91,78722.6,725.763,,40593,False,False,synced,bid>=98,latest_quote,1.0,5.309999999997672,0.1971047585348412,1.5267668945273485,,,47.04880087820343,0.1128615374012149,0.5449298349259714,54.56988108409836,0.0973064242492,0.5387584727996962,62.0996492957099,0.0855077292741572,0.5340711245467494,57.09206422858882,0.0930076722876433,0.5370512669791793,78731.79,-3.8799999999901047,-0.0646666666665017,3.8799999999901047,-41.62267399988264,0.2228090006487694,0.2513472465678671,0.2329871215824496,78725.38,2.529999999998836,0.014055555555549,0.0,15.511002166659646,0.6118871836898556,0.5986197106225579,0.6070675096180151,78764.46,-36.55000000000291,-0.121833333333343,36.55000000000291,-83.11212550000937,0.0638743175080952,0.0903884044552871,0.0727300162470006,78704.62,23.29000000000815,0.0388166666666802,0.0,33.48170045000752,0.7302457528640889,0.7051120683954787,0.7212137731805144,78696.02,31.889999999999414,0.0354333333333326,0.0,31.0262022999972,0.7151723050836767,0.6913285249239867,0.7065871024155767,78593.79,134.1200000000099,0.0745111111111166,0.0,59.387407533334994,0.8617646351391863,0.8305458074598493,0.8508774899972468,78673.46,54.44999999999709,0.0151249999999991,0.0,16.287165374997087,0.6173256182937118,0.6034451576268567,0.6122847890325996,0.0962415272003037,True,0.5868792363998481,0.4125442634359304,0.5387584727996962,heartbeat:40593,two_side_all_heartbeats,0.5845355622733748,0.0638743175080952,0.49190240534152796,0.09624152720030377,0.10092887545325058,2026-05-03 17:45:00+00:00,holdout,book_p_side,0.635,session_switch:book_margin,2,66.0,36.0,34.0,0.66
KXBTC15M-26MAY031400-00,heartbeat:40652,live_heartbeat_two_side,heartbeat:40652:no,2026-05-03 17:46:10.270000+00:00,2026-05-03 17:46:00+00:00,no,no,True,True,1,77.0,76.0,76.5,0.765,23.5,53.0,1.0,78772.63,78790.58,829.73,,40652,False,False,synced,bid>=98,last_decisive_quote,-1.0,17.94999999999709,0.6231549604881176,4.82693756815404,,,68.72708986441992,0.2611779435941143,0.6030223567877182,61.631402320940445,0.2912476322788169,0.6145690322755326,58.85543652790525,0.3049845699723325,0.6198110478958634,64.15754123685679,0.2797800485172785,0.6101768701855139,78799.2,26.569999999992437,0.4428333333332072,0.0,385.3821016665592,0.9999999997986986,0.9999999999708328,0.9999999990539497,78779.98,7.349999999991269,0.0408333333332848,0.0,51.83064166662352,0.799819816747593,0.8107445234653095,0.790415892330292,78789.73,17.09999999999127,0.0569999999999708,0.0,65.24460999997294,0.8551149482496181,0.8661893457236811,0.8454099032840142,78784.18,11.549999999988358,0.0192499999999806,0.0,33.922302499980994,0.708979582236943,0.717816261730398,0.7015051634126567,78731.79,-40.84000000001106,-0.04537777777779,40.84000000001106,-19.701303555568657,0.3746117541719275,0.3689103897861444,0.3793923922091356,78696.01,-76.6200000000099,-0.0425666666666721,76.6200000000099,-17.368840333340806,0.3890415228993826,0.383954844567908,0.3933025326273588,78719.31,-53.320000000006985,-0.014811111111113,53.320000000006985,5.660776777773258,0.5365909559094691,0.5383116034188207,0.5351540350614808,0.1504309677244674,True,0.6897845161377663,0.7448946601750501,0.6145690322755326,heartbeat:40652,two_side_all_heartbeats,0.6924055239479316,0.6145690322755326,0.7378936993325833,0.1504309677244674,0.14518895210413663,2026-05-03 18:00:00+00:00,holdout,book_p_side,0.765,session_switch:book_margin,2,79.0,23.0,21.0,0.79
KXBTC15M-26MAY031415-15,heartbeat:40722,live_heartbeat_two_side,heartbeat:40722:no,2026-05-03 18:02:11.643000+00:00,2026-05-03 18:02:00+00:00,no,no,True,True,1,62.0,61.0,61.5,0.615,38.5,23.0,1.0,78705.23,78719.39,768.357,,40722,False,False,synced,bid>=98,latest_quote,-1.0,14.160000000003492,0.510836272503135,3.956920752086632,,,29.146012922842942,0.4858297441056066,0.6864560581899821,57.21379105689297,0.247492776451798,0.5977365593951384,59.05367155385313,0.2397818734621858,0.5947503200150732,61.71489056888945,0.2294421957079765,0.5907373783379566,78721.93,16.69999999999709,0.2783333333332848,0.0,228.0193649999662,0.9999663155428928,0.9999435894478544,0.9998899362597832,78717.78,12.55000000000291,0.0697222222222384,0.0,67.73155750001592,0.881760355055206,0.8742986781049923,0.8637866662403487,78724.91,19.680000000007567,0.0656000000000252,0.0,64.56421920002288,0.8704398961458731,0.8628720705176693,0.8522585454315694,78745.25,40.02000000000408,0.0667000000000068,0.0,65.4094119000087,0.8735316719803368,0.8659884243832563,0.8553968400995684,78778.91,73.68000000000757,0.081866666666675,0.0,77.06282640000995,0.9109982020996956,0.9040471900020852,0.8941109370522515,78727.91,22.680000000007567,0.0126000000000042,0.0,23.84129820000672,0.6615530640179504,0.6567916181624265,0.6503677651640105,78593.79,-111.44000000000231,-0.0309555555555562,111.44000000000231,-9.624917799997004,0.4332022584214602,0.4352647549062258,0.4380331472740047,0.0172634406048616,True,0.6063682796975691,0.6943921518470039,0.5977365593951384,heartbeat:40722,two_side_all_heartbeats,0.6048751600075366,0.5977365593951384,0.6609089470477161,0.017263440604861624,0.02024967998492677,2026-05-03 18:15:00+00:00,holdout,book_p_side,0.615,session_switch:book_margin,2,64.0,38.0,36.0,0.64
KXBTC15M-26MAY031430-30,heartbeat:40781,live_heartbeat_two_side,heartbeat:40781:no,2026-05-03 18:15:27.907000+00:00,2026-05-03 18:15:00+00:00,no,yes,True,False,1,61.0,60.0,60.5,0.605,39.5,21.0,1.0,78663.11,78666.25,872.093,,40781,False,False,synced,bid>=98,last_decisive_quote,-1.0,3.139999999999418,0.1063281475816594,0.8236142896337025,,,27.673569149217062,0.1134656676581327,0.5451693097477728,36.22844460929566,0.0866722276891164,0.5345339737919298,51.41437294983432,0.0610724165217994,0.5243492317201599,56.08069549029175,0.0559907464154575,0.5223254105554902,78663.11,-0.0,-0.0,0.0,3.139999999999418,0.5345339737919298,0.5243492317201599,0.5223254105554902,78663.1,-0.0099999999947613,-5.555555552645172e-05,0.0099999999947613,3.091550388913688,0.5340024233469409,0.5239739837723333,0.5219812852014196,78680.39,17.279999999998836,0.0575999999999961,0.0,53.37255679999603,0.9296544640642024,0.8503850632863175,0.8293779531665237,78670.03,6.919999999998254,0.0115333333333304,0.0,13.198139266663548,0.6421842046548976,0.601295337753679,0.593028324354421,78721.36,58.25,0.0647222222222222,0.0,59.58379694444386,0.9499809474515336,0.8767502574285924,0.8559877646965404,78799.2,136.0899999999965,0.0756055555555536,0.0,69.07507576110883,0.9717172371542508,0.910444514370402,0.8909710247024469,78683.86,20.75,0.0057638888888888,0.0,8.166647152777195,0.5891740574932856,0.563102442523286,0.5578905514638065,0.0704660262080701,True,0.5697669868959649,0.6897294792853774,0.5345339737919298,heartbeat:40781,two_side_all_heartbeats,0.5646746158600799,0.5345339737919298,0.6487910849504194,0.07046602620807019,0.08065076827984008,2026-05-03 18:30:00+00:00,holdout,book_p_side,0.605,session_switch:book_margin,2,63.0,-61.0,-63.0,0.63
KXBTC15M-26MAY031445-45,heartbeat:40850,live_heartbeat_two_side,heartbeat:40850:no,2026-05-03 18:31:14.276000+00:00,2026-05-03 18:31:00+00:00,no,no,True,True,1,61.0,60.0,60.5,0.605,39.5,21.0,1.0,78721.92,78728.16,825.724,,40850,False,False,synced,bid>=98,last_decisive_quote,-1.0,6.240000000005239,0.217153651138589,1.6820649488557813,,,61.19457391229967,0.1019698251179594,0.540609686862163,53.85294651665711,0.1158710971938213,0.546122648765353,51.04295680073216,0.1222499712225866,0.5486494740517436,55.36743340793449,0.11270163010863,0.5448664455770726,78725.39,3.470000000001164,0.0578333333333527,0.0,53.99437133335459,0.8419793581682036,0.8549317383264874,0.8352696940865947,78729.99,8.070000000006985,0.0448333333333721,0.0,43.25995933337062,0.7890987168935486,0.801647505764707,0.7826943119769281,78700.95,-20.970000000001164,-0.0699000000000038,20.970000000001164,-51.47810759999796,0.1695610228541347,0.1566012009993557,0.1762491643709814,78683.86,-38.05999999999767,-0.0634333333333294,38.05999999999767,-46.138425733324894,0.1957919743415326,0.183020593508798,0.202333992556994,78638.89,-83.02999999999884,-0.0922555555555542,83.02999999999884,-69.93762635554926,0.0970272621200305,0.0853166200470452,0.1032668185041058,78721.93,0.0099999999947613,5.555555552645173e-06,0.0,6.244587355558391,0.5461564043326438,0.5486850608552345,0.5448992897188538,78731.79,9.869999999995343,0.0027416666666653,0.0,8.503859966670838,0.5627357106403701,0.5661583998878986,0.5610333170593267,0.0588773512346469,True,0.5755613243826765,0.4402278905398292,0.546122648765353,heartbeat:40850,two_side_all_heartbeats,0.5768247370258718,0.1695610228541347,0.5002489992004329,0.05887735123464699,0.0563505259482564,2026-05-03 18:45:00+00:00,holdout,book_p_side,0.605,session_switch:book_margin,2,63.0,39.0,37.0,0.63
KXBTC15M-26MAY031500-00,heartbeat:40926,live_heartbeat_two_side,heartbeat:40926:yes,2026-05-03 18:48:46.073000+00:00,2026-05-03 18:48:00+00:00,yes,yes,True,True,1,72.0,71.0,71.5,0.715,28.5,43.0,1.0,78693.56,78689.18,673.927,,40926,False,False,synced,bid>=98,last_decisive_quote,1.0,4.380000000004657,0.1687204334389388,1.306902857747814,,,67.9725695223099,0.0644377582131429,0.5256891671109207,46.743032283947095,0.0937038053799705,0.5373277763376162,45.92683326596893,0.0953690835734187,0.5379891640711906,47.60049572760705,0.0920158484287459,0.5366572761065243,78693.55,0.0099999999947613,0.0001666666665793,0.0,4.492321166612482,0.5382821069119014,0.5389602978935981,0.5375945663096198,78661.06,32.5,0.1805555555555555,0.0,126.06126388889356,0.996500581308339,0.9969728702156828,0.9959553339331266,78680.21,13.349999999991269,0.0444999999999708,0.0,34.36975149998504,0.7689189897387745,0.772878127753516,0.7648669273411193,78686.63,6.929999999993015,0.0115499999999883,0.0,12.163856849996812,0.6026561375296889,0.6044386240773787,0.6008471856563612,78704.63,-11.070000000006983,-0.0123000000000077,11.070000000006983,-3.909302100000573,0.4666737564177339,0.4660829081504197,0.4672727261634799,78649.25,44.30999999999767,0.0246166666666653,0.0,20.96983631667045,0.6731469219782604,0.6760179260684197,0.6702263212800315,78780.03,-86.47000000000116,-0.0240194444444447,86.47000000000116,-11.807352136106672,0.4002881509696429,0.3985544588101887,0.4020474608663166,0.1776722236623837,True,0.6261638881688081,0.6737489220254634,0.5373277763376162,heartbeat:40926,two_side_all_heartbeats,0.6264945820355953,0.5373277763376162,0.6724821308490397,0.17767222366238378,0.1770108359288094,2026-05-03 19:00:00+00:00,holdout,book_p_side,0.715,session_switch:book_margin,2,74.0,28.0,26.0,0.74
KXBTC15M-26MAY031515-15,heartbeat:41003,live_heartbeat_two_side,heartbeat:41003:no,2026-05-03 19:00:46.915000+00:00,2026-05-03 19:00:00+00:00,no,no,True,True,1,61.0,60.0,60.5,0.605,39.5,21.0,1.0,78732.28,78732.56,853.085,,41003,False,False,synced,bid>=98,latest_quote,-1.0,0.2799999999988358,0.0095865397742329,0.0742570177867183,,,36.66223164947546,0.0076372874045391,0.5030468072341098,52.519921418402845,0.0053313103378087,0.502126875028373,48.74604990723562,0.0057440551702482,0.502291533867154,49.88411059999437,0.0056130097666583,0.5022392551579365,78742.09,9.809999999997672,0.1634999999999612,0.0,139.75939749996576,0.9961054082177112,0.9979286855199307,0.997458149425776,78728.86,-3.4199999999982538,-0.0189999999999903,3.4199999999982538,-15.928614999992888,0.3808355356392902,0.3719219477371696,0.3747448159099713,78735.76,3.479999999995925,0.0115999999999864,0.0,10.17578599998725,0.5768145622530236,0.5826786822581581,0.580818765834796,78711.96,-20.319999999992437,-0.033866666666654,20.319999999992437,-28.61114533332374,0.2929567231625157,0.2786210458307966,0.2831354060916304,78661.06,-71.22000000000116,-0.0791333333333346,71.22000000000116,-67.22745966666893,0.1002660047898815,0.0839263264662874,0.0888818199827917,78725.39,-6.889999999999418,-0.0038277777777774,6.889999999999418,-2.985419805556444,0.4773349032745988,0.4755823076496298,0.4761387026085678,78721.36,-10.919999999998254,-0.0030333333333328,10.919999999998254,-2.3076911666674174,0.4824763747283275,0.4811206895946067,0.4815510931671361,0.1028731249716269,True,0.5535634375141865,0.5613138124271322,0.502126875028373,heartbeat:41003,two_side_all_heartbeats,0.553645766933577,0.502126875028373,0.5685009749591167,0.10287312497162693,0.10270846613284601,2026-05-03 19:15:00+00:00,holdout,book_p_side,0.605,session_switch:book_margin,2,63.0,39.0,37.0,0.63
KXBTC15M-26MAY031530-30,heartbeat:41102,live_heartbeat_two_side,heartbeat:41102:yes,2026-05-03 19:15:48.675000+00:00,2026-05-03 19:15:00+00:00,yes,no,True,False,1,61.0,60.0,60.5,0.605,39.5,21.0,1.0,78701.16,78693.1,851.325,,41102,False,False,synced,bid>=98,last_decisive_quote,1.0,8.059999999997672,0.2762404979959463,2.139749696572687,,,52.40307342903545,0.1538077725710605,0.5611193474291278,53.110959025190105,0.1517577567404662,0.5603109993121898,53.48245365118105,0.1507036317474503,0.5598952458808617,52.93511795632551,0.1522618690799486,0.5605098008647543,78680.41,20.75,0.3458333333333333,0.0,302.47656249999767,0.9999999938379702,0.9999999922358735,0.9999999944856964,78702.91,-1.75,-0.0097222222222222,1.75,-0.2167708333356621,0.4983717332154644,0.498383043261936,0.4983663244323152,78713.64,-12.479999999995924,-0.0415999999999864,12.479999999995924,-27.35511999999077,0.3032569317195435,0.3045080535894676,0.3026594233225654,78725.68,-24.519999999989523,-0.0408666666666492,24.519999999989523,-26.730814999987462,0.3073762244547404,0.3086060812276858,0.3067888357426807,78732.28,-31.119999999995343,-0.0345777777777726,31.119999999995343,-21.376926666664588,0.3436596674685716,0.3446888153230687,0.3431679086011318,78661.06,40.10000000000582,0.022277777777781,0.0,27.02562916666709,0.6945720918981213,0.6933321349880996,0.6951642874467021,78663.11,38.05000000000291,0.0105694444444452,0.0,17.05803229166503,0.6259619680291488,0.6251163942257989,0.6263661314536599,0.0446890006878102,True,0.5826554996560949,0.4895226436772444,0.5603109993121898,heartbeat:41102,two_side_all_heartbeats,0.5824476229404308,0.3032569317195435,0.5312446861375656,0.04468900068781023,0.04510475411913828,2026-05-03 19:30:00+00:00,holdout,book_p_side,0.605,session_switch:book_margin,2,63.0,-61.0,-63.0,0.63
KXBTC15M-26MAY031545-45,heartbeat:41209,live_heartbeat_two_side,heartbeat:41209:yes,2026-05-03 19:31:05.034000+00:00,2026-05-03 19:31:00+00:00,yes,yes,True,True,1,62.0,61.0,61.5,0.615,38.5,23.0,1.0,78695.0,78681.59,834.966,,41209,False,False,synced,bid>=98,last_decisive_quote,1.0,13.410000000003492,0.4640816346730253,3.594760884738684,,,36.900204019797016,0.3634126248410173,0.6418516638627481,44.34540755769682,0.3023988444024568,0.6188259822153941,47.92218378610053,0.2798286501270203,0.6101955150898418,47.73167021993327,0.2809455428275235,0.6106239156692206,78680.4,14.60000000000582,0.2433333333334303,0.0,216.5850600000845,0.999999480348891,0.9999969009368144,0.9999971544851294,78699.39,-4.389999999999418,-0.0243888888888856,4.389999999999418,-6.953892999993805,0.4376964991710275,0.4423127948086703,0.4420841664254126,78699.18,-4.179999999993015,-0.01393333333331,4.179999999993015,1.776140400022932,0.5159743282703143,0.5147826174447606,0.5148415927983369,78702.13,-7.130000000004657,-0.011883333333341,7.130000000004657,3.4878206999970125,0.5313449796285493,0.5290097734688239,0.5291253559602964,78704.1,-9.10000000000582,-0.0101111111111175,9.10000000000582,4.967565999998092,0.5445961670661529,0.5412800206206102,0.5414441906110402,78728.08,-33.080000000001746,-0.0183777777777787,33.080000000001746,-1.9348195999973183,0.4825994041076581,0.4838974013802022,0.4838331654766043,78721.92,-26.919999999998254,-0.0074777777777772,26.919999999998254,7.166309800003897,0.5641903877172625,0.5594364432563456,0.5596719010031076,-0.003825982215394,True,0.616912991107697,0.5832667701619028,0.615,heartbeat:41209,two_side_all_heartbeats,0.6125977575449209,0.5159743282703143,0.5963426603186811,0.003825982215394097,0.004804484910158169,2026-05-03 19:45:00+00:00,holdout,book_p_side,0.615,session_switch:book_margin,2,64.0,38.0,36.0,0.64
KXBTC15M-26MAY031600-00,heartbeat:41292,live_heartbeat_two_side,heartbeat:41292:no,2026-05-03 19:47:06.618000+00:00,2026-05-03 19:47:00+00:00,no,no,True,True,1,81.0,80.0,80.5,0.805,19.5,61.0,1.0,78759.98,78798.24,773.382,,41292,False,False,synced,bid>=98,latest_quote,-1.0,38.26000000000931,1.375776654769636,10.656720144047505,,,86.6809487677617,0.4413888004677556,0.6705342256389706,87.45007380054666,0.4375067777217833,0.6691280690986601,68.25409425809855,0.560552453532407,0.7124486639501605,57.86740705831759,0.661166655721271,0.7457472787545757,78804.97,44.99000000000524,0.7498333333334206,0.0,618.1676030000767,0.9999999999992186,1.0,1.0,78800.0,40.02000000000408,0.2223333333333559,0.0,210.20859800002685,0.9918861891963668,0.9989642833789772,0.999859704986252,78780.76,20.77999999999884,0.0692666666666627,0.0,91.82959320000631,0.853159385213745,0.9107532168115132,0.9437319707484548,78791.35,31.37000000000989,0.0522833333333498,0.0,78.69498890002207,0.8159092100867287,0.875538848843813,0.9130722281413186,78693.81,-66.16999999999825,-0.0735222222222202,66.16999999999825,-18.600763266655846,0.4157798921353118,0.3926102205991589,0.3739393780090396,78708.09,-51.88999999999942,-0.0288277777777774,51.88999999999942,15.965115566676229,0.5724293962385613,0.5924714398715616,0.6086842311886849,78693.55,-66.42999999999302,-0.0184527777777758,66.42999999999302,23.98895381667748,0.6080791023764515,0.6373803942089598,0.660764449307728,0.1358719309013399,True,0.73706403454933,0.7757624847708017,0.6691280690986601,heartbeat:41292,two_side_all_heartbeats,0.7587243319750803,0.6691280690986601,0.7738702977723471,0.13587193090133998,0.09255133604983956,2026-05-03 20:00:00+00:00,holdout,book_p_side,0.805,session_switch:book_margin,2,83.0,19.0,17.0,0.83
KXBTC15M-26MAY031615-15,heartbeat:41353,live_heartbeat_two_side,heartbeat:41353:no,2026-05-03 20:00:52.889000+00:00,2026-05-03 20:00:00+00:00,no,no,True,True,1,61.0,60.0,60.5,0.605,39.5,21.0,1.0,78753.17,78776.8,847.111,,41353,False,False,synced,bid>=98,latest_quote,-1.0,23.630000000004657,0.8118832116211145,6.2888203153479365,,,60.88260007604937,0.38812402838394,0.6510378745116621,73.28398581235399,0.3224442521523056,0.6264419177602651,76.62261654732974,0.3083945845859808,0.6211089489115424,63.52229977271631,0.3719953478471833,0.6450518434573308,78773.83,20.66000000000349,0.3443333333333915,0.0,315.3185543333873,0.9999915633031492,0.9999806590804488,0.9999996545482605,78777.84,24.669999999998254,0.1370555555555458,0.0,139.73126872221866,0.9717208890977956,0.9658959529454776,0.9860866140071642,78758.52,5.350000000005821,0.0178333333333527,0.0,38.73681283335443,0.7014533026692815,0.6934148462990496,0.7290076177847654,78786.29,33.11999999999534,0.0551999999999922,0.0,70.39052719999808,0.83160250498716,0.8208646271161792,0.8660956701836552,78799.99,46.820000000006985,0.0520222222222299,0.0,67.69859668890012,0.8222006886211078,0.811525771726767,0.8567306182246198,78680.4,-72.77000000000407,-0.04042777777778,72.77000000000407,-10.616815261108371,0.4424058717913496,0.4448990015614421,0.4336318164899683,78732.28,-20.889999999999414,-0.0058027777777776,20.889999999999414,18.71440311389368,0.600780654077698,0.5964780066446123,0.6158546805232253,-0.0214419177602651,True,0.6157209588801326,0.6442984068098488,0.605,heartbeat:41353,two_side_all_heartbeats,0.6130544744557712,0.605,0.6307232358619358,0.02144191776026516,0.016108948911542464,2026-05-03 20:15:00+00:00,holdout,book_p_side,0.605,session_switch:book_margin,2,63.0,39.0,37.0,0.63
KXBTC15M-26MAY031630-30,heartbeat:41409,live_heartbeat_two_side,heartbeat:41409:yes,2026-05-03 20:17:47.977000+00:00,2026-05-03 20:17:00+00:00,yes,yes,True,True,1,63.0,62.0,62.5,0.625,37.5,25.0,1.0,78741.05,78737.39,732.023,,41409,False,False,synced,bid>=98,latest_quote,1.0,3.660000000003493,0.1352753673737436,1.0478384899811983,,,63.56205988250007,0.0575815196481881,0.52295901478519,71.16485071803051,0.0514298837568724,0.5205085137593781,64.06636855302882,0.0571282575033739,0.5227784865287537,64.81578402323612,0.0564677270383924,0.5225153977098229,78743.83,-2.779999999998836,-0.0463333333333139,2.779999999998836,-30.25706566664897,0.3353568569603355,0.3183645796875147,0.3203156498899305,78753.07,-12.020000000004076,-0.0667777777778004,12.020000000004076,-45.2228692222353,0.2625621473590379,0.2401328344103464,0.242678087205454,78775.27,-34.220000000001164,-0.1140666666666705,34.220000000001164,-79.83942353333269,0.1309537425914118,0.1063457328959521,0.1090138017906313,78759.16,-18.110000000000586,-0.0301833333333343,18.110000000000586,-18.434894216663885,0.3978002846893826,0.3867702715276586,0.3880443323818728,78782.16,-41.11000000000058,-0.0456777777777784,41.11000000000058,-29.77718392221921,0.3378180450837678,0.32104217418729,0.3229689726838983,78759.98,-18.92999999999301,-0.0105166666666627,18.92999999999301,-4.038441883327001,0.4773730864611332,0.4748692028922718,0.4751593931213893,78708.09,32.9600000000064,0.0091555555555573,0.0,10.36207724444924,0.5578840506165004,0.5642445923600439,0.5635081248857016,0.1044914862406218,True,0.5727542568796891,0.42548741878359664,0.5205085137593781,heartbeat:41409,two_side_all_heartbeats,0.5738892432643768,0.1309537425914118,0.4948433026460958,0.10449148624062188,0.1022215134712463,2026-05-03 20:30:00+00:00,holdout,book_p_side,0.625,session_switch:book_margin,2,65.0,37.0,35.0,0.65
KXBTC15M-26MAY031645-45,heartbeat:41469,live_heartbeat_two_side,heartbeat:41469:yes,2026-05-03 20:31:19.324000+00:00,2026-05-03 20:31:00+00:00,yes,yes,True,True,1,69.0,68.0,68.5,0.685,31.5,37.0,1.0,78923.18,78891.7,820.676,,41469,False,False,synced,bid>=98,latest_quote,1.0,31.479999999995925,1.0988764273519327,8.51186020534788,,,70.66436765516367,0.4454861911963289,0.6720157816020426,124.93446002168886,0.2519721139750469,0.599468690836231,105.25075540512948,0.2990952404932737,0.6175663111499907,90.9696122605504,0.3460496227007383,0.6353472888483127,78917.63,5.549999999988359,0.0924999999998059,0.0,107.3925299998367,0.8049927146751368,0.8462185746972737,0.8811056363836292,78901.39,21.7899999999936,0.1210555555555199,0.0,130.82738911107785,0.8524889871619581,0.8930673089165064,0.9248033795763752,78901.84,21.339999999996508,0.0711333333333217,0.0,89.85741946665306,0.7640023826163793,0.803377150911744,0.8383683326843263,78789.27,133.90999999998894,0.2231833333333149,0.0,214.64120526664743,0.9571044683765336,0.9792915346136974,0.9908497772166772,78743.83,179.34999999999127,0.1992777777777681,0.0,195.02248955554356,0.9407379333127855,0.9680539449470054,0.9839763506925572,78766.91,156.26999999998952,0.0868166666666608,0.0,102.7283547333245,0.7945349522531479,0.8354762837575547,0.8706059393508496,78695.0,228.17999999999304,0.0633833333333313,0.0,83.497180466661,0.74803783377805,0.786203331187336,0.8206533767454184,0.085531309163769,True,0.6422343454181155,0.6828236911508702,0.599468690836231,heartbeat:41469,two_side_all_heartbeats,0.6512831555749954,0.599468690836231,0.6751410837741452,0.08553130916376905,0.06743368885000933,2026-05-03 20:45:00+00:00,holdout,book_p_side,0.685,session_switch:book_margin,2,71.0,31.0,29.0,0.71
KXBTC15M-26MAY031700-00,heartbeat:41573,live_heartbeat_two_side,heartbeat:41573:no,2026-05-03 20:46:20.742000+00:00,2026-05-03 20:46:00+00:00,no,no,True,True,1,68.0,67.0,67.5,0.675,32.5,35.0,1.0,79009.44,79010.28,819.258,,41573,False,False,synced,bid>=98,last_decisive_quote,-1.0,0.8399999999965075,0.0293473533151797,0.2273236212899125,,,75.94592393269578,0.0110605014265271,0.5044124116961278,180.34855248158053,0.0046576475854016,0.5018581258307591,152.8976168432154,0.0054938724182853,0.5021917269654309,120.91542606746086,0.0069470044254556,0.5027714314954828,79004.49,-4.94999999999709,-0.0824999999999514,4.94999999999709,-66.74878499996375,0.355650302401835,0.3312157095627744,0.2904643463737171,79019.48,10.039999999993595,0.0557777777777422,0.0,46.536390666634034,0.601810377306991,0.6195743565873512,0.6498321241024924,78991.79,-17.65000000000873,-0.0588333333333624,17.65000000000873,-47.35967900002733,0.3964291313501303,0.3783764283394982,0.3476487864126714,79076.4,66.95999999999185,0.1115999999999864,0.0,92.2691927999854,0.6955400836014465,0.7269021142535317,0.777294744529567,78923.18,-86.26000000000931,-0.0958444444444548,86.26000000000931,-77.68132786667864,0.3333327629310355,0.3057052554106759,0.2602926360432983,78743.83,-265.6100000000006,-0.1475611111111114,265.6100000000006,-120.05062076667043,0.2528145716890494,0.2161769531482963,0.1603920536634696,78804.97,-204.4700000000012,-0.0567972222222225,204.4700000000012,-45.69157868333709,0.3999982961869407,0.3825319257678148,0.3527596936556108,0.1731418741692409,True,0.5884290629153796,0.5244290857269631,0.5018581258307591,heartbeat:41573,two_side_all_heartbeats,0.5885958634827155,0.3964291313501303,0.5673432640192537,0.17314187416924098,0.17280827303456914,2026-05-03 21:00:00+00:00,holdout,book_p_side,0.675,session_switch:book_margin,2,70.0,32.0,30.0,0.7
KXBTC15M-26MAY031715-15,heartbeat:41688,live_heartbeat_two_side,heartbeat:41688:no,2026-05-03 21:01:22.029000+00:00,2026-05-03 21:01:00+00:00,no,yes,True,False,1,62.0,61.0,61.5,0.615,38.5,23.0,1.0,78890.88,78911.2,817.971,,41688,False,False,synced,bid>=98,latest_quote,-1.0,20.319999999992437,0.7104847331738577,5.503391078633943,,,95.663152269943,0.2124119843202877,0.584107181518926,135.22745656647572,0.1502653419352262,0.5597223621950733,158.47572232839255,0.1282215326199014,0.5510131699232272,133.8061938662598,0.1518614304230371,0.5603518852705922,78921.14,30.25999999999476,0.504333333333246,0.0,432.850040999921,0.9993150130094344,0.9968460692579968,0.9993915794166884,78885.67,-5.210000000006403,-0.02894444444448,5.210000000006403,-3.355716166703328,0.4901011251173312,0.4915530467161937,0.4899960031687335,78877.59,-13.290000000008147,-0.0443000000000271,13.290000000008147,-15.916115300029787,0.4531531414282184,0.4600004786599911,0.4526578735123281,78894.91,4.029999999998836,0.0067166666666647,0.0,25.814038549990848,0.5756954722245826,0.5646972992282586,0.5764896212788573,79009.44,118.55999999999769,0.1317333333333307,0.0,128.07404639999032,0.8282063180053025,0.7905013163030438,0.8307569556516098,78923.18,32.29999999998836,0.0179444444444379,0.0,34.99803516665381,0.6021085573733085,0.5873921220583057,0.6031687554721347,78766.91,-123.97000000000116,-0.0344361111111114,123.97000000000116,-7.847740241674501,0.4768609202148069,0.4802523930271184,0.4766154217273611,0.0552776378049266,True,0.5873611810975367,0.5426251678744306,0.5597223621950733,heartbeat:41688,two_side_all_heartbeats,0.5830065849616136,0.4531531414282184,0.5660473369441656,0.05527763780492667,0.06398683007677275,2026-05-03 21:15:00+00:00,holdout,book_p_side,0.615,session_switch:book_margin,2,64.0,-62.0,-64.0,0.64
KXBTC15M-26MAY031730-30,heartbeat:41768,live_heartbeat_two_side,heartbeat:41768:no,2026-05-03 21:17:08.393000+00:00,2026-05-03 21:17:00+00:00,no,no,True,True,1,65.0,64.0,64.5,0.645,35.5,29.0,1.0,78992.48,79012.99,771.607,,41768,False,False,synced,bid>=98,latest_quote,-1.0,20.510000000009317,0.7383590135533521,5.7193043260285386,,,32.87952017719636,0.6237925580870871,0.7336180861926831,84.78171243903196,0.2419153778564972,0.5955771329069594,107.82188765134472,0.1902211178710848,0.5754320682164628,131.3931881104315,0.1560963722318036,0.5620214710738491,79012.75,20.270000000004075,0.3378333333334012,0.0,281.18456483339503,0.9995443527781608,0.9954445113637336,0.9838235829525191,79016.03,23.55000000000291,0.1308333333333495,0.0,121.46191583335512,0.9240200381217266,0.8700241270932361,0.8223650181312785,79044.3,51.820000000006985,0.1727333333333566,0.0,153.7922491333606,0.9651595234418928,0.9231169991954457,0.8790947704897618,78953.57,-38.90999999998894,-0.0648499999999815,38.90999999998894,-29.528713949976456,0.363810797119968,0.3920939257301414,0.4110925225996885,78890.75,-101.72999999999593,-0.1130333333333288,101.72999999999593,-66.70731123332052,0.2156958171069776,0.2680633930297361,0.3058345710071578,78964.29,-28.19000000000233,-0.0156611111111124,28.19000000000233,8.425777038897204,0.5395825172205119,0.5311437755288325,0.5255652243781143,78741.05,-251.42999999999304,-0.0698416666666647,251.42999999999304,-33.38031889165585,0.3468936122269709,0.3784372954286,0.3997288196348939,0.0494228670930406,True,0.6202885664534796,0.7352455521162841,0.5955771329069594,heartbeat:41768,two_side_all_heartbeats,0.6102160341082314,0.5955771329069594,0.6942050445604664,0.04942286709304067,0.06956793178353726,2026-05-03 21:30:00+00:00,holdout,book_p_side,0.645,session_switch:book_margin,2,67.0,35.0,33.0,0.67
KXBTC15M-26MAY031745-45,heartbeat:41865,live_heartbeat_two_side,heartbeat:41865:no,2026-05-03 21:35:40.234000+00:00,2026-05-03 21:35:00+00:00,no,no,True,True,1,61.0,59.0,60.0,0.6,40.0,20.0,2.0,78920.01,78921.72,559.766,,41865,False,False,synced,bid>=98,latest_quote,-1.0,1.7100000000064028,0.072275790835077,0.5598458684764482,,,32.467237767256606,0.0526684780597796,0.5210019724918836,34.62718005645209,0.0493831723293268,0.5196930308325315,53.130796417907504,0.0321847236498426,0.5128376306849765,99.15695798215822,0.0172453858489092,0.5068795725539751,78927.9,7.889999999999418,0.1314999999999903,0.0,75.31922900000096,0.9851904728109124,0.9218489919442652,0.7762519456141127,78918.31,-1.6999999999970896,-0.0094444444444282,1.6999999999970896,-3.5766788888734347,0.4588659767133858,0.4731641243810749,0.4856129201739967,78919.15,-0.8600000000005821,-0.0028666666666686,0.8600000000005821,0.1053374666719835,0.5012135988054113,0.5007909450726987,0.5004238084963148,78952.01,32.0,0.0533333333333333,0.0,31.56418666667307,0.8189955055618077,0.7237722267646131,0.6248809723564042,78979.53,59.52000000000408,0.0661333333333378,0.0,38.7291914666756,0.8683151758228462,0.7669809826996921,0.6519478845632347,78882.99,-37.01999999998952,-0.0205666666666608,37.01999999998952,-9.802520733323671,0.388554893885808,0.4268114344958613,0.4606252593628124,78934.46,14.450000000011642,0.0040138888888921,0.0,3.9568385277859903,0.5454880115107631,0.529683202912292,0.5159154876494424,0.0803069691674684,True,0.5598465154162657,0.5403022098793143,0.5196930308325315,heartbeat:41865,two_side_all_heartbeats,0.5564188153424883,0.5012135988054113,0.5561506290108417,0.08030696916746849,0.08716236931502352,2026-05-03 21:45:00+00:00,holdout,book_p_side,0.6,session_switch:book_margin,2,63.0,39.0,37.0,0.63
KXBTC15M-26MAY031800-00,heartbeat:41927,live_heartbeat_two_side,heartbeat:41927:yes,2026-05-03 21:45:41.125000+00:00,2026-05-03 21:45:00+00:00,yes,yes,True,True,1,66.0,65.0,65.5,0.655,34.5,31.0,1.0,78701.16,78686.05,858.875,,41927,False,False,synced,bid>=98,latest_quote,1.0,15.110000000000582,0.5155840617748402,3.9936969696478646,,,77.74649334642305,0.1943496015012973,0.5770489252028563,94.3412970180458,0.1601631573616198,0.5636237245750617,74.13631388020846,0.2038137480697481,0.5807504755310603,99.07457379496768,0.1525113802787619,0.5606081923651052,78738.39,-37.229999999995925,-0.6204999999999321,37.229999999995925,-517.8219374999411,2.0231943620441232e-08,1.427025164701945e-12,8.63335225531614e-08,78817.61,-116.44999999999708,-0.6469444444444282,116.44999999999708,-540.5344097222077,5.034482886134839e-09,1.5371037775935292e-13,2.437178292513664e-08,78865.01,-163.84999999999127,-0.5461666666666376,163.84999999999127,-453.9788958333078,7.467969820873499e-07,4.5750858657100935e-10,2.300616034678349e-06,78920.01,-218.84999999999127,-0.3647499999999855,218.84999999999127,-298.16465624998693,0.0007875220511516,2.887220357322695e-05,0.0013084022876604,78919.15,-217.9899999999907,-0.2422111111111007,217.9899999999907,-192.9190680555461,0.0204320716425582,0.0046311080815847,0.0257547409983335,79010.04,-308.8799999999901,-0.1715999999999945,308.8799999999901,-132.2729499999947,0.0804474132933046,0.037196748767066,0.0909243093011335,79004.49,-303.33000000000175,-0.0842583333333338,303.33000000000175,-57.2573760416665,0.2719528603548025,0.2199607916640612,0.2816583900202036,0.0913762754249383,True,0.6093118622875309,0.4062081571240146,0.5636237245750617,heartbeat:41927,two_side_all_heartbeats,0.6178752377655301,7.467969820873499e-07,0.4965872667319149,0.09137627542493831,0.07424952446893973,2026-05-03 22:00:00+00:00,holdout,book_p_side,0.655,session_switch:book_margin,2,68.0,34.0,32.0,0.68
KXBTC15M-26MAY031815-15,heartbeat:42039,live_heartbeat_two_side,heartbeat:42039:yes,2026-05-03 22:01:12.227000+00:00,2026-05-03 22:01:00+00:00,yes,yes,True,True,1,89.0,88.0,88.5,0.885,11.5,77.0,1.0,78970.1,78830.82,827.773,,42039,True,False,synced,bid>=98,latest_quote,1.0,139.27999999999884,4.840978231998871,37.4980561437685,,,231.68052542165296,0.6011726697637301,0.7261375071384107,166.83040968471204,0.8348597852347187,0.7981016702077062,145.6222114508654,0.9564474994049484,0.8305769016201996,113.5795719000585,1.2262768530467327,0.8899527455883841,78822.53,147.57000000000698,2.4595000000001166,0.0,2175.1876935000955,1.0,1.0,1.0,78782.26,187.84000000001103,1.043555555555617,0.0,1003.1071128889388,0.9999999990879068,0.9999999999971791,1.0,78771.78,198.32000000000696,0.6610666666666899,0.0,686.4931378666847,0.9999806339860268,0.9999987867260236,0.9999999992490493,78695.5,274.6000000000058,0.4576666666666764,0.0,518.1241096666736,0.9990508329641774,0.999813156717011,0.999997463814318,78717.51,252.59000000001103,0.2806555555555678,0.0,371.5990911888979,0.9870399312441936,0.9946416341940716,0.9994654986795588,78928.77,41.33000000000175,0.022961111111112,0.0,158.28658782777742,0.8286356199459639,0.861474378109593,0.918283574154116,78890.88,79.22000000000116,0.0220055555555558,0.0,157.495604738888,0.8274269653616952,0.8602705314562159,0.9172264029348502,0.0868983297922938,True,0.8415508351038531,0.8943607680645776,0.7981016702077062,heartbeat:42039,two_side_all_heartbeats,0.8577884508100998,0.7981016702077062,0.8819266278595171,0.08689832979229384,0.054423098379800416,2026-05-03 22:15:00+00:00,holdout,book_p_side,0.885,session_switch:book_margin,1,90.0,11.0,10.0,0.9
KXBTC15M-26MAY031830-30,heartbeat:42156,live_heartbeat_two_side,heartbeat:42156:yes,2026-05-03 22:16:13.726000+00:00,2026-05-03 22:16:00+00:00,yes,no,True,False,1,68.0,67.0,67.5,0.675,32.5,35.0,1.0,79380.41,79290.68,826.274,,42156,True,False,synced,bid>=98,latest_quote,1.0,89.73000000001048,3.121588299022835,24.17971899166276,,,147.14887534976913,0.609790593279932,0.7289997332076288,247.32750419881663,0.3627983078173147,0.6416222219753578,208.50178252459744,0.4303560329966235,0.6665316635329738,166.56983221980704,0.5386929842229893,0.7049506422638926,79261.2,119.2100000000064,1.98683333333344,0.0,1731.3987256667654,0.999999999998724,1.0,1.0,79113.99,266.41999999999825,1.4801111111111014,0.0,1312.7073282222248,0.9999999444509484,0.9999999998471938,0.9999999999999984,79002.61,377.8000000000029,1.259333333333343,0.0,1130.284390666685,0.9999975612705484,0.9999999703637202,0.9999999999942216,79035.88,344.52999999999884,0.5742166666666647,0.0,564.1903020333423,0.9887301141014028,0.9965942843399636,0.999646834364657,78970.1,410.3099999999977,0.4558999999999974,0.0,466.4283166000084,0.9703439794273448,0.9873583704363864,0.9974464272597608,78717.51,662.9000000000087,0.3682777777777826,0.0,394.02835255557005,0.9444360652496184,0.9706081834902066,0.9909982105395412,79012.75,367.6600000000035,0.1021277777777787,0.0,174.11552745556685,0.759279791569633,0.7981634761789359,0.8520579446629968,0.0333777780246422,True,0.6583111109876789,0.772206594415302,0.6416222219753578,heartbeat:42156,two_side_all_heartbeats,0.6707658317664869,0.6416222219753578,0.7299861788467171,0.03337777802464226,0.008468336467026272,2026-05-03 22:30:00+00:00,holdout,book_p_side,0.675,session_switch:book_margin,2,70.0,-68.0,-70.0,0.7
KXBTC15M-26MAY031845-45,heartbeat:42307,live_heartbeat_two_side,heartbeat:42307:yes,2026-05-03 22:30:29.667000+00:00,2026-05-03 22:30:00+00:00,yes,yes,True,True,1,66.0,65.0,65.5,0.655,34.5,31.0,1.0,79072.16,79054.41,870.333,,42307,False,False,synced,bid>=98,latest_quote,1.0,17.75,0.6016662240126774,4.660486531153202,,,130.06151589813092,0.1364738822043445,0.554276664831974,326.4045206861404,0.0543803742751093,0.5216839426128038,303.18442649636404,0.0585452234638868,0.5233428294348746,226.37145607216308,0.078410945920415,0.5312494166225735,79043.7,28.460000000006403,0.47433333333344,0.0,430.57795300009286,0.9064412468483586,0.9222230748637328,0.9714200367453192,79029.85,42.30999999999767,0.2350555555555426,0.0,222.32660683332207,0.752107994654144,0.7683137376115163,0.8369825408429792,79013.93,58.23000000001048,0.1941000000000349,0.0,186.6816353000304,0.7163164398977032,0.7309656887652416,0.7952203737246153,79219.66,-147.5,-0.2458333333333333,147.5,-196.2068625,0.2738814833762206,0.2587663016724972,0.19304022430904,79261.2,-189.0399999999936,-0.2100444444444373,189.0399999999936,-165.05861146666047,0.3065381025993257,0.293077438887802,0.2329551395451206,78822.53,249.63000000000463,0.1386833333333359,0.0,138.45068155000226,0.6642787191254769,0.6760404766595196,0.7296015567694902,78919.15,153.0100000000093,0.0425027777777803,0.0,54.74157009166892,0.5665946085157828,0.5716416971608237,0.5955409061957464,0.1333160573871962,True,0.588341971306402,0.6310001275035023,0.5216839426128038,heartbeat:42307,two_side_all_heartbeats,0.5891714147174374,0.5216839426128038,0.6272684707633819,0.1333160573871962,0.13165717056512538,2026-05-03 22:45:00+00:00,holdout,book_p_side,0.655,session_switch:book_margin,2,68.0,34.0,32.0,0.68
KXBTC15M-26MAY031900-00,heartbeat:42377,live_heartbeat_two_side,heartbeat:42377:yes,2026-05-03 22:46:31.093000+00:00,2026-05-03 22:46:00+00:00,yes,no,True,False,1,64.0,62.0,63.0,0.63,37.0,26.0,2.0,79281.56,79276.14,808.907,,42377,False,False,synced,bid>=98,latest_quote,1.0,5.419999999998254,0.1905680059690811,1.4761334268764137,,,188.2627227361335,0.0287895549433588,0.5114837843118928,163.42026559811097,0.033166021240764,0.5132289028354794,238.39383257500856,0.0227354874975337,0.5090693658920872,225.8803982010799,0.0239949993145192,0.5095717012355145,79261.21,20.34999999999127,0.3391666666665211,0.0,279.77429083321385,0.956550986972048,0.8797183997553171,0.892252206048161,79300.17,-18.610000000000586,-0.1033888888888921,18.610000000000586,-78.21199594444882,0.3161136624894617,0.3714259884019346,0.364575910188781,79194.13,87.42999999999302,0.29143333333331,0.0,241.1624633666461,0.9299903879351328,0.8441385998973048,0.857162044586515,79133.17,148.38999999999942,0.2473166666666656,0.0,205.4761828833308,0.8956862179654823,0.8056339641467292,0.8185012024156577,79063.04,218.52000000000407,0.2428000000000045,0.0,201.82261960000196,0.8915831441741943,0.8013890730217885,0.8142034674271225,79380.41,-98.85000000000582,-0.0549166666666699,98.85000000000582,-39.0024760833377,0.4056832050314878,0.435020966470964,0.4314559216067858,78717.51,564.0500000000029,0.1566805555555563,0.0,132.15999815277672,0.7906597082134637,0.7103394828488327,0.7207558569683638,0.1167710971645206,True,0.5716144514177397,0.6910730969235374,0.5132289028354794,heartbeat:42377,two_side_all_heartbeats,0.5695346829460436,0.5132289028354794,0.6549667484376704,0.11677109716452061,0.12093063410791283,2026-05-03 23:00:00+00:00,holdout,book_p_side,0.63,session_switch:book_margin,2,66.0,-64.0,-66.0,0.66
KXBTC15M-26MAY031915-15,heartbeat:42485,live_heartbeat_two_side,heartbeat:42485:no,2026-05-03 23:01:02.425000+00:00,2026-05-03 23:01:00+00:00,no,no,True,True,1,64.0,62.0,63.0,0.63,37.0,26.0,2.0,79131.1,79174.31,837.575,,42485,False,False,synced,bid>=98,latest_quote,-1.0,43.20999999999185,1.493043335584508,11.565063947769543,,,66.32609119944655,0.6514781621919612,0.7426310652780408,117.5008558146653,0.3677420023914311,0.6434671908041545,148.8140500758002,0.2903623681902503,0.6142304850257172,222.9242899668327,0.193832623651827,0.5768465292775495,79168.26,37.15999999998894,0.619333333333149,0.0,561.9481166665041,0.9999991343680984,0.9999203729143302,0.9941456232084817,79178.64,47.5399999999936,0.2641111111110755,0.0,264.422863888851,0.9877879308689212,0.962204986782363,0.8822195441668709,79169.96,38.86000000000058,0.1295333333333352,0.0,151.70388166666015,0.9016633243312212,0.8459979735585839,0.7519115792049791,79296.28,165.17999999999302,0.2752999999999883,0.0,273.7943974999821,0.9901008378822518,0.9671043099872244,0.8903130275257727,79281.56,150.45999999999185,0.1671777777777687,0.0,183.2339272222065,0.9405522446338672,0.8908936382354566,0.7944489914109423,79063.04,-68.06000000001222,-0.0378111111111179,68.06000000001222,11.540358611097272,0.539119254853522,0.5309065346559148,0.520643248139437,78970.1,-161.0,-0.0447222222222222,161.0,5.751784722214076,0.5195208284042258,0.5154156070686909,0.5102921738274059,-0.0134671908041544,True,0.6367335954020772,0.7250435050451252,0.63,heartbeat:42485,two_side_all_heartbeats,0.6221152425128587,0.63,0.6883728221074905,0.013467190804154483,0.015769514974282806,2026-05-03 23:15:00+00:00,holdout,book_p_side,0.63,session_switch:book_margin,2,66.0,36.0,34.0,0.66
KXBTC15M-26MAY031930-30,heartbeat:42590,live_heartbeat_two_side,heartbeat:42590:no,2026-05-03 23:16:03.781000+00:00,2026-05-03 23:16:00+00:00,no,no,True,True,1,68.0,66.0,67.0,0.67,33.0,34.0,2.0,79011.99,79065.32,836.219,,42590,False,False,synced,bid>=98,latest_quote,-1.0,53.33000000000175,1.8442150768374572,14.285228558832207,,,93.9771280165318,0.5674785038187197,0.7148054364076206,136.43139588184744,0.390892430992839,0.6520616255227139,125.04271260144948,0.4264942665629884,0.6651261375342014,191.0008203442933,0.2792134604650934,0.6099594928456293,79066.87,54.879999999990105,0.9146666666665018,0.0,818.1916453331972,0.9999999989955892,0.9999999999699116,0.9999908097737912,79074.84,62.84999999999127,0.3491666666666181,0.0,345.30980083329456,0.9943133378590244,0.997123480633868,0.9646887298377114,79093.12,81.1299999999901,0.2704333333333003,0.0,279.4714915666408,0.9797415339580836,0.9872915957263826,0.928293018829303,79237.99,226.0,0.3766666666666666,0.0,368.3058233333351,0.9965285211773444,0.9983875222187656,0.9730907446135066,79131.1,119.11000000000058,0.1323444444444451,0.0,163.99893898889118,0.8853301643679736,0.905162872130008,0.8047275215356993,79281.56,269.56999999999243,0.1497611111111069,0.0,178.56308657222047,0.9047010272178632,0.9233564795787236,0.8250752507356214,79380.41,368.4199999999983,0.1023388888888884,0.0,138.90772332777914,0.8456968315758548,0.8666904703007168,0.7664673998977982,0.0179383744772861,True,0.6610308127613569,0.7672677198269325,0.6520616255227139,heartbeat:42590,two_side_all_heartbeats,0.6675630687671007,0.6520616255227139,0.7265667944484309,0.01793837447728619,0.004873862465798684,2026-05-03 23:30:00+00:00,holdout,book_p_side,0.67,session_switch:book_margin,2,70.0,32.0,30.0,0.7
KXBTC15M-26MAY031945-45,heartbeat:42654,live_heartbeat_two_side,heartbeat:42654:no,2026-05-03 23:30:35.143000+00:00,2026-05-03 23:30:00+00:00,no,no,True,True,1,63.0,62.0,62.5,0.625,37.5,25.0,1.0,78645.79,78646.76,864.857,,42654,False,False,synced,bid>=98,last_decisive_quote,-1.0,0.9700000000011642,0.0329837159568974,0.2554907651941995,,,86.03373952175757,0.0112746464979109,0.5044978378919615,150.50034786006452,0.0064451678271406,0.5025712321489392,145.44438705199642,0.0066692157714851,0.5026606124250362,150.6533760143999,0.0064386210628857,0.5025686204220694,78643.98,-1.809999999997672,-0.0301666666666278,1.809999999997672,-25.11985283329861,0.4337208511867206,0.4314392787614381,0.4337875531859396,78679.25,33.4600000000064,0.1858888888889244,0.0,161.7373067778097,0.8587374079463825,0.8669355783587991,0.8584928138467907,78745.18,99.38999999999942,0.331299999999998,0.0,287.49712409999944,0.9719511233705594,0.9759611375234232,0.9718260398684814,78982.03,336.24000000000524,0.5604000000000088,0.0,485.6358628000088,0.9993741048472572,0.9995795665278192,0.999366897550825,79066.87,421.08000000000175,0.4678666666666686,0.0,405.6077617333361,0.9964812227890104,0.9973543900876436,0.996452205591963,79168.26,522.4700000000012,0.2902611111111117,0.0,252.00435377222396,0.9529782811659616,0.9584211352267376,0.9528110326203458,79072.16,426.3700000000099,0.1184361111111138,0.0,103.40029974722576,0.7539723709540298,0.7614351736950652,0.7537524375767866,0.1224287678510608,True,0.5637856160744696,0.6998407851731662,0.5025712321489392,heartbeat:42654,two_side_all_heartbeats,0.5638303062125181,0.5025712321489392,0.6576615943187937,0.12242876785106083,0.12233938757496376,2026-05-03 23:45:00+00:00,holdout,book_p_side,0.625,session_switch:book_margin,2,65.0,37.0,35.0,0.65
KXBTC15M-26MAY032000-00,heartbeat:42720,live_heartbeat_two_side,heartbeat:42720:no,2026-05-03 23:45:36.396000+00:00,2026-05-03 23:45:00+00:00,no,no,True,True,1,69.0,68.0,68.5,0.685,31.5,37.0,1.0,78584.44,78585.0,863.604,,42720,False,False,synced,bid>=98,last_decisive_quote,-1.0,0.5599999999976717,0.0190559543782783,0.1476067879063206,,,45.84987032620754,0.012213775001182,0.5048724701081369,132.01408560982924,0.0042419715851592,0.501692296742291,146.4210353625735,0.0038245870793836,0.5015257857713122,135.57080797071157,0.00413068276556,0.5016478993158814,78611.19,26.75,0.4458333333333333,0.0,385.5834499999977,0.9982541909235336,0.9957731188611576,0.9977734824750388,78631.97,47.52999999999884,0.2640555555555491,0.0,228.5994339999921,0.95833019039199,0.9407672839074612,0.9541213137323474,78677.98,93.5399999999936,0.3117999999999786,0.0,269.83172719997924,0.9795213316624658,0.9673244043324876,0.9767231411993628,78609.28,24.839999999996508,0.0413999999999941,0.0,36.31320559999264,0.6083690353087514,0.5979348807745325,0.6055942121615975,78645.79,61.34999999999127,0.0681666666666569,0.0,59.4290059999893,0.6737066815941382,0.6575837001031843,0.6694378299178355,79066.87,482.429999999993,0.2680166666666628,0.0,232.02026539999437,0.9605872428929508,0.9434725364193952,0.956499334483971,79261.21,676.7700000000041,0.1879916666666678,0.0,162.91035529999866,0.8914055671704371,0.8670632610799756,0.8852528410850431,0.183307703257709,True,0.5933461483711455,0.7220712094682522,0.501692296742291,heartbeat:42720,two_side_all_heartbeats,0.5932628928856561,0.501692296742291,0.6889119553551805,0.18330770325770906,0.18347421422868782,2026-05-04 00:00:00+00:00,holdout,book_p_side,0.685,session_switch:book_margin,2,71.0,31.0,29.0,0.71
KXBTC15M-26MAY032015-15,heartbeat:42794,live_heartbeat_two_side,heartbeat:42794:no,2026-05-04 00:01:07.904000+00:00,2026-05-04 00:01:00+00:00,no,no,True,True,1,69.0,68.0,68.5,0.685,31.5,37.0,1.0,78463.24,78553.96,832.096,,42794,False,False,synced,bid>=98,latest_quote,-1.0,90.72000000000116,3.144968677330033,24.36082262328637,,,166.90267609203022,0.5435503020333725,0.7066245165141934,128.60553559465473,0.7054128702977214,0.7597233315557083,127.50896144126648,0.7114794048557038,0.7616063956115595,137.6417690969824,0.6591022521374297,0.7450849452183151,78558.89,95.64999999999418,1.5941666666665697,0.0,1417.2197066665872,1.0,1.0,1.0,78538.55,75.30999999999767,0.4183888888888759,0.0,438.8597208888793,0.9996780891220686,0.9997110661260348,0.9992847361893132,78574.66,111.41999999999824,0.3713999999999942,0.0,399.7604543999963,0.999059557974566,0.9991411855597871,0.9981599423634008,78528.16,64.91999999999825,0.108199999999997,0.0,180.75278719999875,0.9200610261375756,0.9218417234553796,0.9054441955833848,78521.98,58.73999999999069,0.0652666666666563,0.0,145.0281322666592,0.8702761387762585,0.8723135279974388,0.8539815373450379,78692.98,229.7399999999907,0.1276333333333281,0.0,196.9231861333302,0.937142310373102,0.9387526997772668,0.9237409633607868,79131.1,667.8600000000006,0.1855166666666668,0.0,245.087676266668,0.9716575031523624,0.9727047446153804,0.962512718576786,-0.0747233315557082,True,0.7223616657778542,0.8145942965100915,0.685,heartbeat:42794,two_side_all_heartbeats,0.7233031978057798,0.685,0.7702289110616257,0.0747233315557082,0.07660639561155946,2026-05-04 00:15:00+00:00,holdout,book_p_side,0.685,session_switch:book_margin,2,71.0,31.0,29.0,0.71
KXBTC15M-26MAY032030-30,heartbeat:42940,live_heartbeat_two_side,heartbeat:42940:no,2026-05-04 00:17:09.296000+00:00,2026-05-04 00:17:00+00:00,no,no,True,True,1,65.0,64.0,64.5,0.645,35.5,29.0,1.0,78465.51,78487.82,770.704,,42940,False,False,synced,bid>=98,last_decisive_quote,-1.0,22.310000000012224,0.8036293022473413,6.224885808256478,,,111.3170337719114,0.2004185634853099,0.5794233787765228,114.09723080291684,0.1955349822516628,0.5775129228457201,114.79204822237998,0.1943514411102096,0.577049645370256,131.031296209516,0.1702646668803386,0.5675990013824745,78497.02,31.510000000009317,0.5251666666668219,0.0,427.05805066679847,0.9999090568701632,0.9999004972340926,0.9994413784026954,78469.0,3.4900000000052387,0.0193888888889179,0.0,37.25309422225688,0.627978110188973,0.6272303760165231,0.6119123789444634,78448.58,-16.929999999993015,-0.05643333333331,16.929999999993015,-21.18339573330316,0.4263553421711575,0.4267960488068795,0.4357841691088357,78532.5,66.99000000000524,0.1116500000000087,0.0,108.35910160001896,0.8288697866912504,0.8274049548656603,0.7958732928868189,78498.22,32.7100000000064,0.0363444444444515,0.0,50.32080871112881,0.6704059691689019,0.6694391193424234,0.6495243261313425,78569.96,104.45000000001164,0.0580277777777842,0.0,67.03224044446165,0.7215663700392203,0.7203713355942402,0.6955255035285337,78983.96,518.4500000000116,0.1440138888888921,0.0,133.30208022223695,0.8786611507826713,0.8772295477438824,0.8455017862758651,0.0674870771542799,True,0.61125646142286,0.5496227550056259,0.5775129228457201,heartbeat:42940,two_side_all_heartbeats,0.611024822685128,0.4263553421711575,0.5810249452879476,0.06748707715427993,0.06795035462974397,2026-05-04 00:30:00+00:00,holdout,book_p_side,0.645,session_switch:book_margin,2,67.0,35.0,33.0,0.67
KXBTC15M-26MAY032045-45,heartbeat:43089,live_heartbeat_two_side,heartbeat:43089:no,2026-05-04 00:30:40.452000+00:00,2026-05-04 00:30:00+00:00,no,no,True,True,1,61.0,60.0,60.5,0.605,39.5,21.0,1.0,78351.7,78383.24,859.548,,43089,False,False,synced,mid>=95,last_decisive_quote,-1.0,31.54000000000815,1.0757878175324875,8.333016602712295,,,214.32990527407784,0.1471563194117772,0.5584956813854653,169.7997682292348,0.1857481922909823,0.573678883040542,159.98554148310805,0.1971428149545518,0.5781421103337822,139.85323701362535,0.2255221307243344,0.5892134445296138,78423.47,71.77000000000407,1.1961666666667343,0.0,1059.7026660000663,0.999999999782464,0.9999999999824888,0.9999999999999823,78300.79,-50.91000000000349,-0.2828333333333527,50.91000000000349,-211.56882600000856,0.1063840194141134,0.0930133901401241,0.0651662799640019,78324.48,-27.220000000001164,-0.0907333333333372,27.220000000001164,-46.44965519999519,0.3922131298396991,0.3857793777675034,0.3698950101818547,78431.26,79.55999999999767,0.1325999999999961,0.0,145.5160648000048,0.8042737551714831,0.8184720654665654,0.8509441287905766,78505.96,154.2600000000093,0.1714000000000103,0.0,178.86652720001703,0.8539204077653872,0.8682200962903832,0.899544216430412,78558.89,207.19000000000236,0.1151055555555568,0.0,130.47875006667593,0.7788832688577165,0.7926257666697673,0.8245820412041045,78645.79,294.0899999999965,0.0816916666666656,0.0,101.7579087000073,0.7255075047760329,0.7376262603773929,0.7665722777681476,0.0313211169594579,True,0.5893394415202711,0.5236306709600804,0.573678883040542,heartbeat:43089,two_side_all_heartbeats,0.5915710551668911,0.3922131298396991,0.5530462908801024,0.03132111695945794,0.026857889666217827,2026-05-04 00:45:00+00:00,holdout,book_p_side,0.605,session_switch:book_margin,2,63.0,39.0,37.0,0.63
KXBTC15M-26MAY032100-00,heartbeat:43155,live_heartbeat_two_side,heartbeat:43155:yes,2026-05-04 00:45:42.029000+00:00,2026-05-04 00:45:00+00:00,yes,yes,True,True,1,70.0,69.0,69.5,0.695,30.5,39.0,1.0,78380.62,78375.15,857.971,,43155,False,False,synced,bid>=98,last_decisive_quote,1.0,5.470000000001164,0.1867458769252015,1.446527342608411,,,56.62308388900316,0.096603710435904,0.5384794451110562,98.12176570604512,0.055747060406437,0.522228345508095,138.21186422114874,0.0395769207717853,0.5157847862120771,133.6746630416491,0.0409202452846047,0.5163202612196622,78366.49,14.129999999990105,0.2354999999998351,0.0,207.52217049985967,0.982782696601982,0.9333841043552664,0.9397217580321284,78351.7,28.919999999998254,0.1606666666666569,0.0,143.3173406666595,0.9279383418701196,0.8501179719546448,0.8581703935600744,78319.35,61.26999999998952,0.2042333333332984,0.0,180.69627723330453,0.967229603895746,0.9044592008624088,0.9117742050062874,78410.29,-29.669999999998254,-0.049449999999997,29.669999999998254,-36.956665949996335,0.353220260159909,0.3945839043428302,0.3910946067662654,78351.7,28.919999999998254,0.0321333333333313,0.0,33.03946813333283,0.6318356508770664,0.5944663751606477,0.5976090688367705,78505.96,-125.34000000001106,-0.0696333333333394,125.34000000001106,-54.27338063333744,0.2900896806113807,0.3472769980560491,0.342367267225444,78584.44,-203.82000000000696,-0.0566166666666686,203.82000000000696,-43.105458116667165,0.3302199959094064,0.3775660210443903,0.3735500603296562,0.1727716544919049,True,0.6086141727540475,0.7281526498012804,0.522228345508095,heartbeat:43155,two_side_all_heartbeats,0.6053923931060385,0.522228345508095,0.6976144244315777,0.1727716544919049,0.17921521378792282,2026-05-04 01:00:00+00:00,holdout,book_p_side,0.695,session_switch:book_margin,2,72.0,30.0,28.0,0.72
KXBTC15M-26MAY032115-15,heartbeat:43223,live_heartbeat_two_side,heartbeat:43223:no,2026-05-04 01:01:13.732000+00:00,2026-05-04 01:01:00+00:00,no,no,True,True,1,69.0,68.0,68.5,0.685,31.5,37.0,1.0,78503.94,78535.22,826.268,,43223,False,False,synced,bid>=98,last_decisive_quote,-1.0,31.27999999999884,1.0881938762327723,8.429113520188848,,,126.86472598716112,0.2465618378678752,0.5973763291146803,119.6273164322324,0.2614787402484166,0.603138328891957,111.0805345804625,0.281597492469221,0.6108739184246326,129.19921436640985,0.2421067353497099,0.5956512703093397,78537.44,33.5,0.5583333333333333,0.0,492.6129666666656,0.999980882724344,0.9999953907640508,0.9999313040914696,78522.05,18.110000000000586,0.1006111111111143,0.0,114.41174155555709,0.8305652793930713,0.8484924424421858,0.8120686683422425,78455.82,-48.11999999999534,-0.1603999999999844,48.11999999999534,-101.25338719998834,0.1986628926291354,0.1810077433836399,0.2166081655324171,78455.13,-48.80999999999767,-0.0813499999999961,48.80999999999767,-35.936901799997955,0.3819333033097895,0.3731502979885677,0.3904481906644047,78434.0,-69.94000000000233,-0.0777111111111137,69.94000000000233,-32.93020435555886,0.3915531437426035,0.3834419172603934,0.399408165167406,78334.43,-169.5100000000093,-0.0941722222222274,169.5100000000093,-46.53149371111655,0.3486489949068869,0.3376450764234402,0.359366333818041,78463.24,-40.69999999999709,-0.0113055555555547,40.69999999999709,21.93858122222173,0.5727544078093655,0.5782824779115587,0.5674179745921046,0.0818616711080431,True,0.6440691644459785,0.49560040717369747,0.603138328891957,heartbeat:43223,two_side_all_heartbeats,0.6479369592123163,0.1986628926291354,0.5631740771934142,0.0818616711080431,0.07412608157536749,2026-05-04 01:15:00+00:00,holdout,book_p_side,0.685,session_switch:book_margin,2,71.0,31.0,29.0,0.71
KXBTC15M-26MAY032130-30,heartbeat:43299,live_heartbeat_two_side,heartbeat:43299:yes,2026-05-04 01:16:00.076000+00:00,2026-05-04 01:16:00+00:00,yes,yes,True,True,1,62.0,61.0,61.5,0.615,38.5,23.0,1.0,78473.61,78452.78,839.924,,43299,False,False,synced,bid>=98,last_decisive_quote,1.0,20.830000000001743,0.7187357950289431,5.567303528940489,,,74.90421347221643,0.2780884950848331,0.6095277864249279,103.92075411838243,0.2004411936452369,0.5794322273736108,111.32250037124597,0.1871140149613638,0.5742143800624637,126.8774395338832,0.1641741831843871,0.5652029879185592,78444.02,29.589999999996508,0.4931666666666084,0.0,435.05251933328617,0.9999858285183396,0.9999534755897936,0.9996970053184328,78415.84,57.77000000000408,0.320944444444467,0.0,290.3989415555763,0.9974004095973514,0.9954546937278784,0.9889549378596232,78414.1,59.50999999999476,0.1983666666666492,0.0,187.4429241333204,0.9643616251073992,0.9538881848430696,0.9302096481140696,78449.99,23.619999999995343,0.0393666666666589,0.0,53.89500813332856,0.6979858673766534,0.6858546158462395,0.6645014975853792,78503.94,-30.330000000001743,-0.0337000000000019,30.330000000001743,-7.475438799999885,0.4713272034865415,0.4732306695259647,0.4765084788118435,78434.0,39.61000000000058,0.0220055555555558,0.0,39.31299424444646,0.647395315895554,0.6380101640145798,0.6216625452975799,78497.02,-23.41000000000349,-0.0065027777777787,23.41000000000349,15.36816087777871,0.5587826298919293,0.5548998676485026,0.548204395027665,0.0355677726263892,True,0.5972161136868054,0.7195979508270033,0.5794322273736108,heartbeat:43299,two_side_all_heartbeats,0.5946071900312319,0.5794322273736108,0.6742019932335631,0.035567772626389216,0.040785619937536266,2026-05-04 01:30:00+00:00,holdout,book_p_side,0.615,session_switch:book_margin,2,64.0,38.0,36.0,0.64
KXBTC15M-26MAY032145-45,heartbeat:43371,live_heartbeat_two_side,heartbeat:43371:yes,2026-05-04 01:30:46.396000+00:00,2026-05-04 01:30:00+00:00,yes,yes,True,True,1,84.0,83.0,83.5,0.835,16.5,67.0,1.0,78592.02,78573.32,853.604,,43371,True,False,synced,bid>=98,last_decisive_quote,1.0,18.69999999999709,0.6400492393229901,4.957800089301332,,,122.2521530887217,0.1529625411703464,0.5607860922929185,128.7274800621222,0.1452681276054865,0.5577504108792057,118.8859017511514,0.1572936717016236,0.5624932962849261,114.24155997947072,0.1636882409812811,0.5650117124889296,78545.46,46.55999999999767,0.7759999999999612,0.0,681.096703999964,0.9999999391743012,0.9999999949486232,0.999999998753388,78479.64,112.38000000000466,0.6243333333333592,0.0,551.6334306666859,0.9999908745841496,0.9999982581559368,0.9999993127190075,78416.29,175.73000000001048,0.5857666666667016,0.0,518.7127697333603,0.9999720571683516,0.999993588802627,0.9999971938306622,78440.16,151.86000000000058,0.253100000000001,0.0,234.74717239999796,0.9658935637762583,0.9758408659209952,0.9800523656330156,78444.02,148.0,0.1644444444444444,0.0,159.07043555555265,0.8917176787204684,0.9095532883272356,0.9180999934233836,78537.44,54.58000000000175,0.0303222222222231,0.0,44.5831701777757,0.6354555035620941,0.6461727600691344,0.6518254528868775,78351.7,240.32000000000696,0.0667555555555575,0.0,75.68280924444319,0.7217105218876995,0.7378074084866112,0.7461683457617682,0.2772495891207942,True,0.6963752054396029,0.7975741560158524,0.5577504108792057,heartbeat:43371,two_side_all_heartbeats,0.698746648142463,0.5577504108792057,0.784819534697432,0.2772495891207942,0.2725067037150739,2026-05-04 01:45:00+00:00,holdout,book_p_side,0.835,session_switch:book_margin,1,85.0,16.0,15.0,0.85
KXBTC15M-26MAY032200-00,heartbeat:43447,live_heartbeat_two_side,heartbeat:43447:yes,2026-05-04 01:46:47.686000+00:00,2026-05-04 01:46:00+00:00,yes,yes,True,True,1,63.0,62.0,62.5,0.625,37.5,25.0,1.0,78839.12,78814.54,792.314,,43447,False,False,synced,bid>=98,last_decisive_quote,1.0,24.580000000001743,0.8732391809260004,6.76408160996441,,,211.5001060578558,0.1162174358119607,0.5462598906962784,337.0740837914898,0.0729216548585404,0.5290657691340113,271.3716397860267,0.0905768930732142,0.5360856034496686,205.8996986809441,0.1193785137009363,0.5475122584321975,78787.6,51.51999999998952,0.858666666666492,0.0,704.9136213331967,0.9817481595666868,0.9953060429568086,0.9996909871208238,78782.63,56.48999999999069,0.3138333333332816,0.0,273.2345436666274,0.7912042440716003,0.8430001180307096,0.9077501919773416,78863.14,-24.020000000004075,-0.0800666666666802,24.020000000004075,-38.85794093334234,0.4541115474971224,0.4430697204815088,0.4251550912971314,78910.77,-71.65000000000873,-0.1194166666666812,71.65000000000873,-70.0354968333431,0.4177024090159623,0.3981727197280054,0.3668741358752256,78759.98,79.13999999999942,0.0879333333333326,0.0,94.2508110666679,0.6101133703521299,0.6358217865392978,0.6764343600846546,78473.61,365.5099999999948,0.2030611111111082,0.0,185.46816118888836,0.7089190714383062,0.7528378178602934,0.8161445467377006,78434.0,405.11999999999534,0.112533333333332,0.0,113.74173546666738,0.6321067748193212,0.6624417795825221,0.7096673955343898,0.0959342308659887,True,0.5770328845670056,0.5360591055437113,0.5290657691340113,heartbeat:43447,two_side_all_heartbeats,0.5805428017248343,0.4541115474971224,0.5620420402396279,0.09593423086598873,0.0889143965503314,2026-05-04 02:00:00+00:00,holdout,book_p_side,0.625,session_switch:book_margin,2,65.0,37.0,35.0,0.65
KXBTC15M-26MAY032215-15,heartbeat:43515,live_heartbeat_two_side,heartbeat:43515:yes,2026-05-04 02:00:34.132000+00:00,2026-05-04 02:00:00+00:00,yes,yes,True,True,1,78.0,76.0,77.0,0.77,23.0,54.0,2.0,79763.38,79653.81,865.868,,43515,True,False,synced,bid>=98,latest_quote,1.0,109.57000000000698,3.7236239657476538,28.84306721375896,,,1091.089988261365,0.1004225143469651,0.5399955518752961,610.7467432624062,0.1794033307729492,0.5711894918805129,513.4197683227876,0.2134121176477961,0.5844972351533698,376.8032561793136,0.2907883575928141,0.6143934049647334,79546.0,217.38000000000463,3.6230000000000775,0.0,3246.6097640000744,0.9999999469061948,0.9999999998721476,1.0,79350.0,413.3800000000047,2.296555555555581,0.0,2098.083965777807,0.9997040252964632,0.9999781024384266,0.9999999871245272,79236.0,527.3800000000047,1.757933333333349,0.0,1631.7082194666873,0.9962261565708316,0.9992588260265456,0.9999925580097502,78974.01,789.3700000000099,1.315616666666683,0.0,1248.7203719333545,0.9795518420235136,0.9924955166517692,0.9995401179377502,78787.6,975.7799999999988,1.0841999999999987,0.0,1048.344085600006,0.9569643119142884,0.9794185263093108,0.9973004578015086,78592.02,1171.3600000000006,0.6507555555555559,0.0,673.0384113777851,0.8647675626847533,0.905053052134578,0.9629649346844696,78537.44,1225.9400000000023,0.3405388888888895,0.0,404.431726644452,0.7460759722542216,0.7845701505226113,0.8584369650177,0.198810508119487,True,0.6705947459402565,0.7791385494837816,0.5711894918805129,heartbeat:43515,two_side_all_heartbeats,0.677248617576685,0.5711894918805129,0.7556020788783202,0.19881050811948708,0.1855027648466302,2026-05-04 02:15:00+00:00,holdout,book_p_side,0.77,session_switch:book_margin,2,80.0,22.0,20.0,0.8
KXBTC15M-26MAY032230-30,heartbeat:43591,live_heartbeat_two_side,heartbeat:43591:no,2026-05-04 02:17:05.641000+00:00,2026-05-04 02:17:00+00:00,no,no,True,True,1,79.0,78.0,78.5,0.785,21.5,57.0,1.0,79785.73,79919.51,774.359,,43591,False,False,synced,bid>=98,latest_quote,-1.0,133.77999999999884,4.80750800947718,37.238796914927775,,,240.93546806544475,0.5552524129144011,0.7106389883867623,317.5927116183881,0.4212313290134495,0.6632069152863664,480.4814553571868,0.2784290600779746,0.6096584928099135,387.9436966620933,0.3448438553095602,0.6348941193739627,79932.06,146.33000000000175,2.4388333333333625,0.0,2022.312541166688,0.9999999999040136,0.9999871708251872,0.9999999070455284,79935.25,149.52000000000407,0.8306666666666893,0.0,777.0142093333498,0.9927889493167656,0.9470778607095568,0.9774062346419976,79918.78,133.0500000000029,0.4435000000000097,0.0,477.2082165000064,0.9335262104545616,0.839690726419086,0.8906695306637282,79804.91,19.180000000007567,0.0319666666666792,0.0,158.53367603334195,0.6911712091376012,0.6292802007787583,0.6586021922965152,79686.12,-99.61000000000058,-0.1106777777777784,99.61000000000058,48.0756666777761,0.5601601322217118,0.5398505739633972,0.5493124096335517,78875.99,-909.7399999999908,-0.5054111111111059,909.7399999999908,-257.5896425888861,0.2086629877677255,0.2959421782969725,0.2533492569656708,78456.49,-1329.2399999999907,-0.3692333333333307,1329.2399999999907,-152.13915476666585,0.3159555990743935,0.3757587798738042,0.3474669945567098,0.1217930847136335,True,0.7241034576431833,0.7939110419136428,0.6632069152863664,heartbeat:43591,two_side_all_heartbeats,0.6973292464049567,0.6632069152863664,0.7781673166768223,0.12179308471363359,0.17534150719008657,2026-05-04 02:30:00+00:00,holdout,book_p_side,0.785,session_switch:book_margin,2,81.0,21.0,19.0,0.81
KXBTC15M-26MAY032245-45,heartbeat:43651,live_heartbeat_two_side,heartbeat:43651:yes,2026-05-04 02:30:36.949000+00:00,2026-05-04 02:30:00+00:00,yes,yes,True,True,1,61.0,60.0,60.5,0.605,39.5,21.0,1.0,79704.19,79693.73,863.051,,43651,False,False,synced,bid>=98,latest_quote,1.0,10.460000000006405,0.3560520203881959,2.757967090693973,,,257.90970262569124,0.0405568301367365,0.516175399810583,239.24222394612403,0.0437213792259427,0.5174367513239714,283.39347239724947,0.0369098127473592,0.5147215421804987,417.9225645351499,0.0250285600435117,0.5099839084400482,79684.83,19.360000000000586,0.3226666666666763,0.0,288.9377893333481,0.8864226460349968,0.8460323630015316,0.7553324712279802,79748.97,-44.77999999999884,-0.2487777777777713,44.77999999999884,-204.2479098888769,0.1966277138562674,0.235540287302554,0.3125192984346611,79701.1,3.0899999999965075,0.0102999999999883,0.0,19.349425299996355,0.5322304998388647,0.527217671244805,0.5184640589914637,79869.9,-165.70999999999185,-0.2761833333333197,165.70999999999185,-227.9003020166485,0.1703983382975906,0.2106455567524921,0.2927677381783462,79934.04,-229.84999999999127,-0.2553888888888792,229.84999999999127,-209.9536359444297,0.1900864730442339,0.22939050492347,0.3077020593593305,79763.38,-59.19000000000233,-0.0328833333333346,59.19000000000233,-17.91999371666138,0.470145889238465,0.4747902387302715,0.482899097393666,78592.02,1112.1699999999985,0.3089361111111106,0.0,277.0876196305616,0.8766064629975814,0.835900703346485,0.7463385229785107,0.0875632486760286,True,0.5612183756619857,0.5515557503876121,0.5174367513239714,heartbeat:43651,two_side_all_heartbeats,0.5598607710902493,0.5174367513239714,0.5641771253649643,0.0875632486760286,0.09027845781950128,2026-05-04 02:45:00+00:00,holdout,book_p_side,0.605,session_switch:book_margin,2,63.0,39.0,37.0,0.63
KXBTC15M-26MAY032300-00,heartbeat:43720,live_heartbeat_two_side,heartbeat:43720:no,2026-05-04 02:46:23.320000+00:00,2026-05-04 02:46:00+00:00,no,yes,True,False,1,65.0,63.0,64.0,0.64,36.0,28.0,2.0,80109.7,80136.39,816.68,,43720,False,False,synced,bid>=98,latest_quote,-1.0,26.69000000000233,0.93394782217996,7.234328723059342,,,206.64842265140047,0.1291565629079407,0.5513831169845338,249.74560412470143,0.1068687478746398,0.5425534466245786,256.23257847851613,0.1041631792431896,0.5414800731583727,385.6169480530704,0.0692137628668984,0.52759026590174,80154.14,44.44000000000233,0.7406666666667054,0.0,631.5776533333673,0.9942787074831436,0.9931466766603532,0.9492721354684924,80200.86,91.16000000000348,0.5064444444444638,0.0,440.293048888907,0.9610469014413328,0.9571321079155494,0.8732290563154016,80143.49,33.79000000000815,0.1126333333333605,0.0,118.67539066669116,0.6826724779723481,0.6783733525930195,0.6208654661249713,79769.12,-340.58000000000175,-0.5676333333333362,340.58000000000175,-436.8847906666667,0.0401179259146455,0.0440942118856712,0.1286175877592723,79808.0,-301.6999999999971,-0.335222222222219,301.6999999999971,-247.07928444443945,0.1612523575400065,0.1674534343148555,0.2608465847862482,79932.06,-177.63999999999942,-0.0986888888888885,177.63999999999942,-53.907241777775184,0.4145528775830382,0.4166839790415962,0.4444110633846942,78839.12,-1270.5800000000015,-0.3529388888888893,1270.5800000000015,-261.54813177777584,0.1474902546295898,0.1536876263688102,0.2488037726023387,0.0974465533754214,True,0.5912767233122893,0.6217419748656422,0.5425534466245786,heartbeat:43720,two_side_all_heartbeats,0.5907400365791864,0.5425534466245786,0.6193005295818432,0.09744655337542141,0.09851992684162736,2026-05-04 03:00:00+00:00,holdout,book_p_side,0.64,session_switch:book_margin,2,67.0,-65.0,-67.0,0.67
KXBTC15M-26MAY032315-15,heartbeat:43801,live_heartbeat_two_side,heartbeat:43801:no,2026-05-04 03:00:39.715000+00:00,2026-05-04 03:00:00+00:00,no,yes,True,False,1,62.0,60.0,61.0,0.61,39.0,22.0,2.0,80166.46,80207.18,860.285,,43801,False,False,synced,bid>=98,latest_quote,-1.0,40.71999999998661,1.3883104544031355,10.753806538537992,,,330.4314909834766,0.1232328065306064,0.5490386261513784,281.14360083144123,0.1448370152461701,0.5575802217938779,271.67297523623154,0.1498860899380175,0.5595727568214104,277.8355077874838,0.1465615404030118,0.5582609439479275,80249.33,82.86999999999534,1.3811666666665892,0.0,1228.9169658332532,0.999993819916577,0.9999969589595604,0.9999951371086556,80355.03,188.56999999999243,1.047611111111069,0.0,941.9641247221726,0.9995966320510944,0.9997371153047172,0.9996510034588812,80244.89,78.42999999999302,0.26143333333331,0.0,265.62717516663326,0.8276219569877789,0.8359000270765817,0.8304788203816362,80129.71,-36.75,-0.06125,36.75,-11.972456250013389,0.4830162388216707,0.4824245550285013,0.4828141433454501,80154.14,-12.320000000006983,-0.0136888888888966,12.320000000006983,28.94365422220216,0.5409985606963332,0.5424224781943224,0.5414849636619663,79704.19,-462.2700000000041,-0.2568166666666689,462.2700000000041,-180.21552608334864,0.2607584782814346,0.2535517279128699,0.2582851955461738,79763.38,-403.08000000000175,-0.1119666666666671,403.08000000000175,-55.603243833347136,0.4216104585841173,0.4189150724144713,0.4206894223722424,0.052419778206122,True,0.583790110896939,0.665067392927219,0.5575802217938779,heartbeat:43801,two_side_all_heartbeats,0.5847863784107052,0.5575802217938779,0.6377984579357192,0.05241977820612209,0.0504272431785896,2026-05-04 03:15:00+00:00,holdout,book_p_side,0.61,session_switch:book_margin,2,64.0,-62.0,-64.0,0.64
KXBTC15M-26MAY032330-30,heartbeat:43886,live_heartbeat_two_side,heartbeat:43886:no,2026-05-04 03:16:10.999000+00:00,2026-05-04 03:16:00+00:00,no,no,True,True,1,61.0,59.0,60.0,0.6,40.0,20.0,2.0,80310.05,80311.33,829.001,,43886,False,False,synced,bid>=98,last_decisive_quote,-1.0,1.2799999999988358,0.0444562107322328,0.3443563276028504,,,287.92485908204293,0.0044456043291284,0.5017735336869811,274.5869411366688,0.0046615472487518,0.5018596815544599,269.1810215373674,0.0047551643599849,0.5018970289643138,261.79990595197404,0.0048892301750239,0.5019505128643994,80366.05,56.0,0.9333333333333332,0.0,775.0142666666655,0.9976172593340312,0.9980062974580496,0.9984634545190124,80371.78,61.729999999995925,0.3429444444444218,0.0,285.58128738886893,0.8508392441806513,0.8556383545093758,0.8623279151475431,80298.98,-11.070000000006983,-0.0369000000000232,11.070000000006983,-29.310136900020463,0.4574965742665601,0.4566463196771851,0.4554290461399903,80208.51,-101.54000000000816,-0.1692333333333469,101.54000000000816,-139.0146025666791,0.306334235127858,0.3027751810696899,0.2977109082554159,80160.0,-150.0500000000029,-0.1667222222222254,150.0500000000029,-136.93288894444828,0.309000014966727,0.305480605827955,0.3004717919339338,80109.7,-200.35000000000585,-0.1113055555555588,200.35000000000585,-90.99241686111496,0.3701790151183697,0.36766867183768,0.3640835443914643,79932.06,-377.9900000000053,-0.1049972222222236,377.9900000000053,-85.76280221944681,0.3773934007036675,0.3750124913930783,0.3716111726521901,0.09814031844554,True,0.55092984077723,0.5197854186070067,0.5018596815544599,heartbeat:43886,two_side_all_heartbeats,0.5509485144821569,0.4574965742665601,0.54205721931965,0.09814031844554005,0.09810297103568622,2026-05-04 03:30:00+00:00,holdout,book_p_side,0.6,session_switch:book_margin,2,63.0,39.0,37.0,0.63
KXBTC15M-26MAY032345-45,heartbeat:43964,live_heartbeat_two_side,heartbeat:43964:yes,2026-05-04 03:34:12.627000+00:00,2026-05-04 03:34:00+00:00,yes,no,True,False,1,62.0,61.0,61.5,0.615,38.5,23.0,1.0,80084.81,80058.2,647.373,,43964,False,False,synced,bid>=98,latest_quote,1.0,26.610000000000586,1.0458456235472706,8.101085365404982,,,93.13458321308408,0.2857155643153429,0.6124520085891944,93.07981541174703,0.2858836782420423,0.6125163924271789,168.41690435769104,0.1580007666183266,0.5627719026849788,206.92325637845036,0.1285984014833619,0.5511622843812669,80074.61,10.19999999999709,0.1699999999999515,0.0,136.6634099999692,0.928980335557706,0.7914489307923729,0.7455189180182012,80081.69,3.1199999999953434,0.0173333333333074,0.0,37.83113199998384,0.6577894324385963,0.5888656125822888,0.5725330689723626,80047.1,37.70999999999185,0.1256999999999728,0.0,107.984786099983,0.8770022775709179,0.7392956541741896,0.6991157844037595,80130.61,-45.80000000000291,-0.0763333333333381,45.80000000000291,-22.80613900000256,0.4032216264291569,0.446141967282427,0.456119256362844,80235.1,-150.29000000000815,-0.1669888888888979,150.29000000000815,-81.49409796667196,0.1906430098817587,0.3142344085964148,0.3468505795483212,80101.02,-16.210000000006403,-0.0090055555555591,16.210000000006403,20.780046483331613,0.5883294370504143,0.5490987104894479,0.5399961135480347,79751.56,333.25,0.0925694444444444,0.0,86.53695895833391,0.8237386037978447,0.6963131232572982,0.6621024724444031,0.002483607572821,True,0.6137581962135894,0.7015062233326989,0.6125163924271789,heartbeat:43964,two_side_all_heartbeats,0.5888859513424893,0.6125163924271789,0.6666553732423373,0.002483607572821067,0.052228097315021205,2026-05-04 03:45:00+00:00,holdout,book_p_side,0.615,session_switch:book_margin,2,64.0,-62.0,-64.0,0.64
KXBTC15M-26MAY040000-00,heartbeat:44022,live_heartbeat_two_side,heartbeat:44022:yes,2026-05-04 03:47:13.963000+00:00,2026-05-04 03:47:00+00:00,yes,yes,True,True,1,80.0,78.0,79.0,0.79,21.0,58.0,2.0,80067.86,79976.46,766.037,,44022,False,False,synced,bid>=98,latest_quote,1.0,91.39999999999418,3.3023364818263383,25.5797883953732,,,143.5758694756265,0.6365972244069209,0.7378063831975517,142.13744964527638,0.6430395383348688,0.739900777605154,127.01056235243404,0.7196251894891526,0.7641221007646248,203.0694321585397,0.4500923601767728,0.6736780773540525,79974.44,93.41999999999824,1.5569999999999709,0.0,1284.119608999972,1.0,1.0,0.9999999998721888,79970.97,96.88999999999942,0.5382777777777745,0.0,503.7406940555472,0.999802976677226,0.9999634758374,0.9934425299884112,79916.58,151.27999999999884,0.5042666666666628,0.0,477.6869245333245,0.9996113293153196,0.999915382816496,0.9906719672829098,80019.41,48.44999999999709,0.0807499999999951,0.0,153.25748774999045,0.8595354180750912,0.8862168110765032,0.7747869556630098,80064.42,3.4400000000023283,0.0038222222222248,0.0,94.3279636444406,0.7465393246869281,0.7711617053587938,0.6788591221520062,80254.7,-186.8399999999965,-0.103799999999998,186.8399999999965,11.885359399995664,0.533320230479434,0.5372776973480469,0.5233361890451382,80056.92,10.940000000002328,0.0030388888888895,0.0,93.72790132777246,0.7451861002318328,0.7697286761565142,0.6778000991682036,0.0500992223948459,True,0.764950388802577,0.8431707023068246,0.739900777605154,heartbeat:44022,two_side_all_heartbeats,0.7770610503823124,0.739900777605154,0.8168924991446102,0.05009922239484599,0.0258778992353752,2026-05-04 04:00:00+00:00,holdout,book_p_side,0.79,session_switch:book_margin,2,82.0,20.0,18.0,0.82
KXBTC15M-26MAY040015-15,heartbeat:44082,live_heartbeat_two_side,heartbeat:44082:yes,2026-05-04 04:00:45.169000+00:00,2026-05-04 04:00:00+00:00,yes,yes,True,True,1,58.0,57.0,57.5,0.575,42.5,15.0,1.0,80305.37,80276.76,854.831,,44082,False,False,synced,bid>=98,latest_quote,1.0,28.610000000000586,0.978538069202562,7.579723291302967,,,162.03069003395044,0.1765714877472033,0.5700775041858157,183.76685487790635,0.1556863995904425,0.5618598910009936,160.88699703749234,0.1778266766538842,0.5705704518493927,190.27515490368447,0.1503611967336602,0.5597601731531605,80264.99,40.379999999990105,0.6729999999998351,0.0,603.9112629998596,0.9994924186534764,0.9999128561334878,0.999247930952666,80286.0,19.369999999995343,0.1076111111110852,0.0,120.59931372220068,0.7441724110650411,0.7732492177389167,0.7368993325161967,80188.69,116.67999999999302,0.38893333333331,0.0,361.08227026664736,0.9752867084510978,0.9875941631277728,0.971131192312492,80213.65,91.72000000000116,0.1528666666666686,0.0,159.28516553333557,0.8069683177934224,0.8389236318191754,0.7987404352547309,79983.87,321.5,0.3572222222222222,0.0,333.97462944444504,0.9654207020040207,0.9810453268124536,0.9603891004179004,80099.0,206.36999999999531,0.1146499999999974,0.0,126.61637414999836,0.7545900975024262,0.7843559877755943,0.7471149001007447,80166.46,138.90999999998894,0.038586111111108,0.0,61.59460394722018,0.6312545856740609,0.6490822420226252,0.6269224608999026,0.0131401089990063,True,0.5684299455004969,0.7040488664840305,0.5618598910009936,heartbeat:44082,two_side_all_heartbeats,0.5727852259246964,0.5618598910009936,0.6511153089905176,0.013140108999006306,0.004429548150607254,2026-05-04 04:15:00+00:00,holdout,brownian_p_rv_15m,0.5618598910009936,session_switch:frontier_v2,2,60.0,42.0,40.0,0.6
KXBTC15M-26MAY040030-30,heartbeat:44149,live_heartbeat_two_side,heartbeat:44149:yes,2026-05-04 04:16:01.419000+00:00,2026-05-04 04:16:00+00:00,yes,no,True,False,1,68.0,67.0,67.5,0.675,32.5,35.0,1.0,80486.77,80420.24,838.581,,44149,False,False,synced,bid>=98,latest_quote,1.0,66.52999999999884,2.297444423390324,17.795927981255655,,,110.8712182088954,0.600065563225326,0.7257687290999265,113.85774216024171,0.5843256570674437,0.720499383265,149.92076533254033,0.4437677452648281,0.6713947447452903,143.86404778841546,0.4624504942183068,0.6781208519647147,80424.0,62.77000000000408,1.0461666666667346,0.0,943.8254895000558,1.0,0.99999999984679,0.999999999973193,80424.61,62.16000000000349,0.3453333333333527,0.0,356.11997200001514,0.999119287631822,0.9912347417892764,0.993345507262397,80414.37,72.40000000000873,0.2413333333333624,0.0,268.9075480000232,0.9909064154945024,0.9635666291004386,0.9692009898683974,80404.04,82.73000000001048,0.1378833333333508,0.0,182.15634355001347,0.9451850764771188,0.887820278886136,0.8972738898984989,80330.4,156.3700000000099,0.1737444444444554,0.0,212.22878996667475,0.9688378888771758,0.921554606956096,0.9299211199134678,79974.44,512.3300000000017,0.2846277777777787,0.0,305.2134465166663,0.9963261003033516,0.9791163709462644,0.9830618407166072,80310.05,176.72000000000116,0.0490888888888892,0.0,107.69500953333244,0.8278934185209499,0.763728069570806,0.7729474464098175,-0.0454993832649999,True,0.6977496916325,0.7954685995865008,0.675,heartbeat:44149,two_side_all_heartbeats,0.6731973723726452,0.675,0.7518310980784004,0.045499383264999915,0.0036052552547097827,2026-05-04 04:30:00+00:00,holdout,brownian_p_rv_15m,0.720499383265,session_switch:frontier_v2,2,70.0,-68.0,-70.0,0.7
KXBTC15M-26MAY040045-45,heartbeat:44248,live_heartbeat_two_side,heartbeat:44248:yes,2026-05-04 04:35:03.054000+00:00,2026-05-04 04:35:00+00:00,yes,no,True,False,1,69.0,68.0,68.5,0.685,31.5,37.0,1.0,80389.64,80338.42,596.946,,44248,False,False,synced,bid>=98,latest_quote,1.0,51.22000000000117,2.0963898624743647,16.238566049042543,,,82.59778692777333,0.620113466778352,0.7324084566606556,137.4507023023909,0.3726426940134318,0.6452928036897931,131.7331897605733,0.3888162132344487,0.6512939468503139,133.57043790856946,0.3834680847199277,0.6493136351386335,80338.59,51.05000000000291,0.8508333333333818,0.0,559.1215550000302,0.9999762701512652,0.9999890385247828,0.9999858023211512,80353.19,36.44999999999709,0.2024999999999838,0.0,172.10156499999152,0.8947326773416514,0.9042985876790522,0.90120887919604,80332.43,57.2100000000064,0.1907000000000213,0.0,165.05760220001392,0.8850951997959416,0.8948915044771499,0.8917213708948015,80235.38,154.25999999999476,0.2570999999999913,0.0,204.694816599996,0.9317857383420558,0.939890986056934,0.93729871634694,80514.26,-124.61999999999534,-0.1384666666666615,124.61999999999534,-31.43712279999575,0.4095449762039762,0.4056914473879382,0.4069647096686639,80462.88,-73.24000000000524,-0.0406888888888918,73.24000000000524,26.93093053333276,0.5776681326785135,0.5809933749237839,0.5798944385876738,80043.23,346.4100000000035,0.0962250000000009,0.0,108.66112885000176,0.7853955706119434,0.7952737928354174,0.7920376613479851,0.0397071963102069,True,0.6651464018448966,0.7384626678285783,0.6452928036897931,heartbeat:44248,two_side_all_heartbeats,0.668146973425157,0.6452928036897931,0.7131068810661263,0.039707196310206916,0.03370605314968611,2026-05-04 04:45:00+00:00,holdout,brownian_p_rv_15m,0.6452928036897931,session_switch:frontier_v2,2,71.0,-69.0,-71.0,0.71
KXBTC15M-26MAY040100-00,heartbeat:44306,live_heartbeat_two_side,heartbeat:44306:yes,2026-05-04 04:48:04.187000+00:00,2026-05-04 04:48:00+00:00,yes,no,True,False,1,59.0,57.0,58.0,0.58,42.0,16.0,2.0,80354.43,80333.91,715.813,,44306,False,False,synced,bid>=98,latest_quote,1.0,20.519999999989523,0.7669685675149918,5.940912978100244,,,55.30252117494623,0.3710499912847685,0.6446998512423752,108.10950208418863,0.1898075525684124,0.5752700313038709,128.33230720093047,0.1598973824094136,0.5635190447374232,139.38493728320014,0.1472182030565993,0.5585201034094409,80344.42,10.00999999999476,0.166833333333246,0.0,139.94146883326033,0.902243586448,0.8622450972339218,0.8423089499779566,80327.47,26.95999999999185,0.1497777777777325,0.0,127.73288044440156,0.8813006844146265,0.840211886615347,0.8202724177016613,80351.59,2.8399999999965075,0.009466666666655,0.0,27.296363066647856,0.5996680955276921,0.5842197637757378,0.5776301009662839,80364.26,-9.830000000001746,-0.0163833333333362,9.830000000001746,8.792597016654106,0.5324104301274899,0.5273118778090947,0.5251491573734907,80347.92,6.509999999994761,0.0072333333333275,0.0,25.69771403331869,0.5939434144836883,0.5793549372172372,0.5731364657934435,80456.11,-101.68000000000757,-0.056488888888893,101.68000000000757,-19.91548102223571,0.4269220730306168,0.43833702428653,0.4431920204448047,80102.96,251.4699999999866,0.069852777777774,0.0,70.5215264194313,0.7429012356823097,0.7086766326129876,0.6935534130554806,0.004729968696129,True,0.5776350156519354,0.5849793756105209,0.5752700313038709,heartbeat:44306,two_side_all_heartbeats,0.5717595223687115,0.5752700313038709,0.5825146284966997,0.004729968696129072,0.016480955262576757,2026-05-04 05:00:00+00:00,holdout,brownian_p_rv_15m,0.5752700313038709,session_switch:frontier_v2,2,61.0,-59.0,-61.0,0.61
KXBTC15M-26MAY040115-15,heartbeat:44368,live_heartbeat_two_side,heartbeat:44368:yes,2026-05-04 05:00:35.134000+00:00,2026-05-04 05:00:00+00:00,yes,no,True,False,1,65.0,64.0,64.5,0.645,35.5,29.0,1.0,80327.86,80313.51,864.866,,44368,False,False,synced,bid>=98,last_decisive_quote,1.0,14.35000000000582,0.487952434282402,3.779663303434224,,,118.07226896526991,0.1215357350693986,0.5483666440076177,119.9126794111951,0.1196704140918904,0.5476278809851278,117.64812425287336,0.121973895386227,0.548540153828963,140.2390762657163,0.1023252604204004,0.5407507471882829,80325.98,1.8800000000046568,0.0313333333334109,0.0,41.44913466673961,0.6352012451872546,0.6376987752796088,0.6162171371456102,80264.09,63.77000000000408,0.3542777777778004,0.0,320.7528045555809,0.9962622720658512,0.9967982816548367,0.9889075057396092,80261.72,66.13999999999942,0.2204666666666647,0.0,205.02412413333747,0.9563465822121244,0.9593060467940394,0.9281241137935984,80296.22,31.639999999999414,0.0527333333333323,0.0,59.95726706667165,0.6914651840140097,0.6948454038186,0.6655055497438845,80327.47,0.3899999999994179,0.0004333333333326,0.0,14.724775266671928,0.5488656060664429,0.5498013430153399,0.541811168429708,80332.43,-4.569999999992433,-0.0025388888888846,4.569999999992433,12.154201322231678,0.5403671664562479,0.5411414413556868,0.5345321831534515,80305.37,22.49000000000524,0.0062472222222236,0.0,19.753010094451525,0.5654210737669667,0.5666686572570869,0.5560067257311055,0.0973721190148722,True,0.5963139404925639,0.7163248210657507,0.5476278809851278,heartbeat:44368,two_side_all_heartbeats,0.5967700769144815,0.5476278809851278,0.6780576807379632,0.0973721190148722,0.09645984617103698,2026-05-04 05:15:00+00:00,holdout,book_p_side,0.645,session_switch:book_margin,2,67.0,-65.0,-67.0,0.67
KXBTC15M-26MAY040130-30,heartbeat:44468,live_heartbeat_two_side,heartbeat:44468:no,2026-05-04 05:16:36.762000+00:00,2026-05-04 05:16:00+00:00,no,no,True,True,1,67.0,66.0,66.5,0.665,33.5,33.0,1.0,80135.11,80140.36,803.238,,44468,False,False,synced,bid>=98,latest_quote,-1.0,5.25,0.1852410271003819,1.434870825988272,,,42.563410384830746,0.123345379341855,0.5490831961782314,116.1690299416382,0.0451927678369831,0.5180231706037999,125.85500550169684,0.041714669822403,0.516636920343162,138.522366081505,0.0379000167879818,0.5151163001673863,80145.98,10.869999999995343,0.181166666666589,0.0,150.7699509999377,0.902830521590366,0.8845347703080215,0.8617942358482233,80183.98,48.86999999999534,0.2714999999999741,0.0,223.32911699997925,0.9727254016255678,0.9620093714087335,0.9465434243426902,80199.34,64.22999999999593,0.2140999999999864,0.0,177.2232557999891,0.9364407216192184,0.9204572940524384,0.8996190126810986,80331.24,196.13000000000463,0.3268833333333411,0.0,267.8151149000062,0.989427676428034,0.9833300296464492,0.9734047397784152,80385.69,250.58000000000172,0.2784222222222242,0.0,228.8893089333349,0.9755987250854468,0.9655194598023789,0.9507697695677204,80323.99,188.88000000000463,0.1049333333333359,0.0,89.53644080000208,0.7795702945680032,0.7615896513145217,0.7409795080071107,80486.77,351.6600000000035,0.0976833333333343,0.0,83.71296530000079,0.7644263114687418,0.74702401318547,0.7271872529371745,0.1469768293962001,True,0.5915115853019,0.7064879640743394,0.5180231706037999,heartbeat:44468,two_side_all_heartbeats,0.590818460171581,0.5180231706037999,0.6751950955049837,0.14697682939620016,0.14836307965683804,2026-05-04 05:30:00+00:00,holdout,book_p_side,0.665,session_switch:book_margin,2,69.0,33.0,31.0,0.69
KXBTC15M-26MAY040145-45,heartbeat:44531,live_heartbeat_two_side,heartbeat:44531:no,2026-05-04 05:30:53.210000+00:00,2026-05-04 05:30:00+00:00,no,yes,True,False,1,62.0,61.0,61.5,0.615,38.5,23.0,1.0,79995.43,80025.17,846.79,,44531,False,False,synced,bid>=98,last_decisive_quote,-1.0,29.74000000000524,1.0220051961035634,7.916418208493094,,,172.22053410054875,0.1726855636311168,0.5685507040679927,142.72878046870767,0.208367225603287,0.5825288775684695,138.58889786494345,0.2145915037796694,0.5849570906851772,128.34914646465842,0.2317117084077711,0.591619031568386,80027.24,31.810000000012224,0.5301666666668704,0.0,478.6798316668444,0.99960141034491,0.9997237853371042,0.999904074959108,80011.98,16.55000000000291,0.0919444444444606,0.0,107.59763611113004,0.7745336018342767,0.7812376485771979,0.7990744523623645,80048.06,52.63000000000466,0.1754333333333488,0.0,178.2951923333517,0.8942019841324222,0.9008664144005596,0.9176052155408394,80029.79,34.36000000000058,0.0572666666666676,0.0,78.23284066667273,0.7081960671320238,0.7137915963458396,0.7289138816380963,80145.98,150.5500000000029,0.167277777777781,0.0,171.3891494444524,0.8850861883317099,0.8918957486231824,0.9091166893174712,80327.86,332.4300000000076,0.1846833333333375,0.0,186.12799983334213,0.9038947584881032,0.9103676461839196,0.9264943517212456,80332.43,337.0,0.0936111111111111,0.0,109.00895277778302,0.7774915607760442,0.7842312501093242,0.8021471929793258,0.0324711224315305,True,0.5987644387842348,0.697243620566964,0.5825288775684695,heartbeat:44531,two_side_all_heartbeats,0.5999785453425885,0.5825288775684695,0.6610990600970252,0.0324711224315305,0.030042909314822785,2026-05-04 05:45:00+00:00,holdout,book_p_side,0.615,session_switch:book_margin,2,64.0,-62.0,-64.0,0.64
KXBTC15M-26MAY040200-00,heartbeat:44603,live_heartbeat_two_side,heartbeat:44603:no,2026-05-04 05:47:24.365000+00:00,2026-05-04 05:47:00+00:00,no,no,True,True,1,61.0,60.0,60.5,0.605,39.5,21.0,1.0,80057.55,80069.15,755.635,,44603,False,False,synced,bid>=98,latest_quote,-1.0,11.599999999991269,0.4219898026527546,3.2687189558869467,,,64.0036290671164,0.1812397229511331,0.571910291773169,79.33833070197696,0.1462092773739468,0.5581219090096609,105.40563291974138,0.1100510445093936,0.5438155534693263,117.45329569148522,0.0987626607810223,0.5393366420591673,80060.93,3.3799999999901047,0.0563333333331684,0.0,54.16743833319998,0.7526143713513154,0.6963373334480942,0.6776662652195404,80069.3,11.75,0.0652777777777777,0.0,60.92617361110239,0.7787351989664829,0.7183734417075184,0.6980243691140327,80047.58,-9.970000000001164,-0.0332333333333372,9.970000000001164,-13.512269833344998,0.432382386976183,0.448998099009822,0.4542052147907632,80022.89,-34.66000000000349,-0.0577666666666724,34.66000000000349,-32.050515166679794,0.3431164181217472,0.3805379156638038,0.3924731891544419,80035.86,-21.69000000000233,-0.0241000000000025,21.69000000000233,-6.610803500010686,0.466796876361038,0.4749956337766325,0.477557571437031,80061.62,4.069999999992433,0.0022611111111069,0.0,13.308574694432536,0.5666078870280393,0.550237164250579,0.5451074087224499,80344.42,286.86999999999534,0.0796861111111098,0.0,71.81361456943473,0.8173087878168198,0.7521614296173057,0.7295401203319636,0.0468780909903391,True,0.5815609545048304,0.5318347653286145,0.5581219090096609,heartbeat:44603,two_side_all_heartbeats,0.5744077767346631,0.432382386976183,0.5564130500981348,0.04687809099033913,0.061184446530673675,2026-05-04 06:00:00+00:00,holdout,book_p_side,0.605,session_switch:book_margin,2,63.0,39.0,37.0,0.63
KXBTC15M-26MAY040215-15,heartbeat:44678,live_heartbeat_two_side,heartbeat:44678:no,2026-05-04 06:04:40.913000+00:00,2026-05-04 06:04:00+00:00,no,no,True,True,1,64.0,63.0,63.5,0.635,36.5,27.0,1.0,79983.81,80014.34,619.087,,44678,False,False,synced,bid>=98,latest_quote,-1.0,30.52999999999884,1.2270180799502612,9.504441178285528,,,100.98992027688804,0.3023073977709214,0.6187911302928559,77.04324347346353,0.3962709593153936,0.6540474257370185,71.82920928336748,0.4250360028266141,0.6645947852670174,95.80799160189252,0.3186581775647593,0.6250071340063725,80024.54,40.729999999995925,0.6788333333332655,0.0,450.78689183329016,0.9999999975581794,0.9999999998260972,0.9999987313383832,80026.53,42.72000000000117,0.2373333333333398,0.0,177.45998133333617,0.9893713060061636,0.9932553383772348,0.9680047560533852,80012.0,28.19000000000233,0.0939666666666744,0.0,88.7035417666703,0.8752053378311688,0.8915704164939244,0.8227372514847581,80001.06,17.25,0.02875,0.0,48.32875124999883,0.7347666763372533,0.7494718516230677,0.6930215749991507,80038.82,55.01000000000931,0.0611222222222325,0.0,68.36997318889414,0.8125744915311184,0.8294111407543219,0.7622672093268481,80007.64,23.830000000001743,0.0132388888888898,0.0,38.72602400555499,0.6923959001341458,0.7051049872780741,0.6569688377690031,80292.76,308.9499999999971,0.0858194444444436,0.0,83.6597024027761,0.8612339142229521,0.8779304022313299,0.808723429386445,-0.0190474257370184,True,0.6445237128685093,0.7214175878560626,0.635,heartbeat:44678,two_side_all_heartbeats,0.6497973926335088,0.635,0.6887552952873393,0.019047425737018453,0.02959478526701742,2026-05-04 06:15:00+00:00,holdout,book_p_side,0.635,session_switch:book_margin,2,66.0,36.0,34.0,0.66
KXBTC15M-26MAY040230-30,heartbeat:44739,live_heartbeat_two_side,heartbeat:44739:no,2026-05-04 06:15:26.884000+00:00,2026-05-04 06:15:00+00:00,no,no,True,True,1,79.0,78.0,78.5,0.785,21.5,57.0,1.0,79898.0,79950.36,873.116,,44739,True,False,synced,bid>=98,last_decisive_quote,-1.0,52.36000000000058,1.7719997834279235,13.725851301398995,,,150.12689234980266,0.3487716236608651,0.6363696158281502,119.27084388054269,0.4390008345412768,0.6696695341853137,96.9939142660431,0.5398276829655843,0.7053420630046303,110.49108274290512,0.4738843959184818,0.6822088264471795,79970.98,72.97999999999593,1.216333333333265,0.0,1114.360094666608,1.0,1.0,1.0,79960.59,62.58999999999651,0.3477222222222028,0.0,355.96183577776145,0.9985797112335798,0.9998786962479048,0.9993626909213764,79927.76,29.75999999999476,0.0991999999999825,0.0,138.97310719998535,0.8780288054767235,0.9240428335957838,0.895763734124978,79984.01,86.00999999999476,0.1433499999999912,0.0,177.52117859999294,0.9316755741392412,0.9663922285131435,0.9459350920905256,80013.53,115.52999999999884,0.1283666666666653,0.0,164.4389905333328,0.916006724810057,0.9549958273771836,0.9316582716687896,80076.99,178.99000000000524,0.0994388888888918,0.0,139.18168491111425,0.8783823040148433,0.924349720100121,0.8961047759057152,80145.98,247.97999999999595,0.0688833333333322,0.0,112.50314046666624,0.8272254437468096,0.87695502727462,0.8457109484103258,0.1153304658146863,True,0.7273347670926569,0.7775661132206791,0.6696695341853137,heartbeat:44739,two_side_all_heartbeats,0.7451710315023152,0.6696695341853137,0.7690066213509388,0.11533046581468631,0.07965793699536972,2026-05-04 06:30:00+00:00,holdout,book_p_side,0.785,session_switch:book_margin,2,81.0,21.0,19.0,0.81
KXBTC15M-26MAY040245-45,heartbeat:44812,live_heartbeat_two_side,heartbeat:44812:yes,2026-05-04 06:31:13.416000+00:00,2026-05-04 06:31:00+00:00,yes,yes,True,True,1,62.0,60.0,61.0,0.61,39.0,22.0,2.0,79691.16,79652.01,826.584,,44812,False,False,synced,bid>=98,last_decisive_quote,1.0,39.15000000000873,1.3617214204493573,10.547848767148537,,,353.6643736526856,0.1106981729475975,0.5440721525734099,226.5763738568284,0.1727894190095356,0.5685915228241352,176.35500507495104,0.2219954006032884,0.5878412681024968,138.42393927189022,0.2828268015340243,0.6113451959354673,79694.18,-3.0199999999895226,-0.0503333333331587,3.0199999999895226,-2.454727999846924,0.4956779446499481,0.4944472051460435,0.492925765105959,79597.71,93.44999999999708,0.5191666666666505,0.0,468.2848599999953,0.9806228347509188,0.9960387317929388,0.9996414754675088,79614.94,76.22000000000116,0.2540666666666705,0.0,249.15744160001196,0.8642603039983163,0.9211453078331616,0.964066458807965,79780.67,-89.50999999999476,-0.1491833333333246,89.50999999999476,-84.16255639998404,0.3551499424185157,0.3165978484281527,0.2715918172447922,79879.39,-188.22999999999595,-0.2091444444444399,188.22999999999595,-133.7254514666542,0.2775281742103767,0.2241434227585306,0.167007764819633,80026.53,-335.36999999999534,-0.186316666666664,335.36999999999534,-114.85637559998912,0.306105042167922,0.2574330833629151,0.2033418866904426,79988.27,-297.1100000000006,-0.0825305555555557,297.1100000000006,-29.06843673332473,0.4489580737676618,0.4345392494852962,0.4168355012823927,0.0414084771758648,True,0.5892957614120675,0.680950608940817,0.5685915228241352,heartbeat:44812,two_side_all_heartbeats,0.5989206340512484,0.5685915228241352,0.6484295176469038,0.04140847717586482,0.02215873189750317,2026-05-04 06:45:00+00:00,holdout,book_p_side,0.61,session_switch:book_margin,2,64.0,38.0,36.0,0.64
