2026-05-06 18:06:30 -04:00 | exit_guard_v2_refresh_ok
2026-05-06 18:07:41 -04:00 | exit_guard_v2_refresh_ok
2026-05-06 18:08:50 -04:00 | exit_guard_v2_refresh_ok
2026-05-06 18:10:00 -04:00 | exit_guard_v2_refresh_ok
2026-05-06 18:11:09 -04:00 | exit_guard_v2_refresh_ok
2026-05-06 18:12:17 -04:00 | exit_guard_v2_refresh_ok
2026-05-06 18:14:14 -04:00 | exit_guard_v2_refresh_ok
2026-05-06 18:16:10 -04:00 | exit_guard_v2_refresh_ok
2026-05-06 18:17:56 -04:00 | exit_guard_v2_refresh_ok
2026-05-06 18:19:40 -04:00 | exit_guard_v2_refresh_ok
2026-05-06 18:21:10 -04:00 | exit_guard_v2_refresh_ok
2026-05-06 18:22:45 -04:00 | exit_guard_v2_refresh_ok
2026-05-06 18:24:19 -04:00 | exit_guard_v2_refresh_ok
2026-05-06 18:25:53 -04:00 | exit_guard_v2_refresh_ok
2026-05-06 18:27:35 -04:00 | exit_guard_v2_refresh_ok
2026-05-06 18:29:12 -04:00 | exit_guard_v2_refresh_ok
2026-05-06 18:30:48 -04:00 | exit_guard_v2_refresh_ok
2026-05-06 18:32:29 -04:00 | exit_guard_v2_refresh_ok
2026-05-06 18:34:15 -04:00 | exit_guard_v2_refresh_ok
2026-05-06 18:36:01 -04:00 | exit_guard_v2_refresh_ok
2026-05-06 18:37:11 -04:00 | exit_guard_v2_refresh_ok
2026-05-06 18:38:18 -04:00 | exit_guard_v2_refresh_ok
2026-05-06 18:39:26 -04:00 | exit_guard_v2_refresh_ok
2026-05-06 18:40:34 -04:00 | exit_guard_v2_refresh_ok
2026-05-06 18:41:43 -04:00 | exit_guard_v2_refresh_ok
2026-05-06 18:42:52 -04:00 | exit_guard_v2_refresh_ok
2026-05-06 18:44:00 -04:00 | exit_guard_v2_refresh_ok
2026-05-06 18:45:07 -04:00 | exit_guard_v2_refresh_ok
2026-05-06 18:46:15 -04:00 | exit_guard_v2_refresh_ok
2026-05-06 18:47:23 -04:00 | exit_guard_v2_refresh_ok
2026-05-06 18:48:32 -04:00 | exit_guard_v2_refresh_ok
2026-05-06 18:49:40 -04:00 | exit_guard_v2_refresh_ok
2026-05-06 18:50:48 -04:00 | exit_guard_v2_refresh_ok
2026-05-06 18:51:57 -04:00 | exit_guard_v2_refresh_ok
2026-05-06 18:53:06 -04:00 | exit_guard_v2_refresh_ok
2026-05-06 18:54:15 -04:00 | exit_guard_v2_refresh_ok
2026-05-06 18:55:24 -04:00 | exit_guard_v2_refresh_ok
2026-05-06 18:56:33 -04:00 | exit_guard_v2_refresh_ok
2026-05-06 18:57:41 -04:00 | exit_guard_v2_refresh_ok
2026-05-06 18:58:49 -04:00 | exit_guard_v2_refresh_ok
2026-05-06 19:00:35 -04:00 | exit_guard_v2_refresh_ok
2026-05-06 19:02:17 -04:00 | exit_guard_v2_refresh_ok
2026-05-06 19:03:58 -04:00 | exit_guard_v2_refresh_ok
2026-05-06 19:05:40 -04:00 | exit_guard_v2_refresh_ok
2026-05-06 19:07:24 -04:00 | exit_guard_v2_refresh_ok
2026-05-06 19:09:04 -04:00 | exit_guard_v2_refresh_ok
2026-05-06 19:10:40 -04:00 | exit_guard_v2_refresh_ok
2026-05-06 19:12:25 -04:00 | exit_guard_v2_refresh_ok
2026-05-06 19:14:09 -04:00 | exit_guard_v2_refresh_ok
2026-05-06 19:15:51 -04:00 | exit_guard_v2_refresh_ok
2026-05-06 19:17:00 -04:00 | exit_guard_v2_refresh_ok
2026-05-06 19:18:34 -04:00 | exit_guard_v2_refresh_ok
2026-05-06 19:20:16 -04:00 | exit_guard_v2_refresh_ok
2026-05-06 19:22:03 -04:00 | exit_guard_v2_refresh_ok
2026-05-06 19:23:12 -04:00 | exit_guard_v2_refresh_ok
2026-05-06 19:24:22 -04:00 | exit_guard_v2_refresh_ok
2026-05-06 19:25:31 -04:00 | exit_guard_v2_refresh_ok
2026-05-06 19:26:40 -04:00 | exit_guard_v2_refresh_ok
2026-05-06 19:27:48 -04:00 | exit_guard_v2_refresh_ok
2026-05-06 19:29:02 -04:00 | exit_guard_v2_refresh_ok
2026-05-06 19:30:12 -04:00 | exit_guard_v2_refresh_ok
2026-05-06 19:31:22 -04:00 | exit_guard_v2_refresh_ok
2026-05-06 19:32:30 -04:00 | exit_guard_v2_refresh_ok
2026-05-06 19:33:38 -04:00 | exit_guard_v2_refresh_ok
2026-05-06 19:34:46 -04:00 | exit_guard_v2_refresh_ok
2026-05-06 19:35:55 -04:00 | exit_guard_v2_refresh_ok
2026-05-06 19:37:04 -04:00 | exit_guard_v2_refresh_ok
2026-05-06 19:38:12 -04:00 | exit_guard_v2_refresh_ok
2026-05-06 19:39:23 -04:00 | exit_guard_v2_refresh_ok
2026-05-06 19:40:32 -04:00 | exit_guard_v2_refresh_ok
2026-05-06 19:41:40 -04:00 | exit_guard_v2_refresh_ok
2026-05-06 19:42:50 -04:00 | exit_guard_v2_refresh_ok
2026-05-06 19:43:58 -04:00 | exit_guard_v2_refresh_ok
2026-05-06 19:45:06 -04:00 | exit_guard_v2_refresh_ok
2026-05-06 19:46:14 -04:00 | exit_guard_v2_refresh_ok
2026-05-06 19:47:51 -04:00 | exit_guard_v2_refresh_ok
2026-05-06 19:48:58 -04:00 | exit_guard_v2_refresh_ok
2026-05-06 19:50:07 -04:00 | exit_guard_v2_refresh_ok
2026-05-06 19:51:16 -04:00 | exit_guard_v2_refresh_ok
2026-05-06 19:52:25 -04:00 | exit_guard_v2_refresh_ok
2026-05-06 19:53:33 -04:00 | exit_guard_v2_refresh_ok
2026-05-06 19:54:42 -04:00 | exit_guard_v2_refresh_ok
2026-05-06 19:55:51 -04:00 | exit_guard_v2_refresh_ok
2026-05-06 19:56:59 -04:00 | exit_guard_v2_refresh_ok
2026-05-06 19:58:08 -04:00 | exit_guard_v2_refresh_ok
2026-05-06 19:59:16 -04:00 | exit_guard_v2_refresh_ok
2026-05-06 20:00:41 -04:00 | exit_guard_v2_refresh_ok
2026-05-06 20:01:50 -04:00 | exit_guard_v2_refresh_ok
2026-05-06 20:02:59 -04:00 | exit_guard_v2_refresh_ok
2026-05-06 20:04:07 -04:00 | exit_guard_v2_refresh_ok
2026-05-06 20:05:16 -04:00 | exit_guard_v2_refresh_ok
2026-05-06 20:06:26 -04:00 | exit_guard_v2_refresh_ok
2026-05-06 20:07:34 -04:00 | exit_guard_v2_refresh_ok
2026-05-06 20:08:42 -04:00 | exit_guard_v2_refresh_ok
2026-05-06 20:09:51 -04:00 | exit_guard_v2_refresh_ok
2026-05-06 20:10:58 -04:00 | exit_guard_v2_refresh_ok
2026-05-06 20:12:07 -04:00 | exit_guard_v2_refresh_ok
2026-05-06 20:13:15 -04:00 | exit_guard_v2_refresh_ok
2026-05-06 20:14:26 -04:00 | exit_guard_v2_refresh_ok
2026-05-06 20:15:33 -04:00 | exit_guard_v2_refresh_ok
2026-05-06 20:17:29 -04:00 | exit_guard_v2_refresh_ok
2026-05-06 20:19:15 -04:00 | exit_guard_v2_refresh_ok
2026-05-06 20:20:55 -04:00 | exit_guard_v2_refresh_ok
2026-05-06 20:22:34 -04:00 | exit_guard_v2_refresh_ok
2026-05-06 20:24:01 -04:00 | exit_guard_v2_refresh_ok
2026-05-06 20:25:42 -04:00 | exit_guard_v2_refresh_ok
2026-05-06 20:26:51 -04:00 | exit_guard_v2_refresh_ok
2026-05-06 20:27:59 -04:00 | exit_guard_v2_refresh_ok
2026-05-06 20:29:08 -04:00 | exit_guard_v2_refresh_ok
2026-05-06 20:30:17 -04:00 | exit_guard_v2_refresh_ok
2026-05-06 20:31:27 -04:00 | exit_guard_v2_refresh_ok
2026-05-06 20:33:10 -04:00 | exit_guard_v2_refresh_ok
2026-05-06 20:34:52 -04:00 | exit_guard_v2_refresh_ok
2026-05-06 20:36:46 -04:00 | exit_guard_v2_refresh_ok
2026-05-06 20:38:31 -04:00 | exit_guard_v2_refresh_ok
2026-05-06 20:39:39 -04:00 | exit_guard_v2_refresh_ok
2026-05-06 20:40:48 -04:00 | exit_guard_v2_refresh_ok
2026-05-06 20:41:58 -04:00 | exit_guard_v2_refresh_ok
2026-05-06 20:43:06 -04:00 | exit_guard_v2_refresh_ok
2026-05-06 20:44:14 -04:00 | exit_guard_v2_refresh_ok
2026-05-06 20:45:24 -04:00 | exit_guard_v2_refresh_ok
2026-05-06 20:46:31 -04:00 | exit_guard_v2_refresh_ok
2026-05-06 20:47:42 -04:00 | exit_guard_v2_refresh_ok
2026-05-06 20:48:50 -04:00 | exit_guard_v2_refresh_ok
2026-05-06 20:50:00 -04:00 | exit_guard_v2_refresh_ok
2026-05-06 20:51:11 -04:00 | exit_guard_v2_refresh_ok
2026-05-06 20:52:21 -04:00 | exit_guard_v2_refresh_ok
2026-05-06 20:53:30 -04:00 | exit_guard_v2_refresh_ok
2026-05-06 20:54:39 -04:00 | exit_guard_v2_refresh_ok
2026-05-06 20:55:49 -04:00 | exit_guard_v2_refresh_ok
2026-05-06 20:56:57 -04:00 | exit_guard_v2_refresh_ok
2026-05-06 20:58:08 -04:00 | exit_guard_v2_refresh_ok
2026-05-06 20:59:32 -04:00 | exit_guard_v2_refresh_ok
2026-05-06 21:00:48 -04:00 | exit_guard_v2_refresh_ok
2026-05-06 21:02:40 -04:00 | exit_guard_v2_refresh_ok
2026-05-06 21:04:29 -04:00 | exit_guard_v2_refresh_ok
2026-05-06 21:05:39 -04:00 | exit_guard_v2_refresh_ok
2026-05-06 21:06:48 -04:00 | exit_guard_v2_refresh_ok
2026-05-06 21:07:58 -04:00 | exit_guard_v2_refresh_ok
2026-05-06 21:09:08 -04:00 | exit_guard_v2_refresh_ok
2026-05-06 21:10:17 -04:00 | exit_guard_v2_refresh_ok
2026-05-06 21:11:26 -04:00 | exit_guard_v2_refresh_ok
2026-05-06 21:12:38 -04:00 | exit_guard_v2_refresh_ok
2026-05-06 21:13:46 -04:00 | exit_guard_v2_refresh_ok
2026-05-06 21:14:55 -04:00 | exit_guard_v2_refresh_ok
2026-05-06 21:16:05 -04:00 | exit_guard_v2_refresh_ok
2026-05-06 21:17:14 -04:00 | exit_guard_v2_refresh_ok
2026-05-06 21:18:22 -04:00 | exit_guard_v2_refresh_ok
2026-05-06 21:19:32 -04:00 | exit_guard_v2_refresh_ok
2026-05-06 21:20:41 -04:00 | exit_guard_v2_refresh_ok
2026-05-06 21:21:52 -04:00 | exit_guard_v2_refresh_ok
2026-05-06 21:23:01 -04:00 | exit_guard_v2_refresh_ok
2026-05-06 21:24:11 -04:00 | exit_guard_v2_refresh_ok
2026-05-06 21:25:19 -04:00 | exit_guard_v2_refresh_ok
2026-05-06 21:26:50 -04:00 | exit_guard_v2_refresh_ok
2026-05-06 21:28:43 -04:00 | exit_guard_v2_refresh_ok
2026-05-06 21:30:28 -04:00 | exit_guard_v2_refresh_ok
2026-05-06 21:32:16 -04:00 | exit_guard_v2_refresh_ok
2026-05-06 21:34:04 -04:00 | exit_guard_v2_refresh_ok
2026-05-06 21:35:17 -04:00 | exit_guard_v2_refresh_ok
2026-05-06 21:36:26 -04:00 | exit_guard_v2_refresh_ok
2026-05-06 21:37:35 -04:00 | exit_guard_v2_refresh_ok
2026-05-06 21:38:44 -04:00 | exit_guard_v2_refresh_ok
2026-05-06 21:39:54 -04:00 | exit_guard_v2_refresh_ok
2026-05-06 21:41:04 -04:00 | exit_guard_v2_refresh_ok
2026-05-06 21:42:14 -04:00 | exit_guard_v2_refresh_ok
2026-05-06 21:43:24 -04:00 | exit_guard_v2_refresh_ok
2026-05-06 21:44:32 -04:00 | exit_guard_v2_refresh_ok
2026-05-06 21:45:42 -04:00 | exit_guard_v2_refresh_ok
2026-05-06 21:46:51 -04:00 | exit_guard_v2_refresh_ok
2026-05-06 21:48:01 -04:00 | exit_guard_v2_refresh_ok
2026-05-06 21:49:12 -04:00 | exit_guard_v2_refresh_ok
2026-05-06 21:50:21 -04:00 | exit_guard_v2_refresh_ok
2026-05-06 21:51:30 -04:00 | exit_guard_v2_refresh_ok
2026-05-06 21:52:39 -04:00 | exit_guard_v2_refresh_ok
2026-05-06 21:53:49 -04:00 | exit_guard_v2_refresh_ok
2026-05-06 21:54:59 -04:00 | exit_guard_v2_refresh_ok
2026-05-06 21:56:08 -04:00 | exit_guard_v2_refresh_ok
2026-05-06 21:57:18 -04:00 | exit_guard_v2_refresh_ok
2026-05-06 21:58:26 -04:00 | exit_guard_v2_refresh_ok
2026-05-06 21:59:37 -04:00 | exit_guard_v2_refresh_ok
2026-05-06 22:00:47 -04:00 | exit_guard_v2_refresh_ok
2026-05-06 22:01:55 -04:00 | exit_guard_v2_refresh_ok
2026-05-06 22:03:05 -04:00 | exit_guard_v2_refresh_ok
2026-05-06 22:04:14 -04:00 | exit_guard_v2_refresh_ok
2026-05-06 22:05:58 -04:00 | exit_guard_v2_refresh_ok
2026-05-06 22:07:08 -04:00 | exit_guard_v2_refresh_ok
2026-05-06 22:08:16 -04:00 | exit_guard_v2_refresh_ok
2026-05-06 22:09:27 -04:00 | exit_guard_v2_refresh_ok
2026-05-06 22:10:36 -04:00 | exit_guard_v2_refresh_ok
2026-05-06 22:11:46 -04:00 | exit_guard_v2_refresh_ok
2026-05-06 22:13:34 -04:00 | exit_guard_v2_refresh_ok
2026-05-06 22:15:24 -04:00 | exit_guard_v2_refresh_ok
2026-05-06 22:17:06 -04:00 | exit_guard_v2_refresh_ok
2026-05-06 22:18:53 -04:00 | exit_guard_v2_refresh_ok
2026-05-06 22:20:48 -04:00 | exit_guard_v2_refresh_ok
2026-05-06 22:22:37 -04:00 | exit_guard_v2_refresh_ok
2026-05-06 22:24:30 -04:00 | exit_guard_v2_refresh_ok
2026-05-06 22:26:17 -04:00 | exit_guard_v2_refresh_ok
2026-05-06 22:27:58 -04:00 | exit_guard_v2_refresh_ok
2026-05-06 22:29:08 -04:00 | exit_guard_v2_refresh_ok
2026-05-06 22:30:17 -04:00 | exit_guard_v2_refresh_ok
2026-05-06 22:31:28 -04:00 | exit_guard_v2_refresh_ok
2026-05-06 22:32:39 -04:00 | exit_guard_v2_refresh_ok
2026-05-06 22:33:48 -04:00 | exit_guard_v2_refresh_ok
2026-05-06 22:34:59 -04:00 | exit_guard_v2_refresh_ok
2026-05-06 22:36:10 -04:00 | exit_guard_v2_refresh_ok
2026-05-06 22:37:19 -04:00 | exit_guard_v2_refresh_ok
2026-05-06 22:39:05 -04:00 | exit_guard_v2_refresh_ok
2026-05-06 22:40:52 -04:00 | exit_guard_v2_refresh_ok
2026-05-06 22:42:47 -04:00 | exit_guard_v2_refresh_ok
2026-05-06 22:44:41 -04:00 | exit_guard_v2_refresh_ok
2026-05-06 22:45:54 -04:00 | exit_guard_v2_refresh_ok
2026-05-06 22:47:04 -04:00 | exit_guard_v2_refresh_ok
2026-05-06 22:48:13 -04:00 | exit_guard_v2_refresh_ok
2026-05-06 22:49:24 -04:00 | exit_guard_v2_refresh_ok
2026-05-06 22:51:10 -04:00 | exit_guard_v2_refresh_ok
2026-05-06 22:52:48 -04:00 | exit_guard_v2_refresh_ok
2026-05-06 22:54:32 -04:00 | exit_guard_v2_refresh_ok
2026-05-06 22:56:10 -04:00 | exit_guard_v2_refresh_ok
2026-05-06 22:58:08 -04:00 | exit_guard_v2_refresh_ok
2026-05-06 23:00:00 -04:00 | exit_guard_v2_refresh_ok
2026-05-06 23:01:56 -04:00 | exit_guard_v2_refresh_ok
2026-05-06 23:03:41 -04:00 | exit_guard_v2_refresh_ok
2026-05-06 23:05:28 -04:00 | exit_guard_v2_refresh_ok
2026-05-06 23:07:13 -04:00 | exit_guard_v2_refresh_ok
2026-05-06 23:09:01 -04:00 | exit_guard_v2_refresh_ok
2026-05-06 23:10:43 -04:00 | exit_guard_v2_refresh_ok
2026-05-06 23:11:57 -04:00 | exit_guard_v2_refresh_ok
2026-05-06 23:13:09 -04:00 | exit_guard_v2_refresh_ok
2026-05-06 23:14:23 -04:00 | exit_guard_v2_refresh_ok
2026-05-06 23:15:34 -04:00 | exit_guard_v2_refresh_ok
2026-05-06 23:16:44 -04:00 | exit_guard_v2_refresh_ok
2026-05-06 23:17:53 -04:00 | exit_guard_v2_refresh_ok
2026-05-06 23:19:05 -04:00 | exit_guard_v2_refresh_ok
2026-05-06 23:20:14 -04:00 | exit_guard_v2_refresh_ok
2026-05-06 23:21:26 -04:00 | exit_guard_v2_refresh_ok
2026-05-06 23:22:37 -04:00 | exit_guard_v2_refresh_ok
2026-05-06 23:23:48 -04:00 | exit_guard_v2_refresh_ok
2026-05-06 23:24:59 -04:00 | exit_guard_v2_refresh_ok
2026-05-06 23:26:10 -04:00 | exit_guard_v2_refresh_ok
2026-05-06 23:27:19 -04:00 | exit_guard_v2_refresh_ok
2026-05-06 23:28:30 -04:00 | exit_guard_v2_refresh_ok
2026-05-06 23:29:39 -04:00 | exit_guard_v2_refresh_ok
2026-05-06 23:30:49 -04:00 | exit_guard_v2_refresh_ok
2026-05-06 23:32:01 -04:00 | exit_guard_v2_refresh_ok
2026-05-06 23:33:11 -04:00 | exit_guard_v2_refresh_ok
2026-05-06 23:34:21 -04:00 | exit_guard_v2_refresh_ok
2026-05-06 23:35:42 -04:00 | exit_guard_v2_refresh_ok
2026-05-06 23:36:51 -04:00 | exit_guard_v2_refresh_ok
2026-05-06 23:38:01 -04:00 | exit_guard_v2_refresh_ok
2026-05-06 23:39:10 -04:00 | exit_guard_v2_refresh_ok
2026-05-06 23:40:21 -04:00 | exit_guard_v2_refresh_ok
2026-05-06 23:41:31 -04:00 | exit_guard_v2_refresh_ok
2026-05-06 23:42:43 -04:00 | exit_guard_v2_refresh_ok
2026-05-06 23:43:54 -04:00 | exit_guard_v2_refresh_ok
2026-05-06 23:45:04 -04:00 | exit_guard_v2_refresh_ok
2026-05-06 23:46:55 -04:00 | exit_guard_v2_refresh_ok
2026-05-06 23:48:41 -04:00 | exit_guard_v2_refresh_ok
2026-05-06 23:50:20 -04:00 | exit_guard_v2_refresh_ok
2026-05-06 23:52:06 -04:00 | exit_guard_v2_refresh_ok
2026-05-06 23:53:47 -04:00 | exit_guard_v2_refresh_ok
2026-05-06 23:55:33 -04:00 | exit_guard_v2_refresh_ok
2026-05-06 23:56:45 -04:00 | exit_guard_v2_refresh_ok
2026-05-06 23:57:58 -04:00 | exit_guard_v2_refresh_ok
2026-05-06 23:59:08 -04:00 | exit_guard_v2_refresh_ok
2026-05-07 00:00:20 -04:00 | exit_guard_v2_refresh_ok
2026-05-07 00:01:30 -04:00 | exit_guard_v2_refresh_ok
2026-05-07 00:02:40 -04:00 | exit_guard_v2_refresh_ok
2026-05-07 00:04:34 -04:00 | exit_guard_v2_refresh_ok
2026-05-07 00:06:18 -04:00 | exit_guard_v2_refresh_ok
2026-05-07 00:08:07 -04:00 | exit_guard_v2_refresh_ok
2026-05-07 00:09:53 -04:00 | exit_guard_v2_refresh_ok
2026-05-07 00:11:39 -04:00 | exit_guard_v2_refresh_ok
2026-05-07 00:13:48 -04:00 | exit_guard_v2_refresh_ok
2026-05-07 00:15:42 -04:00 | exit_guard_v2_refresh_ok
2026-05-07 00:17:30 -04:00 | exit_guard_v2_refresh_ok
2026-05-07 00:19:19 -04:00 | exit_guard_v2_refresh_ok
2026-05-07 00:20:31 -04:00 | exit_guard_v2_refresh_ok
2026-05-07 00:21:42 -04:00 | exit_guard_v2_refresh_ok
2026-05-07 00:23:08 -04:00 | exit_guard_v2_refresh_ok
2026-05-07 00:24:19 -04:00 | exit_guard_v2_refresh_ok
2026-05-07 00:25:28 -04:00 | exit_guard_v2_refresh_ok
2026-05-07 00:27:23 -04:00 | exit_guard_v2_refresh_ok
2026-05-07 00:29:13 -04:00 | exit_guard_v2_refresh_ok
2026-05-07 00:30:52 -04:00 | exit_guard_v2_refresh_ok
2026-05-07 00:32:42 -04:00 | exit_guard_v2_refresh_ok
2026-05-07 00:34:30 -04:00 | exit_guard_v2_refresh_ok
2026-05-07 00:36:00 -04:00 | exit_guard_v2_refresh_ok
2026-05-07 00:37:54 -04:00 | exit_guard_v2_refresh_ok
2026-05-07 00:39:48 -04:00 | exit_guard_v2_refresh_ok
2026-05-07 00:41:38 -04:00 | exit_guard_v2_refresh_ok
2026-05-07 00:43:20 -04:00 | exit_guard_v2_refresh_ok
2026-05-07 00:45:12 -04:00 | exit_guard_v2_refresh_ok
2026-05-07 00:47:04 -04:00 | exit_guard_v2_refresh_ok
2026-05-07 00:48:43 -04:00 | exit_guard_v2_refresh_ok
2026-05-07 00:50:27 -04:00 | exit_guard_v2_refresh_ok
2026-05-07 00:52:14 -04:00 | exit_guard_v2_refresh_ok
2026-05-07 00:53:54 -04:00 | exit_guard_v2_refresh_ok
2026-05-07 00:55:38 -04:00 | exit_guard_v2_refresh_ok
2026-05-07 00:56:50 -04:00 | exit_guard_v2_refresh_ok
2026-05-07 00:58:01 -04:00 | exit_guard_v2_refresh_ok
2026-05-07 00:59:11 -04:00 | exit_guard_v2_refresh_ok
2026-05-07 01:00:22 -04:00 | exit_guard_v2_refresh_ok
2026-05-07 01:01:33 -04:00 | exit_guard_v2_refresh_ok
2026-05-07 01:03:18 -04:00 | exit_guard_v2_refresh_ok
2026-05-07 01:05:08 -04:00 | exit_guard_v2_refresh_ok
2026-05-07 01:06:43 -04:00 | exit_guard_v2_refresh_ok
2026-05-07 01:08:31 -04:00 | exit_guard_v2_refresh_ok
2026-05-07 01:10:13 -04:00 | exit_guard_v2_refresh_ok
2026-05-07 01:12:02 -04:00 | exit_guard_v2_refresh_ok
2026-05-07 01:13:52 -04:00 | exit_guard_v2_refresh_ok
2026-05-07 01:15:03 -04:00 | exit_guard_v2_refresh_ok
2026-05-07 01:16:13 -04:00 | exit_guard_v2_refresh_ok
2026-05-07 01:17:29 -04:00 | exit_guard_v2_refresh_ok
2026-05-07 01:18:41 -04:00 | exit_guard_v2_refresh_ok
2026-05-07 01:19:50 -04:00 | exit_guard_v2_refresh_ok
2026-05-07 01:21:01 -04:00 | exit_guard_v2_refresh_ok
2026-05-07 01:22:11 -04:00 | exit_guard_v2_refresh_ok
2026-05-07 01:23:22 -04:00 | exit_guard_v2_refresh_ok
2026-05-07 01:24:33 -04:00 | exit_guard_v2_refresh_ok
2026-05-07 01:25:44 -04:00 | exit_guard_v2_refresh_ok
2026-05-07 01:26:56 -04:00 | exit_guard_v2_refresh_ok
2026-05-07 01:28:04 -04:00 | exit_guard_v2_refresh_ok
2026-05-07 01:29:18 -04:00 | exit_guard_v2_refresh_ok
2026-05-07 01:30:28 -04:00 | exit_guard_v2_refresh_ok
2026-05-07 01:31:38 -04:00 | exit_guard_v2_refresh_ok
2026-05-07 01:32:50 -04:00 | exit_guard_v2_refresh_ok
2026-05-07 01:34:02 -04:00 | exit_guard_v2_refresh_ok
2026-05-07 01:35:11 -04:00 | exit_guard_v2_refresh_ok
2026-05-07 01:36:24 -04:00 | exit_guard_v2_refresh_ok
2026-05-07 01:37:34 -04:00 | exit_guard_v2_refresh_ok
2026-05-07 01:38:45 -04:00 | exit_guard_v2_refresh_ok
2026-05-07 01:39:56 -04:00 | exit_guard_v2_refresh_ok
2026-05-07 01:41:06 -04:00 | exit_guard_v2_refresh_ok
2026-05-07 01:42:17 -04:00 | exit_guard_v2_refresh_ok
2026-05-07 01:44:03 -04:00 | exit_guard_v2_refresh_ok
2026-05-07 01:45:14 -04:00 | exit_guard_v2_refresh_ok
2026-05-07 01:46:26 -04:00 | exit_guard_v2_refresh_ok
2026-05-07 01:47:37 -04:00 | exit_guard_v2_refresh_ok
2026-05-07 01:48:49 -04:00 | exit_guard_v2_refresh_ok
2026-05-07 01:50:02 -04:00 | exit_guard_v2_refresh_ok
2026-05-07 01:51:12 -04:00 | exit_guard_v2_refresh_ok
2026-05-07 01:52:23 -04:00 | exit_guard_v2_refresh_ok
2026-05-07 01:53:33 -04:00 | exit_guard_v2_refresh_ok
2026-05-07 01:54:45 -04:00 | exit_guard_v2_refresh_ok
2026-05-07 01:56:26 -04:00 | exit_guard_v2_refresh_ok
2026-05-07 01:58:21 -04:00 | exit_guard_v2_refresh_ok
2026-05-07 02:00:05 -04:00 | exit_guard_v2_refresh_ok
2026-05-07 02:01:55 -04:00 | exit_guard_v2_refresh_ok
2026-05-07 02:03:30 -04:00 | exit_guard_v2_refresh_ok
2026-05-07 02:05:08 -04:00 | exit_guard_v2_refresh_ok
2026-05-07 02:06:59 -04:00 | exit_guard_v2_refresh_ok
2026-05-07 02:08:57 -04:00 | exit_guard_v2_refresh_ok
2026-05-07 02:10:46 -04:00 | exit_guard_v2_refresh_ok
2026-05-07 02:12:22 -04:00 | exit_guard_v2_refresh_ok
2026-05-07 02:14:09 -04:00 | exit_guard_v2_refresh_ok
2026-05-07 02:15:57 -04:00 | exit_guard_v2_refresh_ok
2026-05-07 02:17:42 -04:00 | exit_guard_v2_refresh_ok
2026-05-07 02:19:26 -04:00 | exit_guard_v2_refresh_ok
2026-05-07 02:21:06 -04:00 | exit_guard_v2_refresh_ok
2026-05-07 02:22:17 -04:00 | exit_guard_v2_refresh_ok
2026-05-07 02:23:29 -04:00 | exit_guard_v2_refresh_ok
2026-05-07 02:24:41 -04:00 | exit_guard_v2_refresh_ok
2026-05-07 02:25:53 -04:00 | exit_guard_v2_refresh_ok
2026-05-07 02:27:04 -04:00 | exit_guard_v2_refresh_ok
2026-05-07 02:28:18 -04:00 | exit_guard_v2_refresh_ok
2026-05-07 02:29:29 -04:00 | exit_guard_v2_refresh_ok
2026-05-07 02:30:41 -04:00 | exit_guard_v2_refresh_ok
2026-05-07 02:31:52 -04:00 | exit_guard_v2_refresh_ok
2026-05-07 02:33:03 -04:00 | exit_guard_v2_refresh_ok
2026-05-07 02:34:15 -04:00 | exit_guard_v2_refresh_ok
2026-05-07 02:35:28 -04:00 | exit_guard_v2_refresh_ok
2026-05-07 02:36:38 -04:00 | exit_guard_v2_refresh_ok
2026-05-07 02:37:50 -04:00 | exit_guard_v2_refresh_ok
2026-05-07 02:39:00 -04:00 | exit_guard_v2_refresh_ok
2026-05-07 02:40:12 -04:00 | exit_guard_v2_refresh_ok
2026-05-07 02:41:23 -04:00 | exit_guard_v2_refresh_ok
2026-05-07 02:42:33 -04:00 | exit_guard_v2_refresh_ok
2026-05-07 02:43:44 -04:00 | exit_guard_v2_refresh_ok
2026-05-07 02:44:56 -04:00 | exit_guard_v2_refresh_ok
2026-05-07 02:46:08 -04:00 | exit_guard_v2_refresh_ok
2026-05-07 02:47:20 -04:00 | exit_guard_v2_refresh_ok
2026-05-07 02:48:31 -04:00 | exit_guard_v2_refresh_ok
2026-05-07 02:49:45 -04:00 | exit_guard_v2_refresh_ok
2026-05-07 02:50:57 -04:00 | exit_guard_v2_refresh_ok
2026-05-07 02:52:09 -04:00 | exit_guard_v2_refresh_ok
2026-05-07 02:53:21 -04:00 | exit_guard_v2_refresh_ok
2026-05-07 02:54:31 -04:00 | exit_guard_v2_refresh_ok
2026-05-07 02:55:43 -04:00 | exit_guard_v2_refresh_ok
2026-05-07 02:56:54 -04:00 | exit_guard_v2_refresh_ok
2026-05-07 02:58:04 -04:00 | exit_guard_v2_refresh_ok
2026-05-07 02:59:15 -04:00 | exit_guard_v2_refresh_ok
2026-05-07 03:00:26 -04:00 | exit_guard_v2_refresh_ok
2026-05-07 03:01:38 -04:00 | exit_guard_v2_refresh_ok
2026-05-07 03:02:49 -04:00 | exit_guard_v2_refresh_ok
2026-05-07 03:04:03 -04:00 | probe_failed | probe_v28_frozen_exit_book_gap_loss_guard_v2.py | exit_code=-1
2026-05-07 03:04:00 -04:00 | exit_guard_v2_refresh_done_with_failures | failures=1
2026-05-07 03:05:11 -04:00 | exit_guard_v2_refresh_ok
2026-05-07 03:06:21 -04:00 | exit_guard_v2_refresh_ok
2026-05-07 03:07:32 -04:00 | exit_guard_v2_refresh_ok
2026-05-07 03:08:42 -04:00 | exit_guard_v2_refresh_ok
2026-05-07 03:09:55 -04:00 | exit_guard_v2_refresh_ok
2026-05-07 03:11:06 -04:00 | exit_guard_v2_refresh_ok
2026-05-07 03:12:19 -04:00 | exit_guard_v2_refresh_ok
2026-05-07 03:13:31 -04:00 | exit_guard_v2_refresh_ok
2026-05-07 03:14:41 -04:00 | exit_guard_v2_refresh_ok
2026-05-07 03:15:52 -04:00 | exit_guard_v2_refresh_ok
2026-05-07 03:17:06 -04:00 | exit_guard_v2_refresh_ok
2026-05-07 03:18:53 -04:00 | exit_guard_v2_refresh_ok
2026-05-07 03:20:05 -04:00 | exit_guard_v2_refresh_ok
2026-05-07 03:21:16 -04:00 | exit_guard_v2_refresh_ok
2026-05-07 03:22:27 -04:00 | exit_guard_v2_refresh_ok
2026-05-07 03:23:38 -04:00 | exit_guard_v2_refresh_ok
2026-05-07 03:24:50 -04:00 | exit_guard_v2_refresh_ok
2026-05-07 03:26:02 -04:00 | exit_guard_v2_refresh_ok
2026-05-07 03:27:13 -04:00 | exit_guard_v2_refresh_ok
2026-05-07 03:28:25 -04:00 | exit_guard_v2_refresh_ok
2026-05-07 03:29:37 -04:00 | exit_guard_v2_refresh_ok
2026-05-07 03:30:48 -04:00 | exit_guard_v2_refresh_ok
2026-05-07 03:32:00 -04:00 | exit_guard_v2_refresh_ok
2026-05-07 03:33:12 -04:00 | exit_guard_v2_refresh_ok
2026-05-07 03:34:24 -04:00 | exit_guard_v2_refresh_ok
2026-05-07 03:35:35 -04:00 | exit_guard_v2_refresh_ok
2026-05-07 03:36:47 -04:00 | exit_guard_v2_refresh_ok
2026-05-07 03:37:59 -04:00 | exit_guard_v2_refresh_ok
2026-05-07 03:39:10 -04:00 | exit_guard_v2_refresh_ok
2026-05-07 03:40:22 -04:00 | exit_guard_v2_refresh_ok
2026-05-07 03:41:33 -04:00 | exit_guard_v2_refresh_ok
2026-05-07 03:43:25 -04:00 | exit_guard_v2_refresh_ok
2026-05-07 03:44:37 -04:00 | exit_guard_v2_refresh_ok
2026-05-07 03:45:48 -04:00 | exit_guard_v2_refresh_ok
2026-05-07 03:46:58 -04:00 | exit_guard_v2_refresh_ok
2026-05-07 03:48:12 -04:00 | exit_guard_v2_refresh_ok
2026-05-07 03:49:23 -04:00 | exit_guard_v2_refresh_ok
2026-05-07 03:50:35 -04:00 | exit_guard_v2_refresh_ok
2026-05-07 03:51:47 -04:00 | exit_guard_v2_refresh_ok
2026-05-07 03:52:59 -04:00 | exit_guard_v2_refresh_ok
2026-05-07 03:54:10 -04:00 | exit_guard_v2_refresh_ok
2026-05-07 03:55:22 -04:00 | exit_guard_v2_refresh_ok
2026-05-07 03:56:32 -04:00 | exit_guard_v2_refresh_ok
2026-05-07 03:57:44 -04:00 | exit_guard_v2_refresh_ok
2026-05-07 03:58:57 -04:00 | exit_guard_v2_refresh_ok
2026-05-07 04:00:09 -04:00 | exit_guard_v2_refresh_ok
2026-05-07 04:01:22 -04:00 | exit_guard_v2_refresh_ok
2026-05-07 04:02:34 -04:00 | exit_guard_v2_refresh_ok
2026-05-07 04:03:45 -04:00 | exit_guard_v2_refresh_ok
2026-05-07 04:04:57 -04:00 | exit_guard_v2_refresh_ok
2026-05-07 04:06:08 -04:00 | exit_guard_v2_refresh_ok
2026-05-07 04:07:20 -04:00 | exit_guard_v2_refresh_ok
2026-05-07 04:08:33 -04:00 | exit_guard_v2_refresh_ok
2026-05-07 04:09:46 -04:00 | exit_guard_v2_refresh_ok
2026-05-07 04:11:00 -04:00 | exit_guard_v2_refresh_ok
2026-05-07 04:12:10 -04:00 | exit_guard_v2_refresh_ok
2026-05-07 04:13:24 -04:00 | exit_guard_v2_refresh_ok
2026-05-07 04:15:09 -04:00 | exit_guard_v2_refresh_ok
2026-05-07 04:17:05 -04:00 | exit_guard_v2_refresh_ok
2026-05-07 04:18:18 -04:00 | exit_guard_v2_refresh_ok
2026-05-07 04:19:30 -04:00 | exit_guard_v2_refresh_ok
2026-05-07 04:20:41 -04:00 | exit_guard_v2_refresh_ok
2026-05-07 04:21:54 -04:00 | exit_guard_v2_refresh_ok
2026-05-07 04:23:04 -04:00 | exit_guard_v2_refresh_ok
2026-05-07 04:24:16 -04:00 | exit_guard_v2_refresh_ok
2026-05-07 04:25:28 -04:00 | exit_guard_v2_refresh_ok
2026-05-07 04:26:40 -04:00 | exit_guard_v2_refresh_ok
2026-05-07 04:27:52 -04:00 | exit_guard_v2_refresh_ok
2026-05-07 04:29:03 -04:00 | exit_guard_v2_refresh_ok
2026-05-07 04:30:15 -04:00 | exit_guard_v2_refresh_ok
2026-05-07 04:31:27 -04:00 | exit_guard_v2_refresh_ok
2026-05-07 04:32:40 -04:00 | exit_guard_v2_refresh_ok
2026-05-07 04:33:52 -04:00 | exit_guard_v2_refresh_ok
2026-05-07 04:35:03 -04:00 | exit_guard_v2_refresh_ok
2026-05-07 04:36:16 -04:00 | exit_guard_v2_refresh_ok
2026-05-07 04:37:28 -04:00 | exit_guard_v2_refresh_ok
2026-05-07 04:38:39 -04:00 | exit_guard_v2_refresh_ok
2026-05-07 04:39:52 -04:00 | exit_guard_v2_refresh_ok
2026-05-07 04:41:05 -04:00 | exit_guard_v2_refresh_ok
2026-05-07 04:42:17 -04:00 | exit_guard_v2_refresh_ok
2026-05-07 04:43:28 -04:00 | exit_guard_v2_refresh_ok
2026-05-07 04:44:39 -04:00 | exit_guard_v2_refresh_ok
2026-05-07 04:45:52 -04:00 | exit_guard_v2_refresh_ok
2026-05-07 04:47:05 -04:00 | exit_guard_v2_refresh_ok
2026-05-07 04:48:16 -04:00 | exit_guard_v2_refresh_ok
2026-05-07 04:49:29 -04:00 | exit_guard_v2_refresh_ok
2026-05-07 04:50:40 -04:00 | exit_guard_v2_refresh_ok
2026-05-07 04:51:54 -04:00 | exit_guard_v2_refresh_ok
2026-05-07 04:53:07 -04:00 | exit_guard_v2_refresh_ok
2026-05-07 04:54:18 -04:00 | exit_guard_v2_refresh_ok
2026-05-07 04:55:30 -04:00 | exit_guard_v2_refresh_ok
2026-05-07 04:56:42 -04:00 | exit_guard_v2_refresh_ok
2026-05-07 04:57:56 -04:00 | exit_guard_v2_refresh_ok
2026-05-07 04:59:08 -04:00 | exit_guard_v2_refresh_ok
2026-05-07 05:00:19 -04:00 | exit_guard_v2_refresh_ok
2026-05-07 05:01:31 -04:00 | exit_guard_v2_refresh_ok
2026-05-07 05:02:43 -04:00 | exit_guard_v2_refresh_ok
2026-05-07 05:03:54 -04:00 | exit_guard_v2_refresh_ok
2026-05-07 05:05:07 -04:00 | exit_guard_v2_refresh_ok
2026-05-07 05:06:19 -04:00 | exit_guard_v2_refresh_ok
2026-05-07 05:07:33 -04:00 | exit_guard_v2_refresh_ok
2026-05-07 05:08:46 -04:00 | exit_guard_v2_refresh_ok
2026-05-07 05:09:58 -04:00 | exit_guard_v2_refresh_ok
2026-05-07 05:11:12 -04:00 | exit_guard_v2_refresh_ok
2026-05-07 05:12:23 -04:00 | exit_guard_v2_refresh_ok
2026-05-07 05:13:35 -04:00 | exit_guard_v2_refresh_ok
2026-05-07 05:14:50 -04:00 | exit_guard_v2_refresh_ok
2026-05-07 05:16:05 -04:00 | exit_guard_v2_refresh_ok
2026-05-07 05:17:17 -04:00 | exit_guard_v2_refresh_ok
2026-05-07 05:18:30 -04:00 | exit_guard_v2_refresh_ok
2026-05-07 05:19:43 -04:00 | exit_guard_v2_refresh_ok
2026-05-07 05:20:57 -04:00 | exit_guard_v2_refresh_ok
2026-05-07 05:22:10 -04:00 | exit_guard_v2_refresh_ok
2026-05-07 05:23:22 -04:00 | exit_guard_v2_refresh_ok
2026-05-07 05:24:36 -04:00 | exit_guard_v2_refresh_ok
2026-05-07 05:25:48 -04:00 | exit_guard_v2_refresh_ok
2026-05-07 05:26:59 -04:00 | exit_guard_v2_refresh_ok
2026-05-07 05:28:12 -04:00 | exit_guard_v2_refresh_ok
2026-05-07 05:29:27 -04:00 | exit_guard_v2_refresh_ok
2026-05-07 05:30:41 -04:00 | exit_guard_v2_refresh_ok
2026-05-07 05:31:54 -04:00 | exit_guard_v2_refresh_ok
2026-05-07 05:33:06 -04:00 | exit_guard_v2_refresh_ok
2026-05-07 05:34:20 -04:00 | exit_guard_v2_refresh_ok
2026-05-07 05:35:33 -04:00 | exit_guard_v2_refresh_ok
2026-05-07 05:36:45 -04:00 | exit_guard_v2_refresh_ok
2026-05-07 05:37:57 -04:00 | exit_guard_v2_refresh_ok
2026-05-07 05:39:11 -04:00 | exit_guard_v2_refresh_ok
2026-05-07 05:40:22 -04:00 | exit_guard_v2_refresh_ok
2026-05-07 05:41:35 -04:00 | exit_guard_v2_refresh_ok
2026-05-07 05:42:47 -04:00 | exit_guard_v2_refresh_ok
2026-05-07 05:44:00 -04:00 | exit_guard_v2_refresh_ok
2026-05-07 05:45:13 -04:00 | exit_guard_v2_refresh_ok
2026-05-07 05:46:54 -04:00 | exit_guard_v2_refresh_ok
2026-05-07 05:48:44 -04:00 | exit_guard_v2_refresh_ok
2026-05-07 05:49:57 -04:00 | exit_guard_v2_refresh_ok
2026-05-07 05:51:12 -04:00 | exit_guard_v2_refresh_ok
2026-05-07 05:52:25 -04:00 | exit_guard_v2_refresh_ok
2026-05-07 05:53:39 -04:00 | exit_guard_v2_refresh_ok
2026-05-07 05:54:49 -04:00 | exit_guard_v2_refresh_ok
2026-05-07 05:56:03 -04:00 | exit_guard_v2_refresh_ok
2026-05-07 05:57:17 -04:00 | exit_guard_v2_refresh_ok
2026-05-07 05:58:31 -04:00 | exit_guard_v2_refresh_ok
2026-05-07 05:59:44 -04:00 | exit_guard_v2_refresh_ok
2026-05-07 06:00:58 -04:00 | exit_guard_v2_refresh_ok
2026-05-07 06:02:14 -04:00 | exit_guard_v2_refresh_ok
2026-05-07 06:03:27 -04:00 | exit_guard_v2_refresh_ok
2026-05-07 06:04:40 -04:00 | exit_guard_v2_refresh_ok
2026-05-07 06:05:53 -04:00 | exit_guard_v2_refresh_ok
2026-05-07 06:07:06 -04:00 | exit_guard_v2_refresh_ok
2026-05-07 06:08:54 -04:00 | exit_guard_v2_refresh_ok
2026-05-07 06:10:37 -04:00 | exit_guard_v2_refresh_ok
2026-05-07 06:12:18 -04:00 | exit_guard_v2_refresh_ok
2026-05-07 06:14:18 -04:00 | exit_guard_v2_refresh_ok
2026-05-07 06:16:05 -04:00 | exit_guard_v2_refresh_ok
2026-05-07 06:18:01 -04:00 | exit_guard_v2_refresh_ok
2026-05-07 06:19:51 -04:00 | exit_guard_v2_refresh_ok
2026-05-07 06:21:05 -04:00 | exit_guard_v2_refresh_ok
2026-05-07 06:22:19 -04:00 | exit_guard_v2_refresh_ok
2026-05-07 06:23:30 -04:00 | exit_guard_v2_refresh_ok
2026-05-07 06:24:44 -04:00 | exit_guard_v2_refresh_ok
2026-05-07 06:25:56 -04:00 | exit_guard_v2_refresh_ok
2026-05-07 06:27:12 -04:00 | exit_guard_v2_refresh_ok
2026-05-07 06:28:27 -04:00 | exit_guard_v2_refresh_ok
2026-05-07 06:29:39 -04:00 | exit_guard_v2_refresh_ok
2026-05-07 06:30:53 -04:00 | exit_guard_v2_refresh_ok
2026-05-07 06:32:06 -04:00 | exit_guard_v2_refresh_ok
2026-05-07 06:33:18 -04:00 | exit_guard_v2_refresh_ok
2026-05-07 06:34:34 -04:00 | exit_guard_v2_refresh_ok
2026-05-07 06:35:47 -04:00 | exit_guard_v2_refresh_ok
2026-05-07 06:37:00 -04:00 | exit_guard_v2_refresh_ok
2026-05-07 06:38:13 -04:00 | exit_guard_v2_refresh_ok
2026-05-07 06:39:25 -04:00 | exit_guard_v2_refresh_ok
2026-05-07 06:40:38 -04:00 | exit_guard_v2_refresh_ok
2026-05-07 06:41:52 -04:00 | exit_guard_v2_refresh_ok
2026-05-07 06:43:06 -04:00 | exit_guard_v2_refresh_ok
2026-05-07 06:44:21 -04:00 | exit_guard_v2_refresh_ok
2026-05-07 06:45:34 -04:00 | exit_guard_v2_refresh_ok
2026-05-07 06:46:47 -04:00 | exit_guard_v2_refresh_ok
2026-05-07 06:48:00 -04:00 | exit_guard_v2_refresh_ok
2026-05-07 06:49:13 -04:00 | exit_guard_v2_refresh_ok
2026-05-07 06:50:26 -04:00 | exit_guard_v2_refresh_ok
2026-05-07 06:51:40 -04:00 | exit_guard_v2_refresh_ok
2026-05-07 06:53:23 -04:00 | exit_guard_v2_refresh_ok
2026-05-07 06:55:26 -04:00 | exit_guard_v2_refresh_ok
2026-05-07 06:57:21 -04:00 | exit_guard_v2_refresh_ok
2026-05-07 06:58:59 -04:00 | exit_guard_v2_refresh_ok
2026-05-07 07:00:40 -04:00 | exit_guard_v2_refresh_ok
2026-05-07 07:02:23 -04:00 | exit_guard_v2_refresh_ok
2026-05-07 07:03:51 -04:00 | exit_guard_v2_refresh_ok
2026-05-07 07:05:04 -04:00 | exit_guard_v2_refresh_ok
2026-05-07 07:06:18 -04:00 | exit_guard_v2_refresh_ok
2026-05-07 07:07:32 -04:00 | exit_guard_v2_refresh_ok
2026-05-07 07:08:49 -04:00 | exit_guard_v2_refresh_ok
2026-05-07 07:10:02 -04:00 | exit_guard_v2_refresh_ok
2026-05-07 07:11:16 -04:00 | exit_guard_v2_refresh_ok
2026-05-07 07:12:30 -04:00 | exit_guard_v2_refresh_ok
2026-05-07 07:13:44 -04:00 | exit_guard_v2_refresh_ok
2026-05-07 07:14:59 -04:00 | exit_guard_v2_refresh_ok
2026-05-07 07:16:48 -04:00 | exit_guard_v2_refresh_ok
2026-05-07 07:18:20 -04:00 | exit_guard_v2_refresh_ok
2026-05-07 07:19:34 -04:00 | exit_guard_v2_refresh_ok
2026-05-07 07:20:49 -04:00 | exit_guard_v2_refresh_ok
2026-05-07 07:22:44 -04:00 | exit_guard_v2_refresh_ok
2026-05-07 07:24:30 -04:00 | exit_guard_v2_refresh_ok
2026-05-07 07:26:24 -04:00 | exit_guard_v2_refresh_ok
2026-05-07 07:28:22 -04:00 | exit_guard_v2_refresh_ok
2026-05-07 07:30:12 -04:00 | exit_guard_v2_refresh_ok
2026-05-07 07:32:04 -04:00 | exit_guard_v2_refresh_ok
2026-05-07 07:33:18 -04:00 | exit_guard_v2_refresh_ok
2026-05-07 07:34:32 -04:00 | exit_guard_v2_refresh_ok
2026-05-07 07:35:43 -04:00 | exit_guard_v2_refresh_ok
2026-05-07 07:36:57 -04:00 | exit_guard_v2_refresh_ok
2026-05-07 07:38:11 -04:00 | exit_guard_v2_refresh_ok
2026-05-07 07:39:24 -04:00 | exit_guard_v2_refresh_ok
2026-05-07 07:40:37 -04:00 | exit_guard_v2_refresh_ok
2026-05-07 07:41:51 -04:00 | exit_guard_v2_refresh_ok
2026-05-07 07:43:04 -04:00 | exit_guard_v2_refresh_ok
2026-05-07 07:44:17 -04:00 | exit_guard_v2_refresh_ok
2026-05-07 07:45:31 -04:00 | exit_guard_v2_refresh_ok
2026-05-07 07:47:20 -04:00 | exit_guard_v2_refresh_ok
2026-05-07 07:49:09 -04:00 | exit_guard_v2_refresh_ok
2026-05-07 07:51:06 -04:00 | exit_guard_v2_refresh_ok
2026-05-07 07:53:04 -04:00 | exit_guard_v2_refresh_ok
2026-05-07 07:54:53 -04:00 | exit_guard_v2_refresh_ok
2026-05-07 07:56:05 -04:00 | exit_guard_v2_refresh_ok
2026-05-07 07:57:19 -04:00 | exit_guard_v2_refresh_ok
2026-05-07 07:58:33 -04:00 | exit_guard_v2_refresh_ok
2026-05-07 07:59:46 -04:00 | exit_guard_v2_refresh_ok
2026-05-07 08:01:01 -04:00 | exit_guard_v2_refresh_ok
2026-05-07 08:02:15 -04:00 | exit_guard_v2_refresh_ok
2026-05-07 08:03:30 -04:00 | exit_guard_v2_refresh_ok
2026-05-07 08:04:46 -04:00 | exit_guard_v2_refresh_ok
2026-05-07 08:05:59 -04:00 | exit_guard_v2_refresh_ok
2026-05-07 08:07:14 -04:00 | exit_guard_v2_refresh_ok
2026-05-07 08:08:28 -04:00 | exit_guard_v2_refresh_ok
2026-05-07 08:09:41 -04:00 | exit_guard_v2_refresh_ok
2026-05-07 08:10:55 -04:00 | exit_guard_v2_refresh_ok
2026-05-07 08:12:11 -04:00 | exit_guard_v2_refresh_ok
2026-05-07 08:13:25 -04:00 | exit_guard_v2_refresh_ok
2026-05-07 08:14:38 -04:00 | exit_guard_v2_refresh_ok
2026-05-07 08:15:52 -04:00 | exit_guard_v2_refresh_ok
2026-05-07 08:17:06 -04:00 | exit_guard_v2_refresh_ok
2026-05-07 08:18:19 -04:00 | exit_guard_v2_refresh_ok
2026-05-07 08:19:34 -04:00 | exit_guard_v2_refresh_ok
2026-05-07 08:20:46 -04:00 | exit_guard_v2_refresh_ok
2026-05-07 08:22:02 -04:00 | exit_guard_v2_refresh_ok
2026-05-07 08:23:14 -04:00 | exit_guard_v2_refresh_ok
2026-05-07 08:24:29 -04:00 | exit_guard_v2_refresh_ok
2026-05-07 08:25:43 -04:00 | exit_guard_v2_refresh_ok
2026-05-07 08:26:55 -04:00 | exit_guard_v2_refresh_ok
2026-05-07 08:28:14 -04:00 | exit_guard_v2_refresh_ok
2026-05-07 08:29:28 -04:00 | exit_guard_v2_refresh_ok
2026-05-07 08:31:14 -04:00 | exit_guard_v2_refresh_ok
2026-05-07 08:33:06 -04:00 | exit_guard_v2_refresh_ok
2026-05-07 08:34:52 -04:00 | exit_guard_v2_refresh_ok
2026-05-07 08:36:41 -04:00 | exit_guard_v2_refresh_ok
2026-05-07 08:38:33 -04:00 | exit_guard_v2_refresh_ok
2026-05-07 08:40:24 -04:00 | exit_guard_v2_refresh_ok
2026-05-07 08:42:25 -04:00 | exit_guard_v2_refresh_ok
2026-05-07 08:44:35 -04:00 | exit_guard_v2_refresh_ok
2026-05-07 08:47:28 -04:00 | probe_timeout | probe_v28_frozen_exit_book_gap_loss_guard_v2.py
2026-05-07 08:46:43 -04:00 | exit_guard_v2_refresh_done_with_failures | failures=1
2026-05-07 08:49:19 -04:00 | exit_guard_v2_refresh_ok
2026-05-07 08:51:36 -04:00 | exit_guard_v2_refresh_ok
2026-05-07 08:53:55 -04:00 | exit_guard_v2_refresh_ok
2026-05-07 08:56:13 -04:00 | exit_guard_v2_refresh_ok
2026-05-07 08:58:22 -04:00 | exit_guard_v2_refresh_ok
2026-05-07 09:00:24 -04:00 | exit_guard_v2_refresh_ok
2026-05-07 09:02:52 -04:00 | exit_guard_v2_refresh_ok
2026-05-07 09:05:00 -04:00 | exit_guard_v2_refresh_ok
2026-05-07 09:07:24 -04:00 | exit_guard_v2_refresh_ok
2026-05-07 09:08:49 -04:00 | exit_guard_v2_refresh_ok
2026-05-07 09:10:13 -04:00 | exit_guard_v2_refresh_ok
2026-05-07 09:11:40 -04:00 | exit_guard_v2_refresh_ok
2026-05-07 09:13:04 -04:00 | exit_guard_v2_refresh_ok
2026-05-07 09:14:30 -04:00 | exit_guard_v2_refresh_ok
2026-05-07 09:15:56 -04:00 | exit_guard_v2_refresh_ok
2026-05-07 09:18:12 -04:00 | exit_guard_v2_refresh_ok
2026-05-07 09:20:25 -04:00 | exit_guard_v2_refresh_ok
2026-05-07 09:22:44 -04:00 | exit_guard_v2_refresh_ok
2026-05-07 09:25:12 -04:00 | exit_guard_v2_refresh_ok
2026-05-07 09:27:21 -04:00 | exit_guard_v2_refresh_ok
2026-05-07 09:29:23 -04:00 | exit_guard_v2_refresh_ok
2026-05-07 09:31:38 -04:00 | exit_guard_v2_refresh_ok
2026-05-07 09:33:51 -04:00 | exit_guard_v2_refresh_ok
2026-05-07 09:35:49 -04:00 | exit_guard_v2_refresh_ok
2026-05-07 09:38:43 -04:00 | probe_timeout | probe_v28_frozen_exit_book_gap_loss_guard_v2.py
2026-05-07 09:37:58 -04:00 | exit_guard_v2_refresh_done_with_failures | failures=1
2026-05-07 09:40:19 -04:00 | exit_guard_v2_refresh_ok
2026-05-07 09:42:33 -04:00 | exit_guard_v2_refresh_ok
2026-05-07 09:44:25 -04:00 | exit_guard_v2_refresh_ok
2026-05-07 09:45:42 -04:00 | exit_guard_v2_refresh_ok
2026-05-07 09:48:32 -04:00 | probe_timeout | probe_v28_frozen_exit_book_gap_loss_guard_v2.py
2026-05-07 09:47:47 -04:00 | exit_guard_v2_refresh_done_with_failures | failures=1
2026-05-07 09:50:07 -04:00 | exit_guard_v2_refresh_ok
2026-05-07 09:53:09 -04:00 | probe_timeout | probe_v28_frozen_exit_book_gap_loss_guard_v2.py
2026-05-07 09:52:24 -04:00 | exit_guard_v2_refresh_done_with_failures | failures=1
2026-05-07 09:54:45 -04:00 | exit_guard_v2_refresh_ok
2026-05-07 09:57:05 -04:00 | exit_guard_v2_refresh_ok
2026-05-07 09:59:14 -04:00 | exit_guard_v2_refresh_ok
2026-05-07 10:01:26 -04:00 | exit_guard_v2_refresh_ok
2026-05-07 10:03:38 -04:00 | exit_guard_v2_refresh_ok
2026-05-07 10:05:47 -04:00 | exit_guard_v2_refresh_ok
2026-05-07 10:07:13 -04:00 | exit_guard_v2_refresh_ok
2026-05-07 10:08:31 -04:00 | exit_guard_v2_refresh_ok
2026-05-07 10:09:50 -04:00 | exit_guard_v2_refresh_ok
2026-05-07 10:11:08 -04:00 | exit_guard_v2_refresh_ok
2026-05-07 10:12:27 -04:00 | exit_guard_v2_refresh_ok
2026-05-07 10:13:45 -04:00 | exit_guard_v2_refresh_ok
2026-05-07 10:16:01 -04:00 | probe_timeout | probe_v28_frozen_exit_book_gap_loss_guard_v2.py
2026-05-07 10:15:16 -04:00 | exit_guard_v2_refresh_done_with_failures | failures=1
2026-05-07 10:18:30 -04:00 | probe_timeout | probe_v28_frozen_exit_book_gap_loss_guard_v2.py
2026-05-07 10:17:45 -04:00 | exit_guard_v2_refresh_done_with_failures | failures=1
2026-05-07 10:20:16 -04:00 | exit_guard_v2_refresh_ok
2026-05-07 10:22:39 -04:00 | exit_guard_v2_refresh_ok
2026-05-07 10:25:00 -04:00 | exit_guard_v2_refresh_ok
2026-05-07 10:27:19 -04:00 | exit_guard_v2_refresh_ok
2026-05-07 10:29:29 -04:00 | exit_guard_v2_refresh_ok
2026-05-07 10:31:45 -04:00 | exit_guard_v2_refresh_ok
2026-05-07 10:34:17 -04:00 | exit_guard_v2_refresh_ok
2026-05-07 10:36:29 -04:00 | exit_guard_v2_refresh_ok
2026-05-07 10:38:43 -04:00 | exit_guard_v2_refresh_ok
2026-05-07 10:40:00 -04:00 | exit_guard_v2_refresh_ok
2026-05-07 10:41:19 -04:00 | exit_guard_v2_refresh_ok
2026-05-07 10:42:36 -04:00 | exit_guard_v2_refresh_ok
2026-05-07 10:43:53 -04:00 | exit_guard_v2_refresh_ok
2026-05-07 10:45:11 -04:00 | exit_guard_v2_refresh_ok
2026-05-07 10:47:40 -04:00 | exit_guard_v2_refresh_ok
2026-05-07 10:49:43 -04:00 | exit_guard_v2_refresh_ok
2026-05-07 10:51:30 -04:00 | exit_guard_v2_refresh_ok
2026-05-07 10:53:16 -04:00 | exit_guard_v2_refresh_ok
2026-05-07 10:55:08 -04:00 | exit_guard_v2_refresh_ok
2026-05-07 10:57:03 -04:00 | exit_guard_v2_refresh_ok
2026-05-07 10:59:07 -04:00 | exit_guard_v2_refresh_ok
2026-05-07 11:00:54 -04:00 | exit_guard_v2_refresh_ok
2026-05-07 11:02:24 -04:00 | exit_guard_v2_refresh_ok
2026-05-07 11:03:39 -04:00 | exit_guard_v2_refresh_ok
2026-05-07 11:04:57 -04:00 | exit_guard_v2_refresh_ok
2026-05-07 11:06:56 -04:00 | exit_guard_v2_refresh_ok
2026-05-07 11:08:09 -04:00 | exit_guard_v2_refresh_ok
2026-05-07 11:09:22 -04:00 | exit_guard_v2_refresh_ok
2026-05-07 11:10:36 -04:00 | exit_guard_v2_refresh_ok
2026-05-07 11:12:15 -04:00 | exit_guard_v2_refresh_ok
2026-05-07 11:14:12 -04:00 | exit_guard_v2_refresh_ok
2026-05-07 11:16:10 -04:00 | exit_guard_v2_refresh_ok
2026-05-07 11:18:04 -04:00 | exit_guard_v2_refresh_ok
2026-05-07 11:20:16 -04:00 | exit_guard_v2_refresh_ok
2026-05-07 11:22:21 -04:00 | exit_guard_v2_refresh_ok
2026-05-07 11:24:16 -04:00 | exit_guard_v2_refresh_ok
2026-05-07 11:26:29 -04:00 | exit_guard_v2_refresh_ok
2026-05-07 11:28:31 -04:00 | exit_guard_v2_refresh_ok
2026-05-07 11:30:39 -04:00 | exit_guard_v2_refresh_ok
2026-05-07 11:32:30 -04:00 | exit_guard_v2_refresh_ok
2026-05-07 11:34:38 -04:00 | exit_guard_v2_refresh_ok
2026-05-07 11:36:43 -04:00 | exit_guard_v2_refresh_ok
2026-05-07 11:38:45 -04:00 | exit_guard_v2_refresh_ok
2026-05-07 11:40:26 -04:00 | exit_guard_v2_refresh_ok
2026-05-07 11:42:18 -04:00 | exit_guard_v2_refresh_ok
2026-05-07 11:44:21 -04:00 | exit_guard_v2_refresh_ok
2026-05-07 11:46:27 -04:00 | exit_guard_v2_refresh_ok
2026-05-07 11:48:11 -04:00 | exit_guard_v2_refresh_ok
2026-05-07 11:49:59 -04:00 | exit_guard_v2_refresh_ok
2026-05-07 11:51:56 -04:00 | exit_guard_v2_refresh_ok
2026-05-07 11:54:05 -04:00 | exit_guard_v2_refresh_ok
2026-05-07 11:55:51 -04:00 | exit_guard_v2_refresh_ok
2026-05-07 11:57:43 -04:00 | exit_guard_v2_refresh_ok
2026-05-07 11:59:26 -04:00 | exit_guard_v2_refresh_ok
2026-05-07 12:01:23 -04:00 | exit_guard_v2_refresh_ok
2026-05-07 12:03:29 -04:00 | exit_guard_v2_refresh_ok
2026-05-07 12:05:32 -04:00 | exit_guard_v2_refresh_ok
2026-05-07 12:07:35 -04:00 | exit_guard_v2_refresh_ok
2026-05-07 12:09:26 -04:00 | exit_guard_v2_refresh_ok
2026-05-07 12:11:28 -04:00 | exit_guard_v2_refresh_ok
2026-05-07 12:13:39 -04:00 | exit_guard_v2_refresh_ok
2026-05-07 12:14:53 -04:00 | exit_guard_v2_refresh_ok
2026-05-07 12:16:08 -04:00 | exit_guard_v2_refresh_ok
2026-05-07 12:17:22 -04:00 | exit_guard_v2_refresh_ok
2026-05-07 12:18:37 -04:00 | exit_guard_v2_refresh_ok
2026-05-07 12:20:09 -04:00 | exit_guard_v2_refresh_ok
2026-05-07 12:22:00 -04:00 | exit_guard_v2_refresh_ok
2026-05-07 12:23:57 -04:00 | exit_guard_v2_refresh_ok
2026-05-07 12:25:58 -04:00 | exit_guard_v2_refresh_ok
2026-05-07 12:27:59 -04:00 | exit_guard_v2_refresh_ok
2026-05-07 12:30:02 -04:00 | exit_guard_v2_refresh_ok
2026-05-07 12:31:15 -04:00 | exit_guard_v2_refresh_ok
2026-05-07 12:32:29 -04:00 | exit_guard_v2_refresh_ok
2026-05-07 12:33:45 -04:00 | exit_guard_v2_refresh_ok
2026-05-07 12:35:01 -04:00 | exit_guard_v2_refresh_ok
2026-05-07 12:36:15 -04:00 | exit_guard_v2_refresh_ok
2026-05-07 12:37:28 -04:00 | exit_guard_v2_refresh_ok
2026-05-07 12:38:46 -04:00 | exit_guard_v2_refresh_ok
2026-05-07 12:40:02 -04:00 | exit_guard_v2_refresh_ok
2026-05-07 12:41:17 -04:00 | exit_guard_v2_refresh_ok
2026-05-07 12:42:33 -04:00 | exit_guard_v2_refresh_ok
2026-05-07 12:43:49 -04:00 | exit_guard_v2_refresh_ok
2026-05-07 12:45:02 -04:00 | exit_guard_v2_refresh_ok
2026-05-07 12:46:52 -04:00 | exit_guard_v2_refresh_ok
2026-05-07 12:48:52 -04:00 | exit_guard_v2_refresh_ok
2026-05-07 12:51:05 -04:00 | exit_guard_v2_refresh_ok
2026-05-07 12:53:18 -04:00 | exit_guard_v2_refresh_ok
2026-05-07 12:55:20 -04:00 | exit_guard_v2_refresh_ok
2026-05-07 12:57:39 -04:00 | exit_guard_v2_refresh_ok
2026-05-07 12:59:52 -04:00 | exit_guard_v2_refresh_ok
2026-05-07 13:02:05 -04:00 | exit_guard_v2_refresh_ok
2026-05-07 13:04:08 -04:00 | exit_guard_v2_refresh_ok
2026-05-07 13:06:25 -04:00 | exit_guard_v2_refresh_ok
2026-05-07 13:08:48 -04:00 | exit_guard_v2_refresh_ok
2026-05-07 13:11:06 -04:00 | exit_guard_v2_refresh_ok
2026-05-07 13:13:22 -04:00 | exit_guard_v2_refresh_ok
2026-05-07 13:15:48 -04:00 | exit_guard_v2_refresh_ok
2026-05-07 13:18:07 -04:00 | exit_guard_v2_refresh_ok
2026-05-07 13:19:25 -04:00 | exit_guard_v2_refresh_ok
2026-05-07 13:20:45 -04:00 | exit_guard_v2_refresh_ok
2026-05-07 13:22:04 -04:00 | exit_guard_v2_refresh_ok
2026-05-07 13:23:23 -04:00 | exit_guard_v2_refresh_ok
2026-05-07 13:24:42 -04:00 | exit_guard_v2_refresh_ok
2026-05-07 13:26:07 -04:00 | exit_guard_v2_refresh_ok
2026-05-07 13:27:26 -04:00 | exit_guard_v2_refresh_ok
2026-05-07 13:28:45 -04:00 | exit_guard_v2_refresh_ok
2026-05-07 13:30:15 -04:00 | exit_guard_v2_refresh_ok
2026-05-07 13:32:34 -04:00 | exit_guard_v2_refresh_ok
2026-05-07 13:34:56 -04:00 | exit_guard_v2_refresh_ok
2026-05-07 13:37:13 -04:00 | exit_guard_v2_refresh_ok
2026-05-07 13:40:14 -04:00 | probe_timeout | probe_v28_frozen_exit_book_gap_loss_guard_v2.py
2026-05-07 13:39:29 -04:00 | exit_guard_v2_refresh_done_with_failures | failures=1
2026-05-07 13:41:47 -04:00 | exit_guard_v2_refresh_ok
2026-05-07 13:44:06 -04:00 | exit_guard_v2_refresh_ok
2026-05-07 13:45:19 -04:00 | exit_guard_v2_refresh_ok
2026-05-07 13:46:36 -04:00 | exit_guard_v2_refresh_ok
2026-05-07 13:47:51 -04:00 | exit_guard_v2_refresh_ok
2026-05-07 13:49:05 -04:00 | exit_guard_v2_refresh_ok
2026-05-07 13:50:20 -04:00 | exit_guard_v2_refresh_ok
2026-05-07 13:51:35 -04:00 | exit_guard_v2_refresh_ok
2026-05-07 13:52:48 -04:00 | exit_guard_v2_refresh_ok
2026-05-07 13:54:04 -04:00 | exit_guard_v2_refresh_ok
2026-05-07 13:55:22 -04:00 | exit_guard_v2_refresh_ok
2026-05-07 13:56:35 -04:00 | exit_guard_v2_refresh_ok
2026-05-07 13:57:51 -04:00 | exit_guard_v2_refresh_ok
2026-05-07 13:59:05 -04:00 | exit_guard_v2_refresh_ok
2026-05-07 14:00:18 -04:00 | exit_guard_v2_refresh_ok
2026-05-07 14:01:33 -04:00 | exit_guard_v2_refresh_ok
2026-05-07 14:02:47 -04:00 | exit_guard_v2_refresh_ok
2026-05-07 14:04:03 -04:00 | exit_guard_v2_refresh_ok
2026-05-07 14:05:17 -04:00 | exit_guard_v2_refresh_ok
2026-05-07 14:06:33 -04:00 | exit_guard_v2_refresh_ok
2026-05-07 14:07:49 -04:00 | exit_guard_v2_refresh_ok
2026-05-07 14:09:06 -04:00 | exit_guard_v2_refresh_ok
2026-05-07 14:10:19 -04:00 | exit_guard_v2_refresh_ok
2026-05-07 14:11:36 -04:00 | exit_guard_v2_refresh_ok
2026-05-07 14:12:54 -04:00 | exit_guard_v2_refresh_ok
2026-05-07 14:14:17 -04:00 | exit_guard_v2_refresh_ok
2026-05-07 14:15:36 -04:00 | exit_guard_v2_refresh_ok
2026-05-07 14:16:55 -04:00 | exit_guard_v2_refresh_ok
2026-05-07 14:18:17 -04:00 | exit_guard_v2_refresh_ok
2026-05-07 14:19:54 -04:00 | exit_guard_v2_refresh_ok
2026-05-07 14:21:23 -04:00 | exit_guard_v2_refresh_ok
2026-05-07 14:22:46 -04:00 | exit_guard_v2_refresh_ok
2026-05-07 14:24:04 -04:00 | exit_guard_v2_refresh_ok
2026-05-07 14:25:27 -04:00 | exit_guard_v2_refresh_ok
2026-05-07 14:26:48 -04:00 | exit_guard_v2_refresh_ok
2026-05-07 14:28:11 -04:00 | exit_guard_v2_refresh_ok
2026-05-07 14:29:33 -04:00 | exit_guard_v2_refresh_ok
2026-05-07 14:30:50 -04:00 | exit_guard_v2_refresh_ok
2026-05-07 14:32:06 -04:00 | exit_guard_v2_refresh_ok
2026-05-07 14:33:20 -04:00 | exit_guard_v2_refresh_ok
2026-05-07 14:34:39 -04:00 | exit_guard_v2_refresh_ok
2026-05-07 14:35:59 -04:00 | exit_guard_v2_refresh_ok
2026-05-07 14:37:18 -04:00 | exit_guard_v2_refresh_ok
2026-05-07 14:38:37 -04:00 | exit_guard_v2_refresh_ok
2026-05-07 14:40:59 -04:00 | exit_guard_v2_refresh_ok
2026-05-07 14:43:23 -04:00 | exit_guard_v2_refresh_ok
2026-05-07 14:45:41 -04:00 | exit_guard_v2_refresh_ok
2026-05-07 14:47:00 -04:00 | exit_guard_v2_refresh_ok
2026-05-07 14:48:19 -04:00 | exit_guard_v2_refresh_ok
2026-05-07 14:49:43 -04:00 | exit_guard_v2_refresh_ok
2026-05-07 14:51:00 -04:00 | exit_guard_v2_refresh_ok
2026-05-07 14:52:19 -04:00 | exit_guard_v2_refresh_ok
2026-05-07 14:53:39 -04:00 | exit_guard_v2_refresh_ok
2026-05-07 14:54:59 -04:00 | exit_guard_v2_refresh_ok
2026-05-07 14:56:18 -04:00 | exit_guard_v2_refresh_ok
2026-05-07 14:57:38 -04:00 | exit_guard_v2_refresh_ok
2026-05-07 14:58:57 -04:00 | exit_guard_v2_refresh_ok
2026-05-07 15:00:16 -04:00 | exit_guard_v2_refresh_ok
2026-05-07 15:01:35 -04:00 | exit_guard_v2_refresh_ok
2026-05-07 15:02:55 -04:00 | exit_guard_v2_refresh_ok
2026-05-07 15:04:17 -04:00 | exit_guard_v2_refresh_ok
2026-05-07 15:05:41 -04:00 | exit_guard_v2_refresh_ok
2026-05-07 15:07:05 -04:00 | exit_guard_v2_refresh_ok
2026-05-07 15:08:36 -04:00 | exit_guard_v2_refresh_ok
2026-05-07 15:10:05 -04:00 | exit_guard_v2_refresh_ok
2026-05-07 15:11:37 -04:00 | exit_guard_v2_refresh_ok
2026-05-07 15:13:08 -04:00 | exit_guard_v2_refresh_ok
2026-05-07 15:14:39 -04:00 | exit_guard_v2_refresh_ok
2026-05-07 15:16:09 -04:00 | exit_guard_v2_refresh_ok
2026-05-07 15:17:39 -04:00 | exit_guard_v2_refresh_ok
2026-05-07 15:19:17 -04:00 | exit_guard_v2_refresh_ok
2026-05-07 15:20:47 -04:00 | exit_guard_v2_refresh_ok
2026-05-07 15:22:18 -04:00 | exit_guard_v2_refresh_ok
2026-05-07 15:23:48 -04:00 | exit_guard_v2_refresh_ok
2026-05-07 15:25:19 -04:00 | exit_guard_v2_refresh_ok
2026-05-07 15:26:41 -04:00 | exit_guard_v2_refresh_ok
2026-05-07 15:28:03 -04:00 | exit_guard_v2_refresh_ok
2026-05-07 15:29:24 -04:00 | exit_guard_v2_refresh_ok
2026-05-07 15:30:46 -04:00 | exit_guard_v2_refresh_ok
2026-05-07 15:32:07 -04:00 | exit_guard_v2_refresh_ok
2026-05-07 15:33:36 -04:00 | exit_guard_v2_refresh_ok
2026-05-07 15:35:08 -04:00 | exit_guard_v2_refresh_ok
2026-05-07 15:36:37 -04:00 | exit_guard_v2_refresh_ok
2026-05-07 15:38:07 -04:00 | exit_guard_v2_refresh_ok
2026-05-07 15:39:38 -04:00 | exit_guard_v2_refresh_ok
2026-05-07 15:41:08 -04:00 | exit_guard_v2_refresh_ok
2026-05-07 15:42:40 -04:00 | exit_guard_v2_refresh_ok
2026-05-07 15:44:09 -04:00 | exit_guard_v2_refresh_ok
2026-05-07 15:45:40 -04:00 | exit_guard_v2_refresh_ok
2026-05-07 15:47:11 -04:00 | exit_guard_v2_refresh_ok
2026-05-07 15:48:40 -04:00 | exit_guard_v2_refresh_ok
2026-05-07 15:50:11 -04:00 | exit_guard_v2_refresh_ok
2026-05-07 15:51:40 -04:00 | exit_guard_v2_refresh_ok
2026-05-07 15:53:04 -04:00 | exit_guard_v2_refresh_ok
2026-05-07 15:54:27 -04:00 | exit_guard_v2_refresh_ok
2026-05-07 15:55:49 -04:00 | exit_guard_v2_refresh_ok
2026-05-07 15:57:11 -04:00 | exit_guard_v2_refresh_ok
2026-05-07 15:58:45 -04:00 | exit_guard_v2_refresh_ok
2026-05-07 16:00:15 -04:00 | exit_guard_v2_refresh_ok
2026-05-07 16:01:44 -04:00 | exit_guard_v2_refresh_ok
2026-05-07 16:03:16 -04:00 | exit_guard_v2_refresh_ok
2026-05-07 16:04:46 -04:00 | exit_guard_v2_refresh_ok
2026-05-07 16:06:16 -04:00 | exit_guard_v2_refresh_ok
2026-05-07 16:07:48 -04:00 | exit_guard_v2_refresh_ok
2026-05-07 16:09:21 -04:00 | exit_guard_v2_refresh_ok
2026-05-07 16:10:50 -04:00 | exit_guard_v2_refresh_ok
2026-05-07 16:12:20 -04:00 | exit_guard_v2_refresh_ok
2026-05-07 16:13:51 -04:00 | exit_guard_v2_refresh_ok
2026-05-07 16:15:23 -04:00 | exit_guard_v2_refresh_ok
2026-05-07 16:16:56 -04:00 | exit_guard_v2_refresh_ok
2026-05-07 16:18:26 -04:00 | exit_guard_v2_refresh_ok
2026-05-07 16:19:56 -04:00 | exit_guard_v2_refresh_ok
2026-05-07 16:21:26 -04:00 | exit_guard_v2_refresh_ok
2026-05-07 16:22:57 -04:00 | exit_guard_v2_refresh_ok
2026-05-07 16:24:29 -04:00 | exit_guard_v2_refresh_ok
2026-05-07 16:26:00 -04:00 | exit_guard_v2_refresh_ok
2026-05-07 16:27:33 -04:00 | exit_guard_v2_refresh_ok
2026-05-07 16:29:03 -04:00 | exit_guard_v2_refresh_ok
2026-05-07 16:30:33 -04:00 | exit_guard_v2_refresh_ok
2026-05-07 16:32:04 -04:00 | exit_guard_v2_refresh_ok
2026-05-07 16:33:35 -04:00 | exit_guard_v2_refresh_ok
2026-05-07 16:35:06 -04:00 | exit_guard_v2_refresh_ok
2026-05-07 16:36:38 -04:00 | exit_guard_v2_refresh_ok
2026-05-07 16:38:09 -04:00 | exit_guard_v2_refresh_ok
2026-05-07 16:39:40 -04:00 | exit_guard_v2_refresh_ok
2026-05-07 16:41:11 -04:00 | exit_guard_v2_refresh_ok
2026-05-07 16:42:41 -04:00 | exit_guard_v2_refresh_ok
2026-05-07 16:44:11 -04:00 | exit_guard_v2_refresh_ok
2026-05-07 16:45:34 -04:00 | exit_guard_v2_refresh_ok
2026-05-07 16:46:56 -04:00 | exit_guard_v2_refresh_ok
2026-05-07 16:48:19 -04:00 | exit_guard_v2_refresh_ok
2026-05-07 16:49:43 -04:00 | exit_guard_v2_refresh_ok
2026-05-07 16:51:06 -04:00 | exit_guard_v2_refresh_ok
2026-05-07 16:52:28 -04:00 | exit_guard_v2_refresh_ok
2026-05-07 16:53:50 -04:00 | exit_guard_v2_refresh_ok
2026-05-07 16:55:12 -04:00 | exit_guard_v2_refresh_ok
2026-05-07 16:56:37 -04:00 | exit_guard_v2_refresh_ok
2026-05-07 16:58:01 -04:00 | exit_guard_v2_refresh_ok
2026-05-07 16:59:24 -04:00 | exit_guard_v2_refresh_ok
2026-05-07 17:00:48 -04:00 | exit_guard_v2_refresh_ok
2026-05-07 17:02:11 -04:00 | exit_guard_v2_refresh_ok
2026-05-07 17:03:35 -04:00 | exit_guard_v2_refresh_ok
2026-05-07 17:05:00 -04:00 | exit_guard_v2_refresh_ok
2026-05-07 17:06:22 -04:00 | exit_guard_v2_refresh_ok
2026-05-07 17:07:45 -04:00 | exit_guard_v2_refresh_ok
2026-05-07 17:09:10 -04:00 | exit_guard_v2_refresh_ok
2026-05-07 17:10:34 -04:00 | exit_guard_v2_refresh_ok
2026-05-07 17:11:47 -04:00 | exit_guard_v2_refresh_ok
2026-05-07 17:13:01 -04:00 | exit_guard_v2_refresh_ok
2026-05-07 17:14:19 -04:00 | exit_guard_v2_refresh_ok
2026-05-07 17:15:32 -04:00 | exit_guard_v2_refresh_ok
2026-05-07 17:16:49 -04:00 | exit_guard_v2_refresh_ok
2026-05-07 17:18:08 -04:00 | exit_guard_v2_refresh_ok
2026-05-07 17:19:23 -04:00 | exit_guard_v2_refresh_ok
2026-05-07 17:20:37 -04:00 | exit_guard_v2_refresh_ok
2026-05-07 17:21:51 -04:00 | exit_guard_v2_refresh_ok
2026-05-07 17:23:05 -04:00 | exit_guard_v2_refresh_ok
2026-05-07 17:24:18 -04:00 | exit_guard_v2_refresh_ok
2026-05-07 17:25:33 -04:00 | exit_guard_v2_refresh_ok
2026-05-07 17:26:46 -04:00 | exit_guard_v2_refresh_ok
2026-05-07 17:28:03 -04:00 | exit_guard_v2_refresh_ok
2026-05-07 17:29:20 -04:00 | exit_guard_v2_refresh_ok
2026-05-07 17:30:34 -04:00 | exit_guard_v2_refresh_ok
2026-05-07 17:31:49 -04:00 | exit_guard_v2_refresh_ok
2026-05-07 17:33:03 -04:00 | exit_guard_v2_refresh_ok
2026-05-07 17:34:17 -04:00 | exit_guard_v2_refresh_ok
2026-05-07 17:35:31 -04:00 | exit_guard_v2_refresh_ok
2026-05-07 17:36:45 -04:00 | exit_guard_v2_refresh_ok
2026-05-07 17:37:59 -04:00 | exit_guard_v2_refresh_ok
2026-05-07 17:39:19 -04:00 | exit_guard_v2_refresh_ok
2026-05-07 17:40:33 -04:00 | exit_guard_v2_refresh_ok
2026-05-07 17:41:53 -04:00 | exit_guard_v2_refresh_ok
2026-05-07 17:43:18 -04:00 | exit_guard_v2_refresh_ok
2026-05-07 17:44:43 -04:00 | exit_guard_v2_refresh_ok
2026-05-07 17:46:00 -04:00 | exit_guard_v2_refresh_ok
2026-05-07 17:47:15 -04:00 | exit_guard_v2_refresh_ok
2026-05-07 17:48:37 -04:00 | exit_guard_v2_refresh_ok
2026-05-07 17:49:59 -04:00 | exit_guard_v2_refresh_ok
2026-05-07 17:51:12 -04:00 | exit_guard_v2_refresh_ok
2026-05-07 17:52:26 -04:00 | exit_guard_v2_refresh_ok
2026-05-07 17:53:42 -04:00 | exit_guard_v2_refresh_ok
2026-05-07 17:54:58 -04:00 | exit_guard_v2_refresh_ok
2026-05-07 17:56:12 -04:00 | exit_guard_v2_refresh_ok
2026-05-07 17:57:25 -04:00 | exit_guard_v2_refresh_ok
2026-05-07 17:58:39 -04:00 | exit_guard_v2_refresh_ok
2026-05-07 17:59:54 -04:00 | exit_guard_v2_refresh_ok
2026-05-07 18:01:09 -04:00 | exit_guard_v2_refresh_ok
2026-05-07 18:02:24 -04:00 | exit_guard_v2_refresh_ok
2026-05-07 18:03:37 -04:00 | exit_guard_v2_refresh_ok
2026-05-07 18:04:52 -04:00 | exit_guard_v2_refresh_ok
2026-05-07 18:06:08 -04:00 | exit_guard_v2_refresh_ok
2026-05-07 18:07:21 -04:00 | exit_guard_v2_refresh_ok
2026-05-07 18:08:36 -04:00 | exit_guard_v2_refresh_ok
2026-05-07 18:09:51 -04:00 | exit_guard_v2_refresh_ok
2026-05-07 18:11:05 -04:00 | exit_guard_v2_refresh_ok
2026-05-07 18:12:18 -04:00 | exit_guard_v2_refresh_ok
2026-05-07 18:13:31 -04:00 | exit_guard_v2_refresh_ok
2026-05-07 18:14:48 -04:00 | exit_guard_v2_refresh_ok
2026-05-07 18:16:03 -04:00 | exit_guard_v2_refresh_ok
2026-05-07 18:17:17 -04:00 | exit_guard_v2_refresh_ok
2026-05-07 18:18:31 -04:00 | exit_guard_v2_refresh_ok
2026-05-07 18:19:45 -04:00 | exit_guard_v2_refresh_ok
2026-05-07 18:20:59 -04:00 | exit_guard_v2_refresh_ok
2026-05-07 18:22:12 -04:00 | exit_guard_v2_refresh_ok
2026-05-07 18:23:27 -04:00 | exit_guard_v2_refresh_ok
2026-05-07 18:24:39 -04:00 | exit_guard_v2_refresh_ok
2026-05-07 18:25:52 -04:00 | exit_guard_v2_refresh_ok
2026-05-07 18:27:05 -04:00 | exit_guard_v2_refresh_ok
2026-05-07 18:28:20 -04:00 | exit_guard_v2_refresh_ok
2026-05-07 18:29:34 -04:00 | exit_guard_v2_refresh_ok
2026-05-07 18:30:47 -04:00 | exit_guard_v2_refresh_ok
2026-05-07 18:32:02 -04:00 | exit_guard_v2_refresh_ok
2026-05-07 18:33:16 -04:00 | exit_guard_v2_refresh_ok
2026-05-07 18:34:30 -04:00 | exit_guard_v2_refresh_ok
2026-05-07 18:35:43 -04:00 | exit_guard_v2_refresh_ok
2026-05-07 18:36:58 -04:00 | exit_guard_v2_refresh_ok
2026-05-07 18:38:11 -04:00 | exit_guard_v2_refresh_ok
2026-05-07 18:39:25 -04:00 | exit_guard_v2_refresh_ok
2026-05-07 18:40:39 -04:00 | exit_guard_v2_refresh_ok
2026-05-07 18:41:54 -04:00 | exit_guard_v2_refresh_ok
2026-05-07 18:43:07 -04:00 | exit_guard_v2_refresh_ok
2026-05-07 18:44:19 -04:00 | exit_guard_v2_refresh_ok
2026-05-07 18:45:32 -04:00 | exit_guard_v2_refresh_ok
2026-05-07 18:46:50 -04:00 | exit_guard_v2_refresh_ok
2026-05-07 18:48:14 -04:00 | exit_guard_v2_refresh_ok
2026-05-07 18:49:37 -04:00 | exit_guard_v2_refresh_ok
2026-05-07 18:51:01 -04:00 | exit_guard_v2_refresh_ok
2026-05-07 18:52:24 -04:00 | exit_guard_v2_refresh_ok
2026-05-07 18:53:48 -04:00 | exit_guard_v2_refresh_ok
2026-05-07 18:55:11 -04:00 | exit_guard_v2_refresh_ok
2026-05-07 18:56:35 -04:00 | exit_guard_v2_refresh_ok
2026-05-07 18:57:58 -04:00 | exit_guard_v2_refresh_ok
2026-05-07 18:59:22 -04:00 | exit_guard_v2_refresh_ok
2026-05-07 19:00:47 -04:00 | exit_guard_v2_refresh_ok
2026-05-07 19:02:18 -04:00 | exit_guard_v2_refresh_ok
2026-05-07 19:03:40 -04:00 | exit_guard_v2_refresh_ok
2026-05-07 19:05:03 -04:00 | exit_guard_v2_refresh_ok
2026-05-07 19:06:27 -04:00 | exit_guard_v2_refresh_ok
2026-05-07 19:07:50 -04:00 | exit_guard_v2_refresh_ok
2026-05-07 19:09:22 -04:00 | exit_guard_v2_refresh_ok
2026-05-07 19:10:53 -04:00 | exit_guard_v2_refresh_ok
2026-05-07 19:12:15 -04:00 | exit_guard_v2_refresh_ok
2026-05-07 19:13:39 -04:00 | exit_guard_v2_refresh_ok
2026-05-07 19:15:03 -04:00 | exit_guard_v2_refresh_ok
2026-05-07 19:16:27 -04:00 | exit_guard_v2_refresh_ok
2026-05-07 19:17:50 -04:00 | exit_guard_v2_refresh_ok
2026-05-07 19:19:17 -04:00 | exit_guard_v2_refresh_ok
2026-05-07 19:20:47 -04:00 | exit_guard_v2_refresh_ok
2026-05-07 19:22:04 -04:00 | exit_guard_v2_refresh_ok
2026-05-07 19:23:26 -04:00 | exit_guard_v2_refresh_ok
2026-05-07 19:24:46 -04:00 | exit_guard_v2_refresh_ok
2026-05-07 19:26:06 -04:00 | exit_guard_v2_refresh_ok
2026-05-07 19:27:28 -04:00 | exit_guard_v2_refresh_ok
2026-05-07 19:28:46 -04:00 | exit_guard_v2_refresh_ok
2026-05-07 19:30:03 -04:00 | exit_guard_v2_refresh_ok
2026-05-07 19:31:17 -04:00 | exit_guard_v2_refresh_ok
2026-05-07 19:32:33 -04:00 | exit_guard_v2_refresh_ok
2026-05-07 19:33:49 -04:00 | exit_guard_v2_refresh_ok
2026-05-07 19:35:05 -04:00 | exit_guard_v2_refresh_ok
2026-05-07 19:36:20 -04:00 | exit_guard_v2_refresh_ok
2026-05-07 19:37:36 -04:00 | exit_guard_v2_refresh_ok
2026-05-07 19:38:52 -04:00 | exit_guard_v2_refresh_ok
2026-05-07 19:40:07 -04:00 | exit_guard_v2_refresh_ok
2026-05-07 19:41:21 -04:00 | exit_guard_v2_refresh_ok
2026-05-07 19:42:36 -04:00 | exit_guard_v2_refresh_ok
2026-05-07 19:43:53 -04:00 | exit_guard_v2_refresh_ok
2026-05-07 19:45:07 -04:00 | exit_guard_v2_refresh_ok
2026-05-07 19:46:22 -04:00 | exit_guard_v2_refresh_ok
2026-05-07 19:47:35 -04:00 | exit_guard_v2_refresh_ok
2026-05-07 19:48:51 -04:00 | exit_guard_v2_refresh_ok
2026-05-07 19:50:06 -04:00 | exit_guard_v2_refresh_ok
2026-05-07 19:51:23 -04:00 | exit_guard_v2_refresh_ok
2026-05-07 19:52:38 -04:00 | exit_guard_v2_refresh_ok
2026-05-07 19:53:55 -04:00 | exit_guard_v2_refresh_ok
2026-05-07 19:55:13 -04:00 | exit_guard_v2_refresh_ok
2026-05-07 19:56:37 -04:00 | exit_guard_v2_refresh_ok
2026-05-07 19:58:02 -04:00 | exit_guard_v2_refresh_ok
2026-05-07 19:59:20 -04:00 | exit_guard_v2_refresh_ok
2026-05-07 20:00:37 -04:00 | exit_guard_v2_refresh_ok
2026-05-07 20:01:51 -04:00 | exit_guard_v2_refresh_ok
2026-05-07 20:03:05 -04:00 | exit_guard_v2_refresh_ok
2026-05-07 20:04:22 -04:00 | exit_guard_v2_refresh_ok
2026-05-07 20:05:37 -04:00 | exit_guard_v2_refresh_ok
2026-05-07 20:06:53 -04:00 | exit_guard_v2_refresh_ok
2026-05-07 20:08:08 -04:00 | exit_guard_v2_refresh_ok
2026-05-07 20:09:22 -04:00 | exit_guard_v2_refresh_ok
2026-05-07 20:10:38 -04:00 | exit_guard_v2_refresh_ok
2026-05-07 20:11:56 -04:00 | exit_guard_v2_refresh_ok
2026-05-07 20:13:12 -04:00 | exit_guard_v2_refresh_ok
2026-05-07 20:14:27 -04:00 | exit_guard_v2_refresh_ok
2026-05-07 20:15:44 -04:00 | exit_guard_v2_refresh_ok
2026-05-07 20:16:58 -04:00 | exit_guard_v2_refresh_ok
2026-05-07 20:18:15 -04:00 | exit_guard_v2_refresh_ok
2026-05-07 20:19:31 -04:00 | exit_guard_v2_refresh_ok
2026-05-07 20:20:46 -04:00 | exit_guard_v2_refresh_ok
2026-05-07 20:22:02 -04:00 | exit_guard_v2_refresh_ok
2026-05-07 20:23:16 -04:00 | exit_guard_v2_refresh_ok
2026-05-07 20:24:32 -04:00 | exit_guard_v2_refresh_ok
2026-05-07 20:25:46 -04:00 | exit_guard_v2_refresh_ok
2026-05-07 20:27:00 -04:00 | exit_guard_v2_refresh_ok
2026-05-07 20:28:16 -04:00 | exit_guard_v2_refresh_ok
2026-05-07 20:29:34 -04:00 | exit_guard_v2_refresh_ok
2026-05-07 20:30:52 -04:00 | exit_guard_v2_refresh_ok
2026-05-07 20:32:07 -04:00 | exit_guard_v2_refresh_ok
2026-05-07 20:33:22 -04:00 | exit_guard_v2_refresh_ok
2026-05-07 20:34:37 -04:00 | exit_guard_v2_refresh_ok
2026-05-07 20:35:54 -04:00 | exit_guard_v2_refresh_ok
2026-05-07 20:37:10 -04:00 | exit_guard_v2_refresh_ok
2026-05-07 20:38:28 -04:00 | exit_guard_v2_refresh_ok
2026-05-07 20:39:44 -04:00 | exit_guard_v2_refresh_ok
2026-05-07 20:41:10 -04:00 | exit_guard_v2_refresh_ok
2026-05-07 20:42:35 -04:00 | exit_guard_v2_refresh_ok
2026-05-07 20:43:57 -04:00 | exit_guard_v2_refresh_ok
2026-05-07 20:45:30 -04:00 | exit_guard_v2_refresh_ok
2026-05-07 20:46:52 -04:00 | exit_guard_v2_refresh_ok
2026-05-07 20:48:22 -04:00 | exit_guard_v2_refresh_ok
2026-05-07 20:49:44 -04:00 | exit_guard_v2_refresh_ok
2026-05-07 20:51:02 -04:00 | exit_guard_v2_refresh_ok
2026-05-07 20:52:19 -04:00 | exit_guard_v2_refresh_ok
2026-05-07 20:53:35 -04:00 | exit_guard_v2_refresh_ok
2026-05-07 20:54:54 -04:00 | exit_guard_v2_refresh_ok
2026-05-07 20:56:09 -04:00 | exit_guard_v2_refresh_ok
2026-05-07 20:57:23 -04:00 | exit_guard_v2_refresh_ok
2026-05-07 20:58:39 -04:00 | exit_guard_v2_refresh_ok
2026-05-07 20:59:53 -04:00 | exit_guard_v2_refresh_ok
2026-05-07 21:01:08 -04:00 | exit_guard_v2_refresh_ok
2026-05-07 21:02:24 -04:00 | exit_guard_v2_refresh_ok
2026-05-07 21:03:41 -04:00 | exit_guard_v2_refresh_ok
2026-05-07 21:04:57 -04:00 | exit_guard_v2_refresh_ok
2026-05-07 21:06:27 -04:00 | exit_guard_v2_refresh_ok
2026-05-07 21:07:55 -04:00 | exit_guard_v2_refresh_ok
2026-05-07 21:09:19 -04:00 | exit_guard_v2_refresh_ok
2026-05-07 21:10:39 -04:00 | exit_guard_v2_refresh_ok
2026-05-07 21:12:05 -04:00 | exit_guard_v2_refresh_ok
2026-05-07 21:13:32 -04:00 | exit_guard_v2_refresh_ok
2026-05-07 21:14:57 -04:00 | exit_guard_v2_refresh_ok
2026-05-07 21:16:16 -04:00 | exit_guard_v2_refresh_ok
2026-05-07 21:17:44 -04:00 | exit_guard_v2_refresh_ok
2026-05-07 21:19:12 -04:00 | exit_guard_v2_refresh_ok
2026-05-07 21:20:45 -04:00 | exit_guard_v2_refresh_ok
2026-05-07 21:22:12 -04:00 | exit_guard_v2_refresh_ok
2026-05-07 21:23:40 -04:00 | exit_guard_v2_refresh_ok
2026-05-07 21:25:05 -04:00 | exit_guard_v2_refresh_ok
2026-05-07 21:26:36 -04:00 | exit_guard_v2_refresh_ok
2026-05-07 21:28:04 -04:00 | exit_guard_v2_refresh_ok
2026-05-07 21:29:26 -04:00 | exit_guard_v2_refresh_ok
2026-05-07 21:30:51 -04:00 | exit_guard_v2_refresh_ok
2026-05-07 21:32:11 -04:00 | exit_guard_v2_refresh_ok
2026-05-07 21:33:34 -04:00 | exit_guard_v2_refresh_ok
2026-05-07 21:34:56 -04:00 | exit_guard_v2_refresh_ok
2026-05-07 21:36:25 -04:00 | exit_guard_v2_refresh_ok
2026-05-07 21:37:53 -04:00 | exit_guard_v2_refresh_ok
2026-05-07 21:39:19 -04:00 | exit_guard_v2_refresh_ok
2026-05-07 21:40:43 -04:00 | exit_guard_v2_refresh_ok
2026-05-07 21:42:07 -04:00 | exit_guard_v2_refresh_ok
2026-05-07 21:43:30 -04:00 | exit_guard_v2_refresh_ok
2026-05-07 21:44:53 -04:00 | exit_guard_v2_refresh_ok
2026-05-07 21:46:18 -04:00 | exit_guard_v2_refresh_ok
2026-05-07 21:47:40 -04:00 | exit_guard_v2_refresh_ok
2026-05-07 21:49:12 -04:00 | exit_guard_v2_refresh_ok
2026-05-07 21:50:35 -04:00 | exit_guard_v2_refresh_ok
2026-05-07 21:52:05 -04:00 | exit_guard_v2_refresh_ok
2026-05-07 21:53:36 -04:00 | exit_guard_v2_refresh_ok
2026-05-07 21:55:01 -04:00 | exit_guard_v2_refresh_ok
2026-05-07 21:56:24 -04:00 | exit_guard_v2_refresh_ok
2026-05-07 21:57:46 -04:00 | exit_guard_v2_refresh_ok
2026-05-07 21:59:04 -04:00 | exit_guard_v2_refresh_ok
2026-05-07 22:00:22 -04:00 | exit_guard_v2_refresh_ok
2026-05-07 22:01:48 -04:00 | exit_guard_v2_refresh_ok
2026-05-07 22:03:18 -04:00 | exit_guard_v2_refresh_ok
2026-05-07 22:04:50 -04:00 | exit_guard_v2_refresh_ok
2026-05-07 22:06:18 -04:00 | exit_guard_v2_refresh_ok
2026-05-07 22:07:44 -04:00 | exit_guard_v2_refresh_ok
2026-05-07 22:09:15 -04:00 | exit_guard_v2_refresh_ok
2026-05-07 22:10:48 -04:00 | exit_guard_v2_refresh_ok
2026-05-07 22:12:09 -04:00 | exit_guard_v2_refresh_ok
2026-05-07 22:13:44 -04:00 | exit_guard_v2_refresh_ok
2026-05-07 22:15:13 -04:00 | exit_guard_v2_refresh_ok
2026-05-07 22:16:37 -04:00 | exit_guard_v2_refresh_ok
2026-05-07 22:18:00 -04:00 | exit_guard_v2_refresh_ok
2026-05-07 22:19:23 -04:00 | exit_guard_v2_refresh_ok
2026-05-07 22:20:47 -04:00 | exit_guard_v2_refresh_ok
2026-05-07 22:22:11 -04:00 | exit_guard_v2_refresh_ok
2026-05-07 22:23:35 -04:00 | exit_guard_v2_refresh_ok
2026-05-07 22:24:58 -04:00 | exit_guard_v2_refresh_ok
2026-05-07 22:26:21 -04:00 | exit_guard_v2_refresh_ok
2026-05-07 22:27:45 -04:00 | exit_guard_v2_refresh_ok
2026-05-07 22:29:09 -04:00 | exit_guard_v2_refresh_ok
2026-05-07 22:30:33 -04:00 | exit_guard_v2_refresh_ok
2026-05-07 22:31:55 -04:00 | exit_guard_v2_refresh_ok
2026-05-07 22:33:19 -04:00 | exit_guard_v2_refresh_ok
2026-05-07 22:34:44 -04:00 | exit_guard_v2_refresh_ok
2026-05-07 22:36:15 -04:00 | exit_guard_v2_refresh_ok
2026-05-07 22:37:39 -04:00 | exit_guard_v2_refresh_ok
2026-05-07 22:39:04 -04:00 | exit_guard_v2_refresh_ok
2026-05-07 22:40:27 -04:00 | exit_guard_v2_refresh_ok
2026-05-07 22:41:50 -04:00 | exit_guard_v2_refresh_ok
2026-05-07 22:43:15 -04:00 | exit_guard_v2_refresh_ok
2026-05-07 22:44:38 -04:00 | exit_guard_v2_refresh_ok
2026-05-07 22:46:11 -04:00 | exit_guard_v2_refresh_ok
2026-05-07 22:47:35 -04:00 | exit_guard_v2_refresh_ok
2026-05-07 22:49:01 -04:00 | exit_guard_v2_refresh_ok
2026-05-07 22:50:24 -04:00 | exit_guard_v2_refresh_ok
2026-05-07 22:51:57 -04:00 | exit_guard_v2_refresh_ok
2026-05-07 22:53:23 -04:00 | exit_guard_v2_refresh_ok
2026-05-07 22:54:48 -04:00 | exit_guard_v2_refresh_ok
2026-05-07 22:56:12 -04:00 | exit_guard_v2_refresh_ok
2026-05-07 22:57:36 -04:00 | exit_guard_v2_refresh_ok
2026-05-07 22:59:00 -04:00 | exit_guard_v2_refresh_ok
2026-05-07 23:00:23 -04:00 | exit_guard_v2_refresh_ok
2026-05-07 23:01:46 -04:00 | exit_guard_v2_refresh_ok
2026-05-07 23:03:20 -04:00 | exit_guard_v2_refresh_ok
2026-05-07 23:04:50 -04:00 | exit_guard_v2_refresh_ok
2026-05-07 23:06:21 -04:00 | exit_guard_v2_refresh_ok
2026-05-07 23:07:45 -04:00 | exit_guard_v2_refresh_ok
2026-05-07 23:09:09 -04:00 | exit_guard_v2_refresh_ok
2026-05-07 23:10:32 -04:00 | exit_guard_v2_refresh_ok
2026-05-07 23:11:56 -04:00 | exit_guard_v2_refresh_ok
2026-05-07 23:13:20 -04:00 | exit_guard_v2_refresh_ok
2026-05-07 23:14:44 -04:00 | exit_guard_v2_refresh_ok
2026-05-07 23:16:08 -04:00 | exit_guard_v2_refresh_ok
2026-05-07 23:17:41 -04:00 | exit_guard_v2_refresh_ok
2026-05-07 23:19:11 -04:00 | exit_guard_v2_refresh_ok
2026-05-07 23:20:42 -04:00 | exit_guard_v2_refresh_ok
2026-05-07 23:22:12 -04:00 | exit_guard_v2_refresh_ok
2026-05-07 23:23:45 -04:00 | exit_guard_v2_refresh_ok
2026-05-07 23:25:16 -04:00 | exit_guard_v2_refresh_ok
2026-05-07 23:26:45 -04:00 | exit_guard_v2_refresh_ok
2026-05-07 23:28:15 -04:00 | exit_guard_v2_refresh_ok
2026-05-07 23:29:47 -04:00 | exit_guard_v2_refresh_ok
2026-05-07 23:31:17 -04:00 | exit_guard_v2_refresh_ok
2026-05-07 23:32:47 -04:00 | exit_guard_v2_refresh_ok
2026-05-07 23:34:20 -04:00 | exit_guard_v2_refresh_ok
2026-05-07 23:35:52 -04:00 | exit_guard_v2_refresh_ok
2026-05-07 23:37:24 -04:00 | exit_guard_v2_refresh_ok
2026-05-07 23:38:54 -04:00 | exit_guard_v2_refresh_ok
2026-05-07 23:40:25 -04:00 | exit_guard_v2_refresh_ok
2026-05-07 23:41:58 -04:00 | exit_guard_v2_refresh_ok
2026-05-07 23:43:29 -04:00 | exit_guard_v2_refresh_ok
2026-05-07 23:44:59 -04:00 | exit_guard_v2_refresh_ok
2026-05-07 23:46:29 -04:00 | exit_guard_v2_refresh_ok
2026-05-07 23:47:59 -04:00 | exit_guard_v2_refresh_ok
2026-05-07 23:49:30 -04:00 | exit_guard_v2_refresh_ok
2026-05-07 23:51:01 -04:00 | exit_guard_v2_refresh_ok
2026-05-07 23:52:32 -04:00 | exit_guard_v2_refresh_ok
2026-05-07 23:54:03 -04:00 | exit_guard_v2_refresh_ok
2026-05-07 23:55:33 -04:00 | exit_guard_v2_refresh_ok
2026-05-07 23:57:04 -04:00 | exit_guard_v2_refresh_ok
2026-05-07 23:58:35 -04:00 | exit_guard_v2_refresh_ok
2026-05-08 00:00:06 -04:00 | exit_guard_v2_refresh_ok
2026-05-08 00:01:37 -04:00 | exit_guard_v2_refresh_ok
2026-05-08 00:03:09 -04:00 | exit_guard_v2_refresh_ok
2026-05-08 00:04:40 -04:00 | exit_guard_v2_refresh_ok
2026-05-08 00:06:11 -04:00 | exit_guard_v2_refresh_ok
2026-05-08 00:07:42 -04:00 | exit_guard_v2_refresh_ok
2026-05-08 00:09:13 -04:00 | exit_guard_v2_refresh_ok
2026-05-08 00:10:45 -04:00 | exit_guard_v2_refresh_ok
2026-05-08 00:12:16 -04:00 | exit_guard_v2_refresh_ok
2026-05-08 00:13:48 -04:00 | exit_guard_v2_refresh_ok
2026-05-08 00:15:19 -04:00 | exit_guard_v2_refresh_ok
2026-05-08 00:16:50 -04:00 | exit_guard_v2_refresh_ok
2026-05-08 00:18:21 -04:00 | exit_guard_v2_refresh_ok
2026-05-08 00:19:54 -04:00 | exit_guard_v2_refresh_ok
2026-05-08 00:21:25 -04:00 | exit_guard_v2_refresh_ok
2026-05-08 00:22:56 -04:00 | exit_guard_v2_refresh_ok
2026-05-08 00:24:25 -04:00 | exit_guard_v2_refresh_ok
2026-05-08 00:25:57 -04:00 | exit_guard_v2_refresh_ok
2026-05-08 00:27:28 -04:00 | exit_guard_v2_refresh_ok
2026-05-08 00:29:00 -04:00 | exit_guard_v2_refresh_ok
2026-05-08 00:30:32 -04:00 | exit_guard_v2_refresh_ok
2026-05-08 00:32:05 -04:00 | exit_guard_v2_refresh_ok
2026-05-08 00:33:36 -04:00 | exit_guard_v2_refresh_ok
2026-05-08 00:35:00 -04:00 | exit_guard_v2_refresh_ok
2026-05-08 00:36:24 -04:00 | exit_guard_v2_refresh_ok
2026-05-08 00:37:47 -04:00 | exit_guard_v2_refresh_ok
2026-05-08 00:39:10 -04:00 | exit_guard_v2_refresh_ok
2026-05-08 00:40:34 -04:00 | exit_guard_v2_refresh_ok
2026-05-08 00:41:58 -04:00 | exit_guard_v2_refresh_ok
2026-05-08 00:43:23 -04:00 | exit_guard_v2_refresh_ok
2026-05-08 00:44:46 -04:00 | exit_guard_v2_refresh_ok
2026-05-08 00:46:10 -04:00 | exit_guard_v2_refresh_ok
2026-05-08 00:47:43 -04:00 | exit_guard_v2_refresh_ok
2026-05-08 00:49:13 -04:00 | exit_guard_v2_refresh_ok
2026-05-08 00:50:44 -04:00 | exit_guard_v2_refresh_ok
2026-05-08 00:52:15 -04:00 | exit_guard_v2_refresh_ok
2026-05-08 00:53:46 -04:00 | exit_guard_v2_refresh_ok
2026-05-08 00:55:08 -04:00 | exit_guard_v2_refresh_ok
2026-05-08 00:56:27 -04:00 | exit_guard_v2_refresh_ok
2026-05-08 00:57:45 -04:00 | exit_guard_v2_refresh_ok
2026-05-08 00:59:09 -04:00 | exit_guard_v2_refresh_ok
2026-05-08 01:00:32 -04:00 | exit_guard_v2_refresh_ok
2026-05-08 01:01:56 -04:00 | exit_guard_v2_refresh_ok
2026-05-08 01:03:20 -04:00 | exit_guard_v2_refresh_ok
2026-05-08 01:04:44 -04:00 | exit_guard_v2_refresh_ok
2026-05-08 01:06:10 -04:00 | exit_guard_v2_refresh_ok
2026-05-08 01:07:33 -04:00 | exit_guard_v2_refresh_ok
2026-05-08 01:08:57 -04:00 | exit_guard_v2_refresh_ok
2026-05-08 01:10:20 -04:00 | exit_guard_v2_refresh_ok
2026-05-08 01:11:44 -04:00 | exit_guard_v2_refresh_ok
2026-05-08 01:13:07 -04:00 | exit_guard_v2_refresh_ok
2026-05-08 01:14:33 -04:00 | exit_guard_v2_refresh_ok
2026-05-08 01:15:57 -04:00 | exit_guard_v2_refresh_ok
2026-05-08 01:17:20 -04:00 | exit_guard_v2_refresh_ok
2026-05-08 01:18:44 -04:00 | exit_guard_v2_refresh_ok
2026-05-08 01:20:08 -04:00 | exit_guard_v2_refresh_ok
2026-05-08 01:21:31 -04:00 | exit_guard_v2_refresh_ok
2026-05-08 01:22:55 -04:00 | exit_guard_v2_refresh_ok
2026-05-08 01:24:19 -04:00 | exit_guard_v2_refresh_ok
2026-05-08 01:25:42 -04:00 | exit_guard_v2_refresh_ok
2026-05-08 01:27:06 -04:00 | exit_guard_v2_refresh_ok
2026-05-08 01:28:29 -04:00 | exit_guard_v2_refresh_ok
2026-05-08 01:29:52 -04:00 | exit_guard_v2_refresh_ok
2026-05-08 01:31:15 -04:00 | exit_guard_v2_refresh_ok
2026-05-08 01:32:39 -04:00 | exit_guard_v2_refresh_ok
2026-05-08 01:34:02 -04:00 | exit_guard_v2_refresh_ok
2026-05-08 01:35:25 -04:00 | exit_guard_v2_refresh_ok
2026-05-08 01:36:47 -04:00 | exit_guard_v2_refresh_ok
2026-05-08 01:38:19 -04:00 | exit_guard_v2_refresh_ok
2026-05-08 01:39:42 -04:00 | exit_guard_v2_refresh_ok
2026-05-08 01:41:06 -04:00 | exit_guard_v2_refresh_ok
2026-05-08 01:42:29 -04:00 | exit_guard_v2_refresh_ok
2026-05-08 01:43:54 -04:00 | exit_guard_v2_refresh_ok
2026-05-08 01:45:17 -04:00 | exit_guard_v2_refresh_ok
2026-05-08 01:46:41 -04:00 | exit_guard_v2_refresh_ok
2026-05-08 01:48:07 -04:00 | exit_guard_v2_refresh_ok
2026-05-08 01:49:30 -04:00 | exit_guard_v2_refresh_ok
2026-05-08 01:50:54 -04:00 | exit_guard_v2_refresh_ok
2026-05-08 01:52:17 -04:00 | exit_guard_v2_refresh_ok
2026-05-08 01:53:40 -04:00 | exit_guard_v2_refresh_ok
2026-05-08 01:55:03 -04:00 | exit_guard_v2_refresh_ok
2026-05-08 01:56:27 -04:00 | exit_guard_v2_refresh_ok
2026-05-08 01:57:51 -04:00 | exit_guard_v2_refresh_ok
2026-05-08 01:59:14 -04:00 | exit_guard_v2_refresh_ok
2026-05-08 02:00:36 -04:00 | exit_guard_v2_refresh_ok
2026-05-08 02:02:00 -04:00 | exit_guard_v2_refresh_ok
2026-05-08 02:03:23 -04:00 | exit_guard_v2_refresh_ok
2026-05-08 02:04:45 -04:00 | exit_guard_v2_refresh_ok
2026-05-08 02:06:09 -04:00 | exit_guard_v2_refresh_ok
2026-05-08 02:07:32 -04:00 | exit_guard_v2_refresh_ok
2026-05-08 02:08:55 -04:00 | exit_guard_v2_refresh_ok
2026-05-08 02:10:19 -04:00 | exit_guard_v2_refresh_ok
2026-05-08 02:11:43 -04:00 | exit_guard_v2_refresh_ok
2026-05-08 02:13:06 -04:00 | exit_guard_v2_refresh_ok
2026-05-08 02:14:30 -04:00 | exit_guard_v2_refresh_ok
2026-05-08 02:15:53 -04:00 | exit_guard_v2_refresh_ok
2026-05-08 02:17:18 -04:00 | exit_guard_v2_refresh_ok
2026-05-08 02:18:41 -04:00 | exit_guard_v2_refresh_ok
2026-05-08 02:20:05 -04:00 | exit_guard_v2_refresh_ok
2026-05-08 02:21:28 -04:00 | exit_guard_v2_refresh_ok
2026-05-08 02:22:52 -04:00 | exit_guard_v2_refresh_ok
2026-05-08 02:24:16 -04:00 | exit_guard_v2_refresh_ok
2026-05-08 02:25:39 -04:00 | exit_guard_v2_refresh_ok
2026-05-08 02:27:02 -04:00 | exit_guard_v2_refresh_ok
2026-05-08 02:28:25 -04:00 | exit_guard_v2_refresh_ok
2026-05-08 02:29:49 -04:00 | exit_guard_v2_refresh_ok
2026-05-08 02:31:11 -04:00 | exit_guard_v2_refresh_ok
2026-05-08 02:32:35 -04:00 | exit_guard_v2_refresh_ok
2026-05-08 02:33:58 -04:00 | exit_guard_v2_refresh_ok
2026-05-08 02:35:22 -04:00 | exit_guard_v2_refresh_ok
2026-05-08 02:36:46 -04:00 | exit_guard_v2_refresh_ok
2026-05-08 02:38:09 -04:00 | exit_guard_v2_refresh_ok
2026-05-08 02:39:32 -04:00 | exit_guard_v2_refresh_ok
2026-05-08 02:40:55 -04:00 | exit_guard_v2_refresh_ok
2026-05-08 02:42:20 -04:00 | exit_guard_v2_refresh_ok
2026-05-08 02:43:44 -04:00 | exit_guard_v2_refresh_ok
2026-05-08 02:45:06 -04:00 | exit_guard_v2_refresh_ok
2026-05-08 02:46:29 -04:00 | exit_guard_v2_refresh_ok
2026-05-08 02:47:54 -04:00 | exit_guard_v2_refresh_ok
2026-05-08 02:49:16 -04:00 | exit_guard_v2_refresh_ok
2026-05-08 02:50:39 -04:00 | exit_guard_v2_refresh_ok
2026-05-08 02:52:10 -04:00 | exit_guard_v2_refresh_ok
2026-05-08 02:53:41 -04:00 | exit_guard_v2_refresh_ok
2026-05-08 02:55:12 -04:00 | exit_guard_v2_refresh_ok
2026-05-08 02:56:44 -04:00 | exit_guard_v2_refresh_ok
2026-05-08 02:58:15 -04:00 | exit_guard_v2_refresh_ok
2026-05-08 02:59:46 -04:00 | exit_guard_v2_refresh_ok
2026-05-08 03:01:17 -04:00 | exit_guard_v2_refresh_ok
2026-05-08 03:02:47 -04:00 | exit_guard_v2_refresh_ok
2026-05-08 03:04:17 -04:00 | exit_guard_v2_refresh_ok
2026-05-08 08:27:15 -04:00 | exit_guard_v2_refresh_ok
2026-05-08 08:28:30 -04:00 | exit_guard_v2_refresh_ok
2026-05-08 08:29:45 -04:00 | exit_guard_v2_refresh_ok
2026-05-08 08:31:01 -04:00 | exit_guard_v2_refresh_ok
2026-05-08 08:32:16 -04:00 | exit_guard_v2_refresh_ok
2026-05-08 08:33:34 -04:00 | exit_guard_v2_refresh_ok
2026-05-08 08:34:51 -04:00 | exit_guard_v2_refresh_ok
2026-05-08 08:36:04 -04:00 | exit_guard_v2_refresh_ok
2026-05-08 08:37:22 -04:00 | exit_guard_v2_refresh_ok
2026-05-08 08:38:39 -04:00 | exit_guard_v2_refresh_ok
2026-05-08 08:39:56 -04:00 | exit_guard_v2_refresh_ok
2026-05-08 08:41:12 -04:00 | exit_guard_v2_refresh_ok
2026-05-08 08:42:30 -04:00 | exit_guard_v2_refresh_ok
2026-05-08 08:43:44 -04:00 | exit_guard_v2_refresh_ok
2026-05-08 08:45:02 -04:00 | exit_guard_v2_refresh_ok
2026-05-08 08:46:19 -04:00 | exit_guard_v2_refresh_ok
2026-05-08 08:47:37 -04:00 | exit_guard_v2_refresh_ok
2026-05-08 08:48:54 -04:00 | exit_guard_v2_refresh_ok
2026-05-08 08:50:07 -04:00 | exit_guard_v2_refresh_ok
2026-05-08 08:51:26 -04:00 | exit_guard_v2_refresh_ok
2026-05-08 08:52:46 -04:00 | exit_guard_v2_refresh_ok
2026-05-08 08:54:01 -04:00 | exit_guard_v2_refresh_ok
2026-05-08 08:55:18 -04:00 | exit_guard_v2_refresh_ok
2026-05-08 08:56:36 -04:00 | exit_guard_v2_refresh_ok
2026-05-08 08:57:53 -04:00 | exit_guard_v2_refresh_ok
2026-05-08 08:59:11 -04:00 | exit_guard_v2_refresh_ok
2026-05-08 09:00:26 -04:00 | exit_guard_v2_refresh_ok
2026-05-08 09:01:43 -04:00 | exit_guard_v2_refresh_ok
2026-05-08 09:03:02 -04:00 | exit_guard_v2_refresh_ok
2026-05-08 09:04:18 -04:00 | exit_guard_v2_refresh_ok
2026-05-08 09:05:36 -04:00 | exit_guard_v2_refresh_ok
2026-05-08 09:06:55 -04:00 | exit_guard_v2_refresh_ok
2026-05-08 09:08:10 -04:00 | exit_guard_v2_refresh_ok
2026-05-08 09:09:28 -04:00 | exit_guard_v2_refresh_ok
2026-05-08 09:10:46 -04:00 | exit_guard_v2_refresh_ok
2026-05-08 09:12:02 -04:00 | exit_guard_v2_refresh_ok
2026-05-08 09:13:21 -04:00 | exit_guard_v2_refresh_ok
2026-05-08 09:14:39 -04:00 | exit_guard_v2_refresh_ok
2026-05-08 09:15:55 -04:00 | exit_guard_v2_refresh_ok
2026-05-08 09:17:11 -04:00 | exit_guard_v2_refresh_ok
2026-05-08 09:18:27 -04:00 | exit_guard_v2_refresh_ok
2026-05-08 09:19:41 -04:00 | exit_guard_v2_refresh_ok
2026-05-08 09:21:01 -04:00 | exit_guard_v2_refresh_ok
2026-05-08 09:22:16 -04:00 | exit_guard_v2_refresh_ok
2026-05-08 09:23:35 -04:00 | exit_guard_v2_refresh_ok
2026-05-08 09:24:54 -04:00 | exit_guard_v2_refresh_ok
2026-05-08 09:26:09 -04:00 | exit_guard_v2_refresh_ok
2026-05-08 09:27:26 -04:00 | exit_guard_v2_refresh_ok
2026-05-08 09:28:43 -04:00 | exit_guard_v2_refresh_ok
2026-05-08 09:29:59 -04:00 | exit_guard_v2_refresh_ok
2026-05-08 09:31:16 -04:00 | exit_guard_v2_refresh_ok
2026-05-08 09:32:30 -04:00 | exit_guard_v2_refresh_ok
2026-05-08 09:33:44 -04:00 | exit_guard_v2_refresh_ok
2026-05-08 09:35:03 -04:00 | exit_guard_v2_refresh_ok
2026-05-08 09:36:17 -04:00 | exit_guard_v2_refresh_ok
2026-05-08 09:37:35 -04:00 | exit_guard_v2_refresh_ok
2026-05-08 09:38:52 -04:00 | exit_guard_v2_refresh_ok
2026-05-08 09:40:08 -04:00 | exit_guard_v2_refresh_ok
2026-05-08 09:41:25 -04:00 | exit_guard_v2_refresh_ok
2026-05-08 09:42:40 -04:00 | exit_guard_v2_refresh_ok
2026-05-08 09:43:55 -04:00 | exit_guard_v2_refresh_ok
2026-05-08 09:45:13 -04:00 | exit_guard_v2_refresh_ok
2026-05-08 09:46:26 -04:00 | exit_guard_v2_refresh_ok
2026-05-08 09:47:40 -04:00 | exit_guard_v2_refresh_ok
2026-05-08 09:48:59 -04:00 | exit_guard_v2_refresh_ok
2026-05-08 09:50:14 -04:00 | exit_guard_v2_refresh_ok
2026-05-08 09:51:30 -04:00 | exit_guard_v2_refresh_ok
2026-05-08 09:52:45 -04:00 | exit_guard_v2_refresh_ok
2026-05-08 09:54:07 -04:00 | exit_guard_v2_refresh_ok
2026-05-08 09:55:30 -04:00 | exit_guard_v2_refresh_ok
2026-05-08 09:56:52 -04:00 | exit_guard_v2_refresh_ok
2026-05-08 09:58:16 -04:00 | exit_guard_v2_refresh_ok
2026-05-08 09:59:39 -04:00 | exit_guard_v2_refresh_ok
2026-05-08 10:01:04 -04:00 | exit_guard_v2_refresh_ok
2026-05-08 10:02:27 -04:00 | exit_guard_v2_refresh_ok
2026-05-08 10:03:53 -04:00 | exit_guard_v2_refresh_ok
2026-05-08 10:05:16 -04:00 | exit_guard_v2_refresh_ok
2026-05-08 10:06:38 -04:00 | exit_guard_v2_refresh_ok
2026-05-08 10:08:02 -04:00 | exit_guard_v2_refresh_ok
2026-05-08 10:09:28 -04:00 | exit_guard_v2_refresh_ok
2026-05-08 10:10:51 -04:00 | exit_guard_v2_refresh_ok
2026-05-08 10:12:23 -04:00 | exit_guard_v2_refresh_ok
2026-05-08 10:13:55 -04:00 | exit_guard_v2_refresh_ok
2026-05-08 10:15:26 -04:00 | exit_guard_v2_refresh_ok
2026-05-08 10:16:55 -04:00 | exit_guard_v2_refresh_ok
2026-05-08 10:18:18 -04:00 | exit_guard_v2_refresh_ok
2026-05-08 10:19:42 -04:00 | exit_guard_v2_refresh_ok
2026-05-08 10:21:06 -04:00 | exit_guard_v2_refresh_ok
2026-05-08 10:22:29 -04:00 | exit_guard_v2_refresh_ok
2026-05-08 10:23:54 -04:00 | exit_guard_v2_refresh_ok
2026-05-08 10:25:21 -04:00 | exit_guard_v2_refresh_ok
2026-05-08 10:26:44 -04:00 | exit_guard_v2_refresh_ok
2026-05-08 10:28:09 -04:00 | exit_guard_v2_refresh_ok
2026-05-08 10:29:31 -04:00 | exit_guard_v2_refresh_ok
2026-05-08 10:30:53 -04:00 | exit_guard_v2_refresh_ok
2026-05-08 10:32:16 -04:00 | exit_guard_v2_refresh_ok
2026-05-08 10:33:41 -04:00 | exit_guard_v2_refresh_ok
2026-05-08 10:35:05 -04:00 | exit_guard_v2_refresh_ok
2026-05-08 10:36:28 -04:00 | exit_guard_v2_refresh_ok
2026-05-08 10:37:51 -04:00 | exit_guard_v2_refresh_ok
2026-05-08 10:39:14 -04:00 | exit_guard_v2_refresh_ok
2026-05-08 10:40:49 -04:00 | exit_guard_v2_refresh_ok
2026-05-08 10:42:21 -04:00 | exit_guard_v2_refresh_ok
2026-05-08 10:43:51 -04:00 | exit_guard_v2_refresh_ok
2026-05-08 10:45:20 -04:00 | exit_guard_v2_refresh_ok
2026-05-08 10:46:51 -04:00 | exit_guard_v2_refresh_ok
2026-05-08 10:48:22 -04:00 | exit_guard_v2_refresh_ok
2026-05-08 10:49:52 -04:00 | exit_guard_v2_refresh_ok
2026-05-08 10:51:22 -04:00 | exit_guard_v2_refresh_ok
2026-05-08 10:52:54 -04:00 | exit_guard_v2_refresh_ok
2026-05-08 10:54:26 -04:00 | exit_guard_v2_refresh_ok
2026-05-08 10:55:56 -04:00 | exit_guard_v2_refresh_ok
2026-05-08 10:57:26 -04:00 | exit_guard_v2_refresh_ok
2026-05-08 10:58:57 -04:00 | exit_guard_v2_refresh_ok
2026-05-08 11:00:19 -04:00 | exit_guard_v2_refresh_ok
2026-05-08 11:01:42 -04:00 | exit_guard_v2_refresh_ok
2026-05-08 11:03:05 -04:00 | exit_guard_v2_refresh_ok
2026-05-08 11:04:29 -04:00 | exit_guard_v2_refresh_ok
2026-05-08 11:06:04 -04:00 | exit_guard_v2_refresh_ok
2026-05-08 11:07:28 -04:00 | exit_guard_v2_refresh_ok
2026-05-08 11:08:51 -04:00 | exit_guard_v2_refresh_ok
2026-05-08 11:10:17 -04:00 | exit_guard_v2_refresh_ok
2026-05-08 11:11:40 -04:00 | exit_guard_v2_refresh_ok
2026-05-08 11:13:03 -04:00 | exit_guard_v2_refresh_ok
2026-05-08 11:14:30 -04:00 | exit_guard_v2_refresh_ok
2026-05-08 11:15:53 -04:00 | exit_guard_v2_refresh_ok
2026-05-08 11:17:16 -04:00 | exit_guard_v2_refresh_ok
2026-05-08 11:18:39 -04:00 | exit_guard_v2_refresh_ok
2026-05-08 11:20:03 -04:00 | exit_guard_v2_refresh_ok
2026-05-08 11:21:26 -04:00 | exit_guard_v2_refresh_ok
2026-05-08 11:22:50 -04:00 | exit_guard_v2_refresh_ok
2026-05-08 11:24:14 -04:00 | exit_guard_v2_refresh_ok
2026-05-08 11:25:37 -04:00 | exit_guard_v2_refresh_ok
2026-05-08 11:26:59 -04:00 | exit_guard_v2_refresh_ok
2026-05-08 11:28:25 -04:00 | exit_guard_v2_refresh_ok
2026-05-08 11:29:48 -04:00 | exit_guard_v2_refresh_ok
2026-05-08 11:31:11 -04:00 | exit_guard_v2_refresh_ok
2026-05-08 11:32:35 -04:00 | exit_guard_v2_refresh_ok
2026-05-08 11:33:59 -04:00 | exit_guard_v2_refresh_ok
2026-05-08 11:35:22 -04:00 | exit_guard_v2_refresh_ok
2026-05-08 11:36:46 -04:00 | exit_guard_v2_refresh_ok
2026-05-08 11:38:11 -04:00 | exit_guard_v2_refresh_ok
2026-05-08 11:39:29 -04:00 | exit_guard_v2_refresh_ok
2026-05-08 11:40:48 -04:00 | exit_guard_v2_refresh_ok
2026-05-08 11:42:10 -04:00 | exit_guard_v2_refresh_ok
2026-05-08 11:43:28 -04:00 | exit_guard_v2_refresh_ok
2026-05-08 11:44:44 -04:00 | exit_guard_v2_refresh_ok
2026-05-08 11:46:01 -04:00 | exit_guard_v2_refresh_ok
2026-05-08 11:47:15 -04:00 | exit_guard_v2_refresh_ok
2026-05-08 11:48:32 -04:00 | exit_guard_v2_refresh_ok
2026-05-08 11:49:48 -04:00 | exit_guard_v2_refresh_ok
2026-05-08 11:51:02 -04:00 | exit_guard_v2_refresh_ok
2026-05-08 11:52:20 -04:00 | exit_guard_v2_refresh_ok
2026-05-08 11:53:37 -04:00 | exit_guard_v2_refresh_ok
2026-05-08 11:54:51 -04:00 | exit_guard_v2_refresh_ok
2026-05-08 11:56:10 -04:00 | exit_guard_v2_refresh_ok
2026-05-08 11:57:23 -04:00 | exit_guard_v2_refresh_ok
2026-05-08 11:58:41 -04:00 | exit_guard_v2_refresh_ok
2026-05-08 11:59:56 -04:00 | exit_guard_v2_refresh_ok
2026-05-08 12:01:10 -04:00 | exit_guard_v2_refresh_ok
2026-05-08 12:02:27 -04:00 | exit_guard_v2_refresh_ok
2026-05-08 12:03:43 -04:00 | exit_guard_v2_refresh_ok
2026-05-08 12:04:59 -04:00 | exit_guard_v2_refresh_ok
2026-05-08 12:06:19 -04:00 | exit_guard_v2_refresh_ok
2026-05-08 12:07:35 -04:00 | exit_guard_v2_refresh_ok
2026-05-08 12:08:50 -04:00 | exit_guard_v2_refresh_ok
2026-05-08 12:10:08 -04:00 | exit_guard_v2_refresh_ok
2026-05-08 12:11:21 -04:00 | exit_guard_v2_refresh_ok
2026-05-08 12:12:35 -04:00 | exit_guard_v2_refresh_ok
2026-05-08 12:13:54 -04:00 | exit_guard_v2_refresh_ok
2026-05-08 12:15:08 -04:00 | exit_guard_v2_refresh_ok
2026-05-08 12:16:23 -04:00 | exit_guard_v2_refresh_ok
2026-05-08 12:17:40 -04:00 | exit_guard_v2_refresh_ok
2026-05-08 12:18:56 -04:00 | exit_guard_v2_refresh_ok
2026-05-08 12:20:13 -04:00 | exit_guard_v2_refresh_ok
2026-05-08 12:21:27 -04:00 | exit_guard_v2_refresh_ok
2026-05-08 12:22:46 -04:00 | exit_guard_v2_refresh_ok
2026-05-08 12:24:03 -04:00 | exit_guard_v2_refresh_ok
2026-05-08 12:25:18 -04:00 | exit_guard_v2_refresh_ok
2026-05-08 12:26:36 -04:00 | exit_guard_v2_refresh_ok
2026-05-08 12:27:52 -04:00 | exit_guard_v2_refresh_ok
2026-05-08 12:29:07 -04:00 | exit_guard_v2_refresh_ok
2026-05-08 12:30:22 -04:00 | exit_guard_v2_refresh_ok
2026-05-08 12:31:38 -04:00 | exit_guard_v2_refresh_ok
2026-05-08 12:32:55 -04:00 | exit_guard_v2_refresh_ok
2026-05-08 12:34:13 -04:00 | exit_guard_v2_refresh_ok
2026-05-08 12:35:26 -04:00 | exit_guard_v2_refresh_ok
2026-05-08 12:36:44 -04:00 | exit_guard_v2_refresh_ok
2026-05-08 12:38:00 -04:00 | exit_guard_v2_refresh_ok
2026-05-08 12:39:16 -04:00 | exit_guard_v2_refresh_ok
2026-05-08 12:40:31 -04:00 | exit_guard_v2_refresh_ok
2026-05-08 12:41:48 -04:00 | exit_guard_v2_refresh_ok
2026-05-08 12:43:05 -04:00 | exit_guard_v2_refresh_ok
2026-05-08 12:44:22 -04:00 | exit_guard_v2_refresh_ok
2026-05-08 12:45:35 -04:00 | exit_guard_v2_refresh_ok
2026-05-08 12:46:51 -04:00 | exit_guard_v2_refresh_ok
2026-05-08 12:48:08 -04:00 | exit_guard_v2_refresh_ok
2026-05-08 12:49:21 -04:00 | exit_guard_v2_refresh_ok
2026-05-08 12:50:37 -04:00 | exit_guard_v2_refresh_ok
2026-05-08 12:51:53 -04:00 | exit_guard_v2_refresh_ok
2026-05-08 12:53:10 -04:00 | exit_guard_v2_refresh_ok
2026-05-08 12:54:26 -04:00 | exit_guard_v2_refresh_ok
2026-05-08 12:55:43 -04:00 | exit_guard_v2_refresh_ok
2026-05-08 12:57:00 -04:00 | exit_guard_v2_refresh_ok
2026-05-08 12:58:22 -04:00 | exit_guard_v2_refresh_ok
2026-05-08 12:59:41 -04:00 | exit_guard_v2_refresh_ok
2026-05-08 13:00:57 -04:00 | exit_guard_v2_refresh_ok
2026-05-08 13:02:20 -04:00 | exit_guard_v2_refresh_ok
2026-05-08 13:03:36 -04:00 | exit_guard_v2_refresh_ok
2026-05-08 13:04:52 -04:00 | exit_guard_v2_refresh_ok
2026-05-08 13:06:09 -04:00 | exit_guard_v2_refresh_ok
2026-05-08 13:07:24 -04:00 | exit_guard_v2_refresh_ok
2026-05-08 13:08:42 -04:00 | exit_guard_v2_refresh_ok
2026-05-08 13:09:57 -04:00 | exit_guard_v2_refresh_ok
2026-05-08 13:11:13 -04:00 | exit_guard_v2_refresh_ok
2026-05-08 13:12:31 -04:00 | exit_guard_v2_refresh_ok
2026-05-08 13:13:47 -04:00 | exit_guard_v2_refresh_ok
2026-05-08 13:15:02 -04:00 | exit_guard_v2_refresh_ok
2026-05-08 13:16:20 -04:00 | exit_guard_v2_refresh_ok
2026-05-08 13:17:34 -04:00 | exit_guard_v2_refresh_ok
2026-05-08 13:18:50 -04:00 | exit_guard_v2_refresh_ok
2026-05-08 13:20:08 -04:00 | exit_guard_v2_refresh_ok
2026-05-08 13:21:22 -04:00 | exit_guard_v2_refresh_ok
2026-05-08 13:22:41 -04:00 | exit_guard_v2_refresh_ok
2026-05-08 13:23:57 -04:00 | exit_guard_v2_refresh_ok
2026-05-08 13:25:13 -04:00 | exit_guard_v2_refresh_ok
2026-05-08 13:26:29 -04:00 | exit_guard_v2_refresh_ok
2026-05-08 13:27:42 -04:00 | exit_guard_v2_refresh_ok
2026-05-08 13:29:00 -04:00 | exit_guard_v2_refresh_ok
2026-05-08 13:30:16 -04:00 | exit_guard_v2_refresh_ok
2026-05-08 13:31:29 -04:00 | exit_guard_v2_refresh_ok
2026-05-08 13:32:45 -04:00 | exit_guard_v2_refresh_ok
2026-05-08 13:34:04 -04:00 | exit_guard_v2_refresh_ok
2026-05-08 13:35:19 -04:00 | exit_guard_v2_refresh_ok
2026-05-08 13:36:37 -04:00 | exit_guard_v2_refresh_ok
2026-05-08 13:37:52 -04:00 | exit_guard_v2_refresh_ok
2026-05-08 13:39:08 -04:00 | exit_guard_v2_refresh_ok
2026-05-08 13:40:26 -04:00 | exit_guard_v2_refresh_ok
2026-05-08 13:41:40 -04:00 | exit_guard_v2_refresh_ok
2026-05-08 13:42:56 -04:00 | exit_guard_v2_refresh_ok
2026-05-08 13:44:13 -04:00 | exit_guard_v2_refresh_ok
2026-05-08 13:45:26 -04:00 | exit_guard_v2_refresh_ok
2026-05-08 13:46:43 -04:00 | exit_guard_v2_refresh_ok
2026-05-08 13:47:59 -04:00 | exit_guard_v2_refresh_ok
2026-05-08 13:49:13 -04:00 | exit_guard_v2_refresh_ok
2026-05-08 13:50:32 -04:00 | exit_guard_v2_refresh_ok
2026-05-08 13:51:45 -04:00 | exit_guard_v2_refresh_ok
2026-05-08 13:53:03 -04:00 | exit_guard_v2_refresh_ok
2026-05-08 13:54:19 -04:00 | exit_guard_v2_refresh_ok
2026-05-08 13:55:35 -04:00 | exit_guard_v2_refresh_ok
2026-05-08 13:56:52 -04:00 | exit_guard_v2_refresh_ok
2026-05-08 13:58:07 -04:00 | exit_guard_v2_refresh_ok
2026-05-08 13:59:22 -04:00 | exit_guard_v2_refresh_ok
2026-05-08 14:00:38 -04:00 | exit_guard_v2_refresh_ok
2026-05-08 14:01:54 -04:00 | exit_guard_v2_refresh_ok
2026-05-08 14:03:08 -04:00 | exit_guard_v2_refresh_ok
2026-05-08 14:04:23 -04:00 | exit_guard_v2_refresh_ok
2026-05-08 14:05:37 -04:00 | exit_guard_v2_refresh_ok
2026-05-08 14:06:55 -04:00 | exit_guard_v2_refresh_ok
2026-05-08 14:08:11 -04:00 | exit_guard_v2_refresh_ok
2026-05-08 14:09:25 -04:00 | exit_guard_v2_refresh_ok
2026-05-08 14:10:43 -04:00 | exit_guard_v2_refresh_ok
2026-05-08 14:11:59 -04:00 | exit_guard_v2_refresh_ok
2026-05-08 14:13:13 -04:00 | exit_guard_v2_refresh_ok
2026-05-08 14:14:31 -04:00 | exit_guard_v2_refresh_ok
2026-05-08 14:15:46 -04:00 | exit_guard_v2_refresh_ok
2026-05-08 14:17:02 -04:00 | exit_guard_v2_refresh_ok
2026-05-08 14:18:18 -04:00 | exit_guard_v2_refresh_ok
2026-05-08 14:19:32 -04:00 | exit_guard_v2_refresh_ok
2026-05-08 14:20:50 -04:00 | exit_guard_v2_refresh_ok
2026-05-08 14:22:05 -04:00 | exit_guard_v2_refresh_ok
2026-05-08 14:23:19 -04:00 | exit_guard_v2_refresh_ok
2026-05-08 14:24:34 -04:00 | exit_guard_v2_refresh_ok
2026-05-08 14:25:50 -04:00 | exit_guard_v2_refresh_ok
2026-05-08 14:27:06 -04:00 | exit_guard_v2_refresh_ok
2026-05-08 14:28:23 -04:00 | exit_guard_v2_refresh_ok
2026-05-08 14:29:39 -04:00 | exit_guard_v2_refresh_ok
2026-05-08 14:30:56 -04:00 | exit_guard_v2_refresh_ok
2026-05-08 14:32:11 -04:00 | exit_guard_v2_refresh_ok
2026-05-08 14:33:24 -04:00 | exit_guard_v2_refresh_ok
2026-05-08 14:34:41 -04:00 | exit_guard_v2_refresh_ok
2026-05-08 14:35:55 -04:00 | exit_guard_v2_refresh_ok
2026-05-08 14:37:10 -04:00 | exit_guard_v2_refresh_ok
2026-05-08 14:38:27 -04:00 | exit_guard_v2_refresh_ok
2026-05-08 14:39:43 -04:00 | exit_guard_v2_refresh_ok
2026-05-08 14:41:01 -04:00 | exit_guard_v2_refresh_ok
2026-05-08 14:42:18 -04:00 | exit_guard_v2_refresh_ok
2026-05-08 14:43:33 -04:00 | exit_guard_v2_refresh_ok
2026-05-08 14:44:49 -04:00 | exit_guard_v2_refresh_ok
2026-05-08 14:46:03 -04:00 | exit_guard_v2_refresh_ok
2026-05-08 14:47:18 -04:00 | exit_guard_v2_refresh_ok
2026-05-08 14:48:34 -04:00 | exit_guard_v2_refresh_ok
2026-05-08 14:49:48 -04:00 | exit_guard_v2_refresh_ok
2026-05-08 14:51:06 -04:00 | exit_guard_v2_refresh_ok
2026-05-08 14:52:21 -04:00 | exit_guard_v2_refresh_ok
2026-05-08 14:53:38 -04:00 | exit_guard_v2_refresh_ok
2026-05-08 14:54:54 -04:00 | exit_guard_v2_refresh_ok
2026-05-08 14:56:12 -04:00 | exit_guard_v2_refresh_ok
2026-05-08 14:57:27 -04:00 | exit_guard_v2_refresh_ok
2026-05-08 14:58:43 -04:00 | exit_guard_v2_refresh_ok
2026-05-08 14:59:58 -04:00 | exit_guard_v2_refresh_ok
2026-05-08 15:01:13 -04:00 | exit_guard_v2_refresh_ok
2026-05-08 15:02:32 -04:00 | exit_guard_v2_refresh_ok
2026-05-08 15:03:45 -04:00 | exit_guard_v2_refresh_ok
2026-05-08 15:05:02 -04:00 | exit_guard_v2_refresh_ok
2026-05-08 15:06:16 -04:00 | exit_guard_v2_refresh_ok
2026-05-08 15:07:33 -04:00 | exit_guard_v2_refresh_ok
2026-05-08 15:08:51 -04:00 | exit_guard_v2_refresh_ok
2026-05-08 15:10:04 -04:00 | exit_guard_v2_refresh_ok
2026-05-08 15:11:19 -04:00 | exit_guard_v2_refresh_ok
2026-05-08 15:12:36 -04:00 | exit_guard_v2_refresh_ok
2026-05-08 15:13:54 -04:00 | exit_guard_v2_refresh_ok
2026-05-08 15:15:13 -04:00 | exit_guard_v2_refresh_ok
2026-05-08 15:16:28 -04:00 | exit_guard_v2_refresh_ok
2026-05-08 15:17:44 -04:00 | exit_guard_v2_refresh_ok
2026-05-08 15:19:00 -04:00 | exit_guard_v2_refresh_ok
2026-05-08 15:20:14 -04:00 | exit_guard_v2_refresh_ok
2026-05-08 15:21:32 -04:00 | exit_guard_v2_refresh_ok
2026-05-08 15:22:50 -04:00 | exit_guard_v2_refresh_ok
2026-05-08 15:24:05 -04:00 | exit_guard_v2_refresh_ok
2026-05-08 15:25:19 -04:00 | exit_guard_v2_refresh_ok
2026-05-08 15:26:37 -04:00 | exit_guard_v2_refresh_ok
2026-05-08 15:27:54 -04:00 | exit_guard_v2_refresh_ok
2026-05-08 15:29:13 -04:00 | exit_guard_v2_refresh_ok
2026-05-08 15:30:29 -04:00 | exit_guard_v2_refresh_ok
2026-05-08 15:31:43 -04:00 | exit_guard_v2_refresh_ok
2026-05-08 15:33:00 -04:00 | exit_guard_v2_refresh_ok
2026-05-08 15:34:15 -04:00 | exit_guard_v2_refresh_ok
2026-05-08 15:35:31 -04:00 | exit_guard_v2_refresh_ok
2026-05-08 15:36:46 -04:00 | exit_guard_v2_refresh_ok
2026-05-08 15:38:01 -04:00 | exit_guard_v2_refresh_ok
2026-05-08 15:39:18 -04:00 | exit_guard_v2_refresh_ok
2026-05-08 15:40:34 -04:00 | exit_guard_v2_refresh_ok
2026-05-08 15:41:48 -04:00 | exit_guard_v2_refresh_ok
2026-05-08 15:43:06 -04:00 | exit_guard_v2_refresh_ok
2026-05-08 15:44:20 -04:00 | exit_guard_v2_refresh_ok
2026-05-08 15:45:38 -04:00 | exit_guard_v2_refresh_ok
2026-05-08 15:46:54 -04:00 | exit_guard_v2_refresh_ok
2026-05-08 15:48:09 -04:00 | exit_guard_v2_refresh_ok
2026-05-08 15:49:26 -04:00 | exit_guard_v2_refresh_ok
2026-05-08 15:50:43 -04:00 | exit_guard_v2_refresh_ok
2026-05-08 15:51:56 -04:00 | exit_guard_v2_refresh_ok
2026-05-08 15:53:11 -04:00 | exit_guard_v2_refresh_ok
2026-05-08 15:54:28 -04:00 | exit_guard_v2_refresh_ok
2026-05-08 15:55:43 -04:00 | exit_guard_v2_refresh_ok
2026-05-08 15:56:59 -04:00 | exit_guard_v2_refresh_ok
2026-05-08 15:58:12 -04:00 | exit_guard_v2_refresh_ok
2026-05-08 15:59:30 -04:00 | exit_guard_v2_refresh_ok
2026-05-08 16:00:48 -04:00 | exit_guard_v2_refresh_ok
2026-05-08 16:02:03 -04:00 | exit_guard_v2_refresh_ok
2026-05-08 16:03:20 -04:00 | exit_guard_v2_refresh_ok
2026-05-08 16:04:37 -04:00 | exit_guard_v2_refresh_ok
2026-05-08 16:05:52 -04:00 | exit_guard_v2_refresh_ok
2026-05-08 16:07:07 -04:00 | exit_guard_v2_refresh_ok
2026-05-08 16:08:21 -04:00 | exit_guard_v2_refresh_ok
2026-05-08 16:09:36 -04:00 | exit_guard_v2_refresh_ok
2026-05-08 16:10:54 -04:00 | exit_guard_v2_refresh_ok
2026-05-08 16:12:06 -04:00 | exit_guard_v2_refresh_ok
2026-05-08 16:13:23 -04:00 | exit_guard_v2_refresh_ok
2026-05-08 16:14:43 -04:00 | exit_guard_v2_refresh_ok
2026-05-08 16:15:59 -04:00 | exit_guard_v2_refresh_ok
2026-05-08 16:17:16 -04:00 | exit_guard_v2_refresh_ok
2026-05-08 16:18:35 -04:00 | exit_guard_v2_refresh_ok
2026-05-08 16:19:53 -04:00 | exit_guard_v2_refresh_ok
2026-05-08 16:21:09 -04:00 | exit_guard_v2_refresh_ok
2026-05-08 16:22:23 -04:00 | exit_guard_v2_refresh_ok
2026-05-08 16:23:40 -04:00 | exit_guard_v2_refresh_ok
2026-05-08 16:24:56 -04:00 | exit_guard_v2_refresh_ok
2026-05-08 16:26:12 -04:00 | exit_guard_v2_refresh_ok
2026-05-08 16:27:28 -04:00 | exit_guard_v2_refresh_ok
2026-05-08 16:28:46 -04:00 | exit_guard_v2_refresh_ok
2026-05-08 16:30:02 -04:00 | exit_guard_v2_refresh_ok
2026-05-08 16:31:18 -04:00 | exit_guard_v2_refresh_ok
2026-05-08 16:32:33 -04:00 | exit_guard_v2_refresh_ok
2026-05-08 16:33:50 -04:00 | exit_guard_v2_refresh_ok
2026-05-08 16:35:07 -04:00 | exit_guard_v2_refresh_ok
2026-05-08 16:36:22 -04:00 | exit_guard_v2_refresh_ok
2026-05-08 16:37:38 -04:00 | exit_guard_v2_refresh_ok
2026-05-08 16:38:55 -04:00 | exit_guard_v2_refresh_ok
2026-05-08 16:40:10 -04:00 | exit_guard_v2_refresh_ok
2026-05-08 16:41:26 -04:00 | exit_guard_v2_refresh_ok
2026-05-08 16:42:42 -04:00 | exit_guard_v2_refresh_ok
2026-05-08 16:43:57 -04:00 | exit_guard_v2_refresh_ok
2026-05-08 16:45:14 -04:00 | exit_guard_v2_refresh_ok
2026-05-08 16:46:27 -04:00 | exit_guard_v2_refresh_ok
2026-05-08 16:47:43 -04:00 | exit_guard_v2_refresh_ok
2026-05-08 16:49:00 -04:00 | exit_guard_v2_refresh_ok
2026-05-08 16:50:17 -04:00 | exit_guard_v2_refresh_ok
2026-05-08 16:51:34 -04:00 | exit_guard_v2_refresh_ok
2026-05-08 16:52:50 -04:00 | exit_guard_v2_refresh_ok
2026-05-08 16:54:05 -04:00 | exit_guard_v2_refresh_ok
2026-05-08 16:55:19 -04:00 | exit_guard_v2_refresh_ok
2026-05-08 16:56:33 -04:00 | exit_guard_v2_refresh_ok
2026-05-08 16:57:47 -04:00 | exit_guard_v2_refresh_ok
2026-05-08 16:59:04 -04:00 | exit_guard_v2_refresh_ok
2026-05-08 17:00:17 -04:00 | exit_guard_v2_refresh_ok
2026-05-08 17:01:35 -04:00 | exit_guard_v2_refresh_ok
2026-05-08 17:02:51 -04:00 | exit_guard_v2_refresh_ok
2026-05-08 17:04:04 -04:00 | exit_guard_v2_refresh_ok
2026-05-08 17:05:21 -04:00 | exit_guard_v2_refresh_ok
2026-05-08 17:06:36 -04:00 | exit_guard_v2_refresh_ok
2026-05-08 17:07:50 -04:00 | exit_guard_v2_refresh_ok
2026-05-08 17:09:06 -04:00 | exit_guard_v2_refresh_ok
2026-05-08 17:10:21 -04:00 | exit_guard_v2_refresh_ok
2026-05-08 17:11:39 -04:00 | exit_guard_v2_refresh_ok
2026-05-08 17:12:56 -04:00 | exit_guard_v2_refresh_ok
2026-05-08 17:14:12 -04:00 | exit_guard_v2_refresh_ok
2026-05-08 17:15:31 -04:00 | exit_guard_v2_refresh_ok
2026-05-08 17:16:46 -04:00 | exit_guard_v2_refresh_ok
2026-05-08 17:18:00 -04:00 | exit_guard_v2_refresh_ok
2026-05-08 17:19:16 -04:00 | exit_guard_v2_refresh_ok
2026-05-08 17:20:32 -04:00 | exit_guard_v2_refresh_ok
2026-05-08 17:21:48 -04:00 | exit_guard_v2_refresh_ok
2026-05-08 17:23:06 -04:00 | exit_guard_v2_refresh_ok
2026-05-08 17:24:21 -04:00 | exit_guard_v2_refresh_ok
2026-05-08 17:25:38 -04:00 | exit_guard_v2_refresh_ok
2026-05-08 17:26:56 -04:00 | exit_guard_v2_refresh_ok
2026-05-08 17:28:10 -04:00 | exit_guard_v2_refresh_ok
2026-05-08 17:29:27 -04:00 | exit_guard_v2_refresh_ok
2026-05-08 17:30:41 -04:00 | exit_guard_v2_refresh_ok
2026-05-08 17:31:56 -04:00 | exit_guard_v2_refresh_ok
2026-05-08 17:33:13 -04:00 | exit_guard_v2_refresh_ok
2026-05-08 17:34:29 -04:00 | exit_guard_v2_refresh_ok
2026-05-08 17:35:46 -04:00 | exit_guard_v2_refresh_ok
2026-05-08 17:37:04 -04:00 | exit_guard_v2_refresh_ok
2026-05-08 17:38:18 -04:00 | exit_guard_v2_refresh_ok
2026-05-08 17:39:33 -04:00 | exit_guard_v2_refresh_ok
2026-05-08 17:40:48 -04:00 | exit_guard_v2_refresh_ok
2026-05-08 17:42:03 -04:00 | exit_guard_v2_refresh_ok
2026-05-08 17:43:21 -04:00 | exit_guard_v2_refresh_ok
2026-05-08 17:44:35 -04:00 | exit_guard_v2_refresh_ok
2026-05-08 17:45:50 -04:00 | exit_guard_v2_refresh_ok
2026-05-08 17:47:05 -04:00 | exit_guard_v2_refresh_ok
2026-05-08 17:48:22 -04:00 | exit_guard_v2_refresh_ok
2026-05-08 17:49:36 -04:00 | exit_guard_v2_refresh_ok
2026-05-08 17:50:53 -04:00 | exit_guard_v2_refresh_ok
2026-05-08 17:52:07 -04:00 | exit_guard_v2_refresh_ok
2026-05-08 17:53:23 -04:00 | exit_guard_v2_refresh_ok
2026-05-08 17:54:36 -04:00 | exit_guard_v2_refresh_ok
2026-05-08 17:55:52 -04:00 | exit_guard_v2_refresh_ok
2026-05-08 17:57:10 -04:00 | exit_guard_v2_refresh_ok
2026-05-08 17:58:24 -04:00 | exit_guard_v2_refresh_ok
2026-05-08 17:59:40 -04:00 | exit_guard_v2_refresh_ok
2026-05-08 18:00:56 -04:00 | exit_guard_v2_refresh_ok
2026-05-08 18:02:10 -04:00 | exit_guard_v2_refresh_ok
2026-05-08 18:03:26 -04:00 | exit_guard_v2_refresh_ok
2026-05-08 18:04:43 -04:00 | exit_guard_v2_refresh_ok
2026-05-08 18:06:00 -04:00 | exit_guard_v2_refresh_ok
2026-05-08 18:07:18 -04:00 | exit_guard_v2_refresh_ok
2026-05-08 18:08:32 -04:00 | exit_guard_v2_refresh_ok
2026-05-08 18:09:49 -04:00 | exit_guard_v2_refresh_ok
2026-05-08 18:11:07 -04:00 | exit_guard_v2_refresh_ok
2026-05-08 18:12:24 -04:00 | exit_guard_v2_refresh_ok
2026-05-08 18:13:40 -04:00 | exit_guard_v2_refresh_ok
2026-05-08 18:14:55 -04:00 | exit_guard_v2_refresh_ok
2026-05-08 18:16:11 -04:00 | exit_guard_v2_refresh_ok
2026-05-08 18:17:28 -04:00 | exit_guard_v2_refresh_ok
2026-05-08 18:18:40 -04:00 | exit_guard_v2_refresh_ok
2026-05-08 18:19:56 -04:00 | exit_guard_v2_refresh_ok
2026-05-08 18:21:14 -04:00 | exit_guard_v2_refresh_ok
2026-05-08 18:22:30 -04:00 | exit_guard_v2_refresh_ok
2026-05-08 18:23:48 -04:00 | exit_guard_v2_refresh_ok
2026-05-08 18:25:04 -04:00 | exit_guard_v2_refresh_ok
2026-05-08 18:26:19 -04:00 | exit_guard_v2_refresh_ok
2026-05-08 18:27:37 -04:00 | exit_guard_v2_refresh_ok
2026-05-08 18:28:49 -04:00 | exit_guard_v2_refresh_ok
2026-05-08 18:30:05 -04:00 | exit_guard_v2_refresh_ok
2026-05-08 18:31:22 -04:00 | exit_guard_v2_refresh_ok
2026-05-08 18:32:38 -04:00 | exit_guard_v2_refresh_ok
2026-05-08 18:33:54 -04:00 | exit_guard_v2_refresh_ok
2026-05-08 18:35:11 -04:00 | exit_guard_v2_refresh_ok
2026-05-08 18:36:25 -04:00 | exit_guard_v2_refresh_ok
2026-05-08 18:37:44 -04:00 | exit_guard_v2_refresh_ok
2026-05-08 18:38:57 -04:00 | exit_guard_v2_refresh_ok
2026-05-08 18:40:11 -04:00 | exit_guard_v2_refresh_ok
2026-05-08 18:41:27 -04:00 | exit_guard_v2_refresh_ok
2026-05-08 18:42:42 -04:00 | exit_guard_v2_refresh_ok
2026-05-08 18:43:58 -04:00 | exit_guard_v2_refresh_ok
2026-05-08 18:45:22 -04:00 | exit_guard_v2_refresh_ok
2026-05-08 18:46:43 -04:00 | exit_guard_v2_refresh_ok
2026-05-08 18:48:08 -04:00 | exit_guard_v2_refresh_ok
2026-05-08 18:49:30 -04:00 | exit_guard_v2_refresh_ok
2026-05-08 18:50:53 -04:00 | exit_guard_v2_refresh_ok
2026-05-08 18:52:17 -04:00 | exit_guard_v2_refresh_ok
2026-05-08 18:53:41 -04:00 | exit_guard_v2_refresh_ok
2026-05-08 18:55:03 -04:00 | exit_guard_v2_refresh_ok
2026-05-08 18:56:26 -04:00 | exit_guard_v2_refresh_ok
2026-05-08 18:57:52 -04:00 | exit_guard_v2_refresh_ok
2026-05-08 18:59:14 -04:00 | exit_guard_v2_refresh_ok
2026-05-08 19:00:39 -04:00 | exit_guard_v2_refresh_ok
2026-05-08 19:02:01 -04:00 | exit_guard_v2_refresh_ok
2026-05-08 19:03:27 -04:00 | exit_guard_v2_refresh_ok
2026-05-08 19:05:02 -04:00 | exit_guard_v2_refresh_ok
2026-05-08 19:06:35 -04:00 | exit_guard_v2_refresh_ok
2026-05-08 19:08:08 -04:00 | exit_guard_v2_refresh_ok
2026-05-08 19:09:40 -04:00 | exit_guard_v2_refresh_ok
2026-05-08 19:11:12 -04:00 | exit_guard_v2_refresh_ok
2026-05-08 19:12:46 -04:00 | exit_guard_v2_refresh_ok
2026-05-08 19:14:17 -04:00 | exit_guard_v2_refresh_ok
2026-05-08 19:30:38 -04:00 | exit_guard_v2_refresh_ok
2026-05-08 19:31:53 -04:00 | exit_guard_v2_refresh_ok
2026-05-08 19:33:16 -04:00 | exit_guard_v2_refresh_ok
2026-05-08 19:34:42 -04:00 | exit_guard_v2_refresh_ok
2026-05-08 19:36:06 -04:00 | exit_guard_v2_refresh_ok
2026-05-08 19:37:30 -04:00 | exit_guard_v2_refresh_ok
2026-05-08 19:38:54 -04:00 | exit_guard_v2_refresh_ok
2026-05-08 19:40:18 -04:00 | exit_guard_v2_refresh_ok
2026-05-08 19:41:53 -04:00 | exit_guard_v2_refresh_ok
2026-05-08 19:43:25 -04:00 | exit_guard_v2_refresh_ok
2026-05-08 19:44:58 -04:00 | exit_guard_v2_refresh_ok
2026-05-08 19:46:31 -04:00 | exit_guard_v2_refresh_ok
2026-05-08 19:47:54 -04:00 | exit_guard_v2_refresh_ok
2026-05-08 19:49:21 -04:00 | exit_guard_v2_refresh_ok
2026-05-08 19:50:48 -04:00 | exit_guard_v2_refresh_ok
2026-05-08 19:52:12 -04:00 | exit_guard_v2_refresh_ok
2026-05-08 19:53:37 -04:00 | exit_guard_v2_refresh_ok
2026-05-08 19:55:11 -04:00 | exit_guard_v2_refresh_ok
2026-05-08 19:56:46 -04:00 | exit_guard_v2_refresh_ok
2026-05-08 19:58:19 -04:00 | exit_guard_v2_refresh_ok
2026-05-08 19:59:53 -04:00 | exit_guard_v2_refresh_ok
2026-05-08 20:01:27 -04:00 | exit_guard_v2_refresh_ok
2026-05-08 20:03:02 -04:00 | exit_guard_v2_refresh_ok
2026-05-08 20:04:36 -04:00 | exit_guard_v2_refresh_ok
2026-05-08 20:06:08 -04:00 | exit_guard_v2_refresh_ok
2026-05-08 20:07:40 -04:00 | exit_guard_v2_refresh_ok
2026-05-08 20:09:14 -04:00 | exit_guard_v2_refresh_ok
2026-05-08 20:10:49 -04:00 | exit_guard_v2_refresh_ok
2026-05-08 20:12:22 -04:00 | exit_guard_v2_refresh_ok
2026-05-08 20:13:55 -04:00 | exit_guard_v2_refresh_ok
2026-05-08 20:15:32 -04:00 | exit_guard_v2_refresh_ok
2026-05-08 20:17:06 -04:00 | exit_guard_v2_refresh_ok
2026-05-08 20:18:38 -04:00 | exit_guard_v2_refresh_ok
2026-05-08 20:20:09 -04:00 | exit_guard_v2_refresh_ok
2026-05-08 20:21:42 -04:00 | exit_guard_v2_refresh_ok
2026-05-08 20:23:15 -04:00 | exit_guard_v2_refresh_ok
2026-05-08 20:24:49 -04:00 | exit_guard_v2_refresh_ok
2026-05-08 20:26:22 -04:00 | exit_guard_v2_refresh_ok
2026-05-08 20:27:56 -04:00 | exit_guard_v2_refresh_ok
2026-05-08 20:29:31 -04:00 | exit_guard_v2_refresh_ok
2026-05-08 20:31:06 -04:00 | exit_guard_v2_refresh_ok
2026-05-08 20:32:39 -04:00 | exit_guard_v2_refresh_ok
2026-05-08 20:34:13 -04:00 | exit_guard_v2_refresh_ok
2026-05-08 20:35:49 -04:00 | exit_guard_v2_refresh_ok
2026-05-08 20:37:23 -04:00 | exit_guard_v2_refresh_ok
2026-05-08 20:38:58 -04:00 | exit_guard_v2_refresh_ok
2026-05-08 20:40:31 -04:00 | exit_guard_v2_refresh_ok
2026-05-08 20:42:04 -04:00 | exit_guard_v2_refresh_ok
2026-05-08 20:43:38 -04:00 | exit_guard_v2_refresh_ok
2026-05-08 20:45:13 -04:00 | exit_guard_v2_refresh_ok
2026-05-08 20:46:46 -04:00 | exit_guard_v2_refresh_ok
2026-05-08 20:48:19 -04:00 | exit_guard_v2_refresh_ok
2026-05-08 20:49:54 -04:00 | exit_guard_v2_refresh_ok
2026-05-08 20:51:26 -04:00 | exit_guard_v2_refresh_ok
2026-05-08 20:53:01 -04:00 | exit_guard_v2_refresh_ok
2026-05-08 20:54:33 -04:00 | exit_guard_v2_refresh_ok
2026-05-08 20:56:07 -04:00 | exit_guard_v2_refresh_ok
2026-05-08 20:57:41 -04:00 | exit_guard_v2_refresh_ok
2026-05-08 20:59:14 -04:00 | exit_guard_v2_refresh_ok
2026-05-08 21:00:48 -04:00 | exit_guard_v2_refresh_ok
2026-05-08 21:02:20 -04:00 | exit_guard_v2_refresh_ok
2026-05-08 21:03:53 -04:00 | exit_guard_v2_refresh_ok
2026-05-08 21:05:27 -04:00 | exit_guard_v2_refresh_ok
2026-05-08 21:07:00 -04:00 | exit_guard_v2_refresh_ok
2026-05-08 21:08:34 -04:00 | exit_guard_v2_refresh_ok
2026-05-08 21:10:09 -04:00 | exit_guard_v2_refresh_ok
2026-05-08 21:11:44 -04:00 | exit_guard_v2_refresh_ok
2026-05-08 21:13:18 -04:00 | exit_guard_v2_refresh_ok
2026-05-08 21:14:51 -04:00 | exit_guard_v2_refresh_ok
2026-05-08 21:16:25 -04:00 | exit_guard_v2_refresh_ok
2026-05-08 21:17:59 -04:00 | exit_guard_v2_refresh_ok
2026-05-08 21:19:32 -04:00 | exit_guard_v2_refresh_ok
2026-05-08 21:21:05 -04:00 | exit_guard_v2_refresh_ok
2026-05-08 21:22:38 -04:00 | exit_guard_v2_refresh_ok
2026-05-08 21:24:11 -04:00 | exit_guard_v2_refresh_ok
2026-05-08 21:25:49 -04:00 | exit_guard_v2_refresh_ok
2026-05-08 21:27:22 -04:00 | exit_guard_v2_refresh_ok
2026-05-08 21:28:55 -04:00 | exit_guard_v2_refresh_ok
2026-05-08 21:30:27 -04:00 | exit_guard_v2_refresh_ok
2026-05-08 21:32:02 -04:00 | exit_guard_v2_refresh_ok
2026-05-08 21:33:36 -04:00 | exit_guard_v2_refresh_ok
2026-05-08 21:35:08 -04:00 | exit_guard_v2_refresh_ok
2026-05-08 21:36:42 -04:00 | exit_guard_v2_refresh_ok
2026-05-08 21:38:19 -04:00 | exit_guard_v2_refresh_ok
2026-05-08 21:39:52 -04:00 | exit_guard_v2_refresh_ok
2026-05-08 21:41:27 -04:00 | exit_guard_v2_refresh_ok
2026-05-08 21:42:59 -04:00 | exit_guard_v2_refresh_ok
2026-05-08 21:44:33 -04:00 | exit_guard_v2_refresh_ok
2026-05-08 21:46:05 -04:00 | exit_guard_v2_refresh_ok
2026-05-08 21:47:40 -04:00 | exit_guard_v2_refresh_ok
2026-05-08 21:49:13 -04:00 | exit_guard_v2_refresh_ok
2026-05-08 21:50:45 -04:00 | exit_guard_v2_refresh_ok
2026-05-08 21:52:19 -04:00 | exit_guard_v2_refresh_ok
2026-05-08 21:53:53 -04:00 | exit_guard_v2_refresh_ok
2026-05-08 21:55:28 -04:00 | exit_guard_v2_refresh_ok
2026-05-08 21:57:01 -04:00 | exit_guard_v2_refresh_ok
2026-05-08 21:58:33 -04:00 | exit_guard_v2_refresh_ok
2026-05-08 22:00:07 -04:00 | exit_guard_v2_refresh_ok
2026-05-08 22:01:40 -04:00 | exit_guard_v2_refresh_ok
2026-05-08 22:03:15 -04:00 | exit_guard_v2_refresh_ok
2026-05-08 22:04:49 -04:00 | exit_guard_v2_refresh_ok
2026-05-08 22:06:20 -04:00 | exit_guard_v2_refresh_ok
2026-05-08 22:07:52 -04:00 | exit_guard_v2_refresh_ok
2026-05-08 22:09:24 -04:00 | exit_guard_v2_refresh_ok
2026-05-08 22:10:50 -04:00 | exit_guard_v2_refresh_ok
2026-05-08 22:12:17 -04:00 | exit_guard_v2_refresh_ok
2026-05-08 22:13:44 -04:00 | exit_guard_v2_refresh_ok
2026-05-08 22:15:09 -04:00 | exit_guard_v2_refresh_ok
2026-05-08 22:16:36 -04:00 | exit_guard_v2_refresh_ok
2026-05-08 22:18:05 -04:00 | exit_guard_v2_refresh_ok
2026-05-08 22:19:31 -04:00 | exit_guard_v2_refresh_ok
2026-05-08 22:20:56 -04:00 | exit_guard_v2_refresh_ok
2026-05-08 22:22:25 -04:00 | exit_guard_v2_refresh_ok
2026-05-08 22:23:53 -04:00 | exit_guard_v2_refresh_ok
2026-05-08 22:25:19 -04:00 | exit_guard_v2_refresh_ok
2026-05-08 22:26:44 -04:00 | exit_guard_v2_refresh_ok
2026-05-08 22:28:10 -04:00 | exit_guard_v2_refresh_ok
2026-05-08 22:29:37 -04:00 | exit_guard_v2_refresh_ok
2026-05-08 22:31:00 -04:00 | exit_guard_v2_refresh_ok
2026-05-08 22:32:27 -04:00 | exit_guard_v2_refresh_ok
2026-05-08 22:33:54 -04:00 | exit_guard_v2_refresh_ok
2026-05-08 22:35:19 -04:00 | exit_guard_v2_refresh_ok
2026-05-08 22:36:44 -04:00 | exit_guard_v2_refresh_ok
2026-05-08 22:38:19 -04:00 | exit_guard_v2_refresh_ok
2026-05-08 22:39:44 -04:00 | exit_guard_v2_refresh_ok
2026-05-08 22:41:08 -04:00 | exit_guard_v2_refresh_ok
2026-05-08 22:42:33 -04:00 | exit_guard_v2_refresh_ok
2026-05-08 22:44:02 -04:00 | exit_guard_v2_refresh_ok
2026-05-08 22:45:28 -04:00 | exit_guard_v2_refresh_ok
2026-05-08 22:46:52 -04:00 | exit_guard_v2_refresh_ok
2026-05-08 22:48:16 -04:00 | exit_guard_v2_refresh_ok
2026-05-08 22:49:41 -04:00 | exit_guard_v2_refresh_ok
2026-05-08 22:51:04 -04:00 | exit_guard_v2_refresh_ok
2026-05-08 22:52:28 -04:00 | exit_guard_v2_refresh_ok
2026-05-08 22:53:52 -04:00 | exit_guard_v2_refresh_ok
2026-05-08 22:55:14 -04:00 | exit_guard_v2_refresh_ok
2026-05-08 22:56:37 -04:00 | exit_guard_v2_refresh_ok
2026-05-08 22:58:09 -04:00 | exit_guard_v2_refresh_ok
2026-05-08 22:59:38 -04:00 | exit_guard_v2_refresh_ok
2026-05-08 23:01:09 -04:00 | exit_guard_v2_refresh_ok
2026-05-08 23:02:42 -04:00 | exit_guard_v2_refresh_ok
2026-05-08 23:04:14 -04:00 | exit_guard_v2_refresh_ok
2026-05-08 23:05:44 -04:00 | exit_guard_v2_refresh_ok
2026-05-08 23:07:15 -04:00 | exit_guard_v2_refresh_ok
2026-05-08 23:08:45 -04:00 | exit_guard_v2_refresh_ok
2026-05-08 23:10:17 -04:00 | exit_guard_v2_refresh_ok
2026-05-08 23:11:47 -04:00 | exit_guard_v2_refresh_ok
2026-05-08 23:13:16 -04:00 | exit_guard_v2_refresh_ok
2026-05-08 23:14:49 -04:00 | exit_guard_v2_refresh_ok
2026-05-08 23:16:22 -04:00 | exit_guard_v2_refresh_ok
2026-05-08 23:17:54 -04:00 | exit_guard_v2_refresh_ok
2026-05-08 23:19:24 -04:00 | exit_guard_v2_refresh_ok
2026-05-08 23:20:56 -04:00 | exit_guard_v2_refresh_ok
2026-05-08 23:22:26 -04:00 | exit_guard_v2_refresh_ok
2026-05-08 23:23:58 -04:00 | exit_guard_v2_refresh_ok
2026-05-08 23:25:28 -04:00 | exit_guard_v2_refresh_ok
2026-05-08 23:27:01 -04:00 | exit_guard_v2_refresh_ok
2026-05-08 23:28:33 -04:00 | exit_guard_v2_refresh_ok
2026-05-08 23:30:02 -04:00 | exit_guard_v2_refresh_ok
2026-05-08 23:31:33 -04:00 | exit_guard_v2_refresh_ok
2026-05-08 23:33:05 -04:00 | exit_guard_v2_refresh_ok
2026-05-08 23:34:36 -04:00 | exit_guard_v2_refresh_ok
2026-05-08 23:36:05 -04:00 | exit_guard_v2_refresh_ok
2026-05-08 23:37:36 -04:00 | exit_guard_v2_refresh_ok
2026-05-08 23:39:10 -04:00 | exit_guard_v2_refresh_ok
2026-05-08 23:40:41 -04:00 | exit_guard_v2_refresh_ok
2026-05-08 23:42:12 -04:00 | exit_guard_v2_refresh_ok
2026-05-08 23:43:42 -04:00 | exit_guard_v2_refresh_ok
2026-05-08 23:45:14 -04:00 | exit_guard_v2_refresh_ok
2026-05-08 23:46:45 -04:00 | exit_guard_v2_refresh_ok
2026-05-08 23:48:16 -04:00 | exit_guard_v2_refresh_ok
2026-05-09 10:40:14 -04:00 | exit_guard_v2_refresh_ok
2026-05-09 10:41:35 -04:00 | exit_guard_v2_refresh_ok
2026-05-09 10:42:50 -04:00 | exit_guard_v2_refresh_ok
2026-05-09 10:44:04 -04:00 | exit_guard_v2_refresh_ok
2026-05-09 10:45:20 -04:00 | exit_guard_v2_refresh_ok
2026-05-09 10:46:38 -04:00 | exit_guard_v2_refresh_ok
2026-05-09 10:47:52 -04:00 | exit_guard_v2_refresh_ok
2026-05-09 10:49:09 -04:00 | exit_guard_v2_refresh_ok
2026-05-09 10:50:24 -04:00 | exit_guard_v2_refresh_ok
2026-05-09 10:51:42 -04:00 | exit_guard_v2_refresh_ok
2026-05-09 10:53:01 -04:00 | exit_guard_v2_refresh_ok
2026-05-09 10:54:17 -04:00 | exit_guard_v2_refresh_ok
2026-05-09 10:55:36 -04:00 | exit_guard_v2_refresh_ok
2026-05-09 10:57:01 -04:00 | exit_guard_v2_refresh_ok
2026-05-09 10:58:16 -04:00 | exit_guard_v2_refresh_ok
2026-05-09 10:59:36 -04:00 | exit_guard_v2_refresh_ok
2026-05-09 11:00:52 -04:00 | exit_guard_v2_refresh_ok
2026-05-09 11:02:10 -04:00 | exit_guard_v2_refresh_ok
2026-05-09 11:03:28 -04:00 | exit_guard_v2_refresh_ok
2026-05-09 11:04:47 -04:00 | exit_guard_v2_refresh_ok
2026-05-09 11:06:05 -04:00 | exit_guard_v2_refresh_ok
2026-05-09 11:07:27 -04:00 | exit_guard_v2_refresh_ok
2026-05-09 11:08:43 -04:00 | exit_guard_v2_refresh_ok
2026-05-09 11:09:57 -04:00 | exit_guard_v2_refresh_ok
2026-05-09 11:11:17 -04:00 | exit_guard_v2_refresh_ok
2026-05-09 11:12:34 -04:00 | exit_guard_v2_refresh_ok
2026-05-09 11:13:57 -04:00 | exit_guard_v2_refresh_ok
2026-05-09 11:15:16 -04:00 | exit_guard_v2_refresh_ok
2026-05-09 11:16:33 -04:00 | exit_guard_v2_refresh_ok
2026-05-09 11:17:51 -04:00 | exit_guard_v2_refresh_ok
2026-05-09 11:19:10 -04:00 | exit_guard_v2_refresh_ok
2026-05-09 11:20:29 -04:00 | exit_guard_v2_refresh_ok
2026-05-09 11:21:49 -04:00 | exit_guard_v2_refresh_ok
2026-05-09 11:23:10 -04:00 | exit_guard_v2_refresh_ok
2026-05-09 11:24:29 -04:00 | exit_guard_v2_refresh_ok
2026-05-09 11:25:48 -04:00 | exit_guard_v2_refresh_ok
2026-05-09 11:27:06 -04:00 | exit_guard_v2_refresh_ok
2026-05-09 11:28:24 -04:00 | exit_guard_v2_refresh_ok
2026-05-09 11:29:40 -04:00 | exit_guard_v2_refresh_ok
2026-05-09 11:31:00 -04:00 | exit_guard_v2_refresh_ok
2026-05-09 11:32:24 -04:00 | exit_guard_v2_refresh_ok
2026-05-09 11:33:48 -04:00 | exit_guard_v2_refresh_ok
2026-05-09 11:35:13 -04:00 | exit_guard_v2_refresh_ok
2026-05-09 11:36:36 -04:00 | exit_guard_v2_refresh_ok
2026-05-09 11:38:01 -04:00 | exit_guard_v2_refresh_ok
2026-05-09 11:39:24 -04:00 | exit_guard_v2_refresh_ok
2026-05-09 11:40:47 -04:00 | exit_guard_v2_refresh_ok
2026-05-09 11:42:09 -04:00 | exit_guard_v2_refresh_ok
2026-05-09 11:43:31 -04:00 | exit_guard_v2_refresh_ok
2026-05-09 11:44:54 -04:00 | exit_guard_v2_refresh_ok
2026-05-09 11:46:16 -04:00 | exit_guard_v2_refresh_ok
2026-05-09 11:47:38 -04:00 | exit_guard_v2_refresh_ok
2026-05-09 11:49:00 -04:00 | exit_guard_v2_refresh_ok
2026-05-09 11:50:22 -04:00 | exit_guard_v2_refresh_ok
2026-05-09 12:55:58 -04:00 | exit_guard_v2_refresh_ok
2026-05-09 12:57:12 -04:00 | exit_guard_v2_refresh_ok
2026-05-09 12:58:37 -04:00 | exit_guard_v2_refresh_ok
2026-05-09 13:00:01 -04:00 | exit_guard_v2_refresh_ok
2026-05-09 13:01:25 -04:00 | exit_guard_v2_refresh_ok
2026-05-09 13:02:49 -04:00 | exit_guard_v2_refresh_ok
2026-05-09 13:04:13 -04:00 | exit_guard_v2_refresh_ok
2026-05-09 13:05:35 -04:00 | exit_guard_v2_refresh_ok
2026-05-09 13:06:58 -04:00 | exit_guard_v2_refresh_ok
2026-05-09 13:08:22 -04:00 | exit_guard_v2_refresh_ok
2026-05-09 13:09:52 -04:00 | exit_guard_v2_refresh_ok
2026-05-09 13:11:15 -04:00 | exit_guard_v2_refresh_ok
2026-05-09 13:12:39 -04:00 | exit_guard_v2_refresh_ok
2026-05-09 13:14:04 -04:00 | exit_guard_v2_refresh_ok
2026-05-09 13:15:29 -04:00 | exit_guard_v2_refresh_ok
2026-05-09 13:16:54 -04:00 | exit_guard_v2_refresh_ok
2026-05-09 13:18:21 -04:00 | exit_guard_v2_refresh_ok
2026-05-09 13:19:46 -04:00 | exit_guard_v2_refresh_ok
2026-05-09 13:21:10 -04:00 | exit_guard_v2_refresh_ok
2026-05-09 13:22:37 -04:00 | exit_guard_v2_refresh_ok
2026-05-09 13:24:01 -04:00 | exit_guard_v2_refresh_ok
2026-05-09 13:25:27 -04:00 | exit_guard_v2_refresh_ok
2026-05-09 13:26:53 -04:00 | exit_guard_v2_refresh_ok
2026-05-09 13:28:27 -04:00 | exit_guard_v2_refresh_ok
2026-05-09 13:29:52 -04:00 | exit_guard_v2_refresh_ok
2026-05-09 13:31:09 -04:00 | exit_guard_v2_refresh_ok
2026-05-09 13:32:30 -04:00 | exit_guard_v2_refresh_ok
2026-05-09 13:33:49 -04:00 | exit_guard_v2_refresh_ok
2026-05-09 13:35:12 -04:00 | exit_guard_v2_refresh_ok
2026-05-09 13:36:30 -04:00 | exit_guard_v2_refresh_ok
2026-05-09 13:37:48 -04:00 | exit_guard_v2_refresh_ok
2026-05-09 13:39:06 -04:00 | exit_guard_v2_refresh_ok
2026-05-09 13:40:26 -04:00 | exit_guard_v2_refresh_ok
2026-05-09 13:41:44 -04:00 | exit_guard_v2_refresh_ok
2026-05-09 13:43:04 -04:00 | exit_guard_v2_refresh_ok
2026-05-09 13:44:27 -04:00 | exit_guard_v2_refresh_ok
2026-05-09 13:45:48 -04:00 | exit_guard_v2_refresh_ok
2026-05-09 13:47:07 -04:00 | exit_guard_v2_refresh_ok
2026-05-09 13:48:25 -04:00 | exit_guard_v2_refresh_ok
2026-05-09 13:49:47 -04:00 | exit_guard_v2_refresh_ok
2026-05-09 13:51:01 -04:00 | exit_guard_v2_refresh_ok
2026-05-09 13:52:20 -04:00 | exit_guard_v2_refresh_ok
2026-05-09 13:53:35 -04:00 | exit_guard_v2_refresh_ok
2026-05-09 13:54:52 -04:00 | exit_guard_v2_refresh_ok
2026-05-09 13:56:10 -04:00 | exit_guard_v2_refresh_ok
2026-05-09 13:57:30 -04:00 | exit_guard_v2_refresh_ok
2026-05-09 13:58:46 -04:00 | exit_guard_v2_refresh_ok
2026-05-09 14:00:04 -04:00 | exit_guard_v2_refresh_ok
2026-05-09 14:01:20 -04:00 | exit_guard_v2_refresh_ok
2026-05-09 14:02:35 -04:00 | exit_guard_v2_refresh_ok
2026-05-09 14:03:52 -04:00 | exit_guard_v2_refresh_ok
2026-05-09 14:05:10 -04:00 | exit_guard_v2_refresh_ok
2026-05-09 14:06:28 -04:00 | exit_guard_v2_refresh_ok
2026-05-09 14:07:49 -04:00 | exit_guard_v2_refresh_ok
2026-05-09 14:09:07 -04:00 | exit_guard_v2_refresh_ok
2026-05-09 14:10:26 -04:00 | exit_guard_v2_refresh_ok
2026-05-09 14:11:43 -04:00 | exit_guard_v2_refresh_ok
2026-05-09 14:13:04 -04:00 | exit_guard_v2_refresh_ok
2026-05-09 14:14:28 -04:00 | exit_guard_v2_refresh_ok
2026-05-09 14:15:45 -04:00 | exit_guard_v2_refresh_ok
2026-05-09 14:17:06 -04:00 | exit_guard_v2_refresh_ok
2026-05-09 14:18:24 -04:00 | exit_guard_v2_refresh_ok
2026-05-09 14:19:39 -04:00 | exit_guard_v2_refresh_ok
2026-05-09 14:20:56 -04:00 | exit_guard_v2_refresh_ok
2026-05-09 14:22:19 -04:00 | exit_guard_v2_refresh_ok
2026-05-09 14:23:35 -04:00 | exit_guard_v2_refresh_ok
2026-05-09 14:24:53 -04:00 | exit_guard_v2_refresh_ok
2026-05-09 14:26:10 -04:00 | exit_guard_v2_refresh_ok
2026-05-09 14:27:27 -04:00 | exit_guard_v2_refresh_ok
2026-05-09 14:28:46 -04:00 | exit_guard_v2_refresh_ok
2026-05-09 14:30:03 -04:00 | exit_guard_v2_refresh_ok
2026-05-09 14:31:19 -04:00 | exit_guard_v2_refresh_ok
2026-05-09 14:32:40 -04:00 | exit_guard_v2_refresh_ok
2026-05-09 14:33:57 -04:00 | exit_guard_v2_refresh_ok
2026-05-09 14:35:17 -04:00 | exit_guard_v2_refresh_ok
2026-05-09 14:36:35 -04:00 | exit_guard_v2_refresh_ok
2026-05-09 14:37:54 -04:00 | exit_guard_v2_refresh_ok
2026-05-09 14:39:11 -04:00 | exit_guard_v2_refresh_ok
2026-05-09 14:40:29 -04:00 | exit_guard_v2_refresh_ok
2026-05-09 14:41:45 -04:00 | exit_guard_v2_refresh_ok
2026-05-09 14:43:08 -04:00 | exit_guard_v2_refresh_ok
2026-05-09 14:44:25 -04:00 | exit_guard_v2_refresh_ok
2026-05-09 14:45:42 -04:00 | exit_guard_v2_refresh_ok
2026-05-09 14:47:00 -04:00 | exit_guard_v2_refresh_ok
2026-05-09 14:48:17 -04:00 | exit_guard_v2_refresh_ok
2026-05-09 14:49:34 -04:00 | exit_guard_v2_refresh_ok
2026-05-09 14:50:51 -04:00 | exit_guard_v2_refresh_ok
2026-05-09 14:52:08 -04:00 | exit_guard_v2_refresh_ok
2026-05-09 14:53:28 -04:00 | exit_guard_v2_refresh_ok
2026-05-09 14:54:47 -04:00 | exit_guard_v2_refresh_ok
2026-05-09 14:56:05 -04:00 | exit_guard_v2_refresh_ok
2026-05-09 14:57:20 -04:00 | exit_guard_v2_refresh_ok
2026-05-09 14:58:39 -04:00 | exit_guard_v2_refresh_ok
2026-05-09 14:59:55 -04:00 | exit_guard_v2_refresh_ok
2026-05-09 15:01:13 -04:00 | exit_guard_v2_refresh_ok
2026-05-09 15:02:30 -04:00 | exit_guard_v2_refresh_ok
2026-05-09 15:03:46 -04:00 | exit_guard_v2_refresh_ok
2026-05-09 15:05:05 -04:00 | exit_guard_v2_refresh_ok
2026-05-09 15:06:20 -04:00 | exit_guard_v2_refresh_ok
2026-05-09 15:07:39 -04:00 | exit_guard_v2_refresh_ok
2026-05-09 15:09:02 -04:00 | exit_guard_v2_refresh_ok
2026-05-09 15:10:26 -04:00 | exit_guard_v2_refresh_ok
2026-05-09 15:11:49 -04:00 | exit_guard_v2_refresh_ok
2026-05-09 15:13:14 -04:00 | exit_guard_v2_refresh_ok
2026-05-09 15:14:47 -04:00 | exit_guard_v2_refresh_ok
2026-05-09 15:16:18 -04:00 | exit_guard_v2_refresh_ok
2026-05-09 15:17:49 -04:00 | exit_guard_v2_refresh_ok
2026-05-09 15:19:20 -04:00 | exit_guard_v2_refresh_ok
2026-05-09 15:20:50 -04:00 | exit_guard_v2_refresh_ok
2026-05-09 15:22:21 -04:00 | exit_guard_v2_refresh_ok
2026-05-09 15:23:54 -04:00 | exit_guard_v2_refresh_ok
2026-05-09 15:25:26 -04:00 | exit_guard_v2_refresh_ok
2026-05-09 15:26:57 -04:00 | exit_guard_v2_refresh_ok
2026-05-09 15:28:28 -04:00 | exit_guard_v2_refresh_ok
2026-05-09 15:30:00 -04:00 | exit_guard_v2_refresh_ok
2026-05-09 15:31:31 -04:00 | exit_guard_v2_refresh_ok
2026-05-09 15:33:02 -04:00 | exit_guard_v2_refresh_ok
2026-05-09 15:34:32 -04:00 | exit_guard_v2_refresh_ok
2026-05-09 15:36:04 -04:00 | exit_guard_v2_refresh_ok
2026-05-09 15:37:36 -04:00 | exit_guard_v2_refresh_ok
2026-05-09 15:39:07 -04:00 | exit_guard_v2_refresh_ok
2026-05-09 15:40:37 -04:00 | exit_guard_v2_refresh_ok
2026-05-09 15:42:08 -04:00 | exit_guard_v2_refresh_ok
2026-05-09 15:43:41 -04:00 | exit_guard_v2_refresh_ok
2026-05-09 15:45:13 -04:00 | exit_guard_v2_refresh_ok
2026-05-09 15:46:43 -04:00 | exit_guard_v2_refresh_ok
2026-05-09 15:48:15 -04:00 | exit_guard_v2_refresh_ok
2026-05-09 15:49:46 -04:00 | exit_guard_v2_refresh_ok
2026-05-09 15:51:17 -04:00 | exit_guard_v2_refresh_ok
2026-05-09 15:52:48 -04:00 | exit_guard_v2_refresh_ok
2026-05-09 15:54:12 -04:00 | exit_guard_v2_refresh_ok
2026-05-09 15:55:37 -04:00 | exit_guard_v2_refresh_ok
2026-05-09 15:57:02 -04:00 | exit_guard_v2_refresh_ok
2026-05-09 15:58:25 -04:00 | exit_guard_v2_refresh_ok
2026-05-09 15:59:53 -04:00 | exit_guard_v2_refresh_ok
2026-05-09 16:01:17 -04:00 | exit_guard_v2_refresh_ok
2026-05-09 16:02:40 -04:00 | exit_guard_v2_refresh_ok
2026-05-09 16:04:10 -04:00 | exit_guard_v2_refresh_ok
2026-05-09 16:05:37 -04:00 | exit_guard_v2_refresh_ok
2026-05-09 16:07:01 -04:00 | exit_guard_v2_refresh_ok
2026-05-09 16:08:25 -04:00 | exit_guard_v2_refresh_ok
2026-05-09 16:09:51 -04:00 | exit_guard_v2_refresh_ok
2026-05-09 16:11:16 -04:00 | exit_guard_v2_refresh_ok
2026-05-09 16:12:41 -04:00 | exit_guard_v2_refresh_ok
2026-05-09 16:14:17 -04:00 | exit_guard_v2_refresh_ok
2026-05-09 16:15:49 -04:00 | exit_guard_v2_refresh_ok
2026-05-09 16:17:22 -04:00 | exit_guard_v2_refresh_ok
2026-05-09 16:18:55 -04:00 | exit_guard_v2_refresh_ok
2026-05-09 16:20:30 -04:00 | exit_guard_v2_refresh_ok
2026-05-09 16:22:02 -04:00 | exit_guard_v2_refresh_ok
2026-05-09 16:23:36 -04:00 | exit_guard_v2_refresh_ok
2026-05-09 16:25:09 -04:00 | exit_guard_v2_refresh_ok
2026-05-09 16:26:35 -04:00 | exit_guard_v2_refresh_ok
2026-05-09 16:27:59 -04:00 | exit_guard_v2_refresh_ok
2026-05-09 16:29:25 -04:00 | exit_guard_v2_refresh_ok
2026-05-09 16:30:49 -04:00 | exit_guard_v2_refresh_ok
2026-05-09 16:32:16 -04:00 | exit_guard_v2_refresh_ok
2026-05-09 16:33:40 -04:00 | exit_guard_v2_refresh_ok
2026-05-09 16:35:06 -04:00 | exit_guard_v2_refresh_ok
2026-05-09 16:36:30 -04:00 | exit_guard_v2_refresh_ok
2026-05-09 16:37:57 -04:00 | exit_guard_v2_refresh_ok
2026-05-09 16:39:22 -04:00 | exit_guard_v2_refresh_ok
2026-05-09 16:40:46 -04:00 | exit_guard_v2_refresh_ok
2026-05-09 16:42:11 -04:00 | exit_guard_v2_refresh_ok
2026-05-09 16:43:35 -04:00 | exit_guard_v2_refresh_ok
2026-05-09 16:44:58 -04:00 | exit_guard_v2_refresh_ok
2026-05-09 16:46:21 -04:00 | exit_guard_v2_refresh_ok
2026-05-09 16:47:39 -04:00 | exit_guard_v2_refresh_ok
2026-05-09 16:48:58 -04:00 | exit_guard_v2_refresh_ok
2026-05-09 16:50:13 -04:00 | exit_guard_v2_refresh_ok
2026-05-09 16:51:28 -04:00 | exit_guard_v2_refresh_ok
2026-05-09 16:52:50 -04:00 | exit_guard_v2_refresh_ok
2026-05-09 16:54:13 -04:00 | exit_guard_v2_refresh_ok
2026-05-09 16:55:36 -04:00 | exit_guard_v2_refresh_ok
2026-05-09 16:57:00 -04:00 | exit_guard_v2_refresh_ok
2026-05-09 16:58:24 -04:00 | exit_guard_v2_refresh_ok
2026-05-09 16:59:49 -04:00 | exit_guard_v2_refresh_ok
2026-05-09 17:01:12 -04:00 | exit_guard_v2_refresh_ok
2026-05-09 17:02:35 -04:00 | exit_guard_v2_refresh_ok
2026-05-09 17:03:49 -04:00 | exit_guard_v2_refresh_ok
2026-05-09 17:05:03 -04:00 | exit_guard_v2_refresh_ok
2026-05-09 17:06:21 -04:00 | exit_guard_v2_refresh_ok
2026-05-09 17:07:42 -04:00 | exit_guard_v2_refresh_ok
2026-05-09 17:08:58 -04:00 | exit_guard_v2_refresh_ok
2026-05-09 17:10:13 -04:00 | exit_guard_v2_refresh_ok
2026-05-09 17:11:27 -04:00 | exit_guard_v2_refresh_ok
2026-05-09 17:12:40 -04:00 | exit_guard_v2_refresh_ok
2026-05-09 17:13:59 -04:00 | exit_guard_v2_refresh_ok
2026-05-09 17:15:13 -04:00 | exit_guard_v2_refresh_ok
2026-05-09 17:16:29 -04:00 | exit_guard_v2_refresh_ok
2026-05-09 17:17:45 -04:00 | exit_guard_v2_refresh_ok
2026-05-09 17:19:00 -04:00 | exit_guard_v2_refresh_ok
2026-05-09 17:20:16 -04:00 | exit_guard_v2_refresh_ok
2026-05-09 17:21:31 -04:00 | exit_guard_v2_refresh_ok
2026-05-09 17:22:45 -04:00 | exit_guard_v2_refresh_ok
2026-05-09 17:24:05 -04:00 | exit_guard_v2_refresh_ok
2026-05-09 17:25:19 -04:00 | exit_guard_v2_refresh_ok
2026-05-09 17:26:34 -04:00 | exit_guard_v2_refresh_ok
2026-05-09 17:27:51 -04:00 | exit_guard_v2_refresh_ok
2026-05-09 17:29:10 -04:00 | exit_guard_v2_refresh_ok
2026-05-09 17:30:25 -04:00 | exit_guard_v2_refresh_ok
2026-05-09 17:31:41 -04:00 | exit_guard_v2_refresh_ok
2026-05-09 17:32:57 -04:00 | exit_guard_v2_refresh_ok
2026-05-09 17:34:12 -04:00 | exit_guard_v2_refresh_ok
2026-05-09 17:35:26 -04:00 | exit_guard_v2_refresh_ok
2026-05-09 17:36:42 -04:00 | exit_guard_v2_refresh_ok
2026-05-09 17:37:58 -04:00 | exit_guard_v2_refresh_ok
2026-05-09 17:39:17 -04:00 | exit_guard_v2_refresh_ok
2026-05-09 17:40:30 -04:00 | exit_guard_v2_refresh_ok
2026-05-09 17:41:44 -04:00 | exit_guard_v2_refresh_ok
2026-05-09 17:43:00 -04:00 | exit_guard_v2_refresh_ok
2026-05-09 17:44:16 -04:00 | exit_guard_v2_refresh_ok
2026-05-09 17:45:31 -04:00 | exit_guard_v2_refresh_ok
2026-05-09 17:46:46 -04:00 | exit_guard_v2_refresh_ok
2026-05-09 17:48:02 -04:00 | exit_guard_v2_refresh_ok
2026-05-09 17:49:16 -04:00 | exit_guard_v2_refresh_ok
2026-05-09 17:50:34 -04:00 | exit_guard_v2_refresh_ok
2026-05-09 17:51:48 -04:00 | exit_guard_v2_refresh_ok
2026-05-09 17:53:04 -04:00 | exit_guard_v2_refresh_ok
2026-05-09 17:54:19 -04:00 | exit_guard_v2_refresh_ok
2026-05-09 17:55:33 -04:00 | exit_guard_v2_refresh_ok
2026-05-09 17:56:49 -04:00 | exit_guard_v2_refresh_ok
2026-05-09 17:58:03 -04:00 | exit_guard_v2_refresh_ok
2026-05-09 17:59:17 -04:00 | exit_guard_v2_refresh_ok
2026-05-09 18:00:33 -04:00 | exit_guard_v2_refresh_ok
2026-05-09 18:01:49 -04:00 | exit_guard_v2_refresh_ok
2026-05-09 18:03:04 -04:00 | exit_guard_v2_refresh_ok
2026-05-09 18:04:20 -04:00 | exit_guard_v2_refresh_ok
2026-05-09 18:05:35 -04:00 | exit_guard_v2_refresh_ok
2026-05-09 18:06:51 -04:00 | exit_guard_v2_refresh_ok
2026-05-09 18:08:06 -04:00 | exit_guard_v2_refresh_ok
2026-05-09 18:09:19 -04:00 | exit_guard_v2_refresh_ok
2026-05-09 18:10:34 -04:00 | exit_guard_v2_refresh_ok
2026-05-09 18:11:51 -04:00 | exit_guard_v2_refresh_ok
2026-05-09 18:13:04 -04:00 | exit_guard_v2_refresh_ok
2026-05-09 18:14:19 -04:00 | exit_guard_v2_refresh_ok
2026-05-09 18:15:41 -04:00 | exit_guard_v2_refresh_ok
2026-05-09 18:16:56 -04:00 | exit_guard_v2_refresh_ok
2026-05-09 18:18:14 -04:00 | exit_guard_v2_refresh_ok
2026-05-09 18:19:27 -04:00 | exit_guard_v2_refresh_ok
2026-05-09 18:20:44 -04:00 | exit_guard_v2_refresh_ok
2026-05-09 18:22:01 -04:00 | exit_guard_v2_refresh_ok
2026-05-09 18:23:15 -04:00 | exit_guard_v2_refresh_ok
2026-05-09 18:24:32 -04:00 | exit_guard_v2_refresh_ok
2026-05-09 18:25:47 -04:00 | exit_guard_v2_refresh_ok
2026-05-09 18:27:02 -04:00 | exit_guard_v2_refresh_ok
2026-05-09 18:28:15 -04:00 | exit_guard_v2_refresh_ok
2026-05-09 18:29:30 -04:00 | exit_guard_v2_refresh_ok
2026-05-09 18:30:46 -04:00 | exit_guard_v2_refresh_ok
2026-05-09 18:32:02 -04:00 | exit_guard_v2_refresh_ok
2026-05-09 18:33:14 -04:00 | exit_guard_v2_refresh_ok
2026-05-09 18:34:29 -04:00 | exit_guard_v2_refresh_ok
2026-05-09 18:35:44 -04:00 | exit_guard_v2_refresh_ok
2026-05-09 18:37:01 -04:00 | exit_guard_v2_refresh_ok
2026-05-09 18:38:17 -04:00 | exit_guard_v2_refresh_ok
2026-05-09 18:39:32 -04:00 | exit_guard_v2_refresh_ok
2026-05-09 18:40:47 -04:00 | exit_guard_v2_refresh_ok
2026-05-09 18:42:03 -04:00 | exit_guard_v2_refresh_ok
2026-05-09 18:43:17 -04:00 | exit_guard_v2_refresh_ok
2026-05-09 18:44:31 -04:00 | exit_guard_v2_refresh_ok
2026-05-09 18:45:45 -04:00 | exit_guard_v2_refresh_ok
2026-05-09 18:46:59 -04:00 | exit_guard_v2_refresh_ok
2026-05-09 18:48:15 -04:00 | exit_guard_v2_refresh_ok
2026-05-09 18:49:28 -04:00 | exit_guard_v2_refresh_ok
2026-05-09 18:50:44 -04:00 | exit_guard_v2_refresh_ok
2026-05-09 18:51:58 -04:00 | exit_guard_v2_refresh_ok
2026-05-09 18:53:13 -04:00 | exit_guard_v2_refresh_ok
2026-05-09 18:54:30 -04:00 | exit_guard_v2_refresh_ok
2026-05-09 18:55:43 -04:00 | exit_guard_v2_refresh_ok
2026-05-09 18:57:01 -04:00 | exit_guard_v2_refresh_ok
2026-05-09 18:58:19 -04:00 | exit_guard_v2_refresh_ok
2026-05-09 18:59:36 -04:00 | exit_guard_v2_refresh_ok
2026-05-09 19:00:55 -04:00 | exit_guard_v2_refresh_ok
2026-05-09 19:02:17 -04:00 | exit_guard_v2_refresh_ok
2026-05-09 19:03:32 -04:00 | exit_guard_v2_refresh_ok
2026-05-09 19:04:49 -04:00 | exit_guard_v2_refresh_ok
2026-05-09 19:06:08 -04:00 | exit_guard_v2_refresh_ok
2026-05-09 19:07:23 -04:00 | exit_guard_v2_refresh_ok
2026-05-09 19:08:40 -04:00 | exit_guard_v2_refresh_ok
2026-05-09 19:09:56 -04:00 | exit_guard_v2_refresh_ok
2026-05-09 19:11:11 -04:00 | exit_guard_v2_refresh_ok
2026-05-09 19:12:28 -04:00 | exit_guard_v2_refresh_ok
2026-05-09 19:13:45 -04:00 | exit_guard_v2_refresh_ok
2026-05-09 19:15:03 -04:00 | exit_guard_v2_refresh_ok
2026-05-09 19:16:18 -04:00 | exit_guard_v2_refresh_ok
2026-05-09 19:17:37 -04:00 | exit_guard_v2_refresh_ok
2026-05-09 19:18:52 -04:00 | exit_guard_v2_refresh_ok
2026-05-09 19:20:09 -04:00 | exit_guard_v2_refresh_ok
2026-05-09 19:21:26 -04:00 | exit_guard_v2_refresh_ok
2026-05-09 19:22:43 -04:00 | exit_guard_v2_refresh_ok
2026-05-09 19:24:00 -04:00 | exit_guard_v2_refresh_ok
2026-05-09 19:25:15 -04:00 | exit_guard_v2_refresh_ok
2026-05-09 19:26:31 -04:00 | exit_guard_v2_refresh_ok
2026-05-09 19:27:47 -04:00 | exit_guard_v2_refresh_ok
2026-05-09 19:29:02 -04:00 | exit_guard_v2_refresh_ok
2026-05-09 19:30:21 -04:00 | exit_guard_v2_refresh_ok
2026-05-09 19:31:37 -04:00 | exit_guard_v2_refresh_ok
2026-05-09 19:32:55 -04:00 | exit_guard_v2_refresh_ok
2026-05-09 19:34:12 -04:00 | exit_guard_v2_refresh_ok
2026-05-09 19:35:28 -04:00 | exit_guard_v2_refresh_ok
2026-05-09 19:36:46 -04:00 | exit_guard_v2_refresh_ok
2026-05-09 19:38:00 -04:00 | exit_guard_v2_refresh_ok
2026-05-09 19:39:15 -04:00 | exit_guard_v2_refresh_ok
2026-05-09 19:40:29 -04:00 | exit_guard_v2_refresh_ok
2026-05-09 19:41:46 -04:00 | exit_guard_v2_refresh_ok
2026-05-09 19:43:00 -04:00 | exit_guard_v2_refresh_ok
2026-05-09 19:44:16 -04:00 | exit_guard_v2_refresh_ok
2026-05-09 19:45:31 -04:00 | exit_guard_v2_refresh_ok
2026-05-09 19:46:47 -04:00 | exit_guard_v2_refresh_ok
2026-05-09 19:48:01 -04:00 | exit_guard_v2_refresh_ok
2026-05-09 19:49:16 -04:00 | exit_guard_v2_refresh_ok
2026-05-09 19:50:34 -04:00 | exit_guard_v2_refresh_ok
2026-05-09 19:51:51 -04:00 | exit_guard_v2_refresh_ok
2026-05-09 19:53:05 -04:00 | exit_guard_v2_refresh_ok
2026-05-09 19:54:22 -04:00 | exit_guard_v2_refresh_ok
2026-05-09 19:55:39 -04:00 | exit_guard_v2_refresh_ok
2026-05-09 19:56:54 -04:00 | exit_guard_v2_refresh_ok
2026-05-09 19:58:09 -04:00 | exit_guard_v2_refresh_ok
2026-05-09 19:59:25 -04:00 | exit_guard_v2_refresh_ok
2026-05-09 20:00:42 -04:00 | exit_guard_v2_refresh_ok
2026-05-09 20:01:55 -04:00 | exit_guard_v2_refresh_ok
2026-05-09 20:03:11 -04:00 | exit_guard_v2_refresh_ok
2026-05-09 20:04:25 -04:00 | exit_guard_v2_refresh_ok
2026-05-09 20:05:40 -04:00 | exit_guard_v2_refresh_ok
2026-05-09 20:06:55 -04:00 | exit_guard_v2_refresh_ok
2026-05-09 20:08:09 -04:00 | exit_guard_v2_refresh_ok
2026-05-09 20:09:27 -04:00 | exit_guard_v2_refresh_ok
2026-05-09 20:10:43 -04:00 | exit_guard_v2_refresh_ok
2026-05-09 20:11:57 -04:00 | exit_guard_v2_refresh_ok
2026-05-09 20:13:11 -04:00 | exit_guard_v2_refresh_ok
2026-05-09 20:14:28 -04:00 | exit_guard_v2_refresh_ok
2026-05-09 20:15:44 -04:00 | exit_guard_v2_refresh_ok
2026-05-09 20:16:58 -04:00 | exit_guard_v2_refresh_ok
2026-05-09 20:18:12 -04:00 | exit_guard_v2_refresh_ok
2026-05-09 20:19:30 -04:00 | exit_guard_v2_refresh_ok
2026-05-09 20:20:45 -04:00 | exit_guard_v2_refresh_ok
2026-05-09 20:22:01 -04:00 | exit_guard_v2_refresh_ok
2026-05-09 20:23:15 -04:00 | exit_guard_v2_refresh_ok
2026-05-09 20:24:31 -04:00 | exit_guard_v2_refresh_ok
2026-05-09 20:25:46 -04:00 | exit_guard_v2_refresh_ok
2026-05-09 20:27:01 -04:00 | exit_guard_v2_refresh_ok
2026-05-09 20:28:16 -04:00 | exit_guard_v2_refresh_ok
2026-05-09 20:29:31 -04:00 | exit_guard_v2_refresh_ok
2026-05-09 20:30:46 -04:00 | exit_guard_v2_refresh_ok
2026-05-09 20:31:59 -04:00 | exit_guard_v2_refresh_ok
2026-05-09 20:33:15 -04:00 | exit_guard_v2_refresh_ok
2026-05-09 20:34:30 -04:00 | exit_guard_v2_refresh_ok
2026-05-09 20:35:46 -04:00 | exit_guard_v2_refresh_ok
2026-05-09 20:37:00 -04:00 | exit_guard_v2_refresh_ok
2026-05-09 20:38:14 -04:00 | exit_guard_v2_refresh_ok
2026-05-09 20:39:30 -04:00 | exit_guard_v2_refresh_ok
2026-05-09 20:40:47 -04:00 | exit_guard_v2_refresh_ok
2026-05-09 20:42:03 -04:00 | exit_guard_v2_refresh_ok
2026-05-09 20:43:18 -04:00 | exit_guard_v2_refresh_ok
2026-05-09 20:44:35 -04:00 | exit_guard_v2_refresh_ok
2026-05-09 20:45:48 -04:00 | exit_guard_v2_refresh_ok
2026-05-09 20:47:04 -04:00 | exit_guard_v2_refresh_ok
2026-05-09 20:48:20 -04:00 | exit_guard_v2_refresh_ok
2026-05-09 20:49:34 -04:00 | exit_guard_v2_refresh_ok
2026-05-09 20:50:48 -04:00 | exit_guard_v2_refresh_ok
2026-05-09 20:52:05 -04:00 | exit_guard_v2_refresh_ok
2026-05-09 20:53:18 -04:00 | exit_guard_v2_refresh_ok
2026-05-09 20:54:35 -04:00 | exit_guard_v2_refresh_ok
2026-05-09 20:55:51 -04:00 | exit_guard_v2_refresh_ok
2026-05-09 20:57:07 -04:00 | exit_guard_v2_refresh_ok
2026-05-09 20:58:23 -04:00 | exit_guard_v2_refresh_ok
2026-05-09 20:59:38 -04:00 | exit_guard_v2_refresh_ok
2026-05-09 21:00:54 -04:00 | exit_guard_v2_refresh_ok
2026-05-09 21:02:09 -04:00 | exit_guard_v2_refresh_ok
2026-05-09 21:03:24 -04:00 | exit_guard_v2_refresh_ok
2026-05-09 21:04:39 -04:00 | exit_guard_v2_refresh_ok
2026-05-09 21:05:56 -04:00 | exit_guard_v2_refresh_ok
2026-05-09 21:07:09 -04:00 | exit_guard_v2_refresh_ok
2026-05-09 21:08:23 -04:00 | exit_guard_v2_refresh_ok
2026-05-09 21:09:38 -04:00 | exit_guard_v2_refresh_ok
2026-05-09 21:10:54 -04:00 | exit_guard_v2_refresh_ok
2026-05-09 21:12:10 -04:00 | exit_guard_v2_refresh_ok
2026-05-09 21:13:26 -04:00 | exit_guard_v2_refresh_ok
2026-05-09 21:14:43 -04:00 | exit_guard_v2_refresh_ok
2026-05-09 21:15:59 -04:00 | exit_guard_v2_refresh_ok
2026-05-09 21:17:14 -04:00 | exit_guard_v2_refresh_ok
2026-05-09 21:18:31 -04:00 | exit_guard_v2_refresh_ok
2026-05-09 21:19:46 -04:00 | exit_guard_v2_refresh_ok
2026-05-09 21:21:02 -04:00 | exit_guard_v2_refresh_ok
2026-05-09 21:22:18 -04:00 | exit_guard_v2_refresh_ok
2026-05-09 21:23:33 -04:00 | exit_guard_v2_refresh_ok
2026-05-09 21:24:51 -04:00 | exit_guard_v2_refresh_ok
2026-05-09 21:26:06 -04:00 | exit_guard_v2_refresh_ok
2026-05-09 21:27:22 -04:00 | exit_guard_v2_refresh_ok
2026-05-09 21:28:36 -04:00 | exit_guard_v2_refresh_ok
2026-05-09 21:29:51 -04:00 | exit_guard_v2_refresh_ok
2026-05-09 21:31:05 -04:00 | exit_guard_v2_refresh_ok
2026-05-09 21:32:17 -04:00 | exit_guard_v2_refresh_ok
2026-05-09 21:33:33 -04:00 | exit_guard_v2_refresh_ok
2026-05-09 21:34:49 -04:00 | exit_guard_v2_refresh_ok
2026-05-09 21:36:02 -04:00 | exit_guard_v2_refresh_ok
2026-05-09 21:37:17 -04:00 | exit_guard_v2_refresh_ok
2026-05-09 21:38:34 -04:00 | exit_guard_v2_refresh_ok
2026-05-09 21:39:49 -04:00 | exit_guard_v2_refresh_ok
2026-05-09 21:41:01 -04:00 | exit_guard_v2_refresh_ok
2026-05-09 21:42:15 -04:00 | exit_guard_v2_refresh_ok
2026-05-09 21:43:32 -04:00 | exit_guard_v2_refresh_ok
2026-05-09 21:44:49 -04:00 | exit_guard_v2_refresh_ok
2026-05-09 21:46:04 -04:00 | exit_guard_v2_refresh_ok
2026-05-09 21:47:20 -04:00 | exit_guard_v2_refresh_ok
2026-05-09 21:48:36 -04:00 | exit_guard_v2_refresh_ok
2026-05-09 21:49:50 -04:00 | exit_guard_v2_refresh_ok
2026-05-09 21:51:03 -04:00 | exit_guard_v2_refresh_ok
2026-05-09 21:52:19 -04:00 | exit_guard_v2_refresh_ok
2026-05-09 21:53:34 -04:00 | exit_guard_v2_refresh_ok
2026-05-09 21:54:50 -04:00 | exit_guard_v2_refresh_ok
2026-05-09 21:56:03 -04:00 | exit_guard_v2_refresh_ok
2026-05-09 21:57:19 -04:00 | exit_guard_v2_refresh_ok
2026-05-09 21:58:36 -04:00 | exit_guard_v2_refresh_ok
2026-05-09 21:59:53 -04:00 | exit_guard_v2_refresh_ok
2026-05-09 22:01:08 -04:00 | exit_guard_v2_refresh_ok
2026-05-09 22:02:22 -04:00 | exit_guard_v2_refresh_ok
2026-05-09 22:03:37 -04:00 | exit_guard_v2_refresh_ok
2026-05-09 22:04:52 -04:00 | exit_guard_v2_refresh_ok
2026-05-09 22:06:07 -04:00 | exit_guard_v2_refresh_ok
2026-05-09 22:07:24 -04:00 | exit_guard_v2_refresh_ok
2026-05-09 22:08:39 -04:00 | exit_guard_v2_refresh_ok
2026-05-09 22:09:55 -04:00 | exit_guard_v2_refresh_ok
2026-05-09 22:11:11 -04:00 | exit_guard_v2_refresh_ok
2026-05-09 22:12:25 -04:00 | exit_guard_v2_refresh_ok
2026-05-09 22:13:43 -04:00 | exit_guard_v2_refresh_ok
2026-05-09 22:14:59 -04:00 | exit_guard_v2_refresh_ok
2026-05-09 22:16:15 -04:00 | exit_guard_v2_refresh_ok
2026-05-09 22:17:29 -04:00 | exit_guard_v2_refresh_ok
2026-05-09 22:18:46 -04:00 | exit_guard_v2_refresh_ok
2026-05-09 22:20:02 -04:00 | exit_guard_v2_refresh_ok
2026-05-09 22:21:16 -04:00 | exit_guard_v2_refresh_ok
2026-05-09 22:22:31 -04:00 | exit_guard_v2_refresh_ok
2026-05-09 22:23:44 -04:00 | exit_guard_v2_refresh_ok
2026-05-09 22:25:00 -04:00 | exit_guard_v2_refresh_ok
2026-05-09 22:26:14 -04:00 | exit_guard_v2_refresh_ok
2026-05-09 22:27:29 -04:00 | exit_guard_v2_refresh_ok
2026-05-09 22:28:44 -04:00 | exit_guard_v2_refresh_ok
2026-05-09 22:30:01 -04:00 | exit_guard_v2_refresh_ok
2026-05-09 22:31:16 -04:00 | exit_guard_v2_refresh_ok
2026-05-09 22:32:29 -04:00 | exit_guard_v2_refresh_ok
2026-05-09 22:33:44 -04:00 | exit_guard_v2_refresh_ok
2026-05-09 22:35:02 -04:00 | exit_guard_v2_refresh_ok
2026-05-09 22:36:18 -04:00 | exit_guard_v2_refresh_ok
2026-05-09 22:37:35 -04:00 | exit_guard_v2_refresh_ok
2026-05-09 22:38:52 -04:00 | exit_guard_v2_refresh_ok
2026-05-09 22:40:09 -04:00 | exit_guard_v2_refresh_ok
2026-05-09 22:41:23 -04:00 | exit_guard_v2_refresh_ok
2026-05-09 22:42:37 -04:00 | exit_guard_v2_refresh_ok
2026-05-09 22:43:51 -04:00 | exit_guard_v2_refresh_ok
2026-05-09 22:45:08 -04:00 | exit_guard_v2_refresh_ok
2026-05-09 22:46:24 -04:00 | exit_guard_v2_refresh_ok
2026-05-09 22:47:38 -04:00 | exit_guard_v2_refresh_ok
2026-05-09 22:48:55 -04:00 | exit_guard_v2_refresh_ok
2026-05-09 22:50:09 -04:00 | exit_guard_v2_refresh_ok
2026-05-09 22:51:24 -04:00 | exit_guard_v2_refresh_ok
2026-05-09 22:52:41 -04:00 | exit_guard_v2_refresh_ok
2026-05-09 22:53:56 -04:00 | exit_guard_v2_refresh_ok
2026-05-09 22:55:11 -04:00 | exit_guard_v2_refresh_ok
2026-05-09 22:56:25 -04:00 | exit_guard_v2_refresh_ok
2026-05-09 22:57:40 -04:00 | exit_guard_v2_refresh_ok
2026-05-09 22:58:55 -04:00 | exit_guard_v2_refresh_ok
2026-05-09 23:00:11 -04:00 | exit_guard_v2_refresh_ok
2026-05-09 23:01:24 -04:00 | exit_guard_v2_refresh_ok
2026-05-09 23:02:48 -04:00 | exit_guard_v2_refresh_ok
2026-05-09 23:04:12 -04:00 | exit_guard_v2_refresh_ok
2026-05-09 23:05:36 -04:00 | exit_guard_v2_refresh_ok
2026-05-09 23:06:59 -04:00 | exit_guard_v2_refresh_ok
2026-05-09 23:08:21 -04:00 | exit_guard_v2_refresh_ok
2026-05-09 23:09:45 -04:00 | exit_guard_v2_refresh_ok
2026-05-09 23:11:08 -04:00 | exit_guard_v2_refresh_ok
2026-05-09 23:12:30 -04:00 | exit_guard_v2_refresh_ok
2026-05-09 23:13:55 -04:00 | exit_guard_v2_refresh_ok
2026-05-09 23:15:19 -04:00 | exit_guard_v2_refresh_ok
2026-05-09 23:16:41 -04:00 | exit_guard_v2_refresh_ok
2026-05-09 23:18:04 -04:00 | exit_guard_v2_refresh_ok
2026-05-09 23:19:30 -04:00 | exit_guard_v2_refresh_ok
2026-05-09 23:20:54 -04:00 | exit_guard_v2_refresh_ok
2026-05-09 23:22:28 -04:00 | exit_guard_v2_refresh_ok
2026-05-09 23:24:01 -04:00 | exit_guard_v2_refresh_ok
2026-05-09 23:25:26 -04:00 | exit_guard_v2_refresh_ok
2026-05-09 23:26:49 -04:00 | exit_guard_v2_refresh_ok
2026-05-09 23:28:21 -04:00 | exit_guard_v2_refresh_ok
2026-05-09 23:29:50 -04:00 | exit_guard_v2_refresh_ok
2026-05-09 23:31:20 -04:00 | exit_guard_v2_refresh_ok
2026-05-09 23:32:45 -04:00 | exit_guard_v2_refresh_ok
2026-05-09 23:34:08 -04:00 | exit_guard_v2_refresh_ok
2026-05-09 23:35:32 -04:00 | exit_guard_v2_refresh_ok
2026-05-09 23:36:57 -04:00 | exit_guard_v2_refresh_ok
2026-05-09 23:38:20 -04:00 | exit_guard_v2_refresh_ok
2026-05-09 23:39:52 -04:00 | exit_guard_v2_refresh_ok
2026-05-09 23:41:22 -04:00 | exit_guard_v2_refresh_ok
2026-05-09 23:42:53 -04:00 | exit_guard_v2_refresh_ok
2026-05-09 23:44:16 -04:00 | exit_guard_v2_refresh_ok
2026-05-09 23:45:42 -04:00 | exit_guard_v2_refresh_ok
2026-05-09 23:47:07 -04:00 | exit_guard_v2_refresh_ok
2026-05-09 23:48:38 -04:00 | exit_guard_v2_refresh_ok
2026-05-09 23:50:01 -04:00 | exit_guard_v2_refresh_ok
2026-05-09 23:51:26 -04:00 | exit_guard_v2_refresh_ok
2026-05-09 23:52:53 -04:00 | exit_guard_v2_refresh_ok
2026-05-09 23:54:24 -04:00 | exit_guard_v2_refresh_ok
2026-05-09 23:55:56 -04:00 | exit_guard_v2_refresh_ok
2026-05-09 23:57:26 -04:00 | exit_guard_v2_refresh_ok
2026-05-09 23:58:48 -04:00 | exit_guard_v2_refresh_ok
2026-05-10 00:00:12 -04:00 | exit_guard_v2_refresh_ok
2026-05-10 00:01:37 -04:00 | exit_guard_v2_refresh_ok
2026-05-10 00:03:10 -04:00 | exit_guard_v2_refresh_ok
2026-05-10 00:04:41 -04:00 | exit_guard_v2_refresh_ok
2026-05-10 00:06:12 -04:00 | exit_guard_v2_refresh_ok
2026-05-10 00:07:43 -04:00 | exit_guard_v2_refresh_ok
2026-05-10 00:09:15 -04:00 | exit_guard_v2_refresh_ok
2026-05-10 00:10:45 -04:00 | exit_guard_v2_refresh_ok
2026-05-10 00:12:17 -04:00 | exit_guard_v2_refresh_ok
2026-05-10 00:13:49 -04:00 | exit_guard_v2_refresh_ok
2026-05-10 00:15:20 -04:00 | exit_guard_v2_refresh_ok
2026-05-10 00:16:43 -04:00 | exit_guard_v2_refresh_ok
2026-05-10 00:18:07 -04:00 | exit_guard_v2_refresh_ok
2026-05-10 00:19:34 -04:00 | exit_guard_v2_refresh_ok
2026-05-10 00:20:57 -04:00 | exit_guard_v2_refresh_ok
2026-05-10 00:22:21 -04:00 | exit_guard_v2_refresh_ok
2026-05-10 00:23:47 -04:00 | exit_guard_v2_refresh_ok
2026-05-10 00:25:11 -04:00 | exit_guard_v2_refresh_ok
2026-05-10 00:26:35 -04:00 | exit_guard_v2_refresh_ok
2026-05-10 00:28:01 -04:00 | exit_guard_v2_refresh_ok
2026-05-10 00:29:25 -04:00 | exit_guard_v2_refresh_ok
2026-05-10 00:30:48 -04:00 | exit_guard_v2_refresh_ok
2026-05-10 00:32:12 -04:00 | exit_guard_v2_refresh_ok
2026-05-10 00:33:37 -04:00 | exit_guard_v2_refresh_ok
2026-05-10 00:35:00 -04:00 | exit_guard_v2_refresh_ok
2026-05-10 00:36:27 -04:00 | exit_guard_v2_refresh_ok
2026-05-10 00:37:53 -04:00 | exit_guard_v2_refresh_ok
2026-05-10 00:39:16 -04:00 | exit_guard_v2_refresh_ok
2026-05-10 00:40:39 -04:00 | exit_guard_v2_refresh_ok
2026-05-10 00:42:03 -04:00 | exit_guard_v2_refresh_ok
2026-05-10 00:43:29 -04:00 | exit_guard_v2_refresh_ok
2026-05-10 00:44:53 -04:00 | exit_guard_v2_refresh_ok
2026-05-10 00:46:16 -04:00 | exit_guard_v2_refresh_ok
2026-05-10 00:47:41 -04:00 | exit_guard_v2_refresh_ok
2026-05-10 00:49:05 -04:00 | exit_guard_v2_refresh_ok
2026-05-10 00:50:28 -04:00 | exit_guard_v2_refresh_ok
2026-05-10 00:51:52 -04:00 | exit_guard_v2_refresh_ok
2026-05-10 00:53:16 -04:00 | exit_guard_v2_refresh_ok
2026-05-10 00:54:39 -04:00 | exit_guard_v2_refresh_ok
2026-05-10 00:56:06 -04:00 | exit_guard_v2_refresh_ok
2026-05-10 00:57:31 -04:00 | exit_guard_v2_refresh_ok
2026-05-10 00:58:54 -04:00 | exit_guard_v2_refresh_ok
2026-05-10 01:00:18 -04:00 | exit_guard_v2_refresh_ok
2026-05-10 01:01:44 -04:00 | exit_guard_v2_refresh_ok
2026-05-10 01:03:09 -04:00 | exit_guard_v2_refresh_ok
2026-05-10 01:04:32 -04:00 | exit_guard_v2_refresh_ok
2026-05-10 01:05:57 -04:00 | exit_guard_v2_refresh_ok
2026-05-10 01:07:21 -04:00 | exit_guard_v2_refresh_ok
2026-05-10 01:08:45 -04:00 | exit_guard_v2_refresh_ok
2026-05-10 01:10:19 -04:00 | exit_guard_v2_refresh_ok
2026-05-10 01:11:52 -04:00 | exit_guard_v2_refresh_ok
2026-05-10 01:13:23 -04:00 | exit_guard_v2_refresh_ok
2026-05-10 01:14:55 -04:00 | exit_guard_v2_refresh_ok
2026-05-10 01:16:25 -04:00 | exit_guard_v2_refresh_ok
2026-05-10 01:17:57 -04:00 | exit_guard_v2_refresh_ok
2026-05-10 01:19:27 -04:00 | exit_guard_v2_refresh_ok
2026-05-10 01:20:59 -04:00 | exit_guard_v2_refresh_ok
2026-05-10 01:22:32 -04:00 | exit_guard_v2_refresh_ok
2026-05-10 01:24:04 -04:00 | exit_guard_v2_refresh_ok
2026-05-10 01:25:34 -04:00 | exit_guard_v2_refresh_ok
2026-05-10 01:27:04 -04:00 | exit_guard_v2_refresh_ok
2026-05-10 01:28:36 -04:00 | exit_guard_v2_refresh_ok
2026-05-10 01:30:08 -04:00 | exit_guard_v2_refresh_ok
2026-05-10 01:31:37 -04:00 | exit_guard_v2_refresh_ok
2026-05-10 01:33:09 -04:00 | exit_guard_v2_refresh_ok
2026-05-10 01:34:40 -04:00 | exit_guard_v2_refresh_ok
2026-05-10 01:36:11 -04:00 | exit_guard_v2_refresh_ok
2026-05-10 01:37:43 -04:00 | exit_guard_v2_refresh_ok
2026-05-10 01:39:13 -04:00 | exit_guard_v2_refresh_ok
2026-05-10 01:40:44 -04:00 | exit_guard_v2_refresh_ok
2026-05-10 01:42:16 -04:00 | exit_guard_v2_refresh_ok
2026-05-10 01:43:46 -04:00 | exit_guard_v2_refresh_ok
2026-05-10 01:45:16 -04:00 | exit_guard_v2_refresh_ok
2026-05-10 01:46:43 -04:00 | exit_guard_v2_refresh_ok
2026-05-10 01:48:09 -04:00 | exit_guard_v2_refresh_ok
2026-05-10 01:49:34 -04:00 | exit_guard_v2_refresh_ok
2026-05-10 01:50:59 -04:00 | exit_guard_v2_refresh_ok
2026-05-10 01:52:38 -04:00 | exit_guard_v2_refresh_ok
2026-05-10 01:54:09 -04:00 | exit_guard_v2_refresh_ok
2026-05-10 01:55:38 -04:00 | exit_guard_v2_refresh_ok
2026-05-10 01:57:11 -04:00 | exit_guard_v2_refresh_ok
2026-05-10 01:58:42 -04:00 | exit_guard_v2_refresh_ok
2026-05-10 02:00:09 -04:00 | exit_guard_v2_refresh_ok
2026-05-10 02:01:33 -04:00 | exit_guard_v2_refresh_ok
2026-05-10 02:02:56 -04:00 | exit_guard_v2_refresh_ok
2026-05-10 02:04:30 -04:00 | exit_guard_v2_refresh_ok
2026-05-10 02:05:57 -04:00 | exit_guard_v2_refresh_ok
2026-05-10 02:07:22 -04:00 | exit_guard_v2_refresh_ok
2026-05-10 02:08:48 -04:00 | exit_guard_v2_refresh_ok
2026-05-10 02:10:13 -04:00 | exit_guard_v2_refresh_ok
2026-05-10 02:11:37 -04:00 | exit_guard_v2_refresh_ok
2026-05-10 02:13:02 -04:00 | exit_guard_v2_refresh_ok
2026-05-10 02:14:32 -04:00 | exit_guard_v2_refresh_ok
2026-05-10 02:15:58 -04:00 | exit_guard_v2_refresh_ok
2026-05-10 02:17:23 -04:00 | exit_guard_v2_refresh_ok
2026-05-10 02:18:49 -04:00 | exit_guard_v2_refresh_ok
2026-05-10 02:20:19 -04:00 | exit_guard_v2_refresh_ok
2026-05-10 02:21:44 -04:00 | exit_guard_v2_refresh_ok
2026-05-10 02:23:09 -04:00 | exit_guard_v2_refresh_ok
2026-05-10 02:24:36 -04:00 | exit_guard_v2_refresh_ok
2026-05-10 02:26:03 -04:00 | exit_guard_v2_refresh_ok
2026-05-10 02:27:28 -04:00 | exit_guard_v2_refresh_ok
2026-05-10 02:28:55 -04:00 | exit_guard_v2_refresh_ok
2026-05-10 02:30:24 -04:00 | exit_guard_v2_refresh_ok
2026-05-10 02:31:48 -04:00 | exit_guard_v2_refresh_ok
2026-05-10 02:33:12 -04:00 | exit_guard_v2_refresh_ok
2026-05-10 02:34:38 -04:00 | exit_guard_v2_refresh_ok
2026-05-10 02:36:08 -04:00 | exit_guard_v2_refresh_ok
2026-05-10 02:37:32 -04:00 | exit_guard_v2_refresh_ok
2026-05-10 02:38:56 -04:00 | exit_guard_v2_refresh_ok
2026-05-10 02:40:21 -04:00 | exit_guard_v2_refresh_ok
2026-05-10 02:41:47 -04:00 | exit_guard_v2_refresh_ok
2026-05-10 02:43:19 -04:00 | exit_guard_v2_refresh_ok
2026-05-10 02:44:50 -04:00 | exit_guard_v2_refresh_ok
2026-05-10 02:46:20 -04:00 | exit_guard_v2_refresh_ok
2026-05-10 02:47:51 -04:00 | exit_guard_v2_refresh_ok
2026-05-10 02:49:21 -04:00 | exit_guard_v2_refresh_ok
2026-05-10 02:50:53 -04:00 | exit_guard_v2_refresh_ok
2026-05-10 02:52:24 -04:00 | exit_guard_v2_refresh_ok
2026-05-10 02:53:54 -04:00 | exit_guard_v2_refresh_ok
2026-05-10 02:55:26 -04:00 | exit_guard_v2_refresh_ok
2026-05-10 02:56:57 -04:00 | exit_guard_v2_refresh_ok
2026-05-10 02:58:29 -04:00 | exit_guard_v2_refresh_ok
2026-05-10 02:59:57 -04:00 | exit_guard_v2_refresh_ok
2026-05-10 03:01:28 -04:00 | exit_guard_v2_refresh_ok
2026-05-10 03:03:00 -04:00 | exit_guard_v2_refresh_ok
2026-05-10 03:04:32 -04:00 | exit_guard_v2_refresh_ok
2026-05-10 09:11:49 -04:00 | exit_guard_v2_refresh_ok
2026-05-10 09:13:07 -04:00 | exit_guard_v2_refresh_ok
2026-05-10 09:14:29 -04:00 | exit_guard_v2_refresh_ok
2026-05-10 09:15:46 -04:00 | exit_guard_v2_refresh_ok
2026-05-10 09:17:04 -04:00 | exit_guard_v2_refresh_ok
2026-05-10 09:18:24 -04:00 | exit_guard_v2_refresh_ok
2026-05-10 09:19:38 -04:00 | exit_guard_v2_refresh_ok
2026-05-10 09:20:53 -04:00 | exit_guard_v2_refresh_ok
2026-05-10 09:22:09 -04:00 | exit_guard_v2_refresh_ok
2026-05-10 09:23:26 -04:00 | exit_guard_v2_refresh_ok
2026-05-10 09:24:41 -04:00 | exit_guard_v2_refresh_ok
2026-05-10 09:25:58 -04:00 | exit_guard_v2_refresh_ok
2026-05-10 09:27:13 -04:00 | exit_guard_v2_refresh_ok
2026-05-10 09:28:32 -04:00 | exit_guard_v2_refresh_ok
2026-05-10 09:29:47 -04:00 | exit_guard_v2_refresh_ok
2026-05-10 09:31:03 -04:00 | exit_guard_v2_refresh_ok
2026-05-10 09:32:24 -04:00 | exit_guard_v2_refresh_ok
2026-05-10 09:33:39 -04:00 | exit_guard_v2_refresh_ok
2026-05-10 09:34:54 -04:00 | exit_guard_v2_refresh_ok
2026-05-10 09:36:10 -04:00 | exit_guard_v2_refresh_ok
2026-05-10 09:37:25 -04:00 | exit_guard_v2_refresh_ok
2026-05-10 09:38:42 -04:00 | exit_guard_v2_refresh_ok
2026-05-10 09:39:59 -04:00 | exit_guard_v2_refresh_ok
2026-05-10 09:41:12 -04:00 | exit_guard_v2_refresh_ok
2026-05-10 09:42:32 -04:00 | exit_guard_v2_refresh_ok
2026-05-10 09:43:49 -04:00 | exit_guard_v2_refresh_ok
2026-05-10 09:45:09 -04:00 | exit_guard_v2_refresh_ok
2026-05-10 09:46:25 -04:00 | exit_guard_v2_refresh_ok
2026-05-10 09:47:43 -04:00 | exit_guard_v2_refresh_ok
2026-05-10 09:49:05 -04:00 | exit_guard_v2_refresh_ok
2026-05-10 09:50:36 -04:00 | exit_guard_v2_refresh_ok
2026-05-10 09:52:02 -04:00 | exit_guard_v2_refresh_ok
2026-05-10 09:53:28 -04:00 | exit_guard_v2_refresh_ok
2026-05-10 09:54:54 -04:00 | exit_guard_v2_refresh_ok
2026-05-10 09:56:26 -04:00 | exit_guard_v2_refresh_ok
2026-05-10 09:57:52 -04:00 | exit_guard_v2_refresh_ok
2026-05-10 09:59:29 -04:00 | exit_guard_v2_refresh_ok
2026-05-10 10:01:03 -04:00 | exit_guard_v2_refresh_ok
2026-05-10 10:02:38 -04:00 | exit_guard_v2_refresh_ok
2026-05-10 10:04:10 -04:00 | exit_guard_v2_refresh_ok
2026-05-10 10:05:35 -04:00 | exit_guard_v2_refresh_ok
2026-05-10 10:07:01 -04:00 | exit_guard_v2_refresh_ok
2026-05-10 10:08:28 -04:00 | exit_guard_v2_refresh_ok
2026-05-10 10:09:54 -04:00 | exit_guard_v2_refresh_ok
2026-05-10 10:11:20 -04:00 | exit_guard_v2_refresh_ok
2026-05-10 10:13:01 -04:00 | exit_guard_v2_refresh_ok
2026-05-10 10:14:27 -04:00 | exit_guard_v2_refresh_ok
2026-05-10 10:15:53 -04:00 | exit_guard_v2_refresh_ok
2026-05-10 10:17:20 -04:00 | exit_guard_v2_refresh_ok
2026-05-10 10:18:46 -04:00 | exit_guard_v2_refresh_ok
2026-05-10 10:20:12 -04:00 | exit_guard_v2_refresh_ok
2026-05-10 10:21:37 -04:00 | exit_guard_v2_refresh_ok
2026-05-10 10:23:02 -04:00 | exit_guard_v2_refresh_ok
2026-05-10 10:24:29 -04:00 | exit_guard_v2_refresh_ok
2026-05-10 10:25:54 -04:00 | exit_guard_v2_refresh_ok
2026-05-10 10:27:21 -04:00 | exit_guard_v2_refresh_ok
2026-05-10 10:28:47 -04:00 | exit_guard_v2_refresh_ok
2026-05-10 10:30:20 -04:00 | exit_guard_v2_refresh_ok
2026-05-10 10:31:46 -04:00 | exit_guard_v2_refresh_ok
2026-05-10 10:33:11 -04:00 | exit_guard_v2_refresh_ok
2026-05-10 10:34:38 -04:00 | exit_guard_v2_refresh_ok
2026-05-10 10:36:05 -04:00 | exit_guard_v2_refresh_ok
2026-05-10 10:37:31 -04:00 | exit_guard_v2_refresh_ok
2026-05-10 10:38:59 -04:00 | exit_guard_v2_refresh_ok
2026-05-10 10:40:23 -04:00 | exit_guard_v2_refresh_ok
2026-05-10 10:41:48 -04:00 | exit_guard_v2_refresh_ok
2026-05-10 10:43:12 -04:00 | exit_guard_v2_refresh_ok
2026-05-10 10:44:37 -04:00 | exit_guard_v2_refresh_ok
2026-05-10 10:46:01 -04:00 | exit_guard_v2_refresh_ok
2026-05-10 10:47:27 -04:00 | exit_guard_v2_refresh_ok
2026-05-10 10:48:58 -04:00 | exit_guard_v2_refresh_ok
2026-05-10 10:50:23 -04:00 | exit_guard_v2_refresh_ok
2026-05-10 10:51:49 -04:00 | exit_guard_v2_refresh_ok
2026-05-10 10:53:14 -04:00 | exit_guard_v2_refresh_ok
2026-05-10 10:54:40 -04:00 | exit_guard_v2_refresh_ok
2026-05-10 10:56:05 -04:00 | exit_guard_v2_refresh_ok
2026-05-10 10:57:30 -04:00 | exit_guard_v2_refresh_ok
2026-05-10 10:58:56 -04:00 | exit_guard_v2_refresh_ok
2026-05-10 11:00:22 -04:00 | exit_guard_v2_refresh_ok
2026-05-10 11:01:40 -04:00 | exit_guard_v2_refresh_ok
2026-05-10 11:03:01 -04:00 | exit_guard_v2_refresh_ok
2026-05-10 11:04:24 -04:00 | exit_guard_v2_refresh_ok
2026-05-10 11:05:46 -04:00 | exit_guard_v2_refresh_ok
2026-05-10 11:07:09 -04:00 | exit_guard_v2_refresh_ok
2026-05-10 11:08:33 -04:00 | exit_guard_v2_refresh_ok
2026-05-10 11:09:56 -04:00 | exit_guard_v2_refresh_ok
2026-05-10 11:11:17 -04:00 | exit_guard_v2_refresh_ok
2026-05-10 11:12:37 -04:00 | exit_guard_v2_refresh_ok
2026-05-10 11:13:58 -04:00 | exit_guard_v2_refresh_ok
2026-05-10 11:15:17 -04:00 | exit_guard_v2_refresh_ok
2026-05-10 11:16:34 -04:00 | exit_guard_v2_refresh_ok
2026-05-10 11:17:55 -04:00 | exit_guard_v2_refresh_ok
2026-05-10 11:19:17 -04:00 | exit_guard_v2_refresh_ok
2026-05-10 11:20:37 -04:00 | exit_guard_v2_refresh_ok
2026-05-10 11:21:52 -04:00 | exit_guard_v2_refresh_ok
2026-05-10 11:23:13 -04:00 | exit_guard_v2_refresh_ok
2026-05-10 11:24:31 -04:00 | exit_guard_v2_refresh_ok
2026-05-10 11:25:47 -04:00 | exit_guard_v2_refresh_ok
2026-05-10 11:27:06 -04:00 | exit_guard_v2_refresh_ok
2026-05-10 11:28:22 -04:00 | exit_guard_v2_refresh_ok
2026-05-10 11:29:38 -04:00 | exit_guard_v2_refresh_ok
2026-05-10 11:30:59 -04:00 | exit_guard_v2_refresh_ok
2026-05-10 11:32:15 -04:00 | exit_guard_v2_refresh_ok
2026-05-10 11:33:37 -04:00 | exit_guard_v2_refresh_ok
2026-05-10 11:34:52 -04:00 | exit_guard_v2_refresh_ok
2026-05-10 11:36:07 -04:00 | exit_guard_v2_refresh_ok
2026-05-10 11:37:23 -04:00 | exit_guard_v2_refresh_ok
2026-05-10 11:38:44 -04:00 | exit_guard_v2_refresh_ok
2026-05-10 11:39:59 -04:00 | exit_guard_v2_refresh_ok
2026-05-10 11:41:16 -04:00 | exit_guard_v2_refresh_ok
2026-05-10 11:42:32 -04:00 | exit_guard_v2_refresh_ok
2026-05-10 11:43:47 -04:00 | exit_guard_v2_refresh_ok
2026-05-10 11:45:03 -04:00 | exit_guard_v2_refresh_ok
2026-05-10 11:46:20 -04:00 | exit_guard_v2_refresh_ok
2026-05-10 11:47:35 -04:00 | exit_guard_v2_refresh_ok
2026-05-10 11:48:51 -04:00 | exit_guard_v2_refresh_ok
2026-05-10 11:50:07 -04:00 | exit_guard_v2_refresh_ok
2026-05-10 11:51:25 -04:00 | exit_guard_v2_refresh_ok
2026-05-10 11:52:41 -04:00 | exit_guard_v2_refresh_ok
2026-05-10 11:53:57 -04:00 | exit_guard_v2_refresh_ok
2026-05-10 11:55:14 -04:00 | exit_guard_v2_refresh_ok
2026-05-10 11:56:28 -04:00 | exit_guard_v2_refresh_ok
2026-05-10 11:57:44 -04:00 | exit_guard_v2_refresh_ok
2026-05-10 11:58:58 -04:00 | exit_guard_v2_refresh_ok
2026-05-10 12:00:11 -04:00 | exit_guard_v2_refresh_ok
2026-05-10 12:01:27 -04:00 | exit_guard_v2_refresh_ok
2026-05-10 12:02:50 -04:00 | exit_guard_v2_refresh_ok
2026-05-10 12:04:04 -04:00 | exit_guard_v2_refresh_ok
2026-05-10 12:05:21 -04:00 | exit_guard_v2_refresh_ok
2026-05-10 12:06:37 -04:00 | exit_guard_v2_refresh_ok
2026-05-10 12:07:54 -04:00 | exit_guard_v2_refresh_ok
2026-05-10 12:09:13 -04:00 | exit_guard_v2_refresh_ok
2026-05-10 12:10:27 -04:00 | exit_guard_v2_refresh_ok
2026-05-10 12:11:46 -04:00 | exit_guard_v2_refresh_ok
2026-05-10 12:13:03 -04:00 | exit_guard_v2_refresh_ok
2026-05-10 12:14:20 -04:00 | exit_guard_v2_refresh_ok
2026-05-10 12:15:37 -04:00 | exit_guard_v2_refresh_ok
2026-05-10 12:16:53 -04:00 | exit_guard_v2_refresh_ok
2026-05-10 12:18:10 -04:00 | exit_guard_v2_refresh_ok
2026-05-10 12:19:26 -04:00 | exit_guard_v2_refresh_ok
2026-05-10 12:20:41 -04:00 | exit_guard_v2_refresh_ok
2026-05-10 12:21:57 -04:00 | exit_guard_v2_refresh_ok
2026-05-10 12:23:12 -04:00 | exit_guard_v2_refresh_ok
2026-05-10 12:24:26 -04:00 | exit_guard_v2_refresh_ok
2026-05-10 12:25:42 -04:00 | exit_guard_v2_refresh_ok
2026-05-10 12:27:00 -04:00 | exit_guard_v2_refresh_ok
2026-05-10 12:28:15 -04:00 | exit_guard_v2_refresh_ok
2026-05-10 12:29:29 -04:00 | exit_guard_v2_refresh_ok
2026-05-10 12:30:42 -04:00 | exit_guard_v2_refresh_ok
2026-05-10 12:31:59 -04:00 | exit_guard_v2_refresh_ok
2026-05-10 12:33:16 -04:00 | exit_guard_v2_refresh_ok
2026-05-10 12:34:31 -04:00 | exit_guard_v2_refresh_ok
2026-05-10 12:35:46 -04:00 | exit_guard_v2_refresh_ok
2026-05-10 12:37:04 -04:00 | exit_guard_v2_refresh_ok
2026-05-10 12:38:21 -04:00 | exit_guard_v2_refresh_ok
2026-05-10 12:39:37 -04:00 | exit_guard_v2_refresh_ok
2026-05-10 12:40:53 -04:00 | exit_guard_v2_refresh_ok
2026-05-10 12:42:09 -04:00 | exit_guard_v2_refresh_ok
2026-05-10 12:43:24 -04:00 | exit_guard_v2_refresh_ok
2026-05-10 12:44:39 -04:00 | exit_guard_v2_refresh_ok
2026-05-10 12:45:57 -04:00 | exit_guard_v2_refresh_ok
2026-05-10 12:47:13 -04:00 | exit_guard_v2_refresh_ok
2026-05-10 12:48:29 -04:00 | exit_guard_v2_refresh_ok
2026-05-10 12:49:47 -04:00 | exit_guard_v2_refresh_ok
2026-05-10 12:51:04 -04:00 | exit_guard_v2_refresh_ok
2026-05-10 12:52:27 -04:00 | exit_guard_v2_refresh_ok
2026-05-10 12:53:51 -04:00 | exit_guard_v2_refresh_ok
2026-05-10 12:55:15 -04:00 | exit_guard_v2_refresh_ok
2026-05-10 12:56:38 -04:00 | exit_guard_v2_refresh_ok
2026-05-10 12:58:01 -04:00 | exit_guard_v2_refresh_ok
2026-05-10 12:59:32 -04:00 | exit_guard_v2_refresh_ok
2026-05-10 13:00:53 -04:00 | exit_guard_v2_refresh_ok
2026-05-10 13:02:16 -04:00 | exit_guard_v2_refresh_ok
2026-05-10 13:03:40 -04:00 | exit_guard_v2_refresh_ok
2026-05-10 13:05:05 -04:00 | exit_guard_v2_refresh_ok
2026-05-10 13:06:30 -04:00 | exit_guard_v2_refresh_ok
2026-05-10 13:07:58 -04:00 | exit_guard_v2_refresh_ok
2026-05-10 13:09:23 -04:00 | exit_guard_v2_refresh_ok
2026-05-10 13:10:48 -04:00 | exit_guard_v2_refresh_ok
2026-05-10 13:12:12 -04:00 | exit_guard_v2_refresh_ok
2026-05-10 13:13:36 -04:00 | exit_guard_v2_refresh_ok
2026-05-10 13:15:00 -04:00 | exit_guard_v2_refresh_ok
2026-05-10 13:16:31 -04:00 | exit_guard_v2_refresh_ok
2026-05-10 13:17:55 -04:00 | exit_guard_v2_refresh_ok
2026-05-10 13:19:20 -04:00 | exit_guard_v2_refresh_ok
2026-05-10 13:20:44 -04:00 | exit_guard_v2_refresh_ok
2026-05-10 13:22:19 -04:00 | exit_guard_v2_refresh_ok
2026-05-10 13:23:42 -04:00 | exit_guard_v2_refresh_ok
2026-05-10 13:25:06 -04:00 | exit_guard_v2_refresh_ok
2026-05-10 13:26:35 -04:00 | exit_guard_v2_refresh_ok
2026-05-10 13:27:58 -04:00 | exit_guard_v2_refresh_ok
2026-05-10 13:29:23 -04:00 | exit_guard_v2_refresh_ok
2026-05-10 13:30:48 -04:00 | exit_guard_v2_refresh_ok
2026-05-10 13:32:12 -04:00 | exit_guard_v2_refresh_ok
2026-05-10 13:33:38 -04:00 | exit_guard_v2_refresh_ok
2026-05-10 13:35:03 -04:00 | exit_guard_v2_refresh_ok
2026-05-10 13:36:27 -04:00 | exit_guard_v2_refresh_ok
2026-05-10 13:37:51 -04:00 | exit_guard_v2_refresh_ok
2026-05-10 13:39:26 -04:00 | exit_guard_v2_refresh_ok
2026-05-10 13:40:50 -04:00 | exit_guard_v2_refresh_ok
2026-05-10 13:42:15 -04:00 | exit_guard_v2_refresh_ok
2026-05-10 13:43:40 -04:00 | exit_guard_v2_refresh_ok
2026-05-10 13:45:05 -04:00 | exit_guard_v2_refresh_ok
2026-05-10 13:46:34 -04:00 | exit_guard_v2_refresh_ok
2026-05-10 13:47:57 -04:00 | exit_guard_v2_refresh_ok
2026-05-10 13:49:21 -04:00 | exit_guard_v2_refresh_ok
2026-05-10 13:50:45 -04:00 | exit_guard_v2_refresh_ok
2026-05-10 13:52:10 -04:00 | exit_guard_v2_refresh_ok
2026-05-10 13:53:34 -04:00 | exit_guard_v2_refresh_ok
2026-05-10 13:54:56 -04:00 | exit_guard_v2_refresh_ok
2026-05-10 13:56:20 -04:00 | exit_guard_v2_refresh_ok
2026-05-10 13:57:52 -04:00 | exit_guard_v2_refresh_ok
2026-05-10 13:59:24 -04:00 | exit_guard_v2_refresh_ok
2026-05-10 14:00:55 -04:00 | exit_guard_v2_refresh_ok
2026-05-10 14:02:28 -04:00 | exit_guard_v2_refresh_ok
2026-05-10 14:03:50 -04:00 | exit_guard_v2_refresh_ok
2026-05-10 14:05:15 -04:00 | exit_guard_v2_refresh_ok
2026-05-10 14:06:39 -04:00 | exit_guard_v2_refresh_ok
2026-05-10 14:08:11 -04:00 | exit_guard_v2_refresh_ok
2026-05-10 14:09:35 -04:00 | exit_guard_v2_refresh_ok
2026-05-10 14:11:01 -04:00 | exit_guard_v2_refresh_ok
2026-05-10 14:12:26 -04:00 | exit_guard_v2_refresh_ok
2026-05-10 14:13:48 -04:00 | exit_guard_v2_refresh_ok
2026-05-10 14:15:12 -04:00 | exit_guard_v2_refresh_ok
2026-05-10 14:16:35 -04:00 | exit_guard_v2_refresh_ok
2026-05-10 14:17:59 -04:00 | exit_guard_v2_refresh_ok
2026-05-10 14:19:27 -04:00 | exit_guard_v2_refresh_ok
2026-05-10 14:20:51 -04:00 | exit_guard_v2_refresh_ok
2026-05-10 14:22:18 -04:00 | exit_guard_v2_refresh_ok
2026-05-10 14:23:42 -04:00 | exit_guard_v2_refresh_ok
2026-05-10 14:25:11 -04:00 | exit_guard_v2_refresh_ok
2026-05-10 14:26:38 -04:00 | exit_guard_v2_refresh_ok
2026-05-10 14:28:01 -04:00 | exit_guard_v2_refresh_ok
2026-05-10 14:29:32 -04:00 | exit_guard_v2_refresh_ok
2026-05-10 14:30:58 -04:00 | exit_guard_v2_refresh_ok
2026-05-10 14:32:22 -04:00 | exit_guard_v2_refresh_ok
2026-05-10 14:33:51 -04:00 | exit_guard_v2_refresh_ok
2026-05-10 14:35:24 -04:00 | exit_guard_v2_refresh_ok
2026-05-10 14:36:57 -04:00 | exit_guard_v2_refresh_ok
2026-05-10 14:38:26 -04:00 | exit_guard_v2_refresh_ok
2026-05-10 14:39:57 -04:00 | exit_guard_v2_refresh_ok
2026-05-10 14:41:31 -04:00 | exit_guard_v2_refresh_ok
2026-05-10 14:43:01 -04:00 | exit_guard_v2_refresh_ok
2026-05-10 14:44:33 -04:00 | exit_guard_v2_refresh_ok
2026-05-10 14:46:04 -04:00 | exit_guard_v2_refresh_ok
2026-05-10 14:47:37 -04:00 | exit_guard_v2_refresh_ok
2026-05-10 14:49:08 -04:00 | exit_guard_v2_refresh_ok
2026-05-10 14:50:39 -04:00 | exit_guard_v2_refresh_ok
2026-05-10 14:52:12 -04:00 | exit_guard_v2_refresh_ok
2026-05-10 14:53:42 -04:00 | exit_guard_v2_refresh_ok
2026-05-10 14:55:14 -04:00 | exit_guard_v2_refresh_ok
2026-05-10 14:56:44 -04:00 | exit_guard_v2_refresh_ok
2026-05-10 14:58:17 -04:00 | exit_guard_v2_refresh_ok
2026-05-10 14:59:49 -04:00 | exit_guard_v2_refresh_ok
2026-05-10 15:01:21 -04:00 | exit_guard_v2_refresh_ok
2026-05-10 15:02:52 -04:00 | exit_guard_v2_refresh_ok
2026-05-10 15:04:23 -04:00 | exit_guard_v2_refresh_ok
2026-05-10 15:06:02 -04:00 | exit_guard_v2_refresh_ok
2026-05-10 15:07:33 -04:00 | exit_guard_v2_refresh_ok
2026-05-10 15:09:04 -04:00 | exit_guard_v2_refresh_ok
2026-05-10 15:10:35 -04:00 | exit_guard_v2_refresh_ok
2026-05-10 15:12:06 -04:00 | exit_guard_v2_refresh_ok
2026-05-10 15:13:38 -04:00 | exit_guard_v2_refresh_ok
2026-05-10 15:15:09 -04:00 | exit_guard_v2_refresh_ok
2026-05-10 15:16:40 -04:00 | exit_guard_v2_refresh_ok
2026-05-10 15:18:12 -04:00 | exit_guard_v2_refresh_ok
2026-05-10 15:19:43 -04:00 | exit_guard_v2_refresh_ok
2026-05-10 15:21:15 -04:00 | exit_guard_v2_refresh_ok
2026-05-10 15:22:45 -04:00 | exit_guard_v2_refresh_ok
2026-05-10 15:24:16 -04:00 | exit_guard_v2_refresh_ok
2026-05-10 15:25:47 -04:00 | exit_guard_v2_refresh_ok
2026-05-10 15:27:17 -04:00 | exit_guard_v2_refresh_ok
2026-05-10 15:28:47 -04:00 | exit_guard_v2_refresh_ok
2026-05-10 15:30:18 -04:00 | exit_guard_v2_refresh_ok
2026-05-10 15:31:52 -04:00 | exit_guard_v2_refresh_ok
2026-05-10 15:33:22 -04:00 | exit_guard_v2_refresh_ok
2026-05-10 15:34:54 -04:00 | exit_guard_v2_refresh_ok
2026-05-10 15:36:26 -04:00 | exit_guard_v2_refresh_ok
2026-05-10 15:37:57 -04:00 | exit_guard_v2_refresh_ok
2026-05-10 15:39:27 -04:00 | exit_guard_v2_refresh_ok
2026-05-10 15:40:58 -04:00 | exit_guard_v2_refresh_ok
2026-05-10 15:42:29 -04:00 | exit_guard_v2_refresh_ok
2026-05-10 15:43:59 -04:00 | exit_guard_v2_refresh_ok
2026-05-10 15:45:29 -04:00 | exit_guard_v2_refresh_ok
2026-05-10 15:47:01 -04:00 | exit_guard_v2_refresh_ok
2026-05-10 15:48:32 -04:00 | exit_guard_v2_refresh_ok
2026-05-10 15:50:03 -04:00 | exit_guard_v2_refresh_ok
2026-05-10 15:51:28 -04:00 | exit_guard_v2_refresh_ok
2026-05-10 15:52:51 -04:00 | exit_guard_v2_refresh_ok
2026-05-10 15:54:15 -04:00 | exit_guard_v2_refresh_ok
2026-05-10 15:55:41 -04:00 | exit_guard_v2_refresh_ok
2026-05-10 15:57:05 -04:00 | exit_guard_v2_refresh_ok
2026-05-10 15:58:30 -04:00 | exit_guard_v2_refresh_ok
2026-05-10 15:59:54 -04:00 | exit_guard_v2_refresh_ok
2026-05-10 16:01:18 -04:00 | exit_guard_v2_refresh_ok
2026-05-10 16:02:43 -04:00 | exit_guard_v2_refresh_ok
2026-05-10 16:04:07 -04:00 | exit_guard_v2_refresh_ok
2026-05-10 16:05:31 -04:00 | exit_guard_v2_refresh_ok
2026-05-10 16:06:55 -04:00 | exit_guard_v2_refresh_ok
2026-05-10 16:08:20 -04:00 | exit_guard_v2_refresh_ok
2026-05-10 16:09:45 -04:00 | exit_guard_v2_refresh_ok
2026-05-10 16:11:08 -04:00 | exit_guard_v2_refresh_ok
2026-05-10 16:12:34 -04:00 | exit_guard_v2_refresh_ok
2026-05-10 16:14:00 -04:00 | exit_guard_v2_refresh_ok
2026-05-10 16:15:23 -04:00 | exit_guard_v2_refresh_ok
2026-05-10 16:16:50 -04:00 | exit_guard_v2_refresh_ok
2026-05-10 16:18:15 -04:00 | exit_guard_v2_refresh_ok
2026-05-10 16:19:38 -04:00 | exit_guard_v2_refresh_ok
2026-05-10 16:21:00 -04:00 | exit_guard_v2_refresh_ok
2026-05-10 16:22:25 -04:00 | exit_guard_v2_refresh_ok
2026-05-10 16:23:49 -04:00 | exit_guard_v2_refresh_ok
2026-05-10 16:25:12 -04:00 | exit_guard_v2_refresh_ok
2026-05-10 16:26:36 -04:00 | exit_guard_v2_refresh_ok
2026-05-10 16:27:59 -04:00 | exit_guard_v2_refresh_ok
2026-05-10 16:29:24 -04:00 | exit_guard_v2_refresh_ok
2026-05-10 16:30:47 -04:00 | exit_guard_v2_refresh_ok
2026-05-10 16:32:13 -04:00 | exit_guard_v2_refresh_ok
2026-05-10 16:33:35 -04:00 | exit_guard_v2_refresh_ok
2026-05-10 16:34:58 -04:00 | exit_guard_v2_refresh_ok
2026-05-10 16:36:23 -04:00 | exit_guard_v2_refresh_ok
2026-05-10 16:37:46 -04:00 | exit_guard_v2_refresh_ok
2026-05-10 16:39:09 -04:00 | exit_guard_v2_refresh_ok
2026-05-10 16:40:33 -04:00 | exit_guard_v2_refresh_ok
2026-05-10 16:41:56 -04:00 | exit_guard_v2_refresh_ok
2026-05-10 16:43:20 -04:00 | exit_guard_v2_refresh_ok
2026-05-10 16:44:44 -04:00 | exit_guard_v2_refresh_ok
2026-05-10 16:46:08 -04:00 | exit_guard_v2_refresh_ok
2026-05-10 16:47:32 -04:00 | exit_guard_v2_refresh_ok
2026-05-10 16:48:56 -04:00 | exit_guard_v2_refresh_ok
2026-05-10 16:50:21 -04:00 | exit_guard_v2_refresh_ok
2026-05-10 16:51:45 -04:00 | exit_guard_v2_refresh_ok
2026-05-10 16:53:09 -04:00 | exit_guard_v2_refresh_ok
2026-05-10 16:54:34 -04:00 | exit_guard_v2_refresh_ok
2026-05-10 16:56:05 -04:00 | exit_guard_v2_refresh_ok
2026-05-10 16:57:36 -04:00 | exit_guard_v2_refresh_ok
2026-05-10 16:59:08 -04:00 | exit_guard_v2_refresh_ok
2026-05-10 17:00:40 -04:00 | exit_guard_v2_refresh_ok
2026-05-10 17:02:12 -04:00 | exit_guard_v2_refresh_ok
2026-05-10 17:03:43 -04:00 | exit_guard_v2_refresh_ok
2026-05-10 17:05:15 -04:00 | exit_guard_v2_refresh_ok
2026-05-10 17:06:47 -04:00 | exit_guard_v2_refresh_ok
2026-05-10 18:03:38 -04:00 | exit_guard_v2_refresh_ok
2026-05-10 18:04:59 -04:00 | exit_guard_v2_refresh_ok
2026-05-10 18:06:22 -04:00 | exit_guard_v2_refresh_ok
2026-05-10 18:07:48 -04:00 | exit_guard_v2_refresh_ok
2026-05-10 18:09:14 -04:00 | exit_guard_v2_refresh_ok
2026-05-10 18:10:35 -04:00 | exit_guard_v2_refresh_ok
2026-05-10 18:11:58 -04:00 | exit_guard_v2_refresh_ok
2026-05-10 18:13:38 -04:00 | exit_guard_v2_refresh_ok
2026-05-10 18:15:13 -04:00 | exit_guard_v2_refresh_ok
2026-05-10 18:16:54 -04:00 | exit_guard_v2_refresh_ok
2026-05-10 18:18:25 -04:00 | exit_guard_v2_refresh_ok
2026-05-10 18:20:02 -04:00 | exit_guard_v2_refresh_ok
2026-05-10 18:21:30 -04:00 | exit_guard_v2_refresh_ok
2026-05-10 18:22:58 -04:00 | exit_guard_v2_refresh_ok
2026-05-10 18:24:28 -04:00 | exit_guard_v2_refresh_ok
2026-05-10 18:25:57 -04:00 | exit_guard_v2_refresh_ok
2026-05-10 18:27:24 -04:00 | exit_guard_v2_refresh_ok
2026-05-10 18:28:48 -04:00 | exit_guard_v2_refresh_ok
2026-05-10 18:30:14 -04:00 | exit_guard_v2_refresh_ok
2026-05-10 18:31:39 -04:00 | exit_guard_v2_refresh_ok
2026-05-10 18:33:03 -04:00 | exit_guard_v2_refresh_ok
2026-05-10 18:34:29 -04:00 | exit_guard_v2_refresh_ok
2026-05-10 18:35:53 -04:00 | exit_guard_v2_refresh_ok
2026-05-10 18:37:17 -04:00 | exit_guard_v2_refresh_ok
2026-05-10 18:38:41 -04:00 | exit_guard_v2_refresh_ok
2026-05-10 18:40:06 -04:00 | exit_guard_v2_refresh_ok
2026-05-10 18:41:31 -04:00 | exit_guard_v2_refresh_ok
2026-05-10 18:42:55 -04:00 | exit_guard_v2_refresh_ok
2026-05-10 18:44:21 -04:00 | exit_guard_v2_refresh_ok
2026-05-10 18:45:42 -04:00 | exit_guard_v2_refresh_ok
2026-05-10 18:47:03 -04:00 | exit_guard_v2_refresh_ok
2026-05-10 18:48:30 -04:00 | exit_guard_v2_refresh_ok
2026-05-10 18:49:51 -04:00 | exit_guard_v2_refresh_ok
2026-05-10 18:51:09 -04:00 | exit_guard_v2_refresh_ok
2026-05-10 18:52:28 -04:00 | exit_guard_v2_refresh_ok
2026-05-10 18:53:44 -04:00 | exit_guard_v2_refresh_ok
2026-05-10 18:55:07 -04:00 | exit_guard_v2_refresh_ok
2026-05-10 18:56:38 -04:00 | exit_guard_v2_refresh_ok
2026-05-10 18:57:55 -04:00 | exit_guard_v2_refresh_ok
2026-05-10 18:59:19 -04:00 | exit_guard_v2_refresh_ok
2026-05-10 19:00:45 -04:00 | exit_guard_v2_refresh_ok
2026-05-10 19:02:06 -04:00 | exit_guard_v2_refresh_ok
2026-05-10 19:03:23 -04:00 | exit_guard_v2_refresh_ok
2026-05-10 19:04:47 -04:00 | exit_guard_v2_refresh_ok
2026-05-10 19:06:02 -04:00 | exit_guard_v2_refresh_ok
2026-05-10 19:07:21 -04:00 | exit_guard_v2_refresh_ok
2026-05-10 19:08:38 -04:00 | exit_guard_v2_refresh_ok
2026-05-10 19:09:54 -04:00 | exit_guard_v2_refresh_ok
2026-05-10 19:11:11 -04:00 | exit_guard_v2_refresh_ok
2026-05-10 19:12:28 -04:00 | exit_guard_v2_refresh_ok
2026-05-10 19:13:43 -04:00 | exit_guard_v2_refresh_ok
2026-05-10 19:14:59 -04:00 | exit_guard_v2_refresh_ok
2026-05-10 19:16:15 -04:00 | exit_guard_v2_refresh_ok
2026-05-10 19:17:32 -04:00 | exit_guard_v2_refresh_ok
2026-05-10 19:18:50 -04:00 | exit_guard_v2_refresh_ok
2026-05-10 19:20:09 -04:00 | exit_guard_v2_refresh_ok
2026-05-10 19:21:27 -04:00 | exit_guard_v2_refresh_ok
2026-05-10 19:22:50 -04:00 | exit_guard_v2_refresh_ok
2026-05-10 19:24:07 -04:00 | exit_guard_v2_refresh_ok
2026-05-10 19:25:27 -04:00 | exit_guard_v2_refresh_ok
2026-05-10 19:26:45 -04:00 | exit_guard_v2_refresh_ok
2026-05-10 19:28:13 -04:00 | exit_guard_v2_refresh_ok
2026-05-10 19:29:37 -04:00 | exit_guard_v2_refresh_ok
2026-05-10 19:30:56 -04:00 | exit_guard_v2_refresh_ok
2026-05-10 19:32:20 -04:00 | exit_guard_v2_refresh_ok
2026-05-10 19:33:40 -04:00 | exit_guard_v2_refresh_ok
2026-05-10 19:34:59 -04:00 | exit_guard_v2_refresh_ok
2026-05-10 19:36:23 -04:00 | exit_guard_v2_refresh_ok
2026-05-10 19:37:44 -04:00 | exit_guard_v2_refresh_ok
2026-05-10 19:39:02 -04:00 | exit_guard_v2_refresh_ok
2026-05-10 19:40:22 -04:00 | exit_guard_v2_refresh_ok
2026-05-10 19:41:41 -04:00 | exit_guard_v2_refresh_ok
2026-05-10 19:42:58 -04:00 | exit_guard_v2_refresh_ok
2026-05-10 19:44:13 -04:00 | exit_guard_v2_refresh_ok
2026-05-10 19:45:30 -04:00 | exit_guard_v2_refresh_ok
2026-05-10 19:46:46 -04:00 | exit_guard_v2_refresh_ok
2026-05-10 19:48:05 -04:00 | exit_guard_v2_refresh_ok
2026-05-10 19:49:21 -04:00 | exit_guard_v2_refresh_ok
2026-05-10 19:50:37 -04:00 | exit_guard_v2_refresh_ok
2026-05-10 19:51:53 -04:00 | exit_guard_v2_refresh_ok
2026-05-10 19:53:08 -04:00 | exit_guard_v2_refresh_ok
2026-05-10 19:54:25 -04:00 | exit_guard_v2_refresh_ok
2026-05-10 19:55:43 -04:00 | exit_guard_v2_refresh_ok
2026-05-10 19:56:58 -04:00 | exit_guard_v2_refresh_ok
2026-05-10 19:58:11 -04:00 | exit_guard_v2_refresh_ok
2026-05-10 19:59:28 -04:00 | exit_guard_v2_refresh_ok
2026-05-10 20:00:47 -04:00 | exit_guard_v2_refresh_ok
2026-05-10 20:02:02 -04:00 | exit_guard_v2_refresh_ok
2026-05-10 20:03:22 -04:00 | exit_guard_v2_refresh_ok
2026-05-10 20:04:43 -04:00 | exit_guard_v2_refresh_ok
2026-05-10 20:06:03 -04:00 | exit_guard_v2_refresh_ok
2026-05-10 20:07:22 -04:00 | exit_guard_v2_refresh_ok
2026-05-10 20:08:39 -04:00 | exit_guard_v2_refresh_ok
2026-05-10 20:10:02 -04:00 | exit_guard_v2_refresh_ok
2026-05-10 20:11:29 -04:00 | exit_guard_v2_refresh_ok
2026-05-10 20:12:52 -04:00 | exit_guard_v2_refresh_ok
2026-05-10 20:14:19 -04:00 | exit_guard_v2_refresh_ok
2026-05-10 20:15:42 -04:00 | exit_guard_v2_refresh_ok
2026-05-10 20:17:07 -04:00 | exit_guard_v2_refresh_ok
2026-05-10 20:18:31 -04:00 | exit_guard_v2_refresh_ok
2026-05-10 20:19:56 -04:00 | exit_guard_v2_refresh_ok
2026-05-10 20:21:20 -04:00 | exit_guard_v2_refresh_ok
2026-05-10 20:22:47 -04:00 | exit_guard_v2_refresh_ok
2026-05-10 20:24:11 -04:00 | exit_guard_v2_refresh_ok
2026-05-10 20:25:35 -04:00 | exit_guard_v2_refresh_ok
2026-05-10 20:27:03 -04:00 | exit_guard_v2_refresh_ok
2026-05-10 20:28:31 -04:00 | exit_guard_v2_refresh_ok
2026-05-10 20:29:55 -04:00 | exit_guard_v2_refresh_ok
2026-05-10 20:31:20 -04:00 | exit_guard_v2_refresh_ok
2026-05-10 20:32:45 -04:00 | exit_guard_v2_refresh_ok
2026-05-10 20:34:10 -04:00 | exit_guard_v2_refresh_ok
2026-05-10 20:35:35 -04:00 | exit_guard_v2_refresh_ok
2026-05-10 20:37:02 -04:00 | exit_guard_v2_refresh_ok
2026-05-10 20:38:26 -04:00 | exit_guard_v2_refresh_ok
2026-05-10 20:39:58 -04:00 | exit_guard_v2_refresh_ok
2026-05-10 20:41:25 -04:00 | exit_guard_v2_refresh_ok
2026-05-10 20:42:49 -04:00 | exit_guard_v2_refresh_ok
2026-05-10 20:44:15 -04:00 | exit_guard_v2_refresh_ok
2026-05-10 20:45:39 -04:00 | exit_guard_v2_refresh_ok
2026-05-10 20:47:05 -04:00 | exit_guard_v2_refresh_ok
2026-05-10 20:48:32 -04:00 | exit_guard_v2_refresh_ok
2026-05-10 20:49:59 -04:00 | exit_guard_v2_refresh_ok
2026-05-10 20:51:26 -04:00 | exit_guard_v2_refresh_ok
2026-05-10 20:52:51 -04:00 | exit_guard_v2_refresh_ok
2026-05-10 20:54:14 -04:00 | exit_guard_v2_refresh_ok
2026-05-10 20:55:44 -04:00 | exit_guard_v2_refresh_ok
2026-05-10 20:57:09 -04:00 | exit_guard_v2_refresh_ok
2026-05-10 20:58:34 -04:00 | exit_guard_v2_refresh_ok
2026-05-10 20:59:58 -04:00 | exit_guard_v2_refresh_ok
2026-05-10 21:01:22 -04:00 | exit_guard_v2_refresh_ok
2026-05-10 21:02:49 -04:00 | exit_guard_v2_refresh_ok
2026-05-10 21:04:11 -04:00 | exit_guard_v2_refresh_ok
2026-05-10 21:05:37 -04:00 | exit_guard_v2_refresh_ok
2026-05-10 21:06:54 -04:00 | exit_guard_v2_refresh_ok
2026-05-10 21:08:12 -04:00 | exit_guard_v2_refresh_ok
2026-05-10 21:09:29 -04:00 | exit_guard_v2_refresh_ok
2026-05-10 21:10:47 -04:00 | exit_guard_v2_refresh_ok
2026-05-10 21:12:07 -04:00 | exit_guard_v2_refresh_ok
2026-05-10 21:13:27 -04:00 | exit_guard_v2_refresh_ok
2026-05-10 21:14:47 -04:00 | exit_guard_v2_refresh_ok
2026-05-10 21:16:05 -04:00 | exit_guard_v2_refresh_ok
2026-05-10 21:17:25 -04:00 | exit_guard_v2_refresh_ok
2026-05-10 21:18:40 -04:00 | exit_guard_v2_refresh_ok
2026-05-10 21:19:59 -04:00 | exit_guard_v2_refresh_ok
2026-05-10 21:21:18 -04:00 | exit_guard_v2_refresh_ok
2026-05-10 21:22:35 -04:00 | exit_guard_v2_refresh_ok
2026-05-10 21:23:53 -04:00 | exit_guard_v2_refresh_ok
2026-05-10 21:25:10 -04:00 | exit_guard_v2_refresh_ok
2026-05-10 21:26:29 -04:00 | exit_guard_v2_refresh_ok
2026-05-10 21:27:47 -04:00 | exit_guard_v2_refresh_ok
2026-05-10 21:29:11 -04:00 | exit_guard_v2_refresh_ok
2026-05-10 21:30:34 -04:00 | exit_guard_v2_refresh_ok
2026-05-10 21:32:04 -04:00 | exit_guard_v2_refresh_ok
2026-05-10 21:33:29 -04:00 | exit_guard_v2_refresh_ok
2026-05-10 21:34:56 -04:00 | exit_guard_v2_refresh_ok
2026-05-10 21:36:22 -04:00 | exit_guard_v2_refresh_ok
2026-05-10 21:37:49 -04:00 | exit_guard_v2_refresh_ok
2026-05-10 21:39:15 -04:00 | exit_guard_v2_refresh_ok
2026-05-10 21:40:42 -04:00 | exit_guard_v2_refresh_ok
2026-05-10 21:42:09 -04:00 | exit_guard_v2_refresh_ok
2026-05-10 21:43:35 -04:00 | exit_guard_v2_refresh_ok
2026-05-10 21:45:01 -04:00 | exit_guard_v2_refresh_ok
2026-05-10 21:46:27 -04:00 | exit_guard_v2_refresh_ok
2026-05-10 21:47:53 -04:00 | exit_guard_v2_refresh_ok
2026-05-10 21:49:19 -04:00 | exit_guard_v2_refresh_ok
2026-05-10 21:50:49 -04:00 | exit_guard_v2_refresh_ok
2026-05-10 21:52:20 -04:00 | exit_guard_v2_refresh_ok
2026-05-10 21:53:45 -04:00 | exit_guard_v2_refresh_ok
2026-05-10 21:55:08 -04:00 | exit_guard_v2_refresh_ok
2026-05-10 21:56:33 -04:00 | exit_guard_v2_refresh_ok
2026-05-10 21:57:57 -04:00 | exit_guard_v2_refresh_ok
2026-05-10 21:59:21 -04:00 | exit_guard_v2_refresh_ok
2026-05-10 22:00:44 -04:00 | exit_guard_v2_refresh_ok
2026-05-10 22:02:08 -04:00 | exit_guard_v2_refresh_ok
2026-05-10 22:03:32 -04:00 | exit_guard_v2_refresh_ok
2026-05-10 22:04:58 -04:00 | exit_guard_v2_refresh_ok
2026-05-10 22:06:26 -04:00 | exit_guard_v2_refresh_ok
2026-05-10 22:07:49 -04:00 | exit_guard_v2_refresh_ok
2026-05-10 22:09:13 -04:00 | exit_guard_v2_refresh_ok
2026-05-10 22:10:38 -04:00 | exit_guard_v2_refresh_ok
2026-05-10 22:12:09 -04:00 | exit_guard_v2_refresh_ok
2026-05-10 22:13:32 -04:00 | exit_guard_v2_refresh_ok
2026-05-10 22:14:56 -04:00 | exit_guard_v2_refresh_ok
2026-05-10 22:16:21 -04:00 | exit_guard_v2_refresh_ok
2026-05-10 22:17:45 -04:00 | exit_guard_v2_refresh_ok
2026-05-10 22:19:11 -04:00 | exit_guard_v2_refresh_ok
2026-05-10 22:20:33 -04:00 | exit_guard_v2_refresh_ok
2026-05-10 22:21:49 -04:00 | exit_guard_v2_refresh_ok
2026-05-10 22:23:05 -04:00 | exit_guard_v2_refresh_ok
2026-05-10 22:24:25 -04:00 | exit_guard_v2_refresh_ok
2026-05-10 22:25:40 -04:00 | exit_guard_v2_refresh_ok
2026-05-10 22:26:53 -04:00 | exit_guard_v2_refresh_ok
2026-05-10 22:28:23 -04:00 | exit_guard_v2_refresh_ok
2026-05-10 22:29:49 -04:00 | exit_guard_v2_refresh_ok
2026-05-10 22:31:02 -04:00 | exit_guard_v2_refresh_ok
2026-05-10 22:32:19 -04:00 | exit_guard_v2_refresh_ok
2026-05-10 22:33:40 -04:00 | exit_guard_v2_refresh_ok
2026-05-10 22:35:05 -04:00 | exit_guard_v2_refresh_ok
2026-05-10 22:36:26 -04:00 | exit_guard_v2_refresh_ok
2026-05-10 22:37:58 -04:00 | exit_guard_v2_refresh_ok
2026-05-10 22:39:22 -04:00 | exit_guard_v2_refresh_ok
2026-05-10 22:40:47 -04:00 | exit_guard_v2_refresh_ok
2026-05-10 22:42:09 -04:00 | exit_guard_v2_refresh_ok
2026-05-10 22:43:26 -04:00 | exit_guard_v2_refresh_ok
2026-05-10 22:44:47 -04:00 | exit_guard_v2_refresh_ok
2026-05-10 22:46:10 -04:00 | exit_guard_v2_refresh_ok
2026-05-10 22:47:32 -04:00 | exit_guard_v2_refresh_ok
2026-05-10 22:48:59 -04:00 | exit_guard_v2_refresh_ok
2026-05-10 22:50:28 -04:00 | exit_guard_v2_refresh_ok
2026-05-10 22:51:57 -04:00 | exit_guard_v2_refresh_ok
2026-05-10 22:53:27 -04:00 | exit_guard_v2_refresh_ok
2026-05-10 22:54:56 -04:00 | exit_guard_v2_refresh_ok
2026-05-10 22:56:21 -04:00 | exit_guard_v2_refresh_ok
2026-05-10 22:57:51 -04:00 | exit_guard_v2_refresh_ok
2026-05-10 22:59:20 -04:00 | exit_guard_v2_refresh_ok
2026-05-10 23:00:52 -04:00 | exit_guard_v2_refresh_ok
2026-05-10 23:02:17 -04:00 | exit_guard_v2_refresh_ok
2026-05-10 23:03:41 -04:00 | exit_guard_v2_refresh_ok
2026-05-10 23:05:04 -04:00 | exit_guard_v2_refresh_ok
2026-05-10 23:06:29 -04:00 | exit_guard_v2_refresh_ok
2026-05-10 23:07:52 -04:00 | exit_guard_v2_refresh_ok
2026-05-10 23:09:17 -04:00 | exit_guard_v2_refresh_ok
2026-05-10 23:10:42 -04:00 | exit_guard_v2_refresh_ok
2026-05-10 23:12:06 -04:00 | exit_guard_v2_refresh_ok
2026-05-10 23:13:29 -04:00 | exit_guard_v2_refresh_ok
2026-05-10 23:14:59 -04:00 | exit_guard_v2_refresh_ok
2026-05-10 23:16:23 -04:00 | exit_guard_v2_refresh_ok
2026-05-10 23:17:46 -04:00 | exit_guard_v2_refresh_ok
2026-05-10 23:19:11 -04:00 | exit_guard_v2_refresh_ok
2026-05-10 23:20:36 -04:00 | exit_guard_v2_refresh_ok
2026-05-10 23:22:00 -04:00 | exit_guard_v2_refresh_ok
2026-05-10 23:23:25 -04:00 | exit_guard_v2_refresh_ok
2026-05-10 23:24:51 -04:00 | exit_guard_v2_refresh_ok
2026-05-10 23:26:14 -04:00 | exit_guard_v2_refresh_ok
2026-05-10 23:27:37 -04:00 | exit_guard_v2_refresh_ok
2026-05-10 23:29:02 -04:00 | exit_guard_v2_refresh_ok
2026-05-10 23:30:27 -04:00 | exit_guard_v2_refresh_ok
2026-05-10 23:31:58 -04:00 | exit_guard_v2_refresh_ok
2026-05-10 23:33:24 -04:00 | exit_guard_v2_refresh_ok
2026-05-10 23:34:52 -04:00 | exit_guard_v2_refresh_ok
2026-05-10 23:36:16 -04:00 | exit_guard_v2_refresh_ok
2026-05-10 23:37:40 -04:00 | exit_guard_v2_refresh_ok
2026-05-10 23:39:05 -04:00 | exit_guard_v2_refresh_ok
2026-05-10 23:40:29 -04:00 | exit_guard_v2_refresh_ok
2026-05-10 23:41:58 -04:00 | exit_guard_v2_refresh_ok
2026-05-10 23:43:23 -04:00 | exit_guard_v2_refresh_ok
2026-05-10 23:44:49 -04:00 | exit_guard_v2_refresh_ok
2026-05-10 23:46:04 -04:00 | exit_guard_v2_refresh_ok
2026-05-10 23:47:37 -04:00 | probe_failed | probe_v28_frozen_exit_book_gap_loss_guard_v2.py | exit_code=1073807364
