2026-05-07 12:21:23 -04:00 | dual_lane_sidecar_safety_loop_started | interval_seconds=999999
2026-05-07 12:21:23 -04:00 | cycle_start | cycle=1
2026-05-07 12:21:24 -04:00 | probe_ok | probe_v28_dual_lane_sidecar_safety_watch.py | elapsed_s=0.4
2026-05-07 12:21:24 -04:00 | probe_ok | probe_v28_dual_lane_live_market_update.py | elapsed_s=0.12
2026-05-07 12:21:24 -04:00 | probe_ok | probe_v28_dual_lane_readiness_checklist.py | elapsed_s=0.12
2026-05-07 12:21:24 -04:00 | probe_ok | probe_v28_dual_lane_snapshot_ledger.py | elapsed_s=0.13
2026-05-07 12:21:24 -04:00 | cycle_done | cycle=1
2026-05-07 12:22:17 -04:00 | dual_lane_sidecar_safety_loop_started | interval_seconds=60
2026-05-07 12:22:17 -04:00 | cycle_start | cycle=1
2026-05-07 12:22:17 -04:00 | probe_ok | probe_v28_dual_lane_sidecar_safety_watch.py | elapsed_s=0.38
2026-05-07 12:22:17 -04:00 | probe_ok | probe_v28_dual_lane_live_market_update.py | elapsed_s=0.14
2026-05-07 12:22:17 -04:00 | probe_ok | probe_v28_dual_lane_readiness_checklist.py | elapsed_s=0.11
2026-05-07 12:22:17 -04:00 | probe_ok | probe_v28_dual_lane_snapshot_ledger.py | elapsed_s=0.11
2026-05-07 12:22:17 -04:00 | cycle_done | cycle=1
2026-05-07 12:23:17 -04:00 | cycle_start | cycle=2
2026-05-07 12:23:18 -04:00 | probe_ok | probe_v28_dual_lane_sidecar_safety_watch.py | elapsed_s=0.24
2026-05-07 12:23:18 -04:00 | probe_ok | probe_v28_dual_lane_live_market_update.py | elapsed_s=0.09
2026-05-07 12:23:18 -04:00 | probe_ok | probe_v28_dual_lane_readiness_checklist.py | elapsed_s=0.08
2026-05-07 12:23:18 -04:00 | probe_ok | probe_v28_dual_lane_snapshot_ledger.py | elapsed_s=0.08
2026-05-07 12:23:18 -04:00 | cycle_done | cycle=2
2026-05-07 12:24:18 -04:00 | cycle_start | cycle=3
2026-05-07 12:24:18 -04:00 | probe_ok | probe_v28_dual_lane_sidecar_safety_watch.py | elapsed_s=0.36
2026-05-07 12:24:18 -04:00 | probe_ok | probe_v28_dual_lane_live_market_update.py | elapsed_s=0.13
2026-05-07 12:24:18 -04:00 | probe_ok | probe_v28_dual_lane_readiness_checklist.py | elapsed_s=0.11
2026-05-07 12:24:19 -04:00 | probe_ok | probe_v28_dual_lane_snapshot_ledger.py | elapsed_s=0.1
2026-05-07 12:24:19 -04:00 | cycle_done | cycle=3
2026-05-07 12:25:19 -04:00 | cycle_start | cycle=4
2026-05-07 12:25:19 -04:00 | probe_ok | probe_v28_dual_lane_sidecar_safety_watch.py | elapsed_s=0.26
2026-05-07 12:25:19 -04:00 | probe_ok | probe_v28_dual_lane_live_market_update.py | elapsed_s=0.1
2026-05-07 12:25:19 -04:00 | probe_ok | probe_v28_dual_lane_readiness_checklist.py | elapsed_s=0.09
2026-05-07 12:25:19 -04:00 | probe_ok | probe_v28_dual_lane_snapshot_ledger.py | elapsed_s=0.09
2026-05-07 12:25:19 -04:00 | cycle_done | cycle=4
2026-05-07 12:26:19 -04:00 | cycle_start | cycle=5
2026-05-07 12:26:19 -04:00 | probe_ok | probe_v28_dual_lane_sidecar_safety_watch.py | elapsed_s=0.22
2026-05-07 12:26:19 -04:00 | probe_ok | probe_v28_dual_lane_live_market_update.py | elapsed_s=0.09
2026-05-07 12:26:20 -04:00 | probe_ok | probe_v28_dual_lane_readiness_checklist.py | elapsed_s=0.07
2026-05-07 12:26:20 -04:00 | probe_ok | probe_v28_dual_lane_snapshot_ledger.py | elapsed_s=0.08
2026-05-07 12:26:20 -04:00 | cycle_done | cycle=5
2026-05-07 12:27:20 -04:00 | cycle_start | cycle=6
2026-05-07 12:27:20 -04:00 | probe_ok | probe_v28_dual_lane_sidecar_safety_watch.py | elapsed_s=0.24
2026-05-07 12:27:20 -04:00 | probe_ok | probe_v28_dual_lane_live_market_update.py | elapsed_s=0.09
2026-05-07 12:27:20 -04:00 | probe_ok | probe_v28_dual_lane_readiness_checklist.py | elapsed_s=0.08
2026-05-07 12:27:20 -04:00 | probe_ok | probe_v28_dual_lane_snapshot_ledger.py | elapsed_s=0.1
2026-05-07 12:27:20 -04:00 | cycle_done | cycle=6
2026-05-07 12:28:20 -04:00 | cycle_start | cycle=7
2026-05-07 12:28:21 -04:00 | probe_ok | probe_v28_dual_lane_sidecar_safety_watch.py | elapsed_s=0.35
2026-05-07 12:28:21 -04:00 | probe_ok | probe_v28_dual_lane_live_market_update.py | elapsed_s=0.14
2026-05-07 12:28:21 -04:00 | probe_ok | probe_v28_dual_lane_readiness_checklist.py | elapsed_s=0.12
2026-05-07 12:28:21 -04:00 | probe_ok | probe_v28_dual_lane_snapshot_ledger.py | elapsed_s=0.12
2026-05-07 12:28:21 -04:00 | cycle_done | cycle=7
2026-05-07 12:29:21 -04:00 | cycle_start | cycle=8
2026-05-07 12:29:21 -04:00 | probe_ok | probe_v28_dual_lane_sidecar_safety_watch.py | elapsed_s=0.22
2026-05-07 12:29:21 -04:00 | probe_ok | probe_v28_dual_lane_live_market_update.py | elapsed_s=0.08
2026-05-07 12:29:21 -04:00 | probe_ok | probe_v28_dual_lane_readiness_checklist.py | elapsed_s=0.07
2026-05-07 12:29:21 -04:00 | probe_ok | probe_v28_dual_lane_snapshot_ledger.py | elapsed_s=0.07
2026-05-07 12:29:21 -04:00 | cycle_done | cycle=8
2026-05-07 12:30:21 -04:00 | cycle_start | cycle=9
2026-05-07 12:30:22 -04:00 | probe_ok | probe_v28_dual_lane_sidecar_safety_watch.py | elapsed_s=0.29
2026-05-07 12:30:22 -04:00 | probe_ok | probe_v28_dual_lane_live_market_update.py | elapsed_s=0.12
2026-05-07 12:30:22 -04:00 | probe_ok | probe_v28_dual_lane_readiness_checklist.py | elapsed_s=0.1
2026-05-07 12:30:22 -04:00 | probe_ok | probe_v28_dual_lane_snapshot_ledger.py | elapsed_s=0.11
2026-05-07 12:30:22 -04:00 | cycle_done | cycle=9
2026-05-07 12:31:22 -04:00 | cycle_start | cycle=10
2026-05-07 12:31:22 -04:00 | probe_ok | probe_v28_dual_lane_sidecar_safety_watch.py | elapsed_s=0.31
2026-05-07 12:31:22 -04:00 | probe_ok | probe_v28_dual_lane_live_market_update.py | elapsed_s=0.14
2026-05-07 12:31:23 -04:00 | probe_ok | probe_v28_dual_lane_readiness_checklist.py | elapsed_s=0.11
2026-05-07 12:31:23 -04:00 | probe_ok | probe_v28_dual_lane_snapshot_ledger.py | elapsed_s=0.1
2026-05-07 12:31:23 -04:00 | cycle_done | cycle=10
2026-05-07 12:32:23 -04:00 | cycle_start | cycle=11
2026-05-07 12:32:23 -04:00 | probe_ok | probe_v28_dual_lane_sidecar_safety_watch.py | elapsed_s=0.38
2026-05-07 12:32:23 -04:00 | probe_ok | probe_v28_dual_lane_live_market_update.py | elapsed_s=0.15
2026-05-07 12:32:23 -04:00 | probe_ok | probe_v28_dual_lane_readiness_checklist.py | elapsed_s=0.12
2026-05-07 12:32:24 -04:00 | probe_ok | probe_v28_dual_lane_snapshot_ledger.py | elapsed_s=0.14
2026-05-07 12:32:24 -04:00 | cycle_done | cycle=11
2026-05-07 12:33:24 -04:00 | cycle_start | cycle=12
2026-05-07 12:33:24 -04:00 | probe_ok | probe_v28_dual_lane_sidecar_safety_watch.py | elapsed_s=0.29
2026-05-07 12:33:24 -04:00 | probe_ok | probe_v28_dual_lane_live_market_update.py | elapsed_s=0.11
2026-05-07 12:33:24 -04:00 | probe_ok | probe_v28_dual_lane_readiness_checklist.py | elapsed_s=0.1
2026-05-07 12:33:24 -04:00 | probe_ok | probe_v28_dual_lane_snapshot_ledger.py | elapsed_s=0.09
2026-05-07 12:33:24 -04:00 | cycle_done | cycle=12
2026-05-07 12:34:24 -04:00 | cycle_start | cycle=13
2026-05-07 12:34:24 -04:00 | probe_ok | probe_v28_dual_lane_sidecar_safety_watch.py | elapsed_s=0.36
2026-05-07 12:34:25 -04:00 | probe_ok | probe_v28_dual_lane_live_market_update.py | elapsed_s=0.14
2026-05-07 12:34:25 -04:00 | probe_ok | probe_v28_dual_lane_readiness_checklist.py | elapsed_s=0.13
2026-05-07 12:34:25 -04:00 | probe_ok | probe_v28_dual_lane_snapshot_ledger.py | elapsed_s=0.14
2026-05-07 12:34:25 -04:00 | cycle_done | cycle=13
2026-05-07 12:35:25 -04:00 | cycle_start | cycle=14
2026-05-07 12:35:25 -04:00 | probe_ok | probe_v28_dual_lane_sidecar_safety_watch.py | elapsed_s=0.32
2026-05-07 12:35:25 -04:00 | probe_ok | probe_v28_dual_lane_live_market_update.py | elapsed_s=0.13
2026-05-07 12:35:25 -04:00 | probe_ok | probe_v28_dual_lane_readiness_checklist.py | elapsed_s=0.1
2026-05-07 12:35:26 -04:00 | probe_ok | probe_v28_dual_lane_snapshot_ledger.py | elapsed_s=0.11
2026-05-07 12:35:26 -04:00 | cycle_done | cycle=14
2026-05-07 12:36:26 -04:00 | cycle_start | cycle=15
2026-05-07 12:36:26 -04:00 | probe_ok | probe_v28_dual_lane_sidecar_safety_watch.py | elapsed_s=0.31
2026-05-07 12:36:26 -04:00 | probe_ok | probe_v28_dual_lane_live_market_update.py | elapsed_s=0.09
2026-05-07 12:36:26 -04:00 | probe_ok | probe_v28_dual_lane_readiness_checklist.py | elapsed_s=0.1
2026-05-07 12:36:26 -04:00 | probe_ok | probe_v28_dual_lane_snapshot_ledger.py | elapsed_s=0.1
2026-05-07 12:36:26 -04:00 | cycle_done | cycle=15
2026-05-07 12:37:26 -04:00 | cycle_start | cycle=16
2026-05-07 12:37:27 -04:00 | probe_ok | probe_v28_dual_lane_sidecar_safety_watch.py | elapsed_s=0.38
2026-05-07 12:37:27 -04:00 | probe_ok | probe_v28_dual_lane_live_market_update.py | elapsed_s=0.16
2026-05-07 12:37:27 -04:00 | probe_ok | probe_v28_dual_lane_readiness_checklist.py | elapsed_s=0.12
2026-05-07 12:37:27 -04:00 | probe_ok | probe_v28_dual_lane_snapshot_ledger.py | elapsed_s=0.13
2026-05-07 12:37:27 -04:00 | cycle_done | cycle=16
2026-05-07 12:38:27 -04:00 | cycle_start | cycle=17
2026-05-07 12:38:27 -04:00 | probe_ok | probe_v28_dual_lane_sidecar_safety_watch.py | elapsed_s=0.32
2026-05-07 12:38:28 -04:00 | probe_ok | probe_v28_dual_lane_live_market_update.py | elapsed_s=0.15
2026-05-07 12:38:28 -04:00 | probe_ok | probe_v28_dual_lane_readiness_checklist.py | elapsed_s=0.1
2026-05-07 12:38:28 -04:00 | probe_ok | probe_v28_dual_lane_snapshot_ledger.py | elapsed_s=0.12
2026-05-07 12:38:28 -04:00 | cycle_done | cycle=17
2026-05-07 12:39:28 -04:00 | cycle_start | cycle=18
2026-05-07 12:39:28 -04:00 | probe_ok | probe_v28_dual_lane_sidecar_safety_watch.py | elapsed_s=0.34
2026-05-07 12:39:28 -04:00 | probe_ok | probe_v28_dual_lane_live_market_update.py | elapsed_s=0.13
2026-05-07 12:39:28 -04:00 | probe_ok | probe_v28_dual_lane_readiness_checklist.py | elapsed_s=0.12
2026-05-07 12:39:28 -04:00 | probe_ok | probe_v28_dual_lane_snapshot_ledger.py | elapsed_s=0.11
2026-05-07 12:39:28 -04:00 | cycle_done | cycle=18
2026-05-07 12:40:28 -04:00 | cycle_start | cycle=19
2026-05-07 12:40:29 -04:00 | probe_ok | probe_v28_dual_lane_sidecar_safety_watch.py | elapsed_s=0.36
2026-05-07 12:40:29 -04:00 | probe_ok | probe_v28_dual_lane_live_market_update.py | elapsed_s=0.13
2026-05-07 12:40:29 -04:00 | probe_ok | probe_v28_dual_lane_readiness_checklist.py | elapsed_s=0.11
2026-05-07 12:40:29 -04:00 | probe_ok | probe_v28_dual_lane_snapshot_ledger.py | elapsed_s=0.12
2026-05-07 12:40:29 -04:00 | cycle_done | cycle=19
2026-05-07 12:41:29 -04:00 | cycle_start | cycle=20
2026-05-07 12:41:30 -04:00 | probe_ok | probe_v28_dual_lane_sidecar_safety_watch.py | elapsed_s=0.4
2026-05-07 12:41:30 -04:00 | probe_ok | probe_v28_dual_lane_live_market_update.py | elapsed_s=0.15
2026-05-07 12:41:30 -04:00 | probe_ok | probe_v28_dual_lane_readiness_checklist.py | elapsed_s=0.12
2026-05-07 12:41:30 -04:00 | probe_ok | probe_v28_dual_lane_snapshot_ledger.py | elapsed_s=0.13
2026-05-07 12:41:30 -04:00 | cycle_done | cycle=20
2026-05-07 12:42:30 -04:00 | cycle_start | cycle=21
2026-05-07 12:42:30 -04:00 | probe_ok | probe_v28_dual_lane_sidecar_safety_watch.py | elapsed_s=0.32
2026-05-07 12:42:31 -04:00 | probe_ok | probe_v28_dual_lane_live_market_update.py | elapsed_s=0.14
2026-05-07 12:42:31 -04:00 | probe_ok | probe_v28_dual_lane_readiness_checklist.py | elapsed_s=0.11
2026-05-07 12:42:31 -04:00 | probe_ok | probe_v28_dual_lane_snapshot_ledger.py | elapsed_s=0.12
2026-05-07 12:42:31 -04:00 | cycle_done | cycle=21
2026-05-07 12:43:31 -04:00 | cycle_start | cycle=22
2026-05-07 12:43:31 -04:00 | probe_ok | probe_v28_dual_lane_sidecar_safety_watch.py | elapsed_s=0.24
2026-05-07 12:43:31 -04:00 | probe_ok | probe_v28_dual_lane_live_market_update.py | elapsed_s=0.1
2026-05-07 12:43:31 -04:00 | probe_ok | probe_v28_dual_lane_readiness_checklist.py | elapsed_s=0.08
2026-05-07 12:43:31 -04:00 | probe_ok | probe_v28_dual_lane_snapshot_ledger.py | elapsed_s=0.09
2026-05-07 12:43:31 -04:00 | cycle_done | cycle=22
2026-05-07 12:44:31 -04:00 | cycle_start | cycle=23
2026-05-07 12:44:32 -04:00 | probe_ok | probe_v28_dual_lane_sidecar_safety_watch.py | elapsed_s=0.27
2026-05-07 12:44:32 -04:00 | probe_ok | probe_v28_dual_lane_live_market_update.py | elapsed_s=0.12
2026-05-07 12:44:32 -04:00 | probe_ok | probe_v28_dual_lane_readiness_checklist.py | elapsed_s=0.1
2026-05-07 12:44:32 -04:00 | probe_ok | probe_v28_dual_lane_snapshot_ledger.py | elapsed_s=0.09
2026-05-07 12:44:32 -04:00 | cycle_done | cycle=23
2026-05-07 12:45:32 -04:00 | cycle_start | cycle=24
2026-05-07 12:45:32 -04:00 | probe_ok | probe_v28_dual_lane_sidecar_safety_watch.py | elapsed_s=0.29
2026-05-07 12:45:32 -04:00 | probe_ok | probe_v28_dual_lane_live_market_update.py | elapsed_s=0.12
2026-05-07 12:45:32 -04:00 | probe_ok | probe_v28_dual_lane_readiness_checklist.py | elapsed_s=0.09
2026-05-07 12:45:33 -04:00 | probe_ok | probe_v28_dual_lane_snapshot_ledger.py | elapsed_s=0.1
2026-05-07 12:45:33 -04:00 | cycle_done | cycle=24
2026-05-07 12:46:33 -04:00 | cycle_start | cycle=25
2026-05-07 12:46:33 -04:00 | probe_ok | probe_v28_dual_lane_sidecar_safety_watch.py | elapsed_s=0.22
2026-05-07 12:46:33 -04:00 | probe_ok | probe_v28_dual_lane_live_market_update.py | elapsed_s=0.08
2026-05-07 12:46:33 -04:00 | probe_ok | probe_v28_dual_lane_readiness_checklist.py | elapsed_s=0.09
2026-05-07 12:46:33 -04:00 | probe_ok | probe_v28_dual_lane_snapshot_ledger.py | elapsed_s=0.1
2026-05-07 12:46:33 -04:00 | cycle_done | cycle=25
2026-05-07 12:47:33 -04:00 | cycle_start | cycle=26
2026-05-07 12:47:33 -04:00 | probe_ok | probe_v28_dual_lane_sidecar_safety_watch.py | elapsed_s=0.28
2026-05-07 12:47:33 -04:00 | probe_ok | probe_v28_dual_lane_live_market_update.py | elapsed_s=0.1
2026-05-07 12:47:34 -04:00 | probe_ok | probe_v28_dual_lane_readiness_checklist.py | elapsed_s=0.09
2026-05-07 12:47:34 -04:00 | probe_ok | probe_v28_dual_lane_snapshot_ledger.py | elapsed_s=0.11
2026-05-07 12:47:34 -04:00 | cycle_done | cycle=26
2026-05-07 12:48:34 -04:00 | cycle_start | cycle=27
2026-05-07 12:48:34 -04:00 | probe_ok | probe_v28_dual_lane_sidecar_safety_watch.py | elapsed_s=0.3
2026-05-07 12:48:34 -04:00 | probe_ok | probe_v28_dual_lane_live_market_update.py | elapsed_s=0.1
2026-05-07 12:48:34 -04:00 | probe_ok | probe_v28_dual_lane_readiness_checklist.py | elapsed_s=0.08
2026-05-07 12:48:34 -04:00 | probe_ok | probe_v28_dual_lane_snapshot_ledger.py | elapsed_s=0.09
2026-05-07 12:48:34 -04:00 | cycle_done | cycle=27
2026-05-07 12:49:34 -04:00 | cycle_start | cycle=28
2026-05-07 12:49:34 -04:00 | probe_ok | probe_v28_dual_lane_sidecar_safety_watch.py | elapsed_s=0.26
2026-05-07 12:49:35 -04:00 | probe_ok | probe_v28_dual_lane_live_market_update.py | elapsed_s=0.1
2026-05-07 12:49:35 -04:00 | probe_ok | probe_v28_dual_lane_readiness_checklist.py | elapsed_s=0.08
2026-05-07 12:49:35 -04:00 | probe_ok | probe_v28_dual_lane_snapshot_ledger.py | elapsed_s=0.09
2026-05-07 12:49:35 -04:00 | cycle_done | cycle=28
2026-05-07 12:50:35 -04:00 | cycle_start | cycle=29
2026-05-07 12:50:35 -04:00 | probe_ok | probe_v28_dual_lane_sidecar_safety_watch.py | elapsed_s=0.31
2026-05-07 12:50:35 -04:00 | probe_ok | probe_v28_dual_lane_live_market_update.py | elapsed_s=0.12
2026-05-07 12:50:35 -04:00 | probe_ok | probe_v28_dual_lane_readiness_checklist.py | elapsed_s=0.1
2026-05-07 12:50:35 -04:00 | probe_ok | probe_v28_dual_lane_snapshot_ledger.py | elapsed_s=0.12
2026-05-07 12:50:35 -04:00 | cycle_done | cycle=29
2026-05-07 12:51:35 -04:00 | cycle_start | cycle=30
2026-05-07 12:51:36 -04:00 | probe_ok | probe_v28_dual_lane_sidecar_safety_watch.py | elapsed_s=0.29
2026-05-07 12:51:36 -04:00 | probe_ok | probe_v28_dual_lane_live_market_update.py | elapsed_s=0.1
2026-05-07 12:51:36 -04:00 | probe_ok | probe_v28_dual_lane_readiness_checklist.py | elapsed_s=0.09
2026-05-07 12:51:36 -04:00 | probe_ok | probe_v28_dual_lane_snapshot_ledger.py | elapsed_s=0.11
2026-05-07 12:51:36 -04:00 | cycle_done | cycle=30
2026-05-07 12:52:36 -04:00 | cycle_start | cycle=31
2026-05-07 12:52:36 -04:00 | probe_ok | probe_v28_dual_lane_sidecar_safety_watch.py | elapsed_s=0.27
2026-05-07 12:52:36 -04:00 | probe_ok | probe_v28_dual_lane_live_market_update.py | elapsed_s=0.11
2026-05-07 12:52:37 -04:00 | probe_ok | probe_v28_dual_lane_readiness_checklist.py | elapsed_s=0.09
2026-05-07 12:52:37 -04:00 | probe_ok | probe_v28_dual_lane_snapshot_ledger.py | elapsed_s=0.1
2026-05-07 12:52:37 -04:00 | cycle_done | cycle=31
2026-05-07 12:53:37 -04:00 | cycle_start | cycle=32
2026-05-07 12:53:37 -04:00 | probe_ok | probe_v28_dual_lane_sidecar_safety_watch.py | elapsed_s=0.22
2026-05-07 12:53:37 -04:00 | probe_ok | probe_v28_dual_lane_live_market_update.py | elapsed_s=0.1
2026-05-07 12:53:37 -04:00 | probe_ok | probe_v28_dual_lane_readiness_checklist.py | elapsed_s=0.08
2026-05-07 12:53:37 -04:00 | probe_ok | probe_v28_dual_lane_snapshot_ledger.py | elapsed_s=0.08
2026-05-07 12:53:37 -04:00 | cycle_done | cycle=32
2026-05-07 12:54:37 -04:00 | cycle_start | cycle=33
2026-05-07 12:54:38 -04:00 | probe_ok | probe_v28_dual_lane_sidecar_safety_watch.py | elapsed_s=0.41
2026-05-07 12:54:38 -04:00 | probe_ok | probe_v28_dual_lane_live_market_update.py | elapsed_s=0.15
2026-05-07 12:54:38 -04:00 | probe_ok | probe_v28_dual_lane_readiness_checklist.py | elapsed_s=0.14
2026-05-07 12:54:38 -04:00 | probe_ok | probe_v28_dual_lane_snapshot_ledger.py | elapsed_s=0.13
2026-05-07 12:54:38 -04:00 | cycle_done | cycle=33
2026-05-07 12:55:38 -04:00 | cycle_start | cycle=34
2026-05-07 12:55:38 -04:00 | probe_ok | probe_v28_dual_lane_sidecar_safety_watch.py | elapsed_s=0.27
2026-05-07 12:55:38 -04:00 | probe_ok | probe_v28_dual_lane_live_market_update.py | elapsed_s=0.1
2026-05-07 12:55:38 -04:00 | probe_ok | probe_v28_dual_lane_readiness_checklist.py | elapsed_s=0.09
2026-05-07 12:55:39 -04:00 | probe_ok | probe_v28_dual_lane_snapshot_ledger.py | elapsed_s=0.11
2026-05-07 12:55:39 -04:00 | cycle_done | cycle=34
2026-05-07 12:56:39 -04:00 | cycle_start | cycle=35
2026-05-07 12:56:39 -04:00 | probe_ok | probe_v28_dual_lane_sidecar_safety_watch.py | elapsed_s=0.41
2026-05-07 12:56:39 -04:00 | probe_ok | probe_v28_dual_lane_live_market_update.py | elapsed_s=0.13
2026-05-07 12:56:39 -04:00 | probe_ok | probe_v28_dual_lane_readiness_checklist.py | elapsed_s=0.11
2026-05-07 12:56:39 -04:00 | probe_ok | probe_v28_dual_lane_snapshot_ledger.py | elapsed_s=0.14
2026-05-07 12:56:39 -04:00 | cycle_done | cycle=35
2026-05-07 12:57:39 -04:00 | cycle_start | cycle=36
2026-05-07 12:57:40 -04:00 | probe_ok | probe_v28_dual_lane_sidecar_safety_watch.py | elapsed_s=0.34
2026-05-07 12:57:40 -04:00 | probe_ok | probe_v28_dual_lane_live_market_update.py | elapsed_s=0.14
2026-05-07 12:57:40 -04:00 | probe_ok | probe_v28_dual_lane_readiness_checklist.py | elapsed_s=0.11
2026-05-07 12:57:40 -04:00 | probe_ok | probe_v28_dual_lane_snapshot_ledger.py | elapsed_s=0.12
2026-05-07 12:57:40 -04:00 | cycle_done | cycle=36
2026-05-07 12:58:40 -04:00 | cycle_start | cycle=37
2026-05-07 12:58:40 -04:00 | probe_ok | probe_v28_dual_lane_sidecar_safety_watch.py | elapsed_s=0.29
2026-05-07 12:58:41 -04:00 | probe_ok | probe_v28_dual_lane_live_market_update.py | elapsed_s=0.11
2026-05-07 12:58:41 -04:00 | probe_ok | probe_v28_dual_lane_readiness_checklist.py | elapsed_s=0.1
2026-05-07 12:58:41 -04:00 | probe_ok | probe_v28_dual_lane_snapshot_ledger.py | elapsed_s=0.11
2026-05-07 12:58:41 -04:00 | cycle_done | cycle=37
2026-05-07 12:59:41 -04:00 | cycle_start | cycle=38
2026-05-07 12:59:41 -04:00 | probe_ok | probe_v28_dual_lane_sidecar_safety_watch.py | elapsed_s=0.25
2026-05-07 12:59:41 -04:00 | probe_ok | probe_v28_dual_lane_live_market_update.py | elapsed_s=0.09
2026-05-07 12:59:41 -04:00 | probe_ok | probe_v28_dual_lane_readiness_checklist.py | elapsed_s=0.09
2026-05-07 12:59:41 -04:00 | probe_ok | probe_v28_dual_lane_snapshot_ledger.py | elapsed_s=0.1
2026-05-07 12:59:41 -04:00 | cycle_done | cycle=38
2026-05-07 13:00:41 -04:00 | cycle_start | cycle=39
2026-05-07 13:00:42 -04:00 | probe_ok | probe_v28_dual_lane_sidecar_safety_watch.py | elapsed_s=0.35
2026-05-07 13:00:42 -04:00 | probe_ok | probe_v28_dual_lane_live_market_update.py | elapsed_s=0.15
2026-05-07 13:00:42 -04:00 | probe_ok | probe_v28_dual_lane_readiness_checklist.py | elapsed_s=0.13
2026-05-07 13:00:42 -04:00 | probe_ok | probe_v28_dual_lane_snapshot_ledger.py | elapsed_s=0.13
2026-05-07 13:00:42 -04:00 | cycle_done | cycle=39
2026-05-07 13:01:42 -04:00 | cycle_start | cycle=40
2026-05-07 13:01:42 -04:00 | probe_ok | probe_v28_dual_lane_sidecar_safety_watch.py | elapsed_s=0.32
2026-05-07 13:01:43 -04:00 | probe_ok | probe_v28_dual_lane_live_market_update.py | elapsed_s=0.13
2026-05-07 13:01:43 -04:00 | probe_ok | probe_v28_dual_lane_readiness_checklist.py | elapsed_s=0.11
2026-05-07 13:01:43 -04:00 | probe_ok | probe_v28_dual_lane_snapshot_ledger.py | elapsed_s=0.12
2026-05-07 13:01:43 -04:00 | cycle_done | cycle=40
2026-05-07 13:02:43 -04:00 | cycle_start | cycle=41
2026-05-07 13:02:43 -04:00 | probe_ok | probe_v28_dual_lane_sidecar_safety_watch.py | elapsed_s=0.32
2026-05-07 13:02:43 -04:00 | probe_ok | probe_v28_dual_lane_live_market_update.py | elapsed_s=0.12
2026-05-07 13:02:43 -04:00 | probe_ok | probe_v28_dual_lane_readiness_checklist.py | elapsed_s=0.11
2026-05-07 13:02:43 -04:00 | probe_ok | probe_v28_dual_lane_snapshot_ledger.py | elapsed_s=0.14
2026-05-07 13:02:43 -04:00 | cycle_done | cycle=41
2026-05-07 13:03:44 -04:00 | cycle_start | cycle=42
2026-05-07 13:03:44 -04:00 | probe_ok | probe_v28_dual_lane_sidecar_safety_watch.py | elapsed_s=0.23
2026-05-07 13:03:44 -04:00 | probe_ok | probe_v28_dual_lane_live_market_update.py | elapsed_s=0.09
2026-05-07 13:03:44 -04:00 | probe_ok | probe_v28_dual_lane_readiness_checklist.py | elapsed_s=0.08
2026-05-07 13:03:44 -04:00 | probe_ok | probe_v28_dual_lane_snapshot_ledger.py | elapsed_s=0.11
2026-05-07 13:03:44 -04:00 | cycle_done | cycle=42
2026-05-07 13:04:44 -04:00 | cycle_start | cycle=43
2026-05-07 13:04:45 -04:00 | probe_ok | probe_v28_dual_lane_sidecar_safety_watch.py | elapsed_s=0.48
2026-05-07 13:04:45 -04:00 | probe_ok | probe_v28_dual_lane_live_market_update.py | elapsed_s=0.18
2026-05-07 13:04:45 -04:00 | probe_ok | probe_v28_dual_lane_readiness_checklist.py | elapsed_s=0.16
2026-05-07 13:04:45 -04:00 | probe_ok | probe_v28_dual_lane_snapshot_ledger.py | elapsed_s=0.16
2026-05-07 13:04:45 -04:00 | cycle_done | cycle=43
2026-05-07 13:05:45 -04:00 | cycle_start | cycle=44
2026-05-07 13:05:46 -04:00 | probe_ok | probe_v28_dual_lane_sidecar_safety_watch.py | elapsed_s=0.48
2026-05-07 13:05:46 -04:00 | probe_ok | probe_v28_dual_lane_live_market_update.py | elapsed_s=0.16
2026-05-07 13:05:46 -04:00 | probe_ok | probe_v28_dual_lane_readiness_checklist.py | elapsed_s=0.15
2026-05-07 13:05:46 -04:00 | probe_ok | probe_v28_dual_lane_snapshot_ledger.py | elapsed_s=0.13
2026-05-07 13:05:46 -04:00 | cycle_done | cycle=44
2026-05-07 13:06:46 -04:00 | cycle_start | cycle=45
2026-05-07 13:06:46 -04:00 | probe_ok | probe_v28_dual_lane_sidecar_safety_watch.py | elapsed_s=0.45
2026-05-07 13:06:47 -04:00 | probe_ok | probe_v28_dual_lane_live_market_update.py | elapsed_s=0.17
2026-05-07 13:06:47 -04:00 | probe_ok | probe_v28_dual_lane_readiness_checklist.py | elapsed_s=0.16
2026-05-07 13:06:47 -04:00 | probe_ok | probe_v28_dual_lane_snapshot_ledger.py | elapsed_s=0.18
2026-05-07 13:06:47 -04:00 | cycle_done | cycle=45
2026-05-07 13:07:47 -04:00 | cycle_start | cycle=46
2026-05-07 13:07:47 -04:00 | probe_ok | probe_v28_dual_lane_sidecar_safety_watch.py | elapsed_s=0.43
2026-05-07 13:07:48 -04:00 | probe_ok | probe_v28_dual_lane_live_market_update.py | elapsed_s=0.18
2026-05-07 13:07:48 -04:00 | probe_ok | probe_v28_dual_lane_readiness_checklist.py | elapsed_s=0.13
2026-05-07 13:07:48 -04:00 | probe_ok | probe_v28_dual_lane_snapshot_ledger.py | elapsed_s=0.16
2026-05-07 13:07:48 -04:00 | cycle_done | cycle=46
2026-05-07 13:08:48 -04:00 | cycle_start | cycle=47
2026-05-07 13:08:48 -04:00 | probe_ok | probe_v28_dual_lane_sidecar_safety_watch.py | elapsed_s=0.41
2026-05-07 13:08:48 -04:00 | probe_ok | probe_v28_dual_lane_live_market_update.py | elapsed_s=0.16
2026-05-07 13:08:49 -04:00 | probe_ok | probe_v28_dual_lane_readiness_checklist.py | elapsed_s=0.14
2026-05-07 13:08:49 -04:00 | probe_ok | probe_v28_dual_lane_snapshot_ledger.py | elapsed_s=0.14
2026-05-07 13:08:49 -04:00 | cycle_done | cycle=47
2026-05-07 13:09:49 -04:00 | cycle_start | cycle=48
2026-05-07 13:09:49 -04:00 | probe_ok | probe_v28_dual_lane_sidecar_safety_watch.py | elapsed_s=0.46
2026-05-07 13:09:49 -04:00 | probe_ok | probe_v28_dual_lane_live_market_update.py | elapsed_s=0.15
2026-05-07 13:09:50 -04:00 | probe_ok | probe_v28_dual_lane_readiness_checklist.py | elapsed_s=0.13
2026-05-07 13:09:50 -04:00 | probe_ok | probe_v28_dual_lane_snapshot_ledger.py | elapsed_s=0.17
2026-05-07 13:09:50 -04:00 | cycle_done | cycle=48
2026-05-07 13:10:50 -04:00 | cycle_start | cycle=49
2026-05-07 13:10:50 -04:00 | probe_ok | probe_v28_dual_lane_sidecar_safety_watch.py | elapsed_s=0.45
2026-05-07 13:10:50 -04:00 | probe_ok | probe_v28_dual_lane_live_market_update.py | elapsed_s=0.14
2026-05-07 13:10:50 -04:00 | probe_ok | probe_v28_dual_lane_readiness_checklist.py | elapsed_s=0.13
2026-05-07 13:10:51 -04:00 | probe_ok | probe_v28_dual_lane_snapshot_ledger.py | elapsed_s=0.16
2026-05-07 13:10:51 -04:00 | cycle_done | cycle=49
2026-05-07 13:11:51 -04:00 | cycle_start | cycle=50
2026-05-07 13:11:51 -04:00 | probe_ok | probe_v28_dual_lane_sidecar_safety_watch.py | elapsed_s=0.43
2026-05-07 13:11:51 -04:00 | probe_ok | probe_v28_dual_lane_live_market_update.py | elapsed_s=0.19
2026-05-07 13:11:51 -04:00 | probe_ok | probe_v28_dual_lane_readiness_checklist.py | elapsed_s=0.15
2026-05-07 13:11:52 -04:00 | probe_ok | probe_v28_dual_lane_snapshot_ledger.py | elapsed_s=0.15
2026-05-07 13:11:52 -04:00 | cycle_done | cycle=50
2026-05-07 13:12:52 -04:00 | cycle_start | cycle=51
2026-05-07 13:12:52 -04:00 | probe_ok | probe_v28_dual_lane_sidecar_safety_watch.py | elapsed_s=0.48
2026-05-07 13:12:52 -04:00 | probe_ok | probe_v28_dual_lane_live_market_update.py | elapsed_s=0.15
2026-05-07 13:12:52 -04:00 | probe_ok | probe_v28_dual_lane_readiness_checklist.py | elapsed_s=0.14
2026-05-07 13:12:52 -04:00 | probe_ok | probe_v28_dual_lane_snapshot_ledger.py | elapsed_s=0.15
2026-05-07 13:12:53 -04:00 | cycle_done | cycle=51
2026-05-07 13:13:53 -04:00 | cycle_start | cycle=52
2026-05-07 13:13:53 -04:00 | probe_ok | probe_v28_dual_lane_sidecar_safety_watch.py | elapsed_s=0.68
2026-05-07 13:13:53 -04:00 | probe_ok | probe_v28_dual_lane_live_market_update.py | elapsed_s=0.24
2026-05-07 13:13:54 -04:00 | probe_ok | probe_v28_dual_lane_readiness_checklist.py | elapsed_s=0.21
2026-05-07 13:13:54 -04:00 | probe_ok | probe_v28_dual_lane_snapshot_ledger.py | elapsed_s=0.25
2026-05-07 13:13:54 -04:00 | cycle_done | cycle=52
2026-05-07 13:14:54 -04:00 | cycle_start | cycle=53
2026-05-07 13:14:54 -04:00 | probe_ok | probe_v28_dual_lane_sidecar_safety_watch.py | elapsed_s=0.45
2026-05-07 13:14:55 -04:00 | probe_ok | probe_v28_dual_lane_live_market_update.py | elapsed_s=0.19
2026-05-07 13:14:55 -04:00 | probe_ok | probe_v28_dual_lane_readiness_checklist.py | elapsed_s=0.14
2026-05-07 13:14:55 -04:00 | probe_ok | probe_v28_dual_lane_snapshot_ledger.py | elapsed_s=0.17
2026-05-07 13:14:55 -04:00 | cycle_done | cycle=53
2026-05-07 13:15:55 -04:00 | cycle_start | cycle=54
2026-05-07 13:15:55 -04:00 | probe_ok | probe_v28_dual_lane_sidecar_safety_watch.py | elapsed_s=0.47
2026-05-07 13:15:56 -04:00 | probe_ok | probe_v28_dual_lane_live_market_update.py | elapsed_s=0.17
2026-05-07 13:15:56 -04:00 | probe_ok | probe_v28_dual_lane_readiness_checklist.py | elapsed_s=0.15
2026-05-07 13:15:56 -04:00 | probe_ok | probe_v28_dual_lane_snapshot_ledger.py | elapsed_s=0.18
2026-05-07 13:15:56 -04:00 | cycle_done | cycle=54
2026-05-07 13:16:56 -04:00 | cycle_start | cycle=55
2026-05-07 13:16:56 -04:00 | probe_ok | probe_v28_dual_lane_sidecar_safety_watch.py | elapsed_s=0.47
2026-05-07 13:16:57 -04:00 | probe_ok | probe_v28_dual_lane_live_market_update.py | elapsed_s=0.15
2026-05-07 13:16:57 -04:00 | probe_ok | probe_v28_dual_lane_readiness_checklist.py | elapsed_s=0.14
2026-05-07 13:16:57 -04:00 | probe_ok | probe_v28_dual_lane_snapshot_ledger.py | elapsed_s=0.18
2026-05-07 13:16:57 -04:00 | cycle_done | cycle=55
2026-05-07 13:17:57 -04:00 | cycle_start | cycle=56
2026-05-07 13:17:57 -04:00 | probe_ok | probe_v28_dual_lane_sidecar_safety_watch.py | elapsed_s=0.43
2026-05-07 13:17:57 -04:00 | probe_ok | probe_v28_dual_lane_live_market_update.py | elapsed_s=0.17
2026-05-07 13:17:58 -04:00 | probe_ok | probe_v28_dual_lane_readiness_checklist.py | elapsed_s=0.14
2026-05-07 13:17:58 -04:00 | probe_ok | probe_v28_dual_lane_snapshot_ledger.py | elapsed_s=0.17
2026-05-07 13:17:58 -04:00 | cycle_done | cycle=56
2026-05-07 13:18:58 -04:00 | cycle_start | cycle=57
2026-05-07 13:18:58 -04:00 | probe_ok | probe_v28_dual_lane_sidecar_safety_watch.py | elapsed_s=0.43
2026-05-07 13:18:58 -04:00 | probe_ok | probe_v28_dual_lane_live_market_update.py | elapsed_s=0.13
2026-05-07 13:18:59 -04:00 | probe_ok | probe_v28_dual_lane_readiness_checklist.py | elapsed_s=0.13
2026-05-07 13:18:59 -04:00 | probe_ok | probe_v28_dual_lane_snapshot_ledger.py | elapsed_s=0.17
2026-05-07 13:18:59 -04:00 | cycle_done | cycle=57
2026-05-07 13:19:59 -04:00 | cycle_start | cycle=58
2026-05-07 13:19:59 -04:00 | probe_ok | probe_v28_dual_lane_sidecar_safety_watch.py | elapsed_s=0.47
2026-05-07 13:19:59 -04:00 | probe_ok | probe_v28_dual_lane_live_market_update.py | elapsed_s=0.2
2026-05-07 13:20:00 -04:00 | probe_ok | probe_v28_dual_lane_readiness_checklist.py | elapsed_s=0.16
2026-05-07 13:20:00 -04:00 | probe_ok | probe_v28_dual_lane_snapshot_ledger.py | elapsed_s=0.14
2026-05-07 13:20:00 -04:00 | cycle_done | cycle=58
2026-05-07 13:21:00 -04:00 | cycle_start | cycle=59
2026-05-07 13:21:00 -04:00 | probe_ok | probe_v28_dual_lane_sidecar_safety_watch.py | elapsed_s=0.54
2026-05-07 13:21:00 -04:00 | probe_ok | probe_v28_dual_lane_live_market_update.py | elapsed_s=0.16
2026-05-07 13:21:01 -04:00 | probe_ok | probe_v28_dual_lane_readiness_checklist.py | elapsed_s=0.14
2026-05-07 13:21:01 -04:00 | probe_ok | probe_v28_dual_lane_snapshot_ledger.py | elapsed_s=0.15
2026-05-07 13:21:01 -04:00 | cycle_done | cycle=59
2026-05-07 13:22:01 -04:00 | cycle_start | cycle=60
2026-05-07 13:22:01 -04:00 | probe_ok | probe_v28_dual_lane_sidecar_safety_watch.py | elapsed_s=0.44
2026-05-07 13:22:01 -04:00 | probe_ok | probe_v28_dual_lane_live_market_update.py | elapsed_s=0.16
2026-05-07 13:22:01 -04:00 | probe_ok | probe_v28_dual_lane_readiness_checklist.py | elapsed_s=0.14
2026-05-07 13:22:02 -04:00 | probe_ok | probe_v28_dual_lane_snapshot_ledger.py | elapsed_s=0.15
2026-05-07 13:22:02 -04:00 | cycle_done | cycle=60
2026-05-07 13:23:02 -04:00 | cycle_start | cycle=61
2026-05-07 13:23:02 -04:00 | probe_ok | probe_v28_dual_lane_sidecar_safety_watch.py | elapsed_s=0.5
2026-05-07 13:23:02 -04:00 | probe_ok | probe_v28_dual_lane_live_market_update.py | elapsed_s=0.18
2026-05-07 13:23:03 -04:00 | probe_ok | probe_v28_dual_lane_readiness_checklist.py | elapsed_s=0.15
2026-05-07 13:23:03 -04:00 | probe_ok | probe_v28_dual_lane_snapshot_ledger.py | elapsed_s=0.15
2026-05-07 13:23:03 -04:00 | cycle_done | cycle=61
2026-05-07 13:24:03 -04:00 | cycle_start | cycle=62
2026-05-07 13:24:03 -04:00 | probe_ok | probe_v28_dual_lane_sidecar_safety_watch.py | elapsed_s=0.47
2026-05-07 13:24:03 -04:00 | probe_ok | probe_v28_dual_lane_live_market_update.py | elapsed_s=0.18
2026-05-07 13:24:03 -04:00 | probe_ok | probe_v28_dual_lane_readiness_checklist.py | elapsed_s=0.15
2026-05-07 13:24:04 -04:00 | probe_ok | probe_v28_dual_lane_snapshot_ledger.py | elapsed_s=0.15
2026-05-07 13:24:04 -04:00 | cycle_done | cycle=62
2026-05-07 13:25:04 -04:00 | cycle_start | cycle=63
2026-05-07 13:25:04 -04:00 | probe_ok | probe_v28_dual_lane_sidecar_safety_watch.py | elapsed_s=0.58
2026-05-07 13:25:05 -04:00 | probe_ok | probe_v28_dual_lane_live_market_update.py | elapsed_s=0.52
2026-05-07 13:25:05 -04:00 | probe_ok | probe_v28_dual_lane_readiness_checklist.py | elapsed_s=0.17
2026-05-07 13:25:05 -04:00 | probe_ok | probe_v28_dual_lane_snapshot_ledger.py | elapsed_s=0.19
2026-05-07 13:25:05 -04:00 | cycle_done | cycle=63
2026-05-07 13:26:05 -04:00 | cycle_start | cycle=64
2026-05-07 13:26:06 -04:00 | probe_ok | probe_v28_dual_lane_sidecar_safety_watch.py | elapsed_s=0.55
2026-05-07 13:26:06 -04:00 | probe_ok | probe_v28_dual_lane_live_market_update.py | elapsed_s=0.17
2026-05-07 13:26:06 -04:00 | probe_ok | probe_v28_dual_lane_readiness_checklist.py | elapsed_s=0.14
2026-05-07 13:26:06 -04:00 | probe_ok | probe_v28_dual_lane_snapshot_ledger.py | elapsed_s=0.14
2026-05-07 13:26:06 -04:00 | cycle_done | cycle=64
2026-05-07 13:27:06 -04:00 | cycle_start | cycle=65
2026-05-07 13:27:07 -04:00 | probe_ok | probe_v28_dual_lane_sidecar_safety_watch.py | elapsed_s=0.43
2026-05-07 13:27:07 -04:00 | probe_ok | probe_v28_dual_lane_live_market_update.py | elapsed_s=0.15
2026-05-07 13:27:07 -04:00 | probe_ok | probe_v28_dual_lane_readiness_checklist.py | elapsed_s=0.17
2026-05-07 13:27:07 -04:00 | probe_ok | probe_v28_dual_lane_snapshot_ledger.py | elapsed_s=0.16
2026-05-07 13:27:07 -04:00 | cycle_done | cycle=65
2026-05-07 13:28:07 -04:00 | cycle_start | cycle=66
2026-05-07 13:28:07 -04:00 | probe_ok | probe_v28_dual_lane_sidecar_safety_watch.py | elapsed_s=0.41
2026-05-07 13:28:08 -04:00 | probe_ok | probe_v28_dual_lane_live_market_update.py | elapsed_s=0.15
2026-05-07 13:28:08 -04:00 | probe_ok | probe_v28_dual_lane_readiness_checklist.py | elapsed_s=0.15
2026-05-07 13:28:08 -04:00 | probe_ok | probe_v28_dual_lane_snapshot_ledger.py | elapsed_s=0.16
2026-05-07 13:28:08 -04:00 | cycle_done | cycle=66
2026-05-07 13:29:08 -04:00 | cycle_start | cycle=67
2026-05-07 13:29:09 -04:00 | probe_ok | probe_v28_dual_lane_sidecar_safety_watch.py | elapsed_s=0.71
2026-05-07 13:29:09 -04:00 | probe_ok | probe_v28_dual_lane_live_market_update.py | elapsed_s=0.24
2026-05-07 13:29:09 -04:00 | probe_ok | probe_v28_dual_lane_readiness_checklist.py | elapsed_s=0.21
2026-05-07 13:29:09 -04:00 | probe_ok | probe_v28_dual_lane_snapshot_ledger.py | elapsed_s=0.23
2026-05-07 13:29:09 -04:00 | cycle_done | cycle=67
2026-05-07 13:30:09 -04:00 | cycle_start | cycle=68
2026-05-07 13:30:10 -04:00 | probe_ok | probe_v28_dual_lane_sidecar_safety_watch.py | elapsed_s=0.55
2026-05-07 13:30:10 -04:00 | probe_ok | probe_v28_dual_lane_live_market_update.py | elapsed_s=0.17
2026-05-07 13:30:10 -04:00 | probe_ok | probe_v28_dual_lane_readiness_checklist.py | elapsed_s=0.18
2026-05-07 13:30:10 -04:00 | probe_ok | probe_v28_dual_lane_snapshot_ledger.py | elapsed_s=0.2
2026-05-07 13:30:10 -04:00 | cycle_done | cycle=68
2026-05-07 13:31:10 -04:00 | cycle_start | cycle=69
2026-05-07 13:31:11 -04:00 | probe_ok | probe_v28_dual_lane_sidecar_safety_watch.py | elapsed_s=0.52
2026-05-07 13:31:11 -04:00 | probe_ok | probe_v28_dual_lane_live_market_update.py | elapsed_s=0.19
2026-05-07 13:31:11 -04:00 | probe_ok | probe_v28_dual_lane_readiness_checklist.py | elapsed_s=0.17
2026-05-07 13:31:12 -04:00 | probe_ok | probe_v28_dual_lane_snapshot_ledger.py | elapsed_s=0.19
2026-05-07 13:31:12 -04:00 | cycle_done | cycle=69
2026-05-07 13:32:12 -04:00 | cycle_start | cycle=70
2026-05-07 13:32:12 -04:00 | probe_ok | probe_v28_dual_lane_sidecar_safety_watch.py | elapsed_s=0.66
2026-05-07 13:32:12 -04:00 | probe_ok | probe_v28_dual_lane_live_market_update.py | elapsed_s=0.24
2026-05-07 13:32:13 -04:00 | probe_ok | probe_v28_dual_lane_readiness_checklist.py | elapsed_s=0.2
2026-05-07 13:32:13 -04:00 | probe_ok | probe_v28_dual_lane_snapshot_ledger.py | elapsed_s=0.22
2026-05-07 13:32:13 -04:00 | cycle_done | cycle=70
2026-05-07 13:33:13 -04:00 | cycle_start | cycle=71
2026-05-07 13:33:14 -04:00 | probe_ok | probe_v28_dual_lane_sidecar_safety_watch.py | elapsed_s=0.56
2026-05-07 13:33:14 -04:00 | probe_ok | probe_v28_dual_lane_live_market_update.py | elapsed_s=0.2
2026-05-07 13:33:14 -04:00 | probe_ok | probe_v28_dual_lane_readiness_checklist.py | elapsed_s=0.2
2026-05-07 13:33:14 -04:00 | probe_ok | probe_v28_dual_lane_snapshot_ledger.py | elapsed_s=0.24
2026-05-07 13:33:14 -04:00 | cycle_done | cycle=71
2026-05-07 13:34:14 -04:00 | cycle_start | cycle=72
2026-05-07 13:34:15 -04:00 | probe_ok | probe_v28_dual_lane_sidecar_safety_watch.py | elapsed_s=0.56
2026-05-07 13:34:15 -04:00 | probe_ok | probe_v28_dual_lane_live_market_update.py | elapsed_s=0.2
2026-05-07 13:34:15 -04:00 | probe_ok | probe_v28_dual_lane_readiness_checklist.py | elapsed_s=0.18
2026-05-07 13:34:15 -04:00 | probe_ok | probe_v28_dual_lane_snapshot_ledger.py | elapsed_s=0.17
2026-05-07 13:34:15 -04:00 | cycle_done | cycle=72
2026-05-07 13:35:15 -04:00 | cycle_start | cycle=73
2026-05-07 13:35:16 -04:00 | probe_ok | probe_v28_dual_lane_sidecar_safety_watch.py | elapsed_s=0.6
2026-05-07 13:35:16 -04:00 | probe_ok | probe_v28_dual_lane_live_market_update.py | elapsed_s=0.24
2026-05-07 13:35:16 -04:00 | probe_ok | probe_v28_dual_lane_readiness_checklist.py | elapsed_s=0.17
2026-05-07 13:35:16 -04:00 | probe_ok | probe_v28_dual_lane_snapshot_ledger.py | elapsed_s=0.19
2026-05-07 13:35:16 -04:00 | cycle_done | cycle=73
2026-05-07 13:36:17 -04:00 | cycle_start | cycle=74
2026-05-07 13:36:17 -04:00 | probe_ok | probe_v28_dual_lane_sidecar_safety_watch.py | elapsed_s=0.56
2026-05-07 13:36:17 -04:00 | probe_ok | probe_v28_dual_lane_live_market_update.py | elapsed_s=0.17
2026-05-07 13:36:17 -04:00 | probe_ok | probe_v28_dual_lane_readiness_checklist.py | elapsed_s=0.18
2026-05-07 13:36:18 -04:00 | probe_ok | probe_v28_dual_lane_snapshot_ledger.py | elapsed_s=0.21
2026-05-07 13:36:18 -04:00 | cycle_done | cycle=74
2026-05-07 13:37:18 -04:00 | cycle_start | cycle=75
2026-05-07 13:37:18 -04:00 | probe_ok | probe_v28_dual_lane_sidecar_safety_watch.py | elapsed_s=0.55
2026-05-07 13:37:18 -04:00 | probe_ok | probe_v28_dual_lane_live_market_update.py | elapsed_s=0.2
2026-05-07 13:37:19 -04:00 | probe_ok | probe_v28_dual_lane_readiness_checklist.py | elapsed_s=0.2
2026-05-07 13:37:19 -04:00 | probe_ok | probe_v28_dual_lane_snapshot_ledger.py | elapsed_s=0.22
2026-05-07 13:37:19 -04:00 | cycle_done | cycle=75
2026-05-07 13:38:19 -04:00 | cycle_start | cycle=76
2026-05-07 13:38:19 -04:00 | probe_ok | probe_v28_dual_lane_sidecar_safety_watch.py | elapsed_s=0.46
2026-05-07 13:38:19 -04:00 | probe_ok | probe_v28_dual_lane_live_market_update.py | elapsed_s=0.19
2026-05-07 13:38:20 -04:00 | probe_ok | probe_v28_dual_lane_readiness_checklist.py | elapsed_s=0.16
2026-05-07 13:38:20 -04:00 | probe_ok | probe_v28_dual_lane_snapshot_ledger.py | elapsed_s=0.16
2026-05-07 13:38:20 -04:00 | cycle_done | cycle=76
2026-05-07 13:39:20 -04:00 | cycle_start | cycle=77
2026-05-07 13:39:20 -04:00 | probe_ok | probe_v28_dual_lane_sidecar_safety_watch.py | elapsed_s=0.47
2026-05-07 13:39:21 -04:00 | probe_ok | probe_v28_dual_lane_live_market_update.py | elapsed_s=0.2
2026-05-07 13:39:21 -04:00 | probe_ok | probe_v28_dual_lane_readiness_checklist.py | elapsed_s=0.13
2026-05-07 13:39:21 -04:00 | probe_ok | probe_v28_dual_lane_snapshot_ledger.py | elapsed_s=0.16
2026-05-07 13:39:21 -04:00 | cycle_done | cycle=77
2026-05-07 13:40:21 -04:00 | cycle_start | cycle=78
2026-05-07 13:40:21 -04:00 | probe_ok | probe_v28_dual_lane_sidecar_safety_watch.py | elapsed_s=0.41
2026-05-07 13:40:21 -04:00 | probe_ok | probe_v28_dual_lane_live_market_update.py | elapsed_s=0.15
2026-05-07 13:40:21 -04:00 | probe_ok | probe_v28_dual_lane_readiness_checklist.py | elapsed_s=0.12
2026-05-07 13:40:22 -04:00 | probe_ok | probe_v28_dual_lane_snapshot_ledger.py | elapsed_s=0.17
2026-05-07 13:40:22 -04:00 | cycle_done | cycle=78
2026-05-07 13:41:22 -04:00 | cycle_start | cycle=79
2026-05-07 13:41:22 -04:00 | probe_ok | probe_v28_dual_lane_sidecar_safety_watch.py | elapsed_s=0.46
2026-05-07 13:41:22 -04:00 | probe_ok | probe_v28_dual_lane_live_market_update.py | elapsed_s=0.16
2026-05-07 13:41:22 -04:00 | probe_ok | probe_v28_dual_lane_readiness_checklist.py | elapsed_s=0.15
2026-05-07 13:41:23 -04:00 | probe_ok | probe_v28_dual_lane_snapshot_ledger.py | elapsed_s=0.15
2026-05-07 13:41:23 -04:00 | cycle_done | cycle=79
2026-05-07 13:42:23 -04:00 | cycle_start | cycle=80
2026-05-07 13:42:23 -04:00 | probe_ok | probe_v28_dual_lane_sidecar_safety_watch.py | elapsed_s=0.41
2026-05-07 13:42:23 -04:00 | probe_ok | probe_v28_dual_lane_live_market_update.py | elapsed_s=0.16
2026-05-07 13:42:23 -04:00 | probe_ok | probe_v28_dual_lane_readiness_checklist.py | elapsed_s=0.13
2026-05-07 13:42:23 -04:00 | probe_ok | probe_v28_dual_lane_snapshot_ledger.py | elapsed_s=0.14
2026-05-07 13:42:23 -04:00 | cycle_done | cycle=80
2026-05-07 13:43:23 -04:00 | cycle_start | cycle=81
2026-05-07 13:43:24 -04:00 | probe_ok | probe_v28_dual_lane_sidecar_safety_watch.py | elapsed_s=0.22
2026-05-07 13:43:24 -04:00 | probe_ok | probe_v28_dual_lane_live_market_update.py | elapsed_s=0.09
2026-05-07 13:43:24 -04:00 | probe_ok | probe_v28_dual_lane_readiness_checklist.py | elapsed_s=0.08
2026-05-07 13:43:24 -04:00 | probe_ok | probe_v28_dual_lane_snapshot_ledger.py | elapsed_s=0.09
2026-05-07 13:43:24 -04:00 | cycle_done | cycle=81
2026-05-07 13:44:24 -04:00 | cycle_start | cycle=82
2026-05-07 13:44:24 -04:00 | probe_ok | probe_v28_dual_lane_sidecar_safety_watch.py | elapsed_s=0.25
2026-05-07 13:44:24 -04:00 | probe_ok | probe_v28_dual_lane_live_market_update.py | elapsed_s=0.09
2026-05-07 13:44:24 -04:00 | probe_ok | probe_v28_dual_lane_readiness_checklist.py | elapsed_s=0.08
2026-05-07 13:44:25 -04:00 | probe_ok | probe_v28_dual_lane_snapshot_ledger.py | elapsed_s=0.12
2026-05-07 13:44:25 -04:00 | cycle_done | cycle=82
2026-05-07 13:45:25 -04:00 | cycle_start | cycle=83
2026-05-07 13:45:25 -04:00 | probe_ok | probe_v28_dual_lane_sidecar_safety_watch.py | elapsed_s=0.4
2026-05-07 13:45:25 -04:00 | probe_ok | probe_v28_dual_lane_live_market_update.py | elapsed_s=0.15
2026-05-07 13:45:25 -04:00 | probe_ok | probe_v28_dual_lane_readiness_checklist.py | elapsed_s=0.13
2026-05-07 13:45:25 -04:00 | probe_ok | probe_v28_dual_lane_snapshot_ledger.py | elapsed_s=0.16
2026-05-07 13:45:25 -04:00 | cycle_done | cycle=83
2026-05-07 13:46:25 -04:00 | cycle_start | cycle=84
2026-05-07 13:46:26 -04:00 | probe_ok | probe_v28_dual_lane_sidecar_safety_watch.py | elapsed_s=0.33
2026-05-07 13:46:26 -04:00 | probe_ok | probe_v28_dual_lane_live_market_update.py | elapsed_s=0.11
2026-05-07 13:46:26 -04:00 | probe_ok | probe_v28_dual_lane_readiness_checklist.py | elapsed_s=0.11
2026-05-07 13:46:26 -04:00 | probe_ok | probe_v28_dual_lane_snapshot_ledger.py | elapsed_s=0.12
2026-05-07 13:46:26 -04:00 | cycle_done | cycle=84
2026-05-07 13:47:26 -04:00 | cycle_start | cycle=85
2026-05-07 13:47:26 -04:00 | probe_ok | probe_v28_dual_lane_sidecar_safety_watch.py | elapsed_s=0.32
2026-05-07 13:47:27 -04:00 | probe_ok | probe_v28_dual_lane_live_market_update.py | elapsed_s=0.12
2026-05-07 13:47:27 -04:00 | probe_ok | probe_v28_dual_lane_readiness_checklist.py | elapsed_s=0.1
2026-05-07 13:47:27 -04:00 | probe_ok | probe_v28_dual_lane_snapshot_ledger.py | elapsed_s=0.12
2026-05-07 13:47:27 -04:00 | cycle_done | cycle=85
2026-05-07 13:48:27 -04:00 | cycle_start | cycle=86
2026-05-07 13:48:27 -04:00 | probe_ok | probe_v28_dual_lane_sidecar_safety_watch.py | elapsed_s=0.3
2026-05-07 13:48:27 -04:00 | probe_ok | probe_v28_dual_lane_live_market_update.py | elapsed_s=0.1
2026-05-07 13:48:27 -04:00 | probe_ok | probe_v28_dual_lane_readiness_checklist.py | elapsed_s=0.1
2026-05-07 13:48:27 -04:00 | probe_ok | probe_v28_dual_lane_snapshot_ledger.py | elapsed_s=0.1
2026-05-07 13:48:27 -04:00 | cycle_done | cycle=86
2026-05-07 13:49:27 -04:00 | cycle_start | cycle=87
2026-05-07 13:49:28 -04:00 | probe_ok | probe_v28_dual_lane_sidecar_safety_watch.py | elapsed_s=0.31
2026-05-07 13:49:28 -04:00 | probe_ok | probe_v28_dual_lane_live_market_update.py | elapsed_s=0.11
2026-05-07 13:49:28 -04:00 | probe_ok | probe_v28_dual_lane_readiness_checklist.py | elapsed_s=0.1
2026-05-07 13:49:28 -04:00 | probe_ok | probe_v28_dual_lane_snapshot_ledger.py | elapsed_s=0.11
2026-05-07 13:49:28 -04:00 | cycle_done | cycle=87
2026-05-07 13:50:28 -04:00 | cycle_start | cycle=88
2026-05-07 13:50:28 -04:00 | probe_ok | probe_v28_dual_lane_sidecar_safety_watch.py | elapsed_s=0.29
2026-05-07 13:50:28 -04:00 | probe_ok | probe_v28_dual_lane_live_market_update.py | elapsed_s=0.11
2026-05-07 13:50:29 -04:00 | probe_ok | probe_v28_dual_lane_readiness_checklist.py | elapsed_s=0.1
2026-05-07 13:50:29 -04:00 | probe_ok | probe_v28_dual_lane_snapshot_ledger.py | elapsed_s=0.11
2026-05-07 13:50:29 -04:00 | cycle_done | cycle=88
2026-05-07 13:51:29 -04:00 | cycle_start | cycle=89
2026-05-07 13:51:29 -04:00 | probe_ok | probe_v28_dual_lane_sidecar_safety_watch.py | elapsed_s=0.21
2026-05-07 13:51:29 -04:00 | probe_ok | probe_v28_dual_lane_live_market_update.py | elapsed_s=0.1
2026-05-07 13:51:29 -04:00 | probe_ok | probe_v28_dual_lane_readiness_checklist.py | elapsed_s=0.09
2026-05-07 13:51:29 -04:00 | probe_ok | probe_v28_dual_lane_snapshot_ledger.py | elapsed_s=0.1
2026-05-07 13:51:29 -04:00 | cycle_done | cycle=89
2026-05-07 13:52:29 -04:00 | cycle_start | cycle=90
2026-05-07 13:52:30 -04:00 | probe_ok | probe_v28_dual_lane_sidecar_safety_watch.py | elapsed_s=0.33
2026-05-07 13:52:30 -04:00 | probe_ok | probe_v28_dual_lane_live_market_update.py | elapsed_s=0.13
2026-05-07 13:52:30 -04:00 | probe_ok | probe_v28_dual_lane_readiness_checklist.py | elapsed_s=0.1
2026-05-07 13:52:30 -04:00 | probe_ok | probe_v28_dual_lane_snapshot_ledger.py | elapsed_s=0.11
2026-05-07 13:52:30 -04:00 | cycle_done | cycle=90
2026-05-07 13:53:30 -04:00 | cycle_start | cycle=91
2026-05-07 13:53:30 -04:00 | probe_ok | probe_v28_dual_lane_sidecar_safety_watch.py | elapsed_s=0.3
2026-05-07 13:53:30 -04:00 | probe_ok | probe_v28_dual_lane_live_market_update.py | elapsed_s=0.14
2026-05-07 13:53:30 -04:00 | probe_ok | probe_v28_dual_lane_readiness_checklist.py | elapsed_s=0.1
2026-05-07 13:53:31 -04:00 | probe_ok | probe_v28_dual_lane_snapshot_ledger.py | elapsed_s=0.1
2026-05-07 13:53:31 -04:00 | cycle_done | cycle=91
2026-05-07 13:54:31 -04:00 | cycle_start | cycle=92
2026-05-07 13:54:31 -04:00 | probe_ok | probe_v28_dual_lane_sidecar_safety_watch.py | elapsed_s=0.34
2026-05-07 13:54:31 -04:00 | probe_ok | probe_v28_dual_lane_live_market_update.py | elapsed_s=0.14
2026-05-07 13:54:31 -04:00 | probe_ok | probe_v28_dual_lane_readiness_checklist.py | elapsed_s=0.11
2026-05-07 13:54:31 -04:00 | probe_ok | probe_v28_dual_lane_snapshot_ledger.py | elapsed_s=0.12
2026-05-07 13:54:31 -04:00 | cycle_done | cycle=92
2026-05-07 13:55:32 -04:00 | cycle_start | cycle=93
2026-05-07 13:55:32 -04:00 | probe_ok | probe_v28_dual_lane_sidecar_safety_watch.py | elapsed_s=0.27
2026-05-07 13:55:32 -04:00 | probe_ok | probe_v28_dual_lane_live_market_update.py | elapsed_s=0.1
2026-05-07 13:55:32 -04:00 | probe_ok | probe_v28_dual_lane_readiness_checklist.py | elapsed_s=0.1
2026-05-07 13:55:32 -04:00 | probe_ok | probe_v28_dual_lane_snapshot_ledger.py | elapsed_s=0.1
2026-05-07 13:55:32 -04:00 | cycle_done | cycle=93
2026-05-07 13:56:32 -04:00 | cycle_start | cycle=94
2026-05-07 13:56:32 -04:00 | probe_ok | probe_v28_dual_lane_sidecar_safety_watch.py | elapsed_s=0.26
2026-05-07 13:56:32 -04:00 | probe_ok | probe_v28_dual_lane_live_market_update.py | elapsed_s=0.1
2026-05-07 13:56:33 -04:00 | probe_ok | probe_v28_dual_lane_readiness_checklist.py | elapsed_s=0.1
2026-05-07 13:56:33 -04:00 | probe_ok | probe_v28_dual_lane_snapshot_ledger.py | elapsed_s=0.11
2026-05-07 13:56:33 -04:00 | cycle_done | cycle=94
2026-05-07 13:57:33 -04:00 | cycle_start | cycle=95
2026-05-07 13:57:33 -04:00 | probe_ok | probe_v28_dual_lane_sidecar_safety_watch.py | elapsed_s=0.34
2026-05-07 13:57:33 -04:00 | probe_ok | probe_v28_dual_lane_live_market_update.py | elapsed_s=0.11
2026-05-07 13:57:33 -04:00 | probe_ok | probe_v28_dual_lane_readiness_checklist.py | elapsed_s=0.09
2026-05-07 13:57:33 -04:00 | probe_ok | probe_v28_dual_lane_snapshot_ledger.py | elapsed_s=0.11
2026-05-07 13:57:33 -04:00 | cycle_done | cycle=95
2026-05-07 13:58:33 -04:00 | cycle_start | cycle=96
2026-05-07 13:58:34 -04:00 | probe_ok | probe_v28_dual_lane_sidecar_safety_watch.py | elapsed_s=0.23
2026-05-07 13:58:34 -04:00 | probe_ok | probe_v28_dual_lane_live_market_update.py | elapsed_s=0.09
2026-05-07 13:58:34 -04:00 | probe_ok | probe_v28_dual_lane_readiness_checklist.py | elapsed_s=0.08
2026-05-07 13:58:34 -04:00 | probe_ok | probe_v28_dual_lane_snapshot_ledger.py | elapsed_s=0.09
2026-05-07 13:58:34 -04:00 | cycle_done | cycle=96
2026-05-07 13:59:34 -04:00 | cycle_start | cycle=97
2026-05-07 13:59:34 -04:00 | probe_ok | probe_v28_dual_lane_sidecar_safety_watch.py | elapsed_s=0.27
2026-05-07 13:59:34 -04:00 | probe_ok | probe_v28_dual_lane_live_market_update.py | elapsed_s=0.11
2026-05-07 13:59:34 -04:00 | probe_ok | probe_v28_dual_lane_readiness_checklist.py | elapsed_s=0.09
2026-05-07 13:59:34 -04:00 | probe_ok | probe_v28_dual_lane_snapshot_ledger.py | elapsed_s=0.11
2026-05-07 13:59:34 -04:00 | cycle_done | cycle=97
2026-05-07 14:00:34 -04:00 | cycle_start | cycle=98
2026-05-07 14:00:35 -04:00 | probe_ok | probe_v28_dual_lane_sidecar_safety_watch.py | elapsed_s=0.33
2026-05-07 14:00:35 -04:00 | probe_ok | probe_v28_dual_lane_live_market_update.py | elapsed_s=0.1
2026-05-07 14:00:35 -04:00 | probe_ok | probe_v28_dual_lane_readiness_checklist.py | elapsed_s=0.09
2026-05-07 14:00:35 -04:00 | probe_ok | probe_v28_dual_lane_snapshot_ledger.py | elapsed_s=0.11
2026-05-07 14:00:35 -04:00 | cycle_done | cycle=98
2026-05-07 14:01:35 -04:00 | cycle_start | cycle=99
2026-05-07 14:01:35 -04:00 | probe_ok | probe_v28_dual_lane_sidecar_safety_watch.py | elapsed_s=0.32
2026-05-07 14:01:36 -04:00 | probe_ok | probe_v28_dual_lane_live_market_update.py | elapsed_s=0.11
2026-05-07 14:01:36 -04:00 | probe_ok | probe_v28_dual_lane_readiness_checklist.py | elapsed_s=0.1
2026-05-07 14:01:36 -04:00 | probe_ok | probe_v28_dual_lane_snapshot_ledger.py | elapsed_s=0.13
2026-05-07 14:01:36 -04:00 | cycle_done | cycle=99
2026-05-07 14:02:36 -04:00 | cycle_start | cycle=100
2026-05-07 14:02:36 -04:00 | probe_ok | probe_v28_dual_lane_sidecar_safety_watch.py | elapsed_s=0.28
2026-05-07 14:02:36 -04:00 | probe_ok | probe_v28_dual_lane_live_market_update.py | elapsed_s=0.12
2026-05-07 14:02:36 -04:00 | probe_ok | probe_v28_dual_lane_readiness_checklist.py | elapsed_s=0.1
2026-05-07 14:02:36 -04:00 | probe_ok | probe_v28_dual_lane_snapshot_ledger.py | elapsed_s=0.11
2026-05-07 14:02:36 -04:00 | cycle_done | cycle=100
2026-05-07 14:03:36 -04:00 | cycle_start | cycle=101
2026-05-07 14:03:37 -04:00 | probe_ok | probe_v28_dual_lane_sidecar_safety_watch.py | elapsed_s=0.24
2026-05-07 14:03:37 -04:00 | probe_ok | probe_v28_dual_lane_live_market_update.py | elapsed_s=0.09
2026-05-07 14:03:37 -04:00 | probe_ok | probe_v28_dual_lane_readiness_checklist.py | elapsed_s=0.08
2026-05-07 14:03:37 -04:00 | probe_ok | probe_v28_dual_lane_snapshot_ledger.py | elapsed_s=0.09
2026-05-07 14:03:37 -04:00 | cycle_done | cycle=101
2026-05-07 14:04:37 -04:00 | cycle_start | cycle=102
2026-05-07 14:04:37 -04:00 | probe_ok | probe_v28_dual_lane_sidecar_safety_watch.py | elapsed_s=0.24
2026-05-07 14:04:37 -04:00 | probe_ok | probe_v28_dual_lane_live_market_update.py | elapsed_s=0.09
2026-05-07 14:04:37 -04:00 | probe_ok | probe_v28_dual_lane_readiness_checklist.py | elapsed_s=0.08
2026-05-07 14:04:37 -04:00 | probe_ok | probe_v28_dual_lane_snapshot_ledger.py | elapsed_s=0.09
2026-05-07 14:04:37 -04:00 | cycle_done | cycle=102
2026-05-07 14:05:37 -04:00 | cycle_start | cycle=103
2026-05-07 14:05:38 -04:00 | probe_ok | probe_v28_dual_lane_sidecar_safety_watch.py | elapsed_s=0.34
2026-05-07 14:05:38 -04:00 | probe_ok | probe_v28_dual_lane_live_market_update.py | elapsed_s=0.12
2026-05-07 14:05:38 -04:00 | probe_ok | probe_v28_dual_lane_readiness_checklist.py | elapsed_s=0.1
2026-05-07 14:05:38 -04:00 | probe_ok | probe_v28_dual_lane_snapshot_ledger.py | elapsed_s=0.11
2026-05-07 14:05:38 -04:00 | cycle_done | cycle=103
2026-05-07 14:06:38 -04:00 | cycle_start | cycle=104
2026-05-07 14:06:38 -04:00 | probe_ok | probe_v28_dual_lane_sidecar_safety_watch.py | elapsed_s=0.33
2026-05-07 14:06:39 -04:00 | probe_ok | probe_v28_dual_lane_live_market_update.py | elapsed_s=0.11
2026-05-07 14:06:39 -04:00 | probe_ok | probe_v28_dual_lane_readiness_checklist.py | elapsed_s=0.1
2026-05-07 14:06:39 -04:00 | probe_ok | probe_v28_dual_lane_snapshot_ledger.py | elapsed_s=0.11
2026-05-07 14:06:39 -04:00 | cycle_done | cycle=104
2026-05-07 14:07:39 -04:00 | cycle_start | cycle=105
2026-05-07 14:07:39 -04:00 | probe_ok | probe_v28_dual_lane_sidecar_safety_watch.py | elapsed_s=0.28
2026-05-07 14:07:39 -04:00 | probe_ok | probe_v28_dual_lane_live_market_update.py | elapsed_s=0.09
2026-05-07 14:07:39 -04:00 | probe_ok | probe_v28_dual_lane_readiness_checklist.py | elapsed_s=0.09
2026-05-07 14:07:39 -04:00 | probe_ok | probe_v28_dual_lane_snapshot_ledger.py | elapsed_s=0.1
2026-05-07 14:07:39 -04:00 | cycle_done | cycle=105
2026-05-07 14:08:39 -04:00 | cycle_start | cycle=106
2026-05-07 14:08:40 -04:00 | probe_ok | probe_v28_dual_lane_sidecar_safety_watch.py | elapsed_s=0.29
2026-05-07 14:08:40 -04:00 | probe_ok | probe_v28_dual_lane_live_market_update.py | elapsed_s=0.1
2026-05-07 14:08:40 -04:00 | probe_ok | probe_v28_dual_lane_readiness_checklist.py | elapsed_s=0.08
2026-05-07 14:08:40 -04:00 | probe_ok | probe_v28_dual_lane_snapshot_ledger.py | elapsed_s=0.09
2026-05-07 14:08:40 -04:00 | cycle_done | cycle=106
2026-05-07 14:09:40 -04:00 | cycle_start | cycle=107
2026-05-07 14:09:40 -04:00 | probe_ok | probe_v28_dual_lane_sidecar_safety_watch.py | elapsed_s=0.29
2026-05-07 14:09:40 -04:00 | probe_ok | probe_v28_dual_lane_live_market_update.py | elapsed_s=0.1
2026-05-07 14:09:40 -04:00 | probe_ok | probe_v28_dual_lane_readiness_checklist.py | elapsed_s=0.09
2026-05-07 14:09:41 -04:00 | probe_ok | probe_v28_dual_lane_snapshot_ledger.py | elapsed_s=0.1
2026-05-07 14:09:41 -04:00 | cycle_done | cycle=107
2026-05-07 14:10:41 -04:00 | cycle_start | cycle=108
2026-05-07 14:10:41 -04:00 | probe_ok | probe_v28_dual_lane_sidecar_safety_watch.py | elapsed_s=0.29
2026-05-07 14:10:41 -04:00 | probe_ok | probe_v28_dual_lane_live_market_update.py | elapsed_s=0.11
2026-05-07 14:10:41 -04:00 | probe_ok | probe_v28_dual_lane_readiness_checklist.py | elapsed_s=0.09
2026-05-07 14:10:41 -04:00 | probe_ok | probe_v28_dual_lane_snapshot_ledger.py | elapsed_s=0.1
2026-05-07 14:10:41 -04:00 | cycle_done | cycle=108
2026-05-07 14:11:41 -04:00 | cycle_start | cycle=109
2026-05-07 14:11:42 -04:00 | probe_ok | probe_v28_dual_lane_sidecar_safety_watch.py | elapsed_s=0.33
2026-05-07 14:11:42 -04:00 | probe_ok | probe_v28_dual_lane_live_market_update.py | elapsed_s=0.12
2026-05-07 14:11:42 -04:00 | probe_ok | probe_v28_dual_lane_readiness_checklist.py | elapsed_s=0.12
2026-05-07 14:11:42 -04:00 | probe_ok | probe_v28_dual_lane_snapshot_ledger.py | elapsed_s=0.13
2026-05-07 14:11:42 -04:00 | cycle_done | cycle=109
2026-05-07 14:12:42 -04:00 | cycle_start | cycle=110
2026-05-07 14:12:42 -04:00 | probe_ok | probe_v28_dual_lane_sidecar_safety_watch.py | elapsed_s=0.35
2026-05-07 14:12:42 -04:00 | probe_ok | probe_v28_dual_lane_live_market_update.py | elapsed_s=0.12
2026-05-07 14:12:43 -04:00 | probe_ok | probe_v28_dual_lane_readiness_checklist.py | elapsed_s=0.1
2026-05-07 14:12:43 -04:00 | probe_ok | probe_v28_dual_lane_snapshot_ledger.py | elapsed_s=0.11
2026-05-07 14:12:43 -04:00 | cycle_done | cycle=110
2026-05-07 14:13:43 -04:00 | cycle_start | cycle=111
2026-05-07 14:13:43 -04:00 | probe_ok | probe_v28_dual_lane_sidecar_safety_watch.py | elapsed_s=0.41
2026-05-07 14:13:43 -04:00 | probe_ok | probe_v28_dual_lane_live_market_update.py | elapsed_s=0.14
2026-05-07 14:13:43 -04:00 | probe_ok | probe_v28_dual_lane_readiness_checklist.py | elapsed_s=0.13
2026-05-07 14:13:43 -04:00 | probe_ok | probe_v28_dual_lane_snapshot_ledger.py | elapsed_s=0.14
2026-05-07 14:13:43 -04:00 | cycle_done | cycle=111
2026-05-07 14:14:43 -04:00 | cycle_start | cycle=112
2026-05-07 14:14:44 -04:00 | probe_ok | probe_v28_dual_lane_sidecar_safety_watch.py | elapsed_s=0.37
2026-05-07 14:14:44 -04:00 | probe_ok | probe_v28_dual_lane_live_market_update.py | elapsed_s=0.13
2026-05-07 14:14:44 -04:00 | probe_ok | probe_v28_dual_lane_readiness_checklist.py | elapsed_s=0.12
2026-05-07 14:14:44 -04:00 | probe_ok | probe_v28_dual_lane_snapshot_ledger.py | elapsed_s=0.14
2026-05-07 14:14:44 -04:00 | cycle_done | cycle=112
2026-05-07 14:15:44 -04:00 | cycle_start | cycle=113
2026-05-07 14:15:45 -04:00 | probe_ok | probe_v28_dual_lane_sidecar_safety_watch.py | elapsed_s=0.52
2026-05-07 14:15:45 -04:00 | probe_ok | probe_v28_dual_lane_live_market_update.py | elapsed_s=0.15
2026-05-07 14:15:45 -04:00 | probe_ok | probe_v28_dual_lane_readiness_checklist.py | elapsed_s=0.15
2026-05-07 14:15:45 -04:00 | probe_ok | probe_v28_dual_lane_snapshot_ledger.py | elapsed_s=0.15
2026-05-07 14:15:45 -04:00 | cycle_done | cycle=113
2026-05-07 14:16:45 -04:00 | cycle_start | cycle=114
2026-05-07 14:16:46 -04:00 | probe_ok | probe_v28_dual_lane_sidecar_safety_watch.py | elapsed_s=0.48
2026-05-07 14:16:46 -04:00 | probe_ok | probe_v28_dual_lane_live_market_update.py | elapsed_s=0.18
2026-05-07 14:16:46 -04:00 | probe_ok | probe_v28_dual_lane_readiness_checklist.py | elapsed_s=0.13
2026-05-07 14:16:46 -04:00 | probe_ok | probe_v28_dual_lane_snapshot_ledger.py | elapsed_s=0.17
2026-05-07 14:16:46 -04:00 | cycle_done | cycle=114
2026-05-07 14:17:46 -04:00 | cycle_start | cycle=115
2026-05-07 14:17:47 -04:00 | probe_ok | probe_v28_dual_lane_sidecar_safety_watch.py | elapsed_s=0.71
2026-05-07 14:17:47 -04:00 | probe_ok | probe_v28_dual_lane_live_market_update.py | elapsed_s=0.24
2026-05-07 14:17:47 -04:00 | probe_ok | probe_v28_dual_lane_readiness_checklist.py | elapsed_s=0.26
2026-05-07 14:17:48 -04:00 | probe_ok | probe_v28_dual_lane_snapshot_ledger.py | elapsed_s=0.22
2026-05-07 14:17:48 -04:00 | cycle_done | cycle=115
2026-05-07 14:18:48 -04:00 | cycle_start | cycle=116
2026-05-07 14:18:49 -04:00 | probe_ok | probe_v28_dual_lane_sidecar_safety_watch.py | elapsed_s=0.96
2026-05-07 14:18:49 -04:00 | probe_ok | probe_v28_dual_lane_live_market_update.py | elapsed_s=0.35
2026-05-07 14:18:49 -04:00 | probe_ok | probe_v28_dual_lane_readiness_checklist.py | elapsed_s=0.31
2026-05-07 14:18:50 -04:00 | probe_ok | probe_v28_dual_lane_snapshot_ledger.py | elapsed_s=0.34
2026-05-07 14:18:50 -04:00 | cycle_done | cycle=116
2026-05-07 14:19:50 -04:00 | cycle_start | cycle=117
2026-05-07 14:19:50 -04:00 | probe_ok | probe_v28_dual_lane_sidecar_safety_watch.py | elapsed_s=0.74
2026-05-07 14:19:51 -04:00 | probe_ok | probe_v28_dual_lane_live_market_update.py | elapsed_s=0.21
2026-05-07 14:19:51 -04:00 | probe_ok | probe_v28_dual_lane_readiness_checklist.py | elapsed_s=0.23
2026-05-07 14:19:51 -04:00 | probe_ok | probe_v28_dual_lane_snapshot_ledger.py | elapsed_s=0.33
2026-05-07 14:19:51 -04:00 | cycle_done | cycle=117
2026-05-07 14:20:51 -04:00 | cycle_start | cycle=118
2026-05-07 14:20:52 -04:00 | probe_ok | probe_v28_dual_lane_sidecar_safety_watch.py | elapsed_s=0.79
2026-05-07 14:20:52 -04:00 | probe_ok | probe_v28_dual_lane_live_market_update.py | elapsed_s=0.28
2026-05-07 14:20:53 -04:00 | probe_ok | probe_v28_dual_lane_readiness_checklist.py | elapsed_s=0.2
2026-05-07 14:20:53 -04:00 | probe_ok | probe_v28_dual_lane_snapshot_ledger.py | elapsed_s=0.29
2026-05-07 14:20:53 -04:00 | cycle_done | cycle=118
2026-05-07 14:21:53 -04:00 | cycle_start | cycle=119
2026-05-07 14:21:53 -04:00 | probe_ok | probe_v28_dual_lane_sidecar_safety_watch.py | elapsed_s=0.58
2026-05-07 14:21:54 -04:00 | probe_ok | probe_v28_dual_lane_live_market_update.py | elapsed_s=0.25
2026-05-07 14:21:54 -04:00 | probe_ok | probe_v28_dual_lane_readiness_checklist.py | elapsed_s=0.18
2026-05-07 14:21:54 -04:00 | probe_ok | probe_v28_dual_lane_snapshot_ledger.py | elapsed_s=0.22
2026-05-07 14:21:54 -04:00 | cycle_done | cycle=119
2026-05-07 14:22:54 -04:00 | cycle_start | cycle=120
2026-05-07 14:22:55 -04:00 | probe_ok | probe_v28_dual_lane_sidecar_safety_watch.py | elapsed_s=0.46
2026-05-07 14:22:55 -04:00 | probe_ok | probe_v28_dual_lane_live_market_update.py | elapsed_s=0.17
2026-05-07 14:22:55 -04:00 | probe_ok | probe_v28_dual_lane_readiness_checklist.py | elapsed_s=0.14
2026-05-07 14:22:55 -04:00 | probe_ok | probe_v28_dual_lane_snapshot_ledger.py | elapsed_s=0.16
2026-05-07 14:22:55 -04:00 | cycle_done | cycle=120
2026-05-07 14:23:55 -04:00 | cycle_start | cycle=121
2026-05-07 14:23:55 -04:00 | probe_ok | probe_v28_dual_lane_sidecar_safety_watch.py | elapsed_s=0.42
2026-05-07 14:23:56 -04:00 | probe_ok | probe_v28_dual_lane_live_market_update.py | elapsed_s=0.18
2026-05-07 14:23:56 -04:00 | probe_ok | probe_v28_dual_lane_readiness_checklist.py | elapsed_s=0.13
2026-05-07 14:23:56 -04:00 | probe_ok | probe_v28_dual_lane_snapshot_ledger.py | elapsed_s=0.16
2026-05-07 14:23:56 -04:00 | cycle_done | cycle=121
2026-05-07 14:24:56 -04:00 | cycle_start | cycle=122
2026-05-07 14:24:57 -04:00 | probe_ok | probe_v28_dual_lane_sidecar_safety_watch.py | elapsed_s=0.58
2026-05-07 14:24:57 -04:00 | probe_ok | probe_v28_dual_lane_live_market_update.py | elapsed_s=0.22
2026-05-07 14:24:57 -04:00 | probe_ok | probe_v28_dual_lane_readiness_checklist.py | elapsed_s=0.17
2026-05-07 14:24:57 -04:00 | probe_ok | probe_v28_dual_lane_snapshot_ledger.py | elapsed_s=0.21
2026-05-07 14:24:57 -04:00 | cycle_done | cycle=122
2026-05-07 14:25:57 -04:00 | cycle_start | cycle=123
2026-05-07 14:25:58 -04:00 | probe_ok | probe_v28_dual_lane_sidecar_safety_watch.py | elapsed_s=0.35
2026-05-07 14:25:58 -04:00 | probe_ok | probe_v28_dual_lane_live_market_update.py | elapsed_s=0.15
2026-05-07 14:25:58 -04:00 | probe_ok | probe_v28_dual_lane_readiness_checklist.py | elapsed_s=0.12
2026-05-07 14:25:58 -04:00 | probe_ok | probe_v28_dual_lane_snapshot_ledger.py | elapsed_s=0.13
2026-05-07 14:25:58 -04:00 | cycle_done | cycle=123
2026-05-07 14:26:58 -04:00 | cycle_start | cycle=124
2026-05-07 14:26:58 -04:00 | probe_ok | probe_v28_dual_lane_sidecar_safety_watch.py | elapsed_s=0.52
2026-05-07 14:26:59 -04:00 | probe_ok | probe_v28_dual_lane_live_market_update.py | elapsed_s=0.22
2026-05-07 14:26:59 -04:00 | probe_ok | probe_v28_dual_lane_readiness_checklist.py | elapsed_s=0.16
2026-05-07 14:26:59 -04:00 | probe_ok | probe_v28_dual_lane_snapshot_ledger.py | elapsed_s=0.16
2026-05-07 14:26:59 -04:00 | cycle_done | cycle=124
2026-05-07 14:27:59 -04:00 | cycle_start | cycle=125
2026-05-07 14:28:00 -04:00 | probe_ok | probe_v28_dual_lane_sidecar_safety_watch.py | elapsed_s=0.45
2026-05-07 14:28:00 -04:00 | probe_ok | probe_v28_dual_lane_live_market_update.py | elapsed_s=0.19
2026-05-07 14:28:00 -04:00 | probe_ok | probe_v28_dual_lane_readiness_checklist.py | elapsed_s=0.15
2026-05-07 14:28:00 -04:00 | probe_ok | probe_v28_dual_lane_snapshot_ledger.py | elapsed_s=0.16
2026-05-07 14:28:00 -04:00 | cycle_done | cycle=125
2026-05-07 14:29:00 -04:00 | cycle_start | cycle=126
2026-05-07 14:29:00 -04:00 | probe_ok | probe_v28_dual_lane_sidecar_safety_watch.py | elapsed_s=0.45
2026-05-07 14:29:01 -04:00 | probe_ok | probe_v28_dual_lane_live_market_update.py | elapsed_s=0.18
2026-05-07 14:29:01 -04:00 | probe_ok | probe_v28_dual_lane_readiness_checklist.py | elapsed_s=0.14
2026-05-07 14:29:01 -04:00 | probe_ok | probe_v28_dual_lane_snapshot_ledger.py | elapsed_s=0.16
2026-05-07 14:29:01 -04:00 | cycle_done | cycle=126
2026-05-07 14:30:01 -04:00 | cycle_start | cycle=127
2026-05-07 14:30:01 -04:00 | probe_ok | probe_v28_dual_lane_sidecar_safety_watch.py | elapsed_s=0.27
2026-05-07 14:30:01 -04:00 | probe_ok | probe_v28_dual_lane_live_market_update.py | elapsed_s=0.12
2026-05-07 14:30:02 -04:00 | probe_ok | probe_v28_dual_lane_readiness_checklist.py | elapsed_s=0.1
2026-05-07 14:30:02 -04:00 | probe_ok | probe_v28_dual_lane_snapshot_ledger.py | elapsed_s=0.11
2026-05-07 14:30:02 -04:00 | cycle_done | cycle=127
2026-05-07 14:31:02 -04:00 | cycle_start | cycle=128
2026-05-07 14:31:02 -04:00 | probe_ok | probe_v28_dual_lane_sidecar_safety_watch.py | elapsed_s=0.33
2026-05-07 14:31:02 -04:00 | probe_ok | probe_v28_dual_lane_live_market_update.py | elapsed_s=0.13
2026-05-07 14:31:02 -04:00 | probe_ok | probe_v28_dual_lane_readiness_checklist.py | elapsed_s=0.11
2026-05-07 14:31:02 -04:00 | probe_ok | probe_v28_dual_lane_snapshot_ledger.py | elapsed_s=0.12
2026-05-07 14:31:02 -04:00 | cycle_done | cycle=128
2026-05-07 14:32:02 -04:00 | cycle_start | cycle=129
2026-05-07 14:32:03 -04:00 | probe_ok | probe_v28_dual_lane_sidecar_safety_watch.py | elapsed_s=0.22
2026-05-07 14:32:03 -04:00 | probe_ok | probe_v28_dual_lane_live_market_update.py | elapsed_s=0.1
2026-05-07 14:32:03 -04:00 | probe_ok | probe_v28_dual_lane_readiness_checklist.py | elapsed_s=0.08
2026-05-07 14:32:03 -04:00 | probe_ok | probe_v28_dual_lane_snapshot_ledger.py | elapsed_s=0.09
2026-05-07 14:32:03 -04:00 | cycle_done | cycle=129
2026-05-07 14:33:03 -04:00 | cycle_start | cycle=130
2026-05-07 14:33:03 -04:00 | probe_ok | probe_v28_dual_lane_sidecar_safety_watch.py | elapsed_s=0.4
2026-05-07 14:33:03 -04:00 | probe_ok | probe_v28_dual_lane_live_market_update.py | elapsed_s=0.17
2026-05-07 14:33:04 -04:00 | probe_ok | probe_v28_dual_lane_readiness_checklist.py | elapsed_s=0.14
2026-05-07 14:33:04 -04:00 | probe_ok | probe_v28_dual_lane_snapshot_ledger.py | elapsed_s=0.15
2026-05-07 14:33:04 -04:00 | cycle_done | cycle=130
2026-05-07 14:34:04 -04:00 | cycle_start | cycle=131
2026-05-07 14:34:04 -04:00 | probe_ok | probe_v28_dual_lane_sidecar_safety_watch.py | elapsed_s=0.41
2026-05-07 14:34:04 -04:00 | probe_ok | probe_v28_dual_lane_live_market_update.py | elapsed_s=0.17
2026-05-07 14:34:04 -04:00 | probe_ok | probe_v28_dual_lane_readiness_checklist.py | elapsed_s=0.14
2026-05-07 14:34:05 -04:00 | probe_ok | probe_v28_dual_lane_snapshot_ledger.py | elapsed_s=0.15
2026-05-07 14:34:05 -04:00 | cycle_done | cycle=131
2026-05-07 14:35:05 -04:00 | cycle_start | cycle=132
2026-05-07 14:35:05 -04:00 | probe_ok | probe_v28_dual_lane_sidecar_safety_watch.py | elapsed_s=0.42
2026-05-07 14:35:05 -04:00 | probe_ok | probe_v28_dual_lane_live_market_update.py | elapsed_s=0.15
2026-05-07 14:35:05 -04:00 | probe_ok | probe_v28_dual_lane_readiness_checklist.py | elapsed_s=0.14
2026-05-07 14:35:05 -04:00 | probe_ok | probe_v28_dual_lane_snapshot_ledger.py | elapsed_s=0.15
2026-05-07 14:35:05 -04:00 | cycle_done | cycle=132
2026-05-07 14:36:06 -04:00 | cycle_start | cycle=133
2026-05-07 14:36:06 -04:00 | probe_ok | probe_v28_dual_lane_sidecar_safety_watch.py | elapsed_s=0.42
2026-05-07 14:36:06 -04:00 | probe_ok | probe_v28_dual_lane_live_market_update.py | elapsed_s=0.16
2026-05-07 14:36:06 -04:00 | probe_ok | probe_v28_dual_lane_readiness_checklist.py | elapsed_s=0.12
2026-05-07 14:36:06 -04:00 | probe_ok | probe_v28_dual_lane_snapshot_ledger.py | elapsed_s=0.15
2026-05-07 14:36:06 -04:00 | cycle_done | cycle=133
2026-05-07 14:37:06 -04:00 | cycle_start | cycle=134
2026-05-07 14:37:07 -04:00 | probe_ok | probe_v28_dual_lane_sidecar_safety_watch.py | elapsed_s=0.41
2026-05-07 14:37:07 -04:00 | probe_ok | probe_v28_dual_lane_live_market_update.py | elapsed_s=0.15
2026-05-07 14:37:07 -04:00 | probe_ok | probe_v28_dual_lane_readiness_checklist.py | elapsed_s=0.14
2026-05-07 14:37:07 -04:00 | probe_ok | probe_v28_dual_lane_snapshot_ledger.py | elapsed_s=0.15
2026-05-07 14:37:07 -04:00 | cycle_done | cycle=134
2026-05-07 14:38:07 -04:00 | cycle_start | cycle=135
2026-05-07 14:38:08 -04:00 | probe_ok | probe_v28_dual_lane_sidecar_safety_watch.py | elapsed_s=0.42
2026-05-07 14:38:08 -04:00 | probe_ok | probe_v28_dual_lane_live_market_update.py | elapsed_s=0.16
2026-05-07 14:38:08 -04:00 | probe_ok | probe_v28_dual_lane_readiness_checklist.py | elapsed_s=0.13
2026-05-07 14:38:08 -04:00 | probe_ok | probe_v28_dual_lane_snapshot_ledger.py | elapsed_s=0.15
2026-05-07 14:38:08 -04:00 | cycle_done | cycle=135
2026-05-07 14:39:08 -04:00 | cycle_start | cycle=136
2026-05-07 14:39:09 -04:00 | probe_ok | probe_v28_dual_lane_sidecar_safety_watch.py | elapsed_s=0.48
2026-05-07 14:39:09 -04:00 | probe_ok | probe_v28_dual_lane_live_market_update.py | elapsed_s=0.2
2026-05-07 14:39:09 -04:00 | probe_ok | probe_v28_dual_lane_readiness_checklist.py | elapsed_s=0.15
2026-05-07 14:39:09 -04:00 | probe_ok | probe_v28_dual_lane_snapshot_ledger.py | elapsed_s=0.13
2026-05-07 14:39:09 -04:00 | cycle_done | cycle=136
2026-05-07 14:40:09 -04:00 | cycle_start | cycle=137
2026-05-07 14:40:10 -04:00 | probe_ok | probe_v28_dual_lane_sidecar_safety_watch.py | elapsed_s=0.44
2026-05-07 14:40:10 -04:00 | probe_ok | probe_v28_dual_lane_live_market_update.py | elapsed_s=0.16
2026-05-07 14:40:10 -04:00 | probe_ok | probe_v28_dual_lane_readiness_checklist.py | elapsed_s=0.14
2026-05-07 14:40:10 -04:00 | probe_ok | probe_v28_dual_lane_snapshot_ledger.py | elapsed_s=0.12
2026-05-07 14:40:10 -04:00 | cycle_done | cycle=137
2026-05-07 14:41:10 -04:00 | cycle_start | cycle=138
2026-05-07 14:41:10 -04:00 | probe_ok | probe_v28_dual_lane_sidecar_safety_watch.py | elapsed_s=0.44
2026-05-07 14:41:11 -04:00 | probe_ok | probe_v28_dual_lane_live_market_update.py | elapsed_s=0.15
2026-05-07 14:41:11 -04:00 | probe_ok | probe_v28_dual_lane_readiness_checklist.py | elapsed_s=0.11
2026-05-07 14:41:11 -04:00 | probe_ok | probe_v28_dual_lane_snapshot_ledger.py | elapsed_s=0.17
2026-05-07 14:41:11 -04:00 | cycle_done | cycle=138
2026-05-07 14:42:11 -04:00 | cycle_start | cycle=139
2026-05-07 14:42:11 -04:00 | probe_ok | probe_v28_dual_lane_sidecar_safety_watch.py | elapsed_s=0.39
2026-05-07 14:42:11 -04:00 | probe_ok | probe_v28_dual_lane_live_market_update.py | elapsed_s=0.17
2026-05-07 14:42:12 -04:00 | probe_ok | probe_v28_dual_lane_readiness_checklist.py | elapsed_s=0.14
2026-05-07 14:42:12 -04:00 | probe_ok | probe_v28_dual_lane_snapshot_ledger.py | elapsed_s=0.14
2026-05-07 14:42:12 -04:00 | cycle_done | cycle=139
2026-05-07 14:43:12 -04:00 | cycle_start | cycle=140
2026-05-07 14:43:12 -04:00 | probe_ok | probe_v28_dual_lane_sidecar_safety_watch.py | elapsed_s=0.42
2026-05-07 14:43:12 -04:00 | probe_ok | probe_v28_dual_lane_live_market_update.py | elapsed_s=0.15
2026-05-07 14:43:12 -04:00 | probe_ok | probe_v28_dual_lane_readiness_checklist.py | elapsed_s=0.13
2026-05-07 14:43:13 -04:00 | probe_ok | probe_v28_dual_lane_snapshot_ledger.py | elapsed_s=0.14
2026-05-07 14:43:13 -04:00 | cycle_done | cycle=140
2026-05-07 14:44:13 -04:00 | cycle_start | cycle=141
2026-05-07 14:44:13 -04:00 | probe_ok | probe_v28_dual_lane_sidecar_safety_watch.py | elapsed_s=0.34
2026-05-07 14:44:13 -04:00 | probe_ok | probe_v28_dual_lane_live_market_update.py | elapsed_s=0.13
2026-05-07 14:44:13 -04:00 | probe_ok | probe_v28_dual_lane_readiness_checklist.py | elapsed_s=0.11
2026-05-07 14:44:13 -04:00 | probe_ok | probe_v28_dual_lane_snapshot_ledger.py | elapsed_s=0.14
2026-05-07 14:44:13 -04:00 | cycle_done | cycle=141
2026-05-07 14:45:13 -04:00 | cycle_start | cycle=142
2026-05-07 14:45:14 -04:00 | probe_ok | probe_v28_dual_lane_sidecar_safety_watch.py | elapsed_s=0.37
2026-05-07 14:45:14 -04:00 | probe_ok | probe_v28_dual_lane_live_market_update.py | elapsed_s=0.14
2026-05-07 14:45:14 -04:00 | probe_ok | probe_v28_dual_lane_readiness_checklist.py | elapsed_s=0.13
2026-05-07 14:45:14 -04:00 | probe_ok | probe_v28_dual_lane_snapshot_ledger.py | elapsed_s=0.16
2026-05-07 14:45:14 -04:00 | cycle_done | cycle=142
2026-05-07 14:46:14 -04:00 | cycle_start | cycle=143
2026-05-07 14:46:15 -04:00 | probe_ok | probe_v28_dual_lane_sidecar_safety_watch.py | elapsed_s=0.39
2026-05-07 14:46:15 -04:00 | probe_ok | probe_v28_dual_lane_live_market_update.py | elapsed_s=0.15
2026-05-07 14:46:15 -04:00 | probe_ok | probe_v28_dual_lane_readiness_checklist.py | elapsed_s=0.16
2026-05-07 14:46:15 -04:00 | probe_ok | probe_v28_dual_lane_snapshot_ledger.py | elapsed_s=0.16
2026-05-07 14:46:15 -04:00 | cycle_done | cycle=143
2026-05-07 14:47:15 -04:00 | cycle_start | cycle=144
2026-05-07 14:47:16 -04:00 | probe_ok | probe_v28_dual_lane_sidecar_safety_watch.py | elapsed_s=0.43
2026-05-07 14:47:16 -04:00 | probe_ok | probe_v28_dual_lane_live_market_update.py | elapsed_s=0.14
2026-05-07 14:47:16 -04:00 | probe_ok | probe_v28_dual_lane_readiness_checklist.py | elapsed_s=0.14
2026-05-07 14:47:16 -04:00 | probe_ok | probe_v28_dual_lane_snapshot_ledger.py | elapsed_s=0.15
2026-05-07 14:47:16 -04:00 | cycle_done | cycle=144
2026-05-07 14:48:16 -04:00 | cycle_start | cycle=145
2026-05-07 14:48:17 -04:00 | probe_ok | probe_v28_dual_lane_sidecar_safety_watch.py | elapsed_s=0.52
2026-05-07 14:48:17 -04:00 | probe_ok | probe_v28_dual_lane_live_market_update.py | elapsed_s=0.28
2026-05-07 14:48:17 -04:00 | probe_ok | probe_v28_dual_lane_readiness_checklist.py | elapsed_s=0.18
2026-05-07 14:48:18 -04:00 | probe_ok | probe_v28_dual_lane_snapshot_ledger.py | elapsed_s=0.57
2026-05-07 14:48:18 -04:00 | cycle_done | cycle=145
2026-05-07 14:49:18 -04:00 | cycle_start | cycle=146
2026-05-07 14:49:18 -04:00 | probe_ok | probe_v28_dual_lane_sidecar_safety_watch.py | elapsed_s=0.47
2026-05-07 14:49:18 -04:00 | probe_ok | probe_v28_dual_lane_live_market_update.py | elapsed_s=0.21
2026-05-07 14:49:18 -04:00 | probe_ok | probe_v28_dual_lane_readiness_checklist.py | elapsed_s=0.15
2026-05-07 14:49:19 -04:00 | probe_ok | probe_v28_dual_lane_snapshot_ledger.py | elapsed_s=0.2
2026-05-07 14:49:19 -04:00 | cycle_done | cycle=146
2026-05-07 14:50:19 -04:00 | cycle_start | cycle=147
2026-05-07 14:50:19 -04:00 | probe_ok | probe_v28_dual_lane_sidecar_safety_watch.py | elapsed_s=0.35
2026-05-07 14:50:19 -04:00 | probe_ok | probe_v28_dual_lane_live_market_update.py | elapsed_s=0.15
2026-05-07 14:50:19 -04:00 | probe_ok | probe_v28_dual_lane_readiness_checklist.py | elapsed_s=0.11
2026-05-07 14:50:19 -04:00 | probe_ok | probe_v28_dual_lane_snapshot_ledger.py | elapsed_s=0.12
2026-05-07 14:50:19 -04:00 | cycle_done | cycle=147
2026-05-07 14:51:19 -04:00 | cycle_start | cycle=148
2026-05-07 14:51:20 -04:00 | probe_ok | probe_v28_dual_lane_sidecar_safety_watch.py | elapsed_s=0.42
2026-05-07 14:51:20 -04:00 | probe_ok | probe_v28_dual_lane_live_market_update.py | elapsed_s=0.16
2026-05-07 14:51:20 -04:00 | probe_ok | probe_v28_dual_lane_readiness_checklist.py | elapsed_s=0.12
2026-05-07 14:51:20 -04:00 | probe_ok | probe_v28_dual_lane_snapshot_ledger.py | elapsed_s=0.14
2026-05-07 14:51:20 -04:00 | cycle_done | cycle=148
2026-05-07 14:52:20 -04:00 | cycle_start | cycle=149
2026-05-07 14:52:21 -04:00 | probe_ok | probe_v28_dual_lane_sidecar_safety_watch.py | elapsed_s=0.41
2026-05-07 14:52:21 -04:00 | probe_ok | probe_v28_dual_lane_live_market_update.py | elapsed_s=0.16
2026-05-07 14:52:21 -04:00 | probe_ok | probe_v28_dual_lane_readiness_checklist.py | elapsed_s=0.12
2026-05-07 14:52:21 -04:00 | probe_ok | probe_v28_dual_lane_snapshot_ledger.py | elapsed_s=0.15
2026-05-07 14:52:21 -04:00 | cycle_done | cycle=149
2026-05-07 14:53:21 -04:00 | cycle_start | cycle=150
2026-05-07 14:53:22 -04:00 | probe_ok | probe_v28_dual_lane_sidecar_safety_watch.py | elapsed_s=0.45
2026-05-07 14:53:22 -04:00 | probe_ok | probe_v28_dual_lane_live_market_update.py | elapsed_s=0.19
2026-05-07 14:53:22 -04:00 | probe_ok | probe_v28_dual_lane_readiness_checklist.py | elapsed_s=0.13
2026-05-07 14:53:22 -04:00 | probe_ok | probe_v28_dual_lane_snapshot_ledger.py | elapsed_s=0.16
2026-05-07 14:53:22 -04:00 | cycle_done | cycle=150
2026-05-07 14:54:22 -04:00 | cycle_start | cycle=151
2026-05-07 14:54:23 -04:00 | probe_ok | probe_v28_dual_lane_sidecar_safety_watch.py | elapsed_s=0.39
2026-05-07 14:54:23 -04:00 | probe_ok | probe_v28_dual_lane_live_market_update.py | elapsed_s=0.16
2026-05-07 14:54:23 -04:00 | probe_ok | probe_v28_dual_lane_readiness_checklist.py | elapsed_s=0.14
2026-05-07 14:54:23 -04:00 | probe_ok | probe_v28_dual_lane_snapshot_ledger.py | elapsed_s=0.15
2026-05-07 14:54:23 -04:00 | cycle_done | cycle=151
2026-05-07 14:55:23 -04:00 | cycle_start | cycle=152
2026-05-07 14:55:23 -04:00 | probe_ok | probe_v28_dual_lane_sidecar_safety_watch.py | elapsed_s=0.4
2026-05-07 14:55:24 -04:00 | probe_ok | probe_v28_dual_lane_live_market_update.py | elapsed_s=0.13
2026-05-07 14:55:24 -04:00 | probe_ok | probe_v28_dual_lane_readiness_checklist.py | elapsed_s=0.14
2026-05-07 14:55:24 -04:00 | probe_ok | probe_v28_dual_lane_snapshot_ledger.py | elapsed_s=0.15
2026-05-07 14:55:24 -04:00 | cycle_done | cycle=152
2026-05-07 14:56:24 -04:00 | cycle_start | cycle=153
2026-05-07 14:56:24 -04:00 | probe_ok | probe_v28_dual_lane_sidecar_safety_watch.py | elapsed_s=0.37
2026-05-07 14:56:24 -04:00 | probe_ok | probe_v28_dual_lane_live_market_update.py | elapsed_s=0.15
2026-05-07 14:56:24 -04:00 | probe_ok | probe_v28_dual_lane_readiness_checklist.py | elapsed_s=0.12
2026-05-07 14:56:25 -04:00 | probe_ok | probe_v28_dual_lane_snapshot_ledger.py | elapsed_s=0.14
2026-05-07 14:56:25 -04:00 | cycle_done | cycle=153
2026-05-07 14:57:25 -04:00 | cycle_start | cycle=154
2026-05-07 14:57:25 -04:00 | probe_ok | probe_v28_dual_lane_sidecar_safety_watch.py | elapsed_s=0.38
2026-05-07 14:57:25 -04:00 | probe_ok | probe_v28_dual_lane_live_market_update.py | elapsed_s=0.14
2026-05-07 14:57:25 -04:00 | probe_ok | probe_v28_dual_lane_readiness_checklist.py | elapsed_s=0.11
2026-05-07 14:57:25 -04:00 | probe_ok | probe_v28_dual_lane_snapshot_ledger.py | elapsed_s=0.16
2026-05-07 14:57:25 -04:00 | cycle_done | cycle=154
2026-05-07 14:58:25 -04:00 | cycle_start | cycle=155
2026-05-07 14:58:26 -04:00 | probe_ok | probe_v28_dual_lane_sidecar_safety_watch.py | elapsed_s=0.48
2026-05-07 14:58:26 -04:00 | probe_ok | probe_v28_dual_lane_live_market_update.py | elapsed_s=0.16
2026-05-07 14:58:26 -04:00 | probe_ok | probe_v28_dual_lane_readiness_checklist.py | elapsed_s=0.14
2026-05-07 14:58:26 -04:00 | probe_ok | probe_v28_dual_lane_snapshot_ledger.py | elapsed_s=0.14
2026-05-07 14:58:26 -04:00 | cycle_done | cycle=155
2026-05-07 14:59:26 -04:00 | cycle_start | cycle=156
2026-05-07 14:59:27 -04:00 | probe_ok | probe_v28_dual_lane_sidecar_safety_watch.py | elapsed_s=0.42
2026-05-07 14:59:27 -04:00 | probe_ok | probe_v28_dual_lane_live_market_update.py | elapsed_s=0.14
2026-05-07 14:59:27 -04:00 | probe_ok | probe_v28_dual_lane_readiness_checklist.py | elapsed_s=0.12
2026-05-07 14:59:27 -04:00 | probe_ok | probe_v28_dual_lane_snapshot_ledger.py | elapsed_s=0.14
2026-05-07 14:59:27 -04:00 | cycle_done | cycle=156
2026-05-07 15:00:27 -04:00 | cycle_start | cycle=157
2026-05-07 15:00:28 -04:00 | probe_ok | probe_v28_dual_lane_sidecar_safety_watch.py | elapsed_s=0.38
2026-05-07 15:00:28 -04:00 | probe_ok | probe_v28_dual_lane_live_market_update.py | elapsed_s=0.14
2026-05-07 15:00:28 -04:00 | probe_ok | probe_v28_dual_lane_readiness_checklist.py | elapsed_s=0.13
2026-05-07 15:00:28 -04:00 | probe_ok | probe_v28_dual_lane_snapshot_ledger.py | elapsed_s=0.14
2026-05-07 15:00:28 -04:00 | cycle_done | cycle=157
2026-05-07 15:01:28 -04:00 | cycle_start | cycle=158
2026-05-07 15:01:28 -04:00 | probe_ok | probe_v28_dual_lane_sidecar_safety_watch.py | elapsed_s=0.4
2026-05-07 15:01:29 -04:00 | probe_ok | probe_v28_dual_lane_live_market_update.py | elapsed_s=0.16
2026-05-07 15:01:29 -04:00 | probe_ok | probe_v28_dual_lane_readiness_checklist.py | elapsed_s=0.13
2026-05-07 15:01:29 -04:00 | probe_ok | probe_v28_dual_lane_snapshot_ledger.py | elapsed_s=0.18
2026-05-07 15:01:29 -04:00 | cycle_done | cycle=158
2026-05-07 15:02:29 -04:00 | cycle_start | cycle=159
2026-05-07 15:02:29 -04:00 | probe_ok | probe_v28_dual_lane_sidecar_safety_watch.py | elapsed_s=0.42
2026-05-07 15:02:30 -04:00 | probe_ok | probe_v28_dual_lane_live_market_update.py | elapsed_s=0.15
2026-05-07 15:02:30 -04:00 | probe_ok | probe_v28_dual_lane_readiness_checklist.py | elapsed_s=0.13
2026-05-07 15:02:30 -04:00 | probe_ok | probe_v28_dual_lane_snapshot_ledger.py | elapsed_s=0.17
2026-05-07 15:02:30 -04:00 | cycle_done | cycle=159
2026-05-07 15:03:30 -04:00 | cycle_start | cycle=160
2026-05-07 15:03:30 -04:00 | probe_ok | probe_v28_dual_lane_sidecar_safety_watch.py | elapsed_s=0.38
2026-05-07 15:03:30 -04:00 | probe_ok | probe_v28_dual_lane_live_market_update.py | elapsed_s=0.15
2026-05-07 15:03:31 -04:00 | probe_ok | probe_v28_dual_lane_readiness_checklist.py | elapsed_s=0.14
2026-05-07 15:03:31 -04:00 | probe_ok | probe_v28_dual_lane_snapshot_ledger.py | elapsed_s=0.15
2026-05-07 15:03:31 -04:00 | cycle_done | cycle=160
2026-05-07 15:04:31 -04:00 | cycle_start | cycle=161
2026-05-07 15:04:31 -04:00 | probe_ok | probe_v28_dual_lane_sidecar_safety_watch.py | elapsed_s=0.42
2026-05-07 15:04:31 -04:00 | probe_ok | probe_v28_dual_lane_live_market_update.py | elapsed_s=0.15
2026-05-07 15:04:31 -04:00 | probe_ok | probe_v28_dual_lane_readiness_checklist.py | elapsed_s=0.13
2026-05-07 15:04:32 -04:00 | probe_ok | probe_v28_dual_lane_snapshot_ledger.py | elapsed_s=0.13
2026-05-07 15:04:32 -04:00 | cycle_done | cycle=161
2026-05-07 15:05:32 -04:00 | cycle_start | cycle=162
2026-05-07 15:05:32 -04:00 | probe_ok | probe_v28_dual_lane_sidecar_safety_watch.py | elapsed_s=0.43
2026-05-07 15:05:32 -04:00 | probe_ok | probe_v28_dual_lane_live_market_update.py | elapsed_s=0.16
2026-05-07 15:05:32 -04:00 | probe_ok | probe_v28_dual_lane_readiness_checklist.py | elapsed_s=0.12
2026-05-07 15:05:32 -04:00 | probe_ok | probe_v28_dual_lane_snapshot_ledger.py | elapsed_s=0.16
2026-05-07 15:05:32 -04:00 | cycle_done | cycle=162
2026-05-07 15:06:32 -04:00 | cycle_start | cycle=163
2026-05-07 15:06:33 -04:00 | probe_ok | probe_v28_dual_lane_sidecar_safety_watch.py | elapsed_s=0.6
2026-05-07 15:06:33 -04:00 | probe_ok | probe_v28_dual_lane_live_market_update.py | elapsed_s=0.23
2026-05-07 15:06:34 -04:00 | probe_ok | probe_v28_dual_lane_readiness_checklist.py | elapsed_s=0.19
2026-05-07 15:06:34 -04:00 | probe_ok | probe_v28_dual_lane_snapshot_ledger.py | elapsed_s=0.19
2026-05-07 15:06:34 -04:00 | cycle_done | cycle=163
2026-05-07 15:07:34 -04:00 | cycle_start | cycle=164
2026-05-07 15:07:34 -04:00 | probe_ok | probe_v28_dual_lane_sidecar_safety_watch.py | elapsed_s=0.52
2026-05-07 15:07:34 -04:00 | probe_ok | probe_v28_dual_lane_live_market_update.py | elapsed_s=0.21
2026-05-07 15:07:35 -04:00 | probe_ok | probe_v28_dual_lane_readiness_checklist.py | elapsed_s=0.2
2026-05-07 15:07:35 -04:00 | probe_ok | probe_v28_dual_lane_snapshot_ledger.py | elapsed_s=0.2
2026-05-07 15:07:35 -04:00 | cycle_done | cycle=164
2026-05-07 15:08:35 -04:00 | cycle_start | cycle=165
2026-05-07 15:08:35 -04:00 | probe_ok | probe_v28_dual_lane_sidecar_safety_watch.py | elapsed_s=0.55
2026-05-07 15:08:36 -04:00 | probe_ok | probe_v28_dual_lane_live_market_update.py | elapsed_s=0.17
2026-05-07 15:08:36 -04:00 | probe_ok | probe_v28_dual_lane_readiness_checklist.py | elapsed_s=0.65
2026-05-07 15:08:36 -04:00 | probe_ok | probe_v28_dual_lane_snapshot_ledger.py | elapsed_s=0.19
2026-05-07 15:08:36 -04:00 | cycle_done | cycle=165
2026-05-07 15:09:36 -04:00 | cycle_start | cycle=166
2026-05-07 15:09:37 -04:00 | probe_ok | probe_v28_dual_lane_sidecar_safety_watch.py | elapsed_s=0.68
2026-05-07 15:09:37 -04:00 | probe_ok | probe_v28_dual_lane_live_market_update.py | elapsed_s=0.22
2026-05-07 15:09:38 -04:00 | probe_ok | probe_v28_dual_lane_readiness_checklist.py | elapsed_s=0.19
2026-05-07 15:09:38 -04:00 | probe_ok | probe_v28_dual_lane_snapshot_ledger.py | elapsed_s=0.21
2026-05-07 15:09:38 -04:00 | cycle_done | cycle=166
2026-05-07 15:10:38 -04:00 | cycle_start | cycle=167
2026-05-07 15:10:38 -04:00 | probe_ok | probe_v28_dual_lane_sidecar_safety_watch.py | elapsed_s=0.54
2026-05-07 15:10:39 -04:00 | probe_ok | probe_v28_dual_lane_live_market_update.py | elapsed_s=0.17
2026-05-07 15:10:39 -04:00 | probe_ok | probe_v28_dual_lane_readiness_checklist.py | elapsed_s=0.16
2026-05-07 15:10:39 -04:00 | probe_ok | probe_v28_dual_lane_snapshot_ledger.py | elapsed_s=0.22
2026-05-07 15:10:39 -04:00 | cycle_done | cycle=167
2026-05-07 15:11:39 -04:00 | cycle_start | cycle=168
2026-05-07 15:11:39 -04:00 | probe_ok | probe_v28_dual_lane_sidecar_safety_watch.py | elapsed_s=0.52
2026-05-07 15:11:40 -04:00 | probe_ok | probe_v28_dual_lane_live_market_update.py | elapsed_s=0.18
2026-05-07 15:11:40 -04:00 | probe_ok | probe_v28_dual_lane_readiness_checklist.py | elapsed_s=0.19
2026-05-07 15:11:40 -04:00 | probe_ok | probe_v28_dual_lane_snapshot_ledger.py | elapsed_s=0.2
2026-05-07 15:11:40 -04:00 | cycle_done | cycle=168
2026-05-07 15:12:40 -04:00 | cycle_start | cycle=169
2026-05-07 15:12:41 -04:00 | probe_ok | probe_v28_dual_lane_sidecar_safety_watch.py | elapsed_s=0.54
2026-05-07 15:12:41 -04:00 | probe_ok | probe_v28_dual_lane_live_market_update.py | elapsed_s=0.21
2026-05-07 15:12:41 -04:00 | probe_ok | probe_v28_dual_lane_readiness_checklist.py | elapsed_s=0.17
2026-05-07 15:12:41 -04:00 | probe_ok | probe_v28_dual_lane_snapshot_ledger.py | elapsed_s=0.18
2026-05-07 15:12:41 -04:00 | cycle_done | cycle=169
2026-05-07 15:13:41 -04:00 | cycle_start | cycle=170
2026-05-07 15:13:42 -04:00 | probe_ok | probe_v28_dual_lane_sidecar_safety_watch.py | elapsed_s=0.54
2026-05-07 15:13:42 -04:00 | probe_ok | probe_v28_dual_lane_live_market_update.py | elapsed_s=0.22
2026-05-07 15:13:42 -04:00 | probe_ok | probe_v28_dual_lane_readiness_checklist.py | elapsed_s=0.18
2026-05-07 15:13:42 -04:00 | probe_ok | probe_v28_dual_lane_snapshot_ledger.py | elapsed_s=0.19
2026-05-07 15:13:42 -04:00 | cycle_done | cycle=170
2026-05-07 15:14:42 -04:00 | cycle_start | cycle=171
2026-05-07 15:14:43 -04:00 | probe_ok | probe_v28_dual_lane_sidecar_safety_watch.py | elapsed_s=0.72
2026-05-07 15:14:43 -04:00 | probe_ok | probe_v28_dual_lane_live_market_update.py | elapsed_s=0.26
2026-05-07 15:14:44 -04:00 | probe_ok | probe_v28_dual_lane_readiness_checklist.py | elapsed_s=0.22
2026-05-07 15:14:44 -04:00 | probe_ok | probe_v28_dual_lane_snapshot_ledger.py | elapsed_s=0.21
2026-05-07 15:14:44 -04:00 | cycle_done | cycle=171
2026-05-07 15:15:44 -04:00 | cycle_start | cycle=172
2026-05-07 15:15:44 -04:00 | probe_ok | probe_v28_dual_lane_sidecar_safety_watch.py | elapsed_s=0.57
2026-05-07 15:15:45 -04:00 | probe_ok | probe_v28_dual_lane_live_market_update.py | elapsed_s=0.19
2026-05-07 15:15:45 -04:00 | probe_ok | probe_v28_dual_lane_readiness_checklist.py | elapsed_s=0.17
2026-05-07 15:15:45 -04:00 | probe_ok | probe_v28_dual_lane_snapshot_ledger.py | elapsed_s=0.19
2026-05-07 15:15:45 -04:00 | cycle_done | cycle=172
2026-05-07 15:16:45 -04:00 | cycle_start | cycle=173
2026-05-07 15:16:46 -04:00 | probe_ok | probe_v28_dual_lane_sidecar_safety_watch.py | elapsed_s=0.55
2026-05-07 15:16:46 -04:00 | probe_ok | probe_v28_dual_lane_live_market_update.py | elapsed_s=0.21
2026-05-07 15:16:46 -04:00 | probe_ok | probe_v28_dual_lane_readiness_checklist.py | elapsed_s=0.17
2026-05-07 15:16:46 -04:00 | probe_ok | probe_v28_dual_lane_snapshot_ledger.py | elapsed_s=0.24
2026-05-07 15:16:46 -04:00 | cycle_done | cycle=173
2026-05-07 15:17:46 -04:00 | cycle_start | cycle=174
2026-05-07 15:17:47 -04:00 | probe_ok | probe_v28_dual_lane_sidecar_safety_watch.py | elapsed_s=0.79
2026-05-07 15:17:47 -04:00 | probe_ok | probe_v28_dual_lane_live_market_update.py | elapsed_s=0.24
2026-05-07 15:17:47 -04:00 | probe_ok | probe_v28_dual_lane_readiness_checklist.py | elapsed_s=0.23
2026-05-07 15:17:48 -04:00 | probe_ok | probe_v28_dual_lane_snapshot_ledger.py | elapsed_s=0.29
2026-05-07 15:17:48 -04:00 | cycle_done | cycle=174
2026-05-07 15:18:48 -04:00 | cycle_start | cycle=175
2026-05-07 15:18:48 -04:00 | probe_ok | probe_v28_dual_lane_sidecar_safety_watch.py | elapsed_s=0.51
2026-05-07 15:18:48 -04:00 | probe_ok | probe_v28_dual_lane_live_market_update.py | elapsed_s=0.16
2026-05-07 15:18:49 -04:00 | probe_ok | probe_v28_dual_lane_readiness_checklist.py | elapsed_s=0.17
2026-05-07 15:18:49 -04:00 | probe_ok | probe_v28_dual_lane_snapshot_ledger.py | elapsed_s=0.19
2026-05-07 15:18:49 -04:00 | cycle_done | cycle=175
2026-05-07 15:19:49 -04:00 | cycle_start | cycle=176
2026-05-07 15:19:49 -04:00 | probe_ok | probe_v28_dual_lane_sidecar_safety_watch.py | elapsed_s=0.65
2026-05-07 15:19:50 -04:00 | probe_ok | probe_v28_dual_lane_live_market_update.py | elapsed_s=0.21
2026-05-07 15:19:50 -04:00 | probe_ok | probe_v28_dual_lane_readiness_checklist.py | elapsed_s=0.2
2026-05-07 15:19:50 -04:00 | probe_ok | probe_v28_dual_lane_snapshot_ledger.py | elapsed_s=0.23
2026-05-07 15:19:50 -04:00 | cycle_done | cycle=176
2026-05-07 15:20:50 -04:00 | cycle_start | cycle=177
2026-05-07 15:20:51 -04:00 | probe_ok | probe_v28_dual_lane_sidecar_safety_watch.py | elapsed_s=0.55
2026-05-07 15:20:51 -04:00 | probe_ok | probe_v28_dual_lane_live_market_update.py | elapsed_s=0.24
2026-05-07 15:20:51 -04:00 | probe_ok | probe_v28_dual_lane_readiness_checklist.py | elapsed_s=0.21
2026-05-07 15:20:51 -04:00 | probe_ok | probe_v28_dual_lane_snapshot_ledger.py | elapsed_s=0.25
2026-05-07 15:20:51 -04:00 | cycle_done | cycle=177
2026-05-07 15:21:51 -04:00 | cycle_start | cycle=178
2026-05-07 15:21:52 -04:00 | probe_ok | probe_v28_dual_lane_sidecar_safety_watch.py | elapsed_s=0.89
2026-05-07 15:21:53 -04:00 | probe_ok | probe_v28_dual_lane_live_market_update.py | elapsed_s=0.21
2026-05-07 15:21:53 -04:00 | probe_ok | probe_v28_dual_lane_readiness_checklist.py | elapsed_s=0.17
2026-05-07 15:21:53 -04:00 | probe_ok | probe_v28_dual_lane_snapshot_ledger.py | elapsed_s=0.2
2026-05-07 15:21:53 -04:00 | cycle_done | cycle=178
2026-05-07 15:22:53 -04:00 | cycle_start | cycle=179
2026-05-07 15:22:54 -04:00 | probe_ok | probe_v28_dual_lane_sidecar_safety_watch.py | elapsed_s=0.67
2026-05-07 15:22:54 -04:00 | probe_ok | probe_v28_dual_lane_live_market_update.py | elapsed_s=0.26
2026-05-07 15:22:54 -04:00 | probe_ok | probe_v28_dual_lane_readiness_checklist.py | elapsed_s=0.19
2026-05-07 15:22:54 -04:00 | probe_ok | probe_v28_dual_lane_snapshot_ledger.py | elapsed_s=0.24
2026-05-07 15:22:54 -04:00 | cycle_done | cycle=179
2026-05-07 15:23:54 -04:00 | cycle_start | cycle=180
2026-05-07 15:23:55 -04:00 | probe_ok | probe_v28_dual_lane_sidecar_safety_watch.py | elapsed_s=0.7
2026-05-07 15:23:55 -04:00 | probe_ok | probe_v28_dual_lane_live_market_update.py | elapsed_s=0.22
2026-05-07 15:23:55 -04:00 | probe_ok | probe_v28_dual_lane_readiness_checklist.py | elapsed_s=0.19
2026-05-07 15:23:56 -04:00 | probe_ok | probe_v28_dual_lane_snapshot_ledger.py | elapsed_s=0.2
2026-05-07 15:23:56 -04:00 | cycle_done | cycle=180
2026-05-07 15:24:56 -04:00 | cycle_start | cycle=181
2026-05-07 15:24:56 -04:00 | probe_ok | probe_v28_dual_lane_sidecar_safety_watch.py | elapsed_s=0.43
2026-05-07 15:24:56 -04:00 | probe_ok | probe_v28_dual_lane_live_market_update.py | elapsed_s=0.18
2026-05-07 15:24:56 -04:00 | probe_ok | probe_v28_dual_lane_readiness_checklist.py | elapsed_s=0.14
2026-05-07 15:24:57 -04:00 | probe_ok | probe_v28_dual_lane_snapshot_ledger.py | elapsed_s=0.16
2026-05-07 15:24:57 -04:00 | cycle_done | cycle=181
2026-05-07 15:25:57 -04:00 | cycle_start | cycle=182
2026-05-07 15:25:57 -04:00 | probe_ok | probe_v28_dual_lane_sidecar_safety_watch.py | elapsed_s=0.4
2026-05-07 15:25:57 -04:00 | probe_ok | probe_v28_dual_lane_live_market_update.py | elapsed_s=0.15
2026-05-07 15:25:57 -04:00 | probe_ok | probe_v28_dual_lane_readiness_checklist.py | elapsed_s=0.13
2026-05-07 15:25:57 -04:00 | probe_ok | probe_v28_dual_lane_snapshot_ledger.py | elapsed_s=0.15
2026-05-07 15:25:57 -04:00 | cycle_done | cycle=182
2026-05-07 15:26:57 -04:00 | cycle_start | cycle=183
2026-05-07 15:26:58 -04:00 | probe_ok | probe_v28_dual_lane_sidecar_safety_watch.py | elapsed_s=0.39
2026-05-07 15:26:58 -04:00 | probe_ok | probe_v28_dual_lane_live_market_update.py | elapsed_s=0.15
2026-05-07 15:26:58 -04:00 | probe_ok | probe_v28_dual_lane_readiness_checklist.py | elapsed_s=0.13
2026-05-07 15:26:58 -04:00 | probe_ok | probe_v28_dual_lane_snapshot_ledger.py | elapsed_s=0.16
2026-05-07 15:26:58 -04:00 | cycle_done | cycle=183
2026-05-07 15:27:58 -04:00 | cycle_start | cycle=184
2026-05-07 15:27:59 -04:00 | probe_ok | probe_v28_dual_lane_sidecar_safety_watch.py | elapsed_s=0.43
2026-05-07 15:27:59 -04:00 | probe_ok | probe_v28_dual_lane_live_market_update.py | elapsed_s=0.15
2026-05-07 15:27:59 -04:00 | probe_ok | probe_v28_dual_lane_readiness_checklist.py | elapsed_s=0.15
2026-05-07 15:27:59 -04:00 | probe_ok | probe_v28_dual_lane_snapshot_ledger.py | elapsed_s=0.16
2026-05-07 15:27:59 -04:00 | cycle_done | cycle=184
2026-05-07 15:28:59 -04:00 | cycle_start | cycle=185
2026-05-07 15:29:00 -04:00 | probe_ok | probe_v28_dual_lane_sidecar_safety_watch.py | elapsed_s=0.4
2026-05-07 15:29:00 -04:00 | probe_ok | probe_v28_dual_lane_live_market_update.py | elapsed_s=0.16
2026-05-07 15:29:00 -04:00 | probe_ok | probe_v28_dual_lane_readiness_checklist.py | elapsed_s=0.14
2026-05-07 15:29:00 -04:00 | probe_ok | probe_v28_dual_lane_snapshot_ledger.py | elapsed_s=0.15
2026-05-07 15:29:00 -04:00 | cycle_done | cycle=185
2026-05-07 15:30:00 -04:00 | cycle_start | cycle=186
2026-05-07 15:30:01 -04:00 | probe_ok | probe_v28_dual_lane_sidecar_safety_watch.py | elapsed_s=0.43
2026-05-07 15:30:01 -04:00 | probe_ok | probe_v28_dual_lane_live_market_update.py | elapsed_s=0.14
2026-05-07 15:30:01 -04:00 | probe_ok | probe_v28_dual_lane_readiness_checklist.py | elapsed_s=0.15
2026-05-07 15:30:01 -04:00 | probe_ok | probe_v28_dual_lane_snapshot_ledger.py | elapsed_s=0.14
2026-05-07 15:30:01 -04:00 | cycle_done | cycle=186
2026-05-07 15:31:01 -04:00 | cycle_start | cycle=187
2026-05-07 15:31:01 -04:00 | probe_ok | probe_v28_dual_lane_sidecar_safety_watch.py | elapsed_s=0.39
2026-05-07 15:31:02 -04:00 | probe_ok | probe_v28_dual_lane_live_market_update.py | elapsed_s=0.15
2026-05-07 15:31:02 -04:00 | probe_ok | probe_v28_dual_lane_readiness_checklist.py | elapsed_s=0.13
2026-05-07 15:31:02 -04:00 | probe_ok | probe_v28_dual_lane_snapshot_ledger.py | elapsed_s=0.15
2026-05-07 15:31:02 -04:00 | cycle_done | cycle=187
2026-05-07 15:32:02 -04:00 | cycle_start | cycle=188
2026-05-07 15:32:02 -04:00 | probe_ok | probe_v28_dual_lane_sidecar_safety_watch.py | elapsed_s=0.59
2026-05-07 15:32:03 -04:00 | probe_ok | probe_v28_dual_lane_live_market_update.py | elapsed_s=0.23
2026-05-07 15:32:03 -04:00 | probe_ok | probe_v28_dual_lane_readiness_checklist.py | elapsed_s=0.18
2026-05-07 15:32:03 -04:00 | probe_ok | probe_v28_dual_lane_snapshot_ledger.py | elapsed_s=0.21
2026-05-07 15:32:03 -04:00 | cycle_done | cycle=188
2026-05-07 15:33:03 -04:00 | cycle_start | cycle=189
2026-05-07 15:33:04 -04:00 | probe_ok | probe_v28_dual_lane_sidecar_safety_watch.py | elapsed_s=0.62
2026-05-07 15:33:04 -04:00 | probe_ok | probe_v28_dual_lane_live_market_update.py | elapsed_s=0.18
2026-05-07 15:33:04 -04:00 | probe_ok | probe_v28_dual_lane_readiness_checklist.py | elapsed_s=0.18
2026-05-07 15:33:04 -04:00 | probe_ok | probe_v28_dual_lane_snapshot_ledger.py | elapsed_s=0.23
2026-05-07 15:33:04 -04:00 | cycle_done | cycle=189
2026-05-07 15:34:04 -04:00 | cycle_start | cycle=190
2026-05-07 15:34:05 -04:00 | probe_ok | probe_v28_dual_lane_sidecar_safety_watch.py | elapsed_s=0.59
2026-05-07 15:34:05 -04:00 | probe_ok | probe_v28_dual_lane_live_market_update.py | elapsed_s=0.21
2026-05-07 15:34:05 -04:00 | probe_ok | probe_v28_dual_lane_readiness_checklist.py | elapsed_s=0.18
2026-05-07 15:34:06 -04:00 | probe_ok | probe_v28_dual_lane_snapshot_ledger.py | elapsed_s=0.2
2026-05-07 15:34:06 -04:00 | cycle_done | cycle=190
2026-05-07 15:35:06 -04:00 | cycle_start | cycle=191
2026-05-07 15:35:06 -04:00 | probe_ok | probe_v28_dual_lane_sidecar_safety_watch.py | elapsed_s=0.51
2026-05-07 15:35:06 -04:00 | probe_ok | probe_v28_dual_lane_live_market_update.py | elapsed_s=0.2
2026-05-07 15:35:07 -04:00 | probe_ok | probe_v28_dual_lane_readiness_checklist.py | elapsed_s=0.2
2026-05-07 15:35:07 -04:00 | probe_ok | probe_v28_dual_lane_snapshot_ledger.py | elapsed_s=0.21
2026-05-07 15:35:07 -04:00 | cycle_done | cycle=191
2026-05-07 15:36:07 -04:00 | cycle_start | cycle=192
2026-05-07 15:36:08 -04:00 | probe_ok | probe_v28_dual_lane_sidecar_safety_watch.py | elapsed_s=0.73
2026-05-07 15:36:08 -04:00 | probe_ok | probe_v28_dual_lane_live_market_update.py | elapsed_s=0.25
2026-05-07 15:36:08 -04:00 | probe_ok | probe_v28_dual_lane_readiness_checklist.py | elapsed_s=0.21
2026-05-07 15:36:08 -04:00 | probe_ok | probe_v28_dual_lane_snapshot_ledger.py | elapsed_s=0.24
2026-05-07 15:36:08 -04:00 | cycle_done | cycle=192
2026-05-07 15:37:08 -04:00 | cycle_start | cycle=193
2026-05-07 15:37:09 -04:00 | probe_ok | probe_v28_dual_lane_sidecar_safety_watch.py | elapsed_s=0.67
2026-05-07 15:37:09 -04:00 | probe_ok | probe_v28_dual_lane_live_market_update.py | elapsed_s=0.19
2026-05-07 15:37:09 -04:00 | probe_ok | probe_v28_dual_lane_readiness_checklist.py | elapsed_s=0.17
2026-05-07 15:37:10 -04:00 | probe_ok | probe_v28_dual_lane_snapshot_ledger.py | elapsed_s=0.21
2026-05-07 15:37:10 -04:00 | cycle_done | cycle=193
2026-05-07 15:38:10 -04:00 | cycle_start | cycle=194
2026-05-07 15:38:10 -04:00 | probe_ok | probe_v28_dual_lane_sidecar_safety_watch.py | elapsed_s=0.64
2026-05-07 15:38:10 -04:00 | probe_ok | probe_v28_dual_lane_live_market_update.py | elapsed_s=0.21
2026-05-07 15:38:11 -04:00 | probe_ok | probe_v28_dual_lane_readiness_checklist.py | elapsed_s=0.21
2026-05-07 15:38:11 -04:00 | probe_ok | probe_v28_dual_lane_snapshot_ledger.py | elapsed_s=0.24
2026-05-07 15:38:11 -04:00 | cycle_done | cycle=194
2026-05-07 15:39:11 -04:00 | cycle_start | cycle=195
2026-05-07 15:39:12 -04:00 | probe_ok | probe_v28_dual_lane_sidecar_safety_watch.py | elapsed_s=0.7
2026-05-07 15:39:12 -04:00 | probe_ok | probe_v28_dual_lane_live_market_update.py | elapsed_s=0.22
2026-05-07 15:39:12 -04:00 | probe_ok | probe_v28_dual_lane_readiness_checklist.py | elapsed_s=0.2
2026-05-07 15:39:12 -04:00 | probe_ok | probe_v28_dual_lane_snapshot_ledger.py | elapsed_s=0.24
2026-05-07 15:39:12 -04:00 | cycle_done | cycle=195
2026-05-07 15:40:12 -04:00 | cycle_start | cycle=196
2026-05-07 15:40:13 -04:00 | probe_ok | probe_v28_dual_lane_sidecar_safety_watch.py | elapsed_s=0.54
2026-05-07 15:40:13 -04:00 | probe_ok | probe_v28_dual_lane_live_market_update.py | elapsed_s=0.2
2026-05-07 15:40:13 -04:00 | probe_ok | probe_v28_dual_lane_readiness_checklist.py | elapsed_s=0.17
2026-05-07 15:40:13 -04:00 | probe_ok | probe_v28_dual_lane_snapshot_ledger.py | elapsed_s=0.21
2026-05-07 15:40:13 -04:00 | cycle_done | cycle=196
2026-05-07 15:41:13 -04:00 | cycle_start | cycle=197
2026-05-07 15:41:14 -04:00 | probe_ok | probe_v28_dual_lane_sidecar_safety_watch.py | elapsed_s=0.65
2026-05-07 15:41:14 -04:00 | probe_ok | probe_v28_dual_lane_live_market_update.py | elapsed_s=0.21
2026-05-07 15:41:14 -04:00 | probe_ok | probe_v28_dual_lane_readiness_checklist.py | elapsed_s=0.19
2026-05-07 15:41:15 -04:00 | probe_ok | probe_v28_dual_lane_snapshot_ledger.py | elapsed_s=0.21
2026-05-07 15:41:15 -04:00 | cycle_done | cycle=197
2026-05-07 15:42:15 -04:00 | cycle_start | cycle=198
2026-05-07 15:42:15 -04:00 | probe_ok | probe_v28_dual_lane_sidecar_safety_watch.py | elapsed_s=0.71
2026-05-07 15:42:16 -04:00 | probe_ok | probe_v28_dual_lane_live_market_update.py | elapsed_s=0.22
2026-05-07 15:42:16 -04:00 | probe_ok | probe_v28_dual_lane_readiness_checklist.py | elapsed_s=0.22
2026-05-07 15:42:16 -04:00 | probe_ok | probe_v28_dual_lane_snapshot_ledger.py | elapsed_s=0.26
2026-05-07 15:42:16 -04:00 | cycle_done | cycle=198
2026-05-07 15:43:16 -04:00 | cycle_start | cycle=199
2026-05-07 15:43:17 -04:00 | probe_ok | probe_v28_dual_lane_sidecar_safety_watch.py | elapsed_s=0.65
2026-05-07 15:43:17 -04:00 | probe_ok | probe_v28_dual_lane_live_market_update.py | elapsed_s=0.19
2026-05-07 15:43:17 -04:00 | probe_ok | probe_v28_dual_lane_readiness_checklist.py | elapsed_s=0.18
2026-05-07 15:43:17 -04:00 | probe_ok | probe_v28_dual_lane_snapshot_ledger.py | elapsed_s=0.19
2026-05-07 15:43:17 -04:00 | cycle_done | cycle=199
2026-05-07 15:44:17 -04:00 | cycle_start | cycle=200
2026-05-07 15:44:18 -04:00 | probe_ok | probe_v28_dual_lane_sidecar_safety_watch.py | elapsed_s=0.59
2026-05-07 15:44:18 -04:00 | probe_ok | probe_v28_dual_lane_live_market_update.py | elapsed_s=0.21
2026-05-07 15:44:18 -04:00 | probe_ok | probe_v28_dual_lane_readiness_checklist.py | elapsed_s=0.22
2026-05-07 15:44:19 -04:00 | probe_ok | probe_v28_dual_lane_snapshot_ledger.py | elapsed_s=0.25
2026-05-07 15:44:19 -04:00 | cycle_done | cycle=200
2026-05-07 15:45:19 -04:00 | cycle_start | cycle=201
2026-05-07 15:45:19 -04:00 | probe_ok | probe_v28_dual_lane_sidecar_safety_watch.py | elapsed_s=0.72
2026-05-07 15:45:20 -04:00 | probe_ok | probe_v28_dual_lane_live_market_update.py | elapsed_s=0.24
2026-05-07 15:45:20 -04:00 | probe_ok | probe_v28_dual_lane_readiness_checklist.py | elapsed_s=0.2
2026-05-07 15:45:20 -04:00 | probe_ok | probe_v28_dual_lane_snapshot_ledger.py | elapsed_s=0.2
2026-05-07 15:45:20 -04:00 | cycle_done | cycle=201
2026-05-07 15:46:20 -04:00 | cycle_start | cycle=202
2026-05-07 15:46:21 -04:00 | probe_ok | probe_v28_dual_lane_sidecar_safety_watch.py | elapsed_s=0.7
2026-05-07 15:46:21 -04:00 | probe_ok | probe_v28_dual_lane_live_market_update.py | elapsed_s=0.21
2026-05-07 15:46:21 -04:00 | probe_ok | probe_v28_dual_lane_readiness_checklist.py | elapsed_s=0.19
2026-05-07 15:46:21 -04:00 | probe_ok | probe_v28_dual_lane_snapshot_ledger.py | elapsed_s=0.2
2026-05-07 15:46:21 -04:00 | cycle_done | cycle=202
2026-05-07 15:47:21 -04:00 | cycle_start | cycle=203
2026-05-07 15:47:22 -04:00 | probe_ok | probe_v28_dual_lane_sidecar_safety_watch.py | elapsed_s=0.57
2026-05-07 15:47:22 -04:00 | probe_ok | probe_v28_dual_lane_live_market_update.py | elapsed_s=0.19
2026-05-07 15:47:22 -04:00 | probe_ok | probe_v28_dual_lane_readiness_checklist.py | elapsed_s=0.16
2026-05-07 15:47:23 -04:00 | probe_ok | probe_v28_dual_lane_snapshot_ledger.py | elapsed_s=0.22
2026-05-07 15:47:23 -04:00 | cycle_done | cycle=203
2026-05-07 15:48:23 -04:00 | cycle_start | cycle=204
2026-05-07 15:48:23 -04:00 | probe_ok | probe_v28_dual_lane_sidecar_safety_watch.py | elapsed_s=0.54
2026-05-07 15:48:23 -04:00 | probe_ok | probe_v28_dual_lane_live_market_update.py | elapsed_s=0.2
2026-05-07 15:48:23 -04:00 | probe_ok | probe_v28_dual_lane_readiness_checklist.py | elapsed_s=0.18
2026-05-07 15:48:24 -04:00 | probe_ok | probe_v28_dual_lane_snapshot_ledger.py | elapsed_s=0.24
2026-05-07 15:48:24 -04:00 | cycle_done | cycle=204
2026-05-07 15:49:24 -04:00 | cycle_start | cycle=205
2026-05-07 15:49:24 -04:00 | probe_ok | probe_v28_dual_lane_sidecar_safety_watch.py | elapsed_s=0.53
2026-05-07 15:49:24 -04:00 | probe_ok | probe_v28_dual_lane_live_market_update.py | elapsed_s=0.18
2026-05-07 15:49:25 -04:00 | probe_ok | probe_v28_dual_lane_readiness_checklist.py | elapsed_s=0.17
2026-05-07 15:49:25 -04:00 | probe_ok | probe_v28_dual_lane_snapshot_ledger.py | elapsed_s=0.21
2026-05-07 15:49:25 -04:00 | cycle_done | cycle=205
2026-05-07 15:50:25 -04:00 | cycle_start | cycle=206
2026-05-07 15:50:26 -04:00 | probe_ok | probe_v28_dual_lane_sidecar_safety_watch.py | elapsed_s=0.92
2026-05-07 15:50:26 -04:00 | probe_ok | probe_v28_dual_lane_live_market_update.py | elapsed_s=0.22
2026-05-07 15:50:26 -04:00 | probe_ok | probe_v28_dual_lane_readiness_checklist.py | elapsed_s=0.2
2026-05-07 15:50:26 -04:00 | probe_ok | probe_v28_dual_lane_snapshot_ledger.py | elapsed_s=0.19
2026-05-07 15:50:26 -04:00 | cycle_done | cycle=206
2026-05-07 15:51:26 -04:00 | cycle_start | cycle=207
2026-05-07 15:51:27 -04:00 | probe_ok | probe_v28_dual_lane_sidecar_safety_watch.py | elapsed_s=0.45
2026-05-07 15:51:27 -04:00 | probe_ok | probe_v28_dual_lane_live_market_update.py | elapsed_s=0.15
2026-05-07 15:51:27 -04:00 | probe_ok | probe_v28_dual_lane_readiness_checklist.py | elapsed_s=0.13
2026-05-07 15:51:27 -04:00 | probe_ok | probe_v28_dual_lane_snapshot_ledger.py | elapsed_s=0.15
2026-05-07 15:51:27 -04:00 | cycle_done | cycle=207
2026-05-07 15:52:27 -04:00 | cycle_start | cycle=208
2026-05-07 15:52:28 -04:00 | probe_ok | probe_v28_dual_lane_sidecar_safety_watch.py | elapsed_s=0.44
2026-05-07 15:52:28 -04:00 | probe_ok | probe_v28_dual_lane_live_market_update.py | elapsed_s=0.17
2026-05-07 15:52:28 -04:00 | probe_ok | probe_v28_dual_lane_readiness_checklist.py | elapsed_s=0.14
2026-05-07 15:52:28 -04:00 | probe_ok | probe_v28_dual_lane_snapshot_ledger.py | elapsed_s=0.15
2026-05-07 15:52:28 -04:00 | cycle_done | cycle=208
2026-05-07 15:53:28 -04:00 | cycle_start | cycle=209
2026-05-07 15:53:29 -04:00 | probe_ok | probe_v28_dual_lane_sidecar_safety_watch.py | elapsed_s=0.44
2026-05-07 15:53:29 -04:00 | probe_ok | probe_v28_dual_lane_live_market_update.py | elapsed_s=0.16
2026-05-07 15:53:29 -04:00 | probe_ok | probe_v28_dual_lane_readiness_checklist.py | elapsed_s=0.14
2026-05-07 15:53:29 -04:00 | probe_ok | probe_v28_dual_lane_snapshot_ledger.py | elapsed_s=0.15
2026-05-07 15:53:29 -04:00 | cycle_done | cycle=209
2026-05-07 15:54:29 -04:00 | cycle_start | cycle=210
2026-05-07 15:54:30 -04:00 | probe_ok | probe_v28_dual_lane_sidecar_safety_watch.py | elapsed_s=0.39
2026-05-07 15:54:30 -04:00 | probe_ok | probe_v28_dual_lane_live_market_update.py | elapsed_s=0.17
2026-05-07 15:54:30 -04:00 | probe_ok | probe_v28_dual_lane_readiness_checklist.py | elapsed_s=0.13
2026-05-07 15:54:30 -04:00 | probe_ok | probe_v28_dual_lane_snapshot_ledger.py | elapsed_s=0.15
2026-05-07 15:54:30 -04:00 | cycle_done | cycle=210
2026-05-07 15:55:30 -04:00 | cycle_start | cycle=211
2026-05-07 15:55:31 -04:00 | probe_ok | probe_v28_dual_lane_sidecar_safety_watch.py | elapsed_s=0.43
2026-05-07 15:55:31 -04:00 | probe_ok | probe_v28_dual_lane_live_market_update.py | elapsed_s=0.15
2026-05-07 15:55:31 -04:00 | probe_ok | probe_v28_dual_lane_readiness_checklist.py | elapsed_s=0.16
2026-05-07 15:55:31 -04:00 | probe_ok | probe_v28_dual_lane_snapshot_ledger.py | elapsed_s=0.16
2026-05-07 15:55:31 -04:00 | cycle_done | cycle=211
2026-05-07 15:56:31 -04:00 | cycle_start | cycle=212
2026-05-07 15:56:32 -04:00 | probe_ok | probe_v28_dual_lane_sidecar_safety_watch.py | elapsed_s=0.54
2026-05-07 15:56:32 -04:00 | probe_ok | probe_v28_dual_lane_live_market_update.py | elapsed_s=0.2
2026-05-07 15:56:32 -04:00 | probe_ok | probe_v28_dual_lane_readiness_checklist.py | elapsed_s=0.23
2026-05-07 15:56:32 -04:00 | probe_ok | probe_v28_dual_lane_snapshot_ledger.py | elapsed_s=0.19
2026-05-07 15:56:32 -04:00 | cycle_done | cycle=212
2026-05-07 15:57:32 -04:00 | cycle_start | cycle=213
2026-05-07 15:57:33 -04:00 | probe_ok | probe_v28_dual_lane_sidecar_safety_watch.py | elapsed_s=0.64
2026-05-07 15:57:33 -04:00 | probe_ok | probe_v28_dual_lane_live_market_update.py | elapsed_s=0.22
2026-05-07 15:57:33 -04:00 | probe_ok | probe_v28_dual_lane_readiness_checklist.py | elapsed_s=0.21
2026-05-07 15:57:33 -04:00 | probe_ok | probe_v28_dual_lane_snapshot_ledger.py | elapsed_s=0.22
2026-05-07 15:57:33 -04:00 | cycle_done | cycle=213
2026-05-07 15:58:33 -04:00 | cycle_start | cycle=214
2026-05-07 15:58:34 -04:00 | probe_ok | probe_v28_dual_lane_sidecar_safety_watch.py | elapsed_s=0.58
2026-05-07 15:58:34 -04:00 | probe_ok | probe_v28_dual_lane_live_market_update.py | elapsed_s=0.24
2026-05-07 15:58:35 -04:00 | probe_ok | probe_v28_dual_lane_readiness_checklist.py | elapsed_s=0.21
2026-05-07 15:58:35 -04:00 | probe_ok | probe_v28_dual_lane_snapshot_ledger.py | elapsed_s=0.19
2026-05-07 15:58:35 -04:00 | cycle_done | cycle=214
2026-05-07 15:59:35 -04:00 | cycle_start | cycle=215
2026-05-07 15:59:35 -04:00 | probe_ok | probe_v28_dual_lane_sidecar_safety_watch.py | elapsed_s=0.67
2026-05-07 15:59:36 -04:00 | probe_ok | probe_v28_dual_lane_live_market_update.py | elapsed_s=0.24
2026-05-07 15:59:36 -04:00 | probe_ok | probe_v28_dual_lane_readiness_checklist.py | elapsed_s=0.18
2026-05-07 15:59:36 -04:00 | probe_ok | probe_v28_dual_lane_snapshot_ledger.py | elapsed_s=0.19
2026-05-07 15:59:36 -04:00 | cycle_done | cycle=215
2026-05-07 16:00:36 -04:00 | cycle_start | cycle=216
2026-05-07 16:00:37 -04:00 | probe_ok | probe_v28_dual_lane_sidecar_safety_watch.py | elapsed_s=0.55
2026-05-07 16:00:37 -04:00 | probe_ok | probe_v28_dual_lane_live_market_update.py | elapsed_s=0.22
2026-05-07 16:00:37 -04:00 | probe_ok | probe_v28_dual_lane_readiness_checklist.py | elapsed_s=0.18
2026-05-07 16:00:37 -04:00 | probe_ok | probe_v28_dual_lane_snapshot_ledger.py | elapsed_s=0.18
2026-05-07 16:00:37 -04:00 | cycle_done | cycle=216
2026-05-07 16:01:37 -04:00 | cycle_start | cycle=217
2026-05-07 16:01:38 -04:00 | probe_ok | probe_v28_dual_lane_sidecar_safety_watch.py | elapsed_s=0.6
2026-05-07 16:01:38 -04:00 | probe_ok | probe_v28_dual_lane_live_market_update.py | elapsed_s=0.22
2026-05-07 16:01:38 -04:00 | probe_ok | probe_v28_dual_lane_readiness_checklist.py | elapsed_s=0.19
2026-05-07 16:01:38 -04:00 | probe_ok | probe_v28_dual_lane_snapshot_ledger.py | elapsed_s=0.21
2026-05-07 16:01:38 -04:00 | cycle_done | cycle=217
2026-05-07 16:02:38 -04:00 | cycle_start | cycle=218
2026-05-07 16:02:39 -04:00 | probe_ok | probe_v28_dual_lane_sidecar_safety_watch.py | elapsed_s=0.63
2026-05-07 16:02:39 -04:00 | probe_ok | probe_v28_dual_lane_live_market_update.py | elapsed_s=0.2
2026-05-07 16:02:39 -04:00 | probe_ok | probe_v28_dual_lane_readiness_checklist.py | elapsed_s=0.21
2026-05-07 16:02:40 -04:00 | probe_ok | probe_v28_dual_lane_snapshot_ledger.py | elapsed_s=0.22
2026-05-07 16:02:40 -04:00 | cycle_done | cycle=218
2026-05-07 16:03:40 -04:00 | cycle_start | cycle=219
2026-05-07 16:03:40 -04:00 | probe_ok | probe_v28_dual_lane_sidecar_safety_watch.py | elapsed_s=0.53
2026-05-07 16:03:41 -04:00 | probe_ok | probe_v28_dual_lane_live_market_update.py | elapsed_s=0.34
2026-05-07 16:03:41 -04:00 | probe_ok | probe_v28_dual_lane_readiness_checklist.py | elapsed_s=0.16
2026-05-07 16:03:41 -04:00 | probe_ok | probe_v28_dual_lane_snapshot_ledger.py | elapsed_s=0.2
2026-05-07 16:03:41 -04:00 | cycle_done | cycle=219
2026-05-07 16:04:41 -04:00 | cycle_start | cycle=220
2026-05-07 16:04:42 -04:00 | probe_ok | probe_v28_dual_lane_sidecar_safety_watch.py | elapsed_s=0.55
2026-05-07 16:04:42 -04:00 | probe_ok | probe_v28_dual_lane_live_market_update.py | elapsed_s=0.2
2026-05-07 16:04:42 -04:00 | probe_ok | probe_v28_dual_lane_readiness_checklist.py | elapsed_s=0.18
2026-05-07 16:04:42 -04:00 | probe_ok | probe_v28_dual_lane_snapshot_ledger.py | elapsed_s=0.19
2026-05-07 16:04:42 -04:00 | cycle_done | cycle=220
2026-05-07 16:05:42 -04:00 | cycle_start | cycle=221
2026-05-07 16:05:43 -04:00 | probe_ok | probe_v28_dual_lane_sidecar_safety_watch.py | elapsed_s=0.61
2026-05-07 16:05:43 -04:00 | probe_ok | probe_v28_dual_lane_live_market_update.py | elapsed_s=0.21
2026-05-07 16:05:43 -04:00 | probe_ok | probe_v28_dual_lane_readiness_checklist.py | elapsed_s=0.21
2026-05-07 16:05:43 -04:00 | probe_ok | probe_v28_dual_lane_snapshot_ledger.py | elapsed_s=0.24
2026-05-07 16:05:43 -04:00 | cycle_done | cycle=221
2026-05-07 16:06:43 -04:00 | cycle_start | cycle=222
2026-05-07 16:06:44 -04:00 | probe_ok | probe_v28_dual_lane_sidecar_safety_watch.py | elapsed_s=0.59
2026-05-07 16:06:44 -04:00 | probe_ok | probe_v28_dual_lane_live_market_update.py | elapsed_s=0.19
2026-05-07 16:06:44 -04:00 | probe_ok | probe_v28_dual_lane_readiness_checklist.py | elapsed_s=0.16
2026-05-07 16:06:45 -04:00 | probe_ok | probe_v28_dual_lane_snapshot_ledger.py | elapsed_s=0.17
2026-05-07 16:06:45 -04:00 | cycle_done | cycle=222
2026-05-07 16:07:45 -04:00 | cycle_start | cycle=223
2026-05-07 16:07:45 -04:00 | probe_ok | probe_v28_dual_lane_sidecar_safety_watch.py | elapsed_s=0.63
2026-05-07 16:07:45 -04:00 | probe_ok | probe_v28_dual_lane_live_market_update.py | elapsed_s=0.23
2026-05-07 16:07:46 -04:00 | probe_ok | probe_v28_dual_lane_readiness_checklist.py | elapsed_s=0.2
2026-05-07 16:07:46 -04:00 | probe_ok | probe_v28_dual_lane_snapshot_ledger.py | elapsed_s=0.23
2026-05-07 16:07:46 -04:00 | cycle_done | cycle=223
2026-05-07 16:08:46 -04:00 | cycle_start | cycle=224
2026-05-07 16:08:46 -04:00 | probe_ok | probe_v28_dual_lane_sidecar_safety_watch.py | elapsed_s=0.53
2026-05-07 16:08:47 -04:00 | probe_ok | probe_v28_dual_lane_live_market_update.py | elapsed_s=0.22
2026-05-07 16:08:47 -04:00 | probe_ok | probe_v28_dual_lane_readiness_checklist.py | elapsed_s=0.17
2026-05-07 16:08:47 -04:00 | probe_ok | probe_v28_dual_lane_snapshot_ledger.py | elapsed_s=0.19
2026-05-07 16:08:47 -04:00 | cycle_done | cycle=224
2026-05-07 16:09:47 -04:00 | cycle_start | cycle=225
2026-05-07 16:09:48 -04:00 | probe_ok | probe_v28_dual_lane_sidecar_safety_watch.py | elapsed_s=0.54
2026-05-07 16:09:48 -04:00 | probe_ok | probe_v28_dual_lane_live_market_update.py | elapsed_s=0.21
2026-05-07 16:09:48 -04:00 | probe_ok | probe_v28_dual_lane_readiness_checklist.py | elapsed_s=0.18
2026-05-07 16:09:48 -04:00 | probe_ok | probe_v28_dual_lane_snapshot_ledger.py | elapsed_s=0.19
2026-05-07 16:09:48 -04:00 | cycle_done | cycle=225
2026-05-07 16:10:48 -04:00 | cycle_start | cycle=226
2026-05-07 16:10:49 -04:00 | probe_ok | probe_v28_dual_lane_sidecar_safety_watch.py | elapsed_s=0.71
2026-05-07 16:10:49 -04:00 | probe_ok | probe_v28_dual_lane_live_market_update.py | elapsed_s=0.24
2026-05-07 16:10:49 -04:00 | probe_ok | probe_v28_dual_lane_readiness_checklist.py | elapsed_s=0.18
2026-05-07 16:10:50 -04:00 | probe_ok | probe_v28_dual_lane_snapshot_ledger.py | elapsed_s=0.41
2026-05-07 16:10:50 -04:00 | cycle_done | cycle=226
2026-05-07 16:11:50 -04:00 | cycle_start | cycle=227
2026-05-07 16:11:51 -04:00 | probe_ok | probe_v28_dual_lane_sidecar_safety_watch.py | elapsed_s=0.7
2026-05-07 16:11:51 -04:00 | probe_ok | probe_v28_dual_lane_live_market_update.py | elapsed_s=0.22
2026-05-07 16:11:51 -04:00 | probe_ok | probe_v28_dual_lane_readiness_checklist.py | elapsed_s=0.21
2026-05-07 16:11:51 -04:00 | probe_ok | probe_v28_dual_lane_snapshot_ledger.py | elapsed_s=0.22
2026-05-07 16:11:51 -04:00 | cycle_done | cycle=227
2026-05-07 16:12:51 -04:00 | cycle_start | cycle=228
2026-05-07 16:12:52 -04:00 | probe_ok | probe_v28_dual_lane_sidecar_safety_watch.py | elapsed_s=0.64
2026-05-07 16:12:52 -04:00 | probe_ok | probe_v28_dual_lane_live_market_update.py | elapsed_s=0.24
2026-05-07 16:12:52 -04:00 | probe_ok | probe_v28_dual_lane_readiness_checklist.py | elapsed_s=0.21
2026-05-07 16:12:53 -04:00 | probe_ok | probe_v28_dual_lane_snapshot_ledger.py | elapsed_s=0.22
2026-05-07 16:12:53 -04:00 | cycle_done | cycle=228
2026-05-07 16:13:53 -04:00 | cycle_start | cycle=229
2026-05-07 16:13:53 -04:00 | probe_ok | probe_v28_dual_lane_sidecar_safety_watch.py | elapsed_s=0.52
2026-05-07 16:13:53 -04:00 | probe_ok | probe_v28_dual_lane_live_market_update.py | elapsed_s=0.21
2026-05-07 16:13:53 -04:00 | probe_ok | probe_v28_dual_lane_readiness_checklist.py | elapsed_s=0.17
2026-05-07 16:13:54 -04:00 | probe_ok | probe_v28_dual_lane_snapshot_ledger.py | elapsed_s=0.2
2026-05-07 16:13:54 -04:00 | cycle_done | cycle=229
2026-05-07 16:14:54 -04:00 | cycle_start | cycle=230
2026-05-07 16:14:54 -04:00 | probe_ok | probe_v28_dual_lane_sidecar_safety_watch.py | elapsed_s=0.59
2026-05-07 16:14:54 -04:00 | probe_ok | probe_v28_dual_lane_live_market_update.py | elapsed_s=0.2
2026-05-07 16:14:55 -04:00 | probe_ok | probe_v28_dual_lane_readiness_checklist.py | elapsed_s=0.17
2026-05-07 16:14:55 -04:00 | probe_ok | probe_v28_dual_lane_snapshot_ledger.py | elapsed_s=0.2
2026-05-07 16:14:55 -04:00 | cycle_done | cycle=230
2026-05-07 16:15:55 -04:00 | cycle_start | cycle=231
2026-05-07 16:15:55 -04:00 | probe_ok | probe_v28_dual_lane_sidecar_safety_watch.py | elapsed_s=0.53
2026-05-07 16:15:56 -04:00 | probe_ok | probe_v28_dual_lane_live_market_update.py | elapsed_s=0.2
2026-05-07 16:15:56 -04:00 | probe_ok | probe_v28_dual_lane_readiness_checklist.py | elapsed_s=0.2
2026-05-07 16:15:56 -04:00 | probe_ok | probe_v28_dual_lane_snapshot_ledger.py | elapsed_s=0.24
2026-05-07 16:15:56 -04:00 | cycle_done | cycle=231
2026-05-07 16:16:56 -04:00 | cycle_start | cycle=232
2026-05-07 16:16:57 -04:00 | probe_ok | probe_v28_dual_lane_sidecar_safety_watch.py | elapsed_s=0.68
2026-05-07 16:16:57 -04:00 | probe_ok | probe_v28_dual_lane_live_market_update.py | elapsed_s=0.22
2026-05-07 16:16:57 -04:00 | probe_ok | probe_v28_dual_lane_readiness_checklist.py | elapsed_s=0.21
2026-05-07 16:16:57 -04:00 | probe_ok | probe_v28_dual_lane_snapshot_ledger.py | elapsed_s=0.21
2026-05-07 16:16:57 -04:00 | cycle_done | cycle=232
2026-05-07 16:17:57 -04:00 | cycle_start | cycle=233
2026-05-07 16:17:58 -04:00 | probe_ok | probe_v28_dual_lane_sidecar_safety_watch.py | elapsed_s=0.67
2026-05-07 16:17:58 -04:00 | probe_ok | probe_v28_dual_lane_live_market_update.py | elapsed_s=0.25
2026-05-07 16:17:59 -04:00 | probe_ok | probe_v28_dual_lane_readiness_checklist.py | elapsed_s=0.2
2026-05-07 16:17:59 -04:00 | probe_ok | probe_v28_dual_lane_snapshot_ledger.py | elapsed_s=0.22
2026-05-07 16:17:59 -04:00 | cycle_done | cycle=233
2026-05-07 16:18:59 -04:00 | cycle_start | cycle=234
2026-05-07 16:18:59 -04:00 | probe_ok | probe_v28_dual_lane_sidecar_safety_watch.py | elapsed_s=0.7
2026-05-07 16:19:00 -04:00 | probe_ok | probe_v28_dual_lane_live_market_update.py | elapsed_s=0.24
2026-05-07 16:19:00 -04:00 | probe_ok | probe_v28_dual_lane_readiness_checklist.py | elapsed_s=0.19
2026-05-07 16:19:00 -04:00 | probe_ok | probe_v28_dual_lane_snapshot_ledger.py | elapsed_s=0.23
2026-05-07 16:19:00 -04:00 | cycle_done | cycle=234
2026-05-07 16:20:00 -04:00 | cycle_start | cycle=235
2026-05-07 16:20:01 -04:00 | probe_ok | probe_v28_dual_lane_sidecar_safety_watch.py | elapsed_s=0.68
2026-05-07 16:20:01 -04:00 | probe_ok | probe_v28_dual_lane_live_market_update.py | elapsed_s=0.25
2026-05-07 16:20:01 -04:00 | probe_ok | probe_v28_dual_lane_readiness_checklist.py | elapsed_s=0.21
2026-05-07 16:20:02 -04:00 | probe_ok | probe_v28_dual_lane_snapshot_ledger.py | elapsed_s=0.22
2026-05-07 16:20:02 -04:00 | cycle_done | cycle=235
2026-05-07 16:21:02 -04:00 | cycle_start | cycle=236
2026-05-07 16:21:02 -04:00 | probe_ok | probe_v28_dual_lane_sidecar_safety_watch.py | elapsed_s=0.56
2026-05-07 16:21:02 -04:00 | probe_ok | probe_v28_dual_lane_live_market_update.py | elapsed_s=0.23
2026-05-07 16:21:03 -04:00 | probe_ok | probe_v28_dual_lane_readiness_checklist.py | elapsed_s=0.21
2026-05-07 16:21:03 -04:00 | probe_ok | probe_v28_dual_lane_snapshot_ledger.py | elapsed_s=0.2
2026-05-07 16:21:03 -04:00 | cycle_done | cycle=236
2026-05-07 16:22:03 -04:00 | cycle_start | cycle=237
2026-05-07 16:22:03 -04:00 | probe_ok | probe_v28_dual_lane_sidecar_safety_watch.py | elapsed_s=0.62
2026-05-07 16:22:04 -04:00 | probe_ok | probe_v28_dual_lane_live_market_update.py | elapsed_s=0.26
2026-05-07 16:22:04 -04:00 | probe_ok | probe_v28_dual_lane_readiness_checklist.py | elapsed_s=0.2
2026-05-07 16:22:04 -04:00 | probe_ok | probe_v28_dual_lane_snapshot_ledger.py | elapsed_s=0.22
2026-05-07 16:22:04 -04:00 | cycle_done | cycle=237
2026-05-07 16:23:04 -04:00 | cycle_start | cycle=238
2026-05-07 16:23:05 -04:00 | probe_ok | probe_v28_dual_lane_sidecar_safety_watch.py | elapsed_s=0.61
2026-05-07 16:23:05 -04:00 | probe_ok | probe_v28_dual_lane_live_market_update.py | elapsed_s=0.19
2026-05-07 16:23:05 -04:00 | probe_ok | probe_v28_dual_lane_readiness_checklist.py | elapsed_s=0.19
2026-05-07 16:23:05 -04:00 | probe_ok | probe_v28_dual_lane_snapshot_ledger.py | elapsed_s=0.24
2026-05-07 16:23:05 -04:00 | cycle_done | cycle=238
2026-05-07 16:24:05 -04:00 | cycle_start | cycle=239
2026-05-07 16:24:06 -04:00 | probe_ok | probe_v28_dual_lane_sidecar_safety_watch.py | elapsed_s=0.61
2026-05-07 16:24:06 -04:00 | probe_ok | probe_v28_dual_lane_live_market_update.py | elapsed_s=0.19
2026-05-07 16:24:06 -04:00 | probe_ok | probe_v28_dual_lane_readiness_checklist.py | elapsed_s=0.17
2026-05-07 16:24:07 -04:00 | probe_ok | probe_v28_dual_lane_snapshot_ledger.py | elapsed_s=0.23
2026-05-07 16:24:07 -04:00 | cycle_done | cycle=239
2026-05-07 16:25:07 -04:00 | cycle_start | cycle=240
2026-05-07 16:25:07 -04:00 | probe_ok | probe_v28_dual_lane_sidecar_safety_watch.py | elapsed_s=0.59
2026-05-07 16:25:07 -04:00 | probe_ok | probe_v28_dual_lane_live_market_update.py | elapsed_s=0.23
2026-05-07 16:25:08 -04:00 | probe_ok | probe_v28_dual_lane_readiness_checklist.py | elapsed_s=0.22
2026-05-07 16:25:08 -04:00 | probe_ok | probe_v28_dual_lane_snapshot_ledger.py | elapsed_s=0.24
2026-05-07 16:25:08 -04:00 | cycle_done | cycle=240
2026-05-07 16:26:08 -04:00 | cycle_start | cycle=241
2026-05-07 16:26:09 -04:00 | probe_ok | probe_v28_dual_lane_sidecar_safety_watch.py | elapsed_s=0.7
2026-05-07 16:26:09 -04:00 | probe_ok | probe_v28_dual_lane_live_market_update.py | elapsed_s=0.24
2026-05-07 16:26:09 -04:00 | probe_ok | probe_v28_dual_lane_readiness_checklist.py | elapsed_s=0.2
2026-05-07 16:26:09 -04:00 | probe_ok | probe_v28_dual_lane_snapshot_ledger.py | elapsed_s=0.22
2026-05-07 16:26:09 -04:00 | cycle_done | cycle=241
2026-05-07 16:27:09 -04:00 | cycle_start | cycle=242
2026-05-07 16:27:10 -04:00 | probe_ok | probe_v28_dual_lane_sidecar_safety_watch.py | elapsed_s=0.67
2026-05-07 16:27:10 -04:00 | probe_ok | probe_v28_dual_lane_live_market_update.py | elapsed_s=0.23
2026-05-07 16:27:10 -04:00 | probe_ok | probe_v28_dual_lane_readiness_checklist.py | elapsed_s=0.21
2026-05-07 16:27:11 -04:00 | probe_ok | probe_v28_dual_lane_snapshot_ledger.py | elapsed_s=0.24
2026-05-07 16:27:11 -04:00 | cycle_done | cycle=242
2026-05-07 16:28:11 -04:00 | cycle_start | cycle=243
2026-05-07 16:28:11 -04:00 | probe_ok | probe_v28_dual_lane_sidecar_safety_watch.py | elapsed_s=0.67
2026-05-07 16:28:12 -04:00 | probe_ok | probe_v28_dual_lane_live_market_update.py | elapsed_s=0.23
2026-05-07 16:28:12 -04:00 | probe_ok | probe_v28_dual_lane_readiness_checklist.py | elapsed_s=0.22
2026-05-07 16:28:12 -04:00 | probe_ok | probe_v28_dual_lane_snapshot_ledger.py | elapsed_s=0.22
2026-05-07 16:28:12 -04:00 | cycle_done | cycle=243
2026-05-07 16:29:12 -04:00 | cycle_start | cycle=244
2026-05-07 16:29:13 -04:00 | probe_ok | probe_v28_dual_lane_sidecar_safety_watch.py | elapsed_s=0.63
2026-05-07 16:29:13 -04:00 | probe_ok | probe_v28_dual_lane_live_market_update.py | elapsed_s=0.23
2026-05-07 16:29:13 -04:00 | probe_ok | probe_v28_dual_lane_readiness_checklist.py | elapsed_s=0.18
2026-05-07 16:29:13 -04:00 | probe_ok | probe_v28_dual_lane_snapshot_ledger.py | elapsed_s=0.21
2026-05-07 16:29:13 -04:00 | cycle_done | cycle=244
2026-05-07 16:30:13 -04:00 | cycle_start | cycle=245
2026-05-07 16:30:14 -04:00 | probe_ok | probe_v28_dual_lane_sidecar_safety_watch.py | elapsed_s=0.69
2026-05-07 16:30:14 -04:00 | probe_ok | probe_v28_dual_lane_live_market_update.py | elapsed_s=0.2
2026-05-07 16:30:14 -04:00 | probe_ok | probe_v28_dual_lane_readiness_checklist.py | elapsed_s=0.18
2026-05-07 16:30:15 -04:00 | probe_ok | probe_v28_dual_lane_snapshot_ledger.py | elapsed_s=0.19
2026-05-07 16:30:15 -04:00 | cycle_done | cycle=245
2026-05-07 16:31:15 -04:00 | cycle_start | cycle=246
2026-05-07 16:31:15 -04:00 | probe_ok | probe_v28_dual_lane_sidecar_safety_watch.py | elapsed_s=0.59
2026-05-07 16:31:15 -04:00 | probe_ok | probe_v28_dual_lane_live_market_update.py | elapsed_s=0.2
2026-05-07 16:31:16 -04:00 | probe_ok | probe_v28_dual_lane_readiness_checklist.py | elapsed_s=0.19
2026-05-07 16:31:16 -04:00 | probe_ok | probe_v28_dual_lane_snapshot_ledger.py | elapsed_s=0.22
2026-05-07 16:31:16 -04:00 | cycle_done | cycle=246
2026-05-07 16:32:16 -04:00 | cycle_start | cycle=247
2026-05-07 16:32:16 -04:00 | probe_ok | probe_v28_dual_lane_sidecar_safety_watch.py | elapsed_s=0.68
2026-05-07 16:32:17 -04:00 | probe_ok | probe_v28_dual_lane_live_market_update.py | elapsed_s=0.21
2026-05-07 16:32:17 -04:00 | probe_ok | probe_v28_dual_lane_readiness_checklist.py | elapsed_s=0.17
2026-05-07 16:32:17 -04:00 | probe_ok | probe_v28_dual_lane_snapshot_ledger.py | elapsed_s=0.24
2026-05-07 16:32:17 -04:00 | cycle_done | cycle=247
2026-05-07 16:33:17 -04:00 | cycle_start | cycle=248
2026-05-07 16:33:18 -04:00 | probe_ok | probe_v28_dual_lane_sidecar_safety_watch.py | elapsed_s=0.54
2026-05-07 16:33:18 -04:00 | probe_ok | probe_v28_dual_lane_live_market_update.py | elapsed_s=0.19
2026-05-07 16:33:18 -04:00 | probe_ok | probe_v28_dual_lane_readiness_checklist.py | elapsed_s=0.16
2026-05-07 16:33:18 -04:00 | probe_ok | probe_v28_dual_lane_snapshot_ledger.py | elapsed_s=0.18
2026-05-07 16:33:18 -04:00 | cycle_done | cycle=248
2026-05-07 16:34:18 -04:00 | cycle_start | cycle=249
2026-05-07 16:34:19 -04:00 | probe_ok | probe_v28_dual_lane_sidecar_safety_watch.py | elapsed_s=0.57
2026-05-07 16:34:19 -04:00 | probe_ok | probe_v28_dual_lane_live_market_update.py | elapsed_s=0.19
2026-05-07 16:34:19 -04:00 | probe_ok | probe_v28_dual_lane_readiness_checklist.py | elapsed_s=0.16
2026-05-07 16:34:19 -04:00 | probe_ok | probe_v28_dual_lane_snapshot_ledger.py | elapsed_s=0.19
2026-05-07 16:34:19 -04:00 | cycle_done | cycle=249
2026-05-07 16:35:19 -04:00 | cycle_start | cycle=250
2026-05-07 16:35:20 -04:00 | probe_ok | probe_v28_dual_lane_sidecar_safety_watch.py | elapsed_s=0.59
2026-05-07 16:35:20 -04:00 | probe_ok | probe_v28_dual_lane_live_market_update.py | elapsed_s=0.2
2026-05-07 16:35:20 -04:00 | probe_ok | probe_v28_dual_lane_readiness_checklist.py | elapsed_s=0.17
2026-05-07 16:35:21 -04:00 | probe_ok | probe_v28_dual_lane_snapshot_ledger.py | elapsed_s=0.21
2026-05-07 16:35:21 -04:00 | cycle_done | cycle=250
2026-05-07 16:36:21 -04:00 | cycle_start | cycle=251
2026-05-07 16:36:21 -04:00 | probe_ok | probe_v28_dual_lane_sidecar_safety_watch.py | elapsed_s=0.7
2026-05-07 16:36:21 -04:00 | probe_ok | probe_v28_dual_lane_live_market_update.py | elapsed_s=0.21
2026-05-07 16:36:22 -04:00 | probe_ok | probe_v28_dual_lane_readiness_checklist.py | elapsed_s=0.17
2026-05-07 16:36:22 -04:00 | probe_ok | probe_v28_dual_lane_snapshot_ledger.py | elapsed_s=0.19
2026-05-07 16:36:22 -04:00 | cycle_done | cycle=251
2026-05-07 16:37:22 -04:00 | cycle_start | cycle=252
2026-05-07 16:37:23 -04:00 | probe_ok | probe_v28_dual_lane_sidecar_safety_watch.py | elapsed_s=0.71
2026-05-07 16:37:23 -04:00 | probe_ok | probe_v28_dual_lane_live_market_update.py | elapsed_s=0.22
2026-05-07 16:37:23 -04:00 | probe_ok | probe_v28_dual_lane_readiness_checklist.py | elapsed_s=0.17
2026-05-07 16:37:23 -04:00 | probe_ok | probe_v28_dual_lane_snapshot_ledger.py | elapsed_s=0.2
2026-05-07 16:37:23 -04:00 | cycle_done | cycle=252
2026-05-07 16:38:23 -04:00 | cycle_start | cycle=253
2026-05-07 16:38:24 -04:00 | probe_ok | probe_v28_dual_lane_sidecar_safety_watch.py | elapsed_s=0.65
2026-05-07 16:38:24 -04:00 | probe_ok | probe_v28_dual_lane_live_market_update.py | elapsed_s=0.19
2026-05-07 16:38:24 -04:00 | probe_ok | probe_v28_dual_lane_readiness_checklist.py | elapsed_s=0.18
2026-05-07 16:38:24 -04:00 | probe_ok | probe_v28_dual_lane_snapshot_ledger.py | elapsed_s=0.2
2026-05-07 16:38:24 -04:00 | cycle_done | cycle=253
2026-05-07 16:39:24 -04:00 | cycle_start | cycle=254
2026-05-07 16:39:25 -04:00 | probe_ok | probe_v28_dual_lane_sidecar_safety_watch.py | elapsed_s=0.62
2026-05-07 16:39:25 -04:00 | probe_ok | probe_v28_dual_lane_live_market_update.py | elapsed_s=0.19
2026-05-07 16:39:25 -04:00 | probe_ok | probe_v28_dual_lane_readiness_checklist.py | elapsed_s=0.18
2026-05-07 16:39:26 -04:00 | probe_ok | probe_v28_dual_lane_snapshot_ledger.py | elapsed_s=0.2
2026-05-07 16:39:26 -04:00 | cycle_done | cycle=254
2026-05-07 16:40:26 -04:00 | cycle_start | cycle=255
2026-05-07 16:40:26 -04:00 | probe_ok | probe_v28_dual_lane_sidecar_safety_watch.py | elapsed_s=0.51
2026-05-07 16:40:26 -04:00 | probe_ok | probe_v28_dual_lane_live_market_update.py | elapsed_s=0.25
2026-05-07 16:40:27 -04:00 | probe_ok | probe_v28_dual_lane_readiness_checklist.py | elapsed_s=0.16
2026-05-07 16:40:27 -04:00 | probe_ok | probe_v28_dual_lane_snapshot_ledger.py | elapsed_s=0.2
2026-05-07 16:40:27 -04:00 | cycle_done | cycle=255
2026-05-07 16:41:27 -04:00 | cycle_start | cycle=256
2026-05-07 16:41:27 -04:00 | probe_ok | probe_v28_dual_lane_sidecar_safety_watch.py | elapsed_s=0.57
2026-05-07 16:41:28 -04:00 | probe_ok | probe_v28_dual_lane_live_market_update.py | elapsed_s=0.22
2026-05-07 16:41:28 -04:00 | probe_ok | probe_v28_dual_lane_readiness_checklist.py | elapsed_s=0.21
2026-05-07 16:41:28 -04:00 | probe_ok | probe_v28_dual_lane_snapshot_ledger.py | elapsed_s=0.2
2026-05-07 16:41:28 -04:00 | cycle_done | cycle=256
2026-05-07 16:42:28 -04:00 | cycle_start | cycle=257
2026-05-07 16:42:29 -04:00 | probe_ok | probe_v28_dual_lane_sidecar_safety_watch.py | elapsed_s=0.58
2026-05-07 16:42:29 -04:00 | probe_ok | probe_v28_dual_lane_live_market_update.py | elapsed_s=0.19
2026-05-07 16:42:29 -04:00 | probe_ok | probe_v28_dual_lane_readiness_checklist.py | elapsed_s=0.2
2026-05-07 16:42:29 -04:00 | probe_ok | probe_v28_dual_lane_snapshot_ledger.py | elapsed_s=0.2
2026-05-07 16:42:29 -04:00 | cycle_done | cycle=257
2026-05-07 16:43:29 -04:00 | cycle_start | cycle=258
2026-05-07 16:43:30 -04:00 | probe_ok | probe_v28_dual_lane_sidecar_safety_watch.py | elapsed_s=0.46
2026-05-07 16:43:30 -04:00 | probe_ok | probe_v28_dual_lane_live_market_update.py | elapsed_s=0.16
2026-05-07 16:43:30 -04:00 | probe_ok | probe_v28_dual_lane_readiness_checklist.py | elapsed_s=0.13
2026-05-07 16:43:30 -04:00 | probe_ok | probe_v28_dual_lane_snapshot_ledger.py | elapsed_s=0.15
2026-05-07 16:43:30 -04:00 | cycle_done | cycle=258
2026-05-07 16:44:30 -04:00 | cycle_start | cycle=259
2026-05-07 16:44:31 -04:00 | probe_ok | probe_v28_dual_lane_sidecar_safety_watch.py | elapsed_s=0.41
2026-05-07 16:44:31 -04:00 | probe_ok | probe_v28_dual_lane_live_market_update.py | elapsed_s=0.14
2026-05-07 16:44:31 -04:00 | probe_ok | probe_v28_dual_lane_readiness_checklist.py | elapsed_s=0.12
2026-05-07 16:44:31 -04:00 | probe_ok | probe_v28_dual_lane_snapshot_ledger.py | elapsed_s=0.15
2026-05-07 16:44:31 -04:00 | cycle_done | cycle=259
2026-05-07 16:45:31 -04:00 | cycle_start | cycle=260
2026-05-07 16:45:31 -04:00 | probe_ok | probe_v28_dual_lane_sidecar_safety_watch.py | elapsed_s=0.42
2026-05-07 16:45:32 -04:00 | probe_ok | probe_v28_dual_lane_live_market_update.py | elapsed_s=0.14
2026-05-07 16:45:32 -04:00 | probe_ok | probe_v28_dual_lane_readiness_checklist.py | elapsed_s=0.14
2026-05-07 16:45:32 -04:00 | probe_ok | probe_v28_dual_lane_snapshot_ledger.py | elapsed_s=0.16
2026-05-07 16:45:32 -04:00 | cycle_done | cycle=260
2026-05-07 16:46:32 -04:00 | cycle_start | cycle=261
2026-05-07 16:46:32 -04:00 | probe_ok | probe_v28_dual_lane_sidecar_safety_watch.py | elapsed_s=0.41
2026-05-07 16:46:32 -04:00 | probe_ok | probe_v28_dual_lane_live_market_update.py | elapsed_s=0.14
2026-05-07 16:46:33 -04:00 | probe_ok | probe_v28_dual_lane_readiness_checklist.py | elapsed_s=0.12
2026-05-07 16:46:33 -04:00 | probe_ok | probe_v28_dual_lane_snapshot_ledger.py | elapsed_s=0.14
2026-05-07 16:46:33 -04:00 | cycle_done | cycle=261
2026-05-07 16:47:33 -04:00 | cycle_start | cycle=262
2026-05-07 16:47:33 -04:00 | probe_ok | probe_v28_dual_lane_sidecar_safety_watch.py | elapsed_s=0.4
2026-05-07 16:47:33 -04:00 | probe_ok | probe_v28_dual_lane_live_market_update.py | elapsed_s=0.14
2026-05-07 16:47:33 -04:00 | probe_ok | probe_v28_dual_lane_readiness_checklist.py | elapsed_s=0.15
2026-05-07 16:47:34 -04:00 | probe_ok | probe_v28_dual_lane_snapshot_ledger.py | elapsed_s=0.15
2026-05-07 16:47:34 -04:00 | cycle_done | cycle=262
2026-05-07 16:48:34 -04:00 | cycle_start | cycle=263
2026-05-07 16:48:34 -04:00 | probe_ok | probe_v28_dual_lane_sidecar_safety_watch.py | elapsed_s=0.4
2026-05-07 16:48:34 -04:00 | probe_ok | probe_v28_dual_lane_live_market_update.py | elapsed_s=0.14
2026-05-07 16:48:34 -04:00 | probe_ok | probe_v28_dual_lane_readiness_checklist.py | elapsed_s=0.11
2026-05-07 16:48:34 -04:00 | probe_ok | probe_v28_dual_lane_snapshot_ledger.py | elapsed_s=0.13
2026-05-07 16:48:34 -04:00 | cycle_done | cycle=263
2026-05-07 16:49:34 -04:00 | cycle_start | cycle=264
2026-05-07 16:49:35 -04:00 | probe_ok | probe_v28_dual_lane_sidecar_safety_watch.py | elapsed_s=0.46
2026-05-07 16:49:35 -04:00 | probe_ok | probe_v28_dual_lane_live_market_update.py | elapsed_s=0.16
2026-05-07 16:49:35 -04:00 | probe_ok | probe_v28_dual_lane_readiness_checklist.py | elapsed_s=0.15
2026-05-07 16:49:35 -04:00 | probe_ok | probe_v28_dual_lane_snapshot_ledger.py | elapsed_s=0.15
2026-05-07 16:49:35 -04:00 | cycle_done | cycle=264
2026-05-07 16:50:35 -04:00 | cycle_start | cycle=265
2026-05-07 16:50:36 -04:00 | probe_ok | probe_v28_dual_lane_sidecar_safety_watch.py | elapsed_s=0.45
2026-05-07 16:50:36 -04:00 | probe_ok | probe_v28_dual_lane_live_market_update.py | elapsed_s=0.17
2026-05-07 16:50:36 -04:00 | probe_ok | probe_v28_dual_lane_readiness_checklist.py | elapsed_s=0.13
2026-05-07 16:50:36 -04:00 | probe_ok | probe_v28_dual_lane_snapshot_ledger.py | elapsed_s=0.15
2026-05-07 16:50:36 -04:00 | cycle_done | cycle=265
2026-05-07 16:51:36 -04:00 | cycle_start | cycle=266
2026-05-07 16:51:37 -04:00 | probe_ok | probe_v28_dual_lane_sidecar_safety_watch.py | elapsed_s=0.4
2026-05-07 16:51:37 -04:00 | probe_ok | probe_v28_dual_lane_live_market_update.py | elapsed_s=0.2
2026-05-07 16:51:37 -04:00 | probe_ok | probe_v28_dual_lane_readiness_checklist.py | elapsed_s=0.14
2026-05-07 16:51:37 -04:00 | probe_ok | probe_v28_dual_lane_snapshot_ledger.py | elapsed_s=0.15
2026-05-07 16:51:37 -04:00 | cycle_done | cycle=266
2026-05-07 16:52:37 -04:00 | cycle_start | cycle=267
2026-05-07 16:52:38 -04:00 | probe_ok | probe_v28_dual_lane_sidecar_safety_watch.py | elapsed_s=0.38
2026-05-07 16:52:38 -04:00 | probe_ok | probe_v28_dual_lane_live_market_update.py | elapsed_s=0.17
2026-05-07 16:52:38 -04:00 | probe_ok | probe_v28_dual_lane_readiness_checklist.py | elapsed_s=0.13
2026-05-07 16:52:38 -04:00 | probe_ok | probe_v28_dual_lane_snapshot_ledger.py | elapsed_s=0.16
2026-05-07 16:52:38 -04:00 | cycle_done | cycle=267
2026-05-07 16:53:38 -04:00 | cycle_start | cycle=268
2026-05-07 16:53:39 -04:00 | probe_ok | probe_v28_dual_lane_sidecar_safety_watch.py | elapsed_s=0.39
2026-05-07 16:53:39 -04:00 | probe_ok | probe_v28_dual_lane_live_market_update.py | elapsed_s=0.15
2026-05-07 16:53:39 -04:00 | probe_ok | probe_v28_dual_lane_readiness_checklist.py | elapsed_s=0.13
2026-05-07 16:53:39 -04:00 | probe_ok | probe_v28_dual_lane_snapshot_ledger.py | elapsed_s=0.16
2026-05-07 16:53:39 -04:00 | cycle_done | cycle=268
2026-05-07 16:54:39 -04:00 | cycle_start | cycle=269
2026-05-07 16:54:39 -04:00 | probe_ok | probe_v28_dual_lane_sidecar_safety_watch.py | elapsed_s=0.39
2026-05-07 16:54:40 -04:00 | probe_ok | probe_v28_dual_lane_live_market_update.py | elapsed_s=0.17
2026-05-07 16:54:40 -04:00 | probe_ok | probe_v28_dual_lane_readiness_checklist.py | elapsed_s=0.13
2026-05-07 16:54:40 -04:00 | probe_ok | probe_v28_dual_lane_snapshot_ledger.py | elapsed_s=0.16
2026-05-07 16:54:40 -04:00 | cycle_done | cycle=269
2026-05-07 16:55:40 -04:00 | cycle_start | cycle=270
2026-05-07 16:55:40 -04:00 | probe_ok | probe_v28_dual_lane_sidecar_safety_watch.py | elapsed_s=0.4
2026-05-07 16:55:41 -04:00 | probe_ok | probe_v28_dual_lane_live_market_update.py | elapsed_s=0.16
2026-05-07 16:55:41 -04:00 | probe_ok | probe_v28_dual_lane_readiness_checklist.py | elapsed_s=0.15
2026-05-07 16:55:41 -04:00 | probe_ok | probe_v28_dual_lane_snapshot_ledger.py | elapsed_s=0.16
2026-05-07 16:55:41 -04:00 | cycle_done | cycle=270
2026-05-07 16:56:41 -04:00 | cycle_start | cycle=271
2026-05-07 16:56:41 -04:00 | probe_ok | probe_v28_dual_lane_sidecar_safety_watch.py | elapsed_s=0.4
2026-05-07 16:56:41 -04:00 | probe_ok | probe_v28_dual_lane_live_market_update.py | elapsed_s=0.16
2026-05-07 16:56:42 -04:00 | probe_ok | probe_v28_dual_lane_readiness_checklist.py | elapsed_s=0.15
2026-05-07 16:56:42 -04:00 | probe_ok | probe_v28_dual_lane_snapshot_ledger.py | elapsed_s=0.17
2026-05-07 16:56:42 -04:00 | cycle_done | cycle=271
2026-05-07 16:57:42 -04:00 | cycle_start | cycle=272
2026-05-07 16:57:42 -04:00 | probe_ok | probe_v28_dual_lane_sidecar_safety_watch.py | elapsed_s=0.42
2026-05-07 16:57:42 -04:00 | probe_ok | probe_v28_dual_lane_live_market_update.py | elapsed_s=0.17
2026-05-07 16:57:43 -04:00 | probe_ok | probe_v28_dual_lane_readiness_checklist.py | elapsed_s=0.15
2026-05-07 16:57:43 -04:00 | probe_ok | probe_v28_dual_lane_snapshot_ledger.py | elapsed_s=0.16
2026-05-07 16:57:43 -04:00 | cycle_done | cycle=272
2026-05-07 16:58:43 -04:00 | cycle_start | cycle=273
2026-05-07 16:58:43 -04:00 | probe_ok | probe_v28_dual_lane_sidecar_safety_watch.py | elapsed_s=0.4
2026-05-07 16:58:43 -04:00 | probe_ok | probe_v28_dual_lane_live_market_update.py | elapsed_s=0.17
2026-05-07 16:58:43 -04:00 | probe_ok | probe_v28_dual_lane_readiness_checklist.py | elapsed_s=0.13
2026-05-07 16:58:44 -04:00 | probe_ok | probe_v28_dual_lane_snapshot_ledger.py | elapsed_s=0.16
2026-05-07 16:58:44 -04:00 | cycle_done | cycle=273
2026-05-07 16:59:44 -04:00 | cycle_start | cycle=274
2026-05-07 16:59:44 -04:00 | probe_ok | probe_v28_dual_lane_sidecar_safety_watch.py | elapsed_s=0.41
2026-05-07 16:59:44 -04:00 | probe_ok | probe_v28_dual_lane_live_market_update.py | elapsed_s=0.18
2026-05-07 16:59:44 -04:00 | probe_ok | probe_v28_dual_lane_readiness_checklist.py | elapsed_s=0.13
2026-05-07 16:59:44 -04:00 | probe_ok | probe_v28_dual_lane_snapshot_ledger.py | elapsed_s=0.16
2026-05-07 16:59:44 -04:00 | cycle_done | cycle=274
2026-05-07 17:00:44 -04:00 | cycle_start | cycle=275
2026-05-07 17:00:45 -04:00 | probe_ok | probe_v28_dual_lane_sidecar_safety_watch.py | elapsed_s=0.43
2026-05-07 17:00:45 -04:00 | probe_ok | probe_v28_dual_lane_live_market_update.py | elapsed_s=0.16
2026-05-07 17:00:45 -04:00 | probe_ok | probe_v28_dual_lane_readiness_checklist.py | elapsed_s=0.15
2026-05-07 17:00:45 -04:00 | probe_ok | probe_v28_dual_lane_snapshot_ledger.py | elapsed_s=0.17
2026-05-07 17:00:45 -04:00 | cycle_done | cycle=275
2026-05-07 17:01:45 -04:00 | cycle_start | cycle=276
2026-05-07 17:01:46 -04:00 | probe_ok | probe_v28_dual_lane_sidecar_safety_watch.py | elapsed_s=0.44
2026-05-07 17:01:46 -04:00 | probe_ok | probe_v28_dual_lane_live_market_update.py | elapsed_s=0.2
2026-05-07 17:01:46 -04:00 | probe_ok | probe_v28_dual_lane_readiness_checklist.py | elapsed_s=0.14
2026-05-07 17:01:46 -04:00 | probe_ok | probe_v28_dual_lane_snapshot_ledger.py | elapsed_s=0.19
2026-05-07 17:01:46 -04:00 | cycle_done | cycle=276
2026-05-07 17:02:46 -04:00 | cycle_start | cycle=277
2026-05-07 17:02:47 -04:00 | probe_ok | probe_v28_dual_lane_sidecar_safety_watch.py | elapsed_s=0.42
2026-05-07 17:02:47 -04:00 | probe_ok | probe_v28_dual_lane_live_market_update.py | elapsed_s=0.19
2026-05-07 17:02:47 -04:00 | probe_ok | probe_v28_dual_lane_readiness_checklist.py | elapsed_s=0.15
2026-05-07 17:02:47 -04:00 | probe_ok | probe_v28_dual_lane_snapshot_ledger.py | elapsed_s=0.16
2026-05-07 17:02:47 -04:00 | cycle_done | cycle=277
2026-05-07 17:03:47 -04:00 | cycle_start | cycle=278
2026-05-07 17:03:48 -04:00 | probe_ok | probe_v28_dual_lane_sidecar_safety_watch.py | elapsed_s=0.42
2026-05-07 17:03:48 -04:00 | probe_ok | probe_v28_dual_lane_live_market_update.py | elapsed_s=0.17
2026-05-07 17:03:48 -04:00 | probe_ok | probe_v28_dual_lane_readiness_checklist.py | elapsed_s=0.12
2026-05-07 17:03:48 -04:00 | probe_ok | probe_v28_dual_lane_snapshot_ledger.py | elapsed_s=0.22
2026-05-07 17:03:48 -04:00 | cycle_done | cycle=278
2026-05-07 17:04:48 -04:00 | cycle_start | cycle=279
2026-05-07 17:04:49 -04:00 | probe_ok | probe_v28_dual_lane_sidecar_safety_watch.py | elapsed_s=0.41
2026-05-07 17:04:49 -04:00 | probe_ok | probe_v28_dual_lane_live_market_update.py | elapsed_s=0.17
2026-05-07 17:04:49 -04:00 | probe_ok | probe_v28_dual_lane_readiness_checklist.py | elapsed_s=0.13
2026-05-07 17:04:49 -04:00 | probe_ok | probe_v28_dual_lane_snapshot_ledger.py | elapsed_s=0.14
2026-05-07 17:04:49 -04:00 | cycle_done | cycle=279
2026-05-07 17:05:49 -04:00 | cycle_start | cycle=280
2026-05-07 17:05:50 -04:00 | probe_ok | probe_v28_dual_lane_sidecar_safety_watch.py | elapsed_s=0.45
2026-05-07 17:05:50 -04:00 | probe_ok | probe_v28_dual_lane_live_market_update.py | elapsed_s=0.18
2026-05-07 17:05:50 -04:00 | probe_ok | probe_v28_dual_lane_readiness_checklist.py | elapsed_s=0.15
2026-05-07 17:05:50 -04:00 | probe_ok | probe_v28_dual_lane_snapshot_ledger.py | elapsed_s=0.17
2026-05-07 17:05:50 -04:00 | cycle_done | cycle=280
2026-05-07 17:06:50 -04:00 | cycle_start | cycle=281
2026-05-07 17:06:51 -04:00 | probe_ok | probe_v28_dual_lane_sidecar_safety_watch.py | elapsed_s=0.44
2026-05-07 17:06:51 -04:00 | probe_ok | probe_v28_dual_lane_live_market_update.py | elapsed_s=0.19
2026-05-07 17:06:51 -04:00 | probe_ok | probe_v28_dual_lane_readiness_checklist.py | elapsed_s=0.14
2026-05-07 17:06:51 -04:00 | probe_ok | probe_v28_dual_lane_snapshot_ledger.py | elapsed_s=0.16
2026-05-07 17:06:51 -04:00 | cycle_done | cycle=281
2026-05-07 17:07:51 -04:00 | cycle_start | cycle=282
2026-05-07 17:07:52 -04:00 | probe_ok | probe_v28_dual_lane_sidecar_safety_watch.py | elapsed_s=0.47
2026-05-07 17:07:52 -04:00 | probe_ok | probe_v28_dual_lane_live_market_update.py | elapsed_s=0.19
2026-05-07 17:07:52 -04:00 | probe_ok | probe_v28_dual_lane_readiness_checklist.py | elapsed_s=0.15
2026-05-07 17:07:52 -04:00 | probe_ok | probe_v28_dual_lane_snapshot_ledger.py | elapsed_s=0.18
2026-05-07 17:07:52 -04:00 | cycle_done | cycle=282
2026-05-07 17:08:52 -04:00 | cycle_start | cycle=283
2026-05-07 17:08:53 -04:00 | probe_ok | probe_v28_dual_lane_sidecar_safety_watch.py | elapsed_s=0.46
2026-05-07 17:08:53 -04:00 | probe_ok | probe_v28_dual_lane_live_market_update.py | elapsed_s=0.19
2026-05-07 17:08:53 -04:00 | probe_ok | probe_v28_dual_lane_readiness_checklist.py | elapsed_s=0.15
2026-05-07 17:08:53 -04:00 | probe_ok | probe_v28_dual_lane_snapshot_ledger.py | elapsed_s=0.2
2026-05-07 17:08:53 -04:00 | cycle_done | cycle=283
2026-05-07 17:09:53 -04:00 | cycle_start | cycle=284
2026-05-07 17:09:54 -04:00 | probe_ok | probe_v28_dual_lane_sidecar_safety_watch.py | elapsed_s=0.47
2026-05-07 17:09:54 -04:00 | probe_ok | probe_v28_dual_lane_live_market_update.py | elapsed_s=0.2
2026-05-07 17:09:54 -04:00 | probe_ok | probe_v28_dual_lane_readiness_checklist.py | elapsed_s=0.16
2026-05-07 17:09:54 -04:00 | probe_ok | probe_v28_dual_lane_snapshot_ledger.py | elapsed_s=0.18
2026-05-07 17:09:54 -04:00 | cycle_done | cycle=284
2026-05-07 17:10:54 -04:00 | cycle_start | cycle=285
2026-05-07 17:10:54 -04:00 | probe_ok | probe_v28_dual_lane_sidecar_safety_watch.py | elapsed_s=0.24
2026-05-07 17:10:55 -04:00 | probe_ok | probe_v28_dual_lane_live_market_update.py | elapsed_s=0.1
2026-05-07 17:10:55 -04:00 | probe_ok | probe_v28_dual_lane_readiness_checklist.py | elapsed_s=0.07
2026-05-07 17:10:55 -04:00 | probe_ok | probe_v28_dual_lane_snapshot_ledger.py | elapsed_s=0.09
2026-05-07 17:10:55 -04:00 | cycle_done | cycle=285
2026-05-07 17:11:55 -04:00 | cycle_start | cycle=286
2026-05-07 17:11:55 -04:00 | probe_ok | probe_v28_dual_lane_sidecar_safety_watch.py | elapsed_s=0.25
2026-05-07 17:11:55 -04:00 | probe_ok | probe_v28_dual_lane_live_market_update.py | elapsed_s=0.11
2026-05-07 17:11:55 -04:00 | probe_ok | probe_v28_dual_lane_readiness_checklist.py | elapsed_s=0.09
2026-05-07 17:11:55 -04:00 | probe_ok | probe_v28_dual_lane_snapshot_ledger.py | elapsed_s=0.12
2026-05-07 17:11:55 -04:00 | cycle_done | cycle=286
2026-05-07 17:12:55 -04:00 | cycle_start | cycle=287
2026-05-07 17:12:56 -04:00 | probe_ok | probe_v28_dual_lane_sidecar_safety_watch.py | elapsed_s=0.29
2026-05-07 17:12:56 -04:00 | probe_ok | probe_v28_dual_lane_live_market_update.py | elapsed_s=0.12
2026-05-07 17:12:56 -04:00 | probe_ok | probe_v28_dual_lane_readiness_checklist.py | elapsed_s=0.11
2026-05-07 17:12:56 -04:00 | probe_ok | probe_v28_dual_lane_snapshot_ledger.py | elapsed_s=0.13
2026-05-07 17:12:56 -04:00 | cycle_done | cycle=287
2026-05-07 17:13:56 -04:00 | cycle_start | cycle=288
2026-05-07 17:13:56 -04:00 | probe_ok | probe_v28_dual_lane_sidecar_safety_watch.py | elapsed_s=0.22
2026-05-07 17:13:56 -04:00 | probe_ok | probe_v28_dual_lane_live_market_update.py | elapsed_s=0.13
2026-05-07 17:13:56 -04:00 | probe_ok | probe_v28_dual_lane_readiness_checklist.py | elapsed_s=0.07
2026-05-07 17:13:57 -04:00 | probe_ok | probe_v28_dual_lane_snapshot_ledger.py | elapsed_s=0.09
2026-05-07 17:13:57 -04:00 | cycle_done | cycle=288
2026-05-07 17:14:57 -04:00 | cycle_start | cycle=289
2026-05-07 17:14:57 -04:00 | probe_ok | probe_v28_dual_lane_sidecar_safety_watch.py | elapsed_s=0.29
2026-05-07 17:14:57 -04:00 | probe_ok | probe_v28_dual_lane_live_market_update.py | elapsed_s=0.12
2026-05-07 17:14:57 -04:00 | probe_ok | probe_v28_dual_lane_readiness_checklist.py | elapsed_s=0.09
2026-05-07 17:14:57 -04:00 | probe_ok | probe_v28_dual_lane_snapshot_ledger.py | elapsed_s=0.11
2026-05-07 17:14:57 -04:00 | cycle_done | cycle=289
2026-05-07 17:15:57 -04:00 | cycle_start | cycle=290
2026-05-07 17:15:57 -04:00 | probe_ok | probe_v28_dual_lane_sidecar_safety_watch.py | elapsed_s=0.21
2026-05-07 17:15:58 -04:00 | probe_ok | probe_v28_dual_lane_live_market_update.py | elapsed_s=0.1
2026-05-07 17:15:58 -04:00 | probe_ok | probe_v28_dual_lane_readiness_checklist.py | elapsed_s=0.07
2026-05-07 17:15:58 -04:00 | probe_ok | probe_v28_dual_lane_snapshot_ledger.py | elapsed_s=0.08
2026-05-07 17:15:58 -04:00 | cycle_done | cycle=290
2026-05-07 17:16:58 -04:00 | cycle_start | cycle=291
2026-05-07 17:16:58 -04:00 | probe_ok | probe_v28_dual_lane_sidecar_safety_watch.py | elapsed_s=0.34
2026-05-07 17:16:58 -04:00 | probe_ok | probe_v28_dual_lane_live_market_update.py | elapsed_s=0.14
2026-05-07 17:16:58 -04:00 | probe_ok | probe_v28_dual_lane_readiness_checklist.py | elapsed_s=0.13
2026-05-07 17:16:58 -04:00 | probe_ok | probe_v28_dual_lane_snapshot_ledger.py | elapsed_s=0.13
2026-05-07 17:16:58 -04:00 | cycle_done | cycle=291
2026-05-07 17:17:58 -04:00 | cycle_start | cycle=292
2026-05-07 17:17:59 -04:00 | probe_ok | probe_v28_dual_lane_sidecar_safety_watch.py | elapsed_s=0.21
2026-05-07 17:17:59 -04:00 | probe_ok | probe_v28_dual_lane_live_market_update.py | elapsed_s=0.1
2026-05-07 17:17:59 -04:00 | probe_ok | probe_v28_dual_lane_readiness_checklist.py | elapsed_s=0.08
2026-05-07 17:17:59 -04:00 | probe_ok | probe_v28_dual_lane_snapshot_ledger.py | elapsed_s=0.08
2026-05-07 17:17:59 -04:00 | cycle_done | cycle=292
2026-05-07 17:18:59 -04:00 | cycle_start | cycle=293
2026-05-07 17:18:59 -04:00 | probe_ok | probe_v28_dual_lane_sidecar_safety_watch.py | elapsed_s=0.23
2026-05-07 17:18:59 -04:00 | probe_ok | probe_v28_dual_lane_live_market_update.py | elapsed_s=0.12
2026-05-07 17:18:59 -04:00 | probe_ok | probe_v28_dual_lane_readiness_checklist.py | elapsed_s=0.08
2026-05-07 17:18:59 -04:00 | probe_ok | probe_v28_dual_lane_snapshot_ledger.py | elapsed_s=0.08
2026-05-07 17:18:59 -04:00 | cycle_done | cycle=293
2026-05-07 17:19:59 -04:00 | cycle_start | cycle=294
2026-05-07 17:20:00 -04:00 | probe_ok | probe_v28_dual_lane_sidecar_safety_watch.py | elapsed_s=0.22
2026-05-07 17:20:00 -04:00 | probe_ok | probe_v28_dual_lane_live_market_update.py | elapsed_s=0.11
2026-05-07 17:20:00 -04:00 | probe_ok | probe_v28_dual_lane_readiness_checklist.py | elapsed_s=0.08
2026-05-07 17:20:00 -04:00 | probe_ok | probe_v28_dual_lane_snapshot_ledger.py | elapsed_s=0.08
2026-05-07 17:20:00 -04:00 | cycle_done | cycle=294
2026-05-07 17:21:00 -04:00 | cycle_start | cycle=295
2026-05-07 17:21:00 -04:00 | probe_ok | probe_v28_dual_lane_sidecar_safety_watch.py | elapsed_s=0.21
2026-05-07 17:21:00 -04:00 | probe_ok | probe_v28_dual_lane_live_market_update.py | elapsed_s=0.09
2026-05-07 17:21:00 -04:00 | probe_ok | probe_v28_dual_lane_readiness_checklist.py | elapsed_s=0.07
2026-05-07 17:21:00 -04:00 | probe_ok | probe_v28_dual_lane_snapshot_ledger.py | elapsed_s=0.09
2026-05-07 17:21:00 -04:00 | cycle_done | cycle=295
2026-05-07 17:22:00 -04:00 | cycle_start | cycle=296
2026-05-07 17:22:01 -04:00 | probe_ok | probe_v28_dual_lane_sidecar_safety_watch.py | elapsed_s=0.32
2026-05-07 17:22:01 -04:00 | probe_ok | probe_v28_dual_lane_live_market_update.py | elapsed_s=0.13
2026-05-07 17:22:01 -04:00 | probe_ok | probe_v28_dual_lane_readiness_checklist.py | elapsed_s=0.16
2026-05-07 17:22:01 -04:00 | probe_ok | probe_v28_dual_lane_snapshot_ledger.py | elapsed_s=0.12
2026-05-07 17:22:01 -04:00 | cycle_done | cycle=296
2026-05-07 17:23:01 -04:00 | cycle_start | cycle=297
2026-05-07 17:23:01 -04:00 | probe_ok | probe_v28_dual_lane_sidecar_safety_watch.py | elapsed_s=0.2
2026-05-07 17:23:02 -04:00 | probe_ok | probe_v28_dual_lane_live_market_update.py | elapsed_s=0.1
2026-05-07 17:23:02 -04:00 | probe_ok | probe_v28_dual_lane_readiness_checklist.py | elapsed_s=0.07
2026-05-07 17:23:02 -04:00 | probe_ok | probe_v28_dual_lane_snapshot_ledger.py | elapsed_s=0.08
2026-05-07 17:23:02 -04:00 | cycle_done | cycle=297
2026-05-07 17:24:02 -04:00 | cycle_start | cycle=298
2026-05-07 17:24:02 -04:00 | probe_ok | probe_v28_dual_lane_sidecar_safety_watch.py | elapsed_s=0.19
2026-05-07 17:24:02 -04:00 | probe_ok | probe_v28_dual_lane_live_market_update.py | elapsed_s=0.09
2026-05-07 17:24:02 -04:00 | probe_ok | probe_v28_dual_lane_readiness_checklist.py | elapsed_s=0.07
2026-05-07 17:24:02 -04:00 | probe_ok | probe_v28_dual_lane_snapshot_ledger.py | elapsed_s=0.08
2026-05-07 17:24:02 -04:00 | cycle_done | cycle=298
2026-05-07 17:25:02 -04:00 | cycle_start | cycle=299
2026-05-07 17:25:02 -04:00 | probe_ok | probe_v28_dual_lane_sidecar_safety_watch.py | elapsed_s=0.22
2026-05-07 17:25:02 -04:00 | probe_ok | probe_v28_dual_lane_live_market_update.py | elapsed_s=0.09
2026-05-07 17:25:03 -04:00 | probe_ok | probe_v28_dual_lane_readiness_checklist.py | elapsed_s=0.08
2026-05-07 17:25:03 -04:00 | probe_ok | probe_v28_dual_lane_snapshot_ledger.py | elapsed_s=0.08
2026-05-07 17:25:03 -04:00 | cycle_done | cycle=299
2026-05-07 17:26:03 -04:00 | cycle_start | cycle=300
2026-05-07 17:26:03 -04:00 | probe_ok | probe_v28_dual_lane_sidecar_safety_watch.py | elapsed_s=0.63
2026-05-07 17:26:03 -04:00 | probe_ok | probe_v28_dual_lane_live_market_update.py | elapsed_s=0.1
2026-05-07 17:26:03 -04:00 | probe_ok | probe_v28_dual_lane_readiness_checklist.py | elapsed_s=0.08
2026-05-07 17:26:04 -04:00 | probe_ok | probe_v28_dual_lane_snapshot_ledger.py | elapsed_s=0.09
2026-05-07 17:26:04 -04:00 | cycle_done | cycle=300
2026-05-07 17:27:04 -04:00 | cycle_start | cycle=301
2026-05-07 17:27:04 -04:00 | probe_ok | probe_v28_dual_lane_sidecar_safety_watch.py | elapsed_s=0.24
2026-05-07 17:27:04 -04:00 | probe_ok | probe_v28_dual_lane_live_market_update.py | elapsed_s=0.14
2026-05-07 17:27:04 -04:00 | probe_ok | probe_v28_dual_lane_readiness_checklist.py | elapsed_s=0.09
2026-05-07 17:27:04 -04:00 | probe_ok | probe_v28_dual_lane_snapshot_ledger.py | elapsed_s=0.12
2026-05-07 17:27:04 -04:00 | cycle_done | cycle=301
2026-05-07 17:28:04 -04:00 | cycle_start | cycle=302
2026-05-07 17:28:05 -04:00 | probe_ok | probe_v28_dual_lane_sidecar_safety_watch.py | elapsed_s=0.33
2026-05-07 17:28:05 -04:00 | probe_ok | probe_v28_dual_lane_live_market_update.py | elapsed_s=0.13
2026-05-07 17:28:05 -04:00 | probe_ok | probe_v28_dual_lane_readiness_checklist.py | elapsed_s=0.11
2026-05-07 17:28:05 -04:00 | probe_ok | probe_v28_dual_lane_snapshot_ledger.py | elapsed_s=0.13
2026-05-07 17:28:05 -04:00 | cycle_done | cycle=302
2026-05-07 17:29:05 -04:00 | cycle_start | cycle=303
2026-05-07 17:29:05 -04:00 | probe_ok | probe_v28_dual_lane_sidecar_safety_watch.py | elapsed_s=0.21
2026-05-07 17:29:05 -04:00 | probe_ok | probe_v28_dual_lane_live_market_update.py | elapsed_s=0.08
2026-05-07 17:29:05 -04:00 | probe_ok | probe_v28_dual_lane_readiness_checklist.py | elapsed_s=0.07
2026-05-07 17:29:05 -04:00 | probe_ok | probe_v28_dual_lane_snapshot_ledger.py | elapsed_s=0.08
2026-05-07 17:29:05 -04:00 | cycle_done | cycle=303
2026-05-07 17:30:05 -04:00 | cycle_start | cycle=304
2026-05-07 17:30:06 -04:00 | probe_ok | probe_v28_dual_lane_sidecar_safety_watch.py | elapsed_s=0.2
2026-05-07 17:30:06 -04:00 | probe_ok | probe_v28_dual_lane_live_market_update.py | elapsed_s=0.08
2026-05-07 17:30:06 -04:00 | probe_ok | probe_v28_dual_lane_readiness_checklist.py | elapsed_s=0.07
2026-05-07 17:30:06 -04:00 | probe_ok | probe_v28_dual_lane_snapshot_ledger.py | elapsed_s=0.08
2026-05-07 17:30:06 -04:00 | cycle_done | cycle=304
2026-05-07 17:31:06 -04:00 | cycle_start | cycle=305
2026-05-07 17:31:06 -04:00 | probe_ok | probe_v28_dual_lane_sidecar_safety_watch.py | elapsed_s=0.19
2026-05-07 17:31:06 -04:00 | probe_ok | probe_v28_dual_lane_live_market_update.py | elapsed_s=0.07
2026-05-07 17:31:06 -04:00 | probe_ok | probe_v28_dual_lane_readiness_checklist.py | elapsed_s=0.07
2026-05-07 17:31:06 -04:00 | probe_ok | probe_v28_dual_lane_snapshot_ledger.py | elapsed_s=0.1
2026-05-07 17:31:06 -04:00 | cycle_done | cycle=305
2026-05-07 17:32:06 -04:00 | cycle_start | cycle=306
2026-05-07 17:32:07 -04:00 | probe_ok | probe_v28_dual_lane_sidecar_safety_watch.py | elapsed_s=0.25
2026-05-07 17:32:07 -04:00 | probe_ok | probe_v28_dual_lane_live_market_update.py | elapsed_s=0.09
2026-05-07 17:32:07 -04:00 | probe_ok | probe_v28_dual_lane_readiness_checklist.py | elapsed_s=0.08
2026-05-07 17:32:07 -04:00 | probe_ok | probe_v28_dual_lane_snapshot_ledger.py | elapsed_s=0.11
2026-05-07 17:32:07 -04:00 | cycle_done | cycle=306
2026-05-07 17:33:07 -04:00 | cycle_start | cycle=307
2026-05-07 17:33:07 -04:00 | probe_ok | probe_v28_dual_lane_sidecar_safety_watch.py | elapsed_s=0.22
2026-05-07 17:33:07 -04:00 | probe_ok | probe_v28_dual_lane_live_market_update.py | elapsed_s=0.1
2026-05-07 17:33:07 -04:00 | probe_ok | probe_v28_dual_lane_readiness_checklist.py | elapsed_s=0.07
2026-05-07 17:33:07 -04:00 | probe_ok | probe_v28_dual_lane_snapshot_ledger.py | elapsed_s=0.08
2026-05-07 17:33:07 -04:00 | cycle_done | cycle=307
2026-05-07 17:34:07 -04:00 | cycle_start | cycle=308
2026-05-07 17:34:08 -04:00 | probe_ok | probe_v28_dual_lane_sidecar_safety_watch.py | elapsed_s=0.24
2026-05-07 17:34:08 -04:00 | probe_ok | probe_v28_dual_lane_live_market_update.py | elapsed_s=0.09
2026-05-07 17:34:08 -04:00 | probe_ok | probe_v28_dual_lane_readiness_checklist.py | elapsed_s=0.08
2026-05-07 17:34:08 -04:00 | probe_ok | probe_v28_dual_lane_snapshot_ledger.py | elapsed_s=0.1
2026-05-07 17:34:08 -04:00 | cycle_done | cycle=308
2026-05-07 17:35:08 -04:00 | cycle_start | cycle=309
2026-05-07 17:35:08 -04:00 | probe_ok | probe_v28_dual_lane_sidecar_safety_watch.py | elapsed_s=0.22
2026-05-07 17:35:08 -04:00 | probe_ok | probe_v28_dual_lane_live_market_update.py | elapsed_s=0.11
2026-05-07 17:35:08 -04:00 | probe_ok | probe_v28_dual_lane_readiness_checklist.py | elapsed_s=0.08
2026-05-07 17:35:08 -04:00 | probe_ok | probe_v28_dual_lane_snapshot_ledger.py | elapsed_s=0.08
2026-05-07 17:35:08 -04:00 | cycle_done | cycle=309
2026-05-07 17:36:08 -04:00 | cycle_start | cycle=310
2026-05-07 17:36:09 -04:00 | probe_ok | probe_v28_dual_lane_sidecar_safety_watch.py | elapsed_s=0.23
2026-05-07 17:36:09 -04:00 | probe_ok | probe_v28_dual_lane_live_market_update.py | elapsed_s=0.12
2026-05-07 17:36:09 -04:00 | probe_ok | probe_v28_dual_lane_readiness_checklist.py | elapsed_s=0.08
2026-05-07 17:36:09 -04:00 | probe_ok | probe_v28_dual_lane_snapshot_ledger.py | elapsed_s=0.1
2026-05-07 17:36:09 -04:00 | cycle_done | cycle=310
2026-05-07 17:37:09 -04:00 | cycle_start | cycle=311
2026-05-07 17:37:09 -04:00 | probe_ok | probe_v28_dual_lane_sidecar_safety_watch.py | elapsed_s=0.22
2026-05-07 17:37:09 -04:00 | probe_ok | probe_v28_dual_lane_live_market_update.py | elapsed_s=0.1
2026-05-07 17:37:09 -04:00 | probe_ok | probe_v28_dual_lane_readiness_checklist.py | elapsed_s=0.07
2026-05-07 17:37:09 -04:00 | probe_ok | probe_v28_dual_lane_snapshot_ledger.py | elapsed_s=0.08
2026-05-07 17:37:09 -04:00 | cycle_done | cycle=311
2026-05-07 17:38:09 -04:00 | cycle_start | cycle=312
2026-05-07 17:38:10 -04:00 | probe_ok | probe_v28_dual_lane_sidecar_safety_watch.py | elapsed_s=0.32
2026-05-07 17:38:10 -04:00 | probe_ok | probe_v28_dual_lane_live_market_update.py | elapsed_s=0.13
2026-05-07 17:38:10 -04:00 | probe_ok | probe_v28_dual_lane_readiness_checklist.py | elapsed_s=0.1
2026-05-07 17:38:10 -04:00 | probe_ok | probe_v28_dual_lane_snapshot_ledger.py | elapsed_s=0.12
2026-05-07 17:38:10 -04:00 | cycle_done | cycle=312
2026-05-07 17:39:10 -04:00 | cycle_start | cycle=313
2026-05-07 17:39:10 -04:00 | probe_ok | probe_v28_dual_lane_sidecar_safety_watch.py | elapsed_s=0.22
2026-05-07 17:39:10 -04:00 | probe_ok | probe_v28_dual_lane_live_market_update.py | elapsed_s=0.1
2026-05-07 17:39:10 -04:00 | probe_ok | probe_v28_dual_lane_readiness_checklist.py | elapsed_s=0.07
2026-05-07 17:39:11 -04:00 | probe_ok | probe_v28_dual_lane_snapshot_ledger.py | elapsed_s=0.1
2026-05-07 17:39:11 -04:00 | cycle_done | cycle=313
2026-05-07 17:40:11 -04:00 | cycle_start | cycle=314
2026-05-07 17:40:11 -04:00 | probe_ok | probe_v28_dual_lane_sidecar_safety_watch.py | elapsed_s=0.33
2026-05-07 17:40:11 -04:00 | probe_ok | probe_v28_dual_lane_live_market_update.py | elapsed_s=0.13
2026-05-07 17:40:11 -04:00 | probe_ok | probe_v28_dual_lane_readiness_checklist.py | elapsed_s=0.11
2026-05-07 17:40:11 -04:00 | probe_ok | probe_v28_dual_lane_snapshot_ledger.py | elapsed_s=0.13
2026-05-07 17:40:11 -04:00 | cycle_done | cycle=314
2026-05-07 17:41:11 -04:00 | cycle_start | cycle=315
2026-05-07 17:41:12 -04:00 | probe_ok | probe_v28_dual_lane_sidecar_safety_watch.py | elapsed_s=0.51
2026-05-07 17:41:12 -04:00 | probe_ok | probe_v28_dual_lane_live_market_update.py | elapsed_s=0.19
2026-05-07 17:41:12 -04:00 | probe_ok | probe_v28_dual_lane_readiness_checklist.py | elapsed_s=0.16
2026-05-07 17:41:12 -04:00 | probe_ok | probe_v28_dual_lane_snapshot_ledger.py | elapsed_s=0.18
2026-05-07 17:41:12 -04:00 | cycle_done | cycle=315
2026-05-07 17:42:12 -04:00 | cycle_start | cycle=316
2026-05-07 17:42:13 -04:00 | probe_ok | probe_v28_dual_lane_sidecar_safety_watch.py | elapsed_s=0.45
2026-05-07 17:42:13 -04:00 | probe_ok | probe_v28_dual_lane_live_market_update.py | elapsed_s=0.22
2026-05-07 17:42:13 -04:00 | probe_ok | probe_v28_dual_lane_readiness_checklist.py | elapsed_s=0.18
2026-05-07 17:42:13 -04:00 | probe_ok | probe_v28_dual_lane_snapshot_ledger.py | elapsed_s=0.18
2026-05-07 17:42:13 -04:00 | cycle_done | cycle=316
2026-05-07 17:43:13 -04:00 | cycle_start | cycle=317
2026-05-07 17:43:14 -04:00 | probe_ok | probe_v28_dual_lane_sidecar_safety_watch.py | elapsed_s=0.61
2026-05-07 17:43:14 -04:00 | probe_ok | probe_v28_dual_lane_live_market_update.py | elapsed_s=0.17
2026-05-07 17:43:14 -04:00 | probe_ok | probe_v28_dual_lane_readiness_checklist.py | elapsed_s=0.15
2026-05-07 17:43:15 -04:00 | probe_ok | probe_v28_dual_lane_snapshot_ledger.py | elapsed_s=0.2
2026-05-07 17:43:15 -04:00 | cycle_done | cycle=317
2026-05-07 17:44:15 -04:00 | cycle_start | cycle=318
2026-05-07 17:44:15 -04:00 | probe_ok | probe_v28_dual_lane_sidecar_safety_watch.py | elapsed_s=0.45
2026-05-07 17:44:15 -04:00 | probe_ok | probe_v28_dual_lane_live_market_update.py | elapsed_s=0.24
2026-05-07 17:44:15 -04:00 | probe_ok | probe_v28_dual_lane_readiness_checklist.py | elapsed_s=0.14
2026-05-07 17:44:16 -04:00 | probe_ok | probe_v28_dual_lane_snapshot_ledger.py | elapsed_s=0.18
2026-05-07 17:44:16 -04:00 | cycle_done | cycle=318
2026-05-07 17:45:16 -04:00 | cycle_start | cycle=319
2026-05-07 17:45:16 -04:00 | probe_ok | probe_v28_dual_lane_sidecar_safety_watch.py | elapsed_s=0.37
2026-05-07 17:45:16 -04:00 | probe_ok | probe_v28_dual_lane_live_market_update.py | elapsed_s=0.15
2026-05-07 17:45:16 -04:00 | probe_ok | probe_v28_dual_lane_readiness_checklist.py | elapsed_s=0.12
2026-05-07 17:45:16 -04:00 | probe_ok | probe_v28_dual_lane_snapshot_ledger.py | elapsed_s=0.16
2026-05-07 17:45:16 -04:00 | cycle_done | cycle=319
2026-05-07 17:46:16 -04:00 | cycle_start | cycle=320
2026-05-07 17:46:17 -04:00 | probe_ok | probe_v28_dual_lane_sidecar_safety_watch.py | elapsed_s=0.29
2026-05-07 17:46:17 -04:00 | probe_ok | probe_v28_dual_lane_live_market_update.py | elapsed_s=0.14
2026-05-07 17:46:17 -04:00 | probe_ok | probe_v28_dual_lane_readiness_checklist.py | elapsed_s=0.1
2026-05-07 17:46:17 -04:00 | probe_ok | probe_v28_dual_lane_snapshot_ledger.py | elapsed_s=0.13
2026-05-07 17:46:17 -04:00 | cycle_done | cycle=320
2026-05-07 17:47:17 -04:00 | cycle_start | cycle=321
2026-05-07 17:47:18 -04:00 | probe_ok | probe_v28_dual_lane_sidecar_safety_watch.py | elapsed_s=0.38
2026-05-07 17:47:18 -04:00 | probe_ok | probe_v28_dual_lane_live_market_update.py | elapsed_s=0.15
2026-05-07 17:47:18 -04:00 | probe_ok | probe_v28_dual_lane_readiness_checklist.py | elapsed_s=0.11
2026-05-07 17:47:18 -04:00 | probe_ok | probe_v28_dual_lane_snapshot_ledger.py | elapsed_s=0.14
2026-05-07 17:47:18 -04:00 | cycle_done | cycle=321
2026-05-07 17:48:18 -04:00 | cycle_start | cycle=322
2026-05-07 17:48:18 -04:00 | probe_ok | probe_v28_dual_lane_sidecar_safety_watch.py | elapsed_s=0.23
2026-05-07 17:48:18 -04:00 | probe_ok | probe_v28_dual_lane_live_market_update.py | elapsed_s=0.12
2026-05-07 17:48:18 -04:00 | probe_ok | probe_v28_dual_lane_readiness_checklist.py | elapsed_s=0.1
2026-05-07 17:48:19 -04:00 | probe_ok | probe_v28_dual_lane_snapshot_ledger.py | elapsed_s=0.12
2026-05-07 17:48:19 -04:00 | cycle_done | cycle=322
2026-05-07 17:49:19 -04:00 | cycle_start | cycle=323
2026-05-07 17:49:19 -04:00 | probe_ok | probe_v28_dual_lane_sidecar_safety_watch.py | elapsed_s=0.24
2026-05-07 17:49:19 -04:00 | probe_ok | probe_v28_dual_lane_live_market_update.py | elapsed_s=0.1
2026-05-07 17:49:19 -04:00 | probe_ok | probe_v28_dual_lane_readiness_checklist.py | elapsed_s=0.08
2026-05-07 17:49:19 -04:00 | probe_ok | probe_v28_dual_lane_snapshot_ledger.py | elapsed_s=0.1
2026-05-07 17:49:19 -04:00 | cycle_done | cycle=323
2026-05-07 17:50:19 -04:00 | cycle_start | cycle=324
2026-05-07 17:50:19 -04:00 | probe_ok | probe_v28_dual_lane_sidecar_safety_watch.py | elapsed_s=0.21
2026-05-07 17:50:19 -04:00 | probe_ok | probe_v28_dual_lane_live_market_update.py | elapsed_s=0.12
2026-05-07 17:50:20 -04:00 | probe_ok | probe_v28_dual_lane_readiness_checklist.py | elapsed_s=0.07
2026-05-07 17:50:20 -04:00 | probe_ok | probe_v28_dual_lane_snapshot_ledger.py | elapsed_s=0.08
2026-05-07 17:50:20 -04:00 | cycle_done | cycle=324
2026-05-07 17:51:20 -04:00 | cycle_start | cycle=325
2026-05-07 17:51:20 -04:00 | probe_ok | probe_v28_dual_lane_sidecar_safety_watch.py | elapsed_s=0.33
2026-05-07 17:51:20 -04:00 | probe_ok | probe_v28_dual_lane_live_market_update.py | elapsed_s=0.16
2026-05-07 17:51:20 -04:00 | probe_ok | probe_v28_dual_lane_readiness_checklist.py | elapsed_s=0.11
2026-05-07 17:51:20 -04:00 | probe_ok | probe_v28_dual_lane_snapshot_ledger.py | elapsed_s=0.13
2026-05-07 17:51:20 -04:00 | cycle_done | cycle=325
2026-05-07 17:52:20 -04:00 | cycle_start | cycle=326
2026-05-07 17:52:21 -04:00 | probe_ok | probe_v28_dual_lane_sidecar_safety_watch.py | elapsed_s=0.26
2026-05-07 17:52:21 -04:00 | probe_ok | probe_v28_dual_lane_live_market_update.py | elapsed_s=0.1
2026-05-07 17:52:21 -04:00 | probe_ok | probe_v28_dual_lane_readiness_checklist.py | elapsed_s=0.08
2026-05-07 17:52:21 -04:00 | probe_ok | probe_v28_dual_lane_snapshot_ledger.py | elapsed_s=0.1
2026-05-07 17:52:21 -04:00 | cycle_done | cycle=326
2026-05-07 17:53:21 -04:00 | cycle_start | cycle=327
2026-05-07 17:53:21 -04:00 | probe_ok | probe_v28_dual_lane_sidecar_safety_watch.py | elapsed_s=0.21
2026-05-07 17:53:21 -04:00 | probe_ok | probe_v28_dual_lane_live_market_update.py | elapsed_s=0.12
2026-05-07 17:53:21 -04:00 | probe_ok | probe_v28_dual_lane_readiness_checklist.py | elapsed_s=0.07
2026-05-07 17:53:21 -04:00 | probe_ok | probe_v28_dual_lane_snapshot_ledger.py | elapsed_s=0.09
2026-05-07 17:53:21 -04:00 | cycle_done | cycle=327
2026-05-07 17:54:21 -04:00 | cycle_start | cycle=328
2026-05-07 17:54:22 -04:00 | probe_ok | probe_v28_dual_lane_sidecar_safety_watch.py | elapsed_s=0.21
2026-05-07 17:54:22 -04:00 | probe_ok | probe_v28_dual_lane_live_market_update.py | elapsed_s=0.11
2026-05-07 17:54:22 -04:00 | probe_ok | probe_v28_dual_lane_readiness_checklist.py | elapsed_s=0.08
2026-05-07 17:54:22 -04:00 | probe_ok | probe_v28_dual_lane_snapshot_ledger.py | elapsed_s=0.09
2026-05-07 17:54:22 -04:00 | cycle_done | cycle=328
2026-05-07 17:55:22 -04:00 | cycle_start | cycle=329
2026-05-07 17:55:22 -04:00 | probe_ok | probe_v28_dual_lane_sidecar_safety_watch.py | elapsed_s=0.2
2026-05-07 17:55:22 -04:00 | probe_ok | probe_v28_dual_lane_live_market_update.py | elapsed_s=0.11
2026-05-07 17:55:22 -04:00 | probe_ok | probe_v28_dual_lane_readiness_checklist.py | elapsed_s=0.07
2026-05-07 17:55:22 -04:00 | probe_ok | probe_v28_dual_lane_snapshot_ledger.py | elapsed_s=0.08
2026-05-07 17:55:22 -04:00 | cycle_done | cycle=329
2026-05-07 17:56:22 -04:00 | cycle_start | cycle=330
2026-05-07 17:56:23 -04:00 | probe_ok | probe_v28_dual_lane_sidecar_safety_watch.py | elapsed_s=0.26
2026-05-07 17:56:23 -04:00 | probe_ok | probe_v28_dual_lane_live_market_update.py | elapsed_s=0.13
2026-05-07 17:56:23 -04:00 | probe_ok | probe_v28_dual_lane_readiness_checklist.py | elapsed_s=0.09
2026-05-07 17:56:23 -04:00 | probe_ok | probe_v28_dual_lane_snapshot_ledger.py | elapsed_s=0.1
2026-05-07 17:56:23 -04:00 | cycle_done | cycle=330
2026-05-07 17:57:23 -04:00 | cycle_start | cycle=331
2026-05-07 17:57:23 -04:00 | probe_ok | probe_v28_dual_lane_sidecar_safety_watch.py | elapsed_s=0.24
2026-05-07 17:57:23 -04:00 | probe_ok | probe_v28_dual_lane_live_market_update.py | elapsed_s=0.1
2026-05-07 17:57:23 -04:00 | probe_ok | probe_v28_dual_lane_readiness_checklist.py | elapsed_s=0.08
2026-05-07 17:57:24 -04:00 | probe_ok | probe_v28_dual_lane_snapshot_ledger.py | elapsed_s=0.08
2026-05-07 17:57:24 -04:00 | cycle_done | cycle=331
2026-05-07 17:58:24 -04:00 | cycle_start | cycle=332
2026-05-07 17:58:24 -04:00 | probe_ok | probe_v28_dual_lane_sidecar_safety_watch.py | elapsed_s=0.21
2026-05-07 17:58:24 -04:00 | probe_ok | probe_v28_dual_lane_live_market_update.py | elapsed_s=0.1
2026-05-07 17:58:24 -04:00 | probe_ok | probe_v28_dual_lane_readiness_checklist.py | elapsed_s=0.07
2026-05-07 17:58:24 -04:00 | probe_ok | probe_v28_dual_lane_snapshot_ledger.py | elapsed_s=0.09
2026-05-07 17:58:24 -04:00 | cycle_done | cycle=332
2026-05-07 17:59:24 -04:00 | cycle_start | cycle=333
2026-05-07 17:59:24 -04:00 | probe_ok | probe_v28_dual_lane_sidecar_safety_watch.py | elapsed_s=0.21
2026-05-07 17:59:24 -04:00 | probe_ok | probe_v28_dual_lane_live_market_update.py | elapsed_s=0.12
2026-05-07 17:59:24 -04:00 | probe_ok | probe_v28_dual_lane_readiness_checklist.py | elapsed_s=0.07
2026-05-07 17:59:25 -04:00 | probe_ok | probe_v28_dual_lane_snapshot_ledger.py | elapsed_s=0.08
2026-05-07 17:59:25 -04:00 | cycle_done | cycle=333
2026-05-07 18:00:25 -04:00 | cycle_start | cycle=334
2026-05-07 18:00:25 -04:00 | probe_ok | probe_v28_dual_lane_sidecar_safety_watch.py | elapsed_s=0.22
2026-05-07 18:00:25 -04:00 | probe_ok | probe_v28_dual_lane_live_market_update.py | elapsed_s=0.1
2026-05-07 18:00:25 -04:00 | probe_ok | probe_v28_dual_lane_readiness_checklist.py | elapsed_s=0.07
2026-05-07 18:00:25 -04:00 | probe_ok | probe_v28_dual_lane_snapshot_ledger.py | elapsed_s=0.09
2026-05-07 18:00:25 -04:00 | cycle_done | cycle=334
2026-05-07 18:01:25 -04:00 | cycle_start | cycle=335
2026-05-07 18:01:25 -04:00 | probe_ok | probe_v28_dual_lane_sidecar_safety_watch.py | elapsed_s=0.2
2026-05-07 18:01:25 -04:00 | probe_ok | probe_v28_dual_lane_live_market_update.py | elapsed_s=0.1
2026-05-07 18:01:25 -04:00 | probe_ok | probe_v28_dual_lane_readiness_checklist.py | elapsed_s=0.07
2026-05-07 18:01:26 -04:00 | probe_ok | probe_v28_dual_lane_snapshot_ledger.py | elapsed_s=0.08
2026-05-07 18:01:26 -04:00 | cycle_done | cycle=335
2026-05-07 18:02:26 -04:00 | cycle_start | cycle=336
2026-05-07 18:02:26 -04:00 | probe_ok | probe_v28_dual_lane_sidecar_safety_watch.py | elapsed_s=0.25
2026-05-07 18:02:26 -04:00 | probe_ok | probe_v28_dual_lane_live_market_update.py | elapsed_s=0.12
2026-05-07 18:02:26 -04:00 | probe_ok | probe_v28_dual_lane_readiness_checklist.py | elapsed_s=0.08
2026-05-07 18:02:26 -04:00 | probe_ok | probe_v28_dual_lane_snapshot_ledger.py | elapsed_s=0.09
2026-05-07 18:02:26 -04:00 | cycle_done | cycle=336
2026-05-07 18:03:26 -04:00 | cycle_start | cycle=337
2026-05-07 18:03:26 -04:00 | probe_ok | probe_v28_dual_lane_sidecar_safety_watch.py | elapsed_s=0.22
2026-05-07 18:03:26 -04:00 | probe_ok | probe_v28_dual_lane_live_market_update.py | elapsed_s=0.1
2026-05-07 18:03:27 -04:00 | probe_ok | probe_v28_dual_lane_readiness_checklist.py | elapsed_s=0.08
2026-05-07 18:03:27 -04:00 | probe_ok | probe_v28_dual_lane_snapshot_ledger.py | elapsed_s=0.09
2026-05-07 18:03:27 -04:00 | cycle_done | cycle=337
2026-05-07 18:04:27 -04:00 | cycle_start | cycle=338
2026-05-07 18:04:27 -04:00 | probe_ok | probe_v28_dual_lane_sidecar_safety_watch.py | elapsed_s=0.3
2026-05-07 18:04:27 -04:00 | probe_ok | probe_v28_dual_lane_live_market_update.py | elapsed_s=0.13
2026-05-07 18:04:27 -04:00 | probe_ok | probe_v28_dual_lane_readiness_checklist.py | elapsed_s=0.09
2026-05-07 18:04:27 -04:00 | probe_ok | probe_v28_dual_lane_snapshot_ledger.py | elapsed_s=0.09
2026-05-07 18:04:27 -04:00 | cycle_done | cycle=338
2026-05-07 18:05:27 -04:00 | cycle_start | cycle=339
2026-05-07 18:05:27 -04:00 | probe_ok | probe_v28_dual_lane_sidecar_safety_watch.py | elapsed_s=0.21
2026-05-07 18:05:28 -04:00 | probe_ok | probe_v28_dual_lane_live_market_update.py | elapsed_s=0.09
2026-05-07 18:05:28 -04:00 | probe_ok | probe_v28_dual_lane_readiness_checklist.py | elapsed_s=0.08
2026-05-07 18:05:28 -04:00 | probe_ok | probe_v28_dual_lane_snapshot_ledger.py | elapsed_s=0.09
2026-05-07 18:05:28 -04:00 | cycle_done | cycle=339
2026-05-07 18:06:28 -04:00 | cycle_start | cycle=340
2026-05-07 18:06:28 -04:00 | probe_ok | probe_v28_dual_lane_sidecar_safety_watch.py | elapsed_s=0.2
2026-05-07 18:06:28 -04:00 | probe_ok | probe_v28_dual_lane_live_market_update.py | elapsed_s=0.09
2026-05-07 18:06:28 -04:00 | probe_ok | probe_v28_dual_lane_readiness_checklist.py | elapsed_s=0.07
2026-05-07 18:06:28 -04:00 | probe_ok | probe_v28_dual_lane_snapshot_ledger.py | elapsed_s=0.08
2026-05-07 18:06:28 -04:00 | cycle_done | cycle=340
2026-05-07 18:07:28 -04:00 | cycle_start | cycle=341
2026-05-07 18:07:28 -04:00 | probe_ok | probe_v28_dual_lane_sidecar_safety_watch.py | elapsed_s=0.24
2026-05-07 18:07:29 -04:00 | probe_ok | probe_v28_dual_lane_live_market_update.py | elapsed_s=0.11
2026-05-07 18:07:29 -04:00 | probe_ok | probe_v28_dual_lane_readiness_checklist.py | elapsed_s=0.18
2026-05-07 18:07:29 -04:00 | probe_ok | probe_v28_dual_lane_snapshot_ledger.py | elapsed_s=0.09
2026-05-07 18:07:29 -04:00 | cycle_done | cycle=341
2026-05-07 18:08:29 -04:00 | cycle_start | cycle=342
2026-05-07 18:08:29 -04:00 | probe_ok | probe_v28_dual_lane_sidecar_safety_watch.py | elapsed_s=0.24
2026-05-07 18:08:29 -04:00 | probe_ok | probe_v28_dual_lane_live_market_update.py | elapsed_s=0.1
2026-05-07 18:08:29 -04:00 | probe_ok | probe_v28_dual_lane_readiness_checklist.py | elapsed_s=0.09
2026-05-07 18:08:29 -04:00 | probe_ok | probe_v28_dual_lane_snapshot_ledger.py | elapsed_s=0.15
2026-05-07 18:08:29 -04:00 | cycle_done | cycle=342
2026-05-07 18:09:29 -04:00 | cycle_start | cycle=343
2026-05-07 18:09:30 -04:00 | probe_ok | probe_v28_dual_lane_sidecar_safety_watch.py | elapsed_s=0.19
2026-05-07 18:09:30 -04:00 | probe_ok | probe_v28_dual_lane_live_market_update.py | elapsed_s=0.11
2026-05-07 18:09:30 -04:00 | probe_ok | probe_v28_dual_lane_readiness_checklist.py | elapsed_s=0.07
2026-05-07 18:09:30 -04:00 | probe_ok | probe_v28_dual_lane_snapshot_ledger.py | elapsed_s=0.08
2026-05-07 18:09:30 -04:00 | cycle_done | cycle=343
2026-05-07 18:10:30 -04:00 | cycle_start | cycle=344
2026-05-07 18:10:30 -04:00 | probe_ok | probe_v28_dual_lane_sidecar_safety_watch.py | elapsed_s=0.22
2026-05-07 18:10:30 -04:00 | probe_ok | probe_v28_dual_lane_live_market_update.py | elapsed_s=0.1
2026-05-07 18:10:30 -04:00 | probe_ok | probe_v28_dual_lane_readiness_checklist.py | elapsed_s=0.08
2026-05-07 18:10:30 -04:00 | probe_ok | probe_v28_dual_lane_snapshot_ledger.py | elapsed_s=0.08
2026-05-07 18:10:30 -04:00 | cycle_done | cycle=344
2026-05-07 18:11:30 -04:00 | cycle_start | cycle=345
2026-05-07 18:11:31 -04:00 | probe_ok | probe_v28_dual_lane_sidecar_safety_watch.py | elapsed_s=0.24
2026-05-07 18:11:31 -04:00 | probe_ok | probe_v28_dual_lane_live_market_update.py | elapsed_s=0.09
2026-05-07 18:11:31 -04:00 | probe_ok | probe_v28_dual_lane_readiness_checklist.py | elapsed_s=0.08
2026-05-07 18:11:31 -04:00 | probe_ok | probe_v28_dual_lane_snapshot_ledger.py | elapsed_s=0.09
2026-05-07 18:11:31 -04:00 | cycle_done | cycle=345
2026-05-07 18:12:31 -04:00 | cycle_start | cycle=346
2026-05-07 18:12:31 -04:00 | probe_ok | probe_v28_dual_lane_sidecar_safety_watch.py | elapsed_s=0.23
2026-05-07 18:12:31 -04:00 | probe_ok | probe_v28_dual_lane_live_market_update.py | elapsed_s=0.09
2026-05-07 18:12:31 -04:00 | probe_ok | probe_v28_dual_lane_readiness_checklist.py | elapsed_s=0.08
2026-05-07 18:12:32 -04:00 | probe_ok | probe_v28_dual_lane_snapshot_ledger.py | elapsed_s=0.08
2026-05-07 18:12:32 -04:00 | cycle_done | cycle=346
2026-05-07 18:13:32 -04:00 | cycle_start | cycle=347
2026-05-07 18:13:32 -04:00 | probe_ok | probe_v28_dual_lane_sidecar_safety_watch.py | elapsed_s=0.3
2026-05-07 18:13:32 -04:00 | probe_ok | probe_v28_dual_lane_live_market_update.py | elapsed_s=0.13
2026-05-07 18:13:32 -04:00 | probe_ok | probe_v28_dual_lane_readiness_checklist.py | elapsed_s=0.1
2026-05-07 18:13:32 -04:00 | probe_ok | probe_v28_dual_lane_snapshot_ledger.py | elapsed_s=0.12
2026-05-07 18:13:32 -04:00 | cycle_done | cycle=347
2026-05-07 18:14:32 -04:00 | cycle_start | cycle=348
2026-05-07 18:14:32 -04:00 | probe_ok | probe_v28_dual_lane_sidecar_safety_watch.py | elapsed_s=0.19
2026-05-07 18:14:33 -04:00 | probe_ok | probe_v28_dual_lane_live_market_update.py | elapsed_s=0.09
2026-05-07 18:14:33 -04:00 | probe_ok | probe_v28_dual_lane_readiness_checklist.py | elapsed_s=0.07
2026-05-07 18:14:33 -04:00 | probe_ok | probe_v28_dual_lane_snapshot_ledger.py | elapsed_s=0.09
2026-05-07 18:14:33 -04:00 | cycle_done | cycle=348
2026-05-07 18:15:33 -04:00 | cycle_start | cycle=349
2026-05-07 18:15:33 -04:00 | probe_ok | probe_v28_dual_lane_sidecar_safety_watch.py | elapsed_s=0.21
2026-05-07 18:15:33 -04:00 | probe_ok | probe_v28_dual_lane_live_market_update.py | elapsed_s=0.09
2026-05-07 18:15:33 -04:00 | probe_ok | probe_v28_dual_lane_readiness_checklist.py | elapsed_s=0.07
2026-05-07 18:15:33 -04:00 | probe_ok | probe_v28_dual_lane_snapshot_ledger.py | elapsed_s=0.08
2026-05-07 18:15:33 -04:00 | cycle_done | cycle=349
2026-05-07 18:16:33 -04:00 | cycle_start | cycle=350
2026-05-07 18:16:33 -04:00 | probe_ok | probe_v28_dual_lane_sidecar_safety_watch.py | elapsed_s=0.22
2026-05-07 18:16:33 -04:00 | probe_ok | probe_v28_dual_lane_live_market_update.py | elapsed_s=0.09
2026-05-07 18:16:34 -04:00 | probe_ok | probe_v28_dual_lane_readiness_checklist.py | elapsed_s=0.08
2026-05-07 18:16:34 -04:00 | probe_ok | probe_v28_dual_lane_snapshot_ledger.py | elapsed_s=0.09
2026-05-07 18:16:34 -04:00 | cycle_done | cycle=350
2026-05-07 18:17:34 -04:00 | cycle_start | cycle=351
2026-05-07 18:17:34 -04:00 | probe_ok | probe_v28_dual_lane_sidecar_safety_watch.py | elapsed_s=0.21
2026-05-07 18:17:34 -04:00 | probe_ok | probe_v28_dual_lane_live_market_update.py | elapsed_s=0.1
2026-05-07 18:17:34 -04:00 | probe_ok | probe_v28_dual_lane_readiness_checklist.py | elapsed_s=0.07
2026-05-07 18:17:34 -04:00 | probe_ok | probe_v28_dual_lane_snapshot_ledger.py | elapsed_s=0.14
2026-05-07 18:17:34 -04:00 | cycle_done | cycle=351
2026-05-07 18:18:34 -04:00 | cycle_start | cycle=352
2026-05-07 18:18:34 -04:00 | probe_ok | probe_v28_dual_lane_sidecar_safety_watch.py | elapsed_s=0.21
2026-05-07 18:18:35 -04:00 | probe_ok | probe_v28_dual_lane_live_market_update.py | elapsed_s=0.09
2026-05-07 18:18:35 -04:00 | probe_ok | probe_v28_dual_lane_readiness_checklist.py | elapsed_s=0.07
2026-05-07 18:18:35 -04:00 | probe_ok | probe_v28_dual_lane_snapshot_ledger.py | elapsed_s=0.08
2026-05-07 18:18:35 -04:00 | cycle_done | cycle=352
2026-05-07 18:19:35 -04:00 | cycle_start | cycle=353
2026-05-07 18:19:35 -04:00 | probe_ok | probe_v28_dual_lane_sidecar_safety_watch.py | elapsed_s=0.2
2026-05-07 18:19:35 -04:00 | probe_ok | probe_v28_dual_lane_live_market_update.py | elapsed_s=0.09
2026-05-07 18:19:35 -04:00 | probe_ok | probe_v28_dual_lane_readiness_checklist.py | elapsed_s=0.08
2026-05-07 18:19:35 -04:00 | probe_ok | probe_v28_dual_lane_snapshot_ledger.py | elapsed_s=0.08
2026-05-07 18:19:35 -04:00 | cycle_done | cycle=353
2026-05-07 18:20:35 -04:00 | cycle_start | cycle=354
2026-05-07 18:20:35 -04:00 | probe_ok | probe_v28_dual_lane_sidecar_safety_watch.py | elapsed_s=0.21
2026-05-07 18:20:35 -04:00 | probe_ok | probe_v28_dual_lane_live_market_update.py | elapsed_s=0.12
2026-05-07 18:20:36 -04:00 | probe_ok | probe_v28_dual_lane_readiness_checklist.py | elapsed_s=0.07
2026-05-07 18:20:36 -04:00 | probe_ok | probe_v28_dual_lane_snapshot_ledger.py | elapsed_s=0.1
2026-05-07 18:20:36 -04:00 | cycle_done | cycle=354
2026-05-07 18:21:36 -04:00 | cycle_start | cycle=355
2026-05-07 18:21:36 -04:00 | probe_ok | probe_v28_dual_lane_sidecar_safety_watch.py | elapsed_s=0.24
2026-05-07 18:21:36 -04:00 | probe_ok | probe_v28_dual_lane_live_market_update.py | elapsed_s=0.1
2026-05-07 18:21:36 -04:00 | probe_ok | probe_v28_dual_lane_readiness_checklist.py | elapsed_s=0.08
2026-05-07 18:21:36 -04:00 | probe_ok | probe_v28_dual_lane_snapshot_ledger.py | elapsed_s=0.09
2026-05-07 18:21:36 -04:00 | cycle_done | cycle=355
2026-05-07 18:22:36 -04:00 | cycle_start | cycle=356
2026-05-07 18:22:36 -04:00 | probe_ok | probe_v28_dual_lane_sidecar_safety_watch.py | elapsed_s=0.2
2026-05-07 18:22:37 -04:00 | probe_ok | probe_v28_dual_lane_live_market_update.py | elapsed_s=0.09
2026-05-07 18:22:37 -04:00 | probe_ok | probe_v28_dual_lane_readiness_checklist.py | elapsed_s=0.07
2026-05-07 18:22:37 -04:00 | probe_ok | probe_v28_dual_lane_snapshot_ledger.py | elapsed_s=0.08
2026-05-07 18:22:37 -04:00 | cycle_done | cycle=356
2026-05-07 18:23:37 -04:00 | cycle_start | cycle=357
2026-05-07 18:23:37 -04:00 | probe_ok | probe_v28_dual_lane_sidecar_safety_watch.py | elapsed_s=0.23
2026-05-07 18:23:37 -04:00 | probe_ok | probe_v28_dual_lane_live_market_update.py | elapsed_s=0.12
2026-05-07 18:23:37 -04:00 | probe_ok | probe_v28_dual_lane_readiness_checklist.py | elapsed_s=0.08
2026-05-07 18:23:37 -04:00 | probe_ok | probe_v28_dual_lane_snapshot_ledger.py | elapsed_s=0.09
2026-05-07 18:23:37 -04:00 | cycle_done | cycle=357
2026-05-07 18:24:37 -04:00 | cycle_start | cycle=358
2026-05-07 18:24:37 -04:00 | probe_ok | probe_v28_dual_lane_sidecar_safety_watch.py | elapsed_s=0.2
2026-05-07 18:24:38 -04:00 | probe_ok | probe_v28_dual_lane_live_market_update.py | elapsed_s=0.09
2026-05-07 18:24:38 -04:00 | probe_ok | probe_v28_dual_lane_readiness_checklist.py | elapsed_s=0.06
2026-05-07 18:24:38 -04:00 | probe_ok | probe_v28_dual_lane_snapshot_ledger.py | elapsed_s=0.07
2026-05-07 18:24:38 -04:00 | cycle_done | cycle=358
2026-05-07 18:25:38 -04:00 | cycle_start | cycle=359
2026-05-07 18:25:38 -04:00 | probe_ok | probe_v28_dual_lane_sidecar_safety_watch.py | elapsed_s=0.21
2026-05-07 18:25:38 -04:00 | probe_ok | probe_v28_dual_lane_live_market_update.py | elapsed_s=0.09
2026-05-07 18:25:38 -04:00 | probe_ok | probe_v28_dual_lane_readiness_checklist.py | elapsed_s=0.07
2026-05-07 18:25:38 -04:00 | probe_ok | probe_v28_dual_lane_snapshot_ledger.py | elapsed_s=0.08
2026-05-07 18:25:38 -04:00 | cycle_done | cycle=359
2026-05-07 18:26:38 -04:00 | cycle_start | cycle=360
2026-05-07 18:26:38 -04:00 | probe_ok | probe_v28_dual_lane_sidecar_safety_watch.py | elapsed_s=0.2
2026-05-07 18:26:38 -04:00 | probe_ok | probe_v28_dual_lane_live_market_update.py | elapsed_s=0.09
2026-05-07 18:26:38 -04:00 | probe_ok | probe_v28_dual_lane_readiness_checklist.py | elapsed_s=0.07
2026-05-07 18:26:39 -04:00 | probe_ok | probe_v28_dual_lane_snapshot_ledger.py | elapsed_s=0.08
2026-05-07 18:26:39 -04:00 | cycle_done | cycle=360
2026-05-07 18:27:39 -04:00 | cycle_start | cycle=361
2026-05-07 18:27:39 -04:00 | probe_ok | probe_v28_dual_lane_sidecar_safety_watch.py | elapsed_s=0.21
2026-05-07 18:27:39 -04:00 | probe_ok | probe_v28_dual_lane_live_market_update.py | elapsed_s=0.09
2026-05-07 18:27:39 -04:00 | probe_ok | probe_v28_dual_lane_readiness_checklist.py | elapsed_s=0.08
2026-05-07 18:27:39 -04:00 | probe_ok | probe_v28_dual_lane_snapshot_ledger.py | elapsed_s=0.08
2026-05-07 18:27:39 -04:00 | cycle_done | cycle=361
2026-05-07 18:28:39 -04:00 | cycle_start | cycle=362
2026-05-07 18:28:39 -04:00 | probe_ok | probe_v28_dual_lane_sidecar_safety_watch.py | elapsed_s=0.19
2026-05-07 18:28:39 -04:00 | probe_ok | probe_v28_dual_lane_live_market_update.py | elapsed_s=0.1
2026-05-07 18:28:39 -04:00 | probe_ok | probe_v28_dual_lane_readiness_checklist.py | elapsed_s=0.07
2026-05-07 18:28:40 -04:00 | probe_ok | probe_v28_dual_lane_snapshot_ledger.py | elapsed_s=0.08
2026-05-07 18:28:40 -04:00 | cycle_done | cycle=362
2026-05-07 18:29:40 -04:00 | cycle_start | cycle=363
2026-05-07 18:29:40 -04:00 | probe_ok | probe_v28_dual_lane_sidecar_safety_watch.py | elapsed_s=0.21
2026-05-07 18:29:40 -04:00 | probe_ok | probe_v28_dual_lane_live_market_update.py | elapsed_s=0.09
2026-05-07 18:29:40 -04:00 | probe_ok | probe_v28_dual_lane_readiness_checklist.py | elapsed_s=0.07
2026-05-07 18:29:40 -04:00 | probe_ok | probe_v28_dual_lane_snapshot_ledger.py | elapsed_s=0.08
2026-05-07 18:29:40 -04:00 | cycle_done | cycle=363
2026-05-07 18:30:40 -04:00 | cycle_start | cycle=364
2026-05-07 18:30:41 -04:00 | probe_ok | probe_v28_dual_lane_sidecar_safety_watch.py | elapsed_s=0.48
2026-05-07 18:30:41 -04:00 | probe_ok | probe_v28_dual_lane_live_market_update.py | elapsed_s=0.1
2026-05-07 18:30:41 -04:00 | probe_ok | probe_v28_dual_lane_readiness_checklist.py | elapsed_s=0.07
2026-05-07 18:30:41 -04:00 | probe_ok | probe_v28_dual_lane_snapshot_ledger.py | elapsed_s=0.08
2026-05-07 18:30:41 -04:00 | cycle_done | cycle=364
2026-05-07 18:31:41 -04:00 | cycle_start | cycle=365
2026-05-07 18:31:41 -04:00 | probe_ok | probe_v28_dual_lane_sidecar_safety_watch.py | elapsed_s=0.21
2026-05-07 18:31:41 -04:00 | probe_ok | probe_v28_dual_lane_live_market_update.py | elapsed_s=0.09
2026-05-07 18:31:41 -04:00 | probe_ok | probe_v28_dual_lane_readiness_checklist.py | elapsed_s=0.07
2026-05-07 18:31:41 -04:00 | probe_ok | probe_v28_dual_lane_snapshot_ledger.py | elapsed_s=0.09
2026-05-07 18:31:41 -04:00 | cycle_done | cycle=365
2026-05-07 18:32:41 -04:00 | cycle_start | cycle=366
2026-05-07 18:32:42 -04:00 | probe_ok | probe_v28_dual_lane_sidecar_safety_watch.py | elapsed_s=0.23
2026-05-07 18:32:42 -04:00 | probe_ok | probe_v28_dual_lane_live_market_update.py | elapsed_s=0.12
2026-05-07 18:32:42 -04:00 | probe_ok | probe_v28_dual_lane_readiness_checklist.py | elapsed_s=0.08
2026-05-07 18:32:42 -04:00 | probe_ok | probe_v28_dual_lane_snapshot_ledger.py | elapsed_s=0.1
2026-05-07 18:32:42 -04:00 | cycle_done | cycle=366
2026-05-07 18:33:42 -04:00 | cycle_start | cycle=367
2026-05-07 18:33:42 -04:00 | probe_ok | probe_v28_dual_lane_sidecar_safety_watch.py | elapsed_s=0.21
2026-05-07 18:33:42 -04:00 | probe_ok | probe_v28_dual_lane_live_market_update.py | elapsed_s=0.11
2026-05-07 18:33:42 -04:00 | probe_ok | probe_v28_dual_lane_readiness_checklist.py | elapsed_s=0.08
2026-05-07 18:33:42 -04:00 | probe_ok | probe_v28_dual_lane_snapshot_ledger.py | elapsed_s=0.09
2026-05-07 18:33:42 -04:00 | cycle_done | cycle=367
2026-05-07 18:34:42 -04:00 | cycle_start | cycle=368
2026-05-07 18:34:43 -04:00 | probe_ok | probe_v28_dual_lane_sidecar_safety_watch.py | elapsed_s=0.5
2026-05-07 18:34:43 -04:00 | probe_ok | probe_v28_dual_lane_live_market_update.py | elapsed_s=0.12
2026-05-07 18:34:43 -04:00 | probe_ok | probe_v28_dual_lane_readiness_checklist.py | elapsed_s=0.09
2026-05-07 18:34:43 -04:00 | probe_ok | probe_v28_dual_lane_snapshot_ledger.py | elapsed_s=0.08
2026-05-07 18:34:43 -04:00 | cycle_done | cycle=368
2026-05-07 18:35:43 -04:00 | cycle_start | cycle=369
2026-05-07 18:35:43 -04:00 | probe_ok | probe_v28_dual_lane_sidecar_safety_watch.py | elapsed_s=0.24
2026-05-07 18:35:44 -04:00 | probe_ok | probe_v28_dual_lane_live_market_update.py | elapsed_s=0.09
2026-05-07 18:35:44 -04:00 | probe_ok | probe_v28_dual_lane_readiness_checklist.py | elapsed_s=0.07
2026-05-07 18:35:44 -04:00 | probe_ok | probe_v28_dual_lane_snapshot_ledger.py | elapsed_s=0.08
2026-05-07 18:35:44 -04:00 | cycle_done | cycle=369
2026-05-07 18:36:44 -04:00 | cycle_start | cycle=370
2026-05-07 18:36:44 -04:00 | probe_ok | probe_v28_dual_lane_sidecar_safety_watch.py | elapsed_s=0.2
2026-05-07 18:36:44 -04:00 | probe_ok | probe_v28_dual_lane_live_market_update.py | elapsed_s=0.09
2026-05-07 18:36:44 -04:00 | probe_ok | probe_v28_dual_lane_readiness_checklist.py | elapsed_s=0.07
2026-05-07 18:36:44 -04:00 | probe_ok | probe_v28_dual_lane_snapshot_ledger.py | elapsed_s=0.07
2026-05-07 18:36:44 -04:00 | cycle_done | cycle=370
2026-05-07 18:37:44 -04:00 | cycle_start | cycle=371
2026-05-07 18:37:44 -04:00 | probe_ok | probe_v28_dual_lane_sidecar_safety_watch.py | elapsed_s=0.21
2026-05-07 18:37:44 -04:00 | probe_ok | probe_v28_dual_lane_live_market_update.py | elapsed_s=0.1
2026-05-07 18:37:45 -04:00 | probe_ok | probe_v28_dual_lane_readiness_checklist.py | elapsed_s=0.07
2026-05-07 18:37:45 -04:00 | probe_ok | probe_v28_dual_lane_snapshot_ledger.py | elapsed_s=0.09
2026-05-07 18:37:45 -04:00 | cycle_done | cycle=371
2026-05-07 18:38:45 -04:00 | cycle_start | cycle=372
2026-05-07 18:38:45 -04:00 | probe_ok | probe_v28_dual_lane_sidecar_safety_watch.py | elapsed_s=0.2
2026-05-07 18:38:45 -04:00 | probe_ok | probe_v28_dual_lane_live_market_update.py | elapsed_s=0.1
2026-05-07 18:38:45 -04:00 | probe_ok | probe_v28_dual_lane_readiness_checklist.py | elapsed_s=0.07
2026-05-07 18:38:45 -04:00 | probe_ok | probe_v28_dual_lane_snapshot_ledger.py | elapsed_s=0.08
2026-05-07 18:38:45 -04:00 | cycle_done | cycle=372
2026-05-07 18:39:45 -04:00 | cycle_start | cycle=373
2026-05-07 18:39:45 -04:00 | probe_ok | probe_v28_dual_lane_sidecar_safety_watch.py | elapsed_s=0.21
2026-05-07 18:39:45 -04:00 | probe_ok | probe_v28_dual_lane_live_market_update.py | elapsed_s=0.11
2026-05-07 18:39:46 -04:00 | probe_ok | probe_v28_dual_lane_readiness_checklist.py | elapsed_s=0.07
2026-05-07 18:39:46 -04:00 | probe_ok | probe_v28_dual_lane_snapshot_ledger.py | elapsed_s=0.08
2026-05-07 18:39:46 -04:00 | cycle_done | cycle=373
2026-05-07 18:40:46 -04:00 | cycle_start | cycle=374
2026-05-07 18:40:46 -04:00 | probe_ok | probe_v28_dual_lane_sidecar_safety_watch.py | elapsed_s=0.23
2026-05-07 18:40:46 -04:00 | probe_ok | probe_v28_dual_lane_live_market_update.py | elapsed_s=0.09
2026-05-07 18:40:46 -04:00 | probe_ok | probe_v28_dual_lane_readiness_checklist.py | elapsed_s=0.07
2026-05-07 18:40:46 -04:00 | probe_ok | probe_v28_dual_lane_snapshot_ledger.py | elapsed_s=0.18
2026-05-07 18:40:46 -04:00 | cycle_done | cycle=374
2026-05-07 18:41:46 -04:00 | cycle_start | cycle=375
2026-05-07 18:41:46 -04:00 | probe_ok | probe_v28_dual_lane_sidecar_safety_watch.py | elapsed_s=0.2
2026-05-07 18:41:47 -04:00 | probe_ok | probe_v28_dual_lane_live_market_update.py | elapsed_s=0.08
2026-05-07 18:41:47 -04:00 | probe_ok | probe_v28_dual_lane_readiness_checklist.py | elapsed_s=0.07
2026-05-07 18:41:47 -04:00 | probe_ok | probe_v28_dual_lane_snapshot_ledger.py | elapsed_s=0.08
2026-05-07 18:41:47 -04:00 | cycle_done | cycle=375
2026-05-07 18:42:47 -04:00 | cycle_start | cycle=376
2026-05-07 18:42:47 -04:00 | probe_ok | probe_v28_dual_lane_sidecar_safety_watch.py | elapsed_s=0.19
2026-05-07 18:42:47 -04:00 | probe_ok | probe_v28_dual_lane_live_market_update.py | elapsed_s=0.1
2026-05-07 18:42:47 -04:00 | probe_ok | probe_v28_dual_lane_readiness_checklist.py | elapsed_s=0.07
2026-05-07 18:42:47 -04:00 | probe_ok | probe_v28_dual_lane_snapshot_ledger.py | elapsed_s=0.08
2026-05-07 18:42:47 -04:00 | cycle_done | cycle=376
2026-05-07 18:43:47 -04:00 | cycle_start | cycle=377
2026-05-07 18:43:47 -04:00 | probe_ok | probe_v28_dual_lane_sidecar_safety_watch.py | elapsed_s=0.21
2026-05-07 18:43:47 -04:00 | probe_ok | probe_v28_dual_lane_live_market_update.py | elapsed_s=0.09
2026-05-07 18:43:48 -04:00 | probe_ok | probe_v28_dual_lane_readiness_checklist.py | elapsed_s=0.07
2026-05-07 18:43:48 -04:00 | probe_ok | probe_v28_dual_lane_snapshot_ledger.py | elapsed_s=0.08
2026-05-07 18:43:48 -04:00 | cycle_done | cycle=377
2026-05-07 18:44:48 -04:00 | cycle_start | cycle=378
2026-05-07 18:44:48 -04:00 | probe_ok | probe_v28_dual_lane_sidecar_safety_watch.py | elapsed_s=0.21
2026-05-07 18:44:48 -04:00 | probe_ok | probe_v28_dual_lane_live_market_update.py | elapsed_s=0.1
2026-05-07 18:44:48 -04:00 | probe_ok | probe_v28_dual_lane_readiness_checklist.py | elapsed_s=0.07
2026-05-07 18:44:48 -04:00 | probe_ok | probe_v28_dual_lane_snapshot_ledger.py | elapsed_s=0.08
2026-05-07 18:44:48 -04:00 | cycle_done | cycle=378
2026-05-07 18:45:48 -04:00 | cycle_start | cycle=379
2026-05-07 18:45:48 -04:00 | probe_ok | probe_v28_dual_lane_sidecar_safety_watch.py | elapsed_s=0.39
2026-05-07 18:45:49 -04:00 | probe_ok | probe_v28_dual_lane_live_market_update.py | elapsed_s=0.17
2026-05-07 18:45:49 -04:00 | probe_ok | probe_v28_dual_lane_readiness_checklist.py | elapsed_s=0.13
2026-05-07 18:45:49 -04:00 | probe_ok | probe_v28_dual_lane_snapshot_ledger.py | elapsed_s=0.14
2026-05-07 18:45:49 -04:00 | cycle_done | cycle=379
2026-05-07 18:46:49 -04:00 | cycle_start | cycle=380
2026-05-07 18:46:49 -04:00 | probe_ok | probe_v28_dual_lane_sidecar_safety_watch.py | elapsed_s=0.51
2026-05-07 18:46:50 -04:00 | probe_ok | probe_v28_dual_lane_live_market_update.py | elapsed_s=0.17
2026-05-07 18:46:50 -04:00 | probe_ok | probe_v28_dual_lane_readiness_checklist.py | elapsed_s=0.14
2026-05-07 18:46:50 -04:00 | probe_ok | probe_v28_dual_lane_snapshot_ledger.py | elapsed_s=0.2
2026-05-07 18:46:50 -04:00 | cycle_done | cycle=380
2026-05-07 18:47:50 -04:00 | cycle_start | cycle=381
2026-05-07 18:47:50 -04:00 | probe_ok | probe_v28_dual_lane_sidecar_safety_watch.py | elapsed_s=0.49
2026-05-07 18:47:51 -04:00 | probe_ok | probe_v28_dual_lane_live_market_update.py | elapsed_s=0.21
2026-05-07 18:47:51 -04:00 | probe_ok | probe_v28_dual_lane_readiness_checklist.py | elapsed_s=0.16
2026-05-07 18:47:51 -04:00 | probe_ok | probe_v28_dual_lane_snapshot_ledger.py | elapsed_s=0.17
2026-05-07 18:47:51 -04:00 | cycle_done | cycle=381
2026-05-07 18:48:51 -04:00 | cycle_start | cycle=382
2026-05-07 18:48:52 -04:00 | probe_ok | probe_v28_dual_lane_sidecar_safety_watch.py | elapsed_s=0.44
2026-05-07 18:48:52 -04:00 | probe_ok | probe_v28_dual_lane_live_market_update.py | elapsed_s=0.19
2026-05-07 18:48:52 -04:00 | probe_ok | probe_v28_dual_lane_readiness_checklist.py | elapsed_s=0.15
2026-05-07 18:48:52 -04:00 | probe_ok | probe_v28_dual_lane_snapshot_ledger.py | elapsed_s=0.16
2026-05-07 18:48:52 -04:00 | cycle_done | cycle=382
2026-05-07 18:49:52 -04:00 | cycle_start | cycle=383
2026-05-07 18:49:52 -04:00 | probe_ok | probe_v28_dual_lane_sidecar_safety_watch.py | elapsed_s=0.43
2026-05-07 18:49:53 -04:00 | probe_ok | probe_v28_dual_lane_live_market_update.py | elapsed_s=0.23
2026-05-07 18:49:53 -04:00 | probe_ok | probe_v28_dual_lane_readiness_checklist.py | elapsed_s=0.14
2026-05-07 18:49:53 -04:00 | probe_ok | probe_v28_dual_lane_snapshot_ledger.py | elapsed_s=0.15
2026-05-07 18:49:53 -04:00 | cycle_done | cycle=383
2026-05-07 18:50:53 -04:00 | cycle_start | cycle=384
2026-05-07 18:50:53 -04:00 | probe_ok | probe_v28_dual_lane_sidecar_safety_watch.py | elapsed_s=0.48
2026-05-07 18:50:54 -04:00 | probe_ok | probe_v28_dual_lane_live_market_update.py | elapsed_s=0.17
2026-05-07 18:50:54 -04:00 | probe_ok | probe_v28_dual_lane_readiness_checklist.py | elapsed_s=0.15
2026-05-07 18:50:54 -04:00 | probe_ok | probe_v28_dual_lane_snapshot_ledger.py | elapsed_s=0.15
2026-05-07 18:50:54 -04:00 | cycle_done | cycle=384
2026-05-07 18:51:54 -04:00 | cycle_start | cycle=385
2026-05-07 18:51:54 -04:00 | probe_ok | probe_v28_dual_lane_sidecar_safety_watch.py | elapsed_s=0.44
2026-05-07 18:51:55 -04:00 | probe_ok | probe_v28_dual_lane_live_market_update.py | elapsed_s=0.22
2026-05-07 18:51:55 -04:00 | probe_ok | probe_v28_dual_lane_readiness_checklist.py | elapsed_s=0.15
2026-05-07 18:51:55 -04:00 | probe_ok | probe_v28_dual_lane_snapshot_ledger.py | elapsed_s=0.16
2026-05-07 18:51:55 -04:00 | cycle_done | cycle=385
2026-05-07 18:52:55 -04:00 | cycle_start | cycle=386
2026-05-07 18:52:55 -04:00 | probe_ok | probe_v28_dual_lane_sidecar_safety_watch.py | elapsed_s=0.47
2026-05-07 18:52:56 -04:00 | probe_ok | probe_v28_dual_lane_live_market_update.py | elapsed_s=0.2
2026-05-07 18:52:56 -04:00 | probe_ok | probe_v28_dual_lane_readiness_checklist.py | elapsed_s=0.15
2026-05-07 18:52:56 -04:00 | probe_ok | probe_v28_dual_lane_snapshot_ledger.py | elapsed_s=0.17
2026-05-07 18:52:56 -04:00 | cycle_done | cycle=386
2026-05-07 18:53:56 -04:00 | cycle_start | cycle=387
2026-05-07 18:53:56 -04:00 | probe_ok | probe_v28_dual_lane_sidecar_safety_watch.py | elapsed_s=0.48
2026-05-07 18:53:57 -04:00 | probe_ok | probe_v28_dual_lane_live_market_update.py | elapsed_s=0.22
2026-05-07 18:53:57 -04:00 | probe_ok | probe_v28_dual_lane_readiness_checklist.py | elapsed_s=0.14
2026-05-07 18:53:57 -04:00 | probe_ok | probe_v28_dual_lane_snapshot_ledger.py | elapsed_s=0.16
2026-05-07 18:53:57 -04:00 | cycle_done | cycle=387
2026-05-07 18:54:57 -04:00 | cycle_start | cycle=388
2026-05-07 18:54:57 -04:00 | probe_ok | probe_v28_dual_lane_sidecar_safety_watch.py | elapsed_s=0.42
2026-05-07 18:54:58 -04:00 | probe_ok | probe_v28_dual_lane_live_market_update.py | elapsed_s=0.17
2026-05-07 18:54:58 -04:00 | probe_ok | probe_v28_dual_lane_readiness_checklist.py | elapsed_s=0.13
2026-05-07 18:54:58 -04:00 | probe_ok | probe_v28_dual_lane_snapshot_ledger.py | elapsed_s=0.16
2026-05-07 18:54:58 -04:00 | cycle_done | cycle=388
2026-05-07 18:55:58 -04:00 | cycle_start | cycle=389
2026-05-07 18:55:58 -04:00 | probe_ok | probe_v28_dual_lane_sidecar_safety_watch.py | elapsed_s=0.47
2026-05-07 18:55:59 -04:00 | probe_ok | probe_v28_dual_lane_live_market_update.py | elapsed_s=0.25
2026-05-07 18:55:59 -04:00 | probe_ok | probe_v28_dual_lane_readiness_checklist.py | elapsed_s=0.15
2026-05-07 18:55:59 -04:00 | probe_ok | probe_v28_dual_lane_snapshot_ledger.py | elapsed_s=0.16
2026-05-07 18:55:59 -04:00 | cycle_done | cycle=389
2026-05-07 18:56:59 -04:00 | cycle_start | cycle=390
2026-05-07 18:56:59 -04:00 | probe_ok | probe_v28_dual_lane_sidecar_safety_watch.py | elapsed_s=0.44
2026-05-07 18:57:00 -04:00 | probe_ok | probe_v28_dual_lane_live_market_update.py | elapsed_s=0.19
2026-05-07 18:57:00 -04:00 | probe_ok | probe_v28_dual_lane_readiness_checklist.py | elapsed_s=0.14
2026-05-07 18:57:00 -04:00 | probe_ok | probe_v28_dual_lane_snapshot_ledger.py | elapsed_s=0.16
2026-05-07 18:57:00 -04:00 | cycle_done | cycle=390
2026-05-07 18:58:00 -04:00 | cycle_start | cycle=391
2026-05-07 18:58:00 -04:00 | probe_ok | probe_v28_dual_lane_sidecar_safety_watch.py | elapsed_s=0.44
2026-05-07 18:58:01 -04:00 | probe_ok | probe_v28_dual_lane_live_market_update.py | elapsed_s=0.23
2026-05-07 18:58:01 -04:00 | probe_ok | probe_v28_dual_lane_readiness_checklist.py | elapsed_s=0.15
2026-05-07 18:58:01 -04:00 | probe_ok | probe_v28_dual_lane_snapshot_ledger.py | elapsed_s=0.18
2026-05-07 18:58:01 -04:00 | cycle_done | cycle=391
2026-05-07 18:59:01 -04:00 | cycle_start | cycle=392
2026-05-07 18:59:01 -04:00 | probe_ok | probe_v28_dual_lane_sidecar_safety_watch.py | elapsed_s=0.47
2026-05-07 18:59:02 -04:00 | probe_ok | probe_v28_dual_lane_live_market_update.py | elapsed_s=0.18
2026-05-07 18:59:02 -04:00 | probe_ok | probe_v28_dual_lane_readiness_checklist.py | elapsed_s=0.16
2026-05-07 18:59:02 -04:00 | probe_ok | probe_v28_dual_lane_snapshot_ledger.py | elapsed_s=0.17
2026-05-07 18:59:02 -04:00 | cycle_done | cycle=392
2026-05-07 19:00:02 -04:00 | cycle_start | cycle=393
2026-05-07 19:00:03 -04:00 | probe_ok | probe_v28_dual_lane_sidecar_safety_watch.py | elapsed_s=0.74
2026-05-07 19:00:03 -04:00 | probe_ok | probe_v28_dual_lane_live_market_update.py | elapsed_s=0.31
2026-05-07 19:00:03 -04:00 | probe_ok | probe_v28_dual_lane_readiness_checklist.py | elapsed_s=0.22
2026-05-07 19:00:04 -04:00 | probe_ok | probe_v28_dual_lane_snapshot_ledger.py | elapsed_s=0.24
2026-05-07 19:00:04 -04:00 | cycle_done | cycle=393
2026-05-07 19:01:04 -04:00 | cycle_start | cycle=394
2026-05-07 19:01:04 -04:00 | probe_ok | probe_v28_dual_lane_sidecar_safety_watch.py | elapsed_s=0.64
2026-05-07 19:01:04 -04:00 | probe_ok | probe_v28_dual_lane_live_market_update.py | elapsed_s=0.24
2026-05-07 19:01:05 -04:00 | probe_ok | probe_v28_dual_lane_readiness_checklist.py | elapsed_s=0.19
2026-05-07 19:01:05 -04:00 | probe_ok | probe_v28_dual_lane_snapshot_ledger.py | elapsed_s=0.22
2026-05-07 19:01:05 -04:00 | cycle_done | cycle=394
2026-05-07 19:02:05 -04:00 | cycle_start | cycle=395
2026-05-07 19:02:05 -04:00 | probe_ok | probe_v28_dual_lane_sidecar_safety_watch.py | elapsed_s=0.63
2026-05-07 19:02:06 -04:00 | probe_ok | probe_v28_dual_lane_live_market_update.py | elapsed_s=0.25
2026-05-07 19:02:06 -04:00 | probe_ok | probe_v28_dual_lane_readiness_checklist.py | elapsed_s=0.19
2026-05-07 19:02:06 -04:00 | probe_ok | probe_v28_dual_lane_snapshot_ledger.py | elapsed_s=0.22
2026-05-07 19:02:06 -04:00 | cycle_done | cycle=395
2026-05-07 19:03:06 -04:00 | cycle_start | cycle=396
2026-05-07 19:03:07 -04:00 | probe_ok | probe_v28_dual_lane_sidecar_safety_watch.py | elapsed_s=0.45
2026-05-07 19:03:07 -04:00 | probe_ok | probe_v28_dual_lane_live_market_update.py | elapsed_s=0.19
2026-05-07 19:03:07 -04:00 | probe_ok | probe_v28_dual_lane_readiness_checklist.py | elapsed_s=0.14
2026-05-07 19:03:07 -04:00 | probe_ok | probe_v28_dual_lane_snapshot_ledger.py | elapsed_s=0.16
2026-05-07 19:03:07 -04:00 | cycle_done | cycle=396
2026-05-07 19:04:07 -04:00 | cycle_start | cycle=397
2026-05-07 19:04:08 -04:00 | probe_ok | probe_v28_dual_lane_sidecar_safety_watch.py | elapsed_s=0.47
2026-05-07 19:04:08 -04:00 | probe_ok | probe_v28_dual_lane_live_market_update.py | elapsed_s=0.23
2026-05-07 19:04:08 -04:00 | probe_ok | probe_v28_dual_lane_readiness_checklist.py | elapsed_s=0.15
2026-05-07 19:04:08 -04:00 | probe_ok | probe_v28_dual_lane_snapshot_ledger.py | elapsed_s=0.17
2026-05-07 19:04:08 -04:00 | cycle_done | cycle=397
2026-05-07 19:05:08 -04:00 | cycle_start | cycle=398
2026-05-07 19:05:09 -04:00 | probe_ok | probe_v28_dual_lane_sidecar_safety_watch.py | elapsed_s=0.44
2026-05-07 19:05:09 -04:00 | probe_ok | probe_v28_dual_lane_live_market_update.py | elapsed_s=0.18
2026-05-07 19:05:09 -04:00 | probe_ok | probe_v28_dual_lane_readiness_checklist.py | elapsed_s=0.15
2026-05-07 19:05:09 -04:00 | probe_ok | probe_v28_dual_lane_snapshot_ledger.py | elapsed_s=0.17
2026-05-07 19:05:09 -04:00 | cycle_done | cycle=398
2026-05-07 19:06:09 -04:00 | cycle_start | cycle=399
2026-05-07 19:06:10 -04:00 | probe_ok | probe_v28_dual_lane_sidecar_safety_watch.py | elapsed_s=0.46
2026-05-07 19:06:10 -04:00 | probe_ok | probe_v28_dual_lane_live_market_update.py | elapsed_s=0.18
2026-05-07 19:06:10 -04:00 | probe_ok | probe_v28_dual_lane_readiness_checklist.py | elapsed_s=0.14
2026-05-07 19:06:10 -04:00 | probe_ok | probe_v28_dual_lane_snapshot_ledger.py | elapsed_s=0.17
2026-05-07 19:06:10 -04:00 | cycle_done | cycle=399
2026-05-07 19:07:10 -04:00 | cycle_start | cycle=400
2026-05-07 19:07:11 -04:00 | probe_ok | probe_v28_dual_lane_sidecar_safety_watch.py | elapsed_s=0.47
2026-05-07 19:07:11 -04:00 | probe_ok | probe_v28_dual_lane_live_market_update.py | elapsed_s=0.25
2026-05-07 19:07:11 -04:00 | probe_ok | probe_v28_dual_lane_readiness_checklist.py | elapsed_s=0.14
2026-05-07 19:07:11 -04:00 | probe_ok | probe_v28_dual_lane_snapshot_ledger.py | elapsed_s=0.16
2026-05-07 19:07:11 -04:00 | cycle_done | cycle=400
2026-05-07 19:08:11 -04:00 | cycle_start | cycle=401
2026-05-07 19:08:12 -04:00 | probe_ok | probe_v28_dual_lane_sidecar_safety_watch.py | elapsed_s=0.68
2026-05-07 19:08:12 -04:00 | probe_ok | probe_v28_dual_lane_live_market_update.py | elapsed_s=0.24
2026-05-07 19:08:12 -04:00 | probe_ok | probe_v28_dual_lane_readiness_checklist.py | elapsed_s=0.19
2026-05-07 19:08:13 -04:00 | probe_ok | probe_v28_dual_lane_snapshot_ledger.py | elapsed_s=0.25
2026-05-07 19:08:13 -04:00 | cycle_done | cycle=401
2026-05-07 19:09:13 -04:00 | cycle_start | cycle=402
2026-05-07 19:09:13 -04:00 | probe_ok | probe_v28_dual_lane_sidecar_safety_watch.py | elapsed_s=0.53
2026-05-07 19:09:13 -04:00 | probe_ok | probe_v28_dual_lane_live_market_update.py | elapsed_s=0.25
2026-05-07 19:09:14 -04:00 | probe_ok | probe_v28_dual_lane_readiness_checklist.py | elapsed_s=0.2
2026-05-07 19:09:14 -04:00 | probe_ok | probe_v28_dual_lane_snapshot_ledger.py | elapsed_s=0.2
2026-05-07 19:09:14 -04:00 | cycle_done | cycle=402
2026-05-07 19:10:14 -04:00 | cycle_start | cycle=403
2026-05-07 19:10:14 -04:00 | probe_ok | probe_v28_dual_lane_sidecar_safety_watch.py | elapsed_s=0.62
2026-05-07 19:10:15 -04:00 | probe_ok | probe_v28_dual_lane_live_market_update.py | elapsed_s=0.23
2026-05-07 19:10:15 -04:00 | probe_ok | probe_v28_dual_lane_readiness_checklist.py | elapsed_s=0.19
2026-05-07 19:10:15 -04:00 | probe_ok | probe_v28_dual_lane_snapshot_ledger.py | elapsed_s=0.21
2026-05-07 19:10:15 -04:00 | cycle_done | cycle=403
2026-05-07 19:11:15 -04:00 | cycle_start | cycle=404
2026-05-07 19:11:16 -04:00 | probe_ok | probe_v28_dual_lane_sidecar_safety_watch.py | elapsed_s=0.45
2026-05-07 19:11:16 -04:00 | probe_ok | probe_v28_dual_lane_live_market_update.py | elapsed_s=0.2
2026-05-07 19:11:16 -04:00 | probe_ok | probe_v28_dual_lane_readiness_checklist.py | elapsed_s=0.13
2026-05-07 19:11:16 -04:00 | probe_ok | probe_v28_dual_lane_snapshot_ledger.py | elapsed_s=0.18
2026-05-07 19:11:16 -04:00 | cycle_done | cycle=404
2026-05-07 19:12:16 -04:00 | cycle_start | cycle=405
2026-05-07 19:12:17 -04:00 | probe_ok | probe_v28_dual_lane_sidecar_safety_watch.py | elapsed_s=0.43
2026-05-07 19:12:17 -04:00 | probe_ok | probe_v28_dual_lane_live_market_update.py | elapsed_s=0.18
2026-05-07 19:12:17 -04:00 | probe_ok | probe_v28_dual_lane_readiness_checklist.py | elapsed_s=0.15
2026-05-07 19:12:17 -04:00 | probe_ok | probe_v28_dual_lane_snapshot_ledger.py | elapsed_s=0.16
2026-05-07 19:12:17 -04:00 | cycle_done | cycle=405
2026-05-07 19:13:17 -04:00 | cycle_start | cycle=406
2026-05-07 19:13:18 -04:00 | probe_ok | probe_v28_dual_lane_sidecar_safety_watch.py | elapsed_s=0.43
2026-05-07 19:13:18 -04:00 | probe_ok | probe_v28_dual_lane_live_market_update.py | elapsed_s=0.17
2026-05-07 19:13:18 -04:00 | probe_ok | probe_v28_dual_lane_readiness_checklist.py | elapsed_s=0.15
2026-05-07 19:13:18 -04:00 | probe_ok | probe_v28_dual_lane_snapshot_ledger.py | elapsed_s=0.15
2026-05-07 19:13:18 -04:00 | cycle_done | cycle=406
2026-05-07 19:14:18 -04:00 | cycle_start | cycle=407
2026-05-07 19:14:18 -04:00 | probe_ok | probe_v28_dual_lane_sidecar_safety_watch.py | elapsed_s=0.46
2026-05-07 19:14:19 -04:00 | probe_ok | probe_v28_dual_lane_live_market_update.py | elapsed_s=0.19
2026-05-07 19:14:19 -04:00 | probe_ok | probe_v28_dual_lane_readiness_checklist.py | elapsed_s=0.14
2026-05-07 19:14:19 -04:00 | probe_ok | probe_v28_dual_lane_snapshot_ledger.py | elapsed_s=0.19
2026-05-07 19:14:19 -04:00 | cycle_done | cycle=407
2026-05-07 19:15:19 -04:00 | cycle_start | cycle=408
2026-05-07 19:15:19 -04:00 | probe_ok | probe_v28_dual_lane_sidecar_safety_watch.py | elapsed_s=0.38
2026-05-07 19:15:20 -04:00 | probe_ok | probe_v28_dual_lane_live_market_update.py | elapsed_s=0.17
2026-05-07 19:15:20 -04:00 | probe_ok | probe_v28_dual_lane_readiness_checklist.py | elapsed_s=0.15
2026-05-07 19:15:20 -04:00 | probe_ok | probe_v28_dual_lane_snapshot_ledger.py | elapsed_s=0.16
2026-05-07 19:15:20 -04:00 | cycle_done | cycle=408
2026-05-07 19:16:20 -04:00 | cycle_start | cycle=409
2026-05-07 19:16:20 -04:00 | probe_ok | probe_v28_dual_lane_sidecar_safety_watch.py | elapsed_s=0.41
2026-05-07 19:16:20 -04:00 | probe_ok | probe_v28_dual_lane_live_market_update.py | elapsed_s=0.16
2026-05-07 19:16:21 -04:00 | probe_ok | probe_v28_dual_lane_readiness_checklist.py | elapsed_s=0.15
2026-05-07 19:16:21 -04:00 | probe_ok | probe_v28_dual_lane_snapshot_ledger.py | elapsed_s=0.16
2026-05-07 19:16:21 -04:00 | cycle_done | cycle=409
2026-05-07 19:17:21 -04:00 | cycle_start | cycle=410
2026-05-07 19:17:21 -04:00 | probe_ok | probe_v28_dual_lane_sidecar_safety_watch.py | elapsed_s=0.43
2026-05-07 19:17:21 -04:00 | probe_ok | probe_v28_dual_lane_live_market_update.py | elapsed_s=0.16
2026-05-07 19:17:22 -04:00 | probe_ok | probe_v28_dual_lane_readiness_checklist.py | elapsed_s=0.14
2026-05-07 19:17:22 -04:00 | probe_ok | probe_v28_dual_lane_snapshot_ledger.py | elapsed_s=0.16
2026-05-07 19:17:22 -04:00 | cycle_done | cycle=410
2026-05-07 19:18:22 -04:00 | cycle_start | cycle=411
2026-05-07 19:18:22 -04:00 | probe_ok | probe_v28_dual_lane_sidecar_safety_watch.py | elapsed_s=0.7
2026-05-07 19:18:23 -04:00 | probe_ok | probe_v28_dual_lane_live_market_update.py | elapsed_s=0.24
2026-05-07 19:18:23 -04:00 | probe_ok | probe_v28_dual_lane_readiness_checklist.py | elapsed_s=0.21
2026-05-07 19:18:23 -04:00 | probe_ok | probe_v28_dual_lane_snapshot_ledger.py | elapsed_s=0.24
2026-05-07 19:18:23 -04:00 | cycle_done | cycle=411
2026-05-07 19:19:23 -04:00 | cycle_start | cycle=412
2026-05-07 19:19:24 -04:00 | probe_ok | probe_v28_dual_lane_sidecar_safety_watch.py | elapsed_s=0.51
2026-05-07 19:19:24 -04:00 | probe_ok | probe_v28_dual_lane_live_market_update.py | elapsed_s=0.21
2026-05-07 19:19:24 -04:00 | probe_ok | probe_v28_dual_lane_readiness_checklist.py | elapsed_s=0.18
2026-05-07 19:19:24 -04:00 | probe_ok | probe_v28_dual_lane_snapshot_ledger.py | elapsed_s=0.21
2026-05-07 19:19:24 -04:00 | cycle_done | cycle=412
2026-05-07 19:20:24 -04:00 | cycle_start | cycle=413
2026-05-07 19:20:25 -04:00 | probe_ok | probe_v28_dual_lane_sidecar_safety_watch.py | elapsed_s=0.43
2026-05-07 19:20:25 -04:00 | probe_ok | probe_v28_dual_lane_live_market_update.py | elapsed_s=0.17
2026-05-07 19:20:25 -04:00 | probe_ok | probe_v28_dual_lane_readiness_checklist.py | elapsed_s=0.11
2026-05-07 19:20:25 -04:00 | probe_ok | probe_v28_dual_lane_snapshot_ledger.py | elapsed_s=0.11
2026-05-07 19:20:25 -04:00 | cycle_done | cycle=413
2026-05-07 19:21:25 -04:00 | cycle_start | cycle=414
2026-05-07 19:21:25 -04:00 | probe_ok | probe_v28_dual_lane_sidecar_safety_watch.py | elapsed_s=0.29
2026-05-07 19:21:26 -04:00 | probe_ok | probe_v28_dual_lane_live_market_update.py | elapsed_s=0.13
2026-05-07 19:21:26 -04:00 | probe_ok | probe_v28_dual_lane_readiness_checklist.py | elapsed_s=0.1
2026-05-07 19:21:26 -04:00 | probe_ok | probe_v28_dual_lane_snapshot_ledger.py | elapsed_s=0.12
2026-05-07 19:21:26 -04:00 | cycle_done | cycle=414
2026-05-07 19:22:26 -04:00 | cycle_start | cycle=415
2026-05-07 19:22:26 -04:00 | probe_ok | probe_v28_dual_lane_sidecar_safety_watch.py | elapsed_s=0.26
2026-05-07 19:22:26 -04:00 | probe_ok | probe_v28_dual_lane_live_market_update.py | elapsed_s=0.11
2026-05-07 19:22:26 -04:00 | probe_ok | probe_v28_dual_lane_readiness_checklist.py | elapsed_s=0.08
2026-05-07 19:22:26 -04:00 | probe_ok | probe_v28_dual_lane_snapshot_ledger.py | elapsed_s=0.1
2026-05-07 19:22:26 -04:00 | cycle_done | cycle=415
2026-05-07 19:23:26 -04:00 | cycle_start | cycle=416
2026-05-07 19:23:27 -04:00 | probe_ok | probe_v28_dual_lane_sidecar_safety_watch.py | elapsed_s=0.39
2026-05-07 19:23:27 -04:00 | probe_ok | probe_v28_dual_lane_live_market_update.py | elapsed_s=0.15
2026-05-07 19:23:27 -04:00 | probe_ok | probe_v28_dual_lane_readiness_checklist.py | elapsed_s=0.12
2026-05-07 19:23:27 -04:00 | probe_ok | probe_v28_dual_lane_snapshot_ledger.py | elapsed_s=0.14
2026-05-07 19:23:27 -04:00 | cycle_done | cycle=416
2026-05-07 19:24:27 -04:00 | cycle_start | cycle=417
2026-05-07 19:24:27 -04:00 | probe_ok | probe_v28_dual_lane_sidecar_safety_watch.py | elapsed_s=0.26
2026-05-07 19:24:28 -04:00 | probe_ok | probe_v28_dual_lane_live_market_update.py | elapsed_s=0.13
2026-05-07 19:24:28 -04:00 | probe_ok | probe_v28_dual_lane_readiness_checklist.py | elapsed_s=0.09
2026-05-07 19:24:28 -04:00 | probe_ok | probe_v28_dual_lane_snapshot_ledger.py | elapsed_s=0.11
2026-05-07 19:24:28 -04:00 | cycle_done | cycle=417
2026-05-07 19:25:28 -04:00 | cycle_start | cycle=418
2026-05-07 19:25:28 -04:00 | probe_ok | probe_v28_dual_lane_sidecar_safety_watch.py | elapsed_s=0.3
2026-05-07 19:25:28 -04:00 | probe_ok | probe_v28_dual_lane_live_market_update.py | elapsed_s=0.12
2026-05-07 19:25:28 -04:00 | probe_ok | probe_v28_dual_lane_readiness_checklist.py | elapsed_s=0.1
2026-05-07 19:25:28 -04:00 | probe_ok | probe_v28_dual_lane_snapshot_ledger.py | elapsed_s=0.11
2026-05-07 19:25:28 -04:00 | cycle_done | cycle=418
2026-05-07 19:26:28 -04:00 | cycle_start | cycle=419
2026-05-07 19:26:29 -04:00 | probe_ok | probe_v28_dual_lane_sidecar_safety_watch.py | elapsed_s=0.32
2026-05-07 19:26:29 -04:00 | probe_ok | probe_v28_dual_lane_live_market_update.py | elapsed_s=0.13
2026-05-07 19:26:29 -04:00 | probe_ok | probe_v28_dual_lane_readiness_checklist.py | elapsed_s=0.11
2026-05-07 19:26:29 -04:00 | probe_ok | probe_v28_dual_lane_snapshot_ledger.py | elapsed_s=0.11
2026-05-07 19:26:29 -04:00 | cycle_done | cycle=419
2026-05-07 19:27:29 -04:00 | cycle_start | cycle=420
2026-05-07 19:27:30 -04:00 | probe_ok | probe_v28_dual_lane_sidecar_safety_watch.py | elapsed_s=0.41
2026-05-07 19:27:30 -04:00 | probe_ok | probe_v28_dual_lane_live_market_update.py | elapsed_s=0.18
2026-05-07 19:27:30 -04:00 | probe_ok | probe_v28_dual_lane_readiness_checklist.py | elapsed_s=0.13
2026-05-07 19:27:30 -04:00 | probe_ok | probe_v28_dual_lane_snapshot_ledger.py | elapsed_s=0.14
2026-05-07 19:27:30 -04:00 | cycle_done | cycle=420
2026-05-07 19:28:30 -04:00 | cycle_start | cycle=421
2026-05-07 19:28:30 -04:00 | probe_ok | probe_v28_dual_lane_sidecar_safety_watch.py | elapsed_s=0.22
2026-05-07 19:28:30 -04:00 | probe_ok | probe_v28_dual_lane_live_market_update.py | elapsed_s=0.1
2026-05-07 19:28:30 -04:00 | probe_ok | probe_v28_dual_lane_readiness_checklist.py | elapsed_s=0.08
2026-05-07 19:28:31 -04:00 | probe_ok | probe_v28_dual_lane_snapshot_ledger.py | elapsed_s=0.1
2026-05-07 19:28:31 -04:00 | cycle_done | cycle=421
2026-05-07 19:29:31 -04:00 | cycle_start | cycle=422
2026-05-07 19:29:31 -04:00 | probe_ok | probe_v28_dual_lane_sidecar_safety_watch.py | elapsed_s=0.29
2026-05-07 19:29:31 -04:00 | probe_ok | probe_v28_dual_lane_live_market_update.py | elapsed_s=0.13
2026-05-07 19:29:31 -04:00 | probe_ok | probe_v28_dual_lane_readiness_checklist.py | elapsed_s=0.09
2026-05-07 19:29:31 -04:00 | probe_ok | probe_v28_dual_lane_snapshot_ledger.py | elapsed_s=0.11
2026-05-07 19:29:31 -04:00 | cycle_done | cycle=422
2026-05-07 19:30:31 -04:00 | cycle_start | cycle=423
2026-05-07 19:30:31 -04:00 | probe_ok | probe_v28_dual_lane_sidecar_safety_watch.py | elapsed_s=0.24
2026-05-07 19:30:32 -04:00 | probe_ok | probe_v28_dual_lane_live_market_update.py | elapsed_s=0.1
2026-05-07 19:30:32 -04:00 | probe_ok | probe_v28_dual_lane_readiness_checklist.py | elapsed_s=0.1
2026-05-07 19:30:32 -04:00 | probe_ok | probe_v28_dual_lane_snapshot_ledger.py | elapsed_s=0.11
2026-05-07 19:30:32 -04:00 | cycle_done | cycle=423
2026-05-07 19:31:32 -04:00 | cycle_start | cycle=424
2026-05-07 19:31:32 -04:00 | probe_ok | probe_v28_dual_lane_sidecar_safety_watch.py | elapsed_s=0.27
2026-05-07 19:31:32 -04:00 | probe_ok | probe_v28_dual_lane_live_market_update.py | elapsed_s=0.12
2026-05-07 19:31:32 -04:00 | probe_ok | probe_v28_dual_lane_readiness_checklist.py | elapsed_s=0.11
2026-05-07 19:31:32 -04:00 | probe_ok | probe_v28_dual_lane_snapshot_ledger.py | elapsed_s=0.11
2026-05-07 19:31:32 -04:00 | cycle_done | cycle=424
2026-05-07 19:32:32 -04:00 | cycle_start | cycle=425
2026-05-07 19:32:33 -04:00 | probe_ok | probe_v28_dual_lane_sidecar_safety_watch.py | elapsed_s=0.21
2026-05-07 19:32:33 -04:00 | probe_ok | probe_v28_dual_lane_live_market_update.py | elapsed_s=0.1
2026-05-07 19:32:33 -04:00 | probe_ok | probe_v28_dual_lane_readiness_checklist.py | elapsed_s=0.09
2026-05-07 19:32:33 -04:00 | probe_ok | probe_v28_dual_lane_snapshot_ledger.py | elapsed_s=0.11
2026-05-07 19:32:33 -04:00 | cycle_done | cycle=425
2026-05-07 19:33:33 -04:00 | cycle_start | cycle=426
2026-05-07 19:33:33 -04:00 | probe_ok | probe_v28_dual_lane_sidecar_safety_watch.py | elapsed_s=0.19
2026-05-07 19:33:33 -04:00 | probe_ok | probe_v28_dual_lane_live_market_update.py | elapsed_s=0.1
2026-05-07 19:33:33 -04:00 | probe_ok | probe_v28_dual_lane_readiness_checklist.py | elapsed_s=0.07
2026-05-07 19:33:33 -04:00 | probe_ok | probe_v28_dual_lane_snapshot_ledger.py | elapsed_s=0.09
2026-05-07 19:33:33 -04:00 | cycle_done | cycle=426
2026-05-07 19:34:33 -04:00 | cycle_start | cycle=427
2026-05-07 19:34:34 -04:00 | probe_ok | probe_v28_dual_lane_sidecar_safety_watch.py | elapsed_s=0.21
2026-05-07 19:34:34 -04:00 | probe_ok | probe_v28_dual_lane_live_market_update.py | elapsed_s=0.41
2026-05-07 19:34:34 -04:00 | probe_ok | probe_v28_dual_lane_readiness_checklist.py | elapsed_s=0.08
2026-05-07 19:34:34 -04:00 | probe_ok | probe_v28_dual_lane_snapshot_ledger.py | elapsed_s=0.09
2026-05-07 19:34:34 -04:00 | cycle_done | cycle=427
2026-05-07 19:35:34 -04:00 | cycle_start | cycle=428
2026-05-07 19:35:35 -04:00 | probe_ok | probe_v28_dual_lane_sidecar_safety_watch.py | elapsed_s=0.23
2026-05-07 19:35:35 -04:00 | probe_ok | probe_v28_dual_lane_live_market_update.py | elapsed_s=0.1
2026-05-07 19:35:35 -04:00 | probe_ok | probe_v28_dual_lane_readiness_checklist.py | elapsed_s=0.08
2026-05-07 19:35:35 -04:00 | probe_ok | probe_v28_dual_lane_snapshot_ledger.py | elapsed_s=0.1
2026-05-07 19:35:35 -04:00 | cycle_done | cycle=428
2026-05-07 19:36:35 -04:00 | cycle_start | cycle=429
2026-05-07 19:36:35 -04:00 | probe_ok | probe_v28_dual_lane_sidecar_safety_watch.py | elapsed_s=0.36
2026-05-07 19:36:35 -04:00 | probe_ok | probe_v28_dual_lane_live_market_update.py | elapsed_s=0.12
2026-05-07 19:36:35 -04:00 | probe_ok | probe_v28_dual_lane_readiness_checklist.py | elapsed_s=0.11
2026-05-07 19:36:36 -04:00 | probe_ok | probe_v28_dual_lane_snapshot_ledger.py | elapsed_s=0.12
2026-05-07 19:36:36 -04:00 | cycle_done | cycle=429
2026-05-07 19:37:36 -04:00 | cycle_start | cycle=430
2026-05-07 19:37:36 -04:00 | probe_ok | probe_v28_dual_lane_sidecar_safety_watch.py | elapsed_s=0.23
2026-05-07 19:37:36 -04:00 | probe_ok | probe_v28_dual_lane_live_market_update.py | elapsed_s=0.13
2026-05-07 19:37:36 -04:00 | probe_ok | probe_v28_dual_lane_readiness_checklist.py | elapsed_s=0.08
2026-05-07 19:37:36 -04:00 | probe_ok | probe_v28_dual_lane_snapshot_ledger.py | elapsed_s=0.09
2026-05-07 19:37:36 -04:00 | cycle_done | cycle=430
2026-05-07 19:38:36 -04:00 | cycle_start | cycle=431
2026-05-07 19:38:36 -04:00 | probe_ok | probe_v28_dual_lane_sidecar_safety_watch.py | elapsed_s=0.2
2026-05-07 19:38:36 -04:00 | probe_ok | probe_v28_dual_lane_live_market_update.py | elapsed_s=0.09
2026-05-07 19:38:36 -04:00 | probe_ok | probe_v28_dual_lane_readiness_checklist.py | elapsed_s=0.07
2026-05-07 19:38:37 -04:00 | probe_ok | probe_v28_dual_lane_snapshot_ledger.py | elapsed_s=0.08
2026-05-07 19:38:37 -04:00 | cycle_done | cycle=431
2026-05-07 19:39:37 -04:00 | cycle_start | cycle=432
2026-05-07 19:39:37 -04:00 | probe_ok | probe_v28_dual_lane_sidecar_safety_watch.py | elapsed_s=0.2
2026-05-07 19:39:37 -04:00 | probe_ok | probe_v28_dual_lane_live_market_update.py | elapsed_s=0.1
2026-05-07 19:39:37 -04:00 | probe_ok | probe_v28_dual_lane_readiness_checklist.py | elapsed_s=0.08
2026-05-07 19:39:37 -04:00 | probe_ok | probe_v28_dual_lane_snapshot_ledger.py | elapsed_s=0.08
2026-05-07 19:39:37 -04:00 | cycle_done | cycle=432
2026-05-07 19:40:37 -04:00 | cycle_start | cycle=433
2026-05-07 19:40:37 -04:00 | probe_ok | probe_v28_dual_lane_sidecar_safety_watch.py | elapsed_s=0.24
2026-05-07 19:40:37 -04:00 | probe_ok | probe_v28_dual_lane_live_market_update.py | elapsed_s=0.13
2026-05-07 19:40:37 -04:00 | probe_ok | probe_v28_dual_lane_readiness_checklist.py | elapsed_s=0.08
2026-05-07 19:40:38 -04:00 | probe_ok | probe_v28_dual_lane_snapshot_ledger.py | elapsed_s=0.09
2026-05-07 19:40:38 -04:00 | cycle_done | cycle=433
2026-05-07 19:41:38 -04:00 | cycle_start | cycle=434
2026-05-07 19:41:38 -04:00 | probe_ok | probe_v28_dual_lane_sidecar_safety_watch.py | elapsed_s=0.21
2026-05-07 19:41:38 -04:00 | probe_ok | probe_v28_dual_lane_live_market_update.py | elapsed_s=0.09
2026-05-07 19:41:38 -04:00 | probe_ok | probe_v28_dual_lane_readiness_checklist.py | elapsed_s=0.07
2026-05-07 19:41:38 -04:00 | probe_ok | probe_v28_dual_lane_snapshot_ledger.py | elapsed_s=0.09
2026-05-07 19:41:38 -04:00 | cycle_done | cycle=434
2026-05-07 19:42:38 -04:00 | cycle_start | cycle=435
2026-05-07 19:42:38 -04:00 | probe_ok | probe_v28_dual_lane_sidecar_safety_watch.py | elapsed_s=0.23
2026-05-07 19:42:38 -04:00 | probe_ok | probe_v28_dual_lane_live_market_update.py | elapsed_s=0.17
2026-05-07 19:42:39 -04:00 | probe_ok | probe_v28_dual_lane_readiness_checklist.py | elapsed_s=0.12
2026-05-07 19:42:39 -04:00 | probe_ok | probe_v28_dual_lane_snapshot_ledger.py | elapsed_s=0.14
2026-05-07 19:42:39 -04:00 | cycle_done | cycle=435
2026-05-07 19:43:39 -04:00 | cycle_start | cycle=436
2026-05-07 19:43:39 -04:00 | probe_ok | probe_v28_dual_lane_sidecar_safety_watch.py | elapsed_s=0.21
2026-05-07 19:43:39 -04:00 | probe_ok | probe_v28_dual_lane_live_market_update.py | elapsed_s=0.1
2026-05-07 19:43:39 -04:00 | probe_ok | probe_v28_dual_lane_readiness_checklist.py | elapsed_s=0.09
2026-05-07 19:43:39 -04:00 | probe_ok | probe_v28_dual_lane_snapshot_ledger.py | elapsed_s=0.1
2026-05-07 19:43:39 -04:00 | cycle_done | cycle=436
2026-05-07 19:44:39 -04:00 | cycle_start | cycle=437
2026-05-07 19:44:39 -04:00 | probe_ok | probe_v28_dual_lane_sidecar_safety_watch.py | elapsed_s=0.19
2026-05-07 19:44:40 -04:00 | probe_ok | probe_v28_dual_lane_live_market_update.py | elapsed_s=0.08
2026-05-07 19:44:40 -04:00 | probe_ok | probe_v28_dual_lane_readiness_checklist.py | elapsed_s=0.07
2026-05-07 19:44:40 -04:00 | probe_ok | probe_v28_dual_lane_snapshot_ledger.py | elapsed_s=0.09
2026-05-07 19:44:40 -04:00 | cycle_done | cycle=437
2026-05-07 19:45:40 -04:00 | cycle_start | cycle=438
2026-05-07 19:45:40 -04:00 | probe_ok | probe_v28_dual_lane_sidecar_safety_watch.py | elapsed_s=0.22
2026-05-07 19:45:40 -04:00 | probe_ok | probe_v28_dual_lane_live_market_update.py | elapsed_s=0.09
2026-05-07 19:45:40 -04:00 | probe_ok | probe_v28_dual_lane_readiness_checklist.py | elapsed_s=0.08
2026-05-07 19:45:40 -04:00 | probe_ok | probe_v28_dual_lane_snapshot_ledger.py | elapsed_s=0.09
2026-05-07 19:45:40 -04:00 | cycle_done | cycle=438
2026-05-07 19:46:40 -04:00 | cycle_start | cycle=439
2026-05-07 19:47:40 -04:00 | probe_timeout | probe_v28_dual_lane_sidecar_safety_watch.py
2026-05-07 19:47:40 -04:00 | probe_ok | probe_v28_dual_lane_live_market_update.py | elapsed_s=0.09
2026-05-07 19:47:40 -04:00 | probe_ok | probe_v28_dual_lane_readiness_checklist.py | elapsed_s=0.11
2026-05-07 19:47:41 -04:00 | probe_ok | probe_v28_dual_lane_snapshot_ledger.py | elapsed_s=0.12
2026-05-07 19:47:41 -04:00 | cycle_done | cycle=439
2026-05-07 19:48:41 -04:00 | cycle_start | cycle=440
2026-05-07 19:49:41 -04:00 | probe_timeout | probe_v28_dual_lane_sidecar_safety_watch.py
2026-05-07 19:49:41 -04:00 | probe_ok | probe_v28_dual_lane_live_market_update.py | elapsed_s=0.07
2026-05-07 19:49:41 -04:00 | probe_ok | probe_v28_dual_lane_readiness_checklist.py | elapsed_s=0.08
2026-05-07 19:49:41 -04:00 | probe_ok | probe_v28_dual_lane_snapshot_ledger.py | elapsed_s=0.1
2026-05-07 19:49:41 -04:00 | cycle_done | cycle=440
2026-05-07 19:50:41 -04:00 | cycle_start | cycle=441
2026-05-07 19:51:41 -04:00 | probe_timeout | probe_v28_dual_lane_sidecar_safety_watch.py
2026-05-07 19:51:41 -04:00 | probe_ok | probe_v28_dual_lane_live_market_update.py | elapsed_s=0.09
2026-05-07 19:51:41 -04:00 | probe_ok | probe_v28_dual_lane_readiness_checklist.py | elapsed_s=0.09
2026-05-07 19:51:41 -04:00 | probe_ok | probe_v28_dual_lane_snapshot_ledger.py | elapsed_s=0.11
2026-05-07 19:51:41 -04:00 | cycle_done | cycle=441
2026-05-07 19:52:41 -04:00 | cycle_start | cycle=442
2026-05-07 19:53:41 -04:00 | probe_timeout | probe_v28_dual_lane_sidecar_safety_watch.py
2026-05-07 19:53:41 -04:00 | probe_ok | probe_v28_dual_lane_live_market_update.py | elapsed_s=0.08
2026-05-07 19:53:42 -04:00 | probe_ok | probe_v28_dual_lane_readiness_checklist.py | elapsed_s=0.2
2026-05-07 19:53:42 -04:00 | probe_ok | probe_v28_dual_lane_snapshot_ledger.py | elapsed_s=0.09
2026-05-07 19:53:42 -04:00 | cycle_done | cycle=442
2026-05-07 19:54:42 -04:00 | cycle_start | cycle=443
2026-05-07 19:55:42 -04:00 | probe_timeout | probe_v28_dual_lane_sidecar_safety_watch.py
2026-05-07 19:55:42 -04:00 | probe_ok | probe_v28_dual_lane_live_market_update.py | elapsed_s=0.18
2026-05-07 19:55:42 -04:00 | probe_ok | probe_v28_dual_lane_readiness_checklist.py | elapsed_s=0.12
2026-05-07 19:55:42 -04:00 | probe_ok | probe_v28_dual_lane_snapshot_ledger.py | elapsed_s=0.14
2026-05-07 19:55:42 -04:00 | cycle_done | cycle=443
2026-05-07 19:56:42 -04:00 | cycle_start | cycle=444
2026-05-07 19:57:42 -04:00 | probe_timeout | probe_v28_dual_lane_sidecar_safety_watch.py
2026-05-07 19:57:42 -04:00 | probe_ok | probe_v28_dual_lane_live_market_update.py | elapsed_s=0.13
2026-05-07 19:57:42 -04:00 | probe_ok | probe_v28_dual_lane_readiness_checklist.py | elapsed_s=0.12
2026-05-07 19:57:43 -04:00 | probe_ok | probe_v28_dual_lane_snapshot_ledger.py | elapsed_s=0.13
2026-05-07 19:57:43 -04:00 | cycle_done | cycle=444
2026-05-07 19:58:43 -04:00 | cycle_start | cycle=445
2026-05-07 19:59:43 -04:00 | probe_timeout | probe_v28_dual_lane_sidecar_safety_watch.py
2026-05-07 19:59:43 -04:00 | probe_ok | probe_v28_dual_lane_live_market_update.py | elapsed_s=0.1
2026-05-07 19:59:43 -04:00 | probe_ok | probe_v28_dual_lane_readiness_checklist.py | elapsed_s=0.1
2026-05-07 19:59:43 -04:00 | probe_ok | probe_v28_dual_lane_snapshot_ledger.py | elapsed_s=0.11
2026-05-07 19:59:43 -04:00 | cycle_done | cycle=445
2026-05-07 20:00:43 -04:00 | cycle_start | cycle=446
2026-05-07 20:01:43 -04:00 | probe_timeout | probe_v28_dual_lane_sidecar_safety_watch.py
2026-05-07 20:01:43 -04:00 | probe_ok | probe_v28_dual_lane_live_market_update.py | elapsed_s=0.15
2026-05-07 20:01:43 -04:00 | probe_ok | probe_v28_dual_lane_readiness_checklist.py | elapsed_s=0.09
2026-05-07 20:01:43 -04:00 | probe_ok | probe_v28_dual_lane_snapshot_ledger.py | elapsed_s=0.1
2026-05-07 20:01:43 -04:00 | cycle_done | cycle=446
2026-05-07 20:02:43 -04:00 | cycle_start | cycle=447
2026-05-07 20:03:43 -04:00 | probe_timeout | probe_v28_dual_lane_sidecar_safety_watch.py
2026-05-07 20:03:43 -04:00 | probe_ok | probe_v28_dual_lane_live_market_update.py | elapsed_s=0.08
2026-05-07 20:03:43 -04:00 | probe_ok | probe_v28_dual_lane_readiness_checklist.py | elapsed_s=0.08
2026-05-07 20:03:44 -04:00 | probe_ok | probe_v28_dual_lane_snapshot_ledger.py | elapsed_s=0.1
2026-05-07 20:03:44 -04:00 | cycle_done | cycle=447
2026-05-07 20:04:44 -04:00 | cycle_start | cycle=448
2026-05-07 20:05:44 -04:00 | probe_timeout | probe_v28_dual_lane_sidecar_safety_watch.py
2026-05-07 20:05:44 -04:00 | probe_ok | probe_v28_dual_lane_live_market_update.py | elapsed_s=0.16
2026-05-07 20:05:44 -04:00 | probe_ok | probe_v28_dual_lane_readiness_checklist.py | elapsed_s=0.08
2026-05-07 20:05:44 -04:00 | probe_ok | probe_v28_dual_lane_snapshot_ledger.py | elapsed_s=0.09
2026-05-07 20:05:44 -04:00 | cycle_done | cycle=448
2026-05-07 20:06:44 -04:00 | cycle_start | cycle=449
2026-05-07 20:07:44 -04:00 | probe_timeout | probe_v28_dual_lane_sidecar_safety_watch.py
2026-05-07 20:07:44 -04:00 | probe_ok | probe_v28_dual_lane_live_market_update.py | elapsed_s=0.1
2026-05-07 20:07:44 -04:00 | probe_ok | probe_v28_dual_lane_readiness_checklist.py | elapsed_s=0.1
2026-05-07 20:07:44 -04:00 | probe_ok | probe_v28_dual_lane_snapshot_ledger.py | elapsed_s=0.09
2026-05-07 20:07:44 -04:00 | cycle_done | cycle=449
2026-05-07 20:08:44 -04:00 | cycle_start | cycle=450
2026-05-07 20:09:44 -04:00 | probe_timeout | probe_v28_dual_lane_sidecar_safety_watch.py
2026-05-07 20:09:44 -04:00 | probe_ok | probe_v28_dual_lane_live_market_update.py | elapsed_s=0.11
2026-05-07 20:09:45 -04:00 | probe_ok | probe_v28_dual_lane_readiness_checklist.py | elapsed_s=0.09
2026-05-07 20:09:45 -04:00 | probe_ok | probe_v28_dual_lane_snapshot_ledger.py | elapsed_s=0.11
2026-05-07 20:09:45 -04:00 | cycle_done | cycle=450
2026-05-07 20:10:45 -04:00 | cycle_start | cycle=451
2026-05-07 20:11:45 -04:00 | probe_timeout | probe_v28_dual_lane_sidecar_safety_watch.py
2026-05-07 20:11:45 -04:00 | probe_ok | probe_v28_dual_lane_live_market_update.py | elapsed_s=0.09
2026-05-07 20:11:45 -04:00 | probe_ok | probe_v28_dual_lane_readiness_checklist.py | elapsed_s=0.07
2026-05-07 20:11:45 -04:00 | probe_ok | probe_v28_dual_lane_snapshot_ledger.py | elapsed_s=0.08
2026-05-07 20:11:45 -04:00 | cycle_done | cycle=451
2026-05-07 20:12:45 -04:00 | cycle_start | cycle=452
2026-05-07 20:13:45 -04:00 | probe_timeout | probe_v28_dual_lane_sidecar_safety_watch.py
2026-05-07 20:13:45 -04:00 | probe_ok | probe_v28_dual_lane_live_market_update.py | elapsed_s=0.09
2026-05-07 20:13:45 -04:00 | probe_ok | probe_v28_dual_lane_readiness_checklist.py | elapsed_s=0.08
2026-05-07 20:13:45 -04:00 | probe_ok | probe_v28_dual_lane_snapshot_ledger.py | elapsed_s=0.09
2026-05-07 20:13:45 -04:00 | cycle_done | cycle=452
2026-05-07 20:14:45 -04:00 | cycle_start | cycle=453
2026-05-07 20:15:45 -04:00 | probe_timeout | probe_v28_dual_lane_sidecar_safety_watch.py
2026-05-07 20:15:45 -04:00 | probe_ok | probe_v28_dual_lane_live_market_update.py | elapsed_s=0.08
2026-05-07 20:15:45 -04:00 | probe_ok | probe_v28_dual_lane_readiness_checklist.py | elapsed_s=0.09
2026-05-07 20:15:46 -04:00 | probe_ok | probe_v28_dual_lane_snapshot_ledger.py | elapsed_s=0.1
2026-05-07 20:15:46 -04:00 | cycle_done | cycle=453
2026-05-07 20:16:46 -04:00 | cycle_start | cycle=454
2026-05-07 20:17:46 -04:00 | probe_timeout | probe_v28_dual_lane_sidecar_safety_watch.py
2026-05-07 20:17:46 -04:00 | probe_ok | probe_v28_dual_lane_live_market_update.py | elapsed_s=0.08
2026-05-07 20:17:46 -04:00 | probe_ok | probe_v28_dual_lane_readiness_checklist.py | elapsed_s=0.08
2026-05-07 20:17:46 -04:00 | probe_ok | probe_v28_dual_lane_snapshot_ledger.py | elapsed_s=0.12
2026-05-07 20:17:46 -04:00 | cycle_done | cycle=454
2026-05-07 20:18:46 -04:00 | cycle_start | cycle=455
2026-05-07 20:19:46 -04:00 | probe_timeout | probe_v28_dual_lane_sidecar_safety_watch.py
2026-05-07 20:19:46 -04:00 | probe_ok | probe_v28_dual_lane_live_market_update.py | elapsed_s=0.14
2026-05-07 20:19:46 -04:00 | probe_ok | probe_v28_dual_lane_readiness_checklist.py | elapsed_s=0.11
2026-05-07 20:19:46 -04:00 | probe_ok | probe_v28_dual_lane_snapshot_ledger.py | elapsed_s=0.13
2026-05-07 20:19:46 -04:00 | cycle_done | cycle=455
2026-05-07 20:20:46 -04:00 | cycle_start | cycle=456
2026-05-07 20:21:46 -04:00 | probe_timeout | probe_v28_dual_lane_sidecar_safety_watch.py
2026-05-07 20:21:46 -04:00 | probe_ok | probe_v28_dual_lane_live_market_update.py | elapsed_s=0.08
2026-05-07 20:21:47 -04:00 | probe_ok | probe_v28_dual_lane_readiness_checklist.py | elapsed_s=0.08
2026-05-07 20:21:47 -04:00 | probe_ok | probe_v28_dual_lane_snapshot_ledger.py | elapsed_s=0.08
2026-05-07 20:21:47 -04:00 | cycle_done | cycle=456
2026-05-07 20:22:47 -04:00 | cycle_start | cycle=457
2026-05-07 20:23:47 -04:00 | probe_timeout | probe_v28_dual_lane_sidecar_safety_watch.py
2026-05-07 20:23:47 -04:00 | probe_ok | probe_v28_dual_lane_live_market_update.py | elapsed_s=0.1
2026-05-07 20:23:47 -04:00 | probe_ok | probe_v28_dual_lane_readiness_checklist.py | elapsed_s=0.08
2026-05-07 20:23:47 -04:00 | probe_ok | probe_v28_dual_lane_snapshot_ledger.py | elapsed_s=0.1
2026-05-07 20:23:47 -04:00 | cycle_done | cycle=457
2026-05-07 20:24:47 -04:00 | cycle_start | cycle=458
2026-05-07 20:25:47 -04:00 | probe_timeout | probe_v28_dual_lane_sidecar_safety_watch.py
2026-05-07 20:25:47 -04:00 | probe_ok | probe_v28_dual_lane_live_market_update.py | elapsed_s=0.09
2026-05-07 20:25:47 -04:00 | probe_ok | probe_v28_dual_lane_readiness_checklist.py | elapsed_s=0.07
2026-05-07 20:25:47 -04:00 | probe_ok | probe_v28_dual_lane_snapshot_ledger.py | elapsed_s=0.09
2026-05-07 20:25:47 -04:00 | cycle_done | cycle=458
2026-05-07 20:26:47 -04:00 | cycle_start | cycle=459
2026-05-07 20:27:47 -04:00 | probe_timeout | probe_v28_dual_lane_sidecar_safety_watch.py
2026-05-07 20:27:47 -04:00 | probe_ok | probe_v28_dual_lane_live_market_update.py | elapsed_s=0.07
2026-05-07 20:27:48 -04:00 | probe_ok | probe_v28_dual_lane_readiness_checklist.py | elapsed_s=0.09
2026-05-07 20:27:48 -04:00 | probe_ok | probe_v28_dual_lane_snapshot_ledger.py | elapsed_s=0.08
2026-05-07 20:27:48 -04:00 | cycle_done | cycle=459
2026-05-07 20:28:48 -04:00 | cycle_start | cycle=460
2026-05-07 20:29:48 -04:00 | probe_timeout | probe_v28_dual_lane_sidecar_safety_watch.py
2026-05-07 20:29:48 -04:00 | probe_ok | probe_v28_dual_lane_live_market_update.py | elapsed_s=0.09
2026-05-07 20:29:48 -04:00 | probe_ok | probe_v28_dual_lane_readiness_checklist.py | elapsed_s=0.1
2026-05-07 20:29:48 -04:00 | probe_ok | probe_v28_dual_lane_snapshot_ledger.py | elapsed_s=0.57
2026-05-07 20:29:48 -04:00 | cycle_done | cycle=460
2026-05-07 20:30:48 -04:00 | cycle_start | cycle=461
2026-05-07 20:31:48 -04:00 | probe_timeout | probe_v28_dual_lane_sidecar_safety_watch.py
2026-05-07 20:31:49 -04:00 | probe_ok | probe_v28_dual_lane_live_market_update.py | elapsed_s=0.1
2026-05-07 20:31:49 -04:00 | probe_ok | probe_v28_dual_lane_readiness_checklist.py | elapsed_s=0.07
2026-05-07 20:31:49 -04:00 | probe_ok | probe_v28_dual_lane_snapshot_ledger.py | elapsed_s=0.09
2026-05-07 20:31:49 -04:00 | cycle_done | cycle=461
2026-05-07 20:32:49 -04:00 | cycle_start | cycle=462
2026-05-07 20:33:49 -04:00 | probe_timeout | probe_v28_dual_lane_sidecar_safety_watch.py
2026-05-07 20:33:49 -04:00 | probe_ok | probe_v28_dual_lane_live_market_update.py | elapsed_s=0.09
2026-05-07 20:33:49 -04:00 | probe_ok | probe_v28_dual_lane_readiness_checklist.py | elapsed_s=0.07
2026-05-07 20:33:49 -04:00 | probe_ok | probe_v28_dual_lane_snapshot_ledger.py | elapsed_s=0.1
2026-05-07 20:33:49 -04:00 | cycle_done | cycle=462
2026-05-07 20:34:49 -04:00 | cycle_start | cycle=463
2026-05-07 20:35:49 -04:00 | probe_timeout | probe_v28_dual_lane_sidecar_safety_watch.py
2026-05-07 20:35:49 -04:00 | probe_ok | probe_v28_dual_lane_live_market_update.py | elapsed_s=0.08
2026-05-07 20:35:49 -04:00 | probe_ok | probe_v28_dual_lane_readiness_checklist.py | elapsed_s=0.1
2026-05-07 20:35:49 -04:00 | probe_ok | probe_v28_dual_lane_snapshot_ledger.py | elapsed_s=0.12
2026-05-07 20:35:49 -04:00 | cycle_done | cycle=463
2026-05-07 20:36:49 -04:00 | cycle_start | cycle=464
2026-05-07 20:37:49 -04:00 | probe_timeout | probe_v28_dual_lane_sidecar_safety_watch.py
2026-05-07 20:37:49 -04:00 | probe_ok | probe_v28_dual_lane_live_market_update.py | elapsed_s=0.14
2026-05-07 20:37:50 -04:00 | probe_ok | probe_v28_dual_lane_readiness_checklist.py | elapsed_s=0.1
2026-05-07 20:37:50 -04:00 | probe_ok | probe_v28_dual_lane_snapshot_ledger.py | elapsed_s=0.12
2026-05-07 20:37:50 -04:00 | cycle_done | cycle=464
2026-05-07 20:38:50 -04:00 | cycle_start | cycle=465
2026-05-07 20:39:50 -04:00 | probe_timeout | probe_v28_dual_lane_sidecar_safety_watch.py
2026-05-07 20:39:50 -04:00 | probe_ok | probe_v28_dual_lane_live_market_update.py | elapsed_s=0.14
2026-05-07 20:39:50 -04:00 | probe_ok | probe_v28_dual_lane_readiness_checklist.py | elapsed_s=0.14
2026-05-07 20:39:50 -04:00 | probe_ok | probe_v28_dual_lane_snapshot_ledger.py | elapsed_s=0.15
2026-05-07 20:39:50 -04:00 | cycle_done | cycle=465
2026-05-07 20:40:50 -04:00 | cycle_start | cycle=466
2026-05-07 20:41:50 -04:00 | probe_timeout | probe_v28_dual_lane_sidecar_safety_watch.py
2026-05-07 20:41:50 -04:00 | probe_ok | probe_v28_dual_lane_live_market_update.py | elapsed_s=0.11
2026-05-07 20:41:50 -04:00 | probe_ok | probe_v28_dual_lane_readiness_checklist.py | elapsed_s=0.12
2026-05-07 20:41:51 -04:00 | probe_ok | probe_v28_dual_lane_snapshot_ledger.py | elapsed_s=0.14
2026-05-07 20:41:51 -04:00 | cycle_done | cycle=466
2026-05-07 20:42:51 -04:00 | cycle_start | cycle=467
2026-05-07 20:43:51 -04:00 | probe_timeout | probe_v28_dual_lane_sidecar_safety_watch.py
2026-05-07 20:43:51 -04:00 | probe_ok | probe_v28_dual_lane_live_market_update.py | elapsed_s=0.14
2026-05-07 20:43:51 -04:00 | probe_ok | probe_v28_dual_lane_readiness_checklist.py | elapsed_s=0.12
2026-05-07 20:43:51 -04:00 | probe_ok | probe_v28_dual_lane_snapshot_ledger.py | elapsed_s=0.13
2026-05-07 20:43:51 -04:00 | cycle_done | cycle=467
2026-05-07 20:44:51 -04:00 | cycle_start | cycle=468
2026-05-07 20:45:51 -04:00 | probe_timeout | probe_v28_dual_lane_sidecar_safety_watch.py
2026-05-07 20:45:51 -04:00 | probe_ok | probe_v28_dual_lane_live_market_update.py | elapsed_s=0.23
2026-05-07 20:45:52 -04:00 | probe_ok | probe_v28_dual_lane_readiness_checklist.py | elapsed_s=0.18
2026-05-07 20:45:52 -04:00 | probe_ok | probe_v28_dual_lane_snapshot_ledger.py | elapsed_s=0.27
2026-05-07 20:45:52 -04:00 | cycle_done | cycle=468
2026-05-07 20:46:52 -04:00 | cycle_start | cycle=469
2026-05-07 20:47:52 -04:00 | probe_timeout | probe_v28_dual_lane_sidecar_safety_watch.py
2026-05-07 20:47:52 -04:00 | probe_ok | probe_v28_dual_lane_live_market_update.py | elapsed_s=0.26
2026-05-07 20:47:52 -04:00 | probe_ok | probe_v28_dual_lane_readiness_checklist.py | elapsed_s=0.24
2026-05-07 20:47:53 -04:00 | probe_ok | probe_v28_dual_lane_snapshot_ledger.py | elapsed_s=0.22
2026-05-07 20:47:53 -04:00 | cycle_done | cycle=469
2026-05-07 20:48:53 -04:00 | cycle_start | cycle=470
2026-05-07 20:49:53 -04:00 | probe_timeout | probe_v28_dual_lane_sidecar_safety_watch.py
2026-05-07 20:49:53 -04:00 | probe_ok | probe_v28_dual_lane_live_market_update.py | elapsed_s=0.19
2026-05-07 20:49:53 -04:00 | probe_ok | probe_v28_dual_lane_readiness_checklist.py | elapsed_s=0.14
2026-05-07 20:49:53 -04:00 | probe_ok | probe_v28_dual_lane_snapshot_ledger.py | elapsed_s=0.16
2026-05-07 20:49:53 -04:00 | cycle_done | cycle=470
2026-05-07 20:50:53 -04:00 | cycle_start | cycle=471
2026-05-07 20:51:53 -04:00 | probe_timeout | probe_v28_dual_lane_sidecar_safety_watch.py
2026-05-07 20:51:53 -04:00 | probe_ok | probe_v28_dual_lane_live_market_update.py | elapsed_s=0.13
2026-05-07 20:51:53 -04:00 | probe_ok | probe_v28_dual_lane_readiness_checklist.py | elapsed_s=0.13
2026-05-07 20:51:54 -04:00 | probe_ok | probe_v28_dual_lane_snapshot_ledger.py | elapsed_s=0.15
2026-05-07 20:51:54 -04:00 | cycle_done | cycle=471
2026-05-07 20:52:54 -04:00 | cycle_start | cycle=472
2026-05-07 20:53:54 -04:00 | probe_timeout | probe_v28_dual_lane_sidecar_safety_watch.py
2026-05-07 20:53:54 -04:00 | probe_ok | probe_v28_dual_lane_live_market_update.py | elapsed_s=0.12
2026-05-07 20:53:54 -04:00 | probe_ok | probe_v28_dual_lane_readiness_checklist.py | elapsed_s=0.13
2026-05-07 20:53:54 -04:00 | probe_ok | probe_v28_dual_lane_snapshot_ledger.py | elapsed_s=0.14
2026-05-07 20:53:54 -04:00 | cycle_done | cycle=472
2026-05-07 20:54:54 -04:00 | cycle_start | cycle=473
2026-05-07 20:55:54 -04:00 | probe_timeout | probe_v28_dual_lane_sidecar_safety_watch.py
2026-05-07 20:55:54 -04:00 | probe_ok | probe_v28_dual_lane_live_market_update.py | elapsed_s=0.09
2026-05-07 20:55:54 -04:00 | probe_ok | probe_v28_dual_lane_readiness_checklist.py | elapsed_s=0.09
2026-05-07 20:55:54 -04:00 | probe_ok | probe_v28_dual_lane_snapshot_ledger.py | elapsed_s=0.1
2026-05-07 20:55:54 -04:00 | cycle_done | cycle=473
2026-05-07 20:56:54 -04:00 | cycle_start | cycle=474
2026-05-07 20:57:54 -04:00 | probe_timeout | probe_v28_dual_lane_sidecar_safety_watch.py
2026-05-07 20:57:54 -04:00 | probe_ok | probe_v28_dual_lane_live_market_update.py | elapsed_s=0.09
2026-05-07 20:57:55 -04:00 | probe_ok | probe_v28_dual_lane_readiness_checklist.py | elapsed_s=0.07
2026-05-07 20:57:55 -04:00 | probe_ok | probe_v28_dual_lane_snapshot_ledger.py | elapsed_s=0.09
2026-05-07 20:57:55 -04:00 | cycle_done | cycle=474
2026-05-07 20:58:55 -04:00 | cycle_start | cycle=475
2026-05-07 20:59:55 -04:00 | probe_timeout | probe_v28_dual_lane_sidecar_safety_watch.py
2026-05-07 20:59:55 -04:00 | probe_ok | probe_v28_dual_lane_live_market_update.py | elapsed_s=0.08
2026-05-07 20:59:55 -04:00 | probe_ok | probe_v28_dual_lane_readiness_checklist.py | elapsed_s=0.08
2026-05-07 20:59:55 -04:00 | probe_ok | probe_v28_dual_lane_snapshot_ledger.py | elapsed_s=0.1
2026-05-07 20:59:55 -04:00 | cycle_done | cycle=475
2026-05-07 21:00:55 -04:00 | cycle_start | cycle=476
2026-05-07 21:01:55 -04:00 | probe_timeout | probe_v28_dual_lane_sidecar_safety_watch.py
2026-05-07 21:01:55 -04:00 | probe_ok | probe_v28_dual_lane_live_market_update.py | elapsed_s=0.07
2026-05-07 21:01:55 -04:00 | probe_ok | probe_v28_dual_lane_readiness_checklist.py | elapsed_s=0.09
2026-05-07 21:01:55 -04:00 | probe_ok | probe_v28_dual_lane_snapshot_ledger.py | elapsed_s=0.1
2026-05-07 21:01:55 -04:00 | cycle_done | cycle=476
2026-05-07 21:02:55 -04:00 | cycle_start | cycle=477
2026-05-07 21:03:55 -04:00 | probe_timeout | probe_v28_dual_lane_sidecar_safety_watch.py
2026-05-07 21:03:55 -04:00 | probe_ok | probe_v28_dual_lane_live_market_update.py | elapsed_s=0.1
2026-05-07 21:03:55 -04:00 | probe_ok | probe_v28_dual_lane_readiness_checklist.py | elapsed_s=0.1
2026-05-07 21:03:56 -04:00 | probe_ok | probe_v28_dual_lane_snapshot_ledger.py | elapsed_s=0.12
2026-05-07 21:03:56 -04:00 | cycle_done | cycle=477
2026-05-07 21:04:56 -04:00 | cycle_start | cycle=478
2026-05-07 21:05:56 -04:00 | probe_timeout | probe_v28_dual_lane_sidecar_safety_watch.py
2026-05-07 21:05:56 -04:00 | probe_ok | probe_v28_dual_lane_live_market_update.py | elapsed_s=0.17
2026-05-07 21:05:56 -04:00 | probe_ok | probe_v28_dual_lane_readiness_checklist.py | elapsed_s=0.18
2026-05-07 21:05:56 -04:00 | probe_ok | probe_v28_dual_lane_snapshot_ledger.py | elapsed_s=0.19
2026-05-07 21:05:56 -04:00 | cycle_done | cycle=478
2026-05-07 21:06:56 -04:00 | cycle_start | cycle=479
2026-05-07 21:07:56 -04:00 | probe_timeout | probe_v28_dual_lane_sidecar_safety_watch.py
2026-05-07 21:07:56 -04:00 | probe_ok | probe_v28_dual_lane_live_market_update.py | elapsed_s=0.18
2026-05-07 21:07:57 -04:00 | probe_ok | probe_v28_dual_lane_readiness_checklist.py | elapsed_s=0.24
2026-05-07 21:07:57 -04:00 | probe_ok | probe_v28_dual_lane_snapshot_ledger.py | elapsed_s=0.26
2026-05-07 21:07:57 -04:00 | cycle_done | cycle=479
2026-05-07 21:08:57 -04:00 | cycle_start | cycle=480
2026-05-07 21:09:57 -04:00 | probe_timeout | probe_v28_dual_lane_sidecar_safety_watch.py
2026-05-07 21:09:57 -04:00 | probe_ok | probe_v28_dual_lane_live_market_update.py | elapsed_s=0.16
2026-05-07 21:09:57 -04:00 | probe_ok | probe_v28_dual_lane_readiness_checklist.py | elapsed_s=0.15
2026-05-07 21:09:57 -04:00 | probe_ok | probe_v28_dual_lane_snapshot_ledger.py | elapsed_s=0.16
2026-05-07 21:09:57 -04:00 | cycle_done | cycle=480
2026-05-07 21:10:57 -04:00 | cycle_start | cycle=481
2026-05-07 21:11:57 -04:00 | probe_timeout | probe_v28_dual_lane_sidecar_safety_watch.py
2026-05-07 21:11:58 -04:00 | probe_ok | probe_v28_dual_lane_live_market_update.py | elapsed_s=0.17
2026-05-07 21:11:58 -04:00 | probe_ok | probe_v28_dual_lane_readiness_checklist.py | elapsed_s=0.2
2026-05-07 21:11:58 -04:00 | probe_ok | probe_v28_dual_lane_snapshot_ledger.py | elapsed_s=0.18
2026-05-07 21:11:58 -04:00 | cycle_done | cycle=481
2026-05-07 21:12:58 -04:00 | cycle_start | cycle=482
2026-05-07 21:13:58 -04:00 | probe_timeout | probe_v28_dual_lane_sidecar_safety_watch.py
2026-05-07 21:13:58 -04:00 | probe_ok | probe_v28_dual_lane_live_market_update.py | elapsed_s=0.14
2026-05-07 21:13:58 -04:00 | probe_ok | probe_v28_dual_lane_readiness_checklist.py | elapsed_s=0.15
2026-05-07 21:13:59 -04:00 | probe_ok | probe_v28_dual_lane_snapshot_ledger.py | elapsed_s=0.18
2026-05-07 21:13:59 -04:00 | cycle_done | cycle=482
2026-05-07 21:14:59 -04:00 | cycle_start | cycle=483
2026-05-07 21:15:59 -04:00 | probe_timeout | probe_v28_dual_lane_sidecar_safety_watch.py
2026-05-07 21:15:59 -04:00 | probe_ok | probe_v28_dual_lane_live_market_update.py | elapsed_s=0.1
2026-05-07 21:15:59 -04:00 | probe_ok | probe_v28_dual_lane_readiness_checklist.py | elapsed_s=0.11
2026-05-07 21:15:59 -04:00 | probe_ok | probe_v28_dual_lane_snapshot_ledger.py | elapsed_s=0.12
2026-05-07 21:15:59 -04:00 | cycle_done | cycle=483
2026-05-07 21:16:59 -04:00 | cycle_start | cycle=484
2026-05-07 21:17:59 -04:00 | probe_timeout | probe_v28_dual_lane_sidecar_safety_watch.py
2026-05-07 21:17:59 -04:00 | probe_ok | probe_v28_dual_lane_live_market_update.py | elapsed_s=0.17
2026-05-07 21:17:59 -04:00 | probe_ok | probe_v28_dual_lane_readiness_checklist.py | elapsed_s=0.16
2026-05-07 21:17:59 -04:00 | probe_ok | probe_v28_dual_lane_snapshot_ledger.py | elapsed_s=0.25
2026-05-07 21:18:00 -04:00 | cycle_done | cycle=484
2026-05-07 21:19:00 -04:00 | cycle_start | cycle=485
2026-05-07 21:20:00 -04:00 | probe_timeout | probe_v28_dual_lane_sidecar_safety_watch.py
2026-05-07 21:20:00 -04:00 | probe_ok | probe_v28_dual_lane_live_market_update.py | elapsed_s=0.14
2026-05-07 21:20:00 -04:00 | probe_ok | probe_v28_dual_lane_readiness_checklist.py | elapsed_s=0.14
2026-05-07 21:20:00 -04:00 | probe_ok | probe_v28_dual_lane_snapshot_ledger.py | elapsed_s=0.16
2026-05-07 21:20:00 -04:00 | cycle_done | cycle=485
2026-05-07 21:21:00 -04:00 | cycle_start | cycle=486
2026-05-07 21:22:00 -04:00 | probe_timeout | probe_v28_dual_lane_sidecar_safety_watch.py
2026-05-07 21:22:00 -04:00 | probe_ok | probe_v28_dual_lane_live_market_update.py | elapsed_s=0.15
2026-05-07 21:22:00 -04:00 | probe_ok | probe_v28_dual_lane_readiness_checklist.py | elapsed_s=0.14
2026-05-07 21:22:01 -04:00 | probe_ok | probe_v28_dual_lane_snapshot_ledger.py | elapsed_s=0.15
2026-05-07 21:22:01 -04:00 | cycle_done | cycle=486
2026-05-07 21:23:01 -04:00 | cycle_start | cycle=487
2026-05-07 21:24:01 -04:00 | probe_timeout | probe_v28_dual_lane_sidecar_safety_watch.py
2026-05-07 21:24:01 -04:00 | probe_ok | probe_v28_dual_lane_live_market_update.py | elapsed_s=0.2
2026-05-07 21:24:01 -04:00 | probe_ok | probe_v28_dual_lane_readiness_checklist.py | elapsed_s=0.16
2026-05-07 21:24:01 -04:00 | probe_ok | probe_v28_dual_lane_snapshot_ledger.py | elapsed_s=0.23
2026-05-07 21:24:01 -04:00 | cycle_done | cycle=487
2026-05-07 21:25:01 -04:00 | cycle_start | cycle=488
2026-05-07 21:26:01 -04:00 | probe_timeout | probe_v28_dual_lane_sidecar_safety_watch.py
2026-05-07 21:26:01 -04:00 | probe_ok | probe_v28_dual_lane_live_market_update.py | elapsed_s=0.14
2026-05-07 21:26:01 -04:00 | probe_ok | probe_v28_dual_lane_readiness_checklist.py | elapsed_s=0.14
2026-05-07 21:26:02 -04:00 | probe_ok | probe_v28_dual_lane_snapshot_ledger.py | elapsed_s=0.16
2026-05-07 21:26:02 -04:00 | cycle_done | cycle=488
2026-05-07 21:27:02 -04:00 | cycle_start | cycle=489
2026-05-07 21:28:02 -04:00 | probe_timeout | probe_v28_dual_lane_sidecar_safety_watch.py
2026-05-07 21:28:02 -04:00 | probe_ok | probe_v28_dual_lane_live_market_update.py | elapsed_s=0.09
2026-05-07 21:28:02 -04:00 | probe_ok | probe_v28_dual_lane_readiness_checklist.py | elapsed_s=0.1
2026-05-07 21:28:02 -04:00 | probe_ok | probe_v28_dual_lane_snapshot_ledger.py | elapsed_s=0.12
2026-05-07 21:28:02 -04:00 | cycle_done | cycle=489
2026-05-07 21:29:02 -04:00 | cycle_start | cycle=490
2026-05-07 21:30:02 -04:00 | probe_timeout | probe_v28_dual_lane_sidecar_safety_watch.py
2026-05-07 21:30:02 -04:00 | probe_ok | probe_v28_dual_lane_live_market_update.py | elapsed_s=0.11
2026-05-07 21:30:02 -04:00 | probe_ok | probe_v28_dual_lane_readiness_checklist.py | elapsed_s=0.12
2026-05-07 21:30:02 -04:00 | probe_ok | probe_v28_dual_lane_snapshot_ledger.py | elapsed_s=0.13
2026-05-07 21:30:02 -04:00 | cycle_done | cycle=490
2026-05-07 21:31:02 -04:00 | cycle_start | cycle=491
2026-05-07 21:32:02 -04:00 | probe_timeout | probe_v28_dual_lane_sidecar_safety_watch.py
2026-05-07 21:32:03 -04:00 | probe_ok | probe_v28_dual_lane_live_market_update.py | elapsed_s=0.21
2026-05-07 21:32:03 -04:00 | probe_ok | probe_v28_dual_lane_readiness_checklist.py | elapsed_s=0.14
2026-05-07 21:32:03 -04:00 | probe_ok | probe_v28_dual_lane_snapshot_ledger.py | elapsed_s=0.2
2026-05-07 21:32:03 -04:00 | cycle_done | cycle=491
2026-05-07 21:33:03 -04:00 | cycle_start | cycle=492
2026-05-07 21:34:03 -04:00 | probe_timeout | probe_v28_dual_lane_sidecar_safety_watch.py
2026-05-07 21:34:03 -04:00 | probe_ok | probe_v28_dual_lane_live_market_update.py | elapsed_s=0.09
2026-05-07 21:34:03 -04:00 | probe_ok | probe_v28_dual_lane_readiness_checklist.py | elapsed_s=0.09
2026-05-07 21:34:03 -04:00 | probe_ok | probe_v28_dual_lane_snapshot_ledger.py | elapsed_s=0.1
2026-05-07 21:34:03 -04:00 | cycle_done | cycle=492
2026-05-07 21:35:03 -04:00 | cycle_start | cycle=493
2026-05-07 21:36:03 -04:00 | probe_timeout | probe_v28_dual_lane_sidecar_safety_watch.py
2026-05-07 21:36:04 -04:00 | probe_ok | probe_v28_dual_lane_live_market_update.py | elapsed_s=0.13
2026-05-07 21:36:04 -04:00 | probe_ok | probe_v28_dual_lane_readiness_checklist.py | elapsed_s=0.13
2026-05-07 21:36:04 -04:00 | probe_ok | probe_v28_dual_lane_snapshot_ledger.py | elapsed_s=0.14
2026-05-07 21:36:04 -04:00 | cycle_done | cycle=493
2026-05-07 21:37:04 -04:00 | cycle_start | cycle=494
2026-05-07 21:38:04 -04:00 | probe_timeout | probe_v28_dual_lane_sidecar_safety_watch.py
2026-05-07 21:38:04 -04:00 | probe_ok | probe_v28_dual_lane_live_market_update.py | elapsed_s=0.16
2026-05-07 21:38:04 -04:00 | probe_ok | probe_v28_dual_lane_readiness_checklist.py | elapsed_s=0.16
2026-05-07 21:38:04 -04:00 | probe_ok | probe_v28_dual_lane_snapshot_ledger.py | elapsed_s=0.18
2026-05-07 21:38:04 -04:00 | cycle_done | cycle=494
2026-05-07 21:39:04 -04:00 | cycle_start | cycle=495
2026-05-07 21:40:04 -04:00 | probe_timeout | probe_v28_dual_lane_sidecar_safety_watch.py
2026-05-07 21:40:05 -04:00 | probe_ok | probe_v28_dual_lane_live_market_update.py | elapsed_s=0.1
2026-05-07 21:40:05 -04:00 | probe_ok | probe_v28_dual_lane_readiness_checklist.py | elapsed_s=0.1
2026-05-07 21:40:05 -04:00 | probe_ok | probe_v28_dual_lane_snapshot_ledger.py | elapsed_s=0.12
2026-05-07 21:40:05 -04:00 | cycle_done | cycle=495
2026-05-07 21:41:05 -04:00 | cycle_start | cycle=496
2026-05-07 21:42:05 -04:00 | probe_timeout | probe_v28_dual_lane_sidecar_safety_watch.py
2026-05-07 21:42:05 -04:00 | probe_ok | probe_v28_dual_lane_live_market_update.py | elapsed_s=0.13
2026-05-07 21:42:05 -04:00 | probe_ok | probe_v28_dual_lane_readiness_checklist.py | elapsed_s=0.15
2026-05-07 21:42:05 -04:00 | probe_ok | probe_v28_dual_lane_snapshot_ledger.py | elapsed_s=0.17
2026-05-07 21:42:05 -04:00 | cycle_done | cycle=496
2026-05-07 21:43:05 -04:00 | cycle_start | cycle=497
2026-05-07 21:44:05 -04:00 | probe_timeout | probe_v28_dual_lane_sidecar_safety_watch.py
2026-05-07 21:44:05 -04:00 | probe_ok | probe_v28_dual_lane_live_market_update.py | elapsed_s=0.07
2026-05-07 21:44:05 -04:00 | probe_ok | probe_v28_dual_lane_readiness_checklist.py | elapsed_s=0.09
2026-05-07 21:44:06 -04:00 | probe_ok | probe_v28_dual_lane_snapshot_ledger.py | elapsed_s=0.1
2026-05-07 21:44:06 -04:00 | cycle_done | cycle=497
2026-05-07 21:45:06 -04:00 | cycle_start | cycle=498
2026-05-07 21:46:06 -04:00 | probe_timeout | probe_v28_dual_lane_sidecar_safety_watch.py
2026-05-07 21:46:06 -04:00 | probe_ok | probe_v28_dual_lane_live_market_update.py | elapsed_s=0.09
2026-05-07 21:46:06 -04:00 | probe_ok | probe_v28_dual_lane_readiness_checklist.py | elapsed_s=0.1
2026-05-07 21:46:06 -04:00 | probe_ok | probe_v28_dual_lane_snapshot_ledger.py | elapsed_s=0.11
2026-05-07 21:46:06 -04:00 | cycle_done | cycle=498
2026-05-07 21:47:06 -04:00 | cycle_start | cycle=499
2026-05-07 21:48:06 -04:00 | probe_timeout | probe_v28_dual_lane_sidecar_safety_watch.py
2026-05-07 21:48:06 -04:00 | probe_ok | probe_v28_dual_lane_live_market_update.py | elapsed_s=0.49
2026-05-07 21:48:07 -04:00 | probe_ok | probe_v28_dual_lane_readiness_checklist.py | elapsed_s=0.43
2026-05-07 21:48:07 -04:00 | probe_ok | probe_v28_dual_lane_snapshot_ledger.py | elapsed_s=0.42
2026-05-07 21:48:07 -04:00 | cycle_done | cycle=499
2026-05-07 21:49:07 -04:00 | cycle_start | cycle=500
2026-05-07 21:50:07 -04:00 | probe_timeout | probe_v28_dual_lane_sidecar_safety_watch.py
2026-05-07 21:50:08 -04:00 | probe_ok | probe_v28_dual_lane_live_market_update.py | elapsed_s=0.4
2026-05-07 21:50:08 -04:00 | probe_ok | probe_v28_dual_lane_readiness_checklist.py | elapsed_s=0.21
2026-05-07 21:50:08 -04:00 | probe_ok | probe_v28_dual_lane_snapshot_ledger.py | elapsed_s=0.23
2026-05-07 21:50:08 -04:00 | cycle_done | cycle=500
2026-05-07 21:51:08 -04:00 | cycle_start | cycle=501
2026-05-07 21:52:08 -04:00 | probe_timeout | probe_v28_dual_lane_sidecar_safety_watch.py
2026-05-07 21:52:09 -04:00 | probe_ok | probe_v28_dual_lane_live_market_update.py | elapsed_s=0.2
2026-05-07 21:52:09 -04:00 | probe_ok | probe_v28_dual_lane_readiness_checklist.py | elapsed_s=0.2
2026-05-07 21:52:09 -04:00 | probe_ok | probe_v28_dual_lane_snapshot_ledger.py | elapsed_s=0.27
2026-05-07 21:52:09 -04:00 | cycle_done | cycle=501
2026-05-07 21:53:09 -04:00 | cycle_start | cycle=502
2026-05-07 21:54:09 -04:00 | probe_timeout | probe_v28_dual_lane_sidecar_safety_watch.py
2026-05-07 21:54:09 -04:00 | probe_ok | probe_v28_dual_lane_live_market_update.py | elapsed_s=0.1
2026-05-07 21:54:09 -04:00 | probe_ok | probe_v28_dual_lane_readiness_checklist.py | elapsed_s=0.1
2026-05-07 21:54:09 -04:00 | probe_ok | probe_v28_dual_lane_snapshot_ledger.py | elapsed_s=0.12
2026-05-07 21:54:09 -04:00 | cycle_done | cycle=502
2026-05-07 21:55:09 -04:00 | cycle_start | cycle=503
2026-05-07 21:56:09 -04:00 | probe_timeout | probe_v28_dual_lane_sidecar_safety_watch.py
2026-05-07 21:56:10 -04:00 | probe_ok | probe_v28_dual_lane_live_market_update.py | elapsed_s=0.11
2026-05-07 21:56:10 -04:00 | probe_ok | probe_v28_dual_lane_readiness_checklist.py | elapsed_s=0.12
2026-05-07 21:56:10 -04:00 | probe_ok | probe_v28_dual_lane_snapshot_ledger.py | elapsed_s=0.14
2026-05-07 21:56:10 -04:00 | cycle_done | cycle=503
2026-05-07 21:57:10 -04:00 | cycle_start | cycle=504
2026-05-07 21:58:10 -04:00 | probe_timeout | probe_v28_dual_lane_sidecar_safety_watch.py
2026-05-07 21:58:10 -04:00 | probe_ok | probe_v28_dual_lane_live_market_update.py | elapsed_s=0.11
2026-05-07 21:58:10 -04:00 | probe_ok | probe_v28_dual_lane_readiness_checklist.py | elapsed_s=0.1
2026-05-07 21:58:10 -04:00 | probe_ok | probe_v28_dual_lane_snapshot_ledger.py | elapsed_s=0.12
2026-05-07 21:58:10 -04:00 | cycle_done | cycle=504
2026-05-07 21:59:10 -04:00 | cycle_start | cycle=505
2026-05-07 22:00:10 -04:00 | probe_timeout | probe_v28_dual_lane_sidecar_safety_watch.py
2026-05-07 22:00:10 -04:00 | probe_ok | probe_v28_dual_lane_live_market_update.py | elapsed_s=0.1
2026-05-07 22:00:10 -04:00 | probe_ok | probe_v28_dual_lane_readiness_checklist.py | elapsed_s=0.11
2026-05-07 22:00:11 -04:00 | probe_ok | probe_v28_dual_lane_snapshot_ledger.py | elapsed_s=0.12
2026-05-07 22:00:11 -04:00 | cycle_done | cycle=505
2026-05-07 22:01:11 -04:00 | cycle_start | cycle=506
2026-05-07 22:02:11 -04:00 | probe_timeout | probe_v28_dual_lane_sidecar_safety_watch.py
2026-05-07 22:02:11 -04:00 | probe_ok | probe_v28_dual_lane_live_market_update.py | elapsed_s=0.15
2026-05-07 22:02:11 -04:00 | probe_ok | probe_v28_dual_lane_readiness_checklist.py | elapsed_s=0.17
2026-05-07 22:02:11 -04:00 | probe_ok | probe_v28_dual_lane_snapshot_ledger.py | elapsed_s=0.21
2026-05-07 22:02:11 -04:00 | cycle_done | cycle=506
2026-05-07 22:03:11 -04:00 | cycle_start | cycle=507
2026-05-07 22:04:11 -04:00 | probe_timeout | probe_v28_dual_lane_sidecar_safety_watch.py
2026-05-07 22:04:11 -04:00 | probe_ok | probe_v28_dual_lane_live_market_update.py | elapsed_s=0.14
2026-05-07 22:04:11 -04:00 | probe_ok | probe_v28_dual_lane_readiness_checklist.py | elapsed_s=0.14
2026-05-07 22:04:12 -04:00 | probe_ok | probe_v28_dual_lane_snapshot_ledger.py | elapsed_s=0.15
2026-05-07 22:04:12 -04:00 | cycle_done | cycle=507
2026-05-07 22:05:12 -04:00 | cycle_start | cycle=508
2026-05-07 22:06:12 -04:00 | probe_timeout | probe_v28_dual_lane_sidecar_safety_watch.py
2026-05-07 22:06:12 -04:00 | probe_ok | probe_v28_dual_lane_live_market_update.py | elapsed_s=0.24
2026-05-07 22:06:12 -04:00 | probe_ok | probe_v28_dual_lane_readiness_checklist.py | elapsed_s=0.32
2026-05-07 22:06:12 -04:00 | probe_ok | probe_v28_dual_lane_snapshot_ledger.py | elapsed_s=0.27
2026-05-07 22:06:12 -04:00 | cycle_done | cycle=508
2026-05-07 22:07:12 -04:00 | cycle_start | cycle=509
2026-05-07 22:08:13 -04:00 | probe_timeout | probe_v28_dual_lane_sidecar_safety_watch.py
2026-05-07 22:08:13 -04:00 | probe_ok | probe_v28_dual_lane_live_market_update.py | elapsed_s=0.14
2026-05-07 22:08:13 -04:00 | probe_ok | probe_v28_dual_lane_readiness_checklist.py | elapsed_s=0.15
2026-05-07 22:08:13 -04:00 | probe_ok | probe_v28_dual_lane_snapshot_ledger.py | elapsed_s=0.18
2026-05-07 22:08:13 -04:00 | cycle_done | cycle=509
2026-05-07 22:09:13 -04:00 | cycle_start | cycle=510
2026-05-07 22:10:13 -04:00 | probe_timeout | probe_v28_dual_lane_sidecar_safety_watch.py
2026-05-07 22:10:13 -04:00 | probe_ok | probe_v28_dual_lane_live_market_update.py | elapsed_s=0.18
2026-05-07 22:10:13 -04:00 | probe_ok | probe_v28_dual_lane_readiness_checklist.py | elapsed_s=0.16
2026-05-07 22:10:14 -04:00 | probe_ok | probe_v28_dual_lane_snapshot_ledger.py | elapsed_s=0.17
2026-05-07 22:10:14 -04:00 | cycle_done | cycle=510
2026-05-07 22:11:14 -04:00 | cycle_start | cycle=511
2026-05-07 22:12:14 -04:00 | probe_timeout | probe_v28_dual_lane_sidecar_safety_watch.py
2026-05-07 22:12:14 -04:00 | probe_ok | probe_v28_dual_lane_live_market_update.py | elapsed_s=0.15
2026-05-07 22:12:14 -04:00 | probe_ok | probe_v28_dual_lane_readiness_checklist.py | elapsed_s=0.2
2026-05-07 22:12:14 -04:00 | probe_ok | probe_v28_dual_lane_snapshot_ledger.py | elapsed_s=0.18
2026-05-07 22:12:14 -04:00 | cycle_done | cycle=511
2026-05-07 22:13:14 -04:00 | cycle_start | cycle=512
2026-05-07 22:14:14 -04:00 | probe_timeout | probe_v28_dual_lane_sidecar_safety_watch.py
2026-05-07 22:14:14 -04:00 | probe_ok | probe_v28_dual_lane_live_market_update.py | elapsed_s=0.15
2026-05-07 22:14:15 -04:00 | probe_ok | probe_v28_dual_lane_readiness_checklist.py | elapsed_s=0.18
2026-05-07 22:14:15 -04:00 | probe_ok | probe_v28_dual_lane_snapshot_ledger.py | elapsed_s=0.17
2026-05-07 22:14:15 -04:00 | cycle_done | cycle=512
2026-05-07 22:15:15 -04:00 | cycle_start | cycle=513
2026-05-07 22:16:15 -04:00 | probe_timeout | probe_v28_dual_lane_sidecar_safety_watch.py
2026-05-07 22:16:15 -04:00 | probe_ok | probe_v28_dual_lane_live_market_update.py | elapsed_s=0.14
2026-05-07 22:16:15 -04:00 | probe_ok | probe_v28_dual_lane_readiness_checklist.py | elapsed_s=0.14
2026-05-07 22:16:15 -04:00 | probe_ok | probe_v28_dual_lane_snapshot_ledger.py | elapsed_s=0.16
2026-05-07 22:16:15 -04:00 | cycle_done | cycle=513
2026-05-07 22:17:15 -04:00 | cycle_start | cycle=514
2026-05-07 22:18:15 -04:00 | probe_timeout | probe_v28_dual_lane_sidecar_safety_watch.py
2026-05-07 22:18:15 -04:00 | probe_ok | probe_v28_dual_lane_live_market_update.py | elapsed_s=0.14
2026-05-07 22:18:15 -04:00 | probe_ok | probe_v28_dual_lane_readiness_checklist.py | elapsed_s=0.13
2026-05-07 22:18:16 -04:00 | probe_ok | probe_v28_dual_lane_snapshot_ledger.py | elapsed_s=0.16
2026-05-07 22:18:16 -04:00 | cycle_done | cycle=514
2026-05-07 22:19:16 -04:00 | cycle_start | cycle=515
2026-05-07 22:20:16 -04:00 | probe_timeout | probe_v28_dual_lane_sidecar_safety_watch.py
2026-05-07 22:20:16 -04:00 | probe_ok | probe_v28_dual_lane_live_market_update.py | elapsed_s=0.15
2026-05-07 22:20:16 -04:00 | probe_ok | probe_v28_dual_lane_readiness_checklist.py | elapsed_s=0.2
2026-05-07 22:20:16 -04:00 | probe_ok | probe_v28_dual_lane_snapshot_ledger.py | elapsed_s=0.2
2026-05-07 22:20:16 -04:00 | cycle_done | cycle=515
2026-05-07 22:21:16 -04:00 | cycle_start | cycle=516
2026-05-07 22:22:16 -04:00 | probe_timeout | probe_v28_dual_lane_sidecar_safety_watch.py
2026-05-07 22:22:16 -04:00 | probe_ok | probe_v28_dual_lane_live_market_update.py | elapsed_s=0.15
2026-05-07 22:22:17 -04:00 | probe_ok | probe_v28_dual_lane_readiness_checklist.py | elapsed_s=0.16
2026-05-07 22:22:17 -04:00 | probe_ok | probe_v28_dual_lane_snapshot_ledger.py | elapsed_s=0.17
2026-05-07 22:22:17 -04:00 | cycle_done | cycle=516
2026-05-07 22:23:17 -04:00 | cycle_start | cycle=517
2026-05-07 22:24:17 -04:00 | probe_timeout | probe_v28_dual_lane_sidecar_safety_watch.py
2026-05-07 22:24:17 -04:00 | probe_ok | probe_v28_dual_lane_live_market_update.py | elapsed_s=0.16
2026-05-07 22:24:17 -04:00 | probe_ok | probe_v28_dual_lane_readiness_checklist.py | elapsed_s=0.16
2026-05-07 22:24:17 -04:00 | probe_ok | probe_v28_dual_lane_snapshot_ledger.py | elapsed_s=0.18
2026-05-07 22:24:17 -04:00 | cycle_done | cycle=517
2026-05-07 22:25:17 -04:00 | cycle_start | cycle=518
2026-05-07 22:26:17 -04:00 | probe_timeout | probe_v28_dual_lane_sidecar_safety_watch.py
2026-05-07 22:26:17 -04:00 | probe_ok | probe_v28_dual_lane_live_market_update.py | elapsed_s=0.15
2026-05-07 22:26:18 -04:00 | probe_ok | probe_v28_dual_lane_readiness_checklist.py | elapsed_s=0.16
2026-05-07 22:26:18 -04:00 | probe_ok | probe_v28_dual_lane_snapshot_ledger.py | elapsed_s=0.17
2026-05-07 22:26:18 -04:00 | cycle_done | cycle=518
2026-05-07 22:27:18 -04:00 | cycle_start | cycle=519
2026-05-07 22:28:18 -04:00 | probe_timeout | probe_v28_dual_lane_sidecar_safety_watch.py
2026-05-07 22:28:18 -04:00 | probe_ok | probe_v28_dual_lane_live_market_update.py | elapsed_s=0.13
2026-05-07 22:28:18 -04:00 | probe_ok | probe_v28_dual_lane_readiness_checklist.py | elapsed_s=0.14
2026-05-07 22:28:18 -04:00 | probe_ok | probe_v28_dual_lane_snapshot_ledger.py | elapsed_s=0.16
2026-05-07 22:28:18 -04:00 | cycle_done | cycle=519
2026-05-07 22:29:18 -04:00 | cycle_start | cycle=520
2026-05-07 22:30:18 -04:00 | probe_timeout | probe_v28_dual_lane_sidecar_safety_watch.py
2026-05-07 22:30:19 -04:00 | probe_ok | probe_v28_dual_lane_live_market_update.py | elapsed_s=0.19
2026-05-07 22:30:19 -04:00 | probe_ok | probe_v28_dual_lane_readiness_checklist.py | elapsed_s=0.21
2026-05-07 22:30:19 -04:00 | probe_ok | probe_v28_dual_lane_snapshot_ledger.py | elapsed_s=0.22
2026-05-07 22:30:19 -04:00 | cycle_done | cycle=520
2026-05-07 22:31:19 -04:00 | cycle_start | cycle=521
2026-05-07 22:32:19 -04:00 | probe_timeout | probe_v28_dual_lane_sidecar_safety_watch.py
2026-05-07 22:32:19 -04:00 | probe_ok | probe_v28_dual_lane_live_market_update.py | elapsed_s=0.14
2026-05-07 22:32:19 -04:00 | probe_ok | probe_v28_dual_lane_readiness_checklist.py | elapsed_s=0.15
2026-05-07 22:32:19 -04:00 | probe_ok | probe_v28_dual_lane_snapshot_ledger.py | elapsed_s=0.2
2026-05-07 22:32:19 -04:00 | cycle_done | cycle=521
2026-05-07 22:33:20 -04:00 | cycle_start | cycle=522
2026-05-07 22:34:20 -04:00 | probe_timeout | probe_v28_dual_lane_sidecar_safety_watch.py
2026-05-07 22:34:20 -04:00 | probe_ok | probe_v28_dual_lane_live_market_update.py | elapsed_s=0.15
2026-05-07 22:34:20 -04:00 | probe_ok | probe_v28_dual_lane_readiness_checklist.py | elapsed_s=0.16
2026-05-07 22:34:20 -04:00 | probe_ok | probe_v28_dual_lane_snapshot_ledger.py | elapsed_s=0.19
2026-05-07 22:34:20 -04:00 | cycle_done | cycle=522
2026-05-07 22:35:20 -04:00 | cycle_start | cycle=523
2026-05-07 22:36:20 -04:00 | probe_timeout | probe_v28_dual_lane_sidecar_safety_watch.py
2026-05-07 22:36:20 -04:00 | probe_ok | probe_v28_dual_lane_live_market_update.py | elapsed_s=0.14
2026-05-07 22:36:20 -04:00 | probe_ok | probe_v28_dual_lane_readiness_checklist.py | elapsed_s=0.14
2026-05-07 22:36:21 -04:00 | probe_ok | probe_v28_dual_lane_snapshot_ledger.py | elapsed_s=0.16
2026-05-07 22:36:21 -04:00 | cycle_done | cycle=523
2026-05-07 22:37:21 -04:00 | cycle_start | cycle=524
2026-05-07 22:38:21 -04:00 | probe_timeout | probe_v28_dual_lane_sidecar_safety_watch.py
2026-05-07 22:38:21 -04:00 | probe_ok | probe_v28_dual_lane_live_market_update.py | elapsed_s=0.13
2026-05-07 22:38:21 -04:00 | probe_ok | probe_v28_dual_lane_readiness_checklist.py | elapsed_s=0.13
2026-05-07 22:38:21 -04:00 | probe_ok | probe_v28_dual_lane_snapshot_ledger.py | elapsed_s=0.15
2026-05-07 22:38:21 -04:00 | cycle_done | cycle=524
2026-05-07 22:39:21 -04:00 | cycle_start | cycle=525
2026-05-07 22:40:21 -04:00 | probe_timeout | probe_v28_dual_lane_sidecar_safety_watch.py
2026-05-07 22:40:21 -04:00 | probe_ok | probe_v28_dual_lane_live_market_update.py | elapsed_s=0.16
2026-05-07 22:40:21 -04:00 | probe_ok | probe_v28_dual_lane_readiness_checklist.py | elapsed_s=0.17
2026-05-07 22:40:22 -04:00 | probe_ok | probe_v28_dual_lane_snapshot_ledger.py | elapsed_s=0.19
2026-05-07 22:40:22 -04:00 | cycle_done | cycle=525
2026-05-07 22:41:22 -04:00 | cycle_start | cycle=526
2026-05-07 22:42:22 -04:00 | probe_timeout | probe_v28_dual_lane_sidecar_safety_watch.py
2026-05-07 22:42:22 -04:00 | probe_ok | probe_v28_dual_lane_live_market_update.py | elapsed_s=0.13
2026-05-07 22:42:22 -04:00 | probe_ok | probe_v28_dual_lane_readiness_checklist.py | elapsed_s=0.13
2026-05-07 22:42:22 -04:00 | probe_ok | probe_v28_dual_lane_snapshot_ledger.py | elapsed_s=0.15
2026-05-07 22:42:22 -04:00 | cycle_done | cycle=526
2026-05-07 22:43:22 -04:00 | cycle_start | cycle=527
2026-05-07 22:44:22 -04:00 | probe_timeout | probe_v28_dual_lane_sidecar_safety_watch.py
2026-05-07 22:44:22 -04:00 | probe_ok | probe_v28_dual_lane_live_market_update.py | elapsed_s=0.2
2026-05-07 22:44:22 -04:00 | probe_ok | probe_v28_dual_lane_readiness_checklist.py | elapsed_s=0.2
2026-05-07 22:44:23 -04:00 | probe_ok | probe_v28_dual_lane_snapshot_ledger.py | elapsed_s=0.25
2026-05-07 22:44:23 -04:00 | cycle_done | cycle=527
2026-05-07 22:45:23 -04:00 | cycle_start | cycle=528
2026-05-07 22:46:23 -04:00 | probe_timeout | probe_v28_dual_lane_sidecar_safety_watch.py
2026-05-07 22:46:23 -04:00 | probe_ok | probe_v28_dual_lane_live_market_update.py | elapsed_s=0.14
2026-05-07 22:46:23 -04:00 | probe_ok | probe_v28_dual_lane_readiness_checklist.py | elapsed_s=0.15
2026-05-07 22:46:23 -04:00 | probe_ok | probe_v28_dual_lane_snapshot_ledger.py | elapsed_s=0.16
2026-05-07 22:46:23 -04:00 | cycle_done | cycle=528
2026-05-07 22:47:23 -04:00 | cycle_start | cycle=529
2026-05-07 22:48:23 -04:00 | probe_timeout | probe_v28_dual_lane_sidecar_safety_watch.py
2026-05-07 22:48:23 -04:00 | probe_ok | probe_v28_dual_lane_live_market_update.py | elapsed_s=0.15
2026-05-07 22:48:24 -04:00 | probe_ok | probe_v28_dual_lane_readiness_checklist.py | elapsed_s=0.15
2026-05-07 22:48:24 -04:00 | probe_ok | probe_v28_dual_lane_snapshot_ledger.py | elapsed_s=0.18
2026-05-07 22:48:24 -04:00 | cycle_done | cycle=529
2026-05-07 22:49:24 -04:00 | cycle_start | cycle=530
2026-05-07 22:50:24 -04:00 | probe_timeout | probe_v28_dual_lane_sidecar_safety_watch.py
2026-05-07 22:50:24 -04:00 | probe_ok | probe_v28_dual_lane_live_market_update.py | elapsed_s=0.21
2026-05-07 22:50:24 -04:00 | probe_ok | probe_v28_dual_lane_readiness_checklist.py | elapsed_s=0.2
2026-05-07 22:50:24 -04:00 | probe_ok | probe_v28_dual_lane_snapshot_ledger.py | elapsed_s=0.23
2026-05-07 22:50:24 -04:00 | cycle_done | cycle=530
2026-05-07 22:51:24 -04:00 | cycle_start | cycle=531
2026-05-07 22:52:24 -04:00 | probe_timeout | probe_v28_dual_lane_sidecar_safety_watch.py
2026-05-07 22:52:25 -04:00 | probe_ok | probe_v28_dual_lane_live_market_update.py | elapsed_s=0.16
2026-05-07 22:52:25 -04:00 | probe_ok | probe_v28_dual_lane_readiness_checklist.py | elapsed_s=0.17
2026-05-07 22:52:25 -04:00 | probe_ok | probe_v28_dual_lane_snapshot_ledger.py | elapsed_s=0.17
2026-05-07 22:52:25 -04:00 | cycle_done | cycle=531
2026-05-07 22:53:25 -04:00 | cycle_start | cycle=532
2026-05-07 22:54:25 -04:00 | probe_timeout | probe_v28_dual_lane_sidecar_safety_watch.py
2026-05-07 22:54:25 -04:00 | probe_ok | probe_v28_dual_lane_live_market_update.py | elapsed_s=0.13
2026-05-07 22:54:25 -04:00 | probe_ok | probe_v28_dual_lane_readiness_checklist.py | elapsed_s=0.14
2026-05-07 22:54:25 -04:00 | probe_ok | probe_v28_dual_lane_snapshot_ledger.py | elapsed_s=0.16
2026-05-07 22:54:25 -04:00 | cycle_done | cycle=532
2026-05-07 22:55:25 -04:00 | cycle_start | cycle=533
2026-05-07 22:56:25 -04:00 | probe_timeout | probe_v28_dual_lane_sidecar_safety_watch.py
2026-05-07 22:56:26 -04:00 | probe_ok | probe_v28_dual_lane_live_market_update.py | elapsed_s=0.13
2026-05-07 22:56:26 -04:00 | probe_ok | probe_v28_dual_lane_readiness_checklist.py | elapsed_s=0.16
2026-05-07 22:56:26 -04:00 | probe_ok | probe_v28_dual_lane_snapshot_ledger.py | elapsed_s=0.16
2026-05-07 22:56:26 -04:00 | cycle_done | cycle=533
2026-05-07 22:57:26 -04:00 | cycle_start | cycle=534
2026-05-07 22:58:26 -04:00 | probe_timeout | probe_v28_dual_lane_sidecar_safety_watch.py
2026-05-07 22:58:26 -04:00 | probe_ok | probe_v28_dual_lane_live_market_update.py | elapsed_s=0.15
2026-05-07 22:58:26 -04:00 | probe_ok | probe_v28_dual_lane_readiness_checklist.py | elapsed_s=0.14
2026-05-07 22:58:26 -04:00 | probe_ok | probe_v28_dual_lane_snapshot_ledger.py | elapsed_s=0.17
2026-05-07 22:58:26 -04:00 | cycle_done | cycle=534
2026-05-07 22:59:26 -04:00 | cycle_start | cycle=535
2026-05-07 23:00:26 -04:00 | probe_timeout | probe_v28_dual_lane_sidecar_safety_watch.py
2026-05-07 23:00:27 -04:00 | probe_ok | probe_v28_dual_lane_live_market_update.py | elapsed_s=0.15
2026-05-07 23:00:27 -04:00 | probe_ok | probe_v28_dual_lane_readiness_checklist.py | elapsed_s=0.15
2026-05-07 23:00:27 -04:00 | probe_ok | probe_v28_dual_lane_snapshot_ledger.py | elapsed_s=0.19
2026-05-07 23:00:27 -04:00 | cycle_done | cycle=535
2026-05-07 23:01:27 -04:00 | cycle_start | cycle=536
2026-05-07 23:02:27 -04:00 | probe_timeout | probe_v28_dual_lane_sidecar_safety_watch.py
2026-05-07 23:02:27 -04:00 | probe_ok | probe_v28_dual_lane_live_market_update.py | elapsed_s=0.38
2026-05-07 23:02:28 -04:00 | probe_ok | probe_v28_dual_lane_readiness_checklist.py | elapsed_s=0.22
2026-05-07 23:02:28 -04:00 | probe_ok | probe_v28_dual_lane_snapshot_ledger.py | elapsed_s=0.29
2026-05-07 23:02:28 -04:00 | cycle_done | cycle=536
2026-05-07 23:03:28 -04:00 | cycle_start | cycle=537
2026-05-07 23:04:28 -04:00 | probe_timeout | probe_v28_dual_lane_sidecar_safety_watch.py
2026-05-07 23:04:28 -04:00 | probe_ok | probe_v28_dual_lane_live_market_update.py | elapsed_s=0.21
2026-05-07 23:04:28 -04:00 | probe_ok | probe_v28_dual_lane_readiness_checklist.py | elapsed_s=0.19
2026-05-07 23:04:29 -04:00 | probe_ok | probe_v28_dual_lane_snapshot_ledger.py | elapsed_s=0.21
2026-05-07 23:04:29 -04:00 | cycle_done | cycle=537
2026-05-07 23:05:29 -04:00 | cycle_start | cycle=538
2026-05-07 23:06:29 -04:00 | probe_timeout | probe_v28_dual_lane_sidecar_safety_watch.py
2026-05-07 23:06:29 -04:00 | probe_ok | probe_v28_dual_lane_live_market_update.py | elapsed_s=0.16
2026-05-07 23:06:29 -04:00 | probe_ok | probe_v28_dual_lane_readiness_checklist.py | elapsed_s=0.15
2026-05-07 23:06:29 -04:00 | probe_ok | probe_v28_dual_lane_snapshot_ledger.py | elapsed_s=0.18
2026-05-07 23:06:29 -04:00 | cycle_done | cycle=538
2026-05-07 23:07:29 -04:00 | cycle_start | cycle=539
2026-05-07 23:08:29 -04:00 | probe_timeout | probe_v28_dual_lane_sidecar_safety_watch.py
2026-05-07 23:08:29 -04:00 | probe_ok | probe_v28_dual_lane_live_market_update.py | elapsed_s=0.2
2026-05-07 23:08:29 -04:00 | probe_ok | probe_v28_dual_lane_readiness_checklist.py | elapsed_s=0.13
2026-05-07 23:08:30 -04:00 | probe_ok | probe_v28_dual_lane_snapshot_ledger.py | elapsed_s=0.17
2026-05-07 23:08:30 -04:00 | cycle_done | cycle=539
2026-05-07 23:09:30 -04:00 | cycle_start | cycle=540
2026-05-07 23:10:30 -04:00 | probe_timeout | probe_v28_dual_lane_sidecar_safety_watch.py
2026-05-07 23:10:30 -04:00 | probe_ok | probe_v28_dual_lane_live_market_update.py | elapsed_s=0.17
2026-05-07 23:10:30 -04:00 | probe_ok | probe_v28_dual_lane_readiness_checklist.py | elapsed_s=0.14
2026-05-07 23:10:30 -04:00 | probe_ok | probe_v28_dual_lane_snapshot_ledger.py | elapsed_s=0.15
2026-05-07 23:10:30 -04:00 | cycle_done | cycle=540
2026-05-07 23:11:30 -04:00 | cycle_start | cycle=541
2026-05-07 23:12:30 -04:00 | probe_timeout | probe_v28_dual_lane_sidecar_safety_watch.py
2026-05-07 23:12:30 -04:00 | probe_ok | probe_v28_dual_lane_live_market_update.py | elapsed_s=0.16
2026-05-07 23:12:31 -04:00 | probe_ok | probe_v28_dual_lane_readiness_checklist.py | elapsed_s=0.15
2026-05-07 23:12:31 -04:00 | probe_ok | probe_v28_dual_lane_snapshot_ledger.py | elapsed_s=0.17
2026-05-07 23:12:31 -04:00 | cycle_done | cycle=541
2026-05-07 23:13:31 -04:00 | cycle_start | cycle=542
2026-05-07 23:14:31 -04:00 | probe_timeout | probe_v28_dual_lane_sidecar_safety_watch.py
2026-05-07 23:14:31 -04:00 | probe_ok | probe_v28_dual_lane_live_market_update.py | elapsed_s=0.2
2026-05-07 23:14:31 -04:00 | probe_ok | probe_v28_dual_lane_readiness_checklist.py | elapsed_s=0.13
2026-05-07 23:14:31 -04:00 | probe_ok | probe_v28_dual_lane_snapshot_ledger.py | elapsed_s=0.15
2026-05-07 23:14:31 -04:00 | cycle_done | cycle=542
2026-05-07 23:15:31 -04:00 | cycle_start | cycle=543
2026-05-07 23:16:31 -04:00 | probe_timeout | probe_v28_dual_lane_sidecar_safety_watch.py
2026-05-07 23:16:31 -04:00 | probe_ok | probe_v28_dual_lane_live_market_update.py | elapsed_s=0.18
2026-05-07 23:16:32 -04:00 | probe_ok | probe_v28_dual_lane_readiness_checklist.py | elapsed_s=0.21
2026-05-07 23:16:32 -04:00 | probe_ok | probe_v28_dual_lane_snapshot_ledger.py | elapsed_s=0.25
2026-05-07 23:16:32 -04:00 | cycle_done | cycle=543
2026-05-07 23:17:32 -04:00 | cycle_start | cycle=544
2026-05-07 23:18:32 -04:00 | probe_timeout | probe_v28_dual_lane_sidecar_safety_watch.py
2026-05-07 23:18:32 -04:00 | probe_ok | probe_v28_dual_lane_live_market_update.py | elapsed_s=0.17
2026-05-07 23:18:32 -04:00 | probe_ok | probe_v28_dual_lane_readiness_checklist.py | elapsed_s=0.2
2026-05-07 23:18:33 -04:00 | probe_ok | probe_v28_dual_lane_snapshot_ledger.py | elapsed_s=0.24
2026-05-07 23:18:33 -04:00 | cycle_done | cycle=544
2026-05-07 23:19:33 -04:00 | cycle_start | cycle=545
2026-05-07 23:20:33 -04:00 | probe_timeout | probe_v28_dual_lane_sidecar_safety_watch.py
2026-05-07 23:20:33 -04:00 | probe_ok | probe_v28_dual_lane_live_market_update.py | elapsed_s=0.17
2026-05-07 23:20:33 -04:00 | probe_ok | probe_v28_dual_lane_readiness_checklist.py | elapsed_s=0.19
2026-05-07 23:20:33 -04:00 | probe_ok | probe_v28_dual_lane_snapshot_ledger.py | elapsed_s=0.21
2026-05-07 23:20:33 -04:00 | cycle_done | cycle=545
2026-05-07 23:21:33 -04:00 | cycle_start | cycle=546
2026-05-07 23:22:33 -04:00 | probe_timeout | probe_v28_dual_lane_sidecar_safety_watch.py
2026-05-07 23:22:33 -04:00 | probe_ok | probe_v28_dual_lane_live_market_update.py | elapsed_s=0.25
2026-05-07 23:22:34 -04:00 | probe_ok | probe_v28_dual_lane_readiness_checklist.py | elapsed_s=0.22
2026-05-07 23:22:34 -04:00 | probe_ok | probe_v28_dual_lane_snapshot_ledger.py | elapsed_s=0.27
2026-05-07 23:22:34 -04:00 | cycle_done | cycle=546
2026-05-07 23:23:34 -04:00 | cycle_start | cycle=547
2026-05-07 23:24:34 -04:00 | probe_timeout | probe_v28_dual_lane_sidecar_safety_watch.py
2026-05-07 23:24:34 -04:00 | probe_ok | probe_v28_dual_lane_live_market_update.py | elapsed_s=0.18
2026-05-07 23:24:34 -04:00 | probe_ok | probe_v28_dual_lane_readiness_checklist.py | elapsed_s=0.17
2026-05-07 23:24:35 -04:00 | probe_ok | probe_v28_dual_lane_snapshot_ledger.py | elapsed_s=0.21
2026-05-07 23:24:35 -04:00 | cycle_done | cycle=547
2026-05-07 23:25:35 -04:00 | cycle_start | cycle=548
2026-05-07 23:26:35 -04:00 | probe_timeout | probe_v28_dual_lane_sidecar_safety_watch.py
2026-05-07 23:26:35 -04:00 | probe_ok | probe_v28_dual_lane_live_market_update.py | elapsed_s=0.17
2026-05-07 23:26:35 -04:00 | probe_ok | probe_v28_dual_lane_readiness_checklist.py | elapsed_s=0.17
2026-05-07 23:26:35 -04:00 | probe_ok | probe_v28_dual_lane_snapshot_ledger.py | elapsed_s=0.22
2026-05-07 23:26:35 -04:00 | cycle_done | cycle=548
2026-05-07 23:27:35 -04:00 | cycle_start | cycle=549
2026-05-07 23:28:35 -04:00 | probe_timeout | probe_v28_dual_lane_sidecar_safety_watch.py
2026-05-07 23:28:35 -04:00 | probe_ok | probe_v28_dual_lane_live_market_update.py | elapsed_s=0.21
2026-05-07 23:28:36 -04:00 | probe_ok | probe_v28_dual_lane_readiness_checklist.py | elapsed_s=0.18
2026-05-07 23:28:36 -04:00 | probe_ok | probe_v28_dual_lane_snapshot_ledger.py | elapsed_s=0.23
2026-05-07 23:28:36 -04:00 | cycle_done | cycle=549
2026-05-07 23:29:36 -04:00 | cycle_start | cycle=550
2026-05-07 23:30:36 -04:00 | probe_timeout | probe_v28_dual_lane_sidecar_safety_watch.py
2026-05-07 23:30:36 -04:00 | probe_ok | probe_v28_dual_lane_live_market_update.py | elapsed_s=0.16
2026-05-07 23:30:36 -04:00 | probe_ok | probe_v28_dual_lane_readiness_checklist.py | elapsed_s=0.16
2026-05-07 23:30:36 -04:00 | probe_ok | probe_v28_dual_lane_snapshot_ledger.py | elapsed_s=0.18
2026-05-07 23:30:36 -04:00 | cycle_done | cycle=550
2026-05-07 23:31:36 -04:00 | cycle_start | cycle=551
2026-05-07 23:32:36 -04:00 | probe_timeout | probe_v28_dual_lane_sidecar_safety_watch.py
2026-05-07 23:32:37 -04:00 | probe_ok | probe_v28_dual_lane_live_market_update.py | elapsed_s=0.16
2026-05-07 23:32:37 -04:00 | probe_ok | probe_v28_dual_lane_readiness_checklist.py | elapsed_s=0.17
2026-05-07 23:32:37 -04:00 | probe_ok | probe_v28_dual_lane_snapshot_ledger.py | elapsed_s=0.23
2026-05-07 23:32:37 -04:00 | cycle_done | cycle=551
2026-05-07 23:33:37 -04:00 | cycle_start | cycle=552
2026-05-07 23:34:37 -04:00 | probe_timeout | probe_v28_dual_lane_sidecar_safety_watch.py
2026-05-07 23:34:37 -04:00 | probe_ok | probe_v28_dual_lane_live_market_update.py | elapsed_s=0.25
2026-05-07 23:34:37 -04:00 | probe_ok | probe_v28_dual_lane_readiness_checklist.py | elapsed_s=0.18
2026-05-07 23:34:38 -04:00 | probe_ok | probe_v28_dual_lane_snapshot_ledger.py | elapsed_s=0.22
2026-05-07 23:34:38 -04:00 | cycle_done | cycle=552
2026-05-07 23:35:38 -04:00 | cycle_start | cycle=553
2026-05-07 23:36:38 -04:00 | probe_timeout | probe_v28_dual_lane_sidecar_safety_watch.py
2026-05-07 23:36:38 -04:00 | probe_ok | probe_v28_dual_lane_live_market_update.py | elapsed_s=0.18
2026-05-07 23:36:38 -04:00 | probe_ok | probe_v28_dual_lane_readiness_checklist.py | elapsed_s=0.17
2026-05-07 23:36:38 -04:00 | probe_ok | probe_v28_dual_lane_snapshot_ledger.py | elapsed_s=0.22
2026-05-07 23:36:38 -04:00 | cycle_done | cycle=553
2026-05-07 23:37:38 -04:00 | cycle_start | cycle=554
2026-05-07 23:38:38 -04:00 | probe_timeout | probe_v28_dual_lane_sidecar_safety_watch.py
2026-05-07 23:38:39 -04:00 | probe_ok | probe_v28_dual_lane_live_market_update.py | elapsed_s=0.22
2026-05-07 23:38:39 -04:00 | probe_ok | probe_v28_dual_lane_readiness_checklist.py | elapsed_s=0.18
2026-05-07 23:38:39 -04:00 | probe_ok | probe_v28_dual_lane_snapshot_ledger.py | elapsed_s=0.2
2026-05-07 23:38:39 -04:00 | cycle_done | cycle=554
2026-05-07 23:39:39 -04:00 | cycle_start | cycle=555
2026-05-07 23:40:39 -04:00 | probe_timeout | probe_v28_dual_lane_sidecar_safety_watch.py
2026-05-07 23:40:39 -04:00 | probe_ok | probe_v28_dual_lane_live_market_update.py | elapsed_s=0.21
2026-05-07 23:40:39 -04:00 | probe_ok | probe_v28_dual_lane_readiness_checklist.py | elapsed_s=0.21
2026-05-07 23:40:40 -04:00 | probe_ok | probe_v28_dual_lane_snapshot_ledger.py | elapsed_s=0.24
2026-05-07 23:40:40 -04:00 | cycle_done | cycle=555
2026-05-07 23:41:40 -04:00 | cycle_start | cycle=556
2026-05-07 23:42:40 -04:00 | probe_timeout | probe_v28_dual_lane_sidecar_safety_watch.py
2026-05-07 23:42:40 -04:00 | probe_ok | probe_v28_dual_lane_live_market_update.py | elapsed_s=0.16
2026-05-07 23:42:40 -04:00 | probe_ok | probe_v28_dual_lane_readiness_checklist.py | elapsed_s=0.17
2026-05-07 23:42:40 -04:00 | probe_ok | probe_v28_dual_lane_snapshot_ledger.py | elapsed_s=0.21
2026-05-07 23:42:40 -04:00 | cycle_done | cycle=556
2026-05-07 23:43:40 -04:00 | cycle_start | cycle=557
2026-05-07 23:44:40 -04:00 | probe_timeout | probe_v28_dual_lane_sidecar_safety_watch.py
2026-05-07 23:44:41 -04:00 | probe_ok | probe_v28_dual_lane_live_market_update.py | elapsed_s=0.21
2026-05-07 23:44:41 -04:00 | probe_ok | probe_v28_dual_lane_readiness_checklist.py | elapsed_s=0.18
2026-05-07 23:44:41 -04:00 | probe_ok | probe_v28_dual_lane_snapshot_ledger.py | elapsed_s=0.23
2026-05-07 23:44:41 -04:00 | cycle_done | cycle=557
2026-05-07 23:45:41 -04:00 | cycle_start | cycle=558
2026-05-07 23:46:41 -04:00 | probe_timeout | probe_v28_dual_lane_sidecar_safety_watch.py
2026-05-07 23:46:41 -04:00 | probe_ok | probe_v28_dual_lane_live_market_update.py | elapsed_s=0.24
2026-05-07 23:46:41 -04:00 | probe_ok | probe_v28_dual_lane_readiness_checklist.py | elapsed_s=0.17
2026-05-07 23:46:42 -04:00 | probe_ok | probe_v28_dual_lane_snapshot_ledger.py | elapsed_s=0.2
2026-05-07 23:46:42 -04:00 | cycle_done | cycle=558
2026-05-07 23:47:42 -04:00 | cycle_start | cycle=559
2026-05-07 23:48:42 -04:00 | probe_timeout | probe_v28_dual_lane_sidecar_safety_watch.py
2026-05-07 23:48:42 -04:00 | probe_ok | probe_v28_dual_lane_live_market_update.py | elapsed_s=0.2
2026-05-07 23:48:42 -04:00 | probe_ok | probe_v28_dual_lane_readiness_checklist.py | elapsed_s=0.18
2026-05-07 23:48:42 -04:00 | probe_ok | probe_v28_dual_lane_snapshot_ledger.py | elapsed_s=0.22
2026-05-07 23:48:42 -04:00 | cycle_done | cycle=559
2026-05-07 23:49:42 -04:00 | cycle_start | cycle=560
2026-05-07 23:50:42 -04:00 | probe_timeout | probe_v28_dual_lane_sidecar_safety_watch.py
2026-05-07 23:50:42 -04:00 | probe_ok | probe_v28_dual_lane_live_market_update.py | elapsed_s=0.23
2026-05-07 23:50:43 -04:00 | probe_ok | probe_v28_dual_lane_readiness_checklist.py | elapsed_s=0.18
2026-05-07 23:50:43 -04:00 | probe_ok | probe_v28_dual_lane_snapshot_ledger.py | elapsed_s=0.21
2026-05-07 23:50:43 -04:00 | cycle_done | cycle=560
2026-05-07 23:51:43 -04:00 | cycle_start | cycle=561
2026-05-07 23:52:43 -04:00 | probe_timeout | probe_v28_dual_lane_sidecar_safety_watch.py
2026-05-07 23:52:43 -04:00 | probe_ok | probe_v28_dual_lane_live_market_update.py | elapsed_s=0.2
2026-05-07 23:52:43 -04:00 | probe_ok | probe_v28_dual_lane_readiness_checklist.py | elapsed_s=0.24
2026-05-07 23:52:44 -04:00 | probe_ok | probe_v28_dual_lane_snapshot_ledger.py | elapsed_s=0.22
2026-05-07 23:52:44 -04:00 | cycle_done | cycle=561
2026-05-07 23:53:44 -04:00 | cycle_start | cycle=562
2026-05-07 23:54:44 -04:00 | probe_timeout | probe_v28_dual_lane_sidecar_safety_watch.py
2026-05-07 23:54:44 -04:00 | probe_ok | probe_v28_dual_lane_live_market_update.py | elapsed_s=0.2
2026-05-07 23:54:44 -04:00 | probe_ok | probe_v28_dual_lane_readiness_checklist.py | elapsed_s=0.17
2026-05-07 23:54:44 -04:00 | probe_ok | probe_v28_dual_lane_snapshot_ledger.py | elapsed_s=0.19
2026-05-07 23:54:44 -04:00 | cycle_done | cycle=562
2026-05-07 23:55:44 -04:00 | cycle_start | cycle=563
2026-05-07 23:56:44 -04:00 | probe_timeout | probe_v28_dual_lane_sidecar_safety_watch.py
2026-05-07 23:56:45 -04:00 | probe_ok | probe_v28_dual_lane_live_market_update.py | elapsed_s=0.24
2026-05-07 23:56:45 -04:00 | probe_ok | probe_v28_dual_lane_readiness_checklist.py | elapsed_s=0.19
2026-05-07 23:56:45 -04:00 | probe_ok | probe_v28_dual_lane_snapshot_ledger.py | elapsed_s=0.22
2026-05-07 23:56:45 -04:00 | cycle_done | cycle=563
2026-05-07 23:57:45 -04:00 | cycle_start | cycle=564
2026-05-07 23:58:45 -04:00 | probe_timeout | probe_v28_dual_lane_sidecar_safety_watch.py
2026-05-07 23:58:45 -04:00 | probe_ok | probe_v28_dual_lane_live_market_update.py | elapsed_s=0.21
2026-05-07 23:58:45 -04:00 | probe_ok | probe_v28_dual_lane_readiness_checklist.py | elapsed_s=0.19
2026-05-07 23:58:46 -04:00 | probe_ok | probe_v28_dual_lane_snapshot_ledger.py | elapsed_s=0.2
2026-05-07 23:58:46 -04:00 | cycle_done | cycle=564
2026-05-07 23:59:46 -04:00 | cycle_start | cycle=565
2026-05-08 00:00:46 -04:00 | probe_timeout | probe_v28_dual_lane_sidecar_safety_watch.py
2026-05-08 00:00:46 -04:00 | probe_ok | probe_v28_dual_lane_live_market_update.py | elapsed_s=0.17
2026-05-08 00:00:46 -04:00 | probe_ok | probe_v28_dual_lane_readiness_checklist.py | elapsed_s=0.17
2026-05-08 00:00:46 -04:00 | probe_ok | probe_v28_dual_lane_snapshot_ledger.py | elapsed_s=0.24
2026-05-08 00:00:46 -04:00 | cycle_done | cycle=565
2026-05-08 00:01:46 -04:00 | cycle_start | cycle=566
2026-05-08 00:02:46 -04:00 | probe_timeout | probe_v28_dual_lane_sidecar_safety_watch.py
2026-05-08 00:02:46 -04:00 | probe_ok | probe_v28_dual_lane_live_market_update.py | elapsed_s=0.22
2026-05-08 00:02:47 -04:00 | probe_ok | probe_v28_dual_lane_readiness_checklist.py | elapsed_s=0.18
2026-05-08 00:02:47 -04:00 | probe_ok | probe_v28_dual_lane_snapshot_ledger.py | elapsed_s=0.24
2026-05-08 00:02:47 -04:00 | cycle_done | cycle=566
2026-05-08 00:03:47 -04:00 | cycle_start | cycle=567
2026-05-08 00:04:47 -04:00 | probe_timeout | probe_v28_dual_lane_sidecar_safety_watch.py
2026-05-08 00:04:47 -04:00 | probe_ok | probe_v28_dual_lane_live_market_update.py | elapsed_s=0.22
2026-05-08 00:04:47 -04:00 | probe_ok | probe_v28_dual_lane_readiness_checklist.py | elapsed_s=0.18
2026-05-08 00:04:48 -04:00 | probe_ok | probe_v28_dual_lane_snapshot_ledger.py | elapsed_s=0.18
2026-05-08 00:04:48 -04:00 | cycle_done | cycle=567
2026-05-08 00:05:48 -04:00 | cycle_start | cycle=568
2026-05-08 00:06:48 -04:00 | probe_timeout | probe_v28_dual_lane_sidecar_safety_watch.py
2026-05-08 00:06:48 -04:00 | probe_ok | probe_v28_dual_lane_live_market_update.py | elapsed_s=0.19
2026-05-08 00:06:48 -04:00 | probe_ok | probe_v28_dual_lane_readiness_checklist.py | elapsed_s=0.2
2026-05-08 00:06:48 -04:00 | probe_ok | probe_v28_dual_lane_snapshot_ledger.py | elapsed_s=0.21
2026-05-08 00:06:48 -04:00 | cycle_done | cycle=568
2026-05-08 00:07:48 -04:00 | cycle_start | cycle=569
2026-05-08 00:08:48 -04:00 | probe_timeout | probe_v28_dual_lane_sidecar_safety_watch.py
2026-05-08 00:08:48 -04:00 | probe_ok | probe_v28_dual_lane_live_market_update.py | elapsed_s=0.2
2026-05-08 00:08:49 -04:00 | probe_ok | probe_v28_dual_lane_readiness_checklist.py | elapsed_s=0.18
2026-05-08 00:08:49 -04:00 | probe_ok | probe_v28_dual_lane_snapshot_ledger.py | elapsed_s=0.22
2026-05-08 00:08:49 -04:00 | cycle_done | cycle=569
2026-05-08 00:09:49 -04:00 | cycle_start | cycle=570
2026-05-08 00:10:49 -04:00 | probe_timeout | probe_v28_dual_lane_sidecar_safety_watch.py
2026-05-08 00:10:49 -04:00 | probe_ok | probe_v28_dual_lane_live_market_update.py | elapsed_s=0.19
2026-05-08 00:10:49 -04:00 | probe_ok | probe_v28_dual_lane_readiness_checklist.py | elapsed_s=0.17
2026-05-08 00:10:49 -04:00 | probe_ok | probe_v28_dual_lane_snapshot_ledger.py | elapsed_s=0.26
2026-05-08 00:10:49 -04:00 | cycle_done | cycle=570
2026-05-08 00:11:50 -04:00 | cycle_start | cycle=571
2026-05-08 00:12:50 -04:00 | probe_timeout | probe_v28_dual_lane_sidecar_safety_watch.py
2026-05-08 00:12:50 -04:00 | probe_ok | probe_v28_dual_lane_live_market_update.py | elapsed_s=0.19
2026-05-08 00:12:50 -04:00 | probe_ok | probe_v28_dual_lane_readiness_checklist.py | elapsed_s=0.18
2026-05-08 00:12:50 -04:00 | probe_ok | probe_v28_dual_lane_snapshot_ledger.py | elapsed_s=0.19
2026-05-08 00:12:50 -04:00 | cycle_done | cycle=571
2026-05-08 00:13:50 -04:00 | cycle_start | cycle=572
2026-05-08 00:14:50 -04:00 | probe_timeout | probe_v28_dual_lane_sidecar_safety_watch.py
2026-05-08 00:14:50 -04:00 | probe_ok | probe_v28_dual_lane_live_market_update.py | elapsed_s=0.17
2026-05-08 00:14:50 -04:00 | probe_ok | probe_v28_dual_lane_readiness_checklist.py | elapsed_s=0.16
2026-05-08 00:14:51 -04:00 | probe_ok | probe_v28_dual_lane_snapshot_ledger.py | elapsed_s=0.2
2026-05-08 00:14:51 -04:00 | cycle_done | cycle=572
2026-05-08 00:15:51 -04:00 | cycle_start | cycle=573
2026-05-08 00:16:51 -04:00 | probe_timeout | probe_v28_dual_lane_sidecar_safety_watch.py
2026-05-08 00:16:51 -04:00 | probe_ok | probe_v28_dual_lane_live_market_update.py | elapsed_s=0.23
2026-05-08 00:16:51 -04:00 | probe_ok | probe_v28_dual_lane_readiness_checklist.py | elapsed_s=0.19
2026-05-08 00:16:51 -04:00 | probe_ok | probe_v28_dual_lane_snapshot_ledger.py | elapsed_s=0.2
2026-05-08 00:16:51 -04:00 | cycle_done | cycle=573
2026-05-08 00:17:51 -04:00 | cycle_start | cycle=574
2026-05-08 00:18:51 -04:00 | probe_timeout | probe_v28_dual_lane_sidecar_safety_watch.py
2026-05-08 00:18:52 -04:00 | probe_ok | probe_v28_dual_lane_live_market_update.py | elapsed_s=0.26
2026-05-08 00:18:52 -04:00 | probe_ok | probe_v28_dual_lane_readiness_checklist.py | elapsed_s=0.17
2026-05-08 00:18:52 -04:00 | probe_ok | probe_v28_dual_lane_snapshot_ledger.py | elapsed_s=0.24
2026-05-08 00:18:52 -04:00 | cycle_done | cycle=574
2026-05-08 00:19:52 -04:00 | cycle_start | cycle=575
2026-05-08 00:20:52 -04:00 | probe_timeout | probe_v28_dual_lane_sidecar_safety_watch.py
2026-05-08 00:20:52 -04:00 | probe_ok | probe_v28_dual_lane_live_market_update.py | elapsed_s=0.27
2026-05-08 00:20:53 -04:00 | probe_ok | probe_v28_dual_lane_readiness_checklist.py | elapsed_s=0.2
2026-05-08 00:20:53 -04:00 | probe_ok | probe_v28_dual_lane_snapshot_ledger.py | elapsed_s=0.22
2026-05-08 00:20:53 -04:00 | cycle_done | cycle=575
2026-05-08 00:21:53 -04:00 | cycle_start | cycle=576
2026-05-08 00:22:53 -04:00 | probe_timeout | probe_v28_dual_lane_sidecar_safety_watch.py
2026-05-08 00:22:53 -04:00 | probe_ok | probe_v28_dual_lane_live_market_update.py | elapsed_s=0.25
2026-05-08 00:22:53 -04:00 | probe_ok | probe_v28_dual_lane_readiness_checklist.py | elapsed_s=0.21
2026-05-08 00:22:54 -04:00 | probe_ok | probe_v28_dual_lane_snapshot_ledger.py | elapsed_s=0.24
2026-05-08 00:22:54 -04:00 | cycle_done | cycle=576
2026-05-08 00:23:54 -04:00 | cycle_start | cycle=577
2026-05-08 00:24:54 -04:00 | probe_timeout | probe_v28_dual_lane_sidecar_safety_watch.py
2026-05-08 00:24:54 -04:00 | probe_ok | probe_v28_dual_lane_live_market_update.py | elapsed_s=0.24
2026-05-08 00:24:54 -04:00 | probe_ok | probe_v28_dual_lane_readiness_checklist.py | elapsed_s=0.18
2026-05-08 00:24:54 -04:00 | probe_ok | probe_v28_dual_lane_snapshot_ledger.py | elapsed_s=0.22
2026-05-08 00:24:54 -04:00 | cycle_done | cycle=577
2026-05-08 00:25:54 -04:00 | cycle_start | cycle=578
2026-05-08 00:26:54 -04:00 | probe_timeout | probe_v28_dual_lane_sidecar_safety_watch.py
2026-05-08 00:26:54 -04:00 | probe_ok | probe_v28_dual_lane_live_market_update.py | elapsed_s=0.22
2026-05-08 00:26:55 -04:00 | probe_ok | probe_v28_dual_lane_readiness_checklist.py | elapsed_s=0.2
2026-05-08 00:26:55 -04:00 | probe_ok | probe_v28_dual_lane_snapshot_ledger.py | elapsed_s=0.24
2026-05-08 00:26:55 -04:00 | cycle_done | cycle=578
2026-05-08 00:27:55 -04:00 | cycle_start | cycle=579
2026-05-08 00:28:55 -04:00 | probe_timeout | probe_v28_dual_lane_sidecar_safety_watch.py
2026-05-08 00:28:55 -04:00 | probe_ok | probe_v28_dual_lane_live_market_update.py | elapsed_s=0.2
2026-05-08 00:28:55 -04:00 | probe_ok | probe_v28_dual_lane_readiness_checklist.py | elapsed_s=0.19
2026-05-08 00:28:56 -04:00 | probe_ok | probe_v28_dual_lane_snapshot_ledger.py | elapsed_s=0.26
2026-05-08 00:28:56 -04:00 | cycle_done | cycle=579
2026-05-08 00:29:56 -04:00 | cycle_start | cycle=580
2026-05-08 00:30:56 -04:00 | probe_timeout | probe_v28_dual_lane_sidecar_safety_watch.py
2026-05-08 00:30:56 -04:00 | probe_ok | probe_v28_dual_lane_live_market_update.py | elapsed_s=0.21
2026-05-08 00:30:56 -04:00 | probe_ok | probe_v28_dual_lane_readiness_checklist.py | elapsed_s=0.22
2026-05-08 00:30:56 -04:00 | probe_ok | probe_v28_dual_lane_snapshot_ledger.py | elapsed_s=0.25
2026-05-08 00:30:56 -04:00 | cycle_done | cycle=580
2026-05-08 00:31:56 -04:00 | cycle_start | cycle=581
2026-05-08 00:32:56 -04:00 | probe_timeout | probe_v28_dual_lane_sidecar_safety_watch.py
2026-05-08 00:32:57 -04:00 | probe_ok | probe_v28_dual_lane_live_market_update.py | elapsed_s=0.14
2026-05-08 00:32:57 -04:00 | probe_ok | probe_v28_dual_lane_readiness_checklist.py | elapsed_s=0.14
2026-05-08 00:32:57 -04:00 | probe_ok | probe_v28_dual_lane_snapshot_ledger.py | elapsed_s=0.16
2026-05-08 00:32:57 -04:00 | cycle_done | cycle=581
2026-05-08 00:33:57 -04:00 | cycle_start | cycle=582
2026-05-08 00:34:57 -04:00 | probe_timeout | probe_v28_dual_lane_sidecar_safety_watch.py
2026-05-08 00:34:57 -04:00 | probe_ok | probe_v28_dual_lane_live_market_update.py | elapsed_s=0.14
2026-05-08 00:34:57 -04:00 | probe_ok | probe_v28_dual_lane_readiness_checklist.py | elapsed_s=0.15
2026-05-08 00:34:57 -04:00 | probe_ok | probe_v28_dual_lane_snapshot_ledger.py | elapsed_s=0.17
2026-05-08 00:34:57 -04:00 | cycle_done | cycle=582
2026-05-08 00:35:57 -04:00 | cycle_start | cycle=583
2026-05-08 00:36:57 -04:00 | probe_timeout | probe_v28_dual_lane_sidecar_safety_watch.py
2026-05-08 00:36:58 -04:00 | probe_ok | probe_v28_dual_lane_live_market_update.py | elapsed_s=0.17
2026-05-08 00:36:58 -04:00 | probe_ok | probe_v28_dual_lane_readiness_checklist.py | elapsed_s=0.17
2026-05-08 00:36:58 -04:00 | probe_ok | probe_v28_dual_lane_snapshot_ledger.py | elapsed_s=0.22
2026-05-08 00:36:58 -04:00 | cycle_done | cycle=583
2026-05-08 00:37:58 -04:00 | cycle_start | cycle=584
2026-05-08 00:38:58 -04:00 | probe_timeout | probe_v28_dual_lane_sidecar_safety_watch.py
2026-05-08 00:38:58 -04:00 | probe_ok | probe_v28_dual_lane_live_market_update.py | elapsed_s=0.13
2026-05-08 00:38:58 -04:00 | probe_ok | probe_v28_dual_lane_readiness_checklist.py | elapsed_s=0.14
2026-05-08 00:38:58 -04:00 | probe_ok | probe_v28_dual_lane_snapshot_ledger.py | elapsed_s=0.17
2026-05-08 00:38:58 -04:00 | cycle_done | cycle=584
2026-05-08 00:39:58 -04:00 | cycle_start | cycle=585
2026-05-08 00:40:58 -04:00 | probe_timeout | probe_v28_dual_lane_sidecar_safety_watch.py
2026-05-08 00:40:59 -04:00 | probe_ok | probe_v28_dual_lane_live_market_update.py | elapsed_s=0.14
2026-05-08 00:40:59 -04:00 | probe_ok | probe_v28_dual_lane_readiness_checklist.py | elapsed_s=0.13
2026-05-08 00:40:59 -04:00 | probe_ok | probe_v28_dual_lane_snapshot_ledger.py | elapsed_s=0.14
2026-05-08 00:40:59 -04:00 | cycle_done | cycle=585
2026-05-08 00:41:59 -04:00 | cycle_start | cycle=586
2026-05-08 00:42:59 -04:00 | probe_timeout | probe_v28_dual_lane_sidecar_safety_watch.py
2026-05-08 00:42:59 -04:00 | probe_ok | probe_v28_dual_lane_live_market_update.py | elapsed_s=0.13
2026-05-08 00:42:59 -04:00 | probe_ok | probe_v28_dual_lane_readiness_checklist.py | elapsed_s=0.15
2026-05-08 00:42:59 -04:00 | probe_ok | probe_v28_dual_lane_snapshot_ledger.py | elapsed_s=0.16
2026-05-08 00:42:59 -04:00 | cycle_done | cycle=586
2026-05-08 00:43:59 -04:00 | cycle_start | cycle=587
2026-05-08 00:44:59 -04:00 | probe_timeout | probe_v28_dual_lane_sidecar_safety_watch.py
2026-05-08 00:45:00 -04:00 | probe_ok | probe_v28_dual_lane_live_market_update.py | elapsed_s=0.15
2026-05-08 00:45:00 -04:00 | probe_ok | probe_v28_dual_lane_readiness_checklist.py | elapsed_s=0.14
2026-05-08 00:45:00 -04:00 | probe_ok | probe_v28_dual_lane_snapshot_ledger.py | elapsed_s=0.15
2026-05-08 00:45:00 -04:00 | cycle_done | cycle=587
2026-05-08 00:46:00 -04:00 | cycle_start | cycle=588
2026-05-08 00:47:00 -04:00 | probe_timeout | probe_v28_dual_lane_sidecar_safety_watch.py
2026-05-08 00:47:00 -04:00 | probe_ok | probe_v28_dual_lane_live_market_update.py | elapsed_s=0.19
2026-05-08 00:47:01 -04:00 | probe_ok | probe_v28_dual_lane_readiness_checklist.py | elapsed_s=1.33
2026-05-08 00:47:02 -04:00 | probe_ok | probe_v28_dual_lane_snapshot_ledger.py | elapsed_s=0.27
2026-05-08 00:47:02 -04:00 | cycle_done | cycle=588
2026-05-08 00:48:02 -04:00 | cycle_start | cycle=589
2026-05-08 00:49:02 -04:00 | probe_timeout | probe_v28_dual_lane_sidecar_safety_watch.py
2026-05-08 00:49:02 -04:00 | probe_ok | probe_v28_dual_lane_live_market_update.py | elapsed_s=0.17
2026-05-08 00:49:02 -04:00 | probe_ok | probe_v28_dual_lane_readiness_checklist.py | elapsed_s=0.19
2026-05-08 00:49:02 -04:00 | probe_ok | probe_v28_dual_lane_snapshot_ledger.py | elapsed_s=0.2
2026-05-08 00:49:02 -04:00 | cycle_done | cycle=589
2026-05-08 00:50:02 -04:00 | cycle_start | cycle=590
2026-05-08 00:51:02 -04:00 | probe_timeout | probe_v28_dual_lane_sidecar_safety_watch.py
2026-05-08 00:51:03 -04:00 | probe_ok | probe_v28_dual_lane_live_market_update.py | elapsed_s=0.2
2026-05-08 00:51:03 -04:00 | probe_ok | probe_v28_dual_lane_readiness_checklist.py | elapsed_s=0.17
2026-05-08 00:51:03 -04:00 | probe_ok | probe_v28_dual_lane_snapshot_ledger.py | elapsed_s=0.21
2026-05-08 00:51:03 -04:00 | cycle_done | cycle=590
2026-05-08 00:52:03 -04:00 | cycle_start | cycle=591
2026-05-08 00:53:03 -04:00 | probe_timeout | probe_v28_dual_lane_sidecar_safety_watch.py
2026-05-08 00:53:03 -04:00 | probe_ok | probe_v28_dual_lane_live_market_update.py | elapsed_s=0.18
2026-05-08 00:53:03 -04:00 | probe_ok | probe_v28_dual_lane_readiness_checklist.py | elapsed_s=0.18
2026-05-08 00:53:04 -04:00 | probe_ok | probe_v28_dual_lane_snapshot_ledger.py | elapsed_s=0.2
2026-05-08 00:53:04 -04:00 | cycle_done | cycle=591
2026-05-08 00:54:04 -04:00 | cycle_start | cycle=592
2026-05-08 00:55:04 -04:00 | probe_timeout | probe_v28_dual_lane_sidecar_safety_watch.py
2026-05-08 00:55:04 -04:00 | probe_ok | probe_v28_dual_lane_live_market_update.py | elapsed_s=0.1
2026-05-08 00:55:04 -04:00 | probe_ok | probe_v28_dual_lane_readiness_checklist.py | elapsed_s=0.1
2026-05-08 00:55:04 -04:00 | probe_ok | probe_v28_dual_lane_snapshot_ledger.py | elapsed_s=0.12
2026-05-08 00:55:04 -04:00 | cycle_done | cycle=592
2026-05-08 00:56:04 -04:00 | cycle_start | cycle=593
2026-05-08 00:57:04 -04:00 | probe_timeout | probe_v28_dual_lane_sidecar_safety_watch.py
2026-05-08 00:57:04 -04:00 | probe_ok | probe_v28_dual_lane_live_market_update.py | elapsed_s=0.14
2026-05-08 00:57:04 -04:00 | probe_ok | probe_v28_dual_lane_readiness_checklist.py | elapsed_s=0.14
2026-05-08 00:57:04 -04:00 | probe_ok | probe_v28_dual_lane_snapshot_ledger.py | elapsed_s=0.17
2026-05-08 00:57:04 -04:00 | cycle_done | cycle=593
2026-05-08 00:58:05 -04:00 | cycle_start | cycle=594
2026-05-08 00:59:05 -04:00 | probe_timeout | probe_v28_dual_lane_sidecar_safety_watch.py
2026-05-08 00:59:05 -04:00 | probe_ok | probe_v28_dual_lane_live_market_update.py | elapsed_s=0.13
2026-05-08 00:59:05 -04:00 | probe_ok | probe_v28_dual_lane_readiness_checklist.py | elapsed_s=0.13
2026-05-08 00:59:05 -04:00 | probe_ok | probe_v28_dual_lane_snapshot_ledger.py | elapsed_s=0.15
2026-05-08 00:59:05 -04:00 | cycle_done | cycle=594
2026-05-08 01:00:05 -04:00 | cycle_start | cycle=595
2026-05-08 01:01:05 -04:00 | probe_timeout | probe_v28_dual_lane_sidecar_safety_watch.py
2026-05-08 01:01:05 -04:00 | probe_ok | probe_v28_dual_lane_live_market_update.py | elapsed_s=0.13
2026-05-08 01:01:06 -04:00 | probe_ok | probe_v28_dual_lane_readiness_checklist.py | elapsed_s=0.13
2026-05-08 01:01:06 -04:00 | probe_ok | probe_v28_dual_lane_snapshot_ledger.py | elapsed_s=0.16
2026-05-08 01:01:06 -04:00 | cycle_done | cycle=595
2026-05-08 01:02:06 -04:00 | cycle_start | cycle=596
2026-05-08 01:03:06 -04:00 | probe_timeout | probe_v28_dual_lane_sidecar_safety_watch.py
2026-05-08 01:03:06 -04:00 | probe_ok | probe_v28_dual_lane_live_market_update.py | elapsed_s=0.13
2026-05-08 01:03:06 -04:00 | probe_ok | probe_v28_dual_lane_readiness_checklist.py | elapsed_s=0.28
2026-05-08 01:03:06 -04:00 | probe_ok | probe_v28_dual_lane_snapshot_ledger.py | elapsed_s=0.17
2026-05-08 01:03:06 -04:00 | cycle_done | cycle=596
2026-05-08 01:04:06 -04:00 | cycle_start | cycle=597
2026-05-08 01:05:06 -04:00 | probe_timeout | probe_v28_dual_lane_sidecar_safety_watch.py
2026-05-08 01:05:07 -04:00 | probe_ok | probe_v28_dual_lane_live_market_update.py | elapsed_s=0.48
2026-05-08 01:05:07 -04:00 | probe_ok | probe_v28_dual_lane_readiness_checklist.py | elapsed_s=0.15
2026-05-08 01:05:07 -04:00 | probe_ok | probe_v28_dual_lane_snapshot_ledger.py | elapsed_s=0.16
2026-05-08 01:05:07 -04:00 | cycle_done | cycle=597
2026-05-08 01:06:07 -04:00 | cycle_start | cycle=598
2026-05-08 01:07:07 -04:00 | probe_timeout | probe_v28_dual_lane_sidecar_safety_watch.py
2026-05-08 01:07:07 -04:00 | probe_ok | probe_v28_dual_lane_live_market_update.py | elapsed_s=0.16
2026-05-08 01:07:07 -04:00 | probe_ok | probe_v28_dual_lane_readiness_checklist.py | elapsed_s=0.13
2026-05-08 01:07:08 -04:00 | probe_ok | probe_v28_dual_lane_snapshot_ledger.py | elapsed_s=0.15
2026-05-08 01:07:08 -04:00 | cycle_done | cycle=598
2026-05-08 01:08:08 -04:00 | cycle_start | cycle=599
2026-05-08 01:09:08 -04:00 | probe_timeout | probe_v28_dual_lane_sidecar_safety_watch.py
2026-05-08 01:09:08 -04:00 | probe_ok | probe_v28_dual_lane_live_market_update.py | elapsed_s=0.16
2026-05-08 01:09:08 -04:00 | probe_ok | probe_v28_dual_lane_readiness_checklist.py | elapsed_s=0.17
2026-05-08 01:09:08 -04:00 | probe_ok | probe_v28_dual_lane_snapshot_ledger.py | elapsed_s=0.15
2026-05-08 01:09:08 -04:00 | cycle_done | cycle=599
2026-05-08 01:10:08 -04:00 | cycle_start | cycle=600
2026-05-08 01:11:08 -04:00 | probe_timeout | probe_v28_dual_lane_sidecar_safety_watch.py
2026-05-08 01:11:08 -04:00 | probe_ok | probe_v28_dual_lane_live_market_update.py | elapsed_s=0.18
2026-05-08 01:11:09 -04:00 | probe_ok | probe_v28_dual_lane_readiness_checklist.py | elapsed_s=0.16
2026-05-08 01:11:09 -04:00 | probe_ok | probe_v28_dual_lane_snapshot_ledger.py | elapsed_s=0.17
2026-05-08 01:11:09 -04:00 | cycle_done | cycle=600
2026-05-08 01:12:09 -04:00 | cycle_start | cycle=601
2026-05-08 01:13:09 -04:00 | probe_timeout | probe_v28_dual_lane_sidecar_safety_watch.py
2026-05-08 01:13:09 -04:00 | probe_ok | probe_v28_dual_lane_live_market_update.py | elapsed_s=0.15
2026-05-08 01:13:09 -04:00 | probe_ok | probe_v28_dual_lane_readiness_checklist.py | elapsed_s=0.13
2026-05-08 01:13:09 -04:00 | probe_ok | probe_v28_dual_lane_snapshot_ledger.py | elapsed_s=0.17
2026-05-08 01:13:09 -04:00 | cycle_done | cycle=601
2026-05-08 01:14:09 -04:00 | cycle_start | cycle=602
2026-05-08 01:15:09 -04:00 | probe_timeout | probe_v28_dual_lane_sidecar_safety_watch.py
2026-05-08 01:15:09 -04:00 | probe_ok | probe_v28_dual_lane_live_market_update.py | elapsed_s=0.17
2026-05-08 01:15:10 -04:00 | probe_ok | probe_v28_dual_lane_readiness_checklist.py | elapsed_s=0.14
2026-05-08 01:15:10 -04:00 | probe_ok | probe_v28_dual_lane_snapshot_ledger.py | elapsed_s=0.16
2026-05-08 01:15:10 -04:00 | cycle_done | cycle=602
2026-05-08 01:16:10 -04:00 | cycle_start | cycle=603
2026-05-08 01:17:10 -04:00 | probe_timeout | probe_v28_dual_lane_sidecar_safety_watch.py
2026-05-08 01:17:10 -04:00 | probe_ok | probe_v28_dual_lane_live_market_update.py | elapsed_s=0.16
2026-05-08 01:17:10 -04:00 | probe_ok | probe_v28_dual_lane_readiness_checklist.py | elapsed_s=0.13
2026-05-08 01:17:10 -04:00 | probe_ok | probe_v28_dual_lane_snapshot_ledger.py | elapsed_s=0.13
2026-05-08 01:17:10 -04:00 | cycle_done | cycle=603
2026-05-08 01:18:10 -04:00 | cycle_start | cycle=604
2026-05-08 01:19:10 -04:00 | probe_timeout | probe_v28_dual_lane_sidecar_safety_watch.py
2026-05-08 01:19:10 -04:00 | probe_ok | probe_v28_dual_lane_live_market_update.py | elapsed_s=0.17
2026-05-08 01:19:11 -04:00 | probe_ok | probe_v28_dual_lane_readiness_checklist.py | elapsed_s=0.13
2026-05-08 01:19:11 -04:00 | probe_ok | probe_v28_dual_lane_snapshot_ledger.py | elapsed_s=0.15
2026-05-08 01:19:11 -04:00 | cycle_done | cycle=604
2026-05-08 01:20:11 -04:00 | cycle_start | cycle=605
2026-05-08 01:21:11 -04:00 | probe_timeout | probe_v28_dual_lane_sidecar_safety_watch.py
2026-05-08 01:21:11 -04:00 | probe_ok | probe_v28_dual_lane_live_market_update.py | elapsed_s=0.13
2026-05-08 01:21:11 -04:00 | probe_ok | probe_v28_dual_lane_readiness_checklist.py | elapsed_s=0.14
2026-05-08 01:21:11 -04:00 | probe_ok | probe_v28_dual_lane_snapshot_ledger.py | elapsed_s=0.15
2026-05-08 01:21:11 -04:00 | cycle_done | cycle=605
2026-05-08 01:22:11 -04:00 | cycle_start | cycle=606
2026-05-08 01:23:11 -04:00 | probe_timeout | probe_v28_dual_lane_sidecar_safety_watch.py
2026-05-08 01:23:11 -04:00 | probe_ok | probe_v28_dual_lane_live_market_update.py | elapsed_s=0.13
2026-05-08 01:23:11 -04:00 | probe_ok | probe_v28_dual_lane_readiness_checklist.py | elapsed_s=0.13
2026-05-08 01:23:12 -04:00 | probe_ok | probe_v28_dual_lane_snapshot_ledger.py | elapsed_s=0.15
2026-05-08 01:23:12 -04:00 | cycle_done | cycle=606
2026-05-08 01:24:12 -04:00 | cycle_start | cycle=607
2026-05-08 01:25:12 -04:00 | probe_timeout | probe_v28_dual_lane_sidecar_safety_watch.py
2026-05-08 01:25:12 -04:00 | probe_ok | probe_v28_dual_lane_live_market_update.py | elapsed_s=0.13
2026-05-08 01:25:12 -04:00 | probe_ok | probe_v28_dual_lane_readiness_checklist.py | elapsed_s=0.14
2026-05-08 01:25:12 -04:00 | probe_ok | probe_v28_dual_lane_snapshot_ledger.py | elapsed_s=0.15
2026-05-08 01:25:12 -04:00 | cycle_done | cycle=607
2026-05-08 01:26:12 -04:00 | cycle_start | cycle=608
2026-05-08 01:27:12 -04:00 | probe_timeout | probe_v28_dual_lane_sidecar_safety_watch.py
2026-05-08 01:27:12 -04:00 | probe_ok | probe_v28_dual_lane_live_market_update.py | elapsed_s=0.13
2026-05-08 01:27:12 -04:00 | probe_ok | probe_v28_dual_lane_readiness_checklist.py | elapsed_s=0.13
2026-05-08 01:27:13 -04:00 | probe_ok | probe_v28_dual_lane_snapshot_ledger.py | elapsed_s=0.16
2026-05-08 01:27:13 -04:00 | cycle_done | cycle=608
2026-05-08 01:28:13 -04:00 | cycle_start | cycle=609
2026-05-08 01:29:13 -04:00 | probe_timeout | probe_v28_dual_lane_sidecar_safety_watch.py
2026-05-08 01:29:13 -04:00 | probe_ok | probe_v28_dual_lane_live_market_update.py | elapsed_s=0.13
2026-05-08 01:29:13 -04:00 | probe_ok | probe_v28_dual_lane_readiness_checklist.py | elapsed_s=0.14
2026-05-08 01:29:13 -04:00 | probe_ok | probe_v28_dual_lane_snapshot_ledger.py | elapsed_s=0.15
2026-05-08 01:29:13 -04:00 | cycle_done | cycle=609
2026-05-08 01:30:13 -04:00 | cycle_start | cycle=610
2026-05-08 01:31:13 -04:00 | probe_timeout | probe_v28_dual_lane_sidecar_safety_watch.py
2026-05-08 01:31:13 -04:00 | probe_ok | probe_v28_dual_lane_live_market_update.py | elapsed_s=0.12
2026-05-08 01:31:13 -04:00 | probe_ok | probe_v28_dual_lane_readiness_checklist.py | elapsed_s=0.14
2026-05-08 01:31:13 -04:00 | probe_ok | probe_v28_dual_lane_snapshot_ledger.py | elapsed_s=0.16
2026-05-08 01:31:13 -04:00 | cycle_done | cycle=610
2026-05-08 01:32:13 -04:00 | cycle_start | cycle=611
2026-05-08 01:33:13 -04:00 | probe_timeout | probe_v28_dual_lane_sidecar_safety_watch.py
2026-05-08 01:33:14 -04:00 | probe_ok | probe_v28_dual_lane_live_market_update.py | elapsed_s=0.13
2026-05-08 01:33:14 -04:00 | probe_ok | probe_v28_dual_lane_readiness_checklist.py | elapsed_s=0.14
2026-05-08 01:33:14 -04:00 | probe_ok | probe_v28_dual_lane_snapshot_ledger.py | elapsed_s=0.16
2026-05-08 01:33:14 -04:00 | cycle_done | cycle=611
2026-05-08 01:34:14 -04:00 | cycle_start | cycle=612
2026-05-08 01:35:14 -04:00 | probe_timeout | probe_v28_dual_lane_sidecar_safety_watch.py
2026-05-08 01:35:14 -04:00 | probe_ok | probe_v28_dual_lane_live_market_update.py | elapsed_s=0.13
2026-05-08 01:35:14 -04:00 | probe_ok | probe_v28_dual_lane_readiness_checklist.py | elapsed_s=0.14
2026-05-08 01:35:14 -04:00 | probe_ok | probe_v28_dual_lane_snapshot_ledger.py | elapsed_s=0.16
2026-05-08 01:35:14 -04:00 | cycle_done | cycle=612
2026-05-08 01:36:14 -04:00 | cycle_start | cycle=613
2026-05-08 01:37:14 -04:00 | probe_timeout | probe_v28_dual_lane_sidecar_safety_watch.py
2026-05-08 01:37:15 -04:00 | probe_ok | probe_v28_dual_lane_live_market_update.py | elapsed_s=0.14
2026-05-08 01:37:15 -04:00 | probe_ok | probe_v28_dual_lane_readiness_checklist.py | elapsed_s=0.15
2026-05-08 01:37:15 -04:00 | probe_ok | probe_v28_dual_lane_snapshot_ledger.py | elapsed_s=0.16
2026-05-08 01:37:15 -04:00 | cycle_done | cycle=613
2026-05-08 01:38:15 -04:00 | cycle_start | cycle=614
2026-05-08 01:39:15 -04:00 | probe_timeout | probe_v28_dual_lane_sidecar_safety_watch.py
2026-05-08 01:39:15 -04:00 | probe_ok | probe_v28_dual_lane_live_market_update.py | elapsed_s=0.13
2026-05-08 01:39:15 -04:00 | probe_ok | probe_v28_dual_lane_readiness_checklist.py | elapsed_s=0.14
2026-05-08 01:39:15 -04:00 | probe_ok | probe_v28_dual_lane_snapshot_ledger.py | elapsed_s=0.16
2026-05-08 01:39:15 -04:00 | cycle_done | cycle=614
2026-05-08 01:40:15 -04:00 | cycle_start | cycle=615
2026-05-08 01:41:15 -04:00 | probe_timeout | probe_v28_dual_lane_sidecar_safety_watch.py
2026-05-08 01:41:16 -04:00 | probe_ok | probe_v28_dual_lane_live_market_update.py | elapsed_s=0.12
2026-05-08 01:41:16 -04:00 | probe_ok | probe_v28_dual_lane_readiness_checklist.py | elapsed_s=0.13
2026-05-08 01:41:16 -04:00 | probe_ok | probe_v28_dual_lane_snapshot_ledger.py | elapsed_s=0.15
2026-05-08 01:41:16 -04:00 | cycle_done | cycle=615
2026-05-08 01:42:16 -04:00 | cycle_start | cycle=616
2026-05-08 01:43:16 -04:00 | probe_timeout | probe_v28_dual_lane_sidecar_safety_watch.py
2026-05-08 01:43:16 -04:00 | probe_ok | probe_v28_dual_lane_live_market_update.py | elapsed_s=0.13
2026-05-08 01:43:16 -04:00 | probe_ok | probe_v28_dual_lane_readiness_checklist.py | elapsed_s=0.13
2026-05-08 01:43:16 -04:00 | probe_ok | probe_v28_dual_lane_snapshot_ledger.py | elapsed_s=0.16
2026-05-08 01:43:16 -04:00 | cycle_done | cycle=616
2026-05-08 01:44:16 -04:00 | cycle_start | cycle=617
2026-05-08 01:45:16 -04:00 | probe_timeout | probe_v28_dual_lane_sidecar_safety_watch.py
2026-05-08 01:45:16 -04:00 | probe_ok | probe_v28_dual_lane_live_market_update.py | elapsed_s=0.12
2026-05-08 01:45:17 -04:00 | probe_ok | probe_v28_dual_lane_readiness_checklist.py | elapsed_s=0.14
2026-05-08 01:45:17 -04:00 | probe_ok | probe_v28_dual_lane_snapshot_ledger.py | elapsed_s=0.15
2026-05-08 01:45:17 -04:00 | cycle_done | cycle=617
2026-05-08 01:46:17 -04:00 | cycle_start | cycle=618
2026-05-08 01:47:17 -04:00 | probe_timeout | probe_v28_dual_lane_sidecar_safety_watch.py
2026-05-08 01:47:17 -04:00 | probe_ok | probe_v28_dual_lane_live_market_update.py | elapsed_s=0.13
2026-05-08 01:47:17 -04:00 | probe_ok | probe_v28_dual_lane_readiness_checklist.py | elapsed_s=0.25
2026-05-08 01:47:17 -04:00 | probe_ok | probe_v28_dual_lane_snapshot_ledger.py | elapsed_s=0.16
2026-05-08 01:47:17 -04:00 | cycle_done | cycle=618
2026-05-08 01:48:17 -04:00 | cycle_start | cycle=619
2026-05-08 01:49:17 -04:00 | probe_timeout | probe_v28_dual_lane_sidecar_safety_watch.py
2026-05-08 01:49:18 -04:00 | probe_ok | probe_v28_dual_lane_live_market_update.py | elapsed_s=0.13
2026-05-08 01:49:18 -04:00 | probe_ok | probe_v28_dual_lane_readiness_checklist.py | elapsed_s=0.13
2026-05-08 01:49:18 -04:00 | probe_ok | probe_v28_dual_lane_snapshot_ledger.py | elapsed_s=0.15
2026-05-08 01:49:18 -04:00 | cycle_done | cycle=619
2026-05-08 01:50:18 -04:00 | cycle_start | cycle=620
2026-05-08 01:51:18 -04:00 | probe_timeout | probe_v28_dual_lane_sidecar_safety_watch.py
2026-05-08 01:51:18 -04:00 | probe_ok | probe_v28_dual_lane_live_market_update.py | elapsed_s=0.11
2026-05-08 01:51:18 -04:00 | probe_ok | probe_v28_dual_lane_readiness_checklist.py | elapsed_s=0.13
2026-05-08 01:51:18 -04:00 | probe_ok | probe_v28_dual_lane_snapshot_ledger.py | elapsed_s=0.17
2026-05-08 01:51:18 -04:00 | cycle_done | cycle=620
2026-05-08 01:52:18 -04:00 | cycle_start | cycle=621
2026-05-08 01:53:18 -04:00 | probe_timeout | probe_v28_dual_lane_sidecar_safety_watch.py
2026-05-08 01:53:18 -04:00 | probe_ok | probe_v28_dual_lane_live_market_update.py | elapsed_s=0.13
2026-05-08 01:53:19 -04:00 | probe_ok | probe_v28_dual_lane_readiness_checklist.py | elapsed_s=0.14
2026-05-08 01:53:19 -04:00 | probe_ok | probe_v28_dual_lane_snapshot_ledger.py | elapsed_s=0.15
2026-05-08 01:53:19 -04:00 | cycle_done | cycle=621
2026-05-08 01:54:19 -04:00 | cycle_start | cycle=622
2026-05-08 01:55:19 -04:00 | probe_timeout | probe_v28_dual_lane_sidecar_safety_watch.py
2026-05-08 01:55:19 -04:00 | probe_ok | probe_v28_dual_lane_live_market_update.py | elapsed_s=0.17
2026-05-08 01:55:19 -04:00 | probe_ok | probe_v28_dual_lane_readiness_checklist.py | elapsed_s=0.15
2026-05-08 01:55:19 -04:00 | probe_ok | probe_v28_dual_lane_snapshot_ledger.py | elapsed_s=0.15
2026-05-08 01:55:19 -04:00 | cycle_done | cycle=622
2026-05-08 01:56:19 -04:00 | cycle_start | cycle=623
2026-05-08 01:57:19 -04:00 | probe_timeout | probe_v28_dual_lane_sidecar_safety_watch.py
2026-05-08 01:57:19 -04:00 | probe_ok | probe_v28_dual_lane_live_market_update.py | elapsed_s=0.17
2026-05-08 01:57:20 -04:00 | probe_ok | probe_v28_dual_lane_readiness_checklist.py | elapsed_s=0.14
2026-05-08 01:57:20 -04:00 | probe_ok | probe_v28_dual_lane_snapshot_ledger.py | elapsed_s=0.15
2026-05-08 01:57:20 -04:00 | cycle_done | cycle=623
2026-05-08 01:58:20 -04:00 | cycle_start | cycle=624
2026-05-08 01:59:20 -04:00 | probe_timeout | probe_v28_dual_lane_sidecar_safety_watch.py
2026-05-08 01:59:20 -04:00 | probe_ok | probe_v28_dual_lane_live_market_update.py | elapsed_s=0.16
2026-05-08 01:59:20 -04:00 | probe_ok | probe_v28_dual_lane_readiness_checklist.py | elapsed_s=0.13
2026-05-08 01:59:20 -04:00 | probe_ok | probe_v28_dual_lane_snapshot_ledger.py | elapsed_s=0.15
2026-05-08 01:59:20 -04:00 | cycle_done | cycle=624
2026-05-08 02:00:20 -04:00 | cycle_start | cycle=625
2026-05-08 02:01:20 -04:00 | probe_timeout | probe_v28_dual_lane_sidecar_safety_watch.py
2026-05-08 02:01:20 -04:00 | probe_ok | probe_v28_dual_lane_live_market_update.py | elapsed_s=0.16
2026-05-08 02:01:21 -04:00 | probe_ok | probe_v28_dual_lane_readiness_checklist.py | elapsed_s=0.13
2026-05-08 02:01:21 -04:00 | probe_ok | probe_v28_dual_lane_snapshot_ledger.py | elapsed_s=0.15
2026-05-08 02:01:21 -04:00 | cycle_done | cycle=625
2026-05-08 02:02:21 -04:00 | cycle_start | cycle=626
2026-05-08 02:03:21 -04:00 | probe_timeout | probe_v28_dual_lane_sidecar_safety_watch.py
2026-05-08 02:03:21 -04:00 | probe_ok | probe_v28_dual_lane_live_market_update.py | elapsed_s=0.17
2026-05-08 02:03:21 -04:00 | probe_ok | probe_v28_dual_lane_readiness_checklist.py | elapsed_s=0.13
2026-05-08 02:03:21 -04:00 | probe_ok | probe_v28_dual_lane_snapshot_ledger.py | elapsed_s=0.17
2026-05-08 02:03:21 -04:00 | cycle_done | cycle=626
2026-05-08 02:04:21 -04:00 | cycle_start | cycle=627
2026-05-08 02:05:21 -04:00 | probe_timeout | probe_v28_dual_lane_sidecar_safety_watch.py
2026-05-08 02:05:21 -04:00 | probe_ok | probe_v28_dual_lane_live_market_update.py | elapsed_s=0.15
2026-05-08 02:05:22 -04:00 | probe_ok | probe_v28_dual_lane_readiness_checklist.py | elapsed_s=0.13
2026-05-08 02:05:22 -04:00 | probe_ok | probe_v28_dual_lane_snapshot_ledger.py | elapsed_s=0.25
2026-05-08 02:05:22 -04:00 | cycle_done | cycle=627
2026-05-08 02:06:22 -04:00 | cycle_start | cycle=628
2026-05-08 02:07:22 -04:00 | probe_timeout | probe_v28_dual_lane_sidecar_safety_watch.py
2026-05-08 02:07:22 -04:00 | probe_ok | probe_v28_dual_lane_live_market_update.py | elapsed_s=0.15
2026-05-08 02:07:22 -04:00 | probe_ok | probe_v28_dual_lane_readiness_checklist.py | elapsed_s=0.14
2026-05-08 02:07:22 -04:00 | probe_ok | probe_v28_dual_lane_snapshot_ledger.py | elapsed_s=0.16
2026-05-08 02:07:22 -04:00 | cycle_done | cycle=628
2026-05-08 02:08:22 -04:00 | cycle_start | cycle=629
2026-05-08 02:09:22 -04:00 | probe_timeout | probe_v28_dual_lane_sidecar_safety_watch.py
2026-05-08 02:09:23 -04:00 | probe_ok | probe_v28_dual_lane_live_market_update.py | elapsed_s=0.16
2026-05-08 02:09:23 -04:00 | probe_ok | probe_v28_dual_lane_readiness_checklist.py | elapsed_s=0.15
2026-05-08 02:09:23 -04:00 | probe_ok | probe_v28_dual_lane_snapshot_ledger.py | elapsed_s=0.16
2026-05-08 02:09:23 -04:00 | cycle_done | cycle=629
2026-05-08 02:10:23 -04:00 | cycle_start | cycle=630
2026-05-08 02:11:23 -04:00 | probe_timeout | probe_v28_dual_lane_sidecar_safety_watch.py
2026-05-08 02:11:23 -04:00 | probe_ok | probe_v28_dual_lane_live_market_update.py | elapsed_s=0.13
2026-05-08 02:11:23 -04:00 | probe_ok | probe_v28_dual_lane_readiness_checklist.py | elapsed_s=0.13
2026-05-08 02:11:23 -04:00 | probe_ok | probe_v28_dual_lane_snapshot_ledger.py | elapsed_s=0.15
2026-05-08 02:11:23 -04:00 | cycle_done | cycle=630
2026-05-08 02:12:23 -04:00 | cycle_start | cycle=631
2026-05-08 02:13:23 -04:00 | probe_timeout | probe_v28_dual_lane_sidecar_safety_watch.py
2026-05-08 02:13:23 -04:00 | probe_ok | probe_v28_dual_lane_live_market_update.py | elapsed_s=0.13
2026-05-08 02:13:24 -04:00 | probe_ok | probe_v28_dual_lane_readiness_checklist.py | elapsed_s=0.14
2026-05-08 02:13:24 -04:00 | probe_ok | probe_v28_dual_lane_snapshot_ledger.py | elapsed_s=0.16
2026-05-08 02:13:24 -04:00 | cycle_done | cycle=631
2026-05-08 02:14:24 -04:00 | cycle_start | cycle=632
2026-05-08 02:15:24 -04:00 | probe_timeout | probe_v28_dual_lane_sidecar_safety_watch.py
2026-05-08 02:15:24 -04:00 | probe_ok | probe_v28_dual_lane_live_market_update.py | elapsed_s=0.14
2026-05-08 02:15:24 -04:00 | probe_ok | probe_v28_dual_lane_readiness_checklist.py | elapsed_s=0.13
2026-05-08 02:15:24 -04:00 | probe_ok | probe_v28_dual_lane_snapshot_ledger.py | elapsed_s=0.17
2026-05-08 02:15:24 -04:00 | cycle_done | cycle=632
2026-05-08 02:16:24 -04:00 | cycle_start | cycle=633
2026-05-08 02:17:24 -04:00 | probe_timeout | probe_v28_dual_lane_sidecar_safety_watch.py
2026-05-08 02:17:24 -04:00 | probe_ok | probe_v28_dual_lane_live_market_update.py | elapsed_s=0.13
2026-05-08 02:17:25 -04:00 | probe_ok | probe_v28_dual_lane_readiness_checklist.py | elapsed_s=0.13
2026-05-08 02:17:25 -04:00 | probe_ok | probe_v28_dual_lane_snapshot_ledger.py | elapsed_s=0.15
2026-05-08 02:17:25 -04:00 | cycle_done | cycle=633
2026-05-08 02:18:25 -04:00 | cycle_start | cycle=634
2026-05-08 02:19:25 -04:00 | probe_timeout | probe_v28_dual_lane_sidecar_safety_watch.py
2026-05-08 02:19:25 -04:00 | probe_ok | probe_v28_dual_lane_live_market_update.py | elapsed_s=0.13
2026-05-08 02:19:25 -04:00 | probe_ok | probe_v28_dual_lane_readiness_checklist.py | elapsed_s=0.13
2026-05-08 02:19:25 -04:00 | probe_ok | probe_v28_dual_lane_snapshot_ledger.py | elapsed_s=0.15
2026-05-08 02:19:25 -04:00 | cycle_done | cycle=634
2026-05-08 02:20:25 -04:00 | cycle_start | cycle=635
2026-05-08 02:21:25 -04:00 | probe_timeout | probe_v28_dual_lane_sidecar_safety_watch.py
2026-05-08 02:21:25 -04:00 | probe_ok | probe_v28_dual_lane_live_market_update.py | elapsed_s=0.13
2026-05-08 02:21:25 -04:00 | probe_ok | probe_v28_dual_lane_readiness_checklist.py | elapsed_s=0.13
2026-05-08 02:21:26 -04:00 | probe_ok | probe_v28_dual_lane_snapshot_ledger.py | elapsed_s=0.17
2026-05-08 02:21:26 -04:00 | cycle_done | cycle=635
2026-05-08 02:22:26 -04:00 | cycle_start | cycle=636
2026-05-08 02:23:26 -04:00 | probe_timeout | probe_v28_dual_lane_sidecar_safety_watch.py
2026-05-08 02:23:26 -04:00 | probe_ok | probe_v28_dual_lane_live_market_update.py | elapsed_s=0.13
2026-05-08 02:23:26 -04:00 | probe_ok | probe_v28_dual_lane_readiness_checklist.py | elapsed_s=0.14
2026-05-08 02:23:26 -04:00 | probe_ok | probe_v28_dual_lane_snapshot_ledger.py | elapsed_s=0.16
2026-05-08 02:23:26 -04:00 | cycle_done | cycle=636
2026-05-08 02:24:26 -04:00 | cycle_start | cycle=637
2026-05-08 02:25:26 -04:00 | probe_timeout | probe_v28_dual_lane_sidecar_safety_watch.py
2026-05-08 02:25:26 -04:00 | probe_ok | probe_v28_dual_lane_live_market_update.py | elapsed_s=0.16
2026-05-08 02:25:26 -04:00 | probe_ok | probe_v28_dual_lane_readiness_checklist.py | elapsed_s=0.13
2026-05-08 02:25:27 -04:00 | probe_ok | probe_v28_dual_lane_snapshot_ledger.py | elapsed_s=0.15
2026-05-08 02:25:27 -04:00 | cycle_done | cycle=637
2026-05-08 02:26:27 -04:00 | cycle_start | cycle=638
2026-05-08 02:27:27 -04:00 | probe_timeout | probe_v28_dual_lane_sidecar_safety_watch.py
2026-05-08 02:27:27 -04:00 | probe_ok | probe_v28_dual_lane_live_market_update.py | elapsed_s=0.12
2026-05-08 02:27:27 -04:00 | probe_ok | probe_v28_dual_lane_readiness_checklist.py | elapsed_s=0.14
2026-05-08 02:27:27 -04:00 | probe_ok | probe_v28_dual_lane_snapshot_ledger.py | elapsed_s=0.15
2026-05-08 02:27:27 -04:00 | cycle_done | cycle=638
2026-05-08 02:28:27 -04:00 | cycle_start | cycle=639
2026-05-08 02:29:27 -04:00 | probe_timeout | probe_v28_dual_lane_sidecar_safety_watch.py
2026-05-08 02:29:27 -04:00 | probe_ok | probe_v28_dual_lane_live_market_update.py | elapsed_s=0.13
2026-05-08 02:29:27 -04:00 | probe_ok | probe_v28_dual_lane_readiness_checklist.py | elapsed_s=0.13
2026-05-08 02:29:28 -04:00 | probe_ok | probe_v28_dual_lane_snapshot_ledger.py | elapsed_s=0.16
2026-05-08 02:29:28 -04:00 | cycle_done | cycle=639
2026-05-08 02:30:28 -04:00 | cycle_start | cycle=640
2026-05-08 02:31:28 -04:00 | probe_timeout | probe_v28_dual_lane_sidecar_safety_watch.py
2026-05-08 02:31:28 -04:00 | probe_ok | probe_v28_dual_lane_live_market_update.py | elapsed_s=0.13
2026-05-08 02:31:28 -04:00 | probe_ok | probe_v28_dual_lane_readiness_checklist.py | elapsed_s=0.12
2026-05-08 02:31:28 -04:00 | probe_ok | probe_v28_dual_lane_snapshot_ledger.py | elapsed_s=0.15
2026-05-08 02:31:28 -04:00 | cycle_done | cycle=640
2026-05-08 02:32:28 -04:00 | cycle_start | cycle=641
2026-05-08 02:33:28 -04:00 | probe_timeout | probe_v28_dual_lane_sidecar_safety_watch.py
2026-05-08 02:33:28 -04:00 | probe_ok | probe_v28_dual_lane_live_market_update.py | elapsed_s=0.13
2026-05-08 02:33:28 -04:00 | probe_ok | probe_v28_dual_lane_readiness_checklist.py | elapsed_s=0.13
2026-05-08 02:33:28 -04:00 | probe_ok | probe_v28_dual_lane_snapshot_ledger.py | elapsed_s=0.15
2026-05-08 02:33:28 -04:00 | cycle_done | cycle=641
2026-05-08 02:34:28 -04:00 | cycle_start | cycle=642
2026-05-08 02:35:28 -04:00 | probe_timeout | probe_v28_dual_lane_sidecar_safety_watch.py
2026-05-08 02:35:29 -04:00 | probe_ok | probe_v28_dual_lane_live_market_update.py | elapsed_s=0.13
2026-05-08 02:35:29 -04:00 | probe_ok | probe_v28_dual_lane_readiness_checklist.py | elapsed_s=0.15
2026-05-08 02:35:29 -04:00 | probe_ok | probe_v28_dual_lane_snapshot_ledger.py | elapsed_s=0.16
2026-05-08 02:35:29 -04:00 | cycle_done | cycle=642
2026-05-08 02:36:29 -04:00 | cycle_start | cycle=643
2026-05-08 02:37:29 -04:00 | probe_timeout | probe_v28_dual_lane_sidecar_safety_watch.py
2026-05-08 02:37:29 -04:00 | probe_ok | probe_v28_dual_lane_live_market_update.py | elapsed_s=0.13
2026-05-08 02:37:29 -04:00 | probe_ok | probe_v28_dual_lane_readiness_checklist.py | elapsed_s=0.13
2026-05-08 02:37:29 -04:00 | probe_ok | probe_v28_dual_lane_snapshot_ledger.py | elapsed_s=0.15
2026-05-08 02:37:29 -04:00 | cycle_done | cycle=643
2026-05-08 02:38:29 -04:00 | cycle_start | cycle=644
2026-05-08 02:39:29 -04:00 | probe_timeout | probe_v28_dual_lane_sidecar_safety_watch.py
2026-05-08 02:39:30 -04:00 | probe_ok | probe_v28_dual_lane_live_market_update.py | elapsed_s=0.16
2026-05-08 02:39:30 -04:00 | probe_ok | probe_v28_dual_lane_readiness_checklist.py | elapsed_s=0.12
2026-05-08 02:39:30 -04:00 | probe_ok | probe_v28_dual_lane_snapshot_ledger.py | elapsed_s=0.15
2026-05-08 02:39:30 -04:00 | cycle_done | cycle=644
2026-05-08 02:40:30 -04:00 | cycle_start | cycle=645
2026-05-08 02:41:30 -04:00 | probe_timeout | probe_v28_dual_lane_sidecar_safety_watch.py
2026-05-08 02:41:30 -04:00 | probe_ok | probe_v28_dual_lane_live_market_update.py | elapsed_s=0.17
2026-05-08 02:41:30 -04:00 | probe_ok | probe_v28_dual_lane_readiness_checklist.py | elapsed_s=0.15
2026-05-08 02:41:30 -04:00 | probe_ok | probe_v28_dual_lane_snapshot_ledger.py | elapsed_s=0.17
2026-05-08 02:41:30 -04:00 | cycle_done | cycle=645
2026-05-08 02:42:30 -04:00 | cycle_start | cycle=646
2026-05-08 02:43:30 -04:00 | probe_timeout | probe_v28_dual_lane_sidecar_safety_watch.py
2026-05-08 02:43:31 -04:00 | probe_ok | probe_v28_dual_lane_live_market_update.py | elapsed_s=0.17
2026-05-08 02:43:31 -04:00 | probe_ok | probe_v28_dual_lane_readiness_checklist.py | elapsed_s=0.14
2026-05-08 02:43:31 -04:00 | probe_ok | probe_v28_dual_lane_snapshot_ledger.py | elapsed_s=0.16
2026-05-08 02:43:31 -04:00 | cycle_done | cycle=646
2026-05-08 02:44:31 -04:00 | cycle_start | cycle=647
2026-05-08 02:45:31 -04:00 | probe_timeout | probe_v28_dual_lane_sidecar_safety_watch.py
2026-05-08 02:45:31 -04:00 | probe_ok | probe_v28_dual_lane_live_market_update.py | elapsed_s=0.15
2026-05-08 02:45:31 -04:00 | probe_ok | probe_v28_dual_lane_readiness_checklist.py | elapsed_s=0.14
2026-05-08 02:45:31 -04:00 | probe_ok | probe_v28_dual_lane_snapshot_ledger.py | elapsed_s=0.17
2026-05-08 02:45:31 -04:00 | cycle_done | cycle=647
2026-05-08 02:46:31 -04:00 | cycle_start | cycle=648
2026-05-08 02:47:31 -04:00 | probe_timeout | probe_v28_dual_lane_sidecar_safety_watch.py
2026-05-08 02:47:32 -04:00 | probe_ok | probe_v28_dual_lane_live_market_update.py | elapsed_s=0.13
2026-05-08 02:47:32 -04:00 | probe_ok | probe_v28_dual_lane_readiness_checklist.py | elapsed_s=0.14
2026-05-08 02:47:32 -04:00 | probe_ok | probe_v28_dual_lane_snapshot_ledger.py | elapsed_s=0.16
2026-05-08 02:47:32 -04:00 | cycle_done | cycle=648
2026-05-08 02:48:32 -04:00 | cycle_start | cycle=649
2026-05-08 02:49:32 -04:00 | probe_timeout | probe_v28_dual_lane_sidecar_safety_watch.py
2026-05-08 02:49:32 -04:00 | probe_ok | probe_v28_dual_lane_live_market_update.py | elapsed_s=0.12
2026-05-08 02:49:32 -04:00 | probe_ok | probe_v28_dual_lane_readiness_checklist.py | elapsed_s=0.13
2026-05-08 02:49:32 -04:00 | probe_ok | probe_v28_dual_lane_snapshot_ledger.py | elapsed_s=0.15
2026-05-08 02:49:32 -04:00 | cycle_done | cycle=649
2026-05-08 02:50:32 -04:00 | cycle_start | cycle=650
2026-05-08 02:51:32 -04:00 | probe_timeout | probe_v28_dual_lane_sidecar_safety_watch.py
2026-05-08 02:51:33 -04:00 | probe_ok | probe_v28_dual_lane_live_market_update.py | elapsed_s=0.18
2026-05-08 02:51:33 -04:00 | probe_ok | probe_v28_dual_lane_readiness_checklist.py | elapsed_s=0.19
2026-05-08 02:51:33 -04:00 | probe_ok | probe_v28_dual_lane_snapshot_ledger.py | elapsed_s=0.2
2026-05-08 02:51:33 -04:00 | cycle_done | cycle=650
2026-05-08 02:52:33 -04:00 | cycle_start | cycle=651
2026-05-08 02:53:33 -04:00 | probe_timeout | probe_v28_dual_lane_sidecar_safety_watch.py
2026-05-08 02:53:33 -04:00 | probe_ok | probe_v28_dual_lane_live_market_update.py | elapsed_s=0.19
2026-05-08 02:53:34 -04:00 | probe_ok | probe_v28_dual_lane_readiness_checklist.py | elapsed_s=0.2
2026-05-08 02:53:34 -04:00 | probe_ok | probe_v28_dual_lane_snapshot_ledger.py | elapsed_s=0.21
2026-05-08 02:53:34 -04:00 | cycle_done | cycle=651
2026-05-08 02:54:34 -04:00 | cycle_start | cycle=652
2026-05-08 02:55:34 -04:00 | probe_timeout | probe_v28_dual_lane_sidecar_safety_watch.py
2026-05-08 02:55:34 -04:00 | probe_ok | probe_v28_dual_lane_live_market_update.py | elapsed_s=0.16
2026-05-08 02:55:34 -04:00 | probe_ok | probe_v28_dual_lane_readiness_checklist.py | elapsed_s=0.18
2026-05-08 02:55:34 -04:00 | probe_ok | probe_v28_dual_lane_snapshot_ledger.py | elapsed_s=0.2
2026-05-08 02:55:34 -04:00 | cycle_done | cycle=652
2026-05-08 02:56:34 -04:00 | cycle_start | cycle=653
2026-05-08 02:57:34 -04:00 | probe_timeout | probe_v28_dual_lane_sidecar_safety_watch.py
2026-05-08 02:57:35 -04:00 | probe_ok | probe_v28_dual_lane_live_market_update.py | elapsed_s=0.15
2026-05-08 02:57:35 -04:00 | probe_ok | probe_v28_dual_lane_readiness_checklist.py | elapsed_s=0.16
2026-05-08 02:57:35 -04:00 | probe_ok | probe_v28_dual_lane_snapshot_ledger.py | elapsed_s=0.17
2026-05-08 02:57:35 -04:00 | cycle_done | cycle=653
2026-05-08 02:58:35 -04:00 | cycle_start | cycle=654
2026-05-08 02:59:35 -04:00 | probe_timeout | probe_v28_dual_lane_sidecar_safety_watch.py
2026-05-08 02:59:35 -04:00 | probe_ok | probe_v28_dual_lane_live_market_update.py | elapsed_s=0.22
2026-05-08 02:59:35 -04:00 | probe_ok | probe_v28_dual_lane_readiness_checklist.py | elapsed_s=0.21
2026-05-08 02:59:36 -04:00 | probe_ok | probe_v28_dual_lane_snapshot_ledger.py | elapsed_s=0.25
2026-05-08 02:59:36 -04:00 | cycle_done | cycle=654
2026-05-08 03:00:36 -04:00 | cycle_start | cycle=655
2026-05-08 03:01:36 -04:00 | probe_timeout | probe_v28_dual_lane_sidecar_safety_watch.py
2026-05-08 03:01:36 -04:00 | probe_ok | probe_v28_dual_lane_live_market_update.py | elapsed_s=0.2
2026-05-08 03:01:36 -04:00 | probe_ok | probe_v28_dual_lane_readiness_checklist.py | elapsed_s=0.17
2026-05-08 03:01:36 -04:00 | probe_ok | probe_v28_dual_lane_snapshot_ledger.py | elapsed_s=0.22
2026-05-08 03:01:36 -04:00 | cycle_done | cycle=655
2026-05-08 03:02:36 -04:00 | cycle_start | cycle=656
2026-05-08 03:03:36 -04:00 | probe_timeout | probe_v28_dual_lane_sidecar_safety_watch.py
2026-05-08 03:03:36 -04:00 | probe_ok | probe_v28_dual_lane_live_market_update.py | elapsed_s=0.25
2026-05-08 03:03:37 -04:00 | probe_ok | probe_v28_dual_lane_readiness_checklist.py | elapsed_s=0.22
2026-05-08 03:03:37 -04:00 | probe_ok | probe_v28_dual_lane_snapshot_ledger.py | elapsed_s=0.25
2026-05-08 03:03:37 -04:00 | cycle_done | cycle=656
2026-05-08 03:04:37 -04:00 | cycle_start | cycle=657
2026-05-08 08:27:04 -04:00 | probe_timeout | probe_v28_dual_lane_sidecar_safety_watch.py
2026-05-08 08:27:04 -04:00 | probe_ok | probe_v28_dual_lane_live_market_update.py | elapsed_s=0.12
2026-05-08 08:27:04 -04:00 | probe_ok | probe_v28_dual_lane_readiness_checklist.py | elapsed_s=0.11
2026-05-08 08:27:04 -04:00 | probe_ok | probe_v28_dual_lane_snapshot_ledger.py | elapsed_s=0.11
2026-05-08 08:27:04 -04:00 | cycle_done | cycle=657
2026-05-08 08:28:04 -04:00 | cycle_start | cycle=658
2026-05-08 08:29:04 -04:00 | probe_timeout | probe_v28_dual_lane_sidecar_safety_watch.py
2026-05-08 08:29:05 -04:00 | probe_ok | probe_v28_dual_lane_live_market_update.py | elapsed_s=0.07
2026-05-08 08:29:05 -04:00 | probe_ok | probe_v28_dual_lane_readiness_checklist.py | elapsed_s=0.08
2026-05-08 08:29:05 -04:00 | probe_ok | probe_v28_dual_lane_snapshot_ledger.py | elapsed_s=0.09
2026-05-08 08:29:05 -04:00 | cycle_done | cycle=658
2026-05-08 08:30:05 -04:00 | cycle_start | cycle=659
2026-05-08 08:31:05 -04:00 | probe_timeout | probe_v28_dual_lane_sidecar_safety_watch.py
2026-05-08 08:31:05 -04:00 | probe_ok | probe_v28_dual_lane_live_market_update.py | elapsed_s=0.07
2026-05-08 08:31:05 -04:00 | probe_ok | probe_v28_dual_lane_readiness_checklist.py | elapsed_s=0.07
2026-05-08 08:31:05 -04:00 | probe_ok | probe_v28_dual_lane_snapshot_ledger.py | elapsed_s=0.09
2026-05-08 08:31:05 -04:00 | cycle_done | cycle=659
2026-05-08 08:32:05 -04:00 | cycle_start | cycle=660
2026-05-08 08:33:05 -04:00 | probe_timeout | probe_v28_dual_lane_sidecar_safety_watch.py
2026-05-08 08:33:05 -04:00 | probe_ok | probe_v28_dual_lane_live_market_update.py | elapsed_s=0.09
2026-05-08 08:33:05 -04:00 | probe_ok | probe_v28_dual_lane_readiness_checklist.py | elapsed_s=0.1
2026-05-08 08:33:05 -04:00 | probe_ok | probe_v28_dual_lane_snapshot_ledger.py | elapsed_s=0.11
2026-05-08 08:33:05 -04:00 | cycle_done | cycle=660
2026-05-08 08:34:05 -04:00 | cycle_start | cycle=661
2026-05-08 08:35:05 -04:00 | probe_timeout | probe_v28_dual_lane_sidecar_safety_watch.py
2026-05-08 08:35:05 -04:00 | probe_ok | probe_v28_dual_lane_live_market_update.py | elapsed_s=0.07
2026-05-08 08:35:05 -04:00 | probe_ok | probe_v28_dual_lane_readiness_checklist.py | elapsed_s=0.08
2026-05-08 08:35:06 -04:00 | probe_ok | probe_v28_dual_lane_snapshot_ledger.py | elapsed_s=0.09
2026-05-08 08:35:06 -04:00 | cycle_done | cycle=661
2026-05-08 08:36:06 -04:00 | cycle_start | cycle=662
2026-05-08 08:37:06 -04:00 | probe_timeout | probe_v28_dual_lane_sidecar_safety_watch.py
2026-05-08 08:37:06 -04:00 | probe_ok | probe_v28_dual_lane_live_market_update.py | elapsed_s=0.08
2026-05-08 08:37:06 -04:00 | probe_ok | probe_v28_dual_lane_readiness_checklist.py | elapsed_s=0.08
2026-05-08 08:37:06 -04:00 | probe_ok | probe_v28_dual_lane_snapshot_ledger.py | elapsed_s=0.09
2026-05-08 08:37:06 -04:00 | cycle_done | cycle=662
2026-05-08 08:38:06 -04:00 | cycle_start | cycle=663
2026-05-08 08:39:06 -04:00 | probe_timeout | probe_v28_dual_lane_sidecar_safety_watch.py
2026-05-08 08:39:06 -04:00 | probe_ok | probe_v28_dual_lane_live_market_update.py | elapsed_s=0.12
2026-05-08 08:39:06 -04:00 | probe_ok | probe_v28_dual_lane_readiness_checklist.py | elapsed_s=0.09
2026-05-08 08:39:06 -04:00 | probe_ok | probe_v28_dual_lane_snapshot_ledger.py | elapsed_s=0.1
2026-05-08 08:39:06 -04:00 | cycle_done | cycle=663
2026-05-08 08:40:06 -04:00 | cycle_start | cycle=664
2026-05-08 08:41:06 -04:00 | probe_timeout | probe_v28_dual_lane_sidecar_safety_watch.py
2026-05-08 08:41:06 -04:00 | probe_ok | probe_v28_dual_lane_live_market_update.py | elapsed_s=0.09
2026-05-08 08:41:06 -04:00 | probe_ok | probe_v28_dual_lane_readiness_checklist.py | elapsed_s=0.09
2026-05-08 08:41:07 -04:00 | probe_ok | probe_v28_dual_lane_snapshot_ledger.py | elapsed_s=0.11
2026-05-08 08:41:07 -04:00 | cycle_done | cycle=664
2026-05-08 08:42:07 -04:00 | cycle_start | cycle=665
2026-05-08 08:43:07 -04:00 | probe_timeout | probe_v28_dual_lane_sidecar_safety_watch.py
2026-05-08 08:43:07 -04:00 | probe_ok | probe_v28_dual_lane_live_market_update.py | elapsed_s=0.1
2026-05-08 08:43:07 -04:00 | probe_ok | probe_v28_dual_lane_readiness_checklist.py | elapsed_s=0.1
2026-05-08 08:43:07 -04:00 | probe_ok | probe_v28_dual_lane_snapshot_ledger.py | elapsed_s=0.1
2026-05-08 08:43:07 -04:00 | cycle_done | cycle=665
2026-05-08 08:44:07 -04:00 | cycle_start | cycle=666
2026-05-08 08:45:07 -04:00 | probe_timeout | probe_v28_dual_lane_sidecar_safety_watch.py
2026-05-08 08:45:07 -04:00 | probe_ok | probe_v28_dual_lane_live_market_update.py | elapsed_s=0.08
2026-05-08 08:45:07 -04:00 | probe_ok | probe_v28_dual_lane_readiness_checklist.py | elapsed_s=0.08
2026-05-08 08:45:07 -04:00 | probe_ok | probe_v28_dual_lane_snapshot_ledger.py | elapsed_s=0.09
2026-05-08 08:45:07 -04:00 | cycle_done | cycle=666
2026-05-08 08:46:07 -04:00 | cycle_start | cycle=667
2026-05-08 08:47:07 -04:00 | probe_timeout | probe_v28_dual_lane_sidecar_safety_watch.py
2026-05-08 08:47:07 -04:00 | probe_ok | probe_v28_dual_lane_live_market_update.py | elapsed_s=0.11
2026-05-08 08:47:07 -04:00 | probe_ok | probe_v28_dual_lane_readiness_checklist.py | elapsed_s=0.07
2026-05-08 08:47:07 -04:00 | probe_ok | probe_v28_dual_lane_snapshot_ledger.py | elapsed_s=0.08
2026-05-08 08:47:07 -04:00 | cycle_done | cycle=667
2026-05-08 08:48:07 -04:00 | cycle_start | cycle=668
2026-05-08 08:49:07 -04:00 | probe_timeout | probe_v28_dual_lane_sidecar_safety_watch.py
2026-05-08 08:49:08 -04:00 | probe_ok | probe_v28_dual_lane_live_market_update.py | elapsed_s=0.08
2026-05-08 08:49:08 -04:00 | probe_ok | probe_v28_dual_lane_readiness_checklist.py | elapsed_s=0.07
2026-05-08 08:49:08 -04:00 | probe_ok | probe_v28_dual_lane_snapshot_ledger.py | elapsed_s=0.1
2026-05-08 08:49:08 -04:00 | cycle_done | cycle=668
2026-05-08 08:50:08 -04:00 | cycle_start | cycle=669
2026-05-08 08:51:08 -04:00 | probe_timeout | probe_v28_dual_lane_sidecar_safety_watch.py
2026-05-08 08:51:08 -04:00 | probe_ok | probe_v28_dual_lane_live_market_update.py | elapsed_s=0.08
2026-05-08 08:51:08 -04:00 | probe_ok | probe_v28_dual_lane_readiness_checklist.py | elapsed_s=0.08
2026-05-08 08:51:08 -04:00 | probe_ok | probe_v28_dual_lane_snapshot_ledger.py | elapsed_s=0.09
2026-05-08 08:51:08 -04:00 | cycle_done | cycle=669
2026-05-08 08:52:08 -04:00 | cycle_start | cycle=670
2026-05-08 08:53:08 -04:00 | probe_timeout | probe_v28_dual_lane_sidecar_safety_watch.py
2026-05-08 08:53:08 -04:00 | probe_ok | probe_v28_dual_lane_live_market_update.py | elapsed_s=0.09
2026-05-08 08:53:08 -04:00 | probe_ok | probe_v28_dual_lane_readiness_checklist.py | elapsed_s=0.07
2026-05-08 08:53:08 -04:00 | probe_ok | probe_v28_dual_lane_snapshot_ledger.py | elapsed_s=0.09
2026-05-08 08:53:08 -04:00 | cycle_done | cycle=670
2026-05-08 08:54:08 -04:00 | cycle_start | cycle=671
2026-05-08 08:55:08 -04:00 | probe_timeout | probe_v28_dual_lane_sidecar_safety_watch.py
2026-05-08 08:55:08 -04:00 | probe_ok | probe_v28_dual_lane_live_market_update.py | elapsed_s=0.07
2026-05-08 08:55:08 -04:00 | probe_ok | probe_v28_dual_lane_readiness_checklist.py | elapsed_s=0.09
2026-05-08 08:55:09 -04:00 | probe_ok | probe_v28_dual_lane_snapshot_ledger.py | elapsed_s=0.09
2026-05-08 08:55:09 -04:00 | cycle_done | cycle=671
2026-05-08 08:56:09 -04:00 | cycle_start | cycle=672
2026-05-08 08:57:09 -04:00 | probe_timeout | probe_v28_dual_lane_sidecar_safety_watch.py
2026-05-08 08:57:09 -04:00 | probe_ok | probe_v28_dual_lane_live_market_update.py | elapsed_s=0.1
2026-05-08 08:57:09 -04:00 | probe_ok | probe_v28_dual_lane_readiness_checklist.py | elapsed_s=0.1
2026-05-08 08:57:09 -04:00 | probe_ok | probe_v28_dual_lane_snapshot_ledger.py | elapsed_s=0.11
2026-05-08 08:57:09 -04:00 | cycle_done | cycle=672
2026-05-08 08:58:09 -04:00 | cycle_start | cycle=673
2026-05-08 08:59:09 -04:00 | probe_timeout | probe_v28_dual_lane_sidecar_safety_watch.py
2026-05-08 08:59:09 -04:00 | probe_ok | probe_v28_dual_lane_live_market_update.py | elapsed_s=0.11
2026-05-08 08:59:09 -04:00 | probe_ok | probe_v28_dual_lane_readiness_checklist.py | elapsed_s=0.08
2026-05-08 08:59:09 -04:00 | probe_ok | probe_v28_dual_lane_snapshot_ledger.py | elapsed_s=0.1
2026-05-08 08:59:09 -04:00 | cycle_done | cycle=673
2026-05-08 09:00:09 -04:00 | cycle_start | cycle=674
2026-05-08 09:01:09 -04:00 | probe_timeout | probe_v28_dual_lane_sidecar_safety_watch.py
2026-05-08 09:01:09 -04:00 | probe_ok | probe_v28_dual_lane_live_market_update.py | elapsed_s=0.09
2026-05-08 09:01:09 -04:00 | probe_ok | probe_v28_dual_lane_readiness_checklist.py | elapsed_s=0.08
2026-05-08 09:01:09 -04:00 | probe_ok | probe_v28_dual_lane_snapshot_ledger.py | elapsed_s=0.1
2026-05-08 09:01:10 -04:00 | cycle_done | cycle=674
2026-05-08 09:02:10 -04:00 | cycle_start | cycle=675
2026-05-08 09:03:10 -04:00 | probe_timeout | probe_v28_dual_lane_sidecar_safety_watch.py
2026-05-08 09:03:10 -04:00 | probe_ok | probe_v28_dual_lane_live_market_update.py | elapsed_s=0.08
2026-05-08 09:03:10 -04:00 | probe_ok | probe_v28_dual_lane_readiness_checklist.py | elapsed_s=0.09
2026-05-08 09:03:10 -04:00 | probe_ok | probe_v28_dual_lane_snapshot_ledger.py | elapsed_s=0.19
2026-05-08 09:03:10 -04:00 | cycle_done | cycle=675
2026-05-08 09:04:10 -04:00 | cycle_start | cycle=676
2026-05-08 09:05:10 -04:00 | probe_timeout | probe_v28_dual_lane_sidecar_safety_watch.py
2026-05-08 09:05:10 -04:00 | probe_ok | probe_v28_dual_lane_live_market_update.py | elapsed_s=0.11
2026-05-08 09:05:10 -04:00 | probe_ok | probe_v28_dual_lane_readiness_checklist.py | elapsed_s=0.1
2026-05-08 09:05:10 -04:00 | probe_ok | probe_v28_dual_lane_snapshot_ledger.py | elapsed_s=0.14
2026-05-08 09:05:10 -04:00 | cycle_done | cycle=676
2026-05-08 09:06:10 -04:00 | cycle_start | cycle=677
2026-05-08 09:07:10 -04:00 | probe_timeout | probe_v28_dual_lane_sidecar_safety_watch.py
2026-05-08 09:07:10 -04:00 | probe_ok | probe_v28_dual_lane_live_market_update.py | elapsed_s=0.1
2026-05-08 09:07:11 -04:00 | probe_ok | probe_v28_dual_lane_readiness_checklist.py | elapsed_s=0.09
2026-05-08 09:07:11 -04:00 | probe_ok | probe_v28_dual_lane_snapshot_ledger.py | elapsed_s=0.1
2026-05-08 09:07:11 -04:00 | cycle_done | cycle=677
2026-05-08 09:08:11 -04:00 | cycle_start | cycle=678
2026-05-08 09:09:11 -04:00 | probe_timeout | probe_v28_dual_lane_sidecar_safety_watch.py
2026-05-08 09:09:11 -04:00 | probe_ok | probe_v28_dual_lane_live_market_update.py | elapsed_s=0.09
2026-05-08 09:09:11 -04:00 | probe_ok | probe_v28_dual_lane_readiness_checklist.py | elapsed_s=0.1
2026-05-08 09:09:11 -04:00 | probe_ok | probe_v28_dual_lane_snapshot_ledger.py | elapsed_s=0.1
2026-05-08 09:09:11 -04:00 | cycle_done | cycle=678
2026-05-08 09:10:11 -04:00 | cycle_start | cycle=679
2026-05-08 09:11:11 -04:00 | probe_timeout | probe_v28_dual_lane_sidecar_safety_watch.py
2026-05-08 09:11:11 -04:00 | probe_ok | probe_v28_dual_lane_live_market_update.py | elapsed_s=0.13
2026-05-08 09:11:11 -04:00 | probe_ok | probe_v28_dual_lane_readiness_checklist.py | elapsed_s=0.09
2026-05-08 09:11:11 -04:00 | probe_ok | probe_v28_dual_lane_snapshot_ledger.py | elapsed_s=0.12
2026-05-08 09:11:11 -04:00 | cycle_done | cycle=679
2026-05-08 09:12:11 -04:00 | cycle_start | cycle=680
2026-05-08 09:13:11 -04:00 | probe_timeout | probe_v28_dual_lane_sidecar_safety_watch.py
2026-05-08 09:13:11 -04:00 | probe_ok | probe_v28_dual_lane_live_market_update.py | elapsed_s=0.12
2026-05-08 09:13:12 -04:00 | probe_ok | probe_v28_dual_lane_readiness_checklist.py | elapsed_s=0.14
2026-05-08 09:13:12 -04:00 | probe_ok | probe_v28_dual_lane_snapshot_ledger.py | elapsed_s=0.13
2026-05-08 09:13:12 -04:00 | cycle_done | cycle=680
2026-05-08 09:14:12 -04:00 | cycle_start | cycle=681
2026-05-08 09:15:12 -04:00 | probe_timeout | probe_v28_dual_lane_sidecar_safety_watch.py
2026-05-08 09:15:12 -04:00 | probe_ok | probe_v28_dual_lane_live_market_update.py | elapsed_s=0.08
2026-05-08 09:15:12 -04:00 | probe_ok | probe_v28_dual_lane_readiness_checklist.py | elapsed_s=0.08
2026-05-08 09:15:12 -04:00 | probe_ok | probe_v28_dual_lane_snapshot_ledger.py | elapsed_s=0.09
2026-05-08 09:15:12 -04:00 | cycle_done | cycle=681
2026-05-08 09:16:12 -04:00 | cycle_start | cycle=682
2026-05-08 09:17:12 -04:00 | probe_timeout | probe_v28_dual_lane_sidecar_safety_watch.py
2026-05-08 09:17:12 -04:00 | probe_ok | probe_v28_dual_lane_live_market_update.py | elapsed_s=0.11
2026-05-08 09:17:12 -04:00 | probe_ok | probe_v28_dual_lane_readiness_checklist.py | elapsed_s=0.09
2026-05-08 09:17:12 -04:00 | probe_ok | probe_v28_dual_lane_snapshot_ledger.py | elapsed_s=0.14
2026-05-08 09:17:12 -04:00 | cycle_done | cycle=682
2026-05-08 09:18:12 -04:00 | cycle_start | cycle=683
2026-05-08 09:19:12 -04:00 | probe_timeout | probe_v28_dual_lane_sidecar_safety_watch.py
2026-05-08 09:19:12 -04:00 | probe_ok | probe_v28_dual_lane_live_market_update.py | elapsed_s=0.08
2026-05-08 09:19:13 -04:00 | probe_ok | probe_v28_dual_lane_readiness_checklist.py | elapsed_s=0.1
2026-05-08 09:19:13 -04:00 | probe_ok | probe_v28_dual_lane_snapshot_ledger.py | elapsed_s=0.14
2026-05-08 09:19:13 -04:00 | cycle_done | cycle=683
2026-05-08 09:20:13 -04:00 | cycle_start | cycle=684
2026-05-08 09:21:13 -04:00 | probe_timeout | probe_v28_dual_lane_sidecar_safety_watch.py
2026-05-08 09:21:13 -04:00 | probe_ok | probe_v28_dual_lane_live_market_update.py | elapsed_s=0.12
2026-05-08 09:21:13 -04:00 | probe_ok | probe_v28_dual_lane_readiness_checklist.py | elapsed_s=0.11
2026-05-08 09:21:13 -04:00 | probe_ok | probe_v28_dual_lane_snapshot_ledger.py | elapsed_s=0.13
2026-05-08 09:21:13 -04:00 | cycle_done | cycle=684
2026-05-08 09:22:13 -04:00 | cycle_start | cycle=685
2026-05-08 09:23:13 -04:00 | probe_timeout | probe_v28_dual_lane_sidecar_safety_watch.py
2026-05-08 09:23:13 -04:00 | probe_ok | probe_v28_dual_lane_live_market_update.py | elapsed_s=0.1
2026-05-08 09:23:13 -04:00 | probe_ok | probe_v28_dual_lane_readiness_checklist.py | elapsed_s=0.07
2026-05-08 09:23:13 -04:00 | probe_ok | probe_v28_dual_lane_snapshot_ledger.py | elapsed_s=0.08
2026-05-08 09:23:13 -04:00 | cycle_done | cycle=685
2026-05-08 09:24:13 -04:00 | cycle_start | cycle=686
2026-05-08 09:25:13 -04:00 | probe_timeout | probe_v28_dual_lane_sidecar_safety_watch.py
2026-05-08 09:25:14 -04:00 | probe_ok | probe_v28_dual_lane_live_market_update.py | elapsed_s=0.1
2026-05-08 09:25:14 -04:00 | probe_ok | probe_v28_dual_lane_readiness_checklist.py | elapsed_s=0.07
2026-05-08 09:25:14 -04:00 | probe_ok | probe_v28_dual_lane_snapshot_ledger.py | elapsed_s=0.1
2026-05-08 09:25:14 -04:00 | cycle_done | cycle=686
2026-05-08 09:26:14 -04:00 | cycle_start | cycle=687
2026-05-08 09:27:14 -04:00 | probe_timeout | probe_v28_dual_lane_sidecar_safety_watch.py
2026-05-08 09:27:14 -04:00 | probe_ok | probe_v28_dual_lane_live_market_update.py | elapsed_s=0.08
2026-05-08 09:27:14 -04:00 | probe_ok | probe_v28_dual_lane_readiness_checklist.py | elapsed_s=0.08
2026-05-08 09:27:14 -04:00 | probe_ok | probe_v28_dual_lane_snapshot_ledger.py | elapsed_s=0.1
2026-05-08 09:27:14 -04:00 | cycle_done | cycle=687
2026-05-08 09:28:14 -04:00 | cycle_start | cycle=688
2026-05-08 09:29:14 -04:00 | probe_timeout | probe_v28_dual_lane_sidecar_safety_watch.py
2026-05-08 09:29:14 -04:00 | probe_ok | probe_v28_dual_lane_live_market_update.py | elapsed_s=0.11
2026-05-08 09:29:14 -04:00 | probe_ok | probe_v28_dual_lane_readiness_checklist.py | elapsed_s=0.09
2026-05-08 09:29:14 -04:00 | probe_ok | probe_v28_dual_lane_snapshot_ledger.py | elapsed_s=0.1
2026-05-08 09:29:14 -04:00 | cycle_done | cycle=688
2026-05-08 09:30:14 -04:00 | cycle_start | cycle=689
2026-05-08 09:31:14 -04:00 | probe_timeout | probe_v28_dual_lane_sidecar_safety_watch.py
2026-05-08 09:31:14 -04:00 | probe_ok | probe_v28_dual_lane_live_market_update.py | elapsed_s=0.09
2026-05-08 09:31:15 -04:00 | probe_ok | probe_v28_dual_lane_readiness_checklist.py | elapsed_s=0.07
2026-05-08 09:31:15 -04:00 | probe_ok | probe_v28_dual_lane_snapshot_ledger.py | elapsed_s=0.09
2026-05-08 09:31:15 -04:00 | cycle_done | cycle=689
2026-05-08 09:32:15 -04:00 | cycle_start | cycle=690
2026-05-08 09:33:15 -04:00 | probe_timeout | probe_v28_dual_lane_sidecar_safety_watch.py
2026-05-08 09:33:15 -04:00 | probe_ok | probe_v28_dual_lane_live_market_update.py | elapsed_s=0.08
2026-05-08 09:33:15 -04:00 | probe_ok | probe_v28_dual_lane_readiness_checklist.py | elapsed_s=0.08
2026-05-08 09:33:15 -04:00 | probe_ok | probe_v28_dual_lane_snapshot_ledger.py | elapsed_s=0.1
2026-05-08 09:33:15 -04:00 | cycle_done | cycle=690
2026-05-08 09:34:15 -04:00 | cycle_start | cycle=691
2026-05-08 09:35:15 -04:00 | probe_timeout | probe_v28_dual_lane_sidecar_safety_watch.py
2026-05-08 09:35:15 -04:00 | probe_ok | probe_v28_dual_lane_live_market_update.py | elapsed_s=0.11
2026-05-08 09:35:15 -04:00 | probe_ok | probe_v28_dual_lane_readiness_checklist.py | elapsed_s=0.08
2026-05-08 09:35:15 -04:00 | probe_ok | probe_v28_dual_lane_snapshot_ledger.py | elapsed_s=0.1
2026-05-08 09:35:15 -04:00 | cycle_done | cycle=691
2026-05-08 09:36:15 -04:00 | cycle_start | cycle=692
2026-05-08 09:37:15 -04:00 | probe_timeout | probe_v28_dual_lane_sidecar_safety_watch.py
2026-05-08 09:37:15 -04:00 | probe_ok | probe_v28_dual_lane_live_market_update.py | elapsed_s=0.07
2026-05-08 09:37:15 -04:00 | probe_ok | probe_v28_dual_lane_readiness_checklist.py | elapsed_s=0.07
2026-05-08 09:37:15 -04:00 | probe_ok | probe_v28_dual_lane_snapshot_ledger.py | elapsed_s=0.08
2026-05-08 09:37:15 -04:00 | cycle_done | cycle=692
2026-05-08 09:38:15 -04:00 | cycle_start | cycle=693
2026-05-08 09:39:16 -04:00 | probe_timeout | probe_v28_dual_lane_sidecar_safety_watch.py
2026-05-08 09:39:16 -04:00 | probe_ok | probe_v28_dual_lane_live_market_update.py | elapsed_s=0.1
2026-05-08 09:39:16 -04:00 | probe_ok | probe_v28_dual_lane_readiness_checklist.py | elapsed_s=0.09
2026-05-08 09:39:16 -04:00 | probe_ok | probe_v28_dual_lane_snapshot_ledger.py | elapsed_s=0.11
2026-05-08 09:39:16 -04:00 | cycle_done | cycle=693
2026-05-08 09:40:16 -04:00 | cycle_start | cycle=694
2026-05-08 09:41:16 -04:00 | probe_timeout | probe_v28_dual_lane_sidecar_safety_watch.py
2026-05-08 09:41:16 -04:00 | probe_ok | probe_v28_dual_lane_live_market_update.py | elapsed_s=0.09
2026-05-08 09:41:16 -04:00 | probe_ok | probe_v28_dual_lane_readiness_checklist.py | elapsed_s=0.07
2026-05-08 09:41:16 -04:00 | probe_ok | probe_v28_dual_lane_snapshot_ledger.py | elapsed_s=0.08
2026-05-08 09:41:16 -04:00 | cycle_done | cycle=694
2026-05-08 09:42:16 -04:00 | cycle_start | cycle=695
2026-05-08 09:43:16 -04:00 | probe_timeout | probe_v28_dual_lane_sidecar_safety_watch.py
2026-05-08 09:43:16 -04:00 | probe_ok | probe_v28_dual_lane_live_market_update.py | elapsed_s=0.09
2026-05-08 09:43:16 -04:00 | probe_ok | probe_v28_dual_lane_readiness_checklist.py | elapsed_s=0.07
2026-05-08 09:43:16 -04:00 | probe_ok | probe_v28_dual_lane_snapshot_ledger.py | elapsed_s=0.08
2026-05-08 09:43:16 -04:00 | cycle_done | cycle=695
2026-05-08 09:44:16 -04:00 | cycle_start | cycle=696
2026-05-08 09:45:16 -04:00 | probe_timeout | probe_v28_dual_lane_sidecar_safety_watch.py
2026-05-08 09:45:16 -04:00 | probe_ok | probe_v28_dual_lane_live_market_update.py | elapsed_s=0.07
2026-05-08 09:45:17 -04:00 | probe_ok | probe_v28_dual_lane_readiness_checklist.py | elapsed_s=0.08
2026-05-08 09:45:17 -04:00 | probe_ok | probe_v28_dual_lane_snapshot_ledger.py | elapsed_s=0.09
2026-05-08 09:45:17 -04:00 | cycle_done | cycle=696
2026-05-08 09:46:17 -04:00 | cycle_start | cycle=697
2026-05-08 09:47:17 -04:00 | probe_timeout | probe_v28_dual_lane_sidecar_safety_watch.py
2026-05-08 09:47:17 -04:00 | probe_ok | probe_v28_dual_lane_live_market_update.py | elapsed_s=0.12
2026-05-08 09:47:17 -04:00 | probe_ok | probe_v28_dual_lane_readiness_checklist.py | elapsed_s=0.09
2026-05-08 09:47:17 -04:00 | probe_ok | probe_v28_dual_lane_snapshot_ledger.py | elapsed_s=0.11
2026-05-08 09:47:17 -04:00 | cycle_done | cycle=697
2026-05-08 09:48:17 -04:00 | cycle_start | cycle=698
2026-05-08 09:49:17 -04:00 | probe_timeout | probe_v28_dual_lane_sidecar_safety_watch.py
2026-05-08 09:49:17 -04:00 | probe_ok | probe_v28_dual_lane_live_market_update.py | elapsed_s=0.06
2026-05-08 09:49:17 -04:00 | probe_ok | probe_v28_dual_lane_readiness_checklist.py | elapsed_s=0.07
2026-05-08 09:49:17 -04:00 | probe_ok | probe_v28_dual_lane_snapshot_ledger.py | elapsed_s=0.09
2026-05-08 09:49:17 -04:00 | cycle_done | cycle=698
2026-05-08 09:50:17 -04:00 | cycle_start | cycle=699
2026-05-08 09:51:17 -04:00 | probe_timeout | probe_v28_dual_lane_sidecar_safety_watch.py
2026-05-08 09:51:17 -04:00 | probe_ok | probe_v28_dual_lane_live_market_update.py | elapsed_s=0.1
2026-05-08 09:51:17 -04:00 | probe_ok | probe_v28_dual_lane_readiness_checklist.py | elapsed_s=0.08
2026-05-08 09:51:18 -04:00 | probe_ok | probe_v28_dual_lane_snapshot_ledger.py | elapsed_s=0.1
2026-05-08 09:51:18 -04:00 | cycle_done | cycle=699
2026-05-08 09:52:18 -04:00 | cycle_start | cycle=700
2026-05-08 09:53:18 -04:00 | probe_timeout | probe_v28_dual_lane_sidecar_safety_watch.py
2026-05-08 09:53:18 -04:00 | probe_ok | probe_v28_dual_lane_live_market_update.py | elapsed_s=0.21
2026-05-08 09:53:18 -04:00 | probe_ok | probe_v28_dual_lane_readiness_checklist.py | elapsed_s=0.14
2026-05-08 09:53:18 -04:00 | probe_ok | probe_v28_dual_lane_snapshot_ledger.py | elapsed_s=0.15
2026-05-08 09:53:18 -04:00 | cycle_done | cycle=700
2026-05-08 09:54:18 -04:00 | cycle_start | cycle=701
2026-05-08 09:55:18 -04:00 | probe_timeout | probe_v28_dual_lane_sidecar_safety_watch.py
2026-05-08 09:55:18 -04:00 | probe_ok | probe_v28_dual_lane_live_market_update.py | elapsed_s=0.18
2026-05-08 09:55:18 -04:00 | probe_ok | probe_v28_dual_lane_readiness_checklist.py | elapsed_s=0.15
2026-05-08 09:55:19 -04:00 | probe_ok | probe_v28_dual_lane_snapshot_ledger.py | elapsed_s=0.17
2026-05-08 09:55:19 -04:00 | cycle_done | cycle=701
2026-05-08 09:56:19 -04:00 | cycle_start | cycle=702
2026-05-08 09:57:19 -04:00 | probe_timeout | probe_v28_dual_lane_sidecar_safety_watch.py
2026-05-08 09:57:19 -04:00 | probe_ok | probe_v28_dual_lane_live_market_update.py | elapsed_s=0.14
2026-05-08 09:57:19 -04:00 | probe_ok | probe_v28_dual_lane_readiness_checklist.py | elapsed_s=0.14
2026-05-08 09:57:19 -04:00 | probe_ok | probe_v28_dual_lane_snapshot_ledger.py | elapsed_s=0.15
2026-05-08 09:57:19 -04:00 | cycle_done | cycle=702
2026-05-08 09:58:19 -04:00 | cycle_start | cycle=703
2026-05-08 09:59:19 -04:00 | probe_timeout | probe_v28_dual_lane_sidecar_safety_watch.py
2026-05-08 09:59:19 -04:00 | probe_ok | probe_v28_dual_lane_live_market_update.py | elapsed_s=0.18
2026-05-08 09:59:19 -04:00 | probe_ok | probe_v28_dual_lane_readiness_checklist.py | elapsed_s=0.14
2026-05-08 09:59:20 -04:00 | probe_ok | probe_v28_dual_lane_snapshot_ledger.py | elapsed_s=0.15
2026-05-08 09:59:20 -04:00 | cycle_done | cycle=703
2026-05-08 10:00:20 -04:00 | cycle_start | cycle=704
2026-05-08 10:01:20 -04:00 | probe_timeout | probe_v28_dual_lane_sidecar_safety_watch.py
2026-05-08 10:01:20 -04:00 | probe_ok | probe_v28_dual_lane_live_market_update.py | elapsed_s=0.14
2026-05-08 10:01:20 -04:00 | probe_ok | probe_v28_dual_lane_readiness_checklist.py | elapsed_s=0.15
2026-05-08 10:01:20 -04:00 | probe_ok | probe_v28_dual_lane_snapshot_ledger.py | elapsed_s=0.18
2026-05-08 10:01:20 -04:00 | cycle_done | cycle=704
2026-05-08 10:02:20 -04:00 | cycle_start | cycle=705
2026-05-08 10:03:20 -04:00 | probe_timeout | probe_v28_dual_lane_sidecar_safety_watch.py
2026-05-08 10:03:20 -04:00 | probe_ok | probe_v28_dual_lane_live_market_update.py | elapsed_s=0.17
2026-05-08 10:03:20 -04:00 | probe_ok | probe_v28_dual_lane_readiness_checklist.py | elapsed_s=0.14
2026-05-08 10:03:21 -04:00 | probe_ok | probe_v28_dual_lane_snapshot_ledger.py | elapsed_s=0.17
2026-05-08 10:03:21 -04:00 | cycle_done | cycle=705
2026-05-08 10:04:21 -04:00 | cycle_start | cycle=706
2026-05-08 10:05:21 -04:00 | probe_timeout | probe_v28_dual_lane_sidecar_safety_watch.py
2026-05-08 10:05:21 -04:00 | probe_ok | probe_v28_dual_lane_live_market_update.py | elapsed_s=0.17
2026-05-08 10:05:21 -04:00 | probe_ok | probe_v28_dual_lane_readiness_checklist.py | elapsed_s=0.14
2026-05-08 10:05:21 -04:00 | probe_ok | probe_v28_dual_lane_snapshot_ledger.py | elapsed_s=0.15
2026-05-08 10:05:21 -04:00 | cycle_done | cycle=706
2026-05-08 10:06:21 -04:00 | cycle_start | cycle=707
2026-05-08 10:07:21 -04:00 | probe_timeout | probe_v28_dual_lane_sidecar_safety_watch.py
2026-05-08 10:07:21 -04:00 | probe_ok | probe_v28_dual_lane_live_market_update.py | elapsed_s=0.13
2026-05-08 10:07:21 -04:00 | probe_ok | probe_v28_dual_lane_readiness_checklist.py | elapsed_s=0.14
2026-05-08 10:07:22 -04:00 | probe_ok | probe_v28_dual_lane_snapshot_ledger.py | elapsed_s=0.16
2026-05-08 10:07:22 -04:00 | cycle_done | cycle=707
2026-05-08 10:08:22 -04:00 | cycle_start | cycle=708
2026-05-08 10:09:22 -04:00 | probe_timeout | probe_v28_dual_lane_sidecar_safety_watch.py
2026-05-08 10:09:22 -04:00 | probe_ok | probe_v28_dual_lane_live_market_update.py | elapsed_s=0.16
2026-05-08 10:09:22 -04:00 | probe_ok | probe_v28_dual_lane_readiness_checklist.py | elapsed_s=0.16
2026-05-08 10:09:22 -04:00 | probe_ok | probe_v28_dual_lane_snapshot_ledger.py | elapsed_s=0.18
2026-05-08 10:09:22 -04:00 | cycle_done | cycle=708
2026-05-08 10:10:22 -04:00 | cycle_start | cycle=709
2026-05-08 10:11:22 -04:00 | probe_timeout | probe_v28_dual_lane_sidecar_safety_watch.py
2026-05-08 10:11:23 -04:00 | probe_ok | probe_v28_dual_lane_live_market_update.py | elapsed_s=0.3
2026-05-08 10:11:23 -04:00 | probe_ok | probe_v28_dual_lane_readiness_checklist.py | elapsed_s=0.21
2026-05-08 10:11:23 -04:00 | probe_ok | probe_v28_dual_lane_snapshot_ledger.py | elapsed_s=0.26
2026-05-08 10:11:23 -04:00 | cycle_done | cycle=709
2026-05-08 10:12:23 -04:00 | cycle_start | cycle=710
2026-05-08 10:13:23 -04:00 | probe_timeout | probe_v28_dual_lane_sidecar_safety_watch.py
2026-05-08 10:13:23 -04:00 | probe_ok | probe_v28_dual_lane_live_market_update.py | elapsed_s=0.21
2026-05-08 10:13:23 -04:00 | probe_ok | probe_v28_dual_lane_readiness_checklist.py | elapsed_s=0.19
2026-05-08 10:13:24 -04:00 | probe_ok | probe_v28_dual_lane_snapshot_ledger.py | elapsed_s=0.2
2026-05-08 10:13:24 -04:00 | cycle_done | cycle=710
2026-05-08 10:14:24 -04:00 | cycle_start | cycle=711
2026-05-08 10:15:24 -04:00 | probe_timeout | probe_v28_dual_lane_sidecar_safety_watch.py
2026-05-08 10:15:24 -04:00 | probe_ok | probe_v28_dual_lane_live_market_update.py | elapsed_s=0.24
2026-05-08 10:15:24 -04:00 | probe_ok | probe_v28_dual_lane_readiness_checklist.py | elapsed_s=0.2
2026-05-08 10:15:24 -04:00 | probe_ok | probe_v28_dual_lane_snapshot_ledger.py | elapsed_s=0.24
2026-05-08 10:15:24 -04:00 | cycle_done | cycle=711
2026-05-08 10:16:24 -04:00 | cycle_start | cycle=712
2026-05-08 10:17:24 -04:00 | probe_timeout | probe_v28_dual_lane_sidecar_safety_watch.py
2026-05-08 10:17:25 -04:00 | probe_ok | probe_v28_dual_lane_live_market_update.py | elapsed_s=0.17
2026-05-08 10:17:25 -04:00 | probe_ok | probe_v28_dual_lane_readiness_checklist.py | elapsed_s=0.15
2026-05-08 10:17:25 -04:00 | probe_ok | probe_v28_dual_lane_snapshot_ledger.py | elapsed_s=0.17
2026-05-08 10:17:25 -04:00 | cycle_done | cycle=712
2026-05-08 10:18:25 -04:00 | cycle_start | cycle=713
2026-05-08 10:19:25 -04:00 | probe_timeout | probe_v28_dual_lane_sidecar_safety_watch.py
2026-05-08 10:19:25 -04:00 | probe_ok | probe_v28_dual_lane_live_market_update.py | elapsed_s=0.15
2026-05-08 10:19:25 -04:00 | probe_ok | probe_v28_dual_lane_readiness_checklist.py | elapsed_s=0.15
2026-05-08 10:19:25 -04:00 | probe_ok | probe_v28_dual_lane_snapshot_ledger.py | elapsed_s=0.18
2026-05-08 10:19:25 -04:00 | cycle_done | cycle=713
2026-05-08 10:20:25 -04:00 | cycle_start | cycle=714
2026-05-08 10:21:25 -04:00 | probe_timeout | probe_v28_dual_lane_sidecar_safety_watch.py
2026-05-08 10:21:26 -04:00 | probe_ok | probe_v28_dual_lane_live_market_update.py | elapsed_s=0.16
2026-05-08 10:21:26 -04:00 | probe_ok | probe_v28_dual_lane_readiness_checklist.py | elapsed_s=0.14
2026-05-08 10:21:26 -04:00 | probe_ok | probe_v28_dual_lane_snapshot_ledger.py | elapsed_s=0.15
2026-05-08 10:21:26 -04:00 | cycle_done | cycle=714
2026-05-08 10:22:26 -04:00 | cycle_start | cycle=715
2026-05-08 10:23:26 -04:00 | probe_timeout | probe_v28_dual_lane_sidecar_safety_watch.py
2026-05-08 10:23:26 -04:00 | probe_ok | probe_v28_dual_lane_live_market_update.py | elapsed_s=0.17
2026-05-08 10:23:26 -04:00 | probe_ok | probe_v28_dual_lane_readiness_checklist.py | elapsed_s=0.14
2026-05-08 10:23:26 -04:00 | probe_ok | probe_v28_dual_lane_snapshot_ledger.py | elapsed_s=0.17
2026-05-08 10:23:26 -04:00 | cycle_done | cycle=715
2026-05-08 10:24:26 -04:00 | cycle_start | cycle=716
2026-05-08 10:25:26 -04:00 | probe_timeout | probe_v28_dual_lane_sidecar_safety_watch.py
2026-05-08 10:25:27 -04:00 | probe_ok | probe_v28_dual_lane_live_market_update.py | elapsed_s=0.16
2026-05-08 10:25:27 -04:00 | probe_ok | probe_v28_dual_lane_readiness_checklist.py | elapsed_s=0.13
2026-05-08 10:25:27 -04:00 | probe_ok | probe_v28_dual_lane_snapshot_ledger.py | elapsed_s=0.15
2026-05-08 10:25:27 -04:00 | cycle_done | cycle=716
2026-05-08 10:26:27 -04:00 | cycle_start | cycle=717
2026-05-08 10:27:27 -04:00 | probe_timeout | probe_v28_dual_lane_sidecar_safety_watch.py
2026-05-08 10:27:27 -04:00 | probe_ok | probe_v28_dual_lane_live_market_update.py | elapsed_s=0.16
2026-05-08 10:27:27 -04:00 | probe_ok | probe_v28_dual_lane_readiness_checklist.py | elapsed_s=0.16
2026-05-08 10:27:27 -04:00 | probe_ok | probe_v28_dual_lane_snapshot_ledger.py | elapsed_s=0.2
2026-05-08 10:27:27 -04:00 | cycle_done | cycle=717
2026-05-08 10:28:28 -04:00 | cycle_start | cycle=718
2026-05-08 10:29:28 -04:00 | probe_timeout | probe_v28_dual_lane_sidecar_safety_watch.py
2026-05-08 10:29:28 -04:00 | probe_ok | probe_v28_dual_lane_live_market_update.py | elapsed_s=0.17
2026-05-08 10:29:28 -04:00 | probe_ok | probe_v28_dual_lane_readiness_checklist.py | elapsed_s=0.13
2026-05-08 10:29:28 -04:00 | probe_ok | probe_v28_dual_lane_snapshot_ledger.py | elapsed_s=0.15
2026-05-08 10:29:28 -04:00 | cycle_done | cycle=718
2026-05-08 10:30:28 -04:00 | cycle_start | cycle=719
2026-05-08 10:31:28 -04:00 | probe_timeout | probe_v28_dual_lane_sidecar_safety_watch.py
2026-05-08 10:31:28 -04:00 | probe_ok | probe_v28_dual_lane_live_market_update.py | elapsed_s=0.17
2026-05-08 10:31:28 -04:00 | probe_ok | probe_v28_dual_lane_readiness_checklist.py | elapsed_s=0.13
2026-05-08 10:31:29 -04:00 | probe_ok | probe_v28_dual_lane_snapshot_ledger.py | elapsed_s=0.16
2026-05-08 10:31:29 -04:00 | cycle_done | cycle=719
2026-05-08 10:32:29 -04:00 | cycle_start | cycle=720
2026-05-08 10:33:29 -04:00 | probe_timeout | probe_v28_dual_lane_sidecar_safety_watch.py
2026-05-08 10:33:29 -04:00 | probe_ok | probe_v28_dual_lane_live_market_update.py | elapsed_s=0.18
2026-05-08 10:33:29 -04:00 | probe_ok | probe_v28_dual_lane_readiness_checklist.py | elapsed_s=0.15
2026-05-08 10:33:29 -04:00 | probe_ok | probe_v28_dual_lane_snapshot_ledger.py | elapsed_s=0.17
2026-05-08 10:33:29 -04:00 | cycle_done | cycle=720
2026-05-08 10:34:29 -04:00 | cycle_start | cycle=721
2026-05-08 10:35:29 -04:00 | probe_timeout | probe_v28_dual_lane_sidecar_safety_watch.py
2026-05-08 10:35:29 -04:00 | probe_ok | probe_v28_dual_lane_live_market_update.py | elapsed_s=0.14
2026-05-08 10:35:29 -04:00 | probe_ok | probe_v28_dual_lane_readiness_checklist.py | elapsed_s=0.15
2026-05-08 10:35:30 -04:00 | probe_ok | probe_v28_dual_lane_snapshot_ledger.py | elapsed_s=0.17
2026-05-08 10:35:30 -04:00 | cycle_done | cycle=721
2026-05-08 10:36:30 -04:00 | cycle_start | cycle=722
2026-05-08 10:37:30 -04:00 | probe_timeout | probe_v28_dual_lane_sidecar_safety_watch.py
2026-05-08 10:37:30 -04:00 | probe_ok | probe_v28_dual_lane_live_market_update.py | elapsed_s=0.15
2026-05-08 10:37:30 -04:00 | probe_ok | probe_v28_dual_lane_readiness_checklist.py | elapsed_s=0.16
2026-05-08 10:37:30 -04:00 | probe_ok | probe_v28_dual_lane_snapshot_ledger.py | elapsed_s=0.18
2026-05-08 10:37:30 -04:00 | cycle_done | cycle=722
2026-05-08 10:38:30 -04:00 | cycle_start | cycle=723
2026-05-08 10:39:30 -04:00 | probe_timeout | probe_v28_dual_lane_sidecar_safety_watch.py
2026-05-08 10:39:30 -04:00 | probe_ok | probe_v28_dual_lane_live_market_update.py | elapsed_s=0.22
2026-05-08 10:39:31 -04:00 | probe_ok | probe_v28_dual_lane_readiness_checklist.py | elapsed_s=0.2
2026-05-08 10:39:31 -04:00 | probe_ok | probe_v28_dual_lane_snapshot_ledger.py | elapsed_s=0.23
2026-05-08 10:39:31 -04:00 | cycle_done | cycle=723
2026-05-08 10:40:31 -04:00 | cycle_start | cycle=724
2026-05-08 10:41:31 -04:00 | probe_timeout | probe_v28_dual_lane_sidecar_safety_watch.py
2026-05-08 10:41:31 -04:00 | probe_ok | probe_v28_dual_lane_live_market_update.py | elapsed_s=0.24
2026-05-08 10:41:31 -04:00 | probe_ok | probe_v28_dual_lane_readiness_checklist.py | elapsed_s=0.18
2026-05-08 10:41:31 -04:00 | probe_ok | probe_v28_dual_lane_snapshot_ledger.py | elapsed_s=0.19
2026-05-08 10:41:31 -04:00 | cycle_done | cycle=724
2026-05-08 10:42:31 -04:00 | cycle_start | cycle=725
2026-05-08 10:43:32 -04:00 | probe_timeout | probe_v28_dual_lane_sidecar_safety_watch.py
2026-05-08 10:43:32 -04:00 | probe_ok | probe_v28_dual_lane_live_market_update.py | elapsed_s=0.24
2026-05-08 10:43:32 -04:00 | probe_ok | probe_v28_dual_lane_readiness_checklist.py | elapsed_s=0.2
2026-05-08 10:43:32 -04:00 | probe_ok | probe_v28_dual_lane_snapshot_ledger.py | elapsed_s=0.26
2026-05-08 10:43:32 -04:00 | cycle_done | cycle=725
2026-05-08 10:44:32 -04:00 | cycle_start | cycle=726
2026-05-08 10:45:32 -04:00 | probe_timeout | probe_v28_dual_lane_sidecar_safety_watch.py
2026-05-08 10:45:32 -04:00 | probe_ok | probe_v28_dual_lane_live_market_update.py | elapsed_s=0.21
2026-05-08 10:45:33 -04:00 | probe_ok | probe_v28_dual_lane_readiness_checklist.py | elapsed_s=0.18
2026-05-08 10:45:33 -04:00 | probe_ok | probe_v28_dual_lane_snapshot_ledger.py | elapsed_s=0.21
2026-05-08 10:45:33 -04:00 | cycle_done | cycle=726
2026-05-08 10:46:33 -04:00 | cycle_start | cycle=727
2026-05-08 10:47:33 -04:00 | probe_timeout | probe_v28_dual_lane_sidecar_safety_watch.py
2026-05-08 10:47:33 -04:00 | probe_ok | probe_v28_dual_lane_live_market_update.py | elapsed_s=0.22
2026-05-08 10:47:33 -04:00 | probe_ok | probe_v28_dual_lane_readiness_checklist.py | elapsed_s=0.21
2026-05-08 10:47:34 -04:00 | probe_ok | probe_v28_dual_lane_snapshot_ledger.py | elapsed_s=0.21
2026-05-08 10:47:34 -04:00 | cycle_done | cycle=727
2026-05-08 10:48:34 -04:00 | cycle_start | cycle=728
2026-05-08 10:49:34 -04:00 | probe_timeout | probe_v28_dual_lane_sidecar_safety_watch.py
2026-05-08 10:49:34 -04:00 | probe_ok | probe_v28_dual_lane_live_market_update.py | elapsed_s=0.19
2026-05-08 10:49:34 -04:00 | probe_ok | probe_v28_dual_lane_readiness_checklist.py | elapsed_s=0.18
2026-05-08 10:49:34 -04:00 | probe_ok | probe_v28_dual_lane_snapshot_ledger.py | elapsed_s=0.24
2026-05-08 10:49:34 -04:00 | cycle_done | cycle=728
2026-05-08 10:50:34 -04:00 | cycle_start | cycle=729
2026-05-08 10:51:34 -04:00 | probe_timeout | probe_v28_dual_lane_sidecar_safety_watch.py
2026-05-08 10:51:34 -04:00 | probe_ok | probe_v28_dual_lane_live_market_update.py | elapsed_s=0.15
2026-05-08 10:51:35 -04:00 | probe_ok | probe_v28_dual_lane_readiness_checklist.py | elapsed_s=0.17
2026-05-08 10:51:35 -04:00 | probe_ok | probe_v28_dual_lane_snapshot_ledger.py | elapsed_s=0.19
2026-05-08 10:51:35 -04:00 | cycle_done | cycle=729
2026-05-08 10:52:35 -04:00 | cycle_start | cycle=730
2026-05-08 10:53:35 -04:00 | probe_timeout | probe_v28_dual_lane_sidecar_safety_watch.py
2026-05-08 10:53:35 -04:00 | probe_ok | probe_v28_dual_lane_live_market_update.py | elapsed_s=0.18
2026-05-08 10:53:35 -04:00 | probe_ok | probe_v28_dual_lane_readiness_checklist.py | elapsed_s=0.18
2026-05-08 10:53:35 -04:00 | probe_ok | probe_v28_dual_lane_snapshot_ledger.py | elapsed_s=0.23
2026-05-08 10:53:35 -04:00 | cycle_done | cycle=730
2026-05-08 10:54:35 -04:00 | cycle_start | cycle=731
2026-05-08 10:55:35 -04:00 | probe_timeout | probe_v28_dual_lane_sidecar_safety_watch.py
2026-05-08 10:55:36 -04:00 | probe_ok | probe_v28_dual_lane_live_market_update.py | elapsed_s=0.18
2026-05-08 10:55:36 -04:00 | probe_ok | probe_v28_dual_lane_readiness_checklist.py | elapsed_s=0.17
2026-05-08 10:55:36 -04:00 | probe_ok | probe_v28_dual_lane_snapshot_ledger.py | elapsed_s=0.22
2026-05-08 10:55:36 -04:00 | cycle_done | cycle=731
2026-05-08 10:56:36 -04:00 | cycle_start | cycle=732
2026-05-08 10:57:36 -04:00 | probe_timeout | probe_v28_dual_lane_sidecar_safety_watch.py
2026-05-08 10:57:36 -04:00 | probe_ok | probe_v28_dual_lane_live_market_update.py | elapsed_s=0.2
2026-05-08 10:57:36 -04:00 | probe_ok | probe_v28_dual_lane_readiness_checklist.py | elapsed_s=0.19
2026-05-08 10:57:37 -04:00 | probe_ok | probe_v28_dual_lane_snapshot_ledger.py | elapsed_s=0.23
2026-05-08 10:57:37 -04:00 | cycle_done | cycle=732
2026-05-08 10:58:37 -04:00 | cycle_start | cycle=733
2026-05-08 10:59:37 -04:00 | probe_timeout | probe_v28_dual_lane_sidecar_safety_watch.py
2026-05-08 10:59:37 -04:00 | probe_ok | probe_v28_dual_lane_live_market_update.py | elapsed_s=0.13
2026-05-08 10:59:37 -04:00 | probe_ok | probe_v28_dual_lane_readiness_checklist.py | elapsed_s=0.15
2026-05-08 10:59:37 -04:00 | probe_ok | probe_v28_dual_lane_snapshot_ledger.py | elapsed_s=0.16
2026-05-08 10:59:37 -04:00 | cycle_done | cycle=733
2026-05-08 11:00:37 -04:00 | cycle_start | cycle=734
2026-05-08 11:01:37 -04:00 | probe_timeout | probe_v28_dual_lane_sidecar_safety_watch.py
2026-05-08 11:01:37 -04:00 | probe_ok | probe_v28_dual_lane_live_market_update.py | elapsed_s=0.14
2026-05-08 11:01:37 -04:00 | probe_ok | probe_v28_dual_lane_readiness_checklist.py | elapsed_s=0.15
2026-05-08 11:01:38 -04:00 | probe_ok | probe_v28_dual_lane_snapshot_ledger.py | elapsed_s=0.17
2026-05-08 11:01:38 -04:00 | cycle_done | cycle=734
2026-05-08 11:02:38 -04:00 | cycle_start | cycle=735
2026-05-08 11:03:38 -04:00 | probe_timeout | probe_v28_dual_lane_sidecar_safety_watch.py
2026-05-08 11:03:38 -04:00 | probe_ok | probe_v28_dual_lane_live_market_update.py | elapsed_s=0.13
2026-05-08 11:03:38 -04:00 | probe_ok | probe_v28_dual_lane_readiness_checklist.py | elapsed_s=0.14
2026-05-08 11:03:38 -04:00 | probe_ok | probe_v28_dual_lane_snapshot_ledger.py | elapsed_s=0.2
2026-05-08 11:03:38 -04:00 | cycle_done | cycle=735
2026-05-08 11:04:38 -04:00 | cycle_start | cycle=736
2026-05-08 11:05:38 -04:00 | probe_timeout | probe_v28_dual_lane_sidecar_safety_watch.py
2026-05-08 11:05:38 -04:00 | probe_ok | probe_v28_dual_lane_live_market_update.py | elapsed_s=0.23
2026-05-08 11:05:39 -04:00 | probe_ok | probe_v28_dual_lane_readiness_checklist.py | elapsed_s=0.21
2026-05-08 11:05:39 -04:00 | probe_ok | probe_v28_dual_lane_snapshot_ledger.py | elapsed_s=0.27
2026-05-08 11:05:39 -04:00 | cycle_done | cycle=736
2026-05-08 11:06:39 -04:00 | cycle_start | cycle=737
2026-05-08 11:07:39 -04:00 | probe_timeout | probe_v28_dual_lane_sidecar_safety_watch.py
2026-05-08 11:07:39 -04:00 | probe_ok | probe_v28_dual_lane_live_market_update.py | elapsed_s=0.12
2026-05-08 11:07:39 -04:00 | probe_ok | probe_v28_dual_lane_readiness_checklist.py | elapsed_s=0.15
2026-05-08 11:07:39 -04:00 | probe_ok | probe_v28_dual_lane_snapshot_ledger.py | elapsed_s=0.17
2026-05-08 11:07:39 -04:00 | cycle_done | cycle=737
2026-05-08 11:08:39 -04:00 | cycle_start | cycle=738
2026-05-08 11:09:39 -04:00 | probe_timeout | probe_v28_dual_lane_sidecar_safety_watch.py
2026-05-08 11:09:40 -04:00 | probe_ok | probe_v28_dual_lane_live_market_update.py | elapsed_s=0.15
2026-05-08 11:09:40 -04:00 | probe_ok | probe_v28_dual_lane_readiness_checklist.py | elapsed_s=0.13
2026-05-08 11:09:40 -04:00 | probe_ok | probe_v28_dual_lane_snapshot_ledger.py | elapsed_s=0.14
2026-05-08 11:09:40 -04:00 | cycle_done | cycle=738
2026-05-08 11:10:40 -04:00 | cycle_start | cycle=739
2026-05-08 11:11:40 -04:00 | probe_timeout | probe_v28_dual_lane_sidecar_safety_watch.py
2026-05-08 11:11:40 -04:00 | probe_ok | probe_v28_dual_lane_live_market_update.py | elapsed_s=0.16
2026-05-08 11:11:40 -04:00 | probe_ok | probe_v28_dual_lane_readiness_checklist.py | elapsed_s=0.13
2026-05-08 11:11:40 -04:00 | probe_ok | probe_v28_dual_lane_snapshot_ledger.py | elapsed_s=0.16
2026-05-08 11:11:40 -04:00 | cycle_done | cycle=739
2026-05-08 11:12:40 -04:00 | cycle_start | cycle=740
2026-05-08 11:13:40 -04:00 | probe_timeout | probe_v28_dual_lane_sidecar_safety_watch.py
2026-05-08 11:13:41 -04:00 | probe_ok | probe_v28_dual_lane_live_market_update.py | elapsed_s=0.13
2026-05-08 11:13:41 -04:00 | probe_ok | probe_v28_dual_lane_readiness_checklist.py | elapsed_s=0.13
2026-05-08 11:13:41 -04:00 | probe_ok | probe_v28_dual_lane_snapshot_ledger.py | elapsed_s=0.15
2026-05-08 11:13:41 -04:00 | cycle_done | cycle=740
2026-05-08 11:14:41 -04:00 | cycle_start | cycle=741
2026-05-08 11:15:41 -04:00 | probe_timeout | probe_v28_dual_lane_sidecar_safety_watch.py
2026-05-08 11:15:41 -04:00 | probe_ok | probe_v28_dual_lane_live_market_update.py | elapsed_s=0.16
2026-05-08 11:15:41 -04:00 | probe_ok | probe_v28_dual_lane_readiness_checklist.py | elapsed_s=0.13
2026-05-08 11:15:41 -04:00 | probe_ok | probe_v28_dual_lane_snapshot_ledger.py | elapsed_s=0.15
2026-05-08 11:15:41 -04:00 | cycle_done | cycle=741
2026-05-08 11:16:41 -04:00 | cycle_start | cycle=742
2026-05-08 11:17:41 -04:00 | probe_timeout | probe_v28_dual_lane_sidecar_safety_watch.py
2026-05-08 11:17:41 -04:00 | probe_ok | probe_v28_dual_lane_live_market_update.py | elapsed_s=0.16
2026-05-08 11:17:42 -04:00 | probe_ok | probe_v28_dual_lane_readiness_checklist.py | elapsed_s=0.13
2026-05-08 11:17:42 -04:00 | probe_ok | probe_v28_dual_lane_snapshot_ledger.py | elapsed_s=0.18
2026-05-08 11:17:42 -04:00 | cycle_done | cycle=742
2026-05-08 11:18:42 -04:00 | cycle_start | cycle=743
2026-05-08 11:19:42 -04:00 | probe_timeout | probe_v28_dual_lane_sidecar_safety_watch.py
2026-05-08 11:19:42 -04:00 | probe_ok | probe_v28_dual_lane_live_market_update.py | elapsed_s=0.15
2026-05-08 11:19:42 -04:00 | probe_ok | probe_v28_dual_lane_readiness_checklist.py | elapsed_s=0.14
2026-05-08 11:19:42 -04:00 | probe_ok | probe_v28_dual_lane_snapshot_ledger.py | elapsed_s=0.16
2026-05-08 11:19:42 -04:00 | cycle_done | cycle=743
2026-05-08 11:20:42 -04:00 | cycle_start | cycle=744
2026-05-08 11:21:42 -04:00 | probe_timeout | probe_v28_dual_lane_sidecar_safety_watch.py
2026-05-08 11:21:43 -04:00 | probe_ok | probe_v28_dual_lane_live_market_update.py | elapsed_s=0.16
2026-05-08 11:21:43 -04:00 | probe_ok | probe_v28_dual_lane_readiness_checklist.py | elapsed_s=0.14
2026-05-08 11:21:43 -04:00 | probe_ok | probe_v28_dual_lane_snapshot_ledger.py | elapsed_s=0.15
2026-05-08 11:21:43 -04:00 | cycle_done | cycle=744
2026-05-08 11:22:43 -04:00 | cycle_start | cycle=745
2026-05-08 11:23:43 -04:00 | probe_timeout | probe_v28_dual_lane_sidecar_safety_watch.py
2026-05-08 11:23:43 -04:00 | probe_ok | probe_v28_dual_lane_live_market_update.py | elapsed_s=0.12
2026-05-08 11:23:43 -04:00 | probe_ok | probe_v28_dual_lane_readiness_checklist.py | elapsed_s=0.13
2026-05-08 11:23:43 -04:00 | probe_ok | probe_v28_dual_lane_snapshot_ledger.py | elapsed_s=0.16
2026-05-08 11:23:43 -04:00 | cycle_done | cycle=745
2026-05-08 11:24:43 -04:00 | cycle_start | cycle=746
2026-05-08 11:25:43 -04:00 | probe_timeout | probe_v28_dual_lane_sidecar_safety_watch.py
2026-05-08 11:25:43 -04:00 | probe_ok | probe_v28_dual_lane_live_market_update.py | elapsed_s=0.12
2026-05-08 11:25:44 -04:00 | probe_ok | probe_v28_dual_lane_readiness_checklist.py | elapsed_s=0.14
2026-05-08 11:25:44 -04:00 | probe_ok | probe_v28_dual_lane_snapshot_ledger.py | elapsed_s=0.17
2026-05-08 11:25:44 -04:00 | cycle_done | cycle=746
2026-05-08 11:26:44 -04:00 | cycle_start | cycle=747
2026-05-08 11:27:44 -04:00 | probe_timeout | probe_v28_dual_lane_sidecar_safety_watch.py
2026-05-08 11:27:44 -04:00 | probe_ok | probe_v28_dual_lane_live_market_update.py | elapsed_s=0.15
2026-05-08 11:27:44 -04:00 | probe_ok | probe_v28_dual_lane_readiness_checklist.py | elapsed_s=0.15
2026-05-08 11:27:44 -04:00 | probe_ok | probe_v28_dual_lane_snapshot_ledger.py | elapsed_s=0.16
2026-05-08 11:27:44 -04:00 | cycle_done | cycle=747
2026-05-08 11:28:44 -04:00 | cycle_start | cycle=748
2026-05-08 11:29:44 -04:00 | probe_timeout | probe_v28_dual_lane_sidecar_safety_watch.py
2026-05-08 11:29:44 -04:00 | probe_ok | probe_v28_dual_lane_live_market_update.py | elapsed_s=0.15
2026-05-08 11:29:45 -04:00 | probe_ok | probe_v28_dual_lane_readiness_checklist.py | elapsed_s=0.14
2026-05-08 11:29:45 -04:00 | probe_ok | probe_v28_dual_lane_snapshot_ledger.py | elapsed_s=0.16
2026-05-08 11:29:45 -04:00 | cycle_done | cycle=748
2026-05-08 11:30:45 -04:00 | cycle_start | cycle=749
2026-05-08 11:31:45 -04:00 | probe_timeout | probe_v28_dual_lane_sidecar_safety_watch.py
2026-05-08 11:31:45 -04:00 | probe_ok | probe_v28_dual_lane_live_market_update.py | elapsed_s=0.13
2026-05-08 11:31:45 -04:00 | probe_ok | probe_v28_dual_lane_readiness_checklist.py | elapsed_s=0.13
2026-05-08 11:31:45 -04:00 | probe_ok | probe_v28_dual_lane_snapshot_ledger.py | elapsed_s=0.15
2026-05-08 11:31:45 -04:00 | cycle_done | cycle=749
2026-05-08 11:32:45 -04:00 | cycle_start | cycle=750
2026-05-08 11:33:45 -04:00 | probe_timeout | probe_v28_dual_lane_sidecar_safety_watch.py
2026-05-08 11:33:45 -04:00 | probe_ok | probe_v28_dual_lane_live_market_update.py | elapsed_s=0.13
2026-05-08 11:33:46 -04:00 | probe_ok | probe_v28_dual_lane_readiness_checklist.py | elapsed_s=0.15
2026-05-08 11:33:46 -04:00 | probe_ok | probe_v28_dual_lane_snapshot_ledger.py | elapsed_s=0.17
2026-05-08 11:33:46 -04:00 | cycle_done | cycle=750
2026-05-08 11:34:46 -04:00 | cycle_start | cycle=751
2026-05-08 11:35:46 -04:00 | probe_timeout | probe_v28_dual_lane_sidecar_safety_watch.py
2026-05-08 11:35:46 -04:00 | probe_ok | probe_v28_dual_lane_live_market_update.py | elapsed_s=0.15
2026-05-08 11:35:46 -04:00 | probe_ok | probe_v28_dual_lane_readiness_checklist.py | elapsed_s=0.15
2026-05-08 11:35:46 -04:00 | probe_ok | probe_v28_dual_lane_snapshot_ledger.py | elapsed_s=0.17
2026-05-08 11:35:46 -04:00 | cycle_done | cycle=751
2026-05-08 11:36:46 -04:00 | cycle_start | cycle=752
2026-05-08 11:37:46 -04:00 | probe_timeout | probe_v28_dual_lane_sidecar_safety_watch.py
2026-05-08 11:37:46 -04:00 | probe_ok | probe_v28_dual_lane_live_market_update.py | elapsed_s=0.07
2026-05-08 11:37:46 -04:00 | probe_ok | probe_v28_dual_lane_readiness_checklist.py | elapsed_s=0.09
2026-05-08 11:37:46 -04:00 | probe_ok | probe_v28_dual_lane_snapshot_ledger.py | elapsed_s=0.1
2026-05-08 11:37:46 -04:00 | cycle_done | cycle=752
2026-05-08 11:38:46 -04:00 | cycle_start | cycle=753
2026-05-08 11:39:46 -04:00 | probe_timeout | probe_v28_dual_lane_sidecar_safety_watch.py
2026-05-08 11:39:47 -04:00 | probe_ok | probe_v28_dual_lane_live_market_update.py | elapsed_s=0.1
2026-05-08 11:39:47 -04:00 | probe_ok | probe_v28_dual_lane_readiness_checklist.py | elapsed_s=0.1
2026-05-08 11:39:47 -04:00 | probe_ok | probe_v28_dual_lane_snapshot_ledger.py | elapsed_s=0.13
2026-05-08 11:39:47 -04:00 | cycle_done | cycle=753
2026-05-08 11:40:47 -04:00 | cycle_start | cycle=754
2026-05-08 11:41:47 -04:00 | probe_timeout | probe_v28_dual_lane_sidecar_safety_watch.py
2026-05-08 11:41:47 -04:00 | probe_ok | probe_v28_dual_lane_live_market_update.py | elapsed_s=0.08
2026-05-08 11:41:47 -04:00 | probe_ok | probe_v28_dual_lane_readiness_checklist.py | elapsed_s=0.07
2026-05-08 11:41:47 -04:00 | probe_ok | probe_v28_dual_lane_snapshot_ledger.py | elapsed_s=0.1
2026-05-08 11:41:47 -04:00 | cycle_done | cycle=754
2026-05-08 11:42:47 -04:00 | cycle_start | cycle=755
2026-05-08 11:43:47 -04:00 | probe_timeout | probe_v28_dual_lane_sidecar_safety_watch.py
2026-05-08 11:43:47 -04:00 | probe_ok | probe_v28_dual_lane_live_market_update.py | elapsed_s=0.08
2026-05-08 11:43:47 -04:00 | probe_ok | probe_v28_dual_lane_readiness_checklist.py | elapsed_s=0.08
2026-05-08 11:43:47 -04:00 | probe_ok | probe_v28_dual_lane_snapshot_ledger.py | elapsed_s=0.1
2026-05-08 11:43:47 -04:00 | cycle_done | cycle=755
2026-05-08 11:44:47 -04:00 | cycle_start | cycle=756
2026-05-08 11:45:47 -04:00 | probe_timeout | probe_v28_dual_lane_sidecar_safety_watch.py
2026-05-08 11:45:48 -04:00 | probe_ok | probe_v28_dual_lane_live_market_update.py | elapsed_s=0.09
2026-05-08 11:45:48 -04:00 | probe_ok | probe_v28_dual_lane_readiness_checklist.py | elapsed_s=0.1
2026-05-08 11:45:48 -04:00 | probe_ok | probe_v28_dual_lane_snapshot_ledger.py | elapsed_s=0.12
2026-05-08 11:45:48 -04:00 | cycle_done | cycle=756
2026-05-08 11:46:48 -04:00 | cycle_start | cycle=757
2026-05-08 11:47:48 -04:00 | probe_timeout | probe_v28_dual_lane_sidecar_safety_watch.py
2026-05-08 11:47:48 -04:00 | probe_ok | probe_v28_dual_lane_live_market_update.py | elapsed_s=0.12
2026-05-08 11:47:48 -04:00 | probe_ok | probe_v28_dual_lane_readiness_checklist.py | elapsed_s=0.09
2026-05-08 11:47:48 -04:00 | probe_ok | probe_v28_dual_lane_snapshot_ledger.py | elapsed_s=0.14
2026-05-08 11:47:48 -04:00 | cycle_done | cycle=757
2026-05-08 11:48:48 -04:00 | cycle_start | cycle=758
2026-05-08 11:49:48 -04:00 | probe_timeout | probe_v28_dual_lane_sidecar_safety_watch.py
2026-05-08 11:49:48 -04:00 | probe_ok | probe_v28_dual_lane_live_market_update.py | elapsed_s=0.16
2026-05-08 11:49:48 -04:00 | probe_ok | probe_v28_dual_lane_readiness_checklist.py | elapsed_s=0.1
2026-05-08 11:49:49 -04:00 | probe_ok | probe_v28_dual_lane_snapshot_ledger.py | elapsed_s=0.12
2026-05-08 11:49:49 -04:00 | cycle_done | cycle=758
2026-05-08 11:50:49 -04:00 | cycle_start | cycle=759
2026-05-08 11:51:49 -04:00 | probe_timeout | probe_v28_dual_lane_sidecar_safety_watch.py
2026-05-08 11:51:49 -04:00 | probe_ok | probe_v28_dual_lane_live_market_update.py | elapsed_s=0.12
2026-05-08 11:51:49 -04:00 | probe_ok | probe_v28_dual_lane_readiness_checklist.py | elapsed_s=0.1
2026-05-08 11:51:49 -04:00 | probe_ok | probe_v28_dual_lane_snapshot_ledger.py | elapsed_s=0.12
2026-05-08 11:51:49 -04:00 | cycle_done | cycle=759
2026-05-08 11:52:49 -04:00 | cycle_start | cycle=760
2026-05-08 11:53:49 -04:00 | probe_timeout | probe_v28_dual_lane_sidecar_safety_watch.py
2026-05-08 11:53:49 -04:00 | probe_ok | probe_v28_dual_lane_live_market_update.py | elapsed_s=0.13
2026-05-08 11:53:49 -04:00 | probe_ok | probe_v28_dual_lane_readiness_checklist.py | elapsed_s=0.1
2026-05-08 11:53:49 -04:00 | probe_ok | probe_v28_dual_lane_snapshot_ledger.py | elapsed_s=0.12
2026-05-08 11:53:49 -04:00 | cycle_done | cycle=760
2026-05-08 11:54:49 -04:00 | cycle_start | cycle=761
2026-05-08 11:55:49 -04:00 | probe_timeout | probe_v28_dual_lane_sidecar_safety_watch.py
2026-05-08 11:55:49 -04:00 | probe_ok | probe_v28_dual_lane_live_market_update.py | elapsed_s=0.07
2026-05-08 11:55:49 -04:00 | probe_ok | probe_v28_dual_lane_readiness_checklist.py | elapsed_s=0.07
2026-05-08 11:55:50 -04:00 | probe_ok | probe_v28_dual_lane_snapshot_ledger.py | elapsed_s=0.09
2026-05-08 11:55:50 -04:00 | cycle_done | cycle=761
2026-05-08 11:56:50 -04:00 | cycle_start | cycle=762
2026-05-08 11:57:50 -04:00 | probe_timeout | probe_v28_dual_lane_sidecar_safety_watch.py
2026-05-08 11:57:50 -04:00 | probe_ok | probe_v28_dual_lane_live_market_update.py | elapsed_s=0.12
2026-05-08 11:57:50 -04:00 | probe_ok | probe_v28_dual_lane_readiness_checklist.py | elapsed_s=0.14
2026-05-08 11:57:50 -04:00 | probe_ok | probe_v28_dual_lane_snapshot_ledger.py | elapsed_s=0.15
2026-05-08 11:57:50 -04:00 | cycle_done | cycle=762
2026-05-08 11:58:50 -04:00 | cycle_start | cycle=763
2026-05-08 11:59:50 -04:00 | probe_timeout | probe_v28_dual_lane_sidecar_safety_watch.py
2026-05-08 11:59:50 -04:00 | probe_ok | probe_v28_dual_lane_live_market_update.py | elapsed_s=0.11
2026-05-08 11:59:50 -04:00 | probe_ok | probe_v28_dual_lane_readiness_checklist.py | elapsed_s=0.08
2026-05-08 11:59:50 -04:00 | probe_ok | probe_v28_dual_lane_snapshot_ledger.py | elapsed_s=0.1
2026-05-08 11:59:50 -04:00 | cycle_done | cycle=763
2026-05-08 12:00:50 -04:00 | cycle_start | cycle=764
2026-05-08 12:01:50 -04:00 | probe_timeout | probe_v28_dual_lane_sidecar_safety_watch.py
2026-05-08 12:01:50 -04:00 | probe_ok | probe_v28_dual_lane_live_market_update.py | elapsed_s=0.09
2026-05-08 12:01:51 -04:00 | probe_ok | probe_v28_dual_lane_readiness_checklist.py | elapsed_s=0.14
2026-05-08 12:01:51 -04:00 | probe_ok | probe_v28_dual_lane_snapshot_ledger.py | elapsed_s=0.11
2026-05-08 12:01:51 -04:00 | cycle_done | cycle=764
2026-05-08 12:02:51 -04:00 | cycle_start | cycle=765
2026-05-08 12:03:51 -04:00 | probe_timeout | probe_v28_dual_lane_sidecar_safety_watch.py
2026-05-08 12:03:51 -04:00 | probe_ok | probe_v28_dual_lane_live_market_update.py | elapsed_s=0.1
2026-05-08 12:03:51 -04:00 | probe_ok | probe_v28_dual_lane_readiness_checklist.py | elapsed_s=0.08
2026-05-08 12:03:51 -04:00 | probe_ok | probe_v28_dual_lane_snapshot_ledger.py | elapsed_s=0.1
2026-05-08 12:03:51 -04:00 | cycle_done | cycle=765
2026-05-08 12:04:51 -04:00 | cycle_start | cycle=766
2026-05-08 12:05:51 -04:00 | probe_timeout | probe_v28_dual_lane_sidecar_safety_watch.py
2026-05-08 12:05:51 -04:00 | probe_ok | probe_v28_dual_lane_live_market_update.py | elapsed_s=0.1
2026-05-08 12:05:51 -04:00 | probe_ok | probe_v28_dual_lane_readiness_checklist.py | elapsed_s=0.08
2026-05-08 12:05:51 -04:00 | probe_ok | probe_v28_dual_lane_snapshot_ledger.py | elapsed_s=0.08
2026-05-08 12:05:51 -04:00 | cycle_done | cycle=766
2026-05-08 12:06:51 -04:00 | cycle_start | cycle=767
2026-05-08 12:07:51 -04:00 | probe_timeout | probe_v28_dual_lane_sidecar_safety_watch.py
2026-05-08 12:07:51 -04:00 | probe_ok | probe_v28_dual_lane_live_market_update.py | elapsed_s=0.09
2026-05-08 12:07:52 -04:00 | probe_ok | probe_v28_dual_lane_readiness_checklist.py | elapsed_s=0.11
2026-05-08 12:07:52 -04:00 | probe_ok | probe_v28_dual_lane_snapshot_ledger.py | elapsed_s=0.12
2026-05-08 12:07:52 -04:00 | cycle_done | cycle=767
2026-05-08 12:08:52 -04:00 | cycle_start | cycle=768
2026-05-08 12:09:52 -04:00 | probe_timeout | probe_v28_dual_lane_sidecar_safety_watch.py
2026-05-08 12:09:52 -04:00 | probe_ok | probe_v28_dual_lane_live_market_update.py | elapsed_s=0.09
2026-05-08 12:09:52 -04:00 | probe_ok | probe_v28_dual_lane_readiness_checklist.py | elapsed_s=0.1
2026-05-08 12:09:52 -04:00 | probe_ok | probe_v28_dual_lane_snapshot_ledger.py | elapsed_s=0.29
2026-05-08 12:09:52 -04:00 | cycle_done | cycle=768
2026-05-08 12:10:52 -04:00 | cycle_start | cycle=769
2026-05-08 12:11:52 -04:00 | probe_timeout | probe_v28_dual_lane_sidecar_safety_watch.py
2026-05-08 12:11:52 -04:00 | probe_ok | probe_v28_dual_lane_live_market_update.py | elapsed_s=0.15
2026-05-08 12:11:52 -04:00 | probe_ok | probe_v28_dual_lane_readiness_checklist.py | elapsed_s=0.1
2026-05-08 12:11:53 -04:00 | probe_ok | probe_v28_dual_lane_snapshot_ledger.py | elapsed_s=0.11
2026-05-08 12:11:53 -04:00 | cycle_done | cycle=769
2026-05-08 12:12:53 -04:00 | cycle_start | cycle=770
2026-05-08 12:13:53 -04:00 | probe_timeout | probe_v28_dual_lane_sidecar_safety_watch.py
2026-05-08 12:13:53 -04:00 | probe_ok | probe_v28_dual_lane_live_market_update.py | elapsed_s=0.1
2026-05-08 12:13:53 -04:00 | probe_ok | probe_v28_dual_lane_readiness_checklist.py | elapsed_s=0.07
2026-05-08 12:13:53 -04:00 | probe_ok | probe_v28_dual_lane_snapshot_ledger.py | elapsed_s=0.09
2026-05-08 12:13:53 -04:00 | cycle_done | cycle=770
2026-05-08 12:14:53 -04:00 | cycle_start | cycle=771
2026-05-08 12:15:53 -04:00 | probe_timeout | probe_v28_dual_lane_sidecar_safety_watch.py
2026-05-08 12:15:53 -04:00 | probe_ok | probe_v28_dual_lane_live_market_update.py | elapsed_s=0.08
2026-05-08 12:15:53 -04:00 | probe_ok | probe_v28_dual_lane_readiness_checklist.py | elapsed_s=0.08
2026-05-08 12:15:53 -04:00 | probe_ok | probe_v28_dual_lane_snapshot_ledger.py | elapsed_s=0.12
2026-05-08 12:15:53 -04:00 | cycle_done | cycle=771
2026-05-08 12:16:53 -04:00 | cycle_start | cycle=772
2026-05-08 12:17:53 -04:00 | probe_timeout | probe_v28_dual_lane_sidecar_safety_watch.py
2026-05-08 12:17:53 -04:00 | probe_ok | probe_v28_dual_lane_live_market_update.py | elapsed_s=0.11
2026-05-08 12:17:53 -04:00 | probe_ok | probe_v28_dual_lane_readiness_checklist.py | elapsed_s=0.08
2026-05-08 12:17:54 -04:00 | probe_ok | probe_v28_dual_lane_snapshot_ledger.py | elapsed_s=0.13
2026-05-08 12:17:54 -04:00 | cycle_done | cycle=772
2026-05-08 12:18:54 -04:00 | cycle_start | cycle=773
2026-05-08 12:19:54 -04:00 | probe_timeout | probe_v28_dual_lane_sidecar_safety_watch.py
2026-05-08 12:19:54 -04:00 | probe_ok | probe_v28_dual_lane_live_market_update.py | elapsed_s=0.07
2026-05-08 12:19:54 -04:00 | probe_ok | probe_v28_dual_lane_readiness_checklist.py | elapsed_s=0.07
2026-05-08 12:19:54 -04:00 | probe_ok | probe_v28_dual_lane_snapshot_ledger.py | elapsed_s=0.08
2026-05-08 12:19:54 -04:00 | cycle_done | cycle=773
2026-05-08 12:20:54 -04:00 | cycle_start | cycle=774
2026-05-08 12:21:54 -04:00 | probe_timeout | probe_v28_dual_lane_sidecar_safety_watch.py
2026-05-08 12:21:54 -04:00 | probe_ok | probe_v28_dual_lane_live_market_update.py | elapsed_s=0.09
2026-05-08 12:21:54 -04:00 | probe_ok | probe_v28_dual_lane_readiness_checklist.py | elapsed_s=0.09
2026-05-08 12:21:54 -04:00 | probe_ok | probe_v28_dual_lane_snapshot_ledger.py | elapsed_s=0.09
2026-05-08 12:21:54 -04:00 | cycle_done | cycle=774
2026-05-08 12:22:54 -04:00 | cycle_start | cycle=775
2026-05-08 12:23:54 -04:00 | probe_timeout | probe_v28_dual_lane_sidecar_safety_watch.py
2026-05-08 12:23:54 -04:00 | probe_ok | probe_v28_dual_lane_live_market_update.py | elapsed_s=0.1
2026-05-08 12:23:54 -04:00 | probe_ok | probe_v28_dual_lane_readiness_checklist.py | elapsed_s=0.07
2026-05-08 12:23:54 -04:00 | probe_ok | probe_v28_dual_lane_snapshot_ledger.py | elapsed_s=0.11
2026-05-08 12:23:54 -04:00 | cycle_done | cycle=775
2026-05-08 12:24:54 -04:00 | cycle_start | cycle=776
2026-05-08 12:25:54 -04:00 | probe_timeout | probe_v28_dual_lane_sidecar_safety_watch.py
2026-05-08 12:25:55 -04:00 | probe_ok | probe_v28_dual_lane_live_market_update.py | elapsed_s=0.09
2026-05-08 12:25:55 -04:00 | probe_ok | probe_v28_dual_lane_readiness_checklist.py | elapsed_s=0.08
2026-05-08 12:25:55 -04:00 | probe_ok | probe_v28_dual_lane_snapshot_ledger.py | elapsed_s=0.1
2026-05-08 12:25:55 -04:00 | cycle_done | cycle=776
2026-05-08 12:26:55 -04:00 | cycle_start | cycle=777
2026-05-08 12:27:55 -04:00 | probe_timeout | probe_v28_dual_lane_sidecar_safety_watch.py
2026-05-08 12:27:55 -04:00 | probe_ok | probe_v28_dual_lane_live_market_update.py | elapsed_s=0.1
2026-05-08 12:27:55 -04:00 | probe_ok | probe_v28_dual_lane_readiness_checklist.py | elapsed_s=0.1
2026-05-08 12:27:55 -04:00 | probe_ok | probe_v28_dual_lane_snapshot_ledger.py | elapsed_s=0.12
2026-05-08 12:27:55 -04:00 | cycle_done | cycle=777
2026-05-08 12:28:55 -04:00 | cycle_start | cycle=778
2026-05-08 12:29:55 -04:00 | probe_timeout | probe_v28_dual_lane_sidecar_safety_watch.py
2026-05-08 12:29:55 -04:00 | probe_ok | probe_v28_dual_lane_live_market_update.py | elapsed_s=0.1
2026-05-08 12:29:55 -04:00 | probe_ok | probe_v28_dual_lane_readiness_checklist.py | elapsed_s=0.08
2026-05-08 12:29:55 -04:00 | probe_ok | probe_v28_dual_lane_snapshot_ledger.py | elapsed_s=0.1
2026-05-08 12:29:55 -04:00 | cycle_done | cycle=778
2026-05-08 12:30:55 -04:00 | cycle_start | cycle=779
2026-05-08 12:31:55 -04:00 | probe_timeout | probe_v28_dual_lane_sidecar_safety_watch.py
2026-05-08 12:31:56 -04:00 | probe_ok | probe_v28_dual_lane_live_market_update.py | elapsed_s=0.08
2026-05-08 12:31:56 -04:00 | probe_ok | probe_v28_dual_lane_readiness_checklist.py | elapsed_s=0.1
2026-05-08 12:31:56 -04:00 | probe_ok | probe_v28_dual_lane_snapshot_ledger.py | elapsed_s=0.11
2026-05-08 12:31:56 -04:00 | cycle_done | cycle=779
2026-05-08 12:32:56 -04:00 | cycle_start | cycle=780
2026-05-08 12:33:56 -04:00 | probe_timeout | probe_v28_dual_lane_sidecar_safety_watch.py
2026-05-08 12:33:56 -04:00 | probe_ok | probe_v28_dual_lane_live_market_update.py | elapsed_s=0.1
2026-05-08 12:33:56 -04:00 | probe_ok | probe_v28_dual_lane_readiness_checklist.py | elapsed_s=0.08
2026-05-08 12:33:56 -04:00 | probe_ok | probe_v28_dual_lane_snapshot_ledger.py | elapsed_s=0.1
2026-05-08 12:33:56 -04:00 | cycle_done | cycle=780
2026-05-08 12:34:56 -04:00 | cycle_start | cycle=781
2026-05-08 12:35:56 -04:00 | probe_timeout | probe_v28_dual_lane_sidecar_safety_watch.py
2026-05-08 12:35:56 -04:00 | probe_ok | probe_v28_dual_lane_live_market_update.py | elapsed_s=0.09
2026-05-08 12:35:56 -04:00 | probe_ok | probe_v28_dual_lane_readiness_checklist.py | elapsed_s=0.08
2026-05-08 12:35:56 -04:00 | probe_ok | probe_v28_dual_lane_snapshot_ledger.py | elapsed_s=0.1
2026-05-08 12:35:56 -04:00 | cycle_done | cycle=781
2026-05-08 12:36:56 -04:00 | cycle_start | cycle=782
2026-05-08 12:37:56 -04:00 | probe_timeout | probe_v28_dual_lane_sidecar_safety_watch.py
2026-05-08 12:37:56 -04:00 | probe_ok | probe_v28_dual_lane_live_market_update.py | elapsed_s=0.07
2026-05-08 12:37:57 -04:00 | probe_ok | probe_v28_dual_lane_readiness_checklist.py | elapsed_s=0.08
2026-05-08 12:37:57 -04:00 | probe_ok | probe_v28_dual_lane_snapshot_ledger.py | elapsed_s=0.09
2026-05-08 12:37:57 -04:00 | cycle_done | cycle=782
2026-05-08 12:38:57 -04:00 | cycle_start | cycle=783
2026-05-08 12:39:57 -04:00 | probe_timeout | probe_v28_dual_lane_sidecar_safety_watch.py
2026-05-08 12:39:57 -04:00 | probe_ok | probe_v28_dual_lane_live_market_update.py | elapsed_s=0.09
2026-05-08 12:39:57 -04:00 | probe_ok | probe_v28_dual_lane_readiness_checklist.py | elapsed_s=0.08
2026-05-08 12:39:57 -04:00 | probe_ok | probe_v28_dual_lane_snapshot_ledger.py | elapsed_s=0.09
2026-05-08 12:39:57 -04:00 | cycle_done | cycle=783
2026-05-08 12:40:57 -04:00 | cycle_start | cycle=784
2026-05-08 12:41:57 -04:00 | probe_timeout | probe_v28_dual_lane_sidecar_safety_watch.py
2026-05-08 12:41:57 -04:00 | probe_ok | probe_v28_dual_lane_live_market_update.py | elapsed_s=0.12
2026-05-08 12:41:57 -04:00 | probe_ok | probe_v28_dual_lane_readiness_checklist.py | elapsed_s=0.09
2026-05-08 12:41:57 -04:00 | probe_ok | probe_v28_dual_lane_snapshot_ledger.py | elapsed_s=0.12
2026-05-08 12:41:57 -04:00 | cycle_done | cycle=784
2026-05-08 12:42:57 -04:00 | cycle_start | cycle=785
2026-05-08 12:43:57 -04:00 | probe_timeout | probe_v28_dual_lane_sidecar_safety_watch.py
2026-05-08 12:43:57 -04:00 | probe_ok | probe_v28_dual_lane_live_market_update.py | elapsed_s=0.08
2026-05-08 12:43:58 -04:00 | probe_ok | probe_v28_dual_lane_readiness_checklist.py | elapsed_s=0.08
2026-05-08 12:43:58 -04:00 | probe_ok | probe_v28_dual_lane_snapshot_ledger.py | elapsed_s=0.09
2026-05-08 12:43:58 -04:00 | cycle_done | cycle=785
2026-05-08 12:44:58 -04:00 | cycle_start | cycle=786
2026-05-08 12:45:58 -04:00 | probe_timeout | probe_v28_dual_lane_sidecar_safety_watch.py
2026-05-08 12:45:58 -04:00 | probe_ok | probe_v28_dual_lane_live_market_update.py | elapsed_s=0.1
2026-05-08 12:45:58 -04:00 | probe_ok | probe_v28_dual_lane_readiness_checklist.py | elapsed_s=0.08
2026-05-08 12:45:58 -04:00 | probe_ok | probe_v28_dual_lane_snapshot_ledger.py | elapsed_s=0.1
2026-05-08 12:45:58 -04:00 | cycle_done | cycle=786
2026-05-08 12:46:58 -04:00 | cycle_start | cycle=787
2026-05-08 12:47:58 -04:00 | probe_timeout | probe_v28_dual_lane_sidecar_safety_watch.py
2026-05-08 12:47:58 -04:00 | probe_ok | probe_v28_dual_lane_live_market_update.py | elapsed_s=0.09
2026-05-08 12:47:58 -04:00 | probe_ok | probe_v28_dual_lane_readiness_checklist.py | elapsed_s=0.07
2026-05-08 12:47:58 -04:00 | probe_ok | probe_v28_dual_lane_snapshot_ledger.py | elapsed_s=0.09
2026-05-08 12:47:58 -04:00 | cycle_done | cycle=787
2026-05-08 12:48:58 -04:00 | cycle_start | cycle=788
2026-05-08 12:49:58 -04:00 | probe_timeout | probe_v28_dual_lane_sidecar_safety_watch.py
2026-05-08 12:49:58 -04:00 | probe_ok | probe_v28_dual_lane_live_market_update.py | elapsed_s=0.11
2026-05-08 12:49:58 -04:00 | probe_ok | probe_v28_dual_lane_readiness_checklist.py | elapsed_s=0.1
2026-05-08 12:49:59 -04:00 | probe_ok | probe_v28_dual_lane_snapshot_ledger.py | elapsed_s=0.13
2026-05-08 12:49:59 -04:00 | cycle_done | cycle=788
2026-05-08 12:50:59 -04:00 | cycle_start | cycle=789
2026-05-08 12:51:59 -04:00 | probe_timeout | probe_v28_dual_lane_sidecar_safety_watch.py
2026-05-08 12:51:59 -04:00 | probe_ok | probe_v28_dual_lane_live_market_update.py | elapsed_s=0.08
2026-05-08 12:51:59 -04:00 | probe_ok | probe_v28_dual_lane_readiness_checklist.py | elapsed_s=0.12
2026-05-08 12:51:59 -04:00 | probe_ok | probe_v28_dual_lane_snapshot_ledger.py | elapsed_s=0.11
2026-05-08 12:51:59 -04:00 | cycle_done | cycle=789
2026-05-08 12:52:59 -04:00 | cycle_start | cycle=790
2026-05-08 12:53:59 -04:00 | probe_timeout | probe_v28_dual_lane_sidecar_safety_watch.py
2026-05-08 12:53:59 -04:00 | probe_ok | probe_v28_dual_lane_live_market_update.py | elapsed_s=0.09
2026-05-08 12:53:59 -04:00 | probe_ok | probe_v28_dual_lane_readiness_checklist.py | elapsed_s=0.08
2026-05-08 12:53:59 -04:00 | probe_ok | probe_v28_dual_lane_snapshot_ledger.py | elapsed_s=0.09
2026-05-08 12:53:59 -04:00 | cycle_done | cycle=790
2026-05-08 12:54:59 -04:00 | cycle_start | cycle=791
2026-05-08 12:55:59 -04:00 | probe_timeout | probe_v28_dual_lane_sidecar_safety_watch.py
2026-05-08 12:56:00 -04:00 | probe_ok | probe_v28_dual_lane_live_market_update.py | elapsed_s=0.12
2026-05-08 12:56:00 -04:00 | probe_ok | probe_v28_dual_lane_readiness_checklist.py | elapsed_s=0.09
2026-05-08 12:56:00 -04:00 | probe_ok | probe_v28_dual_lane_snapshot_ledger.py | elapsed_s=0.12
2026-05-08 12:56:00 -04:00 | cycle_done | cycle=791
2026-05-08 12:57:00 -04:00 | cycle_start | cycle=792
2026-05-08 12:58:00 -04:00 | probe_timeout | probe_v28_dual_lane_sidecar_safety_watch.py
2026-05-08 12:58:00 -04:00 | probe_ok | probe_v28_dual_lane_live_market_update.py | elapsed_s=0.09
2026-05-08 12:58:00 -04:00 | probe_ok | probe_v28_dual_lane_readiness_checklist.py | elapsed_s=0.08
2026-05-08 12:58:00 -04:00 | probe_ok | probe_v28_dual_lane_snapshot_ledger.py | elapsed_s=0.11
2026-05-08 12:58:00 -04:00 | cycle_done | cycle=792
2026-05-08 12:59:00 -04:00 | cycle_start | cycle=793
2026-05-08 13:00:00 -04:00 | probe_timeout | probe_v28_dual_lane_sidecar_safety_watch.py
2026-05-08 13:00:00 -04:00 | probe_ok | probe_v28_dual_lane_live_market_update.py | elapsed_s=0.12
2026-05-08 13:00:00 -04:00 | probe_ok | probe_v28_dual_lane_readiness_checklist.py | elapsed_s=0.1
2026-05-08 13:00:00 -04:00 | probe_ok | probe_v28_dual_lane_snapshot_ledger.py | elapsed_s=0.09
2026-05-08 13:00:00 -04:00 | cycle_done | cycle=793
2026-05-08 13:01:00 -04:00 | cycle_start | cycle=794
2026-05-08 13:02:00 -04:00 | probe_timeout | probe_v28_dual_lane_sidecar_safety_watch.py
2026-05-08 13:02:01 -04:00 | probe_ok | probe_v28_dual_lane_live_market_update.py | elapsed_s=0.07
2026-05-08 13:02:01 -04:00 | probe_ok | probe_v28_dual_lane_readiness_checklist.py | elapsed_s=0.08
2026-05-08 13:02:01 -04:00 | probe_ok | probe_v28_dual_lane_snapshot_ledger.py | elapsed_s=0.09
2026-05-08 13:02:01 -04:00 | cycle_done | cycle=794
2026-05-08 13:03:01 -04:00 | cycle_start | cycle=795
2026-05-08 13:04:01 -04:00 | probe_timeout | probe_v28_dual_lane_sidecar_safety_watch.py
2026-05-08 13:04:01 -04:00 | probe_ok | probe_v28_dual_lane_live_market_update.py | elapsed_s=0.07
2026-05-08 13:04:01 -04:00 | probe_ok | probe_v28_dual_lane_readiness_checklist.py | elapsed_s=0.08
2026-05-08 13:04:01 -04:00 | probe_ok | probe_v28_dual_lane_snapshot_ledger.py | elapsed_s=0.09
2026-05-08 13:04:01 -04:00 | cycle_done | cycle=795
2026-05-08 13:05:01 -04:00 | cycle_start | cycle=796
2026-05-08 13:06:01 -04:00 | probe_timeout | probe_v28_dual_lane_sidecar_safety_watch.py
2026-05-08 13:06:01 -04:00 | probe_ok | probe_v28_dual_lane_live_market_update.py | elapsed_s=0.11
2026-05-08 13:06:01 -04:00 | probe_ok | probe_v28_dual_lane_readiness_checklist.py | elapsed_s=0.08
2026-05-08 13:06:01 -04:00 | probe_ok | probe_v28_dual_lane_snapshot_ledger.py | elapsed_s=0.09
2026-05-08 13:06:01 -04:00 | cycle_done | cycle=796
2026-05-08 13:07:01 -04:00 | cycle_start | cycle=797
2026-05-08 13:08:01 -04:00 | probe_timeout | probe_v28_dual_lane_sidecar_safety_watch.py
2026-05-08 13:08:01 -04:00 | probe_ok | probe_v28_dual_lane_live_market_update.py | elapsed_s=0.07
2026-05-08 13:08:02 -04:00 | probe_ok | probe_v28_dual_lane_readiness_checklist.py | elapsed_s=0.07
2026-05-08 13:08:02 -04:00 | probe_ok | probe_v28_dual_lane_snapshot_ledger.py | elapsed_s=0.09
2026-05-08 13:08:02 -04:00 | cycle_done | cycle=797
2026-05-08 13:09:02 -04:00 | cycle_start | cycle=798
2026-05-08 13:10:02 -04:00 | probe_timeout | probe_v28_dual_lane_sidecar_safety_watch.py
2026-05-08 13:10:02 -04:00 | probe_ok | probe_v28_dual_lane_live_market_update.py | elapsed_s=0.09
2026-05-08 13:10:02 -04:00 | probe_ok | probe_v28_dual_lane_readiness_checklist.py | elapsed_s=0.09
2026-05-08 13:10:02 -04:00 | probe_ok | probe_v28_dual_lane_snapshot_ledger.py | elapsed_s=0.1
2026-05-08 13:10:02 -04:00 | cycle_done | cycle=798
2026-05-08 13:11:02 -04:00 | cycle_start | cycle=799
2026-05-08 13:12:02 -04:00 | probe_timeout | probe_v28_dual_lane_sidecar_safety_watch.py
2026-05-08 13:12:02 -04:00 | probe_ok | probe_v28_dual_lane_live_market_update.py | elapsed_s=0.12
2026-05-08 13:12:02 -04:00 | probe_ok | probe_v28_dual_lane_readiness_checklist.py | elapsed_s=0.11
2026-05-08 13:12:02 -04:00 | probe_ok | probe_v28_dual_lane_snapshot_ledger.py | elapsed_s=0.13
2026-05-08 13:12:02 -04:00 | cycle_done | cycle=799
2026-05-08 13:13:02 -04:00 | cycle_start | cycle=800
2026-05-08 13:14:02 -04:00 | probe_timeout | probe_v28_dual_lane_sidecar_safety_watch.py
2026-05-08 13:14:02 -04:00 | probe_ok | probe_v28_dual_lane_live_market_update.py | elapsed_s=0.11
2026-05-08 13:14:03 -04:00 | probe_ok | probe_v28_dual_lane_readiness_checklist.py | elapsed_s=0.1
2026-05-08 13:14:03 -04:00 | probe_ok | probe_v28_dual_lane_snapshot_ledger.py | elapsed_s=0.12
2026-05-08 13:14:03 -04:00 | cycle_done | cycle=800
2026-05-08 13:15:03 -04:00 | cycle_start | cycle=801
2026-05-08 13:16:03 -04:00 | probe_timeout | probe_v28_dual_lane_sidecar_safety_watch.py
2026-05-08 13:16:03 -04:00 | probe_ok | probe_v28_dual_lane_live_market_update.py | elapsed_s=0.07
2026-05-08 13:16:03 -04:00 | probe_ok | probe_v28_dual_lane_readiness_checklist.py | elapsed_s=0.07
2026-05-08 13:16:03 -04:00 | probe_ok | probe_v28_dual_lane_snapshot_ledger.py | elapsed_s=0.09
2026-05-08 13:16:03 -04:00 | cycle_done | cycle=801
2026-05-08 13:17:03 -04:00 | cycle_start | cycle=802
2026-05-08 13:18:03 -04:00 | probe_timeout | probe_v28_dual_lane_sidecar_safety_watch.py
2026-05-08 13:18:03 -04:00 | probe_ok | probe_v28_dual_lane_live_market_update.py | elapsed_s=0.12
2026-05-08 13:18:03 -04:00 | probe_ok | probe_v28_dual_lane_readiness_checklist.py | elapsed_s=0.1
2026-05-08 13:18:03 -04:00 | probe_ok | probe_v28_dual_lane_snapshot_ledger.py | elapsed_s=0.13
2026-05-08 13:18:03 -04:00 | cycle_done | cycle=802
2026-05-08 13:19:04 -04:00 | cycle_start | cycle=803
2026-05-08 13:20:04 -04:00 | probe_timeout | probe_v28_dual_lane_sidecar_safety_watch.py
2026-05-08 13:20:04 -04:00 | probe_ok | probe_v28_dual_lane_live_market_update.py | elapsed_s=0.09
2026-05-08 13:20:04 -04:00 | probe_ok | probe_v28_dual_lane_readiness_checklist.py | elapsed_s=0.07
2026-05-08 13:20:04 -04:00 | probe_ok | probe_v28_dual_lane_snapshot_ledger.py | elapsed_s=0.1
2026-05-08 13:20:04 -04:00 | cycle_done | cycle=803
2026-05-08 13:21:04 -04:00 | cycle_start | cycle=804
2026-05-08 13:22:04 -04:00 | probe_timeout | probe_v28_dual_lane_sidecar_safety_watch.py
2026-05-08 13:22:04 -04:00 | probe_ok | probe_v28_dual_lane_live_market_update.py | elapsed_s=0.07
2026-05-08 13:22:04 -04:00 | probe_ok | probe_v28_dual_lane_readiness_checklist.py | elapsed_s=0.08
2026-05-08 13:22:04 -04:00 | probe_ok | probe_v28_dual_lane_snapshot_ledger.py | elapsed_s=0.09
2026-05-08 13:22:04 -04:00 | cycle_done | cycle=804
2026-05-08 13:23:04 -04:00 | cycle_start | cycle=805
2026-05-08 13:24:04 -04:00 | probe_timeout | probe_v28_dual_lane_sidecar_safety_watch.py
2026-05-08 13:24:04 -04:00 | probe_ok | probe_v28_dual_lane_live_market_update.py | elapsed_s=0.12
2026-05-08 13:24:04 -04:00 | probe_ok | probe_v28_dual_lane_readiness_checklist.py | elapsed_s=0.09
2026-05-08 13:24:05 -04:00 | probe_ok | probe_v28_dual_lane_snapshot_ledger.py | elapsed_s=0.11
2026-05-08 13:24:05 -04:00 | cycle_done | cycle=805
2026-05-08 13:25:05 -04:00 | cycle_start | cycle=806
2026-05-08 13:26:05 -04:00 | probe_timeout | probe_v28_dual_lane_sidecar_safety_watch.py
2026-05-08 13:26:05 -04:00 | probe_ok | probe_v28_dual_lane_live_market_update.py | elapsed_s=0.07
2026-05-08 13:26:05 -04:00 | probe_ok | probe_v28_dual_lane_readiness_checklist.py | elapsed_s=0.09
2026-05-08 13:26:05 -04:00 | probe_ok | probe_v28_dual_lane_snapshot_ledger.py | elapsed_s=0.09
2026-05-08 13:26:05 -04:00 | cycle_done | cycle=806
2026-05-08 13:27:05 -04:00 | cycle_start | cycle=807
2026-05-08 13:28:05 -04:00 | probe_timeout | probe_v28_dual_lane_sidecar_safety_watch.py
2026-05-08 13:28:05 -04:00 | probe_ok | probe_v28_dual_lane_live_market_update.py | elapsed_s=0.07
2026-05-08 13:28:05 -04:00 | probe_ok | probe_v28_dual_lane_readiness_checklist.py | elapsed_s=0.09
2026-05-08 13:28:05 -04:00 | probe_ok | probe_v28_dual_lane_snapshot_ledger.py | elapsed_s=0.09
2026-05-08 13:28:05 -04:00 | cycle_done | cycle=807
2026-05-08 13:29:05 -04:00 | cycle_start | cycle=808
2026-05-08 13:30:05 -04:00 | probe_timeout | probe_v28_dual_lane_sidecar_safety_watch.py
2026-05-08 13:30:05 -04:00 | probe_ok | probe_v28_dual_lane_live_market_update.py | elapsed_s=0.1
2026-05-08 13:30:05 -04:00 | probe_ok | probe_v28_dual_lane_readiness_checklist.py | elapsed_s=0.08
2026-05-08 13:30:06 -04:00 | probe_ok | probe_v28_dual_lane_snapshot_ledger.py | elapsed_s=0.11
2026-05-08 13:30:06 -04:00 | cycle_done | cycle=808
2026-05-08 13:31:06 -04:00 | cycle_start | cycle=809
2026-05-08 13:32:06 -04:00 | probe_timeout | probe_v28_dual_lane_sidecar_safety_watch.py
2026-05-08 13:32:06 -04:00 | probe_ok | probe_v28_dual_lane_live_market_update.py | elapsed_s=0.07
2026-05-08 13:32:06 -04:00 | probe_ok | probe_v28_dual_lane_readiness_checklist.py | elapsed_s=0.07
2026-05-08 13:32:06 -04:00 | probe_ok | probe_v28_dual_lane_snapshot_ledger.py | elapsed_s=0.09
2026-05-08 13:32:06 -04:00 | cycle_done | cycle=809
2026-05-08 13:33:06 -04:00 | cycle_start | cycle=810
2026-05-08 13:34:06 -04:00 | probe_timeout | probe_v28_dual_lane_sidecar_safety_watch.py
2026-05-08 13:34:06 -04:00 | probe_ok | probe_v28_dual_lane_live_market_update.py | elapsed_s=0.09
2026-05-08 13:34:06 -04:00 | probe_ok | probe_v28_dual_lane_readiness_checklist.py | elapsed_s=0.11
2026-05-08 13:34:06 -04:00 | probe_ok | probe_v28_dual_lane_snapshot_ledger.py | elapsed_s=0.12
2026-05-08 13:34:06 -04:00 | cycle_done | cycle=810
2026-05-08 13:35:06 -04:00 | cycle_start | cycle=811
2026-05-08 13:36:06 -04:00 | probe_timeout | probe_v28_dual_lane_sidecar_safety_watch.py
2026-05-08 13:36:06 -04:00 | probe_ok | probe_v28_dual_lane_live_market_update.py | elapsed_s=0.15
2026-05-08 13:36:06 -04:00 | probe_ok | probe_v28_dual_lane_readiness_checklist.py | elapsed_s=0.12
2026-05-08 13:36:07 -04:00 | probe_ok | probe_v28_dual_lane_snapshot_ledger.py | elapsed_s=0.15
2026-05-08 13:36:07 -04:00 | cycle_done | cycle=811
2026-05-08 13:37:07 -04:00 | cycle_start | cycle=812
2026-05-08 13:38:07 -04:00 | probe_timeout | probe_v28_dual_lane_sidecar_safety_watch.py
2026-05-08 13:38:07 -04:00 | probe_ok | probe_v28_dual_lane_live_market_update.py | elapsed_s=0.09
2026-05-08 13:38:07 -04:00 | probe_ok | probe_v28_dual_lane_readiness_checklist.py | elapsed_s=0.09
2026-05-08 13:38:07 -04:00 | probe_ok | probe_v28_dual_lane_snapshot_ledger.py | elapsed_s=0.11
2026-05-08 13:38:07 -04:00 | cycle_done | cycle=812
2026-05-08 13:39:07 -04:00 | cycle_start | cycle=813
2026-05-08 13:40:07 -04:00 | probe_timeout | probe_v28_dual_lane_sidecar_safety_watch.py
2026-05-08 13:40:07 -04:00 | probe_ok | probe_v28_dual_lane_live_market_update.py | elapsed_s=0.11
2026-05-08 13:40:07 -04:00 | probe_ok | probe_v28_dual_lane_readiness_checklist.py | elapsed_s=0.09
2026-05-08 13:40:07 -04:00 | probe_ok | probe_v28_dual_lane_snapshot_ledger.py | elapsed_s=0.12
2026-05-08 13:40:07 -04:00 | cycle_done | cycle=813
2026-05-08 13:41:07 -04:00 | cycle_start | cycle=814
2026-05-08 13:42:07 -04:00 | probe_timeout | probe_v28_dual_lane_sidecar_safety_watch.py
2026-05-08 13:42:07 -04:00 | probe_ok | probe_v28_dual_lane_live_market_update.py | elapsed_s=0.08
2026-05-08 13:42:08 -04:00 | probe_ok | probe_v28_dual_lane_readiness_checklist.py | elapsed_s=0.09
2026-05-08 13:42:08 -04:00 | probe_ok | probe_v28_dual_lane_snapshot_ledger.py | elapsed_s=0.11
2026-05-08 13:42:08 -04:00 | cycle_done | cycle=814
2026-05-08 13:43:08 -04:00 | cycle_start | cycle=815
2026-05-08 13:44:08 -04:00 | probe_timeout | probe_v28_dual_lane_sidecar_safety_watch.py
2026-05-08 13:44:08 -04:00 | probe_ok | probe_v28_dual_lane_live_market_update.py | elapsed_s=0.07
2026-05-08 13:44:08 -04:00 | probe_ok | probe_v28_dual_lane_readiness_checklist.py | elapsed_s=0.07
2026-05-08 13:44:08 -04:00 | probe_ok | probe_v28_dual_lane_snapshot_ledger.py | elapsed_s=0.08
2026-05-08 13:44:08 -04:00 | cycle_done | cycle=815
2026-05-08 13:45:08 -04:00 | cycle_start | cycle=816
2026-05-08 13:46:08 -04:00 | probe_timeout | probe_v28_dual_lane_sidecar_safety_watch.py
2026-05-08 13:46:08 -04:00 | probe_ok | probe_v28_dual_lane_live_market_update.py | elapsed_s=0.08
2026-05-08 13:46:08 -04:00 | probe_ok | probe_v28_dual_lane_readiness_checklist.py | elapsed_s=0.08
2026-05-08 13:46:08 -04:00 | probe_ok | probe_v28_dual_lane_snapshot_ledger.py | elapsed_s=0.1
2026-05-08 13:46:08 -04:00 | cycle_done | cycle=816
2026-05-08 13:47:08 -04:00 | cycle_start | cycle=817
2026-05-08 13:48:08 -04:00 | probe_timeout | probe_v28_dual_lane_sidecar_safety_watch.py
2026-05-08 13:48:08 -04:00 | probe_ok | probe_v28_dual_lane_live_market_update.py | elapsed_s=0.13
2026-05-08 13:48:08 -04:00 | probe_ok | probe_v28_dual_lane_readiness_checklist.py | elapsed_s=0.13
2026-05-08 13:48:09 -04:00 | probe_ok | probe_v28_dual_lane_snapshot_ledger.py | elapsed_s=0.15
2026-05-08 13:48:09 -04:00 | cycle_done | cycle=817
2026-05-08 13:49:09 -04:00 | cycle_start | cycle=818
2026-05-08 13:50:09 -04:00 | probe_timeout | probe_v28_dual_lane_sidecar_safety_watch.py
2026-05-08 13:50:09 -04:00 | probe_ok | probe_v28_dual_lane_live_market_update.py | elapsed_s=0.08
2026-05-08 13:50:09 -04:00 | probe_ok | probe_v28_dual_lane_readiness_checklist.py | elapsed_s=0.07
2026-05-08 13:50:09 -04:00 | probe_ok | probe_v28_dual_lane_snapshot_ledger.py | elapsed_s=0.09
2026-05-08 13:50:09 -04:00 | cycle_done | cycle=818
2026-05-08 13:51:09 -04:00 | cycle_start | cycle=819
2026-05-08 13:52:09 -04:00 | probe_timeout | probe_v28_dual_lane_sidecar_safety_watch.py
2026-05-08 13:52:09 -04:00 | probe_ok | probe_v28_dual_lane_live_market_update.py | elapsed_s=0.08
2026-05-08 13:52:09 -04:00 | probe_ok | probe_v28_dual_lane_readiness_checklist.py | elapsed_s=0.09
2026-05-08 13:52:09 -04:00 | probe_ok | probe_v28_dual_lane_snapshot_ledger.py | elapsed_s=0.11
2026-05-08 13:52:09 -04:00 | cycle_done | cycle=819
2026-05-08 13:53:09 -04:00 | cycle_start | cycle=820
2026-05-08 13:54:09 -04:00 | probe_timeout | probe_v28_dual_lane_sidecar_safety_watch.py
2026-05-08 13:54:09 -04:00 | probe_ok | probe_v28_dual_lane_live_market_update.py | elapsed_s=0.1
2026-05-08 13:54:09 -04:00 | probe_ok | probe_v28_dual_lane_readiness_checklist.py | elapsed_s=0.08
2026-05-08 13:54:09 -04:00 | probe_ok | probe_v28_dual_lane_snapshot_ledger.py | elapsed_s=0.09
2026-05-08 13:54:09 -04:00 | cycle_done | cycle=820
2026-05-08 13:55:09 -04:00 | cycle_start | cycle=821
2026-05-08 13:56:10 -04:00 | probe_timeout | probe_v28_dual_lane_sidecar_safety_watch.py
2026-05-08 13:56:10 -04:00 | probe_ok | probe_v28_dual_lane_live_market_update.py | elapsed_s=0.07
2026-05-08 13:56:10 -04:00 | probe_ok | probe_v28_dual_lane_readiness_checklist.py | elapsed_s=0.07
2026-05-08 13:56:10 -04:00 | probe_ok | probe_v28_dual_lane_snapshot_ledger.py | elapsed_s=0.09
2026-05-08 13:56:10 -04:00 | cycle_done | cycle=821
2026-05-08 13:57:10 -04:00 | cycle_start | cycle=822
2026-05-08 13:58:10 -04:00 | probe_timeout | probe_v28_dual_lane_sidecar_safety_watch.py
2026-05-08 13:58:10 -04:00 | probe_ok | probe_v28_dual_lane_live_market_update.py | elapsed_s=0.11
2026-05-08 13:58:10 -04:00 | probe_ok | probe_v28_dual_lane_readiness_checklist.py | elapsed_s=0.11
2026-05-08 13:58:10 -04:00 | probe_ok | probe_v28_dual_lane_snapshot_ledger.py | elapsed_s=0.12
2026-05-08 13:58:10 -04:00 | cycle_done | cycle=822
2026-05-08 13:59:10 -04:00 | cycle_start | cycle=823
2026-05-08 14:00:10 -04:00 | probe_timeout | probe_v28_dual_lane_sidecar_safety_watch.py
2026-05-08 14:00:10 -04:00 | probe_ok | probe_v28_dual_lane_live_market_update.py | elapsed_s=0.1
2026-05-08 14:00:10 -04:00 | probe_ok | probe_v28_dual_lane_readiness_checklist.py | elapsed_s=0.08
2026-05-08 14:00:10 -04:00 | probe_ok | probe_v28_dual_lane_snapshot_ledger.py | elapsed_s=0.11
2026-05-08 14:00:10 -04:00 | cycle_done | cycle=823
2026-05-08 14:01:11 -04:00 | cycle_start | cycle=824
2026-05-08 14:02:11 -04:00 | probe_timeout | probe_v28_dual_lane_sidecar_safety_watch.py
2026-05-08 14:02:11 -04:00 | probe_ok | probe_v28_dual_lane_live_market_update.py | elapsed_s=0.08
2026-05-08 14:02:11 -04:00 | probe_ok | probe_v28_dual_lane_readiness_checklist.py | elapsed_s=0.08
2026-05-08 14:02:11 -04:00 | probe_ok | probe_v28_dual_lane_snapshot_ledger.py | elapsed_s=0.09
2026-05-08 14:02:11 -04:00 | cycle_done | cycle=824
2026-05-08 14:03:11 -04:00 | cycle_start | cycle=825
2026-05-08 14:04:11 -04:00 | probe_timeout | probe_v28_dual_lane_sidecar_safety_watch.py
2026-05-08 14:04:11 -04:00 | probe_ok | probe_v28_dual_lane_live_market_update.py | elapsed_s=0.08
2026-05-08 14:04:11 -04:00 | probe_ok | probe_v28_dual_lane_readiness_checklist.py | elapsed_s=0.08
2026-05-08 14:04:11 -04:00 | probe_ok | probe_v28_dual_lane_snapshot_ledger.py | elapsed_s=0.1
2026-05-08 14:04:11 -04:00 | cycle_done | cycle=825
2026-05-08 14:05:11 -04:00 | cycle_start | cycle=826
2026-05-08 14:06:11 -04:00 | probe_timeout | probe_v28_dual_lane_sidecar_safety_watch.py
2026-05-08 14:06:11 -04:00 | probe_ok | probe_v28_dual_lane_live_market_update.py | elapsed_s=0.12
2026-05-08 14:06:11 -04:00 | probe_ok | probe_v28_dual_lane_readiness_checklist.py | elapsed_s=0.09
2026-05-08 14:06:11 -04:00 | probe_ok | probe_v28_dual_lane_snapshot_ledger.py | elapsed_s=0.12
2026-05-08 14:06:11 -04:00 | cycle_done | cycle=826
2026-05-08 14:07:11 -04:00 | cycle_start | cycle=827
2026-05-08 14:08:11 -04:00 | probe_timeout | probe_v28_dual_lane_sidecar_safety_watch.py
2026-05-08 14:08:12 -04:00 | probe_ok | probe_v28_dual_lane_live_market_update.py | elapsed_s=0.1
2026-05-08 14:08:12 -04:00 | probe_ok | probe_v28_dual_lane_readiness_checklist.py | elapsed_s=0.1
2026-05-08 14:08:12 -04:00 | probe_ok | probe_v28_dual_lane_snapshot_ledger.py | elapsed_s=0.12
2026-05-08 14:08:12 -04:00 | cycle_done | cycle=827
2026-05-08 14:09:12 -04:00 | cycle_start | cycle=828
2026-05-08 14:10:12 -04:00 | probe_timeout | probe_v28_dual_lane_sidecar_safety_watch.py
2026-05-08 14:10:12 -04:00 | probe_ok | probe_v28_dual_lane_live_market_update.py | elapsed_s=0.08
2026-05-08 14:10:12 -04:00 | probe_ok | probe_v28_dual_lane_readiness_checklist.py | elapsed_s=0.07
2026-05-08 14:10:12 -04:00 | probe_ok | probe_v28_dual_lane_snapshot_ledger.py | elapsed_s=0.1
2026-05-08 14:10:12 -04:00 | cycle_done | cycle=828
2026-05-08 14:11:12 -04:00 | cycle_start | cycle=829
2026-05-08 14:12:12 -04:00 | probe_timeout | probe_v28_dual_lane_sidecar_safety_watch.py
2026-05-08 14:12:12 -04:00 | probe_ok | probe_v28_dual_lane_live_market_update.py | elapsed_s=0.09
2026-05-08 14:12:12 -04:00 | probe_ok | probe_v28_dual_lane_readiness_checklist.py | elapsed_s=0.07
2026-05-08 14:12:13 -04:00 | probe_ok | probe_v28_dual_lane_snapshot_ledger.py | elapsed_s=0.43
2026-05-08 14:12:13 -04:00 | cycle_done | cycle=829
2026-05-08 14:13:13 -04:00 | cycle_start | cycle=830
2026-05-08 14:14:13 -04:00 | probe_timeout | probe_v28_dual_lane_sidecar_safety_watch.py
2026-05-08 14:14:13 -04:00 | probe_ok | probe_v28_dual_lane_live_market_update.py | elapsed_s=0.07
2026-05-08 14:14:13 -04:00 | probe_ok | probe_v28_dual_lane_readiness_checklist.py | elapsed_s=0.07
2026-05-08 14:14:13 -04:00 | probe_ok | probe_v28_dual_lane_snapshot_ledger.py | elapsed_s=0.08
2026-05-08 14:14:13 -04:00 | cycle_done | cycle=830
2026-05-08 14:15:13 -04:00 | cycle_start | cycle=831
2026-05-08 14:16:13 -04:00 | probe_timeout | probe_v28_dual_lane_sidecar_safety_watch.py
2026-05-08 14:16:13 -04:00 | probe_ok | probe_v28_dual_lane_live_market_update.py | elapsed_s=0.07
2026-05-08 14:16:13 -04:00 | probe_ok | probe_v28_dual_lane_readiness_checklist.py | elapsed_s=0.08
2026-05-08 14:16:13 -04:00 | probe_ok | probe_v28_dual_lane_snapshot_ledger.py | elapsed_s=0.09
2026-05-08 14:16:13 -04:00 | cycle_done | cycle=831
2026-05-08 14:17:13 -04:00 | cycle_start | cycle=832
2026-05-08 14:18:13 -04:00 | probe_timeout | probe_v28_dual_lane_sidecar_safety_watch.py
2026-05-08 14:18:13 -04:00 | probe_ok | probe_v28_dual_lane_live_market_update.py | elapsed_s=0.07
2026-05-08 14:18:13 -04:00 | probe_ok | probe_v28_dual_lane_readiness_checklist.py | elapsed_s=0.08
2026-05-08 14:18:14 -04:00 | probe_ok | probe_v28_dual_lane_snapshot_ledger.py | elapsed_s=0.09
2026-05-08 14:18:14 -04:00 | cycle_done | cycle=832
2026-05-08 14:19:14 -04:00 | cycle_start | cycle=833
2026-05-08 14:20:14 -04:00 | probe_timeout | probe_v28_dual_lane_sidecar_safety_watch.py
2026-05-08 14:20:14 -04:00 | probe_ok | probe_v28_dual_lane_live_market_update.py | elapsed_s=0.08
2026-05-08 14:20:14 -04:00 | probe_ok | probe_v28_dual_lane_readiness_checklist.py | elapsed_s=0.08
2026-05-08 14:20:14 -04:00 | probe_ok | probe_v28_dual_lane_snapshot_ledger.py | elapsed_s=0.09
2026-05-08 14:20:14 -04:00 | cycle_done | cycle=833
2026-05-08 14:21:14 -04:00 | cycle_start | cycle=834
2026-05-08 14:22:14 -04:00 | probe_timeout | probe_v28_dual_lane_sidecar_safety_watch.py
2026-05-08 14:22:14 -04:00 | probe_ok | probe_v28_dual_lane_live_market_update.py | elapsed_s=0.1
2026-05-08 14:22:14 -04:00 | probe_ok | probe_v28_dual_lane_readiness_checklist.py | elapsed_s=0.1
2026-05-08 14:22:14 -04:00 | probe_ok | probe_v28_dual_lane_snapshot_ledger.py | elapsed_s=0.11
2026-05-08 14:22:14 -04:00 | cycle_done | cycle=834
2026-05-08 14:23:14 -04:00 | cycle_start | cycle=835
2026-05-08 14:24:14 -04:00 | probe_timeout | probe_v28_dual_lane_sidecar_safety_watch.py
2026-05-08 14:24:14 -04:00 | probe_ok | probe_v28_dual_lane_live_market_update.py | elapsed_s=0.08
2026-05-08 14:24:14 -04:00 | probe_ok | probe_v28_dual_lane_readiness_checklist.py | elapsed_s=0.08
2026-05-08 14:24:14 -04:00 | probe_ok | probe_v28_dual_lane_snapshot_ledger.py | elapsed_s=0.1
2026-05-08 14:24:14 -04:00 | cycle_done | cycle=835
2026-05-08 14:25:15 -04:00 | cycle_start | cycle=836
2026-05-08 14:26:15 -04:00 | probe_timeout | probe_v28_dual_lane_sidecar_safety_watch.py
2026-05-08 14:26:15 -04:00 | probe_ok | probe_v28_dual_lane_live_market_update.py | elapsed_s=0.08
2026-05-08 14:26:15 -04:00 | probe_ok | probe_v28_dual_lane_readiness_checklist.py | elapsed_s=0.08
2026-05-08 14:26:15 -04:00 | probe_ok | probe_v28_dual_lane_snapshot_ledger.py | elapsed_s=0.09
2026-05-08 14:26:15 -04:00 | cycle_done | cycle=836
2026-05-08 14:27:15 -04:00 | cycle_start | cycle=837
2026-05-08 14:28:15 -04:00 | probe_timeout | probe_v28_dual_lane_sidecar_safety_watch.py
2026-05-08 14:28:15 -04:00 | probe_ok | probe_v28_dual_lane_live_market_update.py | elapsed_s=0.08
2026-05-08 14:28:15 -04:00 | probe_ok | probe_v28_dual_lane_readiness_checklist.py | elapsed_s=0.09
2026-05-08 14:28:15 -04:00 | probe_ok | probe_v28_dual_lane_snapshot_ledger.py | elapsed_s=0.1
2026-05-08 14:28:15 -04:00 | cycle_done | cycle=837
2026-05-08 14:29:15 -04:00 | cycle_start | cycle=838
2026-05-08 14:30:15 -04:00 | probe_timeout | probe_v28_dual_lane_sidecar_safety_watch.py
2026-05-08 14:30:15 -04:00 | probe_ok | probe_v28_dual_lane_live_market_update.py | elapsed_s=0.08
2026-05-08 14:30:15 -04:00 | probe_ok | probe_v28_dual_lane_readiness_checklist.py | elapsed_s=0.07
2026-05-08 14:30:15 -04:00 | probe_ok | probe_v28_dual_lane_snapshot_ledger.py | elapsed_s=0.08
2026-05-08 14:30:15 -04:00 | cycle_done | cycle=838
2026-05-08 14:31:15 -04:00 | cycle_start | cycle=839
2026-05-08 14:32:15 -04:00 | probe_timeout | probe_v28_dual_lane_sidecar_safety_watch.py
2026-05-08 14:32:15 -04:00 | probe_ok | probe_v28_dual_lane_live_market_update.py | elapsed_s=0.07
2026-05-08 14:32:16 -04:00 | probe_ok | probe_v28_dual_lane_readiness_checklist.py | elapsed_s=0.07
2026-05-08 14:32:16 -04:00 | probe_ok | probe_v28_dual_lane_snapshot_ledger.py | elapsed_s=0.09
2026-05-08 14:32:16 -04:00 | cycle_done | cycle=839
2026-05-08 14:33:16 -04:00 | cycle_start | cycle=840
2026-05-08 14:34:16 -04:00 | probe_timeout | probe_v28_dual_lane_sidecar_safety_watch.py
2026-05-08 14:34:16 -04:00 | probe_ok | probe_v28_dual_lane_live_market_update.py | elapsed_s=0.07
2026-05-08 14:34:16 -04:00 | probe_ok | probe_v28_dual_lane_readiness_checklist.py | elapsed_s=0.07
2026-05-08 14:34:16 -04:00 | probe_ok | probe_v28_dual_lane_snapshot_ledger.py | elapsed_s=0.09
2026-05-08 14:34:16 -04:00 | cycle_done | cycle=840
2026-05-08 14:35:16 -04:00 | cycle_start | cycle=841
2026-05-08 14:36:16 -04:00 | probe_timeout | probe_v28_dual_lane_sidecar_safety_watch.py
2026-05-08 14:36:16 -04:00 | probe_ok | probe_v28_dual_lane_live_market_update.py | elapsed_s=0.09
2026-05-08 14:36:16 -04:00 | probe_ok | probe_v28_dual_lane_readiness_checklist.py | elapsed_s=0.07
2026-05-08 14:36:16 -04:00 | probe_ok | probe_v28_dual_lane_snapshot_ledger.py | elapsed_s=0.09
2026-05-08 14:36:16 -04:00 | cycle_done | cycle=841
2026-05-08 14:37:16 -04:00 | cycle_start | cycle=842
2026-05-08 14:38:16 -04:00 | probe_timeout | probe_v28_dual_lane_sidecar_safety_watch.py
2026-05-08 14:38:16 -04:00 | probe_ok | probe_v28_dual_lane_live_market_update.py | elapsed_s=0.07
2026-05-08 14:38:16 -04:00 | probe_ok | probe_v28_dual_lane_readiness_checklist.py | elapsed_s=0.07
2026-05-08 14:38:16 -04:00 | probe_ok | probe_v28_dual_lane_snapshot_ledger.py | elapsed_s=0.1
2026-05-08 14:38:16 -04:00 | cycle_done | cycle=842
2026-05-08 14:39:16 -04:00 | cycle_start | cycle=843
2026-05-08 14:40:17 -04:00 | probe_timeout | probe_v28_dual_lane_sidecar_safety_watch.py
2026-05-08 14:40:17 -04:00 | probe_ok | probe_v28_dual_lane_live_market_update.py | elapsed_s=0.08
2026-05-08 14:40:17 -04:00 | probe_ok | probe_v28_dual_lane_readiness_checklist.py | elapsed_s=0.07
2026-05-08 14:40:17 -04:00 | probe_ok | probe_v28_dual_lane_snapshot_ledger.py | elapsed_s=0.09
2026-05-08 14:40:17 -04:00 | cycle_done | cycle=843
2026-05-08 14:41:17 -04:00 | cycle_start | cycle=844
2026-05-08 14:42:17 -04:00 | probe_timeout | probe_v28_dual_lane_sidecar_safety_watch.py
2026-05-08 14:42:17 -04:00 | probe_ok | probe_v28_dual_lane_live_market_update.py | elapsed_s=0.07
2026-05-08 14:42:17 -04:00 | probe_ok | probe_v28_dual_lane_readiness_checklist.py | elapsed_s=0.09
2026-05-08 14:42:17 -04:00 | probe_ok | probe_v28_dual_lane_snapshot_ledger.py | elapsed_s=0.1
2026-05-08 14:42:17 -04:00 | cycle_done | cycle=844
2026-05-08 14:43:17 -04:00 | cycle_start | cycle=845
2026-05-08 14:44:17 -04:00 | probe_timeout | probe_v28_dual_lane_sidecar_safety_watch.py
2026-05-08 14:44:17 -04:00 | probe_ok | probe_v28_dual_lane_live_market_update.py | elapsed_s=0.07
2026-05-08 14:44:17 -04:00 | probe_ok | probe_v28_dual_lane_readiness_checklist.py | elapsed_s=0.08
2026-05-08 14:44:17 -04:00 | probe_ok | probe_v28_dual_lane_snapshot_ledger.py | elapsed_s=0.08
2026-05-08 14:44:17 -04:00 | cycle_done | cycle=845
2026-05-08 14:45:17 -04:00 | cycle_start | cycle=846
2026-05-08 14:46:17 -04:00 | probe_timeout | probe_v28_dual_lane_sidecar_safety_watch.py
2026-05-08 14:46:17 -04:00 | probe_ok | probe_v28_dual_lane_live_market_update.py | elapsed_s=0.08
2026-05-08 14:46:18 -04:00 | probe_ok | probe_v28_dual_lane_readiness_checklist.py | elapsed_s=0.09
2026-05-08 14:46:18 -04:00 | probe_ok | probe_v28_dual_lane_snapshot_ledger.py | elapsed_s=0.12
2026-05-08 14:46:18 -04:00 | cycle_done | cycle=846
2026-05-08 14:47:18 -04:00 | cycle_start | cycle=847
2026-05-08 14:48:18 -04:00 | probe_timeout | probe_v28_dual_lane_sidecar_safety_watch.py
2026-05-08 14:48:18 -04:00 | probe_ok | probe_v28_dual_lane_live_market_update.py | elapsed_s=0.07
2026-05-08 14:48:18 -04:00 | probe_ok | probe_v28_dual_lane_readiness_checklist.py | elapsed_s=0.07
2026-05-08 14:48:18 -04:00 | probe_ok | probe_v28_dual_lane_snapshot_ledger.py | elapsed_s=0.09
2026-05-08 14:48:18 -04:00 | cycle_done | cycle=847
2026-05-08 14:49:18 -04:00 | cycle_start | cycle=848
2026-05-08 14:50:18 -04:00 | probe_timeout | probe_v28_dual_lane_sidecar_safety_watch.py
2026-05-08 14:50:18 -04:00 | probe_ok | probe_v28_dual_lane_live_market_update.py | elapsed_s=0.1
2026-05-08 14:50:18 -04:00 | probe_ok | probe_v28_dual_lane_readiness_checklist.py | elapsed_s=0.12
2026-05-08 14:50:18 -04:00 | probe_ok | probe_v28_dual_lane_snapshot_ledger.py | elapsed_s=0.13
2026-05-08 14:50:18 -04:00 | cycle_done | cycle=848
2026-05-08 14:51:18 -04:00 | cycle_start | cycle=849
2026-05-08 14:52:18 -04:00 | probe_timeout | probe_v28_dual_lane_sidecar_safety_watch.py
2026-05-08 14:52:18 -04:00 | probe_ok | probe_v28_dual_lane_live_market_update.py | elapsed_s=0.08
2026-05-08 14:52:18 -04:00 | probe_ok | probe_v28_dual_lane_readiness_checklist.py | elapsed_s=0.09
2026-05-08 14:52:19 -04:00 | probe_ok | probe_v28_dual_lane_snapshot_ledger.py | elapsed_s=0.11
2026-05-08 14:52:19 -04:00 | cycle_done | cycle=849
2026-05-08 14:53:19 -04:00 | cycle_start | cycle=850
2026-05-08 14:54:19 -04:00 | probe_timeout | probe_v28_dual_lane_sidecar_safety_watch.py
2026-05-08 14:54:19 -04:00 | probe_ok | probe_v28_dual_lane_live_market_update.py | elapsed_s=0.07
2026-05-08 14:54:19 -04:00 | probe_ok | probe_v28_dual_lane_readiness_checklist.py | elapsed_s=0.07
2026-05-08 14:54:19 -04:00 | probe_ok | probe_v28_dual_lane_snapshot_ledger.py | elapsed_s=0.08
2026-05-08 14:54:19 -04:00 | cycle_done | cycle=850
2026-05-08 14:55:19 -04:00 | cycle_start | cycle=851
2026-05-08 14:56:19 -04:00 | probe_timeout | probe_v28_dual_lane_sidecar_safety_watch.py
2026-05-08 14:56:19 -04:00 | probe_ok | probe_v28_dual_lane_live_market_update.py | elapsed_s=0.11
2026-05-08 14:56:19 -04:00 | probe_ok | probe_v28_dual_lane_readiness_checklist.py | elapsed_s=0.11
2026-05-08 14:56:19 -04:00 | probe_ok | probe_v28_dual_lane_snapshot_ledger.py | elapsed_s=0.15
2026-05-08 14:56:19 -04:00 | cycle_done | cycle=851
2026-05-08 14:57:19 -04:00 | cycle_start | cycle=852
2026-05-08 14:58:19 -04:00 | probe_timeout | probe_v28_dual_lane_sidecar_safety_watch.py
2026-05-08 14:58:19 -04:00 | probe_ok | probe_v28_dual_lane_live_market_update.py | elapsed_s=0.07
2026-05-08 14:58:19 -04:00 | probe_ok | probe_v28_dual_lane_readiness_checklist.py | elapsed_s=0.08
2026-05-08 14:58:20 -04:00 | probe_ok | probe_v28_dual_lane_snapshot_ledger.py | elapsed_s=0.09
2026-05-08 14:58:20 -04:00 | cycle_done | cycle=852
2026-05-08 14:59:20 -04:00 | cycle_start | cycle=853
2026-05-08 15:00:20 -04:00 | probe_timeout | probe_v28_dual_lane_sidecar_safety_watch.py
2026-05-08 15:00:20 -04:00 | probe_ok | probe_v28_dual_lane_live_market_update.py | elapsed_s=0.08
2026-05-08 15:00:20 -04:00 | probe_ok | probe_v28_dual_lane_readiness_checklist.py | elapsed_s=0.07
2026-05-08 15:00:20 -04:00 | probe_ok | probe_v28_dual_lane_snapshot_ledger.py | elapsed_s=0.1
2026-05-08 15:00:20 -04:00 | cycle_done | cycle=853
2026-05-08 15:01:20 -04:00 | cycle_start | cycle=854
2026-05-08 15:02:20 -04:00 | probe_timeout | probe_v28_dual_lane_sidecar_safety_watch.py
2026-05-08 15:02:20 -04:00 | probe_ok | probe_v28_dual_lane_live_market_update.py | elapsed_s=0.08
2026-05-08 15:02:20 -04:00 | probe_ok | probe_v28_dual_lane_readiness_checklist.py | elapsed_s=0.08
2026-05-08 15:02:20 -04:00 | probe_ok | probe_v28_dual_lane_snapshot_ledger.py | elapsed_s=0.1
2026-05-08 15:02:20 -04:00 | cycle_done | cycle=854
2026-05-08 15:03:20 -04:00 | cycle_start | cycle=855
2026-05-08 15:04:20 -04:00 | probe_timeout | probe_v28_dual_lane_sidecar_safety_watch.py
2026-05-08 15:04:20 -04:00 | probe_ok | probe_v28_dual_lane_live_market_update.py | elapsed_s=0.08
2026-05-08 15:04:20 -04:00 | probe_ok | probe_v28_dual_lane_readiness_checklist.py | elapsed_s=0.07
2026-05-08 15:04:20 -04:00 | probe_ok | probe_v28_dual_lane_snapshot_ledger.py | elapsed_s=0.09
2026-05-08 15:04:20 -04:00 | cycle_done | cycle=855
2026-05-08 15:05:20 -04:00 | cycle_start | cycle=856
2026-05-08 15:06:20 -04:00 | probe_timeout | probe_v28_dual_lane_sidecar_safety_watch.py
2026-05-08 15:06:20 -04:00 | probe_ok | probe_v28_dual_lane_live_market_update.py | elapsed_s=0.07
2026-05-08 15:06:21 -04:00 | probe_ok | probe_v28_dual_lane_readiness_checklist.py | elapsed_s=0.08
2026-05-08 15:06:21 -04:00 | probe_ok | probe_v28_dual_lane_snapshot_ledger.py | elapsed_s=0.1
2026-05-08 15:06:21 -04:00 | cycle_done | cycle=856
2026-05-08 15:07:21 -04:00 | cycle_start | cycle=857
2026-05-08 15:08:21 -04:00 | probe_timeout | probe_v28_dual_lane_sidecar_safety_watch.py
2026-05-08 15:08:21 -04:00 | probe_ok | probe_v28_dual_lane_live_market_update.py | elapsed_s=0.07
2026-05-08 15:08:21 -04:00 | probe_ok | probe_v28_dual_lane_readiness_checklist.py | elapsed_s=0.08
2026-05-08 15:08:21 -04:00 | probe_ok | probe_v28_dual_lane_snapshot_ledger.py | elapsed_s=0.09
2026-05-08 15:08:21 -04:00 | cycle_done | cycle=857
2026-05-08 15:09:21 -04:00 | cycle_start | cycle=858
2026-05-08 15:10:21 -04:00 | probe_timeout | probe_v28_dual_lane_sidecar_safety_watch.py
2026-05-08 15:10:21 -04:00 | probe_ok | probe_v28_dual_lane_live_market_update.py | elapsed_s=0.08
2026-05-08 15:10:21 -04:00 | probe_ok | probe_v28_dual_lane_readiness_checklist.py | elapsed_s=0.07
2026-05-08 15:10:21 -04:00 | probe_ok | probe_v28_dual_lane_snapshot_ledger.py | elapsed_s=0.09
2026-05-08 15:10:21 -04:00 | cycle_done | cycle=858
2026-05-08 15:11:21 -04:00 | cycle_start | cycle=859
2026-05-08 15:12:21 -04:00 | probe_timeout | probe_v28_dual_lane_sidecar_safety_watch.py
2026-05-08 15:12:21 -04:00 | probe_ok | probe_v28_dual_lane_live_market_update.py | elapsed_s=0.07
2026-05-08 15:12:21 -04:00 | probe_ok | probe_v28_dual_lane_readiness_checklist.py | elapsed_s=0.07
2026-05-08 15:12:21 -04:00 | probe_ok | probe_v28_dual_lane_snapshot_ledger.py | elapsed_s=0.09
2026-05-08 15:12:21 -04:00 | cycle_done | cycle=859
2026-05-08 15:13:22 -04:00 | cycle_start | cycle=860
2026-05-08 15:14:22 -04:00 | probe_timeout | probe_v28_dual_lane_sidecar_safety_watch.py
2026-05-08 15:14:22 -04:00 | probe_ok | probe_v28_dual_lane_live_market_update.py | elapsed_s=0.07
2026-05-08 15:14:22 -04:00 | probe_ok | probe_v28_dual_lane_readiness_checklist.py | elapsed_s=0.07
2026-05-08 15:14:22 -04:00 | probe_ok | probe_v28_dual_lane_snapshot_ledger.py | elapsed_s=0.08
2026-05-08 15:14:22 -04:00 | cycle_done | cycle=860
2026-05-08 15:15:22 -04:00 | cycle_start | cycle=861
2026-05-08 15:16:22 -04:00 | probe_timeout | probe_v28_dual_lane_sidecar_safety_watch.py
2026-05-08 15:16:22 -04:00 | probe_ok | probe_v28_dual_lane_live_market_update.py | elapsed_s=0.07
2026-05-08 15:16:22 -04:00 | probe_ok | probe_v28_dual_lane_readiness_checklist.py | elapsed_s=0.08
2026-05-08 15:16:22 -04:00 | probe_ok | probe_v28_dual_lane_snapshot_ledger.py | elapsed_s=0.1
2026-05-08 15:16:22 -04:00 | cycle_done | cycle=861
2026-05-08 15:17:22 -04:00 | cycle_start | cycle=862
2026-05-08 15:18:22 -04:00 | probe_timeout | probe_v28_dual_lane_sidecar_safety_watch.py
2026-05-08 15:18:22 -04:00 | probe_ok | probe_v28_dual_lane_live_market_update.py | elapsed_s=0.08
2026-05-08 15:18:22 -04:00 | probe_ok | probe_v28_dual_lane_readiness_checklist.py | elapsed_s=0.07
2026-05-08 15:18:22 -04:00 | probe_ok | probe_v28_dual_lane_snapshot_ledger.py | elapsed_s=0.09
2026-05-08 15:18:22 -04:00 | cycle_done | cycle=862
2026-05-08 15:19:22 -04:00 | cycle_start | cycle=863
2026-05-08 15:20:22 -04:00 | probe_timeout | probe_v28_dual_lane_sidecar_safety_watch.py
2026-05-08 15:20:22 -04:00 | probe_ok | probe_v28_dual_lane_live_market_update.py | elapsed_s=0.12
2026-05-08 15:20:23 -04:00 | probe_ok | probe_v28_dual_lane_readiness_checklist.py | elapsed_s=0.1
2026-05-08 15:20:23 -04:00 | probe_ok | probe_v28_dual_lane_snapshot_ledger.py | elapsed_s=0.14
2026-05-08 15:20:23 -04:00 | cycle_done | cycle=863
2026-05-08 15:21:23 -04:00 | cycle_start | cycle=864
2026-05-08 15:22:23 -04:00 | probe_timeout | probe_v28_dual_lane_sidecar_safety_watch.py
2026-05-08 15:22:23 -04:00 | probe_ok | probe_v28_dual_lane_live_market_update.py | elapsed_s=0.07
2026-05-08 15:22:23 -04:00 | probe_ok | probe_v28_dual_lane_readiness_checklist.py | elapsed_s=0.07
2026-05-08 15:22:23 -04:00 | probe_ok | probe_v28_dual_lane_snapshot_ledger.py | elapsed_s=0.08
2026-05-08 15:22:23 -04:00 | cycle_done | cycle=864
2026-05-08 15:23:23 -04:00 | cycle_start | cycle=865
2026-05-08 15:24:23 -04:00 | probe_timeout | probe_v28_dual_lane_sidecar_safety_watch.py
2026-05-08 15:24:23 -04:00 | probe_ok | probe_v28_dual_lane_live_market_update.py | elapsed_s=0.07
2026-05-08 15:24:23 -04:00 | probe_ok | probe_v28_dual_lane_readiness_checklist.py | elapsed_s=0.07
2026-05-08 15:24:23 -04:00 | probe_ok | probe_v28_dual_lane_snapshot_ledger.py | elapsed_s=0.09
2026-05-08 15:24:23 -04:00 | cycle_done | cycle=865
2026-05-08 15:25:23 -04:00 | cycle_start | cycle=866
2026-05-08 15:26:23 -04:00 | probe_timeout | probe_v28_dual_lane_sidecar_safety_watch.py
2026-05-08 15:26:23 -04:00 | probe_ok | probe_v28_dual_lane_live_market_update.py | elapsed_s=0.07
2026-05-08 15:26:23 -04:00 | probe_ok | probe_v28_dual_lane_readiness_checklist.py | elapsed_s=0.07
2026-05-08 15:26:24 -04:00 | probe_ok | probe_v28_dual_lane_snapshot_ledger.py | elapsed_s=0.08
2026-05-08 15:26:24 -04:00 | cycle_done | cycle=866
2026-05-08 15:27:24 -04:00 | cycle_start | cycle=867
2026-05-08 15:28:24 -04:00 | probe_timeout | probe_v28_dual_lane_sidecar_safety_watch.py
2026-05-08 15:28:24 -04:00 | probe_ok | probe_v28_dual_lane_live_market_update.py | elapsed_s=0.07
2026-05-08 15:28:24 -04:00 | probe_ok | probe_v28_dual_lane_readiness_checklist.py | elapsed_s=0.08
2026-05-08 15:28:24 -04:00 | probe_ok | probe_v28_dual_lane_snapshot_ledger.py | elapsed_s=0.09
2026-05-08 15:28:24 -04:00 | cycle_done | cycle=867
2026-05-08 15:29:24 -04:00 | cycle_start | cycle=868
2026-05-08 15:30:24 -04:00 | probe_timeout | probe_v28_dual_lane_sidecar_safety_watch.py
2026-05-08 15:30:24 -04:00 | probe_ok | probe_v28_dual_lane_live_market_update.py | elapsed_s=0.1
2026-05-08 15:30:24 -04:00 | probe_ok | probe_v28_dual_lane_readiness_checklist.py | elapsed_s=0.08
2026-05-08 15:30:24 -04:00 | probe_ok | probe_v28_dual_lane_snapshot_ledger.py | elapsed_s=0.11
2026-05-08 15:30:24 -04:00 | cycle_done | cycle=868
2026-05-08 15:31:24 -04:00 | cycle_start | cycle=869
2026-05-08 15:32:24 -04:00 | probe_timeout | probe_v28_dual_lane_sidecar_safety_watch.py
2026-05-08 15:32:24 -04:00 | probe_ok | probe_v28_dual_lane_live_market_update.py | elapsed_s=0.07
2026-05-08 15:32:24 -04:00 | probe_ok | probe_v28_dual_lane_readiness_checklist.py | elapsed_s=0.07
2026-05-08 15:32:24 -04:00 | probe_ok | probe_v28_dual_lane_snapshot_ledger.py | elapsed_s=0.09
2026-05-08 15:32:24 -04:00 | cycle_done | cycle=869
2026-05-08 15:33:24 -04:00 | cycle_start | cycle=870
2026-05-08 15:34:24 -04:00 | probe_timeout | probe_v28_dual_lane_sidecar_safety_watch.py
2026-05-08 15:34:25 -04:00 | probe_ok | probe_v28_dual_lane_live_market_update.py | elapsed_s=0.09
2026-05-08 15:34:25 -04:00 | probe_ok | probe_v28_dual_lane_readiness_checklist.py | elapsed_s=0.08
2026-05-08 15:34:25 -04:00 | probe_ok | probe_v28_dual_lane_snapshot_ledger.py | elapsed_s=0.1
2026-05-08 15:34:25 -04:00 | cycle_done | cycle=870
2026-05-08 15:35:25 -04:00 | cycle_start | cycle=871
2026-05-08 15:36:25 -04:00 | probe_timeout | probe_v28_dual_lane_sidecar_safety_watch.py
2026-05-08 15:36:25 -04:00 | probe_ok | probe_v28_dual_lane_live_market_update.py | elapsed_s=0.09
2026-05-08 15:36:25 -04:00 | probe_ok | probe_v28_dual_lane_readiness_checklist.py | elapsed_s=0.1
2026-05-08 15:36:25 -04:00 | probe_ok | probe_v28_dual_lane_snapshot_ledger.py | elapsed_s=0.1
2026-05-08 15:36:25 -04:00 | cycle_done | cycle=871
2026-05-08 15:37:25 -04:00 | cycle_start | cycle=872
2026-05-08 15:38:25 -04:00 | probe_timeout | probe_v28_dual_lane_sidecar_safety_watch.py
2026-05-08 15:38:25 -04:00 | probe_ok | probe_v28_dual_lane_live_market_update.py | elapsed_s=0.07
2026-05-08 15:38:25 -04:00 | probe_ok | probe_v28_dual_lane_readiness_checklist.py | elapsed_s=0.08
2026-05-08 15:38:25 -04:00 | probe_ok | probe_v28_dual_lane_snapshot_ledger.py | elapsed_s=0.09
2026-05-08 15:38:25 -04:00 | cycle_done | cycle=872
2026-05-08 15:39:25 -04:00 | cycle_start | cycle=873
2026-05-08 15:40:25 -04:00 | probe_timeout | probe_v28_dual_lane_sidecar_safety_watch.py
2026-05-08 15:40:25 -04:00 | probe_ok | probe_v28_dual_lane_live_market_update.py | elapsed_s=0.08
2026-05-08 15:40:26 -04:00 | probe_ok | probe_v28_dual_lane_readiness_checklist.py | elapsed_s=0.07
2026-05-08 15:40:26 -04:00 | probe_ok | probe_v28_dual_lane_snapshot_ledger.py | elapsed_s=0.09
2026-05-08 15:40:26 -04:00 | cycle_done | cycle=873
2026-05-08 15:41:26 -04:00 | cycle_start | cycle=874
2026-05-08 15:42:26 -04:00 | probe_timeout | probe_v28_dual_lane_sidecar_safety_watch.py
2026-05-08 15:42:26 -04:00 | probe_ok | probe_v28_dual_lane_live_market_update.py | elapsed_s=0.07
2026-05-08 15:42:26 -04:00 | probe_ok | probe_v28_dual_lane_readiness_checklist.py | elapsed_s=0.07
2026-05-08 15:42:26 -04:00 | probe_ok | probe_v28_dual_lane_snapshot_ledger.py | elapsed_s=0.08
2026-05-08 15:42:26 -04:00 | cycle_done | cycle=874
2026-05-08 15:43:26 -04:00 | cycle_start | cycle=875
2026-05-08 15:44:26 -04:00 | probe_timeout | probe_v28_dual_lane_sidecar_safety_watch.py
2026-05-08 15:44:26 -04:00 | probe_ok | probe_v28_dual_lane_live_market_update.py | elapsed_s=0.07
2026-05-08 15:44:26 -04:00 | probe_ok | probe_v28_dual_lane_readiness_checklist.py | elapsed_s=0.07
2026-05-08 15:44:26 -04:00 | probe_ok | probe_v28_dual_lane_snapshot_ledger.py | elapsed_s=0.1
2026-05-08 15:44:26 -04:00 | cycle_done | cycle=875
2026-05-08 15:45:26 -04:00 | cycle_start | cycle=876
2026-05-08 15:46:26 -04:00 | probe_timeout | probe_v28_dual_lane_sidecar_safety_watch.py
2026-05-08 15:46:26 -04:00 | probe_ok | probe_v28_dual_lane_live_market_update.py | elapsed_s=0.07
2026-05-08 15:46:26 -04:00 | probe_ok | probe_v28_dual_lane_readiness_checklist.py | elapsed_s=0.08
2026-05-08 15:46:26 -04:00 | probe_ok | probe_v28_dual_lane_snapshot_ledger.py | elapsed_s=0.11
2026-05-08 15:46:26 -04:00 | cycle_done | cycle=876
2026-05-08 15:47:26 -04:00 | cycle_start | cycle=877
2026-05-08 15:48:26 -04:00 | probe_timeout | probe_v28_dual_lane_sidecar_safety_watch.py
2026-05-08 15:48:27 -04:00 | probe_ok | probe_v28_dual_lane_live_market_update.py | elapsed_s=0.07
2026-05-08 15:48:27 -04:00 | probe_ok | probe_v28_dual_lane_readiness_checklist.py | elapsed_s=0.08
2026-05-08 15:48:27 -04:00 | probe_ok | probe_v28_dual_lane_snapshot_ledger.py | elapsed_s=0.09
2026-05-08 15:48:27 -04:00 | cycle_done | cycle=877
2026-05-08 15:49:27 -04:00 | cycle_start | cycle=878
2026-05-08 15:50:27 -04:00 | probe_timeout | probe_v28_dual_lane_sidecar_safety_watch.py
2026-05-08 15:50:27 -04:00 | probe_ok | probe_v28_dual_lane_live_market_update.py | elapsed_s=0.11
2026-05-08 15:50:27 -04:00 | probe_ok | probe_v28_dual_lane_readiness_checklist.py | elapsed_s=0.08
2026-05-08 15:50:27 -04:00 | probe_ok | probe_v28_dual_lane_snapshot_ledger.py | elapsed_s=0.11
2026-05-08 15:50:27 -04:00 | cycle_done | cycle=878
2026-05-08 15:51:27 -04:00 | cycle_start | cycle=879
2026-05-08 15:52:27 -04:00 | probe_timeout | probe_v28_dual_lane_sidecar_safety_watch.py
2026-05-08 15:52:27 -04:00 | probe_ok | probe_v28_dual_lane_live_market_update.py | elapsed_s=0.07
2026-05-08 15:52:27 -04:00 | probe_ok | probe_v28_dual_lane_readiness_checklist.py | elapsed_s=0.08
2026-05-08 15:52:27 -04:00 | probe_ok | probe_v28_dual_lane_snapshot_ledger.py | elapsed_s=0.09
2026-05-08 15:52:27 -04:00 | cycle_done | cycle=879
2026-05-08 15:53:27 -04:00 | cycle_start | cycle=880
2026-05-08 15:54:27 -04:00 | probe_timeout | probe_v28_dual_lane_sidecar_safety_watch.py
2026-05-08 15:54:27 -04:00 | probe_ok | probe_v28_dual_lane_live_market_update.py | elapsed_s=0.08
2026-05-08 15:54:28 -04:00 | probe_ok | probe_v28_dual_lane_readiness_checklist.py | elapsed_s=0.07
2026-05-08 15:54:28 -04:00 | probe_ok | probe_v28_dual_lane_snapshot_ledger.py | elapsed_s=0.1
2026-05-08 15:54:28 -04:00 | cycle_done | cycle=880
2026-05-08 15:55:28 -04:00 | cycle_start | cycle=881
2026-05-08 15:56:28 -04:00 | probe_timeout | probe_v28_dual_lane_sidecar_safety_watch.py
2026-05-08 15:56:28 -04:00 | probe_ok | probe_v28_dual_lane_live_market_update.py | elapsed_s=0.08
2026-05-08 15:56:28 -04:00 | probe_ok | probe_v28_dual_lane_readiness_checklist.py | elapsed_s=0.08
2026-05-08 15:56:28 -04:00 | probe_ok | probe_v28_dual_lane_snapshot_ledger.py | elapsed_s=0.1
2026-05-08 15:56:28 -04:00 | cycle_done | cycle=881
2026-05-08 15:57:28 -04:00 | cycle_start | cycle=882
2026-05-08 15:58:28 -04:00 | probe_timeout | probe_v28_dual_lane_sidecar_safety_watch.py
2026-05-08 15:58:28 -04:00 | probe_ok | probe_v28_dual_lane_live_market_update.py | elapsed_s=0.09
2026-05-08 15:58:28 -04:00 | probe_ok | probe_v28_dual_lane_readiness_checklist.py | elapsed_s=0.1
2026-05-08 15:58:28 -04:00 | probe_ok | probe_v28_dual_lane_snapshot_ledger.py | elapsed_s=0.11
2026-05-08 15:58:28 -04:00 | cycle_done | cycle=882
2026-05-08 15:59:28 -04:00 | cycle_start | cycle=883
2026-05-08 16:00:28 -04:00 | probe_timeout | probe_v28_dual_lane_sidecar_safety_watch.py
2026-05-08 16:00:28 -04:00 | probe_ok | probe_v28_dual_lane_live_market_update.py | elapsed_s=0.08
2026-05-08 16:00:28 -04:00 | probe_ok | probe_v28_dual_lane_readiness_checklist.py | elapsed_s=0.07
2026-05-08 16:00:29 -04:00 | probe_ok | probe_v28_dual_lane_snapshot_ledger.py | elapsed_s=0.08
2026-05-08 16:00:29 -04:00 | cycle_done | cycle=883
2026-05-08 16:01:29 -04:00 | cycle_start | cycle=884
2026-05-08 16:02:29 -04:00 | probe_timeout | probe_v28_dual_lane_sidecar_safety_watch.py
2026-05-08 16:02:29 -04:00 | probe_ok | probe_v28_dual_lane_live_market_update.py | elapsed_s=0.08
2026-05-08 16:02:29 -04:00 | probe_ok | probe_v28_dual_lane_readiness_checklist.py | elapsed_s=0.08
2026-05-08 16:02:29 -04:00 | probe_ok | probe_v28_dual_lane_snapshot_ledger.py | elapsed_s=0.09
2026-05-08 16:02:29 -04:00 | cycle_done | cycle=884
2026-05-08 16:03:29 -04:00 | cycle_start | cycle=885
2026-05-08 16:04:29 -04:00 | probe_timeout | probe_v28_dual_lane_sidecar_safety_watch.py
2026-05-08 16:04:29 -04:00 | probe_ok | probe_v28_dual_lane_live_market_update.py | elapsed_s=0.08
2026-05-08 16:04:29 -04:00 | probe_ok | probe_v28_dual_lane_readiness_checklist.py | elapsed_s=0.08
2026-05-08 16:04:29 -04:00 | probe_ok | probe_v28_dual_lane_snapshot_ledger.py | elapsed_s=0.1
2026-05-08 16:04:29 -04:00 | cycle_done | cycle=885
2026-05-08 16:05:29 -04:00 | cycle_start | cycle=886
2026-05-08 16:06:29 -04:00 | probe_timeout | probe_v28_dual_lane_sidecar_safety_watch.py
2026-05-08 16:06:29 -04:00 | probe_ok | probe_v28_dual_lane_live_market_update.py | elapsed_s=0.07
2026-05-08 16:06:29 -04:00 | probe_ok | probe_v28_dual_lane_readiness_checklist.py | elapsed_s=0.07
2026-05-08 16:06:29 -04:00 | probe_ok | probe_v28_dual_lane_snapshot_ledger.py | elapsed_s=0.09
2026-05-08 16:06:29 -04:00 | cycle_done | cycle=886
2026-05-08 16:07:29 -04:00 | cycle_start | cycle=887
2026-05-08 16:08:29 -04:00 | probe_timeout | probe_v28_dual_lane_sidecar_safety_watch.py
2026-05-08 16:08:30 -04:00 | probe_ok | probe_v28_dual_lane_live_market_update.py | elapsed_s=0.1
2026-05-08 16:08:30 -04:00 | probe_ok | probe_v28_dual_lane_readiness_checklist.py | elapsed_s=0.11
2026-05-08 16:08:30 -04:00 | probe_ok | probe_v28_dual_lane_snapshot_ledger.py | elapsed_s=0.12
2026-05-08 16:08:30 -04:00 | cycle_done | cycle=887
2026-05-08 16:09:30 -04:00 | cycle_start | cycle=888
2026-05-08 16:10:30 -04:00 | probe_timeout | probe_v28_dual_lane_sidecar_safety_watch.py
2026-05-08 16:10:30 -04:00 | probe_ok | probe_v28_dual_lane_live_market_update.py | elapsed_s=0.08
2026-05-08 16:10:30 -04:00 | probe_ok | probe_v28_dual_lane_readiness_checklist.py | elapsed_s=0.07
2026-05-08 16:10:30 -04:00 | probe_ok | probe_v28_dual_lane_snapshot_ledger.py | elapsed_s=0.09
2026-05-08 16:10:30 -04:00 | cycle_done | cycle=888
2026-05-08 16:11:30 -04:00 | cycle_start | cycle=889
2026-05-08 16:12:30 -04:00 | probe_timeout | probe_v28_dual_lane_sidecar_safety_watch.py
2026-05-08 16:12:30 -04:00 | probe_ok | probe_v28_dual_lane_live_market_update.py | elapsed_s=0.09
2026-05-08 16:12:30 -04:00 | probe_ok | probe_v28_dual_lane_readiness_checklist.py | elapsed_s=0.1
2026-05-08 16:12:30 -04:00 | probe_ok | probe_v28_dual_lane_snapshot_ledger.py | elapsed_s=0.12
2026-05-08 16:12:30 -04:00 | cycle_done | cycle=889
2026-05-08 16:13:30 -04:00 | cycle_start | cycle=890
2026-05-08 16:14:30 -04:00 | probe_timeout | probe_v28_dual_lane_sidecar_safety_watch.py
2026-05-08 16:14:31 -04:00 | probe_ok | probe_v28_dual_lane_live_market_update.py | elapsed_s=0.14
2026-05-08 16:14:31 -04:00 | probe_ok | probe_v28_dual_lane_readiness_checklist.py | elapsed_s=0.13
2026-05-08 16:14:31 -04:00 | probe_ok | probe_v28_dual_lane_snapshot_ledger.py | elapsed_s=0.16
2026-05-08 16:14:31 -04:00 | cycle_done | cycle=890
2026-05-08 16:15:31 -04:00 | cycle_start | cycle=891
2026-05-08 16:16:31 -04:00 | probe_timeout | probe_v28_dual_lane_sidecar_safety_watch.py
2026-05-08 16:16:31 -04:00 | probe_ok | probe_v28_dual_lane_live_market_update.py | elapsed_s=0.08
2026-05-08 16:16:31 -04:00 | probe_ok | probe_v28_dual_lane_readiness_checklist.py | elapsed_s=0.08
2026-05-08 16:16:31 -04:00 | probe_ok | probe_v28_dual_lane_snapshot_ledger.py | elapsed_s=0.14
2026-05-08 16:16:31 -04:00 | cycle_done | cycle=891
2026-05-08 16:17:31 -04:00 | cycle_start | cycle=892
2026-05-08 16:18:31 -04:00 | probe_timeout | probe_v28_dual_lane_sidecar_safety_watch.py
2026-05-08 16:18:31 -04:00 | probe_ok | probe_v28_dual_lane_live_market_update.py | elapsed_s=0.08
2026-05-08 16:18:31 -04:00 | probe_ok | probe_v28_dual_lane_readiness_checklist.py | elapsed_s=0.08
2026-05-08 16:18:32 -04:00 | probe_ok | probe_v28_dual_lane_snapshot_ledger.py | elapsed_s=0.12
2026-05-08 16:18:32 -04:00 | cycle_done | cycle=892
2026-05-08 16:19:32 -04:00 | cycle_start | cycle=893
2026-05-08 16:20:32 -04:00 | probe_timeout | probe_v28_dual_lane_sidecar_safety_watch.py
2026-05-08 16:20:32 -04:00 | probe_ok | probe_v28_dual_lane_live_market_update.py | elapsed_s=0.07
2026-05-08 16:20:32 -04:00 | probe_ok | probe_v28_dual_lane_readiness_checklist.py | elapsed_s=0.08
2026-05-08 16:20:32 -04:00 | probe_ok | probe_v28_dual_lane_snapshot_ledger.py | elapsed_s=0.09
2026-05-08 16:20:32 -04:00 | cycle_done | cycle=893
2026-05-08 16:21:32 -04:00 | cycle_start | cycle=894
2026-05-08 16:22:32 -04:00 | probe_timeout | probe_v28_dual_lane_sidecar_safety_watch.py
2026-05-08 16:22:32 -04:00 | probe_ok | probe_v28_dual_lane_live_market_update.py | elapsed_s=0.09
2026-05-08 16:22:32 -04:00 | probe_ok | probe_v28_dual_lane_readiness_checklist.py | elapsed_s=0.09
2026-05-08 16:22:32 -04:00 | probe_ok | probe_v28_dual_lane_snapshot_ledger.py | elapsed_s=0.11
2026-05-08 16:22:32 -04:00 | cycle_done | cycle=894
2026-05-08 16:23:32 -04:00 | cycle_start | cycle=895
2026-05-08 16:24:32 -04:00 | probe_timeout | probe_v28_dual_lane_sidecar_safety_watch.py
2026-05-08 16:24:32 -04:00 | probe_ok | probe_v28_dual_lane_live_market_update.py | elapsed_s=0.1
2026-05-08 16:24:32 -04:00 | probe_ok | probe_v28_dual_lane_readiness_checklist.py | elapsed_s=0.09
2026-05-08 16:24:32 -04:00 | probe_ok | probe_v28_dual_lane_snapshot_ledger.py | elapsed_s=0.1
2026-05-08 16:24:32 -04:00 | cycle_done | cycle=895
2026-05-08 16:25:33 -04:00 | cycle_start | cycle=896
2026-05-08 16:26:33 -04:00 | probe_timeout | probe_v28_dual_lane_sidecar_safety_watch.py
2026-05-08 16:26:33 -04:00 | probe_ok | probe_v28_dual_lane_live_market_update.py | elapsed_s=0.08
2026-05-08 16:26:33 -04:00 | probe_ok | probe_v28_dual_lane_readiness_checklist.py | elapsed_s=0.09
2026-05-08 16:26:33 -04:00 | probe_ok | probe_v28_dual_lane_snapshot_ledger.py | elapsed_s=0.1
2026-05-08 16:26:33 -04:00 | cycle_done | cycle=896
2026-05-08 16:27:33 -04:00 | cycle_start | cycle=897
2026-05-08 16:28:33 -04:00 | probe_timeout | probe_v28_dual_lane_sidecar_safety_watch.py
2026-05-08 16:28:33 -04:00 | probe_ok | probe_v28_dual_lane_live_market_update.py | elapsed_s=0.07
2026-05-08 16:28:33 -04:00 | probe_ok | probe_v28_dual_lane_readiness_checklist.py | elapsed_s=0.07
2026-05-08 16:28:33 -04:00 | probe_ok | probe_v28_dual_lane_snapshot_ledger.py | elapsed_s=0.09
2026-05-08 16:28:33 -04:00 | cycle_done | cycle=897
2026-05-08 16:29:33 -04:00 | cycle_start | cycle=898
2026-05-08 16:30:33 -04:00 | probe_timeout | probe_v28_dual_lane_sidecar_safety_watch.py
2026-05-08 16:30:33 -04:00 | probe_ok | probe_v28_dual_lane_live_market_update.py | elapsed_s=0.07
2026-05-08 16:30:34 -04:00 | probe_ok | probe_v28_dual_lane_readiness_checklist.py | elapsed_s=0.08
2026-05-08 16:30:34 -04:00 | probe_ok | probe_v28_dual_lane_snapshot_ledger.py | elapsed_s=0.09
2026-05-08 16:30:34 -04:00 | cycle_done | cycle=898
2026-05-08 16:31:34 -04:00 | cycle_start | cycle=899
2026-05-08 16:32:34 -04:00 | probe_timeout | probe_v28_dual_lane_sidecar_safety_watch.py
2026-05-08 16:32:34 -04:00 | probe_ok | probe_v28_dual_lane_live_market_update.py | elapsed_s=0.1
2026-05-08 16:32:34 -04:00 | probe_ok | probe_v28_dual_lane_readiness_checklist.py | elapsed_s=0.11
2026-05-08 16:32:34 -04:00 | probe_ok | probe_v28_dual_lane_snapshot_ledger.py | elapsed_s=0.14
2026-05-08 16:32:34 -04:00 | cycle_done | cycle=899
2026-05-08 16:33:34 -04:00 | cycle_start | cycle=900
2026-05-08 16:34:34 -04:00 | probe_timeout | probe_v28_dual_lane_sidecar_safety_watch.py
2026-05-08 16:34:34 -04:00 | probe_ok | probe_v28_dual_lane_live_market_update.py | elapsed_s=0.09
2026-05-08 16:34:34 -04:00 | probe_ok | probe_v28_dual_lane_readiness_checklist.py | elapsed_s=0.08
2026-05-08 16:34:34 -04:00 | probe_ok | probe_v28_dual_lane_snapshot_ledger.py | elapsed_s=0.09
2026-05-08 16:34:34 -04:00 | cycle_done | cycle=900
2026-05-08 16:35:34 -04:00 | cycle_start | cycle=901
2026-05-08 16:36:34 -04:00 | probe_timeout | probe_v28_dual_lane_sidecar_safety_watch.py
2026-05-08 16:36:34 -04:00 | probe_ok | probe_v28_dual_lane_live_market_update.py | elapsed_s=0.11
2026-05-08 16:36:35 -04:00 | probe_ok | probe_v28_dual_lane_readiness_checklist.py | elapsed_s=0.11
2026-05-08 16:36:35 -04:00 | probe_ok | probe_v28_dual_lane_snapshot_ledger.py | elapsed_s=0.13
2026-05-08 16:36:35 -04:00 | cycle_done | cycle=901
2026-05-08 16:37:35 -04:00 | cycle_start | cycle=902
2026-05-08 16:38:35 -04:00 | probe_timeout | probe_v28_dual_lane_sidecar_safety_watch.py
2026-05-08 16:38:35 -04:00 | probe_ok | probe_v28_dual_lane_live_market_update.py | elapsed_s=0.07
2026-05-08 16:38:35 -04:00 | probe_ok | probe_v28_dual_lane_readiness_checklist.py | elapsed_s=0.07
2026-05-08 16:38:35 -04:00 | probe_ok | probe_v28_dual_lane_snapshot_ledger.py | elapsed_s=0.09
2026-05-08 16:38:35 -04:00 | cycle_done | cycle=902
2026-05-08 16:39:35 -04:00 | cycle_start | cycle=903
2026-05-08 16:40:35 -04:00 | probe_timeout | probe_v28_dual_lane_sidecar_safety_watch.py
2026-05-08 16:40:35 -04:00 | probe_ok | probe_v28_dual_lane_live_market_update.py | elapsed_s=0.07
2026-05-08 16:40:35 -04:00 | probe_ok | probe_v28_dual_lane_readiness_checklist.py | elapsed_s=0.07
2026-05-08 16:40:35 -04:00 | probe_ok | probe_v28_dual_lane_snapshot_ledger.py | elapsed_s=0.09
2026-05-08 16:40:35 -04:00 | cycle_done | cycle=903
2026-05-08 16:41:35 -04:00 | cycle_start | cycle=904
2026-05-08 16:42:35 -04:00 | probe_timeout | probe_v28_dual_lane_sidecar_safety_watch.py
2026-05-08 16:42:35 -04:00 | probe_ok | probe_v28_dual_lane_live_market_update.py | elapsed_s=0.08
2026-05-08 16:42:36 -04:00 | probe_ok | probe_v28_dual_lane_readiness_checklist.py | elapsed_s=0.09
2026-05-08 16:42:36 -04:00 | probe_ok | probe_v28_dual_lane_snapshot_ledger.py | elapsed_s=0.1
2026-05-08 16:42:36 -04:00 | cycle_done | cycle=904
2026-05-08 16:43:36 -04:00 | cycle_start | cycle=905
2026-05-08 16:44:36 -04:00 | probe_timeout | probe_v28_dual_lane_sidecar_safety_watch.py
2026-05-08 16:44:36 -04:00 | probe_ok | probe_v28_dual_lane_live_market_update.py | elapsed_s=0.08
2026-05-08 16:44:36 -04:00 | probe_ok | probe_v28_dual_lane_readiness_checklist.py | elapsed_s=0.07
2026-05-08 16:44:36 -04:00 | probe_ok | probe_v28_dual_lane_snapshot_ledger.py | elapsed_s=0.08
2026-05-08 16:44:36 -04:00 | cycle_done | cycle=905
2026-05-08 16:45:36 -04:00 | cycle_start | cycle=906
2026-05-08 16:46:36 -04:00 | probe_timeout | probe_v28_dual_lane_sidecar_safety_watch.py
2026-05-08 16:46:36 -04:00 | probe_ok | probe_v28_dual_lane_live_market_update.py | elapsed_s=0.1
2026-05-08 16:46:36 -04:00 | probe_ok | probe_v28_dual_lane_readiness_checklist.py | elapsed_s=0.1
2026-05-08 16:46:36 -04:00 | probe_ok | probe_v28_dual_lane_snapshot_ledger.py | elapsed_s=0.12
2026-05-08 16:46:36 -04:00 | cycle_done | cycle=906
2026-05-08 16:47:36 -04:00 | cycle_start | cycle=907
2026-05-08 16:48:36 -04:00 | probe_timeout | probe_v28_dual_lane_sidecar_safety_watch.py
2026-05-08 16:48:36 -04:00 | probe_ok | probe_v28_dual_lane_live_market_update.py | elapsed_s=0.07
2026-05-08 16:48:36 -04:00 | probe_ok | probe_v28_dual_lane_readiness_checklist.py | elapsed_s=0.08
2026-05-08 16:48:37 -04:00 | probe_ok | probe_v28_dual_lane_snapshot_ledger.py | elapsed_s=0.1
2026-05-08 16:48:37 -04:00 | cycle_done | cycle=907
2026-05-08 16:49:37 -04:00 | cycle_start | cycle=908
2026-05-08 16:50:37 -04:00 | probe_timeout | probe_v28_dual_lane_sidecar_safety_watch.py
2026-05-08 16:50:37 -04:00 | probe_ok | probe_v28_dual_lane_live_market_update.py | elapsed_s=0.08
2026-05-08 16:50:37 -04:00 | probe_ok | probe_v28_dual_lane_readiness_checklist.py | elapsed_s=0.08
2026-05-08 16:50:37 -04:00 | probe_ok | probe_v28_dual_lane_snapshot_ledger.py | elapsed_s=0.11
2026-05-08 16:50:37 -04:00 | cycle_done | cycle=908
2026-05-08 16:51:37 -04:00 | cycle_start | cycle=909
2026-05-08 16:52:37 -04:00 | probe_timeout | probe_v28_dual_lane_sidecar_safety_watch.py
2026-05-08 16:52:37 -04:00 | probe_ok | probe_v28_dual_lane_live_market_update.py | elapsed_s=0.1
2026-05-08 16:52:37 -04:00 | probe_ok | probe_v28_dual_lane_readiness_checklist.py | elapsed_s=0.1
2026-05-08 16:52:37 -04:00 | probe_ok | probe_v28_dual_lane_snapshot_ledger.py | elapsed_s=0.13
2026-05-08 16:52:37 -04:00 | cycle_done | cycle=909
2026-05-08 16:53:37 -04:00 | cycle_start | cycle=910
2026-05-08 16:54:37 -04:00 | probe_timeout | probe_v28_dual_lane_sidecar_safety_watch.py
2026-05-08 16:54:37 -04:00 | probe_ok | probe_v28_dual_lane_live_market_update.py | elapsed_s=0.08
2026-05-08 16:54:37 -04:00 | probe_ok | probe_v28_dual_lane_readiness_checklist.py | elapsed_s=0.08
2026-05-08 16:54:37 -04:00 | probe_ok | probe_v28_dual_lane_snapshot_ledger.py | elapsed_s=0.09
2026-05-08 16:54:37 -04:00 | cycle_done | cycle=910
2026-05-08 16:55:37 -04:00 | cycle_start | cycle=911
2026-05-08 16:56:37 -04:00 | probe_timeout | probe_v28_dual_lane_sidecar_safety_watch.py
2026-05-08 16:56:38 -04:00 | probe_ok | probe_v28_dual_lane_live_market_update.py | elapsed_s=0.07
2026-05-08 16:56:38 -04:00 | probe_ok | probe_v28_dual_lane_readiness_checklist.py | elapsed_s=0.08
2026-05-08 16:56:38 -04:00 | probe_ok | probe_v28_dual_lane_snapshot_ledger.py | elapsed_s=0.09
2026-05-08 16:56:38 -04:00 | cycle_done | cycle=911
2026-05-08 16:57:38 -04:00 | cycle_start | cycle=912
2026-05-08 16:58:38 -04:00 | probe_timeout | probe_v28_dual_lane_sidecar_safety_watch.py
2026-05-08 16:58:38 -04:00 | probe_ok | probe_v28_dual_lane_live_market_update.py | elapsed_s=0.09
2026-05-08 16:58:38 -04:00 | probe_ok | probe_v28_dual_lane_readiness_checklist.py | elapsed_s=0.07
2026-05-08 16:58:38 -04:00 | probe_ok | probe_v28_dual_lane_snapshot_ledger.py | elapsed_s=0.08
2026-05-08 16:58:38 -04:00 | cycle_done | cycle=912
2026-05-08 16:59:38 -04:00 | cycle_start | cycle=913
2026-05-08 17:00:38 -04:00 | probe_timeout | probe_v28_dual_lane_sidecar_safety_watch.py
2026-05-08 17:00:38 -04:00 | probe_ok | probe_v28_dual_lane_live_market_update.py | elapsed_s=0.08
2026-05-08 17:00:38 -04:00 | probe_ok | probe_v28_dual_lane_readiness_checklist.py | elapsed_s=0.09
2026-05-08 17:00:38 -04:00 | probe_ok | probe_v28_dual_lane_snapshot_ledger.py | elapsed_s=0.1
2026-05-08 17:00:38 -04:00 | cycle_done | cycle=913
2026-05-08 17:01:38 -04:00 | cycle_start | cycle=914
2026-05-08 17:02:38 -04:00 | probe_timeout | probe_v28_dual_lane_sidecar_safety_watch.py
2026-05-08 17:02:38 -04:00 | probe_ok | probe_v28_dual_lane_live_market_update.py | elapsed_s=0.07
2026-05-08 17:02:39 -04:00 | probe_ok | probe_v28_dual_lane_readiness_checklist.py | elapsed_s=0.08
2026-05-08 17:02:39 -04:00 | probe_ok | probe_v28_dual_lane_snapshot_ledger.py | elapsed_s=0.11
2026-05-08 17:02:39 -04:00 | cycle_done | cycle=914
2026-05-08 17:03:39 -04:00 | cycle_start | cycle=915
2026-05-08 17:04:39 -04:00 | probe_timeout | probe_v28_dual_lane_sidecar_safety_watch.py
2026-05-08 17:04:39 -04:00 | probe_ok | probe_v28_dual_lane_live_market_update.py | elapsed_s=0.08
2026-05-08 17:04:39 -04:00 | probe_ok | probe_v28_dual_lane_readiness_checklist.py | elapsed_s=0.09
2026-05-08 17:04:39 -04:00 | probe_ok | probe_v28_dual_lane_snapshot_ledger.py | elapsed_s=0.11
2026-05-08 17:04:39 -04:00 | cycle_done | cycle=915
2026-05-08 17:05:39 -04:00 | cycle_start | cycle=916
2026-05-08 17:06:39 -04:00 | probe_timeout | probe_v28_dual_lane_sidecar_safety_watch.py
2026-05-08 17:06:39 -04:00 | probe_ok | probe_v28_dual_lane_live_market_update.py | elapsed_s=0.07
2026-05-08 17:06:39 -04:00 | probe_ok | probe_v28_dual_lane_readiness_checklist.py | elapsed_s=0.08
2026-05-08 17:06:39 -04:00 | probe_ok | probe_v28_dual_lane_snapshot_ledger.py | elapsed_s=0.09
2026-05-08 17:06:39 -04:00 | cycle_done | cycle=916
2026-05-08 17:07:39 -04:00 | cycle_start | cycle=917
2026-05-08 17:08:39 -04:00 | probe_timeout | probe_v28_dual_lane_sidecar_safety_watch.py
2026-05-08 17:08:39 -04:00 | probe_ok | probe_v28_dual_lane_live_market_update.py | elapsed_s=0.09
2026-05-08 17:08:39 -04:00 | probe_ok | probe_v28_dual_lane_readiness_checklist.py | elapsed_s=0.07
2026-05-08 17:08:40 -04:00 | probe_ok | probe_v28_dual_lane_snapshot_ledger.py | elapsed_s=0.09
2026-05-08 17:08:40 -04:00 | cycle_done | cycle=917
2026-05-08 17:09:40 -04:00 | cycle_start | cycle=918
2026-05-08 17:10:40 -04:00 | probe_timeout | probe_v28_dual_lane_sidecar_safety_watch.py
2026-05-08 17:10:40 -04:00 | probe_ok | probe_v28_dual_lane_live_market_update.py | elapsed_s=0.07
2026-05-08 17:10:40 -04:00 | probe_ok | probe_v28_dual_lane_readiness_checklist.py | elapsed_s=0.07
2026-05-08 17:10:40 -04:00 | probe_ok | probe_v28_dual_lane_snapshot_ledger.py | elapsed_s=0.09
2026-05-08 17:10:40 -04:00 | cycle_done | cycle=918
2026-05-08 17:11:40 -04:00 | cycle_start | cycle=919
2026-05-08 17:12:40 -04:00 | probe_timeout | probe_v28_dual_lane_sidecar_safety_watch.py
2026-05-08 17:12:40 -04:00 | probe_ok | probe_v28_dual_lane_live_market_update.py | elapsed_s=0.08
2026-05-08 17:12:40 -04:00 | probe_ok | probe_v28_dual_lane_readiness_checklist.py | elapsed_s=0.07
2026-05-08 17:12:40 -04:00 | probe_ok | probe_v28_dual_lane_snapshot_ledger.py | elapsed_s=0.1
2026-05-08 17:12:40 -04:00 | cycle_done | cycle=919
2026-05-08 17:13:40 -04:00 | cycle_start | cycle=920
2026-05-08 17:14:40 -04:00 | probe_timeout | probe_v28_dual_lane_sidecar_safety_watch.py
2026-05-08 17:14:40 -04:00 | probe_ok | probe_v28_dual_lane_live_market_update.py | elapsed_s=0.09
2026-05-08 17:14:40 -04:00 | probe_ok | probe_v28_dual_lane_readiness_checklist.py | elapsed_s=0.07
2026-05-08 17:14:40 -04:00 | probe_ok | probe_v28_dual_lane_snapshot_ledger.py | elapsed_s=0.09
2026-05-08 17:14:40 -04:00 | cycle_done | cycle=920
2026-05-08 17:15:40 -04:00 | cycle_start | cycle=921
2026-05-08 17:16:40 -04:00 | probe_timeout | probe_v28_dual_lane_sidecar_safety_watch.py
2026-05-08 17:16:40 -04:00 | probe_ok | probe_v28_dual_lane_live_market_update.py | elapsed_s=0.07
2026-05-08 17:16:41 -04:00 | probe_ok | probe_v28_dual_lane_readiness_checklist.py | elapsed_s=0.07
2026-05-08 17:16:41 -04:00 | probe_ok | probe_v28_dual_lane_snapshot_ledger.py | elapsed_s=0.1
2026-05-08 17:16:41 -04:00 | cycle_done | cycle=921
2026-05-08 17:17:41 -04:00 | cycle_start | cycle=922
2026-05-08 17:18:41 -04:00 | probe_timeout | probe_v28_dual_lane_sidecar_safety_watch.py
2026-05-08 17:18:41 -04:00 | probe_ok | probe_v28_dual_lane_live_market_update.py | elapsed_s=0.08
2026-05-08 17:18:41 -04:00 | probe_ok | probe_v28_dual_lane_readiness_checklist.py | elapsed_s=0.08
2026-05-08 17:18:41 -04:00 | probe_ok | probe_v28_dual_lane_snapshot_ledger.py | elapsed_s=0.11
2026-05-08 17:18:41 -04:00 | cycle_done | cycle=922
2026-05-08 17:19:41 -04:00 | cycle_start | cycle=923
2026-05-08 17:20:41 -04:00 | probe_timeout | probe_v28_dual_lane_sidecar_safety_watch.py
2026-05-08 17:20:41 -04:00 | probe_ok | probe_v28_dual_lane_live_market_update.py | elapsed_s=0.11
2026-05-08 17:20:41 -04:00 | probe_ok | probe_v28_dual_lane_readiness_checklist.py | elapsed_s=0.12
2026-05-08 17:20:41 -04:00 | probe_ok | probe_v28_dual_lane_snapshot_ledger.py | elapsed_s=0.14
2026-05-08 17:20:41 -04:00 | cycle_done | cycle=923
2026-05-08 17:21:42 -04:00 | cycle_start | cycle=924
2026-05-08 17:22:42 -04:00 | probe_timeout | probe_v28_dual_lane_sidecar_safety_watch.py
2026-05-08 17:22:42 -04:00 | probe_ok | probe_v28_dual_lane_live_market_update.py | elapsed_s=0.08
2026-05-08 17:22:42 -04:00 | probe_ok | probe_v28_dual_lane_readiness_checklist.py | elapsed_s=0.08
2026-05-08 17:22:42 -04:00 | probe_ok | probe_v28_dual_lane_snapshot_ledger.py | elapsed_s=0.1
2026-05-08 17:22:42 -04:00 | cycle_done | cycle=924
2026-05-08 17:23:42 -04:00 | cycle_start | cycle=925
2026-05-08 17:24:42 -04:00 | probe_timeout | probe_v28_dual_lane_sidecar_safety_watch.py
2026-05-08 17:24:42 -04:00 | probe_ok | probe_v28_dual_lane_live_market_update.py | elapsed_s=0.09
2026-05-08 17:24:42 -04:00 | probe_ok | probe_v28_dual_lane_readiness_checklist.py | elapsed_s=0.08
2026-05-08 17:24:42 -04:00 | probe_ok | probe_v28_dual_lane_snapshot_ledger.py | elapsed_s=0.1
2026-05-08 17:24:42 -04:00 | cycle_done | cycle=925
2026-05-08 17:25:42 -04:00 | cycle_start | cycle=926
2026-05-08 17:26:42 -04:00 | probe_timeout | probe_v28_dual_lane_sidecar_safety_watch.py
2026-05-08 17:26:42 -04:00 | probe_ok | probe_v28_dual_lane_live_market_update.py | elapsed_s=0.07
2026-05-08 17:26:43 -04:00 | probe_ok | probe_v28_dual_lane_readiness_checklist.py | elapsed_s=0.07
2026-05-08 17:26:43 -04:00 | probe_ok | probe_v28_dual_lane_snapshot_ledger.py | elapsed_s=0.09
2026-05-08 17:26:43 -04:00 | cycle_done | cycle=926
2026-05-08 17:27:43 -04:00 | cycle_start | cycle=927
2026-05-08 17:28:43 -04:00 | probe_timeout | probe_v28_dual_lane_sidecar_safety_watch.py
2026-05-08 17:28:43 -04:00 | probe_ok | probe_v28_dual_lane_live_market_update.py | elapsed_s=0.08
2026-05-08 17:28:43 -04:00 | probe_ok | probe_v28_dual_lane_readiness_checklist.py | elapsed_s=0.1
2026-05-08 17:28:43 -04:00 | probe_ok | probe_v28_dual_lane_snapshot_ledger.py | elapsed_s=0.1
2026-05-08 17:28:43 -04:00 | cycle_done | cycle=927
2026-05-08 17:29:43 -04:00 | cycle_start | cycle=928
2026-05-08 17:30:43 -04:00 | probe_timeout | probe_v28_dual_lane_sidecar_safety_watch.py
2026-05-08 17:30:43 -04:00 | probe_ok | probe_v28_dual_lane_live_market_update.py | elapsed_s=0.1
2026-05-08 17:30:43 -04:00 | probe_ok | probe_v28_dual_lane_readiness_checklist.py | elapsed_s=0.11
2026-05-08 17:30:43 -04:00 | probe_ok | probe_v28_dual_lane_snapshot_ledger.py | elapsed_s=0.12
2026-05-08 17:30:43 -04:00 | cycle_done | cycle=928
2026-05-08 17:31:43 -04:00 | cycle_start | cycle=929
2026-05-08 17:32:43 -04:00 | probe_timeout | probe_v28_dual_lane_sidecar_safety_watch.py
2026-05-08 17:32:43 -04:00 | probe_ok | probe_v28_dual_lane_live_market_update.py | elapsed_s=0.07
2026-05-08 17:32:43 -04:00 | probe_ok | probe_v28_dual_lane_readiness_checklist.py | elapsed_s=0.09
2026-05-08 17:32:44 -04:00 | probe_ok | probe_v28_dual_lane_snapshot_ledger.py | elapsed_s=0.1
2026-05-08 17:32:44 -04:00 | cycle_done | cycle=929
2026-05-08 17:33:44 -04:00 | cycle_start | cycle=930
2026-05-08 17:34:44 -04:00 | probe_timeout | probe_v28_dual_lane_sidecar_safety_watch.py
2026-05-08 17:34:44 -04:00 | probe_ok | probe_v28_dual_lane_live_market_update.py | elapsed_s=0.09
2026-05-08 17:34:44 -04:00 | probe_ok | probe_v28_dual_lane_readiness_checklist.py | elapsed_s=0.09
2026-05-08 17:34:44 -04:00 | probe_ok | probe_v28_dual_lane_snapshot_ledger.py | elapsed_s=0.12
2026-05-08 17:34:44 -04:00 | cycle_done | cycle=930
2026-05-08 17:35:44 -04:00 | cycle_start | cycle=931
2026-05-08 17:36:44 -04:00 | probe_timeout | probe_v28_dual_lane_sidecar_safety_watch.py
2026-05-08 17:36:44 -04:00 | probe_ok | probe_v28_dual_lane_live_market_update.py | elapsed_s=0.07
2026-05-08 17:36:44 -04:00 | probe_ok | probe_v28_dual_lane_readiness_checklist.py | elapsed_s=0.07
2026-05-08 17:36:44 -04:00 | probe_ok | probe_v28_dual_lane_snapshot_ledger.py | elapsed_s=0.09
2026-05-08 17:36:44 -04:00 | cycle_done | cycle=931
2026-05-08 17:37:44 -04:00 | cycle_start | cycle=932
2026-05-08 17:38:44 -04:00 | probe_timeout | probe_v28_dual_lane_sidecar_safety_watch.py
2026-05-08 17:38:44 -04:00 | probe_ok | probe_v28_dual_lane_live_market_update.py | elapsed_s=0.08
2026-05-08 17:38:44 -04:00 | probe_ok | probe_v28_dual_lane_readiness_checklist.py | elapsed_s=0.08
2026-05-08 17:38:44 -04:00 | probe_ok | probe_v28_dual_lane_snapshot_ledger.py | elapsed_s=0.09
2026-05-08 17:38:45 -04:00 | cycle_done | cycle=932
2026-05-08 17:39:45 -04:00 | cycle_start | cycle=933
2026-05-08 17:40:45 -04:00 | probe_timeout | probe_v28_dual_lane_sidecar_safety_watch.py
2026-05-08 17:40:45 -04:00 | probe_ok | probe_v28_dual_lane_live_market_update.py | elapsed_s=0.07
2026-05-08 17:40:45 -04:00 | probe_ok | probe_v28_dual_lane_readiness_checklist.py | elapsed_s=0.08
2026-05-08 17:40:45 -04:00 | probe_ok | probe_v28_dual_lane_snapshot_ledger.py | elapsed_s=0.1
2026-05-08 17:40:45 -04:00 | cycle_done | cycle=933
2026-05-08 17:41:45 -04:00 | cycle_start | cycle=934
2026-05-08 17:42:45 -04:00 | probe_timeout | probe_v28_dual_lane_sidecar_safety_watch.py
2026-05-08 17:42:45 -04:00 | probe_ok | probe_v28_dual_lane_live_market_update.py | elapsed_s=0.07
2026-05-08 17:42:45 -04:00 | probe_ok | probe_v28_dual_lane_readiness_checklist.py | elapsed_s=0.09
2026-05-08 17:42:45 -04:00 | probe_ok | probe_v28_dual_lane_snapshot_ledger.py | elapsed_s=0.1
2026-05-08 17:42:45 -04:00 | cycle_done | cycle=934
2026-05-08 17:43:45 -04:00 | cycle_start | cycle=935
2026-05-08 17:44:45 -04:00 | probe_timeout | probe_v28_dual_lane_sidecar_safety_watch.py
2026-05-08 17:44:45 -04:00 | probe_ok | probe_v28_dual_lane_live_market_update.py | elapsed_s=0.08
2026-05-08 17:44:46 -04:00 | probe_ok | probe_v28_dual_lane_readiness_checklist.py | elapsed_s=0.1
2026-05-08 17:44:46 -04:00 | probe_ok | probe_v28_dual_lane_snapshot_ledger.py | elapsed_s=0.1
2026-05-08 17:44:46 -04:00 | cycle_done | cycle=935
2026-05-08 17:45:46 -04:00 | cycle_start | cycle=936
2026-05-08 17:46:46 -04:00 | probe_timeout | probe_v28_dual_lane_sidecar_safety_watch.py
2026-05-08 17:46:46 -04:00 | probe_ok | probe_v28_dual_lane_live_market_update.py | elapsed_s=0.07
2026-05-08 17:46:46 -04:00 | probe_ok | probe_v28_dual_lane_readiness_checklist.py | elapsed_s=0.07
2026-05-08 17:46:46 -04:00 | probe_ok | probe_v28_dual_lane_snapshot_ledger.py | elapsed_s=0.11
2026-05-08 17:46:46 -04:00 | cycle_done | cycle=936
2026-05-08 17:47:46 -04:00 | cycle_start | cycle=937
2026-05-08 17:48:46 -04:00 | probe_timeout | probe_v28_dual_lane_sidecar_safety_watch.py
2026-05-08 17:48:46 -04:00 | probe_ok | probe_v28_dual_lane_live_market_update.py | elapsed_s=0.07
2026-05-08 17:48:46 -04:00 | probe_ok | probe_v28_dual_lane_readiness_checklist.py | elapsed_s=0.08
2026-05-08 17:48:46 -04:00 | probe_ok | probe_v28_dual_lane_snapshot_ledger.py | elapsed_s=0.1
2026-05-08 17:48:46 -04:00 | cycle_done | cycle=937
2026-05-08 17:49:46 -04:00 | cycle_start | cycle=938
2026-05-08 17:50:46 -04:00 | probe_timeout | probe_v28_dual_lane_sidecar_safety_watch.py
2026-05-08 17:50:46 -04:00 | probe_ok | probe_v28_dual_lane_live_market_update.py | elapsed_s=0.07
2026-05-08 17:50:46 -04:00 | probe_ok | probe_v28_dual_lane_readiness_checklist.py | elapsed_s=0.08
2026-05-08 17:50:47 -04:00 | probe_ok | probe_v28_dual_lane_snapshot_ledger.py | elapsed_s=0.09
2026-05-08 17:50:47 -04:00 | cycle_done | cycle=938
2026-05-08 17:51:47 -04:00 | cycle_start | cycle=939
2026-05-08 17:52:47 -04:00 | probe_timeout | probe_v28_dual_lane_sidecar_safety_watch.py
2026-05-08 17:52:47 -04:00 | probe_ok | probe_v28_dual_lane_live_market_update.py | elapsed_s=0.07
2026-05-08 17:52:47 -04:00 | probe_ok | probe_v28_dual_lane_readiness_checklist.py | elapsed_s=0.08
2026-05-08 17:52:47 -04:00 | probe_ok | probe_v28_dual_lane_snapshot_ledger.py | elapsed_s=0.09
2026-05-08 17:52:47 -04:00 | cycle_done | cycle=939
2026-05-08 17:53:47 -04:00 | cycle_start | cycle=940
2026-05-08 17:54:47 -04:00 | probe_timeout | probe_v28_dual_lane_sidecar_safety_watch.py
2026-05-08 17:54:47 -04:00 | probe_ok | probe_v28_dual_lane_live_market_update.py | elapsed_s=0.12
2026-05-08 17:54:47 -04:00 | probe_ok | probe_v28_dual_lane_readiness_checklist.py | elapsed_s=0.1
2026-05-08 17:54:47 -04:00 | probe_ok | probe_v28_dual_lane_snapshot_ledger.py | elapsed_s=0.12
2026-05-08 17:54:47 -04:00 | cycle_done | cycle=940
2026-05-08 17:55:47 -04:00 | cycle_start | cycle=941
2026-05-08 17:56:47 -04:00 | probe_timeout | probe_v28_dual_lane_sidecar_safety_watch.py
2026-05-08 17:56:47 -04:00 | probe_ok | probe_v28_dual_lane_live_market_update.py | elapsed_s=0.08
2026-05-08 17:56:47 -04:00 | probe_ok | probe_v28_dual_lane_readiness_checklist.py | elapsed_s=0.09
2026-05-08 17:56:48 -04:00 | probe_ok | probe_v28_dual_lane_snapshot_ledger.py | elapsed_s=0.1
2026-05-08 17:56:48 -04:00 | cycle_done | cycle=941
2026-05-08 17:57:48 -04:00 | cycle_start | cycle=942
2026-05-08 17:58:48 -04:00 | probe_timeout | probe_v28_dual_lane_sidecar_safety_watch.py
2026-05-08 17:58:48 -04:00 | probe_ok | probe_v28_dual_lane_live_market_update.py | elapsed_s=0.09
2026-05-08 17:58:48 -04:00 | probe_ok | probe_v28_dual_lane_readiness_checklist.py | elapsed_s=0.09
2026-05-08 17:58:48 -04:00 | probe_ok | probe_v28_dual_lane_snapshot_ledger.py | elapsed_s=0.11
2026-05-08 17:58:48 -04:00 | cycle_done | cycle=942
2026-05-08 17:59:48 -04:00 | cycle_start | cycle=943
2026-05-08 18:00:48 -04:00 | probe_timeout | probe_v28_dual_lane_sidecar_safety_watch.py
2026-05-08 18:00:48 -04:00 | probe_ok | probe_v28_dual_lane_live_market_update.py | elapsed_s=0.09
2026-05-08 18:00:48 -04:00 | probe_ok | probe_v28_dual_lane_readiness_checklist.py | elapsed_s=0.11
2026-05-08 18:00:48 -04:00 | probe_ok | probe_v28_dual_lane_snapshot_ledger.py | elapsed_s=0.13
2026-05-08 18:00:48 -04:00 | cycle_done | cycle=943
2026-05-08 18:01:48 -04:00 | cycle_start | cycle=944
2026-05-08 18:02:48 -04:00 | probe_timeout | probe_v28_dual_lane_sidecar_safety_watch.py
2026-05-08 18:02:48 -04:00 | probe_ok | probe_v28_dual_lane_live_market_update.py | elapsed_s=0.13
2026-05-08 18:02:48 -04:00 | probe_ok | probe_v28_dual_lane_readiness_checklist.py | elapsed_s=0.09
2026-05-08 18:02:49 -04:00 | probe_ok | probe_v28_dual_lane_snapshot_ledger.py | elapsed_s=0.14
2026-05-08 18:02:49 -04:00 | cycle_done | cycle=944
2026-05-08 18:03:49 -04:00 | cycle_start | cycle=945
2026-05-08 18:04:49 -04:00 | probe_timeout | probe_v28_dual_lane_sidecar_safety_watch.py
2026-05-08 18:04:49 -04:00 | probe_ok | probe_v28_dual_lane_live_market_update.py | elapsed_s=0.09
2026-05-08 18:04:49 -04:00 | probe_ok | probe_v28_dual_lane_readiness_checklist.py | elapsed_s=0.1
2026-05-08 18:04:49 -04:00 | probe_ok | probe_v28_dual_lane_snapshot_ledger.py | elapsed_s=0.12
2026-05-08 18:04:49 -04:00 | cycle_done | cycle=945
2026-05-08 18:05:49 -04:00 | cycle_start | cycle=946
2026-05-08 18:06:49 -04:00 | probe_timeout | probe_v28_dual_lane_sidecar_safety_watch.py
2026-05-08 18:06:49 -04:00 | probe_ok | probe_v28_dual_lane_live_market_update.py | elapsed_s=0.08
2026-05-08 18:06:49 -04:00 | probe_ok | probe_v28_dual_lane_readiness_checklist.py | elapsed_s=0.09
2026-05-08 18:06:49 -04:00 | probe_ok | probe_v28_dual_lane_snapshot_ledger.py | elapsed_s=0.1
2026-05-08 18:06:49 -04:00 | cycle_done | cycle=946
2026-05-08 18:07:49 -04:00 | cycle_start | cycle=947
2026-05-08 18:08:49 -04:00 | probe_timeout | probe_v28_dual_lane_sidecar_safety_watch.py
2026-05-08 18:08:49 -04:00 | probe_ok | probe_v28_dual_lane_live_market_update.py | elapsed_s=0.1
2026-05-08 18:08:50 -04:00 | probe_ok | probe_v28_dual_lane_readiness_checklist.py | elapsed_s=0.12
2026-05-08 18:08:50 -04:00 | probe_ok | probe_v28_dual_lane_snapshot_ledger.py | elapsed_s=0.14
2026-05-08 18:08:50 -04:00 | cycle_done | cycle=947
2026-05-08 18:09:50 -04:00 | cycle_start | cycle=948
2026-05-08 18:10:50 -04:00 | probe_timeout | probe_v28_dual_lane_sidecar_safety_watch.py
2026-05-08 18:10:50 -04:00 | probe_ok | probe_v28_dual_lane_live_market_update.py | elapsed_s=0.09
2026-05-08 18:10:50 -04:00 | probe_ok | probe_v28_dual_lane_readiness_checklist.py | elapsed_s=0.09
2026-05-08 18:10:50 -04:00 | probe_ok | probe_v28_dual_lane_snapshot_ledger.py | elapsed_s=0.11
2026-05-08 18:10:50 -04:00 | cycle_done | cycle=948
2026-05-08 18:11:50 -04:00 | cycle_start | cycle=949
2026-05-08 18:12:50 -04:00 | probe_timeout | probe_v28_dual_lane_sidecar_safety_watch.py
2026-05-08 18:12:50 -04:00 | probe_ok | probe_v28_dual_lane_live_market_update.py | elapsed_s=0.11
2026-05-08 18:12:50 -04:00 | probe_ok | probe_v28_dual_lane_readiness_checklist.py | elapsed_s=0.11
2026-05-08 18:12:50 -04:00 | probe_ok | probe_v28_dual_lane_snapshot_ledger.py | elapsed_s=0.16
2026-05-08 18:12:50 -04:00 | cycle_done | cycle=949
2026-05-08 18:13:50 -04:00 | cycle_start | cycle=950
2026-05-08 18:14:50 -04:00 | probe_timeout | probe_v28_dual_lane_sidecar_safety_watch.py
2026-05-08 18:14:51 -04:00 | probe_ok | probe_v28_dual_lane_live_market_update.py | elapsed_s=0.08
2026-05-08 18:14:51 -04:00 | probe_ok | probe_v28_dual_lane_readiness_checklist.py | elapsed_s=0.09
2026-05-08 18:14:51 -04:00 | probe_ok | probe_v28_dual_lane_snapshot_ledger.py | elapsed_s=0.11
2026-05-08 18:14:51 -04:00 | cycle_done | cycle=950
2026-05-08 18:15:51 -04:00 | cycle_start | cycle=951
2026-05-08 18:16:51 -04:00 | probe_timeout | probe_v28_dual_lane_sidecar_safety_watch.py
2026-05-08 18:16:51 -04:00 | probe_ok | probe_v28_dual_lane_live_market_update.py | elapsed_s=0.08
2026-05-08 18:16:51 -04:00 | probe_ok | probe_v28_dual_lane_readiness_checklist.py | elapsed_s=0.08
2026-05-08 18:16:51 -04:00 | probe_ok | probe_v28_dual_lane_snapshot_ledger.py | elapsed_s=0.1
2026-05-08 18:16:51 -04:00 | cycle_done | cycle=951
2026-05-08 18:17:51 -04:00 | cycle_start | cycle=952
2026-05-08 18:18:51 -04:00 | probe_timeout | probe_v28_dual_lane_sidecar_safety_watch.py
2026-05-08 18:18:51 -04:00 | probe_ok | probe_v28_dual_lane_live_market_update.py | elapsed_s=0.08
2026-05-08 18:18:51 -04:00 | probe_ok | probe_v28_dual_lane_readiness_checklist.py | elapsed_s=0.09
2026-05-08 18:18:51 -04:00 | probe_ok | probe_v28_dual_lane_snapshot_ledger.py | elapsed_s=0.13
2026-05-08 18:18:51 -04:00 | cycle_done | cycle=952
2026-05-08 18:19:51 -04:00 | cycle_start | cycle=953
2026-05-08 18:20:51 -04:00 | probe_timeout | probe_v28_dual_lane_sidecar_safety_watch.py
2026-05-08 18:20:52 -04:00 | probe_ok | probe_v28_dual_lane_live_market_update.py | elapsed_s=0.07
2026-05-08 18:20:52 -04:00 | probe_ok | probe_v28_dual_lane_readiness_checklist.py | elapsed_s=0.08
2026-05-08 18:20:52 -04:00 | probe_ok | probe_v28_dual_lane_snapshot_ledger.py | elapsed_s=0.09
2026-05-08 18:20:52 -04:00 | cycle_done | cycle=953
2026-05-08 18:21:52 -04:00 | cycle_start | cycle=954
2026-05-08 18:22:52 -04:00 | probe_timeout | probe_v28_dual_lane_sidecar_safety_watch.py
2026-05-08 18:22:52 -04:00 | probe_ok | probe_v28_dual_lane_live_market_update.py | elapsed_s=0.08
2026-05-08 18:22:52 -04:00 | probe_ok | probe_v28_dual_lane_readiness_checklist.py | elapsed_s=0.09
2026-05-08 18:22:52 -04:00 | probe_ok | probe_v28_dual_lane_snapshot_ledger.py | elapsed_s=0.1
2026-05-08 18:22:52 -04:00 | cycle_done | cycle=954
2026-05-08 18:23:52 -04:00 | cycle_start | cycle=955
2026-05-08 18:24:52 -04:00 | probe_timeout | probe_v28_dual_lane_sidecar_safety_watch.py
2026-05-08 18:24:52 -04:00 | probe_ok | probe_v28_dual_lane_live_market_update.py | elapsed_s=0.08
2026-05-08 18:24:52 -04:00 | probe_ok | probe_v28_dual_lane_readiness_checklist.py | elapsed_s=0.1
2026-05-08 18:24:52 -04:00 | probe_ok | probe_v28_dual_lane_snapshot_ledger.py | elapsed_s=0.11
2026-05-08 18:24:52 -04:00 | cycle_done | cycle=955
2026-05-08 18:25:52 -04:00 | cycle_start | cycle=956
2026-05-08 18:26:52 -04:00 | probe_timeout | probe_v28_dual_lane_sidecar_safety_watch.py
2026-05-08 18:26:52 -04:00 | probe_ok | probe_v28_dual_lane_live_market_update.py | elapsed_s=0.08
2026-05-08 18:26:52 -04:00 | probe_ok | probe_v28_dual_lane_readiness_checklist.py | elapsed_s=0.08
2026-05-08 18:26:53 -04:00 | probe_ok | probe_v28_dual_lane_snapshot_ledger.py | elapsed_s=0.08
2026-05-08 18:26:53 -04:00 | cycle_done | cycle=956
2026-05-08 18:27:53 -04:00 | cycle_start | cycle=957
2026-05-08 18:28:53 -04:00 | probe_timeout | probe_v28_dual_lane_sidecar_safety_watch.py
2026-05-08 18:28:53 -04:00 | probe_ok | probe_v28_dual_lane_live_market_update.py | elapsed_s=0.07
2026-05-08 18:28:53 -04:00 | probe_ok | probe_v28_dual_lane_readiness_checklist.py | elapsed_s=0.08
2026-05-08 18:28:53 -04:00 | probe_ok | probe_v28_dual_lane_snapshot_ledger.py | elapsed_s=0.09
2026-05-08 18:28:53 -04:00 | cycle_done | cycle=957
2026-05-08 18:29:53 -04:00 | cycle_start | cycle=958
2026-05-08 18:30:53 -04:00 | probe_timeout | probe_v28_dual_lane_sidecar_safety_watch.py
2026-05-08 18:30:53 -04:00 | probe_ok | probe_v28_dual_lane_live_market_update.py | elapsed_s=0.07
2026-05-08 18:30:53 -04:00 | probe_ok | probe_v28_dual_lane_readiness_checklist.py | elapsed_s=0.07
2026-05-08 18:30:53 -04:00 | probe_ok | probe_v28_dual_lane_snapshot_ledger.py | elapsed_s=0.09
2026-05-08 18:30:53 -04:00 | cycle_done | cycle=958
2026-05-08 18:31:53 -04:00 | cycle_start | cycle=959
2026-05-08 18:32:53 -04:00 | probe_timeout | probe_v28_dual_lane_sidecar_safety_watch.py
2026-05-08 18:32:53 -04:00 | probe_ok | probe_v28_dual_lane_live_market_update.py | elapsed_s=0.08
2026-05-08 18:32:53 -04:00 | probe_ok | probe_v28_dual_lane_readiness_checklist.py | elapsed_s=0.08
2026-05-08 18:32:54 -04:00 | probe_ok | probe_v28_dual_lane_snapshot_ledger.py | elapsed_s=0.1
2026-05-08 18:32:54 -04:00 | cycle_done | cycle=959
2026-05-08 18:33:54 -04:00 | cycle_start | cycle=960
2026-05-08 18:34:54 -04:00 | probe_timeout | probe_v28_dual_lane_sidecar_safety_watch.py
2026-05-08 18:34:54 -04:00 | probe_ok | probe_v28_dual_lane_live_market_update.py | elapsed_s=0.07
2026-05-08 18:34:54 -04:00 | probe_ok | probe_v28_dual_lane_readiness_checklist.py | elapsed_s=0.08
2026-05-08 18:34:54 -04:00 | probe_ok | probe_v28_dual_lane_snapshot_ledger.py | elapsed_s=0.1
2026-05-08 18:34:54 -04:00 | cycle_done | cycle=960
2026-05-08 18:35:54 -04:00 | cycle_start | cycle=961
2026-05-08 18:36:54 -04:00 | probe_timeout | probe_v28_dual_lane_sidecar_safety_watch.py
2026-05-08 18:36:54 -04:00 | probe_ok | probe_v28_dual_lane_live_market_update.py | elapsed_s=0.07
2026-05-08 18:36:54 -04:00 | probe_ok | probe_v28_dual_lane_readiness_checklist.py | elapsed_s=0.08
2026-05-08 18:36:54 -04:00 | probe_ok | probe_v28_dual_lane_snapshot_ledger.py | elapsed_s=0.09
2026-05-08 18:36:54 -04:00 | cycle_done | cycle=961
2026-05-08 18:37:54 -04:00 | cycle_start | cycle=962
2026-05-08 18:38:54 -04:00 | probe_timeout | probe_v28_dual_lane_sidecar_safety_watch.py
2026-05-08 18:38:54 -04:00 | probe_ok | probe_v28_dual_lane_live_market_update.py | elapsed_s=0.07
2026-05-08 18:38:54 -04:00 | probe_ok | probe_v28_dual_lane_readiness_checklist.py | elapsed_s=0.08
2026-05-08 18:38:54 -04:00 | probe_ok | probe_v28_dual_lane_snapshot_ledger.py | elapsed_s=0.09
2026-05-08 18:38:54 -04:00 | cycle_done | cycle=962
2026-05-08 18:39:54 -04:00 | cycle_start | cycle=963
2026-05-08 18:40:54 -04:00 | probe_timeout | probe_v28_dual_lane_sidecar_safety_watch.py
2026-05-08 18:40:55 -04:00 | probe_ok | probe_v28_dual_lane_live_market_update.py | elapsed_s=0.08
2026-05-08 18:40:55 -04:00 | probe_ok | probe_v28_dual_lane_readiness_checklist.py | elapsed_s=0.07
2026-05-08 18:40:55 -04:00 | probe_ok | probe_v28_dual_lane_snapshot_ledger.py | elapsed_s=0.09
2026-05-08 18:40:55 -04:00 | cycle_done | cycle=963
2026-05-08 18:41:55 -04:00 | cycle_start | cycle=964
2026-05-08 18:42:55 -04:00 | probe_timeout | probe_v28_dual_lane_sidecar_safety_watch.py
2026-05-08 18:42:55 -04:00 | probe_ok | probe_v28_dual_lane_live_market_update.py | elapsed_s=0.09
2026-05-08 18:42:55 -04:00 | probe_ok | probe_v28_dual_lane_readiness_checklist.py | elapsed_s=0.08
2026-05-08 18:42:55 -04:00 | probe_ok | probe_v28_dual_lane_snapshot_ledger.py | elapsed_s=0.11
2026-05-08 18:42:55 -04:00 | cycle_done | cycle=964
2026-05-08 18:43:55 -04:00 | cycle_start | cycle=965
2026-05-08 18:44:55 -04:00 | probe_timeout | probe_v28_dual_lane_sidecar_safety_watch.py
2026-05-08 18:44:55 -04:00 | probe_ok | probe_v28_dual_lane_live_market_update.py | elapsed_s=0.14
2026-05-08 18:44:55 -04:00 | probe_ok | probe_v28_dual_lane_readiness_checklist.py | elapsed_s=0.12
2026-05-08 18:44:56 -04:00 | probe_ok | probe_v28_dual_lane_snapshot_ledger.py | elapsed_s=0.16
2026-05-08 18:44:56 -04:00 | cycle_done | cycle=965
2026-05-08 18:45:56 -04:00 | cycle_start | cycle=966
2026-05-08 18:46:56 -04:00 | probe_timeout | probe_v28_dual_lane_sidecar_safety_watch.py
2026-05-08 18:46:56 -04:00 | probe_ok | probe_v28_dual_lane_live_market_update.py | elapsed_s=0.13
2026-05-08 18:46:56 -04:00 | probe_ok | probe_v28_dual_lane_readiness_checklist.py | elapsed_s=0.14
2026-05-08 18:46:56 -04:00 | probe_ok | probe_v28_dual_lane_snapshot_ledger.py | elapsed_s=0.19
2026-05-08 18:46:56 -04:00 | cycle_done | cycle=966
2026-05-08 18:47:56 -04:00 | cycle_start | cycle=967
2026-05-08 18:48:56 -04:00 | probe_timeout | probe_v28_dual_lane_sidecar_safety_watch.py
2026-05-08 18:48:56 -04:00 | probe_ok | probe_v28_dual_lane_live_market_update.py | elapsed_s=0.13
2026-05-08 18:48:56 -04:00 | probe_ok | probe_v28_dual_lane_readiness_checklist.py | elapsed_s=0.14
2026-05-08 18:48:56 -04:00 | probe_ok | probe_v28_dual_lane_snapshot_ledger.py | elapsed_s=0.17
2026-05-08 18:48:56 -04:00 | cycle_done | cycle=967
2026-05-08 18:49:56 -04:00 | cycle_start | cycle=968
2026-05-08 18:50:57 -04:00 | probe_timeout | probe_v28_dual_lane_sidecar_safety_watch.py
2026-05-08 18:50:57 -04:00 | probe_ok | probe_v28_dual_lane_live_market_update.py | elapsed_s=0.15
2026-05-08 18:50:57 -04:00 | probe_ok | probe_v28_dual_lane_readiness_checklist.py | elapsed_s=0.15
2026-05-08 18:50:57 -04:00 | probe_ok | probe_v28_dual_lane_snapshot_ledger.py | elapsed_s=0.18
2026-05-08 18:50:57 -04:00 | cycle_done | cycle=968
2026-05-08 18:51:57 -04:00 | cycle_start | cycle=969
2026-05-08 18:52:57 -04:00 | probe_timeout | probe_v28_dual_lane_sidecar_safety_watch.py
2026-05-08 18:52:57 -04:00 | probe_ok | probe_v28_dual_lane_live_market_update.py | elapsed_s=0.15
2026-05-08 18:52:57 -04:00 | probe_ok | probe_v28_dual_lane_readiness_checklist.py | elapsed_s=0.16
2026-05-08 18:52:58 -04:00 | probe_ok | probe_v28_dual_lane_snapshot_ledger.py | elapsed_s=0.18
2026-05-08 18:52:58 -04:00 | cycle_done | cycle=969
2026-05-08 18:53:58 -04:00 | cycle_start | cycle=970
2026-05-08 18:54:58 -04:00 | probe_timeout | probe_v28_dual_lane_sidecar_safety_watch.py
2026-05-08 18:54:58 -04:00 | probe_ok | probe_v28_dual_lane_live_market_update.py | elapsed_s=0.16
2026-05-08 18:54:58 -04:00 | probe_ok | probe_v28_dual_lane_readiness_checklist.py | elapsed_s=0.15
2026-05-08 18:54:58 -04:00 | probe_ok | probe_v28_dual_lane_snapshot_ledger.py | elapsed_s=0.17
2026-05-08 18:54:58 -04:00 | cycle_done | cycle=970
2026-05-08 18:55:58 -04:00 | cycle_start | cycle=971
2026-05-08 18:56:58 -04:00 | probe_timeout | probe_v28_dual_lane_sidecar_safety_watch.py
2026-05-08 18:56:58 -04:00 | probe_ok | probe_v28_dual_lane_live_market_update.py | elapsed_s=0.15
2026-05-08 18:56:58 -04:00 | probe_ok | probe_v28_dual_lane_readiness_checklist.py | elapsed_s=0.15
2026-05-08 18:56:59 -04:00 | probe_ok | probe_v28_dual_lane_snapshot_ledger.py | elapsed_s=0.2
2026-05-08 18:56:59 -04:00 | cycle_done | cycle=971
2026-05-08 18:57:59 -04:00 | cycle_start | cycle=972
2026-05-08 18:58:59 -04:00 | probe_timeout | probe_v28_dual_lane_sidecar_safety_watch.py
2026-05-08 18:58:59 -04:00 | probe_ok | probe_v28_dual_lane_live_market_update.py | elapsed_s=0.13
2026-05-08 18:58:59 -04:00 | probe_ok | probe_v28_dual_lane_readiness_checklist.py | elapsed_s=0.15
2026-05-08 18:58:59 -04:00 | probe_ok | probe_v28_dual_lane_snapshot_ledger.py | elapsed_s=0.17
2026-05-08 18:58:59 -04:00 | cycle_done | cycle=972
2026-05-08 18:59:59 -04:00 | cycle_start | cycle=973
2026-05-08 19:00:59 -04:00 | probe_timeout | probe_v28_dual_lane_sidecar_safety_watch.py
2026-05-08 19:00:59 -04:00 | probe_ok | probe_v28_dual_lane_live_market_update.py | elapsed_s=0.14
2026-05-08 19:00:59 -04:00 | probe_ok | probe_v28_dual_lane_readiness_checklist.py | elapsed_s=0.15
2026-05-08 19:01:00 -04:00 | probe_ok | probe_v28_dual_lane_snapshot_ledger.py | elapsed_s=0.19
2026-05-08 19:01:00 -04:00 | cycle_done | cycle=973
2026-05-08 19:02:00 -04:00 | cycle_start | cycle=974
2026-05-08 19:03:00 -04:00 | probe_timeout | probe_v28_dual_lane_sidecar_safety_watch.py
2026-05-08 19:03:00 -04:00 | probe_ok | probe_v28_dual_lane_live_market_update.py | elapsed_s=0.25
2026-05-08 19:03:00 -04:00 | probe_ok | probe_v28_dual_lane_readiness_checklist.py | elapsed_s=0.23
2026-05-08 19:03:01 -04:00 | probe_ok | probe_v28_dual_lane_snapshot_ledger.py | elapsed_s=0.31
2026-05-08 19:03:01 -04:00 | cycle_done | cycle=974
2026-05-08 19:04:01 -04:00 | cycle_start | cycle=975
2026-05-08 19:05:01 -04:00 | probe_timeout | probe_v28_dual_lane_sidecar_safety_watch.py
2026-05-08 19:05:01 -04:00 | probe_ok | probe_v28_dual_lane_live_market_update.py | elapsed_s=0.2
2026-05-08 19:05:01 -04:00 | probe_ok | probe_v28_dual_lane_readiness_checklist.py | elapsed_s=0.22
2026-05-08 19:05:01 -04:00 | probe_ok | probe_v28_dual_lane_snapshot_ledger.py | elapsed_s=0.23
2026-05-08 19:05:01 -04:00 | cycle_done | cycle=975
2026-05-08 19:06:01 -04:00 | cycle_start | cycle=976
2026-05-08 19:07:01 -04:00 | probe_timeout | probe_v28_dual_lane_sidecar_safety_watch.py
2026-05-08 19:07:01 -04:00 | probe_ok | probe_v28_dual_lane_live_market_update.py | elapsed_s=0.2
2026-05-08 19:07:02 -04:00 | probe_ok | probe_v28_dual_lane_readiness_checklist.py | elapsed_s=0.46
2026-05-08 19:07:02 -04:00 | probe_ok | probe_v28_dual_lane_snapshot_ledger.py | elapsed_s=0.24
2026-05-08 19:07:02 -04:00 | cycle_done | cycle=976
2026-05-08 19:08:02 -04:00 | cycle_start | cycle=977
2026-05-08 19:09:02 -04:00 | probe_timeout | probe_v28_dual_lane_sidecar_safety_watch.py
2026-05-08 19:09:02 -04:00 | probe_ok | probe_v28_dual_lane_live_market_update.py | elapsed_s=0.21
2026-05-08 19:09:03 -04:00 | probe_ok | probe_v28_dual_lane_readiness_checklist.py | elapsed_s=0.2
2026-05-08 19:09:03 -04:00 | probe_ok | probe_v28_dual_lane_snapshot_ledger.py | elapsed_s=0.25
2026-05-08 19:09:03 -04:00 | cycle_done | cycle=977
2026-05-08 19:10:03 -04:00 | cycle_start | cycle=978
2026-05-08 19:11:03 -04:00 | probe_timeout | probe_v28_dual_lane_sidecar_safety_watch.py
2026-05-08 19:11:03 -04:00 | probe_ok | probe_v28_dual_lane_live_market_update.py | elapsed_s=0.24
2026-05-08 19:11:03 -04:00 | probe_ok | probe_v28_dual_lane_readiness_checklist.py | elapsed_s=0.24
2026-05-08 19:11:04 -04:00 | probe_ok | probe_v28_dual_lane_snapshot_ledger.py | elapsed_s=0.25
2026-05-08 19:11:04 -04:00 | cycle_done | cycle=978
2026-05-08 19:12:04 -04:00 | cycle_start | cycle=979
2026-05-08 19:13:04 -04:00 | probe_timeout | probe_v28_dual_lane_sidecar_safety_watch.py
2026-05-08 19:13:04 -04:00 | probe_ok | probe_v28_dual_lane_live_market_update.py | elapsed_s=0.18
2026-05-08 19:13:04 -04:00 | probe_ok | probe_v28_dual_lane_readiness_checklist.py | elapsed_s=0.17
2026-05-08 19:13:04 -04:00 | probe_ok | probe_v28_dual_lane_snapshot_ledger.py | elapsed_s=0.22
2026-05-08 19:13:04 -04:00 | cycle_done | cycle=979
2026-05-08 19:14:04 -04:00 | cycle_start | cycle=980
2026-05-08 19:29:51 -04:00 | probe_timeout | probe_v28_dual_lane_sidecar_safety_watch.py
2026-05-08 19:29:51 -04:00 | probe_ok | probe_v28_dual_lane_live_market_update.py | elapsed_s=0.24
2026-05-08 19:29:51 -04:00 | probe_ok | probe_v28_dual_lane_readiness_checklist.py | elapsed_s=0.15
2026-05-08 19:29:51 -04:00 | probe_ok | probe_v28_dual_lane_snapshot_ledger.py | elapsed_s=0.18
2026-05-08 19:29:51 -04:00 | cycle_done | cycle=980
2026-05-08 19:30:51 -04:00 | cycle_start | cycle=981
2026-05-08 19:31:51 -04:00 | probe_timeout | probe_v28_dual_lane_sidecar_safety_watch.py
2026-05-08 19:31:51 -04:00 | probe_ok | probe_v28_dual_lane_live_market_update.py | elapsed_s=0.2
2026-05-08 19:31:52 -04:00 | probe_ok | probe_v28_dual_lane_readiness_checklist.py | elapsed_s=0.15
2026-05-08 19:31:52 -04:00 | probe_ok | probe_v28_dual_lane_snapshot_ledger.py | elapsed_s=0.16
2026-05-08 19:31:52 -04:00 | cycle_done | cycle=981
2026-05-08 19:32:52 -04:00 | cycle_start | cycle=982
2026-05-08 19:33:52 -04:00 | probe_timeout | probe_v28_dual_lane_sidecar_safety_watch.py
2026-05-08 19:33:52 -04:00 | probe_ok | probe_v28_dual_lane_live_market_update.py | elapsed_s=0.13
2026-05-08 19:33:52 -04:00 | probe_ok | probe_v28_dual_lane_readiness_checklist.py | elapsed_s=0.15
2026-05-08 19:33:52 -04:00 | probe_ok | probe_v28_dual_lane_snapshot_ledger.py | elapsed_s=0.19
2026-05-08 19:33:52 -04:00 | cycle_done | cycle=982
2026-05-08 19:34:52 -04:00 | cycle_start | cycle=983
2026-05-08 19:35:52 -04:00 | probe_timeout | probe_v28_dual_lane_sidecar_safety_watch.py
2026-05-08 19:35:52 -04:00 | probe_ok | probe_v28_dual_lane_live_market_update.py | elapsed_s=0.14
2026-05-08 19:35:53 -04:00 | probe_ok | probe_v28_dual_lane_readiness_checklist.py | elapsed_s=0.16
2026-05-08 19:35:53 -04:00 | probe_ok | probe_v28_dual_lane_snapshot_ledger.py | elapsed_s=0.19
2026-05-08 19:35:53 -04:00 | cycle_done | cycle=983
2026-05-08 19:36:53 -04:00 | cycle_start | cycle=984
2026-05-08 19:37:53 -04:00 | probe_timeout | probe_v28_dual_lane_sidecar_safety_watch.py
2026-05-08 19:37:53 -04:00 | probe_ok | probe_v28_dual_lane_live_market_update.py | elapsed_s=0.18
2026-05-08 19:37:53 -04:00 | probe_ok | probe_v28_dual_lane_readiness_checklist.py | elapsed_s=0.14
2026-05-08 19:37:53 -04:00 | probe_ok | probe_v28_dual_lane_snapshot_ledger.py | elapsed_s=0.19
2026-05-08 19:37:53 -04:00 | cycle_done | cycle=984
2026-05-08 19:38:53 -04:00 | cycle_start | cycle=985
2026-05-08 19:39:53 -04:00 | probe_timeout | probe_v28_dual_lane_sidecar_safety_watch.py
2026-05-08 19:39:54 -04:00 | probe_ok | probe_v28_dual_lane_live_market_update.py | elapsed_s=0.2
2026-05-08 19:39:54 -04:00 | probe_ok | probe_v28_dual_lane_readiness_checklist.py | elapsed_s=0.2
2026-05-08 19:39:54 -04:00 | probe_ok | probe_v28_dual_lane_snapshot_ledger.py | elapsed_s=0.21
2026-05-08 19:39:54 -04:00 | cycle_done | cycle=985
2026-05-08 19:40:54 -04:00 | cycle_start | cycle=986
2026-05-08 19:41:54 -04:00 | probe_timeout | probe_v28_dual_lane_sidecar_safety_watch.py
2026-05-08 19:41:54 -04:00 | probe_ok | probe_v28_dual_lane_live_market_update.py | elapsed_s=0.2
2026-05-08 19:41:54 -04:00 | probe_ok | probe_v28_dual_lane_readiness_checklist.py | elapsed_s=0.19
2026-05-08 19:41:55 -04:00 | probe_ok | probe_v28_dual_lane_snapshot_ledger.py | elapsed_s=0.23
2026-05-08 19:41:55 -04:00 | cycle_done | cycle=986
2026-05-08 19:42:55 -04:00 | cycle_start | cycle=987
2026-05-08 19:43:55 -04:00 | probe_timeout | probe_v28_dual_lane_sidecar_safety_watch.py
2026-05-08 19:43:55 -04:00 | probe_ok | probe_v28_dual_lane_live_market_update.py | elapsed_s=0.25
2026-05-08 19:43:55 -04:00 | probe_ok | probe_v28_dual_lane_readiness_checklist.py | elapsed_s=0.2
2026-05-08 19:43:55 -04:00 | probe_ok | probe_v28_dual_lane_snapshot_ledger.py | elapsed_s=0.24
2026-05-08 19:43:55 -04:00 | cycle_done | cycle=987
2026-05-08 19:44:55 -04:00 | cycle_start | cycle=988
2026-05-08 19:45:55 -04:00 | probe_timeout | probe_v28_dual_lane_sidecar_safety_watch.py
2026-05-08 19:45:56 -04:00 | probe_ok | probe_v28_dual_lane_live_market_update.py | elapsed_s=0.18
2026-05-08 19:45:56 -04:00 | probe_ok | probe_v28_dual_lane_readiness_checklist.py | elapsed_s=0.16
2026-05-08 19:45:56 -04:00 | probe_ok | probe_v28_dual_lane_snapshot_ledger.py | elapsed_s=0.18
2026-05-08 19:45:56 -04:00 | cycle_done | cycle=988
2026-05-08 19:46:56 -04:00 | cycle_start | cycle=989
2026-05-08 19:47:56 -04:00 | probe_timeout | probe_v28_dual_lane_sidecar_safety_watch.py
2026-05-08 19:47:56 -04:00 | probe_ok | probe_v28_dual_lane_live_market_update.py | elapsed_s=0.14
2026-05-08 19:47:56 -04:00 | probe_ok | probe_v28_dual_lane_readiness_checklist.py | elapsed_s=0.15
2026-05-08 19:47:57 -04:00 | probe_ok | probe_v28_dual_lane_snapshot_ledger.py | elapsed_s=0.18
2026-05-08 19:47:57 -04:00 | cycle_done | cycle=989
2026-05-08 19:48:57 -04:00 | cycle_start | cycle=990
2026-05-08 19:49:57 -04:00 | probe_timeout | probe_v28_dual_lane_sidecar_safety_watch.py
2026-05-08 19:49:57 -04:00 | probe_ok | probe_v28_dual_lane_live_market_update.py | elapsed_s=0.2
2026-05-08 19:49:57 -04:00 | probe_ok | probe_v28_dual_lane_readiness_checklist.py | elapsed_s=0.15
2026-05-08 19:49:57 -04:00 | probe_ok | probe_v28_dual_lane_snapshot_ledger.py | elapsed_s=0.18
2026-05-08 19:49:57 -04:00 | cycle_done | cycle=990
2026-05-08 19:50:57 -04:00 | cycle_start | cycle=991
2026-05-08 19:51:57 -04:00 | probe_timeout | probe_v28_dual_lane_sidecar_safety_watch.py
2026-05-08 19:51:57 -04:00 | probe_ok | probe_v28_dual_lane_live_market_update.py | elapsed_s=0.13
2026-05-08 19:51:57 -04:00 | probe_ok | probe_v28_dual_lane_readiness_checklist.py | elapsed_s=0.14
2026-05-08 19:51:58 -04:00 | probe_ok | probe_v28_dual_lane_snapshot_ledger.py | elapsed_s=0.18
2026-05-08 19:51:58 -04:00 | cycle_done | cycle=991
2026-05-08 19:52:58 -04:00 | cycle_start | cycle=992
2026-05-08 19:53:58 -04:00 | probe_timeout | probe_v28_dual_lane_sidecar_safety_watch.py
2026-05-08 19:53:58 -04:00 | probe_ok | probe_v28_dual_lane_live_market_update.py | elapsed_s=0.17
2026-05-08 19:53:58 -04:00 | probe_ok | probe_v28_dual_lane_readiness_checklist.py | elapsed_s=0.21
2026-05-08 19:53:58 -04:00 | probe_ok | probe_v28_dual_lane_snapshot_ledger.py | elapsed_s=0.22
2026-05-08 19:53:58 -04:00 | cycle_done | cycle=992
2026-05-08 19:54:58 -04:00 | cycle_start | cycle=993
2026-05-08 19:55:58 -04:00 | probe_timeout | probe_v28_dual_lane_sidecar_safety_watch.py
2026-05-08 19:55:59 -04:00 | probe_ok | probe_v28_dual_lane_live_market_update.py | elapsed_s=0.25
2026-05-08 19:55:59 -04:00 | probe_ok | probe_v28_dual_lane_readiness_checklist.py | elapsed_s=0.19
2026-05-08 19:55:59 -04:00 | probe_ok | probe_v28_dual_lane_snapshot_ledger.py | elapsed_s=0.24
2026-05-08 19:55:59 -04:00 | cycle_done | cycle=993
2026-05-08 19:56:59 -04:00 | cycle_start | cycle=994
2026-05-08 19:57:59 -04:00 | probe_timeout | probe_v28_dual_lane_sidecar_safety_watch.py
2026-05-08 19:57:59 -04:00 | probe_ok | probe_v28_dual_lane_live_market_update.py | elapsed_s=0.22
2026-05-08 19:58:00 -04:00 | probe_ok | probe_v28_dual_lane_readiness_checklist.py | elapsed_s=0.22
2026-05-08 19:58:00 -04:00 | probe_ok | probe_v28_dual_lane_snapshot_ledger.py | elapsed_s=0.3
2026-05-08 19:58:00 -04:00 | cycle_done | cycle=994
2026-05-08 19:59:00 -04:00 | cycle_start | cycle=995
2026-05-08 20:00:00 -04:00 | probe_timeout | probe_v28_dual_lane_sidecar_safety_watch.py
2026-05-08 20:00:00 -04:00 | probe_ok | probe_v28_dual_lane_live_market_update.py | elapsed_s=0.17
2026-05-08 20:00:00 -04:00 | probe_ok | probe_v28_dual_lane_readiness_checklist.py | elapsed_s=0.18
2026-05-08 20:00:00 -04:00 | probe_ok | probe_v28_dual_lane_snapshot_ledger.py | elapsed_s=0.22
2026-05-08 20:00:00 -04:00 | cycle_done | cycle=995
2026-05-08 20:01:00 -04:00 | cycle_start | cycle=996
2026-05-08 20:02:00 -04:00 | probe_timeout | probe_v28_dual_lane_sidecar_safety_watch.py
2026-05-08 20:02:01 -04:00 | probe_ok | probe_v28_dual_lane_live_market_update.py | elapsed_s=0.26
2026-05-08 20:02:01 -04:00 | probe_ok | probe_v28_dual_lane_readiness_checklist.py | elapsed_s=0.55
2026-05-08 20:02:02 -04:00 | probe_ok | probe_v28_dual_lane_snapshot_ledger.py | elapsed_s=0.27
2026-05-08 20:02:02 -04:00 | cycle_done | cycle=996
2026-05-08 20:03:02 -04:00 | cycle_start | cycle=997
2026-05-08 20:04:02 -04:00 | probe_timeout | probe_v28_dual_lane_sidecar_safety_watch.py
2026-05-08 20:04:02 -04:00 | probe_ok | probe_v28_dual_lane_live_market_update.py | elapsed_s=0.22
2026-05-08 20:04:02 -04:00 | probe_ok | probe_v28_dual_lane_readiness_checklist.py | elapsed_s=0.19
2026-05-08 20:04:02 -04:00 | probe_ok | probe_v28_dual_lane_snapshot_ledger.py | elapsed_s=0.24
2026-05-08 20:04:02 -04:00 | cycle_done | cycle=997
2026-05-08 20:05:02 -04:00 | cycle_start | cycle=998
2026-05-08 20:06:02 -04:00 | probe_timeout | probe_v28_dual_lane_sidecar_safety_watch.py
2026-05-08 20:06:03 -04:00 | probe_ok | probe_v28_dual_lane_live_market_update.py | elapsed_s=0.24
2026-05-08 20:06:03 -04:00 | probe_ok | probe_v28_dual_lane_readiness_checklist.py | elapsed_s=0.23
2026-05-08 20:06:03 -04:00 | probe_ok | probe_v28_dual_lane_snapshot_ledger.py | elapsed_s=0.29
2026-05-08 20:06:03 -04:00 | cycle_done | cycle=998
2026-05-08 20:07:03 -04:00 | cycle_start | cycle=999
2026-05-08 20:08:03 -04:00 | probe_timeout | probe_v28_dual_lane_sidecar_safety_watch.py
2026-05-08 20:08:03 -04:00 | probe_ok | probe_v28_dual_lane_live_market_update.py | elapsed_s=0.23
2026-05-08 20:08:04 -04:00 | probe_ok | probe_v28_dual_lane_readiness_checklist.py | elapsed_s=0.18
2026-05-08 20:08:04 -04:00 | probe_ok | probe_v28_dual_lane_snapshot_ledger.py | elapsed_s=0.21
2026-05-08 20:08:04 -04:00 | cycle_done | cycle=999
2026-05-08 20:09:04 -04:00 | cycle_start | cycle=1000
2026-05-08 20:10:04 -04:00 | probe_timeout | probe_v28_dual_lane_sidecar_safety_watch.py
2026-05-08 20:10:04 -04:00 | probe_ok | probe_v28_dual_lane_live_market_update.py | elapsed_s=0.27
2026-05-08 20:10:04 -04:00 | probe_ok | probe_v28_dual_lane_readiness_checklist.py | elapsed_s=0.24
2026-05-08 20:10:05 -04:00 | probe_ok | probe_v28_dual_lane_snapshot_ledger.py | elapsed_s=0.3
2026-05-08 20:10:05 -04:00 | cycle_done | cycle=1000
2026-05-08 20:11:05 -04:00 | cycle_start | cycle=1001
2026-05-08 20:12:05 -04:00 | probe_timeout | probe_v28_dual_lane_sidecar_safety_watch.py
2026-05-08 20:12:05 -04:00 | probe_ok | probe_v28_dual_lane_live_market_update.py | elapsed_s=0.25
2026-05-08 20:12:05 -04:00 | probe_ok | probe_v28_dual_lane_readiness_checklist.py | elapsed_s=0.18
2026-05-08 20:12:05 -04:00 | probe_ok | probe_v28_dual_lane_snapshot_ledger.py | elapsed_s=0.25
2026-05-08 20:12:05 -04:00 | cycle_done | cycle=1001
2026-05-08 20:13:05 -04:00 | cycle_start | cycle=1002
2026-05-08 20:14:05 -04:00 | probe_timeout | probe_v28_dual_lane_sidecar_safety_watch.py
2026-05-08 20:14:06 -04:00 | probe_ok | probe_v28_dual_lane_live_market_update.py | elapsed_s=0.29
2026-05-08 20:14:06 -04:00 | probe_ok | probe_v28_dual_lane_readiness_checklist.py | elapsed_s=0.23
2026-05-08 20:14:06 -04:00 | probe_ok | probe_v28_dual_lane_snapshot_ledger.py | elapsed_s=0.26
2026-05-08 20:14:06 -04:00 | cycle_done | cycle=1002
2026-05-08 20:15:06 -04:00 | cycle_start | cycle=1003
2026-05-08 20:16:06 -04:00 | probe_timeout | probe_v28_dual_lane_sidecar_safety_watch.py
2026-05-08 20:16:06 -04:00 | probe_ok | probe_v28_dual_lane_live_market_update.py | elapsed_s=0.2
2026-05-08 20:16:07 -04:00 | probe_ok | probe_v28_dual_lane_readiness_checklist.py | elapsed_s=0.18
2026-05-08 20:16:07 -04:00 | probe_ok | probe_v28_dual_lane_snapshot_ledger.py | elapsed_s=0.22
2026-05-08 20:16:07 -04:00 | cycle_done | cycle=1003
2026-05-08 20:17:07 -04:00 | cycle_start | cycle=1004
2026-05-08 20:18:07 -04:00 | probe_timeout | probe_v28_dual_lane_sidecar_safety_watch.py
2026-05-08 20:18:07 -04:00 | probe_ok | probe_v28_dual_lane_live_market_update.py | elapsed_s=0.19
2026-05-08 20:18:07 -04:00 | probe_ok | probe_v28_dual_lane_readiness_checklist.py | elapsed_s=0.23
2026-05-08 20:18:08 -04:00 | probe_ok | probe_v28_dual_lane_snapshot_ledger.py | elapsed_s=0.28
2026-05-08 20:18:08 -04:00 | cycle_done | cycle=1004
2026-05-08 20:19:08 -04:00 | cycle_start | cycle=1005
2026-05-08 20:20:08 -04:00 | probe_timeout | probe_v28_dual_lane_sidecar_safety_watch.py
2026-05-08 20:20:08 -04:00 | probe_ok | probe_v28_dual_lane_live_market_update.py | elapsed_s=0.28
2026-05-08 20:20:08 -04:00 | probe_ok | probe_v28_dual_lane_readiness_checklist.py | elapsed_s=0.19
2026-05-08 20:20:08 -04:00 | probe_ok | probe_v28_dual_lane_snapshot_ledger.py | elapsed_s=0.27
2026-05-08 20:20:08 -04:00 | cycle_done | cycle=1005
2026-05-08 20:21:08 -04:00 | cycle_start | cycle=1006
2026-05-08 20:22:09 -04:00 | probe_timeout | probe_v28_dual_lane_sidecar_safety_watch.py
2026-05-08 20:22:09 -04:00 | probe_ok | probe_v28_dual_lane_live_market_update.py | elapsed_s=0.18
2026-05-08 20:22:09 -04:00 | probe_ok | probe_v28_dual_lane_readiness_checklist.py | elapsed_s=0.18
2026-05-08 20:22:09 -04:00 | probe_ok | probe_v28_dual_lane_snapshot_ledger.py | elapsed_s=0.22
2026-05-08 20:22:09 -04:00 | cycle_done | cycle=1006
2026-05-08 20:23:09 -04:00 | cycle_start | cycle=1007
2026-05-08 20:24:09 -04:00 | probe_timeout | probe_v28_dual_lane_sidecar_safety_watch.py
2026-05-08 20:24:09 -04:00 | probe_ok | probe_v28_dual_lane_live_market_update.py | elapsed_s=0.19
2026-05-08 20:24:10 -04:00 | probe_ok | probe_v28_dual_lane_readiness_checklist.py | elapsed_s=0.19
2026-05-08 20:24:10 -04:00 | probe_ok | probe_v28_dual_lane_snapshot_ledger.py | elapsed_s=0.28
2026-05-08 20:24:10 -04:00 | cycle_done | cycle=1007
2026-05-08 20:25:10 -04:00 | cycle_start | cycle=1008
2026-05-08 20:26:10 -04:00 | probe_timeout | probe_v28_dual_lane_sidecar_safety_watch.py
2026-05-08 20:26:10 -04:00 | probe_ok | probe_v28_dual_lane_live_market_update.py | elapsed_s=0.27
2026-05-08 20:26:11 -04:00 | probe_ok | probe_v28_dual_lane_readiness_checklist.py | elapsed_s=0.25
2026-05-08 20:26:11 -04:00 | probe_ok | probe_v28_dual_lane_snapshot_ledger.py | elapsed_s=0.27
2026-05-08 20:26:11 -04:00 | cycle_done | cycle=1008
2026-05-08 20:27:11 -04:00 | cycle_start | cycle=1009
2026-05-08 20:28:11 -04:00 | probe_timeout | probe_v28_dual_lane_sidecar_safety_watch.py
2026-05-08 20:28:11 -04:00 | probe_ok | probe_v28_dual_lane_live_market_update.py | elapsed_s=0.2
2026-05-08 20:28:11 -04:00 | probe_ok | probe_v28_dual_lane_readiness_checklist.py | elapsed_s=0.22
2026-05-08 20:28:12 -04:00 | probe_ok | probe_v28_dual_lane_snapshot_ledger.py | elapsed_s=0.24
2026-05-08 20:28:12 -04:00 | cycle_done | cycle=1009
2026-05-08 20:29:12 -04:00 | cycle_start | cycle=1010
2026-05-08 20:30:12 -04:00 | probe_timeout | probe_v28_dual_lane_sidecar_safety_watch.py
2026-05-08 20:30:12 -04:00 | probe_ok | probe_v28_dual_lane_live_market_update.py | elapsed_s=0.19
2026-05-08 20:30:12 -04:00 | probe_ok | probe_v28_dual_lane_readiness_checklist.py | elapsed_s=0.19
2026-05-08 20:30:12 -04:00 | probe_ok | probe_v28_dual_lane_snapshot_ledger.py | elapsed_s=0.22
2026-05-08 20:30:12 -04:00 | cycle_done | cycle=1010
2026-05-08 20:31:12 -04:00 | cycle_start | cycle=1011
2026-05-08 20:32:12 -04:00 | probe_timeout | probe_v28_dual_lane_sidecar_safety_watch.py
2026-05-08 20:32:13 -04:00 | probe_ok | probe_v28_dual_lane_live_market_update.py | elapsed_s=0.29
2026-05-08 20:32:13 -04:00 | probe_ok | probe_v28_dual_lane_readiness_checklist.py | elapsed_s=0.24
2026-05-08 20:32:13 -04:00 | probe_ok | probe_v28_dual_lane_snapshot_ledger.py | elapsed_s=0.3
2026-05-08 20:32:13 -04:00 | cycle_done | cycle=1011
2026-05-08 20:33:13 -04:00 | cycle_start | cycle=1012
2026-05-08 20:34:13 -04:00 | probe_timeout | probe_v28_dual_lane_sidecar_safety_watch.py
2026-05-08 20:34:13 -04:00 | probe_ok | probe_v28_dual_lane_live_market_update.py | elapsed_s=0.2
2026-05-08 20:34:14 -04:00 | probe_ok | probe_v28_dual_lane_readiness_checklist.py | elapsed_s=0.22
2026-05-08 20:34:14 -04:00 | probe_ok | probe_v28_dual_lane_snapshot_ledger.py | elapsed_s=0.23
2026-05-08 20:34:14 -04:00 | cycle_done | cycle=1012
2026-05-08 20:35:14 -04:00 | cycle_start | cycle=1013
2026-05-08 20:36:14 -04:00 | probe_timeout | probe_v28_dual_lane_sidecar_safety_watch.py
2026-05-08 20:36:14 -04:00 | probe_ok | probe_v28_dual_lane_live_market_update.py | elapsed_s=0.18
2026-05-08 20:36:14 -04:00 | probe_ok | probe_v28_dual_lane_readiness_checklist.py | elapsed_s=0.21
2026-05-08 20:36:14 -04:00 | probe_ok | probe_v28_dual_lane_snapshot_ledger.py | elapsed_s=0.23
2026-05-08 20:36:14 -04:00 | cycle_done | cycle=1013
2026-05-08 20:37:14 -04:00 | cycle_start | cycle=1014
2026-05-08 20:38:14 -04:00 | probe_timeout | probe_v28_dual_lane_sidecar_safety_watch.py
2026-05-08 20:38:15 -04:00 | probe_ok | probe_v28_dual_lane_live_market_update.py | elapsed_s=0.23
2026-05-08 20:38:15 -04:00 | probe_ok | probe_v28_dual_lane_readiness_checklist.py | elapsed_s=0.2
2026-05-08 20:38:15 -04:00 | probe_ok | probe_v28_dual_lane_snapshot_ledger.py | elapsed_s=0.25
2026-05-08 20:38:15 -04:00 | cycle_done | cycle=1014
2026-05-08 20:39:15 -04:00 | cycle_start | cycle=1015
2026-05-08 20:40:15 -04:00 | probe_timeout | probe_v28_dual_lane_sidecar_safety_watch.py
2026-05-08 20:40:16 -04:00 | probe_ok | probe_v28_dual_lane_live_market_update.py | elapsed_s=0.27
2026-05-08 20:40:16 -04:00 | probe_ok | probe_v28_dual_lane_readiness_checklist.py | elapsed_s=0.24
2026-05-08 20:40:16 -04:00 | probe_ok | probe_v28_dual_lane_snapshot_ledger.py | elapsed_s=0.31
2026-05-08 20:40:16 -04:00 | cycle_done | cycle=1015
2026-05-08 20:41:16 -04:00 | cycle_start | cycle=1016
2026-05-08 20:42:16 -04:00 | probe_timeout | probe_v28_dual_lane_sidecar_safety_watch.py
2026-05-08 20:42:16 -04:00 | probe_ok | probe_v28_dual_lane_live_market_update.py | elapsed_s=0.2
2026-05-08 20:42:17 -04:00 | probe_ok | probe_v28_dual_lane_readiness_checklist.py | elapsed_s=0.2
2026-05-08 20:42:17 -04:00 | probe_ok | probe_v28_dual_lane_snapshot_ledger.py | elapsed_s=0.26
2026-05-08 20:42:17 -04:00 | cycle_done | cycle=1016
2026-05-08 20:43:17 -04:00 | cycle_start | cycle=1017
2026-05-08 20:44:17 -04:00 | probe_timeout | probe_v28_dual_lane_sidecar_safety_watch.py
2026-05-08 20:44:17 -04:00 | probe_ok | probe_v28_dual_lane_live_market_update.py | elapsed_s=0.2
2026-05-08 20:44:17 -04:00 | probe_ok | probe_v28_dual_lane_readiness_checklist.py | elapsed_s=0.24
2026-05-08 20:44:17 -04:00 | probe_ok | probe_v28_dual_lane_snapshot_ledger.py | elapsed_s=0.24
2026-05-08 20:44:18 -04:00 | cycle_done | cycle=1017
2026-05-08 20:45:18 -04:00 | cycle_start | cycle=1018
2026-05-08 20:46:18 -04:00 | probe_timeout | probe_v28_dual_lane_sidecar_safety_watch.py
2026-05-08 20:46:18 -04:00 | probe_ok | probe_v28_dual_lane_live_market_update.py | elapsed_s=0.24
2026-05-08 20:46:18 -04:00 | probe_ok | probe_v28_dual_lane_readiness_checklist.py | elapsed_s=0.2
2026-05-08 20:46:18 -04:00 | probe_ok | probe_v28_dual_lane_snapshot_ledger.py | elapsed_s=0.24
2026-05-08 20:46:18 -04:00 | cycle_done | cycle=1018
2026-05-08 20:47:18 -04:00 | cycle_start | cycle=1019
2026-05-08 20:48:18 -04:00 | probe_timeout | probe_v28_dual_lane_sidecar_safety_watch.py
2026-05-08 20:48:19 -04:00 | probe_ok | probe_v28_dual_lane_live_market_update.py | elapsed_s=0.23
2026-05-08 20:48:19 -04:00 | probe_ok | probe_v28_dual_lane_readiness_checklist.py | elapsed_s=0.22
2026-05-08 20:48:19 -04:00 | probe_ok | probe_v28_dual_lane_snapshot_ledger.py | elapsed_s=0.28
2026-05-08 20:48:19 -04:00 | cycle_done | cycle=1019
2026-05-08 20:49:19 -04:00 | cycle_start | cycle=1020
2026-05-08 20:50:19 -04:00 | probe_timeout | probe_v28_dual_lane_sidecar_safety_watch.py
2026-05-08 20:50:19 -04:00 | probe_ok | probe_v28_dual_lane_live_market_update.py | elapsed_s=0.2
2026-05-08 20:50:19 -04:00 | probe_ok | probe_v28_dual_lane_readiness_checklist.py | elapsed_s=0.2
2026-05-08 20:50:20 -04:00 | probe_ok | probe_v28_dual_lane_snapshot_ledger.py | elapsed_s=0.24
2026-05-08 20:50:20 -04:00 | cycle_done | cycle=1020
2026-05-08 20:51:20 -04:00 | cycle_start | cycle=1021
2026-05-08 20:52:20 -04:00 | probe_timeout | probe_v28_dual_lane_sidecar_safety_watch.py
2026-05-08 20:52:20 -04:00 | probe_ok | probe_v28_dual_lane_live_market_update.py | elapsed_s=0.23
2026-05-08 20:52:20 -04:00 | probe_ok | probe_v28_dual_lane_readiness_checklist.py | elapsed_s=0.2
2026-05-08 20:52:20 -04:00 | probe_ok | probe_v28_dual_lane_snapshot_ledger.py | elapsed_s=0.23
2026-05-08 20:52:20 -04:00 | cycle_done | cycle=1021
2026-05-08 20:53:20 -04:00 | cycle_start | cycle=1022
2026-05-08 20:54:20 -04:00 | probe_timeout | probe_v28_dual_lane_sidecar_safety_watch.py
2026-05-08 20:54:21 -04:00 | probe_ok | probe_v28_dual_lane_live_market_update.py | elapsed_s=0.19
2026-05-08 20:54:21 -04:00 | probe_ok | probe_v28_dual_lane_readiness_checklist.py | elapsed_s=0.22
2026-05-08 20:54:21 -04:00 | probe_ok | probe_v28_dual_lane_snapshot_ledger.py | elapsed_s=0.25
2026-05-08 20:54:21 -04:00 | cycle_done | cycle=1022
2026-05-08 20:55:21 -04:00 | cycle_start | cycle=1023
2026-05-08 20:56:21 -04:00 | probe_timeout | probe_v28_dual_lane_sidecar_safety_watch.py
2026-05-08 20:56:21 -04:00 | probe_ok | probe_v28_dual_lane_live_market_update.py | elapsed_s=0.17
2026-05-08 20:56:22 -04:00 | probe_ok | probe_v28_dual_lane_readiness_checklist.py | elapsed_s=0.2
2026-05-08 20:56:22 -04:00 | probe_ok | probe_v28_dual_lane_snapshot_ledger.py | elapsed_s=0.23
2026-05-08 20:56:22 -04:00 | cycle_done | cycle=1023
2026-05-08 20:57:22 -04:00 | cycle_start | cycle=1024
2026-05-08 20:58:22 -04:00 | probe_timeout | probe_v28_dual_lane_sidecar_safety_watch.py
2026-05-08 20:58:22 -04:00 | probe_ok | probe_v28_dual_lane_live_market_update.py | elapsed_s=0.19
2026-05-08 20:58:22 -04:00 | probe_ok | probe_v28_dual_lane_readiness_checklist.py | elapsed_s=0.2
2026-05-08 20:58:22 -04:00 | probe_ok | probe_v28_dual_lane_snapshot_ledger.py | elapsed_s=0.23
2026-05-08 20:58:22 -04:00 | cycle_done | cycle=1024
2026-05-08 20:59:22 -04:00 | cycle_start | cycle=1025
2026-05-08 21:00:22 -04:00 | probe_timeout | probe_v28_dual_lane_sidecar_safety_watch.py
2026-05-08 21:00:23 -04:00 | probe_ok | probe_v28_dual_lane_live_market_update.py | elapsed_s=0.18
2026-05-08 21:00:23 -04:00 | probe_ok | probe_v28_dual_lane_readiness_checklist.py | elapsed_s=0.2
2026-05-08 21:00:23 -04:00 | probe_ok | probe_v28_dual_lane_snapshot_ledger.py | elapsed_s=0.22
2026-05-08 21:00:23 -04:00 | cycle_done | cycle=1025
2026-05-08 21:01:23 -04:00 | cycle_start | cycle=1026
2026-05-08 21:02:23 -04:00 | probe_timeout | probe_v28_dual_lane_sidecar_safety_watch.py
2026-05-08 21:02:23 -04:00 | probe_ok | probe_v28_dual_lane_live_market_update.py | elapsed_s=0.24
2026-05-08 21:02:24 -04:00 | probe_ok | probe_v28_dual_lane_readiness_checklist.py | elapsed_s=0.19
2026-05-08 21:02:24 -04:00 | probe_ok | probe_v28_dual_lane_snapshot_ledger.py | elapsed_s=0.24
2026-05-08 21:02:24 -04:00 | cycle_done | cycle=1026
2026-05-08 21:03:24 -04:00 | cycle_start | cycle=1027
2026-05-08 21:04:24 -04:00 | probe_timeout | probe_v28_dual_lane_sidecar_safety_watch.py
2026-05-08 21:04:24 -04:00 | probe_ok | probe_v28_dual_lane_live_market_update.py | elapsed_s=0.22
2026-05-08 21:04:24 -04:00 | probe_ok | probe_v28_dual_lane_readiness_checklist.py | elapsed_s=0.2
2026-05-08 21:04:25 -04:00 | probe_ok | probe_v28_dual_lane_snapshot_ledger.py | elapsed_s=0.32
2026-05-08 21:04:25 -04:00 | cycle_done | cycle=1027
2026-05-08 21:05:25 -04:00 | cycle_start | cycle=1028
2026-05-08 21:06:25 -04:00 | probe_timeout | probe_v28_dual_lane_sidecar_safety_watch.py
2026-05-08 21:06:25 -04:00 | probe_ok | probe_v28_dual_lane_live_market_update.py | elapsed_s=0.2
2026-05-08 21:06:25 -04:00 | probe_ok | probe_v28_dual_lane_readiness_checklist.py | elapsed_s=0.2
2026-05-08 21:06:25 -04:00 | probe_ok | probe_v28_dual_lane_snapshot_ledger.py | elapsed_s=0.22
2026-05-08 21:06:25 -04:00 | cycle_done | cycle=1028
2026-05-08 21:07:25 -04:00 | cycle_start | cycle=1029
2026-05-08 21:08:25 -04:00 | probe_timeout | probe_v28_dual_lane_sidecar_safety_watch.py
2026-05-08 21:08:26 -04:00 | probe_ok | probe_v28_dual_lane_live_market_update.py | elapsed_s=0.26
2026-05-08 21:08:26 -04:00 | probe_ok | probe_v28_dual_lane_readiness_checklist.py | elapsed_s=0.2
2026-05-08 21:08:26 -04:00 | probe_ok | probe_v28_dual_lane_snapshot_ledger.py | elapsed_s=0.27
2026-05-08 21:08:26 -04:00 | cycle_done | cycle=1029
2026-05-08 21:09:26 -04:00 | cycle_start | cycle=1030
2026-05-08 21:10:26 -04:00 | probe_timeout | probe_v28_dual_lane_sidecar_safety_watch.py
2026-05-08 21:10:26 -04:00 | probe_ok | probe_v28_dual_lane_live_market_update.py | elapsed_s=0.21
2026-05-08 21:10:26 -04:00 | probe_ok | probe_v28_dual_lane_readiness_checklist.py | elapsed_s=0.19
2026-05-08 21:10:27 -04:00 | probe_ok | probe_v28_dual_lane_snapshot_ledger.py | elapsed_s=0.24
2026-05-08 21:10:27 -04:00 | cycle_done | cycle=1030
2026-05-08 21:11:27 -04:00 | cycle_start | cycle=1031
2026-05-08 21:12:27 -04:00 | probe_timeout | probe_v28_dual_lane_sidecar_safety_watch.py
2026-05-08 21:12:27 -04:00 | probe_ok | probe_v28_dual_lane_live_market_update.py | elapsed_s=0.19
2026-05-08 21:12:27 -04:00 | probe_ok | probe_v28_dual_lane_readiness_checklist.py | elapsed_s=0.21
2026-05-08 21:12:27 -04:00 | probe_ok | probe_v28_dual_lane_snapshot_ledger.py | elapsed_s=0.25
2026-05-08 21:12:27 -04:00 | cycle_done | cycle=1031
2026-05-08 21:13:27 -04:00 | cycle_start | cycle=1032
2026-05-08 21:14:27 -04:00 | probe_timeout | probe_v28_dual_lane_sidecar_safety_watch.py
2026-05-08 21:14:28 -04:00 | probe_ok | probe_v28_dual_lane_live_market_update.py | elapsed_s=0.18
2026-05-08 21:14:28 -04:00 | probe_ok | probe_v28_dual_lane_readiness_checklist.py | elapsed_s=0.21
2026-05-08 21:14:28 -04:00 | probe_ok | probe_v28_dual_lane_snapshot_ledger.py | elapsed_s=0.25
2026-05-08 21:14:28 -04:00 | cycle_done | cycle=1032
2026-05-08 21:15:28 -04:00 | cycle_start | cycle=1033
2026-05-08 21:16:28 -04:00 | probe_timeout | probe_v28_dual_lane_sidecar_safety_watch.py
2026-05-08 21:16:28 -04:00 | probe_ok | probe_v28_dual_lane_live_market_update.py | elapsed_s=0.19
2026-05-08 21:16:29 -04:00 | probe_ok | probe_v28_dual_lane_readiness_checklist.py | elapsed_s=0.22
2026-05-08 21:16:29 -04:00 | probe_ok | probe_v28_dual_lane_snapshot_ledger.py | elapsed_s=0.25
2026-05-08 21:16:29 -04:00 | cycle_done | cycle=1033
2026-05-08 21:17:29 -04:00 | cycle_start | cycle=1034
2026-05-08 21:18:29 -04:00 | probe_timeout | probe_v28_dual_lane_sidecar_safety_watch.py
2026-05-08 21:18:29 -04:00 | probe_ok | probe_v28_dual_lane_live_market_update.py | elapsed_s=0.19
2026-05-08 21:18:29 -04:00 | probe_ok | probe_v28_dual_lane_readiness_checklist.py | elapsed_s=0.18
2026-05-08 21:18:29 -04:00 | probe_ok | probe_v28_dual_lane_snapshot_ledger.py | elapsed_s=0.22
2026-05-08 21:18:29 -04:00 | cycle_done | cycle=1034
2026-05-08 21:19:29 -04:00 | cycle_start | cycle=1035
2026-05-08 21:20:30 -04:00 | probe_timeout | probe_v28_dual_lane_sidecar_safety_watch.py
2026-05-08 21:20:30 -04:00 | probe_ok | probe_v28_dual_lane_live_market_update.py | elapsed_s=0.19
2026-05-08 21:20:30 -04:00 | probe_ok | probe_v28_dual_lane_readiness_checklist.py | elapsed_s=0.2
2026-05-08 21:20:30 -04:00 | probe_ok | probe_v28_dual_lane_snapshot_ledger.py | elapsed_s=0.22
2026-05-08 21:20:30 -04:00 | cycle_done | cycle=1035
2026-05-08 21:21:30 -04:00 | cycle_start | cycle=1036
2026-05-08 21:22:30 -04:00 | probe_timeout | probe_v28_dual_lane_sidecar_safety_watch.py
2026-05-08 21:22:30 -04:00 | probe_ok | probe_v28_dual_lane_live_market_update.py | elapsed_s=0.22
2026-05-08 21:22:31 -04:00 | probe_ok | probe_v28_dual_lane_readiness_checklist.py | elapsed_s=0.25
2026-05-08 21:22:31 -04:00 | probe_ok | probe_v28_dual_lane_snapshot_ledger.py | elapsed_s=0.29
2026-05-08 21:22:31 -04:00 | cycle_done | cycle=1036
2026-05-08 21:23:31 -04:00 | cycle_start | cycle=1037
2026-05-08 21:24:31 -04:00 | probe_timeout | probe_v28_dual_lane_sidecar_safety_watch.py
2026-05-08 21:24:31 -04:00 | probe_ok | probe_v28_dual_lane_live_market_update.py | elapsed_s=0.23
2026-05-08 21:24:31 -04:00 | probe_ok | probe_v28_dual_lane_readiness_checklist.py | elapsed_s=0.19
2026-05-08 21:24:32 -04:00 | probe_ok | probe_v28_dual_lane_snapshot_ledger.py | elapsed_s=0.25
2026-05-08 21:24:32 -04:00 | cycle_done | cycle=1037
2026-05-08 21:25:32 -04:00 | cycle_start | cycle=1038
2026-05-08 21:26:32 -04:00 | probe_timeout | probe_v28_dual_lane_sidecar_safety_watch.py
2026-05-08 21:26:32 -04:00 | probe_ok | probe_v28_dual_lane_live_market_update.py | elapsed_s=0.21
2026-05-08 21:26:32 -04:00 | probe_ok | probe_v28_dual_lane_readiness_checklist.py | elapsed_s=0.22
2026-05-08 21:26:32 -04:00 | probe_ok | probe_v28_dual_lane_snapshot_ledger.py | elapsed_s=0.24
2026-05-08 21:26:32 -04:00 | cycle_done | cycle=1038
2026-05-08 21:27:32 -04:00 | cycle_start | cycle=1039
2026-05-08 21:28:32 -04:00 | probe_timeout | probe_v28_dual_lane_sidecar_safety_watch.py
2026-05-08 21:28:33 -04:00 | probe_ok | probe_v28_dual_lane_live_market_update.py | elapsed_s=0.21
2026-05-08 21:28:33 -04:00 | probe_ok | probe_v28_dual_lane_readiness_checklist.py | elapsed_s=0.23
2026-05-08 21:28:33 -04:00 | probe_ok | probe_v28_dual_lane_snapshot_ledger.py | elapsed_s=0.26
2026-05-08 21:28:33 -04:00 | cycle_done | cycle=1039
2026-05-08 21:29:33 -04:00 | cycle_start | cycle=1040
2026-05-08 21:30:33 -04:00 | probe_timeout | probe_v28_dual_lane_sidecar_safety_watch.py
2026-05-08 21:30:33 -04:00 | probe_ok | probe_v28_dual_lane_live_market_update.py | elapsed_s=0.18
2026-05-08 21:30:34 -04:00 | probe_ok | probe_v28_dual_lane_readiness_checklist.py | elapsed_s=0.21
2026-05-08 21:30:34 -04:00 | probe_ok | probe_v28_dual_lane_snapshot_ledger.py | elapsed_s=0.22
2026-05-08 21:30:34 -04:00 | cycle_done | cycle=1040
2026-05-08 21:31:34 -04:00 | cycle_start | cycle=1041
2026-05-08 21:32:34 -04:00 | probe_timeout | probe_v28_dual_lane_sidecar_safety_watch.py
2026-05-08 21:32:34 -04:00 | probe_ok | probe_v28_dual_lane_live_market_update.py | elapsed_s=0.26
2026-05-08 21:32:34 -04:00 | probe_ok | probe_v28_dual_lane_readiness_checklist.py | elapsed_s=0.18
2026-05-08 21:32:35 -04:00 | probe_ok | probe_v28_dual_lane_snapshot_ledger.py | elapsed_s=0.24
2026-05-08 21:32:35 -04:00 | cycle_done | cycle=1041
2026-05-08 21:33:35 -04:00 | cycle_start | cycle=1042
2026-05-08 21:34:35 -04:00 | probe_timeout | probe_v28_dual_lane_sidecar_safety_watch.py
2026-05-08 21:34:35 -04:00 | probe_ok | probe_v28_dual_lane_live_market_update.py | elapsed_s=0.32
2026-05-08 21:34:35 -04:00 | probe_ok | probe_v28_dual_lane_readiness_checklist.py | elapsed_s=0.23
2026-05-08 21:34:35 -04:00 | probe_ok | probe_v28_dual_lane_snapshot_ledger.py | elapsed_s=0.23
2026-05-08 21:34:35 -04:00 | cycle_done | cycle=1042
2026-05-08 21:35:35 -04:00 | cycle_start | cycle=1043
2026-05-08 21:36:35 -04:00 | probe_timeout | probe_v28_dual_lane_sidecar_safety_watch.py
2026-05-08 21:36:36 -04:00 | probe_ok | probe_v28_dual_lane_live_market_update.py | elapsed_s=0.21
2026-05-08 21:36:36 -04:00 | probe_ok | probe_v28_dual_lane_readiness_checklist.py | elapsed_s=0.2
2026-05-08 21:36:36 -04:00 | probe_ok | probe_v28_dual_lane_snapshot_ledger.py | elapsed_s=0.25
2026-05-08 21:36:36 -04:00 | cycle_done | cycle=1043
2026-05-08 21:37:36 -04:00 | cycle_start | cycle=1044
2026-05-08 21:38:36 -04:00 | probe_timeout | probe_v28_dual_lane_sidecar_safety_watch.py
2026-05-08 21:38:36 -04:00 | probe_ok | probe_v28_dual_lane_live_market_update.py | elapsed_s=0.24
2026-05-08 21:38:37 -04:00 | probe_ok | probe_v28_dual_lane_readiness_checklist.py | elapsed_s=0.2
2026-05-08 21:38:37 -04:00 | probe_ok | probe_v28_dual_lane_snapshot_ledger.py | elapsed_s=0.21
2026-05-08 21:38:37 -04:00 | cycle_done | cycle=1044
2026-05-08 21:39:37 -04:00 | cycle_start | cycle=1045
2026-05-08 21:40:37 -04:00 | probe_timeout | probe_v28_dual_lane_sidecar_safety_watch.py
2026-05-08 21:40:37 -04:00 | probe_ok | probe_v28_dual_lane_live_market_update.py | elapsed_s=0.26
2026-05-08 21:40:37 -04:00 | probe_ok | probe_v28_dual_lane_readiness_checklist.py | elapsed_s=0.23
2026-05-08 21:40:38 -04:00 | probe_ok | probe_v28_dual_lane_snapshot_ledger.py | elapsed_s=0.27
2026-05-08 21:40:38 -04:00 | cycle_done | cycle=1045
2026-05-08 21:41:38 -04:00 | cycle_start | cycle=1046
2026-05-08 21:42:38 -04:00 | probe_timeout | probe_v28_dual_lane_sidecar_safety_watch.py
2026-05-08 21:42:38 -04:00 | probe_ok | probe_v28_dual_lane_live_market_update.py | elapsed_s=0.22
2026-05-08 21:42:38 -04:00 | probe_ok | probe_v28_dual_lane_readiness_checklist.py | elapsed_s=0.2
2026-05-08 21:42:38 -04:00 | probe_ok | probe_v28_dual_lane_snapshot_ledger.py | elapsed_s=0.2
2026-05-08 21:42:38 -04:00 | cycle_done | cycle=1046
2026-05-08 21:43:38 -04:00 | cycle_start | cycle=1047
2026-05-08 21:44:38 -04:00 | probe_timeout | probe_v28_dual_lane_sidecar_safety_watch.py
2026-05-08 21:44:39 -04:00 | probe_ok | probe_v28_dual_lane_live_market_update.py | elapsed_s=0.25
2026-05-08 21:44:39 -04:00 | probe_ok | probe_v28_dual_lane_readiness_checklist.py | elapsed_s=0.21
2026-05-08 21:44:39 -04:00 | probe_ok | probe_v28_dual_lane_snapshot_ledger.py | elapsed_s=0.24
2026-05-08 21:44:39 -04:00 | cycle_done | cycle=1047
2026-05-08 21:45:39 -04:00 | cycle_start | cycle=1048
2026-05-08 21:46:39 -04:00 | probe_timeout | probe_v28_dual_lane_sidecar_safety_watch.py
2026-05-08 21:46:39 -04:00 | probe_ok | probe_v28_dual_lane_live_market_update.py | elapsed_s=0.23
2026-05-08 21:46:40 -04:00 | probe_ok | probe_v28_dual_lane_readiness_checklist.py | elapsed_s=0.22
2026-05-08 21:46:40 -04:00 | probe_ok | probe_v28_dual_lane_snapshot_ledger.py | elapsed_s=0.23
2026-05-08 21:46:40 -04:00 | cycle_done | cycle=1048
2026-05-08 21:47:40 -04:00 | cycle_start | cycle=1049
2026-05-08 21:48:40 -04:00 | probe_timeout | probe_v28_dual_lane_sidecar_safety_watch.py
2026-05-08 21:48:40 -04:00 | probe_ok | probe_v28_dual_lane_live_market_update.py | elapsed_s=0.23
2026-05-08 21:48:40 -04:00 | probe_ok | probe_v28_dual_lane_readiness_checklist.py | elapsed_s=0.2
2026-05-08 21:48:41 -04:00 | probe_ok | probe_v28_dual_lane_snapshot_ledger.py | elapsed_s=0.26
2026-05-08 21:48:41 -04:00 | cycle_done | cycle=1049
2026-05-08 21:49:41 -04:00 | cycle_start | cycle=1050
2026-05-08 21:50:41 -04:00 | probe_timeout | probe_v28_dual_lane_sidecar_safety_watch.py
2026-05-08 21:50:41 -04:00 | probe_ok | probe_v28_dual_lane_live_market_update.py | elapsed_s=0.2
2026-05-08 21:50:41 -04:00 | probe_ok | probe_v28_dual_lane_readiness_checklist.py | elapsed_s=0.17
2026-05-08 21:50:41 -04:00 | probe_ok | probe_v28_dual_lane_snapshot_ledger.py | elapsed_s=0.2
2026-05-08 21:50:41 -04:00 | cycle_done | cycle=1050
2026-05-08 21:51:41 -04:00 | cycle_start | cycle=1051
2026-05-08 21:52:41 -04:00 | probe_timeout | probe_v28_dual_lane_sidecar_safety_watch.py
2026-05-08 21:52:41 -04:00 | probe_ok | probe_v28_dual_lane_live_market_update.py | elapsed_s=0.2
2026-05-08 21:52:42 -04:00 | probe_ok | probe_v28_dual_lane_readiness_checklist.py | elapsed_s=0.19
2026-05-08 21:52:42 -04:00 | probe_ok | probe_v28_dual_lane_snapshot_ledger.py | elapsed_s=0.22
2026-05-08 21:52:42 -04:00 | cycle_done | cycle=1051
2026-05-08 21:53:42 -04:00 | cycle_start | cycle=1052
2026-05-08 21:54:42 -04:00 | probe_timeout | probe_v28_dual_lane_sidecar_safety_watch.py
2026-05-08 21:54:42 -04:00 | probe_ok | probe_v28_dual_lane_live_market_update.py | elapsed_s=0.28
2026-05-08 21:54:42 -04:00 | probe_ok | probe_v28_dual_lane_readiness_checklist.py | elapsed_s=0.25
2026-05-08 21:54:43 -04:00 | probe_ok | probe_v28_dual_lane_snapshot_ledger.py | elapsed_s=0.28
2026-05-08 21:54:43 -04:00 | cycle_done | cycle=1052
2026-05-08 21:55:43 -04:00 | cycle_start | cycle=1053
2026-05-08 21:56:43 -04:00 | probe_timeout | probe_v28_dual_lane_sidecar_safety_watch.py
2026-05-08 21:56:43 -04:00 | probe_ok | probe_v28_dual_lane_live_market_update.py | elapsed_s=0.26
2026-05-08 21:56:43 -04:00 | probe_ok | probe_v28_dual_lane_readiness_checklist.py | elapsed_s=0.21
2026-05-08 21:56:43 -04:00 | probe_ok | probe_v28_dual_lane_snapshot_ledger.py | elapsed_s=0.27
2026-05-08 21:56:43 -04:00 | cycle_done | cycle=1053
2026-05-08 21:57:43 -04:00 | cycle_start | cycle=1054
2026-05-08 21:58:43 -04:00 | probe_timeout | probe_v28_dual_lane_sidecar_safety_watch.py
2026-05-08 21:58:44 -04:00 | probe_ok | probe_v28_dual_lane_live_market_update.py | elapsed_s=0.21
2026-05-08 21:58:44 -04:00 | probe_ok | probe_v28_dual_lane_readiness_checklist.py | elapsed_s=0.17
2026-05-08 21:58:44 -04:00 | probe_ok | probe_v28_dual_lane_snapshot_ledger.py | elapsed_s=0.21
2026-05-08 21:58:44 -04:00 | cycle_done | cycle=1054
2026-05-08 21:59:44 -04:00 | cycle_start | cycle=1055
2026-05-08 22:00:44 -04:00 | probe_timeout | probe_v28_dual_lane_sidecar_safety_watch.py
2026-05-08 22:00:44 -04:00 | probe_ok | probe_v28_dual_lane_live_market_update.py | elapsed_s=0.21
2026-05-08 22:00:45 -04:00 | probe_ok | probe_v28_dual_lane_readiness_checklist.py | elapsed_s=0.2
2026-05-08 22:00:45 -04:00 | probe_ok | probe_v28_dual_lane_snapshot_ledger.py | elapsed_s=0.23
2026-05-08 22:00:45 -04:00 | cycle_done | cycle=1055
2026-05-08 22:01:45 -04:00 | cycle_start | cycle=1056
2026-05-08 22:02:45 -04:00 | probe_timeout | probe_v28_dual_lane_sidecar_safety_watch.py
2026-05-08 22:02:45 -04:00 | probe_ok | probe_v28_dual_lane_live_market_update.py | elapsed_s=0.23
2026-05-08 22:02:45 -04:00 | probe_ok | probe_v28_dual_lane_readiness_checklist.py | elapsed_s=0.2
2026-05-08 22:02:46 -04:00 | probe_ok | probe_v28_dual_lane_snapshot_ledger.py | elapsed_s=0.28
2026-05-08 22:02:46 -04:00 | cycle_done | cycle=1056
2026-05-08 22:03:46 -04:00 | cycle_start | cycle=1057
2026-05-08 22:04:46 -04:00 | probe_timeout | probe_v28_dual_lane_sidecar_safety_watch.py
2026-05-08 22:04:46 -04:00 | probe_ok | probe_v28_dual_lane_live_market_update.py | elapsed_s=0.25
2026-05-08 22:04:46 -04:00 | probe_ok | probe_v28_dual_lane_readiness_checklist.py | elapsed_s=0.24
2026-05-08 22:04:46 -04:00 | probe_ok | probe_v28_dual_lane_snapshot_ledger.py | elapsed_s=0.3
2026-05-08 22:04:46 -04:00 | cycle_done | cycle=1057
2026-05-08 22:05:46 -04:00 | cycle_start | cycle=1058
2026-05-08 22:06:46 -04:00 | probe_timeout | probe_v28_dual_lane_sidecar_safety_watch.py
2026-05-08 22:06:47 -04:00 | probe_ok | probe_v28_dual_lane_live_market_update.py | elapsed_s=0.54
2026-05-08 22:06:47 -04:00 | probe_ok | probe_v28_dual_lane_readiness_checklist.py | elapsed_s=0.2
2026-05-08 22:06:47 -04:00 | probe_ok | probe_v28_dual_lane_snapshot_ledger.py | elapsed_s=0.21
2026-05-08 22:06:47 -04:00 | cycle_done | cycle=1058
2026-05-08 22:07:47 -04:00 | cycle_start | cycle=1059
2026-05-08 22:08:47 -04:00 | probe_timeout | probe_v28_dual_lane_sidecar_safety_watch.py
2026-05-08 22:08:48 -04:00 | probe_ok | probe_v28_dual_lane_live_market_update.py | elapsed_s=0.2
2026-05-08 22:08:48 -04:00 | probe_ok | probe_v28_dual_lane_readiness_checklist.py | elapsed_s=0.22
2026-05-08 22:08:48 -04:00 | probe_ok | probe_v28_dual_lane_snapshot_ledger.py | elapsed_s=0.27
2026-05-08 22:08:48 -04:00 | cycle_done | cycle=1059
2026-05-08 22:09:48 -04:00 | cycle_start | cycle=1060
2026-05-08 22:10:48 -04:00 | probe_timeout | probe_v28_dual_lane_sidecar_safety_watch.py
2026-05-08 22:10:48 -04:00 | probe_ok | probe_v28_dual_lane_live_market_update.py | elapsed_s=0.19
2026-05-08 22:10:49 -04:00 | probe_ok | probe_v28_dual_lane_readiness_checklist.py | elapsed_s=0.16
2026-05-08 22:10:49 -04:00 | probe_ok | probe_v28_dual_lane_snapshot_ledger.py | elapsed_s=0.19
2026-05-08 22:10:49 -04:00 | cycle_done | cycle=1060
2026-05-08 22:11:49 -04:00 | cycle_start | cycle=1061
2026-05-08 22:12:49 -04:00 | probe_timeout | probe_v28_dual_lane_sidecar_safety_watch.py
2026-05-08 22:12:49 -04:00 | probe_ok | probe_v28_dual_lane_live_market_update.py | elapsed_s=0.16
2026-05-08 22:12:49 -04:00 | probe_ok | probe_v28_dual_lane_readiness_checklist.py | elapsed_s=0.17
2026-05-08 22:12:49 -04:00 | probe_ok | probe_v28_dual_lane_snapshot_ledger.py | elapsed_s=0.2
2026-05-08 22:12:49 -04:00 | cycle_done | cycle=1061
2026-05-08 22:13:49 -04:00 | cycle_start | cycle=1062
2026-05-08 22:14:49 -04:00 | probe_timeout | probe_v28_dual_lane_sidecar_safety_watch.py
2026-05-08 22:14:50 -04:00 | probe_ok | probe_v28_dual_lane_live_market_update.py | elapsed_s=0.18
2026-05-08 22:14:50 -04:00 | probe_ok | probe_v28_dual_lane_readiness_checklist.py | elapsed_s=0.16
2026-05-08 22:14:50 -04:00 | probe_ok | probe_v28_dual_lane_snapshot_ledger.py | elapsed_s=0.19
2026-05-08 22:14:50 -04:00 | cycle_done | cycle=1062
2026-05-08 22:15:50 -04:00 | cycle_start | cycle=1063
2026-05-08 22:16:50 -04:00 | probe_timeout | probe_v28_dual_lane_sidecar_safety_watch.py
2026-05-08 22:16:50 -04:00 | probe_ok | probe_v28_dual_lane_live_market_update.py | elapsed_s=0.22
2026-05-08 22:16:50 -04:00 | probe_ok | probe_v28_dual_lane_readiness_checklist.py | elapsed_s=0.21
2026-05-08 22:16:51 -04:00 | probe_ok | probe_v28_dual_lane_snapshot_ledger.py | elapsed_s=0.2
2026-05-08 22:16:51 -04:00 | cycle_done | cycle=1063
2026-05-08 22:17:51 -04:00 | cycle_start | cycle=1064
2026-05-08 22:18:51 -04:00 | probe_timeout | probe_v28_dual_lane_sidecar_safety_watch.py
2026-05-08 22:18:51 -04:00 | probe_ok | probe_v28_dual_lane_live_market_update.py | elapsed_s=0.17
2026-05-08 22:18:51 -04:00 | probe_ok | probe_v28_dual_lane_readiness_checklist.py | elapsed_s=0.17
2026-05-08 22:18:51 -04:00 | probe_ok | probe_v28_dual_lane_snapshot_ledger.py | elapsed_s=0.19
2026-05-08 22:18:51 -04:00 | cycle_done | cycle=1064
2026-05-08 22:19:51 -04:00 | cycle_start | cycle=1065
2026-05-08 22:20:51 -04:00 | probe_timeout | probe_v28_dual_lane_sidecar_safety_watch.py
2026-05-08 22:20:51 -04:00 | probe_ok | probe_v28_dual_lane_live_market_update.py | elapsed_s=0.18
2026-05-08 22:20:52 -04:00 | probe_ok | probe_v28_dual_lane_readiness_checklist.py | elapsed_s=0.15
2026-05-08 22:20:52 -04:00 | probe_ok | probe_v28_dual_lane_snapshot_ledger.py | elapsed_s=0.2
2026-05-08 22:20:52 -04:00 | cycle_done | cycle=1065
2026-05-08 22:21:52 -04:00 | cycle_start | cycle=1066
2026-05-08 22:22:52 -04:00 | probe_timeout | probe_v28_dual_lane_sidecar_safety_watch.py
2026-05-08 22:22:52 -04:00 | probe_ok | probe_v28_dual_lane_live_market_update.py | elapsed_s=0.19
2026-05-08 22:22:52 -04:00 | probe_ok | probe_v28_dual_lane_readiness_checklist.py | elapsed_s=0.16
2026-05-08 22:22:52 -04:00 | probe_ok | probe_v28_dual_lane_snapshot_ledger.py | elapsed_s=0.21
2026-05-08 22:22:52 -04:00 | cycle_done | cycle=1066
2026-05-08 22:23:52 -04:00 | cycle_start | cycle=1067
2026-05-08 22:24:52 -04:00 | probe_timeout | probe_v28_dual_lane_sidecar_safety_watch.py
2026-05-08 22:24:53 -04:00 | probe_ok | probe_v28_dual_lane_live_market_update.py | elapsed_s=0.14
2026-05-08 22:24:53 -04:00 | probe_ok | probe_v28_dual_lane_readiness_checklist.py | elapsed_s=0.14
2026-05-08 22:24:53 -04:00 | probe_ok | probe_v28_dual_lane_snapshot_ledger.py | elapsed_s=0.19
2026-05-08 22:24:53 -04:00 | cycle_done | cycle=1067
2026-05-08 22:25:53 -04:00 | cycle_start | cycle=1068
2026-05-08 22:26:53 -04:00 | probe_timeout | probe_v28_dual_lane_sidecar_safety_watch.py
2026-05-08 22:26:53 -04:00 | probe_ok | probe_v28_dual_lane_live_market_update.py | elapsed_s=0.19
2026-05-08 22:26:53 -04:00 | probe_ok | probe_v28_dual_lane_readiness_checklist.py | elapsed_s=0.17
2026-05-08 22:26:54 -04:00 | probe_ok | probe_v28_dual_lane_snapshot_ledger.py | elapsed_s=0.19
2026-05-08 22:26:54 -04:00 | cycle_done | cycle=1068
2026-05-08 22:27:54 -04:00 | cycle_start | cycle=1069
2026-05-08 22:28:54 -04:00 | probe_timeout | probe_v28_dual_lane_sidecar_safety_watch.py
2026-05-08 22:28:54 -04:00 | probe_ok | probe_v28_dual_lane_live_market_update.py | elapsed_s=0.17
2026-05-08 22:28:54 -04:00 | probe_ok | probe_v28_dual_lane_readiness_checklist.py | elapsed_s=0.13
2026-05-08 22:28:54 -04:00 | probe_ok | probe_v28_dual_lane_snapshot_ledger.py | elapsed_s=0.2
2026-05-08 22:28:54 -04:00 | cycle_done | cycle=1069
2026-05-08 22:29:54 -04:00 | cycle_start | cycle=1070
2026-05-08 22:30:54 -04:00 | probe_timeout | probe_v28_dual_lane_sidecar_safety_watch.py
2026-05-08 22:30:54 -04:00 | probe_ok | probe_v28_dual_lane_live_market_update.py | elapsed_s=0.24
2026-05-08 22:30:54 -04:00 | probe_ok | probe_v28_dual_lane_readiness_checklist.py | elapsed_s=0.16
2026-05-08 22:30:55 -04:00 | probe_ok | probe_v28_dual_lane_snapshot_ledger.py | elapsed_s=0.2
2026-05-08 22:30:55 -04:00 | cycle_done | cycle=1070
2026-05-08 22:31:55 -04:00 | cycle_start | cycle=1071
2026-05-08 22:32:55 -04:00 | probe_timeout | probe_v28_dual_lane_sidecar_safety_watch.py
2026-05-08 22:32:55 -04:00 | probe_ok | probe_v28_dual_lane_live_market_update.py | elapsed_s=0.19
2026-05-08 22:32:55 -04:00 | probe_ok | probe_v28_dual_lane_readiness_checklist.py | elapsed_s=0.17
2026-05-08 22:32:55 -04:00 | probe_ok | probe_v28_dual_lane_snapshot_ledger.py | elapsed_s=0.21
2026-05-08 22:32:55 -04:00 | cycle_done | cycle=1071
2026-05-08 22:33:55 -04:00 | cycle_start | cycle=1072
2026-05-08 22:34:55 -04:00 | probe_timeout | probe_v28_dual_lane_sidecar_safety_watch.py
2026-05-08 22:34:56 -04:00 | probe_ok | probe_v28_dual_lane_live_market_update.py | elapsed_s=0.21
2026-05-08 22:34:56 -04:00 | probe_ok | probe_v28_dual_lane_readiness_checklist.py | elapsed_s=0.16
2026-05-08 22:34:56 -04:00 | probe_ok | probe_v28_dual_lane_snapshot_ledger.py | elapsed_s=0.18
2026-05-08 22:34:56 -04:00 | cycle_done | cycle=1072
2026-05-08 22:35:56 -04:00 | cycle_start | cycle=1073
2026-05-08 22:36:56 -04:00 | probe_timeout | probe_v28_dual_lane_sidecar_safety_watch.py
2026-05-08 22:36:56 -04:00 | probe_ok | probe_v28_dual_lane_live_market_update.py | elapsed_s=0.3
2026-05-08 22:36:56 -04:00 | probe_ok | probe_v28_dual_lane_readiness_checklist.py | elapsed_s=0.23
2026-05-08 22:36:57 -04:00 | probe_ok | probe_v28_dual_lane_snapshot_ledger.py | elapsed_s=0.25
2026-05-08 22:36:57 -04:00 | cycle_done | cycle=1073
2026-05-08 22:37:57 -04:00 | cycle_start | cycle=1074
2026-05-08 22:38:57 -04:00 | probe_timeout | probe_v28_dual_lane_sidecar_safety_watch.py
2026-05-08 22:38:57 -04:00 | probe_ok | probe_v28_dual_lane_live_market_update.py | elapsed_s=0.2
2026-05-08 22:38:57 -04:00 | probe_ok | probe_v28_dual_lane_readiness_checklist.py | elapsed_s=0.18
2026-05-08 22:38:57 -04:00 | probe_ok | probe_v28_dual_lane_snapshot_ledger.py | elapsed_s=0.2
2026-05-08 22:38:57 -04:00 | cycle_done | cycle=1074
2026-05-08 22:39:57 -04:00 | cycle_start | cycle=1075
2026-05-08 22:40:57 -04:00 | probe_timeout | probe_v28_dual_lane_sidecar_safety_watch.py
2026-05-08 22:40:58 -04:00 | probe_ok | probe_v28_dual_lane_live_market_update.py | elapsed_s=0.18
2026-05-08 22:40:58 -04:00 | probe_ok | probe_v28_dual_lane_readiness_checklist.py | elapsed_s=0.17
2026-05-08 22:40:58 -04:00 | probe_ok | probe_v28_dual_lane_snapshot_ledger.py | elapsed_s=0.2
2026-05-08 22:40:58 -04:00 | cycle_done | cycle=1075
2026-05-08 22:41:58 -04:00 | cycle_start | cycle=1076
2026-05-08 22:42:58 -04:00 | probe_timeout | probe_v28_dual_lane_sidecar_safety_watch.py
2026-05-08 22:42:58 -04:00 | probe_ok | probe_v28_dual_lane_live_market_update.py | elapsed_s=0.23
2026-05-08 22:42:58 -04:00 | probe_ok | probe_v28_dual_lane_readiness_checklist.py | elapsed_s=0.16
2026-05-08 22:42:59 -04:00 | probe_ok | probe_v28_dual_lane_snapshot_ledger.py | elapsed_s=0.18
2026-05-08 22:42:59 -04:00 | cycle_done | cycle=1076
2026-05-08 22:43:59 -04:00 | cycle_start | cycle=1077
2026-05-08 22:44:59 -04:00 | probe_timeout | probe_v28_dual_lane_sidecar_safety_watch.py
2026-05-08 22:44:59 -04:00 | probe_ok | probe_v28_dual_lane_live_market_update.py | elapsed_s=0.24
2026-05-08 22:44:59 -04:00 | probe_ok | probe_v28_dual_lane_readiness_checklist.py | elapsed_s=0.2
2026-05-08 22:44:59 -04:00 | probe_ok | probe_v28_dual_lane_snapshot_ledger.py | elapsed_s=0.24
2026-05-08 22:44:59 -04:00 | cycle_done | cycle=1077
2026-05-08 22:45:59 -04:00 | cycle_start | cycle=1078
2026-05-08 22:46:59 -04:00 | probe_timeout | probe_v28_dual_lane_sidecar_safety_watch.py
2026-05-08 22:47:00 -04:00 | probe_ok | probe_v28_dual_lane_live_market_update.py | elapsed_s=0.18
2026-05-08 22:47:00 -04:00 | probe_ok | probe_v28_dual_lane_readiness_checklist.py | elapsed_s=0.14
2026-05-08 22:47:00 -04:00 | probe_ok | probe_v28_dual_lane_snapshot_ledger.py | elapsed_s=0.19
2026-05-08 22:47:00 -04:00 | cycle_done | cycle=1078
2026-05-08 22:48:00 -04:00 | cycle_start | cycle=1079
2026-05-08 22:49:00 -04:00 | probe_timeout | probe_v28_dual_lane_sidecar_safety_watch.py
2026-05-08 22:49:00 -04:00 | probe_ok | probe_v28_dual_lane_live_market_update.py | elapsed_s=0.21
2026-05-08 22:49:00 -04:00 | probe_ok | probe_v28_dual_lane_readiness_checklist.py | elapsed_s=0.16
2026-05-08 22:49:01 -04:00 | probe_ok | probe_v28_dual_lane_snapshot_ledger.py | elapsed_s=0.17
2026-05-08 22:49:01 -04:00 | cycle_done | cycle=1079
2026-05-08 22:50:01 -04:00 | cycle_start | cycle=1080
2026-05-08 22:51:01 -04:00 | probe_timeout | probe_v28_dual_lane_sidecar_safety_watch.py
2026-05-08 22:51:01 -04:00 | probe_ok | probe_v28_dual_lane_live_market_update.py | elapsed_s=0.17
2026-05-08 22:51:01 -04:00 | probe_ok | probe_v28_dual_lane_readiness_checklist.py | elapsed_s=0.14
2026-05-08 22:51:01 -04:00 | probe_ok | probe_v28_dual_lane_snapshot_ledger.py | elapsed_s=0.17
2026-05-08 22:51:01 -04:00 | cycle_done | cycle=1080
2026-05-08 22:52:01 -04:00 | cycle_start | cycle=1081
2026-05-08 22:53:01 -04:00 | probe_timeout | probe_v28_dual_lane_sidecar_safety_watch.py
2026-05-08 22:53:01 -04:00 | probe_ok | probe_v28_dual_lane_live_market_update.py | elapsed_s=0.15
2026-05-08 22:53:01 -04:00 | probe_ok | probe_v28_dual_lane_readiness_checklist.py | elapsed_s=0.13
2026-05-08 22:53:02 -04:00 | probe_ok | probe_v28_dual_lane_snapshot_ledger.py | elapsed_s=0.16
2026-05-08 22:53:02 -04:00 | cycle_done | cycle=1081
2026-05-08 22:54:02 -04:00 | cycle_start | cycle=1082
2026-05-08 22:55:02 -04:00 | probe_timeout | probe_v28_dual_lane_sidecar_safety_watch.py
2026-05-08 22:55:02 -04:00 | probe_ok | probe_v28_dual_lane_live_market_update.py | elapsed_s=0.16
2026-05-08 22:55:02 -04:00 | probe_ok | probe_v28_dual_lane_readiness_checklist.py | elapsed_s=0.15
2026-05-08 22:55:02 -04:00 | probe_ok | probe_v28_dual_lane_snapshot_ledger.py | elapsed_s=0.17
2026-05-08 22:55:02 -04:00 | cycle_done | cycle=1082
2026-05-08 22:56:02 -04:00 | cycle_start | cycle=1083
2026-05-08 22:57:02 -04:00 | probe_timeout | probe_v28_dual_lane_sidecar_safety_watch.py
2026-05-08 22:57:02 -04:00 | probe_ok | probe_v28_dual_lane_live_market_update.py | elapsed_s=0.22
2026-05-08 22:57:03 -04:00 | probe_ok | probe_v28_dual_lane_readiness_checklist.py | elapsed_s=0.19
2026-05-08 22:57:03 -04:00 | probe_ok | probe_v28_dual_lane_snapshot_ledger.py | elapsed_s=0.25
2026-05-08 22:57:03 -04:00 | cycle_done | cycle=1083
2026-05-08 22:58:03 -04:00 | cycle_start | cycle=1084
2026-05-08 22:59:03 -04:00 | probe_timeout | probe_v28_dual_lane_sidecar_safety_watch.py
2026-05-08 22:59:03 -04:00 | probe_ok | probe_v28_dual_lane_live_market_update.py | elapsed_s=0.2
2026-05-08 22:59:03 -04:00 | probe_ok | probe_v28_dual_lane_readiness_checklist.py | elapsed_s=0.17
2026-05-08 22:59:03 -04:00 | probe_ok | probe_v28_dual_lane_snapshot_ledger.py | elapsed_s=0.21
2026-05-08 22:59:03 -04:00 | cycle_done | cycle=1084
2026-05-08 23:00:03 -04:00 | cycle_start | cycle=1085
2026-05-08 23:01:03 -04:00 | probe_timeout | probe_v28_dual_lane_sidecar_safety_watch.py
2026-05-08 23:01:04 -04:00 | probe_ok | probe_v28_dual_lane_live_market_update.py | elapsed_s=0.21
2026-05-08 23:01:04 -04:00 | probe_ok | probe_v28_dual_lane_readiness_checklist.py | elapsed_s=0.2
2026-05-08 23:01:04 -04:00 | probe_ok | probe_v28_dual_lane_snapshot_ledger.py | elapsed_s=0.28
2026-05-08 23:01:04 -04:00 | cycle_done | cycle=1085
2026-05-08 23:02:04 -04:00 | cycle_start | cycle=1086
2026-05-08 23:03:04 -04:00 | probe_timeout | probe_v28_dual_lane_sidecar_safety_watch.py
2026-05-08 23:03:04 -04:00 | probe_ok | probe_v28_dual_lane_live_market_update.py | elapsed_s=0.24
2026-05-08 23:03:05 -04:00 | probe_ok | probe_v28_dual_lane_readiness_checklist.py | elapsed_s=0.18
2026-05-08 23:03:05 -04:00 | probe_ok | probe_v28_dual_lane_snapshot_ledger.py | elapsed_s=0.26
2026-05-08 23:03:05 -04:00 | cycle_done | cycle=1086
2026-05-08 23:04:05 -04:00 | cycle_start | cycle=1087
2026-05-08 23:05:05 -04:00 | probe_timeout | probe_v28_dual_lane_sidecar_safety_watch.py
2026-05-08 23:05:05 -04:00 | probe_ok | probe_v28_dual_lane_live_market_update.py | elapsed_s=0.2
2026-05-08 23:05:05 -04:00 | probe_ok | probe_v28_dual_lane_readiness_checklist.py | elapsed_s=0.16
2026-05-08 23:05:05 -04:00 | probe_ok | probe_v28_dual_lane_snapshot_ledger.py | elapsed_s=0.2
2026-05-08 23:05:05 -04:00 | cycle_done | cycle=1087
2026-05-08 23:06:05 -04:00 | cycle_start | cycle=1088
2026-05-08 23:07:06 -04:00 | probe_timeout | probe_v28_dual_lane_sidecar_safety_watch.py
2026-05-08 23:07:06 -04:00 | probe_ok | probe_v28_dual_lane_live_market_update.py | elapsed_s=0.26
2026-05-08 23:07:06 -04:00 | probe_ok | probe_v28_dual_lane_readiness_checklist.py | elapsed_s=0.21
2026-05-08 23:07:06 -04:00 | probe_ok | probe_v28_dual_lane_snapshot_ledger.py | elapsed_s=0.26
2026-05-08 23:07:06 -04:00 | cycle_done | cycle=1088
2026-05-08 23:08:06 -04:00 | cycle_start | cycle=1089
2026-05-08 23:09:06 -04:00 | probe_timeout | probe_v28_dual_lane_sidecar_safety_watch.py
2026-05-08 23:09:07 -04:00 | probe_ok | probe_v28_dual_lane_live_market_update.py | elapsed_s=0.21
2026-05-08 23:09:07 -04:00 | probe_ok | probe_v28_dual_lane_readiness_checklist.py | elapsed_s=0.18
2026-05-08 23:09:07 -04:00 | probe_ok | probe_v28_dual_lane_snapshot_ledger.py | elapsed_s=0.21
2026-05-08 23:09:07 -04:00 | cycle_done | cycle=1089
2026-05-08 23:10:07 -04:00 | cycle_start | cycle=1090
2026-05-08 23:11:07 -04:00 | probe_timeout | probe_v28_dual_lane_sidecar_safety_watch.py
2026-05-08 23:11:07 -04:00 | probe_ok | probe_v28_dual_lane_live_market_update.py | elapsed_s=0.25
2026-05-08 23:11:07 -04:00 | probe_ok | probe_v28_dual_lane_readiness_checklist.py | elapsed_s=0.21
2026-05-08 23:11:08 -04:00 | probe_ok | probe_v28_dual_lane_snapshot_ledger.py | elapsed_s=0.27
2026-05-08 23:11:08 -04:00 | cycle_done | cycle=1090
2026-05-08 23:12:08 -04:00 | cycle_start | cycle=1091
2026-05-08 23:13:08 -04:00 | probe_timeout | probe_v28_dual_lane_sidecar_safety_watch.py
2026-05-08 23:13:08 -04:00 | probe_ok | probe_v28_dual_lane_live_market_update.py | elapsed_s=0.19
2026-05-08 23:13:08 -04:00 | probe_ok | probe_v28_dual_lane_readiness_checklist.py | elapsed_s=0.2
2026-05-08 23:13:08 -04:00 | probe_ok | probe_v28_dual_lane_snapshot_ledger.py | elapsed_s=0.21
2026-05-08 23:13:08 -04:00 | cycle_done | cycle=1091
2026-05-08 23:14:08 -04:00 | cycle_start | cycle=1092
2026-05-08 23:15:08 -04:00 | probe_timeout | probe_v28_dual_lane_sidecar_safety_watch.py
2026-05-08 23:15:09 -04:00 | probe_ok | probe_v28_dual_lane_live_market_update.py | elapsed_s=0.2
2026-05-08 23:15:09 -04:00 | probe_ok | probe_v28_dual_lane_readiness_checklist.py | elapsed_s=0.19
2026-05-08 23:15:09 -04:00 | probe_ok | probe_v28_dual_lane_snapshot_ledger.py | elapsed_s=0.23
2026-05-08 23:15:09 -04:00 | cycle_done | cycle=1092
2026-05-08 23:16:09 -04:00 | cycle_start | cycle=1093
2026-05-08 23:17:09 -04:00 | probe_timeout | probe_v28_dual_lane_sidecar_safety_watch.py
2026-05-08 23:17:09 -04:00 | probe_ok | probe_v28_dual_lane_live_market_update.py | elapsed_s=0.2
2026-05-08 23:17:09 -04:00 | probe_ok | probe_v28_dual_lane_readiness_checklist.py | elapsed_s=0.18
2026-05-08 23:17:10 -04:00 | probe_ok | probe_v28_dual_lane_snapshot_ledger.py | elapsed_s=0.22
2026-05-08 23:17:10 -04:00 | cycle_done | cycle=1093
2026-05-08 23:18:10 -04:00 | cycle_start | cycle=1094
2026-05-08 23:19:10 -04:00 | probe_timeout | probe_v28_dual_lane_sidecar_safety_watch.py
2026-05-08 23:19:10 -04:00 | probe_ok | probe_v28_dual_lane_live_market_update.py | elapsed_s=0.22
2026-05-08 23:19:10 -04:00 | probe_ok | probe_v28_dual_lane_readiness_checklist.py | elapsed_s=0.21
2026-05-08 23:19:10 -04:00 | probe_ok | probe_v28_dual_lane_snapshot_ledger.py | elapsed_s=0.23
2026-05-08 23:19:10 -04:00 | cycle_done | cycle=1094
2026-05-08 23:20:10 -04:00 | cycle_start | cycle=1095
2026-05-08 23:21:10 -04:00 | probe_timeout | probe_v28_dual_lane_sidecar_safety_watch.py
2026-05-08 23:21:11 -04:00 | probe_ok | probe_v28_dual_lane_live_market_update.py | elapsed_s=0.24
2026-05-08 23:21:11 -04:00 | probe_ok | probe_v28_dual_lane_readiness_checklist.py | elapsed_s=0.18
2026-05-08 23:21:11 -04:00 | probe_ok | probe_v28_dual_lane_snapshot_ledger.py | elapsed_s=0.24
2026-05-08 23:21:11 -04:00 | cycle_done | cycle=1095
2026-05-08 23:22:11 -04:00 | cycle_start | cycle=1096
2026-05-08 23:23:11 -04:00 | probe_timeout | probe_v28_dual_lane_sidecar_safety_watch.py
2026-05-08 23:23:11 -04:00 | probe_ok | probe_v28_dual_lane_live_market_update.py | elapsed_s=0.2
2026-05-08 23:23:11 -04:00 | probe_ok | probe_v28_dual_lane_readiness_checklist.py | elapsed_s=0.16
2026-05-08 23:23:12 -04:00 | probe_ok | probe_v28_dual_lane_snapshot_ledger.py | elapsed_s=0.24
2026-05-08 23:23:12 -04:00 | cycle_done | cycle=1096
2026-05-08 23:24:12 -04:00 | cycle_start | cycle=1097
2026-05-08 23:25:12 -04:00 | probe_timeout | probe_v28_dual_lane_sidecar_safety_watch.py
2026-05-08 23:25:12 -04:00 | probe_ok | probe_v28_dual_lane_live_market_update.py | elapsed_s=0.19
2026-05-08 23:25:12 -04:00 | probe_ok | probe_v28_dual_lane_readiness_checklist.py | elapsed_s=0.18
2026-05-08 23:25:12 -04:00 | probe_ok | probe_v28_dual_lane_snapshot_ledger.py | elapsed_s=0.23
2026-05-08 23:25:12 -04:00 | cycle_done | cycle=1097
2026-05-08 23:26:12 -04:00 | cycle_start | cycle=1098
2026-05-08 23:27:12 -04:00 | probe_timeout | probe_v28_dual_lane_sidecar_safety_watch.py
2026-05-08 23:27:13 -04:00 | probe_ok | probe_v28_dual_lane_live_market_update.py | elapsed_s=0.24
2026-05-08 23:27:13 -04:00 | probe_ok | probe_v28_dual_lane_readiness_checklist.py | elapsed_s=0.2
2026-05-08 23:27:13 -04:00 | probe_ok | probe_v28_dual_lane_snapshot_ledger.py | elapsed_s=0.24
2026-05-08 23:27:13 -04:00 | cycle_done | cycle=1098
2026-05-08 23:28:13 -04:00 | cycle_start | cycle=1099
2026-05-08 23:29:13 -04:00 | probe_timeout | probe_v28_dual_lane_sidecar_safety_watch.py
2026-05-08 23:29:13 -04:00 | probe_ok | probe_v28_dual_lane_live_market_update.py | elapsed_s=0.22
2026-05-08 23:29:13 -04:00 | probe_ok | probe_v28_dual_lane_readiness_checklist.py | elapsed_s=0.2
2026-05-08 23:29:14 -04:00 | probe_ok | probe_v28_dual_lane_snapshot_ledger.py | elapsed_s=0.27
2026-05-08 23:29:14 -04:00 | cycle_done | cycle=1099
2026-05-08 23:30:14 -04:00 | cycle_start | cycle=1100
2026-05-08 23:31:14 -04:00 | probe_timeout | probe_v28_dual_lane_sidecar_safety_watch.py
2026-05-08 23:31:14 -04:00 | probe_ok | probe_v28_dual_lane_live_market_update.py | elapsed_s=0.19
2026-05-08 23:31:14 -04:00 | probe_ok | probe_v28_dual_lane_readiness_checklist.py | elapsed_s=0.18
2026-05-08 23:31:14 -04:00 | probe_ok | probe_v28_dual_lane_snapshot_ledger.py | elapsed_s=0.24
2026-05-08 23:31:14 -04:00 | cycle_done | cycle=1100
2026-05-08 23:32:14 -04:00 | cycle_start | cycle=1101
2026-05-08 23:33:14 -04:00 | probe_timeout | probe_v28_dual_lane_sidecar_safety_watch.py
2026-05-08 23:33:15 -04:00 | probe_ok | probe_v28_dual_lane_live_market_update.py | elapsed_s=0.22
2026-05-08 23:33:15 -04:00 | probe_ok | probe_v28_dual_lane_readiness_checklist.py | elapsed_s=0.21
2026-05-08 23:33:15 -04:00 | probe_ok | probe_v28_dual_lane_snapshot_ledger.py | elapsed_s=0.27
2026-05-08 23:33:15 -04:00 | cycle_done | cycle=1101
2026-05-08 23:34:15 -04:00 | cycle_start | cycle=1102
2026-05-08 23:35:15 -04:00 | probe_timeout | probe_v28_dual_lane_sidecar_safety_watch.py
2026-05-08 23:35:15 -04:00 | probe_ok | probe_v28_dual_lane_live_market_update.py | elapsed_s=0.23
2026-05-08 23:35:16 -04:00 | probe_ok | probe_v28_dual_lane_readiness_checklist.py | elapsed_s=0.19
2026-05-08 23:35:16 -04:00 | probe_ok | probe_v28_dual_lane_snapshot_ledger.py | elapsed_s=0.22
2026-05-08 23:35:16 -04:00 | cycle_done | cycle=1102
2026-05-08 23:36:16 -04:00 | cycle_start | cycle=1103
2026-05-08 23:37:16 -04:00 | probe_timeout | probe_v28_dual_lane_sidecar_safety_watch.py
2026-05-08 23:37:16 -04:00 | probe_ok | probe_v28_dual_lane_live_market_update.py | elapsed_s=0.25
2026-05-08 23:37:16 -04:00 | probe_ok | probe_v28_dual_lane_readiness_checklist.py | elapsed_s=0.18
2026-05-08 23:37:17 -04:00 | probe_ok | probe_v28_dual_lane_snapshot_ledger.py | elapsed_s=0.22
2026-05-08 23:37:17 -04:00 | cycle_done | cycle=1103
2026-05-08 23:38:17 -04:00 | cycle_start | cycle=1104
2026-05-08 23:39:17 -04:00 | probe_timeout | probe_v28_dual_lane_sidecar_safety_watch.py
2026-05-08 23:39:17 -04:00 | probe_ok | probe_v28_dual_lane_live_market_update.py | elapsed_s=0.26
2026-05-08 23:39:17 -04:00 | probe_ok | probe_v28_dual_lane_readiness_checklist.py | elapsed_s=0.2
2026-05-08 23:39:17 -04:00 | probe_ok | probe_v28_dual_lane_snapshot_ledger.py | elapsed_s=0.27
2026-05-08 23:39:17 -04:00 | cycle_done | cycle=1104
2026-05-08 23:40:17 -04:00 | cycle_start | cycle=1105
2026-05-08 23:41:17 -04:00 | probe_timeout | probe_v28_dual_lane_sidecar_safety_watch.py
2026-05-08 23:41:18 -04:00 | probe_ok | probe_v28_dual_lane_live_market_update.py | elapsed_s=0.22
2026-05-08 23:41:18 -04:00 | probe_ok | probe_v28_dual_lane_readiness_checklist.py | elapsed_s=0.2
2026-05-08 23:41:18 -04:00 | probe_ok | probe_v28_dual_lane_snapshot_ledger.py | elapsed_s=0.24
2026-05-08 23:41:18 -04:00 | cycle_done | cycle=1105
2026-05-08 23:42:18 -04:00 | cycle_start | cycle=1106
2026-05-08 23:43:18 -04:00 | probe_timeout | probe_v28_dual_lane_sidecar_safety_watch.py
2026-05-08 23:43:18 -04:00 | probe_ok | probe_v28_dual_lane_live_market_update.py | elapsed_s=0.23
2026-05-08 23:43:19 -04:00 | probe_ok | probe_v28_dual_lane_readiness_checklist.py | elapsed_s=0.2
2026-05-08 23:43:19 -04:00 | probe_ok | probe_v28_dual_lane_snapshot_ledger.py | elapsed_s=0.24
2026-05-08 23:43:19 -04:00 | cycle_done | cycle=1106
2026-05-08 23:44:19 -04:00 | cycle_start | cycle=1107
2026-05-08 23:45:19 -04:00 | probe_timeout | probe_v28_dual_lane_sidecar_safety_watch.py
2026-05-08 23:45:19 -04:00 | probe_ok | probe_v28_dual_lane_live_market_update.py | elapsed_s=0.2
2026-05-08 23:45:19 -04:00 | probe_ok | probe_v28_dual_lane_readiness_checklist.py | elapsed_s=0.19
2026-05-08 23:45:19 -04:00 | probe_ok | probe_v28_dual_lane_snapshot_ledger.py | elapsed_s=0.24
2026-05-08 23:45:19 -04:00 | cycle_done | cycle=1107
2026-05-08 23:46:19 -04:00 | cycle_start | cycle=1108
2026-05-08 23:47:19 -04:00 | probe_timeout | probe_v28_dual_lane_sidecar_safety_watch.py
2026-05-08 23:47:20 -04:00 | probe_ok | probe_v28_dual_lane_live_market_update.py | elapsed_s=0.22
2026-05-08 23:47:20 -04:00 | probe_ok | probe_v28_dual_lane_readiness_checklist.py | elapsed_s=0.19
2026-05-08 23:47:20 -04:00 | probe_ok | probe_v28_dual_lane_snapshot_ledger.py | elapsed_s=0.25
2026-05-08 23:47:20 -04:00 | cycle_done | cycle=1108
2026-05-08 23:48:20 -04:00 | cycle_start | cycle=1109
2026-05-09 10:39:53 -04:00 | probe_timeout | probe_v28_dual_lane_sidecar_safety_watch.py
2026-05-09 10:39:53 -04:00 | probe_ok | probe_v28_dual_lane_live_market_update.py | elapsed_s=0.13
2026-05-09 10:39:53 -04:00 | probe_ok | probe_v28_dual_lane_readiness_checklist.py | elapsed_s=0.11
2026-05-09 10:39:54 -04:00 | probe_ok | probe_v28_dual_lane_snapshot_ledger.py | elapsed_s=0.15
2026-05-09 10:39:54 -04:00 | cycle_done | cycle=1109
2026-05-09 10:40:54 -04:00 | cycle_start | cycle=1110
2026-05-09 10:41:54 -04:00 | probe_timeout | probe_v28_dual_lane_sidecar_safety_watch.py
2026-05-09 10:41:54 -04:00 | probe_ok | probe_v28_dual_lane_live_market_update.py | elapsed_s=0.13
2026-05-09 10:41:54 -04:00 | probe_ok | probe_v28_dual_lane_readiness_checklist.py | elapsed_s=0.11
2026-05-09 10:41:54 -04:00 | probe_ok | probe_v28_dual_lane_snapshot_ledger.py | elapsed_s=0.16
2026-05-09 10:41:54 -04:00 | cycle_done | cycle=1110
2026-05-09 10:42:54 -04:00 | cycle_start | cycle=1111
2026-05-09 10:43:54 -04:00 | probe_timeout | probe_v28_dual_lane_sidecar_safety_watch.py
2026-05-09 10:43:54 -04:00 | probe_ok | probe_v28_dual_lane_live_market_update.py | elapsed_s=0.11
2026-05-09 10:43:54 -04:00 | probe_ok | probe_v28_dual_lane_readiness_checklist.py | elapsed_s=0.1
2026-05-09 10:43:54 -04:00 | probe_ok | probe_v28_dual_lane_snapshot_ledger.py | elapsed_s=0.14
2026-05-09 10:43:54 -04:00 | cycle_done | cycle=1111
2026-05-09 10:44:54 -04:00 | cycle_start | cycle=1112
2026-05-09 10:45:54 -04:00 | probe_timeout | probe_v28_dual_lane_sidecar_safety_watch.py
2026-05-09 10:45:55 -04:00 | probe_ok | probe_v28_dual_lane_live_market_update.py | elapsed_s=0.09
2026-05-09 10:45:55 -04:00 | probe_ok | probe_v28_dual_lane_readiness_checklist.py | elapsed_s=0.1
2026-05-09 10:45:55 -04:00 | probe_ok | probe_v28_dual_lane_snapshot_ledger.py | elapsed_s=0.13
2026-05-09 10:45:55 -04:00 | cycle_done | cycle=1112
2026-05-09 10:46:55 -04:00 | cycle_start | cycle=1113
2026-05-09 10:47:55 -04:00 | probe_timeout | probe_v28_dual_lane_sidecar_safety_watch.py
2026-05-09 10:47:55 -04:00 | probe_ok | probe_v28_dual_lane_live_market_update.py | elapsed_s=0.1
2026-05-09 10:47:55 -04:00 | probe_ok | probe_v28_dual_lane_readiness_checklist.py | elapsed_s=0.11
2026-05-09 10:47:55 -04:00 | probe_ok | probe_v28_dual_lane_snapshot_ledger.py | elapsed_s=0.13
2026-05-09 10:47:55 -04:00 | cycle_done | cycle=1113
2026-05-09 10:48:55 -04:00 | cycle_start | cycle=1114
2026-05-09 10:49:55 -04:00 | probe_timeout | probe_v28_dual_lane_sidecar_safety_watch.py
2026-05-09 10:49:55 -04:00 | probe_ok | probe_v28_dual_lane_live_market_update.py | elapsed_s=0.15
2026-05-09 10:49:56 -04:00 | probe_ok | probe_v28_dual_lane_readiness_checklist.py | elapsed_s=0.15
2026-05-09 10:49:56 -04:00 | probe_ok | probe_v28_dual_lane_snapshot_ledger.py | elapsed_s=0.23
2026-05-09 10:49:56 -04:00 | cycle_done | cycle=1114
2026-05-09 10:50:56 -04:00 | cycle_start | cycle=1115
2026-05-09 10:51:56 -04:00 | probe_timeout | probe_v28_dual_lane_sidecar_safety_watch.py
2026-05-09 10:51:56 -04:00 | probe_ok | probe_v28_dual_lane_live_market_update.py | elapsed_s=0.12
2026-05-09 10:51:56 -04:00 | probe_ok | probe_v28_dual_lane_readiness_checklist.py | elapsed_s=0.11
2026-05-09 10:51:56 -04:00 | probe_ok | probe_v28_dual_lane_snapshot_ledger.py | elapsed_s=0.15
2026-05-09 10:51:56 -04:00 | cycle_done | cycle=1115
2026-05-09 10:52:56 -04:00 | cycle_start | cycle=1116
2026-05-09 10:53:56 -04:00 | probe_timeout | probe_v28_dual_lane_sidecar_safety_watch.py
2026-05-09 10:53:56 -04:00 | probe_ok | probe_v28_dual_lane_live_market_update.py | elapsed_s=0.1
2026-05-09 10:53:56 -04:00 | probe_ok | probe_v28_dual_lane_readiness_checklist.py | elapsed_s=0.09
2026-05-09 10:53:57 -04:00 | probe_ok | probe_v28_dual_lane_snapshot_ledger.py | elapsed_s=0.12
2026-05-09 10:53:57 -04:00 | cycle_done | cycle=1116
2026-05-09 10:54:57 -04:00 | cycle_start | cycle=1117
2026-05-09 10:55:57 -04:00 | probe_timeout | probe_v28_dual_lane_sidecar_safety_watch.py
2026-05-09 10:55:57 -04:00 | probe_ok | probe_v28_dual_lane_live_market_update.py | elapsed_s=0.11
2026-05-09 10:55:57 -04:00 | probe_ok | probe_v28_dual_lane_readiness_checklist.py | elapsed_s=0.1
2026-05-09 10:55:57 -04:00 | probe_ok | probe_v28_dual_lane_snapshot_ledger.py | elapsed_s=0.15
2026-05-09 10:55:57 -04:00 | cycle_done | cycle=1117
2026-05-09 10:56:57 -04:00 | cycle_start | cycle=1118
2026-05-09 10:57:57 -04:00 | probe_timeout | probe_v28_dual_lane_sidecar_safety_watch.py
2026-05-09 10:57:57 -04:00 | probe_ok | probe_v28_dual_lane_live_market_update.py | elapsed_s=0.07
2026-05-09 10:57:57 -04:00 | probe_ok | probe_v28_dual_lane_readiness_checklist.py | elapsed_s=0.08
2026-05-09 10:57:57 -04:00 | probe_ok | probe_v28_dual_lane_snapshot_ledger.py | elapsed_s=0.11
2026-05-09 10:57:57 -04:00 | cycle_done | cycle=1118
2026-05-09 10:58:57 -04:00 | cycle_start | cycle=1119
2026-05-09 10:59:57 -04:00 | probe_timeout | probe_v28_dual_lane_sidecar_safety_watch.py
2026-05-09 10:59:57 -04:00 | probe_ok | probe_v28_dual_lane_live_market_update.py | elapsed_s=0.13
2026-05-09 10:59:58 -04:00 | probe_ok | probe_v28_dual_lane_readiness_checklist.py | elapsed_s=0.11
2026-05-09 10:59:58 -04:00 | probe_ok | probe_v28_dual_lane_snapshot_ledger.py | elapsed_s=0.13
2026-05-09 10:59:58 -04:00 | cycle_done | cycle=1119
2026-05-09 11:00:58 -04:00 | cycle_start | cycle=1120
2026-05-09 11:01:58 -04:00 | probe_timeout | probe_v28_dual_lane_sidecar_safety_watch.py
2026-05-09 11:01:58 -04:00 | probe_ok | probe_v28_dual_lane_live_market_update.py | elapsed_s=0.09
2026-05-09 11:01:58 -04:00 | probe_ok | probe_v28_dual_lane_readiness_checklist.py | elapsed_s=0.1
2026-05-09 11:01:58 -04:00 | probe_ok | probe_v28_dual_lane_snapshot_ledger.py | elapsed_s=0.11
2026-05-09 11:01:58 -04:00 | cycle_done | cycle=1120
2026-05-09 11:02:58 -04:00 | cycle_start | cycle=1121
2026-05-09 11:03:58 -04:00 | probe_timeout | probe_v28_dual_lane_sidecar_safety_watch.py
2026-05-09 11:03:58 -04:00 | probe_ok | probe_v28_dual_lane_live_market_update.py | elapsed_s=0.09
2026-05-09 11:03:58 -04:00 | probe_ok | probe_v28_dual_lane_readiness_checklist.py | elapsed_s=0.1
2026-05-09 11:03:58 -04:00 | probe_ok | probe_v28_dual_lane_snapshot_ledger.py | elapsed_s=0.12
2026-05-09 11:03:58 -04:00 | cycle_done | cycle=1121
2026-05-09 11:04:58 -04:00 | cycle_start | cycle=1122
2026-05-09 11:05:58 -04:00 | probe_timeout | probe_v28_dual_lane_sidecar_safety_watch.py
2026-05-09 11:05:59 -04:00 | probe_ok | probe_v28_dual_lane_live_market_update.py | elapsed_s=0.1
2026-05-09 11:05:59 -04:00 | probe_ok | probe_v28_dual_lane_readiness_checklist.py | elapsed_s=0.11
2026-05-09 11:05:59 -04:00 | probe_ok | probe_v28_dual_lane_snapshot_ledger.py | elapsed_s=0.14
2026-05-09 11:05:59 -04:00 | cycle_done | cycle=1122
2026-05-09 11:06:59 -04:00 | cycle_start | cycle=1123
2026-05-09 11:07:59 -04:00 | probe_timeout | probe_v28_dual_lane_sidecar_safety_watch.py
2026-05-09 11:07:59 -04:00 | probe_ok | probe_v28_dual_lane_live_market_update.py | elapsed_s=0.09
2026-05-09 11:07:59 -04:00 | probe_ok | probe_v28_dual_lane_readiness_checklist.py | elapsed_s=0.1
2026-05-09 11:07:59 -04:00 | probe_ok | probe_v28_dual_lane_snapshot_ledger.py | elapsed_s=0.15
2026-05-09 11:07:59 -04:00 | cycle_done | cycle=1123
2026-05-09 11:08:59 -04:00 | cycle_start | cycle=1124
2026-05-09 11:09:59 -04:00 | probe_timeout | probe_v28_dual_lane_sidecar_safety_watch.py
2026-05-09 11:09:59 -04:00 | probe_ok | probe_v28_dual_lane_live_market_update.py | elapsed_s=0.17
2026-05-09 11:10:00 -04:00 | probe_ok | probe_v28_dual_lane_readiness_checklist.py | elapsed_s=0.17
2026-05-09 11:10:00 -04:00 | probe_ok | probe_v28_dual_lane_snapshot_ledger.py | elapsed_s=0.17
2026-05-09 11:10:00 -04:00 | cycle_done | cycle=1124
2026-05-09 11:11:00 -04:00 | cycle_start | cycle=1125
2026-05-09 11:12:00 -04:00 | probe_timeout | probe_v28_dual_lane_sidecar_safety_watch.py
2026-05-09 11:12:00 -04:00 | probe_ok | probe_v28_dual_lane_live_market_update.py | elapsed_s=0.13
2026-05-09 11:12:00 -04:00 | probe_ok | probe_v28_dual_lane_readiness_checklist.py | elapsed_s=0.11
2026-05-09 11:12:00 -04:00 | probe_ok | probe_v28_dual_lane_snapshot_ledger.py | elapsed_s=0.13
2026-05-09 11:12:00 -04:00 | cycle_done | cycle=1125
2026-05-09 11:13:00 -04:00 | cycle_start | cycle=1126
2026-05-09 11:14:00 -04:00 | probe_timeout | probe_v28_dual_lane_sidecar_safety_watch.py
2026-05-09 11:14:00 -04:00 | probe_ok | probe_v28_dual_lane_live_market_update.py | elapsed_s=0.16
2026-05-09 11:14:00 -04:00 | probe_ok | probe_v28_dual_lane_readiness_checklist.py | elapsed_s=0.14
2026-05-09 11:14:01 -04:00 | probe_ok | probe_v28_dual_lane_snapshot_ledger.py | elapsed_s=0.18
2026-05-09 11:14:01 -04:00 | cycle_done | cycle=1126
2026-05-09 11:15:01 -04:00 | cycle_start | cycle=1127
2026-05-09 11:16:01 -04:00 | probe_timeout | probe_v28_dual_lane_sidecar_safety_watch.py
2026-05-09 11:16:01 -04:00 | probe_ok | probe_v28_dual_lane_live_market_update.py | elapsed_s=0.16
2026-05-09 11:16:01 -04:00 | probe_ok | probe_v28_dual_lane_readiness_checklist.py | elapsed_s=0.1
2026-05-09 11:16:01 -04:00 | probe_ok | probe_v28_dual_lane_snapshot_ledger.py | elapsed_s=0.13
2026-05-09 11:16:01 -04:00 | cycle_done | cycle=1127
2026-05-09 11:17:01 -04:00 | cycle_start | cycle=1128
2026-05-09 11:18:01 -04:00 | probe_timeout | probe_v28_dual_lane_sidecar_safety_watch.py
2026-05-09 11:18:01 -04:00 | probe_ok | probe_v28_dual_lane_live_market_update.py | elapsed_s=0.14
2026-05-09 11:18:01 -04:00 | probe_ok | probe_v28_dual_lane_readiness_checklist.py | elapsed_s=0.11
2026-05-09 11:18:02 -04:00 | probe_ok | probe_v28_dual_lane_snapshot_ledger.py | elapsed_s=0.16
2026-05-09 11:18:02 -04:00 | cycle_done | cycle=1128
2026-05-09 11:19:02 -04:00 | cycle_start | cycle=1129
2026-05-09 11:20:02 -04:00 | probe_timeout | probe_v28_dual_lane_sidecar_safety_watch.py
2026-05-09 11:20:02 -04:00 | probe_ok | probe_v28_dual_lane_live_market_update.py | elapsed_s=0.13
2026-05-09 11:20:02 -04:00 | probe_ok | probe_v28_dual_lane_readiness_checklist.py | elapsed_s=0.1
2026-05-09 11:20:02 -04:00 | probe_ok | probe_v28_dual_lane_snapshot_ledger.py | elapsed_s=0.13
2026-05-09 11:20:02 -04:00 | cycle_done | cycle=1129
2026-05-09 11:21:02 -04:00 | cycle_start | cycle=1130
2026-05-09 11:22:02 -04:00 | probe_timeout | probe_v28_dual_lane_sidecar_safety_watch.py
2026-05-09 11:22:02 -04:00 | probe_ok | probe_v28_dual_lane_live_market_update.py | elapsed_s=0.18
2026-05-09 11:22:02 -04:00 | probe_ok | probe_v28_dual_lane_readiness_checklist.py | elapsed_s=0.15
2026-05-09 11:22:02 -04:00 | probe_ok | probe_v28_dual_lane_snapshot_ledger.py | elapsed_s=0.18
2026-05-09 11:22:02 -04:00 | cycle_done | cycle=1130
2026-05-09 11:23:02 -04:00 | cycle_start | cycle=1131
2026-05-09 11:24:03 -04:00 | probe_timeout | probe_v28_dual_lane_sidecar_safety_watch.py
2026-05-09 11:24:03 -04:00 | probe_ok | probe_v28_dual_lane_live_market_update.py | elapsed_s=0.11
2026-05-09 11:24:03 -04:00 | probe_ok | probe_v28_dual_lane_readiness_checklist.py | elapsed_s=0.1
2026-05-09 11:24:03 -04:00 | probe_ok | probe_v28_dual_lane_snapshot_ledger.py | elapsed_s=0.12
2026-05-09 11:24:03 -04:00 | cycle_done | cycle=1131
2026-05-09 11:25:03 -04:00 | cycle_start | cycle=1132
2026-05-09 11:26:03 -04:00 | probe_timeout | probe_v28_dual_lane_sidecar_safety_watch.py
2026-05-09 11:26:03 -04:00 | probe_ok | probe_v28_dual_lane_live_market_update.py | elapsed_s=0.16
2026-05-09 11:26:03 -04:00 | probe_ok | probe_v28_dual_lane_readiness_checklist.py | elapsed_s=0.14
2026-05-09 11:26:03 -04:00 | probe_ok | probe_v28_dual_lane_snapshot_ledger.py | elapsed_s=0.16
2026-05-09 11:26:03 -04:00 | cycle_done | cycle=1132
2026-05-09 11:27:03 -04:00 | cycle_start | cycle=1133
2026-05-09 11:28:03 -04:00 | probe_timeout | probe_v28_dual_lane_sidecar_safety_watch.py
2026-05-09 11:28:04 -04:00 | probe_ok | probe_v28_dual_lane_live_market_update.py | elapsed_s=0.13
2026-05-09 11:28:04 -04:00 | probe_ok | probe_v28_dual_lane_readiness_checklist.py | elapsed_s=0.11
2026-05-09 11:28:04 -04:00 | probe_ok | probe_v28_dual_lane_snapshot_ledger.py | elapsed_s=0.13
2026-05-09 11:28:04 -04:00 | cycle_done | cycle=1133
2026-05-09 11:29:04 -04:00 | cycle_start | cycle=1134
2026-05-09 11:30:04 -04:00 | probe_timeout | probe_v28_dual_lane_sidecar_safety_watch.py
2026-05-09 11:30:04 -04:00 | probe_ok | probe_v28_dual_lane_live_market_update.py | elapsed_s=0.16
2026-05-09 11:30:04 -04:00 | probe_ok | probe_v28_dual_lane_readiness_checklist.py | elapsed_s=0.17
2026-05-09 11:30:04 -04:00 | probe_ok | probe_v28_dual_lane_snapshot_ledger.py | elapsed_s=0.19
2026-05-09 11:30:04 -04:00 | cycle_done | cycle=1134
2026-05-09 11:31:04 -04:00 | cycle_start | cycle=1135
2026-05-09 11:32:04 -04:00 | probe_timeout | probe_v28_dual_lane_sidecar_safety_watch.py
2026-05-09 11:32:04 -04:00 | probe_ok | probe_v28_dual_lane_live_market_update.py | elapsed_s=0.15
2026-05-09 11:32:05 -04:00 | probe_ok | probe_v28_dual_lane_readiness_checklist.py | elapsed_s=0.16
2026-05-09 11:32:05 -04:00 | probe_ok | probe_v28_dual_lane_snapshot_ledger.py | elapsed_s=0.18
2026-05-09 11:32:05 -04:00 | cycle_done | cycle=1135
2026-05-09 11:33:05 -04:00 | cycle_start | cycle=1136
2026-05-09 11:34:05 -04:00 | probe_timeout | probe_v28_dual_lane_sidecar_safety_watch.py
2026-05-09 11:34:05 -04:00 | probe_ok | probe_v28_dual_lane_live_market_update.py | elapsed_s=0.2
2026-05-09 11:34:05 -04:00 | probe_ok | probe_v28_dual_lane_readiness_checklist.py | elapsed_s=0.16
2026-05-09 11:34:05 -04:00 | probe_ok | probe_v28_dual_lane_snapshot_ledger.py | elapsed_s=0.19
2026-05-09 11:34:05 -04:00 | cycle_done | cycle=1136
2026-05-09 11:35:05 -04:00 | cycle_start | cycle=1137
2026-05-09 11:36:06 -04:00 | probe_timeout | probe_v28_dual_lane_sidecar_safety_watch.py
2026-05-09 11:36:06 -04:00 | probe_ok | probe_v28_dual_lane_live_market_update.py | elapsed_s=0.14
2026-05-09 11:36:06 -04:00 | probe_ok | probe_v28_dual_lane_readiness_checklist.py | elapsed_s=0.14
2026-05-09 11:36:06 -04:00 | probe_ok | probe_v28_dual_lane_snapshot_ledger.py | elapsed_s=0.18
2026-05-09 11:36:06 -04:00 | cycle_done | cycle=1137
2026-05-09 11:37:06 -04:00 | cycle_start | cycle=1138
2026-05-09 11:38:06 -04:00 | probe_timeout | probe_v28_dual_lane_sidecar_safety_watch.py
2026-05-09 11:38:06 -04:00 | probe_ok | probe_v28_dual_lane_live_market_update.py | elapsed_s=0.16
2026-05-09 11:38:06 -04:00 | probe_ok | probe_v28_dual_lane_readiness_checklist.py | elapsed_s=0.13
2026-05-09 11:38:06 -04:00 | probe_ok | probe_v28_dual_lane_snapshot_ledger.py | elapsed_s=0.18
2026-05-09 11:38:06 -04:00 | cycle_done | cycle=1138
2026-05-09 11:39:07 -04:00 | cycle_start | cycle=1139
2026-05-09 11:40:07 -04:00 | probe_timeout | probe_v28_dual_lane_sidecar_safety_watch.py
2026-05-09 11:40:07 -04:00 | probe_ok | probe_v28_dual_lane_live_market_update.py | elapsed_s=0.17
2026-05-09 11:40:07 -04:00 | probe_ok | probe_v28_dual_lane_readiness_checklist.py | elapsed_s=0.14
2026-05-09 11:40:07 -04:00 | probe_ok | probe_v28_dual_lane_snapshot_ledger.py | elapsed_s=0.16
2026-05-09 11:40:07 -04:00 | cycle_done | cycle=1139
2026-05-09 11:41:07 -04:00 | cycle_start | cycle=1140
2026-05-09 11:42:07 -04:00 | probe_timeout | probe_v28_dual_lane_sidecar_safety_watch.py
2026-05-09 11:42:07 -04:00 | probe_ok | probe_v28_dual_lane_live_market_update.py | elapsed_s=0.16
2026-05-09 11:42:07 -04:00 | probe_ok | probe_v28_dual_lane_readiness_checklist.py | elapsed_s=0.13
2026-05-09 11:42:07 -04:00 | probe_ok | probe_v28_dual_lane_snapshot_ledger.py | elapsed_s=0.16
2026-05-09 11:42:07 -04:00 | cycle_done | cycle=1140
2026-05-09 11:43:07 -04:00 | cycle_start | cycle=1141
2026-05-09 11:44:08 -04:00 | probe_timeout | probe_v28_dual_lane_sidecar_safety_watch.py
2026-05-09 11:44:08 -04:00 | probe_ok | probe_v28_dual_lane_live_market_update.py | elapsed_s=0.14
2026-05-09 11:44:08 -04:00 | probe_ok | probe_v28_dual_lane_readiness_checklist.py | elapsed_s=0.13
2026-05-09 11:44:08 -04:00 | probe_ok | probe_v28_dual_lane_snapshot_ledger.py | elapsed_s=0.18
2026-05-09 11:44:08 -04:00 | cycle_done | cycle=1141
2026-05-09 11:45:08 -04:00 | cycle_start | cycle=1142
2026-05-09 11:46:08 -04:00 | probe_timeout | probe_v28_dual_lane_sidecar_safety_watch.py
2026-05-09 11:46:08 -04:00 | probe_ok | probe_v28_dual_lane_live_market_update.py | elapsed_s=0.17
2026-05-09 11:46:08 -04:00 | probe_ok | probe_v28_dual_lane_readiness_checklist.py | elapsed_s=0.13
2026-05-09 11:46:08 -04:00 | probe_ok | probe_v28_dual_lane_snapshot_ledger.py | elapsed_s=0.16
2026-05-09 11:46:08 -04:00 | cycle_done | cycle=1142
2026-05-09 11:47:09 -04:00 | cycle_start | cycle=1143
2026-05-09 11:48:09 -04:00 | probe_timeout | probe_v28_dual_lane_sidecar_safety_watch.py
2026-05-09 11:48:09 -04:00 | probe_ok | probe_v28_dual_lane_live_market_update.py | elapsed_s=0.13
2026-05-09 11:48:09 -04:00 | probe_ok | probe_v28_dual_lane_readiness_checklist.py | elapsed_s=0.13
2026-05-09 11:48:09 -04:00 | probe_ok | probe_v28_dual_lane_snapshot_ledger.py | elapsed_s=0.17
2026-05-09 11:48:09 -04:00 | cycle_done | cycle=1143
2026-05-09 11:49:09 -04:00 | cycle_start | cycle=1144
2026-05-09 11:50:09 -04:00 | probe_timeout | probe_v28_dual_lane_sidecar_safety_watch.py
2026-05-09 11:50:09 -04:00 | probe_ok | probe_v28_dual_lane_live_market_update.py | elapsed_s=0.13
2026-05-09 11:50:09 -04:00 | probe_ok | probe_v28_dual_lane_readiness_checklist.py | elapsed_s=0.13
2026-05-09 11:50:09 -04:00 | probe_ok | probe_v28_dual_lane_snapshot_ledger.py | elapsed_s=0.15
2026-05-09 11:50:09 -04:00 | cycle_done | cycle=1144
2026-05-09 12:55:28 -04:00 | cycle_start | cycle=1145
2026-05-09 12:56:28 -04:00 | probe_timeout | probe_v28_dual_lane_sidecar_safety_watch.py
2026-05-09 12:56:28 -04:00 | probe_ok | probe_v28_dual_lane_live_market_update.py | elapsed_s=0.21
2026-05-09 12:56:28 -04:00 | probe_ok | probe_v28_dual_lane_readiness_checklist.py | elapsed_s=0.15
2026-05-09 12:56:28 -04:00 | probe_ok | probe_v28_dual_lane_snapshot_ledger.py | elapsed_s=0.19
2026-05-09 12:56:28 -04:00 | cycle_done | cycle=1145
2026-05-09 12:57:28 -04:00 | cycle_start | cycle=1146
2026-05-09 12:58:28 -04:00 | probe_timeout | probe_v28_dual_lane_sidecar_safety_watch.py
2026-05-09 12:58:29 -04:00 | probe_ok | probe_v28_dual_lane_live_market_update.py | elapsed_s=0.17
2026-05-09 12:58:29 -04:00 | probe_ok | probe_v28_dual_lane_readiness_checklist.py | elapsed_s=0.13
2026-05-09 12:58:29 -04:00 | probe_ok | probe_v28_dual_lane_snapshot_ledger.py | elapsed_s=0.2
2026-05-09 12:58:29 -04:00 | cycle_done | cycle=1146
2026-05-09 12:59:29 -04:00 | cycle_start | cycle=1147
2026-05-09 13:00:29 -04:00 | probe_timeout | probe_v28_dual_lane_sidecar_safety_watch.py
2026-05-09 13:00:29 -04:00 | probe_ok | probe_v28_dual_lane_live_market_update.py | elapsed_s=0.17
2026-05-09 13:00:29 -04:00 | probe_ok | probe_v28_dual_lane_readiness_checklist.py | elapsed_s=0.16
2026-05-09 13:00:29 -04:00 | probe_ok | probe_v28_dual_lane_snapshot_ledger.py | elapsed_s=0.18
2026-05-09 13:00:29 -04:00 | cycle_done | cycle=1147
2026-05-09 13:01:29 -04:00 | cycle_start | cycle=1148
2026-05-09 13:02:30 -04:00 | probe_timeout | probe_v28_dual_lane_sidecar_safety_watch.py
2026-05-09 13:02:30 -04:00 | probe_ok | probe_v28_dual_lane_live_market_update.py | elapsed_s=0.21
2026-05-09 13:02:30 -04:00 | probe_ok | probe_v28_dual_lane_readiness_checklist.py | elapsed_s=0.14
2026-05-09 13:02:30 -04:00 | probe_ok | probe_v28_dual_lane_snapshot_ledger.py | elapsed_s=0.17
2026-05-09 13:02:30 -04:00 | cycle_done | cycle=1148
2026-05-09 13:03:30 -04:00 | cycle_start | cycle=1149
2026-05-09 13:04:30 -04:00 | probe_timeout | probe_v28_dual_lane_sidecar_safety_watch.py
2026-05-09 13:04:30 -04:00 | probe_ok | probe_v28_dual_lane_live_market_update.py | elapsed_s=0.14
2026-05-09 13:04:30 -04:00 | probe_ok | probe_v28_dual_lane_readiness_checklist.py | elapsed_s=0.14
2026-05-09 13:04:31 -04:00 | probe_ok | probe_v28_dual_lane_snapshot_ledger.py | elapsed_s=0.19
2026-05-09 13:04:31 -04:00 | cycle_done | cycle=1149
2026-05-09 13:05:31 -04:00 | cycle_start | cycle=1150
2026-05-09 13:06:31 -04:00 | probe_timeout | probe_v28_dual_lane_sidecar_safety_watch.py
2026-05-09 13:06:31 -04:00 | probe_ok | probe_v28_dual_lane_live_market_update.py | elapsed_s=0.16
2026-05-09 13:06:31 -04:00 | probe_ok | probe_v28_dual_lane_readiness_checklist.py | elapsed_s=0.14
2026-05-09 13:06:31 -04:00 | probe_ok | probe_v28_dual_lane_snapshot_ledger.py | elapsed_s=0.18
2026-05-09 13:06:31 -04:00 | cycle_done | cycle=1150
2026-05-09 13:07:31 -04:00 | cycle_start | cycle=1151
2026-05-09 13:08:31 -04:00 | probe_timeout | probe_v28_dual_lane_sidecar_safety_watch.py
2026-05-09 13:08:31 -04:00 | probe_ok | probe_v28_dual_lane_live_market_update.py | elapsed_s=0.26
2026-05-09 13:08:32 -04:00 | probe_ok | probe_v28_dual_lane_readiness_checklist.py | elapsed_s=0.17
2026-05-09 13:08:32 -04:00 | probe_ok | probe_v28_dual_lane_snapshot_ledger.py | elapsed_s=0.23
2026-05-09 13:08:32 -04:00 | cycle_done | cycle=1151
2026-05-09 13:09:32 -04:00 | cycle_start | cycle=1152
2026-05-09 13:10:32 -04:00 | probe_timeout | probe_v28_dual_lane_sidecar_safety_watch.py
2026-05-09 13:10:32 -04:00 | probe_ok | probe_v28_dual_lane_live_market_update.py | elapsed_s=0.18
2026-05-09 13:10:32 -04:00 | probe_ok | probe_v28_dual_lane_readiness_checklist.py | elapsed_s=0.16
2026-05-09 13:10:32 -04:00 | probe_ok | probe_v28_dual_lane_snapshot_ledger.py | elapsed_s=0.19
2026-05-09 13:10:32 -04:00 | cycle_done | cycle=1152
2026-05-09 13:11:32 -04:00 | cycle_start | cycle=1153
2026-05-09 13:12:32 -04:00 | probe_timeout | probe_v28_dual_lane_sidecar_safety_watch.py
2026-05-09 13:12:33 -04:00 | probe_ok | probe_v28_dual_lane_live_market_update.py | elapsed_s=0.15
2026-05-09 13:12:33 -04:00 | probe_ok | probe_v28_dual_lane_readiness_checklist.py | elapsed_s=0.13
2026-05-09 13:12:33 -04:00 | probe_ok | probe_v28_dual_lane_snapshot_ledger.py | elapsed_s=0.16
2026-05-09 13:12:33 -04:00 | cycle_done | cycle=1153
2026-05-09 13:13:33 -04:00 | cycle_start | cycle=1154
2026-05-09 13:14:33 -04:00 | probe_timeout | probe_v28_dual_lane_sidecar_safety_watch.py
2026-05-09 13:14:33 -04:00 | probe_ok | probe_v28_dual_lane_live_market_update.py | elapsed_s=0.2
2026-05-09 13:14:33 -04:00 | probe_ok | probe_v28_dual_lane_readiness_checklist.py | elapsed_s=0.14
2026-05-09 13:14:33 -04:00 | probe_ok | probe_v28_dual_lane_snapshot_ledger.py | elapsed_s=0.18
2026-05-09 13:14:33 -04:00 | cycle_done | cycle=1154
2026-05-09 13:15:33 -04:00 | cycle_start | cycle=1155
2026-05-09 13:16:33 -04:00 | probe_timeout | probe_v28_dual_lane_sidecar_safety_watch.py
2026-05-09 13:16:34 -04:00 | probe_ok | probe_v28_dual_lane_live_market_update.py | elapsed_s=0.18
2026-05-09 13:16:34 -04:00 | probe_ok | probe_v28_dual_lane_readiness_checklist.py | elapsed_s=0.14
2026-05-09 13:16:34 -04:00 | probe_ok | probe_v28_dual_lane_snapshot_ledger.py | elapsed_s=0.16
2026-05-09 13:16:34 -04:00 | cycle_done | cycle=1155
2026-05-09 13:17:34 -04:00 | cycle_start | cycle=1156
2026-05-09 13:18:34 -04:00 | probe_timeout | probe_v28_dual_lane_sidecar_safety_watch.py
2026-05-09 13:18:34 -04:00 | probe_ok | probe_v28_dual_lane_live_market_update.py | elapsed_s=0.19
2026-05-09 13:18:34 -04:00 | probe_ok | probe_v28_dual_lane_readiness_checklist.py | elapsed_s=0.14
2026-05-09 13:18:35 -04:00 | probe_ok | probe_v28_dual_lane_snapshot_ledger.py | elapsed_s=0.19
2026-05-09 13:18:35 -04:00 | cycle_done | cycle=1156
2026-05-09 13:19:35 -04:00 | cycle_start | cycle=1157
2026-05-09 13:20:35 -04:00 | probe_timeout | probe_v28_dual_lane_sidecar_safety_watch.py
2026-05-09 13:20:35 -04:00 | probe_ok | probe_v28_dual_lane_live_market_update.py | elapsed_s=0.15
2026-05-09 13:20:35 -04:00 | probe_ok | probe_v28_dual_lane_readiness_checklist.py | elapsed_s=0.15
2026-05-09 13:20:35 -04:00 | probe_ok | probe_v28_dual_lane_snapshot_ledger.py | elapsed_s=0.17
2026-05-09 13:20:35 -04:00 | cycle_done | cycle=1157
2026-05-09 13:21:35 -04:00 | cycle_start | cycle=1158
2026-05-09 13:22:35 -04:00 | probe_timeout | probe_v28_dual_lane_sidecar_safety_watch.py
2026-05-09 13:22:35 -04:00 | probe_ok | probe_v28_dual_lane_live_market_update.py | elapsed_s=0.18
2026-05-09 13:22:35 -04:00 | probe_ok | probe_v28_dual_lane_readiness_checklist.py | elapsed_s=0.16
2026-05-09 13:22:36 -04:00 | probe_ok | probe_v28_dual_lane_snapshot_ledger.py | elapsed_s=0.2
2026-05-09 13:22:36 -04:00 | cycle_done | cycle=1158
2026-05-09 13:23:36 -04:00 | cycle_start | cycle=1159
2026-05-09 13:24:36 -04:00 | probe_timeout | probe_v28_dual_lane_sidecar_safety_watch.py
2026-05-09 13:24:36 -04:00 | probe_ok | probe_v28_dual_lane_live_market_update.py | elapsed_s=0.18
2026-05-09 13:24:36 -04:00 | probe_ok | probe_v28_dual_lane_readiness_checklist.py | elapsed_s=0.15
2026-05-09 13:24:36 -04:00 | probe_ok | probe_v28_dual_lane_snapshot_ledger.py | elapsed_s=0.2
2026-05-09 13:24:36 -04:00 | cycle_done | cycle=1159
2026-05-09 13:25:36 -04:00 | cycle_start | cycle=1160
2026-05-09 13:26:36 -04:00 | probe_timeout | probe_v28_dual_lane_sidecar_safety_watch.py
2026-05-09 13:26:36 -04:00 | probe_ok | probe_v28_dual_lane_live_market_update.py | elapsed_s=0.19
2026-05-09 13:26:37 -04:00 | probe_ok | probe_v28_dual_lane_readiness_checklist.py | elapsed_s=0.16
2026-05-09 13:26:37 -04:00 | probe_ok | probe_v28_dual_lane_snapshot_ledger.py | elapsed_s=0.17
2026-05-09 13:26:37 -04:00 | cycle_done | cycle=1160
2026-05-09 13:27:37 -04:00 | cycle_start | cycle=1161
2026-05-09 13:28:37 -04:00 | probe_timeout | probe_v28_dual_lane_sidecar_safety_watch.py
2026-05-09 13:28:37 -04:00 | probe_ok | probe_v28_dual_lane_live_market_update.py | elapsed_s=0.2
2026-05-09 13:28:37 -04:00 | probe_ok | probe_v28_dual_lane_readiness_checklist.py | elapsed_s=0.16
2026-05-09 13:28:37 -04:00 | probe_ok | probe_v28_dual_lane_snapshot_ledger.py | elapsed_s=0.19
2026-05-09 13:28:37 -04:00 | cycle_done | cycle=1161
2026-05-09 13:29:37 -04:00 | cycle_start | cycle=1162
2026-05-09 13:30:37 -04:00 | probe_timeout | probe_v28_dual_lane_sidecar_safety_watch.py
2026-05-09 13:30:38 -04:00 | probe_ok | probe_v28_dual_lane_live_market_update.py | elapsed_s=0.14
2026-05-09 13:30:38 -04:00 | probe_ok | probe_v28_dual_lane_readiness_checklist.py | elapsed_s=0.12
2026-05-09 13:30:38 -04:00 | probe_ok | probe_v28_dual_lane_snapshot_ledger.py | elapsed_s=0.15
2026-05-09 13:30:38 -04:00 | cycle_done | cycle=1162
2026-05-09 13:31:38 -04:00 | cycle_start | cycle=1163
2026-05-09 13:32:38 -04:00 | probe_timeout | probe_v28_dual_lane_sidecar_safety_watch.py
2026-05-09 13:32:38 -04:00 | probe_ok | probe_v28_dual_lane_live_market_update.py | elapsed_s=0.11
2026-05-09 13:32:38 -04:00 | probe_ok | probe_v28_dual_lane_readiness_checklist.py | elapsed_s=0.1
2026-05-09 13:32:38 -04:00 | probe_ok | probe_v28_dual_lane_snapshot_ledger.py | elapsed_s=0.14
2026-05-09 13:32:38 -04:00 | cycle_done | cycle=1163
2026-05-09 13:33:38 -04:00 | cycle_start | cycle=1164
2026-05-09 13:34:38 -04:00 | probe_timeout | probe_v28_dual_lane_sidecar_safety_watch.py
2026-05-09 13:34:39 -04:00 | probe_ok | probe_v28_dual_lane_live_market_update.py | elapsed_s=0.16
2026-05-09 13:34:39 -04:00 | probe_ok | probe_v28_dual_lane_readiness_checklist.py | elapsed_s=0.13
2026-05-09 13:34:39 -04:00 | probe_ok | probe_v28_dual_lane_snapshot_ledger.py | elapsed_s=0.17
2026-05-09 13:34:39 -04:00 | cycle_done | cycle=1164
2026-05-09 13:35:39 -04:00 | cycle_start | cycle=1165
2026-05-09 13:36:39 -04:00 | probe_timeout | probe_v28_dual_lane_sidecar_safety_watch.py
2026-05-09 13:36:39 -04:00 | probe_ok | probe_v28_dual_lane_live_market_update.py | elapsed_s=0.12
2026-05-09 13:36:39 -04:00 | probe_ok | probe_v28_dual_lane_readiness_checklist.py | elapsed_s=0.1
2026-05-09 13:36:39 -04:00 | probe_ok | probe_v28_dual_lane_snapshot_ledger.py | elapsed_s=0.13
2026-05-09 13:36:39 -04:00 | cycle_done | cycle=1165
2026-05-09 13:37:39 -04:00 | cycle_start | cycle=1166
2026-05-09 13:38:39 -04:00 | probe_timeout | probe_v28_dual_lane_sidecar_safety_watch.py
2026-05-09 13:38:39 -04:00 | probe_ok | probe_v28_dual_lane_live_market_update.py | elapsed_s=0.08
2026-05-09 13:38:39 -04:00 | probe_ok | probe_v28_dual_lane_readiness_checklist.py | elapsed_s=0.09
2026-05-09 13:38:40 -04:00 | probe_ok | probe_v28_dual_lane_snapshot_ledger.py | elapsed_s=0.11
2026-05-09 13:38:40 -04:00 | cycle_done | cycle=1166
2026-05-09 13:39:40 -04:00 | cycle_start | cycle=1167
2026-05-09 13:40:40 -04:00 | probe_timeout | probe_v28_dual_lane_sidecar_safety_watch.py
2026-05-09 13:40:40 -04:00 | probe_ok | probe_v28_dual_lane_live_market_update.py | elapsed_s=0.11
2026-05-09 13:40:40 -04:00 | probe_ok | probe_v28_dual_lane_readiness_checklist.py | elapsed_s=0.11
2026-05-09 13:40:40 -04:00 | probe_ok | probe_v28_dual_lane_snapshot_ledger.py | elapsed_s=0.14
2026-05-09 13:40:40 -04:00 | cycle_done | cycle=1167
2026-05-09 13:41:40 -04:00 | cycle_start | cycle=1168
2026-05-09 13:42:40 -04:00 | probe_timeout | probe_v28_dual_lane_sidecar_safety_watch.py
2026-05-09 13:42:40 -04:00 | probe_ok | probe_v28_dual_lane_live_market_update.py | elapsed_s=0.31
2026-05-09 13:42:41 -04:00 | probe_ok | probe_v28_dual_lane_readiness_checklist.py | elapsed_s=0.2
2026-05-09 13:42:41 -04:00 | probe_ok | probe_v28_dual_lane_snapshot_ledger.py | elapsed_s=0.24
2026-05-09 13:42:41 -04:00 | cycle_done | cycle=1168
2026-05-09 13:43:41 -04:00 | cycle_start | cycle=1169
2026-05-09 13:44:41 -04:00 | probe_timeout | probe_v28_dual_lane_sidecar_safety_watch.py
2026-05-09 13:44:41 -04:00 | probe_ok | probe_v28_dual_lane_live_market_update.py | elapsed_s=0.12
2026-05-09 13:44:41 -04:00 | probe_ok | probe_v28_dual_lane_readiness_checklist.py | elapsed_s=0.13
2026-05-09 13:44:41 -04:00 | probe_ok | probe_v28_dual_lane_snapshot_ledger.py | elapsed_s=0.16
2026-05-09 13:44:41 -04:00 | cycle_done | cycle=1169
2026-05-09 13:45:41 -04:00 | cycle_start | cycle=1170
2026-05-09 13:46:41 -04:00 | probe_timeout | probe_v28_dual_lane_sidecar_safety_watch.py
2026-05-09 13:46:41 -04:00 | probe_ok | probe_v28_dual_lane_live_market_update.py | elapsed_s=0.07
2026-05-09 13:46:41 -04:00 | probe_ok | probe_v28_dual_lane_readiness_checklist.py | elapsed_s=0.09
2026-05-09 13:46:42 -04:00 | probe_ok | probe_v28_dual_lane_snapshot_ledger.py | elapsed_s=0.1
2026-05-09 13:46:42 -04:00 | cycle_done | cycle=1170
2026-05-09 13:47:42 -04:00 | cycle_start | cycle=1171
2026-05-09 13:48:42 -04:00 | probe_timeout | probe_v28_dual_lane_sidecar_safety_watch.py
2026-05-09 13:48:42 -04:00 | probe_ok | probe_v28_dual_lane_live_market_update.py | elapsed_s=0.22
2026-05-09 13:48:42 -04:00 | probe_ok | probe_v28_dual_lane_readiness_checklist.py | elapsed_s=0.16
2026-05-09 13:48:42 -04:00 | probe_ok | probe_v28_dual_lane_snapshot_ledger.py | elapsed_s=0.34
2026-05-09 13:48:42 -04:00 | cycle_done | cycle=1171
2026-05-09 13:49:42 -04:00 | cycle_start | cycle=1172
2026-05-09 13:50:42 -04:00 | probe_timeout | probe_v28_dual_lane_sidecar_safety_watch.py
2026-05-09 13:50:42 -04:00 | probe_ok | probe_v28_dual_lane_live_market_update.py | elapsed_s=0.09
2026-05-09 13:50:42 -04:00 | probe_ok | probe_v28_dual_lane_readiness_checklist.py | elapsed_s=0.09
2026-05-09 13:50:43 -04:00 | probe_ok | probe_v28_dual_lane_snapshot_ledger.py | elapsed_s=0.12
2026-05-09 13:50:43 -04:00 | cycle_done | cycle=1172
2026-05-09 13:51:43 -04:00 | cycle_start | cycle=1173
2026-05-09 13:52:43 -04:00 | probe_timeout | probe_v28_dual_lane_sidecar_safety_watch.py
2026-05-09 13:52:43 -04:00 | probe_ok | probe_v28_dual_lane_live_market_update.py | elapsed_s=0.08
2026-05-09 13:52:43 -04:00 | probe_ok | probe_v28_dual_lane_readiness_checklist.py | elapsed_s=0.08
2026-05-09 13:52:43 -04:00 | probe_ok | probe_v28_dual_lane_snapshot_ledger.py | elapsed_s=0.1
2026-05-09 13:52:43 -04:00 | cycle_done | cycle=1173
2026-05-09 13:53:43 -04:00 | cycle_start | cycle=1174
2026-05-09 13:54:43 -04:00 | probe_timeout | probe_v28_dual_lane_sidecar_safety_watch.py
2026-05-09 13:54:43 -04:00 | probe_ok | probe_v28_dual_lane_live_market_update.py | elapsed_s=0.11
2026-05-09 13:54:43 -04:00 | probe_ok | probe_v28_dual_lane_readiness_checklist.py | elapsed_s=0.11
2026-05-09 13:54:43 -04:00 | probe_ok | probe_v28_dual_lane_snapshot_ledger.py | elapsed_s=0.1
2026-05-09 13:54:43 -04:00 | cycle_done | cycle=1174
2026-05-09 13:55:43 -04:00 | cycle_start | cycle=1175
2026-05-09 13:56:43 -04:00 | probe_timeout | probe_v28_dual_lane_sidecar_safety_watch.py
2026-05-09 13:56:44 -04:00 | probe_ok | probe_v28_dual_lane_live_market_update.py | elapsed_s=0.27
2026-05-09 13:56:44 -04:00 | probe_ok | probe_v28_dual_lane_readiness_checklist.py | elapsed_s=0.09
2026-05-09 13:56:44 -04:00 | probe_ok | probe_v28_dual_lane_snapshot_ledger.py | elapsed_s=0.11
2026-05-09 13:56:44 -04:00 | cycle_done | cycle=1175
2026-05-09 13:57:44 -04:00 | cycle_start | cycle=1176
2026-05-09 13:58:44 -04:00 | probe_timeout | probe_v28_dual_lane_sidecar_safety_watch.py
2026-05-09 13:58:44 -04:00 | probe_ok | probe_v28_dual_lane_live_market_update.py | elapsed_s=0.11
2026-05-09 13:58:44 -04:00 | probe_ok | probe_v28_dual_lane_readiness_checklist.py | elapsed_s=0.08
2026-05-09 13:58:44 -04:00 | probe_ok | probe_v28_dual_lane_snapshot_ledger.py | elapsed_s=0.11
2026-05-09 13:58:44 -04:00 | cycle_done | cycle=1176
2026-05-09 13:59:44 -04:00 | cycle_start | cycle=1177
2026-05-09 14:00:44 -04:00 | probe_timeout | probe_v28_dual_lane_sidecar_safety_watch.py
2026-05-09 14:00:44 -04:00 | probe_ok | probe_v28_dual_lane_live_market_update.py | elapsed_s=0.11
2026-05-09 14:00:44 -04:00 | probe_ok | probe_v28_dual_lane_readiness_checklist.py | elapsed_s=0.08
2026-05-09 14:00:44 -04:00 | probe_ok | probe_v28_dual_lane_snapshot_ledger.py | elapsed_s=0.1
2026-05-09 14:00:44 -04:00 | cycle_done | cycle=1177
2026-05-09 14:01:44 -04:00 | cycle_start | cycle=1178
2026-05-09 14:02:44 -04:00 | probe_timeout | probe_v28_dual_lane_sidecar_safety_watch.py
2026-05-09 14:02:45 -04:00 | probe_ok | probe_v28_dual_lane_live_market_update.py | elapsed_s=0.1
2026-05-09 14:02:45 -04:00 | probe_ok | probe_v28_dual_lane_readiness_checklist.py | elapsed_s=0.11
2026-05-09 14:02:45 -04:00 | probe_ok | probe_v28_dual_lane_snapshot_ledger.py | elapsed_s=0.17
2026-05-09 14:02:45 -04:00 | cycle_done | cycle=1178
2026-05-09 14:03:45 -04:00 | cycle_start | cycle=1179
2026-05-09 14:04:45 -04:00 | probe_timeout | probe_v28_dual_lane_sidecar_safety_watch.py
2026-05-09 14:04:45 -04:00 | probe_ok | probe_v28_dual_lane_live_market_update.py | elapsed_s=0.11
2026-05-09 14:04:45 -04:00 | probe_ok | probe_v28_dual_lane_readiness_checklist.py | elapsed_s=0.11
2026-05-09 14:04:45 -04:00 | probe_ok | probe_v28_dual_lane_snapshot_ledger.py | elapsed_s=0.14
2026-05-09 14:04:45 -04:00 | cycle_done | cycle=1179
2026-05-09 14:05:45 -04:00 | cycle_start | cycle=1180
2026-05-09 14:06:45 -04:00 | probe_timeout | probe_v28_dual_lane_sidecar_safety_watch.py
2026-05-09 14:06:46 -04:00 | probe_ok | probe_v28_dual_lane_live_market_update.py | elapsed_s=0.12
2026-05-09 14:06:46 -04:00 | probe_ok | probe_v28_dual_lane_readiness_checklist.py | elapsed_s=0.13
2026-05-09 14:06:46 -04:00 | probe_ok | probe_v28_dual_lane_snapshot_ledger.py | elapsed_s=0.14
2026-05-09 14:06:46 -04:00 | cycle_done | cycle=1180
2026-05-09 14:07:46 -04:00 | cycle_start | cycle=1181
2026-05-09 14:08:46 -04:00 | probe_timeout | probe_v28_dual_lane_sidecar_safety_watch.py
2026-05-09 14:08:46 -04:00 | probe_ok | probe_v28_dual_lane_live_market_update.py | elapsed_s=0.08
2026-05-09 14:08:46 -04:00 | probe_ok | probe_v28_dual_lane_readiness_checklist.py | elapsed_s=0.09
2026-05-09 14:08:46 -04:00 | probe_ok | probe_v28_dual_lane_snapshot_ledger.py | elapsed_s=0.1
2026-05-09 14:08:46 -04:00 | cycle_done | cycle=1181
2026-05-09 14:09:46 -04:00 | cycle_start | cycle=1182
2026-05-09 14:10:46 -04:00 | probe_timeout | probe_v28_dual_lane_sidecar_safety_watch.py
2026-05-09 14:10:46 -04:00 | probe_ok | probe_v28_dual_lane_live_market_update.py | elapsed_s=0.08
2026-05-09 14:10:46 -04:00 | probe_ok | probe_v28_dual_lane_readiness_checklist.py | elapsed_s=0.09
2026-05-09 14:10:47 -04:00 | probe_ok | probe_v28_dual_lane_snapshot_ledger.py | elapsed_s=0.11
2026-05-09 14:10:47 -04:00 | cycle_done | cycle=1182
2026-05-09 14:11:47 -04:00 | cycle_start | cycle=1183
2026-05-09 14:12:47 -04:00 | probe_timeout | probe_v28_dual_lane_sidecar_safety_watch.py
2026-05-09 14:12:47 -04:00 | probe_ok | probe_v28_dual_lane_live_market_update.py | elapsed_s=0.08
2026-05-09 14:12:47 -04:00 | probe_ok | probe_v28_dual_lane_readiness_checklist.py | elapsed_s=0.09
2026-05-09 14:12:47 -04:00 | probe_ok | probe_v28_dual_lane_snapshot_ledger.py | elapsed_s=0.12
2026-05-09 14:12:47 -04:00 | cycle_done | cycle=1183
2026-05-09 14:13:47 -04:00 | cycle_start | cycle=1184
2026-05-09 14:14:47 -04:00 | probe_timeout | probe_v28_dual_lane_sidecar_safety_watch.py
2026-05-09 14:14:47 -04:00 | probe_ok | probe_v28_dual_lane_live_market_update.py | elapsed_s=0.14
2026-05-09 14:14:47 -04:00 | probe_ok | probe_v28_dual_lane_readiness_checklist.py | elapsed_s=0.12
2026-05-09 14:14:47 -04:00 | probe_ok | probe_v28_dual_lane_snapshot_ledger.py | elapsed_s=0.17
2026-05-09 14:14:47 -04:00 | cycle_done | cycle=1184
2026-05-09 14:15:47 -04:00 | cycle_start | cycle=1185
2026-05-09 14:16:47 -04:00 | probe_timeout | probe_v28_dual_lane_sidecar_safety_watch.py
2026-05-09 14:16:47 -04:00 | probe_ok | probe_v28_dual_lane_live_market_update.py | elapsed_s=0.09
2026-05-09 14:16:48 -04:00 | probe_ok | probe_v28_dual_lane_readiness_checklist.py | elapsed_s=0.08
2026-05-09 14:16:48 -04:00 | probe_ok | probe_v28_dual_lane_snapshot_ledger.py | elapsed_s=0.11
2026-05-09 14:16:48 -04:00 | cycle_done | cycle=1185
2026-05-09 14:17:48 -04:00 | cycle_start | cycle=1186
2026-05-09 14:18:48 -04:00 | probe_timeout | probe_v28_dual_lane_sidecar_safety_watch.py
2026-05-09 14:18:48 -04:00 | probe_ok | probe_v28_dual_lane_live_market_update.py | elapsed_s=0.1
2026-05-09 14:18:48 -04:00 | probe_ok | probe_v28_dual_lane_readiness_checklist.py | elapsed_s=0.08
2026-05-09 14:18:48 -04:00 | probe_ok | probe_v28_dual_lane_snapshot_ledger.py | elapsed_s=0.11
2026-05-09 14:18:48 -04:00 | cycle_done | cycle=1186
2026-05-09 14:19:48 -04:00 | cycle_start | cycle=1187
2026-05-09 14:20:48 -04:00 | probe_timeout | probe_v28_dual_lane_sidecar_safety_watch.py
2026-05-09 14:20:48 -04:00 | probe_ok | probe_v28_dual_lane_live_market_update.py | elapsed_s=0.08
2026-05-09 14:20:48 -04:00 | probe_ok | probe_v28_dual_lane_readiness_checklist.py | elapsed_s=0.12
2026-05-09 14:20:48 -04:00 | probe_ok | probe_v28_dual_lane_snapshot_ledger.py | elapsed_s=0.15
2026-05-09 14:20:48 -04:00 | cycle_done | cycle=1187
2026-05-09 14:21:48 -04:00 | cycle_start | cycle=1188
2026-05-09 14:22:48 -04:00 | probe_timeout | probe_v28_dual_lane_sidecar_safety_watch.py
2026-05-09 14:22:48 -04:00 | probe_ok | probe_v28_dual_lane_live_market_update.py | elapsed_s=0.08
2026-05-09 14:22:49 -04:00 | probe_ok | probe_v28_dual_lane_readiness_checklist.py | elapsed_s=0.08
2026-05-09 14:22:49 -04:00 | probe_ok | probe_v28_dual_lane_snapshot_ledger.py | elapsed_s=0.11
2026-05-09 14:22:49 -04:00 | cycle_done | cycle=1188
2026-05-09 14:23:49 -04:00 | cycle_start | cycle=1189
2026-05-09 14:24:49 -04:00 | probe_timeout | probe_v28_dual_lane_sidecar_safety_watch.py
2026-05-09 14:24:49 -04:00 | probe_ok | probe_v28_dual_lane_live_market_update.py | elapsed_s=0.08
2026-05-09 14:24:49 -04:00 | probe_ok | probe_v28_dual_lane_readiness_checklist.py | elapsed_s=0.09
2026-05-09 14:24:49 -04:00 | probe_ok | probe_v28_dual_lane_snapshot_ledger.py | elapsed_s=0.12
2026-05-09 14:24:49 -04:00 | cycle_done | cycle=1189
2026-05-09 14:25:49 -04:00 | cycle_start | cycle=1190
2026-05-09 14:26:49 -04:00 | probe_timeout | probe_v28_dual_lane_sidecar_safety_watch.py
2026-05-09 14:26:49 -04:00 | probe_ok | probe_v28_dual_lane_live_market_update.py | elapsed_s=0.07
2026-05-09 14:26:49 -04:00 | probe_ok | probe_v28_dual_lane_readiness_checklist.py | elapsed_s=0.08
2026-05-09 14:26:49 -04:00 | probe_ok | probe_v28_dual_lane_snapshot_ledger.py | elapsed_s=0.13
2026-05-09 14:26:49 -04:00 | cycle_done | cycle=1190
2026-05-09 14:27:49 -04:00 | cycle_start | cycle=1191
2026-05-09 14:28:49 -04:00 | probe_timeout | probe_v28_dual_lane_sidecar_safety_watch.py
2026-05-09 14:28:49 -04:00 | probe_ok | probe_v28_dual_lane_live_market_update.py | elapsed_s=0.09
2026-05-09 14:28:50 -04:00 | probe_ok | probe_v28_dual_lane_readiness_checklist.py | elapsed_s=0.11
2026-05-09 14:28:50 -04:00 | probe_ok | probe_v28_dual_lane_snapshot_ledger.py | elapsed_s=0.12
2026-05-09 14:28:50 -04:00 | cycle_done | cycle=1191
2026-05-09 14:29:50 -04:00 | cycle_start | cycle=1192
2026-05-09 14:30:50 -04:00 | probe_timeout | probe_v28_dual_lane_sidecar_safety_watch.py
2026-05-09 14:30:50 -04:00 | probe_ok | probe_v28_dual_lane_live_market_update.py | elapsed_s=0.09
2026-05-09 14:30:50 -04:00 | probe_ok | probe_v28_dual_lane_readiness_checklist.py | elapsed_s=0.08
2026-05-09 14:30:50 -04:00 | probe_ok | probe_v28_dual_lane_snapshot_ledger.py | elapsed_s=0.09
2026-05-09 14:30:50 -04:00 | cycle_done | cycle=1192
2026-05-09 14:31:50 -04:00 | cycle_start | cycle=1193
2026-05-09 14:32:50 -04:00 | probe_timeout | probe_v28_dual_lane_sidecar_safety_watch.py
2026-05-09 14:32:50 -04:00 | probe_ok | probe_v28_dual_lane_live_market_update.py | elapsed_s=0.12
2026-05-09 14:32:50 -04:00 | probe_ok | probe_v28_dual_lane_readiness_checklist.py | elapsed_s=0.1
2026-05-09 14:32:50 -04:00 | probe_ok | probe_v28_dual_lane_snapshot_ledger.py | elapsed_s=0.11
2026-05-09 14:32:50 -04:00 | cycle_done | cycle=1193
2026-05-09 14:33:51 -04:00 | cycle_start | cycle=1194
2026-05-09 14:34:51 -04:00 | probe_timeout | probe_v28_dual_lane_sidecar_safety_watch.py
2026-05-09 14:34:51 -04:00 | probe_ok | probe_v28_dual_lane_live_market_update.py | elapsed_s=0.13
2026-05-09 14:34:51 -04:00 | probe_ok | probe_v28_dual_lane_readiness_checklist.py | elapsed_s=0.11
2026-05-09 14:34:51 -04:00 | probe_ok | probe_v28_dual_lane_snapshot_ledger.py | elapsed_s=0.13
2026-05-09 14:34:51 -04:00 | cycle_done | cycle=1194
2026-05-09 14:35:51 -04:00 | cycle_start | cycle=1195
2026-05-09 14:36:51 -04:00 | probe_timeout | probe_v28_dual_lane_sidecar_safety_watch.py
2026-05-09 14:36:51 -04:00 | probe_ok | probe_v28_dual_lane_live_market_update.py | elapsed_s=0.12
2026-05-09 14:36:51 -04:00 | probe_ok | probe_v28_dual_lane_readiness_checklist.py | elapsed_s=0.12
2026-05-09 14:36:52 -04:00 | probe_ok | probe_v28_dual_lane_snapshot_ledger.py | elapsed_s=0.14
2026-05-09 14:36:52 -04:00 | cycle_done | cycle=1195
2026-05-09 14:37:52 -04:00 | cycle_start | cycle=1196
2026-05-09 14:38:52 -04:00 | probe_timeout | probe_v28_dual_lane_sidecar_safety_watch.py
2026-05-09 14:38:52 -04:00 | probe_ok | probe_v28_dual_lane_live_market_update.py | elapsed_s=0.08
2026-05-09 14:38:52 -04:00 | probe_ok | probe_v28_dual_lane_readiness_checklist.py | elapsed_s=0.09
2026-05-09 14:38:52 -04:00 | probe_ok | probe_v28_dual_lane_snapshot_ledger.py | elapsed_s=0.11
2026-05-09 14:38:52 -04:00 | cycle_done | cycle=1196
2026-05-09 14:39:52 -04:00 | cycle_start | cycle=1197
2026-05-09 14:40:52 -04:00 | probe_timeout | probe_v28_dual_lane_sidecar_safety_watch.py
2026-05-09 14:40:52 -04:00 | probe_ok | probe_v28_dual_lane_live_market_update.py | elapsed_s=0.07
2026-05-09 14:40:52 -04:00 | probe_ok | probe_v28_dual_lane_readiness_checklist.py | elapsed_s=0.1
2026-05-09 14:40:53 -04:00 | probe_ok | probe_v28_dual_lane_snapshot_ledger.py | elapsed_s=0.11
2026-05-09 14:40:53 -04:00 | cycle_done | cycle=1197
2026-05-09 14:41:53 -04:00 | cycle_start | cycle=1198
2026-05-09 14:42:53 -04:00 | probe_timeout | probe_v28_dual_lane_sidecar_safety_watch.py
2026-05-09 14:42:53 -04:00 | probe_ok | probe_v28_dual_lane_live_market_update.py | elapsed_s=0.11
2026-05-09 14:42:53 -04:00 | probe_ok | probe_v28_dual_lane_readiness_checklist.py | elapsed_s=0.1
2026-05-09 14:42:53 -04:00 | probe_ok | probe_v28_dual_lane_snapshot_ledger.py | elapsed_s=0.12
2026-05-09 14:42:53 -04:00 | cycle_done | cycle=1198
2026-05-09 14:43:53 -04:00 | cycle_start | cycle=1199
2026-05-09 14:44:53 -04:00 | probe_timeout | probe_v28_dual_lane_sidecar_safety_watch.py
2026-05-09 14:44:53 -04:00 | probe_ok | probe_v28_dual_lane_live_market_update.py | elapsed_s=0.15
2026-05-09 14:44:53 -04:00 | probe_ok | probe_v28_dual_lane_readiness_checklist.py | elapsed_s=0.1
2026-05-09 14:44:53 -04:00 | probe_ok | probe_v28_dual_lane_snapshot_ledger.py | elapsed_s=0.12
2026-05-09 14:44:53 -04:00 | cycle_done | cycle=1199
2026-05-09 14:45:53 -04:00 | cycle_start | cycle=1200
2026-05-09 14:46:53 -04:00 | probe_timeout | probe_v28_dual_lane_sidecar_safety_watch.py
2026-05-09 14:46:54 -04:00 | probe_ok | probe_v28_dual_lane_live_market_update.py | elapsed_s=0.11
2026-05-09 14:46:54 -04:00 | probe_ok | probe_v28_dual_lane_readiness_checklist.py | elapsed_s=0.09
2026-05-09 14:46:54 -04:00 | probe_ok | probe_v28_dual_lane_snapshot_ledger.py | elapsed_s=0.11
2026-05-09 14:46:54 -04:00 | cycle_done | cycle=1200
2026-05-09 14:47:54 -04:00 | cycle_start | cycle=1201
2026-05-09 14:48:54 -04:00 | probe_timeout | probe_v28_dual_lane_sidecar_safety_watch.py
2026-05-09 14:48:54 -04:00 | probe_ok | probe_v28_dual_lane_live_market_update.py | elapsed_s=0.14
2026-05-09 14:48:54 -04:00 | probe_ok | probe_v28_dual_lane_readiness_checklist.py | elapsed_s=0.13
2026-05-09 14:48:54 -04:00 | probe_ok | probe_v28_dual_lane_snapshot_ledger.py | elapsed_s=0.14
2026-05-09 14:48:54 -04:00 | cycle_done | cycle=1201
2026-05-09 14:49:54 -04:00 | cycle_start | cycle=1202
2026-05-09 14:50:54 -04:00 | probe_timeout | probe_v28_dual_lane_sidecar_safety_watch.py
2026-05-09 14:50:54 -04:00 | probe_ok | probe_v28_dual_lane_live_market_update.py | elapsed_s=0.12
2026-05-09 14:50:54 -04:00 | probe_ok | probe_v28_dual_lane_readiness_checklist.py | elapsed_s=0.09
2026-05-09 14:50:55 -04:00 | probe_ok | probe_v28_dual_lane_snapshot_ledger.py | elapsed_s=0.12
2026-05-09 14:50:55 -04:00 | cycle_done | cycle=1202
2026-05-09 14:51:55 -04:00 | cycle_start | cycle=1203
2026-05-09 14:52:55 -04:00 | probe_timeout | probe_v28_dual_lane_sidecar_safety_watch.py
2026-05-09 14:52:55 -04:00 | probe_ok | probe_v28_dual_lane_live_market_update.py | elapsed_s=0.08
2026-05-09 14:52:55 -04:00 | probe_ok | probe_v28_dual_lane_readiness_checklist.py | elapsed_s=0.09
2026-05-09 14:52:55 -04:00 | probe_ok | probe_v28_dual_lane_snapshot_ledger.py | elapsed_s=0.12
2026-05-09 14:52:55 -04:00 | cycle_done | cycle=1203
2026-05-09 14:53:55 -04:00 | cycle_start | cycle=1204
2026-05-09 14:54:55 -04:00 | probe_timeout | probe_v28_dual_lane_sidecar_safety_watch.py
2026-05-09 14:54:55 -04:00 | probe_ok | probe_v28_dual_lane_live_market_update.py | elapsed_s=0.07
2026-05-09 14:54:55 -04:00 | probe_ok | probe_v28_dual_lane_readiness_checklist.py | elapsed_s=0.09
2026-05-09 14:54:55 -04:00 | probe_ok | probe_v28_dual_lane_snapshot_ledger.py | elapsed_s=0.11
2026-05-09 14:54:55 -04:00 | cycle_done | cycle=1204
2026-05-09 14:55:55 -04:00 | cycle_start | cycle=1205
2026-05-09 14:56:55 -04:00 | probe_timeout | probe_v28_dual_lane_sidecar_safety_watch.py
2026-05-09 14:56:55 -04:00 | probe_ok | probe_v28_dual_lane_live_market_update.py | elapsed_s=0.12
2026-05-09 14:56:55 -04:00 | probe_ok | probe_v28_dual_lane_readiness_checklist.py | elapsed_s=0.08
2026-05-09 14:56:56 -04:00 | probe_ok | probe_v28_dual_lane_snapshot_ledger.py | elapsed_s=0.11
2026-05-09 14:56:56 -04:00 | cycle_done | cycle=1205
2026-05-09 14:57:56 -04:00 | cycle_start | cycle=1206
2026-05-09 14:58:56 -04:00 | probe_timeout | probe_v28_dual_lane_sidecar_safety_watch.py
2026-05-09 14:58:56 -04:00 | probe_ok | probe_v28_dual_lane_live_market_update.py | elapsed_s=0.08
2026-05-09 14:58:56 -04:00 | probe_ok | probe_v28_dual_lane_readiness_checklist.py | elapsed_s=0.09
2026-05-09 14:58:56 -04:00 | probe_ok | probe_v28_dual_lane_snapshot_ledger.py | elapsed_s=0.11
2026-05-09 14:58:56 -04:00 | cycle_done | cycle=1206
2026-05-09 14:59:56 -04:00 | cycle_start | cycle=1207
2026-05-09 15:00:56 -04:00 | probe_timeout | probe_v28_dual_lane_sidecar_safety_watch.py
2026-05-09 15:00:56 -04:00 | probe_ok | probe_v28_dual_lane_live_market_update.py | elapsed_s=0.09
2026-05-09 15:00:56 -04:00 | probe_ok | probe_v28_dual_lane_readiness_checklist.py | elapsed_s=0.11
2026-05-09 15:00:56 -04:00 | probe_ok | probe_v28_dual_lane_snapshot_ledger.py | elapsed_s=0.12
2026-05-09 15:00:56 -04:00 | cycle_done | cycle=1207
2026-05-09 15:01:56 -04:00 | cycle_start | cycle=1208
2026-05-09 15:02:56 -04:00 | probe_timeout | probe_v28_dual_lane_sidecar_safety_watch.py
2026-05-09 15:02:56 -04:00 | probe_ok | probe_v28_dual_lane_live_market_update.py | elapsed_s=0.14
2026-05-09 15:02:56 -04:00 | probe_ok | probe_v28_dual_lane_readiness_checklist.py | elapsed_s=0.1
2026-05-09 15:02:57 -04:00 | probe_ok | probe_v28_dual_lane_snapshot_ledger.py | elapsed_s=0.14
2026-05-09 15:02:57 -04:00 | cycle_done | cycle=1208
2026-05-09 15:03:57 -04:00 | cycle_start | cycle=1209
2026-05-09 15:04:57 -04:00 | probe_timeout | probe_v28_dual_lane_sidecar_safety_watch.py
2026-05-09 15:04:57 -04:00 | probe_ok | probe_v28_dual_lane_live_market_update.py | elapsed_s=0.08
2026-05-09 15:04:57 -04:00 | probe_ok | probe_v28_dual_lane_readiness_checklist.py | elapsed_s=0.08
2026-05-09 15:04:57 -04:00 | probe_ok | probe_v28_dual_lane_snapshot_ledger.py | elapsed_s=0.09
2026-05-09 15:04:57 -04:00 | cycle_done | cycle=1209
2026-05-09 15:05:57 -04:00 | cycle_start | cycle=1210
2026-05-09 15:06:57 -04:00 | probe_timeout | probe_v28_dual_lane_sidecar_safety_watch.py
2026-05-09 15:06:57 -04:00 | probe_ok | probe_v28_dual_lane_live_market_update.py | elapsed_s=0.1
2026-05-09 15:06:57 -04:00 | probe_ok | probe_v28_dual_lane_readiness_checklist.py | elapsed_s=0.1
2026-05-09 15:06:57 -04:00 | probe_ok | probe_v28_dual_lane_snapshot_ledger.py | elapsed_s=0.12
2026-05-09 15:06:57 -04:00 | cycle_done | cycle=1210
2026-05-09 15:07:57 -04:00 | cycle_start | cycle=1211
2026-05-09 15:08:57 -04:00 | probe_timeout | probe_v28_dual_lane_sidecar_safety_watch.py
2026-05-09 15:08:58 -04:00 | probe_ok | probe_v28_dual_lane_live_market_update.py | elapsed_s=0.18
2026-05-09 15:08:58 -04:00 | probe_ok | probe_v28_dual_lane_readiness_checklist.py | elapsed_s=0.14
2026-05-09 15:08:58 -04:00 | probe_ok | probe_v28_dual_lane_snapshot_ledger.py | elapsed_s=0.17
2026-05-09 15:08:58 -04:00 | cycle_done | cycle=1211
2026-05-09 15:09:58 -04:00 | cycle_start | cycle=1212
2026-05-09 15:10:58 -04:00 | probe_timeout | probe_v28_dual_lane_sidecar_safety_watch.py
2026-05-09 15:10:58 -04:00 | probe_ok | probe_v28_dual_lane_live_market_update.py | elapsed_s=0.14
2026-05-09 15:10:58 -04:00 | probe_ok | probe_v28_dual_lane_readiness_checklist.py | elapsed_s=0.15
2026-05-09 15:10:58 -04:00 | probe_ok | probe_v28_dual_lane_snapshot_ledger.py | elapsed_s=0.17
2026-05-09 15:10:58 -04:00 | cycle_done | cycle=1212
2026-05-09 15:11:58 -04:00 | cycle_start | cycle=1213
2026-05-09 15:12:58 -04:00 | probe_timeout | probe_v28_dual_lane_sidecar_safety_watch.py
2026-05-09 15:12:59 -04:00 | probe_ok | probe_v28_dual_lane_live_market_update.py | elapsed_s=0.18
2026-05-09 15:12:59 -04:00 | probe_ok | probe_v28_dual_lane_readiness_checklist.py | elapsed_s=0.19
2026-05-09 15:12:59 -04:00 | probe_ok | probe_v28_dual_lane_snapshot_ledger.py | elapsed_s=0.24
2026-05-09 15:12:59 -04:00 | cycle_done | cycle=1213
2026-05-09 15:13:59 -04:00 | cycle_start | cycle=1214
2026-05-09 15:14:59 -04:00 | probe_timeout | probe_v28_dual_lane_sidecar_safety_watch.py
2026-05-09 15:14:59 -04:00 | probe_ok | probe_v28_dual_lane_live_market_update.py | elapsed_s=0.25
2026-05-09 15:15:00 -04:00 | probe_ok | probe_v28_dual_lane_readiness_checklist.py | elapsed_s=0.17
2026-05-09 15:15:00 -04:00 | probe_ok | probe_v28_dual_lane_snapshot_ledger.py | elapsed_s=0.24
2026-05-09 15:15:00 -04:00 | cycle_done | cycle=1214
2026-05-09 15:16:00 -04:00 | cycle_start | cycle=1215
2026-05-09 15:17:00 -04:00 | probe_timeout | probe_v28_dual_lane_sidecar_safety_watch.py
2026-05-09 15:17:00 -04:00 | probe_ok | probe_v28_dual_lane_live_market_update.py | elapsed_s=0.17
2026-05-09 15:17:00 -04:00 | probe_ok | probe_v28_dual_lane_readiness_checklist.py | elapsed_s=0.17
2026-05-09 15:17:00 -04:00 | probe_ok | probe_v28_dual_lane_snapshot_ledger.py | elapsed_s=0.23
2026-05-09 15:17:00 -04:00 | cycle_done | cycle=1215
2026-05-09 15:18:00 -04:00 | cycle_start | cycle=1216
2026-05-09 15:19:00 -04:00 | probe_timeout | probe_v28_dual_lane_sidecar_safety_watch.py
2026-05-09 15:19:01 -04:00 | probe_ok | probe_v28_dual_lane_live_market_update.py | elapsed_s=0.18
2026-05-09 15:19:01 -04:00 | probe_ok | probe_v28_dual_lane_readiness_checklist.py | elapsed_s=0.17
2026-05-09 15:19:01 -04:00 | probe_ok | probe_v28_dual_lane_snapshot_ledger.py | elapsed_s=0.2
2026-05-09 15:19:01 -04:00 | cycle_done | cycle=1216
2026-05-09 15:20:01 -04:00 | cycle_start | cycle=1217
2026-05-09 15:21:01 -04:00 | probe_timeout | probe_v28_dual_lane_sidecar_safety_watch.py
2026-05-09 15:21:01 -04:00 | probe_ok | probe_v28_dual_lane_live_market_update.py | elapsed_s=0.23
2026-05-09 15:21:01 -04:00 | probe_ok | probe_v28_dual_lane_readiness_checklist.py | elapsed_s=0.18
2026-05-09 15:21:02 -04:00 | probe_ok | probe_v28_dual_lane_snapshot_ledger.py | elapsed_s=0.22
2026-05-09 15:21:02 -04:00 | cycle_done | cycle=1217
2026-05-09 15:22:02 -04:00 | cycle_start | cycle=1218
2026-05-09 15:23:02 -04:00 | probe_timeout | probe_v28_dual_lane_sidecar_safety_watch.py
2026-05-09 15:23:02 -04:00 | probe_ok | probe_v28_dual_lane_live_market_update.py | elapsed_s=0.17
2026-05-09 15:23:02 -04:00 | probe_ok | probe_v28_dual_lane_readiness_checklist.py | elapsed_s=0.18
2026-05-09 15:23:02 -04:00 | probe_ok | probe_v28_dual_lane_snapshot_ledger.py | elapsed_s=0.21
2026-05-09 15:23:02 -04:00 | cycle_done | cycle=1218
2026-05-09 15:24:02 -04:00 | cycle_start | cycle=1219
2026-05-09 15:25:02 -04:00 | probe_timeout | probe_v28_dual_lane_sidecar_safety_watch.py
2026-05-09 15:25:02 -04:00 | probe_ok | probe_v28_dual_lane_live_market_update.py | elapsed_s=0.19
2026-05-09 15:25:03 -04:00 | probe_ok | probe_v28_dual_lane_readiness_checklist.py | elapsed_s=0.19
2026-05-09 15:25:03 -04:00 | probe_ok | probe_v28_dual_lane_snapshot_ledger.py | elapsed_s=0.25
2026-05-09 15:25:03 -04:00 | cycle_done | cycle=1219
2026-05-09 15:26:03 -04:00 | cycle_start | cycle=1220
2026-05-09 15:27:03 -04:00 | probe_timeout | probe_v28_dual_lane_sidecar_safety_watch.py
2026-05-09 15:27:03 -04:00 | probe_ok | probe_v28_dual_lane_live_market_update.py | elapsed_s=0.21
2026-05-09 15:27:03 -04:00 | probe_ok | probe_v28_dual_lane_readiness_checklist.py | elapsed_s=0.18
2026-05-09 15:27:04 -04:00 | probe_ok | probe_v28_dual_lane_snapshot_ledger.py | elapsed_s=0.2
2026-05-09 15:27:04 -04:00 | cycle_done | cycle=1220
2026-05-09 15:28:04 -04:00 | cycle_start | cycle=1221
2026-05-09 15:29:04 -04:00 | probe_timeout | probe_v28_dual_lane_sidecar_safety_watch.py
2026-05-09 15:29:04 -04:00 | probe_ok | probe_v28_dual_lane_live_market_update.py | elapsed_s=0.22
2026-05-09 15:29:04 -04:00 | probe_ok | probe_v28_dual_lane_readiness_checklist.py | elapsed_s=0.34
2026-05-09 15:29:04 -04:00 | probe_ok | probe_v28_dual_lane_snapshot_ledger.py | elapsed_s=0.23
2026-05-09 15:29:04 -04:00 | cycle_done | cycle=1221
2026-05-09 15:30:04 -04:00 | cycle_start | cycle=1222
2026-05-09 15:31:04 -04:00 | probe_timeout | probe_v28_dual_lane_sidecar_safety_watch.py
2026-05-09 15:31:05 -04:00 | probe_ok | probe_v28_dual_lane_live_market_update.py | elapsed_s=0.2
2026-05-09 15:31:05 -04:00 | probe_ok | probe_v28_dual_lane_readiness_checklist.py | elapsed_s=0.16
2026-05-09 15:31:05 -04:00 | probe_ok | probe_v28_dual_lane_snapshot_ledger.py | elapsed_s=0.21
2026-05-09 15:31:05 -04:00 | cycle_done | cycle=1222
2026-05-09 15:32:05 -04:00 | cycle_start | cycle=1223
2026-05-09 15:33:05 -04:00 | probe_timeout | probe_v28_dual_lane_sidecar_safety_watch.py
2026-05-09 15:33:05 -04:00 | probe_ok | probe_v28_dual_lane_live_market_update.py | elapsed_s=0.23
2026-05-09 15:33:05 -04:00 | probe_ok | probe_v28_dual_lane_readiness_checklist.py | elapsed_s=0.18
2026-05-09 15:33:06 -04:00 | probe_ok | probe_v28_dual_lane_snapshot_ledger.py | elapsed_s=0.24
2026-05-09 15:33:06 -04:00 | cycle_done | cycle=1223
2026-05-09 15:34:06 -04:00 | cycle_start | cycle=1224
2026-05-09 15:35:06 -04:00 | probe_timeout | probe_v28_dual_lane_sidecar_safety_watch.py
2026-05-09 15:35:06 -04:00 | probe_ok | probe_v28_dual_lane_live_market_update.py | elapsed_s=0.24
2026-05-09 15:35:06 -04:00 | probe_ok | probe_v28_dual_lane_readiness_checklist.py | elapsed_s=0.17
2026-05-09 15:35:06 -04:00 | probe_ok | probe_v28_dual_lane_snapshot_ledger.py | elapsed_s=0.21
2026-05-09 15:35:06 -04:00 | cycle_done | cycle=1224
2026-05-09 15:36:06 -04:00 | cycle_start | cycle=1225
2026-05-09 15:37:06 -04:00 | probe_timeout | probe_v28_dual_lane_sidecar_safety_watch.py
2026-05-09 15:37:07 -04:00 | probe_ok | probe_v28_dual_lane_live_market_update.py | elapsed_s=0.23
2026-05-09 15:37:07 -04:00 | probe_ok | probe_v28_dual_lane_readiness_checklist.py | elapsed_s=0.22
2026-05-09 15:37:07 -04:00 | probe_ok | probe_v28_dual_lane_snapshot_ledger.py | elapsed_s=0.23
2026-05-09 15:37:07 -04:00 | cycle_done | cycle=1225
2026-05-09 15:38:07 -04:00 | cycle_start | cycle=1226
2026-05-09 15:39:07 -04:00 | probe_timeout | probe_v28_dual_lane_sidecar_safety_watch.py
2026-05-09 15:39:07 -04:00 | probe_ok | probe_v28_dual_lane_live_market_update.py | elapsed_s=0.25
2026-05-09 15:39:08 -04:00 | probe_ok | probe_v28_dual_lane_readiness_checklist.py | elapsed_s=0.19
2026-05-09 15:39:08 -04:00 | probe_ok | probe_v28_dual_lane_snapshot_ledger.py | elapsed_s=0.22
2026-05-09 15:39:08 -04:00 | cycle_done | cycle=1226
2026-05-09 15:40:08 -04:00 | cycle_start | cycle=1227
2026-05-09 15:41:08 -04:00 | probe_timeout | probe_v28_dual_lane_sidecar_safety_watch.py
2026-05-09 15:41:08 -04:00 | probe_ok | probe_v28_dual_lane_live_market_update.py | elapsed_s=0.24
2026-05-09 15:41:08 -04:00 | probe_ok | probe_v28_dual_lane_readiness_checklist.py | elapsed_s=0.21
2026-05-09 15:41:08 -04:00 | probe_ok | probe_v28_dual_lane_snapshot_ledger.py | elapsed_s=0.24
2026-05-09 15:41:08 -04:00 | cycle_done | cycle=1227
2026-05-09 15:42:09 -04:00 | cycle_start | cycle=1228
2026-05-09 15:43:09 -04:00 | probe_timeout | probe_v28_dual_lane_sidecar_safety_watch.py
2026-05-09 15:43:09 -04:00 | probe_ok | probe_v28_dual_lane_live_market_update.py | elapsed_s=0.19
2026-05-09 15:43:09 -04:00 | probe_ok | probe_v28_dual_lane_readiness_checklist.py | elapsed_s=0.18
2026-05-09 15:43:09 -04:00 | probe_ok | probe_v28_dual_lane_snapshot_ledger.py | elapsed_s=0.23
2026-05-09 15:43:09 -04:00 | cycle_done | cycle=1228
2026-05-09 15:44:09 -04:00 | cycle_start | cycle=1229
2026-05-09 15:45:09 -04:00 | probe_timeout | probe_v28_dual_lane_sidecar_safety_watch.py
2026-05-09 15:45:09 -04:00 | probe_ok | probe_v28_dual_lane_live_market_update.py | elapsed_s=0.23
2026-05-09 15:45:10 -04:00 | probe_ok | probe_v28_dual_lane_readiness_checklist.py | elapsed_s=0.17
2026-05-09 15:45:10 -04:00 | probe_ok | probe_v28_dual_lane_snapshot_ledger.py | elapsed_s=0.24
2026-05-09 15:45:10 -04:00 | cycle_done | cycle=1229
2026-05-09 15:46:10 -04:00 | cycle_start | cycle=1230
2026-05-09 15:47:10 -04:00 | probe_timeout | probe_v28_dual_lane_sidecar_safety_watch.py
2026-05-09 15:47:10 -04:00 | probe_ok | probe_v28_dual_lane_live_market_update.py | elapsed_s=0.19
2026-05-09 15:47:10 -04:00 | probe_ok | probe_v28_dual_lane_readiness_checklist.py | elapsed_s=0.19
2026-05-09 15:47:11 -04:00 | probe_ok | probe_v28_dual_lane_snapshot_ledger.py | elapsed_s=0.25
2026-05-09 15:47:11 -04:00 | cycle_done | cycle=1230
2026-05-09 15:48:11 -04:00 | cycle_start | cycle=1231
2026-05-09 15:49:11 -04:00 | probe_timeout | probe_v28_dual_lane_sidecar_safety_watch.py
2026-05-09 15:49:11 -04:00 | probe_ok | probe_v28_dual_lane_live_market_update.py | elapsed_s=0.17
2026-05-09 15:49:11 -04:00 | probe_ok | probe_v28_dual_lane_readiness_checklist.py | elapsed_s=0.18
2026-05-09 15:49:11 -04:00 | probe_ok | probe_v28_dual_lane_snapshot_ledger.py | elapsed_s=0.25
2026-05-09 15:49:11 -04:00 | cycle_done | cycle=1231
2026-05-09 15:50:11 -04:00 | cycle_start | cycle=1232
2026-05-09 15:51:11 -04:00 | probe_timeout | probe_v28_dual_lane_sidecar_safety_watch.py
2026-05-09 15:51:11 -04:00 | probe_ok | probe_v28_dual_lane_live_market_update.py | elapsed_s=0.23
2026-05-09 15:51:12 -04:00 | probe_ok | probe_v28_dual_lane_readiness_checklist.py | elapsed_s=0.17
2026-05-09 15:51:12 -04:00 | probe_ok | probe_v28_dual_lane_snapshot_ledger.py | elapsed_s=0.24
2026-05-09 15:51:12 -04:00 | cycle_done | cycle=1232
2026-05-09 15:52:12 -04:00 | cycle_start | cycle=1233
2026-05-09 15:53:12 -04:00 | probe_timeout | probe_v28_dual_lane_sidecar_safety_watch.py
2026-05-09 15:53:12 -04:00 | probe_ok | probe_v28_dual_lane_live_market_update.py | elapsed_s=0.14
2026-05-09 15:53:12 -04:00 | probe_ok | probe_v28_dual_lane_readiness_checklist.py | elapsed_s=0.16
2026-05-09 15:53:12 -04:00 | probe_ok | probe_v28_dual_lane_snapshot_ledger.py | elapsed_s=0.2
2026-05-09 15:53:12 -04:00 | cycle_done | cycle=1233
2026-05-09 15:54:12 -04:00 | cycle_start | cycle=1234
2026-05-09 15:55:12 -04:00 | probe_timeout | probe_v28_dual_lane_sidecar_safety_watch.py
2026-05-09 15:55:13 -04:00 | probe_ok | probe_v28_dual_lane_live_market_update.py | elapsed_s=0.16
2026-05-09 15:55:13 -04:00 | probe_ok | probe_v28_dual_lane_readiness_checklist.py | elapsed_s=0.18
2026-05-09 15:55:13 -04:00 | probe_ok | probe_v28_dual_lane_snapshot_ledger.py | elapsed_s=0.19
2026-05-09 15:55:13 -04:00 | cycle_done | cycle=1234
2026-05-09 15:56:13 -04:00 | cycle_start | cycle=1235
2026-05-09 15:57:13 -04:00 | probe_timeout | probe_v28_dual_lane_sidecar_safety_watch.py
2026-05-09 15:57:13 -04:00 | probe_ok | probe_v28_dual_lane_live_market_update.py | elapsed_s=0.2
2026-05-09 15:57:13 -04:00 | probe_ok | probe_v28_dual_lane_readiness_checklist.py | elapsed_s=0.15
2026-05-09 15:57:14 -04:00 | probe_ok | probe_v28_dual_lane_snapshot_ledger.py | elapsed_s=0.18
2026-05-09 15:57:14 -04:00 | cycle_done | cycle=1235
2026-05-09 15:58:14 -04:00 | cycle_start | cycle=1236
2026-05-09 15:59:14 -04:00 | probe_timeout | probe_v28_dual_lane_sidecar_safety_watch.py
2026-05-09 15:59:14 -04:00 | probe_ok | probe_v28_dual_lane_live_market_update.py | elapsed_s=0.15
2026-05-09 15:59:14 -04:00 | probe_ok | probe_v28_dual_lane_readiness_checklist.py | elapsed_s=0.15
2026-05-09 15:59:14 -04:00 | probe_ok | probe_v28_dual_lane_snapshot_ledger.py | elapsed_s=0.18
2026-05-09 15:59:14 -04:00 | cycle_done | cycle=1236
2026-05-09 16:00:14 -04:00 | cycle_start | cycle=1237
2026-05-09 16:01:14 -04:00 | probe_timeout | probe_v28_dual_lane_sidecar_safety_watch.py
2026-05-09 16:01:14 -04:00 | probe_ok | probe_v28_dual_lane_live_market_update.py | elapsed_s=0.14
2026-05-09 16:01:14 -04:00 | probe_ok | probe_v28_dual_lane_readiness_checklist.py | elapsed_s=0.14
2026-05-09 16:01:15 -04:00 | probe_ok | probe_v28_dual_lane_snapshot_ledger.py | elapsed_s=0.17
2026-05-09 16:01:15 -04:00 | cycle_done | cycle=1237
2026-05-09 16:02:15 -04:00 | cycle_start | cycle=1238
2026-05-09 16:03:15 -04:00 | probe_timeout | probe_v28_dual_lane_sidecar_safety_watch.py
2026-05-09 16:03:15 -04:00 | probe_ok | probe_v28_dual_lane_live_market_update.py | elapsed_s=0.19
2026-05-09 16:03:15 -04:00 | probe_ok | probe_v28_dual_lane_readiness_checklist.py | elapsed_s=0.18
2026-05-09 16:03:15 -04:00 | probe_ok | probe_v28_dual_lane_snapshot_ledger.py | elapsed_s=0.19
2026-05-09 16:03:15 -04:00 | cycle_done | cycle=1238
2026-05-09 16:04:15 -04:00 | cycle_start | cycle=1239
2026-05-09 16:05:15 -04:00 | probe_timeout | probe_v28_dual_lane_sidecar_safety_watch.py
2026-05-09 16:05:15 -04:00 | probe_ok | probe_v28_dual_lane_live_market_update.py | elapsed_s=0.15
2026-05-09 16:05:15 -04:00 | probe_ok | probe_v28_dual_lane_readiness_checklist.py | elapsed_s=0.13
2026-05-09 16:05:16 -04:00 | probe_ok | probe_v28_dual_lane_snapshot_ledger.py | elapsed_s=0.17
2026-05-09 16:05:16 -04:00 | cycle_done | cycle=1239
2026-05-09 16:06:16 -04:00 | cycle_start | cycle=1240
2026-05-09 16:07:16 -04:00 | probe_timeout | probe_v28_dual_lane_sidecar_safety_watch.py
2026-05-09 16:07:16 -04:00 | probe_ok | probe_v28_dual_lane_live_market_update.py | elapsed_s=0.13
2026-05-09 16:07:16 -04:00 | probe_ok | probe_v28_dual_lane_readiness_checklist.py | elapsed_s=0.15
2026-05-09 16:07:16 -04:00 | probe_ok | probe_v28_dual_lane_snapshot_ledger.py | elapsed_s=0.16
2026-05-09 16:07:16 -04:00 | cycle_done | cycle=1240
2026-05-09 16:08:16 -04:00 | cycle_start | cycle=1241
2026-05-09 16:09:16 -04:00 | probe_timeout | probe_v28_dual_lane_sidecar_safety_watch.py
2026-05-09 16:09:16 -04:00 | probe_ok | probe_v28_dual_lane_live_market_update.py | elapsed_s=0.18
2026-05-09 16:09:16 -04:00 | probe_ok | probe_v28_dual_lane_readiness_checklist.py | elapsed_s=0.15
2026-05-09 16:09:17 -04:00 | probe_ok | probe_v28_dual_lane_snapshot_ledger.py | elapsed_s=0.18
2026-05-09 16:09:17 -04:00 | cycle_done | cycle=1241
2026-05-09 16:10:17 -04:00 | cycle_start | cycle=1242
2026-05-09 16:11:17 -04:00 | probe_timeout | probe_v28_dual_lane_sidecar_safety_watch.py
2026-05-09 16:11:17 -04:00 | probe_ok | probe_v28_dual_lane_live_market_update.py | elapsed_s=0.16
2026-05-09 16:11:17 -04:00 | probe_ok | probe_v28_dual_lane_readiness_checklist.py | elapsed_s=0.14
2026-05-09 16:11:17 -04:00 | probe_ok | probe_v28_dual_lane_snapshot_ledger.py | elapsed_s=0.18
2026-05-09 16:11:17 -04:00 | cycle_done | cycle=1242
2026-05-09 16:12:17 -04:00 | cycle_start | cycle=1243
2026-05-09 16:13:17 -04:00 | probe_timeout | probe_v28_dual_lane_sidecar_safety_watch.py
2026-05-09 16:13:17 -04:00 | probe_ok | probe_v28_dual_lane_live_market_update.py | elapsed_s=0.18
2026-05-09 16:13:18 -04:00 | probe_ok | probe_v28_dual_lane_readiness_checklist.py | elapsed_s=0.19
2026-05-09 16:13:18 -04:00 | probe_ok | probe_v28_dual_lane_snapshot_ledger.py | elapsed_s=0.24
2026-05-09 16:13:18 -04:00 | cycle_done | cycle=1243
2026-05-09 16:14:18 -04:00 | cycle_start | cycle=1244
2026-05-09 16:15:18 -04:00 | probe_timeout | probe_v28_dual_lane_sidecar_safety_watch.py
2026-05-09 16:15:18 -04:00 | probe_ok | probe_v28_dual_lane_live_market_update.py | elapsed_s=0.17
2026-05-09 16:15:18 -04:00 | probe_ok | probe_v28_dual_lane_readiness_checklist.py | elapsed_s=0.19
2026-05-09 16:15:19 -04:00 | probe_ok | probe_v28_dual_lane_snapshot_ledger.py | elapsed_s=0.24
2026-05-09 16:15:19 -04:00 | cycle_done | cycle=1244
2026-05-09 16:16:19 -04:00 | cycle_start | cycle=1245
2026-05-09 16:17:19 -04:00 | probe_timeout | probe_v28_dual_lane_sidecar_safety_watch.py
2026-05-09 16:17:19 -04:00 | probe_ok | probe_v28_dual_lane_live_market_update.py | elapsed_s=0.23
2026-05-09 16:17:19 -04:00 | probe_ok | probe_v28_dual_lane_readiness_checklist.py | elapsed_s=0.21
2026-05-09 16:17:19 -04:00 | probe_ok | probe_v28_dual_lane_snapshot_ledger.py | elapsed_s=0.26
2026-05-09 16:17:19 -04:00 | cycle_done | cycle=1245
2026-05-09 16:18:19 -04:00 | cycle_start | cycle=1246
2026-05-09 16:19:19 -04:00 | probe_timeout | probe_v28_dual_lane_sidecar_safety_watch.py
2026-05-09 16:19:19 -04:00 | probe_ok | probe_v28_dual_lane_live_market_update.py | elapsed_s=0.19
2026-05-09 16:19:20 -04:00 | probe_ok | probe_v28_dual_lane_readiness_checklist.py | elapsed_s=0.21
2026-05-09 16:19:20 -04:00 | probe_ok | probe_v28_dual_lane_snapshot_ledger.py | elapsed_s=0.24
2026-05-09 16:19:20 -04:00 | cycle_done | cycle=1246
2026-05-09 16:20:20 -04:00 | cycle_start | cycle=1247
2026-05-09 16:21:20 -04:00 | probe_timeout | probe_v28_dual_lane_sidecar_safety_watch.py
2026-05-09 16:21:20 -04:00 | probe_ok | probe_v28_dual_lane_live_market_update.py | elapsed_s=0.19
2026-05-09 16:21:20 -04:00 | probe_ok | probe_v28_dual_lane_readiness_checklist.py | elapsed_s=0.2
2026-05-09 16:21:21 -04:00 | probe_ok | probe_v28_dual_lane_snapshot_ledger.py | elapsed_s=0.25
2026-05-09 16:21:21 -04:00 | cycle_done | cycle=1247
2026-05-09 16:22:21 -04:00 | cycle_start | cycle=1248
2026-05-09 16:23:21 -04:00 | probe_timeout | probe_v28_dual_lane_sidecar_safety_watch.py
2026-05-09 16:23:21 -04:00 | probe_ok | probe_v28_dual_lane_live_market_update.py | elapsed_s=0.18
2026-05-09 16:23:21 -04:00 | probe_ok | probe_v28_dual_lane_readiness_checklist.py | elapsed_s=0.19
2026-05-09 16:23:21 -04:00 | probe_ok | probe_v28_dual_lane_snapshot_ledger.py | elapsed_s=0.22
2026-05-09 16:23:21 -04:00 | cycle_done | cycle=1248
2026-05-09 16:24:21 -04:00 | cycle_start | cycle=1249
2026-05-09 16:25:21 -04:00 | probe_timeout | probe_v28_dual_lane_sidecar_safety_watch.py
2026-05-09 16:25:21 -04:00 | probe_ok | probe_v28_dual_lane_live_market_update.py | elapsed_s=0.14
2026-05-09 16:25:22 -04:00 | probe_ok | probe_v28_dual_lane_readiness_checklist.py | elapsed_s=0.16
2026-05-09 16:25:22 -04:00 | probe_ok | probe_v28_dual_lane_snapshot_ledger.py | elapsed_s=0.19
2026-05-09 16:25:22 -04:00 | cycle_done | cycle=1249
2026-05-09 16:26:22 -04:00 | cycle_start | cycle=1250
2026-05-09 16:27:22 -04:00 | probe_timeout | probe_v28_dual_lane_sidecar_safety_watch.py
2026-05-09 16:27:22 -04:00 | probe_ok | probe_v28_dual_lane_live_market_update.py | elapsed_s=0.14
2026-05-09 16:27:22 -04:00 | probe_ok | probe_v28_dual_lane_readiness_checklist.py | elapsed_s=0.15
2026-05-09 16:27:22 -04:00 | probe_ok | probe_v28_dual_lane_snapshot_ledger.py | elapsed_s=0.18
2026-05-09 16:27:22 -04:00 | cycle_done | cycle=1250
2026-05-09 16:28:22 -04:00 | cycle_start | cycle=1251
2026-05-09 16:29:22 -04:00 | probe_timeout | probe_v28_dual_lane_sidecar_safety_watch.py
2026-05-09 16:29:23 -04:00 | probe_ok | probe_v28_dual_lane_live_market_update.py | elapsed_s=0.17
2026-05-09 16:29:23 -04:00 | probe_ok | probe_v28_dual_lane_readiness_checklist.py | elapsed_s=0.16
2026-05-09 16:29:23 -04:00 | probe_ok | probe_v28_dual_lane_snapshot_ledger.py | elapsed_s=0.18
2026-05-09 16:29:23 -04:00 | cycle_done | cycle=1251
2026-05-09 16:30:23 -04:00 | cycle_start | cycle=1252
2026-05-09 16:31:23 -04:00 | probe_timeout | probe_v28_dual_lane_sidecar_safety_watch.py
2026-05-09 16:31:23 -04:00 | probe_ok | probe_v28_dual_lane_live_market_update.py | elapsed_s=0.18
2026-05-09 16:31:23 -04:00 | probe_ok | probe_v28_dual_lane_readiness_checklist.py | elapsed_s=0.15
2026-05-09 16:31:24 -04:00 | probe_ok | probe_v28_dual_lane_snapshot_ledger.py | elapsed_s=0.2
2026-05-09 16:31:24 -04:00 | cycle_done | cycle=1252
2026-05-09 16:32:24 -04:00 | cycle_start | cycle=1253
2026-05-09 16:33:24 -04:00 | probe_timeout | probe_v28_dual_lane_sidecar_safety_watch.py
2026-05-09 16:33:24 -04:00 | probe_ok | probe_v28_dual_lane_live_market_update.py | elapsed_s=0.15
2026-05-09 16:33:24 -04:00 | probe_ok | probe_v28_dual_lane_readiness_checklist.py | elapsed_s=0.16
2026-05-09 16:33:24 -04:00 | probe_ok | probe_v28_dual_lane_snapshot_ledger.py | elapsed_s=0.19
2026-05-09 16:33:24 -04:00 | cycle_done | cycle=1253
2026-05-09 16:34:24 -04:00 | cycle_start | cycle=1254
2026-05-09 16:35:24 -04:00 | probe_timeout | probe_v28_dual_lane_sidecar_safety_watch.py
2026-05-09 16:35:24 -04:00 | probe_ok | probe_v28_dual_lane_live_market_update.py | elapsed_s=0.13
2026-05-09 16:35:24 -04:00 | probe_ok | probe_v28_dual_lane_readiness_checklist.py | elapsed_s=0.16
2026-05-09 16:35:25 -04:00 | probe_ok | probe_v28_dual_lane_snapshot_ledger.py | elapsed_s=0.18
2026-05-09 16:35:25 -04:00 | cycle_done | cycle=1254
2026-05-09 16:36:25 -04:00 | cycle_start | cycle=1255
2026-05-09 16:37:25 -04:00 | probe_timeout | probe_v28_dual_lane_sidecar_safety_watch.py
2026-05-09 16:37:25 -04:00 | probe_ok | probe_v28_dual_lane_live_market_update.py | elapsed_s=0.16
2026-05-09 16:37:25 -04:00 | probe_ok | probe_v28_dual_lane_readiness_checklist.py | elapsed_s=0.15
2026-05-09 16:37:25 -04:00 | probe_ok | probe_v28_dual_lane_snapshot_ledger.py | elapsed_s=0.19
2026-05-09 16:37:25 -04:00 | cycle_done | cycle=1255
2026-05-09 16:38:25 -04:00 | cycle_start | cycle=1256
2026-05-09 16:39:25 -04:00 | probe_timeout | probe_v28_dual_lane_sidecar_safety_watch.py
2026-05-09 16:39:25 -04:00 | probe_ok | probe_v28_dual_lane_live_market_update.py | elapsed_s=0.13
2026-05-09 16:39:25 -04:00 | probe_ok | probe_v28_dual_lane_readiness_checklist.py | elapsed_s=0.15
2026-05-09 16:39:26 -04:00 | probe_ok | probe_v28_dual_lane_snapshot_ledger.py | elapsed_s=0.17
2026-05-09 16:39:26 -04:00 | cycle_done | cycle=1256
2026-05-09 16:40:26 -04:00 | cycle_start | cycle=1257
2026-05-09 16:41:26 -04:00 | probe_timeout | probe_v28_dual_lane_sidecar_safety_watch.py
2026-05-09 16:41:26 -04:00 | probe_ok | probe_v28_dual_lane_live_market_update.py | elapsed_s=0.15
2026-05-09 16:41:26 -04:00 | probe_ok | probe_v28_dual_lane_readiness_checklist.py | elapsed_s=0.15
2026-05-09 16:41:26 -04:00 | probe_ok | probe_v28_dual_lane_snapshot_ledger.py | elapsed_s=0.17
2026-05-09 16:41:26 -04:00 | cycle_done | cycle=1257
2026-05-09 16:42:26 -04:00 | cycle_start | cycle=1258
2026-05-09 16:43:26 -04:00 | probe_timeout | probe_v28_dual_lane_sidecar_safety_watch.py
2026-05-09 16:43:26 -04:00 | probe_ok | probe_v28_dual_lane_live_market_update.py | elapsed_s=0.13
2026-05-09 16:43:26 -04:00 | probe_ok | probe_v28_dual_lane_readiness_checklist.py | elapsed_s=0.14
2026-05-09 16:43:27 -04:00 | probe_ok | probe_v28_dual_lane_snapshot_ledger.py | elapsed_s=0.17
2026-05-09 16:43:27 -04:00 | cycle_done | cycle=1258
2026-05-09 16:44:27 -04:00 | cycle_start | cycle=1259
2026-05-09 16:45:27 -04:00 | probe_timeout | probe_v28_dual_lane_sidecar_safety_watch.py
2026-05-09 16:45:27 -04:00 | probe_ok | probe_v28_dual_lane_live_market_update.py | elapsed_s=0.14
2026-05-09 16:45:27 -04:00 | probe_ok | probe_v28_dual_lane_readiness_checklist.py | elapsed_s=0.14
2026-05-09 16:45:27 -04:00 | probe_ok | probe_v28_dual_lane_snapshot_ledger.py | elapsed_s=0.16
2026-05-09 16:45:27 -04:00 | cycle_done | cycle=1259
2026-05-09 16:46:27 -04:00 | cycle_start | cycle=1260
2026-05-09 16:47:27 -04:00 | probe_timeout | probe_v28_dual_lane_sidecar_safety_watch.py
2026-05-09 16:47:27 -04:00 | probe_ok | probe_v28_dual_lane_live_market_update.py | elapsed_s=0.07
2026-05-09 16:47:27 -04:00 | probe_ok | probe_v28_dual_lane_readiness_checklist.py | elapsed_s=0.09
2026-05-09 16:47:27 -04:00 | probe_ok | probe_v28_dual_lane_snapshot_ledger.py | elapsed_s=0.11
2026-05-09 16:47:27 -04:00 | cycle_done | cycle=1260
2026-05-09 16:48:27 -04:00 | cycle_start | cycle=1261
2026-05-09 16:49:27 -04:00 | probe_timeout | probe_v28_dual_lane_sidecar_safety_watch.py
2026-05-09 16:49:28 -04:00 | probe_ok | probe_v28_dual_lane_live_market_update.py | elapsed_s=0.09
2026-05-09 16:49:28 -04:00 | probe_ok | probe_v28_dual_lane_readiness_checklist.py | elapsed_s=0.09
2026-05-09 16:49:28 -04:00 | probe_ok | probe_v28_dual_lane_snapshot_ledger.py | elapsed_s=0.12
2026-05-09 16:49:28 -04:00 | cycle_done | cycle=1261
2026-05-09 16:50:28 -04:00 | cycle_start | cycle=1262
2026-05-09 16:51:28 -04:00 | probe_timeout | probe_v28_dual_lane_sidecar_safety_watch.py
2026-05-09 16:51:28 -04:00 | probe_ok | probe_v28_dual_lane_live_market_update.py | elapsed_s=0.08
2026-05-09 16:51:28 -04:00 | probe_ok | probe_v28_dual_lane_readiness_checklist.py | elapsed_s=0.09
2026-05-09 16:51:28 -04:00 | probe_ok | probe_v28_dual_lane_snapshot_ledger.py | elapsed_s=0.12
2026-05-09 16:51:28 -04:00 | cycle_done | cycle=1262
2026-05-09 16:52:28 -04:00 | cycle_start | cycle=1263
2026-05-09 16:53:28 -04:00 | probe_timeout | probe_v28_dual_lane_sidecar_safety_watch.py
2026-05-09 16:53:28 -04:00 | probe_ok | probe_v28_dual_lane_live_market_update.py | elapsed_s=0.14
2026-05-09 16:53:28 -04:00 | probe_ok | probe_v28_dual_lane_readiness_checklist.py | elapsed_s=0.13
2026-05-09 16:53:29 -04:00 | probe_ok | probe_v28_dual_lane_snapshot_ledger.py | elapsed_s=0.16
2026-05-09 16:53:29 -04:00 | cycle_done | cycle=1263
2026-05-09 16:54:29 -04:00 | cycle_start | cycle=1264
2026-05-09 16:55:29 -04:00 | probe_timeout | probe_v28_dual_lane_sidecar_safety_watch.py
2026-05-09 16:55:29 -04:00 | probe_ok | probe_v28_dual_lane_live_market_update.py | elapsed_s=0.14
2026-05-09 16:55:29 -04:00 | probe_ok | probe_v28_dual_lane_readiness_checklist.py | elapsed_s=0.15
2026-05-09 16:55:29 -04:00 | probe_ok | probe_v28_dual_lane_snapshot_ledger.py | elapsed_s=0.18
2026-05-09 16:55:29 -04:00 | cycle_done | cycle=1264
2026-05-09 16:56:29 -04:00 | cycle_start | cycle=1265
2026-05-09 16:57:29 -04:00 | probe_timeout | probe_v28_dual_lane_sidecar_safety_watch.py
2026-05-09 16:57:29 -04:00 | probe_ok | probe_v28_dual_lane_live_market_update.py | elapsed_s=0.13
2026-05-09 16:57:29 -04:00 | probe_ok | probe_v28_dual_lane_readiness_checklist.py | elapsed_s=0.13
2026-05-09 16:57:30 -04:00 | probe_ok | probe_v28_dual_lane_snapshot_ledger.py | elapsed_s=0.17
2026-05-09 16:57:30 -04:00 | cycle_done | cycle=1265
2026-05-09 16:58:30 -04:00 | cycle_start | cycle=1266
2026-05-09 16:59:30 -04:00 | probe_timeout | probe_v28_dual_lane_sidecar_safety_watch.py
2026-05-09 16:59:30 -04:00 | probe_ok | probe_v28_dual_lane_live_market_update.py | elapsed_s=0.13
2026-05-09 16:59:30 -04:00 | probe_ok | probe_v28_dual_lane_readiness_checklist.py | elapsed_s=0.14
2026-05-09 16:59:30 -04:00 | probe_ok | probe_v28_dual_lane_snapshot_ledger.py | elapsed_s=0.18
2026-05-09 16:59:30 -04:00 | cycle_done | cycle=1266
2026-05-09 17:00:30 -04:00 | cycle_start | cycle=1267
2026-05-09 17:01:30 -04:00 | probe_timeout | probe_v28_dual_lane_sidecar_safety_watch.py
2026-05-09 17:01:30 -04:00 | probe_ok | probe_v28_dual_lane_live_market_update.py | elapsed_s=0.13
2026-05-09 17:01:30 -04:00 | probe_ok | probe_v28_dual_lane_readiness_checklist.py | elapsed_s=0.12
2026-05-09 17:01:31 -04:00 | probe_ok | probe_v28_dual_lane_snapshot_ledger.py | elapsed_s=0.16
2026-05-09 17:01:31 -04:00 | cycle_done | cycle=1267
2026-05-09 17:02:31 -04:00 | cycle_start | cycle=1268
2026-05-09 17:03:31 -04:00 | probe_timeout | probe_v28_dual_lane_sidecar_safety_watch.py
2026-05-09 17:03:31 -04:00 | probe_ok | probe_v28_dual_lane_live_market_update.py | elapsed_s=0.19
2026-05-09 17:03:31 -04:00 | probe_ok | probe_v28_dual_lane_readiness_checklist.py | elapsed_s=0.12
2026-05-09 17:03:31 -04:00 | probe_ok | probe_v28_dual_lane_snapshot_ledger.py | elapsed_s=0.18
2026-05-09 17:03:31 -04:00 | cycle_done | cycle=1268
2026-05-09 17:04:31 -04:00 | cycle_start | cycle=1269
2026-05-09 17:05:31 -04:00 | probe_timeout | probe_v28_dual_lane_sidecar_safety_watch.py
2026-05-09 17:05:31 -04:00 | probe_ok | probe_v28_dual_lane_live_market_update.py | elapsed_s=0.1
2026-05-09 17:05:31 -04:00 | probe_ok | probe_v28_dual_lane_readiness_checklist.py | elapsed_s=0.08
2026-05-09 17:05:31 -04:00 | probe_ok | probe_v28_dual_lane_snapshot_ledger.py | elapsed_s=0.11
2026-05-09 17:05:31 -04:00 | cycle_done | cycle=1269
2026-05-09 17:06:31 -04:00 | cycle_start | cycle=1270
2026-05-09 17:07:31 -04:00 | probe_timeout | probe_v28_dual_lane_sidecar_safety_watch.py
2026-05-09 17:07:31 -04:00 | probe_ok | probe_v28_dual_lane_live_market_update.py | elapsed_s=0.11
2026-05-09 17:07:32 -04:00 | probe_ok | probe_v28_dual_lane_readiness_checklist.py | elapsed_s=0.09
2026-05-09 17:07:32 -04:00 | probe_ok | probe_v28_dual_lane_snapshot_ledger.py | elapsed_s=0.12
2026-05-09 17:07:32 -04:00 | cycle_done | cycle=1270
2026-05-09 17:08:32 -04:00 | cycle_start | cycle=1271
2026-05-09 17:09:32 -04:00 | probe_timeout | probe_v28_dual_lane_sidecar_safety_watch.py
2026-05-09 17:09:32 -04:00 | probe_ok | probe_v28_dual_lane_live_market_update.py | elapsed_s=0.11
2026-05-09 17:09:32 -04:00 | probe_ok | probe_v28_dual_lane_readiness_checklist.py | elapsed_s=0.09
2026-05-09 17:09:32 -04:00 | probe_ok | probe_v28_dual_lane_snapshot_ledger.py | elapsed_s=0.11
2026-05-09 17:09:32 -04:00 | cycle_done | cycle=1271
2026-05-09 17:10:32 -04:00 | cycle_start | cycle=1272
2026-05-09 17:11:32 -04:00 | probe_timeout | probe_v28_dual_lane_sidecar_safety_watch.py
2026-05-09 17:11:32 -04:00 | probe_ok | probe_v28_dual_lane_live_market_update.py | elapsed_s=0.07
2026-05-09 17:11:32 -04:00 | probe_ok | probe_v28_dual_lane_readiness_checklist.py | elapsed_s=0.08
2026-05-09 17:11:32 -04:00 | probe_ok | probe_v28_dual_lane_snapshot_ledger.py | elapsed_s=0.1
2026-05-09 17:11:32 -04:00 | cycle_done | cycle=1272
2026-05-09 17:12:32 -04:00 | cycle_start | cycle=1273
2026-05-09 17:13:32 -04:00 | probe_timeout | probe_v28_dual_lane_sidecar_safety_watch.py
2026-05-09 17:13:32 -04:00 | probe_ok | probe_v28_dual_lane_live_market_update.py | elapsed_s=0.09
2026-05-09 17:13:33 -04:00 | probe_ok | probe_v28_dual_lane_readiness_checklist.py | elapsed_s=0.1
2026-05-09 17:13:33 -04:00 | probe_ok | probe_v28_dual_lane_snapshot_ledger.py | elapsed_s=0.1
2026-05-09 17:13:33 -04:00 | cycle_done | cycle=1273
2026-05-09 17:14:33 -04:00 | cycle_start | cycle=1274
2026-05-09 17:15:33 -04:00 | probe_timeout | probe_v28_dual_lane_sidecar_safety_watch.py
2026-05-09 17:15:33 -04:00 | probe_ok | probe_v28_dual_lane_live_market_update.py | elapsed_s=0.11
2026-05-09 17:15:33 -04:00 | probe_ok | probe_v28_dual_lane_readiness_checklist.py | elapsed_s=0.08
2026-05-09 17:15:33 -04:00 | probe_ok | probe_v28_dual_lane_snapshot_ledger.py | elapsed_s=0.09
2026-05-09 17:15:33 -04:00 | cycle_done | cycle=1274
2026-05-09 17:16:33 -04:00 | cycle_start | cycle=1275
2026-05-09 17:17:33 -04:00 | probe_timeout | probe_v28_dual_lane_sidecar_safety_watch.py
2026-05-09 17:17:33 -04:00 | probe_ok | probe_v28_dual_lane_live_market_update.py | elapsed_s=0.09
2026-05-09 17:17:33 -04:00 | probe_ok | probe_v28_dual_lane_readiness_checklist.py | elapsed_s=0.07
2026-05-09 17:17:33 -04:00 | probe_ok | probe_v28_dual_lane_snapshot_ledger.py | elapsed_s=0.1
2026-05-09 17:17:33 -04:00 | cycle_done | cycle=1275
2026-05-09 17:18:33 -04:00 | cycle_start | cycle=1276
2026-05-09 17:19:33 -04:00 | probe_timeout | probe_v28_dual_lane_sidecar_safety_watch.py
2026-05-09 17:19:33 -04:00 | probe_ok | probe_v28_dual_lane_live_market_update.py | elapsed_s=0.09
2026-05-09 17:19:33 -04:00 | probe_ok | probe_v28_dual_lane_readiness_checklist.py | elapsed_s=0.08
2026-05-09 17:19:34 -04:00 | probe_ok | probe_v28_dual_lane_snapshot_ledger.py | elapsed_s=0.1
2026-05-09 17:19:34 -04:00 | cycle_done | cycle=1276
2026-05-09 17:20:34 -04:00 | cycle_start | cycle=1277
2026-05-09 17:21:34 -04:00 | probe_timeout | probe_v28_dual_lane_sidecar_safety_watch.py
2026-05-09 17:21:34 -04:00 | probe_ok | probe_v28_dual_lane_live_market_update.py | elapsed_s=0.1
2026-05-09 17:21:34 -04:00 | probe_ok | probe_v28_dual_lane_readiness_checklist.py | elapsed_s=0.08
2026-05-09 17:21:34 -04:00 | probe_ok | probe_v28_dual_lane_snapshot_ledger.py | elapsed_s=0.09
2026-05-09 17:21:34 -04:00 | cycle_done | cycle=1277
2026-05-09 17:22:34 -04:00 | cycle_start | cycle=1278
2026-05-09 17:23:34 -04:00 | probe_timeout | probe_v28_dual_lane_sidecar_safety_watch.py
2026-05-09 17:23:34 -04:00 | probe_ok | probe_v28_dual_lane_live_market_update.py | elapsed_s=0.07
2026-05-09 17:23:34 -04:00 | probe_ok | probe_v28_dual_lane_readiness_checklist.py | elapsed_s=0.07
2026-05-09 17:23:34 -04:00 | probe_ok | probe_v28_dual_lane_snapshot_ledger.py | elapsed_s=0.09
2026-05-09 17:23:34 -04:00 | cycle_done | cycle=1278
2026-05-09 17:24:34 -04:00 | cycle_start | cycle=1279
2026-05-09 17:25:34 -04:00 | probe_timeout | probe_v28_dual_lane_sidecar_safety_watch.py
2026-05-09 17:25:34 -04:00 | probe_ok | probe_v28_dual_lane_live_market_update.py | elapsed_s=0.1
2026-05-09 17:25:34 -04:00 | probe_ok | probe_v28_dual_lane_readiness_checklist.py | elapsed_s=0.12
2026-05-09 17:25:35 -04:00 | probe_ok | probe_v28_dual_lane_snapshot_ledger.py | elapsed_s=0.13
2026-05-09 17:25:35 -04:00 | cycle_done | cycle=1279
2026-05-09 17:26:35 -04:00 | cycle_start | cycle=1280
2026-05-09 17:27:35 -04:00 | probe_timeout | probe_v28_dual_lane_sidecar_safety_watch.py
2026-05-09 17:27:35 -04:00 | probe_ok | probe_v28_dual_lane_live_market_update.py | elapsed_s=0.14
2026-05-09 17:27:35 -04:00 | probe_ok | probe_v28_dual_lane_readiness_checklist.py | elapsed_s=0.11
2026-05-09 17:27:35 -04:00 | probe_ok | probe_v28_dual_lane_snapshot_ledger.py | elapsed_s=0.13
2026-05-09 17:27:35 -04:00 | cycle_done | cycle=1280
2026-05-09 17:28:35 -04:00 | cycle_start | cycle=1281
2026-05-09 17:29:35 -04:00 | probe_timeout | probe_v28_dual_lane_sidecar_safety_watch.py
2026-05-09 17:29:35 -04:00 | probe_ok | probe_v28_dual_lane_live_market_update.py | elapsed_s=0.09
2026-05-09 17:29:35 -04:00 | probe_ok | probe_v28_dual_lane_readiness_checklist.py | elapsed_s=0.07
2026-05-09 17:29:35 -04:00 | probe_ok | probe_v28_dual_lane_snapshot_ledger.py | elapsed_s=0.09
2026-05-09 17:29:35 -04:00 | cycle_done | cycle=1281
2026-05-09 17:30:35 -04:00 | cycle_start | cycle=1282
2026-05-09 17:31:35 -04:00 | probe_timeout | probe_v28_dual_lane_sidecar_safety_watch.py
2026-05-09 17:31:35 -04:00 | probe_ok | probe_v28_dual_lane_live_market_update.py | elapsed_s=0.07
2026-05-09 17:31:35 -04:00 | probe_ok | probe_v28_dual_lane_readiness_checklist.py | elapsed_s=0.07
2026-05-09 17:31:36 -04:00 | probe_ok | probe_v28_dual_lane_snapshot_ledger.py | elapsed_s=0.12
2026-05-09 17:31:36 -04:00 | cycle_done | cycle=1282
2026-05-09 17:32:36 -04:00 | cycle_start | cycle=1283
2026-05-09 17:33:36 -04:00 | probe_timeout | probe_v28_dual_lane_sidecar_safety_watch.py
2026-05-09 17:33:36 -04:00 | probe_ok | probe_v28_dual_lane_live_market_update.py | elapsed_s=0.12
2026-05-09 17:33:36 -04:00 | probe_ok | probe_v28_dual_lane_readiness_checklist.py | elapsed_s=0.09
2026-05-09 17:33:36 -04:00 | probe_ok | probe_v28_dual_lane_snapshot_ledger.py | elapsed_s=0.11
2026-05-09 17:33:36 -04:00 | cycle_done | cycle=1283
2026-05-09 17:34:36 -04:00 | cycle_start | cycle=1284
2026-05-09 17:35:36 -04:00 | probe_timeout | probe_v28_dual_lane_sidecar_safety_watch.py
2026-05-09 17:35:36 -04:00 | probe_ok | probe_v28_dual_lane_live_market_update.py | elapsed_s=0.08
2026-05-09 17:35:36 -04:00 | probe_ok | probe_v28_dual_lane_readiness_checklist.py | elapsed_s=0.08
2026-05-09 17:35:36 -04:00 | probe_ok | probe_v28_dual_lane_snapshot_ledger.py | elapsed_s=0.12
2026-05-09 17:35:36 -04:00 | cycle_done | cycle=1284
2026-05-09 17:36:36 -04:00 | cycle_start | cycle=1285
2026-05-09 17:37:36 -04:00 | probe_timeout | probe_v28_dual_lane_sidecar_safety_watch.py
2026-05-09 17:37:36 -04:00 | probe_ok | probe_v28_dual_lane_live_market_update.py | elapsed_s=0.1
2026-05-09 17:37:36 -04:00 | probe_ok | probe_v28_dual_lane_readiness_checklist.py | elapsed_s=0.09
2026-05-09 17:37:37 -04:00 | probe_ok | probe_v28_dual_lane_snapshot_ledger.py | elapsed_s=0.13
2026-05-09 17:37:37 -04:00 | cycle_done | cycle=1285
2026-05-09 17:38:37 -04:00 | cycle_start | cycle=1286
2026-05-09 17:39:37 -04:00 | probe_timeout | probe_v28_dual_lane_sidecar_safety_watch.py
2026-05-09 17:39:37 -04:00 | probe_ok | probe_v28_dual_lane_live_market_update.py | elapsed_s=0.11
2026-05-09 17:39:37 -04:00 | probe_ok | probe_v28_dual_lane_readiness_checklist.py | elapsed_s=0.08
2026-05-09 17:39:37 -04:00 | probe_ok | probe_v28_dual_lane_snapshot_ledger.py | elapsed_s=0.1
2026-05-09 17:39:37 -04:00 | cycle_done | cycle=1286
2026-05-09 17:40:37 -04:00 | cycle_start | cycle=1287
2026-05-09 17:41:37 -04:00 | probe_timeout | probe_v28_dual_lane_sidecar_safety_watch.py
2026-05-09 17:41:37 -04:00 | probe_ok | probe_v28_dual_lane_live_market_update.py | elapsed_s=0.09
2026-05-09 17:41:37 -04:00 | probe_ok | probe_v28_dual_lane_readiness_checklist.py | elapsed_s=0.07
2026-05-09 17:41:37 -04:00 | probe_ok | probe_v28_dual_lane_snapshot_ledger.py | elapsed_s=0.09
2026-05-09 17:41:37 -04:00 | cycle_done | cycle=1287
2026-05-09 17:42:37 -04:00 | cycle_start | cycle=1288
2026-05-09 17:43:37 -04:00 | probe_timeout | probe_v28_dual_lane_sidecar_safety_watch.py
2026-05-09 17:43:37 -04:00 | probe_ok | probe_v28_dual_lane_live_market_update.py | elapsed_s=0.11
2026-05-09 17:43:37 -04:00 | probe_ok | probe_v28_dual_lane_readiness_checklist.py | elapsed_s=0.12
2026-05-09 17:43:38 -04:00 | probe_ok | probe_v28_dual_lane_snapshot_ledger.py | elapsed_s=0.14
2026-05-09 17:43:38 -04:00 | cycle_done | cycle=1288
2026-05-09 17:44:38 -04:00 | cycle_start | cycle=1289
2026-05-09 17:45:38 -04:00 | probe_timeout | probe_v28_dual_lane_sidecar_safety_watch.py
2026-05-09 17:45:38 -04:00 | probe_ok | probe_v28_dual_lane_live_market_update.py | elapsed_s=0.11
2026-05-09 17:45:38 -04:00 | probe_ok | probe_v28_dual_lane_readiness_checklist.py | elapsed_s=0.08
2026-05-09 17:45:38 -04:00 | probe_ok | probe_v28_dual_lane_snapshot_ledger.py | elapsed_s=0.1
2026-05-09 17:45:38 -04:00 | cycle_done | cycle=1289
2026-05-09 17:46:38 -04:00 | cycle_start | cycle=1290
2026-05-09 17:47:38 -04:00 | probe_timeout | probe_v28_dual_lane_sidecar_safety_watch.py
2026-05-09 17:47:38 -04:00 | probe_ok | probe_v28_dual_lane_live_market_update.py | elapsed_s=0.1
2026-05-09 17:47:38 -04:00 | probe_ok | probe_v28_dual_lane_readiness_checklist.py | elapsed_s=0.09
2026-05-09 17:47:38 -04:00 | probe_ok | probe_v28_dual_lane_snapshot_ledger.py | elapsed_s=0.11
2026-05-09 17:47:38 -04:00 | cycle_done | cycle=1290
2026-05-09 17:48:38 -04:00 | cycle_start | cycle=1291
2026-05-09 17:49:38 -04:00 | probe_timeout | probe_v28_dual_lane_sidecar_safety_watch.py
2026-05-09 17:49:38 -04:00 | probe_ok | probe_v28_dual_lane_live_market_update.py | elapsed_s=0.09
2026-05-09 17:49:39 -04:00 | probe_ok | probe_v28_dual_lane_readiness_checklist.py | elapsed_s=0.08
2026-05-09 17:49:39 -04:00 | probe_ok | probe_v28_dual_lane_snapshot_ledger.py | elapsed_s=0.09
2026-05-09 17:49:39 -04:00 | cycle_done | cycle=1291
2026-05-09 17:50:39 -04:00 | cycle_start | cycle=1292
2026-05-09 17:51:39 -04:00 | probe_timeout | probe_v28_dual_lane_sidecar_safety_watch.py
2026-05-09 17:51:39 -04:00 | probe_ok | probe_v28_dual_lane_live_market_update.py | elapsed_s=0.09
2026-05-09 17:51:39 -04:00 | probe_ok | probe_v28_dual_lane_readiness_checklist.py | elapsed_s=0.07
2026-05-09 17:51:39 -04:00 | probe_ok | probe_v28_dual_lane_snapshot_ledger.py | elapsed_s=0.09
2026-05-09 17:51:39 -04:00 | cycle_done | cycle=1292
2026-05-09 17:52:39 -04:00 | cycle_start | cycle=1293
2026-05-09 17:53:39 -04:00 | probe_timeout | probe_v28_dual_lane_sidecar_safety_watch.py
2026-05-09 17:53:39 -04:00 | probe_ok | probe_v28_dual_lane_live_market_update.py | elapsed_s=0.07
2026-05-09 17:53:39 -04:00 | probe_ok | probe_v28_dual_lane_readiness_checklist.py | elapsed_s=0.07
2026-05-09 17:53:39 -04:00 | probe_ok | probe_v28_dual_lane_snapshot_ledger.py | elapsed_s=0.09
2026-05-09 17:53:39 -04:00 | cycle_done | cycle=1293
2026-05-09 17:54:39 -04:00 | cycle_start | cycle=1294
2026-05-09 17:55:39 -04:00 | probe_timeout | probe_v28_dual_lane_sidecar_safety_watch.py
2026-05-09 17:55:39 -04:00 | probe_ok | probe_v28_dual_lane_live_market_update.py | elapsed_s=0.09
2026-05-09 17:55:39 -04:00 | probe_ok | probe_v28_dual_lane_readiness_checklist.py | elapsed_s=0.11
2026-05-09 17:55:40 -04:00 | probe_ok | probe_v28_dual_lane_snapshot_ledger.py | elapsed_s=0.14
2026-05-09 17:55:40 -04:00 | cycle_done | cycle=1294
2026-05-09 17:56:40 -04:00 | cycle_start | cycle=1295
2026-05-09 17:57:40 -04:00 | probe_timeout | probe_v28_dual_lane_sidecar_safety_watch.py
2026-05-09 17:57:40 -04:00 | probe_ok | probe_v28_dual_lane_live_market_update.py | elapsed_s=0.13
2026-05-09 17:57:40 -04:00 | probe_ok | probe_v28_dual_lane_readiness_checklist.py | elapsed_s=0.1
2026-05-09 17:57:40 -04:00 | probe_ok | probe_v28_dual_lane_snapshot_ledger.py | elapsed_s=0.12
2026-05-09 17:57:40 -04:00 | cycle_done | cycle=1295
2026-05-09 17:58:40 -04:00 | cycle_start | cycle=1296
2026-05-09 17:59:40 -04:00 | probe_timeout | probe_v28_dual_lane_sidecar_safety_watch.py
2026-05-09 17:59:40 -04:00 | probe_ok | probe_v28_dual_lane_live_market_update.py | elapsed_s=0.1
2026-05-09 17:59:40 -04:00 | probe_ok | probe_v28_dual_lane_readiness_checklist.py | elapsed_s=0.08
2026-05-09 17:59:40 -04:00 | probe_ok | probe_v28_dual_lane_snapshot_ledger.py | elapsed_s=0.1
2026-05-09 17:59:40 -04:00 | cycle_done | cycle=1296
2026-05-09 18:00:40 -04:00 | cycle_start | cycle=1297
2026-05-09 18:01:40 -04:00 | probe_timeout | probe_v28_dual_lane_sidecar_safety_watch.py
2026-05-09 18:01:40 -04:00 | probe_ok | probe_v28_dual_lane_live_market_update.py | elapsed_s=0.1
2026-05-09 18:01:40 -04:00 | probe_ok | probe_v28_dual_lane_readiness_checklist.py | elapsed_s=0.09
2026-05-09 18:01:41 -04:00 | probe_ok | probe_v28_dual_lane_snapshot_ledger.py | elapsed_s=0.11
2026-05-09 18:01:41 -04:00 | cycle_done | cycle=1297
2026-05-09 18:02:41 -04:00 | cycle_start | cycle=1298
2026-05-09 18:03:41 -04:00 | probe_timeout | probe_v28_dual_lane_sidecar_safety_watch.py
2026-05-09 18:03:41 -04:00 | probe_ok | probe_v28_dual_lane_live_market_update.py | elapsed_s=0.11
2026-05-09 18:03:41 -04:00 | probe_ok | probe_v28_dual_lane_readiness_checklist.py | elapsed_s=0.08
2026-05-09 18:03:41 -04:00 | probe_ok | probe_v28_dual_lane_snapshot_ledger.py | elapsed_s=0.11
2026-05-09 18:03:41 -04:00 | cycle_done | cycle=1298
2026-05-09 18:04:41 -04:00 | cycle_start | cycle=1299
2026-05-09 18:05:41 -04:00 | probe_timeout | probe_v28_dual_lane_sidecar_safety_watch.py
2026-05-09 18:05:41 -04:00 | probe_ok | probe_v28_dual_lane_live_market_update.py | elapsed_s=0.15
2026-05-09 18:05:41 -04:00 | probe_ok | probe_v28_dual_lane_readiness_checklist.py | elapsed_s=0.1
2026-05-09 18:05:41 -04:00 | probe_ok | probe_v28_dual_lane_snapshot_ledger.py | elapsed_s=0.13
2026-05-09 18:05:41 -04:00 | cycle_done | cycle=1299
2026-05-09 18:06:41 -04:00 | cycle_start | cycle=1300
2026-05-09 18:07:41 -04:00 | probe_timeout | probe_v28_dual_lane_sidecar_safety_watch.py
2026-05-09 18:07:41 -04:00 | probe_ok | probe_v28_dual_lane_live_market_update.py | elapsed_s=0.08
2026-05-09 18:07:42 -04:00 | probe_ok | probe_v28_dual_lane_readiness_checklist.py | elapsed_s=0.09
2026-05-09 18:07:42 -04:00 | probe_ok | probe_v28_dual_lane_snapshot_ledger.py | elapsed_s=0.12
2026-05-09 18:07:42 -04:00 | cycle_done | cycle=1300
2026-05-09 18:08:42 -04:00 | cycle_start | cycle=1301
2026-05-09 18:09:42 -04:00 | probe_timeout | probe_v28_dual_lane_sidecar_safety_watch.py
2026-05-09 18:09:42 -04:00 | probe_ok | probe_v28_dual_lane_live_market_update.py | elapsed_s=0.12
2026-05-09 18:09:42 -04:00 | probe_ok | probe_v28_dual_lane_readiness_checklist.py | elapsed_s=0.11
2026-05-09 18:09:42 -04:00 | probe_ok | probe_v28_dual_lane_snapshot_ledger.py | elapsed_s=0.13
2026-05-09 18:09:42 -04:00 | cycle_done | cycle=1301
2026-05-09 18:10:42 -04:00 | cycle_start | cycle=1302
2026-05-09 18:11:42 -04:00 | probe_timeout | probe_v28_dual_lane_sidecar_safety_watch.py
2026-05-09 18:11:42 -04:00 | probe_ok | probe_v28_dual_lane_live_market_update.py | elapsed_s=0.08
2026-05-09 18:11:42 -04:00 | probe_ok | probe_v28_dual_lane_readiness_checklist.py | elapsed_s=0.08
2026-05-09 18:11:42 -04:00 | probe_ok | probe_v28_dual_lane_snapshot_ledger.py | elapsed_s=0.09
2026-05-09 18:11:42 -04:00 | cycle_done | cycle=1302
2026-05-09 18:12:42 -04:00 | cycle_start | cycle=1303
2026-05-09 18:13:42 -04:00 | probe_timeout | probe_v28_dual_lane_sidecar_safety_watch.py
2026-05-09 18:13:43 -04:00 | probe_ok | probe_v28_dual_lane_live_market_update.py | elapsed_s=0.09
2026-05-09 18:13:43 -04:00 | probe_ok | probe_v28_dual_lane_readiness_checklist.py | elapsed_s=0.09
2026-05-09 18:13:43 -04:00 | probe_ok | probe_v28_dual_lane_snapshot_ledger.py | elapsed_s=0.13
2026-05-09 18:13:43 -04:00 | cycle_done | cycle=1303
2026-05-09 18:14:43 -04:00 | cycle_start | cycle=1304
2026-05-09 18:15:43 -04:00 | probe_timeout | probe_v28_dual_lane_sidecar_safety_watch.py
2026-05-09 18:15:43 -04:00 | probe_ok | probe_v28_dual_lane_live_market_update.py | elapsed_s=0.08
2026-05-09 18:15:43 -04:00 | probe_ok | probe_v28_dual_lane_readiness_checklist.py | elapsed_s=0.08
2026-05-09 18:15:43 -04:00 | probe_ok | probe_v28_dual_lane_snapshot_ledger.py | elapsed_s=0.12
2026-05-09 18:15:43 -04:00 | cycle_done | cycle=1304
2026-05-09 18:16:43 -04:00 | cycle_start | cycle=1305
2026-05-09 18:17:43 -04:00 | probe_timeout | probe_v28_dual_lane_sidecar_safety_watch.py
2026-05-09 18:17:43 -04:00 | probe_ok | probe_v28_dual_lane_live_market_update.py | elapsed_s=0.08
2026-05-09 18:17:43 -04:00 | probe_ok | probe_v28_dual_lane_readiness_checklist.py | elapsed_s=0.1
2026-05-09 18:17:43 -04:00 | probe_ok | probe_v28_dual_lane_snapshot_ledger.py | elapsed_s=0.1
2026-05-09 18:17:43 -04:00 | cycle_done | cycle=1305
2026-05-09 18:18:43 -04:00 | cycle_start | cycle=1306
2026-05-09 18:19:43 -04:00 | probe_timeout | probe_v28_dual_lane_sidecar_safety_watch.py
2026-05-09 18:19:44 -04:00 | probe_ok | probe_v28_dual_lane_live_market_update.py | elapsed_s=0.49
2026-05-09 18:19:44 -04:00 | probe_ok | probe_v28_dual_lane_readiness_checklist.py | elapsed_s=0.09
2026-05-09 18:19:44 -04:00 | probe_ok | probe_v28_dual_lane_snapshot_ledger.py | elapsed_s=0.12
2026-05-09 18:19:44 -04:00 | cycle_done | cycle=1306
2026-05-09 18:20:44 -04:00 | cycle_start | cycle=1307
2026-05-09 18:21:44 -04:00 | probe_timeout | probe_v28_dual_lane_sidecar_safety_watch.py
2026-05-09 18:21:44 -04:00 | probe_ok | probe_v28_dual_lane_live_market_update.py | elapsed_s=0.09
2026-05-09 18:21:44 -04:00 | probe_ok | probe_v28_dual_lane_readiness_checklist.py | elapsed_s=0.08
2026-05-09 18:21:44 -04:00 | probe_ok | probe_v28_dual_lane_snapshot_ledger.py | elapsed_s=0.1
2026-05-09 18:21:44 -04:00 | cycle_done | cycle=1307
2026-05-09 18:22:44 -04:00 | cycle_start | cycle=1308
2026-05-09 18:23:44 -04:00 | probe_timeout | probe_v28_dual_lane_sidecar_safety_watch.py
2026-05-09 18:23:45 -04:00 | probe_ok | probe_v28_dual_lane_live_market_update.py | elapsed_s=0.08
2026-05-09 18:23:45 -04:00 | probe_ok | probe_v28_dual_lane_readiness_checklist.py | elapsed_s=0.09
2026-05-09 18:23:45 -04:00 | probe_ok | probe_v28_dual_lane_snapshot_ledger.py | elapsed_s=0.13
2026-05-09 18:23:45 -04:00 | cycle_done | cycle=1308
2026-05-09 18:24:45 -04:00 | cycle_start | cycle=1309
2026-05-09 18:25:45 -04:00 | probe_timeout | probe_v28_dual_lane_sidecar_safety_watch.py
2026-05-09 18:25:45 -04:00 | probe_ok | probe_v28_dual_lane_live_market_update.py | elapsed_s=0.09
2026-05-09 18:25:45 -04:00 | probe_ok | probe_v28_dual_lane_readiness_checklist.py | elapsed_s=0.1
2026-05-09 18:25:45 -04:00 | probe_ok | probe_v28_dual_lane_snapshot_ledger.py | elapsed_s=0.11
2026-05-09 18:25:45 -04:00 | cycle_done | cycle=1309
2026-05-09 18:26:45 -04:00 | cycle_start | cycle=1310
2026-05-09 18:27:45 -04:00 | probe_timeout | probe_v28_dual_lane_sidecar_safety_watch.py
2026-05-09 18:27:45 -04:00 | probe_ok | probe_v28_dual_lane_live_market_update.py | elapsed_s=0.08
2026-05-09 18:27:45 -04:00 | probe_ok | probe_v28_dual_lane_readiness_checklist.py | elapsed_s=0.08
2026-05-09 18:27:45 -04:00 | probe_ok | probe_v28_dual_lane_snapshot_ledger.py | elapsed_s=0.1
2026-05-09 18:27:45 -04:00 | cycle_done | cycle=1310
2026-05-09 18:28:45 -04:00 | cycle_start | cycle=1311
2026-05-09 18:29:45 -04:00 | probe_timeout | probe_v28_dual_lane_sidecar_safety_watch.py
2026-05-09 18:29:46 -04:00 | probe_ok | probe_v28_dual_lane_live_market_update.py | elapsed_s=0.1
2026-05-09 18:29:46 -04:00 | probe_ok | probe_v28_dual_lane_readiness_checklist.py | elapsed_s=0.08
2026-05-09 18:29:46 -04:00 | probe_ok | probe_v28_dual_lane_snapshot_ledger.py | elapsed_s=0.1
2026-05-09 18:29:46 -04:00 | cycle_done | cycle=1311
2026-05-09 18:30:46 -04:00 | cycle_start | cycle=1312
2026-05-09 18:31:46 -04:00 | probe_timeout | probe_v28_dual_lane_sidecar_safety_watch.py
2026-05-09 18:31:46 -04:00 | probe_ok | probe_v28_dual_lane_live_market_update.py | elapsed_s=0.09
2026-05-09 18:31:46 -04:00 | probe_ok | probe_v28_dual_lane_readiness_checklist.py | elapsed_s=0.07
2026-05-09 18:31:46 -04:00 | probe_ok | probe_v28_dual_lane_snapshot_ledger.py | elapsed_s=0.1
2026-05-09 18:31:46 -04:00 | cycle_done | cycle=1312
2026-05-09 18:32:46 -04:00 | cycle_start | cycle=1313
2026-05-09 18:33:46 -04:00 | probe_timeout | probe_v28_dual_lane_sidecar_safety_watch.py
2026-05-09 18:33:46 -04:00 | probe_ok | probe_v28_dual_lane_live_market_update.py | elapsed_s=0.07
2026-05-09 18:33:46 -04:00 | probe_ok | probe_v28_dual_lane_readiness_checklist.py | elapsed_s=0.07
2026-05-09 18:33:46 -04:00 | probe_ok | probe_v28_dual_lane_snapshot_ledger.py | elapsed_s=0.11
2026-05-09 18:33:46 -04:00 | cycle_done | cycle=1313
2026-05-09 18:34:46 -04:00 | cycle_start | cycle=1314
2026-05-09 18:35:46 -04:00 | probe_timeout | probe_v28_dual_lane_sidecar_safety_watch.py
2026-05-09 18:35:46 -04:00 | probe_ok | probe_v28_dual_lane_live_market_update.py | elapsed_s=0.1
2026-05-09 18:35:47 -04:00 | probe_ok | probe_v28_dual_lane_readiness_checklist.py | elapsed_s=0.13
2026-05-09 18:35:47 -04:00 | probe_ok | probe_v28_dual_lane_snapshot_ledger.py | elapsed_s=0.14
2026-05-09 18:35:47 -04:00 | cycle_done | cycle=1314
2026-05-09 18:36:47 -04:00 | cycle_start | cycle=1315
2026-05-09 18:37:47 -04:00 | probe_timeout | probe_v28_dual_lane_sidecar_safety_watch.py
2026-05-09 18:37:47 -04:00 | probe_ok | probe_v28_dual_lane_live_market_update.py | elapsed_s=0.07
2026-05-09 18:37:47 -04:00 | probe_ok | probe_v28_dual_lane_readiness_checklist.py | elapsed_s=0.08
2026-05-09 18:37:47 -04:00 | probe_ok | probe_v28_dual_lane_snapshot_ledger.py | elapsed_s=0.11
2026-05-09 18:37:47 -04:00 | cycle_done | cycle=1315
2026-05-09 18:38:47 -04:00 | cycle_start | cycle=1316
2026-05-09 18:39:47 -04:00 | probe_timeout | probe_v28_dual_lane_sidecar_safety_watch.py
2026-05-09 18:39:47 -04:00 | probe_ok | probe_v28_dual_lane_live_market_update.py | elapsed_s=0.1
2026-05-09 18:39:47 -04:00 | probe_ok | probe_v28_dual_lane_readiness_checklist.py | elapsed_s=0.12
2026-05-09 18:39:47 -04:00 | probe_ok | probe_v28_dual_lane_snapshot_ledger.py | elapsed_s=0.12
2026-05-09 18:39:47 -04:00 | cycle_done | cycle=1316
2026-05-09 18:40:47 -04:00 | cycle_start | cycle=1317
2026-05-09 18:41:47 -04:00 | probe_timeout | probe_v28_dual_lane_sidecar_safety_watch.py
2026-05-09 18:41:48 -04:00 | probe_ok | probe_v28_dual_lane_live_market_update.py | elapsed_s=0.11
2026-05-09 18:41:48 -04:00 | probe_ok | probe_v28_dual_lane_readiness_checklist.py | elapsed_s=0.09
2026-05-09 18:41:48 -04:00 | probe_ok | probe_v28_dual_lane_snapshot_ledger.py | elapsed_s=0.11
2026-05-09 18:41:48 -04:00 | cycle_done | cycle=1317
2026-05-09 18:42:48 -04:00 | cycle_start | cycle=1318
2026-05-09 18:43:48 -04:00 | probe_timeout | probe_v28_dual_lane_sidecar_safety_watch.py
2026-05-09 18:43:48 -04:00 | probe_ok | probe_v28_dual_lane_live_market_update.py | elapsed_s=0.1
2026-05-09 18:43:48 -04:00 | probe_ok | probe_v28_dual_lane_readiness_checklist.py | elapsed_s=0.07
2026-05-09 18:43:48 -04:00 | probe_ok | probe_v28_dual_lane_snapshot_ledger.py | elapsed_s=0.11
2026-05-09 18:43:48 -04:00 | cycle_done | cycle=1318
2026-05-09 18:44:48 -04:00 | cycle_start | cycle=1319
2026-05-09 18:45:48 -04:00 | probe_timeout | probe_v28_dual_lane_sidecar_safety_watch.py
2026-05-09 18:45:48 -04:00 | probe_ok | probe_v28_dual_lane_live_market_update.py | elapsed_s=0.09
2026-05-09 18:45:48 -04:00 | probe_ok | probe_v28_dual_lane_readiness_checklist.py | elapsed_s=0.09
2026-05-09 18:45:48 -04:00 | probe_ok | probe_v28_dual_lane_snapshot_ledger.py | elapsed_s=0.12
2026-05-09 18:45:48 -04:00 | cycle_done | cycle=1319
2026-05-09 18:46:48 -04:00 | cycle_start | cycle=1320
2026-05-09 18:47:49 -04:00 | probe_timeout | probe_v28_dual_lane_sidecar_safety_watch.py
2026-05-09 18:47:49 -04:00 | probe_ok | probe_v28_dual_lane_live_market_update.py | elapsed_s=0.07
2026-05-09 18:47:49 -04:00 | probe_ok | probe_v28_dual_lane_readiness_checklist.py | elapsed_s=0.08
2026-05-09 18:47:49 -04:00 | probe_ok | probe_v28_dual_lane_snapshot_ledger.py | elapsed_s=0.1
2026-05-09 18:47:49 -04:00 | cycle_done | cycle=1320
2026-05-09 18:48:49 -04:00 | cycle_start | cycle=1321
2026-05-09 18:49:49 -04:00 | probe_timeout | probe_v28_dual_lane_sidecar_safety_watch.py
2026-05-09 18:49:49 -04:00 | probe_ok | probe_v28_dual_lane_live_market_update.py | elapsed_s=0.09
2026-05-09 18:49:49 -04:00 | probe_ok | probe_v28_dual_lane_readiness_checklist.py | elapsed_s=0.08
2026-05-09 18:49:49 -04:00 | probe_ok | probe_v28_dual_lane_snapshot_ledger.py | elapsed_s=0.11
2026-05-09 18:49:49 -04:00 | cycle_done | cycle=1321
2026-05-09 18:50:49 -04:00 | cycle_start | cycle=1322
2026-05-09 18:51:49 -04:00 | probe_timeout | probe_v28_dual_lane_sidecar_safety_watch.py
2026-05-09 18:51:49 -04:00 | probe_ok | probe_v28_dual_lane_live_market_update.py | elapsed_s=0.11
2026-05-09 18:51:49 -04:00 | probe_ok | probe_v28_dual_lane_readiness_checklist.py | elapsed_s=0.1
2026-05-09 18:51:49 -04:00 | probe_ok | probe_v28_dual_lane_snapshot_ledger.py | elapsed_s=0.13
2026-05-09 18:51:49 -04:00 | cycle_done | cycle=1322
2026-05-09 18:52:49 -04:00 | cycle_start | cycle=1323
2026-05-09 18:53:49 -04:00 | probe_timeout | probe_v28_dual_lane_sidecar_safety_watch.py
2026-05-09 18:53:50 -04:00 | probe_ok | probe_v28_dual_lane_live_market_update.py | elapsed_s=0.11
2026-05-09 18:53:50 -04:00 | probe_ok | probe_v28_dual_lane_readiness_checklist.py | elapsed_s=0.08
2026-05-09 18:53:50 -04:00 | probe_ok | probe_v28_dual_lane_snapshot_ledger.py | elapsed_s=0.11
2026-05-09 18:53:50 -04:00 | cycle_done | cycle=1323
2026-05-09 18:54:50 -04:00 | cycle_start | cycle=1324
2026-05-09 18:55:50 -04:00 | probe_timeout | probe_v28_dual_lane_sidecar_safety_watch.py
2026-05-09 18:55:50 -04:00 | probe_ok | probe_v28_dual_lane_live_market_update.py | elapsed_s=0.1
2026-05-09 18:55:50 -04:00 | probe_ok | probe_v28_dual_lane_readiness_checklist.py | elapsed_s=0.11
2026-05-09 18:55:50 -04:00 | probe_ok | probe_v28_dual_lane_snapshot_ledger.py | elapsed_s=0.15
2026-05-09 18:55:50 -04:00 | cycle_done | cycle=1324
2026-05-09 18:56:50 -04:00 | cycle_start | cycle=1325
2026-05-09 18:57:50 -04:00 | probe_timeout | probe_v28_dual_lane_sidecar_safety_watch.py
2026-05-09 18:57:50 -04:00 | probe_ok | probe_v28_dual_lane_live_market_update.py | elapsed_s=0.08
2026-05-09 18:57:50 -04:00 | probe_ok | probe_v28_dual_lane_readiness_checklist.py | elapsed_s=0.09
2026-05-09 18:57:51 -04:00 | probe_ok | probe_v28_dual_lane_snapshot_ledger.py | elapsed_s=0.11
2026-05-09 18:57:51 -04:00 | cycle_done | cycle=1325
2026-05-09 18:58:51 -04:00 | cycle_start | cycle=1326
2026-05-09 18:59:51 -04:00 | probe_timeout | probe_v28_dual_lane_sidecar_safety_watch.py
2026-05-09 18:59:51 -04:00 | probe_ok | probe_v28_dual_lane_live_market_update.py | elapsed_s=0.11
2026-05-09 18:59:51 -04:00 | probe_ok | probe_v28_dual_lane_readiness_checklist.py | elapsed_s=0.13
2026-05-09 18:59:51 -04:00 | probe_ok | probe_v28_dual_lane_snapshot_ledger.py | elapsed_s=0.15
2026-05-09 18:59:51 -04:00 | cycle_done | cycle=1326
2026-05-09 19:00:51 -04:00 | cycle_start | cycle=1327
2026-05-09 19:01:51 -04:00 | probe_timeout | probe_v28_dual_lane_sidecar_safety_watch.py
2026-05-09 19:01:51 -04:00 | probe_ok | probe_v28_dual_lane_live_market_update.py | elapsed_s=0.09
2026-05-09 19:01:51 -04:00 | probe_ok | probe_v28_dual_lane_readiness_checklist.py | elapsed_s=0.1
2026-05-09 19:01:51 -04:00 | probe_ok | probe_v28_dual_lane_snapshot_ledger.py | elapsed_s=0.12
2026-05-09 19:01:51 -04:00 | cycle_done | cycle=1327
2026-05-09 19:02:51 -04:00 | cycle_start | cycle=1328
2026-05-09 19:03:51 -04:00 | probe_timeout | probe_v28_dual_lane_sidecar_safety_watch.py
2026-05-09 19:03:51 -04:00 | probe_ok | probe_v28_dual_lane_live_market_update.py | elapsed_s=0.09
2026-05-09 19:03:52 -04:00 | probe_ok | probe_v28_dual_lane_readiness_checklist.py | elapsed_s=0.09
2026-05-09 19:03:52 -04:00 | probe_ok | probe_v28_dual_lane_snapshot_ledger.py | elapsed_s=0.1
2026-05-09 19:03:52 -04:00 | cycle_done | cycle=1328
2026-05-09 19:04:52 -04:00 | cycle_start | cycle=1329
2026-05-09 19:05:52 -04:00 | probe_timeout | probe_v28_dual_lane_sidecar_safety_watch.py
2026-05-09 19:05:52 -04:00 | probe_ok | probe_v28_dual_lane_live_market_update.py | elapsed_s=0.09
2026-05-09 19:05:52 -04:00 | probe_ok | probe_v28_dual_lane_readiness_checklist.py | elapsed_s=0.08
2026-05-09 19:05:52 -04:00 | probe_ok | probe_v28_dual_lane_snapshot_ledger.py | elapsed_s=0.11
2026-05-09 19:05:52 -04:00 | cycle_done | cycle=1329
2026-05-09 19:06:52 -04:00 | cycle_start | cycle=1330
2026-05-09 19:07:52 -04:00 | probe_timeout | probe_v28_dual_lane_sidecar_safety_watch.py
2026-05-09 19:07:52 -04:00 | probe_ok | probe_v28_dual_lane_live_market_update.py | elapsed_s=0.07
2026-05-09 19:07:52 -04:00 | probe_ok | probe_v28_dual_lane_readiness_checklist.py | elapsed_s=0.08
2026-05-09 19:07:52 -04:00 | probe_ok | probe_v28_dual_lane_snapshot_ledger.py | elapsed_s=0.1
2026-05-09 19:07:52 -04:00 | cycle_done | cycle=1330
2026-05-09 19:08:52 -04:00 | cycle_start | cycle=1331
2026-05-09 19:09:52 -04:00 | probe_timeout | probe_v28_dual_lane_sidecar_safety_watch.py
2026-05-09 19:09:52 -04:00 | probe_ok | probe_v28_dual_lane_live_market_update.py | elapsed_s=0.07
2026-05-09 19:09:52 -04:00 | probe_ok | probe_v28_dual_lane_readiness_checklist.py | elapsed_s=0.07
2026-05-09 19:09:52 -04:00 | probe_ok | probe_v28_dual_lane_snapshot_ledger.py | elapsed_s=0.1
2026-05-09 19:09:53 -04:00 | cycle_done | cycle=1331
2026-05-09 19:10:53 -04:00 | cycle_start | cycle=1332
2026-05-09 19:11:53 -04:00 | probe_timeout | probe_v28_dual_lane_sidecar_safety_watch.py
2026-05-09 19:11:53 -04:00 | probe_ok | probe_v28_dual_lane_live_market_update.py | elapsed_s=0.08
2026-05-09 19:11:53 -04:00 | probe_ok | probe_v28_dual_lane_readiness_checklist.py | elapsed_s=0.09
2026-05-09 19:11:53 -04:00 | probe_ok | probe_v28_dual_lane_snapshot_ledger.py | elapsed_s=0.11
2026-05-09 19:11:53 -04:00 | cycle_done | cycle=1332
2026-05-09 19:12:53 -04:00 | cycle_start | cycle=1333
2026-05-09 19:13:53 -04:00 | probe_timeout | probe_v28_dual_lane_sidecar_safety_watch.py
2026-05-09 19:13:53 -04:00 | probe_ok | probe_v28_dual_lane_live_market_update.py | elapsed_s=0.07
2026-05-09 19:13:53 -04:00 | probe_ok | probe_v28_dual_lane_readiness_checklist.py | elapsed_s=0.08
2026-05-09 19:13:53 -04:00 | probe_ok | probe_v28_dual_lane_snapshot_ledger.py | elapsed_s=0.1
2026-05-09 19:13:53 -04:00 | cycle_done | cycle=1333
2026-05-09 19:14:53 -04:00 | cycle_start | cycle=1334
2026-05-09 19:15:53 -04:00 | probe_timeout | probe_v28_dual_lane_sidecar_safety_watch.py
2026-05-09 19:15:53 -04:00 | probe_ok | probe_v28_dual_lane_live_market_update.py | elapsed_s=0.12
2026-05-09 19:15:53 -04:00 | probe_ok | probe_v28_dual_lane_readiness_checklist.py | elapsed_s=0.08
2026-05-09 19:15:53 -04:00 | probe_ok | probe_v28_dual_lane_snapshot_ledger.py | elapsed_s=0.12
2026-05-09 19:15:53 -04:00 | cycle_done | cycle=1334
2026-05-09 19:16:53 -04:00 | cycle_start | cycle=1335
2026-05-09 19:17:53 -04:00 | probe_timeout | probe_v28_dual_lane_sidecar_safety_watch.py
2026-05-09 19:17:54 -04:00 | probe_ok | probe_v28_dual_lane_live_market_update.py | elapsed_s=0.09
2026-05-09 19:17:54 -04:00 | probe_ok | probe_v28_dual_lane_readiness_checklist.py | elapsed_s=0.08
2026-05-09 19:17:54 -04:00 | probe_ok | probe_v28_dual_lane_snapshot_ledger.py | elapsed_s=0.1
2026-05-09 19:17:54 -04:00 | cycle_done | cycle=1335
2026-05-09 19:18:54 -04:00 | cycle_start | cycle=1336
2026-05-09 19:19:54 -04:00 | probe_timeout | probe_v28_dual_lane_sidecar_safety_watch.py
2026-05-09 19:19:54 -04:00 | probe_ok | probe_v28_dual_lane_live_market_update.py | elapsed_s=0.08
2026-05-09 19:19:54 -04:00 | probe_ok | probe_v28_dual_lane_readiness_checklist.py | elapsed_s=0.09
2026-05-09 19:19:54 -04:00 | probe_ok | probe_v28_dual_lane_snapshot_ledger.py | elapsed_s=0.11
2026-05-09 19:19:54 -04:00 | cycle_done | cycle=1336
2026-05-09 19:20:54 -04:00 | cycle_start | cycle=1337
2026-05-09 19:21:54 -04:00 | probe_timeout | probe_v28_dual_lane_sidecar_safety_watch.py
2026-05-09 19:21:54 -04:00 | probe_ok | probe_v28_dual_lane_live_market_update.py | elapsed_s=0.09
2026-05-09 19:21:54 -04:00 | probe_ok | probe_v28_dual_lane_readiness_checklist.py | elapsed_s=0.09
2026-05-09 19:21:54 -04:00 | probe_ok | probe_v28_dual_lane_snapshot_ledger.py | elapsed_s=0.1
2026-05-09 19:21:54 -04:00 | cycle_done | cycle=1337
2026-05-09 19:22:54 -04:00 | cycle_start | cycle=1338
2026-05-09 19:23:54 -04:00 | probe_timeout | probe_v28_dual_lane_sidecar_safety_watch.py
2026-05-09 19:23:54 -04:00 | probe_ok | probe_v28_dual_lane_live_market_update.py | elapsed_s=0.07
2026-05-09 19:23:55 -04:00 | probe_ok | probe_v28_dual_lane_readiness_checklist.py | elapsed_s=0.08
2026-05-09 19:23:55 -04:00 | probe_ok | probe_v28_dual_lane_snapshot_ledger.py | elapsed_s=0.11
2026-05-09 19:23:55 -04:00 | cycle_done | cycle=1338
2026-05-09 19:24:55 -04:00 | cycle_start | cycle=1339
2026-05-09 19:25:55 -04:00 | probe_timeout | probe_v28_dual_lane_sidecar_safety_watch.py
2026-05-09 19:25:55 -04:00 | probe_ok | probe_v28_dual_lane_live_market_update.py | elapsed_s=0.1
2026-05-09 19:25:55 -04:00 | probe_ok | probe_v28_dual_lane_readiness_checklist.py | elapsed_s=0.09
2026-05-09 19:25:55 -04:00 | probe_ok | probe_v28_dual_lane_snapshot_ledger.py | elapsed_s=0.13
2026-05-09 19:25:55 -04:00 | cycle_done | cycle=1339
2026-05-09 19:26:55 -04:00 | cycle_start | cycle=1340
2026-05-09 19:27:55 -04:00 | probe_timeout | probe_v28_dual_lane_sidecar_safety_watch.py
2026-05-09 19:27:55 -04:00 | probe_ok | probe_v28_dual_lane_live_market_update.py | elapsed_s=0.13
2026-05-09 19:27:55 -04:00 | probe_ok | probe_v28_dual_lane_readiness_checklist.py | elapsed_s=0.11
2026-05-09 19:27:55 -04:00 | probe_ok | probe_v28_dual_lane_snapshot_ledger.py | elapsed_s=0.12
2026-05-09 19:27:55 -04:00 | cycle_done | cycle=1340
2026-05-09 19:28:55 -04:00 | cycle_start | cycle=1341
2026-05-09 19:29:55 -04:00 | probe_timeout | probe_v28_dual_lane_sidecar_safety_watch.py
2026-05-09 19:29:56 -04:00 | probe_ok | probe_v28_dual_lane_live_market_update.py | elapsed_s=0.07
2026-05-09 19:29:56 -04:00 | probe_ok | probe_v28_dual_lane_readiness_checklist.py | elapsed_s=0.07
2026-05-09 19:29:56 -04:00 | probe_ok | probe_v28_dual_lane_snapshot_ledger.py | elapsed_s=0.11
2026-05-09 19:29:56 -04:00 | cycle_done | cycle=1341
2026-05-09 19:30:56 -04:00 | cycle_start | cycle=1342
2026-05-09 19:31:56 -04:00 | probe_timeout | probe_v28_dual_lane_sidecar_safety_watch.py
2026-05-09 19:31:56 -04:00 | probe_ok | probe_v28_dual_lane_live_market_update.py | elapsed_s=0.08
2026-05-09 19:31:56 -04:00 | probe_ok | probe_v28_dual_lane_readiness_checklist.py | elapsed_s=0.08
2026-05-09 19:31:56 -04:00 | probe_ok | probe_v28_dual_lane_snapshot_ledger.py | elapsed_s=0.12
2026-05-09 19:31:56 -04:00 | cycle_done | cycle=1342
2026-05-09 19:32:56 -04:00 | cycle_start | cycle=1343
2026-05-09 19:33:56 -04:00 | probe_timeout | probe_v28_dual_lane_sidecar_safety_watch.py
2026-05-09 19:33:56 -04:00 | probe_ok | probe_v28_dual_lane_live_market_update.py | elapsed_s=0.07
2026-05-09 19:33:56 -04:00 | probe_ok | probe_v28_dual_lane_readiness_checklist.py | elapsed_s=0.08
2026-05-09 19:33:56 -04:00 | probe_ok | probe_v28_dual_lane_snapshot_ledger.py | elapsed_s=0.11
2026-05-09 19:33:56 -04:00 | cycle_done | cycle=1343
2026-05-09 19:34:56 -04:00 | cycle_start | cycle=1344
2026-05-09 19:35:56 -04:00 | probe_timeout | probe_v28_dual_lane_sidecar_safety_watch.py
2026-05-09 19:35:56 -04:00 | probe_ok | probe_v28_dual_lane_live_market_update.py | elapsed_s=0.1
2026-05-09 19:35:57 -04:00 | probe_ok | probe_v28_dual_lane_readiness_checklist.py | elapsed_s=0.09
2026-05-09 19:35:57 -04:00 | probe_ok | probe_v28_dual_lane_snapshot_ledger.py | elapsed_s=0.11
2026-05-09 19:35:57 -04:00 | cycle_done | cycle=1344
2026-05-09 19:36:57 -04:00 | cycle_start | cycle=1345
2026-05-09 19:37:57 -04:00 | probe_timeout | probe_v28_dual_lane_sidecar_safety_watch.py
2026-05-09 19:37:57 -04:00 | probe_ok | probe_v28_dual_lane_live_market_update.py | elapsed_s=0.09
2026-05-09 19:37:57 -04:00 | probe_ok | probe_v28_dual_lane_readiness_checklist.py | elapsed_s=0.07
2026-05-09 19:37:57 -04:00 | probe_ok | probe_v28_dual_lane_snapshot_ledger.py | elapsed_s=0.1
2026-05-09 19:37:57 -04:00 | cycle_done | cycle=1345
2026-05-09 19:38:57 -04:00 | cycle_start | cycle=1346
2026-05-09 19:39:57 -04:00 | probe_timeout | probe_v28_dual_lane_sidecar_safety_watch.py
2026-05-09 19:39:57 -04:00 | probe_ok | probe_v28_dual_lane_live_market_update.py | elapsed_s=0.08
2026-05-09 19:39:58 -04:00 | probe_ok | probe_v28_dual_lane_readiness_checklist.py | elapsed_s=0.07
2026-05-09 19:39:58 -04:00 | probe_ok | probe_v28_dual_lane_snapshot_ledger.py | elapsed_s=0.1
2026-05-09 19:39:58 -04:00 | cycle_done | cycle=1346
2026-05-09 19:40:58 -04:00 | cycle_start | cycle=1347
2026-05-09 19:41:58 -04:00 | probe_timeout | probe_v28_dual_lane_sidecar_safety_watch.py
2026-05-09 19:41:58 -04:00 | probe_ok | probe_v28_dual_lane_live_market_update.py | elapsed_s=0.09
2026-05-09 19:41:58 -04:00 | probe_ok | probe_v28_dual_lane_readiness_checklist.py | elapsed_s=0.1
2026-05-09 19:41:58 -04:00 | probe_ok | probe_v28_dual_lane_snapshot_ledger.py | elapsed_s=0.12
2026-05-09 19:41:58 -04:00 | cycle_done | cycle=1347
2026-05-09 19:42:58 -04:00 | cycle_start | cycle=1348
2026-05-09 19:43:58 -04:00 | probe_timeout | probe_v28_dual_lane_sidecar_safety_watch.py
2026-05-09 19:43:58 -04:00 | probe_ok | probe_v28_dual_lane_live_market_update.py | elapsed_s=0.07
2026-05-09 19:43:58 -04:00 | probe_ok | probe_v28_dual_lane_readiness_checklist.py | elapsed_s=0.08
2026-05-09 19:43:58 -04:00 | probe_ok | probe_v28_dual_lane_snapshot_ledger.py | elapsed_s=0.1
2026-05-09 19:43:58 -04:00 | cycle_done | cycle=1348
2026-05-09 19:44:58 -04:00 | cycle_start | cycle=1349
2026-05-09 19:45:58 -04:00 | probe_timeout | probe_v28_dual_lane_sidecar_safety_watch.py
2026-05-09 19:45:58 -04:00 | probe_ok | probe_v28_dual_lane_live_market_update.py | elapsed_s=0.07
2026-05-09 19:45:58 -04:00 | probe_ok | probe_v28_dual_lane_readiness_checklist.py | elapsed_s=0.08
2026-05-09 19:45:59 -04:00 | probe_ok | probe_v28_dual_lane_snapshot_ledger.py | elapsed_s=0.1
2026-05-09 19:45:59 -04:00 | cycle_done | cycle=1349
2026-05-09 19:46:59 -04:00 | cycle_start | cycle=1350
2026-05-09 19:47:59 -04:00 | probe_timeout | probe_v28_dual_lane_sidecar_safety_watch.py
2026-05-09 19:47:59 -04:00 | probe_ok | probe_v28_dual_lane_live_market_update.py | elapsed_s=0.1
2026-05-09 19:47:59 -04:00 | probe_ok | probe_v28_dual_lane_readiness_checklist.py | elapsed_s=0.11
2026-05-09 19:47:59 -04:00 | probe_ok | probe_v28_dual_lane_snapshot_ledger.py | elapsed_s=0.13
2026-05-09 19:47:59 -04:00 | cycle_done | cycle=1350
2026-05-09 19:48:59 -04:00 | cycle_start | cycle=1351
2026-05-09 19:49:59 -04:00 | probe_timeout | probe_v28_dual_lane_sidecar_safety_watch.py
2026-05-09 19:49:59 -04:00 | probe_ok | probe_v28_dual_lane_live_market_update.py | elapsed_s=0.11
2026-05-09 19:49:59 -04:00 | probe_ok | probe_v28_dual_lane_readiness_checklist.py | elapsed_s=0.09
2026-05-09 19:49:59 -04:00 | probe_ok | probe_v28_dual_lane_snapshot_ledger.py | elapsed_s=0.12
2026-05-09 19:49:59 -04:00 | cycle_done | cycle=1351
2026-05-09 19:50:59 -04:00 | cycle_start | cycle=1352
2026-05-09 19:51:59 -04:00 | probe_timeout | probe_v28_dual_lane_sidecar_safety_watch.py
2026-05-09 19:51:59 -04:00 | probe_ok | probe_v28_dual_lane_live_market_update.py | elapsed_s=0.07
2026-05-09 19:51:59 -04:00 | probe_ok | probe_v28_dual_lane_readiness_checklist.py | elapsed_s=0.07
2026-05-09 19:52:00 -04:00 | probe_ok | probe_v28_dual_lane_snapshot_ledger.py | elapsed_s=0.1
2026-05-09 19:52:00 -04:00 | cycle_done | cycle=1352
2026-05-09 19:53:00 -04:00 | cycle_start | cycle=1353
2026-05-09 19:54:00 -04:00 | probe_timeout | probe_v28_dual_lane_sidecar_safety_watch.py
2026-05-09 19:54:00 -04:00 | probe_ok | probe_v28_dual_lane_live_market_update.py | elapsed_s=0.09
2026-05-09 19:54:00 -04:00 | probe_ok | probe_v28_dual_lane_readiness_checklist.py | elapsed_s=0.08
2026-05-09 19:54:00 -04:00 | probe_ok | probe_v28_dual_lane_snapshot_ledger.py | elapsed_s=0.11
2026-05-09 19:54:00 -04:00 | cycle_done | cycle=1353
2026-05-09 19:55:00 -04:00 | cycle_start | cycle=1354
2026-05-09 19:56:00 -04:00 | probe_timeout | probe_v28_dual_lane_sidecar_safety_watch.py
2026-05-09 19:56:00 -04:00 | probe_ok | probe_v28_dual_lane_live_market_update.py | elapsed_s=0.09
2026-05-09 19:56:00 -04:00 | probe_ok | probe_v28_dual_lane_readiness_checklist.py | elapsed_s=0.09
2026-05-09 19:56:00 -04:00 | probe_ok | probe_v28_dual_lane_snapshot_ledger.py | elapsed_s=0.11
2026-05-09 19:56:00 -04:00 | cycle_done | cycle=1354
2026-05-09 19:57:00 -04:00 | cycle_start | cycle=1355
2026-05-09 19:58:00 -04:00 | probe_timeout | probe_v28_dual_lane_sidecar_safety_watch.py
2026-05-09 19:58:00 -04:00 | probe_ok | probe_v28_dual_lane_live_market_update.py | elapsed_s=0.08
2026-05-09 19:58:00 -04:00 | probe_ok | probe_v28_dual_lane_readiness_checklist.py | elapsed_s=0.07
2026-05-09 19:58:00 -04:00 | probe_ok | probe_v28_dual_lane_snapshot_ledger.py | elapsed_s=0.09
2026-05-09 19:58:00 -04:00 | cycle_done | cycle=1355
2026-05-09 19:59:00 -04:00 | cycle_start | cycle=1356
2026-05-09 20:00:00 -04:00 | probe_timeout | probe_v28_dual_lane_sidecar_safety_watch.py
2026-05-09 20:00:01 -04:00 | probe_ok | probe_v28_dual_lane_live_market_update.py | elapsed_s=0.09
2026-05-09 20:00:01 -04:00 | probe_ok | probe_v28_dual_lane_readiness_checklist.py | elapsed_s=0.07
2026-05-09 20:00:01 -04:00 | probe_ok | probe_v28_dual_lane_snapshot_ledger.py | elapsed_s=0.1
2026-05-09 20:00:01 -04:00 | cycle_done | cycle=1356
2026-05-09 20:01:01 -04:00 | cycle_start | cycle=1357
2026-05-09 20:02:01 -04:00 | probe_timeout | probe_v28_dual_lane_sidecar_safety_watch.py
2026-05-09 20:02:01 -04:00 | probe_ok | probe_v28_dual_lane_live_market_update.py | elapsed_s=0.11
2026-05-09 20:02:01 -04:00 | probe_ok | probe_v28_dual_lane_readiness_checklist.py | elapsed_s=0.09
2026-05-09 20:02:01 -04:00 | probe_ok | probe_v28_dual_lane_snapshot_ledger.py | elapsed_s=0.12
2026-05-09 20:02:01 -04:00 | cycle_done | cycle=1357
2026-05-09 20:03:01 -04:00 | cycle_start | cycle=1358
2026-05-09 20:04:01 -04:00 | probe_timeout | probe_v28_dual_lane_sidecar_safety_watch.py
2026-05-09 20:04:01 -04:00 | probe_ok | probe_v28_dual_lane_live_market_update.py | elapsed_s=0.09
2026-05-09 20:04:02 -04:00 | probe_ok | probe_v28_dual_lane_readiness_checklist.py | elapsed_s=0.09
2026-05-09 20:04:02 -04:00 | probe_ok | probe_v28_dual_lane_snapshot_ledger.py | elapsed_s=0.14
2026-05-09 20:04:02 -04:00 | cycle_done | cycle=1358
2026-05-09 20:05:02 -04:00 | cycle_start | cycle=1359
2026-05-09 20:06:02 -04:00 | probe_timeout | probe_v28_dual_lane_sidecar_safety_watch.py
2026-05-09 20:06:02 -04:00 | probe_ok | probe_v28_dual_lane_live_market_update.py | elapsed_s=0.07
2026-05-09 20:06:02 -04:00 | probe_ok | probe_v28_dual_lane_readiness_checklist.py | elapsed_s=0.09
2026-05-09 20:06:02 -04:00 | probe_ok | probe_v28_dual_lane_snapshot_ledger.py | elapsed_s=0.09
2026-05-09 20:06:02 -04:00 | cycle_done | cycle=1359
2026-05-09 20:07:02 -04:00 | cycle_start | cycle=1360
2026-05-09 20:08:02 -04:00 | probe_timeout | probe_v28_dual_lane_sidecar_safety_watch.py
2026-05-09 20:08:02 -04:00 | probe_ok | probe_v28_dual_lane_live_market_update.py | elapsed_s=0.1
2026-05-09 20:08:02 -04:00 | probe_ok | probe_v28_dual_lane_readiness_checklist.py | elapsed_s=0.1
2026-05-09 20:08:02 -04:00 | probe_ok | probe_v28_dual_lane_snapshot_ledger.py | elapsed_s=0.13
2026-05-09 20:08:02 -04:00 | cycle_done | cycle=1360
2026-05-09 20:09:02 -04:00 | cycle_start | cycle=1361
2026-05-09 20:10:02 -04:00 | probe_timeout | probe_v28_dual_lane_sidecar_safety_watch.py
2026-05-09 20:10:03 -04:00 | probe_ok | probe_v28_dual_lane_live_market_update.py | elapsed_s=0.08
2026-05-09 20:10:03 -04:00 | probe_ok | probe_v28_dual_lane_readiness_checklist.py | elapsed_s=0.07
2026-05-09 20:10:03 -04:00 | probe_ok | probe_v28_dual_lane_snapshot_ledger.py | elapsed_s=0.09
2026-05-09 20:10:03 -04:00 | cycle_done | cycle=1361
2026-05-09 20:11:03 -04:00 | cycle_start | cycle=1362
2026-05-09 20:12:03 -04:00 | probe_timeout | probe_v28_dual_lane_sidecar_safety_watch.py
2026-05-09 20:12:03 -04:00 | probe_ok | probe_v28_dual_lane_live_market_update.py | elapsed_s=0.09
2026-05-09 20:12:03 -04:00 | probe_ok | probe_v28_dual_lane_readiness_checklist.py | elapsed_s=0.09
2026-05-09 20:12:03 -04:00 | probe_ok | probe_v28_dual_lane_snapshot_ledger.py | elapsed_s=0.11
2026-05-09 20:12:03 -04:00 | cycle_done | cycle=1362
2026-05-09 20:13:03 -04:00 | cycle_start | cycle=1363
2026-05-09 20:14:03 -04:00 | probe_timeout | probe_v28_dual_lane_sidecar_safety_watch.py
2026-05-09 20:14:03 -04:00 | probe_ok | probe_v28_dual_lane_live_market_update.py | elapsed_s=0.07
2026-05-09 20:14:03 -04:00 | probe_ok | probe_v28_dual_lane_readiness_checklist.py | elapsed_s=0.08
2026-05-09 20:14:03 -04:00 | probe_ok | probe_v28_dual_lane_snapshot_ledger.py | elapsed_s=0.1
2026-05-09 20:14:03 -04:00 | cycle_done | cycle=1363
2026-05-09 20:15:03 -04:00 | cycle_start | cycle=1364
2026-05-09 20:16:03 -04:00 | probe_timeout | probe_v28_dual_lane_sidecar_safety_watch.py
2026-05-09 20:16:03 -04:00 | probe_ok | probe_v28_dual_lane_live_market_update.py | elapsed_s=0.07
2026-05-09 20:16:04 -04:00 | probe_ok | probe_v28_dual_lane_readiness_checklist.py | elapsed_s=0.08
2026-05-09 20:16:04 -04:00 | probe_ok | probe_v28_dual_lane_snapshot_ledger.py | elapsed_s=0.09
2026-05-09 20:16:04 -04:00 | cycle_done | cycle=1364
2026-05-09 20:17:04 -04:00 | cycle_start | cycle=1365
2026-05-09 20:18:04 -04:00 | probe_timeout | probe_v28_dual_lane_sidecar_safety_watch.py
2026-05-09 20:18:04 -04:00 | probe_ok | probe_v28_dual_lane_live_market_update.py | elapsed_s=0.07
2026-05-09 20:18:04 -04:00 | probe_ok | probe_v28_dual_lane_readiness_checklist.py | elapsed_s=0.08
2026-05-09 20:18:04 -04:00 | probe_ok | probe_v28_dual_lane_snapshot_ledger.py | elapsed_s=0.12
2026-05-09 20:18:04 -04:00 | cycle_done | cycle=1365
2026-05-09 20:19:04 -04:00 | cycle_start | cycle=1366
2026-05-09 20:20:04 -04:00 | probe_timeout | probe_v28_dual_lane_sidecar_safety_watch.py
2026-05-09 20:20:04 -04:00 | probe_ok | probe_v28_dual_lane_live_market_update.py | elapsed_s=0.07
2026-05-09 20:20:04 -04:00 | probe_ok | probe_v28_dual_lane_readiness_checklist.py | elapsed_s=0.09
2026-05-09 20:20:04 -04:00 | probe_ok | probe_v28_dual_lane_snapshot_ledger.py | elapsed_s=0.12
2026-05-09 20:20:04 -04:00 | cycle_done | cycle=1366
2026-05-09 20:21:04 -04:00 | cycle_start | cycle=1367
2026-05-09 20:22:04 -04:00 | probe_timeout | probe_v28_dual_lane_sidecar_safety_watch.py
2026-05-09 20:22:04 -04:00 | probe_ok | probe_v28_dual_lane_live_market_update.py | elapsed_s=0.11
2026-05-09 20:22:05 -04:00 | probe_ok | probe_v28_dual_lane_readiness_checklist.py | elapsed_s=0.08
2026-05-09 20:22:05 -04:00 | probe_ok | probe_v28_dual_lane_snapshot_ledger.py | elapsed_s=0.11
2026-05-09 20:22:05 -04:00 | cycle_done | cycle=1367
2026-05-09 20:23:05 -04:00 | cycle_start | cycle=1368
2026-05-09 20:24:05 -04:00 | probe_timeout | probe_v28_dual_lane_sidecar_safety_watch.py
2026-05-09 20:24:05 -04:00 | probe_ok | probe_v28_dual_lane_live_market_update.py | elapsed_s=0.07
2026-05-09 20:24:05 -04:00 | probe_ok | probe_v28_dual_lane_readiness_checklist.py | elapsed_s=0.09
2026-05-09 20:24:05 -04:00 | probe_ok | probe_v28_dual_lane_snapshot_ledger.py | elapsed_s=0.1
2026-05-09 20:24:05 -04:00 | cycle_done | cycle=1368
2026-05-09 20:25:05 -04:00 | cycle_start | cycle=1369
2026-05-09 20:26:05 -04:00 | probe_timeout | probe_v28_dual_lane_sidecar_safety_watch.py
2026-05-09 20:26:05 -04:00 | probe_ok | probe_v28_dual_lane_live_market_update.py | elapsed_s=0.1
2026-05-09 20:26:05 -04:00 | probe_ok | probe_v28_dual_lane_readiness_checklist.py | elapsed_s=0.09
2026-05-09 20:26:05 -04:00 | probe_ok | probe_v28_dual_lane_snapshot_ledger.py | elapsed_s=0.1
2026-05-09 20:26:05 -04:00 | cycle_done | cycle=1369
2026-05-09 20:27:05 -04:00 | cycle_start | cycle=1370
2026-05-09 20:28:05 -04:00 | probe_timeout | probe_v28_dual_lane_sidecar_safety_watch.py
2026-05-09 20:28:05 -04:00 | probe_ok | probe_v28_dual_lane_live_market_update.py | elapsed_s=0.07
2026-05-09 20:28:06 -04:00 | probe_ok | probe_v28_dual_lane_readiness_checklist.py | elapsed_s=0.08
2026-05-09 20:28:06 -04:00 | probe_ok | probe_v28_dual_lane_snapshot_ledger.py | elapsed_s=0.1
2026-05-09 20:28:06 -04:00 | cycle_done | cycle=1370
2026-05-09 20:29:06 -04:00 | cycle_start | cycle=1371
2026-05-09 20:30:06 -04:00 | probe_timeout | probe_v28_dual_lane_sidecar_safety_watch.py
2026-05-09 20:30:06 -04:00 | probe_ok | probe_v28_dual_lane_live_market_update.py | elapsed_s=0.11
2026-05-09 20:30:06 -04:00 | probe_ok | probe_v28_dual_lane_readiness_checklist.py | elapsed_s=0.1
2026-05-09 20:30:06 -04:00 | probe_ok | probe_v28_dual_lane_snapshot_ledger.py | elapsed_s=0.11
2026-05-09 20:30:06 -04:00 | cycle_done | cycle=1371
2026-05-09 20:31:06 -04:00 | cycle_start | cycle=1372
2026-05-09 20:32:06 -04:00 | probe_timeout | probe_v28_dual_lane_sidecar_safety_watch.py
2026-05-09 20:32:06 -04:00 | probe_ok | probe_v28_dual_lane_live_market_update.py | elapsed_s=0.11
2026-05-09 20:32:06 -04:00 | probe_ok | probe_v28_dual_lane_readiness_checklist.py | elapsed_s=0.1
2026-05-09 20:32:06 -04:00 | probe_ok | probe_v28_dual_lane_snapshot_ledger.py | elapsed_s=0.13
2026-05-09 20:32:06 -04:00 | cycle_done | cycle=1372
2026-05-09 20:33:06 -04:00 | cycle_start | cycle=1373
2026-05-09 20:34:06 -04:00 | probe_timeout | probe_v28_dual_lane_sidecar_safety_watch.py
2026-05-09 20:34:06 -04:00 | probe_ok | probe_v28_dual_lane_live_market_update.py | elapsed_s=0.07
2026-05-09 20:34:07 -04:00 | probe_ok | probe_v28_dual_lane_readiness_checklist.py | elapsed_s=0.07
2026-05-09 20:34:07 -04:00 | probe_ok | probe_v28_dual_lane_snapshot_ledger.py | elapsed_s=0.1
2026-05-09 20:34:07 -04:00 | cycle_done | cycle=1373
2026-05-09 20:35:07 -04:00 | cycle_start | cycle=1374
2026-05-09 20:36:07 -04:00 | probe_timeout | probe_v28_dual_lane_sidecar_safety_watch.py
2026-05-09 20:36:07 -04:00 | probe_ok | probe_v28_dual_lane_live_market_update.py | elapsed_s=0.08
2026-05-09 20:36:07 -04:00 | probe_ok | probe_v28_dual_lane_readiness_checklist.py | elapsed_s=0.1
2026-05-09 20:36:07 -04:00 | probe_ok | probe_v28_dual_lane_snapshot_ledger.py | elapsed_s=0.12
2026-05-09 20:36:07 -04:00 | cycle_done | cycle=1374
2026-05-09 20:37:07 -04:00 | cycle_start | cycle=1375
2026-05-09 20:38:07 -04:00 | probe_timeout | probe_v28_dual_lane_sidecar_safety_watch.py
2026-05-09 20:38:07 -04:00 | probe_ok | probe_v28_dual_lane_live_market_update.py | elapsed_s=0.07
2026-05-09 20:38:07 -04:00 | probe_ok | probe_v28_dual_lane_readiness_checklist.py | elapsed_s=0.08
2026-05-09 20:38:07 -04:00 | probe_ok | probe_v28_dual_lane_snapshot_ledger.py | elapsed_s=0.1
2026-05-09 20:38:07 -04:00 | cycle_done | cycle=1375
2026-05-09 20:39:07 -04:00 | cycle_start | cycle=1376
2026-05-09 20:40:07 -04:00 | probe_timeout | probe_v28_dual_lane_sidecar_safety_watch.py
2026-05-09 20:40:07 -04:00 | probe_ok | probe_v28_dual_lane_live_market_update.py | elapsed_s=0.08
2026-05-09 20:40:08 -04:00 | probe_ok | probe_v28_dual_lane_readiness_checklist.py | elapsed_s=0.07
2026-05-09 20:40:08 -04:00 | probe_ok | probe_v28_dual_lane_snapshot_ledger.py | elapsed_s=0.09
2026-05-09 20:40:08 -04:00 | cycle_done | cycle=1376
2026-05-09 20:41:08 -04:00 | cycle_start | cycle=1377
2026-05-09 20:42:08 -04:00 | probe_timeout | probe_v28_dual_lane_sidecar_safety_watch.py
2026-05-09 20:42:08 -04:00 | probe_ok | probe_v28_dual_lane_live_market_update.py | elapsed_s=0.09
2026-05-09 20:42:08 -04:00 | probe_ok | probe_v28_dual_lane_readiness_checklist.py | elapsed_s=0.07
2026-05-09 20:42:08 -04:00 | probe_ok | probe_v28_dual_lane_snapshot_ledger.py | elapsed_s=0.11
2026-05-09 20:42:08 -04:00 | cycle_done | cycle=1377
2026-05-09 20:43:08 -04:00 | cycle_start | cycle=1378
2026-05-09 20:44:08 -04:00 | probe_timeout | probe_v28_dual_lane_sidecar_safety_watch.py
2026-05-09 20:44:08 -04:00 | probe_ok | probe_v28_dual_lane_live_market_update.py | elapsed_s=0.08
2026-05-09 20:44:08 -04:00 | probe_ok | probe_v28_dual_lane_readiness_checklist.py | elapsed_s=0.08
2026-05-09 20:44:08 -04:00 | probe_ok | probe_v28_dual_lane_snapshot_ledger.py | elapsed_s=0.1
2026-05-09 20:44:08 -04:00 | cycle_done | cycle=1378
2026-05-09 20:45:08 -04:00 | cycle_start | cycle=1379
2026-05-09 20:46:08 -04:00 | probe_timeout | probe_v28_dual_lane_sidecar_safety_watch.py
2026-05-09 20:46:08 -04:00 | probe_ok | probe_v28_dual_lane_live_market_update.py | elapsed_s=0.09
2026-05-09 20:46:08 -04:00 | probe_ok | probe_v28_dual_lane_readiness_checklist.py | elapsed_s=0.11
2026-05-09 20:46:09 -04:00 | probe_ok | probe_v28_dual_lane_snapshot_ledger.py | elapsed_s=0.13
2026-05-09 20:46:09 -04:00 | cycle_done | cycle=1379
2026-05-09 20:47:09 -04:00 | cycle_start | cycle=1380
2026-05-09 20:48:09 -04:00 | probe_timeout | probe_v28_dual_lane_sidecar_safety_watch.py
2026-05-09 20:48:09 -04:00 | probe_ok | probe_v28_dual_lane_live_market_update.py | elapsed_s=0.09
2026-05-09 20:48:09 -04:00 | probe_ok | probe_v28_dual_lane_readiness_checklist.py | elapsed_s=0.07
2026-05-09 20:48:09 -04:00 | probe_ok | probe_v28_dual_lane_snapshot_ledger.py | elapsed_s=0.09
2026-05-09 20:48:09 -04:00 | cycle_done | cycle=1380
2026-05-09 20:49:09 -04:00 | cycle_start | cycle=1381
2026-05-09 20:50:09 -04:00 | probe_timeout | probe_v28_dual_lane_sidecar_safety_watch.py
2026-05-09 20:50:09 -04:00 | probe_ok | probe_v28_dual_lane_live_market_update.py | elapsed_s=0.08
2026-05-09 20:50:09 -04:00 | probe_ok | probe_v28_dual_lane_readiness_checklist.py | elapsed_s=0.07
2026-05-09 20:50:09 -04:00 | probe_ok | probe_v28_dual_lane_snapshot_ledger.py | elapsed_s=0.1
2026-05-09 20:50:09 -04:00 | cycle_done | cycle=1381
2026-05-09 20:51:09 -04:00 | cycle_start | cycle=1382
2026-05-09 20:52:09 -04:00 | probe_timeout | probe_v28_dual_lane_sidecar_safety_watch.py
2026-05-09 20:52:09 -04:00 | probe_ok | probe_v28_dual_lane_live_market_update.py | elapsed_s=0.1
2026-05-09 20:52:09 -04:00 | probe_ok | probe_v28_dual_lane_readiness_checklist.py | elapsed_s=0.08
2026-05-09 20:52:10 -04:00 | probe_ok | probe_v28_dual_lane_snapshot_ledger.py | elapsed_s=0.12
2026-05-09 20:52:10 -04:00 | cycle_done | cycle=1382
2026-05-09 20:53:10 -04:00 | cycle_start | cycle=1383
2026-05-09 20:54:10 -04:00 | probe_timeout | probe_v28_dual_lane_sidecar_safety_watch.py
2026-05-09 20:54:10 -04:00 | probe_ok | probe_v28_dual_lane_live_market_update.py | elapsed_s=0.07
2026-05-09 20:54:10 -04:00 | probe_ok | probe_v28_dual_lane_readiness_checklist.py | elapsed_s=0.08
2026-05-09 20:54:10 -04:00 | probe_ok | probe_v28_dual_lane_snapshot_ledger.py | elapsed_s=0.09
2026-05-09 20:54:10 -04:00 | cycle_done | cycle=1383
2026-05-09 20:55:10 -04:00 | cycle_start | cycle=1384
2026-05-09 20:56:10 -04:00 | probe_timeout | probe_v28_dual_lane_sidecar_safety_watch.py
2026-05-09 20:56:10 -04:00 | probe_ok | probe_v28_dual_lane_live_market_update.py | elapsed_s=0.07
2026-05-09 20:56:10 -04:00 | probe_ok | probe_v28_dual_lane_readiness_checklist.py | elapsed_s=0.08
2026-05-09 20:56:10 -04:00 | probe_ok | probe_v28_dual_lane_snapshot_ledger.py | elapsed_s=0.11
2026-05-09 20:56:10 -04:00 | cycle_done | cycle=1384
2026-05-09 20:57:10 -04:00 | cycle_start | cycle=1385
2026-05-09 20:58:10 -04:00 | probe_timeout | probe_v28_dual_lane_sidecar_safety_watch.py
2026-05-09 20:58:10 -04:00 | probe_ok | probe_v28_dual_lane_live_market_update.py | elapsed_s=0.07
2026-05-09 20:58:10 -04:00 | probe_ok | probe_v28_dual_lane_readiness_checklist.py | elapsed_s=0.07
2026-05-09 20:58:10 -04:00 | probe_ok | probe_v28_dual_lane_snapshot_ledger.py | elapsed_s=0.09
2026-05-09 20:58:10 -04:00 | cycle_done | cycle=1385
2026-05-09 20:59:10 -04:00 | cycle_start | cycle=1386
2026-05-09 21:00:10 -04:00 | probe_timeout | probe_v28_dual_lane_sidecar_safety_watch.py
2026-05-09 21:00:11 -04:00 | probe_ok | probe_v28_dual_lane_live_market_update.py | elapsed_s=0.08
2026-05-09 21:00:11 -04:00 | probe_ok | probe_v28_dual_lane_readiness_checklist.py | elapsed_s=0.09
2026-05-09 21:00:11 -04:00 | probe_ok | probe_v28_dual_lane_snapshot_ledger.py | elapsed_s=0.11
2026-05-09 21:00:11 -04:00 | cycle_done | cycle=1386
2026-05-09 21:01:11 -04:00 | cycle_start | cycle=1387
2026-05-09 21:02:11 -04:00 | probe_timeout | probe_v28_dual_lane_sidecar_safety_watch.py
2026-05-09 21:02:11 -04:00 | probe_ok | probe_v28_dual_lane_live_market_update.py | elapsed_s=0.11
2026-05-09 21:02:11 -04:00 | probe_ok | probe_v28_dual_lane_readiness_checklist.py | elapsed_s=0.08
2026-05-09 21:02:11 -04:00 | probe_ok | probe_v28_dual_lane_snapshot_ledger.py | elapsed_s=0.12
2026-05-09 21:02:11 -04:00 | cycle_done | cycle=1387
2026-05-09 21:03:11 -04:00 | cycle_start | cycle=1388
2026-05-09 21:04:11 -04:00 | probe_timeout | probe_v28_dual_lane_sidecar_safety_watch.py
2026-05-09 21:04:11 -04:00 | probe_ok | probe_v28_dual_lane_live_market_update.py | elapsed_s=0.08
2026-05-09 21:04:11 -04:00 | probe_ok | probe_v28_dual_lane_readiness_checklist.py | elapsed_s=0.09
2026-05-09 21:04:11 -04:00 | probe_ok | probe_v28_dual_lane_snapshot_ledger.py | elapsed_s=0.12
2026-05-09 21:04:11 -04:00 | cycle_done | cycle=1388
2026-05-09 21:05:11 -04:00 | cycle_start | cycle=1389
2026-05-09 21:06:11 -04:00 | probe_timeout | probe_v28_dual_lane_sidecar_safety_watch.py
2026-05-09 21:06:12 -04:00 | probe_ok | probe_v28_dual_lane_live_market_update.py | elapsed_s=0.07
2026-05-09 21:06:12 -04:00 | probe_ok | probe_v28_dual_lane_readiness_checklist.py | elapsed_s=0.08
2026-05-09 21:06:12 -04:00 | probe_ok | probe_v28_dual_lane_snapshot_ledger.py | elapsed_s=0.1
2026-05-09 21:06:12 -04:00 | cycle_done | cycle=1389
2026-05-09 21:07:12 -04:00 | cycle_start | cycle=1390
2026-05-09 21:08:12 -04:00 | probe_timeout | probe_v28_dual_lane_sidecar_safety_watch.py
2026-05-09 21:08:12 -04:00 | probe_ok | probe_v28_dual_lane_live_market_update.py | elapsed_s=0.07
2026-05-09 21:08:12 -04:00 | probe_ok | probe_v28_dual_lane_readiness_checklist.py | elapsed_s=0.08
2026-05-09 21:08:12 -04:00 | probe_ok | probe_v28_dual_lane_snapshot_ledger.py | elapsed_s=0.1
2026-05-09 21:08:12 -04:00 | cycle_done | cycle=1390
2026-05-09 21:09:12 -04:00 | cycle_start | cycle=1391
2026-05-09 21:10:12 -04:00 | probe_timeout | probe_v28_dual_lane_sidecar_safety_watch.py
2026-05-09 21:10:12 -04:00 | probe_ok | probe_v28_dual_lane_live_market_update.py | elapsed_s=0.09
2026-05-09 21:10:12 -04:00 | probe_ok | probe_v28_dual_lane_readiness_checklist.py | elapsed_s=0.09
2026-05-09 21:10:12 -04:00 | probe_ok | probe_v28_dual_lane_snapshot_ledger.py | elapsed_s=0.12
2026-05-09 21:10:12 -04:00 | cycle_done | cycle=1391
2026-05-09 21:11:12 -04:00 | cycle_start | cycle=1392
2026-05-09 21:12:12 -04:00 | probe_timeout | probe_v28_dual_lane_sidecar_safety_watch.py
2026-05-09 21:12:13 -04:00 | probe_ok | probe_v28_dual_lane_live_market_update.py | elapsed_s=0.12
2026-05-09 21:12:13 -04:00 | probe_ok | probe_v28_dual_lane_readiness_checklist.py | elapsed_s=0.11
2026-05-09 21:12:13 -04:00 | probe_ok | probe_v28_dual_lane_snapshot_ledger.py | elapsed_s=0.14
2026-05-09 21:12:13 -04:00 | cycle_done | cycle=1392
2026-05-09 21:13:13 -04:00 | cycle_start | cycle=1393
2026-05-09 21:14:13 -04:00 | probe_timeout | probe_v28_dual_lane_sidecar_safety_watch.py
2026-05-09 21:14:13 -04:00 | probe_ok | probe_v28_dual_lane_live_market_update.py | elapsed_s=0.08
2026-05-09 21:14:13 -04:00 | probe_ok | probe_v28_dual_lane_readiness_checklist.py | elapsed_s=0.09
2026-05-09 21:14:13 -04:00 | probe_ok | probe_v28_dual_lane_snapshot_ledger.py | elapsed_s=0.11
2026-05-09 21:14:13 -04:00 | cycle_done | cycle=1393
2026-05-09 21:15:13 -04:00 | cycle_start | cycle=1394
2026-05-09 21:16:13 -04:00 | probe_timeout | probe_v28_dual_lane_sidecar_safety_watch.py
2026-05-09 21:16:13 -04:00 | probe_ok | probe_v28_dual_lane_live_market_update.py | elapsed_s=0.08
2026-05-09 21:16:13 -04:00 | probe_ok | probe_v28_dual_lane_readiness_checklist.py | elapsed_s=0.09
2026-05-09 21:16:13 -04:00 | probe_ok | probe_v28_dual_lane_snapshot_ledger.py | elapsed_s=0.12
2026-05-09 21:16:13 -04:00 | cycle_done | cycle=1394
2026-05-09 21:17:13 -04:00 | cycle_start | cycle=1395
2026-05-09 21:18:14 -04:00 | probe_timeout | probe_v28_dual_lane_sidecar_safety_watch.py
2026-05-09 21:18:14 -04:00 | probe_ok | probe_v28_dual_lane_live_market_update.py | elapsed_s=0.08
2026-05-09 21:18:14 -04:00 | probe_ok | probe_v28_dual_lane_readiness_checklist.py | elapsed_s=0.1
2026-05-09 21:18:14 -04:00 | probe_ok | probe_v28_dual_lane_snapshot_ledger.py | elapsed_s=0.1
2026-05-09 21:18:14 -04:00 | cycle_done | cycle=1395
2026-05-09 21:19:14 -04:00 | cycle_start | cycle=1396
2026-05-09 21:20:14 -04:00 | probe_timeout | probe_v28_dual_lane_sidecar_safety_watch.py
2026-05-09 21:20:14 -04:00 | probe_ok | probe_v28_dual_lane_live_market_update.py | elapsed_s=0.09
2026-05-09 21:20:14 -04:00 | probe_ok | probe_v28_dual_lane_readiness_checklist.py | elapsed_s=0.09
2026-05-09 21:20:14 -04:00 | probe_ok | probe_v28_dual_lane_snapshot_ledger.py | elapsed_s=0.11
2026-05-09 21:20:14 -04:00 | cycle_done | cycle=1396
2026-05-09 21:21:14 -04:00 | cycle_start | cycle=1397
2026-05-09 21:22:14 -04:00 | probe_timeout | probe_v28_dual_lane_sidecar_safety_watch.py
2026-05-09 21:22:14 -04:00 | probe_ok | probe_v28_dual_lane_live_market_update.py | elapsed_s=0.08
2026-05-09 21:22:14 -04:00 | probe_ok | probe_v28_dual_lane_readiness_checklist.py | elapsed_s=0.07
2026-05-09 21:22:14 -04:00 | probe_ok | probe_v28_dual_lane_snapshot_ledger.py | elapsed_s=0.09
2026-05-09 21:22:14 -04:00 | cycle_done | cycle=1397
2026-05-09 21:23:14 -04:00 | cycle_start | cycle=1398
2026-05-09 21:24:15 -04:00 | probe_timeout | probe_v28_dual_lane_sidecar_safety_watch.py
2026-05-09 21:24:15 -04:00 | probe_ok | probe_v28_dual_lane_live_market_update.py | elapsed_s=0.09
2026-05-09 21:24:15 -04:00 | probe_ok | probe_v28_dual_lane_readiness_checklist.py | elapsed_s=0.07
2026-05-09 21:24:15 -04:00 | probe_ok | probe_v28_dual_lane_snapshot_ledger.py | elapsed_s=0.1
2026-05-09 21:24:15 -04:00 | cycle_done | cycle=1398
2026-05-09 21:25:15 -04:00 | cycle_start | cycle=1399
2026-05-09 21:26:15 -04:00 | probe_timeout | probe_v28_dual_lane_sidecar_safety_watch.py
2026-05-09 21:26:15 -04:00 | probe_ok | probe_v28_dual_lane_live_market_update.py | elapsed_s=0.1
2026-05-09 21:26:15 -04:00 | probe_ok | probe_v28_dual_lane_readiness_checklist.py | elapsed_s=0.11
2026-05-09 21:26:16 -04:00 | probe_ok | probe_v28_dual_lane_snapshot_ledger.py | elapsed_s=0.13
2026-05-09 21:26:16 -04:00 | cycle_done | cycle=1399
2026-05-09 21:27:16 -04:00 | cycle_start | cycle=1400
2026-05-09 21:28:16 -04:00 | probe_timeout | probe_v28_dual_lane_sidecar_safety_watch.py
2026-05-09 21:28:16 -04:00 | probe_ok | probe_v28_dual_lane_live_market_update.py | elapsed_s=0.1
2026-05-09 21:28:16 -04:00 | probe_ok | probe_v28_dual_lane_readiness_checklist.py | elapsed_s=0.12
2026-05-09 21:28:16 -04:00 | probe_ok | probe_v28_dual_lane_snapshot_ledger.py | elapsed_s=0.13
2026-05-09 21:28:16 -04:00 | cycle_done | cycle=1400
2026-05-09 21:29:16 -04:00 | cycle_start | cycle=1401
2026-05-09 21:30:16 -04:00 | probe_timeout | probe_v28_dual_lane_sidecar_safety_watch.py
2026-05-09 21:30:16 -04:00 | probe_ok | probe_v28_dual_lane_live_market_update.py | elapsed_s=0.08
2026-05-09 21:30:16 -04:00 | probe_ok | probe_v28_dual_lane_readiness_checklist.py | elapsed_s=0.08
2026-05-09 21:30:16 -04:00 | probe_ok | probe_v28_dual_lane_snapshot_ledger.py | elapsed_s=0.1
2026-05-09 21:30:16 -04:00 | cycle_done | cycle=1401
2026-05-09 21:31:17 -04:00 | cycle_start | cycle=1402
2026-05-09 21:32:17 -04:00 | probe_timeout | probe_v28_dual_lane_sidecar_safety_watch.py
2026-05-09 21:32:17 -04:00 | probe_ok | probe_v28_dual_lane_live_market_update.py | elapsed_s=0.09
2026-05-09 21:32:17 -04:00 | probe_ok | probe_v28_dual_lane_readiness_checklist.py | elapsed_s=0.1
2026-05-09 21:32:17 -04:00 | probe_ok | probe_v28_dual_lane_snapshot_ledger.py | elapsed_s=0.15
2026-05-09 21:32:17 -04:00 | cycle_done | cycle=1402
2026-05-09 21:33:17 -04:00 | cycle_start | cycle=1403
2026-05-09 21:34:17 -04:00 | probe_timeout | probe_v28_dual_lane_sidecar_safety_watch.py
2026-05-09 21:34:17 -04:00 | probe_ok | probe_v28_dual_lane_live_market_update.py | elapsed_s=0.09
2026-05-09 21:34:17 -04:00 | probe_ok | probe_v28_dual_lane_readiness_checklist.py | elapsed_s=0.07
2026-05-09 21:34:17 -04:00 | probe_ok | probe_v28_dual_lane_snapshot_ledger.py | elapsed_s=0.1
2026-05-09 21:34:17 -04:00 | cycle_done | cycle=1403
2026-05-09 21:35:17 -04:00 | cycle_start | cycle=1404
2026-05-09 21:36:17 -04:00 | probe_timeout | probe_v28_dual_lane_sidecar_safety_watch.py
2026-05-09 21:36:17 -04:00 | probe_ok | probe_v28_dual_lane_live_market_update.py | elapsed_s=0.07
2026-05-09 21:36:17 -04:00 | probe_ok | probe_v28_dual_lane_readiness_checklist.py | elapsed_s=0.08
2026-05-09 21:36:18 -04:00 | probe_ok | probe_v28_dual_lane_snapshot_ledger.py | elapsed_s=0.1
2026-05-09 21:36:18 -04:00 | cycle_done | cycle=1404
2026-05-09 21:37:18 -04:00 | cycle_start | cycle=1405
2026-05-09 21:38:18 -04:00 | probe_timeout | probe_v28_dual_lane_sidecar_safety_watch.py
2026-05-09 21:38:18 -04:00 | probe_ok | probe_v28_dual_lane_live_market_update.py | elapsed_s=0.08
2026-05-09 21:38:18 -04:00 | probe_ok | probe_v28_dual_lane_readiness_checklist.py | elapsed_s=0.08
2026-05-09 21:38:18 -04:00 | probe_ok | probe_v28_dual_lane_snapshot_ledger.py | elapsed_s=0.09
2026-05-09 21:38:18 -04:00 | cycle_done | cycle=1405
2026-05-09 21:39:18 -04:00 | cycle_start | cycle=1406
2026-05-09 21:40:18 -04:00 | probe_timeout | probe_v28_dual_lane_sidecar_safety_watch.py
2026-05-09 21:40:18 -04:00 | probe_ok | probe_v28_dual_lane_live_market_update.py | elapsed_s=0.07
2026-05-09 21:40:18 -04:00 | probe_ok | probe_v28_dual_lane_readiness_checklist.py | elapsed_s=0.08
2026-05-09 21:40:18 -04:00 | probe_ok | probe_v28_dual_lane_snapshot_ledger.py | elapsed_s=0.09
2026-05-09 21:40:18 -04:00 | cycle_done | cycle=1406
2026-05-09 21:41:18 -04:00 | cycle_start | cycle=1407
2026-05-09 21:42:18 -04:00 | probe_timeout | probe_v28_dual_lane_sidecar_safety_watch.py
2026-05-09 21:42:18 -04:00 | probe_ok | probe_v28_dual_lane_live_market_update.py | elapsed_s=0.09
2026-05-09 21:42:18 -04:00 | probe_ok | probe_v28_dual_lane_readiness_checklist.py | elapsed_s=0.11
2026-05-09 21:42:18 -04:00 | probe_ok | probe_v28_dual_lane_snapshot_ledger.py | elapsed_s=0.12
2026-05-09 21:42:18 -04:00 | cycle_done | cycle=1407
2026-05-09 21:43:18 -04:00 | cycle_start | cycle=1408
2026-05-09 21:44:18 -04:00 | probe_timeout | probe_v28_dual_lane_sidecar_safety_watch.py
2026-05-09 21:44:19 -04:00 | probe_ok | probe_v28_dual_lane_live_market_update.py | elapsed_s=0.1
2026-05-09 21:44:19 -04:00 | probe_ok | probe_v28_dual_lane_readiness_checklist.py | elapsed_s=0.09
2026-05-09 21:44:19 -04:00 | probe_ok | probe_v28_dual_lane_snapshot_ledger.py | elapsed_s=0.11
2026-05-09 21:44:19 -04:00 | cycle_done | cycle=1408
2026-05-09 21:45:19 -04:00 | cycle_start | cycle=1409
2026-05-09 21:46:19 -04:00 | probe_timeout | probe_v28_dual_lane_sidecar_safety_watch.py
2026-05-09 21:46:19 -04:00 | probe_ok | probe_v28_dual_lane_live_market_update.py | elapsed_s=0.09
2026-05-09 21:46:19 -04:00 | probe_ok | probe_v28_dual_lane_readiness_checklist.py | elapsed_s=0.09
2026-05-09 21:46:19 -04:00 | probe_ok | probe_v28_dual_lane_snapshot_ledger.py | elapsed_s=0.13
2026-05-09 21:46:19 -04:00 | cycle_done | cycle=1409
2026-05-09 21:47:19 -04:00 | cycle_start | cycle=1410
2026-05-09 21:48:19 -04:00 | probe_timeout | probe_v28_dual_lane_sidecar_safety_watch.py
2026-05-09 21:48:19 -04:00 | probe_ok | probe_v28_dual_lane_live_market_update.py | elapsed_s=0.07
2026-05-09 21:48:19 -04:00 | probe_ok | probe_v28_dual_lane_readiness_checklist.py | elapsed_s=0.08
2026-05-09 21:48:19 -04:00 | probe_ok | probe_v28_dual_lane_snapshot_ledger.py | elapsed_s=0.1
2026-05-09 21:48:19 -04:00 | cycle_done | cycle=1410
2026-05-09 21:49:19 -04:00 | cycle_start | cycle=1411
2026-05-09 21:50:19 -04:00 | probe_timeout | probe_v28_dual_lane_sidecar_safety_watch.py
2026-05-09 21:50:20 -04:00 | probe_ok | probe_v28_dual_lane_live_market_update.py | elapsed_s=0.07
2026-05-09 21:50:20 -04:00 | probe_ok | probe_v28_dual_lane_readiness_checklist.py | elapsed_s=0.08
2026-05-09 21:50:20 -04:00 | probe_ok | probe_v28_dual_lane_snapshot_ledger.py | elapsed_s=0.09
2026-05-09 21:50:20 -04:00 | cycle_done | cycle=1411
2026-05-09 21:51:20 -04:00 | cycle_start | cycle=1412
2026-05-09 21:52:20 -04:00 | probe_timeout | probe_v28_dual_lane_sidecar_safety_watch.py
2026-05-09 21:52:20 -04:00 | probe_ok | probe_v28_dual_lane_live_market_update.py | elapsed_s=0.09
2026-05-09 21:52:20 -04:00 | probe_ok | probe_v28_dual_lane_readiness_checklist.py | elapsed_s=0.1
2026-05-09 21:52:20 -04:00 | probe_ok | probe_v28_dual_lane_snapshot_ledger.py | elapsed_s=0.3
2026-05-09 21:52:20 -04:00 | cycle_done | cycle=1412
2026-05-09 21:53:20 -04:00 | cycle_start | cycle=1413
2026-05-09 21:54:20 -04:00 | probe_timeout | probe_v28_dual_lane_sidecar_safety_watch.py
2026-05-09 21:54:20 -04:00 | probe_ok | probe_v28_dual_lane_live_market_update.py | elapsed_s=0.08
2026-05-09 21:54:20 -04:00 | probe_ok | probe_v28_dual_lane_readiness_checklist.py | elapsed_s=0.07
2026-05-09 21:54:21 -04:00 | probe_ok | probe_v28_dual_lane_snapshot_ledger.py | elapsed_s=0.11
2026-05-09 21:54:21 -04:00 | cycle_done | cycle=1413
2026-05-09 21:55:21 -04:00 | cycle_start | cycle=1414
2026-05-09 21:56:21 -04:00 | probe_timeout | probe_v28_dual_lane_sidecar_safety_watch.py
2026-05-09 21:56:21 -04:00 | probe_ok | probe_v28_dual_lane_live_market_update.py | elapsed_s=0.08
2026-05-09 21:56:21 -04:00 | probe_ok | probe_v28_dual_lane_readiness_checklist.py | elapsed_s=0.09
2026-05-09 21:56:21 -04:00 | probe_ok | probe_v28_dual_lane_snapshot_ledger.py | elapsed_s=0.12
2026-05-09 21:56:21 -04:00 | cycle_done | cycle=1414
2026-05-09 21:57:21 -04:00 | cycle_start | cycle=1415
2026-05-09 21:58:21 -04:00 | probe_timeout | probe_v28_dual_lane_sidecar_safety_watch.py
2026-05-09 21:58:21 -04:00 | probe_ok | probe_v28_dual_lane_live_market_update.py | elapsed_s=0.08
2026-05-09 21:58:21 -04:00 | probe_ok | probe_v28_dual_lane_readiness_checklist.py | elapsed_s=0.09
2026-05-09 21:58:21 -04:00 | probe_ok | probe_v28_dual_lane_snapshot_ledger.py | elapsed_s=0.1
2026-05-09 21:58:21 -04:00 | cycle_done | cycle=1415
2026-05-09 21:59:21 -04:00 | cycle_start | cycle=1416
2026-05-09 22:00:21 -04:00 | probe_timeout | probe_v28_dual_lane_sidecar_safety_watch.py
2026-05-09 22:00:21 -04:00 | probe_ok | probe_v28_dual_lane_live_market_update.py | elapsed_s=0.07
2026-05-09 22:00:21 -04:00 | probe_ok | probe_v28_dual_lane_readiness_checklist.py | elapsed_s=0.07
2026-05-09 22:00:21 -04:00 | probe_ok | probe_v28_dual_lane_snapshot_ledger.py | elapsed_s=0.1
2026-05-09 22:00:21 -04:00 | cycle_done | cycle=1416
2026-05-09 22:01:21 -04:00 | cycle_start | cycle=1417
2026-05-09 22:02:21 -04:00 | probe_timeout | probe_v28_dual_lane_sidecar_safety_watch.py
2026-05-09 22:02:22 -04:00 | probe_ok | probe_v28_dual_lane_live_market_update.py | elapsed_s=0.07
2026-05-09 22:02:22 -04:00 | probe_ok | probe_v28_dual_lane_readiness_checklist.py | elapsed_s=0.07
2026-05-09 22:02:22 -04:00 | probe_ok | probe_v28_dual_lane_snapshot_ledger.py | elapsed_s=0.12
2026-05-09 22:02:22 -04:00 | cycle_done | cycle=1417
2026-05-09 22:03:22 -04:00 | cycle_start | cycle=1418
2026-05-09 22:04:22 -04:00 | probe_timeout | probe_v28_dual_lane_sidecar_safety_watch.py
2026-05-09 22:04:22 -04:00 | probe_ok | probe_v28_dual_lane_live_market_update.py | elapsed_s=0.08
2026-05-09 22:04:22 -04:00 | probe_ok | probe_v28_dual_lane_readiness_checklist.py | elapsed_s=0.07
2026-05-09 22:04:22 -04:00 | probe_ok | probe_v28_dual_lane_snapshot_ledger.py | elapsed_s=0.1
2026-05-09 22:04:22 -04:00 | cycle_done | cycle=1418
2026-05-09 22:05:22 -04:00 | cycle_start | cycle=1419
2026-05-09 22:06:22 -04:00 | probe_timeout | probe_v28_dual_lane_sidecar_safety_watch.py
2026-05-09 22:06:22 -04:00 | probe_ok | probe_v28_dual_lane_live_market_update.py | elapsed_s=0.09
2026-05-09 22:06:22 -04:00 | probe_ok | probe_v28_dual_lane_readiness_checklist.py | elapsed_s=0.09
2026-05-09 22:06:22 -04:00 | probe_ok | probe_v28_dual_lane_snapshot_ledger.py | elapsed_s=0.13
2026-05-09 22:06:22 -04:00 | cycle_done | cycle=1419
2026-05-09 22:07:22 -04:00 | cycle_start | cycle=1420
2026-05-09 22:08:22 -04:00 | probe_timeout | probe_v28_dual_lane_sidecar_safety_watch.py
2026-05-09 22:08:23 -04:00 | probe_ok | probe_v28_dual_lane_live_market_update.py | elapsed_s=0.07
2026-05-09 22:08:23 -04:00 | probe_ok | probe_v28_dual_lane_readiness_checklist.py | elapsed_s=0.07
2026-05-09 22:08:23 -04:00 | probe_ok | probe_v28_dual_lane_snapshot_ledger.py | elapsed_s=0.09
2026-05-09 22:08:23 -04:00 | cycle_done | cycle=1420
2026-05-09 22:09:23 -04:00 | cycle_start | cycle=1421
2026-05-09 22:10:23 -04:00 | probe_timeout | probe_v28_dual_lane_sidecar_safety_watch.py
2026-05-09 22:10:23 -04:00 | probe_ok | probe_v28_dual_lane_live_market_update.py | elapsed_s=0.08
2026-05-09 22:10:23 -04:00 | probe_ok | probe_v28_dual_lane_readiness_checklist.py | elapsed_s=0.14
2026-05-09 22:10:23 -04:00 | probe_ok | probe_v28_dual_lane_snapshot_ledger.py | elapsed_s=0.1
2026-05-09 22:10:23 -04:00 | cycle_done | cycle=1421
2026-05-09 22:11:23 -04:00 | cycle_start | cycle=1422
2026-05-09 22:12:23 -04:00 | probe_timeout | probe_v28_dual_lane_sidecar_safety_watch.py
2026-05-09 22:12:23 -04:00 | probe_ok | probe_v28_dual_lane_live_market_update.py | elapsed_s=0.07
2026-05-09 22:12:23 -04:00 | probe_ok | probe_v28_dual_lane_readiness_checklist.py | elapsed_s=0.08
2026-05-09 22:12:23 -04:00 | probe_ok | probe_v28_dual_lane_snapshot_ledger.py | elapsed_s=0.11
2026-05-09 22:12:23 -04:00 | cycle_done | cycle=1422
2026-05-09 22:13:23 -04:00 | cycle_start | cycle=1423
2026-05-09 22:14:23 -04:00 | probe_timeout | probe_v28_dual_lane_sidecar_safety_watch.py
2026-05-09 22:14:23 -04:00 | probe_ok | probe_v28_dual_lane_live_market_update.py | elapsed_s=0.08
2026-05-09 22:14:24 -04:00 | probe_ok | probe_v28_dual_lane_readiness_checklist.py | elapsed_s=0.07
2026-05-09 22:14:24 -04:00 | probe_ok | probe_v28_dual_lane_snapshot_ledger.py | elapsed_s=0.09
2026-05-09 22:14:24 -04:00 | cycle_done | cycle=1423
2026-05-09 22:15:24 -04:00 | cycle_start | cycle=1424
2026-05-09 22:16:24 -04:00 | probe_timeout | probe_v28_dual_lane_sidecar_safety_watch.py
2026-05-09 22:16:24 -04:00 | probe_ok | probe_v28_dual_lane_live_market_update.py | elapsed_s=0.08
2026-05-09 22:16:24 -04:00 | probe_ok | probe_v28_dual_lane_readiness_checklist.py | elapsed_s=0.08
2026-05-09 22:16:24 -04:00 | probe_ok | probe_v28_dual_lane_snapshot_ledger.py | elapsed_s=0.11
2026-05-09 22:16:24 -04:00 | cycle_done | cycle=1424
2026-05-09 22:17:24 -04:00 | cycle_start | cycle=1425
2026-05-09 22:18:24 -04:00 | probe_timeout | probe_v28_dual_lane_sidecar_safety_watch.py
2026-05-09 22:18:24 -04:00 | probe_ok | probe_v28_dual_lane_live_market_update.py | elapsed_s=0.07
2026-05-09 22:18:24 -04:00 | probe_ok | probe_v28_dual_lane_readiness_checklist.py | elapsed_s=0.07
2026-05-09 22:18:24 -04:00 | probe_ok | probe_v28_dual_lane_snapshot_ledger.py | elapsed_s=0.1
2026-05-09 22:18:24 -04:00 | cycle_done | cycle=1425
2026-05-09 22:19:24 -04:00 | cycle_start | cycle=1426
2026-05-09 22:20:24 -04:00 | probe_timeout | probe_v28_dual_lane_sidecar_safety_watch.py
2026-05-09 22:20:24 -04:00 | probe_ok | probe_v28_dual_lane_live_market_update.py | elapsed_s=0.08
2026-05-09 22:20:24 -04:00 | probe_ok | probe_v28_dual_lane_readiness_checklist.py | elapsed_s=0.09
2026-05-09 22:20:25 -04:00 | probe_ok | probe_v28_dual_lane_snapshot_ledger.py | elapsed_s=0.11
2026-05-09 22:20:25 -04:00 | cycle_done | cycle=1426
2026-05-09 22:21:25 -04:00 | cycle_start | cycle=1427
2026-05-09 22:22:25 -04:00 | probe_timeout | probe_v28_dual_lane_sidecar_safety_watch.py
2026-05-09 22:22:25 -04:00 | probe_ok | probe_v28_dual_lane_live_market_update.py | elapsed_s=0.11
2026-05-09 22:22:25 -04:00 | probe_ok | probe_v28_dual_lane_readiness_checklist.py | elapsed_s=0.12
2026-05-09 22:22:25 -04:00 | probe_ok | probe_v28_dual_lane_snapshot_ledger.py | elapsed_s=0.16
2026-05-09 22:22:25 -04:00 | cycle_done | cycle=1427
2026-05-09 22:23:25 -04:00 | cycle_start | cycle=1428
2026-05-09 22:24:25 -04:00 | probe_timeout | probe_v28_dual_lane_sidecar_safety_watch.py
2026-05-09 22:24:25 -04:00 | probe_ok | probe_v28_dual_lane_live_market_update.py | elapsed_s=0.12
2026-05-09 22:24:25 -04:00 | probe_ok | probe_v28_dual_lane_readiness_checklist.py | elapsed_s=0.09
2026-05-09 22:24:25 -04:00 | probe_ok | probe_v28_dual_lane_snapshot_ledger.py | elapsed_s=0.12
2026-05-09 22:24:25 -04:00 | cycle_done | cycle=1428
2026-05-09 22:25:25 -04:00 | cycle_start | cycle=1429
2026-05-09 22:26:26 -04:00 | probe_timeout | probe_v28_dual_lane_sidecar_safety_watch.py
2026-05-09 22:26:26 -04:00 | probe_ok | probe_v28_dual_lane_live_market_update.py | elapsed_s=0.08
2026-05-09 22:26:26 -04:00 | probe_ok | probe_v28_dual_lane_readiness_checklist.py | elapsed_s=0.09
2026-05-09 22:26:26 -04:00 | probe_ok | probe_v28_dual_lane_snapshot_ledger.py | elapsed_s=0.12
2026-05-09 22:26:26 -04:00 | cycle_done | cycle=1429
2026-05-09 22:27:26 -04:00 | cycle_start | cycle=1430
2026-05-09 22:28:26 -04:00 | probe_timeout | probe_v28_dual_lane_sidecar_safety_watch.py
2026-05-09 22:28:26 -04:00 | probe_ok | probe_v28_dual_lane_live_market_update.py | elapsed_s=0.08
2026-05-09 22:28:26 -04:00 | probe_ok | probe_v28_dual_lane_readiness_checklist.py | elapsed_s=0.08
2026-05-09 22:28:26 -04:00 | probe_ok | probe_v28_dual_lane_snapshot_ledger.py | elapsed_s=0.11
2026-05-09 22:28:26 -04:00 | cycle_done | cycle=1430
2026-05-09 22:29:26 -04:00 | cycle_start | cycle=1431
2026-05-09 22:30:26 -04:00 | probe_timeout | probe_v28_dual_lane_sidecar_safety_watch.py
2026-05-09 22:30:26 -04:00 | probe_ok | probe_v28_dual_lane_live_market_update.py | elapsed_s=0.07
2026-05-09 22:30:26 -04:00 | probe_ok | probe_v28_dual_lane_readiness_checklist.py | elapsed_s=0.08
2026-05-09 22:30:26 -04:00 | probe_ok | probe_v28_dual_lane_snapshot_ledger.py | elapsed_s=0.11
2026-05-09 22:30:26 -04:00 | cycle_done | cycle=1431
2026-05-09 22:31:26 -04:00 | cycle_start | cycle=1432
2026-05-09 22:32:26 -04:00 | probe_timeout | probe_v28_dual_lane_sidecar_safety_watch.py
2026-05-09 22:32:27 -04:00 | probe_ok | probe_v28_dual_lane_live_market_update.py | elapsed_s=0.07
2026-05-09 22:32:27 -04:00 | probe_ok | probe_v28_dual_lane_readiness_checklist.py | elapsed_s=0.07
2026-05-09 22:32:27 -04:00 | probe_ok | probe_v28_dual_lane_snapshot_ledger.py | elapsed_s=0.11
2026-05-09 22:32:27 -04:00 | cycle_done | cycle=1432
2026-05-09 22:33:27 -04:00 | cycle_start | cycle=1433
2026-05-09 22:34:27 -04:00 | probe_timeout | probe_v28_dual_lane_sidecar_safety_watch.py
2026-05-09 22:34:27 -04:00 | probe_ok | probe_v28_dual_lane_live_market_update.py | elapsed_s=0.09
2026-05-09 22:34:27 -04:00 | probe_ok | probe_v28_dual_lane_readiness_checklist.py | elapsed_s=0.08
2026-05-09 22:34:27 -04:00 | probe_ok | probe_v28_dual_lane_snapshot_ledger.py | elapsed_s=0.11
2026-05-09 22:34:27 -04:00 | cycle_done | cycle=1433
2026-05-09 22:35:27 -04:00 | cycle_start | cycle=1434
2026-05-09 22:36:27 -04:00 | probe_timeout | probe_v28_dual_lane_sidecar_safety_watch.py
2026-05-09 22:36:27 -04:00 | probe_ok | probe_v28_dual_lane_live_market_update.py | elapsed_s=0.1
2026-05-09 22:36:27 -04:00 | probe_ok | probe_v28_dual_lane_readiness_checklist.py | elapsed_s=0.1
2026-05-09 22:36:27 -04:00 | probe_ok | probe_v28_dual_lane_snapshot_ledger.py | elapsed_s=0.13
2026-05-09 22:36:27 -04:00 | cycle_done | cycle=1434
2026-05-09 22:37:27 -04:00 | cycle_start | cycle=1435
2026-05-09 22:38:27 -04:00 | probe_timeout | probe_v28_dual_lane_sidecar_safety_watch.py
2026-05-09 22:38:28 -04:00 | probe_ok | probe_v28_dual_lane_live_market_update.py | elapsed_s=0.08
2026-05-09 22:38:28 -04:00 | probe_ok | probe_v28_dual_lane_readiness_checklist.py | elapsed_s=0.09
2026-05-09 22:38:28 -04:00 | probe_ok | probe_v28_dual_lane_snapshot_ledger.py | elapsed_s=0.14
2026-05-09 22:38:28 -04:00 | cycle_done | cycle=1435
2026-05-09 22:39:28 -04:00 | cycle_start | cycle=1436
2026-05-09 22:40:28 -04:00 | probe_timeout | probe_v28_dual_lane_sidecar_safety_watch.py
2026-05-09 22:40:28 -04:00 | probe_ok | probe_v28_dual_lane_live_market_update.py | elapsed_s=0.07
2026-05-09 22:40:28 -04:00 | probe_ok | probe_v28_dual_lane_readiness_checklist.py | elapsed_s=0.08
2026-05-09 22:40:28 -04:00 | probe_ok | probe_v28_dual_lane_snapshot_ledger.py | elapsed_s=0.09
2026-05-09 22:40:28 -04:00 | cycle_done | cycle=1436
2026-05-09 22:41:28 -04:00 | cycle_start | cycle=1437
2026-05-09 22:42:28 -04:00 | probe_timeout | probe_v28_dual_lane_sidecar_safety_watch.py
2026-05-09 22:42:28 -04:00 | probe_ok | probe_v28_dual_lane_live_market_update.py | elapsed_s=0.07
2026-05-09 22:42:28 -04:00 | probe_ok | probe_v28_dual_lane_readiness_checklist.py | elapsed_s=0.08
2026-05-09 22:42:28 -04:00 | probe_ok | probe_v28_dual_lane_snapshot_ledger.py | elapsed_s=0.1
2026-05-09 22:42:28 -04:00 | cycle_done | cycle=1437
2026-05-09 22:43:28 -04:00 | cycle_start | cycle=1438
2026-05-09 22:44:28 -04:00 | probe_timeout | probe_v28_dual_lane_sidecar_safety_watch.py
2026-05-09 22:44:28 -04:00 | probe_ok | probe_v28_dual_lane_live_market_update.py | elapsed_s=0.08
2026-05-09 22:44:29 -04:00 | probe_ok | probe_v28_dual_lane_readiness_checklist.py | elapsed_s=0.08
2026-05-09 22:44:29 -04:00 | probe_ok | probe_v28_dual_lane_snapshot_ledger.py | elapsed_s=0.09
2026-05-09 22:44:29 -04:00 | cycle_done | cycle=1438
2026-05-09 22:45:29 -04:00 | cycle_start | cycle=1439
2026-05-09 22:46:29 -04:00 | probe_timeout | probe_v28_dual_lane_sidecar_safety_watch.py
2026-05-09 22:46:29 -04:00 | probe_ok | probe_v28_dual_lane_live_market_update.py | elapsed_s=0.07
2026-05-09 22:46:29 -04:00 | probe_ok | probe_v28_dual_lane_readiness_checklist.py | elapsed_s=0.07
2026-05-09 22:46:29 -04:00 | probe_ok | probe_v28_dual_lane_snapshot_ledger.py | elapsed_s=0.1
2026-05-09 22:46:29 -04:00 | cycle_done | cycle=1439
2026-05-09 22:47:29 -04:00 | cycle_start | cycle=1440
2026-05-09 22:48:29 -04:00 | probe_timeout | probe_v28_dual_lane_sidecar_safety_watch.py
2026-05-09 22:48:29 -04:00 | probe_ok | probe_v28_dual_lane_live_market_update.py | elapsed_s=0.09
2026-05-09 22:48:29 -04:00 | probe_ok | probe_v28_dual_lane_readiness_checklist.py | elapsed_s=0.08
2026-05-09 22:48:29 -04:00 | probe_ok | probe_v28_dual_lane_snapshot_ledger.py | elapsed_s=0.12
2026-05-09 22:48:29 -04:00 | cycle_done | cycle=1440
2026-05-09 22:49:29 -04:00 | cycle_start | cycle=1441
2026-05-09 22:50:29 -04:00 | probe_timeout | probe_v28_dual_lane_sidecar_safety_watch.py
2026-05-09 22:50:29 -04:00 | probe_ok | probe_v28_dual_lane_live_market_update.py | elapsed_s=0.07
2026-05-09 22:50:29 -04:00 | probe_ok | probe_v28_dual_lane_readiness_checklist.py | elapsed_s=0.08
2026-05-09 22:50:30 -04:00 | probe_ok | probe_v28_dual_lane_snapshot_ledger.py | elapsed_s=0.11
2026-05-09 22:50:30 -04:00 | cycle_done | cycle=1441
2026-05-09 22:51:30 -04:00 | cycle_start | cycle=1442
2026-05-09 22:52:30 -04:00 | probe_timeout | probe_v28_dual_lane_sidecar_safety_watch.py
2026-05-09 22:52:30 -04:00 | probe_ok | probe_v28_dual_lane_live_market_update.py | elapsed_s=0.07
2026-05-09 22:52:30 -04:00 | probe_ok | probe_v28_dual_lane_readiness_checklist.py | elapsed_s=0.08
2026-05-09 22:52:30 -04:00 | probe_ok | probe_v28_dual_lane_snapshot_ledger.py | elapsed_s=0.09
2026-05-09 22:52:30 -04:00 | cycle_done | cycle=1442
2026-05-09 22:53:30 -04:00 | cycle_start | cycle=1443
2026-05-09 22:54:30 -04:00 | probe_timeout | probe_v28_dual_lane_sidecar_safety_watch.py
2026-05-09 22:54:30 -04:00 | probe_ok | probe_v28_dual_lane_live_market_update.py | elapsed_s=0.09
2026-05-09 22:54:30 -04:00 | probe_ok | probe_v28_dual_lane_readiness_checklist.py | elapsed_s=0.07
2026-05-09 22:54:30 -04:00 | probe_ok | probe_v28_dual_lane_snapshot_ledger.py | elapsed_s=0.09
2026-05-09 22:54:30 -04:00 | cycle_done | cycle=1443
2026-05-09 22:55:30 -04:00 | cycle_start | cycle=1444
2026-05-09 22:56:30 -04:00 | probe_timeout | probe_v28_dual_lane_sidecar_safety_watch.py
2026-05-09 22:56:30 -04:00 | probe_ok | probe_v28_dual_lane_live_market_update.py | elapsed_s=0.09
2026-05-09 22:56:30 -04:00 | probe_ok | probe_v28_dual_lane_readiness_checklist.py | elapsed_s=0.1
2026-05-09 22:56:30 -04:00 | probe_ok | probe_v28_dual_lane_snapshot_ledger.py | elapsed_s=0.13
2026-05-09 22:56:30 -04:00 | cycle_done | cycle=1444
2026-05-09 22:57:30 -04:00 | cycle_start | cycle=1445
2026-05-09 22:58:31 -04:00 | probe_timeout | probe_v28_dual_lane_sidecar_safety_watch.py
2026-05-09 22:58:31 -04:00 | probe_ok | probe_v28_dual_lane_live_market_update.py | elapsed_s=0.08
2026-05-09 22:58:31 -04:00 | probe_ok | probe_v28_dual_lane_readiness_checklist.py | elapsed_s=0.09
2026-05-09 22:58:31 -04:00 | probe_ok | probe_v28_dual_lane_snapshot_ledger.py | elapsed_s=0.11
2026-05-09 22:58:31 -04:00 | cycle_done | cycle=1445
2026-05-09 22:59:31 -04:00 | cycle_start | cycle=1446
2026-05-09 23:00:31 -04:00 | probe_timeout | probe_v28_dual_lane_sidecar_safety_watch.py
2026-05-09 23:00:31 -04:00 | probe_ok | probe_v28_dual_lane_live_market_update.py | elapsed_s=0.14
2026-05-09 23:00:31 -04:00 | probe_ok | probe_v28_dual_lane_readiness_checklist.py | elapsed_s=0.14
2026-05-09 23:00:31 -04:00 | probe_ok | probe_v28_dual_lane_snapshot_ledger.py | elapsed_s=0.2
2026-05-09 23:00:31 -04:00 | cycle_done | cycle=1446
2026-05-09 23:01:31 -04:00 | cycle_start | cycle=1447
2026-05-09 23:02:31 -04:00 | probe_timeout | probe_v28_dual_lane_sidecar_safety_watch.py
2026-05-09 23:02:32 -04:00 | probe_ok | probe_v28_dual_lane_live_market_update.py | elapsed_s=0.16
2026-05-09 23:02:32 -04:00 | probe_ok | probe_v28_dual_lane_readiness_checklist.py | elapsed_s=0.16
2026-05-09 23:02:32 -04:00 | probe_ok | probe_v28_dual_lane_snapshot_ledger.py | elapsed_s=0.22
2026-05-09 23:02:32 -04:00 | cycle_done | cycle=1447
2026-05-09 23:03:32 -04:00 | cycle_start | cycle=1448
2026-05-09 23:04:32 -04:00 | probe_timeout | probe_v28_dual_lane_sidecar_safety_watch.py
2026-05-09 23:04:32 -04:00 | probe_ok | probe_v28_dual_lane_live_market_update.py | elapsed_s=0.14
2026-05-09 23:04:32 -04:00 | probe_ok | probe_v28_dual_lane_readiness_checklist.py | elapsed_s=0.13
2026-05-09 23:04:32 -04:00 | probe_ok | probe_v28_dual_lane_snapshot_ledger.py | elapsed_s=0.18
2026-05-09 23:04:32 -04:00 | cycle_done | cycle=1448
2026-05-09 23:05:32 -04:00 | cycle_start | cycle=1449
2026-05-09 23:06:32 -04:00 | probe_timeout | probe_v28_dual_lane_sidecar_safety_watch.py
2026-05-09 23:06:33 -04:00 | probe_ok | probe_v28_dual_lane_live_market_update.py | elapsed_s=0.14
2026-05-09 23:06:33 -04:00 | probe_ok | probe_v28_dual_lane_readiness_checklist.py | elapsed_s=0.16
2026-05-09 23:06:33 -04:00 | probe_ok | probe_v28_dual_lane_snapshot_ledger.py | elapsed_s=0.17
2026-05-09 23:06:33 -04:00 | cycle_done | cycle=1449
2026-05-09 23:07:33 -04:00 | cycle_start | cycle=1450
2026-05-09 23:08:33 -04:00 | probe_timeout | probe_v28_dual_lane_sidecar_safety_watch.py
2026-05-09 23:08:33 -04:00 | probe_ok | probe_v28_dual_lane_live_market_update.py | elapsed_s=0.13
2026-05-09 23:08:33 -04:00 | probe_ok | probe_v28_dual_lane_readiness_checklist.py | elapsed_s=0.13
2026-05-09 23:08:33 -04:00 | probe_ok | probe_v28_dual_lane_snapshot_ledger.py | elapsed_s=0.18
2026-05-09 23:08:33 -04:00 | cycle_done | cycle=1450
2026-05-09 23:09:33 -04:00 | cycle_start | cycle=1451
2026-05-09 23:10:33 -04:00 | probe_timeout | probe_v28_dual_lane_sidecar_safety_watch.py
2026-05-09 23:10:34 -04:00 | probe_ok | probe_v28_dual_lane_live_market_update.py | elapsed_s=0.12
2026-05-09 23:10:34 -04:00 | probe_ok | probe_v28_dual_lane_readiness_checklist.py | elapsed_s=0.13
2026-05-09 23:10:34 -04:00 | probe_ok | probe_v28_dual_lane_snapshot_ledger.py | elapsed_s=0.16
2026-05-09 23:10:34 -04:00 | cycle_done | cycle=1451
2026-05-09 23:11:34 -04:00 | cycle_start | cycle=1452
2026-05-09 23:12:34 -04:00 | probe_timeout | probe_v28_dual_lane_sidecar_safety_watch.py
2026-05-09 23:12:34 -04:00 | probe_ok | probe_v28_dual_lane_live_market_update.py | elapsed_s=0.13
2026-05-09 23:12:34 -04:00 | probe_ok | probe_v28_dual_lane_readiness_checklist.py | elapsed_s=0.13
2026-05-09 23:12:34 -04:00 | probe_ok | probe_v28_dual_lane_snapshot_ledger.py | elapsed_s=0.17
2026-05-09 23:12:34 -04:00 | cycle_done | cycle=1452
2026-05-09 23:13:34 -04:00 | cycle_start | cycle=1453
2026-05-09 23:14:34 -04:00 | probe_timeout | probe_v28_dual_lane_sidecar_safety_watch.py
2026-05-09 23:14:35 -04:00 | probe_ok | probe_v28_dual_lane_live_market_update.py | elapsed_s=0.14
2026-05-09 23:14:35 -04:00 | probe_ok | probe_v28_dual_lane_readiness_checklist.py | elapsed_s=0.13
2026-05-09 23:14:35 -04:00 | probe_ok | probe_v28_dual_lane_snapshot_ledger.py | elapsed_s=0.17
2026-05-09 23:14:35 -04:00 | cycle_done | cycle=1453
2026-05-09 23:15:35 -04:00 | cycle_start | cycle=1454
2026-05-09 23:16:35 -04:00 | probe_timeout | probe_v28_dual_lane_sidecar_safety_watch.py
2026-05-09 23:16:35 -04:00 | probe_ok | probe_v28_dual_lane_live_market_update.py | elapsed_s=0.15
2026-05-09 23:16:35 -04:00 | probe_ok | probe_v28_dual_lane_readiness_checklist.py | elapsed_s=0.14
2026-05-09 23:16:35 -04:00 | probe_ok | probe_v28_dual_lane_snapshot_ledger.py | elapsed_s=0.18
2026-05-09 23:16:35 -04:00 | cycle_done | cycle=1454
2026-05-09 23:17:35 -04:00 | cycle_start | cycle=1455
2026-05-09 23:18:35 -04:00 | probe_timeout | probe_v28_dual_lane_sidecar_safety_watch.py
2026-05-09 23:18:35 -04:00 | probe_ok | probe_v28_dual_lane_live_market_update.py | elapsed_s=0.13
2026-05-09 23:18:36 -04:00 | probe_ok | probe_v28_dual_lane_readiness_checklist.py | elapsed_s=0.15
2026-05-09 23:18:36 -04:00 | probe_ok | probe_v28_dual_lane_snapshot_ledger.py | elapsed_s=0.2
2026-05-09 23:18:36 -04:00 | cycle_done | cycle=1455
2026-05-09 23:19:36 -04:00 | cycle_start | cycle=1456
2026-05-09 23:20:36 -04:00 | probe_timeout | probe_v28_dual_lane_sidecar_safety_watch.py
2026-05-09 23:20:36 -04:00 | probe_ok | probe_v28_dual_lane_live_market_update.py | elapsed_s=0.14
2026-05-09 23:20:36 -04:00 | probe_ok | probe_v28_dual_lane_readiness_checklist.py | elapsed_s=0.17
2026-05-09 23:20:36 -04:00 | probe_ok | probe_v28_dual_lane_snapshot_ledger.py | elapsed_s=0.18
2026-05-09 23:20:36 -04:00 | cycle_done | cycle=1456
2026-05-09 23:21:36 -04:00 | cycle_start | cycle=1457
2026-05-09 23:22:36 -04:00 | probe_timeout | probe_v28_dual_lane_sidecar_safety_watch.py
2026-05-09 23:22:37 -04:00 | probe_ok | probe_v28_dual_lane_live_market_update.py | elapsed_s=0.26
2026-05-09 23:22:37 -04:00 | probe_ok | probe_v28_dual_lane_readiness_checklist.py | elapsed_s=0.17
2026-05-09 23:22:37 -04:00 | probe_ok | probe_v28_dual_lane_snapshot_ledger.py | elapsed_s=0.26
2026-05-09 23:22:37 -04:00 | cycle_done | cycle=1457
2026-05-09 23:23:37 -04:00 | cycle_start | cycle=1458
2026-05-09 23:24:37 -04:00 | probe_timeout | probe_v28_dual_lane_sidecar_safety_watch.py
2026-05-09 23:24:37 -04:00 | probe_ok | probe_v28_dual_lane_live_market_update.py | elapsed_s=0.14
2026-05-09 23:24:37 -04:00 | probe_ok | probe_v28_dual_lane_readiness_checklist.py | elapsed_s=0.15
2026-05-09 23:24:38 -04:00 | probe_ok | probe_v28_dual_lane_snapshot_ledger.py | elapsed_s=0.18
2026-05-09 23:24:38 -04:00 | cycle_done | cycle=1458
2026-05-09 23:25:38 -04:00 | cycle_start | cycle=1459
2026-05-09 23:26:38 -04:00 | probe_timeout | probe_v28_dual_lane_sidecar_safety_watch.py
2026-05-09 23:26:38 -04:00 | probe_ok | probe_v28_dual_lane_live_market_update.py | elapsed_s=0.2
2026-05-09 23:26:38 -04:00 | probe_ok | probe_v28_dual_lane_readiness_checklist.py | elapsed_s=0.2
2026-05-09 23:26:38 -04:00 | probe_ok | probe_v28_dual_lane_snapshot_ledger.py | elapsed_s=0.23
2026-05-09 23:26:38 -04:00 | cycle_done | cycle=1459
2026-05-09 23:27:38 -04:00 | cycle_start | cycle=1460
2026-05-09 23:28:38 -04:00 | probe_timeout | probe_v28_dual_lane_sidecar_safety_watch.py
2026-05-09 23:28:39 -04:00 | probe_ok | probe_v28_dual_lane_live_market_update.py | elapsed_s=0.2
2026-05-09 23:28:39 -04:00 | probe_ok | probe_v28_dual_lane_readiness_checklist.py | elapsed_s=0.22
2026-05-09 23:28:39 -04:00 | probe_ok | probe_v28_dual_lane_snapshot_ledger.py | elapsed_s=0.24
2026-05-09 23:28:39 -04:00 | cycle_done | cycle=1460
2026-05-09 23:29:39 -04:00 | cycle_start | cycle=1461
2026-05-09 23:30:39 -04:00 | probe_timeout | probe_v28_dual_lane_sidecar_safety_watch.py
2026-05-09 23:30:39 -04:00 | probe_ok | probe_v28_dual_lane_live_market_update.py | elapsed_s=0.17
2026-05-09 23:30:39 -04:00 | probe_ok | probe_v28_dual_lane_readiness_checklist.py | elapsed_s=0.18
2026-05-09 23:30:40 -04:00 | probe_ok | probe_v28_dual_lane_snapshot_ledger.py | elapsed_s=0.22
2026-05-09 23:30:40 -04:00 | cycle_done | cycle=1461
2026-05-09 23:31:40 -04:00 | cycle_start | cycle=1462
2026-05-09 23:32:40 -04:00 | probe_timeout | probe_v28_dual_lane_sidecar_safety_watch.py
2026-05-09 23:32:40 -04:00 | probe_ok | probe_v28_dual_lane_live_market_update.py | elapsed_s=0.14
2026-05-09 23:32:40 -04:00 | probe_ok | probe_v28_dual_lane_readiness_checklist.py | elapsed_s=0.13
2026-05-09 23:32:40 -04:00 | probe_ok | probe_v28_dual_lane_snapshot_ledger.py | elapsed_s=0.19
2026-05-09 23:32:40 -04:00 | cycle_done | cycle=1462
2026-05-09 23:33:40 -04:00 | cycle_start | cycle=1463
2026-05-09 23:34:40 -04:00 | probe_timeout | probe_v28_dual_lane_sidecar_safety_watch.py
2026-05-09 23:34:40 -04:00 | probe_ok | probe_v28_dual_lane_live_market_update.py | elapsed_s=0.13
2026-05-09 23:34:40 -04:00 | probe_ok | probe_v28_dual_lane_readiness_checklist.py | elapsed_s=0.14
2026-05-09 23:34:41 -04:00 | probe_ok | probe_v28_dual_lane_snapshot_ledger.py | elapsed_s=0.17
2026-05-09 23:34:41 -04:00 | cycle_done | cycle=1463
2026-05-09 23:35:41 -04:00 | cycle_start | cycle=1464
2026-05-09 23:36:41 -04:00 | probe_timeout | probe_v28_dual_lane_sidecar_safety_watch.py
2026-05-09 23:36:41 -04:00 | probe_ok | probe_v28_dual_lane_live_market_update.py | elapsed_s=0.14
2026-05-09 23:36:41 -04:00 | probe_ok | probe_v28_dual_lane_readiness_checklist.py | elapsed_s=0.15
2026-05-09 23:36:41 -04:00 | probe_ok | probe_v28_dual_lane_snapshot_ledger.py | elapsed_s=0.16
2026-05-09 23:36:41 -04:00 | cycle_done | cycle=1464
2026-05-09 23:37:41 -04:00 | cycle_start | cycle=1465
2026-05-09 23:38:41 -04:00 | probe_timeout | probe_v28_dual_lane_sidecar_safety_watch.py
2026-05-09 23:38:41 -04:00 | probe_ok | probe_v28_dual_lane_live_market_update.py | elapsed_s=0.19
2026-05-09 23:38:42 -04:00 | probe_ok | probe_v28_dual_lane_readiness_checklist.py | elapsed_s=0.19
2026-05-09 23:38:42 -04:00 | probe_ok | probe_v28_dual_lane_snapshot_ledger.py | elapsed_s=0.23
2026-05-09 23:38:42 -04:00 | cycle_done | cycle=1465
2026-05-09 23:39:42 -04:00 | cycle_start | cycle=1466
2026-05-09 23:40:42 -04:00 | probe_timeout | probe_v28_dual_lane_sidecar_safety_watch.py
2026-05-09 23:40:42 -04:00 | probe_ok | probe_v28_dual_lane_live_market_update.py | elapsed_s=0.17
2026-05-09 23:40:42 -04:00 | probe_ok | probe_v28_dual_lane_readiness_checklist.py | elapsed_s=0.16
2026-05-09 23:40:42 -04:00 | probe_ok | probe_v28_dual_lane_snapshot_ledger.py | elapsed_s=0.23
2026-05-09 23:40:42 -04:00 | cycle_done | cycle=1466
2026-05-09 23:41:42 -04:00 | cycle_start | cycle=1467
2026-05-09 23:42:42 -04:00 | probe_timeout | probe_v28_dual_lane_sidecar_safety_watch.py
2026-05-09 23:42:43 -04:00 | probe_ok | probe_v28_dual_lane_live_market_update.py | elapsed_s=0.07
2026-05-09 23:42:43 -04:00 | probe_ok | probe_v28_dual_lane_readiness_checklist.py | elapsed_s=0.08
2026-05-09 23:42:43 -04:00 | probe_ok | probe_v28_dual_lane_snapshot_ledger.py | elapsed_s=0.1
2026-05-09 23:42:43 -04:00 | cycle_done | cycle=1467
2026-05-09 23:43:43 -04:00 | cycle_start | cycle=1468
2026-05-09 23:44:43 -04:00 | probe_timeout | probe_v28_dual_lane_sidecar_safety_watch.py
2026-05-09 23:44:43 -04:00 | probe_ok | probe_v28_dual_lane_live_market_update.py | elapsed_s=0.15
2026-05-09 23:44:43 -04:00 | probe_ok | probe_v28_dual_lane_readiness_checklist.py | elapsed_s=0.15
2026-05-09 23:44:43 -04:00 | probe_ok | probe_v28_dual_lane_snapshot_ledger.py | elapsed_s=0.18
2026-05-09 23:44:43 -04:00 | cycle_done | cycle=1468
2026-05-09 23:45:43 -04:00 | cycle_start | cycle=1469
2026-05-09 23:46:43 -04:00 | probe_timeout | probe_v28_dual_lane_sidecar_safety_watch.py
2026-05-09 23:46:43 -04:00 | probe_ok | probe_v28_dual_lane_live_market_update.py | elapsed_s=0.17
2026-05-09 23:46:44 -04:00 | probe_ok | probe_v28_dual_lane_readiness_checklist.py | elapsed_s=0.15
2026-05-09 23:46:44 -04:00 | probe_ok | probe_v28_dual_lane_snapshot_ledger.py | elapsed_s=0.17
2026-05-09 23:46:44 -04:00 | cycle_done | cycle=1469
2026-05-09 23:47:44 -04:00 | cycle_start | cycle=1470
2026-05-09 23:48:44 -04:00 | probe_timeout | probe_v28_dual_lane_sidecar_safety_watch.py
2026-05-09 23:48:44 -04:00 | probe_ok | probe_v28_dual_lane_live_market_update.py | elapsed_s=0.15
2026-05-09 23:48:44 -04:00 | probe_ok | probe_v28_dual_lane_readiness_checklist.py | elapsed_s=0.13
2026-05-09 23:48:44 -04:00 | probe_ok | probe_v28_dual_lane_snapshot_ledger.py | elapsed_s=0.2
2026-05-09 23:48:44 -04:00 | cycle_done | cycle=1470
2026-05-09 23:49:44 -04:00 | cycle_start | cycle=1471
2026-05-09 23:50:44 -04:00 | probe_timeout | probe_v28_dual_lane_sidecar_safety_watch.py
2026-05-09 23:50:44 -04:00 | probe_ok | probe_v28_dual_lane_live_market_update.py | elapsed_s=0.13
2026-05-09 23:50:45 -04:00 | probe_ok | probe_v28_dual_lane_readiness_checklist.py | elapsed_s=0.14
2026-05-09 23:50:45 -04:00 | probe_ok | probe_v28_dual_lane_snapshot_ledger.py | elapsed_s=0.18
2026-05-09 23:50:45 -04:00 | cycle_done | cycle=1471
2026-05-09 23:51:45 -04:00 | cycle_start | cycle=1472
2026-05-09 23:52:45 -04:00 | probe_timeout | probe_v28_dual_lane_sidecar_safety_watch.py
2026-05-09 23:52:45 -04:00 | probe_ok | probe_v28_dual_lane_live_market_update.py | elapsed_s=0.18
2026-05-09 23:52:45 -04:00 | probe_ok | probe_v28_dual_lane_readiness_checklist.py | elapsed_s=0.19
2026-05-09 23:52:45 -04:00 | probe_ok | probe_v28_dual_lane_snapshot_ledger.py | elapsed_s=0.21
2026-05-09 23:52:45 -04:00 | cycle_done | cycle=1472
2026-05-09 23:53:45 -04:00 | cycle_start | cycle=1473
2026-05-09 23:54:45 -04:00 | probe_timeout | probe_v28_dual_lane_sidecar_safety_watch.py
2026-05-09 23:54:46 -04:00 | probe_ok | probe_v28_dual_lane_live_market_update.py | elapsed_s=0.16
2026-05-09 23:54:46 -04:00 | probe_ok | probe_v28_dual_lane_readiness_checklist.py | elapsed_s=0.17
2026-05-09 23:54:46 -04:00 | probe_ok | probe_v28_dual_lane_snapshot_ledger.py | elapsed_s=0.25
2026-05-09 23:54:46 -04:00 | cycle_done | cycle=1473
2026-05-09 23:55:46 -04:00 | cycle_start | cycle=1474
2026-05-09 23:56:46 -04:00 | probe_timeout | probe_v28_dual_lane_sidecar_safety_watch.py
2026-05-09 23:56:46 -04:00 | probe_ok | probe_v28_dual_lane_live_market_update.py | elapsed_s=0.22
2026-05-09 23:56:46 -04:00 | probe_ok | probe_v28_dual_lane_readiness_checklist.py | elapsed_s=0.2
2026-05-09 23:56:47 -04:00 | probe_ok | probe_v28_dual_lane_snapshot_ledger.py | elapsed_s=0.22
2026-05-09 23:56:47 -04:00 | cycle_done | cycle=1474
2026-05-09 23:57:47 -04:00 | cycle_start | cycle=1475
2026-05-09 23:58:47 -04:00 | probe_timeout | probe_v28_dual_lane_sidecar_safety_watch.py
2026-05-09 23:58:47 -04:00 | probe_ok | probe_v28_dual_lane_live_market_update.py | elapsed_s=0.13
2026-05-09 23:58:47 -04:00 | probe_ok | probe_v28_dual_lane_readiness_checklist.py | elapsed_s=0.14
2026-05-09 23:58:47 -04:00 | probe_ok | probe_v28_dual_lane_snapshot_ledger.py | elapsed_s=0.18
2026-05-09 23:58:47 -04:00 | cycle_done | cycle=1475
2026-05-09 23:59:47 -04:00 | cycle_start | cycle=1476
2026-05-10 00:00:47 -04:00 | probe_timeout | probe_v28_dual_lane_sidecar_safety_watch.py
2026-05-10 00:00:47 -04:00 | probe_ok | probe_v28_dual_lane_live_market_update.py | elapsed_s=0.15
2026-05-10 00:00:48 -04:00 | probe_ok | probe_v28_dual_lane_readiness_checklist.py | elapsed_s=0.13
2026-05-10 00:00:48 -04:00 | probe_ok | probe_v28_dual_lane_snapshot_ledger.py | elapsed_s=0.17
2026-05-10 00:00:48 -04:00 | cycle_done | cycle=1476
2026-05-10 00:01:48 -04:00 | cycle_start | cycle=1477
2026-05-10 00:02:48 -04:00 | probe_timeout | probe_v28_dual_lane_sidecar_safety_watch.py
2026-05-10 00:02:48 -04:00 | probe_ok | probe_v28_dual_lane_live_market_update.py | elapsed_s=0.22
2026-05-10 00:02:48 -04:00 | probe_ok | probe_v28_dual_lane_readiness_checklist.py | elapsed_s=0.2
2026-05-10 00:02:48 -04:00 | probe_ok | probe_v28_dual_lane_snapshot_ledger.py | elapsed_s=0.25
2026-05-10 00:02:48 -04:00 | cycle_done | cycle=1477
2026-05-10 00:03:48 -04:00 | cycle_start | cycle=1478
2026-05-10 00:04:48 -04:00 | probe_timeout | probe_v28_dual_lane_sidecar_safety_watch.py
2026-05-10 00:04:49 -04:00 | probe_ok | probe_v28_dual_lane_live_market_update.py | elapsed_s=0.19
2026-05-10 00:04:49 -04:00 | probe_ok | probe_v28_dual_lane_readiness_checklist.py | elapsed_s=0.2
2026-05-10 00:04:49 -04:00 | probe_ok | probe_v28_dual_lane_snapshot_ledger.py | elapsed_s=0.23
2026-05-10 00:04:49 -04:00 | cycle_done | cycle=1478
2026-05-10 00:05:49 -04:00 | cycle_start | cycle=1479
2026-05-10 00:06:49 -04:00 | probe_timeout | probe_v28_dual_lane_sidecar_safety_watch.py
2026-05-10 00:06:49 -04:00 | probe_ok | probe_v28_dual_lane_live_market_update.py | elapsed_s=0.22
2026-05-10 00:06:50 -04:00 | probe_ok | probe_v28_dual_lane_readiness_checklist.py | elapsed_s=0.18
2026-05-10 00:06:50 -04:00 | probe_ok | probe_v28_dual_lane_snapshot_ledger.py | elapsed_s=0.22
2026-05-10 00:06:50 -04:00 | cycle_done | cycle=1479
2026-05-10 00:07:50 -04:00 | cycle_start | cycle=1480
2026-05-10 00:08:50 -04:00 | probe_timeout | probe_v28_dual_lane_sidecar_safety_watch.py
2026-05-10 00:08:50 -04:00 | probe_ok | probe_v28_dual_lane_live_market_update.py | elapsed_s=0.16
2026-05-10 00:08:50 -04:00 | probe_ok | probe_v28_dual_lane_readiness_checklist.py | elapsed_s=0.2
2026-05-10 00:08:50 -04:00 | probe_ok | probe_v28_dual_lane_snapshot_ledger.py | elapsed_s=0.22
2026-05-10 00:08:50 -04:00 | cycle_done | cycle=1480
2026-05-10 00:09:50 -04:00 | cycle_start | cycle=1481
2026-05-10 00:10:50 -04:00 | probe_timeout | probe_v28_dual_lane_sidecar_safety_watch.py
2026-05-10 00:10:51 -04:00 | probe_ok | probe_v28_dual_lane_live_market_update.py | elapsed_s=0.19
2026-05-10 00:10:51 -04:00 | probe_ok | probe_v28_dual_lane_readiness_checklist.py | elapsed_s=0.18
2026-05-10 00:10:51 -04:00 | probe_ok | probe_v28_dual_lane_snapshot_ledger.py | elapsed_s=0.23
2026-05-10 00:10:51 -04:00 | cycle_done | cycle=1481
2026-05-10 00:11:51 -04:00 | cycle_start | cycle=1482
2026-05-10 00:12:51 -04:00 | probe_timeout | probe_v28_dual_lane_sidecar_safety_watch.py
2026-05-10 00:12:51 -04:00 | probe_ok | probe_v28_dual_lane_live_market_update.py | elapsed_s=0.18
2026-05-10 00:12:51 -04:00 | probe_ok | probe_v28_dual_lane_readiness_checklist.py | elapsed_s=0.18
2026-05-10 00:12:52 -04:00 | probe_ok | probe_v28_dual_lane_snapshot_ledger.py | elapsed_s=0.24
2026-05-10 00:12:52 -04:00 | cycle_done | cycle=1482
2026-05-10 00:13:52 -04:00 | cycle_start | cycle=1483
2026-05-10 00:14:52 -04:00 | probe_timeout | probe_v28_dual_lane_sidecar_safety_watch.py
2026-05-10 00:14:52 -04:00 | probe_ok | probe_v28_dual_lane_live_market_update.py | elapsed_s=0.15
2026-05-10 00:14:52 -04:00 | probe_ok | probe_v28_dual_lane_readiness_checklist.py | elapsed_s=0.16
2026-05-10 00:14:52 -04:00 | probe_ok | probe_v28_dual_lane_snapshot_ledger.py | elapsed_s=0.17
2026-05-10 00:14:52 -04:00 | cycle_done | cycle=1483
2026-05-10 00:15:52 -04:00 | cycle_start | cycle=1484
2026-05-10 00:16:52 -04:00 | probe_timeout | probe_v28_dual_lane_sidecar_safety_watch.py
2026-05-10 00:16:52 -04:00 | probe_ok | probe_v28_dual_lane_live_market_update.py | elapsed_s=0.15
2026-05-10 00:16:53 -04:00 | probe_ok | probe_v28_dual_lane_readiness_checklist.py | elapsed_s=0.16
2026-05-10 00:16:53 -04:00 | probe_ok | probe_v28_dual_lane_snapshot_ledger.py | elapsed_s=0.21
2026-05-10 00:16:53 -04:00 | cycle_done | cycle=1484
2026-05-10 00:17:53 -04:00 | cycle_start | cycle=1485
2026-05-10 00:18:53 -04:00 | probe_timeout | probe_v28_dual_lane_sidecar_safety_watch.py
2026-05-10 00:18:53 -04:00 | probe_ok | probe_v28_dual_lane_live_market_update.py | elapsed_s=0.15
2026-05-10 00:18:53 -04:00 | probe_ok | probe_v28_dual_lane_readiness_checklist.py | elapsed_s=0.14
2026-05-10 00:18:53 -04:00 | probe_ok | probe_v28_dual_lane_snapshot_ledger.py | elapsed_s=0.22
2026-05-10 00:18:53 -04:00 | cycle_done | cycle=1485
2026-05-10 00:19:53 -04:00 | cycle_start | cycle=1486
2026-05-10 00:20:53 -04:00 | probe_timeout | probe_v28_dual_lane_sidecar_safety_watch.py
2026-05-10 00:20:53 -04:00 | probe_ok | probe_v28_dual_lane_live_market_update.py | elapsed_s=0.15
2026-05-10 00:20:54 -04:00 | probe_ok | probe_v28_dual_lane_readiness_checklist.py | elapsed_s=0.16
2026-05-10 00:20:54 -04:00 | probe_ok | probe_v28_dual_lane_snapshot_ledger.py | elapsed_s=0.18
2026-05-10 00:20:54 -04:00 | cycle_done | cycle=1486
2026-05-10 00:21:54 -04:00 | cycle_start | cycle=1487
2026-05-10 00:22:54 -04:00 | probe_timeout | probe_v28_dual_lane_sidecar_safety_watch.py
2026-05-10 00:22:54 -04:00 | probe_ok | probe_v28_dual_lane_live_market_update.py | elapsed_s=0.14
2026-05-10 00:22:54 -04:00 | probe_ok | probe_v28_dual_lane_readiness_checklist.py | elapsed_s=0.15
2026-05-10 00:22:54 -04:00 | probe_ok | probe_v28_dual_lane_snapshot_ledger.py | elapsed_s=0.18
2026-05-10 00:22:54 -04:00 | cycle_done | cycle=1487
2026-05-10 00:23:54 -04:00 | cycle_start | cycle=1488
2026-05-10 00:24:54 -04:00 | probe_timeout | probe_v28_dual_lane_sidecar_safety_watch.py
2026-05-10 00:24:55 -04:00 | probe_ok | probe_v28_dual_lane_live_market_update.py | elapsed_s=0.15
2026-05-10 00:24:55 -04:00 | probe_ok | probe_v28_dual_lane_readiness_checklist.py | elapsed_s=0.16
2026-05-10 00:24:55 -04:00 | probe_ok | probe_v28_dual_lane_snapshot_ledger.py | elapsed_s=0.19
2026-05-10 00:24:55 -04:00 | cycle_done | cycle=1488
2026-05-10 00:25:55 -04:00 | cycle_start | cycle=1489
2026-05-10 00:26:55 -04:00 | probe_timeout | probe_v28_dual_lane_sidecar_safety_watch.py
2026-05-10 00:26:55 -04:00 | probe_ok | probe_v28_dual_lane_live_market_update.py | elapsed_s=0.17
2026-05-10 00:26:55 -04:00 | probe_ok | probe_v28_dual_lane_readiness_checklist.py | elapsed_s=0.15
2026-05-10 00:26:55 -04:00 | probe_ok | probe_v28_dual_lane_snapshot_ledger.py | elapsed_s=0.18
2026-05-10 00:26:55 -04:00 | cycle_done | cycle=1489
2026-05-10 00:27:55 -04:00 | cycle_start | cycle=1490
2026-05-10 00:28:55 -04:00 | probe_timeout | probe_v28_dual_lane_sidecar_safety_watch.py
2026-05-10 00:28:56 -04:00 | probe_ok | probe_v28_dual_lane_live_market_update.py | elapsed_s=0.17
2026-05-10 00:28:56 -04:00 | probe_ok | probe_v28_dual_lane_readiness_checklist.py | elapsed_s=0.13
2026-05-10 00:28:56 -04:00 | probe_ok | probe_v28_dual_lane_snapshot_ledger.py | elapsed_s=0.17
2026-05-10 00:28:56 -04:00 | cycle_done | cycle=1490
2026-05-10 00:29:56 -04:00 | cycle_start | cycle=1491
2026-05-10 00:30:56 -04:00 | probe_timeout | probe_v28_dual_lane_sidecar_safety_watch.py
2026-05-10 00:30:56 -04:00 | probe_ok | probe_v28_dual_lane_live_market_update.py | elapsed_s=0.14
2026-05-10 00:30:56 -04:00 | probe_ok | probe_v28_dual_lane_readiness_checklist.py | elapsed_s=0.15
2026-05-10 00:30:56 -04:00 | probe_ok | probe_v28_dual_lane_snapshot_ledger.py | elapsed_s=0.18
2026-05-10 00:30:56 -04:00 | cycle_done | cycle=1491
2026-05-10 00:31:56 -04:00 | cycle_start | cycle=1492
2026-05-10 00:32:56 -04:00 | probe_timeout | probe_v28_dual_lane_sidecar_safety_watch.py
2026-05-10 00:32:57 -04:00 | probe_ok | probe_v28_dual_lane_live_market_update.py | elapsed_s=0.15
2026-05-10 00:32:57 -04:00 | probe_ok | probe_v28_dual_lane_readiness_checklist.py | elapsed_s=0.15
2026-05-10 00:32:57 -04:00 | probe_ok | probe_v28_dual_lane_snapshot_ledger.py | elapsed_s=0.21
2026-05-10 00:32:57 -04:00 | cycle_done | cycle=1492
2026-05-10 00:33:57 -04:00 | cycle_start | cycle=1493
2026-05-10 00:34:57 -04:00 | probe_timeout | probe_v28_dual_lane_sidecar_safety_watch.py
2026-05-10 00:34:57 -04:00 | probe_ok | probe_v28_dual_lane_live_market_update.py | elapsed_s=0.16
2026-05-10 00:34:57 -04:00 | probe_ok | probe_v28_dual_lane_readiness_checklist.py | elapsed_s=0.15
2026-05-10 00:34:58 -04:00 | probe_ok | probe_v28_dual_lane_snapshot_ledger.py | elapsed_s=0.17
2026-05-10 00:34:58 -04:00 | cycle_done | cycle=1493
2026-05-10 00:35:58 -04:00 | cycle_start | cycle=1494
2026-05-10 00:36:58 -04:00 | probe_timeout | probe_v28_dual_lane_sidecar_safety_watch.py
2026-05-10 00:36:58 -04:00 | probe_ok | probe_v28_dual_lane_live_market_update.py | elapsed_s=0.14
2026-05-10 00:36:58 -04:00 | probe_ok | probe_v28_dual_lane_readiness_checklist.py | elapsed_s=0.13
2026-05-10 00:36:58 -04:00 | probe_ok | probe_v28_dual_lane_snapshot_ledger.py | elapsed_s=0.17
2026-05-10 00:36:58 -04:00 | cycle_done | cycle=1494
2026-05-10 00:37:58 -04:00 | cycle_start | cycle=1495
2026-05-10 00:38:58 -04:00 | probe_timeout | probe_v28_dual_lane_sidecar_safety_watch.py
2026-05-10 00:38:58 -04:00 | probe_ok | probe_v28_dual_lane_live_market_update.py | elapsed_s=0.16
2026-05-10 00:38:58 -04:00 | probe_ok | probe_v28_dual_lane_readiness_checklist.py | elapsed_s=0.15
2026-05-10 00:38:59 -04:00 | probe_ok | probe_v28_dual_lane_snapshot_ledger.py | elapsed_s=0.2
2026-05-10 00:38:59 -04:00 | cycle_done | cycle=1495
2026-05-10 00:39:59 -04:00 | cycle_start | cycle=1496
2026-05-10 00:40:59 -04:00 | probe_timeout | probe_v28_dual_lane_sidecar_safety_watch.py
2026-05-10 00:40:59 -04:00 | probe_ok | probe_v28_dual_lane_live_market_update.py | elapsed_s=0.12
2026-05-10 00:40:59 -04:00 | probe_ok | probe_v28_dual_lane_readiness_checklist.py | elapsed_s=0.13
2026-05-10 00:40:59 -04:00 | probe_ok | probe_v28_dual_lane_snapshot_ledger.py | elapsed_s=0.17
2026-05-10 00:40:59 -04:00 | cycle_done | cycle=1496
2026-05-10 00:41:59 -04:00 | cycle_start | cycle=1497
2026-05-10 00:42:59 -04:00 | probe_timeout | probe_v28_dual_lane_sidecar_safety_watch.py
2026-05-10 00:42:59 -04:00 | probe_ok | probe_v28_dual_lane_live_market_update.py | elapsed_s=0.14
2026-05-10 00:42:59 -04:00 | probe_ok | probe_v28_dual_lane_readiness_checklist.py | elapsed_s=0.14
2026-05-10 00:43:00 -04:00 | probe_ok | probe_v28_dual_lane_snapshot_ledger.py | elapsed_s=0.17
2026-05-10 00:43:00 -04:00 | cycle_done | cycle=1497
2026-05-10 00:44:00 -04:00 | cycle_start | cycle=1498
2026-05-10 00:45:00 -04:00 | probe_timeout | probe_v28_dual_lane_sidecar_safety_watch.py
2026-05-10 00:45:00 -04:00 | probe_ok | probe_v28_dual_lane_live_market_update.py | elapsed_s=0.18
2026-05-10 00:45:00 -04:00 | probe_ok | probe_v28_dual_lane_readiness_checklist.py | elapsed_s=0.13
2026-05-10 00:45:00 -04:00 | probe_ok | probe_v28_dual_lane_snapshot_ledger.py | elapsed_s=0.18
2026-05-10 00:45:00 -04:00 | cycle_done | cycle=1498
2026-05-10 00:46:00 -04:00 | cycle_start | cycle=1499
2026-05-10 00:47:00 -04:00 | probe_timeout | probe_v28_dual_lane_sidecar_safety_watch.py
2026-05-10 00:47:00 -04:00 | probe_ok | probe_v28_dual_lane_live_market_update.py | elapsed_s=0.17
2026-05-10 00:47:00 -04:00 | probe_ok | probe_v28_dual_lane_readiness_checklist.py | elapsed_s=0.15
2026-05-10 00:47:01 -04:00 | probe_ok | probe_v28_dual_lane_snapshot_ledger.py | elapsed_s=0.16
2026-05-10 00:47:01 -04:00 | cycle_done | cycle=1499
2026-05-10 00:48:01 -04:00 | cycle_start | cycle=1500
2026-05-10 00:49:01 -04:00 | probe_timeout | probe_v28_dual_lane_sidecar_safety_watch.py
2026-05-10 00:49:01 -04:00 | probe_ok | probe_v28_dual_lane_live_market_update.py | elapsed_s=0.18
2026-05-10 00:49:01 -04:00 | probe_ok | probe_v28_dual_lane_readiness_checklist.py | elapsed_s=0.2
2026-05-10 00:49:01 -04:00 | probe_ok | probe_v28_dual_lane_snapshot_ledger.py | elapsed_s=0.2
2026-05-10 00:49:01 -04:00 | cycle_done | cycle=1500
2026-05-10 00:50:01 -04:00 | cycle_start | cycle=1501
2026-05-10 00:51:01 -04:00 | probe_timeout | probe_v28_dual_lane_sidecar_safety_watch.py
2026-05-10 00:51:01 -04:00 | probe_ok | probe_v28_dual_lane_live_market_update.py | elapsed_s=0.13
2026-05-10 00:51:02 -04:00 | probe_ok | probe_v28_dual_lane_readiness_checklist.py | elapsed_s=0.16
2026-05-10 00:51:02 -04:00 | probe_ok | probe_v28_dual_lane_snapshot_ledger.py | elapsed_s=0.18
2026-05-10 00:51:02 -04:00 | cycle_done | cycle=1501
2026-05-10 00:52:02 -04:00 | cycle_start | cycle=1502
2026-05-10 00:53:02 -04:00 | probe_timeout | probe_v28_dual_lane_sidecar_safety_watch.py
2026-05-10 00:53:02 -04:00 | probe_ok | probe_v28_dual_lane_live_market_update.py | elapsed_s=0.15
2026-05-10 00:53:02 -04:00 | probe_ok | probe_v28_dual_lane_readiness_checklist.py | elapsed_s=0.14
2026-05-10 00:53:02 -04:00 | probe_ok | probe_v28_dual_lane_snapshot_ledger.py | elapsed_s=0.18
2026-05-10 00:53:02 -04:00 | cycle_done | cycle=1502
2026-05-10 00:54:02 -04:00 | cycle_start | cycle=1503
2026-05-10 00:55:02 -04:00 | probe_timeout | probe_v28_dual_lane_sidecar_safety_watch.py
2026-05-10 00:55:02 -04:00 | probe_ok | probe_v28_dual_lane_live_market_update.py | elapsed_s=0.16
2026-05-10 00:55:03 -04:00 | probe_ok | probe_v28_dual_lane_readiness_checklist.py | elapsed_s=0.14
2026-05-10 00:55:03 -04:00 | probe_ok | probe_v28_dual_lane_snapshot_ledger.py | elapsed_s=0.18
2026-05-10 00:55:03 -04:00 | cycle_done | cycle=1503
2026-05-10 00:56:03 -04:00 | cycle_start | cycle=1504
2026-05-10 00:57:03 -04:00 | probe_timeout | probe_v28_dual_lane_sidecar_safety_watch.py
2026-05-10 00:57:03 -04:00 | probe_ok | probe_v28_dual_lane_live_market_update.py | elapsed_s=0.15
2026-05-10 00:57:03 -04:00 | probe_ok | probe_v28_dual_lane_readiness_checklist.py | elapsed_s=0.16
2026-05-10 00:57:03 -04:00 | probe_ok | probe_v28_dual_lane_snapshot_ledger.py | elapsed_s=0.17
2026-05-10 00:57:03 -04:00 | cycle_done | cycle=1504
2026-05-10 00:58:03 -04:00 | cycle_start | cycle=1505
2026-05-10 00:59:03 -04:00 | probe_timeout | probe_v28_dual_lane_sidecar_safety_watch.py
2026-05-10 00:59:04 -04:00 | probe_ok | probe_v28_dual_lane_live_market_update.py | elapsed_s=0.17
2026-05-10 00:59:04 -04:00 | probe_ok | probe_v28_dual_lane_readiness_checklist.py | elapsed_s=0.14
2026-05-10 00:59:04 -04:00 | probe_ok | probe_v28_dual_lane_snapshot_ledger.py | elapsed_s=0.22
2026-05-10 00:59:04 -04:00 | cycle_done | cycle=1505
2026-05-10 01:00:04 -04:00 | cycle_start | cycle=1506
2026-05-10 01:01:04 -04:00 | probe_timeout | probe_v28_dual_lane_sidecar_safety_watch.py
2026-05-10 01:01:04 -04:00 | probe_ok | probe_v28_dual_lane_live_market_update.py | elapsed_s=0.14
2026-05-10 01:01:04 -04:00 | probe_ok | probe_v28_dual_lane_readiness_checklist.py | elapsed_s=0.14
2026-05-10 01:01:04 -04:00 | probe_ok | probe_v28_dual_lane_snapshot_ledger.py | elapsed_s=0.18
2026-05-10 01:01:04 -04:00 | cycle_done | cycle=1506
2026-05-10 01:02:04 -04:00 | cycle_start | cycle=1507
2026-05-10 01:03:04 -04:00 | probe_timeout | probe_v28_dual_lane_sidecar_safety_watch.py
2026-05-10 01:03:05 -04:00 | probe_ok | probe_v28_dual_lane_live_market_update.py | elapsed_s=0.16
2026-05-10 01:03:05 -04:00 | probe_ok | probe_v28_dual_lane_readiness_checklist.py | elapsed_s=0.16
2026-05-10 01:03:05 -04:00 | probe_ok | probe_v28_dual_lane_snapshot_ledger.py | elapsed_s=0.21
2026-05-10 01:03:05 -04:00 | cycle_done | cycle=1507
2026-05-10 01:04:05 -04:00 | cycle_start | cycle=1508
2026-05-10 01:05:05 -04:00 | probe_timeout | probe_v28_dual_lane_sidecar_safety_watch.py
2026-05-10 01:05:05 -04:00 | probe_ok | probe_v28_dual_lane_live_market_update.py | elapsed_s=0.15
2026-05-10 01:05:05 -04:00 | probe_ok | probe_v28_dual_lane_readiness_checklist.py | elapsed_s=0.17
2026-05-10 01:05:06 -04:00 | probe_ok | probe_v28_dual_lane_snapshot_ledger.py | elapsed_s=0.2
2026-05-10 01:05:06 -04:00 | cycle_done | cycle=1508
2026-05-10 01:06:06 -04:00 | cycle_start | cycle=1509
2026-05-10 01:07:06 -04:00 | probe_timeout | probe_v28_dual_lane_sidecar_safety_watch.py
2026-05-10 01:07:06 -04:00 | probe_ok | probe_v28_dual_lane_live_market_update.py | elapsed_s=0.14
2026-05-10 01:07:06 -04:00 | probe_ok | probe_v28_dual_lane_readiness_checklist.py | elapsed_s=0.15
2026-05-10 01:07:06 -04:00 | probe_ok | probe_v28_dual_lane_snapshot_ledger.py | elapsed_s=0.17
2026-05-10 01:07:06 -04:00 | cycle_done | cycle=1509
2026-05-10 01:08:06 -04:00 | cycle_start | cycle=1510
2026-05-10 01:09:06 -04:00 | probe_timeout | probe_v28_dual_lane_sidecar_safety_watch.py
2026-05-10 01:09:06 -04:00 | probe_ok | probe_v28_dual_lane_live_market_update.py | elapsed_s=0.18
2026-05-10 01:09:06 -04:00 | probe_ok | probe_v28_dual_lane_readiness_checklist.py | elapsed_s=0.2
2026-05-10 01:09:07 -04:00 | probe_ok | probe_v28_dual_lane_snapshot_ledger.py | elapsed_s=0.23
2026-05-10 01:09:07 -04:00 | cycle_done | cycle=1510
2026-05-10 01:10:07 -04:00 | cycle_start | cycle=1511
2026-05-10 01:11:07 -04:00 | probe_timeout | probe_v28_dual_lane_sidecar_safety_watch.py
2026-05-10 01:11:07 -04:00 | probe_ok | probe_v28_dual_lane_live_market_update.py | elapsed_s=0.19
2026-05-10 01:11:07 -04:00 | probe_ok | probe_v28_dual_lane_readiness_checklist.py | elapsed_s=0.21
2026-05-10 01:11:07 -04:00 | probe_ok | probe_v28_dual_lane_snapshot_ledger.py | elapsed_s=0.21
2026-05-10 01:11:07 -04:00 | cycle_done | cycle=1511
2026-05-10 01:12:07 -04:00 | cycle_start | cycle=1512
2026-05-10 01:13:07 -04:00 | probe_timeout | probe_v28_dual_lane_sidecar_safety_watch.py
2026-05-10 01:13:08 -04:00 | probe_ok | probe_v28_dual_lane_live_market_update.py | elapsed_s=0.18
2026-05-10 01:13:08 -04:00 | probe_ok | probe_v28_dual_lane_readiness_checklist.py | elapsed_s=0.19
2026-05-10 01:13:08 -04:00 | probe_ok | probe_v28_dual_lane_snapshot_ledger.py | elapsed_s=0.25
2026-05-10 01:13:08 -04:00 | cycle_done | cycle=1512
2026-05-10 01:14:08 -04:00 | cycle_start | cycle=1513
2026-05-10 01:15:08 -04:00 | probe_timeout | probe_v28_dual_lane_sidecar_safety_watch.py
2026-05-10 01:15:08 -04:00 | probe_ok | probe_v28_dual_lane_live_market_update.py | elapsed_s=0.16
2026-05-10 01:15:08 -04:00 | probe_ok | probe_v28_dual_lane_readiness_checklist.py | elapsed_s=0.16
2026-05-10 01:15:09 -04:00 | probe_ok | probe_v28_dual_lane_snapshot_ledger.py | elapsed_s=0.22
2026-05-10 01:15:09 -04:00 | cycle_done | cycle=1513
2026-05-10 01:16:09 -04:00 | cycle_start | cycle=1514
2026-05-10 01:17:09 -04:00 | probe_timeout | probe_v28_dual_lane_sidecar_safety_watch.py
2026-05-10 01:17:09 -04:00 | probe_ok | probe_v28_dual_lane_live_market_update.py | elapsed_s=0.19
2026-05-10 01:17:09 -04:00 | probe_ok | probe_v28_dual_lane_readiness_checklist.py | elapsed_s=0.19
2026-05-10 01:17:09 -04:00 | probe_ok | probe_v28_dual_lane_snapshot_ledger.py | elapsed_s=0.24
2026-05-10 01:17:09 -04:00 | cycle_done | cycle=1514
2026-05-10 01:18:09 -04:00 | cycle_start | cycle=1515
2026-05-10 01:19:09 -04:00 | probe_timeout | probe_v28_dual_lane_sidecar_safety_watch.py
2026-05-10 01:19:09 -04:00 | probe_ok | probe_v28_dual_lane_live_market_update.py | elapsed_s=0.21
2026-05-10 01:19:10 -04:00 | probe_ok | probe_v28_dual_lane_readiness_checklist.py | elapsed_s=0.18
2026-05-10 01:19:10 -04:00 | probe_ok | probe_v28_dual_lane_snapshot_ledger.py | elapsed_s=0.21
2026-05-10 01:19:10 -04:00 | cycle_done | cycle=1515
2026-05-10 01:20:10 -04:00 | cycle_start | cycle=1516
2026-05-10 01:21:10 -04:00 | probe_timeout | probe_v28_dual_lane_sidecar_safety_watch.py
2026-05-10 01:21:10 -04:00 | probe_ok | probe_v28_dual_lane_live_market_update.py | elapsed_s=0.2
2026-05-10 01:21:10 -04:00 | probe_ok | probe_v28_dual_lane_readiness_checklist.py | elapsed_s=0.17
2026-05-10 01:21:11 -04:00 | probe_ok | probe_v28_dual_lane_snapshot_ledger.py | elapsed_s=0.22
2026-05-10 01:21:11 -04:00 | cycle_done | cycle=1516
2026-05-10 01:22:11 -04:00 | cycle_start | cycle=1517
2026-05-10 01:23:11 -04:00 | probe_timeout | probe_v28_dual_lane_sidecar_safety_watch.py
2026-05-10 01:23:11 -04:00 | probe_ok | probe_v28_dual_lane_live_market_update.py | elapsed_s=0.18
2026-05-10 01:23:11 -04:00 | probe_ok | probe_v28_dual_lane_readiness_checklist.py | elapsed_s=0.16
2026-05-10 01:23:11 -04:00 | probe_ok | probe_v28_dual_lane_snapshot_ledger.py | elapsed_s=0.24
2026-05-10 01:23:11 -04:00 | cycle_done | cycle=1517
2026-05-10 01:24:11 -04:00 | cycle_start | cycle=1518
2026-05-10 01:25:11 -04:00 | probe_timeout | probe_v28_dual_lane_sidecar_safety_watch.py
2026-05-10 01:25:11 -04:00 | probe_ok | probe_v28_dual_lane_live_market_update.py | elapsed_s=0.17
2026-05-10 01:25:11 -04:00 | probe_ok | probe_v28_dual_lane_readiness_checklist.py | elapsed_s=0.19
2026-05-10 01:25:12 -04:00 | probe_ok | probe_v28_dual_lane_snapshot_ledger.py | elapsed_s=0.25
2026-05-10 01:25:12 -04:00 | cycle_done | cycle=1518
2026-05-10 01:26:12 -04:00 | cycle_start | cycle=1519
2026-05-10 01:27:12 -04:00 | probe_timeout | probe_v28_dual_lane_sidecar_safety_watch.py
2026-05-10 01:27:12 -04:00 | probe_ok | probe_v28_dual_lane_live_market_update.py | elapsed_s=0.24
2026-05-10 01:27:12 -04:00 | probe_ok | probe_v28_dual_lane_readiness_checklist.py | elapsed_s=0.17
2026-05-10 01:27:12 -04:00 | probe_ok | probe_v28_dual_lane_snapshot_ledger.py | elapsed_s=0.22
2026-05-10 01:27:12 -04:00 | cycle_done | cycle=1519
2026-05-10 01:28:12 -04:00 | cycle_start | cycle=1520
2026-05-10 01:29:12 -04:00 | probe_timeout | probe_v28_dual_lane_sidecar_safety_watch.py
2026-05-10 01:29:13 -04:00 | probe_ok | probe_v28_dual_lane_live_market_update.py | elapsed_s=0.2
2026-05-10 01:29:13 -04:00 | probe_ok | probe_v28_dual_lane_readiness_checklist.py | elapsed_s=0.18
2026-05-10 01:29:13 -04:00 | probe_ok | probe_v28_dual_lane_snapshot_ledger.py | elapsed_s=0.23
2026-05-10 01:29:13 -04:00 | cycle_done | cycle=1520
2026-05-10 01:30:13 -04:00 | cycle_start | cycle=1521
2026-05-10 01:31:13 -04:00 | probe_timeout | probe_v28_dual_lane_sidecar_safety_watch.py
2026-05-10 01:31:13 -04:00 | probe_ok | probe_v28_dual_lane_live_market_update.py | elapsed_s=0.19
2026-05-10 01:31:13 -04:00 | probe_ok | probe_v28_dual_lane_readiness_checklist.py | elapsed_s=0.18
2026-05-10 01:31:14 -04:00 | probe_ok | probe_v28_dual_lane_snapshot_ledger.py | elapsed_s=0.26
2026-05-10 01:31:14 -04:00 | cycle_done | cycle=1521
2026-05-10 01:32:14 -04:00 | cycle_start | cycle=1522
2026-05-10 01:33:14 -04:00 | probe_timeout | probe_v28_dual_lane_sidecar_safety_watch.py
2026-05-10 01:33:14 -04:00 | probe_ok | probe_v28_dual_lane_live_market_update.py | elapsed_s=0.23
2026-05-10 01:33:14 -04:00 | probe_ok | probe_v28_dual_lane_readiness_checklist.py | elapsed_s=0.2
2026-05-10 01:33:15 -04:00 | probe_ok | probe_v28_dual_lane_snapshot_ledger.py | elapsed_s=0.29
2026-05-10 01:33:15 -04:00 | cycle_done | cycle=1522
2026-05-10 01:34:15 -04:00 | cycle_start | cycle=1523
2026-05-10 01:35:15 -04:00 | probe_timeout | probe_v28_dual_lane_sidecar_safety_watch.py
2026-05-10 01:35:15 -04:00 | probe_ok | probe_v28_dual_lane_live_market_update.py | elapsed_s=0.18
2026-05-10 01:35:15 -04:00 | probe_ok | probe_v28_dual_lane_readiness_checklist.py | elapsed_s=0.19
2026-05-10 01:35:15 -04:00 | probe_ok | probe_v28_dual_lane_snapshot_ledger.py | elapsed_s=0.26
2026-05-10 01:35:15 -04:00 | cycle_done | cycle=1523
2026-05-10 01:36:15 -04:00 | cycle_start | cycle=1524
2026-05-10 01:37:15 -04:00 | probe_timeout | probe_v28_dual_lane_sidecar_safety_watch.py
2026-05-10 01:37:15 -04:00 | probe_ok | probe_v28_dual_lane_live_market_update.py | elapsed_s=0.17
2026-05-10 01:37:16 -04:00 | probe_ok | probe_v28_dual_lane_readiness_checklist.py | elapsed_s=0.17
2026-05-10 01:37:16 -04:00 | probe_ok | probe_v28_dual_lane_snapshot_ledger.py | elapsed_s=0.21
2026-05-10 01:37:16 -04:00 | cycle_done | cycle=1524
2026-05-10 01:38:16 -04:00 | cycle_start | cycle=1525
2026-05-10 01:39:16 -04:00 | probe_timeout | probe_v28_dual_lane_sidecar_safety_watch.py
2026-05-10 01:39:16 -04:00 | probe_ok | probe_v28_dual_lane_live_market_update.py | elapsed_s=0.22
2026-05-10 01:39:16 -04:00 | probe_ok | probe_v28_dual_lane_readiness_checklist.py | elapsed_s=0.19
2026-05-10 01:39:16 -04:00 | probe_ok | probe_v28_dual_lane_snapshot_ledger.py | elapsed_s=0.21
2026-05-10 01:39:16 -04:00 | cycle_done | cycle=1525
2026-05-10 01:40:16 -04:00 | cycle_start | cycle=1526
2026-05-10 01:41:16 -04:00 | probe_timeout | probe_v28_dual_lane_sidecar_safety_watch.py
2026-05-10 01:41:17 -04:00 | probe_ok | probe_v28_dual_lane_live_market_update.py | elapsed_s=0.21
2026-05-10 01:41:17 -04:00 | probe_ok | probe_v28_dual_lane_readiness_checklist.py | elapsed_s=0.22
2026-05-10 01:41:17 -04:00 | probe_ok | probe_v28_dual_lane_snapshot_ledger.py | elapsed_s=0.24
2026-05-10 01:41:17 -04:00 | cycle_done | cycle=1526
2026-05-10 01:42:17 -04:00 | cycle_start | cycle=1527
2026-05-10 01:43:17 -04:00 | probe_timeout | probe_v28_dual_lane_sidecar_safety_watch.py
2026-05-10 01:43:17 -04:00 | probe_ok | probe_v28_dual_lane_live_market_update.py | elapsed_s=0.18
2026-05-10 01:43:18 -04:00 | probe_ok | probe_v28_dual_lane_readiness_checklist.py | elapsed_s=0.17
2026-05-10 01:43:18 -04:00 | probe_ok | probe_v28_dual_lane_snapshot_ledger.py | elapsed_s=0.24
2026-05-10 01:43:18 -04:00 | cycle_done | cycle=1527
2026-05-10 01:44:18 -04:00 | cycle_start | cycle=1528
2026-05-10 01:45:18 -04:00 | probe_timeout | probe_v28_dual_lane_sidecar_safety_watch.py
2026-05-10 01:45:18 -04:00 | probe_ok | probe_v28_dual_lane_live_market_update.py | elapsed_s=0.22
2026-05-10 01:45:18 -04:00 | probe_ok | probe_v28_dual_lane_readiness_checklist.py | elapsed_s=0.19
2026-05-10 01:45:18 -04:00 | probe_ok | probe_v28_dual_lane_snapshot_ledger.py | elapsed_s=0.24
2026-05-10 01:45:19 -04:00 | cycle_done | cycle=1528
2026-05-10 01:46:19 -04:00 | cycle_start | cycle=1529
2026-05-10 01:47:19 -04:00 | probe_timeout | probe_v28_dual_lane_sidecar_safety_watch.py
2026-05-10 01:47:19 -04:00 | probe_ok | probe_v28_dual_lane_live_market_update.py | elapsed_s=0.13
2026-05-10 01:47:19 -04:00 | probe_ok | probe_v28_dual_lane_readiness_checklist.py | elapsed_s=0.14
2026-05-10 01:47:19 -04:00 | probe_ok | probe_v28_dual_lane_snapshot_ledger.py | elapsed_s=0.2
2026-05-10 01:47:19 -04:00 | cycle_done | cycle=1529
2026-05-10 01:48:19 -04:00 | cycle_start | cycle=1530
2026-05-10 01:49:19 -04:00 | probe_timeout | probe_v28_dual_lane_sidecar_safety_watch.py
2026-05-10 01:49:19 -04:00 | probe_ok | probe_v28_dual_lane_live_market_update.py | elapsed_s=0.15
2026-05-10 01:49:19 -04:00 | probe_ok | probe_v28_dual_lane_readiness_checklist.py | elapsed_s=0.15
2026-05-10 01:49:20 -04:00 | probe_ok | probe_v28_dual_lane_snapshot_ledger.py | elapsed_s=0.19
2026-05-10 01:49:20 -04:00 | cycle_done | cycle=1530
2026-05-10 01:50:20 -04:00 | cycle_start | cycle=1531
2026-05-10 01:51:20 -04:00 | probe_timeout | probe_v28_dual_lane_sidecar_safety_watch.py
2026-05-10 01:51:20 -04:00 | probe_ok | probe_v28_dual_lane_live_market_update.py | elapsed_s=0.24
2026-05-10 01:51:20 -04:00 | probe_ok | probe_v28_dual_lane_readiness_checklist.py | elapsed_s=0.22
2026-05-10 01:51:20 -04:00 | probe_ok | probe_v28_dual_lane_snapshot_ledger.py | elapsed_s=0.27
2026-05-10 01:51:20 -04:00 | cycle_done | cycle=1531
2026-05-10 01:52:20 -04:00 | cycle_start | cycle=1532
2026-05-10 01:53:20 -04:00 | probe_timeout | probe_v28_dual_lane_sidecar_safety_watch.py
2026-05-10 01:53:21 -04:00 | probe_ok | probe_v28_dual_lane_live_market_update.py | elapsed_s=0.17
2026-05-10 01:53:21 -04:00 | probe_ok | probe_v28_dual_lane_readiness_checklist.py | elapsed_s=0.19
2026-05-10 01:53:21 -04:00 | probe_ok | probe_v28_dual_lane_snapshot_ledger.py | elapsed_s=0.23
2026-05-10 01:53:21 -04:00 | cycle_done | cycle=1532
2026-05-10 01:54:21 -04:00 | cycle_start | cycle=1533
2026-05-10 01:55:21 -04:00 | probe_timeout | probe_v28_dual_lane_sidecar_safety_watch.py
2026-05-10 01:55:21 -04:00 | probe_ok | probe_v28_dual_lane_live_market_update.py | elapsed_s=0.16
2026-05-10 01:55:21 -04:00 | probe_ok | probe_v28_dual_lane_readiness_checklist.py | elapsed_s=0.17
2026-05-10 01:55:22 -04:00 | probe_ok | probe_v28_dual_lane_snapshot_ledger.py | elapsed_s=0.25
2026-05-10 01:55:22 -04:00 | cycle_done | cycle=1533
2026-05-10 01:56:22 -04:00 | cycle_start | cycle=1534
2026-05-10 01:57:22 -04:00 | probe_timeout | probe_v28_dual_lane_sidecar_safety_watch.py
2026-05-10 01:57:22 -04:00 | probe_ok | probe_v28_dual_lane_live_market_update.py | elapsed_s=0.17
2026-05-10 01:57:22 -04:00 | probe_ok | probe_v28_dual_lane_readiness_checklist.py | elapsed_s=0.18
2026-05-10 01:57:22 -04:00 | probe_ok | probe_v28_dual_lane_snapshot_ledger.py | elapsed_s=0.21
2026-05-10 01:57:22 -04:00 | cycle_done | cycle=1534
2026-05-10 01:58:22 -04:00 | cycle_start | cycle=1535
2026-05-10 01:59:22 -04:00 | probe_timeout | probe_v28_dual_lane_sidecar_safety_watch.py
2026-05-10 01:59:22 -04:00 | probe_ok | probe_v28_dual_lane_live_market_update.py | elapsed_s=0.14
2026-05-10 01:59:23 -04:00 | probe_ok | probe_v28_dual_lane_readiness_checklist.py | elapsed_s=0.15
2026-05-10 01:59:23 -04:00 | probe_ok | probe_v28_dual_lane_snapshot_ledger.py | elapsed_s=0.19
2026-05-10 01:59:23 -04:00 | cycle_done | cycle=1535
2026-05-10 02:00:23 -04:00 | cycle_start | cycle=1536
2026-05-10 02:01:23 -04:00 | probe_timeout | probe_v28_dual_lane_sidecar_safety_watch.py
2026-05-10 02:01:23 -04:00 | probe_ok | probe_v28_dual_lane_live_market_update.py | elapsed_s=0.15
2026-05-10 02:01:23 -04:00 | probe_ok | probe_v28_dual_lane_readiness_checklist.py | elapsed_s=0.17
2026-05-10 02:01:23 -04:00 | probe_ok | probe_v28_dual_lane_snapshot_ledger.py | elapsed_s=0.2
2026-05-10 02:01:23 -04:00 | cycle_done | cycle=1536
2026-05-10 02:02:23 -04:00 | cycle_start | cycle=1537
2026-05-10 02:03:23 -04:00 | probe_timeout | probe_v28_dual_lane_sidecar_safety_watch.py
2026-05-10 02:03:23 -04:00 | probe_ok | probe_v28_dual_lane_live_market_update.py | elapsed_s=0.21
2026-05-10 02:03:24 -04:00 | probe_ok | probe_v28_dual_lane_readiness_checklist.py | elapsed_s=0.21
2026-05-10 02:03:24 -04:00 | probe_ok | probe_v28_dual_lane_snapshot_ledger.py | elapsed_s=0.32
2026-05-10 02:03:24 -04:00 | cycle_done | cycle=1537
2026-05-10 02:04:24 -04:00 | cycle_start | cycle=1538
2026-05-10 02:05:24 -04:00 | probe_timeout | probe_v28_dual_lane_sidecar_safety_watch.py
2026-05-10 02:05:24 -04:00 | probe_ok | probe_v28_dual_lane_live_market_update.py | elapsed_s=0.13
2026-05-10 02:05:24 -04:00 | probe_ok | probe_v28_dual_lane_readiness_checklist.py | elapsed_s=0.13
2026-05-10 02:05:25 -04:00 | probe_ok | probe_v28_dual_lane_snapshot_ledger.py | elapsed_s=0.18
2026-05-10 02:05:25 -04:00 | cycle_done | cycle=1538
2026-05-10 02:06:25 -04:00 | cycle_start | cycle=1539
2026-05-10 02:07:25 -04:00 | probe_timeout | probe_v28_dual_lane_sidecar_safety_watch.py
2026-05-10 02:07:25 -04:00 | probe_ok | probe_v28_dual_lane_live_market_update.py | elapsed_s=0.17
2026-05-10 02:07:25 -04:00 | probe_ok | probe_v28_dual_lane_readiness_checklist.py | elapsed_s=0.15
2026-05-10 02:07:25 -04:00 | probe_ok | probe_v28_dual_lane_snapshot_ledger.py | elapsed_s=0.2
2026-05-10 02:07:25 -04:00 | cycle_done | cycle=1539
2026-05-10 02:08:25 -04:00 | cycle_start | cycle=1540
2026-05-10 02:09:25 -04:00 | probe_timeout | probe_v28_dual_lane_sidecar_safety_watch.py
2026-05-10 02:09:25 -04:00 | probe_ok | probe_v28_dual_lane_live_market_update.py | elapsed_s=0.16
2026-05-10 02:09:25 -04:00 | probe_ok | probe_v28_dual_lane_readiness_checklist.py | elapsed_s=0.16
2026-05-10 02:09:26 -04:00 | probe_ok | probe_v28_dual_lane_snapshot_ledger.py | elapsed_s=0.19
2026-05-10 02:09:26 -04:00 | cycle_done | cycle=1540
2026-05-10 02:10:26 -04:00 | cycle_start | cycle=1541
2026-05-10 02:11:26 -04:00 | probe_timeout | probe_v28_dual_lane_sidecar_safety_watch.py
2026-05-10 02:11:26 -04:00 | probe_ok | probe_v28_dual_lane_live_market_update.py | elapsed_s=0.15
2026-05-10 02:11:26 -04:00 | probe_ok | probe_v28_dual_lane_readiness_checklist.py | elapsed_s=0.16
2026-05-10 02:11:26 -04:00 | probe_ok | probe_v28_dual_lane_snapshot_ledger.py | elapsed_s=0.19
2026-05-10 02:11:26 -04:00 | cycle_done | cycle=1541
2026-05-10 02:12:26 -04:00 | cycle_start | cycle=1542
2026-05-10 02:13:26 -04:00 | probe_timeout | probe_v28_dual_lane_sidecar_safety_watch.py
2026-05-10 02:13:26 -04:00 | probe_ok | probe_v28_dual_lane_live_market_update.py | elapsed_s=0.15
2026-05-10 02:13:27 -04:00 | probe_ok | probe_v28_dual_lane_readiness_checklist.py | elapsed_s=0.34
2026-05-10 02:13:27 -04:00 | probe_ok | probe_v28_dual_lane_snapshot_ledger.py | elapsed_s=0.19
2026-05-10 02:13:27 -04:00 | cycle_done | cycle=1542
2026-05-10 02:14:27 -04:00 | cycle_start | cycle=1543
2026-05-10 02:15:27 -04:00 | probe_timeout | probe_v28_dual_lane_sidecar_safety_watch.py
2026-05-10 02:15:27 -04:00 | probe_ok | probe_v28_dual_lane_live_market_update.py | elapsed_s=0.12
2026-05-10 02:15:27 -04:00 | probe_ok | probe_v28_dual_lane_readiness_checklist.py | elapsed_s=0.14
2026-05-10 02:15:27 -04:00 | probe_ok | probe_v28_dual_lane_snapshot_ledger.py | elapsed_s=0.18
2026-05-10 02:15:27 -04:00 | cycle_done | cycle=1543
2026-05-10 02:16:27 -04:00 | cycle_start | cycle=1544
2026-05-10 02:17:27 -04:00 | probe_timeout | probe_v28_dual_lane_sidecar_safety_watch.py
2026-05-10 02:17:28 -04:00 | probe_ok | probe_v28_dual_lane_live_market_update.py | elapsed_s=0.18
2026-05-10 02:17:28 -04:00 | probe_ok | probe_v28_dual_lane_readiness_checklist.py | elapsed_s=0.16
2026-05-10 02:17:28 -04:00 | probe_ok | probe_v28_dual_lane_snapshot_ledger.py | elapsed_s=0.23
2026-05-10 02:17:28 -04:00 | cycle_done | cycle=1544
2026-05-10 02:18:28 -04:00 | cycle_start | cycle=1545
2026-05-10 02:19:28 -04:00 | probe_timeout | probe_v28_dual_lane_sidecar_safety_watch.py
2026-05-10 02:19:28 -04:00 | probe_ok | probe_v28_dual_lane_live_market_update.py | elapsed_s=0.2
2026-05-10 02:19:28 -04:00 | probe_ok | probe_v28_dual_lane_readiness_checklist.py | elapsed_s=0.18
2026-05-10 02:19:29 -04:00 | probe_ok | probe_v28_dual_lane_snapshot_ledger.py | elapsed_s=0.23
2026-05-10 02:19:29 -04:00 | cycle_done | cycle=1545
2026-05-10 02:20:29 -04:00 | cycle_start | cycle=1546
2026-05-10 02:21:29 -04:00 | probe_timeout | probe_v28_dual_lane_sidecar_safety_watch.py
2026-05-10 02:21:29 -04:00 | probe_ok | probe_v28_dual_lane_live_market_update.py | elapsed_s=0.19
2026-05-10 02:21:29 -04:00 | probe_ok | probe_v28_dual_lane_readiness_checklist.py | elapsed_s=0.14
2026-05-10 02:21:29 -04:00 | probe_ok | probe_v28_dual_lane_snapshot_ledger.py | elapsed_s=0.2
2026-05-10 02:21:29 -04:00 | cycle_done | cycle=1546
2026-05-10 02:22:29 -04:00 | cycle_start | cycle=1547
2026-05-10 02:23:29 -04:00 | probe_timeout | probe_v28_dual_lane_sidecar_safety_watch.py
2026-05-10 02:23:30 -04:00 | probe_ok | probe_v28_dual_lane_live_market_update.py | elapsed_s=0.16
2026-05-10 02:23:30 -04:00 | probe_ok | probe_v28_dual_lane_readiness_checklist.py | elapsed_s=0.15
2026-05-10 02:23:30 -04:00 | probe_ok | probe_v28_dual_lane_snapshot_ledger.py | elapsed_s=0.18
2026-05-10 02:23:30 -04:00 | cycle_done | cycle=1547
2026-05-10 02:24:30 -04:00 | cycle_start | cycle=1548
2026-05-10 02:25:30 -04:00 | probe_timeout | probe_v28_dual_lane_sidecar_safety_watch.py
2026-05-10 02:25:30 -04:00 | probe_ok | probe_v28_dual_lane_live_market_update.py | elapsed_s=0.21
2026-05-10 02:25:30 -04:00 | probe_ok | probe_v28_dual_lane_readiness_checklist.py | elapsed_s=0.14
2026-05-10 02:25:30 -04:00 | probe_ok | probe_v28_dual_lane_snapshot_ledger.py | elapsed_s=0.19
2026-05-10 02:25:30 -04:00 | cycle_done | cycle=1548
2026-05-10 02:26:30 -04:00 | cycle_start | cycle=1549
2026-05-10 02:27:30 -04:00 | probe_timeout | probe_v28_dual_lane_sidecar_safety_watch.py
2026-05-10 02:27:31 -04:00 | probe_ok | probe_v28_dual_lane_live_market_update.py | elapsed_s=0.2
2026-05-10 02:27:31 -04:00 | probe_ok | probe_v28_dual_lane_readiness_checklist.py | elapsed_s=0.16
2026-05-10 02:27:31 -04:00 | probe_ok | probe_v28_dual_lane_snapshot_ledger.py | elapsed_s=0.19
2026-05-10 02:27:31 -04:00 | cycle_done | cycle=1549
2026-05-10 02:28:31 -04:00 | cycle_start | cycle=1550
2026-05-10 02:29:31 -04:00 | probe_timeout | probe_v28_dual_lane_sidecar_safety_watch.py
2026-05-10 02:29:31 -04:00 | probe_ok | probe_v28_dual_lane_live_market_update.py | elapsed_s=0.17
2026-05-10 02:29:31 -04:00 | probe_ok | probe_v28_dual_lane_readiness_checklist.py | elapsed_s=0.15
2026-05-10 02:29:32 -04:00 | probe_ok | probe_v28_dual_lane_snapshot_ledger.py | elapsed_s=0.2
2026-05-10 02:29:32 -04:00 | cycle_done | cycle=1550
2026-05-10 02:30:32 -04:00 | cycle_start | cycle=1551
2026-05-10 02:31:32 -04:00 | probe_timeout | probe_v28_dual_lane_sidecar_safety_watch.py
2026-05-10 02:31:32 -04:00 | probe_ok | probe_v28_dual_lane_live_market_update.py | elapsed_s=0.15
2026-05-10 02:31:32 -04:00 | probe_ok | probe_v28_dual_lane_readiness_checklist.py | elapsed_s=0.17
2026-05-10 02:31:32 -04:00 | probe_ok | probe_v28_dual_lane_snapshot_ledger.py | elapsed_s=0.23
2026-05-10 02:31:32 -04:00 | cycle_done | cycle=1551
2026-05-10 02:32:32 -04:00 | cycle_start | cycle=1552
2026-05-10 02:33:32 -04:00 | probe_timeout | probe_v28_dual_lane_sidecar_safety_watch.py
2026-05-10 02:33:32 -04:00 | probe_ok | probe_v28_dual_lane_live_market_update.py | elapsed_s=0.2
2026-05-10 02:33:33 -04:00 | probe_ok | probe_v28_dual_lane_readiness_checklist.py | elapsed_s=0.14
2026-05-10 02:33:33 -04:00 | probe_ok | probe_v28_dual_lane_snapshot_ledger.py | elapsed_s=0.19
2026-05-10 02:33:33 -04:00 | cycle_done | cycle=1552
2026-05-10 02:34:33 -04:00 | cycle_start | cycle=1553
2026-05-10 02:35:33 -04:00 | probe_timeout | probe_v28_dual_lane_sidecar_safety_watch.py
2026-05-10 02:35:33 -04:00 | probe_ok | probe_v28_dual_lane_live_market_update.py | elapsed_s=0.17
2026-05-10 02:35:33 -04:00 | probe_ok | probe_v28_dual_lane_readiness_checklist.py | elapsed_s=0.14
2026-05-10 02:35:33 -04:00 | probe_ok | probe_v28_dual_lane_snapshot_ledger.py | elapsed_s=0.19
2026-05-10 02:35:33 -04:00 | cycle_done | cycle=1553
2026-05-10 02:36:33 -04:00 | cycle_start | cycle=1554
2026-05-10 02:37:33 -04:00 | probe_timeout | probe_v28_dual_lane_sidecar_safety_watch.py
2026-05-10 02:37:34 -04:00 | probe_ok | probe_v28_dual_lane_live_market_update.py | elapsed_s=0.14
2026-05-10 02:37:34 -04:00 | probe_ok | probe_v28_dual_lane_readiness_checklist.py | elapsed_s=0.15
2026-05-10 02:37:34 -04:00 | probe_ok | probe_v28_dual_lane_snapshot_ledger.py | elapsed_s=0.18
2026-05-10 02:37:34 -04:00 | cycle_done | cycle=1554
2026-05-10 02:38:34 -04:00 | cycle_start | cycle=1555
2026-05-10 02:39:34 -04:00 | probe_timeout | probe_v28_dual_lane_sidecar_safety_watch.py
2026-05-10 02:39:34 -04:00 | probe_ok | probe_v28_dual_lane_live_market_update.py | elapsed_s=0.19
2026-05-10 02:39:34 -04:00 | probe_ok | probe_v28_dual_lane_readiness_checklist.py | elapsed_s=0.14
2026-05-10 02:39:34 -04:00 | probe_ok | probe_v28_dual_lane_snapshot_ledger.py | elapsed_s=0.18
2026-05-10 02:39:34 -04:00 | cycle_done | cycle=1555
2026-05-10 02:40:34 -04:00 | cycle_start | cycle=1556
2026-05-10 02:41:34 -04:00 | probe_timeout | probe_v28_dual_lane_sidecar_safety_watch.py
2026-05-10 02:41:35 -04:00 | probe_ok | probe_v28_dual_lane_live_market_update.py | elapsed_s=0.21
2026-05-10 02:41:35 -04:00 | probe_ok | probe_v28_dual_lane_readiness_checklist.py | elapsed_s=0.18
2026-05-10 02:41:35 -04:00 | probe_ok | probe_v28_dual_lane_snapshot_ledger.py | elapsed_s=0.23
2026-05-10 02:41:35 -04:00 | cycle_done | cycle=1556
2026-05-10 02:42:35 -04:00 | cycle_start | cycle=1557
2026-05-10 02:43:35 -04:00 | probe_timeout | probe_v28_dual_lane_sidecar_safety_watch.py
2026-05-10 02:43:35 -04:00 | probe_ok | probe_v28_dual_lane_live_market_update.py | elapsed_s=0.17
2026-05-10 02:43:35 -04:00 | probe_ok | probe_v28_dual_lane_readiness_checklist.py | elapsed_s=0.16
2026-05-10 02:43:36 -04:00 | probe_ok | probe_v28_dual_lane_snapshot_ledger.py | elapsed_s=0.23
2026-05-10 02:43:36 -04:00 | cycle_done | cycle=1557
2026-05-10 02:44:36 -04:00 | cycle_start | cycle=1558
2026-05-10 02:45:36 -04:00 | probe_timeout | probe_v28_dual_lane_sidecar_safety_watch.py
2026-05-10 02:45:36 -04:00 | probe_ok | probe_v28_dual_lane_live_market_update.py | elapsed_s=0.19
2026-05-10 02:45:36 -04:00 | probe_ok | probe_v28_dual_lane_readiness_checklist.py | elapsed_s=0.18
2026-05-10 02:45:36 -04:00 | probe_ok | probe_v28_dual_lane_snapshot_ledger.py | elapsed_s=0.22
2026-05-10 02:45:36 -04:00 | cycle_done | cycle=1558
2026-05-10 02:46:36 -04:00 | cycle_start | cycle=1559
2026-05-10 02:47:36 -04:00 | probe_timeout | probe_v28_dual_lane_sidecar_safety_watch.py
2026-05-10 02:47:37 -04:00 | probe_ok | probe_v28_dual_lane_live_market_update.py | elapsed_s=0.19
2026-05-10 02:47:37 -04:00 | probe_ok | probe_v28_dual_lane_readiness_checklist.py | elapsed_s=0.17
2026-05-10 02:47:37 -04:00 | probe_ok | probe_v28_dual_lane_snapshot_ledger.py | elapsed_s=0.22
2026-05-10 02:47:37 -04:00 | cycle_done | cycle=1559
2026-05-10 02:48:37 -04:00 | cycle_start | cycle=1560
2026-05-10 02:49:37 -04:00 | probe_timeout | probe_v28_dual_lane_sidecar_safety_watch.py
2026-05-10 02:49:37 -04:00 | probe_ok | probe_v28_dual_lane_live_market_update.py | elapsed_s=0.2
2026-05-10 02:49:37 -04:00 | probe_ok | probe_v28_dual_lane_readiness_checklist.py | elapsed_s=0.2
2026-05-10 02:49:38 -04:00 | probe_ok | probe_v28_dual_lane_snapshot_ledger.py | elapsed_s=0.22
2026-05-10 02:49:38 -04:00 | cycle_done | cycle=1560
2026-05-10 02:50:38 -04:00 | cycle_start | cycle=1561
2026-05-10 02:51:38 -04:00 | probe_timeout | probe_v28_dual_lane_sidecar_safety_watch.py
2026-05-10 02:51:38 -04:00 | probe_ok | probe_v28_dual_lane_live_market_update.py | elapsed_s=0.2
2026-05-10 02:51:38 -04:00 | probe_ok | probe_v28_dual_lane_readiness_checklist.py | elapsed_s=0.19
2026-05-10 02:51:38 -04:00 | probe_ok | probe_v28_dual_lane_snapshot_ledger.py | elapsed_s=0.23
2026-05-10 02:51:38 -04:00 | cycle_done | cycle=1561
2026-05-10 02:52:38 -04:00 | cycle_start | cycle=1562
2026-05-10 02:53:38 -04:00 | probe_timeout | probe_v28_dual_lane_sidecar_safety_watch.py
2026-05-10 02:53:39 -04:00 | probe_ok | probe_v28_dual_lane_live_market_update.py | elapsed_s=0.19
2026-05-10 02:53:39 -04:00 | probe_ok | probe_v28_dual_lane_readiness_checklist.py | elapsed_s=0.17
2026-05-10 02:53:39 -04:00 | probe_ok | probe_v28_dual_lane_snapshot_ledger.py | elapsed_s=0.21
2026-05-10 02:53:39 -04:00 | cycle_done | cycle=1562
2026-05-10 02:54:39 -04:00 | cycle_start | cycle=1563
2026-05-10 02:55:39 -04:00 | probe_timeout | probe_v28_dual_lane_sidecar_safety_watch.py
2026-05-10 02:55:39 -04:00 | probe_ok | probe_v28_dual_lane_live_market_update.py | elapsed_s=0.19
2026-05-10 02:55:39 -04:00 | probe_ok | probe_v28_dual_lane_readiness_checklist.py | elapsed_s=0.2
2026-05-10 02:55:40 -04:00 | probe_ok | probe_v28_dual_lane_snapshot_ledger.py | elapsed_s=0.24
2026-05-10 02:55:40 -04:00 | cycle_done | cycle=1563
2026-05-10 02:56:40 -04:00 | cycle_start | cycle=1564
2026-05-10 02:57:40 -04:00 | probe_timeout | probe_v28_dual_lane_sidecar_safety_watch.py
2026-05-10 02:57:40 -04:00 | probe_ok | probe_v28_dual_lane_live_market_update.py | elapsed_s=0.25
2026-05-10 02:57:40 -04:00 | probe_ok | probe_v28_dual_lane_readiness_checklist.py | elapsed_s=0.22
2026-05-10 02:57:40 -04:00 | probe_ok | probe_v28_dual_lane_snapshot_ledger.py | elapsed_s=0.26
2026-05-10 02:57:40 -04:00 | cycle_done | cycle=1564
2026-05-10 02:58:40 -04:00 | cycle_start | cycle=1565
2026-05-10 02:59:41 -04:00 | probe_timeout | probe_v28_dual_lane_sidecar_safety_watch.py
2026-05-10 02:59:41 -04:00 | probe_ok | probe_v28_dual_lane_live_market_update.py | elapsed_s=0.24
2026-05-10 02:59:41 -04:00 | probe_ok | probe_v28_dual_lane_readiness_checklist.py | elapsed_s=0.18
2026-05-10 02:59:41 -04:00 | probe_ok | probe_v28_dual_lane_snapshot_ledger.py | elapsed_s=0.24
2026-05-10 02:59:41 -04:00 | cycle_done | cycle=1565
2026-05-10 03:00:41 -04:00 | cycle_start | cycle=1566
2026-05-10 03:01:41 -04:00 | probe_timeout | probe_v28_dual_lane_sidecar_safety_watch.py
2026-05-10 03:01:41 -04:00 | probe_ok | probe_v28_dual_lane_live_market_update.py | elapsed_s=0.17
2026-05-10 03:01:42 -04:00 | probe_ok | probe_v28_dual_lane_readiness_checklist.py | elapsed_s=0.18
2026-05-10 03:01:42 -04:00 | probe_ok | probe_v28_dual_lane_snapshot_ledger.py | elapsed_s=0.24
2026-05-10 03:01:42 -04:00 | cycle_done | cycle=1566
2026-05-10 03:02:42 -04:00 | cycle_start | cycle=1567
2026-05-10 03:03:42 -04:00 | probe_timeout | probe_v28_dual_lane_sidecar_safety_watch.py
2026-05-10 03:03:42 -04:00 | probe_ok | probe_v28_dual_lane_live_market_update.py | elapsed_s=0.26
2026-05-10 03:03:42 -04:00 | probe_ok | probe_v28_dual_lane_readiness_checklist.py | elapsed_s=0.18
2026-05-10 03:03:43 -04:00 | probe_ok | probe_v28_dual_lane_snapshot_ledger.py | elapsed_s=0.24
2026-05-10 03:03:43 -04:00 | cycle_done | cycle=1567
2026-05-10 09:10:24 -04:00 | cycle_start | cycle=1568
2026-05-10 09:11:25 -04:00 | probe_timeout | probe_v28_dual_lane_sidecar_safety_watch.py
2026-05-10 09:11:25 -04:00 | probe_ok | probe_v28_dual_lane_live_market_update.py | elapsed_s=0.2
2026-05-10 09:11:25 -04:00 | probe_ok | probe_v28_dual_lane_readiness_checklist.py | elapsed_s=0.19
2026-05-10 09:11:25 -04:00 | probe_ok | probe_v28_dual_lane_snapshot_ledger.py | elapsed_s=0.24
2026-05-10 09:11:25 -04:00 | cycle_done | cycle=1568
2026-05-10 09:12:25 -04:00 | cycle_start | cycle=1569
2026-05-10 09:13:25 -04:00 | probe_timeout | probe_v28_dual_lane_sidecar_safety_watch.py
2026-05-10 09:13:26 -04:00 | probe_ok | probe_v28_dual_lane_live_market_update.py | elapsed_s=0.17
2026-05-10 09:13:26 -04:00 | probe_ok | probe_v28_dual_lane_readiness_checklist.py | elapsed_s=0.13
2026-05-10 09:13:26 -04:00 | probe_ok | probe_v28_dual_lane_snapshot_ledger.py | elapsed_s=0.2
2026-05-10 09:13:26 -04:00 | cycle_done | cycle=1569
2026-05-10 09:14:26 -04:00 | cycle_start | cycle=1570
2026-05-10 09:15:26 -04:00 | probe_timeout | probe_v28_dual_lane_sidecar_safety_watch.py
2026-05-10 09:15:26 -04:00 | probe_ok | probe_v28_dual_lane_live_market_update.py | elapsed_s=0.12
2026-05-10 09:15:26 -04:00 | probe_ok | probe_v28_dual_lane_readiness_checklist.py | elapsed_s=0.11
2026-05-10 09:15:26 -04:00 | probe_ok | probe_v28_dual_lane_snapshot_ledger.py | elapsed_s=0.15
2026-05-10 09:15:26 -04:00 | cycle_done | cycle=1570
2026-05-10 09:16:26 -04:00 | cycle_start | cycle=1571
2026-05-10 09:17:26 -04:00 | probe_timeout | probe_v28_dual_lane_sidecar_safety_watch.py
2026-05-10 09:17:26 -04:00 | probe_ok | probe_v28_dual_lane_live_market_update.py | elapsed_s=0.13
2026-05-10 09:17:27 -04:00 | probe_ok | probe_v28_dual_lane_readiness_checklist.py | elapsed_s=0.09
2026-05-10 09:17:27 -04:00 | probe_ok | probe_v28_dual_lane_snapshot_ledger.py | elapsed_s=0.13
2026-05-10 09:17:27 -04:00 | cycle_done | cycle=1571
2026-05-10 09:18:27 -04:00 | cycle_start | cycle=1572
2026-05-10 09:19:27 -04:00 | probe_timeout | probe_v28_dual_lane_sidecar_safety_watch.py
2026-05-10 09:19:27 -04:00 | probe_ok | probe_v28_dual_lane_live_market_update.py | elapsed_s=0.1
2026-05-10 09:19:27 -04:00 | probe_ok | probe_v28_dual_lane_readiness_checklist.py | elapsed_s=0.08
2026-05-10 09:19:27 -04:00 | probe_ok | probe_v28_dual_lane_snapshot_ledger.py | elapsed_s=0.11
2026-05-10 09:19:27 -04:00 | cycle_done | cycle=1572
2026-05-10 09:20:27 -04:00 | cycle_start | cycle=1573
2026-05-10 09:21:27 -04:00 | probe_timeout | probe_v28_dual_lane_sidecar_safety_watch.py
2026-05-10 09:21:27 -04:00 | probe_ok | probe_v28_dual_lane_live_market_update.py | elapsed_s=0.1
2026-05-10 09:21:27 -04:00 | probe_ok | probe_v28_dual_lane_readiness_checklist.py | elapsed_s=0.1
2026-05-10 09:21:27 -04:00 | probe_ok | probe_v28_dual_lane_snapshot_ledger.py | elapsed_s=0.12
2026-05-10 09:21:27 -04:00 | cycle_done | cycle=1573
2026-05-10 09:22:27 -04:00 | cycle_start | cycle=1574
2026-05-10 09:23:27 -04:00 | probe_timeout | probe_v28_dual_lane_sidecar_safety_watch.py
2026-05-10 09:23:27 -04:00 | probe_ok | probe_v28_dual_lane_live_market_update.py | elapsed_s=0.1
2026-05-10 09:23:28 -04:00 | probe_ok | probe_v28_dual_lane_readiness_checklist.py | elapsed_s=0.08
2026-05-10 09:23:28 -04:00 | probe_ok | probe_v28_dual_lane_snapshot_ledger.py | elapsed_s=0.1
2026-05-10 09:23:28 -04:00 | cycle_done | cycle=1574
2026-05-10 09:24:28 -04:00 | cycle_start | cycle=1575
2026-05-10 09:25:28 -04:00 | probe_timeout | probe_v28_dual_lane_sidecar_safety_watch.py
2026-05-10 09:25:28 -04:00 | probe_ok | probe_v28_dual_lane_live_market_update.py | elapsed_s=0.1
2026-05-10 09:25:28 -04:00 | probe_ok | probe_v28_dual_lane_readiness_checklist.py | elapsed_s=0.1
2026-05-10 09:25:28 -04:00 | probe_ok | probe_v28_dual_lane_snapshot_ledger.py | elapsed_s=0.14
2026-05-10 09:25:28 -04:00 | cycle_done | cycle=1575
2026-05-10 09:26:28 -04:00 | cycle_start | cycle=1576
2026-05-10 09:27:28 -04:00 | probe_timeout | probe_v28_dual_lane_sidecar_safety_watch.py
2026-05-10 09:27:28 -04:00 | probe_ok | probe_v28_dual_lane_live_market_update.py | elapsed_s=0.11
2026-05-10 09:27:28 -04:00 | probe_ok | probe_v28_dual_lane_readiness_checklist.py | elapsed_s=0.1
2026-05-10 09:27:29 -04:00 | probe_ok | probe_v28_dual_lane_snapshot_ledger.py | elapsed_s=0.4
2026-05-10 09:27:29 -04:00 | cycle_done | cycle=1576
2026-05-10 09:28:29 -04:00 | cycle_start | cycle=1577
2026-05-10 09:29:29 -04:00 | probe_timeout | probe_v28_dual_lane_sidecar_safety_watch.py
2026-05-10 09:29:29 -04:00 | probe_ok | probe_v28_dual_lane_live_market_update.py | elapsed_s=0.1
2026-05-10 09:29:29 -04:00 | probe_ok | probe_v28_dual_lane_readiness_checklist.py | elapsed_s=0.09
2026-05-10 09:29:29 -04:00 | probe_ok | probe_v28_dual_lane_snapshot_ledger.py | elapsed_s=0.11
2026-05-10 09:29:29 -04:00 | cycle_done | cycle=1577
2026-05-10 09:30:29 -04:00 | cycle_start | cycle=1578
2026-05-10 09:31:29 -04:00 | probe_timeout | probe_v28_dual_lane_sidecar_safety_watch.py
2026-05-10 09:31:29 -04:00 | probe_ok | probe_v28_dual_lane_live_market_update.py | elapsed_s=0.1
2026-05-10 09:31:29 -04:00 | probe_ok | probe_v28_dual_lane_readiness_checklist.py | elapsed_s=0.11
2026-05-10 09:31:29 -04:00 | probe_ok | probe_v28_dual_lane_snapshot_ledger.py | elapsed_s=0.14
2026-05-10 09:31:29 -04:00 | cycle_done | cycle=1578
2026-05-10 09:32:29 -04:00 | cycle_start | cycle=1579
2026-05-10 09:33:29 -04:00 | probe_timeout | probe_v28_dual_lane_sidecar_safety_watch.py
2026-05-10 09:33:30 -04:00 | probe_ok | probe_v28_dual_lane_live_market_update.py | elapsed_s=0.11
2026-05-10 09:33:30 -04:00 | probe_ok | probe_v28_dual_lane_readiness_checklist.py | elapsed_s=0.09
2026-05-10 09:33:30 -04:00 | probe_ok | probe_v28_dual_lane_snapshot_ledger.py | elapsed_s=0.13
2026-05-10 09:33:30 -04:00 | cycle_done | cycle=1579
2026-05-10 09:34:30 -04:00 | cycle_start | cycle=1580
2026-05-10 09:35:30 -04:00 | probe_timeout | probe_v28_dual_lane_sidecar_safety_watch.py
2026-05-10 09:35:30 -04:00 | probe_ok | probe_v28_dual_lane_live_market_update.py | elapsed_s=0.1
2026-05-10 09:35:30 -04:00 | probe_ok | probe_v28_dual_lane_readiness_checklist.py | elapsed_s=0.08
2026-05-10 09:35:30 -04:00 | probe_ok | probe_v28_dual_lane_snapshot_ledger.py | elapsed_s=0.11
2026-05-10 09:35:30 -04:00 | cycle_done | cycle=1580
2026-05-10 09:36:30 -04:00 | cycle_start | cycle=1581
2026-05-10 09:37:30 -04:00 | probe_timeout | probe_v28_dual_lane_sidecar_safety_watch.py
2026-05-10 09:37:30 -04:00 | probe_ok | probe_v28_dual_lane_live_market_update.py | elapsed_s=0.08
2026-05-10 09:37:30 -04:00 | probe_ok | probe_v28_dual_lane_readiness_checklist.py | elapsed_s=0.09
2026-05-10 09:37:30 -04:00 | probe_ok | probe_v28_dual_lane_snapshot_ledger.py | elapsed_s=0.11
2026-05-10 09:37:30 -04:00 | cycle_done | cycle=1581
2026-05-10 09:38:30 -04:00 | cycle_start | cycle=1582
2026-05-10 09:39:30 -04:00 | probe_timeout | probe_v28_dual_lane_sidecar_safety_watch.py
2026-05-10 09:39:31 -04:00 | probe_ok | probe_v28_dual_lane_live_market_update.py | elapsed_s=0.11
2026-05-10 09:39:31 -04:00 | probe_ok | probe_v28_dual_lane_readiness_checklist.py | elapsed_s=0.09
2026-05-10 09:39:31 -04:00 | probe_ok | probe_v28_dual_lane_snapshot_ledger.py | elapsed_s=0.12
2026-05-10 09:39:31 -04:00 | cycle_done | cycle=1582
2026-05-10 09:40:31 -04:00 | cycle_start | cycle=1583
2026-05-10 09:41:31 -04:00 | probe_timeout | probe_v28_dual_lane_sidecar_safety_watch.py
2026-05-10 09:41:31 -04:00 | probe_ok | probe_v28_dual_lane_live_market_update.py | elapsed_s=0.16
2026-05-10 09:41:31 -04:00 | probe_ok | probe_v28_dual_lane_readiness_checklist.py | elapsed_s=0.13
2026-05-10 09:41:31 -04:00 | probe_ok | probe_v28_dual_lane_snapshot_ledger.py | elapsed_s=0.2
2026-05-10 09:41:31 -04:00 | cycle_done | cycle=1583
2026-05-10 09:42:31 -04:00 | cycle_start | cycle=1584
2026-05-10 09:43:31 -04:00 | probe_timeout | probe_v28_dual_lane_sidecar_safety_watch.py
2026-05-10 09:43:31 -04:00 | probe_ok | probe_v28_dual_lane_live_market_update.py | elapsed_s=0.08
2026-05-10 09:43:31 -04:00 | probe_ok | probe_v28_dual_lane_readiness_checklist.py | elapsed_s=0.1
2026-05-10 09:43:32 -04:00 | probe_ok | probe_v28_dual_lane_snapshot_ledger.py | elapsed_s=0.12
2026-05-10 09:43:32 -04:00 | cycle_done | cycle=1584
2026-05-10 09:44:32 -04:00 | cycle_start | cycle=1585
2026-05-10 09:45:32 -04:00 | probe_timeout | probe_v28_dual_lane_sidecar_safety_watch.py
2026-05-10 09:45:32 -04:00 | probe_ok | probe_v28_dual_lane_live_market_update.py | elapsed_s=0.09
2026-05-10 09:45:32 -04:00 | probe_ok | probe_v28_dual_lane_readiness_checklist.py | elapsed_s=0.08
2026-05-10 09:45:32 -04:00 | probe_ok | probe_v28_dual_lane_snapshot_ledger.py | elapsed_s=0.1
2026-05-10 09:45:32 -04:00 | cycle_done | cycle=1585
2026-05-10 09:46:32 -04:00 | cycle_start | cycle=1586
2026-05-10 09:47:32 -04:00 | probe_timeout | probe_v28_dual_lane_sidecar_safety_watch.py
2026-05-10 09:47:32 -04:00 | probe_ok | probe_v28_dual_lane_live_market_update.py | elapsed_s=0.09
2026-05-10 09:47:32 -04:00 | probe_ok | probe_v28_dual_lane_readiness_checklist.py | elapsed_s=0.08
2026-05-10 09:47:32 -04:00 | probe_ok | probe_v28_dual_lane_snapshot_ledger.py | elapsed_s=0.1
2026-05-10 09:47:32 -04:00 | cycle_done | cycle=1586
2026-05-10 09:48:32 -04:00 | cycle_start | cycle=1587
2026-05-10 09:49:32 -04:00 | probe_timeout | probe_v28_dual_lane_sidecar_safety_watch.py
2026-05-10 09:49:32 -04:00 | probe_ok | probe_v28_dual_lane_live_market_update.py | elapsed_s=0.18
2026-05-10 09:49:32 -04:00 | probe_ok | probe_v28_dual_lane_readiness_checklist.py | elapsed_s=0.15
2026-05-10 09:49:33 -04:00 | probe_ok | probe_v28_dual_lane_snapshot_ledger.py | elapsed_s=0.2
2026-05-10 09:49:33 -04:00 | cycle_done | cycle=1587
2026-05-10 09:50:33 -04:00 | cycle_start | cycle=1588
2026-05-10 09:51:33 -04:00 | probe_timeout | probe_v28_dual_lane_sidecar_safety_watch.py
2026-05-10 09:51:33 -04:00 | probe_ok | probe_v28_dual_lane_live_market_update.py | elapsed_s=0.18
2026-05-10 09:51:33 -04:00 | probe_ok | probe_v28_dual_lane_readiness_checklist.py | elapsed_s=0.14
2026-05-10 09:51:33 -04:00 | probe_ok | probe_v28_dual_lane_snapshot_ledger.py | elapsed_s=0.19
2026-05-10 09:51:33 -04:00 | cycle_done | cycle=1588
2026-05-10 09:52:33 -04:00 | cycle_start | cycle=1589
2026-05-10 09:53:33 -04:00 | probe_timeout | probe_v28_dual_lane_sidecar_safety_watch.py
2026-05-10 09:53:33 -04:00 | probe_ok | probe_v28_dual_lane_live_market_update.py | elapsed_s=0.17
2026-05-10 09:53:34 -04:00 | probe_ok | probe_v28_dual_lane_readiness_checklist.py | elapsed_s=0.16
2026-05-10 09:53:34 -04:00 | probe_ok | probe_v28_dual_lane_snapshot_ledger.py | elapsed_s=0.2
2026-05-10 09:53:34 -04:00 | cycle_done | cycle=1589
2026-05-10 09:54:34 -04:00 | cycle_start | cycle=1590
2026-05-10 09:55:34 -04:00 | probe_timeout | probe_v28_dual_lane_sidecar_safety_watch.py
2026-05-10 09:55:34 -04:00 | probe_ok | probe_v28_dual_lane_live_market_update.py | elapsed_s=0.17
2026-05-10 09:55:34 -04:00 | probe_ok | probe_v28_dual_lane_readiness_checklist.py | elapsed_s=0.18
2026-05-10 09:55:34 -04:00 | probe_ok | probe_v28_dual_lane_snapshot_ledger.py | elapsed_s=0.21
2026-05-10 09:55:34 -04:00 | cycle_done | cycle=1590
2026-05-10 09:56:34 -04:00 | cycle_start | cycle=1591
2026-05-10 09:57:34 -04:00 | probe_timeout | probe_v28_dual_lane_sidecar_safety_watch.py
2026-05-10 09:57:35 -04:00 | probe_ok | probe_v28_dual_lane_live_market_update.py | elapsed_s=0.23
2026-05-10 09:57:35 -04:00 | probe_ok | probe_v28_dual_lane_readiness_checklist.py | elapsed_s=0.21
2026-05-10 09:57:35 -04:00 | probe_ok | probe_v28_dual_lane_snapshot_ledger.py | elapsed_s=0.27
2026-05-10 09:57:35 -04:00 | cycle_done | cycle=1591
2026-05-10 09:58:35 -04:00 | cycle_start | cycle=1592
2026-05-10 09:59:35 -04:00 | probe_timeout | probe_v28_dual_lane_sidecar_safety_watch.py
2026-05-10 09:59:35 -04:00 | probe_ok | probe_v28_dual_lane_live_market_update.py | elapsed_s=0.23
2026-05-10 09:59:36 -04:00 | probe_ok | probe_v28_dual_lane_readiness_checklist.py | elapsed_s=0.19
2026-05-10 09:59:36 -04:00 | probe_ok | probe_v28_dual_lane_snapshot_ledger.py | elapsed_s=0.24
2026-05-10 09:59:36 -04:00 | cycle_done | cycle=1592
2026-05-10 10:00:36 -04:00 | cycle_start | cycle=1593
2026-05-10 10:01:36 -04:00 | probe_timeout | probe_v28_dual_lane_sidecar_safety_watch.py
2026-05-10 10:01:36 -04:00 | probe_ok | probe_v28_dual_lane_live_market_update.py | elapsed_s=0.18
2026-05-10 10:01:36 -04:00 | probe_ok | probe_v28_dual_lane_readiness_checklist.py | elapsed_s=0.18
2026-05-10 10:01:37 -04:00 | probe_ok | probe_v28_dual_lane_snapshot_ledger.py | elapsed_s=0.26
2026-05-10 10:01:37 -04:00 | cycle_done | cycle=1593
2026-05-10 10:02:37 -04:00 | cycle_start | cycle=1594
2026-05-10 10:03:37 -04:00 | probe_timeout | probe_v28_dual_lane_sidecar_safety_watch.py
2026-05-10 10:03:37 -04:00 | probe_ok | probe_v28_dual_lane_live_market_update.py | elapsed_s=0.16
2026-05-10 10:03:37 -04:00 | probe_ok | probe_v28_dual_lane_readiness_checklist.py | elapsed_s=0.16
2026-05-10 10:03:37 -04:00 | probe_ok | probe_v28_dual_lane_snapshot_ledger.py | elapsed_s=0.19
2026-05-10 10:03:37 -04:00 | cycle_done | cycle=1594
2026-05-10 10:04:37 -04:00 | cycle_start | cycle=1595
2026-05-10 10:05:37 -04:00 | probe_timeout | probe_v28_dual_lane_sidecar_safety_watch.py
2026-05-10 10:05:37 -04:00 | probe_ok | probe_v28_dual_lane_live_market_update.py | elapsed_s=0.18
2026-05-10 10:05:37 -04:00 | probe_ok | probe_v28_dual_lane_readiness_checklist.py | elapsed_s=0.16
2026-05-10 10:05:38 -04:00 | probe_ok | probe_v28_dual_lane_snapshot_ledger.py | elapsed_s=0.2
2026-05-10 10:05:38 -04:00 | cycle_done | cycle=1595
2026-05-10 10:06:38 -04:00 | cycle_start | cycle=1596
2026-05-10 10:07:38 -04:00 | probe_timeout | probe_v28_dual_lane_sidecar_safety_watch.py
2026-05-10 10:07:38 -04:00 | probe_ok | probe_v28_dual_lane_live_market_update.py | elapsed_s=0.18
2026-05-10 10:07:38 -04:00 | probe_ok | probe_v28_dual_lane_readiness_checklist.py | elapsed_s=0.17
2026-05-10 10:07:38 -04:00 | probe_ok | probe_v28_dual_lane_snapshot_ledger.py | elapsed_s=0.21
2026-05-10 10:07:38 -04:00 | cycle_done | cycle=1596
2026-05-10 10:08:38 -04:00 | cycle_start | cycle=1597
2026-05-10 10:09:38 -04:00 | probe_timeout | probe_v28_dual_lane_sidecar_safety_watch.py
2026-05-10 10:09:38 -04:00 | probe_ok | probe_v28_dual_lane_live_market_update.py | elapsed_s=0.2
2026-05-10 10:09:39 -04:00 | probe_ok | probe_v28_dual_lane_readiness_checklist.py | elapsed_s=0.15
2026-05-10 10:09:39 -04:00 | probe_ok | probe_v28_dual_lane_snapshot_ledger.py | elapsed_s=0.18
2026-05-10 10:09:39 -04:00 | cycle_done | cycle=1597
2026-05-10 10:10:39 -04:00 | cycle_start | cycle=1598
2026-05-10 10:11:39 -04:00 | probe_timeout | probe_v28_dual_lane_sidecar_safety_watch.py
2026-05-10 10:11:39 -04:00 | probe_ok | probe_v28_dual_lane_live_market_update.py | elapsed_s=0.28
2026-05-10 10:11:39 -04:00 | probe_ok | probe_v28_dual_lane_readiness_checklist.py | elapsed_s=0.25
2026-05-10 10:11:40 -04:00 | probe_ok | probe_v28_dual_lane_snapshot_ledger.py | elapsed_s=0.3
2026-05-10 10:11:40 -04:00 | cycle_done | cycle=1598
2026-05-10 10:12:40 -04:00 | cycle_start | cycle=1599
2026-05-10 10:13:40 -04:00 | probe_timeout | probe_v28_dual_lane_sidecar_safety_watch.py
2026-05-10 10:13:40 -04:00 | probe_ok | probe_v28_dual_lane_live_market_update.py | elapsed_s=0.14
2026-05-10 10:13:40 -04:00 | probe_ok | probe_v28_dual_lane_readiness_checklist.py | elapsed_s=0.15
2026-05-10 10:13:40 -04:00 | probe_ok | probe_v28_dual_lane_snapshot_ledger.py | elapsed_s=0.19
2026-05-10 10:13:40 -04:00 | cycle_done | cycle=1599
2026-05-10 10:14:40 -04:00 | cycle_start | cycle=1600
2026-05-10 10:15:40 -04:00 | probe_timeout | probe_v28_dual_lane_sidecar_safety_watch.py
2026-05-10 10:15:40 -04:00 | probe_ok | probe_v28_dual_lane_live_market_update.py | elapsed_s=0.17
2026-05-10 10:15:41 -04:00 | probe_ok | probe_v28_dual_lane_readiness_checklist.py | elapsed_s=0.14
2026-05-10 10:15:41 -04:00 | probe_ok | probe_v28_dual_lane_snapshot_ledger.py | elapsed_s=0.19
2026-05-10 10:15:41 -04:00 | cycle_done | cycle=1600
2026-05-10 10:16:41 -04:00 | cycle_start | cycle=1601
2026-05-10 10:17:41 -04:00 | probe_timeout | probe_v28_dual_lane_sidecar_safety_watch.py
2026-05-10 10:17:41 -04:00 | probe_ok | probe_v28_dual_lane_live_market_update.py | elapsed_s=0.18
2026-05-10 10:17:41 -04:00 | probe_ok | probe_v28_dual_lane_readiness_checklist.py | elapsed_s=0.16
2026-05-10 10:17:41 -04:00 | probe_ok | probe_v28_dual_lane_snapshot_ledger.py | elapsed_s=0.19
2026-05-10 10:17:41 -04:00 | cycle_done | cycle=1601
2026-05-10 10:18:41 -04:00 | cycle_start | cycle=1602
2026-05-10 10:19:41 -04:00 | probe_timeout | probe_v28_dual_lane_sidecar_safety_watch.py
2026-05-10 10:19:42 -04:00 | probe_ok | probe_v28_dual_lane_live_market_update.py | elapsed_s=0.18
2026-05-10 10:19:42 -04:00 | probe_ok | probe_v28_dual_lane_readiness_checklist.py | elapsed_s=0.17
2026-05-10 10:19:42 -04:00 | probe_ok | probe_v28_dual_lane_snapshot_ledger.py | elapsed_s=0.2
2026-05-10 10:19:42 -04:00 | cycle_done | cycle=1602
2026-05-10 10:20:42 -04:00 | cycle_start | cycle=1603
2026-05-10 10:21:42 -04:00 | probe_timeout | probe_v28_dual_lane_sidecar_safety_watch.py
2026-05-10 10:21:42 -04:00 | probe_ok | probe_v28_dual_lane_live_market_update.py | elapsed_s=0.2
2026-05-10 10:21:42 -04:00 | probe_ok | probe_v28_dual_lane_readiness_checklist.py | elapsed_s=0.16
2026-05-10 10:21:43 -04:00 | probe_ok | probe_v28_dual_lane_snapshot_ledger.py | elapsed_s=0.2
2026-05-10 10:21:43 -04:00 | cycle_done | cycle=1603
2026-05-10 10:22:43 -04:00 | cycle_start | cycle=1604
2026-05-10 10:23:43 -04:00 | probe_timeout | probe_v28_dual_lane_sidecar_safety_watch.py
2026-05-10 10:23:43 -04:00 | probe_ok | probe_v28_dual_lane_live_market_update.py | elapsed_s=0.18
2026-05-10 10:23:43 -04:00 | probe_ok | probe_v28_dual_lane_readiness_checklist.py | elapsed_s=0.17
2026-05-10 10:23:43 -04:00 | probe_ok | probe_v28_dual_lane_snapshot_ledger.py | elapsed_s=0.22
2026-05-10 10:23:43 -04:00 | cycle_done | cycle=1604
2026-05-10 10:24:43 -04:00 | cycle_start | cycle=1605
2026-05-10 10:25:43 -04:00 | probe_timeout | probe_v28_dual_lane_sidecar_safety_watch.py
2026-05-10 10:25:43 -04:00 | probe_ok | probe_v28_dual_lane_live_market_update.py | elapsed_s=0.24
2026-05-10 10:25:44 -04:00 | probe_ok | probe_v28_dual_lane_readiness_checklist.py | elapsed_s=0.17
2026-05-10 10:25:44 -04:00 | probe_ok | probe_v28_dual_lane_snapshot_ledger.py | elapsed_s=0.22
2026-05-10 10:25:44 -04:00 | cycle_done | cycle=1605
2026-05-10 10:26:44 -04:00 | cycle_start | cycle=1606
2026-05-10 10:27:44 -04:00 | probe_timeout | probe_v28_dual_lane_sidecar_safety_watch.py
2026-05-10 10:27:44 -04:00 | probe_ok | probe_v28_dual_lane_live_market_update.py | elapsed_s=0.17
2026-05-10 10:27:44 -04:00 | probe_ok | probe_v28_dual_lane_readiness_checklist.py | elapsed_s=0.15
2026-05-10 10:27:44 -04:00 | probe_ok | probe_v28_dual_lane_snapshot_ledger.py | elapsed_s=0.21
2026-05-10 10:27:44 -04:00 | cycle_done | cycle=1606
2026-05-10 10:28:44 -04:00 | cycle_start | cycle=1607
2026-05-10 10:29:44 -04:00 | probe_timeout | probe_v28_dual_lane_sidecar_safety_watch.py
2026-05-10 10:29:45 -04:00 | probe_ok | probe_v28_dual_lane_live_market_update.py | elapsed_s=0.27
2026-05-10 10:29:45 -04:00 | probe_ok | probe_v28_dual_lane_readiness_checklist.py | elapsed_s=0.24
2026-05-10 10:29:45 -04:00 | probe_ok | probe_v28_dual_lane_snapshot_ledger.py | elapsed_s=0.33
2026-05-10 10:29:45 -04:00 | cycle_done | cycle=1607
2026-05-10 10:30:45 -04:00 | cycle_start | cycle=1608
2026-05-10 10:31:45 -04:00 | probe_timeout | probe_v28_dual_lane_sidecar_safety_watch.py
2026-05-10 10:31:46 -04:00 | probe_ok | probe_v28_dual_lane_live_market_update.py | elapsed_s=0.25
2026-05-10 10:31:46 -04:00 | probe_ok | probe_v28_dual_lane_readiness_checklist.py | elapsed_s=0.15
2026-05-10 10:31:46 -04:00 | probe_ok | probe_v28_dual_lane_snapshot_ledger.py | elapsed_s=0.21
2026-05-10 10:31:46 -04:00 | cycle_done | cycle=1608
2026-05-10 10:32:46 -04:00 | cycle_start | cycle=1609
2026-05-10 10:33:46 -04:00 | probe_timeout | probe_v28_dual_lane_sidecar_safety_watch.py
2026-05-10 10:33:46 -04:00 | probe_ok | probe_v28_dual_lane_live_market_update.py | elapsed_s=0.18
2026-05-10 10:33:46 -04:00 | probe_ok | probe_v28_dual_lane_readiness_checklist.py | elapsed_s=0.16
2026-05-10 10:33:47 -04:00 | probe_ok | probe_v28_dual_lane_snapshot_ledger.py | elapsed_s=0.2
2026-05-10 10:33:47 -04:00 | cycle_done | cycle=1609
2026-05-10 10:34:47 -04:00 | cycle_start | cycle=1610
2026-05-10 10:35:47 -04:00 | probe_timeout | probe_v28_dual_lane_sidecar_safety_watch.py
2026-05-10 10:35:47 -04:00 | probe_ok | probe_v28_dual_lane_live_market_update.py | elapsed_s=0.19
2026-05-10 10:35:47 -04:00 | probe_ok | probe_v28_dual_lane_readiness_checklist.py | elapsed_s=0.15
2026-05-10 10:35:47 -04:00 | probe_ok | probe_v28_dual_lane_snapshot_ledger.py | elapsed_s=0.2
2026-05-10 10:35:47 -04:00 | cycle_done | cycle=1610
2026-05-10 10:36:47 -04:00 | cycle_start | cycle=1611
2026-05-10 10:37:47 -04:00 | probe_timeout | probe_v28_dual_lane_sidecar_safety_watch.py
2026-05-10 10:37:47 -04:00 | probe_ok | probe_v28_dual_lane_live_market_update.py | elapsed_s=0.25
2026-05-10 10:37:48 -04:00 | probe_ok | probe_v28_dual_lane_readiness_checklist.py | elapsed_s=0.15
2026-05-10 10:37:48 -04:00 | probe_ok | probe_v28_dual_lane_snapshot_ledger.py | elapsed_s=0.21
2026-05-10 10:37:48 -04:00 | cycle_done | cycle=1611
2026-05-10 10:38:48 -04:00 | cycle_start | cycle=1612
2026-05-10 10:39:48 -04:00 | probe_timeout | probe_v28_dual_lane_sidecar_safety_watch.py
2026-05-10 10:39:48 -04:00 | probe_ok | probe_v28_dual_lane_live_market_update.py | elapsed_s=0.18
2026-05-10 10:39:48 -04:00 | probe_ok | probe_v28_dual_lane_readiness_checklist.py | elapsed_s=0.15
2026-05-10 10:39:48 -04:00 | probe_ok | probe_v28_dual_lane_snapshot_ledger.py | elapsed_s=0.18
2026-05-10 10:39:48 -04:00 | cycle_done | cycle=1612
2026-05-10 10:40:48 -04:00 | cycle_start | cycle=1613
2026-05-10 10:41:48 -04:00 | probe_timeout | probe_v28_dual_lane_sidecar_safety_watch.py
2026-05-10 10:41:49 -04:00 | probe_ok | probe_v28_dual_lane_live_market_update.py | elapsed_s=0.21
2026-05-10 10:41:49 -04:00 | probe_ok | probe_v28_dual_lane_readiness_checklist.py | elapsed_s=0.15
2026-05-10 10:41:49 -04:00 | probe_ok | probe_v28_dual_lane_snapshot_ledger.py | elapsed_s=0.18
2026-05-10 10:41:49 -04:00 | cycle_done | cycle=1613
2026-05-10 10:42:49 -04:00 | cycle_start | cycle=1614
2026-05-10 10:43:49 -04:00 | probe_timeout | probe_v28_dual_lane_sidecar_safety_watch.py
2026-05-10 10:43:49 -04:00 | probe_ok | probe_v28_dual_lane_live_market_update.py | elapsed_s=0.24
2026-05-10 10:43:49 -04:00 | probe_ok | probe_v28_dual_lane_readiness_checklist.py | elapsed_s=0.16
2026-05-10 10:43:50 -04:00 | probe_ok | probe_v28_dual_lane_snapshot_ledger.py | elapsed_s=0.2
2026-05-10 10:43:50 -04:00 | cycle_done | cycle=1614
2026-05-10 10:44:50 -04:00 | cycle_start | cycle=1615
2026-05-10 10:45:50 -04:00 | probe_timeout | probe_v28_dual_lane_sidecar_safety_watch.py
2026-05-10 10:45:50 -04:00 | probe_ok | probe_v28_dual_lane_live_market_update.py | elapsed_s=0.16
2026-05-10 10:45:50 -04:00 | probe_ok | probe_v28_dual_lane_readiness_checklist.py | elapsed_s=0.16
2026-05-10 10:45:50 -04:00 | probe_ok | probe_v28_dual_lane_snapshot_ledger.py | elapsed_s=0.19
2026-05-10 10:45:50 -04:00 | cycle_done | cycle=1615
2026-05-10 10:46:50 -04:00 | cycle_start | cycle=1616
2026-05-10 10:47:50 -04:00 | probe_timeout | probe_v28_dual_lane_sidecar_safety_watch.py
2026-05-10 10:47:50 -04:00 | probe_ok | probe_v28_dual_lane_live_market_update.py | elapsed_s=0.22
2026-05-10 10:47:51 -04:00 | probe_ok | probe_v28_dual_lane_readiness_checklist.py | elapsed_s=0.15
2026-05-10 10:47:51 -04:00 | probe_ok | probe_v28_dual_lane_snapshot_ledger.py | elapsed_s=0.2
2026-05-10 10:47:51 -04:00 | cycle_done | cycle=1616
2026-05-10 10:48:51 -04:00 | cycle_start | cycle=1617
2026-05-10 10:49:51 -04:00 | probe_timeout | probe_v28_dual_lane_sidecar_safety_watch.py
2026-05-10 10:49:51 -04:00 | probe_ok | probe_v28_dual_lane_live_market_update.py | elapsed_s=0.23
2026-05-10 10:49:51 -04:00 | probe_ok | probe_v28_dual_lane_readiness_checklist.py | elapsed_s=0.15
2026-05-10 10:49:51 -04:00 | probe_ok | probe_v28_dual_lane_snapshot_ledger.py | elapsed_s=0.2
2026-05-10 10:49:51 -04:00 | cycle_done | cycle=1617
2026-05-10 10:50:51 -04:00 | cycle_start | cycle=1618
2026-05-10 10:51:51 -04:00 | probe_timeout | probe_v28_dual_lane_sidecar_safety_watch.py
2026-05-10 10:51:52 -04:00 | probe_ok | probe_v28_dual_lane_live_market_update.py | elapsed_s=0.19
2026-05-10 10:51:52 -04:00 | probe_ok | probe_v28_dual_lane_readiness_checklist.py | elapsed_s=0.16
2026-05-10 10:51:52 -04:00 | probe_ok | probe_v28_dual_lane_snapshot_ledger.py | elapsed_s=0.19
2026-05-10 10:51:52 -04:00 | cycle_done | cycle=1618
2026-05-10 10:52:52 -04:00 | cycle_start | cycle=1619
2026-05-10 10:53:52 -04:00 | probe_timeout | probe_v28_dual_lane_sidecar_safety_watch.py
2026-05-10 10:53:52 -04:00 | probe_ok | probe_v28_dual_lane_live_market_update.py | elapsed_s=0.16
2026-05-10 10:53:52 -04:00 | probe_ok | probe_v28_dual_lane_readiness_checklist.py | elapsed_s=0.14
2026-05-10 10:53:53 -04:00 | probe_ok | probe_v28_dual_lane_snapshot_ledger.py | elapsed_s=0.19
2026-05-10 10:53:53 -04:00 | cycle_done | cycle=1619
2026-05-10 10:54:53 -04:00 | cycle_start | cycle=1620
2026-05-10 10:55:53 -04:00 | probe_timeout | probe_v28_dual_lane_sidecar_safety_watch.py
2026-05-10 10:55:53 -04:00 | probe_ok | probe_v28_dual_lane_live_market_update.py | elapsed_s=0.17
2026-05-10 10:55:53 -04:00 | probe_ok | probe_v28_dual_lane_readiness_checklist.py | elapsed_s=0.14
2026-05-10 10:55:53 -04:00 | probe_ok | probe_v28_dual_lane_snapshot_ledger.py | elapsed_s=0.2
2026-05-10 10:55:53 -04:00 | cycle_done | cycle=1620
2026-05-10 10:56:53 -04:00 | cycle_start | cycle=1621
2026-05-10 10:57:53 -04:00 | probe_timeout | probe_v28_dual_lane_sidecar_safety_watch.py
2026-05-10 10:57:53 -04:00 | probe_ok | probe_v28_dual_lane_live_market_update.py | elapsed_s=0.18
2026-05-10 10:57:53 -04:00 | probe_ok | probe_v28_dual_lane_readiness_checklist.py | elapsed_s=0.15
2026-05-10 10:57:54 -04:00 | probe_ok | probe_v28_dual_lane_snapshot_ledger.py | elapsed_s=0.18
2026-05-10 10:57:54 -04:00 | cycle_done | cycle=1621
2026-05-10 10:58:54 -04:00 | cycle_start | cycle=1622
2026-05-10 10:59:54 -04:00 | probe_timeout | probe_v28_dual_lane_sidecar_safety_watch.py
2026-05-10 10:59:54 -04:00 | probe_ok | probe_v28_dual_lane_live_market_update.py | elapsed_s=0.1
2026-05-10 10:59:54 -04:00 | probe_ok | probe_v28_dual_lane_readiness_checklist.py | elapsed_s=0.09
2026-05-10 10:59:54 -04:00 | probe_ok | probe_v28_dual_lane_snapshot_ledger.py | elapsed_s=0.11
2026-05-10 10:59:54 -04:00 | cycle_done | cycle=1622
2026-05-10 11:00:54 -04:00 | cycle_start | cycle=1623
2026-05-10 11:01:54 -04:00 | probe_timeout | probe_v28_dual_lane_sidecar_safety_watch.py
2026-05-10 11:01:54 -04:00 | probe_ok | probe_v28_dual_lane_live_market_update.py | elapsed_s=0.16
2026-05-10 11:01:54 -04:00 | probe_ok | probe_v28_dual_lane_readiness_checklist.py | elapsed_s=0.14
2026-05-10 11:01:54 -04:00 | probe_ok | probe_v28_dual_lane_snapshot_ledger.py | elapsed_s=0.17
2026-05-10 11:01:54 -04:00 | cycle_done | cycle=1623
2026-05-10 11:02:55 -04:00 | cycle_start | cycle=1624
2026-05-10 11:03:55 -04:00 | probe_timeout | probe_v28_dual_lane_sidecar_safety_watch.py
2026-05-10 11:03:55 -04:00 | probe_ok | probe_v28_dual_lane_live_market_update.py | elapsed_s=0.12
2026-05-10 11:03:55 -04:00 | probe_ok | probe_v28_dual_lane_readiness_checklist.py | elapsed_s=0.11
2026-05-10 11:03:55 -04:00 | probe_ok | probe_v28_dual_lane_snapshot_ledger.py | elapsed_s=0.19
2026-05-10 11:03:55 -04:00 | cycle_done | cycle=1624
2026-05-10 11:04:55 -04:00 | cycle_start | cycle=1625
2026-05-10 11:05:55 -04:00 | probe_timeout | probe_v28_dual_lane_sidecar_safety_watch.py
2026-05-10 11:05:55 -04:00 | probe_ok | probe_v28_dual_lane_live_market_update.py | elapsed_s=0.21
2026-05-10 11:05:55 -04:00 | probe_ok | probe_v28_dual_lane_readiness_checklist.py | elapsed_s=0.14
2026-05-10 11:05:56 -04:00 | probe_ok | probe_v28_dual_lane_snapshot_ledger.py | elapsed_s=0.2
2026-05-10 11:05:56 -04:00 | cycle_done | cycle=1625
2026-05-10 11:06:56 -04:00 | cycle_start | cycle=1626
2026-05-10 11:07:56 -04:00 | probe_timeout | probe_v28_dual_lane_sidecar_safety_watch.py
2026-05-10 11:07:56 -04:00 | probe_ok | probe_v28_dual_lane_live_market_update.py | elapsed_s=0.15
2026-05-10 11:07:56 -04:00 | probe_ok | probe_v28_dual_lane_readiness_checklist.py | elapsed_s=0.15
2026-05-10 11:07:56 -04:00 | probe_ok | probe_v28_dual_lane_snapshot_ledger.py | elapsed_s=0.16
2026-05-10 11:07:56 -04:00 | cycle_done | cycle=1626
2026-05-10 11:08:56 -04:00 | cycle_start | cycle=1627
2026-05-10 11:09:56 -04:00 | probe_timeout | probe_v28_dual_lane_sidecar_safety_watch.py
2026-05-10 11:09:56 -04:00 | probe_ok | probe_v28_dual_lane_live_market_update.py | elapsed_s=0.16
2026-05-10 11:09:56 -04:00 | probe_ok | probe_v28_dual_lane_readiness_checklist.py | elapsed_s=0.15
2026-05-10 11:09:57 -04:00 | probe_ok | probe_v28_dual_lane_snapshot_ledger.py | elapsed_s=0.19
2026-05-10 11:09:57 -04:00 | cycle_done | cycle=1627
2026-05-10 11:10:57 -04:00 | cycle_start | cycle=1628
2026-05-10 11:11:57 -04:00 | probe_timeout | probe_v28_dual_lane_sidecar_safety_watch.py
2026-05-10 11:11:57 -04:00 | probe_ok | probe_v28_dual_lane_live_market_update.py | elapsed_s=0.13
2026-05-10 11:11:57 -04:00 | probe_ok | probe_v28_dual_lane_readiness_checklist.py | elapsed_s=0.1
2026-05-10 11:11:57 -04:00 | probe_ok | probe_v28_dual_lane_snapshot_ledger.py | elapsed_s=0.15
2026-05-10 11:11:57 -04:00 | cycle_done | cycle=1628
2026-05-10 11:12:57 -04:00 | cycle_start | cycle=1629
2026-05-10 11:13:57 -04:00 | probe_timeout | probe_v28_dual_lane_sidecar_safety_watch.py
2026-05-10 11:13:57 -04:00 | probe_ok | probe_v28_dual_lane_live_market_update.py | elapsed_s=0.09
2026-05-10 11:13:57 -04:00 | probe_ok | probe_v28_dual_lane_readiness_checklist.py | elapsed_s=0.1
2026-05-10 11:13:57 -04:00 | probe_ok | probe_v28_dual_lane_snapshot_ledger.py | elapsed_s=0.14
2026-05-10 11:13:57 -04:00 | cycle_done | cycle=1629
2026-05-10 11:14:57 -04:00 | cycle_start | cycle=1630
2026-05-10 11:15:57 -04:00 | probe_timeout | probe_v28_dual_lane_sidecar_safety_watch.py
2026-05-10 11:15:58 -04:00 | probe_ok | probe_v28_dual_lane_live_market_update.py | elapsed_s=0.13
2026-05-10 11:15:58 -04:00 | probe_ok | probe_v28_dual_lane_readiness_checklist.py | elapsed_s=0.11
2026-05-10 11:15:58 -04:00 | probe_ok | probe_v28_dual_lane_snapshot_ledger.py | elapsed_s=0.16
2026-05-10 11:15:58 -04:00 | cycle_done | cycle=1630
2026-05-10 11:16:58 -04:00 | cycle_start | cycle=1631
2026-05-10 11:17:58 -04:00 | probe_timeout | probe_v28_dual_lane_sidecar_safety_watch.py
2026-05-10 11:17:58 -04:00 | probe_ok | probe_v28_dual_lane_live_market_update.py | elapsed_s=0.15
2026-05-10 11:17:58 -04:00 | probe_ok | probe_v28_dual_lane_readiness_checklist.py | elapsed_s=0.16
2026-05-10 11:17:58 -04:00 | probe_ok | probe_v28_dual_lane_snapshot_ledger.py | elapsed_s=0.18
2026-05-10 11:17:58 -04:00 | cycle_done | cycle=1631
2026-05-10 11:18:58 -04:00 | cycle_start | cycle=1632
2026-05-10 11:19:59 -04:00 | probe_timeout | probe_v28_dual_lane_sidecar_safety_watch.py
2026-05-10 11:19:59 -04:00 | probe_ok | probe_v28_dual_lane_live_market_update.py | elapsed_s=0.1
2026-05-10 11:19:59 -04:00 | probe_ok | probe_v28_dual_lane_readiness_checklist.py | elapsed_s=0.12
2026-05-10 11:19:59 -04:00 | probe_ok | probe_v28_dual_lane_snapshot_ledger.py | elapsed_s=0.13
2026-05-10 11:19:59 -04:00 | cycle_done | cycle=1632
2026-05-10 11:20:59 -04:00 | cycle_start | cycle=1633
2026-05-10 11:21:59 -04:00 | probe_timeout | probe_v28_dual_lane_sidecar_safety_watch.py
2026-05-10 11:21:59 -04:00 | probe_ok | probe_v28_dual_lane_live_market_update.py | elapsed_s=0.1
2026-05-10 11:21:59 -04:00 | probe_ok | probe_v28_dual_lane_readiness_checklist.py | elapsed_s=0.11
2026-05-10 11:21:59 -04:00 | probe_ok | probe_v28_dual_lane_snapshot_ledger.py | elapsed_s=0.13
2026-05-10 11:21:59 -04:00 | cycle_done | cycle=1633
2026-05-10 11:22:59 -04:00 | cycle_start | cycle=1634
2026-05-10 11:23:59 -04:00 | probe_timeout | probe_v28_dual_lane_sidecar_safety_watch.py
2026-05-10 11:23:59 -04:00 | probe_ok | probe_v28_dual_lane_live_market_update.py | elapsed_s=0.09
2026-05-10 11:23:59 -04:00 | probe_ok | probe_v28_dual_lane_readiness_checklist.py | elapsed_s=0.1
2026-05-10 11:24:00 -04:00 | probe_ok | probe_v28_dual_lane_snapshot_ledger.py | elapsed_s=0.13
2026-05-10 11:24:00 -04:00 | cycle_done | cycle=1634
2026-05-10 11:25:00 -04:00 | cycle_start | cycle=1635
2026-05-10 11:26:00 -04:00 | probe_timeout | probe_v28_dual_lane_sidecar_safety_watch.py
2026-05-10 11:26:00 -04:00 | probe_ok | probe_v28_dual_lane_live_market_update.py | elapsed_s=0.1
2026-05-10 11:26:00 -04:00 | probe_ok | probe_v28_dual_lane_readiness_checklist.py | elapsed_s=0.11
2026-05-10 11:26:00 -04:00 | probe_ok | probe_v28_dual_lane_snapshot_ledger.py | elapsed_s=0.16
2026-05-10 11:26:00 -04:00 | cycle_done | cycle=1635
2026-05-10 11:27:00 -04:00 | cycle_start | cycle=1636
2026-05-10 11:28:00 -04:00 | probe_timeout | probe_v28_dual_lane_sidecar_safety_watch.py
2026-05-10 11:28:00 -04:00 | probe_ok | probe_v28_dual_lane_live_market_update.py | elapsed_s=0.08
2026-05-10 11:28:00 -04:00 | probe_ok | probe_v28_dual_lane_readiness_checklist.py | elapsed_s=0.08
2026-05-10 11:28:00 -04:00 | probe_ok | probe_v28_dual_lane_snapshot_ledger.py | elapsed_s=0.1
2026-05-10 11:28:00 -04:00 | cycle_done | cycle=1636
2026-05-10 11:29:00 -04:00 | cycle_start | cycle=1637
2026-05-10 11:30:00 -04:00 | probe_timeout | probe_v28_dual_lane_sidecar_safety_watch.py
2026-05-10 11:30:01 -04:00 | probe_ok | probe_v28_dual_lane_live_market_update.py | elapsed_s=0.31
2026-05-10 11:30:01 -04:00 | probe_ok | probe_v28_dual_lane_readiness_checklist.py | elapsed_s=0.1
2026-05-10 11:30:01 -04:00 | probe_ok | probe_v28_dual_lane_snapshot_ledger.py | elapsed_s=0.14
2026-05-10 11:30:01 -04:00 | cycle_done | cycle=1637
2026-05-10 11:31:01 -04:00 | cycle_start | cycle=1638
2026-05-10 11:32:01 -04:00 | probe_timeout | probe_v28_dual_lane_sidecar_safety_watch.py
2026-05-10 11:32:01 -04:00 | probe_ok | probe_v28_dual_lane_live_market_update.py | elapsed_s=0.07
2026-05-10 11:32:01 -04:00 | probe_ok | probe_v28_dual_lane_readiness_checklist.py | elapsed_s=0.09
2026-05-10 11:32:01 -04:00 | probe_ok | probe_v28_dual_lane_snapshot_ledger.py | elapsed_s=0.12
2026-05-10 11:32:01 -04:00 | cycle_done | cycle=1638
2026-05-10 11:33:01 -04:00 | cycle_start | cycle=1639
2026-05-10 11:34:01 -04:00 | probe_timeout | probe_v28_dual_lane_sidecar_safety_watch.py
2026-05-10 11:34:01 -04:00 | probe_ok | probe_v28_dual_lane_live_market_update.py | elapsed_s=0.08
2026-05-10 11:34:01 -04:00 | probe_ok | probe_v28_dual_lane_readiness_checklist.py | elapsed_s=0.07
2026-05-10 11:34:02 -04:00 | probe_ok | probe_v28_dual_lane_snapshot_ledger.py | elapsed_s=0.1
2026-05-10 11:34:02 -04:00 | cycle_done | cycle=1639
2026-05-10 11:35:02 -04:00 | cycle_start | cycle=1640
2026-05-10 11:36:02 -04:00 | probe_timeout | probe_v28_dual_lane_sidecar_safety_watch.py
2026-05-10 11:36:02 -04:00 | probe_ok | probe_v28_dual_lane_live_market_update.py | elapsed_s=0.12
2026-05-10 11:36:02 -04:00 | probe_ok | probe_v28_dual_lane_readiness_checklist.py | elapsed_s=0.11
2026-05-10 11:36:02 -04:00 | probe_ok | probe_v28_dual_lane_snapshot_ledger.py | elapsed_s=0.13
2026-05-10 11:36:02 -04:00 | cycle_done | cycle=1640
2026-05-10 11:37:02 -04:00 | cycle_start | cycle=1641
2026-05-10 11:38:02 -04:00 | probe_timeout | probe_v28_dual_lane_sidecar_safety_watch.py
2026-05-10 11:38:02 -04:00 | probe_ok | probe_v28_dual_lane_live_market_update.py | elapsed_s=0.09
2026-05-10 11:38:02 -04:00 | probe_ok | probe_v28_dual_lane_readiness_checklist.py | elapsed_s=0.08
2026-05-10 11:38:02 -04:00 | probe_ok | probe_v28_dual_lane_snapshot_ledger.py | elapsed_s=0.12
2026-05-10 11:38:02 -04:00 | cycle_done | cycle=1641
2026-05-10 11:39:02 -04:00 | cycle_start | cycle=1642
2026-05-10 11:40:02 -04:00 | probe_timeout | probe_v28_dual_lane_sidecar_safety_watch.py
2026-05-10 11:40:02 -04:00 | probe_ok | probe_v28_dual_lane_live_market_update.py | elapsed_s=0.14
2026-05-10 11:40:03 -04:00 | probe_ok | probe_v28_dual_lane_readiness_checklist.py | elapsed_s=0.12
2026-05-10 11:40:03 -04:00 | probe_ok | probe_v28_dual_lane_snapshot_ledger.py | elapsed_s=0.14
2026-05-10 11:40:03 -04:00 | cycle_done | cycle=1642
2026-05-10 11:41:03 -04:00 | cycle_start | cycle=1643
2026-05-10 11:42:03 -04:00 | probe_timeout | probe_v28_dual_lane_sidecar_safety_watch.py
2026-05-10 11:42:03 -04:00 | probe_ok | probe_v28_dual_lane_live_market_update.py | elapsed_s=0.11
2026-05-10 11:42:03 -04:00 | probe_ok | probe_v28_dual_lane_readiness_checklist.py | elapsed_s=0.07
2026-05-10 11:42:03 -04:00 | probe_ok | probe_v28_dual_lane_snapshot_ledger.py | elapsed_s=0.09
2026-05-10 11:42:03 -04:00 | cycle_done | cycle=1643
2026-05-10 11:43:03 -04:00 | cycle_start | cycle=1644
2026-05-10 11:44:03 -04:00 | probe_timeout | probe_v28_dual_lane_sidecar_safety_watch.py
2026-05-10 11:44:03 -04:00 | probe_ok | probe_v28_dual_lane_live_market_update.py | elapsed_s=0.1
2026-05-10 11:44:03 -04:00 | probe_ok | probe_v28_dual_lane_readiness_checklist.py | elapsed_s=0.1
2026-05-10 11:44:03 -04:00 | probe_ok | probe_v28_dual_lane_snapshot_ledger.py | elapsed_s=0.12
2026-05-10 11:44:03 -04:00 | cycle_done | cycle=1644
2026-05-10 11:45:03 -04:00 | cycle_start | cycle=1645
2026-05-10 11:46:03 -04:00 | probe_timeout | probe_v28_dual_lane_sidecar_safety_watch.py
2026-05-10 11:46:03 -04:00 | probe_ok | probe_v28_dual_lane_live_market_update.py | elapsed_s=0.09
2026-05-10 11:46:04 -04:00 | probe_ok | probe_v28_dual_lane_readiness_checklist.py | elapsed_s=0.1
2026-05-10 11:46:04 -04:00 | probe_ok | probe_v28_dual_lane_snapshot_ledger.py | elapsed_s=0.13
2026-05-10 11:46:04 -04:00 | cycle_done | cycle=1645
2026-05-10 11:47:04 -04:00 | cycle_start | cycle=1646
2026-05-10 11:48:04 -04:00 | probe_timeout | probe_v28_dual_lane_sidecar_safety_watch.py
2026-05-10 11:48:04 -04:00 | probe_ok | probe_v28_dual_lane_live_market_update.py | elapsed_s=0.08
2026-05-10 11:48:04 -04:00 | probe_ok | probe_v28_dual_lane_readiness_checklist.py | elapsed_s=0.09
2026-05-10 11:48:04 -04:00 | probe_ok | probe_v28_dual_lane_snapshot_ledger.py | elapsed_s=0.13
2026-05-10 11:48:04 -04:00 | cycle_done | cycle=1646
2026-05-10 11:49:04 -04:00 | cycle_start | cycle=1647
2026-05-10 11:50:04 -04:00 | probe_timeout | probe_v28_dual_lane_sidecar_safety_watch.py
2026-05-10 11:50:04 -04:00 | probe_ok | probe_v28_dual_lane_live_market_update.py | elapsed_s=0.08
2026-05-10 11:50:04 -04:00 | probe_ok | probe_v28_dual_lane_readiness_checklist.py | elapsed_s=0.09
2026-05-10 11:50:04 -04:00 | probe_ok | probe_v28_dual_lane_snapshot_ledger.py | elapsed_s=0.11
2026-05-10 11:50:04 -04:00 | cycle_done | cycle=1647
2026-05-10 11:51:04 -04:00 | cycle_start | cycle=1648
2026-05-10 11:52:04 -04:00 | probe_timeout | probe_v28_dual_lane_sidecar_safety_watch.py
2026-05-10 11:52:05 -04:00 | probe_ok | probe_v28_dual_lane_live_market_update.py | elapsed_s=0.13
2026-05-10 11:52:05 -04:00 | probe_ok | probe_v28_dual_lane_readiness_checklist.py | elapsed_s=0.11
2026-05-10 11:52:05 -04:00 | probe_ok | probe_v28_dual_lane_snapshot_ledger.py | elapsed_s=0.14
2026-05-10 11:52:05 -04:00 | cycle_done | cycle=1648
2026-05-10 11:53:05 -04:00 | cycle_start | cycle=1649
2026-05-10 11:54:05 -04:00 | probe_timeout | probe_v28_dual_lane_sidecar_safety_watch.py
2026-05-10 11:54:05 -04:00 | probe_ok | probe_v28_dual_lane_live_market_update.py | elapsed_s=0.15
2026-05-10 11:54:05 -04:00 | probe_ok | probe_v28_dual_lane_readiness_checklist.py | elapsed_s=0.13
2026-05-10 11:54:05 -04:00 | probe_ok | probe_v28_dual_lane_snapshot_ledger.py | elapsed_s=0.17
2026-05-10 11:54:05 -04:00 | cycle_done | cycle=1649
2026-05-10 11:55:05 -04:00 | cycle_start | cycle=1650
2026-05-10 11:56:05 -04:00 | probe_timeout | probe_v28_dual_lane_sidecar_safety_watch.py
2026-05-10 11:56:05 -04:00 | probe_ok | probe_v28_dual_lane_live_market_update.py | elapsed_s=0.09
2026-05-10 11:56:05 -04:00 | probe_ok | probe_v28_dual_lane_readiness_checklist.py | elapsed_s=0.08
2026-05-10 11:56:06 -04:00 | probe_ok | probe_v28_dual_lane_snapshot_ledger.py | elapsed_s=0.12
2026-05-10 11:56:06 -04:00 | cycle_done | cycle=1650
2026-05-10 11:57:06 -04:00 | cycle_start | cycle=1651
2026-05-10 11:58:06 -04:00 | probe_timeout | probe_v28_dual_lane_sidecar_safety_watch.py
2026-05-10 11:58:06 -04:00 | probe_ok | probe_v28_dual_lane_live_market_update.py | elapsed_s=0.11
2026-05-10 11:58:06 -04:00 | probe_ok | probe_v28_dual_lane_readiness_checklist.py | elapsed_s=0.09
2026-05-10 11:58:06 -04:00 | probe_ok | probe_v28_dual_lane_snapshot_ledger.py | elapsed_s=0.11
2026-05-10 11:58:06 -04:00 | cycle_done | cycle=1651
2026-05-10 11:59:06 -04:00 | cycle_start | cycle=1652
2026-05-10 12:00:06 -04:00 | probe_timeout | probe_v28_dual_lane_sidecar_safety_watch.py
2026-05-10 12:00:06 -04:00 | probe_ok | probe_v28_dual_lane_live_market_update.py | elapsed_s=0.08
2026-05-10 12:00:06 -04:00 | probe_ok | probe_v28_dual_lane_readiness_checklist.py | elapsed_s=0.09
2026-05-10 12:00:06 -04:00 | probe_ok | probe_v28_dual_lane_snapshot_ledger.py | elapsed_s=0.12
2026-05-10 12:00:06 -04:00 | cycle_done | cycle=1652
2026-05-10 12:01:06 -04:00 | cycle_start | cycle=1653
2026-05-10 12:02:06 -04:00 | probe_timeout | probe_v28_dual_lane_sidecar_safety_watch.py
2026-05-10 12:02:06 -04:00 | probe_ok | probe_v28_dual_lane_live_market_update.py | elapsed_s=0.08
2026-05-10 12:02:06 -04:00 | probe_ok | probe_v28_dual_lane_readiness_checklist.py | elapsed_s=0.08
2026-05-10 12:02:07 -04:00 | probe_ok | probe_v28_dual_lane_snapshot_ledger.py | elapsed_s=0.11
2026-05-10 12:02:07 -04:00 | cycle_done | cycle=1653
2026-05-10 12:03:07 -04:00 | cycle_start | cycle=1654
2026-05-10 12:04:07 -04:00 | probe_timeout | probe_v28_dual_lane_sidecar_safety_watch.py
2026-05-10 12:04:07 -04:00 | probe_ok | probe_v28_dual_lane_live_market_update.py | elapsed_s=0.12
2026-05-10 12:04:07 -04:00 | probe_ok | probe_v28_dual_lane_readiness_checklist.py | elapsed_s=0.11
2026-05-10 12:04:07 -04:00 | probe_ok | probe_v28_dual_lane_snapshot_ledger.py | elapsed_s=0.15
2026-05-10 12:04:07 -04:00 | cycle_done | cycle=1654
2026-05-10 12:05:07 -04:00 | cycle_start | cycle=1655
2026-05-10 12:06:07 -04:00 | probe_timeout | probe_v28_dual_lane_sidecar_safety_watch.py
2026-05-10 12:06:07 -04:00 | probe_ok | probe_v28_dual_lane_live_market_update.py | elapsed_s=0.09
2026-05-10 12:06:07 -04:00 | probe_ok | probe_v28_dual_lane_readiness_checklist.py | elapsed_s=0.08
2026-05-10 12:06:07 -04:00 | probe_ok | probe_v28_dual_lane_snapshot_ledger.py | elapsed_s=0.1
2026-05-10 12:06:07 -04:00 | cycle_done | cycle=1655
2026-05-10 12:07:07 -04:00 | cycle_start | cycle=1656
2026-05-10 12:08:07 -04:00 | probe_timeout | probe_v28_dual_lane_sidecar_safety_watch.py
2026-05-10 12:08:07 -04:00 | probe_ok | probe_v28_dual_lane_live_market_update.py | elapsed_s=0.09
2026-05-10 12:08:08 -04:00 | probe_ok | probe_v28_dual_lane_readiness_checklist.py | elapsed_s=0.11
2026-05-10 12:08:08 -04:00 | probe_ok | probe_v28_dual_lane_snapshot_ledger.py | elapsed_s=0.13
2026-05-10 12:08:08 -04:00 | cycle_done | cycle=1656
2026-05-10 12:09:08 -04:00 | cycle_start | cycle=1657
2026-05-10 12:10:08 -04:00 | probe_timeout | probe_v28_dual_lane_sidecar_safety_watch.py
2026-05-10 12:10:08 -04:00 | probe_ok | probe_v28_dual_lane_live_market_update.py | elapsed_s=0.08
2026-05-10 12:10:08 -04:00 | probe_ok | probe_v28_dual_lane_readiness_checklist.py | elapsed_s=0.08
2026-05-10 12:10:08 -04:00 | probe_ok | probe_v28_dual_lane_snapshot_ledger.py | elapsed_s=0.1
2026-05-10 12:10:08 -04:00 | cycle_done | cycle=1657
2026-05-10 12:11:08 -04:00 | cycle_start | cycle=1658
2026-05-10 12:12:08 -04:00 | probe_timeout | probe_v28_dual_lane_sidecar_safety_watch.py
2026-05-10 12:12:08 -04:00 | probe_ok | probe_v28_dual_lane_live_market_update.py | elapsed_s=0.1
2026-05-10 12:12:08 -04:00 | probe_ok | probe_v28_dual_lane_readiness_checklist.py | elapsed_s=0.1
2026-05-10 12:12:08 -04:00 | probe_ok | probe_v28_dual_lane_snapshot_ledger.py | elapsed_s=0.13
2026-05-10 12:12:08 -04:00 | cycle_done | cycle=1658
2026-05-10 12:13:08 -04:00 | cycle_start | cycle=1659
2026-05-10 12:14:08 -04:00 | probe_timeout | probe_v28_dual_lane_sidecar_safety_watch.py
2026-05-10 12:14:08 -04:00 | probe_ok | probe_v28_dual_lane_live_market_update.py | elapsed_s=0.08
2026-05-10 12:14:09 -04:00 | probe_ok | probe_v28_dual_lane_readiness_checklist.py | elapsed_s=0.08
2026-05-10 12:14:09 -04:00 | probe_ok | probe_v28_dual_lane_snapshot_ledger.py | elapsed_s=0.11
2026-05-10 12:14:09 -04:00 | cycle_done | cycle=1659
2026-05-10 12:15:09 -04:00 | cycle_start | cycle=1660
2026-05-10 12:16:09 -04:00 | probe_timeout | probe_v28_dual_lane_sidecar_safety_watch.py
2026-05-10 12:16:09 -04:00 | probe_ok | probe_v28_dual_lane_live_market_update.py | elapsed_s=0.13
2026-05-10 12:16:09 -04:00 | probe_ok | probe_v28_dual_lane_readiness_checklist.py | elapsed_s=0.09
2026-05-10 12:16:09 -04:00 | probe_ok | probe_v28_dual_lane_snapshot_ledger.py | elapsed_s=0.11
2026-05-10 12:16:09 -04:00 | cycle_done | cycle=1660
2026-05-10 12:17:09 -04:00 | cycle_start | cycle=1661
2026-05-10 12:18:09 -04:00 | probe_timeout | probe_v28_dual_lane_sidecar_safety_watch.py
2026-05-10 12:18:09 -04:00 | probe_ok | probe_v28_dual_lane_live_market_update.py | elapsed_s=0.1
2026-05-10 12:18:09 -04:00 | probe_ok | probe_v28_dual_lane_readiness_checklist.py | elapsed_s=0.1
2026-05-10 12:18:09 -04:00 | probe_ok | probe_v28_dual_lane_snapshot_ledger.py | elapsed_s=0.12
2026-05-10 12:18:09 -04:00 | cycle_done | cycle=1661
2026-05-10 12:19:09 -04:00 | cycle_start | cycle=1662
2026-05-10 12:20:09 -04:00 | probe_timeout | probe_v28_dual_lane_sidecar_safety_watch.py
2026-05-10 12:20:10 -04:00 | probe_ok | probe_v28_dual_lane_live_market_update.py | elapsed_s=0.08
2026-05-10 12:20:10 -04:00 | probe_ok | probe_v28_dual_lane_readiness_checklist.py | elapsed_s=0.07
2026-05-10 12:20:10 -04:00 | probe_ok | probe_v28_dual_lane_snapshot_ledger.py | elapsed_s=0.11
2026-05-10 12:20:10 -04:00 | cycle_done | cycle=1662
2026-05-10 12:21:10 -04:00 | cycle_start | cycle=1663
2026-05-10 12:22:10 -04:00 | probe_timeout | probe_v28_dual_lane_sidecar_safety_watch.py
2026-05-10 12:22:10 -04:00 | probe_ok | probe_v28_dual_lane_live_market_update.py | elapsed_s=0.11
2026-05-10 12:22:10 -04:00 | probe_ok | probe_v28_dual_lane_readiness_checklist.py | elapsed_s=0.13
2026-05-10 12:22:10 -04:00 | probe_ok | probe_v28_dual_lane_snapshot_ledger.py | elapsed_s=0.17
2026-05-10 12:22:10 -04:00 | cycle_done | cycle=1663
2026-05-10 12:23:10 -04:00 | cycle_start | cycle=1664
2026-05-10 12:24:10 -04:00 | probe_timeout | probe_v28_dual_lane_sidecar_safety_watch.py
2026-05-10 12:24:10 -04:00 | probe_ok | probe_v28_dual_lane_live_market_update.py | elapsed_s=0.12
2026-05-10 12:24:10 -04:00 | probe_ok | probe_v28_dual_lane_readiness_checklist.py | elapsed_s=0.14
2026-05-10 12:24:11 -04:00 | probe_ok | probe_v28_dual_lane_snapshot_ledger.py | elapsed_s=0.17
2026-05-10 12:24:11 -04:00 | cycle_done | cycle=1664
2026-05-10 12:25:11 -04:00 | cycle_start | cycle=1665
2026-05-10 12:26:11 -04:00 | probe_timeout | probe_v28_dual_lane_sidecar_safety_watch.py
2026-05-10 12:26:11 -04:00 | probe_ok | probe_v28_dual_lane_live_market_update.py | elapsed_s=0.15
2026-05-10 12:26:11 -04:00 | probe_ok | probe_v28_dual_lane_readiness_checklist.py | elapsed_s=0.13
2026-05-10 12:26:11 -04:00 | probe_ok | probe_v28_dual_lane_snapshot_ledger.py | elapsed_s=0.16
2026-05-10 12:26:11 -04:00 | cycle_done | cycle=1665
2026-05-10 12:27:11 -04:00 | cycle_start | cycle=1666
2026-05-10 12:28:11 -04:00 | probe_timeout | probe_v28_dual_lane_sidecar_safety_watch.py
2026-05-10 12:28:11 -04:00 | probe_ok | probe_v28_dual_lane_live_market_update.py | elapsed_s=0.09
2026-05-10 12:28:12 -04:00 | probe_ok | probe_v28_dual_lane_readiness_checklist.py | elapsed_s=0.1
2026-05-10 12:28:12 -04:00 | probe_ok | probe_v28_dual_lane_snapshot_ledger.py | elapsed_s=0.1
2026-05-10 12:28:12 -04:00 | cycle_done | cycle=1666
2026-05-10 12:29:12 -04:00 | cycle_start | cycle=1667
2026-05-10 12:30:12 -04:00 | probe_timeout | probe_v28_dual_lane_sidecar_safety_watch.py
2026-05-10 12:30:12 -04:00 | probe_ok | probe_v28_dual_lane_live_market_update.py | elapsed_s=0.12
2026-05-10 12:30:12 -04:00 | probe_ok | probe_v28_dual_lane_readiness_checklist.py | elapsed_s=0.1
2026-05-10 12:30:12 -04:00 | probe_ok | probe_v28_dual_lane_snapshot_ledger.py | elapsed_s=0.12
2026-05-10 12:30:12 -04:00 | cycle_done | cycle=1667
2026-05-10 12:31:12 -04:00 | cycle_start | cycle=1668
2026-05-10 12:32:12 -04:00 | probe_timeout | probe_v28_dual_lane_sidecar_safety_watch.py
2026-05-10 12:32:12 -04:00 | probe_ok | probe_v28_dual_lane_live_market_update.py | elapsed_s=0.14
2026-05-10 12:32:12 -04:00 | probe_ok | probe_v28_dual_lane_readiness_checklist.py | elapsed_s=0.14
2026-05-10 12:32:13 -04:00 | probe_ok | probe_v28_dual_lane_snapshot_ledger.py | elapsed_s=0.2
2026-05-10 12:32:13 -04:00 | cycle_done | cycle=1668
2026-05-10 12:33:13 -04:00 | cycle_start | cycle=1669
2026-05-10 12:34:13 -04:00 | probe_timeout | probe_v28_dual_lane_sidecar_safety_watch.py
2026-05-10 12:34:13 -04:00 | probe_ok | probe_v28_dual_lane_live_market_update.py | elapsed_s=0.08
2026-05-10 12:34:13 -04:00 | probe_ok | probe_v28_dual_lane_readiness_checklist.py | elapsed_s=0.08
2026-05-10 12:34:13 -04:00 | probe_ok | probe_v28_dual_lane_snapshot_ledger.py | elapsed_s=0.11
2026-05-10 12:34:13 -04:00 | cycle_done | cycle=1669
2026-05-10 12:35:13 -04:00 | cycle_start | cycle=1670
2026-05-10 12:36:13 -04:00 | probe_timeout | probe_v28_dual_lane_sidecar_safety_watch.py
2026-05-10 12:36:13 -04:00 | probe_ok | probe_v28_dual_lane_live_market_update.py | elapsed_s=0.1
2026-05-10 12:36:13 -04:00 | probe_ok | probe_v28_dual_lane_readiness_checklist.py | elapsed_s=0.1
2026-05-10 12:36:13 -04:00 | probe_ok | probe_v28_dual_lane_snapshot_ledger.py | elapsed_s=0.14
2026-05-10 12:36:13 -04:00 | cycle_done | cycle=1670
2026-05-10 12:37:13 -04:00 | cycle_start | cycle=1671
2026-05-10 12:38:13 -04:00 | probe_timeout | probe_v28_dual_lane_sidecar_safety_watch.py
2026-05-10 12:38:13 -04:00 | probe_ok | probe_v28_dual_lane_live_market_update.py | elapsed_s=0.09
2026-05-10 12:38:13 -04:00 | probe_ok | probe_v28_dual_lane_readiness_checklist.py | elapsed_s=0.08
2026-05-10 12:38:14 -04:00 | probe_ok | probe_v28_dual_lane_snapshot_ledger.py | elapsed_s=0.1
2026-05-10 12:38:14 -04:00 | cycle_done | cycle=1671
2026-05-10 12:39:14 -04:00 | cycle_start | cycle=1672
2026-05-10 12:40:14 -04:00 | probe_timeout | probe_v28_dual_lane_sidecar_safety_watch.py
2026-05-10 12:40:14 -04:00 | probe_ok | probe_v28_dual_lane_live_market_update.py | elapsed_s=0.09
2026-05-10 12:40:14 -04:00 | probe_ok | probe_v28_dual_lane_readiness_checklist.py | elapsed_s=0.08
2026-05-10 12:40:14 -04:00 | probe_ok | probe_v28_dual_lane_snapshot_ledger.py | elapsed_s=0.13
2026-05-10 12:40:14 -04:00 | cycle_done | cycle=1672
2026-05-10 12:41:14 -04:00 | cycle_start | cycle=1673
2026-05-10 12:42:14 -04:00 | probe_timeout | probe_v28_dual_lane_sidecar_safety_watch.py
2026-05-10 12:42:14 -04:00 | probe_ok | probe_v28_dual_lane_live_market_update.py | elapsed_s=0.1
2026-05-10 12:42:14 -04:00 | probe_ok | probe_v28_dual_lane_readiness_checklist.py | elapsed_s=0.08
2026-05-10 12:42:14 -04:00 | probe_ok | probe_v28_dual_lane_snapshot_ledger.py | elapsed_s=0.12
2026-05-10 12:42:14 -04:00 | cycle_done | cycle=1673
2026-05-10 12:43:14 -04:00 | cycle_start | cycle=1674
2026-05-10 12:44:14 -04:00 | probe_timeout | probe_v28_dual_lane_sidecar_safety_watch.py
2026-05-10 12:44:14 -04:00 | probe_ok | probe_v28_dual_lane_live_market_update.py | elapsed_s=0.08
2026-05-10 12:44:14 -04:00 | probe_ok | probe_v28_dual_lane_readiness_checklist.py | elapsed_s=0.08
2026-05-10 12:44:15 -04:00 | probe_ok | probe_v28_dual_lane_snapshot_ledger.py | elapsed_s=0.11
2026-05-10 12:44:15 -04:00 | cycle_done | cycle=1674
2026-05-10 12:45:15 -04:00 | cycle_start | cycle=1675
2026-05-10 12:46:15 -04:00 | probe_timeout | probe_v28_dual_lane_sidecar_safety_watch.py
2026-05-10 12:46:15 -04:00 | probe_ok | probe_v28_dual_lane_live_market_update.py | elapsed_s=0.08
2026-05-10 12:46:15 -04:00 | probe_ok | probe_v28_dual_lane_readiness_checklist.py | elapsed_s=0.09
2026-05-10 12:46:15 -04:00 | probe_ok | probe_v28_dual_lane_snapshot_ledger.py | elapsed_s=0.11
2026-05-10 12:46:15 -04:00 | cycle_done | cycle=1675
2026-05-10 12:47:15 -04:00 | cycle_start | cycle=1676
2026-05-10 12:48:15 -04:00 | probe_timeout | probe_v28_dual_lane_sidecar_safety_watch.py
2026-05-10 12:48:15 -04:00 | probe_ok | probe_v28_dual_lane_live_market_update.py | elapsed_s=0.1
2026-05-10 12:48:15 -04:00 | probe_ok | probe_v28_dual_lane_readiness_checklist.py | elapsed_s=0.11
2026-05-10 12:48:15 -04:00 | probe_ok | probe_v28_dual_lane_snapshot_ledger.py | elapsed_s=0.14
2026-05-10 12:48:15 -04:00 | cycle_done | cycle=1676
2026-05-10 12:49:15 -04:00 | cycle_start | cycle=1677
2026-05-10 12:50:15 -04:00 | probe_timeout | probe_v28_dual_lane_sidecar_safety_watch.py
2026-05-10 12:50:15 -04:00 | probe_ok | probe_v28_dual_lane_live_market_update.py | elapsed_s=0.15
2026-05-10 12:50:16 -04:00 | probe_ok | probe_v28_dual_lane_readiness_checklist.py | elapsed_s=0.12
2026-05-10 12:50:16 -04:00 | probe_ok | probe_v28_dual_lane_snapshot_ledger.py | elapsed_s=0.17
2026-05-10 12:50:16 -04:00 | cycle_done | cycle=1677
2026-05-10 12:51:16 -04:00 | cycle_start | cycle=1678
2026-05-10 12:52:16 -04:00 | probe_timeout | probe_v28_dual_lane_sidecar_safety_watch.py
2026-05-10 12:52:16 -04:00 | probe_ok | probe_v28_dual_lane_live_market_update.py | elapsed_s=0.16
2026-05-10 12:52:16 -04:00 | probe_ok | probe_v28_dual_lane_readiness_checklist.py | elapsed_s=0.15
2026-05-10 12:52:16 -04:00 | probe_ok | probe_v28_dual_lane_snapshot_ledger.py | elapsed_s=0.18
2026-05-10 12:52:16 -04:00 | cycle_done | cycle=1678
2026-05-10 12:53:16 -04:00 | cycle_start | cycle=1679
2026-05-10 12:54:16 -04:00 | probe_timeout | probe_v28_dual_lane_sidecar_safety_watch.py
2026-05-10 12:54:16 -04:00 | probe_ok | probe_v28_dual_lane_live_market_update.py | elapsed_s=0.15
2026-05-10 12:54:17 -04:00 | probe_ok | probe_v28_dual_lane_readiness_checklist.py | elapsed_s=0.14
2026-05-10 12:54:17 -04:00 | probe_ok | probe_v28_dual_lane_snapshot_ledger.py | elapsed_s=0.17
2026-05-10 12:54:17 -04:00 | cycle_done | cycle=1679
2026-05-10 12:55:17 -04:00 | cycle_start | cycle=1680
2026-05-10 12:56:17 -04:00 | probe_timeout | probe_v28_dual_lane_sidecar_safety_watch.py
2026-05-10 12:56:17 -04:00 | probe_ok | probe_v28_dual_lane_live_market_update.py | elapsed_s=0.16
2026-05-10 12:56:17 -04:00 | probe_ok | probe_v28_dual_lane_readiness_checklist.py | elapsed_s=0.15
2026-05-10 12:56:17 -04:00 | probe_ok | probe_v28_dual_lane_snapshot_ledger.py | elapsed_s=0.18
2026-05-10 12:56:17 -04:00 | cycle_done | cycle=1680
2026-05-10 12:57:17 -04:00 | cycle_start | cycle=1681
2026-05-10 12:58:17 -04:00 | probe_timeout | probe_v28_dual_lane_sidecar_safety_watch.py
2026-05-10 12:58:18 -04:00 | probe_ok | probe_v28_dual_lane_live_market_update.py | elapsed_s=0.25
2026-05-10 12:58:18 -04:00 | probe_ok | probe_v28_dual_lane_readiness_checklist.py | elapsed_s=0.18
2026-05-10 12:58:18 -04:00 | probe_ok | probe_v28_dual_lane_snapshot_ledger.py | elapsed_s=0.25
2026-05-10 12:58:18 -04:00 | cycle_done | cycle=1681
2026-05-10 12:59:18 -04:00 | cycle_start | cycle=1682
2026-05-10 13:00:18 -04:00 | probe_timeout | probe_v28_dual_lane_sidecar_safety_watch.py
2026-05-10 13:00:18 -04:00 | probe_ok | probe_v28_dual_lane_live_market_update.py | elapsed_s=0.19
2026-05-10 13:00:18 -04:00 | probe_ok | probe_v28_dual_lane_readiness_checklist.py | elapsed_s=0.17
2026-05-10 13:00:19 -04:00 | probe_ok | probe_v28_dual_lane_snapshot_ledger.py | elapsed_s=0.2
2026-05-10 13:00:19 -04:00 | cycle_done | cycle=1682
2026-05-10 13:01:19 -04:00 | cycle_start | cycle=1683
2026-05-10 13:02:19 -04:00 | probe_timeout | probe_v28_dual_lane_sidecar_safety_watch.py
2026-05-10 13:02:19 -04:00 | probe_ok | probe_v28_dual_lane_live_market_update.py | elapsed_s=0.2
2026-05-10 13:02:19 -04:00 | probe_ok | probe_v28_dual_lane_readiness_checklist.py | elapsed_s=0.14
2026-05-10 13:02:19 -04:00 | probe_ok | probe_v28_dual_lane_snapshot_ledger.py | elapsed_s=0.18
2026-05-10 13:02:19 -04:00 | cycle_done | cycle=1683
2026-05-10 13:03:19 -04:00 | cycle_start | cycle=1684
2026-05-10 13:04:19 -04:00 | probe_timeout | probe_v28_dual_lane_sidecar_safety_watch.py
2026-05-10 13:04:19 -04:00 | probe_ok | probe_v28_dual_lane_live_market_update.py | elapsed_s=0.18
2026-05-10 13:04:20 -04:00 | probe_ok | probe_v28_dual_lane_readiness_checklist.py | elapsed_s=0.15
2026-05-10 13:04:20 -04:00 | probe_ok | probe_v28_dual_lane_snapshot_ledger.py | elapsed_s=0.23
2026-05-10 13:04:20 -04:00 | cycle_done | cycle=1684
2026-05-10 13:05:20 -04:00 | cycle_start | cycle=1685
2026-05-10 13:06:20 -04:00 | probe_timeout | probe_v28_dual_lane_sidecar_safety_watch.py
2026-05-10 13:06:20 -04:00 | probe_ok | probe_v28_dual_lane_live_market_update.py | elapsed_s=0.17
2026-05-10 13:06:20 -04:00 | probe_ok | probe_v28_dual_lane_readiness_checklist.py | elapsed_s=0.15
2026-05-10 13:06:20 -04:00 | probe_ok | probe_v28_dual_lane_snapshot_ledger.py | elapsed_s=0.18
2026-05-10 13:06:20 -04:00 | cycle_done | cycle=1685
2026-05-10 13:07:20 -04:00 | cycle_start | cycle=1686
2026-05-10 13:08:20 -04:00 | probe_timeout | probe_v28_dual_lane_sidecar_safety_watch.py
2026-05-10 13:08:21 -04:00 | probe_ok | probe_v28_dual_lane_live_market_update.py | elapsed_s=0.19
2026-05-10 13:08:21 -04:00 | probe_ok | probe_v28_dual_lane_readiness_checklist.py | elapsed_s=0.15
2026-05-10 13:08:21 -04:00 | probe_ok | probe_v28_dual_lane_snapshot_ledger.py | elapsed_s=0.18
2026-05-10 13:08:21 -04:00 | cycle_done | cycle=1686
2026-05-10 13:09:21 -04:00 | cycle_start | cycle=1687
2026-05-10 13:10:21 -04:00 | probe_timeout | probe_v28_dual_lane_sidecar_safety_watch.py
2026-05-10 13:10:21 -04:00 | probe_ok | probe_v28_dual_lane_live_market_update.py | elapsed_s=0.17
2026-05-10 13:10:21 -04:00 | probe_ok | probe_v28_dual_lane_readiness_checklist.py | elapsed_s=0.15
2026-05-10 13:10:21 -04:00 | probe_ok | probe_v28_dual_lane_snapshot_ledger.py | elapsed_s=0.18
2026-05-10 13:10:21 -04:00 | cycle_done | cycle=1687
2026-05-10 13:11:21 -04:00 | cycle_start | cycle=1688
2026-05-10 13:12:21 -04:00 | probe_timeout | probe_v28_dual_lane_sidecar_safety_watch.py
2026-05-10 13:12:22 -04:00 | probe_ok | probe_v28_dual_lane_live_market_update.py | elapsed_s=0.2
2026-05-10 13:12:22 -04:00 | probe_ok | probe_v28_dual_lane_readiness_checklist.py | elapsed_s=0.16
2026-05-10 13:12:22 -04:00 | probe_ok | probe_v28_dual_lane_snapshot_ledger.py | elapsed_s=0.2
2026-05-10 13:12:22 -04:00 | cycle_done | cycle=1688
2026-05-10 13:13:22 -04:00 | cycle_start | cycle=1689
2026-05-10 13:14:22 -04:00 | probe_timeout | probe_v28_dual_lane_sidecar_safety_watch.py
2026-05-10 13:14:22 -04:00 | probe_ok | probe_v28_dual_lane_live_market_update.py | elapsed_s=0.2
2026-05-10 13:14:22 -04:00 | probe_ok | probe_v28_dual_lane_readiness_checklist.py | elapsed_s=0.16
2026-05-10 13:14:23 -04:00 | probe_ok | probe_v28_dual_lane_snapshot_ledger.py | elapsed_s=0.19
2026-05-10 13:14:23 -04:00 | cycle_done | cycle=1689
2026-05-10 13:15:23 -04:00 | cycle_start | cycle=1690
2026-05-10 13:16:23 -04:00 | probe_timeout | probe_v28_dual_lane_sidecar_safety_watch.py
2026-05-10 13:16:23 -04:00 | probe_ok | probe_v28_dual_lane_live_market_update.py | elapsed_s=0.16
2026-05-10 13:16:23 -04:00 | probe_ok | probe_v28_dual_lane_readiness_checklist.py | elapsed_s=0.13
2026-05-10 13:16:23 -04:00 | probe_ok | probe_v28_dual_lane_snapshot_ledger.py | elapsed_s=0.18
2026-05-10 13:16:23 -04:00 | cycle_done | cycle=1690
2026-05-10 13:17:23 -04:00 | cycle_start | cycle=1691
2026-05-10 13:18:23 -04:00 | probe_timeout | probe_v28_dual_lane_sidecar_safety_watch.py
2026-05-10 13:18:23 -04:00 | probe_ok | probe_v28_dual_lane_live_market_update.py | elapsed_s=0.17
2026-05-10 13:18:23 -04:00 | probe_ok | probe_v28_dual_lane_readiness_checklist.py | elapsed_s=0.16
2026-05-10 13:18:24 -04:00 | probe_ok | probe_v28_dual_lane_snapshot_ledger.py | elapsed_s=0.18
2026-05-10 13:18:24 -04:00 | cycle_done | cycle=1691
2026-05-10 13:19:24 -04:00 | cycle_start | cycle=1692
2026-05-10 13:20:24 -04:00 | probe_timeout | probe_v28_dual_lane_sidecar_safety_watch.py
2026-05-10 13:20:24 -04:00 | probe_ok | probe_v28_dual_lane_live_market_update.py | elapsed_s=0.28
2026-05-10 13:20:24 -04:00 | probe_ok | probe_v28_dual_lane_readiness_checklist.py | elapsed_s=0.21
2026-05-10 13:20:24 -04:00 | probe_ok | probe_v28_dual_lane_snapshot_ledger.py | elapsed_s=0.28
2026-05-10 13:20:25 -04:00 | cycle_done | cycle=1692
2026-05-10 13:21:25 -04:00 | cycle_start | cycle=1693
2026-05-10 13:22:25 -04:00 | probe_timeout | probe_v28_dual_lane_sidecar_safety_watch.py
2026-05-10 13:22:25 -04:00 | probe_ok | probe_v28_dual_lane_live_market_update.py | elapsed_s=0.17
2026-05-10 13:22:25 -04:00 | probe_ok | probe_v28_dual_lane_readiness_checklist.py | elapsed_s=0.16
2026-05-10 13:22:25 -04:00 | probe_ok | probe_v28_dual_lane_snapshot_ledger.py | elapsed_s=0.2
2026-05-10 13:22:25 -04:00 | cycle_done | cycle=1693
2026-05-10 13:23:25 -04:00 | cycle_start | cycle=1694
2026-05-10 13:24:25 -04:00 | probe_timeout | probe_v28_dual_lane_sidecar_safety_watch.py
2026-05-10 13:24:25 -04:00 | probe_ok | probe_v28_dual_lane_live_market_update.py | elapsed_s=0.18
2026-05-10 13:24:25 -04:00 | probe_ok | probe_v28_dual_lane_readiness_checklist.py | elapsed_s=0.16
2026-05-10 13:24:26 -04:00 | probe_ok | probe_v28_dual_lane_snapshot_ledger.py | elapsed_s=0.18
2026-05-10 13:24:26 -04:00 | cycle_done | cycle=1694
2026-05-10 13:25:26 -04:00 | cycle_start | cycle=1695
2026-05-10 13:26:26 -04:00 | probe_timeout | probe_v28_dual_lane_sidecar_safety_watch.py
2026-05-10 13:26:26 -04:00 | probe_ok | probe_v28_dual_lane_live_market_update.py | elapsed_s=0.18
2026-05-10 13:26:26 -04:00 | probe_ok | probe_v28_dual_lane_readiness_checklist.py | elapsed_s=0.14
2026-05-10 13:26:26 -04:00 | probe_ok | probe_v28_dual_lane_snapshot_ledger.py | elapsed_s=0.2
2026-05-10 13:26:26 -04:00 | cycle_done | cycle=1695
2026-05-10 13:27:26 -04:00 | cycle_start | cycle=1696
2026-05-10 13:28:26 -04:00 | probe_timeout | probe_v28_dual_lane_sidecar_safety_watch.py
2026-05-10 13:28:26 -04:00 | probe_ok | probe_v28_dual_lane_live_market_update.py | elapsed_s=0.19
2026-05-10 13:28:27 -04:00 | probe_ok | probe_v28_dual_lane_readiness_checklist.py | elapsed_s=0.14
2026-05-10 13:28:27 -04:00 | probe_ok | probe_v28_dual_lane_snapshot_ledger.py | elapsed_s=0.19
2026-05-10 13:28:27 -04:00 | cycle_done | cycle=1696
2026-05-10 13:29:27 -04:00 | cycle_start | cycle=1697
2026-05-10 13:30:27 -04:00 | probe_timeout | probe_v28_dual_lane_sidecar_safety_watch.py
2026-05-10 13:30:27 -04:00 | probe_ok | probe_v28_dual_lane_live_market_update.py | elapsed_s=0.19
2026-05-10 13:30:27 -04:00 | probe_ok | probe_v28_dual_lane_readiness_checklist.py | elapsed_s=0.14
2026-05-10 13:30:27 -04:00 | probe_ok | probe_v28_dual_lane_snapshot_ledger.py | elapsed_s=0.19
2026-05-10 13:30:27 -04:00 | cycle_done | cycle=1697
2026-05-10 13:31:27 -04:00 | cycle_start | cycle=1698
2026-05-10 13:32:27 -04:00 | probe_timeout | probe_v28_dual_lane_sidecar_safety_watch.py
2026-05-10 13:32:28 -04:00 | probe_ok | probe_v28_dual_lane_live_market_update.py | elapsed_s=0.18
2026-05-10 13:32:28 -04:00 | probe_ok | probe_v28_dual_lane_readiness_checklist.py | elapsed_s=0.15
2026-05-10 13:32:28 -04:00 | probe_ok | probe_v28_dual_lane_snapshot_ledger.py | elapsed_s=0.2
2026-05-10 13:32:28 -04:00 | cycle_done | cycle=1698
2026-05-10 13:33:28 -04:00 | cycle_start | cycle=1699
2026-05-10 13:34:28 -04:00 | probe_timeout | probe_v28_dual_lane_sidecar_safety_watch.py
2026-05-10 13:34:28 -04:00 | probe_ok | probe_v28_dual_lane_live_market_update.py | elapsed_s=0.2
2026-05-10 13:34:28 -04:00 | probe_ok | probe_v28_dual_lane_readiness_checklist.py | elapsed_s=0.17
2026-05-10 13:34:29 -04:00 | probe_ok | probe_v28_dual_lane_snapshot_ledger.py | elapsed_s=0.19
2026-05-10 13:34:29 -04:00 | cycle_done | cycle=1699
2026-05-10 13:35:29 -04:00 | cycle_start | cycle=1700
2026-05-10 13:36:29 -04:00 | probe_timeout | probe_v28_dual_lane_sidecar_safety_watch.py
2026-05-10 13:36:29 -04:00 | probe_ok | probe_v28_dual_lane_live_market_update.py | elapsed_s=0.16
2026-05-10 13:36:29 -04:00 | probe_ok | probe_v28_dual_lane_readiness_checklist.py | elapsed_s=0.14
2026-05-10 13:36:29 -04:00 | probe_ok | probe_v28_dual_lane_snapshot_ledger.py | elapsed_s=0.2
2026-05-10 13:36:29 -04:00 | cycle_done | cycle=1700
2026-05-10 13:37:29 -04:00 | cycle_start | cycle=1701
2026-05-10 13:38:29 -04:00 | probe_timeout | probe_v28_dual_lane_sidecar_safety_watch.py
2026-05-10 13:38:29 -04:00 | probe_ok | probe_v28_dual_lane_live_market_update.py | elapsed_s=0.25
2026-05-10 13:38:30 -04:00 | probe_ok | probe_v28_dual_lane_readiness_checklist.py | elapsed_s=0.2
2026-05-10 13:38:30 -04:00 | probe_ok | probe_v28_dual_lane_snapshot_ledger.py | elapsed_s=0.26
2026-05-10 13:38:30 -04:00 | cycle_done | cycle=1701
2026-05-10 13:39:30 -04:00 | cycle_start | cycle=1702
2026-05-10 13:40:30 -04:00 | probe_timeout | probe_v28_dual_lane_sidecar_safety_watch.py
2026-05-10 13:40:30 -04:00 | probe_ok | probe_v28_dual_lane_live_market_update.py | elapsed_s=0.14
2026-05-10 13:40:30 -04:00 | probe_ok | probe_v28_dual_lane_readiness_checklist.py | elapsed_s=0.16
2026-05-10 13:40:30 -04:00 | probe_ok | probe_v28_dual_lane_snapshot_ledger.py | elapsed_s=0.2
2026-05-10 13:40:30 -04:00 | cycle_done | cycle=1702
2026-05-10 13:41:30 -04:00 | cycle_start | cycle=1703
2026-05-10 13:42:30 -04:00 | probe_timeout | probe_v28_dual_lane_sidecar_safety_watch.py
2026-05-10 13:42:31 -04:00 | probe_ok | probe_v28_dual_lane_live_market_update.py | elapsed_s=0.14
2026-05-10 13:42:31 -04:00 | probe_ok | probe_v28_dual_lane_readiness_checklist.py | elapsed_s=0.14
2026-05-10 13:42:31 -04:00 | probe_ok | probe_v28_dual_lane_snapshot_ledger.py | elapsed_s=0.18
2026-05-10 13:42:31 -04:00 | cycle_done | cycle=1703
2026-05-10 13:43:31 -04:00 | cycle_start | cycle=1704
2026-05-10 13:44:31 -04:00 | probe_timeout | probe_v28_dual_lane_sidecar_safety_watch.py
2026-05-10 13:44:31 -04:00 | probe_ok | probe_v28_dual_lane_live_market_update.py | elapsed_s=0.27
2026-05-10 13:44:31 -04:00 | probe_ok | probe_v28_dual_lane_readiness_checklist.py | elapsed_s=0.23
2026-05-10 13:44:32 -04:00 | probe_ok | probe_v28_dual_lane_snapshot_ledger.py | elapsed_s=0.29
2026-05-10 13:44:32 -04:00 | cycle_done | cycle=1704
2026-05-10 13:45:32 -04:00 | cycle_start | cycle=1705
2026-05-10 13:46:32 -04:00 | probe_timeout | probe_v28_dual_lane_sidecar_safety_watch.py
2026-05-10 13:46:32 -04:00 | probe_ok | probe_v28_dual_lane_live_market_update.py | elapsed_s=0.15
2026-05-10 13:46:32 -04:00 | probe_ok | probe_v28_dual_lane_readiness_checklist.py | elapsed_s=0.15
2026-05-10 13:46:32 -04:00 | probe_ok | probe_v28_dual_lane_snapshot_ledger.py | elapsed_s=0.19
2026-05-10 13:46:32 -04:00 | cycle_done | cycle=1705
2026-05-10 13:47:32 -04:00 | cycle_start | cycle=1706
2026-05-10 13:48:32 -04:00 | probe_timeout | probe_v28_dual_lane_sidecar_safety_watch.py
2026-05-10 13:48:32 -04:00 | probe_ok | probe_v28_dual_lane_live_market_update.py | elapsed_s=0.2
2026-05-10 13:48:33 -04:00 | probe_ok | probe_v28_dual_lane_readiness_checklist.py | elapsed_s=0.16
2026-05-10 13:48:33 -04:00 | probe_ok | probe_v28_dual_lane_snapshot_ledger.py | elapsed_s=0.22
2026-05-10 13:48:33 -04:00 | cycle_done | cycle=1706
2026-05-10 13:49:33 -04:00 | cycle_start | cycle=1707
2026-05-10 13:50:33 -04:00 | probe_timeout | probe_v28_dual_lane_sidecar_safety_watch.py
2026-05-10 13:50:33 -04:00 | probe_ok | probe_v28_dual_lane_live_market_update.py | elapsed_s=0.19
2026-05-10 13:50:33 -04:00 | probe_ok | probe_v28_dual_lane_readiness_checklist.py | elapsed_s=0.14
2026-05-10 13:50:33 -04:00 | probe_ok | probe_v28_dual_lane_snapshot_ledger.py | elapsed_s=0.19
2026-05-10 13:50:33 -04:00 | cycle_done | cycle=1707
2026-05-10 13:51:33 -04:00 | cycle_start | cycle=1708
2026-05-10 13:52:33 -04:00 | probe_timeout | probe_v28_dual_lane_sidecar_safety_watch.py
2026-05-10 13:52:34 -04:00 | probe_ok | probe_v28_dual_lane_live_market_update.py | elapsed_s=0.13
2026-05-10 13:52:34 -04:00 | probe_ok | probe_v28_dual_lane_readiness_checklist.py | elapsed_s=0.14
2026-05-10 13:52:34 -04:00 | probe_ok | probe_v28_dual_lane_snapshot_ledger.py | elapsed_s=0.17
2026-05-10 13:52:34 -04:00 | cycle_done | cycle=1708
2026-05-10 13:53:34 -04:00 | cycle_start | cycle=1709
2026-05-10 13:54:34 -04:00 | probe_timeout | probe_v28_dual_lane_sidecar_safety_watch.py
2026-05-10 13:54:34 -04:00 | probe_ok | probe_v28_dual_lane_live_market_update.py | elapsed_s=0.15
2026-05-10 13:54:34 -04:00 | probe_ok | probe_v28_dual_lane_readiness_checklist.py | elapsed_s=0.16
2026-05-10 13:54:34 -04:00 | probe_ok | probe_v28_dual_lane_snapshot_ledger.py | elapsed_s=0.18
2026-05-10 13:54:34 -04:00 | cycle_done | cycle=1709
2026-05-10 13:55:34 -04:00 | cycle_start | cycle=1710
2026-05-10 13:56:34 -04:00 | probe_timeout | probe_v28_dual_lane_sidecar_safety_watch.py
2026-05-10 13:56:35 -04:00 | probe_ok | probe_v28_dual_lane_live_market_update.py | elapsed_s=0.23
2026-05-10 13:56:35 -04:00 | probe_ok | probe_v28_dual_lane_readiness_checklist.py | elapsed_s=0.17
2026-05-10 13:56:35 -04:00 | probe_ok | probe_v28_dual_lane_snapshot_ledger.py | elapsed_s=0.25
2026-05-10 13:56:35 -04:00 | cycle_done | cycle=1710
2026-05-10 13:57:35 -04:00 | cycle_start | cycle=1711
2026-05-10 13:58:35 -04:00 | probe_timeout | probe_v28_dual_lane_sidecar_safety_watch.py
2026-05-10 13:58:35 -04:00 | probe_ok | probe_v28_dual_lane_live_market_update.py | elapsed_s=0.16
2026-05-10 13:58:36 -04:00 | probe_ok | probe_v28_dual_lane_readiness_checklist.py | elapsed_s=0.2
2026-05-10 13:58:36 -04:00 | probe_ok | probe_v28_dual_lane_snapshot_ledger.py | elapsed_s=0.24
2026-05-10 13:58:36 -04:00 | cycle_done | cycle=1711
2026-05-10 13:59:36 -04:00 | cycle_start | cycle=1712
2026-05-10 14:00:36 -04:00 | probe_timeout | probe_v28_dual_lane_sidecar_safety_watch.py
2026-05-10 14:00:36 -04:00 | probe_ok | probe_v28_dual_lane_live_market_update.py | elapsed_s=0.18
2026-05-10 14:00:36 -04:00 | probe_ok | probe_v28_dual_lane_readiness_checklist.py | elapsed_s=0.18
2026-05-10 14:00:36 -04:00 | probe_ok | probe_v28_dual_lane_snapshot_ledger.py | elapsed_s=0.26
2026-05-10 14:00:36 -04:00 | cycle_done | cycle=1712
2026-05-10 14:01:36 -04:00 | cycle_start | cycle=1713
2026-05-10 14:02:36 -04:00 | probe_timeout | probe_v28_dual_lane_sidecar_safety_watch.py
2026-05-10 14:02:37 -04:00 | probe_ok | probe_v28_dual_lane_live_market_update.py | elapsed_s=0.16
2026-05-10 14:02:37 -04:00 | probe_ok | probe_v28_dual_lane_readiness_checklist.py | elapsed_s=0.14
2026-05-10 14:02:37 -04:00 | probe_ok | probe_v28_dual_lane_snapshot_ledger.py | elapsed_s=0.2
2026-05-10 14:02:37 -04:00 | cycle_done | cycle=1713
2026-05-10 14:03:37 -04:00 | cycle_start | cycle=1714
2026-05-10 14:04:37 -04:00 | probe_timeout | probe_v28_dual_lane_sidecar_safety_watch.py
2026-05-10 14:04:37 -04:00 | probe_ok | probe_v28_dual_lane_live_market_update.py | elapsed_s=0.14
2026-05-10 14:04:37 -04:00 | probe_ok | probe_v28_dual_lane_readiness_checklist.py | elapsed_s=0.14
2026-05-10 14:04:38 -04:00 | probe_ok | probe_v28_dual_lane_snapshot_ledger.py | elapsed_s=0.17
2026-05-10 14:04:38 -04:00 | cycle_done | cycle=1714
2026-05-10 14:05:38 -04:00 | cycle_start | cycle=1715
2026-05-10 14:06:38 -04:00 | probe_timeout | probe_v28_dual_lane_sidecar_safety_watch.py
2026-05-10 14:06:38 -04:00 | probe_ok | probe_v28_dual_lane_live_market_update.py | elapsed_s=0.19
2026-05-10 14:06:38 -04:00 | probe_ok | probe_v28_dual_lane_readiness_checklist.py | elapsed_s=0.19
2026-05-10 14:06:38 -04:00 | probe_ok | probe_v28_dual_lane_snapshot_ledger.py | elapsed_s=0.23
2026-05-10 14:06:38 -04:00 | cycle_done | cycle=1715
2026-05-10 14:07:38 -04:00 | cycle_start | cycle=1716
2026-05-10 14:08:38 -04:00 | probe_timeout | probe_v28_dual_lane_sidecar_safety_watch.py
2026-05-10 14:08:38 -04:00 | probe_ok | probe_v28_dual_lane_live_market_update.py | elapsed_s=0.14
2026-05-10 14:08:38 -04:00 | probe_ok | probe_v28_dual_lane_readiness_checklist.py | elapsed_s=0.15
2026-05-10 14:08:39 -04:00 | probe_ok | probe_v28_dual_lane_snapshot_ledger.py | elapsed_s=0.18
2026-05-10 14:08:39 -04:00 | cycle_done | cycle=1716
2026-05-10 14:09:39 -04:00 | cycle_start | cycle=1717
2026-05-10 14:10:39 -04:00 | probe_timeout | probe_v28_dual_lane_sidecar_safety_watch.py
2026-05-10 14:10:39 -04:00 | probe_ok | probe_v28_dual_lane_live_market_update.py | elapsed_s=0.13
2026-05-10 14:10:39 -04:00 | probe_ok | probe_v28_dual_lane_readiness_checklist.py | elapsed_s=0.14
2026-05-10 14:10:39 -04:00 | probe_ok | probe_v28_dual_lane_snapshot_ledger.py | elapsed_s=0.19
2026-05-10 14:10:39 -04:00 | cycle_done | cycle=1717
2026-05-10 14:11:39 -04:00 | cycle_start | cycle=1718
2026-05-10 14:12:39 -04:00 | probe_timeout | probe_v28_dual_lane_sidecar_safety_watch.py
2026-05-10 14:12:39 -04:00 | probe_ok | probe_v28_dual_lane_live_market_update.py | elapsed_s=0.15
2026-05-10 14:12:40 -04:00 | probe_ok | probe_v28_dual_lane_readiness_checklist.py | elapsed_s=0.14
2026-05-10 14:12:40 -04:00 | probe_ok | probe_v28_dual_lane_snapshot_ledger.py | elapsed_s=0.17
2026-05-10 14:12:40 -04:00 | cycle_done | cycle=1718
2026-05-10 14:13:40 -04:00 | cycle_start | cycle=1719
2026-05-10 14:14:40 -04:00 | probe_timeout | probe_v28_dual_lane_sidecar_safety_watch.py
2026-05-10 14:14:40 -04:00 | probe_ok | probe_v28_dual_lane_live_market_update.py | elapsed_s=0.12
2026-05-10 14:14:40 -04:00 | probe_ok | probe_v28_dual_lane_readiness_checklist.py | elapsed_s=0.14
2026-05-10 14:14:40 -04:00 | probe_ok | probe_v28_dual_lane_snapshot_ledger.py | elapsed_s=0.17
2026-05-10 14:14:40 -04:00 | cycle_done | cycle=1719
2026-05-10 14:15:40 -04:00 | cycle_start | cycle=1720
2026-05-10 14:16:40 -04:00 | probe_timeout | probe_v28_dual_lane_sidecar_safety_watch.py
2026-05-10 14:16:40 -04:00 | probe_ok | probe_v28_dual_lane_live_market_update.py | elapsed_s=0.14
2026-05-10 14:16:40 -04:00 | probe_ok | probe_v28_dual_lane_readiness_checklist.py | elapsed_s=0.13
2026-05-10 14:16:41 -04:00 | probe_ok | probe_v28_dual_lane_snapshot_ledger.py | elapsed_s=0.19
2026-05-10 14:16:41 -04:00 | cycle_done | cycle=1720
2026-05-10 14:17:41 -04:00 | cycle_start | cycle=1721
2026-05-10 14:18:41 -04:00 | probe_timeout | probe_v28_dual_lane_sidecar_safety_watch.py
2026-05-10 14:18:41 -04:00 | probe_ok | probe_v28_dual_lane_live_market_update.py | elapsed_s=0.15
2026-05-10 14:18:41 -04:00 | probe_ok | probe_v28_dual_lane_readiness_checklist.py | elapsed_s=0.19
2026-05-10 14:18:41 -04:00 | probe_ok | probe_v28_dual_lane_snapshot_ledger.py | elapsed_s=0.21
2026-05-10 14:18:41 -04:00 | cycle_done | cycle=1721
2026-05-10 14:19:41 -04:00 | cycle_start | cycle=1722
2026-05-10 14:20:41 -04:00 | probe_timeout | probe_v28_dual_lane_sidecar_safety_watch.py
2026-05-10 14:20:41 -04:00 | probe_ok | probe_v28_dual_lane_live_market_update.py | elapsed_s=0.13
2026-05-10 14:20:42 -04:00 | probe_ok | probe_v28_dual_lane_readiness_checklist.py | elapsed_s=0.14
2026-05-10 14:20:42 -04:00 | probe_ok | probe_v28_dual_lane_snapshot_ledger.py | elapsed_s=0.17
2026-05-10 14:20:42 -04:00 | cycle_done | cycle=1722
2026-05-10 14:21:42 -04:00 | cycle_start | cycle=1723
2026-05-10 14:22:42 -04:00 | probe_timeout | probe_v28_dual_lane_sidecar_safety_watch.py
2026-05-10 14:22:42 -04:00 | probe_ok | probe_v28_dual_lane_live_market_update.py | elapsed_s=0.19
2026-05-10 14:22:42 -04:00 | probe_ok | probe_v28_dual_lane_readiness_checklist.py | elapsed_s=0.17
2026-05-10 14:22:42 -04:00 | probe_ok | probe_v28_dual_lane_snapshot_ledger.py | elapsed_s=0.2
2026-05-10 14:22:42 -04:00 | cycle_done | cycle=1723
2026-05-10 14:23:42 -04:00 | cycle_start | cycle=1724
2026-05-10 14:24:42 -04:00 | probe_timeout | probe_v28_dual_lane_sidecar_safety_watch.py
2026-05-10 14:24:43 -04:00 | probe_ok | probe_v28_dual_lane_live_market_update.py | elapsed_s=0.15
2026-05-10 14:24:43 -04:00 | probe_ok | probe_v28_dual_lane_readiness_checklist.py | elapsed_s=0.21
2026-05-10 14:24:43 -04:00 | probe_ok | probe_v28_dual_lane_snapshot_ledger.py | elapsed_s=0.21
2026-05-10 14:24:43 -04:00 | cycle_done | cycle=1724
2026-05-10 14:25:43 -04:00 | cycle_start | cycle=1725
2026-05-10 14:26:43 -04:00 | probe_timeout | probe_v28_dual_lane_sidecar_safety_watch.py
2026-05-10 14:26:43 -04:00 | probe_ok | probe_v28_dual_lane_live_market_update.py | elapsed_s=0.18
2026-05-10 14:26:43 -04:00 | probe_ok | probe_v28_dual_lane_readiness_checklist.py | elapsed_s=0.14
2026-05-10 14:26:44 -04:00 | probe_ok | probe_v28_dual_lane_snapshot_ledger.py | elapsed_s=0.18
2026-05-10 14:26:44 -04:00 | cycle_done | cycle=1725
2026-05-10 14:27:44 -04:00 | cycle_start | cycle=1726
2026-05-10 14:28:44 -04:00 | probe_timeout | probe_v28_dual_lane_sidecar_safety_watch.py
2026-05-10 14:28:44 -04:00 | probe_ok | probe_v28_dual_lane_live_market_update.py | elapsed_s=0.17
2026-05-10 14:28:44 -04:00 | probe_ok | probe_v28_dual_lane_readiness_checklist.py | elapsed_s=0.15
2026-05-10 14:28:44 -04:00 | probe_ok | probe_v28_dual_lane_snapshot_ledger.py | elapsed_s=0.2
2026-05-10 14:28:44 -04:00 | cycle_done | cycle=1726
2026-05-10 14:29:44 -04:00 | cycle_start | cycle=1727
2026-05-10 14:30:44 -04:00 | probe_timeout | probe_v28_dual_lane_sidecar_safety_watch.py
2026-05-10 14:30:44 -04:00 | probe_ok | probe_v28_dual_lane_live_market_update.py | elapsed_s=0.18
2026-05-10 14:30:45 -04:00 | probe_ok | probe_v28_dual_lane_readiness_checklist.py | elapsed_s=0.16
2026-05-10 14:30:45 -04:00 | probe_ok | probe_v28_dual_lane_snapshot_ledger.py | elapsed_s=0.2
2026-05-10 14:30:45 -04:00 | cycle_done | cycle=1727
2026-05-10 14:31:45 -04:00 | cycle_start | cycle=1728
2026-05-10 14:32:45 -04:00 | probe_timeout | probe_v28_dual_lane_sidecar_safety_watch.py
2026-05-10 14:32:45 -04:00 | probe_ok | probe_v28_dual_lane_live_market_update.py | elapsed_s=0.22
2026-05-10 14:32:45 -04:00 | probe_ok | probe_v28_dual_lane_readiness_checklist.py | elapsed_s=0.19
2026-05-10 14:32:45 -04:00 | probe_ok | probe_v28_dual_lane_snapshot_ledger.py | elapsed_s=0.24
2026-05-10 14:32:45 -04:00 | cycle_done | cycle=1728
2026-05-10 14:33:45 -04:00 | cycle_start | cycle=1729
2026-05-10 14:34:46 -04:00 | probe_timeout | probe_v28_dual_lane_sidecar_safety_watch.py
2026-05-10 14:34:46 -04:00 | probe_ok | probe_v28_dual_lane_live_market_update.py | elapsed_s=0.21
2026-05-10 14:34:46 -04:00 | probe_ok | probe_v28_dual_lane_readiness_checklist.py | elapsed_s=0.18
2026-05-10 14:34:46 -04:00 | probe_ok | probe_v28_dual_lane_snapshot_ledger.py | elapsed_s=0.23
2026-05-10 14:34:46 -04:00 | cycle_done | cycle=1729
2026-05-10 14:35:46 -04:00 | cycle_start | cycle=1730
2026-05-10 14:36:46 -04:00 | probe_timeout | probe_v28_dual_lane_sidecar_safety_watch.py
2026-05-10 14:36:46 -04:00 | probe_ok | probe_v28_dual_lane_live_market_update.py | elapsed_s=0.21
2026-05-10 14:36:47 -04:00 | probe_ok | probe_v28_dual_lane_readiness_checklist.py | elapsed_s=0.18
2026-05-10 14:36:47 -04:00 | probe_ok | probe_v28_dual_lane_snapshot_ledger.py | elapsed_s=0.21
2026-05-10 14:36:47 -04:00 | cycle_done | cycle=1730
2026-05-10 14:37:47 -04:00 | cycle_start | cycle=1731
2026-05-10 14:38:47 -04:00 | probe_timeout | probe_v28_dual_lane_sidecar_safety_watch.py
2026-05-10 14:38:47 -04:00 | probe_ok | probe_v28_dual_lane_live_market_update.py | elapsed_s=0.22
2026-05-10 14:38:47 -04:00 | probe_ok | probe_v28_dual_lane_readiness_checklist.py | elapsed_s=0.18
2026-05-10 14:38:47 -04:00 | probe_ok | probe_v28_dual_lane_snapshot_ledger.py | elapsed_s=0.23
2026-05-10 14:38:47 -04:00 | cycle_done | cycle=1731
2026-05-10 14:39:47 -04:00 | cycle_start | cycle=1732
2026-05-10 14:40:47 -04:00 | probe_timeout | probe_v28_dual_lane_sidecar_safety_watch.py
2026-05-10 14:40:48 -04:00 | probe_ok | probe_v28_dual_lane_live_market_update.py | elapsed_s=0.22
2026-05-10 14:40:48 -04:00 | probe_ok | probe_v28_dual_lane_readiness_checklist.py | elapsed_s=0.21
2026-05-10 14:40:48 -04:00 | probe_ok | probe_v28_dual_lane_snapshot_ledger.py | elapsed_s=0.26
2026-05-10 14:40:48 -04:00 | cycle_done | cycle=1732
2026-05-10 14:41:48 -04:00 | cycle_start | cycle=1733
2026-05-10 14:42:48 -04:00 | probe_timeout | probe_v28_dual_lane_sidecar_safety_watch.py
2026-05-10 14:42:48 -04:00 | probe_ok | probe_v28_dual_lane_live_market_update.py | elapsed_s=0.16
2026-05-10 14:42:49 -04:00 | probe_ok | probe_v28_dual_lane_readiness_checklist.py | elapsed_s=0.19
2026-05-10 14:42:49 -04:00 | probe_ok | probe_v28_dual_lane_snapshot_ledger.py | elapsed_s=0.22
2026-05-10 14:42:49 -04:00 | cycle_done | cycle=1733
2026-05-10 14:43:49 -04:00 | cycle_start | cycle=1734
2026-05-10 14:44:49 -04:00 | probe_timeout | probe_v28_dual_lane_sidecar_safety_watch.py
2026-05-10 14:44:49 -04:00 | probe_ok | probe_v28_dual_lane_live_market_update.py | elapsed_s=0.18
2026-05-10 14:44:49 -04:00 | probe_ok | probe_v28_dual_lane_readiness_checklist.py | elapsed_s=0.26
2026-05-10 14:44:50 -04:00 | probe_ok | probe_v28_dual_lane_snapshot_ledger.py | elapsed_s=0.23
2026-05-10 14:44:50 -04:00 | cycle_done | cycle=1734
2026-05-10 14:45:50 -04:00 | cycle_start | cycle=1735
2026-05-10 14:46:50 -04:00 | probe_timeout | probe_v28_dual_lane_sidecar_safety_watch.py
2026-05-10 14:46:50 -04:00 | probe_ok | probe_v28_dual_lane_live_market_update.py | elapsed_s=0.19
2026-05-10 14:46:50 -04:00 | probe_ok | probe_v28_dual_lane_readiness_checklist.py | elapsed_s=0.18
2026-05-10 14:46:50 -04:00 | probe_ok | probe_v28_dual_lane_snapshot_ledger.py | elapsed_s=0.26
2026-05-10 14:46:50 -04:00 | cycle_done | cycle=1735
2026-05-10 14:47:50 -04:00 | cycle_start | cycle=1736
2026-05-10 14:48:50 -04:00 | probe_timeout | probe_v28_dual_lane_sidecar_safety_watch.py
2026-05-10 14:48:50 -04:00 | probe_ok | probe_v28_dual_lane_live_market_update.py | elapsed_s=0.18
2026-05-10 14:48:51 -04:00 | probe_ok | probe_v28_dual_lane_readiness_checklist.py | elapsed_s=0.2
2026-05-10 14:48:51 -04:00 | probe_ok | probe_v28_dual_lane_snapshot_ledger.py | elapsed_s=0.28
2026-05-10 14:48:51 -04:00 | cycle_done | cycle=1736
2026-05-10 14:49:51 -04:00 | cycle_start | cycle=1737
2026-05-10 14:50:51 -04:00 | probe_timeout | probe_v28_dual_lane_sidecar_safety_watch.py
2026-05-10 14:50:51 -04:00 | probe_ok | probe_v28_dual_lane_live_market_update.py | elapsed_s=0.23
2026-05-10 14:50:51 -04:00 | probe_ok | probe_v28_dual_lane_readiness_checklist.py | elapsed_s=0.19
2026-05-10 14:50:52 -04:00 | probe_ok | probe_v28_dual_lane_snapshot_ledger.py | elapsed_s=0.26
2026-05-10 14:50:52 -04:00 | cycle_done | cycle=1737
2026-05-10 14:51:52 -04:00 | cycle_start | cycle=1738
2026-05-10 14:52:52 -04:00 | probe_timeout | probe_v28_dual_lane_sidecar_safety_watch.py
2026-05-10 14:52:52 -04:00 | probe_ok | probe_v28_dual_lane_live_market_update.py | elapsed_s=0.23
2026-05-10 14:52:52 -04:00 | probe_ok | probe_v28_dual_lane_readiness_checklist.py | elapsed_s=0.22
2026-05-10 14:52:52 -04:00 | probe_ok | probe_v28_dual_lane_snapshot_ledger.py | elapsed_s=0.28
2026-05-10 14:52:52 -04:00 | cycle_done | cycle=1738
2026-05-10 14:53:52 -04:00 | cycle_start | cycle=1739
2026-05-10 14:54:52 -04:00 | probe_timeout | probe_v28_dual_lane_sidecar_safety_watch.py
2026-05-10 14:54:53 -04:00 | probe_ok | probe_v28_dual_lane_live_market_update.py | elapsed_s=0.17
2026-05-10 14:54:53 -04:00 | probe_ok | probe_v28_dual_lane_readiness_checklist.py | elapsed_s=0.17
2026-05-10 14:54:53 -04:00 | probe_ok | probe_v28_dual_lane_snapshot_ledger.py | elapsed_s=0.23
2026-05-10 14:54:53 -04:00 | cycle_done | cycle=1739
2026-05-10 14:55:53 -04:00 | cycle_start | cycle=1740
2026-05-10 14:56:53 -04:00 | probe_timeout | probe_v28_dual_lane_sidecar_safety_watch.py
2026-05-10 14:56:53 -04:00 | probe_ok | probe_v28_dual_lane_live_market_update.py | elapsed_s=0.22
2026-05-10 14:56:53 -04:00 | probe_ok | probe_v28_dual_lane_readiness_checklist.py | elapsed_s=0.19
2026-05-10 14:56:54 -04:00 | probe_ok | probe_v28_dual_lane_snapshot_ledger.py | elapsed_s=0.26
2026-05-10 14:56:54 -04:00 | cycle_done | cycle=1740
2026-05-10 14:57:54 -04:00 | cycle_start | cycle=1741
2026-05-10 14:58:54 -04:00 | probe_timeout | probe_v28_dual_lane_sidecar_safety_watch.py
2026-05-10 14:58:54 -04:00 | probe_ok | probe_v28_dual_lane_live_market_update.py | elapsed_s=0.2
2026-05-10 14:58:54 -04:00 | probe_ok | probe_v28_dual_lane_readiness_checklist.py | elapsed_s=0.22
2026-05-10 14:58:54 -04:00 | probe_ok | probe_v28_dual_lane_snapshot_ledger.py | elapsed_s=0.28
2026-05-10 14:58:54 -04:00 | cycle_done | cycle=1741
2026-05-10 14:59:55 -04:00 | cycle_start | cycle=1742
2026-05-10 15:00:55 -04:00 | probe_timeout | probe_v28_dual_lane_sidecar_safety_watch.py
2026-05-10 15:00:55 -04:00 | probe_ok | probe_v28_dual_lane_live_market_update.py | elapsed_s=0.18
2026-05-10 15:00:55 -04:00 | probe_ok | probe_v28_dual_lane_readiness_checklist.py | elapsed_s=0.19
2026-05-10 15:00:55 -04:00 | probe_ok | probe_v28_dual_lane_snapshot_ledger.py | elapsed_s=0.26
2026-05-10 15:00:55 -04:00 | cycle_done | cycle=1742
2026-05-10 15:01:55 -04:00 | cycle_start | cycle=1743
2026-05-10 15:02:55 -04:00 | probe_timeout | probe_v28_dual_lane_sidecar_safety_watch.py
2026-05-10 15:02:55 -04:00 | probe_ok | probe_v28_dual_lane_live_market_update.py | elapsed_s=0.16
2026-05-10 15:02:56 -04:00 | probe_ok | probe_v28_dual_lane_readiness_checklist.py | elapsed_s=0.16
2026-05-10 15:02:56 -04:00 | probe_ok | probe_v28_dual_lane_snapshot_ledger.py | elapsed_s=0.25
2026-05-10 15:02:56 -04:00 | cycle_done | cycle=1743
2026-05-10 15:03:56 -04:00 | cycle_start | cycle=1744
2026-05-10 15:04:56 -04:00 | probe_timeout | probe_v28_dual_lane_sidecar_safety_watch.py
2026-05-10 15:04:56 -04:00 | probe_ok | probe_v28_dual_lane_live_market_update.py | elapsed_s=0.2
2026-05-10 15:04:56 -04:00 | probe_ok | probe_v28_dual_lane_readiness_checklist.py | elapsed_s=0.2
2026-05-10 15:04:57 -04:00 | probe_ok | probe_v28_dual_lane_snapshot_ledger.py | elapsed_s=0.3
2026-05-10 15:04:57 -04:00 | cycle_done | cycle=1744
2026-05-10 15:05:57 -04:00 | cycle_start | cycle=1745
2026-05-10 15:06:57 -04:00 | probe_timeout | probe_v28_dual_lane_sidecar_safety_watch.py
2026-05-10 15:06:57 -04:00 | probe_ok | probe_v28_dual_lane_live_market_update.py | elapsed_s=0.15
2026-05-10 15:06:57 -04:00 | probe_ok | probe_v28_dual_lane_readiness_checklist.py | elapsed_s=0.18
2026-05-10 15:06:57 -04:00 | probe_ok | probe_v28_dual_lane_snapshot_ledger.py | elapsed_s=0.23
2026-05-10 15:06:57 -04:00 | cycle_done | cycle=1745
2026-05-10 15:07:57 -04:00 | cycle_start | cycle=1746
2026-05-10 15:08:57 -04:00 | probe_timeout | probe_v28_dual_lane_sidecar_safety_watch.py
2026-05-10 15:08:57 -04:00 | probe_ok | probe_v28_dual_lane_live_market_update.py | elapsed_s=0.16
2026-05-10 15:08:58 -04:00 | probe_ok | probe_v28_dual_lane_readiness_checklist.py | elapsed_s=0.17
2026-05-10 15:08:58 -04:00 | probe_ok | probe_v28_dual_lane_snapshot_ledger.py | elapsed_s=0.23
2026-05-10 15:08:58 -04:00 | cycle_done | cycle=1746
2026-05-10 15:09:58 -04:00 | cycle_start | cycle=1747
2026-05-10 15:10:58 -04:00 | probe_timeout | probe_v28_dual_lane_sidecar_safety_watch.py
2026-05-10 15:10:58 -04:00 | probe_ok | probe_v28_dual_lane_live_market_update.py | elapsed_s=0.17
2026-05-10 15:10:58 -04:00 | probe_ok | probe_v28_dual_lane_readiness_checklist.py | elapsed_s=0.17
2026-05-10 15:10:58 -04:00 | probe_ok | probe_v28_dual_lane_snapshot_ledger.py | elapsed_s=0.24
2026-05-10 15:10:58 -04:00 | cycle_done | cycle=1747
2026-05-10 15:11:58 -04:00 | cycle_start | cycle=1748
2026-05-10 15:12:58 -04:00 | probe_timeout | probe_v28_dual_lane_sidecar_safety_watch.py
2026-05-10 15:12:59 -04:00 | probe_ok | probe_v28_dual_lane_live_market_update.py | elapsed_s=0.18
2026-05-10 15:12:59 -04:00 | probe_ok | probe_v28_dual_lane_readiness_checklist.py | elapsed_s=0.17
2026-05-10 15:12:59 -04:00 | probe_ok | probe_v28_dual_lane_snapshot_ledger.py | elapsed_s=0.24
2026-05-10 15:12:59 -04:00 | cycle_done | cycle=1748
2026-05-10 15:13:59 -04:00 | cycle_start | cycle=1749
2026-05-10 15:14:59 -04:00 | probe_timeout | probe_v28_dual_lane_sidecar_safety_watch.py
2026-05-10 15:14:59 -04:00 | probe_ok | probe_v28_dual_lane_live_market_update.py | elapsed_s=0.16
2026-05-10 15:14:59 -04:00 | probe_ok | probe_v28_dual_lane_readiness_checklist.py | elapsed_s=0.18
2026-05-10 15:15:00 -04:00 | probe_ok | probe_v28_dual_lane_snapshot_ledger.py | elapsed_s=0.23
2026-05-10 15:15:00 -04:00 | cycle_done | cycle=1749
2026-05-10 15:16:00 -04:00 | cycle_start | cycle=1750
2026-05-10 15:17:00 -04:00 | probe_timeout | probe_v28_dual_lane_sidecar_safety_watch.py
2026-05-10 15:17:00 -04:00 | probe_ok | probe_v28_dual_lane_live_market_update.py | elapsed_s=0.18
2026-05-10 15:17:00 -04:00 | probe_ok | probe_v28_dual_lane_readiness_checklist.py | elapsed_s=0.17
2026-05-10 15:17:00 -04:00 | probe_ok | probe_v28_dual_lane_snapshot_ledger.py | elapsed_s=0.23
2026-05-10 15:17:00 -04:00 | cycle_done | cycle=1750
2026-05-10 15:18:00 -04:00 | cycle_start | cycle=1751
2026-05-10 15:19:00 -04:00 | probe_timeout | probe_v28_dual_lane_sidecar_safety_watch.py
2026-05-10 15:19:00 -04:00 | probe_ok | probe_v28_dual_lane_live_market_update.py | elapsed_s=0.2
2026-05-10 15:19:01 -04:00 | probe_ok | probe_v28_dual_lane_readiness_checklist.py | elapsed_s=0.18
2026-05-10 15:19:01 -04:00 | probe_ok | probe_v28_dual_lane_snapshot_ledger.py | elapsed_s=0.29
2026-05-10 15:19:01 -04:00 | cycle_done | cycle=1751
2026-05-10 15:20:01 -04:00 | cycle_start | cycle=1752
2026-05-10 15:21:01 -04:00 | probe_timeout | probe_v28_dual_lane_sidecar_safety_watch.py
2026-05-10 15:21:01 -04:00 | probe_ok | probe_v28_dual_lane_live_market_update.py | elapsed_s=0.16
2026-05-10 15:21:01 -04:00 | probe_ok | probe_v28_dual_lane_readiness_checklist.py | elapsed_s=0.18
2026-05-10 15:21:02 -04:00 | probe_ok | probe_v28_dual_lane_snapshot_ledger.py | elapsed_s=0.24
2026-05-10 15:21:02 -04:00 | cycle_done | cycle=1752
2026-05-10 15:22:02 -04:00 | cycle_start | cycle=1753
2026-05-10 15:23:02 -04:00 | probe_timeout | probe_v28_dual_lane_sidecar_safety_watch.py
2026-05-10 15:23:02 -04:00 | probe_ok | probe_v28_dual_lane_live_market_update.py | elapsed_s=0.2
2026-05-10 15:23:02 -04:00 | probe_ok | probe_v28_dual_lane_readiness_checklist.py | elapsed_s=0.19
2026-05-10 15:23:02 -04:00 | probe_ok | probe_v28_dual_lane_snapshot_ledger.py | elapsed_s=0.21
2026-05-10 15:23:02 -04:00 | cycle_done | cycle=1753
2026-05-10 15:24:02 -04:00 | cycle_start | cycle=1754
2026-05-10 15:25:02 -04:00 | probe_timeout | probe_v28_dual_lane_sidecar_safety_watch.py
2026-05-10 15:25:02 -04:00 | probe_ok | probe_v28_dual_lane_live_market_update.py | elapsed_s=0.19
2026-05-10 15:25:03 -04:00 | probe_ok | probe_v28_dual_lane_readiness_checklist.py | elapsed_s=0.2
2026-05-10 15:25:03 -04:00 | probe_ok | probe_v28_dual_lane_snapshot_ledger.py | elapsed_s=0.24
2026-05-10 15:25:03 -04:00 | cycle_done | cycle=1754
2026-05-10 15:26:03 -04:00 | cycle_start | cycle=1755
2026-05-10 15:27:03 -04:00 | probe_timeout | probe_v28_dual_lane_sidecar_safety_watch.py
2026-05-10 15:27:03 -04:00 | probe_ok | probe_v28_dual_lane_live_market_update.py | elapsed_s=0.16
2026-05-10 15:27:03 -04:00 | probe_ok | probe_v28_dual_lane_readiness_checklist.py | elapsed_s=0.18
2026-05-10 15:27:03 -04:00 | probe_ok | probe_v28_dual_lane_snapshot_ledger.py | elapsed_s=0.24
2026-05-10 15:27:03 -04:00 | cycle_done | cycle=1755
2026-05-10 15:28:03 -04:00 | cycle_start | cycle=1756
2026-05-10 15:29:04 -04:00 | probe_timeout | probe_v28_dual_lane_sidecar_safety_watch.py
2026-05-10 15:29:04 -04:00 | probe_ok | probe_v28_dual_lane_live_market_update.py | elapsed_s=0.18
2026-05-10 15:29:04 -04:00 | probe_ok | probe_v28_dual_lane_readiness_checklist.py | elapsed_s=0.17
2026-05-10 15:29:04 -04:00 | probe_ok | probe_v28_dual_lane_snapshot_ledger.py | elapsed_s=0.22
2026-05-10 15:29:04 -04:00 | cycle_done | cycle=1756
2026-05-10 15:30:04 -04:00 | cycle_start | cycle=1757
2026-05-10 15:31:04 -04:00 | probe_timeout | probe_v28_dual_lane_sidecar_safety_watch.py
2026-05-10 15:31:04 -04:00 | probe_ok | probe_v28_dual_lane_live_market_update.py | elapsed_s=0.19
2026-05-10 15:31:05 -04:00 | probe_ok | probe_v28_dual_lane_readiness_checklist.py | elapsed_s=0.2
2026-05-10 15:31:05 -04:00 | probe_ok | probe_v28_dual_lane_snapshot_ledger.py | elapsed_s=0.23
2026-05-10 15:31:05 -04:00 | cycle_done | cycle=1757
2026-05-10 15:32:05 -04:00 | cycle_start | cycle=1758
2026-05-10 15:33:05 -04:00 | probe_timeout | probe_v28_dual_lane_sidecar_safety_watch.py
2026-05-10 15:33:05 -04:00 | probe_ok | probe_v28_dual_lane_live_market_update.py | elapsed_s=0.18
2026-05-10 15:33:05 -04:00 | probe_ok | probe_v28_dual_lane_readiness_checklist.py | elapsed_s=0.19
2026-05-10 15:33:05 -04:00 | probe_ok | probe_v28_dual_lane_snapshot_ledger.py | elapsed_s=0.25
2026-05-10 15:33:05 -04:00 | cycle_done | cycle=1758
2026-05-10 15:34:05 -04:00 | cycle_start | cycle=1759
2026-05-10 15:35:05 -04:00 | probe_timeout | probe_v28_dual_lane_sidecar_safety_watch.py
2026-05-10 15:35:06 -04:00 | probe_ok | probe_v28_dual_lane_live_market_update.py | elapsed_s=0.19
2026-05-10 15:35:06 -04:00 | probe_ok | probe_v28_dual_lane_readiness_checklist.py | elapsed_s=0.22
2026-05-10 15:35:06 -04:00 | probe_ok | probe_v28_dual_lane_snapshot_ledger.py | elapsed_s=0.29
2026-05-10 15:35:06 -04:00 | cycle_done | cycle=1759
2026-05-10 15:36:06 -04:00 | cycle_start | cycle=1760
2026-05-10 15:37:06 -04:00 | probe_timeout | probe_v28_dual_lane_sidecar_safety_watch.py
2026-05-10 15:37:06 -04:00 | probe_ok | probe_v28_dual_lane_live_market_update.py | elapsed_s=0.2
2026-05-10 15:37:07 -04:00 | probe_ok | probe_v28_dual_lane_readiness_checklist.py | elapsed_s=0.17
2026-05-10 15:37:07 -04:00 | probe_ok | probe_v28_dual_lane_snapshot_ledger.py | elapsed_s=0.25
2026-05-10 15:37:07 -04:00 | cycle_done | cycle=1760
2026-05-10 15:38:07 -04:00 | cycle_start | cycle=1761
2026-05-10 15:39:07 -04:00 | probe_timeout | probe_v28_dual_lane_sidecar_safety_watch.py
2026-05-10 15:39:07 -04:00 | probe_ok | probe_v28_dual_lane_live_market_update.py | elapsed_s=0.17
2026-05-10 15:39:07 -04:00 | probe_ok | probe_v28_dual_lane_readiness_checklist.py | elapsed_s=0.18
2026-05-10 15:39:07 -04:00 | probe_ok | probe_v28_dual_lane_snapshot_ledger.py | elapsed_s=0.24
2026-05-10 15:39:07 -04:00 | cycle_done | cycle=1761
2026-05-10 15:40:07 -04:00 | cycle_start | cycle=1762
2026-05-10 15:41:07 -04:00 | probe_timeout | probe_v28_dual_lane_sidecar_safety_watch.py
2026-05-10 15:41:08 -04:00 | probe_ok | probe_v28_dual_lane_live_market_update.py | elapsed_s=0.21
2026-05-10 15:41:08 -04:00 | probe_ok | probe_v28_dual_lane_readiness_checklist.py | elapsed_s=0.18
2026-05-10 15:41:08 -04:00 | probe_ok | probe_v28_dual_lane_snapshot_ledger.py | elapsed_s=0.24
2026-05-10 15:41:08 -04:00 | cycle_done | cycle=1762
2026-05-10 15:42:08 -04:00 | cycle_start | cycle=1763
2026-05-10 15:43:08 -04:00 | probe_timeout | probe_v28_dual_lane_sidecar_safety_watch.py
2026-05-10 15:43:08 -04:00 | probe_ok | probe_v28_dual_lane_live_market_update.py | elapsed_s=0.18
2026-05-10 15:43:09 -04:00 | probe_ok | probe_v28_dual_lane_readiness_checklist.py | elapsed_s=0.2
2026-05-10 15:43:09 -04:00 | probe_ok | probe_v28_dual_lane_snapshot_ledger.py | elapsed_s=0.25
2026-05-10 15:43:09 -04:00 | cycle_done | cycle=1763
2026-05-10 15:44:09 -04:00 | cycle_start | cycle=1764
2026-05-10 15:45:09 -04:00 | probe_timeout | probe_v28_dual_lane_sidecar_safety_watch.py
2026-05-10 15:45:09 -04:00 | probe_ok | probe_v28_dual_lane_live_market_update.py | elapsed_s=0.2
2026-05-10 15:45:09 -04:00 | probe_ok | probe_v28_dual_lane_readiness_checklist.py | elapsed_s=0.2
2026-05-10 15:45:10 -04:00 | probe_ok | probe_v28_dual_lane_snapshot_ledger.py | elapsed_s=0.25
2026-05-10 15:45:10 -04:00 | cycle_done | cycle=1764
2026-05-10 15:46:10 -04:00 | cycle_start | cycle=1765
2026-05-10 15:47:10 -04:00 | probe_timeout | probe_v28_dual_lane_sidecar_safety_watch.py
2026-05-10 15:47:10 -04:00 | probe_ok | probe_v28_dual_lane_live_market_update.py | elapsed_s=0.2
2026-05-10 15:47:10 -04:00 | probe_ok | probe_v28_dual_lane_readiness_checklist.py | elapsed_s=0.2
2026-05-10 15:47:10 -04:00 | probe_ok | probe_v28_dual_lane_snapshot_ledger.py | elapsed_s=0.24
2026-05-10 15:47:10 -04:00 | cycle_done | cycle=1765
2026-05-10 15:48:10 -04:00 | cycle_start | cycle=1766
2026-05-10 15:49:10 -04:00 | probe_timeout | probe_v28_dual_lane_sidecar_safety_watch.py
2026-05-10 15:49:10 -04:00 | probe_ok | probe_v28_dual_lane_live_market_update.py | elapsed_s=0.14
2026-05-10 15:49:11 -04:00 | probe_ok | probe_v28_dual_lane_readiness_checklist.py | elapsed_s=0.16
2026-05-10 15:49:11 -04:00 | probe_ok | probe_v28_dual_lane_snapshot_ledger.py | elapsed_s=0.19
2026-05-10 15:49:11 -04:00 | cycle_done | cycle=1766
2026-05-10 15:50:11 -04:00 | cycle_start | cycle=1767
2026-05-10 15:51:11 -04:00 | probe_timeout | probe_v28_dual_lane_sidecar_safety_watch.py
2026-05-10 15:51:11 -04:00 | probe_ok | probe_v28_dual_lane_live_market_update.py | elapsed_s=0.2
2026-05-10 15:51:11 -04:00 | probe_ok | probe_v28_dual_lane_readiness_checklist.py | elapsed_s=0.13
2026-05-10 15:51:11 -04:00 | probe_ok | probe_v28_dual_lane_snapshot_ledger.py | elapsed_s=0.19
2026-05-10 15:51:11 -04:00 | cycle_done | cycle=1767
2026-05-10 15:52:11 -04:00 | cycle_start | cycle=1768
2026-05-10 15:53:11 -04:00 | probe_timeout | probe_v28_dual_lane_sidecar_safety_watch.py
2026-05-10 15:53:11 -04:00 | probe_ok | probe_v28_dual_lane_live_market_update.py | elapsed_s=0.17
2026-05-10 15:53:12 -04:00 | probe_ok | probe_v28_dual_lane_readiness_checklist.py | elapsed_s=0.15
2026-05-10 15:53:12 -04:00 | probe_ok | probe_v28_dual_lane_snapshot_ledger.py | elapsed_s=0.16
2026-05-10 15:53:12 -04:00 | cycle_done | cycle=1768
2026-05-10 15:54:12 -04:00 | cycle_start | cycle=1769
2026-05-10 15:55:12 -04:00 | probe_timeout | probe_v28_dual_lane_sidecar_safety_watch.py
2026-05-10 15:55:12 -04:00 | probe_ok | probe_v28_dual_lane_live_market_update.py | elapsed_s=0.16
2026-05-10 15:55:12 -04:00 | probe_ok | probe_v28_dual_lane_readiness_checklist.py | elapsed_s=0.14
2026-05-10 15:55:12 -04:00 | probe_ok | probe_v28_dual_lane_snapshot_ledger.py | elapsed_s=0.19
2026-05-10 15:55:12 -04:00 | cycle_done | cycle=1769
2026-05-10 15:56:12 -04:00 | cycle_start | cycle=1770
2026-05-10 15:57:12 -04:00 | probe_timeout | probe_v28_dual_lane_sidecar_safety_watch.py
2026-05-10 15:57:13 -04:00 | probe_ok | probe_v28_dual_lane_live_market_update.py | elapsed_s=0.18
2026-05-10 15:57:13 -04:00 | probe_ok | probe_v28_dual_lane_readiness_checklist.py | elapsed_s=0.14
2026-05-10 15:57:13 -04:00 | probe_ok | probe_v28_dual_lane_snapshot_ledger.py | elapsed_s=0.19
2026-05-10 15:57:13 -04:00 | cycle_done | cycle=1770
2026-05-10 15:58:13 -04:00 | cycle_start | cycle=1771
2026-05-10 15:59:13 -04:00 | probe_timeout | probe_v28_dual_lane_sidecar_safety_watch.py
2026-05-10 15:59:13 -04:00 | probe_ok | probe_v28_dual_lane_live_market_update.py | elapsed_s=0.15
2026-05-10 15:59:13 -04:00 | probe_ok | probe_v28_dual_lane_readiness_checklist.py | elapsed_s=0.15
2026-05-10 15:59:13 -04:00 | probe_ok | probe_v28_dual_lane_snapshot_ledger.py | elapsed_s=0.17
2026-05-10 15:59:13 -04:00 | cycle_done | cycle=1771
2026-05-10 16:00:13 -04:00 | cycle_start | cycle=1772
2026-05-10 16:01:13 -04:00 | probe_timeout | probe_v28_dual_lane_sidecar_safety_watch.py
2026-05-10 16:01:14 -04:00 | probe_ok | probe_v28_dual_lane_live_market_update.py | elapsed_s=0.13
2026-05-10 16:01:14 -04:00 | probe_ok | probe_v28_dual_lane_readiness_checklist.py | elapsed_s=0.15
2026-05-10 16:01:14 -04:00 | probe_ok | probe_v28_dual_lane_snapshot_ledger.py | elapsed_s=0.18
2026-05-10 16:01:14 -04:00 | cycle_done | cycle=1772
2026-05-10 16:02:14 -04:00 | cycle_start | cycle=1773
2026-05-10 16:03:14 -04:00 | probe_timeout | probe_v28_dual_lane_sidecar_safety_watch.py
2026-05-10 16:03:14 -04:00 | probe_ok | probe_v28_dual_lane_live_market_update.py | elapsed_s=0.18
2026-05-10 16:03:14 -04:00 | probe_ok | probe_v28_dual_lane_readiness_checklist.py | elapsed_s=0.15
2026-05-10 16:03:15 -04:00 | probe_ok | probe_v28_dual_lane_snapshot_ledger.py | elapsed_s=0.2
2026-05-10 16:03:15 -04:00 | cycle_done | cycle=1773
2026-05-10 16:04:15 -04:00 | cycle_start | cycle=1774
2026-05-10 16:05:15 -04:00 | probe_timeout | probe_v28_dual_lane_sidecar_safety_watch.py
2026-05-10 16:05:15 -04:00 | probe_ok | probe_v28_dual_lane_live_market_update.py | elapsed_s=0.13
2026-05-10 16:05:15 -04:00 | probe_ok | probe_v28_dual_lane_readiness_checklist.py | elapsed_s=0.13
2026-05-10 16:05:15 -04:00 | probe_ok | probe_v28_dual_lane_snapshot_ledger.py | elapsed_s=0.17
2026-05-10 16:05:15 -04:00 | cycle_done | cycle=1774
2026-05-10 16:06:15 -04:00 | cycle_start | cycle=1775
2026-05-10 16:07:15 -04:00 | probe_timeout | probe_v28_dual_lane_sidecar_safety_watch.py
2026-05-10 16:07:15 -04:00 | probe_ok | probe_v28_dual_lane_live_market_update.py | elapsed_s=0.13
2026-05-10 16:07:15 -04:00 | probe_ok | probe_v28_dual_lane_readiness_checklist.py | elapsed_s=0.14
2026-05-10 16:07:16 -04:00 | probe_ok | probe_v28_dual_lane_snapshot_ledger.py | elapsed_s=0.33
2026-05-10 16:07:16 -04:00 | cycle_done | cycle=1775
2026-05-10 16:08:16 -04:00 | cycle_start | cycle=1776
2026-05-10 16:09:16 -04:00 | probe_timeout | probe_v28_dual_lane_sidecar_safety_watch.py
2026-05-10 16:09:16 -04:00 | probe_ok | probe_v28_dual_lane_live_market_update.py | elapsed_s=0.16
2026-05-10 16:09:16 -04:00 | probe_ok | probe_v28_dual_lane_readiness_checklist.py | elapsed_s=0.14
2026-05-10 16:09:16 -04:00 | probe_ok | probe_v28_dual_lane_snapshot_ledger.py | elapsed_s=0.18
2026-05-10 16:09:16 -04:00 | cycle_done | cycle=1776
2026-05-10 16:10:16 -04:00 | cycle_start | cycle=1777
2026-05-10 16:11:16 -04:00 | probe_timeout | probe_v28_dual_lane_sidecar_safety_watch.py
2026-05-10 16:11:16 -04:00 | probe_ok | probe_v28_dual_lane_live_market_update.py | elapsed_s=0.14
2026-05-10 16:11:17 -04:00 | probe_ok | probe_v28_dual_lane_readiness_checklist.py | elapsed_s=0.14
2026-05-10 16:11:17 -04:00 | probe_ok | probe_v28_dual_lane_snapshot_ledger.py | elapsed_s=0.19
2026-05-10 16:11:17 -04:00 | cycle_done | cycle=1777
2026-05-10 16:12:17 -04:00 | cycle_start | cycle=1778
2026-05-10 16:13:17 -04:00 | probe_timeout | probe_v28_dual_lane_sidecar_safety_watch.py
2026-05-10 16:13:17 -04:00 | probe_ok | probe_v28_dual_lane_live_market_update.py | elapsed_s=0.15
2026-05-10 16:13:17 -04:00 | probe_ok | probe_v28_dual_lane_readiness_checklist.py | elapsed_s=0.14
2026-05-10 16:13:17 -04:00 | probe_ok | probe_v28_dual_lane_snapshot_ledger.py | elapsed_s=0.19
2026-05-10 16:13:17 -04:00 | cycle_done | cycle=1778
2026-05-10 16:14:17 -04:00 | cycle_start | cycle=1779
2026-05-10 16:15:17 -04:00 | probe_timeout | probe_v28_dual_lane_sidecar_safety_watch.py
2026-05-10 16:15:17 -04:00 | probe_ok | probe_v28_dual_lane_live_market_update.py | elapsed_s=0.18
2026-05-10 16:15:18 -04:00 | probe_ok | probe_v28_dual_lane_readiness_checklist.py | elapsed_s=0.13
2026-05-10 16:15:18 -04:00 | probe_ok | probe_v28_dual_lane_snapshot_ledger.py | elapsed_s=0.17
2026-05-10 16:15:18 -04:00 | cycle_done | cycle=1779
2026-05-10 16:16:18 -04:00 | cycle_start | cycle=1780
2026-05-10 16:17:18 -04:00 | probe_timeout | probe_v28_dual_lane_sidecar_safety_watch.py
2026-05-10 16:17:18 -04:00 | probe_ok | probe_v28_dual_lane_live_market_update.py | elapsed_s=0.14
2026-05-10 16:17:18 -04:00 | probe_ok | probe_v28_dual_lane_readiness_checklist.py | elapsed_s=0.13
2026-05-10 16:17:19 -04:00 | probe_ok | probe_v28_dual_lane_snapshot_ledger.py | elapsed_s=0.17
2026-05-10 16:17:19 -04:00 | cycle_done | cycle=1780
2026-05-10 16:18:19 -04:00 | cycle_start | cycle=1781
2026-05-10 16:19:19 -04:00 | probe_timeout | probe_v28_dual_lane_sidecar_safety_watch.py
2026-05-10 16:19:19 -04:00 | probe_ok | probe_v28_dual_lane_live_market_update.py | elapsed_s=0.13
2026-05-10 16:19:19 -04:00 | probe_ok | probe_v28_dual_lane_readiness_checklist.py | elapsed_s=0.14
2026-05-10 16:19:19 -04:00 | probe_ok | probe_v28_dual_lane_snapshot_ledger.py | elapsed_s=0.17
2026-05-10 16:19:19 -04:00 | cycle_done | cycle=1781
2026-05-10 16:20:19 -04:00 | cycle_start | cycle=1782
2026-05-10 16:21:19 -04:00 | probe_timeout | probe_v28_dual_lane_sidecar_safety_watch.py
2026-05-10 16:21:19 -04:00 | probe_ok | probe_v28_dual_lane_live_market_update.py | elapsed_s=0.2
2026-05-10 16:21:19 -04:00 | probe_ok | probe_v28_dual_lane_readiness_checklist.py | elapsed_s=0.16
2026-05-10 16:21:20 -04:00 | probe_ok | probe_v28_dual_lane_snapshot_ledger.py | elapsed_s=0.21
2026-05-10 16:21:20 -04:00 | cycle_done | cycle=1782
2026-05-10 16:22:20 -04:00 | cycle_start | cycle=1783
2026-05-10 16:23:20 -04:00 | probe_timeout | probe_v28_dual_lane_sidecar_safety_watch.py
2026-05-10 16:23:20 -04:00 | probe_ok | probe_v28_dual_lane_live_market_update.py | elapsed_s=0.13
2026-05-10 16:23:20 -04:00 | probe_ok | probe_v28_dual_lane_readiness_checklist.py | elapsed_s=0.13
2026-05-10 16:23:20 -04:00 | probe_ok | probe_v28_dual_lane_snapshot_ledger.py | elapsed_s=0.17
2026-05-10 16:23:20 -04:00 | cycle_done | cycle=1783
2026-05-10 16:24:20 -04:00 | cycle_start | cycle=1784
2026-05-10 16:25:20 -04:00 | probe_timeout | probe_v28_dual_lane_sidecar_safety_watch.py
2026-05-10 16:25:20 -04:00 | probe_ok | probe_v28_dual_lane_live_market_update.py | elapsed_s=0.14
2026-05-10 16:25:21 -04:00 | probe_ok | probe_v28_dual_lane_readiness_checklist.py | elapsed_s=0.14
2026-05-10 16:25:21 -04:00 | probe_ok | probe_v28_dual_lane_snapshot_ledger.py | elapsed_s=0.18
2026-05-10 16:25:21 -04:00 | cycle_done | cycle=1784
2026-05-10 16:26:21 -04:00 | cycle_start | cycle=1785
2026-05-10 16:27:21 -04:00 | probe_timeout | probe_v28_dual_lane_sidecar_safety_watch.py
2026-05-10 16:27:21 -04:00 | probe_ok | probe_v28_dual_lane_live_market_update.py | elapsed_s=0.14
2026-05-10 16:27:21 -04:00 | probe_ok | probe_v28_dual_lane_readiness_checklist.py | elapsed_s=0.14
2026-05-10 16:27:21 -04:00 | probe_ok | probe_v28_dual_lane_snapshot_ledger.py | elapsed_s=0.19
2026-05-10 16:27:21 -04:00 | cycle_done | cycle=1785
2026-05-10 16:28:21 -04:00 | cycle_start | cycle=1786
2026-05-10 16:29:22 -04:00 | probe_timeout | probe_v28_dual_lane_sidecar_safety_watch.py
2026-05-10 16:29:22 -04:00 | probe_ok | probe_v28_dual_lane_live_market_update.py | elapsed_s=0.14
2026-05-10 16:29:22 -04:00 | probe_ok | probe_v28_dual_lane_readiness_checklist.py | elapsed_s=0.13
2026-05-10 16:29:22 -04:00 | probe_ok | probe_v28_dual_lane_snapshot_ledger.py | elapsed_s=0.17
2026-05-10 16:29:22 -04:00 | cycle_done | cycle=1786
2026-05-10 16:30:22 -04:00 | cycle_start | cycle=1787
2026-05-10 16:31:22 -04:00 | probe_timeout | probe_v28_dual_lane_sidecar_safety_watch.py
2026-05-10 16:31:22 -04:00 | probe_ok | probe_v28_dual_lane_live_market_update.py | elapsed_s=0.14
2026-05-10 16:31:22 -04:00 | probe_ok | probe_v28_dual_lane_readiness_checklist.py | elapsed_s=0.15
2026-05-10 16:31:22 -04:00 | probe_ok | probe_v28_dual_lane_snapshot_ledger.py | elapsed_s=0.19
2026-05-10 16:31:22 -04:00 | cycle_done | cycle=1787
2026-05-10 16:32:23 -04:00 | cycle_start | cycle=1788
2026-05-10 16:33:23 -04:00 | probe_timeout | probe_v28_dual_lane_sidecar_safety_watch.py
2026-05-10 16:33:23 -04:00 | probe_ok | probe_v28_dual_lane_live_market_update.py | elapsed_s=0.19
2026-05-10 16:33:23 -04:00 | probe_ok | probe_v28_dual_lane_readiness_checklist.py | elapsed_s=0.15
2026-05-10 16:33:23 -04:00 | probe_ok | probe_v28_dual_lane_snapshot_ledger.py | elapsed_s=0.21
2026-05-10 16:33:23 -04:00 | cycle_done | cycle=1788
2026-05-10 16:34:23 -04:00 | cycle_start | cycle=1789
2026-05-10 16:35:23 -04:00 | probe_timeout | probe_v28_dual_lane_sidecar_safety_watch.py
2026-05-10 16:35:23 -04:00 | probe_ok | probe_v28_dual_lane_live_market_update.py | elapsed_s=0.12
2026-05-10 16:35:23 -04:00 | probe_ok | probe_v28_dual_lane_readiness_checklist.py | elapsed_s=0.13
2026-05-10 16:35:24 -04:00 | probe_ok | probe_v28_dual_lane_snapshot_ledger.py | elapsed_s=0.16
2026-05-10 16:35:24 -04:00 | cycle_done | cycle=1789
2026-05-10 16:36:24 -04:00 | cycle_start | cycle=1790
2026-05-10 16:37:24 -04:00 | probe_timeout | probe_v28_dual_lane_sidecar_safety_watch.py
2026-05-10 16:37:24 -04:00 | probe_ok | probe_v28_dual_lane_live_market_update.py | elapsed_s=0.18
2026-05-10 16:37:24 -04:00 | probe_ok | probe_v28_dual_lane_readiness_checklist.py | elapsed_s=0.15
2026-05-10 16:37:24 -04:00 | probe_ok | probe_v28_dual_lane_snapshot_ledger.py | elapsed_s=0.16
2026-05-10 16:37:24 -04:00 | cycle_done | cycle=1790
2026-05-10 16:38:24 -04:00 | cycle_start | cycle=1791
2026-05-10 16:39:24 -04:00 | probe_timeout | probe_v28_dual_lane_sidecar_safety_watch.py
2026-05-10 16:39:24 -04:00 | probe_ok | probe_v28_dual_lane_live_market_update.py | elapsed_s=0.17
2026-05-10 16:39:24 -04:00 | probe_ok | probe_v28_dual_lane_readiness_checklist.py | elapsed_s=0.13
2026-05-10 16:39:25 -04:00 | probe_ok | probe_v28_dual_lane_snapshot_ledger.py | elapsed_s=0.16
2026-05-10 16:39:25 -04:00 | cycle_done | cycle=1791
2026-05-10 16:40:25 -04:00 | cycle_start | cycle=1792
2026-05-10 16:41:25 -04:00 | probe_timeout | probe_v28_dual_lane_sidecar_safety_watch.py
2026-05-10 16:41:25 -04:00 | probe_ok | probe_v28_dual_lane_live_market_update.py | elapsed_s=0.16
2026-05-10 16:41:25 -04:00 | probe_ok | probe_v28_dual_lane_readiness_checklist.py | elapsed_s=0.13
2026-05-10 16:41:25 -04:00 | probe_ok | probe_v28_dual_lane_snapshot_ledger.py | elapsed_s=0.17
2026-05-10 16:41:25 -04:00 | cycle_done | cycle=1792
2026-05-10 16:42:25 -04:00 | cycle_start | cycle=1793
2026-05-10 16:43:25 -04:00 | probe_timeout | probe_v28_dual_lane_sidecar_safety_watch.py
2026-05-10 16:43:25 -04:00 | probe_ok | probe_v28_dual_lane_live_market_update.py | elapsed_s=0.16
2026-05-10 16:43:25 -04:00 | probe_ok | probe_v28_dual_lane_readiness_checklist.py | elapsed_s=0.13
2026-05-10 16:43:26 -04:00 | probe_ok | probe_v28_dual_lane_snapshot_ledger.py | elapsed_s=0.17
2026-05-10 16:43:26 -04:00 | cycle_done | cycle=1793
2026-05-10 16:44:26 -04:00 | cycle_start | cycle=1794
2026-05-10 16:45:26 -04:00 | probe_timeout | probe_v28_dual_lane_sidecar_safety_watch.py
2026-05-10 16:45:26 -04:00 | probe_ok | probe_v28_dual_lane_live_market_update.py | elapsed_s=0.17
2026-05-10 16:45:26 -04:00 | probe_ok | probe_v28_dual_lane_readiness_checklist.py | elapsed_s=0.14
2026-05-10 16:45:27 -04:00 | probe_ok | probe_v28_dual_lane_snapshot_ledger.py | elapsed_s=0.17
2026-05-10 16:45:27 -04:00 | cycle_done | cycle=1794
2026-05-10 16:46:27 -04:00 | cycle_start | cycle=1795
2026-05-10 16:47:27 -04:00 | probe_timeout | probe_v28_dual_lane_sidecar_safety_watch.py
2026-05-10 16:47:27 -04:00 | probe_ok | probe_v28_dual_lane_live_market_update.py | elapsed_s=0.16
2026-05-10 16:47:27 -04:00 | probe_ok | probe_v28_dual_lane_readiness_checklist.py | elapsed_s=0.13
2026-05-10 16:47:27 -04:00 | probe_ok | probe_v28_dual_lane_snapshot_ledger.py | elapsed_s=0.18
2026-05-10 16:47:27 -04:00 | cycle_done | cycle=1795
2026-05-10 16:48:27 -04:00 | cycle_start | cycle=1796
2026-05-10 16:49:27 -04:00 | probe_timeout | probe_v28_dual_lane_sidecar_safety_watch.py
2026-05-10 16:49:27 -04:00 | probe_ok | probe_v28_dual_lane_live_market_update.py | elapsed_s=0.16
2026-05-10 16:49:27 -04:00 | probe_ok | probe_v28_dual_lane_readiness_checklist.py | elapsed_s=0.13
2026-05-10 16:49:28 -04:00 | probe_ok | probe_v28_dual_lane_snapshot_ledger.py | elapsed_s=0.16
2026-05-10 16:49:28 -04:00 | cycle_done | cycle=1796
2026-05-10 16:50:28 -04:00 | cycle_start | cycle=1797
2026-05-10 16:51:28 -04:00 | probe_timeout | probe_v28_dual_lane_sidecar_safety_watch.py
2026-05-10 16:51:28 -04:00 | probe_ok | probe_v28_dual_lane_live_market_update.py | elapsed_s=0.16
2026-05-10 16:51:28 -04:00 | probe_ok | probe_v28_dual_lane_readiness_checklist.py | elapsed_s=0.13
2026-05-10 16:51:28 -04:00 | probe_ok | probe_v28_dual_lane_snapshot_ledger.py | elapsed_s=0.17
2026-05-10 16:51:28 -04:00 | cycle_done | cycle=1797
2026-05-10 16:52:28 -04:00 | cycle_start | cycle=1798
2026-05-10 16:53:28 -04:00 | probe_timeout | probe_v28_dual_lane_sidecar_safety_watch.py
2026-05-10 16:53:28 -04:00 | probe_ok | probe_v28_dual_lane_live_market_update.py | elapsed_s=0.16
2026-05-10 16:53:28 -04:00 | probe_ok | probe_v28_dual_lane_readiness_checklist.py | elapsed_s=0.13
2026-05-10 16:53:29 -04:00 | probe_ok | probe_v28_dual_lane_snapshot_ledger.py | elapsed_s=0.17
2026-05-10 16:53:29 -04:00 | cycle_done | cycle=1798
2026-05-10 16:54:29 -04:00 | cycle_start | cycle=1799
2026-05-10 16:55:29 -04:00 | probe_timeout | probe_v28_dual_lane_sidecar_safety_watch.py
2026-05-10 16:55:29 -04:00 | probe_ok | probe_v28_dual_lane_live_market_update.py | elapsed_s=0.19
2026-05-10 16:55:29 -04:00 | probe_ok | probe_v28_dual_lane_readiness_checklist.py | elapsed_s=0.17
2026-05-10 16:55:29 -04:00 | probe_ok | probe_v28_dual_lane_snapshot_ledger.py | elapsed_s=0.24
2026-05-10 16:55:29 -04:00 | cycle_done | cycle=1799
2026-05-10 16:56:29 -04:00 | cycle_start | cycle=1800
2026-05-10 16:57:29 -04:00 | probe_timeout | probe_v28_dual_lane_sidecar_safety_watch.py
2026-05-10 16:57:29 -04:00 | probe_ok | probe_v28_dual_lane_live_market_update.py | elapsed_s=0.17
2026-05-10 16:57:30 -04:00 | probe_ok | probe_v28_dual_lane_readiness_checklist.py | elapsed_s=0.19
2026-05-10 16:57:30 -04:00 | probe_ok | probe_v28_dual_lane_snapshot_ledger.py | elapsed_s=0.26
2026-05-10 16:57:30 -04:00 | cycle_done | cycle=1800
2026-05-10 16:58:30 -04:00 | cycle_start | cycle=1801
2026-05-10 16:59:30 -04:00 | probe_timeout | probe_v28_dual_lane_sidecar_safety_watch.py
2026-05-10 16:59:30 -04:00 | probe_ok | probe_v28_dual_lane_live_market_update.py | elapsed_s=0.24
2026-05-10 16:59:30 -04:00 | probe_ok | probe_v28_dual_lane_readiness_checklist.py | elapsed_s=0.17
2026-05-10 16:59:31 -04:00 | probe_ok | probe_v28_dual_lane_snapshot_ledger.py | elapsed_s=0.21
2026-05-10 16:59:31 -04:00 | cycle_done | cycle=1801
2026-05-10 17:00:31 -04:00 | cycle_start | cycle=1802
2026-05-10 17:01:31 -04:00 | probe_timeout | probe_v28_dual_lane_sidecar_safety_watch.py
2026-05-10 17:01:31 -04:00 | probe_ok | probe_v28_dual_lane_live_market_update.py | elapsed_s=0.2
2026-05-10 17:01:31 -04:00 | probe_ok | probe_v28_dual_lane_readiness_checklist.py | elapsed_s=0.2
2026-05-10 17:01:31 -04:00 | probe_ok | probe_v28_dual_lane_snapshot_ledger.py | elapsed_s=0.25
2026-05-10 17:01:31 -04:00 | cycle_done | cycle=1802
2026-05-10 17:02:31 -04:00 | cycle_start | cycle=1803
2026-05-10 17:03:31 -04:00 | probe_timeout | probe_v28_dual_lane_sidecar_safety_watch.py
2026-05-10 17:03:32 -04:00 | probe_ok | probe_v28_dual_lane_live_market_update.py | elapsed_s=0.21
2026-05-10 17:03:32 -04:00 | probe_ok | probe_v28_dual_lane_readiness_checklist.py | elapsed_s=0.17
2026-05-10 17:03:32 -04:00 | probe_ok | probe_v28_dual_lane_snapshot_ledger.py | elapsed_s=0.23
2026-05-10 17:03:32 -04:00 | cycle_done | cycle=1803
2026-05-10 17:04:32 -04:00 | cycle_start | cycle=1804
2026-05-10 17:05:32 -04:00 | probe_timeout | probe_v28_dual_lane_sidecar_safety_watch.py
2026-05-10 17:05:32 -04:00 | probe_ok | probe_v28_dual_lane_live_market_update.py | elapsed_s=0.21
2026-05-10 17:05:32 -04:00 | probe_ok | probe_v28_dual_lane_readiness_checklist.py | elapsed_s=0.23
2026-05-10 17:05:33 -04:00 | probe_ok | probe_v28_dual_lane_snapshot_ledger.py | elapsed_s=0.25
2026-05-10 17:05:33 -04:00 | cycle_done | cycle=1804
2026-05-10 17:06:33 -04:00 | cycle_start | cycle=1805
2026-05-10 18:02:52 -04:00 | probe_timeout | probe_v28_dual_lane_sidecar_safety_watch.py
2026-05-10 18:02:52 -04:00 | probe_ok | probe_v28_dual_lane_live_market_update.py | elapsed_s=0.18
2026-05-10 18:02:52 -04:00 | probe_ok | probe_v28_dual_lane_readiness_checklist.py | elapsed_s=0.16
2026-05-10 18:02:52 -04:00 | probe_ok | probe_v28_dual_lane_snapshot_ledger.py | elapsed_s=0.21
2026-05-10 18:02:52 -04:00 | cycle_done | cycle=1805
2026-05-10 18:03:52 -04:00 | cycle_start | cycle=1806
2026-05-10 18:04:52 -04:00 | probe_timeout | probe_v28_dual_lane_sidecar_safety_watch.py
2026-05-10 18:04:52 -04:00 | probe_ok | probe_v28_dual_lane_live_market_update.py | elapsed_s=0.11
2026-05-10 18:04:53 -04:00 | probe_ok | probe_v28_dual_lane_readiness_checklist.py | elapsed_s=0.11
2026-05-10 18:04:53 -04:00 | probe_ok | probe_v28_dual_lane_snapshot_ledger.py | elapsed_s=0.15
2026-05-10 18:04:53 -04:00 | cycle_done | cycle=1806
2026-05-10 18:05:53 -04:00 | cycle_start | cycle=1807
2026-05-10 18:06:53 -04:00 | probe_timeout | probe_v28_dual_lane_sidecar_safety_watch.py
2026-05-10 18:06:53 -04:00 | probe_ok | probe_v28_dual_lane_live_market_update.py | elapsed_s=0.12
2026-05-10 18:06:53 -04:00 | probe_ok | probe_v28_dual_lane_readiness_checklist.py | elapsed_s=0.13
2026-05-10 18:06:53 -04:00 | probe_ok | probe_v28_dual_lane_snapshot_ledger.py | elapsed_s=0.18
2026-05-10 18:06:53 -04:00 | cycle_done | cycle=1807
2026-05-10 18:07:53 -04:00 | cycle_start | cycle=1808
2026-05-10 18:08:53 -04:00 | probe_timeout | probe_v28_dual_lane_sidecar_safety_watch.py
2026-05-10 18:08:53 -04:00 | probe_ok | probe_v28_dual_lane_live_market_update.py | elapsed_s=0.12
2026-05-10 18:08:53 -04:00 | probe_ok | probe_v28_dual_lane_readiness_checklist.py | elapsed_s=0.11
2026-05-10 18:08:54 -04:00 | probe_ok | probe_v28_dual_lane_snapshot_ledger.py | elapsed_s=0.17
2026-05-10 18:08:54 -04:00 | cycle_done | cycle=1808
2026-05-10 18:09:54 -04:00 | cycle_start | cycle=1809
2026-05-10 18:10:54 -04:00 | probe_timeout | probe_v28_dual_lane_sidecar_safety_watch.py
2026-05-10 18:10:54 -04:00 | probe_ok | probe_v28_dual_lane_live_market_update.py | elapsed_s=0.16
2026-05-10 18:10:54 -04:00 | probe_ok | probe_v28_dual_lane_readiness_checklist.py | elapsed_s=0.13
2026-05-10 18:10:54 -04:00 | probe_ok | probe_v28_dual_lane_snapshot_ledger.py | elapsed_s=0.19
2026-05-10 18:10:54 -04:00 | cycle_done | cycle=1809
2026-05-10 18:11:54 -04:00 | cycle_start | cycle=1810
2026-05-10 18:12:54 -04:00 | probe_timeout | probe_v28_dual_lane_sidecar_safety_watch.py
2026-05-10 18:12:54 -04:00 | probe_ok | probe_v28_dual_lane_live_market_update.py | elapsed_s=0.23
2026-05-10 18:12:55 -04:00 | probe_ok | probe_v28_dual_lane_readiness_checklist.py | elapsed_s=0.15
2026-05-10 18:12:55 -04:00 | probe_ok | probe_v28_dual_lane_snapshot_ledger.py | elapsed_s=0.22
2026-05-10 18:12:55 -04:00 | cycle_done | cycle=1810
2026-05-10 18:13:55 -04:00 | cycle_start | cycle=1811
2026-05-10 18:14:55 -04:00 | probe_timeout | probe_v28_dual_lane_sidecar_safety_watch.py
2026-05-10 18:14:55 -04:00 | probe_ok | probe_v28_dual_lane_live_market_update.py | elapsed_s=0.19
2026-05-10 18:14:55 -04:00 | probe_ok | probe_v28_dual_lane_readiness_checklist.py | elapsed_s=0.24
2026-05-10 18:14:56 -04:00 | probe_ok | probe_v28_dual_lane_snapshot_ledger.py | elapsed_s=0.45
2026-05-10 18:14:56 -04:00 | cycle_done | cycle=1811
2026-05-10 18:15:56 -04:00 | cycle_start | cycle=1812
2026-05-10 18:16:56 -04:00 | probe_timeout | probe_v28_dual_lane_sidecar_safety_watch.py
2026-05-10 18:16:56 -04:00 | probe_ok | probe_v28_dual_lane_live_market_update.py | elapsed_s=0.17
2026-05-10 18:16:56 -04:00 | probe_ok | probe_v28_dual_lane_readiness_checklist.py | elapsed_s=0.15
2026-05-10 18:16:56 -04:00 | probe_ok | probe_v28_dual_lane_snapshot_ledger.py | elapsed_s=0.23
2026-05-10 18:16:56 -04:00 | cycle_done | cycle=1812
2026-05-10 18:17:56 -04:00 | cycle_start | cycle=1813
2026-05-10 18:18:57 -04:00 | probe_timeout | probe_v28_dual_lane_sidecar_safety_watch.py
2026-05-10 18:18:57 -04:00 | probe_ok | probe_v28_dual_lane_live_market_update.py | elapsed_s=0.22
2026-05-10 18:18:57 -04:00 | probe_ok | probe_v28_dual_lane_readiness_checklist.py | elapsed_s=0.2
2026-05-10 18:18:57 -04:00 | probe_ok | probe_v28_dual_lane_snapshot_ledger.py | elapsed_s=0.24
2026-05-10 18:18:57 -04:00 | cycle_done | cycle=1813
2026-05-10 18:19:57 -04:00 | cycle_start | cycle=1814
2026-05-10 18:20:57 -04:00 | probe_timeout | probe_v28_dual_lane_sidecar_safety_watch.py
2026-05-10 18:20:57 -04:00 | probe_ok | probe_v28_dual_lane_live_market_update.py | elapsed_s=0.13
2026-05-10 18:20:58 -04:00 | probe_ok | probe_v28_dual_lane_readiness_checklist.py | elapsed_s=0.14
2026-05-10 18:20:58 -04:00 | probe_ok | probe_v28_dual_lane_snapshot_ledger.py | elapsed_s=0.17
2026-05-10 18:20:58 -04:00 | cycle_done | cycle=1814
2026-05-10 18:21:58 -04:00 | cycle_start | cycle=1815
2026-05-10 18:22:58 -04:00 | probe_timeout | probe_v28_dual_lane_sidecar_safety_watch.py
2026-05-10 18:22:58 -04:00 | probe_ok | probe_v28_dual_lane_live_market_update.py | elapsed_s=0.13
2026-05-10 18:22:58 -04:00 | probe_ok | probe_v28_dual_lane_readiness_checklist.py | elapsed_s=0.12
2026-05-10 18:22:58 -04:00 | probe_ok | probe_v28_dual_lane_snapshot_ledger.py | elapsed_s=0.16
2026-05-10 18:22:58 -04:00 | cycle_done | cycle=1815
2026-05-10 18:23:58 -04:00 | cycle_start | cycle=1816
2026-05-10 18:24:58 -04:00 | probe_timeout | probe_v28_dual_lane_sidecar_safety_watch.py
2026-05-10 18:24:58 -04:00 | probe_ok | probe_v28_dual_lane_live_market_update.py | elapsed_s=0.24
2026-05-10 18:24:59 -04:00 | probe_ok | probe_v28_dual_lane_readiness_checklist.py | elapsed_s=0.15
2026-05-10 18:24:59 -04:00 | probe_ok | probe_v28_dual_lane_snapshot_ledger.py | elapsed_s=0.21
2026-05-10 18:24:59 -04:00 | cycle_done | cycle=1816
2026-05-10 18:25:59 -04:00 | cycle_start | cycle=1817
2026-05-10 18:26:59 -04:00 | probe_timeout | probe_v28_dual_lane_sidecar_safety_watch.py
2026-05-10 18:26:59 -04:00 | probe_ok | probe_v28_dual_lane_live_market_update.py | elapsed_s=0.14
2026-05-10 18:26:59 -04:00 | probe_ok | probe_v28_dual_lane_readiness_checklist.py | elapsed_s=0.15
2026-05-10 18:26:59 -04:00 | probe_ok | probe_v28_dual_lane_snapshot_ledger.py | elapsed_s=0.21
2026-05-10 18:26:59 -04:00 | cycle_done | cycle=1817
2026-05-10 18:27:59 -04:00 | cycle_start | cycle=1818
2026-05-10 18:28:59 -04:00 | probe_timeout | probe_v28_dual_lane_sidecar_safety_watch.py
2026-05-10 18:29:00 -04:00 | probe_ok | probe_v28_dual_lane_live_market_update.py | elapsed_s=0.15
2026-05-10 18:29:00 -04:00 | probe_ok | probe_v28_dual_lane_readiness_checklist.py | elapsed_s=0.17
2026-05-10 18:29:00 -04:00 | probe_ok | probe_v28_dual_lane_snapshot_ledger.py | elapsed_s=0.2
2026-05-10 18:29:00 -04:00 | cycle_done | cycle=1818
2026-05-10 18:30:00 -04:00 | cycle_start | cycle=1819
2026-05-10 18:31:00 -04:00 | probe_timeout | probe_v28_dual_lane_sidecar_safety_watch.py
2026-05-10 18:31:00 -04:00 | probe_ok | probe_v28_dual_lane_live_market_update.py | elapsed_s=0.13
2026-05-10 18:31:00 -04:00 | probe_ok | probe_v28_dual_lane_readiness_checklist.py | elapsed_s=0.16
2026-05-10 18:31:01 -04:00 | probe_ok | probe_v28_dual_lane_snapshot_ledger.py | elapsed_s=0.2
2026-05-10 18:31:01 -04:00 | cycle_done | cycle=1819
2026-05-10 18:32:01 -04:00 | cycle_start | cycle=1820
2026-05-10 18:33:01 -04:00 | probe_timeout | probe_v28_dual_lane_sidecar_safety_watch.py
2026-05-10 18:33:01 -04:00 | probe_ok | probe_v28_dual_lane_live_market_update.py | elapsed_s=0.13
2026-05-10 18:33:01 -04:00 | probe_ok | probe_v28_dual_lane_readiness_checklist.py | elapsed_s=0.16
2026-05-10 18:33:01 -04:00 | probe_ok | probe_v28_dual_lane_snapshot_ledger.py | elapsed_s=0.22
2026-05-10 18:33:01 -04:00 | cycle_done | cycle=1820
2026-05-10 18:34:01 -04:00 | cycle_start | cycle=1821
2026-05-10 18:35:01 -04:00 | probe_timeout | probe_v28_dual_lane_sidecar_safety_watch.py
2026-05-10 18:35:01 -04:00 | probe_ok | probe_v28_dual_lane_live_market_update.py | elapsed_s=0.13
2026-05-10 18:35:01 -04:00 | probe_ok | probe_v28_dual_lane_readiness_checklist.py | elapsed_s=0.14
2026-05-10 18:35:02 -04:00 | probe_ok | probe_v28_dual_lane_snapshot_ledger.py | elapsed_s=0.18
2026-05-10 18:35:02 -04:00 | cycle_done | cycle=1821
2026-05-10 18:36:02 -04:00 | cycle_start | cycle=1822
2026-05-10 18:37:02 -04:00 | probe_timeout | probe_v28_dual_lane_sidecar_safety_watch.py
2026-05-10 18:37:02 -04:00 | probe_ok | probe_v28_dual_lane_live_market_update.py | elapsed_s=0.16
2026-05-10 18:37:02 -04:00 | probe_ok | probe_v28_dual_lane_readiness_checklist.py | elapsed_s=0.16
2026-05-10 18:37:02 -04:00 | probe_ok | probe_v28_dual_lane_snapshot_ledger.py | elapsed_s=0.19
2026-05-10 18:37:02 -04:00 | cycle_done | cycle=1822
2026-05-10 18:38:02 -04:00 | cycle_start | cycle=1823
2026-05-10 18:39:02 -04:00 | probe_timeout | probe_v28_dual_lane_sidecar_safety_watch.py
2026-05-10 18:39:02 -04:00 | probe_ok | probe_v28_dual_lane_live_market_update.py | elapsed_s=0.14
2026-05-10 18:39:02 -04:00 | probe_ok | probe_v28_dual_lane_readiness_checklist.py | elapsed_s=0.13
2026-05-10 18:39:03 -04:00 | probe_ok | probe_v28_dual_lane_snapshot_ledger.py | elapsed_s=0.18
2026-05-10 18:39:03 -04:00 | cycle_done | cycle=1823
2026-05-10 18:40:03 -04:00 | cycle_start | cycle=1824
2026-05-10 18:41:03 -04:00 | probe_timeout | probe_v28_dual_lane_sidecar_safety_watch.py
2026-05-10 18:41:03 -04:00 | probe_ok | probe_v28_dual_lane_live_market_update.py | elapsed_s=0.16
2026-05-10 18:41:03 -04:00 | probe_ok | probe_v28_dual_lane_readiness_checklist.py | elapsed_s=0.16
2026-05-10 18:41:03 -04:00 | probe_ok | probe_v28_dual_lane_snapshot_ledger.py | elapsed_s=0.21
2026-05-10 18:41:03 -04:00 | cycle_done | cycle=1824
2026-05-10 18:42:03 -04:00 | cycle_start | cycle=1825
2026-05-10 18:43:03 -04:00 | probe_timeout | probe_v28_dual_lane_sidecar_safety_watch.py
2026-05-10 18:43:03 -04:00 | probe_ok | probe_v28_dual_lane_live_market_update.py | elapsed_s=0.17
2026-05-10 18:43:04 -04:00 | probe_ok | probe_v28_dual_lane_readiness_checklist.py | elapsed_s=0.17
2026-05-10 18:43:04 -04:00 | probe_ok | probe_v28_dual_lane_snapshot_ledger.py | elapsed_s=0.21
2026-05-10 18:43:04 -04:00 | cycle_done | cycle=1825
2026-05-10 18:44:04 -04:00 | cycle_start | cycle=1826
2026-05-10 18:45:04 -04:00 | probe_timeout | probe_v28_dual_lane_sidecar_safety_watch.py
2026-05-10 18:45:04 -04:00 | probe_ok | probe_v28_dual_lane_live_market_update.py | elapsed_s=0.08
2026-05-10 18:45:04 -04:00 | probe_ok | probe_v28_dual_lane_readiness_checklist.py | elapsed_s=0.09
2026-05-10 18:45:04 -04:00 | probe_ok | probe_v28_dual_lane_snapshot_ledger.py | elapsed_s=0.14
2026-05-10 18:45:04 -04:00 | cycle_done | cycle=1826
2026-05-10 18:46:04 -04:00 | cycle_start | cycle=1827
2026-05-10 18:47:04 -04:00 | probe_timeout | probe_v28_dual_lane_sidecar_safety_watch.py
2026-05-10 18:47:04 -04:00 | probe_ok | probe_v28_dual_lane_live_market_update.py | elapsed_s=0.17
2026-05-10 18:47:05 -04:00 | probe_ok | probe_v28_dual_lane_readiness_checklist.py | elapsed_s=0.16
2026-05-10 18:47:05 -04:00 | probe_ok | probe_v28_dual_lane_snapshot_ledger.py | elapsed_s=0.27
2026-05-10 18:47:05 -04:00 | cycle_done | cycle=1827
2026-05-10 18:48:05 -04:00 | cycle_start | cycle=1828
2026-05-10 18:49:05 -04:00 | probe_timeout | probe_v28_dual_lane_sidecar_safety_watch.py
2026-05-10 18:49:05 -04:00 | probe_ok | probe_v28_dual_lane_live_market_update.py | elapsed_s=0.12
2026-05-10 18:49:05 -04:00 | probe_ok | probe_v28_dual_lane_readiness_checklist.py | elapsed_s=0.11
2026-05-10 18:49:05 -04:00 | probe_ok | probe_v28_dual_lane_snapshot_ledger.py | elapsed_s=0.14
2026-05-10 18:49:05 -04:00 | cycle_done | cycle=1828
2026-05-10 18:50:05 -04:00 | cycle_start | cycle=1829
2026-05-10 18:51:05 -04:00 | probe_timeout | probe_v28_dual_lane_sidecar_safety_watch.py
2026-05-10 18:51:05 -04:00 | probe_ok | probe_v28_dual_lane_live_market_update.py | elapsed_s=0.11
2026-05-10 18:51:05 -04:00 | probe_ok | probe_v28_dual_lane_readiness_checklist.py | elapsed_s=0.1
2026-05-10 18:51:06 -04:00 | probe_ok | probe_v28_dual_lane_snapshot_ledger.py | elapsed_s=0.14
2026-05-10 18:51:06 -04:00 | cycle_done | cycle=1829
2026-05-10 18:52:06 -04:00 | cycle_start | cycle=1830
2026-05-10 18:53:06 -04:00 | probe_timeout | probe_v28_dual_lane_sidecar_safety_watch.py
2026-05-10 18:53:06 -04:00 | probe_ok | probe_v28_dual_lane_live_market_update.py | elapsed_s=0.12
2026-05-10 18:53:06 -04:00 | probe_ok | probe_v28_dual_lane_readiness_checklist.py | elapsed_s=0.11
2026-05-10 18:53:06 -04:00 | probe_ok | probe_v28_dual_lane_snapshot_ledger.py | elapsed_s=0.14
2026-05-10 18:53:06 -04:00 | cycle_done | cycle=1830
2026-05-10 18:54:06 -04:00 | cycle_start | cycle=1831
2026-05-10 18:55:06 -04:00 | probe_timeout | probe_v28_dual_lane_sidecar_safety_watch.py
2026-05-10 18:55:06 -04:00 | probe_ok | probe_v28_dual_lane_live_market_update.py | elapsed_s=0.15
2026-05-10 18:55:06 -04:00 | probe_ok | probe_v28_dual_lane_readiness_checklist.py | elapsed_s=0.14
2026-05-10 18:55:06 -04:00 | probe_ok | probe_v28_dual_lane_snapshot_ledger.py | elapsed_s=0.17
2026-05-10 18:55:06 -04:00 | cycle_done | cycle=1831
2026-05-10 18:56:06 -04:00 | cycle_start | cycle=1832
2026-05-10 18:57:06 -04:00 | probe_timeout | probe_v28_dual_lane_sidecar_safety_watch.py
2026-05-10 18:57:07 -04:00 | probe_ok | probe_v28_dual_lane_live_market_update.py | elapsed_s=0.1
2026-05-10 18:57:07 -04:00 | probe_ok | probe_v28_dual_lane_readiness_checklist.py | elapsed_s=0.08
2026-05-10 18:57:07 -04:00 | probe_ok | probe_v28_dual_lane_snapshot_ledger.py | elapsed_s=0.12
2026-05-10 18:57:07 -04:00 | cycle_done | cycle=1832
2026-05-10 18:58:07 -04:00 | cycle_start | cycle=1833
2026-05-10 18:59:07 -04:00 | probe_timeout | probe_v28_dual_lane_sidecar_safety_watch.py
2026-05-10 18:59:07 -04:00 | probe_ok | probe_v28_dual_lane_live_market_update.py | elapsed_s=0.15
2026-05-10 18:59:07 -04:00 | probe_ok | probe_v28_dual_lane_readiness_checklist.py | elapsed_s=0.13
2026-05-10 18:59:07 -04:00 | probe_ok | probe_v28_dual_lane_snapshot_ledger.py | elapsed_s=0.17
2026-05-10 18:59:07 -04:00 | cycle_done | cycle=1833
2026-05-10 19:00:07 -04:00 | cycle_start | cycle=1834
2026-05-10 19:01:07 -04:00 | probe_timeout | probe_v28_dual_lane_sidecar_safety_watch.py
2026-05-10 19:01:07 -04:00 | probe_ok | probe_v28_dual_lane_live_market_update.py | elapsed_s=0.11
2026-05-10 19:01:07 -04:00 | probe_ok | probe_v28_dual_lane_readiness_checklist.py | elapsed_s=0.09
2026-05-10 19:01:08 -04:00 | probe_ok | probe_v28_dual_lane_snapshot_ledger.py | elapsed_s=0.13
2026-05-10 19:01:08 -04:00 | cycle_done | cycle=1834
2026-05-10 19:02:08 -04:00 | cycle_start | cycle=1835
2026-05-10 19:03:08 -04:00 | probe_timeout | probe_v28_dual_lane_sidecar_safety_watch.py
2026-05-10 19:03:08 -04:00 | probe_ok | probe_v28_dual_lane_live_market_update.py | elapsed_s=0.07
2026-05-10 19:03:08 -04:00 | probe_ok | probe_v28_dual_lane_readiness_checklist.py | elapsed_s=0.08
2026-05-10 19:03:08 -04:00 | probe_ok | probe_v28_dual_lane_snapshot_ledger.py | elapsed_s=0.11
2026-05-10 19:03:08 -04:00 | cycle_done | cycle=1835
2026-05-10 19:04:08 -04:00 | cycle_start | cycle=1836
2026-05-10 19:05:08 -04:00 | probe_timeout | probe_v28_dual_lane_sidecar_safety_watch.py
2026-05-10 19:05:08 -04:00 | probe_ok | probe_v28_dual_lane_live_market_update.py | elapsed_s=0.07
2026-05-10 19:05:08 -04:00 | probe_ok | probe_v28_dual_lane_readiness_checklist.py | elapsed_s=0.08
2026-05-10 19:05:08 -04:00 | probe_ok | probe_v28_dual_lane_snapshot_ledger.py | elapsed_s=0.1
2026-05-10 19:05:08 -04:00 | cycle_done | cycle=1836
2026-05-10 19:06:08 -04:00 | cycle_start | cycle=1837
2026-05-10 19:07:08 -04:00 | probe_timeout | probe_v28_dual_lane_sidecar_safety_watch.py
2026-05-10 19:07:08 -04:00 | probe_ok | probe_v28_dual_lane_live_market_update.py | elapsed_s=0.08
2026-05-10 19:07:08 -04:00 | probe_ok | probe_v28_dual_lane_readiness_checklist.py | elapsed_s=0.08
2026-05-10 19:07:08 -04:00 | probe_ok | probe_v28_dual_lane_snapshot_ledger.py | elapsed_s=0.12
2026-05-10 19:07:08 -04:00 | cycle_done | cycle=1837
2026-05-10 19:08:09 -04:00 | cycle_start | cycle=1838
2026-05-10 19:09:09 -04:00 | probe_timeout | probe_v28_dual_lane_sidecar_safety_watch.py
2026-05-10 19:09:09 -04:00 | probe_ok | probe_v28_dual_lane_live_market_update.py | elapsed_s=0.1
2026-05-10 19:09:09 -04:00 | probe_ok | probe_v28_dual_lane_readiness_checklist.py | elapsed_s=0.1
2026-05-10 19:09:09 -04:00 | probe_ok | probe_v28_dual_lane_snapshot_ledger.py | elapsed_s=0.15
2026-05-10 19:09:09 -04:00 | cycle_done | cycle=1838
2026-05-10 19:10:09 -04:00 | cycle_start | cycle=1839
2026-05-10 19:11:09 -04:00 | probe_timeout | probe_v28_dual_lane_sidecar_safety_watch.py
2026-05-10 19:11:09 -04:00 | probe_ok | probe_v28_dual_lane_live_market_update.py | elapsed_s=0.09
2026-05-10 19:11:09 -04:00 | probe_ok | probe_v28_dual_lane_readiness_checklist.py | elapsed_s=0.11
2026-05-10 19:11:09 -04:00 | probe_ok | probe_v28_dual_lane_snapshot_ledger.py | elapsed_s=0.12
2026-05-10 19:11:09 -04:00 | cycle_done | cycle=1839
2026-05-10 19:12:09 -04:00 | cycle_start | cycle=1840
2026-05-10 19:13:09 -04:00 | probe_timeout | probe_v28_dual_lane_sidecar_safety_watch.py
2026-05-10 19:13:09 -04:00 | probe_ok | probe_v28_dual_lane_live_market_update.py | elapsed_s=0.11
2026-05-10 19:13:09 -04:00 | probe_ok | probe_v28_dual_lane_readiness_checklist.py | elapsed_s=0.1
2026-05-10 19:13:10 -04:00 | probe_ok | probe_v28_dual_lane_snapshot_ledger.py | elapsed_s=0.12
2026-05-10 19:13:10 -04:00 | cycle_done | cycle=1840
2026-05-10 19:14:10 -04:00 | cycle_start | cycle=1841
2026-05-10 19:15:10 -04:00 | probe_timeout | probe_v28_dual_lane_sidecar_safety_watch.py
2026-05-10 19:15:10 -04:00 | probe_ok | probe_v28_dual_lane_live_market_update.py | elapsed_s=0.11
2026-05-10 19:15:10 -04:00 | probe_ok | probe_v28_dual_lane_readiness_checklist.py | elapsed_s=0.1
2026-05-10 19:15:10 -04:00 | probe_ok | probe_v28_dual_lane_snapshot_ledger.py | elapsed_s=0.15
2026-05-10 19:15:10 -04:00 | cycle_done | cycle=1841
2026-05-10 19:16:10 -04:00 | cycle_start | cycle=1842
2026-05-10 19:17:10 -04:00 | probe_timeout | probe_v28_dual_lane_sidecar_safety_watch.py
2026-05-10 19:17:10 -04:00 | probe_ok | probe_v28_dual_lane_live_market_update.py | elapsed_s=0.1
2026-05-10 19:17:10 -04:00 | probe_ok | probe_v28_dual_lane_readiness_checklist.py | elapsed_s=0.08
2026-05-10 19:17:10 -04:00 | probe_ok | probe_v28_dual_lane_snapshot_ledger.py | elapsed_s=0.1
2026-05-10 19:17:10 -04:00 | cycle_done | cycle=1842
2026-05-10 19:18:10 -04:00 | cycle_start | cycle=1843
2026-05-10 19:19:10 -04:00 | probe_timeout | probe_v28_dual_lane_sidecar_safety_watch.py
2026-05-10 19:19:10 -04:00 | probe_ok | probe_v28_dual_lane_live_market_update.py | elapsed_s=0.14
2026-05-10 19:19:11 -04:00 | probe_ok | probe_v28_dual_lane_readiness_checklist.py | elapsed_s=0.11
2026-05-10 19:19:11 -04:00 | probe_ok | probe_v28_dual_lane_snapshot_ledger.py | elapsed_s=0.14
2026-05-10 19:19:11 -04:00 | cycle_done | cycle=1843
2026-05-10 19:20:11 -04:00 | cycle_start | cycle=1844
2026-05-10 19:21:11 -04:00 | probe_timeout | probe_v28_dual_lane_sidecar_safety_watch.py
2026-05-10 19:21:11 -04:00 | probe_ok | probe_v28_dual_lane_live_market_update.py | elapsed_s=0.1
2026-05-10 19:21:11 -04:00 | probe_ok | probe_v28_dual_lane_readiness_checklist.py | elapsed_s=0.11
2026-05-10 19:21:11 -04:00 | probe_ok | probe_v28_dual_lane_snapshot_ledger.py | elapsed_s=0.17
2026-05-10 19:21:11 -04:00 | cycle_done | cycle=1844
2026-05-10 19:22:11 -04:00 | cycle_start | cycle=1845
2026-05-10 19:23:11 -04:00 | probe_timeout | probe_v28_dual_lane_sidecar_safety_watch.py
2026-05-10 19:23:11 -04:00 | probe_ok | probe_v28_dual_lane_live_market_update.py | elapsed_s=0.09
2026-05-10 19:23:11 -04:00 | probe_ok | probe_v28_dual_lane_readiness_checklist.py | elapsed_s=0.11
2026-05-10 19:23:11 -04:00 | probe_ok | probe_v28_dual_lane_snapshot_ledger.py | elapsed_s=0.13
2026-05-10 19:23:11 -04:00 | cycle_done | cycle=1845
2026-05-10 19:24:12 -04:00 | cycle_start | cycle=1846
2026-05-10 19:25:12 -04:00 | probe_timeout | probe_v28_dual_lane_sidecar_safety_watch.py
2026-05-10 19:25:12 -04:00 | probe_ok | probe_v28_dual_lane_live_market_update.py | elapsed_s=0.11
2026-05-10 19:25:12 -04:00 | probe_ok | probe_v28_dual_lane_readiness_checklist.py | elapsed_s=0.12
2026-05-10 19:25:12 -04:00 | probe_ok | probe_v28_dual_lane_snapshot_ledger.py | elapsed_s=0.16
2026-05-10 19:25:12 -04:00 | cycle_done | cycle=1846
2026-05-10 19:26:12 -04:00 | cycle_start | cycle=1847
2026-05-10 19:27:12 -04:00 | probe_timeout | probe_v28_dual_lane_sidecar_safety_watch.py
2026-05-10 19:27:12 -04:00 | probe_ok | probe_v28_dual_lane_live_market_update.py | elapsed_s=0.17
2026-05-10 19:27:12 -04:00 | probe_ok | probe_v28_dual_lane_readiness_checklist.py | elapsed_s=0.18
2026-05-10 19:27:13 -04:00 | probe_ok | probe_v28_dual_lane_snapshot_ledger.py | elapsed_s=0.26
2026-05-10 19:27:13 -04:00 | cycle_done | cycle=1847
2026-05-10 19:28:13 -04:00 | cycle_start | cycle=1848
2026-05-10 19:29:13 -04:00 | probe_timeout | probe_v28_dual_lane_sidecar_safety_watch.py
2026-05-10 19:29:13 -04:00 | probe_ok | probe_v28_dual_lane_live_market_update.py | elapsed_s=0.14
2026-05-10 19:29:13 -04:00 | probe_ok | probe_v28_dual_lane_readiness_checklist.py | elapsed_s=0.13
2026-05-10 19:29:13 -04:00 | probe_ok | probe_v28_dual_lane_snapshot_ledger.py | elapsed_s=0.2
2026-05-10 19:29:13 -04:00 | cycle_done | cycle=1848
2026-05-10 19:30:13 -04:00 | cycle_start | cycle=1849
2026-05-10 19:31:13 -04:00 | probe_timeout | probe_v28_dual_lane_sidecar_safety_watch.py
2026-05-10 19:31:13 -04:00 | probe_ok | probe_v28_dual_lane_live_market_update.py | elapsed_s=0.19
2026-05-10 19:31:14 -04:00 | probe_ok | probe_v28_dual_lane_readiness_checklist.py | elapsed_s=0.2
2026-05-10 19:31:14 -04:00 | probe_ok | probe_v28_dual_lane_snapshot_ledger.py | elapsed_s=0.22
2026-05-10 19:31:14 -04:00 | cycle_done | cycle=1849
2026-05-10 19:32:14 -04:00 | cycle_start | cycle=1850
2026-05-10 19:33:14 -04:00 | probe_timeout | probe_v28_dual_lane_sidecar_safety_watch.py
2026-05-10 19:33:14 -04:00 | probe_ok | probe_v28_dual_lane_live_market_update.py | elapsed_s=0.14
2026-05-10 19:33:14 -04:00 | probe_ok | probe_v28_dual_lane_readiness_checklist.py | elapsed_s=0.11
2026-05-10 19:33:14 -04:00 | probe_ok | probe_v28_dual_lane_snapshot_ledger.py | elapsed_s=0.16
2026-05-10 19:33:14 -04:00 | cycle_done | cycle=1850
2026-05-10 19:34:14 -04:00 | cycle_start | cycle=1851
2026-05-10 19:35:14 -04:00 | probe_timeout | probe_v28_dual_lane_sidecar_safety_watch.py
2026-05-10 19:35:14 -04:00 | probe_ok | probe_v28_dual_lane_live_market_update.py | elapsed_s=0.23
2026-05-10 19:35:15 -04:00 | probe_ok | probe_v28_dual_lane_readiness_checklist.py | elapsed_s=0.18
2026-05-10 19:35:15 -04:00 | probe_ok | probe_v28_dual_lane_snapshot_ledger.py | elapsed_s=0.24
2026-05-10 19:35:15 -04:00 | cycle_done | cycle=1851
2026-05-10 19:36:15 -04:00 | cycle_start | cycle=1852
2026-05-10 19:37:15 -04:00 | probe_timeout | probe_v28_dual_lane_sidecar_safety_watch.py
2026-05-10 19:37:15 -04:00 | probe_ok | probe_v28_dual_lane_live_market_update.py | elapsed_s=0.14
2026-05-10 19:37:15 -04:00 | probe_ok | probe_v28_dual_lane_readiness_checklist.py | elapsed_s=0.13
2026-05-10 19:37:15 -04:00 | probe_ok | probe_v28_dual_lane_snapshot_ledger.py | elapsed_s=0.15
2026-05-10 19:37:15 -04:00 | cycle_done | cycle=1852
2026-05-10 19:38:15 -04:00 | cycle_start | cycle=1853
2026-05-10 19:39:15 -04:00 | probe_timeout | probe_v28_dual_lane_sidecar_safety_watch.py
2026-05-10 19:39:16 -04:00 | probe_ok | probe_v28_dual_lane_live_market_update.py | elapsed_s=0.17
2026-05-10 19:39:16 -04:00 | probe_ok | probe_v28_dual_lane_readiness_checklist.py | elapsed_s=0.14
2026-05-10 19:39:16 -04:00 | probe_ok | probe_v28_dual_lane_snapshot_ledger.py | elapsed_s=0.19
2026-05-10 19:39:16 -04:00 | cycle_done | cycle=1853
2026-05-10 19:40:16 -04:00 | cycle_start | cycle=1854
2026-05-10 19:41:16 -04:00 | probe_timeout | probe_v28_dual_lane_sidecar_safety_watch.py
2026-05-10 19:41:16 -04:00 | probe_ok | probe_v28_dual_lane_live_market_update.py | elapsed_s=0.11
2026-05-10 19:41:16 -04:00 | probe_ok | probe_v28_dual_lane_readiness_checklist.py | elapsed_s=0.11
2026-05-10 19:41:16 -04:00 | probe_ok | probe_v28_dual_lane_snapshot_ledger.py | elapsed_s=0.14
2026-05-10 19:41:16 -04:00 | cycle_done | cycle=1854
2026-05-10 19:42:16 -04:00 | cycle_start | cycle=1855
2026-05-10 19:43:16 -04:00 | probe_timeout | probe_v28_dual_lane_sidecar_safety_watch.py
2026-05-10 19:43:16 -04:00 | probe_ok | probe_v28_dual_lane_live_market_update.py | elapsed_s=0.09
2026-05-10 19:43:16 -04:00 | probe_ok | probe_v28_dual_lane_readiness_checklist.py | elapsed_s=0.09
2026-05-10 19:43:17 -04:00 | probe_ok | probe_v28_dual_lane_snapshot_ledger.py | elapsed_s=0.11
2026-05-10 19:43:17 -04:00 | cycle_done | cycle=1855
2026-05-10 19:44:17 -04:00 | cycle_start | cycle=1856
2026-05-10 19:45:17 -04:00 | probe_timeout | probe_v28_dual_lane_sidecar_safety_watch.py
2026-05-10 19:45:17 -04:00 | probe_ok | probe_v28_dual_lane_live_market_update.py | elapsed_s=0.08
2026-05-10 19:45:17 -04:00 | probe_ok | probe_v28_dual_lane_readiness_checklist.py | elapsed_s=0.08
2026-05-10 19:45:17 -04:00 | probe_ok | probe_v28_dual_lane_snapshot_ledger.py | elapsed_s=0.1
2026-05-10 19:45:17 -04:00 | cycle_done | cycle=1856
2026-05-10 19:46:17 -04:00 | cycle_start | cycle=1857
2026-05-10 19:47:17 -04:00 | probe_timeout | probe_v28_dual_lane_sidecar_safety_watch.py
2026-05-10 19:47:17 -04:00 | probe_ok | probe_v28_dual_lane_live_market_update.py | elapsed_s=0.07
2026-05-10 19:47:17 -04:00 | probe_ok | probe_v28_dual_lane_readiness_checklist.py | elapsed_s=0.09
2026-05-10 19:47:17 -04:00 | probe_ok | probe_v28_dual_lane_snapshot_ledger.py | elapsed_s=0.11
2026-05-10 19:47:17 -04:00 | cycle_done | cycle=1857
2026-05-10 19:48:17 -04:00 | cycle_start | cycle=1858
2026-05-10 19:49:17 -04:00 | probe_timeout | probe_v28_dual_lane_sidecar_safety_watch.py
2026-05-10 19:49:17 -04:00 | probe_ok | probe_v28_dual_lane_live_market_update.py | elapsed_s=0.09
2026-05-10 19:49:17 -04:00 | probe_ok | probe_v28_dual_lane_readiness_checklist.py | elapsed_s=0.08
2026-05-10 19:49:18 -04:00 | probe_ok | probe_v28_dual_lane_snapshot_ledger.py | elapsed_s=0.11
2026-05-10 19:49:18 -04:00 | cycle_done | cycle=1858
2026-05-10 19:50:18 -04:00 | cycle_start | cycle=1859
2026-05-10 19:51:18 -04:00 | probe_timeout | probe_v28_dual_lane_sidecar_safety_watch.py
2026-05-10 19:51:18 -04:00 | probe_ok | probe_v28_dual_lane_live_market_update.py | elapsed_s=0.07
2026-05-10 19:51:18 -04:00 | probe_ok | probe_v28_dual_lane_readiness_checklist.py | elapsed_s=0.09
2026-05-10 19:51:18 -04:00 | probe_ok | probe_v28_dual_lane_snapshot_ledger.py | elapsed_s=0.11
2026-05-10 19:51:18 -04:00 | cycle_done | cycle=1859
2026-05-10 19:52:18 -04:00 | cycle_start | cycle=1860
2026-05-10 19:53:18 -04:00 | probe_timeout | probe_v28_dual_lane_sidecar_safety_watch.py
2026-05-10 19:53:18 -04:00 | probe_ok | probe_v28_dual_lane_live_market_update.py | elapsed_s=0.13
2026-05-10 19:53:18 -04:00 | probe_ok | probe_v28_dual_lane_readiness_checklist.py | elapsed_s=0.09
2026-05-10 19:53:18 -04:00 | probe_ok | probe_v28_dual_lane_snapshot_ledger.py | elapsed_s=0.13
2026-05-10 19:53:18 -04:00 | cycle_done | cycle=1860
2026-05-10 19:54:18 -04:00 | cycle_start | cycle=1861
2026-05-10 19:55:18 -04:00 | probe_timeout | probe_v28_dual_lane_sidecar_safety_watch.py
2026-05-10 19:55:18 -04:00 | probe_ok | probe_v28_dual_lane_live_market_update.py | elapsed_s=0.11
2026-05-10 19:55:18 -04:00 | probe_ok | probe_v28_dual_lane_readiness_checklist.py | elapsed_s=0.09
2026-05-10 19:55:19 -04:00 | probe_ok | probe_v28_dual_lane_snapshot_ledger.py | elapsed_s=0.12
2026-05-10 19:55:19 -04:00 | cycle_done | cycle=1861
2026-05-10 19:56:19 -04:00 | cycle_start | cycle=1862
2026-05-10 19:57:19 -04:00 | probe_timeout | probe_v28_dual_lane_sidecar_safety_watch.py
2026-05-10 19:57:19 -04:00 | probe_ok | probe_v28_dual_lane_live_market_update.py | elapsed_s=0.11
2026-05-10 19:57:19 -04:00 | probe_ok | probe_v28_dual_lane_readiness_checklist.py | elapsed_s=0.08
2026-05-10 19:57:19 -04:00 | probe_ok | probe_v28_dual_lane_snapshot_ledger.py | elapsed_s=0.1
2026-05-10 19:57:19 -04:00 | cycle_done | cycle=1862
2026-05-10 19:58:19 -04:00 | cycle_start | cycle=1863
2026-05-10 19:59:19 -04:00 | probe_timeout | probe_v28_dual_lane_sidecar_safety_watch.py
2026-05-10 19:59:19 -04:00 | probe_ok | probe_v28_dual_lane_live_market_update.py | elapsed_s=0.07
2026-05-10 19:59:19 -04:00 | probe_ok | probe_v28_dual_lane_readiness_checklist.py | elapsed_s=0.08
2026-05-10 19:59:19 -04:00 | probe_ok | probe_v28_dual_lane_snapshot_ledger.py | elapsed_s=0.12
2026-05-10 19:59:19 -04:00 | cycle_done | cycle=1863
2026-05-10 20:00:19 -04:00 | cycle_start | cycle=1864
2026-05-10 20:01:19 -04:00 | probe_timeout | probe_v28_dual_lane_sidecar_safety_watch.py
2026-05-10 20:01:19 -04:00 | probe_ok | probe_v28_dual_lane_live_market_update.py | elapsed_s=0.09
2026-05-10 20:01:19 -04:00 | probe_ok | probe_v28_dual_lane_readiness_checklist.py | elapsed_s=0.1
2026-05-10 20:01:20 -04:00 | probe_ok | probe_v28_dual_lane_snapshot_ledger.py | elapsed_s=0.15
2026-05-10 20:01:20 -04:00 | cycle_done | cycle=1864
2026-05-10 20:02:20 -04:00 | cycle_start | cycle=1865
2026-05-10 20:03:20 -04:00 | probe_timeout | probe_v28_dual_lane_sidecar_safety_watch.py
2026-05-10 20:03:20 -04:00 | probe_ok | probe_v28_dual_lane_live_market_update.py | elapsed_s=0.16
2026-05-10 20:03:20 -04:00 | probe_ok | probe_v28_dual_lane_readiness_checklist.py | elapsed_s=0.15
2026-05-10 20:03:20 -04:00 | probe_ok | probe_v28_dual_lane_snapshot_ledger.py | elapsed_s=0.21
2026-05-10 20:03:20 -04:00 | cycle_done | cycle=1865
2026-05-10 20:04:20 -04:00 | cycle_start | cycle=1866
2026-05-10 20:05:20 -04:00 | probe_timeout | probe_v28_dual_lane_sidecar_safety_watch.py
2026-05-10 20:05:20 -04:00 | probe_ok | probe_v28_dual_lane_live_market_update.py | elapsed_s=0.11
2026-05-10 20:05:20 -04:00 | probe_ok | probe_v28_dual_lane_readiness_checklist.py | elapsed_s=0.13
2026-05-10 20:05:21 -04:00 | probe_ok | probe_v28_dual_lane_snapshot_ledger.py | elapsed_s=0.15
2026-05-10 20:05:21 -04:00 | cycle_done | cycle=1866
2026-05-10 20:06:21 -04:00 | cycle_start | cycle=1867
2026-05-10 20:07:21 -04:00 | probe_timeout | probe_v28_dual_lane_sidecar_safety_watch.py
2026-05-10 20:07:21 -04:00 | probe_ok | probe_v28_dual_lane_live_market_update.py | elapsed_s=0.07
2026-05-10 20:07:21 -04:00 | probe_ok | probe_v28_dual_lane_readiness_checklist.py | elapsed_s=0.09
2026-05-10 20:07:21 -04:00 | probe_ok | probe_v28_dual_lane_snapshot_ledger.py | elapsed_s=0.13
2026-05-10 20:07:21 -04:00 | cycle_done | cycle=1867
2026-05-10 20:08:21 -04:00 | cycle_start | cycle=1868
2026-05-10 20:09:21 -04:00 | probe_timeout | probe_v28_dual_lane_sidecar_safety_watch.py
2026-05-10 20:09:21 -04:00 | probe_ok | probe_v28_dual_lane_live_market_update.py | elapsed_s=0.17
2026-05-10 20:09:21 -04:00 | probe_ok | probe_v28_dual_lane_readiness_checklist.py | elapsed_s=0.14
2026-05-10 20:09:21 -04:00 | probe_ok | probe_v28_dual_lane_snapshot_ledger.py | elapsed_s=0.17
2026-05-10 20:09:21 -04:00 | cycle_done | cycle=1868
2026-05-10 20:10:21 -04:00 | cycle_start | cycle=1869
2026-05-10 20:11:21 -04:00 | probe_timeout | probe_v28_dual_lane_sidecar_safety_watch.py
2026-05-10 20:11:22 -04:00 | probe_ok | probe_v28_dual_lane_live_market_update.py | elapsed_s=0.13
2026-05-10 20:11:22 -04:00 | probe_ok | probe_v28_dual_lane_readiness_checklist.py | elapsed_s=0.14
2026-05-10 20:11:22 -04:00 | probe_ok | probe_v28_dual_lane_snapshot_ledger.py | elapsed_s=0.19
2026-05-10 20:11:22 -04:00 | cycle_done | cycle=1869
2026-05-10 20:12:22 -04:00 | cycle_start | cycle=1870
2026-05-10 20:13:22 -04:00 | probe_timeout | probe_v28_dual_lane_sidecar_safety_watch.py
2026-05-10 20:13:22 -04:00 | probe_ok | probe_v28_dual_lane_live_market_update.py | elapsed_s=0.14
2026-05-10 20:13:22 -04:00 | probe_ok | probe_v28_dual_lane_readiness_checklist.py | elapsed_s=0.18
2026-05-10 20:13:22 -04:00 | probe_ok | probe_v28_dual_lane_snapshot_ledger.py | elapsed_s=0.2
2026-05-10 20:13:22 -04:00 | cycle_done | cycle=1870
2026-05-10 20:14:22 -04:00 | cycle_start | cycle=1871
2026-05-10 20:15:22 -04:00 | probe_timeout | probe_v28_dual_lane_sidecar_safety_watch.py
2026-05-10 20:15:23 -04:00 | probe_ok | probe_v28_dual_lane_live_market_update.py | elapsed_s=0.14
2026-05-10 20:15:23 -04:00 | probe_ok | probe_v28_dual_lane_readiness_checklist.py | elapsed_s=0.15
2026-05-10 20:15:23 -04:00 | probe_ok | probe_v28_dual_lane_snapshot_ledger.py | elapsed_s=0.2
2026-05-10 20:15:23 -04:00 | cycle_done | cycle=1871
2026-05-10 20:16:23 -04:00 | cycle_start | cycle=1872
2026-05-10 20:17:23 -04:00 | probe_timeout | probe_v28_dual_lane_sidecar_safety_watch.py
2026-05-10 20:17:23 -04:00 | probe_ok | probe_v28_dual_lane_live_market_update.py | elapsed_s=0.16
2026-05-10 20:17:23 -04:00 | probe_ok | probe_v28_dual_lane_readiness_checklist.py | elapsed_s=0.15
2026-05-10 20:17:24 -04:00 | probe_ok | probe_v28_dual_lane_snapshot_ledger.py | elapsed_s=0.18
2026-05-10 20:17:24 -04:00 | cycle_done | cycle=1872
2026-05-10 20:18:24 -04:00 | cycle_start | cycle=1873
2026-05-10 20:19:24 -04:00 | probe_timeout | probe_v28_dual_lane_sidecar_safety_watch.py
2026-05-10 20:19:24 -04:00 | probe_ok | probe_v28_dual_lane_live_market_update.py | elapsed_s=0.14
2026-05-10 20:19:24 -04:00 | probe_ok | probe_v28_dual_lane_readiness_checklist.py | elapsed_s=0.16
2026-05-10 20:19:24 -04:00 | probe_ok | probe_v28_dual_lane_snapshot_ledger.py | elapsed_s=0.2
2026-05-10 20:19:24 -04:00 | cycle_done | cycle=1873
2026-05-10 20:20:24 -04:00 | cycle_start | cycle=1874
2026-05-10 20:21:24 -04:00 | probe_timeout | probe_v28_dual_lane_sidecar_safety_watch.py
2026-05-10 20:21:24 -04:00 | probe_ok | probe_v28_dual_lane_live_market_update.py | elapsed_s=0.16
2026-05-10 20:21:24 -04:00 | probe_ok | probe_v28_dual_lane_readiness_checklist.py | elapsed_s=0.16
2026-05-10 20:21:25 -04:00 | probe_ok | probe_v28_dual_lane_snapshot_ledger.py | elapsed_s=0.21
2026-05-10 20:21:25 -04:00 | cycle_done | cycle=1874
2026-05-10 20:22:25 -04:00 | cycle_start | cycle=1875
2026-05-10 20:23:25 -04:00 | probe_timeout | probe_v28_dual_lane_sidecar_safety_watch.py
2026-05-10 20:23:25 -04:00 | probe_ok | probe_v28_dual_lane_live_market_update.py | elapsed_s=0.13
2026-05-10 20:23:25 -04:00 | probe_ok | probe_v28_dual_lane_readiness_checklist.py | elapsed_s=0.13
2026-05-10 20:23:25 -04:00 | probe_ok | probe_v28_dual_lane_snapshot_ledger.py | elapsed_s=0.17
2026-05-10 20:23:25 -04:00 | cycle_done | cycle=1875
2026-05-10 20:24:25 -04:00 | cycle_start | cycle=1876
2026-05-10 20:25:25 -04:00 | probe_timeout | probe_v28_dual_lane_sidecar_safety_watch.py
2026-05-10 20:25:25 -04:00 | probe_ok | probe_v28_dual_lane_live_market_update.py | elapsed_s=0.15
2026-05-10 20:25:25 -04:00 | probe_ok | probe_v28_dual_lane_readiness_checklist.py | elapsed_s=0.15
2026-05-10 20:25:26 -04:00 | probe_ok | probe_v28_dual_lane_snapshot_ledger.py | elapsed_s=0.19
2026-05-10 20:25:26 -04:00 | cycle_done | cycle=1876
2026-05-10 20:26:26 -04:00 | cycle_start | cycle=1877
2026-05-10 20:27:26 -04:00 | probe_timeout | probe_v28_dual_lane_sidecar_safety_watch.py
2026-05-10 20:27:26 -04:00 | probe_ok | probe_v28_dual_lane_live_market_update.py | elapsed_s=0.17
2026-05-10 20:27:26 -04:00 | probe_ok | probe_v28_dual_lane_readiness_checklist.py | elapsed_s=0.2
2026-05-10 20:27:26 -04:00 | probe_ok | probe_v28_dual_lane_snapshot_ledger.py | elapsed_s=0.21
2026-05-10 20:27:26 -04:00 | cycle_done | cycle=1877
2026-05-10 20:28:26 -04:00 | cycle_start | cycle=1878
2026-05-10 20:29:26 -04:00 | probe_timeout | probe_v28_dual_lane_sidecar_safety_watch.py
2026-05-10 20:29:26 -04:00 | probe_ok | probe_v28_dual_lane_live_market_update.py | elapsed_s=0.13
2026-05-10 20:29:27 -04:00 | probe_ok | probe_v28_dual_lane_readiness_checklist.py | elapsed_s=0.13
2026-05-10 20:29:27 -04:00 | probe_ok | probe_v28_dual_lane_snapshot_ledger.py | elapsed_s=0.17
2026-05-10 20:29:27 -04:00 | cycle_done | cycle=1878
2026-05-10 20:30:27 -04:00 | cycle_start | cycle=1879
2026-05-10 20:31:27 -04:00 | probe_timeout | probe_v28_dual_lane_sidecar_safety_watch.py
2026-05-10 20:31:27 -04:00 | probe_ok | probe_v28_dual_lane_live_market_update.py | elapsed_s=0.15
2026-05-10 20:31:27 -04:00 | probe_ok | probe_v28_dual_lane_readiness_checklist.py | elapsed_s=0.15
2026-05-10 20:31:27 -04:00 | probe_ok | probe_v28_dual_lane_snapshot_ledger.py | elapsed_s=0.18
2026-05-10 20:31:27 -04:00 | cycle_done | cycle=1879
2026-05-10 20:32:27 -04:00 | cycle_start | cycle=1880
2026-05-10 20:33:27 -04:00 | probe_timeout | probe_v28_dual_lane_sidecar_safety_watch.py
2026-05-10 20:33:28 -04:00 | probe_ok | probe_v28_dual_lane_live_market_update.py | elapsed_s=0.16
2026-05-10 20:33:28 -04:00 | probe_ok | probe_v28_dual_lane_readiness_checklist.py | elapsed_s=0.13
2026-05-10 20:33:28 -04:00 | probe_ok | probe_v28_dual_lane_snapshot_ledger.py | elapsed_s=0.17
2026-05-10 20:33:28 -04:00 | cycle_done | cycle=1880
2026-05-10 20:34:28 -04:00 | cycle_start | cycle=1881
2026-05-10 20:35:28 -04:00 | probe_timeout | probe_v28_dual_lane_sidecar_safety_watch.py
2026-05-10 20:35:28 -04:00 | probe_ok | probe_v28_dual_lane_live_market_update.py | elapsed_s=0.12
2026-05-10 20:35:28 -04:00 | probe_ok | probe_v28_dual_lane_readiness_checklist.py | elapsed_s=0.14
2026-05-10 20:35:28 -04:00 | probe_ok | probe_v28_dual_lane_snapshot_ledger.py | elapsed_s=0.18
2026-05-10 20:35:28 -04:00 | cycle_done | cycle=1881
2026-05-10 20:36:28 -04:00 | cycle_start | cycle=1882
2026-05-10 20:37:28 -04:00 | probe_timeout | probe_v28_dual_lane_sidecar_safety_watch.py
2026-05-10 20:37:29 -04:00 | probe_ok | probe_v28_dual_lane_live_market_update.py | elapsed_s=0.13
2026-05-10 20:37:29 -04:00 | probe_ok | probe_v28_dual_lane_readiness_checklist.py | elapsed_s=0.13
2026-05-10 20:37:29 -04:00 | probe_ok | probe_v28_dual_lane_snapshot_ledger.py | elapsed_s=0.17
2026-05-10 20:37:29 -04:00 | cycle_done | cycle=1882
2026-05-10 20:38:29 -04:00 | cycle_start | cycle=1883
2026-05-10 20:39:29 -04:00 | probe_timeout | probe_v28_dual_lane_sidecar_safety_watch.py
2026-05-10 20:39:29 -04:00 | probe_ok | probe_v28_dual_lane_live_market_update.py | elapsed_s=0.15
2026-05-10 20:39:29 -04:00 | probe_ok | probe_v28_dual_lane_readiness_checklist.py | elapsed_s=0.14
2026-05-10 20:39:29 -04:00 | probe_ok | probe_v28_dual_lane_snapshot_ledger.py | elapsed_s=0.21
2026-05-10 20:39:29 -04:00 | cycle_done | cycle=1883
2026-05-10 20:40:29 -04:00 | cycle_start | cycle=1884
2026-05-10 20:41:29 -04:00 | probe_timeout | probe_v28_dual_lane_sidecar_safety_watch.py
2026-05-10 20:41:30 -04:00 | probe_ok | probe_v28_dual_lane_live_market_update.py | elapsed_s=0.15
2026-05-10 20:41:30 -04:00 | probe_ok | probe_v28_dual_lane_readiness_checklist.py | elapsed_s=0.15
2026-05-10 20:41:30 -04:00 | probe_ok | probe_v28_dual_lane_snapshot_ledger.py | elapsed_s=0.21
2026-05-10 20:41:30 -04:00 | cycle_done | cycle=1884
2026-05-10 20:42:30 -04:00 | cycle_start | cycle=1885
2026-05-10 20:43:30 -04:00 | probe_timeout | probe_v28_dual_lane_sidecar_safety_watch.py
2026-05-10 20:43:30 -04:00 | probe_ok | probe_v28_dual_lane_live_market_update.py | elapsed_s=0.12
2026-05-10 20:43:30 -04:00 | probe_ok | probe_v28_dual_lane_readiness_checklist.py | elapsed_s=0.14
2026-05-10 20:43:30 -04:00 | probe_ok | probe_v28_dual_lane_snapshot_ledger.py | elapsed_s=0.19
2026-05-10 20:43:30 -04:00 | cycle_done | cycle=1885
2026-05-10 20:44:30 -04:00 | cycle_start | cycle=1886
2026-05-10 20:45:30 -04:00 | probe_timeout | probe_v28_dual_lane_sidecar_safety_watch.py
2026-05-10 20:45:31 -04:00 | probe_ok | probe_v28_dual_lane_live_market_update.py | elapsed_s=0.13
2026-05-10 20:45:31 -04:00 | probe_ok | probe_v28_dual_lane_readiness_checklist.py | elapsed_s=0.14
2026-05-10 20:45:31 -04:00 | probe_ok | probe_v28_dual_lane_snapshot_ledger.py | elapsed_s=0.18
2026-05-10 20:45:31 -04:00 | cycle_done | cycle=1886
2026-05-10 20:46:31 -04:00 | cycle_start | cycle=1887
2026-05-10 20:47:31 -04:00 | probe_timeout | probe_v28_dual_lane_sidecar_safety_watch.py
2026-05-10 20:47:31 -04:00 | probe_ok | probe_v28_dual_lane_live_market_update.py | elapsed_s=0.15
2026-05-10 20:47:31 -04:00 | probe_ok | probe_v28_dual_lane_readiness_checklist.py | elapsed_s=0.16
2026-05-10 20:47:32 -04:00 | probe_ok | probe_v28_dual_lane_snapshot_ledger.py | elapsed_s=0.24
2026-05-10 20:47:32 -04:00 | cycle_done | cycle=1887
2026-05-10 20:48:32 -04:00 | cycle_start | cycle=1888
2026-05-10 20:49:32 -04:00 | probe_timeout | probe_v28_dual_lane_sidecar_safety_watch.py
2026-05-10 20:49:32 -04:00 | probe_ok | probe_v28_dual_lane_live_market_update.py | elapsed_s=0.15
2026-05-10 20:49:32 -04:00 | probe_ok | probe_v28_dual_lane_readiness_checklist.py | elapsed_s=0.16
2026-05-10 20:49:32 -04:00 | probe_ok | probe_v28_dual_lane_snapshot_ledger.py | elapsed_s=0.19
2026-05-10 20:49:32 -04:00 | cycle_done | cycle=1888
2026-05-10 20:50:32 -04:00 | cycle_start | cycle=1889
2026-05-10 20:51:32 -04:00 | probe_timeout | probe_v28_dual_lane_sidecar_safety_watch.py
2026-05-10 20:51:32 -04:00 | probe_ok | probe_v28_dual_lane_live_market_update.py | elapsed_s=0.17
2026-05-10 20:51:32 -04:00 | probe_ok | probe_v28_dual_lane_readiness_checklist.py | elapsed_s=0.16
2026-05-10 20:51:33 -04:00 | probe_ok | probe_v28_dual_lane_snapshot_ledger.py | elapsed_s=0.2
2026-05-10 20:51:33 -04:00 | cycle_done | cycle=1889
2026-05-10 20:52:33 -04:00 | cycle_start | cycle=1890
2026-05-10 20:53:33 -04:00 | probe_timeout | probe_v28_dual_lane_sidecar_safety_watch.py
2026-05-10 20:53:33 -04:00 | probe_ok | probe_v28_dual_lane_live_market_update.py | elapsed_s=0.13
2026-05-10 20:53:33 -04:00 | probe_ok | probe_v28_dual_lane_readiness_checklist.py | elapsed_s=0.12
2026-05-10 20:53:33 -04:00 | probe_ok | probe_v28_dual_lane_snapshot_ledger.py | elapsed_s=0.17
2026-05-10 20:53:33 -04:00 | cycle_done | cycle=1890
2026-05-10 20:54:33 -04:00 | cycle_start | cycle=1891
2026-05-10 20:55:33 -04:00 | probe_timeout | probe_v28_dual_lane_sidecar_safety_watch.py
2026-05-10 20:55:33 -04:00 | probe_ok | probe_v28_dual_lane_live_market_update.py | elapsed_s=0.16
2026-05-10 20:55:33 -04:00 | probe_ok | probe_v28_dual_lane_readiness_checklist.py | elapsed_s=0.16
2026-05-10 20:55:34 -04:00 | probe_ok | probe_v28_dual_lane_snapshot_ledger.py | elapsed_s=0.2
2026-05-10 20:55:34 -04:00 | cycle_done | cycle=1891
2026-05-10 20:56:34 -04:00 | cycle_start | cycle=1892
2026-05-10 20:57:34 -04:00 | probe_timeout | probe_v28_dual_lane_sidecar_safety_watch.py
2026-05-10 20:57:34 -04:00 | probe_ok | probe_v28_dual_lane_live_market_update.py | elapsed_s=0.12
2026-05-10 20:57:34 -04:00 | probe_ok | probe_v28_dual_lane_readiness_checklist.py | elapsed_s=0.14
2026-05-10 20:57:34 -04:00 | probe_ok | probe_v28_dual_lane_snapshot_ledger.py | elapsed_s=0.21
2026-05-10 20:57:34 -04:00 | cycle_done | cycle=1892
2026-05-10 20:58:34 -04:00 | cycle_start | cycle=1893
2026-05-10 20:59:34 -04:00 | probe_timeout | probe_v28_dual_lane_sidecar_safety_watch.py
2026-05-10 20:59:34 -04:00 | probe_ok | probe_v28_dual_lane_live_market_update.py | elapsed_s=0.15
2026-05-10 20:59:35 -04:00 | probe_ok | probe_v28_dual_lane_readiness_checklist.py | elapsed_s=0.15
2026-05-10 20:59:35 -04:00 | probe_ok | probe_v28_dual_lane_snapshot_ledger.py | elapsed_s=0.19
2026-05-10 20:59:35 -04:00 | cycle_done | cycle=1893
2026-05-10 21:00:35 -04:00 | cycle_start | cycle=1894
2026-05-10 21:01:35 -04:00 | probe_timeout | probe_v28_dual_lane_sidecar_safety_watch.py
2026-05-10 21:01:35 -04:00 | probe_ok | probe_v28_dual_lane_live_market_update.py | elapsed_s=0.15
2026-05-10 21:01:35 -04:00 | probe_ok | probe_v28_dual_lane_readiness_checklist.py | elapsed_s=0.19
2026-05-10 21:01:35 -04:00 | probe_ok | probe_v28_dual_lane_snapshot_ledger.py | elapsed_s=0.21
2026-05-10 21:01:35 -04:00 | cycle_done | cycle=1894
2026-05-10 21:02:35 -04:00 | cycle_start | cycle=1895
2026-05-10 21:03:35 -04:00 | probe_timeout | probe_v28_dual_lane_sidecar_safety_watch.py
2026-05-10 21:03:36 -04:00 | probe_ok | probe_v28_dual_lane_live_market_update.py | elapsed_s=0.14
2026-05-10 21:03:36 -04:00 | probe_ok | probe_v28_dual_lane_readiness_checklist.py | elapsed_s=0.14
2026-05-10 21:03:36 -04:00 | probe_ok | probe_v28_dual_lane_snapshot_ledger.py | elapsed_s=0.2
2026-05-10 21:03:36 -04:00 | cycle_done | cycle=1895
2026-05-10 21:04:36 -04:00 | cycle_start | cycle=1896
2026-05-10 21:05:36 -04:00 | probe_timeout | probe_v28_dual_lane_sidecar_safety_watch.py
2026-05-10 21:05:36 -04:00 | probe_ok | probe_v28_dual_lane_live_market_update.py | elapsed_s=0.08
2026-05-10 21:05:36 -04:00 | probe_ok | probe_v28_dual_lane_readiness_checklist.py | elapsed_s=0.1
2026-05-10 21:05:36 -04:00 | probe_ok | probe_v28_dual_lane_snapshot_ledger.py | elapsed_s=0.1
2026-05-10 21:05:36 -04:00 | cycle_done | cycle=1896
2026-05-10 21:06:36 -04:00 | cycle_start | cycle=1897
2026-05-10 21:07:36 -04:00 | probe_timeout | probe_v28_dual_lane_sidecar_safety_watch.py
2026-05-10 21:07:36 -04:00 | probe_ok | probe_v28_dual_lane_live_market_update.py | elapsed_s=0.08
2026-05-10 21:07:36 -04:00 | probe_ok | probe_v28_dual_lane_readiness_checklist.py | elapsed_s=0.09
2026-05-10 21:07:37 -04:00 | probe_ok | probe_v28_dual_lane_snapshot_ledger.py | elapsed_s=0.11
2026-05-10 21:07:37 -04:00 | cycle_done | cycle=1897
2026-05-10 21:08:37 -04:00 | cycle_start | cycle=1898
2026-05-10 21:09:37 -04:00 | probe_timeout | probe_v28_dual_lane_sidecar_safety_watch.py
2026-05-10 21:09:37 -04:00 | probe_ok | probe_v28_dual_lane_live_market_update.py | elapsed_s=0.08
2026-05-10 21:09:37 -04:00 | probe_ok | probe_v28_dual_lane_readiness_checklist.py | elapsed_s=0.13
2026-05-10 21:09:37 -04:00 | probe_ok | probe_v28_dual_lane_snapshot_ledger.py | elapsed_s=0.11
2026-05-10 21:09:37 -04:00 | cycle_done | cycle=1898
2026-05-10 21:10:37 -04:00 | cycle_start | cycle=1899
2026-05-10 21:11:37 -04:00 | probe_timeout | probe_v28_dual_lane_sidecar_safety_watch.py
2026-05-10 21:11:37 -04:00 | probe_ok | probe_v28_dual_lane_live_market_update.py | elapsed_s=0.11
2026-05-10 21:11:37 -04:00 | probe_ok | probe_v28_dual_lane_readiness_checklist.py | elapsed_s=0.08
2026-05-10 21:11:37 -04:00 | probe_ok | probe_v28_dual_lane_snapshot_ledger.py | elapsed_s=0.11
2026-05-10 21:11:37 -04:00 | cycle_done | cycle=1899
2026-05-10 21:12:37 -04:00 | cycle_start | cycle=1900
2026-05-10 21:13:38 -04:00 | probe_timeout | probe_v28_dual_lane_sidecar_safety_watch.py
2026-05-10 21:13:38 -04:00 | probe_ok | probe_v28_dual_lane_live_market_update.py | elapsed_s=0.12
2026-05-10 21:13:38 -04:00 | probe_ok | probe_v28_dual_lane_readiness_checklist.py | elapsed_s=0.09
2026-05-10 21:13:38 -04:00 | probe_ok | probe_v28_dual_lane_snapshot_ledger.py | elapsed_s=0.15
2026-05-10 21:13:38 -04:00 | cycle_done | cycle=1900
2026-05-10 21:14:38 -04:00 | cycle_start | cycle=1901
2026-05-10 21:15:38 -04:00 | probe_timeout | probe_v28_dual_lane_sidecar_safety_watch.py
2026-05-10 21:15:38 -04:00 | probe_ok | probe_v28_dual_lane_live_market_update.py | elapsed_s=0.09
2026-05-10 21:15:38 -04:00 | probe_ok | probe_v28_dual_lane_readiness_checklist.py | elapsed_s=0.09
2026-05-10 21:15:38 -04:00 | probe_ok | probe_v28_dual_lane_snapshot_ledger.py | elapsed_s=0.11
2026-05-10 21:15:38 -04:00 | cycle_done | cycle=1901
2026-05-10 21:16:38 -04:00 | cycle_start | cycle=1902
2026-05-10 21:17:38 -04:00 | probe_timeout | probe_v28_dual_lane_sidecar_safety_watch.py
2026-05-10 21:17:38 -04:00 | probe_ok | probe_v28_dual_lane_live_market_update.py | elapsed_s=0.13
2026-05-10 21:17:38 -04:00 | probe_ok | probe_v28_dual_lane_readiness_checklist.py | elapsed_s=0.11
2026-05-10 21:17:39 -04:00 | probe_ok | probe_v28_dual_lane_snapshot_ledger.py | elapsed_s=0.15
2026-05-10 21:17:39 -04:00 | cycle_done | cycle=1902
2026-05-10 21:18:39 -04:00 | cycle_start | cycle=1903
2026-05-10 21:19:39 -04:00 | probe_timeout | probe_v28_dual_lane_sidecar_safety_watch.py
2026-05-10 21:19:39 -04:00 | probe_ok | probe_v28_dual_lane_live_market_update.py | elapsed_s=0.07
2026-05-10 21:19:39 -04:00 | probe_ok | probe_v28_dual_lane_readiness_checklist.py | elapsed_s=0.08
2026-05-10 21:19:39 -04:00 | probe_ok | probe_v28_dual_lane_snapshot_ledger.py | elapsed_s=0.11
2026-05-10 21:19:39 -04:00 | cycle_done | cycle=1903
2026-05-10 21:20:39 -04:00 | cycle_start | cycle=1904
2026-05-10 21:21:39 -04:00 | probe_timeout | probe_v28_dual_lane_sidecar_safety_watch.py
2026-05-10 21:21:39 -04:00 | probe_ok | probe_v28_dual_lane_live_market_update.py | elapsed_s=0.07
2026-05-10 21:21:39 -04:00 | probe_ok | probe_v28_dual_lane_readiness_checklist.py | elapsed_s=0.09
2026-05-10 21:21:39 -04:00 | probe_ok | probe_v28_dual_lane_snapshot_ledger.py | elapsed_s=0.11
2026-05-10 21:21:39 -04:00 | cycle_done | cycle=1904
2026-05-10 21:22:39 -04:00 | cycle_start | cycle=1905
2026-05-10 21:23:39 -04:00 | probe_timeout | probe_v28_dual_lane_sidecar_safety_watch.py
2026-05-10 21:23:39 -04:00 | probe_ok | probe_v28_dual_lane_live_market_update.py | elapsed_s=0.08
2026-05-10 21:23:40 -04:00 | probe_ok | probe_v28_dual_lane_readiness_checklist.py | elapsed_s=0.08
2026-05-10 21:23:40 -04:00 | probe_ok | probe_v28_dual_lane_snapshot_ledger.py | elapsed_s=0.11
2026-05-10 21:23:40 -04:00 | cycle_done | cycle=1905
2026-05-10 21:24:40 -04:00 | cycle_start | cycle=1906
2026-05-10 21:25:40 -04:00 | probe_timeout | probe_v28_dual_lane_sidecar_safety_watch.py
2026-05-10 21:25:40 -04:00 | probe_ok | probe_v28_dual_lane_live_market_update.py | elapsed_s=0.08
2026-05-10 21:25:40 -04:00 | probe_ok | probe_v28_dual_lane_readiness_checklist.py | elapsed_s=0.09
2026-05-10 21:25:40 -04:00 | probe_ok | probe_v28_dual_lane_snapshot_ledger.py | elapsed_s=0.11
2026-05-10 21:25:40 -04:00 | cycle_done | cycle=1906
2026-05-10 21:26:40 -04:00 | cycle_start | cycle=1907
2026-05-10 21:27:40 -04:00 | probe_timeout | probe_v28_dual_lane_sidecar_safety_watch.py
2026-05-10 21:27:40 -04:00 | probe_ok | probe_v28_dual_lane_live_market_update.py | elapsed_s=0.15
2026-05-10 21:27:40 -04:00 | probe_ok | probe_v28_dual_lane_readiness_checklist.py | elapsed_s=0.14
2026-05-10 21:27:41 -04:00 | probe_ok | probe_v28_dual_lane_snapshot_ledger.py | elapsed_s=0.18
2026-05-10 21:27:41 -04:00 | cycle_done | cycle=1907
2026-05-10 21:28:41 -04:00 | cycle_start | cycle=1908
2026-05-10 21:29:41 -04:00 | probe_timeout | probe_v28_dual_lane_sidecar_safety_watch.py
2026-05-10 21:29:41 -04:00 | probe_ok | probe_v28_dual_lane_live_market_update.py | elapsed_s=0.14
2026-05-10 21:29:41 -04:00 | probe_ok | probe_v28_dual_lane_readiness_checklist.py | elapsed_s=0.13
2026-05-10 21:29:41 -04:00 | probe_ok | probe_v28_dual_lane_snapshot_ledger.py | elapsed_s=0.18
2026-05-10 21:29:41 -04:00 | cycle_done | cycle=1908
2026-05-10 21:30:41 -04:00 | cycle_start | cycle=1909
2026-05-10 21:31:41 -04:00 | probe_timeout | probe_v28_dual_lane_sidecar_safety_watch.py
2026-05-10 21:31:41 -04:00 | probe_ok | probe_v28_dual_lane_live_market_update.py | elapsed_s=0.16
2026-05-10 21:31:41 -04:00 | probe_ok | probe_v28_dual_lane_readiness_checklist.py | elapsed_s=0.15
2026-05-10 21:31:42 -04:00 | probe_ok | probe_v28_dual_lane_snapshot_ledger.py | elapsed_s=0.21
2026-05-10 21:31:42 -04:00 | cycle_done | cycle=1909
2026-05-10 21:32:42 -04:00 | cycle_start | cycle=1910
2026-05-10 21:33:42 -04:00 | probe_timeout | probe_v28_dual_lane_sidecar_safety_watch.py
2026-05-10 21:33:42 -04:00 | probe_ok | probe_v28_dual_lane_live_market_update.py | elapsed_s=0.18
2026-05-10 21:33:42 -04:00 | probe_ok | probe_v28_dual_lane_readiness_checklist.py | elapsed_s=0.14
2026-05-10 21:33:42 -04:00 | probe_ok | probe_v28_dual_lane_snapshot_ledger.py | elapsed_s=0.21
2026-05-10 21:33:42 -04:00 | cycle_done | cycle=1910
2026-05-10 21:34:42 -04:00 | cycle_start | cycle=1911
2026-05-10 21:35:42 -04:00 | probe_timeout | probe_v28_dual_lane_sidecar_safety_watch.py
2026-05-10 21:35:42 -04:00 | probe_ok | probe_v28_dual_lane_live_market_update.py | elapsed_s=0.15
2026-05-10 21:35:42 -04:00 | probe_ok | probe_v28_dual_lane_readiness_checklist.py | elapsed_s=0.13
2026-05-10 21:35:43 -04:00 | probe_ok | probe_v28_dual_lane_snapshot_ledger.py | elapsed_s=0.18
2026-05-10 21:35:43 -04:00 | cycle_done | cycle=1911
2026-05-10 21:36:43 -04:00 | cycle_start | cycle=1912
2026-05-10 21:37:43 -04:00 | probe_timeout | probe_v28_dual_lane_sidecar_safety_watch.py
2026-05-10 21:37:43 -04:00 | probe_ok | probe_v28_dual_lane_live_market_update.py | elapsed_s=0.17
2026-05-10 21:37:43 -04:00 | probe_ok | probe_v28_dual_lane_readiness_checklist.py | elapsed_s=0.16
2026-05-10 21:37:43 -04:00 | probe_ok | probe_v28_dual_lane_snapshot_ledger.py | elapsed_s=0.2
2026-05-10 21:37:43 -04:00 | cycle_done | cycle=1912
2026-05-10 21:38:43 -04:00 | cycle_start | cycle=1913
2026-05-10 21:39:43 -04:00 | probe_timeout | probe_v28_dual_lane_sidecar_safety_watch.py
2026-05-10 21:39:44 -04:00 | probe_ok | probe_v28_dual_lane_live_market_update.py | elapsed_s=0.2
2026-05-10 21:39:44 -04:00 | probe_ok | probe_v28_dual_lane_readiness_checklist.py | elapsed_s=0.15
2026-05-10 21:39:44 -04:00 | probe_ok | probe_v28_dual_lane_snapshot_ledger.py | elapsed_s=0.19
2026-05-10 21:39:44 -04:00 | cycle_done | cycle=1913
2026-05-10 21:40:44 -04:00 | cycle_start | cycle=1914
2026-05-10 21:41:44 -04:00 | probe_timeout | probe_v28_dual_lane_sidecar_safety_watch.py
2026-05-10 21:41:44 -04:00 | probe_ok | probe_v28_dual_lane_live_market_update.py | elapsed_s=0.14
2026-05-10 21:41:44 -04:00 | probe_ok | probe_v28_dual_lane_readiness_checklist.py | elapsed_s=0.13
2026-05-10 21:41:44 -04:00 | probe_ok | probe_v28_dual_lane_snapshot_ledger.py | elapsed_s=0.18
2026-05-10 21:41:44 -04:00 | cycle_done | cycle=1914
2026-05-10 21:42:44 -04:00 | cycle_start | cycle=1915
2026-05-10 21:43:44 -04:00 | probe_timeout | probe_v28_dual_lane_sidecar_safety_watch.py
2026-05-10 21:43:45 -04:00 | probe_ok | probe_v28_dual_lane_live_market_update.py | elapsed_s=0.15
2026-05-10 21:43:45 -04:00 | probe_ok | probe_v28_dual_lane_readiness_checklist.py | elapsed_s=0.15
2026-05-10 21:43:45 -04:00 | probe_ok | probe_v28_dual_lane_snapshot_ledger.py | elapsed_s=0.2
2026-05-10 21:43:45 -04:00 | cycle_done | cycle=1915
2026-05-10 21:44:45 -04:00 | cycle_start | cycle=1916
2026-05-10 21:45:45 -04:00 | probe_timeout | probe_v28_dual_lane_sidecar_safety_watch.py
2026-05-10 21:45:45 -04:00 | probe_ok | probe_v28_dual_lane_live_market_update.py | elapsed_s=0.23
2026-05-10 21:45:45 -04:00 | probe_ok | probe_v28_dual_lane_readiness_checklist.py | elapsed_s=0.17
2026-05-10 21:45:46 -04:00 | probe_ok | probe_v28_dual_lane_snapshot_ledger.py | elapsed_s=0.28
2026-05-10 21:45:46 -04:00 | cycle_done | cycle=1916
2026-05-10 21:46:46 -04:00 | cycle_start | cycle=1917
2026-05-10 21:47:46 -04:00 | probe_timeout | probe_v28_dual_lane_sidecar_safety_watch.py
2026-05-10 21:47:46 -04:00 | probe_ok | probe_v28_dual_lane_live_market_update.py | elapsed_s=0.16
2026-05-10 21:47:46 -04:00 | probe_ok | probe_v28_dual_lane_readiness_checklist.py | elapsed_s=0.18
2026-05-10 21:47:46 -04:00 | probe_ok | probe_v28_dual_lane_snapshot_ledger.py | elapsed_s=0.22
2026-05-10 21:47:46 -04:00 | cycle_done | cycle=1917
2026-05-10 21:48:46 -04:00 | cycle_start | cycle=1918
2026-05-10 21:49:46 -04:00 | probe_timeout | probe_v28_dual_lane_sidecar_safety_watch.py
2026-05-10 21:49:47 -04:00 | probe_ok | probe_v28_dual_lane_live_market_update.py | elapsed_s=0.14
2026-05-10 21:49:47 -04:00 | probe_ok | probe_v28_dual_lane_readiness_checklist.py | elapsed_s=0.15
2026-05-10 21:49:47 -04:00 | probe_ok | probe_v28_dual_lane_snapshot_ledger.py | elapsed_s=0.2
2026-05-10 21:49:47 -04:00 | cycle_done | cycle=1918
2026-05-10 21:50:47 -04:00 | cycle_start | cycle=1919
2026-05-10 21:51:47 -04:00 | probe_timeout | probe_v28_dual_lane_sidecar_safety_watch.py
2026-05-10 21:51:47 -04:00 | probe_ok | probe_v28_dual_lane_live_market_update.py | elapsed_s=0.19
2026-05-10 21:51:47 -04:00 | probe_ok | probe_v28_dual_lane_readiness_checklist.py | elapsed_s=0.15
2026-05-10 21:51:47 -04:00 | probe_ok | probe_v28_dual_lane_snapshot_ledger.py | elapsed_s=0.2
2026-05-10 21:51:47 -04:00 | cycle_done | cycle=1919
2026-05-10 21:52:47 -04:00 | cycle_start | cycle=1920
2026-05-10 21:53:47 -04:00 | probe_timeout | probe_v28_dual_lane_sidecar_safety_watch.py
2026-05-10 21:53:48 -04:00 | probe_ok | probe_v28_dual_lane_live_market_update.py | elapsed_s=0.14
2026-05-10 21:53:48 -04:00 | probe_ok | probe_v28_dual_lane_readiness_checklist.py | elapsed_s=0.14
2026-05-10 21:53:48 -04:00 | probe_ok | probe_v28_dual_lane_snapshot_ledger.py | elapsed_s=0.17
2026-05-10 21:53:48 -04:00 | cycle_done | cycle=1920
2026-05-10 21:54:48 -04:00 | cycle_start | cycle=1921
2026-05-10 21:55:48 -04:00 | probe_timeout | probe_v28_dual_lane_sidecar_safety_watch.py
2026-05-10 21:55:48 -04:00 | probe_ok | probe_v28_dual_lane_live_market_update.py | elapsed_s=0.13
2026-05-10 21:55:48 -04:00 | probe_ok | probe_v28_dual_lane_readiness_checklist.py | elapsed_s=0.14
2026-05-10 21:55:48 -04:00 | probe_ok | probe_v28_dual_lane_snapshot_ledger.py | elapsed_s=0.18
2026-05-10 21:55:48 -04:00 | cycle_done | cycle=1921
2026-05-10 21:56:48 -04:00 | cycle_start | cycle=1922
2026-05-10 21:57:48 -04:00 | probe_timeout | probe_v28_dual_lane_sidecar_safety_watch.py
2026-05-10 21:57:49 -04:00 | probe_ok | probe_v28_dual_lane_live_market_update.py | elapsed_s=0.19
2026-05-10 21:57:49 -04:00 | probe_ok | probe_v28_dual_lane_readiness_checklist.py | elapsed_s=0.13
2026-05-10 21:57:49 -04:00 | probe_ok | probe_v28_dual_lane_snapshot_ledger.py | elapsed_s=0.2
2026-05-10 21:57:49 -04:00 | cycle_done | cycle=1922
2026-05-10 21:58:49 -04:00 | cycle_start | cycle=1923
2026-05-10 21:59:49 -04:00 | probe_timeout | probe_v28_dual_lane_sidecar_safety_watch.py
2026-05-10 21:59:49 -04:00 | probe_ok | probe_v28_dual_lane_live_market_update.py | elapsed_s=0.14
2026-05-10 21:59:49 -04:00 | probe_ok | probe_v28_dual_lane_readiness_checklist.py | elapsed_s=0.13
2026-05-10 21:59:50 -04:00 | probe_ok | probe_v28_dual_lane_snapshot_ledger.py | elapsed_s=0.19
2026-05-10 21:59:50 -04:00 | cycle_done | cycle=1923
2026-05-10 22:00:50 -04:00 | cycle_start | cycle=1924
2026-05-10 22:01:50 -04:00 | probe_timeout | probe_v28_dual_lane_sidecar_safety_watch.py
2026-05-10 22:01:50 -04:00 | probe_ok | probe_v28_dual_lane_live_market_update.py | elapsed_s=0.18
2026-05-10 22:01:50 -04:00 | probe_ok | probe_v28_dual_lane_readiness_checklist.py | elapsed_s=0.14
2026-05-10 22:01:50 -04:00 | probe_ok | probe_v28_dual_lane_snapshot_ledger.py | elapsed_s=0.18
2026-05-10 22:01:50 -04:00 | cycle_done | cycle=1924
2026-05-10 22:02:50 -04:00 | cycle_start | cycle=1925
2026-05-10 22:03:50 -04:00 | probe_timeout | probe_v28_dual_lane_sidecar_safety_watch.py
2026-05-10 22:03:50 -04:00 | probe_ok | probe_v28_dual_lane_live_market_update.py | elapsed_s=0.22
2026-05-10 22:03:50 -04:00 | probe_ok | probe_v28_dual_lane_readiness_checklist.py | elapsed_s=0.15
2026-05-10 22:03:51 -04:00 | probe_ok | probe_v28_dual_lane_snapshot_ledger.py | elapsed_s=0.23
2026-05-10 22:03:51 -04:00 | cycle_done | cycle=1925
2026-05-10 22:04:51 -04:00 | cycle_start | cycle=1926
2026-05-10 22:05:51 -04:00 | probe_timeout | probe_v28_dual_lane_sidecar_safety_watch.py
2026-05-10 22:05:51 -04:00 | probe_ok | probe_v28_dual_lane_live_market_update.py | elapsed_s=0.13
2026-05-10 22:05:51 -04:00 | probe_ok | probe_v28_dual_lane_readiness_checklist.py | elapsed_s=0.13
2026-05-10 22:05:51 -04:00 | probe_ok | probe_v28_dual_lane_snapshot_ledger.py | elapsed_s=0.17
2026-05-10 22:05:51 -04:00 | cycle_done | cycle=1926
2026-05-10 22:06:51 -04:00 | cycle_start | cycle=1927
2026-05-10 22:07:51 -04:00 | probe_timeout | probe_v28_dual_lane_sidecar_safety_watch.py
2026-05-10 22:07:51 -04:00 | probe_ok | probe_v28_dual_lane_live_market_update.py | elapsed_s=0.13
2026-05-10 22:07:51 -04:00 | probe_ok | probe_v28_dual_lane_readiness_checklist.py | elapsed_s=0.13
2026-05-10 22:07:52 -04:00 | probe_ok | probe_v28_dual_lane_snapshot_ledger.py | elapsed_s=0.19
2026-05-10 22:07:52 -04:00 | cycle_done | cycle=1927
2026-05-10 22:08:52 -04:00 | cycle_start | cycle=1928
2026-05-10 22:09:52 -04:00 | probe_timeout | probe_v28_dual_lane_sidecar_safety_watch.py
2026-05-10 22:09:52 -04:00 | probe_ok | probe_v28_dual_lane_live_market_update.py | elapsed_s=0.21
2026-05-10 22:09:52 -04:00 | probe_ok | probe_v28_dual_lane_readiness_checklist.py | elapsed_s=0.17
2026-05-10 22:09:52 -04:00 | probe_ok | probe_v28_dual_lane_snapshot_ledger.py | elapsed_s=0.27
2026-05-10 22:09:52 -04:00 | cycle_done | cycle=1928
2026-05-10 22:10:52 -04:00 | cycle_start | cycle=1929
2026-05-10 22:11:52 -04:00 | probe_timeout | probe_v28_dual_lane_sidecar_safety_watch.py
2026-05-10 22:11:53 -04:00 | probe_ok | probe_v28_dual_lane_live_market_update.py | elapsed_s=0.19
2026-05-10 22:11:53 -04:00 | probe_ok | probe_v28_dual_lane_readiness_checklist.py | elapsed_s=0.18
2026-05-10 22:11:53 -04:00 | probe_ok | probe_v28_dual_lane_snapshot_ledger.py | elapsed_s=0.22
2026-05-10 22:11:53 -04:00 | cycle_done | cycle=1929
2026-05-10 22:12:53 -04:00 | cycle_start | cycle=1930
2026-05-10 22:13:53 -04:00 | probe_timeout | probe_v28_dual_lane_sidecar_safety_watch.py
2026-05-10 22:13:53 -04:00 | probe_ok | probe_v28_dual_lane_live_market_update.py | elapsed_s=0.13
2026-05-10 22:13:53 -04:00 | probe_ok | probe_v28_dual_lane_readiness_checklist.py | elapsed_s=0.14
2026-05-10 22:13:54 -04:00 | probe_ok | probe_v28_dual_lane_snapshot_ledger.py | elapsed_s=0.19
2026-05-10 22:13:54 -04:00 | cycle_done | cycle=1930
2026-05-10 22:14:54 -04:00 | cycle_start | cycle=1931
2026-05-10 22:15:54 -04:00 | probe_timeout | probe_v28_dual_lane_sidecar_safety_watch.py
2026-05-10 22:15:54 -04:00 | probe_ok | probe_v28_dual_lane_live_market_update.py | elapsed_s=0.21
2026-05-10 22:15:54 -04:00 | probe_ok | probe_v28_dual_lane_readiness_checklist.py | elapsed_s=0.13
2026-05-10 22:15:54 -04:00 | probe_ok | probe_v28_dual_lane_snapshot_ledger.py | elapsed_s=0.19
2026-05-10 22:15:54 -04:00 | cycle_done | cycle=1931
2026-05-10 22:16:54 -04:00 | cycle_start | cycle=1932
2026-05-10 22:17:54 -04:00 | probe_timeout | probe_v28_dual_lane_sidecar_safety_watch.py
2026-05-10 22:17:54 -04:00 | probe_ok | probe_v28_dual_lane_live_market_update.py | elapsed_s=0.14
2026-05-10 22:17:54 -04:00 | probe_ok | probe_v28_dual_lane_readiness_checklist.py | elapsed_s=0.15
2026-05-10 22:17:55 -04:00 | probe_ok | probe_v28_dual_lane_snapshot_ledger.py | elapsed_s=0.21
2026-05-10 22:17:55 -04:00 | cycle_done | cycle=1932
2026-05-10 22:18:55 -04:00 | cycle_start | cycle=1933
2026-05-10 22:19:55 -04:00 | probe_timeout | probe_v28_dual_lane_sidecar_safety_watch.py
2026-05-10 22:19:55 -04:00 | probe_ok | probe_v28_dual_lane_live_market_update.py | elapsed_s=0.11
2026-05-10 22:19:55 -04:00 | probe_ok | probe_v28_dual_lane_readiness_checklist.py | elapsed_s=0.11
2026-05-10 22:19:55 -04:00 | probe_ok | probe_v28_dual_lane_snapshot_ledger.py | elapsed_s=0.15
2026-05-10 22:19:55 -04:00 | cycle_done | cycle=1933
2026-05-10 22:20:55 -04:00 | cycle_start | cycle=1934
2026-05-10 22:21:55 -04:00 | probe_timeout | probe_v28_dual_lane_sidecar_safety_watch.py
2026-05-10 22:21:55 -04:00 | probe_ok | probe_v28_dual_lane_live_market_update.py | elapsed_s=0.14
2026-05-10 22:21:55 -04:00 | probe_ok | probe_v28_dual_lane_readiness_checklist.py | elapsed_s=0.1
2026-05-10 22:21:55 -04:00 | probe_ok | probe_v28_dual_lane_snapshot_ledger.py | elapsed_s=0.15
2026-05-10 22:21:55 -04:00 | cycle_done | cycle=1934
2026-05-10 22:22:55 -04:00 | cycle_start | cycle=1935
2026-05-10 22:23:55 -04:00 | probe_timeout | probe_v28_dual_lane_sidecar_safety_watch.py
2026-05-10 22:23:56 -04:00 | probe_ok | probe_v28_dual_lane_live_market_update.py | elapsed_s=0.09
2026-05-10 22:23:56 -04:00 | probe_ok | probe_v28_dual_lane_readiness_checklist.py | elapsed_s=0.08
2026-05-10 22:23:56 -04:00 | probe_ok | probe_v28_dual_lane_snapshot_ledger.py | elapsed_s=0.11
2026-05-10 22:23:56 -04:00 | cycle_done | cycle=1935
2026-05-10 22:24:56 -04:00 | cycle_start | cycle=1936
2026-05-10 22:25:56 -04:00 | probe_timeout | probe_v28_dual_lane_sidecar_safety_watch.py
2026-05-10 22:25:56 -04:00 | probe_ok | probe_v28_dual_lane_live_market_update.py | elapsed_s=0.07
2026-05-10 22:25:56 -04:00 | probe_ok | probe_v28_dual_lane_readiness_checklist.py | elapsed_s=0.07
2026-05-10 22:25:56 -04:00 | probe_ok | probe_v28_dual_lane_snapshot_ledger.py | elapsed_s=0.1
2026-05-10 22:25:56 -04:00 | cycle_done | cycle=1936
2026-05-10 22:26:56 -04:00 | cycle_start | cycle=1937
2026-05-10 22:27:56 -04:00 | probe_timeout | probe_v28_dual_lane_sidecar_safety_watch.py
2026-05-10 22:27:56 -04:00 | probe_ok | probe_v28_dual_lane_live_market_update.py | elapsed_s=0.13
2026-05-10 22:27:56 -04:00 | probe_ok | probe_v28_dual_lane_readiness_checklist.py | elapsed_s=0.1
2026-05-10 22:27:56 -04:00 | probe_ok | probe_v28_dual_lane_snapshot_ledger.py | elapsed_s=0.15
2026-05-10 22:27:56 -04:00 | cycle_done | cycle=1937
2026-05-10 22:28:56 -04:00 | cycle_start | cycle=1938
2026-05-10 22:29:57 -04:00 | probe_timeout | probe_v28_dual_lane_sidecar_safety_watch.py
2026-05-10 22:29:57 -04:00 | probe_ok | probe_v28_dual_lane_live_market_update.py | elapsed_s=0.08
2026-05-10 22:29:57 -04:00 | probe_ok | probe_v28_dual_lane_readiness_checklist.py | elapsed_s=0.09
2026-05-10 22:29:57 -04:00 | probe_ok | probe_v28_dual_lane_snapshot_ledger.py | elapsed_s=0.13
2026-05-10 22:29:57 -04:00 | cycle_done | cycle=1938
2026-05-10 22:30:57 -04:00 | cycle_start | cycle=1939
2026-05-10 22:31:57 -04:00 | probe_timeout | probe_v28_dual_lane_sidecar_safety_watch.py
2026-05-10 22:31:57 -04:00 | probe_ok | probe_v28_dual_lane_live_market_update.py | elapsed_s=0.07
2026-05-10 22:31:57 -04:00 | probe_ok | probe_v28_dual_lane_readiness_checklist.py | elapsed_s=0.08
2026-05-10 22:31:57 -04:00 | probe_ok | probe_v28_dual_lane_snapshot_ledger.py | elapsed_s=0.11
2026-05-10 22:31:57 -04:00 | cycle_done | cycle=1939
2026-05-10 22:32:57 -04:00 | cycle_start | cycle=1940
2026-05-10 22:33:57 -04:00 | probe_timeout | probe_v28_dual_lane_sidecar_safety_watch.py
2026-05-10 22:33:57 -04:00 | probe_ok | probe_v28_dual_lane_live_market_update.py | elapsed_s=0.21
2026-05-10 22:33:58 -04:00 | probe_ok | probe_v28_dual_lane_readiness_checklist.py | elapsed_s=0.16
2026-05-10 22:33:58 -04:00 | probe_ok | probe_v28_dual_lane_snapshot_ledger.py | elapsed_s=0.27
2026-05-10 22:33:58 -04:00 | cycle_done | cycle=1940
2026-05-10 22:34:58 -04:00 | cycle_start | cycle=1941
2026-05-10 22:35:58 -04:00 | probe_timeout | probe_v28_dual_lane_sidecar_safety_watch.py
2026-05-10 22:35:58 -04:00 | probe_ok | probe_v28_dual_lane_live_market_update.py | elapsed_s=0.09
2026-05-10 22:35:58 -04:00 | probe_ok | probe_v28_dual_lane_readiness_checklist.py | elapsed_s=0.09
2026-05-10 22:35:58 -04:00 | probe_ok | probe_v28_dual_lane_snapshot_ledger.py | elapsed_s=0.13
2026-05-10 22:35:58 -04:00 | cycle_done | cycle=1941
2026-05-10 22:36:58 -04:00 | cycle_start | cycle=1942
2026-05-10 22:37:58 -04:00 | probe_timeout | probe_v28_dual_lane_sidecar_safety_watch.py
2026-05-10 22:37:58 -04:00 | probe_ok | probe_v28_dual_lane_live_market_update.py | elapsed_s=0.14
2026-05-10 22:37:59 -04:00 | probe_ok | probe_v28_dual_lane_readiness_checklist.py | elapsed_s=0.15
2026-05-10 22:37:59 -04:00 | probe_ok | probe_v28_dual_lane_snapshot_ledger.py | elapsed_s=0.19
2026-05-10 22:37:59 -04:00 | cycle_done | cycle=1942
2026-05-10 22:38:59 -04:00 | cycle_start | cycle=1943
2026-05-10 22:39:59 -04:00 | probe_timeout | probe_v28_dual_lane_sidecar_safety_watch.py
2026-05-10 22:39:59 -04:00 | probe_ok | probe_v28_dual_lane_live_market_update.py | elapsed_s=0.16
2026-05-10 22:39:59 -04:00 | probe_ok | probe_v28_dual_lane_readiness_checklist.py | elapsed_s=0.13
2026-05-10 22:39:59 -04:00 | probe_ok | probe_v28_dual_lane_snapshot_ledger.py | elapsed_s=0.17
2026-05-10 22:39:59 -04:00 | cycle_done | cycle=1943
2026-05-10 22:40:59 -04:00 | cycle_start | cycle=1944
2026-05-10 22:41:59 -04:00 | probe_timeout | probe_v28_dual_lane_sidecar_safety_watch.py
2026-05-10 22:41:59 -04:00 | probe_ok | probe_v28_dual_lane_live_market_update.py | elapsed_s=0.09
2026-05-10 22:41:59 -04:00 | probe_ok | probe_v28_dual_lane_readiness_checklist.py | elapsed_s=0.1
2026-05-10 22:42:00 -04:00 | probe_ok | probe_v28_dual_lane_snapshot_ledger.py | elapsed_s=0.14
2026-05-10 22:42:00 -04:00 | cycle_done | cycle=1944
2026-05-10 22:43:00 -04:00 | cycle_start | cycle=1945
2026-05-10 22:44:00 -04:00 | probe_timeout | probe_v28_dual_lane_sidecar_safety_watch.py
2026-05-10 22:44:00 -04:00 | probe_ok | probe_v28_dual_lane_live_market_update.py | elapsed_s=0.09
2026-05-10 22:44:00 -04:00 | probe_ok | probe_v28_dual_lane_readiness_checklist.py | elapsed_s=0.1
2026-05-10 22:44:00 -04:00 | probe_ok | probe_v28_dual_lane_snapshot_ledger.py | elapsed_s=0.14
2026-05-10 22:44:00 -04:00 | cycle_done | cycle=1945
2026-05-10 22:45:00 -04:00 | cycle_start | cycle=1946
2026-05-10 22:46:00 -04:00 | probe_timeout | probe_v28_dual_lane_sidecar_safety_watch.py
2026-05-10 22:46:00 -04:00 | probe_ok | probe_v28_dual_lane_live_market_update.py | elapsed_s=0.16
2026-05-10 22:46:00 -04:00 | probe_ok | probe_v28_dual_lane_readiness_checklist.py | elapsed_s=0.13
2026-05-10 22:46:00 -04:00 | probe_ok | probe_v28_dual_lane_snapshot_ledger.py | elapsed_s=0.18
2026-05-10 22:46:00 -04:00 | cycle_done | cycle=1946
2026-05-10 22:47:00 -04:00 | cycle_start | cycle=1947
2026-05-10 22:48:01 -04:00 | probe_timeout | probe_v28_dual_lane_sidecar_safety_watch.py
2026-05-10 22:48:01 -04:00 | probe_ok | probe_v28_dual_lane_live_market_update.py | elapsed_s=0.27
2026-05-10 22:48:01 -04:00 | probe_ok | probe_v28_dual_lane_readiness_checklist.py | elapsed_s=0.28
2026-05-10 22:48:01 -04:00 | probe_ok | probe_v28_dual_lane_snapshot_ledger.py | elapsed_s=0.26
2026-05-10 22:48:01 -04:00 | cycle_done | cycle=1947
2026-05-10 22:49:01 -04:00 | cycle_start | cycle=1948
2026-05-10 22:50:01 -04:00 | probe_timeout | probe_v28_dual_lane_sidecar_safety_watch.py
2026-05-10 22:50:02 -04:00 | probe_ok | probe_v28_dual_lane_live_market_update.py | elapsed_s=0.16
2026-05-10 22:50:02 -04:00 | probe_ok | probe_v28_dual_lane_readiness_checklist.py | elapsed_s=0.16
2026-05-10 22:50:02 -04:00 | probe_ok | probe_v28_dual_lane_snapshot_ledger.py | elapsed_s=0.2
2026-05-10 22:50:02 -04:00 | cycle_done | cycle=1948
2026-05-10 22:51:02 -04:00 | cycle_start | cycle=1949
2026-05-10 22:52:02 -04:00 | probe_timeout | probe_v28_dual_lane_sidecar_safety_watch.py
2026-05-10 22:52:02 -04:00 | probe_ok | probe_v28_dual_lane_live_market_update.py | elapsed_s=0.26
2026-05-10 22:52:02 -04:00 | probe_ok | probe_v28_dual_lane_readiness_checklist.py | elapsed_s=0.18
2026-05-10 22:52:03 -04:00 | probe_ok | probe_v28_dual_lane_snapshot_ledger.py | elapsed_s=0.27
2026-05-10 22:52:03 -04:00 | cycle_done | cycle=1949
2026-05-10 22:53:03 -04:00 | cycle_start | cycle=1950
2026-05-10 22:54:03 -04:00 | probe_timeout | probe_v28_dual_lane_sidecar_safety_watch.py
2026-05-10 22:54:03 -04:00 | probe_ok | probe_v28_dual_lane_live_market_update.py | elapsed_s=0.12
2026-05-10 22:54:03 -04:00 | probe_ok | probe_v28_dual_lane_readiness_checklist.py | elapsed_s=0.13
2026-05-10 22:54:03 -04:00 | probe_ok | probe_v28_dual_lane_snapshot_ledger.py | elapsed_s=0.17
2026-05-10 22:54:03 -04:00 | cycle_done | cycle=1950
2026-05-10 22:55:03 -04:00 | cycle_start | cycle=1951
2026-05-10 22:56:03 -04:00 | probe_timeout | probe_v28_dual_lane_sidecar_safety_watch.py
2026-05-10 22:56:03 -04:00 | probe_ok | probe_v28_dual_lane_live_market_update.py | elapsed_s=0.18
2026-05-10 22:56:04 -04:00 | probe_ok | probe_v28_dual_lane_readiness_checklist.py | elapsed_s=0.22
2026-05-10 22:56:04 -04:00 | probe_ok | probe_v28_dual_lane_snapshot_ledger.py | elapsed_s=0.32
2026-05-10 22:56:04 -04:00 | cycle_done | cycle=1951
2026-05-10 22:57:04 -04:00 | cycle_start | cycle=1952
2026-05-10 22:58:04 -04:00 | probe_timeout | probe_v28_dual_lane_sidecar_safety_watch.py
2026-05-10 22:58:04 -04:00 | probe_ok | probe_v28_dual_lane_live_market_update.py | elapsed_s=0.16
2026-05-10 22:58:04 -04:00 | probe_ok | probe_v28_dual_lane_readiness_checklist.py | elapsed_s=0.15
2026-05-10 22:58:05 -04:00 | probe_ok | probe_v28_dual_lane_snapshot_ledger.py | elapsed_s=0.3
2026-05-10 22:58:05 -04:00 | cycle_done | cycle=1952
2026-05-10 22:59:05 -04:00 | cycle_start | cycle=1953
2026-05-10 23:00:05 -04:00 | probe_timeout | probe_v28_dual_lane_sidecar_safety_watch.py
2026-05-10 23:00:05 -04:00 | probe_ok | probe_v28_dual_lane_live_market_update.py | elapsed_s=0.15
2026-05-10 23:00:05 -04:00 | probe_ok | probe_v28_dual_lane_readiness_checklist.py | elapsed_s=0.14
2026-05-10 23:00:05 -04:00 | probe_ok | probe_v28_dual_lane_snapshot_ledger.py | elapsed_s=0.19
2026-05-10 23:00:05 -04:00 | cycle_done | cycle=1953
2026-05-10 23:01:05 -04:00 | cycle_start | cycle=1954
2026-05-10 23:02:05 -04:00 | probe_timeout | probe_v28_dual_lane_sidecar_safety_watch.py
2026-05-10 23:02:05 -04:00 | probe_ok | probe_v28_dual_lane_live_market_update.py | elapsed_s=0.14
2026-05-10 23:02:05 -04:00 | probe_ok | probe_v28_dual_lane_readiness_checklist.py | elapsed_s=0.15
2026-05-10 23:02:06 -04:00 | probe_ok | probe_v28_dual_lane_snapshot_ledger.py | elapsed_s=0.22
2026-05-10 23:02:06 -04:00 | cycle_done | cycle=1954
2026-05-10 23:03:06 -04:00 | cycle_start | cycle=1955
2026-05-10 23:04:06 -04:00 | probe_timeout | probe_v28_dual_lane_sidecar_safety_watch.py
2026-05-10 23:04:06 -04:00 | probe_ok | probe_v28_dual_lane_live_market_update.py | elapsed_s=0.15
2026-05-10 23:04:06 -04:00 | probe_ok | probe_v28_dual_lane_readiness_checklist.py | elapsed_s=0.15
2026-05-10 23:04:06 -04:00 | probe_ok | probe_v28_dual_lane_snapshot_ledger.py | elapsed_s=0.18
2026-05-10 23:04:06 -04:00 | cycle_done | cycle=1955
2026-05-10 23:05:06 -04:00 | cycle_start | cycle=1956
2026-05-10 23:06:06 -04:00 | probe_timeout | probe_v28_dual_lane_sidecar_safety_watch.py
2026-05-10 23:06:06 -04:00 | probe_ok | probe_v28_dual_lane_live_market_update.py | elapsed_s=0.13
2026-05-10 23:06:07 -04:00 | probe_ok | probe_v28_dual_lane_readiness_checklist.py | elapsed_s=0.14
2026-05-10 23:06:07 -04:00 | probe_ok | probe_v28_dual_lane_snapshot_ledger.py | elapsed_s=0.19
2026-05-10 23:06:07 -04:00 | cycle_done | cycle=1956
2026-05-10 23:07:07 -04:00 | cycle_start | cycle=1957
2026-05-10 23:08:07 -04:00 | probe_timeout | probe_v28_dual_lane_sidecar_safety_watch.py
2026-05-10 23:08:07 -04:00 | probe_ok | probe_v28_dual_lane_live_market_update.py | elapsed_s=0.15
2026-05-10 23:08:07 -04:00 | probe_ok | probe_v28_dual_lane_readiness_checklist.py | elapsed_s=0.14
2026-05-10 23:08:07 -04:00 | probe_ok | probe_v28_dual_lane_snapshot_ledger.py | elapsed_s=0.21
2026-05-10 23:08:07 -04:00 | cycle_done | cycle=1957
2026-05-10 23:09:07 -04:00 | cycle_start | cycle=1958
2026-05-10 23:10:07 -04:00 | probe_timeout | probe_v28_dual_lane_sidecar_safety_watch.py
2026-05-10 23:10:07 -04:00 | probe_ok | probe_v28_dual_lane_live_market_update.py | elapsed_s=0.16
2026-05-10 23:10:08 -04:00 | probe_ok | probe_v28_dual_lane_readiness_checklist.py | elapsed_s=0.16
2026-05-10 23:10:08 -04:00 | probe_ok | probe_v28_dual_lane_snapshot_ledger.py | elapsed_s=0.2
2026-05-10 23:10:08 -04:00 | cycle_done | cycle=1958
2026-05-10 23:11:08 -04:00 | cycle_start | cycle=1959
2026-05-10 23:12:08 -04:00 | probe_timeout | probe_v28_dual_lane_sidecar_safety_watch.py
2026-05-10 23:12:08 -04:00 | probe_ok | probe_v28_dual_lane_live_market_update.py | elapsed_s=0.13
2026-05-10 23:12:08 -04:00 | probe_ok | probe_v28_dual_lane_readiness_checklist.py | elapsed_s=0.14
2026-05-10 23:12:08 -04:00 | probe_ok | probe_v28_dual_lane_snapshot_ledger.py | elapsed_s=0.18
2026-05-10 23:12:08 -04:00 | cycle_done | cycle=1959
2026-05-10 23:13:08 -04:00 | cycle_start | cycle=1960
2026-05-10 23:14:08 -04:00 | probe_timeout | probe_v28_dual_lane_sidecar_safety_watch.py
2026-05-10 23:14:08 -04:00 | probe_ok | probe_v28_dual_lane_live_market_update.py | elapsed_s=0.13
2026-05-10 23:14:09 -04:00 | probe_ok | probe_v28_dual_lane_readiness_checklist.py | elapsed_s=0.14
2026-05-10 23:14:09 -04:00 | probe_ok | probe_v28_dual_lane_snapshot_ledger.py | elapsed_s=0.19
2026-05-10 23:14:09 -04:00 | cycle_done | cycle=1960
2026-05-10 23:15:09 -04:00 | cycle_start | cycle=1961
2026-05-10 23:16:09 -04:00 | probe_timeout | probe_v28_dual_lane_sidecar_safety_watch.py
2026-05-10 23:16:09 -04:00 | probe_ok | probe_v28_dual_lane_live_market_update.py | elapsed_s=0.15
2026-05-10 23:16:09 -04:00 | probe_ok | probe_v28_dual_lane_readiness_checklist.py | elapsed_s=0.13
2026-05-10 23:16:09 -04:00 | probe_ok | probe_v28_dual_lane_snapshot_ledger.py | elapsed_s=0.2
2026-05-10 23:16:09 -04:00 | cycle_done | cycle=1961
2026-05-10 23:17:09 -04:00 | cycle_start | cycle=1962
2026-05-10 23:18:09 -04:00 | probe_timeout | probe_v28_dual_lane_sidecar_safety_watch.py
2026-05-10 23:18:10 -04:00 | probe_ok | probe_v28_dual_lane_live_market_update.py | elapsed_s=0.14
2026-05-10 23:18:10 -04:00 | probe_ok | probe_v28_dual_lane_readiness_checklist.py | elapsed_s=0.15
2026-05-10 23:18:10 -04:00 | probe_ok | probe_v28_dual_lane_snapshot_ledger.py | elapsed_s=0.19
2026-05-10 23:18:10 -04:00 | cycle_done | cycle=1962
2026-05-10 23:19:10 -04:00 | cycle_start | cycle=1963
2026-05-10 23:20:10 -04:00 | probe_timeout | probe_v28_dual_lane_sidecar_safety_watch.py
2026-05-10 23:20:10 -04:00 | probe_ok | probe_v28_dual_lane_live_market_update.py | elapsed_s=0.16
2026-05-10 23:20:10 -04:00 | probe_ok | probe_v28_dual_lane_readiness_checklist.py | elapsed_s=0.15
2026-05-10 23:20:11 -04:00 | probe_ok | probe_v28_dual_lane_snapshot_ledger.py | elapsed_s=0.24
2026-05-10 23:20:11 -04:00 | cycle_done | cycle=1963
2026-05-10 23:21:11 -04:00 | cycle_start | cycle=1964
2026-05-10 23:22:11 -04:00 | probe_timeout | probe_v28_dual_lane_sidecar_safety_watch.py
2026-05-10 23:22:11 -04:00 | probe_ok | probe_v28_dual_lane_live_market_update.py | elapsed_s=0.15
2026-05-10 23:22:11 -04:00 | probe_ok | probe_v28_dual_lane_readiness_checklist.py | elapsed_s=0.15
2026-05-10 23:22:11 -04:00 | probe_ok | probe_v28_dual_lane_snapshot_ledger.py | elapsed_s=0.21
2026-05-10 23:22:11 -04:00 | cycle_done | cycle=1964
2026-05-10 23:23:11 -04:00 | cycle_start | cycle=1965
2026-05-10 23:24:11 -04:00 | probe_timeout | probe_v28_dual_lane_sidecar_safety_watch.py
2026-05-10 23:24:11 -04:00 | probe_ok | probe_v28_dual_lane_live_market_update.py | elapsed_s=0.14
2026-05-10 23:24:11 -04:00 | probe_ok | probe_v28_dual_lane_readiness_checklist.py | elapsed_s=0.15
2026-05-10 23:24:12 -04:00 | probe_ok | probe_v28_dual_lane_snapshot_ledger.py | elapsed_s=0.2
2026-05-10 23:24:12 -04:00 | cycle_done | cycle=1965
2026-05-10 23:25:12 -04:00 | cycle_start | cycle=1966
2026-05-10 23:26:12 -04:00 | probe_timeout | probe_v28_dual_lane_sidecar_safety_watch.py
2026-05-10 23:26:12 -04:00 | probe_ok | probe_v28_dual_lane_live_market_update.py | elapsed_s=0.14
2026-05-10 23:26:12 -04:00 | probe_ok | probe_v28_dual_lane_readiness_checklist.py | elapsed_s=0.14
2026-05-10 23:26:12 -04:00 | probe_ok | probe_v28_dual_lane_snapshot_ledger.py | elapsed_s=0.18
2026-05-10 23:26:12 -04:00 | cycle_done | cycle=1966
2026-05-10 23:27:12 -04:00 | cycle_start | cycle=1967
2026-05-10 23:28:12 -04:00 | probe_timeout | probe_v28_dual_lane_sidecar_safety_watch.py
2026-05-10 23:28:12 -04:00 | probe_ok | probe_v28_dual_lane_live_market_update.py | elapsed_s=0.13
2026-05-10 23:28:12 -04:00 | probe_ok | probe_v28_dual_lane_readiness_checklist.py | elapsed_s=0.14
2026-05-10 23:28:13 -04:00 | probe_ok | probe_v28_dual_lane_snapshot_ledger.py | elapsed_s=0.18
2026-05-10 23:28:13 -04:00 | cycle_done | cycle=1967
2026-05-10 23:29:13 -04:00 | cycle_start | cycle=1968
2026-05-10 23:30:13 -04:00 | probe_timeout | probe_v28_dual_lane_sidecar_safety_watch.py
2026-05-10 23:30:13 -04:00 | probe_ok | probe_v28_dual_lane_live_market_update.py | elapsed_s=0.39
2026-05-10 23:30:13 -04:00 | probe_ok | probe_v28_dual_lane_readiness_checklist.py | elapsed_s=0.18
2026-05-10 23:30:13 -04:00 | probe_ok | probe_v28_dual_lane_snapshot_ledger.py | elapsed_s=0.23
2026-05-10 23:30:13 -04:00 | cycle_done | cycle=1968
2026-05-10 23:31:13 -04:00 | cycle_start | cycle=1969
2026-05-10 23:32:13 -04:00 | probe_timeout | probe_v28_dual_lane_sidecar_safety_watch.py
2026-05-10 23:32:14 -04:00 | probe_ok | probe_v28_dual_lane_live_market_update.py | elapsed_s=0.18
2026-05-10 23:32:14 -04:00 | probe_ok | probe_v28_dual_lane_readiness_checklist.py | elapsed_s=0.14
2026-05-10 23:32:14 -04:00 | probe_ok | probe_v28_dual_lane_snapshot_ledger.py | elapsed_s=0.21
2026-05-10 23:32:14 -04:00 | cycle_done | cycle=1969
2026-05-10 23:33:14 -04:00 | cycle_start | cycle=1970
2026-05-10 23:34:14 -04:00 | probe_timeout | probe_v28_dual_lane_sidecar_safety_watch.py
2026-05-10 23:34:14 -04:00 | probe_ok | probe_v28_dual_lane_live_market_update.py | elapsed_s=0.13
2026-05-10 23:34:14 -04:00 | probe_ok | probe_v28_dual_lane_readiness_checklist.py | elapsed_s=0.19
2026-05-10 23:34:15 -04:00 | probe_ok | probe_v28_dual_lane_snapshot_ledger.py | elapsed_s=0.21
2026-05-10 23:34:15 -04:00 | cycle_done | cycle=1970
2026-05-10 23:35:15 -04:00 | cycle_start | cycle=1971
2026-05-10 23:36:15 -04:00 | probe_timeout | probe_v28_dual_lane_sidecar_safety_watch.py
2026-05-10 23:36:15 -04:00 | probe_ok | probe_v28_dual_lane_live_market_update.py | elapsed_s=0.16
2026-05-10 23:36:15 -04:00 | probe_ok | probe_v28_dual_lane_readiness_checklist.py | elapsed_s=0.17
2026-05-10 23:36:15 -04:00 | probe_ok | probe_v28_dual_lane_snapshot_ledger.py | elapsed_s=0.2
2026-05-10 23:36:15 -04:00 | cycle_done | cycle=1971
2026-05-10 23:37:15 -04:00 | cycle_start | cycle=1972
2026-05-10 23:38:15 -04:00 | probe_timeout | probe_v28_dual_lane_sidecar_safety_watch.py
2026-05-10 23:38:15 -04:00 | probe_ok | probe_v28_dual_lane_live_market_update.py | elapsed_s=0.14
2026-05-10 23:38:16 -04:00 | probe_ok | probe_v28_dual_lane_readiness_checklist.py | elapsed_s=0.13
2026-05-10 23:38:16 -04:00 | probe_ok | probe_v28_dual_lane_snapshot_ledger.py | elapsed_s=0.19
2026-05-10 23:38:16 -04:00 | cycle_done | cycle=1972
2026-05-10 23:39:16 -04:00 | cycle_start | cycle=1973
2026-05-10 23:40:16 -04:00 | probe_timeout | probe_v28_dual_lane_sidecar_safety_watch.py
2026-05-10 23:40:16 -04:00 | probe_ok | probe_v28_dual_lane_live_market_update.py | elapsed_s=0.15
2026-05-10 23:40:16 -04:00 | probe_ok | probe_v28_dual_lane_readiness_checklist.py | elapsed_s=0.14
2026-05-10 23:40:16 -04:00 | probe_ok | probe_v28_dual_lane_snapshot_ledger.py | elapsed_s=0.19
2026-05-10 23:40:16 -04:00 | cycle_done | cycle=1973
2026-05-10 23:41:16 -04:00 | cycle_start | cycle=1974
2026-05-10 23:42:16 -04:00 | probe_timeout | probe_v28_dual_lane_sidecar_safety_watch.py
2026-05-10 23:42:16 -04:00 | probe_ok | probe_v28_dual_lane_live_market_update.py | elapsed_s=0.13
2026-05-10 23:42:17 -04:00 | probe_ok | probe_v28_dual_lane_readiness_checklist.py | elapsed_s=0.14
2026-05-10 23:42:17 -04:00 | probe_ok | probe_v28_dual_lane_snapshot_ledger.py | elapsed_s=0.18
2026-05-10 23:42:17 -04:00 | cycle_done | cycle=1974
2026-05-10 23:43:17 -04:00 | cycle_start | cycle=1975
2026-05-10 23:44:17 -04:00 | probe_timeout | probe_v28_dual_lane_sidecar_safety_watch.py
2026-05-10 23:44:17 -04:00 | probe_ok | probe_v28_dual_lane_live_market_update.py | elapsed_s=0.13
2026-05-10 23:44:17 -04:00 | probe_ok | probe_v28_dual_lane_readiness_checklist.py | elapsed_s=0.14
2026-05-10 23:44:17 -04:00 | probe_ok | probe_v28_dual_lane_snapshot_ledger.py | elapsed_s=0.21
2026-05-10 23:44:17 -04:00 | cycle_done | cycle=1975
2026-05-10 23:45:17 -04:00 | cycle_start | cycle=1976
2026-05-10 23:46:17 -04:00 | probe_timeout | probe_v28_dual_lane_sidecar_safety_watch.py
2026-05-10 23:46:17 -04:00 | probe_ok | probe_v28_dual_lane_live_market_update.py | elapsed_s=0.12
2026-05-10 23:46:18 -04:00 | probe_ok | probe_v28_dual_lane_readiness_checklist.py | elapsed_s=0.1
2026-05-10 23:46:18 -04:00 | probe_ok | probe_v28_dual_lane_snapshot_ledger.py | elapsed_s=0.13
2026-05-10 23:46:18 -04:00 | cycle_done | cycle=1976
2026-05-10 23:47:18 -04:00 | cycle_start | cycle=1977
2026-05-10 23:47:37 -04:00 | probe_failed | probe_v28_dual_lane_sidecar_safety_watch.py | exit=1073807364 | elapsed_s=19.35 | stderr=
2026-05-10 23:47:37 -04:00 | probe_ok | probe_v28_dual_lane_live_market_update.py | elapsed_s=0.2
2026-05-10 23:47:37 -04:00 | probe_ok | probe_v28_dual_lane_readiness_checklist.py | elapsed_s=0.12
2026-05-10 23:47:38 -04:00 | probe_ok | probe_v28_dual_lane_snapshot_ledger.py | elapsed_s=0.18
2026-05-10 23:47:38 -04:00 | cycle_done | cycle=1977
