dataset,candidate,label,filter_count,all_base_markets,all_markets,all_wins,all_losses,all_accuracy,all_coverage,all_wilson95_lower,all_median_ask,all_mean_ask,all_p75_ask,all_ask_ge_95,all_ask_eq_100,all_median_seconds_to_close,all_entry_fee_cents,all_ask_cost_cents,all_entry_cost_cents,all_gross_pnl_cents,all_net_pnl_cents,all_gross_roi_on_ask,all_net_roi_on_cost,all_net_edge_per_selected_cents,all_net_edge_per_base_market_cents,all_fee_aware_break_even_accuracy,all_accuracy_minus_break_even,train_base_markets,train_markets,train_wins,train_losses,train_accuracy,train_coverage,train_wilson95_lower,train_median_ask,train_mean_ask,train_p75_ask,train_ask_ge_95,train_ask_eq_100,train_median_seconds_to_close,train_entry_fee_cents,train_ask_cost_cents,train_entry_cost_cents,train_gross_pnl_cents,train_net_pnl_cents,train_gross_roi_on_ask,train_net_roi_on_cost,train_net_edge_per_selected_cents,train_net_edge_per_base_market_cents,train_fee_aware_break_even_accuracy,train_accuracy_minus_break_even,validation_base_markets,validation_markets,validation_wins,validation_losses,validation_accuracy,validation_coverage,validation_wilson95_lower,validation_median_ask,validation_mean_ask,validation_p75_ask,validation_ask_ge_95,validation_ask_eq_100,validation_median_seconds_to_close,validation_entry_fee_cents,validation_ask_cost_cents,validation_entry_cost_cents,validation_gross_pnl_cents,validation_net_pnl_cents,validation_gross_roi_on_ask,validation_net_roi_on_cost,validation_net_edge_per_selected_cents,validation_net_edge_per_base_market_cents,validation_fee_aware_break_even_accuracy,validation_accuracy_minus_break_even,holdout_base_markets,holdout_markets,holdout_wins,holdout_losses,holdout_accuracy,holdout_coverage,holdout_wilson95_lower,holdout_median_ask,holdout_mean_ask,holdout_p75_ask,holdout_ask_ge_95,holdout_ask_eq_100,holdout_median_seconds_to_close,holdout_entry_fee_cents,holdout_ask_cost_cents,holdout_entry_cost_cents,holdout_gross_pnl_cents,holdout_net_pnl_cents,holdout_gross_roi_on_ask,holdout_net_roi_on_cost,holdout_net_edge_per_selected_cents,holdout_net_edge_per_base_market_cents,holdout_fee_aware_break_even_accuracy,holdout_accuracy_minus_break_even,coverage_pass,all_splits_positive,oos_positive
current,book_margin,choose=book_p_side; book_p_side>=0.6; fee_edge>=-100c; ask<=95; sec>=120; margin_rv15>=0,0,328,326,229,97,0.7024539877300614,0.9939024390243902,0.650701830192196,64.0,65.74539877300613,68.0,0,0,818.6895,649.0,21433.0,22082.0,1467.0,818.0,0.06844585452339849,0.037043746037496605,2.5092024539877302,2.4939024390243905,0.677361963190184,0.025092024539877356,196,194,138,56,0.711340206185567,0.9897959183673469,0.6439610153449159,63.0,65.04639175257732,67.0,0,0,816.4894999999999,387.0,12619.0,13006.0,1181.0,794.0,0.09358903241144306,0.06104874673227741,4.092783505154639,4.051020408163265,0.6704123711340206,0.0409278350515464,66,66,46,20,0.696969696969697,1.0,0.5778119305445574,65.0,66.77272727272727,69.0,0,0,815.931,131.0,4407.0,4538.0,193.0,62.0,0.04379396414794645,0.013662406346408109,0.9393939393939394,0.9393939393939394,0.6875757575757576,0.009393939393939399,66,66,45,21,0.6818181818181818,1.0,0.5621255011195574,65.0,66.77272727272727,69.0,0,0,825.7405,131.0,4407.0,4538.0,93.0,-38.0,0.02110279101429544,-0.008373732921992068,-0.5757575757575758,-0.5757575757575758,0.6875757575757575,-0.005757575757575739,True,False,False
current,book_margin__rv15_over_rv30_le_0p8,choose=book_p_side; book_p_side>=0.6; fee_edge>=-100c; ask<=95; sec>=120; margin_rv15>=0; rv15_over_rv30<=0.8,1,328,144,111,33,0.7708333333333334,0.43902439024390244,0.6956821192796613,68.0,71.02083333333333,75.25,4,0,660.499,263.0,10227.0,10490.0,873.0,610.0,0.08536227632736873,0.058150619637750235,4.236111111111111,1.8597560975609757,0.7284722222222223,0.04236111111111107,196,87,70,17,0.8045977011494253,0.44387755102040816,0.7091678634827149,68.0,71.27586206896552,77.0,2,0,598.592,158.0,6201.0,6359.0,799.0,641.0,0.12885018545395904,0.10080201289510929,7.367816091954023,3.270408163265306,0.7309195402298851,0.07367816091954016,66,28,22,6,0.7857142857142857,0.42424242424242425,0.6046141434627813,67.0,71.57142857142857,74.25,2,0,674.258,50.0,2004.0,2054.0,196.0,146.0,0.09780439121756487,0.07108081791626096,5.214285714285714,2.212121212121212,0.7335714285714287,0.052142857142857046,66,29,19,10,0.6551724137931034,0.4393939393939394,0.4734510409047614,68.0,69.72413793103448,75.0,0,0,712.341,55.0,2022.0,2077.0,-122.0,-177.0,-0.06033630069238378,-0.08521906596051998,-6.103448275862069,-2.6818181818181817,0.7162068965517241,-0.06103448275862067,False,False,False
current,book_margin__rv15_over_rv30_le_1,choose=book_p_side; book_p_side>=0.6; fee_edge>=-100c; ask<=95; sec>=120; margin_rv15>=0; rv15_over_rv30<=1,1,328,265,193,72,0.7283018867924528,0.8079268292682927,0.6717657633792155,65.0,68.82641509433962,72.0,3,0,758.206,501.0,18239.0,18740.0,1061.0,560.0,0.05817204890619003,0.029882604055496264,2.1132075471698113,1.7073170731707317,0.7071698113207547,0.021132075471698042,196,161,119,42,0.7391304347826086,0.8214285714285714,0.6662937459643552,65.0,68.71428571428571,71.0,2,0,765.325,302.0,11063.0,11365.0,837.0,535.0,0.07565759739672784,0.047074351077870655,3.3229813664596275,2.729591836734694,0.7059006211180124,0.03322981366459621,66,51,39,12,0.7647058823529411,0.7727272727272727,0.632377748398347,66.0,69.05882352941177,74.5,0,0,742.278,97.0,3522.0,3619.0,378.0,281.0,0.10732538330494037,0.07764575849682233,5.509803921568627,4.257575757575758,0.709607843137255,0.05509803921568612,66,53,35,18,0.660377358490566,0.803030303030303,0.525947866375483,65.0,68.94339622641509,74.0,1,0,733.366,102.0,3654.0,3756.0,-154.0,-256.0,-0.0421455938697318,-0.06815761448349308,-4.830188679245283,-3.878787878787879,0.7086792452830191,-0.048301886792453064,False,False,False
current,book_margin__rv15_over_rv30_le_1p2,choose=book_p_side; book_p_side>=0.6; fee_edge>=-100c; ask<=95; sec>=120; margin_rv15>=0; rv15_over_rv30<=1.2,1,328,319,224,95,0.7021943573667712,0.9725609756097561,0.6498479397394757,64.0,66.40752351097179,68.0,0,0,807.149,627.0,21184.0,21811.0,1216.0,589.0,0.05740181268882175,0.02700472238778598,1.8463949843260188,1.795731707317073,0.6837304075235109,0.018463949843260274,196,192,135,57,0.703125,0.9795918367346939,0.6350287007411195,64.0,65.86979166666667,68.0,0,0,800.425,378.0,12647.0,13025.0,853.0,475.0,0.06744682533407133,0.036468330134357005,2.4739583333333335,2.423469387755102,0.6783854166666666,0.02473958333333337,66,63,44,19,0.6984126984126984,0.9545454545454546,0.5763962768644041,65.0,67.0952380952381,69.0,0,0,810.737,123.0,4227.0,4350.0,173.0,50.0,0.040927371658386565,0.011494252873563218,0.7936507936507936,0.7575757575757576,0.6904761904761906,0.007936507936507797,66,64,45,19,0.703125,0.9696969696969697,0.5822979889645707,65.0,67.34375,70.5,0,0,819.4,126.0,4310.0,4436.0,190.0,64.0,0.04408352668213457,0.014427412082957619,1.0,0.9696969696969697,0.693125,0.010000000000000009,True,True,True
current,book_margin__rv15_over_rv30_ge_0p8,choose=book_p_side; book_p_side>=0.6; fee_edge>=-100c; ask<=95; sec>=120; margin_rv15>=0; rv15_over_rv30>=0.8,1,328,312,219,93,0.7019230769230769,0.9512195121951219,0.6489619133522831,64.0,67.55448717948718,69.25,2,0,799.781,603.0,21077.0,21680.0,823.0,220.0,0.039047302747070266,0.01014760147601476,0.7051282051282052,0.6707317073170732,0.694871794871795,0.007051282051281915,196,187,134,53,0.7165775401069518,0.9540816326530612,0.6481313812869184,64.0,66.9572192513369,69.0,0,0,800.029,363.0,12521.0,12884.0,879.0,516.0,0.07020206053829567,0.04004967401428128,2.7593582887700534,2.63265306122449,0.6889839572192512,0.02759358288770064,66,63,44,19,0.6984126984126984,0.9545454545454546,0.5763962768644041,66.0,68.38095238095238,72.0,0,0,773.575,122.0,4308.0,4430.0,92.0,-30.0,0.02135561745589601,-0.006772009029345372,-0.47619047619047616,-0.45454545454545453,0.7031746031746032,-0.004761904761904856,66,62,41,21,0.6612903225806451,0.9393939393939394,0.5371769954935818,65.0,68.51612903225806,69.0,2,0,811.9994999999999,118.0,4248.0,4366.0,-148.0,-266.0,-0.03483992467043315,-0.06092533211177279,-4.290322580645161,-4.03030303030303,0.7041935483870968,-0.04290322580645167,True,False,False
current,book_margin__rv15_over_rv30_ge_1,choose=book_p_side; book_p_side>=0.6; fee_edge>=-100c; ask<=95; sec>=120; margin_rv15>=0; rv15_over_rv30>=1,1,328,246,174,72,0.7073170731707317,0.75,0.6476209650734516,68.0,70.66260162601625,78.0,3,0,770.2284999999999,456.0,17383.0,17839.0,17.0,-439.0,0.0009779669792325835,-0.024609002746790738,-1.7845528455284554,-1.3384146341463414,0.7251626016260164,-0.017845528455284754,196,147,105,42,0.7142857142857143,0.75,0.6365298438074001,67.0,70.38095238095238,78.0,2,0,766.215,272.0,10346.0,10618.0,154.0,-118.0,0.014884979702300407,-0.011113203993219061,-0.8027210884353742,-0.6020408163265306,0.7223129251700681,-0.008027210884353764,66,50,37,13,0.74,0.7575757575757576,0.6044684273515116,68.0,71.06,76.75,0,0,754.158,93.0,3553.0,3646.0,147.0,54.0,0.04137348719392063,0.014810751508502468,1.08,0.8181818181818182,0.7292000000000001,0.01079999999999992,66,49,32,17,0.6530612244897959,0.7424242424242424,0.5131119428697273,68.0,71.10204081632654,78.0,1,0,822.12,91.0,3484.0,3575.0,-284.0,-375.0,-0.08151549942594719,-0.1048951048951049,-7.653061224489796,-5.681818181818182,0.7295918367346939,-0.07653061224489799,False,False,False
current,book_margin__rv15_over_rv30_ge_1p2,choose=book_p_side; book_p_side>=0.6; fee_edge>=-100c; ask<=95; sec>=120; margin_rv15>=0; rv15_over_rv30>=1.2,1,328,92,65,27,0.7065217391304348,0.2804878048780488,0.6067052889274724,71.5,75.25,86.75,9,0,712.5525,155.0,6923.0,7078.0,-423.0,-578.0,-0.061100678896432184,-0.08166148629556372,-6.282608695652174,-1.7621951219512195,0.7693478260869565,-0.0628260869565217,196,49,34,15,0.6938775510204082,0.25,0.5547210644108935,70.0,74.85714285714286,83.0,5,0,704.938,83.0,3668.0,3751.0,-268.0,-351.0,-0.07306434023991276,-0.09357504665422554,-7.163265306122449,-1.7908163265306123,0.7655102040816327,-0.07163265306122457,66,23,16,7,0.6956521739130435,0.3484848484848485,0.49134243731240795,75.0,76.3913043478261,85.5,0,0,713.743,39.0,1757.0,1796.0,-157.0,-196.0,-0.08935685828116106,-0.1091314031180401,-8.521739130434783,-2.9696969696969697,0.7808695652173914,-0.08521739130434791,66,20,15,5,0.75,0.30303030303030304,0.531299122381256,67.0,74.9,91.25,4,0,781.991,33.0,1498.0,1531.0,2.0,-31.0,0.0013351134846461949,-0.020248203788373612,-1.55,-0.4696969696969697,0.7655000000000001,-0.01550000000000007,False,False,False
current,book_margin__rv30_over_rv60_le_0p8,choose=book_p_side; book_p_side>=0.6; fee_edge>=-100c; ask<=95; sec>=120; margin_rv15>=0; rv30_over_rv60<=0.8,1,328,90,65,25,0.7222222222222222,0.27439024390243905,0.6220477250293879,66.5,70.21111111111111,75.5,1,0,709.9594999999999,169.0,6319.0,6488.0,181.0,12.0,0.028643772748852665,0.0018495684340320592,0.13333333333333333,0.036585365853658534,0.7208888888888888,0.0013333333333334085,196,58,44,14,0.7586206896551724,0.29591836734693877,0.6347001974698658,67.5,70.63793103448276,78.0,0,0,693.0575,108.0,4097.0,4205.0,303.0,195.0,0.07395655357578716,0.04637336504161712,3.3620689655172415,0.9948979591836735,0.725,0.0336206896551724,66,16,11,5,0.6875,0.24242424242424243,0.44404355834740666,66.0,68.25,68.75,0,0,688.431,31.0,1092.0,1123.0,8.0,-23.0,0.007326007326007326,-0.020480854853072127,-1.4375,-0.3484848484848485,0.701875,-0.014375000000000027,66,16,10,6,0.625,0.24242424242424243,0.38641040545502725,66.5,70.625,73.75,1,0,760.5085,30.0,1130.0,1160.0,-130.0,-160.0,-0.11504424778761062,-0.13793103448275862,-10.0,-2.4242424242424243,0.725,-0.09999999999999998,False,False,False
current,book_margin__rv30_over_rv60_le_1,choose=book_p_side; book_p_side>=0.6; fee_edge>=-100c; ask<=95; sec>=120; margin_rv15>=0; rv30_over_rv60<=1,1,328,234,164,70,0.7008547008547008,0.7134146341463414,0.6393287929771391,64.0,66.94017094017094,69.0,1,0,772.164,455.0,15664.0,16119.0,736.0,281.0,0.04698672114402452,0.01743284322848812,1.2008547008547008,0.8567073170731707,0.6888461538461539,0.012008547008546921,196,144,106,38,0.7361111111111112,0.7346938775510204,0.6586668986763383,64.0,66.51388888888889,68.0,0,0,772.3589999999999,280.0,9578.0,9858.0,1022.0,742.0,0.10670286072248904,0.07526881720430108,5.152777777777778,3.7857142857142856,0.6845833333333332,0.05152777777777795,66,40,26,14,0.65,0.6060606060606061,0.49505880837257693,65.0,67.5,69.25,0,0,771.809,79.0,2700.0,2779.0,-100.0,-179.0,-0.037037037037037035,-0.06441165887009716,-4.475,-2.712121212121212,0.69475,-0.044749999999999956,66,50,32,18,0.64,0.7575757575757576,0.501410168761127,65.0,67.72,69.0,1,0,775.145,96.0,3386.0,3482.0,-186.0,-282.0,-0.05493207324276432,-0.08098793796668581,-5.64,-4.2727272727272725,0.6963999999999999,-0.056399999999999895,False,False,False
current,book_margin__rv30_over_rv60_ge_1,choose=book_p_side; book_p_side>=0.6; fee_edge>=-100c; ask<=95; sec>=120; margin_rv15>=0; rv30_over_rv60>=1,1,328,211,151,60,0.7156398104265402,0.6432926829268293,0.6513396738188243,67.0,70.260663507109,75.0,5,0,776.205,394.0,14825.0,15219.0,275.0,-119.0,0.01854974704890388,-0.007819173401668966,-0.5639810426540285,-0.3628048780487805,0.7212796208530805,-0.00563981042654027,196,121,88,33,0.7272727272727273,0.6173469387755102,0.6418435165775521,67.0,69.67768595041322,74.0,2,0,779.91,228.0,8431.0,8659.0,369.0,141.0,0.043767050171984345,0.016283635523732534,1.165289256198347,0.7193877551020408,0.7156198347107439,0.01165289256198343,66,47,33,14,0.7021276595744681,0.7121212121212122,0.5602232608095392,68.0,70.2127659574468,76.0,1,0,773.382,89.0,3300.0,3389.0,0.0,-89.0,0.0,-0.02626143405134258,-1.8936170212765957,-1.3484848484848484,0.7210638297872342,-0.018936170212766057,66,43,30,13,0.6976744186046512,0.6515151515151515,0.5489463582227039,67.0,71.95348837209302,78.5,2,0,773.909,77.0,3094.0,3171.0,-94.0,-171.0,-0.030381383322559793,-0.05392620624408704,-3.9767441860465116,-2.590909090909091,0.7374418604651163,-0.0397674418604651,False,False,False
current,book_margin__rv30_over_rv60_ge_1p2,choose=book_p_side; book_p_side>=0.6; fee_edge>=-100c; ask<=95; sec>=120; margin_rv15>=0; rv30_over_rv60>=1.2,1,328,56,43,13,0.7678571428571429,0.17073170731707318,0.6423184678498916,68.0,71.82142857142857,78.25,3,0,783.109,102.0,4022.0,4124.0,278.0,176.0,0.06911984087518648,0.04267701260911736,3.142857142857143,0.5365853658536586,0.7364285714285713,0.03142857142857158,196,24,16,8,0.6666666666666666,0.12244897959183673,0.4670631683813174,68.5,71.66666666666667,75.0,1,0,780.9925000000001,44.0,1720.0,1764.0,-120.0,-164.0,-0.06976744186046512,-0.09297052154195011,-6.833333333333333,-0.8367346938775511,0.735,-0.06833333333333336,66,17,14,3,0.8235294117647058,0.25757575757575757,0.5897054143116587,66.0,69.88235294117646,75.0,0,0,776.205,31.0,1188.0,1219.0,212.0,181.0,0.17845117845117844,0.14848236259228875,10.647058823529411,2.742424242424242,0.7170588235294117,0.1064705882352941,66,15,13,2,0.8666666666666667,0.22727272727272727,0.6211801716767764,75.0,74.26666666666667,79.5,2,0,792.314,27.0,1114.0,1141.0,186.0,159.0,0.16696588868940754,0.13935144609991235,10.6,2.409090909090909,0.7606666666666667,0.10599999999999998,False,False,True
current,book_margin__rv15_over_rv60_le_0p8,choose=book_p_side; book_p_side>=0.6; fee_edge>=-100c; ask<=95; sec>=120; margin_rv15>=0; rv15_over_rv60<=0.8,1,328,174,130,44,0.7471264367816092,0.5304878048780488,0.6776834808762241,66.5,69.86206896551724,74.75,2,0,691.262,325.0,12156.0,12481.0,844.0,519.0,0.06943073379401118,0.041583206473840235,2.9827586206896552,1.5823170731707317,0.7172988505747127,0.029827586206896517,196,111,86,25,0.7747747747747747,0.5663265306122449,0.6886323576918694,67.0,69.82882882882883,74.5,1,0,692.983,209.0,7751.0,7960.0,849.0,640.0,0.10953425364469101,0.08040201005025126,5.7657657657657655,3.2653061224489797,0.7171171171171172,0.05765765765765751,66,28,21,7,0.75,0.42424242424242425,0.5664432968100103,66.0,69.21428571428571,71.5,1,0,654.8855,52.0,1938.0,1990.0,162.0,110.0,0.08359133126934984,0.05527638190954774,3.9285714285714284,1.6666666666666667,0.7107142857142857,0.03928571428571426,66,35,23,12,0.6571428571428571,0.5303030303030303,0.4915194951399626,66.0,70.48571428571428,77.5,0,0,712.341,64.0,2467.0,2531.0,-167.0,-231.0,-0.06769355492501013,-0.09126827340971948,-6.6,-3.5,0.7231428571428571,-0.06599999999999995,False,False,False
current,book_margin__rv15_over_rv60_le_1,choose=book_p_side; book_p_side>=0.6; fee_edge>=-100c; ask<=95; sec>=120; margin_rv15>=0; rv15_over_rv60<=1,1,328,267,192,75,0.7191011235955056,0.8140243902439024,0.6623779126976433,65.0,67.19850187265918,69.0,0,0,772.317,520.0,17942.0,18462.0,1258.0,738.0,0.07011481440196188,0.03997400064998375,2.764044943820225,2.25,0.6914606741573034,0.027640449438202208,196,160,116,44,0.725,0.8163265306122449,0.6511504495603382,64.0,66.7875,69.0,0,0,776.1534999999999,312.0,10686.0,10998.0,914.0,602.0,0.08553247239378627,0.054737224949990906,3.7625,3.0714285714285716,0.687375,0.03762500000000002,66,54,42,12,0.7777777777777778,0.8181818181818182,0.6506132834036111,66.0,68.81481481481481,72.0,0,0,739.194,103.0,3716.0,3819.0,484.0,381.0,0.1302475780409042,0.0997643362136685,7.055555555555555,5.7727272727272725,0.7072222222222223,0.07055555555555548,66,53,34,19,0.6415094339622641,0.803030303030303,0.5069114155535945,65.0,66.79245283018868,69.0,0,0,771.816,105.0,3540.0,3645.0,-140.0,-245.0,-0.03954802259887006,-0.06721536351165981,-4.622641509433962,-3.712121212121212,0.6877358490566038,-0.04622641509433967,True,False,False
current,book_margin__rv15_over_rv60_ge_1,choose=book_p_side; book_p_side>=0.6; fee_edge>=-100c; ask<=95; sec>=120; margin_rv15>=0; rv15_over_rv60>=1,1,328,196,132,64,0.673469387755102,0.5975609756097561,0.6050325265576153,68.0,70.8265306122449,76.25,8,0,772.9765,358.0,13882.0,14240.0,-682.0,-1040.0,-0.0491283676703645,-0.07303370786516854,-5.3061224489795915,-3.1707317073170733,0.7265306122448978,-0.05306122448979578,196,110,73,37,0.6636363636363637,0.5612244897959183,0.5711495969124046,67.0,69.54545454545455,73.75,2,0,771.7825,205.0,7650.0,7855.0,-350.0,-555.0,-0.0457516339869281,-0.07065563335455124,-5.045454545454546,-2.8316326530612246,0.7140909090909092,-0.05045454545454553,66,45,32,13,0.7111111111111111,0.6818181818181818,0.5663145942523843,69.0,73.62222222222222,82.0,3,0,755.691,79.0,3313.0,3392.0,-113.0,-192.0,-0.034108059160881374,-0.05660377358490566,-4.266666666666667,-2.909090909090909,0.7537777777777778,-0.04266666666666663,66,41,27,14,0.6585365853658537,0.6212121212121212,0.5054983651982969,66.0,71.1951219512195,79.0,3,0,792.314,74.0,2919.0,2993.0,-219.0,-293.0,-0.0750256937307297,-0.0978950885399265,-7.146341463414634,-4.4393939393939394,0.7300000000000001,-0.0714634146341464,False,False,False
current,book_margin__rv15_over_rv60_ge_1p2,choose=book_p_side; book_p_side>=0.6; fee_edge>=-100c; ask<=95; sec>=120; margin_rv15>=0; rv15_over_rv60>=1.2,1,328,96,69,27,0.71875,0.2926829268292683,0.6217410386959606,69.0,73.16666666666667,80.25,7,0,774.7895,170.0,7024.0,7194.0,-124.0,-294.0,-0.01765375854214123,-0.0408673894912427,-3.0625,-0.8963414634146342,0.749375,-0.030625000000000013,196,55,39,16,0.7090909090909091,0.28061224489795916,0.5785927950724502,69.0,72.8,79.0,4,0,775.266,98.0,4004.0,4102.0,-104.0,-202.0,-0.025974025974025976,-0.0492442710872745,-3.672727272727273,-1.030612244897959,0.7458181818181818,-0.03672727272727272,66,23,16,7,0.6956521739130435,0.3484848484848485,0.49134243731240795,69.0,71.8695652173913,76.5,1,0,773.382,43.0,1653.0,1696.0,-53.0,-96.0,-0.03206291591046582,-0.05660377358490566,-4.173913043478261,-1.4545454545454546,0.737391304347826,-0.0417391304347825,66,18,14,4,0.7777777777777778,0.2727272727272727,0.5478541568378738,70.0,75.94444444444444,91.0,2,0,794.5374999999999,29.0,1367.0,1396.0,33.0,4.0,0.024140453547915143,0.0028653295128939827,0.2222222222222222,0.06060606060606061,0.7755555555555556,0.0022222222222222365,False,False,False
current,book_margin__rv15_minus_rv30_le_m10,choose=book_p_side; book_p_side>=0.6; fee_edge>=-100c; ask<=95; sec>=120; margin_rv15>=0; rv15_minus_rv30<=-10,1,328,153,117,36,0.7647058823529411,0.46646341463414637,0.6915216339127415,66.0,69.41830065359477,74.0,3,0,728.689,288.0,10621.0,10909.0,1079.0,791.0,0.10159118727050184,0.07250893757447979,5.169934640522876,2.4115853658536586,0.7130065359477125,0.05169934640522866,196,88,71,17,0.8068181818181818,0.4489795918367347,0.7122293318676105,66.0,69.18181818181819,73.25,1,0,743.6320000000001,166.0,6088.0,6254.0,1012.0,846.0,0.1662286465177398,0.13527342500799489,9.613636363636363,4.316326530612245,0.7106818181818181,0.09613636363636369,66,24,19,5,0.7916666666666666,0.36363636363636365,0.5952954674681135,66.5,70.0,72.5,1,0,765.8175,44.0,1680.0,1724.0,220.0,176.0,0.13095238095238096,0.10208816705336426,7.333333333333333,2.6666666666666665,0.7183333333333334,0.07333333333333325,66,41,27,14,0.6585365853658537,0.6212121212121212,0.5054983651982969,66.0,69.58536585365853,75.0,1,0,717.178,78.0,2853.0,2931.0,-153.0,-231.0,-0.05362776025236593,-0.07881269191402251,-5.634146341463414,-3.5,0.7148780487804879,-0.056341463414634196,False,False,False
current,book_margin__rv15_minus_rv30_le_0,choose=book_p_side; book_p_side>=0.6; fee_edge>=-100c; ask<=95; sec>=120; margin_rv15>=0; rv15_minus_rv30<=0,1,328,265,193,72,0.7283018867924528,0.8079268292682927,0.6717657633792155,65.0,68.82641509433962,72.0,3,0,758.206,501.0,18239.0,18740.0,1061.0,560.0,0.05817204890619003,0.029882604055496264,2.1132075471698113,1.7073170731707317,0.7071698113207547,0.021132075471698042,196,161,119,42,0.7391304347826086,0.8214285714285714,0.6662937459643552,65.0,68.71428571428571,71.0,2,0,765.325,302.0,11063.0,11365.0,837.0,535.0,0.07565759739672784,0.047074351077870655,3.3229813664596275,2.729591836734694,0.7059006211180124,0.03322981366459621,66,51,39,12,0.7647058823529411,0.7727272727272727,0.632377748398347,66.0,69.05882352941177,74.5,0,0,742.278,97.0,3522.0,3619.0,378.0,281.0,0.10732538330494037,0.07764575849682233,5.509803921568627,4.257575757575758,0.709607843137255,0.05509803921568612,66,53,35,18,0.660377358490566,0.803030303030303,0.525947866375483,65.0,68.94339622641509,74.0,1,0,733.366,102.0,3654.0,3756.0,-154.0,-256.0,-0.0421455938697318,-0.06815761448349308,-4.830188679245283,-3.878787878787879,0.7086792452830191,-0.048301886792453064,False,False,False
current,book_margin__rv15_minus_rv30_ge_0,choose=book_p_side; book_p_side>=0.6; fee_edge>=-100c; ask<=95; sec>=120; margin_rv15>=0; rv15_minus_rv30>=0,1,328,246,174,72,0.7073170731707317,0.75,0.6476209650734516,68.0,70.66260162601625,78.0,3,0,770.2284999999999,456.0,17383.0,17839.0,17.0,-439.0,0.0009779669792325835,-0.024609002746790738,-1.7845528455284554,-1.3384146341463414,0.7251626016260164,-0.017845528455284754,196,147,105,42,0.7142857142857143,0.75,0.6365298438074001,67.0,70.38095238095238,78.0,2,0,766.215,272.0,10346.0,10618.0,154.0,-118.0,0.014884979702300407,-0.011113203993219061,-0.8027210884353742,-0.6020408163265306,0.7223129251700681,-0.008027210884353764,66,50,37,13,0.74,0.7575757575757576,0.6044684273515116,68.0,71.06,76.75,0,0,754.158,93.0,3553.0,3646.0,147.0,54.0,0.04137348719392063,0.014810751508502468,1.08,0.8181818181818182,0.7292000000000001,0.01079999999999992,66,49,32,17,0.6530612244897959,0.7424242424242424,0.5131119428697273,68.0,71.10204081632654,78.0,1,0,822.12,91.0,3484.0,3575.0,-284.0,-375.0,-0.08151549942594719,-0.1048951048951049,-7.653061224489796,-5.681818181818182,0.7295918367346939,-0.07653061224489799,False,False,False
current,book_margin__rv15_minus_rv30_ge_10,choose=book_p_side; book_p_side>=0.6; fee_edge>=-100c; ask<=95; sec>=120; margin_rv15>=0; rv15_minus_rv30>=10,1,328,124,83,41,0.6693548387096774,0.3780487804878049,0.5825577946350449,68.0,71.95967741935483,79.0,6,0,772.1195,226.0,8923.0,9149.0,-623.0,-849.0,-0.06981956741006388,-0.09279702699748607,-6.846774193548387,-2.5884146341463414,0.7378225806451613,-0.06846774193548388,196,66,48,18,0.7272727272727273,0.336734693877551,0.6095777422224589,68.0,71.46969696969697,78.75,4,0,731.826,119.0,4717.0,4836.0,83.0,-36.0,0.017595929616281536,-0.007444168734491315,-0.5454545454545454,-0.1836734693877551,0.7327272727272727,-0.005454545454545379,66,19,12,7,0.631578947368421,0.2878787878787879,0.41039533164803066,69.0,71.15789473684211,75.0,0,0,819.258,36.0,1352.0,1388.0,-152.0,-188.0,-0.11242603550295859,-0.13544668587896252,-9.894736842105264,-2.8484848484848486,0.7305263157894736,-0.09894736842105256,66,39,23,16,0.5897435897435898,0.5909090909090909,0.4341862288289697,68.0,73.17948717948718,79.5,2,0,804.79,71.0,2854.0,2925.0,-554.0,-625.0,-0.1941135248773651,-0.21367521367521367,-16.025641025641026,-9.469696969696969,0.7499999999999999,-0.16025641025641013,False,False,False
current,book_margin__rv15_over_rv30_le_1__rv30_over_rv60_le_1,choose=book_p_side; book_p_side>=0.6; fee_edge>=-100c; ask<=95; sec>=120; margin_rv15>=0; rv15_over_rv30<=1; rv30_over_rv60<=1,2,328,179,134,45,0.7486033519553073,0.5457317073170732,0.6802831410290511,65.0,69.53072625698324,73.5,3,0,700.641,331.0,12446.0,12777.0,954.0,623.0,0.07665113289410252,0.04875948970806919,3.4804469273743015,1.899390243902439,0.7137988826815641,0.034804469273743144,196,113,88,25,0.7787610619469026,0.576530612244898,0.6937769497876131,65.0,69.64601769911505,73.0,2,0,700.641,207.0,7870.0,8077.0,930.0,723.0,0.1181702668360864,0.08951343320539805,6.398230088495575,3.688775510204082,0.714778761061947,0.0639823008849556,66,28,21,7,0.75,0.42424242424242425,0.5664432968100103,66.0,69.60714285714286,75.25,0,0,708.8050000000001,54.0,1949.0,2003.0,151.0,97.0,0.07747562852744998,0.048427358961557664,3.4642857142857144,1.4696969696969697,0.7153571428571429,0.034642857142857086,66,38,25,13,0.6578947368421053,0.5757575757575758,0.49892103551783085,65.0,69.13157894736842,71.75,1,0,676.767,70.0,2627.0,2697.0,-127.0,-197.0,-0.048344118766653975,-0.07304412309974045,-5.184210526315789,-2.984848484848485,0.7097368421052631,-0.0518421052631578,False,False,False
current,book_margin__rv15_over_rv30_ge_1__rv30_over_rv60_ge_1,choose=book_p_side; book_p_side>=0.6; fee_edge>=-100c; ask<=95; sec>=120; margin_rv15>=0; rv15_over_rv30>=1; rv30_over_rv60>=1,2,328,130,99,31,0.7615384615384615,0.39634146341463417,0.681447575620172,72.0,74.76923076923077,84.75,8,0,736.2594999999999,223.0,9720.0,9943.0,180.0,-43.0,0.018518518518518517,-0.004324650507895001,-0.33076923076923076,-0.13109756097560976,0.764846153846154,-0.003307692307692456,196,71,54,17,0.7605633802816901,0.3622448979591837,0.6495877914390639,70.0,74.11267605633803,83.0,4,0,766.278,123.0,5262.0,5385.0,138.0,15.0,0.026225769669327253,0.002785515320334262,0.2112676056338028,0.07653061224489796,0.7584507042253523,0.0021126760563378033,66,32,24,8,0.75,0.48484848484848486,0.5789344100575552,75.0,75.34375,82.25,1,0,714.908,56.0,2411.0,2467.0,-11.0,-67.0,-0.004562422231439237,-0.027158492095662748,-2.09375,-1.0151515151515151,0.7709375,-0.020937500000000053,66,27,21,6,0.7777777777777778,0.4090909090909091,0.5924307113336742,73.0,75.81481481481481,88.5,3,0,727.384,44.0,2047.0,2091.0,53.0,9.0,0.025891548607718612,0.00430416068866571,0.3333333333333333,0.13636363636363635,0.7744444444444443,0.0033333333333335213,False,False,False
current,book_margin__rv15_over_rv30_le_0p8__rv_sigma_t_15m_le_100,choose=book_p_side; book_p_side>=0.6; fee_edge>=-100c; ask<=95; sec>=120; margin_rv15>=0; rv15_over_rv30<=0.8; rv_sigma_t_15m<=100,2,328,130,105,25,0.8076923076923077,0.39634146341463417,0.7315106779958248,68.0,71.67692307692307,77.75,3,0,596.026,233.0,9318.0,9551.0,1182.0,949.0,0.12685125563425628,0.09936132342163125,7.3,2.893292682926829,0.7346923076923076,0.07300000000000006,196,82,67,15,0.8170731707317073,0.41836734693877553,0.7198781157085606,68.0,71.10975609756098,77.0,1,0,587.0925,149.0,5831.0,5980.0,869.0,720.0,0.1490310409878237,0.12040133779264214,8.78048780487805,3.673469387755102,0.7292682926829268,0.08780487804878045,66,28,22,6,0.7857142857142857,0.42424242424242425,0.6046141434627813,67.0,71.57142857142857,74.25,2,0,674.258,50.0,2004.0,2054.0,196.0,146.0,0.09780439121756487,0.07108081791626096,5.214285714285714,2.212121212121212,0.7335714285714287,0.052142857142857046,66,20,16,4,0.8,0.30303030303030304,0.5839825677481064,73.5,74.15,83.0,0,0,506.032,34.0,1483.0,1517.0,117.0,83.0,0.07889413351314903,0.05471324983520105,4.15,1.2575757575757576,0.7585000000000001,0.04149999999999998,False,True,True
current,book_margin__rv15_over_rv30_ge_1p2__rv_sigma_t_15m_ge_75,choose=book_p_side; book_p_side>=0.6; fee_edge>=-100c; ask<=95; sec>=120; margin_rv15>=0; rv15_over_rv30>=1.2; rv_sigma_t_15m>=75,2,328,57,45,12,0.7894736842105263,0.17378048780487804,0.6671387891680949,67.0,72.17543859649123,79.0,6,0,773.382,103.0,4114.0,4217.0,386.0,283.0,0.09382596013612056,0.06710931942138962,4.964912280701754,0.8628048780487805,0.7398245614035088,0.0496491228070175,196,24,20,4,0.8333333333333334,0.12244897959183673,0.6414692935030094,67.0,69.875,72.0,2,0,781.292,46.0,1677.0,1723.0,323.0,277.0,0.19260584376863446,0.1607661056297156,11.541666666666666,1.413265306122449,0.7179166666666665,0.11541666666666683,66,14,11,3,0.7857142857142857,0.21212121212121213,0.524107694133997,72.0,73.5,81.0,0,0,769.8205,25.0,1029.0,1054.0,71.0,46.0,0.06899902818270165,0.04364326375711575,3.2857142857142856,0.696969696969697,0.7528571428571428,0.03285714285714292,66,19,14,5,0.7368421052631579,0.2878787878787879,0.5120844910218489,67.0,74.10526315789474,91.5,4,0,792.314,32.0,1408.0,1440.0,-8.0,-40.0,-0.005681818181818182,-0.027777777777777776,-2.1052631578947367,-0.6060606060606061,0.7578947368421055,-0.021052631578947656,False,False,False
current,book_edge_m5,choose=book_p_side; book_p_side>=0.6; fee_edge>=-5c; ask<=95; sec>=120; margin_rv15>=0,0,328,326,229,97,0.7024539877300614,0.9939024390243902,0.650701830192196,64.0,65.74539877300613,68.0,0,0,818.6895,649.0,21433.0,22082.0,1467.0,818.0,0.06844585452339849,0.037043746037496605,2.5092024539877302,2.4939024390243905,0.677361963190184,0.025092024539877356,196,194,138,56,0.711340206185567,0.9897959183673469,0.6439610153449159,63.0,65.04639175257732,67.0,0,0,816.4894999999999,387.0,12619.0,13006.0,1181.0,794.0,0.09358903241144306,0.06104874673227741,4.092783505154639,4.051020408163265,0.6704123711340206,0.0409278350515464,66,66,46,20,0.696969696969697,1.0,0.5778119305445574,65.0,66.77272727272727,69.0,0,0,815.931,131.0,4407.0,4538.0,193.0,62.0,0.04379396414794645,0.013662406346408109,0.9393939393939394,0.9393939393939394,0.6875757575757576,0.009393939393939399,66,66,45,21,0.6818181818181818,1.0,0.5621255011195574,65.0,66.77272727272727,69.0,0,0,825.7405,131.0,4407.0,4538.0,93.0,-38.0,0.02110279101429544,-0.008373732921992068,-0.5757575757575758,-0.5757575757575758,0.6875757575757575,-0.005757575757575739,True,False,False
current,book_edge_m5__rv15_over_rv30_le_0p8,choose=book_p_side; book_p_side>=0.6; fee_edge>=-5c; ask<=95; sec>=120; margin_rv15>=0; rv15_over_rv30<=0.8,1,328,144,111,33,0.7708333333333334,0.43902439024390244,0.6956821192796613,68.0,71.02083333333333,75.25,4,0,660.499,263.0,10227.0,10490.0,873.0,610.0,0.08536227632736873,0.058150619637750235,4.236111111111111,1.8597560975609757,0.7284722222222223,0.04236111111111107,196,87,70,17,0.8045977011494253,0.44387755102040816,0.7091678634827149,68.0,71.27586206896552,77.0,2,0,598.592,158.0,6201.0,6359.0,799.0,641.0,0.12885018545395904,0.10080201289510929,7.367816091954023,3.270408163265306,0.7309195402298851,0.07367816091954016,66,28,22,6,0.7857142857142857,0.42424242424242425,0.6046141434627813,67.0,71.57142857142857,74.25,2,0,674.258,50.0,2004.0,2054.0,196.0,146.0,0.09780439121756487,0.07108081791626096,5.214285714285714,2.212121212121212,0.7335714285714287,0.052142857142857046,66,29,19,10,0.6551724137931034,0.4393939393939394,0.4734510409047614,68.0,69.72413793103448,75.0,0,0,712.341,55.0,2022.0,2077.0,-122.0,-177.0,-0.06033630069238378,-0.08521906596051998,-6.103448275862069,-2.6818181818181817,0.7162068965517241,-0.06103448275862067,False,False,False
current,book_edge_m5__rv15_over_rv30_le_1,choose=book_p_side; book_p_side>=0.6; fee_edge>=-5c; ask<=95; sec>=120; margin_rv15>=0; rv15_over_rv30<=1,1,328,265,193,72,0.7283018867924528,0.8079268292682927,0.6717657633792155,65.0,68.82641509433962,72.0,3,0,758.206,501.0,18239.0,18740.0,1061.0,560.0,0.05817204890619003,0.029882604055496264,2.1132075471698113,1.7073170731707317,0.7071698113207547,0.021132075471698042,196,161,119,42,0.7391304347826086,0.8214285714285714,0.6662937459643552,65.0,68.71428571428571,71.0,2,0,765.325,302.0,11063.0,11365.0,837.0,535.0,0.07565759739672784,0.047074351077870655,3.3229813664596275,2.729591836734694,0.7059006211180124,0.03322981366459621,66,51,39,12,0.7647058823529411,0.7727272727272727,0.632377748398347,66.0,69.05882352941177,74.5,0,0,742.278,97.0,3522.0,3619.0,378.0,281.0,0.10732538330494037,0.07764575849682233,5.509803921568627,4.257575757575758,0.709607843137255,0.05509803921568612,66,53,35,18,0.660377358490566,0.803030303030303,0.525947866375483,65.0,68.94339622641509,74.0,1,0,733.366,102.0,3654.0,3756.0,-154.0,-256.0,-0.0421455938697318,-0.06815761448349308,-4.830188679245283,-3.878787878787879,0.7086792452830191,-0.048301886792453064,False,False,False
current,book_edge_m5__rv15_over_rv30_le_1p2,choose=book_p_side; book_p_side>=0.6; fee_edge>=-5c; ask<=95; sec>=120; margin_rv15>=0; rv15_over_rv30<=1.2,1,328,319,224,95,0.7021943573667712,0.9725609756097561,0.6498479397394757,64.0,66.40752351097179,68.0,0,0,807.149,627.0,21184.0,21811.0,1216.0,589.0,0.05740181268882175,0.02700472238778598,1.8463949843260188,1.795731707317073,0.6837304075235109,0.018463949843260274,196,192,135,57,0.703125,0.9795918367346939,0.6350287007411195,64.0,65.86979166666667,68.0,0,0,800.425,378.0,12647.0,13025.0,853.0,475.0,0.06744682533407133,0.036468330134357005,2.4739583333333335,2.423469387755102,0.6783854166666666,0.02473958333333337,66,63,44,19,0.6984126984126984,0.9545454545454546,0.5763962768644041,65.0,67.0952380952381,69.0,0,0,810.737,123.0,4227.0,4350.0,173.0,50.0,0.040927371658386565,0.011494252873563218,0.7936507936507936,0.7575757575757576,0.6904761904761906,0.007936507936507797,66,64,45,19,0.703125,0.9696969696969697,0.5822979889645707,65.0,67.34375,70.5,0,0,819.4,126.0,4310.0,4436.0,190.0,64.0,0.04408352668213457,0.014427412082957619,1.0,0.9696969696969697,0.693125,0.010000000000000009,True,True,True
current,book_edge_m5__rv15_over_rv30_ge_0p8,choose=book_p_side; book_p_side>=0.6; fee_edge>=-5c; ask<=95; sec>=120; margin_rv15>=0; rv15_over_rv30>=0.8,1,328,312,219,93,0.7019230769230769,0.9512195121951219,0.6489619133522831,64.0,67.55448717948718,69.25,2,0,799.781,603.0,21077.0,21680.0,823.0,220.0,0.039047302747070266,0.01014760147601476,0.7051282051282052,0.6707317073170732,0.694871794871795,0.007051282051281915,196,187,134,53,0.7165775401069518,0.9540816326530612,0.6481313812869184,64.0,66.9572192513369,69.0,0,0,800.029,363.0,12521.0,12884.0,879.0,516.0,0.07020206053829567,0.04004967401428128,2.7593582887700534,2.63265306122449,0.6889839572192512,0.02759358288770064,66,63,44,19,0.6984126984126984,0.9545454545454546,0.5763962768644041,66.0,68.38095238095238,72.0,0,0,773.575,122.0,4308.0,4430.0,92.0,-30.0,0.02135561745589601,-0.006772009029345372,-0.47619047619047616,-0.45454545454545453,0.7031746031746032,-0.004761904761904856,66,62,41,21,0.6612903225806451,0.9393939393939394,0.5371769954935818,65.0,68.51612903225806,69.0,2,0,811.9994999999999,118.0,4248.0,4366.0,-148.0,-266.0,-0.03483992467043315,-0.06092533211177279,-4.290322580645161,-4.03030303030303,0.7041935483870968,-0.04290322580645167,True,False,False
current,book_edge_m5__rv15_over_rv30_ge_1,choose=book_p_side; book_p_side>=0.6; fee_edge>=-5c; ask<=95; sec>=120; margin_rv15>=0; rv15_over_rv30>=1,1,328,246,174,72,0.7073170731707317,0.75,0.6476209650734516,68.0,70.66260162601625,78.0,3,0,770.2284999999999,456.0,17383.0,17839.0,17.0,-439.0,0.0009779669792325835,-0.024609002746790738,-1.7845528455284554,-1.3384146341463414,0.7251626016260164,-0.017845528455284754,196,147,105,42,0.7142857142857143,0.75,0.6365298438074001,67.0,70.38095238095238,78.0,2,0,766.215,272.0,10346.0,10618.0,154.0,-118.0,0.014884979702300407,-0.011113203993219061,-0.8027210884353742,-0.6020408163265306,0.7223129251700681,-0.008027210884353764,66,50,37,13,0.74,0.7575757575757576,0.6044684273515116,68.0,71.06,76.75,0,0,754.158,93.0,3553.0,3646.0,147.0,54.0,0.04137348719392063,0.014810751508502468,1.08,0.8181818181818182,0.7292000000000001,0.01079999999999992,66,49,32,17,0.6530612244897959,0.7424242424242424,0.5131119428697273,68.0,71.10204081632654,78.0,1,0,822.12,91.0,3484.0,3575.0,-284.0,-375.0,-0.08151549942594719,-0.1048951048951049,-7.653061224489796,-5.681818181818182,0.7295918367346939,-0.07653061224489799,False,False,False
current,book_edge_m5__rv15_over_rv30_ge_1p2,choose=book_p_side; book_p_side>=0.6; fee_edge>=-5c; ask<=95; sec>=120; margin_rv15>=0; rv15_over_rv30>=1.2,1,328,92,65,27,0.7065217391304348,0.2804878048780488,0.6067052889274724,71.5,75.25,86.75,9,0,712.5525,155.0,6923.0,7078.0,-423.0,-578.0,-0.061100678896432184,-0.08166148629556372,-6.282608695652174,-1.7621951219512195,0.7693478260869565,-0.0628260869565217,196,49,34,15,0.6938775510204082,0.25,0.5547210644108935,70.0,74.85714285714286,83.0,5,0,704.938,83.0,3668.0,3751.0,-268.0,-351.0,-0.07306434023991276,-0.09357504665422554,-7.163265306122449,-1.7908163265306123,0.7655102040816327,-0.07163265306122457,66,23,16,7,0.6956521739130435,0.3484848484848485,0.49134243731240795,75.0,76.3913043478261,85.5,0,0,713.743,39.0,1757.0,1796.0,-157.0,-196.0,-0.08935685828116106,-0.1091314031180401,-8.521739130434783,-2.9696969696969697,0.7808695652173914,-0.08521739130434791,66,20,15,5,0.75,0.30303030303030304,0.531299122381256,67.0,74.9,91.25,4,0,781.991,33.0,1498.0,1531.0,2.0,-31.0,0.0013351134846461949,-0.020248203788373612,-1.55,-0.4696969696969697,0.7655000000000001,-0.01550000000000007,False,False,False
current,book_edge_m5__rv30_over_rv60_le_0p8,choose=book_p_side; book_p_side>=0.6; fee_edge>=-5c; ask<=95; sec>=120; margin_rv15>=0; rv30_over_rv60<=0.8,1,328,90,65,25,0.7222222222222222,0.27439024390243905,0.6220477250293879,66.5,70.21111111111111,75.5,1,0,709.9594999999999,169.0,6319.0,6488.0,181.0,12.0,0.028643772748852665,0.0018495684340320592,0.13333333333333333,0.036585365853658534,0.7208888888888888,0.0013333333333334085,196,58,44,14,0.7586206896551724,0.29591836734693877,0.6347001974698658,67.5,70.63793103448276,78.0,0,0,693.0575,108.0,4097.0,4205.0,303.0,195.0,0.07395655357578716,0.04637336504161712,3.3620689655172415,0.9948979591836735,0.725,0.0336206896551724,66,16,11,5,0.6875,0.24242424242424243,0.44404355834740666,66.0,68.25,68.75,0,0,688.431,31.0,1092.0,1123.0,8.0,-23.0,0.007326007326007326,-0.020480854853072127,-1.4375,-0.3484848484848485,0.701875,-0.014375000000000027,66,16,10,6,0.625,0.24242424242424243,0.38641040545502725,66.5,70.625,73.75,1,0,760.5085,30.0,1130.0,1160.0,-130.0,-160.0,-0.11504424778761062,-0.13793103448275862,-10.0,-2.4242424242424243,0.725,-0.09999999999999998,False,False,False
current,book_edge_m5__rv30_over_rv60_le_1,choose=book_p_side; book_p_side>=0.6; fee_edge>=-5c; ask<=95; sec>=120; margin_rv15>=0; rv30_over_rv60<=1,1,328,234,164,70,0.7008547008547008,0.7134146341463414,0.6393287929771391,64.0,66.94017094017094,69.0,1,0,772.164,455.0,15664.0,16119.0,736.0,281.0,0.04698672114402452,0.01743284322848812,1.2008547008547008,0.8567073170731707,0.6888461538461539,0.012008547008546921,196,144,106,38,0.7361111111111112,0.7346938775510204,0.6586668986763383,64.0,66.51388888888889,68.0,0,0,772.3589999999999,280.0,9578.0,9858.0,1022.0,742.0,0.10670286072248904,0.07526881720430108,5.152777777777778,3.7857142857142856,0.6845833333333332,0.05152777777777795,66,40,26,14,0.65,0.6060606060606061,0.49505880837257693,65.0,67.5,69.25,0,0,771.809,79.0,2700.0,2779.0,-100.0,-179.0,-0.037037037037037035,-0.06441165887009716,-4.475,-2.712121212121212,0.69475,-0.044749999999999956,66,50,32,18,0.64,0.7575757575757576,0.501410168761127,65.0,67.72,69.0,1,0,775.145,96.0,3386.0,3482.0,-186.0,-282.0,-0.05493207324276432,-0.08098793796668581,-5.64,-4.2727272727272725,0.6963999999999999,-0.056399999999999895,False,False,False
current,book_edge_m5__rv30_over_rv60_ge_1,choose=book_p_side; book_p_side>=0.6; fee_edge>=-5c; ask<=95; sec>=120; margin_rv15>=0; rv30_over_rv60>=1,1,328,211,151,60,0.7156398104265402,0.6432926829268293,0.6513396738188243,67.0,70.260663507109,75.0,5,0,776.205,394.0,14825.0,15219.0,275.0,-119.0,0.01854974704890388,-0.007819173401668966,-0.5639810426540285,-0.3628048780487805,0.7212796208530805,-0.00563981042654027,196,121,88,33,0.7272727272727273,0.6173469387755102,0.6418435165775521,67.0,69.67768595041322,74.0,2,0,779.91,228.0,8431.0,8659.0,369.0,141.0,0.043767050171984345,0.016283635523732534,1.165289256198347,0.7193877551020408,0.7156198347107439,0.01165289256198343,66,47,33,14,0.7021276595744681,0.7121212121212122,0.5602232608095392,68.0,70.2127659574468,76.0,1,0,773.382,89.0,3300.0,3389.0,0.0,-89.0,0.0,-0.02626143405134258,-1.8936170212765957,-1.3484848484848484,0.7210638297872342,-0.018936170212766057,66,43,30,13,0.6976744186046512,0.6515151515151515,0.5489463582227039,67.0,71.95348837209302,78.5,2,0,773.909,77.0,3094.0,3171.0,-94.0,-171.0,-0.030381383322559793,-0.05392620624408704,-3.9767441860465116,-2.590909090909091,0.7374418604651163,-0.0397674418604651,False,False,False
current,book_edge_m5__rv30_over_rv60_ge_1p2,choose=book_p_side; book_p_side>=0.6; fee_edge>=-5c; ask<=95; sec>=120; margin_rv15>=0; rv30_over_rv60>=1.2,1,328,56,43,13,0.7678571428571429,0.17073170731707318,0.6423184678498916,68.0,71.82142857142857,78.25,3,0,783.109,102.0,4022.0,4124.0,278.0,176.0,0.06911984087518648,0.04267701260911736,3.142857142857143,0.5365853658536586,0.7364285714285713,0.03142857142857158,196,24,16,8,0.6666666666666666,0.12244897959183673,0.4670631683813174,68.5,71.66666666666667,75.0,1,0,780.9925000000001,44.0,1720.0,1764.0,-120.0,-164.0,-0.06976744186046512,-0.09297052154195011,-6.833333333333333,-0.8367346938775511,0.735,-0.06833333333333336,66,17,14,3,0.8235294117647058,0.25757575757575757,0.5897054143116587,66.0,69.88235294117646,75.0,0,0,776.205,31.0,1188.0,1219.0,212.0,181.0,0.17845117845117844,0.14848236259228875,10.647058823529411,2.742424242424242,0.7170588235294117,0.1064705882352941,66,15,13,2,0.8666666666666667,0.22727272727272727,0.6211801716767764,75.0,74.26666666666667,79.5,2,0,792.314,27.0,1114.0,1141.0,186.0,159.0,0.16696588868940754,0.13935144609991235,10.6,2.409090909090909,0.7606666666666667,0.10599999999999998,False,False,True
current,book_edge_m5__rv15_over_rv60_le_0p8,choose=book_p_side; book_p_side>=0.6; fee_edge>=-5c; ask<=95; sec>=120; margin_rv15>=0; rv15_over_rv60<=0.8,1,328,174,130,44,0.7471264367816092,0.5304878048780488,0.6776834808762241,66.5,69.86206896551724,74.75,2,0,691.262,325.0,12156.0,12481.0,844.0,519.0,0.06943073379401118,0.041583206473840235,2.9827586206896552,1.5823170731707317,0.7172988505747127,0.029827586206896517,196,111,86,25,0.7747747747747747,0.5663265306122449,0.6886323576918694,67.0,69.82882882882883,74.5,1,0,692.983,209.0,7751.0,7960.0,849.0,640.0,0.10953425364469101,0.08040201005025126,5.7657657657657655,3.2653061224489797,0.7171171171171172,0.05765765765765751,66,28,21,7,0.75,0.42424242424242425,0.5664432968100103,66.0,69.21428571428571,71.5,1,0,654.8855,52.0,1938.0,1990.0,162.0,110.0,0.08359133126934984,0.05527638190954774,3.9285714285714284,1.6666666666666667,0.7107142857142857,0.03928571428571426,66,35,23,12,0.6571428571428571,0.5303030303030303,0.4915194951399626,66.0,70.48571428571428,77.5,0,0,712.341,64.0,2467.0,2531.0,-167.0,-231.0,-0.06769355492501013,-0.09126827340971948,-6.6,-3.5,0.7231428571428571,-0.06599999999999995,False,False,False
current,book_edge_m5__rv15_over_rv60_le_1,choose=book_p_side; book_p_side>=0.6; fee_edge>=-5c; ask<=95; sec>=120; margin_rv15>=0; rv15_over_rv60<=1,1,328,267,192,75,0.7191011235955056,0.8140243902439024,0.6623779126976433,65.0,67.19850187265918,69.0,0,0,772.317,520.0,17942.0,18462.0,1258.0,738.0,0.07011481440196188,0.03997400064998375,2.764044943820225,2.25,0.6914606741573034,0.027640449438202208,196,160,116,44,0.725,0.8163265306122449,0.6511504495603382,64.0,66.7875,69.0,0,0,776.1534999999999,312.0,10686.0,10998.0,914.0,602.0,0.08553247239378627,0.054737224949990906,3.7625,3.0714285714285716,0.687375,0.03762500000000002,66,54,42,12,0.7777777777777778,0.8181818181818182,0.6506132834036111,66.0,68.81481481481481,72.0,0,0,739.194,103.0,3716.0,3819.0,484.0,381.0,0.1302475780409042,0.0997643362136685,7.055555555555555,5.7727272727272725,0.7072222222222223,0.07055555555555548,66,53,34,19,0.6415094339622641,0.803030303030303,0.5069114155535945,65.0,66.79245283018868,69.0,0,0,771.816,105.0,3540.0,3645.0,-140.0,-245.0,-0.03954802259887006,-0.06721536351165981,-4.622641509433962,-3.712121212121212,0.6877358490566038,-0.04622641509433967,True,False,False
current,book_edge_m5__rv15_over_rv60_ge_1,choose=book_p_side; book_p_side>=0.6; fee_edge>=-5c; ask<=95; sec>=120; margin_rv15>=0; rv15_over_rv60>=1,1,328,196,132,64,0.673469387755102,0.5975609756097561,0.6050325265576153,68.0,70.8265306122449,76.25,8,0,772.9765,358.0,13882.0,14240.0,-682.0,-1040.0,-0.0491283676703645,-0.07303370786516854,-5.3061224489795915,-3.1707317073170733,0.7265306122448978,-0.05306122448979578,196,110,73,37,0.6636363636363637,0.5612244897959183,0.5711495969124046,67.0,69.54545454545455,73.75,2,0,771.7825,205.0,7650.0,7855.0,-350.0,-555.0,-0.0457516339869281,-0.07065563335455124,-5.045454545454546,-2.8316326530612246,0.7140909090909092,-0.05045454545454553,66,45,32,13,0.7111111111111111,0.6818181818181818,0.5663145942523843,69.0,73.62222222222222,82.0,3,0,755.691,79.0,3313.0,3392.0,-113.0,-192.0,-0.034108059160881374,-0.05660377358490566,-4.266666666666667,-2.909090909090909,0.7537777777777778,-0.04266666666666663,66,41,27,14,0.6585365853658537,0.6212121212121212,0.5054983651982969,66.0,71.1951219512195,79.0,3,0,792.314,74.0,2919.0,2993.0,-219.0,-293.0,-0.0750256937307297,-0.0978950885399265,-7.146341463414634,-4.4393939393939394,0.7300000000000001,-0.0714634146341464,False,False,False
current,book_edge_m5__rv15_over_rv60_ge_1p2,choose=book_p_side; book_p_side>=0.6; fee_edge>=-5c; ask<=95; sec>=120; margin_rv15>=0; rv15_over_rv60>=1.2,1,328,96,69,27,0.71875,0.2926829268292683,0.6217410386959606,69.0,73.16666666666667,80.25,7,0,774.7895,170.0,7024.0,7194.0,-124.0,-294.0,-0.01765375854214123,-0.0408673894912427,-3.0625,-0.8963414634146342,0.749375,-0.030625000000000013,196,55,39,16,0.7090909090909091,0.28061224489795916,0.5785927950724502,69.0,72.8,79.0,4,0,775.266,98.0,4004.0,4102.0,-104.0,-202.0,-0.025974025974025976,-0.0492442710872745,-3.672727272727273,-1.030612244897959,0.7458181818181818,-0.03672727272727272,66,23,16,7,0.6956521739130435,0.3484848484848485,0.49134243731240795,69.0,71.8695652173913,76.5,1,0,773.382,43.0,1653.0,1696.0,-53.0,-96.0,-0.03206291591046582,-0.05660377358490566,-4.173913043478261,-1.4545454545454546,0.737391304347826,-0.0417391304347825,66,18,14,4,0.7777777777777778,0.2727272727272727,0.5478541568378738,70.0,75.94444444444444,91.0,2,0,794.5374999999999,29.0,1367.0,1396.0,33.0,4.0,0.024140453547915143,0.0028653295128939827,0.2222222222222222,0.06060606060606061,0.7755555555555556,0.0022222222222222365,False,False,False
current,book_edge_m5__rv15_minus_rv30_le_m10,choose=book_p_side; book_p_side>=0.6; fee_edge>=-5c; ask<=95; sec>=120; margin_rv15>=0; rv15_minus_rv30<=-10,1,328,153,117,36,0.7647058823529411,0.46646341463414637,0.6915216339127415,66.0,69.41830065359477,74.0,3,0,728.689,288.0,10621.0,10909.0,1079.0,791.0,0.10159118727050184,0.07250893757447979,5.169934640522876,2.4115853658536586,0.7130065359477125,0.05169934640522866,196,88,71,17,0.8068181818181818,0.4489795918367347,0.7122293318676105,66.0,69.18181818181819,73.25,1,0,743.6320000000001,166.0,6088.0,6254.0,1012.0,846.0,0.1662286465177398,0.13527342500799489,9.613636363636363,4.316326530612245,0.7106818181818181,0.09613636363636369,66,24,19,5,0.7916666666666666,0.36363636363636365,0.5952954674681135,66.5,70.0,72.5,1,0,765.8175,44.0,1680.0,1724.0,220.0,176.0,0.13095238095238096,0.10208816705336426,7.333333333333333,2.6666666666666665,0.7183333333333334,0.07333333333333325,66,41,27,14,0.6585365853658537,0.6212121212121212,0.5054983651982969,66.0,69.58536585365853,75.0,1,0,717.178,78.0,2853.0,2931.0,-153.0,-231.0,-0.05362776025236593,-0.07881269191402251,-5.634146341463414,-3.5,0.7148780487804879,-0.056341463414634196,False,False,False
current,book_edge_m5__rv15_minus_rv30_le_0,choose=book_p_side; book_p_side>=0.6; fee_edge>=-5c; ask<=95; sec>=120; margin_rv15>=0; rv15_minus_rv30<=0,1,328,265,193,72,0.7283018867924528,0.8079268292682927,0.6717657633792155,65.0,68.82641509433962,72.0,3,0,758.206,501.0,18239.0,18740.0,1061.0,560.0,0.05817204890619003,0.029882604055496264,2.1132075471698113,1.7073170731707317,0.7071698113207547,0.021132075471698042,196,161,119,42,0.7391304347826086,0.8214285714285714,0.6662937459643552,65.0,68.71428571428571,71.0,2,0,765.325,302.0,11063.0,11365.0,837.0,535.0,0.07565759739672784,0.047074351077870655,3.3229813664596275,2.729591836734694,0.7059006211180124,0.03322981366459621,66,51,39,12,0.7647058823529411,0.7727272727272727,0.632377748398347,66.0,69.05882352941177,74.5,0,0,742.278,97.0,3522.0,3619.0,378.0,281.0,0.10732538330494037,0.07764575849682233,5.509803921568627,4.257575757575758,0.709607843137255,0.05509803921568612,66,53,35,18,0.660377358490566,0.803030303030303,0.525947866375483,65.0,68.94339622641509,74.0,1,0,733.366,102.0,3654.0,3756.0,-154.0,-256.0,-0.0421455938697318,-0.06815761448349308,-4.830188679245283,-3.878787878787879,0.7086792452830191,-0.048301886792453064,False,False,False
current,book_edge_m5__rv15_minus_rv30_ge_0,choose=book_p_side; book_p_side>=0.6; fee_edge>=-5c; ask<=95; sec>=120; margin_rv15>=0; rv15_minus_rv30>=0,1,328,246,174,72,0.7073170731707317,0.75,0.6476209650734516,68.0,70.66260162601625,78.0,3,0,770.2284999999999,456.0,17383.0,17839.0,17.0,-439.0,0.0009779669792325835,-0.024609002746790738,-1.7845528455284554,-1.3384146341463414,0.7251626016260164,-0.017845528455284754,196,147,105,42,0.7142857142857143,0.75,0.6365298438074001,67.0,70.38095238095238,78.0,2,0,766.215,272.0,10346.0,10618.0,154.0,-118.0,0.014884979702300407,-0.011113203993219061,-0.8027210884353742,-0.6020408163265306,0.7223129251700681,-0.008027210884353764,66,50,37,13,0.74,0.7575757575757576,0.6044684273515116,68.0,71.06,76.75,0,0,754.158,93.0,3553.0,3646.0,147.0,54.0,0.04137348719392063,0.014810751508502468,1.08,0.8181818181818182,0.7292000000000001,0.01079999999999992,66,49,32,17,0.6530612244897959,0.7424242424242424,0.5131119428697273,68.0,71.10204081632654,78.0,1,0,822.12,91.0,3484.0,3575.0,-284.0,-375.0,-0.08151549942594719,-0.1048951048951049,-7.653061224489796,-5.681818181818182,0.7295918367346939,-0.07653061224489799,False,False,False
current,book_edge_m5__rv15_minus_rv30_ge_10,choose=book_p_side; book_p_side>=0.6; fee_edge>=-5c; ask<=95; sec>=120; margin_rv15>=0; rv15_minus_rv30>=10,1,328,124,83,41,0.6693548387096774,0.3780487804878049,0.5825577946350449,68.0,71.95967741935483,79.0,6,0,772.1195,226.0,8923.0,9149.0,-623.0,-849.0,-0.06981956741006388,-0.09279702699748607,-6.846774193548387,-2.5884146341463414,0.7378225806451613,-0.06846774193548388,196,66,48,18,0.7272727272727273,0.336734693877551,0.6095777422224589,68.0,71.46969696969697,78.75,4,0,731.826,119.0,4717.0,4836.0,83.0,-36.0,0.017595929616281536,-0.007444168734491315,-0.5454545454545454,-0.1836734693877551,0.7327272727272727,-0.005454545454545379,66,19,12,7,0.631578947368421,0.2878787878787879,0.41039533164803066,69.0,71.15789473684211,75.0,0,0,819.258,36.0,1352.0,1388.0,-152.0,-188.0,-0.11242603550295859,-0.13544668587896252,-9.894736842105264,-2.8484848484848486,0.7305263157894736,-0.09894736842105256,66,39,23,16,0.5897435897435898,0.5909090909090909,0.4341862288289697,68.0,73.17948717948718,79.5,2,0,804.79,71.0,2854.0,2925.0,-554.0,-625.0,-0.1941135248773651,-0.21367521367521367,-16.025641025641026,-9.469696969696969,0.7499999999999999,-0.16025641025641013,False,False,False
current,book_edge_m5__rv15_over_rv30_le_1__rv30_over_rv60_le_1,choose=book_p_side; book_p_side>=0.6; fee_edge>=-5c; ask<=95; sec>=120; margin_rv15>=0; rv15_over_rv30<=1; rv30_over_rv60<=1,2,328,179,134,45,0.7486033519553073,0.5457317073170732,0.6802831410290511,65.0,69.53072625698324,73.5,3,0,700.641,331.0,12446.0,12777.0,954.0,623.0,0.07665113289410252,0.04875948970806919,3.4804469273743015,1.899390243902439,0.7137988826815641,0.034804469273743144,196,113,88,25,0.7787610619469026,0.576530612244898,0.6937769497876131,65.0,69.64601769911505,73.0,2,0,700.641,207.0,7870.0,8077.0,930.0,723.0,0.1181702668360864,0.08951343320539805,6.398230088495575,3.688775510204082,0.714778761061947,0.0639823008849556,66,28,21,7,0.75,0.42424242424242425,0.5664432968100103,66.0,69.60714285714286,75.25,0,0,708.8050000000001,54.0,1949.0,2003.0,151.0,97.0,0.07747562852744998,0.048427358961557664,3.4642857142857144,1.4696969696969697,0.7153571428571429,0.034642857142857086,66,38,25,13,0.6578947368421053,0.5757575757575758,0.49892103551783085,65.0,69.13157894736842,71.75,1,0,676.767,70.0,2627.0,2697.0,-127.0,-197.0,-0.048344118766653975,-0.07304412309974045,-5.184210526315789,-2.984848484848485,0.7097368421052631,-0.0518421052631578,False,False,False
current,book_edge_m5__rv15_over_rv30_ge_1__rv30_over_rv60_ge_1,choose=book_p_side; book_p_side>=0.6; fee_edge>=-5c; ask<=95; sec>=120; margin_rv15>=0; rv15_over_rv30>=1; rv30_over_rv60>=1,2,328,130,99,31,0.7615384615384615,0.39634146341463417,0.681447575620172,72.0,74.76923076923077,84.75,8,0,736.2594999999999,223.0,9720.0,9943.0,180.0,-43.0,0.018518518518518517,-0.004324650507895001,-0.33076923076923076,-0.13109756097560976,0.764846153846154,-0.003307692307692456,196,71,54,17,0.7605633802816901,0.3622448979591837,0.6495877914390639,70.0,74.11267605633803,83.0,4,0,766.278,123.0,5262.0,5385.0,138.0,15.0,0.026225769669327253,0.002785515320334262,0.2112676056338028,0.07653061224489796,0.7584507042253523,0.0021126760563378033,66,32,24,8,0.75,0.48484848484848486,0.5789344100575552,75.0,75.34375,82.25,1,0,714.908,56.0,2411.0,2467.0,-11.0,-67.0,-0.004562422231439237,-0.027158492095662748,-2.09375,-1.0151515151515151,0.7709375,-0.020937500000000053,66,27,21,6,0.7777777777777778,0.4090909090909091,0.5924307113336742,73.0,75.81481481481481,88.5,3,0,727.384,44.0,2047.0,2091.0,53.0,9.0,0.025891548607718612,0.00430416068866571,0.3333333333333333,0.13636363636363635,0.7744444444444443,0.0033333333333335213,False,False,False
current,book_edge_m5__rv15_over_rv30_le_0p8__rv_sigma_t_15m_le_100,choose=book_p_side; book_p_side>=0.6; fee_edge>=-5c; ask<=95; sec>=120; margin_rv15>=0; rv15_over_rv30<=0.8; rv_sigma_t_15m<=100,2,328,130,105,25,0.8076923076923077,0.39634146341463417,0.7315106779958248,68.0,71.67692307692307,77.75,3,0,596.026,233.0,9318.0,9551.0,1182.0,949.0,0.12685125563425628,0.09936132342163125,7.3,2.893292682926829,0.7346923076923076,0.07300000000000006,196,82,67,15,0.8170731707317073,0.41836734693877553,0.7198781157085606,68.0,71.10975609756098,77.0,1,0,587.0925,149.0,5831.0,5980.0,869.0,720.0,0.1490310409878237,0.12040133779264214,8.78048780487805,3.673469387755102,0.7292682926829268,0.08780487804878045,66,28,22,6,0.7857142857142857,0.42424242424242425,0.6046141434627813,67.0,71.57142857142857,74.25,2,0,674.258,50.0,2004.0,2054.0,196.0,146.0,0.09780439121756487,0.07108081791626096,5.214285714285714,2.212121212121212,0.7335714285714287,0.052142857142857046,66,20,16,4,0.8,0.30303030303030304,0.5839825677481064,73.5,74.15,83.0,0,0,506.032,34.0,1483.0,1517.0,117.0,83.0,0.07889413351314903,0.05471324983520105,4.15,1.2575757575757576,0.7585000000000001,0.04149999999999998,False,True,True
current,book_edge_m5__rv15_over_rv30_ge_1p2__rv_sigma_t_15m_ge_75,choose=book_p_side; book_p_side>=0.6; fee_edge>=-5c; ask<=95; sec>=120; margin_rv15>=0; rv15_over_rv30>=1.2; rv_sigma_t_15m>=75,2,328,57,45,12,0.7894736842105263,0.17378048780487804,0.6671387891680949,67.0,72.17543859649123,79.0,6,0,773.382,103.0,4114.0,4217.0,386.0,283.0,0.09382596013612056,0.06710931942138962,4.964912280701754,0.8628048780487805,0.7398245614035088,0.0496491228070175,196,24,20,4,0.8333333333333334,0.12244897959183673,0.6414692935030094,67.0,69.875,72.0,2,0,781.292,46.0,1677.0,1723.0,323.0,277.0,0.19260584376863446,0.1607661056297156,11.541666666666666,1.413265306122449,0.7179166666666665,0.11541666666666683,66,14,11,3,0.7857142857142857,0.21212121212121213,0.524107694133997,72.0,73.5,81.0,0,0,769.8205,25.0,1029.0,1054.0,71.0,46.0,0.06899902818270165,0.04364326375711575,3.2857142857142856,0.696969696969697,0.7528571428571428,0.03285714285714292,66,19,14,5,0.7368421052631579,0.2878787878787879,0.5120844910218489,67.0,74.10526315789474,91.5,4,0,792.314,32.0,1408.0,1440.0,-8.0,-40.0,-0.005681818181818182,-0.027777777777777776,-2.1052631578947367,-0.6060606060606061,0.7578947368421055,-0.021052631578947656,False,False,False
current,score_m60,choose=score_min_book_rv15; score_min_book_rv15>=0.6; fee_edge>=-100c; ask<=95; sec>=120,0,328,325,244,81,0.7507692307692307,0.9908536585365854,0.7009951758326707,69.0,69.6676923076923,74.0,0,0,767.761,638.0,22642.0,23280.0,1758.0,1120.0,0.07764331772811589,0.048109965635738834,3.4461538461538463,3.4146341463414633,0.7163076923076922,0.03446153846153854,196,193,148,45,0.7668393782383419,0.9846938775510204,0.7023324201135542,68.0,68.86528497409327,72.0,0,0,766.964,380.0,13291.0,13671.0,1509.0,1129.0,0.11353547513354902,0.08258357106283373,5.849740932642487,5.760204081632653,0.708341968911917,0.05849740932642489,66,66,49,17,0.7424242424242424,1.0,0.6256690145359197,69.0,70.60606060606061,75.0,0,0,769.463,128.0,4660.0,4788.0,240.0,112.0,0.05150214592274678,0.023391812865497075,1.696969696969697,1.696969696969697,0.7254545454545455,0.016969696969696968,66,66,47,19,0.7121212121212122,1.0,0.5936275059135345,69.5,71.07575757575758,75.75,0,0,768.308,130.0,4691.0,4821.0,9.0,-121.0,0.0019185674696226818,-0.025098527276498653,-1.8333333333333333,-1.8333333333333333,0.7304545454545455,-0.018333333333333313,True,False,False
current,score_m60__rv15_over_rv30_le_0p8,choose=score_min_book_rv15; score_min_book_rv15>=0.6; fee_edge>=-100c; ask<=95; sec>=120; rv15_over_rv30<=0.8,1,328,132,109,23,0.8257575757575758,0.4024390243902439,0.7520962774682791,72.0,73.43939393939394,79.0,4,0,644.2255,236.0,9694.0,9930.0,1206.0,970.0,0.12440684959768929,0.09768378650553877,7.348484848484849,2.957317073170732,0.7522727272727273,0.07348484848484849,196,79,69,10,0.8734177215189873,0.4030612244897959,0.7824364133349648,72.0,74.22784810126582,82.0,2,0,534.109,139.0,5864.0,6003.0,1036.0,897.0,0.1766712141882674,0.14942528735632185,11.354430379746836,4.576530612244898,0.759873417721519,0.11354430379746838,66,27,21,6,0.7777777777777778,0.4090909090909091,0.5924307113336742,69.0,73.03703703703704,75.0,2,0,657.073,48.0,1972.0,2020.0,128.0,80.0,0.06490872210953347,0.039603960396039604,2.962962962962963,1.2121212121212122,0.7481481481481481,0.029629629629629672,66,26,19,7,0.7307692307692307,0.3939393939393939,0.5391695962082382,72.0,71.46153846153847,75.75,0,0,653.8595,49.0,1858.0,1907.0,42.0,-7.0,0.022604951560818085,-0.0036706869428421605,-0.2692307692307692,-0.10606060606060606,0.7334615384615385,-0.0026923076923077716,False,False,False
current,score_m60__rv15_over_rv30_le_1,choose=score_min_book_rv15; score_min_book_rv15>=0.6; fee_edge>=-100c; ask<=95; sec>=120; rv15_over_rv30<=1,1,328,256,200,56,0.78125,0.7804878048780488,0.7266556785803728,69.0,71.42578125,76.0,4,0,707.1624999999999,478.0,18285.0,18763.0,1715.0,1237.0,0.09379272627837025,0.06592762351436338,4.83203125,3.7713414634146343,0.7329296875,0.04832031250000002,196,155,122,33,0.7870967741935484,0.7908163265306123,0.7161153535964172,69.0,71.38064516129032,75.0,3,0,698.071,286.0,11064.0,11350.0,1136.0,850.0,0.10267534345625452,0.07488986784140969,5.483870967741935,4.336734693877551,0.7322580645161291,0.05483870967741933,66,49,40,9,0.8163265306122449,0.7424242424242424,0.6864239739710013,70.0,71.34693877551021,76.0,0,0,712.794,93.0,3496.0,3589.0,504.0,411.0,0.14416475972540047,0.1145165784341042,8.387755102040817,6.2272727272727275,0.7324489795918369,0.08387755102040806,66,52,38,14,0.7307692307692307,0.7878787878787878,0.5974778016637287,69.0,71.63461538461539,76.25,1,0,657.7915,99.0,3725.0,3824.0,75.0,-24.0,0.020134228187919462,-0.006276150627615063,-0.46153846153846156,-0.36363636363636365,0.7353846153846155,-0.004615384615384799,False,False,False
current,score_m60__rv15_over_rv30_le_1p2,choose=score_min_book_rv15; score_min_book_rv15>=0.6; fee_edge>=-100c; ask<=95; sec>=120; rv15_over_rv30<=1.2,1,328,314,238,76,0.7579617834394905,0.9573170731707317,0.7076531282915135,69.0,70.06369426751593,74.0,0,0,759.3015,608.0,22000.0,22608.0,1800.0,1192.0,0.08181818181818182,0.05272469922151451,3.7961783439490446,3.6341463414634148,0.72,0.037961783439490526,196,189,146,43,0.7724867724867724,0.9642857142857143,0.707640960337947,68.0,69.51322751322752,73.0,0,0,758.575,366.0,13138.0,13504.0,1462.0,1096.0,0.111280255746689,0.0811611374407583,5.798941798941799,5.591836734693878,0.7144973544973544,0.057989417989418035,66,62,47,15,0.7580645161290323,0.9393939393939394,0.6384749248397259,69.0,70.69354838709677,75.0,0,0,762.611,119.0,4383.0,4502.0,317.0,198.0,0.07232489162673968,0.043980453131941356,3.193548387096774,3.0,0.7261290322580646,0.031935483870967674,66,63,45,18,0.7142857142857143,0.9545454545454546,0.5929728343259287,69.0,71.0952380952381,75.5,0,0,719.773,123.0,4479.0,4602.0,21.0,-102.0,0.004688546550569324,-0.02216427640156454,-1.619047619047619,-1.5454545454545454,0.7304761904761905,-0.0161904761904762,True,False,False
current,score_m60__rv15_over_rv30_ge_0p8,choose=score_min_book_rv15; score_min_book_rv15>=0.6; fee_edge>=-100c; ask<=95; sec>=120; rv15_over_rv30>=0.8,1,328,303,225,78,0.7425742574257426,0.9237804878048781,0.6905231489601618,69.0,71.25412541254126,75.0,2,0,723.289,576.0,21590.0,22166.0,910.0,334.0,0.042149143121815655,0.015068122349544346,1.1023102310231023,1.0182926829268293,0.7315511551155115,0.01102310231023107,196,183,139,44,0.7595628415300546,0.9336734693877551,0.6927177632773851,69.0,70.3879781420765,74.0,0,0,765.329,349.0,12881.0,13230.0,1019.0,670.0,0.07910876484744973,0.050642479213907785,3.66120218579235,3.4183673469387754,0.7229508196721313,0.03661202185792334,66,60,44,16,0.7333333333333333,0.9090909090909091,0.6099128690331636,71.0,72.41666666666667,77.0,0,0,759.1225,114.0,4345.0,4459.0,55.0,-59.0,0.012658227848101266,-0.013231666292890782,-0.9833333333333333,-0.8939393939393939,0.7431666666666666,-0.00983333333333336,66,60,42,18,0.7,0.9090909090909091,0.5749129205308552,70.0,72.73333333333333,78.0,2,0,717.7605,113.0,4364.0,4477.0,-164.0,-277.0,-0.03758020164986251,-0.061871789144516416,-4.616666666666666,-4.196969696969697,0.7461666666666668,-0.0461666666666668,True,False,False
current,score_m60__rv15_over_rv30_ge_1,choose=score_min_book_rv15; score_min_book_rv15>=0.6; fee_edge>=-100c; ask<=95; sec>=120; rv15_over_rv30>=1,1,328,224,166,58,0.7410714285714286,0.6829268292682927,0.6799828991563059,73.0,74.36607142857143,80.0,4,0,710.0215000000001,404.0,16658.0,17062.0,-58.0,-462.0,-0.0034818105414815706,-0.027077716563122727,-2.0625,-1.4085365853658536,0.7616964285714286,-0.020625000000000004,196,135,104,31,0.7703703703703704,0.6887755102040817,0.6925305817275542,72.0,73.86666666666666,80.0,3,0,707.533,243.0,9972.0,10215.0,428.0,185.0,0.04292017649418371,0.01811062163485071,1.3703703703703705,0.9438775510204082,0.7566666666666667,0.013703703703703662,66,45,34,11,0.7555555555555555,0.6818181818181818,0.6132661994297965,74.0,75.24444444444444,82.0,0,0,716.998,80.0,3386.0,3466.0,14.0,-66.0,0.004134672179562906,-0.019042123485285632,-1.4666666666666666,-1.0,0.7702222222222221,-0.014666666666666606,66,44,28,16,0.6363636363636364,0.6666666666666666,0.48866376879043444,74.0,75.0,79.25,1,0,717.1535,81.0,3300.0,3381.0,-500.0,-581.0,-0.15151515151515152,-0.17184265010351968,-13.204545454545455,-8.803030303030303,0.7684090909090908,-0.13204545454545447,False,False,False
current,score_m60__rv15_over_rv30_ge_1p2,choose=score_min_book_rv15; score_min_book_rv15>=0.6; fee_edge>=-100c; ask<=95; sec>=120; rv15_over_rv30>=1.2,1,328,78,57,21,0.7307692307692307,0.23780487804878048,0.6232309980448737,78.5,78.85897435897436,90.0,9,0,706.2205,127.0,6151.0,6278.0,-451.0,-578.0,-0.0733214111526581,-0.09206753743230328,-7.410256410256411,-1.7621951219512195,0.8048717948717948,-0.0741025641025641,196,44,31,13,0.7045454545454546,0.22448979591836735,0.5577979987383977,75.5,77.68181818181819,86.75,5,0,622.4795,73.0,3418.0,3491.0,-318.0,-391.0,-0.0930368636629608,-0.11200229160698941,-8.886363636363637,-1.9948979591836735,0.7934090909090908,-0.08886363636363626,66,20,14,6,0.7,0.30303030303030304,0.4810271816464765,77.5,78.95,86.75,0,0,716.5345,33.0,1579.0,1612.0,-179.0,-212.0,-0.11336288790373654,-0.1315136476426799,-10.6,-3.212121212121212,0.8059999999999998,-0.10599999999999987,66,14,12,2,0.8571428571428571,0.21212121212121213,0.6005862050302965,84.5,82.42857142857143,94.25,4,0,698.7605,21.0,1154.0,1175.0,46.0,25.0,0.03986135181975736,0.02127659574468085,1.7857142857142858,0.3787878787878788,0.8392857142857145,0.01785714285714257,False,False,False
current,score_m60__rv30_over_rv60_le_0p8,choose=score_min_book_rv15; score_min_book_rv15>=0.6; fee_edge>=-100c; ask<=95; sec>=120; rv30_over_rv60<=0.8,1,328,86,66,20,0.7674418604651163,0.2621951219512195,0.6679041466259226,69.0,72.05813953488372,78.75,1,0,659.19,158.0,6197.0,6355.0,403.0,245.0,0.06503146683879296,0.03855232100708104,2.8488372093023258,0.7469512195121951,0.7389534883720932,0.02848837209302313,196,55,44,11,0.8,0.28061224489795916,0.6763512084273607,71.0,72.6,79.5,0,0,651.054,100.0,3993.0,4093.0,407.0,307.0,0.10192837465564739,0.07500610798924993,5.581818181818182,1.566326530612245,0.7441818181818184,0.055818181818181656,66,15,11,4,0.7333333333333333,0.22727272727272727,0.48049565944019434,68.0,69.73333333333333,72.5,0,0,714.894,28.0,1046.0,1074.0,54.0,26.0,0.05162523900573614,0.024208566108007448,1.7333333333333334,0.3939393939393939,0.7160000000000001,0.0173333333333332,66,16,11,5,0.6875,0.24242424242424243,0.44404355834740666,68.5,72.375,73.75,1,0,737.9780000000001,30.0,1158.0,1188.0,-58.0,-88.0,-0.05008635578583765,-0.07407407407407407,-5.5,-1.3333333333333333,0.7424999999999999,-0.05499999999999994,False,False,False
current,score_m60__rv30_over_rv60_le_1,choose=score_min_book_rv15; score_min_book_rv15>=0.6; fee_edge>=-100c; ask<=95; sec>=120; rv30_over_rv60<=1,1,328,225,165,60,0.7333333333333333,0.6859756097560976,0.6719878625779003,68.0,70.19555555555556,74.0,2,0,713.751,432.0,15794.0,16226.0,706.0,274.0,0.044700519184500444,0.016886478491310242,1.2177777777777778,0.8353658536585366,0.7211555555555557,0.01217777777777762,196,138,107,31,0.7753623188405797,0.7040816326530612,0.6988194946014094,68.0,69.70289855072464,73.0,1,0,710.255,265.0,9619.0,9884.0,1081.0,816.0,0.1123817444640815,0.08255766895993524,5.913043478260869,4.163265306122449,0.716231884057971,0.05913043478260871,66,37,26,11,0.7027027027027027,0.5606060606060606,0.5421686408886435,69.0,70.70270270270271,76.0,0,0,717.776,72.0,2616.0,2688.0,-16.0,-88.0,-0.0061162079510703364,-0.03273809523809524,-2.3783783783783785,-1.3333333333333333,0.7264864864864864,-0.023783783783783652,66,50,32,18,0.64,0.7575757575757576,0.501410168761127,69.0,71.18,77.0,1,0,718.469,95.0,3559.0,3654.0,-359.0,-454.0,-0.1008710311885361,-0.12424740010946908,-9.08,-6.878787878787879,0.7308,-0.09079999999999999,False,False,False
current,score_m60__rv30_over_rv60_ge_1,choose=score_min_book_rv15; score_min_book_rv15>=0.6; fee_edge>=-100c; ask<=95; sec>=120; rv30_over_rv60>=1,1,328,203,158,45,0.7783251231527094,0.6189024390243902,0.716313824774592,72.0,73.94581280788178,79.0,5,0,713.503,370.0,15011.0,15381.0,789.0,419.0,0.0525614549330491,0.027241401729406412,2.064039408866995,1.2774390243902438,0.7576847290640394,0.020640394088670022,196,117,92,25,0.7863247863247863,0.5969387755102041,0.7035748148826341,72.0,73.05128205128206,78.0,2,0,713.649,217.0,8547.0,8764.0,653.0,436.0,0.0764010764010764,0.04974897307165678,3.7264957264957266,2.2244897959183674,0.7490598290598293,0.037264957264957044,66,46,35,11,0.7608695652173914,0.696969696969697,0.6206486144237798,73.5,74.0,79.0,1,0,738.9065,84.0,3404.0,3488.0,96.0,12.0,0.0282021151586369,0.0034403669724770644,0.2608695652173913,0.18181818181818182,0.7582608695652174,0.00260869565217392,66,40,31,9,0.775,0.6060606060606061,0.6249690325768998,74.0,76.5,85.5,2,0,697.4835,69.0,3060.0,3129.0,40.0,-29.0,0.013071895424836602,-0.009268136784915308,-0.725,-0.4393939393939394,0.78225,-0.007249999999999979,False,False,False
current,score_m60__rv30_over_rv60_ge_1p2,choose=score_min_book_rv15; score_min_book_rv15>=0.6; fee_edge>=-100c; ask<=95; sec>=120; rv30_over_rv60>=1.2,1,328,52,42,10,0.8076923076923077,0.15853658536585366,0.6810113918634199,74.5,75.75,81.0,3,0,717.429,92.0,3939.0,4031.0,261.0,169.0,0.06626047220106626,0.04192508062515505,3.25,0.5152439024390244,0.7751923076923076,0.032500000000000084,196,23,16,7,0.6956521739130435,0.11734693877551021,0.49134243731240795,72.0,75.17391304347827,79.5,1,0,717.898,42.0,1729.0,1771.0,-129.0,-171.0,-0.0746096009253904,-0.09655561829474874,-7.434782608695652,-0.8724489795918368,0.77,-0.07434782608695656,66,15,13,2,0.8666666666666667,0.22727272727272727,0.6211801716767764,71.0,73.46666666666667,81.5,0,0,760.028,26.0,1102.0,1128.0,198.0,172.0,0.17967332123411978,0.1524822695035461,11.466666666666667,2.606060606060606,0.7520000000000001,0.11466666666666658,66,14,13,1,0.9285714285714286,0.21212121212121213,0.6853129557584889,77.5,79.14285714285714,87.25,2,0,714.8025,24.0,1108.0,1132.0,192.0,168.0,0.17328519855595667,0.14840989399293286,12.0,2.5454545454545454,0.8085714285714286,0.12,False,False,True
current,score_m60__rv15_over_rv60_le_0p8,choose=score_min_book_rv15; score_min_book_rv15>=0.6; fee_edge>=-100c; ask<=95; sec>=120; rv15_over_rv60<=0.8,1,328,164,127,37,0.774390243902439,0.5,0.7045641005181478,69.5,71.90853658536585,77.0,2,0,651.8589999999999,302.0,11793.0,12095.0,907.0,605.0,0.07691003137454422,0.05002066969822241,3.6890243902439024,1.8445121951219512,0.7375,0.036890243902439,196,104,83,21,0.7980769230769231,0.5306122448979592,0.7109532914424468,70.0,71.91346153846153,77.25,1,0,647.351,193.0,7479.0,7672.0,821.0,628.0,0.1097740339617596,0.08185610010427528,6.038461538461538,3.204081632653061,0.7376923076923076,0.06038461538461548,66,25,19,6,0.76,0.3787878787878788,0.5657031664457093,69.0,70.64,73.0,1,0,652.698,46.0,1766.0,1812.0,134.0,88.0,0.07587768969422423,0.04856512141280353,3.52,1.3333333333333333,0.7248,0.03520000000000001,66,35,25,10,0.7142857142857143,0.5303030303030303,0.5494506513681737,72.0,72.8,78.5,0,0,659.694,63.0,2548.0,2611.0,-48.0,-111.0,-0.018838304552590265,-0.0425124473381846,-3.1714285714285713,-1.6818181818181819,0.746,-0.031714285714285695,False,False,False
current,score_m60__rv15_over_rv60_le_1,choose=score_min_book_rv15; score_min_book_rv15>=0.6; fee_edge>=-100c; ask<=95; sec>=120; rv15_over_rv60<=1,1,328,261,199,62,0.7624521072796935,0.7957317073170732,0.7072490433281009,69.0,69.95019157088123,74.0,1,0,714.395,505.0,18257.0,18762.0,1643.0,1138.0,0.08999287944350112,0.06065451444408912,4.360153256704981,3.4695121951219514,0.7188505747126437,0.043601532567049794,196,155,122,33,0.7870967741935484,0.7908163265306123,0.7161153535964172,68.0,69.81935483870967,73.0,1,0,713.649,299.0,10822.0,11121.0,1378.0,1079.0,0.12733321012751803,0.09702364895243233,6.961290322580645,5.505102040816326,0.717483870967742,0.06961290322580638,66,53,42,11,0.7924528301886793,0.803030303030303,0.6654225529835208,69.0,70.43396226415095,75.0,0,0,714.894,101.0,3733.0,3834.0,467.0,366.0,0.12510045539780337,0.09546165884194054,6.90566037735849,5.545454545454546,0.7233962264150943,0.06905660377358502,66,53,35,18,0.660377358490566,0.803030303030303,0.525947866375483,69.0,69.84905660377359,74.0,0,0,718.343,105.0,3702.0,3807.0,-202.0,-307.0,-0.05456509994597515,-0.08064092461255581,-5.7924528301886795,-4.651515151515151,0.718301886792453,-0.05792452830188699,False,False,False
current,score_m60__rv15_over_rv60_ge_1,choose=score_min_book_rv15; score_min_book_rv15>=0.6; fee_edge>=-100c; ask<=95; sec>=120; rv15_over_rv60>=1,1,328,173,125,48,0.7225433526011561,0.5274390243902439,0.6515411684392892,73.0,75.34104046242774,81.0,8,0,711.389,306.0,13034.0,13340.0,-534.0,-840.0,-0.04096977136719349,-0.06296851574212893,-4.855491329479769,-2.5609756097560976,0.7710982658959538,-0.048554913294797664,196,97,70,27,0.7216494845360825,0.49489795918367346,0.6253236474067841,72.0,73.74226804123711,79.0,2,0,711.823,176.0,7153.0,7329.0,-153.0,-329.0,-0.02138962673004334,-0.044890162368672396,-3.3917525773195876,-1.6785714285714286,0.7555670103092784,-0.033917525773195956,66,39,29,10,0.7435897435897436,0.5909090909090909,0.5891834407831603,77.0,78.46153846153847,85.5,3,0,714.878,65.0,3060.0,3125.0,-160.0,-225.0,-0.05228758169934641,-0.072,-5.769230769230769,-3.409090909090909,0.8012820512820513,-0.05769230769230771,66,37,26,11,0.7027027027027027,0.5606060606060606,0.5421686408886435,75.0,76.24324324324324,81.0,3,0,703.339,65.0,2821.0,2886.0,-221.0,-286.0,-0.07834101382488479,-0.0990990990990991,-7.72972972972973,-4.333333333333333,0.78,-0.07729729729729728,False,False,False
current,score_m60__rv15_over_rv60_ge_1p2,choose=score_min_book_rv15; score_min_book_rv15>=0.6; fee_edge>=-100c; ask<=95; sec>=120; rv15_over_rv60>=1.2,1,328,79,57,22,0.7215189873417721,0.24085365853658536,0.6141755025997596,75.0,77.55696202531645,86.0,7,0,766.153,134.0,6127.0,6261.0,-427.0,-561.0,-0.06969152929655623,-0.08960229995208434,-7.10126582278481,-1.7103658536585367,0.7925316455696202,-0.07101265822784808,196,48,34,14,0.7083333333333334,0.24489795918367346,0.5682074019042831,73.0,75.89583333333333,82.25,4,0,718.9100000000001,84.0,3643.0,3727.0,-243.0,-327.0,-0.06670326653856712,-0.08773812718003757,-6.8125,-1.6683673469387754,0.7764583333333334,-0.06812499999999999,66,18,12,6,0.6666666666666666,0.2727272727272727,0.437494672959451,76.5,77.83333333333333,84.0,1,0,773.4784999999999,31.0,1401.0,1432.0,-201.0,-232.0,-0.14346895074946467,-0.16201117318435754,-12.88888888888889,-3.515151515151515,0.7955555555555555,-0.12888888888888883,66,13,11,2,0.8461538461538461,0.19696969696969696,0.5776536898051745,83.0,83.3076923076923,92.0,2,0,713.842,19.0,1083.0,1102.0,17.0,-2.0,0.01569713758079409,-0.0018148820326678765,-0.15384615384615385,-0.030303030303030304,0.8476923076923076,-0.0015384615384614886,False,False,False
current,score_m60__rv15_minus_rv30_le_m10,choose=score_min_book_rv15; score_min_book_rv15>=0.6; fee_edge>=-100c; ask<=95; sec>=120; rv15_minus_rv30<=-10,1,328,144,118,26,0.8194444444444444,0.43902439024390244,0.7485876541924738,69.0,71.67361111111111,76.0,3,0,701.6955,268.0,10321.0,10589.0,1479.0,1211.0,0.14330006782288537,0.11436396260270092,8.409722222222221,3.692073170731707,0.7353472222222223,0.08409722222222216,196,81,70,11,0.8641975308641975,0.413265306122449,0.7729693623122126,70.0,71.93827160493827,77.0,1,0,695.434,150.0,5827.0,5977.0,1173.0,1023.0,0.2013042732109147,0.17115609837711226,12.62962962962963,5.219387755102041,0.7379012345679012,0.12629629629629624,66,23,19,4,0.8260869565217391,0.3484848484848485,0.6286235235977387,69.0,71.69565217391305,75.0,1,0,712.301,42.0,1649.0,1691.0,251.0,209.0,0.15221346270466948,0.12359550561797752,9.08695652173913,3.1666666666666665,0.7352173913043478,0.09086956521739131,66,40,29,11,0.725,0.6060606060606061,0.5716504419378943,68.0,71.125,75.25,1,0,657.7915,76.0,2845.0,2921.0,55.0,-21.0,0.019332161687170474,-0.00718931872646354,-0.525,-0.3181818181818182,0.7302500000000001,-0.005250000000000088,False,False,False
current,score_m60__rv15_minus_rv30_le_0,choose=score_min_book_rv15; score_min_book_rv15>=0.6; fee_edge>=-100c; ask<=95; sec>=120; rv15_minus_rv30<=0,1,328,256,200,56,0.78125,0.7804878048780488,0.7266556785803728,69.0,71.42578125,76.0,4,0,707.1624999999999,478.0,18285.0,18763.0,1715.0,1237.0,0.09379272627837025,0.06592762351436338,4.83203125,3.7713414634146343,0.7329296875,0.04832031250000002,196,155,122,33,0.7870967741935484,0.7908163265306123,0.7161153535964172,69.0,71.38064516129032,75.0,3,0,698.071,286.0,11064.0,11350.0,1136.0,850.0,0.10267534345625452,0.07488986784140969,5.483870967741935,4.336734693877551,0.7322580645161291,0.05483870967741933,66,49,40,9,0.8163265306122449,0.7424242424242424,0.6864239739710013,70.0,71.34693877551021,76.0,0,0,712.794,93.0,3496.0,3589.0,504.0,411.0,0.14416475972540047,0.1145165784341042,8.387755102040817,6.2272727272727275,0.7324489795918369,0.08387755102040806,66,52,38,14,0.7307692307692307,0.7878787878787878,0.5974778016637287,69.0,71.63461538461539,76.25,1,0,657.7915,99.0,3725.0,3824.0,75.0,-24.0,0.020134228187919462,-0.006276150627615063,-0.46153846153846156,-0.36363636363636365,0.7353846153846155,-0.004615384615384799,False,False,False
current,score_m60__rv15_minus_rv30_ge_0,choose=score_min_book_rv15; score_min_book_rv15>=0.6; fee_edge>=-100c; ask<=95; sec>=120; rv15_minus_rv30>=0,1,328,224,166,58,0.7410714285714286,0.6829268292682927,0.6799828991563059,73.0,74.36607142857143,80.0,4,0,710.0215000000001,404.0,16658.0,17062.0,-58.0,-462.0,-0.0034818105414815706,-0.027077716563122727,-2.0625,-1.4085365853658536,0.7616964285714286,-0.020625000000000004,196,135,104,31,0.7703703703703704,0.6887755102040817,0.6925305817275542,72.0,73.86666666666666,80.0,3,0,707.533,243.0,9972.0,10215.0,428.0,185.0,0.04292017649418371,0.01811062163485071,1.3703703703703705,0.9438775510204082,0.7566666666666667,0.013703703703703662,66,45,34,11,0.7555555555555555,0.6818181818181818,0.6132661994297965,74.0,75.24444444444444,82.0,0,0,716.998,80.0,3386.0,3466.0,14.0,-66.0,0.004134672179562906,-0.019042123485285632,-1.4666666666666666,-1.0,0.7702222222222221,-0.014666666666666606,66,44,28,16,0.6363636363636364,0.6666666666666666,0.48866376879043444,74.0,75.0,79.25,1,0,717.1535,81.0,3300.0,3381.0,-500.0,-581.0,-0.15151515151515152,-0.17184265010351968,-13.204545454545455,-8.803030303030303,0.7684090909090908,-0.13204545454545447,False,False,False
current,score_m60__rv15_minus_rv30_ge_10,choose=score_min_book_rv15; score_min_book_rv15>=0.6; fee_edge>=-100c; ask<=95; sec>=120; rv15_minus_rv30>=10,1,328,103,75,28,0.7281553398058253,0.31402439024390244,0.6351914460583965,75.0,76.51456310679612,81.5,6,0,712.984,181.0,7881.0,8062.0,-381.0,-562.0,-0.048344118766653975,-0.06970974944182586,-5.456310679611651,-1.7134146341463414,0.7827184466019418,-0.054563106796116534,196,55,44,11,0.8,0.28061224489795916,0.6763512084273607,75.0,76.38181818181818,83.0,4,0,704.938,95.0,4201.0,4296.0,199.0,104.0,0.04736967388716972,0.024208566108007448,1.8909090909090909,0.5306122448979592,0.7810909090909091,0.018909090909090986,66,15,9,6,0.6,0.22727272727272727,0.35746830120624606,74.0,76.0,80.0,0,0,777.711,27.0,1140.0,1167.0,-240.0,-267.0,-0.21052631578947367,-0.22879177377892032,-17.8,-4.045454545454546,0.7780000000000001,-0.17800000000000016,66,33,22,11,0.6666666666666666,0.5,0.49607894427805616,78.0,76.96969696969697,80.0,2,0,766.037,59.0,2540.0,2599.0,-340.0,-399.0,-0.13385826771653545,-0.1535205848403232,-12.090909090909092,-6.045454545454546,0.7875757575757575,-0.12090909090909085,False,False,False
current,score_m60__rv15_over_rv30_le_1__rv30_over_rv60_le_1,choose=score_min_book_rv15; score_min_book_rv15>=0.6; fee_edge>=-100c; ask<=95; sec>=120; rv15_over_rv30<=1; rv30_over_rv60<=1,2,328,171,131,40,0.7660818713450293,0.5213414634146342,0.6972166571416826,69.0,72.09356725146199,78.0,4,0,651.054,311.0,12328.0,12639.0,772.0,461.0,0.06262167423750811,0.03647440462061872,2.695906432748538,1.4054878048780488,0.7391228070175437,0.026959064327485516,196,108,85,23,0.7870370370370371,0.5510204081632653,0.7006656475723132,69.0,72.04629629629629,78.0,3,0,649.025,194.0,7781.0,7975.0,719.0,525.0,0.09240457524739751,0.06583072100313479,4.861111111111111,2.6785714285714284,0.7384259259259259,0.04861111111111116,66,26,20,6,0.7692307692307693,0.3939393939393939,0.5794844592105631,71.0,72.26923076923077,79.0,0,0,708.8050000000001,50.0,1879.0,1929.0,121.0,71.0,0.06439595529536987,0.0368066355624676,2.730769230769231,1.0757575757575757,0.7419230769230769,0.027307692307692366,66,37,26,11,0.7027027027027027,0.5606060606060606,0.5421686408886435,69.0,72.10810810810811,78.0,1,0,647.373,67.0,2668.0,2735.0,-68.0,-135.0,-0.025487256371814093,-0.04936014625228519,-3.6486486486486487,-2.0454545454545454,0.7391891891891891,-0.036486486486486336,False,False,False
current,score_m60__rv15_over_rv30_ge_1__rv30_over_rv60_ge_1,choose=score_min_book_rv15; score_min_book_rv15>=0.6; fee_edge>=-100c; ask<=95; sec>=120; rv15_over_rv30>=1; rv30_over_rv60>=1,2,328,112,89,23,0.7946428571428571,0.34146341463414637,0.71066346806868,77.5,78.69642857142857,88.0,8,0,709.6935000000001,185.0,8814.0,8999.0,86.0,-99.0,0.009757204447469935,-0.011001222358039782,-0.8839285714285714,-0.3018292682926829,0.8034821428571429,-0.008839285714285827,196,62,49,13,0.7903225806451613,0.3163265306122449,0.6736078510298068,76.0,77.20967741935483,84.5,4,0,714.1289999999999,105.0,4787.0,4892.0,113.0,8.0,0.02360559849592647,0.001635322976287817,0.12903225806451613,0.04081632653061224,0.7890322580645162,0.001290322580645098,66,29,22,7,0.7586206896551724,0.4393939393939394,0.5789239838218866,78.0,79.44827586206897,88.0,1,0,713.503,48.0,2304.0,2352.0,-104.0,-152.0,-0.04513888888888889,-0.06462585034013606,-5.241379310344827,-2.303030303030303,0.8110344827586207,-0.05241379310344829,66,21,18,3,0.8571428571428571,0.3181818181818182,0.6536393971937905,80.0,82.04761904761905,91.0,3,0,653.761,32.0,1723.0,1755.0,77.0,45.0,0.04468949506674405,0.02564102564102564,2.142857142857143,0.6818181818181818,0.8357142857142856,0.021428571428571463,False,False,False
current,score_m60__rv15_over_rv30_le_0p8__rv_sigma_t_15m_le_100,choose=score_min_book_rv15; score_min_book_rv15>=0.6; fee_edge>=-100c; ask<=95; sec>=120; rv15_over_rv30<=0.8; rv_sigma_t_15m<=100,2,328,120,100,20,0.8333333333333334,0.36585365853658536,0.7565471860673771,71.0,73.84166666666667,82.25,3,0,587.0925,210.0,8861.0,9071.0,1139.0,929.0,0.1285407967498025,0.10241428728916327,7.741666666666666,2.832317073170732,0.7559166666666667,0.07741666666666669,196,74,64,10,0.8648648648648649,0.37755102040816324,0.768808214474767,72.0,74.08108108108108,82.0,1,0,531.6675,130.0,5482.0,5612.0,918.0,788.0,0.16745713243341845,0.14041339985744833,10.64864864864865,4.020408163265306,0.7583783783783784,0.10648648648648651,66,27,21,6,0.7777777777777778,0.4090909090909091,0.5924307113336742,69.0,73.03703703703704,75.0,2,0,657.073,48.0,1972.0,2020.0,128.0,80.0,0.06490872210953347,0.039603960396039604,2.962962962962963,1.2121212121212122,0.7481481481481481,0.029629629629629672,66,19,15,4,0.7894736842105263,0.2878787878787879,0.5666572155618583,74.0,74.05263157894737,83.0,0,0,476.654,32.0,1407.0,1439.0,93.0,61.0,0.06609808102345416,0.0423905489923558,3.210526315789474,0.9242424242424242,0.7573684210526317,0.03210526315789464,False,True,True
current,score_m60__rv15_over_rv30_ge_1p2__rv_sigma_t_15m_ge_75,choose=score_min_book_rv15; score_min_book_rv15>=0.6; fee_edge>=-100c; ask<=95; sec>=120; rv15_over_rv30>=1.2; rv_sigma_t_15m>=75,2,328,44,37,7,0.8409090909090909,0.13414634146341464,0.7063379493775939,75.0,76.95454545454545,82.75,6,0,766.3969999999999,77.0,3386.0,3463.0,314.0,237.0,0.09273479031305375,0.06843777071902975,5.386363636363637,0.7225609756097561,0.7870454545454546,0.053863636363636336,196,20,17,3,0.85,0.10204081632653061,0.639581135259243,72.0,73.45,78.25,2,0,738.5885,38.0,1469.0,1507.0,231.0,193.0,0.1572498298162015,0.12806901128069012,9.65,0.9846938775510204,0.7535000000000001,0.09649999999999992,66,11,9,2,0.8181818181818182,0.16666666666666666,0.5230194380391558,79.0,77.54545454545455,83.0,0,0,773.382,19.0,853.0,872.0,47.0,28.0,0.05509964830011723,0.03211009174311927,2.5454545454545454,0.42424242424242425,0.7927272727272726,0.02545454545454562,66,13,11,2,0.8461538461538461,0.19696969696969696,0.5776536898051745,79.0,81.84615384615384,95.0,4,0,710.539,20.0,1064.0,1084.0,36.0,16.0,0.03383458646616541,0.014760147601476014,1.2307692307692308,0.24242424242424243,0.8338461538461541,0.01230769230769202,False,True,True
current,score_edge_m5,choose=score_min_book_rv15; score_min_book_rv15>=0.6; fee_edge>=-5c; ask<=95; sec>=120,0,328,314,237,77,0.7547770700636943,0.9573170731707317,0.7043007783173957,67.0,69.48089171974522,73.0,3,0,713.53,597.0,21817.0,22414.0,1883.0,1286.0,0.08630884172892699,0.05737485500133845,4.095541401273885,3.9207317073170733,0.7138216560509555,0.04095541401273883,196,188,147,41,0.7819148936170213,0.9591836734693877,0.7175632150728568,67.0,69.54787234042553,73.0,0,0,714.7655,354.0,13075.0,13429.0,1625.0,1271.0,0.124282982791587,0.09464591555588651,6.76063829787234,6.48469387755102,0.714308510638298,0.06760638297872323,66,63,46,17,0.7301587301587301,0.9545454545454546,0.609700907804482,68.0,69.28571428571429,72.5,0,0,698.49,121.0,4365.0,4486.0,235.0,114.0,0.053837342497136315,0.02541239411502452,1.8095238095238095,1.7272727272727273,0.7120634920634922,0.018095238095237942,66,63,44,19,0.6984126984126984,0.9545454545454546,0.5763962768644041,68.0,69.47619047619048,71.5,3,0,717.317,122.0,4377.0,4499.0,23.0,-99.0,0.0052547406899703,-0.022004889975550123,-1.5714285714285714,-1.5,0.7141269841269842,-0.01571428571428579,True,False,False
current,score_edge_m5__rv15_over_rv30_le_0p8,choose=score_min_book_rv15; score_min_book_rv15>=0.6; fee_edge>=-5c; ask<=95; sec>=120; rv15_over_rv30<=0.8,1,328,122,99,23,0.8114754098360656,0.3719512195121951,0.7329716513566709,68.5,72.70491803278688,79.0,3,0,629.917,218.0,8870.0,9088.0,1030.0,812.0,0.1161217587373168,0.08934859154929578,6.655737704918033,2.475609756097561,0.7449180327868853,0.0665573770491803,196,73,63,10,0.863013698630137,0.37244897959183676,0.7658757259343009,70.0,73.68493150684931,82.0,2,0,585.018,128.0,5379.0,5507.0,921.0,793.0,0.17122141662018964,0.143998547303432,10.863013698630137,4.045918367346939,0.7543835616438356,0.10863013698630142,66,24,18,6,0.75,0.36363636363636365,0.55100555994846,68.0,71.91666666666667,76.0,1,0,652.1285,43.0,1726.0,1769.0,74.0,31.0,0.04287369640787949,0.017524024872809497,1.2916666666666667,0.4696969696969697,0.7370833333333332,0.012916666666666798,66,25,18,7,0.72,0.3787878787878788,0.5242339480963842,68.0,70.6,75.0,0,0,650.557,47.0,1765.0,1812.0,35.0,-12.0,0.019830028328611898,-0.006622516556291391,-0.48,-0.18181818181818182,0.7248000000000002,-0.0048000000000002485,False,False,False
current,score_edge_m5__rv15_over_rv30_le_1,choose=score_min_book_rv15; score_min_book_rv15>=0.6; fee_edge>=-5c; ask<=95; sec>=120; rv15_over_rv30<=1,1,328,244,191,53,0.7827868852459017,0.7439024390243902,0.7268805510954872,67.5,70.52459016393442,74.0,5,0,658.3834999999999,453.0,17208.0,17661.0,1892.0,1439.0,0.1099488609948861,0.08147896495102203,5.897540983606557,4.387195121951219,0.7238114754098361,0.05897540983606553,196,147,117,30,0.7959183673469388,0.75,0.7236255200226551,67.0,71.0,75.0,4,0,665.548,268.0,10437.0,10705.0,1263.0,995.0,0.12101178499568842,0.0929472209248015,6.7687074829931975,5.076530612244898,0.7282312925170067,0.06768707482993208,66,47,38,9,0.8085106382978723,0.7121212121212122,0.6745599542033822,68.0,69.85106382978724,72.5,0,0,657.073,89.0,3283.0,3372.0,517.0,428.0,0.15747791653975024,0.1269276393831554,9.106382978723405,6.484848484848484,0.7174468085106385,0.09106382978723382,66,50,36,14,0.72,0.7575757575757576,0.5833487630404344,68.0,69.76,72.0,1,0,657.7915,96.0,3488.0,3584.0,112.0,16.0,0.03211009174311927,0.004464285714285714,0.32,0.24242424242424243,0.7167999999999999,0.0032000000000000917,False,True,True
current,score_edge_m5__rv15_over_rv30_le_1p2,choose=score_min_book_rv15; score_min_book_rv15>=0.6; fee_edge>=-5c; ask<=95; sec>=120; rv15_over_rv30<=1.2,1,328,299,228,71,0.7625418060200669,0.9115853658536586,0.7111705585971809,67.0,69.59531772575251,73.0,1,0,712.457,566.0,20809.0,21375.0,1991.0,1425.0,0.09567975395261666,0.06666666666666667,4.765886287625418,4.344512195121951,0.7148829431438127,0.047658862876254204,196,183,143,40,0.7814207650273224,0.9336734693877551,0.7160934024741231,67.0,69.87978142076503,73.0,0,0,712.947,342.0,12788.0,13130.0,1512.0,1170.0,0.11823584610572412,0.0891089108910891,6.39344262295082,5.969387755102041,0.7174863387978143,0.06393442622950807,66,57,44,13,0.7719298245614035,0.8636363636363636,0.647939889543265,68.0,69.10526315789474,71.0,0,0,681.545,109.0,3939.0,4048.0,461.0,352.0,0.11703478040111703,0.08695652173913043,6.175438596491228,5.333333333333333,0.7101754385964911,0.06175438596491234,66,59,41,18,0.6949152542372882,0.8939393939393939,0.5685367346805482,68.0,69.1864406779661,71.5,1,0,714.395,115.0,4082.0,4197.0,18.0,-97.0,0.004409603135717786,-0.023111746485584943,-1.6440677966101696,-1.4696969696969697,0.7113559322033899,-0.016440677966101713,True,False,False
current,score_edge_m5__rv15_over_rv30_ge_0p8,choose=score_min_book_rv15; score_min_book_rv15>=0.6; fee_edge>=-5c; ask<=95; sec>=120; rv15_over_rv30>=0.8,1,328,284,211,73,0.7429577464788732,0.8658536585365854,0.689127045053003,68.0,70.83802816901408,74.0,3,0,702.75,525.0,20118.0,20643.0,982.0,457.0,0.04881200914603837,0.022138255098580632,1.6091549295774648,1.3932926829268293,0.7268661971830986,0.01609154929577461,196,171,133,38,0.7777777777777778,0.8724489795918368,0.7097495681035656,68.0,70.81871345029239,75.0,0,0,707.533,314.0,12110.0,12424.0,1190.0,876.0,0.09826589595375723,0.07050869285254346,5.12280701754386,4.469387755102041,0.7265497076023393,0.05122807017543851,66,56,39,17,0.6964285714285714,0.8484848484848485,0.5666413471427516,69.0,70.53571428571429,74.25,0,0,651.745,106.0,3950.0,4056.0,-50.0,-156.0,-0.012658227848101266,-0.038461538461538464,-2.7857142857142856,-2.3636363636363638,0.7242857142857142,-0.027857142857142803,66,57,39,18,0.6842105263157895,0.8636363636363636,0.5552022530213655,68.0,71.19298245614036,73.0,3,0,702.161,105.0,4058.0,4163.0,-158.0,-263.0,-0.03893543617545589,-0.0631755945231804,-4.614035087719298,-3.984848484848485,0.7303508771929825,-0.04614035087719304,True,False,False
current,score_edge_m5__rv15_over_rv30_ge_1,choose=score_min_book_rv15; score_min_book_rv15>=0.6; fee_edge>=-5c; ask<=95; sec>=120; rv15_over_rv30>=1,1,328,194,143,51,0.7371134020618557,0.5914634146341463,0.6709972836349779,70.0,73.72164948453609,81.75,9,0,631.2155,342.0,14302.0,14644.0,-2.0,-344.0,-0.00013984058173682003,-0.023490849494673588,-1.7731958762886597,-1.048780487804878,0.7548453608247423,-0.01773195876288658,196,117,92,25,0.7863247863247863,0.5969387755102041,0.7035748148826341,72.0,74.2051282051282,84.0,4,0,648.561,202.0,8682.0,8884.0,518.0,316.0,0.059663671964985024,0.03556956325979289,2.700854700854701,1.6122448979591837,0.7593162393162393,0.027008547008547046,66,38,28,10,0.7368421052631579,0.5757575757575758,0.5799115381253364,69.0,73.05263157894737,81.0,1,0,614.6385,69.0,2776.0,2845.0,24.0,-45.0,0.008645533141210375,-0.015817223198594025,-1.1842105263157894,-0.6818181818181818,0.7486842105263158,-0.011842105263157987,66,39,23,16,0.5897435897435898,0.5909090909090909,0.4341862288289697,69.0,72.92307692307692,77.5,4,0,630.795,71.0,2844.0,2915.0,-544.0,-615.0,-0.19127988748241911,-0.2109777015437393,-15.76923076923077,-9.318181818181818,0.7474358974358976,-0.1576923076923078,False,False,False
current,score_edge_m5__rv15_over_rv30_ge_1p2,choose=score_min_book_rv15; score_min_book_rv15>=0.6; fee_edge>=-5c; ask<=95; sec>=120; rv15_over_rv30>=1.2,1,328,53,36,17,0.6792452830188679,0.16158536585365854,0.545185201490326,72.0,76.37735849056604,92.0,9,0,650.689,87.0,4048.0,4135.0,-448.0,-535.0,-0.11067193675889328,-0.1293833131801693,-10.09433962264151,-1.6310975609756098,0.780188679245283,-0.10094339622641513,196,31,22,9,0.7096774193548387,0.15816326530612246,0.5340767066925007,72.0,75.74193548387096,87.5,5,0,621.686,51.0,2348.0,2399.0,-148.0,-199.0,-0.06303236797274275,-0.08295122967903293,-6.419354838709677,-1.0153061224489797,0.7738709677419354,-0.06419354838709668,66,12,6,6,0.5,0.18181818181818182,0.2537815976337061,73.0,74.83333333333333,84.0,0,0,653.7365,21.0,898.0,919.0,-298.0,-319.0,-0.33184855233853006,-0.3471164309031556,-26.583333333333332,-4.833333333333333,0.7658333333333333,-0.26583333333333325,66,10,8,2,0.8,0.15151515151515152,0.4901624715366418,82.5,80.2,95.0,4,0,700.973,15.0,802.0,817.0,-2.0,-17.0,-0.0024937655860349127,-0.0208078335373317,-1.7,-0.25757575757575757,0.817,-0.016999999999999904,False,False,False
current,score_edge_m5__rv30_over_rv60_le_0p8,choose=score_min_book_rv15; score_min_book_rv15>=0.6; fee_edge>=-5c; ask<=95; sec>=120; rv30_over_rv60<=0.8,1,328,80,60,20,0.75,0.24390243902439024,0.6451532538076603,68.5,71.775,79.0,1,0,654.967,145.0,5742.0,5887.0,258.0,113.0,0.04493207941483804,0.019194836079497197,1.4125,0.3445121951219512,0.7358750000000001,0.014124999999999943,196,52,41,11,0.7884615384615384,0.2653061224489796,0.6596789537149543,69.5,72.88461538461539,81.0,0,0,649.072,92.0,3790.0,3882.0,310.0,218.0,0.08179419525065963,0.056156620298815046,4.1923076923076925,1.1122448979591837,0.7465384615384616,0.04192307692307684,66,13,9,4,0.6923076923076923,0.19696969696969696,0.42369343180549035,63.0,67.92307692307692,72.0,0,0,714.894,25.0,883.0,908.0,17.0,-8.0,0.01925254813137033,-0.00881057268722467,-0.6153846153846154,-0.12121212121212122,0.6984615384615386,-0.006153846153846287,66,15,10,5,0.6666666666666666,0.22727272727272727,0.41713547738519774,68.0,71.26666666666667,70.5,1,0,709.919,28.0,1069.0,1097.0,-69.0,-97.0,-0.06454630495790459,-0.08842297174111212,-6.466666666666667,-1.4696969696969697,0.7313333333333334,-0.06466666666666676,False,False,False
current,score_edge_m5__rv30_over_rv60_le_1,choose=score_min_book_rv15; score_min_book_rv15>=0.6; fee_edge>=-5c; ask<=95; sec>=120; rv30_over_rv60<=1,1,328,209,152,57,0.7272727272727273,0.6371951219512195,0.6631984463266392,67.0,69.377990430622,73.0,3,0,707.441,396.0,14500.0,14896.0,700.0,304.0,0.04827586206896552,0.02040816326530612,1.4545454545454546,0.926829268292683,0.7127272727272729,0.014545454545454417,196,130,100,30,0.7692307692307693,0.6632653061224489,0.6897074403782228,67.0,69.32307692307693,73.0,2,0,707.1495,246.0,9012.0,9258.0,988.0,742.0,0.10963160230803373,0.08014689997839707,5.707692307692308,3.7857142857142856,0.7121538461538462,0.057076923076923025,66,34,24,10,0.7058823529411765,0.5151515151515151,0.5383109020528556,68.5,70.26470588235294,71.75,0,0,668.901,63.0,2389.0,2452.0,11.0,-52.0,0.0046044370029300966,-0.021207177814029365,-1.5294117647058822,-0.7878787878787878,0.7211764705882352,-0.01529411764705868,66,45,28,17,0.6222222222222222,0.6818181818181818,0.47629934480889535,67.0,68.86666666666666,70.0,1,0,710.594,87.0,3099.0,3186.0,-299.0,-386.0,-0.09648273636656986,-0.12115505335844319,-8.577777777777778,-5.848484848484849,0.7080000000000001,-0.08577777777777784,False,False,False
current,score_edge_m5__rv30_over_rv60_ge_1,choose=score_min_book_rv15; score_min_book_rv15>=0.6; fee_edge>=-5c; ask<=95; sec>=120; rv30_over_rv60>=1,1,328,180,140,40,0.7777777777777778,0.5487804878048781,0.7115975049125901,69.0,73.26666666666667,79.0,8,0,652.1285,322.0,13188.0,13510.0,812.0,490.0,0.06157112526539278,0.03626943005181347,2.7222222222222223,1.4939024390243902,0.7505555555555555,0.02722222222222226,196,107,85,22,0.794392523364486,0.5459183673469388,0.7082636098265297,72.0,73.75700934579439,81.0,3,0,650.395,189.0,7892.0,8081.0,608.0,419.0,0.07704004054738976,0.051850018562059154,3.9158878504672896,2.1377551020408165,0.7552336448598131,0.03915887850467281,66,39,29,10,0.7435897435897436,0.5909090909090909,0.5891834407831603,69.0,71.3076923076923,75.0,1,0,652.146,73.0,2781.0,2854.0,119.0,46.0,0.042790363178712695,0.0161177295024527,1.1794871794871795,0.696969696969697,0.7317948717948719,0.011794871794871709,66,34,26,8,0.7647058823529411,0.5151515151515151,0.600038620774636,70.0,73.97058823529412,78.25,4,0,651.143,60.0,2515.0,2575.0,85.0,25.0,0.033797216699801194,0.009708737864077669,0.7352941176470589,0.3787878787878788,0.7573529411764707,0.007352941176470451,False,True,True
current,score_edge_m5__rv30_over_rv60_ge_1p2,choose=score_min_book_rv15; score_min_book_rv15>=0.6; fee_edge>=-5c; ask<=95; sec>=120; rv30_over_rv60>=1.2,1,328,39,33,6,0.8461538461538461,0.11890243902439024,0.7027053635107331,69.0,72.28205128205128,75.5,2,0,670.698,70.0,2819.0,2889.0,481.0,411.0,0.17062788222774034,0.142263759086189,10.538461538461538,1.2530487804878048,0.7407692307692308,0.1053846153846153,196,19,15,4,0.7894736842105263,0.09693877551020408,0.5666572155618583,69.0,72.26315789473684,72.5,1,0,627.966,34.0,1373.0,1407.0,127.0,93.0,0.09249817916970138,0.06609808102345416,4.894736842105263,0.4744897959183674,0.7405263157894736,0.04894736842105274,66,10,9,1,0.9,0.15151515151515152,0.5958499732047616,68.5,73.6,85.75,0,0,681.0865,17.0,736.0,753.0,164.0,147.0,0.22282608695652173,0.1952191235059761,14.7,2.227272727272727,0.753,0.14700000000000002,66,10,9,1,0.9,0.15151515151515152,0.5958499732047616,68.5,71.0,74.0,1,0,696.784,19.0,710.0,729.0,190.0,171.0,0.2676056338028169,0.2345679012345679,17.1,2.590909090909091,0.729,0.17100000000000004,False,True,True
current,score_edge_m5__rv15_over_rv60_le_0p8,choose=score_min_book_rv15; score_min_book_rv15>=0.6; fee_edge>=-5c; ask<=95; sec>=120; rv15_over_rv60<=0.8,1,328,154,118,36,0.7662337662337663,0.4695121951219512,0.6934120403732734,68.0,71.21428571428571,77.0,3,0,649.072,282.0,10967.0,11249.0,833.0,551.0,0.07595513814169783,0.048982131745044004,3.5779220779220777,1.6798780487804879,0.7304545454545455,0.0357792207792208,196,99,79,20,0.797979797979798,0.5051020408163265,0.7084558888292175,68.0,71.6969696969697,77.5,2,0,643.627,181.0,7098.0,7279.0,802.0,621.0,0.11298957452803607,0.08531391674680588,6.2727272727272725,3.1683673469387754,0.7352525252525253,0.06272727272727274,66,25,19,6,0.76,0.3787878787878788,0.5657031664457093,67.0,70.16,72.0,1,0,648.124,46.0,1754.0,1800.0,146.0,100.0,0.08323831242873432,0.05555555555555555,4.0,1.5151515151515151,0.7199999999999999,0.04000000000000015,66,30,20,10,0.6666666666666666,0.45454545454545453,0.4878005164454384,68.0,70.5,73.0,0,0,684.9345000000001,55.0,2115.0,2170.0,-115.0,-170.0,-0.054373522458628844,-0.07834101382488479,-5.666666666666667,-2.5757575757575757,0.7233333333333333,-0.05666666666666664,False,False,False
current,score_edge_m5__rv15_over_rv60_le_1,choose=score_min_book_rv15; score_min_book_rv15>=0.6; fee_edge>=-5c; ask<=95; sec>=120; rv15_over_rv60<=1,1,328,249,188,61,0.7550200803212851,0.7591463414634146,0.697992817053625,67.0,69.50200803212851,73.0,2,0,709.331,470.0,17306.0,17776.0,1494.0,1024.0,0.0863284410031203,0.0576057605760576,4.112449799196787,3.1219512195121952,0.7138955823293173,0.04112449799196782,196,147,115,32,0.782312925170068,0.75,0.7088761679692736,67.0,69.73469387755102,73.0,0,0,710.558,276.0,10251.0,10527.0,1249.0,973.0,0.12184177153448444,0.09242899211551249,6.619047619047619,4.964285714285714,0.7161224489795918,0.06619047619047624,66,50,39,11,0.78,0.7575757575757576,0.6475845041874633,66.0,69.1,71.75,1,0,652.1285,94.0,3455.0,3549.0,445.0,351.0,0.1287988422575977,0.0989010989010989,7.02,5.318181818181818,0.7098,0.07020000000000004,66,52,34,18,0.6538461538461539,0.7878787878787878,0.5180355424727014,68.0,69.23076923076923,72.0,1,0,712.4945,100.0,3600.0,3700.0,-200.0,-300.0,-0.05555555555555555,-0.08108108108108109,-5.769230769230769,-4.545454545454546,0.7115384615384616,-0.05769230769230771,False,False,False
current,score_edge_m5__rv15_over_rv60_ge_1,choose=score_min_book_rv15; score_min_book_rv15>=0.6; fee_edge>=-5c; ask<=95; sec>=120; rv15_over_rv60>=1,1,328,140,104,36,0.7428571428571429,0.4268292682926829,0.6646531891574827,69.5,74.35714285714286,84.25,9,0,634.6655000000001,241.0,10410.0,10651.0,-10.0,-251.0,-0.0009606147934678194,-0.023565862360341753,-1.792857142857143,-0.7652439024390244,0.7607857142857143,-0.017928571428571405,196,76,58,18,0.7631578947368421,0.3877551020408163,0.6563861526536232,70.5,73.9342105263158,84.0,1,0,646.9765,130.0,5619.0,5749.0,181.0,51.0,0.032212137390994836,0.008871108018785876,0.6710526315789473,0.2602040816326531,0.7564473684210528,0.006710526315789389,66,33,23,10,0.696969696969697,0.5,0.5266186485419944,73.0,75.45454545454545,82.0,3,0,634.472,58.0,2490.0,2548.0,-190.0,-248.0,-0.07630522088353414,-0.09733124018838304,-7.515151515151516,-3.757575757575758,0.772121212121212,-0.07515151515151497,66,31,23,8,0.7419354838709677,0.4696969696969697,0.567538641905662,67.0,74.2258064516129,89.0,5,0,617.845,53.0,2301.0,2354.0,-1.0,-54.0,-0.000434593654932638,-0.022939677145284623,-1.7419354838709677,-0.8181818181818182,0.7593548387096776,-0.017419354838709822,False,False,False
current,score_edge_m5__rv15_over_rv60_ge_1p2,choose=score_min_book_rv15; score_min_book_rv15>=0.6; fee_edge>=-5c; ask<=95; sec>=120; rv15_over_rv60>=1.2,1,328,55,41,14,0.7454545454545455,0.1676829268292683,0.6169812871823414,73.0,75.89090909090909,85.5,7,0,691.407,92.0,4174.0,4266.0,-74.0,-166.0,-0.01772879731672257,-0.038912330051570555,-3.018181818181818,-0.5060975609756098,0.7756363636363637,-0.0301818181818182,196,33,26,7,0.7878787878787878,0.1683673469387755,0.6224835500784931,72.0,75.81818181818181,85.0,4,0,711.823,54.0,2502.0,2556.0,98.0,44.0,0.03916866506794564,0.017214397496087636,1.3333333333333333,0.22448979591836735,0.7745454545454546,0.013333333333333197,66,14,9,5,0.6428571428571429,0.21212121212121213,0.387644231039074,71.0,73.21428571428571,77.25,1,0,652.7555,26.0,1025.0,1051.0,-125.0,-151.0,-0.12195121951219512,-0.14367269267364416,-10.785714285714286,-2.287878787878788,0.7507142857142858,-0.10785714285714287,66,8,6,2,0.75,0.12121212121212122,0.40927543031016894,81.0,80.875,92.75,2,0,681.0525,12.0,647.0,659.0,-47.0,-59.0,-0.07264296754250386,-0.08952959028831563,-7.375,-0.8939393939393939,0.82375,-0.07374999999999998,False,False,False
current,score_edge_m5__rv15_minus_rv30_le_m10,choose=score_min_book_rv15; score_min_book_rv15>=0.6; fee_edge>=-5c; ask<=95; sec>=120; rv15_minus_rv30<=-10,1,328,132,106,26,0.803030303030303,0.4024390243902439,0.7270339428673418,67.0,70.34848484848484,74.0,3,0,674.776,245.0,9286.0,9531.0,1314.0,1069.0,0.14150333835881973,0.11216031895918581,8.098484848484848,3.2591463414634148,0.7220454545454545,0.08098484848484844,196,72,61,11,0.8472222222222222,0.3673469387755102,0.7467771063249945,67.0,70.68055555555556,76.0,1,0,699.274,132.0,5089.0,5221.0,1011.0,879.0,0.1986637846335233,0.16835855200153227,12.208333333333334,4.48469387755102,0.7251388888888888,0.12208333333333343,66,20,16,4,0.8,0.30303030303030304,0.5839825677481064,66.5,70.05,70.75,1,0,669.309,37.0,1401.0,1438.0,199.0,162.0,0.14204139900071378,0.11265646731571627,8.1,2.4545454545454546,0.7190000000000001,0.08099999999999996,66,40,29,11,0.725,0.6060606060606061,0.5716504419378943,68.0,69.9,73.25,1,0,657.7915,76.0,2796.0,2872.0,104.0,28.0,0.03719599427753934,0.009749303621169917,0.7,0.42424242424242425,0.718,0.007000000000000006,False,True,True
current,score_edge_m5__rv15_minus_rv30_le_0,choose=score_min_book_rv15; score_min_book_rv15>=0.6; fee_edge>=-5c; ask<=95; sec>=120; rv15_minus_rv30<=0,1,328,244,191,53,0.7827868852459017,0.7439024390243902,0.7268805510954872,67.5,70.52459016393442,74.0,5,0,658.3834999999999,453.0,17208.0,17661.0,1892.0,1439.0,0.1099488609948861,0.08147896495102203,5.897540983606557,4.387195121951219,0.7238114754098361,0.05897540983606553,196,147,117,30,0.7959183673469388,0.75,0.7236255200226551,67.0,71.0,75.0,4,0,665.548,268.0,10437.0,10705.0,1263.0,995.0,0.12101178499568842,0.0929472209248015,6.7687074829931975,5.076530612244898,0.7282312925170067,0.06768707482993208,66,47,38,9,0.8085106382978723,0.7121212121212122,0.6745599542033822,68.0,69.85106382978724,72.5,0,0,657.073,89.0,3283.0,3372.0,517.0,428.0,0.15747791653975024,0.1269276393831554,9.106382978723405,6.484848484848484,0.7174468085106385,0.09106382978723382,66,50,36,14,0.72,0.7575757575757576,0.5833487630404344,68.0,69.76,72.0,1,0,657.7915,96.0,3488.0,3584.0,112.0,16.0,0.03211009174311927,0.004464285714285714,0.32,0.24242424242424243,0.7167999999999999,0.0032000000000000917,False,True,True
current,score_edge_m5__rv15_minus_rv30_ge_0,choose=score_min_book_rv15; score_min_book_rv15>=0.6; fee_edge>=-5c; ask<=95; sec>=120; rv15_minus_rv30>=0,1,328,194,143,51,0.7371134020618557,0.5914634146341463,0.6709972836349779,70.0,73.72164948453609,81.75,9,0,631.2155,342.0,14302.0,14644.0,-2.0,-344.0,-0.00013984058173682003,-0.023490849494673588,-1.7731958762886597,-1.048780487804878,0.7548453608247423,-0.01773195876288658,196,117,92,25,0.7863247863247863,0.5969387755102041,0.7035748148826341,72.0,74.2051282051282,84.0,4,0,648.561,202.0,8682.0,8884.0,518.0,316.0,0.059663671964985024,0.03556956325979289,2.700854700854701,1.6122448979591837,0.7593162393162393,0.027008547008547046,66,38,28,10,0.7368421052631579,0.5757575757575758,0.5799115381253364,69.0,73.05263157894737,81.0,1,0,614.6385,69.0,2776.0,2845.0,24.0,-45.0,0.008645533141210375,-0.015817223198594025,-1.1842105263157894,-0.6818181818181818,0.7486842105263158,-0.011842105263157987,66,39,23,16,0.5897435897435898,0.5909090909090909,0.4341862288289697,69.0,72.92307692307692,77.5,4,0,630.795,71.0,2844.0,2915.0,-544.0,-615.0,-0.19127988748241911,-0.2109777015437393,-15.76923076923077,-9.318181818181818,0.7474358974358976,-0.1576923076923078,False,False,False
current,score_edge_m5__rv15_minus_rv30_ge_10,choose=score_min_book_rv15; score_min_book_rv15>=0.6; fee_edge>=-5c; ask<=95; sec>=120; rv15_minus_rv30>=10,1,328,78,56,22,0.717948717948718,0.23780487804878048,0.6096907122939889,69.5,74.42307692307692,83.0,8,0,649.9645,135.0,5805.0,5940.0,-205.0,-340.0,-0.03531438415159346,-0.05723905723905724,-4.358974358974359,-1.0365853658536586,0.7615384615384616,-0.04358974358974366,196,39,32,7,0.8205128205128205,0.1989795918367347,0.6733195433811838,70.0,74.33333333333333,84.5,4,0,633.662,67.0,2899.0,2966.0,301.0,234.0,0.10382890651948948,0.07889413351314903,6.0,1.1938775510204083,0.7605128205128205,0.05999999999999994,66,11,6,5,0.5454545454545454,0.16666666666666666,0.28009153740932197,71.0,71.0909090909091,75.0,0,0,708.741,21.0,782.0,803.0,-182.0,-203.0,-0.23273657289002558,-0.25280199252801994,-18.454545454545453,-3.0757575757575757,0.73,-0.18454545454545457,66,28,18,10,0.6428571428571429,0.42424242424242425,0.45830306514427804,69.0,75.85714285714286,88.25,4,0,652.7785,47.0,2124.0,2171.0,-324.0,-371.0,-0.15254237288135594,-0.1708889912482727,-13.25,-5.621212121212121,0.775357142857143,-0.13250000000000006,False,False,False
current,score_edge_m5__rv15_over_rv30_le_1__rv30_over_rv60_le_1,choose=score_min_book_rv15; score_min_book_rv15>=0.6; fee_edge>=-5c; ask<=95; sec>=120; rv15_over_rv30<=1; rv30_over_rv60<=1,2,328,160,123,37,0.76875,0.4878048780487805,0.6975811590318565,68.0,71.50625,77.0,3,0,649.025,289.0,11441.0,11730.0,859.0,570.0,0.075080849576086,0.04859335038363171,3.5625,1.7378048780487805,0.733125,0.03562500000000002,196,102,81,21,0.7941176470588235,0.5204081632653061,0.7056745056103343,68.0,71.8529411764706,78.0,3,0,634.572,182.0,7329.0,7511.0,771.0,589.0,0.1051985264019648,0.07841831979763014,5.7745098039215685,3.0051020408163267,0.7363725490196078,0.05774509803921568,66,25,19,6,0.76,0.3787878787878788,0.5657031664457093,69.0,72.16,80.0,0,0,656.257,45.0,1804.0,1849.0,96.0,51.0,0.05321507760532151,0.027582477014602487,2.04,0.7727272727272727,0.7395999999999999,0.020400000000000085,66,33,23,10,0.696969696969697,0.5,0.5266186485419944,67.0,69.93939393939394,73.0,0,0,655.496,62.0,2308.0,2370.0,-8.0,-70.0,-0.0034662045060658577,-0.029535864978902954,-2.121212121212121,-1.0606060606060606,0.7181818181818183,-0.021212121212121238,False,False,False
current,score_edge_m5__rv15_over_rv30_ge_1__rv30_over_rv60_ge_1,choose=score_min_book_rv15; score_min_book_rv15>=0.6; fee_edge>=-5c; ask<=95; sec>=120; rv15_over_rv30>=1; rv30_over_rv60>=1,2,328,82,65,17,0.7926829268292683,0.25,0.6928342703478702,75.0,77.78048780487805,88.75,11,0,631.703,132.0,6378.0,6510.0,122.0,-10.0,0.019128253370962685,-0.0015360983102918587,-0.12195121951219512,-0.03048780487804878,0.7939024390243902,-0.0012195121951218413,196,46,37,9,0.8043478260869565,0.23469387755102042,0.668287410770154,76.0,77.97826086956522,87.75,4,0,649.27,73.0,3587.0,3660.0,113.0,40.0,0.03150264845274603,0.01092896174863388,0.8695652173913043,0.20408163265306123,0.7956521739130435,0.008695652173912993,66,21,15,6,0.7142857142857143,0.3181818181818182,0.5004361928391441,73.0,75.33333333333333,82.0,2,0,627.619,37.0,1582.0,1619.0,-82.0,-119.0,-0.051833122629582805,-0.07350216182828907,-5.666666666666667,-1.803030303030303,0.7709523809523811,-0.056666666666666754,66,15,13,2,0.8666666666666667,0.22727272727272727,0.6211801716767764,86.0,80.6,95.0,5,0,424.724,22.0,1209.0,1231.0,91.0,69.0,0.07526881720430108,0.056051990251827784,4.6,1.0454545454545454,0.8206666666666668,0.04599999999999993,False,False,False
current,score_edge_m5__rv15_over_rv30_le_0p8__rv_sigma_t_15m_le_100,choose=score_min_book_rv15; score_min_book_rv15>=0.6; fee_edge>=-5c; ask<=95; sec>=120; rv15_over_rv30<=0.8; rv_sigma_t_15m<=100,2,328,108,89,19,0.8240740740740741,0.32926829268292684,0.7415045937948217,68.0,73.03703703703704,82.25,2,0,591.9615,189.0,7888.0,8077.0,1012.0,823.0,0.12829614604462475,0.10189426767364121,7.62037037037037,2.5091463414634148,0.7478703703703705,0.07620370370370355,196,67,58,9,0.8656716417910447,0.34183673469387754,0.7639962773866296,69.0,73.53731343283582,83.5,1,0,579.76,117.0,4927.0,5044.0,873.0,756.0,0.177186929165821,0.14988104678826328,11.283582089552239,3.857142857142857,0.7528358208955224,0.11283582089552235,66,24,18,6,0.75,0.36363636363636365,0.55100555994846,68.0,71.91666666666667,76.0,1,0,652.1285,43.0,1726.0,1769.0,74.0,31.0,0.04287369640787949,0.017524024872809497,1.2916666666666667,0.4696969696969697,0.7370833333333332,0.012916666666666798,66,17,13,4,0.7647058823529411,0.25757575757575757,0.5273820188043501,67.0,72.6470588235294,83.0,0,0,535.41,29.0,1235.0,1264.0,65.0,36.0,0.05263157894736842,0.028481012658227847,2.1176470588235294,0.5454545454545454,0.7435294117647059,0.02117647058823524,False,True,True
current,score_edge_m5__rv15_over_rv30_ge_1p2__rv_sigma_t_15m_ge_75,choose=score_min_book_rv15; score_min_book_rv15>=0.6; fee_edge>=-5c; ask<=95; sec>=120; rv15_over_rv30>=1.2; rv_sigma_t_15m>=75,2,328,30,24,6,0.8,0.09146341463414634,0.6269430358685175,70.5,73.53333333333333,75.0,5,0,708.137,54.0,2206.0,2260.0,194.0,140.0,0.08794197642792384,0.061946902654867256,4.666666666666667,0.4268292682926829,0.7533333333333334,0.046666666666666634,196,14,13,1,0.9285714285714286,0.07142857142857142,0.6853129557584889,68.0,69.78571428571429,72.0,1,0,709.461,27.0,977.0,1004.0,323.0,296.0,0.330603889457523,0.2948207171314741,21.142857142857142,1.510204081632653,0.7171428571428571,0.21142857142857152,66,6,3,3,0.5,0.09090909090909091,0.1876163064826505,73.0,71.16666666666667,75.0,0,0,703.6155,12.0,427.0,439.0,-127.0,-139.0,-0.297423887587822,-0.31662870159453305,-23.166666666666668,-2.106060606060606,0.7316666666666666,-0.23166666666666658,66,10,8,2,0.8,0.15151515151515152,0.4901624715366418,82.5,80.2,95.0,4,0,700.973,15.0,802.0,817.0,-2.0,-17.0,-0.0024937655860349127,-0.0208078335373317,-1.7,-0.25757575757575757,0.817,-0.016999999999999904,False,False,False
v21,book_margin,choose=book_p_side; book_p_side>=0.6; fee_edge>=-100c; ask<=95; sec>=120; margin_rv15>=0,0,221,219,156,63,0.7123287671232876,0.9909502262443439,0.6491214398502179,66.0,67.32420091324201,70.5,0,0,779.813589,431.0,14744.0,15175.0,856.0,425.0,0.05805751492132393,0.02800658978583196,1.9406392694063928,1.9230769230769231,0.6929223744292238,0.019406392694063856,132,131,90,41,0.6870229007633588,0.9924242424242424,0.6032467934308663,66.0,67.33587786259542,71.0,0,0,779.94713,259.0,8821.0,9080.0,179.0,-80.0,0.020292483845369007,-0.00881057268722467,-0.6106870229007634,-0.6060606060606061,0.6931297709923665,-0.006106870229007688,44,44,32,12,0.7272727272727273,1.0,0.581511269075488,64.5,65.93181818181819,67.0,0,0,779.7111965,87.0,2901.0,2988.0,299.0,212.0,0.10306790761806274,0.07095046854082998,4.818181818181818,4.818181818181818,0.6790909090909091,0.048181818181818215,45,44,34,10,0.7727272727272727,0.9777777777777777,0.6300764193536366,67.0,68.68181818181819,71.25,0,0,779.378346,85.0,3022.0,3107.0,378.0,293.0,0.12508272667107875,0.09430318635339556,6.659090909090909,6.511111111111111,0.7061363636363637,0.06659090909090903,True,False,True
v21,book_margin__rv15_over_rv30_le_0p8,choose=book_p_side; book_p_side>=0.6; fee_edge>=-100c; ask<=95; sec>=120; margin_rv15>=0; rv15_over_rv30<=0.8,1,221,90,68,22,0.7555555555555555,0.4072398190045249,0.6575162887069911,70.0,71.62222222222222,77.0,1,0,599.709163,166.0,6446.0,6612.0,354.0,188.0,0.054917778467266525,0.028433151845130067,2.088888888888889,0.8506787330316742,0.7346666666666666,0.020888888888888957,132,51,34,17,0.6666666666666666,0.38636363636363635,0.529683778569708,66.0,70.0,75.5,1,0,599.873514,97.0,3570.0,3667.0,-170.0,-267.0,-0.047619047619047616,-0.07281156258521952,-5.235294117647059,-2.022727272727273,0.7190196078431375,-0.052352941176470824,44,17,14,3,0.8235294117647058,0.38636363636363635,0.5897054143116587,67.0,69.88235294117646,75.0,0,0,659.365421,32.0,1188.0,1220.0,212.0,180.0,0.17845117845117844,0.14754098360655737,10.588235294117647,4.090909090909091,0.7176470588235295,0.10588235294117632,45,22,20,2,0.9090909090909091,0.4888888888888889,0.7218505315839417,74.5,76.72727272727273,86.75,0,0,539.478212,37.0,1688.0,1725.0,312.0,275.0,0.1848341232227488,0.15942028985507245,12.5,6.111111111111111,0.7840909090909091,0.125,False,False,True
v21,book_margin__rv15_over_rv30_le_1,choose=book_p_side; book_p_side>=0.6; fee_edge>=-100c; ask<=95; sec>=120; margin_rv15>=0; rv15_over_rv30<=1,1,221,175,127,48,0.7257142857142858,0.7918552036199095,0.6552984641092499,67.0,69.91428571428571,74.0,2,0,719.838602,329.0,12235.0,12564.0,465.0,136.0,0.0380057212913772,0.010824578159821713,0.7771428571428571,0.6153846153846154,0.7179428571428571,0.007771428571428651,132,101,71,30,0.7029702970297029,0.7651515151515151,0.6077495802310494,67.0,69.39603960396039,74.0,1,0,779.099908,193.0,7009.0,7202.0,91.0,-102.0,0.012983307176487373,-0.01416273257428492,-1.00990099009901,-0.7727272727272727,0.713069306930693,-0.010099009900990108,44,39,29,10,0.7435897435897436,0.8863636363636364,0.5891834407831603,65.0,68.07692307692308,71.5,0,0,779.364427,74.0,2655.0,2729.0,245.0,171.0,0.09227871939736347,0.06266031513374863,4.384615384615385,3.8863636363636362,0.6997435897435897,0.04384615384615387,45,35,27,8,0.7714285714285715,0.7777777777777778,0.6098268310800976,71.0,73.45714285714286,78.5,1,0,659.139432,62.0,2571.0,2633.0,129.0,67.0,0.050175029171528586,0.02544625902012913,1.9142857142857144,1.488888888888889,0.7522857142857143,0.019142857142857128,False,False,True
v21,book_margin__rv15_over_rv30_le_1p2,choose=book_p_side; book_p_side>=0.6; fee_edge>=-100c; ask<=95; sec>=120; margin_rv15>=0; rv15_over_rv30<=1.2,1,221,216,156,60,0.7222222222222222,0.9773755656108597,0.6590043650560222,66.0,68.26851851851852,71.0,0,0,779.5122034999999,416.0,14746.0,15162.0,854.0,438.0,0.057914010579140106,0.02888800949742778,2.0277777777777777,1.9819004524886878,0.7019444444444445,0.020277777777777728,132,128,89,39,0.6953125,0.9696969696969697,0.610848991608053,66.0,68.4296875,71.25,0,0,779.7981850000001,247.0,8759.0,9006.0,141.0,-106.0,0.01609772805114739,-0.01176993115700644,-0.828125,-0.803030303030303,0.70359375,-0.008281250000000018,44,44,32,12,0.7272727272727273,1.0,0.581511269075488,64.5,66.22727272727273,67.0,0,0,779.492575,86.0,2914.0,3000.0,286.0,200.0,0.09814687714481812,0.06666666666666667,4.545454545454546,4.545454545454546,0.6818181818181818,0.045454545454545525,45,44,35,9,0.7954545454545454,0.9777777777777777,0.6549942193889834,67.5,69.8409090909091,73.75,0,0,779.202374,83.0,3073.0,3156.0,427.0,344.0,0.13895216400911162,0.10899873257287707,7.818181818181818,7.644444444444445,0.7172727272727273,0.07818181818181813,True,False,True
v21,book_margin__rv15_over_rv30_ge_0p8,choose=book_p_side; book_p_side>=0.6; fee_edge>=-100c; ask<=95; sec>=120; margin_rv15>=0; rv15_over_rv30>=0.8,1,221,212,153,59,0.7216981132075472,0.9592760180995475,0.6578340217176867,67.0,68.70754716981132,72.0,1,0,779.466635,408.0,14566.0,14974.0,734.0,326.0,0.05039132225731155,0.021771069854414318,1.5377358490566038,1.4751131221719458,0.7063207547169812,0.015377358490565984,132,128,89,39,0.6953125,0.9696969696969697,0.610848991608053,67.0,68.4296875,72.0,0,0,779.7485535000001,250.0,8759.0,9009.0,141.0,-109.0,0.01609772805114739,-0.0120990120990121,-0.8515625,-0.8257575757575758,0.703828125,-0.008515625000000027,44,43,32,11,0.7441860465116279,0.9772727272727273,0.5976159650115332,65.0,68.37209302325581,71.0,1,0,779.364427,81.0,2940.0,3021.0,260.0,179.0,0.08843537414965986,0.05925190334326382,4.162790697674419,4.068181818181818,0.7025581395348838,0.04162790697674412,45,41,32,9,0.7804878048780488,0.9111111111111111,0.6329499401177383,67.0,69.92682926829268,77.0,0,0,779.214524,77.0,2867.0,2944.0,333.0,256.0,0.11614928496686432,0.08695652173913043,6.2439024390243905,5.688888888888889,0.718048780487805,0.06243902439024385,True,False,True
v21,book_margin__rv15_over_rv30_ge_1,choose=book_p_side; book_p_side>=0.6; fee_edge>=-100c; ask<=95; sec>=120; margin_rv15>=0; rv15_over_rv30>=1,1,221,163,123,40,0.754601226993865,0.7375565610859729,0.6831798514576098,68.0,71.97546012269939,78.0,2,0,719.605151,298.0,11732.0,12030.0,568.0,270.0,0.0484145925673372,0.022443890274314215,1.656441717791411,1.2217194570135748,0.738036809815951,0.016564417177914015,132,100,77,23,0.77,0.7575757575757576,0.6784561697712623,69.0,72.51,78.0,1,0,719.5646865,181.0,7251.0,7432.0,449.0,268.0,0.061922493449179425,0.03606027987082885,2.68,2.0303030303030303,0.7432000000000001,0.026799999999999935,44,32,23,9,0.71875,0.7272727272727273,0.5462549057408342,67.0,70.375,77.25,1,0,719.2061719999999,61.0,2252.0,2313.0,48.0,-13.0,0.021314387211367674,-0.005620406398616515,-0.40625,-0.29545454545454547,0.7228125,-0.004062499999999969,45,31,23,8,0.7419354838709677,0.6888888888888889,0.567538641905662,68.0,71.90322580645162,79.5,0,0,779.190224,56.0,2229.0,2285.0,71.0,15.0,0.031852848811126065,0.006564551422319475,0.4838709677419355,0.3333333333333333,0.7370967741935485,0.004838709677419284,False,False,False
v21,book_margin__rv15_over_rv30_ge_1p2,choose=book_p_side; book_p_side>=0.6; fee_edge>=-100c; ask<=95; sec>=120; margin_rv15>=0; rv15_over_rv30>=1.2,1,221,61,45,16,0.7377049180327869,0.27601809954751133,0.6156325821638563,72.0,74.63934426229508,81.0,5,0,659.457208,109.0,4553.0,4662.0,-53.0,-162.0,-0.0116406764770481,-0.03474903474903475,-2.6557377049180326,-0.7330316742081447,0.7642622950819672,-0.026557377049180264,132,38,29,9,0.7631578947368421,0.2878787878787879,0.6079318763676019,69.5,72.94736842105263,79.0,2,0,719.0865265,70.0,2772.0,2842.0,128.0,58.0,0.046176046176046176,0.02040816326530612,1.5263157894736843,0.4393939393939394,0.7478947368421053,0.015263157894736867,44,12,10,2,0.8333333333333334,0.2727272727272727,0.5519691377470266,77.5,81.0,92.75,3,0,539.790333,19.0,972.0,991.0,28.0,9.0,0.02880658436213992,0.009081735620585268,0.75,0.20454545454545456,0.8258333333333333,0.007500000000000062,45,11,6,5,0.5454545454545454,0.24444444444444444,0.28009153740932197,72.0,73.54545454545455,78.0,0,0,659.437657,20.0,809.0,829.0,-209.0,-229.0,-0.2583436341161928,-0.2762364294330519,-20.818181818181817,-5.088888888888889,0.7536363636363638,-0.20818181818181836,False,False,False
v21,book_margin__rv30_over_rv60_le_0p8,choose=book_p_side; book_p_side>=0.6; fee_edge>=-100c; ask<=95; sec>=120; margin_rv15>=0; rv30_over_rv60<=0.8,1,221,57,39,18,0.6842105263157895,0.2579185520361991,0.5552022530213655,68.0,71.82456140350877,79.0,1,0,659.914996,104.0,4094.0,4198.0,-194.0,-298.0,-0.04738641914997557,-0.07098618389709385,-5.228070175438597,-1.3484162895927603,0.7364912280701755,-0.05228070175438604,132,35,21,14,0.6,0.26515151515151514,0.435727090128925,66.0,70.25714285714285,74.0,1,0,659.289308,66.0,2459.0,2525.0,-359.0,-425.0,-0.14599430662871085,-0.16831683168316833,-12.142857142857142,-3.2196969696969697,0.7214285714285714,-0.12142857142857144,44,8,8,0,1.0,0.18181818181818182,0.6755924351161198,80.0,76.375,84.0,0,0,719.482808,13.0,611.0,624.0,189.0,176.0,0.309328968903437,0.28205128205128205,22.0,4.0,0.78,0.21999999999999997,45,14,10,4,0.7142857142857143,0.3111111111111111,0.4535091567010681,70.5,73.14285714285714,80.5,0,0,779.166385,25.0,1024.0,1049.0,-24.0,-49.0,-0.0234375,-0.04671115347950429,-3.5,-1.0888888888888888,0.7492857142857144,-0.03500000000000014,False,False,False
v21,book_margin__rv30_over_rv60_le_1,choose=book_p_side; book_p_side>=0.6; fee_edge>=-100c; ask<=95; sec>=120; margin_rv15>=0; rv30_over_rv60<=1,1,221,150,110,40,0.7333333333333333,0.6787330316742082,0.6573854995109168,66.0,68.9,72.0,0,0,779.230836,284.0,10335.0,10619.0,665.0,381.0,0.06434446057087566,0.035879084659572465,2.54,1.7239819004524888,0.7079333333333333,0.025399999999999978,132,85,55,30,0.6470588235294118,0.6439393939393939,0.5411250053311215,66.0,68.7764705882353,72.0,0,0,779.414322,162.0,5846.0,6008.0,-346.0,-508.0,-0.05918576804652754,-0.08455392809587217,-5.976470588235294,-3.8484848484848486,0.7068235294117647,-0.05976470588235294,44,33,28,5,0.8484848484848485,0.75,0.6908012411955788,66.0,68.0909090909091,71.0,0,0,779.247148,63.0,2247.0,2310.0,553.0,490.0,0.24610591900311526,0.21212121212121213,14.848484848484848,11.136363636363637,0.7000000000000001,0.14848484848484844,45,32,27,5,0.84375,0.7111111111111111,0.6824585040246961,67.0,70.0625,75.0,0,0,749.4167285000001,59.0,2242.0,2301.0,458.0,399.0,0.20428189116859946,0.17340286831812254,12.46875,8.866666666666667,0.7190624999999999,0.12468750000000006,False,False,True
v21,book_margin__rv30_over_rv60_ge_1,choose=book_p_side; book_p_side>=0.6; fee_edge>=-100c; ask<=95; sec>=120; margin_rv15>=0; rv30_over_rv60>=1,1,221,140,105,35,0.75,0.6334841628959276,0.6722461054834166,69.0,71.58571428571429,76.0,3,0,779.358107,260.0,10022.0,10282.0,478.0,218.0,0.04769507084414289,0.021202100758607276,1.5571428571428572,0.9864253393665159,0.7344285714285714,0.01557142857142857,132,86,70,16,0.813953488372093,0.6515151515151515,0.7189498897582023,70.0,72.16279069767442,75.75,3,0,779.4914225,158.0,6206.0,6364.0,794.0,636.0,0.1279407025459233,0.09993714644877436,7.395348837209302,4.818181818181818,0.7400000000000001,0.07395348837209292,44,28,16,12,0.5714285714285714,0.6363636363636364,0.3907078562746876,65.5,69.25,75.25,0,0,779.2282540000001,54.0,1939.0,1993.0,-339.0,-393.0,-0.17483238782877772,-0.19719016557952834,-14.035714285714286,-8.931818181818182,0.7117857142857141,-0.14035714285714274,45,26,19,7,0.7307692307692307,0.5777777777777777,0.5391695962082382,70.0,72.1923076923077,77.75,0,0,779.134503,48.0,1877.0,1925.0,23.0,-25.0,0.012253596164091636,-0.012987012987012988,-0.9615384615384616,-0.5555555555555556,0.7403846153846152,-0.00961538461538447,False,False,False
v21,book_margin__rv30_over_rv60_ge_1p2,choose=book_p_side; book_p_side>=0.6; fee_edge>=-100c; ask<=95; sec>=120; margin_rv15>=0; rv30_over_rv60>=1.2,1,221,27,18,9,0.6666666666666666,0.12217194570135746,0.4782476050732008,71.0,73.51851851851852,80.5,1,0,719.943082,48.0,1985.0,2033.0,-185.0,-233.0,-0.09319899244332494,-0.1146089522872602,-8.62962962962963,-1.0542986425339367,0.752962962962963,-0.08629629629629632,132,20,13,7,0.65,0.15151515151515152,0.43285427668523635,71.0,73.3,81.75,1,0,779.2974465,35.0,1466.0,1501.0,-166.0,-201.0,-0.11323328785811733,-0.13391072618254496,-10.05,-1.5227272727272727,0.7505,-0.10049999999999992,44,2,2,0,1.0,0.045454545454545456,0.3423802275066531,79.5,79.5,79.75,0,0,599.635638,4.0,159.0,163.0,41.0,37.0,0.2578616352201258,0.22699386503067484,18.5,0.8409090909090909,0.815,0.18500000000000005,45,5,3,2,0.6,0.1111111111111111,0.23072428127601285,69.0,72.0,72.0,0,0,599.92687,9.0,360.0,369.0,-60.0,-69.0,-0.16666666666666666,-0.18699186991869918,-13.8,-1.5333333333333334,0.7379999999999999,-0.1379999999999999,False,False,False
v21,book_margin__rv15_over_rv60_le_0p8,choose=book_p_side; book_p_side>=0.6; fee_edge>=-100c; ask<=95; sec>=120; margin_rv15>=0; rv15_over_rv60<=0.8,1,221,115,81,34,0.7043478260869566,0.5203619909502263,0.6154327036904665,67.0,70.61739130434782,76.0,1,0,659.289308,216.0,8121.0,8337.0,-21.0,-237.0,-0.0025858884373845584,-0.028427491903562432,-2.0608695652173914,-1.0723981900452488,0.7249565217391306,-0.020608695652174047,132,65,41,24,0.6307692307692307,0.49242424242424243,0.5092381736255003,67.0,69.98461538461538,75.0,1,0,659.289308,124.0,4549.0,4673.0,-449.0,-573.0,-0.09870301165091229,-0.12261930237534774,-8.815384615384616,-4.340909090909091,0.718923076923077,-0.08815384615384625,44,21,17,4,0.8095238095238095,0.4772727272727273,0.5999943530979507,65.0,66.66666666666667,67.0,0,0,719.376381,42.0,1400.0,1442.0,300.0,258.0,0.21428571428571427,0.17891816920943135,12.285714285714286,5.863636363636363,0.6866666666666666,0.12285714285714289,45,29,23,6,0.7931034482758621,0.6444444444444445,0.616099095961321,71.0,74.89655172413794,83.0,0,0,599.866487,50.0,2172.0,2222.0,128.0,78.0,0.058931860036832415,0.0351035103510351,2.689655172413793,1.7333333333333334,0.7662068965517242,0.02689655172413785,False,False,True
v21,book_margin__rv15_over_rv60_le_1,choose=book_p_side; book_p_side>=0.6; fee_edge>=-100c; ask<=95; sec>=120; margin_rv15>=0; rv15_over_rv60<=1,1,221,171,120,51,0.7017543859649122,0.7737556561085973,0.6293650606096,66.0,68.64912280701755,72.0,1,0,779.214524,326.0,11739.0,12065.0,261.0,-65.0,0.022233580373115257,-0.005387484459179445,-0.38011695906432746,-0.29411764705882354,0.7055555555555556,-0.0038011695906433607,132,95,61,34,0.6421052631578947,0.7196969696969697,0.5419151425091454,66.0,67.8,71.5,1,0,779.458061,186.0,6441.0,6627.0,-341.0,-527.0,-0.05294208973761838,-0.0795231628187717,-5.5473684210526315,-3.992424242424242,0.697578947368421,-0.05547368421052623,44,38,29,9,0.7631578947368421,0.8636363636363636,0.6079318763676019,65.0,69.3157894736842,73.5,0,0,749.501664,70.0,2634.0,2704.0,266.0,196.0,0.10098709187547457,0.07248520710059171,5.157894736842105,4.454545454545454,0.711578947368421,0.05157894736842117,45,38,30,8,0.7894736842105263,0.8444444444444444,0.636542205246726,67.0,70.10526315789474,75.0,0,0,749.4167285000001,70.0,2664.0,2734.0,336.0,266.0,0.12612612612612611,0.09729334308705194,7.0,5.911111111111111,0.7194736842105263,0.07000000000000006,False,False,True
v21,book_margin__rv15_over_rv60_ge_1,choose=book_p_side; book_p_side>=0.6; fee_edge>=-100c; ask<=95; sec>=120; margin_rv15>=0; rv15_over_rv60>=1,1,221,132,98,34,0.7424242424242424,0.5972850678733032,0.661712096021106,68.0,71.1969696969697,75.25,4,0,779.134503,247.0,9398.0,9645.0,402.0,155.0,0.04277505852309002,0.01607050285121825,1.1742424242424243,0.7013574660633484,0.7306818181818183,0.01174242424242411,132,83,62,21,0.7469879518072289,0.6287878787878788,0.643977037833542,70.0,71.62650602409639,75.0,3,0,779.351787,155.0,5945.0,6100.0,255.0,100.0,0.04289318755256518,0.01639344262295082,1.2048192771084338,0.7575757575757576,0.7349397590361446,0.012048192771084265,44,30,22,8,0.7333333333333333,0.6818181818181818,0.555520383048111,66.0,70.23333333333333,75.5,1,0,719.1241124999999,56.0,2107.0,2163.0,93.0,37.0,0.04413858566682487,0.017105871474803514,1.2333333333333334,0.8409090909090909,0.721,0.012333333333333307,45,19,14,5,0.7368421052631579,0.4222222222222222,0.5120844910218489,68.0,70.84210526315789,75.0,0,0,779.190224,36.0,1346.0,1382.0,54.0,18.0,0.04011887072808321,0.013024602026049204,0.9473684210526315,0.4,0.7273684210526316,0.0094736842105263,False,True,True
v21,book_margin__rv15_over_rv60_ge_1p2,choose=book_p_side; book_p_side>=0.6; fee_edge>=-100c; ask<=95; sec>=120; margin_rv15>=0; rv15_over_rv60>=1.2,1,221,66,51,15,0.7727272727272727,0.2986425339366516,0.6583054463536169,70.5,74.27272727272727,81.0,3,0,719.806971,117.0,4902.0,5019.0,198.0,81.0,0.04039167686658507,0.016138673042438732,1.2272727272727273,0.3665158371040724,0.7604545454545455,0.012272727272727213,132,44,36,8,0.8181818181818182,0.3333333333333333,0.6803944911281532,70.0,74.43181818181819,83.0,3,0,719.930711,77.0,3275.0,3352.0,325.0,248.0,0.09923664122137404,0.07398568019093078,5.636363636363637,1.878787878787879,0.7618181818181818,0.056363636363636394,44,10,5,5,0.5,0.22727272727272727,0.236593090512564,70.5,72.9,77.75,0,0,689.485455,19.0,729.0,748.0,-229.0,-248.0,-0.31412894375857336,-0.3315508021390374,-24.8,-5.636363636363637,0.748,-0.248,45,12,10,2,0.8333333333333334,0.26666666666666666,0.5519691377470266,72.5,74.83333333333333,82.5,0,0,689.7803355,21.0,898.0,919.0,102.0,81.0,0.11358574610244988,0.088139281828074,6.75,1.8,0.7658333333333333,0.06750000000000012,False,False,False
v21,book_margin__rv15_minus_rv30_le_m10,choose=book_p_side; book_p_side>=0.6; fee_edge>=-100c; ask<=95; sec>=120; margin_rv15>=0; rv15_minus_rv30<=-10,1,221,101,76,25,0.7524752475247525,0.45701357466063347,0.6600972132973754,70.0,70.74257425742574,75.0,0,0,719.415009,190.0,7145.0,7335.0,455.0,265.0,0.06368089573128062,0.03612815269256987,2.623762376237624,1.1990950226244343,0.7262376237623764,0.02623762376237604,132,63,43,20,0.6825396825396826,0.4772727272727273,0.5599646825583142,67.0,69.53968253968254,73.5,0,0,779.099908,121.0,4381.0,4502.0,-81.0,-202.0,-0.018488929468157955,-0.04486894713460684,-3.2063492063492065,-1.5303030303030303,0.7146031746031747,-0.03206349206349213,44,20,17,3,0.85,0.45454545454545453,0.639581135259243,67.0,70.15,75.5,0,0,689.5355045,38.0,1403.0,1441.0,297.0,259.0,0.21168923734853884,0.17973629424011103,12.95,5.886363636363637,0.7204999999999999,0.12950000000000006,45,18,16,2,0.8888888888888888,0.4,0.6720023486982118,72.5,75.61111111111111,84.0,0,0,599.5738755,31.0,1361.0,1392.0,239.0,208.0,0.17560617193240263,0.14942528735632185,11.555555555555555,4.622222222222222,0.7733333333333334,0.11555555555555541,False,False,True
v21,book_margin__rv15_minus_rv30_le_0,choose=book_p_side; book_p_side>=0.6; fee_edge>=-100c; ask<=95; sec>=120; margin_rv15>=0; rv15_minus_rv30<=0,1,221,175,127,48,0.7257142857142858,0.7918552036199095,0.6552984641092499,67.0,69.91428571428571,74.0,2,0,719.838602,329.0,12235.0,12564.0,465.0,136.0,0.0380057212913772,0.010824578159821713,0.7771428571428571,0.6153846153846154,0.7179428571428571,0.007771428571428651,132,101,71,30,0.7029702970297029,0.7651515151515151,0.6077495802310494,67.0,69.39603960396039,74.0,1,0,779.099908,193.0,7009.0,7202.0,91.0,-102.0,0.012983307176487373,-0.01416273257428492,-1.00990099009901,-0.7727272727272727,0.713069306930693,-0.010099009900990108,44,39,29,10,0.7435897435897436,0.8863636363636364,0.5891834407831603,65.0,68.07692307692308,71.5,0,0,779.364427,74.0,2655.0,2729.0,245.0,171.0,0.09227871939736347,0.06266031513374863,4.384615384615385,3.8863636363636362,0.6997435897435897,0.04384615384615387,45,35,27,8,0.7714285714285715,0.7777777777777778,0.6098268310800976,71.0,73.45714285714286,78.5,1,0,659.139432,62.0,2571.0,2633.0,129.0,67.0,0.050175029171528586,0.02544625902012913,1.9142857142857144,1.488888888888889,0.7522857142857143,0.019142857142857128,False,False,True
v21,book_margin__rv15_minus_rv30_ge_0,choose=book_p_side; book_p_side>=0.6; fee_edge>=-100c; ask<=95; sec>=120; margin_rv15>=0; rv15_minus_rv30>=0,1,221,163,123,40,0.754601226993865,0.7375565610859729,0.6831798514576098,68.0,71.97546012269939,78.0,2,0,719.605151,298.0,11732.0,12030.0,568.0,270.0,0.0484145925673372,0.022443890274314215,1.656441717791411,1.2217194570135748,0.738036809815951,0.016564417177914015,132,100,77,23,0.77,0.7575757575757576,0.6784561697712623,69.0,72.51,78.0,1,0,719.5646865,181.0,7251.0,7432.0,449.0,268.0,0.061922493449179425,0.03606027987082885,2.68,2.0303030303030303,0.7432000000000001,0.026799999999999935,44,32,23,9,0.71875,0.7272727272727273,0.5462549057408342,67.0,70.375,77.25,1,0,719.2061719999999,61.0,2252.0,2313.0,48.0,-13.0,0.021314387211367674,-0.005620406398616515,-0.40625,-0.29545454545454547,0.7228125,-0.004062499999999969,45,31,23,8,0.7419354838709677,0.6888888888888889,0.567538641905662,68.0,71.90322580645162,79.5,0,0,779.190224,56.0,2229.0,2285.0,71.0,15.0,0.031852848811126065,0.006564551422319475,0.4838709677419355,0.3333333333333333,0.7370967741935485,0.004838709677419284,False,False,False
v21,book_margin__rv15_minus_rv30_ge_10,choose=book_p_side; book_p_side>=0.6; fee_edge>=-100c; ask<=95; sec>=120; margin_rv15>=0; rv15_minus_rv30>=10,1,221,85,61,24,0.7176470588235294,0.38461538461538464,0.6141607593275837,71.0,73.23529411764706,80.0,3,0,719.605151,153.0,6225.0,6378.0,-125.0,-278.0,-0.020080321285140562,-0.04358733145186579,-3.2705882352941176,-1.257918552036199,0.7503529411764706,-0.03270588235294114,132,63,45,18,0.7142857142857143,0.4772727272727273,0.5929728343259287,70.0,72.17460317460318,77.0,1,0,719.940599,114.0,4547.0,4661.0,-47.0,-161.0,-0.010336485594897735,-0.0345419437888865,-2.5555555555555554,-1.2196969696969697,0.7398412698412701,-0.025555555555555776,44,16,12,4,0.75,0.36363636363636365,0.5050168346449122,74.0,77.125,85.5,2,0,629.6332555,27.0,1234.0,1261.0,-34.0,-61.0,-0.027552674230145867,-0.04837430610626487,-3.8125,-1.3863636363636365,0.7881250000000001,-0.038125000000000075,45,6,4,2,0.6666666666666666,0.13333333333333333,0.299993315138392,73.0,74.0,79.25,0,0,809.5633829999999,12.0,444.0,456.0,-44.0,-56.0,-0.0990990990990991,-0.12280701754385964,-9.333333333333334,-1.2444444444444445,0.7599999999999999,-0.09333333333333327,False,False,False
v21,book_margin__rv15_over_rv30_le_1__rv30_over_rv60_le_1,choose=book_p_side; book_p_side>=0.6; fee_edge>=-100c; ask<=95; sec>=120; margin_rv15>=0; rv15_over_rv30<=1; rv30_over_rv60<=1,2,221,111,80,31,0.7207207207207207,0.502262443438914,0.630951748750832,67.0,70.29729729729729,75.0,1,0,659.95806,206.0,7803.0,8009.0,197.0,-9.0,0.025246699987184415,-0.0011237357972281184,-0.08108108108108109,-0.04072398190045249,0.7215315315315316,-0.0008108108108109136,132,61,38,23,0.6229508196721312,0.4621212121212121,0.49747857841819165,66.0,68.78688524590164,74.0,0,0,719.134505,117.0,4196.0,4313.0,-396.0,-513.0,-0.09437559580552908,-0.11894273127753303,-8.40983606557377,-3.8863636363636362,0.7070491803278689,-0.08409836065573773,44,25,22,3,0.88,0.5681818181818182,0.7004420607907267,65.0,68.56,72.0,0,0,719.717909,47.0,1714.0,1761.0,486.0,439.0,0.28354725787631274,0.249290176036343,17.56,9.977272727272727,0.7044,0.17559999999999998,45,25,20,5,0.8,0.5555555555555556,0.6086904963045967,71.0,75.72,86.0,1,0,479.868481,42.0,1893.0,1935.0,107.0,65.0,0.05652403592181722,0.03359173126614987,2.6,1.4444444444444444,0.7739999999999999,0.026000000000000134,False,False,True
v21,book_margin__rv15_over_rv30_ge_1__rv30_over_rv60_ge_1,choose=book_p_side; book_p_side>=0.6; fee_edge>=-100c; ask<=95; sec>=120; margin_rv15>=0; rv15_over_rv30>=1; rv30_over_rv60>=1,2,221,85,69,16,0.8117647058823529,0.38461538461538464,0.7158897563059701,72.0,74.91764705882353,85.0,5,0,719.677835,147.0,6368.0,6515.0,532.0,385.0,0.0835427135678392,0.059094397544128936,4.529411764705882,1.742081447963801,0.7664705882352942,0.04529411764705871,132,58,51,7,0.8793103448275862,0.4393939393939394,0.7712064595403911,72.0,76.56896551724138,89.0,4,0,719.5646865,96.0,4441.0,4537.0,659.0,563.0,0.1483900022517451,0.12409080890456249,9.706896551724139,4.265151515151516,0.7822413793103449,0.09706896551724131,44,16,10,6,0.625,0.36363636363636365,0.38641040545502725,66.0,69.25,76.25,1,0,689.3646925,31.0,1108.0,1139.0,-108.0,-139.0,-0.09747292418772563,-0.12203687445127305,-8.6875,-3.159090909090909,0.711875,-0.08687500000000004,45,11,8,3,0.7272727272727273,0.24444444444444444,0.43435469882387095,73.0,74.45454545454545,81.0,0,0,839.291121,20.0,819.0,839.0,-19.0,-39.0,-0.0231990231990232,-0.04648390941597139,-3.5454545454545454,-0.8666666666666667,0.7627272727272728,-0.035454545454545516,False,False,False
v21,book_margin__rv15_over_rv30_le_0p8__rv_sigma_t_15m_le_100,choose=book_p_side; book_p_side>=0.6; fee_edge>=-100c; ask<=95; sec>=120; margin_rv15>=0; rv15_over_rv30<=0.8; rv_sigma_t_15m<=100,2,221,83,62,21,0.7469879518072289,0.3755656108597285,0.643977037833542,70.0,72.12048192771084,77.5,0,0,599.539878,153.0,5986.0,6139.0,214.0,61.0,0.03575008352823254,0.00993647173806809,0.7349397590361446,0.27601809954751133,0.7396385542168674,0.007349397590361462,132,44,28,16,0.6363636363636364,0.3333333333333333,0.48866376879043444,67.0,70.68181818181819,76.25,0,0,599.4725695,84.0,3110.0,3194.0,-310.0,-394.0,-0.09967845659163987,-0.12335629304946776,-8.954545454545455,-2.984848484848485,0.7259090909090908,-0.08954545454545448,44,17,14,3,0.8235294117647058,0.38636363636363635,0.5897054143116587,67.0,69.88235294117646,75.0,0,0,659.365421,32.0,1188.0,1220.0,212.0,180.0,0.17845117845117844,0.14754098360655737,10.588235294117647,4.090909090909091,0.7176470588235295,0.10588235294117632,45,22,20,2,0.9090909090909091,0.4888888888888889,0.7218505315839417,74.5,76.72727272727273,86.75,0,0,539.478212,37.0,1688.0,1725.0,312.0,275.0,0.1848341232227488,0.15942028985507245,12.5,6.111111111111111,0.7840909090909091,0.125,False,False,True
v21,book_margin__rv15_over_rv30_ge_1p2__rv_sigma_t_15m_ge_75,choose=book_p_side; book_p_side>=0.6; fee_edge>=-100c; ask<=95; sec>=120; margin_rv15>=0; rv15_over_rv30>=1.2; rv_sigma_t_15m>=75,2,221,39,29,10,0.7435897435897436,0.17647058823529413,0.5891834407831603,69.0,71.46153846153847,74.0,1,0,719.677835,75.0,2787.0,2862.0,113.0,38.0,0.040545389307499104,0.013277428371767994,0.9743589743589743,0.17194570135746606,0.7338461538461539,0.009743589743589687,132,30,22,8,0.7333333333333333,0.22727272727272727,0.555520383048111,68.5,70.7,72.0,1,0,719.5998784999999,58.0,2121.0,2179.0,79.0,21.0,0.037246581801037244,0.009637448370812299,0.7,0.1590909090909091,0.7263333333333333,0.007000000000000006,44,7,6,1,0.8571428571428571,0.1590909090909091,0.48687217072568106,74.0,75.28571428571429,77.0,0,0,719.677835,13.0,527.0,540.0,73.0,60.0,0.13851992409867173,0.1111111111111111,8.571428571428571,1.3636363636363635,0.7714285714285714,0.08571428571428574,45,2,1,1,0.5,0.044444444444444446,0.09453120573423071,69.5,69.5,70.75,0,0,740.498054,4.0,139.0,143.0,-39.0,-43.0,-0.2805755395683453,-0.3006993006993007,-21.5,-0.9555555555555556,0.715,-0.21499999999999997,False,False,False
v21,book_edge_m5,choose=book_p_side; book_p_side>=0.6; fee_edge>=-5c; ask<=95; sec>=120; margin_rv15>=0,0,221,219,156,63,0.7123287671232876,0.9909502262443439,0.6491214398502179,66.0,67.32420091324201,70.5,0,0,779.813589,431.0,14744.0,15175.0,856.0,425.0,0.05805751492132393,0.02800658978583196,1.9406392694063928,1.9230769230769231,0.6929223744292238,0.019406392694063856,132,131,90,41,0.6870229007633588,0.9924242424242424,0.6032467934308663,66.0,67.33587786259542,71.0,0,0,779.94713,259.0,8821.0,9080.0,179.0,-80.0,0.020292483845369007,-0.00881057268722467,-0.6106870229007634,-0.6060606060606061,0.6931297709923665,-0.006106870229007688,44,44,32,12,0.7272727272727273,1.0,0.581511269075488,64.5,65.93181818181819,67.0,0,0,779.7111965,87.0,2901.0,2988.0,299.0,212.0,0.10306790761806274,0.07095046854082998,4.818181818181818,4.818181818181818,0.6790909090909091,0.048181818181818215,45,44,34,10,0.7727272727272727,0.9777777777777777,0.6300764193536366,67.0,68.68181818181819,71.25,0,0,779.378346,85.0,3022.0,3107.0,378.0,293.0,0.12508272667107875,0.09430318635339556,6.659090909090909,6.511111111111111,0.7061363636363637,0.06659090909090903,True,False,True
v21,book_edge_m5__rv15_over_rv30_le_0p8,choose=book_p_side; book_p_side>=0.6; fee_edge>=-5c; ask<=95; sec>=120; margin_rv15>=0; rv15_over_rv30<=0.8,1,221,90,68,22,0.7555555555555555,0.4072398190045249,0.6575162887069911,70.0,71.62222222222222,77.0,1,0,599.709163,166.0,6446.0,6612.0,354.0,188.0,0.054917778467266525,0.028433151845130067,2.088888888888889,0.8506787330316742,0.7346666666666666,0.020888888888888957,132,51,34,17,0.6666666666666666,0.38636363636363635,0.529683778569708,66.0,70.0,75.5,1,0,599.873514,97.0,3570.0,3667.0,-170.0,-267.0,-0.047619047619047616,-0.07281156258521952,-5.235294117647059,-2.022727272727273,0.7190196078431375,-0.052352941176470824,44,17,14,3,0.8235294117647058,0.38636363636363635,0.5897054143116587,67.0,69.88235294117646,75.0,0,0,659.365421,32.0,1188.0,1220.0,212.0,180.0,0.17845117845117844,0.14754098360655737,10.588235294117647,4.090909090909091,0.7176470588235295,0.10588235294117632,45,22,20,2,0.9090909090909091,0.4888888888888889,0.7218505315839417,74.5,76.72727272727273,86.75,0,0,539.478212,37.0,1688.0,1725.0,312.0,275.0,0.1848341232227488,0.15942028985507245,12.5,6.111111111111111,0.7840909090909091,0.125,False,False,True
v21,book_edge_m5__rv15_over_rv30_le_1,choose=book_p_side; book_p_side>=0.6; fee_edge>=-5c; ask<=95; sec>=120; margin_rv15>=0; rv15_over_rv30<=1,1,221,175,127,48,0.7257142857142858,0.7918552036199095,0.6552984641092499,67.0,69.91428571428571,74.0,2,0,719.838602,329.0,12235.0,12564.0,465.0,136.0,0.0380057212913772,0.010824578159821713,0.7771428571428571,0.6153846153846154,0.7179428571428571,0.007771428571428651,132,101,71,30,0.7029702970297029,0.7651515151515151,0.6077495802310494,67.0,69.39603960396039,74.0,1,0,779.099908,193.0,7009.0,7202.0,91.0,-102.0,0.012983307176487373,-0.01416273257428492,-1.00990099009901,-0.7727272727272727,0.713069306930693,-0.010099009900990108,44,39,29,10,0.7435897435897436,0.8863636363636364,0.5891834407831603,65.0,68.07692307692308,71.5,0,0,779.364427,74.0,2655.0,2729.0,245.0,171.0,0.09227871939736347,0.06266031513374863,4.384615384615385,3.8863636363636362,0.6997435897435897,0.04384615384615387,45,35,27,8,0.7714285714285715,0.7777777777777778,0.6098268310800976,71.0,73.45714285714286,78.5,1,0,659.139432,62.0,2571.0,2633.0,129.0,67.0,0.050175029171528586,0.02544625902012913,1.9142857142857144,1.488888888888889,0.7522857142857143,0.019142857142857128,False,False,True
v21,book_edge_m5__rv15_over_rv30_le_1p2,choose=book_p_side; book_p_side>=0.6; fee_edge>=-5c; ask<=95; sec>=120; margin_rv15>=0; rv15_over_rv30<=1.2,1,221,216,156,60,0.7222222222222222,0.9773755656108597,0.6590043650560222,66.0,68.26851851851852,71.0,0,0,779.5122034999999,416.0,14746.0,15162.0,854.0,438.0,0.057914010579140106,0.02888800949742778,2.0277777777777777,1.9819004524886878,0.7019444444444445,0.020277777777777728,132,128,89,39,0.6953125,0.9696969696969697,0.610848991608053,66.0,68.4296875,71.25,0,0,779.7981850000001,247.0,8759.0,9006.0,141.0,-106.0,0.01609772805114739,-0.01176993115700644,-0.828125,-0.803030303030303,0.70359375,-0.008281250000000018,44,44,32,12,0.7272727272727273,1.0,0.581511269075488,64.5,66.22727272727273,67.0,0,0,779.492575,86.0,2914.0,3000.0,286.0,200.0,0.09814687714481812,0.06666666666666667,4.545454545454546,4.545454545454546,0.6818181818181818,0.045454545454545525,45,44,35,9,0.7954545454545454,0.9777777777777777,0.6549942193889834,67.5,69.8409090909091,73.75,0,0,779.202374,83.0,3073.0,3156.0,427.0,344.0,0.13895216400911162,0.10899873257287707,7.818181818181818,7.644444444444445,0.7172727272727273,0.07818181818181813,True,False,True
v21,book_edge_m5__rv15_over_rv30_ge_0p8,choose=book_p_side; book_p_side>=0.6; fee_edge>=-5c; ask<=95; sec>=120; margin_rv15>=0; rv15_over_rv30>=0.8,1,221,212,153,59,0.7216981132075472,0.9592760180995475,0.6578340217176867,67.0,68.70754716981132,72.0,1,0,779.466635,408.0,14566.0,14974.0,734.0,326.0,0.05039132225731155,0.021771069854414318,1.5377358490566038,1.4751131221719458,0.7063207547169812,0.015377358490565984,132,128,89,39,0.6953125,0.9696969696969697,0.610848991608053,67.0,68.4296875,72.0,0,0,779.7485535000001,250.0,8759.0,9009.0,141.0,-109.0,0.01609772805114739,-0.0120990120990121,-0.8515625,-0.8257575757575758,0.703828125,-0.008515625000000027,44,43,32,11,0.7441860465116279,0.9772727272727273,0.5976159650115332,65.0,68.37209302325581,71.0,1,0,779.364427,81.0,2940.0,3021.0,260.0,179.0,0.08843537414965986,0.05925190334326382,4.162790697674419,4.068181818181818,0.7025581395348838,0.04162790697674412,45,41,32,9,0.7804878048780488,0.9111111111111111,0.6329499401177383,67.0,69.92682926829268,77.0,0,0,779.214524,77.0,2867.0,2944.0,333.0,256.0,0.11614928496686432,0.08695652173913043,6.2439024390243905,5.688888888888889,0.718048780487805,0.06243902439024385,True,False,True
v21,book_edge_m5__rv15_over_rv30_ge_1,choose=book_p_side; book_p_side>=0.6; fee_edge>=-5c; ask<=95; sec>=120; margin_rv15>=0; rv15_over_rv30>=1,1,221,163,123,40,0.754601226993865,0.7375565610859729,0.6831798514576098,68.0,71.97546012269939,78.0,2,0,719.605151,298.0,11732.0,12030.0,568.0,270.0,0.0484145925673372,0.022443890274314215,1.656441717791411,1.2217194570135748,0.738036809815951,0.016564417177914015,132,100,77,23,0.77,0.7575757575757576,0.6784561697712623,69.0,72.51,78.0,1,0,719.5646865,181.0,7251.0,7432.0,449.0,268.0,0.061922493449179425,0.03606027987082885,2.68,2.0303030303030303,0.7432000000000001,0.026799999999999935,44,32,23,9,0.71875,0.7272727272727273,0.5462549057408342,67.0,70.375,77.25,1,0,719.2061719999999,61.0,2252.0,2313.0,48.0,-13.0,0.021314387211367674,-0.005620406398616515,-0.40625,-0.29545454545454547,0.7228125,-0.004062499999999969,45,31,23,8,0.7419354838709677,0.6888888888888889,0.567538641905662,68.0,71.90322580645162,79.5,0,0,779.190224,56.0,2229.0,2285.0,71.0,15.0,0.031852848811126065,0.006564551422319475,0.4838709677419355,0.3333333333333333,0.7370967741935485,0.004838709677419284,False,False,False
v21,book_edge_m5__rv15_over_rv30_ge_1p2,choose=book_p_side; book_p_side>=0.6; fee_edge>=-5c; ask<=95; sec>=120; margin_rv15>=0; rv15_over_rv30>=1.2,1,221,61,45,16,0.7377049180327869,0.27601809954751133,0.6156325821638563,72.0,74.63934426229508,81.0,5,0,659.457208,109.0,4553.0,4662.0,-53.0,-162.0,-0.0116406764770481,-0.03474903474903475,-2.6557377049180326,-0.7330316742081447,0.7642622950819672,-0.026557377049180264,132,38,29,9,0.7631578947368421,0.2878787878787879,0.6079318763676019,69.5,72.94736842105263,79.0,2,0,719.0865265,70.0,2772.0,2842.0,128.0,58.0,0.046176046176046176,0.02040816326530612,1.5263157894736843,0.4393939393939394,0.7478947368421053,0.015263157894736867,44,12,10,2,0.8333333333333334,0.2727272727272727,0.5519691377470266,77.5,81.0,92.75,3,0,539.790333,19.0,972.0,991.0,28.0,9.0,0.02880658436213992,0.009081735620585268,0.75,0.20454545454545456,0.8258333333333333,0.007500000000000062,45,11,6,5,0.5454545454545454,0.24444444444444444,0.28009153740932197,72.0,73.54545454545455,78.0,0,0,659.437657,20.0,809.0,829.0,-209.0,-229.0,-0.2583436341161928,-0.2762364294330519,-20.818181818181817,-5.088888888888889,0.7536363636363638,-0.20818181818181836,False,False,False
v21,book_edge_m5__rv30_over_rv60_le_0p8,choose=book_p_side; book_p_side>=0.6; fee_edge>=-5c; ask<=95; sec>=120; margin_rv15>=0; rv30_over_rv60<=0.8,1,221,57,39,18,0.6842105263157895,0.2579185520361991,0.5552022530213655,68.0,71.82456140350877,79.0,1,0,659.914996,104.0,4094.0,4198.0,-194.0,-298.0,-0.04738641914997557,-0.07098618389709385,-5.228070175438597,-1.3484162895927603,0.7364912280701755,-0.05228070175438604,132,35,21,14,0.6,0.26515151515151514,0.435727090128925,66.0,70.25714285714285,74.0,1,0,659.289308,66.0,2459.0,2525.0,-359.0,-425.0,-0.14599430662871085,-0.16831683168316833,-12.142857142857142,-3.2196969696969697,0.7214285714285714,-0.12142857142857144,44,8,8,0,1.0,0.18181818181818182,0.6755924351161198,80.0,76.375,84.0,0,0,719.482808,13.0,611.0,624.0,189.0,176.0,0.309328968903437,0.28205128205128205,22.0,4.0,0.78,0.21999999999999997,45,14,10,4,0.7142857142857143,0.3111111111111111,0.4535091567010681,70.5,73.14285714285714,80.5,0,0,779.166385,25.0,1024.0,1049.0,-24.0,-49.0,-0.0234375,-0.04671115347950429,-3.5,-1.0888888888888888,0.7492857142857144,-0.03500000000000014,False,False,False
v21,book_edge_m5__rv30_over_rv60_le_1,choose=book_p_side; book_p_side>=0.6; fee_edge>=-5c; ask<=95; sec>=120; margin_rv15>=0; rv30_over_rv60<=1,1,221,150,110,40,0.7333333333333333,0.6787330316742082,0.6573854995109168,66.0,68.9,72.0,0,0,779.230836,284.0,10335.0,10619.0,665.0,381.0,0.06434446057087566,0.035879084659572465,2.54,1.7239819004524888,0.7079333333333333,0.025399999999999978,132,85,55,30,0.6470588235294118,0.6439393939393939,0.5411250053311215,66.0,68.7764705882353,72.0,0,0,779.414322,162.0,5846.0,6008.0,-346.0,-508.0,-0.05918576804652754,-0.08455392809587217,-5.976470588235294,-3.8484848484848486,0.7068235294117647,-0.05976470588235294,44,33,28,5,0.8484848484848485,0.75,0.6908012411955788,66.0,68.0909090909091,71.0,0,0,779.247148,63.0,2247.0,2310.0,553.0,490.0,0.24610591900311526,0.21212121212121213,14.848484848484848,11.136363636363637,0.7000000000000001,0.14848484848484844,45,32,27,5,0.84375,0.7111111111111111,0.6824585040246961,67.0,70.0625,75.0,0,0,749.4167285000001,59.0,2242.0,2301.0,458.0,399.0,0.20428189116859946,0.17340286831812254,12.46875,8.866666666666667,0.7190624999999999,0.12468750000000006,False,False,True
v21,book_edge_m5__rv30_over_rv60_ge_1,choose=book_p_side; book_p_side>=0.6; fee_edge>=-5c; ask<=95; sec>=120; margin_rv15>=0; rv30_over_rv60>=1,1,221,140,105,35,0.75,0.6334841628959276,0.6722461054834166,69.0,71.58571428571429,76.0,3,0,779.358107,260.0,10022.0,10282.0,478.0,218.0,0.04769507084414289,0.021202100758607276,1.5571428571428572,0.9864253393665159,0.7344285714285714,0.01557142857142857,132,86,70,16,0.813953488372093,0.6515151515151515,0.7189498897582023,70.0,72.16279069767442,75.75,3,0,779.4914225,158.0,6206.0,6364.0,794.0,636.0,0.1279407025459233,0.09993714644877436,7.395348837209302,4.818181818181818,0.7400000000000001,0.07395348837209292,44,28,16,12,0.5714285714285714,0.6363636363636364,0.3907078562746876,65.5,69.25,75.25,0,0,779.2282540000001,54.0,1939.0,1993.0,-339.0,-393.0,-0.17483238782877772,-0.19719016557952834,-14.035714285714286,-8.931818181818182,0.7117857142857141,-0.14035714285714274,45,26,19,7,0.7307692307692307,0.5777777777777777,0.5391695962082382,70.0,72.1923076923077,77.75,0,0,779.134503,48.0,1877.0,1925.0,23.0,-25.0,0.012253596164091636,-0.012987012987012988,-0.9615384615384616,-0.5555555555555556,0.7403846153846152,-0.00961538461538447,False,False,False
v21,book_edge_m5__rv30_over_rv60_ge_1p2,choose=book_p_side; book_p_side>=0.6; fee_edge>=-5c; ask<=95; sec>=120; margin_rv15>=0; rv30_over_rv60>=1.2,1,221,27,18,9,0.6666666666666666,0.12217194570135746,0.4782476050732008,71.0,73.51851851851852,80.5,1,0,719.943082,48.0,1985.0,2033.0,-185.0,-233.0,-0.09319899244332494,-0.1146089522872602,-8.62962962962963,-1.0542986425339367,0.752962962962963,-0.08629629629629632,132,20,13,7,0.65,0.15151515151515152,0.43285427668523635,71.0,73.3,81.75,1,0,779.2974465,35.0,1466.0,1501.0,-166.0,-201.0,-0.11323328785811733,-0.13391072618254496,-10.05,-1.5227272727272727,0.7505,-0.10049999999999992,44,2,2,0,1.0,0.045454545454545456,0.3423802275066531,79.5,79.5,79.75,0,0,599.635638,4.0,159.0,163.0,41.0,37.0,0.2578616352201258,0.22699386503067484,18.5,0.8409090909090909,0.815,0.18500000000000005,45,5,3,2,0.6,0.1111111111111111,0.23072428127601285,69.0,72.0,72.0,0,0,599.92687,9.0,360.0,369.0,-60.0,-69.0,-0.16666666666666666,-0.18699186991869918,-13.8,-1.5333333333333334,0.7379999999999999,-0.1379999999999999,False,False,False
v21,book_edge_m5__rv15_over_rv60_le_0p8,choose=book_p_side; book_p_side>=0.6; fee_edge>=-5c; ask<=95; sec>=120; margin_rv15>=0; rv15_over_rv60<=0.8,1,221,115,81,34,0.7043478260869566,0.5203619909502263,0.6154327036904665,67.0,70.61739130434782,76.0,1,0,659.289308,216.0,8121.0,8337.0,-21.0,-237.0,-0.0025858884373845584,-0.028427491903562432,-2.0608695652173914,-1.0723981900452488,0.7249565217391306,-0.020608695652174047,132,65,41,24,0.6307692307692307,0.49242424242424243,0.5092381736255003,67.0,69.98461538461538,75.0,1,0,659.289308,124.0,4549.0,4673.0,-449.0,-573.0,-0.09870301165091229,-0.12261930237534774,-8.815384615384616,-4.340909090909091,0.718923076923077,-0.08815384615384625,44,21,17,4,0.8095238095238095,0.4772727272727273,0.5999943530979507,65.0,66.66666666666667,67.0,0,0,719.376381,42.0,1400.0,1442.0,300.0,258.0,0.21428571428571427,0.17891816920943135,12.285714285714286,5.863636363636363,0.6866666666666666,0.12285714285714289,45,29,23,6,0.7931034482758621,0.6444444444444445,0.616099095961321,71.0,74.89655172413794,83.0,0,0,599.866487,50.0,2172.0,2222.0,128.0,78.0,0.058931860036832415,0.0351035103510351,2.689655172413793,1.7333333333333334,0.7662068965517242,0.02689655172413785,False,False,True
v21,book_edge_m5__rv15_over_rv60_le_1,choose=book_p_side; book_p_side>=0.6; fee_edge>=-5c; ask<=95; sec>=120; margin_rv15>=0; rv15_over_rv60<=1,1,221,171,120,51,0.7017543859649122,0.7737556561085973,0.6293650606096,66.0,68.64912280701755,72.0,1,0,779.214524,326.0,11739.0,12065.0,261.0,-65.0,0.022233580373115257,-0.005387484459179445,-0.38011695906432746,-0.29411764705882354,0.7055555555555556,-0.0038011695906433607,132,95,61,34,0.6421052631578947,0.7196969696969697,0.5419151425091454,66.0,67.8,71.5,1,0,779.458061,186.0,6441.0,6627.0,-341.0,-527.0,-0.05294208973761838,-0.0795231628187717,-5.5473684210526315,-3.992424242424242,0.697578947368421,-0.05547368421052623,44,38,29,9,0.7631578947368421,0.8636363636363636,0.6079318763676019,65.0,69.3157894736842,73.5,0,0,749.501664,70.0,2634.0,2704.0,266.0,196.0,0.10098709187547457,0.07248520710059171,5.157894736842105,4.454545454545454,0.711578947368421,0.05157894736842117,45,38,30,8,0.7894736842105263,0.8444444444444444,0.636542205246726,67.0,70.10526315789474,75.0,0,0,749.4167285000001,70.0,2664.0,2734.0,336.0,266.0,0.12612612612612611,0.09729334308705194,7.0,5.911111111111111,0.7194736842105263,0.07000000000000006,False,False,True
v21,book_edge_m5__rv15_over_rv60_ge_1,choose=book_p_side; book_p_side>=0.6; fee_edge>=-5c; ask<=95; sec>=120; margin_rv15>=0; rv15_over_rv60>=1,1,221,132,98,34,0.7424242424242424,0.5972850678733032,0.661712096021106,68.0,71.1969696969697,75.25,4,0,779.134503,247.0,9398.0,9645.0,402.0,155.0,0.04277505852309002,0.01607050285121825,1.1742424242424243,0.7013574660633484,0.7306818181818183,0.01174242424242411,132,83,62,21,0.7469879518072289,0.6287878787878788,0.643977037833542,70.0,71.62650602409639,75.0,3,0,779.351787,155.0,5945.0,6100.0,255.0,100.0,0.04289318755256518,0.01639344262295082,1.2048192771084338,0.7575757575757576,0.7349397590361446,0.012048192771084265,44,30,22,8,0.7333333333333333,0.6818181818181818,0.555520383048111,66.0,70.23333333333333,75.5,1,0,719.1241124999999,56.0,2107.0,2163.0,93.0,37.0,0.04413858566682487,0.017105871474803514,1.2333333333333334,0.8409090909090909,0.721,0.012333333333333307,45,19,14,5,0.7368421052631579,0.4222222222222222,0.5120844910218489,68.0,70.84210526315789,75.0,0,0,779.190224,36.0,1346.0,1382.0,54.0,18.0,0.04011887072808321,0.013024602026049204,0.9473684210526315,0.4,0.7273684210526316,0.0094736842105263,False,True,True
v21,book_edge_m5__rv15_over_rv60_ge_1p2,choose=book_p_side; book_p_side>=0.6; fee_edge>=-5c; ask<=95; sec>=120; margin_rv15>=0; rv15_over_rv60>=1.2,1,221,66,51,15,0.7727272727272727,0.2986425339366516,0.6583054463536169,70.5,74.27272727272727,81.0,3,0,719.806971,117.0,4902.0,5019.0,198.0,81.0,0.04039167686658507,0.016138673042438732,1.2272727272727273,0.3665158371040724,0.7604545454545455,0.012272727272727213,132,44,36,8,0.8181818181818182,0.3333333333333333,0.6803944911281532,70.0,74.43181818181819,83.0,3,0,719.930711,77.0,3275.0,3352.0,325.0,248.0,0.09923664122137404,0.07398568019093078,5.636363636363637,1.878787878787879,0.7618181818181818,0.056363636363636394,44,10,5,5,0.5,0.22727272727272727,0.236593090512564,70.5,72.9,77.75,0,0,689.485455,19.0,729.0,748.0,-229.0,-248.0,-0.31412894375857336,-0.3315508021390374,-24.8,-5.636363636363637,0.748,-0.248,45,12,10,2,0.8333333333333334,0.26666666666666666,0.5519691377470266,72.5,74.83333333333333,82.5,0,0,689.7803355,21.0,898.0,919.0,102.0,81.0,0.11358574610244988,0.088139281828074,6.75,1.8,0.7658333333333333,0.06750000000000012,False,False,False
v21,book_edge_m5__rv15_minus_rv30_le_m10,choose=book_p_side; book_p_side>=0.6; fee_edge>=-5c; ask<=95; sec>=120; margin_rv15>=0; rv15_minus_rv30<=-10,1,221,101,76,25,0.7524752475247525,0.45701357466063347,0.6600972132973754,70.0,70.74257425742574,75.0,0,0,719.415009,190.0,7145.0,7335.0,455.0,265.0,0.06368089573128062,0.03612815269256987,2.623762376237624,1.1990950226244343,0.7262376237623764,0.02623762376237604,132,63,43,20,0.6825396825396826,0.4772727272727273,0.5599646825583142,67.0,69.53968253968254,73.5,0,0,779.099908,121.0,4381.0,4502.0,-81.0,-202.0,-0.018488929468157955,-0.04486894713460684,-3.2063492063492065,-1.5303030303030303,0.7146031746031747,-0.03206349206349213,44,20,17,3,0.85,0.45454545454545453,0.639581135259243,67.0,70.15,75.5,0,0,689.5355045,38.0,1403.0,1441.0,297.0,259.0,0.21168923734853884,0.17973629424011103,12.95,5.886363636363637,0.7204999999999999,0.12950000000000006,45,18,16,2,0.8888888888888888,0.4,0.6720023486982118,72.5,75.61111111111111,84.0,0,0,599.5738755,31.0,1361.0,1392.0,239.0,208.0,0.17560617193240263,0.14942528735632185,11.555555555555555,4.622222222222222,0.7733333333333334,0.11555555555555541,False,False,True
v21,book_edge_m5__rv15_minus_rv30_le_0,choose=book_p_side; book_p_side>=0.6; fee_edge>=-5c; ask<=95; sec>=120; margin_rv15>=0; rv15_minus_rv30<=0,1,221,175,127,48,0.7257142857142858,0.7918552036199095,0.6552984641092499,67.0,69.91428571428571,74.0,2,0,719.838602,329.0,12235.0,12564.0,465.0,136.0,0.0380057212913772,0.010824578159821713,0.7771428571428571,0.6153846153846154,0.7179428571428571,0.007771428571428651,132,101,71,30,0.7029702970297029,0.7651515151515151,0.6077495802310494,67.0,69.39603960396039,74.0,1,0,779.099908,193.0,7009.0,7202.0,91.0,-102.0,0.012983307176487373,-0.01416273257428492,-1.00990099009901,-0.7727272727272727,0.713069306930693,-0.010099009900990108,44,39,29,10,0.7435897435897436,0.8863636363636364,0.5891834407831603,65.0,68.07692307692308,71.5,0,0,779.364427,74.0,2655.0,2729.0,245.0,171.0,0.09227871939736347,0.06266031513374863,4.384615384615385,3.8863636363636362,0.6997435897435897,0.04384615384615387,45,35,27,8,0.7714285714285715,0.7777777777777778,0.6098268310800976,71.0,73.45714285714286,78.5,1,0,659.139432,62.0,2571.0,2633.0,129.0,67.0,0.050175029171528586,0.02544625902012913,1.9142857142857144,1.488888888888889,0.7522857142857143,0.019142857142857128,False,False,True
v21,book_edge_m5__rv15_minus_rv30_ge_0,choose=book_p_side; book_p_side>=0.6; fee_edge>=-5c; ask<=95; sec>=120; margin_rv15>=0; rv15_minus_rv30>=0,1,221,163,123,40,0.754601226993865,0.7375565610859729,0.6831798514576098,68.0,71.97546012269939,78.0,2,0,719.605151,298.0,11732.0,12030.0,568.0,270.0,0.0484145925673372,0.022443890274314215,1.656441717791411,1.2217194570135748,0.738036809815951,0.016564417177914015,132,100,77,23,0.77,0.7575757575757576,0.6784561697712623,69.0,72.51,78.0,1,0,719.5646865,181.0,7251.0,7432.0,449.0,268.0,0.061922493449179425,0.03606027987082885,2.68,2.0303030303030303,0.7432000000000001,0.026799999999999935,44,32,23,9,0.71875,0.7272727272727273,0.5462549057408342,67.0,70.375,77.25,1,0,719.2061719999999,61.0,2252.0,2313.0,48.0,-13.0,0.021314387211367674,-0.005620406398616515,-0.40625,-0.29545454545454547,0.7228125,-0.004062499999999969,45,31,23,8,0.7419354838709677,0.6888888888888889,0.567538641905662,68.0,71.90322580645162,79.5,0,0,779.190224,56.0,2229.0,2285.0,71.0,15.0,0.031852848811126065,0.006564551422319475,0.4838709677419355,0.3333333333333333,0.7370967741935485,0.004838709677419284,False,False,False
v21,book_edge_m5__rv15_minus_rv30_ge_10,choose=book_p_side; book_p_side>=0.6; fee_edge>=-5c; ask<=95; sec>=120; margin_rv15>=0; rv15_minus_rv30>=10,1,221,85,61,24,0.7176470588235294,0.38461538461538464,0.6141607593275837,71.0,73.23529411764706,80.0,3,0,719.605151,153.0,6225.0,6378.0,-125.0,-278.0,-0.020080321285140562,-0.04358733145186579,-3.2705882352941176,-1.257918552036199,0.7503529411764706,-0.03270588235294114,132,63,45,18,0.7142857142857143,0.4772727272727273,0.5929728343259287,70.0,72.17460317460318,77.0,1,0,719.940599,114.0,4547.0,4661.0,-47.0,-161.0,-0.010336485594897735,-0.0345419437888865,-2.5555555555555554,-1.2196969696969697,0.7398412698412701,-0.025555555555555776,44,16,12,4,0.75,0.36363636363636365,0.5050168346449122,74.0,77.125,85.5,2,0,629.6332555,27.0,1234.0,1261.0,-34.0,-61.0,-0.027552674230145867,-0.04837430610626487,-3.8125,-1.3863636363636365,0.7881250000000001,-0.038125000000000075,45,6,4,2,0.6666666666666666,0.13333333333333333,0.299993315138392,73.0,74.0,79.25,0,0,809.5633829999999,12.0,444.0,456.0,-44.0,-56.0,-0.0990990990990991,-0.12280701754385964,-9.333333333333334,-1.2444444444444445,0.7599999999999999,-0.09333333333333327,False,False,False
v21,book_edge_m5__rv15_over_rv30_le_1__rv30_over_rv60_le_1,choose=book_p_side; book_p_side>=0.6; fee_edge>=-5c; ask<=95; sec>=120; margin_rv15>=0; rv15_over_rv30<=1; rv30_over_rv60<=1,2,221,111,80,31,0.7207207207207207,0.502262443438914,0.630951748750832,67.0,70.29729729729729,75.0,1,0,659.95806,206.0,7803.0,8009.0,197.0,-9.0,0.025246699987184415,-0.0011237357972281184,-0.08108108108108109,-0.04072398190045249,0.7215315315315316,-0.0008108108108109136,132,61,38,23,0.6229508196721312,0.4621212121212121,0.49747857841819165,66.0,68.78688524590164,74.0,0,0,719.134505,117.0,4196.0,4313.0,-396.0,-513.0,-0.09437559580552908,-0.11894273127753303,-8.40983606557377,-3.8863636363636362,0.7070491803278689,-0.08409836065573773,44,25,22,3,0.88,0.5681818181818182,0.7004420607907267,65.0,68.56,72.0,0,0,719.717909,47.0,1714.0,1761.0,486.0,439.0,0.28354725787631274,0.249290176036343,17.56,9.977272727272727,0.7044,0.17559999999999998,45,25,20,5,0.8,0.5555555555555556,0.6086904963045967,71.0,75.72,86.0,1,0,479.868481,42.0,1893.0,1935.0,107.0,65.0,0.05652403592181722,0.03359173126614987,2.6,1.4444444444444444,0.7739999999999999,0.026000000000000134,False,False,True
v21,book_edge_m5__rv15_over_rv30_ge_1__rv30_over_rv60_ge_1,choose=book_p_side; book_p_side>=0.6; fee_edge>=-5c; ask<=95; sec>=120; margin_rv15>=0; rv15_over_rv30>=1; rv30_over_rv60>=1,2,221,85,69,16,0.8117647058823529,0.38461538461538464,0.7158897563059701,72.0,74.91764705882353,85.0,5,0,719.677835,147.0,6368.0,6515.0,532.0,385.0,0.0835427135678392,0.059094397544128936,4.529411764705882,1.742081447963801,0.7664705882352942,0.04529411764705871,132,58,51,7,0.8793103448275862,0.4393939393939394,0.7712064595403911,72.0,76.56896551724138,89.0,4,0,719.5646865,96.0,4441.0,4537.0,659.0,563.0,0.1483900022517451,0.12409080890456249,9.706896551724139,4.265151515151516,0.7822413793103449,0.09706896551724131,44,16,10,6,0.625,0.36363636363636365,0.38641040545502725,66.0,69.25,76.25,1,0,689.3646925,31.0,1108.0,1139.0,-108.0,-139.0,-0.09747292418772563,-0.12203687445127305,-8.6875,-3.159090909090909,0.711875,-0.08687500000000004,45,11,8,3,0.7272727272727273,0.24444444444444444,0.43435469882387095,73.0,74.45454545454545,81.0,0,0,839.291121,20.0,819.0,839.0,-19.0,-39.0,-0.0231990231990232,-0.04648390941597139,-3.5454545454545454,-0.8666666666666667,0.7627272727272728,-0.035454545454545516,False,False,False
v21,book_edge_m5__rv15_over_rv30_le_0p8__rv_sigma_t_15m_le_100,choose=book_p_side; book_p_side>=0.6; fee_edge>=-5c; ask<=95; sec>=120; margin_rv15>=0; rv15_over_rv30<=0.8; rv_sigma_t_15m<=100,2,221,83,62,21,0.7469879518072289,0.3755656108597285,0.643977037833542,70.0,72.12048192771084,77.5,0,0,599.539878,153.0,5986.0,6139.0,214.0,61.0,0.03575008352823254,0.00993647173806809,0.7349397590361446,0.27601809954751133,0.7396385542168674,0.007349397590361462,132,44,28,16,0.6363636363636364,0.3333333333333333,0.48866376879043444,67.0,70.68181818181819,76.25,0,0,599.4725695,84.0,3110.0,3194.0,-310.0,-394.0,-0.09967845659163987,-0.12335629304946776,-8.954545454545455,-2.984848484848485,0.7259090909090908,-0.08954545454545448,44,17,14,3,0.8235294117647058,0.38636363636363635,0.5897054143116587,67.0,69.88235294117646,75.0,0,0,659.365421,32.0,1188.0,1220.0,212.0,180.0,0.17845117845117844,0.14754098360655737,10.588235294117647,4.090909090909091,0.7176470588235295,0.10588235294117632,45,22,20,2,0.9090909090909091,0.4888888888888889,0.7218505315839417,74.5,76.72727272727273,86.75,0,0,539.478212,37.0,1688.0,1725.0,312.0,275.0,0.1848341232227488,0.15942028985507245,12.5,6.111111111111111,0.7840909090909091,0.125,False,False,True
v21,book_edge_m5__rv15_over_rv30_ge_1p2__rv_sigma_t_15m_ge_75,choose=book_p_side; book_p_side>=0.6; fee_edge>=-5c; ask<=95; sec>=120; margin_rv15>=0; rv15_over_rv30>=1.2; rv_sigma_t_15m>=75,2,221,39,29,10,0.7435897435897436,0.17647058823529413,0.5891834407831603,69.0,71.46153846153847,74.0,1,0,719.677835,75.0,2787.0,2862.0,113.0,38.0,0.040545389307499104,0.013277428371767994,0.9743589743589743,0.17194570135746606,0.7338461538461539,0.009743589743589687,132,30,22,8,0.7333333333333333,0.22727272727272727,0.555520383048111,68.5,70.7,72.0,1,0,719.5998784999999,58.0,2121.0,2179.0,79.0,21.0,0.037246581801037244,0.009637448370812299,0.7,0.1590909090909091,0.7263333333333333,0.007000000000000006,44,7,6,1,0.8571428571428571,0.1590909090909091,0.48687217072568106,74.0,75.28571428571429,77.0,0,0,719.677835,13.0,527.0,540.0,73.0,60.0,0.13851992409867173,0.1111111111111111,8.571428571428571,1.3636363636363635,0.7714285714285714,0.08571428571428574,45,2,1,1,0.5,0.044444444444444446,0.09453120573423071,69.5,69.5,70.75,0,0,740.498054,4.0,139.0,143.0,-39.0,-43.0,-0.2805755395683453,-0.3006993006993007,-21.5,-0.9555555555555556,0.715,-0.21499999999999997,False,False,False
v21,score_m60,choose=score_min_book_rv15; score_min_book_rv15>=0.6; fee_edge>=-100c; ask<=95; sec>=120,0,221,218,161,57,0.7385321100917431,0.9864253393665159,0.6764286388617029,68.0,69.46788990825688,72.0,0,0,779.4352445,422.0,15144.0,15566.0,956.0,534.0,0.06312731114632858,0.03430553771039445,2.44954128440367,2.416289592760181,0.7140366972477062,0.02449541284403689,132,130,92,38,0.7076923076923077,0.9848484848484849,0.6244469876657347,68.0,68.96153846153847,72.0,0,0,779.5278185,254.0,8965.0,9219.0,235.0,-19.0,0.026213050752928055,-0.0020609610586831543,-0.14615384615384616,-0.14393939393939395,0.7091538461538461,-0.001461538461538403,44,44,35,9,0.7954545454545454,1.0,0.6549942193889834,67.0,68.54545454545455,71.25,0,0,779.097888,86.0,3016.0,3102.0,484.0,398.0,0.16047745358090185,0.1283043197936815,9.045454545454545,9.045454545454545,0.705,0.09045454545454545,45,44,34,10,0.7727272727272727,0.9777777777777777,0.6300764193536366,70.0,71.88636363636364,78.25,0,0,779.189098,82.0,3163.0,3245.0,237.0,155.0,0.07492886500158077,0.04776579352850539,3.522727272727273,3.4444444444444446,0.7374999999999999,0.035227272727272774,True,False,True
v21,score_m60__rv15_over_rv30_le_0p8,choose=score_min_book_rv15; score_min_book_rv15>=0.6; fee_edge>=-100c; ask<=95; sec>=120; rv15_over_rv30<=0.8,1,221,86,66,20,0.7674418604651163,0.3891402714932127,0.6679041466259226,71.0,72.45348837209302,77.75,1,0,599.552893,158.0,6231.0,6389.0,369.0,211.0,0.05922002888781897,0.03302551259978087,2.453488372093023,0.9547511312217195,0.7429069767441859,0.02453488372093038,132,48,32,16,0.6666666666666666,0.36363636363636365,0.5254010970594798,67.0,70.83333333333333,76.25,1,0,599.6584805,91.0,3400.0,3491.0,-200.0,-291.0,-0.058823529411764705,-0.08335720423947293,-6.0625,-2.2045454545454546,0.7272916666666668,-0.06062500000000015,44,16,14,2,0.875,0.36363636363636365,0.6397717273424132,67.0,71.0,75.5,0,0,629.656255,30.0,1136.0,1166.0,264.0,234.0,0.2323943661971831,0.2006861063464837,14.625,5.318181818181818,0.72875,0.14625,45,22,20,2,0.9090909090909091,0.4888888888888889,0.7218505315839417,74.5,77.04545454545455,85.75,0,0,539.478212,37.0,1695.0,1732.0,305.0,268.0,0.17994100294985252,0.15473441108545036,12.181818181818182,5.955555555555556,0.7872727272727272,0.12181818181818183,False,False,True
v21,score_m60__rv15_over_rv30_le_1,choose=score_min_book_rv15; score_min_book_rv15>=0.6; fee_edge>=-100c; ask<=95; sec>=120; rv15_over_rv30<=1,1,221,169,123,46,0.727810650887574,0.7647058823529411,0.6562003180516572,70.0,71.28994082840237,75.0,4,0,719.459955,314.0,12048.0,12362.0,252.0,-62.0,0.02091633466135458,-0.005015369681281346,-0.3668639053254438,-0.28054298642533937,0.7314792899408282,-0.003668639053254208,132,98,68,30,0.6938775510204082,0.7424242424242424,0.5967555815878504,70.0,70.68367346938776,75.0,2,0,719.822668,185.0,6927.0,7112.0,-127.0,-312.0,-0.01833405514652808,-0.043869516310461196,-3.183673469387755,-2.3636363636363638,0.7257142857142858,-0.0318367346938776,44,37,29,8,0.7837837837837838,0.8409090909090909,0.6280485160803085,67.0,70.54054054054055,72.0,1,0,719.45789,69.0,2610.0,2679.0,290.0,221.0,0.1111111111111111,0.08249346771183277,5.972972972972973,5.0227272727272725,0.7240540540540541,0.059729729729729675,45,34,26,8,0.7647058823529411,0.7555555555555555,0.600038620774636,71.0,73.8529411764706,78.75,1,0,629.4042975,60.0,2511.0,2571.0,89.0,29.0,0.03544404619673437,0.011279657720731234,0.8529411764705882,0.6444444444444445,0.7561764705882352,0.008529411764705896,False,False,True
v21,score_m60__rv15_over_rv30_le_1p2,choose=score_min_book_rv15; score_min_book_rv15>=0.6; fee_edge>=-100c; ask<=95; sec>=120; rv15_over_rv30<=1.2,1,221,213,159,54,0.7464788732394366,0.9638009049773756,0.6840460683327719,68.0,70.10328638497653,74.0,0,0,779.190224,403.0,14932.0,15335.0,968.0,565.0,0.0648272167157782,0.036843821323769156,2.652582159624413,2.5565610859728505,0.7199530516431926,0.02652582159624406,132,126,90,36,0.7142857142857143,0.9545454545454546,0.6299837099284312,68.0,69.78571428571429,73.0,0,0,779.4352445,240.0,8793.0,9033.0,207.0,-33.0,0.02354145342886387,-0.0036532713384257723,-0.2619047619047619,-0.25,0.716904761904762,-0.002619047619047743,44,44,35,9,0.7954545454545454,1.0,0.6549942193889834,67.0,68.63636363636364,71.25,0,0,719.900004,85.0,3020.0,3105.0,480.0,395.0,0.15894039735099338,0.12721417069243157,8.977272727272727,8.977272727272727,0.7056818181818182,0.08977272727272723,45,43,34,9,0.7906976744186046,0.9555555555555556,0.6479435728926356,70.0,72.53488372093024,78.5,0,0,779.078782,78.0,3119.0,3197.0,281.0,203.0,0.09009297851875601,0.06349702846418517,4.72093023255814,4.511111111111111,0.7434883720930232,0.047209302325581404,True,False,True
v21,score_m60__rv15_over_rv30_ge_0p8,choose=score_min_book_rv15; score_min_book_rv15>=0.6; fee_edge>=-100c; ask<=95; sec>=120; rv15_over_rv30>=0.8,1,221,207,154,53,0.7439613526570048,0.9366515837104072,0.6804377912563987,68.0,70.71014492753623,75.0,1,0,779.190224,391.0,14637.0,15028.0,763.0,372.0,0.05212816834050694,0.024753792919882885,1.7971014492753623,1.6832579185520362,0.7259903381642514,0.0179710144927534,132,125,89,36,0.712,0.946969696969697,0.6272331124968417,68.0,70.0,73.0,0,0,779.414322,240.0,8750.0,8990.0,150.0,-90.0,0.017142857142857144,-0.010011123470522803,-0.72,-0.6818181818181818,0.7192000000000002,-0.007200000000000206,44,42,34,8,0.8095238095238095,0.9545454545454546,0.6669922598996131,67.0,70.71428571428571,75.0,1,0,719.4796695,78.0,2970.0,3048.0,430.0,352.0,0.1447811447811448,0.11548556430446194,8.380952380952381,8.0,0.7257142857142858,0.08380952380952378,45,40,31,9,0.775,0.8888888888888888,0.6249690325768998,70.5,72.925,81.0,0,0,779.189098,73.0,2917.0,2990.0,183.0,110.0,0.06273568735001714,0.03678929765886288,2.75,2.4444444444444446,0.7474999999999999,0.02750000000000008,True,False,True
v21,score_m60__rv15_over_rv30_ge_1,choose=score_min_book_rv15; score_min_book_rv15>=0.6; fee_edge>=-100c; ask<=95; sec>=120; rv15_over_rv30>=1,1,221,156,125,31,0.8012820512820513,0.7058823529411765,0.7317583750652984,72.0,74.00641025641026,81.0,2,0,719.2806295,279.0,11545.0,11824.0,955.0,676.0,0.08271979211779991,0.05717185385656292,4.333333333333333,3.0588235294117645,0.757948717948718,0.043333333333333335,132,97,78,19,0.8041237113402062,0.7348484848484849,0.7142162230627421,71.0,74.25773195876289,81.0,1,0,719.392622,172.0,7203.0,7375.0,597.0,425.0,0.08288213244481465,0.0576271186440678,4.381443298969073,3.2196969696969697,0.7603092783505156,0.043814432989690566,44,30,25,5,0.8333333333333334,0.6818181818181818,0.6643564949358397,72.5,72.43333333333334,78.0,1,0,719.1241124999999,56.0,2173.0,2229.0,327.0,271.0,0.150483202945237,0.12157918349035442,9.033333333333333,6.159090909090909,0.7430000000000001,0.09033333333333327,45,29,22,7,0.7586206896551724,0.6444444444444445,0.5789239838218866,73.0,74.79310344827586,82.0,0,0,779.144798,51.0,2169.0,2220.0,31.0,-20.0,0.01429230059935454,-0.009009009009009009,-0.6896551724137931,-0.4444444444444444,0.7655172413793103,-0.006896551724137945,False,False,False
v21,score_m60__rv15_over_rv30_ge_1p2,choose=score_min_book_rv15; score_min_book_rv15>=0.6; fee_edge>=-100c; ask<=95; sec>=120; rv15_over_rv30>=1.2,1,221,57,42,15,0.7368421052631579,0.2579185520361991,0.6102342073651618,74.0,76.3157894736842,82.0,5,0,599.973436,101.0,4350.0,4451.0,-150.0,-251.0,-0.034482758620689655,-0.05639182206245787,-4.4035087719298245,-1.1357466063348416,0.7808771929824561,-0.044035087719298205,132,35,27,8,0.7714285714285715,0.26515151515151514,0.6098268310800976,72.0,74.91428571428571,80.0,2,0,659.457208,64.0,2622.0,2686.0,78.0,14.0,0.029748283752860413,0.0052122114668652275,0.4,0.10606060606060606,0.7674285714285715,0.0040000000000000036,44,11,9,2,0.8181818181818182,0.25,0.5230194380391558,80.0,82.36363636363636,93.5,3,0,479.60723,17.0,906.0,923.0,-6.0,-23.0,-0.006622516556291391,-0.024918743228602384,-2.090909090909091,-0.5227272727272727,0.8390909090909091,-0.020909090909090877,45,11,6,5,0.5454545454545454,0.24444444444444444,0.28009153740932197,73.0,74.72727272727273,81.0,0,0,659.437657,20.0,822.0,842.0,-222.0,-242.0,-0.27007299270072993,-0.28741092636579574,-22.0,-5.377777777777778,0.7654545454545456,-0.2200000000000002,False,False,False
v21,score_m60__rv30_over_rv60_le_0p8,choose=score_min_book_rv15; score_min_book_rv15>=0.6; fee_edge>=-100c; ask<=95; sec>=120; rv30_over_rv60<=0.8,1,221,54,40,14,0.7407407407407407,0.24434389140271492,0.6106910949571831,70.5,72.46296296296296,80.5,1,0,659.536502,98.0,3913.0,4011.0,87.0,-11.0,0.022233580373115257,-0.002742458239840439,-0.2037037037037037,-0.049773755656108594,0.7427777777777776,-0.0020370370370369484,132,33,22,11,0.6666666666666666,0.25,0.49607894427805616,68.0,71.12121212121212,74.0,1,0,659.289308,62.0,2347.0,2409.0,-147.0,-209.0,-0.06263314870046868,-0.0867579908675799,-6.333333333333333,-1.5833333333333333,0.73,-0.06333333333333335,44,8,8,0,1.0,0.18181818181818182,0.6755924351161198,80.0,77.0,84.0,0,0,659.7407185,13.0,616.0,629.0,184.0,171.0,0.2987012987012987,0.2718600953895072,21.375,3.8863636363636362,0.7862499999999999,0.2137500000000001,45,13,10,3,0.7692307692307693,0.28888888888888886,0.49743624053272495,70.0,73.07692307692308,81.0,0,0,779.144798,23.0,950.0,973.0,50.0,27.0,0.05263157894736842,0.02774922918807811,2.076923076923077,0.6,0.7484615384615385,0.020769230769230762,False,False,True
v21,score_m60__rv30_over_rv60_le_1,choose=score_min_book_rv15; score_min_book_rv15>=0.6; fee_edge>=-100c; ask<=95; sec>=120; rv30_over_rv60<=1,1,221,145,111,34,0.7655172413793103,0.6561085972850679,0.6902561376420336,68.0,70.8344827586207,75.0,1,0,719.421241,271.0,10271.0,10542.0,829.0,558.0,0.08071268620387499,0.05293113261240751,3.8482758620689657,2.524886877828054,0.7270344827586207,0.03848275862068962,132,82,56,26,0.6829268292682927,0.6212121212121212,0.5759621358417956,68.0,70.10975609756098,73.75,0,0,749.508609,156.0,5749.0,5905.0,-149.0,-305.0,-0.025917550878413638,-0.05165114309906858,-3.7195121951219514,-2.3106060606060606,0.7201219512195123,-0.037195121951219545,44,33,30,3,0.9090909090909091,0.75,0.7642739435353026,71.0,72.03030303030303,78.0,1,0,659.245889,61.0,2377.0,2438.0,623.0,562.0,0.26209507782919644,0.23051681706316654,17.03030303030303,12.772727272727273,0.7387878787878788,0.1703030303030303,45,30,25,5,0.8333333333333334,0.6666666666666666,0.6643564949358397,68.5,71.5,78.75,0,0,680.3713475,54.0,2145.0,2199.0,355.0,301.0,0.1655011655011655,0.13688040018190087,10.033333333333333,6.688888888888889,0.733,0.10033333333333339,False,False,True
v21,score_m60__rv30_over_rv60_ge_1,choose=score_min_book_rv15; score_min_book_rv15>=0.6; fee_edge>=-100c; ask<=95; sec>=120; rv30_over_rv60>=1,1,221,140,106,34,0.7571428571428571,0.6334841628959276,0.6798636840691659,71.0,73.10714285714286,78.0,3,0,719.957224,257.0,10235.0,10492.0,365.0,108.0,0.0356619443087445,0.010293556995806329,0.7714285714285715,0.48868778280542985,0.7494285714285714,0.0077142857142856736,132,86,69,17,0.8023255813953488,0.6515151515151515,0.7060408872053765,71.0,73.34883720930233,77.75,3,0,779.126167,156.0,6308.0,6464.0,592.0,436.0,0.09384908053265695,0.06745049504950495,5.069767441860465,3.303030303030303,0.7516279069767442,0.05069767441860462,44,28,18,10,0.6428571428571429,0.6363636363636364,0.45830306514427804,67.0,70.64285714285714,76.0,0,0,719.4796695,54.0,1978.0,2032.0,-178.0,-232.0,-0.08998988877654196,-0.1141732283464567,-8.285714285714286,-5.2727272727272725,0.7257142857142856,-0.08285714285714274,45,26,19,7,0.7307692307692307,0.5777777777777777,0.5391695962082382,73.0,74.96153846153847,80.75,0,0,749.3077345,47.0,1949.0,1996.0,-49.0,-96.0,-0.025141097998973832,-0.04809619238476954,-3.6923076923076925,-2.1333333333333333,0.7676923076923076,-0.036923076923076836,False,False,False
v21,score_m60__rv30_over_rv60_ge_1p2,choose=score_min_book_rv15; score_min_book_rv15>=0.6; fee_edge>=-100c; ask<=95; sec>=120; rv30_over_rv60>=1.2,1,221,26,17,9,0.6538461538461539,0.11764705882352941,0.4622057118881082,71.5,75.57692307692308,83.25,1,0,719.641493,45.0,1965.0,2010.0,-265.0,-310.0,-0.13486005089058525,-0.15422885572139303,-11.923076923076923,-1.4027149321266967,0.7730769230769231,-0.11923076923076925,132,19,12,7,0.631578947368421,0.14393939393939395,0.41039533164803066,71.0,75.26315789473684,84.0,1,0,779.351787,32.0,1430.0,1462.0,-230.0,-262.0,-0.16083916083916083,-0.17920656634746923,-13.789473684210526,-1.9848484848484849,0.7694736842105263,-0.1378947368421053,44,2,2,0,1.0,0.045454545454545456,0.3423802275066531,79.5,79.5,79.75,0,0,599.635638,4.0,159.0,163.0,41.0,37.0,0.2578616352201258,0.22699386503067484,18.5,0.8409090909090909,0.815,0.18500000000000005,45,5,3,2,0.6,0.1111111111111111,0.23072428127601285,72.0,75.2,78.0,0,0,599.92687,9.0,376.0,385.0,-76.0,-85.0,-0.20212765957446807,-0.22077922077922077,-17.0,-1.8888888888888888,0.77,-0.17000000000000004,False,False,False
v21,score_m60__rv15_over_rv60_le_0p8,choose=score_min_book_rv15; score_min_book_rv15>=0.6; fee_edge>=-100c; ask<=95; sec>=120; rv15_over_rv60<=0.8,1,221,111,81,30,0.7297297297297297,0.502262443438914,0.6404595664697533,70.0,71.44144144144144,77.0,1,0,659.139432,208.0,7930.0,8138.0,170.0,-38.0,0.021437578814627996,-0.004669451953797002,-0.34234234234234234,-0.17194570135746606,0.7331531531531531,-0.0034234234234233885,132,61,41,20,0.6721311475409836,0.4621212121212121,0.5472180631353664,70.0,71.08196721311475,76.0,1,0,599.873514,116.0,4336.0,4452.0,-236.0,-352.0,-0.0544280442804428,-0.07906558849955077,-5.770491803278689,-2.6666666666666665,0.7298360655737706,-0.05770491803278699,44,21,17,4,0.8095238095238095,0.4772727272727273,0.5999943530979507,67.0,67.61904761904762,69.0,0,0,659.593768,42.0,1420.0,1462.0,280.0,238.0,0.19718309859154928,0.16279069767441862,11.333333333333334,5.409090909090909,0.6961904761904761,0.1133333333333334,45,29,23,6,0.7931034482758621,0.6444444444444445,0.616099095961321,71.0,74.96551724137932,83.0,0,0,599.866487,50.0,2174.0,2224.0,126.0,76.0,0.05795768169273229,0.0341726618705036,2.6206896551724137,1.6888888888888889,0.766896551724138,0.026206896551724146,False,False,True
v21,score_m60__rv15_over_rv60_le_1,choose=score_min_book_rv15; score_min_book_rv15>=0.6; fee_edge>=-100c; ask<=95; sec>=120; rv15_over_rv60<=1,1,221,165,120,45,0.7272727272727273,0.746606334841629,0.6547259955234085,67.0,69.81818181818181,74.0,1,0,719.688659,313.0,11520.0,11833.0,480.0,167.0,0.041666666666666664,0.01411307360770726,1.0121212121212122,0.755656108597285,0.7171515151515152,0.010121212121212086,132,91,61,30,0.6703296703296703,0.6893939393939394,0.5685702786797695,67.0,68.73626373626374,72.5,1,0,779.099908,178.0,6255.0,6433.0,-155.0,-333.0,-0.02478017585931255,-0.05176434012124981,-3.659340659340659,-2.522727272727273,0.7069230769230769,-0.0365934065934066,44,38,31,7,0.8157894736842105,0.8636363636363636,0.6658114192886859,67.0,71.36842105263158,77.25,0,0,659.5801045000001,69.0,2712.0,2781.0,388.0,319.0,0.1430678466076696,0.1147069399496584,8.394736842105264,7.25,0.7318421052631577,0.08394736842105277,45,36,28,8,0.7777777777777778,0.8,0.6191529705388181,69.5,70.91666666666667,76.5,0,0,719.4332465,66.0,2553.0,2619.0,247.0,181.0,0.09674892283587935,0.06911034746086292,5.027777777777778,4.022222222222222,0.7274999999999999,0.050277777777777866,False,False,True
v21,score_m60__rv15_over_rv60_ge_1,choose=score_min_book_rv15; score_min_book_rv15>=0.6; fee_edge>=-100c; ask<=95; sec>=120; rv15_over_rv60>=1,1,221,123,94,29,0.7642276422764228,0.5565610859728507,0.6819219808902864,71.0,73.57723577235772,79.5,4,0,719.693119,225.0,9050.0,9275.0,350.0,125.0,0.03867403314917127,0.013477088948787063,1.016260162601626,0.5656108597285068,0.7540650406504065,0.010162601626016343,132,79,61,18,0.7721518987341772,0.5984848484848485,0.668331517739512,71.0,73.69620253164557,77.5,3,0,719.857003,144.0,5822.0,5966.0,278.0,134.0,0.047749914118859496,0.022460610124036204,1.6962025316455696,1.0151515151515151,0.7551898734177217,0.01696202531645552,44,26,20,6,0.7692307692307693,0.5909090909090909,0.5794844592105631,69.5,72.23076923076923,78.25,1,0,689.3377545,48.0,1878.0,1926.0,122.0,74.0,0.06496272630457935,0.03842159916926272,2.8461538461538463,1.6818181818181819,0.7407692307692307,0.028461538461538538,45,18,13,5,0.7222222222222222,0.4,0.4912734343970254,75.0,75.0,80.75,0,0,779.4120125,33.0,1350.0,1383.0,-50.0,-83.0,-0.037037037037037035,-0.060014461315979754,-4.611111111111111,-1.8444444444444446,0.7683333333333332,-0.04611111111111099,False,False,False
v21,score_m60__rv15_over_rv60_ge_1p2,choose=score_min_book_rv15; score_min_book_rv15>=0.6; fee_edge>=-100c; ask<=95; sec>=120; rv15_over_rv60>=1.2,1,221,61,47,14,0.7704918032786885,0.27601809954751133,0.65086594876416,73.0,76.19672131147541,84.0,3,0,719.693119,106.0,4648.0,4754.0,52.0,-54.0,0.011187607573149742,-0.011358855700462769,-0.8852459016393442,-0.24434389140271492,0.7793442622950821,-0.008852459016393643,132,43,35,8,0.813953488372093,0.32575757575757575,0.6738299634272562,72.0,76.02325581395348,86.5,3,0,719.693119,74.0,3269.0,3343.0,231.0,157.0,0.07066381156316917,0.04696380496559976,3.6511627906976742,1.1893939393939394,0.7774418604651163,0.03651162790697671,44,8,4,4,0.5,0.18181818181818182,0.2152160622138776,75.5,74.625,78.5,0,0,659.8256355,15.0,597.0,612.0,-197.0,-212.0,-0.32998324958123953,-0.3464052287581699,-26.5,-4.818181818181818,0.765,-0.265,45,10,8,2,0.8,0.2222222222222222,0.4901624715366418,80.5,78.2,83.5,0,0,809.3510914999999,17.0,782.0,799.0,18.0,1.0,0.023017902813299233,0.0012515644555694619,0.1,0.022222222222222223,0.799,0.0010000000000000009,False,False,False
v21,score_m60__rv15_minus_rv30_le_m10,choose=score_min_book_rv15; score_min_book_rv15>=0.6; fee_edge>=-100c; ask<=95; sec>=120; rv15_minus_rv30<=-10,1,221,98,73,25,0.7448979591836735,0.4434389140271493,0.6504954351859865,70.0,71.35714285714286,75.0,0,0,719.383953,184.0,6993.0,7177.0,307.0,123.0,0.0439010439010439,0.017138079977706562,1.2551020408163265,0.5565610859728507,0.7323469387755102,0.01255102040816336,132,62,42,20,0.6774193548387096,0.4696969696969697,0.5536808809284809,69.5,70.08064516129032,74.0,0,0,749.4592725,119.0,4345.0,4464.0,-145.0,-264.0,-0.0333716915995397,-0.05913978494623656,-4.258064516129032,-2.0,0.7200000000000001,-0.042580645161290454,44,19,16,3,0.8421052631578947,0.4318181818181818,0.6243452472967093,67.0,71.10526315789474,76.0,0,0,659.593768,36.0,1351.0,1387.0,249.0,213.0,0.1843079200592154,0.15356885364095169,11.210526315789474,4.840909090909091,0.73,0.11210526315789471,45,17,15,2,0.8823529411764706,0.37777777777777777,0.6566364940511412,73.0,76.29411764705883,85.0,0,0,599.669163,29.0,1297.0,1326.0,203.0,174.0,0.15651503469545103,0.13122171945701358,10.235294117647058,3.8666666666666667,0.78,0.10235294117647054,False,False,True
v21,score_m60__rv15_minus_rv30_le_0,choose=score_min_book_rv15; score_min_book_rv15>=0.6; fee_edge>=-100c; ask<=95; sec>=120; rv15_minus_rv30<=0,1,221,169,123,46,0.727810650887574,0.7647058823529411,0.6562003180516572,70.0,71.28994082840237,75.0,4,0,719.459955,314.0,12048.0,12362.0,252.0,-62.0,0.02091633466135458,-0.005015369681281346,-0.3668639053254438,-0.28054298642533937,0.7314792899408282,-0.003668639053254208,132,98,68,30,0.6938775510204082,0.7424242424242424,0.5967555815878504,70.0,70.68367346938776,75.0,2,0,719.822668,185.0,6927.0,7112.0,-127.0,-312.0,-0.01833405514652808,-0.043869516310461196,-3.183673469387755,-2.3636363636363638,0.7257142857142858,-0.0318367346938776,44,37,29,8,0.7837837837837838,0.8409090909090909,0.6280485160803085,67.0,70.54054054054055,72.0,1,0,719.45789,69.0,2610.0,2679.0,290.0,221.0,0.1111111111111111,0.08249346771183277,5.972972972972973,5.0227272727272725,0.7240540540540541,0.059729729729729675,45,34,26,8,0.7647058823529411,0.7555555555555555,0.600038620774636,71.0,73.8529411764706,78.75,1,0,629.4042975,60.0,2511.0,2571.0,89.0,29.0,0.03544404619673437,0.011279657720731234,0.8529411764705882,0.6444444444444445,0.7561764705882352,0.008529411764705896,False,False,True
v21,score_m60__rv15_minus_rv30_ge_0,choose=score_min_book_rv15; score_min_book_rv15>=0.6; fee_edge>=-100c; ask<=95; sec>=120; rv15_minus_rv30>=0,1,221,156,125,31,0.8012820512820513,0.7058823529411765,0.7317583750652984,72.0,74.00641025641026,81.0,2,0,719.2806295,279.0,11545.0,11824.0,955.0,676.0,0.08271979211779991,0.05717185385656292,4.333333333333333,3.0588235294117645,0.757948717948718,0.043333333333333335,132,97,78,19,0.8041237113402062,0.7348484848484849,0.7142162230627421,71.0,74.25773195876289,81.0,1,0,719.392622,172.0,7203.0,7375.0,597.0,425.0,0.08288213244481465,0.0576271186440678,4.381443298969073,3.2196969696969697,0.7603092783505156,0.043814432989690566,44,30,25,5,0.8333333333333334,0.6818181818181818,0.6643564949358397,72.5,72.43333333333334,78.0,1,0,719.1241124999999,56.0,2173.0,2229.0,327.0,271.0,0.150483202945237,0.12157918349035442,9.033333333333333,6.159090909090909,0.7430000000000001,0.09033333333333327,45,29,22,7,0.7586206896551724,0.6444444444444445,0.5789239838218866,73.0,74.79310344827586,82.0,0,0,779.144798,51.0,2169.0,2220.0,31.0,-20.0,0.01429230059935454,-0.009009009009009009,-0.6896551724137931,-0.4444444444444444,0.7655172413793103,-0.006896551724137945,False,False,False
v21,score_m60__rv15_minus_rv30_ge_10,choose=score_min_book_rv15; score_min_book_rv15>=0.6; fee_edge>=-100c; ask<=95; sec>=120; rv15_minus_rv30>=10,1,221,82,61,21,0.7439024390243902,0.37104072398190047,0.6400110670496505,74.0,75.89024390243902,81.75,3,0,719.0092970000001,145.0,6223.0,6368.0,-123.0,-268.0,-0.019765386469548448,-0.042085427135678394,-3.268292682926829,-1.2126696832579185,0.7765853658536586,-0.03268292682926832,132,61,45,16,0.7377049180327869,0.4621212121212121,0.6156325821638563,73.0,75.04918032786885,81.0,1,0,719.279755,108.0,4578.0,4686.0,-78.0,-186.0,-0.01703800786369594,-0.03969270166453265,-3.0491803278688523,-1.4090909090909092,0.7681967213114756,-0.030491803278688723,44,15,12,3,0.8,0.3409090909090909,0.5481455128483065,75.0,79.2,86.0,2,0,599.94168,25.0,1188.0,1213.0,12.0,-13.0,0.010101010101010102,-0.010717230008244023,-0.8666666666666667,-0.29545454545454547,0.8086666666666666,-0.0086666666666666,45,6,4,2,0.6666666666666666,0.13333333333333333,0.299993315138392,77.0,76.16666666666667,80.75,0,0,809.3510914999999,12.0,457.0,469.0,-57.0,-69.0,-0.12472647702407003,-0.14712153518123666,-11.5,-1.5333333333333334,0.7816666666666666,-0.11499999999999999,False,False,False
v21,score_m60__rv15_over_rv30_le_1__rv30_over_rv60_le_1,choose=score_min_book_rv15; score_min_book_rv15>=0.6; fee_edge>=-100c; ask<=95; sec>=120; rv15_over_rv30<=1; rv30_over_rv60<=1,2,221,107,79,28,0.7383177570093458,0.4841628959276018,0.6478138222860738,70.0,72.0,76.0,3,0,659.289308,196.0,7704.0,7900.0,196.0,0.0,0.02544132917964694,0.0,0.0,0.0,0.7383177570093459,-1.1102230246251565e-16,132,59,37,22,0.6271186440677966,0.44696969696969696,0.4995359106706382,70.0,70.37288135593221,75.0,1,0,719.101909,112.0,4152.0,4264.0,-452.0,-564.0,-0.10886319845857419,-0.13227016885553472,-9.559322033898304,-4.2727272727272725,0.7227118644067796,-0.09559322033898299,44,23,22,1,0.9565217391304348,0.5227272727272727,0.7900884492974113,67.0,72.21739130434783,76.0,1,0,659.566441,42.0,1661.0,1703.0,539.0,497.0,0.32450331125827814,0.2918379330593071,21.608695652173914,11.295454545454545,0.7404347826086956,0.21608695652173926,45,25,20,5,0.8,0.5555555555555556,0.6086904963045967,71.0,75.64,86.0,1,0,479.868481,42.0,1891.0,1933.0,109.0,67.0,0.05764145954521417,0.0346611484738748,2.68,1.488888888888889,0.7732000000000001,0.026799999999999935,False,False,True
v21,score_m60__rv15_over_rv30_ge_1__rv30_over_rv60_ge_1,choose=score_min_book_rv15; score_min_book_rv15>=0.6; fee_edge>=-100c; ask<=95; sec>=120; rv15_over_rv30>=1; rv30_over_rv60>=1,2,221,81,68,13,0.8395061728395061,0.3665158371040724,0.7445295089488064,76.0,77.14814814814815,87.0,5,0,719.524222,137.0,6249.0,6386.0,551.0,414.0,0.08817410785725716,0.06482931412464767,5.111111111111111,1.8733031674208145,0.788395061728395,0.05111111111111111,132,57,50,7,0.8771929824561403,0.4318181818181818,0.7675355156482598,75.0,78.26315789473684,90.0,4,0,719.003447,92.0,4461.0,4553.0,539.0,447.0,0.12082492714637974,0.09817702613661322,7.842105263157895,3.3863636363636362,0.7987719298245616,0.07842105263157872,44,14,11,3,0.7857142857142857,0.3181818181818182,0.524107694133997,67.0,71.71428571428571,77.75,1,0,719.2292405000001,27.0,1004.0,1031.0,96.0,69.0,0.09561752988047809,0.06692531522793405,4.928571428571429,1.5681818181818181,0.7364285714285714,0.049285714285714266,45,10,7,3,0.7,0.2222222222222222,0.3967781474611453,80.0,78.4,81.75,0,0,839.1006745,18.0,784.0,802.0,-84.0,-102.0,-0.10714285714285714,-0.12718204488778054,-10.2,-2.2666666666666666,0.8019999999999999,-0.10199999999999998,False,False,False
v21,score_m60__rv15_over_rv30_le_0p8__rv_sigma_t_15m_le_100,choose=score_min_book_rv15; score_min_book_rv15>=0.6; fee_edge>=-100c; ask<=95; sec>=120; rv15_over_rv30<=0.8; rv_sigma_t_15m<=100,2,221,80,61,19,0.7625,0.36199095022624433,0.6585922106615943,71.0,72.85,78.0,0,0,599.509233,147.0,5828.0,5975.0,272.0,125.0,0.04667124227865477,0.02092050209205021,1.5625,0.5656108597285068,0.746875,0.015625,132,42,27,15,0.6428571428571429,0.3181818181818182,0.4916636571945582,70.0,71.35714285714286,76.75,0,0,599.4725695,80.0,2997.0,3077.0,-297.0,-377.0,-0.0990990990990991,-0.1225219369515762,-8.976190476190476,-2.856060606060606,0.7326190476190476,-0.08976190476190471,44,16,14,2,0.875,0.36363636363636365,0.6397717273424132,67.0,71.0,75.5,0,0,629.656255,30.0,1136.0,1166.0,264.0,234.0,0.2323943661971831,0.2006861063464837,14.625,5.318181818181818,0.72875,0.14625,45,22,20,2,0.9090909090909091,0.4888888888888889,0.7218505315839417,74.5,77.04545454545455,85.75,0,0,539.478212,37.0,1695.0,1732.0,305.0,268.0,0.17994100294985252,0.15473441108545036,12.181818181818182,5.955555555555556,0.7872727272727272,0.12181818181818183,False,False,True
v21,score_m60__rv15_over_rv30_ge_1p2__rv_sigma_t_15m_ge_75,choose=score_min_book_rv15; score_min_book_rv15>=0.6; fee_edge>=-100c; ask<=95; sec>=120; rv15_over_rv30>=1.2; rv_sigma_t_15m>=75,2,221,35,26,9,0.7428571428571429,0.1583710407239819,0.5793069315616083,72.0,73.37142857142857,77.0,1,0,719.421982,67.0,2568.0,2635.0,32.0,-35.0,0.012461059190031152,-0.013282732447817837,-1.0,-0.1583710407239819,0.7528571428571429,-0.010000000000000009,132,27,20,7,0.7407407407407407,0.20454545454545456,0.5532142868544693,71.0,72.4074074074074,74.0,1,0,719.421982,52.0,1955.0,2007.0,45.0,-7.0,0.023017902813299233,-0.003487792725460887,-0.25925925925925924,-0.05303030303030303,0.7433333333333332,-0.0025925925925924798,44,6,5,1,0.8333333333333334,0.13636363636363635,0.4364971778135299,74.0,76.83333333333333,78.5,0,0,689.7058844999999,11.0,461.0,472.0,39.0,28.0,0.08459869848156182,0.059322033898305086,4.666666666666667,0.6363636363636364,0.7866666666666666,0.046666666666666745,45,2,1,1,0.5,0.044444444444444446,0.09453120573423071,76.0,76.0,78.0,0,0,719.4976260000001,4.0,152.0,156.0,-52.0,-56.0,-0.34210526315789475,-0.358974358974359,-28.0,-1.2444444444444445,0.78,-0.28,False,False,False
v21,score_edge_m5,choose=score_min_book_rv15; score_min_book_rv15>=0.6; fee_edge>=-5c; ask<=95; sec>=120,0,221,190,145,45,0.7631578947368421,0.8597285067873304,0.6978663460923736,66.0,69.81052631578947,73.0,2,0,719.9503755000001,358.0,13264.0,13622.0,1236.0,878.0,0.09318455971049457,0.06445455880193804,4.621052631578947,3.9728506787330318,0.7169473684210527,0.04621052631578948,132,112,82,30,0.7321428571428571,0.8484848484848485,0.6434352838771963,66.0,69.63392857142857,73.0,2,0,779.189481,211.0,7799.0,8010.0,401.0,190.0,0.0514168483138864,0.02372034956304619,1.6964285714285714,1.4393939393939394,0.7151785714285716,0.016964285714285543,44,42,34,8,0.8095238095238095,0.9545454545454546,0.6669922598996131,67.0,69.69047619047619,73.5,0,0,719.7198845,80.0,2927.0,3007.0,473.0,393.0,0.16159890673044072,0.13069504489524442,9.357142857142858,8.931818181818182,0.715952380952381,0.09357142857142853,45,36,29,7,0.8055555555555556,0.8,0.6497195700482261,67.5,70.5,73.25,0,0,719.4332465,67.0,2538.0,2605.0,362.0,295.0,0.1426319936958235,0.11324376199616124,8.194444444444445,6.555555555555555,0.7236111111111111,0.08194444444444449,True,True,True
v21,score_edge_m5__rv15_over_rv30_le_0p8,choose=score_min_book_rv15; score_min_book_rv15>=0.6; fee_edge>=-5c; ask<=95; sec>=120; rv15_over_rv30<=0.8,1,221,75,59,16,0.7866666666666666,0.3393665158371041,0.6812003421070318,70.0,72.44,78.0,1,0,599.873514,135.0,5433.0,5568.0,467.0,332.0,0.08595619363151114,0.05962643678160919,4.426666666666667,1.502262443438914,0.7424,0.044266666666666676,132,43,30,13,0.6976744186046512,0.32575757575757575,0.5489463582227039,66.0,71.02325581395348,77.0,1,0,599.873514,79.0,3054.0,3133.0,-54.0,-133.0,-0.01768172888015717,-0.04245132460900096,-3.0930232558139537,-1.0075757575757576,0.7286046511627906,-0.030930232558139426,44,13,11,2,0.8461538461538461,0.29545454545454547,0.5776536898051745,67.0,70.6923076923077,77.0,0,0,659.365421,24.0,919.0,943.0,181.0,157.0,0.1969532100108814,0.1664899257688229,12.076923076923077,3.5681818181818183,0.7253846153846154,0.12076923076923074,45,19,18,1,0.9473684210526315,0.4222222222222222,0.753612688331012,73.0,76.84210526315789,86.5,0,0,539.630699,32.0,1460.0,1492.0,340.0,308.0,0.2328767123287671,0.2064343163538874,16.210526315789473,6.844444444444444,0.7852631578947369,0.16210526315789464,False,False,True
v21,score_edge_m5__rv15_over_rv30_le_1,choose=score_min_book_rv15; score_min_book_rv15>=0.6; fee_edge>=-5c; ask<=95; sec>=120; rv15_over_rv30<=1,1,221,146,108,38,0.7397260273972602,0.6606334841628959,0.6630559975733338,67.0,71.02054794520548,75.0,5,0,719.347306,268.0,10369.0,10637.0,431.0,163.0,0.04156620696306298,0.015323869512080474,1.1164383561643836,0.7375565610859729,0.7285616438356165,0.011164383561643731,132,81,55,26,0.6790123456790124,0.6136363636363636,0.5712362384861901,66.0,69.77777777777777,74.0,3,0,719.857003,153.0,5652.0,5805.0,-152.0,-305.0,-0.02689313517338995,-0.05254091300602928,-3.765432098765432,-2.3106060606060606,0.7166666666666667,-0.03765432098765431,44,34,28,6,0.8235294117647058,0.7727272727272727,0.6648626260015724,67.0,71.97058823529412,77.0,1,0,659.60869,61.0,2447.0,2508.0,353.0,292.0,0.14425827543931344,0.11642743221690591,8.588235294117647,6.636363636363637,0.7376470588235293,0.08588235294117652,45,31,25,6,0.8064516129032258,0.6888888888888889,0.6371974218820453,70.0,73.2258064516129,81.0,1,0,599.669163,54.0,2270.0,2324.0,230.0,176.0,0.1013215859030837,0.0757314974182444,5.67741935483871,3.911111111111111,0.7496774193548388,0.056774193548386975,False,False,True
v21,score_edge_m5__rv15_over_rv30_le_1p2,choose=score_min_book_rv15; score_min_book_rv15>=0.6; fee_edge>=-5c; ask<=95; sec>=120; rv15_over_rv30<=1.2,1,221,184,140,44,0.7608695652173914,0.832579185520362,0.6943024873989116,66.0,69.91847826086956,73.25,2,0,719.8478025,344.0,12865.0,13209.0,1135.0,791.0,0.08822386319471434,0.0598834128245893,4.298913043478261,3.579185520361991,0.7178804347826085,0.04298913043478281,132,107,78,29,0.7289719626168224,0.8106060606060606,0.6379084109244533,66.0,69.83177570093459,73.5,2,0,779.152426,200.0,7472.0,7672.0,328.0,128.0,0.043897216274089934,0.016684045881126174,1.1962616822429906,0.9696969696969697,0.7170093457943925,0.011962616822429939,44,42,34,8,0.8095238095238095,0.9545454545454546,0.6669922598996131,67.0,69.9047619047619,73.5,0,0,719.447557,79.0,2936.0,3015.0,464.0,385.0,0.15803814713896458,0.12769485903814262,9.166666666666666,8.75,0.7178571428571429,0.09166666666666667,45,35,28,7,0.8,0.7777777777777778,0.6410838693433439,67.0,70.2,73.0,0,0,719.352897,65.0,2457.0,2522.0,343.0,278.0,0.1396011396011396,0.11022997620935765,7.942857142857143,6.177777777777778,0.7205714285714285,0.07942857142857151,False,True,True
v21,score_edge_m5__rv15_over_rv30_ge_0p8,choose=score_min_book_rv15; score_min_book_rv15>=0.6; fee_edge>=-5c; ask<=95; sec>=120; rv15_over_rv30>=0.8,1,221,164,125,39,0.7621951219512195,0.7420814479638009,0.6915068834018161,67.0,70.59146341463415,74.25,2,0,719.6292325,303.0,11577.0,11880.0,923.0,620.0,0.07972704500302323,0.05218855218855219,3.7804878048780486,2.8054298642533935,0.7243902439024391,0.03780487804878041,132,96,70,26,0.7291666666666666,0.7272727272727273,0.6327365269279848,66.0,69.73958333333333,73.0,1,0,749.508609,180.0,6695.0,6875.0,305.0,125.0,0.04555638536221061,0.01818181818181818,1.3020833333333333,0.946969696969697,0.7161458333333334,0.01302083333333326,44,39,33,6,0.8461538461538461,0.8863636363636364,0.7027053635107331,70.0,72.25641025641026,79.0,1,0,659.914996,70.0,2818.0,2888.0,482.0,412.0,0.1710432931156849,0.14265927977839335,10.564102564102564,9.363636363636363,0.7405128205128205,0.10564102564102562,45,29,22,7,0.7586206896551724,0.6444444444444445,0.5789239838218866,67.0,71.17241379310344,81.0,0,0,659.437657,53.0,2064.0,2117.0,136.0,83.0,0.06589147286821706,0.03920642418516769,2.8620689655172415,1.8444444444444446,0.7300000000000001,0.028620689655172282,False,True,True
v21,score_edge_m5__rv15_over_rv30_ge_1,choose=score_min_book_rv15; score_min_book_rv15>=0.6; fee_edge>=-5c; ask<=95; sec>=120; rv15_over_rv30>=1,1,221,108,89,19,0.8240740740740741,0.48868778280542985,0.7415045937948217,70.5,74.21296296296296,83.0,4,0,719.0135310000001,188.0,8015.0,8203.0,885.0,697.0,0.11041796631316282,0.08496891381201999,6.453703703703703,3.1538461538461537,0.7595370370370372,0.06453703703703684,132,66,54,12,0.8181818181818182,0.5,0.7085480732292817,70.0,74.62121212121212,85.5,2,0,719.0135310000001,113.0,4925.0,5038.0,475.0,362.0,0.09644670050761421,0.07185391028185788,5.484848484848484,2.742424242424242,0.7633333333333335,0.0548484848484847,44,24,21,3,0.875,0.5454545454545454,0.6899611872949993,72.5,73.83333333333333,80.25,2,0,719.1241124999999,43.0,1772.0,1815.0,328.0,285.0,0.18510158013544017,0.15702479338842976,11.875,6.4772727272727275,0.75625,0.11875000000000002,45,18,14,4,0.7777777777777778,0.4,0.5478541568378738,70.0,73.22222222222223,81.75,0,0,659.3188855,32.0,1318.0,1350.0,82.0,50.0,0.0622154779969651,0.037037037037037035,2.7777777777777777,1.1111111111111112,0.7500000000000001,0.02777777777777768,False,True,True
v21,score_edge_m5__rv15_over_rv30_ge_1p2,choose=score_min_book_rv15; score_min_book_rv15>=0.6; fee_edge>=-5c; ask<=95; sec>=120; rv15_over_rv30>=1.2,1,221,25,18,7,0.72,0.11312217194570136,0.5242339480963842,68.0,72.56,80.0,2,0,719.003447,46.0,1814.0,1860.0,-14.0,-60.0,-0.007717750826901874,-0.03225806451612903,-2.4,-0.27149321266968324,0.7439999999999999,-0.02399999999999991,132,16,12,4,0.75,0.12121212121212122,0.5050168346449122,67.0,69.75,73.0,0,0,719.0966105,31.0,1116.0,1147.0,84.0,53.0,0.07526881720430108,0.046207497820401046,3.3125,0.4015151515151515,0.716875,0.03312499999999996,44,4,4,0,1.0,0.09090909090909091,0.5101091635454027,84.5,81.5,95.0,2,0,530.448051,6.0,326.0,332.0,74.0,68.0,0.22699386503067484,0.20481927710843373,17.0,1.5454545454545454,0.8300000000000001,0.16999999999999993,45,5,2,3,0.4,0.1111111111111111,0.11762077423264786,68.0,74.4,82.0,0,0,659.437657,9.0,372.0,381.0,-172.0,-181.0,-0.46236559139784944,-0.47506561679790027,-36.2,-4.022222222222222,0.7620000000000001,-0.3620000000000001,False,False,False
v21,score_edge_m5__rv30_over_rv60_le_0p8,choose=score_min_book_rv15; score_min_book_rv15>=0.6; fee_edge>=-5c; ask<=95; sec>=120; rv30_over_rv60<=0.8,1,221,49,35,14,0.7142857142857143,0.22171945701357465,0.575911164922199,68.0,71.85714285714286,78.0,1,0,659.566441,90.0,3521.0,3611.0,-21.0,-111.0,-0.005964214711729622,-0.030739407366380506,-2.2653061224489797,-0.502262443438914,0.736938775510204,-0.022653061224489734,132,31,20,11,0.6451612903225806,0.23484848484848486,0.46947954064368874,66.0,70.51612903225806,74.5,1,0,659.506563,59.0,2186.0,2245.0,-186.0,-245.0,-0.08508691674290943,-0.1091314031180401,-7.903225806451613,-1.856060606060606,0.7241935483870967,-0.07903225806451608,44,7,7,0,1.0,0.1590909090909091,0.6456695649333126,78.0,76.28571428571429,84.0,0,0,659.914996,11.0,534.0,545.0,166.0,155.0,0.31086142322097376,0.28440366972477066,22.142857142857142,3.522727272727273,0.7785714285714286,0.22142857142857142,45,11,8,3,0.7272727272727273,0.24444444444444444,0.43435469882387095,68.0,72.81818181818181,80.0,0,0,659.437657,20.0,801.0,821.0,-1.0,-21.0,-0.0012484394506866417,-0.025578562728380026,-1.9090909090909092,-0.4666666666666667,0.7463636363636362,-0.019090909090908936,False,False,False
v21,score_edge_m5__rv30_over_rv60_le_1,choose=score_min_book_rv15; score_min_book_rv15>=0.6; fee_edge>=-5c; ask<=95; sec>=120; rv30_over_rv60<=1,1,221,123,95,28,0.7723577235772358,0.5565610859728507,0.6906730312914691,67.0,69.76422764227642,74.0,2,0,719.476887,234.0,8581.0,8815.0,919.0,685.0,0.10709707493299149,0.07770845150311968,5.569105691056911,3.0995475113122173,0.7166666666666667,0.05569105691056908,132,70,49,21,0.7,0.5303030303030303,0.5845568276122731,66.0,69.47142857142858,73.75,1,0,719.952318,133.0,4863.0,4996.0,37.0,-96.0,0.0076084721365412295,-0.01921537229783827,-1.3714285714285714,-0.7272727272727273,0.7137142857142859,-0.013714285714285901,44,27,25,2,0.9259259259259259,0.6136363636363636,0.7663040731697686,67.0,70.92592592592592,75.5,1,0,719.071248,51.0,1915.0,1966.0,585.0,534.0,0.30548302872062666,0.271617497456765,19.77777777777778,12.136363636363637,0.728148148148148,0.19777777777777794,45,26,21,5,0.8076923076923077,0.5777777777777777,0.6212374288068301,67.5,69.34615384615384,71.0,0,0,659.3188855,50.0,1803.0,1853.0,297.0,247.0,0.16472545757071547,0.1332973556395035,9.5,5.488888888888889,0.7126923076923076,0.09500000000000008,False,False,True
v21,score_edge_m5__rv30_over_rv60_ge_1,choose=score_min_book_rv15; score_min_book_rv15>=0.6; fee_edge>=-5c; ask<=95; sec>=120; rv30_over_rv60>=1,1,221,103,79,24,0.7669902912621359,0.4660633484162896,0.6766575236750112,70.0,73.14563106796116,81.5,4,0,719.023615,182.0,7534.0,7716.0,366.0,184.0,0.048579771701619326,0.023846552617936754,1.7864077669902914,0.832579185520362,0.749126213592233,0.017864077669902945,132,63,50,13,0.7936507936507936,0.4772727272727273,0.6783018567138666,70.0,73.25396825396825,81.5,4,0,719.341715,111.0,4615.0,4726.0,385.0,274.0,0.08342361863488625,0.057977147693609815,4.349206349206349,2.0757575757575757,0.7501587301587304,0.04349206349206325,44,24,16,8,0.6666666666666666,0.5454545454545454,0.4670631683813174,67.0,72.5,77.5,0,0,659.484841,43.0,1740.0,1783.0,-140.0,-183.0,-0.08045977011494253,-0.10263600673022995,-7.625,-4.159090909090909,0.7429166666666666,-0.07624999999999993,45,16,13,3,0.8125,0.35555555555555557,0.5699111903802586,72.5,73.6875,82.5,0,0,659.7103314999999,28.0,1179.0,1207.0,121.0,93.0,0.10262934690415607,0.07705053852526926,5.8125,2.066666666666667,0.754375,0.05812499999999998,False,False,False
v21,score_edge_m5__rv30_over_rv60_ge_1p2,choose=score_min_book_rv15; score_min_book_rv15>=0.6; fee_edge>=-5c; ask<=95; sec>=120; rv30_over_rv60>=1.2,1,221,12,9,3,0.75,0.05429864253393665,0.46769466506643437,66.0,72.91666666666667,82.0,1,0,719.333905,21.0,875.0,896.0,25.0,4.0,0.02857142857142857,0.004464285714285714,0.3333333333333333,0.01809954751131222,0.7466666666666667,0.0033333333333332993,132,9,6,3,0.6666666666666666,0.06818181818181818,0.35420213558039626,65.0,73.88888888888889,91.0,1,0,719.341715,15.0,665.0,680.0,-65.0,-80.0,-0.09774436090225563,-0.11764705882352941,-8.88888888888889,-0.6060606060606061,0.7555555555555556,-0.08888888888888902,44,1,1,0,1.0,0.022727272727272728,0.20654931437723742,79.0,79.0,79.0,0,0,479.593441,2.0,79.0,81.0,21.0,19.0,0.26582278481012656,0.2345679012345679,19.0,0.4318181818181818,0.81,0.18999999999999995,45,2,2,0,1.0,0.044444444444444446,0.3423802275066531,65.5,65.5,66.25,0,0,659.296152,4.0,131.0,135.0,69.0,65.0,0.5267175572519084,0.48148148148148145,32.5,1.4444444444444444,0.675,0.32499999999999996,False,False,True
v21,score_edge_m5__rv15_over_rv60_le_0p8,choose=score_min_book_rv15; score_min_book_rv15>=0.6; fee_edge>=-5c; ask<=95; sec>=120; rv15_over_rv60<=0.8,1,221,103,78,25,0.7572815533980582,0.4660633484162896,0.6662124821896459,67.0,71.25242718446601,77.0,1,0,659.139432,191.0,7339.0,7530.0,461.0,270.0,0.06281509742471726,0.035856573705179286,2.621359223300971,1.2217194570135748,0.7310679611650487,0.026213592233009564,132,56,39,17,0.6964285714285714,0.42424242424242425,0.5666413471427516,66.5,71.01785714285714,77.0,1,0,599.884288,104.0,3977.0,4081.0,-77.0,-181.0,-0.019361327633894896,-0.04435187454055379,-3.232142857142857,-1.371212121212121,0.72875,-0.03232142857142861,44,20,17,3,0.85,0.45454545454545453,0.639581135259243,67.0,68.2,69.5,0,0,659.58978,39.0,1364.0,1403.0,336.0,297.0,0.24633431085043989,0.21168923734853884,14.85,6.75,0.7015,0.14849999999999997,45,27,22,5,0.8148148148148148,0.6,0.6330131638145157,71.0,74.0,79.5,0,0,599.866487,48.0,1998.0,2046.0,202.0,154.0,0.1011011011011011,0.07526881720430108,5.703703703703703,3.422222222222222,0.757777777777778,0.057037037037036775,False,False,True
v21,score_edge_m5__rv15_over_rv60_le_1,choose=score_min_book_rv15; score_min_book_rv15>=0.6; fee_edge>=-5c; ask<=95; sec>=120; rv15_over_rv60<=1,1,221,149,111,38,0.7449664429530202,0.6742081447963801,0.6694331878110515,66.0,69.44295302013423,73.0,1,0,719.688659,283.0,10347.0,10630.0,753.0,470.0,0.07277471730936504,0.04421448730009407,3.1543624161073827,2.1266968325791855,0.7134228187919462,0.031543624161073924,132,83,57,26,0.6867469879518072,0.6287878787878788,0.5805862952746207,65.0,68.60240963855422,72.5,1,0,779.152426,160.0,5694.0,5854.0,6.0,-154.0,0.001053740779768177,-0.026306798770071745,-1.855421686746988,-1.1666666666666667,0.705301204819277,-0.01855421686746983,44,34,28,6,0.8235294117647058,0.7727272727272727,0.6648626260015724,67.0,71.02941176470588,76.25,0,0,689.5900255,63.0,2415.0,2478.0,385.0,322.0,0.15942028985507245,0.12994350282485875,9.470588235294118,7.318181818181818,0.7288235294117646,0.0947058823529412,45,32,26,6,0.8125,0.7111111111111111,0.6469084479862404,67.0,69.9375,72.25,0,0,719.2713675,60.0,2238.0,2298.0,362.0,302.0,0.16175156389633602,0.13141862489120976,9.4375,6.711111111111111,0.7181249999999999,0.0943750000000001,False,False,True
v21,score_edge_m5__rv15_over_rv60_ge_1,choose=score_min_book_rv15; score_min_book_rv15>=0.6; fee_edge>=-5c; ask<=95; sec>=120; rv15_over_rv60>=1,1,221,74,57,17,0.7702702702702703,0.334841628959276,0.6625368552184814,70.0,74.01351351351352,85.5,3,0,719.0474314999999,128.0,5477.0,5605.0,223.0,95.0,0.04071572028482746,0.01694915254237288,1.2837837837837838,0.4298642533936652,0.7574324324324324,0.012837837837837873,132,47,36,11,0.7659574468085106,0.3560606060606061,0.627757424498444,70.0,74.2127659574468,87.5,2,0,719.279755,81.0,3488.0,3569.0,112.0,31.0,0.03211009174311927,0.008685906416363126,0.6595744680851063,0.23484848484848486,0.7593617021276596,0.006595744680851001,44,20,16,4,0.8,0.45454545454545453,0.5839825677481064,70.5,74.7,87.75,1,0,629.5050405,34.0,1494.0,1528.0,106.0,72.0,0.07095046854082998,0.04712041884816754,3.6,1.6363636363636365,0.764,0.03600000000000003,45,7,5,2,0.7142857142857143,0.15555555555555556,0.35893445183261935,67.0,70.71428571428571,77.5,0,0,779.650672,13.0,495.0,508.0,5.0,-8.0,0.010101010101010102,-0.015748031496062992,-1.1428571428571428,-0.17777777777777778,0.7257142857142858,-0.011428571428571455,False,False,False
v21,score_edge_m5__rv15_over_rv60_ge_1p2,choose=score_min_book_rv15; score_min_book_rv15>=0.6; fee_edge>=-5c; ask<=95; sec>=120; rv15_over_rv60>=1.2,1,221,31,25,6,0.8064516129032258,0.14027149321266968,0.6371974218820453,69.0,75.16129032258064,87.5,3,0,719.506638,52.0,2330.0,2382.0,170.0,118.0,0.07296137339055794,0.04953820319059614,3.806451612903226,0.5339366515837104,0.7683870967741936,0.038064516129032167,132,25,21,4,0.84,0.1893939393939394,0.6534637839282114,69.0,76.0,92.0,3,0,719.326095,41.0,1900.0,1941.0,200.0,159.0,0.10526315789473684,0.08191653786707882,6.36,1.2045454545454546,0.7764,0.06359999999999999,44,2,1,1,0.5,0.045454545454545456,0.09453120573423071,63.5,63.5,63.75,0,0,689.850712,4.0,127.0,131.0,-27.0,-31.0,-0.2125984251968504,-0.2366412213740458,-15.5,-0.7045454545454546,0.655,-0.15500000000000003,45,4,3,1,0.75,0.08888888888888889,0.3006418425824019,77.5,75.75,82.5,0,0,839.212044,7.0,303.0,310.0,-3.0,-10.0,-0.009900990099009901,-0.03225806451612903,-2.5,-0.2222222222222222,0.775,-0.025000000000000022,False,False,False
v21,score_edge_m5__rv15_minus_rv30_le_m10,choose=score_min_book_rv15; score_min_book_rv15>=0.6; fee_edge>=-5c; ask<=95; sec>=120; rv15_minus_rv30<=-10,1,221,86,65,21,0.7558139534883721,0.3891402714932127,0.6553712705919826,67.0,71.36046511627907,76.5,1,0,719.445948,158.0,6137.0,6295.0,363.0,205.0,0.05914942154146977,0.03256552819698173,2.383720930232558,0.9276018099547512,0.7319767441860464,0.02383720930232569,132,55,38,17,0.6909090909090909,0.4166666666666667,0.5597140984246408,66.0,70.10909090909091,75.0,1,0,719.81522,103.0,3856.0,3959.0,-56.0,-159.0,-0.014522821576763486,-0.04016165698408689,-2.890909090909091,-1.2045454545454546,0.7198181818181819,-0.028909090909090995,44,17,14,3,0.8235294117647058,0.38636363636363635,0.5897054143116587,67.0,71.70588235294117,77.0,0,0,659.566441,31.0,1219.0,1250.0,181.0,150.0,0.14848236259228875,0.12,8.823529411764707,3.409090909090909,0.7352941176470589,0.08823529411764697,45,14,13,1,0.9285714285714286,0.3111111111111111,0.6853129557584889,72.5,75.85714285714286,84.0,0,0,689.2461645000001,24.0,1062.0,1086.0,238.0,214.0,0.224105461393597,0.19705340699815838,15.285714285714286,4.7555555555555555,0.7757142857142857,0.1528571428571429,False,False,True
v21,score_edge_m5__rv15_minus_rv30_le_0,choose=score_min_book_rv15; score_min_book_rv15>=0.6; fee_edge>=-5c; ask<=95; sec>=120; rv15_minus_rv30<=0,1,221,146,108,38,0.7397260273972602,0.6606334841628959,0.6630559975733338,67.0,71.02054794520548,75.0,5,0,719.347306,268.0,10369.0,10637.0,431.0,163.0,0.04156620696306298,0.015323869512080474,1.1164383561643836,0.7375565610859729,0.7285616438356165,0.011164383561643731,132,81,55,26,0.6790123456790124,0.6136363636363636,0.5712362384861901,66.0,69.77777777777777,74.0,3,0,719.857003,153.0,5652.0,5805.0,-152.0,-305.0,-0.02689313517338995,-0.05254091300602928,-3.765432098765432,-2.3106060606060606,0.7166666666666667,-0.03765432098765431,44,34,28,6,0.8235294117647058,0.7727272727272727,0.6648626260015724,67.0,71.97058823529412,77.0,1,0,659.60869,61.0,2447.0,2508.0,353.0,292.0,0.14425827543931344,0.11642743221690591,8.588235294117647,6.636363636363637,0.7376470588235293,0.08588235294117652,45,31,25,6,0.8064516129032258,0.6888888888888889,0.6371974218820453,70.0,73.2258064516129,81.0,1,0,599.669163,54.0,2270.0,2324.0,230.0,176.0,0.1013215859030837,0.0757314974182444,5.67741935483871,3.911111111111111,0.7496774193548388,0.056774193548386975,False,False,True
v21,score_edge_m5__rv15_minus_rv30_ge_0,choose=score_min_book_rv15; score_min_book_rv15>=0.6; fee_edge>=-5c; ask<=95; sec>=120; rv15_minus_rv30>=0,1,221,108,89,19,0.8240740740740741,0.48868778280542985,0.7415045937948217,70.5,74.21296296296296,83.0,4,0,719.0135310000001,188.0,8015.0,8203.0,885.0,697.0,0.11041796631316282,0.08496891381201999,6.453703703703703,3.1538461538461537,0.7595370370370372,0.06453703703703684,132,66,54,12,0.8181818181818182,0.5,0.7085480732292817,70.0,74.62121212121212,85.5,2,0,719.0135310000001,113.0,4925.0,5038.0,475.0,362.0,0.09644670050761421,0.07185391028185788,5.484848484848484,2.742424242424242,0.7633333333333335,0.0548484848484847,44,24,21,3,0.875,0.5454545454545454,0.6899611872949993,72.5,73.83333333333333,80.25,2,0,719.1241124999999,43.0,1772.0,1815.0,328.0,285.0,0.18510158013544017,0.15702479338842976,11.875,6.4772727272727275,0.75625,0.11875000000000002,45,18,14,4,0.7777777777777778,0.4,0.5478541568378738,70.0,73.22222222222223,81.75,0,0,659.3188855,32.0,1318.0,1350.0,82.0,50.0,0.0622154779969651,0.037037037037037035,2.7777777777777777,1.1111111111111112,0.7500000000000001,0.02777777777777768,False,True,True
v21,score_edge_m5__rv15_minus_rv30_ge_10,choose=score_min_book_rv15; score_min_book_rv15>=0.6; fee_edge>=-5c; ask<=95; sec>=120; rv15_minus_rv30>=10,1,221,39,28,11,0.717948717948718,0.17647058823529413,0.5622468051697918,71.0,74.33333333333333,84.5,2,0,659.694924,67.0,2899.0,2966.0,-99.0,-166.0,-0.0341497067954467,-0.055967633175994604,-4.256410256410256,-0.751131221719457,0.7605128205128207,-0.0425641025641027,132,31,21,10,0.6774193548387096,0.23484848484848486,0.5014100930808564,69.0,73.19354838709677,81.5,0,0,719.003447,54.0,2269.0,2323.0,-169.0,-223.0,-0.0744821507271926,-0.09599655617735686,-7.193548387096774,-1.6893939393939394,0.7493548387096775,-0.07193548387096782,44,7,6,1,0.8571428571428571,0.1590909090909091,0.48687217072568106,74.0,78.28571428571429,91.0,2,0,581.288872,11.0,548.0,559.0,52.0,41.0,0.0948905109489051,0.07334525939177101,5.857142857142857,0.9318181818181818,0.7985714285714286,0.0585714285714285,45,1,1,0,1.0,0.022222222222222223,0.20654931437723742,82.0,82.0,82.0,0,0,839.585941,2.0,82.0,84.0,18.0,16.0,0.21951219512195122,0.19047619047619047,16.0,0.35555555555555557,0.84,0.16000000000000003,False,False,True
v21,score_edge_m5__rv15_over_rv30_le_1__rv30_over_rv60_le_1,choose=score_min_book_rv15; score_min_book_rv15>=0.6; fee_edge>=-5c; ask<=95; sec>=120; rv15_over_rv30<=1; rv30_over_rv60<=1,2,221,98,74,24,0.7551020408163265,0.4434389140271493,0.661408890322578,68.0,71.83673469387755,76.75,4,0,659.591266,179.0,7040.0,7219.0,360.0,181.0,0.05113636363636364,0.02507272475412107,1.846938775510204,0.8190045248868778,0.7366326530612245,0.018469387755101985,132,53,34,19,0.6415094339622641,0.4015151515151515,0.5069114155535945,66.0,70.0,75.0,2,0,719.171935,101.0,3710.0,3811.0,-310.0,-411.0,-0.08355795148247978,-0.10784570978745736,-7.754716981132075,-3.1136363636363638,0.719056603773585,-0.07754716981132093,44,22,22,0,1.0,0.5,0.8513451253913791,67.0,73.77272727272727,84.5,1,0,599.642328,38.0,1623.0,1661.0,577.0,539.0,0.3555144793592113,0.32450331125827814,24.5,12.25,0.755,0.245,45,23,18,5,0.782608695652174,0.5111111111111111,0.5809651698373599,71.0,74.21739130434783,82.5,1,0,539.119141,40.0,1707.0,1747.0,93.0,53.0,0.054481546572934976,0.03033772180881511,2.3043478260869565,1.1777777777777778,0.7595652173913043,0.02304347826086961,False,False,True
v21,score_edge_m5__rv15_over_rv30_ge_1__rv30_over_rv60_ge_1,choose=score_min_book_rv15; score_min_book_rv15>=0.6; fee_edge>=-5c; ask<=95; sec>=120; rv15_over_rv30>=1; rv30_over_rv60>=1,2,221,41,36,5,0.8780487804878049,0.18552036199095023,0.7445578847902311,73.0,77.29268292682927,90.0,4,0,719.023615,65.0,3169.0,3234.0,431.0,366.0,0.1360050489113285,0.11317254174397032,8.926829268292684,1.6561085972850678,0.788780487804878,0.08926829268292691,132,30,27,3,0.9,0.22727272727272727,0.7437891742081592,76.0,78.23333333333333,91.5,3,0,659.473823,46.0,2347.0,2393.0,353.0,307.0,0.1504047720494248,0.12829084830756374,10.233333333333333,2.3257575757575757,0.7976666666666666,0.10233333333333339,44,8,7,1,0.875,0.18181818181818182,0.5291118177871466,66.0,72.875,80.5,1,0,719.2292405000001,14.0,583.0,597.0,117.0,103.0,0.2006861063464837,0.17252931323283083,12.875,2.340909090909091,0.74625,0.12875000000000003,45,3,2,1,0.6666666666666666,0.06666666666666667,0.20765960080204768,82.0,79.66666666666667,83.0,0,0,839.291121,5.0,239.0,244.0,-39.0,-44.0,-0.16317991631799164,-0.18032786885245902,-14.666666666666666,-0.9777777777777777,0.8133333333333334,-0.14666666666666672,False,False,False
v21,score_edge_m5__rv15_over_rv30_le_0p8__rv_sigma_t_15m_le_100,choose=score_min_book_rv15; score_min_book_rv15>=0.6; fee_edge>=-5c; ask<=95; sec>=120; rv15_over_rv30<=0.8; rv_sigma_t_15m<=100,2,221,70,55,15,0.7857142857142857,0.3167420814479638,0.6760881373652111,70.5,72.42857142857143,77.75,0,0,599.8252984999999,127.0,5070.0,5197.0,430.0,303.0,0.08481262327416174,0.05830286703867616,4.328571428571428,1.3710407239819005,0.7424285714285713,0.04328571428571437,132,38,26,12,0.6842105263157895,0.2878787878787879,0.5254424010939046,67.0,70.8157894736842,76.75,0,0,599.8252984999999,71.0,2691.0,2762.0,-91.0,-162.0,-0.033816425120772944,-0.05865314989138305,-4.2631578947368425,-1.2272727272727273,0.726842105263158,-0.042631578947368465,44,13,11,2,0.8461538461538461,0.29545454545454547,0.5776536898051745,67.0,70.6923076923077,77.0,0,0,659.365421,24.0,919.0,943.0,181.0,157.0,0.1969532100108814,0.1664899257688229,12.076923076923077,3.5681818181818183,0.7253846153846154,0.12076923076923074,45,19,18,1,0.9473684210526315,0.4222222222222222,0.753612688331012,73.0,76.84210526315789,86.5,0,0,539.630699,32.0,1460.0,1492.0,340.0,308.0,0.2328767123287671,0.2064343163538874,16.210526315789473,6.844444444444444,0.7852631578947369,0.16210526315789464,False,False,True
v21,score_edge_m5__rv15_over_rv30_ge_1p2__rv_sigma_t_15m_ge_75,choose=score_min_book_rv15; score_min_book_rv15>=0.6; fee_edge>=-5c; ask<=95; sec>=120; rv15_over_rv30>=1.2; rv_sigma_t_15m>=75,2,221,16,13,3,0.8125,0.07239819004524888,0.5699111903802586,65.5,68.5,72.0,0,0,719.2246805,31.0,1096.0,1127.0,204.0,173.0,0.18613138686131386,0.15350488021295475,10.8125,0.7828054298642534,0.704375,0.10812500000000003,132,14,11,3,0.7857142857142857,0.10606060606060606,0.524107694133997,65.5,68.57142857142857,71.25,0,0,719.2246805,27.0,960.0,987.0,140.0,113.0,0.14583333333333334,0.11448834853090173,8.071428571428571,0.8560606060606061,0.705,0.08071428571428574,44,2,2,0,1.0,0.045454545454545456,0.3423802275066531,68.0,68.0,71.0,0,0,680.26801,4.0,136.0,140.0,64.0,60.0,0.47058823529411764,0.42857142857142855,30.0,1.3636363636363635,0.7,0.30000000000000004,45,0,0,0,,0.0,,,,,0,0,,0.0,0.0,0.0,0.0,0.0,,,,0.0,,,False,False,False
