2026-05-10 13:47:02,219 | INFO | Starting WS bot. run_id=701eafae-120a-4218-b788-4c52dba4504e dry_run=False base_url=https://api.elections.kalshi.com/trade-api/v2 ws_url=wss://api.elections.kalshi.com/trade-api/ws/v2 series=KXBTC15M
2026-05-10 13:47:03,592 | INFO | Watching market KXBTC15M-26MAY101400-00 close_time=2026-05-10T18:00:00Z status=active strike=81341.36 run_id=701eafae-120a-4218-b788-4c52dba4504e
2026-05-10 13:47:03,603 | INFO | Heartbeat | watch=KXBTC15M-26MAY101400-00 yes_bid=None yes_ask=None no_bid=None no_ask=None book_ready=False position=False pending=False dry_run=False trust=cold run_id=701eafae-120a-4218-b788-4c52dba4504e
2026-05-10 13:47:03,730 | INFO | Mushroom v28 BTC tick stream connected | source=coinbase url=wss://ws-feed.exchange.coinbase.com
2026-05-10 13:47:03,760 | INFO | WS connected for KXBTC15M-26MAY101400-00
2026-05-10 13:47:03,796 | INFO | WS subscribed payload: {'type': 'subscribed', 'id': 1, 'msg': {'channel': 'ticker', 'sid': 1}}
2026-05-10 13:47:03,798 | INFO | WS subscribed payload: {'type': 'subscribed', 'id': 1, 'msg': {'channel': 'orderbook_delta', 'sid': 2}}
2026-05-10 13:47:03,800 | INFO | Orderbook snapshot ready for KXBTC15M-26MAY101400-00
2026-05-10 13:47:22,017 | INFO | Mushroom v28 BTC REST fallback refreshed stale tick | previous_age_ms=12938.0 threshold_ms=3000.0 source=coinbase_spot_rest
2026-05-10 13:47:22,025 | INFO | Heartbeat | watch=KXBTC15M-26MAY101400-00 yes_bid=72 yes_ask=73 no_bid=27 no_ask=28 book_ready=True position=False pending=False dry_run=False trust=synced run_id=701eafae-120a-4218-b788-4c52dba4504e
2026-05-10 13:47:37,016 | INFO | Heartbeat | watch=KXBTC15M-26MAY101400-00 yes_bid=75 yes_ask=77 no_bid=23 no_ask=25 book_ready=True position=False pending=False dry_run=False trust=synced run_id=701eafae-120a-4218-b788-4c52dba4504e
2026-05-10 13:47:39,407 | INFO | Mushroom v28 entry approved | market=KXBTC15M-26MAY101400-00 side=yes ask=76c max_buy=76c qty=2 p_side=0.8097 edge=3.470c depth=2364.87 btc_age_ms=0.0 secs_to_close=740.60
2026-05-10 13:47:39,431 | INFO | Execution state | market=KXBTC15M-26MAY101400-00 side=yes state=eligible reason=pre_filters_disabled trust=synced run_id=701eafae-120a-4218-b788-4c52dba4504e
2026-05-10 13:47:39,431 | INFO | Live fill policy approved | market=KXBTC15M-26MAY101400-00 side=yes trigger=76c tif=immediate_or_cancel limit=76c depth=2364.87 required=3 book_age_ms=609.0 secs_to_close=740.60 reason=single_shot_abundant_depth
2026-05-10 13:47:39,431 | INFO | ENTRY signal | market=KXBTC15M-26MAY101400-00 action=buy side=yes trigger=76c limit=76c qty=2 book_ready=True
2026-05-10 13:47:39,431 | INFO | Execution state | market=KXBTC15M-26MAY101400-00 side=yes state=submitting reason=single_shot_abundant_depth trust=synced run_id=701eafae-120a-4218-b788-4c52dba4504e
2026-05-10 13:47:39,489 | INFO | ENTRY immediate fill | market=KXBTC15M-26MAY101400-00 side=yes qty=2 limit=76c
2026-05-10 13:47:39,489 | INFO | Execution state | market=KXBTC15M-26MAY101400-00 side=yes state=filled reason=single_shot_abundant_depth trust=synced run_id=701eafae-120a-4218-b788-4c52dba4504e
2026-05-10 13:47:52,063 | INFO | Heartbeat | watch=KXBTC15M-26MAY101400-00 yes_bid=79 yes_ask=80 no_bid=20 no_ask=21 book_ready=True position=True pending=False dry_run=False trust=synced run_id=701eafae-120a-4218-b788-4c52dba4504e
2026-05-10 13:48:01,536 | INFO | Mushroom v28 entry approved | market=KXBTC15M-26MAY101400-00 side=yes ask=83c max_buy=83c qty=1 p_side=0.8679 edge=2.789c depth=22.71 btc_age_ms=31.0 secs_to_close=718.48
2026-05-10 13:48:01,552 | INFO | Execution state | market=KXBTC15M-26MAY101400-00 side=yes state=eligible reason=pre_filters_disabled trust=synced run_id=701eafae-120a-4218-b788-4c52dba4504e
2026-05-10 13:48:01,552 | INFO | Live fill policy approved | market=KXBTC15M-26MAY101400-00 side=yes trigger=83c tif=immediate_or_cancel limit=83c depth=22.71 required=2 book_age_ms=734.0 secs_to_close=718.48 reason=single_shot_abundant_depth
2026-05-10 13:48:01,562 | INFO | ENTRY signal | market=KXBTC15M-26MAY101400-00 action=buy side=yes trigger=83c limit=83c qty=1 book_ready=True
2026-05-10 13:48:01,562 | INFO | Execution state | market=KXBTC15M-26MAY101400-00 side=yes state=submitting reason=single_shot_abundant_depth trust=synced run_id=701eafae-120a-4218-b788-4c52dba4504e
2026-05-10 13:48:01,619 | INFO | ENTRY immediate fill | market=KXBTC15M-26MAY101400-00 side=yes qty=1 limit=83c
2026-05-10 13:48:01,628 | INFO | Execution state | market=KXBTC15M-26MAY101400-00 side=yes state=filled reason=single_shot_abundant_depth trust=synced run_id=701eafae-120a-4218-b788-4c52dba4504e
2026-05-10 13:48:07,067 | INFO | Heartbeat | watch=KXBTC15M-26MAY101400-00 yes_bid=84 yes_ask=85 no_bid=15 no_ask=16 book_ready=True position=True pending=False dry_run=False trust=synced run_id=701eafae-120a-4218-b788-4c52dba4504e
2026-05-10 13:48:22,100 | INFO | Heartbeat | watch=KXBTC15M-26MAY101400-00 yes_bid=83 yes_ask=85 no_bid=15 no_ask=17 book_ready=True position=True pending=False dry_run=False trust=synced run_id=701eafae-120a-4218-b788-4c52dba4504e
2026-05-10 13:48:37,100 | INFO | Heartbeat | watch=KXBTC15M-26MAY101400-00 yes_bid=82 yes_ask=83 no_bid=17 no_ask=18 book_ready=True position=True pending=False dry_run=False trust=synced run_id=701eafae-120a-4218-b788-4c52dba4504e
2026-05-10 13:48:52,118 | INFO | Heartbeat | watch=KXBTC15M-26MAY101400-00 yes_bid=84 yes_ask=85 no_bid=15 no_ask=16 book_ready=True position=True pending=False dry_run=False trust=synced run_id=701eafae-120a-4218-b788-4c52dba4504e
2026-05-10 13:49:07,141 | INFO | Heartbeat | watch=KXBTC15M-26MAY101400-00 yes_bid=86 yes_ask=87 no_bid=13 no_ask=14 book_ready=True position=True pending=False dry_run=False trust=synced run_id=701eafae-120a-4218-b788-4c52dba4504e
2026-05-10 13:49:22,179 | INFO | Heartbeat | watch=KXBTC15M-26MAY101400-00 yes_bid=77 yes_ask=78 no_bid=22 no_ask=23 book_ready=True position=True pending=False dry_run=False trust=synced run_id=701eafae-120a-4218-b788-4c52dba4504e
2026-05-10 13:49:37,173 | INFO | Heartbeat | watch=KXBTC15M-26MAY101400-00 yes_bid=79 yes_ask=80 no_bid=20 no_ask=21 book_ready=True position=True pending=False dry_run=False trust=synced run_id=701eafae-120a-4218-b788-4c52dba4504e
2026-05-10 13:49:46,814 | INFO | EXIT signal | market=KXBTC15M-26MAY101400-00 action=sell side=yes trigger=74c limit=74c qty=2 book_ready=True mode=single_shot_ioc slices=1 attempt=0
2026-05-10 13:49:46,814 | INFO | Latency | purpose=exit feed_age_ms=22.1 local_reaction_ms=31.0 trigger_seen_at=2026-05-10T17:49:46.814278+00:00 market_msg_time=2026-05-10T17:49:46.79214Z
2026-05-10 13:49:46,814 | INFO | Exit plan approved | market=KXBTC15M-26MAY101400-00 side=yes trigger=74c limit=74c top_bid=74 depth=501.00 required=2 book_age_ms=0.0 secs_to_close=613.21 reason=mushroom_v28_probability_reduce_single_shot_visible_depth mode=single_shot_ioc attempt=0
2026-05-10 13:49:47,812 | INFO | EXIT signal | market=KXBTC15M-26MAY101400-00 action=sell side=yes trigger=71c limit=71c qty=2 book_ready=True mode=single_shot_ioc slices=1 attempt=0
2026-05-10 13:49:47,812 | INFO | Latency | purpose=exit feed_age_ms=135.3 local_reaction_ms=16.0 trigger_seen_at=2026-05-10T17:49:47.812082+00:00 market_msg_time=2026-05-10T17:49:47.676781Z
2026-05-10 13:49:47,812 | INFO | Exit plan approved | market=KXBTC15M-26MAY101400-00 side=yes trigger=71c limit=71c top_bid=71 depth=660.00 required=2 book_age_ms=15.0 secs_to_close=612.20 reason=mushroom_v28_probability_reduce_single_shot_visible_depth mode=single_shot_ioc attempt=0
2026-05-10 13:49:47,868 | INFO | EXIT fill | market=KXBTC15M-26MAY101400-00 side=yes slice=1/1 qty=2 cumulative=2/2 remaining=1
2026-05-10 13:49:47,876 | INFO | EXIT signal | market=KXBTC15M-26MAY101400-00 action=sell side=yes trigger=72c limit=72c qty=1 book_ready=True mode=single_shot_ioc slices=1 attempt=0
2026-05-10 13:49:47,876 | INFO | Latency | purpose=exit feed_age_ms=199.9 local_reaction_ms=79.0 trigger_seen_at=2026-05-10T17:49:47.876717+00:00 market_msg_time=2026-05-10T17:49:47.676781Z
2026-05-10 13:49:47,884 | INFO | Exit plan approved | market=KXBTC15M-26MAY101400-00 side=yes trigger=72c limit=72c top_bid=72 depth=500.00 required=1 book_age_ms=63.0 secs_to_close=612.13 reason=mushroom_v28_probability_reduce_single_shot_visible_depth mode=single_shot_ioc attempt=0
2026-05-10 13:49:48,827 | INFO | EXIT signal | market=KXBTC15M-26MAY101400-00 action=sell side=yes trigger=70c limit=70c qty=1 book_ready=True mode=single_shot_ioc slices=1 attempt=0
2026-05-10 13:49:48,827 | INFO | Latency | purpose=exit feed_age_ms=15.6 local_reaction_ms=32.0 trigger_seen_at=2026-05-10T17:49:48.827329+00:00 market_msg_time=2026-05-10T17:49:48.811749Z
2026-05-10 13:49:48,827 | INFO | Exit plan approved | market=KXBTC15M-26MAY101400-00 side=yes trigger=70c limit=70c top_bid=70 depth=392.00 required=1 book_age_ms=16.0 secs_to_close=611.19 reason=mushroom_v28_exit_value_over_hold_single_shot_visible_depth mode=single_shot_ioc attempt=0
2026-05-10 13:49:48,974 | INFO | EXIT fill | market=KXBTC15M-26MAY101400-00 side=yes slice=1/1 qty=1 cumulative=1/1 remaining=0
2026-05-10 13:49:52,190 | INFO | Heartbeat | watch=KXBTC15M-26MAY101400-00 yes_bid=68 yes_ask=70 no_bid=30 no_ask=32 book_ready=True position=False pending=False dry_run=False trust=synced run_id=701eafae-120a-4218-b788-4c52dba4504e
2026-05-10 13:50:07,235 | INFO | Heartbeat | watch=KXBTC15M-26MAY101400-00 yes_bid=58 yes_ask=60 no_bid=40 no_ask=42 book_ready=True position=False pending=False dry_run=False trust=synced run_id=701eafae-120a-4218-b788-4c52dba4504e
2026-05-10 13:50:22,239 | INFO | Heartbeat | watch=KXBTC15M-26MAY101400-00 yes_bid=59 yes_ask=62 no_bid=38 no_ask=41 book_ready=True position=False pending=False dry_run=False trust=synced run_id=701eafae-120a-4218-b788-4c52dba4504e
2026-05-10 13:50:37,269 | INFO | Heartbeat | watch=KXBTC15M-26MAY101400-00 yes_bid=64 yes_ask=65 no_bid=35 no_ask=36 book_ready=True position=False pending=False dry_run=False trust=synced run_id=701eafae-120a-4218-b788-4c52dba4504e
2026-05-10 13:50:52,304 | INFO | Heartbeat | watch=KXBTC15M-26MAY101400-00 yes_bid=77 yes_ask=78 no_bid=22 no_ask=23 book_ready=True position=False pending=False dry_run=False trust=synced run_id=701eafae-120a-4218-b788-4c52dba4504e
2026-05-10 13:50:55,102 | INFO | Mushroom v28 entry approved | market=KXBTC15M-26MAY101400-00 side=yes ask=77c max_buy=77c qty=2 p_side=0.8212 edge=3.621c depth=216 btc_age_ms=32.0 secs_to_close=544.92
2026-05-10 13:50:55,114 | INFO | Execution state | market=KXBTC15M-26MAY101400-00 side=yes state=eligible reason=pre_filters_disabled trust=synced run_id=701eafae-120a-4218-b788-4c52dba4504e
2026-05-10 13:50:55,118 | INFO | Live fill policy approved | market=KXBTC15M-26MAY101400-00 side=yes trigger=77c tif=immediate_or_cancel limit=77c depth=216.00 required=3 book_age_ms=282.0 secs_to_close=544.92 reason=single_shot_abundant_depth
2026-05-10 13:50:55,118 | INFO | ENTRY signal | market=KXBTC15M-26MAY101400-00 action=buy side=yes trigger=77c limit=77c qty=2 book_ready=True
2026-05-10 13:50:55,118 | INFO | Execution state | market=KXBTC15M-26MAY101400-00 side=yes state=submitting reason=single_shot_abundant_depth trust=synced run_id=701eafae-120a-4218-b788-4c52dba4504e
2026-05-10 13:50:55,171 | INFO | Execution state | market=KXBTC15M-26MAY101400-00 side=yes state=abandoned reason=zero_fill trust=synced run_id=701eafae-120a-4218-b788-4c52dba4504e
2026-05-10 13:50:59,455 | INFO | Mushroom v28 entry approved | market=KXBTC15M-26MAY101400-00 side=yes ask=82c max_buy=82c qty=2 p_side=0.8614 edge=2.639c depth=28 btc_age_ms=0.0 secs_to_close=540.56
2026-05-10 13:50:59,463 | INFO | Execution state | market=KXBTC15M-26MAY101400-00 side=yes state=eligible reason=pre_filters_disabled trust=synced run_id=701eafae-120a-4218-b788-4c52dba4504e
2026-05-10 13:50:59,463 | INFO | Live fill policy approved | market=KXBTC15M-26MAY101400-00 side=yes trigger=82c tif=immediate_or_cancel limit=82c depth=28.00 required=3 book_age_ms=609.0 secs_to_close=540.56 reason=single_shot_abundant_depth
2026-05-10 13:50:59,471 | INFO | ENTRY signal | market=KXBTC15M-26MAY101400-00 action=buy side=yes trigger=82c limit=82c qty=2 book_ready=True
2026-05-10 13:50:59,471 | INFO | Execution state | market=KXBTC15M-26MAY101400-00 side=yes state=submitting reason=single_shot_abundant_depth trust=synced run_id=701eafae-120a-4218-b788-4c52dba4504e
2026-05-10 13:50:59,517 | INFO | Execution state | market=KXBTC15M-26MAY101400-00 side=yes state=abandoned reason=zero_fill trust=synced run_id=701eafae-120a-4218-b788-4c52dba4504e
2026-05-10 13:51:00,810 | INFO | Mushroom v28 entry approved | market=KXBTC15M-26MAY101400-00 side=yes ask=85c max_buy=85c qty=2 p_side=0.8951 edge=3.508c depth=39.56 btc_age_ms=172.0 secs_to_close=539.21
2026-05-10 13:51:00,818 | INFO | Execution state | market=KXBTC15M-26MAY101400-00 side=yes state=eligible reason=pre_filters_disabled trust=synced run_id=701eafae-120a-4218-b788-4c52dba4504e
2026-05-10 13:51:00,818 | INFO | Live fill policy approved | market=KXBTC15M-26MAY101400-00 side=yes trigger=85c tif=immediate_or_cancel limit=85c depth=39.56 required=3 book_age_ms=0.0 secs_to_close=539.21 reason=single_shot_abundant_depth
2026-05-10 13:51:00,826 | INFO | ENTRY signal | market=KXBTC15M-26MAY101400-00 action=buy side=yes trigger=85c limit=85c qty=2 book_ready=True
2026-05-10 13:51:00,826 | INFO | Execution state | market=KXBTC15M-26MAY101400-00 side=yes state=submitting reason=single_shot_abundant_depth trust=synced run_id=701eafae-120a-4218-b788-4c52dba4504e
2026-05-10 13:51:00,875 | INFO | ENTRY immediate fill | market=KXBTC15M-26MAY101400-00 side=yes qty=2 limit=85c
2026-05-10 13:51:00,876 | INFO | Execution state | market=KXBTC15M-26MAY101400-00 side=yes state=filled reason=single_shot_abundant_depth trust=synced run_id=701eafae-120a-4218-b788-4c52dba4504e
2026-05-10 13:51:00,886 | INFO | Mushroom v28 entry approved | market=KXBTC15M-26MAY101400-00 side=yes ask=85c max_buy=85c qty=1 p_side=0.8851 edge=2.514c depth=39.56 btc_age_ms=47.0 secs_to_close=539.12
2026-05-10 13:51:00,900 | INFO | Execution state | market=KXBTC15M-26MAY101400-00 side=yes state=eligible reason=pre_filters_disabled trust=synced run_id=701eafae-120a-4218-b788-4c52dba4504e
2026-05-10 13:51:00,900 | INFO | Live fill policy approved | market=KXBTC15M-26MAY101400-00 side=yes trigger=85c tif=immediate_or_cancel limit=85c depth=39.56 required=2 book_age_ms=94.0 secs_to_close=539.12 reason=single_shot_abundant_depth
2026-05-10 13:51:00,900 | INFO | ENTRY signal | market=KXBTC15M-26MAY101400-00 action=buy side=yes trigger=85c limit=85c qty=1 book_ready=True
2026-05-10 13:51:00,900 | INFO | Execution state | market=KXBTC15M-26MAY101400-00 side=yes state=submitting reason=single_shot_abundant_depth trust=synced run_id=701eafae-120a-4218-b788-4c52dba4504e
2026-05-10 13:51:00,950 | INFO | ENTRY immediate fill | market=KXBTC15M-26MAY101400-00 side=yes qty=1 limit=85c
2026-05-10 13:51:00,952 | INFO | Execution state | market=KXBTC15M-26MAY101400-00 side=yes state=filled reason=single_shot_abundant_depth trust=synced run_id=701eafae-120a-4218-b788-4c52dba4504e
2026-05-10 13:51:07,300 | INFO | Heartbeat | watch=KXBTC15M-26MAY101400-00 yes_bid=87 yes_ask=89 no_bid=11 no_ask=13 book_ready=True position=True pending=False dry_run=False trust=synced run_id=701eafae-120a-4218-b788-4c52dba4504e
2026-05-10 13:51:22,300 | INFO | Heartbeat | watch=KXBTC15M-26MAY101400-00 yes_bid=91 yes_ask=92 no_bid=8 no_ask=9 book_ready=True position=True pending=False dry_run=False trust=synced run_id=701eafae-120a-4218-b788-4c52dba4504e
2026-05-10 13:51:37,346 | INFO | Heartbeat | watch=KXBTC15M-26MAY101400-00 yes_bid=92 yes_ask=93 no_bid=7 no_ask=8 book_ready=True position=True pending=False dry_run=False trust=synced run_id=701eafae-120a-4218-b788-4c52dba4504e
2026-05-10 13:51:52,377 | INFO | Heartbeat | watch=KXBTC15M-26MAY101400-00 yes_bid=93 yes_ask=94 no_bid=6 no_ask=7 book_ready=True position=True pending=False dry_run=False trust=synced run_id=701eafae-120a-4218-b788-4c52dba4504e
2026-05-10 13:52:07,393 | INFO | Heartbeat | watch=KXBTC15M-26MAY101400-00 yes_bid=93 yes_ask=94 no_bid=6 no_ask=7 book_ready=True position=True pending=False dry_run=False trust=synced run_id=701eafae-120a-4218-b788-4c52dba4504e
2026-05-10 13:52:22,435 | INFO | Heartbeat | watch=KXBTC15M-26MAY101400-00 yes_bid=94 yes_ask=94 no_bid=6 no_ask=6 book_ready=True position=True pending=False dry_run=False trust=synced run_id=701eafae-120a-4218-b788-4c52dba4504e
2026-05-10 13:52:37,452 | INFO | Heartbeat | watch=KXBTC15M-26MAY101400-00 yes_bid=97 yes_ask=97 no_bid=3 no_ask=3 book_ready=True position=True pending=False dry_run=False trust=synced run_id=701eafae-120a-4218-b788-4c52dba4504e
2026-05-10 13:52:52,514 | INFO | Heartbeat | watch=KXBTC15M-26MAY101400-00 yes_bid=96 yes_ask=97 no_bid=3 no_ask=4 book_ready=True position=True pending=False dry_run=False trust=synced run_id=701eafae-120a-4218-b788-4c52dba4504e
2026-05-10 13:53:07,534 | INFO | Heartbeat | watch=KXBTC15M-26MAY101400-00 yes_bid=96 yes_ask=97 no_bid=3 no_ask=4 book_ready=True position=True pending=False dry_run=False trust=synced run_id=701eafae-120a-4218-b788-4c52dba4504e
2026-05-10 13:53:22,575 | INFO | Heartbeat | watch=KXBTC15M-26MAY101400-00 yes_bid=98 yes_ask=98 no_bid=2 no_ask=2 book_ready=True position=True pending=False dry_run=False trust=synced run_id=701eafae-120a-4218-b788-4c52dba4504e
2026-05-10 13:53:37,573 | INFO | Heartbeat | watch=KXBTC15M-26MAY101400-00 yes_bid=98 yes_ask=98 no_bid=2 no_ask=2 book_ready=True position=True pending=False dry_run=False trust=synced run_id=701eafae-120a-4218-b788-4c52dba4504e
2026-05-10 13:53:52,580 | INFO | Heartbeat | watch=KXBTC15M-26MAY101400-00 yes_bid=98 yes_ask=98 no_bid=2 no_ask=2 book_ready=True position=True pending=False dry_run=False trust=synced run_id=701eafae-120a-4218-b788-4c52dba4504e
2026-05-10 13:54:07,579 | INFO | Heartbeat | watch=KXBTC15M-26MAY101400-00 yes_bid=98 yes_ask=99 no_bid=1 no_ask=2 book_ready=True position=True pending=False dry_run=False trust=synced run_id=701eafae-120a-4218-b788-4c52dba4504e
2026-05-10 13:54:22,588 | INFO | Heartbeat | watch=KXBTC15M-26MAY101400-00 yes_bid=98 yes_ask=99 no_bid=1 no_ask=2 book_ready=True position=True pending=False dry_run=False trust=synced run_id=701eafae-120a-4218-b788-4c52dba4504e
2026-05-10 13:54:37,579 | INFO | Heartbeat | watch=KXBTC15M-26MAY101400-00 yes_bid=98 yes_ask=98 no_bid=2 no_ask=2 book_ready=True position=True pending=False dry_run=False trust=synced run_id=701eafae-120a-4218-b788-4c52dba4504e
2026-05-10 13:54:52,576 | INFO | Heartbeat | watch=KXBTC15M-26MAY101400-00 yes_bid=97 yes_ask=97 no_bid=3 no_ask=3 book_ready=True position=True pending=False dry_run=False trust=synced run_id=701eafae-120a-4218-b788-4c52dba4504e
2026-05-10 13:55:07,580 | INFO | Heartbeat | watch=KXBTC15M-26MAY101400-00 yes_bid=97 yes_ask=98 no_bid=2 no_ask=3 book_ready=True position=True pending=False dry_run=False trust=synced run_id=701eafae-120a-4218-b788-4c52dba4504e
2026-05-10 13:55:22,589 | INFO | Heartbeat | watch=KXBTC15M-26MAY101400-00 yes_bid=97 yes_ask=98 no_bid=2 no_ask=3 book_ready=True position=True pending=False dry_run=False trust=synced run_id=701eafae-120a-4218-b788-4c52dba4504e
2026-05-10 13:55:37,605 | INFO | Heartbeat | watch=KXBTC15M-26MAY101400-00 yes_bid=97 yes_ask=98 no_bid=2 no_ask=3 book_ready=True position=True pending=False dry_run=False trust=synced run_id=701eafae-120a-4218-b788-4c52dba4504e
2026-05-10 13:55:52,606 | INFO | Heartbeat | watch=KXBTC15M-26MAY101400-00 yes_bid=97 yes_ask=97 no_bid=3 no_ask=3 book_ready=True position=True pending=False dry_run=False trust=synced run_id=701eafae-120a-4218-b788-4c52dba4504e
2026-05-10 13:56:07,610 | INFO | Heartbeat | watch=KXBTC15M-26MAY101400-00 yes_bid=98 yes_ask=98 no_bid=2 no_ask=2 book_ready=True position=True pending=False dry_run=False trust=synced run_id=701eafae-120a-4218-b788-4c52dba4504e
2026-05-10 13:56:09,818 | INFO | EXIT signal | market=KXBTC15M-26MAY101400-00 action=sell side=yes trigger=99c limit=99c qty=3 book_ready=True mode=single_shot_ioc slices=1 attempt=0
2026-05-10 13:56:09,820 | INFO | Latency | purpose=exit feed_age_ms=81.9 local_reaction_ms=31.0 trigger_seen_at=2026-05-10T17:56:09.820410+00:00 market_msg_time=2026-05-10T17:56:09.738515Z
2026-05-10 13:56:09,821 | INFO | Exit plan approved | market=KXBTC15M-26MAY101400-00 side=yes trigger=99c limit=99c top_bid=99 depth=148.25 required=3 book_age_ms=0.0 secs_to_close=230.21 reason=mushroom_v28_exit_value_over_hold_single_shot_visible_depth mode=single_shot_ioc attempt=0
2026-05-10 13:56:10,801 | INFO | EXIT signal | market=KXBTC15M-26MAY101400-00 action=sell side=yes trigger=99c limit=99c qty=3 book_ready=True mode=single_shot_ioc slices=1 attempt=0
2026-05-10 13:56:10,802 | INFO | Latency | purpose=exit feed_age_ms=222.1 local_reaction_ms=15.0 trigger_seen_at=2026-05-10T17:56:10.802251+00:00 market_msg_time=2026-05-10T17:56:10.580201Z
2026-05-10 13:56:10,803 | INFO | Exit plan approved | market=KXBTC15M-26MAY101400-00 side=yes trigger=99c limit=99c top_bid=99 depth=123.25 required=3 book_age_ms=47.0 secs_to_close=229.21 reason=mushroom_v28_exit_value_over_hold_single_shot_visible_depth mode=single_shot_ioc attempt=0
2026-05-10 13:56:17,805 | INFO | EXIT signal | market=KXBTC15M-26MAY101400-00 action=sell side=yes trigger=99c limit=99c qty=3 book_ready=True mode=single_shot_ioc slices=1 attempt=0
2026-05-10 13:56:17,815 | INFO | Latency | purpose=exit feed_age_ms=124.8 local_reaction_ms=31.0 trigger_seen_at=2026-05-10T17:56:17.815138+00:00 market_msg_time=2026-05-10T17:56:17.690342Z
2026-05-10 13:56:17,815 | INFO | Exit plan approved | market=KXBTC15M-26MAY101400-00 side=yes trigger=99c limit=99c top_bid=99 depth=10.00 required=3 book_age_ms=0.0 secs_to_close=222.21 reason=mushroom_v28_exit_value_over_hold_single_shot_visible_depth mode=single_shot_ioc attempt=0
2026-05-10 13:56:22,624 | INFO | Heartbeat | watch=KXBTC15M-26MAY101400-00 yes_bid=98 yes_ask=99 no_bid=1 no_ask=2 book_ready=True position=True pending=False dry_run=False trust=synced run_id=701eafae-120a-4218-b788-4c52dba4504e
2026-05-10 13:56:37,632 | INFO | Heartbeat | watch=KXBTC15M-26MAY101400-00 yes_bid=98 yes_ask=98 no_bid=2 no_ask=2 book_ready=True position=True pending=False dry_run=False trust=synced run_id=701eafae-120a-4218-b788-4c52dba4504e
2026-05-10 13:56:42,803 | INFO | EXIT signal | market=KXBTC15M-26MAY101400-00 action=sell side=yes trigger=99c limit=99c qty=3 book_ready=True mode=single_shot_ioc slices=1 attempt=0
2026-05-10 13:56:42,805 | INFO | Latency | purpose=exit feed_age_ms=-1.9 local_reaction_ms=15.0 trigger_seen_at=2026-05-10T17:56:42.805152+00:00 market_msg_time=2026-05-10T17:56:42.807046Z
2026-05-10 13:56:42,805 | INFO | Exit plan approved | market=KXBTC15M-26MAY101400-00 side=yes trigger=99c limit=99c top_bid=99 depth=63.00 required=3 book_age_ms=0.0 secs_to_close=197.21 reason=mushroom_v28_exit_value_over_hold_single_shot_visible_depth mode=single_shot_ioc attempt=0
2026-05-10 13:56:52,670 | INFO | Heartbeat | watch=KXBTC15M-26MAY101400-00 yes_bid=99 yes_ask=99 no_bid=1 no_ask=1 book_ready=True position=True pending=False dry_run=False trust=synced run_id=701eafae-120a-4218-b788-4c52dba4504e
2026-05-10 13:57:07,691 | INFO | Heartbeat | watch=KXBTC15M-26MAY101400-00 yes_bid=98 yes_ask=99 no_bid=1 no_ask=2 book_ready=True position=True pending=False dry_run=False trust=synced run_id=701eafae-120a-4218-b788-4c52dba4504e
2026-05-10 13:57:22,726 | INFO | Heartbeat | watch=KXBTC15M-26MAY101400-00 yes_bid=98 yes_ask=99 no_bid=1 no_ask=2 book_ready=True position=True pending=False dry_run=False trust=synced run_id=701eafae-120a-4218-b788-4c52dba4504e
2026-05-10 13:57:36,803 | INFO | EXIT signal | market=KXBTC15M-26MAY101400-00 action=sell side=yes trigger=99c limit=99c qty=3 book_ready=True mode=single_shot_ioc slices=1 attempt=0
2026-05-10 13:57:36,812 | INFO | Latency | purpose=exit feed_age_ms=194.5 local_reaction_ms=31.0 trigger_seen_at=2026-05-10T17:57:36.812906+00:00 market_msg_time=2026-05-10T17:57:36.618433Z
2026-05-10 13:57:36,814 | INFO | Exit plan approved | market=KXBTC15M-26MAY101400-00 side=yes trigger=99c limit=99c top_bid=99 depth=33.98 required=3 book_age_ms=16.0 secs_to_close=143.21 reason=mushroom_v28_exit_value_over_hold_single_shot_visible_depth mode=single_shot_ioc attempt=0
2026-05-10 13:57:36,870 | INFO | EXIT fill | market=KXBTC15M-26MAY101400-00 side=yes slice=1/1 qty=3 cumulative=3/3 remaining=0
2026-05-10 13:57:37,718 | INFO | Heartbeat | watch=KXBTC15M-26MAY101400-00 yes_bid=99 yes_ask=100 no_bid=0 no_ask=1 book_ready=True position=False pending=False dry_run=False trust=synced run_id=701eafae-120a-4218-b788-4c52dba4504e
2026-05-10 13:57:52,769 | INFO | Heartbeat | watch=KXBTC15M-26MAY101400-00 yes_bid=98 yes_ask=99 no_bid=1 no_ask=2 book_ready=True position=False pending=False dry_run=False trust=synced run_id=701eafae-120a-4218-b788-4c52dba4504e
2026-05-10 13:58:07,825 | INFO | Heartbeat | watch=KXBTC15M-26MAY101400-00 yes_bid=100 yes_ask=100 no_bid=0 no_ask=0 book_ready=True position=False pending=False dry_run=False trust=synced run_id=701eafae-120a-4218-b788-4c52dba4504e
2026-05-10 13:58:22,867 | INFO | Heartbeat | watch=KXBTC15M-26MAY101400-00 yes_bid=100 yes_ask=100 no_bid=0 no_ask=0 book_ready=True position=False pending=False dry_run=False trust=synced run_id=701eafae-120a-4218-b788-4c52dba4504e
2026-05-10 13:58:37,897 | INFO | Heartbeat | watch=KXBTC15M-26MAY101400-00 yes_bid=100 yes_ask=100 no_bid=0 no_ask=0 book_ready=True position=False pending=False dry_run=False trust=synced run_id=701eafae-120a-4218-b788-4c52dba4504e
2026-05-10 13:58:52,907 | INFO | Heartbeat | watch=KXBTC15M-26MAY101400-00 yes_bid=100 yes_ask=100 no_bid=0 no_ask=0 book_ready=True position=False pending=False dry_run=False trust=synced run_id=701eafae-120a-4218-b788-4c52dba4504e
2026-05-10 13:59:07,967 | INFO | Heartbeat | watch=KXBTC15M-26MAY101400-00 yes_bid=100 yes_ask=100 no_bid=0 no_ask=0 book_ready=True position=False pending=False dry_run=False trust=synced run_id=701eafae-120a-4218-b788-4c52dba4504e
2026-05-10 13:59:22,979 | INFO | Heartbeat | watch=KXBTC15M-26MAY101400-00 yes_bid=100 yes_ask=100 no_bid=0 no_ask=0 book_ready=True position=False pending=False dry_run=False trust=synced run_id=701eafae-120a-4218-b788-4c52dba4504e
2026-05-10 13:59:38,020 | INFO | Heartbeat | watch=KXBTC15M-26MAY101400-00 yes_bid=100 yes_ask=100 no_bid=0 no_ask=0 book_ready=True position=False pending=False dry_run=False trust=synced run_id=701eafae-120a-4218-b788-4c52dba4504e
2026-05-10 13:59:53,044 | INFO | Heartbeat | watch=KXBTC15M-26MAY101400-00 yes_bid=100 yes_ask=100 no_bid=0 no_ask=0 book_ready=True position=False pending=False dry_run=False trust=synced run_id=701eafae-120a-4218-b788-4c52dba4504e
2026-05-10 14:00:06,520 | INFO | Orderbook snapshot ready for KXBTC15M-26MAY101400-00
2026-05-10 14:00:08,088 | INFO | Heartbeat | watch=KXBTC15M-26MAY101400-00 yes_bid=0 yes_ask=100 no_bid=0 no_ask=100 book_ready=True position=False pending=False dry_run=False trust=synced run_id=701eafae-120a-4218-b788-4c52dba4504e
2026-05-10 14:00:18,463 | INFO | Watching market KXBTC15M-26MAY101415-15 close_time=2026-05-10T18:15:00Z status=active strike=81463.18 run_id=701eafae-120a-4218-b788-4c52dba4504e
2026-05-10 14:00:18,530 | INFO | Mushroom v28 phi memory reward update | market=KXBTC15M-26MAY101400-00 result=yes decisions=11 fills=8 labels=3 reward_delta=108.00c actual_pnl=0.06
2026-05-10 14:00:18,753 | INFO | WS connected for KXBTC15M-26MAY101415-15
2026-05-10 14:00:18,806 | INFO | WS subscribed payload: {'type': 'subscribed', 'id': 2, 'msg': {'channel': 'ticker', 'sid': 1}}
2026-05-10 14:00:18,808 | INFO | WS subscribed payload: {'type': 'subscribed', 'id': 2, 'msg': {'channel': 'orderbook_delta', 'sid': 2}}
2026-05-10 14:00:18,809 | INFO | Orderbook snapshot ready for KXBTC15M-26MAY101415-15
2026-05-10 14:00:23,105 | INFO | Heartbeat | watch=KXBTC15M-26MAY101415-15 yes_bid=33 yes_ask=34 no_bid=66 no_ask=67 book_ready=True position=False pending=False dry_run=False trust=synced run_id=701eafae-120a-4218-b788-4c52dba4504e
2026-05-10 14:00:38,100 | INFO | Heartbeat | watch=KXBTC15M-26MAY101415-15 yes_bid=35 yes_ask=36 no_bid=64 no_ask=65 book_ready=True position=False pending=False dry_run=False trust=synced run_id=701eafae-120a-4218-b788-4c52dba4504e
2026-05-10 14:00:53,102 | INFO | Heartbeat | watch=KXBTC15M-26MAY101415-15 yes_bid=38 yes_ask=39 no_bid=61 no_ask=62 book_ready=True position=False pending=False dry_run=False trust=synced run_id=701eafae-120a-4218-b788-4c52dba4504e
2026-05-10 14:01:08,093 | INFO | Heartbeat | watch=KXBTC15M-26MAY101415-15 yes_bid=39 yes_ask=40 no_bid=60 no_ask=61 book_ready=True position=False pending=False dry_run=False trust=synced run_id=701eafae-120a-4218-b788-4c52dba4504e
2026-05-10 14:01:23,116 | INFO | Heartbeat | watch=KXBTC15M-26MAY101415-15 yes_bid=38 yes_ask=39 no_bid=61 no_ask=62 book_ready=True position=False pending=False dry_run=False trust=synced run_id=701eafae-120a-4218-b788-4c52dba4504e
2026-05-10 14:01:38,129 | INFO | Heartbeat | watch=KXBTC15M-26MAY101415-15 yes_bid=40 yes_ask=41 no_bid=59 no_ask=60 book_ready=True position=False pending=False dry_run=False trust=synced run_id=701eafae-120a-4218-b788-4c52dba4504e
2026-05-10 14:01:53,130 | INFO | Heartbeat | watch=KXBTC15M-26MAY101415-15 yes_bid=34 yes_ask=35 no_bid=65 no_ask=66 book_ready=True position=False pending=False dry_run=False trust=synced run_id=701eafae-120a-4218-b788-4c52dba4504e
2026-05-10 14:02:08,150 | INFO | Heartbeat | watch=KXBTC15M-26MAY101415-15 yes_bid=30 yes_ask=31 no_bid=69 no_ask=70 book_ready=True position=False pending=False dry_run=False trust=synced run_id=701eafae-120a-4218-b788-4c52dba4504e
2026-05-10 14:02:23,220 | INFO | Heartbeat | watch=KXBTC15M-26MAY101415-15 yes_bid=32 yes_ask=33 no_bid=67 no_ask=68 book_ready=True position=False pending=False dry_run=False trust=synced run_id=701eafae-120a-4218-b788-4c52dba4504e
2026-05-10 14:02:38,220 | INFO | Heartbeat | watch=KXBTC15M-26MAY101415-15 yes_bid=43 yes_ask=45 no_bid=55 no_ask=57 book_ready=True position=False pending=False dry_run=False trust=synced run_id=701eafae-120a-4218-b788-4c52dba4504e
2026-05-10 14:02:53,230 | INFO | Heartbeat | watch=KXBTC15M-26MAY101415-15 yes_bid=46 yes_ask=47 no_bid=53 no_ask=54 book_ready=True position=False pending=False dry_run=False trust=synced run_id=701eafae-120a-4218-b788-4c52dba4504e
2026-05-10 14:03:08,263 | INFO | Heartbeat | watch=KXBTC15M-26MAY101415-15 yes_bid=49 yes_ask=50 no_bid=50 no_ask=51 book_ready=True position=False pending=False dry_run=False trust=synced run_id=701eafae-120a-4218-b788-4c52dba4504e
2026-05-10 14:03:23,265 | INFO | Heartbeat | watch=KXBTC15M-26MAY101415-15 yes_bid=60 yes_ask=61 no_bid=39 no_ask=40 book_ready=True position=False pending=False dry_run=False trust=synced run_id=701eafae-120a-4218-b788-4c52dba4504e
2026-05-10 14:03:38,274 | INFO | Heartbeat | watch=KXBTC15M-26MAY101415-15 yes_bid=45 yes_ask=47 no_bid=53 no_ask=55 book_ready=True position=False pending=False dry_run=False trust=synced run_id=701eafae-120a-4218-b788-4c52dba4504e
2026-05-10 14:03:53,283 | INFO | Heartbeat | watch=KXBTC15M-26MAY101415-15 yes_bid=42 yes_ask=43 no_bid=57 no_ask=58 book_ready=True position=False pending=False dry_run=False trust=synced run_id=701eafae-120a-4218-b788-4c52dba4504e
2026-05-10 14:04:08,307 | INFO | Heartbeat | watch=KXBTC15M-26MAY101415-15 yes_bid=44 yes_ask=45 no_bid=55 no_ask=56 book_ready=True position=False pending=False dry_run=False trust=synced run_id=701eafae-120a-4218-b788-4c52dba4504e
2026-05-10 14:04:23,311 | INFO | Heartbeat | watch=KXBTC15M-26MAY101415-15 yes_bid=43 yes_ask=45 no_bid=55 no_ask=57 book_ready=True position=False pending=False dry_run=False trust=synced run_id=701eafae-120a-4218-b788-4c52dba4504e
2026-05-10 14:04:38,314 | INFO | Heartbeat | watch=KXBTC15M-26MAY101415-15 yes_bid=52 yes_ask=54 no_bid=46 no_ask=48 book_ready=True position=False pending=False dry_run=False trust=synced run_id=701eafae-120a-4218-b788-4c52dba4504e
2026-05-10 14:04:53,321 | INFO | Heartbeat | watch=KXBTC15M-26MAY101415-15 yes_bid=59 yes_ask=61 no_bid=39 no_ask=41 book_ready=True position=False pending=False dry_run=False trust=synced run_id=701eafae-120a-4218-b788-4c52dba4504e
2026-05-10 14:05:08,356 | INFO | Heartbeat | watch=KXBTC15M-26MAY101415-15 yes_bid=61 yes_ask=62 no_bid=38 no_ask=39 book_ready=True position=False pending=False dry_run=False trust=synced run_id=701eafae-120a-4218-b788-4c52dba4504e
2026-05-10 14:05:23,412 | INFO | Heartbeat | watch=KXBTC15M-26MAY101415-15 yes_bid=56 yes_ask=57 no_bid=43 no_ask=44 book_ready=True position=False pending=False dry_run=False trust=synced run_id=701eafae-120a-4218-b788-4c52dba4504e
2026-05-10 14:05:38,500 | INFO | Heartbeat | watch=KXBTC15M-26MAY101415-15 yes_bid=53 yes_ask=54 no_bid=46 no_ask=47 book_ready=True position=False pending=False dry_run=False trust=synced run_id=701eafae-120a-4218-b788-4c52dba4504e
2026-05-10 14:05:53,503 | INFO | Heartbeat | watch=KXBTC15M-26MAY101415-15 yes_bid=40 yes_ask=41 no_bid=59 no_ask=60 book_ready=True position=False pending=False dry_run=False trust=synced run_id=701eafae-120a-4218-b788-4c52dba4504e
2026-05-10 14:06:08,533 | INFO | Heartbeat | watch=KXBTC15M-26MAY101415-15 yes_bid=42 yes_ask=44 no_bid=56 no_ask=58 book_ready=True position=False pending=False dry_run=False trust=synced run_id=701eafae-120a-4218-b788-4c52dba4504e
2026-05-10 14:06:23,548 | INFO | Heartbeat | watch=KXBTC15M-26MAY101415-15 yes_bid=30 yes_ask=31 no_bid=69 no_ask=70 book_ready=True position=False pending=False dry_run=False trust=synced run_id=701eafae-120a-4218-b788-4c52dba4504e
2026-05-10 14:06:38,595 | INFO | Heartbeat | watch=KXBTC15M-26MAY101415-15 yes_bid=25 yes_ask=26 no_bid=74 no_ask=75 book_ready=True position=False pending=False dry_run=False trust=synced run_id=701eafae-120a-4218-b788-4c52dba4504e
2026-05-10 14:06:53,633 | INFO | Heartbeat | watch=KXBTC15M-26MAY101415-15 yes_bid=28 yes_ask=29 no_bid=71 no_ask=72 book_ready=True position=False pending=False dry_run=False trust=synced run_id=701eafae-120a-4218-b788-4c52dba4504e
2026-05-10 14:07:08,664 | INFO | Heartbeat | watch=KXBTC15M-26MAY101415-15 yes_bid=27 yes_ask=28 no_bid=72 no_ask=73 book_ready=True position=False pending=False dry_run=False trust=synced run_id=701eafae-120a-4218-b788-4c52dba4504e
2026-05-10 14:07:23,682 | INFO | Heartbeat | watch=KXBTC15M-26MAY101415-15 yes_bid=25 yes_ask=26 no_bid=74 no_ask=75 book_ready=True position=False pending=False dry_run=False trust=synced run_id=701eafae-120a-4218-b788-4c52dba4504e
2026-05-10 14:07:36,817 | INFO | Mushroom v28 entry approved | market=KXBTC15M-26MAY101415-15 side=no ask=76c max_buy=77c qty=2 p_side=0.8148 edge=4.984c depth=80 btc_age_ms=46.0 secs_to_close=443.20
2026-05-10 14:07:36,844 | INFO | Execution state | market=KXBTC15M-26MAY101415-15 side=no state=eligible reason=pre_filters_disabled trust=synced run_id=701eafae-120a-4218-b788-4c52dba4504e
2026-05-10 14:07:36,847 | INFO | Live fill policy approved | market=KXBTC15M-26MAY101415-15 side=no trigger=76c tif=immediate_or_cancel limit=76c depth=80.00 required=3 book_age_ms=0.0 secs_to_close=443.20 reason=single_shot_abundant_depth
2026-05-10 14:07:36,849 | INFO | ENTRY signal | market=KXBTC15M-26MAY101415-15 action=buy side=no trigger=76c limit=76c qty=2 book_ready=True
2026-05-10 14:07:36,849 | INFO | Execution state | market=KXBTC15M-26MAY101415-15 side=no state=submitting reason=single_shot_abundant_depth trust=synced run_id=701eafae-120a-4218-b788-4c52dba4504e
2026-05-10 14:07:36,907 | INFO | ENTRY immediate fill | market=KXBTC15M-26MAY101415-15 side=no qty=2 limit=76c
2026-05-10 14:07:36,909 | INFO | Execution state | market=KXBTC15M-26MAY101415-15 side=no state=filled reason=single_shot_abundant_depth trust=synced run_id=701eafae-120a-4218-b788-4c52dba4504e
2026-05-10 14:07:38,676 | INFO | Heartbeat | watch=KXBTC15M-26MAY101415-15 yes_bid=22 yes_ask=23 no_bid=77 no_ask=78 book_ready=True position=True pending=False dry_run=False trust=synced run_id=701eafae-120a-4218-b788-4c52dba4504e
2026-05-10 14:07:42,521 | INFO | Mushroom v28 BTC REST fallback refreshed stale tick | previous_age_ms=3016.0 threshold_ms=3000.0 source=coinbase_spot_rest
2026-05-10 14:07:53,694 | INFO | Heartbeat | watch=KXBTC15M-26MAY101415-15 yes_bid=19 yes_ask=20 no_bid=80 no_ask=81 book_ready=True position=True pending=False dry_run=False trust=synced run_id=701eafae-120a-4218-b788-4c52dba4504e
2026-05-10 14:07:54,853 | INFO | Mushroom v28 entry approved | market=KXBTC15M-26MAY101415-15 side=no ask=80c max_buy=80c qty=1 p_side=0.8353 edge=2.529c depth=363.4 btc_age_ms=0.0 secs_to_close=425.16
2026-05-10 14:07:54,880 | INFO | Execution state | market=KXBTC15M-26MAY101415-15 side=no state=eligible reason=pre_filters_disabled trust=synced run_id=701eafae-120a-4218-b788-4c52dba4504e
2026-05-10 14:07:54,882 | INFO | Live fill policy approved | market=KXBTC15M-26MAY101415-15 side=no trigger=80c tif=immediate_or_cancel limit=80c depth=363.40 required=2 book_age_ms=47.0 secs_to_close=425.16 reason=single_shot_abundant_depth
2026-05-10 14:07:54,884 | INFO | ENTRY signal | market=KXBTC15M-26MAY101415-15 action=buy side=no trigger=80c limit=80c qty=1 book_ready=True
2026-05-10 14:07:54,886 | INFO | Execution state | market=KXBTC15M-26MAY101415-15 side=no state=submitting reason=single_shot_abundant_depth trust=synced run_id=701eafae-120a-4218-b788-4c52dba4504e
2026-05-10 14:07:54,943 | INFO | ENTRY immediate fill | market=KXBTC15M-26MAY101415-15 side=no qty=1 limit=80c
2026-05-10 14:07:54,943 | INFO | Execution state | market=KXBTC15M-26MAY101415-15 side=no state=filled reason=single_shot_abundant_depth trust=synced run_id=701eafae-120a-4218-b788-4c52dba4504e
2026-05-10 14:08:08,711 | INFO | Heartbeat | watch=KXBTC15M-26MAY101415-15 yes_bid=18 yes_ask=19 no_bid=81 no_ask=82 book_ready=True position=True pending=False dry_run=False trust=synced run_id=701eafae-120a-4218-b788-4c52dba4504e
2026-05-10 14:08:23,721 | INFO | Heartbeat | watch=KXBTC15M-26MAY101415-15 yes_bid=15 yes_ask=16 no_bid=84 no_ask=85 book_ready=True position=True pending=False dry_run=False trust=synced run_id=701eafae-120a-4218-b788-4c52dba4504e
2026-05-10 14:08:33,304 | INFO | Mushroom v28 BTC REST fallback refreshed stale tick | previous_age_ms=3046.0 threshold_ms=3000.0 source=coinbase_spot_rest
2026-05-10 14:08:38,744 | INFO | Heartbeat | watch=KXBTC15M-26MAY101415-15 yes_bid=14 yes_ask=15 no_bid=85 no_ask=86 book_ready=True position=True pending=False dry_run=False trust=synced run_id=701eafae-120a-4218-b788-4c52dba4504e
2026-05-10 14:08:53,766 | INFO | Heartbeat | watch=KXBTC15M-26MAY101415-15 yes_bid=11 yes_ask=12 no_bid=88 no_ask=89 book_ready=True position=True pending=False dry_run=False trust=synced run_id=701eafae-120a-4218-b788-4c52dba4504e
2026-05-10 14:08:57,808 | INFO | EXIT signal | market=KXBTC15M-26MAY101415-15 action=sell side=no trigger=90c limit=89c qty=3 book_ready=True mode=single_shot_ioc slices=1 attempt=0
2026-05-10 14:08:57,809 | INFO | Latency | purpose=exit feed_age_ms=574.4 local_reaction_ms=16.0 trigger_seen_at=2026-05-10T18:08:57.809616+00:00 market_msg_time=2026-05-10T18:08:57.235177Z
2026-05-10 14:08:57,809 | INFO | Exit plan approved | market=KXBTC15M-26MAY101415-15 side=no trigger=90c limit=89c top_bid=90 depth=219.16 required=3 book_age_ms=62.0 secs_to_close=362.20 reason=mushroom_v28_exit_value_over_hold_single_shot_visible_depth mode=single_shot_ioc attempt=0
2026-05-10 14:08:57,870 | INFO | EXIT fill | market=KXBTC15M-26MAY101415-15 side=no slice=1/1 qty=3 cumulative=3/3 remaining=0
2026-05-10 14:09:08,812 | INFO | Heartbeat | watch=KXBTC15M-26MAY101415-15 yes_bid=9 yes_ask=10 no_bid=90 no_ask=91 book_ready=True position=False pending=False dry_run=False trust=synced run_id=701eafae-120a-4218-b788-4c52dba4504e
2026-05-10 14:09:09,661 | INFO | Mushroom v28 BTC REST fallback refreshed stale tick | previous_age_ms=3031.0 threshold_ms=3000.0 source=coinbase_spot_rest
2026-05-10 14:09:21,206 | INFO | Mushroom v28 BTC REST fallback refreshed stale tick | previous_age_ms=3031.0 threshold_ms=3000.0 source=coinbase_spot_rest
2026-05-10 14:09:23,814 | INFO | Heartbeat | watch=KXBTC15M-26MAY101415-15 yes_bid=7 yes_ask=7 no_bid=93 no_ask=93 book_ready=True position=False pending=False dry_run=False trust=synced run_id=701eafae-120a-4218-b788-4c52dba4504e
2026-05-10 14:09:38,841 | INFO | Heartbeat | watch=KXBTC15M-26MAY101415-15 yes_bid=7 yes_ask=8 no_bid=92 no_ask=93 book_ready=True position=False pending=False dry_run=False trust=synced run_id=701eafae-120a-4218-b788-4c52dba4504e
2026-05-10 14:09:53,861 | INFO | Heartbeat | watch=KXBTC15M-26MAY101415-15 yes_bid=10 yes_ask=11 no_bid=89 no_ask=90 book_ready=True position=False pending=False dry_run=False trust=synced run_id=701eafae-120a-4218-b788-4c52dba4504e
2026-05-10 14:10:04,052 | INFO | Mushroom v28 entry approved | market=KXBTC15M-26MAY101415-15 side=yes ask=10c max_buy=10c qty=2 p_side=0.1319 edge=3.190c depth=1216.19 btc_age_ms=484.0 secs_to_close=295.97
2026-05-10 14:10:04,067 | INFO | Execution state | market=KXBTC15M-26MAY101415-15 side=yes state=eligible reason=pre_filters_disabled trust=synced run_id=701eafae-120a-4218-b788-4c52dba4504e
2026-05-10 14:10:04,069 | INFO | Live fill policy approved | market=KXBTC15M-26MAY101415-15 side=yes trigger=10c tif=immediate_or_cancel limit=10c depth=1216.19 required=3 book_age_ms=219.0 secs_to_close=295.97 reason=single_shot_abundant_depth
2026-05-10 14:10:04,069 | INFO | ENTRY signal | market=KXBTC15M-26MAY101415-15 action=buy side=yes trigger=10c limit=10c qty=2 book_ready=True
2026-05-10 14:10:04,071 | INFO | Execution state | market=KXBTC15M-26MAY101415-15 side=yes state=submitting reason=single_shot_abundant_depth trust=synced run_id=701eafae-120a-4218-b788-4c52dba4504e
2026-05-10 14:10:04,124 | INFO | ENTRY immediate fill | market=KXBTC15M-26MAY101415-15 side=yes qty=2 limit=10c
2026-05-10 14:10:04,124 | INFO | Execution state | market=KXBTC15M-26MAY101415-15 side=yes state=filled reason=single_shot_abundant_depth trust=synced run_id=701eafae-120a-4218-b788-4c52dba4504e
2026-05-10 14:10:04,134 | INFO | Mushroom v28 entry approved | market=KXBTC15M-26MAY101415-15 side=yes ask=9c max_buy=10c qty=1 p_side=0.1319 edge=4.189c depth=17 btc_age_ms=594.0 secs_to_close=295.87
2026-05-10 14:10:04,146 | INFO | Execution state | market=KXBTC15M-26MAY101415-15 side=yes state=eligible reason=pre_filters_disabled trust=synced run_id=701eafae-120a-4218-b788-4c52dba4504e
2026-05-10 14:10:04,149 | INFO | Live fill policy approved | market=KXBTC15M-26MAY101415-15 side=yes trigger=9c tif=immediate_or_cancel limit=9c depth=17.00 required=2 book_age_ms=329.0 secs_to_close=295.87 reason=single_shot_abundant_depth
2026-05-10 14:10:04,149 | INFO | ENTRY signal | market=KXBTC15M-26MAY101415-15 action=buy side=yes trigger=9c limit=9c qty=1 book_ready=True
2026-05-10 14:10:04,151 | INFO | Execution state | market=KXBTC15M-26MAY101415-15 side=yes state=submitting reason=single_shot_abundant_depth trust=synced run_id=701eafae-120a-4218-b788-4c52dba4504e
2026-05-10 14:10:04,198 | INFO | Execution state | market=KXBTC15M-26MAY101415-15 side=yes state=abandoned reason=zero_fill trust=synced run_id=701eafae-120a-4218-b788-4c52dba4504e
2026-05-10 14:10:04,211 | INFO | Mushroom v28 entry approved | market=KXBTC15M-26MAY101415-15 side=yes ask=9c max_buy=10c qty=1 p_side=0.1319 edge=4.188c depth=428.67 btc_age_ms=672.0 secs_to_close=295.79
2026-05-10 14:10:04,225 | INFO | Execution state | market=KXBTC15M-26MAY101415-15 side=yes state=eligible reason=pre_filters_disabled trust=synced run_id=701eafae-120a-4218-b788-4c52dba4504e
2026-05-10 14:10:04,227 | INFO | Live fill policy approved | market=KXBTC15M-26MAY101415-15 side=yes trigger=9c tif=immediate_or_cancel limit=9c depth=428.67 required=2 book_age_ms=407.0 secs_to_close=295.79 reason=single_shot_abundant_depth
2026-05-10 14:10:04,229 | INFO | ENTRY signal | market=KXBTC15M-26MAY101415-15 action=buy side=yes trigger=9c limit=9c qty=1 book_ready=True
2026-05-10 14:10:04,229 | INFO | Execution state | market=KXBTC15M-26MAY101415-15 side=yes state=submitting reason=single_shot_abundant_depth trust=synced run_id=701eafae-120a-4218-b788-4c52dba4504e
2026-05-10 14:10:04,274 | INFO | Execution state | market=KXBTC15M-26MAY101415-15 side=yes state=abandoned reason=zero_fill trust=synced run_id=701eafae-120a-4218-b788-4c52dba4504e
2026-05-10 14:10:04,283 | INFO | Mushroom v28 entry approved | market=KXBTC15M-26MAY101415-15 side=yes ask=9c max_buy=10c qty=1 p_side=0.1319 edge=4.187c depth=465.19 btc_age_ms=750.0 secs_to_close=295.72
2026-05-10 14:10:04,298 | INFO | Execution state | market=KXBTC15M-26MAY101415-15 side=yes state=eligible reason=pre_filters_disabled trust=synced run_id=701eafae-120a-4218-b788-4c52dba4504e
2026-05-10 14:10:04,299 | INFO | Live fill policy approved | market=KXBTC15M-26MAY101415-15 side=yes trigger=9c tif=immediate_or_cancel limit=9c depth=465.19 required=2 book_age_ms=485.0 secs_to_close=295.72 reason=single_shot_abundant_depth
2026-05-10 14:10:04,299 | INFO | ENTRY signal | market=KXBTC15M-26MAY101415-15 action=buy side=yes trigger=9c limit=9c qty=1 book_ready=True
2026-05-10 14:10:04,302 | INFO | Execution state | market=KXBTC15M-26MAY101415-15 side=yes state=submitting reason=single_shot_abundant_depth trust=synced run_id=701eafae-120a-4218-b788-4c52dba4504e
2026-05-10 14:10:04,350 | INFO | ENTRY immediate fill | market=KXBTC15M-26MAY101415-15 side=yes qty=1 limit=9c
2026-05-10 14:10:04,350 | INFO | Execution state | market=KXBTC15M-26MAY101415-15 side=yes state=filled reason=single_shot_abundant_depth trust=synced run_id=701eafae-120a-4218-b788-4c52dba4504e
2026-05-10 14:10:08,906 | INFO | Heartbeat | watch=KXBTC15M-26MAY101415-15 yes_bid=12 yes_ask=13 no_bid=87 no_ask=88 book_ready=True position=True pending=False dry_run=False trust=synced run_id=701eafae-120a-4218-b788-4c52dba4504e
2026-05-10 14:10:23,931 | INFO | Heartbeat | watch=KXBTC15M-26MAY101415-15 yes_bid=13 yes_ask=14 no_bid=86 no_ask=87 book_ready=True position=True pending=False dry_run=False trust=synced run_id=701eafae-120a-4218-b788-4c52dba4504e
2026-05-10 14:10:34,820 | INFO | EXIT signal | market=KXBTC15M-26MAY101415-15 action=sell side=yes trigger=11c limit=11c qty=3 book_ready=True mode=single_shot_ioc slices=1 attempt=0
2026-05-10 14:10:34,822 | INFO | Latency | purpose=exit feed_age_ms=18.4 local_reaction_ms=16.0 trigger_seen_at=2026-05-10T18:10:34.822118+00:00 market_msg_time=2026-05-10T18:10:34.803701Z
2026-05-10 14:10:34,823 | INFO | Exit plan approved | market=KXBTC15M-26MAY101415-15 side=yes trigger=11c limit=11c top_bid=11 depth=41.00 required=3 book_age_ms=15.0 secs_to_close=265.20 reason=mushroom_v28_probability_collapse_full_single_shot_visible_depth mode=single_shot_ioc attempt=0
2026-05-10 14:10:34,872 | INFO | EXIT fill | market=KXBTC15M-26MAY101415-15 side=yes slice=1/1 qty=3 cumulative=3/3 remaining=0
2026-05-10 14:10:34,903 | INFO | Mushroom v28 entry approved | market=KXBTC15M-26MAY101415-15 side=yes ask=12c max_buy=12c qty=2 p_side=0.1460 edge=2.597c depth=640 btc_age_ms=62.0 secs_to_close=265.11
2026-05-10 14:10:34,921 | INFO | Execution state | market=KXBTC15M-26MAY101415-15 side=yes state=eligible reason=pre_filters_disabled trust=synced run_id=701eafae-120a-4218-b788-4c52dba4504e
2026-05-10 14:10:34,921 | INFO | Execution deferred | market=KXBTC15M-26MAY101415-15 side=yes reason=exchange_position_without_local_state trigger=12 top_of_book=12 book=[12:640, 13:1769, 14:1072.32, 15:521, 16:91] trust=synced
2026-05-10 14:10:34,923 | INFO | Execution state | market=KXBTC15M-26MAY101415-15 side=yes state=abandoned reason=exchange_position_without_local_state trust=synced run_id=701eafae-120a-4218-b788-4c52dba4504e
2026-05-10 14:10:34,929 | INFO | Mushroom v28 entry approved | market=KXBTC15M-26MAY101415-15 side=yes ask=12c max_buy=12c qty=2 p_side=0.1460 edge=2.597c depth=640 btc_age_ms=93.0 secs_to_close=265.07
2026-05-10 14:10:34,942 | INFO | Execution state | market=KXBTC15M-26MAY101415-15 side=yes state=eligible reason=pre_filters_disabled trust=synced run_id=701eafae-120a-4218-b788-4c52dba4504e
2026-05-10 14:10:34,942 | INFO | Execution deferred | market=KXBTC15M-26MAY101415-15 side=yes reason=exchange_position_without_local_state trigger=12 top_of_book=12 book=[12:640, 13:1769, 14:1072.32, 15:521, 16:91] trust=synced
2026-05-10 14:10:34,942 | INFO | Execution state | market=KXBTC15M-26MAY101415-15 side=yes state=abandoned reason=exchange_position_without_local_state trust=synced run_id=701eafae-120a-4218-b788-4c52dba4504e
2026-05-10 14:10:34,946 | INFO | Mushroom v28 entry approved | market=KXBTC15M-26MAY101415-15 side=yes ask=12c max_buy=12c qty=2 p_side=0.1460 edge=2.596c depth=640 btc_age_ms=109.0 secs_to_close=265.05
2026-05-10 14:10:34,963 | INFO | Execution state | market=KXBTC15M-26MAY101415-15 side=yes state=eligible reason=pre_filters_disabled trust=synced run_id=701eafae-120a-4218-b788-4c52dba4504e
2026-05-10 14:10:34,963 | INFO | Execution deferred | market=KXBTC15M-26MAY101415-15 side=yes reason=exchange_position_without_local_state trigger=12 top_of_book=12 book=[12:640, 13:1769, 14:1072.32, 15:521, 16:91] trust=synced
2026-05-10 14:10:34,964 | INFO | Execution state | market=KXBTC15M-26MAY101415-15 side=yes state=abandoned reason=exchange_position_without_local_state trust=synced run_id=701eafae-120a-4218-b788-4c52dba4504e
2026-05-10 14:10:34,964 | INFO | Mushroom v28 entry approved | market=KXBTC15M-26MAY101415-15 side=yes ask=12c max_buy=12c qty=2 p_side=0.1460 edge=2.596c depth=652 btc_age_ms=125.0 secs_to_close=265.04
2026-05-10 14:10:34,981 | INFO | Execution state | market=KXBTC15M-26MAY101415-15 side=yes state=eligible reason=pre_filters_disabled trust=synced run_id=701eafae-120a-4218-b788-4c52dba4504e
2026-05-10 14:10:34,981 | INFO | Execution deferred | market=KXBTC15M-26MAY101415-15 side=yes reason=exchange_position_without_local_state trigger=12 top_of_book=12 book=[12:652, 13:1741, 14:1072.32, 15:521, 16:91] trust=synced
2026-05-10 14:10:34,981 | INFO | Execution state | market=KXBTC15M-26MAY101415-15 side=yes state=abandoned reason=exchange_position_without_local_state trust=synced run_id=701eafae-120a-4218-b788-4c52dba4504e
2026-05-10 14:10:34,988 | INFO | Mushroom v28 entry approved | market=KXBTC15M-26MAY101415-15 side=yes ask=12c max_buy=12c qty=2 p_side=0.1460 edge=2.596c depth=652 btc_age_ms=156.0 secs_to_close=265.02
2026-05-10 14:10:34,998 | INFO | Execution state | market=KXBTC15M-26MAY101415-15 side=yes state=eligible reason=pre_filters_disabled trust=synced run_id=701eafae-120a-4218-b788-4c52dba4504e
2026-05-10 14:10:34,998 | INFO | Execution deferred | market=KXBTC15M-26MAY101415-15 side=yes reason=exchange_position_without_local_state trigger=12 top_of_book=12 book=[12:652, 13:1741, 14:1072.32, 15:521, 16:91] trust=synced
2026-05-10 14:10:35,004 | INFO | Execution state | market=KXBTC15M-26MAY101415-15 side=yes state=abandoned reason=exchange_position_without_local_state trust=synced run_id=701eafae-120a-4218-b788-4c52dba4504e
2026-05-10 14:10:35,011 | INFO | Mushroom v28 entry approved | market=KXBTC15M-26MAY101415-15 side=yes ask=12c max_buy=12c qty=2 p_side=0.1460 edge=2.597c depth=652 btc_age_ms=0.0 secs_to_close=264.99
2026-05-10 14:10:35,025 | INFO | Execution state | market=KXBTC15M-26MAY101415-15 side=yes state=eligible reason=pre_filters_disabled trust=synced run_id=701eafae-120a-4218-b788-4c52dba4504e
2026-05-10 14:10:35,027 | INFO | Execution deferred | market=KXBTC15M-26MAY101415-15 side=yes reason=exchange_position_without_local_state trigger=12 top_of_book=12 book=[12:652, 13:1741, 14:1072.32, 15:521, 16:91] trust=synced
2026-05-10 14:10:35,028 | INFO | Execution state | market=KXBTC15M-26MAY101415-15 side=yes state=abandoned reason=exchange_position_without_local_state trust=synced run_id=701eafae-120a-4218-b788-4c52dba4504e
2026-05-10 14:10:35,032 | INFO | Mushroom v28 entry approved | market=KXBTC15M-26MAY101415-15 side=yes ask=12c max_buy=12c qty=2 p_side=0.1460 edge=2.597c depth=652 btc_age_ms=31.0 secs_to_close=264.97
2026-05-10 14:10:35,049 | INFO | Execution state | market=KXBTC15M-26MAY101415-15 side=yes state=eligible reason=pre_filters_disabled trust=synced run_id=701eafae-120a-4218-b788-4c52dba4504e
2026-05-10 14:10:35,051 | INFO | Execution deferred | market=KXBTC15M-26MAY101415-15 side=yes reason=exchange_position_without_local_state trigger=12 top_of_book=12 book=[12:652, 13:1741, 14:1072.32, 15:521, 16:91] trust=synced
2026-05-10 14:10:35,051 | INFO | Execution state | market=KXBTC15M-26MAY101415-15 side=yes state=abandoned reason=exchange_position_without_local_state trust=synced run_id=701eafae-120a-4218-b788-4c52dba4504e
2026-05-10 14:10:35,058 | INFO | Mushroom v28 entry approved | market=KXBTC15M-26MAY101415-15 side=yes ask=12c max_buy=12c qty=2 p_side=0.1460 edge=2.597c depth=640 btc_age_ms=46.0 secs_to_close=264.95
2026-05-10 14:10:35,071 | INFO | Execution state | market=KXBTC15M-26MAY101415-15 side=yes state=eligible reason=pre_filters_disabled trust=synced run_id=701eafae-120a-4218-b788-4c52dba4504e
2026-05-10 14:10:35,074 | INFO | Execution deferred | market=KXBTC15M-26MAY101415-15 side=yes reason=exchange_position_without_local_state trigger=12 top_of_book=12 book=[12:640, 13:1770, 14:1072.32, 15:521, 16:91] trust=synced
2026-05-10 14:10:35,074 | INFO | Execution state | market=KXBTC15M-26MAY101415-15 side=yes state=abandoned reason=exchange_position_without_local_state trust=synced run_id=701eafae-120a-4218-b788-4c52dba4504e
2026-05-10 14:10:35,077 | INFO | Mushroom v28 entry approved | market=KXBTC15M-26MAY101415-15 side=yes ask=12c max_buy=12c qty=2 p_side=0.1460 edge=2.596c depth=640 btc_age_ms=78.0 secs_to_close=264.93
2026-05-10 14:10:35,092 | INFO | Execution state | market=KXBTC15M-26MAY101415-15 side=yes state=eligible reason=pre_filters_disabled trust=synced run_id=701eafae-120a-4218-b788-4c52dba4504e
2026-05-10 14:10:35,094 | INFO | Execution deferred | market=KXBTC15M-26MAY101415-15 side=yes reason=exchange_position_without_local_state trigger=12 top_of_book=12 book=[12:640, 13:1770, 14:1072.32, 15:521, 16:90] trust=synced
2026-05-10 14:10:35,094 | INFO | Execution state | market=KXBTC15M-26MAY101415-15 side=yes state=abandoned reason=exchange_position_without_local_state trust=synced run_id=701eafae-120a-4218-b788-4c52dba4504e
2026-05-10 14:10:35,099 | INFO | Mushroom v28 entry approved | market=KXBTC15M-26MAY101415-15 side=yes ask=12c max_buy=12c qty=2 p_side=0.1460 edge=2.596c depth=640 btc_age_ms=93.0 secs_to_close=264.90
2026-05-10 14:10:35,112 | INFO | Execution state | market=KXBTC15M-26MAY101415-15 side=yes state=eligible reason=pre_filters_disabled trust=synced run_id=701eafae-120a-4218-b788-4c52dba4504e
2026-05-10 14:10:35,112 | INFO | Execution deferred | market=KXBTC15M-26MAY101415-15 side=yes reason=exchange_position_without_local_state trigger=12 top_of_book=12 book=[12:640, 13:1770, 14:1072.32, 15:521, 16:90] trust=synced
2026-05-10 14:10:35,112 | INFO | Execution state | market=KXBTC15M-26MAY101415-15 side=yes state=abandoned reason=exchange_position_without_local_state trust=synced run_id=701eafae-120a-4218-b788-4c52dba4504e
2026-05-10 14:10:35,112 | INFO | Mushroom v28 entry approved | market=KXBTC15M-26MAY101415-15 side=yes ask=12c max_buy=12c qty=2 p_side=0.1460 edge=2.596c depth=662 btc_age_ms=109.0 secs_to_close=264.89
2026-05-10 14:10:35,128 | INFO | Execution state | market=KXBTC15M-26MAY101415-15 side=yes state=eligible reason=pre_filters_disabled trust=synced run_id=701eafae-120a-4218-b788-4c52dba4504e
2026-05-10 14:10:35,128 | INFO | Execution deferred | market=KXBTC15M-26MAY101415-15 side=yes reason=exchange_position_without_local_state trigger=12 top_of_book=12 book=[12:662, 13:1731, 14:1072.32, 15:521, 16:90] trust=synced
2026-05-10 14:10:35,128 | INFO | Execution state | market=KXBTC15M-26MAY101415-15 side=yes state=abandoned reason=exchange_position_without_local_state trust=synced run_id=701eafae-120a-4218-b788-4c52dba4504e
2026-05-10 14:10:35,128 | INFO | Mushroom v28 entry approved | market=KXBTC15M-26MAY101415-15 side=yes ask=12c max_buy=12c qty=2 p_side=0.1460 edge=2.596c depth=662 btc_age_ms=125.0 secs_to_close=264.87
2026-05-10 14:10:35,149 | INFO | Execution state | market=KXBTC15M-26MAY101415-15 side=yes state=eligible reason=pre_filters_disabled trust=synced run_id=701eafae-120a-4218-b788-4c52dba4504e
2026-05-10 14:10:35,149 | INFO | Execution deferred | market=KXBTC15M-26MAY101415-15 side=yes reason=exchange_position_without_local_state trigger=12 top_of_book=12 book=[12:662, 13:1731, 14:1072.32, 15:521, 16:90] trust=synced
2026-05-10 14:10:35,151 | INFO | Execution state | market=KXBTC15M-26MAY101415-15 side=yes state=abandoned reason=exchange_position_without_local_state trust=synced run_id=701eafae-120a-4218-b788-4c52dba4504e
2026-05-10 14:10:35,153 | INFO | Mushroom v28 entry approved | market=KXBTC15M-26MAY101415-15 side=yes ask=12c max_buy=12c qty=2 p_side=0.1460 edge=2.595c depth=662 btc_age_ms=156.0 secs_to_close=264.85
2026-05-10 14:10:35,170 | INFO | Execution state | market=KXBTC15M-26MAY101415-15 side=yes state=eligible reason=pre_filters_disabled trust=synced run_id=701eafae-120a-4218-b788-4c52dba4504e
2026-05-10 14:10:35,170 | INFO | Execution deferred | market=KXBTC15M-26MAY101415-15 side=yes reason=exchange_position_without_local_state trigger=12 top_of_book=12 book=[12:662, 13:1731, 14:1072.32, 15:521, 16:90] trust=synced
2026-05-10 14:10:35,170 | INFO | Execution state | market=KXBTC15M-26MAY101415-15 side=yes state=abandoned reason=exchange_position_without_local_state trust=synced run_id=701eafae-120a-4218-b788-4c52dba4504e
2026-05-10 14:10:35,170 | INFO | Mushroom v28 entry approved | market=KXBTC15M-26MAY101415-15 side=yes ask=12c max_buy=12c qty=2 p_side=0.1459 edge=2.595c depth=662 btc_age_ms=171.0 secs_to_close=264.83
2026-05-10 14:10:35,187 | INFO | Execution state | market=KXBTC15M-26MAY101415-15 side=yes state=eligible reason=pre_filters_disabled trust=synced run_id=701eafae-120a-4218-b788-4c52dba4504e
2026-05-10 14:10:35,187 | INFO | Execution deferred | market=KXBTC15M-26MAY101415-15 side=yes reason=exchange_position_without_local_state trigger=12 top_of_book=12 book=[12:662, 13:1731, 14:1072.32, 15:521, 16:90] trust=synced
2026-05-10 14:10:35,187 | INFO | Execution state | market=KXBTC15M-26MAY101415-15 side=yes state=abandoned reason=exchange_position_without_local_state trust=synced run_id=701eafae-120a-4218-b788-4c52dba4504e
2026-05-10 14:10:35,196 | INFO | Mushroom v28 entry approved | market=KXBTC15M-26MAY101415-15 side=yes ask=12c max_buy=12c qty=2 p_side=0.1459 edge=2.595c depth=662 btc_age_ms=187.0 secs_to_close=264.81
2026-05-10 14:10:35,210 | INFO | Execution state | market=KXBTC15M-26MAY101415-15 side=yes state=eligible reason=pre_filters_disabled trust=synced run_id=701eafae-120a-4218-b788-4c52dba4504e
2026-05-10 14:10:35,210 | INFO | Execution deferred | market=KXBTC15M-26MAY101415-15 side=yes reason=exchange_position_without_local_state trigger=12 top_of_book=12 book=[12:662, 13:1731, 14:1072.32, 15:521, 16:91] trust=synced
2026-05-10 14:10:35,210 | INFO | Execution state | market=KXBTC15M-26MAY101415-15 side=yes state=abandoned reason=exchange_position_without_local_state trust=synced run_id=701eafae-120a-4218-b788-4c52dba4504e
2026-05-10 14:10:35,219 | INFO | Mushroom v28 entry approved | market=KXBTC15M-26MAY101415-15 side=yes ask=12c max_buy=12c qty=2 p_side=0.1459 edge=2.594c depth=662 btc_age_ms=218.0 secs_to_close=264.78
2026-05-10 14:10:35,235 | INFO | Execution state | market=KXBTC15M-26MAY101415-15 side=yes state=eligible reason=pre_filters_disabled trust=synced run_id=701eafae-120a-4218-b788-4c52dba4504e
2026-05-10 14:10:35,235 | INFO | Execution deferred | market=KXBTC15M-26MAY101415-15 side=yes reason=exchange_position_without_local_state trigger=12 top_of_book=12 book=[12:662, 13:1731, 14:1072.32, 15:521, 16:91] trust=synced
2026-05-10 14:10:35,235 | INFO | Execution state | market=KXBTC15M-26MAY101415-15 side=yes state=abandoned reason=exchange_position_without_local_state trust=synced run_id=701eafae-120a-4218-b788-4c52dba4504e
2026-05-10 14:10:35,243 | INFO | Mushroom v28 entry approved | market=KXBTC15M-26MAY101415-15 side=yes ask=12c max_buy=12c qty=2 p_side=0.1459 edge=2.594c depth=662 btc_age_ms=234.0 secs_to_close=264.76
2026-05-10 14:10:35,251 | INFO | Execution state | market=KXBTC15M-26MAY101415-15 side=yes state=eligible reason=pre_filters_disabled trust=synced run_id=701eafae-120a-4218-b788-4c52dba4504e
2026-05-10 14:10:35,251 | INFO | Execution deferred | market=KXBTC15M-26MAY101415-15 side=yes reason=exchange_position_without_local_state trigger=12 top_of_book=12 book=[12:662, 13:1731, 14:1072.32, 15:521, 16:91] trust=synced
2026-05-10 14:10:35,251 | INFO | Execution state | market=KXBTC15M-26MAY101415-15 side=yes state=abandoned reason=exchange_position_without_local_state trust=synced run_id=701eafae-120a-4218-b788-4c52dba4504e
2026-05-10 14:10:35,301 | INFO | Mushroom v28 entry approved | market=KXBTC15M-26MAY101415-15 side=yes ask=12c max_buy=12c qty=2 p_side=0.1459 edge=2.593c depth=662 btc_age_ms=296.0 secs_to_close=264.70
2026-05-10 14:10:35,319 | INFO | Execution state | market=KXBTC15M-26MAY101415-15 side=yes state=eligible reason=pre_filters_disabled trust=synced run_id=701eafae-120a-4218-b788-4c52dba4504e
2026-05-10 14:10:35,321 | INFO | Execution deferred | market=KXBTC15M-26MAY101415-15 side=yes reason=exchange_position_without_local_state trigger=12 top_of_book=12 book=[12:662, 13:1731, 14:1072.32, 15:521, 16:91] trust=synced
2026-05-10 14:10:35,321 | INFO | Execution state | market=KXBTC15M-26MAY101415-15 side=yes state=abandoned reason=exchange_position_without_local_state trust=synced run_id=701eafae-120a-4218-b788-4c52dba4504e
2026-05-10 14:10:35,339 | INFO | Mushroom v28 entry approved | market=KXBTC15M-26MAY101415-15 side=yes ask=12c max_buy=12c qty=2 p_side=0.1459 edge=2.593c depth=650 btc_age_ms=328.0 secs_to_close=264.66
2026-05-10 14:10:35,353 | INFO | Execution state | market=KXBTC15M-26MAY101415-15 side=yes state=eligible reason=pre_filters_disabled trust=synced run_id=701eafae-120a-4218-b788-4c52dba4504e
2026-05-10 14:10:35,355 | INFO | Execution deferred | market=KXBTC15M-26MAY101415-15 side=yes reason=exchange_position_without_local_state trigger=12 top_of_book=12 book=[12:650, 13:1760, 14:1072.32, 15:521, 16:91] trust=synced
2026-05-10 14:10:35,355 | INFO | Execution state | market=KXBTC15M-26MAY101415-15 side=yes state=abandoned reason=exchange_position_without_local_state trust=synced run_id=701eafae-120a-4218-b788-4c52dba4504e
2026-05-10 14:10:35,362 | INFO | Mushroom v28 entry approved | market=KXBTC15M-26MAY101415-15 side=yes ask=12c max_buy=12c qty=2 p_side=0.1459 edge=2.593c depth=673 btc_age_ms=359.0 secs_to_close=264.64
2026-05-10 14:10:35,376 | INFO | Execution state | market=KXBTC15M-26MAY101415-15 side=yes state=eligible reason=pre_filters_disabled trust=synced run_id=701eafae-120a-4218-b788-4c52dba4504e
2026-05-10 14:10:35,378 | INFO | Execution deferred | market=KXBTC15M-26MAY101415-15 side=yes reason=exchange_position_without_local_state trigger=12 top_of_book=12 book=[12:673, 13:1731, 14:1072.32, 15:521, 16:91] trust=synced
2026-05-10 14:10:35,378 | INFO | Execution state | market=KXBTC15M-26MAY101415-15 side=yes state=abandoned reason=exchange_position_without_local_state trust=synced run_id=701eafae-120a-4218-b788-4c52dba4504e
2026-05-10 14:10:35,384 | INFO | Mushroom v28 entry approved | market=KXBTC15M-26MAY101415-15 side=yes ask=12c max_buy=12c qty=2 p_side=0.1459 edge=2.592c depth=673 btc_age_ms=375.0 secs_to_close=264.62
2026-05-10 14:10:35,398 | INFO | Execution state | market=KXBTC15M-26MAY101415-15 side=yes state=eligible reason=pre_filters_disabled trust=synced run_id=701eafae-120a-4218-b788-4c52dba4504e
2026-05-10 14:10:35,398 | INFO | Execution deferred | market=KXBTC15M-26MAY101415-15 side=yes reason=exchange_position_without_local_state trigger=12 top_of_book=12 book=[12:673, 13:1731, 14:1072.32, 15:521, 16:91] trust=synced
2026-05-10 14:10:35,400 | INFO | Execution state | market=KXBTC15M-26MAY101415-15 side=yes state=abandoned reason=exchange_position_without_local_state trust=synced run_id=701eafae-120a-4218-b788-4c52dba4504e
2026-05-10 14:10:35,404 | INFO | Mushroom v28 entry approved | market=KXBTC15M-26MAY101415-15 side=yes ask=12c max_buy=12c qty=2 p_side=0.1459 edge=2.592c depth=673 btc_age_ms=390.0 secs_to_close=264.60
2026-05-10 14:10:35,417 | INFO | Execution state | market=KXBTC15M-26MAY101415-15 side=yes state=eligible reason=pre_filters_disabled trust=synced run_id=701eafae-120a-4218-b788-4c52dba4504e
2026-05-10 14:10:35,419 | INFO | Execution deferred | market=KXBTC15M-26MAY101415-15 side=yes reason=exchange_position_without_local_state trigger=12 top_of_book=12 book=[12:673, 13:1731, 14:1072.32, 15:521, 16:91] trust=synced
2026-05-10 14:10:35,419 | INFO | Execution state | market=KXBTC15M-26MAY101415-15 side=yes state=abandoned reason=exchange_position_without_local_state trust=synced run_id=701eafae-120a-4218-b788-4c52dba4504e
2026-05-10 14:10:35,433 | INFO | Mushroom v28 entry approved | market=KXBTC15M-26MAY101415-15 side=yes ask=12c max_buy=12c qty=2 p_side=0.1459 edge=2.592c depth=673 btc_age_ms=421.0 secs_to_close=264.57
2026-05-10 14:10:35,448 | INFO | Execution state | market=KXBTC15M-26MAY101415-15 side=yes state=eligible reason=pre_filters_disabled trust=synced run_id=701eafae-120a-4218-b788-4c52dba4504e
2026-05-10 14:10:35,448 | INFO | Execution deferred | market=KXBTC15M-26MAY101415-15 side=yes reason=exchange_position_without_local_state trigger=12 top_of_book=12 book=[12:673, 13:1731, 14:1072.32, 15:521, 16:91] trust=synced
2026-05-10 14:10:35,448 | INFO | Execution state | market=KXBTC15M-26MAY101415-15 side=yes state=abandoned reason=exchange_position_without_local_state trust=synced run_id=701eafae-120a-4218-b788-4c52dba4504e
2026-05-10 14:10:35,454 | INFO | Mushroom v28 entry approved | market=KXBTC15M-26MAY101415-15 side=yes ask=12c max_buy=12c qty=2 p_side=0.1459 edge=2.591c depth=673 btc_age_ms=453.0 secs_to_close=264.55
2026-05-10 14:10:35,466 | INFO | Execution state | market=KXBTC15M-26MAY101415-15 side=yes state=eligible reason=pre_filters_disabled trust=synced run_id=701eafae-120a-4218-b788-4c52dba4504e
2026-05-10 14:10:35,466 | INFO | Execution deferred | market=KXBTC15M-26MAY101415-15 side=yes reason=exchange_position_without_local_state trigger=12 top_of_book=12 book=[12:673, 13:1731, 14:1072.32, 15:521, 16:91] trust=synced
2026-05-10 14:10:35,468 | INFO | Execution state | market=KXBTC15M-26MAY101415-15 side=yes state=abandoned reason=exchange_position_without_local_state trust=synced run_id=701eafae-120a-4218-b788-4c52dba4504e
2026-05-10 14:10:35,476 | INFO | Mushroom v28 entry approved | market=KXBTC15M-26MAY101415-15 side=yes ask=12c max_buy=12c qty=2 p_side=0.1459 edge=2.591c depth=673 btc_age_ms=468.0 secs_to_close=264.53
2026-05-10 14:10:35,489 | INFO | Execution state | market=KXBTC15M-26MAY101415-15 side=yes state=eligible reason=pre_filters_disabled trust=synced run_id=701eafae-120a-4218-b788-4c52dba4504e
2026-05-10 14:10:35,489 | INFO | Execution deferred | market=KXBTC15M-26MAY101415-15 side=yes reason=exchange_position_without_local_state trigger=12 top_of_book=12 book=[12:673, 13:1731, 14:1072.32, 15:521, 16:91] trust=synced
2026-05-10 14:10:35,492 | INFO | Execution state | market=KXBTC15M-26MAY101415-15 side=yes state=abandoned reason=exchange_position_without_local_state trust=synced run_id=701eafae-120a-4218-b788-4c52dba4504e
2026-05-10 14:10:35,512 | INFO | Mushroom v28 entry approved | market=KXBTC15M-26MAY101415-15 side=yes ask=12c max_buy=12c qty=2 p_side=0.1459 edge=2.591c depth=673 btc_age_ms=500.0 secs_to_close=264.49
2026-05-10 14:10:35,528 | INFO | Execution state | market=KXBTC15M-26MAY101415-15 side=yes state=eligible reason=pre_filters_disabled trust=synced run_id=701eafae-120a-4218-b788-4c52dba4504e
2026-05-10 14:10:35,528 | INFO | Execution deferred | market=KXBTC15M-26MAY101415-15 side=yes reason=exchange_position_without_local_state trigger=12 top_of_book=12 book=[12:673, 13:1731, 14:1072.32, 15:521, 16:91] trust=synced
2026-05-10 14:10:35,528 | INFO | Execution state | market=KXBTC15M-26MAY101415-15 side=yes state=abandoned reason=exchange_position_without_local_state trust=synced run_id=701eafae-120a-4218-b788-4c52dba4504e
2026-05-10 14:10:35,528 | INFO | Mushroom v28 entry approved | market=KXBTC15M-26MAY101415-15 side=yes ask=12c max_buy=12c qty=2 p_side=0.1459 edge=2.590c depth=673 btc_age_ms=531.0 secs_to_close=264.47
2026-05-10 14:10:35,551 | INFO | Execution state | market=KXBTC15M-26MAY101415-15 side=yes state=eligible reason=pre_filters_disabled trust=synced run_id=701eafae-120a-4218-b788-4c52dba4504e
2026-05-10 14:10:35,551 | INFO | Execution deferred | market=KXBTC15M-26MAY101415-15 side=yes reason=exchange_position_without_local_state trigger=12 top_of_book=12 book=[12:673, 13:1731, 14:1072.32, 15:521, 16:91] trust=synced
2026-05-10 14:10:35,551 | INFO | Execution state | market=KXBTC15M-26MAY101415-15 side=yes state=abandoned reason=exchange_position_without_local_state trust=synced run_id=701eafae-120a-4218-b788-4c52dba4504e
2026-05-10 14:10:35,794 | INFO | Mushroom v28 entry approved | market=KXBTC15M-26MAY101415-15 side=yes ask=12c max_buy=12c qty=2 p_side=0.1459 edge=2.585c depth=655.16 btc_age_ms=62.0 secs_to_close=264.21
2026-05-10 14:10:35,819 | INFO | Execution state | market=KXBTC15M-26MAY101415-15 side=yes state=eligible reason=pre_filters_disabled trust=synced run_id=701eafae-120a-4218-b788-4c52dba4504e
2026-05-10 14:10:35,825 | INFO | Execution deferred | market=KXBTC15M-26MAY101415-15 side=yes reason=exchange_position_without_local_state trigger=12 top_of_book=12 book=[12:655.16, 13:1741, 14:1072.32, 15:521, 16:91] trust=synced
2026-05-10 14:10:35,826 | INFO | Execution state | market=KXBTC15M-26MAY101415-15 side=yes state=abandoned reason=exchange_position_without_local_state trust=synced run_id=701eafae-120a-4218-b788-4c52dba4504e
2026-05-10 14:10:35,832 | INFO | Mushroom v28 entry approved | market=KXBTC15M-26MAY101415-15 side=yes ask=12c max_buy=12c qty=2 p_side=0.1458 edge=2.585c depth=655.16 btc_age_ms=94.0 secs_to_close=264.17
2026-05-10 14:10:35,846 | INFO | Execution state | market=KXBTC15M-26MAY101415-15 side=yes state=eligible reason=pre_filters_disabled trust=synced run_id=701eafae-120a-4218-b788-4c52dba4504e
2026-05-10 14:10:35,848 | INFO | Execution deferred | market=KXBTC15M-26MAY101415-15 side=yes reason=exchange_position_without_local_state trigger=12 top_of_book=12 book=[12:655.16, 13:1741, 14:1072.32, 15:521, 16:91] trust=synced
2026-05-10 14:10:35,848 | INFO | Execution state | market=KXBTC15M-26MAY101415-15 side=yes state=abandoned reason=exchange_position_without_local_state trust=synced run_id=701eafae-120a-4218-b788-4c52dba4504e
2026-05-10 14:10:35,854 | INFO | Mushroom v28 entry approved | market=KXBTC15M-26MAY101415-15 side=yes ask=12c max_buy=12c qty=2 p_side=0.1458 edge=2.584c depth=655.16 btc_age_ms=109.0 secs_to_close=264.15
2026-05-10 14:10:35,867 | INFO | Execution state | market=KXBTC15M-26MAY101415-15 side=yes state=eligible reason=pre_filters_disabled trust=synced run_id=701eafae-120a-4218-b788-4c52dba4504e
2026-05-10 14:10:35,868 | INFO | Execution deferred | market=KXBTC15M-26MAY101415-15 side=yes reason=exchange_position_without_local_state trigger=12 top_of_book=12 book=[12:655.16, 13:1741, 14:1072.32, 15:521, 16:90] trust=synced
2026-05-10 14:10:35,868 | INFO | Execution state | market=KXBTC15M-26MAY101415-15 side=yes state=abandoned reason=exchange_position_without_local_state trust=synced run_id=701eafae-120a-4218-b788-4c52dba4504e
2026-05-10 14:10:35,870 | INFO | Mushroom v28 entry approved | market=KXBTC15M-26MAY101415-15 side=yes ask=12c max_buy=12c qty=2 p_side=0.1458 edge=2.584c depth=655.16 btc_age_ms=125.0 secs_to_close=264.13
2026-05-10 14:10:35,884 | INFO | Execution state | market=KXBTC15M-26MAY101415-15 side=yes state=eligible reason=pre_filters_disabled trust=synced run_id=701eafae-120a-4218-b788-4c52dba4504e
2026-05-10 14:10:35,884 | INFO | Execution deferred | market=KXBTC15M-26MAY101415-15 side=yes reason=exchange_position_without_local_state trigger=12 top_of_book=12 book=[12:655.16, 13:1741, 14:1072.32, 15:521, 16:90] trust=synced
2026-05-10 14:10:35,884 | INFO | Execution state | market=KXBTC15M-26MAY101415-15 side=yes state=abandoned reason=exchange_position_without_local_state trust=synced run_id=701eafae-120a-4218-b788-4c52dba4504e
2026-05-10 14:10:35,916 | INFO | Mushroom v28 entry approved | market=KXBTC15M-26MAY101415-15 side=yes ask=12c max_buy=12c qty=2 p_side=0.1458 edge=2.584c depth=655.16 btc_age_ms=172.0 secs_to_close=264.09
2026-05-10 14:10:35,931 | INFO | Execution state | market=KXBTC15M-26MAY101415-15 side=yes state=eligible reason=pre_filters_disabled trust=synced run_id=701eafae-120a-4218-b788-4c52dba4504e
2026-05-10 14:10:35,931 | INFO | Execution deferred | market=KXBTC15M-26MAY101415-15 side=yes reason=exchange_position_without_local_state trigger=12 top_of_book=12 book=[12:655.16, 13:1741, 14:1072.32, 15:521, 16:90] trust=synced
2026-05-10 14:10:35,933 | INFO | Execution state | market=KXBTC15M-26MAY101415-15 side=yes state=abandoned reason=exchange_position_without_local_state trust=synced run_id=701eafae-120a-4218-b788-4c52dba4504e
2026-05-10 14:10:35,934 | INFO | Mushroom v28 entry approved | market=KXBTC15M-26MAY101415-15 side=yes ask=12c max_buy=12c qty=2 p_side=0.1458 edge=2.583c depth=655.16 btc_age_ms=187.0 secs_to_close=264.07
2026-05-10 14:10:35,951 | INFO | Execution state | market=KXBTC15M-26MAY101415-15 side=yes state=eligible reason=pre_filters_disabled trust=synced run_id=701eafae-120a-4218-b788-4c52dba4504e
2026-05-10 14:10:35,951 | INFO | Execution deferred | market=KXBTC15M-26MAY101415-15 side=yes reason=exchange_position_without_local_state trigger=12 top_of_book=12 book=[12:655.16, 13:1741, 14:1072.32, 15:521, 16:90] trust=synced
2026-05-10 14:10:35,951 | INFO | Execution state | market=KXBTC15M-26MAY101415-15 side=yes state=abandoned reason=exchange_position_without_local_state trust=synced run_id=701eafae-120a-4218-b788-4c52dba4504e
2026-05-10 14:10:35,960 | INFO | Mushroom v28 entry approved | market=KXBTC15M-26MAY101415-15 side=yes ask=12c max_buy=12c qty=2 p_side=0.1458 edge=2.583c depth=655.16 btc_age_ms=219.0 secs_to_close=264.05
2026-05-10 14:10:35,967 | INFO | Execution state | market=KXBTC15M-26MAY101415-15 side=yes state=eligible reason=pre_filters_disabled trust=synced run_id=701eafae-120a-4218-b788-4c52dba4504e
2026-05-10 14:10:35,967 | INFO | Execution deferred | market=KXBTC15M-26MAY101415-15 side=yes reason=exchange_position_without_local_state trigger=12 top_of_book=12 book=[12:655.16, 13:1741, 14:1072.32, 15:521, 16:90] trust=synced
2026-05-10 14:10:35,967 | INFO | Execution state | market=KXBTC15M-26MAY101415-15 side=yes state=abandoned reason=exchange_position_without_local_state trust=synced run_id=701eafae-120a-4218-b788-4c52dba4504e
2026-05-10 14:10:35,976 | INFO | Mushroom v28 entry approved | market=KXBTC15M-26MAY101415-15 side=yes ask=12c max_buy=12c qty=2 p_side=0.1458 edge=2.583c depth=655.16 btc_age_ms=234.0 secs_to_close=264.03
2026-05-10 14:10:35,991 | INFO | Execution state | market=KXBTC15M-26MAY101415-15 side=yes state=eligible reason=pre_filters_disabled trust=synced run_id=701eafae-120a-4218-b788-4c52dba4504e
2026-05-10 14:10:35,993 | INFO | Execution deferred | market=KXBTC15M-26MAY101415-15 side=yes reason=exchange_position_without_local_state trigger=12 top_of_book=12 book=[12:655.16, 13:1741, 14:1072.32, 15:521, 16:90] trust=synced
2026-05-10 14:10:35,993 | INFO | Execution state | market=KXBTC15M-26MAY101415-15 side=yes state=abandoned reason=exchange_position_without_local_state trust=synced run_id=701eafae-120a-4218-b788-4c52dba4504e
2026-05-10 14:10:36,023 | INFO | Mushroom v28 entry approved | market=KXBTC15M-26MAY101415-15 side=yes ask=12c max_buy=12c qty=2 p_side=0.1458 edge=2.582c depth=655.16 btc_age_ms=281.0 secs_to_close=263.98
2026-05-10 14:10:36,032 | INFO | Execution state | market=KXBTC15M-26MAY101415-15 side=yes state=eligible reason=pre_filters_disabled trust=synced run_id=701eafae-120a-4218-b788-4c52dba4504e
2026-05-10 14:10:36,032 | INFO | Execution deferred | market=KXBTC15M-26MAY101415-15 side=yes reason=exchange_position_without_local_state trigger=12 top_of_book=12 book=[12:655.16, 13:1741, 14:1072.32, 15:521, 16:90] trust=synced
2026-05-10 14:10:36,032 | INFO | Execution state | market=KXBTC15M-26MAY101415-15 side=yes state=abandoned reason=exchange_position_without_local_state trust=synced run_id=701eafae-120a-4218-b788-4c52dba4504e
2026-05-10 14:10:36,056 | INFO | Mushroom v28 entry approved | market=KXBTC15M-26MAY101415-15 side=yes ask=12c max_buy=12c qty=2 p_side=0.1458 edge=2.582c depth=655.16 btc_age_ms=312.0 secs_to_close=263.94
2026-05-10 14:10:36,072 | INFO | Execution state | market=KXBTC15M-26MAY101415-15 side=yes state=eligible reason=pre_filters_disabled trust=synced run_id=701eafae-120a-4218-b788-4c52dba4504e
2026-05-10 14:10:36,075 | INFO | Execution deferred | market=KXBTC15M-26MAY101415-15 side=yes reason=exchange_position_without_local_state trigger=12 top_of_book=12 book=[12:655.16, 13:1741, 14:1072.32, 15:521, 16:90] trust=synced
2026-05-10 14:10:36,075 | INFO | Execution state | market=KXBTC15M-26MAY101415-15 side=yes state=abandoned reason=exchange_position_without_local_state trust=synced run_id=701eafae-120a-4218-b788-4c52dba4504e
2026-05-10 14:10:36,081 | INFO | Mushroom v28 entry approved | market=KXBTC15M-26MAY101415-15 side=yes ask=12c max_buy=12c qty=2 p_side=0.1458 edge=2.581c depth=655.16 btc_age_ms=344.0 secs_to_close=263.92
2026-05-10 14:10:36,097 | INFO | Execution state | market=KXBTC15M-26MAY101415-15 side=yes state=eligible reason=pre_filters_disabled trust=synced run_id=701eafae-120a-4218-b788-4c52dba4504e
2026-05-10 14:10:36,098 | INFO | Execution deferred | market=KXBTC15M-26MAY101415-15 side=yes reason=exchange_position_without_local_state trigger=12 top_of_book=12 book=[12:655.16, 13:1741, 14:1072.32, 15:521, 16:90] trust=synced
2026-05-10 14:10:36,098 | INFO | Execution state | market=KXBTC15M-26MAY101415-15 side=yes state=abandoned reason=exchange_position_without_local_state trust=synced run_id=701eafae-120a-4218-b788-4c52dba4504e
2026-05-10 14:10:36,098 | INFO | Mushroom v28 entry approved | market=KXBTC15M-26MAY101415-15 side=yes ask=12c max_buy=12c qty=2 p_side=0.1458 edge=2.581c depth=605.16 btc_age_ms=359.0 secs_to_close=263.90
2026-05-10 14:10:36,114 | INFO | Execution state | market=KXBTC15M-26MAY101415-15 side=yes state=eligible reason=pre_filters_disabled trust=synced run_id=701eafae-120a-4218-b788-4c52dba4504e
2026-05-10 14:10:36,114 | INFO | Execution deferred | market=KXBTC15M-26MAY101415-15 side=yes reason=exchange_position_without_local_state trigger=12 top_of_book=12 book=[12:605.16, 13:1741, 14:1072.32, 15:521, 16:90] trust=synced
2026-05-10 14:10:36,122 | INFO | Execution state | market=KXBTC15M-26MAY101415-15 side=yes state=abandoned reason=exchange_position_without_local_state trust=synced run_id=701eafae-120a-4218-b788-4c52dba4504e
2026-05-10 14:10:36,129 | INFO | Mushroom v28 entry approved | market=KXBTC15M-26MAY101415-15 side=yes ask=12c max_buy=12c qty=2 p_side=0.1458 edge=2.581c depth=605.16 btc_age_ms=391.0 secs_to_close=263.87
2026-05-10 14:10:36,142 | INFO | Execution state | market=KXBTC15M-26MAY101415-15 side=yes state=eligible reason=pre_filters_disabled trust=synced run_id=701eafae-120a-4218-b788-4c52dba4504e
2026-05-10 14:10:36,144 | INFO | Execution deferred | market=KXBTC15M-26MAY101415-15 side=yes reason=exchange_position_without_local_state trigger=12 top_of_book=12 book=[12:605.16, 13:1741, 14:1072.32, 15:521, 16:90] trust=synced
2026-05-10 14:10:36,144 | INFO | Execution state | market=KXBTC15M-26MAY101415-15 side=yes state=abandoned reason=exchange_position_without_local_state trust=synced run_id=701eafae-120a-4218-b788-4c52dba4504e
2026-05-10 14:10:36,148 | INFO | Mushroom v28 entry approved | market=KXBTC15M-26MAY101415-15 side=yes ask=12c max_buy=12c qty=2 p_side=0.1458 edge=2.580c depth=605.16 btc_age_ms=406.0 secs_to_close=263.85
2026-05-10 14:10:36,164 | INFO | Execution state | market=KXBTC15M-26MAY101415-15 side=yes state=eligible reason=pre_filters_disabled trust=synced run_id=701eafae-120a-4218-b788-4c52dba4504e
2026-05-10 14:10:36,164 | INFO | Execution deferred | market=KXBTC15M-26MAY101415-15 side=yes reason=exchange_position_without_local_state trigger=12 top_of_book=12 book=[12:605.16, 13:1741, 14:1072.32, 15:521, 16:90] trust=synced
2026-05-10 14:10:36,166 | INFO | Execution state | market=KXBTC15M-26MAY101415-15 side=yes state=abandoned reason=exchange_position_without_local_state trust=synced run_id=701eafae-120a-4218-b788-4c52dba4504e
2026-05-10 14:10:36,181 | INFO | Mushroom v28 entry approved | market=KXBTC15M-26MAY101415-15 side=yes ask=12c max_buy=12c qty=2 p_side=0.1458 edge=2.580c depth=605.16 btc_age_ms=437.0 secs_to_close=263.83
2026-05-10 14:10:36,195 | INFO | Execution state | market=KXBTC15M-26MAY101415-15 side=yes state=eligible reason=pre_filters_disabled trust=synced run_id=701eafae-120a-4218-b788-4c52dba4504e
2026-05-10 14:10:36,197 | INFO | Execution deferred | market=KXBTC15M-26MAY101415-15 side=yes reason=exchange_position_without_local_state trigger=12 top_of_book=12 book=[12:605.16, 13:1741, 14:1072.32, 15:521, 16:90] trust=synced
2026-05-10 14:10:36,197 | INFO | Execution state | market=KXBTC15M-26MAY101415-15 side=yes state=abandoned reason=exchange_position_without_local_state trust=synced run_id=701eafae-120a-4218-b788-4c52dba4504e
2026-05-10 14:10:36,201 | INFO | Mushroom v28 entry approved | market=KXBTC15M-26MAY101415-15 side=yes ask=12c max_buy=12c qty=2 p_side=0.1458 edge=2.580c depth=605.16 btc_age_ms=453.0 secs_to_close=263.80
2026-05-10 14:10:36,211 | INFO | Execution state | market=KXBTC15M-26MAY101415-15 side=yes state=eligible reason=pre_filters_disabled trust=synced run_id=701eafae-120a-4218-b788-4c52dba4504e
2026-05-10 14:10:36,211 | INFO | Execution deferred | market=KXBTC15M-26MAY101415-15 side=yes reason=exchange_position_without_local_state trigger=12 top_of_book=12 book=[12:605.16, 13:1741, 14:1072.32, 15:521, 16:90] trust=synced
2026-05-10 14:10:36,211 | INFO | Execution state | market=KXBTC15M-26MAY101415-15 side=yes state=abandoned reason=exchange_position_without_local_state trust=synced run_id=701eafae-120a-4218-b788-4c52dba4504e
2026-05-10 14:10:36,220 | INFO | Mushroom v28 entry approved | market=KXBTC15M-26MAY101415-15 side=yes ask=12c max_buy=12c qty=2 p_side=0.1458 edge=2.580c depth=605.16 btc_age_ms=469.0 secs_to_close=263.79
2026-05-10 14:10:36,230 | INFO | Execution state | market=KXBTC15M-26MAY101415-15 side=yes state=eligible reason=pre_filters_disabled trust=synced run_id=701eafae-120a-4218-b788-4c52dba4504e
2026-05-10 14:10:36,236 | INFO | Execution deferred | market=KXBTC15M-26MAY101415-15 side=yes reason=exchange_position_without_local_state trigger=12 top_of_book=12 book=[12:605.16, 13:1741, 14:1072.32, 15:521, 16:90] trust=synced
2026-05-10 14:10:36,236 | INFO | Execution state | market=KXBTC15M-26MAY101415-15 side=yes state=abandoned reason=exchange_position_without_local_state trust=synced run_id=701eafae-120a-4218-b788-4c52dba4504e
2026-05-10 14:10:36,263 | INFO | Mushroom v28 entry approved | market=KXBTC15M-26MAY101415-15 side=yes ask=12c max_buy=12c qty=2 p_side=0.1458 edge=2.579c depth=605.16 btc_age_ms=516.0 secs_to_close=263.74
2026-05-10 14:10:36,278 | INFO | Execution state | market=KXBTC15M-26MAY101415-15 side=yes state=eligible reason=pre_filters_disabled trust=synced run_id=701eafae-120a-4218-b788-4c52dba4504e
2026-05-10 14:10:36,278 | INFO | Execution deferred | market=KXBTC15M-26MAY101415-15 side=yes reason=exchange_position_without_local_state trigger=12 top_of_book=12 book=[12:605.16, 13:1741, 14:1072.32, 15:521, 16:90] trust=synced
2026-05-10 14:10:36,278 | INFO | Execution state | market=KXBTC15M-26MAY101415-15 side=yes state=abandoned reason=exchange_position_without_local_state trust=synced run_id=701eafae-120a-4218-b788-4c52dba4504e
2026-05-10 14:10:36,285 | INFO | Mushroom v28 entry approved | market=KXBTC15M-26MAY101415-15 side=yes ask=12c max_buy=12c qty=2 p_side=0.1458 edge=2.579c depth=655.16 btc_age_ms=547.0 secs_to_close=263.72
2026-05-10 14:10:36,294 | INFO | Execution state | market=KXBTC15M-26MAY101415-15 side=yes state=eligible reason=pre_filters_disabled trust=synced run_id=701eafae-120a-4218-b788-4c52dba4504e
2026-05-10 14:10:36,294 | INFO | Execution deferred | market=KXBTC15M-26MAY101415-15 side=yes reason=exchange_position_without_local_state trigger=12 top_of_book=12 book=[12:655.16, 13:1741, 14:1072.32, 15:521, 16:90] trust=synced
2026-05-10 14:10:36,294 | INFO | Execution state | market=KXBTC15M-26MAY101415-15 side=yes state=abandoned reason=exchange_position_without_local_state trust=synced run_id=701eafae-120a-4218-b788-4c52dba4504e
2026-05-10 14:10:36,306 | INFO | Mushroom v28 entry approved | market=KXBTC15M-26MAY101415-15 side=yes ask=12c max_buy=12c qty=2 p_side=0.1458 edge=2.578c depth=655.16 btc_age_ms=562.0 secs_to_close=263.70
2026-05-10 14:10:36,321 | INFO | Execution state | market=KXBTC15M-26MAY101415-15 side=yes state=eligible reason=pre_filters_disabled trust=synced run_id=701eafae-120a-4218-b788-4c52dba4504e
2026-05-10 14:10:36,321 | INFO | Execution deferred | market=KXBTC15M-26MAY101415-15 side=yes reason=exchange_position_without_local_state trigger=12 top_of_book=12 book=[12:655.16, 13:1741, 14:1072.32, 15:521, 16:90] trust=synced
2026-05-10 14:10:36,323 | INFO | Execution state | market=KXBTC15M-26MAY101415-15 side=yes state=abandoned reason=exchange_position_without_local_state trust=synced run_id=701eafae-120a-4218-b788-4c52dba4504e
2026-05-10 14:10:36,332 | INFO | Mushroom v28 entry approved | market=KXBTC15M-26MAY101415-15 side=yes ask=11c max_buy=11c qty=2 p_side=0.1458 edge=3.578c depth=580 btc_age_ms=594.0 secs_to_close=263.67
2026-05-10 14:10:36,344 | INFO | Execution state | market=KXBTC15M-26MAY101415-15 side=yes state=eligible reason=pre_filters_disabled trust=synced run_id=701eafae-120a-4218-b788-4c52dba4504e
2026-05-10 14:10:36,344 | INFO | Execution deferred | market=KXBTC15M-26MAY101415-15 side=yes reason=exchange_position_without_local_state trigger=11 top_of_book=11 book=[11:580, 12:155.16, 13:1741, 14:1072.32, 15:521] trust=synced
2026-05-10 14:10:36,344 | INFO | Execution state | market=KXBTC15M-26MAY101415-15 side=yes state=abandoned reason=exchange_position_without_local_state trust=synced run_id=701eafae-120a-4218-b788-4c52dba4504e
2026-05-10 14:10:36,351 | INFO | Mushroom v28 entry approved | market=KXBTC15M-26MAY101415-15 side=yes ask=11c max_buy=11c qty=2 p_side=0.1458 edge=3.578c depth=580 btc_age_ms=609.0 secs_to_close=263.66
2026-05-10 14:10:36,364 | INFO | Execution state | market=KXBTC15M-26MAY101415-15 side=yes state=eligible reason=pre_filters_disabled trust=synced run_id=701eafae-120a-4218-b788-4c52dba4504e
2026-05-10 14:10:36,364 | INFO | Execution deferred | market=KXBTC15M-26MAY101415-15 side=yes reason=exchange_position_without_local_state trigger=11 top_of_book=11 book=[11:580, 12:155.16, 13:1741, 14:1072.32, 15:521] trust=synced
2026-05-10 14:10:36,364 | INFO | Execution state | market=KXBTC15M-26MAY101415-15 side=yes state=abandoned reason=exchange_position_without_local_state trust=synced run_id=701eafae-120a-4218-b788-4c52dba4504e
2026-05-10 14:10:36,370 | INFO | Mushroom v28 entry approved | market=KXBTC15M-26MAY101415-15 side=yes ask=11c max_buy=11c qty=2 p_side=0.1458 edge=3.577c depth=580 btc_age_ms=625.0 secs_to_close=263.63
2026-05-10 14:10:36,382 | INFO | Execution state | market=KXBTC15M-26MAY101415-15 side=yes state=eligible reason=pre_filters_disabled trust=synced run_id=701eafae-120a-4218-b788-4c52dba4504e
2026-05-10 14:10:36,384 | INFO | Execution deferred | market=KXBTC15M-26MAY101415-15 side=yes reason=exchange_position_without_local_state trigger=11 top_of_book=11 book=[11:580, 12:105.16, 13:1741, 14:1072.32, 15:521] trust=synced
2026-05-10 14:10:36,384 | INFO | Execution state | market=KXBTC15M-26MAY101415-15 side=yes state=abandoned reason=exchange_position_without_local_state trust=synced run_id=701eafae-120a-4218-b788-4c52dba4504e
2026-05-10 14:10:36,409 | INFO | Mushroom v28 entry approved | market=KXBTC15M-26MAY101415-15 side=yes ask=11c max_buy=11c qty=2 p_side=0.1458 edge=3.577c depth=580 btc_age_ms=672.0 secs_to_close=263.59
2026-05-10 14:10:36,427 | INFO | Execution state | market=KXBTC15M-26MAY101415-15 side=yes state=eligible reason=pre_filters_disabled trust=synced run_id=701eafae-120a-4218-b788-4c52dba4504e
2026-05-10 14:10:36,427 | INFO | Execution deferred | market=KXBTC15M-26MAY101415-15 side=yes reason=exchange_position_without_local_state trigger=11 top_of_book=11 book=[11:580, 12:105.16, 13:1741, 14:1072.32, 15:521] trust=synced
2026-05-10 14:10:36,427 | INFO | Execution state | market=KXBTC15M-26MAY101415-15 side=yes state=abandoned reason=exchange_position_without_local_state trust=synced run_id=701eafae-120a-4218-b788-4c52dba4504e
2026-05-10 14:10:36,485 | INFO | Mushroom v28 entry approved | market=KXBTC15M-26MAY101415-15 side=yes ask=11c max_buy=11c qty=2 p_side=0.1458 edge=3.576c depth=580 btc_age_ms=750.0 secs_to_close=263.52
2026-05-10 14:10:36,500 | INFO | Execution state | market=KXBTC15M-26MAY101415-15 side=yes state=eligible reason=pre_filters_disabled trust=synced run_id=701eafae-120a-4218-b788-4c52dba4504e
2026-05-10 14:10:36,500 | INFO | Execution deferred | market=KXBTC15M-26MAY101415-15 side=yes reason=exchange_position_without_local_state trigger=11 top_of_book=11 book=[11:580, 12:105.16, 13:1741, 14:1072.32, 15:521] trust=synced
2026-05-10 14:10:36,507 | INFO | Execution state | market=KXBTC15M-26MAY101415-15 side=yes state=abandoned reason=exchange_position_without_local_state trust=synced run_id=701eafae-120a-4218-b788-4c52dba4504e
2026-05-10 14:10:36,540 | INFO | Mushroom v28 entry approved | market=KXBTC15M-26MAY101415-15 side=yes ask=11c max_buy=11c qty=2 p_side=0.1458 edge=3.575c depth=580 btc_age_ms=797.0 secs_to_close=263.47
2026-05-10 14:10:36,549 | INFO | Execution state | market=KXBTC15M-26MAY101415-15 side=yes state=eligible reason=pre_filters_disabled trust=synced run_id=701eafae-120a-4218-b788-4c52dba4504e
2026-05-10 14:10:36,549 | INFO | Execution deferred | market=KXBTC15M-26MAY101415-15 side=yes reason=exchange_position_without_local_state trigger=11 top_of_book=11 book=[11:580, 12:216.16, 13:1630, 14:1072.32, 15:521] trust=synced
2026-05-10 14:10:36,549 | INFO | Execution state | market=KXBTC15M-26MAY101415-15 side=yes state=abandoned reason=exchange_position_without_local_state trust=synced run_id=701eafae-120a-4218-b788-4c52dba4504e
2026-05-10 14:10:36,560 | INFO | Mushroom v28 entry approved | market=KXBTC15M-26MAY101415-15 side=yes ask=11c max_buy=11c qty=2 p_side=0.1457 edge=3.575c depth=580 btc_age_ms=812.0 secs_to_close=263.44
2026-05-10 14:10:36,572 | INFO | Execution state | market=KXBTC15M-26MAY101415-15 side=yes state=eligible reason=pre_filters_disabled trust=synced run_id=701eafae-120a-4218-b788-4c52dba4504e
2026-05-10 14:10:36,572 | INFO | Execution deferred | market=KXBTC15M-26MAY101415-15 side=yes reason=exchange_position_without_local_state trigger=11 top_of_book=11 book=[11:580, 12:216.16, 13:1630, 14:1072.32, 15:521] trust=synced
2026-05-10 14:10:36,572 | INFO | Execution state | market=KXBTC15M-26MAY101415-15 side=yes state=abandoned reason=exchange_position_without_local_state trust=synced run_id=701eafae-120a-4218-b788-4c52dba4504e
2026-05-10 14:10:36,802 | INFO | Mushroom v28 entry approved | market=KXBTC15M-26MAY101415-15 side=yes ask=11c max_buy=11c qty=2 p_side=0.1457 edge=3.572c depth=570 btc_age_ms=1062.0 secs_to_close=263.20
2026-05-10 14:10:36,834 | INFO | Execution state | market=KXBTC15M-26MAY101415-15 side=yes state=eligible reason=pre_filters_disabled trust=synced run_id=701eafae-120a-4218-b788-4c52dba4504e
2026-05-10 14:10:36,835 | INFO | Execution deferred | market=KXBTC15M-26MAY101415-15 side=yes reason=exchange_position_without_local_state trigger=11 top_of_book=11 book=[11:570, 12:216.16, 13:2630.87, 14:71.45, 15:521] trust=synced
2026-05-10 14:10:36,836 | INFO | Execution state | market=KXBTC15M-26MAY101415-15 side=yes state=abandoned reason=exchange_position_without_local_state trust=synced run_id=701eafae-120a-4218-b788-4c52dba4504e
2026-05-10 14:10:36,843 | INFO | Mushroom v28 entry approved | market=KXBTC15M-26MAY101415-15 side=yes ask=11c max_buy=11c qty=2 p_side=0.1457 edge=3.571c depth=570 btc_age_ms=1094.0 secs_to_close=263.16
2026-05-10 14:10:36,858 | INFO | Execution state | market=KXBTC15M-26MAY101415-15 side=yes state=eligible reason=pre_filters_disabled trust=synced run_id=701eafae-120a-4218-b788-4c52dba4504e
2026-05-10 14:10:36,858 | INFO | Execution deferred | market=KXBTC15M-26MAY101415-15 side=yes reason=exchange_position_without_local_state trigger=11 top_of_book=11 book=[11:570, 12:105.16, 13:2630.87, 14:71.45, 15:521] trust=synced
2026-05-10 14:10:36,860 | INFO | Execution state | market=KXBTC15M-26MAY101415-15 side=yes state=abandoned reason=exchange_position_without_local_state trust=synced run_id=701eafae-120a-4218-b788-4c52dba4504e
2026-05-10 14:10:36,861 | INFO | Mushroom v28 entry approved | market=KXBTC15M-26MAY101415-15 side=yes ask=11c max_buy=11c qty=2 p_side=0.1457 edge=3.571c depth=570 btc_age_ms=1125.0 secs_to_close=263.14
2026-05-10 14:10:36,876 | INFO | Execution state | market=KXBTC15M-26MAY101415-15 side=yes state=eligible reason=pre_filters_disabled trust=synced run_id=701eafae-120a-4218-b788-4c52dba4504e
2026-05-10 14:10:36,876 | INFO | Execution deferred | market=KXBTC15M-26MAY101415-15 side=yes reason=exchange_position_without_local_state trigger=11 top_of_book=11 book=[11:570, 12:105.16, 13:2630.87, 14:71.45, 15:521] trust=synced
2026-05-10 14:10:36,877 | INFO | Execution state | market=KXBTC15M-26MAY101415-15 side=yes state=abandoned reason=exchange_position_without_local_state trust=synced run_id=701eafae-120a-4218-b788-4c52dba4504e
2026-05-10 14:10:36,881 | INFO | Mushroom v28 entry approved | market=KXBTC15M-26MAY101415-15 side=yes ask=11c max_buy=11c qty=2 p_side=0.1457 edge=3.571c depth=570 btc_age_ms=1141.0 secs_to_close=263.12
2026-05-10 14:10:36,896 | INFO | Execution state | market=KXBTC15M-26MAY101415-15 side=yes state=eligible reason=pre_filters_disabled trust=synced run_id=701eafae-120a-4218-b788-4c52dba4504e
2026-05-10 14:10:36,896 | INFO | Execution deferred | market=KXBTC15M-26MAY101415-15 side=yes reason=exchange_position_without_local_state trigger=11 top_of_book=11 book=[11:570, 12:2767.03, 13:80, 14:512.45, 15:80] trust=synced
2026-05-10 14:10:36,896 | INFO | Execution state | market=KXBTC15M-26MAY101415-15 side=yes state=abandoned reason=exchange_position_without_local_state trust=synced run_id=701eafae-120a-4218-b788-4c52dba4504e
2026-05-10 14:10:36,900 | INFO | Mushroom v28 entry approved | market=KXBTC15M-26MAY101415-15 side=yes ask=11c max_buy=11c qty=2 p_side=0.1457 edge=3.570c depth=620 btc_age_ms=1156.0 secs_to_close=263.10
2026-05-10 14:10:36,914 | INFO | Execution state | market=KXBTC15M-26MAY101415-15 side=yes state=eligible reason=pre_filters_disabled trust=synced run_id=701eafae-120a-4218-b788-4c52dba4504e
2026-05-10 14:10:36,914 | INFO | Execution deferred | market=KXBTC15M-26MAY101415-15 side=yes reason=exchange_position_without_local_state trigger=11 top_of_book=11 book=[11:620, 12:2767.03, 13:121, 14:471.45, 15:80] trust=synced
2026-05-10 14:10:36,916 | INFO | Execution state | market=KXBTC15M-26MAY101415-15 side=yes state=abandoned reason=exchange_position_without_local_state trust=synced run_id=701eafae-120a-4218-b788-4c52dba4504e
2026-05-10 14:10:36,920 | INFO | Mushroom v28 entry approved | market=KXBTC15M-26MAY101415-15 side=yes ask=11c max_buy=11c qty=2 p_side=0.1457 edge=3.570c depth=620 btc_age_ms=1187.0 secs_to_close=263.08
2026-05-10 14:10:36,935 | INFO | Execution state | market=KXBTC15M-26MAY101415-15 side=yes state=eligible reason=pre_filters_disabled trust=synced run_id=701eafae-120a-4218-b788-4c52dba4504e
2026-05-10 14:10:36,936 | INFO | Execution deferred | market=KXBTC15M-26MAY101415-15 side=yes reason=exchange_position_without_local_state trigger=11 top_of_book=11 book=[11:620, 12:2767.03, 13:121, 14:471.45, 15:80] trust=synced
2026-05-10 14:10:36,936 | INFO | Execution state | market=KXBTC15M-26MAY101415-15 side=yes state=abandoned reason=exchange_position_without_local_state trust=synced run_id=701eafae-120a-4218-b788-4c52dba4504e
2026-05-10 14:10:36,941 | INFO | Mushroom v28 entry approved | market=KXBTC15M-26MAY101415-15 side=yes ask=11c max_buy=11c qty=2 p_side=0.1457 edge=3.570c depth=630 btc_age_ms=1203.0 secs_to_close=263.06
2026-05-10 14:10:36,954 | INFO | Execution state | market=KXBTC15M-26MAY101415-15 side=yes state=eligible reason=pre_filters_disabled trust=synced run_id=701eafae-120a-4218-b788-4c52dba4504e
2026-05-10 14:10:36,956 | INFO | Execution deferred | market=KXBTC15M-26MAY101415-15 side=yes reason=exchange_position_without_local_state trigger=11 top_of_book=11 book=[11:630, 12:2757.03, 13:121, 14:471.45, 15:80] trust=synced
2026-05-10 14:10:36,958 | INFO | Execution state | market=KXBTC15M-26MAY101415-15 side=yes state=abandoned reason=exchange_position_without_local_state trust=synced run_id=701eafae-120a-4218-b788-4c52dba4504e
2026-05-10 14:10:36,963 | INFO | Mushroom v28 entry approved | market=KXBTC15M-26MAY101415-15 side=yes ask=11c max_buy=11c qty=2 p_side=0.1457 edge=3.569c depth=630 btc_age_ms=1219.0 secs_to_close=263.04
2026-05-10 14:10:36,978 | INFO | Execution state | market=KXBTC15M-26MAY101415-15 side=yes state=eligible reason=pre_filters_disabled trust=synced run_id=701eafae-120a-4218-b788-4c52dba4504e
2026-05-10 14:10:36,978 | INFO | Execution deferred | market=KXBTC15M-26MAY101415-15 side=yes reason=exchange_position_without_local_state trigger=11 top_of_book=11 book=[11:630, 12:2754.03, 13:121, 14:471.45, 15:80] trust=synced
2026-05-10 14:10:36,978 | INFO | Execution state | market=KXBTC15M-26MAY101415-15 side=yes state=abandoned reason=exchange_position_without_local_state trust=synced run_id=701eafae-120a-4218-b788-4c52dba4504e
2026-05-10 14:10:36,982 | INFO | Mushroom v28 entry approved | market=KXBTC15M-26MAY101415-15 side=yes ask=11c max_buy=11c qty=2 p_side=0.1457 edge=3.569c depth=630 btc_age_ms=1234.0 secs_to_close=263.02
2026-05-10 14:10:36,998 | INFO | Execution state | market=KXBTC15M-26MAY101415-15 side=yes state=eligible reason=pre_filters_disabled trust=synced run_id=701eafae-120a-4218-b788-4c52dba4504e
2026-05-10 14:10:36,998 | INFO | Execution deferred | market=KXBTC15M-26MAY101415-15 side=yes reason=exchange_position_without_local_state trigger=11 top_of_book=11 book=[11:630, 12:2754.03, 13:121, 14:471.45, 15:80] trust=synced
2026-05-10 14:10:36,998 | INFO | Execution state | market=KXBTC15M-26MAY101415-15 side=yes state=abandoned reason=exchange_position_without_local_state trust=synced run_id=701eafae-120a-4218-b788-4c52dba4504e
2026-05-10 14:10:37,003 | INFO | Mushroom v28 entry approved | market=KXBTC15M-26MAY101415-15 side=yes ask=11c max_buy=11c qty=2 p_side=0.1457 edge=3.569c depth=416.06 btc_age_ms=1266.0 secs_to_close=263.00
2026-05-10 14:10:37,017 | INFO | Execution state | market=KXBTC15M-26MAY101415-15 side=yes state=eligible reason=pre_filters_disabled trust=synced run_id=701eafae-120a-4218-b788-4c52dba4504e
2026-05-10 14:10:37,017 | INFO | Execution deferred | market=KXBTC15M-26MAY101415-15 side=yes reason=exchange_position_without_local_state trigger=11 top_of_book=11 book=[11:416.06, 12:2754.03, 13:121, 14:471.45, 15:80] trust=synced
2026-05-10 14:10:37,017 | INFO | Execution state | market=KXBTC15M-26MAY101415-15 side=yes state=abandoned reason=exchange_position_without_local_state trust=synced run_id=701eafae-120a-4218-b788-4c52dba4504e
2026-05-10 14:10:37,023 | INFO | Mushroom v28 entry approved | market=KXBTC15M-26MAY101415-15 side=yes ask=11c max_buy=11c qty=2 p_side=0.1457 edge=3.569c depth=406.06 btc_age_ms=1281.0 secs_to_close=262.98
2026-05-10 14:10:37,034 | INFO | Execution state | market=KXBTC15M-26MAY101415-15 side=yes state=eligible reason=pre_filters_disabled trust=synced run_id=701eafae-120a-4218-b788-4c52dba4504e
2026-05-10 14:10:37,038 | INFO | Execution deferred | market=KXBTC15M-26MAY101415-15 side=yes reason=exchange_position_without_local_state trigger=11 top_of_book=11 book=[11:406.06, 12:2764.03, 13:121, 14:471.45, 15:80] trust=synced
2026-05-10 14:10:37,038 | INFO | Execution state | market=KXBTC15M-26MAY101415-15 side=yes state=abandoned reason=exchange_position_without_local_state trust=synced run_id=701eafae-120a-4218-b788-4c52dba4504e
2026-05-10 14:10:37,042 | INFO | Mushroom v28 entry approved | market=KXBTC15M-26MAY101415-15 side=yes ask=11c max_buy=11c qty=2 p_side=0.1457 edge=3.568c depth=406.06 btc_age_ms=1297.0 secs_to_close=262.96
2026-05-10 14:10:37,052 | INFO | Execution state | market=KXBTC15M-26MAY101415-15 side=yes state=eligible reason=pre_filters_disabled trust=synced run_id=701eafae-120a-4218-b788-4c52dba4504e
2026-05-10 14:10:37,052 | INFO | Execution deferred | market=KXBTC15M-26MAY101415-15 side=yes reason=exchange_position_without_local_state trigger=11 top_of_book=11 book=[11:406.06, 12:2764.03, 13:521, 14:71.45, 15:80] trust=synced
2026-05-10 14:10:37,052 | INFO | Execution state | market=KXBTC15M-26MAY101415-15 side=yes state=abandoned reason=exchange_position_without_local_state trust=synced run_id=701eafae-120a-4218-b788-4c52dba4504e
2026-05-10 14:10:37,060 | INFO | Mushroom v28 entry approved | market=KXBTC15M-26MAY101415-15 side=yes ask=11c max_buy=11c qty=2 p_side=0.1457 edge=3.568c depth=406.06 btc_age_ms=1312.0 secs_to_close=262.95
2026-05-10 14:10:37,067 | INFO | Execution state | market=KXBTC15M-26MAY101415-15 side=yes state=eligible reason=pre_filters_disabled trust=synced run_id=701eafae-120a-4218-b788-4c52dba4504e
2026-05-10 14:10:37,067 | INFO | Execution deferred | market=KXBTC15M-26MAY101415-15 side=yes reason=exchange_position_without_local_state trigger=11 top_of_book=11 book=[11:406.06, 12:2775.03, 13:521, 14:71.45, 15:80] trust=synced
2026-05-10 14:10:37,067 | INFO | Execution state | market=KXBTC15M-26MAY101415-15 side=yes state=abandoned reason=exchange_position_without_local_state trust=synced run_id=701eafae-120a-4218-b788-4c52dba4504e
2026-05-10 14:10:37,076 | INFO | Mushroom v28 entry approved | market=KXBTC15M-26MAY101415-15 side=yes ask=11c max_buy=11c qty=2 p_side=0.1457 edge=3.568c depth=406.06 btc_age_ms=1344.0 secs_to_close=262.93
2026-05-10 14:10:37,090 | INFO | Execution state | market=KXBTC15M-26MAY101415-15 side=yes state=eligible reason=pre_filters_disabled trust=synced run_id=701eafae-120a-4218-b788-4c52dba4504e
2026-05-10 14:10:37,091 | INFO | Execution deferred | market=KXBTC15M-26MAY101415-15 side=yes reason=exchange_position_without_local_state trigger=11 top_of_book=11 book=[11:406.06, 12:2775.03, 13:521, 14:71.45, 15:80] trust=synced
2026-05-10 14:10:37,091 | INFO | Execution state | market=KXBTC15M-26MAY101415-15 side=yes state=abandoned reason=exchange_position_without_local_state trust=synced run_id=701eafae-120a-4218-b788-4c52dba4504e
2026-05-10 14:10:37,095 | INFO | Mushroom v28 entry approved | market=KXBTC15M-26MAY101415-15 side=yes ask=11c max_buy=11c qty=2 p_side=0.1457 edge=3.568c depth=418.06 btc_age_ms=1359.0 secs_to_close=262.91
2026-05-10 14:10:37,109 | INFO | Execution state | market=KXBTC15M-26MAY101415-15 side=yes state=eligible reason=pre_filters_disabled trust=synced run_id=701eafae-120a-4218-b788-4c52dba4504e
2026-05-10 14:10:37,109 | INFO | Execution deferred | market=KXBTC15M-26MAY101415-15 side=yes reason=exchange_position_without_local_state trigger=11 top_of_book=11 book=[11:418.06, 12:2744.03, 13:521, 14:71.45, 15:80] trust=synced
2026-05-10 14:10:37,109 | INFO | Execution state | market=KXBTC15M-26MAY101415-15 side=yes state=abandoned reason=exchange_position_without_local_state trust=synced run_id=701eafae-120a-4218-b788-4c52dba4504e
2026-05-10 14:10:37,115 | INFO | Mushroom v28 entry approved | market=KXBTC15M-26MAY101415-15 side=yes ask=11c max_buy=11c qty=2 p_side=0.1457 edge=3.567c depth=418.06 btc_age_ms=1375.0 secs_to_close=262.89
2026-05-10 14:10:37,127 | INFO | Execution state | market=KXBTC15M-26MAY101415-15 side=yes state=eligible reason=pre_filters_disabled trust=synced run_id=701eafae-120a-4218-b788-4c52dba4504e
2026-05-10 14:10:37,127 | INFO | Execution deferred | market=KXBTC15M-26MAY101415-15 side=yes reason=exchange_position_without_local_state trigger=11 top_of_book=11 book=[11:418.06, 12:2744.03, 13:521, 14:71.45, 15:80] trust=synced
2026-05-10 14:10:37,127 | INFO | Execution state | market=KXBTC15M-26MAY101415-15 side=yes state=abandoned reason=exchange_position_without_local_state trust=synced run_id=701eafae-120a-4218-b788-4c52dba4504e
2026-05-10 14:10:37,131 | INFO | Mushroom v28 entry approved | market=KXBTC15M-26MAY101415-15 side=yes ask=11c max_buy=11c qty=2 p_side=0.1457 edge=3.567c depth=418.06 btc_age_ms=1391.0 secs_to_close=262.87
2026-05-10 14:10:37,146 | INFO | Execution state | market=KXBTC15M-26MAY101415-15 side=yes state=eligible reason=pre_filters_disabled trust=synced run_id=701eafae-120a-4218-b788-4c52dba4504e
2026-05-10 14:10:37,146 | INFO | Execution deferred | market=KXBTC15M-26MAY101415-15 side=yes reason=exchange_position_without_local_state trigger=11 top_of_book=11 book=[11:418.06, 12:2744.03, 13:521, 14:71.45, 15:80] trust=synced
2026-05-10 14:10:37,146 | INFO | Execution state | market=KXBTC15M-26MAY101415-15 side=yes state=abandoned reason=exchange_position_without_local_state trust=synced run_id=701eafae-120a-4218-b788-4c52dba4504e
2026-05-10 14:10:37,151 | INFO | Mushroom v28 entry approved | market=KXBTC15M-26MAY101415-15 side=yes ask=11c max_buy=11c qty=2 p_side=0.1457 edge=3.567c depth=418.06 btc_age_ms=1406.0 secs_to_close=262.85
2026-05-10 14:10:37,165 | INFO | Execution state | market=KXBTC15M-26MAY101415-15 side=yes state=eligible reason=pre_filters_disabled trust=synced run_id=701eafae-120a-4218-b788-4c52dba4504e
2026-05-10 14:10:37,165 | INFO | Execution deferred | market=KXBTC15M-26MAY101415-15 side=yes reason=exchange_position_without_local_state trigger=11 top_of_book=11 book=[11:418.06, 12:2744.03, 13:521, 14:71.45, 15:80] trust=synced
2026-05-10 14:10:37,165 | INFO | Execution state | market=KXBTC15M-26MAY101415-15 side=yes state=abandoned reason=exchange_position_without_local_state trust=synced run_id=701eafae-120a-4218-b788-4c52dba4504e
2026-05-10 14:10:37,168 | INFO | Mushroom v28 entry approved | market=KXBTC15M-26MAY101415-15 side=yes ask=11c max_buy=11c qty=2 p_side=0.1457 edge=3.567c depth=428.06 btc_age_ms=1422.0 secs_to_close=262.83
2026-05-10 14:10:37,181 | INFO | Execution state | market=KXBTC15M-26MAY101415-15 side=yes state=eligible reason=pre_filters_disabled trust=synced run_id=701eafae-120a-4218-b788-4c52dba4504e
2026-05-10 14:10:37,181 | INFO | Execution deferred | market=KXBTC15M-26MAY101415-15 side=yes reason=exchange_position_without_local_state trigger=11 top_of_book=11 book=[11:428.06, 12:2734.03, 13:521, 14:71.45, 15:80] trust=synced
2026-05-10 14:10:37,181 | INFO | Execution state | market=KXBTC15M-26MAY101415-15 side=yes state=abandoned reason=exchange_position_without_local_state trust=synced run_id=701eafae-120a-4218-b788-4c52dba4504e
2026-05-10 14:10:37,181 | INFO | Mushroom v28 entry approved | market=KXBTC15M-26MAY101415-15 side=yes ask=11c max_buy=11c qty=2 p_side=0.1457 edge=3.567c depth=231.82 btc_age_ms=1437.0 secs_to_close=262.82
2026-05-10 14:10:37,198 | INFO | Execution state | market=KXBTC15M-26MAY101415-15 side=yes state=eligible reason=pre_filters_disabled trust=synced run_id=701eafae-120a-4218-b788-4c52dba4504e
2026-05-10 14:10:37,198 | INFO | Execution deferred | market=KXBTC15M-26MAY101415-15 side=yes reason=exchange_position_without_local_state trigger=11 top_of_book=11 book=[11:231.82, 12:2734.03, 13:521, 14:71.45, 15:80] trust=synced
2026-05-10 14:10:37,198 | INFO | Execution state | market=KXBTC15M-26MAY101415-15 side=yes state=abandoned reason=exchange_position_without_local_state trust=synced run_id=701eafae-120a-4218-b788-4c52dba4504e
2026-05-10 14:10:37,205 | INFO | Mushroom v28 entry approved | market=KXBTC15M-26MAY101415-15 side=yes ask=11c max_buy=11c qty=2 p_side=0.1457 edge=3.566c depth=231.82 btc_age_ms=1469.0 secs_to_close=262.79
2026-05-10 14:10:37,222 | INFO | Execution state | market=KXBTC15M-26MAY101415-15 side=yes state=eligible reason=pre_filters_disabled trust=synced run_id=701eafae-120a-4218-b788-4c52dba4504e
2026-05-10 14:10:37,222 | INFO | Execution deferred | market=KXBTC15M-26MAY101415-15 side=yes reason=exchange_position_without_local_state trigger=11 top_of_book=11 book=[11:231.82, 12:2734.03, 13:521, 14:71.45, 15:80] trust=synced
2026-05-10 14:10:37,222 | INFO | Execution state | market=KXBTC15M-26MAY101415-15 side=yes state=abandoned reason=exchange_position_without_local_state trust=synced run_id=701eafae-120a-4218-b788-4c52dba4504e
2026-05-10 14:10:37,226 | INFO | Mushroom v28 entry approved | market=KXBTC15M-26MAY101415-15 side=yes ask=11c max_buy=11c qty=2 p_side=0.1457 edge=3.566c depth=231.82 btc_age_ms=1484.0 secs_to_close=262.78
2026-05-10 14:10:37,239 | INFO | Execution state | market=KXBTC15M-26MAY101415-15 side=yes state=eligible reason=pre_filters_disabled trust=synced run_id=701eafae-120a-4218-b788-4c52dba4504e
2026-05-10 14:10:37,239 | INFO | Execution deferred | market=KXBTC15M-26MAY101415-15 side=yes reason=exchange_position_without_local_state trigger=11 top_of_book=11 book=[11:231.82, 12:2734.03, 13:521, 14:71.45, 15:80] trust=synced
2026-05-10 14:10:37,242 | INFO | Execution state | market=KXBTC15M-26MAY101415-15 side=yes state=abandoned reason=exchange_position_without_local_state trust=synced run_id=701eafae-120a-4218-b788-4c52dba4504e
2026-05-10 14:10:37,247 | INFO | Mushroom v28 entry approved | market=KXBTC15M-26MAY101415-15 side=yes ask=11c max_buy=11c qty=2 p_side=0.1457 edge=3.566c depth=231.82 btc_age_ms=1500.0 secs_to_close=262.75
2026-05-10 14:10:37,255 | INFO | Execution state | market=KXBTC15M-26MAY101415-15 side=yes state=eligible reason=pre_filters_disabled trust=synced run_id=701eafae-120a-4218-b788-4c52dba4504e
2026-05-10 14:10:37,255 | INFO | Execution deferred | market=KXBTC15M-26MAY101415-15 side=yes reason=exchange_position_without_local_state trigger=11 top_of_book=11 book=[11:231.82, 12:2734.03, 13:521, 14:71.45, 15:80] trust=synced
2026-05-10 14:10:37,255 | INFO | Execution state | market=KXBTC15M-26MAY101415-15 side=yes state=abandoned reason=exchange_position_without_local_state trust=synced run_id=701eafae-120a-4218-b788-4c52dba4504e
2026-05-10 14:10:37,276 | INFO | Mushroom v28 entry approved | market=KXBTC15M-26MAY101415-15 side=yes ask=11c max_buy=11c qty=2 p_side=0.1457 edge=3.565c depth=231.82 btc_age_ms=1531.0 secs_to_close=262.73
2026-05-10 14:10:37,288 | INFO | Execution state | market=KXBTC15M-26MAY101415-15 side=yes state=eligible reason=pre_filters_disabled trust=synced run_id=701eafae-120a-4218-b788-4c52dba4504e
2026-05-10 14:10:37,292 | INFO | Execution deferred | market=KXBTC15M-26MAY101415-15 side=yes reason=exchange_position_without_local_state trigger=11 top_of_book=11 book=[11:231.82, 12:2734.03, 13:521, 14:71.45, 15:80] trust=synced
2026-05-10 14:10:37,292 | INFO | Execution state | market=KXBTC15M-26MAY101415-15 side=yes state=abandoned reason=exchange_position_without_local_state trust=synced run_id=701eafae-120a-4218-b788-4c52dba4504e
2026-05-10 14:10:37,297 | INFO | Mushroom v28 entry approved | market=KXBTC15M-26MAY101415-15 side=yes ask=11c max_buy=11c qty=2 p_side=0.1457 edge=3.565c depth=181.82 btc_age_ms=1562.0 secs_to_close=262.71
2026-05-10 14:10:37,304 | INFO | Execution state | market=KXBTC15M-26MAY101415-15 side=yes state=eligible reason=pre_filters_disabled trust=synced run_id=701eafae-120a-4218-b788-4c52dba4504e
2026-05-10 14:10:37,304 | INFO | Execution deferred | market=KXBTC15M-26MAY101415-15 side=yes reason=exchange_position_without_local_state trigger=11 top_of_book=11 book=[11:181.82, 12:2734.03, 13:521, 14:71.45, 15:80] trust=synced
2026-05-10 14:10:37,304 | INFO | Execution state | market=KXBTC15M-26MAY101415-15 side=yes state=abandoned reason=exchange_position_without_local_state trust=synced run_id=701eafae-120a-4218-b788-4c52dba4504e
2026-05-10 14:10:37,330 | INFO | Mushroom v28 entry approved | market=KXBTC15M-26MAY101415-15 side=yes ask=11c max_buy=11c qty=2 p_side=0.1456 edge=3.565c depth=181.82 btc_age_ms=1594.0 secs_to_close=262.67
2026-05-10 14:10:37,346 | INFO | Execution state | market=KXBTC15M-26MAY101415-15 side=yes state=eligible reason=pre_filters_disabled trust=synced run_id=701eafae-120a-4218-b788-4c52dba4504e
2026-05-10 14:10:37,346 | INFO | Execution deferred | market=KXBTC15M-26MAY101415-15 side=yes reason=exchange_position_without_local_state trigger=11 top_of_book=11 book=[11:181.82, 12:2734.03, 13:521, 14:71.45, 15:81] trust=synced
2026-05-10 14:10:37,346 | INFO | Execution state | market=KXBTC15M-26MAY101415-15 side=yes state=abandoned reason=exchange_position_without_local_state trust=synced run_id=701eafae-120a-4218-b788-4c52dba4504e
2026-05-10 14:10:37,354 | INFO | Mushroom v28 entry approved | market=KXBTC15M-26MAY101415-15 side=yes ask=11c max_buy=11c qty=2 p_side=0.1456 edge=3.564c depth=181.82 btc_age_ms=1609.0 secs_to_close=262.65
2026-05-10 14:10:37,370 | INFO | Execution state | market=KXBTC15M-26MAY101415-15 side=yes state=eligible reason=pre_filters_disabled trust=synced run_id=701eafae-120a-4218-b788-4c52dba4504e
2026-05-10 14:10:37,370 | INFO | Execution deferred | market=KXBTC15M-26MAY101415-15 side=yes reason=exchange_position_without_local_state trigger=11 top_of_book=11 book=[11:181.82, 12:2734.03, 13:521, 14:71.45, 15:81] trust=synced
2026-05-10 14:10:37,370 | INFO | Execution state | market=KXBTC15M-26MAY101415-15 side=yes state=abandoned reason=exchange_position_without_local_state trust=synced run_id=701eafae-120a-4218-b788-4c52dba4504e
2026-05-10 14:10:37,377 | INFO | Mushroom v28 entry approved | market=KXBTC15M-26MAY101415-15 side=yes ask=11c max_buy=11c qty=2 p_side=0.1456 edge=3.564c depth=181.82 btc_age_ms=1625.0 secs_to_close=262.63
2026-05-10 14:10:37,387 | INFO | Execution state | market=KXBTC15M-26MAY101415-15 side=yes state=eligible reason=pre_filters_disabled trust=synced run_id=701eafae-120a-4218-b788-4c52dba4504e
2026-05-10 14:10:37,387 | INFO | Execution deferred | market=KXBTC15M-26MAY101415-15 side=yes reason=exchange_position_without_local_state trigger=11 top_of_book=11 book=[11:181.82, 12:2734.03, 13:521, 14:71.45, 15:81] trust=synced
2026-05-10 14:10:37,387 | INFO | Execution state | market=KXBTC15M-26MAY101415-15 side=yes state=abandoned reason=exchange_position_without_local_state trust=synced run_id=701eafae-120a-4218-b788-4c52dba4504e
2026-05-10 14:10:37,395 | INFO | Mushroom v28 entry approved | market=KXBTC15M-26MAY101415-15 side=yes ask=11c max_buy=11c qty=2 p_side=0.1456 edge=3.564c depth=231.32 btc_age_ms=1656.0 secs_to_close=262.61
2026-05-10 14:10:37,409 | INFO | Execution state | market=KXBTC15M-26MAY101415-15 side=yes state=eligible reason=pre_filters_disabled trust=synced run_id=701eafae-120a-4218-b788-4c52dba4504e
2026-05-10 14:10:37,411 | INFO | Execution deferred | market=KXBTC15M-26MAY101415-15 side=yes reason=exchange_position_without_local_state trigger=11 top_of_book=11 book=[11:231.32, 12:2734.03, 13:521, 14:71.45, 15:81] trust=synced
2026-05-10 14:10:37,411 | INFO | Execution state | market=KXBTC15M-26MAY101415-15 side=yes state=abandoned reason=exchange_position_without_local_state trust=synced run_id=701eafae-120a-4218-b788-4c52dba4504e
2026-05-10 14:10:37,419 | INFO | Mushroom v28 entry approved | market=KXBTC15M-26MAY101415-15 side=yes ask=11c max_buy=11c qty=2 p_side=0.1456 edge=3.563c depth=231.32 btc_age_ms=1687.0 secs_to_close=262.58
2026-05-10 14:10:37,436 | INFO | Execution state | market=KXBTC15M-26MAY101415-15 side=yes state=eligible reason=pre_filters_disabled trust=synced run_id=701eafae-120a-4218-b788-4c52dba4504e
2026-05-10 14:10:37,436 | INFO | Execution deferred | market=KXBTC15M-26MAY101415-15 side=yes reason=exchange_position_without_local_state trigger=11 top_of_book=11 book=[11:231.32, 12:2734.03, 13:521, 14:71.45, 15:81] trust=synced
2026-05-10 14:10:37,436 | INFO | Execution state | market=KXBTC15M-26MAY101415-15 side=yes state=abandoned reason=exchange_position_without_local_state trust=synced run_id=701eafae-120a-4218-b788-4c52dba4504e
2026-05-10 14:10:37,445 | INFO | Mushroom v28 entry approved | market=KXBTC15M-26MAY101415-15 side=yes ask=11c max_buy=11c qty=2 p_side=0.1456 edge=3.563c depth=231.32 btc_age_ms=1703.0 secs_to_close=262.56
2026-05-10 14:10:37,458 | INFO | Execution state | market=KXBTC15M-26MAY101415-15 side=yes state=eligible reason=pre_filters_disabled trust=synced run_id=701eafae-120a-4218-b788-4c52dba4504e
2026-05-10 14:10:37,460 | INFO | Execution deferred | market=KXBTC15M-26MAY101415-15 side=yes reason=exchange_position_without_local_state trigger=11 top_of_book=11 book=[11:231.32, 12:2734.03, 13:521, 14:71.45, 15:81] trust=synced
2026-05-10 14:10:37,461 | INFO | Execution state | market=KXBTC15M-26MAY101415-15 side=yes state=abandoned reason=exchange_position_without_local_state trust=synced run_id=701eafae-120a-4218-b788-4c52dba4504e
2026-05-10 14:10:37,477 | INFO | Mushroom v28 entry approved | market=KXBTC15M-26MAY101415-15 side=yes ask=11c max_buy=11c qty=2 p_side=0.1456 edge=3.563c depth=231.32 btc_age_ms=1734.0 secs_to_close=262.52
2026-05-10 14:10:37,493 | INFO | Execution state | market=KXBTC15M-26MAY101415-15 side=yes state=eligible reason=pre_filters_disabled trust=synced run_id=701eafae-120a-4218-b788-4c52dba4504e
2026-05-10 14:10:37,495 | INFO | Execution deferred | market=KXBTC15M-26MAY101415-15 side=yes reason=exchange_position_without_local_state trigger=11 top_of_book=11 book=[11:231.32, 12:2734.03, 13:521, 14:71.45, 15:81] trust=synced
2026-05-10 14:10:37,495 | INFO | Execution state | market=KXBTC15M-26MAY101415-15 side=yes state=abandoned reason=exchange_position_without_local_state trust=synced run_id=701eafae-120a-4218-b788-4c52dba4504e
2026-05-10 14:10:37,499 | INFO | Mushroom v28 entry approved | market=KXBTC15M-26MAY101415-15 side=yes ask=11c max_buy=11c qty=2 p_side=0.1456 edge=3.562c depth=231.32 btc_age_ms=1766.0 secs_to_close=262.50
2026-05-10 14:10:37,512 | INFO | Execution state | market=KXBTC15M-26MAY101415-15 side=yes state=eligible reason=pre_filters_disabled trust=synced run_id=701eafae-120a-4218-b788-4c52dba4504e
2026-05-10 14:10:37,512 | INFO | Execution deferred | market=KXBTC15M-26MAY101415-15 side=yes reason=exchange_position_without_local_state trigger=11 top_of_book=11 book=[11:231.32, 12:2734.03, 13:521, 14:71.45, 15:81] trust=synced
2026-05-10 14:10:37,512 | INFO | Execution state | market=KXBTC15M-26MAY101415-15 side=yes state=abandoned reason=exchange_position_without_local_state trust=synced run_id=701eafae-120a-4218-b788-4c52dba4504e
2026-05-10 14:10:37,519 | INFO | Mushroom v28 entry approved | market=KXBTC15M-26MAY101415-15 side=yes ask=11c max_buy=11c qty=2 p_side=0.1456 edge=3.562c depth=231.32 btc_age_ms=1781.0 secs_to_close=262.49
2026-05-10 14:10:37,530 | INFO | Execution state | market=KXBTC15M-26MAY101415-15 side=yes state=eligible reason=pre_filters_disabled trust=synced run_id=701eafae-120a-4218-b788-4c52dba4504e
2026-05-10 14:10:37,530 | INFO | Execution deferred | market=KXBTC15M-26MAY101415-15 side=yes reason=exchange_position_without_local_state trigger=11 top_of_book=11 book=[11:231.32, 12:2734.03, 13:521, 14:71.45, 15:81] trust=synced
2026-05-10 14:10:37,534 | INFO | Execution state | market=KXBTC15M-26MAY101415-15 side=yes state=abandoned reason=exchange_position_without_local_state trust=synced run_id=701eafae-120a-4218-b788-4c52dba4504e
2026-05-10 14:10:37,543 | INFO | Mushroom v28 entry approved | market=KXBTC15M-26MAY101415-15 side=yes ask=11c max_buy=11c qty=2 p_side=0.1456 edge=3.562c depth=231.32 btc_age_ms=1797.0 secs_to_close=262.46
2026-05-10 14:10:37,553 | INFO | Execution state | market=KXBTC15M-26MAY101415-15 side=yes state=eligible reason=pre_filters_disabled trust=synced run_id=701eafae-120a-4218-b788-4c52dba4504e
2026-05-10 14:10:37,555 | INFO | Execution deferred | market=KXBTC15M-26MAY101415-15 side=yes reason=exchange_position_without_local_state trigger=11 top_of_book=11 book=[11:231.32, 12:2734.03, 13:521, 14:71.45, 15:81] trust=synced
2026-05-10 14:10:37,555 | INFO | Execution state | market=KXBTC15M-26MAY101415-15 side=yes state=abandoned reason=exchange_position_without_local_state trust=synced run_id=701eafae-120a-4218-b788-4c52dba4504e
2026-05-10 14:10:37,561 | INFO | Mushroom v28 entry approved | market=KXBTC15M-26MAY101415-15 side=yes ask=11c max_buy=11c qty=2 p_side=0.1456 edge=3.561c depth=231.32 btc_age_ms=1812.0 secs_to_close=262.44
2026-05-10 14:10:37,573 | INFO | Execution state | market=KXBTC15M-26MAY101415-15 side=yes state=eligible reason=pre_filters_disabled trust=synced run_id=701eafae-120a-4218-b788-4c52dba4504e
2026-05-10 14:10:37,575 | INFO | Execution deferred | market=KXBTC15M-26MAY101415-15 side=yes reason=exchange_position_without_local_state trigger=11 top_of_book=11 book=[11:231.32, 12:2734.03, 13:521, 14:71.45, 15:81] trust=synced
2026-05-10 14:10:37,575 | INFO | Execution state | market=KXBTC15M-26MAY101415-15 side=yes state=abandoned reason=exchange_position_without_local_state trust=synced run_id=701eafae-120a-4218-b788-4c52dba4504e
2026-05-10 14:10:37,793 | INFO | Mushroom v28 entry approved | market=KXBTC15M-26MAY101415-15 side=yes ask=11c max_buy=11c qty=2 p_side=0.1456 edge=3.558c depth=82.72 btc_age_ms=156.0 secs_to_close=262.21
2026-05-10 14:10:37,819 | INFO | Execution state | market=KXBTC15M-26MAY101415-15 side=yes state=eligible reason=pre_filters_disabled trust=synced run_id=701eafae-120a-4218-b788-4c52dba4504e
2026-05-10 14:10:37,825 | INFO | Execution deferred | market=KXBTC15M-26MAY101415-15 side=yes reason=exchange_position_without_local_state trigger=11 top_of_book=11 book=[11:82.72, 12:2734.03, 13:521, 14:71.45, 15:81] trust=synced
2026-05-10 14:10:37,825 | INFO | Execution state | market=KXBTC15M-26MAY101415-15 side=yes state=abandoned reason=exchange_position_without_local_state trust=synced run_id=701eafae-120a-4218-b788-4c52dba4504e
2026-05-10 14:10:37,831 | INFO | Mushroom v28 entry approved | market=KXBTC15M-26MAY101415-15 side=yes ask=11c max_buy=11c qty=2 p_side=0.1456 edge=3.558c depth=82.72 btc_age_ms=188.0 secs_to_close=262.17
2026-05-10 14:10:37,843 | INFO | Execution state | market=KXBTC15M-26MAY101415-15 side=yes state=eligible reason=pre_filters_disabled trust=synced run_id=701eafae-120a-4218-b788-4c52dba4504e
2026-05-10 14:10:37,845 | INFO | Execution deferred | market=KXBTC15M-26MAY101415-15 side=yes reason=exchange_position_without_local_state trigger=11 top_of_book=11 book=[11:82.72, 12:2734.03, 13:521, 14:71.45, 15:81] trust=synced
2026-05-10 14:10:37,845 | INFO | Execution state | market=KXBTC15M-26MAY101415-15 side=yes state=abandoned reason=exchange_position_without_local_state trust=synced run_id=701eafae-120a-4218-b788-4c52dba4504e
2026-05-10 14:10:37,850 | INFO | Mushroom v28 entry approved | market=KXBTC15M-26MAY101415-15 side=yes ask=11c max_buy=11c qty=2 p_side=0.1456 edge=3.558c depth=63.72 btc_age_ms=203.0 secs_to_close=262.15
2026-05-10 14:10:37,864 | INFO | Execution state | market=KXBTC15M-26MAY101415-15 side=yes state=eligible reason=pre_filters_disabled trust=synced run_id=701eafae-120a-4218-b788-4c52dba4504e
2026-05-10 14:10:37,865 | INFO | Execution deferred | market=KXBTC15M-26MAY101415-15 side=yes reason=exchange_position_without_local_state trigger=11 top_of_book=11 book=[11:63.72, 12:2765.03, 13:121, 14:471.45, 15:81] trust=synced
2026-05-10 14:10:37,865 | INFO | Execution state | market=KXBTC15M-26MAY101415-15 side=yes state=abandoned reason=exchange_position_without_local_state trust=synced run_id=701eafae-120a-4218-b788-4c52dba4504e
2026-05-10 14:10:37,872 | INFO | Mushroom v28 entry approved | market=KXBTC15M-26MAY101415-15 side=yes ask=11c max_buy=11c qty=2 p_side=0.1456 edge=3.557c depth=563.72 btc_age_ms=219.0 secs_to_close=262.13
2026-05-10 14:10:37,887 | INFO | Execution state | market=KXBTC15M-26MAY101415-15 side=yes state=eligible reason=pre_filters_disabled trust=synced run_id=701eafae-120a-4218-b788-4c52dba4504e
2026-05-10 14:10:37,890 | INFO | Execution deferred | market=KXBTC15M-26MAY101415-15 side=yes reason=exchange_position_without_local_state trigger=11 top_of_book=11 book=[11:563.72, 12:2765.03, 13:121, 14:471.45, 15:81] trust=synced
2026-05-10 14:10:37,890 | INFO | Execution state | market=KXBTC15M-26MAY101415-15 side=yes state=abandoned reason=exchange_position_without_local_state trust=synced run_id=701eafae-120a-4218-b788-4c52dba4504e
2026-05-10 14:10:37,895 | INFO | Mushroom v28 entry approved | market=KXBTC15M-26MAY101415-15 side=yes ask=11c max_buy=11c qty=2 p_side=0.1456 edge=3.557c depth=563.72 btc_age_ms=250.0 secs_to_close=262.11
2026-05-10 14:10:37,906 | INFO | Execution state | market=KXBTC15M-26MAY101415-15 side=yes state=eligible reason=pre_filters_disabled trust=synced run_id=701eafae-120a-4218-b788-4c52dba4504e
2026-05-10 14:10:37,908 | INFO | Execution deferred | market=KXBTC15M-26MAY101415-15 side=yes reason=exchange_position_without_local_state trigger=11 top_of_book=11 book=[11:563.72, 12:2765.03, 13:121, 14:471.45, 15:81] trust=synced
2026-05-10 14:10:37,908 | INFO | Execution state | market=KXBTC15M-26MAY101415-15 side=yes state=abandoned reason=exchange_position_without_local_state trust=synced run_id=701eafae-120a-4218-b788-4c52dba4504e
2026-05-10 14:10:37,922 | INFO | Mushroom v28 entry approved | market=KXBTC15M-26MAY101415-15 side=yes ask=11c max_buy=11c qty=2 p_side=0.1456 edge=3.557c depth=563.72 btc_age_ms=281.0 secs_to_close=262.08
2026-05-10 14:10:37,936 | INFO | Execution state | market=KXBTC15M-26MAY101415-15 side=yes state=eligible reason=pre_filters_disabled trust=synced run_id=701eafae-120a-4218-b788-4c52dba4504e
2026-05-10 14:10:37,936 | INFO | Execution deferred | market=KXBTC15M-26MAY101415-15 side=yes reason=exchange_position_without_local_state trigger=11 top_of_book=11 book=[11:563.72, 12:2765.03, 13:121, 14:471.45, 15:81] trust=synced
2026-05-10 14:10:37,938 | INFO | Execution state | market=KXBTC15M-26MAY101415-15 side=yes state=abandoned reason=exchange_position_without_local_state trust=synced run_id=701eafae-120a-4218-b788-4c52dba4504e
2026-05-10 14:10:38,011 | INFO | Mushroom v28 entry approved | market=KXBTC15M-26MAY101415-15 side=yes ask=11c max_buy=11c qty=2 p_side=0.1456 edge=3.556c depth=563.72 btc_age_ms=360.0 secs_to_close=262.00
2026-05-10 14:10:38,027 | INFO | Execution state | market=KXBTC15M-26MAY101415-15 side=yes state=eligible reason=pre_filters_disabled trust=synced run_id=701eafae-120a-4218-b788-4c52dba4504e
2026-05-10 14:10:38,027 | INFO | Execution deferred | market=KXBTC15M-26MAY101415-15 side=yes reason=exchange_position_without_local_state trigger=11 top_of_book=11 book=[11:563.72, 12:2765.03, 13:121, 14:471.45, 15:81] trust=synced
2026-05-10 14:10:38,029 | INFO | Execution state | market=KXBTC15M-26MAY101415-15 side=yes state=abandoned reason=exchange_position_without_local_state trust=synced run_id=701eafae-120a-4218-b788-4c52dba4504e
2026-05-10 14:10:38,094 | INFO | Mushroom v28 entry approved | market=KXBTC15M-26MAY101415-15 side=yes ask=11c max_buy=11c qty=2 p_side=0.1455 edge=3.554c depth=563.72 btc_age_ms=438.0 secs_to_close=261.91
2026-05-10 14:10:38,109 | INFO | Execution state | market=KXBTC15M-26MAY101415-15 side=yes state=eligible reason=pre_filters_disabled trust=synced run_id=701eafae-120a-4218-b788-4c52dba4504e
2026-05-10 14:10:38,111 | INFO | Execution deferred | market=KXBTC15M-26MAY101415-15 side=yes reason=exchange_position_without_local_state trigger=11 top_of_book=11 book=[11:563.72, 12:2765.03, 13:121, 14:471.45, 15:81] trust=synced
2026-05-10 14:10:38,111 | INFO | Execution state | market=KXBTC15M-26MAY101415-15 side=yes state=abandoned reason=exchange_position_without_local_state trust=synced run_id=701eafae-120a-4218-b788-4c52dba4504e
2026-05-10 14:10:38,165 | INFO | Mushroom v28 entry approved | market=KXBTC15M-26MAY101415-15 side=yes ask=11c max_buy=11c qty=2 p_side=0.1455 edge=3.553c depth=563.72 btc_age_ms=516.0 secs_to_close=261.84
2026-05-10 14:10:38,182 | INFO | Execution state | market=KXBTC15M-26MAY101415-15 side=yes state=eligible reason=pre_filters_disabled trust=synced run_id=701eafae-120a-4218-b788-4c52dba4504e
2026-05-10 14:10:38,182 | INFO | Execution deferred | market=KXBTC15M-26MAY101415-15 side=yes reason=exchange_position_without_local_state trigger=11 top_of_book=11 book=[11:563.72, 12:2765.03, 13:121, 14:471.45, 15:81] trust=synced
2026-05-10 14:10:38,182 | INFO | Execution state | market=KXBTC15M-26MAY101415-15 side=yes state=abandoned reason=exchange_position_without_local_state trust=synced run_id=701eafae-120a-4218-b788-4c52dba4504e
2026-05-10 14:10:38,242 | INFO | Mushroom v28 entry approved | market=KXBTC15M-26MAY101415-15 side=yes ask=11c max_buy=11c qty=2 p_side=0.1455 edge=3.552c depth=563.72 btc_age_ms=594.0 secs_to_close=261.76
2026-05-10 14:10:38,254 | INFO | Execution state | market=KXBTC15M-26MAY101415-15 side=yes state=eligible reason=pre_filters_disabled trust=synced run_id=701eafae-120a-4218-b788-4c52dba4504e
2026-05-10 14:10:38,254 | INFO | Execution deferred | market=KXBTC15M-26MAY101415-15 side=yes reason=exchange_position_without_local_state trigger=11 top_of_book=11 book=[11:563.72, 12:2765.03, 13:121, 14:471.45, 15:81] trust=synced
2026-05-10 14:10:38,259 | INFO | Execution state | market=KXBTC15M-26MAY101415-15 side=yes state=abandoned reason=exchange_position_without_local_state trust=synced run_id=701eafae-120a-4218-b788-4c52dba4504e
2026-05-10 14:10:38,263 | INFO | Mushroom v28 entry approved | market=KXBTC15M-26MAY101415-15 side=yes ask=11c max_buy=11c qty=2 p_side=0.1455 edge=3.554c depth=576.72 btc_age_ms=0.0 secs_to_close=261.74
2026-05-10 14:10:38,279 | INFO | Execution state | market=KXBTC15M-26MAY101415-15 side=yes state=eligible reason=pre_filters_disabled trust=synced run_id=701eafae-120a-4218-b788-4c52dba4504e
2026-05-10 14:10:38,279 | INFO | Execution deferred | market=KXBTC15M-26MAY101415-15 side=yes reason=exchange_position_without_local_state trigger=11 top_of_book=11 book=[11:576.72, 12:2734.03, 13:121, 14:471.45, 15:81] trust=synced
2026-05-10 14:10:38,279 | INFO | Execution state | market=KXBTC15M-26MAY101415-15 side=yes state=abandoned reason=exchange_position_without_local_state trust=synced run_id=701eafae-120a-4218-b788-4c52dba4504e
2026-05-10 14:10:38,319 | INFO | Mushroom v28 entry approved | market=KXBTC15M-26MAY101415-15 side=yes ask=11c max_buy=11c qty=2 p_side=0.1455 edge=3.553c depth=576.72 btc_age_ms=47.0 secs_to_close=261.68
2026-05-10 14:10:38,336 | INFO | Execution state | market=KXBTC15M-26MAY101415-15 side=yes state=eligible reason=pre_filters_disabled trust=synced run_id=701eafae-120a-4218-b788-4c52dba4504e
2026-05-10 14:10:38,336 | INFO | Execution deferred | market=KXBTC15M-26MAY101415-15 side=yes reason=exchange_position_without_local_state trigger=11 top_of_book=11 book=[11:576.72, 12:2734.03, 13:121, 14:471.45, 15:81] trust=synced
2026-05-10 14:10:38,336 | INFO | Execution state | market=KXBTC15M-26MAY101415-15 side=yes state=abandoned reason=exchange_position_without_local_state trust=synced run_id=701eafae-120a-4218-b788-4c52dba4504e
2026-05-10 14:10:38,352 | INFO | Mushroom v28 entry approved | market=KXBTC15M-26MAY101415-15 side=yes ask=11c max_buy=11c qty=2 p_side=0.1455 edge=3.552c depth=568.17 btc_age_ms=78.0 secs_to_close=261.65
2026-05-10 14:10:38,369 | INFO | Execution state | market=KXBTC15M-26MAY101415-15 side=yes state=eligible reason=pre_filters_disabled trust=synced run_id=701eafae-120a-4218-b788-4c52dba4504e
2026-05-10 14:10:38,369 | INFO | Execution deferred | market=KXBTC15M-26MAY101415-15 side=yes reason=exchange_position_without_local_state trigger=11 top_of_book=11 book=[11:568.17, 12:2734.03, 13:121, 14:471.45, 15:81] trust=synced
2026-05-10 14:10:38,369 | INFO | Execution state | market=KXBTC15M-26MAY101415-15 side=yes state=abandoned reason=exchange_position_without_local_state trust=synced run_id=701eafae-120a-4218-b788-4c52dba4504e
2026-05-10 14:10:38,375 | INFO | Mushroom v28 entry approved | market=KXBTC15M-26MAY101415-15 side=yes ask=11c max_buy=11c qty=2 p_side=0.1455 edge=3.552c depth=453.17 btc_age_ms=110.0 secs_to_close=261.63
2026-05-10 14:10:38,386 | INFO | Execution state | market=KXBTC15M-26MAY101415-15 side=yes state=eligible reason=pre_filters_disabled trust=synced run_id=701eafae-120a-4218-b788-4c52dba4504e
2026-05-10 14:10:38,386 | INFO | Execution deferred | market=KXBTC15M-26MAY101415-15 side=yes reason=exchange_position_without_local_state trigger=11 top_of_book=11 book=[11:453.17, 12:2734.03, 13:121, 14:471.45, 15:81] trust=synced
2026-05-10 14:10:38,388 | INFO | Execution state | market=KXBTC15M-26MAY101415-15 side=yes state=abandoned reason=exchange_position_without_local_state trust=synced run_id=701eafae-120a-4218-b788-4c52dba4504e
2026-05-10 14:10:38,393 | INFO | Mushroom v28 entry approved | market=KXBTC15M-26MAY101415-15 side=yes ask=11c max_buy=11c qty=2 p_side=0.1455 edge=3.552c depth=453.17 btc_age_ms=125.0 secs_to_close=261.61
2026-05-10 14:10:38,404 | INFO | Execution state | market=KXBTC15M-26MAY101415-15 side=yes state=eligible reason=pre_filters_disabled trust=synced run_id=701eafae-120a-4218-b788-4c52dba4504e
2026-05-10 14:10:38,406 | INFO | Execution deferred | market=KXBTC15M-26MAY101415-15 side=yes reason=exchange_position_without_local_state trigger=11 top_of_book=11 book=[11:453.17, 12:2734.03, 13:121, 14:471.45, 15:81] trust=synced
2026-05-10 14:10:38,406 | INFO | Execution state | market=KXBTC15M-26MAY101415-15 side=yes state=abandoned reason=exchange_position_without_local_state trust=synced run_id=701eafae-120a-4218-b788-4c52dba4504e
2026-05-10 14:10:38,419 | INFO | Mushroom v28 entry approved | market=KXBTC15M-26MAY101415-15 side=yes ask=11c max_buy=11c qty=2 p_side=0.1455 edge=3.552c depth=503.17 btc_age_ms=141.0 secs_to_close=261.59
2026-05-10 14:10:38,432 | INFO | Execution state | market=KXBTC15M-26MAY101415-15 side=yes state=eligible reason=pre_filters_disabled trust=synced run_id=701eafae-120a-4218-b788-4c52dba4504e
2026-05-10 14:10:38,432 | INFO | Execution deferred | market=KXBTC15M-26MAY101415-15 side=yes reason=exchange_position_without_local_state trigger=11 top_of_book=11 book=[11:503.17, 12:2734.03, 13:121, 14:471.45, 15:81] trust=synced
2026-05-10 14:10:38,432 | INFO | Execution state | market=KXBTC15M-26MAY101415-15 side=yes state=abandoned reason=exchange_position_without_local_state trust=synced run_id=701eafae-120a-4218-b788-4c52dba4504e
2026-05-10 14:10:38,435 | INFO | Mushroom v28 entry approved | market=KXBTC15M-26MAY101415-15 side=yes ask=11c max_buy=11c qty=2 p_side=0.1455 edge=3.551c depth=503.17 btc_age_ms=172.0 secs_to_close=261.56
2026-05-10 14:10:38,451 | INFO | Execution state | market=KXBTC15M-26MAY101415-15 side=yes state=eligible reason=pre_filters_disabled trust=synced run_id=701eafae-120a-4218-b788-4c52dba4504e
2026-05-10 14:10:38,451 | INFO | Execution deferred | market=KXBTC15M-26MAY101415-15 side=yes reason=exchange_position_without_local_state trigger=11 top_of_book=11 book=[11:503.17, 12:2734.03, 13:121, 14:471.45, 15:80] trust=synced
2026-05-10 14:10:38,451 | INFO | Execution state | market=KXBTC15M-26MAY101415-15 side=yes state=abandoned reason=exchange_position_without_local_state trust=synced run_id=701eafae-120a-4218-b788-4c52dba4504e
2026-05-10 14:10:38,451 | INFO | Mushroom v28 entry approved | market=KXBTC15M-26MAY101415-15 side=yes ask=11c max_buy=11c qty=2 p_side=0.1455 edge=3.551c depth=503.17 btc_age_ms=188.0 secs_to_close=261.55
2026-05-10 14:10:38,468 | INFO | Execution state | market=KXBTC15M-26MAY101415-15 side=yes state=eligible reason=pre_filters_disabled trust=synced run_id=701eafae-120a-4218-b788-4c52dba4504e
2026-05-10 14:10:38,468 | INFO | Execution deferred | market=KXBTC15M-26MAY101415-15 side=yes reason=exchange_position_without_local_state trigger=11 top_of_book=11 book=[11:503.17, 12:2734.03, 13:121, 14:471.45, 15:80] trust=synced
2026-05-10 14:10:38,468 | INFO | Execution state | market=KXBTC15M-26MAY101415-15 side=yes state=abandoned reason=exchange_position_without_local_state trust=synced run_id=701eafae-120a-4218-b788-4c52dba4504e
2026-05-10 14:10:38,475 | INFO | Mushroom v28 entry approved | market=KXBTC15M-26MAY101415-15 side=yes ask=11c max_buy=11c qty=2 p_side=0.1455 edge=3.551c depth=503.17 btc_age_ms=203.0 secs_to_close=261.53
2026-05-10 14:10:38,488 | INFO | Execution state | market=KXBTC15M-26MAY101415-15 side=yes state=eligible reason=pre_filters_disabled trust=synced run_id=701eafae-120a-4218-b788-4c52dba4504e
2026-05-10 14:10:38,488 | INFO | Execution deferred | market=KXBTC15M-26MAY101415-15 side=yes reason=exchange_position_without_local_state trigger=11 top_of_book=11 book=[11:503.17, 12:2734.03, 13:121, 14:471.45, 15:80] trust=synced
2026-05-10 14:10:38,490 | INFO | Execution state | market=KXBTC15M-26MAY101415-15 side=yes state=abandoned reason=exchange_position_without_local_state trust=synced run_id=701eafae-120a-4218-b788-4c52dba4504e
2026-05-10 14:10:38,494 | INFO | Mushroom v28 entry approved | market=KXBTC15M-26MAY101415-15 side=yes ask=11c max_buy=11c qty=2 p_side=0.1455 edge=3.551c depth=583.17 btc_age_ms=219.0 secs_to_close=261.51
2026-05-10 14:10:38,504 | INFO | Execution state | market=KXBTC15M-26MAY101415-15 side=yes state=eligible reason=pre_filters_disabled trust=synced run_id=701eafae-120a-4218-b788-4c52dba4504e
2026-05-10 14:10:38,506 | INFO | Execution deferred | market=KXBTC15M-26MAY101415-15 side=yes reason=exchange_position_without_local_state trigger=11 top_of_book=11 book=[11:583.17, 12:2734.03, 13:121, 14:471.45, 15:80] trust=synced
2026-05-10 14:10:38,506 | INFO | Execution state | market=KXBTC15M-26MAY101415-15 side=yes state=abandoned reason=exchange_position_without_local_state trust=synced run_id=701eafae-120a-4218-b788-4c52dba4504e
2026-05-10 14:10:38,518 | INFO | Mushroom v28 entry approved | market=KXBTC15M-26MAY101415-15 side=yes ask=11c max_buy=11c qty=2 p_side=0.1455 edge=3.550c depth=583.17 btc_age_ms=250.0 secs_to_close=261.48
2026-05-10 14:10:38,532 | INFO | Execution state | market=KXBTC15M-26MAY101415-15 side=yes state=eligible reason=pre_filters_disabled trust=synced run_id=701eafae-120a-4218-b788-4c52dba4504e
2026-05-10 14:10:38,532 | INFO | Execution deferred | market=KXBTC15M-26MAY101415-15 side=yes reason=exchange_position_without_local_state trigger=11 top_of_book=11 book=[11:583.17, 12:2734.03, 13:121, 14:471.45, 15:80] trust=synced
2026-05-10 14:10:38,534 | INFO | Execution state | market=KXBTC15M-26MAY101415-15 side=yes state=abandoned reason=exchange_position_without_local_state trust=synced run_id=701eafae-120a-4218-b788-4c52dba4504e
2026-05-10 14:10:38,538 | INFO | Mushroom v28 entry approved | market=KXBTC15M-26MAY101415-15 side=yes ask=11c max_buy=11c qty=2 p_side=0.1455 edge=3.548c depth=583.17 btc_age_ms=0.0 secs_to_close=261.46
2026-05-10 14:10:38,551 | INFO | Execution state | market=KXBTC15M-26MAY101415-15 side=yes state=eligible reason=pre_filters_disabled trust=synced run_id=701eafae-120a-4218-b788-4c52dba4504e
2026-05-10 14:10:38,551 | INFO | Execution deferred | market=KXBTC15M-26MAY101415-15 side=yes reason=exchange_position_without_local_state trigger=11 top_of_book=11 book=[11:583.17, 12:2734.03, 13:121, 14:471.45, 15:80] trust=synced
2026-05-10 14:10:38,551 | INFO | Execution state | market=KXBTC15M-26MAY101415-15 side=yes state=abandoned reason=exchange_position_without_local_state trust=synced run_id=701eafae-120a-4218-b788-4c52dba4504e
2026-05-10 14:10:38,794 | INFO | Mushroom v28 entry approved | market=KXBTC15M-26MAY101415-15 side=yes ask=11c max_buy=11c qty=2 p_side=0.1454 edge=3.545c depth=554.5 btc_age_ms=265.0 secs_to_close=261.21
2026-05-10 14:10:38,811 | INFO | Execution state | market=KXBTC15M-26MAY101415-15 side=yes state=eligible reason=pre_filters_disabled trust=synced run_id=701eafae-120a-4218-b788-4c52dba4504e
2026-05-10 14:10:38,811 | INFO | Execution deferred | market=KXBTC15M-26MAY101415-15 side=yes reason=exchange_position_without_local_state trigger=11 top_of_book=11 book=[11:554.5, 12:2734.03, 13:531, 14:71.45, 15:80] trust=synced
2026-05-10 14:10:38,811 | INFO | Execution state | market=KXBTC15M-26MAY101415-15 side=yes state=abandoned reason=exchange_position_without_local_state trust=synced run_id=701eafae-120a-4218-b788-4c52dba4504e
2026-05-10 14:10:38,819 | INFO | Mushroom v28 entry approved | market=KXBTC15M-26MAY101415-15 side=yes ask=11c max_buy=11c qty=2 p_side=0.1454 edge=3.545c depth=554.5 btc_age_ms=281.0 secs_to_close=261.19
2026-05-10 14:10:38,828 | INFO | Execution state | market=KXBTC15M-26MAY101415-15 side=yes state=eligible reason=pre_filters_disabled trust=synced run_id=701eafae-120a-4218-b788-4c52dba4504e
2026-05-10 14:10:38,828 | INFO | Execution deferred | market=KXBTC15M-26MAY101415-15 side=yes reason=exchange_position_without_local_state trigger=11 top_of_book=11 book=[11:554.5, 12:2734.03, 13:531, 14:71.45, 15:80] trust=synced
2026-05-10 14:10:38,828 | INFO | Execution state | market=KXBTC15M-26MAY101415-15 side=yes state=abandoned reason=exchange_position_without_local_state trust=synced run_id=701eafae-120a-4218-b788-4c52dba4504e
2026-05-10 14:10:38,836 | INFO | Mushroom v28 entry approved | market=KXBTC15M-26MAY101415-15 side=yes ask=11c max_buy=11c qty=2 p_side=0.1454 edge=3.544c depth=554.5 btc_age_ms=297.0 secs_to_close=261.17
2026-05-10 14:10:38,845 | INFO | Execution state | market=KXBTC15M-26MAY101415-15 side=yes state=eligible reason=pre_filters_disabled trust=synced run_id=701eafae-120a-4218-b788-4c52dba4504e
2026-05-10 14:10:38,845 | INFO | Execution deferred | market=KXBTC15M-26MAY101415-15 side=yes reason=exchange_position_without_local_state trigger=11 top_of_book=11 book=[11:554.5, 12:2734.03, 13:531, 14:71.45, 15:80] trust=synced
2026-05-10 14:10:38,845 | INFO | Execution state | market=KXBTC15M-26MAY101415-15 side=yes state=abandoned reason=exchange_position_without_local_state trust=synced run_id=701eafae-120a-4218-b788-4c52dba4504e
2026-05-10 14:10:38,853 | INFO | Mushroom v28 entry approved | market=KXBTC15M-26MAY101415-15 side=yes ask=11c max_buy=11c qty=2 p_side=0.1454 edge=3.544c depth=554.5 btc_age_ms=312.0 secs_to_close=261.15
2026-05-10 14:10:38,860 | INFO | Execution state | market=KXBTC15M-26MAY101415-15 side=yes state=eligible reason=pre_filters_disabled trust=synced run_id=701eafae-120a-4218-b788-4c52dba4504e
2026-05-10 14:10:38,860 | INFO | Execution deferred | market=KXBTC15M-26MAY101415-15 side=yes reason=exchange_position_without_local_state trigger=11 top_of_book=11 book=[11:554.5, 12:2734.03, 13:531, 14:71.45, 15:80] trust=synced
2026-05-10 14:10:38,860 | INFO | Execution state | market=KXBTC15M-26MAY101415-15 side=yes state=abandoned reason=exchange_position_without_local_state trust=synced run_id=701eafae-120a-4218-b788-4c52dba4504e
2026-05-10 14:10:38,870 | INFO | Mushroom v28 entry approved | market=KXBTC15M-26MAY101415-15 side=yes ask=11c max_buy=11c qty=2 p_side=0.1454 edge=3.544c depth=554.5 btc_age_ms=328.0 secs_to_close=261.13
2026-05-10 14:10:38,877 | INFO | Execution state | market=KXBTC15M-26MAY101415-15 side=yes state=eligible reason=pre_filters_disabled trust=synced run_id=701eafae-120a-4218-b788-4c52dba4504e
2026-05-10 14:10:38,877 | INFO | Execution deferred | market=KXBTC15M-26MAY101415-15 side=yes reason=exchange_position_without_local_state trigger=11 top_of_book=11 book=[11:554.5, 12:2734.03, 13:531, 14:71.45, 15:80] trust=synced
2026-05-10 14:10:38,884 | INFO | Execution state | market=KXBTC15M-26MAY101415-15 side=yes state=abandoned reason=exchange_position_without_local_state trust=synced run_id=701eafae-120a-4218-b788-4c52dba4504e
2026-05-10 14:10:38,887 | INFO | Mushroom v28 entry approved | market=KXBTC15M-26MAY101415-15 side=yes ask=11c max_buy=11c qty=2 p_side=0.1454 edge=3.544c depth=554.5 btc_age_ms=344.0 secs_to_close=261.11
2026-05-10 14:10:38,898 | INFO | Execution state | market=KXBTC15M-26MAY101415-15 side=yes state=eligible reason=pre_filters_disabled trust=synced run_id=701eafae-120a-4218-b788-4c52dba4504e
2026-05-10 14:10:38,900 | INFO | Execution deferred | market=KXBTC15M-26MAY101415-15 side=yes reason=exchange_position_without_local_state trigger=11 top_of_book=11 book=[11:554.5, 12:2734.03, 13:531, 14:71.45, 15:80] trust=synced
2026-05-10 14:10:38,900 | INFO | Execution state | market=KXBTC15M-26MAY101415-15 side=yes state=abandoned reason=exchange_position_without_local_state trust=synced run_id=701eafae-120a-4218-b788-4c52dba4504e
2026-05-10 14:10:38,900 | INFO | Mushroom v28 entry approved | market=KXBTC15M-26MAY101415-15 side=yes ask=11c max_buy=11c qty=2 p_side=0.1454 edge=3.544c depth=554.5 btc_age_ms=359.0 secs_to_close=261.10
2026-05-10 14:10:38,917 | INFO | Execution state | market=KXBTC15M-26MAY101415-15 side=yes state=eligible reason=pre_filters_disabled trust=synced run_id=701eafae-120a-4218-b788-4c52dba4504e
2026-05-10 14:10:38,919 | INFO | Execution deferred | market=KXBTC15M-26MAY101415-15 side=yes reason=exchange_position_without_local_state trigger=11 top_of_book=11 book=[11:554.5, 12:2734.03, 13:531, 14:71.45, 15:80] trust=synced
2026-05-10 14:10:38,919 | INFO | Execution state | market=KXBTC15M-26MAY101415-15 side=yes state=abandoned reason=exchange_position_without_local_state trust=synced run_id=701eafae-120a-4218-b788-4c52dba4504e
2026-05-10 14:10:38,923 | INFO | Mushroom v28 entry approved | market=KXBTC15M-26MAY101415-15 side=yes ask=11c max_buy=11c qty=2 p_side=0.1454 edge=3.543c depth=554.5 btc_age_ms=390.0 secs_to_close=261.08
2026-05-10 14:10:38,933 | INFO | Execution state | market=KXBTC15M-26MAY101415-15 side=yes state=eligible reason=pre_filters_disabled trust=synced run_id=701eafae-120a-4218-b788-4c52dba4504e
2026-05-10 14:10:38,933 | INFO | Execution deferred | market=KXBTC15M-26MAY101415-15 side=yes reason=exchange_position_without_local_state trigger=11 top_of_book=11 book=[11:554.5, 12:2734.03, 13:531, 14:71.45, 15:80] trust=synced
2026-05-10 14:10:38,933 | INFO | Execution state | market=KXBTC15M-26MAY101415-15 side=yes state=abandoned reason=exchange_position_without_local_state trust=synced run_id=701eafae-120a-4218-b788-4c52dba4504e
2026-05-10 14:10:38,933 | INFO | Heartbeat | watch=KXBTC15M-26MAY101415-15 yes_bid=10 yes_ask=11 no_bid=89 no_ask=90 book_ready=True position=False pending=False dry_run=False trust=synced run_id=701eafae-120a-4218-b788-4c52dba4504e
2026-05-10 14:10:38,942 | INFO | Mushroom v28 entry approved | market=KXBTC15M-26MAY101415-15 side=yes ask=11c max_buy=11c qty=2 p_side=0.1454 edge=3.543c depth=554.5 btc_age_ms=390.0 secs_to_close=261.07
2026-05-10 14:10:38,950 | INFO | Execution state | market=KXBTC15M-26MAY101415-15 side=yes state=eligible reason=pre_filters_disabled trust=synced run_id=701eafae-120a-4218-b788-4c52dba4504e
2026-05-10 14:10:38,950 | INFO | Execution deferred | market=KXBTC15M-26MAY101415-15 side=yes reason=exchange_position_without_local_state trigger=11 top_of_book=11 book=[11:554.5, 12:2734.03, 13:531, 14:71.45, 15:80] trust=synced
2026-05-10 14:10:38,950 | INFO | Execution state | market=KXBTC15M-26MAY101415-15 side=yes state=abandoned reason=exchange_position_without_local_state trust=synced run_id=701eafae-120a-4218-b788-4c52dba4504e
2026-05-10 14:10:38,960 | INFO | Mushroom v28 entry approved | market=KXBTC15M-26MAY101415-15 side=yes ask=11c max_buy=11c qty=2 p_side=0.1454 edge=3.543c depth=554.5 btc_age_ms=422.0 secs_to_close=261.05
2026-05-10 14:10:38,968 | INFO | Execution state | market=KXBTC15M-26MAY101415-15 side=yes state=eligible reason=pre_filters_disabled trust=synced run_id=701eafae-120a-4218-b788-4c52dba4504e
2026-05-10 14:10:38,968 | INFO | Execution deferred | market=KXBTC15M-26MAY101415-15 side=yes reason=exchange_position_without_local_state trigger=11 top_of_book=11 book=[11:554.5, 12:2734.03, 13:531, 14:71.45, 15:80] trust=synced
2026-05-10 14:10:38,974 | INFO | Execution state | market=KXBTC15M-26MAY101415-15 side=yes state=abandoned reason=exchange_position_without_local_state trust=synced run_id=701eafae-120a-4218-b788-4c52dba4504e
2026-05-10 14:10:38,995 | INFO | Mushroom v28 entry approved | market=KXBTC15M-26MAY101415-15 side=yes ask=11c max_buy=11c qty=2 p_side=0.1454 edge=3.542c depth=554.5 btc_age_ms=453.0 secs_to_close=261.01
2026-05-10 14:10:39,008 | INFO | Execution state | market=KXBTC15M-26MAY101415-15 side=yes state=eligible reason=pre_filters_disabled trust=synced run_id=701eafae-120a-4218-b788-4c52dba4504e
2026-05-10 14:10:39,008 | INFO | Execution deferred | market=KXBTC15M-26MAY101415-15 side=yes reason=exchange_position_without_local_state trigger=11 top_of_book=11 book=[11:554.5, 12:2734.03, 13:531, 14:71.45, 15:80] trust=synced
2026-05-10 14:10:39,008 | INFO | Execution state | market=KXBTC15M-26MAY101415-15 side=yes state=abandoned reason=exchange_position_without_local_state trust=synced run_id=701eafae-120a-4218-b788-4c52dba4504e
2026-05-10 14:10:39,012 | INFO | Mushroom v28 entry approved | market=KXBTC15M-26MAY101415-15 side=yes ask=11c max_buy=11c qty=2 p_side=0.1454 edge=3.542c depth=554.5 btc_age_ms=469.0 secs_to_close=260.99
2026-05-10 14:10:39,029 | INFO | Execution state | market=KXBTC15M-26MAY101415-15 side=yes state=eligible reason=pre_filters_disabled trust=synced run_id=701eafae-120a-4218-b788-4c52dba4504e
2026-05-10 14:10:39,029 | INFO | Execution deferred | market=KXBTC15M-26MAY101415-15 side=yes reason=exchange_position_without_local_state trigger=11 top_of_book=11 book=[11:554.5, 12:2734.03, 13:531, 14:71.45, 15:80] trust=synced
2026-05-10 14:10:39,031 | INFO | Execution state | market=KXBTC15M-26MAY101415-15 side=yes state=abandoned reason=exchange_position_without_local_state trust=synced run_id=701eafae-120a-4218-b788-4c52dba4504e
2026-05-10 14:10:39,043 | INFO | Mushroom v28 entry approved | market=KXBTC15M-26MAY101415-15 side=yes ask=11c max_buy=11c qty=2 p_side=0.1454 edge=3.542c depth=554.5 btc_age_ms=500.0 secs_to_close=260.96
2026-05-10 14:10:39,054 | INFO | Execution state | market=KXBTC15M-26MAY101415-15 side=yes state=eligible reason=pre_filters_disabled trust=synced run_id=701eafae-120a-4218-b788-4c52dba4504e
2026-05-10 14:10:39,057 | INFO | Execution deferred | market=KXBTC15M-26MAY101415-15 side=yes reason=exchange_position_without_local_state trigger=11 top_of_book=11 book=[11:554.5, 12:2734.03, 13:531, 14:71.45, 15:80] trust=synced
2026-05-10 14:10:39,057 | INFO | Execution state | market=KXBTC15M-26MAY101415-15 side=yes state=abandoned reason=exchange_position_without_local_state trust=synced run_id=701eafae-120a-4218-b788-4c52dba4504e
2026-05-10 14:10:39,061 | INFO | Mushroom v28 entry approved | market=KXBTC15M-26MAY101415-15 side=yes ask=11c max_buy=11c qty=2 p_side=0.1454 edge=3.541c depth=554.5 btc_age_ms=531.0 secs_to_close=260.94
2026-05-10 14:10:39,073 | INFO | Execution state | market=KXBTC15M-26MAY101415-15 side=yes state=eligible reason=pre_filters_disabled trust=synced run_id=701eafae-120a-4218-b788-4c52dba4504e
2026-05-10 14:10:39,073 | INFO | Execution deferred | market=KXBTC15M-26MAY101415-15 side=yes reason=exchange_position_without_local_state trigger=11 top_of_book=11 book=[11:554.5, 12:2734.03, 13:531, 14:71.45, 15:80] trust=synced
2026-05-10 14:10:39,073 | INFO | Execution state | market=KXBTC15M-26MAY101415-15 side=yes state=abandoned reason=exchange_position_without_local_state trust=synced run_id=701eafae-120a-4218-b788-4c52dba4504e
2026-05-10 14:10:39,099 | INFO | Mushroom v28 entry approved | market=KXBTC15M-26MAY101415-15 side=yes ask=11c max_buy=11c qty=2 p_side=0.1454 edge=3.541c depth=554.5 btc_age_ms=562.0 secs_to_close=260.90
2026-05-10 14:10:39,113 | INFO | Execution state | market=KXBTC15M-26MAY101415-15 side=yes state=eligible reason=pre_filters_disabled trust=synced run_id=701eafae-120a-4218-b788-4c52dba4504e
2026-05-10 14:10:39,113 | INFO | Execution deferred | market=KXBTC15M-26MAY101415-15 side=yes reason=exchange_position_without_local_state trigger=11 top_of_book=11 book=[11:554.5, 12:2734.03, 13:531, 14:71.45, 15:80] trust=synced
2026-05-10 14:10:39,115 | INFO | Execution state | market=KXBTC15M-26MAY101415-15 side=yes state=abandoned reason=exchange_position_without_local_state trust=synced run_id=701eafae-120a-4218-b788-4c52dba4504e
2026-05-10 14:10:39,118 | INFO | Mushroom v28 entry approved | market=KXBTC15M-26MAY101415-15 side=yes ask=11c max_buy=11c qty=2 p_side=0.1454 edge=3.541c depth=554.5 btc_age_ms=578.0 secs_to_close=260.88
2026-05-10 14:10:39,131 | INFO | Execution state | market=KXBTC15M-26MAY101415-15 side=yes state=eligible reason=pre_filters_disabled trust=synced run_id=701eafae-120a-4218-b788-4c52dba4504e
2026-05-10 14:10:39,131 | INFO | Execution deferred | market=KXBTC15M-26MAY101415-15 side=yes reason=exchange_position_without_local_state trigger=11 top_of_book=11 book=[11:554.5, 12:2734.03, 13:531, 14:71.45, 15:80] trust=synced
2026-05-10 14:10:39,133 | INFO | Execution state | market=KXBTC15M-26MAY101415-15 side=yes state=abandoned reason=exchange_position_without_local_state trust=synced run_id=701eafae-120a-4218-b788-4c52dba4504e
2026-05-10 14:10:39,135 | INFO | Mushroom v28 entry approved | market=KXBTC15M-26MAY101415-15 side=yes ask=11c max_buy=11c qty=2 p_side=0.1454 edge=3.540c depth=554.5 btc_age_ms=594.0 secs_to_close=260.87
2026-05-10 14:10:39,148 | INFO | Execution state | market=KXBTC15M-26MAY101415-15 side=yes state=eligible reason=pre_filters_disabled trust=synced run_id=701eafae-120a-4218-b788-4c52dba4504e
2026-05-10 14:10:39,148 | INFO | Execution deferred | market=KXBTC15M-26MAY101415-15 side=yes reason=exchange_position_without_local_state trigger=11 top_of_book=11 book=[11:554.5, 12:2734.03, 13:531, 14:71.45, 15:80] trust=synced
2026-05-10 14:10:39,148 | INFO | Execution state | market=KXBTC15M-26MAY101415-15 side=yes state=abandoned reason=exchange_position_without_local_state trust=synced run_id=701eafae-120a-4218-b788-4c52dba4504e
2026-05-10 14:10:39,155 | INFO | Mushroom v28 entry approved | market=KXBTC15M-26MAY101415-15 side=yes ask=11c max_buy=11c qty=2 p_side=0.1454 edge=3.540c depth=554.5 btc_age_ms=609.0 secs_to_close=260.85
2026-05-10 14:10:39,163 | INFO | Execution state | market=KXBTC15M-26MAY101415-15 side=yes state=eligible reason=pre_filters_disabled trust=synced run_id=701eafae-120a-4218-b788-4c52dba4504e
2026-05-10 14:10:39,163 | INFO | Execution deferred | market=KXBTC15M-26MAY101415-15 side=yes reason=exchange_position_without_local_state trigger=11 top_of_book=11 book=[11:554.5, 12:2734.03, 13:131, 14:471.45, 15:80] trust=synced
2026-05-10 14:10:39,163 | INFO | Execution state | market=KXBTC15M-26MAY101415-15 side=yes state=abandoned reason=exchange_position_without_local_state trust=synced run_id=701eafae-120a-4218-b788-4c52dba4504e
2026-05-10 14:10:39,171 | INFO | Mushroom v28 entry approved | market=KXBTC15M-26MAY101415-15 side=yes ask=11c max_buy=11c qty=2 p_side=0.1454 edge=3.540c depth=551.08 btc_age_ms=640.0 secs_to_close=260.83
2026-05-10 14:10:39,187 | INFO | Execution state | market=KXBTC15M-26MAY101415-15 side=yes state=eligible reason=pre_filters_disabled trust=synced run_id=701eafae-120a-4218-b788-4c52dba4504e
2026-05-10 14:10:39,187 | INFO | Execution deferred | market=KXBTC15M-26MAY101415-15 side=yes reason=exchange_position_without_local_state trigger=11 top_of_book=11 book=[11:551.08, 12:2734.03, 13:131, 14:471.45, 15:80] trust=synced
2026-05-10 14:10:39,187 | INFO | Execution state | market=KXBTC15M-26MAY101415-15 side=yes state=abandoned reason=exchange_position_without_local_state trust=synced run_id=701eafae-120a-4218-b788-4c52dba4504e
2026-05-10 14:10:39,187 | INFO | Mushroom v28 entry approved | market=KXBTC15M-26MAY101415-15 side=yes ask=11c max_buy=11c qty=2 p_side=0.1454 edge=3.540c depth=551.08 btc_age_ms=656.0 secs_to_close=260.81
2026-05-10 14:10:39,203 | INFO | Execution state | market=KXBTC15M-26MAY101415-15 side=yes state=eligible reason=pre_filters_disabled trust=synced run_id=701eafae-120a-4218-b788-4c52dba4504e
2026-05-10 14:10:39,203 | INFO | Execution deferred | market=KXBTC15M-26MAY101415-15 side=yes reason=exchange_position_without_local_state trigger=11 top_of_book=11 book=[11:551.08, 12:2734.03, 13:131, 14:471.45, 15:80] trust=synced
2026-05-10 14:10:39,203 | INFO | Execution state | market=KXBTC15M-26MAY101415-15 side=yes state=abandoned reason=exchange_position_without_local_state trust=synced run_id=701eafae-120a-4218-b788-4c52dba4504e
2026-05-10 14:10:39,212 | INFO | Mushroom v28 entry approved | market=KXBTC15M-26MAY101415-15 side=yes ask=11c max_buy=11c qty=2 p_side=0.1454 edge=3.539c depth=508.3 btc_age_ms=672.0 secs_to_close=260.79
2026-05-10 14:10:39,227 | INFO | Execution state | market=KXBTC15M-26MAY101415-15 side=yes state=eligible reason=pre_filters_disabled trust=synced run_id=701eafae-120a-4218-b788-4c52dba4504e
2026-05-10 14:10:39,228 | INFO | Execution deferred | market=KXBTC15M-26MAY101415-15 side=yes reason=exchange_position_without_local_state trigger=11 top_of_book=11 book=[11:508.3, 12:2734.03, 13:131, 14:471.45, 15:81] trust=synced
2026-05-10 14:10:39,229 | INFO | Execution state | market=KXBTC15M-26MAY101415-15 side=yes state=abandoned reason=exchange_position_without_local_state trust=synced run_id=701eafae-120a-4218-b788-4c52dba4504e
2026-05-10 14:10:39,229 | INFO | Mushroom v28 entry approved | market=KXBTC15M-26MAY101415-15 side=yes ask=11c max_buy=11c qty=2 p_side=0.1454 edge=3.539c depth=508.3 btc_age_ms=687.0 secs_to_close=260.77
2026-05-10 14:10:39,246 | INFO | Execution state | market=KXBTC15M-26MAY101415-15 side=yes state=eligible reason=pre_filters_disabled trust=synced run_id=701eafae-120a-4218-b788-4c52dba4504e
2026-05-10 14:10:39,246 | INFO | Execution deferred | market=KXBTC15M-26MAY101415-15 side=yes reason=exchange_position_without_local_state trigger=11 top_of_book=11 book=[11:508.3, 12:2734.03, 13:131, 14:471.45, 15:81] trust=synced
2026-05-10 14:10:39,246 | INFO | Execution state | market=KXBTC15M-26MAY101415-15 side=yes state=abandoned reason=exchange_position_without_local_state trust=synced run_id=701eafae-120a-4218-b788-4c52dba4504e
2026-05-10 14:10:39,253 | INFO | Mushroom v28 entry approved | market=KXBTC15M-26MAY101415-15 side=yes ask=11c max_buy=11c qty=2 p_side=0.1454 edge=3.539c depth=508.3 btc_age_ms=0.0 secs_to_close=260.75
2026-05-10 14:10:39,262 | INFO | Execution state | market=KXBTC15M-26MAY101415-15 side=yes state=eligible reason=pre_filters_disabled trust=synced run_id=701eafae-120a-4218-b788-4c52dba4504e
2026-05-10 14:10:39,262 | INFO | Execution deferred | market=KXBTC15M-26MAY101415-15 side=yes reason=exchange_position_without_local_state trigger=11 top_of_book=11 book=[11:508.3, 12:2734.03, 13:131, 14:471.45, 15:80] trust=synced
2026-05-10 14:10:39,262 | INFO | Execution state | market=KXBTC15M-26MAY101415-15 side=yes state=abandoned reason=exchange_position_without_local_state trust=synced run_id=701eafae-120a-4218-b788-4c52dba4504e
2026-05-10 14:10:39,270 | INFO | Mushroom v28 entry approved | market=KXBTC15M-26MAY101415-15 side=yes ask=11c max_buy=11c qty=2 p_side=0.1454 edge=3.539c depth=508.3 btc_age_ms=31.0 secs_to_close=260.73
2026-05-10 14:10:39,281 | INFO | Execution state | market=KXBTC15M-26MAY101415-15 side=yes state=eligible reason=pre_filters_disabled trust=synced run_id=701eafae-120a-4218-b788-4c52dba4504e
2026-05-10 14:10:39,281 | INFO | Execution deferred | market=KXBTC15M-26MAY101415-15 side=yes reason=exchange_position_without_local_state trigger=11 top_of_book=11 book=[11:508.3, 12:2734.03, 13:131, 14:471.45, 15:80] trust=synced
2026-05-10 14:10:39,287 | INFO | Execution state | market=KXBTC15M-26MAY101415-15 side=yes state=abandoned reason=exchange_position_without_local_state trust=synced run_id=701eafae-120a-4218-b788-4c52dba4504e
2026-05-10 14:10:39,304 | INFO | Mushroom v28 entry approved | market=KXBTC15M-26MAY101415-15 side=yes ask=11c max_buy=11c qty=2 p_side=0.1454 edge=3.538c depth=508.3 btc_age_ms=62.0 secs_to_close=260.70
2026-05-10 14:10:39,311 | INFO | Execution state | market=KXBTC15M-26MAY101415-15 side=yes state=eligible reason=pre_filters_disabled trust=synced run_id=701eafae-120a-4218-b788-4c52dba4504e
2026-05-10 14:10:39,311 | INFO | Execution deferred | market=KXBTC15M-26MAY101415-15 side=yes reason=exchange_position_without_local_state trigger=11 top_of_book=11 book=[11:508.3, 12:2734.03, 13:131, 14:471.45, 15:80] trust=synced
2026-05-10 14:10:39,311 | INFO | Execution state | market=KXBTC15M-26MAY101415-15 side=yes state=abandoned reason=exchange_position_without_local_state trust=synced run_id=701eafae-120a-4218-b788-4c52dba4504e
2026-05-10 14:10:39,327 | INFO | Mushroom v28 entry approved | market=KXBTC15M-26MAY101415-15 side=yes ask=12c max_buy=12c qty=2 p_side=0.1423 edge=2.233c depth=2734.03 btc_age_ms=78.0 secs_to_close=260.68
2026-05-10 14:10:39,336 | INFO | Execution state | market=KXBTC15M-26MAY101415-15 side=yes state=eligible reason=pre_filters_disabled trust=synced run_id=701eafae-120a-4218-b788-4c52dba4504e
2026-05-10 14:10:39,336 | INFO | Execution deferred | market=KXBTC15M-26MAY101415-15 side=yes reason=exchange_position_without_local_state trigger=12 top_of_book=12 book=[12:2734.03, 13:131, 14:471.45, 15:80, 16:91] trust=synced
2026-05-10 14:10:39,336 | INFO | Execution state | market=KXBTC15M-26MAY101415-15 side=yes state=abandoned reason=exchange_position_without_local_state trust=synced run_id=701eafae-120a-4218-b788-4c52dba4504e
2026-05-10 14:10:39,343 | INFO | Mushroom v28 entry approved | market=KXBTC15M-26MAY101415-15 side=yes ask=12c max_buy=12c qty=2 p_side=0.1423 edge=2.233c depth=2734.03 btc_age_ms=109.0 secs_to_close=260.66
2026-05-10 14:10:39,352 | INFO | Execution state | market=KXBTC15M-26MAY101415-15 side=yes state=eligible reason=pre_filters_disabled trust=synced run_id=701eafae-120a-4218-b788-4c52dba4504e
2026-05-10 14:10:39,352 | INFO | Execution deferred | market=KXBTC15M-26MAY101415-15 side=yes reason=exchange_position_without_local_state trigger=12 top_of_book=12 book=[12:2734.03, 13:131, 14:471.45, 15:80, 16:91] trust=synced
2026-05-10 14:10:39,352 | INFO | Execution state | market=KXBTC15M-26MAY101415-15 side=yes state=abandoned reason=exchange_position_without_local_state trust=synced run_id=701eafae-120a-4218-b788-4c52dba4504e
2026-05-10 14:10:39,364 | INFO | Mushroom v28 entry approved | market=KXBTC15M-26MAY101415-15 side=yes ask=11c max_buy=11c qty=2 p_side=0.1423 edge=3.233c depth=80 btc_age_ms=109.0 secs_to_close=260.65
2026-05-10 14:10:39,376 | INFO | Execution state | market=KXBTC15M-26MAY101415-15 side=yes state=eligible reason=pre_filters_disabled trust=synced run_id=701eafae-120a-4218-b788-4c52dba4504e
2026-05-10 14:10:39,378 | INFO | Execution deferred | market=KXBTC15M-26MAY101415-15 side=yes reason=exchange_position_without_local_state trigger=11 top_of_book=11 book=[11:80, 12:2734.03, 13:131, 14:471.45, 15:80] trust=synced
2026-05-10 14:10:39,378 | INFO | Execution state | market=KXBTC15M-26MAY101415-15 side=yes state=abandoned reason=exchange_position_without_local_state trust=synced run_id=701eafae-120a-4218-b788-4c52dba4504e
2026-05-10 14:10:39,381 | INFO | Mushroom v28 entry approved | market=KXBTC15M-26MAY101415-15 side=yes ask=11c max_buy=11c qty=2 p_side=0.1423 edge=3.233c depth=80 btc_age_ms=141.0 secs_to_close=260.62
2026-05-10 14:10:39,394 | INFO | Execution state | market=KXBTC15M-26MAY101415-15 side=yes state=eligible reason=pre_filters_disabled trust=synced run_id=701eafae-120a-4218-b788-4c52dba4504e
2026-05-10 14:10:39,394 | INFO | Execution deferred | market=KXBTC15M-26MAY101415-15 side=yes reason=exchange_position_without_local_state trigger=11 top_of_book=11 book=[11:80, 12:2734.03, 13:131, 14:471.45, 15:80] trust=synced
2026-05-10 14:10:39,394 | INFO | Execution state | market=KXBTC15M-26MAY101415-15 side=yes state=abandoned reason=exchange_position_without_local_state trust=synced run_id=701eafae-120a-4218-b788-4c52dba4504e
2026-05-10 14:10:39,394 | INFO | Mushroom v28 entry approved | market=KXBTC15M-26MAY101415-15 side=yes ask=11c max_buy=11c qty=2 p_side=0.1423 edge=3.232c depth=580 btc_age_ms=156.0 secs_to_close=260.61
2026-05-10 14:10:39,409 | INFO | Execution state | market=KXBTC15M-26MAY101415-15 side=yes state=eligible reason=pre_filters_disabled trust=synced run_id=701eafae-120a-4218-b788-4c52dba4504e
2026-05-10 14:10:39,409 | INFO | Execution deferred | market=KXBTC15M-26MAY101415-15 side=yes reason=exchange_position_without_local_state trigger=11 top_of_book=11 book=[11:580, 12:2734.03, 13:131, 14:471.45, 15:80] trust=synced
2026-05-10 14:10:39,409 | INFO | Execution state | market=KXBTC15M-26MAY101415-15 side=yes state=abandoned reason=exchange_position_without_local_state trust=synced run_id=701eafae-120a-4218-b788-4c52dba4504e
2026-05-10 14:10:39,418 | INFO | Mushroom v28 entry approved | market=KXBTC15M-26MAY101415-15 side=yes ask=11c max_buy=11c qty=2 p_side=0.1423 edge=3.232c depth=580 btc_age_ms=172.0 secs_to_close=260.59
2026-05-10 14:10:39,428 | INFO | Execution state | market=KXBTC15M-26MAY101415-15 side=yes state=eligible reason=pre_filters_disabled trust=synced run_id=701eafae-120a-4218-b788-4c52dba4504e
2026-05-10 14:10:39,428 | INFO | Execution deferred | market=KXBTC15M-26MAY101415-15 side=yes reason=exchange_position_without_local_state trigger=11 top_of_book=11 book=[11:580, 12:2734.03, 13:131, 14:471.45, 15:80] trust=synced
2026-05-10 14:10:39,428 | INFO | Execution state | market=KXBTC15M-26MAY101415-15 side=yes state=abandoned reason=exchange_position_without_local_state trust=synced run_id=701eafae-120a-4218-b788-4c52dba4504e
2026-05-10 14:10:39,435 | INFO | Mushroom v28 entry approved | market=KXBTC15M-26MAY101415-15 side=yes ask=11c max_buy=11c qty=2 p_side=0.1423 edge=3.232c depth=580 btc_age_ms=187.0 secs_to_close=260.57
2026-05-10 14:10:39,444 | INFO | Execution state | market=KXBTC15M-26MAY101415-15 side=yes state=eligible reason=pre_filters_disabled trust=synced run_id=701eafae-120a-4218-b788-4c52dba4504e
2026-05-10 14:10:39,444 | INFO | Execution deferred | market=KXBTC15M-26MAY101415-15 side=yes reason=exchange_position_without_local_state trigger=11 top_of_book=11 book=[11:580, 12:2734.03, 13:139, 14:471.45, 15:80] trust=synced
2026-05-10 14:10:39,444 | INFO | Execution state | market=KXBTC15M-26MAY101415-15 side=yes state=abandoned reason=exchange_position_without_local_state trust=synced run_id=701eafae-120a-4218-b788-4c52dba4504e
2026-05-10 14:10:39,451 | INFO | Mushroom v28 entry approved | market=KXBTC15M-26MAY101415-15 side=yes ask=11c max_buy=11c qty=2 p_side=0.1423 edge=3.232c depth=580 btc_age_ms=219.0 secs_to_close=260.55
2026-05-10 14:10:39,467 | INFO | Execution state | market=KXBTC15M-26MAY101415-15 side=yes state=eligible reason=pre_filters_disabled trust=synced run_id=701eafae-120a-4218-b788-4c52dba4504e
2026-05-10 14:10:39,469 | INFO | Execution deferred | market=KXBTC15M-26MAY101415-15 side=yes reason=exchange_position_without_local_state trigger=11 top_of_book=11 book=[11:580, 12:2734.03, 13:131, 14:471.45, 15:80] trust=synced
2026-05-10 14:10:39,469 | INFO | Execution state | market=KXBTC15M-26MAY101415-15 side=yes state=abandoned reason=exchange_position_without_local_state trust=synced run_id=701eafae-120a-4218-b788-4c52dba4504e
2026-05-10 14:10:39,469 | INFO | Mushroom v28 entry approved | market=KXBTC15M-26MAY101415-15 side=yes ask=11c max_buy=11c qty=2 p_side=0.1423 edge=3.231c depth=580 btc_age_ms=234.0 secs_to_close=260.53
2026-05-10 14:10:39,487 | INFO | Execution state | market=KXBTC15M-26MAY101415-15 side=yes state=eligible reason=pre_filters_disabled trust=synced run_id=701eafae-120a-4218-b788-4c52dba4504e
2026-05-10 14:10:39,487 | INFO | Execution deferred | market=KXBTC15M-26MAY101415-15 side=yes reason=exchange_position_without_local_state trigger=11 top_of_book=11 book=[11:580, 12:2734.03, 13:131, 14:471.45, 15:80] trust=synced
2026-05-10 14:10:39,487 | INFO | Execution state | market=KXBTC15M-26MAY101415-15 side=yes state=abandoned reason=exchange_position_without_local_state trust=synced run_id=701eafae-120a-4218-b788-4c52dba4504e
2026-05-10 14:10:39,493 | INFO | Mushroom v28 entry approved | market=KXBTC15M-26MAY101415-15 side=yes ask=11c max_buy=11c qty=2 p_side=0.1423 edge=3.231c depth=580 btc_age_ms=250.0 secs_to_close=260.51
2026-05-10 14:10:39,499 | INFO | Execution state | market=KXBTC15M-26MAY101415-15 side=yes state=eligible reason=pre_filters_disabled trust=synced run_id=701eafae-120a-4218-b788-4c52dba4504e
2026-05-10 14:10:39,499 | INFO | Execution deferred | market=KXBTC15M-26MAY101415-15 side=yes reason=exchange_position_without_local_state trigger=11 top_of_book=11 book=[11:580, 12:2734.03, 13:131, 14:471.45, 15:80] trust=synced
2026-05-10 14:10:39,507 | INFO | Execution state | market=KXBTC15M-26MAY101415-15 side=yes state=abandoned reason=exchange_position_without_local_state trust=synced run_id=701eafae-120a-4218-b788-4c52dba4504e
2026-05-10 14:10:39,550 | INFO | Mushroom v28 entry approved | market=KXBTC15M-26MAY101415-15 side=yes ask=11c max_buy=11c qty=2 p_side=0.1423 edge=3.230c depth=580 btc_age_ms=312.0 secs_to_close=260.45
2026-05-10 14:10:39,557 | INFO | Execution state | market=KXBTC15M-26MAY101415-15 side=yes state=eligible reason=pre_filters_disabled trust=synced run_id=701eafae-120a-4218-b788-4c52dba4504e
2026-05-10 14:10:39,557 | INFO | Execution deferred | market=KXBTC15M-26MAY101415-15 side=yes reason=exchange_position_without_local_state trigger=11 top_of_book=11 book=[11:580, 12:2734.03, 13:131, 14:471.45, 15:80] trust=synced
2026-05-10 14:10:39,557 | INFO | Execution state | market=KXBTC15M-26MAY101415-15 side=yes state=abandoned reason=exchange_position_without_local_state trust=synced run_id=701eafae-120a-4218-b788-4c52dba4504e
2026-05-10 14:10:39,798 | INFO | Mushroom v28 entry approved | market=KXBTC15M-26MAY101415-15 side=yes ask=11c max_buy=11c qty=2 p_side=0.1423 edge=3.227c depth=580 btc_age_ms=562.0 secs_to_close=260.20
2026-05-10 14:10:39,816 | INFO | Execution state | market=KXBTC15M-26MAY101415-15 side=yes state=eligible reason=pre_filters_disabled trust=synced run_id=701eafae-120a-4218-b788-4c52dba4504e
2026-05-10 14:10:39,818 | INFO | Execution deferred | market=KXBTC15M-26MAY101415-15 side=yes reason=exchange_position_without_local_state trigger=11 top_of_book=11 book=[11:580, 12:2734.03, 13:131, 14:471.45, 15:80] trust=synced
2026-05-10 14:10:39,818 | INFO | Execution state | market=KXBTC15M-26MAY101415-15 side=yes state=abandoned reason=exchange_position_without_local_state trust=synced run_id=701eafae-120a-4218-b788-4c52dba4504e
2026-05-10 14:10:39,823 | INFO | Mushroom v28 entry approved | market=KXBTC15M-26MAY101415-15 side=yes ask=11c max_buy=11c qty=2 p_side=0.1423 edge=3.227c depth=580 btc_age_ms=578.0 secs_to_close=260.18
2026-05-10 14:10:39,837 | INFO | Execution state | market=KXBTC15M-26MAY101415-15 side=yes state=eligible reason=pre_filters_disabled trust=synced run_id=701eafae-120a-4218-b788-4c52dba4504e
2026-05-10 14:10:39,838 | INFO | Execution deferred | market=KXBTC15M-26MAY101415-15 side=yes reason=exchange_position_without_local_state trigger=11 top_of_book=11 book=[11:580, 12:2734.03, 13:131, 14:471.45, 15:80] trust=synced
2026-05-10 14:10:39,838 | INFO | Execution state | market=KXBTC15M-26MAY101415-15 side=yes state=abandoned reason=exchange_position_without_local_state trust=synced run_id=701eafae-120a-4218-b788-4c52dba4504e
2026-05-10 14:10:39,842 | INFO | Mushroom v28 entry approved | market=KXBTC15M-26MAY101415-15 side=yes ask=11c max_buy=11c qty=2 p_side=0.1423 edge=3.226c depth=580 btc_age_ms=594.0 secs_to_close=260.16
2026-05-10 14:10:39,855 | INFO | Execution state | market=KXBTC15M-26MAY101415-15 side=yes state=eligible reason=pre_filters_disabled trust=synced run_id=701eafae-120a-4218-b788-4c52dba4504e
2026-05-10 14:10:39,858 | INFO | Execution deferred | market=KXBTC15M-26MAY101415-15 side=yes reason=exchange_position_without_local_state trigger=11 top_of_book=11 book=[11:580, 12:2734.03, 13:131, 14:471.45, 15:80] trust=synced
2026-05-10 14:10:39,858 | INFO | Execution state | market=KXBTC15M-26MAY101415-15 side=yes state=abandoned reason=exchange_position_without_local_state trust=synced run_id=701eafae-120a-4218-b788-4c52dba4504e
2026-05-10 14:10:39,863 | INFO | Mushroom v28 entry approved | market=KXBTC15M-26MAY101415-15 side=yes ask=11c max_buy=11c qty=2 p_side=0.1423 edge=3.226c depth=580 btc_age_ms=625.0 secs_to_close=260.14
2026-05-10 14:10:39,877 | INFO | Execution state | market=KXBTC15M-26MAY101415-15 side=yes state=eligible reason=pre_filters_disabled trust=synced run_id=701eafae-120a-4218-b788-4c52dba4504e
2026-05-10 14:10:39,878 | INFO | Execution deferred | market=KXBTC15M-26MAY101415-15 side=yes reason=exchange_position_without_local_state trigger=11 top_of_book=11 book=[11:580, 12:2734.03, 13:131, 14:471.45, 15:80] trust=synced
2026-05-10 14:10:39,879 | INFO | Execution state | market=KXBTC15M-26MAY101415-15 side=yes state=abandoned reason=exchange_position_without_local_state trust=synced run_id=701eafae-120a-4218-b788-4c52dba4504e
2026-05-10 14:10:39,883 | INFO | Mushroom v28 entry approved | market=KXBTC15M-26MAY101415-15 side=yes ask=11c max_buy=11c qty=2 p_side=0.1423 edge=3.226c depth=580 btc_age_ms=641.0 secs_to_close=260.12
2026-05-10 14:10:39,893 | INFO | Execution state | market=KXBTC15M-26MAY101415-15 side=yes state=eligible reason=pre_filters_disabled trust=synced run_id=701eafae-120a-4218-b788-4c52dba4504e
2026-05-10 14:10:39,895 | INFO | Execution deferred | market=KXBTC15M-26MAY101415-15 side=yes reason=exchange_position_without_local_state trigger=11 top_of_book=11 book=[11:580, 12:2734.03, 13:131, 14:471.45, 15:80] trust=synced
2026-05-10 14:10:39,895 | INFO | Execution state | market=KXBTC15M-26MAY101415-15 side=yes state=abandoned reason=exchange_position_without_local_state trust=synced run_id=701eafae-120a-4218-b788-4c52dba4504e
2026-05-10 14:10:39,900 | INFO | Mushroom v28 entry approved | market=KXBTC15M-26MAY101415-15 side=yes ask=11c max_buy=11c qty=2 p_side=0.1423 edge=3.226c depth=580 btc_age_ms=656.0 secs_to_close=260.10
2026-05-10 14:10:39,912 | INFO | Execution state | market=KXBTC15M-26MAY101415-15 side=yes state=eligible reason=pre_filters_disabled trust=synced run_id=701eafae-120a-4218-b788-4c52dba4504e
2026-05-10 14:10:39,912 | INFO | Execution deferred | market=KXBTC15M-26MAY101415-15 side=yes reason=exchange_position_without_local_state trigger=11 top_of_book=11 book=[11:580, 12:2763.03, 13:131, 14:471.45, 15:81] trust=synced
2026-05-10 14:10:39,912 | INFO | Execution state | market=KXBTC15M-26MAY101415-15 side=yes state=abandoned reason=exchange_position_without_local_state trust=synced run_id=701eafae-120a-4218-b788-4c52dba4504e
2026-05-10 14:10:39,938 | INFO | Mushroom v28 entry approved | market=KXBTC15M-26MAY101415-15 side=yes ask=11c max_buy=11c qty=2 p_side=0.1423 edge=3.225c depth=580 btc_age_ms=703.0 secs_to_close=260.06
2026-05-10 14:10:39,951 | INFO | Execution state | market=KXBTC15M-26MAY101415-15 side=yes state=eligible reason=pre_filters_disabled trust=synced run_id=701eafae-120a-4218-b788-4c52dba4504e
2026-05-10 14:10:39,952 | INFO | Execution deferred | market=KXBTC15M-26MAY101415-15 side=yes reason=exchange_position_without_local_state trigger=11 top_of_book=11 book=[11:580, 12:2763.03, 13:131, 14:471.45, 15:81] trust=synced
2026-05-10 14:10:39,952 | INFO | Execution state | market=KXBTC15M-26MAY101415-15 side=yes state=abandoned reason=exchange_position_without_local_state trust=synced run_id=701eafae-120a-4218-b788-4c52dba4504e
2026-05-10 14:10:39,960 | INFO | Mushroom v28 entry approved | market=KXBTC15M-26MAY101415-15 side=yes ask=11c max_buy=11c qty=2 p_side=0.1422 edge=3.225c depth=580 btc_age_ms=719.0 secs_to_close=260.04
2026-05-10 14:10:39,971 | INFO | Execution state | market=KXBTC15M-26MAY101415-15 side=yes state=eligible reason=pre_filters_disabled trust=synced run_id=701eafae-120a-4218-b788-4c52dba4504e
2026-05-10 14:10:39,971 | INFO | Execution deferred | market=KXBTC15M-26MAY101415-15 side=yes reason=exchange_position_without_local_state trigger=11 top_of_book=11 book=[11:580, 12:2763.03, 13:131, 14:471.45, 15:81] trust=synced
2026-05-10 14:10:39,973 | INFO | Execution state | market=KXBTC15M-26MAY101415-15 side=yes state=abandoned reason=exchange_position_without_local_state trust=synced run_id=701eafae-120a-4218-b788-4c52dba4504e
2026-05-10 14:10:39,977 | INFO | Mushroom v28 entry approved | market=KXBTC15M-26MAY101415-15 side=yes ask=11c max_buy=11c qty=2 p_side=0.1422 edge=3.225c depth=580 btc_age_ms=734.0 secs_to_close=260.02
2026-05-10 14:10:39,988 | INFO | Execution state | market=KXBTC15M-26MAY101415-15 side=yes state=eligible reason=pre_filters_disabled trust=synced run_id=701eafae-120a-4218-b788-4c52dba4504e
2026-05-10 14:10:39,990 | INFO | Execution deferred | market=KXBTC15M-26MAY101415-15 side=yes reason=exchange_position_without_local_state trigger=11 top_of_book=11 book=[11:580, 12:2763.03, 13:131, 14:471.45, 15:81] trust=synced
2026-05-10 14:10:39,990 | INFO | Execution state | market=KXBTC15M-26MAY101415-15 side=yes state=abandoned reason=exchange_position_without_local_state trust=synced run_id=701eafae-120a-4218-b788-4c52dba4504e
2026-05-10 14:10:40,066 | INFO | Mushroom v28 entry approved | market=KXBTC15M-26MAY101415-15 side=yes ask=11c max_buy=11c qty=2 p_side=0.1422 edge=3.223c depth=580 btc_age_ms=828.0 secs_to_close=259.94
2026-05-10 14:10:40,078 | INFO | Execution state | market=KXBTC15M-26MAY101415-15 side=yes state=eligible reason=pre_filters_disabled trust=synced run_id=701eafae-120a-4218-b788-4c52dba4504e
2026-05-10 14:10:40,080 | INFO | Execution deferred | market=KXBTC15M-26MAY101415-15 side=yes reason=exchange_position_without_local_state trigger=11 top_of_book=11 book=[11:580, 12:2763.03, 13:131, 14:471.45, 15:81] trust=synced
2026-05-10 14:10:40,080 | INFO | Execution state | market=KXBTC15M-26MAY101415-15 side=yes state=abandoned reason=exchange_position_without_local_state trust=synced run_id=701eafae-120a-4218-b788-4c52dba4504e
2026-05-10 14:10:40,100 | INFO | Mushroom v28 entry approved | market=KXBTC15M-26MAY101415-15 side=yes ask=11c max_buy=11c qty=2 p_side=0.1422 edge=3.223c depth=580 btc_age_ms=859.0 secs_to_close=259.91
2026-05-10 14:10:40,115 | INFO | Execution state | market=KXBTC15M-26MAY101415-15 side=yes state=eligible reason=pre_filters_disabled trust=synced run_id=701eafae-120a-4218-b788-4c52dba4504e
2026-05-10 14:10:40,118 | INFO | Execution deferred | market=KXBTC15M-26MAY101415-15 side=yes reason=exchange_position_without_local_state trigger=11 top_of_book=11 book=[11:580, 12:2763.03, 13:131, 14:471.45, 15:81] trust=synced
2026-05-10 14:10:40,118 | INFO | Execution state | market=KXBTC15M-26MAY101415-15 side=yes state=abandoned reason=exchange_position_without_local_state trust=synced run_id=701eafae-120a-4218-b788-4c52dba4504e
2026-05-10 14:10:40,121 | INFO | Mushroom v28 entry approved | market=KXBTC15M-26MAY101415-15 side=yes ask=11c max_buy=11c qty=2 p_side=0.1422 edge=3.223c depth=580 btc_age_ms=875.0 secs_to_close=259.88
2026-05-10 14:10:40,137 | INFO | Execution state | market=KXBTC15M-26MAY101415-15 side=yes state=eligible reason=pre_filters_disabled trust=synced run_id=701eafae-120a-4218-b788-4c52dba4504e
2026-05-10 14:10:40,137 | INFO | Execution deferred | market=KXBTC15M-26MAY101415-15 side=yes reason=exchange_position_without_local_state trigger=11 top_of_book=11 book=[11:580, 12:1762.16, 13:1131.87, 14:471.45, 15:81] trust=synced
2026-05-10 14:10:40,137 | INFO | Execution state | market=KXBTC15M-26MAY101415-15 side=yes state=abandoned reason=exchange_position_without_local_state trust=synced run_id=701eafae-120a-4218-b788-4c52dba4504e
2026-05-10 14:10:40,144 | INFO | Mushroom v28 entry approved | market=KXBTC15M-26MAY101415-15 side=yes ask=11c max_buy=11c qty=2 p_side=0.1422 edge=3.222c depth=580 btc_age_ms=906.0 secs_to_close=259.86
2026-05-10 14:10:40,157 | INFO | Execution state | market=KXBTC15M-26MAY101415-15 side=yes state=eligible reason=pre_filters_disabled trust=synced run_id=701eafae-120a-4218-b788-4c52dba4504e
2026-05-10 14:10:40,157 | INFO | Execution deferred | market=KXBTC15M-26MAY101415-15 side=yes reason=exchange_position_without_local_state trigger=11 top_of_book=11 book=[11:580, 12:1762.16, 13:1131.87, 14:471.45, 15:81] trust=synced
2026-05-10 14:10:40,157 | INFO | Execution state | market=KXBTC15M-26MAY101415-15 side=yes state=abandoned reason=exchange_position_without_local_state trust=synced run_id=701eafae-120a-4218-b788-4c52dba4504e
2026-05-10 14:10:40,163 | INFO | Mushroom v28 entry approved | market=KXBTC15M-26MAY101415-15 side=yes ask=11c max_buy=11c qty=2 p_side=0.1422 edge=3.222c depth=580 btc_age_ms=922.0 secs_to_close=259.84
2026-05-10 14:10:40,175 | INFO | Execution state | market=KXBTC15M-26MAY101415-15 side=yes state=eligible reason=pre_filters_disabled trust=synced run_id=701eafae-120a-4218-b788-4c52dba4504e
2026-05-10 14:10:40,175 | INFO | Execution deferred | market=KXBTC15M-26MAY101415-15 side=yes reason=exchange_position_without_local_state trigger=11 top_of_book=11 book=[11:580, 12:1762.16, 13:1131.87, 14:471.45, 15:81] trust=synced
2026-05-10 14:10:40,175 | INFO | Execution state | market=KXBTC15M-26MAY101415-15 side=yes state=abandoned reason=exchange_position_without_local_state trust=synced run_id=701eafae-120a-4218-b788-4c52dba4504e
2026-05-10 14:10:40,179 | INFO | Mushroom v28 entry approved | market=KXBTC15M-26MAY101415-15 side=yes ask=11c max_buy=11c qty=2 p_side=0.1422 edge=3.222c depth=580 btc_age_ms=937.0 secs_to_close=259.82
2026-05-10 14:10:40,191 | INFO | Execution state | market=KXBTC15M-26MAY101415-15 side=yes state=eligible reason=pre_filters_disabled trust=synced run_id=701eafae-120a-4218-b788-4c52dba4504e
2026-05-10 14:10:40,193 | INFO | Execution deferred | market=KXBTC15M-26MAY101415-15 side=yes reason=exchange_position_without_local_state trigger=11 top_of_book=11 book=[11:580, 12:1764.16, 13:1131.87, 14:471.45, 15:81] trust=synced
2026-05-10 14:10:40,193 | INFO | Execution state | market=KXBTC15M-26MAY101415-15 side=yes state=abandoned reason=exchange_position_without_local_state trust=synced run_id=701eafae-120a-4218-b788-4c52dba4504e
2026-05-10 14:10:40,212 | INFO | Mushroom v28 entry approved | market=KXBTC15M-26MAY101415-15 side=yes ask=11c max_buy=11c qty=2 p_side=0.1422 edge=3.221c depth=593 btc_age_ms=969.0 secs_to_close=259.79
2026-05-10 14:10:40,225 | INFO | Execution state | market=KXBTC15M-26MAY101415-15 side=yes state=eligible reason=pre_filters_disabled trust=synced run_id=701eafae-120a-4218-b788-4c52dba4504e
2026-05-10 14:10:40,226 | INFO | Execution deferred | market=KXBTC15M-26MAY101415-15 side=yes reason=exchange_position_without_local_state trigger=11 top_of_book=11 book=[11:593, 12:1733.16, 13:1131.87, 14:471.45, 15:81] trust=synced
2026-05-10 14:10:40,226 | INFO | Execution state | market=KXBTC15M-26MAY101415-15 side=yes state=abandoned reason=exchange_position_without_local_state trust=synced run_id=701eafae-120a-4218-b788-4c52dba4504e
2026-05-10 14:10:40,231 | INFO | Mushroom v28 entry approved | market=KXBTC15M-26MAY101415-15 side=yes ask=11c max_buy=11c qty=2 p_side=0.1422 edge=3.221c depth=593 btc_age_ms=984.0 secs_to_close=259.77
2026-05-10 14:10:40,240 | INFO | Execution state | market=KXBTC15M-26MAY101415-15 side=yes state=eligible reason=pre_filters_disabled trust=synced run_id=701eafae-120a-4218-b788-4c52dba4504e
2026-05-10 14:10:40,243 | INFO | Execution deferred | market=KXBTC15M-26MAY101415-15 side=yes reason=exchange_position_without_local_state trigger=11 top_of_book=11 book=[11:593, 12:1733.16, 13:1131.87, 14:471.45, 15:81] trust=synced
2026-05-10 14:10:40,243 | INFO | Execution state | market=KXBTC15M-26MAY101415-15 side=yes state=abandoned reason=exchange_position_without_local_state trust=synced run_id=701eafae-120a-4218-b788-4c52dba4504e
2026-05-10 14:10:40,243 | INFO | Mushroom v28 entry approved | market=KXBTC15M-26MAY101415-15 side=yes ask=11c max_buy=11c qty=2 p_side=0.1422 edge=3.221c depth=593 btc_age_ms=1000.0 secs_to_close=259.76
2026-05-10 14:10:40,259 | INFO | Execution state | market=KXBTC15M-26MAY101415-15 side=yes state=eligible reason=pre_filters_disabled trust=synced run_id=701eafae-120a-4218-b788-4c52dba4504e
2026-05-10 14:10:40,259 | INFO | Execution deferred | market=KXBTC15M-26MAY101415-15 side=yes reason=exchange_position_without_local_state trigger=11 top_of_book=11 book=[11:593, 12:1733.16, 13:1131.87, 14:471.45, 15:81] trust=synced
2026-05-10 14:10:40,259 | INFO | Execution state | market=KXBTC15M-26MAY101415-15 side=yes state=abandoned reason=exchange_position_without_local_state trust=synced run_id=701eafae-120a-4218-b788-4c52dba4504e
2026-05-10 14:10:40,266 | INFO | Mushroom v28 entry approved | market=KXBTC15M-26MAY101415-15 side=yes ask=11c max_buy=11c qty=2 p_side=0.1422 edge=3.221c depth=580 btc_age_ms=1031.0 secs_to_close=259.74
2026-05-10 14:10:40,277 | INFO | Execution state | market=KXBTC15M-26MAY101415-15 side=yes state=eligible reason=pre_filters_disabled trust=synced run_id=701eafae-120a-4218-b788-4c52dba4504e
2026-05-10 14:10:40,279 | INFO | Execution deferred | market=KXBTC15M-26MAY101415-15 side=yes reason=exchange_position_without_local_state trigger=11 top_of_book=11 book=[11:580, 12:1764.16, 13:1131.87, 14:471.45, 15:81] trust=synced
2026-05-10 14:10:40,279 | INFO | Execution state | market=KXBTC15M-26MAY101415-15 side=yes state=abandoned reason=exchange_position_without_local_state trust=synced run_id=701eafae-120a-4218-b788-4c52dba4504e
2026-05-10 14:10:40,283 | INFO | Mushroom v28 entry approved | market=KXBTC15M-26MAY101415-15 side=yes ask=11c max_buy=11c qty=2 p_side=0.1422 edge=3.221c depth=580 btc_age_ms=1047.0 secs_to_close=259.72
2026-05-10 14:10:40,294 | INFO | Execution state | market=KXBTC15M-26MAY101415-15 side=yes state=eligible reason=pre_filters_disabled trust=synced run_id=701eafae-120a-4218-b788-4c52dba4504e
2026-05-10 14:10:40,297 | INFO | Execution deferred | market=KXBTC15M-26MAY101415-15 side=yes reason=exchange_position_without_local_state trigger=11 top_of_book=11 book=[11:580, 12:1764.16, 13:1131.87, 14:471.45, 15:81] trust=synced
2026-05-10 14:10:40,297 | INFO | Execution state | market=KXBTC15M-26MAY101415-15 side=yes state=abandoned reason=exchange_position_without_local_state trust=synced run_id=701eafae-120a-4218-b788-4c52dba4504e
2026-05-10 14:10:40,301 | INFO | Mushroom v28 entry approved | market=KXBTC15M-26MAY101415-15 side=yes ask=11c max_buy=11c qty=2 p_side=0.1422 edge=3.220c depth=580 btc_age_ms=1062.0 secs_to_close=259.70
2026-05-10 14:10:40,317 | INFO | Execution state | market=KXBTC15M-26MAY101415-15 side=yes state=eligible reason=pre_filters_disabled trust=synced run_id=701eafae-120a-4218-b788-4c52dba4504e
2026-05-10 14:10:40,319 | INFO | Execution deferred | market=KXBTC15M-26MAY101415-15 side=yes reason=exchange_position_without_local_state trigger=11 top_of_book=11 book=[11:580, 12:1764.16, 13:1131.87, 14:471.45, 15:81] trust=synced
2026-05-10 14:10:40,319 | INFO | Execution state | market=KXBTC15M-26MAY101415-15 side=yes state=abandoned reason=exchange_position_without_local_state trust=synced run_id=701eafae-120a-4218-b788-4c52dba4504e
2026-05-10 14:10:40,351 | INFO | Mushroom v28 entry approved | market=KXBTC15M-26MAY101415-15 side=yes ask=11c max_buy=11c qty=2 p_side=0.1422 edge=3.220c depth=580 btc_age_ms=1109.0 secs_to_close=259.65
2026-05-10 14:10:40,368 | INFO | Execution state | market=KXBTC15M-26MAY101415-15 side=yes state=eligible reason=pre_filters_disabled trust=synced run_id=701eafae-120a-4218-b788-4c52dba4504e
2026-05-10 14:10:40,368 | INFO | Execution deferred | market=KXBTC15M-26MAY101415-15 side=yes reason=exchange_position_without_local_state trigger=11 top_of_book=11 book=[11:580, 12:1764.16, 13:1131.87, 14:471.45, 15:81] trust=synced
2026-05-10 14:10:40,368 | INFO | Execution state | market=KXBTC15M-26MAY101415-15 side=yes state=abandoned reason=exchange_position_without_local_state trust=synced run_id=701eafae-120a-4218-b788-4c52dba4504e
2026-05-10 14:10:40,377 | INFO | Mushroom v28 entry approved | market=KXBTC15M-26MAY101415-15 side=yes ask=11c max_buy=11c qty=2 p_side=0.1422 edge=3.219c depth=580 btc_age_ms=1141.0 secs_to_close=259.63
2026-05-10 14:10:40,391 | INFO | Execution state | market=KXBTC15M-26MAY101415-15 side=yes state=eligible reason=pre_filters_disabled trust=synced run_id=701eafae-120a-4218-b788-4c52dba4504e
2026-05-10 14:10:40,392 | INFO | Execution deferred | market=KXBTC15M-26MAY101415-15 side=yes reason=exchange_position_without_local_state trigger=11 top_of_book=11 book=[11:580, 12:1764.16, 13:1131.87, 14:471.45, 15:80] trust=synced
2026-05-10 14:10:40,392 | INFO | Execution state | market=KXBTC15M-26MAY101415-15 side=yes state=abandoned reason=exchange_position_without_local_state trust=synced run_id=701eafae-120a-4218-b788-4c52dba4504e
2026-05-10 14:10:40,416 | INFO | Mushroom v28 entry approved | market=KXBTC15M-26MAY101415-15 side=yes ask=11c max_buy=11c qty=2 p_side=0.1422 edge=3.219c depth=580 btc_age_ms=1172.0 secs_to_close=259.59
2026-05-10 14:10:40,430 | INFO | Execution state | market=KXBTC15M-26MAY101415-15 side=yes state=eligible reason=pre_filters_disabled trust=synced run_id=701eafae-120a-4218-b788-4c52dba4504e
2026-05-10 14:10:40,430 | INFO | Execution deferred | market=KXBTC15M-26MAY101415-15 side=yes reason=exchange_position_without_local_state trigger=11 top_of_book=11 book=[11:580, 12:1764.16, 13:1131.87, 14:471.45, 15:80] trust=synced
2026-05-10 14:10:40,430 | INFO | Execution state | market=KXBTC15M-26MAY101415-15 side=yes state=abandoned reason=exchange_position_without_local_state trust=synced run_id=701eafae-120a-4218-b788-4c52dba4504e
2026-05-10 14:10:40,439 | INFO | Mushroom v28 entry approved | market=KXBTC15M-26MAY101415-15 side=yes ask=11c max_buy=11c qty=2 p_side=0.1422 edge=3.219c depth=580 btc_age_ms=1187.0 secs_to_close=259.57
2026-05-10 14:10:40,454 | INFO | Execution state | market=KXBTC15M-26MAY101415-15 side=yes state=eligible reason=pre_filters_disabled trust=synced run_id=701eafae-120a-4218-b788-4c52dba4504e
2026-05-10 14:10:40,454 | INFO | Execution deferred | market=KXBTC15M-26MAY101415-15 side=yes reason=exchange_position_without_local_state trigger=11 top_of_book=11 book=[11:580, 12:1764.16, 13:1131.87, 14:471.45, 15:80] trust=synced
2026-05-10 14:10:40,454 | INFO | Execution state | market=KXBTC15M-26MAY101415-15 side=yes state=abandoned reason=exchange_position_without_local_state trust=synced run_id=701eafae-120a-4218-b788-4c52dba4504e
2026-05-10 14:10:40,460 | INFO | Mushroom v28 entry approved | market=KXBTC15M-26MAY101415-15 side=yes ask=11c max_buy=11c qty=2 p_side=0.1422 edge=3.218c depth=2120 btc_age_ms=1219.0 secs_to_close=259.54
2026-05-10 14:10:40,472 | INFO | Execution state | market=KXBTC15M-26MAY101415-15 side=yes state=eligible reason=pre_filters_disabled trust=synced run_id=701eafae-120a-4218-b788-4c52dba4504e
2026-05-10 14:10:40,472 | INFO | Execution deferred | market=KXBTC15M-26MAY101415-15 side=yes reason=exchange_position_without_local_state trigger=11 top_of_book=11 book=[11:2120, 12:1225.03, 13:131, 14:471.45, 15:80] trust=synced
2026-05-10 14:10:40,474 | INFO | Execution state | market=KXBTC15M-26MAY101415-15 side=yes state=abandoned reason=exchange_position_without_local_state trust=synced run_id=701eafae-120a-4218-b788-4c52dba4504e
2026-05-10 14:10:40,481 | INFO | Mushroom v28 entry approved | market=KXBTC15M-26MAY101415-15 side=yes ask=11c max_buy=11c qty=2 p_side=0.1422 edge=3.218c depth=580 btc_age_ms=1250.0 secs_to_close=259.52
2026-05-10 14:10:40,497 | INFO | Execution state | market=KXBTC15M-26MAY101415-15 side=yes state=eligible reason=pre_filters_disabled trust=synced run_id=701eafae-120a-4218-b788-4c52dba4504e
2026-05-10 14:10:40,497 | INFO | Execution deferred | market=KXBTC15M-26MAY101415-15 side=yes reason=exchange_position_without_local_state trigger=11 top_of_book=11 book=[11:580, 12:2765.03, 13:131, 14:471.45, 15:80] trust=synced
2026-05-10 14:10:40,497 | INFO | Execution state | market=KXBTC15M-26MAY101415-15 side=yes state=abandoned reason=exchange_position_without_local_state trust=synced run_id=701eafae-120a-4218-b788-4c52dba4504e
2026-05-10 14:10:40,504 | INFO | Mushroom v28 entry approved | market=KXBTC15M-26MAY101415-15 side=yes ask=11c max_buy=11c qty=2 p_side=0.1422 edge=3.218c depth=580 btc_age_ms=1266.0 secs_to_close=259.50
2026-05-10 14:10:40,520 | INFO | Execution state | market=KXBTC15M-26MAY101415-15 side=yes state=eligible reason=pre_filters_disabled trust=synced run_id=701eafae-120a-4218-b788-4c52dba4504e
2026-05-10 14:10:40,522 | INFO | Execution deferred | market=KXBTC15M-26MAY101415-15 side=yes reason=exchange_position_without_local_state trigger=11 top_of_book=11 book=[11:580, 12:2765.03, 13:131, 14:471.45, 15:80] trust=synced
2026-05-10 14:10:40,522 | INFO | Execution state | market=KXBTC15M-26MAY101415-15 side=yes state=abandoned reason=exchange_position_without_local_state trust=synced run_id=701eafae-120a-4218-b788-4c52dba4504e
2026-05-10 14:10:40,530 | INFO | Mushroom v28 entry approved | market=KXBTC15M-26MAY101415-15 side=yes ask=11c max_buy=11c qty=2 p_side=0.1421 edge=3.205c depth=580 btc_age_ms=0.0 secs_to_close=259.48
2026-05-10 14:10:40,543 | INFO | Execution state | market=KXBTC15M-26MAY101415-15 side=yes state=eligible reason=pre_filters_disabled trust=synced run_id=701eafae-120a-4218-b788-4c52dba4504e
2026-05-10 14:10:40,545 | INFO | Execution deferred | market=KXBTC15M-26MAY101415-15 side=yes reason=exchange_position_without_local_state trigger=11 top_of_book=11 book=[11:580, 12:2765.03, 13:131, 14:471.45, 15:80] trust=synced
2026-05-10 14:10:40,545 | INFO | Execution state | market=KXBTC15M-26MAY101415-15 side=yes state=abandoned reason=exchange_position_without_local_state trust=synced run_id=701eafae-120a-4218-b788-4c52dba4504e
2026-05-10 14:10:40,546 | INFO | Mushroom v28 entry approved | market=KXBTC15M-26MAY101415-15 side=yes ask=11c max_buy=11c qty=2 p_side=0.1420 edge=3.205c depth=593 btc_age_ms=31.0 secs_to_close=259.45
2026-05-10 14:10:40,562 | INFO | Execution state | market=KXBTC15M-26MAY101415-15 side=yes state=eligible reason=pre_filters_disabled trust=synced run_id=701eafae-120a-4218-b788-4c52dba4504e
2026-05-10 14:10:40,562 | INFO | Execution deferred | market=KXBTC15M-26MAY101415-15 side=yes reason=exchange_position_without_local_state trigger=11 top_of_book=11 book=[11:593, 12:2734.03, 13:131, 14:471.45, 15:80] trust=synced
2026-05-10 14:10:40,562 | INFO | Execution state | market=KXBTC15M-26MAY101415-15 side=yes state=abandoned reason=exchange_position_without_local_state trust=synced run_id=701eafae-120a-4218-b788-4c52dba4504e
2026-05-10 14:10:40,795 | INFO | Mushroom v28 entry approved | market=KXBTC15M-26MAY101415-15 side=yes ask=11c max_buy=11c qty=2 p_side=0.1420 edge=3.201c depth=704 btc_age_ms=281.0 secs_to_close=259.20
2026-05-10 14:10:40,819 | INFO | Execution state | market=KXBTC15M-26MAY101415-15 side=yes state=eligible reason=pre_filters_disabled trust=synced run_id=701eafae-120a-4218-b788-4c52dba4504e
2026-05-10 14:10:40,825 | INFO | Execution deferred | market=KXBTC15M-26MAY101415-15 side=yes reason=exchange_position_without_local_state trigger=11 top_of_book=11 book=[11:704, 12:2633.03, 13:121, 14:471.45, 15:81] trust=synced
2026-05-10 14:10:40,827 | INFO | Execution state | market=KXBTC15M-26MAY101415-15 side=yes state=abandoned reason=exchange_position_without_local_state trust=synced run_id=701eafae-120a-4218-b788-4c52dba4504e
2026-05-10 14:10:40,831 | INFO | Mushroom v28 entry approved | market=KXBTC15M-26MAY101415-15 side=yes ask=11c max_buy=11c qty=2 p_side=0.1420 edge=3.201c depth=704 btc_age_ms=313.0 secs_to_close=259.17
2026-05-10 14:10:40,847 | INFO | Execution state | market=KXBTC15M-26MAY101415-15 side=yes state=eligible reason=pre_filters_disabled trust=synced run_id=701eafae-120a-4218-b788-4c52dba4504e
2026-05-10 14:10:40,847 | INFO | Execution deferred | market=KXBTC15M-26MAY101415-15 side=yes reason=exchange_position_without_local_state trigger=11 top_of_book=11 book=[11:704, 12:2633.03, 13:121, 14:471.45, 15:81] trust=synced
2026-05-10 14:10:40,851 | INFO | Execution state | market=KXBTC15M-26MAY101415-15 side=yes state=abandoned reason=exchange_position_without_local_state trust=synced run_id=701eafae-120a-4218-b788-4c52dba4504e
2026-05-10 14:10:40,854 | INFO | Mushroom v28 entry approved | market=KXBTC15M-26MAY101415-15 side=yes ask=11c max_buy=11c qty=2 p_side=0.1420 edge=3.201c depth=704 btc_age_ms=328.0 secs_to_close=259.15
2026-05-10 14:10:40,868 | INFO | Execution state | market=KXBTC15M-26MAY101415-15 side=yes state=eligible reason=pre_filters_disabled trust=synced run_id=701eafae-120a-4218-b788-4c52dba4504e
2026-05-10 14:10:40,868 | INFO | Execution deferred | market=KXBTC15M-26MAY101415-15 side=yes reason=exchange_position_without_local_state trigger=11 top_of_book=11 book=[11:704, 12:2633.03, 13:121, 14:471.45, 15:81] trust=synced
2026-05-10 14:10:40,872 | INFO | Execution state | market=KXBTC15M-26MAY101415-15 side=yes state=abandoned reason=exchange_position_without_local_state trust=synced run_id=701eafae-120a-4218-b788-4c52dba4504e
2026-05-10 14:10:40,878 | INFO | Mushroom v28 entry approved | market=KXBTC15M-26MAY101415-15 side=yes ask=11c max_buy=11c qty=2 p_side=0.1420 edge=3.200c depth=704 btc_age_ms=360.0 secs_to_close=259.13
2026-05-10 14:10:40,890 | INFO | Execution state | market=KXBTC15M-26MAY101415-15 side=yes state=eligible reason=pre_filters_disabled trust=synced run_id=701eafae-120a-4218-b788-4c52dba4504e
2026-05-10 14:10:40,891 | INFO | Execution deferred | market=KXBTC15M-26MAY101415-15 side=yes reason=exchange_position_without_local_state trigger=11 top_of_book=11 book=[11:704, 12:2633.03, 13:121, 14:471.45, 15:81] trust=synced
2026-05-10 14:10:40,892 | INFO | Execution state | market=KXBTC15M-26MAY101415-15 side=yes state=abandoned reason=exchange_position_without_local_state trust=synced run_id=701eafae-120a-4218-b788-4c52dba4504e
2026-05-10 14:10:40,897 | INFO | Mushroom v28 entry approved | market=KXBTC15M-26MAY101415-15 side=yes ask=11c max_buy=11c qty=2 p_side=0.1420 edge=3.200c depth=704 btc_age_ms=375.0 secs_to_close=259.11
2026-05-10 14:10:40,910 | INFO | Execution state | market=KXBTC15M-26MAY101415-15 side=yes state=eligible reason=pre_filters_disabled trust=synced run_id=701eafae-120a-4218-b788-4c52dba4504e
2026-05-10 14:10:40,913 | INFO | Execution deferred | market=KXBTC15M-26MAY101415-15 side=yes reason=exchange_position_without_local_state trigger=11 top_of_book=11 book=[11:704, 12:2633.03, 13:121, 14:472.45, 15:81] trust=synced
2026-05-10 14:10:40,913 | INFO | Execution state | market=KXBTC15M-26MAY101415-15 side=yes state=abandoned reason=exchange_position_without_local_state trust=synced run_id=701eafae-120a-4218-b788-4c52dba4504e
2026-05-10 14:10:40,916 | INFO | Mushroom v28 entry approved | market=KXBTC15M-26MAY101415-15 side=yes ask=11c max_buy=11c qty=2 p_side=0.1420 edge=3.200c depth=704 btc_age_ms=391.0 secs_to_close=259.08
2026-05-10 14:10:40,930 | INFO | Execution state | market=KXBTC15M-26MAY101415-15 side=yes state=eligible reason=pre_filters_disabled trust=synced run_id=701eafae-120a-4218-b788-4c52dba4504e
2026-05-10 14:10:40,932 | INFO | Execution deferred | market=KXBTC15M-26MAY101415-15 side=yes reason=exchange_position_without_local_state trigger=11 top_of_book=11 book=[11:704, 12:2633.03, 13:121, 14:472.45, 15:81] trust=synced
2026-05-10 14:10:40,933 | INFO | Execution state | market=KXBTC15M-26MAY101415-15 side=yes state=abandoned reason=exchange_position_without_local_state trust=synced run_id=701eafae-120a-4218-b788-4c52dba4504e
2026-05-10 14:10:40,933 | INFO | Mushroom v28 entry approved | market=KXBTC15M-26MAY101415-15 side=yes ask=11c max_buy=11c qty=2 p_side=0.1420 edge=3.199c depth=2244 btc_age_ms=406.0 secs_to_close=259.07
2026-05-10 14:10:40,949 | INFO | Execution state | market=KXBTC15M-26MAY101415-15 side=yes state=eligible reason=pre_filters_disabled trust=synced run_id=701eafae-120a-4218-b788-4c52dba4504e
2026-05-10 14:10:40,949 | INFO | Execution deferred | market=KXBTC15M-26MAY101415-15 side=yes reason=exchange_position_without_local_state trigger=11 top_of_book=11 book=[11:2244, 12:1093.03, 13:121, 14:471.45, 15:81] trust=synced
2026-05-10 14:10:40,949 | INFO | Execution state | market=KXBTC15M-26MAY101415-15 side=yes state=abandoned reason=exchange_position_without_local_state trust=synced run_id=701eafae-120a-4218-b788-4c52dba4504e
2026-05-10 14:10:40,956 | INFO | Mushroom v28 entry approved | market=KXBTC15M-26MAY101415-15 side=yes ask=11c max_buy=11c qty=2 p_side=0.1420 edge=3.199c depth=2244 btc_age_ms=438.0 secs_to_close=259.05
2026-05-10 14:10:40,970 | INFO | Execution state | market=KXBTC15M-26MAY101415-15 side=yes state=eligible reason=pre_filters_disabled trust=synced run_id=701eafae-120a-4218-b788-4c52dba4504e
2026-05-10 14:10:40,973 | INFO | Execution deferred | market=KXBTC15M-26MAY101415-15 side=yes reason=exchange_position_without_local_state trigger=11 top_of_book=11 book=[11:2244, 12:1093.03, 13:121, 14:471.45, 15:81] trust=synced
2026-05-10 14:10:40,973 | INFO | Execution state | market=KXBTC15M-26MAY101415-15 side=yes state=abandoned reason=exchange_position_without_local_state trust=synced run_id=701eafae-120a-4218-b788-4c52dba4504e
2026-05-10 14:10:40,978 | INFO | Mushroom v28 entry approved | market=KXBTC15M-26MAY101415-15 side=yes ask=11c max_buy=11c qty=2 p_side=0.1420 edge=3.199c depth=2244 btc_age_ms=453.0 secs_to_close=259.03
2026-05-10 14:10:40,989 | INFO | Execution state | market=KXBTC15M-26MAY101415-15 side=yes state=eligible reason=pre_filters_disabled trust=synced run_id=701eafae-120a-4218-b788-4c52dba4504e
2026-05-10 14:10:40,992 | INFO | Execution deferred | market=KXBTC15M-26MAY101415-15 side=yes reason=exchange_position_without_local_state trigger=11 top_of_book=11 book=[11:2244, 12:1093.03, 13:121, 14:471.45, 15:81] trust=synced
2026-05-10 14:10:40,992 | INFO | Execution state | market=KXBTC15M-26MAY101415-15 side=yes state=abandoned reason=exchange_position_without_local_state trust=synced run_id=701eafae-120a-4218-b788-4c52dba4504e
2026-05-10 14:10:40,996 | INFO | Mushroom v28 entry approved | market=KXBTC15M-26MAY101415-15 side=yes ask=11c max_buy=11c qty=2 p_side=0.1420 edge=3.199c depth=2285 btc_age_ms=469.0 secs_to_close=259.01
2026-05-10 14:10:41,008 | INFO | Execution state | market=KXBTC15M-26MAY101415-15 side=yes state=eligible reason=pre_filters_disabled trust=synced run_id=701eafae-120a-4218-b788-4c52dba4504e
2026-05-10 14:10:41,008 | INFO | Execution deferred | market=KXBTC15M-26MAY101415-15 side=yes reason=exchange_position_without_local_state trigger=11 top_of_book=11 book=[11:2285, 12:1093.03, 13:121, 14:471.45, 15:81] trust=synced
2026-05-10 14:10:41,013 | INFO | Execution state | market=KXBTC15M-26MAY101415-15 side=yes state=abandoned reason=exchange_position_without_local_state trust=synced run_id=701eafae-120a-4218-b788-4c52dba4504e
2026-05-10 14:10:41,018 | INFO | Mushroom v28 entry approved | market=KXBTC15M-26MAY101415-15 side=yes ask=11c max_buy=11c qty=2 p_side=0.1420 edge=3.198c depth=2295 btc_age_ms=500.0 secs_to_close=258.98
2026-05-10 14:10:41,035 | INFO | Execution state | market=KXBTC15M-26MAY101415-15 side=yes state=eligible reason=pre_filters_disabled trust=synced run_id=701eafae-120a-4218-b788-4c52dba4504e
2026-05-10 14:10:41,035 | INFO | Execution deferred | market=KXBTC15M-26MAY101415-15 side=yes reason=exchange_position_without_local_state trigger=11 top_of_book=11 book=[11:2295, 12:1083.03, 13:121, 14:472.45, 15:81] trust=synced
2026-05-10 14:10:41,037 | INFO | Execution state | market=KXBTC15M-26MAY101415-15 side=yes state=abandoned reason=exchange_position_without_local_state trust=synced run_id=701eafae-120a-4218-b788-4c52dba4504e
2026-05-10 14:10:41,041 | INFO | Mushroom v28 entry approved | market=KXBTC15M-26MAY101415-15 side=yes ask=11c max_buy=11c qty=2 p_side=0.1420 edge=3.198c depth=2295 btc_age_ms=516.0 secs_to_close=258.96
2026-05-10 14:10:41,057 | INFO | Execution state | market=KXBTC15M-26MAY101415-15 side=yes state=eligible reason=pre_filters_disabled trust=synced run_id=701eafae-120a-4218-b788-4c52dba4504e
2026-05-10 14:10:41,057 | INFO | Execution deferred | market=KXBTC15M-26MAY101415-15 side=yes reason=exchange_position_without_local_state trigger=11 top_of_book=11 book=[11:2295, 12:1083.03, 13:521, 14:72.45, 15:81] trust=synced
2026-05-10 14:10:41,059 | INFO | Execution state | market=KXBTC15M-26MAY101415-15 side=yes state=abandoned reason=exchange_position_without_local_state trust=synced run_id=701eafae-120a-4218-b788-4c52dba4504e
2026-05-10 14:10:41,064 | INFO | Mushroom v28 entry approved | market=KXBTC15M-26MAY101415-15 side=yes ask=11c max_buy=11c qty=2 p_side=0.1420 edge=3.198c depth=2295 btc_age_ms=547.0 secs_to_close=258.94
2026-05-10 14:10:41,077 | INFO | Execution state | market=KXBTC15M-26MAY101415-15 side=yes state=eligible reason=pre_filters_disabled trust=synced run_id=701eafae-120a-4218-b788-4c52dba4504e
2026-05-10 14:10:41,077 | INFO | Execution deferred | market=KXBTC15M-26MAY101415-15 side=yes reason=exchange_position_without_local_state trigger=11 top_of_book=11 book=[11:2295, 12:1091.03, 13:521, 14:72.45, 15:81] trust=synced
2026-05-10 14:10:41,077 | INFO | Execution state | market=KXBTC15M-26MAY101415-15 side=yes state=abandoned reason=exchange_position_without_local_state trust=synced run_id=701eafae-120a-4218-b788-4c52dba4504e
2026-05-10 14:10:41,085 | INFO | Mushroom v28 entry approved | market=KXBTC15M-26MAY101415-15 side=yes ask=11c max_buy=11c qty=2 p_side=0.1420 edge=3.197c depth=2295 btc_age_ms=563.0 secs_to_close=258.92
2026-05-10 14:10:41,104 | INFO | Execution state | market=KXBTC15M-26MAY101415-15 side=yes state=eligible reason=pre_filters_disabled trust=synced run_id=701eafae-120a-4218-b788-4c52dba4504e
2026-05-10 14:10:41,105 | INFO | Execution deferred | market=KXBTC15M-26MAY101415-15 side=yes reason=exchange_position_without_local_state trigger=11 top_of_book=11 book=[11:2295, 12:1091.03, 13:521, 14:72.45, 15:81] trust=synced
2026-05-10 14:10:41,105 | INFO | Execution state | market=KXBTC15M-26MAY101415-15 side=yes state=abandoned reason=exchange_position_without_local_state trust=synced run_id=701eafae-120a-4218-b788-4c52dba4504e
2026-05-10 14:10:41,110 | INFO | Mushroom v28 entry approved | market=KXBTC15M-26MAY101415-15 side=yes ask=11c max_buy=11c qty=2 p_side=0.1420 edge=3.197c depth=2295 btc_age_ms=578.0 secs_to_close=258.89
2026-05-10 14:10:41,124 | INFO | Execution state | market=KXBTC15M-26MAY101415-15 side=yes state=eligible reason=pre_filters_disabled trust=synced run_id=701eafae-120a-4218-b788-4c52dba4504e
2026-05-10 14:10:41,126 | INFO | Execution deferred | market=KXBTC15M-26MAY101415-15 side=yes reason=exchange_position_without_local_state trigger=11 top_of_book=11 book=[11:2295, 12:1091.03, 13:521, 14:72.45, 15:81] trust=synced
2026-05-10 14:10:41,126 | INFO | Execution state | market=KXBTC15M-26MAY101415-15 side=yes state=abandoned reason=exchange_position_without_local_state trust=synced run_id=701eafae-120a-4218-b788-4c52dba4504e
2026-05-10 14:10:41,130 | INFO | Mushroom v28 entry approved | market=KXBTC15M-26MAY101415-15 side=yes ask=11c max_buy=11c qty=2 p_side=0.1420 edge=3.197c depth=2295 btc_age_ms=610.0 secs_to_close=258.87
2026-05-10 14:10:41,138 | INFO | Execution state | market=KXBTC15M-26MAY101415-15 side=yes state=eligible reason=pre_filters_disabled trust=synced run_id=701eafae-120a-4218-b788-4c52dba4504e
2026-05-10 14:10:41,146 | INFO | Execution deferred | market=KXBTC15M-26MAY101415-15 side=yes reason=exchange_position_without_local_state trigger=11 top_of_book=11 book=[11:2295, 12:1491.03, 13:121, 14:72.45, 15:81] trust=synced
2026-05-10 14:10:41,147 | INFO | Execution state | market=KXBTC15M-26MAY101415-15 side=yes state=abandoned reason=exchange_position_without_local_state trust=synced run_id=701eafae-120a-4218-b788-4c52dba4504e
2026-05-10 14:10:41,147 | INFO | Mushroom v28 entry approved | market=KXBTC15M-26MAY101415-15 side=yes ask=11c max_buy=11c qty=2 p_side=0.1420 edge=3.197c depth=2295 btc_age_ms=625.0 secs_to_close=258.85
2026-05-10 14:10:41,164 | INFO | Execution state | market=KXBTC15M-26MAY101415-15 side=yes state=eligible reason=pre_filters_disabled trust=synced run_id=701eafae-120a-4218-b788-4c52dba4504e
2026-05-10 14:10:41,164 | INFO | Execution deferred | market=KXBTC15M-26MAY101415-15 side=yes reason=exchange_position_without_local_state trigger=11 top_of_book=11 book=[11:2295, 12:1491.03, 13:121, 14:72.45, 15:81] trust=synced
2026-05-10 14:10:41,166 | INFO | Execution state | market=KXBTC15M-26MAY101415-15 side=yes state=abandoned reason=exchange_position_without_local_state trust=synced run_id=701eafae-120a-4218-b788-4c52dba4504e
2026-05-10 14:10:41,179 | INFO | Mushroom v28 entry approved | market=KXBTC15M-26MAY101415-15 side=yes ask=11c max_buy=11c qty=2 p_side=0.1420 edge=3.196c depth=2295 btc_age_ms=656.0 secs_to_close=258.83
2026-05-10 14:10:41,193 | INFO | Execution state | market=KXBTC15M-26MAY101415-15 side=yes state=eligible reason=pre_filters_disabled trust=synced run_id=701eafae-120a-4218-b788-4c52dba4504e
2026-05-10 14:10:41,193 | INFO | Execution deferred | market=KXBTC15M-26MAY101415-15 side=yes reason=exchange_position_without_local_state trigger=11 top_of_book=11 book=[11:2295, 12:1491.03, 13:121, 14:72.45, 15:81] trust=synced
2026-05-10 14:10:41,193 | INFO | Execution state | market=KXBTC15M-26MAY101415-15 side=yes state=abandoned reason=exchange_position_without_local_state trust=synced run_id=701eafae-120a-4218-b788-4c52dba4504e
2026-05-10 14:10:41,193 | INFO | Mushroom v28 entry approved | market=KXBTC15M-26MAY101415-15 side=yes ask=11c max_buy=11c qty=2 p_side=0.1420 edge=3.196c depth=2295 btc_age_ms=672.0 secs_to_close=258.81
2026-05-10 14:10:41,213 | INFO | Execution state | market=KXBTC15M-26MAY101415-15 side=yes state=eligible reason=pre_filters_disabled trust=synced run_id=701eafae-120a-4218-b788-4c52dba4504e
2026-05-10 14:10:41,214 | INFO | Execution deferred | market=KXBTC15M-26MAY101415-15 side=yes reason=exchange_position_without_local_state trigger=11 top_of_book=11 book=[11:2295, 12:1091.03, 13:521, 14:72.45, 15:81] trust=synced
2026-05-10 14:10:41,214 | INFO | Execution state | market=KXBTC15M-26MAY101415-15 side=yes state=abandoned reason=exchange_position_without_local_state trust=synced run_id=701eafae-120a-4218-b788-4c52dba4504e
2026-05-10 14:10:41,216 | INFO | Mushroom v28 entry approved | market=KXBTC15M-26MAY101415-15 side=yes ask=11c max_buy=11c qty=2 p_side=0.1420 edge=3.196c depth=2295 btc_age_ms=703.0 secs_to_close=258.78
2026-05-10 14:10:41,231 | INFO | Execution state | market=KXBTC15M-26MAY101415-15 side=yes state=eligible reason=pre_filters_disabled trust=synced run_id=701eafae-120a-4218-b788-4c52dba4504e
2026-05-10 14:10:41,231 | INFO | Execution deferred | market=KXBTC15M-26MAY101415-15 side=yes reason=exchange_position_without_local_state trigger=11 top_of_book=11 book=[11:2295, 12:1091.03, 13:521, 14:72.45, 15:81] trust=synced
2026-05-10 14:10:41,231 | INFO | Execution state | market=KXBTC15M-26MAY101415-15 side=yes state=abandoned reason=exchange_position_without_local_state trust=synced run_id=701eafae-120a-4218-b788-4c52dba4504e
2026-05-10 14:10:41,240 | INFO | Mushroom v28 entry approved | market=KXBTC15M-26MAY101415-15 side=yes ask=11c max_buy=11c qty=2 p_side=0.1420 edge=3.195c depth=2295 btc_age_ms=719.0 secs_to_close=258.76
2026-05-10 14:10:41,248 | INFO | Execution state | market=KXBTC15M-26MAY101415-15 side=yes state=eligible reason=pre_filters_disabled trust=synced run_id=701eafae-120a-4218-b788-4c52dba4504e
2026-05-10 14:10:41,248 | INFO | Execution deferred | market=KXBTC15M-26MAY101415-15 side=yes reason=exchange_position_without_local_state trigger=11 top_of_book=11 book=[11:2295, 12:1091.03, 13:522, 14:72.45, 15:81] trust=synced
2026-05-10 14:10:41,248 | INFO | Execution state | market=KXBTC15M-26MAY101415-15 side=yes state=abandoned reason=exchange_position_without_local_state trust=synced run_id=701eafae-120a-4218-b788-4c52dba4504e
2026-05-10 14:10:41,271 | INFO | Mushroom v28 entry approved | market=KXBTC15M-26MAY101415-15 side=yes ask=11c max_buy=11c qty=2 p_side=0.1419 edge=3.195c depth=2295 btc_age_ms=750.0 secs_to_close=258.73
2026-05-10 14:10:41,289 | INFO | Execution state | market=KXBTC15M-26MAY101415-15 side=yes state=eligible reason=pre_filters_disabled trust=synced run_id=701eafae-120a-4218-b788-4c52dba4504e
2026-05-10 14:10:41,289 | INFO | Execution deferred | market=KXBTC15M-26MAY101415-15 side=yes reason=exchange_position_without_local_state trigger=11 top_of_book=11 book=[11:2295, 12:1091.03, 13:521, 14:72.45, 15:81] trust=synced
2026-05-10 14:10:41,289 | INFO | Execution state | market=KXBTC15M-26MAY101415-15 side=yes state=abandoned reason=exchange_position_without_local_state trust=synced run_id=701eafae-120a-4218-b788-4c52dba4504e
2026-05-10 14:10:41,294 | INFO | Mushroom v28 entry approved | market=KXBTC15M-26MAY101415-15 side=yes ask=11c max_buy=11c qty=2 p_side=0.1419 edge=3.195c depth=2295 btc_age_ms=766.0 secs_to_close=258.71
2026-05-10 14:10:41,304 | INFO | Execution state | market=KXBTC15M-26MAY101415-15 side=yes state=eligible reason=pre_filters_disabled trust=synced run_id=701eafae-120a-4218-b788-4c52dba4504e
2026-05-10 14:10:41,304 | INFO | Execution deferred | market=KXBTC15M-26MAY101415-15 side=yes reason=exchange_position_without_local_state trigger=11 top_of_book=11 book=[11:2295, 12:1091.03, 13:521, 14:72.45, 15:81] trust=synced
2026-05-10 14:10:41,304 | INFO | Execution state | market=KXBTC15M-26MAY101415-15 side=yes state=abandoned reason=exchange_position_without_local_state trust=synced run_id=701eafae-120a-4218-b788-4c52dba4504e
2026-05-10 14:10:41,311 | INFO | Mushroom v28 entry approved | market=KXBTC15M-26MAY101415-15 side=yes ask=11c max_buy=11c qty=2 p_side=0.1419 edge=3.194c depth=2295 btc_age_ms=797.0 secs_to_close=258.69
2026-05-10 14:10:41,325 | INFO | Execution state | market=KXBTC15M-26MAY101415-15 side=yes state=eligible reason=pre_filters_disabled trust=synced run_id=701eafae-120a-4218-b788-4c52dba4504e
2026-05-10 14:10:41,325 | INFO | Execution deferred | market=KXBTC15M-26MAY101415-15 side=yes reason=exchange_position_without_local_state trigger=11 top_of_book=11 book=[11:2295, 12:1091.03, 13:521, 14:72.45, 15:81] trust=synced
2026-05-10 14:10:41,325 | INFO | Execution state | market=KXBTC15M-26MAY101415-15 side=yes state=abandoned reason=exchange_position_without_local_state trust=synced run_id=701eafae-120a-4218-b788-4c52dba4504e
2026-05-10 14:10:41,331 | INFO | Mushroom v28 entry approved | market=KXBTC15M-26MAY101415-15 side=yes ask=11c max_buy=11c qty=2 p_side=0.1419 edge=3.194c depth=2295 btc_age_ms=813.0 secs_to_close=258.67
2026-05-10 14:10:41,343 | INFO | Execution state | market=KXBTC15M-26MAY101415-15 side=yes state=eligible reason=pre_filters_disabled trust=synced run_id=701eafae-120a-4218-b788-4c52dba4504e
2026-05-10 14:10:41,343 | INFO | Execution deferred | market=KXBTC15M-26MAY101415-15 side=yes reason=exchange_position_without_local_state trigger=11 top_of_book=11 book=[11:2295, 12:1091.03, 13:521, 14:72.45, 15:81] trust=synced
2026-05-10 14:10:41,343 | INFO | Execution state | market=KXBTC15M-26MAY101415-15 side=yes state=abandoned reason=exchange_position_without_local_state trust=synced run_id=701eafae-120a-4218-b788-4c52dba4504e
2026-05-10 14:10:41,347 | INFO | Mushroom v28 entry approved | market=KXBTC15M-26MAY101415-15 side=yes ask=11c max_buy=11c qty=2 p_side=0.1419 edge=3.194c depth=2295 btc_age_ms=828.0 secs_to_close=258.65
2026-05-10 14:10:41,359 | INFO | Execution state | market=KXBTC15M-26MAY101415-15 side=yes state=eligible reason=pre_filters_disabled trust=synced run_id=701eafae-120a-4218-b788-4c52dba4504e
2026-05-10 14:10:41,361 | INFO | Execution deferred | market=KXBTC15M-26MAY101415-15 side=yes reason=exchange_position_without_local_state trigger=11 top_of_book=11 book=[11:2295, 12:1091.03, 13:521, 14:72.45, 15:81] trust=synced
2026-05-10 14:10:41,361 | INFO | Execution state | market=KXBTC15M-26MAY101415-15 side=yes state=abandoned reason=exchange_position_without_local_state trust=synced run_id=701eafae-120a-4218-b788-4c52dba4504e
2026-05-10 14:10:41,361 | INFO | Mushroom v28 entry approved | market=KXBTC15M-26MAY101415-15 side=yes ask=11c max_buy=11c qty=2 p_side=0.1419 edge=3.194c depth=2295 btc_age_ms=844.0 secs_to_close=258.64
2026-05-10 14:10:41,376 | INFO | Execution state | market=KXBTC15M-26MAY101415-15 side=yes state=eligible reason=pre_filters_disabled trust=synced run_id=701eafae-120a-4218-b788-4c52dba4504e
2026-05-10 14:10:41,376 | INFO | Execution deferred | market=KXBTC15M-26MAY101415-15 side=yes reason=exchange_position_without_local_state trigger=11 top_of_book=11 book=[11:2295, 12:1091.03, 13:521, 14:72.45, 15:81] trust=synced
2026-05-10 14:10:41,376 | INFO | Execution state | market=KXBTC15M-26MAY101415-15 side=yes state=abandoned reason=exchange_position_without_local_state trust=synced run_id=701eafae-120a-4218-b788-4c52dba4504e
2026-05-10 14:10:41,376 | INFO | Mushroom v28 entry approved | market=KXBTC15M-26MAY101415-15 side=yes ask=11c max_buy=11c qty=2 p_side=0.1419 edge=3.194c depth=2295 btc_age_ms=860.0 secs_to_close=258.62
2026-05-10 14:10:41,392 | INFO | Execution state | market=KXBTC15M-26MAY101415-15 side=yes state=eligible reason=pre_filters_disabled trust=synced run_id=701eafae-120a-4218-b788-4c52dba4504e
2026-05-10 14:10:41,392 | INFO | Execution deferred | market=KXBTC15M-26MAY101415-15 side=yes reason=exchange_position_without_local_state trigger=11 top_of_book=11 book=[11:2295, 12:1091.03, 13:521, 14:72.45, 15:81] trust=synced
2026-05-10 14:10:41,392 | INFO | Execution state | market=KXBTC15M-26MAY101415-15 side=yes state=abandoned reason=exchange_position_without_local_state trust=synced run_id=701eafae-120a-4218-b788-4c52dba4504e
2026-05-10 14:10:41,400 | INFO | Mushroom v28 entry approved | market=KXBTC15M-26MAY101415-15 side=yes ask=11c max_buy=11c qty=2 p_side=0.1419 edge=3.193c depth=2184 btc_age_ms=875.0 secs_to_close=258.61
2026-05-10 14:10:41,409 | INFO | Execution state | market=KXBTC15M-26MAY101415-15 side=yes state=eligible reason=pre_filters_disabled trust=synced run_id=701eafae-120a-4218-b788-4c52dba4504e
2026-05-10 14:10:41,409 | INFO | Execution deferred | market=KXBTC15M-26MAY101415-15 side=yes reason=exchange_position_without_local_state trigger=11 top_of_book=11 book=[11:2184, 12:1202.03, 13:521, 14:72.45, 15:81] trust=synced
2026-05-10 14:10:41,415 | INFO | Execution state | market=KXBTC15M-26MAY101415-15 side=yes state=abandoned reason=exchange_position_without_local_state trust=synced run_id=701eafae-120a-4218-b788-4c52dba4504e
2026-05-10 14:10:41,417 | INFO | Mushroom v28 entry approved | market=KXBTC15M-26MAY101415-15 side=yes ask=11c max_buy=11c qty=2 p_side=0.1419 edge=3.193c depth=2184 btc_age_ms=891.0 secs_to_close=258.58
2026-05-10 14:10:41,425 | INFO | Execution state | market=KXBTC15M-26MAY101415-15 side=yes state=eligible reason=pre_filters_disabled trust=synced run_id=701eafae-120a-4218-b788-4c52dba4504e
2026-05-10 14:10:41,425 | INFO | Execution deferred | market=KXBTC15M-26MAY101415-15 side=yes reason=exchange_position_without_local_state trigger=11 top_of_book=11 book=[11:2184, 12:1202.03, 13:521, 14:72.45, 15:81] trust=synced
2026-05-10 14:10:41,425 | INFO | Execution state | market=KXBTC15M-26MAY101415-15 side=yes state=abandoned reason=exchange_position_without_local_state trust=synced run_id=701eafae-120a-4218-b788-4c52dba4504e
2026-05-10 14:10:41,434 | INFO | Mushroom v28 entry approved | market=KXBTC15M-26MAY101415-15 side=yes ask=11c max_buy=11c qty=2 p_side=0.1419 edge=3.193c depth=2184 btc_age_ms=922.0 secs_to_close=258.57
2026-05-10 14:10:41,450 | INFO | Execution state | market=KXBTC15M-26MAY101415-15 side=yes state=eligible reason=pre_filters_disabled trust=synced run_id=701eafae-120a-4218-b788-4c52dba4504e
2026-05-10 14:10:41,450 | INFO | Execution deferred | market=KXBTC15M-26MAY101415-15 side=yes reason=exchange_position_without_local_state trigger=11 top_of_book=11 book=[11:2184, 12:1202.03, 13:521, 14:72.45, 15:81] trust=synced
2026-05-10 14:10:41,450 | INFO | Execution state | market=KXBTC15M-26MAY101415-15 side=yes state=abandoned reason=exchange_position_without_local_state trust=synced run_id=701eafae-120a-4218-b788-4c52dba4504e
2026-05-10 14:10:41,467 | INFO | Mushroom v28 entry approved | market=KXBTC15M-26MAY101415-15 side=yes ask=11c max_buy=11c qty=2 p_side=0.1419 edge=3.192c depth=2184 btc_age_ms=953.0 secs_to_close=258.53
2026-05-10 14:10:41,482 | INFO | Execution state | market=KXBTC15M-26MAY101415-15 side=yes state=eligible reason=pre_filters_disabled trust=synced run_id=701eafae-120a-4218-b788-4c52dba4504e
2026-05-10 14:10:41,482 | INFO | Execution deferred | market=KXBTC15M-26MAY101415-15 side=yes reason=exchange_position_without_local_state trigger=11 top_of_book=11 book=[11:2184, 12:1202.03, 13:521, 14:72.45, 15:81] trust=synced
2026-05-10 14:10:41,483 | INFO | Execution state | market=KXBTC15M-26MAY101415-15 side=yes state=abandoned reason=exchange_position_without_local_state trust=synced run_id=701eafae-120a-4218-b788-4c52dba4504e
2026-05-10 14:10:41,483 | INFO | Mushroom v28 entry approved | market=KXBTC15M-26MAY101415-15 side=yes ask=11c max_buy=11c qty=2 p_side=0.1419 edge=3.192c depth=2184 btc_age_ms=969.0 secs_to_close=258.52
2026-05-10 14:10:41,500 | INFO | Execution state | market=KXBTC15M-26MAY101415-15 side=yes state=eligible reason=pre_filters_disabled trust=synced run_id=701eafae-120a-4218-b788-4c52dba4504e
2026-05-10 14:10:41,500 | INFO | Execution deferred | market=KXBTC15M-26MAY101415-15 side=yes reason=exchange_position_without_local_state trigger=11 top_of_book=11 book=[11:2184, 12:1202.03, 13:521, 14:72.45, 15:81] trust=synced
2026-05-10 14:10:41,500 | INFO | Execution state | market=KXBTC15M-26MAY101415-15 side=yes state=abandoned reason=exchange_position_without_local_state trust=synced run_id=701eafae-120a-4218-b788-4c52dba4504e
2026-05-10 14:10:41,507 | INFO | Mushroom v28 entry approved | market=KXBTC15M-26MAY101415-15 side=yes ask=11c max_buy=11c qty=2 p_side=0.1419 edge=3.192c depth=2184 btc_age_ms=985.0 secs_to_close=258.49
2026-05-10 14:10:41,523 | INFO | Execution state | market=KXBTC15M-26MAY101415-15 side=yes state=eligible reason=pre_filters_disabled trust=synced run_id=701eafae-120a-4218-b788-4c52dba4504e
2026-05-10 14:10:41,523 | INFO | Execution deferred | market=KXBTC15M-26MAY101415-15 side=yes reason=exchange_position_without_local_state trigger=11 top_of_book=11 book=[11:2184, 12:1202.03, 13:521, 14:72.45, 15:81] trust=synced
2026-05-10 14:10:41,523 | INFO | Execution state | market=KXBTC15M-26MAY101415-15 side=yes state=abandoned reason=exchange_position_without_local_state trust=synced run_id=701eafae-120a-4218-b788-4c52dba4504e
2026-05-10 14:10:41,531 | INFO | Mushroom v28 entry approved | market=KXBTC15M-26MAY101415-15 side=yes ask=11c max_buy=11c qty=2 p_side=0.1419 edge=3.192c depth=2184 btc_age_ms=1000.0 secs_to_close=258.48
2026-05-10 14:10:41,545 | INFO | Execution state | market=KXBTC15M-26MAY101415-15 side=yes state=eligible reason=pre_filters_disabled trust=synced run_id=701eafae-120a-4218-b788-4c52dba4504e
2026-05-10 14:10:41,545 | INFO | Execution deferred | market=KXBTC15M-26MAY101415-15 side=yes reason=exchange_position_without_local_state trigger=11 top_of_book=11 book=[11:2184, 12:1202.03, 13:521, 14:72.45, 15:81] trust=synced
2026-05-10 14:10:41,545 | INFO | Execution state | market=KXBTC15M-26MAY101415-15 side=yes state=abandoned reason=exchange_position_without_local_state trust=synced run_id=701eafae-120a-4218-b788-4c52dba4504e
2026-05-10 14:10:41,549 | INFO | Mushroom v28 entry approved | market=KXBTC15M-26MAY101415-15 side=yes ask=11c max_buy=11c qty=2 p_side=0.1419 edge=3.191c depth=2084 btc_age_ms=1031.0 secs_to_close=258.45
2026-05-10 14:10:41,562 | INFO | Execution state | market=KXBTC15M-26MAY101415-15 side=yes state=eligible reason=pre_filters_disabled trust=synced run_id=701eafae-120a-4218-b788-4c52dba4504e
2026-05-10 14:10:41,564 | INFO | Execution deferred | market=KXBTC15M-26MAY101415-15 side=yes reason=exchange_position_without_local_state trigger=11 top_of_book=11 book=[11:2084, 12:1202.03, 13:521, 14:72.45, 15:81] trust=synced
2026-05-10 14:10:41,564 | INFO | Execution state | market=KXBTC15M-26MAY101415-15 side=yes state=abandoned reason=exchange_position_without_local_state trust=synced run_id=701eafae-120a-4218-b788-4c52dba4504e
2026-05-10 14:10:52,974 | INFO | Mushroom v28 BTC REST fallback refreshed stale tick | previous_age_ms=3047.0 threshold_ms=3000.0 source=coinbase_spot_rest
2026-05-10 14:10:52,990 | INFO | Mushroom v28 entry approved | market=KXBTC15M-26MAY101415-15 side=yes ask=11c max_buy=11c qty=2 p_side=0.1368 edge=2.685c depth=2738.65 btc_age_ms=16.0 secs_to_close=247.01
2026-05-10 14:10:53,001 | INFO | Execution state | market=KXBTC15M-26MAY101415-15 side=yes state=eligible reason=pre_filters_disabled trust=synced run_id=701eafae-120a-4218-b788-4c52dba4504e
2026-05-10 14:10:53,001 | INFO | Execution deferred | market=KXBTC15M-26MAY101415-15 side=yes reason=exchange_position_without_local_state trigger=11 top_of_book=11 book=[11:2738.65, 12:1604.03, 13:221, 14:72.45, 15:231] trust=synced
2026-05-10 14:10:53,001 | INFO | Execution state | market=KXBTC15M-26MAY101415-15 side=yes state=abandoned reason=exchange_position_without_local_state trust=synced run_id=701eafae-120a-4218-b788-4c52dba4504e
2026-05-10 14:10:53,059 | INFO | Mushroom v28 entry approved | market=KXBTC15M-26MAY101415-15 side=yes ask=11c max_buy=11c qty=2 p_side=0.1368 edge=2.684c depth=2738.65 btc_age_ms=78.0 secs_to_close=246.94
2026-05-10 14:10:53,073 | INFO | Execution state | market=KXBTC15M-26MAY101415-15 side=yes state=eligible reason=pre_filters_disabled trust=synced run_id=701eafae-120a-4218-b788-4c52dba4504e
2026-05-10 14:10:53,073 | INFO | Execution deferred | market=KXBTC15M-26MAY101415-15 side=yes reason=exchange_position_without_local_state trigger=11 top_of_book=11 book=[11:2738.65, 12:1604.03, 13:221, 14:72.45, 15:81] trust=synced
2026-05-10 14:10:53,075 | INFO | Execution state | market=KXBTC15M-26MAY101415-15 side=yes state=abandoned reason=exchange_position_without_local_state trust=synced run_id=701eafae-120a-4218-b788-4c52dba4504e
2026-05-10 14:10:53,080 | INFO | Mushroom v28 entry approved | market=KXBTC15M-26MAY101415-15 side=yes ask=11c max_buy=11c qty=2 p_side=0.1368 edge=2.684c depth=2738.65 btc_age_ms=110.0 secs_to_close=246.92
2026-05-10 14:10:53,088 | INFO | Execution state | market=KXBTC15M-26MAY101415-15 side=yes state=eligible reason=pre_filters_disabled trust=synced run_id=701eafae-120a-4218-b788-4c52dba4504e
2026-05-10 14:10:53,088 | INFO | Execution deferred | market=KXBTC15M-26MAY101415-15 side=yes reason=exchange_position_without_local_state trigger=11 top_of_book=11 book=[11:2738.65, 12:1604.03, 13:221, 14:72.45, 15:81] trust=synced
2026-05-10 14:10:53,088 | INFO | Execution state | market=KXBTC15M-26MAY101415-15 side=yes state=abandoned reason=exchange_position_without_local_state trust=synced run_id=701eafae-120a-4218-b788-4c52dba4504e
2026-05-10 14:10:53,096 | INFO | Mushroom v28 entry approved | market=KXBTC15M-26MAY101415-15 side=yes ask=11c max_buy=11c qty=2 p_side=0.1368 edge=2.683c depth=2738.65 btc_age_ms=125.0 secs_to_close=246.90
2026-05-10 14:10:53,113 | INFO | Execution state | market=KXBTC15M-26MAY101415-15 side=yes state=eligible reason=pre_filters_disabled trust=synced run_id=701eafae-120a-4218-b788-4c52dba4504e
2026-05-10 14:10:53,114 | INFO | Execution deferred | market=KXBTC15M-26MAY101415-15 side=yes reason=exchange_position_without_local_state trigger=11 top_of_book=11 book=[11:2738.65, 12:1604.03, 13:221, 14:72.45, 15:81] trust=synced
2026-05-10 14:10:53,114 | INFO | Execution state | market=KXBTC15M-26MAY101415-15 side=yes state=abandoned reason=exchange_position_without_local_state trust=synced run_id=701eafae-120a-4218-b788-4c52dba4504e
2026-05-10 14:10:53,137 | INFO | Mushroom v28 entry approved | market=KXBTC15M-26MAY101415-15 side=yes ask=11c max_buy=11c qty=2 p_side=0.1368 edge=2.683c depth=2738.65 btc_age_ms=172.0 secs_to_close=246.86
2026-05-10 14:10:53,154 | INFO | Execution state | market=KXBTC15M-26MAY101415-15 side=yes state=eligible reason=pre_filters_disabled trust=synced run_id=701eafae-120a-4218-b788-4c52dba4504e
2026-05-10 14:10:53,158 | INFO | Execution deferred | market=KXBTC15M-26MAY101415-15 side=yes reason=exchange_position_without_local_state trigger=11 top_of_book=11 book=[11:2738.65, 12:1604.03, 13:221, 14:72.45, 15:81] trust=synced
2026-05-10 14:10:53,158 | INFO | Execution state | market=KXBTC15M-26MAY101415-15 side=yes state=abandoned reason=exchange_position_without_local_state trust=synced run_id=701eafae-120a-4218-b788-4c52dba4504e
2026-05-10 14:10:53,212 | INFO | Mushroom v28 entry approved | market=KXBTC15M-26MAY101415-15 side=yes ask=11c max_buy=11c qty=2 p_side=0.1368 edge=2.682c depth=2738.65 btc_age_ms=235.0 secs_to_close=246.79
2026-05-10 14:10:53,230 | INFO | Execution state | market=KXBTC15M-26MAY101415-15 side=yes state=eligible reason=pre_filters_disabled trust=synced run_id=701eafae-120a-4218-b788-4c52dba4504e
2026-05-10 14:10:53,230 | INFO | Execution deferred | market=KXBTC15M-26MAY101415-15 side=yes reason=exchange_position_without_local_state trigger=11 top_of_book=11 book=[11:2738.65, 12:1604.03, 13:221, 14:72.45, 15:81] trust=synced
2026-05-10 14:10:53,230 | INFO | Execution state | market=KXBTC15M-26MAY101415-15 side=yes state=abandoned reason=exchange_position_without_local_state trust=synced run_id=701eafae-120a-4218-b788-4c52dba4504e
2026-05-10 14:10:53,237 | INFO | Mushroom v28 entry approved | market=KXBTC15M-26MAY101415-15 side=yes ask=11c max_buy=11c qty=2 p_side=0.1368 edge=2.682c depth=2738.65 btc_age_ms=250.0 secs_to_close=246.77
2026-05-10 14:10:53,246 | INFO | Execution state | market=KXBTC15M-26MAY101415-15 side=yes state=eligible reason=pre_filters_disabled trust=synced run_id=701eafae-120a-4218-b788-4c52dba4504e
2026-05-10 14:10:53,246 | INFO | Execution deferred | market=KXBTC15M-26MAY101415-15 side=yes reason=exchange_position_without_local_state trigger=11 top_of_book=11 book=[11:2738.65, 12:1604.03, 13:221, 14:72.45, 15:81] trust=synced
2026-05-10 14:10:53,246 | INFO | Execution state | market=KXBTC15M-26MAY101415-15 side=yes state=abandoned reason=exchange_position_without_local_state trust=synced run_id=701eafae-120a-4218-b788-4c52dba4504e
2026-05-10 14:10:53,253 | INFO | Mushroom v28 entry approved | market=KXBTC15M-26MAY101415-15 side=yes ask=11c max_buy=11c qty=2 p_side=0.1368 edge=2.681c depth=2738.65 btc_age_ms=282.0 secs_to_close=246.75
2026-05-10 14:10:53,269 | INFO | Execution state | market=KXBTC15M-26MAY101415-15 side=yes state=eligible reason=pre_filters_disabled trust=synced run_id=701eafae-120a-4218-b788-4c52dba4504e
2026-05-10 14:10:53,275 | INFO | Execution deferred | market=KXBTC15M-26MAY101415-15 side=yes reason=exchange_position_without_local_state trigger=11 top_of_book=11 book=[11:2738.65, 12:1604.03, 13:221, 14:72.45, 15:81] trust=synced
2026-05-10 14:10:53,275 | INFO | Execution state | market=KXBTC15M-26MAY101415-15 side=yes state=abandoned reason=exchange_position_without_local_state trust=synced run_id=701eafae-120a-4218-b788-4c52dba4504e
2026-05-10 14:10:53,318 | INFO | Mushroom v28 entry approved | market=KXBTC15M-26MAY101415-15 side=yes ask=11c max_buy=11c qty=2 p_side=0.1368 edge=2.681c depth=2738.65 btc_age_ms=344.0 secs_to_close=246.69
2026-05-10 14:10:53,334 | INFO | Execution state | market=KXBTC15M-26MAY101415-15 side=yes state=eligible reason=pre_filters_disabled trust=synced run_id=701eafae-120a-4218-b788-4c52dba4504e
2026-05-10 14:10:53,334 | INFO | Execution deferred | market=KXBTC15M-26MAY101415-15 side=yes reason=exchange_position_without_local_state trigger=11 top_of_book=11 book=[11:2738.65, 12:1604.03, 13:221, 14:72.45, 15:81] trust=synced
2026-05-10 14:10:53,334 | INFO | Execution state | market=KXBTC15M-26MAY101415-15 side=yes state=abandoned reason=exchange_position_without_local_state trust=synced run_id=701eafae-120a-4218-b788-4c52dba4504e
2026-05-10 14:10:53,342 | INFO | Mushroom v28 entry approved | market=KXBTC15M-26MAY101415-15 side=yes ask=11c max_buy=11c qty=2 p_side=0.1368 edge=2.680c depth=2738.65 btc_age_ms=360.0 secs_to_close=246.67
2026-05-10 14:10:53,354 | INFO | Execution state | market=KXBTC15M-26MAY101415-15 side=yes state=eligible reason=pre_filters_disabled trust=synced run_id=701eafae-120a-4218-b788-4c52dba4504e
2026-05-10 14:10:53,356 | INFO | Execution deferred | market=KXBTC15M-26MAY101415-15 side=yes reason=exchange_position_without_local_state trigger=11 top_of_book=11 book=[11:2738.65, 12:1604.03, 13:221, 14:72.45, 15:81] trust=synced
2026-05-10 14:10:53,356 | INFO | Execution state | market=KXBTC15M-26MAY101415-15 side=yes state=abandoned reason=exchange_position_without_local_state trust=synced run_id=701eafae-120a-4218-b788-4c52dba4504e
2026-05-10 14:10:53,358 | INFO | Mushroom v28 entry approved | market=KXBTC15M-26MAY101415-15 side=yes ask=11c max_buy=11c qty=2 p_side=0.1368 edge=2.680c depth=2695.87 btc_age_ms=391.0 secs_to_close=246.64
2026-05-10 14:10:53,374 | INFO | Execution state | market=KXBTC15M-26MAY101415-15 side=yes state=eligible reason=pre_filters_disabled trust=synced run_id=701eafae-120a-4218-b788-4c52dba4504e
2026-05-10 14:10:53,377 | INFO | Execution deferred | market=KXBTC15M-26MAY101415-15 side=yes reason=exchange_position_without_local_state trigger=11 top_of_book=11 book=[11:2695.87, 12:1604.03, 13:221, 14:72.45, 15:81] trust=synced
2026-05-10 14:10:53,377 | INFO | Execution state | market=KXBTC15M-26MAY101415-15 side=yes state=abandoned reason=exchange_position_without_local_state trust=synced run_id=701eafae-120a-4218-b788-4c52dba4504e
2026-05-10 14:10:53,377 | INFO | Mushroom v28 entry approved | market=KXBTC15M-26MAY101415-15 side=yes ask=11c max_buy=11c qty=2 p_side=0.1368 edge=2.680c depth=2695.87 btc_age_ms=407.0 secs_to_close=246.62
2026-05-10 14:10:53,393 | INFO | Execution state | market=KXBTC15M-26MAY101415-15 side=yes state=eligible reason=pre_filters_disabled trust=synced run_id=701eafae-120a-4218-b788-4c52dba4504e
2026-05-10 14:10:53,395 | INFO | Execution deferred | market=KXBTC15M-26MAY101415-15 side=yes reason=exchange_position_without_local_state trigger=11 top_of_book=11 book=[11:2695.87, 12:1604.03, 13:221, 14:72.45, 15:81] trust=synced
2026-05-10 14:10:53,395 | INFO | Execution state | market=KXBTC15M-26MAY101415-15 side=yes state=abandoned reason=exchange_position_without_local_state trust=synced run_id=701eafae-120a-4218-b788-4c52dba4504e
2026-05-10 14:10:53,415 | INFO | Mushroom v28 entry approved | market=KXBTC15M-26MAY101415-15 side=yes ask=11c max_buy=11c qty=2 p_side=0.1368 edge=2.679c depth=2695.87 btc_age_ms=438.0 secs_to_close=246.58
2026-05-10 14:10:53,432 | INFO | Execution state | market=KXBTC15M-26MAY101415-15 side=yes state=eligible reason=pre_filters_disabled trust=synced run_id=701eafae-120a-4218-b788-4c52dba4504e
2026-05-10 14:10:53,432 | INFO | Execution deferred | market=KXBTC15M-26MAY101415-15 side=yes reason=exchange_position_without_local_state trigger=11 top_of_book=11 book=[11:2695.87, 12:1604.03, 13:221, 14:72.45, 15:81] trust=synced
2026-05-10 14:10:53,432 | INFO | Execution state | market=KXBTC15M-26MAY101415-15 side=yes state=abandoned reason=exchange_position_without_local_state trust=synced run_id=701eafae-120a-4218-b788-4c52dba4504e
2026-05-10 14:10:53,440 | INFO | Mushroom v28 entry approved | market=KXBTC15M-26MAY101415-15 side=yes ask=11c max_buy=11c qty=2 p_side=0.1368 edge=2.679c depth=2695.87 btc_age_ms=453.0 secs_to_close=246.57
2026-05-10 14:10:53,450 | INFO | Execution state | market=KXBTC15M-26MAY101415-15 side=yes state=eligible reason=pre_filters_disabled trust=synced run_id=701eafae-120a-4218-b788-4c52dba4504e
2026-05-10 14:10:53,450 | INFO | Execution deferred | market=KXBTC15M-26MAY101415-15 side=yes reason=exchange_position_without_local_state trigger=11 top_of_book=11 book=[11:2695.87, 12:1604.03, 13:221, 14:72.45, 15:81] trust=synced
2026-05-10 14:10:53,450 | INFO | Execution state | market=KXBTC15M-26MAY101415-15 side=yes state=abandoned reason=exchange_position_without_local_state trust=synced run_id=701eafae-120a-4218-b788-4c52dba4504e
2026-05-10 14:10:53,462 | INFO | Mushroom v28 entry approved | market=KXBTC15M-26MAY101415-15 side=yes ask=11c max_buy=11c qty=2 p_side=0.1368 edge=2.679c depth=2695.87 btc_age_ms=485.0 secs_to_close=246.54
2026-05-10 14:10:53,477 | INFO | Execution state | market=KXBTC15M-26MAY101415-15 side=yes state=eligible reason=pre_filters_disabled trust=synced run_id=701eafae-120a-4218-b788-4c52dba4504e
2026-05-10 14:10:53,477 | INFO | Execution deferred | market=KXBTC15M-26MAY101415-15 side=yes reason=exchange_position_without_local_state trigger=11 top_of_book=11 book=[11:2695.87, 12:1604.03, 13:221, 14:72.45, 15:81] trust=synced
2026-05-10 14:10:53,479 | INFO | Execution state | market=KXBTC15M-26MAY101415-15 side=yes state=abandoned reason=exchange_position_without_local_state trust=synced run_id=701eafae-120a-4218-b788-4c52dba4504e
2026-05-10 14:10:53,497 | INFO | Mushroom v28 entry approved | market=KXBTC15M-26MAY101415-15 side=yes ask=11c max_buy=11c qty=2 p_side=0.1368 edge=2.678c depth=2695.87 btc_age_ms=516.0 secs_to_close=246.50
2026-05-10 14:10:53,506 | INFO | Execution state | market=KXBTC15M-26MAY101415-15 side=yes state=eligible reason=pre_filters_disabled trust=synced run_id=701eafae-120a-4218-b788-4c52dba4504e
2026-05-10 14:10:53,506 | INFO | Execution deferred | market=KXBTC15M-26MAY101415-15 side=yes reason=exchange_position_without_local_state trigger=11 top_of_book=11 book=[11:2695.87, 12:1604.03, 13:221, 14:72.45, 15:81] trust=synced
2026-05-10 14:10:53,514 | INFO | Execution state | market=KXBTC15M-26MAY101415-15 side=yes state=abandoned reason=exchange_position_without_local_state trust=synced run_id=701eafae-120a-4218-b788-4c52dba4504e
2026-05-10 14:10:53,522 | INFO | Mushroom v28 entry approved | market=KXBTC15M-26MAY101415-15 side=yes ask=11c max_buy=11c qty=2 p_side=0.1368 edge=2.678c depth=2695.87 btc_age_ms=547.0 secs_to_close=246.48
2026-05-10 14:10:53,539 | INFO | Execution state | market=KXBTC15M-26MAY101415-15 side=yes state=eligible reason=pre_filters_disabled trust=synced run_id=701eafae-120a-4218-b788-4c52dba4504e
2026-05-10 14:10:53,544 | INFO | Execution deferred | market=KXBTC15M-26MAY101415-15 side=yes reason=exchange_position_without_local_state trigger=11 top_of_book=11 book=[11:2695.87, 12:1604.03, 13:221, 14:72.45, 15:81] trust=synced
2026-05-10 14:10:53,544 | INFO | Execution state | market=KXBTC15M-26MAY101415-15 side=yes state=abandoned reason=exchange_position_without_local_state trust=synced run_id=701eafae-120a-4218-b788-4c52dba4504e
2026-05-10 14:10:53,564 | INFO | Mushroom v28 entry approved | market=KXBTC15M-26MAY101415-15 side=yes ask=11c max_buy=11c qty=2 p_side=0.1368 edge=2.677c depth=2695.87 btc_age_ms=578.0 secs_to_close=246.44
2026-05-10 14:10:53,573 | INFO | Execution state | market=KXBTC15M-26MAY101415-15 side=yes state=eligible reason=pre_filters_disabled trust=synced run_id=701eafae-120a-4218-b788-4c52dba4504e
2026-05-10 14:10:53,573 | INFO | Execution deferred | market=KXBTC15M-26MAY101415-15 side=yes reason=exchange_position_without_local_state trigger=11 top_of_book=11 book=[11:2695.87, 12:1604.03, 13:221, 14:72.45, 15:81] trust=synced
2026-05-10 14:10:53,573 | INFO | Execution state | market=KXBTC15M-26MAY101415-15 side=yes state=abandoned reason=exchange_position_without_local_state trust=synced run_id=701eafae-120a-4218-b788-4c52dba4504e
2026-05-10 14:10:53,831 | INFO | Mushroom v28 entry approved | market=KXBTC15M-26MAY101415-15 side=yes ask=11c max_buy=11c qty=2 p_side=0.1367 edge=2.674c depth=2695.87 btc_age_ms=860.0 secs_to_close=246.17
2026-05-10 14:10:53,854 | INFO | Execution state | market=KXBTC15M-26MAY101415-15 side=yes state=eligible reason=pre_filters_disabled trust=synced run_id=701eafae-120a-4218-b788-4c52dba4504e
2026-05-10 14:10:53,855 | INFO | Execution deferred | market=KXBTC15M-26MAY101415-15 side=yes reason=exchange_position_without_local_state trigger=11 top_of_book=11 book=[11:2695.87, 12:1604.03, 13:222, 14:72.45, 15:81] trust=synced
2026-05-10 14:10:53,856 | INFO | Execution state | market=KXBTC15M-26MAY101415-15 side=yes state=abandoned reason=exchange_position_without_local_state trust=synced run_id=701eafae-120a-4218-b788-4c52dba4504e
2026-05-10 14:10:53,881 | INFO | Mushroom v28 entry approved | market=KXBTC15M-26MAY101415-15 side=yes ask=11c max_buy=11c qty=2 p_side=0.1367 edge=2.673c depth=2695.87 btc_age_ms=907.0 secs_to_close=246.12
2026-05-10 14:10:53,897 | INFO | Execution state | market=KXBTC15M-26MAY101415-15 side=yes state=eligible reason=pre_filters_disabled trust=synced run_id=701eafae-120a-4218-b788-4c52dba4504e
2026-05-10 14:10:53,897 | INFO | Execution deferred | market=KXBTC15M-26MAY101415-15 side=yes reason=exchange_position_without_local_state trigger=11 top_of_book=11 book=[11:2695.87, 12:1604.03, 13:222, 14:72.45, 15:81] trust=synced
2026-05-10 14:10:53,900 | INFO | Execution state | market=KXBTC15M-26MAY101415-15 side=yes state=abandoned reason=exchange_position_without_local_state trust=synced run_id=701eafae-120a-4218-b788-4c52dba4504e
2026-05-10 14:10:53,913 | INFO | Mushroom v28 entry approved | market=KXBTC15M-26MAY101415-15 side=yes ask=11c max_buy=11c qty=2 p_side=0.1367 edge=2.672c depth=2695.87 btc_age_ms=938.0 secs_to_close=246.09
2026-05-10 14:10:53,929 | INFO | Execution state | market=KXBTC15M-26MAY101415-15 side=yes state=eligible reason=pre_filters_disabled trust=synced run_id=701eafae-120a-4218-b788-4c52dba4504e
2026-05-10 14:10:53,929 | INFO | Execution deferred | market=KXBTC15M-26MAY101415-15 side=yes reason=exchange_position_without_local_state trigger=11 top_of_book=11 book=[11:2695.87, 12:1604.03, 13:221, 14:72.45, 15:81] trust=synced
2026-05-10 14:10:53,929 | INFO | Execution state | market=KXBTC15M-26MAY101415-15 side=yes state=abandoned reason=exchange_position_without_local_state trust=synced run_id=701eafae-120a-4218-b788-4c52dba4504e
2026-05-10 14:10:53,934 | INFO | Mushroom v28 entry approved | market=KXBTC15M-26MAY101415-15 side=yes ask=11c max_buy=11c qty=2 p_side=0.1367 edge=2.672c depth=2695.87 btc_age_ms=953.0 secs_to_close=246.07
2026-05-10 14:10:53,946 | INFO | Execution state | market=KXBTC15M-26MAY101415-15 side=yes state=eligible reason=pre_filters_disabled trust=synced run_id=701eafae-120a-4218-b788-4c52dba4504e
2026-05-10 14:10:53,946 | INFO | Execution deferred | market=KXBTC15M-26MAY101415-15 side=yes reason=exchange_position_without_local_state trigger=11 top_of_book=11 book=[11:2695.87, 12:1604.03, 13:221, 14:72.45, 15:81] trust=synced
2026-05-10 14:10:53,946 | INFO | Execution state | market=KXBTC15M-26MAY101415-15 side=yes state=abandoned reason=exchange_position_without_local_state trust=synced run_id=701eafae-120a-4218-b788-4c52dba4504e
2026-05-10 14:10:53,953 | INFO | Mushroom v28 entry approved | market=KXBTC15M-26MAY101415-15 side=yes ask=11c max_buy=11c qty=2 p_side=0.1367 edge=2.672c depth=2695.87 btc_age_ms=969.0 secs_to_close=246.05
2026-05-10 14:10:53,970 | INFO | Execution state | market=KXBTC15M-26MAY101415-15 side=yes state=eligible reason=pre_filters_disabled trust=synced run_id=701eafae-120a-4218-b788-4c52dba4504e
2026-05-10 14:10:53,970 | INFO | Execution deferred | market=KXBTC15M-26MAY101415-15 side=yes reason=exchange_position_without_local_state trigger=11 top_of_book=11 book=[11:2695.87, 12:1604.03, 13:221, 14:72.45, 15:81] trust=synced
2026-05-10 14:10:53,970 | INFO | Execution state | market=KXBTC15M-26MAY101415-15 side=yes state=abandoned reason=exchange_position_without_local_state trust=synced run_id=701eafae-120a-4218-b788-4c52dba4504e
2026-05-10 14:10:53,970 | INFO | Heartbeat | watch=KXBTC15M-26MAY101415-15 yes_bid=10 yes_ask=11 no_bid=89 no_ask=90 book_ready=True position=False pending=False dry_run=False trust=synced run_id=701eafae-120a-4218-b788-4c52dba4504e
2026-05-10 14:10:53,977 | INFO | Mushroom v28 entry approved | market=KXBTC15M-26MAY101415-15 side=yes ask=11c max_buy=11c qty=2 p_side=0.1367 edge=2.672c depth=2695.87 btc_age_ms=1000.0 secs_to_close=246.02
2026-05-10 14:10:53,992 | INFO | Execution state | market=KXBTC15M-26MAY101415-15 side=yes state=eligible reason=pre_filters_disabled trust=synced run_id=701eafae-120a-4218-b788-4c52dba4504e
2026-05-10 14:10:53,994 | INFO | Execution deferred | market=KXBTC15M-26MAY101415-15 side=yes reason=exchange_position_without_local_state trigger=11 top_of_book=11 book=[11:2695.87, 12:1604.03, 13:221, 14:72.45, 15:81] trust=synced
2026-05-10 14:10:53,994 | INFO | Execution state | market=KXBTC15M-26MAY101415-15 side=yes state=abandoned reason=exchange_position_without_local_state trust=synced run_id=701eafae-120a-4218-b788-4c52dba4504e
2026-05-10 14:10:54,006 | INFO | Mushroom v28 entry approved | market=KXBTC15M-26MAY101415-15 side=yes ask=11c max_buy=11c qty=2 p_side=0.1367 edge=2.671c depth=2695.87 btc_age_ms=1032.0 secs_to_close=246.00
2026-05-10 14:10:54,018 | INFO | Execution state | market=KXBTC15M-26MAY101415-15 side=yes state=eligible reason=pre_filters_disabled trust=synced run_id=701eafae-120a-4218-b788-4c52dba4504e
2026-05-10 14:10:54,018 | INFO | Execution deferred | market=KXBTC15M-26MAY101415-15 side=yes reason=exchange_position_without_local_state trigger=11 top_of_book=11 book=[11:2695.87, 12:1604.03, 13:221, 14:72.45, 15:81] trust=synced
2026-05-10 14:10:54,018 | INFO | Execution state | market=KXBTC15M-26MAY101415-15 side=yes state=abandoned reason=exchange_position_without_local_state trust=synced run_id=701eafae-120a-4218-b788-4c52dba4504e
2026-05-10 14:10:54,026 | INFO | Mushroom v28 entry approved | market=KXBTC15M-26MAY101415-15 side=yes ask=11c max_buy=11c qty=2 p_side=0.1367 edge=2.671c depth=3095.87 btc_age_ms=1047.0 secs_to_close=245.98
2026-05-10 14:10:54,037 | INFO | Execution state | market=KXBTC15M-26MAY101415-15 side=yes state=eligible reason=pre_filters_disabled trust=synced run_id=701eafae-120a-4218-b788-4c52dba4504e
2026-05-10 14:10:54,037 | INFO | Execution deferred | market=KXBTC15M-26MAY101415-15 side=yes reason=exchange_position_without_local_state trigger=11 top_of_book=11 book=[11:3095.87, 12:1204.03, 13:221, 14:72.45, 15:81] trust=synced
2026-05-10 14:10:54,037 | INFO | Execution state | market=KXBTC15M-26MAY101415-15 side=yes state=abandoned reason=exchange_position_without_local_state trust=synced run_id=701eafae-120a-4218-b788-4c52dba4504e
2026-05-10 14:10:54,043 | INFO | Mushroom v28 entry approved | market=KXBTC15M-26MAY101415-15 side=yes ask=11c max_buy=11c qty=2 p_side=0.1367 edge=2.671c depth=3095.87 btc_age_ms=1063.0 secs_to_close=245.96
2026-05-10 14:10:54,051 | INFO | Execution state | market=KXBTC15M-26MAY101415-15 side=yes state=eligible reason=pre_filters_disabled trust=synced run_id=701eafae-120a-4218-b788-4c52dba4504e
2026-05-10 14:10:54,051 | INFO | Execution deferred | market=KXBTC15M-26MAY101415-15 side=yes reason=exchange_position_without_local_state trigger=11 top_of_book=11 book=[11:3095.87, 12:1204.03, 13:221, 14:72.45, 15:81] trust=synced
2026-05-10 14:10:54,051 | INFO | Execution state | market=KXBTC15M-26MAY101415-15 side=yes state=abandoned reason=exchange_position_without_local_state trust=synced run_id=701eafae-120a-4218-b788-4c52dba4504e
2026-05-10 14:10:54,061 | INFO | Mushroom v28 entry approved | market=KXBTC15M-26MAY101415-15 side=yes ask=11c max_buy=11c qty=2 p_side=0.1367 edge=2.670c depth=3095.87 btc_age_ms=1094.0 secs_to_close=245.94
2026-05-10 14:10:54,072 | INFO | Execution state | market=KXBTC15M-26MAY101415-15 side=yes state=eligible reason=pre_filters_disabled trust=synced run_id=701eafae-120a-4218-b788-4c52dba4504e
2026-05-10 14:10:54,074 | INFO | Execution deferred | market=KXBTC15M-26MAY101415-15 side=yes reason=exchange_position_without_local_state trigger=11 top_of_book=11 book=[11:3095.87, 12:1204.03, 13:221, 14:72.45, 15:81] trust=synced
2026-05-10 14:10:54,074 | INFO | Execution state | market=KXBTC15M-26MAY101415-15 side=yes state=abandoned reason=exchange_position_without_local_state trust=synced run_id=701eafae-120a-4218-b788-4c52dba4504e
2026-05-10 14:10:54,079 | INFO | Mushroom v28 entry approved | market=KXBTC15M-26MAY101415-15 side=yes ask=11c max_buy=11c qty=2 p_side=0.1367 edge=2.670c depth=3095.87 btc_age_ms=1110.0 secs_to_close=245.92
2026-05-10 14:10:54,091 | INFO | Execution state | market=KXBTC15M-26MAY101415-15 side=yes state=eligible reason=pre_filters_disabled trust=synced run_id=701eafae-120a-4218-b788-4c52dba4504e
2026-05-10 14:10:54,093 | INFO | Execution deferred | market=KXBTC15M-26MAY101415-15 side=yes reason=exchange_position_without_local_state trigger=11 top_of_book=11 book=[11:3095.87, 12:1204.03, 13:222, 14:72.45, 15:81] trust=synced
2026-05-10 14:10:54,093 | INFO | Execution state | market=KXBTC15M-26MAY101415-15 side=yes state=abandoned reason=exchange_position_without_local_state trust=synced run_id=701eafae-120a-4218-b788-4c52dba4504e
2026-05-10 14:10:54,097 | INFO | Mushroom v28 entry approved | market=KXBTC15M-26MAY101415-15 side=yes ask=11c max_buy=11c qty=2 p_side=0.1367 edge=2.670c depth=3095.87 btc_age_ms=1125.0 secs_to_close=245.90
2026-05-10 14:10:54,110 | INFO | Execution state | market=KXBTC15M-26MAY101415-15 side=yes state=eligible reason=pre_filters_disabled trust=synced run_id=701eafae-120a-4218-b788-4c52dba4504e
2026-05-10 14:10:54,110 | INFO | Execution deferred | market=KXBTC15M-26MAY101415-15 side=yes reason=exchange_position_without_local_state trigger=11 top_of_book=11 book=[11:3095.87, 12:1204.03, 13:222, 14:72.45, 15:81] trust=synced
2026-05-10 14:10:54,110 | INFO | Execution state | market=KXBTC15M-26MAY101415-15 side=yes state=abandoned reason=exchange_position_without_local_state trust=synced run_id=701eafae-120a-4218-b788-4c52dba4504e
2026-05-10 14:10:54,115 | INFO | Mushroom v28 entry approved | market=KXBTC15M-26MAY101415-15 side=yes ask=11c max_buy=11c qty=2 p_side=0.1367 edge=2.670c depth=3095.87 btc_age_ms=1141.0 secs_to_close=245.89
2026-05-10 14:10:54,129 | INFO | Execution state | market=KXBTC15M-26MAY101415-15 side=yes state=eligible reason=pre_filters_disabled trust=synced run_id=701eafae-120a-4218-b788-4c52dba4504e
2026-05-10 14:10:54,129 | INFO | Execution deferred | market=KXBTC15M-26MAY101415-15 side=yes reason=exchange_position_without_local_state trigger=11 top_of_book=11 book=[11:3095.87, 12:1204.03, 13:222, 14:72.45, 15:81] trust=synced
2026-05-10 14:10:54,129 | INFO | Execution state | market=KXBTC15M-26MAY101415-15 side=yes state=abandoned reason=exchange_position_without_local_state trust=synced run_id=701eafae-120a-4218-b788-4c52dba4504e
2026-05-10 14:10:54,145 | INFO | Mushroom v28 entry approved | market=KXBTC15M-26MAY101415-15 side=yes ask=11c max_buy=11c qty=2 p_side=0.1367 edge=2.669c depth=3095.87 btc_age_ms=1172.0 secs_to_close=245.86
2026-05-10 14:10:54,159 | INFO | Execution state | market=KXBTC15M-26MAY101415-15 side=yes state=eligible reason=pre_filters_disabled trust=synced run_id=701eafae-120a-4218-b788-4c52dba4504e
2026-05-10 14:10:54,160 | INFO | Execution deferred | market=KXBTC15M-26MAY101415-15 side=yes reason=exchange_position_without_local_state trigger=11 top_of_book=11 book=[11:3095.87, 12:1204.03, 13:222, 14:72.45, 15:81] trust=synced
2026-05-10 14:10:54,160 | INFO | Execution state | market=KXBTC15M-26MAY101415-15 side=yes state=abandoned reason=exchange_position_without_local_state trust=synced run_id=701eafae-120a-4218-b788-4c52dba4504e
2026-05-10 14:10:54,163 | INFO | Mushroom v28 entry approved | market=KXBTC15M-26MAY101415-15 side=yes ask=11c max_buy=11c qty=2 p_side=0.1367 edge=2.669c depth=3095.87 btc_age_ms=1188.0 secs_to_close=245.84
2026-05-10 14:10:54,177 | INFO | Execution state | market=KXBTC15M-26MAY101415-15 side=yes state=eligible reason=pre_filters_disabled trust=synced run_id=701eafae-120a-4218-b788-4c52dba4504e
2026-05-10 14:10:54,177 | INFO | Execution deferred | market=KXBTC15M-26MAY101415-15 side=yes reason=exchange_position_without_local_state trigger=11 top_of_book=11 book=[11:3095.87, 12:1204.03, 13:222, 14:72.45, 15:81] trust=synced
2026-05-10 14:10:54,177 | INFO | Execution state | market=KXBTC15M-26MAY101415-15 side=yes state=abandoned reason=exchange_position_without_local_state trust=synced run_id=701eafae-120a-4218-b788-4c52dba4504e
2026-05-10 14:10:54,229 | INFO | Mushroom v28 entry approved | market=KXBTC15M-26MAY101415-15 side=yes ask=11c max_buy=11c qty=2 p_side=0.1367 edge=2.668c depth=3095.87 btc_age_ms=1250.0 secs_to_close=245.77
2026-05-10 14:10:54,244 | INFO | Execution state | market=KXBTC15M-26MAY101415-15 side=yes state=eligible reason=pre_filters_disabled trust=synced run_id=701eafae-120a-4218-b788-4c52dba4504e
2026-05-10 14:10:54,246 | INFO | Execution deferred | market=KXBTC15M-26MAY101415-15 side=yes reason=exchange_position_without_local_state trigger=11 top_of_book=11 book=[11:3095.87, 12:1204.03, 13:222, 14:72.45, 15:81] trust=synced
2026-05-10 14:10:54,246 | INFO | Execution state | market=KXBTC15M-26MAY101415-15 side=yes state=abandoned reason=exchange_position_without_local_state trust=synced run_id=701eafae-120a-4218-b788-4c52dba4504e
2026-05-10 14:10:54,274 | INFO | Mushroom v28 entry approved | market=KXBTC15M-26MAY101415-15 side=yes ask=11c max_buy=11c qty=2 p_side=0.1367 edge=2.668c depth=3095.87 btc_age_ms=1297.0 secs_to_close=245.73
2026-05-10 14:10:54,290 | INFO | Execution state | market=KXBTC15M-26MAY101415-15 side=yes state=eligible reason=pre_filters_disabled trust=synced run_id=701eafae-120a-4218-b788-4c52dba4504e
2026-05-10 14:10:54,290 | INFO | Execution deferred | market=KXBTC15M-26MAY101415-15 side=yes reason=exchange_position_without_local_state trigger=11 top_of_book=11 book=[11:3095.87, 12:1204.03, 13:222, 14:72.45, 15:81] trust=synced
2026-05-10 14:10:54,291 | INFO | Execution state | market=KXBTC15M-26MAY101415-15 side=yes state=abandoned reason=exchange_position_without_local_state trust=synced run_id=701eafae-120a-4218-b788-4c52dba4504e
2026-05-10 14:10:54,365 | INFO | Mushroom v28 entry approved | market=KXBTC15M-26MAY101415-15 side=yes ask=11c max_buy=11c qty=2 p_side=0.1367 edge=2.666c depth=3095.87 btc_age_ms=1391.0 secs_to_close=245.64
2026-05-10 14:10:54,384 | INFO | Execution state | market=KXBTC15M-26MAY101415-15 side=yes state=eligible reason=pre_filters_disabled trust=synced run_id=701eafae-120a-4218-b788-4c52dba4504e
2026-05-10 14:10:54,384 | INFO | Execution deferred | market=KXBTC15M-26MAY101415-15 side=yes reason=exchange_position_without_local_state trigger=11 top_of_book=11 book=[11:3095.87, 12:1204.03, 13:222, 14:72.45, 15:81] trust=synced
2026-05-10 14:10:54,386 | INFO | Execution state | market=KXBTC15M-26MAY101415-15 side=yes state=abandoned reason=exchange_position_without_local_state trust=synced run_id=701eafae-120a-4218-b788-4c52dba4504e
2026-05-10 14:11:01,133 | INFO | Mushroom v28 entry approved | market=KXBTC15M-26MAY101415-15 side=yes ask=9c max_buy=9c qty=2 p_side=0.1154 edge=2.540c depth=240 btc_age_ms=516.0 secs_to_close=238.88
2026-05-10 14:11:01,146 | INFO | Execution state | market=KXBTC15M-26MAY101415-15 side=yes state=eligible reason=pre_filters_disabled trust=synced run_id=701eafae-120a-4218-b788-4c52dba4504e
2026-05-10 14:11:01,146 | INFO | Execution deferred | market=KXBTC15M-26MAY101415-15 side=yes reason=exchange_position_without_local_state trigger=9 top_of_book=9 book=[9:240, 10:744, 11:3791.48, 12:82.16, 13:381] trust=synced
2026-05-10 14:11:01,146 | INFO | Execution state | market=KXBTC15M-26MAY101415-15 side=yes state=abandoned reason=exchange_position_without_local_state trust=synced run_id=701eafae-120a-4218-b788-4c52dba4504e
2026-05-10 14:11:01,153 | INFO | Mushroom v28 entry approved | market=KXBTC15M-26MAY101415-15 side=yes ask=9c max_buy=9c qty=2 p_side=0.1154 edge=2.540c depth=240 btc_age_ms=547.0 secs_to_close=238.85
2026-05-10 14:11:01,167 | INFO | Execution state | market=KXBTC15M-26MAY101415-15 side=yes state=eligible reason=pre_filters_disabled trust=synced run_id=701eafae-120a-4218-b788-4c52dba4504e
2026-05-10 14:11:01,167 | INFO | Execution deferred | market=KXBTC15M-26MAY101415-15 side=yes reason=exchange_position_without_local_state trigger=9 top_of_book=9 book=[9:240, 10:1244, 11:3291.48, 12:83.16, 13:381] trust=synced
2026-05-10 14:11:01,167 | INFO | Execution state | market=KXBTC15M-26MAY101415-15 side=yes state=abandoned reason=exchange_position_without_local_state trust=synced run_id=701eafae-120a-4218-b788-4c52dba4504e
2026-05-10 14:11:01,167 | INFO | Mushroom v28 entry approved | market=KXBTC15M-26MAY101415-15 side=yes ask=9c max_buy=9c qty=2 p_side=0.1154 edge=2.540c depth=240 btc_age_ms=563.0 secs_to_close=238.83
2026-05-10 14:11:01,184 | INFO | Execution state | market=KXBTC15M-26MAY101415-15 side=yes state=eligible reason=pre_filters_disabled trust=synced run_id=701eafae-120a-4218-b788-4c52dba4504e
2026-05-10 14:11:01,184 | INFO | Execution deferred | market=KXBTC15M-26MAY101415-15 side=yes reason=exchange_position_without_local_state trigger=9 top_of_book=9 book=[9:240, 10:1244, 11:3291.48, 12:83.16, 13:381] trust=synced
2026-05-10 14:11:01,185 | INFO | Execution state | market=KXBTC15M-26MAY101415-15 side=yes state=abandoned reason=exchange_position_without_local_state trust=synced run_id=701eafae-120a-4218-b788-4c52dba4504e
2026-05-10 14:11:01,190 | INFO | Mushroom v28 entry approved | market=KXBTC15M-26MAY101415-15 side=yes ask=9c max_buy=9c qty=2 p_side=0.1154 edge=2.539c depth=240 btc_age_ms=594.0 secs_to_close=238.81
2026-05-10 14:11:01,204 | INFO | Execution state | market=KXBTC15M-26MAY101415-15 side=yes state=eligible reason=pre_filters_disabled trust=synced run_id=701eafae-120a-4218-b788-4c52dba4504e
2026-05-10 14:11:01,204 | INFO | Execution deferred | market=KXBTC15M-26MAY101415-15 side=yes reason=exchange_position_without_local_state trigger=9 top_of_book=9 book=[9:240, 10:1244, 11:3291.48, 12:83.16, 13:381] trust=synced
2026-05-10 14:11:01,204 | INFO | Execution state | market=KXBTC15M-26MAY101415-15 side=yes state=abandoned reason=exchange_position_without_local_state trust=synced run_id=701eafae-120a-4218-b788-4c52dba4504e
2026-05-10 14:11:01,211 | INFO | Mushroom v28 entry approved | market=KXBTC15M-26MAY101415-15 side=yes ask=9c max_buy=9c qty=2 p_side=0.1154 edge=2.539c depth=792 btc_age_ms=610.0 secs_to_close=238.79
2026-05-10 14:11:01,224 | INFO | Execution state | market=KXBTC15M-26MAY101415-15 side=yes state=eligible reason=pre_filters_disabled trust=synced run_id=701eafae-120a-4218-b788-4c52dba4504e
2026-05-10 14:11:01,224 | INFO | Execution deferred | market=KXBTC15M-26MAY101415-15 side=yes reason=exchange_position_without_local_state trigger=9 top_of_book=9 book=[9:792, 10:2210, 11:1741.48, 12:83.16, 13:381] trust=synced
2026-05-10 14:11:01,224 | INFO | Execution state | market=KXBTC15M-26MAY101415-15 side=yes state=abandoned reason=exchange_position_without_local_state trust=synced run_id=701eafae-120a-4218-b788-4c52dba4504e
2026-05-10 14:11:01,232 | INFO | Mushroom v28 entry approved | market=KXBTC15M-26MAY101415-15 side=yes ask=9c max_buy=9c qty=2 p_side=0.1154 edge=2.539c depth=792 btc_age_ms=625.0 secs_to_close=238.77
2026-05-10 14:11:01,245 | INFO | Execution state | market=KXBTC15M-26MAY101415-15 side=yes state=eligible reason=pre_filters_disabled trust=synced run_id=701eafae-120a-4218-b788-4c52dba4504e
2026-05-10 14:11:01,245 | INFO | Execution deferred | market=KXBTC15M-26MAY101415-15 side=yes reason=exchange_position_without_local_state trigger=9 top_of_book=9 book=[9:792, 10:2210, 11:1741.48, 12:83.16, 13:381] trust=synced
2026-05-10 14:11:01,245 | INFO | Execution state | market=KXBTC15M-26MAY101415-15 side=yes state=abandoned reason=exchange_position_without_local_state trust=synced run_id=701eafae-120a-4218-b788-4c52dba4504e
2026-05-10 14:11:01,270 | INFO | Mushroom v28 entry approved | market=KXBTC15M-26MAY101415-15 side=yes ask=9c max_buy=9c qty=2 p_side=0.1154 edge=2.538c depth=792 btc_age_ms=31.0 secs_to_close=238.73
2026-05-10 14:11:01,280 | INFO | Execution state | market=KXBTC15M-26MAY101415-15 side=yes state=eligible reason=pre_filters_disabled trust=synced run_id=701eafae-120a-4218-b788-4c52dba4504e
2026-05-10 14:11:01,280 | INFO | Execution deferred | market=KXBTC15M-26MAY101415-15 side=yes reason=exchange_position_without_local_state trigger=9 top_of_book=9 book=[9:792, 10:2210, 11:1741.48, 12:82.16, 13:381] trust=synced
2026-05-10 14:11:01,286 | INFO | Execution state | market=KXBTC15M-26MAY101415-15 side=yes state=abandoned reason=exchange_position_without_local_state trust=synced run_id=701eafae-120a-4218-b788-4c52dba4504e
2026-05-10 14:11:01,287 | INFO | Mushroom v28 entry approved | market=KXBTC15M-26MAY101415-15 side=yes ask=9c max_buy=9c qty=2 p_side=0.1154 edge=2.538c depth=792 btc_age_ms=47.0 secs_to_close=238.71
2026-05-10 14:11:01,303 | INFO | Execution state | market=KXBTC15M-26MAY101415-15 side=yes state=eligible reason=pre_filters_disabled trust=synced run_id=701eafae-120a-4218-b788-4c52dba4504e
2026-05-10 14:11:01,303 | INFO | Execution deferred | market=KXBTC15M-26MAY101415-15 side=yes reason=exchange_position_without_local_state trigger=9 top_of_book=9 book=[9:792, 10:2210, 11:1741.48, 12:82.16, 13:381] trust=synced
2026-05-10 14:11:01,304 | INFO | Execution state | market=KXBTC15M-26MAY101415-15 side=yes state=abandoned reason=exchange_position_without_local_state trust=synced run_id=701eafae-120a-4218-b788-4c52dba4504e
2026-05-10 14:11:01,309 | INFO | Mushroom v28 entry approved | market=KXBTC15M-26MAY101415-15 side=yes ask=9c max_buy=9c qty=2 p_side=0.1154 edge=2.538c depth=792 btc_age_ms=62.0 secs_to_close=238.70
2026-05-10 14:11:01,320 | INFO | Execution state | market=KXBTC15M-26MAY101415-15 side=yes state=eligible reason=pre_filters_disabled trust=synced run_id=701eafae-120a-4218-b788-4c52dba4504e
2026-05-10 14:11:01,320 | INFO | Execution deferred | market=KXBTC15M-26MAY101415-15 side=yes reason=exchange_position_without_local_state trigger=9 top_of_book=9 book=[9:792, 10:2210, 11:1741.48, 12:82.16, 13:381] trust=synced
2026-05-10 14:11:01,320 | INFO | Execution state | market=KXBTC15M-26MAY101415-15 side=yes state=abandoned reason=exchange_position_without_local_state trust=synced run_id=701eafae-120a-4218-b788-4c52dba4504e
2026-05-10 14:11:01,327 | INFO | Mushroom v28 entry approved | market=KXBTC15M-26MAY101415-15 side=yes ask=9c max_buy=9c qty=2 p_side=0.1154 edge=2.538c depth=792 btc_age_ms=78.0 secs_to_close=238.68
2026-05-10 14:11:01,336 | INFO | Execution state | market=KXBTC15M-26MAY101415-15 side=yes state=eligible reason=pre_filters_disabled trust=synced run_id=701eafae-120a-4218-b788-4c52dba4504e
2026-05-10 14:11:01,336 | INFO | Execution deferred | market=KXBTC15M-26MAY101415-15 side=yes reason=exchange_position_without_local_state trigger=9 top_of_book=9 book=[9:792, 10:2210, 11:1741.48, 12:82.16, 13:381] trust=synced
2026-05-10 14:11:01,336 | INFO | Execution state | market=KXBTC15M-26MAY101415-15 side=yes state=abandoned reason=exchange_position_without_local_state trust=synced run_id=701eafae-120a-4218-b788-4c52dba4504e
2026-05-10 14:11:01,344 | INFO | Mushroom v28 entry approved | market=KXBTC15M-26MAY101415-15 side=yes ask=9c max_buy=9c qty=2 p_side=0.1154 edge=2.538c depth=792 btc_age_ms=109.0 secs_to_close=238.66
2026-05-10 14:11:01,358 | INFO | Execution state | market=KXBTC15M-26MAY101415-15 side=yes state=eligible reason=pre_filters_disabled trust=synced run_id=701eafae-120a-4218-b788-4c52dba4504e
2026-05-10 14:11:01,358 | INFO | Execution deferred | market=KXBTC15M-26MAY101415-15 side=yes reason=exchange_position_without_local_state trigger=9 top_of_book=9 book=[9:792, 10:2210, 11:1741.48, 12:82.16, 13:381] trust=synced
2026-05-10 14:11:01,358 | INFO | Execution state | market=KXBTC15M-26MAY101415-15 side=yes state=abandoned reason=exchange_position_without_local_state trust=synced run_id=701eafae-120a-4218-b788-4c52dba4504e
2026-05-10 14:11:01,369 | INFO | Mushroom v28 entry approved | market=KXBTC15M-26MAY101415-15 side=yes ask=9c max_buy=9c qty=2 p_side=0.1154 edge=2.537c depth=792 btc_age_ms=125.0 secs_to_close=238.63
2026-05-10 14:11:01,382 | INFO | Execution state | market=KXBTC15M-26MAY101415-15 side=yes state=eligible reason=pre_filters_disabled trust=synced run_id=701eafae-120a-4218-b788-4c52dba4504e
2026-05-10 14:11:01,382 | INFO | Execution deferred | market=KXBTC15M-26MAY101415-15 side=yes reason=exchange_position_without_local_state trigger=9 top_of_book=9 book=[9:792, 10:2210, 11:1741.48, 12:83.16, 13:381] trust=synced
2026-05-10 14:11:01,382 | INFO | Execution state | market=KXBTC15M-26MAY101415-15 side=yes state=abandoned reason=exchange_position_without_local_state trust=synced run_id=701eafae-120a-4218-b788-4c52dba4504e
2026-05-10 14:11:01,485 | INFO | Mushroom v28 entry approved | market=KXBTC15M-26MAY101415-15 side=yes ask=9c max_buy=9c qty=2 p_side=0.1154 edge=2.536c depth=792 btc_age_ms=250.0 secs_to_close=238.52
2026-05-10 14:11:01,501 | INFO | Execution state | market=KXBTC15M-26MAY101415-15 side=yes state=eligible reason=pre_filters_disabled trust=synced run_id=701eafae-120a-4218-b788-4c52dba4504e
2026-05-10 14:11:01,501 | INFO | Execution deferred | market=KXBTC15M-26MAY101415-15 side=yes reason=exchange_position_without_local_state trigger=9 top_of_book=9 book=[9:792, 10:2210, 11:1741.48, 12:83.16, 13:381] trust=synced
2026-05-10 14:11:01,501 | INFO | Execution state | market=KXBTC15M-26MAY101415-15 side=yes state=abandoned reason=exchange_position_without_local_state trust=synced run_id=701eafae-120a-4218-b788-4c52dba4504e
2026-05-10 14:11:01,512 | INFO | Mushroom v28 entry approved | market=KXBTC15M-26MAY101415-15 side=yes ask=9c max_buy=9c qty=2 p_side=0.1154 edge=2.536c depth=792 btc_age_ms=266.0 secs_to_close=238.49
2026-05-10 14:11:01,525 | INFO | Execution state | market=KXBTC15M-26MAY101415-15 side=yes state=eligible reason=pre_filters_disabled trust=synced run_id=701eafae-120a-4218-b788-4c52dba4504e
2026-05-10 14:11:01,525 | INFO | Execution deferred | market=KXBTC15M-26MAY101415-15 side=yes reason=exchange_position_without_local_state trigger=9 top_of_book=9 book=[9:792, 10:2210, 11:1741.48, 12:83.16, 13:381] trust=synced
2026-05-10 14:11:01,525 | INFO | Execution state | market=KXBTC15M-26MAY101415-15 side=yes state=abandoned reason=exchange_position_without_local_state trust=synced run_id=701eafae-120a-4218-b788-4c52dba4504e
2026-05-10 14:11:01,797 | INFO | Mushroom v28 entry approved | market=KXBTC15M-26MAY101415-15 side=yes ask=9c max_buy=9c qty=2 p_side=0.1153 edge=2.532c depth=792 btc_age_ms=562.0 secs_to_close=238.20
2026-05-10 14:11:01,810 | INFO | Execution state | market=KXBTC15M-26MAY101415-15 side=yes state=eligible reason=pre_filters_disabled trust=synced run_id=701eafae-120a-4218-b788-4c52dba4504e
2026-05-10 14:11:01,810 | INFO | Execution deferred | market=KXBTC15M-26MAY101415-15 side=yes reason=exchange_position_without_local_state trigger=9 top_of_book=9 book=[9:792, 10:2210, 11:1741.48, 12:83.16, 13:381] trust=synced
2026-05-10 14:11:01,810 | INFO | Execution state | market=KXBTC15M-26MAY101415-15 side=yes state=abandoned reason=exchange_position_without_local_state trust=synced run_id=701eafae-120a-4218-b788-4c52dba4504e
2026-05-10 14:11:01,821 | INFO | Mushroom v28 entry approved | market=KXBTC15M-26MAY101415-15 side=yes ask=9c max_buy=9c qty=2 p_side=0.1153 edge=2.532c depth=792 btc_age_ms=578.0 secs_to_close=238.19
2026-05-10 14:11:01,836 | INFO | Execution state | market=KXBTC15M-26MAY101415-15 side=yes state=eligible reason=pre_filters_disabled trust=synced run_id=701eafae-120a-4218-b788-4c52dba4504e
2026-05-10 14:11:01,836 | INFO | Execution deferred | market=KXBTC15M-26MAY101415-15 side=yes reason=exchange_position_without_local_state trigger=9 top_of_book=9 book=[9:792, 10:2210, 11:1741.48, 12:83.16, 13:381] trust=synced
2026-05-10 14:11:01,836 | INFO | Execution state | market=KXBTC15M-26MAY101415-15 side=yes state=abandoned reason=exchange_position_without_local_state trust=synced run_id=701eafae-120a-4218-b788-4c52dba4504e
2026-05-10 14:11:01,842 | INFO | Mushroom v28 entry approved | market=KXBTC15M-26MAY101415-15 side=yes ask=9c max_buy=9c qty=2 p_side=0.1153 edge=2.532c depth=792 btc_age_ms=594.0 secs_to_close=238.16
2026-05-10 14:11:01,850 | INFO | Execution state | market=KXBTC15M-26MAY101415-15 side=yes state=eligible reason=pre_filters_disabled trust=synced run_id=701eafae-120a-4218-b788-4c52dba4504e
2026-05-10 14:11:01,850 | INFO | Execution deferred | market=KXBTC15M-26MAY101415-15 side=yes reason=exchange_position_without_local_state trigger=9 top_of_book=9 book=[9:792, 10:2210, 11:1741.48, 12:83.16, 13:381] trust=synced
2026-05-10 14:11:01,850 | INFO | Execution state | market=KXBTC15M-26MAY101415-15 side=yes state=abandoned reason=exchange_position_without_local_state trust=synced run_id=701eafae-120a-4218-b788-4c52dba4504e
2026-05-10 14:11:01,859 | INFO | Mushroom v28 entry approved | market=KXBTC15M-26MAY101415-15 side=yes ask=9c max_buy=9c qty=2 p_side=0.1153 edge=2.532c depth=792 btc_age_ms=609.0 secs_to_close=238.15
2026-05-10 14:11:01,875 | INFO | Execution state | market=KXBTC15M-26MAY101415-15 side=yes state=eligible reason=pre_filters_disabled trust=synced run_id=701eafae-120a-4218-b788-4c52dba4504e
2026-05-10 14:11:01,875 | INFO | Execution deferred | market=KXBTC15M-26MAY101415-15 side=yes reason=exchange_position_without_local_state trigger=9 top_of_book=9 book=[9:792, 10:2210, 11:1741.48, 12:83.16, 13:381] trust=synced
2026-05-10 14:11:01,875 | INFO | Execution state | market=KXBTC15M-26MAY101415-15 side=yes state=abandoned reason=exchange_position_without_local_state trust=synced run_id=701eafae-120a-4218-b788-4c52dba4504e
2026-05-10 14:11:01,880 | INFO | Mushroom v28 entry approved | market=KXBTC15M-26MAY101415-15 side=yes ask=9c max_buy=9c qty=2 p_side=0.1153 edge=2.532c depth=792 btc_age_ms=641.0 secs_to_close=238.12
2026-05-10 14:11:01,891 | INFO | Execution state | market=KXBTC15M-26MAY101415-15 side=yes state=eligible reason=pre_filters_disabled trust=synced run_id=701eafae-120a-4218-b788-4c52dba4504e
2026-05-10 14:11:01,891 | INFO | Execution deferred | market=KXBTC15M-26MAY101415-15 side=yes reason=exchange_position_without_local_state trigger=9 top_of_book=9 book=[9:792, 10:2210, 11:1741.48, 12:83.16, 13:381] trust=synced
2026-05-10 14:11:01,891 | INFO | Execution state | market=KXBTC15M-26MAY101415-15 side=yes state=abandoned reason=exchange_position_without_local_state trust=synced run_id=701eafae-120a-4218-b788-4c52dba4504e
2026-05-10 14:11:01,899 | INFO | Mushroom v28 entry approved | market=KXBTC15M-26MAY101415-15 side=yes ask=9c max_buy=9c qty=2 p_side=0.1153 edge=2.531c depth=792 btc_age_ms=656.0 secs_to_close=238.10
2026-05-10 14:11:01,912 | INFO | Execution state | market=KXBTC15M-26MAY101415-15 side=yes state=eligible reason=pre_filters_disabled trust=synced run_id=701eafae-120a-4218-b788-4c52dba4504e
2026-05-10 14:11:01,914 | INFO | Execution deferred | market=KXBTC15M-26MAY101415-15 side=yes reason=exchange_position_without_local_state trigger=9 top_of_book=9 book=[9:792, 10:2210, 11:1741.48, 12:83.16, 13:381] trust=synced
2026-05-10 14:11:01,914 | INFO | Execution state | market=KXBTC15M-26MAY101415-15 side=yes state=abandoned reason=exchange_position_without_local_state trust=synced run_id=701eafae-120a-4218-b788-4c52dba4504e
2026-05-10 14:11:01,920 | INFO | Mushroom v28 entry approved | market=KXBTC15M-26MAY101415-15 side=yes ask=9c max_buy=9c qty=2 p_side=0.1153 edge=2.531c depth=792 btc_age_ms=687.0 secs_to_close=238.08
2026-05-10 14:11:01,934 | INFO | Execution state | market=KXBTC15M-26MAY101415-15 side=yes state=eligible reason=pre_filters_disabled trust=synced run_id=701eafae-120a-4218-b788-4c52dba4504e
2026-05-10 14:11:01,934 | INFO | Execution deferred | market=KXBTC15M-26MAY101415-15 side=yes reason=exchange_position_without_local_state trigger=9 top_of_book=9 book=[9:792, 10:2210, 11:1741.48, 12:83.16, 13:381] trust=synced
2026-05-10 14:11:01,934 | INFO | Execution state | market=KXBTC15M-26MAY101415-15 side=yes state=abandoned reason=exchange_position_without_local_state trust=synced run_id=701eafae-120a-4218-b788-4c52dba4504e
2026-05-10 14:11:01,940 | INFO | Mushroom v28 entry approved | market=KXBTC15M-26MAY101415-15 side=yes ask=9c max_buy=9c qty=2 p_side=0.1153 edge=2.531c depth=792 btc_age_ms=703.0 secs_to_close=238.06
2026-05-10 14:11:01,948 | INFO | Execution state | market=KXBTC15M-26MAY101415-15 side=yes state=eligible reason=pre_filters_disabled trust=synced run_id=701eafae-120a-4218-b788-4c52dba4504e
2026-05-10 14:11:01,948 | INFO | Execution deferred | market=KXBTC15M-26MAY101415-15 side=yes reason=exchange_position_without_local_state trigger=9 top_of_book=9 book=[9:792, 10:2210, 11:1741.48, 12:83.16, 13:381] trust=synced
2026-05-10 14:11:01,948 | INFO | Execution state | market=KXBTC15M-26MAY101415-15 side=yes state=abandoned reason=exchange_position_without_local_state trust=synced run_id=701eafae-120a-4218-b788-4c52dba4504e
2026-05-10 14:11:01,957 | INFO | Mushroom v28 entry approved | market=KXBTC15M-26MAY101415-15 side=yes ask=9c max_buy=9c qty=2 p_side=0.1153 edge=2.531c depth=792 btc_age_ms=719.0 secs_to_close=238.05
2026-05-10 14:11:01,964 | INFO | Execution state | market=KXBTC15M-26MAY101415-15 side=yes state=eligible reason=pre_filters_disabled trust=synced run_id=701eafae-120a-4218-b788-4c52dba4504e
2026-05-10 14:11:01,964 | INFO | Execution deferred | market=KXBTC15M-26MAY101415-15 side=yes reason=exchange_position_without_local_state trigger=9 top_of_book=9 book=[9:792, 10:2210, 11:1741.48, 12:83.16, 13:381] trust=synced
2026-05-10 14:11:01,964 | INFO | Execution state | market=KXBTC15M-26MAY101415-15 side=yes state=abandoned reason=exchange_position_without_local_state trust=synced run_id=701eafae-120a-4218-b788-4c52dba4504e
2026-05-10 14:11:01,981 | INFO | Mushroom v28 entry approved | market=KXBTC15M-26MAY101415-15 side=yes ask=9c max_buy=9c qty=2 p_side=0.1153 edge=2.530c depth=792 btc_age_ms=734.0 secs_to_close=238.02
2026-05-10 14:11:01,995 | INFO | Execution state | market=KXBTC15M-26MAY101415-15 side=yes state=eligible reason=pre_filters_disabled trust=synced run_id=701eafae-120a-4218-b788-4c52dba4504e
2026-05-10 14:11:01,995 | INFO | Execution deferred | market=KXBTC15M-26MAY101415-15 side=yes reason=exchange_position_without_local_state trigger=9 top_of_book=9 book=[9:792, 10:2210, 11:1741.48, 12:83.16, 13:381] trust=synced
2026-05-10 14:11:01,995 | INFO | Execution state | market=KXBTC15M-26MAY101415-15 side=yes state=abandoned reason=exchange_position_without_local_state trust=synced run_id=701eafae-120a-4218-b788-4c52dba4504e
2026-05-10 14:11:02,000 | INFO | Mushroom v28 entry approved | market=KXBTC15M-26MAY101415-15 side=yes ask=9c max_buy=9c qty=2 p_side=0.1153 edge=2.530c depth=792 btc_age_ms=766.0 secs_to_close=238.00
2026-05-10 14:11:02,014 | INFO | Execution state | market=KXBTC15M-26MAY101415-15 side=yes state=eligible reason=pre_filters_disabled trust=synced run_id=701eafae-120a-4218-b788-4c52dba4504e
2026-05-10 14:11:02,014 | INFO | Execution deferred | market=KXBTC15M-26MAY101415-15 side=yes reason=exchange_position_without_local_state trigger=9 top_of_book=9 book=[9:792, 10:2210, 11:1741.48, 12:83.16, 13:381] trust=synced
2026-05-10 14:11:02,014 | INFO | Execution state | market=KXBTC15M-26MAY101415-15 side=yes state=abandoned reason=exchange_position_without_local_state trust=synced run_id=701eafae-120a-4218-b788-4c52dba4504e
2026-05-10 14:11:02,014 | INFO | Mushroom v28 entry approved | market=KXBTC15M-26MAY101415-15 side=yes ask=9c max_buy=9c qty=2 p_side=0.1153 edge=2.530c depth=792 btc_age_ms=781.0 secs_to_close=237.99
2026-05-10 14:11:02,032 | INFO | Execution state | market=KXBTC15M-26MAY101415-15 side=yes state=eligible reason=pre_filters_disabled trust=synced run_id=701eafae-120a-4218-b788-4c52dba4504e
2026-05-10 14:11:02,034 | INFO | Execution deferred | market=KXBTC15M-26MAY101415-15 side=yes reason=exchange_position_without_local_state trigger=9 top_of_book=9 book=[9:792, 10:2210, 11:1741.48, 12:83.16, 13:381] trust=synced
2026-05-10 14:11:02,034 | INFO | Execution state | market=KXBTC15M-26MAY101415-15 side=yes state=abandoned reason=exchange_position_without_local_state trust=synced run_id=701eafae-120a-4218-b788-4c52dba4504e
2026-05-10 14:11:02,047 | INFO | Mushroom v28 entry approved | market=KXBTC15M-26MAY101415-15 side=yes ask=9c max_buy=9c qty=2 p_side=0.1153 edge=2.530c depth=792 btc_age_ms=812.0 secs_to_close=237.96
2026-05-10 14:11:02,059 | INFO | Execution state | market=KXBTC15M-26MAY101415-15 side=yes state=eligible reason=pre_filters_disabled trust=synced run_id=701eafae-120a-4218-b788-4c52dba4504e
2026-05-10 14:11:02,061 | INFO | Execution deferred | market=KXBTC15M-26MAY101415-15 side=yes reason=exchange_position_without_local_state trigger=9 top_of_book=9 book=[9:792, 10:2210, 11:1741.48, 12:83.16, 13:381] trust=synced
2026-05-10 14:11:02,061 | INFO | Execution state | market=KXBTC15M-26MAY101415-15 side=yes state=abandoned reason=exchange_position_without_local_state trust=synced run_id=701eafae-120a-4218-b788-4c52dba4504e
2026-05-10 14:11:02,067 | INFO | Mushroom v28 entry approved | market=KXBTC15M-26MAY101415-15 side=yes ask=9c max_buy=9c qty=2 p_side=0.1153 edge=2.529c depth=792 btc_age_ms=828.0 secs_to_close=237.94
2026-05-10 14:11:02,080 | INFO | Execution state | market=KXBTC15M-26MAY101415-15 side=yes state=eligible reason=pre_filters_disabled trust=synced run_id=701eafae-120a-4218-b788-4c52dba4504e
2026-05-10 14:11:02,080 | INFO | Execution deferred | market=KXBTC15M-26MAY101415-15 side=yes reason=exchange_position_without_local_state trigger=9 top_of_book=9 book=[9:792, 10:2210, 11:1741.48, 12:83.16, 13:381] trust=synced
2026-05-10 14:11:02,080 | INFO | Execution state | market=KXBTC15M-26MAY101415-15 side=yes state=abandoned reason=exchange_position_without_local_state trust=synced run_id=701eafae-120a-4218-b788-4c52dba4504e
2026-05-10 14:11:02,086 | INFO | Mushroom v28 entry approved | market=KXBTC15M-26MAY101415-15 side=yes ask=9c max_buy=9c qty=2 p_side=0.1153 edge=2.529c depth=792 btc_age_ms=844.0 secs_to_close=237.92
2026-05-10 14:11:02,098 | INFO | Execution state | market=KXBTC15M-26MAY101415-15 side=yes state=eligible reason=pre_filters_disabled trust=synced run_id=701eafae-120a-4218-b788-4c52dba4504e
2026-05-10 14:11:02,100 | INFO | Execution deferred | market=KXBTC15M-26MAY101415-15 side=yes reason=exchange_position_without_local_state trigger=9 top_of_book=9 book=[9:792, 10:2210, 11:1741.48, 12:83.16, 13:381] trust=synced
2026-05-10 14:11:02,100 | INFO | Execution state | market=KXBTC15M-26MAY101415-15 side=yes state=abandoned reason=exchange_position_without_local_state trust=synced run_id=701eafae-120a-4218-b788-4c52dba4504e
2026-05-10 14:11:02,110 | INFO | Mushroom v28 entry approved | market=KXBTC15M-26MAY101415-15 side=yes ask=9c max_buy=9c qty=2 p_side=0.1153 edge=2.529c depth=792 btc_age_ms=875.0 secs_to_close=237.89
2026-05-10 14:11:02,124 | INFO | Execution state | market=KXBTC15M-26MAY101415-15 side=yes state=eligible reason=pre_filters_disabled trust=synced run_id=701eafae-120a-4218-b788-4c52dba4504e
2026-05-10 14:11:02,126 | INFO | Execution deferred | market=KXBTC15M-26MAY101415-15 side=yes reason=exchange_position_without_local_state trigger=9 top_of_book=9 book=[9:792, 10:2210, 11:1741.48, 12:83.16, 13:381] trust=synced
2026-05-10 14:11:02,126 | INFO | Execution state | market=KXBTC15M-26MAY101415-15 side=yes state=abandoned reason=exchange_position_without_local_state trust=synced run_id=701eafae-120a-4218-b788-4c52dba4504e
2026-05-10 14:11:02,132 | INFO | Mushroom v28 entry approved | market=KXBTC15M-26MAY101415-15 side=yes ask=9c max_buy=9c qty=2 p_side=0.1153 edge=2.529c depth=792 btc_age_ms=891.0 secs_to_close=237.87
2026-05-10 14:11:02,145 | INFO | Execution state | market=KXBTC15M-26MAY101415-15 side=yes state=eligible reason=pre_filters_disabled trust=synced run_id=701eafae-120a-4218-b788-4c52dba4504e
2026-05-10 14:11:02,149 | INFO | Execution deferred | market=KXBTC15M-26MAY101415-15 side=yes reason=exchange_position_without_local_state trigger=9 top_of_book=9 book=[9:792, 10:2210, 11:1741.48, 12:83.16, 13:381] trust=synced
2026-05-10 14:11:02,149 | INFO | Execution state | market=KXBTC15M-26MAY101415-15 side=yes state=abandoned reason=exchange_position_without_local_state trust=synced run_id=701eafae-120a-4218-b788-4c52dba4504e
2026-05-10 14:11:02,153 | INFO | Mushroom v28 entry approved | market=KXBTC15M-26MAY101415-15 side=yes ask=9c max_buy=9c qty=2 p_side=0.1153 edge=2.529c depth=792 btc_age_ms=906.0 secs_to_close=237.85
2026-05-10 14:11:02,168 | INFO | Execution state | market=KXBTC15M-26MAY101415-15 side=yes state=eligible reason=pre_filters_disabled trust=synced run_id=701eafae-120a-4218-b788-4c52dba4504e
2026-05-10 14:11:02,168 | INFO | Execution deferred | market=KXBTC15M-26MAY101415-15 side=yes reason=exchange_position_without_local_state trigger=9 top_of_book=9 book=[9:792, 10:2210, 11:1741.48, 12:83.16, 13:381] trust=synced
2026-05-10 14:11:02,170 | INFO | Execution state | market=KXBTC15M-26MAY101415-15 side=yes state=abandoned reason=exchange_position_without_local_state trust=synced run_id=701eafae-120a-4218-b788-4c52dba4504e
2026-05-10 14:11:02,174 | INFO | Mushroom v28 entry approved | market=KXBTC15M-26MAY101415-15 side=yes ask=9c max_buy=9c qty=2 p_side=0.1153 edge=2.528c depth=792 btc_age_ms=937.0 secs_to_close=237.83
2026-05-10 14:11:02,187 | INFO | Execution state | market=KXBTC15M-26MAY101415-15 side=yes state=eligible reason=pre_filters_disabled trust=synced run_id=701eafae-120a-4218-b788-4c52dba4504e
2026-05-10 14:11:02,189 | INFO | Execution deferred | market=KXBTC15M-26MAY101415-15 side=yes reason=exchange_position_without_local_state trigger=9 top_of_book=9 book=[9:792, 10:2210, 11:1741.48, 12:83.16, 13:381] trust=synced
2026-05-10 14:11:02,189 | INFO | Execution state | market=KXBTC15M-26MAY101415-15 side=yes state=abandoned reason=exchange_position_without_local_state trust=synced run_id=701eafae-120a-4218-b788-4c52dba4504e
2026-05-10 14:11:02,195 | INFO | Mushroom v28 entry approved | market=KXBTC15M-26MAY101415-15 side=yes ask=9c max_buy=9c qty=2 p_side=0.1153 edge=2.528c depth=792 btc_age_ms=953.0 secs_to_close=237.81
2026-05-10 14:11:02,208 | INFO | Execution state | market=KXBTC15M-26MAY101415-15 side=yes state=eligible reason=pre_filters_disabled trust=synced run_id=701eafae-120a-4218-b788-4c52dba4504e
2026-05-10 14:11:02,208 | INFO | Execution deferred | market=KXBTC15M-26MAY101415-15 side=yes reason=exchange_position_without_local_state trigger=9 top_of_book=9 book=[9:792, 10:2210, 11:1741.48, 12:83.16, 13:381] trust=synced
2026-05-10 14:11:02,208 | INFO | Execution state | market=KXBTC15M-26MAY101415-15 side=yes state=abandoned reason=exchange_position_without_local_state trust=synced run_id=701eafae-120a-4218-b788-4c52dba4504e
2026-05-10 14:11:02,213 | INFO | Mushroom v28 entry approved | market=KXBTC15M-26MAY101415-15 side=yes ask=9c max_buy=9c qty=2 p_side=0.1153 edge=2.528c depth=792 btc_age_ms=969.0 secs_to_close=237.79
2026-05-10 14:11:02,229 | INFO | Execution state | market=KXBTC15M-26MAY101415-15 side=yes state=eligible reason=pre_filters_disabled trust=synced run_id=701eafae-120a-4218-b788-4c52dba4504e
2026-05-10 14:11:02,229 | INFO | Execution deferred | market=KXBTC15M-26MAY101415-15 side=yes reason=exchange_position_without_local_state trigger=9 top_of_book=9 book=[9:792, 10:2210, 11:1741.48, 12:83.16, 13:381] trust=synced
2026-05-10 14:11:02,229 | INFO | Execution state | market=KXBTC15M-26MAY101415-15 side=yes state=abandoned reason=exchange_position_without_local_state trust=synced run_id=701eafae-120a-4218-b788-4c52dba4504e
2026-05-10 14:11:02,236 | INFO | Mushroom v28 entry approved | market=KXBTC15M-26MAY101415-15 side=yes ask=9c max_buy=9c qty=2 p_side=0.1153 edge=2.528c depth=792 btc_age_ms=1000.0 secs_to_close=237.77
2026-05-10 14:11:02,251 | INFO | Execution state | market=KXBTC15M-26MAY101415-15 side=yes state=eligible reason=pre_filters_disabled trust=synced run_id=701eafae-120a-4218-b788-4c52dba4504e
2026-05-10 14:11:02,252 | INFO | Execution deferred | market=KXBTC15M-26MAY101415-15 side=yes reason=exchange_position_without_local_state trigger=9 top_of_book=9 book=[9:792, 10:2210, 11:1741.48, 12:83.16, 13:381] trust=synced
2026-05-10 14:11:02,252 | INFO | Execution state | market=KXBTC15M-26MAY101415-15 side=yes state=abandoned reason=exchange_position_without_local_state trust=synced run_id=701eafae-120a-4218-b788-4c52dba4504e
2026-05-10 14:11:02,260 | INFO | Mushroom v28 entry approved | market=KXBTC15M-26MAY101415-15 side=yes ask=9c max_buy=9c qty=2 p_side=0.1153 edge=2.527c depth=792 btc_age_ms=1016.0 secs_to_close=237.74
2026-05-10 14:11:02,277 | INFO | Execution state | market=KXBTC15M-26MAY101415-15 side=yes state=eligible reason=pre_filters_disabled trust=synced run_id=701eafae-120a-4218-b788-4c52dba4504e
2026-05-10 14:11:02,277 | INFO | Execution deferred | market=KXBTC15M-26MAY101415-15 side=yes reason=exchange_position_without_local_state trigger=9 top_of_book=9 book=[9:792, 10:2210, 11:1741.48, 12:83.16, 13:381] trust=synced
2026-05-10 14:11:02,279 | INFO | Execution state | market=KXBTC15M-26MAY101415-15 side=yes state=abandoned reason=exchange_position_without_local_state trust=synced run_id=701eafae-120a-4218-b788-4c52dba4504e
2026-05-10 14:11:02,284 | INFO | Mushroom v28 entry approved | market=KXBTC15M-26MAY101415-15 side=yes ask=9c max_buy=9c qty=2 p_side=0.1153 edge=2.527c depth=792 btc_age_ms=1047.0 secs_to_close=237.72
2026-05-10 14:11:02,301 | INFO | Execution state | market=KXBTC15M-26MAY101415-15 side=yes state=eligible reason=pre_filters_disabled trust=synced run_id=701eafae-120a-4218-b788-4c52dba4504e
2026-05-10 14:11:02,302 | INFO | Execution deferred | market=KXBTC15M-26MAY101415-15 side=yes reason=exchange_position_without_local_state trigger=9 top_of_book=9 book=[9:792, 10:2210, 11:1741.48, 12:83.16, 13:381] trust=synced
2026-05-10 14:11:02,302 | INFO | Execution state | market=KXBTC15M-26MAY101415-15 side=yes state=abandoned reason=exchange_position_without_local_state trust=synced run_id=701eafae-120a-4218-b788-4c52dba4504e
2026-05-10 14:11:02,308 | INFO | Mushroom v28 entry approved | market=KXBTC15M-26MAY101415-15 side=yes ask=9c max_buy=9c qty=2 p_side=0.1153 edge=2.527c depth=792 btc_age_ms=1062.0 secs_to_close=237.70
2026-05-10 14:11:02,326 | INFO | Execution state | market=KXBTC15M-26MAY101415-15 side=yes state=eligible reason=pre_filters_disabled trust=synced run_id=701eafae-120a-4218-b788-4c52dba4504e
2026-05-10 14:11:02,326 | INFO | Execution deferred | market=KXBTC15M-26MAY101415-15 side=yes reason=exchange_position_without_local_state trigger=9 top_of_book=9 book=[9:792, 10:2210, 11:1741.48, 12:83.16, 13:381] trust=synced
2026-05-10 14:11:02,326 | INFO | Execution state | market=KXBTC15M-26MAY101415-15 side=yes state=abandoned reason=exchange_position_without_local_state trust=synced run_id=701eafae-120a-4218-b788-4c52dba4504e
2026-05-10 14:11:02,348 | INFO | Mushroom v28 entry approved | market=KXBTC15M-26MAY101415-15 side=yes ask=9c max_buy=9c qty=2 p_side=0.1153 edge=2.526c depth=792 btc_age_ms=1109.0 secs_to_close=237.66
2026-05-10 14:11:02,363 | INFO | Execution state | market=KXBTC15M-26MAY101415-15 side=yes state=eligible reason=pre_filters_disabled trust=synced run_id=701eafae-120a-4218-b788-4c52dba4504e
2026-05-10 14:11:02,363 | INFO | Execution deferred | market=KXBTC15M-26MAY101415-15 side=yes reason=exchange_position_without_local_state trigger=9 top_of_book=9 book=[9:792, 10:2210, 11:1741.48, 12:83.16, 13:381] trust=synced
2026-05-10 14:11:02,363 | INFO | Execution state | market=KXBTC15M-26MAY101415-15 side=yes state=abandoned reason=exchange_position_without_local_state trust=synced run_id=701eafae-120a-4218-b788-4c52dba4504e
2026-05-10 14:11:02,367 | INFO | Mushroom v28 entry approved | market=KXBTC15M-26MAY101415-15 side=yes ask=9c max_buy=9c qty=2 p_side=0.1153 edge=2.526c depth=792 btc_age_ms=1125.0 secs_to_close=237.63
2026-05-10 14:11:02,384 | INFO | Execution state | market=KXBTC15M-26MAY101415-15 side=yes state=eligible reason=pre_filters_disabled trust=synced run_id=701eafae-120a-4218-b788-4c52dba4504e
2026-05-10 14:11:02,384 | INFO | Execution deferred | market=KXBTC15M-26MAY101415-15 side=yes reason=exchange_position_without_local_state trigger=9 top_of_book=9 book=[9:792, 10:2210, 11:1741.48, 12:83.16, 13:381] trust=synced
2026-05-10 14:11:02,384 | INFO | Execution state | market=KXBTC15M-26MAY101415-15 side=yes state=abandoned reason=exchange_position_without_local_state trust=synced run_id=701eafae-120a-4218-b788-4c52dba4504e
2026-05-10 14:11:02,384 | INFO | Mushroom v28 entry approved | market=KXBTC15M-26MAY101415-15 side=yes ask=9c max_buy=9c qty=2 p_side=0.1153 edge=2.526c depth=792 btc_age_ms=1141.0 secs_to_close=237.62
2026-05-10 14:11:02,401 | INFO | Execution state | market=KXBTC15M-26MAY101415-15 side=yes state=eligible reason=pre_filters_disabled trust=synced run_id=701eafae-120a-4218-b788-4c52dba4504e
2026-05-10 14:11:02,405 | INFO | Execution deferred | market=KXBTC15M-26MAY101415-15 side=yes reason=exchange_position_without_local_state trigger=9 top_of_book=9 book=[9:792, 10:2210, 11:1741.48, 12:83.16, 13:381] trust=synced
2026-05-10 14:11:02,405 | INFO | Execution state | market=KXBTC15M-26MAY101415-15 side=yes state=abandoned reason=exchange_position_without_local_state trust=synced run_id=701eafae-120a-4218-b788-4c52dba4504e
2026-05-10 14:11:02,410 | INFO | Mushroom v28 entry approved | market=KXBTC15M-26MAY101415-15 side=yes ask=9c max_buy=9c qty=2 p_side=0.1153 edge=2.526c depth=792 btc_age_ms=1172.0 secs_to_close=237.59
2026-05-10 14:11:02,417 | INFO | Execution state | market=KXBTC15M-26MAY101415-15 side=yes state=eligible reason=pre_filters_disabled trust=synced run_id=701eafae-120a-4218-b788-4c52dba4504e
2026-05-10 14:11:02,417 | INFO | Execution deferred | market=KXBTC15M-26MAY101415-15 side=yes reason=exchange_position_without_local_state trigger=9 top_of_book=9 book=[9:792, 10:2210, 11:1741.48, 12:83.16, 13:381] trust=synced
2026-05-10 14:11:02,417 | INFO | Execution state | market=KXBTC15M-26MAY101415-15 side=yes state=abandoned reason=exchange_position_without_local_state trust=synced run_id=701eafae-120a-4218-b788-4c52dba4504e
2026-05-10 14:11:02,427 | INFO | Mushroom v28 entry approved | market=KXBTC15M-26MAY101415-15 side=yes ask=9c max_buy=9c qty=2 p_side=0.1153 edge=2.525c depth=792 btc_age_ms=1187.0 secs_to_close=237.57
2026-05-10 14:11:02,441 | INFO | Execution state | market=KXBTC15M-26MAY101415-15 side=yes state=eligible reason=pre_filters_disabled trust=synced run_id=701eafae-120a-4218-b788-4c52dba4504e
2026-05-10 14:11:02,441 | INFO | Execution deferred | market=KXBTC15M-26MAY101415-15 side=yes reason=exchange_position_without_local_state trigger=9 top_of_book=9 book=[9:792, 10:2210, 11:1741.48, 12:83.16, 13:381] trust=synced
2026-05-10 14:11:02,441 | INFO | Execution state | market=KXBTC15M-26MAY101415-15 side=yes state=abandoned reason=exchange_position_without_local_state trust=synced run_id=701eafae-120a-4218-b788-4c52dba4504e
2026-05-10 14:11:02,441 | INFO | Mushroom v28 entry approved | market=KXBTC15M-26MAY101415-15 side=yes ask=9c max_buy=9c qty=2 p_side=0.1153 edge=2.525c depth=792 btc_age_ms=1203.0 secs_to_close=237.56
2026-05-10 14:11:02,457 | INFO | Execution state | market=KXBTC15M-26MAY101415-15 side=yes state=eligible reason=pre_filters_disabled trust=synced run_id=701eafae-120a-4218-b788-4c52dba4504e
2026-05-10 14:11:02,457 | INFO | Execution deferred | market=KXBTC15M-26MAY101415-15 side=yes reason=exchange_position_without_local_state trigger=9 top_of_book=9 book=[9:792, 10:2210, 11:1741.48, 12:83.16, 13:381] trust=synced
2026-05-10 14:11:02,457 | INFO | Execution state | market=KXBTC15M-26MAY101415-15 side=yes state=abandoned reason=exchange_position_without_local_state trust=synced run_id=701eafae-120a-4218-b788-4c52dba4504e
2026-05-10 14:11:02,476 | INFO | Mushroom v28 entry approved | market=KXBTC15M-26MAY101415-15 side=yes ask=9c max_buy=9c qty=2 p_side=0.1152 edge=2.525c depth=792 btc_age_ms=1234.0 secs_to_close=237.53
2026-05-10 14:11:02,490 | INFO | Execution state | market=KXBTC15M-26MAY101415-15 side=yes state=eligible reason=pre_filters_disabled trust=synced run_id=701eafae-120a-4218-b788-4c52dba4504e
2026-05-10 14:11:02,490 | INFO | Execution deferred | market=KXBTC15M-26MAY101415-15 side=yes reason=exchange_position_without_local_state trigger=9 top_of_book=9 book=[9:792, 10:2210, 11:1741.48, 12:83.16, 13:381] trust=synced
2026-05-10 14:11:02,490 | INFO | Execution state | market=KXBTC15M-26MAY101415-15 side=yes state=abandoned reason=exchange_position_without_local_state trust=synced run_id=701eafae-120a-4218-b788-4c52dba4504e
2026-05-10 14:11:02,490 | INFO | Mushroom v28 entry approved | market=KXBTC15M-26MAY101415-15 side=yes ask=9c max_buy=9c qty=2 p_side=0.1152 edge=2.525c depth=792 btc_age_ms=0.0 secs_to_close=237.51
2026-05-10 14:11:02,507 | INFO | Execution state | market=KXBTC15M-26MAY101415-15 side=yes state=eligible reason=pre_filters_disabled trust=synced run_id=701eafae-120a-4218-b788-4c52dba4504e
2026-05-10 14:11:02,507 | INFO | Execution deferred | market=KXBTC15M-26MAY101415-15 side=yes reason=exchange_position_without_local_state trigger=9 top_of_book=9 book=[9:792, 10:2210, 11:1741.48, 12:83.16, 13:381] trust=synced
2026-05-10 14:11:02,507 | INFO | Execution state | market=KXBTC15M-26MAY101415-15 side=yes state=abandoned reason=exchange_position_without_local_state trust=synced run_id=701eafae-120a-4218-b788-4c52dba4504e
2026-05-10 14:11:02,527 | INFO | Mushroom v28 entry approved | market=KXBTC15M-26MAY101415-15 side=yes ask=9c max_buy=9c qty=2 p_side=0.1152 edge=2.524c depth=792 btc_age_ms=31.0 secs_to_close=237.48
2026-05-10 14:11:02,532 | INFO | Execution state | market=KXBTC15M-26MAY101415-15 side=yes state=eligible reason=pre_filters_disabled trust=synced run_id=701eafae-120a-4218-b788-4c52dba4504e
2026-05-10 14:11:02,540 | INFO | Execution deferred | market=KXBTC15M-26MAY101415-15 side=yes reason=exchange_position_without_local_state trigger=9 top_of_book=9 book=[9:792, 10:2210, 11:1741.48, 12:83.16, 13:381] trust=synced
2026-05-10 14:11:02,540 | INFO | Execution state | market=KXBTC15M-26MAY101415-15 side=yes state=abandoned reason=exchange_position_without_local_state trust=synced run_id=701eafae-120a-4218-b788-4c52dba4504e
2026-05-10 14:11:02,544 | INFO | Mushroom v28 entry approved | market=KXBTC15M-26MAY101415-15 side=yes ask=9c max_buy=9c qty=2 p_side=0.1152 edge=2.524c depth=792 btc_age_ms=47.0 secs_to_close=237.46
2026-05-10 14:11:02,556 | INFO | Execution state | market=KXBTC15M-26MAY101415-15 side=yes state=eligible reason=pre_filters_disabled trust=synced run_id=701eafae-120a-4218-b788-4c52dba4504e
2026-05-10 14:11:02,556 | INFO | Execution deferred | market=KXBTC15M-26MAY101415-15 side=yes reason=exchange_position_without_local_state trigger=9 top_of_book=9 book=[9:792, 10:2210, 11:1741.48, 12:83.16, 13:381] trust=synced
2026-05-10 14:11:02,556 | INFO | Execution state | market=KXBTC15M-26MAY101415-15 side=yes state=abandoned reason=exchange_position_without_local_state trust=synced run_id=701eafae-120a-4218-b788-4c52dba4504e
2026-05-10 14:11:03,801 | INFO | Mushroom v28 entry approved | market=KXBTC15M-26MAY101415-15 side=yes ask=9c max_buy=13c qty=2 p_side=0.1616 edge=7.161c depth=630.54 btc_age_ms=875.0 secs_to_close=236.21
2026-05-10 14:11:03,815 | INFO | Execution state | market=KXBTC15M-26MAY101415-15 side=yes state=eligible reason=pre_filters_disabled trust=synced run_id=701eafae-120a-4218-b788-4c52dba4504e
2026-05-10 14:11:03,818 | INFO | Execution deferred | market=KXBTC15M-26MAY101415-15 side=yes reason=exchange_position_without_local_state trigger=9 top_of_book=9 book=[9:630.54, 10:3311.87, 11:629.61, 12:83.16, 13:381] trust=synced
2026-05-10 14:11:03,818 | INFO | Execution state | market=KXBTC15M-26MAY101415-15 side=yes state=abandoned reason=exchange_position_without_local_state trust=synced run_id=701eafae-120a-4218-b788-4c52dba4504e
2026-05-10 14:11:03,818 | INFO | Mushroom v28 entry approved | market=KXBTC15M-26MAY101415-15 side=yes ask=9c max_buy=13c qty=2 p_side=0.1616 edge=7.160c depth=630.54 btc_age_ms=891.0 secs_to_close=236.18
2026-05-10 14:11:03,837 | INFO | Execution state | market=KXBTC15M-26MAY101415-15 side=yes state=eligible reason=pre_filters_disabled trust=synced run_id=701eafae-120a-4218-b788-4c52dba4504e
2026-05-10 14:11:03,837 | INFO | Execution deferred | market=KXBTC15M-26MAY101415-15 side=yes reason=exchange_position_without_local_state trigger=9 top_of_book=9 book=[9:630.54, 10:3200.87, 11:629.61, 12:83.16, 13:381] trust=synced
2026-05-10 14:11:03,839 | INFO | Execution state | market=KXBTC15M-26MAY101415-15 side=yes state=abandoned reason=exchange_position_without_local_state trust=synced run_id=701eafae-120a-4218-b788-4c52dba4504e
2026-05-10 14:11:03,843 | INFO | Mushroom v28 entry approved | market=KXBTC15M-26MAY101415-15 side=yes ask=9c max_buy=13c qty=2 p_side=0.1616 edge=7.160c depth=630.54 btc_age_ms=907.0 secs_to_close=236.16
2026-05-10 14:11:03,851 | INFO | Execution state | market=KXBTC15M-26MAY101415-15 side=yes state=eligible reason=pre_filters_disabled trust=synced run_id=701eafae-120a-4218-b788-4c52dba4504e
2026-05-10 14:11:03,851 | INFO | Execution deferred | market=KXBTC15M-26MAY101415-15 side=yes reason=exchange_position_without_local_state trigger=9 top_of_book=9 book=[9:630.54, 10:3200.87, 11:629.61, 12:83.16, 13:381] trust=synced
2026-05-10 14:11:03,858 | INFO | Execution state | market=KXBTC15M-26MAY101415-15 side=yes state=abandoned reason=exchange_position_without_local_state trust=synced run_id=701eafae-120a-4218-b788-4c52dba4504e
2026-05-10 14:11:03,861 | INFO | Mushroom v28 entry approved | market=KXBTC15M-26MAY101415-15 side=yes ask=9c max_buy=13c qty=2 p_side=0.1616 edge=7.160c depth=630.54 btc_age_ms=938.0 secs_to_close=236.14
2026-05-10 14:11:03,876 | INFO | Execution state | market=KXBTC15M-26MAY101415-15 side=yes state=eligible reason=pre_filters_disabled trust=synced run_id=701eafae-120a-4218-b788-4c52dba4504e
2026-05-10 14:11:03,877 | INFO | Execution deferred | market=KXBTC15M-26MAY101415-15 side=yes reason=exchange_position_without_local_state trigger=9 top_of_book=9 book=[9:630.54, 10:3200.87, 11:629.61, 12:83.16, 13:381] trust=synced
2026-05-10 14:11:03,877 | INFO | Execution state | market=KXBTC15M-26MAY101415-15 side=yes state=abandoned reason=exchange_position_without_local_state trust=synced run_id=701eafae-120a-4218-b788-4c52dba4504e
2026-05-10 14:11:03,882 | INFO | Mushroom v28 entry approved | market=KXBTC15M-26MAY101415-15 side=yes ask=9c max_buy=13c qty=2 p_side=0.1616 edge=7.159c depth=630.54 btc_age_ms=954.0 secs_to_close=236.12
2026-05-10 14:11:03,895 | INFO | Execution state | market=KXBTC15M-26MAY101415-15 side=yes state=eligible reason=pre_filters_disabled trust=synced run_id=701eafae-120a-4218-b788-4c52dba4504e
2026-05-10 14:11:03,895 | INFO | Execution deferred | market=KXBTC15M-26MAY101415-15 side=yes reason=exchange_position_without_local_state trigger=9 top_of_book=9 book=[9:630.54, 10:3200.87, 11:629.61, 12:83.16, 13:381] trust=synced
2026-05-10 14:11:03,898 | INFO | Execution state | market=KXBTC15M-26MAY101415-15 side=yes state=abandoned reason=exchange_position_without_local_state trust=synced run_id=701eafae-120a-4218-b788-4c52dba4504e
2026-05-10 14:11:03,902 | INFO | Mushroom v28 entry approved | market=KXBTC15M-26MAY101415-15 side=yes ask=9c max_buy=13c qty=2 p_side=0.1616 edge=7.159c depth=630.54 btc_age_ms=969.0 secs_to_close=236.10
2026-05-10 14:11:03,916 | INFO | Execution state | market=KXBTC15M-26MAY101415-15 side=yes state=eligible reason=pre_filters_disabled trust=synced run_id=701eafae-120a-4218-b788-4c52dba4504e
2026-05-10 14:11:03,916 | INFO | Execution deferred | market=KXBTC15M-26MAY101415-15 side=yes reason=exchange_position_without_local_state trigger=9 top_of_book=9 book=[9:630.54, 10:3200.87, 11:629.61, 12:83.16, 13:381] trust=synced
2026-05-10 14:11:03,918 | INFO | Execution state | market=KXBTC15M-26MAY101415-15 side=yes state=abandoned reason=exchange_position_without_local_state trust=synced run_id=701eafae-120a-4218-b788-4c52dba4504e
2026-05-10 14:11:03,922 | INFO | Mushroom v28 entry approved | market=KXBTC15M-26MAY101415-15 side=yes ask=9c max_buy=13c qty=2 p_side=0.1616 edge=7.159c depth=680 btc_age_ms=1000.0 secs_to_close=236.08
2026-05-10 14:11:03,937 | INFO | Execution state | market=KXBTC15M-26MAY101415-15 side=yes state=eligible reason=pre_filters_disabled trust=synced run_id=701eafae-120a-4218-b788-4c52dba4504e
2026-05-10 14:11:03,937 | INFO | Execution deferred | market=KXBTC15M-26MAY101415-15 side=yes reason=exchange_position_without_local_state trigger=9 top_of_book=9 book=[9:680, 10:3311.87, 11:629.61, 12:83.16, 13:381] trust=synced
2026-05-10 14:11:03,937 | INFO | Execution state | market=KXBTC15M-26MAY101415-15 side=yes state=abandoned reason=exchange_position_without_local_state trust=synced run_id=701eafae-120a-4218-b788-4c52dba4504e
2026-05-10 14:11:03,959 | INFO | Mushroom v28 entry approved | market=KXBTC15M-26MAY101415-15 side=yes ask=9c max_buy=13c qty=2 p_side=0.1616 edge=7.158c depth=680 btc_age_ms=1032.0 secs_to_close=236.04
2026-05-10 14:11:03,971 | INFO | Execution state | market=KXBTC15M-26MAY101415-15 side=yes state=eligible reason=pre_filters_disabled trust=synced run_id=701eafae-120a-4218-b788-4c52dba4504e
2026-05-10 14:11:03,971 | INFO | Execution deferred | market=KXBTC15M-26MAY101415-15 side=yes reason=exchange_position_without_local_state trigger=9 top_of_book=9 book=[9:680, 10:3311.87, 11:629.61, 12:83.16, 13:381] trust=synced
2026-05-10 14:11:03,971 | INFO | Execution state | market=KXBTC15M-26MAY101415-15 side=yes state=abandoned reason=exchange_position_without_local_state trust=synced run_id=701eafae-120a-4218-b788-4c52dba4504e
2026-05-10 14:11:03,979 | INFO | Mushroom v28 entry approved | market=KXBTC15M-26MAY101415-15 side=yes ask=9c max_buy=13c qty=2 p_side=0.1616 edge=7.158c depth=680 btc_age_ms=1047.0 secs_to_close=236.02
2026-05-10 14:11:03,991 | INFO | Execution state | market=KXBTC15M-26MAY101415-15 side=yes state=eligible reason=pre_filters_disabled trust=synced run_id=701eafae-120a-4218-b788-4c52dba4504e
2026-05-10 14:11:03,993 | INFO | Execution deferred | market=KXBTC15M-26MAY101415-15 side=yes reason=exchange_position_without_local_state trigger=9 top_of_book=9 book=[9:680, 10:3311.87, 11:629.61, 12:83.16, 13:381] trust=synced
2026-05-10 14:11:03,993 | INFO | Execution state | market=KXBTC15M-26MAY101415-15 side=yes state=abandoned reason=exchange_position_without_local_state trust=synced run_id=701eafae-120a-4218-b788-4c52dba4504e
2026-05-10 14:11:03,996 | INFO | Mushroom v28 entry approved | market=KXBTC15M-26MAY101415-15 side=yes ask=9c max_buy=13c qty=2 p_side=0.1616 edge=7.157c depth=680 btc_age_ms=1063.0 secs_to_close=236.00
2026-05-10 14:11:04,010 | INFO | Execution state | market=KXBTC15M-26MAY101415-15 side=yes state=eligible reason=pre_filters_disabled trust=synced run_id=701eafae-120a-4218-b788-4c52dba4504e
2026-05-10 14:11:04,010 | INFO | Execution deferred | market=KXBTC15M-26MAY101415-15 side=yes reason=exchange_position_without_local_state trigger=9 top_of_book=9 book=[9:680, 10:3200.87, 11:629.61, 12:83.16, 13:381] trust=synced
2026-05-10 14:11:04,010 | INFO | Execution state | market=KXBTC15M-26MAY101415-15 side=yes state=abandoned reason=exchange_position_without_local_state trust=synced run_id=701eafae-120a-4218-b788-4c52dba4504e
2026-05-10 14:11:04,014 | INFO | Mushroom v28 entry approved | market=KXBTC15M-26MAY101415-15 side=yes ask=9c max_buy=13c qty=2 p_side=0.1616 edge=7.157c depth=680 btc_age_ms=1094.0 secs_to_close=235.99
2026-05-10 14:11:04,028 | INFO | Execution state | market=KXBTC15M-26MAY101415-15 side=yes state=eligible reason=pre_filters_disabled trust=synced run_id=701eafae-120a-4218-b788-4c52dba4504e
2026-05-10 14:11:04,030 | INFO | Execution deferred | market=KXBTC15M-26MAY101415-15 side=yes reason=exchange_position_without_local_state trigger=9 top_of_book=9 book=[9:680, 10:3311.87, 11:629.61, 12:83.16, 13:381] trust=synced
2026-05-10 14:11:04,030 | INFO | Execution state | market=KXBTC15M-26MAY101415-15 side=yes state=abandoned reason=exchange_position_without_local_state trust=synced run_id=701eafae-120a-4218-b788-4c52dba4504e
2026-05-10 14:11:04,034 | INFO | Mushroom v28 entry approved | market=KXBTC15M-26MAY101415-15 side=yes ask=9c max_buy=13c qty=2 p_side=0.1616 edge=7.157c depth=680 btc_age_ms=1110.0 secs_to_close=235.97
2026-05-10 14:11:04,046 | INFO | Execution state | market=KXBTC15M-26MAY101415-15 side=yes state=eligible reason=pre_filters_disabled trust=synced run_id=701eafae-120a-4218-b788-4c52dba4504e
2026-05-10 14:11:04,046 | INFO | Execution deferred | market=KXBTC15M-26MAY101415-15 side=yes reason=exchange_position_without_local_state trigger=9 top_of_book=9 book=[9:680, 10:3311.87, 11:629.61, 12:83.16, 13:381] trust=synced
2026-05-10 14:11:04,049 | INFO | Execution state | market=KXBTC15M-26MAY101415-15 side=yes state=abandoned reason=exchange_position_without_local_state trust=synced run_id=701eafae-120a-4218-b788-4c52dba4504e
2026-05-10 14:11:04,053 | INFO | Mushroom v28 entry approved | market=KXBTC15M-26MAY101415-15 side=yes ask=9c max_buy=13c qty=2 p_side=0.1616 edge=7.156c depth=680 btc_age_ms=1125.0 secs_to_close=235.95
2026-05-10 14:11:04,061 | INFO | Execution state | market=KXBTC15M-26MAY101415-15 side=yes state=eligible reason=pre_filters_disabled trust=synced run_id=701eafae-120a-4218-b788-4c52dba4504e
2026-05-10 14:11:04,061 | INFO | Execution deferred | market=KXBTC15M-26MAY101415-15 side=yes reason=exchange_position_without_local_state trigger=9 top_of_book=9 book=[9:680, 10:3311.87, 11:629.61, 12:83.16, 13:381] trust=synced
2026-05-10 14:11:04,061 | INFO | Execution state | market=KXBTC15M-26MAY101415-15 side=yes state=abandoned reason=exchange_position_without_local_state trust=synced run_id=701eafae-120a-4218-b788-4c52dba4504e
2026-05-10 14:11:04,071 | INFO | Mushroom v28 entry approved | market=KXBTC15M-26MAY101415-15 side=yes ask=9c max_buy=13c qty=2 p_side=0.1616 edge=7.156c depth=680 btc_age_ms=1141.0 secs_to_close=235.93
2026-05-10 14:11:04,085 | INFO | Execution state | market=KXBTC15M-26MAY101415-15 side=yes state=eligible reason=pre_filters_disabled trust=synced run_id=701eafae-120a-4218-b788-4c52dba4504e
2026-05-10 14:11:04,085 | INFO | Execution deferred | market=KXBTC15M-26MAY101415-15 side=yes reason=exchange_position_without_local_state trigger=9 top_of_book=9 book=[9:680, 10:3200.87, 11:629.61, 12:83.16, 13:381] trust=synced
2026-05-10 14:11:04,087 | INFO | Execution state | market=KXBTC15M-26MAY101415-15 side=yes state=abandoned reason=exchange_position_without_local_state trust=synced run_id=701eafae-120a-4218-b788-4c52dba4504e
2026-05-10 14:11:04,097 | INFO | Mushroom v28 entry approved | market=KXBTC15M-26MAY101415-15 side=yes ask=9c max_buy=13c qty=2 p_side=0.1616 edge=7.156c depth=680 btc_age_ms=1172.0 secs_to_close=235.91
2026-05-10 14:11:04,109 | INFO | Execution state | market=KXBTC15M-26MAY101415-15 side=yes state=eligible reason=pre_filters_disabled trust=synced run_id=701eafae-120a-4218-b788-4c52dba4504e
2026-05-10 14:11:04,109 | INFO | Execution deferred | market=KXBTC15M-26MAY101415-15 side=yes reason=exchange_position_without_local_state trigger=9 top_of_book=9 book=[9:680, 10:3311.87, 11:629.61, 12:83.16, 13:381] trust=synced
2026-05-10 14:11:04,109 | INFO | Execution state | market=KXBTC15M-26MAY101415-15 side=yes state=abandoned reason=exchange_position_without_local_state trust=synced run_id=701eafae-120a-4218-b788-4c52dba4504e
2026-05-10 14:11:04,113 | INFO | Mushroom v28 entry approved | market=KXBTC15M-26MAY101415-15 side=yes ask=9c max_buy=13c qty=2 p_side=0.1616 edge=7.155c depth=680 btc_age_ms=1188.0 secs_to_close=235.89
2026-05-10 14:11:04,127 | INFO | Execution state | market=KXBTC15M-26MAY101415-15 side=yes state=eligible reason=pre_filters_disabled trust=synced run_id=701eafae-120a-4218-b788-4c52dba4504e
2026-05-10 14:11:04,127 | INFO | Execution deferred | market=KXBTC15M-26MAY101415-15 side=yes reason=exchange_position_without_local_state trigger=9 top_of_book=9 book=[9:680, 10:3311.87, 11:629.61, 12:83.16, 13:381] trust=synced
2026-05-10 14:11:04,127 | INFO | Execution state | market=KXBTC15M-26MAY101415-15 side=yes state=abandoned reason=exchange_position_without_local_state trust=synced run_id=701eafae-120a-4218-b788-4c52dba4504e
2026-05-10 14:11:04,133 | INFO | Mushroom v28 entry approved | market=KXBTC15M-26MAY101415-15 side=yes ask=9c max_buy=13c qty=2 p_side=0.1616 edge=7.155c depth=680 btc_age_ms=1204.0 secs_to_close=235.87
2026-05-10 14:11:04,146 | INFO | Execution state | market=KXBTC15M-26MAY101415-15 side=yes state=eligible reason=pre_filters_disabled trust=synced run_id=701eafae-120a-4218-b788-4c52dba4504e
2026-05-10 14:11:04,146 | INFO | Execution deferred | market=KXBTC15M-26MAY101415-15 side=yes reason=exchange_position_without_local_state trigger=9 top_of_book=9 book=[9:680, 10:3311.87, 11:629.61, 12:83.16, 13:381] trust=synced
2026-05-10 14:11:04,146 | INFO | Execution state | market=KXBTC15M-26MAY101415-15 side=yes state=abandoned reason=exchange_position_without_local_state trust=synced run_id=701eafae-120a-4218-b788-4c52dba4504e
2026-05-10 14:11:04,151 | INFO | Mushroom v28 entry approved | market=KXBTC15M-26MAY101415-15 side=yes ask=9c max_buy=13c qty=2 p_side=0.1615 edge=7.155c depth=680 btc_age_ms=1219.0 secs_to_close=235.85
2026-05-10 14:11:04,164 | INFO | Execution state | market=KXBTC15M-26MAY101415-15 side=yes state=eligible reason=pre_filters_disabled trust=synced run_id=701eafae-120a-4218-b788-4c52dba4504e
2026-05-10 14:11:04,164 | INFO | Execution deferred | market=KXBTC15M-26MAY101415-15 side=yes reason=exchange_position_without_local_state trigger=9 top_of_book=9 book=[9:680, 10:3311.87, 11:629.61, 12:83.16, 13:381] trust=synced
2026-05-10 14:11:04,164 | INFO | Execution state | market=KXBTC15M-26MAY101415-15 side=yes state=abandoned reason=exchange_position_without_local_state trust=synced run_id=701eafae-120a-4218-b788-4c52dba4504e
2026-05-10 14:11:04,176 | INFO | Mushroom v28 entry approved | market=KXBTC15M-26MAY101415-15 side=yes ask=9c max_buy=13c qty=2 p_side=0.1615 edge=7.154c depth=680 btc_age_ms=1250.0 secs_to_close=235.83
2026-05-10 14:11:04,184 | INFO | Execution state | market=KXBTC15M-26MAY101415-15 side=yes state=eligible reason=pre_filters_disabled trust=synced run_id=701eafae-120a-4218-b788-4c52dba4504e
2026-05-10 14:11:04,190 | INFO | Execution deferred | market=KXBTC15M-26MAY101415-15 side=yes reason=exchange_position_without_local_state trigger=9 top_of_book=9 book=[9:680, 10:3311.87, 11:629.61, 12:83.16, 13:381] trust=synced
2026-05-10 14:11:04,190 | INFO | Execution state | market=KXBTC15M-26MAY101415-15 side=yes state=abandoned reason=exchange_position_without_local_state trust=synced run_id=701eafae-120a-4218-b788-4c52dba4504e
2026-05-10 14:11:04,249 | INFO | Mushroom v28 entry approved | market=KXBTC15M-26MAY101415-15 side=yes ask=9c max_buy=13c qty=2 p_side=0.1615 edge=7.153c depth=680 btc_age_ms=1313.0 secs_to_close=235.75
2026-05-10 14:11:04,264 | INFO | Execution state | market=KXBTC15M-26MAY101415-15 side=yes state=eligible reason=pre_filters_disabled trust=synced run_id=701eafae-120a-4218-b788-4c52dba4504e
2026-05-10 14:11:04,264 | INFO | Execution deferred | market=KXBTC15M-26MAY101415-15 side=yes reason=exchange_position_without_local_state trigger=9 top_of_book=9 book=[9:680, 10:3311.87, 11:629.61, 12:83.16, 13:381] trust=synced
2026-05-10 14:11:04,264 | INFO | Execution state | market=KXBTC15M-26MAY101415-15 side=yes state=abandoned reason=exchange_position_without_local_state trust=synced run_id=701eafae-120a-4218-b788-4c52dba4504e
2026-05-10 14:11:04,272 | INFO | Mushroom v28 entry approved | market=KXBTC15M-26MAY101415-15 side=yes ask=9c max_buy=13c qty=2 p_side=0.1615 edge=7.153c depth=680 btc_age_ms=1344.0 secs_to_close=235.73
2026-05-10 14:11:04,286 | INFO | Execution state | market=KXBTC15M-26MAY101415-15 side=yes state=eligible reason=pre_filters_disabled trust=synced run_id=701eafae-120a-4218-b788-4c52dba4504e
2026-05-10 14:11:04,286 | INFO | Execution deferred | market=KXBTC15M-26MAY101415-15 side=yes reason=exchange_position_without_local_state trigger=9 top_of_book=9 book=[9:680, 10:3311.87, 11:629.61, 12:83.16, 13:381] trust=synced
2026-05-10 14:11:04,286 | INFO | Execution state | market=KXBTC15M-26MAY101415-15 side=yes state=abandoned reason=exchange_position_without_local_state trust=synced run_id=701eafae-120a-4218-b788-4c52dba4504e
2026-05-10 14:11:04,291 | INFO | Mushroom v28 entry approved | market=KXBTC15M-26MAY101415-15 side=yes ask=9c max_buy=13c qty=2 p_side=0.1615 edge=7.152c depth=730 btc_age_ms=1360.0 secs_to_close=235.71
2026-05-10 14:11:04,304 | INFO | Execution state | market=KXBTC15M-26MAY101415-15 side=yes state=eligible reason=pre_filters_disabled trust=synced run_id=701eafae-120a-4218-b788-4c52dba4504e
2026-05-10 14:11:04,305 | INFO | Execution deferred | market=KXBTC15M-26MAY101415-15 side=yes reason=exchange_position_without_local_state trigger=9 top_of_book=9 book=[9:730, 10:3311.87, 11:629.61, 12:83.16, 13:381] trust=synced
2026-05-10 14:11:04,305 | INFO | Execution state | market=KXBTC15M-26MAY101415-15 side=yes state=abandoned reason=exchange_position_without_local_state trust=synced run_id=701eafae-120a-4218-b788-4c52dba4504e
2026-05-10 14:11:04,310 | INFO | Mushroom v28 entry approved | market=KXBTC15M-26MAY101415-15 side=yes ask=9c max_buy=13c qty=2 p_side=0.1615 edge=7.152c depth=730 btc_age_ms=1375.0 secs_to_close=235.69
2026-05-10 14:11:04,321 | INFO | Execution state | market=KXBTC15M-26MAY101415-15 side=yes state=eligible reason=pre_filters_disabled trust=synced run_id=701eafae-120a-4218-b788-4c52dba4504e
2026-05-10 14:11:04,321 | INFO | Execution deferred | market=KXBTC15M-26MAY101415-15 side=yes reason=exchange_position_without_local_state trigger=9 top_of_book=9 book=[9:730, 10:3311.87, 11:629.61, 12:83.16, 13:381] trust=synced
2026-05-10 14:11:04,321 | INFO | Execution state | market=KXBTC15M-26MAY101415-15 side=yes state=abandoned reason=exchange_position_without_local_state trust=synced run_id=701eafae-120a-4218-b788-4c52dba4504e
2026-05-10 14:11:04,328 | INFO | Mushroom v28 entry approved | market=KXBTC15M-26MAY101415-15 side=yes ask=9c max_buy=13c qty=2 p_side=0.1615 edge=7.152c depth=730 btc_age_ms=1407.0 secs_to_close=235.67
2026-05-10 14:11:04,342 | INFO | Execution state | market=KXBTC15M-26MAY101415-15 side=yes state=eligible reason=pre_filters_disabled trust=synced run_id=701eafae-120a-4218-b788-4c52dba4504e
2026-05-10 14:11:04,342 | INFO | Execution deferred | market=KXBTC15M-26MAY101415-15 side=yes reason=exchange_position_without_local_state trigger=9 top_of_book=9 book=[9:730, 10:3311.87, 11:629.61, 12:83.16, 13:381] trust=synced
2026-05-10 14:11:04,342 | INFO | Execution state | market=KXBTC15M-26MAY101415-15 side=yes state=abandoned reason=exchange_position_without_local_state trust=synced run_id=701eafae-120a-4218-b788-4c52dba4504e
2026-05-10 14:11:04,349 | INFO | Mushroom v28 entry approved | market=KXBTC15M-26MAY101415-15 side=yes ask=9c max_buy=13c qty=2 p_side=0.1615 edge=7.152c depth=730 btc_age_ms=1422.0 secs_to_close=235.65
2026-05-10 14:11:04,359 | INFO | Execution state | market=KXBTC15M-26MAY101415-15 side=yes state=eligible reason=pre_filters_disabled trust=synced run_id=701eafae-120a-4218-b788-4c52dba4504e
2026-05-10 14:11:04,361 | INFO | Execution deferred | market=KXBTC15M-26MAY101415-15 side=yes reason=exchange_position_without_local_state trigger=9 top_of_book=9 book=[9:730, 10:3311.87, 11:629.61, 12:83.16, 13:381] trust=synced
2026-05-10 14:11:04,361 | INFO | Execution state | market=KXBTC15M-26MAY101415-15 side=yes state=abandoned reason=exchange_position_without_local_state trust=synced run_id=701eafae-120a-4218-b788-4c52dba4504e
2026-05-10 14:11:04,403 | INFO | Mushroom v28 entry approved | market=KXBTC15M-26MAY101415-15 side=yes ask=9c max_buy=13c qty=2 p_side=0.1615 edge=7.151c depth=730 btc_age_ms=1469.0 secs_to_close=235.60
2026-05-10 14:11:04,421 | INFO | Execution state | market=KXBTC15M-26MAY101415-15 side=yes state=eligible reason=pre_filters_disabled trust=synced run_id=701eafae-120a-4218-b788-4c52dba4504e
2026-05-10 14:11:04,422 | INFO | Execution deferred | market=KXBTC15M-26MAY101415-15 side=yes reason=exchange_position_without_local_state trigger=9 top_of_book=9 book=[9:730, 10:3311.87, 11:629.61, 12:83.16, 13:381] trust=synced
2026-05-10 14:11:04,422 | INFO | Execution state | market=KXBTC15M-26MAY101415-15 side=yes state=abandoned reason=exchange_position_without_local_state trust=synced run_id=701eafae-120a-4218-b788-4c52dba4504e
2026-05-10 14:11:04,458 | INFO | Mushroom v28 entry approved | market=KXBTC15M-26MAY101415-15 side=yes ask=9c max_buy=13c qty=2 p_side=0.1615 edge=7.150c depth=730 btc_age_ms=1532.0 secs_to_close=235.55
2026-05-10 14:11:04,469 | INFO | Execution state | market=KXBTC15M-26MAY101415-15 side=yes state=eligible reason=pre_filters_disabled trust=synced run_id=701eafae-120a-4218-b788-4c52dba4504e
2026-05-10 14:11:04,469 | INFO | Execution deferred | market=KXBTC15M-26MAY101415-15 side=yes reason=exchange_position_without_local_state trigger=9 top_of_book=9 book=[9:730, 10:3311.87, 11:629.61, 12:83.16, 13:381] trust=synced
2026-05-10 14:11:04,472 | INFO | Execution state | market=KXBTC15M-26MAY101415-15 side=yes state=abandoned reason=exchange_position_without_local_state trust=synced run_id=701eafae-120a-4218-b788-4c52dba4504e
2026-05-10 14:11:04,476 | INFO | Mushroom v28 entry approved | market=KXBTC15M-26MAY101415-15 side=yes ask=9c max_buy=13c qty=2 p_side=0.1615 edge=7.149c depth=730 btc_age_ms=1547.0 secs_to_close=235.53
2026-05-10 14:11:04,482 | INFO | Execution state | market=KXBTC15M-26MAY101415-15 side=yes state=eligible reason=pre_filters_disabled trust=synced run_id=701eafae-120a-4218-b788-4c52dba4504e
2026-05-10 14:11:04,490 | INFO | Execution deferred | market=KXBTC15M-26MAY101415-15 side=yes reason=exchange_position_without_local_state trigger=9 top_of_book=9 book=[9:730, 10:3200.87, 11:629.61, 12:83.16, 13:381] trust=synced
2026-05-10 14:11:04,490 | INFO | Execution state | market=KXBTC15M-26MAY101415-15 side=yes state=abandoned reason=exchange_position_without_local_state trust=synced run_id=701eafae-120a-4218-b788-4c52dba4504e
2026-05-10 14:11:04,494 | INFO | Mushroom v28 entry approved | market=KXBTC15M-26MAY101415-15 side=yes ask=9c max_buy=13c qty=2 p_side=0.1615 edge=7.149c depth=730 btc_age_ms=1563.0 secs_to_close=235.51
2026-05-10 14:11:04,507 | INFO | Execution state | market=KXBTC15M-26MAY101415-15 side=yes state=eligible reason=pre_filters_disabled trust=synced run_id=701eafae-120a-4218-b788-4c52dba4504e
2026-05-10 14:11:04,507 | INFO | Execution deferred | market=KXBTC15M-26MAY101415-15 side=yes reason=exchange_position_without_local_state trigger=9 top_of_book=9 book=[9:730, 10:3200.87, 11:629.61, 12:83.16, 13:381] trust=synced
2026-05-10 14:11:04,509 | INFO | Execution state | market=KXBTC15M-26MAY101415-15 side=yes state=abandoned reason=exchange_position_without_local_state trust=synced run_id=701eafae-120a-4218-b788-4c52dba4504e
2026-05-10 14:11:04,513 | INFO | Mushroom v28 entry approved | market=KXBTC15M-26MAY101415-15 side=yes ask=9c max_buy=13c qty=2 p_side=0.1615 edge=7.149c depth=730 btc_age_ms=1579.0 secs_to_close=235.49
2026-05-10 14:11:04,526 | INFO | Execution state | market=KXBTC15M-26MAY101415-15 side=yes state=eligible reason=pre_filters_disabled trust=synced run_id=701eafae-120a-4218-b788-4c52dba4504e
2026-05-10 14:11:04,526 | INFO | Execution deferred | market=KXBTC15M-26MAY101415-15 side=yes reason=exchange_position_without_local_state trigger=9 top_of_book=9 book=[9:730, 10:3200.87, 11:629.61, 12:83.16, 13:381] trust=synced
2026-05-10 14:11:04,526 | INFO | Execution state | market=KXBTC15M-26MAY101415-15 side=yes state=abandoned reason=exchange_position_without_local_state trust=synced run_id=701eafae-120a-4218-b788-4c52dba4504e
2026-05-10 14:11:04,538 | INFO | Mushroom v28 entry approved | market=KXBTC15M-26MAY101415-15 side=yes ask=9c max_buy=9c qty=2 p_side=0.1154 edge=2.538c depth=730 btc_age_ms=0.0 secs_to_close=235.47
2026-05-10 14:11:04,549 | INFO | Execution state | market=KXBTC15M-26MAY101415-15 side=yes state=eligible reason=pre_filters_disabled trust=synced run_id=701eafae-120a-4218-b788-4c52dba4504e
2026-05-10 14:11:04,551 | INFO | Execution deferred | market=KXBTC15M-26MAY101415-15 side=yes reason=exchange_position_without_local_state trigger=9 top_of_book=9 book=[9:730, 10:3311.87, 11:629.61, 12:83.16, 13:381] trust=synced
2026-05-10 14:11:04,551 | INFO | Execution state | market=KXBTC15M-26MAY101415-15 side=yes state=abandoned reason=exchange_position_without_local_state trust=synced run_id=701eafae-120a-4218-b788-4c52dba4504e
2026-05-10 14:11:04,556 | INFO | Mushroom v28 entry approved | market=KXBTC15M-26MAY101415-15 side=yes ask=9c max_buy=9c qty=2 p_side=0.1154 edge=2.538c depth=730 btc_age_ms=15.0 secs_to_close=235.45
2026-05-10 14:11:04,564 | INFO | Execution state | market=KXBTC15M-26MAY101415-15 side=yes state=eligible reason=pre_filters_disabled trust=synced run_id=701eafae-120a-4218-b788-4c52dba4504e
2026-05-10 14:11:04,564 | INFO | Execution deferred | market=KXBTC15M-26MAY101415-15 side=yes reason=exchange_position_without_local_state trigger=9 top_of_book=9 book=[9:730, 10:3200.87, 11:629.61, 12:83.16, 13:381] trust=synced
2026-05-10 14:11:04,564 | INFO | Execution state | market=KXBTC15M-26MAY101415-15 side=yes state=abandoned reason=exchange_position_without_local_state trust=synced run_id=701eafae-120a-4218-b788-4c52dba4504e
2026-05-10 14:11:04,798 | INFO | Mushroom v28 entry approved | market=KXBTC15M-26MAY101415-15 side=yes ask=9c max_buy=9c qty=2 p_side=0.1154 edge=2.535c depth=669 btc_age_ms=265.0 secs_to_close=235.21
2026-05-10 14:11:04,821 | INFO | Execution state | market=KXBTC15M-26MAY101415-15 side=yes state=eligible reason=pre_filters_disabled trust=synced run_id=701eafae-120a-4218-b788-4c52dba4504e
2026-05-10 14:11:04,823 | INFO | Execution deferred | market=KXBTC15M-26MAY101415-15 side=yes reason=exchange_position_without_local_state trigger=9 top_of_book=9 book=[9:669, 10:3200.87, 11:629.61, 12:83.16, 13:381] trust=synced
2026-05-10 14:11:04,823 | INFO | Execution state | market=KXBTC15M-26MAY101415-15 side=yes state=abandoned reason=exchange_position_without_local_state trust=synced run_id=701eafae-120a-4218-b788-4c52dba4504e
2026-05-10 14:11:04,829 | INFO | Mushroom v28 entry approved | market=KXBTC15M-26MAY101415-15 side=yes ask=9c max_buy=9c qty=2 p_side=0.1153 edge=2.535c depth=669 btc_age_ms=297.0 secs_to_close=235.17
2026-05-10 14:11:04,841 | INFO | Execution state | market=KXBTC15M-26MAY101415-15 side=yes state=eligible reason=pre_filters_disabled trust=synced run_id=701eafae-120a-4218-b788-4c52dba4504e
2026-05-10 14:11:04,842 | INFO | Execution deferred | market=KXBTC15M-26MAY101415-15 side=yes reason=exchange_position_without_local_state trigger=9 top_of_book=9 book=[9:669, 10:3311.87, 11:629.61, 12:83.16, 13:381] trust=synced
2026-05-10 14:11:04,842 | INFO | Execution state | market=KXBTC15M-26MAY101415-15 side=yes state=abandoned reason=exchange_position_without_local_state trust=synced run_id=701eafae-120a-4218-b788-4c52dba4504e
2026-05-10 14:11:04,846 | INFO | Mushroom v28 entry approved | market=KXBTC15M-26MAY101415-15 side=yes ask=9c max_buy=9c qty=2 p_side=0.1153 edge=2.534c depth=669 btc_age_ms=312.0 secs_to_close=235.16
2026-05-10 14:11:04,860 | INFO | Execution state | market=KXBTC15M-26MAY101415-15 side=yes state=eligible reason=pre_filters_disabled trust=synced run_id=701eafae-120a-4218-b788-4c52dba4504e
2026-05-10 14:11:04,860 | INFO | Execution deferred | market=KXBTC15M-26MAY101415-15 side=yes reason=exchange_position_without_local_state trigger=9 top_of_book=9 book=[9:669, 10:3311.87, 11:629.61, 12:83.16, 13:381] trust=synced
2026-05-10 14:11:04,860 | INFO | Execution state | market=KXBTC15M-26MAY101415-15 side=yes state=abandoned reason=exchange_position_without_local_state trust=synced run_id=701eafae-120a-4218-b788-4c52dba4504e
2026-05-10 14:11:04,866 | INFO | Mushroom v28 entry approved | market=KXBTC15M-26MAY101415-15 side=yes ask=9c max_buy=9c qty=2 p_side=0.1153 edge=2.534c depth=669 btc_age_ms=328.0 secs_to_close=235.14
2026-05-10 14:11:04,876 | INFO | Execution state | market=KXBTC15M-26MAY101415-15 side=yes state=eligible reason=pre_filters_disabled trust=synced run_id=701eafae-120a-4218-b788-4c52dba4504e
2026-05-10 14:11:04,879 | INFO | Execution deferred | market=KXBTC15M-26MAY101415-15 side=yes reason=exchange_position_without_local_state trigger=9 top_of_book=9 book=[9:669, 10:3311.87, 11:629.61, 12:83.16, 13:381] trust=synced
2026-05-10 14:11:04,879 | INFO | Execution state | market=KXBTC15M-26MAY101415-15 side=yes state=abandoned reason=exchange_position_without_local_state trust=synced run_id=701eafae-120a-4218-b788-4c52dba4504e
2026-05-10 14:11:04,882 | INFO | Mushroom v28 entry approved | market=KXBTC15M-26MAY101415-15 side=yes ask=9c max_buy=9c qty=2 p_side=0.1153 edge=2.534c depth=719 btc_age_ms=344.0 secs_to_close=235.12
2026-05-10 14:11:04,895 | INFO | Execution state | market=KXBTC15M-26MAY101415-15 side=yes state=eligible reason=pre_filters_disabled trust=synced run_id=701eafae-120a-4218-b788-4c52dba4504e
2026-05-10 14:11:04,895 | INFO | Execution deferred | market=KXBTC15M-26MAY101415-15 side=yes reason=exchange_position_without_local_state trigger=9 top_of_book=9 book=[9:719, 10:3200.87, 11:629.61, 12:83.16, 13:381] trust=synced
2026-05-10 14:11:04,895 | INFO | Execution state | market=KXBTC15M-26MAY101415-15 side=yes state=abandoned reason=exchange_position_without_local_state trust=synced run_id=701eafae-120a-4218-b788-4c52dba4504e
2026-05-10 14:11:04,900 | INFO | Mushroom v28 entry approved | market=KXBTC15M-26MAY101415-15 side=yes ask=9c max_buy=9c qty=2 p_side=0.1153 edge=2.534c depth=719 btc_age_ms=359.0 secs_to_close=235.10
2026-05-10 14:11:04,913 | INFO | Execution state | market=KXBTC15M-26MAY101415-15 side=yes state=eligible reason=pre_filters_disabled trust=synced run_id=701eafae-120a-4218-b788-4c52dba4504e
2026-05-10 14:11:04,915 | INFO | Execution deferred | market=KXBTC15M-26MAY101415-15 side=yes reason=exchange_position_without_local_state trigger=9 top_of_book=9 book=[9:719, 10:3311.87, 11:629.61, 12:83.16, 13:381] trust=synced
2026-05-10 14:11:04,916 | INFO | Execution state | market=KXBTC15M-26MAY101415-15 side=yes state=abandoned reason=exchange_position_without_local_state trust=synced run_id=701eafae-120a-4218-b788-4c52dba4504e
2026-05-10 14:11:04,920 | INFO | Mushroom v28 entry approved | market=KXBTC15M-26MAY101415-15 side=yes ask=9c max_buy=9c qty=2 p_side=0.1153 edge=2.534c depth=719 btc_age_ms=375.0 secs_to_close=235.08
2026-05-10 14:11:04,931 | INFO | Execution state | market=KXBTC15M-26MAY101415-15 side=yes state=eligible reason=pre_filters_disabled trust=synced run_id=701eafae-120a-4218-b788-4c52dba4504e
2026-05-10 14:11:04,932 | INFO | Execution deferred | market=KXBTC15M-26MAY101415-15 side=yes reason=exchange_position_without_local_state trigger=9 top_of_book=9 book=[9:719, 10:3311.87, 11:629.61, 12:83.16, 13:381] trust=synced
2026-05-10 14:11:04,932 | INFO | Execution state | market=KXBTC15M-26MAY101415-15 side=yes state=abandoned reason=exchange_position_without_local_state trust=synced run_id=701eafae-120a-4218-b788-4c52dba4504e
2026-05-10 14:11:04,936 | INFO | Mushroom v28 entry approved | market=KXBTC15M-26MAY101415-15 side=yes ask=9c max_buy=9c qty=2 p_side=0.1153 edge=2.533c depth=719 btc_age_ms=406.0 secs_to_close=235.07
2026-05-10 14:11:04,953 | INFO | Execution state | market=KXBTC15M-26MAY101415-15 side=yes state=eligible reason=pre_filters_disabled trust=synced run_id=701eafae-120a-4218-b788-4c52dba4504e
2026-05-10 14:11:04,953 | INFO | Execution deferred | market=KXBTC15M-26MAY101415-15 side=yes reason=exchange_position_without_local_state trigger=9 top_of_book=9 book=[9:719, 10:3311.87, 11:629.61, 12:83.16, 13:381] trust=synced
2026-05-10 14:11:04,955 | INFO | Execution state | market=KXBTC15M-26MAY101415-15 side=yes state=abandoned reason=exchange_position_without_local_state trust=synced run_id=701eafae-120a-4218-b788-4c52dba4504e
2026-05-10 14:11:04,962 | INFO | Mushroom v28 entry approved | market=KXBTC15M-26MAY101415-15 side=yes ask=9c max_buy=9c qty=2 p_side=0.1153 edge=2.533c depth=719 btc_age_ms=422.0 secs_to_close=235.04
2026-05-10 14:11:04,975 | INFO | Execution state | market=KXBTC15M-26MAY101415-15 side=yes state=eligible reason=pre_filters_disabled trust=synced run_id=701eafae-120a-4218-b788-4c52dba4504e
2026-05-10 14:11:04,975 | INFO | Execution deferred | market=KXBTC15M-26MAY101415-15 side=yes reason=exchange_position_without_local_state trigger=9 top_of_book=9 book=[9:719, 10:3200.87, 11:629.61, 12:83.16, 13:381] trust=synced
2026-05-10 14:11:04,977 | INFO | Execution state | market=KXBTC15M-26MAY101415-15 side=yes state=abandoned reason=exchange_position_without_local_state trust=synced run_id=701eafae-120a-4218-b788-4c52dba4504e
2026-05-10 14:11:04,981 | INFO | Mushroom v28 entry approved | market=KXBTC15M-26MAY101415-15 side=yes ask=9c max_buy=9c qty=2 p_side=0.1153 edge=2.533c depth=719 btc_age_ms=437.0 secs_to_close=235.02
2026-05-10 14:11:04,997 | INFO | Execution state | market=KXBTC15M-26MAY101415-15 side=yes state=eligible reason=pre_filters_disabled trust=synced run_id=701eafae-120a-4218-b788-4c52dba4504e
2026-05-10 14:11:04,997 | INFO | Execution deferred | market=KXBTC15M-26MAY101415-15 side=yes reason=exchange_position_without_local_state trigger=9 top_of_book=9 book=[9:719, 10:3200.87, 11:629.61, 12:83.16, 13:381] trust=synced
2026-05-10 14:11:04,997 | INFO | Execution state | market=KXBTC15M-26MAY101415-15 side=yes state=abandoned reason=exchange_position_without_local_state trust=synced run_id=701eafae-120a-4218-b788-4c52dba4504e
2026-05-10 14:11:05,003 | INFO | Mushroom v28 entry approved | market=KXBTC15M-26MAY101415-15 side=yes ask=9c max_buy=9c qty=2 p_side=0.1153 edge=2.533c depth=708.68 btc_age_ms=469.0 secs_to_close=235.00
2026-05-10 14:11:05,019 | INFO | Execution state | market=KXBTC15M-26MAY101415-15 side=yes state=eligible reason=pre_filters_disabled trust=synced run_id=701eafae-120a-4218-b788-4c52dba4504e
2026-05-10 14:11:05,021 | INFO | Execution deferred | market=KXBTC15M-26MAY101415-15 side=yes reason=exchange_position_without_local_state trigger=9 top_of_book=9 book=[9:708.68, 10:3311.87, 11:629.61, 12:83.16, 13:381] trust=synced
2026-05-10 14:11:05,021 | INFO | Execution state | market=KXBTC15M-26MAY101415-15 side=yes state=abandoned reason=exchange_position_without_local_state trust=synced run_id=701eafae-120a-4218-b788-4c52dba4504e
2026-05-10 14:11:05,027 | INFO | Mushroom v28 entry approved | market=KXBTC15M-26MAY101415-15 side=yes ask=9c max_buy=9c qty=2 p_side=0.1153 edge=2.532c depth=708.68 btc_age_ms=484.0 secs_to_close=234.98
2026-05-10 14:11:05,044 | INFO | Execution state | market=KXBTC15M-26MAY101415-15 side=yes state=eligible reason=pre_filters_disabled trust=synced run_id=701eafae-120a-4218-b788-4c52dba4504e
2026-05-10 14:11:05,045 | INFO | Execution deferred | market=KXBTC15M-26MAY101415-15 side=yes reason=exchange_position_without_local_state trigger=9 top_of_book=9 book=[9:708.68, 10:3200.87, 11:629.61, 12:83.16, 13:381] trust=synced
2026-05-10 14:11:05,046 | INFO | Execution state | market=KXBTC15M-26MAY101415-15 side=yes state=abandoned reason=exchange_position_without_local_state trust=synced run_id=701eafae-120a-4218-b788-4c52dba4504e
2026-05-10 14:11:05,050 | INFO | Mushroom v28 entry approved | market=KXBTC15M-26MAY101415-15 side=yes ask=9c max_buy=9c qty=2 p_side=0.1153 edge=2.532c depth=708.68 btc_age_ms=515.0 secs_to_close=234.95
2026-05-10 14:11:05,066 | INFO | Execution state | market=KXBTC15M-26MAY101415-15 side=yes state=eligible reason=pre_filters_disabled trust=synced run_id=701eafae-120a-4218-b788-4c52dba4504e
2026-05-10 14:11:05,066 | INFO | Execution deferred | market=KXBTC15M-26MAY101415-15 side=yes reason=exchange_position_without_local_state trigger=9 top_of_book=9 book=[9:708.68, 10:3200.87, 11:629.61, 12:83.16, 13:381] trust=synced
2026-05-10 14:11:05,068 | INFO | Execution state | market=KXBTC15M-26MAY101415-15 side=yes state=abandoned reason=exchange_position_without_local_state trust=synced run_id=701eafae-120a-4218-b788-4c52dba4504e
2026-05-10 14:11:05,072 | INFO | Mushroom v28 entry approved | market=KXBTC15M-26MAY101415-15 side=yes ask=9c max_buy=9c qty=2 p_side=0.1153 edge=2.532c depth=708.68 btc_age_ms=531.0 secs_to_close=234.93
2026-05-10 14:11:05,086 | INFO | Execution state | market=KXBTC15M-26MAY101415-15 side=yes state=eligible reason=pre_filters_disabled trust=synced run_id=701eafae-120a-4218-b788-4c52dba4504e
2026-05-10 14:11:05,088 | INFO | Execution deferred | market=KXBTC15M-26MAY101415-15 side=yes reason=exchange_position_without_local_state trigger=9 top_of_book=9 book=[9:708.68, 10:3311.87, 11:629.61, 12:83.16, 13:381] trust=synced
2026-05-10 14:11:05,088 | INFO | Execution state | market=KXBTC15M-26MAY101415-15 side=yes state=abandoned reason=exchange_position_without_local_state trust=synced run_id=701eafae-120a-4218-b788-4c52dba4504e
2026-05-10 14:11:05,092 | INFO | Mushroom v28 entry approved | market=KXBTC15M-26MAY101415-15 side=yes ask=9c max_buy=9c qty=2 p_side=0.1153 edge=2.532c depth=708.68 btc_age_ms=562.0 secs_to_close=234.91
2026-05-10 14:11:05,104 | INFO | Execution state | market=KXBTC15M-26MAY101415-15 side=yes state=eligible reason=pre_filters_disabled trust=synced run_id=701eafae-120a-4218-b788-4c52dba4504e
2026-05-10 14:11:05,107 | INFO | Execution deferred | market=KXBTC15M-26MAY101415-15 side=yes reason=exchange_position_without_local_state trigger=9 top_of_book=9 book=[9:708.68, 10:3200.87, 11:629.61, 12:83.16, 13:381] trust=synced
2026-05-10 14:11:05,107 | INFO | Execution state | market=KXBTC15M-26MAY101415-15 side=yes state=abandoned reason=exchange_position_without_local_state trust=synced run_id=701eafae-120a-4218-b788-4c52dba4504e
2026-05-10 14:11:05,113 | INFO | Mushroom v28 entry approved | market=KXBTC15M-26MAY101415-15 side=yes ask=9c max_buy=9c qty=2 p_side=0.1142 edge=2.417c depth=708.68 btc_age_ms=578.0 secs_to_close=234.89
2026-05-10 14:11:05,127 | INFO | Execution state | market=KXBTC15M-26MAY101415-15 side=yes state=eligible reason=pre_filters_disabled trust=synced run_id=701eafae-120a-4218-b788-4c52dba4504e
2026-05-10 14:11:05,127 | INFO | Execution deferred | market=KXBTC15M-26MAY101415-15 side=yes reason=exchange_position_without_local_state trigger=9 top_of_book=9 book=[9:708.68, 10:3200.87, 11:629.61, 12:83.16, 13:381] trust=synced
2026-05-10 14:11:05,127 | INFO | Execution state | market=KXBTC15M-26MAY101415-15 side=yes state=abandoned reason=exchange_position_without_local_state trust=synced run_id=701eafae-120a-4218-b788-4c52dba4504e
2026-05-10 14:11:05,133 | INFO | Mushroom v28 entry approved | market=KXBTC15M-26MAY101415-15 side=yes ask=9c max_buy=9c qty=2 p_side=0.1142 edge=2.417c depth=708.68 btc_age_ms=0.0 secs_to_close=234.87
2026-05-10 14:11:05,147 | INFO | Execution state | market=KXBTC15M-26MAY101415-15 side=yes state=eligible reason=pre_filters_disabled trust=synced run_id=701eafae-120a-4218-b788-4c52dba4504e
2026-05-10 14:11:05,147 | INFO | Execution deferred | market=KXBTC15M-26MAY101415-15 side=yes reason=exchange_position_without_local_state trigger=9 top_of_book=9 book=[9:708.68, 10:3200.87, 11:629.61, 12:83.16, 13:381] trust=synced
2026-05-10 14:11:05,149 | INFO | Execution state | market=KXBTC15M-26MAY101415-15 side=yes state=abandoned reason=exchange_position_without_local_state trust=synced run_id=701eafae-120a-4218-b788-4c52dba4504e
2026-05-10 14:11:05,154 | INFO | Mushroom v28 entry approved | market=KXBTC15M-26MAY101415-15 side=yes ask=9c max_buy=9c qty=2 p_side=0.1142 edge=2.417c depth=658.68 btc_age_ms=15.0 secs_to_close=234.85
2026-05-10 14:11:05,169 | INFO | Execution state | market=KXBTC15M-26MAY101415-15 side=yes state=eligible reason=pre_filters_disabled trust=synced run_id=701eafae-120a-4218-b788-4c52dba4504e
2026-05-10 14:11:05,171 | INFO | Execution deferred | market=KXBTC15M-26MAY101415-15 side=yes reason=exchange_position_without_local_state trigger=9 top_of_book=9 book=[9:658.68, 10:3200.87, 11:629.61, 12:83.16, 13:381] trust=synced
2026-05-10 14:11:05,171 | INFO | Execution state | market=KXBTC15M-26MAY101415-15 side=yes state=abandoned reason=exchange_position_without_local_state trust=synced run_id=701eafae-120a-4218-b788-4c52dba4504e
2026-05-10 14:11:05,177 | INFO | Mushroom v28 entry approved | market=KXBTC15M-26MAY101415-15 side=yes ask=9c max_buy=9c qty=2 p_side=0.1142 edge=2.417c depth=658.68 btc_age_ms=46.0 secs_to_close=234.83
2026-05-10 14:11:05,192 | INFO | Execution state | market=KXBTC15M-26MAY101415-15 side=yes state=eligible reason=pre_filters_disabled trust=synced run_id=701eafae-120a-4218-b788-4c52dba4504e
2026-05-10 14:11:05,192 | INFO | Execution deferred | market=KXBTC15M-26MAY101415-15 side=yes reason=exchange_position_without_local_state trigger=9 top_of_book=9 book=[9:658.68, 10:3311.87, 11:629.61, 12:83.16, 13:381] trust=synced
2026-05-10 14:11:05,194 | INFO | Execution state | market=KXBTC15M-26MAY101415-15 side=yes state=abandoned reason=exchange_position_without_local_state trust=synced run_id=701eafae-120a-4218-b788-4c52dba4504e
2026-05-10 14:11:05,199 | INFO | Mushroom v28 entry approved | market=KXBTC15M-26MAY101415-15 side=yes ask=9c max_buy=9c qty=2 p_side=0.1142 edge=2.416c depth=658.68 btc_age_ms=62.0 secs_to_close=234.81
2026-05-10 14:11:05,213 | INFO | Execution state | market=KXBTC15M-26MAY101415-15 side=yes state=eligible reason=pre_filters_disabled trust=synced run_id=701eafae-120a-4218-b788-4c52dba4504e
2026-05-10 14:11:05,213 | INFO | Execution deferred | market=KXBTC15M-26MAY101415-15 side=yes reason=exchange_position_without_local_state trigger=9 top_of_book=9 book=[9:658.68, 10:3311.87, 11:629.61, 12:83.16, 13:381] trust=synced
2026-05-10 14:11:05,213 | INFO | Execution state | market=KXBTC15M-26MAY101415-15 side=yes state=abandoned reason=exchange_position_without_local_state trust=synced run_id=701eafae-120a-4218-b788-4c52dba4504e
2026-05-10 14:11:05,217 | INFO | Mushroom v28 entry approved | market=KXBTC15M-26MAY101415-15 side=yes ask=9c max_buy=9c qty=2 p_side=0.1142 edge=2.416c depth=658.68 btc_age_ms=93.0 secs_to_close=234.78
2026-05-10 14:11:05,231 | INFO | Execution state | market=KXBTC15M-26MAY101415-15 side=yes state=eligible reason=pre_filters_disabled trust=synced run_id=701eafae-120a-4218-b788-4c52dba4504e
2026-05-10 14:11:05,231 | INFO | Execution deferred | market=KXBTC15M-26MAY101415-15 side=yes reason=exchange_position_without_local_state trigger=9 top_of_book=9 book=[9:658.68, 10:3200.87, 11:629.61, 12:83.16, 13:381] trust=synced
2026-05-10 14:11:05,233 | INFO | Execution state | market=KXBTC15M-26MAY101415-15 side=yes state=abandoned reason=exchange_position_without_local_state trust=synced run_id=701eafae-120a-4218-b788-4c52dba4504e
2026-05-10 14:11:05,237 | INFO | Mushroom v28 entry approved | market=KXBTC15M-26MAY101415-15 side=yes ask=9c max_buy=9c qty=2 p_side=0.1142 edge=2.416c depth=658.68 btc_age_ms=109.0 secs_to_close=234.76
2026-05-10 14:11:05,250 | INFO | Execution state | market=KXBTC15M-26MAY101415-15 side=yes state=eligible reason=pre_filters_disabled trust=synced run_id=701eafae-120a-4218-b788-4c52dba4504e
2026-05-10 14:11:05,250 | INFO | Execution deferred | market=KXBTC15M-26MAY101415-15 side=yes reason=exchange_position_without_local_state trigger=9 top_of_book=9 book=[9:658.68, 10:3200.87, 11:694.61, 12:83.16, 13:381] trust=synced
2026-05-10 14:11:05,250 | INFO | Execution state | market=KXBTC15M-26MAY101415-15 side=yes state=abandoned reason=exchange_position_without_local_state trust=synced run_id=701eafae-120a-4218-b788-4c52dba4504e
2026-05-10 14:11:05,254 | INFO | Mushroom v28 entry approved | market=KXBTC15M-26MAY101415-15 side=yes ask=9c max_buy=9c qty=2 p_side=0.1142 edge=2.416c depth=658.68 btc_age_ms=125.0 secs_to_close=234.75
2026-05-10 14:11:05,265 | INFO | Execution state | market=KXBTC15M-26MAY101415-15 side=yes state=eligible reason=pre_filters_disabled trust=synced run_id=701eafae-120a-4218-b788-4c52dba4504e
2026-05-10 14:11:05,267 | INFO | Execution deferred | market=KXBTC15M-26MAY101415-15 side=yes reason=exchange_position_without_local_state trigger=9 top_of_book=9 book=[9:658.68, 10:3200.87, 11:694.61, 12:83.16, 13:381] trust=synced
2026-05-10 14:11:05,268 | INFO | Execution state | market=KXBTC15M-26MAY101415-15 side=yes state=abandoned reason=exchange_position_without_local_state trust=synced run_id=701eafae-120a-4218-b788-4c52dba4504e
2026-05-10 14:11:05,274 | INFO | Mushroom v28 entry approved | market=KXBTC15M-26MAY101415-15 side=yes ask=9c max_buy=9c qty=2 p_side=0.1142 edge=2.415c depth=708.68 btc_age_ms=140.0 secs_to_close=234.73
2026-05-10 14:11:05,286 | INFO | Execution state | market=KXBTC15M-26MAY101415-15 side=yes state=eligible reason=pre_filters_disabled trust=synced run_id=701eafae-120a-4218-b788-4c52dba4504e
2026-05-10 14:11:05,286 | INFO | Execution deferred | market=KXBTC15M-26MAY101415-15 side=yes reason=exchange_position_without_local_state trigger=9 top_of_book=9 book=[9:708.68, 10:3200.87, 11:694.61, 12:83.16, 13:381] trust=synced
2026-05-10 14:11:05,286 | INFO | Execution state | market=KXBTC15M-26MAY101415-15 side=yes state=abandoned reason=exchange_position_without_local_state trust=synced run_id=701eafae-120a-4218-b788-4c52dba4504e
2026-05-10 14:11:05,292 | INFO | Mushroom v28 entry approved | market=KXBTC15M-26MAY101415-15 side=yes ask=9c max_buy=9c qty=2 p_side=0.1142 edge=2.415c depth=708.68 btc_age_ms=156.0 secs_to_close=234.71
2026-05-10 14:11:05,300 | INFO | Execution state | market=KXBTC15M-26MAY101415-15 side=yes state=eligible reason=pre_filters_disabled trust=synced run_id=701eafae-120a-4218-b788-4c52dba4504e
2026-05-10 14:11:05,300 | INFO | Execution deferred | market=KXBTC15M-26MAY101415-15 side=yes reason=exchange_position_without_local_state trigger=9 top_of_book=9 book=[9:708.68, 10:3200.87, 11:694.61, 12:83.16, 13:381] trust=synced
2026-05-10 14:11:05,306 | INFO | Execution state | market=KXBTC15M-26MAY101415-15 side=yes state=abandoned reason=exchange_position_without_local_state trust=synced run_id=701eafae-120a-4218-b788-4c52dba4504e
2026-05-10 14:11:05,311 | INFO | Mushroom v28 entry approved | market=KXBTC15M-26MAY101415-15 side=yes ask=9c max_buy=9c qty=2 p_side=0.1142 edge=2.415c depth=708.68 btc_age_ms=171.0 secs_to_close=234.69
2026-05-10 14:11:05,323 | INFO | Execution state | market=KXBTC15M-26MAY101415-15 side=yes state=eligible reason=pre_filters_disabled trust=synced run_id=701eafae-120a-4218-b788-4c52dba4504e
2026-05-10 14:11:05,325 | INFO | Execution deferred | market=KXBTC15M-26MAY101415-15 side=yes reason=exchange_position_without_local_state trigger=9 top_of_book=9 book=[9:708.68, 10:3200.87, 11:694.61, 12:83.16, 13:381] trust=synced
2026-05-10 14:11:05,325 | INFO | Execution state | market=KXBTC15M-26MAY101415-15 side=yes state=abandoned reason=exchange_position_without_local_state trust=synced run_id=701eafae-120a-4218-b788-4c52dba4504e
2026-05-10 14:11:05,329 | INFO | Mushroom v28 entry approved | market=KXBTC15M-26MAY101415-15 side=yes ask=9c max_buy=9c qty=2 p_side=0.1141 edge=2.415c depth=708.68 btc_age_ms=203.0 secs_to_close=234.67
2026-05-10 14:11:05,343 | INFO | Execution state | market=KXBTC15M-26MAY101415-15 side=yes state=eligible reason=pre_filters_disabled trust=synced run_id=701eafae-120a-4218-b788-4c52dba4504e
2026-05-10 14:11:05,343 | INFO | Execution deferred | market=KXBTC15M-26MAY101415-15 side=yes reason=exchange_position_without_local_state trigger=9 top_of_book=9 book=[9:708.68, 10:3200.87, 11:694.61, 12:83.16, 13:381] trust=synced
2026-05-10 14:11:05,343 | INFO | Execution state | market=KXBTC15M-26MAY101415-15 side=yes state=abandoned reason=exchange_position_without_local_state trust=synced run_id=701eafae-120a-4218-b788-4c52dba4504e
2026-05-10 14:11:05,399 | INFO | Mushroom v28 entry approved | market=KXBTC15M-26MAY101415-15 side=yes ask=7c max_buy=8c qty=2 p_side=0.1141 edge=4.914c depth=28 btc_age_ms=265.0 secs_to_close=234.61
2026-05-10 14:11:05,411 | INFO | Execution state | market=KXBTC15M-26MAY101415-15 side=yes state=eligible reason=pre_filters_disabled trust=synced run_id=701eafae-120a-4218-b788-4c52dba4504e
2026-05-10 14:11:05,411 | INFO | Execution deferred | market=KXBTC15M-26MAY101415-15 side=yes reason=exchange_position_without_local_state trigger=7 top_of_book=7 book=[7:28, 8:740, 9:869.68, 10:2710.87, 11:694.61] trust=synced
2026-05-10 14:11:05,411 | INFO | Execution state | market=KXBTC15M-26MAY101415-15 side=yes state=abandoned reason=exchange_position_without_local_state trust=synced run_id=701eafae-120a-4218-b788-4c52dba4504e
2026-05-10 14:11:05,420 | INFO | Mushroom v28 entry approved | market=KXBTC15M-26MAY101415-15 side=yes ask=7c max_buy=8c qty=2 p_side=0.1141 edge=4.914c depth=28 btc_age_ms=281.0 secs_to_close=234.58
2026-05-10 14:11:05,432 | INFO | Execution state | market=KXBTC15M-26MAY101415-15 side=yes state=eligible reason=pre_filters_disabled trust=synced run_id=701eafae-120a-4218-b788-4c52dba4504e
2026-05-10 14:11:05,432 | INFO | Execution deferred | market=KXBTC15M-26MAY101415-15 side=yes reason=exchange_position_without_local_state trigger=7 top_of_book=7 book=[7:28, 8:740, 9:869.68, 10:2710.87, 11:694.61] trust=synced
2026-05-10 14:11:05,432 | INFO | Execution state | market=KXBTC15M-26MAY101415-15 side=yes state=abandoned reason=exchange_position_without_local_state trust=synced run_id=701eafae-120a-4218-b788-4c52dba4504e
2026-05-10 14:11:05,437 | INFO | Mushroom v28 entry approved | market=KXBTC15M-26MAY101415-15 side=yes ask=7c max_buy=8c qty=2 p_side=0.1141 edge=4.914c depth=28 btc_age_ms=312.0 secs_to_close=234.57
2026-05-10 14:11:05,449 | INFO | Execution state | market=KXBTC15M-26MAY101415-15 side=yes state=eligible reason=pre_filters_disabled trust=synced run_id=701eafae-120a-4218-b788-4c52dba4504e
2026-05-10 14:11:05,449 | INFO | Execution deferred | market=KXBTC15M-26MAY101415-15 side=yes reason=exchange_position_without_local_state trigger=7 top_of_book=7 book=[7:28, 8:740, 9:869.68, 10:2710.87, 11:694.61] trust=synced
2026-05-10 14:11:05,449 | INFO | Execution state | market=KXBTC15M-26MAY101415-15 side=yes state=abandoned reason=exchange_position_without_local_state trust=synced run_id=701eafae-120a-4218-b788-4c52dba4504e
2026-05-10 14:11:05,453 | INFO | Mushroom v28 entry approved | market=KXBTC15M-26MAY101415-15 side=yes ask=7c max_buy=8c qty=2 p_side=0.1141 edge=4.913c depth=28 btc_age_ms=328.0 secs_to_close=234.55
2026-05-10 14:11:05,466 | INFO | Execution state | market=KXBTC15M-26MAY101415-15 side=yes state=eligible reason=pre_filters_disabled trust=synced run_id=701eafae-120a-4218-b788-4c52dba4504e
2026-05-10 14:11:05,466 | INFO | Execution deferred | market=KXBTC15M-26MAY101415-15 side=yes reason=exchange_position_without_local_state trigger=7 top_of_book=7 book=[7:28, 8:740, 9:869.68, 10:2710.87, 11:694.61] trust=synced
2026-05-10 14:11:05,466 | INFO | Execution state | market=KXBTC15M-26MAY101415-15 side=yes state=abandoned reason=exchange_position_without_local_state trust=synced run_id=701eafae-120a-4218-b788-4c52dba4504e
2026-05-10 14:11:05,471 | INFO | Mushroom v28 entry approved | market=KXBTC15M-26MAY101415-15 side=yes ask=7c max_buy=8c qty=2 p_side=0.1141 edge=4.913c depth=35 btc_age_ms=343.0 secs_to_close=234.53
2026-05-10 14:11:05,486 | INFO | Execution state | market=KXBTC15M-26MAY101415-15 side=yes state=eligible reason=pre_filters_disabled trust=synced run_id=701eafae-120a-4218-b788-4c52dba4504e
2026-05-10 14:11:05,488 | INFO | Execution deferred | market=KXBTC15M-26MAY101415-15 side=yes reason=exchange_position_without_local_state trigger=7 top_of_book=7 book=[7:35, 8:740, 9:869.68, 10:2710.87, 11:694.61] trust=synced
2026-05-10 14:11:05,488 | INFO | Execution state | market=KXBTC15M-26MAY101415-15 side=yes state=abandoned reason=exchange_position_without_local_state trust=synced run_id=701eafae-120a-4218-b788-4c52dba4504e
2026-05-10 14:11:05,492 | INFO | Mushroom v28 entry approved | market=KXBTC15M-26MAY101415-15 side=yes ask=7c max_buy=8c qty=2 p_side=0.1141 edge=4.913c depth=35 btc_age_ms=359.0 secs_to_close=234.51
2026-05-10 14:11:05,504 | INFO | Execution state | market=KXBTC15M-26MAY101415-15 side=yes state=eligible reason=pre_filters_disabled trust=synced run_id=701eafae-120a-4218-b788-4c52dba4504e
2026-05-10 14:11:05,506 | INFO | Execution deferred | market=KXBTC15M-26MAY101415-15 side=yes reason=exchange_position_without_local_state trigger=7 top_of_book=7 book=[7:35, 8:740, 9:869.68, 10:2710.87, 11:694.61] trust=synced
2026-05-10 14:11:05,506 | INFO | Execution state | market=KXBTC15M-26MAY101415-15 side=yes state=abandoned reason=exchange_position_without_local_state trust=synced run_id=701eafae-120a-4218-b788-4c52dba4504e
2026-05-10 14:11:05,512 | INFO | Mushroom v28 entry approved | market=KXBTC15M-26MAY101415-15 side=yes ask=7c max_buy=8c qty=2 p_side=0.1141 edge=4.913c depth=31 btc_age_ms=0.0 secs_to_close=234.49
2026-05-10 14:11:05,523 | INFO | Execution state | market=KXBTC15M-26MAY101415-15 side=yes state=eligible reason=pre_filters_disabled trust=synced run_id=701eafae-120a-4218-b788-4c52dba4504e
2026-05-10 14:11:05,525 | INFO | Execution deferred | market=KXBTC15M-26MAY101415-15 side=yes reason=exchange_position_without_local_state trigger=7 top_of_book=7 book=[7:31, 8:740, 9:869.68, 10:2710.87, 11:694.61] trust=synced
2026-05-10 14:11:05,526 | INFO | Execution state | market=KXBTC15M-26MAY101415-15 side=yes state=abandoned reason=exchange_position_without_local_state trust=synced run_id=701eafae-120a-4218-b788-4c52dba4504e
2026-05-10 14:11:05,532 | INFO | Mushroom v28 entry approved | market=KXBTC15M-26MAY101415-15 side=yes ask=7c max_buy=8c qty=2 p_side=0.1141 edge=4.912c depth=31 btc_age_ms=31.0 secs_to_close=234.47
2026-05-10 14:11:05,543 | INFO | Execution state | market=KXBTC15M-26MAY101415-15 side=yes state=eligible reason=pre_filters_disabled trust=synced run_id=701eafae-120a-4218-b788-4c52dba4504e
2026-05-10 14:11:05,543 | INFO | Execution deferred | market=KXBTC15M-26MAY101415-15 side=yes reason=exchange_position_without_local_state trigger=7 top_of_book=7 book=[7:31, 8:740, 9:869.68, 10:2710.87, 11:694.61] trust=synced
2026-05-10 14:11:05,543 | INFO | Execution state | market=KXBTC15M-26MAY101415-15 side=yes state=abandoned reason=exchange_position_without_local_state trust=synced run_id=701eafae-120a-4218-b788-4c52dba4504e
2026-05-10 14:11:05,798 | INFO | Mushroom v28 entry approved | market=KXBTC15M-26MAY101415-15 side=yes ask=7c max_buy=8c qty=2 p_side=0.1141 edge=4.909c depth=526 btc_age_ms=296.0 secs_to_close=234.21
2026-05-10 14:11:05,813 | INFO | Execution state | market=KXBTC15M-26MAY101415-15 side=yes state=eligible reason=pre_filters_disabled trust=synced run_id=701eafae-120a-4218-b788-4c52dba4504e
2026-05-10 14:11:05,813 | INFO | Execution deferred | market=KXBTC15M-26MAY101415-15 side=yes reason=exchange_position_without_local_state trigger=7 top_of_book=7 book=[7:526, 8:730, 9:469.68, 10:2700.87, 11:694.61] trust=synced
2026-05-10 14:11:05,813 | INFO | Execution state | market=KXBTC15M-26MAY101415-15 side=yes state=abandoned reason=exchange_position_without_local_state trust=synced run_id=701eafae-120a-4218-b788-4c52dba4504e
2026-05-10 14:11:05,818 | INFO | Mushroom v28 entry approved | market=KXBTC15M-26MAY101415-15 side=yes ask=7c max_buy=8c qty=2 p_side=0.1141 edge=4.909c depth=526 btc_age_ms=312.0 secs_to_close=234.18
2026-05-10 14:11:05,832 | INFO | Execution state | market=KXBTC15M-26MAY101415-15 side=yes state=eligible reason=pre_filters_disabled trust=synced run_id=701eafae-120a-4218-b788-4c52dba4504e
2026-05-10 14:11:05,832 | INFO | Execution deferred | market=KXBTC15M-26MAY101415-15 side=yes reason=exchange_position_without_local_state trigger=7 top_of_book=7 book=[7:526, 8:730, 9:469.68, 10:2700.87, 11:694.61] trust=synced
2026-05-10 14:11:05,834 | INFO | Execution state | market=KXBTC15M-26MAY101415-15 side=yes state=abandoned reason=exchange_position_without_local_state trust=synced run_id=701eafae-120a-4218-b788-4c52dba4504e
2026-05-10 14:11:05,838 | INFO | Mushroom v28 entry approved | market=KXBTC15M-26MAY101415-15 side=yes ask=7c max_buy=8c qty=2 p_side=0.1141 edge=4.909c depth=526 btc_age_ms=328.0 secs_to_close=234.17
2026-05-10 14:11:05,852 | INFO | Execution state | market=KXBTC15M-26MAY101415-15 side=yes state=eligible reason=pre_filters_disabled trust=synced run_id=701eafae-120a-4218-b788-4c52dba4504e
2026-05-10 14:11:05,854 | INFO | Execution deferred | market=KXBTC15M-26MAY101415-15 side=yes reason=exchange_position_without_local_state trigger=7 top_of_book=7 book=[7:526, 8:730, 9:469.68, 10:2700.87, 11:694.61] trust=synced
2026-05-10 14:11:05,854 | INFO | Execution state | market=KXBTC15M-26MAY101415-15 side=yes state=abandoned reason=exchange_position_without_local_state trust=synced run_id=701eafae-120a-4218-b788-4c52dba4504e
2026-05-10 14:11:05,859 | INFO | Mushroom v28 entry approved | market=KXBTC15M-26MAY101415-15 side=yes ask=7c max_buy=8c qty=2 p_side=0.1141 edge=4.909c depth=526 btc_age_ms=359.0 secs_to_close=234.14
2026-05-10 14:11:05,872 | INFO | Execution state | market=KXBTC15M-26MAY101415-15 side=yes state=eligible reason=pre_filters_disabled trust=synced run_id=701eafae-120a-4218-b788-4c52dba4504e
2026-05-10 14:11:05,872 | INFO | Execution deferred | market=KXBTC15M-26MAY101415-15 side=yes reason=exchange_position_without_local_state trigger=7 top_of_book=7 book=[7:526, 8:730, 9:469.68, 10:2700.87, 11:694.61] trust=synced
2026-05-10 14:11:05,872 | INFO | Execution state | market=KXBTC15M-26MAY101415-15 side=yes state=abandoned reason=exchange_position_without_local_state trust=synced run_id=701eafae-120a-4218-b788-4c52dba4504e
2026-05-10 14:11:05,878 | INFO | Mushroom v28 entry approved | market=KXBTC15M-26MAY101415-15 side=yes ask=7c max_buy=8c qty=2 p_side=0.1141 edge=4.908c depth=526 btc_age_ms=375.0 secs_to_close=234.12
2026-05-10 14:11:05,890 | INFO | Execution state | market=KXBTC15M-26MAY101415-15 side=yes state=eligible reason=pre_filters_disabled trust=synced run_id=701eafae-120a-4218-b788-4c52dba4504e
2026-05-10 14:11:05,890 | INFO | Execution deferred | market=KXBTC15M-26MAY101415-15 side=yes reason=exchange_position_without_local_state trigger=7 top_of_book=7 book=[7:526, 8:730, 9:469.68, 10:2700.87, 11:694.61] trust=synced
2026-05-10 14:11:05,892 | INFO | Execution state | market=KXBTC15M-26MAY101415-15 side=yes state=abandoned reason=exchange_position_without_local_state trust=synced run_id=701eafae-120a-4218-b788-4c52dba4504e
2026-05-10 14:11:05,896 | INFO | Mushroom v28 entry approved | market=KXBTC15M-26MAY101415-15 side=yes ask=7c max_buy=8c qty=2 p_side=0.1141 edge=4.908c depth=526 btc_age_ms=390.0 secs_to_close=234.11
2026-05-10 14:11:05,908 | INFO | Execution state | market=KXBTC15M-26MAY101415-15 side=yes state=eligible reason=pre_filters_disabled trust=synced run_id=701eafae-120a-4218-b788-4c52dba4504e
2026-05-10 14:11:05,908 | INFO | Execution deferred | market=KXBTC15M-26MAY101415-15 side=yes reason=exchange_position_without_local_state trigger=7 top_of_book=7 book=[7:526, 8:730, 9:469.68, 10:2700.87, 11:694.61] trust=synced
2026-05-10 14:11:05,908 | INFO | Execution state | market=KXBTC15M-26MAY101415-15 side=yes state=abandoned reason=exchange_position_without_local_state trust=synced run_id=701eafae-120a-4218-b788-4c52dba4504e
2026-05-10 14:11:05,950 | INFO | Mushroom v28 entry approved | market=KXBTC15M-26MAY101415-15 side=yes ask=7c max_buy=8c qty=2 p_side=0.1141 edge=4.908c depth=526 btc_age_ms=437.0 secs_to_close=234.05
2026-05-10 14:11:05,965 | INFO | Execution state | market=KXBTC15M-26MAY101415-15 side=yes state=eligible reason=pre_filters_disabled trust=synced run_id=701eafae-120a-4218-b788-4c52dba4504e
2026-05-10 14:11:05,965 | INFO | Execution deferred | market=KXBTC15M-26MAY101415-15 side=yes reason=exchange_position_without_local_state trigger=7 top_of_book=7 book=[7:526, 8:730, 9:469.68, 10:2700.87, 11:694.61] trust=synced
2026-05-10 14:11:05,965 | INFO | Execution state | market=KXBTC15M-26MAY101415-15 side=yes state=abandoned reason=exchange_position_without_local_state trust=synced run_id=701eafae-120a-4218-b788-4c52dba4504e
2026-05-10 14:11:05,971 | INFO | Mushroom v28 entry approved | market=KXBTC15M-26MAY101415-15 side=yes ask=7c max_buy=8c qty=2 p_side=0.1141 edge=4.908c depth=526 btc_age_ms=0.0 secs_to_close=234.03
2026-05-10 14:11:05,985 | INFO | Execution state | market=KXBTC15M-26MAY101415-15 side=yes state=eligible reason=pre_filters_disabled trust=synced run_id=701eafae-120a-4218-b788-4c52dba4504e
2026-05-10 14:11:05,987 | INFO | Execution deferred | market=KXBTC15M-26MAY101415-15 side=yes reason=exchange_position_without_local_state trigger=7 top_of_book=7 book=[7:526, 8:730, 9:419.68, 10:2700.87, 11:694.61] trust=synced
2026-05-10 14:11:05,987 | INFO | Execution state | market=KXBTC15M-26MAY101415-15 side=yes state=abandoned reason=exchange_position_without_local_state trust=synced run_id=701eafae-120a-4218-b788-4c52dba4504e
2026-05-10 14:11:05,994 | INFO | Mushroom v28 entry approved | market=KXBTC15M-26MAY101415-15 side=yes ask=7c max_buy=8c qty=2 p_side=0.1141 edge=4.908c depth=526 btc_age_ms=16.0 secs_to_close=234.01
2026-05-10 14:11:06,008 | INFO | Execution state | market=KXBTC15M-26MAY101415-15 side=yes state=eligible reason=pre_filters_disabled trust=synced run_id=701eafae-120a-4218-b788-4c52dba4504e
2026-05-10 14:11:06,011 | INFO | Execution deferred | market=KXBTC15M-26MAY101415-15 side=yes reason=exchange_position_without_local_state trigger=7 top_of_book=7 book=[7:526, 8:730, 9:419.68, 10:2700.87, 11:694.61] trust=synced
2026-05-10 14:11:06,011 | INFO | Execution state | market=KXBTC15M-26MAY101415-15 side=yes state=abandoned reason=exchange_position_without_local_state trust=synced run_id=701eafae-120a-4218-b788-4c52dba4504e
2026-05-10 14:11:06,018 | INFO | Mushroom v28 entry approved | market=KXBTC15M-26MAY101415-15 side=yes ask=7c max_buy=8c qty=2 p_side=0.1141 edge=4.908c depth=526 btc_age_ms=47.0 secs_to_close=233.99
2026-05-10 14:11:06,034 | INFO | Execution state | market=KXBTC15M-26MAY101415-15 side=yes state=eligible reason=pre_filters_disabled trust=synced run_id=701eafae-120a-4218-b788-4c52dba4504e
2026-05-10 14:11:06,034 | INFO | Execution deferred | market=KXBTC15M-26MAY101415-15 side=yes reason=exchange_position_without_local_state trigger=7 top_of_book=7 book=[7:526, 8:730, 9:419.68, 10:2700.87, 11:694.61] trust=synced
2026-05-10 14:11:06,037 | INFO | Execution state | market=KXBTC15M-26MAY101415-15 side=yes state=abandoned reason=exchange_position_without_local_state trust=synced run_id=701eafae-120a-4218-b788-4c52dba4504e
2026-05-10 14:11:06,042 | INFO | Mushroom v28 entry approved | market=KXBTC15M-26MAY101415-15 side=yes ask=7c max_buy=8c qty=2 p_side=0.1141 edge=4.908c depth=526 btc_age_ms=63.0 secs_to_close=233.96
2026-05-10 14:11:06,058 | INFO | Execution state | market=KXBTC15M-26MAY101415-15 side=yes state=eligible reason=pre_filters_disabled trust=synced run_id=701eafae-120a-4218-b788-4c52dba4504e
2026-05-10 14:11:06,060 | INFO | Execution deferred | market=KXBTC15M-26MAY101415-15 side=yes reason=exchange_position_without_local_state trigger=7 top_of_book=7 book=[7:526, 8:730, 9:419.68, 10:2700.87, 11:694.61] trust=synced
2026-05-10 14:11:06,060 | INFO | Execution state | market=KXBTC15M-26MAY101415-15 side=yes state=abandoned reason=exchange_position_without_local_state trust=synced run_id=701eafae-120a-4218-b788-4c52dba4504e
2026-05-10 14:11:06,066 | INFO | Mushroom v28 entry approved | market=KXBTC15M-26MAY101415-15 side=yes ask=7c max_buy=8c qty=2 p_side=0.1141 edge=4.907c depth=525 btc_age_ms=94.0 secs_to_close=233.94
2026-05-10 14:11:06,080 | INFO | Execution state | market=KXBTC15M-26MAY101415-15 side=yes state=eligible reason=pre_filters_disabled trust=synced run_id=701eafae-120a-4218-b788-4c52dba4504e
2026-05-10 14:11:06,080 | INFO | Execution deferred | market=KXBTC15M-26MAY101415-15 side=yes reason=exchange_position_without_local_state trigger=7 top_of_book=7 book=[7:525, 8:749.68, 9:400, 10:2700.87, 11:694.61] trust=synced
2026-05-10 14:11:06,080 | INFO | Execution state | market=KXBTC15M-26MAY101415-15 side=yes state=abandoned reason=exchange_position_without_local_state trust=synced run_id=701eafae-120a-4218-b788-4c52dba4504e
2026-05-10 14:11:06,085 | INFO | Mushroom v28 entry approved | market=KXBTC15M-26MAY101415-15 side=yes ask=7c max_buy=8c qty=2 p_side=0.1141 edge=4.907c depth=527 btc_age_ms=110.0 secs_to_close=233.92
2026-05-10 14:11:06,101 | INFO | Execution state | market=KXBTC15M-26MAY101415-15 side=yes state=eligible reason=pre_filters_disabled trust=synced run_id=701eafae-120a-4218-b788-4c52dba4504e
2026-05-10 14:11:06,101 | INFO | Execution deferred | market=KXBTC15M-26MAY101415-15 side=yes reason=exchange_position_without_local_state trigger=7 top_of_book=7 book=[7:527, 8:749.68, 9:400, 10:2700.87, 11:694.61] trust=synced
2026-05-10 14:11:06,101 | INFO | Execution state | market=KXBTC15M-26MAY101415-15 side=yes state=abandoned reason=exchange_position_without_local_state trust=synced run_id=701eafae-120a-4218-b788-4c52dba4504e
2026-05-10 14:11:06,107 | INFO | Mushroom v28 entry approved | market=KXBTC15M-26MAY101415-15 side=yes ask=7c max_buy=8c qty=2 p_side=0.1141 edge=4.907c depth=527 btc_age_ms=125.0 secs_to_close=233.90
2026-05-10 14:11:06,119 | INFO | Execution state | market=KXBTC15M-26MAY101415-15 side=yes state=eligible reason=pre_filters_disabled trust=synced run_id=701eafae-120a-4218-b788-4c52dba4504e
2026-05-10 14:11:06,121 | INFO | Execution deferred | market=KXBTC15M-26MAY101415-15 side=yes reason=exchange_position_without_local_state trigger=7 top_of_book=7 book=[7:527, 8:749.68, 9:400, 10:2700.87, 11:694.61] trust=synced
2026-05-10 14:11:06,121 | INFO | Execution state | market=KXBTC15M-26MAY101415-15 side=yes state=abandoned reason=exchange_position_without_local_state trust=synced run_id=701eafae-120a-4218-b788-4c52dba4504e
2026-05-10 14:11:06,127 | INFO | Mushroom v28 entry approved | market=KXBTC15M-26MAY101415-15 side=yes ask=7c max_buy=8c qty=2 p_side=0.1141 edge=4.907c depth=527 btc_age_ms=157.0 secs_to_close=233.88
2026-05-10 14:11:06,142 | INFO | Execution state | market=KXBTC15M-26MAY101415-15 side=yes state=eligible reason=pre_filters_disabled trust=synced run_id=701eafae-120a-4218-b788-4c52dba4504e
2026-05-10 14:11:06,144 | INFO | Execution deferred | market=KXBTC15M-26MAY101415-15 side=yes reason=exchange_position_without_local_state trigger=7 top_of_book=7 book=[7:527, 8:749.68, 9:400, 10:2700.87, 11:694.61] trust=synced
2026-05-10 14:11:06,144 | INFO | Execution state | market=KXBTC15M-26MAY101415-15 side=yes state=abandoned reason=exchange_position_without_local_state trust=synced run_id=701eafae-120a-4218-b788-4c52dba4504e
2026-05-10 14:11:06,150 | INFO | Mushroom v28 entry approved | market=KXBTC15M-26MAY101415-15 side=yes ask=7c max_buy=8c qty=2 p_side=0.1141 edge=4.906c depth=527 btc_age_ms=172.0 secs_to_close=233.85
2026-05-10 14:11:06,165 | INFO | Execution state | market=KXBTC15M-26MAY101415-15 side=yes state=eligible reason=pre_filters_disabled trust=synced run_id=701eafae-120a-4218-b788-4c52dba4504e
2026-05-10 14:11:06,165 | INFO | Execution deferred | market=KXBTC15M-26MAY101415-15 side=yes reason=exchange_position_without_local_state trigger=7 top_of_book=7 book=[7:527, 8:749.68, 9:400, 10:2700.87, 11:694.61] trust=synced
2026-05-10 14:11:06,165 | INFO | Execution state | market=KXBTC15M-26MAY101415-15 side=yes state=abandoned reason=exchange_position_without_local_state trust=synced run_id=701eafae-120a-4218-b788-4c52dba4504e
2026-05-10 14:11:06,171 | INFO | Mushroom v28 entry approved | market=KXBTC15M-26MAY101415-15 side=yes ask=7c max_buy=8c qty=2 p_side=0.1141 edge=4.906c depth=527 btc_age_ms=188.0 secs_to_close=233.83
2026-05-10 14:11:06,184 | INFO | Execution state | market=KXBTC15M-26MAY101415-15 side=yes state=eligible reason=pre_filters_disabled trust=synced run_id=701eafae-120a-4218-b788-4c52dba4504e
2026-05-10 14:11:06,186 | INFO | Execution deferred | market=KXBTC15M-26MAY101415-15 side=yes reason=exchange_position_without_local_state trigger=7 top_of_book=7 book=[7:527, 8:749.68, 9:400, 10:2700.87, 11:694.61] trust=synced
2026-05-10 14:11:06,186 | INFO | Execution state | market=KXBTC15M-26MAY101415-15 side=yes state=abandoned reason=exchange_position_without_local_state trust=synced run_id=701eafae-120a-4218-b788-4c52dba4504e
2026-05-10 14:11:06,191 | INFO | Mushroom v28 entry approved | market=KXBTC15M-26MAY101415-15 side=yes ask=7c max_buy=8c qty=2 p_side=0.1141 edge=4.906c depth=510 btc_age_ms=219.0 secs_to_close=233.81
2026-05-10 14:11:06,205 | INFO | Execution state | market=KXBTC15M-26MAY101415-15 side=yes state=eligible reason=pre_filters_disabled trust=synced run_id=701eafae-120a-4218-b788-4c52dba4504e
2026-05-10 14:11:06,205 | INFO | Execution deferred | market=KXBTC15M-26MAY101415-15 side=yes reason=exchange_position_without_local_state trigger=7 top_of_book=7 book=[7:510, 8:767.68, 9:400, 10:2700.87, 11:694.61] trust=synced
2026-05-10 14:11:06,207 | INFO | Execution state | market=KXBTC15M-26MAY101415-15 side=yes state=abandoned reason=exchange_position_without_local_state trust=synced run_id=701eafae-120a-4218-b788-4c52dba4504e
2026-05-10 14:11:06,213 | INFO | Mushroom v28 entry approved | market=KXBTC15M-26MAY101415-15 side=yes ask=7c max_buy=8c qty=2 p_side=0.1141 edge=4.906c depth=510 btc_age_ms=0.0 secs_to_close=233.79
2026-05-10 14:11:06,226 | INFO | Execution state | market=KXBTC15M-26MAY101415-15 side=yes state=eligible reason=pre_filters_disabled trust=synced run_id=701eafae-120a-4218-b788-4c52dba4504e
2026-05-10 14:11:06,226 | INFO | Execution deferred | market=KXBTC15M-26MAY101415-15 side=yes reason=exchange_position_without_local_state trigger=7 top_of_book=7 book=[7:510, 8:767.68, 9:400, 10:2700.87, 11:694.61] trust=synced
2026-05-10 14:11:06,226 | INFO | Execution state | market=KXBTC15M-26MAY101415-15 side=yes state=abandoned reason=exchange_position_without_local_state trust=synced run_id=701eafae-120a-4218-b788-4c52dba4504e
2026-05-10 14:11:06,230 | INFO | Mushroom v28 entry approved | market=KXBTC15M-26MAY101415-15 side=yes ask=7c max_buy=8c qty=2 p_side=0.1141 edge=4.905c depth=510 btc_age_ms=15.0 secs_to_close=233.77
2026-05-10 14:11:06,242 | INFO | Execution state | market=KXBTC15M-26MAY101415-15 side=yes state=eligible reason=pre_filters_disabled trust=synced run_id=701eafae-120a-4218-b788-4c52dba4504e
2026-05-10 14:11:06,242 | INFO | Execution deferred | market=KXBTC15M-26MAY101415-15 side=yes reason=exchange_position_without_local_state trigger=7 top_of_book=7 book=[7:510, 8:767.68, 9:400, 10:2700.87, 11:694.61] trust=synced
2026-05-10 14:11:06,245 | INFO | Execution state | market=KXBTC15M-26MAY101415-15 side=yes state=abandoned reason=exchange_position_without_local_state trust=synced run_id=701eafae-120a-4218-b788-4c52dba4504e
2026-05-10 14:11:06,248 | INFO | Mushroom v28 entry approved | market=KXBTC15M-26MAY101415-15 side=yes ask=7c max_buy=8c qty=2 p_side=0.1141 edge=4.905c depth=510 btc_age_ms=31.0 secs_to_close=233.75
2026-05-10 14:11:06,259 | INFO | Execution state | market=KXBTC15M-26MAY101415-15 side=yes state=eligible reason=pre_filters_disabled trust=synced run_id=701eafae-120a-4218-b788-4c52dba4504e
2026-05-10 14:11:06,259 | INFO | Execution deferred | market=KXBTC15M-26MAY101415-15 side=yes reason=exchange_position_without_local_state trigger=7 top_of_book=7 book=[7:510, 8:767.68, 9:400, 10:2700.87, 11:694.61] trust=synced
2026-05-10 14:11:06,259 | INFO | Execution state | market=KXBTC15M-26MAY101415-15 side=yes state=abandoned reason=exchange_position_without_local_state trust=synced run_id=701eafae-120a-4218-b788-4c52dba4504e
2026-05-10 14:11:06,281 | INFO | Mushroom v28 entry approved | market=KXBTC15M-26MAY101415-15 side=yes ask=7c max_buy=8c qty=2 p_side=0.1140 edge=4.905c depth=510 btc_age_ms=78.0 secs_to_close=233.72
2026-05-10 14:11:06,292 | INFO | Execution state | market=KXBTC15M-26MAY101415-15 side=yes state=eligible reason=pre_filters_disabled trust=synced run_id=701eafae-120a-4218-b788-4c52dba4504e
2026-05-10 14:11:06,294 | INFO | Execution deferred | market=KXBTC15M-26MAY101415-15 side=yes reason=exchange_position_without_local_state trigger=7 top_of_book=7 book=[7:510, 8:767.68, 9:400, 10:2700.87, 11:694.61] trust=synced
2026-05-10 14:11:06,294 | INFO | Execution state | market=KXBTC15M-26MAY101415-15 side=yes state=abandoned reason=exchange_position_without_local_state trust=synced run_id=701eafae-120a-4218-b788-4c52dba4504e
2026-05-10 14:11:06,299 | INFO | Mushroom v28 entry approved | market=KXBTC15M-26MAY101415-15 side=yes ask=7c max_buy=8c qty=2 p_side=0.1140 edge=4.905c depth=510 btc_age_ms=93.0 secs_to_close=233.70
2026-05-10 14:11:06,318 | INFO | Execution state | market=KXBTC15M-26MAY101415-15 side=yes state=eligible reason=pre_filters_disabled trust=synced run_id=701eafae-120a-4218-b788-4c52dba4504e
2026-05-10 14:11:06,318 | INFO | Execution deferred | market=KXBTC15M-26MAY101415-15 side=yes reason=exchange_position_without_local_state trigger=7 top_of_book=7 book=[7:510, 8:767.68, 9:400, 10:2700.87, 11:694.61] trust=synced
2026-05-10 14:11:06,318 | INFO | Execution state | market=KXBTC15M-26MAY101415-15 side=yes state=abandoned reason=exchange_position_without_local_state trust=synced run_id=701eafae-120a-4218-b788-4c52dba4504e
2026-05-10 14:11:06,325 | INFO | Mushroom v28 entry approved | market=KXBTC15M-26MAY101415-15 side=yes ask=7c max_buy=8c qty=2 p_side=0.1140 edge=4.904c depth=510 btc_age_ms=109.0 secs_to_close=233.68
2026-05-10 14:11:06,336 | INFO | Execution state | market=KXBTC15M-26MAY101415-15 side=yes state=eligible reason=pre_filters_disabled trust=synced run_id=701eafae-120a-4218-b788-4c52dba4504e
2026-05-10 14:11:06,336 | INFO | Execution deferred | market=KXBTC15M-26MAY101415-15 side=yes reason=exchange_position_without_local_state trigger=7 top_of_book=7 book=[7:510, 8:767.68, 9:400, 10:2700.87, 11:694.61] trust=synced
2026-05-10 14:11:06,336 | INFO | Execution state | market=KXBTC15M-26MAY101415-15 side=yes state=abandoned reason=exchange_position_without_local_state trust=synced run_id=701eafae-120a-4218-b788-4c52dba4504e
2026-05-10 14:11:06,366 | INFO | Mushroom v28 entry approved | market=KXBTC15M-26MAY101415-15 side=yes ask=7c max_buy=8c qty=2 p_side=0.1140 edge=4.904c depth=510 btc_age_ms=156.0 secs_to_close=233.63
2026-05-10 14:11:06,383 | INFO | Execution state | market=KXBTC15M-26MAY101415-15 side=yes state=eligible reason=pre_filters_disabled trust=synced run_id=701eafae-120a-4218-b788-4c52dba4504e
2026-05-10 14:11:06,385 | INFO | Execution deferred | market=KXBTC15M-26MAY101415-15 side=yes reason=exchange_position_without_local_state trigger=7 top_of_book=7 book=[7:510, 8:767.68, 9:400, 10:2700.87, 11:694.61] trust=synced
2026-05-10 14:11:06,385 | INFO | Execution state | market=KXBTC15M-26MAY101415-15 side=yes state=abandoned reason=exchange_position_without_local_state trust=synced run_id=701eafae-120a-4218-b788-4c52dba4504e
2026-05-10 14:11:06,387 | INFO | Mushroom v28 entry approved | market=KXBTC15M-26MAY101415-15 side=yes ask=7c max_buy=8c qty=2 p_side=0.1140 edge=4.904c depth=510 btc_age_ms=187.0 secs_to_close=233.61
2026-05-10 14:11:06,403 | INFO | Execution state | market=KXBTC15M-26MAY101415-15 side=yes state=eligible reason=pre_filters_disabled trust=synced run_id=701eafae-120a-4218-b788-4c52dba4504e
2026-05-10 14:11:06,403 | INFO | Execution deferred | market=KXBTC15M-26MAY101415-15 side=yes reason=exchange_position_without_local_state trigger=7 top_of_book=7 book=[7:510, 8:767.68, 9:400, 10:2700.87, 11:694.61] trust=synced
2026-05-10 14:11:06,405 | INFO | Execution state | market=KXBTC15M-26MAY101415-15 side=yes state=abandoned reason=exchange_position_without_local_state trust=synced run_id=701eafae-120a-4218-b788-4c52dba4504e
2026-05-10 14:11:06,410 | INFO | Mushroom v28 entry approved | market=KXBTC15M-26MAY101415-15 side=yes ask=7c max_buy=8c qty=2 p_side=0.1140 edge=4.903c depth=515.7 btc_age_ms=203.0 secs_to_close=233.59
2026-05-10 14:11:06,421 | INFO | Execution state | market=KXBTC15M-26MAY101415-15 side=yes state=eligible reason=pre_filters_disabled trust=synced run_id=701eafae-120a-4218-b788-4c52dba4504e
2026-05-10 14:11:06,423 | INFO | Execution deferred | market=KXBTC15M-26MAY101415-15 side=yes reason=exchange_position_without_local_state trigger=7 top_of_book=7 book=[7:515.7, 8:749.68, 9:400, 10:2700.87, 11:694.61] trust=synced
2026-05-10 14:11:06,423 | INFO | Execution state | market=KXBTC15M-26MAY101415-15 side=yes state=abandoned reason=exchange_position_without_local_state trust=synced run_id=701eafae-120a-4218-b788-4c52dba4504e
2026-05-10 14:11:06,428 | INFO | Mushroom v28 entry approved | market=KXBTC15M-26MAY101415-15 side=yes ask=7c max_buy=8c qty=2 p_side=0.1140 edge=4.903c depth=515.7 btc_age_ms=218.0 secs_to_close=233.57
2026-05-10 14:11:06,441 | INFO | Execution state | market=KXBTC15M-26MAY101415-15 side=yes state=eligible reason=pre_filters_disabled trust=synced run_id=701eafae-120a-4218-b788-4c52dba4504e
2026-05-10 14:11:06,441 | INFO | Execution deferred | market=KXBTC15M-26MAY101415-15 side=yes reason=exchange_position_without_local_state trigger=7 top_of_book=7 book=[7:515.7, 8:749.68, 9:400, 10:2700.87, 11:694.61] trust=synced
2026-05-10 14:11:06,441 | INFO | Execution state | market=KXBTC15M-26MAY101415-15 side=yes state=abandoned reason=exchange_position_without_local_state trust=synced run_id=701eafae-120a-4218-b788-4c52dba4504e
2026-05-10 14:11:06,447 | INFO | Mushroom v28 entry approved | market=KXBTC15M-26MAY101415-15 side=yes ask=7c max_buy=8c qty=2 p_side=0.1140 edge=4.903c depth=515.7 btc_age_ms=234.0 secs_to_close=233.56
2026-05-10 14:11:06,460 | INFO | Execution state | market=KXBTC15M-26MAY101415-15 side=yes state=eligible reason=pre_filters_disabled trust=synced run_id=701eafae-120a-4218-b788-4c52dba4504e
2026-05-10 14:11:06,460 | INFO | Execution deferred | market=KXBTC15M-26MAY101415-15 side=yes reason=exchange_position_without_local_state trigger=7 top_of_book=7 book=[7:515.7, 8:749.68, 9:400, 10:2700.87, 11:694.61] trust=synced
2026-05-10 14:11:06,460 | INFO | Execution state | market=KXBTC15M-26MAY101415-15 side=yes state=abandoned reason=exchange_position_without_local_state trust=synced run_id=701eafae-120a-4218-b788-4c52dba4504e
2026-05-10 14:11:06,464 | INFO | Mushroom v28 entry approved | market=KXBTC15M-26MAY101415-15 side=yes ask=7c max_buy=8c qty=2 p_side=0.1140 edge=4.903c depth=515.7 btc_age_ms=250.0 secs_to_close=233.54
2026-05-10 14:11:06,477 | INFO | Execution state | market=KXBTC15M-26MAY101415-15 side=yes state=eligible reason=pre_filters_disabled trust=synced run_id=701eafae-120a-4218-b788-4c52dba4504e
2026-05-10 14:11:06,477 | INFO | Execution deferred | market=KXBTC15M-26MAY101415-15 side=yes reason=exchange_position_without_local_state trigger=7 top_of_book=7 book=[7:515.7, 8:749.68, 9:400, 10:2700.87, 11:694.61] trust=synced
2026-05-10 14:11:06,479 | INFO | Execution state | market=KXBTC15M-26MAY101415-15 side=yes state=abandoned reason=exchange_position_without_local_state trust=synced run_id=701eafae-120a-4218-b788-4c52dba4504e
2026-05-10 14:11:06,482 | INFO | Mushroom v28 entry approved | market=KXBTC15M-26MAY101415-15 side=yes ask=7c max_buy=8c qty=2 p_side=0.1140 edge=4.903c depth=499.7 btc_age_ms=281.0 secs_to_close=233.52
2026-05-10 14:11:06,495 | INFO | Execution state | market=KXBTC15M-26MAY101415-15 side=yes state=eligible reason=pre_filters_disabled trust=synced run_id=701eafae-120a-4218-b788-4c52dba4504e
2026-05-10 14:11:06,495 | INFO | Execution deferred | market=KXBTC15M-26MAY101415-15 side=yes reason=exchange_position_without_local_state trigger=7 top_of_book=7 book=[7:499.7, 8:767.68, 9:400, 10:2700.87, 11:694.61] trust=synced
2026-05-10 14:11:06,497 | INFO | Execution state | market=KXBTC15M-26MAY101415-15 side=yes state=abandoned reason=exchange_position_without_local_state trust=synced run_id=701eafae-120a-4218-b788-4c52dba4504e
2026-05-10 14:11:06,498 | INFO | Mushroom v28 entry approved | market=KXBTC15M-26MAY101415-15 side=yes ask=7c max_buy=8c qty=2 p_side=0.1140 edge=4.902c depth=499.7 btc_age_ms=297.0 secs_to_close=233.50
2026-05-10 14:11:06,513 | INFO | Execution state | market=KXBTC15M-26MAY101415-15 side=yes state=eligible reason=pre_filters_disabled trust=synced run_id=701eafae-120a-4218-b788-4c52dba4504e
2026-05-10 14:11:06,513 | INFO | Execution deferred | market=KXBTC15M-26MAY101415-15 side=yes reason=exchange_position_without_local_state trigger=7 top_of_book=7 book=[7:499.7, 8:767.68, 9:400, 10:2700.87, 11:694.61] trust=synced
2026-05-10 14:11:06,513 | INFO | Execution state | market=KXBTC15M-26MAY101415-15 side=yes state=abandoned reason=exchange_position_without_local_state trust=synced run_id=701eafae-120a-4218-b788-4c52dba4504e
2026-05-10 14:11:06,517 | INFO | Mushroom v28 entry approved | market=KXBTC15M-26MAY101415-15 side=yes ask=7c max_buy=8c qty=2 p_side=0.1140 edge=4.902c depth=499.7 btc_age_ms=312.0 secs_to_close=233.48
2026-05-10 14:11:06,531 | INFO | Execution state | market=KXBTC15M-26MAY101415-15 side=yes state=eligible reason=pre_filters_disabled trust=synced run_id=701eafae-120a-4218-b788-4c52dba4504e
2026-05-10 14:11:06,531 | INFO | Execution deferred | market=KXBTC15M-26MAY101415-15 side=yes reason=exchange_position_without_local_state trigger=7 top_of_book=7 book=[7:499.7, 8:767.68, 9:400, 10:2700.87, 11:694.61] trust=synced
2026-05-10 14:11:06,533 | INFO | Execution state | market=KXBTC15M-26MAY101415-15 side=yes state=abandoned reason=exchange_position_without_local_state trust=synced run_id=701eafae-120a-4218-b788-4c52dba4504e
2026-05-10 14:11:06,537 | INFO | Mushroom v28 entry approved | market=KXBTC15M-26MAY101415-15 side=yes ask=7c max_buy=8c qty=2 p_side=0.1140 edge=4.902c depth=499.7 btc_age_ms=328.0 secs_to_close=233.46
2026-05-10 14:11:06,551 | INFO | Execution state | market=KXBTC15M-26MAY101415-15 side=yes state=eligible reason=pre_filters_disabled trust=synced run_id=701eafae-120a-4218-b788-4c52dba4504e
2026-05-10 14:11:06,551 | INFO | Execution deferred | market=KXBTC15M-26MAY101415-15 side=yes reason=exchange_position_without_local_state trigger=7 top_of_book=7 book=[7:499.7, 8:767.68, 9:400, 10:2700.87, 11:694.61] trust=synced
2026-05-10 14:11:06,551 | INFO | Execution state | market=KXBTC15M-26MAY101415-15 side=yes state=abandoned reason=exchange_position_without_local_state trust=synced run_id=701eafae-120a-4218-b788-4c52dba4504e
2026-05-10 14:11:06,556 | INFO | Mushroom v28 entry approved | market=KXBTC15M-26MAY101415-15 side=yes ask=7c max_buy=8c qty=2 p_side=0.1140 edge=4.902c depth=499.7 btc_age_ms=343.0 secs_to_close=233.45
2026-05-10 14:11:06,562 | INFO | Execution state | market=KXBTC15M-26MAY101415-15 side=yes state=eligible reason=pre_filters_disabled trust=synced run_id=701eafae-120a-4218-b788-4c52dba4504e
2026-05-10 14:11:06,570 | INFO | Execution deferred | market=KXBTC15M-26MAY101415-15 side=yes reason=exchange_position_without_local_state trigger=7 top_of_book=7 book=[7:499.7, 8:767.68, 9:1940, 10:1160.87, 11:694.61] trust=synced
2026-05-10 14:11:06,570 | INFO | Execution state | market=KXBTC15M-26MAY101415-15 side=yes state=abandoned reason=exchange_position_without_local_state trust=synced run_id=701eafae-120a-4218-b788-4c52dba4504e
2026-05-10 14:11:06,798 | INFO | Mushroom v28 entry approved | market=KXBTC15M-26MAY101415-15 side=yes ask=7c max_buy=8c qty=2 p_side=0.1140 edge=4.898c depth=114.9 btc_age_ms=140.0 secs_to_close=233.21
2026-05-10 14:11:06,818 | INFO | Execution state | market=KXBTC15M-26MAY101415-15 side=yes state=eligible reason=pre_filters_disabled trust=synced run_id=701eafae-120a-4218-b788-4c52dba4504e
2026-05-10 14:11:06,818 | INFO | Execution deferred | market=KXBTC15M-26MAY101415-15 side=yes reason=exchange_position_without_local_state trigger=7 top_of_book=7 book=[7:114.9, 8:749.68, 9:1940, 10:1160.87, 11:694.61] trust=synced
2026-05-10 14:11:06,818 | INFO | Execution state | market=KXBTC15M-26MAY101415-15 side=yes state=abandoned reason=exchange_position_without_local_state trust=synced run_id=701eafae-120a-4218-b788-4c52dba4504e
2026-05-10 14:11:06,824 | INFO | Mushroom v28 entry approved | market=KXBTC15M-26MAY101415-15 side=yes ask=7c max_buy=8c qty=2 p_side=0.1140 edge=4.898c depth=114.9 btc_age_ms=156.0 secs_to_close=233.18
2026-05-10 14:11:06,832 | INFO | Execution state | market=KXBTC15M-26MAY101415-15 side=yes state=eligible reason=pre_filters_disabled trust=synced run_id=701eafae-120a-4218-b788-4c52dba4504e
2026-05-10 14:11:06,838 | INFO | Execution deferred | market=KXBTC15M-26MAY101415-15 side=yes reason=exchange_position_without_local_state trigger=7 top_of_book=7 book=[7:114.9, 8:749.68, 9:1940, 10:1160.87, 11:694.61] trust=synced
2026-05-10 14:11:06,838 | INFO | Execution state | market=KXBTC15M-26MAY101415-15 side=yes state=abandoned reason=exchange_position_without_local_state trust=synced run_id=701eafae-120a-4218-b788-4c52dba4504e
2026-05-10 14:11:06,851 | INFO | Mushroom v28 entry approved | market=KXBTC15M-26MAY101415-15 side=yes ask=7c max_buy=8c qty=2 p_side=0.1140 edge=4.897c depth=114.9 btc_age_ms=187.0 secs_to_close=233.15
2026-05-10 14:11:06,865 | INFO | Execution state | market=KXBTC15M-26MAY101415-15 side=yes state=eligible reason=pre_filters_disabled trust=synced run_id=701eafae-120a-4218-b788-4c52dba4504e
2026-05-10 14:11:06,865 | INFO | Execution deferred | market=KXBTC15M-26MAY101415-15 side=yes reason=exchange_position_without_local_state trigger=7 top_of_book=7 book=[7:114.9, 8:749.68, 9:1940, 10:1160.87, 11:694.61] trust=synced
2026-05-10 14:11:06,865 | INFO | Execution state | market=KXBTC15M-26MAY101415-15 side=yes state=abandoned reason=exchange_position_without_local_state trust=synced run_id=701eafae-120a-4218-b788-4c52dba4504e
2026-05-10 14:11:06,893 | INFO | Mushroom v28 entry approved | market=KXBTC15M-26MAY101415-15 side=yes ask=7c max_buy=8c qty=2 p_side=0.1140 edge=4.897c depth=84 btc_age_ms=234.0 secs_to_close=233.11
2026-05-10 14:11:06,904 | INFO | Execution state | market=KXBTC15M-26MAY101415-15 side=yes state=eligible reason=pre_filters_disabled trust=synced run_id=701eafae-120a-4218-b788-4c52dba4504e
2026-05-10 14:11:06,904 | INFO | Execution deferred | market=KXBTC15M-26MAY101415-15 side=yes reason=exchange_position_without_local_state trigger=7 top_of_book=7 book=[7:84, 8:749.68, 9:1940, 10:1160.87, 11:694.61] trust=synced
2026-05-10 14:11:06,906 | INFO | Execution state | market=KXBTC15M-26MAY101415-15 side=yes state=abandoned reason=exchange_position_without_local_state trust=synced run_id=701eafae-120a-4218-b788-4c52dba4504e
2026-05-10 14:11:06,909 | INFO | Mushroom v28 entry approved | market=KXBTC15M-26MAY101415-15 side=yes ask=7c max_buy=8c qty=2 p_side=0.1140 edge=4.897c depth=84 btc_age_ms=250.0 secs_to_close=233.09
2026-05-10 14:11:06,925 | INFO | Execution state | market=KXBTC15M-26MAY101415-15 side=yes state=eligible reason=pre_filters_disabled trust=synced run_id=701eafae-120a-4218-b788-4c52dba4504e
2026-05-10 14:11:06,925 | INFO | Execution deferred | market=KXBTC15M-26MAY101415-15 side=yes reason=exchange_position_without_local_state trigger=7 top_of_book=7 book=[7:84, 8:749.68, 9:1940, 10:1160.87, 11:694.61] trust=synced
2026-05-10 14:11:06,925 | INFO | Execution state | market=KXBTC15M-26MAY101415-15 side=yes state=abandoned reason=exchange_position_without_local_state trust=synced run_id=701eafae-120a-4218-b788-4c52dba4504e
2026-05-10 14:11:06,931 | INFO | Mushroom v28 entry approved | market=KXBTC15M-26MAY101415-15 side=yes ask=7c max_buy=8c qty=2 p_side=0.1140 edge=4.896c depth=84 btc_age_ms=265.0 secs_to_close=233.07
2026-05-10 14:11:06,942 | INFO | Execution state | market=KXBTC15M-26MAY101415-15 side=yes state=eligible reason=pre_filters_disabled trust=synced run_id=701eafae-120a-4218-b788-4c52dba4504e
2026-05-10 14:11:06,944 | INFO | Execution deferred | market=KXBTC15M-26MAY101415-15 side=yes reason=exchange_position_without_local_state trigger=7 top_of_book=7 book=[7:84, 8:749.68, 9:1940, 10:1160.87, 11:694.61] trust=synced
2026-05-10 14:11:06,944 | INFO | Execution state | market=KXBTC15M-26MAY101415-15 side=yes state=abandoned reason=exchange_position_without_local_state trust=synced run_id=701eafae-120a-4218-b788-4c52dba4504e
2026-05-10 14:11:06,948 | INFO | Mushroom v28 entry approved | market=KXBTC15M-26MAY101415-15 side=yes ask=7c max_buy=8c qty=2 p_side=0.1140 edge=4.896c depth=84 btc_age_ms=281.0 secs_to_close=233.05
2026-05-10 14:11:06,962 | INFO | Execution state | market=KXBTC15M-26MAY101415-15 side=yes state=eligible reason=pre_filters_disabled trust=synced run_id=701eafae-120a-4218-b788-4c52dba4504e
2026-05-10 14:11:06,962 | INFO | Execution deferred | market=KXBTC15M-26MAY101415-15 side=yes reason=exchange_position_without_local_state trigger=7 top_of_book=7 book=[7:84, 8:749.68, 9:1940, 10:1160.87, 11:694.61] trust=synced
2026-05-10 14:11:06,962 | INFO | Execution state | market=KXBTC15M-26MAY101415-15 side=yes state=abandoned reason=exchange_position_without_local_state trust=synced run_id=701eafae-120a-4218-b788-4c52dba4504e
2026-05-10 14:11:06,969 | INFO | Mushroom v28 entry approved | market=KXBTC15M-26MAY101415-15 side=yes ask=7c max_buy=8c qty=2 p_side=0.1140 edge=4.896c depth=84 btc_age_ms=297.0 secs_to_close=233.03
2026-05-10 14:11:06,983 | INFO | Execution state | market=KXBTC15M-26MAY101415-15 side=yes state=eligible reason=pre_filters_disabled trust=synced run_id=701eafae-120a-4218-b788-4c52dba4504e
2026-05-10 14:11:06,983 | INFO | Execution deferred | market=KXBTC15M-26MAY101415-15 side=yes reason=exchange_position_without_local_state trigger=7 top_of_book=7 book=[7:84, 8:749.68, 9:1940, 10:1160.87, 11:694.61] trust=synced
2026-05-10 14:11:06,983 | INFO | Execution state | market=KXBTC15M-26MAY101415-15 side=yes state=abandoned reason=exchange_position_without_local_state trust=synced run_id=701eafae-120a-4218-b788-4c52dba4504e
2026-05-10 14:11:06,987 | INFO | Mushroom v28 entry approved | market=KXBTC15M-26MAY101415-15 side=yes ask=7c max_buy=8c qty=2 p_side=0.1140 edge=4.896c depth=84 btc_age_ms=328.0 secs_to_close=233.01
2026-05-10 14:11:07,007 | INFO | Execution state | market=KXBTC15M-26MAY101415-15 side=yes state=eligible reason=pre_filters_disabled trust=synced run_id=701eafae-120a-4218-b788-4c52dba4504e
2026-05-10 14:11:07,007 | INFO | Execution deferred | market=KXBTC15M-26MAY101415-15 side=yes reason=exchange_position_without_local_state trigger=7 top_of_book=7 book=[7:84, 8:749.68, 9:1940, 10:1160.87, 11:694.61] trust=synced
2026-05-10 14:11:07,007 | INFO | Execution state | market=KXBTC15M-26MAY101415-15 side=yes state=abandoned reason=exchange_position_without_local_state trust=synced run_id=701eafae-120a-4218-b788-4c52dba4504e
2026-05-10 14:11:07,018 | INFO | Mushroom v28 entry approved | market=KXBTC15M-26MAY101415-15 side=yes ask=7c max_buy=8c qty=2 p_side=0.1140 edge=4.895c depth=48.09 btc_age_ms=359.0 secs_to_close=232.98
2026-05-10 14:11:07,032 | INFO | Execution state | market=KXBTC15M-26MAY101415-15 side=yes state=eligible reason=pre_filters_disabled trust=synced run_id=701eafae-120a-4218-b788-4c52dba4504e
2026-05-10 14:11:07,032 | INFO | Execution deferred | market=KXBTC15M-26MAY101415-15 side=yes reason=exchange_position_without_local_state trigger=7 top_of_book=7 book=[7:48.09, 8:749.68, 9:2940.87, 10:160, 11:694.61] trust=synced
2026-05-10 14:11:07,032 | INFO | Execution state | market=KXBTC15M-26MAY101415-15 side=yes state=abandoned reason=exchange_position_without_local_state trust=synced run_id=701eafae-120a-4218-b788-4c52dba4504e
2026-05-10 14:11:07,060 | INFO | Mushroom v28 entry approved | market=KXBTC15M-26MAY101415-15 side=yes ask=7c max_buy=8c qty=2 p_side=0.1139 edge=4.895c depth=48.09 btc_age_ms=390.0 secs_to_close=232.94
2026-05-10 14:11:07,074 | INFO | Execution state | market=KXBTC15M-26MAY101415-15 side=yes state=eligible reason=pre_filters_disabled trust=synced run_id=701eafae-120a-4218-b788-4c52dba4504e
2026-05-10 14:11:07,076 | INFO | Execution deferred | market=KXBTC15M-26MAY101415-15 side=yes reason=exchange_position_without_local_state trigger=7 top_of_book=7 book=[7:48.09, 8:749.68, 9:2940.87, 10:160, 11:694.61] trust=synced
2026-05-10 14:11:07,076 | INFO | Execution state | market=KXBTC15M-26MAY101415-15 side=yes state=abandoned reason=exchange_position_without_local_state trust=synced run_id=701eafae-120a-4218-b788-4c52dba4504e
2026-05-10 14:11:07,081 | INFO | Mushroom v28 entry approved | market=KXBTC15M-26MAY101415-15 side=yes ask=7c max_buy=8c qty=2 p_side=0.1139 edge=4.895c depth=48.09 btc_age_ms=422.0 secs_to_close=232.92
2026-05-10 14:11:07,095 | INFO | Execution state | market=KXBTC15M-26MAY101415-15 side=yes state=eligible reason=pre_filters_disabled trust=synced run_id=701eafae-120a-4218-b788-4c52dba4504e
2026-05-10 14:11:07,097 | INFO | Execution deferred | market=KXBTC15M-26MAY101415-15 side=yes reason=exchange_position_without_local_state trigger=7 top_of_book=7 book=[7:48.09, 8:749.68, 9:2940.87, 10:160, 11:694.61] trust=synced
2026-05-10 14:11:07,097 | INFO | Execution state | market=KXBTC15M-26MAY101415-15 side=yes state=abandoned reason=exchange_position_without_local_state trust=synced run_id=701eafae-120a-4218-b788-4c52dba4504e
2026-05-10 14:11:07,101 | INFO | Mushroom v28 entry approved | market=KXBTC15M-26MAY101415-15 side=yes ask=7c max_buy=8c qty=2 p_side=0.1139 edge=4.894c depth=48.09 btc_age_ms=437.0 secs_to_close=232.90
2026-05-10 14:11:07,116 | INFO | Execution state | market=KXBTC15M-26MAY101415-15 side=yes state=eligible reason=pre_filters_disabled trust=synced run_id=701eafae-120a-4218-b788-4c52dba4504e
2026-05-10 14:11:07,116 | INFO | Execution deferred | market=KXBTC15M-26MAY101415-15 side=yes reason=exchange_position_without_local_state trigger=7 top_of_book=7 book=[7:48.09, 8:749.68, 9:2940.87, 10:160, 11:1194.61] trust=synced
2026-05-10 14:11:07,116 | INFO | Execution state | market=KXBTC15M-26MAY101415-15 side=yes state=abandoned reason=exchange_position_without_local_state trust=synced run_id=701eafae-120a-4218-b788-4c52dba4504e
2026-05-10 14:11:07,121 | INFO | Mushroom v28 entry approved | market=KXBTC15M-26MAY101415-15 side=yes ask=7c max_buy=8c qty=2 p_side=0.1139 edge=4.894c depth=208.09 btc_age_ms=453.0 secs_to_close=232.88
2026-05-10 14:11:07,135 | INFO | Execution state | market=KXBTC15M-26MAY101415-15 side=yes state=eligible reason=pre_filters_disabled trust=synced run_id=701eafae-120a-4218-b788-4c52dba4504e
2026-05-10 14:11:07,135 | INFO | Execution deferred | market=KXBTC15M-26MAY101415-15 side=yes reason=exchange_position_without_local_state trigger=7 top_of_book=7 book=[7:208.09, 8:749.68, 9:2940.87, 10:160, 11:1194.61] trust=synced
2026-05-10 14:11:07,135 | INFO | Execution state | market=KXBTC15M-26MAY101415-15 side=yes state=abandoned reason=exchange_position_without_local_state trust=synced run_id=701eafae-120a-4218-b788-4c52dba4504e
2026-05-10 14:11:07,140 | INFO | Mushroom v28 entry approved | market=KXBTC15M-26MAY101415-15 side=yes ask=7c max_buy=8c qty=2 p_side=0.1139 edge=4.894c depth=208.09 btc_age_ms=484.0 secs_to_close=232.86
2026-05-10 14:11:07,156 | INFO | Execution state | market=KXBTC15M-26MAY101415-15 side=yes state=eligible reason=pre_filters_disabled trust=synced run_id=701eafae-120a-4218-b788-4c52dba4504e
2026-05-10 14:11:07,156 | INFO | Execution deferred | market=KXBTC15M-26MAY101415-15 side=yes reason=exchange_position_without_local_state trigger=7 top_of_book=7 book=[7:208.09, 8:749.68, 9:2940.87, 10:160, 11:1194.61] trust=synced
2026-05-10 14:11:07,156 | INFO | Execution state | market=KXBTC15M-26MAY101415-15 side=yes state=abandoned reason=exchange_position_without_local_state trust=synced run_id=701eafae-120a-4218-b788-4c52dba4504e
2026-05-10 14:11:07,167 | INFO | Mushroom v28 entry approved | market=KXBTC15M-26MAY101415-15 side=yes ask=6c max_buy=8c qty=2 p_side=0.1139 edge=5.894c depth=80 btc_age_ms=500.0 secs_to_close=232.84
2026-05-10 14:11:07,179 | INFO | Execution state | market=KXBTC15M-26MAY101415-15 side=yes state=eligible reason=pre_filters_disabled trust=synced run_id=701eafae-120a-4218-b788-4c52dba4504e
2026-05-10 14:11:07,181 | INFO | Execution deferred | market=KXBTC15M-26MAY101415-15 side=yes reason=exchange_position_without_local_state trigger=6 top_of_book=6 book=[6:80, 7:288.09, 8:1750.55, 9:1940, 10:160] trust=synced
2026-05-10 14:11:07,181 | INFO | Execution state | market=KXBTC15M-26MAY101415-15 side=yes state=abandoned reason=exchange_position_without_local_state trust=synced run_id=701eafae-120a-4218-b788-4c52dba4504e
2026-05-10 14:11:07,185 | INFO | Mushroom v28 entry approved | market=KXBTC15M-26MAY101415-15 side=yes ask=6c max_buy=8c qty=2 p_side=0.1139 edge=5.893c depth=80 btc_age_ms=515.0 secs_to_close=232.82
2026-05-10 14:11:07,199 | INFO | Execution state | market=KXBTC15M-26MAY101415-15 side=yes state=eligible reason=pre_filters_disabled trust=synced run_id=701eafae-120a-4218-b788-4c52dba4504e
2026-05-10 14:11:07,199 | INFO | Execution deferred | market=KXBTC15M-26MAY101415-15 side=yes reason=exchange_position_without_local_state trigger=6 top_of_book=6 book=[6:80, 7:288.09, 8:1750.55, 9:1940, 10:160] trust=synced
2026-05-10 14:11:07,199 | INFO | Execution state | market=KXBTC15M-26MAY101415-15 side=yes state=abandoned reason=exchange_position_without_local_state trust=synced run_id=701eafae-120a-4218-b788-4c52dba4504e
2026-05-10 14:11:07,203 | INFO | Mushroom v28 entry approved | market=KXBTC15M-26MAY101415-15 side=yes ask=6c max_buy=8c qty=2 p_side=0.1139 edge=5.893c depth=80 btc_age_ms=547.0 secs_to_close=232.80
2026-05-10 14:11:07,217 | INFO | Execution state | market=KXBTC15M-26MAY101415-15 side=yes state=eligible reason=pre_filters_disabled trust=synced run_id=701eafae-120a-4218-b788-4c52dba4504e
2026-05-10 14:11:07,219 | INFO | Execution deferred | market=KXBTC15M-26MAY101415-15 side=yes reason=exchange_position_without_local_state trigger=6 top_of_book=6 book=[6:80, 7:288.09, 8:1750.55, 9:1940, 10:160] trust=synced
2026-05-10 14:11:07,219 | INFO | Execution state | market=KXBTC15M-26MAY101415-15 side=yes state=abandoned reason=exchange_position_without_local_state trust=synced run_id=701eafae-120a-4218-b788-4c52dba4504e
2026-05-10 14:11:07,223 | INFO | Mushroom v28 entry approved | market=KXBTC15M-26MAY101415-15 side=yes ask=6c max_buy=8c qty=2 p_side=0.1139 edge=5.893c depth=80 btc_age_ms=562.0 secs_to_close=232.78
2026-05-10 14:11:07,238 | INFO | Execution state | market=KXBTC15M-26MAY101415-15 side=yes state=eligible reason=pre_filters_disabled trust=synced run_id=701eafae-120a-4218-b788-4c52dba4504e
2026-05-10 14:11:07,238 | INFO | Execution deferred | market=KXBTC15M-26MAY101415-15 side=yes reason=exchange_position_without_local_state trigger=6 top_of_book=6 book=[6:80, 7:689.09, 8:1350.55, 9:1940, 10:160] trust=synced
2026-05-10 14:11:07,238 | INFO | Execution state | market=KXBTC15M-26MAY101415-15 side=yes state=abandoned reason=exchange_position_without_local_state trust=synced run_id=701eafae-120a-4218-b788-4c52dba4504e
2026-05-10 14:11:07,242 | INFO | Mushroom v28 entry approved | market=KXBTC15M-26MAY101415-15 side=yes ask=6c max_buy=8c qty=2 p_side=0.1139 edge=5.893c depth=80 btc_age_ms=578.0 secs_to_close=232.76
2026-05-10 14:11:07,257 | INFO | Execution state | market=KXBTC15M-26MAY101415-15 side=yes state=eligible reason=pre_filters_disabled trust=synced run_id=701eafae-120a-4218-b788-4c52dba4504e
2026-05-10 14:11:07,257 | INFO | Execution deferred | market=KXBTC15M-26MAY101415-15 side=yes reason=exchange_position_without_local_state trigger=6 top_of_book=6 book=[6:80, 7:689.09, 8:1350.55, 9:1940, 10:160] trust=synced
2026-05-10 14:11:07,259 | INFO | Execution state | market=KXBTC15M-26MAY101415-15 side=yes state=abandoned reason=exchange_position_without_local_state trust=synced run_id=701eafae-120a-4218-b788-4c52dba4504e
2026-05-10 14:11:07,263 | INFO | Mushroom v28 entry approved | market=KXBTC15M-26MAY101415-15 side=yes ask=6c max_buy=8c qty=2 p_side=0.1139 edge=5.892c depth=100 btc_age_ms=594.0 secs_to_close=232.74
2026-05-10 14:11:07,277 | INFO | Execution state | market=KXBTC15M-26MAY101415-15 side=yes state=eligible reason=pre_filters_disabled trust=synced run_id=701eafae-120a-4218-b788-4c52dba4504e
2026-05-10 14:11:07,277 | INFO | Execution deferred | market=KXBTC15M-26MAY101415-15 side=yes reason=exchange_position_without_local_state trigger=6 top_of_book=6 book=[6:100, 7:680.09, 8:1340.55, 9:1940, 10:160] trust=synced
2026-05-10 14:11:07,277 | INFO | Execution state | market=KXBTC15M-26MAY101415-15 side=yes state=abandoned reason=exchange_position_without_local_state trust=synced run_id=701eafae-120a-4218-b788-4c52dba4504e
2026-05-10 14:11:07,281 | INFO | Mushroom v28 entry approved | market=KXBTC15M-26MAY101415-15 side=yes ask=6c max_buy=8c qty=2 p_side=0.1139 edge=5.892c depth=100 btc_age_ms=625.0 secs_to_close=232.72
2026-05-10 14:11:07,293 | INFO | Execution state | market=KXBTC15M-26MAY101415-15 side=yes state=eligible reason=pre_filters_disabled trust=synced run_id=701eafae-120a-4218-b788-4c52dba4504e
2026-05-10 14:11:07,293 | INFO | Execution deferred | market=KXBTC15M-26MAY101415-15 side=yes reason=exchange_position_without_local_state trigger=6 top_of_book=6 book=[6:100, 7:680.09, 8:1340.55, 9:1940, 10:160] trust=synced
2026-05-10 14:11:07,295 | INFO | Execution state | market=KXBTC15M-26MAY101415-15 side=yes state=abandoned reason=exchange_position_without_local_state trust=synced run_id=701eafae-120a-4218-b788-4c52dba4504e
2026-05-10 14:11:07,301 | INFO | Mushroom v28 entry approved | market=KXBTC15M-26MAY101415-15 side=yes ask=6c max_buy=8c qty=2 p_side=0.1139 edge=5.892c depth=100 btc_age_ms=640.0 secs_to_close=232.70
2026-05-10 14:11:07,314 | INFO | Execution state | market=KXBTC15M-26MAY101415-15 side=yes state=eligible reason=pre_filters_disabled trust=synced run_id=701eafae-120a-4218-b788-4c52dba4504e
2026-05-10 14:11:07,314 | INFO | Execution deferred | market=KXBTC15M-26MAY101415-15 side=yes reason=exchange_position_without_local_state trigger=6 top_of_book=6 book=[6:100, 7:680.09, 8:1340.55, 9:1940, 10:160] trust=synced
2026-05-10 14:11:07,314 | INFO | Execution state | market=KXBTC15M-26MAY101415-15 side=yes state=abandoned reason=exchange_position_without_local_state trust=synced run_id=701eafae-120a-4218-b788-4c52dba4504e
2026-05-10 14:11:07,320 | INFO | Mushroom v28 entry approved | market=KXBTC15M-26MAY101415-15 side=yes ask=6c max_buy=8c qty=2 p_side=0.1139 edge=5.892c depth=90 btc_age_ms=656.0 secs_to_close=232.68
2026-05-10 14:11:07,332 | INFO | Execution state | market=KXBTC15M-26MAY101415-15 side=yes state=eligible reason=pre_filters_disabled trust=synced run_id=701eafae-120a-4218-b788-4c52dba4504e
2026-05-10 14:11:07,334 | INFO | Execution deferred | market=KXBTC15M-26MAY101415-15 side=yes reason=exchange_position_without_local_state trigger=6 top_of_book=6 book=[6:90, 7:680.09, 8:1340.55, 9:1940, 10:160] trust=synced
2026-05-10 14:11:07,334 | INFO | Execution state | market=KXBTC15M-26MAY101415-15 side=yes state=abandoned reason=exchange_position_without_local_state trust=synced run_id=701eafae-120a-4218-b788-4c52dba4504e
2026-05-10 14:11:07,338 | INFO | Mushroom v28 entry approved | market=KXBTC15M-26MAY101415-15 side=yes ask=6c max_buy=8c qty=2 p_side=0.1139 edge=5.892c depth=90 btc_age_ms=672.0 secs_to_close=232.66
2026-05-10 14:11:07,352 | INFO | Execution state | market=KXBTC15M-26MAY101415-15 side=yes state=eligible reason=pre_filters_disabled trust=synced run_id=701eafae-120a-4218-b788-4c52dba4504e
2026-05-10 14:11:07,352 | INFO | Execution deferred | market=KXBTC15M-26MAY101415-15 side=yes reason=exchange_position_without_local_state trigger=6 top_of_book=6 book=[6:90, 7:680.09, 8:1340.55, 9:1940, 10:160] trust=synced
2026-05-10 14:11:07,352 | INFO | Execution state | market=KXBTC15M-26MAY101415-15 side=yes state=abandoned reason=exchange_position_without_local_state trust=synced run_id=701eafae-120a-4218-b788-4c52dba4504e
2026-05-10 14:11:07,358 | INFO | Mushroom v28 entry approved | market=KXBTC15M-26MAY101415-15 side=yes ask=6c max_buy=8c qty=2 p_side=0.1139 edge=5.891c depth=90 btc_age_ms=687.0 secs_to_close=232.65
2026-05-10 14:11:07,370 | INFO | Execution state | market=KXBTC15M-26MAY101415-15 side=yes state=eligible reason=pre_filters_disabled trust=synced run_id=701eafae-120a-4218-b788-4c52dba4504e
2026-05-10 14:11:07,370 | INFO | Execution deferred | market=KXBTC15M-26MAY101415-15 side=yes reason=exchange_position_without_local_state trigger=6 top_of_book=6 book=[6:90, 7:670.09, 8:2890.55, 9:400, 10:160] trust=synced
2026-05-10 14:11:07,370 | INFO | Execution state | market=KXBTC15M-26MAY101415-15 side=yes state=abandoned reason=exchange_position_without_local_state trust=synced run_id=701eafae-120a-4218-b788-4c52dba4504e
2026-05-10 14:11:07,377 | INFO | Mushroom v28 entry approved | market=KXBTC15M-26MAY101415-15 side=yes ask=6c max_buy=8c qty=2 p_side=0.1139 edge=5.891c depth=90 btc_age_ms=719.0 secs_to_close=232.63
2026-05-10 14:11:07,389 | INFO | Execution state | market=KXBTC15M-26MAY101415-15 side=yes state=eligible reason=pre_filters_disabled trust=synced run_id=701eafae-120a-4218-b788-4c52dba4504e
2026-05-10 14:11:07,389 | INFO | Execution deferred | market=KXBTC15M-26MAY101415-15 side=yes reason=exchange_position_without_local_state trigger=6 top_of_book=6 book=[6:90, 7:670.09, 8:2890.55, 9:400, 10:160] trust=synced
2026-05-10 14:11:07,391 | INFO | Execution state | market=KXBTC15M-26MAY101415-15 side=yes state=abandoned reason=exchange_position_without_local_state trust=synced run_id=701eafae-120a-4218-b788-4c52dba4504e
2026-05-10 14:11:07,395 | INFO | Mushroom v28 entry approved | market=KXBTC15M-26MAY101415-15 side=yes ask=6c max_buy=8c qty=2 p_side=0.1139 edge=5.891c depth=90 btc_age_ms=734.0 secs_to_close=232.61
2026-05-10 14:11:07,407 | INFO | Execution state | market=KXBTC15M-26MAY101415-15 side=yes state=eligible reason=pre_filters_disabled trust=synced run_id=701eafae-120a-4218-b788-4c52dba4504e
2026-05-10 14:11:07,407 | INFO | Execution deferred | market=KXBTC15M-26MAY101415-15 side=yes reason=exchange_position_without_local_state trigger=6 top_of_book=6 book=[6:90, 7:670.09, 8:2890.55, 9:400, 10:160] trust=synced
2026-05-10 14:11:07,407 | INFO | Execution state | market=KXBTC15M-26MAY101415-15 side=yes state=abandoned reason=exchange_position_without_local_state trust=synced run_id=701eafae-120a-4218-b788-4c52dba4504e
2026-05-10 14:11:07,413 | INFO | Mushroom v28 entry approved | market=KXBTC15M-26MAY101415-15 side=yes ask=6c max_buy=8c qty=2 p_side=0.1139 edge=5.891c depth=90 btc_age_ms=750.0 secs_to_close=232.59
2026-05-10 14:11:07,426 | INFO | Execution state | market=KXBTC15M-26MAY101415-15 side=yes state=eligible reason=pre_filters_disabled trust=synced run_id=701eafae-120a-4218-b788-4c52dba4504e
2026-05-10 14:11:07,426 | INFO | Execution deferred | market=KXBTC15M-26MAY101415-15 side=yes reason=exchange_position_without_local_state trigger=6 top_of_book=6 book=[6:90, 7:670.09, 8:2890.55, 9:400, 10:160] trust=synced
2026-05-10 14:11:07,426 | INFO | Execution state | market=KXBTC15M-26MAY101415-15 side=yes state=abandoned reason=exchange_position_without_local_state trust=synced run_id=701eafae-120a-4218-b788-4c52dba4504e
2026-05-10 14:11:07,432 | INFO | Mushroom v28 entry approved | market=KXBTC15M-26MAY101415-15 side=yes ask=6c max_buy=8c qty=2 p_side=0.1139 edge=5.891c depth=140 btc_age_ms=765.0 secs_to_close=232.57
2026-05-10 14:11:07,442 | INFO | Execution state | market=KXBTC15M-26MAY101415-15 side=yes state=eligible reason=pre_filters_disabled trust=synced run_id=701eafae-120a-4218-b788-4c52dba4504e
2026-05-10 14:11:07,444 | INFO | Execution deferred | market=KXBTC15M-26MAY101415-15 side=yes reason=exchange_position_without_local_state trigger=6 top_of_book=6 book=[6:140, 7:680.09, 8:2880.55, 9:400, 10:160] trust=synced
2026-05-10 14:11:07,444 | INFO | Execution state | market=KXBTC15M-26MAY101415-15 side=yes state=abandoned reason=exchange_position_without_local_state trust=synced run_id=701eafae-120a-4218-b788-4c52dba4504e
2026-05-10 14:11:07,450 | INFO | Mushroom v28 entry approved | market=KXBTC15M-26MAY101415-15 side=yes ask=6c max_buy=8c qty=2 p_side=0.1139 edge=5.890c depth=140 btc_age_ms=781.0 secs_to_close=232.55
2026-05-10 14:11:07,462 | INFO | Execution state | market=KXBTC15M-26MAY101415-15 side=yes state=eligible reason=pre_filters_disabled trust=synced run_id=701eafae-120a-4218-b788-4c52dba4504e
2026-05-10 14:11:07,462 | INFO | Execution deferred | market=KXBTC15M-26MAY101415-15 side=yes reason=exchange_position_without_local_state trigger=6 top_of_book=6 book=[6:140, 7:680.09, 8:2880.55, 9:400, 10:160] trust=synced
2026-05-10 14:11:07,462 | INFO | Execution state | market=KXBTC15M-26MAY101415-15 side=yes state=abandoned reason=exchange_position_without_local_state trust=synced run_id=701eafae-120a-4218-b788-4c52dba4504e
2026-05-10 14:11:07,466 | INFO | Mushroom v28 entry approved | market=KXBTC15M-26MAY101415-15 side=yes ask=6c max_buy=8c qty=2 p_side=0.1139 edge=5.890c depth=90 btc_age_ms=797.0 secs_to_close=232.54
2026-05-10 14:11:07,479 | INFO | Execution state | market=KXBTC15M-26MAY101415-15 side=yes state=eligible reason=pre_filters_disabled trust=synced run_id=701eafae-120a-4218-b788-4c52dba4504e
2026-05-10 14:11:07,481 | INFO | Execution deferred | market=KXBTC15M-26MAY101415-15 side=yes reason=exchange_position_without_local_state trigger=6 top_of_book=6 book=[6:90, 7:680.09, 8:2880.55, 9:400, 10:160] trust=synced
2026-05-10 14:11:07,481 | INFO | Execution state | market=KXBTC15M-26MAY101415-15 side=yes state=abandoned reason=exchange_position_without_local_state trust=synced run_id=701eafae-120a-4218-b788-4c52dba4504e
2026-05-10 14:11:07,485 | INFO | Mushroom v28 entry approved | market=KXBTC15M-26MAY101415-15 side=yes ask=6c max_buy=8c qty=2 p_side=0.1139 edge=5.890c depth=90 btc_age_ms=828.0 secs_to_close=232.52
2026-05-10 14:11:07,498 | INFO | Execution state | market=KXBTC15M-26MAY101415-15 side=yes state=eligible reason=pre_filters_disabled trust=synced run_id=701eafae-120a-4218-b788-4c52dba4504e
2026-05-10 14:11:07,498 | INFO | Execution deferred | market=KXBTC15M-26MAY101415-15 side=yes reason=exchange_position_without_local_state trigger=6 top_of_book=6 book=[6:90, 7:280.09, 8:3280.55, 9:400, 10:160] trust=synced
2026-05-10 14:11:07,498 | INFO | Execution state | market=KXBTC15M-26MAY101415-15 side=yes state=abandoned reason=exchange_position_without_local_state trust=synced run_id=701eafae-120a-4218-b788-4c52dba4504e
2026-05-10 14:11:07,502 | INFO | Mushroom v28 entry approved | market=KXBTC15M-26MAY101415-15 side=yes ask=6c max_buy=8c qty=2 p_side=0.1139 edge=5.890c depth=90 btc_age_ms=844.0 secs_to_close=232.50
2026-05-10 14:11:07,515 | INFO | Execution state | market=KXBTC15M-26MAY101415-15 side=yes state=eligible reason=pre_filters_disabled trust=synced run_id=701eafae-120a-4218-b788-4c52dba4504e
2026-05-10 14:11:07,515 | INFO | Execution deferred | market=KXBTC15M-26MAY101415-15 side=yes reason=exchange_position_without_local_state trigger=6 top_of_book=6 book=[6:90, 7:280.09, 8:3280.55, 9:400, 10:160] trust=synced
2026-05-10 14:11:07,517 | INFO | Execution state | market=KXBTC15M-26MAY101415-15 side=yes state=abandoned reason=exchange_position_without_local_state trust=synced run_id=701eafae-120a-4218-b788-4c52dba4504e
2026-05-10 14:11:07,521 | INFO | Mushroom v28 entry approved | market=KXBTC15M-26MAY101415-15 side=yes ask=6c max_buy=8c qty=2 p_side=0.1139 edge=5.890c depth=90 btc_age_ms=859.0 secs_to_close=232.48
2026-05-10 14:11:07,533 | INFO | Execution state | market=KXBTC15M-26MAY101415-15 side=yes state=eligible reason=pre_filters_disabled trust=synced run_id=701eafae-120a-4218-b788-4c52dba4504e
2026-05-10 14:11:07,535 | INFO | Execution deferred | market=KXBTC15M-26MAY101415-15 side=yes reason=exchange_position_without_local_state trigger=6 top_of_book=6 book=[6:90, 7:280.09, 8:3280.55, 9:400, 10:160] trust=synced
2026-05-10 14:11:07,535 | INFO | Execution state | market=KXBTC15M-26MAY101415-15 side=yes state=abandoned reason=exchange_position_without_local_state trust=synced run_id=701eafae-120a-4218-b788-4c52dba4504e
2026-05-10 14:11:07,551 | INFO | Mushroom v28 entry approved | market=KXBTC15M-26MAY101415-15 side=yes ask=6c max_buy=8c qty=2 p_side=0.1139 edge=5.889c depth=86 btc_age_ms=890.0 secs_to_close=232.45
2026-05-10 14:11:07,565 | INFO | Execution state | market=KXBTC15M-26MAY101415-15 side=yes state=eligible reason=pre_filters_disabled trust=synced run_id=701eafae-120a-4218-b788-4c52dba4504e
2026-05-10 14:11:07,565 | INFO | Execution deferred | market=KXBTC15M-26MAY101415-15 side=yes reason=exchange_position_without_local_state trigger=6 top_of_book=6 book=[6:86, 7:280.09, 8:3280.55, 9:400, 10:160] trust=synced
2026-05-10 14:11:07,565 | INFO | Execution state | market=KXBTC15M-26MAY101415-15 side=yes state=abandoned reason=exchange_position_without_local_state trust=synced run_id=701eafae-120a-4218-b788-4c52dba4504e
2026-05-10 14:11:07,799 | INFO | Mushroom v28 entry approved | market=KXBTC15M-26MAY101415-15 side=yes ask=6c max_buy=8c qty=2 p_side=0.1139 edge=5.886c depth=136 btc_age_ms=1140.0 secs_to_close=232.20
2026-05-10 14:11:07,819 | INFO | Execution state | market=KXBTC15M-26MAY101415-15 side=yes state=eligible reason=pre_filters_disabled trust=synced run_id=701eafae-120a-4218-b788-4c52dba4504e
2026-05-10 14:11:07,821 | INFO | Execution deferred | market=KXBTC15M-26MAY101415-15 side=yes reason=exchange_position_without_local_state trigger=6 top_of_book=6 book=[6:136, 7:270.09, 8:3290.55, 9:400, 10:160] trust=synced
2026-05-10 14:11:07,821 | INFO | Execution state | market=KXBTC15M-26MAY101415-15 side=yes state=abandoned reason=exchange_position_without_local_state trust=synced run_id=701eafae-120a-4218-b788-4c52dba4504e
2026-05-10 14:11:07,825 | INFO | Mushroom v28 entry approved | market=KXBTC15M-26MAY101415-15 side=yes ask=6c max_buy=8c qty=2 p_side=0.1139 edge=5.886c depth=136 btc_age_ms=1156.0 secs_to_close=232.18
2026-05-10 14:11:07,837 | INFO | Execution state | market=KXBTC15M-26MAY101415-15 side=yes state=eligible reason=pre_filters_disabled trust=synced run_id=701eafae-120a-4218-b788-4c52dba4504e
2026-05-10 14:11:07,839 | INFO | Execution deferred | market=KXBTC15M-26MAY101415-15 side=yes reason=exchange_position_without_local_state trigger=6 top_of_book=6 book=[6:136, 7:270.09, 8:3290.55, 9:400, 10:160] trust=synced
2026-05-10 14:11:07,839 | INFO | Execution state | market=KXBTC15M-26MAY101415-15 side=yes state=abandoned reason=exchange_position_without_local_state trust=synced run_id=701eafae-120a-4218-b788-4c52dba4504e
2026-05-10 14:11:07,843 | INFO | Mushroom v28 entry approved | market=KXBTC15M-26MAY101415-15 side=yes ask=6c max_buy=8c qty=2 p_side=0.1139 edge=5.886c depth=136 btc_age_ms=1187.0 secs_to_close=232.16
2026-05-10 14:11:07,855 | INFO | Execution state | market=KXBTC15M-26MAY101415-15 side=yes state=eligible reason=pre_filters_disabled trust=synced run_id=701eafae-120a-4218-b788-4c52dba4504e
2026-05-10 14:11:07,857 | INFO | Execution deferred | market=KXBTC15M-26MAY101415-15 side=yes reason=exchange_position_without_local_state trigger=6 top_of_book=6 book=[6:136, 7:270.09, 8:3290.55, 9:400, 10:160] trust=synced
2026-05-10 14:11:07,858 | INFO | Execution state | market=KXBTC15M-26MAY101415-15 side=yes state=abandoned reason=exchange_position_without_local_state trust=synced run_id=701eafae-120a-4218-b788-4c52dba4504e
2026-05-10 14:11:07,862 | INFO | Mushroom v28 entry approved | market=KXBTC15M-26MAY101415-15 side=yes ask=6c max_buy=8c qty=2 p_side=0.1139 edge=5.886c depth=136 btc_age_ms=1203.0 secs_to_close=232.14
2026-05-10 14:11:07,874 | INFO | Execution state | market=KXBTC15M-26MAY101415-15 side=yes state=eligible reason=pre_filters_disabled trust=synced run_id=701eafae-120a-4218-b788-4c52dba4504e
2026-05-10 14:11:07,874 | INFO | Execution deferred | market=KXBTC15M-26MAY101415-15 side=yes reason=exchange_position_without_local_state trigger=6 top_of_book=6 book=[6:136, 7:270.09, 8:3290.55, 9:400, 10:160] trust=synced
2026-05-10 14:11:07,876 | INFO | Execution state | market=KXBTC15M-26MAY101415-15 side=yes state=abandoned reason=exchange_position_without_local_state trust=synced run_id=701eafae-120a-4218-b788-4c52dba4504e
2026-05-10 14:11:07,884 | INFO | Mushroom v28 entry approved | market=KXBTC15M-26MAY101415-15 side=yes ask=7c max_buy=8c qty=2 p_side=0.1139 edge=4.885c depth=255.94 btc_age_ms=1219.0 secs_to_close=232.12
2026-05-10 14:11:07,897 | INFO | Execution state | market=KXBTC15M-26MAY101415-15 side=yes state=eligible reason=pre_filters_disabled trust=synced run_id=701eafae-120a-4218-b788-4c52dba4504e
2026-05-10 14:11:07,897 | INFO | Execution deferred | market=KXBTC15M-26MAY101415-15 side=yes reason=exchange_position_without_local_state trigger=7 top_of_book=7 book=[7:255.94, 8:3290.55, 9:400, 10:160, 11:1194.61] trust=synced
2026-05-10 14:11:07,898 | INFO | Execution state | market=KXBTC15M-26MAY101415-15 side=yes state=abandoned reason=exchange_position_without_local_state trust=synced run_id=701eafae-120a-4218-b788-4c52dba4504e
2026-05-10 14:11:07,902 | INFO | Mushroom v28 entry approved | market=KXBTC15M-26MAY101415-15 side=yes ask=7c max_buy=8c qty=2 p_side=0.1139 edge=4.885c depth=255.94 btc_age_ms=1234.0 secs_to_close=232.10
2026-05-10 14:11:07,917 | INFO | Execution state | market=KXBTC15M-26MAY101415-15 side=yes state=eligible reason=pre_filters_disabled trust=synced run_id=701eafae-120a-4218-b788-4c52dba4504e
2026-05-10 14:11:07,918 | INFO | Execution deferred | market=KXBTC15M-26MAY101415-15 side=yes reason=exchange_position_without_local_state trigger=7 top_of_book=7 book=[7:255.94, 8:3290.55, 9:400, 10:160, 11:1194.61] trust=synced
2026-05-10 14:11:07,918 | INFO | Execution state | market=KXBTC15M-26MAY101415-15 side=yes state=abandoned reason=exchange_position_without_local_state trust=synced run_id=701eafae-120a-4218-b788-4c52dba4504e
2026-05-10 14:11:07,928 | INFO | Mushroom v28 entry approved | market=KXBTC15M-26MAY101415-15 side=yes ask=6c max_buy=8c qty=2 p_side=0.1138 edge=5.885c depth=50 btc_age_ms=1265.0 secs_to_close=232.08
2026-05-10 14:11:07,942 | INFO | Execution state | market=KXBTC15M-26MAY101415-15 side=yes state=eligible reason=pre_filters_disabled trust=synced run_id=701eafae-120a-4218-b788-4c52dba4504e
2026-05-10 14:11:07,944 | INFO | Execution deferred | market=KXBTC15M-26MAY101415-15 side=yes reason=exchange_position_without_local_state trigger=6 top_of_book=6 book=[6:50, 7:255.94, 8:3290.55, 9:400, 10:160] trust=synced
2026-05-10 14:11:07,944 | INFO | Execution state | market=KXBTC15M-26MAY101415-15 side=yes state=abandoned reason=exchange_position_without_local_state trust=synced run_id=701eafae-120a-4218-b788-4c52dba4504e
2026-05-10 14:11:07,949 | INFO | Mushroom v28 entry approved | market=KXBTC15M-26MAY101415-15 side=yes ask=6c max_buy=8c qty=2 p_side=0.1138 edge=5.885c depth=50 btc_age_ms=1281.0 secs_to_close=232.05
2026-05-10 14:11:07,960 | INFO | Execution state | market=KXBTC15M-26MAY101415-15 side=yes state=eligible reason=pre_filters_disabled trust=synced run_id=701eafae-120a-4218-b788-4c52dba4504e
2026-05-10 14:11:07,962 | INFO | Execution deferred | market=KXBTC15M-26MAY101415-15 side=yes reason=exchange_position_without_local_state trigger=6 top_of_book=6 book=[6:50, 7:255.94, 8:3290.55, 9:400, 10:160] trust=synced
2026-05-10 14:11:07,962 | INFO | Execution state | market=KXBTC15M-26MAY101415-15 side=yes state=abandoned reason=exchange_position_without_local_state trust=synced run_id=701eafae-120a-4218-b788-4c52dba4504e
2026-05-10 14:11:07,965 | INFO | Mushroom v28 entry approved | market=KXBTC15M-26MAY101415-15 side=yes ask=6c max_buy=8c qty=2 p_side=0.1138 edge=5.884c depth=50 btc_age_ms=1297.0 secs_to_close=232.04
2026-05-10 14:11:07,978 | INFO | Execution state | market=KXBTC15M-26MAY101415-15 side=yes state=eligible reason=pre_filters_disabled trust=synced run_id=701eafae-120a-4218-b788-4c52dba4504e
2026-05-10 14:11:07,978 | INFO | Execution deferred | market=KXBTC15M-26MAY101415-15 side=yes reason=exchange_position_without_local_state trigger=6 top_of_book=6 book=[6:50, 7:255.94, 8:3290.55, 9:400, 10:160] trust=synced
2026-05-10 14:11:07,980 | INFO | Execution state | market=KXBTC15M-26MAY101415-15 side=yes state=abandoned reason=exchange_position_without_local_state trust=synced run_id=701eafae-120a-4218-b788-4c52dba4504e
2026-05-10 14:11:07,990 | INFO | Mushroom v28 entry approved | market=KXBTC15M-26MAY101415-15 side=yes ask=6c max_buy=8c qty=2 p_side=0.1138 edge=5.884c depth=50 btc_age_ms=1328.0 secs_to_close=232.01
2026-05-10 14:11:08,004 | INFO | Execution state | market=KXBTC15M-26MAY101415-15 side=yes state=eligible reason=pre_filters_disabled trust=synced run_id=701eafae-120a-4218-b788-4c52dba4504e
2026-05-10 14:11:08,004 | INFO | Execution deferred | market=KXBTC15M-26MAY101415-15 side=yes reason=exchange_position_without_local_state trigger=6 top_of_book=6 book=[6:50, 7:255.94, 8:3290.55, 9:400, 10:160] trust=synced
2026-05-10 14:11:08,004 | INFO | Execution state | market=KXBTC15M-26MAY101415-15 side=yes state=abandoned reason=exchange_position_without_local_state trust=synced run_id=701eafae-120a-4218-b788-4c52dba4504e
2026-05-10 14:11:08,010 | INFO | Mushroom v28 entry approved | market=KXBTC15M-26MAY101415-15 side=yes ask=6c max_buy=8c qty=2 p_side=0.1138 edge=5.884c depth=50 btc_age_ms=1344.0 secs_to_close=231.99
2026-05-10 14:11:08,021 | INFO | Execution state | market=KXBTC15M-26MAY101415-15 side=yes state=eligible reason=pre_filters_disabled trust=synced run_id=701eafae-120a-4218-b788-4c52dba4504e
2026-05-10 14:11:08,023 | INFO | Execution deferred | market=KXBTC15M-26MAY101415-15 side=yes reason=exchange_position_without_local_state trigger=6 top_of_book=6 book=[6:50, 7:255.94, 8:3290.55, 9:400, 10:160] trust=synced
2026-05-10 14:11:08,023 | INFO | Execution state | market=KXBTC15M-26MAY101415-15 side=yes state=abandoned reason=exchange_position_without_local_state trust=synced run_id=701eafae-120a-4218-b788-4c52dba4504e
2026-05-10 14:11:08,039 | INFO | Mushroom v28 entry approved | market=KXBTC15M-26MAY101415-15 side=yes ask=6c max_buy=8c qty=2 p_side=0.1138 edge=5.884c depth=50 btc_age_ms=1375.0 secs_to_close=231.96
2026-05-10 14:11:08,051 | INFO | Execution state | market=KXBTC15M-26MAY101415-15 side=yes state=eligible reason=pre_filters_disabled trust=synced run_id=701eafae-120a-4218-b788-4c52dba4504e
2026-05-10 14:11:08,053 | INFO | Execution deferred | market=KXBTC15M-26MAY101415-15 side=yes reason=exchange_position_without_local_state trigger=6 top_of_book=6 book=[6:50, 7:255.94, 8:3270.87, 9:400, 10:160] trust=synced
2026-05-10 14:11:08,053 | INFO | Execution state | market=KXBTC15M-26MAY101415-15 side=yes state=abandoned reason=exchange_position_without_local_state trust=synced run_id=701eafae-120a-4218-b788-4c52dba4504e
2026-05-10 14:11:08,059 | INFO | Mushroom v28 entry approved | market=KXBTC15M-26MAY101415-15 side=yes ask=6c max_buy=8c qty=2 p_side=0.1138 edge=5.883c depth=50 btc_age_ms=1390.0 secs_to_close=231.94
2026-05-10 14:11:08,071 | INFO | Execution state | market=KXBTC15M-26MAY101415-15 side=yes state=eligible reason=pre_filters_disabled trust=synced run_id=701eafae-120a-4218-b788-4c52dba4504e
2026-05-10 14:11:08,071 | INFO | Execution deferred | market=KXBTC15M-26MAY101415-15 side=yes reason=exchange_position_without_local_state trigger=6 top_of_book=6 book=[6:50, 7:255.94, 8:3311.87, 9:400, 10:160] trust=synced
2026-05-10 14:11:08,071 | INFO | Execution state | market=KXBTC15M-26MAY101415-15 side=yes state=abandoned reason=exchange_position_without_local_state trust=synced run_id=701eafae-120a-4218-b788-4c52dba4504e
2026-05-10 14:11:08,078 | INFO | Mushroom v28 entry approved | market=KXBTC15M-26MAY101415-15 side=yes ask=6c max_buy=8c qty=2 p_side=0.1138 edge=5.883c depth=50 btc_age_ms=1406.0 secs_to_close=231.93
2026-05-10 14:11:08,086 | INFO | Execution state | market=KXBTC15M-26MAY101415-15 side=yes state=eligible reason=pre_filters_disabled trust=synced run_id=701eafae-120a-4218-b788-4c52dba4504e
2026-05-10 14:11:08,086 | INFO | Execution deferred | market=KXBTC15M-26MAY101415-15 side=yes reason=exchange_position_without_local_state trigger=6 top_of_book=6 book=[6:50, 7:255.94, 8:3311.87, 9:400, 10:160] trust=synced
2026-05-10 14:11:08,086 | INFO | Execution state | market=KXBTC15M-26MAY101415-15 side=yes state=abandoned reason=exchange_position_without_local_state trust=synced run_id=701eafae-120a-4218-b788-4c52dba4504e
2026-05-10 14:11:08,097 | INFO | Mushroom v28 entry approved | market=KXBTC15M-26MAY101415-15 side=yes ask=6c max_buy=8c qty=2 p_side=0.1138 edge=5.884c depth=50 btc_age_ms=0.0 secs_to_close=231.91
2026-05-10 14:11:08,111 | INFO | Execution state | market=KXBTC15M-26MAY101415-15 side=yes state=eligible reason=pre_filters_disabled trust=synced run_id=701eafae-120a-4218-b788-4c52dba4504e
2026-05-10 14:11:08,111 | INFO | Execution deferred | market=KXBTC15M-26MAY101415-15 side=yes reason=exchange_position_without_local_state trigger=6 top_of_book=6 book=[6:50, 7:265.94, 8:3301.87, 9:400, 10:160] trust=synced
2026-05-10 14:11:08,111 | INFO | Execution state | market=KXBTC15M-26MAY101415-15 side=yes state=abandoned reason=exchange_position_without_local_state trust=synced run_id=701eafae-120a-4218-b788-4c52dba4504e
2026-05-10 14:11:08,117 | INFO | Mushroom v28 entry approved | market=KXBTC15M-26MAY101415-15 side=yes ask=6c max_buy=8c qty=2 p_side=0.1138 edge=5.884c depth=50 btc_age_ms=16.0 secs_to_close=231.89
2026-05-10 14:11:08,132 | INFO | Execution state | market=KXBTC15M-26MAY101415-15 side=yes state=eligible reason=pre_filters_disabled trust=synced run_id=701eafae-120a-4218-b788-4c52dba4504e
2026-05-10 14:11:08,134 | INFO | Execution deferred | market=KXBTC15M-26MAY101415-15 side=yes reason=exchange_position_without_local_state trigger=6 top_of_book=6 book=[6:50, 7:265.94, 8:3301.87, 9:400, 10:160] trust=synced
2026-05-10 14:11:08,134 | INFO | Execution state | market=KXBTC15M-26MAY101415-15 side=yes state=abandoned reason=exchange_position_without_local_state trust=synced run_id=701eafae-120a-4218-b788-4c52dba4504e
2026-05-10 14:11:08,141 | INFO | Mushroom v28 entry approved | market=KXBTC15M-26MAY101415-15 side=yes ask=6c max_buy=8c qty=2 p_side=0.1138 edge=5.883c depth=50 btc_age_ms=47.0 secs_to_close=231.86
2026-05-10 14:11:08,159 | INFO | Execution state | market=KXBTC15M-26MAY101415-15 side=yes state=eligible reason=pre_filters_disabled trust=synced run_id=701eafae-120a-4218-b788-4c52dba4504e
2026-05-10 14:11:08,159 | INFO | Execution deferred | market=KXBTC15M-26MAY101415-15 side=yes reason=exchange_position_without_local_state trigger=6 top_of_book=6 book=[6:50, 7:265.94, 8:3301.87, 9:400, 10:160] trust=synced
2026-05-10 14:11:08,161 | INFO | Execution state | market=KXBTC15M-26MAY101415-15 side=yes state=abandoned reason=exchange_position_without_local_state trust=synced run_id=701eafae-120a-4218-b788-4c52dba4504e
2026-05-10 14:11:08,167 | INFO | Mushroom v28 entry approved | market=KXBTC15M-26MAY101415-15 side=yes ask=6c max_buy=8c qty=2 p_side=0.1138 edge=5.883c depth=47 btc_age_ms=63.0 secs_to_close=231.84
2026-05-10 14:11:08,182 | INFO | Execution state | market=KXBTC15M-26MAY101415-15 side=yes state=eligible reason=pre_filters_disabled trust=synced run_id=701eafae-120a-4218-b788-4c52dba4504e
2026-05-10 14:11:08,184 | INFO | Execution deferred | market=KXBTC15M-26MAY101415-15 side=yes reason=exchange_position_without_local_state trigger=6 top_of_book=6 book=[6:47, 7:265.94, 8:3301.87, 9:400, 10:160] trust=synced
2026-05-10 14:11:08,184 | INFO | Execution state | market=KXBTC15M-26MAY101415-15 side=yes state=abandoned reason=exchange_position_without_local_state trust=synced run_id=701eafae-120a-4218-b788-4c52dba4504e
2026-05-10 14:11:08,188 | INFO | Mushroom v28 entry approved | market=KXBTC15M-26MAY101415-15 side=yes ask=6c max_buy=8c qty=2 p_side=0.1138 edge=5.883c depth=47 btc_age_ms=94.0 secs_to_close=231.81
2026-05-10 14:11:08,205 | INFO | Execution state | market=KXBTC15M-26MAY101415-15 side=yes state=eligible reason=pre_filters_disabled trust=synced run_id=701eafae-120a-4218-b788-4c52dba4504e
2026-05-10 14:11:08,205 | INFO | Execution deferred | market=KXBTC15M-26MAY101415-15 side=yes reason=exchange_position_without_local_state trigger=6 top_of_book=6 book=[6:47, 7:265.94, 8:3301.87, 9:400, 10:160] trust=synced
2026-05-10 14:11:08,206 | INFO | Execution state | market=KXBTC15M-26MAY101415-15 side=yes state=abandoned reason=exchange_position_without_local_state trust=synced run_id=701eafae-120a-4218-b788-4c52dba4504e
2026-05-10 14:11:08,216 | INFO | Mushroom v28 entry approved | market=KXBTC15M-26MAY101415-15 side=yes ask=7c max_buy=8c qty=2 p_side=0.1138 edge=4.883c depth=241.46 btc_age_ms=110.0 secs_to_close=231.79
2026-05-10 14:11:08,235 | INFO | Execution state | market=KXBTC15M-26MAY101415-15 side=yes state=eligible reason=pre_filters_disabled trust=synced run_id=701eafae-120a-4218-b788-4c52dba4504e
2026-05-10 14:11:08,235 | INFO | Execution deferred | market=KXBTC15M-26MAY101415-15 side=yes reason=exchange_position_without_local_state trigger=7 top_of_book=7 book=[7:241.46, 8:3311.87, 9:400, 10:160, 11:1194.61] trust=synced
2026-05-10 14:11:08,237 | INFO | Execution state | market=KXBTC15M-26MAY101415-15 side=yes state=abandoned reason=exchange_position_without_local_state trust=synced run_id=701eafae-120a-4218-b788-4c52dba4504e
2026-05-10 14:11:08,243 | INFO | Mushroom v28 entry approved | market=KXBTC15M-26MAY101415-15 side=yes ask=7c max_buy=8c qty=2 p_side=0.1138 edge=4.882c depth=741.46 btc_age_ms=141.0 secs_to_close=231.76
2026-05-10 14:11:08,258 | INFO | Execution state | market=KXBTC15M-26MAY101415-15 side=yes state=eligible reason=pre_filters_disabled trust=synced run_id=701eafae-120a-4218-b788-4c52dba4504e
2026-05-10 14:11:08,258 | INFO | Execution deferred | market=KXBTC15M-26MAY101415-15 side=yes reason=exchange_position_without_local_state trigger=7 top_of_book=7 book=[7:741.46, 8:3311.87, 9:400, 10:160, 11:1194.61] trust=synced
2026-05-10 14:11:08,258 | INFO | Execution state | market=KXBTC15M-26MAY101415-15 side=yes state=abandoned reason=exchange_position_without_local_state trust=synced run_id=701eafae-120a-4218-b788-4c52dba4504e
2026-05-10 14:11:08,273 | INFO | Mushroom v28 entry approved | market=KXBTC15M-26MAY101415-15 side=yes ask=7c max_buy=8c qty=2 p_side=0.1138 edge=4.882c depth=741.46 btc_age_ms=172.0 secs_to_close=231.73
2026-05-10 14:11:08,288 | INFO | Execution state | market=KXBTC15M-26MAY101415-15 side=yes state=eligible reason=pre_filters_disabled trust=synced run_id=701eafae-120a-4218-b788-4c52dba4504e
2026-05-10 14:11:08,290 | INFO | Execution deferred | market=KXBTC15M-26MAY101415-15 side=yes reason=exchange_position_without_local_state trigger=7 top_of_book=7 book=[7:741.46, 8:3311.87, 9:400, 10:160, 11:1194.61] trust=synced
2026-05-10 14:11:08,290 | INFO | Execution state | market=KXBTC15M-26MAY101415-15 side=yes state=abandoned reason=exchange_position_without_local_state trust=synced run_id=701eafae-120a-4218-b788-4c52dba4504e
2026-05-10 14:11:08,295 | INFO | Mushroom v28 entry approved | market=KXBTC15M-26MAY101415-15 side=yes ask=7c max_buy=8c qty=2 p_side=0.1138 edge=4.882c depth=741.46 btc_age_ms=188.0 secs_to_close=231.71
2026-05-10 14:11:08,307 | INFO | Execution state | market=KXBTC15M-26MAY101415-15 side=yes state=eligible reason=pre_filters_disabled trust=synced run_id=701eafae-120a-4218-b788-4c52dba4504e
2026-05-10 14:11:08,309 | INFO | Execution deferred | market=KXBTC15M-26MAY101415-15 side=yes reason=exchange_position_without_local_state trigger=7 top_of_book=7 book=[7:741.46, 8:3311.87, 9:400, 10:160, 11:1194.61] trust=synced
2026-05-10 14:11:08,309 | INFO | Execution state | market=KXBTC15M-26MAY101415-15 side=yes state=abandoned reason=exchange_position_without_local_state trust=synced run_id=701eafae-120a-4218-b788-4c52dba4504e
2026-05-10 14:11:08,340 | INFO | Mushroom v28 entry approved | market=KXBTC15M-26MAY101415-15 side=yes ask=7c max_buy=8c qty=2 p_side=0.1138 edge=4.881c depth=741.46 btc_age_ms=235.0 secs_to_close=231.66
2026-05-10 14:11:08,354 | INFO | Execution state | market=KXBTC15M-26MAY101415-15 side=yes state=eligible reason=pre_filters_disabled trust=synced run_id=701eafae-120a-4218-b788-4c52dba4504e
2026-05-10 14:11:08,357 | INFO | Execution deferred | market=KXBTC15M-26MAY101415-15 side=yes reason=exchange_position_without_local_state trigger=7 top_of_book=7 book=[7:741.46, 8:3311.87, 9:400, 10:160, 11:1194.61] trust=synced
2026-05-10 14:11:08,359 | INFO | Execution state | market=KXBTC15M-26MAY101415-15 side=yes state=abandoned reason=exchange_position_without_local_state trust=synced run_id=701eafae-120a-4218-b788-4c52dba4504e
2026-05-10 14:11:08,402 | INFO | Mushroom v28 entry approved | market=KXBTC15M-26MAY101415-15 side=yes ask=7c max_buy=8c qty=2 p_side=0.1138 edge=4.880c depth=778.46 btc_age_ms=297.0 secs_to_close=231.60
2026-05-10 14:11:08,418 | INFO | Execution state | market=KXBTC15M-26MAY101415-15 side=yes state=eligible reason=pre_filters_disabled trust=synced run_id=701eafae-120a-4218-b788-4c52dba4504e
2026-05-10 14:11:08,420 | INFO | Execution deferred | market=KXBTC15M-26MAY101415-15 side=yes reason=exchange_position_without_local_state trigger=7 top_of_book=7 book=[7:778.46, 8:3311.87, 9:400, 10:160, 11:1194.61] trust=synced
2026-05-10 14:11:08,420 | INFO | Execution state | market=KXBTC15M-26MAY101415-15 side=yes state=abandoned reason=exchange_position_without_local_state trust=synced run_id=701eafae-120a-4218-b788-4c52dba4504e
2026-05-10 14:11:08,426 | INFO | Mushroom v28 entry approved | market=KXBTC15M-26MAY101415-15 side=yes ask=7c max_buy=8c qty=2 p_side=0.1138 edge=4.879c depth=778.46 btc_age_ms=0.0 secs_to_close=231.58
2026-05-10 14:11:08,438 | INFO | Execution state | market=KXBTC15M-26MAY101415-15 side=yes state=eligible reason=pre_filters_disabled trust=synced run_id=701eafae-120a-4218-b788-4c52dba4504e
2026-05-10 14:11:08,440 | INFO | Execution deferred | market=KXBTC15M-26MAY101415-15 side=yes reason=exchange_position_without_local_state trigger=7 top_of_book=7 book=[7:778.46, 8:3311.87, 9:400, 10:160, 11:1194.61] trust=synced
2026-05-10 14:11:08,440 | INFO | Execution state | market=KXBTC15M-26MAY101415-15 side=yes state=abandoned reason=exchange_position_without_local_state trust=synced run_id=701eafae-120a-4218-b788-4c52dba4504e
2026-05-10 14:11:08,444 | INFO | Mushroom v28 entry approved | market=KXBTC15M-26MAY101415-15 side=yes ask=7c max_buy=8c qty=2 p_side=0.1138 edge=4.879c depth=778.46 btc_age_ms=16.0 secs_to_close=231.56
2026-05-10 14:11:08,458 | INFO | Execution state | market=KXBTC15M-26MAY101415-15 side=yes state=eligible reason=pre_filters_disabled trust=synced run_id=701eafae-120a-4218-b788-4c52dba4504e
2026-05-10 14:11:08,460 | INFO | Execution deferred | market=KXBTC15M-26MAY101415-15 side=yes reason=exchange_position_without_local_state trigger=7 top_of_book=7 book=[7:778.46, 8:3311.87, 9:400, 10:160, 11:1194.61] trust=synced
2026-05-10 14:11:08,460 | INFO | Execution state | market=KXBTC15M-26MAY101415-15 side=yes state=abandoned reason=exchange_position_without_local_state trust=synced run_id=701eafae-120a-4218-b788-4c52dba4504e
2026-05-10 14:11:08,467 | INFO | Mushroom v28 entry approved | market=KXBTC15M-26MAY101415-15 side=yes ask=7c max_buy=8c qty=2 p_side=0.1138 edge=4.879c depth=764.84 btc_age_ms=32.0 secs_to_close=231.54
2026-05-10 14:11:08,479 | INFO | Execution state | market=KXBTC15M-26MAY101415-15 side=yes state=eligible reason=pre_filters_disabled trust=synced run_id=701eafae-120a-4218-b788-4c52dba4504e
2026-05-10 14:11:08,481 | INFO | Execution deferred | market=KXBTC15M-26MAY101415-15 side=yes reason=exchange_position_without_local_state trigger=7 top_of_book=7 book=[7:764.84, 8:3311.87, 9:400, 10:160, 11:1194.61] trust=synced
2026-05-10 14:11:08,481 | INFO | Execution state | market=KXBTC15M-26MAY101415-15 side=yes state=abandoned reason=exchange_position_without_local_state trust=synced run_id=701eafae-120a-4218-b788-4c52dba4504e
2026-05-10 14:11:08,485 | INFO | Mushroom v28 entry approved | market=KXBTC15M-26MAY101415-15 side=yes ask=7c max_buy=8c qty=2 p_side=0.1138 edge=4.878c depth=764.84 btc_age_ms=63.0 secs_to_close=231.52
2026-05-10 14:11:08,500 | INFO | Execution state | market=KXBTC15M-26MAY101415-15 side=yes state=eligible reason=pre_filters_disabled trust=synced run_id=701eafae-120a-4218-b788-4c52dba4504e
2026-05-10 14:11:08,500 | INFO | Execution deferred | market=KXBTC15M-26MAY101415-15 side=yes reason=exchange_position_without_local_state trigger=7 top_of_book=7 book=[7:764.84, 8:3311.87, 9:400, 10:160, 11:1194.61] trust=synced
2026-05-10 14:11:08,500 | INFO | Execution state | market=KXBTC15M-26MAY101415-15 side=yes state=abandoned reason=exchange_position_without_local_state trust=synced run_id=701eafae-120a-4218-b788-4c52dba4504e
2026-05-10 14:11:08,507 | INFO | Mushroom v28 entry approved | market=KXBTC15M-26MAY101415-15 side=yes ask=7c max_buy=8c qty=2 p_side=0.1138 edge=4.878c depth=764.84 btc_age_ms=79.0 secs_to_close=231.50
2026-05-10 14:11:08,519 | INFO | Execution state | market=KXBTC15M-26MAY101415-15 side=yes state=eligible reason=pre_filters_disabled trust=synced run_id=701eafae-120a-4218-b788-4c52dba4504e
2026-05-10 14:11:08,519 | INFO | Execution deferred | market=KXBTC15M-26MAY101415-15 side=yes reason=exchange_position_without_local_state trigger=7 top_of_book=7 book=[7:764.84, 8:3311.87, 9:400, 10:160, 11:1194.61] trust=synced
2026-05-10 14:11:08,521 | INFO | Execution state | market=KXBTC15M-26MAY101415-15 side=yes state=abandoned reason=exchange_position_without_local_state trust=synced run_id=701eafae-120a-4218-b788-4c52dba4504e
2026-05-10 14:11:08,523 | INFO | Mushroom v28 entry approved | market=KXBTC15M-26MAY101415-15 side=yes ask=7c max_buy=8c qty=2 p_side=0.1138 edge=4.878c depth=764.84 btc_age_ms=94.0 secs_to_close=231.48
2026-05-10 14:11:08,535 | INFO | Execution state | market=KXBTC15M-26MAY101415-15 side=yes state=eligible reason=pre_filters_disabled trust=synced run_id=701eafae-120a-4218-b788-4c52dba4504e
2026-05-10 14:11:08,537 | INFO | Execution deferred | market=KXBTC15M-26MAY101415-15 side=yes reason=exchange_position_without_local_state trigger=7 top_of_book=7 book=[7:764.84, 8:3311.87, 9:400, 10:160, 11:1194.61] trust=synced
2026-05-10 14:11:08,537 | INFO | Execution state | market=KXBTC15M-26MAY101415-15 side=yes state=abandoned reason=exchange_position_without_local_state trust=synced run_id=701eafae-120a-4218-b788-4c52dba4504e
2026-05-10 14:11:08,542 | INFO | Mushroom v28 entry approved | market=KXBTC15M-26MAY101415-15 side=yes ask=7c max_buy=8c qty=2 p_side=0.1138 edge=4.878c depth=764.84 btc_age_ms=110.0 secs_to_close=231.46
2026-05-10 14:11:08,554 | INFO | Execution state | market=KXBTC15M-26MAY101415-15 side=yes state=eligible reason=pre_filters_disabled trust=synced run_id=701eafae-120a-4218-b788-4c52dba4504e
2026-05-10 14:11:08,554 | INFO | Execution deferred | market=KXBTC15M-26MAY101415-15 side=yes reason=exchange_position_without_local_state trigger=7 top_of_book=7 book=[7:764.84, 8:3311.87, 9:400, 10:160, 11:1194.61] trust=synced
2026-05-10 14:11:08,554 | INFO | Execution state | market=KXBTC15M-26MAY101415-15 side=yes state=abandoned reason=exchange_position_without_local_state trust=synced run_id=701eafae-120a-4218-b788-4c52dba4504e
2026-05-10 14:11:08,562 | INFO | Mushroom v28 entry approved | market=KXBTC15M-26MAY101415-15 side=yes ask=7c max_buy=8c qty=2 p_side=0.1138 edge=4.877c depth=774.84 btc_age_ms=125.0 secs_to_close=231.44
2026-05-10 14:11:08,575 | INFO | Execution state | market=KXBTC15M-26MAY101415-15 side=yes state=eligible reason=pre_filters_disabled trust=synced run_id=701eafae-120a-4218-b788-4c52dba4504e
2026-05-10 14:11:08,575 | INFO | Execution deferred | market=KXBTC15M-26MAY101415-15 side=yes reason=exchange_position_without_local_state trigger=7 top_of_book=7 book=[7:774.84, 8:3301.87, 9:400, 10:160, 11:1194.61] trust=synced
2026-05-10 14:11:08,575 | INFO | Execution state | market=KXBTC15M-26MAY101415-15 side=yes state=abandoned reason=exchange_position_without_local_state trust=synced run_id=701eafae-120a-4218-b788-4c52dba4504e
2026-05-10 14:11:08,798 | INFO | Mushroom v28 entry approved | market=KXBTC15M-26MAY101415-15 side=yes ask=7c max_buy=8c qty=2 p_side=0.1137 edge=4.875c depth=784.73 btc_age_ms=171.0 secs_to_close=231.20
2026-05-10 14:11:08,821 | INFO | Execution state | market=KXBTC15M-26MAY101415-15 side=yes state=eligible reason=pre_filters_disabled trust=synced run_id=701eafae-120a-4218-b788-4c52dba4504e
2026-05-10 14:11:08,821 | INFO | Execution deferred | market=KXBTC15M-26MAY101415-15 side=yes reason=exchange_position_without_local_state trigger=7 top_of_book=7 book=[7:784.73, 8:3301.87, 9:400, 10:160, 11:1194.61] trust=synced
2026-05-10 14:11:08,823 | INFO | Execution state | market=KXBTC15M-26MAY101415-15 side=yes state=abandoned reason=exchange_position_without_local_state trust=synced run_id=701eafae-120a-4218-b788-4c52dba4504e
2026-05-10 14:11:08,837 | INFO | Mushroom v28 entry approved | market=KXBTC15M-26MAY101415-15 side=yes ask=7c max_buy=8c qty=2 p_side=0.1137 edge=4.874c depth=784.73 btc_age_ms=203.0 secs_to_close=231.16
2026-05-10 14:11:08,852 | INFO | Execution state | market=KXBTC15M-26MAY101415-15 side=yes state=eligible reason=pre_filters_disabled trust=synced run_id=701eafae-120a-4218-b788-4c52dba4504e
2026-05-10 14:11:08,852 | INFO | Execution deferred | market=KXBTC15M-26MAY101415-15 side=yes reason=exchange_position_without_local_state trigger=7 top_of_book=7 book=[7:784.73, 8:3301.87, 9:400, 10:160, 11:1194.61] trust=synced
2026-05-10 14:11:08,854 | INFO | Execution state | market=KXBTC15M-26MAY101415-15 side=yes state=abandoned reason=exchange_position_without_local_state trust=synced run_id=701eafae-120a-4218-b788-4c52dba4504e
2026-05-10 14:11:08,995 | INFO | Heartbeat | watch=KXBTC15M-26MAY101415-15 yes_bid=6 yes_ask=7 no_bid=93 no_ask=94 book_ready=True position=False pending=False dry_run=False trust=synced run_id=701eafae-120a-4218-b788-4c52dba4504e
2026-05-10 14:11:23,997 | INFO | Heartbeat | watch=KXBTC15M-26MAY101415-15 yes_bid=5 yes_ask=6 no_bid=94 no_ask=95 book_ready=True position=False pending=False dry_run=False trust=synced run_id=701eafae-120a-4218-b788-4c52dba4504e
2026-05-10 14:11:28,673 | INFO | Mushroom v28 BTC REST fallback refreshed stale tick | previous_age_ms=3015.0 threshold_ms=3000.0 source=coinbase_spot_rest
2026-05-10 14:11:39,032 | INFO | Heartbeat | watch=KXBTC15M-26MAY101415-15 yes_bid=5 yes_ask=6 no_bid=94 no_ask=95 book_ready=True position=False pending=False dry_run=False trust=synced run_id=701eafae-120a-4218-b788-4c52dba4504e
2026-05-10 14:11:54,055 | INFO | Heartbeat | watch=KXBTC15M-26MAY101415-15 yes_bid=6 yes_ask=6 no_bid=94 no_ask=94 book_ready=True position=False pending=False dry_run=False trust=synced run_id=701eafae-120a-4218-b788-4c52dba4504e
2026-05-10 14:12:09,052 | INFO | Heartbeat | watch=KXBTC15M-26MAY101415-15 yes_bid=5 yes_ask=5 no_bid=95 no_ask=95 book_ready=True position=False pending=False dry_run=False trust=synced run_id=701eafae-120a-4218-b788-4c52dba4504e
2026-05-10 14:12:24,115 | INFO | Heartbeat | watch=KXBTC15M-26MAY101415-15 yes_bid=4 yes_ask=5 no_bid=95 no_ask=96 book_ready=True position=False pending=False dry_run=False trust=synced run_id=701eafae-120a-4218-b788-4c52dba4504e
2026-05-10 14:12:34,091 | INFO | Mushroom v28 BTC REST fallback refreshed stale tick | previous_age_ms=3031.0 threshold_ms=3000.0 source=coinbase_spot_rest
2026-05-10 14:12:39,111 | INFO | Heartbeat | watch=KXBTC15M-26MAY101415-15 yes_bid=2 yes_ask=3 no_bid=97 no_ask=98 book_ready=True position=False pending=False dry_run=False trust=synced run_id=701eafae-120a-4218-b788-4c52dba4504e
2026-05-10 14:12:54,106 | INFO | Heartbeat | watch=KXBTC15M-26MAY101415-15 yes_bid=2 yes_ask=2 no_bid=98 no_ask=98 book_ready=True position=False pending=False dry_run=False trust=synced run_id=701eafae-120a-4218-b788-4c52dba4504e
2026-05-10 14:13:09,141 | INFO | Heartbeat | watch=KXBTC15M-26MAY101415-15 yes_bid=1 yes_ask=2 no_bid=98 no_ask=99 book_ready=True position=False pending=False dry_run=False trust=synced run_id=701eafae-120a-4218-b788-4c52dba4504e
2026-05-10 14:13:12,555 | INFO | Mushroom v28 BTC REST fallback refreshed stale tick | previous_age_ms=3016.0 threshold_ms=3000.0 source=coinbase_spot_rest
2026-05-10 14:13:20,027 | INFO | Mushroom v28 BTC REST fallback refreshed stale tick | previous_age_ms=3016.0 threshold_ms=3000.0 source=coinbase_spot_rest
2026-05-10 14:13:24,173 | INFO | Heartbeat | watch=KXBTC15M-26MAY101415-15 yes_bid=1 yes_ask=1 no_bid=99 no_ask=99 book_ready=True position=False pending=False dry_run=False trust=synced run_id=701eafae-120a-4218-b788-4c52dba4504e
2026-05-10 14:13:31,331 | WARNING | Market refresh failed. Keeping current watch. Error: HTTPSConnectionPool(host='api.elections.kalshi.com', port=443): Read timed out. (read timeout=5.0)
2026-05-10 14:13:31,850 | INFO | Mushroom v28 BTC REST fallback refreshed stale tick | previous_age_ms=5578.0 threshold_ms=3000.0 source=coinbase_spot_rest
2026-05-10 14:13:32,178 | WARNING | Live account state refresh failed. Blocking live entries until refresh succeeds. Error: HTTPSConnectionPool(host='api.elections.kalshi.com', port=443): Read timed out. (read timeout=5.0)
2026-05-10 14:13:35,441 | INFO | Mushroom v28 BTC REST fallback refreshed stale tick | previous_age_ms=3032.0 threshold_ms=3000.0 source=coinbase_spot_rest
2026-05-10 14:13:38,961 | INFO | Mushroom v28 BTC REST fallback refreshed stale tick | previous_age_ms=3016.0 threshold_ms=3000.0 source=coinbase_spot_rest
2026-05-10 14:13:39,609 | INFO | Heartbeat | watch=KXBTC15M-26MAY101415-15 yes_bid=0 yes_ask=1 no_bid=99 no_ask=100 book_ready=True position=False pending=False dry_run=False trust=synced run_id=701eafae-120a-4218-b788-4c52dba4504e
2026-05-10 14:13:42,654 | INFO | Mushroom v28 BTC REST fallback refreshed stale tick | previous_age_ms=3047.0 threshold_ms=3000.0 source=coinbase_spot_rest
2026-05-10 14:13:46,212 | INFO | Mushroom v28 BTC REST fallback refreshed stale tick | previous_age_ms=3016.0 threshold_ms=3000.0 source=coinbase_spot_rest
2026-05-10 14:13:49,739 | INFO | Mushroom v28 BTC REST fallback refreshed stale tick | previous_age_ms=3015.0 threshold_ms=3000.0 source=coinbase_spot_rest
2026-05-10 14:13:53,280 | INFO | Mushroom v28 BTC REST fallback refreshed stale tick | previous_age_ms=3031.0 threshold_ms=3000.0 source=coinbase_spot_rest
2026-05-10 14:13:54,643 | INFO | Heartbeat | watch=KXBTC15M-26MAY101415-15 yes_bid=0 yes_ask=1 no_bid=99 no_ask=100 book_ready=True position=False pending=False dry_run=False trust=synced run_id=701eafae-120a-4218-b788-4c52dba4504e
2026-05-10 14:13:57,557 | INFO | Mushroom v28 BTC REST fallback refreshed stale tick | previous_age_ms=3187.0 threshold_ms=3000.0 source=coinbase_spot_rest
2026-05-10 14:13:57,950 | WARNING | WS loop error for KXBTC15M-26MAY101415-15: no close frame received or sent
2026-05-10 14:13:59,207 | INFO | WS connected for KXBTC15M-26MAY101415-15
2026-05-10 14:13:59,241 | INFO | WS subscribed payload: {'type': 'subscribed', 'id': 2, 'msg': {'channel': 'ticker', 'sid': 1}}
2026-05-10 14:13:59,246 | INFO | WS subscribed payload: {'type': 'subscribed', 'id': 2, 'msg': {'channel': 'orderbook_delta', 'sid': 2}}
2026-05-10 14:13:59,246 | INFO | Orderbook snapshot ready for KXBTC15M-26MAY101415-15
2026-05-10 14:14:09,666 | INFO | Heartbeat | watch=KXBTC15M-26MAY101415-15 yes_bid=0 yes_ask=0 no_bid=100 no_ask=100 book_ready=True position=False pending=False dry_run=False trust=synced run_id=701eafae-120a-4218-b788-4c52dba4504e
2026-05-10 14:14:24,686 | INFO | Heartbeat | watch=KXBTC15M-26MAY101415-15 yes_bid=0 yes_ask=0 no_bid=100 no_ask=100 book_ready=True position=False pending=False dry_run=False trust=synced run_id=701eafae-120a-4218-b788-4c52dba4504e
2026-05-10 14:14:39,696 | INFO | Heartbeat | watch=KXBTC15M-26MAY101415-15 yes_bid=0 yes_ask=0 no_bid=100 no_ask=100 book_ready=True position=False pending=False dry_run=False trust=synced run_id=701eafae-120a-4218-b788-4c52dba4504e
2026-05-10 14:14:54,738 | INFO | Heartbeat | watch=KXBTC15M-26MAY101415-15 yes_bid=0 yes_ask=1 no_bid=99 no_ask=100 book_ready=True position=False pending=False dry_run=False trust=synced run_id=701eafae-120a-4218-b788-4c52dba4504e
2026-05-10 14:15:06,372 | INFO | Orderbook snapshot ready for KXBTC15M-26MAY101415-15
2026-05-10 14:15:09,747 | INFO | Heartbeat | watch=KXBTC15M-26MAY101415-15 yes_bid=0 yes_ask=100 no_bid=0 no_ask=100 book_ready=True position=False pending=False dry_run=False trust=synced run_id=701eafae-120a-4218-b788-4c52dba4504e
2026-05-10 14:15:18,807 | INFO | Watching market KXBTC15M-26MAY101430-30 close_time=2026-05-10T18:30:00Z status=active strike=81420.74 run_id=701eafae-120a-4218-b788-4c52dba4504e
2026-05-10 14:15:18,902 | INFO | Mushroom v28 phi memory reward update | market=KXBTC15M-26MAY101415-15 result=no decisions=8 fills=6 labels=2 reward_delta=31.67c actual_pnl=0.25
2026-05-10 14:15:19,214 | INFO | WS connected for KXBTC15M-26MAY101430-30
2026-05-10 14:15:19,285 | INFO | WS subscribed payload: {'type': 'subscribed', 'id': 3, 'msg': {'channel': 'ticker', 'sid': 1}}
2026-05-10 14:15:19,287 | INFO | WS subscribed payload: {'type': 'subscribed', 'id': 3, 'msg': {'channel': 'orderbook_delta', 'sid': 2}}
2026-05-10 14:15:19,290 | INFO | Orderbook snapshot ready for KXBTC15M-26MAY101430-30
2026-05-10 14:15:24,799 | INFO | Heartbeat | watch=KXBTC15M-26MAY101430-30 yes_bid=54 yes_ask=56 no_bid=44 no_ask=46 book_ready=True position=False pending=False dry_run=False trust=synced run_id=701eafae-120a-4218-b788-4c52dba4504e
2026-05-10 14:15:39,829 | INFO | Heartbeat | watch=KXBTC15M-26MAY101430-30 yes_bid=56 yes_ask=57 no_bid=43 no_ask=44 book_ready=True position=False pending=False dry_run=False trust=synced run_id=701eafae-120a-4218-b788-4c52dba4504e
2026-05-10 14:15:55,503 | INFO | Mushroom v28 BTC REST fallback refreshed stale tick | previous_age_ms=3093.0 threshold_ms=3000.0 source=coinbase_spot_rest
2026-05-10 14:15:55,522 | INFO | Heartbeat | watch=KXBTC15M-26MAY101430-30 yes_bid=45 yes_ask=46 no_bid=54 no_ask=55 book_ready=True position=False pending=False dry_run=False trust=synced run_id=701eafae-120a-4218-b788-4c52dba4504e
2026-05-10 14:16:10,516 | INFO | Heartbeat | watch=KXBTC15M-26MAY101430-30 yes_bid=44 yes_ask=46 no_bid=54 no_ask=56 book_ready=True position=False pending=False dry_run=False trust=synced run_id=701eafae-120a-4218-b788-4c52dba4504e
2026-05-10 14:16:25,520 | INFO | Heartbeat | watch=KXBTC15M-26MAY101430-30 yes_bid=47 yes_ask=49 no_bid=51 no_ask=53 book_ready=True position=False pending=False dry_run=False trust=synced run_id=701eafae-120a-4218-b788-4c52dba4504e
2026-05-10 14:16:40,536 | INFO | Heartbeat | watch=KXBTC15M-26MAY101430-30 yes_bid=48 yes_ask=49 no_bid=51 no_ask=52 book_ready=True position=False pending=False dry_run=False trust=synced run_id=701eafae-120a-4218-b788-4c52dba4504e
2026-05-10 14:16:55,571 | INFO | Heartbeat | watch=KXBTC15M-26MAY101430-30 yes_bid=43 yes_ask=44 no_bid=56 no_ask=57 book_ready=True position=False pending=False dry_run=False trust=synced run_id=701eafae-120a-4218-b788-4c52dba4504e
2026-05-10 14:17:10,601 | INFO | Heartbeat | watch=KXBTC15M-26MAY101430-30 yes_bid=37 yes_ask=38 no_bid=62 no_ask=63 book_ready=True position=False pending=False dry_run=False trust=synced run_id=701eafae-120a-4218-b788-4c52dba4504e
2026-05-10 14:17:26,747 | INFO | Heartbeat | watch=KXBTC15M-26MAY101430-30 yes_bid=37 yes_ask=38 no_bid=62 no_ask=63 book_ready=True position=False pending=False dry_run=False trust=synced run_id=701eafae-120a-4218-b788-4c52dba4504e
2026-05-10 14:17:41,759 | INFO | Heartbeat | watch=KXBTC15M-26MAY101430-30 yes_bid=35 yes_ask=36 no_bid=64 no_ask=65 book_ready=True position=False pending=False dry_run=False trust=synced run_id=701eafae-120a-4218-b788-4c52dba4504e
2026-05-10 14:17:56,795 | INFO | Heartbeat | watch=KXBTC15M-26MAY101430-30 yes_bid=34 yes_ask=35 no_bid=65 no_ask=66 book_ready=True position=False pending=False dry_run=False trust=synced run_id=701eafae-120a-4218-b788-4c52dba4504e
2026-05-10 14:18:06,397 | INFO | Mushroom v28 BTC REST fallback refreshed stale tick | previous_age_ms=3047.0 threshold_ms=3000.0 source=coinbase_spot_rest
2026-05-10 14:18:11,874 | INFO | Heartbeat | watch=KXBTC15M-26MAY101430-30 yes_bid=30 yes_ask=31 no_bid=69 no_ask=70 book_ready=True position=False pending=False dry_run=False trust=synced run_id=701eafae-120a-4218-b788-4c52dba4504e
2026-05-10 14:18:26,926 | INFO | Heartbeat | watch=KXBTC15M-26MAY101430-30 yes_bid=30 yes_ask=31 no_bid=69 no_ask=70 book_ready=True position=False pending=False dry_run=False trust=synced run_id=701eafae-120a-4218-b788-4c52dba4504e
2026-05-10 14:18:41,970 | INFO | Heartbeat | watch=KXBTC15M-26MAY101430-30 yes_bid=23 yes_ask=24 no_bid=76 no_ask=77 book_ready=True position=False pending=False dry_run=False trust=synced run_id=701eafae-120a-4218-b788-4c52dba4504e
2026-05-10 14:18:45,602 | INFO | Mushroom v28 entry approved | market=KXBTC15M-26MAY101430-30 side=no ask=80c max_buy=81c qty=2 p_side=0.8550 edge=4.997c depth=441 btc_age_ms=407.0 secs_to_close=674.42
2026-05-10 14:18:45,634 | INFO | Execution state | market=KXBTC15M-26MAY101430-30 side=no state=eligible reason=pre_filters_disabled trust=synced run_id=701eafae-120a-4218-b788-4c52dba4504e
2026-05-10 14:18:45,636 | INFO | Live fill policy approved | market=KXBTC15M-26MAY101430-30 side=no trigger=80c tif=immediate_or_cancel limit=80c depth=441.00 required=3 book_age_ms=297.0 secs_to_close=674.42 reason=single_shot_abundant_depth
2026-05-10 14:18:45,638 | INFO | ENTRY signal | market=KXBTC15M-26MAY101430-30 action=buy side=no trigger=80c limit=80c qty=2 book_ready=True
2026-05-10 14:18:45,640 | INFO | Execution state | market=KXBTC15M-26MAY101430-30 side=no state=submitting reason=single_shot_abundant_depth trust=synced run_id=701eafae-120a-4218-b788-4c52dba4504e
2026-05-10 14:18:45,700 | INFO | ENTRY immediate fill | market=KXBTC15M-26MAY101430-30 side=no qty=2 limit=80c
2026-05-10 14:18:45,702 | INFO | Execution state | market=KXBTC15M-26MAY101430-30 side=no state=filled reason=single_shot_abundant_depth trust=synced run_id=701eafae-120a-4218-b788-4c52dba4504e
2026-05-10 14:18:45,716 | INFO | Mushroom v28 entry approved | market=KXBTC15M-26MAY101430-30 side=no ask=80c max_buy=81c qty=1 p_side=0.8550 edge=4.497c depth=450 btc_age_ms=532.0 secs_to_close=674.30
2026-05-10 14:18:45,755 | INFO | Execution state | market=KXBTC15M-26MAY101430-30 side=no state=eligible reason=pre_filters_disabled trust=synced run_id=701eafae-120a-4218-b788-4c52dba4504e
2026-05-10 14:18:45,768 | INFO | Live fill policy approved | market=KXBTC15M-26MAY101430-30 side=no trigger=80c tif=immediate_or_cancel limit=80c depth=450.00 required=2 book_age_ms=422.0 secs_to_close=674.30 reason=single_shot_abundant_depth
2026-05-10 14:18:45,770 | INFO | ENTRY signal | market=KXBTC15M-26MAY101430-30 action=buy side=no trigger=80c limit=80c qty=1 book_ready=True
2026-05-10 14:18:45,770 | INFO | Execution state | market=KXBTC15M-26MAY101430-30 side=no state=submitting reason=single_shot_abundant_depth trust=synced run_id=701eafae-120a-4218-b788-4c52dba4504e
2026-05-10 14:18:45,836 | INFO | ENTRY immediate fill | market=KXBTC15M-26MAY101430-30 side=no qty=1 limit=80c
2026-05-10 14:18:45,838 | INFO | Execution state | market=KXBTC15M-26MAY101430-30 side=no state=filled reason=single_shot_abundant_depth trust=synced run_id=701eafae-120a-4218-b788-4c52dba4504e
2026-05-10 14:18:57,006 | INFO | Heartbeat | watch=KXBTC15M-26MAY101430-30 yes_bid=17 yes_ask=18 no_bid=82 no_ask=83 book_ready=True position=True pending=False dry_run=False trust=synced run_id=701eafae-120a-4218-b788-4c52dba4504e
2026-05-10 14:19:12,046 | INFO | Heartbeat | watch=KXBTC15M-26MAY101430-30 yes_bid=13 yes_ask=14 no_bid=86 no_ask=87 book_ready=True position=True pending=False dry_run=False trust=synced run_id=701eafae-120a-4218-b788-4c52dba4504e
2026-05-10 14:19:27,090 | INFO | Heartbeat | watch=KXBTC15M-26MAY101430-30 yes_bid=10 yes_ask=11 no_bid=89 no_ask=90 book_ready=True position=True pending=False dry_run=False trust=synced run_id=701eafae-120a-4218-b788-4c52dba4504e
2026-05-10 14:19:42,125 | INFO | Mushroom v28 BTC REST fallback refreshed stale tick | previous_age_ms=3031.0 threshold_ms=3000.0 source=coinbase_spot_rest
2026-05-10 14:19:42,136 | INFO | Heartbeat | watch=KXBTC15M-26MAY101430-30 yes_bid=14 yes_ask=15 no_bid=85 no_ask=86 book_ready=True position=True pending=False dry_run=False trust=synced run_id=701eafae-120a-4218-b788-4c52dba4504e
2026-05-10 14:19:44,188 | WARNING | Live account state refresh failed. Blocking live entries until refresh succeeds. Error: HTTPSConnectionPool(host='api.elections.kalshi.com', port=443): Read timed out. (read timeout=5.0)
2026-05-10 14:19:46,908 | INFO | Mushroom v28 BTC REST fallback refreshed stale tick | previous_age_ms=3062.0 threshold_ms=3000.0 source=coinbase_spot_rest
2026-05-10 14:19:50,211 | WARNING | Live account state refresh failed. Blocking live entries until refresh succeeds. Error: HTTPSConnectionPool(host='api.elections.kalshi.com', port=443): Read timed out. (read timeout=5.0)
2026-05-10 14:19:51,374 | INFO | Mushroom v28 BTC REST fallback refreshed stale tick | previous_age_ms=3031.0 threshold_ms=3000.0 source=coinbase_spot_rest
2026-05-10 14:19:55,614 | INFO | Mushroom v28 BTC REST fallback refreshed stale tick | previous_age_ms=3062.0 threshold_ms=3000.0 source=coinbase_spot_rest
2026-05-10 14:19:57,147 | INFO | Heartbeat | watch=KXBTC15M-26MAY101430-30 yes_bid=14 yes_ask=15 no_bid=85 no_ask=86 book_ready=True position=True pending=False dry_run=False trust=synced run_id=701eafae-120a-4218-b788-4c52dba4504e
2026-05-10 14:19:58,443 | WARNING | WS loop error for KXBTC15M-26MAY101430-30: no close frame received or sent
2026-05-10 14:19:59,670 | INFO | WS connected for KXBTC15M-26MAY101430-30
2026-05-10 14:19:59,702 | INFO | WS subscribed payload: {'type': 'subscribed', 'id': 3, 'msg': {'channel': 'ticker', 'sid': 1}}
2026-05-10 14:19:59,707 | INFO | WS subscribed payload: {'type': 'subscribed', 'id': 3, 'msg': {'channel': 'orderbook_delta', 'sid': 2}}
2026-05-10 14:19:59,709 | INFO | Orderbook snapshot ready for KXBTC15M-26MAY101430-30
2026-05-10 14:19:59,914 | INFO | Mushroom v28 BTC REST fallback refreshed stale tick | previous_age_ms=3062.0 threshold_ms=3000.0 source=coinbase_spot_rest
2026-05-10 14:20:03,976 | INFO | Mushroom v28 BTC REST fallback refreshed stale tick | previous_age_ms=3047.0 threshold_ms=3000.0 source=coinbase_spot_rest
2026-05-10 14:20:05,981 | WARNING | Mushroom v28 BTC tick stream failed. reconnect_seconds=1.00 error=no close frame received or sent
2026-05-10 14:20:07,255 | INFO | Mushroom v28 BTC tick stream connected | source=coinbase url=wss://ws-feed.exchange.coinbase.com
2026-05-10 14:20:08,129 | INFO | Mushroom v28 BTC REST fallback refreshed stale tick | previous_age_ms=3032.0 threshold_ms=3000.0 source=coinbase_spot_rest
2026-05-10 14:20:12,139 | INFO | Heartbeat | watch=KXBTC15M-26MAY101430-30 yes_bid=17 yes_ask=18 no_bid=82 no_ask=83 book_ready=True position=True pending=False dry_run=False trust=synced run_id=701eafae-120a-4218-b788-4c52dba4504e
2026-05-10 14:20:27,138 | INFO | Heartbeat | watch=KXBTC15M-26MAY101430-30 yes_bid=20 yes_ask=21 no_bid=79 no_ask=80 book_ready=True position=True pending=False dry_run=False trust=synced run_id=701eafae-120a-4218-b788-4c52dba4504e
2026-05-10 14:20:38,819 | INFO | Mushroom v28 BTC REST fallback refreshed stale tick | previous_age_ms=3031.0 threshold_ms=3000.0 source=coinbase_spot_rest
2026-05-10 14:20:42,169 | INFO | Heartbeat | watch=KXBTC15M-26MAY101430-30 yes_bid=19 yes_ask=20 no_bid=80 no_ask=81 book_ready=True position=True pending=False dry_run=False trust=synced run_id=701eafae-120a-4218-b788-4c52dba4504e
2026-05-10 14:20:55,999 | INFO | Mushroom v28 BTC REST fallback refreshed stale tick | previous_age_ms=3016.0 threshold_ms=3000.0 source=coinbase_spot_rest
2026-05-10 14:20:57,198 | INFO | Heartbeat | watch=KXBTC15M-26MAY101430-30 yes_bid=17 yes_ask=18 no_bid=82 no_ask=83 book_ready=True position=True pending=False dry_run=False trust=synced run_id=701eafae-120a-4218-b788-4c52dba4504e
2026-05-10 14:21:10,790 | INFO | EXIT signal | market=KXBTC15M-26MAY101430-30 action=sell side=no trigger=75c limit=75c qty=2 book_ready=True mode=single_shot_ioc slices=1 attempt=0
2026-05-10 14:21:10,791 | INFO | Latency | purpose=exit feed_age_ms=94.1 local_reaction_ms=78.0 trigger_seen_at=2026-05-10T18:21:10.791433+00:00 market_msg_time=2026-05-10T18:21:10.697303Z
2026-05-10 14:21:10,793 | INFO | Exit plan approved | market=KXBTC15M-26MAY101430-30 side=no trigger=75c limit=75c top_bid=75 depth=220.00 required=2 book_age_ms=62.0 secs_to_close=529.23 reason=mushroom_v28_probability_reduce_single_shot_visible_depth mode=single_shot_ioc attempt=0
2026-05-10 14:21:10,876 | INFO | EXIT fill | market=KXBTC15M-26MAY101430-30 side=no slice=1/1 qty=2 cumulative=2/2 remaining=1
2026-05-10 14:21:11,734 | INFO | EXIT signal | market=KXBTC15M-26MAY101430-30 action=sell side=no trigger=75c limit=75c qty=1 book_ready=True mode=single_shot_ioc slices=1 attempt=0
2026-05-10 14:21:11,736 | INFO | Latency | purpose=exit feed_age_ms=26.7 local_reaction_ms=31.0 trigger_seen_at=2026-05-10T18:21:11.734046+00:00 market_msg_time=2026-05-10T18:21:11.709324Z
2026-05-10 14:21:11,736 | INFO | Exit plan approved | market=KXBTC15M-26MAY101430-30 side=no trigger=75c limit=75c top_bid=75 depth=298.00 required=1 book_age_ms=0.0 secs_to_close=528.29 reason=mushroom_v28_probability_reduce_single_shot_visible_depth mode=single_shot_ioc attempt=0
2026-05-10 14:21:11,793 | INFO | EXIT fill | market=KXBTC15M-26MAY101430-30 side=no slice=1/1 qty=1 cumulative=1/1 remaining=0
2026-05-10 14:21:12,207 | INFO | Heartbeat | watch=KXBTC15M-26MAY101430-30 yes_bid=24 yes_ask=25 no_bid=75 no_ask=76 book_ready=True position=False pending=False dry_run=False trust=synced run_id=701eafae-120a-4218-b788-4c52dba4504e
2026-05-10 14:21:27,300 | INFO | Mushroom v28 entry approved | market=KXBTC15M-26MAY101430-30 side=no ask=72c max_buy=79c qty=2 p_side=0.8289 edge=10.386c depth=515 btc_age_ms=0.0 secs_to_close=512.71
2026-05-10 14:21:27,337 | INFO | Execution state | market=KXBTC15M-26MAY101430-30 side=no state=eligible reason=pre_filters_disabled trust=synced run_id=701eafae-120a-4218-b788-4c52dba4504e
2026-05-10 14:21:27,338 | INFO | Live fill policy approved | market=KXBTC15M-26MAY101430-30 side=no trigger=72c tif=immediate_or_cancel limit=72c depth=515.00 required=3 book_age_ms=578.0 secs_to_close=512.71 reason=single_shot_abundant_depth
2026-05-10 14:21:27,340 | INFO | ENTRY signal | market=KXBTC15M-26MAY101430-30 action=buy side=no trigger=72c limit=72c qty=2 book_ready=True
2026-05-10 14:21:27,340 | INFO | Execution state | market=KXBTC15M-26MAY101430-30 side=no state=submitting reason=single_shot_abundant_depth trust=synced run_id=701eafae-120a-4218-b788-4c52dba4504e
2026-05-10 14:21:27,342 | INFO | Mushroom v28 BTC REST fallback refreshed stale tick | previous_age_ms=3015.0 threshold_ms=3000.0 source=coinbase_spot_rest
2026-05-10 14:21:27,349 | INFO | Heartbeat | watch=KXBTC15M-26MAY101430-30 yes_bid=27 yes_ask=29 no_bid=71 no_ask=73 book_ready=True position=False pending=False dry_run=False trust=synced run_id=701eafae-120a-4218-b788-4c52dba4504e
2026-05-10 14:21:27,431 | INFO | ENTRY immediate fill | market=KXBTC15M-26MAY101430-30 side=no qty=2 limit=72c
2026-05-10 14:21:27,433 | INFO | Execution state | market=KXBTC15M-26MAY101430-30 side=no state=filled reason=single_shot_abundant_depth trust=synced run_id=701eafae-120a-4218-b788-4c52dba4504e
2026-05-10 14:21:42,362 | INFO | Heartbeat | watch=KXBTC15M-26MAY101430-30 yes_bid=46 yes_ask=47 no_bid=53 no_ask=54 book_ready=True position=True pending=False dry_run=False trust=synced run_id=701eafae-120a-4218-b788-4c52dba4504e
2026-05-10 14:21:57,367 | INFO | Heartbeat | watch=KXBTC15M-26MAY101430-30 yes_bid=37 yes_ask=38 no_bid=62 no_ask=63 book_ready=True position=True pending=False dry_run=False trust=synced run_id=701eafae-120a-4218-b788-4c52dba4504e
2026-05-10 14:21:57,729 | INFO | EXIT signal | market=KXBTC15M-26MAY101430-30 action=sell side=no trigger=62c limit=62c qty=2 book_ready=True mode=single_shot_ioc slices=1 attempt=0
2026-05-10 14:21:57,732 | INFO | Latency | purpose=exit feed_age_ms=-8.0 local_reaction_ms=31.0 trigger_seen_at=2026-05-10T18:21:57.732420+00:00 market_msg_time=2026-05-10T18:21:57.740405Z
2026-05-10 14:21:57,732 | INFO | Exit plan approved | market=KXBTC15M-26MAY101430-30 side=no trigger=62c limit=62c top_bid=62 depth=472.76 required=2 book_age_ms=16.0 secs_to_close=482.29 reason=mushroom_v28_exit_value_over_hold_single_shot_visible_depth mode=single_shot_ioc attempt=0
2026-05-10 14:21:57,811 | INFO | EXIT fill | market=KXBTC15M-26MAY101430-30 side=no slice=1/1 qty=2 cumulative=2/2 remaining=0
2026-05-10 14:22:12,376 | INFO | Heartbeat | watch=KXBTC15M-26MAY101430-30 yes_bid=27 yes_ask=28 no_bid=72 no_ask=73 book_ready=True position=False pending=False dry_run=False trust=synced run_id=701eafae-120a-4218-b788-4c52dba4504e
2026-05-10 14:22:27,383 | INFO | Heartbeat | watch=KXBTC15M-26MAY101430-30 yes_bid=33 yes_ask=34 no_bid=66 no_ask=67 book_ready=True position=False pending=False dry_run=False trust=synced run_id=701eafae-120a-4218-b788-4c52dba4504e
2026-05-10 14:22:42,385 | INFO | Heartbeat | watch=KXBTC15M-26MAY101430-30 yes_bid=29 yes_ask=30 no_bid=70 no_ask=71 book_ready=True position=False pending=False dry_run=False trust=synced run_id=701eafae-120a-4218-b788-4c52dba4504e
2026-05-10 14:22:57,409 | INFO | Heartbeat | watch=KXBTC15M-26MAY101430-30 yes_bid=24 yes_ask=25 no_bid=75 no_ask=76 book_ready=True position=False pending=False dry_run=False trust=synced run_id=701eafae-120a-4218-b788-4c52dba4504e
2026-05-10 14:23:12,502 | INFO | Heartbeat | watch=KXBTC15M-26MAY101430-30 yes_bid=15 yes_ask=16 no_bid=84 no_ask=85 book_ready=True position=False pending=False dry_run=False trust=synced run_id=701eafae-120a-4218-b788-4c52dba4504e
2026-05-10 14:23:24,357 | INFO | Mushroom v28 entry approved | market=KXBTC15M-26MAY101430-30 side=no ask=85c max_buy=85c qty=2 p_side=0.8749 edge=2.488c depth=115 btc_age_ms=157.0 secs_to_close=395.67
2026-05-10 14:23:24,394 | INFO | Execution state | market=KXBTC15M-26MAY101430-30 side=no state=eligible reason=pre_filters_disabled trust=synced run_id=701eafae-120a-4218-b788-4c52dba4504e
2026-05-10 14:23:24,396 | INFO | Live fill policy approved | market=KXBTC15M-26MAY101430-30 side=no trigger=85c tif=immediate_or_cancel limit=85c depth=115.00 required=3 book_age_ms=625.0 secs_to_close=395.67 reason=single_shot_abundant_depth
2026-05-10 14:23:24,399 | INFO | ENTRY signal | market=KXBTC15M-26MAY101430-30 action=buy side=no trigger=85c limit=85c qty=2 book_ready=True
2026-05-10 14:23:24,400 | INFO | Execution state | market=KXBTC15M-26MAY101430-30 side=no state=submitting reason=single_shot_abundant_depth trust=synced run_id=701eafae-120a-4218-b788-4c52dba4504e
2026-05-10 14:23:24,471 | INFO | ENTRY immediate fill | market=KXBTC15M-26MAY101430-30 side=no qty=2 limit=85c
2026-05-10 14:23:24,473 | INFO | Execution state | market=KXBTC15M-26MAY101430-30 side=no state=filled reason=single_shot_abundant_depth trust=synced run_id=701eafae-120a-4218-b788-4c52dba4504e
2026-05-10 14:23:27,503 | INFO | Heartbeat | watch=KXBTC15M-26MAY101430-30 yes_bid=17 yes_ask=18 no_bid=82 no_ask=83 book_ready=True position=True pending=False dry_run=False trust=synced run_id=701eafae-120a-4218-b788-4c52dba4504e
2026-05-10 14:23:42,522 | INFO | Heartbeat | watch=KXBTC15M-26MAY101430-30 yes_bid=18 yes_ask=19 no_bid=81 no_ask=82 book_ready=True position=True pending=False dry_run=False trust=synced run_id=701eafae-120a-4218-b788-4c52dba4504e
2026-05-10 14:23:57,555 | INFO | Heartbeat | watch=KXBTC15M-26MAY101430-30 yes_bid=10 yes_ask=11 no_bid=89 no_ask=90 book_ready=True position=True pending=False dry_run=False trust=synced run_id=701eafae-120a-4218-b788-4c52dba4504e
2026-05-10 14:24:12,589 | INFO | Heartbeat | watch=KXBTC15M-26MAY101430-30 yes_bid=13 yes_ask=14 no_bid=86 no_ask=87 book_ready=True position=True pending=False dry_run=False trust=synced run_id=701eafae-120a-4218-b788-4c52dba4504e
2026-05-10 14:24:26,196 | INFO | Mushroom v28 BTC REST fallback refreshed stale tick | previous_age_ms=3031.0 threshold_ms=3000.0 source=coinbase_spot_rest
2026-05-10 14:24:27,604 | INFO | Heartbeat | watch=KXBTC15M-26MAY101430-30 yes_bid=14 yes_ask=15 no_bid=85 no_ask=86 book_ready=True position=True pending=False dry_run=False trust=synced run_id=701eafae-120a-4218-b788-4c52dba4504e
2026-05-10 14:24:35,883 | INFO | Mushroom v28 BTC REST fallback refreshed stale tick | previous_age_ms=3032.0 threshold_ms=3000.0 source=coinbase_spot_rest
2026-05-10 14:24:37,220 | INFO | Mushroom v28 entry approved | market=KXBTC15M-26MAY101430-30 side=no ask=85c max_buy=85c qty=1 p_side=0.8855 edge=3.549c depth=90 btc_age_ms=94.0 secs_to_close=322.79
2026-05-10 14:24:37,258 | INFO | Execution state | market=KXBTC15M-26MAY101430-30 side=no state=eligible reason=pre_filters_disabled trust=synced run_id=701eafae-120a-4218-b788-4c52dba4504e
2026-05-10 14:24:37,258 | INFO | Live fill policy approved | market=KXBTC15M-26MAY101430-30 side=no trigger=85c tif=immediate_or_cancel limit=85c depth=90.00 required=2 book_age_ms=500.0 secs_to_close=322.79 reason=single_shot_abundant_depth
2026-05-10 14:24:37,261 | INFO | ENTRY signal | market=KXBTC15M-26MAY101430-30 action=buy side=no trigger=85c limit=85c qty=1 book_ready=True
2026-05-10 14:24:37,261 | INFO | Execution state | market=KXBTC15M-26MAY101430-30 side=no state=submitting reason=single_shot_abundant_depth trust=synced run_id=701eafae-120a-4218-b788-4c52dba4504e
2026-05-10 14:24:37,335 | INFO | ENTRY immediate fill | market=KXBTC15M-26MAY101430-30 side=no qty=1 limit=85c
2026-05-10 14:24:37,337 | INFO | Execution state | market=KXBTC15M-26MAY101430-30 side=no state=filled reason=single_shot_abundant_depth trust=synced run_id=701eafae-120a-4218-b788-4c52dba4504e
2026-05-10 14:24:42,605 | INFO | Heartbeat | watch=KXBTC15M-26MAY101430-30 yes_bid=15 yes_ask=16 no_bid=84 no_ask=85 book_ready=True position=True pending=False dry_run=False trust=synced run_id=701eafae-120a-4218-b788-4c52dba4504e
2026-05-10 14:24:57,629 | INFO | Heartbeat | watch=KXBTC15M-26MAY101430-30 yes_bid=19 yes_ask=21 no_bid=79 no_ask=81 book_ready=True position=True pending=False dry_run=False trust=synced run_id=701eafae-120a-4218-b788-4c52dba4504e
2026-05-10 14:25:08,744 | INFO | EXIT signal | market=KXBTC15M-26MAY101430-30 action=sell side=no trigger=75c limit=75c qty=2 book_ready=True mode=single_shot_ioc slices=1 attempt=0
2026-05-10 14:25:08,752 | INFO | Latency | purpose=exit feed_age_ms=12.7 local_reaction_ms=47.0 trigger_seen_at=2026-05-10T18:25:08.752700+00:00 market_msg_time=2026-05-10T18:25:08.74Z
2026-05-10 14:25:08,754 | INFO | Exit plan approved | market=KXBTC15M-26MAY101430-30 side=no trigger=75c limit=75c top_bid=75 depth=50.00 required=2 book_age_ms=16.0 secs_to_close=291.30 reason=mushroom_v28_probability_reduce_single_shot_visible_depth mode=single_shot_ioc attempt=0
2026-05-10 14:25:08,831 | INFO | EXIT fill | market=KXBTC15M-26MAY101430-30 side=no slice=1/1 qty=2 cumulative=2/2 remaining=1
2026-05-10 14:25:08,855 | INFO | EXIT signal | market=KXBTC15M-26MAY101430-30 action=sell side=no trigger=75c limit=75c qty=1 book_ready=True mode=single_shot_ioc slices=1 attempt=0
2026-05-10 14:25:08,857 | INFO | Latency | purpose=exit feed_age_ms=117.5 local_reaction_ms=156.0 trigger_seen_at=2026-05-10T18:25:08.857525+00:00 market_msg_time=2026-05-10T18:25:08.74Z
2026-05-10 14:25:08,859 | INFO | Exit plan approved | market=KXBTC15M-26MAY101430-30 side=no trigger=75c limit=75c top_bid=75 depth=50.00 required=1 book_age_ms=125.0 secs_to_close=291.16 reason=mushroom_v28_probability_reduce_single_shot_visible_depth mode=single_shot_ioc attempt=0
2026-05-10 14:25:08,922 | INFO | EXIT fill | market=KXBTC15M-26MAY101430-30 side=no slice=1/1 qty=1 cumulative=1/1 remaining=0
2026-05-10 14:25:12,659 | INFO | Heartbeat | watch=KXBTC15M-26MAY101430-30 yes_bid=41 yes_ask=42 no_bid=58 no_ask=59 book_ready=True position=False pending=False dry_run=False trust=synced run_id=701eafae-120a-4218-b788-4c52dba4504e
2026-05-10 14:25:23,739 | INFO | Mushroom v28 entry approved | market=KXBTC15M-26MAY101430-30 side=no ask=78c max_buy=79c qty=2 p_side=0.8290 edge=4.399c depth=49 btc_age_ms=16.0 secs_to_close=276.30
2026-05-10 14:25:23,768 | INFO | Execution state | market=KXBTC15M-26MAY101430-30 side=no state=eligible reason=pre_filters_disabled trust=synced run_id=701eafae-120a-4218-b788-4c52dba4504e
2026-05-10 14:25:23,771 | INFO | Live fill policy approved | market=KXBTC15M-26MAY101430-30 side=no trigger=78c tif=immediate_or_cancel limit=78c depth=49.00 required=3 book_age_ms=16.0 secs_to_close=276.30 reason=single_shot_abundant_depth
2026-05-10 14:25:23,775 | INFO | ENTRY signal | market=KXBTC15M-26MAY101430-30 action=buy side=no trigger=78c limit=78c qty=2 book_ready=True
2026-05-10 14:25:23,775 | INFO | Execution state | market=KXBTC15M-26MAY101430-30 side=no state=submitting reason=single_shot_abundant_depth trust=synced run_id=701eafae-120a-4218-b788-4c52dba4504e
2026-05-10 14:25:23,839 | INFO | ENTRY immediate fill | market=KXBTC15M-26MAY101430-30 side=no qty=2 limit=78c
2026-05-10 14:25:23,841 | INFO | Execution state | market=KXBTC15M-26MAY101430-30 side=no state=filled reason=single_shot_abundant_depth trust=synced run_id=701eafae-120a-4218-b788-4c52dba4504e
2026-05-10 14:25:27,707 | INFO | Heartbeat | watch=KXBTC15M-26MAY101430-30 yes_bid=20 yes_ask=21 no_bid=79 no_ask=80 book_ready=True position=True pending=False dry_run=False trust=synced run_id=701eafae-120a-4218-b788-4c52dba4504e
2026-05-10 14:25:37,164 | INFO | Mushroom v28 BTC REST fallback refreshed stale tick | previous_age_ms=3046.0 threshold_ms=3000.0 source=coinbase_spot_rest
2026-05-10 14:25:42,710 | INFO | Heartbeat | watch=KXBTC15M-26MAY101430-30 yes_bid=15 yes_ask=16 no_bid=84 no_ask=85 book_ready=True position=True pending=False dry_run=False trust=synced run_id=701eafae-120a-4218-b788-4c52dba4504e
2026-05-10 14:25:57,722 | INFO | EXIT signal | market=KXBTC15M-26MAY101430-30 action=sell side=no trigger=87c limit=87c qty=2 book_ready=True mode=single_shot_ioc slices=1 attempt=0
2026-05-10 14:25:57,727 | INFO | Latency | purpose=exit feed_age_ms=135.6 local_reaction_ms=31.0 trigger_seen_at=2026-05-10T18:25:57.727647+00:00 market_msg_time=2026-05-10T18:25:57.592049Z
2026-05-10 14:25:57,727 | INFO | Exit plan approved | market=KXBTC15M-26MAY101430-30 side=no trigger=87c limit=87c top_bid=87 depth=425.00 required=2 book_age_ms=32.0 secs_to_close=242.29 reason=mushroom_v28_exit_value_over_hold_single_shot_visible_depth mode=single_shot_ioc attempt=0
2026-05-10 14:25:57,791 | INFO | EXIT fill | market=KXBTC15M-26MAY101430-30 side=no slice=1/1 qty=2 cumulative=2/2 remaining=0
2026-05-10 14:25:57,792 | INFO | Heartbeat | watch=KXBTC15M-26MAY101430-30 yes_bid=12 yes_ask=13 no_bid=87 no_ask=88 book_ready=True position=False pending=False dry_run=False trust=synced run_id=701eafae-120a-4218-b788-4c52dba4504e
2026-05-10 14:26:07,191 | INFO | Mushroom v28 entry approved | market=KXBTC15M-26MAY101430-30 side=no ask=83c max_buy=83c qty=2 p_side=0.8595 edge=2.949c depth=80 btc_age_ms=203.0 secs_to_close=232.83
2026-05-10 14:26:07,228 | INFO | Execution state | market=KXBTC15M-26MAY101430-30 side=no state=eligible reason=pre_filters_disabled trust=synced run_id=701eafae-120a-4218-b788-4c52dba4504e
2026-05-10 14:26:07,234 | INFO | Live fill policy approved | market=KXBTC15M-26MAY101430-30 side=no trigger=83c tif=immediate_or_cancel limit=83c depth=80.00 required=3 book_age_ms=453.0 secs_to_close=232.83 reason=single_shot_abundant_depth
2026-05-10 14:26:07,252 | INFO | ENTRY signal | market=KXBTC15M-26MAY101430-30 action=buy side=no trigger=83c limit=83c qty=2 book_ready=True
2026-05-10 14:26:07,256 | INFO | Execution state | market=KXBTC15M-26MAY101430-30 side=no state=submitting reason=single_shot_abundant_depth trust=synced run_id=701eafae-120a-4218-b788-4c52dba4504e
2026-05-10 14:26:07,334 | INFO | ENTRY immediate fill | market=KXBTC15M-26MAY101430-30 side=no qty=2 limit=83c
2026-05-10 14:26:07,336 | INFO | Execution state | market=KXBTC15M-26MAY101430-30 side=no state=filled reason=single_shot_abundant_depth trust=synced run_id=701eafae-120a-4218-b788-4c52dba4504e
2026-05-10 14:26:08,022 | INFO | Mushroom v28 BTC REST fallback refreshed stale tick | previous_age_ms=3031.0 threshold_ms=3000.0 source=coinbase_spot_rest
2026-05-10 14:26:08,044 | INFO | Mushroom v28 entry approved | market=KXBTC15M-26MAY101430-30 side=no ask=83c max_buy=84c qty=1 p_side=0.8756 edge=4.556c depth=90 btc_age_ms=16.0 secs_to_close=231.97
2026-05-10 14:26:08,072 | INFO | Execution state | market=KXBTC15M-26MAY101430-30 side=no state=eligible reason=pre_filters_disabled trust=synced run_id=701eafae-120a-4218-b788-4c52dba4504e
2026-05-10 14:26:08,072 | INFO | Live fill policy approved | market=KXBTC15M-26MAY101430-30 side=no trigger=83c tif=immediate_or_cancel limit=83c depth=90.00 required=2 book_age_ms=344.0 secs_to_close=231.97 reason=single_shot_abundant_depth
2026-05-10 14:26:08,076 | INFO | ENTRY signal | market=KXBTC15M-26MAY101430-30 action=buy side=no trigger=83c limit=83c qty=1 book_ready=True
2026-05-10 14:26:08,076 | INFO | Execution state | market=KXBTC15M-26MAY101430-30 side=no state=submitting reason=single_shot_abundant_depth trust=synced run_id=701eafae-120a-4218-b788-4c52dba4504e
2026-05-10 14:26:08,185 | INFO | ENTRY immediate fill | market=KXBTC15M-26MAY101430-30 side=no qty=1 limit=83c
2026-05-10 14:26:08,188 | INFO | Execution state | market=KXBTC15M-26MAY101430-30 side=no state=filled reason=single_shot_abundant_depth trust=synced run_id=701eafae-120a-4218-b788-4c52dba4504e
2026-05-10 14:26:12,789 | INFO | Heartbeat | watch=KXBTC15M-26MAY101430-30 yes_bid=16 yes_ask=17 no_bid=83 no_ask=84 book_ready=True position=True pending=False dry_run=False trust=synced run_id=701eafae-120a-4218-b788-4c52dba4504e
2026-05-10 14:26:27,802 | INFO | Heartbeat | watch=KXBTC15M-26MAY101430-30 yes_bid=12 yes_ask=13 no_bid=87 no_ask=88 book_ready=True position=True pending=False dry_run=False trust=synced run_id=701eafae-120a-4218-b788-4c52dba4504e
2026-05-10 14:26:42,817 | INFO | Heartbeat | watch=KXBTC15M-26MAY101430-30 yes_bid=10 yes_ask=12 no_bid=88 no_ask=90 book_ready=True position=True pending=False dry_run=False trust=synced run_id=701eafae-120a-4218-b788-4c52dba4504e
2026-05-10 14:26:57,846 | INFO | Heartbeat | watch=KXBTC15M-26MAY101430-30 yes_bid=10 yes_ask=11 no_bid=89 no_ask=90 book_ready=True position=True pending=False dry_run=False trust=synced run_id=701eafae-120a-4218-b788-4c52dba4504e
2026-05-10 14:27:07,715 | INFO | EXIT signal | market=KXBTC15M-26MAY101430-30 action=sell side=no trigger=89c limit=89c qty=3 book_ready=True mode=single_shot_ioc slices=1 attempt=0
2026-05-10 14:27:07,715 | INFO | Latency | purpose=exit feed_age_ms=115.0 local_reaction_ms=31.0 trigger_seen_at=2026-05-10T18:27:07.715810+00:00 market_msg_time=2026-05-10T18:27:07.600851Z
2026-05-10 14:27:07,719 | INFO | Exit plan approved | market=KXBTC15M-26MAY101430-30 side=no trigger=89c limit=89c top_bid=89 depth=203.88 required=3 book_age_ms=0.0 secs_to_close=172.30 reason=mushroom_v28_exit_value_over_hold_single_shot_visible_depth mode=single_shot_ioc attempt=0
2026-05-10 14:27:07,777 | INFO | EXIT fill | market=KXBTC15M-26MAY101430-30 side=no slice=1/1 qty=3 cumulative=3/3 remaining=0
2026-05-10 14:27:07,795 | INFO | Mushroom v28 entry approved | market=KXBTC15M-26MAY101430-30 side=yes ask=11c max_buy=11c qty=2 p_side=0.1469 edge=3.688c depth=257.88 btc_age_ms=2235.0 secs_to_close=172.22
2026-05-10 14:27:07,828 | INFO | Execution state | market=KXBTC15M-26MAY101430-30 side=yes state=eligible reason=pre_filters_disabled trust=synced run_id=701eafae-120a-4218-b788-4c52dba4504e
2026-05-10 14:27:07,829 | INFO | Execution deferred | market=KXBTC15M-26MAY101430-30 side=yes reason=exchange_position_without_local_state trigger=11 top_of_book=11 book=[11:257.88, 12:2059.05, 13:100, 14:80, 15:80] trust=synced
2026-05-10 14:27:07,829 | INFO | Execution state | market=KXBTC15M-26MAY101430-30 side=yes state=abandoned reason=exchange_position_without_local_state trust=synced run_id=701eafae-120a-4218-b788-4c52dba4504e
2026-05-10 14:27:07,843 | INFO | Mushroom v28 entry approved | market=KXBTC15M-26MAY101430-30 side=yes ask=11c max_buy=11c qty=2 p_side=0.1469 edge=3.687c depth=257.88 btc_age_ms=2282.0 secs_to_close=172.17
2026-05-10 14:27:07,876 | INFO | Execution state | market=KXBTC15M-26MAY101430-30 side=yes state=eligible reason=pre_filters_disabled trust=synced run_id=701eafae-120a-4218-b788-4c52dba4504e
2026-05-10 14:27:07,878 | INFO | Execution deferred | market=KXBTC15M-26MAY101430-30 side=yes reason=exchange_position_without_local_state trigger=11 top_of_book=11 book=[11:257.88, 12:2059.05, 13:100, 14:80, 15:80] trust=synced
2026-05-10 14:27:07,878 | INFO | Execution state | market=KXBTC15M-26MAY101430-30 side=yes state=abandoned reason=exchange_position_without_local_state trust=synced run_id=701eafae-120a-4218-b788-4c52dba4504e
2026-05-10 14:27:07,945 | INFO | Mushroom v28 entry approved | market=KXBTC15M-26MAY101430-30 side=yes ask=11c max_buy=11c qty=2 p_side=0.1468 edge=3.685c depth=257.88 btc_age_ms=2391.0 secs_to_close=172.06
2026-05-10 14:27:07,975 | INFO | Execution state | market=KXBTC15M-26MAY101430-30 side=yes state=eligible reason=pre_filters_disabled trust=synced run_id=701eafae-120a-4218-b788-4c52dba4504e
2026-05-10 14:27:07,975 | INFO | Execution deferred | market=KXBTC15M-26MAY101430-30 side=yes reason=exchange_position_without_local_state trigger=11 top_of_book=11 book=[11:257.88, 12:2059.05, 13:100, 14:80, 15:80] trust=synced
2026-05-10 14:27:07,978 | INFO | Execution state | market=KXBTC15M-26MAY101430-30 side=yes state=abandoned reason=exchange_position_without_local_state trust=synced run_id=701eafae-120a-4218-b788-4c52dba4504e
2026-05-10 14:27:08,027 | INFO | Mushroom v28 entry approved | market=KXBTC15M-26MAY101430-30 side=yes ask=11c max_buy=11c qty=2 p_side=0.1468 edge=3.683c depth=257.88 btc_age_ms=2469.0 secs_to_close=171.98
2026-05-10 14:27:08,056 | INFO | Execution state | market=KXBTC15M-26MAY101430-30 side=yes state=eligible reason=pre_filters_disabled trust=synced run_id=701eafae-120a-4218-b788-4c52dba4504e
2026-05-10 14:27:08,057 | INFO | Live fill policy approved | market=KXBTC15M-26MAY101430-30 side=yes trigger=11c tif=immediate_or_cancel limit=11c depth=257.88 required=3 book_age_ms=328.0 secs_to_close=171.98 reason=single_shot_abundant_depth
2026-05-10 14:27:08,059 | INFO | ENTRY signal | market=KXBTC15M-26MAY101430-30 action=buy side=yes trigger=11c limit=11c qty=2 book_ready=True
2026-05-10 14:27:08,059 | INFO | Execution state | market=KXBTC15M-26MAY101430-30 side=yes state=submitting reason=single_shot_abundant_depth trust=synced run_id=701eafae-120a-4218-b788-4c52dba4504e
2026-05-10 14:27:08,112 | INFO | ENTRY immediate fill | market=KXBTC15M-26MAY101430-30 side=yes qty=2 limit=11c
2026-05-10 14:27:08,113 | INFO | Execution state | market=KXBTC15M-26MAY101430-30 side=yes state=filled reason=single_shot_abundant_depth trust=synced run_id=701eafae-120a-4218-b788-4c52dba4504e
2026-05-10 14:27:08,124 | INFO | Mushroom v28 entry approved | market=KXBTC15M-26MAY101430-30 side=yes ask=11c max_buy=11c qty=1 p_side=0.1468 edge=3.681c depth=306.88 btc_age_ms=2563.0 secs_to_close=171.89
2026-05-10 14:27:08,150 | INFO | Execution state | market=KXBTC15M-26MAY101430-30 side=yes state=eligible reason=pre_filters_disabled trust=synced run_id=701eafae-120a-4218-b788-4c52dba4504e
2026-05-10 14:27:08,150 | INFO | Live fill policy approved | market=KXBTC15M-26MAY101430-30 side=yes trigger=11c tif=immediate_or_cancel limit=11c depth=306.88 required=2 book_age_ms=422.0 secs_to_close=171.89 reason=single_shot_abundant_depth
2026-05-10 14:27:08,154 | INFO | ENTRY signal | market=KXBTC15M-26MAY101430-30 action=buy side=yes trigger=11c limit=11c qty=1 book_ready=True
2026-05-10 14:27:08,156 | INFO | Execution state | market=KXBTC15M-26MAY101430-30 side=yes state=submitting reason=single_shot_abundant_depth trust=synced run_id=701eafae-120a-4218-b788-4c52dba4504e
2026-05-10 14:27:08,218 | INFO | ENTRY immediate fill | market=KXBTC15M-26MAY101430-30 side=yes qty=1 limit=11c
2026-05-10 14:27:08,220 | INFO | Execution state | market=KXBTC15M-26MAY101430-30 side=yes state=filled reason=single_shot_abundant_depth trust=synced run_id=701eafae-120a-4218-b788-4c52dba4504e
2026-05-10 14:27:09,578 | INFO | Mushroom v28 BTC REST fallback refreshed stale tick | previous_age_ms=3032.0 threshold_ms=3000.0 source=coinbase_spot_rest
2026-05-10 14:27:12,851 | INFO | Heartbeat | watch=KXBTC15M-26MAY101430-30 yes_bid=11 yes_ask=12 no_bid=88 no_ask=89 book_ready=True position=True pending=False dry_run=False trust=synced run_id=701eafae-120a-4218-b788-4c52dba4504e
2026-05-10 14:27:27,863 | INFO | Heartbeat | watch=KXBTC15M-26MAY101430-30 yes_bid=3 yes_ask=4 no_bid=96 no_ask=97 book_ready=True position=True pending=False dry_run=False trust=synced run_id=701eafae-120a-4218-b788-4c52dba4504e
2026-05-10 14:27:38,730 | INFO | EXIT signal | market=KXBTC15M-26MAY101430-30 action=sell side=yes trigger=1c limit=1c qty=3 book_ready=True mode=single_shot_ioc slices=1 attempt=0
2026-05-10 14:27:38,731 | INFO | Latency | purpose=exit feed_age_ms=216.6 local_reaction_ms=47.0 trigger_seen_at=2026-05-10T18:27:38.731620+00:00 market_msg_time=2026-05-10T18:27:38.515016Z
2026-05-10 14:27:38,732 | INFO | Exit plan approved | market=KXBTC15M-26MAY101430-30 side=yes trigger=1c limit=1c top_bid=1 depth=223.00 required=3 book_age_ms=78.0 secs_to_close=141.30 reason=mushroom_v28_probability_collapse_full_single_shot_visible_depth mode=single_shot_ioc attempt=0
2026-05-10 14:27:38,794 | INFO | EXIT fill | market=KXBTC15M-26MAY101430-30 side=yes slice=1/1 qty=3 cumulative=3/3 remaining=0
2026-05-10 14:27:42,945 | INFO | Heartbeat | watch=KXBTC15M-26MAY101430-30 yes_bid=1 yes_ask=2 no_bid=98 no_ask=99 book_ready=True position=False pending=False dry_run=False trust=synced run_id=701eafae-120a-4218-b788-4c52dba4504e
2026-05-10 14:27:53,972 | INFO | Mushroom v28 BTC REST fallback refreshed stale tick | previous_age_ms=3047.0 threshold_ms=3000.0 source=coinbase_spot_rest
2026-05-10 14:27:57,983 | INFO | Heartbeat | watch=KXBTC15M-26MAY101430-30 yes_bid=2 yes_ask=3 no_bid=97 no_ask=98 book_ready=True position=False pending=False dry_run=False trust=synced run_id=701eafae-120a-4218-b788-4c52dba4504e
2026-05-10 14:28:13,046 | INFO | Heartbeat | watch=KXBTC15M-26MAY101430-30 yes_bid=2 yes_ask=2 no_bid=98 no_ask=98 book_ready=True position=False pending=False dry_run=False trust=synced run_id=701eafae-120a-4218-b788-4c52dba4504e
2026-05-10 14:28:16,146 | INFO | Mushroom v28 BTC REST fallback refreshed stale tick | previous_age_ms=3047.0 threshold_ms=3000.0 source=coinbase_spot_rest
2026-05-10 14:28:28,063 | INFO | Heartbeat | watch=KXBTC15M-26MAY101430-30 yes_bid=0 yes_ask=1 no_bid=99 no_ask=100 book_ready=True position=False pending=False dry_run=False trust=synced run_id=701eafae-120a-4218-b788-4c52dba4504e
2026-05-10 14:28:43,093 | INFO | Heartbeat | watch=KXBTC15M-26MAY101430-30 yes_bid=0 yes_ask=1 no_bid=99 no_ask=100 book_ready=True position=False pending=False dry_run=False trust=synced run_id=701eafae-120a-4218-b788-4c52dba4504e
2026-05-10 14:28:58,137 | INFO | Heartbeat | watch=KXBTC15M-26MAY101430-30 yes_bid=0 yes_ask=0 no_bid=100 no_ask=100 book_ready=True position=False pending=False dry_run=False trust=synced run_id=701eafae-120a-4218-b788-4c52dba4504e
2026-05-10 14:29:11,087 | INFO | Mushroom v28 BTC REST fallback refreshed stale tick | previous_age_ms=3125.0 threshold_ms=3000.0 source=coinbase_spot_rest
2026-05-10 14:29:13,162 | INFO | Heartbeat | watch=KXBTC15M-26MAY101430-30 yes_bid=0 yes_ask=0 no_bid=100 no_ask=100 book_ready=True position=False pending=False dry_run=False trust=synced run_id=701eafae-120a-4218-b788-4c52dba4504e
2026-05-10 14:29:24,187 | INFO | Mushroom v28 BTC REST fallback refreshed stale tick | previous_age_ms=3046.0 threshold_ms=3000.0 source=coinbase_spot_rest
2026-05-10 14:29:28,168 | INFO | Heartbeat | watch=KXBTC15M-26MAY101430-30 yes_bid=0 yes_ask=0 no_bid=100 no_ask=100 book_ready=True position=False pending=False dry_run=False trust=synced run_id=701eafae-120a-4218-b788-4c52dba4504e
2026-05-10 14:29:42,331 | INFO | Mushroom v28 BTC REST fallback refreshed stale tick | previous_age_ms=3031.0 threshold_ms=3000.0 source=coinbase_spot_rest
2026-05-10 14:29:43,202 | INFO | Heartbeat | watch=KXBTC15M-26MAY101430-30 yes_bid=0 yes_ask=0 no_bid=100 no_ask=100 book_ready=True position=False pending=False dry_run=False trust=synced run_id=701eafae-120a-4218-b788-4c52dba4504e
2026-05-10 14:29:58,256 | INFO | Heartbeat | watch=KXBTC15M-26MAY101430-30 yes_bid=0 yes_ask=0 no_bid=100 no_ask=100 book_ready=True position=False pending=False dry_run=False trust=synced run_id=701eafae-120a-4218-b788-4c52dba4504e
2026-05-10 14:30:01,280 | INFO | Mushroom v28 BTC REST fallback refreshed stale tick | previous_age_ms=3031.0 threshold_ms=3000.0 source=coinbase_spot_rest
2026-05-10 14:30:06,735 | INFO | Mushroom v28 BTC REST fallback refreshed stale tick | previous_age_ms=3031.0 threshold_ms=3000.0 source=coinbase_spot_rest
2026-05-10 14:30:06,941 | INFO | Orderbook snapshot ready for KXBTC15M-26MAY101430-30
2026-05-10 14:30:13,291 | INFO | Heartbeat | watch=KXBTC15M-26MAY101430-30 yes_bid=0 yes_ask=100 no_bid=0 no_ask=100 book_ready=True position=False pending=False dry_run=False trust=synced run_id=701eafae-120a-4218-b788-4c52dba4504e
2026-05-10 14:30:15,264 | INFO | Mushroom v28 BTC REST fallback refreshed stale tick | previous_age_ms=3047.0 threshold_ms=3000.0 source=coinbase_spot_rest
2026-05-10 14:30:18,498 | INFO | Watching market KXBTC15M-26MAY101445-45 close_time=2026-05-10T18:45:00Z status=active strike=81354.59 run_id=701eafae-120a-4218-b788-4c52dba4504e
2026-05-10 14:30:18,596 | INFO | Mushroom v28 phi memory reward update | market=KXBTC15M-26MAY101430-30 result=no decisions=18 fills=18 labels=0 reward_delta=55.92c actual_pnl=-0.99
2026-05-10 14:30:18,759 | INFO | WS connected for KXBTC15M-26MAY101445-45
2026-05-10 14:30:18,802 | INFO | WS subscribed payload: {'type': 'subscribed', 'id': 4, 'msg': {'channel': 'ticker', 'sid': 1}}
2026-05-10 14:30:18,802 | INFO | WS subscribed payload: {'type': 'subscribed', 'id': 4, 'msg': {'channel': 'orderbook_delta', 'sid': 2}}
2026-05-10 14:30:18,804 | INFO | Orderbook snapshot ready for KXBTC15M-26MAY101445-45
2026-05-10 14:30:24,915 | INFO | Mushroom v28 BTC REST fallback refreshed stale tick | previous_age_ms=3016.0 threshold_ms=3000.0 source=coinbase_spot_rest
2026-05-10 14:30:28,318 | INFO | Heartbeat | watch=KXBTC15M-26MAY101445-45 yes_bid=51 yes_ask=52 no_bid=48 no_ask=49 book_ready=True position=False pending=False dry_run=False trust=synced run_id=701eafae-120a-4218-b788-4c52dba4504e
2026-05-10 14:30:32,102 | INFO | Mushroom v28 BTC REST fallback refreshed stale tick | previous_age_ms=3016.0 threshold_ms=3000.0 source=coinbase_spot_rest
2026-05-10 14:30:43,328 | INFO | Heartbeat | watch=KXBTC15M-26MAY101445-45 yes_bid=47 yes_ask=49 no_bid=51 no_ask=53 book_ready=True position=False pending=False dry_run=False trust=synced run_id=701eafae-120a-4218-b788-4c52dba4504e
